asset_id,grade,sales
00066844-3370-440b-bb05-59e9b25e5a5e,10,1:38.76 1:38.76 3:46 5:38.8 9:96.15 10:34.76 12:36.01 12:37.1 13:49.99 14:36 17:30.21 17:31 17:33 17:35.5 23:44.95 23:44.99 24:50 24:53 25:56 26:55 28:55
00066844-3370-440b-bb05-59e9b25e5a5e,9,3:20 3:23.52 10:24.04 14:19.29 23:16 24:25 25:12.51 25:23.02 25:23.52 27:15.53 27:24.99 31:19.51 31:25.75
000c10a0-8949-4c5d-9c27-a974b91862c3,10,4:90.04 24:62.4
000fbe97-a73f-497e-859f-dd2559639759,10,7:3.99 21:13.5 30:15.5
00147e68-0b7e-48a4-9206-25c56a3910ff,9,4:26.41 18:40 27:16.02
00157b94-60a0-4be8-957a-ea85bf72c155,9,29:50 31:59.99
0020178f-e690-4d62-94f7-7a05501fa3d0,10,10:79
0020178f-e690-4d62-94f7-7a05501fa3d0,9,15:26
0023a6eb-a078-4764-a076-7efd3c994309,9,26:15.5
003515ea-a08e-49d0-b1aa-3232aecd0384,9,24:10.5
00499bd9-1e80-4936-9d8c-6ccb2bf71434,9,22:99.99
004bd9c1-40ad-459f-9aaf-9f4c5e343bd5,9,15:104.5 31:125.99
00575ca9-4232-41ee-8cf5-22bf176a00d2,9,10:31
0077d307-8ff5-4ad1-9bb1-57d49aa5645f,10,1:28.75
0082d292-4097-4406-a734-4f78b655bf8a,10,3:47 10:111.5 11:60 18:86.99 18:89 30:60
0082d292-4097-4406-a734-4f78b655bf8a,9,3:15.02 3:20.5 3:29.99 6:22.51 6:37.82 9:27.99 15:70.69 16:35 17:22 24:24.99 25:15.53 30:15.75
00838c2b-bec1-4549-8734-31606dae6272,10,5:92.05 31:94.99
00838c2b-bec1-4549-8734-31606dae6272,9,5:18.5 22:19.4 22:19.4
00abf62b-c5d1-4531-957a-d79c4480360a,10,6:20 7:41.67
00abf62b-c5d1-4531-957a-d79c4480360a,9,20:28.88
00b5eef6-7e91-431a-a3c8-aabb94b65d7f,9,3:128.66 5:88 10:130 13:125
00baf782-fb36-4f0a-a538-87fa5da69604,10,25:1200
00baf782-fb36-4f0a-a538-87fa5da69604,9,30:355
00be416a-ecfa-483c-bd2a-15a5419777d4,10,6:47.52 17:26
00c3d011-2dc2-4e1f-a623-715821d11583,9,5:330.88
00d09f12-8dcd-4a61-a5a3-5447f7f3be39,10,12:145
00d5ef6b-85b2-4496-ac47-cc8f6e6f21fc,10,10:83
00da2377-f214-49d5-8391-f2dca7b549f7,9,9:149.99
00e04012-98f0-49dc-a7e6-055ebe8c285d,10,12:68.77
00e552c5-8462-4ee6-9e22-480d1b034c1e,10,20:103
00e552c5-8462-4ee6-9e22-480d1b034c1e,9,10:71
00e9fd7d-b69c-4d5d-825c-d29d8d930c0a,10,2:127.5 16:100
00e9fd7d-b69c-4d5d-825c-d29d8d930c0a,9,2:39.99 5:33 30:25.49 30:29.99
00f71ce0-494c-48ab-af41-954930b99b47,10,2:25 3:15.5 5:17.52 7:12.01 10:17.52 10:17.52 10:20 11:17.52 11:17.52 11:17.52 11:18.02 12:10.5 12:14.5 16:16 17:13.83 17:20 20:16 22:15.5 25:20 26:18 28:17.52 28:17.52 28:20 30:18 31:12.88 31:15
00fa92f9-c59e-4f12-984c-f9ff051660ab,10,26:39
0103d498-8cb3-4117-8824-77c82328e0ae,9,3:57.09 24:75
0109474a-8487-4cd2-bcc9-c87db3b8c222,10,10:26
010da7c2-9da0-4068-93bd-f9fd4b5cf065,10,4:47.99 6:22.5 6:40 7:59.99 11:32 11:32 14:50 15:15.7 15:49 15:59.99 16:59.99 17:59.99 18:29 18:37.5 18:40 18:43 18:44 18:46 18:59.99 19:59.99 20:35 20:42 20:47.5 20:54 20:59.99 20:64 21:59.99 22:33 22:49.98 22:59.99 23:47.99 23:59.99 23:79.97 24:59.99 25:35.88 25:41 25:52 26:59.99 28:50 28:59.99 31:39.99 31:59.99
010da7c2-9da0-4068-93bd-f9fd4b5cf065,9,1:12.52 1:18.5 1:21.28 2:50 2:54.02 3:20 4:18.53 5:24.99 6:13.52 6:18 11:20.5 11:26 13:24.99 14:24.99 15:24.95 17:21.5 17:37.02 18:21.99 18:26 19:22 19:24.99 20:24.99 21:24.99 22:20 22:22.99 22:24.99 23:18.05 23:24.99 24:13.5 24:19.99 24:24.99 24:37.33 25:22 26:22 26:24.99 26:30.11 27:19.38 27:21.5 27:22.5 27:24.99 27:43.37 28:18.61 28:24.99 29:23.5 29:31.1 30:18.5 30:26.15
010e6511-c8fb-495b-9ee6-401d99a4e80d,10,3:49
010e6511-c8fb-495b-9ee6-401d99a4e80d,9,19:45
010e6f80-ed32-4185-9d89-8c1fe8580ee5,10,12:45
011520b6-5f67-495f-821b-ede348b5e0cf,10,11:600 31:780
011d4da9-2760-440a-b2c1-c021679212e5,10,20:215
011edc3f-d32c-4cf1-bbbe-3879a3f430da,10,4:53.05 9:43.29 10:35 12:39.99 16:35 23:39.99 24:35 28:35
012ea384-dd93-474c-8f7b-ae876b916537,9,20:44.88
01300c7a-a2c1-4087-a8cc-2defdac3460d,10,2:33 4:30 5:23.5 5:26 6:14 10:28 10:29 10:30 11:22.2 11:36 11:39 12:17.5 12:22.52 12:25 12:26.01 13:25 14:25.55 16:40.89 20:22.5 21:27 25:35 26:26.89 26:28 31:42
0131f99d-8cee-4191-92c6-0436169a81f5,10,18:1525 23:1500 26:1899 27:1550
0139eb0a-bcb3-4826-8c67-2fadec9ba7aa,10,3:25 17:20 23:24.5 26:24.98 29:19.99
013b1a69-4d88-4eff-b31a-8d071bd75076,9,23:11.5
0150d9aa-6c2a-415d-89f0-3239cce02c19,10,10:40 27:99.95
0157dbc6-df05-4b7c-bdf1-5482d298dbe2,10,9:54.99
016ac536-5a7e-4782-9b9b-63658861abaf,9,28:19.99
016e4f24-e0ba-4f38-a0d9-c5212cce9ddb,10,1:17.6 3:15.5 10:9.99 10:17.52 12:12.51 15:20 21:15.65 23:12.02 23:14.5 24:14.52 26:13.5 29:15.5
017341ef-d2dc-4488-9167-24ba5e629b1c,9,24:8.52 28:39.99
017612b2-07ec-4b6a-b9ce-944674390427,10,17:18 21:17.52
017612b2-07ec-4b6a-b9ce-944674390427,9,25:15.03
0177599e-e74d-4bc2-b8e2-2ab322f2806b,10,1:15.25 3:36.02 4:15.13 5:17.52 9:30.07 10:15.52 10:24.5 11:20.62 13:18.5 19:24.99 22:17.75 23:17 24:14.23 24:18.5 28:18.5 29:27.29
0177599e-e74d-4bc2-b8e2-2ab322f2806b,9,7:15 11:16.84 12:11.5 14:12.5 24:3.25 25:15.03
01782acd-96cc-476f-a218-8ac1c08b3c2f,9,6:160.99 10:117.6 10:150 29:224.99
017c1c0a-b418-4dd6-93b1-e82db52c6be5,10,1:18 1:27 2:20.5 3:15 4:20.5 4:20.5 7:20.5 9:20 17:15.5 18:15.38 18:27 18:33 23:21.01 24:19.99 26:17.25 27:24.99 30:15.51 31:36.13
017cfe61-c51a-45e2-92f3-141e4427b5f4,9,4:14.5
019084dd-994d-4734-a0fa-48ec5b953b44,10,18:50
0193c32d-5cf7-4bae-94f0-a3754c13d1a7,10,24:347
019a868b-1955-49bc-bad7-cd5664240de1,10,17:39.99 29:35 30:25.45 31:17.52
019ac1c1-c442-48cd-840f-a770f9422f2a,10,6:1000
019ae10f-089a-4476-8ba0-25eaba2c4cf6,10,24:47
019d9bad-aacd-4ce5-a66d-e4af654908a4,10,9:29.99 21:29.99 26:26 26:27
019fb6f2-1573-44d8-a330-5d7110d9a2c5,10,29:89.99 29:90
019fb6f2-1573-44d8-a330-5d7110d9a2c5,9,5:25.49 29:35 29:36.38 29:49.99 29:65 29:80 29:80 29:80
01b3dbb9-8c2e-484b-bb92-3227ebf1dbb1,9,3:1095
01ba7a0e-b0ea-4879-a489-7f1c0389e29a,9,11:15
01be6e81-1eaa-4e40-90b8-7cfd008a66c6,10,1:47
01c1f508-c810-4ca4-902c-6a6c55e6c60f,10,9:11.19 14:47.79
01c79cf7-91fa-40fc-9de5-35c462b85c6a,10,2:62
01c961e1-63e4-41ec-a6b3-3b511db02bc7,10,2:23.5 8:22.72 16:29 16:31.99 17:20.5 19:11.8 19:15.52 19:15.52 19:31.99 20:31.99 24:29.99
01cc61bc-d983-43da-9afd-2ea682664e40,10,27:175
01cfb69d-46fa-4b07-ab77-770eb4c98061,9,26:360
01d7f5af-3f30-45ab-9203-cff539d44024,9,10:481.04
01fe0d22-e9b2-44a2-bdf1-ee89afdcfd23,9,8:57 11:74.99
020b43d8-54ff-459c-93b6-9c8bdc41fb07,10,18:8.5
020f10d6-bad8-4c67-98cb-59c2645d2b56,10,11:21.5
02137a1e-4158-4a2b-a6dd-d8758a57d66e,10,7:50 7:54 8:51.55 8:59.99 9:53.99 11:88.99 15:42 15:50 17:31 18:44.99 19:31 20:38.9 20:41 21:39.99 24:36 24:44.99 25:39.99 25:41 25:50 25:51.01 28:28 28:44.99 29:20.5 30:35 31:20.7 31:39 31:44.99 31:44.99
02137a1e-4158-4a2b-a6dd-d8758a57d66e,9,2:24.99 13:6.5 20:23.99 23:18.02 24:10.5 24:14.52 25:13.52 25:18.52 28:13.49 28:16.5 29:13 30:11.5 31:5.5 31:11.5 31:11.5 31:11.5 31:18.52
0214f438-093f-4009-815c-11d3580faed6,10,4:12.5 7:16.51 7:16.61 7:20.5 7:20.53 7:23.16 7:27 10:26.99 16:22 19:12.5 19:15.5 20:15.53 22:45.85 24:18.5 25:20.5 26:15 28:29.24 29:18.5
0214f438-093f-4009-815c-11d3580faed6,9,5:9.15 7:11.5 10:8.5 13:6.5 17:6.57 20:3.26 20:8.51 22:12
021b449f-4717-4d41-a1bf-aa5db02c26cb,9,10:49.2
021c2b5d-f293-494a-b5ed-0e6c726ab8d4,10,26:58
021c2b5d-f293-494a-b5ed-0e6c726ab8d4,9,24:18
021e5547-4798-4e6b-8f73-e73344d8b8d0,10,18:49.99
021e5547-4798-4e6b-8f73-e73344d8b8d0,9,3:20 14:27.99 19:20
02293c8e-daaf-4a57-8b5a-9a37b6d03882,10,1:1899.9 27:1725 27:1800
02293c8e-daaf-4a57-8b5a-9a37b6d03882,9,3:516 23:670
023215c0-4e99-40eb-b6e7-3a56961e063f,10,19:115 22:40 24:110
02323d75-be31-4aba-ab1a-8c577d8a9d5c,10,24:15.97
0238c04a-060e-4658-b443-7ff307e95c90,10,2:260
023e35cf-d97e-4cc5-ae84-35793601e61d,10,2:61 5:46 5:69
023e5e91-0a49-4a29-9b69-8206c0f018a3,10,12:73
023fc902-3b70-4437-b4a2-14567d734512,10,7:23.5 12:37 18:26 26:44
023fc902-3b70-4437-b4a2-14567d734512,9,28:20
02443c88-0b8e-47ef-8940-da9e4765edec,10,28:39.95
024b1f81-5272-4905-b6e0-dd791e4bf570,10,8:119.99 10:104.99 25:98.77
024b1f81-5272-4905-b6e0-dd791e4bf570,9,1:17.5 1:25 2:16.26 2:22.26 2:25.05 3:13.5 3:15.02 3:18 3:18.99 5:15 5:15 5:15.5 5:15.52 5:17.5 5:18 5:19.99 6:28.59 6:44.04 7:20.9 8:20.9 9:19.99 10:10.5 10:15.84 10:20.4 12:13.5 12:14.5 12:15.02 12:15.5 12:15.5 15:11.5 15:13.52 16:12.5 16:17.48 17:11.99 17:13.2 17:13.2 17:13.52 17:15.8 17:16.99 17:19 17:20 19:13.5 19:14.69 22:11.5 22:15 24:11.02 25:13.5 25:14.99 26:17.5 27:15.5 27:20 28:25.01 29:10.5 31:16.8
024bb6f7-e079-44d0-8460-4d2b33ce0fbb,9,31:144
024c8fc9-bfb5-46d0-bef7-2023fc1a7419,10,10:1892.89
024c8fc9-bfb5-46d0-bef7-2023fc1a7419,9,3:610 20:600 22:600
025194d7-477b-4e11-9344-6b27237a4983,10,16:405
0253d3a0-7622-4cd1-a021-839fdb03dbd2,10,5:25 10:46.8 12:24.5 17:18 19:37 24:22.5 24:22.5 28:29.99
0253d3a0-7622-4cd1-a021-839fdb03dbd2,9,2:15.52 10:21.65
0257d9c4-630b-4e3f-9152-ef62b9309ea3,9,1:1500 10:1950 26:1326
025d0839-87fc-4d72-b5a1-5210c8f1065c,9,2:800 26:546.64
025d323e-06f2-4468-9e5b-cc1ca68488ac,10,3:15 3:18 6:29.79 9:50 25:18
026fb526-00ed-4907-8977-3909035e5fa9,10,13:129.95
026fb526-00ed-4907-8977-3909035e5fa9,9,4:34.99 11:29.99 12:30 14:25 16:25 19:19.99 19:46.46 23:49.95 24:14 26:18.5 29:25 30:13
0277d89f-a8d2-45df-8860-75ce9fe275c0,10,16:17.09 21:17.54
028f6a0a-186f-48bb-9f55-7098485ff61f,10,4:29.99 12:33 16:22.5 23:28
02945218-50f6-4630-af41-419a86c8d6cc,10,21:128.5
02a70949-cbae-4b28-8cc5-b66c9fae12f0,10,8:199
02a70949-cbae-4b28-8cc5-b66c9fae12f0,9,4:24.5 7:40 10:35 12:28.47 16:30 26:33.99
02aacbf1-7afb-4ef8-8a3c-321df316131b,10,4:17.5 5:15 15:15 15:15 15:15 15:15.5 15:25 21:17.5 30:11.71
02abd5fb-6d36-470e-950a-7e89b9520d06,10,1:21 8:25.5 9:29 10:26.4 17:24.99 18:22.52 19:20.5 21:18 24:16.5 24:25.2 25:23.5 26:20 27:19.5 31:17.5
02b22066-618f-4b67-9113-d570bb2927d5,9,10:132.5
02c08f51-d76c-4aca-81f5-67c462bba310,10,1:500 6:375 8:400 10:285 21:285 23:280 25:309.99 28:300 30:309.99
02c08f51-d76c-4aca-81f5-67c462bba310,9,1:61.94 1:76.45 2:31.02 2:66.26 2:75.57 2:78.95 2:79.99 2:80 2:87.63 3:96.01 3:187.05 4:65 4:78 4:79.95 5:76.27 6:52 6:76 6:107.53 7:75 7:75.53 8:79.99 8:84.74 8:99 9:75.7 10:51.5 10:56 10:81 10:83 10:87.56 11:40 12:75 15:54.99 15:72.99 15:74.99 15:147.46 16:75 17:61 17:61 17:62 17:76 18:65.99 18:70 20:27.2 20:60 20:61 20:74.99 21:65 21:74.99 21:79.99 23:49.08 23:60 23:83.07 24:36 24:50 24:72.25 24:74.98 24:74.99 24:74.99 24:79 24:112.53 25:74.99 26:65.99 26:76 27:57 27:61 28:76 28:79.99 28:102.23 30:76.41 31:74.98 31:74.99 31:76.41 31:80 31:83
02ca7916-50d3-438f-b348-1a6bdb8e1c85,9,17:39.6
02cb167f-9abe-40dd-a643-1bee418d5245,10,29:46.67
02cc9194-4374-441e-91af-6b967160802f,10,18:116.65 20:95 23:87
02cc9194-4374-441e-91af-6b967160802f,9,6:46.45 11:39.95 23:28 28:29.99 28:31.98 28:31.99 28:35 28:35.95
02dd0428-253f-4ca8-b6a8-dac6e6172231,10,4:599.99 13:380 16:405 17:375 17:456.01
02dd0428-253f-4ca8-b6a8-dac6e6172231,9,2:90 23:88 30:120
02f0691d-ef7b-4884-9a9a-035ce2bfbc26,10,25:1450
02f0691d-ef7b-4884-9a9a-035ce2bfbc26,9,7:390.07 10:315 21:225.89
02f23419-454e-4ebe-9d0b-1cde763a10e6,10,3:372 3:384 10:274.19 24:280.85
02ffc8c1-28c2-4144-995f-b7be11f3e54c,10,15:16
0304b96e-c95e-41f8-9066-5ef94e59f8af,9,22:13.5 24:10
030770e6-2eaf-4fe1-9869-7df789a16330,10,11:276 26:285 27:301.16
030770e6-2eaf-4fe1-9869-7df789a16330,9,1:69.77 1:69.77 1:69.77 3:71 9:41.01 10:60.69 16:70 23:56 23:71.2 23:111.51 24:71.2 28:99 31:85.18
03112b7d-2379-43ab-851b-2213c8e919fa,10,3:204 5:333 25:227.5
03112b7d-2379-43ab-851b-2213c8e919fa,9,12:98 24:93.6 24:112.8 31:76 31:84
0311f908-7aed-49c7-938d-a00252e23c64,10,12:50
03176d4e-7937-48f2-bf42-bf8a2c76e274,9,7:35
0333e6c1-1965-4b3a-8b58-05177a4104d4,10,2:56.89
03496c98-5fbf-456d-bb34-ceb60e291896,10,17:14.4 27:32
034a208b-b89e-440f-8c79-4ee62b8c9a92,10,1:58.14 1:58.14 1:58.14 5:58.21 8:65.49 8:68.75 11:56 11:84.99 12:70 12:77 15:75 26:69 30:51 30:80
034a208b-b89e-440f-8c79-4ee62b8c9a92,9,2:29.99 3:25 3:26 7:29.95 12:34.99 14:21.99 16:17.5 17:21.28 17:31.95 19:33 24:37.33 25:23.52 30:20
03597bd8-423f-4f43-9368-f90d78fc5eba,9,24:22.8 29:23.5
035d0235-9d6b-4fc0-baba-6cc3947ba1da,9,10:52.8
0360af7d-04ed-4bb2-b5e3-93cb2f4edfdd,9,8:265 10:264 25:214.5
0360df18-4db7-4f79-affa-1a51350f05c0,10,27:91
036245a2-32e5-444b-b767-1b93a5ca9578,10,11:350 24:570
036f68fa-1d54-42e9-af85-4f4a87eb7ab2,10,4:55 17:44.4 21:59.95 31:54.99
036f68fa-1d54-42e9-af85-4f4a87eb7ab2,9,8:49.22 9:15.5 21:30
0374030e-d702-4200-8b61-811c8570f008,10,21:18.5
037a9db6-8c41-4f36-907c-c35d87a4f642,10,6:52.51
037ad079-dcaf-4356-9652-b3a35f51af6a,10,5:220
037ad079-dcaf-4356-9652-b3a35f51af6a,9,22:100 27:85
03902abb-01a7-48df-bfa3-8607e5ba1099,10,3:31 8:17.52 9:24.5 11:20.5 11:25
039ed836-d81c-4104-9256-200a592a2b90,10,5:133.28 6:99.99 27:63
03add419-07c3-4bf8-b2a5-a10fa28458d9,10,5:115
03b3a490-0082-47ec-bf82-ac55b247fe55,10,17:940 26:1200
03b3a490-0082-47ec-bf82-ac55b247fe55,9,2:360.72 3:412 17:504 24:390 25:381
03b4f735-b1e6-4c12-8dd6-306b8e89eca8,10,12:1900
03cf4945-59f6-4e77-9f83-c56d7f133878,10,3:160 4:125 13:190.16 16:97
03cf4945-59f6-4e77-9f83-c56d7f133878,9,2:49.69 3:33.6 8:59.5 14:55 17:31.86 17:34.8 23:34.88 31:53.08
03d44465-092a-4115-a727-452accdee7f1,9,25:281.81
03d94f0f-111d-4bbc-907b-64b7a9618117,9,30:55.79
03db4672-951a-4956-8cea-75ed81903a07,10,1:22.5 5:22.5 7:22.5 7:30 10:21.5 16:25 16:47.14 20:19.99 21:49.99 23:29.99 26:29 31:23.5
03db4672-951a-4956-8cea-75ed81903a07,9,4:8.5 6:7.5 6:12.5 6:19.93 7:7.5 14:12.5 16:12 26:9.5 27:12
03de48c3-6fbb-4322-bf6b-1a8c703d7f0b,10,3:36 24:44.95 25:20.5 25:20.5 25:22.38 30:28
03de48c3-6fbb-4322-bf6b-1a8c703d7f0b,9,25:12.5 25:14.01 25:14.01 25:15.5 25:15.5 25:15.5 25:15.51 25:16.5 28:17.99
03ecf3a7-b8d9-470b-9401-b7d576dc0aa2,10,24:1110
03ecf3a7-b8d9-470b-9401-b7d576dc0aa2,9,24:72
03eea64b-8546-4868-a377-9d056790bc84,10,9:230 12:270
03eed184-1485-4385-b15d-29d7a1b2ed8c,10,17:480
03eed184-1485-4385-b15d-29d7a1b2ed8c,9,20:250
03f1e9fa-8b6a-449a-adf4-040f06279024,10,9:29.99 28:27 31:24.99
03f8292b-0443-4394-85e8-402a18668da3,9,30:109.99
04023a18-a938-41da-bfbe-7ab8fa1025a2,10,5:272.61 7:400
04023a18-a938-41da-bfbe-7ab8fa1025a2,9,8:138.8 9:56 9:110 14:120 24:132 28:74.99
04066604-c622-4113-b2e7-592df0c945ad,10,1:32 1:100 2:16.2 2:42.5 3:45 5:44.99 5:62 16:29 16:69.99 17:35 24:53.44 28:40 30:28 31:40
040d6228-55c2-490d-9ac9-3131a0cb3932,10,5:25.44 6:29.95 11:49.31 15:29.95 17:29.95 18:27 18:29.95 18:30 19:30 20:29.95 23:26.01 25:19.87 26:35 31:30
0419174c-e503-4530-8c7f-1ada3d016bc8,10,25:164
0419eb76-35b7-4f71-adf0-6c0c0f6c4456,10,15:87 16:75
0419eb76-35b7-4f71-adf0-6c0c0f6c4456,9,15:29 15:37 16:26
042e87f2-ea3d-4521-9ee5-6104c369bdae,10,4:45 7:35 14:59 16:30 22:25 22:49.99 24:33 25:30.99 29:35
042e87f2-ea3d-4521-9ee5-6104c369bdae,9,8:15 27:18.49
0430cb42-ed1a-4a49-bad4-372a5428e329,9,3:5.5
043ee3da-e72a-4ca1-ad5e-73a1a6837e86,10,31:108.35
043fb5e2-b563-498e-99ea-a4ddc0649518,10,5:145.39 18:41
0446e4cf-6085-46ec-aa60-125d470c1c6e,10,30:60
0451b8d6-ac30-4989-8497-8838776bf056,10,23:575
04574c1d-875e-4974-8080-8079f12e5a75,10,2:202.49
04574c1d-875e-4974-8080-8079f12e5a75,9,2:58.04 3:58.04 20:72
046f75df-d6d7-4161-8f1b-18ed20859bad,10,2:60.27 12:64.99 22:79.99 27:90 29:85
046f75df-d6d7-4161-8f1b-18ed20859bad,9,2:15.02 3:20 11:74.99 13:17.5 20:19.99 24:20.5 27:13 28:26
046fbe71-848e-454f-b642-29cfeab129d1,9,30:162.5
0471336d-429b-4893-9e75-f359c2494f1f,9,5:12.51
04783641-6fd1-45a5-b408-5cf900815f3b,9,29:15
047b11d2-06ad-4bec-9597-8d51aa177616,9,5:20.18 24:26
048470ef-8988-409a-b8ec-cff8b1b6085f,10,21:173.5
04968d3b-db28-4a2d-9747-2a4ed2d8cedf,10,2:27 3:28 3:30 3:45 5:27 6:31 7:32 10:30.5 12:27 12:28 15:60 16:29
04969a1d-61ae-4ed2-b20c-41188417118d,10,4:69.99
04992690-de9a-4e12-bed1-830cf807756f,10,11:20.44
04992690-de9a-4e12-bed1-830cf807756f,9,18:20
049c76f5-9463-4ae1-8848-80b7070f3d24,10,3:13.52 7:22.5 7:30 11:17.52 11:17.52 11:19.38 11:24.99 12:18.51 13:21 16:27 20:13.52 24:15.5 31:16.01
04a09394-1e5d-4f87-9a80-18c04c32411d,10,1:385 1:390 2:375 3:380 6:444 9:315 9:425 10:427 12:410 13:395.78 14:385 14:419.99 15:390 15:401 17:400 20:350 30:415
04a21730-71e6-420e-8c61-86984563188d,10,17:41
04a7acfd-cb60-4f8a-86e6-09470c77915c,10,27:680
04b50525-a229-4516-aa69-87062682500c,10,15:179.99 25:138 27:125
04b5ee1b-e427-4c70-9b2d-90355ae386f7,9,8:15.5
04b9a372-2539-4cce-b750-c403263dd5ef,10,1:82 3:62.4 3:62.4 3:68.43 3:101 4:79.99 5:109.66 6:77.42 7:58.36 9:69.15 9:75 9:79.99 9:98 10:64.8 10:67.2 10:99.9 11:70 11:78.17 12:74.62 12:76.95 13:74 13:99.9 15:79.99 16:47.62 16:68.02 16:70 16:75 16:76.6 16:99.9 16:122.5 17:71 18:75 19:66 19:89 21:79.99 22:98.29 22:107.53 23:79.99 23:93 23:99.2 24:57.6 24:78.27 24:80 25:78.27 25:79.95 25:97 25:97 25:99 26:99.9 29:79.1 30:70 30:70 31:79 31:99.99
04b9a372-2539-4cce-b750-c403263dd5ef,9,3:28.8 10:24 10:45.99 10:54.12 19:33 24:20.4 24:59.99 25:56 25:57.36 28:48.99 30:57.36
04bcd648-8aca-4ac4-9871-dae888eb4956,9,3:13.54 17:11.19
04c15faf-f497-4fac-920a-963014a465b2,10,27:46.9
04dc96bc-3c27-4e3d-8302-5d6635cf8fe0,10,9:13.5 10:9.99 10:18.5 17:10.5 21:19.5 23:9.99
04ef6218-e73e-482c-bc4e-f2007d287623,10,5:60
04f1b864-01ea-457e-a8b9-efe40fc85370,9,5:15.51 5:16.52
04fd3ade-97f7-460f-ae54-736f7738afd5,9,3:18.5 17:14.5
04ff1a95-bb9a-487f-b80e-dc31d1a4d6f9,10,9:100
04ff1a95-bb9a-487f-b80e-dc31d1a4d6f9,9,17:19.2 31:17
0500c207-3046-4e12-9f23-48e2f1dcef8b,9,1:49
0500f999-3751-43fe-b9ce-14b103e52552,10,1:15 11:30 15:16
050b4c60-af26-4fda-bdc6-711a7278533a,10,31:132
0519bca8-fa04-4694-9bc3-d2bc70adca01,9,27:50
051c5042-5e45-4dc4-9cf5-79e3084a3142,10,12:76.09 16:117.5
0531f8f7-2587-4b54-96cb-f3f1b56d6814,10,15:167.82 16:180.45
0531f8f7-2587-4b54-96cb-f3f1b56d6814,9,3:23.05
0536e2d7-7655-42ca-808b-f1bb32c47adb,9,10:39 18:23.55
053a5772-8838-4370-9e1c-4e9a17223973,9,11:285 29:380
0543a1cd-1bc4-4a1e-9618-f0305ad86c5a,9,20:174.99
054a4c87-3bff-47f0-936f-26cada304f08,9,15:17
05508f70-0bc8-4b6e-86b8-f4444a8e61c6,10,25:56 25:60
055613a8-fac4-4a82-bc6b-7097893720a9,10,24:150.5
055613a8-fac4-4a82-bc6b-7097893720a9,9,10:25
05562fb8-3848-4eaa-8db4-716cf7bc2f8d,10,2:125 3:126 5:155.22 6:145.36 7:94 7:112.5 7:140 7:150 9:127.99 9:150 10:104.5 10:120 10:137.5 10:189.99 13:110 17:90 17:103.8 17:110 19:150 21:135 24:108 24:110 24:117.6 26:120 28:137.5 28:139.95 29:107.5 29:135 30:75 30:99.99 30:100.99 30:102.5 30:104.5 30:104.99 31:99 31:100 31:104.5 31:111.21
05562fb8-3848-4eaa-8db4-716cf7bc2f8d,9,2:57 2:67.45 3:59 3:62 4:67.45 6:53 7:51 9:56 10:49 10:50 10:60 11:51 14:50 14:50 14:50 15:50 15:55 17:52 20:52.49 20:59.99 20:93.08 21:65 23:57.99 24:61.05 25:53 25:64.26 27:50 29:56 30:65 30:106.41 31:49.2
056f415a-fcd4-4bdd-9c99-89d21d4eb4c2,10,17:31.16 24:21.03
05710112-7766-4938-9b33-529dd654b9ea,9,16:31
057469f4-8648-4796-a568-95d308621e4d,10,21:34
05768aea-c23e-4608-b0a8-fe085ac38ea8,10,13:250 24:232.5 24:237.5
05768aea-c23e-4608-b0a8-fe085ac38ea8,9,4:84.99 13:74.99 17:62 17:97.71 18:61 28:58.21
0577d537-5ed5-4844-ad1c-6d1ce5e66e2a,10,3:40.8 24:30 27:31
05882c07-20c0-4079-8f0a-19baacde1c41,10,10:127.52 30:202.91
05882c07-20c0-4079-8f0a-19baacde1c41,9,10:43 16:53 22:41 23:56 24:56
058ec227-83b7-4d47-bc7e-25dd16fb03d9,10,9:412.05
05a01c93-c93e-4b50-96d4-e9d752a6adec,10,7:80
05a42423-57b2-487a-82de-4d4e6c88ac5c,10,3:152.5
05a9d6b3-7c3d-4d7f-ac77-f60805af2440,10,1:72.99 3:24.5 3:32 5:78.99 6:45 6:60 7:46 8:41 14:64.52 17:36 22:50 28:59.55
05a9d6b3-7c3d-4d7f-ac77-f60805af2440,9,5:19.99 5:24.99 7:105 8:14.5 10:13.51 14:39.95 16:29 18:29 21:11.5 22:14 27:13.5 27:48.18 28:12
05aa0551-8c96-4bd3-a32c-0d15a5869ac6,9,3:116.44
05abdefc-9e96-42a1-8523-2ce86212f87a,9,2:290 3:174 12:165 17:94.3 19:229.99
05acd002-9fab-4b8f-bd59-1a2d46936c96,10,15:60
05afc4c9-c85a-4752-89c0-db5312b2d620,10,3:50.42 5:22.52 7:24 10:22.52 11:22.52 11:25.01 14:24.99 16:18.5 17:21.5 20:27 24:22 25:24.93 25:30 26:34.98 29:46 30:25 31:18
05b43350-6b56-40c6-adb8-11940585786c,10,18:152.5
05b43350-6b56-40c6-adb8-11940585786c,9,24:28.8
05b5f9e2-3a3a-4f3c-afe8-bfbec26a63df,10,7:845.55 23:399.99
05b5f9e2-3a3a-4f3c-afe8-bfbec26a63df,9,3:120 12:92.2
05c23f12-b8f4-41a0-830a-f77d6dc48934,10,3:22.8
05c6d360-9fa5-4c14-afcd-3af73572b0ba,10,31:157.5
05ce4940-f815-4f9c-8200-18930950ccc2,9,10:170.5 20:150 25:299.99 28:199.99
05dd5b9a-7769-4670-a091-9708fd7ecc77,10,21:21.5
05e26930-f278-44e1-acea-ec4b7f253cc7,10,13:200
05e26930-f278-44e1-acea-ec4b7f253cc7,9,12:62.5 28:59.99
05f4ca50-e72b-4272-9fc4-3980b8704075,10,26:600
05f4ca50-e72b-4272-9fc4-3980b8704075,9,24:120.5 28:149
05fc6d62-f3f4-4432-a94c-093a00e6808d,10,3:37 10:35 10:81
05fc6d62-f3f4-4432-a94c-093a00e6808d,9,8:14.37 8:15.5 8:15.5 8:15.5
0600d2ab-3acc-43ea-bbd3-5da5e5e64611,9,6:60
0616f9a4-8b69-4038-94d8-f29fcfdc2004,10,5:130 16:163.4
0616f9a4-8b69-4038-94d8-f29fcfdc2004,9,18:59.98 23:45.5
061a5f22-78c5-44b9-a18c-edcb21809335,9,6:399.99
061bd60b-a560-4a8c-abb8-b5d831d607e0,10,17:150 19:142.5
061bd60b-a560-4a8c-abb8-b5d831d607e0,9,30:115
0620c931-7f1d-4e72-8e9f-2d14eb86ec45,10,3:160.09 5:154 7:152.59 16:132.5 17:132.5 24:137.5 31:159.99
0620c931-7f1d-4e72-8e9f-2d14eb86ec45,9,14:75 17:49 31:61
062adb42-7aa6-4144-83c4-aa96b37a57e6,10,2:385.98 10:264 17:252 21:515.85 24:510 31:312 31:405
062adb42-7aa6-4144-83c4-aa96b37a57e6,9,10:88.8 14:117.1 17:108 24:127.5 25:174.99 29:145.56
063c2953-c9bb-4157-aba6-d15aab03065b,10,28:79.99
063ce19f-8fcb-4307-88ec-7b1815653d58,10,12:260
06689616-c61b-42af-9764-2c2678ff99bd,10,2:80
066b2edb-bc73-4846-b551-ea5405625268,10,23:124 30:140 30:146.69 30:182.54
066de093-ee4c-41cd-81cc-c725d78ac188,10,27:26
066de093-ee4c-41cd-81cc-c725d78ac188,9,20:14.52
067305c4-ce5d-4d6a-8c09-7741ead87764,10,3:43 3:49
067305c4-ce5d-4d6a-8c09-7741ead87764,9,3:15
06769da9-e306-4654-8d3c-602d38ae03eb,10,24:11.69
067b052a-4862-4222-adf9-d9ba8931d253,10,31:69
067b0eb7-d848-4f3e-94dd-508f952a7b4a,10,22:388.34
067b0eb7-d848-4f3e-94dd-508f952a7b4a,9,8:80 10:89.99 18:89.98
06824523-9b8e-4246-83be-5e68d8ce89f1,10,9:104.63 12:140 14:144.99 24:86.4
068c1bd6-248d-4304-9432-a4ad570c7d46,10,3:162.5 3:180 5:212.5 9:175 11:190 17:189.03 17:231 17:250 18:239.99 18:250 23:166.5 24:178.5
068c1bd6-248d-4304-9432-a4ad570c7d46,9,1:35 5:21.7 5:22 17:27.6 17:28.8 22:23.27 24:25.2 24:30 30:22.99 31:30
068d4726-594b-4b61-a305-638cfda914cf,10,17:1170
069b31af-3d7f-4660-b8fb-25c5dfc5ee93,10,13:69.99
069b31af-3d7f-4660-b8fb-25c5dfc5ee93,9,1:30.38 2:15 24:15.53
069f8f0f-7baf-4590-9c17-1fba93694843,10,3:54.17
06a5a75e-f5d8-42dd-95b9-0a76ee9f3def,10,1:400 7:339 10:395 11:399.95 13:300 14:350 14:400 18:400 19:400 21:400 22:399.99 24:385.95 24:399.95 24:400 24:425 25:400 27:400 28:400
06a5a75e-f5d8-42dd-95b9-0a76ee9f3def,9,12:234.99 19:159.99 22:174.99 28:159.99 29:149
06ab5512-6fc8-4932-8986-5f33868af250,10,24:131.49
06b462c7-f914-41f7-baea-5324c650e81e,10,14:99.99 17:126 26:86
06b462c7-f914-41f7-baea-5324c650e81e,9,3:38.4 9:49 16:44.99 21:50 25:65
06b577c1-a94e-4dd6-98c4-94b24148e578,10,3:49.99 16:85.46 22:19 22:27 23:68 31:26
06c237d3-cc39-46ba-b140-b0c4faa4c682,10,21:152.55 21:450
06c65bcc-31fe-46d0-a552-446e60e3f3eb,10,3:45.6 14:70 15:72 18:78.95 24:48 30:66.93
06dffd0d-e763-41a5-b312-0dd22cda7e0f,10,27:152.5
06dffd0d-e763-41a5-b312-0dd22cda7e0f,9,3:31
06e17226-de38-413e-952d-13e1cc69a726,10,3:144.5 6:119.99 10:130 12:135.5 20:140 24:144 28:132.5 28:139.99
06e17226-de38-413e-952d-13e1cc69a726,9,3:49.99 4:34.82 4:34.82 7:46 9:32.99 9:50 12:75 14:32 15:49.99 15:55 18:45 20:88.13 24:39.99 26:54.43 29:51 31:46
06e414a2-105a-4b74-9462-f4825ab78985,10,19:99.99
06ebcaf4-0e95-4d62-8f70-323e7dc22c4f,10,2:34.99 3:29.99 3:38 5:29.88 6:22.52 9:26 9:58.37 10:28 10:32 16:29.99 17:31.02 18:20.5 18:30 24:39.72 24:39.99
06fb420c-ca3a-4d79-a8ff-45715cdbd87f,10,25:94.99
0700f38e-9d18-4634-a9ff-e17a7e901a66,10,2:64.99 12:60
070e0512-0e90-4a5d-bf43-e6382f081b98,10,24:15.38
071e2be7-c3ad-42ee-875f-745eef236539,10,5:57 7:47 16:37 22:31.02
072624f8-c1c8-45c6-8601-3c2ae2dfff16,10,17:988.58
072b1671-cb36-43fe-84cd-32abfef037f7,9,17:46
072bf6e5-748a-470a-bf09-08317c4b95f0,10,17:100
072bf6e5-748a-470a-bf09-08317c4b95f0,9,24:24.99
073049b5-0f26-4154-a9fa-a10d1a79b29f,10,14:108.5 26:145.5
073049b5-0f26-4154-a9fa-a10d1a79b29f,9,5:58.99 6:36 7:37 8:32.87 11:69.01 12:115 16:40 18:40 20:48 20:58.96 24:25.2 25:32 31:49.95
0731dedb-fdb1-40ab-af57-ae059fb3bf6c,10,3:26 10:40 22:37 24:31
0731dedb-fdb1-40ab-af57-ae059fb3bf6c,9,5:15 7:18.95 23:9.99
073401c9-5607-47d6-91b4-8a71226da908,10,3:20.4
0738e78c-f96c-4d0a-a77f-2329e7a69948,10,17:51.5
0738e78c-f96c-4d0a-a77f-2329e7a69948,9,10:20.5
073a1d3a-093a-477b-93d0-9c1b3d5885c2,10,31:662
073cfb70-a60c-4ce8-8e14-0fc56071e718,10,4:60 28:79.99
073f305b-7669-47aa-86b7-f6169e83a5e7,10,10:125 24:138
073f305b-7669-47aa-86b7-f6169e83a5e7,9,12:26.5
075be9fc-680f-4e2b-bfab-fd0aa3d5f00a,10,14:249.95
076af44a-ab6c-42af-b8ea-ea7eeabe53a8,10,24:300 24:340
076c4874-beb0-4c0a-ad52-783f3dc06da3,10,2:111.5 10:101.25 17:145 18:170
0773e761-9268-4448-8bd0-21d6cd585f26,10,31:300
077425e5-c839-494d-97cf-540ff705329f,9,18:39
0784496e-b344-4954-b693-f845a3f5bc05,10,18:149.99
0785fd91-21cf-4e8e-93e1-33ca0edda982,10,10:62
0785fd91-21cf-4e8e-93e1-33ca0edda982,9,24:20.4 25:36.01
078f2880-2ab7-4f34-afd3-30f24f9a76d4,10,3:342.16 3:360 3:360.15 6:357.42 9:317.49 10:439.52 14:277.75 16:370 17:355 23:598 24:380 24:432 24:432 25:398.99 27:375 27:486.4 31:353
078f2880-2ab7-4f34-afd3-30f24f9a76d4,9,1:98 2:139.26 4:155 11:150 18:249.69 24:114.91 24:117.5 24:167.08 27:189.88 30:233.35 31:126
07942e5a-5349-43c4-9a97-41386d992d92,10,30:45
07a1dc59-6d5d-43bf-abed-1f16b869bc4e,10,4:760 7:770
07a1dc59-6d5d-43bf-abed-1f16b869bc4e,9,7:295 10:174 17:190 24:177.5 24:181.83
07a24ba2-bec2-411e-9c91-5154577156cd,10,16:511
07a69f1c-533d-4c8d-b385-a85d9c0e21fd,10,6:200
07a6f936-0891-4202-8eac-7658d8dfaa88,10,3:135 26:200
07a6f936-0891-4202-8eac-7658d8dfaa88,9,2:24.99 8:46.78 12:31 19:21 28:36 30:25.25 30:32.39
07ac31b8-6310-4a91-8016-1e44dab4c397,9,1:25.5
07b565b9-c28f-4ea0-b595-234bf7272c3a,10,3:35
07b72351-5602-42a4-8dcf-0be4a1bc4f75,10,5:80
07bd4146-8d53-45c6-82f6-048e943c9cc5,10,10:5880
07cc8354-d39d-4179-9931-22ebdf67908f,9,16:31.35
07d691f5-d612-48ff-90ad-7c5e5c104e8e,10,6:425
07d691f5-d612-48ff-90ad-7c5e5c104e8e,9,21:276.77
07d8f6bf-f492-47be-9c8e-f81a65ab4750,9,10:74.99 30:39
07dcdb69-2d81-4535-88cf-041cb41e5167,10,2:41
07dcdb69-2d81-4535-88cf-041cb41e5167,9,6:15.52 10:8.5 16:16.99
07e32046-5637-4feb-b95b-9797f3a77510,10,10:372.81 13:500
07e34fee-efb7-4453-b09b-67047f59ac1d,10,21:161.08
07ebd19f-78f2-4fa6-922a-5a354f59564f,10,5:46.57 8:45 8:48 26:39.05
07ebd19f-78f2-4fa6-922a-5a354f59564f,9,16:36.25 24:15.6 26:18.04
07fd964a-5522-4a26-9c8b-68cd3623c1f6,10,7:59 26:51
07fd964a-5522-4a26-9c8b-68cd3623c1f6,9,5:18.24
080b986f-3f1e-4859-8c4b-5ed825b13cd6,10,27:53
081321d8-5b33-48de-b73d-cc606b62d5c8,10,5:300
081321d8-5b33-48de-b73d-cc606b62d5c8,9,9:41 25:47
08171e48-5eeb-4620-bd74-f0f5af54fba2,10,31:348
081a3bc5-bbb7-44fc-9c63-c76a75666514,10,17:329.64
0821c245-2162-488e-a393-a5d4b607a72e,9,13:95
0823bca8-ad6b-4a0a-8589-32c3266dad39,10,17:56
08317971-6c13-474d-927c-3bce3fb335bf,9,17:49.2
0835327b-a851-4d10-b048-0ca7f8aa4175,9,3:31 3:36.02 3:39 7:49.5 10:35.1 13:49.99 14:46.5 16:56 17:31 17:37.2 28:45 31:37.2
0835f559-4800-4ef0-a780-6754f0a9287c,9,17:26
083ba954-7381-44ea-a26a-ee15a243a52d,10,1:87
0846145c-eff0-4b2d-a2da-961c5fa011d2,9,27:150
0848bab4-cc05-413f-bee7-3058eb714d9f,10,16:39
084df631-671d-4821-a5d8-2796bb9594da,10,3:33 3:50 5:41.09 6:31.02 6:36.93 6:38 8:50.5 9:29 9:41.17 10:35 11:33.51 11:39 11:39.99 12:35 12:40.39 13:29 14:40.71 18:30 19:26.99 20:35 20:41 22:35 22:46.99 23:26.99 23:35 23:36 23:37 24:26.4 24:28.8 24:35 24:36 25:40 26:30 26:39 26:49.41 28:49.41 30:30 30:34
084df631-671d-4821-a5d8-2796bb9594da,9,28:23.99
085e25ca-b1fc-472a-b6a7-177cf38709a2,10,31:265
085e25ca-b1fc-472a-b6a7-177cf38709a2,9,31:64.99
08644843-6146-4be2-9ba8-4143210834f6,10,7:95 8:102.6 24:72 24:79 25:199.99
086f3121-4ee3-494d-a318-b8fe62327154,10,6:35
08775b1c-ac0d-49d5-9d16-d6279abb0a25,9,1:50.88 11:16.5 24:115
0879d914-1c19-4398-b204-260511e10c77,10,19:950
0879d914-1c19-4398-b204-260511e10c77,9,6:255 18:305
0884098a-5970-4796-85f6-55e25dd1073b,10,1:775.22
08923ac3-289f-4320-8402-1beabfd105a5,9,22:17.5
089473e5-a5b6-403c-96f9-7fec447624be,10,10:301 10:377 23:349.95 31:270.5
089473e5-a5b6-403c-96f9-7fec447624be,9,8:71 10:57.94 14:54 15:60 16:60 16:70 22:65 23:70 24:51 27:68.37 30:54.63 31:57.5 31:59.99
08984fe5-ebba-44de-9a82-85cb1e202096,9,3:53 3:63 3:67 4:60 7:60 10:72 10:86 13:45 17:81 18:90 19:100 20:81 23:149.99 24:76.8 24:76.8 25:59.88 27:71 29:181.94 30:99.99 31:67.2
08b333e5-f41f-41b2-a065-f712424dc191,10,24:53
08be5ae7-992e-45c9-930e-b478bef42176,10,30:164.5
08c4166c-e0c4-4a99-99aa-ac159edcdb7c,10,1:34.89 4:35 4:35
08d46163-0e2c-41e0-aa69-8d551d1e1163,10,3:52
08d46163-0e2c-41e0-aa69-8d551d1e1163,9,2:10.5
08eb9864-2302-4114-a1f1-807a562e6bc2,10,10:86.4
08ee47e5-9a75-4280-82e7-ca543cbe95d8,9,20:27
08f86438-ecf9-4f6f-9392-93ec81ed1da5,10,2:175 3:102.53
08fb14be-1dbf-44fc-884f-8c282166ebb3,10,10:26 27:35 30:29.99
08fc5b30-a58b-4deb-90e2-7a3aecbd0435,10,6:185 17:112.8 26:140 28:129.99
08fc5b30-a58b-4deb-90e2-7a3aecbd0435,9,2:26.02 13:50 15:88.38 17:49.99 18:26.02 23:47
0903701f-a5aa-4fe2-986b-ad5af735b130,10,27:135.5
09281da9-1d0d-4eff-b596-26bf44dbc3e4,9,5:27
0928d999-1898-449b-ac98-9679872e3c2b,10,3:26.4
092b3c93-1047-42a2-87d5-c2f525e44a61,10,10:5.5 11:4.25 11:4.82
093453bf-027a-4699-990a-359265efd832,10,1:42.64 1:70 3:44 11:20.5 18:40 25:34
0946815f-451c-489d-8367-8c599ffd38ae,10,2:17.52 2:24.01 3:18.25 3:19.5 3:20 5:19 5:24.99 10:13.2 10:15.6 10:16.8 11:17.52 16:16.5 16:19.5 17:14.4 17:14.4 17:15 18:14.5 23:17 23:17.52 23:19.5 23:20.5 23:21.09 24:15 24:16.8 24:17.5 25:17.5 25:20 28:26.95 29:16.5 31:14.75 31:18.5 31:26.4 31:27.6
0948fe81-56ee-4687-a439-2259e156baca,10,16:202.5
09498bff-c721-4c3e-ad6d-38741a6ab66d,9,20:1277
09559601-755f-4692-9650-a8b6fc26a7a7,10,8:50
09621495-12c1-41b7-bb0f-1a51adef7e86,10,30:51
096bfcff-59a6-4007-987e-8f5a144bc5a7,10,18:405 31:468
096c39e0-ad08-4449-aec7-afff73261f47,10,10:70 24:96
0970c69e-9d61-4194-b251-c459d1e94a18,10,12:89 29:59.99 31:43.2
0970ff5b-bf5f-4d4a-9fbf-0eb0b5c6e4a0,9,15:34
097a9132-f834-428a-ab5e-939fc6cd8bbb,10,8:209.19 18:300
097a9132-f834-428a-ab5e-939fc6cd8bbb,9,2:46 3:40.8 3:46.8 6:40 6:62 10:39.6 12:40 15:55 17:37.2 17:38.4 19:40 19:42.63 20:52 20:52.99 20:53.05 21:52.99 21:77.68 22:30 22:52.99 22:76.44 23:46.77 25:32 26:50 29:52.99 31:46.77
097db806-99d6-46ba-8ac7-03429a23bce0,9,1:99.99
0984fe73-c4db-4087-b319-8799393c0aee,9,1:99 4:69
098a6740-b97a-4cf9-890c-0ead01b17ac3,9,5:75.02 17:137.75
098f0fcf-36c3-4625-a93a-431e13d3da57,10,10:260
09921a70-9c87-43a6-ba5f-ac1dc6f8e3e3,10,6:85 8:79
09921a70-9c87-43a6-ba5f-ac1dc6f8e3e3,9,10:20.5 19:20.5 31:21
09a21f51-dcd2-4977-bc3e-3fe43dc7d1db,10,4:55 24:26.4 27:30.99
09a379e6-0708-4495-b48f-75ab1b2c42fc,9,6:299.99
09a812ac-20f6-4bb0-bc61-785e2c443f50,10,3:32
09b06044-0ebb-4823-8d5d-355ff598514a,9,18:28
09bbf150-ad38-4200-93d0-ba2c2bd35d6d,9,28:112.5
09c75a46-888d-461c-87c5-f5949cb893b5,10,10:96 23:100
09c75a46-888d-461c-87c5-f5949cb893b5,9,20:139.99 29:125
09cee0f6-4040-4495-b150-287c0e67206a,9,3:17.4 9:29.9 18:18.5 29:20
09d34bc8-773b-46ce-8d85-261667e420f6,10,2:65 3:70 3:81 4:88 10:53 10:75 10:80.49 12:95.08 13:99.95 14:85 15:71 17:66 20:80 24:44 24:60 24:69.99 24:103.56 26:63 26:64.99 28:69.99 29:64.99 30:60 30:69.99 31:50
09d34bc8-773b-46ce-8d85-261667e420f6,9,2:24 3:15.5 3:19.5 3:25 3:40 4:20 4:24.95 4:26 5:24.95 5:40 6:20.5 6:25 6:30 7:13.5 7:16.01 9:20 9:26.99 9:31.27 10:20 10:24 11:20 11:20 11:24.28 11:24.74 11:24.74 11:24.95 11:32.48 11:38.48 12:13.53 12:18 12:20 12:20.5 12:23.5 12:23.5 12:24.28 12:26 12:26.99 13:9.99 14:20 14:24.28 14:32.26 16:15.5 17:11.5 17:14.4 17:16.8 17:17.5 17:21.6 18:15 18:16.5 18:33 19:12.5 19:18.5 19:29.99 20:26 21:19.99 21:60.25 23:8.51 24:18 24:18 24:20.5 24:24.99 24:30 25:11 25:14.5 25:23.5 26:16.51 26:19.99 27:13.5 27:24.99 27:25 28:20 28:22.8 28:23.72 28:30 29:17.01 29:19.95 29:22.99 30:15 30:23.99 31:11 31:15 31:24.99
09d89c8b-7c2d-4bea-8ffe-26e259de74cc,10,1:52 2:45 3:55 7:75 11:62 20:74.99 30:55
09d89c8b-7c2d-4bea-8ffe-26e259de74cc,9,6:26.99 8:27 10:32.4 11:24 12:20.52 13:24.59 14:14.5 21:30 24:18.5 24:42.15 24:83.54 25:20.5 25:20.51 25:21.5 27:24.5 30:20.02
09dfd1bd-c2f2-4324-a364-dd38e63e603d,10,17:169
09eeb532-e292-46cb-af8a-92929999bd90,10,4:59.99
09f9686c-bb6d-459d-9e9b-a433dcfc7409,9,31:42
09ff5c44-52b1-4a3b-b756-7c6e87d446da,10,16:81.97
0a0b67b0-cf0f-4d99-9f28-f0934f070ab3,10,24:407 24:420
0a0b67b0-cf0f-4d99-9f28-f0934f070ab3,9,10:119.5
0a136f6f-48df-48da-bc8a-fcc4fbe51e71,10,4:89.88
0a136f6f-48df-48da-bc8a-fcc4fbe51e71,9,7:40
0a2952a0-9c87-48b8-892a-49eeff738ba2,10,11:22.52 13:19.5 15:17.52 15:20.5 15:20.5 17:10.26 18:20.5 22:15.5 22:17.52 25:30.8
0a2952a0-9c87-48b8-892a-49eeff738ba2,9,9:11.49 13:12.5
0a38681b-6750-4f9c-9484-654c9a26d1f9,9,1:311
0a398f69-b58a-4bd9-ba76-64b7f2fb76ee,10,17:56 20:49 28:45
0a398f69-b58a-4bd9-ba76-64b7f2fb76ee,9,2:31.99 16:29.95 22:23 30:29.98
0a447985-c630-4dba-b77f-ef3af93a2159,10,7:35
0a50d24d-55fc-44cb-983f-fba84915df9b,10,16:20.9
0a5d4830-2b66-40f1-9f96-a49430f6df25,10,2:49 2:60 2:117.5 3:39 5:38 6:38 7:38.1 8:43 9:49.95 10:33 12:33 16:41 17:41 18:41 25:49.95 26:49.95 27:52 28:40.01 31:46
0a5d4830-2b66-40f1-9f96-a49430f6df25,9,11:17.5
0a646e83-7bd2-4883-8473-979acdf5afee,10,10:132 19:120 21:84.99
0a646e83-7bd2-4883-8473-979acdf5afee,9,16:44 21:19.38 21:21.7
0a650c50-65b0-4d42-8e4f-d4470f85c193,10,12:59
0a650c50-65b0-4d42-8e4f-d4470f85c193,9,18:30 24:15.97 25:30
0a7433e6-d061-4606-a652-c65d10e8736f,10,5:26 5:38.99 6:22.52 7:33 9:45 10:26 11:19.59 11:22.52 11:26 16:25.47 18:20.36 19:20 22:22.52 24:22.52 24:26 29:20 29:56 31:20 31:29.99
0a766887-b35e-4e12-9614-f45e395ae4f9,10,24:55.2
0a805e7e-01ff-4ad9-b0c6-018a73e2708e,10,24:49.99
0a890422-f8e1-42ac-ba5d-0e0884f4564c,10,31:115
0a9110ed-928f-43f1-8321-a549006d2921,10,15:25
0a9740da-38db-4d31-9a2c-e17e971a9d81,10,3:78.53 3:126 26:129.99 28:129.99
0a9740da-38db-4d31-9a2c-e17e971a9d81,9,10:23.52 10:26.11
0aa5718e-b722-47a7-a4dd-e70e98adb34a,10,10:225 15:167.5
0aa8b3cc-d579-4bdc-afae-281f4e5bbd84,10,30:39.99
0ab1ff41-1edf-4441-842b-6a82f5bea654,10,25:240
0ac5279e-eb2a-44c5-91df-0884f29aa275,10,17:595
0ac5279e-eb2a-44c5-91df-0884f29aa275,9,1:285.4 10:206.5 15:247.99 21:269.69 24:149.99 26:188.5 30:155 31:215
0ad13622-be4d-4769-b549-ce83f1a35393,10,9:24.99 20:22.05 24:40 30:69.95
0ad13622-be4d-4769-b549-ce83f1a35393,9,2:11.52 4:10.19 4:15.5 12:12.5 12:19.99 16:17 20:11.52 30:10.49
0ad369ec-ca38-47d1-9086-ec803a31a4c8,10,12:169.99 15:199.99 24:100 25:122.5 29:99.99
0ad3f721-91c4-440e-b1b6-9b5dad67cb62,10,2:12.51
0ad94292-88c3-4b30-aa80-608fc6efd72d,10,11:23.5 16:31 16:31.04 17:31 19:99.99 25:41.99 27:65
0ad94292-88c3-4b30-aa80-608fc6efd72d,9,2:67.68 6:20.61 7:30.97 10:17.44 10:18 11:16.19 11:20 14:19.95 16:18.52 17:19.95 17:27 17:27.88 18:19.95 18:21.69 20:19.99 20:30 21:15 21:27 22:19.95 23:13.5 23:19.95 23:49.99 24:34.99 25:19.82 25:21.42 25:22 25:22.5 29:19.95 31:20.4
0ae3f561-f101-4142-b252-ef1a42d2dfc3,10,14:380 25:188.02
0ae5d19a-20b7-4eff-9d8c-c956a3ff545f,9,5:270.88
0ae645d1-3327-42f2-9c84-cacd7db181ea,10,8:130.5 11:177.5
0ae645d1-3327-42f2-9c84-cacd7db181ea,9,22:14.01
0aeaa1ff-8a10-48c9-9cb5-1f409cb12ea9,10,17:192
0aef3ca3-38c5-4590-af56-c0f587bf1aa6,9,9:107.5
0af878c3-f215-4dcb-82ac-3b372ef07f97,9,4:100
0afb8d53-28e3-4a1b-a011-4000e61d9f97,10,5:60 17:78 19:65 31:51
0afd22ea-dc74-438f-9263-993723a3b5db,9,27:20.51
0b051c65-2f25-4662-b365-5c1e305ffac5,10,11:510 13:325 24:640
0b051c65-2f25-4662-b365-5c1e305ffac5,9,5:189.5 7:299.99 14:237.67 17:250 20:199 29:278.72 30:151
0b053249-7198-4ee2-bb88-74d4a2132172,10,3:186.09 6:200 18:179 21:175 21:185 22:174.99 24:180 29:196.87
0b0afd11-b04f-4a59-8bd3-481f827e7610,10,2:38 4:40.89 14:31 19:45 25:37 28:35 29:59.99
0b0afd11-b04f-4a59-8bd3-481f827e7610,9,2:15.02 16:21.99 18:15 22:25 27:20.99 31:25
0b0ba871-84ec-4086-8b5c-2a870187b555,10,1:65.89 14:50
0b1d98d7-a8b7-4c49-8108-265f96f8d6a1,9,17:1000 24:870.19
0b1e90b6-f8f5-4d64-8410-666922fc3a54,10,29:66
0b33fa90-171c-4e56-8552-59ea0a652ce4,9,10:49.99 25:18
0b471b52-ee47-40d5-b11c-02f535b273ac,10,1:23 3:14.52 3:25 4:28 5:22 5:24.99 5:26 7:24 7:25 9:21.5 10:23 10:32 11:20.5 11:22.5 11:23.5 14:25.5 16:74.99 17:19.75 17:27 17:30 18:23 18:29.95 20:19.99 20:22.5 21:24.5 23:19.82 23:23.5 24:17 24:17.52 24:18 24:26.99 24:36 25:18 25:18 25:18 26:30 28:15.5 28:27.99 28:36 29:29.95 30:15 31:24 31:25
0b471b52-ee47-40d5-b11c-02f535b273ac,9,2:15.52 6:16.51 7:15.03 10:15.5 11:15.02 11:15.52 14:10 14:12.5 22:19.99 25:12 25:17.99 26:14.99 28:18.27
0b4bb4ee-fdad-496b-8ba0-046b0999effd,10,2:47.28 3:34.99 3:40 5:31.06 5:36.3 6:29 11:30 12:27.01 12:32 12:40 13:39.99 13:45 17:31 20:39 20:39.99 24:35 27:45.18 29:39.99
0b4c6d24-be07-42d6-b12d-c565bd6141a9,10,10:95
0b4cc2f9-0573-4ad9-852e-7a130687cff8,10,4:225 8:323.16 21:355 24:177.5
0b4e2f83-90eb-4525-a505-362e0565e44b,10,9:16.99 11:16.99 13:17.5 16:23.5 23:25 28:32.42
0b4e2f83-90eb-4525-a505-362e0565e44b,9,15:20
0b53f418-edae-4eb5-afed-fc129a55af73,10,11:65 19:45
0b586f6a-6828-4084-ac36-c3992ef582dd,10,3:384 20:429
0b629370-958c-430a-8fe3-741590dc8408,10,5:379.98 9:369 15:355 27:305 27:315 30:350
0b67a24f-6759-4f51-ab61-501748d951f4,9,10:305 30:500
0b7217fe-fd57-4442-b3de-b675fe91a92c,10,10:97.86 31:55.2
0b7217fe-fd57-4442-b3de-b675fe91a92c,9,6:60 31:37.2
0b8006bd-dffa-4ae8-9045-1e882def2ec3,10,1:12.5 1:12.5 3:17.52 5:17.52 5:17.52 10:19.99 18:11.02 19:12.5 19:12.5 29:17.52
0b90ea98-cac8-46f3-8dd9-2c268c7092d5,10,17:690 17:825.75
0b90ea98-cac8-46f3-8dd9-2c268c7092d5,9,9:135 12:109.48 17:93.51 26:83
0bad2529-1cca-443e-9824-55507dce4326,9,7:41
0bb190f6-5f22-4b5a-a183-e88cf0f11ac9,10,9:39.69
0bbca4f3-9675-4176-872d-8494629ee9ad,10,10:153.3
0bc725e0-97ce-4183-9156-db9fed5f8ea5,9,3:75
0bcf4390-0df3-43eb-862d-c9d533d9d267,10,3:45 15:22.52 15:24.99 20:29.99 23:21.5 25:21.5 30:24.95
0bd854c3-280a-4b7b-8ff5-614b2d9ab944,10,3:56 14:95.59 17:52.02 26:85 29:60
0bd854c3-280a-4b7b-8ff5-614b2d9ab944,9,5:26.99 15:19.99 15:41.24 20:23.99 23:25 24:24.99 25:22
0bdaf895-a329-48a7-8626-0aa95db31a15,10,3:1890 10:1890 17:2010 24:1950 31:1899.99
0bdaf895-a329-48a7-8626-0aa95db31a15,9,3:1300 30:1150
0bdca649-5b12-4e2d-b61f-7d5cef4004d8,10,1:157.5 17:166.56
0bdca649-5b12-4e2d-b61f-7d5cef4004d8,9,10:49.2
0be3706e-6590-4b9f-9628-3dfd08283ae8,10,8:60
0beb7342-6bc8-442c-9183-8cbf92e14a5a,10,5:56.03 5:56.04
0bf89a84-0af8-464d-a0bb-03867f6c9001,10,15:30
0c011b12-8f1c-43ae-ac62-34a8eaf106d1,9,5:167.5 8:124.26 10:110.4 17:90 17:110.5 17:132 23:100 26:314.99 31:94
0c028393-2f81-4317-9bb6-edb56123fa41,10,26:63
0c028393-2f81-4317-9bb6-edb56123fa41,9,9:9.99
0c0d0f9e-ae3e-4a16-8bdc-0033a63ed8f2,9,11:60 24:25.2 29:28
0c10f252-6a98-4970-ba39-aeaf4af27cd2,10,1:60 3:76 3:83 3:114.5 10:66 18:59 24:64.8 30:75
0c184b22-1ec8-4616-aa5c-1904b704246f,10,3:860 8:800 16:670 20:974.99 24:899.99 25:760
0c184b22-1ec8-4616-aa5c-1904b704246f,9,1:235 16:147.5 19:599 23:250 24:300 27:180 28:315 28:339.99
0c1fb8bb-f569-43ef-9411-c406253a8e46,10,7:85 8:85 10:87 14:72 19:88 22:84.99
0c348ed1-11e3-427c-abdd-b7992eae973f,9,4:190.5
0c37f0d7-7da1-4006-ac23-4037aee83371,10,12:143.5
0c4ba492-2963-4216-9edf-20be59e1b852,10,29:76.77
0c4caf52-8847-40cd-ac10-cc2c96743202,10,18:4750 24:4750
0c4caf52-8847-40cd-ac10-cc2c96743202,9,3:1101 20:1200
0c5330dc-2f66-403d-9edc-c72951d26bb1,9,2:316.01 3:262.9
0c59e1c5-891d-4904-9b3b-09b1122bb4fa,10,2:15.5 3:18.52 3:21 3:21.6 3:21.6 4:19.5 5:20 5:23.99 7:23.99 10:15.6 11:20.5 12:15.5 12:20.5 15:15 15:15 15:15.5 15:16.5 15:17.5 15:19.5 15:22.52 17:14.4 17:15.6 18:20 19:24.99 20:15.5 20:30 22:29.59 23:16.75 24:18.52 24:20 24:21.6 24:21.6 24:21.6 26:18.52 27:18 27:26 27:27 27:30 28:18 28:18.52 31:24
0c59e1c5-891d-4904-9b3b-09b1122bb4fa,9,24:10.5 24:12 24:12 24:12 24:12 24:12 28:10 28:19.5 30:7.5 30:13.84 31:14.4
0c5aae22-bc56-41c6-bfd8-cfb00bc84c3e,9,25:115
0c60cb07-fbe7-4afb-a394-529a9c01da1b,9,3:450 10:336 10:376.56 11:499 20:499.99 30:413.75
0c6398f9-227f-41be-bf04-553769fa89ad,10,5:61
0c6398f9-227f-41be-bf04-553769fa89ad,9,5:17.5
0c6494b2-5ccf-4bae-a240-57f7d27092fd,10,3:90 15:38 17:39
0c68af45-98c6-4129-8d5d-18a63531b204,10,17:299
0c6e9f6e-fa40-43b4-aa41-f7586c409ee1,9,9:341 12:450 30:500
0c79e74a-3b8d-4f9a-ac1e-7a1f2fb98454,10,1:249.99 5:174.5 10:120 15:199 18:105.5 18:144.5 21:212.5 24:200 26:274.69 29:202.5
0c8aae4e-c483-4af6-b067-6f343879b812,10,24:108
0c9a2172-3bd4-4730-b288-51e9aa888ee7,10,3:25.2 9:36.08 10:25.2 10:31.2 18:31 21:44 30:26
0ca1eae6-fbce-429c-98e5-690e70f44405,10,10:26
0ca60c3b-6243-4dd4-aed9-fa2403309c91,9,27:25
0cab76cd-ecc5-408a-bc03-7cc2266b4b4e,10,10:37 15:34.33 19:30 20:18.52 23:22.52 28:16.5 28:24.99 29:22.5
0cb6f15a-ce61-4b64-acb8-0dec444816fa,10,9:29.99
0cb79a2c-c810-4402-b7cf-e52d1b23746e,10,10:1166.52 12:1050 13:1070.01 14:1100 24:1200 24:1200 28:975
0cb79a2c-c810-4402-b7cf-e52d1b23746e,9,4:600.28
0cb8696b-ec69-4840-a591-639d94d5da07,10,3:74.4 31:69
0cc3e0fa-aeac-4480-98d5-e1dc9bb69130,10,3:20.4
0cc5ce41-7151-4727-b09c-a0594604e6cb,10,1:35.96 9:28 14:39.99 24:30 31:32.4
0cc5ce41-7151-4727-b09c-a0594604e6cb,9,5:19.39 5:21.93 11:14 11:19.99 11:23.76 13:23.75 19:15.02 22:11.5
0cd47820-f438-4f3b-9a63-e92e7b28abed,10,29:71
0cd601e4-093f-42a3-881b-6c2077b24c81,9,31:29.99
0cdbacdc-5881-4caa-a515-09abf4ed16f2,10,4:461
0cdbacdc-5881-4caa-a515-09abf4ed16f2,9,24:202.5
0ce1bb62-5857-41dd-bc90-29710dbc7ea5,10,14:117.5 14:170.5 28:85.01
0ce1d9ea-14b7-44b2-a782-e9bb69c22d13,10,17:235.68
0ce27ace-a9a3-40a0-abcf-a2f0a21647c0,9,4:256 20:313.6 28:202.5
0ceab598-c700-416e-834d-581d4ea99a33,9,17:660 31:670
0ced7a2c-a944-4190-ba7d-d59212b2d0ba,9,16:105 18:99.99 19:201
0cfe09b0-9c28-406c-b0e7-2ce9362f573a,9,26:61
0d00d616-e3b5-4b7c-9114-a0e19b55739d,10,30:124.87
0d01bace-cfb4-4c3a-a48a-615677c3014c,10,17:174
0d01bace-cfb4-4c3a-a48a-615677c3014c,9,13:94 18:56
0d031a62-ba7f-40e2-ab64-23c41670c5ed,10,1:152.5
0d031a62-ba7f-40e2-ab64-23c41670c5ed,9,2:81 17:52.07 31:82.69
0d0a60f8-c94d-49e3-8eb0-84a4ba13559c,10,3:26.41 3:65
0d1df92d-2ebb-4cf5-880a-90e6e340216e,10,17:156
0d237c26-7d87-494f-a794-57ec034342e2,10,2:200 3:145
0d237c26-7d87-494f-a794-57ec034342e2,9,9:61 13:79.98 23:74.99 29:66 29:69.99
0d252f87-1a91-4d81-87d4-53d1b378bfd3,10,10:48.99 15:35 24:54.95 31:31.2
0d252f87-1a91-4d81-87d4-53d1b378bfd3,9,17:23.99 24:20 26:21.5 29:11.99
0d259c57-ff8b-4e58-a024-be5ed61a214a,9,29:12.5
0d37ad2b-ad67-4112-8392-0b255a374cf5,9,14:89
0d413f42-9cf2-49e3-8deb-e8d812af21b9,10,3:202.5 17:205.38
0d413f42-9cf2-49e3-8deb-e8d812af21b9,9,2:64.33
0d4cf2a7-cf63-40c4-8af3-ba0fbb79155e,10,23:550
0d55a52f-4583-4b58-908c-c11a71cd1f05,9,3:11.5
0d57d9ee-b45d-4888-a492-02fc38827aed,10,1:361.73
0d69ab83-8ce8-486b-960c-0fbcbb1c8d03,10,8:233.5
0d764d50-2320-41d2-8390-a1872386181b,10,9:459 17:450 25:393
0d764d50-2320-41d2-8390-a1872386181b,9,1:137.5 3:103 12:182.5 17:150.5 27:216.85 31:120.77
0d82faf4-ed52-41cd-9306-1a986dcfc27e,10,23:43
0d82faf4-ed52-41cd-9306-1a986dcfc27e,9,11:15 31:15.6
0d8649c6-ca36-4838-bbc5-e22c9f274b8f,10,4:121.3
0d8e9584-65c6-45b8-9b24-cc0e1af013c9,9,29:105
0d8f079a-26bf-4103-b7a8-a7dcc03cb788,10,16:202.5
0d8f079a-26bf-4103-b7a8-a7dcc03cb788,9,28:25
0d9197aa-2674-4d75-83df-157074889f05,10,13:145
0db10ea7-e83d-4bc5-8432-86be23635b87,10,13:59
0db4ae14-074e-4409-b2ba-994d1dd53a49,10,17:245
0db4ae14-074e-4409-b2ba-994d1dd53a49,9,4:54.02 8:89.99 14:48 26:83.36 29:59 31:38
0db75078-70e8-43a8-8855-7b21ff77a8be,10,7:80.88
0db96805-eecc-49e1-a17e-8c3675732ff3,10,23:35 24:19.99
0dbad4f4-98e6-46f8-9b86-d850c3e605de,10,12:66.5 18:119
0dbb1b9c-4c24-4a28-bd3a-51c9b689379b,10,11:125
0dbfd5c0-8343-4bd3-ac81-06fc2f0b2cf2,10,9:272.5 17:157.5
0dc11a65-b74c-4504-b461-845e81c5132a,10,5:21.81 10:28.8
0dc5a466-0821-446e-8a51-87616fa96879,9,7:44 14:49
0dcd791c-0b5f-4bcf-ab96-67836f2a1106,10,24:140
0dce8644-a5c8-4d60-a3ff-aa17efc200f2,10,6:172.5
0dce8644-a5c8-4d60-a3ff-aa17efc200f2,9,25:50 27:48
0ddb9fd3-5edc-4ebf-a708-2a12c4cb960f,10,1:148.17
0ddc1839-e211-43da-9754-038e1f49eacd,10,2:260 5:262 6:284.99 6:330 14:320 30:325
0debbb58-6af7-433a-8144-d9a31a6e03cb,10,17:110.4
0dec2b63-0f01-4910-b157-e38265f47747,10,4:360.17
0df644a7-17f6-40da-a7f8-7476a2d07676,9,17:420
0dfc6087-747a-4443-8592-f04f6152286e,9,15:60 15:164.98
0dfed21d-8f70-47d8-9d01-2916a41e023a,9,16:17.5
0e05a2cc-40ff-4a28-ba46-6c78ccb91ba2,10,18:90
0e08b473-381d-4aaa-bb41-ae8538cf5b8d,10,15:22.5 15:25 20:29.99 30:25
0e09e197-b782-4732-a8da-87bba4eac9ec,10,3:630
0e1a2bbc-5929-4551-bc15-dfe5feec668c,10,24:753
0e1c94d2-6532-43fe-b5b1-4e91439d70fc,9,24:205
0e1d0781-1eff-470e-8b90-b5221d8561db,9,24:16.8
0e315d6e-dd98-4324-880a-1b97a0399436,10,24:74.99 31:68
0e33213f-3546-463a-8d50-86c0fd690dc3,9,3:432 3:499.99 3:535 14:496 18:418.01
0e3b23ec-59eb-468b-987e-3101137a523a,10,6:900
0e3b23ec-59eb-468b-987e-3101137a523a,9,31:117.95
0e3da988-7190-457b-a90f-6210093e755b,9,15:13 24:10
0e44d39c-9e43-4e9a-9d0c-e8c67674a754,10,11:250
0e491716-cfcd-4ea7-873a-642800f7afaf,10,5:157.5 12:66 26:79.95
0e607d5d-e0d5-493c-b4af-49baa31b2311,10,14:315 24:250
0e6f68c4-72ed-45cf-ada5-eb64c3109412,10,24:22.75
0e76a667-7278-42aa-869a-3f3010d6bf3d,10,1:174.99 3:179.99 5:200 18:165 23:140 25:150 25:173.19 30:147.5
0e76a667-7278-42aa-869a-3f3010d6bf3d,9,13:79 29:82.99
0e7c890d-e2c7-4173-958e-c1d9b074f2f9,9,16:25
0e8e3d07-36dc-47ae-bbdb-54bced1534bd,10,1:88.36 1:250 3:125 4:720.33 5:110 9:159.99 10:125 10:135 11:125 11:138.5 17:125 18:127.5 18:127.5 18:135.5 20:185 23:175 25:102.5 25:160.5 28:120.5
0e8e3d07-36dc-47ae-bbdb-54bced1534bd,9,10:49
0e981fe6-045f-4ea5-a074-4321cb8bde90,9,17:34.8
0e9ae643-6225-4692-9b70-93876efe8555,9,31:204
0ea4e8d9-2be3-4aba-b854-ccc63468584d,9,17:37.53
0ea95a8b-c6f4-4c07-a047-69dbffe29e70,10,27:45
0eb54176-25ef-4164-a078-bc8c977c2049,10,25:202.5
0ebc1fa2-20cc-4023-a8b6-05aace0e4b1d,10,16:159
0ebd3be1-420b-4754-8ee8-6d2fa821e236,9,27:50
0ec57b92-e766-415d-8a31-2ce78cf95927,10,5:36.95
0ec88f37-02be-486d-89d6-46b989d23399,10,7:92 9:163.79 13:86 28:73 31:56.97 31:62.43
0ec88f37-02be-486d-89d6-46b989d23399,9,7:35.02 31:31.22 31:78.03
0ec892ed-f743-4c54-91be-0e5d3701e5b7,9,14:222.5
0ee2a367-c3c8-4c37-a8d3-84b7944856d0,9,10:36
0eea9a67-08f3-4d9e-befe-7825e21bed28,10,10:156
0eea9a67-08f3-4d9e-befe-7825e21bed28,9,4:30.95 4:31.02 15:52.99 27:45 31:31.02
0eee97a7-5696-4962-a59b-9a7406ebc5b2,9,7:210.01 12:124.25 17:144 31:152.5
0ef9ccb3-8f69-4210-8e0c-c207d757cf7c,10,9:157.5
0f040f4f-e0d7-4075-a89c-7ded4bc48004,10,3:40
0f040f4f-e0d7-4075-a89c-7ded4bc48004,9,29:15
0f0448ca-c111-475d-aeba-206128494d07,10,3:110.27
0f0965c9-2ab6-4394-a25c-f40d51ed60ac,9,5:399.69 5:400 9:299.45 21:375 24:305
0f19f0f1-c51e-42b2-b0b3-6a57d8ec63d6,10,2:35 2:41 5:46.04 7:30.97 18:25 24:41.89
0f19f0f1-c51e-42b2-b0b3-6a57d8ec63d6,9,6:15.52 11:15 11:24 12:15 13:24 17:21.6 18:15.5 19:17.27 21:11.45 26:20.5
0f1ad38c-1d06-4dcd-9839-cee6ac031603,10,4:195
0f1b4bd8-dbeb-4599-be4f-652793c094b5,9,26:40.17
0f1ef6bd-f015-4dac-99fe-74196d381bfa,10,16:127.5 22:130 24:201 31:126
0f1ef6bd-f015-4dac-99fe-74196d381bfa,9,3:34.8 6:41.99 15:50 17:44.4 24:32.4
0f21b67d-86b8-4ee1-8ce2-bcc2057a1327,10,15:455.77 24:369
0f21b67d-86b8-4ee1-8ce2-bcc2057a1327,9,30:389.99
0f21e9f1-5b98-4c46-8841-b17b92345f5f,10,9:72.99
0f24986e-d1ee-4095-9a72-0c421a98226d,10,18:14.5 28:29
0f24986e-d1ee-4095-9a72-0c421a98226d,9,23:12.5 27:19.99 28:7.5
0f26dfae-f5d0-40e5-b215-933635ef60b6,10,3:152.67 19:130 24:167.5
0f2be952-9393-486d-b9cb-a3e36cfc7036,10,2:41 3:36 3:41 5:84.56 6:45 10:31 12:41 17:41 27:250 28:39 29:59.99
0f2be952-9393-486d-b9cb-a3e36cfc7036,9,4:24 8:30 23:53 26:21.95 31:25
0f45ca04-61e2-4bf0-a5c5-20f65fd50815,10,6:925
0f45ca04-61e2-4bf0-a5c5-20f65fd50815,9,3:115.2 28:162.5 30:140 30:157.5
0f46c651-5c96-41e2-b0fb-7ecadadc1982,9,29:17
0f4d15cc-ee7e-4085-9b03-ece8ef16695d,10,12:210
0f4f84f2-09bd-48cd-94e5-f9aa990f51ce,10,12:39 17:20 24:26.25 31:30
0f51f996-02d2-499b-9029-0590080d70a7,10,1:33 2:49.99 5:59.37 21:79.24 23:35.11 25:36 30:27.14 30:32.25
0f51f996-02d2-499b-9029-0590080d70a7,9,2:15.02 6:14.24 7:15.5 8:10 14:15.02 15:28.82
0f54f7aa-672b-4d29-ab6d-af1817b59e22,10,10:16.14 15:11.01
0f5cf7fd-2c64-4ac9-a8bf-04fce9a24a3f,10,3:54.99 10:41 20:35 20:42 21:40 25:45 26:37 28:39.99 31:39 31:51
0f5cf7fd-2c64-4ac9-a8bf-04fce9a24a3f,9,19:14 20:14 21:14.99 22:14.5 24:25 26:15.03 26:15.05 27:12.95 27:20 27:20.99 30:10.95
0f841885-da07-4880-bd02-48aa656965f6,10,8:51.6 9:56.15 13:100 13:125 17:84.99
0f841885-da07-4880-bd02-48aa656965f6,9,11:27.03
0f8aa783-6bcd-4542-aa49-cc033e4d2899,10,23:15.5
0f8aa783-6bcd-4542-aa49-cc033e4d2899,9,20:14
0f934938-53ff-4786-b537-24aa0d46ae8f,9,12:280 26:230 31:162.5
0fa09950-195e-4e0c-b9c4-a342181441af,10,12:550
0fa09950-195e-4e0c-b9c4-a342181441af,9,6:63 21:113.97 27:134.98 31:133.5
0fa34121-1deb-41b3-bfbb-093e41719ded,10,6:41 8:32 21:29.52
0fa34121-1deb-41b3-bfbb-093e41719ded,9,3:15 24:5.5 27:23.5
0fb0615e-151d-4ef1-a9d2-fe445b057dc1,10,31:49.2
0fb0615e-151d-4ef1-a9d2-fe445b057dc1,9,1:21.85 2:24 6:16 11:15.5 12:19.38 21:15.52
0fb4f2fb-ed71-4d91-acfe-4c8fbe5187a6,10,1:204.5
0fb7e862-7a53-4762-be5d-7226be216892,10,10:2070
0fbf17f2-f51e-414e-9ef4-3ea2e8690326,10,10:320
0fc8ec30-6080-4275-bac5-2228a926cae4,10,18:600 25:455.69
0fc8ec30-6080-4275-bac5-2228a926cae4,9,3:85.88 3:102.5 4:100 8:125 10:105.6 10:108 17:92 17:110.4 31:108
0fda0032-6cda-44b7-9482-978d5cc75db4,10,31:91.2
0fdce267-49f1-4b1e-8b6d-24157fb6e4f0,9,3:28.81
0fdf0fe7-bfca-4474-8673-66e766ea87e1,10,17:18.52
0fe0a26e-4008-4207-a61d-d9ad1de3cfe3,10,5:49.67 12:89.99 14:38.58 21:50 21:50 21:69.99 24:43 24:99.99 26:43 26:149 30:55.3
0fe0a26e-4008-4207-a61d-d9ad1de3cfe3,9,5:20.18
0fe8e7c0-055b-4f34-83e1-56b1fa1ab300,10,2:129.99 11:120 11:125 13:130 14:130
0fe8e7c0-055b-4f34-83e1-56b1fa1ab300,9,6:26 9:32 31:31.2
0ff52c4b-1f8b-4ba3-88f1-50bd7c60c0ce,10,3:49 21:51 21:79.95 25:31 28:33 28:42.69
0ff52c4b-1f8b-4ba3-88f1-50bd7c60c0ce,9,7:21.51
0ff5e4a4-15e9-4938-bd08-8b500eeb2797,10,8:598.75
0ff912f8-e0a9-4ec0-91f9-98c2e7c7eb39,10,7:580 25:560
0ff912f8-e0a9-4ec0-91f9-98c2e7c7eb39,9,10:96
1002defe-548a-4fdb-afda-1e6af149c59b,10,23:12.5
101e2555-7ccc-4708-b696-51816a8e8f04,10,24:17.52
10251b1e-0623-46ed-b2d7-3679c5b097bc,10,3:89
10251b1e-0623-46ed-b2d7-3679c5b097bc,9,22:39.99 24:31.2 26:31
102dc699-b3f9-47af-9430-6e1c0ebc6ae3,10,9:170.39
103d6fe8-9e9e-4557-91a3-50dbfc3d5515,10,9:175 15:200 18:225
103d6fe8-9e9e-4557-91a3-50dbfc3d5515,9,11:59.99
103de002-c1bd-4dad-a630-5c0bd1e524d6,10,28:39.95
103fcd12-33ad-478b-a57b-7971007284b7,10,17:23.46
10432267-8412-4e93-a9d1-71bcee99afa2,10,3:444 10:395 11:498.69 13:405 13:410 17:365 17:405 17:498.69 23:423 24:396 24:406 31:408
10432267-8412-4e93-a9d1-71bcee99afa2,9,3:150 3:219.99 6:208.5 9:145.51 9:174.69 10:162 13:191.5 14:224.99 17:199.93 20:289.97 24:152.5 24:156.5 26:172.5
1044d88d-4331-42be-98ad-59b72d334de7,10,11:74.99 17:56
10524f0b-f030-416a-8106-49ff4da7883d,10,8:34.99 8:49.99
105815d1-7123-4b6d-bcb4-9a756759b0e4,10,3:15 3:20.45 31:19.99
105815d1-7123-4b6d-bcb4-9a756759b0e4,9,30:7
105bf3aa-b067-42a0-ae8f-e67fd64d361f,10,5:75
105cb340-48ed-48c3-9ff7-89a2e6e8adef,10,3:53 21:70
105cb340-48ed-48c3-9ff7-89a2e6e8adef,9,31:16.05
105f2cb4-36ef-4b7a-839c-7eccf6fc5d5b,10,18:33.08
106021b8-5df1-4f31-9370-078c5ce58cef,10,12:237.5 25:390
10630c17-4ef3-4c46-8db0-386bdd57b1bc,9,24:88.8
1066bfdd-7ed1-477f-ae6e-e32beae6f0da,10,7:168.15 7:168.15
106726b7-b545-4275-9a9c-0c7d22667816,9,3:11 13:11.53
106a4f70-ddbe-4137-83d5-5e7c05f38e91,10,12:96.77 13:109.95 15:109.95 26:56
106c9c37-d3d5-42a3-8926-8550738869f2,10,17:31.99
10783015-6b32-4141-baad-200b695fb969,10,3:18.52
107e991d-f35a-458c-a4f0-56900aae8656,9,31:25.2
108523a7-c37a-490f-abea-bf41dffce69d,10,1:12.5 1:17.02 4:13.33 4:19.23 13:18.5 23:13.52 24:28.13 25:15
10884366-2417-4831-8ebe-04b1858d0daa,9,4:110
109c273c-d436-4837-88ff-38d611b35124,10,3:1470
10a27d57-8bbb-4ea1-a210-b1722b1c436e,10,14:60
10a347f0-d6dd-430e-9b9b-7123a2302dda,10,16:270
10a347f0-d6dd-430e-9b9b-7123a2302dda,9,30:35
10cedd2f-7f41-4a45-95f5-43708a3e4baa,10,14:69.99
10d496e3-b7f7-4f22-8bbe-6927b207fded,10,17:86
10d496e3-b7f7-4f22-8bbe-6927b207fded,9,17:36
10dfc993-6b7c-4899-8989-9d7f323eb908,10,4:105 14:126 17:132
10dfc993-6b7c-4899-8989-9d7f323eb908,9,2:36.02 3:32.4 5:36 9:34.95 10:36.86 11:26 15:28.39 17:31.02 18:26.69 24:32.4 25:29
10e57f98-5fae-4f06-8ea4-3cae78b42e85,10,3:2.99
10e75e08-6491-4ca0-836d-fdb335eda3ad,9,17:16.5
10ebcd18-3693-4197-929f-dbc357a27e5e,10,3:41 10:51.6 23:59 24:59.99
10efa83a-c874-448c-b72e-978984e2d560,10,4:65 11:23.38 18:16.5 24:36 28:55.99 29:46.68
10f043d0-b653-40c0-a258-1a9367e29151,10,31:39.08
10f4139e-fe65-4808-86b2-ced4ba5bfd6e,10,2:17.52 2:22.5 5:17.52 7:16.5 8:17.52 10:12.52 29:17.5
10f9eb2f-4f3d-4435-ab9a-75d7fd7cd3a2,10,9:174.99 26:174.99
10fdfaaa-e3ca-4e43-b57e-1b2632520811,10,17:79
10fea28c-c17e-4eb0-988f-590430f4e2cf,9,1:115.5
110630c6-6259-4963-8daa-cd2eca98173d,10,2:40
1111e7cf-8d54-4469-bdeb-e4a175fb0c22,9,14:107.52
112da849-f9ab-4c49-b8db-5c790bd82d7a,10,14:85 24:115.5
1133193d-53cf-4e24-a927-162d1cce2b13,9,10:26.51 24:22.8
11462247-a487-489f-b3f5-70ac482ab2b6,10,24:153.5
11462247-a487-489f-b3f5-70ac482ab2b6,9,14:61
11690045-3bd7-489e-a7f8-8898853a70ff,10,6:35 6:40 23:15.5 24:27.99 25:23.5
116c111f-7316-4bfe-9f13-d519f60b6904,9,5:99.99 26:34.99
1174ebce-9468-40b7-8da9-861e21042057,10,12:380 17:314 24:420
11901f52-a722-41a2-8c84-641977e8fb8d,10,1:32
11901f52-a722-41a2-8c84-641977e8fb8d,9,14:9.01
1191dc20-d6b9-4ed7-8307-aae2d8b776da,9,23:66
1194bcf8-1cf0-4af1-a413-361748d8327e,9,18:31
119918d5-5e64-4159-b6b4-88bf06d8cb1e,10,28:42.93
119b9e9e-9e69-4c2b-94be-dc5d9e7fb521,9,8:2600 24:2640
11b8c8cb-33e6-4348-90ea-d151c36246d2,10,10:76.8 19:51
11b92749-486a-4bc0-b25c-22d71d3733b8,10,3:126 4:199.95
11c0b5d6-e7cc-4732-8225-050ebc84aa80,10,1:20.52
11c0b5d6-e7cc-4732-8225-050ebc84aa80,9,2:20.52 9:17.02 14:9 21:9
11c11a84-d1da-49c2-97dd-00592afe49d7,10,4:200
11c96bbe-c244-4713-ac1b-1892600a7b36,10,16:134.95 29:149.95
11cbb2d3-b7dd-452b-b421-f101ab8deba5,10,9:15
11ea2a87-e969-4ba7-a540-20219fedbf36,9,31:40.8
11edb870-7e43-4dd0-92a8-df2e05ec0bb3,10,4:182.5 8:165
11edb870-7e43-4dd0-92a8-df2e05ec0bb3,9,18:174.99
11ee7b62-0caf-485f-b266-006dfbf48663,9,8:163.5 17:162 30:175 30:180 31:200
11ef2939-fedb-443f-bb40-c8bec459ba9a,10,18:2000
11f5101e-53bf-459a-aa98-17b5c8422da2,10,23:80
11fad994-d0f2-4a6a-943c-82646ee86f26,10,31:80
11fc6e19-bba4-45db-b877-27d7745854ce,10,7:31 9:19.24 16:13.5 24:14.4 30:35
12056e94-d843-4b60-8ab2-32c525f7212f,10,24:715
12128055-047e-4d58-9d65-0973b166df83,10,7:1301
12128055-047e-4d58-9d65-0973b166df83,9,17:144
1213f89c-8f24-40c5-b328-58212eb98be6,10,10:1774.69 29:2200
1213f89c-8f24-40c5-b328-58212eb98be6,9,4:193.46 5:322.08 10:192 10:202.5 12:192.5 18:165 20:289.97 24:320 24:350 31:191.19 31:210
1218109d-84f1-4b4d-8ef6-257d539d211d,10,18:69
121c513d-cb67-4d48-8d09-6c6e724e2028,10,9:31
12227e09-637c-4c4a-bf87-1d8cfde87f60,10,6:250
1222c9c3-e1a1-493a-abfe-2d6a9c60d22e,10,2:32 4:48 15:46 17:26 17:41 24:95
1223d7c4-415e-4870-9952-6a1667941690,10,31:3600
1226229c-b581-47bf-a7fc-e01557a2aff3,10,17:83
1226229c-b581-47bf-a7fc-e01557a2aff3,9,7:70
12286d17-1bb2-474e-8569-10d3677a6e5c,10,24:925.88 24:960 24:1290 26:868.31
1228de52-7e5c-40c5-a405-ed28fdde12d8,10,3:444 10:415 11:435 16:630 18:600 22:430 25:510 27:749
1228de52-7e5c-40c5-a405-ed28fdde12d8,9,2:80 2:145 4:65.78 6:89.99 6:100.27 9:100 15:93 17:109.99 18:106.4 23:100 24:64 28:75 30:52
1241dd42-efee-4861-af74-f0bbd4703163,9,29:59
1253e90a-2d15-41af-b2cf-fd773fe3d8e7,10,4:333.19 24:210 31:168
1253e90a-2d15-41af-b2cf-fd773fe3d8e7,9,6:119.15 10:76 30:58
12634158-8256-40ff-8d13-480643cd1d4d,9,19:20.19
12647997-fe8c-48f7-b8b4-c69ff04789b7,10,27:93.21
126b81d6-f021-44a5-bfd5-c5d6e9994e34,10,24:41
126bea7d-a954-401e-b0db-1d4d00650009,10,30:500
126c5a1d-b28f-4926-95f1-08bcaa18a977,9,1:26
126ed95d-c2d0-46d9-9a79-02c884dd7bd1,9,18:25.08
1273531d-9970-4d3d-9093-de3fb355021c,10,24:420
1273531d-9970-4d3d-9093-de3fb355021c,9,12:151.59 30:200
12783c8e-4f0e-4865-88bd-22765fb10260,9,17:31
127afe70-5224-4437-920c-83e13a041ff9,10,2:76 24:81
127afe70-5224-4437-920c-83e13a041ff9,9,6:15.52
127f1b42-d02f-4ed1-95c3-9d23c7643853,10,6:24.99 7:23.5 11:28.83 11:31.27 12:28.83 17:18.52 18:17.49 19:29.99 20:25 23:28.99 24:21.03 27:30 28:21.97 31:23.52 31:25 31:26
128a8f8a-999b-4757-ad1b-bec86ee0acb5,10,3:110.41 16:112.51 20:187.99 25:112.5 27:99.99
129abdf2-91e4-4170-914a-978e170e5a8e,10,9:35 16:102.5
12b6eb78-151d-40bd-8dda-6155635be1c4,10,3:20.4 13:149.99 17:40.8
12bb3490-f0c5-43e8-9982-e60637e9b311,10,3:79 5:100 5:105 17:110 18:71 19:152.5 24:57 25:149.99
12c19f33-6003-4724-98a5-903627cf581c,10,6:38.99
12d2d942-1184-4302-adcb-783bdc261bcf,10,17:55
12d88f55-4ea9-4005-b391-f5ca3911c0a1,10,3:40.8 3:45.88 10:39.6 16:80 17:103.5 24:40.8
12d88f55-4ea9-4005-b391-f5ca3911c0a1,9,3:20.4 10:19.2 31:25
12e0533c-ee8a-4133-b0df-b2194f225dc8,10,4:31
12fd9c98-4e4a-4120-8742-0a8c4793380b,9,3:1410
13087c84-cd6d-44b8-bbbd-35e27fb6ea47,9,26:229.5 26:270
130919de-d34b-4d47-ae96-1a2fba2fe932,10,4:18.5 7:22.52 7:22.83 11:20.01 13:19.99 14:13.01 22:19.99 28:21
130919de-d34b-4d47-ae96-1a2fba2fe932,9,6:15.5 11:10 11:10.5 20:7.5 20:14.5 21:8.5 25:8.99 26:8
130d5c2f-1021-4c3c-a048-2a2dcb5e9152,10,9:94.99 26:94.99
130d5c2f-1021-4c3c-a048-2a2dcb5e9152,9,21:18 24:16
132eed1d-f9ca-4e5f-bcbe-c4323b425e5e,10,18:20.35
1330f8af-51fb-49aa-a158-f161ed92f65f,10,11:68
133b235f-3644-4837-9b92-3cf3c910592b,10,24:100
133b235f-3644-4837-9b92-3cf3c910592b,9,17:35
1340614a-a930-434a-8e75-794d5bcd73e1,10,4:19.21 24:15.5
1349c040-54bd-4d83-883a-9eeb13057d8d,10,17:24.99 23:20.25
134e3a0b-fa5f-446d-9d69-3a9cd47473ef,10,2:15.5 24:14.4
1350c142-64b8-4f57-aa7b-5ee945a301b2,10,31:671 31:730 31:775
13527d17-8059-4863-8ca1-1ee3429a0c25,10,14:123.5
135b027b-1758-4a65-a093-f78380283197,10,2:672
135b027b-1758-4a65-a093-f78380283197,9,6:203.27 28:250
135f38f3-93d9-4fd9-a35c-c50eadff6e82,10,1:698.99 3:492
135f38f3-93d9-4fd9-a35c-c50eadff6e82,9,8:323.97
13640d7d-4749-458a-8372-49ef9433a148,10,3:59.99 29:43
13640d7d-4749-458a-8372-49ef9433a148,9,31:20
1371d439-230e-40af-b244-3f5332d80f8e,10,27:150
1375cf51-4e1d-45d4-8249-6d0afc688d46,10,24:36.55
13840411-00bc-4d72-b062-31758ab7276a,9,2:35
1384fedd-5b65-4b25-bb9d-d11971e7508f,10,1:19 1:19.99 1:20 1:21.5 1:22.5 1:22.99 1:23 1:23.99 3:15.6 3:17.52 3:24.99 4:14.95 4:22.53 6:30 7:20.5 9:15.63 9:19.63 10:13.5 10:14.5 10:26.4 13:22.5 13:22.53 14:13.01 14:15.51 16:35 19:14 19:20 22:16.15 22:24.99 23:17 23:18.5 24:13.85 25:11.5 25:13.5 25:18 27:20 28:15.97 29:22.52 30:17.5 30:20.5 31:15.5 31:15.51 31:16.5
13852be2-90e9-4b14-95ed-c6e6b72513da,10,10:20.5 11:12.5 18:12.5 21:12.5
1385afc3-b4a4-4060-9679-d83399bd3461,10,10:157.5
13948880-c77c-433d-98a5-06daa5891fbb,10,3:288
13948880-c77c-433d-98a5-06daa5891fbb,9,29:90
13948ca1-b8e8-44ff-82c6-133353b3d5ef,10,16:811
13948ca1-b8e8-44ff-82c6-133353b3d5ef,9,10:117.21 21:140 22:199
139ab4b2-0266-4f62-94d3-34eb9ce2501e,10,3:3001.38 7:2982.91 8:3110.15 10:3000 17:3000 24:3120 24:3350 25:3193.24 31:3120
13aa288b-c8fb-487e-854a-9afa2debf92d,9,13:129.95
13bcad71-6ca2-4d9b-ac82-6405ca85a287,10,17:106.06 31:36
13bcad71-6ca2-4d9b-ac82-6405ca85a287,9,7:31 12:29 21:15.02
13bf8c3a-8ed8-4679-8df8-42fd0ff0474e,10,21:267
13bf8c3a-8ed8-4679-8df8-42fd0ff0474e,9,1:99.99
13cce314-5c68-4046-a08c-1dd0eb9b3a87,9,25:179.99
13d2889b-60ed-4335-83da-9bc5ed36e327,9,19:143.5 27:300
13e67d93-256b-4f79-b8d1-b3615516aff4,10,7:190.56
13eaab82-eaf0-41d7-9258-8b47a5ff81a1,10,16:20.99
13f49138-93e4-4242-8514-32b63c303c6f,10,24:153.5
140c2227-06ce-4578-9685-0a26a7dc5585,10,4:27.99 5:20.5 9:27.99 14:27.99 26:27.5 31:24.99
140c2227-06ce-4578-9685-0a26a7dc5585,9,6:20.99 7:11.5 14:12.5 23:15.5
141eb4fe-a863-4b8e-b18b-55d41f89e4a8,9,25:69.88
1420d7d2-f479-4f00-a9fb-d0240431f561,9,12:20.5
1449124a-94b5-42b6-9c71-c7d2e44f52e7,10,27:120
144e2d1a-6839-4307-b4b6-421877a02589,10,17:25.2 30:60
1453c2b8-7c90-46e0-8268-2d55cbe8a323,10,12:19.5 23:30
1464d742-e76c-46e3-ba20-b352da630f99,10,8:20.51
146c05bb-c915-4af3-82bb-fff76807f8fc,10,25:134
147bcc2a-8d25-4d48-88f7-b3e77a07827e,10,3:44 6:40 10:37.5 13:39.99 17:31.92 20:47 21:75 26:44 30:42
147bcc2a-8d25-4d48-88f7-b3e77a07827e,9,8:15.5 8:17.52 14:31 15:22.52 19:15.5 22:23.99 23:15 24:20.02 25:23.99 27:10
149772b8-a2f5-4e0e-95e0-20c85dcf9345,10,10:564
149772b8-a2f5-4e0e-95e0-20c85dcf9345,9,31:228
14a02704-3d29-42d7-bd9a-ea894a61d143,10,5:39.99
14a1d8a5-3a15-4df0-9883-586557e4c42e,9,3:52 10:64
14a6d89a-303b-4f82-8794-a4aed0f538e1,10,10:549.99
14b816f0-4a2f-43d5-8018-3faeae1cd4ec,10,21:61
14c0efb8-50fe-44b6-a00f-e6b61adf0917,9,20:55
14c25c97-996b-4679-aa87-4c070f29a645,10,26:67.99
14c69b5e-6705-4f31-9eb2-a8f908b9e677,10,11:50 20:74.99
14c69b5e-6705-4f31-9eb2-a8f908b9e677,9,5:32.9
14d13d9c-e825-4a5b-92a1-d43d2239d667,10,2:41 2:55.42
14e05475-f733-47b7-aa2e-4b75fc2683f9,10,21:26
14e41e5e-7fd3-4b4a-9bd1-28578ac0a627,10,6:495 7:529.99 17:456 31:405
14e41e5e-7fd3-4b4a-9bd1-28578ac0a627,9,11:115.5 12:199.99 24:122.82
14eccb27-edfe-45d8-83f1-a9d39d6cef4f,10,2:255 3:300 4:250 5:220 5:228.49 5:255 6:280 7:245 8:215 9:244.5 10:236.5 10:241.5 10:251 11:220 12:213.5 16:235 18:220 18:225 20:235.83 20:249.99 20:299.99 24:270 26:233.27 27:225 27:240 28:202.5 28:240 28:240 30:212.5 31:232.5
14eccb27-edfe-45d8-83f1-a9d39d6cef4f,9,6:110.5 6:135 6:143.5 11:91 16:90 16:99 20:140 25:110
14f2106c-20df-4af5-9af2-960ce3ba8f0f,10,2:46 3:51 10:51 17:41 23:49.99 26:79.99 31:69.99
14f2106c-20df-4af5-9af2-960ce3ba8f0f,9,27:13.5
14f755ce-a61c-4ef0-b38a-a5e5058db140,10,18:274.99
14f755ce-a61c-4ef0-b38a-a5e5058db140,9,17:47.59
14f7b4f0-c982-44a2-b9c5-73ccdeb07a1f,10,17:384
1500a45c-d808-4dc9-9fbd-ee20a8a89965,10,26:110
150cccf9-a9c8-498e-b4ca-a4ba56b84fd0,9,1:120 10:136.3
150cf3e1-5731-4b7e-aa8b-da28f7921659,9,9:15 31:23
150f1585-6544-43a7-a597-c2c666d218ce,10,3:50.4 19:115 24:72 31:50.4
151d1923-c89d-4df0-bf78-52652b52d05d,10,10:17.52 11:24.4 24:15.52 29:17.02
152103c5-ed7e-46cd-9d20-e2e06f4d88c5,10,3:93.6 24:81
1522fb2b-a996-4bd1-bab2-b649a48aeafb,10,19:499.99
1524106f-66ee-4920-8571-81fbac3076fb,10,17:20.5
1535564c-1143-4aa6-8cdf-ca67614386ae,10,15:17.52 15:18
153ab8fa-73bb-475f-9b22-7044072006f4,9,15:39.99
153e6c31-0f06-464a-abb0-d784c20269e1,10,11:79.99
15423096-d4bd-4ada-93db-c4d2957e822a,10,4:147.5 18:71.01 18:72
1543867a-91a0-4114-a9b1-4624f64c5772,9,13:150.5
1547cdd9-e7fc-4861-b066-b6ab65a3f784,9,24:15
154a89a2-119a-4936-af35-5a178265a25c,10,30:32
15599df8-2b82-4b53-96b6-151aca513d04,9,20:99.99
1563747a-75b4-4a3f-a299-7f1b73d3f638,9,25:68.92
1563bc89-eaf7-4e30-8818-f1819d323e88,10,5:89.96 16:38 26:45 30:40
1566b701-e6a0-4de0-9144-027c6007252c,9,10:210.5 17:79 25:172.52
1575a13f-5bc8-463c-bb5f-2f2a7c82f857,9,26:100
1579ba7e-a6dc-4ffc-b62b-188fd0d1feed,10,4:111.38 18:78 26:96
15856acf-a615-4c39-83e6-c7778bc1b0be,9,10:18 31:13.2
158c9aad-51d9-4e12-8d56-f642e2d208e9,10,3:15.99 4:29.88 4:30.01 4:31.21 6:29.9 6:30 7:33 9:36 11:20 12:21.5 17:20 18:38 19:44 24:16.5 29:29.99 30:25.95
1593e17b-32f7-49ed-a66b-b47868330bcd,9,24:27
159b80f5-7dcc-42f1-9739-e2b6a3bda534,10,17:720 30:1000
159c70da-8128-4b34-b738-d93074b6e9f3,10,18:305
159ec25a-42bb-4e1e-afab-bfd929d74b17,10,3:125 3:150 4:165 5:160 12:137.5 12:175 21:145 25:149.99 25:150 25:239.99 28:149.99
159ec25a-42bb-4e1e-afab-bfd929d74b17,9,3:56 18:89.99 19:99 21:69.99 28:86 29:80
15a09cc8-57fd-4d42-b777-41f7625c564a,10,15:120
15a09cc8-57fd-4d42-b777-41f7625c564a,9,5:29.99 5:32 6:24.99 14:46
15abadf9-4489-4cdf-88ca-365e69c3af35,9,23:46 24:36.99 30:110
15ad119b-076f-435d-9fe0-bc54454eae01,10,12:30
15ae48a7-f812-4fd1-82d1-83ac17d11917,10,12:27
15b06557-6ee1-46c9-a63a-17f552129265,10,14:62
15b0c317-3b98-4c23-b9dd-e35a72c4f54b,10,3:15.5
15b190f6-c6d3-428e-ae44-f2070b3d9a22,10,24:47 28:23.96
15c3d2ad-fa7f-4695-8221-bf9ad5cfe1ca,10,28:410
15c69f8d-d8a8-4a7b-998b-e45f539dff21,9,9:119.99 16:119
15ca8f85-9dd7-4051-bec1-2c753eb3a9c8,10,22:17.52 28:20.69
15cf0428-cc11-480a-bb56-58f20edde226,10,2:75 4:121.5 5:109.99 8:80 9:65 10:64.02 14:95 14:164.67 15:92.99 18:74.88 19:70 22:94.4 23:70 24:81.6 25:70 26:80 26:110 27:71 28:74.99 29:63 29:133.86
15cf0428-cc11-480a-bb56-58f20edde226,9,1:55.86 2:32 2:37.05 3:30 3:30.25 5:37.99 6:29.99 7:39 10:24 10:32.4 10:32.95 11:24 11:29.99 11:46 12:30 15:49.99 17:13.5 17:21.45 17:27 18:20.5 19:29.99 20:34.99 24:26 28:28.98 28:29 30:27 31:32.4
15d83ed4-4fd4-4739-b6e0-a20313d602ec,10,4:30
15d83ed4-4fd4-4739-b6e0-a20313d602ec,9,21:3.26
15e4ea68-7f8a-42ea-b904-0bbe5e44c17c,9,10:17.5
15ed3fb3-3e0b-4626-8e36-3b2b494aa9a0,9,31:39.6
15eda112-5739-4da6-b692-5de5816f6d19,9,3:15.5
15edb5d5-2b62-4c11-866c-1428fe562042,10,17:43.2 18:79 21:79
15f035c3-7686-40f1-a208-1d533d760f49,10,3:160 7:118.02 8:150 11:199.99 12:130 13:87 13:180 14:155 17:93.25 24:148.02 31:124.99
16049ec4-9e12-43a5-8ecf-6d8defb0c79a,10,31:127.5
1604c3ad-4443-4df7-828c-218bda9902f1,10,1:25 3:36.99 5:31 5:36.99 8:30 8:36.99 8:40 9:27 10:37.2 11:26 13:49.99 15:26 15:39.99 15:43 20:29.99 20:40 22:23 23:27 28:41 30:24.5 31:30 31:34
161ac6f4-6f3f-49f5-9935-cb0b13bd5054,10,13:275 24:132 24:152.5 24:163.5 24:177.5 29:315
161ae472-dac9-42c3-bd62-f24c2c0c18a9,10,11:1075 26:950
161b9db6-164a-4929-9852-67b9932f7fb0,9,7:349.99 25:350
16218716-9399-44f9-9f8f-7ea4e2bbd97b,9,30:14.5
16261beb-b25d-4815-87ce-67e7614e08c9,10,7:150 17:86
16261beb-b25d-4815-87ce-67e7614e08c9,9,22:50
16293161-9eb9-4533-8906-d8593d2709b2,10,17:94.77
16293161-9eb9-4533-8906-d8593d2709b2,9,7:45 24:32.4 31:28.8 31:30
16377b68-19bb-4ba5-ab44-d01cd864d24a,10,2:19.5
1654ea47-2cd4-4cd9-abb4-b51a9262af9b,10,3:115.2
165f4116-94fa-447a-ab28-215b30e058eb,10,10:200
165f4116-94fa-447a-ab28-215b30e058eb,9,27:69.59
1665c904-c7c7-4c3e-930d-afb1000faff2,10,3:27 14:32 16:30 25:26
16796225-9861-4961-ba02-af944543f0c0,10,22:19.99 29:29
1679a169-1ba7-4481-b3eb-14cd50bc318d,10,24:36
16873810-3fda-4ffa-906d-9c712b7be2fe,9,2:539.99
16893250-482b-4d7a-a79f-1c03034ac1fa,9,10:72
168a603b-5474-402d-a041-79911b897f8f,10,1:99.99 3:99.99 5:99.99 10:114.99 12:99 18:82.3 18:86.3 20:109.17 21:93.78 24:100 26:71 26:84 27:56 29:95
168a603b-5474-402d-a041-79911b897f8f,9,2:37.32 3:32 6:37.32 7:24.99 8:37.32 10:37.32 10:39.69 11:30 12:32 12:37.32 13:30 13:37.32 13:38.99 16:34 16:36 16:37.32 17:29 17:38.76 17:39.95 18:23.5 18:26 18:26.02 18:29 18:35 18:37.32 19:37.32 20:34.95 20:37.32 22:31.88 22:37.32 24:29.99 24:37 25:31.01 26:34.99 26:37.32 28:31.02 28:37.32 29:37.32
16917ce9-57cd-4ec7-b0fd-943cce655909,10,23:395 23:405 24:420 28:410
16917ce9-57cd-4ec7-b0fd-943cce655909,9,15:85 23:225 26:93
169436b7-8ca4-489d-be3d-5a9b98c88fbe,10,14:219.99 28:450.06
16a47b5a-202e-4d05-85b8-67dc8e7ad710,10,1:6.5 1:26 3:15.5 7:10.5 25:10.5
16b1c9b8-b8cb-4ca6-a002-6ab150598367,10,1:170 20:45
16b1c9b8-b8cb-4ca6-a002-6ab150598367,9,27:85
16b31123-184a-4b17-905d-7151e216938b,10,25:89.99
16b31123-184a-4b17-905d-7151e216938b,9,10:16.99 10:24 15:42.42 17:16.5 23:15.5 25:20 29:23.99 31:19.95 31:37
16b34800-fac7-43ad-8097-812f8ed47e54,10,4:24.5 6:35.74
16b51d76-a07b-427a-90eb-820e3b3089f2,10,18:255
16bd10ce-a0bc-496d-84b8-5aac0e0448f0,10,25:117.5
16c75a60-0b93-418d-b324-66513b05ed13,9,14:21.5 16:16.19 25:11.5
16c89146-54be-4435-99da-93ca0d478761,9,3:31.02 4:48 6:41 7:46 11:80 12:44.99 14:43 15:76.6 17:44 28:67.5
16d07ba3-304d-42fb-8552-53f519348abd,10,2:150 3:112.5 3:143.5 7:44 10:107.5 10:113.5 18:72 24:91
16d07ba3-304d-42fb-8552-53f519348abd,9,24:31.2
16d08861-21bc-47c3-8245-97f901848f7f,10,25:117.5
16ed6eeb-d6f8-4926-b677-a6a2620db864,10,17:105.56
16fc3ba7-c21f-4c43-8fff-3d2d2013d8d7,10,4:366.5 4:379.99 14:255 15:238.5 16:244.28 17:230 28:379.99 29:250 31:220 31:305
16fc3ba7-c21f-4c43-8fff-3d2d2013d8d7,9,18:72 22:80
171058f0-4c34-4981-a759-36576ef5fe6d,10,3:20.4 19:22.5 24:51 26:32 31:28.8
17111c26-6627-478e-b2c2-ec6e667d269a,10,18:325
1713b1ae-1098-43b6-857e-e6b16a8d0068,10,31:119.99
1713b1ae-1098-43b6-857e-e6b16a8d0068,9,3:44.99 15:30
1715e2f1-fd51-4ef6-bc20-fcae3258b383,10,1:22.5
1719e057-cb11-49f1-aa4b-05520220d2a6,9,5:130.77 20:150
171ab7c5-5ec7-476b-995d-d656783d2ab8,10,11:180.27
171ab7c5-5ec7-476b-995d-d656783d2ab8,9,15:219
17206d09-db55-4e2b-94f5-163031fe4e01,10,19:148.38
172e6ba8-77c2-4386-b23b-fd49d8758f8d,10,5:9 6:35 10:15.6 10:33 10:38 13:25 17:11.61 17:22.8 23:14.5 23:15.5 31:20.5
172e6ba8-77c2-4386-b23b-fd49d8758f8d,9,3:11.06 3:11.5 3:11.5 7:5.5 14:12.5 17:5.24 21:7.5 31:5
1731e5d2-7e9f-455f-80ec-3054179e8cc6,10,5:152.5
1731e5d2-7e9f-455f-80ec-3054179e8cc6,9,3:34.8 14:42 17:37.2 19:43.99
173529e7-8625-4e9e-9c8c-8b09ddeff8ed,10,4:59.99 7:49.99 10:40 10:71.2 11:37.28 14:42 16:30 17:26.6 17:48.97 18:54 19:44 22:32 23:71.6 24:30 26:40 30:39.99 31:60
1738b410-ed52-48e6-be53-33bfa078a53f,10,3:12.5 3:18.5 5:20 5:26 8:29.99 9:26 11:15.5 11:17.52 11:18.5 14:25 16:12.5 16:22.99 17:16.02 23:15.5 24:18.5 27:29.95 28:23 29:17.52 30:14.5 31:16.5
17498860-b1c6-42b1-95dc-ff327eeea53c,10,26:5000
17498860-b1c6-42b1-95dc-ff327eeea53c,9,2:1199 4:1325 6:700 6:1310.58 16:960 18:919.99 22:1015 23:1025 24:960 24:1100 27:1100
175250a4-2f6e-4a0c-bcb9-987cfd5677fa,9,7:138.88
175c38ab-8341-41d2-b528-f9898aa2f6c7,10,24:12.08
176852a0-e5d2-4161-8495-23dc04da4d24,10,17:234
176852a0-e5d2-4161-8495-23dc04da4d24,9,5:57.19
176852d9-abda-45fb-8389-00b5b43277c2,10,2:202.5
176af801-12ff-4d5d-a825-a7a5eccd582a,10,3:35.75 15:40 19:40.49
176d89f9-330e-4bff-9cb0-f335223485ab,10,31:285
176f1a76-20db-49c8-82cd-8d551f2c50f4,10,2:192.5 3:170 6:197.5 7:150 7:195 8:155 9:185.5 9:190 14:299.99 17:151.5 17:161 23:159.99 26:155.05 26:155.05 28:155.09
176f1a76-20db-49c8-82cd-8d551f2c50f4,9,3:75 4:61 15:74.99 17:61.28 22:69.99 24:61 24:66 26:60 26:69 29:71 31:76 31:79.99
177207d2-a4b2-4046-98c7-34e88894a38e,10,25:39.95
1773fdbc-8c96-4b00-b06f-147aa513cace,10,22:30
1774ea73-415e-436e-a270-fb8ca90f5549,10,24:41
177a0a32-7c40-4705-8d7f-6a63a9aee6b9,10,10:74.4
17845e34-c4dc-46ff-8de7-02b0a8fd564c,10,11:43.02 14:48
17845e34-c4dc-46ff-8de7-02b0a8fd564c,9,4:25.21 6:21.5 7:23.5 10:10 14:16 15:41.24 23:15.99
17881204-0fcd-451e-8019-0c1d5771aa4f,10,17:44.24
17888b5b-b796-4f1b-b2b3-28b113423ab5,10,1:140
178c232d-ba26-4751-a654-f54e145d758c,10,19:62
17a774af-c133-48fd-86ff-fc7908ecea76,10,17:150
17a774af-c133-48fd-86ff-fc7908ecea76,9,10:36 25:24.38
17a939cf-4362-49d1-a4c7-41cb62fe40a5,10,2:33.25
17ac73bd-20b3-4279-95d5-fde80d36c5bc,9,18:17.5
17b0f9bd-1b6c-4d2c-a510-61160b310987,10,9:143.5
17b0f9bd-1b6c-4d2c-a510-61160b310987,9,1:30.02 1:49.99 22:90
17c1d288-86a9-47e1-b5d7-f49bc791f65d,10,9:2300
17c1d288-86a9-47e1-b5d7-f49bc791f65d,9,14:200
17cb1ec2-db30-4e27-ae15-8697f6d84270,10,2:49.99 3:84.95 4:113.42 17:53 17:55 31:71.99
17cb1ec2-db30-4e27-ae15-8697f6d84270,9,12:19.19 17:17.48 17:17.5 26:21 27:24.99
17cd5657-64d0-4d48-a9aa-fe40fb1e43f8,10,5:179.95
17d74833-6db3-4664-ab4b-374d7b5f22bf,9,31:400
17e027a1-47f8-4822-96e6-5627f576eb9e,10,1:35.76 3:36 3:44 4:41 4:54.99 6:54 7:36 7:45 7:63 7:82 9:69.99 12:45.53 12:52 13:52 13:59.99 15:36 15:55 17:40 17:42 17:45 17:46 17:46 17:50 17:57 17:58.8 18:56.95 18:59 18:61 18:67 19:49.99 19:50.38 20:45 20:55 21:62 23:41 25:43 25:45 26:45.69 27:59.99 27:61 27:64.99 29:39.5 29:49 31:39 31:50 31:53 31:55 31:55 31:59.99 31:61.99 31:68 31:97.35
17e027a1-47f8-4822-96e6-5627f576eb9e,9,1:20.5 1:26 2:15.52 2:20 2:24.95 2:34.53 3:20 3:22.8 3:24.99 3:26.95 4:25 6:30 8:42.95 10:15 10:19.2 10:20 13:40 15:34 16:25.99 17:15.6 17:20 17:20.5 19:15.01 22:27 23:17.5 24:20.5 24:21.03 24:25 24:25 26:28 27:20.02 27:38.83 29:44.95 31:30
17e893e8-9fee-4da1-b70c-efd39416e2b9,9,7:410
17f0ac85-05ac-4769-a670-f31dc049e439,10,9:71
17f0ac85-05ac-4769-a670-f31dc049e439,9,9:10
17f49c9b-a403-4f19-bb5e-448124b761e3,10,19:120
180156b6-1679-4e93-9f28-5e6a0bc77dbc,10,14:29
18044a04-631d-4cd8-bd9e-75b94c5c2ffe,10,20:102.5
18044a04-631d-4cd8-bd9e-75b94c5c2ffe,9,13:36.95 20:39.99 22:25
180cfb9b-59fa-405a-9469-3b4797cc8b47,10,4:63
180cfb9b-59fa-405a-9469-3b4797cc8b47,9,7:27.69
18154b44-a8ad-4873-9a0f-bfe7bf189b1a,10,5:119.99
18154b44-a8ad-4873-9a0f-bfe7bf189b1a,9,18:36
1815c479-4f22-4921-8058-000a0b0d345d,10,26:63.84
182a7df4-ba5d-4cc4-a7a4-296a8db953ec,9,1:22.53
182afb0c-27e1-4a92-b653-5e8cd07f9c0c,10,26:299.99 29:119.99
182afb0c-27e1-4a92-b653-5e8cd07f9c0c,9,29:25 29:32
1833b583-692c-4f39-b394-06675d98fd3f,9,7:199.99
1839a5c1-2ac2-440d-b1a2-8b622a045b5f,10,10:41
184df307-f738-4f22-bde6-3427f44bd613,10,4:12.5
18548e9a-2dea-4ddb-a2be-d96c72956883,10,16:19.51 29:35
18609de8-50b9-490f-9b80-842ffc393d6b,10,3:38.4 3:38.4 4:64.99 7:73 12:65 17:39 20:82.3 24:36 30:52.5 30:69 31:82.3
18609de8-50b9-490f-9b80-842ffc393d6b,9,1:19 2:12.5 3:19.5 4:15 6:24.98 10:15.6 10:23.57 11:23 12:12.19 14:11.5 14:17.36 16:13.5 16:15 16:19.99 18:12 18:17.5 18:17.5 21:13.5 21:24.99 24:13.5 25:20.51 26:13.5 27:14.5 27:15 27:21.51 29:29.99 30:13.53 30:14
186587bc-2f5f-4769-a2cc-c26b531a991b,10,13:175
186bc3f3-ff40-4bc4-b15b-107f8699f883,10,3:870 9:1000
186bc3f3-ff40-4bc4-b15b-107f8699f883,9,2:400 10:183.5 12:260
186c4ace-7ffe-4a48-bc33-1d3f82c92184,10,11:45 11:46 11:46 12:66
186c4ace-7ffe-4a48-bc33-1d3f82c92184,9,11:18.5 11:29 13:15 14:18.33 29:20
186ea1a1-dfb8-4b33-ac77-29be9c494533,10,3:35 17:22.52 23:36 29:29.99
1870c288-135e-4b4f-b1a6-3ed09574ed8e,10,10:93
1870c288-135e-4b4f-b1a6-3ed09574ed8e,9,16:109
18710908-532f-4504-9a37-99a17e2b6b6e,9,19:57.99 23:57.99 24:38 30:50
1874d056-3048-4444-8a62-92f742112734,9,26:142.5
1880fc0f-cb9a-499a-87ba-1c64dd3ba15f,10,3:720 13:811.86 14:850 30:721 31:830
1880fc0f-cb9a-499a-87ba-1c64dd3ba15f,9,24:300
18821954-e1a1-4cd1-ae8c-72bff28a20de,10,13:1171.9 16:1700
18821954-e1a1-4cd1-ae8c-72bff28a20de,9,1:285 1:294 7:349.99 7:425 8:304 10:339 14:316.5 17:240 17:243 17:294.6 22:340 25:270 26:397.55 30:425 31:240 31:240 31:300
1889840d-54f9-47bc-812a-7d10628df336,10,3:21.73 3:22.5 17:18 19:27.95 25:18 25:18
1889840d-54f9-47bc-812a-7d10628df336,9,11:11.04
188ca2a6-a70a-472b-8354-e3babd470761,9,10:190
18a30348-5603-43a0-9ddb-f5e937b61fb3,9,11:19.99
18aca000-61b6-498d-89f0-f447b5d2f8ed,10,9:29.99 16:21.5
18ae2d52-1b0f-4bf4-ab87-df50800e286b,10,2:81.37
18d42137-6638-41e4-a7c9-5a4414e1b1b8,9,31:15.52
18d838f1-06ae-4edb-918a-c2db844429f7,10,15:65
18d974a8-e890-44d2-9cf4-cd2dfbd426b9,10,9:139.95
18d974a8-e890-44d2-9cf4-cd2dfbd426b9,9,10:26.4 17:24.5
18eafa5f-2093-4fec-bf3e-628ddc524796,10,30:86.66
18eb7e5c-09c6-4c8e-980c-0005886bfe38,10,11:22.52
18f5fa23-87f4-4b4c-b601-29e70d6ca018,9,5:15.03 5:15.5
18f79bdf-b421-4467-bdc0-a646390b2a5e,10,4:47 17:41 20:61 29:49
18ff89f5-5777-443e-b37e-5465a31ef65a,10,7:43.05 7:47.63 9:50 11:45.88 15:65 17:65
18ff89f5-5777-443e-b37e-5465a31ef65a,9,6:23.52 15:28 26:24.95
18ff962f-0967-4d3b-8a86-7a36199e001c,10,4:34.99 5:41 9:20.5
19062798-0267-43f7-abaa-9d20babd062a,10,8:80 26:66
192ae687-3d8f-4d69-8040-5f69b0186fcd,10,3:15.26
19324393-70d4-4524-bf18-a7d80da21a13,10,27:61
19354814-ffab-4a15-b124-a9fc4d2c3689,10,7:96
193ca350-65a4-4057-8d66-a7576db053af,10,16:81 30:50.73
193ea59c-5115-48c8-9bf9-0e5b21e59340,10,28:85
193f2a7b-9b7f-4af5-81f2-42d8210eee3a,10,3:204 3:227 23:250 23:250 28:275
193f2a7b-9b7f-4af5-81f2-42d8210eee3a,9,5:58 14:50 15:70.69 17:37.2 28:65 30:44.99
19421e82-454b-4812-9fe0-a68e19a51e2d,10,24:265 26:228.86
19438511-f845-4401-bcbc-8394d7eb0253,9,10:13.2
1949c2eb-b31f-44f4-83db-58123adb1caf,9,13:5.5
1958be52-882c-46f0-b62d-b391068429d0,10,3:870
195935a5-2652-416c-9a59-4675bc10c6c2,10,2:36 8:30.13 15:33.99 17:26 19:33.99 20:31 20:33.58 21:25 21:33.99 24:35
195be3b4-6cf2-44a6-b866-ca9942de4fbf,9,17:35
195de9f3-55ab-459b-a78d-f2f555e9fe4b,10,3:12.02 3:17.52 5:12.5 5:17.52 17:11.12 17:17.52 18:21.5 23:14.5 28:17.52 30:12.5
196187b2-7dcb-4db6-9b27-6c999bde0023,10,3:16.21 24:27.11 25:15 25:15
1965abc6-e1fb-4040-a8e8-9dafb53035a9,10,7:42.88
197c66d7-ec5b-428d-8b1c-ed054f748327,10,15:24 18:20 21:20.24 22:20 24:17.5 24:20.5 25:19.99 28:19.5 28:22.52 28:26 30:22.95
197e756e-2261-4485-b4d1-3a29916f6293,10,10:492 17:456
197e756e-2261-4485-b4d1-3a29916f6293,9,12:180 16:108.5 23:149.99 25:156.54
19858870-9f1e-4474-a34d-12095168f7ff,9,11:129.16
1988c8ba-461c-4817-b3de-0bfade3ebdbf,10,31:87
198ea572-41af-43a3-9283-8f2f019f1d64,9,10:67.2
198fe024-d9b5-4492-af07-86a62cb1ca4c,10,3:252
19a7a3e9-8d2f-4ab9-aa39-895f3a523cba,10,30:625
19ac30ca-ddaa-4368-92c2-5161405dfc0a,10,5:104.99 8:90 16:44
19ac30ca-ddaa-4368-92c2-5161405dfc0a,9,5:24.5 13:24.5 17:27 25:25 26:18.5 26:33.99
19b55327-51af-4ac3-a51e-34caa912b090,9,1:168.99 3:105 8:81.08 13:88.77
19b8c13b-f809-40cb-9e8f-284cd2982fff,10,11:33 12:31.55
19b8c13b-f809-40cb-9e8f-284cd2982fff,9,1:10.55 2:19.99 7:14.18 18:15.51 26:13.5
19c67642-a9f8-4989-b4e9-27c809ab62f9,9,20:9.99
19ccbdae-345d-4a69-9447-6d61c72a7e5d,9,10:85 13:99.99 25:46.78
19d9a48f-3928-4363-a087-b6c3f3b859fa,9,19:225
19ea0c17-39b6-4049-88c3-4a417c56c580,10,5:16.5
19f03658-d33d-4efe-af50-baff9e914f5a,10,24:255.05 29:165
19f03658-d33d-4efe-af50-baff9e914f5a,9,1:71.99 3:42 13:65 20:38.75 27:43.01
19f7192f-53af-467d-9edc-d10aecf9dd0c,10,2:13.52 3:20.5 5:15.5 5:16.5 5:16.5 5:21.5 9:24.5 9:26 10:20.5 10:20.5 11:17.02 11:18.5 12:23.99 14:23.99 19:17.99 20:21.5 26:19 31:15.5 31:28
19fe10ef-a1f2-4ece-9a29-7cdd9375c5b5,10,3:203.15
1a0c8fd8-5c06-46a5-b408-0fe92b834ca2,10,17:51
1a0ea025-e5c0-442a-ad39-b580e9302f41,10,18:41
1a146ad4-d275-4245-8779-72e0e63657ad,10,24:15.38 28:17.52
1a185a38-ac5f-4930-afd5-40bdc0b1c859,10,4:15.5
1a4ee54f-482d-4304-85bf-49d8e2b04459,10,28:50
1a4ef24e-2686-445a-bafc-5461be27cceb,10,1:138.5 6:185 6:190 14:239.99 15:169 17:185 18:201 24:195
1a558ddb-8fce-42a5-af66-d3585b837211,9,19:57.5 21:36 28:42
1a56d764-6c57-4841-a147-6a1bb7d03dd8,10,14:169.83 22:171.22
1a56d764-6c57-4841-a147-6a1bb7d03dd8,9,17:31.2 19:24.38
1a5754f3-be61-4e71-a48b-8df5d63aa268,10,25:39.99
1a59248f-5813-4542-8818-b4c10f84c9da,10,14:501.49
1a60feba-59e3-4958-9bdf-84dd704eaaf4,9,3:18.5
1a719179-8b21-4a37-9006-2f052ebfd7a2,9,1:31 3:26 28:60
1a7609c9-83ad-4b93-ae2b-0cf06fffc551,10,20:69.04 24:41.02
1a7b2f16-7496-49d8-b501-bddc90f3a91c,10,4:122.5
1a802c40-1605-4d65-9b17-7b6a4438264f,10,24:67.2
1a80881e-0f59-488f-aa97-efe8bc7056dd,10,26:1730
1a8348fd-cb26-4a7d-85a4-777593f8baf1,10,19:686
1a8bdd03-810d-406d-b479-b77c7fd86827,10,3:30.99 17:22.5
1a988d61-a52c-4a94-9852-a0b1c0bf8a2b,10,5:18.05 11:20
1aa36f9e-8799-43e9-9e0d-a7f0be9a2932,9,20:110
1aa47f4c-d453-4000-bc20-3d1246d75765,10,18:31 29:31
1aa9d72b-add9-4d94-9fe5-be7cf29a988e,10,2:72 3:108.5 16:71 18:85
1aa9d72b-add9-4d94-9fe5-be7cf29a988e,9,3:13.22 6:38 16:68 22:29.99
1abf1e2c-26d9-4d96-b06e-76496d34cab4,10,19:102.5
1ac61466-aab6-40e3-a605-de5eb607cb39,9,13:61 13:63.5 25:107 30:99.99
1ade2628-6e2c-434d-8431-e90fbc80b28c,10,11:40
1ae5f83e-8d9e-4637-8a55-f2b20f0a961a,9,24:9.52
1ae87af7-db04-4421-87b7-00f6d2258751,10,18:80.43
1aff110c-951c-478e-84b1-1ac46fb5fb55,10,3:660 10:576 11:811.76 13:688 17:700 17:760 23:660 24:710.01 24:710.07
1aff110c-951c-478e-84b1-1ac46fb5fb55,9,3:162 3:167.5 3:185 4:175 6:169.5 10:126 10:152.5 10:162.5 10:168 10:207.94 13:195.5 18:180.5 21:199 22:179.99 24:149.05 24:151.57 24:156.25 24:169.99 24:172.3 26:174.99 27:207.5 29:175 29:182.5
1b13c370-31c9-4c70-8efa-1cf5047c0e96,10,24:66
1b156021-a063-4111-adc0-b16f174333a2,10,15:31 19:22.52 19:39 20:16.01 25:20.54 30:18 31:15.5
1b1895e9-d450-49d0-99ce-ff7419a835b2,10,17:31.16 24:35.84
1b2262ad-24c7-40f2-9fc4-d1517c29ba20,10,15:21.24 18:19.99 24:12.5 29:12.5 31:12
1b263e5f-d17a-48e4-b243-797842d96ff5,10,20:1551.41
1b263e5f-d17a-48e4-b243-797842d96ff5,9,24:234
1b28a375-8721-4a30-8281-b68d4bc1446c,10,29:69.99
1b292a76-20f2-43ed-bf44-640d95579499,10,10:266.99 21:250 21:299.99
1b292a76-20f2-43ed-bf44-640d95579499,9,4:99.99 13:95 29:63.99 29:75 31:56.4 31:58.8
1b2d9901-58d7-4187-93b3-5e5792c3f513,9,29:29 31:29.99
1b3591e0-0b67-434b-9052-45f3874111b4,9,24:29.99
1b3f2d70-150c-40a7-9d16-7d8c9929dfbf,10,31:660
1b3f2d70-150c-40a7-9d16-7d8c9929dfbf,9,14:87.65
1b53e054-bd40-4510-af71-539489284bbd,9,4:360 8:317 21:280
1b62feed-46c3-4f02-8bb4-d563c4afa4ab,10,24:27.6
1b6375d6-3b07-4934-a251-2dbb79e949ba,10,2:25 2:27.5 2:28 2:33 3:27 3:32.4 3:39.99 3:39.99 5:39.99 8:35 12:29.99 12:44 13:29.99 13:36 15:28 15:30 17:21.6 17:34 17:34 17:39 18:15.5 18:15.5 20:25 21:49 24:29 24:34 24:41 25:35 28:32 28:44 31:37
1b6375d6-3b07-4934-a251-2dbb79e949ba,9,1:7.54 1:8.02 1:12.36 1:14.5 2:14.21 3:14.4 4:11.25 5:13 6:14.95 6:22.99 7:12.02 7:14 8:15.5 10:12.55 10:15.5 13:10.99 13:11.5 14:12.5 14:15.5 14:15.5 17:12.51 17:14 18:13.53 20:19.99 21:7.5 21:14.5 22:7.5 22:11.5 24:13.7 24:20.5 25:10 25:13.52 26:13.5 26:17.5 27:17.99 29:12.99 31:11.5
1b6bd9d9-151d-4be8-aad8-d2a23443231a,9,14:15
1b766fc4-6789-4293-a054-dd4d3d5c2fa1,9,20:55
1b796d39-c833-41a1-acb4-37c29c72ccff,10,1:21.5 10:24.99 11:15.52 12:39.99 19:36 20:19.5 20:26.5 24:27
1b926c3c-c71b-411d-aac3-f243dd7aa721,9,29:15
1b9ab037-930d-42f1-a728-4d8977073ad0,10,14:36
1b9c5ad5-31f9-4fa5-8ec3-74196ebb46df,10,1:91 8:95 9:79.99 10:94 31:76.55
1b9c5ad5-31f9-4fa5-8ec3-74196ebb46df,9,22:40.01 24:34.02
1bbb1bbc-1bbd-4320-8d03-7151c98445b1,10,9:1650
1bbb1bbc-1bbd-4320-8d03-7151c98445b1,9,28:607.23
1bd1dab3-82bf-4b89-bdc0-b52b7da14821,10,5:29.08 5:37.56 7:42.88 11:31.02 14:38 18:31 18:42.98 20:42.95 22:65 23:44.99 24:42 31:42 31:42.99
1bd20d73-5d42-48ba-bf63-636780411081,10,28:100
1bd20d73-5d42-48ba-bf63-636780411081,9,10:36 25:60
1bd3d4ec-a91a-47bf-8b76-80e0edfc830c,10,5:242.32 6:145.5 18:164.98
1bd92746-b84e-4aef-9b73-ee23efb36f0d,10,17:3799.99
1bd92746-b84e-4aef-9b73-ee23efb36f0d,9,10:120 10:120 12:130.5 14:203.72 15:190 18:73.08 20:199.99 25:205 27:52 27:125.19 28:120 31:144
1bf0d1ba-b606-48e9-99d9-ba3ff3e2da11,10,3:104.48
1bf0d1ba-b606-48e9-99d9-ba3ff3e2da11,9,6:18.52 11:59 23:49.99 31:54.76
1bf7beb7-48fd-48b1-b5cd-670e5fd0f613,10,10:549.23
1bf7beb7-48fd-48b1-b5cd-670e5fd0f613,9,20:359.99
1bf88966-3113-45ff-abc6-e116fac62b59,10,10:17.17
1c03e7d0-7d01-416a-a21b-dd53c3fed25a,9,6:34.99
1c0b0d85-8ca8-4e46-aa77-544e512f4925,10,3:48.99 10:35 16:26
1c112415-b150-46d5-882a-b57843486bfd,10,13:250
1c112415-b150-46d5-882a-b57843486bfd,9,19:24.99
1c1bc0d2-18dc-4632-ae7b-443cba58400d,9,5:219.99 18:38.78 23:52 27:109.6 28:70.69
1c2b92f4-f1df-4f34-add7-eda8db0fa271,9,7:16.5
1c2f9a0e-9a50-4461-90ed-9b4d19536655,10,10:17.86
1c3c645e-6dbf-41d9-a7e2-b13bd93af773,10,2:48 3:48 3:94.84 4:166.88 5:46.99 5:48 5:74.99 13:67 15:49 17:45 20:46.88 31:35
1c3c645e-6dbf-41d9-a7e2-b13bd93af773,9,5:15 7:22.95 10:18.5 10:28.8 10:41.89 12:17.5 13:13.99 17:17 17:17.5 17:19.99 24:5.5 24:20.4 25:12.99 31:14.4 31:14.4
1c3d91d3-2efd-4e12-8d20-9e708b87d123,10,9:28.99 31:18.5
1c3de77e-9e69-4af8-9303-b9dc0d4d5464,10,6:140 18:56.55
1c3de77e-9e69-4af8-9303-b9dc0d4d5464,9,11:47
1c3e6c65-c19b-4406-916d-7bececeb9b33,9,6:22.5 9:35.1 10:18 10:33 20:39.99 27:26 31:35.1
1c55a3a3-6792-46f7-b5c8-bfd3fb9a1870,10,18:525
1c55a3a3-6792-46f7-b5c8-bfd3fb9a1870,9,1:129 4:96 5:200 10:127.5 10:150 11:175 14:121.5 14:130 17:118 24:115 31:138 31:144
1c56be20-9f6e-4048-af00-c097163e3d88,10,1:28.45 1:28.79 2:22.5 2:28.79 3:17 3:17 3:20.5 3:30 3:42.01 4:27 4:29.99 4:37.22 5:17.52 5:17.52 6:16.5 6:24.99 6:25.39 6:26.89 7:25.2 9:23.5 9:29.99 10:17.5 10:18 10:18 10:22.99 10:27 11:20 12:17.02 12:17.02 14:13.84 14:27 16:19 17:19.2 17:19.5 17:19.99 17:21.02 17:22.5 17:22.5 17:26.4 17:29 18:16.5 18:17.52 18:33 20:18.95 21:15.5 23:18.5 23:19.36 23:20.5 24:15.5 24:17.5 25:16.5 25:18 25:19.5 25:20.5 25:25 25:26 26:27.99 26:38.49 27:20.99 27:21.99 28:18.5 28:20.51 28:26.64 28:38.49 29:22.01 30:17.5 30:24 31:15
1c56be20-9f6e-4048-af00-c097163e3d88,9,4:10 6:9.99 7:19.99 9:11 11:11 17:9.99 17:10.02 17:20 21:12 21:16.99 24:5.5 29:12 29:16.99 30:9.5 30:12.5 31:7.5 31:12.5 31:15
1c58d504-3c8b-4d74-8d24-5f5777458e8a,10,3:468 3:468 9:600 9:610 10:630 22:700 24:600 31:610 31:700
1c58d504-3c8b-4d74-8d24-5f5777458e8a,9,1:139.54 2:150 3:138 3:163.5 9:160 10:144 10:156 10:158.01 12:147.5 12:152.5 12:180.04 12:190 15:162 16:184 17:150 17:199.93 20:150 22:152.5 26:160 29:153.5 29:180 30:195 31:144
1c676013-c7f6-4135-a691-3fbb217b0018,10,5:39.99 19:18.05 23:33
1c6ccdd8-90e7-43fd-ad8f-b0bb780a9de4,9,23:175
1c779d76-65f1-4d7e-bdba-9c4c30bf9445,9,10:7
1c791997-f527-497c-aac4-7886fdd9d1a4,10,4:38.69
1c8033c5-b27a-4cf1-ba63-c6fd04b1c823,9,17:80
1c846873-878d-4bde-86a1-81819f876ba7,10,3:395
1c846873-878d-4bde-86a1-81819f876ba7,9,10:67.66
1c846dc3-9e31-42be-b655-579678025e2d,10,30:15
1c92a62e-a84c-466f-b432-f8e201b53d90,9,14:26.1
1c94481d-1264-4ce3-920f-47f3b813409a,10,24:174.99
1c962f02-d6f6-436a-bcf8-88c710fda330,10,7:475 17:372
1c962f02-d6f6-436a-bcf8-88c710fda330,9,3:46 8:119.5 28:105
1c984ef5-3f3d-4751-aa8b-ae4bebf83e19,9,9:309.99 24:294.96
1c9c6516-05ed-4288-a402-be178d974e56,9,17:900 20:969.63
1c9c929f-c133-40a6-a860-0cd958c2483e,10,12:20.5
1c9cd7fd-85fd-4583-a274-5d2be2a3e803,10,7:80
1c9fa100-2f54-4135-8b01-fce9611217e6,10,26:34.5
1caad6ca-66e8-4766-8f87-cca0d96c0e23,10,24:59.99
1cbe1337-2187-4b3d-8cb2-80d165b3b94d,9,8:25.5
1cc1b31c-2069-44cd-9dac-53e5ad25c6c1,10,5:150 23:150 24:108
1cc1b31c-2069-44cd-9dac-53e5ad25c6c1,9,29:19.45
1cc284cf-cf02-43f0-a054-ecf148b5df8f,9,2:1449.99 5:1332.75 13:1150 13:1250 17:1200 21:999.99 30:1199.99
1cc60e64-1ffc-466a-9be5-732228bc2e60,10,15:549.99
1cc7f53b-267a-461d-bd46-09ef40deafb7,10,23:375
1ccba86b-252c-4b87-94f4-c21c83b0c53b,10,1:149 1:161.34 2:140 3:144 3:149 4:130.5 4:138.5 4:149 9:140 9:150 10:105.6 15:130 17:115.2 18:120 19:149.99 22:126.85 23:174.69 24:117.6 26:127.5 31:129.01
1ccba86b-252c-4b87-94f4-c21c83b0c53b,9,3:57.6 6:65 24:55.2 26:85 31:49.2
1cd754b3-97cf-458e-a937-4c50aebd1522,9,10:62.4
1cd8d681-5066-4699-aa78-66ee0408d8da,10,17:265 22:299 29:262 31:240
1cd92dc9-2e47-4359-ba7b-ec8d6bfbcb85,9,7:31 24:25.2 25:15.52
1cd93830-ef15-42f4-a182-afb28177b72a,10,19:399.99
1cda5838-6a82-4647-bca2-a12cb7eeb7f8,10,12:143.49 24:351.93 28:122.5
1cdd6354-68ea-4ae1-89ec-679b37adfe9f,9,2:26 6:58 28:41.88 31:42
1ce9652f-faea-4ac2-b36d-d7989e2446ff,10,1:38.99 3:43.2 3:44.99 3:45 4:39 5:31 5:32.02 5:34.03 10:26 10:32.02 11:41.99 12:100 15:44.99 17:31 17:31 18:31.3 21:71.92 22:22.72 23:40 26:49.97 27:78.29 28:48 29:26
1ce9f28f-dfe0-4750-8aee-4d8fd0692545,10,4:186.3 4:240 10:204 17:202.5 18:174 18:247.01 21:200 21:200.5
1ce9f28f-dfe0-4750-8aee-4d8fd0692545,9,30:149
1cf5d990-c8fd-4f44-9b82-00ddc5472522,10,17:71
1cf6019c-a516-4985-806b-464cf8d64060,10,16:2700
1cf6019c-a516-4985-806b-464cf8d64060,9,3:351.99 4:365.66 5:399.83 7:380 14:442 18:370 21:420 22:390 24:399 25:365 25:389.99 25:390 25:450 29:435.65 30:315 31:384
1d0386d2-8cea-4b82-8797-0f0dda5a7d6a,9,3:373 10:377 17:350.5 17:355 20:499.99
1d1ce2ee-6da4-4fb2-86f5-577b955500cb,10,17:21.6
1d33b48a-94b3-4f09-a8b2-2d909e4e30b2,10,27:129.49
1d453864-091e-45d2-aa9b-041a7a82fd9b,9,24:903.11
1d4e9eec-b201-4c90-b70f-6506598fac7e,9,22:41
1d50e122-987a-4e4b-af01-be1b31d48cd1,9,10:33
1d558503-ae21-4ae9-8e86-54e0dda575bf,9,12:165
1d5a8f77-8576-4194-af53-f082a1c656f8,10,1:18.5 1:22.5 3:15.5 4:17.52 4:22.5 6:20.51 12:21.99 17:13.5 17:16.8 19:16.5 19:25.99 20:27 22:15
1d5be7b8-d3a5-4e4a-a714-4c4a80bd3a36,10,1:502.86
1d62a639-c821-40ad-944a-71cc82bb086d,10,14:167.5
1d66ae96-ab32-437d-8196-a8f482343939,10,3:252 5:300 13:355 14:360 20:415.12 27:425
1d680508-53c4-414c-b915-61400dde5af8,9,16:41
1d692aac-a1af-4ede-94d5-9bb40aafd703,10,12:84 18:82 26:66
1d760710-4c2f-4a4c-8d1a-44137dfdabe1,9,24:37.2
1d77339f-6818-49e8-b490-df63252c5428,10,1:12
1d81bbda-1d4d-4623-8bfc-bef1f91f84e7,10,24:87 24:103.5
1d90401b-6019-4215-a9eb-011189325904,9,30:599.99
1d9c97bc-06cf-4378-ba84-a97c602f7e57,9,3:132.5
1da571dc-f281-4613-a2a9-06a5fbd2c56a,9,31:210
1da89018-eafe-4f47-8a6c-945c46df4920,10,14:167.5
1dac4cf6-b8d7-4f87-b2ea-57d6f8c40520,10,18:140 24:91
1dac4cf6-b8d7-4f87-b2ea-57d6f8c40520,9,3:30 4:23.22 28:27.88
1daeef99-9e50-48b0-b4be-f1a4a3e0e5d1,10,14:1149.99
1daeef99-9e50-48b0-b4be-f1a4a3e0e5d1,9,5:149.99
1dd543c1-537f-4e7d-823a-bf290af7b7b1,10,14:54
1df23f95-66b6-4e30-8cad-ab1bc8856d36,9,10:30
1e018a30-137e-4b52-9a09-be9f1762cb5a,9,10:117.5 10:225 11:62.99 14:73 21:62.99 23:70.69 28:57 29:62.99 31:62.99
1e022ae3-3050-430a-bfc5-9620cfd55d92,10,16:138.5
1e02860a-511e-4c2e-a29e-33555b715727,10,24:192
1e02860a-511e-4c2e-a29e-33555b715727,9,10:62.4
1e04aabc-4046-4b43-82ae-cd1154dbb492,10,3:132 13:220 25:155.52 30:192.77
1e063db1-2860-4ac4-9655-99bb70e43f81,10,3:89.99 10:42
1e063db1-2860-4ac4-9655-99bb70e43f81,9,17:15.52
1e19f9a9-e345-4e33-a735-4eabfdae8ec5,10,1:27 13:33
1e1e283f-2c8d-4870-b1ac-10100551cd6c,10,1:249 1:295 2:244.5 2:247.5 3:366.82 3:500 4:249.99 4:299.95 5:232.5 5:250 5:260 6:285 6:299.95 6:328 7:254 8:285 8:299.95 8:307.96 9:280 10:251.09 10:271 10:275 10:285 10:298.24 10:299.95 11:230 11:251 11:268 12:249.5 12:250 12:250 12:257 12:270 12:275 12:275 12:280 12:300 13:245 13:249.99 13:255 13:275 13:285 14:240 14:256 14:275 15:199.99 15:279 15:300 15:305 15:335 16:235 16:257 16:300.21 17:249.99 17:257 17:269.99 18:289.99 19:272 19:279 19:289 19:292.5 19:300 20:271 20:275 21:260 22:225 22:265 22:270 22:270 22:278.99 22:299 23:280 24:240 24:270 24:286 24:291 24:392.55 25:250 25:316.01 26:265 26:265 26:979 27:245 27:255 27:265 28:265 28:299.99 29:225 29:299 30:202.5 30:259 30:265 30:270 30:342 31:270 31:270 31:290 31:290 31:299.99 31:301 31:306 31:600
1e1e283f-2c8d-4870-b1ac-10100551cd6c,9,2:105 2:120 3:94 3:113.5 3:240.11 4:103.5 5:110 5:139 6:110.5 8:95 8:130 11:100 11:125 13:91 13:114.99 14:144.99 15:94 15:102.5 15:124.99 16:94.04 16:117.5 16:125 16:127.5 16:150 17:102.5 17:129.69 18:169.96 19:115 19:117.5 20:95 20:114.99 21:96 22:114.99 23:104.99 23:110 24:102.5 25:91 25:119.19 27:95 27:104.86 28:114 28:114.99 28:114.99 31:101 31:102.5 31:115
1e1f469e-229c-49ef-8562-03c4a8cf652e,10,28:26
1e1f469e-229c-49ef-8562-03c4a8cf652e,9,17:10.02 27:14.5
1e1ff110-a9d7-4506-a174-f4bc95ed07a6,10,1:20.5 11:6.01 18:5.74 21:10.5 25:12.5
1e29c7f6-949b-4370-9472-34fc92485c94,10,1:100 2:100 3:81 3:87.02 8:79.08 8:105 10:83 10:93 10:100 12:105 15:129.99 17:102.5 18:112.5 18:117.5 19:105 20:99 24:100 24:104.46 26:120 29:105 31:125
1e29c7f6-949b-4370-9472-34fc92485c94,9,1:22 2:35 3:31 3:32.4 9:34.95 10:17.51 10:18.01 10:20 10:20 11:21 11:23.36 11:25 17:21.6 17:21.95 17:34 18:21.95 18:24 20:24 21:34.95 24:11 24:17.5 24:28.76 24:31.2 25:25 26:27 27:25.99 28:18.5 30:22.5 31:12.5 31:24 31:26
1e2a49ea-8cb5-448b-8866-e32488b37635,10,27:135
1e2c3f7f-bbe2-4d1d-b716-28fd93411731,10,10:138 17:54.72
1e33c021-2b5e-448f-ad16-d296a459fa14,10,6:300 18:375 18:394.95 24:360
1e377a86-a37f-4991-933c-0adb1c773dc2,10,27:55 30:43
1e3f5342-2137-4aa2-8fd0-c7a431536e43,9,17:62 24:88
1e4afe68-ca50-48e7-b6e6-e99e49e3cbd0,10,23:47
1e4c8f76-2877-474a-af74-2a4bd5f944f5,9,28:10.5
1e569999-96e6-4aea-b27c-698763216ac0,10,3:96 10:76.8 14:95.95 17:135
1e5b1e6e-0094-40b2-a1b7-8e89d704b940,10,30:97.34
1e5b1e6e-0094-40b2-a1b7-8e89d704b940,9,5:15.5 23:8.5 25:15.58
1e672e9c-ddfa-4458-b439-a936ab158633,10,3:99.99
1e7230e5-984d-4382-8b81-bc10ea4af394,10,16:52.2 31:125
1e7b705c-39d5-492f-955a-af64cd3e8c34,10,4:60
1e8561ed-5539-4fd0-885b-d23f7745a3f5,10,29:15 29:15.5
1e9a13e5-71ca-483e-baa2-982dd2e40cfa,10,3:141.23 3:148.96 5:334.99 10:172.29 11:216.47 12:200.07 17:149.5 17:216 18:206.22 19:180
1e9a13e5-71ca-483e-baa2-982dd2e40cfa,9,9:150 29:83
1e9fcf57-ff5d-4a13-ad1c-d2b0c3647b44,9,24:30
1ea168a1-bc70-4562-8f60-88dd723010f7,10,16:71
1ea18fe9-2164-47d6-b608-0ae2858f0124,10,24:74.99
1ea7bfef-04bb-4ed1-b31e-b6ee8baec193,9,12:102.5
1ead82d8-73ed-4ae0-81be-04ee4114b8ae,10,28:50
1eafc680-3cdf-447e-a27e-17def29f6837,10,5:108.99 20:71 26:52 26:61
1eafc680-3cdf-447e-a27e-17def29f6837,9,10:21.5 11:23.2 30:19.99
1eb888dd-9bec-4927-8fd3-0e35244013e0,9,3:17.5 10:22.8 21:75
1ed76e2b-a70d-4c9e-9d46-f682124004f8,10,13:199.99
1ee4180f-199f-4e56-ba6e-3fe95d45fe64,10,4:300
1ee45689-b3c7-4567-99d3-ef4a59747d15,9,12:15
1ee580e9-6e64-4ee6-b195-29b86d4cc416,10,17:103.2
1ee580e9-6e64-4ee6-b195-29b86d4cc416,9,24:26.4
1ee99c16-9ae0-4bb7-8c46-ed187d2800d2,10,12:119
1ee99c16-9ae0-4bb7-8c46-ed187d2800d2,9,6:27 27:16.5 30:29.99
1eee2786-0ab2-4e8b-83c5-ca1a23a42cb3,10,23:49
1ef15194-cca1-4cea-b260-a05c1dabe4c8,10,15:20
1ef343cb-c381-4cda-a73c-c31756b09204,9,28:169.99
1f037c5b-fc20-45c7-a5d8-adddb3732b41,10,1:96.9 2:75 2:75
1f066ef2-0a32-4c0d-a831-4ba25a1ba0ee,10,26:30
1f0e551b-7acc-4b4b-a59a-cf253814cc9d,10,9:189.23 24:216
1f0e5731-e4be-44d2-b319-3bfa175e0035,10,29:128.5
1f129899-60ff-46e1-b18b-bca00879bc1e,10,17:45
1f129899-60ff-46e1-b18b-bca00879bc1e,9,3:13.2 31:20
1f18f396-a1a7-43a9-871b-82165e832dea,10,22:400.07
1f18f396-a1a7-43a9-871b-82165e832dea,9,2:172.67 12:160 16:150
1f239e43-d517-46bb-b351-06eedafe5139,10,17:23.27
1f36cb20-8f11-421a-a898-414a32d295b9,9,14:35
1f45169b-d4bb-4fa6-bd5f-fcf92e6f1a52,9,6:80 10:73 24:51.6
1f45d982-3633-473f-8846-9657075331e6,10,4:18.5
1f462e51-6032-4918-8f2a-b591c9c1b219,9,7:22.5
1f51e220-a03e-4f23-a47f-8ce3edb7ef11,10,1:31.56 11:42
1f5c335a-13b3-4754-8be6-978b2d68a721,10,3:32.4 3:32.4 3:34.8 5:31.04 5:61.79 14:20.06 14:35 15:35 15:35 18:60.1 21:20 24:27.6 24:33 26:41.25 26:89.69
1f6b3a74-ecbb-4e61-98db-5507aa01cabd,10,4:43 6:14 17:20.5 23:25 25:22.5
1f727120-120b-4bb5-a35d-d673dbbc3a89,10,10:149 21:175
1f727120-120b-4bb5-a35d-d673dbbc3a89,9,18:91.2
1f7abd2e-f8b8-4d4a-a328-37e3e0eba453,9,10:425.79 15:406 17:301 21:204.59 24:270
1f87f86e-4cfe-4d9a-9358-509887744250,10,9:205 26:175
1fa8ce20-b85f-480a-aac2-47ff9ddf1b9f,9,11:120
1fb4a0c6-c5e6-4eff-9f41-20446468b836,10,31:1170
1fcb6df5-e6a1-4dc8-8a73-abbccb9b3ed0,10,3:48.47 6:31 13:45 14:44.82 15:26 15:28 15:28 15:29 15:29 15:31 15:36 15:46 25:26
1fcb6df5-e6a1-4dc8-8a73-abbccb9b3ed0,9,15:15 15:15 29:19.5 29:34.5
1fd9f93d-684d-4f48-9ffb-e2be469fc0b5,9,8:49.99 13:85 16:59.99 24:51 25:53
1fe4ba09-c4cc-4cdb-a16e-f22c041c484e,9,7:174.99 31:100.8
1febc34c-334b-4001-8ff7-e8183a131268,9,31:57.6
1fec012b-59e2-474c-a1b0-19883643ef78,10,20:299
1ff66d59-fc44-406d-b1b2-fd22c4dd6a58,10,18:275
20012b32-3c69-47f4-9390-5dce4bd36f12,9,5:52
2009733f-8262-41ec-a519-882f39a6a75c,9,4:51 13:74.95 19:96.2 24:74.4 31:50.4
200e3604-ad97-443d-a430-f88183be9fe0,10,1:12.5
202393fe-25e3-4ed0-b74b-e5cd55849b26,10,2:41 9:34 10:195.72 15:41.65 18:46 26:34 26:45 30:41.01
202393fe-25e3-4ed0-b74b-e5cd55849b26,9,2:26.25 10:22.95 17:22.95 22:89.67 24:20.5 25:15.15 27:17.98 29:21.5 30:15.5
2033028b-b3bd-4b41-b581-b87d8b6e5169,10,31:350
20331289-fc84-4d85-b37d-127e68ebd7d2,10,17:18.5 27:22.5
2038c4e0-3cd8-4bbb-89c3-9b81097b367f,10,2:19.5 19:17.52 20:7.5
2056a879-5324-4dd8-ac48-06aa13831474,9,4:20.39
2057451d-4ea3-436e-9ace-fc6006c04076,10,10:138
2057451d-4ea3-436e-9ace-fc6006c04076,9,31:19.38
206fdccd-dd87-429f-bda9-75c932b8b6ed,10,7:3000
2088ad33-4be3-459e-b5f2-7cf4e386be15,10,8:141.5 29:172.5
20909683-ccb1-4a5a-b96d-923fa681faf3,10,17:185
20940965-360f-4436-9f5b-862744309e69,9,3:129.99 4:76 9:67 9:86 10:56 15:104.95 24:72 25:76
20b1387b-c7b0-4e3b-8c78-ac82f6ac546e,10,24:15.19
20b47092-dcca-4f2a-9f74-87b26ce79ca4,10,3:41 5:31 6:35.5 7:30 10:31.5 12:37 12:65 31:28
20c09c33-a3f0-4439-9b57-bdc87844ad61,10,10:103.5
20c46eb8-b663-4f88-a20a-7bfbaad009fb,10,4:102.5
20c46eb8-b663-4f88-a20a-7bfbaad009fb,9,7:39 28:26
20cba0a1-6aef-4327-8f26-4d7becdd2d34,10,7:202.5 13:180 13:195 19:260 24:132
20d954fe-8fcb-4c09-af9e-16a74f462f3c,10,4:108
20e401f9-d290-4b59-9d96-732eadbfdebd,10,3:315 17:274.69
20e401f9-d290-4b59-9d96-732eadbfdebd,9,27:50
20e636ef-3433-45ef-ba7e-27f254dc17d0,10,16:38.99
20edfca0-fa90-4faf-96b0-b81fc7c97402,10,12:565
20edfca0-fa90-4faf-96b0-b81fc7c97402,9,30:153.52
20f89e62-208a-4f9b-87cf-9251ac537e69,10,5:24 10:18.5 10:20 10:22.8 13:34.84 22:20.02
20f8ea5f-6203-4510-96f5-984c698858af,10,31:153.97
21063b73-68e1-45a3-8bbf-60fdf45681b2,9,25:99.99
210c5123-77e8-4512-9eed-2a2190a62821,10,27:285
2117d969-41bf-4036-bf3a-22b484df63b8,10,16:330 31:192 31:217.5
211e1560-b6b7-41f5-81f0-82df5b126bb1,10,24:60
212c1327-dbb1-4b7e-a57a-656049570ebe,10,25:50
213827f0-7e5d-446c-862f-9738b550474a,10,23:12.5
215c46f1-2e4d-46ae-9a2d-1d4c5dd82462,9,31:35
216611e6-c261-418c-b17a-916097bc54f3,10,30:80
216c7a81-a597-4c68-a5d1-bf944dd71967,9,10:48
216de4d8-deb9-476a-8132-ee4a2b70769c,10,20:76.99 31:37.2
216ead45-2dbe-45f2-a81b-75e00e962bdc,10,10:780
216ead45-2dbe-45f2-a81b-75e00e962bdc,9,2:175 5:113.5 17:124.19 31:115.2
217d6e41-3e9b-474d-b334-91c5d72bd1d0,10,18:26.33
217d932d-e6ac-4874-bf95-023419571dd3,10,1:29.99 3:37 5:20.5 6:22.52 8:24.5 9:29.69 9:39.99 10:25 11:22.52 11:28.99 15:40 17:24.5 17:25 17:25.4 17:27.36 18:28 19:25 24:25 24:27 26:23.51 28:29 30:26 30:36.49 31:20 31:30 31:30
21823c80-1aa6-4111-8956-ba56748478cb,10,17:59.99 18:22.5 30:31 31:25
218cdd59-6cc4-4651-9b75-3925875d3869,10,3:50
21929583-e3be-45c3-8dce-9d4c5eb36eb5,9,8:19.99 25:15.53 25:15.53
21930d84-db08-4713-b810-83e6505e4827,9,24:198 31:105.6
219756e6-a53a-410b-a0df-fc5009256615,10,2:476.67 11:500 21:500
219756e6-a53a-410b-a0df-fc5009256615,9,1:195.53 4:249.99 20:239.99
21a252ae-6813-4a22-b096-ec66320b618a,9,16:1750
21a45cff-2d1f-477b-b5a9-13e31d5a3343,10,18:30.4
21a5bf93-cbd3-4e25-839c-210b8973ab89,9,9:113.75 20:134.99
21a63b1b-8c7b-47db-b915-1c534e54c036,10,26:26.04
21a9c7fe-5a53-4367-bc0f-f1020495849e,10,12:20.5
21af5f7e-440b-4946-a5d9-20c0c9fa933f,10,12:160 13:198.69 17:195 24:210
21af5f7e-440b-4946-a5d9-20c0c9fa933f,9,8:115.56
21beebe2-0d25-4ca7-a11f-e2143de2efc1,10,18:36
21c9e8a2-64df-4ed5-9e36-b740d928c2bd,9,12:80 15:45
21ccc046-2554-4e95-946f-d3e44572b073,10,29:41.04 31:40.8
21cf8f28-d78a-4d84-b9e5-0ca1c7619738,10,10:21.5 30:33
21e5f019-2a96-44ee-baf8-025facbc9e23,9,7:64
21e800fe-35b7-4c4d-96f3-887dc53d645e,10,20:48.02 22:60 31:57.6
21e800fe-35b7-4c4d-96f3-887dc53d645e,9,10:27.99 20:15.52 31:20.5
21f53e04-d57f-404f-983f-a011e4ab6024,10,1:12.5 1:12.5 7:10.5
21f53e04-d57f-404f-983f-a011e4ab6024,9,5:10.5 5:10.5 5:10.5 5:11.5
2200b600-8ecf-4fd6-a884-1f41220d6e88,10,13:70 15:70 19:23.3 31:80
22129a99-94a4-4c79-8208-e95157796773,9,17:299
2213e1f7-2197-4cc8-9578-1780a1e75047,10,11:49.99
22168d33-7a29-43e2-bacc-215692a14c7f,10,4:20.5
22168d33-7a29-43e2-bacc-215692a14c7f,9,23:20
22270e42-597d-41a4-9b69-95ea3517bbdb,9,11:48.1
222c3ec4-9cab-4d61-a84d-854da1c31016,10,5:345 8:700
222c3ec4-9cab-4d61-a84d-854da1c31016,9,5:76.88 17:135
222d4783-03a0-42a0-a6b5-8c53e55895af,10,3:293 5:400 10:288 24:275
222d4783-03a0-42a0-a6b5-8c53e55895af,9,3:46.8 5:51 10:44.4 10:50.4 11:46.9 14:40 26:80
223a18b3-e7e6-4faf-8eee-0154aeb96f43,9,15:46
224749bf-1be8-4cfa-9517-24f4b771ea88,10,20:151.5
2247685c-842c-4bbf-925c-fe85d569f228,10,24:24
22677510-11df-42a1-bda3-89306eb6a4ba,10,4:147.5
22677510-11df-42a1-bda3-89306eb6a4ba,9,27:50
2268105c-1df2-4a27-a648-d5a6e3570b73,9,30:15
226facf8-cd62-448c-853f-d82d332b2910,10,19:34 22:44.95
227e82a4-a0aa-4157-969d-1be03823af5b,10,2:74.5 13:59.95
228363a6-e43f-454f-bc27-6f212a109aa2,9,1:61.94 19:49.99 21:50
22856bce-43db-4bb0-85f3-4f6e84db1b00,10,24:14.41
22880b00-b5b0-4d6a-ac63-59cd931e64e8,9,10:54.99
228a9d23-c2d7-4b78-befa-3f71db037349,9,14:20.03 14:26 19:27 25:16
228d0a0d-fa62-4293-b865-1132c7e9faee,10,12:32 17:50 24:34.8 26:81
228d0a0d-fa62-4293-b865-1132c7e9faee,9,24:18 31:15.6
228d1a00-c040-44d7-89c0-a887cd2a994c,9,3:124 10:72 10:120 16:86 29:119.99
228d6b89-fb07-4fdd-992a-34e6ad04c467,10,17:63
2299a7d6-793b-40ba-8037-a8476745f85c,10,2:12.5 5:18.5 9:20.5 16:47.14 17:22.02 17:22.8 24:17.52 25:17.52
229d3b85-932f-450c-8456-62eb051f4883,10,12:150 16:151 18:150 20:108.6 21:127.52 23:122.52 30:124 30:135
229dda94-7413-43b2-a12d-1cfaf55d7253,10,19:400
22a787a8-9d71-4d61-9f68-32a5a72963b0,10,10:23.5 10:25.2 11:29.99 15:18 17:19.2 29:14.5 30:30 31:24.99
22a8589c-25e4-4403-bf91-875f005a2e02,10,8:50
22b7c6b8-dce9-4858-9689-4f19a2a0d382,9,7:46
22b7ef8a-568b-422c-88a8-3e0f7e63aa5d,10,22:3052 22:4750 23:4500
22bea1f7-d102-4636-9b01-0f253ce879e6,10,1:53.32
22bea1f7-d102-4636-9b01-0f253ce879e6,9,15:12.5 15:13.5
22c031b9-9295-47b0-b350-cb7ca343f873,10,3:46.02 3:61 10:84
22c16815-d896-4718-925d-40aa1602d35c,10,10:420
22c6f76e-02b4-449b-bae9-76d847b8e992,10,15:18.02
22caab4e-7bda-4661-84fa-433618e1ce6d,9,31:19.2
22ce3c37-3020-486d-9c31-d64e0e206859,10,10:3000
22ce3c37-3020-486d-9c31-d64e0e206859,9,10:404
22d0dbbc-1387-4ca3-ac93-7609e6c5a9fd,10,2:67.72 17:27.36 22:39.99 23:31 24:40.51
22d0dbbc-1387-4ca3-ac93-7609e6c5a9fd,9,5:27.16 6:18.5 27:18
22d780b8-4fe0-4745-b033-bcae65f71ae5,9,25:5.5
22e74146-42cc-445a-abc0-07324a53c624,10,7:13.5 10:20 23:12 30:12.5
22efddb7-a6f2-4f82-8282-00c6dca96c57,10,24:132.5
230794d6-4162-47e4-b972-51fb16539d43,9,10:73 23:66.23
230b488b-3328-450e-84f2-ec08e9ebac2f,10,19:90
230fc221-98db-445d-992e-b3f06e9e3b80,10,24:160.5
230fc221-98db-445d-992e-b3f06e9e3b80,9,30:54.61
23180416-90fb-4f2a-accf-9b97cdf26cff,9,19:19.24 21:12.75
231ba4cf-d1f8-4f30-aac8-3efedd09df38,10,11:13.12
2336b78d-f677-4636-b234-fc40747599f6,10,8:113.5 10:150 14:274.99 31:250
2336b78d-f677-4636-b234-fc40747599f6,9,8:44.56 10:61
2336bab2-5acb-4bc7-8b93-33c5d79479e0,9,18:45
2346a64d-bd44-4963-aef1-f0f1600fcc38,10,5:28.99 15:29.99 22:18.5 23:29.99 25:20.5 28:35 31:20.5
235e6a6f-4ee0-44b9-91b7-99adf3beb410,10,16:116.66 20:46 26:44.99 28:55
235fc43b-6ac9-4be1-9c7e-0640c4989c55,10,17:28.15
2360236b-a86f-444b-b8a6-79ddf830979a,10,4:99.99 5:99.99 6:99.99 11:99.99 12:99.99 15:99.99 16:85 19:99.99 20:84.99 22:99.99 28:99.99 30:99.99
2360236b-a86f-444b-b8a6-79ddf830979a,9,26:30 28:34
236d10ab-0b30-46d6-a8f7-8f6ce1971bf3,10,3:335 19:130.5 21:175 24:198
236d84d3-6b78-476f-b104-a93250646942,10,22:540 24:222
236f51d8-6032-4e8f-bbe8-6535e6c8185a,10,15:182.5
236f51d8-6032-4e8f-bbe8-6535e6c8185a,9,8:46 10:66 22:85 27:79.99 31:220
23864088-547c-4a0e-a3bc-975d1c5ef550,10,1:16.5 8:17.52 8:26 21:11.5 26:15
2388ca43-b77e-4708-b54a-e54f61101272,10,3:31 30:55
2388ca43-b77e-4708-b54a-e54f61101272,9,11:12.62 14:15.5 25:9.99 27:12.74
238bf792-7023-434b-b43f-8054cdea28cc,10,14:70
2395b541-a461-477a-a537-6d0377b87cd4,10,7:45 19:59.99 19:59.99 20:46 26:32 29:56.95
2395b541-a461-477a-a537-6d0377b87cd4,9,31:20.29
2395fdfb-930d-478e-9278-86e1400bf6a1,10,7:12.5
23a00672-0075-4be2-9922-ccfb862d14aa,9,10:107.5 26:119.99
23a47520-dbe6-4578-9b31-718d9ae00064,10,13:74.99
23a607e4-fda0-421a-b861-00f920f9c2c9,10,3:96 23:92
23a607e4-fda0-421a-b861-00f920f9c2c9,9,3:50 12:50 13:65.38 23:38.95 24:27.6 24:37
23a7ae15-bcb8-4deb-9835-a11e01b37a52,10,3:24.5 5:62.95 16:20.5
23b47d73-de45-403c-b108-baaf14a63831,10,30:200
23b5cb14-865d-4a6b-a9ad-fa79575e8b39,10,5:160.92
23b7e1bb-6faf-4506-9d7b-ce5e03109b1a,10,3:115 6:159.99 9:126 13:139.99 14:100 16:124.29 18:135
23b8e0a6-1e9c-4a8e-b833-7e3108520e29,10,1:14.27 1:34.99 3:21.6 4:24.5 4:30 8:26 8:26.69 8:28 10:18.5 10:30 10:35 11:21 11:28.99 11:36 12:30 12:56.46 14:30 16:15.58 18:17.52 19:21.5 21:23.31 23:32 24:17.52 24:19.5 24:21 24:26 24:29.85 24:59 29:21 29:35 30:18.88 31:22.5 31:25.2 31:37.22
23b8e0a6-1e9c-4a8e-b833-7e3108520e29,9,1:5.5 1:5.5 1:12.5 2:10.5 2:12 2:36 4:10.51 5:9.05 6:13.5 6:14.99 6:15.19 8:10.4 10:15.63 10:31.49 12:13 13:11 13:11 13:15.53 14:17.51 15:13.99 16:14.99 17:11.51 19:15.53 21:10.5 21:12.5 21:20.5 23:9.99 23:10.95 24:8.5 25:10 25:10 25:10 26:7.01 29:13.5 30:11.5
23bfc8d1-0630-44ec-b69e-7ecd61ed3766,9,31:12.5
23d00911-cb83-4a24-9a63-4480785dd119,10,7:82
23d4fde1-fecc-41c9-9544-f18a98758573,10,23:85 25:116.99
23d4fde1-fecc-41c9-9544-f18a98758573,9,30:25 31:20.5
23d61b5e-8960-4e6c-8fe7-6ce4385bba63,10,15:39
23d8b271-de68-4b53-af1b-eca3d5c3a37d,9,15:51 24:137.99
23e5c3f2-6432-40f1-a649-c10475bd0af1,10,31:36
23e5c3f2-6432-40f1-a649-c10475bd0af1,9,24:20.4 29:16.5 29:16.5
23f96dc6-bbd0-4d7a-aa60-8fb56849ffdd,10,3:38.99 15:38 17:30 21:52.99 23:32.15 27:32
2410db6a-2753-4d1e-b8dc-21f2b5744149,10,5:160.92 14:106
2410db6a-2753-4d1e-b8dc-21f2b5744149,9,5:16.1 5:17.5
241bc034-a37e-41e5-91d6-ba7e339a6e3d,10,4:96 22:105.09 24:138 27:149.99 31:118.5
241bc034-a37e-41e5-91d6-ba7e339a6e3d,9,19:35 23:35
24240ff5-1e73-49ca-afb7-2571a493c74e,10,19:99.99
24272921-5638-4017-91f8-6ee62c1cb9f1,10,31:334.65
242926a0-ce08-4a3f-aa21-174df79dceee,10,3:55 10:56 16:37 26:99.99
242926a0-ce08-4a3f-aa21-174df79dceee,9,2:35.99 4:33.55 8:16.05 8:17.5 9:13.02
243056b1-fe99-4aeb-9f23-da809314c861,10,1:44.3 1:50 3:42.75 3:48.06 4:45 4:51 5:51 6:45 6:51 7:52.77 9:48.1 9:54.08 10:31 10:31 10:31 10:46 11:35.02 11:35.02 11:49.01 12:59.99 13:41 14:39.99 14:50 15:31.02 16:49.95 17:27 17:39 17:43 17:45.99 17:134.05 18:52 18:55 19:35 20:49.99 21:40 23:39.99 23:59.99 24:39.99 24:54 25:40 27:54.99 29:50 30:42.92 30:43 30:45 30:49 30:49.99 31:49 31:60
243056b1-fe99-4aeb-9f23-da809314c861,9,4:16.8 9:28 11:29.99 12:18.5 15:24.99 17:20.5 21:32 24:24.99 24:25.02 24:26 25:27 28:20 28:36.03 30:24.99 31:16.78
2431f908-b44e-4b8a-bf03-e4b33bdba473,9,10:202.53 31:167.5
24452b24-c2ef-4ada-a193-426f04bd1928,10,2:80 16:71 30:39.88
24583b6e-ca7f-4645-b49c-ca438eb2b508,10,7:85
2458f873-82f7-4ccc-9c71-fbef21df6236,10,18:81
2461e568-3cc0-4ef1-bf78-e742c5577ab6,10,5:260 26:228.5
24620873-cd7f-4a11-8ffb-5ce17cc4b952,9,18:45
246870d8-5ade-4212-b840-291ed19d9883,10,9:18.5
246873d9-6d12-4a48-a5ea-6feda31c2fc6,10,24:17.5
246cbd68-74b8-4402-b75b-9aee4f916085,10,5:192.64 6:121 7:115 11:180.39 28:107.5
2474f9ac-b579-40b9-8cd4-957898d8e7e9,10,3:156 9:230 11:220
247d4431-485a-493f-9101-461790ab0b5e,9,5:7.49 30:10.5
247eddbc-5f6a-499d-9aa2-c5979b9398b2,10,6:70 17:66.12 25:60
248d6c19-18f5-4f14-ba59-9efb3448faf2,10,2:235.5 2:257 3:215.5 8:251.97 8:255 14:285 15:232.5 15:290 16:255 17:242.5 24:255 24:270 28:265 30:215 30:325
248d6c19-18f5-4f14-ba59-9efb3448faf2,9,4:132.5 17:125 28:130
24949953-eb8d-46aa-9ecf-735984e1d937,9,25:96.12
249a9dd8-2a6e-4124-a485-ca0e530d1d69,9,17:33
24aac999-4025-4bda-a12a-5d4942b4a281,9,17:108
24ab7f53-bb65-49cc-8ddc-52ff463b534c,10,17:19.2
24b6dec3-7dbf-4d96-b519-79452c18157c,10,3:46 3:49 5:39.12 6:42 7:42 11:64.99 16:94.99 28:55.99 31:44
24b6dec3-7dbf-4d96-b519-79452c18157c,9,26:15.5
24bfd07f-b0e7-4edd-b743-cccc416106f1,10,6:124
24c1d6d7-67e7-45e1-9934-4c0d6ffd6397,10,3:17.52 3:26 4:23.07 13:17.53 16:19.99 22:13 24:15.55 26:25 27:13.2 28:17.52 28:19.5 31:12
24c84450-64da-48d3-b03d-8b9826b10cac,9,25:51.01
24c87413-5601-45d0-a375-c99422b9a40a,10,2:29.99 3:37 5:20.5 5:29.99 7:26 7:29.99 8:28 18:18.5 18:28 20:32 21:29.98 23:25.99 26:29.99 26:34 27:30 31:25 31:35
24c87413-5601-45d0-a375-c99422b9a40a,9,1:12.5 11:23 15:12.5 17:13 17:15.5 19:11.99 24:10.5 25:14.52
24ca2f43-ef6a-426a-ae90-ccbd9b49842e,9,23:22 25:20
24d057b8-8bfd-4df9-9f72-271da06cbbf8,10,25:300
24de3029-1310-41dc-bb0a-df4816b12e67,10,3:100
24e0939c-fd09-4f2e-b2a6-820a833eaf27,10,17:239.99
24e0939c-fd09-4f2e-b2a6-820a833eaf27,9,24:36
24ebec2d-d93f-4ab1-aa10-615e3cf50be4,10,3:121 7:124.5 8:105.12 12:89.11 14:225 17:91 18:125 21:85.5 24:123.5 26:109.5 27:109.5 29:84 31:86
24ed84ee-dd3c-450a-a7ec-b6cdc8f7e952,9,16:10.5 16:11.52
24f3dee5-2577-4a23-882c-e93b484a1940,9,20:100
24f5269e-fbbb-4513-a555-a29af1fdd53d,10,2:100
24f5269e-fbbb-4513-a555-a29af1fdd53d,9,1:49.99 4:34.82 17:26.51 19:30.86
24fcc78b-6d34-4a38-b907-ff47b537ceb2,10,2:325
250c16ab-6075-416e-a481-75b68a938c63,10,16:100
2519948d-66ee-4247-9c17-d96b211def18,10,8:113.5 29:120
2519948d-66ee-4247-9c17-d96b211def18,9,2:200
2526f182-dc38-4a38-8f03-7beef9b61310,10,24:160.5
2528c424-3d60-4a13-a4f5-8e4fe06bce0e,10,13:60.63
2528d5dd-1db6-4fe3-93b6-863183a8516f,9,10:5040
252a61e8-a844-4276-9096-79b7d75f3065,10,22:379.99
252ad824-18e3-4c23-b13c-16297336464b,10,6:149 18:78 26:76
252ad824-18e3-4c23-b13c-16297336464b,9,6:19.06 7:49.99 28:15.5
252b6b19-6f2b-4be2-9c9d-14e05d1a04f0,10,6:45 19:32 19:40 24:21.6 25:31 25:31 27:23.5 31:31
252bf7cf-2377-4e50-b5f1-cfdaea6f94c5,10,30:149.99
25368577-df9d-47fa-b32b-3a01f698cc34,10,1:65.89 9:65.67 10:31.68 10:34.8 11:65.41 13:95 16:22.5 17:31.16 21:66.04 29:41
25368577-df9d-47fa-b32b-3a01f698cc34,9,3:19.99 4:19.99 5:24.23 5:34.92 7:17.48 11:20 13:19.99 24:35.06 27:18.05 29:35
253898b7-28e5-43b1-951b-51d2485d2510,10,15:17.11
2553358c-7747-4d28-8c25-9f0cae0d1fb4,10,30:76
2553358c-7747-4d28-8c25-9f0cae0d1fb4,9,1:39.5 2:26.25 7:18.5 13:12.62 18:23.53 21:28 24:20.5 26:22.5
2556de70-dabc-43d3-9278-8ea99d66e2bd,10,3:108 3:126 3:132 4:142.5 10:126 13:130 17:131.95 17:199.99 24:126
2556de70-dabc-43d3-9278-8ea99d66e2bd,9,8:35
255997d9-1ab5-4c3d-9cdc-0cb7dc60f052,10,4:107.32 20:150 26:160 31:199.9
255be64a-cf89-41a2-b770-751634c06199,10,30:37
255be64a-cf89-41a2-b770-751634c06199,9,3:17 30:9.52
255f59d4-7563-4fde-a73e-4d954af7e896,10,14:360
2563cdf3-fca9-4809-bc1e-543015c473c0,10,24:89.99
2568b6ec-0683-498f-a51f-50949d34108c,10,17:66
2568b6ec-0683-498f-a51f-50949d34108c,9,14:44.82
256e2e4f-fee3-42b3-98e4-4cf13ab5bbc7,9,31:65
2574f333-3771-4f27-90de-2daa12f02e54,9,10:20.5
2577454c-f7de-4583-b837-1104549a1e7f,10,13:250
25791283-8755-4ec6-9fa9-e9f12cbf9bbd,10,4:69.41 8:36
257992df-ba3d-4ddd-a165-3b1bfa8f1bec,10,20:89.99
257f1575-5f72-4fe7-921e-51be8b52ed6f,10,16:121
257f1575-5f72-4fe7-921e-51be8b52ed6f,9,16:29
258ec943-8c70-4d65-bb8d-6ff422434198,9,3:81.6 9:131.5 17:60 17:89
259cc9ca-77f0-445d-aa59-34dec786cf2f,10,7:95
259da100-be81-4326-a6bb-7830d86c336e,10,31:200.5
259da100-be81-4326-a6bb-7830d86c336e,9,3:33.02
25a8ad8c-3c9d-4f7b-b057-e3591a228835,10,3:83 9:150 10:86.4 19:100 27:90 28:199.99 31:199
25aa6c83-4557-441a-bfc8-c6afe5588dcc,9,20:16.5
25c18350-c9bb-418c-a883-688e2c61ea4c,10,3:432
25c8042b-0113-4243-bcfa-6f0e68e64c48,9,10:86 21:140
25cb759e-46bc-4df5-8816-dcfa58a3f2a9,10,15:27
25d89898-b587-47ea-9dfa-e4adf3b23c39,10,4:54 13:127.5 21:70
25df382a-ad05-4899-93c4-a4c3ed7b832c,9,9:72.16
25e275f2-94ae-45a6-b026-9cf3804554e4,10,25:41.01
25e2dec6-e27b-4b25-93bb-d759993a3517,10,17:67.2
25e4d8ac-20b3-465a-a860-9acd2a6eb2c8,10,17:198 18:125 24:70 26:51.69 31:62.4
25e584fc-afbd-4dcf-b702-b54b7f1e11da,10,3:31 10:53 10:69.99 24:34.8 26:66.25 27:69.99 27:91.2
25e90be7-3c2a-423f-9ece-d8d187869f05,9,3:295
25f75909-18da-4e64-9f8a-52a432eba615,9,3:23.22 5:36.03 22:42.99 24:28.8 26:33 30:57.99 31:39.6
25f82603-ed84-44de-9aa5-02aa91d6b37c,10,18:280
25fda261-2bc8-468c-bc06-e3c7d255c051,10,10:58.8
26068566-a4fe-4217-a04c-cd21899263d5,10,23:109.99 28:125
261e539e-6494-469e-a0fd-289eae0fa19c,10,17:58
26274671-f754-47a0-ae99-92c0772edc76,10,17:27.6 21:42.67 24:42.85
262d0269-31e5-4430-bf48-f4499277fecc,10,14:55
263d45c7-44a9-4b85-a4a7-ce0f62abd578,10,1:20.5 2:16 2:19.5 2:19.95 5:17.52 6:29.99 9:20 9:25 11:17.52 11:18.51 12:14 13:33.88 16:17.52 17:13.68 17:17.52 23:17.52 23:24.99 24:17.5 24:17.5 26:22.5 28:10 29:18.5 31:14.4
263f0c0c-2939-4682-9eeb-e2bf4bcc59ce,9,3:182.5 10:162.5
2640aa75-9574-4f35-b6d4-759ef80c29a7,10,7:255
2643b9e1-1855-4b49-aaec-bddd28007ebe,10,3:610 9:490
2643b9e1-1855-4b49-aaec-bddd28007ebe,9,15:131.19 16:101 17:110 18:105.5 27:120
2649ee54-1b4a-4e66-8fcc-17945efd06ba,10,18:14.99
26516f9f-67ef-4b7f-96af-815a3c865dff,9,22:130
2657a949-d9fc-423c-8284-37cad773654f,10,15:25
26589fe7-91b8-4e7a-9ffb-13119c5cb094,10,15:15.5
265b7df4-80bd-47b1-85e2-ed3d0a185692,10,9:690 10:800
265b7df4-80bd-47b1-85e2-ed3d0a185692,9,3:205.3 3:209.79 4:209.79 10:178.5 10:200 17:225.5 20:137.5 24:152.5 26:152.5
26665321-7471-423f-945e-b1b5b0d7ac58,10,14:31 18:11
26712ccb-0d6a-4827-a569-6c180dfe978e,9,20:16.99 26:16.99
2685d1c1-9348-4b8e-908e-c56b0d0f1749,9,10:79.99 17:54.5
2688650a-d7cb-43cc-a567-f27e9648cfb6,10,18:188.54
2688650a-d7cb-43cc-a567-f27e9648cfb6,9,22:37.95
2689a44a-d79f-4bbc-be5b-d07db133157f,10,21:374.99
2689a44a-d79f-4bbc-be5b-d07db133157f,9,10:127
268c5994-2aa1-48a1-9a6f-1fd217e6752e,9,17:138 31:111.77
268e0df4-0a91-4a5a-915c-5dd317b7e3ee,10,6:1000
2692f20e-62a3-44a2-9200-41b0aa49fcc5,9,27:85
26a895b2-1f78-4141-8866-1eb817051516,10,8:22.5
26afdee6-d725-4cd1-9b9e-4a4ba9c9ed1d,10,5:26.98 7:28.13 21:36
26afdee6-d725-4cd1-9b9e-4a4ba9c9ed1d,9,3:10.23 11:15
26c00f6b-3e9e-4a22-a10a-5d6837a35e25,9,20:1600
26c214ed-7619-40d5-83a6-f493bde84968,10,20:80 26:80
26d29faf-f112-4f0c-beed-14acf6363d63,10,10:2130 26:2690
26d43238-40d9-42eb-b1c4-547eb8446d29,9,19:71
26e254f9-0694-4ddf-b0eb-5c119dc12b90,10,4:18.27 4:18.31 5:19.53 11:72.16 23:15.02
270205b5-dda8-42f4-a1fc-cdc5d7fb4005,9,2:20 24:29.28 25:30.82
27131780-808d-4f93-830a-26f10bd28b43,10,10:115 13:160 25:100 25:200
27167656-910e-47ec-927e-6809ea940b39,10,19:18.05
271accad-cccd-41e7-b343-e50bd224fc08,10,24:285 28:300
27390de3-c206-4778-8097-60475ae06f61,9,9:35
273a68b4-5462-4b67-98b0-f018d84b9651,10,29:110
2741c288-1ad8-476e-8046-52cc749d9982,10,15:23.5 24:13.52
2749422b-139f-427c-949e-7c050ab03877,10,2:15.5 4:26 9:20.5 20:28 25:25
2749422b-139f-427c-949e-7c050ab03877,9,14:13.89
27500ffc-e1c8-4770-a2ac-15d21470d779,10,8:500 10:482.24
27500ffc-e1c8-4770-a2ac-15d21470d779,9,11:232.5
275cec6b-60d2-47d2-ae25-989dd85eea82,9,3:64.59
275e207a-1f54-4fe6-9f0d-39c0dac5baab,10,17:301.61
2779ad1b-8d08-415a-8693-a4646a0f977f,10,17:31.2
279c9cfe-771f-4e68-9b52-22e5346fb64f,10,22:396 22:420
279c9cfe-771f-4e68-9b52-22e5346fb64f,9,24:131.5 25:138.42
27af58ff-351f-4c28-929f-4b7dbacece5f,9,3:52.8 5:62.78
27c77a0b-1e98-458b-8d04-4fa23863d3a2,9,8:153.5 23:140.5 29:179.95
27cd2a0d-ec60-4727-98e7-40069b24b7c0,10,20:37.87 23:41 28:60
27cd2a0d-ec60-4727-98e7-40069b24b7c0,9,14:29.99 28:18.5
27d490ad-15af-43d5-8f83-a5806a840198,10,24:222
27f7ffe8-396a-4ff4-a81e-d1fb7f41cce3,10,23:255
27f9fa66-7293-4988-9faf-7e173f5d07b9,10,13:18.99 16:12 23:25
27fa94a6-0f62-4481-bf0c-759aac570318,10,15:40
27fd4d1b-d69f-4dab-9b21-b0a9a379c895,9,31:30
2806c2d4-abfc-4ab1-bf00-3ff10b8d0a6e,10,17:328.42
2808ab80-f742-43b9-a934-1233a9047a97,10,16:222.5 17:200
2808ab80-f742-43b9-a934-1233a9047a97,9,26:100
280c79b4-fccf-4ac0-bf9e-047da8584246,10,1:300 12:341 30:750
280c79b4-fccf-4ac0-bf9e-047da8584246,9,1:100 3:95.99 4:110 8:114.99 8:175 10:105.6 18:88.88 24:78.77 24:89.99 24:102.5 30:68 31:49
281b6771-690e-47a3-aca8-38bb3c1f72fe,9,13:68 24:37
2821e1ab-794f-4c90-9f90-19b27906d65c,10,14:43 15:84.96 17:47.92
2823c6c7-59bd-4792-8cf4-e755ce89f4a5,10,1:20 1:21 1:26.25 1:29.49 1:29.9 1:29.9 1:29.9 1:29.9 2:24.99 2:25.5 3:28.99 3:30 3:44.42 4:24.99 4:36 4:37.22 5:21.5 6:25.49 7:24.99 7:25.99 7:44.4 8:23.5 8:27 8:36 9:17.99 9:23 9:26 9:29.95 9:38.48 10:21.5 10:22.52 10:25 10:25.2 10:25.49 10:35 10:36 11:17.99 11:18.36 11:23.5 11:26 11:27.7 11:30 11:30 11:39.99 12:17.99 12:18.5 12:20 12:24.49 13:17.99 13:24.5 14:21.5 14:22.5 14:22.52 15:26 16:17.99 16:19.5 16:30.4 17:17.99 17:19.38 17:22 17:25 17:25.2 17:26 17:27.5 17:27.6 17:30 17:31 17:31 18:17.99 18:23.5 18:26 18:26.99 19:17.99 19:25 19:26 19:26.99 19:35 20:26.99 20:30 21:26 21:27.19 21:28 22:20 22:32.99 23:21.61 23:22.5 23:22.52 23:26 23:26.99 23:27 23:28 23:29.99 23:31 24:18 24:21 24:21 24:22.5 24:22.52 24:23.5 24:29.99 25:18 25:19 25:23.75 26:26.99 26:29 26:29.99 27:17.52 27:22 27:25.99 28:21.5 30:20.5 30:21 30:27 31:22.02 31:26 31:27.99
2823c6c7-59bd-4792-8cf4-e755ce89f4a5,9,1:10 2:12.5 2:13 3:12.54 3:18.52 4:13.02 6:15.5 6:16.5 6:18.99 7:15 7:16.19 8:13.87 10:10 10:10 10:10.5 10:15 13:18.5 14:12.99 15:16.01 17:13.2 17:13.52 17:14.52 17:18.5 18:16 20:12.5 20:12.99 21:11.98 23:14.5 23:14.5 23:15.5 23:16.19 27:9.5 27:12 27:18.5 27:20 28:19 28:21.22 29:15 31:12.95 31:14.49 31:15.99 31:17.5
282723d9-ca8a-4678-b2ad-f4509f93865a,10,3:80
2828b870-0377-4d9c-9b78-3616d5f006ab,10,3:232.16 4:299.99 4:299.99 5:271.63 6:299.99 10:248.01 10:300 19:288.99 31:147.5 31:277.05
2835138a-7680-4934-b3f9-f68225e0e28b,10,5:295 17:269.8
2835138a-7680-4934-b3f9-f68225e0e28b,9,2:49.99 3:60 4:63 5:50 5:50 5:70 9:59.99 11:82.5 13:57 14:72.84 19:40 20:48.95 24:49.99 24:49.99 24:58 25:60 25:76 27:98.88 29:54 31:51.6 31:60.04 31:62
283cf31c-9cc6-4728-81bb-669eb52e492a,10,6:265 9:179.99 9:179.99 14:198.99 17:153.9 17:155.42 17:159.22 17:216.61 19:176.32 19:184.07 20:175 22:155 24:130.49 24:148.41 24:182.68 26:175 29:155 31:126.82 31:132.67 31:135.4
2844b794-1959-4fa0-bcc8-42c611b4bc87,10,24:166.5
284aedb6-5aef-466c-8821-69d46e424f40,10,16:129.2
284aedb6-5aef-466c-8821-69d46e424f40,9,2:42.02 4:68.87
284c3d28-0b7d-4c4c-bf74-644982843cd0,10,1:423.84 3:252 31:150
284c3d28-0b7d-4c4c-bf74-644982843cd0,9,4:90 6:69.99 14:59 17:59 29:144.35
284dfffc-05ce-4f9e-8a81-6001e45b023f,10,24:51
284dfffc-05ce-4f9e-8a81-6001e45b023f,9,30:23.98
2859478b-b508-4ec7-ae40-e7d938c2f096,10,3:26 3:44.99 14:25.02 14:27.75 17:26 17:36 26:20.52 31:34
285cc195-5899-4716-9648-f7226cfa5f34,10,8:49.99 19:22
2865dd7d-534f-4eb7-9963-2226fa48e4f2,10,20:39.99 31:42.5
28674b82-74d8-481e-8782-b41807653d51,10,13:20.5
286943a8-a881-4ada-a7c4-f303d2a1249f,10,3:20.52 4:98.19 6:34 24:15.52 28:14.5 28:17.5 28:25 31:15.5 31:21.5
286fae2c-046d-4ec4-8ee9-98377a3e557c,9,15:14.5
287a0e15-3704-452a-abbe-7dac2abdac78,10,14:152.5 24:152.5
287d190b-b7d7-4d06-adbd-88069982ab77,9,8:128.5 10:144
287ee447-b965-4465-94cb-932563b3073f,10,30:48.85 31:47.02
288e3fe4-c084-47ce-b111-28a371a5310f,10,7:825
288e3fe4-c084-47ce-b111-28a371a5310f,9,6:125 10:126 10:126 10:132 10:132 12:120 15:155 17:126 17:145 18:150 24:195 31:126
2892fccd-51fa-4888-a636-88ea1cedd1ed,10,4:345
2896cd92-4e1d-4074-9aaf-8f3c1eb743b5,10,18:113.5
2896cd92-4e1d-4074-9aaf-8f3c1eb743b5,9,25:24.38
28abef86-e76a-4cba-91de-f0d8beaca2af,9,3:75 3:90
28b457ad-309c-4ddd-97ae-db98b5e7681f,10,3:52 21:80
28b8f99c-590a-4eca-91e3-e01a1f00c209,10,3:203.49 4:290 23:261
28b8f99c-590a-4eca-91e3-e01a1f00c209,9,5:51.27 5:54.81 8:59.95 18:38 31:42
28bcacbf-382f-48fb-a0bf-160747116468,9,10:84
28bf424a-ea20-4e5b-9c3c-57cbd375ee22,10,18:212.5
28c9fcd9-265a-478f-a5ba-7f7fb6a1f540,10,8:150 15:190.28
28d53384-ccb5-45e6-af55-ae2f9cf94f55,9,11:24.99
28e0d2f9-a0b9-432e-bbc3-f53f196ae73e,9,17:28.8
28eddaa1-1e5a-43db-8b13-d7373fd1dc77,10,9:159.06 10:162 22:325
28fb55df-01f3-4ce3-aee7-ae26b3fa2a3a,10,7:9.99 7:21.5 11:15.5 25:10.5
290e87f7-a5b8-466a-8f92-34eb02049864,10,10:79.2 17:79.2
29128d2d-c7b8-431a-9a51-9b41bfd89178,9,30:324.99 31:325
292b0d0e-f3ae-4d10-8acc-3967c1486a7e,9,21:60 23:109.99
292c5635-a37e-4371-8cb5-53ecc5dfbac7,9,17:20 31:30
292e51bf-f49f-451a-838e-b400b19f2fe4,9,18:36.69
292eb675-c853-410b-b477-590944d9931f,10,13:202.5 16:374.87
292eb675-c853-410b-b477-590944d9931f,9,21:70 24:52.8 24:55.2 25:69 31:67.2
29385b04-b87a-4c02-b55d-736596bbe245,9,3:26.01 10:25.02
29386e65-544a-4f03-9b39-ebf1263d3627,10,17:84.74
29481f26-6b0f-4476-af6f-8fa98397937a,10,24:390
294ee29a-38b8-45fc-80ad-07b6da45c5e7,9,2:260
29586f44-2ab0-4e70-8bb4-82a6f245ab37,10,29:362.69
2971ccca-69c2-4704-9f80-61233e3342fb,10,17:54
297bceef-b922-4b2a-9ab3-e847fd5b5b36,9,7:52.11
298481b0-7bd3-4021-af2c-0253657b38a1,10,1:22.52 15:19.5 24:15.5
29911881-8311-46e3-a11c-6f159ed51db0,10,12:50
299673b7-2697-4abf-b101-7bb0d8bc3f7d,10,7:90 18:107.5
29ba87d6-afc8-48fd-8921-0f4a432d5fde,10,5:325 31:336
29bdf353-e3d3-4289-a6e1-b5368cea61ef,10,3:148.5 4:170
29bdf353-e3d3-4289-a6e1-b5368cea61ef,9,3:32.4 17:31.2 21:35.02 31:36
29c02829-cc28-40b5-b78b-d6a4b96522f8,10,9:225 25:255 25:300
29c02829-cc28-40b5-b78b-d6a4b96522f8,9,1:17.5 1:36 2:12.5 2:25.73 2:30 3:18.24 3:20.5 3:24.99 3:29.99 4:20.39 4:26 5:17.85 5:20 5:21.5 5:24.99 6:29.5 7:20.5 10:10.52 12:22.5 12:45 13:22 13:51 14:19.6 15:19.5 15:20 15:20.5 16:10.5 16:28.5 17:15 17:18 17:20.5 17:24.88 18:26 18:34.19 19:15 19:15.52 19:32.95 20:26 22:19.5 22:25 22:29.5 23:20 23:24.54 24:25.45 25:14.5 25:34 26:18.5 26:19.99 27:21.98 28:18 28:22 29:25 30:19.99 30:20 31:20.5
29c221d2-4073-4440-9022-5d1339b2653c,10,2:39.99 3:18.52 31:26
29c221d2-4073-4440-9022-5d1339b2653c,9,21:14.99 21:19.99 23:17.51
29ce4e49-edff-4d4d-bfb2-067caf29f8da,10,10:780
29ce4e49-edff-4d4d-bfb2-067caf29f8da,9,6:166.5 8:137.5 15:265 23:137.5 24:147.5 31:132
29dbb142-a87c-49ec-b376-9684e82b9d8a,10,2:17.52 8:42 17:20.5
29e5e6b9-9f91-4499-b0a5-2f127e9395ef,10,1:17.99 1:22 1:23 1:23.71 3:39.99 4:23.22 6:18.5 6:22.95 6:23.99 9:20 10:19.2 11:15.5 13:20.5 13:21.63 16:13.5 17:15.96 17:18 17:24.95 18:17.5 18:23 20:13 20:17.02 20:24.99 21:23.31 25:19.5 25:20 25:20.5 26:15.99 26:18.52 27:15 27:22.52 28:20 30:15.5 31:17.5 31:32
29e889a0-5fb2-4a01-8f8f-3c51eda338ac,10,5:137 11:168.36
29f7a52b-9a77-44dc-9045-2ce1d2a00551,9,10:62 26:51
29f7bd24-de81-45f4-9df8-8c67a72b04b0,9,3:72
29f8e355-f5c6-407d-b25b-73ae48b2c161,10,11:101.72
29fad438-a46d-4839-8df4-d2c2f4b83483,9,14:36.99 27:35
29ff4129-688b-4d06-85d1-f70116c01227,9,17:210
2a00c52c-4d79-4351-8fa5-2b89cbc04000,9,4:6.5
2a06d37e-ef0a-4362-94e0-2796ac70e0ea,9,31:22.8
2a1e28ca-418f-4b94-a647-0135e398a8be,10,15:18.5 19:17.52 28:21.05
2a2556f1-8c86-4cc9-9eef-389ce5806303,10,17:36.55 30:31
2a2aece9-7ee3-439a-a809-1aeafbf469a9,10,18:71 26:66
2a2faddc-b97f-459b-abcc-efd8ef48077c,10,8:29.97 14:33.99 20:18.02 22:29.99 30:22.01
2a38aee8-761d-408d-a661-9ca765af9b4f,10,9:40
2a4c462b-a15e-4108-b6ec-bf49ca6306d1,10,10:250 22:298.71 24:212.5
2a4c462b-a15e-4108-b6ec-bf49ca6306d1,9,3:39.6 3:69.63 7:45 10:64 13:89.99 20:89.99 23:60 26:60 26:66 29:49.99 31:60
2a5643ab-d452-47a7-9832-fe90d8ce5797,10,9:172.5
2a5758c1-209e-4327-8ed7-4d6334b4ef48,10,13:68.96
2a5b3a6c-7ad0-4660-be94-5560a7c75fb9,10,4:66 15:74 26:66
2a5b3a6c-7ad0-4660-be94-5560a7c75fb9,9,4:30.5 12:31
2a759a7a-96b9-40d2-af65-54cbafc63d1b,10,17:31.2
2a7ec721-972f-4d91-b880-0968685eed94,9,16:250
2a81dc45-90f4-472c-a5d4-16bdf105873d,9,13:36.99
2a93954d-4780-4421-bff2-38c604340f3d,10,20:675
2a93954d-4780-4421-bff2-38c604340f3d,9,9:349.95 14:395 23:360
2a9aec78-a43b-44d2-bde6-2df5fa1f73d1,10,20:12.99
2a9b3ee8-430a-498b-9471-f1402ec61cd2,9,28:34.88
2aa618f4-cf85-4978-a21f-a3ae82142b12,9,30:415
2aabcee8-6b70-4ec5-84b8-a7589d0ce2a6,10,16:207.5
2aabd08d-f07d-4dbf-a417-2a6bb63905f5,10,20:247
2aabd08d-f07d-4dbf-a417-2a6bb63905f5,9,5:29.49
2aacd67a-75c2-4f09-9010-eb7fd61f705a,10,9:61
2aacd67a-75c2-4f09-9010-eb7fd61f705a,9,11:14.76 12:20.53 27:11.5 31:14.4 31:25.95
2aaf953f-9016-4310-a2fd-d040df45fb0c,9,4:119.95 17:50.94
2ab7e7e2-3d92-4c7c-85c3-c2a9c80b3a2e,10,3:300
2acd8518-bddf-4e1c-98fb-018a0d7e2dfe,9,16:55
2acdced9-e222-4b69-a1ad-fce5376f9e55,10,17:46 17:82
2acdec3e-856f-443d-925a-d09dd16cb34b,9,1:210.42 10:200.5
2ae0c2d6-192f-4fe7-a988-8d57dcfcea5a,10,7:200 8:300 17:220.25 27:289.95 30:225
2ae0c2d6-192f-4fe7-a988-8d57dcfcea5a,9,1:100 13:55
2ae97427-cb0c-48aa-aef5-ece835499615,10,2:61 4:74.99 6:60 6:80 7:99.99 22:57 22:65 31:105.5
2af88ff3-65b5-4e17-a82a-eebb46496d5f,10,3:42.99 6:62 7:79.99 7:100 10:63.08 10:72.23 13:61 17:39.51 18:29.99 22:55 23:74 28:59.99 29:56 29:60 31:42
2af95df9-3697-4aa2-ae60-f42636da6e09,10,29:15
2b03ba49-251c-440b-b5f6-ea350772a3e1,10,5:59.99 18:35
2b0aaae0-effe-4b19-84a2-d5c2138ed041,9,12:59
2b0c62a4-6657-4681-92de-93af4b17fe2b,9,4:213.5
2b1daab2-e8d1-465e-9c86-13dff7f2c5ac,9,6:420.69 14:334 30:328
2b30faeb-2b53-48c6-b8ac-b16c3bafec11,10,2:100 24:100 25:160
2b31906d-6423-4b24-b281-0d0cf231cac2,10,8:11.53
2b34ac13-f677-45f5-8987-f524b4d2a391,10,24:51.6
2b381367-f00c-4f0c-8b9c-5d513bf3bd05,10,19:77.5
2b43127f-d8ba-49b5-b8ad-eeaf446b5d15,10,7:66
2b4558c0-a2a7-4115-a5b7-cb77090b356c,9,7:35
2b50301f-c9ea-48f9-a1c5-92a4b5ffe640,10,24:135.5
2b51d72a-e0f0-4cfb-8da6-309c7de72ca9,10,25:75
2b59aba2-b259-41f0-8a9e-1ca56835f6bd,10,1:17.5 3:12.5 3:15.5 5:12.5 7:17.99 7:20.61 9:25 12:10.5 17:22.99 18:18 20:11.5 20:15.5 21:22.99 23:26 25:12.5
2b59aba2-b259-41f0-8a9e-1ca56835f6bd,9,1:12.9 3:10.5 4:8.5 9:14.99 13:12.02 14:7.01 20:12.02 20:12.5 30:16.78
2b5e944c-5ff8-460c-80b7-dd7ec75f7703,9,10:70
2b5fb4e0-0744-4625-8475-7029ef7a459a,10,10:34.99
2b795462-ce8f-49d4-8543-d60358d9eaa0,10,9:465
2b795462-ce8f-49d4-8543-d60358d9eaa0,9,2:250 10:138
2b7e7989-7899-47ac-a97f-238dc62a48ab,10,16:182.5 24:212.5
2b7e7989-7899-47ac-a97f-238dc62a48ab,9,9:38 10:42 17:59 24:46.8 24:55 26:60 28:59
2b857e68-3344-451d-a148-8753cf61c368,9,31:34.8
2b88dd6b-b2a0-489b-a5ed-ef2346de688c,9,3:247.31
2b892ea5-e010-400d-8500-0441e6c49406,10,24:138
2b99c3d2-14cb-4c1b-aad7-b1563d28279f,10,22:99.99
2b9d37d0-4db8-4dd1-8980-b3ccebbb4135,9,10:159.5 25:124.26
2bab2e93-ac37-4aa2-8b67-49be2eb409e1,9,5:56 7:59 13:99 17:88.8 18:101.96 24:81.6 28:57 30:75 30:89.95 31:84
2bac566a-1be4-41b8-8163-be97e617d524,10,3:395
2bb9d3b9-1167-462b-8692-70d2e2063726,10,4:13.88
2bba4250-f034-4e7b-8311-d837e307a344,10,24:49.99
2bbb76d4-18ad-4906-ba20-2ebbbafd19e5,10,17:475.88
2bbcbf85-ec88-43b9-aabc-e5e29a98e4bc,10,5:12.5 5:12.5
2bc1ce21-388d-4ddc-8409-9b3fd3c36776,10,9:31 14:50.55 17:31.16 18:25 21:36.99 23:46 24:28.82 30:28.98
2bd5e62b-8a9d-45af-9acf-079dc457312d,10,17:41
2bd5e62b-8a9d-45af-9acf-079dc457312d,9,11:21.5 31:24
2bd8e10e-6fe8-4c47-a1b0-b2ea7a16bee9,9,20:299.99
2be4da43-cef4-4111-8357-e10ff4d6c1c7,10,18:105.5
2be690d0-48a5-4ea0-a947-40af23287028,10,10:81 19:61 24:22.5 26:22.5
2bea0c5a-8436-498a-bd5c-2151f9f1a56f,10,3:112.85
2bea2a34-5651-467f-8dff-8a15a16e1059,10,8:17.99 30:15.02
2bf9d12e-a1f9-4e22-890a-3de845059ea3,10,4:51 6:47.01 7:89 12:73 26:66
2bfc0d6f-a197-4e88-be30-f8ff9675de72,10,16:18 30:22
2c00660d-0dee-45e4-9445-6e65d2ad6915,10,17:19.2 28:36
2c0459ed-3ce0-4e0b-89f6-c986a8f70ef7,10,14:250 24:228.79 26:167.5
2c0459ed-3ce0-4e0b-89f6-c986a8f70ef7,9,24:112.5
2c0610a3-34d0-41dd-bf47-34e715eee732,10,19:194.5
2c0610a3-34d0-41dd-bf47-34e715eee732,9,1:37 2:49.99 6:108.95 13:89.99 19:49.99 24:63 24:65 28:55 28:56
2c0cbdd8-7d7d-4864-b83a-923211564b5d,10,6:182.5 7:175 15:197.6 17:130 23:250 24:80.68 27:185.5
2c0fa13a-bc4a-4b5d-9372-e955fa4df19a,10,3:18.5 24:31.2
2c202263-1bb9-482d-9e64-5730b4b3d10f,10,3:46 13:53.5 14:20.5 17:35 18:38 29:38 29:42 31:31.2 31:75
2c210c58-ddfc-428a-9e44-f0a17f48b0d4,10,2:14.99 7:9.99 7:9.99 7:10.5 11:6.01 20:6.5 30:15.5
2c212df1-9ac3-4f61-866c-cb2b37bde364,10,10:150 25:139.99
2c238f52-0710-442c-8959-97ed4e131a03,10,3:372 17:227.5 24:290
2c238f52-0710-442c-8959-97ed4e131a03,9,15:175 24:103.2 25:89
2c296e07-fbe4-4814-bf6c-3328bf18b36c,10,3:29.9 4:35 5:41 5:44.99 9:39.99 10:31 11:30.99 11:39.69 15:18.02 15:32 17:30 17:39.99 17:50 18:52 24:22.5 24:24.01 27:38 29:34.99 30:32.99 31:36 31:60
2c2daf0f-a0d4-46d3-9cd3-e740ea6ebbdf,10,23:86.95
2c36a377-32a9-40b4-9282-09778b9e73f3,10,1:324.99 3:225.5 3:232.5 5:234.05 5:285 6:304.5 7:232.5 7:275 7:275.35 9:275 10:235.5 11:199.99 12:304 15:225.5 15:260 17:265 18:255 18:255 20:215 23:240 24:230.5 25:253 26:200 27:255 27:260 27:305 28:299 28:300 29:306.25 30:255 31:206.81 31:227.5 31:231.02
2c36a377-32a9-40b4-9282-09778b9e73f3,9,4:130 21:129.5
2c3eac1f-ddf1-4aaf-9bd6-235605e2c937,10,4:79 9:400 18:110.5
2c4632a3-1da9-4633-9eb8-18fe7ae2b057,10,17:42.51 19:61 20:36 20:36 23:50 23:51 23:60 25:26.88 28:47 30:37
2c4aa2b8-3a86-4cc0-bc52-87510011da01,9,4:26 31:21.5
2c650e81-f07b-46a0-9bf4-4c648ede3634,10,25:167.5
2c69cb3d-ae44-438f-a014-b95df7de2887,10,7:26 9:20.44 21:18 24:22.8 26:27.99 30:19.5 30:25.55
2c6be480-334c-4b2b-b1c7-4fe075c7d732,10,15:38 19:55 24:27.88
2c73fbf5-bae1-41c8-ae25-21cfc8c09a61,10,1:99.99 1:145 2:100 3:93.6 3:103.2 7:77 8:68 12:90 12:93 13:100 16:55.48 21:135 25:110 30:99.99
2c73fbf5-bae1-41c8-ae25-21cfc8c09a61,9,2:44 16:45 17:55
2c7af4f7-cd14-474a-b409-dfed1064991a,10,16:182.5
2c845c00-81d9-4667-bce9-cebb0997c104,10,9:34.99
2c8bd329-2d49-4765-a153-08db9fb7637d,10,24:128.49
2c9461c5-66f0-438c-9b26-7b79c38bba8d,9,6:528.88
2c94d05a-623f-4f2d-9e61-9f106108a1bf,10,24:201.38 24:285
2c94d05a-623f-4f2d-9e61-9f106108a1bf,9,17:64.8 24:72
2ca5b709-5863-41b2-aad6-9f8286835bd8,9,12:25 17:15.5 25:20.48
2cba1d2a-c10c-4a4a-bd19-e78f82abc93d,10,3:98.4
2cba1d2a-c10c-4a4a-bd19-e78f82abc93d,9,21:9.5 23:22 25:14.5 30:15
2cc12c85-b526-40ee-bfdf-ed4fcfe51e76,10,18:144.1
2ccf9a3c-aab6-4c43-8c01-825a7767a5a7,10,4:61
2cd0e8aa-ac04-400e-b415-43ae3dd8b782,10,24:12
2cd39c33-15e3-411e-a15f-73136339afa3,9,13:39.99
2cd5c31a-6c7b-47eb-93d6-a1f67ca1f9c8,10,29:199
2cdba652-3624-4b48-9b73-e769504930a6,10,24:862
2d082eca-9ef7-4354-b338-c74deb9110b6,10,17:150 25:96
2d17ad9e-149e-4e42-a4d8-6a3a5fba9c48,10,8:100 26:99.99
2d1bc33e-6331-496c-a61b-8a70ce9ff4ac,10,3:62.4 10:69.6 12:120 24:69.6 27:72 30:72 30:74
2d1bc33e-6331-496c-a61b-8a70ce9ff4ac,9,3:27.6
2d1dc434-efd8-47da-a692-821af50227c7,10,23:177.5 29:249.95
2d1dc434-efd8-47da-a692-821af50227c7,9,14:300
2d215d27-ad9e-4fe7-b0fa-b6198098d81d,10,1:379.93 10:393.5 17:510
2d215d27-ad9e-4fe7-b0fa-b6198098d81d,9,14:219.88 20:250
2d290b7c-4b86-42a7-866e-9cfc5e63608a,9,10:71
2d2ad99e-c322-424e-81b8-de0a27d94318,10,13:340
2d2ad99e-c322-424e-81b8-de0a27d94318,9,16:106.4 21:118.5
2d30f4c0-f773-4570-ae8b-5d10c303be15,9,17:117.6
2d44d710-2716-4ccd-ac16-ed797b78faf7,9,3:120
2d4c3f1c-3bbe-4cc9-9fa7-ec09bb79b1a9,10,19:44 29:27.84 31:50.4
2d4d524b-a7a2-4750-a45e-57e0ab9b2a36,9,10:32
2d5c068d-a40b-4fc5-8ca2-948af3333c5d,10,1:211
2d5f4ef4-296d-4103-b9c8-d9bf9cd41843,10,23:240.83
2d6bf68e-9262-40c0-acb8-a287c84219e6,10,15:29.99
2d6da814-d478-4c15-8407-1f7e6d0f2e82,10,25:39.5
2d6da814-d478-4c15-8407-1f7e6d0f2e82,9,14:29 20:47
2d74ba8e-194f-4ce8-9308-fe17b0346dd7,10,24:210 27:198.69 30:135
2d74ba8e-194f-4ce8-9308-fe17b0346dd7,9,14:149.99 29:80 31:65.34
2d79d426-fb4a-4cb7-b284-03f438aad2b4,10,1:190 3:155 5:156 17:157.5 18:155 21:162.5 21:210 23:182.5 24:157.5 24:174.64 30:158.5 30:185.5
2d79d426-fb4a-4cb7-b284-03f438aad2b4,9,2:82 12:80 16:61 23:80
2d7a6eec-d4c3-4dba-9b0a-2198082d39ec,9,2:99.99
2d7f8bbc-f216-421f-9318-6e46a6f77b7a,10,3:817
2d7f8bbc-f216-421f-9318-6e46a6f77b7a,9,8:280 31:225
2d91a6fa-a7b1-4112-8918-995ea628f063,10,7:15.5
2d9f4255-cfd9-47b2-9c5c-1a88808c33df,10,7:45 22:30
2d9fa1dc-d716-401f-a488-a210536fa4e2,10,2:14.99 2:14.99 7:10.5 25:10.5
2da40428-5f48-48b8-8263-1079c92c506b,9,6:81.55
2da41085-f389-4204-8ce7-3bee8ee07e03,10,10:2063.66
2da41085-f389-4204-8ce7-3bee8ee07e03,9,5:340 7:330 27:300
2daeb49c-6cfd-4288-84fa-b48aa2c1f7c3,10,3:3875
2daeb49c-6cfd-4288-84fa-b48aa2c1f7c3,9,10:1170 20:1299 26:1328.77 27:1200
2db31085-f917-440e-a324-bda567d67745,9,29:15 29:15
2db73f4f-a7b4-4ec8-88da-26a4a4b9b709,10,30:100
2dbd2c56-6a7a-49b7-b139-efcd393fdb83,10,23:15.38
2dc00389-387c-44aa-9921-ff8b7102601d,10,9:618.07 16:800
2dc135a3-4cad-4566-9d75-60f884c5a329,9,24:20.5
2dc1697a-1ac8-4161-a2b5-0f2c5add7aa7,9,3:192.5 8:167.99
2dca5842-264a-4a21-a57d-b7805d9b35a5,10,16:39.99
2dd10cb4-17f9-4187-9c84-51b2adb038f7,9,4:104.5 28:120 30:115 31:249.99
2de0348b-aa9f-4e08-ae57-40d40061f31f,10,15:28 15:32.77 15:34
2de0348b-aa9f-4e08-ae57-40d40061f31f,9,15:15.5 15:17.5 29:17.5
2de6778a-f5e2-4c91-b05d-53e1d77743d0,10,13:15.5
2df38623-71a4-4171-861f-151c5cdf47b3,9,24:12
2df6c631-31b0-4a22-a769-7a44b5bb2f2a,9,2:47 8:73.13 17:62 23:50 23:50 24:58.8 24:60 27:58.99 27:61 31:37.2 31:38.4
2e031261-71d8-4190-bd0b-95370b3dfa89,9,29:167.26 31:96
2e0762bf-c904-4be7-a3a8-f60e7175bf26,10,7:5380 17:3840
2e1b7f02-149f-4c3e-bf1a-63023fbe6c3a,9,14:99.95
2e26b2ff-37d5-4ce1-a9c6-76df90eada03,10,10:62.4 20:50 31:33
2e26f2fe-6229-4548-ab20-0de32379acfd,10,3:177.51 13:152.5 30:177 31:138
2e26f2fe-6229-4548-ab20-0de32379acfd,9,3:44.99 4:50 26:40 27:62.13 31:46.45 31:60
2e3663ae-f703-4f61-abea-795059ba17cf,9,21:119 27:105
2e43fc38-db6e-4cd6-b874-0063f813c490,10,3:80 3:99.99 5:79.99 7:84 10:61 10:67 10:71 11:63.74 14:101.52 15:75 16:47.25 16:84.99 16:94.27 18:60 18:95.88 18:105 19:80 24:52 24:62.4 24:74.4 27:56 27:70 28:96.25 28:100.74 29:71.92 29:100 30:99.99 31:84
2e43fc38-db6e-4cd6-b874-0063f813c490,9,2:24 3:23.2 3:25 4:17 4:17 6:13.52 6:19.5 6:24 7:27 9:18 9:56 10:20 10:22.5 11:22.5 12:15.5 12:15.5 12:17.02 12:41.6 14:14.99 14:19.5 14:20 14:20.5 14:22 14:23.5 16:21.99 17:16.8 17:17.48 18:16.27 18:17.5 18:21.6 19:22.99 19:24.99 20:24.99 20:40 21:53.92 23:21.24 23:40 24:26 24:26 24:38 25:20.5 27:21 28:23.2 29:20.49 31:23.99 31:27.51
2e5a64f6-3890-4d9c-84e7-ca720e0b689e,9,12:42
2e62ad8f-1cc6-4b68-b056-27c3cb0371d6,10,11:36 17:35 18:40
2e62f046-65da-468f-b6aa-3d2ba31823ef,10,23:99
2e64a304-79c0-4646-8ce7-e363ab8592f5,10,7:400 8:225 10:173 24:300 24:310
2e64a304-79c0-4646-8ce7-e363ab8592f5,9,24:81
2e67db7f-89ab-48ed-826b-5f3747b6b804,10,30:10.5
2e74255d-08a4-4872-80b3-9761cfb98bc8,10,3:27 11:31 17:18
2e8218c6-d804-4603-a398-037da83da3b4,9,17:32.84
2e825ec6-ce42-43e3-a998-bb38c24e052f,10,30:65
2e8eb36d-e5d9-4401-86ac-6c4603feb6d7,10,23:51
2e97de1b-35ed-4973-8186-a8c57454061f,9,14:85 20:51 24:59 28:64
2ea09bf7-a6e5-40fe-b329-b672abff78ab,10,22:40
2ea09bf7-a6e5-40fe-b329-b672abff78ab,9,29:11.83
2ea1136f-785d-465d-9ef3-79e11f693b64,10,14:320 31:300
2ea12d6a-f5b8-4a9b-90d6-a24be75f348f,10,26:66
2ea98507-493b-4eb2-9fba-e811d08ab773,10,2:17.52 4:29.99 23:13.5 27:18.5
2ea996eb-222b-4c27-813b-8f18258e49ed,9,7:45
2eac1391-ada7-46eb-a736-74e4284080de,10,6:39 11:95 16:56 17:59 20:62 24:56 27:71.77
2eac1391-ada7-46eb-a736-74e4284080de,9,8:20.5 10:28.86 18:39.99 27:18.5
2eb1135e-dd4b-44f2-a555-5c87491a2501,9,3:22.52
2ec1a666-58e2-4b0b-bfb5-719f52904140,10,1:185 6:105.5 12:86
2ec3d5a6-18a9-4fef-a10d-ae86f468a92a,10,19:70 27:46
2ed2540d-08d3-4227-8384-b21b4c98ba34,10,10:43.95 10:46 10:52.8 24:49.2 24:66 31:36.03
2ed38157-8280-47d4-86a2-f3894d19f53d,9,24:13.52
2edcc1d7-4c6a-4ecc-8077-a55a78af212e,9,10:274.7 16:210 22:220
2ede9fc0-d2b4-4d24-9af3-bede762cf665,10,2:110.92 5:69 30:32.5
2ee0ee10-ef2c-4fdc-b907-c3f1ab7a4e14,9,1:25
2eeb54bb-342e-4509-882c-7dab1033267b,10,1:21 10:17.52 22:34.99 28:26
2eed4bb2-69a5-4162-8eb5-c05bb0f1e26d,10,3:41.99 5:75 27:42.1
2eed4bb2-69a5-4162-8eb5-c05bb0f1e26d,9,7:10 9:33.07 25:19.27 25:29 26:12.55 26:12.55
2eedc08c-9a4d-4687-980b-b28755fe42a5,10,8:79
2eedc08c-9a4d-4687-980b-b28755fe42a5,9,6:19.5 11:21.05 16:25.02 16:26.25 17:20.5 22:26.01 24:29.99
2ef2690e-bf58-4262-a2df-6de0c17320ab,10,3:226.58 4:226.58 17:180
2ef2690e-bf58-4262-a2df-6de0c17320ab,9,3:43 11:188.65 12:49.99 23:44.99 27:41.99 28:46.99
2ef6e218-d2e5-4c15-ac9d-eb0421fceae1,10,4:25 20:22 28:39.99
2efcf495-83b9-4f77-9fe0-2a8347eb6e0c,9,7:299.99 8:200
2f0054c3-d8be-458c-99b5-9792e84211a2,9,18:10.52
2f05e864-52b3-4927-a927-f4a3c401707a,10,1:50
2f10b97d-e38a-4ee9-ae3c-e9b9a3523486,9,3:36
2f1447f1-f6ce-45b4-9bf5-3d5416038f3d,10,3:120 8:99 20:90 25:100
2f1447f1-f6ce-45b4-9bf5-3d5416038f3d,9,3:43.22 9:30 17:36.02 21:27.19 24:26.4 24:36 26:35.02 31:34.8
2f1a05f7-d3d9-48e7-9a1c-ac6c9f4d355b,9,3:234
2f1ba699-d7e9-467c-a0ff-d41416301cab,9,17:329.99
2f246b07-f401-4a41-9539-155ccd0023be,10,4:75 15:63.75 27:90
2f246b07-f401-4a41-9539-155ccd0023be,9,4:15.5 10:15 10:24.99 22:62
2f301087-6d6c-40d4-ae5a-00fc4fcae710,9,4:18.98
2f345239-a502-48dc-af11-f1ec9951d3b7,10,24:25
2f377eac-a8bf-4a5a-af5a-87480a805f39,10,17:34.8 30:243.37
2f38854d-bdcf-4147-ae77-375284f9a7dd,9,5:99.99 5:109.99
2f4bde78-ad32-4d1f-b516-1b0215f987a5,10,16:550
2f4bde78-ad32-4d1f-b516-1b0215f987a5,9,31:250
2f58acfe-ea5a-4a0d-bfb9-84312e3b5430,10,11:336.51
2f5f3b2c-bc20-4208-926e-3006814228e4,10,2:94.5 16:28.15 22:31 23:47
2f65391c-cc9b-45c1-ab7d-12f4f6c14611,9,13:175
2f68a987-5e6c-4dda-beb3-9ea4bb3c0a3a,10,3:60 31:33.6
2f691816-bd90-418f-ad1a-ea1bfe34c98d,10,1:157.86 4:149.99 8:89.98 8:149 11:146.99 19:149.99 25:149.99 30:123.5 30:145.5
2f691816-bd90-418f-ad1a-ea1bfe34c98d,9,3:42 16:67.7
2f6d66b1-ab2b-4616-b70d-7e444beb54e6,9,16:30
2f774b00-83d9-45b6-933e-f2092b2e0047,10,10:120 24:97.88
2f774b00-83d9-45b6-933e-f2092b2e0047,9,3:33 10:27.6
2f7ab5c9-8134-4360-be78-c714c1aaf0ad,10,1:40 1:48.99 3:35 5:46 5:47 8:54.01 9:43 11:35 11:40 11:45 14:39.99 14:43 14:44.99 14:55 16:40 17:31.99 17:36 17:46.36 18:37 18:53 19:39.5 19:44.99 20:40 21:44.99 23:36.51 23:39.99 25:36 26:53.04 31:45 31:50
2f7ab5c9-8134-4360-be78-c714c1aaf0ad,9,3:21.5 5:24 5:32 6:21.5 12:21.5 12:23.52 12:31.76 13:23.02 13:23.24 16:21.5 20:20 21:22.99 24:22.5 25:22.99 25:23.02 27:22.5
2f7c948a-f1fb-4d59-89f6-dd3bface20f1,10,2:195 16:201.93 16:250 31:191.59 31:238.03
2f7c948a-f1fb-4d59-89f6-dd3bface20f1,9,30:105.5
2f81c58a-21a9-491e-a3cb-2b696067c44f,10,16:116 31:103.2
2f81c58a-21a9-491e-a3cb-2b696067c44f,9,3:38.4 25:32
2f8c9875-ebac-42ef-beeb-f308720f7784,10,16:119.95 17:56
2f9426e0-db85-4533-9e03-d6d279fffd5a,10,24:18
2f95ca8e-de1b-4c49-aeca-91c47a775025,10,15:25
2f98672a-6489-4ca1-8446-3dc680066ed2,10,10:41 17:41
2f9bcc7f-ed0a-4e80-b55f-a06aa3bb0ec6,10,2:180
2fa83335-d645-4d4f-b2ea-3dc76826948b,9,5:21.99
2fada716-9817-4f95-9532-9db8ba89a6df,9,3:43.57
2faf27dc-e19b-4c06-82e6-0f0724d6d902,10,6:285.42 6:319.69 23:249.29 25:260
2faf27dc-e19b-4c06-82e6-0f0724d6d902,9,13:142.67
2fb2cb76-e7b6-42c7-8a76-7da860653412,10,3:69.6 3:69.6 3:158.49 7:112.5 16:102.5 16:104 17:99 17:112.5 20:180.6 24:158.5
2fb2cb76-e7b6-42c7-8a76-7da860653412,9,3:19.2 3:19.2 3:19.2 5:20 5:20.5 10:30 19:33.99 19:37.99 21:29.99 22:33.99 24:45.25 29:54.57
2fb58cbb-516d-43d9-9e93-20381a017678,10,1:43.5
2fb7d3ea-c4c7-4240-a011-6c0103ccb98c,10,10:210
2fb7d3ea-c4c7-4240-a011-6c0103ccb98c,9,17:40.89
2fd202a7-4d99-4632-8387-21f942c9f387,10,25:97.5
2fd202a7-4d99-4632-8387-21f942c9f387,9,23:23.37
2fdc8e7b-ef77-4250-8969-74ca62a5d105,10,10:679.47 17:665 31:624.88
2fdc8e7b-ef77-4250-8969-74ca62a5d105,9,31:276
2fe2b338-1ad8-4a62-8026-9b4a0abef04a,10,16:709
2fe2b338-1ad8-4a62-8026-9b4a0abef04a,9,25:110
2fe45989-4d6c-4b7c-85d7-53d65c81d3f8,10,5:110
2fe490a4-5e11-412b-87ea-4d6f8c7cf435,10,30:59.7 31:179.99
2fe490a4-5e11-412b-87ea-4d6f8c7cf435,9,2:74.99 11:32 13:30 21:30 26:44.57 31:32.1
2feae933-64c7-41e5-86e9-d4ecc9974c4a,9,15:1000
2feaff83-9213-49d4-a7b9-cd4cbb1b4909,10,1:199.99 3:140.5 7:199.99 17:130.5
2feaff83-9213-49d4-a7b9-cd4cbb1b4909,9,4:43 10:110.9 17:52 29:46.5
2ff79e26-25e6-48cc-926f-fab3fd9662d7,10,13:50
2ff79e26-25e6-48cc-926f-fab3fd9662d7,9,20:16.49
30065e8d-ae83-4e7d-940c-c410275ef1f4,10,14:39.99
300c77e5-45e4-4b94-a340-ed7767f1fc4b,10,1:189.81 14:120 18:120 20:120 26:120 27:149.69 29:120 30:120 30:140 30:140 30:150
30129ae4-33a6-4edf-b3bb-e00891d80711,9,21:79.99
3018476e-cd2e-4e92-af03-98f063c94db7,10,1:39 1:43 1:46.51 1:81.26 2:38 2:47 2:49.99 3:25 3:25.91 3:27 3:36.25 3:43.97 3:47 4:35 4:36.25 4:37 4:38.83 4:42 4:47 4:49.99 4:65 4:80.44 5:38 5:41 5:44.5 5:45 5:47 5:54.33 6:44 6:44.25 6:46.88 6:47 6:49.99 7:41.99 7:42 7:49.99 8:39.99 8:45 8:53 8:61 9:38.5 9:39.99 9:41 9:47 9:56.96 10:31 10:34 10:37.94 10:39.99 10:47 11:21.5 11:39.99 11:40 11:49.99 11:66.14 12:22.8 12:35.39 12:38 12:39.99 12:43 12:47 12:49.99 12:91.76 13:39.99 13:42 13:43 13:45 13:49.99 14:35 14:39.99 14:40 15:30 15:33 15:36 15:39.99 15:40 15:41 15:49.99 16:34.2 16:35.01 16:47 16:49.99 16:67 17:29 17:31 17:32 17:32 17:32 17:34 17:36 17:37 17:37 17:37 17:37 17:37 17:38.77 17:39 17:41 17:45 17:46 17:49.99 18:35 18:39 18:42.99 18:44 18:49.99 18:53.2 19:41 19:43 19:49.99 20:35 20:39.99 20:43 20:44 20:47.99 20:49.99 21:48 21:49.99 22:43 22:47.8 22:49.99 22:51 22:54.07 23:37.99 23:41 23:45 23:49.99 24:29 24:31 24:31 24:35 24:64 25:49.99 25:51 26:34 26:44.99 26:49.99 26:90.33 27:40 27:99.99 28:29 28:32.31 28:41.99 28:49.99 29:37.86 29:46 29:47.99 29:49.99 29:59.99 30:38 30:39.99 30:40 30:53 30:57.99 31:28.5 31:29 31:34 31:34 31:35.99 31:36 31:37.86 31:38 31:39.02 31:41
3018476e-cd2e-4e92-af03-98f063c94db7,9,1:20.5 1:27.99 3:14.9 3:16 3:39.48 5:23.96 6:18 6:18.52 6:20.5 7:14.99 7:38.24 8:18.99 8:26 9:18.99 9:19.99 10:19.99 10:20 11:17.5 11:18.52 11:18.99 11:20.5 12:17 12:17.5 12:20 12:30 13:15.5 13:32.65 14:18.99 16:18.88 16:18.99 16:25 17:13 17:16.5 17:20 17:20 17:27 19:14.02 19:19.99 21:16.5 21:17.5 21:20 21:20.2 21:22.99 21:32 21:40 22:31.06 23:17 23:19 23:24.99 24:13.5 24:20.5 25:21.5 25:22.5 28:24.99 28:25.99 28:35 30:16.5 31:14.44 31:15.52 31:16.99
30230a6f-b1f0-42bf-a3bf-3ad8dadf3638,10,17:79 25:80
30253b34-23b2-481b-bbcf-95caa36a7626,10,2:24.5 23:15.5 25:23.39 26:21 28:22.52 28:22.52 30:23.5
302a2550-2f6d-46e0-aaab-cc1ae234cde7,9,23:100
3035dd7f-fc36-460e-91ca-336434f765ab,10,2:263.42
3037a654-709d-4978-8641-2f4e6fb35d10,10,9:36
30382d20-6544-41ce-9fa0-2150247bdf56,10,4:14.41 4:21.87 7:26.95
303a7bb6-8d18-47ee-bd37-fac92470214c,9,24:18 26:22.5
303ceecb-3ce8-47a4-95d7-87cb41160bab,10,10:280 14:290 24:250
303ceecb-3ce8-47a4-95d7-87cb41160bab,9,3:51 8:59.99 11:85 30:65
303f2161-7ad9-4bdd-9065-de5dc7fe0f44,10,3:57.02 26:72
30455d76-6bf6-4e2f-adcb-b6557ed83e77,10,7:39.99 8:45 17:34 23:36 24:30 26:30 27:51
30466002-b104-4144-a7df-55aec373db28,10,18:52.51 24:99.99
30467c7e-d5b3-418c-9f5a-dc62e0b3e953,10,19:24.99
304838a3-98b5-4992-bdab-838d621e368d,10,7:31 20:90
304838a3-98b5-4992-bdab-838d621e368d,9,1:8.5 3:9.52 5:11.5 5:14.02 6:12.59 6:14.52 10:15.6 10:17.5 12:11.5 12:13.5 12:23 15:28 16:15 18:9.5 22:12
3049aef6-007d-44d6-8e34-d75635fd87c5,9,17:146.5
305ae973-d807-4035-ba2c-fc1de24b3d44,10,4:127.5 12:99
30631ab8-e05b-4f6c-9499-9f0d5d903ef8,10,24:38.4
306429b9-07af-4b1a-b8b2-e822aca1b115,9,16:47
30655c05-f411-4628-934b-486a6fb9432d,10,17:52.23
3069f772-1637-457a-9a64-a81f852081a4,9,20:359
306d9be6-a85c-4e18-9d19-ffabfdd2e8ed,9,10:135.39
306f4469-0bf6-4631-a12c-5597d3b59948,10,5:37.56
3070d6ca-fe41-4cbf-8f4e-8d21c61b6e92,10,10:50.4 30:83
307b6ebc-4416-4833-8ead-63c804476386,10,7:165 10:130 12:170 14:109.5 16:145 24:136.53
307bbd96-3c13-4ede-a27b-d89bcfcd9c84,10,28:29.99
30854520-5d64-42cf-a1f0-4df8611a95bf,10,4:20
308b97d9-cc52-4fc6-b175-d78ce608ba62,10,4:56 24:42
308b97d9-cc52-4fc6-b175-d78ce608ba62,9,7:34 21:20.5
308face3-d9a8-4d5f-8dab-cead91662dc2,10,12:45
30985d8c-cc34-45da-bf38-e96f4ec4f75b,9,6:1125.92 10:995.79 10:1170
30996728-3772-4d12-92a2-0cdbf7c35df8,10,3:26 5:39.99 15:39.99 25:22.39 25:23.5 28:22.52 30:24.99 31:19.99
30a082a2-a219-4c7e-a7a4-89bed76ca50f,10,18:71
30a4074a-333d-4a9b-8eac-8f76ef3fb0e3,9,24:123.39 29:102.5
30aadada-e8b7-4121-bd85-02462a2d5d80,10,9:34.99
30ab13f6-fb0f-42fe-89c2-eb9e40761488,10,19:115
30ab13f6-fb0f-42fe-89c2-eb9e40761488,9,4:23.22 6:35 6:36.02 29:35
30ab214e-dc76-41c2-b60d-4cdf6c44efb0,9,3:33.51
30b4d00a-b6e2-4e7d-b22c-7332ec068c2c,10,10:51
30b4d00a-b6e2-4e7d-b22c-7332ec068c2c,9,20:14.52
30b73833-29a2-4e8a-9c53-e42bb4da4a92,10,2:30 10:27 10:37.99 28:37.95
30bdcd64-8bad-4ec1-a0e1-c4d6acde783f,10,1:275 17:240
30c2b6c2-a0d3-498d-9590-150e23241519,10,7:310
30c2b6c2-a0d3-498d-9590-150e23241519,9,18:25.38
30d422b4-c18c-4ea3-8e0c-741cc194743e,9,17:19.76 17:27
30dff1a5-b97e-4f90-be74-e59581999c8e,10,4:200 10:99
30dff1a5-b97e-4f90-be74-e59581999c8e,9,19:21.5 24:24.99
30e6b192-11f3-454b-abec-c7844661dfeb,9,5:18.24 24:19.2
30e7c53d-f63f-465d-90aa-d19eb2bae24b,10,19:407.82
30e85550-743e-49af-86e9-7bfb694adf26,10,2:23.5 4:19.21 5:27.03 10:75 16:12 16:21.01 17:20.5 26:20 27:31.32 31:18.02
30e97a00-0c70-4fb5-a1a9-02c43d1fa65c,9,24:27.6
30edb10d-e345-4caa-8ba1-73451d766a14,10,3:140.46 19:130 22:213.82 24:182.5 25:192.5
30f9ea54-0ec2-4c10-b582-20a508874b83,10,10:186 10:199 24:228.73 31:133.27 31:138.5
30f9ea54-0ec2-4c10-b582-20a508874b83,9,5:61 10:141.41 16:45 17:71 24:36.02
30fbad45-1687-49ec-b223-c50cc6fc37e6,10,3:40 10:30.9 23:34.99 23:36.15 28:55
30fe0297-a200-4534-af00-3df19f371ffe,10,19:650
3110b494-ce78-4fe6-91ff-ba35512ec832,9,7:469.65
3121f548-884a-4c2e-bb8a-8f00d19244d5,10,28:60
3121f548-884a-4c2e-bb8a-8f00d19244d5,9,22:22
3136e9f9-f810-45d0-87c9-a94419d789a1,9,9:200
3139ac01-bba4-4e98-913e-8a4ac0f78635,10,8:115 18:123.5 19:149.99 22:85.34 24:89 26:140
3139ac01-bba4-4e98-913e-8a4ac0f78635,9,1:25 1:27 1:27 5:38.99 6:20.5 9:30.01 10:27.6 10:35 12:32 14:35 16:31 17:20 18:20 18:26 19:26 20:21.5 23:16.5 25:23.5 30:34
313f2027-b82e-47c1-a61f-70e0cd5e4a7d,10,11:90
314a7fda-7c38-4f66-9ffc-1a77901e10fb,10,10:148.99
314a7fda-7c38-4f66-9ffc-1a77901e10fb,9,3:19.2 10:43 15:11.99 28:10.5
3163bc1e-573c-4f49-be50-688bf07e54ab,10,27:225.25
31655922-18c4-4b6c-962f-312f5a50504d,9,25:40
3167ae84-e44a-4f36-a426-b40839f6c51d,10,16:19.99 23:19.99
316e298e-5d60-4f32-b9eb-55bcfba44c9e,10,4:160 12:148.56
316e298e-5d60-4f32-b9eb-55bcfba44c9e,9,3:36 11:44.99 15:44.99 17:37 23:44.99 24:36 24:42 29:30
31828d2a-f08f-4efb-b229-487faf82e9c2,10,1:21.5 1:22.5
31844cbc-05ae-44f0-9c97-78d5831ad41e,10,28:2185
31844cbc-05ae-44f0-9c97-78d5831ad41e,9,10:232.5
3187008d-4fd8-4e79-a4bc-4cf685bc98d1,10,26:34.99
31910f82-8d20-4fb1-be1c-36d0dcafed96,10,26:152.5
31922c6e-fa0b-4f28-937c-c4889ac09842,10,9:31 17:46.8 28:16.66
3198de64-64e6-4077-bf7c-a3c2ff8dbfea,9,10:28
319bd78d-538a-4461-bf56-8dca304cd53b,9,17:74.4
31a56c4b-1ccd-4cb3-88b0-1f2570e8c6d3,10,19:45 24:30 25:30
31a56c4b-1ccd-4cb3-88b0-1f2570e8c6d3,9,3:12.5
31ab919a-66f4-4bdd-9ec7-e076c549b0a3,10,21:18
31b5729f-e1ce-4700-88a6-d07f6346faf9,10,31:505.01
31b5729f-e1ce-4700-88a6-d07f6346faf9,9,26:299.99
31c0ab5e-1dcd-4e10-9aed-349b554547c7,10,2:300 11:315 15:290 16:300 31:216
31c0ab5e-1dcd-4e10-9aed-349b554547c7,9,17:72.72 22:160
31c791e8-6dec-4c81-810d-71c5e6076a68,10,23:9.01 28:9.99
31e55bcf-2f05-44fe-91b4-6ce4cc0d7bce,10,31:288
31e55bcf-2f05-44fe-91b4-6ce4cc0d7bce,9,1:63.77
31ed4b83-2dfa-4ee5-b315-9363c169e215,10,11:44.99 19:26 25:20
31fb8bd7-d3af-42d9-98a1-b83865cfde7b,10,12:198.69 24:174 24:183.5
32027a74-cb6c-4bae-bcc9-8d8c631c83bf,9,31:36.48
3210a0be-3f9c-4268-8b31-88221a3aad5f,10,4:26 4:31.21 8:38.88
32136868-1eb8-4da0-af35-47dd257f265b,10,27:150 30:70
32136868-1eb8-4da0-af35-47dd257f265b,9,3:13 19:20.5
322683ba-1f9a-4d7a-ac6c-edeb22f8c4da,9,10:73
3228a6cc-c8b7-477b-8cf8-0fd0fccfd895,10,16:351.88
322c22cd-8ca4-428a-a88c-7eacb2dce8be,10,18:32.68
3231e287-3c0c-466c-aeae-ae3d49266155,9,18:26
323e6aee-1496-45da-b7a9-b31caa7a7741,9,2:172.67 31:108
3243b8c7-379e-4ed9-a715-a19fbd780e0b,10,14:95.58
32476c82-cec9-47b4-9d23-c99bb970f344,10,12:54.63
3250ac31-6049-4b09-ae5c-516f9980677a,9,7:21.5 29:15.52 31:14.4
325c4813-ee0c-478b-bbc0-b314496a2e7c,10,3:33.6 5:51.61 5:58.16 14:27.77 15:45 19:40 20:46 24:41 27:46 27:60
325c4813-ee0c-478b-bbc0-b314496a2e7c,9,3:25 17:15.6 17:23.56 23:23.99 23:51 24:15.6
326d49f7-3250-4e0c-86f6-240f1412cc89,10,14:430 24:480
32790597-8e50-4380-8a16-0861a5050a7f,10,2:15 3:25.2 3:27.5 4:29 4:31 5:22.52 6:23.5 6:25 6:32.99 7:25 11:22.52 11:22.52 11:23 13:39.22 14:20 14:24.99 17:26 17:29.99 17:32 17:34.99 18:21.36 18:29.5 19:35 22:29.99 24:20.51 24:26 26:26 31:20 31:27.5 31:39.99
327a1d3c-7937-46da-bdb8-0b81520c4fd6,10,3:680
327b4e31-876b-4e03-be84-90024cbae34a,10,17:30.4 31:52.25
327f0445-a0f6-4ef6-8d67-bdad24476b89,10,1:151.08
327f0445-a0f6-4ef6-8d67-bdad24476b89,9,18:41
328227db-4307-49ca-809b-7d0570a59b95,10,4:400
328227db-4307-49ca-809b-7d0570a59b95,9,10:48
32a1d817-e2f3-40b2-a36d-ce3ce187d9c5,9,4:180.5 30:200
32a2b24f-27df-43f7-a1be-ada28114a5d3,10,25:127.51
32a3a57c-99ac-44be-9b94-0fb902b86c0b,10,25:20.5
32a3a57c-99ac-44be-9b94-0fb902b86c0b,9,1:7.28 5:7.49
32a88186-1e41-45ed-9045-b7f660e34782,10,13:130 17:105.6 24:160 27:165.5 31:210
32a88186-1e41-45ed-9045-b7f660e34782,9,2:37 3:36 9:70.16 17:64.99 20:142 24:32.4 27:80 28:62.81
32bc950b-eb72-48d8-97f3-2960636fc9ab,10,3:36
32be4a7b-2de1-4412-8e29-98ebba1c08ed,10,1:29.99 3:21.5 3:31.2 3:31.2 3:32.4 3:32.4 6:43 7:27.62 7:30.97 10:25.2 10:25.2 10:27.6 10:34.02 11:38 12:33 13:31 13:41 15:32 15:36.02 15:36.67 15:37 17:24 17:24 17:25.2 17:25.2 17:34.96 22:34.75 22:36 24:22.8 24:24 24:30.38 25:38 30:29.99 30:29.99 30:29.99 30:29.99 30:29.99 31:29.99
32be4a7b-2de1-4412-8e29-98ebba1c08ed,9,19:18.51 24:13.2 30:15.5
32c09076-ec4a-4829-9a43-88e8c340f91c,10,4:21.5 12:50 18:31 24:35 26:35 31:47.99
32c09076-ec4a-4829-9a43-88e8c340f91c,9,8:17.5 8:20.5 23:16.5 29:40.49
32dc8c12-cf07-48b0-81e9-c8ce3f6b98d3,9,21:66
32de5512-e69e-44b3-a2be-a58a2e716bcd,10,25:86
32df85a5-fa62-48e7-b441-36ea4aa377e5,10,26:144.99
32e4cd5b-c7c0-4b5a-b355-b12064975dd9,10,1:40 2:42 3:29.01 10:36 15:57.49 24:32 31:20.5
32e4cd5b-c7c0-4b5a-b355-b12064975dd9,9,4:8.5 6:11 10:16.16 10:19 11:17 11:20 14:20
32e7324e-a801-464b-ad22-d62c267d6250,10,11:180 16:99.99
32e7324e-a801-464b-ad22-d62c267d6250,9,9:28.99 10:15.5 10:16.5 16:20 17:41 26:34.99 28:28 31:19.5 31:24 31:30
32e7ba64-4b4e-49fc-9aa2-1bbda3253b60,10,12:2300 14:1925 22:2000 23:1910 24:2070
32e7ba64-4b4e-49fc-9aa2-1bbda3253b60,9,17:700 24:610
32efbb3a-a19f-4e3e-93f6-051411d1bc62,10,19:416.78
32efc860-a3cd-4080-abc6-a77616a61198,10,4:15.5
32f9ee07-fb8a-4b3d-a6c8-e5fc79e9c809,9,10:140.5 21:203.96
32fff7d3-1226-4de9-98ba-18449d2ab9be,10,15:750 24:675
32fff7d3-1226-4de9-98ba-18449d2ab9be,9,5:147.5 7:175 8:130.15 10:150 10:156 10:199 15:145 16:135 17:126 18:163.4 19:108.19 19:154.5 21:149.99 23:180.62 29:150 31:138 31:140
3301db6e-b85b-483a-bf9d-c24d4ef70054,10,1:20.5 1:22.52 3:20 5:18.5 6:15.5 10:22.8 21:22.5 21:22.99 21:28 30:16
33067515-8fce-43c1-9d5a-31bf775e5f6f,10,14:37 21:31 25:34.99 26:31.02 30:30.02 31:37.99 31:51
330c691d-35e9-4328-a7a6-b74e57c04a78,9,11:40 24:36
3310387e-d6ca-4021-891d-726b13681172,10,10:19.99 12:22.99 15:39.99 20:22 25:19.99 25:21.9 28:22.52 30:16.5 30:22.02
331345f2-53c7-4689-8048-a7d1bec7b7df,10,12:550 27:650
331345f2-53c7-4689-8048-a7d1bec7b7df,9,28:173.1
3326baf1-1ef9-47c8-8efd-868139939233,9,3:32
33339b31-363c-4f86-b6e6-8b97d37377b0,9,3:42 4:46.43 4:46.43 4:49.99 18:90 28:44
3345d018-e6de-4906-87b1-cbfd46f19a93,9,26:150
33475dfe-9140-4fc2-bf33-783502e09535,10,4:125 6:219.99 14:159.99 21:100 24:219.99
33475dfe-9140-4fc2-bf33-783502e09535,9,20:41 26:65 30:49
33480e39-d312-497e-b41c-c76825b46517,9,21:107.5 28:141.5
334a89a7-595a-440a-9c15-e76dd3de274d,10,13:3950 21:4100 28:4050
335572a3-321a-4777-8c32-6e5d48f09d5d,10,21:700
335c0a54-4ddd-42ed-89c8-f3da1e7bb40c,10,4:138 7:156.5
335d151d-080b-42be-847f-714c541163d5,9,3:3500
335d9eaf-9a2b-41bd-b32f-2ee327a4672c,10,23:20.51 24:70 31:31
3372a9a1-384f-41de-a209-86e54d2f157f,10,9:13.83 15:21.5
3374ca4d-2ba2-4286-89c7-b4268b4d2f60,9,24:312
33884097-48a4-4ee2-b03c-41d65792eef1,10,17:22.5 28:39.99
33884097-48a4-4ee2-b03c-41d65792eef1,9,4:20.41 17:15.52
33889774-82a8-49af-81b4-3108b71fe1b5,9,1:60.72 11:18.74 21:14.15
338933eb-8a37-40ec-9066-74a98eb67595,9,4:37 31:38.4
338b9313-b3c2-4bb1-ab61-12a2115f405a,10,11:219.76
338b9313-b3c2-4bb1-ab61-12a2115f405a,9,7:113.15
33903de6-48e9-4714-a7b5-023a50545959,9,3:10 19:15.5 20:11.5
3394e143-de8e-4603-a83a-3d7e108d7dd8,10,3:312 15:425 26:575 31:365.33
3394e143-de8e-4603-a83a-3d7e108d7dd8,9,8:273.42 11:112.5 15:150 23:139.99 31:79.2
33a0531c-64e3-4572-9818-c4ae372d8e07,10,3:123.5 13:80 16:71 17:93 24:72 27:78
33a6086b-95c5-4b8d-afdd-83fa19512cc2,10,21:25
33abe01a-afec-4823-a978-ca2e4af7cb45,10,14:135
33ad00ec-6096-4b1c-a743-d4a5ce9046a4,10,10:31.2 29:99.99
33ad00ec-6096-4b1c-a743-d4a5ce9046a4,9,19:19.5
33ae8f4e-de58-4a0f-894f-e419a580843b,10,21:129.5
33b1694e-3333-4b4d-a432-6d947d8a44c8,9,10:136.5
33c264c8-0937-4537-8a02-34bb93bb0e11,9,7:65.95
33d37a0d-c7d9-4562-b582-084cc40bf33e,10,6:300
33d37a0d-c7d9-4562-b582-084cc40bf33e,9,12:72 17:55.2
33dcec24-fcca-4239-8f5c-04bd906a54a5,9,13:26
33ed9d04-b193-4efb-8878-bb0a92d5ded0,10,24:240 28:260 29:89
33ed9d04-b193-4efb-8878-bb0a92d5ded0,9,3:56.18 4:33.66 4:45 16:46 23:59.99 24:65
33f3f997-0d9a-42bb-b2da-1579e9c0a3b9,9,3:212.5 24:152.5
33fec6d6-255a-4eee-94e0-6eaa0c2662df,9,10:62 11:46 30:49.99
33ffb6e9-4a00-4972-a7e4-92402a29b370,9,28:5
341637cb-b143-4267-bfb8-695d8bc735b0,9,11:24.99
341aeb51-deac-40ac-95d4-d297c169e9f6,9,17:25.08
341d6930-eaf8-40a7-a741-078d7508d4c1,10,18:202.5 21:202.5
341d6930-eaf8-40a7-a741-078d7508d4c1,9,2:99.99 3:126 18:107.24 25:99.99
34284230-3449-4440-b478-c01f733eed8c,10,17:91
3428f2d3-db65-4eb9-a09f-d668d4241fbe,10,12:35
342af0d4-f8d7-4cbb-a837-df95885bdbbb,10,31:186
34324b0b-029a-4ccc-9bf6-02f1b0fdf669,10,22:30.99 24:22.5 24:31.95
34324b0b-029a-4ccc-9bf6-02f1b0fdf669,9,2:10.5 14:14.01 25:11.5
34342689-e0c8-42c7-83db-74ad4423b988,10,16:103.8
3442288b-fe72-448d-936b-f754891b93a8,10,16:282.77
344b721d-9378-4784-8a18-29273f79a43d,10,29:17.5
34550e9b-9c4a-498f-b132-74e4a972633f,10,3:18.5
345c1335-4c61-4cbc-9e55-3f9f8fdfca76,10,17:152.5 22:76
34607f1f-b443-417a-851e-1f35744120f3,10,5:25 5:25 10:27.6 11:25 15:25 17:15.6 17:33 17:34.99 18:20 18:20 18:20.5 20:28.99 23:23.39 24:25 28:18 30:22.5
34607f1f-b443-417a-851e-1f35744120f3,9,14:17 17:13.2
34691fc6-c37d-45b5-bbc6-3c420c6a3d71,10,16:66
34691fc6-c37d-45b5-bbc6-3c420c6a3d71,9,20:32.99
346c2f4c-84a7-4719-ad16-9362294aaf71,9,10:175.39 13:225
347541f2-7231-4164-805f-70a70b055e62,10,20:72
347541f2-7231-4164-805f-70a70b055e62,9,17:15.58 17:22.38 21:13
347870f5-6830-4f70-b7a8-0c3b2e9b157e,10,9:57 30:46.99
3486cd4d-3dee-43b0-92d0-ecb5129535cf,9,7:87.96 16:90
3497c268-9bdd-446e-9ae6-4f3d71af72c9,10,31:21.5
349b731f-c629-4d81-87fa-069ea25ca26f,10,4:17.52 6:20.01 6:21.5 13:13.99 28:32.42
349f73c3-c0bc-4b1d-ab3b-5ac260d6c9d0,9,27:60
34a074df-5dfe-4f64-8d58-dcb4c517a661,9,1:97.16
34a4eaa3-7806-4fbc-9241-cbe88d227dac,10,2:499 24:405
34a4eaa3-7806-4fbc-9241-cbe88d227dac,9,10:150
34b076d3-356e-4b30-8111-a3ba58ed8b62,10,1:15 1:18.5 1:20.5 3:16.8 6:17.5 8:18.5 10:15.6 12:9.99 17:11.5 18:12 18:30 25:26
34b076d3-356e-4b30-8111-a3ba58ed8b62,9,1:3.25 3:18.57 5:7.52 6:5.5 23:12.5 24:8 27:3.99 28:9.5
34cdbf74-a4d1-45a9-9a08-309eae34051f,10,17:126
34cdbf74-a4d1-45a9-9a08-309eae34051f,9,5:17.5
34d269f4-2631-4a6f-b484-785c861f3352,10,2:73.03 2:100 17:62.4
34d269f4-2631-4a6f-b484-785c861f3352,9,4:34.95 5:39.99 10:20 25:22.5 31:23.41
34dacf60-2902-4187-bdc5-36c68045b72c,9,17:100
34e75764-c16f-433b-ac26-7259e4c5d823,10,11:1100
34e8170b-5d26-40fb-82d9-d82ee6f4ad4c,9,7:29.99
34efa0f7-bac3-4563-9123-42ae9944f955,10,1:229.99 25:129.99 30:117.5 31:107.5
34efa0f7-bac3-4563-9123-42ae9944f955,9,3:45 15:40 19:41 21:35 24:54.99 29:45 30:26 30:28
34f3977b-b959-4750-af7d-c8753f4c23e5,10,2:190 3:122.49 3:145.5 3:168 6:145.01 7:152.5 7:189.99 10:158.5 11:152.5 12:165 15:154 16:170 16:192.37 17:168.5 17:205 18:143.64 19:180 22:199 24:132.5 24:142.5 24:142.5 24:142.5 24:147.5 27:145 28:143.5 31:154.5 31:189.99 31:224.99 31:232.5
34f3977b-b959-4750-af7d-c8753f4c23e5,9,3:50 5:59 6:62.99 7:70 7:119.1 8:54 9:45 11:58.88 15:62 16:64.99 19:68.5 24:74.5 27:75
34fcde5e-ee7d-434e-bf28-04e234623117,10,3:345.67 6:376.5 13:380 24:400
34fcde5e-ee7d-434e-bf28-04e234623117,9,15:180
35031ecb-1566-42b4-a94c-86d3ebd043c0,9,14:20 21:24.22
350d9bb4-4715-4741-821a-75fbf65af568,9,11:10.52 14:11.5 29:20.5
350e5a7f-0670-4555-afb1-592cbc4af25e,9,27:15
3512a45c-bb4a-4f4f-a04a-ebd6fe681723,10,10:17.86
3515b9e7-654e-4da0-a621-3b1edbc1d3bd,10,30:51 31:25 31:33.89
3515b9e7-654e-4da0-a621-3b1edbc1d3bd,9,27:10.95
3523bdac-4031-42f7-956a-a815069b20a4,10,14:750
3523bdac-4031-42f7-956a-a815069b20a4,9,2:305 19:263.51
352c931a-b9fd-4093-8dc1-fabd6b9671b5,10,10:51.71
352c931a-b9fd-4093-8dc1-fabd6b9671b5,9,19:18.04
352fab0d-f6ee-4d73-a185-c42d4dbf3647,10,15:159.99
35341a1c-72cc-453c-947d-c1a382992165,10,15:20 17:18 31:18.25
354c8245-0d1c-4b3e-b868-6f1e4af55a85,10,2:41 8:36 9:43 12:49.99 17:41 19:50 20:35 31:15
3563f1b5-7bce-4fbd-9862-6295f70f1194,10,11:139
3579cf5b-16b0-4d60-ad36-b8bd260bce73,10,27:129.99 28:129.99
3579cf5b-16b0-4d60-ad36-b8bd260bce73,9,7:34
35800a20-9b6a-49eb-b1e0-298356cea745,10,3:31 3:37.2 4:32.02 5:102.99 5:102.99 6:41 10:34.8 10:34.8 14:66 17:31.16 18:50 23:34.33 23:39 24:30 31:35.29
35800a20-9b6a-49eb-b1e0-298356cea745,9,8:20 13:15.5 16:26.99
3581eb8f-fc9a-4557-a9d0-53025aa9c59d,10,2:120 7:152.5
3581eb8f-fc9a-4557-a9d0-53025aa9c59d,9,25:26.6
358d8e27-bb1a-44bc-bf95-dadecef6b9a5,10,1:20 1:20 1:20 1:28 1:28.45 2:22.5 2:23.3 2:25 2:28.45 3:16.02 3:20 3:24.5 3:24.99 3:25.2 3:35 4:23.99 4:27.99 5:24 5:29.9 6:22.99 7:22.99 7:24.99 8:17.99 8:25 9:17.99 10:17.99 10:25 10:28.75 10:30 10:30 10:30 10:39.99 11:12.49 11:17.99 11:23 11:23.01 12:17.99 12:22.53 12:24 12:24.5 13:19.5 13:22.02 13:24.95 14:16.01 14:17.99 14:20.5 14:22.5 14:25.99 15:18.51 15:20 16:24.99 16:25 17:17.99 17:25 17:27 17:27 18:15.5 18:17.99 18:20 18:21.5 18:21.5 18:24 18:26 19:17.99 19:22.52 19:22.52 19:23 19:29.99 20:17.99 20:27 21:25.99 22:20 22:24.56 22:25 22:25.5 23:21.5 23:21.99 23:23 23:26 23:27 23:28 23:39.99 24:20 24:20.5 24:21.5 24:22.52 24:24.9 24:27 25:20 26:20 26:22.95 26:22.99 26:26 27:23.5 27:25 27:26 27:28.99 28:26 29:20 29:20.5 30:21.5 30:22.02 30:22.02 31:15.5 31:21.07
358d8e27-bb1a-44bc-bf95-dadecef6b9a5,9,1:19.95 3:11 3:17.52 3:18.52 3:18.52 3:19.5 3:84.04 5:12 6:15.51 7:15 7:19.99 7:22.79 8:10.5 8:12.5 10:5.5 10:10.5 10:11.5 10:16.5 11:4.99 12:10.5 12:12.5 13:6.5 16:12.5 17:10.5 17:12 18:12.5 18:12.5 18:18.52 20:12.99 21:12.99 22:12 23:7 23:13.06 23:13.5 23:13.83 23:14.5 23:15.5 23:17.5 24:12.5 25:15 26:13.52 27:11 27:13.02 27:14.99 27:24 31:10.5 31:13.99 31:14.99
358fb57d-4692-42da-acc9-b1b912ecf161,10,16:299.99 19:86.99 25:115
35994e52-edf3-4653-a33a-30faa1bd7f12,10,31:249.99
35a078f6-6507-4b04-af4b-40a3a1407b96,9,24:42.15
35a257e6-ac63-4127-9cd6-96a22c177e73,9,20:84.99
35ad58a5-a1cf-4fa1-aca0-f8e9dd092014,10,13:99.99 26:168.88
35ae86e2-6fd9-48f5-9d82-4ba69935621d,10,28:369
35af50d4-217c-4783-80f4-ee102db425a1,9,12:68
35b00427-66be-40ad-b8ce-b9b1d2202815,10,10:324 31:283.58
35b00427-66be-40ad-b8ce-b9b1d2202815,9,6:52 19:69 20:62.11 24:69.6 24:74 28:52
35b022f0-392f-45fe-bcca-f5062daac2a9,10,20:130 23:250 31:216
35b51963-dac1-40f1-9b41-b7312c9f562c,10,2:46.5 12:46.5 24:59.5
35bf8d9a-f873-47f4-8522-9a079ed2a865,10,28:35
35c0b74b-621b-44fc-a05e-32815404e1a0,10,11:92
35c66cb8-8311-459a-973f-e9aa2fa127b9,9,14:1850 31:1560
35dc15c5-222c-4b03-a5e3-c6cc9b4e4e5e,9,26:101.08
35e0fc2c-3dbb-4b23-8e26-bdd014bd64f4,9,16:149.99
35e2dc17-9465-46fe-aad0-ae26cdd8d98c,10,3:158.42 3:158.49 5:96 17:91 23:162.5
35e2dc17-9465-46fe-aad0-ae26cdd8d98c,9,3:19.2 3:19.2 5:30 10:28.8 25:19.48
3603c877-4511-4a58-a8d8-40f9c91f49db,10,2:15
360a66de-8e09-40a5-8829-b226b2d4bd2d,9,10:38.4
3614173e-e712-4ee3-b507-72c0cd8bd54e,10,9:43.29 18:27.35
361ba975-57c3-4c2f-9a25-03134745b628,9,3:660 3:870 5:1100 7:800 9:617.77 10:600 14:575 14:627.77 22:800 31:516
361fb685-894c-423b-af87-37e63d2db0ec,10,8:210 16:220.65 19:224.99 21:130 24:233.46
361fb685-894c-423b-af87-37e63d2db0ec,9,3:45 5:39 5:41 13:34 16:46 19:39.99 25:30 29:33 31:35 31:35
36254360-2d8e-4eea-8b50-eccec60639aa,9,23:20
362f0f4f-c016-4539-87ff-0832504aa077,10,14:46
362febf3-917c-44ae-9f41-49e369a799f9,10,17:232.52
36317e9f-1f02-4c83-a2e5-12221a4c1d55,10,31:108.5
36342056-f3cd-4e4d-8973-5cfd26fdc70b,10,19:22 24:14.5 25:20.5 25:26
3634c4c5-9fd2-40ea-9cfc-030907511e56,10,1:89.9 2:75 2:118.85 3:68.02 3:77 3:85 4:68.87 4:77 4:229.66 5:71.25 5:77 6:69.99 6:70 6:112.5 7:61 7:63.02 7:67 7:76 8:73 10:64.94 10:69.99 11:73 12:79 12:82 13:51 13:58 13:63 14:58.02 14:78.69 14:85.25 14:154.3 16:75 16:77 17:55 17:66 17:66 17:67.03 17:67.5 17:72 17:74.4 18:52 18:60.8 18:69 18:71 19:77.5 20:62 20:63.03 20:64.52 20:68 20:70 20:70 21:58 23:60 23:60 23:79 24:62.4 24:63.1 24:73 24:117.5 25:69.99 25:70 25:93.48 26:71.99 26:76.5 26:102.5 27:75 27:79.98 28:66 30:65 30:79.99 30:108.49 31:45.6 31:59.99 31:73.26 31:75 31:97.35
3634c4c5-9fd2-40ea-9cfc-030907511e56,9,2:29 2:31 4:29.99 5:26 5:37 5:37 5:39 6:37 6:37 7:21.2 7:28 7:29 7:30 7:36 8:29.99 8:34.27 9:20 10:29.36 10:32 11:24.5 11:26 12:24.5 12:29 12:31 12:33 13:27 13:27 13:58 14:24.5 15:26 15:26 17:29 17:29 18:26 20:36 21:29.99 21:30.99 21:45.06 24:23.5 24:24 24:36 25:21.5 26:31 27:14.99 27:24 28:25 30:29.99 30:30 31:21.5 31:28.55 31:28.88 31:34.8 31:40
364a1b58-05a2-48c6-978f-04d4db6303b2,10,17:25.25 21:67.66
364b0e98-86e8-4238-acb3-78d016bec1f5,10,17:22 23:26 30:35
364b0e98-86e8-4238-acb3-78d016bec1f5,9,7:5.5 28:11.5
364ecad4-4617-4c66-8a66-391d8aa6098f,10,10:207.5 19:212.84 21:400
364ecad4-4617-4c66-8a66-391d8aa6098f,9,21:70 29:99.58
365bac44-fea5-4e70-a704-d56781213cbf,10,6:39.99 12:20
365bac44-fea5-4e70-a704-d56781213cbf,9,8:14.99 10:48.1 14:15.52 18:22
3662845b-7030-44a9-b52c-09b75a2218b7,10,10:126
3662845b-7030-44a9-b52c-09b75a2218b7,9,15:51 24:32.4 31:39.6
36676e80-6c04-4710-b55f-ccbbbb28b923,9,10:34.99
36718e19-4664-419d-bdf5-f35dfca46514,9,10:37
36719b55-a08c-4a4c-8ee5-5c6f77396f39,10,17:50
367a2aa5-bc48-420b-a1a8-be2bfcf6cde3,10,17:30 22:34 25:54.99 26:39
367a2aa5-bc48-420b-a1a8-be2bfcf6cde3,9,3:16.8 5:10.5 10:15.6 11:16.5 15:32.41 16:10 18:17 25:15.5 26:15.03 30:17.39 31:8.19 31:13.2
36828fa9-b700-426e-9ab4-1576d742bf86,10,3:26 15:54
368a28df-785b-4f0b-ae24-682135bdb031,10,23:200
368ef933-bc7a-4195-aeee-15a1d6feccc2,10,10:30 23:49.99
3699e0c2-c984-463e-a400-5e63cf5d9d6b,10,27:135
36a35575-3754-4af7-9a6d-31e95cd8f141,10,31:50
36a73d6f-f034-4aea-8d30-cad8dc042b70,10,9:29.99
36b4f518-493b-4ac5-82ed-02a8a0a829fa,9,2:176.5 4:231.5 5:210 10:350 11:203.5 12:221.7
36b9156f-ed92-40e3-845a-3c0f527699b5,10,2:32 5:24.99 12:24.99 20:37 25:31
36bdbd6d-ff23-4e82-a3b3-57e267cd2691,10,12:230.85 24:264
36c5c508-009e-48c1-a823-955be68bae8c,10,24:26.02
36c5c508-009e-48c1-a823-955be68bae8c,9,29:15.52
36c99dea-14be-4705-b656-8421f599e1fd,10,12:100 16:100 31:95
36d9fc76-3eec-47b9-b34b-61fa45a7eef3,10,4:39.99 15:16.5 16:22.5 28:31 31:16.99
36daf1ed-c34f-4629-ae45-617859b11869,10,7:112.5
36e5341e-59fd-4829-b073-6401982ef8d0,10,3:325 29:308.5
36f3789a-14d5-47ff-8f4c-cd5ff3854885,10,16:30
36f8875e-9d55-4812-9834-53d0ad82b531,10,13:49.99 31:17.5
36f8875e-9d55-4812-9834-53d0ad82b531,9,3:10 14:10.5 21:9.5 28:9
370d16d0-a1ab-42aa-96cd-ba0819c4ed59,10,10:53 13:134.49
370d16d0-a1ab-42aa-96cd-ba0819c4ed59,9,26:17.12
371355c4-a4df-4d6d-bf7c-d06a61552e50,10,17:74.4
37137b72-928a-490f-9b0d-ae7381850b0e,10,3:750 15:850
37137b72-928a-490f-9b0d-ae7381850b0e,9,3:113.5 4:125 10:138 10:138 10:138 10:144 11:149.99 14:220.69 15:217.83 17:126 17:126 19:137.5 24:139.5 31:178.5
37162ee5-46c1-43cc-8649-aa4740ea15a7,9,24:96 31:89
371a86c1-1c07-49c1-9117-582e67edf514,9,4:25
37243e62-9713-48c3-a0cb-8924570b18e9,10,24:186
373b06df-671c-4dcb-bb58-edfd6708c84b,10,18:900
373b06df-671c-4dcb-bb58-edfd6708c84b,9,1:51.01 1:64.74 1:65 4:60 6:80 9:55.59 10:59 10:62 10:88 11:51 13:45 14:59.99 15:88.38 23:51 23:51 29:67.5 30:70.24 31:60 31:75
37569c9f-abe8-4f9d-aaf4-6224becf24a8,9,10:78
3777eb5c-bc00-4005-9102-1bcc1e49de04,9,25:12 26:12 28:12 31:12
37793f0f-95ee-4baf-a396-6db35b08624f,10,23:49.99
377b1678-8db5-42d4-b6c3-d3b9eae98209,9,3:121.89 17:117.6
3780914f-fe3c-4319-9dbe-0e1d071687d1,9,21:120
378636a4-18ee-4d4d-8133-ff1418a1feb7,9,24:74.4
378b1d60-b57a-4550-9b29-c198e54551ad,9,10:169.99 11:239.32 13:115 19:134.63
37919edf-6006-406a-afce-3d98de255e3e,10,18:320
37919edf-6006-406a-afce-3d98de255e3e,9,1:84.68 19:133.5
37937cab-c97a-4dc6-a6fe-47fb315c244a,9,1:120
37980380-4d93-4373-86d2-972efdeba91f,10,12:105.5 31:124
37a45d59-457a-4277-882c-2a7ebeb51e74,9,16:22.39
37a58e79-aa72-4fc3-874a-96d3ecf47630,9,4:44.69
37a710c3-e3a3-4e1b-81d1-3322e91c90ae,10,17:35
37ad22f4-b0ca-4662-91ab-774d767dd66c,10,10:10
37b721f5-c676-4d7e-8e0b-c2865dcbbb40,10,12:145.5 18:111
37b721f5-c676-4d7e-8e0b-c2865dcbbb40,9,6:37.96
37bc6866-7737-4952-b9d9-b4672ffb142a,10,14:50
37bc6866-7737-4952-b9d9-b4672ffb142a,9,3:13.5 8:16.99 10:16.99 26:15.5 26:15.55 28:24.99
37c1e015-d0fb-462b-8811-7f8f9f42f082,10,22:400
37d04fbe-1fac-4259-8641-b3b37f12eff8,9,3:69 9:85 10:91 23:85
37debcec-0b13-4386-9ed0-7fb181faf84c,10,3:34.8 5:14.36 5:61.79 5:78.23 10:50 14:23.92 16:35 19:35 20:40 24:35 26:70
37debcec-0b13-4386-9ed0-7fb181faf84c,9,5:11.25 26:24.99
37e0ce18-0ba5-4e62-a6fa-35a7de6eabb5,9,16:134.05
37e5f13b-2ce1-4173-bf32-6949ccd8913c,10,17:14.4 28:28
37f197df-011a-4066-ae7d-f4cad177888d,9,17:51.6
37ffc5ea-c37a-4ffd-bafd-7feeab78c339,9,4:24.99 17:13.09
3800783e-213a-44e6-960b-5067802d3f6d,9,6:557
380fa510-de32-4482-bfc6-c8a6015a1a4e,10,3:26
3810870d-89a9-4368-a4b4-abf4320d6c6e,10,18:50
382307ba-ac6f-4141-b1f7-a59e5f12fd85,10,24:580
3823b0a2-b4bc-4836-ab85-775c3516b2b8,10,10:840 31:407
3833def9-aeef-4470-a64e-35493fda7d90,10,12:295
3833def9-aeef-4470-a64e-35493fda7d90,9,17:49.2 31:48
3834e2ef-91c7-4e83-9609-077a537da084,10,12:123.05 21:71
3834e2ef-91c7-4e83-9609-077a537da084,9,17:71
3846e397-67ce-4968-8cbf-4b0507879c8a,10,5:59
3846e397-67ce-4968-8cbf-4b0507879c8a,9,5:11.52
38501d32-ef47-482f-9fb9-bb4b8a800c79,10,3:69.99
38505c80-3b70-49c8-ac9f-179d27343d38,10,17:210 25:330
38520056-b06a-438d-9121-e08ada89f986,10,16:89 16:158.27
3852f68f-a2bd-4022-a32d-bc324fc88766,9,16:20 17:15.91
38634863-0c49-4872-bd0a-5d3fb0747598,10,10:173.5
38634863-0c49-4872-bd0a-5d3fb0747598,9,10:26 10:31
3863bc83-0f2e-48df-9af3-3db2b4b6f939,10,15:47 28:26.05 28:39.99
3869f012-32cd-416d-8b5c-ecfd37effa18,10,10:150
3875870a-f0da-46b6-bf83-60eee87b36d8,9,9:100
387b5e87-31f5-4345-8ef1-88befaa6d7b1,10,3:12.5 10:18.5 14:40 15:15 30:21
387c1f75-03a4-40be-82c5-89bfc190fb7b,10,24:264
3894dced-5bd8-4bb3-a145-73575c6396d2,10,1:90 8:149.99
3896af85-8e91-4b79-abc8-2ee0bc333f3b,9,17:26 27:40
38978ee2-e69a-4361-9640-4441b54bc2c8,9,17:32 19:60
389e8e18-743f-47f6-bbb1-021de6663f7f,10,2:59.88 2:65 2:70 4:60.03 10:60 11:66 16:75 17:80 18:71 18:82.5 24:41 24:71 27:40
389e8e18-743f-47f6-bbb1-021de6663f7f,9,4:38 7:33 7:40 10:48 15:40 25:26 25:30
38a00c87-0199-4950-b9db-e93b4ec93207,10,12:130
38a0394e-4314-4dc1-bee3-cf40033d8281,10,3:156
38a0394e-4314-4dc1-bee3-cf40033d8281,9,3:27.08 3:34.8 11:35 11:52 16:44.99 20:36.02 21:43.99 22:49.99 24:28.8 29:38
38a54d0a-e293-48f6-8316-702f1b511c6f,9,16:89
38b943f6-88a6-474b-b819-80132e63dc89,10,17:504
38b943f6-88a6-474b-b819-80132e63dc89,9,1:133.5 2:135 3:130 3:145 5:139.99 9:274.69 11:90 13:130 15:199.99 16:100 16:150 17:126 17:128.5 19:100 21:599.77 24:97 24:100 24:112.8 24:112.8 24:147.5 26:113.5 26:125 26:140 27:129.99 28:311.58 31:89 31:108
38c13cfc-1b75-4a68-8f33-1ae55a8ac648,10,1:220 3:200.5 13:199.99 17:126 24:177 24:250 31:97.88
38c13cfc-1b75-4a68-8f33-1ae55a8ac648,9,1:34.33 5:34.89 7:42.99 11:51 17:51 20:37.88 22:50 24:33.6 26:36.02
38c375a7-7f87-4f7a-8c57-c48dfc6a3006,10,17:20.5
38c375a7-7f87-4f7a-8c57-c48dfc6a3006,9,24:11.76
38c65342-6fdb-42f1-8040-83dd2ba8162e,10,9:61 16:152.5
38c65342-6fdb-42f1-8040-83dd2ba8162e,9,1:21.71 3:15.5 31:28.8
38c9b75f-a6cb-4b67-8ad4-896839b69b29,10,10:325
38cd8e1b-4db7-4f8c-b06b-268f2b29cf24,10,18:21.5
38cde27c-214e-46c8-bd7e-2488e013d2ff,10,21:97.12
38cde27c-214e-46c8-bd7e-2488e013d2ff,9,2:30.02 3:26 9:15.84 10:20.5 10:35.02 15:40.22 19:55 21:50 22:107.54 25:30.98 27:31.02
38d5d44f-1ba3-4578-9a06-c744507b948c,10,12:249.95
38d5d44f-1ba3-4578-9a06-c744507b948c,9,3:37.2 10:60 16:69.99 18:69.99 21:49.99 27:36.01 29:49.99 31:49.99
38dd674c-c880-4e60-9eb6-29a8f50dd359,10,15:20.5 24:14.4 24:18
38e9c1b6-0cbd-44c2-9c64-0c159b250b9f,9,10:162 17:202.5
38ec1452-9e6d-496f-b097-358d34ddf5e7,10,3:17.52 7:20 12:16.52 13:17.02 13:25.13 19:15.5 21:19.99 24:22.99 30:15.5
38fad978-95b3-4d2b-a1a5-aa5b815f1e66,10,2:30 3:17.52 3:20.02 4:20.5 4:21.5 5:16.01 5:16.5 5:20.5 7:35 9:22.5 10:20.4 11:16.01 11:18.5 11:19.51 11:24.5 11:30 12:17.52 12:25 16:20.5 19:27.74 20:25 28:18.5 28:19.45 31:18.36
3901dd64-eb9b-4020-8d5e-ff989b25a44b,10,5:900
3901dd64-eb9b-4020-8d5e-ff989b25a44b,9,10:188.49 31:144
390cd0ba-15e1-4a39-ba9e-fa08f0557a75,10,5:19.06
390e79c9-ff5a-4d5b-a0f7-ba9dee32fb15,10,27:81
390e79c9-ff5a-4d5b-a0f7-ba9dee32fb15,9,25:27
392113f7-a396-44ec-a8bc-a4473dea39d4,10,4:420.18 17:285 31:295 31:336
392113f7-a396-44ec-a8bc-a4473dea39d4,9,13:68 17:62.4 20:99.99 22:63 30:84.99
3923f5aa-eea1-4541-82d4-ac23238f5dac,9,16:36 23:60.21 31:25.2
394b77ae-3fd4-4e51-b9e5-85c1840e25ab,9,26:20
3961a988-a1f2-41d3-8b61-ca98710ee265,10,1:53 2:41.02 2:49 2:50 3:40 3:42.55 4:48 4:86.25 5:52.3 6:38.02 6:46 6:47 8:49.98 10:51.05 10:60 10:60 10:94.99 11:40 11:44.01 11:45.01 12:40 13:44 14:54.01 17:37.9 17:42 17:43 20:49.99 21:69 21:76.14 22:51.98 24:41 24:44.99 24:45.5 26:48.5 26:50 26:50 27:56 29:41 29:64.99 30:42 30:64.99 31:39 31:44.99 31:46.54 31:64
3966a8f2-3df3-44db-9a49-46ed9938eea9,10,6:140.5 14:169.99 17:153.9 18:148.5 19:139.99 20:200 24:144.99 24:156.97
396d1ddb-39c7-4213-9c00-7493bcd4568e,10,24:68
396d1ddb-39c7-4213-9c00-7493bcd4568e,9,29:15
3973c72b-6f7d-4d2a-ac4f-1baa42d2d4fd,10,11:15.5 18:6.5
397fb53c-a03c-4b80-b439-505b4ae639dd,10,2:35.85 15:14.5 15:18 24:14.4 31:15.6
3985ce0b-7272-462a-aa2d-8c468bb046e5,10,10:249.99
3985ce0b-7272-462a-aa2d-8c468bb046e5,9,1:14.5 1:16.5 1:20.5 2:10.5 3:17 3:21.6 5:15.02 5:15.52 5:17.5 5:17.5 7:12.5 8:10.5 8:10.52 8:20 12:8.5 12:10.5 12:14.5 12:17.5 15:15.02 15:16 17:12.5 17:14 17:14.01 17:16.5 17:18.95 17:23.46 18:13.5 18:19.95 19:15.52 24:7.19 24:10.5 24:14.41 24:15 25:15.5 26:12.5 26:19 27:11.5 27:15.52 27:18 30:12 31:8.5 31:8.5 31:8.5 31:8.5
39867ab0-36eb-4089-905a-73cca0deb3a7,9,31:15.02 31:15.52
39886d16-a20a-4eea-87bb-97be98ea24e9,9,5:29.99
398f6400-b07e-4fd6-86d2-984fe80e4af1,10,4:199.95
39a7e0b3-6cbd-456c-825d-9cbcecf56dcb,10,3:33 3:39.99 5:41 8:45 14:42 17:31 18:43 18:49.99 20:49.99 26:31 29:30 30:50 31:18.27
39a7e0b3-6cbd-456c-825d-9cbcecf56dcb,9,1:19.99 3:13.52 6:24.99 11:36 25:18.02
39b2b743-17d3-43f3-80ce-876face33a16,10,2:560 17:361.56
39b2b743-17d3-43f3-80ce-876face33a16,9,16:250 25:279
39c932d9-953b-4dfb-8fcc-114e4e09676a,10,3:38.4 9:43 12:57.95 14:37 17:45 21:70 22:46.01 24:37 24:80 26:75
39c932d9-953b-4dfb-8fcc-114e4e09676a,9,21:10.5
39cc8724-c40b-487a-a1bb-12f240ea449d,9,4:155
39d03f4b-ae6b-4d33-af9c-12c7bc8f1ded,9,3:97
39d78d8d-3a73-498e-b500-a7d47c088bf6,10,2:49.98 24:26.4
39d9def0-a056-408b-9a68-463d60fe008e,9,1:72 1:99.99 6:150 9:80.69 13:62.08 29:50.24
39e03b60-328b-48ee-879c-b32de2e9cfbf,10,1:65
39e043dd-a247-4f89-ba60-1b0baa81ec92,9,3:50 4:49 7:36 10:43.2 14:28 15:76.6 17:45.6 21:55 24:44 28:75 30:65
39e14e1e-3869-4935-a732-5c940a27c177,10,3:52 17:32 17:50
39e39706-8b99-4ccb-a436-e70373150c0a,10,2:71 17:91
39e39706-8b99-4ccb-a436-e70373150c0a,9,21:65
39e3c15c-19b9-49ca-8f8e-2f33d83ba872,10,1:29 1:66.02 2:25 2:40 2:40.82 2:54.02 2:67.65 3:24.5 3:26 3:26 3:31.2 3:31.2 3:31.2 3:31.2 3:32.4 3:37 3:43 3:48.99 4:48.99 5:29 5:31 5:40 5:41 5:41 5:51 5:54.52 6:32 6:35 6:39 6:39 6:40 6:46.47 8:35 8:56.94 10:21.5 10:34.8 10:37.2 10:37.2 10:37.2 10:39 10:46.9 10:63.74 11:25 11:38 11:38 11:39 11:39 11:40 11:40 11:40 11:41 11:41 11:42 12:36 13:37 13:39 13:41 13:53.02 13:56.27 14:36 14:41.82 14:70 15:39 15:39.99 15:52.44 16:38.99 16:38.99 16:39.25 16:39.99 16:60.32 16:66.02 17:25 17:30 17:32 17:32 17:32.4 17:32.4 17:32.4 17:32.4 17:32.4 17:33.6 17:33.6 17:33.6 17:33.6 17:33.6 17:36 17:36 17:36 17:36 17:37.99 17:42 18:37.99 18:50.93 19:25 19:29.45 19:36 19:37 19:38 19:38.8 19:38.8 19:39 19:39 19:39 19:39 19:39 19:39 19:40 19:42 19:66.02 20:38.99 20:75.94 21:22 21:25 21:34.99 21:35 21:38.99 21:57.5 21:100 22:66.02 22:124.16 23:39 23:40 23:41 23:41.99 23:45 23:100 24:27.6 24:30 24:31.2 24:31.2 24:31.2 24:38.01 24:39.95 24:40 24:41.99 25:41.99 25:48.17 26:39 26:39.95 26:40.99 26:45 27:28 27:30.29 27:31.85 27:33 27:35 27:40 27:44.99 29:25 29:39.99 29:47.5 29:52.26 30:35 30:39.99 30:41 30:46 31:33.6 31:37.3 31:55.98
39e3c15c-19b9-49ca-8f8e-2f33d83ba872,9,1:21.99 3:16.8 3:21.99 3:27.09 4:19.99 4:24.01 5:16.02 6:16.5 8:25 8:31 9:28.99 10:14.4 10:16.52 11:19.99 13:19.27 13:20.19 13:20.52 13:21.52 13:22.5 13:28.99 14:13.84 16:30.16 17:18 19:20.03 19:20.53 19:20.53 19:20.53 19:20.53 20:24.5 22:18.5 22:24.5 25:19.5 25:26 27:12.04 27:18.25 27:39.69 29:24.97 30:14 30:20 30:20.02 30:22.5 31:16.8
39eb17af-6960-4de4-a972-180bcef1e182,10,18:127.5
39eb17af-6960-4de4-a972-180bcef1e182,9,12:87
39ed76b9-82b1-45b7-b32a-6f138951421b,10,10:30 15:30 27:39.99
39eda1fc-3829-4143-a410-dcb546d6aa71,10,31:4080
39eda1fc-3829-4143-a410-dcb546d6aa71,9,10:1175 31:930
39f133af-9658-46af-92dd-04083ec286e1,9,7:136.97
39f9ffb4-e8f0-466d-b38a-78358bcbef74,10,3:15.5 3:22 3:22.99 7:24.99 9:28 10:21.6 11:21.5 12:23.5 12:27 14:24 14:44.81 17:25 17:26 24:19 24:30 27:40.93 29:20.99 29:31 30:22.5 31:20
39fbbe5e-e6f5-45f1-aeef-18025458bec7,10,3:41 11:60 17:30
39fcb8d2-a1fd-4a72-a14c-0efc60e81148,10,24:51
39fdc975-070e-4045-848f-526b5a819551,9,6:85 6:89 10:88.8 14:92 16:70.69 17:55.2 17:55.2 17:55.2 24:49.2 31:62.4
3a044550-8046-4f94-a63d-fc6711d98e7f,10,3:278.58 10:216.32 18:1050
3a044550-8046-4f94-a63d-fc6711d98e7f,9,19:325 23:152.5
3a085dce-188d-4663-b653-707c46da4198,10,24:299
3a08f4c5-1612-42e2-a47e-1eb335ff1981,10,3:160
3a0d76b0-2283-4ed1-86cc-20848aed69af,10,19:260 19:265
3a104555-9510-47bf-9e60-cf81250abea7,10,19:38.95 28:52
3a11ca24-60d2-4d1a-b4c2-737a260999c9,10,24:348
3a12af3e-66d1-4657-9c76-29d557733638,10,3:25.2
3a18d6a2-1179-4f9f-adfa-cd6b397630d5,10,14:96 24:127.5
3a18d6a2-1179-4f9f-adfa-cd6b397630d5,9,10:42
3a23f3bc-1119-4bfa-b045-3a3235750a43,10,5:30 19:60 22:60 26:25
3a23f3bc-1119-4bfa-b045-3a3235750a43,9,26:14.99
3a25f64a-390b-4470-84ad-e1212eb2de1a,10,1:17.99 1:19.5 2:17.52 19:15.95 20:19.99 23:12.5 28:10 28:17.52
3a34db35-23d1-4ae6-be84-33a0f1f4516f,9,8:275 8:300 10:300 21:315
3a38db5e-b1db-4f89-9dd7-7d038ef2a3e6,10,6:41.01 29:60
3a38db5e-b1db-4f89-9dd7-7d038ef2a3e6,9,6:18.38 14:18.38
3a39fbf7-3ffa-4dd0-9157-bed8b8915452,9,6:10.5 19:9.69 24:10.5 30:12.52
3a44d5ba-60a1-4c49-91db-982f3b17af70,9,9:219.76 24:80
3a61acc4-0035-4274-9513-9d5a369db5e2,10,8:16.99 9:30 10:30 11:17.5 12:19.5 13:17.49 14:35 16:19.99 24:21.03 30:22.99
3a66a4ec-cf3b-48d3-8031-6789d14150f5,10,1:265 5:135 14:265 24:227.5 29:152.5
3a6c9a69-07ef-47ea-926c-b940075aa44e,9,16:125
3a708225-c039-4bda-bf23-bd26ad787dcf,10,21:15.5 22:13.19
3a708225-c039-4bda-bf23-bd26ad787dcf,9,21:9.5
3a78bfc4-e4b5-42e2-b8e7-9eb62054cd9e,10,10:70
3a7d818c-fe39-4600-9fee-262a5519855c,10,18:99 21:66
3a89f377-a285-4d24-9f24-dd95310cafd8,10,9:300 17:275 23:350 24:348
3a8e258d-5b01-4e7f-96eb-f129913bf489,10,3:51 17:38 19:48 19:79.99 21:50 22:80 23:68 25:66 27:72
3a91c574-a9b7-43f2-b0c8-dd5c37454f4a,9,10:365 19:450 24:348
3a9206a3-405d-4bce-add2-48a7924f76b7,10,3:820
3a96dd4c-c7ac-4264-85ba-56a14eff1682,10,11:499.99
3a98ddec-57e8-43ff-ad80-88fa6e3d89d4,10,17:84 21:80
3aaeebbe-0e5a-45c2-ac23-82893dd1d217,9,10:221.5
3ab75006-9fed-4195-9d50-5c7293b247d4,10,29:37
3ab90ad8-c225-43d4-9143-221c5a2f5cff,10,26:575
3aba0249-e630-435b-abe3-ee923332c219,10,2:30 3:26.4 4:12.52 4:25 5:27.03 7:37 8:22.5 9:23 9:25 10:17.5 11:20 11:27 12:40.41 13:35 14:19.5 15:22.52 17:35 19:31 20:28 21:18.52 22:17.99 22:18.5 23:22.5 23:22.52 25:18 25:24.99 25:25 25:27.99 29:23 31:17 31:17.51 31:20.5 31:25
3ac13569-0eae-4ad6-8926-d246e77c6b8f,9,24:72
3ace96d2-8f6b-477b-beec-22d4ba3be57d,9,25:180
3ae3769d-22ec-41a4-af44-7f79d11d1dbc,9,6:140
3ae7b74d-2ed3-498c-bf0f-36b162d2c289,9,28:89.99
3afb167a-c247-4dac-8ce4-a6520ac00100,10,12:1000
3afb167a-c247-4dac-8ce4-a6520ac00100,9,11:160 25:205.72 26:205.72
3b01c3f5-7682-4f7a-b5a7-e639372b7c89,10,26:250
3b1dc1cb-5175-4541-9eb3-dd06d4e08235,10,4:32 24:55.2
3b29ee7e-06d8-4268-b2d8-1fec2deebfab,10,1:145 10:138 16:149.99 23:95
3b29ee7e-06d8-4268-b2d8-1fec2deebfab,9,2:33 5:36.03 9:40 17:30.4 28:28.88
3b325089-3109-4646-94f9-f84eccf993b3,10,27:27.19
3b3fdf75-f8a9-430d-9fb8-eebf22c88708,9,12:77
3b486ef6-cc86-4f15-89db-0cf9b4bd0c6d,9,4:5702.61 5:5400 10:4080 26:5400
3b6319ec-d197-465a-9bb6-95c618ab2db2,9,18:15 28:20
3b6a5bb5-5953-421a-8d06-c1b5a7475898,10,26:55
3b6a5bb5-5953-421a-8d06-c1b5a7475898,9,27:18.5
3b6ede4a-f9a6-4ef1-96fc-fb6a8a832797,10,13:120 26:120 27:99 31:105.36
3b6fc59d-6692-4b3b-8899-ac20c6c79d4e,10,1:19.99 1:22.49 1:22.99 3:16.8 3:18 3:19.2 3:19.99 7:20 8:16.99 8:17.99 10:20.5 10:22.72 10:24.99 11:15.99 11:22.95 13:22.49 13:35 17:12 17:29.99 24:14.52 24:22 26:15 30:20.1 31:12.5
3b7492c6-dbce-43fa-8f33-75ca48cede31,10,20:1227
3b7492c6-dbce-43fa-8f33-75ca48cede31,9,29:250
3b887208-ae8d-458e-9418-30dc9b210a21,9,25:83
3b93c262-240a-49c8-bd3d-5b11ecfe4387,10,14:200
3b979fdb-0dc9-467c-934c-63bff9977ba4,9,2:74.01 8:119.98 17:86.4 31:115
3b97d01e-b5e7-4460-9dbf-287d4308d787,10,3:36 6:38.72 10:38.48 17:40 17:70 31:26.02 31:36
3b97d01e-b5e7-4460-9dbf-287d4308d787,9,3:30 5:19.39
3b9b40d7-95cc-4151-bf8d-a416d87840f7,10,6:25 25:48
3b9ed40c-49e6-4ad5-8c8b-dfdd65762559,10,3:34.8 3:36 5:33.37 5:72.7 14:39.35 16:86.97 17:43.59 18:54.04 21:65 24:45 31:37
3b9ed40c-49e6-4ad5-8c8b-dfdd65762559,9,5:7.37 24:22.26
3b9f1452-bb97-4408-9814-d5942503b5e5,9,3:59.99 24:19.5
3ba2cdb8-4e47-4b92-b4fe-856f519da035,10,29:100
3ba435dc-9a30-4084-a0d1-39694a0c2734,10,17:27
3ba94ff7-104c-40e0-815e-43e34f72548e,10,4:16.34 10:14.4 13:18.5 22:20.25 24:14.52 24:15.59 28:31 29:20
3bba12d6-be7e-4684-8456-036a5256bbca,9,24:20.4 31:14.5
3bbc0c8f-8e73-4d65-9b89-474cb4b53ff3,10,10:80 17:86.4 21:110
3bbc0c8f-8e73-4d65-9b89-474cb4b53ff3,9,1:55.86 3:20.5 3:46.8 7:28 17:31 25:49.37
3bbcb7eb-c475-4bee-814d-b02d7c64bfc9,10,17:81
3bbcb7eb-c475-4bee-814d-b02d7c64bfc9,9,17:33.6 29:19.99
3bc5a90c-80b7-482b-b4fe-fecd08509a70,10,7:24.16
3bc7436d-b137-4438-9717-fc54c092bac8,9,19:22.5
3bc84659-906d-4f73-978f-87519689f163,10,6:40
3bcb49c6-eae5-42d8-a80d-863440696085,10,15:29 15:30 15:31 15:32 15:34 15:34.69 15:35 15:35
3bcb49c6-eae5-42d8-a80d-863440696085,9,15:15
3bde650c-276b-489b-8c57-24864f486600,10,21:26
3be5e4c9-b229-41cd-b608-d9b1d96ac882,10,24:110.4
3bec9cae-a8bb-44cb-8191-03d5bba74dff,10,7:52.4 12:113.5 21:85 26:80 29:89 31:105
3bf02ae0-0712-485e-956b-2b36a7a17ccd,9,17:690 22:700 26:698.89
3bf0ceaf-5787-45d3-b92d-ed4d70565cd4,10,2:51.95 3:34.82 5:19 8:28 12:17.12 17:24.99 19:34.88 26:18.02
3bf505a3-697e-40a4-b87b-bd7c7fd56740,10,1:24.99 2:25 2:35 3:21 5:18.5 5:22.5 5:25.69 5:26 5:26.69 5:26.69 7:27.99 8:51 9:24.99 10:28.6 10:41 11:16.12 11:16.62 11:17.02 13:24.97 16:21.5 17:37 18:24.63 19:20.85 19:22 20:20.5 20:22 20:34.99 22:15 22:15 23:21.99 23:24.99 23:24.99 23:27.5 24:16 24:21.99 24:21.99 25:21.99 27:24.99 29:20 30:20 31:21.24
3bf505a3-697e-40a4-b87b-bd7c7fd56740,9,2:12.5 2:14.73 4:4.99 5:12.5 8:8.99 10:9.49 11:4.99 12:7.51 14:9.99 14:13.5 14:15.99 15:10 15:10 15:11.5 15:11.5 15:12.5 17:10.5 18:12.5 19:7.49 19:16.5 20:7.84 20:10.5 21:5.74 23:12.5 24:6.5 25:9.5 28:7.5 28:12 31:4.99 31:8.5
3c12d127-c2aa-47c7-95b8-fa7d58e9fa7c,10,2:35 3:39 5:17.5 5:18.5 8:30 14:12.5 20:29 22:30 26:15.02 29:38 31:34.99
3c12d127-c2aa-47c7-95b8-fa7d58e9fa7c,9,5:10.5 15:20.5 24:14.5 24:21.5 26:7 26:12.54
3c16e94a-fee0-43cc-b06d-e0ac5f6bc858,10,9:81
3c16e94a-fee0-43cc-b06d-e0ac5f6bc858,9,24:31.2
3c1b4539-1042-4f4f-aa08-eeda7ab5d621,10,22:65
3c1de06d-9233-4f10-9b61-adfe21f22fd5,10,24:137.89
3c2387f4-563c-431c-8d58-dd221f47d68a,10,16:61 22:105
3c2387f4-563c-431c-8d58-dd221f47d68a,9,9:37 17:26.02 20:44
3c257d38-b075-465b-9aa7-15a05e235a01,10,7:12.51 10:15.6 11:17.52 12:11.5 12:17.02 17:14.4 17:14.4 17:17.52 18:12.51 18:17.01 19:20 21:19.99 23:19.73 23:22.5 26:23.99 27:19.99 28:17.52 31:14.5
3c290202-0ee8-4b0f-b4e2-7d5b61209a53,10,8:319.99
3c2f3124-e23c-4687-beb3-51ffefddf4fa,10,4:116.08 16:105 30:85
3c2f3124-e23c-4687-beb3-51ffefddf4fa,9,1:43.72 3:26 7:20 11:20.5 11:29.95 11:32 12:22 15:34.2 18:34.2 27:26.5
3c4214b2-7863-4d74-ab5b-d253619b9d5b,9,9:255 22:300
3c435aec-c15c-421c-9ecb-00e144561f6f,9,27:759 27:800
3c44fab2-47b9-464e-8e59-324d9de5fa90,10,18:50
3c4953d6-93d9-4ff2-a7b3-1bcbda87c8a3,10,2:15.5 2:30 3:24 3:30 6:26 9:15.5 9:20.5 10:24.5 13:36.75 23:30 30:31 30:42.86 31:25.5 31:40
3c4953d6-93d9-4ff2-a7b3-1bcbda87c8a3,9,1:29.99 3:14.4 22:29.99
3c5bf686-bb97-451e-997f-e78ccd462a83,9,2:54.99 3:54.99 4:31 10:48 14:26 21:50 24:108.37 29:59.99 31:34
3c5d2777-b3ec-4ef6-95d4-4254765306f2,9,12:26
3c5f454e-aff5-4a13-a884-7188f1563712,10,24:288
3c6f8102-214d-47ae-b1c5-3d8a2a0aeddd,9,10:32
3c723dfb-876f-48eb-b2e5-2af036588243,9,4:37 6:36 8:60 12:36.03 16:40 17:53.62 25:62 27:42 27:55 28:48.88 28:80
3c7bf920-d0c1-483e-bac0-80af47d2a3e2,10,3:31 28:56
3c7d13d1-783f-47bb-af23-4a2dc0a0e142,9,24:9
3c9149c8-2390-44ee-b53e-e9f6db054e92,10,20:8610.33 24:8700
3c9149c8-2390-44ee-b53e-e9f6db054e92,9,1:1299.99 2:1199.99 2:1585 4:1103 4:1124.99 4:1400 5:1000 5:1101 5:1200 7:1175.01 10:1059.99 10:1140 11:1125 13:770 13:1155 14:955 14:1025 14:1090 14:1150 16:821 17:980 17:1125 18:1050 20:1025 20:1050 22:1375 23:1200 24:1050 27:850 27:1079.99 31:990 31:1225
3c99e0cc-2415-4ea3-a23b-5f776d15b2fc,10,1:17.99 1:18 3:41.2 7:25.01 8:20 17:21.5 18:17.02 18:31 18:34 24:24.99 24:33 24:67 26:22.5 27:28 31:30
3c9bccfc-40e6-4b37-9145-5f35ba94caef,9,31:450
3c9d6323-4b3a-45fe-93e9-686d8b7ff8f5,10,5:21.5 14:25 21:20 22:25
3ca24d66-76d0-43e8-8c93-6cf084cad1f0,10,16:179.5
3ca50c32-356b-4692-b56c-91bb9bb400ec,10,31:79.99
3ca50c32-356b-4692-b56c-91bb9bb400ec,9,6:20
3cadcb1f-6d9e-4696-8a38-f919cc65f82d,9,9:35
3cb67a48-a232-46e8-b798-8064bd241a41,10,10:45
3cbe24fb-446e-4fcf-8535-bce4a815ca37,10,18:26
3cc1b471-8489-44b2-a94c-8962fa195a53,9,9:100
3ce06960-fa27-4e18-9444-646619a78db2,10,2:38 6:30 24:38 28:34
3ce88b5e-dd3c-49e2-85d4-039fab542e17,10,4:44.95 18:32 27:50
3ce95b7e-79ba-4fb6-8674-42c665b54d79,9,23:135
3cf5973f-1220-49f9-8e53-11423995cde9,10,22:60
3d01fb69-3a1b-4cab-9e23-364d752a876f,9,24:18
3d066f05-da17-4c7a-9644-d9d05b9862e8,9,7:29.99
3d0c3a42-92f9-4ba4-bf01-c89447683785,9,5:12.81 26:26
3d2927c0-72da-4633-857f-d9c94eb1cfb2,10,4:79 12:95 17:73 17:88.8 27:103.96
3d2927c0-72da-4633-857f-d9c94eb1cfb2,9,3:29.99 3:34 12:36.02 14:25 19:35 24:36.02 29:32
3d4392a6-6cd7-4c39-9b22-955dae365fec,9,10:30 10:42
3d46f261-789b-406a-98f2-582beb06e649,10,3:45 20:18.5 22:45 23:45.3 26:46
3d46f261-789b-406a-98f2-582beb06e649,9,8:10.95 14:8.5 14:9.01 17:8.12 20:12.5 28:11
3d48b894-7b54-46b9-ad3f-42014dc09d54,10,3:800
3d4ccc13-40fd-4055-acc8-abc614343ac5,10,26:54.99
3d4ccc13-40fd-4055-acc8-abc614343ac5,9,24:19.2 26:18
3d4d403a-ef54-46c0-abd4-f5666da6ddb0,10,10:300 22:411.05
3d4d403a-ef54-46c0-abd4-f5666da6ddb0,9,24:81.6
3d4f2475-22e9-45f3-a23d-e7275f3f8883,10,1:123.97 1:125 1:129.99 2:117.5 3:90.04 3:102.5 4:127.77 5:127.5 7:89 7:112.5 8:139.99 8:145.61 9:110 10:119.75 11:115 11:118.5 11:149.99 12:110 12:112.5 12:115 13:107 14:130 16:135 17:110 18:140 19:103.5 19:105 20:120 23:110 24:110.4 24:122.5 26:120 27:110 29:100 29:109.5 29:149.99 30:95 31:85
3d4f2475-22e9-45f3-a23d-e7275f3f8883,9,3:40 3:46.55 3:47 3:50 4:55 5:51 5:61 5:69.99 6:50 6:50 9:53 10:51 12:35 12:39.24 14:68.66 15:58 16:47 17:48 18:34 18:38 18:45 18:55 19:40 21:59.95 23:41.02 24:50.57 24:60 26:54.5 27:51 27:60 28:55 29:66.87 30:51 31:39.8
3d59518d-5dae-495b-8049-77a5041202fa,10,7:142.5
3d59c952-ad9a-4700-b066-7b988f1986ae,10,2:54.02 3:51.62 9:45 12:65 12:67.74 12:70 14:52.99 19:54 19:67.34 28:41 30:39.89
3d59c952-ad9a-4700-b066-7b988f1986ae,9,5:59.57 20:23.99 20:51 28:34.9
3d5dccd3-0dcc-4bbc-be20-1157a436a5e5,10,24:95
3d709d11-719a-4d9e-9cf2-2439e85920d2,10,18:51 21:77.85 26:66
3d709d11-719a-4d9e-9cf2-2439e85920d2,9,6:42.01 12:18
3d7ec3d3-0614-4705-9c71-dc3d266fad63,10,31:2640
3d89269b-fb6b-451d-be1a-5c9db359517c,10,1:20 2:14.61 3:24.5 4:20.5 5:15.5 6:29.99 10:16.5 10:17.02 11:17.52 11:17.52 11:28.99 12:18.02 17:20 17:20 17:20 23:24.99 24:17.52 26:19.99
3d8b6a01-a8c9-4ce0-83b2-097bc5ba2e23,10,10:790 14:850 24:1053.63
3d8b6a01-a8c9-4ce0-83b2-097bc5ba2e23,9,17:153.5
3d95bf4e-9412-4fe9-95a4-8c6f010f013e,10,15:84.12 16:108.92 17:122.32
3d95bf4e-9412-4fe9-95a4-8c6f010f013e,9,9:31 16:106.06 24:79.2
3da21f32-b6ad-4ee4-837b-065db5899882,10,14:32 20:24.99 24:25
3da3a0b8-352d-4518-9531-9a49adb31ea4,10,3:48 10:54.94
3da3ed92-f869-4d29-87ab-ca27519c3fc1,10,16:27 17:26 19:24.99 29:29
3da79a15-08eb-4e1b-ab01-7811eb6e26af,10,13:10.5 21:25 31:24.99
3da79a15-08eb-4e1b-ab01-7811eb6e26af,9,4:20 10:13.89
3daefae4-a87e-4909-8e6d-a5abb75995cf,10,3:97.99 10:56 17:109.99
3daefae4-a87e-4909-8e6d-a5abb75995cf,9,14:35.69 17:28.8 24:30 29:97.35
3db90d19-0bb5-4a2f-9135-3ac19da791a5,10,26:90
3dba4b91-62f6-48bd-a2cf-aeffde6e6804,10,30:399
3dbd8f02-b557-4c69-aa7e-d9e94821936e,10,1:22 4:20 10:24.99 18:22 19:18.5 26:22
3dcbcde3-3547-4843-acb2-22eef062eafb,9,6:160 20:230
3ddda80c-2c0d-4287-a643-4ca9820919d5,10,3:19.6 23:13.52
3de1441d-f4a5-4614-a8c7-7d5b4a85cae9,10,16:167.5
3de362ea-766a-4cfb-8e54-2b3b5c7a5fa2,9,31:21.6
3de4b985-fdfa-41c6-a951-0e9d173f66af,9,6:48.85
3de7e813-9e24-43bb-b726-683af236c47f,9,27:45
3debf3cb-82ea-45d2-a3f2-320ee750d98b,10,6:199 9:200 9:210 21:195 21:210 24:186.5 25:175 31:202.5
3df003db-89f9-46e9-b881-6feed4fcac94,10,2:120 12:140 13:169.99 15:67 17:113 17:141.41 19:129.99 24:105.01 25:115 29:169.99 30:134.69 31:169.99
3df003db-89f9-46e9-b881-6feed4fcac94,9,1:38.99 1:39.99 3:26 4:22.5 4:39.99 6:36 8:39.99 12:26 13:30 13:39.99 14:38.99 14:39.99 14:44.81 16:34 16:39.99 17:35 17:38.99 17:39.99 18:38.99 19:39.99 21:27.99 21:39.99 22:26 22:39.99 23:39.99 23:41 24:31.2 24:39.99 24:69 25:24.5 25:69.95 26:39.99 27:17.09 29:39.99 31:12.5 31:28.8 31:39.99 31:39.99
3df9c903-c3c0-4d8e-ab61-a4a31f1d8f98,9,16:334.41
3e06e25d-72e3-4f9d-8cdc-19e97320e393,10,14:70
3e0adfd9-4404-4e38-8cf3-293804402f58,10,3:62
3e0adfd9-4404-4e38-8cf3-293804402f58,9,2:20 12:15.99
3e107866-20c7-4bdf-98d9-c75eda1b66b0,9,24:88.8
3e115f83-19f6-4662-8cdd-4e1484e5331e,10,19:17 24:20.97 27:12.5
3e1263aa-62de-47c2-8c8c-9d265e8d5cf9,9,10:99
3e1321e1-5cca-483b-9a66-2e8569c9e70e,10,1:49.99 2:30 5:29.99 12:24.5 12:24.95 12:24.99 13:32 19:23.5 19:28 20:27 23:30 26:29 27:35 31:39.99
3e16790a-b25a-4fc0-97f1-0aa8dc0c9f0d,9,14:21.5
3e16bd05-220e-46a6-bbc8-988951131732,10,4:87.96 31:76
3e16bd05-220e-46a6-bbc8-988951131732,9,9:38.01 14:36 23:49.49 24:32 24:33 25:35 25:54.97
3e242b53-08ee-414e-8038-07c5c5712f76,10,31:61
3e242b53-08ee-414e-8038-07c5c5712f76,9,24:21.6 31:23.41 31:80
3e2f447c-247b-4294-b7e9-0ae5de0a8a7f,10,4:158.45 19:160.25
3e34fb0b-534b-4cdb-aab9-8d65741ce9d6,9,9:26 24:24.82
3e407118-1fe2-4486-b366-1a9efb100997,10,3:25.2
3e47e8fb-56c6-4c5c-acbd-ba84fae7f2d3,10,3:73 13:124.99 21:70
3e4b4b2b-0199-4c2e-aa4c-c4eb49ed9107,10,3:15.5 11:17.25 13:15.5 16:19.99 17:23.5 31:31.21
3e4fb276-e262-4627-baf9-5129c408435a,10,17:50.27
3e5befeb-b489-41f9-8fdd-53a43fa56e27,10,5:322.08
3e5f9116-6041-4048-9504-eca1f77208c6,9,10:66
3e60cb6d-7741-4b66-a088-6db10fd991fd,10,1:56 1:62 3:37 3:46 4:46.64 6:60 9:59.99 10:62 11:52.02 12:55 19:60 19:79.99 19:90 20:59.99 20:62 21:54 24:46 26:54.5 26:63 27:57
3e60cb6d-7741-4b66-a088-6db10fd991fd,9,2:14.5 2:23.01 3:23.98 4:16 4:23.98 4:28.81 5:22.5 5:27.99 6:11.5 6:17 6:18 6:26 6:63 7:30 8:40 9:15 9:20.5 9:43.29 11:14 11:15 11:15.5 11:15.5 11:15.5 11:15.5 11:15.5 11:15.5 11:15.5 11:15.5 11:15.5 11:15.5 11:15.51 11:16 11:17.5 11:18.4 11:18.5 11:18.5 11:21.99 11:22.99 11:23.99 11:29 12:12.5 12:12.52 14:18 14:20 14:24 15:6 16:30 17:16.8 17:17.5 17:23.5 18:19.5 19:19.99 19:24.49 19:31 22:19.99 23:17 24:11.5 25:12.5 26:21.89 26:29 26:51 28:15.5 29:18.5 30:14 30:15.5 30:19.8 30:20 31:9.99 31:16 31:17.5 31:26 31:42.58
3e62392d-199f-4462-8879-48acd16dd9a3,10,27:849.99
3e62392d-199f-4462-8879-48acd16dd9a3,9,1:306.99 9:290.49 10:278 10:293.6
3e6566be-a3a0-466b-8cca-0241ff570de7,10,17:47.12 17:51 17:86 19:99.99 20:63
3e6566be-a3a0-466b-8cca-0241ff570de7,9,7:31.69
3e8b04dd-9a7f-4f84-a801-94371cd6a37e,10,10:31.2 15:45 17:24
3e8ccb7f-39ab-4585-8ac1-6cca6569d572,10,17:67
3e8ccb7f-39ab-4585-8ac1-6cca6569d572,9,3:20.4 5:10 8:20 10:14.99 23:16.01 24:19.8
3e92536f-b2c6-4dad-9880-820735251b5f,9,11:41.72 14:42.04
3e9c99f3-ffce-46e2-9122-6a9056335329,9,14:59.99
3ea1e5f6-b658-4aa7-a771-960c8856e175,10,3:142.5 3:162.5 3:255 5:150 8:143.5 10:147.5 10:147.5 18:199.99
3ea1e5f6-b658-4aa7-a771-960c8856e175,9,3:62
3ea75890-e711-4560-9424-427ed2ba4ed1,9,1:149 16:89 22:240
3ea8c4a7-b010-4199-a71a-bd4a92887f8a,10,9:60
3ead59bf-8904-490b-9747-0f8f50332399,9,29:22
3ebc714e-340a-4fe6-91d0-b866d99d1796,9,3:212.5 10:212
3ecc4270-365e-47b3-9ac5-fb158b46dd19,10,11:45
3ecd4c5f-0668-4f22-be51-e133b2749421,10,6:75 6:99
3ed111f8-f327-490b-8c91-75f4a59789c2,10,19:37 25:20.5
3ed1a6be-1302-4ea3-9969-7ba130122ccb,10,4:27.11
3edba220-2240-47af-9798-3709868610c6,9,18:84.99 24:34 25:36
3edfa1a8-bafa-43bc-bc3b-dfc0e2419df9,10,16:78 19:72
3ef3ac3c-a239-4c83-ba06-a4a3999bf954,10,17:89.99 17:110.5
3ef3ac3c-a239-4c83-ba06-a4a3999bf954,9,14:20.5
3ef5b177-e10a-4fce-82fa-3352db5e4cf1,10,8:50 17:69.98 26:62.99 30:41
3ef7e70f-cd58-4121-ad2a-8a74019b5979,10,3:41 3:69.99 3:73 10:56 24:48 24:49.2
3ef7e70f-cd58-4121-ad2a-8a74019b5979,9,8:34.99
3efdb522-d75e-4da6-a3de-0fe40d578b05,9,2:59.99 3:64 22:57.5
3f048e34-c87a-433e-b377-007a6a842caf,9,10:72 20:69.99 24:69.99
3f10ef4d-7f3b-4023-9d49-c59ceb7296c0,10,11:28.99 28:9.99
3f1b3f31-c05d-4827-bbe5-38576c55da09,10,31:300
3f1b3f31-c05d-4827-bbe5-38576c55da09,9,23:110 31:121.69
3f214e29-287c-4942-a20a-e67816c6c1b2,9,6:385
3f25a623-6224-458f-a3f7-395a83fbd349,10,16:66
3f2de38c-4012-41e1-834e-1c201df94a28,9,1:122.5 30:132.5
3f3d5022-583b-44f8-9263-b2bab4e85d20,10,3:259.24 18:440 23:330
3f3d5022-583b-44f8-9263-b2bab4e85d20,9,19:399.99
3f3dba12-29c4-4623-8acc-e7dbe707562a,10,12:181.5 17:320
3f3dba12-29c4-4623-8acc-e7dbe707562a,9,31:57.6
3f3f6044-a059-4163-ae76-30eae48d1803,10,9:19.99 15:15.5 15:17.52 15:17.52 23:15.38
3f3f6834-ca55-4167-8d86-5009bfb861ee,10,17:15.52
3f4005ce-b0bd-4865-8712-27cb6f1fab84,9,17:50
3f40824b-5d10-4715-9788-2d1604d52af5,10,8:119.99 17:71.99 17:100
3f506569-f2f9-466e-9999-072e1a796990,10,7:406 27:500
3f600154-10c7-4973-b976-7e3c9a87c192,10,3:46 5:44 6:41 6:43.99 8:48.88 10:31.02 11:31 11:36 11:36 12:31.02 12:32.02 14:48 15:35 17:29 17:43 18:38 21:29.99 24:31 26:43 28:40 30:39.02 31:20
3f600154-10c7-4973-b976-7e3c9a87c192,9,6:12.5 10:25.2 11:12.5 11:24.99 22:23.5 24:19.99 27:15 30:14.5 31:14.5
3f6676a8-8fcd-4800-8fcf-4524bc546cde,9,10:18.04
3f6949f7-397a-4938-b853-f1bf202ef556,9,2:551 8:538 10:477.99
3f6e0e12-efb1-426f-8105-c9cd95288a00,9,10:201.5 24:187.5
3f7204d1-a201-4e36-a62c-b3823292e4db,9,1:493.07 4:391.39 20:540 21:599.99
3f73e148-353f-44bb-924c-77c2f834a390,10,4:120
3f7deb51-4486-4e82-b797-3d4c3ce83f0c,10,24:750
3f7deb51-4486-4e82-b797-3d4c3ce83f0c,9,14:250 19:195 25:135.83 29:200
3f970c3e-6617-475f-b5a3-34ac3ece92ce,9,5:45 5:65 23:26 25:30
3f9786dc-6b95-49fd-b445-33ca7c05cbd8,10,10:499.99 13:285
3f9a7ecf-0974-426f-a95d-698be86ac727,9,24:234
3f9d7816-0a94-4442-818a-8de0f972714f,9,31:81.6
3fa1fe5b-2388-4132-beb0-861b212c7ea7,9,28:30 31:27.6
3fa5c521-2f21-4871-9a29-08eb7e5d5cd0,10,3:33 11:37 22:30 25:29.99 25:56
3faf009e-5dcf-4136-b98f-0faaa54cef3d,10,17:1170
3faf009e-5dcf-4136-b98f-0faaa54cef3d,9,31:211.5
3fb18c84-0184-409b-aada-74298cfc73b7,10,31:100
3fb95973-766b-435b-a1ca-c41fe18bd5f1,10,17:200 19:200 31:237.5
3fbadced-4be0-4f3d-b429-a2e92371a0de,10,10:216
3fc30bd8-467a-4296-bece-266f64956ae3,9,1:227.5 10:236.49 20:310.68
3fc3da6f-27f3-4841-ae54-9d6615d06ea0,9,24:750
3fcd0c32-50c7-4e4c-85e2-04744c942a51,9,20:100 23:69.9
3fda1f55-1869-4411-9e11-1f834f07d767,10,5:17.46
3fe4f832-836c-4b26-b9a3-56a7d821c7f7,10,10:2225 25:4500
3fe4f832-836c-4b26-b9a3-56a7d821c7f7,9,17:671 17:712.77 19:651 20:750
3fee0884-2ff1-4166-8531-ae00a9b63c88,10,24:153.5
3ff1f215-d258-4a1d-9a14-72defd0f0f79,10,9:60 24:20.52
3ff1f215-d258-4a1d-9a14-72defd0f0f79,9,14:20
4000b1fe-6ba1-4d52-8cf7-076cd5798fd0,10,24:2475
40023fb5-4dee-4076-9f73-c0dfc1902f58,10,16:61 23:95 29:70 31:48.99
40023fb5-4dee-4076-9f73-c0dfc1902f58,9,5:32.99 11:35
400e70f7-24bc-4386-a8e5-8a16e6c5a973,9,10:21.6 12:24.39
400e9f12-9f85-49c1-85ad-4e7e8fbf7f84,10,18:36 26:70
40110313-b5b5-4087-8af7-0c2fb1b3934f,9,6:30
401114f5-10bf-49e9-b009-6a1885010b97,10,17:81
40124f6b-35a8-4b6e-bddd-bd1ba7cfc68a,10,6:39 8:30 11:49.99 17:25.2 18:51.11 20:34.99 23:26 26:29.99 27:30 31:30 31:33.99
4023f8b0-9583-41ab-80d8-d1059ef7f1aa,10,4:54
4026eeff-2d97-4a65-820a-3c3b8953c844,10,4:20 4:20
402cae2b-7231-400c-a32f-e6b52ac529e5,10,3:31.02 5:38.99 9:29 11:26 11:60 14:41 14:50.18 16:27 18:25 23:33.34 24:30 28:33 29:24.5 30:34.99
40420fbf-829a-455a-8594-fec69bc306b9,10,10:85 15:70 17:56 31:85
4045d206-14d7-4784-9a65-17a4ebdcc803,9,6:36 12:39 15:64.81 28:75
405ba39f-4198-4007-ade1-0f1fd4190105,10,2:26 10:37.2 21:51 21:54.39 23:60.99 27:38
405f7563-62e7-4039-a451-8a99741e7b2b,10,18:50 29:46
40667949-378e-45df-857a-2e7a50074bf3,10,29:150 31:115
40697f8c-70ec-414d-a6c7-0c14a3854ff2,10,22:75
406aca74-669a-4a97-88d1-0877aec60773,10,2:27 11:16.12 12:56 13:55 15:49.99 18:65 20:32 20:46 20:49.99 22:50 26:15.5 26:24.5 31:41
406aca74-669a-4a97-88d1-0877aec60773,9,4:7.5 4:10.5 21:11.52 22:19.99
406f4c5b-17ea-44e0-a802-46e449bd2f20,10,1:46 3:33 5:33 6:27.4 6:39.99 10:27.6 11:59 14:15.5 14:33 16:34 17:22.5 17:32 17:33 17:34 23:39.99 24:19.99 25:30 29:25 30:24 30:43.87 31:26 31:28 31:39.99
406f4c5b-17ea-44e0-a802-46e449bd2f20,9,3:16.5 4:13.5 5:15.03 5:15.5 7:15.5 7:15.52 10:16.8 11:15 17:13.2 17:15.52 17:15.52 18:10 18:16 23:18 23:19 24:13.49 24:13.86 25:13 25:21.25 26:20.5 29:11.49 30:13.5 30:19.99 31:20
4071283e-e7ac-40c6-95a0-92e2a33b44ad,10,16:188.5 22:240
4072bb7d-11f4-4073-b236-38fda9013807,9,21:180
407c8676-b2bd-4d00-af94-76863aaddc29,9,13:167.5
407efe92-bcaf-4a63-a2e6-01962f6ebe97,10,17:52
4080d5b6-0cab-46cc-8bfa-72480fb1cb17,9,30:124.99
4082da4e-b62c-45cb-96b2-daf5e88d68da,9,5:24.84
408e56ed-3158-4dd4-9558-d373e17f3643,9,10:30
408f5788-07cc-48ab-8c0c-ec07f6b60121,10,24:76 24:79
408fc681-aba1-4f35-acea-41ebf26e66b5,9,31:348.9
4098aee0-8357-4355-abd8-6305668191cb,10,5:119.99 20:77.78 24:64 24:150
4098aee0-8357-4355-abd8-6305668191cb,9,30:65
40a0a4d2-8749-4f9c-b337-3efccd3b31ca,9,29:75
40a9ca0f-560c-41af-95ac-27d1ff7b5a13,10,8:50 11:49.99
40bb8533-af81-4990-9a5f-8b97cc9178da,9,29:38.88
40c4d1eb-c990-41e9-8d48-002b82aedf2a,9,3:25 10:20 11:35 30:26
40cfc96b-f8f7-4b56-a9cf-950083165243,10,12:200
40d38a34-35ae-49c5-bec3-1e2103302202,9,24:200
40d72816-6a2d-4704-912a-fa3a513f4bf6,9,2:107.5
40d94512-fba0-4689-ba2d-808f32708b63,10,23:55
40ef6d69-5e57-4606-a34d-0fce4cb97a57,9,14:400 17:436.5 24:675
40f04885-9e60-4387-af81-95cf0895d24d,10,23:75
40f0b429-d617-4a00-a60e-b9a3a35c508d,9,18:19.28
40f481aa-44ed-4d28-88d2-1357e2808e0d,9,10:100 31:86.88
4104d131-bb31-497e-969c-4d5d3704abae,9,6:100
41056e4c-81f1-4d23-95c7-0bb26d5f0ffd,10,6:375
41091745-6784-4a92-ae73-59c6155b14a7,9,10:81 31:100
4111a5d7-2f55-44eb-986d-67d06cd20055,9,3:31.21
4112e060-db55-43a9-931f-0dc72fb317cf,10,3:312 10:360
412212a0-de40-47c2-bfee-2b334fcfb898,10,7:255 7:311.25 10:222.5 16:261 22:330 23:410 30:305
4122c520-a198-472d-b52b-717bf4a6bf4d,10,3:26.55 24:59.99
41230ad4-f928-4fd5-9d12-96003decbc1d,10,10:21.5 15:40 30:37.99
41230ad4-f928-4fd5-9d12-96003decbc1d,9,15:20.49 25:15 26:15 26:15 31:14.39 31:16.99
41265fc9-31ce-42b0-8cc1-36a1b1c13bff,10,1:25 2:21.5 3:30 6:22.5 24:29.99
41265fc9-31ce-42b0-8cc1-36a1b1c13bff,9,2:8.52
41337d1a-92e7-48f6-bd95-8f2a0b69b85d,9,3:50 3:51 7:67.99 10:58.8 17:43.2
41368b5d-64b8-4201-a623-3e7a393111f1,10,2:17.52 3:22.5 7:25 10:24.5 10:24.5 10:24.77 10:25.25 11:35 12:17.52 17:17.52 20:16.49 21:20.5 23:21.8 24:17.14 24:18 24:57.29 28:20.5 28:30 29:20.5
4139d358-3ad5-4b1c-ad8d-532a5fda0696,9,10:63
41591fbe-5ae1-4948-90f1-36b898fb1616,10,4:17.52 10:34.99 14:10.5 17:10.01 18:12.5 18:12.5 23:14.02 23:19.62 23:19.99 28:14.5 28:15.02 29:19.99
4162867a-5bef-4042-8132-ac07192d61f3,9,20:59.99
416aec24-b3f1-4e6a-8df2-7bd3843371a8,10,1:291.68
416aec24-b3f1-4e6a-8df2-7bd3843371a8,9,10:80.99
416b74fd-15c4-41c4-a373-4dfd2f2dd120,10,5:800
41734db1-5f97-4724-bbc5-9e2d292bc7e1,10,1:85
41734db1-5f97-4724-bbc5-9e2d292bc7e1,9,15:40 29:35.01
4175a79e-bdad-4c38-9753-a5622a83a17e,10,28:6000 29:3750
4175a79e-bdad-4c38-9753-a5622a83a17e,9,17:132 31:219.88
417d45ee-3879-48ae-acd2-7ad446b8ead9,9,3:225 3:291 26:700 30:179
417dbe8d-f85f-4325-9ae8-6fcf4efbb891,10,10:120.26 21:129.99 22:149.99
417dbe8d-f85f-4325-9ae8-6fcf4efbb891,9,10:46 16:52.48 31:43.2
41938d35-f2dc-476a-a5c4-2a3e99e384fa,10,25:26.05
41938d35-f2dc-476a-a5c4-2a3e99e384fa,9,20:20 24:11.5 25:19.99
41943ec2-8ff2-4231-ae05-c4eea7d30129,10,5:59.99 8:49.99 9:49.99 10:59.99 10:69 14:71.24 15:59.99 16:59.99 18:86.01 19:59.99 20:45 20:59.99 23:72 26:59.99 28:59.99 28:127.5 29:49 30:59.99 31:49 31:57 31:59.99
41943ec2-8ff2-4231-ae05-c4eea7d30129,9,10:33.99 13:33.99 14:33.99 16:33.99 23:33.99 25:34.99 27:26 28:34.98 29:33.99 31:19.99
41a945d9-2e4c-4110-b415-5548f1541498,10,9:19.24 30:27.99
41ab0bca-94b7-4777-a1f4-bfaf0d202426,10,3:25.2 19:26 22:35 24:31 26:31 31:29
41ab0bca-94b7-4777-a1f4-bfaf0d202426,9,17:12
41abcedf-efd2-49c6-936d-841c014962f8,9,7:61 7:65.95 11:75 17:60 21:55 21:108.75 22:75 25:70 25:75 27:52 30:75 30:80
41ae35f9-267e-4ab1-864a-cf44ca4638e5,9,25:157.5
41b37f78-8279-4203-b79e-e3d136cf8515,10,16:318
41b37f78-8279-4203-b79e-e3d136cf8515,9,19:70 26:41
41bb3c1c-dc14-45ea-98d5-8cfc0b2e1038,10,27:175
41bd3595-c528-4361-b027-3d8f393ec3c2,10,1:250 3:224.72 3:380 4:300 9:340 9:344 10:350 12:350 13:350 15:430 17:365 17:367.5 21:366 22:375 29:385
41c37dc8-595c-43b6-9ee2-6907763ccefb,10,3:17.52 3:22.5
41c5a46e-87df-4ac3-a409-3f9f4aa59889,10,10:384 23:247.5
41c5a46e-87df-4ac3-a409-3f9f4aa59889,9,3:78.04 7:42.88 10:64.8 17:54 18:53.62
41c68558-65d2-49d0-b97e-3719b97148df,10,3:98.4 25:124.99
41c68558-65d2-49d0-b97e-3719b97148df,9,5:51 10:34.8 11:38.98 28:35
41c87c61-6581-417d-bdcf-e1555be7a454,9,24:88.8
41cb5979-ae31-45af-93bd-218364e6e84f,10,10:51.6
41dff338-d06d-462e-bd33-c078371753fc,9,7:11.87
41e4126b-7d75-445c-8784-79e21acf9872,10,31:115
41e6d740-cb50-44f5-a42b-9516a5228086,10,2:132.5 5:90 12:100 19:110
41eb2a24-9890-48bb-9bb7-2c2e95761ebc,9,10:55
41ee3b8e-3f8d-4102-87cb-e353094a251c,10,16:75
41ef45fc-7339-411e-9548-cc74e66c3959,10,3:50.02 3:51.02 17:40 21:50
41ef6cbd-3d6d-495b-9c0e-440f0ad0c8cd,10,8:496 10:571.94 12:575
41ef6cbd-3d6d-495b-9c0e-440f0ad0c8cd,9,1:346.12
41f6d4bd-85ff-49a6-ae8b-f1a31075f952,9,11:24.99
41f935e7-e264-40be-b69a-c2b7a20e3099,10,10:4.25
42062e99-f691-445d-bb9c-bc6f6ca93a54,10,25:138.88
42084df6-3423-4ad4-9b89-5c1d0d7f4c2d,10,20:17.53
420de091-3ca4-4aa5-b201-68d1877b327d,10,7:79
420eda15-de3b-47e5-ac32-e149583f79e6,10,16:25.02
42199302-31a3-46f8-92bd-39b3001e0750,10,25:150
421cd4bd-3cfc-46b7-bd1f-d1ee20880576,10,31:450
4222b0ca-4470-418a-8b83-488e317e7949,9,1:36 10:53 17:44.99 31:37.2
4223a475-1c79-4254-bc3f-a35ad10e977e,10,2:105 7:105.5 8:105 25:107.5 27:27 30:125
4223a475-1c79-4254-bc3f-a35ad10e977e,9,3:30 8:30.99 9:23.52 15:20.5 20:35 24:31 26:29.95 28:36 28:49.99
4224bbd5-be71-4b3e-9447-20888c9ba17c,10,1:167 3:117.5 6:149 12:118.5 17:96.9 18:111.11 31:115.5
4224bbd5-be71-4b3e-9447-20888c9ba17c,9,9:46
4233a8a7-69b4-4b83-a92b-c9031c03026d,10,16:23.5
42344f3f-ba15-4ba2-adef-26e4c4dbb032,10,6:42 11:44.99 15:50 15:54.99 20:45.99 20:51 31:51
4239a274-9a1a-4abb-8659-a8eff9e47b90,10,15:102.99 18:85.99
42431f40-4a43-4ca4-ac6e-1eb2be028fb2,10,12:374 16:310 18:185 29:360
42537e15-e515-4f9b-bf10-9583cefd7b7f,10,1:39 3:40 4:49.5 6:36 7:40 17:44.99
42537e15-e515-4f9b-bf10-9583cefd7b7f,9,1:14.44
4253b5c5-9dc6-4a55-9044-03857a6e385e,10,4:91 5:102.5 5:125.5 10:168.36
4253b5c5-9dc6-4a55-9044-03857a6e385e,9,5:36 22:15.52
4261b56c-b5c0-4037-83a9-b70dba45a72c,10,17:43
4266f258-6f8e-459a-82b8-c26808abe26a,10,15:18.03
426f685f-7c4c-4845-aafc-f4a92029eb59,9,10:102.5 25:110
4273ccba-2110-47b4-906d-4276af707191,9,18:18.5
427f418d-d45b-4680-9902-90db71786218,10,3:850.99 4:799.99 10:990 14:887.24 15:893 18:942.72 23:850 24:1008.99 24:1105 24:1225
427f418d-d45b-4680-9902-90db71786218,9,3:450 7:229.99 8:245 10:180 11:113.5 11:190 13:225 16:153.5 16:180 18:229.99 20:155 24:180 24:222.5
4280273a-8c4b-4213-9e54-bffadd87a767,10,10:22.5 16:18.5 18:23 29:27
42811997-4693-4047-bdd7-0c7fa8d50d77,9,24:140.99
4281dd8d-ef57-4bcb-94a5-572e6a3dee88,10,21:142.5
428303c5-dadc-4a35-bf3f-0ff8e284fb47,10,3:17.52 6:13.23 6:18.59 11:16.02
42922b6b-1825-4644-b05d-0a05df97163d,9,9:130
4297aa55-bec7-4114-8da1-b5f191cdb2b3,10,27:81
429b2204-7b49-489d-8307-9ce87ebb9e73,10,11:84.99 16:99.95 23:67 27:99.95 28:99.95
429cc08d-c249-4bec-a9a1-c9b0258de69e,10,26:61 30:110
429cc08d-c249-4bec-a9a1-c9b0258de69e,9,1:25 3:27 14:41 20:23.5
42af9ea6-59ca-4ec8-8162-a322a1e0a8ba,10,1:57.64 2:55 3:50 3:50 3:60 6:55 6:56 9:89.97 12:60 18:50 18:51 21:50 26:51 29:55 29:55 30:46 30:50
42af9ea6-59ca-4ec8-8162-a322a1e0a8ba,9,2:42.02 5:20.5 5:26.69 9:14.1 10:23.02 10:24.5 12:24.99 14:44.2 16:27.1 19:30 20:15 22:32.5 24:20.5 24:21.52 29:25.39
42b2dc20-5389-4a3b-833a-2c5516595394,10,3:88.8 31:200
42bade48-0e67-4e04-afe6-41a08c2f3a24,10,4:151
42c0d828-72d0-4eae-90a8-e6bb1b773ccc,9,15:70.7
42c4d05a-809a-4d3b-b918-03d6ea79ddd2,10,9:2704.06
42c4d05a-809a-4d3b-b918-03d6ea79ddd2,9,20:749 31:810
42ccf732-30c9-468e-9b75-2c6fb24a07d4,10,11:13.5 19:39.99
42d26c2b-2f6b-44f9-b59a-901062e3c2a3,10,17:57.6 28:125
42e3599a-2789-45bf-84da-a7bbbf30b2d7,9,2:67.17
42e7992f-1b71-4c5a-8cdf-ad48e168ef19,10,31:19.99
42e7df61-d610-4406-8a5b-640c272ca194,10,17:102.5
42f5b0ab-25f7-4e6a-a672-9ce7731a25c5,10,15:59 16:69.97 31:73.01
42f5b0ab-25f7-4e6a-a672-9ce7731a25c5,9,10:15.5 11:7.51
42f9c516-9d6c-411e-bb6f-31781e45733c,10,4:72 5:84.81 9:110
42fa4ace-a780-4da7-b702-db3a89fa1dd9,10,2:180 3:137.5 3:177.5 6:157.5 15:130 16:137.5 17:122.5 17:172 17:206.22 20:165 23:190 24:132.5 24:140.11 24:142.5 25:150 26:159.99 29:160 30:137.5 31:130 31:132.49
42fa4ace-a780-4da7-b702-db3a89fa1dd9,9,2:99.95 11:61 21:65
43034617-feb6-441b-b80b-2cd5ba0c01fb,10,21:100
430906ed-564d-4659-b484-2d248663463a,10,4:16.01 4:22.5 5:17.52 5:19.38 6:26.99 6:32.99 7:26.99 9:21.5 11:17.52 12:27 12:31 13:15 16:17.02 16:31 17:22 17:22.5 17:24.5 23:21.99 24:20 25:29.95 26:35 28:17.52 28:20.5 31:16
43220fca-9e11-44fb-893c-6d3c9557ec59,10,14:31 18:6.5 20:10.25 28:12.5
432fab13-084d-40fc-b3e2-66e3f59c4c81,10,23:200
433adf20-a20e-4cdb-9c35-e28c519d99c8,9,10:45
43441771-0426-4751-98a1-bea728ab75ab,10,24:117.5
43441771-0426-4751-98a1-bea728ab75ab,9,4:23.22 6:31 12:39.95 24:26.4
43465fd5-fdfc-4011-b2ed-eab3e76c7567,10,18:170.99
43484706-6605-4e35-b6e3-75be4cfd41a3,9,3:31
4350be7e-1bd8-4925-81d2-3fee29085110,10,11:40 17:33.6 22:22.52
4351e492-280c-4af2-bbb7-0a6df29e80bb,10,1:79.99 1:85 1:104.69 1:130.58 2:79.99 2:84.99 2:85 2:94 2:98.19 2:101.57 2:129.66 3:59 3:70 3:74.4 3:76.8 3:96 4:101.57 4:101.57 5:73 5:85 5:119.77 6:78.77 7:76.22 7:85 7:89.99 8:79.99 9:75 10:74.4 10:74.4 10:74.4 10:79.99 10:85 10:86 10:91.4 10:92.6 10:117.5 11:76 11:78 11:79 11:82 11:84 11:84.99 12:79.99 13:79.99 13:84.99 14:75 15:87 15:90 16:84.95 17:81.6 17:82 17:102.6 18:88 19:81 19:81 19:125 19:150 20:79.99 21:84.99 21:88 22:79.99 22:80 23:97 23:105 24:72 24:85 24:89.99 24:92 24:95 25:85 27:129.99 28:90 29:75 29:89.99 29:90 29:90 29:95 30:77 30:89.99 31:77 31:85 31:90 31:90 31:99.99
4351e492-280c-4af2-bbb7-0a6df29e80bb,9,3:59 7:63.03 10:47 10:55.32 10:61 10:65 12:48.5 13:54.12 14:65 17:40.76 18:63.4 18:65 19:31 19:63.03 22:44 23:49.99 24:61 24:65
43537e55-d7e6-4424-ae1f-95bba36ffd0f,10,18:72
435a36d8-4e38-41db-a0e0-21fb60c635b1,10,9:20 9:32 22:20.5 22:23.5 23:22.52 30:16.5
435c7a87-6e5d-4046-ac2e-848cece04129,10,22:93.1
435c7a87-6e5d-4046-ac2e-848cece04129,9,24:20.4
435f1ea0-688f-4b51-9a56-30b9e6328511,9,25:38.95
43632be3-349d-42d8-8565-fe3b6676088e,10,7:250
4367feed-07a3-478f-be42-993791025fa9,9,4:150 28:260
4379c58b-4f03-4611-a995-d4282f4b68ad,10,10:91
437a6db3-215b-46b8-a852-67ab40d1fa75,10,17:162 25:96
437e3e92-19c4-4b90-87a3-0d8f97987f7c,10,28:110
438638c9-bcca-4dce-b751-69576013f226,10,1:120 17:105.26
438638c9-bcca-4dce-b751-69576013f226,9,12:28
43896820-bdc9-457a-b7ff-a32f4596fb26,9,4:100
4390996c-4b9e-4203-a10e-812f792cd738,10,17:374
43945e42-7a45-4f08-9ede-2d95f98faf15,10,3:17.52 5:12.5 7:15 10:19.99 14:30 23:16.5 24:10.5 28:11.01 28:14.5 28:17.52
439b4ae6-27f7-4059-846a-8d4893053827,10,4:89.8 18:76 26:82
439b4ae6-27f7-4059-846a-8d4893053827,9,7:26.88 12:24.5
439de20f-2c3e-405d-84cf-3304568516e5,9,27:45
439e0ffb-0512-4d6a-a510-8836a88441e4,10,7:222.5 14:199.99
439e0ffb-0512-4d6a-a510-8836a88441e4,9,5:41.02 27:41.02
43a378c8-684e-4400-ae55-f4604ec7923e,9,23:568.99 31:456
43a3e201-8ba3-4b46-b9c4-a1bdff858d16,10,23:50
43a9c2ad-8d23-45b0-b0f7-eed57cee8980,10,2:97 3:168.5 22:147.41 24:99 26:102.5 31:120
43a9c2ad-8d23-45b0-b0f7-eed57cee8980,9,2:39.01 28:50
43aad4fb-a848-4270-9af5-c0aa3b4d5e5d,10,11:240 15:299 16:299 16:365 17:349.99 30:266.11
43aad4fb-a848-4270-9af5-c0aa3b4d5e5d,9,7:68 16:86 24:74.4 24:89.9 25:84.99 27:81 28:31 28:42
43ab5329-78ca-455a-ba90-271f74bc6fb7,10,31:100
43bc6ee9-b3e4-4895-8f9b-bf4f54698a05,9,12:150 24:99
43bfe292-61e8-447c-858c-159c6b41a060,10,25:31
43bfe292-61e8-447c-858c-159c6b41a060,9,6:16.01 16:6.5
43c0faa4-d903-4958-bdb6-d717b4a715d4,9,10:720 27:895
43d1d5df-476c-4b90-98c6-486339158cee,10,17:74.4
43d1d5df-476c-4b90-98c6-486339158cee,9,9:17.5
43d39d01-f2a9-45f9-9232-a7c534d1074f,9,8:55
43d60a1a-13bc-4fa2-9344-da4a0b2a93ab,10,6:595
43d96edf-0603-4f6c-9249-77f30b0042f6,10,11:25 18:17.52 24:17.52
43e174c0-36a8-4215-b87f-e3d0acda1254,10,2:17.5 2:20.5 7:29.04 8:25 8:36 11:16.12 17:12.5 17:22.5 19:15.5 19:21.49 20:11.5 20:14.05 20:15.5 20:17.5 20:18.5 23:15.5 23:20 24:27.9
43e174c0-36a8-4215-b87f-e3d0acda1254,9,4:5.5 4:10.29 12:4.99 13:5.5 14:9.99 15:10 15:10 15:11.5 20:6.5 20:11.5 24:5.5 28:4.99 30:11.5 30:11.5 30:11.99 31:11
43e3b6f4-85cc-40a6-be9b-811557535a68,10,23:21.61
441335a6-144d-4139-8d4d-695982018170,9,25:24.99
4415157a-17a3-4db9-b599-2ab0f35e70a2,10,14:135.5
441611cf-f976-476c-9571-3c4a80ec0986,9,9:27.66
441b4d45-17d8-4900-ab94-9497c018191c,10,13:34.99
441c700f-cbe5-46e2-9b88-8869562e0d89,10,31:43
4420634b-3f28-4f49-b88a-3178597bbbab,10,7:499.99
4420634b-3f28-4f49-b88a-3178597bbbab,9,8:174.5 19:202.5
4422d0b9-e883-4c78-be22-78040c1ef124,10,7:20 17:27.6 17:27.99 29:34
4422d0b9-e883-4c78-be22-78040c1ef124,9,2:10.5 6:11.5 15:7.52 23:14.99 24:5.51 24:7.49 28:9.99 28:14.99 30:14.99
442afa1a-99aa-4ba4-bb47-83eab7d66b33,10,17:71.67 24:67
442cff28-dc5e-4a20-9624-a7bba9deeb40,10,10:29.99 24:56.99
443196f1-7f16-4421-b353-8cee9b27922f,9,8:80
443f2b30-7f23-4f92-835d-c55b6f984027,10,24:76
44447a68-b5fc-4744-ac30-2723e1eebf3c,9,13:80 18:70 30:75
4450440a-b246-48ce-aa44-3ff861ead3aa,10,27:11.5
4464920c-9c44-4e51-944c-80b8c80e71dd,10,23:15 28:32.33
4464920c-9c44-4e51-944c-80b8c80e71dd,9,23:13.5 28:5.54
446c79f2-79f3-477f-ba0d-bb793e14150b,10,10:50
4484de21-7c03-468c-8f2c-b34ebe825efb,10,9:55.86 11:79
4484de21-7c03-468c-8f2c-b34ebe825efb,9,11:24.99
448a1bcc-a36e-46a3-824d-6eb38612fe5a,10,5:18.75 9:21.51
448a1bcc-a36e-46a3-824d-6eb38612fe5a,9,14:17.49
449eb597-6f1d-4748-a1ca-ef8ed78ac4c2,10,27:430
449eb597-6f1d-4748-a1ca-ef8ed78ac4c2,9,21:105.06
44aecaf6-49df-4905-bd5d-e70e4a6408d8,10,6:128.49 7:150 24:135 26:100
44c74084-2995-4495-b84f-06b29e7dfbeb,10,27:229.99
44c74084-2995-4495-b84f-06b29e7dfbeb,9,5:23.38 12:29 14:23.5
44c8ecc2-eac3-4cdc-a1b7-8f17d2ed8444,10,3:189.5
44c8ecc2-eac3-4cdc-a1b7-8f17d2ed8444,9,3:30 16:60 27:60
44cdd7a7-5f45-4fbe-97e7-0c32af4040cc,10,3:74.4
44cdd7a7-5f45-4fbe-97e7-0c32af4040cc,9,10:26.4 11:30.9 18:100 31:31.83
44cfdf29-9699-41be-9908-11577ef30064,10,22:30
44d0463e-80fa-47d7-9f81-d3c6fd1f82ce,10,11:49.99 11:49.99
44d9c5cf-e74e-4992-8ae3-f06d1d9dec78,10,3:144 3:144 3:182.5 3:184.49 10:186 12:200 13:199.69 13:219.98 30:150
44d9c5cf-e74e-4992-8ae3-f06d1d9dec78,9,1:45 4:48.02 6:39.02 6:51 6:56 11:51
44dcf816-f506-45d3-b8d0-d146bd93ebad,9,17:37.2
44e05c6f-d2c8-4555-ad02-06e2f2cbe381,10,24:4320
44e05c6f-d2c8-4555-ad02-06e2f2cbe381,9,30:1600
44e40962-d517-4ffc-88d3-6a37c81436aa,10,5:150.24 10:79.99
44e8e211-ba81-4df1-8c42-e7661e818d2a,10,14:129.99
44e974de-1d61-4eb3-bdc6-3b8e39b92454,10,17:150 25:167.5 28:170.5
44e974de-1d61-4eb3-bdc6-3b8e39b92454,9,8:109.33 10:67.99 10:67.99 16:26 16:88.38 18:141.41 19:71 25:51 26:81
44f089b2-c866-4362-95e6-f549b4b76322,9,21:162.5
44fcc557-3bb6-4a66-adc4-f6afbf5c443a,9,15:6.5
4501710b-15be-4867-b592-9beeb9769b4f,9,17:25.47
450a7fc3-3ebc-40f7-a15e-6e7c617868a2,9,7:159.99 13:110 31:91.2
451860da-8a61-453e-8dcc-3515d5ffab3c,10,10:80.57
451987dd-ce5f-4887-ada3-ce350963de09,10,15:38 17:46.36 24:33.6 31:62.4
451b690a-7a36-4991-a313-46039b41d1eb,10,24:165
452a45a8-02c5-4655-be8c-a1068aa97d59,10,2:390
452dcf38-6cf6-4e44-8a4c-d3e87f05c2b8,10,9:240.52 23:167.5 31:201
452dcf38-6cf6-4e44-8a4c-d3e87f05c2b8,9,3:40 17:32 17:33 17:59.99 23:40 23:59.99 24:59.99 28:59.99 29:59.99 31:31.2 31:59.99
452e593a-6e68-4ea9-aa98-cb03924b427b,9,10:145.39 10:146.39
45311c0b-155e-43a2-adab-ee70647f3d3f,9,13:300
453807cb-a7aa-4884-9354-0c0ca15c1895,9,27:63.84 31:66.93
45402f0f-84bf-4eac-a14b-c2a71a885b19,10,24:360
4547a441-3aec-4def-b9f8-6ec06b4bbcf0,10,27:110
455b9e92-617f-4608-805a-7d65e6bcac34,9,10:73
45665fc7-328f-406b-ae1c-e45102751c9b,10,4:40 5:37 10:35 10:37 10:39 21:65 24:36
4578254f-359d-4422-8701-2b6d6783e5ef,9,13:80
457d87fd-26aa-45e4-896c-ee9c168810a7,10,7:20.53 13:21.99
4584828b-7a3e-4fcd-9ef3-daed39ede779,10,17:93 21:124.35
4584828b-7a3e-4fcd-9ef3-daed39ede779,9,23:39.99
45902e38-525f-4d02-b150-b46811642077,10,3:127.5 3:150 27:165
45902e38-525f-4d02-b150-b46811642077,9,10:31 24:37
4593902d-d234-487c-9a4d-cd839ffce037,10,10:95 30:27
459cd673-271d-4c62-a273-bfba012b0a8b,10,3:234
45b050e0-fcd0-401e-b438-37b6d9b73263,10,8:75
45b050e0-fcd0-401e-b438-37b6d9b73263,9,17:18.77
45b7b407-8514-4403-bec9-3aed7f3995a4,10,1:23.06 3:18.5 5:20
45bb04eb-983c-48ad-b5cc-93b2815cd6f9,9,3:303
45beb3c6-1c0d-4ed1-b0c8-bb2010dd4491,9,9:252.55 25:286.45 30:275
45c94a75-9988-4c17-a754-c9e567e88f8a,10,2:315 3:238.32 5:232.5 5:259.99 10:217.5 12:202.5 24:511.53 27:225
45c94a75-9988-4c17-a754-c9e567e88f8a,9,3:100 4:127.49 5:80 24:81.02 24:85 30:109.99
45cb11a7-48b1-4d26-b25a-a4c113c0a6ea,10,10:3360
45cb11a7-48b1-4d26-b25a-a4c113c0a6ea,9,2:500 4:409 5:455 6:399.99 18:510 22:331.99 24:455 29:425
45cc015a-8fe7-4dd6-996f-48fbf09d0f7b,10,3:8.5
45d5b1a1-6f35-4ad3-bf55-9b1fa30004a0,10,9:179.99 15:121.08 22:92
45d5b1a1-6f35-4ad3-bf55-9b1fa30004a0,9,5:31 10:27.6 17:21.51
45dac352-ae3b-4dc4-a40b-ba5fe047de8f,10,10:506.29 17:540
45dac352-ae3b-4dc4-a40b-ba5fe047de8f,9,3:230.23 11:263
45dc8d81-0866-463b-8013-9e334ec3fbe3,10,3:31 6:23.72 8:47.5 12:31 16:32 17:36 17:40 24:40.8
45e79202-09bf-4078-88c0-bbdb23e47aa2,10,5:655
45e79202-09bf-4078-88c0-bbdb23e47aa2,9,20:135.99
45ec70cf-e3f8-45f7-9c90-962245412bad,9,10:39.6
45eea6ce-2310-41ce-b1de-979adcaec316,10,5:29.99 5:32.25 10:29.99 12:36 13:26 20:53.99 26:33
45eea6ce-2310-41ce-b1de-979adcaec316,9,4:7.5 8:21.5 12:6.74 16:18.99 18:13.5 18:17 19:12.5 24:18.99 30:7.52
45f7b766-30fb-4a54-978a-d13ce53c1503,10,3:31 5:19.5 6:22.5 7:26 10:31 16:34.99 18:29.99 23:45
45ff5e5b-db29-4ae3-963d-1579a1c38a2f,10,10:31.68 10:51 10:60 18:36 19:24.8 21:64.99 23:85 24:49.08 29:58.35
45ff5e5b-db29-4ae3-963d-1579a1c38a2f,9,3:34.99 4:24.5 6:25 13:30 19:11.63 19:16.5
45ff62b7-b8f7-4fe2-a4af-83a12b64b6ce,9,2:10
460ac1a9-7527-422a-928b-7b189cec5845,10,9:114.99 17:86
460ac1a9-7527-422a-928b-7b189cec5845,9,11:45 16:49 18:49.99 29:49.99 31:45.6
46207b9d-e640-4c10-a88f-6e6244c6c88e,10,29:600
46207b9d-e640-4c10-a88f-6e6244c6c88e,9,16:255
4622dcfe-927d-422b-b956-31b250e0a8e4,10,19:18.99 31:15.5
4623aeae-a835-4ff8-a32f-bd73574b7c51,10,24:51
462519b1-277b-40a3-ac9b-ac9bf268fea4,10,10:252 17:252
462519b1-277b-40a3-ac9b-ac9bf268fea4,9,6:61 10:55.2 17:49.2 23:70.99 24:45.6 29:65.5 30:46
4627c6cd-c115-4ca1-ae1f-0831b77bc3ae,9,29:16.5
462d4768-89bc-406d-b6d7-ff4e284abcef,10,2:316.57 24:350 28:495
462d4768-89bc-406d-b6d7-ff4e284abcef,9,10:145.82
4638a44a-454d-4b1f-8f74-7a0ef93cff52,9,29:5.5
463f63dc-210b-47b1-8e36-a1eabe95500b,10,13:12.5
4648a3a8-e69c-4d1a-814b-a267d89df451,10,31:102.5
464b9984-2d33-4ff4-bb9c-72d6fa3f4d22,10,8:263
464b9984-2d33-4ff4-bb9c-72d6fa3f4d22,9,10:27.6 10:57.71 16:47.59 17:30 17:31.2 20:41 23:35 27:42
465894ca-ff19-4ee9-ab71-d7732cc31726,10,17:24.5
465894ca-ff19-4ee9-ab71-d7732cc31726,9,17:19.5 21:26.38 31:16.8
465b9379-7d5d-4ff6-9f00-f7bccfb30418,10,4:270 15:310 17:271 18:275
465e9720-7af7-488d-8d70-03a5bd436068,10,10:202.5 26:199.99 29:155.19
4663f73f-d76a-4546-8064-dac092129227,9,16:260.01
4667603e-bfd6-4d8a-b196-e04191743ec0,10,18:60
4669d866-98d0-4055-b7c0-8994bd097713,10,3:21.6
4669d866-98d0-4055-b7c0-8994bd097713,9,26:11.04
46727761-fa6c-443f-9330-61c5b988f534,10,31:516
46727761-fa6c-443f-9330-61c5b988f534,9,10:222
46746eb9-84be-4106-9ec0-d4128e27ce00,10,10:25.2
4676f894-3322-4e05-aeae-d7a2975b1f43,10,2:44.99 31:33.6
46789e9f-3b92-4d64-9574-c6ab3c21584a,9,17:81.02 26:130
4678b597-47a6-48a0-be41-c619e42d7f63,10,4:48 10:32
4678b597-47a6-48a0-be41-c619e42d7f63,9,2:29.99
46858f09-1975-4641-bd19-429922f40529,9,10:2925
4687335f-20f9-470a-ac58-7045ec4a1c67,10,12:300 12:404.25
468fded8-083e-409f-a577-60b4a2d9567b,10,17:53
4699b725-f832-4094-a931-385368cb81b7,9,10:179.99
469ba532-2f8f-437d-8b9e-01d7281dd8be,9,9:48.07
469c0575-712a-4382-a7c6-48d94d89aa5e,9,4:30
469eb3ef-2222-4a29-985d-66742fa476ff,10,15:117.5 29:100
46b99e4e-bdef-43c5-879a-3b7e65ed5450,10,4:45
46ba79df-eaa9-43ae-a814-74bd4f186007,9,7:15.5 7:18.5 7:22.95 19:23.25 31:42.58
46c5bae9-107b-454a-aa48-bcddf0c02d0e,10,2:46.99
46ca983d-8e59-4592-8c4e-fcd9d44d1f35,9,3:60 20:99.95 28:99.99
46ea05b6-f67c-42bb-b049-5d6418e20b45,10,1:29.99 1:39.99 2:45 3:20.5 3:29.99 3:39.99 4:22.99 4:34 4:39.99 5:23.5 5:26 5:26 5:26.19 5:27.99 5:29.95 5:39.99 5:64.99 6:39.99 7:26 7:39.99 8:29.99 8:39.99 9:30 9:39.99 10:24.5 10:24.74 10:25.25 10:27.26 10:29 11:39.99 12:16.5 12:25 12:29.95 12:30 12:36 12:39.99 13:27 13:39.99 14:28.5 14:39.99 14:42 15:20.02 15:24.99 15:27.85 15:29 15:39.99 16:25.33 16:39.99 17:26 17:29.95 17:30 17:31 18:19.5 18:30 18:39.99 19:39.99 20:25 20:26 20:29.95 20:46 21:25.02 21:27.95 21:29.24 21:29.95 22:18 22:22.99 22:24.99 22:29.24 22:30 22:39.99 22:40 23:26 23:29.95 23:39.99 24:19.01 24:19.5 24:19.5 24:20.5 24:20.52 24:20.52 24:21.5 24:21.5 24:21.5 24:22.5 24:22.5 24:24.5 24:26 24:26 24:26.51 24:33 25:22 25:22 25:22 25:23.5 25:24.5 25:25 25:26 25:26.76 25:31 25:34 25:39.99 27:27 27:43.4 27:44.99 28:25.02 28:61 29:22.5 29:39.99 30:40 31:19.5 31:25.49 31:27.5 31:39
46ea05b6-f67c-42bb-b049-5d6418e20b45,9,1:10.5 1:16 1:17.99 1:21.99 4:18.18 5:21.99 6:11.5 6:13.52 6:16 6:21.99 6:43 7:14.5 7:21.99 8:11.49 9:14.02 9:18.5 9:19.99 10:10.5 10:12.62 10:13 10:13.5 10:13.5 10:16.5 10:19.99 11:20.5 12:17.52 12:17.52 13:16.5 13:18.02 14:19.4 14:19.99 14:21.99 14:26 15:19.99 16:20 17:15.5 19:12.59 20:10 20:15 20:16 20:17.54 20:17.99 20:19.99 21:12.5 21:13.01 21:13.6 21:18.53 21:19.99 22:21.24 23:14.5 24:11.5 24:12.5 24:12.5 24:12.52 24:12.52 24:12.88 24:13.5 24:19.99 24:21.99 25:12.5 25:12.5 25:18.53 25:19.5 25:22.5 26:19.99 27:19.99 28:8.5 28:12.99 28:14 28:15.01 28:19.99 29:12.99 29:19.99 31:13.52 31:19.99
46ec7faa-7160-42b4-82ef-9fff165e4cff,9,10:170.36 18:84 22:83
46ef2835-46cc-4255-a343-bd7ebed49ec8,10,13:80 24:76.8
46f04f6d-e982-4985-9002-91cebc1c1c33,10,3:51
46f04f6d-e982-4985-9002-91cebc1c1c33,9,4:12.5
46f19a37-6cf2-4759-8bfb-69f616240ee7,10,9:510 20:999.99 27:999.99
46f19a37-6cf2-4759-8bfb-69f616240ee7,9,16:51
46f2f196-ca10-4aae-b77a-c1bc1a2a7e90,10,1:150 9:152.5 31:102.5
46f8495f-03a9-43ff-bf2e-6fdaaf9f1496,10,3:121.08 5:121.08 6:115.08 30:125
46f8495f-03a9-43ff-bf2e-6fdaaf9f1496,9,4:36.03 5:35 13:35 20:46.93 29:30.02 31:25.2 31:25.2 31:34.8
47086ff6-1e71-428f-b146-b9b71d8f4e5d,10,17:86.4
470bb9b4-838f-464c-9743-b70c59efdae4,10,17:324 24:276 30:301
470bb9b4-838f-464c-9743-b70c59efdae4,9,5:56 6:84 7:65 10:69.6 10:69.6 15:75 15:92.5 15:117.84 18:72 31:69.6
470c01df-c862-45dd-a54d-50243e31822e,10,3:50.79
471027ca-a37f-48bd-bf9f-9a2adf371e69,10,24:12.55
4713519d-8550-4757-8214-506fd1b7e325,9,31:43.2
471d3421-c9a9-45c2-bab3-9613ff445241,10,3:95 9:99 14:31 17:41 25:18.5
47350be3-0d45-436f-ae09-a7cc811ae3ea,10,6:65
47350be3-0d45-436f-ae09-a7cc811ae3ea,9,15:10.5 23:15.5 28:18.99 30:16.5
473ad1be-1431-449e-8bd1-a84d7d47a5c7,9,7:110.5
473ef8b3-8b92-4231-8a2b-833a191f460d,10,4:18.5 9:20.5 10:31 27:22.7
473ef8b3-8b92-4231-8a2b-833a191f460d,9,17:11.52
474e9f52-6a00-4c81-94f1-f3753b2f2a5f,10,7:54 17:50 24:55 26:46
474e9f52-6a00-4c81-94f1-f3753b2f2a5f,9,4:16 8:11.52 9:12.5 9:27 20:21.71 23:16.5 29:19.99 30:14 31:10.5
475838eb-c885-4f89-bb77-0b95f0ff2442,10,26:34
475911d3-17f0-4bff-999d-191459a4715f,10,24:56
47662f9e-c7ca-4069-98f6-bda9e35cf259,10,5:73 12:29
477527fd-f9f8-426c-9794-fb2da4e1f73d,10,18:51 21:76 26:66
47782fe7-21f8-4ed6-968a-5de307be699a,10,11:10.5 17:45
477de519-1ebf-4854-9d8c-3401b7144f4c,10,22:125
477de519-1ebf-4854-9d8c-3401b7144f4c,9,3:110
47852819-d2f8-40db-96ef-cf462e4a68ee,10,12:100.78
478ae509-2541-4d21-8186-fd5629fc99f2,9,2:10.5 5:12.5 30:20
47938173-886c-4785-b97d-4001757fcc98,10,16:287
47938173-886c-4785-b97d-4001757fcc98,9,10:81
47a3a2b2-474f-46c8-88e4-4209b34abc7c,10,31:45
47b34c01-cc65-4ba0-90cb-5c1077ac2c39,10,4:367
47b34c01-cc65-4ba0-90cb-5c1077ac2c39,9,5:82.49 6:149.95 14:62 24:61 25:62.32 25:85.69 28:65 28:138.48 31:44.4 31:50.4 31:72
47b4a956-0b7d-4a2e-9072-723c716122a2,10,3:372 9:300 9:380 15:412.95 20:293
47b4a956-0b7d-4a2e-9072-723c716122a2,9,1:115 11:115 12:124.99 14:125 16:127 26:108.5
47bc6fea-66cf-4b53-81f8-b695b609e6aa,10,15:21.27 18:30 19:39 22:40 24:31 24:33 27:23.5 29:30 29:33 30:33 30:36.5
47bd2bed-faaa-4b1c-82e2-54d528f3ff4e,10,9:400 11:220 13:275 14:265
47bd2bed-faaa-4b1c-82e2-54d528f3ff4e,9,4:61.91 4:61.91 5:62.09 6:92 10:75.3 12:76 14:75 30:99.99
47d24914-4c6c-4aaf-a39b-c3b75d2d68cd,9,28:70
47daae86-3779-49ab-9123-52f651b4c7c1,9,10:390.85 24:172.5 26:690
47e2fae4-aa67-490a-bc55-4e861b35271d,10,19:66.99
47e439ae-f29f-49f1-a549-e9982de86043,10,1:35 1:37 3:36.55 3:45 3:48 5:33 6:34 7:45 7:50 8:45 10:31.2 10:44.99 11:40 11:45 11:51 11:60 12:47 14:16.5 14:49.96 15:50 16:41 17:35.02 17:41 17:52 18:40 18:51 20:45 20:45 22:54.95 23:60 24:38.4 24:42 24:44.99 26:52 27:49.99 27:52.99 28:45 29:36 29:42
47e439ae-f29f-49f1-a549-e9982de86043,9,1:16.5 1:20.5 2:15.99 2:26.99 3:22.99 3:26 4:29.99 5:20.5 5:20.5 5:23.5 6:15.5 6:26.99 7:15.52 7:16.5 7:16.51 8:26 10:16.36 10:18.16 12:29 12:31 13:17.5 13:22.5 13:26 15:25.95 17:16.1 17:17.5 18:21.99 18:26.99 19:21.7 20:25 21:18 21:21.4 21:31 22:19.99 22:23 23:25 23:26.99 24:15.6 24:22.99 31:27
47f67f12-0a33-4d48-bb1f-ed90064bf964,10,18:400
47f8d0a8-50f8-4849-8569-3f20f12eb94f,9,19:80
47faa23f-5383-4353-9b56-7125c72392a7,9,11:12.03
47fb734b-1f2d-44bc-99ec-bc30ff49e684,9,21:15.5 21:20.5
4802a158-fff8-494c-adf9-b7aa526fc8a4,10,19:60 24:60
480893ce-dc05-4e53-b5db-be52e388b3d2,10,13:435 21:367.65
480893ce-dc05-4e53-b5db-be52e388b3d2,9,16:199.69
480dea25-4fbd-4781-95cd-0439452ba87f,10,4:159.99 24:86
4811277f-bbf3-46ce-b3b3-0c1a2650c610,9,8:18.5
4815c09a-be9e-42ab-943f-6ac7232fc67c,10,5:61
4817d104-38c7-451c-a8ab-afabe11f2263,10,10:19.5 10:20 10:24 24:16.8 24:18.31
481c69de-df57-42ad-ab79-5848ac8d951f,10,3:2000 7:2273.81 16:1825
481c69de-df57-42ad-ab79-5848ac8d951f,9,19:694.2
481f1555-35e5-44af-ad0d-77c8738a9c85,9,1:160
482b82aa-e197-47be-b7a5-972f61508432,10,3:79.58 24:108
48308f80-d331-4695-a7fd-e886079bfbe3,10,16:50 20:98.88
48311e3a-0082-49b6-bd0c-2875268aecd5,10,9:192.42 29:178
48311e3a-0082-49b6-bd0c-2875268aecd5,9,8:83.93 24:105.6
484038fa-0e4f-4b79-9c81-fa12d5c362db,9,10:30
4840ed54-0f01-4061-a630-943b0491b5fe,10,1:170 3:116.59 3:126.5 4:140.5 4:150 5:202.94 7:144.5 10:121 10:157.5 10:200 14:138.49 15:136.8 17:131 17:149 18:136.8 18:271.02 19:140.5 23:130 24:132 26:127.5 28:118.5 29:165.5
4840ed54-0f01-4061-a630-943b0491b5fe,9,7:50 11:49.99 16:41
4851e676-0870-4e7b-9ffd-b53abf17f28e,10,4:480.22
485a00ff-4ac3-4bd8-843a-aac3334fd1e7,9,17:535
485c7b74-038a-44d0-8003-095a542bcb1a,10,4:180
485c7b74-038a-44d0-8003-095a542bcb1a,9,8:46.69 10:26 17:45.6
485eb878-ce25-49f2-aa8a-bf99cd488b8d,10,1:338.69
485eb878-ce25-49f2-aa8a-bf99cd488b8d,9,19:123.27 26:84 29:120
486091d6-fb13-4ed7-bbdc-5ad2fea3c67e,9,12:67
486d5ae4-2c02-45e9-8ae1-444b7f2bddb4,10,10:33 29:36
486d5ae4-2c02-45e9-8ae1-444b7f2bddb4,9,3:8.52
486fbcd0-066d-4b52-ac8f-4d2d4956f4bf,9,22:150
4875b136-b453-489a-a15c-ae11e3eecab8,10,1:130.5
487d3d49-2fc6-414a-886c-3033b85203c1,10,10:769.99 10:800 23:612.61
487d3d49-2fc6-414a-886c-3033b85203c1,9,13:282
4883b8c7-2d07-42c6-afeb-7ed5f51c8c93,9,14:12.5 31:17.99
48903441-b414-4b6f-882d-a02453a584ab,10,18:130 29:105
48ae6153-f714-4a4c-b6bf-e18c36526157,10,18:69 26:72
48ae6153-f714-4a4c-b6bf-e18c36526157,9,6:39 7:19.5 12:41 28:21.28
48b7e7f1-2ba4-4cca-bd12-8107d9048212,9,7:69.99 24:39 28:34.77
48bad989-41c8-49d1-a424-6043869014ad,10,3:36.88 6:31 7:46 24:41 27:55
48c1c063-c6f9-46d6-8160-bb9ac1c8fe63,10,15:76
48c1c063-c6f9-46d6-8160-bb9ac1c8fe63,9,10:99.99 14:86.58
48d2e3d7-f02b-46ee-845d-5fdd636e4a04,10,9:300 9:330 10:372 22:300 24:374 24:390 29:315.86
48d2e3d7-f02b-46ee-845d-5fdd636e4a04,9,12:114 20:103.5 28:99.99
48d3e467-e301-4328-ac68-70bf2748e9e9,9,12:12.5 27:10.5 28:10.95
48d8d095-28bc-488e-b1b2-4134289f79b5,10,8:26
48f34761-d733-4e7b-9e77-0558f7101562,9,14:110 24:150
48f3af0a-594a-41ad-9d66-157ef4f5dfd5,9,10:20 17:12.5
48f4d460-c509-4212-be0d-c012eccea415,9,16:60 23:65
48f6813b-deec-4b4b-92d9-75dc83a69056,10,21:32
48fe42da-5cc5-4622-9bb7-b0a962b2f308,10,1:15 2:17.52 2:20 5:12.5 5:18.5 7:19.99 10:13.2 10:22.5 12:13.19 12:17.02 17:14.4 18:12.5 18:17.52 18:19.9 19:19.9 23:17.52 23:20 28:20 30:13.25 30:16.5
4913814c-5a68-4b0d-8891-3fb8f6b73242,9,10:58.99
491438b9-732a-4aa8-b3ba-dc45aaec1d05,10,10:80.57 30:107.5
491ee1c2-9b40-4ae5-a6f8-70d4a0f9a420,10,3:12.5 17:15.6 21:17.53 25:14.75 30:18
4924eadd-c0aa-42ea-8c36-9819187f4cf0,10,26:1758.57
4924eadd-c0aa-42ea-8c36-9819187f4cf0,9,10:314.99 23:227.5
4927d166-b861-42a1-bb1c-6bfee88cbf71,10,1:65 2:51 22:40 25:29
492ee480-4260-4df9-bcbe-b3c5a44c88ef,10,1:71 2:61 3:100 4:148.97 5:73 5:80 10:66.01 10:76.8 11:70 13:107 14:99.99 15:81 16:66 16:99.99 17:73 17:79.99 22:99.99 27:45 27:66 27:70.87 27:80 27:95 27:99.99 29:70 29:99.99
492ee480-4260-4df9-bcbe-b3c5a44c88ef,9,2:25 3:29 3:31 3:36 3:36 4:28 4:31 5:31.04 5:31.04 5:40 5:40 7:29.99 8:40 10:29.99 12:40 13:26 13:39.99 15:39.99 16:29.99 18:29.99 18:30.4 19:30 20:40 23:28 23:35 23:35 24:35.99 24:48.13 24:50 25:28 25:31 26:20.99 27:23 27:32 28:28 30:45 31:41.37
494f538d-f66c-49c5-b5f3-f0aeced3f4e7,9,8:675
49578bd7-88df-4a2d-8468-c77885d82994,10,2:644.27
49578bd7-88df-4a2d-8468-c77885d82994,9,4:123.5
495f5da7-87c8-4f7b-9f11-8b2dc32c45ee,10,3:27.51 5:26 6:15.5 7:18.5 10:26 12:16.5 12:16.5 15:39.99 16:21.01 17:12.02 17:14.01 19:15.5 19:15.5
4961aec4-75a6-4963-bda0-10a4f8e37d75,10,2:240 10:102.5 13:216.05 15:183 18:183.51
49653d48-9ae4-4007-832a-6edc2ef90d0f,10,3:295.99 17:234 17:255 18:200 21:250 28:250
49653d48-9ae4-4007-832a-6edc2ef90d0f,9,1:52 3:50 10:66 24:74.99 24:88.76 25:70
497ef335-f2eb-4812-91df-dccd3fb2bd44,10,1:147.41 3:152.5 6:115 10:132 19:135
497ef335-f2eb-4812-91df-dccd3fb2bd44,9,3:34.82 4:39.99 15:40 17:37.24 20:37.88 24:43.2 25:48 31:32.4 31:38.4 31:39.99
498627bb-d267-4da8-b8a7-b02461d27eee,10,9:65
4991fccf-0599-449c-80e7-43e8e5d05faf,10,1:78.94 4:75 4:79 9:60.13 11:70 16:82.48 16:99.99 29:96.98 30:50
4991fccf-0599-449c-80e7-43e8e5d05faf,9,8:30.95 10:45 16:31 17:28.12 17:32 18:22.62 20:30
49968a60-349c-4caf-b88f-93175e24bae7,10,13:65 24:62
49968a60-349c-4caf-b88f-93175e24bae7,9,2:24.95
49a12cf6-da97-4e11-a0ef-f4f18a66f0ce,10,26:69.9
49a97156-6f0c-4146-b920-3460d65a48d2,10,2:14.99 7:9.99 7:9.99 7:9.99 7:10.5
49c87d3a-fa69-4236-bee4-dce5f925ec18,9,31:48 31:67.2
49d0c074-b784-48e1-9681-c55bbaa4c2ee,9,12:92.5
49d15835-8da9-4960-a577-2e534d955a6d,10,15:89.45
49d6be6d-62ee-4880-9a6b-f08e1a8cf673,10,14:80
49f12430-e140-4b16-8971-5658a4fdfed1,10,15:34.99
49f4e2be-0639-4f3b-9f34-3212b19b724a,10,13:500 21:380 28:315 31:280
49f4e2be-0639-4f3b-9f34-3212b19b724a,9,3:76 11:84.95 13:80 14:61 17:85 23:75 23:180 24:52.8 26:58 31:41
4a038392-4c64-4df9-8915-3ccc5dcecdb0,10,3:19 3:24.99 5:17.52 6:22.24 8:20.5 11:17.52 11:18.51 12:14 12:15.5 12:16.5 12:17.52 12:22.24 16:22.49 17:20 17:23.56 17:23.99 20:17.52 23:17.52 24:16.5 28:24.99 31:16 31:16
4a129ce0-ecfe-4c58-9e15-cdc252040fc8,9,2:69.99
4a1329cb-eb38-4617-99ca-f4df69ed18d6,10,3:15.5 3:15.6 4:17.52 5:12.5 11:13.5 16:17.52 16:19.99 17:24.02 18:17.5 23:14.5 23:17.98 23:21.5 25:14.5 28:14.5 28:15.5 30:17.52 31:14.5
4a132abf-53fb-408a-809d-5c1ba6552906,9,17:76.23
4a150d63-6ca5-44a5-a899-b104050025e0,10,10:490 12:484.78 17:504
4a177408-2a02-4228-a74a-4e97187adad6,9,17:12.5
4a1c0db7-890a-4e95-8951-13d3d62ad70c,10,28:120
4a1c4ee3-aa87-4047-8a11-52f8bad8cd87,9,29:65
4a1ff9d5-6c1e-423c-99c8-58d2bbc6d2a1,10,25:17.5
4a2570bd-4179-4daa-8bdf-2176b3213b62,10,21:12.51
4a2e0b9a-bd49-4379-ace1-e2aa6c189668,10,11:14.5 17:18.5 18:5.5 20:29.95
4a2e0b9a-bd49-4379-ace1-e2aa6c189668,9,21:10
4a4027bc-9269-446a-8637-13d21e933cbf,10,23:1000
4a4546a0-48d0-4555-989c-f7d5bc69bef5,10,9:272.64
4a4546a0-48d0-4555-989c-f7d5bc69bef5,9,22:71 26:86.85 31:69.6
4a4b5613-cf13-4718-9a34-f59e0614fc76,10,8:88 29:220
4a5b5cb9-2aad-4464-9dee-58fb47a32a5e,10,3:25.21 15:35 17:16.5 17:18.52 27:20 29:17.52
4a6c06a8-9a1c-4166-b21d-651d8818307b,10,11:70 15:79.95 23:76 24:49
4a6c06a8-9a1c-4166-b21d-651d8818307b,9,1:10.52
4a6d3bbb-ca77-4ec7-b7e5-957aec3cdcb0,9,2:280 3:247.5
4a9b9955-7f33-4da0-8f31-6bb4ae39d544,10,11:29.02 17:40.53 28:49.99
4a9b9955-7f33-4da0-8f31-6bb4ae39d544,9,11:15.5 18:14.5
4aa99eaa-e4cf-42b7-a091-31fb063648dc,10,25:152.5
4aad7538-0979-41e7-9218-35877060d683,10,2:35 15:58.92
4ab4aeee-f98a-405f-94c2-c7152bbcd35e,10,8:99.95
4ab790cd-ca68-456b-b5e1-175e9947b48e,10,7:20.55 9:22 13:31 18:20.5 26:19.49
4abb661d-6526-4183-a213-360a89449b5f,9,29:16
4abd7281-a499-4729-b9a6-f49b519c1b44,9,10:44
4ace0853-5bee-40dc-9dec-02de7d0e8738,10,14:89.99
4aceb361-b0e0-40e3-b042-7e14bc3b4ebc,9,24:50.4 26:75 31:75 31:79.99
4ad452c6-2612-4f9a-ad95-222689a89c25,9,3:3.75
4ad6405b-5be0-4145-b692-ada9b27de2d1,10,3:67.72 31:50
4adf0430-3131-4403-bf10-666a9e297395,10,3:50 3:60 4:62.52 4:63.99 5:59.86 6:55.5 7:95.28 10:50 10:60 10:66.14 11:67.99 12:43.99 12:45 12:55 12:90.75 14:74.95 15:69.99 16:45 21:65 22:64.99 24:52.5 26:64.99 26:65 31:45.77 31:52
4adf0430-3131-4403-bf10-666a9e297395,9,2:25 3:22 3:29.99 3:46 7:31.02 10:26 11:26.5 12:29.99 12:46 17:25.02 21:36 24:18.5 24:20.5 24:24.99 24:31.02 31:24.19
4ae66f4e-61b0-41cd-bccc-1a055359604d,9,30:11
4aeefc20-1ea0-4f49-9241-30f4286a49d5,10,24:44.99
4af8f420-cf24-4ddc-bd0c-edbc743383d1,9,27:55
4af99694-5508-4c92-8a3f-09bc73dcd04d,10,25:26
4afbe611-e02f-4e35-b4e3-109e2431b8fb,9,31:18
4aff25d3-ba19-4040-9c06-b19f7430285e,10,16:635
4aff25d3-ba19-4040-9c06-b19f7430285e,9,2:115.12
4b011681-d5f3-4e9d-9ade-4ae5221f741e,10,17:550
4b011681-d5f3-4e9d-9ade-4ae5221f741e,9,1:12 1:21.5 5:7 5:14.5 5:15.3 5:15.95 5:20.5 10:18.5 10:19.2 13:15.02 14:12 15:18.5 16:12.5 17:13.01 17:15.02 17:15.02 17:19.99 20:25 23:13 24:15.5 24:18.31 24:20 25:13 25:14.99 25:19 26:13 27:15.02 27:17.99 31:15.02 31:24.5
4b0919db-2f0c-4297-9ca7-564e0167c38b,10,2:125 9:265
4b11fcf5-6d72-42f2-9608-53c65bf97967,10,24:67.14
4b26b700-ebf6-487b-93f3-a29f45789931,9,14:132.5
4b294f6f-9413-467b-8d50-dc49555e04ce,10,9:125
4b2979d1-26e7-495b-b175-690fb1a7f0b4,10,13:85 27:124.99
4b2eb7a7-1f13-4695-9a6a-2633d1098a25,9,14:22.5
4b3149c3-f63a-4445-9dc1-e3fa8906a64d,10,6:173.95
4b318b13-06ab-4102-a608-af5a4771cd35,9,16:24.99 16:30.09 21:22
4b321da9-1a7f-4fe2-ace1-4d1801ac17df,10,24:120
4b3caf4c-e157-4cbe-aec7-11e2cdabe2f1,9,10:45
4b424fd4-eb8b-47c3-95d9-0cee28bba0bd,9,3:23.05 10:28.55
4b49f7fc-baa7-42ef-9fd6-4a67b665af2e,9,9:81 18:100
4b4c088c-db79-481b-a542-baaf6a9c9d44,10,10:1290 15:1500 27:1300 27:1400
4b532a80-4d47-4db5-b046-ec4d6776b1a7,10,31:132
4b59eacd-159f-4654-9a03-11777bad8755,10,21:25 24:24
4b5fdc05-41b4-4ea4-bdc9-4ff171792c5c,9,25:37
4b646eec-6c59-40fc-8c1b-32b90984cddd,10,17:83
4b64e7a7-dafb-4e00-8e17-652b58a42529,10,19:16
4b6b621c-8f44-49ae-9247-5c6d326e0314,10,1:31 26:10.5 30:26
4b6cf822-a330-449d-a8de-d0f1dd8ffa0e,10,11:2950 11:3163.96 15:3197.88
4b6cf822-a330-449d-a8de-d0f1dd8ffa0e,9,16:1205 23:915 25:1009 31:1500
4b71da64-9d67-459d-bf8d-eaf14882e253,9,10:108
4b7a4bad-afa4-4bfb-9f00-f791df2fa7e3,10,4:1741.15 6:1650 7:1631 8:1700 11:1924.16 13:1520 23:1600 23:1700 24:1470 24:1520 26:1200
4b7a4bad-afa4-4bfb-9f00-f791df2fa7e3,9,6:650 6:679 10:603 13:910
4b7f6228-d805-4ed3-bf95-07fcd9be4b5f,10,25:199.99 28:125
4b838c51-561e-410d-931a-36b51de68aae,10,1:28 15:17.5
4b90d89d-38d0-4df3-8b11-a1d036bb5bf9,9,9:24.99
4b9237b9-643b-4494-93a7-edb77bb89c42,10,2:155.5 4:182.5 10:202.5 11:173.5 11:175.69 13:199 15:175.99 15:201.08 17:530.28 18:150 20:170.66 21:185 21:215 25:200 26:175 28:157.5 30:152.5 30:182.5
4b9237b9-643b-4494-93a7-edb77bb89c42,9,9:38 16:35.19 17:50 17:65 18:46 19:46 22:33 24:41 26:69.99 29:32
4b9679ff-ccf7-4409-8b25-36486f1d9328,10,7:9.99 7:10.5 10:7.5 11:5.5 24:26 30:14.5
4ba4b600-240d-446a-bc65-3d1861208179,10,19:126.26 24:31.2
4ba4b600-240d-446a-bc65-3d1861208179,9,2:13.5 7:29
4ba4f0f0-e4de-4566-a2e6-73c4f4e183e8,9,3:12.6 11:11.61
4baeb068-f68b-4936-a0f9-c26d7980991e,10,14:13.52 14:16.49
4bb18ca6-ee31-46a4-ac86-496ea6206820,10,1:30 2:15 2:18.5 7:16.5 7:16.61 7:17.5 7:18.5 7:19.5 7:19.61 7:20.27 7:20.37 7:20.5 8:12.5 8:24.95 10:20.5 10:27.99 11:26 20:11.5 20:18.5 21:24.5 23:15 24:15.5 24:16.5 25:15
4bb18ca6-ee31-46a4-ac86-496ea6206820,9,1:10 1:13 10:16.5 12:3.51 13:6.5 13:11.5 20:7 20:7.5 22:12 23:10.5 23:13.5 30:9.02 30:9.05
4bb7464b-5a26-475b-afc0-de9c5e7060fa,10,17:305
4bb7464b-5a26-475b-afc0-de9c5e7060fa,9,3:47 17:86.4
4bb8e550-6562-4b09-965f-3d045e36fc2c,9,1:15 10:50
4bba31b0-5dbd-40bf-a16c-238d29c41009,10,1:82.95 6:70 8:79 27:86
4bba31b0-5dbd-40bf-a16c-238d29c41009,9,17:16.5 25:21 31:21.6
4bba542e-f731-44f8-80a4-2a298b616677,9,4:46 4:50 13:65 18:36 19:35 19:68.49 19:84.18 24:62.4 29:55 31:37
4bbcf19f-5202-4c51-b3e0-24165b319dc1,10,2:51 17:51 31:56
4bbdea60-f185-469c-b5dc-1e39757d1a66,10,14:159.99
4bbdea60-f185-469c-b5dc-1e39757d1a66,9,16:26
4bc677f0-22ba-49bc-8425-eca884cdc9a4,10,4:21 5:20.5 5:26 6:24.98 10:18.5 11:17.52 11:20 12:17.52 12:22.5 13:38.88 17:22.99 17:25.96 20:16.5 23:28 24:17.52 28:33 30:17.95 30:20.5 31:25
4bcc16ea-05f9-4a18-9fe3-09930a0fbe54,10,2:660 2:680 26:620
4bccf9a3-17cb-4690-b7e5-9edf165dd881,10,2:40 5:37.56 5:38.99 11:48.99 12:54.99 14:52 18:41 21:52 29:37 31:38.4
4bd5fdec-d03c-44ad-a1f6-5721c5ccbbdd,9,10:33
4be69e00-0366-4ecf-8e33-87dd8aeb1bb9,10,4:26
4bed6116-85b9-4f1a-b002-9df0f308726f,9,3:515 20:700
4bf3d9d4-2268-418f-be74-5f8dac675b95,9,23:1125
4bf61391-c581-4429-aab9-6d06f584f2ce,10,26:31
4bf956f0-1a81-449b-97c7-c28c82070268,10,9:132.5 16:177.5 24:190.5 31:156
4c005316-a0ea-4939-8731-f75622b7450d,9,21:109.69 22:115
4c00b544-e2be-42a5-93df-372af2f1dc35,10,18:60
4c08148c-b654-45d1-89d5-907fb56f9259,10,7:44 9:49.8 13:50 16:52 17:40 23:40 24:51.69
4c08148c-b654-45d1-89d5-907fb56f9259,9,2:12 3:16.5 3:17 4:15 4:24.5 5:20.5 12:11.05 12:11.05 12:15.02 14:16.65 17:15.99 22:17.77 24:11.02 24:11.02 24:15.5 24:16 26:12.52 28:18.99 31:16.1
4c093cc7-1c6e-4720-9601-71381cd4b4af,10,3:492 17:605.95 30:475
4c093cc7-1c6e-4720-9601-71381cd4b4af,9,24:108
4c174c8a-9753-4ae6-988c-b4b36ab85100,9,10:188.5 13:180.5
4c195e6b-3a56-4fbd-82d4-aea24bf80ad2,10,31:4200
4c1f0c4e-a5c6-4c56-8113-bcfb64e105cb,10,25:155
4c30feac-c374-4f3f-9772-2b39c6049718,10,27:20.5
4c331096-aa4d-45a7-97b2-c0a98d771ad5,10,21:13.01
4c339a4f-79db-45a1-a8e9-4f8c77567bd7,10,3:76 17:108.88 19:99.99 29:114.99
4c339a4f-79db-45a1-a8e9-4f8c77567bd7,9,17:25.84
4c40c422-b977-4acb-bb5e-a62f20847912,9,2:77.98 4:39 6:34 9:42 9:51 13:57.49 25:50 28:60
4c459621-82e7-4da7-94e9-af82ea3c7b17,10,30:26
4c5dd571-305b-4829-b054-ac4a4135e449,10,24:27.6
4c7c4574-d396-4d10-8e5b-584aacd3db2f,10,10:34
4c845135-7cb9-412c-a81b-6fb2fda67ef4,10,2:274
4c845135-7cb9-412c-a81b-6fb2fda67ef4,9,6:99 10:95 15:70 25:42
4c862098-25ac-4bc6-9e95-3fded43bdffa,10,4:49
4c8e116b-562d-4dde-a8b7-28a84460477d,10,3:22.8 15:40 17:19.2 17:21.5 28:36 30:39.19
4c9424e0-854b-4a12-bff4-6c6502457dc2,10,27:38
4c9638e5-1e88-4e6b-85f2-0ddb8b2069d0,10,10:78.29 13:139 26:195 31:76.8
4c9f96d3-0650-40cf-9219-c6e587783546,10,24:149.5
4ca2077a-e1c9-4c74-898e-18f0fc22e006,10,17:174
4ca2077a-e1c9-4c74-898e-18f0fc22e006,9,17:84
4ca32eec-b641-4b57-b908-6b244fb340da,10,31:16
4ca32eec-b641-4b57-b908-6b244fb340da,9,31:12
4cadb7aa-2ac3-4f87-a7eb-6cc4fe7e1e48,10,24:228.73
4cb21f51-d269-4ef1-8568-ae343983db73,10,2:72.12 3:60.3 4:72.12 4:84.04 6:67.3 7:60 8:83.95 14:83.95 15:89.95 17:103.2 18:65.23 22:119.49 25:61 29:57.03
4cb21f51-d269-4ef1-8568-ae343983db73,9,1:20 1:27.89 1:31.58 6:14.5 6:27 9:20 10:20 10:29 11:25 14:18 16:25 17:21.6 18:31 19:20 20:19.99 24:21.6 24:22.5 24:24 24:29 25:20.5 25:20.5 28:12.02 29:60.83 31:24.78 31:25.99
4cc0a684-a2f5-4208-947f-10c45644b1f5,10,5:120.5 6:122.5 10:133.7 10:144 10:206.03 21:100 24:132
4cc0a684-a2f5-4208-947f-10c45644b1f5,9,1:42.64 2:42 3:45 5:44.99 10:49.2 16:43 20:46.5 23:45 27:100 31:39.99
4cc0a8ab-5fd1-4a15-ae42-8c4e8a7d7036,10,1:475
4cc0a8ab-5fd1-4a15-ae42-8c4e8a7d7036,9,17:100
4cc8819b-1464-4e57-8705-2099df56899e,9,6:150
4ce1cbf7-6f27-4ef2-b452-4b1bbaecc94f,10,3:99.88 4:180 17:199.99
4ceb97c4-e123-4de9-8aa2-0efbfec0d71f,9,26:18.52
4cebaa3a-26a5-43e6-904c-42d68835d067,10,1:65.89 2:75
4cec7e93-1351-4808-b31a-5d9534343391,9,9:51 9:52.5
4cf9c057-be91-408c-9afa-8b74a925973f,10,29:660
4d023949-b958-4a6e-8759-0439f5b4ea94,10,15:800 31:810
4d023949-b958-4a6e-8759-0439f5b4ea94,9,2:200 2:206 2:249.99 3:158 4:115 10:162 10:168 10:168 10:174 11:405.83 13:185 14:203.5 16:185 19:161.38 19:200 28:217.5 31:150
4d05cd89-fdca-4af3-9b98-8e4c6b854f71,10,3:360.17 3:405 10:630
4d05e581-a8ec-4077-9371-27ceda02335d,10,10:105 16:102.5 23:66 27:99.99
4d05e581-a8ec-4077-9371-27ceda02335d,9,13:44
4d09deb0-abf7-445b-ab77-38109561322e,10,10:980
4d09deb0-abf7-445b-ab77-38109561322e,9,21:495.99
4d2d97d5-d25c-4610-8952-ea0f1ebecab3,10,10:324
4d2efe75-b466-4ad6-9d98-eb71ddccf997,10,25:22
4d36d6ff-109f-4600-8304-92401a4b24fb,10,11:18.5
4d370a0f-6a3b-479f-b04d-acc22da859cf,10,7:13.22 15:17.5 29:22 31:18.5
4d380b8f-f00a-4071-876a-78f4e23c3445,10,3:22.8 17:91.2
4d3b7e17-30d4-4cdb-be3c-b7a3a6b7c7ff,9,10:48
4d3f3123-91ed-41c1-ac33-dbff56723256,9,16:45
4d3f5772-49c0-4e3b-ae49-2735ecc1fd65,10,30:158.2
4d48caa0-ba4d-4de2-a5ad-c752f85b7438,10,3:152.5 6:117.5 6:129.5 11:193.14 17:185 22:145 24:150 27:189.99 31:145
4d4d9658-24c2-4dd3-b2c0-24044ef22f1c,10,17:62.4
4d53f65c-d2c3-428c-8197-23e2a33e892c,10,5:12.5
4d58fafe-5a38-44a8-8bd7-67f160d55121,10,7:10.53
4d635b87-a23a-4abe-848e-007d9c6db304,10,10:129.5
4d72b585-91c0-4476-9fcc-69c5b0d743bd,9,10:23 18:29.99
4d7b1484-7306-4b37-894e-17205d7b7421,10,19:89.99
4d7b1484-7306-4b37-894e-17205d7b7421,9,1:35 23:27.62 28:32.62
4d89e1bc-0f68-47e8-8a14-4f62f4d2c878,10,17:690
4d8ec6a5-382b-4dde-9cb3-31bad719c6d7,10,3:59.95 5:87.24 5:93.29 8:59.95 16:56 18:53 23:51 23:55.58 27:49.99 31:49.2
4d8ec6a5-382b-4dde-9cb3-31bad719c6d7,9,2:24.71 4:15 5:14.5 6:19.5 6:24.98 8:26 11:19.99 12:15.5 12:29.99 14:14 14:24.5 14:26 15:10.49 19:18.5 22:23 22:24.95 26:23.75 30:19.99
4d9042e3-94b6-48ed-92b8-6ec0cf6f4a28,10,23:46
4daea103-ee1a-400c-95bc-b78c8f51fcf4,10,16:270
4db56101-0155-4115-88e5-bdd57b02a04c,10,8:150
4dc61ab2-6f19-4d6d-9ff3-80165881dbd6,10,10:26
4dc6f72b-a4bc-4911-a22d-12f288a92dbe,9,10:20
4dd5e029-27c7-491e-8359-0cd42e1117a5,9,17:12
4de372a3-b31f-4498-9854-91e67b39a8b7,10,2:92.86 11:42 11:45 15:45 18:68 20:63 24:39 24:49.99 31:26 31:52
4de372a3-b31f-4498-9854-91e67b39a8b7,9,16:7.5 26:40 30:11.5 30:13.5
4df749f6-18e0-4e92-8d36-dd42a5526737,10,4:85
4e02665d-b632-4e42-bfbd-93a780723f19,10,13:17.53
4e03723e-14ed-4361-a468-96af5be07354,9,11:15.03
4e0db35c-7fc0-4dde-82ad-33c23b257f51,9,12:26.99 20:34.99 26:23.5 31:26
4e113c30-99b5-427a-b41f-8eb7f25a72dc,9,3:620 10:870 17:720 17:750
4e143cb7-221c-4765-82e4-d2d0c1895283,10,10:162
4e143cb7-221c-4765-82e4-d2d0c1895283,9,26:41
4e1a6ce2-8c95-42ae-aaec-232459dd5e15,10,3:56 3:60 3:69.6 3:70 4:72.98 5:78.47 8:73.19 9:85 16:87 17:72 19:74 24:68.78 27:78 27:85
4e1a6ce2-8c95-42ae-aaec-232459dd5e15,9,1:35 3:21.5 3:22.52 3:30 4:30 8:35 9:24 13:25.99 16:28 16:41.98 17:31 17:31.2 18:23.5 24:23.5 24:25 25:20 28:24.99 30:19.99 30:28
4e1c5cf5-1cf2-4ad0-821a-356b0f354323,10,3:19.21 3:25 5:28 16:12.5
4e1d20ac-06e1-4f42-b9e5-c53cfec3a732,10,9:72.55
4e3d2833-45b3-434e-9f7c-c3322be55164,10,11:29 18:34 19:35 19:38.48 29:26
4e3f84a6-a45b-4f35-b8de-bc5716f56b18,9,3:15.5
4e418b9c-738f-4290-8433-9a325b33f861,10,26:76.77
4e447940-b303-455e-9d77-f2c4e4c919ae,9,10:960
4e49e6ed-9a9f-4601-a8cd-d0c2240eb495,9,29:209.19 30:229.16
4e51d885-ef62-4c84-b8e6-abc0be057397,10,10:192
4e54e516-a928-4caf-a14a-7012f927eeab,10,2:65 2:69.99 2:79 3:60 4:75 5:98.88 6:59 7:48 10:75 11:55 11:56 11:71.99 12:69.99 13:65 15:46 15:63 17:58 17:69 17:71 17:72.5 17:74.99 21:50 22:60 22:70 23:51 23:80 24:61 25:75 26:65 27:69 27:74.99 27:81 28:80 29:66 29:68 29:88
4e54e516-a928-4caf-a14a-7012f927eeab,9,3:31.04 3:33 5:24.5 5:28 5:34 5:35.02 9:29.99 9:33 11:27 13:35.02 15:30 16:27 16:32 16:34 17:56 18:30 18:59.97 19:30 19:40 24:31 25:35.06 26:27 31:36
4e55bd89-c218-4921-9e2e-7f13b1b05e42,10,27:79
4e55bd89-c218-4921-9e2e-7f13b1b05e42,9,23:40
4e5870bc-25b8-4772-b94b-e92fb057e2f9,9,10:18.52
4e5d68e1-d5fb-43f9-af12-419ef94f8495,10,26:51
4e63b243-3c10-48b7-a89c-c4d723631739,10,22:127
4e67ac4d-f430-4024-8e55-643c97078d85,10,2:25 3:27 3:34 5:20.5 6:21.01 6:23.5 9:25 9:34.99 10:24 10:31 11:26 11:26 12:21.5 14:31 16:27 26:41.75
4e6a4c5f-7704-4780-8b69-105051da3b2b,10,3:41 6:71 26:36.25
4e74d9d4-8f34-4e8f-a2cd-89df55f2527b,10,20:74.88
4e74d9d4-8f34-4e8f-a2cd-89df55f2527b,9,16:29.99 23:14.5 31:19.5
4e76ac1e-5541-4a32-8f20-6263b3d7daa0,9,28:120
4e76c07b-329e-455f-a714-7dd50a91f351,10,24:15.5
4e8376f8-7655-48c8-9f38-d1f75f9404cb,9,10:54 29:65.5 31:54 31:119.95
4e86666a-f7ab-401d-9ce0-e2d19b5adb52,10,1:15 2:17.02 4:23.5 4:25 5:25 5:38.77 10:11.51 10:18.52 10:19.2 17:14.4 18:24.99 19:7.52 28:15 28:26.99 31:21.6
4e89a313-9958-484c-b44f-dbe59a24ff75,9,23:49
4e8f123e-ce6f-4b82-88fe-35e0aca3ae13,10,22:38.95
4e8f4bc9-b8b4-4ae3-832b-298a0bf2dbed,10,17:256 18:300 21:449
4e8f4bc9-b8b4-4ae3-832b-298a0bf2dbed,9,1:85.27 3:84 5:124.99 13:77 13:109.99 14:76.02 17:51.5 17:67.2 23:109.99 24:76.8 24:100 25:104.99
4e956035-a00a-4a71-b96e-af7e72e4f543,9,4:75 25:87.5
4e97af59-19a9-41e3-bfff-fba7c95e3f7e,9,24:100
4e998f59-cd5d-4a5c-83f3-e04b83e98ac1,10,14:107.5
4ea5db8d-f6d5-42ec-9797-865a20e31726,10,7:42.99
4ea77ed3-23de-4827-9d23-78da0cee7234,9,14:39.99
4ea891f7-c831-4aee-8a0f-eb28e274dbc7,9,17:11.78
4eb03919-87b0-41d8-ba40-f1daad88eb6f,10,9:44.12 10:52.91 15:75
4ebde3ca-c985-4c7c-bb1c-3633924b03eb,9,30:135.33 31:135.33
4ec79f42-eadf-450b-bc0b-109a26bf7d5a,10,21:25
4ed0a3db-12fe-4374-bfa3-6c4ac0b90ac9,10,3:312 23:445.52 23:569
4ed0a3db-12fe-4374-bfa3-6c4ac0b90ac9,9,2:129 3:74.4 5:237.35 7:127.02 7:149.04 10:99 10:124.5 10:129.5 12:180 15:106.06 18:134.99 21:125.5 22:169.95 24:109.5 26:115 26:134.99 31:139.94 31:152.95
4ed374b2-050b-4475-8090-630d7e3c966e,9,21:251 24:199.99
4ed6c13f-deec-4f34-80a7-f9d248bc2890,10,9:180 17:132.62 18:136.8 24:111.01
4ede3b7c-969f-4376-ba25-faab98699671,10,1:29.99 30:26
4edf8194-418c-4f3a-a5bd-2d2ae4750507,10,14:61
4eed1e1e-aeb6-4223-91d0-5a38fc71820f,10,24:30
4eed1e1e-aeb6-4223-91d0-5a38fc71820f,9,17:13.84
4eed9f33-b246-4dac-8240-a1141cc1c368,10,18:355
4ef5dd51-dde0-46d0-b6b0-1dd3da7cf197,10,3:180.5 7:142.5 8:187.5 14:170 26:142.5 29:170.69 31:140.5
4f071b1e-f824-4902-bdb0-3968c9a7ffe4,10,3:76 3:120.06 11:44 11:89 13:80 16:69.99 26:51 26:110
4f071b1e-f824-4902-bdb0-3968c9a7ffe4,9,21:20.02
4f0b476e-f730-4fed-ab84-a48cdb2efe71,10,22:99.99
4f0b476e-f730-4fed-ab84-a48cdb2efe71,9,8:34.99
4f113a31-bbbf-40cd-897e-7209d5357a47,9,3:170 17:56.67 27:200
4f1299db-da86-40f9-a17e-1276237cb600,10,24:1620
4f1373b6-863f-4842-a068-c582e3de7aeb,10,2:375 3:257.23 12:201.02 17:234
4f169fb4-6c6c-4b72-b3ff-ada0dc0b0b18,10,6:75 10:52.8 22:54.99 25:60 26:55
4f169fb4-6c6c-4b72-b3ff-ada0dc0b0b18,9,3:21.6 6:30 10:14.99 15:41.24 17:15.5 17:15.52 19:24.99 26:14.94 26:15.54 26:15.54 26:18.5
4f244ef2-2247-4eb4-8479-2b9cbb7c4a88,10,20:2499.32
4f244ef2-2247-4eb4-8479-2b9cbb7c4a88,9,16:1519.59
4f2bc10a-d389-4a6f-8dd0-fc7098fa1a2b,9,6:150 10:79 24:90
4f2de814-6588-4b6f-9159-f28258ad2f2f,10,5:110.92 7:109.99 16:90 16:100 16:105 17:69.6 17:100 17:120 17:125 22:150 24:105.03
4f2de814-6588-4b6f-9159-f28258ad2f2f,9,3:18 3:18 3:19.2 5:31 5:31 5:33 5:40 10:30 24:37.2 28:18.99 31:20
4f3b5ba0-9850-4afd-8730-f3ecf1758371,10,2:63
4f3d4fb1-53f5-4f09-bc8f-1acd6944ba0b,10,2:75 3:61 8:47 10:51 10:54.5 10:72 12:59.99 12:75 15:59.99 17:57 20:93.08 22:76 26:53 27:84 31:50.4
4f3d4fb1-53f5-4f09-bc8f-1acd6944ba0b,9,2:20.99 4:19 5:26 8:25 17:14.52 20:21 20:26 21:28 21:29 23:20.5 24:10.49 24:12.5 24:13.52 24:16.02 24:20 25:15.5 27:10 28:22.5 28:31 30:15.5 31:13.52 31:14.52 31:23.5
4f521efb-81e3-420f-a4a8-8c01eb176c61,10,8:175.5 11:180.11 23:187.5 23:199.99 29:110
4f521efb-81e3-420f-a4a8-8c01eb176c61,9,2:45.05 3:34.52 13:57 22:31 22:48 29:64.99 30:41
4f5fa536-e496-4e7d-b391-b7a62e0ecfcb,9,14:40
4f62076c-5844-44a8-b0ee-2e8a7d4d1c22,10,17:150
4f6288e9-0774-447d-83a9-48f11d9a2dd3,10,3:60 13:60
4f6288e9-0774-447d-83a9-48f11d9a2dd3,9,14:15.5
4f637348-a37b-4ab0-bc36-c98a30f1c64a,10,10:204
4f65f1ae-bbc4-4aa9-a03b-d3e3151a1d1c,10,10:178.49 13:185.5 14:150 14:185.69 17:152.5 21:134.5 21:167.5 24:172.5 28:170 28:170
4f68a93f-2f93-437a-82b9-ccce171428f3,10,16:100
4f68a93f-2f93-437a-82b9-ccce171428f3,9,7:17.87 8:24.99 23:19.99 26:14.5
4f6b9f23-d716-4b91-a27e-51b73552a94a,9,17:74.99
4f6d9f01-9e1a-469e-bd96-3f189456840a,10,5:47 6:54.99 9:46 9:59.99 10:40.8 11:38 11:50 12:50 13:51 15:45 17:41.5 17:54.99 17:55 19:54.25 20:61 21:53.77 22:50 22:50 22:52 23:43 23:46 24:72 25:41 26:55 27:50 28:24.81 29:51 29:54.46 30:49.99 30:49.99 30:52 31:41 31:42.92 31:55.99
4f6d9f01-9e1a-469e-bd96-3f189456840a,9,4:20.51 5:20.5 6:24 9:20 10:28 11:15.5 11:20.52 11:29.99 12:23.52 17:20.5 19:25 22:34.99 23:20.5 25:25.51 27:29.95 28:22 30:15
4f6e054d-061e-4f1b-94f0-903013893a65,10,21:355.5
4f6e054d-061e-4f1b-94f0-903013893a65,9,14:222.5
4f6e34d5-befb-4a3f-a1f7-8fa2d489b729,10,3:40 5:31.69 6:35 28:39.22
4f6e34d5-befb-4a3f-a1f7-8fa2d489b729,9,25:18
4f6fe1cc-9f67-4b30-8601-b06217148bc3,9,10:350
4f71ecb0-993c-4e01-8083-dff3572e88f2,10,8:40 10:30.35 11:20.5 17:29 19:28 23:48 31:31 31:43.99
4f781242-6fc4-4055-9444-e929c1f7d914,9,9:53 10:70
4f79bf17-30c6-4788-897f-674747848928,10,18:74.99
4f7a9c93-f3ec-4709-824e-2c3d5469249b,10,10:45.6 17:55 21:55
4f7a9c93-f3ec-4709-824e-2c3d5469249b,9,17:16.8 29:19.99
4f843a20-ae2f-432c-ae87-1e1f914513d2,10,18:195
4f843a20-ae2f-432c-ae87-1e1f914513d2,9,1:46.15 2:34.99 6:59.51 9:46 19:25 20:30 24:35 26:27 28:31 29:32 30:22
4f8c92dc-628b-4288-8c59-8fb94c45193f,10,3:34 13:45 28:71
4f8c92dc-628b-4288-8c59-8fb94c45193f,9,25:27.55
4f987180-bee0-4a7b-adbe-ad07d9334fd9,10,17:100 30:43.81
4f987180-bee0-4a7b-adbe-ad07d9334fd9,9,3:19.2 11:16.27 13:20.5 24:45.76
4fa7066d-7775-4681-916f-b4cf01e1e4fa,9,31:26.4 31:26.4
4fb3dd91-44b6-4433-8a13-f4c8b69b8df3,10,1:500 9:420 10:569.99 10:611.1 11:620 17:395.79
4fbe7bf9-8576-45d7-8154-fb287975ab88,10,25:236.69
4fc0f4d7-3575-44a2-8b46-28ce244641d2,10,4:260.55
4fc1451d-0c45-413e-96a1-028a1ac5f221,10,19:129.99
4fcdb329-64c1-46ba-937e-e9d8c11584a7,10,18:24.99
4fd35ae7-5b80-461a-a4dd-be1728125370,10,17:82
4fd5f17b-ed57-4149-ad66-96544e87743c,10,17:14.4
4fdfc9be-b3a9-43de-b420-fa48496b84ea,10,13:90
4fdfc9be-b3a9-43de-b420-fa48496b84ea,9,24:27.6 25:29
4fe5f517-d468-427d-b3d5-22ba6db022e2,10,3:17.52 20:100 25:24.5
4feb7309-166b-4eef-8813-8caa16053b10,10,17:44
4fee2bd8-926a-4719-bdf8-5eac434395ad,9,3:37.09
4ff23cb0-11e1-4f5e-816c-c29dc5b3a405,9,23:13
4ffabe78-e3c2-45d6-8841-98c66ed79ac7,10,10:51 29:36
4ffe607f-6e5b-4997-8d6e-8314d18833f1,9,6:310 15:400 27:300
50026085-d6e5-4f95-8c0d-b6174413130b,9,5:540.88
500496df-4b52-4ace-90f5-7f50e28fd8c1,10,28:13.5
5006de99-c653-4e00-b71e-5333e6fb4bb2,10,12:27
500bb0aa-fbee-4bc2-9ce2-51b076772fc5,10,20:120
500bb0aa-fbee-4bc2-9ce2-51b076772fc5,9,3:34.8 20:33 25:36
500cdbb4-1c43-4442-a5d7-cf7691126230,10,25:46.73
5025d176-877c-4f06-b9ed-e56ca276fa30,10,2:39.99 2:46 3:39.99 4:39.99 8:39.99 9:39.99 10:39.99 11:22.38 12:39.99 14:39.99 15:39.99 16:29 16:41 16:48.99 17:33 18:20.51 18:34 18:39.99 19:25 20:39.99 21:41 22:37 22:39.99 24:28 24:39.99 25:39.99 26:39.99 28:39.99 28:42 30:28.1 30:39.99 30:42.58 31:42.58
5025d176-877c-4f06-b9ed-e56ca276fa30,9,1:17.99 2:18.02 3:13.5 3:18 4:14.5 7:17.99 13:17.99 14:16.99 14:17.99 15:17.99 18:17.99 21:17.99 21:19.99 23:17.99 23:19 23:19.5 23:24.5 24:17.5 24:17.99 25:17.99 27:17.99 29:17.99 30:17.99 31:15 31:17.99
50478824-c36a-45f9-92a6-ea40c52c8106,9,6:19.03
5055774b-25a9-4cbf-ab21-30889d5221ee,10,5:50 19:15.5 24:29.99 25:34.99
5056b346-28e2-4325-b590-95b98cd63b08,9,12:35
505c2be3-d95d-4a63-a4e2-8a7f5db709b5,10,21:81
505e269c-1c07-4749-bb35-1cba93c16c6f,10,21:260
5067f9b9-26a0-49fd-bdef-65aedafe737d,10,15:18.5 19:20.5 19:49.99
5070c282-c653-4ad6-939c-c8d2722ac5f1,10,10:45.01
507157d4-074a-465d-b81c-03af2ae341ec,10,1:120 1:167.5 17:120 18:141.5 24:122.7
507157d4-074a-465d-b81c-03af2ae341ec,9,12:44 12:48 12:54 22:44.99
507e423e-45dd-490f-9516-640c61ecaf23,10,4:139.99
508df2fc-7f12-45f3-9146-a76845554f25,9,16:340
5094b45a-0a63-4568-a93d-50dc12a9ced2,10,8:53.78 26:70.99
509a013e-4633-4883-97a7-6a2b96c01ff3,10,9:160.27
509a013e-4633-4883-97a7-6a2b96c01ff3,9,26:24.38
509a10eb-bef8-40a5-bf37-691a58063077,10,1:77.52
509a17d5-0ca1-4c54-ab70-c6467de6d1d2,10,1:35 3:27
509d1bfa-c320-450e-aeac-921ad0623c6e,10,25:375
509f2acc-d98c-474d-ab38-37e1163799c4,9,10:27
50a441d7-5ac0-4a4e-a103-9b7ec3c94b11,9,25:29.99
50a4e6be-24c9-401e-ba25-63d82043ff97,10,1:187.5 3:215 6:143.5 10:219.76 14:150 17:133.62 24:210.93
50a4e6be-24c9-401e-ba25-63d82043ff97,9,17:76.8
50af164f-6352-4d8c-a9f3-d07c3fcd3b0c,9,1:37.11
50c32af4-5a6a-4571-a78d-5e4feca60913,9,11:299.99
50c56dec-82ca-4c9a-8384-bc259496f6c1,9,5:242.42
50ca9857-354c-47cc-bba1-d607edfb751b,9,31:19.2
50d2d20a-8dd4-4381-99f9-88cea0a6e77a,9,14:19.5
50dbb8e0-91f5-471d-be52-c2a24e8bb81a,10,18:50
50dbe2e5-688d-4331-acaf-2603e0592966,10,24:160.5
50e47d72-94b6-4048-80dc-6753c6777663,10,18:82 26:89
50e59780-a73c-4483-b14a-c234c008fd55,9,1:42.47
50e8b5c6-dbf1-416f-817c-4323699a6c20,10,18:62.51
50f890de-c69a-48b0-bf7d-83412718b2ef,10,1:24.5 3:29 3:62.34 9:42.09 10:21.6 10:28 10:33.99 15:30.26 15:38 16:31 16:34.2 16:39.99 17:27.6 17:46 20:31.99 21:31.99 22:31.99 22:33 24:22.5 25:20 25:21.5 25:31.99 26:31.99 28:35 31:19.2 31:30
50f890de-c69a-48b0-bf7d-83412718b2ef,9,3:12.5 8:20.16 10:14 10:26 15:15.5 17:27.98 24:5.5 24:10.5 24:25.29 25:15.5 29:19
50fe21f4-afc5-45af-97aa-60b83430b2ae,10,15:41.8 16:17.52
51037c5f-78f5-4aa3-b840-16bbb26b60b3,10,17:29.64
511c154d-4e3f-4b49-8518-f7beb261b4e9,10,2:25.02 3:35 6:37.99 10:23.18 10:31 10:35 11:26 11:27 12:30 13:40 17:25 17:30 17:36 18:33 20:31 22:34.99 23:28.82 25:30 25:37 25:39.99 29:30.58 30:29.99 31:23.5
512c3b39-074f-4734-9504-af8db8e53d67,10,2:235 3:208.5 6:226 8:200 9:203.5 10:205 11:250 16:187.5 17:205 18:203.5 19:201 20:182.5 20:202.5 22:202.5 27:223 28:280 29:225 30:240 30:250 30:250 31:234.95 31:238.03
512c3b39-074f-4734-9504-af8db8e53d67,9,20:119.99
513306e9-e774-42d0-b491-2473a8e053d6,9,31:64
513edc59-593c-41aa-afed-29e74529d5bb,10,8:87.69
513f9e62-ea41-4475-a4b1-5770fdd0d193,10,13:45
513f9e62-ea41-4475-a4b1-5770fdd0d193,9,21:13.5
51409146-28b9-42b6-9a96-a2583f9f3042,10,10:91.2 16:120 17:134.9
51447c9f-1aae-4a4b-97f3-ff4aff1d9f79,10,19:50 31:27.6
514b03be-e926-4825-9cca-13b35a2acf15,10,16:130.27
51555cc5-c8bb-4c31-9b1c-42662e7346b5,10,12:539
5155fdcf-c23f-4a9f-b4db-d1b40b335627,9,1:58 4:49.99 5:64.99 9:58 10:33 10:46 11:41 12:41.02 14:54.99 17:41 23:50 23:60 25:51 28:49.99 28:56.7 29:50 29:55 31:41.02 31:64.99
517cef27-a5bb-4bde-9c11-41a6840b91c8,10,16:760 24:690
517cef27-a5bb-4bde-9c11-41a6840b91c8,9,27:249.99
5183868a-b0d2-4f34-94ff-5e674d1f1722,10,4:129.99
518a3e38-5fcf-4adc-82e9-d1eecdd1840f,9,22:19.99 23:19.99 24:19.99 25:19.99 29:19.95
518ef617-b6b2-4165-a6cc-9ae786b8ef71,10,18:56 26:66 26:66
519be3fb-9b5e-4f20-838a-988c6943b339,10,3:1354.3 17:1140
519be3fb-9b5e-4f20-838a-988c6943b339,9,6:579.99
519e59c1-e745-4b52-a5fe-dc2538fc8961,10,23:15 28:20.51
519e59c1-e745-4b52-a5fe-dc2538fc8961,9,23:13 28:7
51b19a8c-1a67-497e-8777-95f1e198f186,9,9:144.99
51c02df7-2c4c-441b-8740-fbca9ca91014,10,18:399.99 21:350
51c02df7-2c4c-441b-8740-fbca9ca91014,9,6:52 17:67.2 24:74.4 27:74
51d492c3-31cd-4d10-b3e7-28ad9efccae5,10,27:225
51d7a19c-8649-4a64-a22c-f5e2cb461e25,10,10:34.81 16:23.5 24:18.68 25:27
51d83985-f662-40a2-8e1b-46c57a464b8a,10,4:26
51dc19cd-61f4-4360-ab4e-6e603d7ea810,10,17:37 31:51
51ec9fec-c399-43c7-afe8-d22d21776553,10,23:481.6
51f080f8-a3a0-4703-8fbc-2dab5d1c2674,10,24:54
51fd7fc4-cf97-41cc-9ed7-34e7c74a2486,10,7:87 10:95 17:77.9 20:100.84
51ff5348-92a2-45ee-af41-f96a381080ad,10,1:56
520d985a-9fad-48f3-bdd3-56017f63e820,10,18:16.07 26:20
52125b79-efec-4609-b1e2-c641a8507989,10,8:15.6
5218d5c3-3372-4ae1-b0b5-706e48fc76ee,10,6:99.99
521bb81a-8776-445e-ae28-7f6f2b290390,10,12:343
521bb81a-8776-445e-ae28-7f6f2b290390,9,20:90
52231efe-476a-4f93-bd42-80f2f69d1176,9,16:30
5224a449-301c-486c-9d13-4798d3898b38,9,31:162
52279973-cc9b-411b-a80e-598164c146d7,10,28:70
52286345-9db7-4c09-87fc-7d187a29df9c,10,26:66
52286345-9db7-4c09-87fc-7d187a29df9c,9,18:29
52310919-9058-4448-8019-6b4223dab2da,10,2:321 3:301 4:425 18:349.99 21:293 22:265
52310919-9058-4448-8019-6b4223dab2da,9,9:112.27 11:124 14:127.5 14:179.99 14:199.95 15:179.99 15:199.99 26:175.47
52485539-511b-430d-9d6e-3321695ba2e5,10,5:27.87 10:24.5 18:34.9 19:34.9 22:25 31:31
52485539-511b-430d-9d6e-3321695ba2e5,9,9:18.99 14:14.5 17:11.5 17:13 19:17.95 30:30.42
5249952c-cca8-436a-a3e5-e36be6f16401,10,3:1230 13:1250
5249952c-cca8-436a-a3e5-e36be6f16401,9,24:266.5 24:300 31:300
524b6c0b-f1c7-4a9f-9041-0b03353df3c6,10,6:27.4
524dc333-d326-4848-9d5d-37431d262327,10,10:30 12:20.5 24:22.5 25:31
524e264c-98e9-44e3-ba25-3599d4179ccc,9,5:709
525e25d4-a23e-4648-ae38-9066ee573b81,10,24:32.51
525e25d4-a23e-4648-ae38-9066ee573b81,9,29:15
5263e354-53e6-4cfa-bc65-c867183a45f1,10,15:20.5 17:20.83 19:23.94
527d88f7-4e14-4a37-bebc-725a08609f7a,10,28:50
52899248-684a-47fa-9d37-58564c0247f9,9,1:63.15 10:91 11:250
528a5442-06ac-40ea-92bc-23c8cbdbcdae,10,4:20 5:17.52 6:29.95 9:21.5 10:19.98 10:33.87 11:19.51 11:26 12:14.5 12:18 13:33.88 14:30 16:15 16:17.51 16:19.99 23:17.99 23:20.5 24:22.5 28:21.5
528e40f1-7840-4056-88d4-78d14c21e1fe,10,1:16 2:22 3:20 5:18.5 5:18.5 5:20.5 6:29.99 9:20 10:24.99 11:26 11:26.99 12:16.5 15:21.99 16:21.99 17:17.02 17:17.5 17:17.52 20:19.99 21:19.99 21:25 22:15.5 24:16.5 24:20 25:13.49 25:19.99 25:24.99 28:25 31:24.99
529156af-8936-4d3a-90fe-d9146135e2ef,10,17:25.2
529227a5-8ecd-4681-ad06-85bcc7b8500f,9,10:75 17:103.2
5295f01d-60bb-428e-bac4-5567d0dfd6ba,10,20:2650
5295f01d-60bb-428e-bac4-5567d0dfd6ba,9,4:132.5 10:115.5
52980506-eff9-4812-8142-b33a3f504489,9,3:46 11:45
529b62b4-41d8-414f-9e3e-ffeb219a5de3,10,1:46.51 24:33.28 24:41
529b62b4-41d8-414f-9e3e-ffeb219a5de3,9,17:12.5 27:34.33
52b081b7-c48e-4732-9780-59df17c4a408,10,6:96 7:132.5 18:120 26:102.5
52b081b7-c48e-4732-9780-59df17c4a408,9,26:49.99
52b19a5f-bd4e-4338-9c72-266b008794ad,10,11:100 14:100 24:105 30:150
52b49d18-55ab-4cf4-a947-2705059776c9,10,4:89.8
52bc90da-1865-43a4-ab1c-863910548624,10,6:83.4 22:50 25:31
52bc90da-1865-43a4-ab1c-863910548624,9,27:11.5
52d96a2a-60de-4ef0-bec7-daadaa718abc,10,1:399.99
52dfc247-93ad-44c9-a9f4-99e9797ed233,10,1:76 3:90 3:97 5:109.99 5:109.99 6:132.5 8:90 12:127.5 14:71 14:96.78 16:93.87 21:109.99 22:86.03 23:96 24:87.22 27:81 27:90 30:109.99 31:72
52dfc247-93ad-44c9-a9f4-99e9797ed233,9,2:29.54 2:35 3:33.95 4:29.5 4:33.95 5:31 6:25 6:26 8:25.99 9:36 10:22.5 10:25.2 10:25.99 10:29 12:25 12:38 14:33.27 15:25.99 16:34.99 16:36 17:22 17:25.2 18:17.5 18:18.53 19:25.99 19:34.99 21:34.99 23:26.01 23:35 24:18.5 24:25.2 25:21.5 27:25.01
52e308d4-a5e8-499e-9062-afc5e0011217,10,3:500 17:349
52e4cc5a-248a-442a-8775-48e40b0c9ba6,10,8:34.95
52e4cc5a-248a-442a-8775-48e40b0c9ba6,9,21:8 23:13.02
52eefb63-73a4-4b28-a38b-a13fc2923745,10,25:144.5
52f1689f-ae9f-4dd8-894b-2aebd0c3b71a,10,4:480.22
52f46bb8-0d59-43bb-86b6-2fe441ccadde,10,18:800
52f46bb8-0d59-43bb-86b6-2fe441ccadde,9,2:275 13:300 25:344.99
52f80afa-eeaf-4d96-8d55-aa14e835433e,10,21:27
52f80afa-eeaf-4d96-8d55-aa14e835433e,9,10:31
52f83a84-153c-4368-8d98-acd46598e25b,9,12:235.14 13:261.28 15:242.69 20:285 24:161.5
530fec9b-d0b8-493b-8d03-0463195c8edc,10,1:42.99 2:47.5 3:48 3:54 4:39.99 5:65 6:41 7:37 7:49.99 8:49 10:35 10:36 10:43 10:48 11:56 11:65 12:27 12:47 12:50 12:69.69 13:53.79 14:37.99 15:40 15:43.66 15:55 16:46.95 17:37 18:37 18:41 19:62 20:40 20:45 21:50 21:50 22:35 23:52 24:49 25:38.95 25:48 26:35 26:40 26:47 26:52 27:47.99 27:51 28:49.95 29:46 30:45 31:51
530fec9b-d0b8-493b-8d03-0463195c8edc,9,3:29 6:21.52 7:19.99 7:39.99 9:16.2 10:9 10:20.52 13:24.8 14:25 17:20.02 17:31.49 18:20 18:29 19:20 24:16.5 24:20 25:16.02 25:25.49 27:18.5 28:33.98 31:18.5 31:21.5
53155057-b343-48c6-8618-aa87bdffa05c,9,5:41
5315e6f9-4e6f-40d0-b2cc-04c874f74f1b,10,24:74.99
53236089-add9-4527-9347-093fbc0b3381,10,31:76
5338495e-a348-4929-8814-1e22bd25ce25,10,3:20.4 17:26.6 30:48.68
5338f8a4-014f-4d29-acde-8b3ddf47cd64,10,3:15.5 10:21.6 13:23
533c8a69-e097-45df-b142-ea31612dc83b,9,18:35 31:28.8
5342e671-dbec-47eb-8f6b-9753616c836b,10,2:70 16:57 17:42
5343ffd8-609c-44e5-9908-2b547edcec38,9,21:45
5351f86f-cfdd-47f2-9c0d-170de5daa609,10,14:65 15:83.88 17:80 17:86 18:75 22:85 30:56 31:85
5351f86f-cfdd-47f2-9c0d-170de5daa609,9,11:10.5 11:11.16 11:11.5 11:15.52 12:24.62 17:23.56 25:21.5 31:17.5
535a065c-9785-4528-8ed6-b77d9e8ca25b,10,14:86.24 26:60
535f54a8-78df-4fdc-9221-fd777f6baf83,9,3:9.95
536df2fe-9c94-4b2f-81ac-1e8fdff69023,9,7:78 10:100.8 31:63.42
537b9bb6-aec1-42fb-a7d4-16fc8502911f,9,3:70 18:63 26:26 26:38
538415ad-e643-4a13-ada9-4090b75ae4e5,10,4:400 27:125
538415ad-e643-4a13-ada9-4090b75ae4e5,9,5:105 22:80
5384ac25-59e8-4ca5-bfda-4451da548c0b,10,3:630 6:725 6:1255 9:800 10:660 11:850 13:772.79 17:600 17:710 18:670 19:672 23:660 24:680 24:720 24:750 26:700 31:680
5384ac25-59e8-4ca5-bfda-4451da548c0b,9,4:419.98 10:300 12:300 12:330 13:350 14:285 15:340 15:380 16:293 17:252 18:299 18:359 24:320 24:360 27:325
5385cc2c-b52c-403c-9f85-ead4054cf69c,10,26:76
5385cc2c-b52c-403c-9f85-ead4054cf69c,9,3:30 6:36.02 6:49.99 7:35.99 12:30 14:70.96 15:42 17:42 25:44.95 31:71
53905488-2ba7-4227-8814-9e344598c67b,10,1:241.5 2:200 11:250 11:300 17:264
53a13b53-0115-4542-be56-b09ebd4a9ae8,9,3:105
53a404fb-e6aa-4be3-8e12-908abc36bf18,10,17:43.2
53ac6423-7f8b-4608-9ed6-1d1f37c9b08a,10,4:91 10:110.4 17:96 25:90.31 30:100
53adc2f9-3925-4bb5-9efa-d1a6f92060b0,10,2:23.5 4:49.99 12:27 19:27 20:60 25:39.99 31:39.99
53b03b8d-c0d3-4443-9be3-4b0837cda9d8,10,16:416.69
53bb1e44-585e-4224-8560-1bc9b172d924,10,28:9.99
53c8e948-c58d-41fb-be02-123ad8689f5e,10,5:69
53db8af5-bf24-48d1-8dd2-030ab360e850,9,2:350 13:445 16:330 18:315 23:359.99
53fd5969-ac5a-4626-963f-3f81d48e1268,10,3:21 3:29.99 10:17.5 14:16 15:21.5 15:26.95 19:26.95 20:29.99 21:26.95 21:49 22:29.99 23:27 23:29.99 27:26.95 28:21 28:24.99 29:29.99
53fd5969-ac5a-4626-963f-3f81d48e1268,9,15:11.5
5400edb6-29b9-4039-b5ab-64bf3131a8ed,9,2:24 4:19.99 6:22 6:23.5 10:18.5 10:20 14:20 14:20 14:20 18:21.5 20:19.63 25:15.5 30:16.49 30:19.63
5405084c-713a-45d7-b7c9-4fda992e9bc9,10,16:326.51
5405084c-713a-45d7-b7c9-4fda992e9bc9,9,31:82.59
540dbe86-82e9-4536-a62e-d1ee8b75c5f0,9,16:147.46
5416bd5a-5a36-4cda-ab65-fe0ce4a16503,10,16:67.66
541b87b5-3275-48c1-81f0-2112fdb03484,9,10:7.99 13:6.5
5422b329-3e89-4f68-b1ef-4e14585bb061,9,7:127.5
54264ada-ed79-4cc3-8769-f923d83ab776,10,17:32
542a4c2a-c193-422d-8cbc-fa5d4f94e345,10,1:22.5 1:22.5 1:36 1:37 1:42 2:35.02 3:38 3:39.99 3:43.2 3:54.02 5:33 6:30 6:38.99 7:36 7:38.99 7:74.99 8:38.99 8:39.99 9:34.49 9:39.99 9:49.99 9:54.99 10:27 10:28 10:31 11:30 11:35 11:42.01 11:69.99 12:32.11 12:33.99 12:38.99 12:41 13:30 13:42 14:33 14:34 14:37.95 15:30 15:31 15:35.44 15:40.49 16:38 16:38.99 16:41 17:32 17:32 17:33.6 17:33.6 17:36 17:45 18:25 18:38.53 18:39.99 19:38.99 19:40 19:41 19:41 20:38.99 20:41 21:30 21:41 22:30 22:37 22:39.95 22:40 23:41 23:47 23:50 24:25 24:35 24:36 24:37.5 24:40 24:40 24:42 24:45 24:46 24:49.94 25:27.5 25:40 26:44.99 26:51 27:40 27:42.99 27:44.99 28:40 28:45.95 28:57.74 29:40 29:40 29:40 29:44 29:45 29:49 29:58.99 30:45 30:125 31:32 31:43
542a4c2a-c193-422d-8cbc-fa5d4f94e345,9,1:12.5 1:19.49 1:25 2:15.5 3:10.5 3:13.5 3:20.51 6:15 6:19.9 6:22.63 7:10.5 7:11.53 7:15 7:20.5 8:10.5 8:14.99 8:19.9 9:15 9:17.99 10:7.5 10:20.5 11:13.5 11:15.5 11:15.5 11:15.5 12:17.99 12:20 12:22.99 13:17.5 13:20.03 13:22.5 14:12.5 16:15.02 16:19 17:16 17:18 17:21 17:31 18:14.5 19:18 20:15 20:17.99 20:19.5 21:14.48 21:20 22:15 22:26 23:15.5 23:16 23:20.02 23:20.5 23:20.52 24:10.5 24:14.99 24:21.5 25:8.5 25:20 27:20.5 29:15.02 29:18.99 30:19 30:19.99 30:20.52 31:15 31:15.99 31:15.99 31:18.52 31:20
542f45bd-bc1d-4db1-9f8e-067ff833bdc6,9,31:162
5438237f-8d87-4242-80ac-4841dd5e42ab,10,1:29.9 1:29.9 5:15.5 8:39.99 10:9.5 14:12.5 14:15.5 17:19.2 17:21.5 21:6.51
543bb266-1e6c-48ee-ab21-e65b20510903,10,10:24
543fe2f9-a21b-4a77-bc70-73e30925b9d6,10,26:150
543fe2f9-a21b-4a77-bc70-73e30925b9d6,9,9:46
5448f300-6560-45ee-a8b8-9253f89768d2,10,5:76 17:492
5448f300-6560-45ee-a8b8-9253f89768d2,9,5:16.5
5452e76e-aa11-439a-ab7e-cd75c4705514,9,10:115 15:98 17:81 17:112.8 18:85 24:60 24:93.6 24:93.6 26:164.99 30:128 31:112.8
5469d12e-61c9-43f1-be5e-49ed2571386c,10,1:56 10:50.4 17:52 22:51.04
5469d12e-61c9-43f1-be5e-49ed2571386c,9,3:26.4 12:26.99 14:26.99 15:20.5 20:26.99 21:26.99 23:26
54748aa9-2557-49c6-a7b8-16d9e8f16d64,10,10:492
54748aa9-2557-49c6-a7b8-16d9e8f16d64,9,20:193.31
5490dbe1-aee0-49c6-aa94-38288b766afe,9,24:51
54a32fcc-2ba7-4e72-b9e6-0e25b9771fd3,10,1:20 10:26.4 14:23.5 15:24.99 18:22.01 18:29.99 27:30 31:28.1
54aa2ef1-a644-420d-b68f-256d6c1c9ea1,10,31:51.6
54addc8f-ce39-4c97-8147-1e0c468d7972,9,10:102.5
54aef70b-276e-40ca-96db-31333ae0eb0b,9,13:23
54b1a2a4-16e2-4aa8-89ef-b6ce6a94247d,10,28:34.95
54bb718e-acb6-439b-9a80-7f78b50656c5,10,24:180.5
54ca8399-8f34-404d-acbc-42c3185ffb9f,10,1:600
54da5d40-64b7-41a9-94c2-26a1c0df1600,10,4:50.01
54dce789-1ecd-4a5b-af87-4175d9079660,10,30:249.99
54de7e50-6920-400e-9cdc-be2c70b5cae8,10,4:10.53
54decb69-a898-4549-ba68-dceabe7dcfae,10,2:103.5 3:69.6 3:103.5 3:108.5 8:100 9:76.97 10:72 16:114.69 16:129.99 17:69.6 17:117.84 22:114 24:96.33 25:114.69 30:114.69
54decb69-a898-4549-ba68-dceabe7dcfae,9,16:39.99 17:40.02 26:40.02 27:49.49
54e026b0-4671-4dfe-b29d-c43361a0587d,10,1:10 1:11.61 1:13.52 1:15.5 1:15.5 1:17.52 1:18.5 1:23.5 2:15.5 2:15.5 2:18.5 2:18.5 2:18.5 2:24.5 3:19.2 3:20 3:26 4:16.5 4:16.5 4:26 4:32.41 5:31.5 5:32 6:20.52 6:21.5 6:22.5 6:24.5 6:25.99 7:29 7:45 8:15.5 8:27 11:25 13:25 15:27 17:16.5 17:21.62 17:22.99 17:24.99 19:22.99 20:17.02 20:17.52 20:18.5 21:20 21:20.5 21:22.99 22:16.5 22:17.52 24:10.5 24:12.5 24:15.5 24:17 24:18.49 24:19 24:19.5 24:21.62 24:23.39 24:29 24:30.99 24:34.28 25:17.52 26:18.49 26:28 27:22.5 27:30 28:30 31:25.99
54e026b0-4671-4dfe-b29d-c43361a0587d,9,1:5.55 1:6.45 1:6.5 1:7.5 1:7.52 1:8.02 1:9.52 1:9.52 1:10.5 1:14.5 2:8 2:8.02 2:8.5 2:8.5 2:8.52 2:9.5 2:10.5 3:7 3:8.51 3:14.99 4:12 6:8.59 6:10.5 6:13.23 6:14.99 7:11.5 7:12.5 7:13.5 8:6.5 8:7.5 8:9.52 8:12 11:8 14:11.96 14:12.5 14:12.5 14:12.99 17:7.5 17:14.99 18:12 18:14.99 18:20.03 19:4.25 19:4.94 19:5.5 19:6.5 19:7.5 19:7.51 19:12 19:12.5 19:14.5 20:9 20:11.5 21:7.5 21:9 23:10.5 24:7.5 24:9.52 24:9.99 24:10.5 25:5.52 25:5.54 25:7.58 25:8.58 26:7.5 26:8.27 26:12 27:9.02 27:12.5 28:15 28:23.46 29:20.5 30:11.71 30:11.71
54e0e343-fc74-41ae-bbe4-78ff36e589c3,10,2:131.55 4:120.26 6:135 7:121 10:127.5 10:152.5 11:122.67 11:132.5 13:130 14:129 14:130 14:145 15:132 18:114 18:150 19:112.53 19:119.99 21:120 23:135 24:124.99 26:102.3 28:129.99 29:115
54e0e343-fc74-41ae-bbe4-78ff36e589c3,9,2:59 3:59 5:50 5:57 8:57 11:56 12:75 16:58 18:65 21:59.99 23:51 24:55 25:65 26:54 30:60 30:65 31:55 31:59.99 31:68
54e9742f-aebb-45c6-82c7-14a6136cf2b9,10,16:129.99 26:64.22
54e9742f-aebb-45c6-82c7-14a6136cf2b9,9,18:36
54ef21ec-f450-4afe-a1c9-39b7339a3e25,10,14:129.99 31:143.5
54f4be53-e05e-4121-af63-2902bf5f0183,9,2:41.99 4:32 11:35.71 22:13.5
54f8d8fc-0627-440e-8245-e631c93b2a66,10,30:60
550ce657-ac55-412c-a8f8-7ff44246d6f3,9,14:74.99
550ea7eb-df7b-45e3-b84c-0bf0f857ab32,10,24:192 24:198
550ea7eb-df7b-45e3-b84c-0bf0f857ab32,9,24:72
55181aa1-dcc5-409d-bd0d-d9c67a8c887b,10,19:275 29:280
55181aa1-dcc5-409d-bd0d-d9c67a8c887b,9,2:181.5 17:185
5524168c-cd83-457c-b595-bc9f4a315f4b,9,18:152.5
5538ee4d-4a49-4363-8bcf-0688cdb0626d,10,11:54.12 12:35.4 16:32 24:22.5 25:31 31:33
5538ee4d-4a49-4363-8bcf-0688cdb0626d,9,10:25 21:24.95 31:37.72
553cfa14-5d59-4cac-b919-3f69dd6b446d,10,2:260 2:290 3:225.09 3:255 3:300 4:325 5:219.09 5:236.5 6:222.5 6:235.5 6:305 7:252 8:255.99 8:329.99 9:260 9:265 9:300 10:260 10:286 10:300 11:300 15:276.13 17:309 19:277 20:314 20:320 21:271 22:295 23:283 24:300 27:258 27:290 27:350 28:374.99 31:270 31:296
553cfa14-5d59-4cac-b919-3f69dd6b446d,9,3:127.5 4:136.49 17:102.5 20:185 23:153.89 27:120.5 31:175
554a57d8-24b4-427a-9141-e2ce8002def1,10,15:248.5
554a57d8-24b4-427a-9141-e2ce8002def1,9,7:80 30:41.5
554a6c0d-a929-4e8e-94fe-8161ea7b06f0,10,6:122.5 10:232.12 24:212.33
554b86d7-3b15-44ec-849d-4d3fe931462e,10,11:200 19:144.3
5553721e-f486-4211-9202-4a5f9372e014,10,14:107.5 25:250
5556735c-85b8-4403-9c5e-9db22f6963a2,9,17:105.9
555d6ff8-1eca-4e8f-ba07-25c824ed072f,10,9:149.95 23:130.5 23:135
555d6ff8-1eca-4e8f-ba07-25c824ed072f,9,5:41 5:74 17:37.2 24:39.6
5566ba38-4d5b-4fe8-bfea-195e144b7296,9,8:42
556aadfa-89cd-4a36-8599-39ac2f712eea,10,30:50
557450a6-d6e2-4d59-9071-664cc2f7f07e,9,20:184.44 30:120
557604a2-834d-4250-8e54-def81fe82beb,9,10:38.4
557af04d-ad65-4afd-9fea-31b037b7bdaa,10,7:307.1
55877a4b-2c24-4957-aafc-3bcff070b261,10,11:24.5
5589f029-0f27-402d-9c32-e5e8bf349728,10,9:202.5
5589f029-0f27-402d-9c32-e5e8bf349728,9,1:75 3:58 14:38 18:32.5
559efe9c-3d9e-48f9-be6f-0990170652bc,10,9:48.39 16:51 19:49.99 31:50.4
559efe9c-3d9e-48f9-be6f-0990170652bc,9,18:20 23:20.5
55a5acf4-daf6-44cc-8ad7-521f0f2966ce,10,15:393.8
55a5c4bd-179d-474b-8f97-c6d8031b5074,10,18:44 26:88
55a8e5a3-7d4b-457d-8512-a21319fae4f1,10,24:120
55a8e5a3-7d4b-457d-8512-a21319fae4f1,9,10:51
55ab161d-01f5-4d7c-91ce-bf65b7faf6ed,10,24:272
55ab1fe0-7752-4218-bbb0-6cfbb03ef067,9,7:254.04 9:147.5 14:185.55 16:150 16:199 18:157.5 22:152.5 24:194.5 28:163.5 29:185
55ac9161-678b-484d-ab42-013241f18363,10,2:100 8:85 10:68.55 11:100 17:54 22:63 26:60 26:63 31:70
55ac9161-678b-484d-ab42-013241f18363,9,5:39.99 6:35 10:34.88
55bb6d91-88e9-4d92-b1a8-d024a25ffd41,10,2:124.99
55c9f3e8-5fd2-4834-a48c-74381d7637e5,10,21:142.5
55d5d364-9348-4442-adae-150d63f35229,10,26:111
55d5d364-9348-4442-adae-150d63f35229,9,12:64
55d84efb-8757-4abc-84f4-0092ee0fc1c3,10,4:150
55d84efb-8757-4abc-84f4-0092ee0fc1c3,9,4:42 14:55 17:49.99 20:45
55dff4f8-0c74-4a03-a5f0-791022212010,10,19:150 19:217.5 23:250 24:195.5
55dff4f8-0c74-4a03-a5f0-791022212010,9,3:43 3:45.6 3:51 10:74.99 20:42.99 27:32 27:39.88 30:50
55e42cb3-598e-49d6-80a9-90f12170b6dc,10,1:20 2:21 6:16.38 18:23.57 22:20 30:25
55e42cb3-598e-49d6-80a9-90f12170b6dc,9,6:9.5 17:11.02 18:10 19:10 23:10 26:11.5
55e9c03f-53f7-4668-8c1b-567dd767e7e5,10,12:190
55ec7c1f-8d70-479f-bf8b-e411d8a6138d,10,25:31.16 31:28
55f5267f-0e9f-459f-a6d0-4fc9eaedb719,10,19:134.68
55f5267f-0e9f-459f-a6d0-4fc9eaedb719,9,25:81
55f64ea0-4d99-48cf-9a90-ccd63c564532,10,24:119.5 31:117.06
55f6dd6d-9ef8-4658-b1a8-7baa07ee8ba3,10,1:25 3:26 5:33.99 6:26.99 6:33.99 7:32 7:32 7:33.99 8:26 8:29.99 11:30 11:33.99 11:37 12:24 13:24.99 13:31 16:24.99 16:25 17:24.5 17:26 17:26.1 19:18.99 19:22.95 19:23.99 19:24.99 20:23.5 20:23.5 20:24.99 20:25 20:51 21:15 21:18.51 21:18.99 22:23.99 23:20 23:21 24:23 24:24.9 25:24.9 25:25 28:20.03 28:20.06 28:20.5 28:21 28:21 28:21.5 28:21.5 28:22.5 28:22.5 28:22.5 28:28.45 28:33.24 29:20 29:20.5 29:25 29:28.49 30:22.97 30:30 31:17.52 31:20.5 31:24 31:24
55f6dd6d-9ef8-4658-b1a8-7baa07ee8ba3,9,3:18 17:14.44 17:15.5 19:13.5 24:7.5 25:12 25:17.99 26:13.5 26:15.03 26:16.5 28:12.5 28:15.52 28:20.07 31:6.5 31:9.5
55f8b0f1-6de1-403d-9570-e72e07e57723,10,5:202.5 9:211 10:219.76 24:210.93 27:185 30:147.5
55f8b0f1-6de1-403d-9570-e72e07e57723,9,6:60 9:71
56093a94-bd93-42df-801b-eda7ede24333,9,3:42.02
560b94a2-dcec-446a-ac23-407361f48b26,10,31:24
560b94a2-dcec-446a-ac23-407361f48b26,9,13:10.5
5610743d-b42a-4e8b-8df9-7c87455eaed6,9,2:24.99
5611b53d-f305-4459-92fc-75bb598115e9,10,31:360
5611b53d-f305-4459-92fc-75bb598115e9,9,17:108
5613e673-ee6f-44e7-8ab1-f041e7348c9e,10,16:75 20:100
5613e673-ee6f-44e7-8ab1-f041e7348c9e,9,9:32 12:25 17:26.02 31:17 31:32
5617fa20-1a71-43b6-8c4d-bf631ec25069,10,1:105
56181267-6875-4957-b772-634c98ee2dfb,10,9:62 18:74 23:61
56181267-6875-4957-b772-634c98ee2dfb,9,4:27.61 15:15.5
564dbe54-85a3-4342-80cb-2c78dad9cb40,10,2:21.5 2:36 3:26.02 3:49 4:36 5:35 6:26.1 7:27 7:34.99 9:32 9:47.99 10:31 11:33 14:21.5 14:27 15:17.52 15:27 15:100.15 17:32 17:36 18:33.51 18:34 18:38 21:22.5 21:24.5 21:24.5 21:30 22:20 22:25 24:28.8 24:34 24:35 24:39 24:41 26:16.5 26:19 26:26.01 27:35 28:26 31:25.49 31:42.92
56506137-63a2-4590-b2c1-671245313d89,10,28:13.5
565124f0-3323-43d4-a168-1a2f97a72bc6,10,31:102.5 31:153.5
56666dc6-d60d-4d33-bafc-d39d915e7e96,10,3:111.08 5:120 10:98.4 23:89.88 24:78.77
56666dc6-d60d-4d33-bafc-d39d915e7e96,9,4:23.22 4:23.22 10:24.5 10:25.2 26:28 31:34.68 31:35.02
566a73f0-7870-4b4b-ab0a-8c36b526086c,10,31:500
566b9158-0de3-45c6-bcb7-92043bd2b033,10,23:15.38
566bae45-2a78-421c-b957-ad0d5304734a,10,12:114.99
566bae45-2a78-421c-b957-ad0d5304734a,9,24:30
56896379-4091-446f-8ed4-287b49cde7ff,10,3:37.2
568c265b-804f-4014-a485-eee6bb49f78e,9,10:25
569b8a50-7925-4103-b798-8bc226cf838f,9,4:80
56aea09a-4977-416f-9d26-7012ef4a39ed,10,4:120 9:120 10:133.49 17:114.38 17:152
56aea09a-4977-416f-9d26-7012ef4a39ed,9,31:39.02
56b37475-d0af-48f0-b5b5-271d0da13eac,10,24:430
56b3972b-e565-4beb-9528-e1c6d2926254,10,12:153.5 16:250 27:221.37 31:305
56b3972b-e565-4beb-9528-e1c6d2926254,9,1:48.99 7:49.99 10:29.99 10:42 11:45.99 12:20.5 12:35 15:29.99 16:44.99 19:49.99 24:49.98
56b471f1-72d5-4d95-84c9-a4c027c10d28,10,1:220 9:182.5 11:199.99 15:137.5 15:157.49 15:227.5 24:171.5 30:172.5 31:125
56b65abd-0163-4104-9dec-2f3c9fde0877,10,11:17.5 18:12.53 25:20.51
56b76e63-c396-44f5-92c6-fbe69cbce692,9,8:10.5
56b9f979-9be5-43b0-8461-46516ec9532e,9,25:36.02 30:39
56bc3211-bae4-405b-81ce-aca4230a903d,9,7:22.5
56bd6681-df24-4ba2-895e-4df0fb761303,10,3:252
56c4e54d-311b-4ca1-ba48-6385542bb2ff,10,24:83
56c4e54d-311b-4ca1-ba48-6385542bb2ff,9,31:25.2
56c82d7c-f6d2-4e0c-b125-bb4005d374b6,10,18:60 24:18.5
56d45e00-550c-45b4-bef4-34ffb2e0f7f3,10,26:79.99
56eb2f86-6b61-497c-907b-c9b7d329144a,9,10:134.19
56f4006f-3deb-4ca9-8f46-98c09d00be36,10,12:49.99 22:49 25:41 29:99.99
56f4ac6e-883b-40a9-b906-384b80c94cc6,10,19:31
5706ee5a-1fb1-467e-9b09-b4957e5387c4,10,20:108.88
5706ee5a-1fb1-467e-9b09-b4957e5387c4,9,1:17.5
571839ff-d467-4f2a-95a0-d25b8d04d546,10,12:40 22:79.99 22:99.99
57248725-649f-40da-9add-8467457df4f1,9,2:55 10:52 10:61 17:60 24:49.2 24:72
572631d2-b8b8-4397-b95a-4961f585fe2a,10,11:154.52 11:178.56
5729ec1c-7e18-4694-99bf-2f7f0af8d9db,9,25:68.88
572b37e5-5439-4e28-8c11-6d39325bfa9f,10,24:66 30:51
572b37e5-5439-4e28-8c11-6d39325bfa9f,9,7:17.5
574b63bf-7d42-461a-85af-cf730f01a350,10,1:64 9:81 10:90
574b63bf-7d42-461a-85af-cf730f01a350,9,5:37 16:57.74 24:29.15
574dee28-23a4-479d-af07-074907c1823c,10,17:1440
574dee28-23a4-479d-af07-074907c1823c,9,26:341
575385ba-c5c7-464c-b849-330a5e7f85c7,10,4:75
5755dd54-1703-4e4d-91c9-216aee4be10e,10,8:150 19:264.55
5755dd54-1703-4e4d-91c9-216aee4be10e,9,13:99.99 20:30 23:44.99 24:27
5762e82b-c71b-4d17-9471-8154e581e598,10,8:60 13:75
57656305-a7d1-4043-a8c2-73fb4bcb9dc8,10,17:27.6
5769b044-4cab-4fa4-a43f-0f1be8bc1e7d,10,12:84.21 17:48 17:62.4 19:56.58 24:36 24:37.2 30:83.73
5769b044-4cab-4fa4-a43f-0f1be8bc1e7d,9,3:18 4:19.99 11:26.99 13:17.99 14:19.99 17:18 19:19.99 24:12 24:12 24:12 24:12 24:12 24:12 24:12 24:12 24:12 24:12 24:12 24:12 24:12 24:18.99 29:18.99 31:14.4 31:15.6
576ac60d-2187-4cd9-a727-855eef9ba758,9,18:200
5778f7bd-bc90-4a45-b04d-8d09a6bdd527,10,3:15.5 3:19.32 8:21 10:17.99 15:15 15:15 15:15.5 15:15.5 15:20 19:18.5 21:20.52 21:21.97 30:36.51
577dd9e7-42e0-4e03-b4a4-75253ab5c54e,10,3:107.5 4:107.5 12:51 20:102.5 23:69.88 24:130 25:129.99
577dd9e7-42e0-4e03-b4a4-75253ab5c54e,9,8:39.99 9:16.5 9:21.5 24:36 28:39.95 28:40 30:40 31:88.88
577ebeb8-4164-4045-8f08-6f6499253c1f,10,27:219.99
577ebeb8-4164-4045-8f08-6f6499253c1f,9,14:26.1
578ab373-42c7-4f04-a953-e07b0bd9a376,10,10:186 20:215
578ab373-42c7-4f04-a953-e07b0bd9a376,9,10:71.02
578bb530-b6a8-45f1-bffe-a91c75b53c0f,9,1:350.7 4:400 18:400 20:500 31:420
578f4b6f-83b5-447a-9c67-e57f4909f6ad,10,14:17.52 15:18.5 17:20 17:20.5
579561ce-753a-4d3a-bcb2-0b10edafe0bb,10,3:81.6 3:104.49 16:86 17:71.02 17:81 18:87.19 21:95 23:60 24:113.19 25:94.69 28:87 28:110 29:79.99 30:94.99 30:95 31:89
579561ce-753a-4d3a-bcb2-0b10edafe0bb,9,3:31.2 3:36.2 5:77.66 12:51.43 17:35.99 17:36 18:39 22:60 22:87 23:40.02 24:28.8 25:41.02 25:59.17 26:38 31:39 31:45.8
57983d93-aed0-462a-8df6-820ffaba444e,10,2:15.5 3:12.5 28:30.02
5799c175-0ca8-48a4-a9ae-27b19b8e57da,10,4:1225
5799c175-0ca8-48a4-a9ae-27b19b8e57da,9,8:209.5 9:220 12:215 17:239.5 28:187.5
579e3326-3931-422c-9356-577f8a4e056e,10,2:400 24:246.5
579e3326-3931-422c-9356-577f8a4e056e,9,26:90 31:76.8
57ae30ff-0ea5-4d65-902a-1329cc9f3d68,10,16:34
57b81b71-72e3-4fec-8d82-ab82b7c531a0,10,5:41 8:34.99 14:26 17:26 23:25 23:26 23:35 25:18.5 25:39.99 26:20 26:26.5 28:51
57b81b71-72e3-4fec-8d82-ab82b7c531a0,9,1:12.5 1:23.51 3:11.5 3:11.5 6:10.49 10:11.5 14:12.5 14:13.5 16:13 17:13.52 17:16.34 20:9.52 21:10.61 21:18.5 24:8.5 25:8.5 28:12.5 28:12.5 28:12.5 30:9.5 30:12.5
57be9054-6cee-407e-b3e8-ebae69d90171,10,2:850 3:730 5:610 6:572.62 6:810 7:636.69 8:561 9:620 9:775 10:660 10:692 10:735 10:849.99 10:849.99 11:695 12:720 12:760 13:610 13:750 13:760.9 13:889.88 14:590.15 14:850 14:899.95 15:598 15:711 16:629 16:810 17:653 17:730 17:797 17:810 18:629 19:600.01 20:635 20:780 21:645 22:630 22:761 23:599 23:900 24:598 24:726.3 24:798 24:850 25:600.15 27:735 27:735 27:859.99 28:740 28:926.39
57be9054-6cee-407e-b3e8-ebae69d90171,9,2:375 3:370 3:392 7:350 7:390 8:350 13:350 13:350 13:360 14:399.99 15:338 17:296.41 18:375 20:345 22:315 22:320 24:320 24:355 26:450 28:360 29:348.99 29:355
57bf0621-f919-4282-9c40-d901f043c7f4,10,24:89.95 26:89.95
57bf0621-f919-4282-9c40-d901f043c7f4,9,17:26.4
57c2108d-c8c0-4864-b6cd-04a0529a2a50,9,3:7.5 5:19 12:21.01 15:24.99
57c2a898-d977-49f0-b8de-f1064d30ca63,9,16:28
57c9e8e5-41b2-48e2-a32c-d99d14ca7530,10,17:79.99 31:42
57d44a82-519a-49c1-8a80-e76374d1ed1e,10,10:15.63 15:18.5
57da291d-0374-4345-8b9e-b8ebc1bee0ca,10,1:279.95 3:267 3:289 5:188.58 5:203.5 5:230 5:254.44 8:202.5 9:270 10:218.5 12:247.5 14:249.99 15:235.5 15:236.5 15:245 16:353.51 17:237.5 17:244.5 22:221.11 25:245 26:240 27:275 27:350 29:280 30:255 31:227.5 31:260
57da291d-0374-4345-8b9e-b8ebc1bee0ca,9,4:93 9:69.53 13:89 16:90 16:135 23:110 28:139
57de381d-5c30-441d-aa55-edc9187faa07,10,1:22.52 1:28.75 10:18.5 13:29.99 25:26 26:34.99 27:38.99 29:29.92 29:33.99
57e56965-3129-4434-a6c6-967b270a97c9,10,29:77
57e56965-3129-4434-a6c6-967b270a97c9,9,10:22.85
57e6fe87-fdb5-46ea-9e53-c701ab2968ed,10,1:102.5 7:110
57e6fe87-fdb5-46ea-9e53-c701ab2968ed,9,2:32 17:31.92 20:42 24:31.2 24:48.17 31:33.6 31:39
57e7f3e1-bf15-4be9-941b-36d656c6722a,10,2:18.5 2:20 3:15.5 3:15.5 7:16.5 10:12.5 10:20 11:25 14:26 17:22.5 19:16 20:11.51 20:20 20:20.5 20:22.5 21:14.99 21:21.5 23:21.99 24:16 24:17.5 29:11.5 31:48
57e7f3e1-bf15-4be9-941b-36d656c6722a,9,15:10 15:11.5 17:8.5 18:4.99 19:12.5 20:7.5 20:7.5 20:8.5 21:4.99
57edb700-4e46-4ffc-8fb9-15ed6149dbef,10,3:367
57f3bdfd-0a4f-455c-8b26-30ca6d0cc1ee,9,3:48
58112e1b-5d99-4194-8f54-135f42260628,10,8:53
58266f24-655a-4340-a595-428152ab028e,10,7:54.95
58298c76-c82b-4d37-b4d4-79996ac5213f,10,3:180 21:162.5 29:132.5 30:157.5
58298c76-c82b-4d37-b4d4-79996ac5213f,9,7:46.02
582b0d4e-9c7b-461d-893a-45770219ab74,9,11:18.5
582b9f51-826d-47a5-9a31-b725e0dccca9,10,7:270 25:270
582bce69-3c56-4c91-9c38-c11aa3e1f554,10,17:46 26:45 30:43 30:46 30:46
582efb4a-add0-4d8f-be58-571d0dd9b922,9,11:26.01
582f089c-79e3-47aa-86d5-cd3db962a531,10,4:989 18:700
582f089c-79e3-47aa-86d5-cd3db962a531,9,5:350 24:345
5834a4e7-d936-491f-9ae6-0f84c09edb9c,9,17:28.49
58489725-f0b8-4d3f-a662-50252963ac66,9,3:32
58556b37-4d65-4018-81a9-fbd33f1e9ba1,10,3:50 17:31 17:36.55 25:38.5
585de2d7-e071-49b2-8897-1d0fe4c7263e,10,4:75 7:83.37 25:74.99 26:72.89
58650807-8cab-488d-a0b9-ad10a9550ede,10,6:20.59 16:35 22:60
586a1c4e-c6ad-4705-a493-72bb200931db,9,23:50
586f838f-da52-4320-88ef-0af24343d01b,10,4:135.35
587ab76a-9690-48a7-a038-1a47e4fd86f8,9,24:19.19
587c2e75-1779-4878-8ef8-64085db8888c,9,10:76
5883013f-4eda-4c19-95d3-c2b6fc3276c3,10,1:42.64 24:18.52 27:41
58991a49-9d8a-489e-91e2-dd9588517b58,10,24:153.5
58a49412-0aea-4eb8-8e79-2a91d6ab6a9d,9,14:65 16:41
58ad8862-cfd2-4fbc-a756-4c90c34725d9,9,31:209.34
58b0c800-2732-4d4b-87c9-176b4707c73d,10,10:127.48
58b40764-a9f4-4d47-ac6b-6db2e0f1ee83,9,9:30
58baec01-edae-49e0-ade4-895a44033fa8,10,13:26.1
58c63577-b8cd-48f4-a61c-809902da95a9,10,1:100 9:97 19:100
58c76bcb-aeba-4bc2-9c00-dc0a82d9aeff,10,16:37
58c76bcb-aeba-4bc2-9c00-dc0a82d9aeff,9,10:15.6
58c83140-5411-4677-8032-142bd3af566d,10,24:485
58c9133c-7196-4021-bf28-6cf985581f91,10,8:12.5
58cd89f5-8254-431e-8dc7-3555ff8eadf9,10,19:69.99
58cd89f5-8254-431e-8dc7-3555ff8eadf9,9,4:9.85 17:11.5
58d2f9ea-8b50-4e50-b5bf-b5639923955a,10,14:1350
58d2f9ea-8b50-4e50-b5bf-b5639923955a,9,25:124.64
58d45a1d-99f1-49ec-9b8c-4dec49ee1421,10,25:222.5
58d629de-ca66-48c2-b584-9856eafebf1a,9,9:350 13:432.99 29:231.38
58d86232-3daa-4fbe-9063-ebcca05cf407,10,1:22.52 1:26 5:22.52 6:22.01 6:22.22 9:25.5 9:39.99 10:39.99 11:26.01 14:24.99 17:24 26:31 28:18.27 28:30 31:20
58d90be3-a76a-4363-a703-f3545f986e2a,9,12:235.81
58e6d469-8a44-4866-ba7f-882c9c5764f1,10,14:117.5 24:155 24:176
58eb2e3a-2d09-4541-942b-c20ac6755753,10,3:51 14:37
58eb5684-ea03-44de-b8c9-7e328dd91135,9,7:20.5
58f57d45-172a-4951-a845-df1b01a8f6cb,10,31:399.99
58f8076b-91f8-4722-83a3-61b516425f7a,9,21:12.5
58f829ba-d51c-4247-974e-2c17f07bb197,10,18:35 18:45 19:49.99 21:45 28:49 31:40
58fdd98f-27c6-4fc1-9ddc-c848d3527b45,10,16:20.5
58fdd98f-27c6-4fc1-9ddc-c848d3527b45,9,18:14 23:12.5
59016d79-4246-41a6-9d95-25db67ff1bee,10,29:100
590afa3b-238d-4978-9bb6-3ff62334a602,10,23:48.99
590f9961-f0ca-4a7a-8eb9-b2d5674ad06b,9,26:15.55 28:14
591a2fd1-b012-44c2-a4b4-a110cb92aebf,10,6:850 21:944 28:880 31:690
591d1a95-972b-4a3b-bb61-a507742948f8,9,30:27.88
59292c24-ef7e-447a-83d8-33a7aa38462d,10,17:76.3
59293f11-b072-4dac-b872-5e0e8385a2ec,10,9:829.14
59293f11-b072-4dac-b872-5e0e8385a2ec,9,18:300 23:340
59390417-57d9-4ca2-8968-30e8a3d1e446,9,31:108
593c8435-1960-48e8-8208-ca7f36c23bdb,10,31:400
59449597-cc91-4896-9abe-0bf7064add95,10,13:44.99 19:17.52 21:15.5 23:20.6 25:17.53
59451f4f-1c69-48ad-8263-a3ec4ca4050d,10,24:50
594f5d35-5445-489b-91e6-c754d3df02a8,10,24:54.99
59567fc0-f7d7-439a-8e16-d0df3d20f195,10,1:27.13 5:27.16 11:27.04 11:31 13:26.9 17:30.4
595d1a64-3aa5-4e78-b87a-772b6e06096b,10,10:44.4 11:41.04 11:45 14:51 17:71.95 18:38 19:46 22:46 31:49.99
595d1a64-3aa5-4e78-b87a-772b6e06096b,9,6:9.59 6:18.5 8:15.52 10:12 11:15.5 11:15.5 11:15.5 11:15.5 11:15.5 11:15.5 11:15.5 11:18.5 11:18.5 11:18.5 12:12.52 12:17.99 18:25 21:21.5 21:21.99 26:13.55 26:13.55 26:15.5 26:17.5 26:17.5 30:7.5 30:17.99 30:20 31:13.5 31:17.99
5966e5ba-3ea2-4e40-8d2d-46f9b657721e,10,3:120.5 10:126 24:84.83
5966e5ba-3ea2-4e40-8d2d-46f9b657721e,9,4:23.22 4:23.22 10:24.5 21:32 24:30 24:32 25:34 29:40 31:31.2
59674cf9-7a80-485b-b2b3-99271c92959a,10,1:81.99 8:55
59674cf9-7a80-485b-b2b3-99271c92959a,9,3:42.77
5973455f-e399-4242-8ede-4b36eb388c97,10,15:200
5973455f-e399-4242-8ede-4b36eb388c97,9,9:76.5 17:88.38 23:75 25:36.02
59777c8f-d5cf-42ac-9f3c-84f8796fcbeb,9,19:19.5
597bebd4-9164-4c5d-bc6e-260580db36be,9,26:36
59815d5a-290a-4228-9155-37beccc6b120,9,7:50
5981e0d8-6969-4f6a-8000-58072d1a0603,9,24:31.2
59837e29-15e0-4018-8d64-3d3802247099,10,22:262.88 30:355.5
5994a76e-41c7-4914-b491-748b86272fa5,10,10:100 14:100 15:34
5994e05d-ad0b-424f-b01f-53675b4a5c0e,9,8:99.99
59974e92-47c1-4380-b7f6-149d2ca6ada1,9,5:94.99
59ae6cfd-e9a2-48fa-8a19-69ef2214f07f,10,21:60
59b14ec2-40d3-4a10-a765-91518f46b53d,10,3:40 10:51 15:45.51 17:41 19:40 23:40 29:36 31:32
59b7c6e7-edd5-4c53-b4a5-588b2d5d49c9,10,24:204
59bfbf55-943c-4c93-bf77-888f4a0042fd,10,1:90 17:82
59bfbf55-943c-4c93-bf77-888f4a0042fd,9,1:16.5 28:79.99
59cf1196-3900-4f4d-a2bc-6ab72cc0cd62,10,8:2450
59d0b45c-98e6-4830-aeb8-9f64df5a0ed5,9,16:25
59e08a06-2bc4-4676-a208-e533d0dd8ff5,10,7:55 31:89.99
59e7f0c7-f663-429c-86a0-d087d366fbb0,10,25:430
59e7f0c7-f663-429c-86a0-d087d366fbb0,9,10:165.5 13:299 25:139.51 28:185 29:167.5 31:199.99
59ec0a19-f61c-4571-8446-2659e92bfeb6,9,24:13.53
59f0617e-6b3c-4ea1-a260-772edfee08f1,9,21:119.99
59f0627a-c7cc-4890-9e0a-6a5c8bc18763,10,16:450
59f0627a-c7cc-4890-9e0a-6a5c8bc18763,9,18:107.5 24:110.5
59f45657-5c7a-40f7-925b-52faff432bff,10,29:15.19
5a1949fb-6e76-414a-b9e0-7faec35e9648,10,10:19.5
5a1949fb-6e76-414a-b9e0-7faec35e9648,9,13:15.99
5a1d5ad4-dd5e-4f26-9e90-5215fe1ea9ce,10,18:75 21:89.72
5a1d5ad4-dd5e-4f26-9e90-5215fe1ea9ce,9,5:10.5 11:18 11:34.99 12:34.79 13:17 14:15 14:21 17:16.5 24:15.5 24:108.36 26:14.99
5a25c6ae-5273-4472-a3b0-77302e398eee,10,8:45
5a2c5f63-385f-45ce-9996-2fd9db713a4a,9,10:85 10:86.59
5a2fdc5f-0008-455d-93e0-e44660f0dc15,10,29:23.5
5a3e51d3-27df-4f90-bcd1-fc9cfd998bce,10,10:900
5a3e51d3-27df-4f90-bcd1-fc9cfd998bce,9,1:165.99 5:112.5 10:174 12:147.5 19:139.5 23:115.16 30:143.7 31:138
5a3f4b10-eabe-42d0-ae19-781af5531ce7,9,20:59.99
5a4c96a6-8ef9-470b-ae42-6c8a254b61b2,10,19:99.99
5a4ee834-be12-44b5-81dc-c01098b0bd2f,9,13:13.5
5a50c41c-3ef4-4511-bb58-4d31e83328c7,10,6:49.99 6:79
5a50c41c-3ef4-4511-bb58-4d31e83328c7,9,11:25
5a56b78a-ab9a-4268-94a4-f88e88b09db6,9,17:60
5a62332c-8a2d-4afb-bcdc-7acb7ad42bf2,10,4:80
5a692974-cc9e-48aa-8c2c-55950e10a509,10,3:68.99 26:74.95
5a6b1146-e59d-42c1-adc4-87354c521bcf,10,3:455 10:420 12:499 28:500
5a6b1146-e59d-42c1-adc4-87354c521bcf,9,1:76 2:80 2:109.95 3:72 3:79 3:83 5:58 6:149 10:73 10:74 10:91.69 11:85.95 13:76 13:80 14:49 15:85 15:124.99 19:110 22:90 23:99 24:71 24:72 24:74.4 24:74.4 27:71 27:79.99 28:75.69 29:75 30:89.95 30:125 31:69.6 31:72 31:74.4 31:125
5a82225c-1c01-499c-909e-b02f9995f624,10,12:208.28 24:231 25:214.5
5a82225c-1c01-499c-909e-b02f9995f624,9,20:193.31
5a8595d9-5030-4c6a-8e47-c1db50f81364,9,26:232.5
5a870370-f87f-419d-84c4-d2fcdc0540aa,10,31:52.8
5a870370-f87f-419d-84c4-d2fcdc0540aa,9,1:41 31:25.2
5ab3220d-9022-42c8-b630-e50f07e274b6,10,1:127.5 1:171 1:175 3:120 3:124.03 3:140 3:150.97 3:167.5 4:169.99 4:200 5:172.5 5:207.5 6:155 6:250 9:134.99 10:145 10:154.52 10:157.14 10:174.99 11:192.42 12:137.5 13:151.96 15:121.53 15:125 15:185 16:167.5 17:125 17:200 20:165 21:156 22:147.4 24:126 24:126 24:145 25:129.99 25:168.99 26:190 27:169.99 28:122.91 28:150 28:165 29:133.5 31:114.99 31:125.5 31:140 31:147.5
5ab3220d-9022-42c8-b630-e50f07e274b6,9,2:50.3 2:69.98 3:64.99 4:41 5:74.99 6:49.99 6:57.48 7:45 7:70 8:50 9:79.99 9:180 11:43 12:61 23:61 23:69.99 24:51.42 24:69.98 25:40 27:60 27:69.99 31:54
5ab362cb-2016-4f2f-a49a-d8ffe4f61a8f,10,9:249
5ac05081-6137-4e8c-9eed-0605dffc917c,9,7:62.99
5ac17332-ced4-410b-bbb0-095aad9024de,10,10:38.4 21:40 23:39.95 24:39 31:125
5ac99e76-aa38-4141-9baa-05b6239243d9,10,3:230 12:220 16:199.15 17:192 18:203.69 21:220 23:232.5 24:191.5 24:248.69 25:220 26:199.95 29:240.5 30:207.5
5ac99e76-aa38-4141-9baa-05b6239243d9,9,3:152.5 20:140.5 23:125
5ad96771-97ce-41cf-a106-d38ad8a32ca1,10,9:34.99 16:28
5adc3cab-4ecc-453e-a1ef-07c713e42d15,9,25:35
5adc7a8c-8b8e-49c0-aad6-2c34a7cb6ab9,10,20:33
5ae1f828-e768-46c6-ab9c-df4dc2079801,10,10:40 11:40 17:25 23:35
5ae1f828-e768-46c6-ab9c-df4dc2079801,9,6:18 11:24.99 18:12.27 31:16.52
5ae4a486-4198-444c-9690-faa64f9f6546,9,26:150
5af99e22-49a0-4f37-a6e8-5f24a0895b35,10,16:224.1
5af99e22-49a0-4f37-a6e8-5f24a0895b35,9,13:65.32
5af9d337-fe71-47ce-a2e4-2f19a5ae18ac,10,3:102.5
5b11c8a8-497f-4239-8691-8a652461a8bf,9,26:27
5b20dca8-a599-406b-88b1-08634923fa44,9,10:1000 12:645.37 16:500 24:895
5b25aacd-c67e-4fc1-b05c-670d3641e712,10,17:346
5b2c4579-7149-471a-8599-8690b47834e8,10,3:204
5b317502-71d4-4f0b-ac62-541f037fec0f,10,17:42
5b337158-83f5-45a6-aa25-9c11b49e069b,9,1:78 11:32 14:45
5b3ef296-d345-4e00-8440-45d85134a5da,10,2:23.5 3:20.5 10:51.65 13:19.99 17:16.99 23:26.9 25:22.5 31:19.99
5b40c18b-fb97-49bd-a7a5-337335345db7,9,1:27.93 5:18.17 19:10.5
5b43f58b-6e8c-41ee-a37a-6d9a849c6aa0,10,1:21.59 15:15 15:15.5 15:15.5 21:20 26:23.99 27:15.53 30:15.61 31:15.61
5b449903-44c1-4bd8-b19a-aadffe58158b,10,3:830 8:480 24:720 31:630
5b449903-44c1-4bd8-b19a-aadffe58158b,9,2:149.95 3:92 3:123.5 5:93 5:99.95 5:112.5 6:97 6:150 8:90 8:90 10:100 10:102 11:110 13:82.01 14:130 20:99.95 20:125 22:109 23:99 24:130 25:129.99 25:144.5 26:364.69 27:120 27:150
5b48cb6d-f125-4fab-8343-d1a778418569,10,16:186.5
5b5940ca-7af2-459f-ad3d-9d6ac9a3399c,10,1:159.28
5b64e774-e182-416e-a40d-db7088799281,9,9:698
5b6e48f2-4279-48bf-9ddb-a7fd8b1998ff,10,3:27.6 23:26 26:32 28:27 30:35
5b713315-7c78-4556-a1ef-e99cf6d08746,9,13:70
5b7838a6-711b-4117-a085-6b30aae5b115,10,17:80.77
5b7e38c2-737c-473d-bee8-ffff050fca61,10,28:197.5
5b7e38c2-737c-473d-bee8-ffff050fca61,9,17:15.52 22:39.99 23:18 24:33 24:54
5b844080-d8c7-462c-848e-9efba5d01a84,10,17:15.5
5b88de7c-8e37-49b4-9ed0-5576f9e20c62,10,17:21.5
5b8a797d-51dd-4488-8399-623ba1f9df2b,9,20:560
5b9c1d13-bbc3-43d7-a5c9-589cae64c6f2,10,11:149.99
5b9c1d13-bbc3-43d7-a5c9-589cae64c6f2,9,7:32.88 12:31
5b9c370e-9e39-4df5-9f9b-c080288f403b,10,17:22 23:15.38 30:30
5b9c6708-781e-485b-ac17-466717a4ec3f,10,6:220 9:134.99 18:190 25:140
5b9c6708-781e-485b-ac17-466717a4ec3f,9,5:54.99 16:29.92 22:30.24
5bac4847-6bcd-4757-981e-96c85b48e2ec,10,2:21.5
5bb09f69-3d9a-4111-b26b-29390b2bdc5f,10,1:45
5bc08a68-2e3c-471f-abc4-b6591eb927de,10,17:107.5 22:225
5bc08a68-2e3c-471f-abc4-b6591eb927de,9,21:26.01 31:24
5bc6357c-cb38-4f83-b6f4-91746b7c5325,10,8:500
5bcf5bca-fb50-4f3c-8134-fc789a0efa05,10,10:150 22:155.17 30:135 31:95 31:110
5bd0349f-9a45-4835-82c0-7d0b44a3be42,10,12:779
5bd0349f-9a45-4835-82c0-7d0b44a3be42,9,10:113.5
5be0cc82-6f11-4795-8fdc-a8b603f17fff,10,6:12 7:29.99 11:26 11:26 12:40 16:19 17:23.5 17:26.22 17:29.99 18:25 22:23 24:22.52 24:23.5 25:23 25:24.99 26:34.99 26:38.54 28:23.5 30:21.5 31:16 31:20 31:26 31:27
5be1e159-6671-4cfa-b18f-4852c3970e35,9,6:280 17:240 17:399.95 24:290
5c0321fd-172a-4cea-b030-b5f554360025,10,18:98
5c0321fd-172a-4cea-b030-b5f554360025,9,24:22.8
5c05e303-b905-430b-bd36-467ae96a5119,9,4:74 6:150 6:153.3 7:108.73 11:130 14:73
5c126ac4-1667-441c-844c-5f47b16ade4d,9,27:121.5
5c14e338-ad20-4acc-a9f3-8588db67b05d,10,3:98.88 3:110.5 8:85 17:89.99 20:66.03 31:72 31:79.99
5c14e338-ad20-4acc-a9f3-8588db67b05d,9,3:20.5 4:25 14:18.5 25:20 31:15.52
5c170b6a-0e66-4010-8947-90952bcb5d50,10,15:39.99
5c17fce2-d515-4fbb-b0b8-1d3027a182df,9,3:63.63
5c1ad72c-c369-409e-913a-c28ba6483ed7,10,3:41.12 3:42.51 5:36 10:46 11:37 16:36 16:59.99 26:36 26:44 28:70 30:59.99
5c1ad72c-c369-409e-913a-c28ba6483ed7,9,3:12.5 10:21.5 21:13.16 23:15.52
5c30cb26-407a-465a-95f1-55201a1bb5fb,10,1:411 10:350 10:381.53 10:599.99 17:401.5 18:648.88
5c30cb26-407a-465a-95f1-55201a1bb5fb,9,20:262.35 24:204
5c371aa8-7ec8-45b8-8a28-6d58f80b92a8,10,26:69
5c3c134d-b1e8-4f24-945a-99ec38f07d09,10,15:49.75 21:39
5c3c134d-b1e8-4f24-945a-99ec38f07d09,9,12:19.99 20:17.5 23:20.5 25:15 25:15 31:8.5
5c3e6ddb-d90d-42cb-b8ea-4d9b915c3ead,9,10:23.52
5c47bb5e-567b-424a-b0c3-106686f10831,10,31:504
5c4b2078-de62-47c5-8754-2b6689740d36,9,3:131.5
5c4bdbdd-bc8d-482f-b81f-a03768f48605,10,28:50
5c4f57ca-98b7-4200-bf2a-56ddb2851bda,10,15:35 15:37 31:31
5c6c6035-ac07-42cf-a407-dfb46ddb6d45,10,4:79.99 16:51
5c6c6035-ac07-42cf-a407-dfb46ddb6d45,9,2:22.5 3:17.02 4:27.08 15:17 17:40 31:16.5
5c6ec679-4ab8-45bd-939f-596241db1f48,10,1:238.04 10:450 30:227.5
5c791284-f70b-4c05-bd89-df9b04cbb562,9,1:69 4:58 4:100 12:72 18:28 24:67.2 28:69.99 30:65
5c811f75-e639-4026-998c-b0301aa8223d,10,7:81 17:150 26:86
5c811f75-e639-4026-998c-b0301aa8223d,9,5:50
5c836e52-90c5-4892-829f-f86535b483b3,10,15:549.99
5c85d4bb-e76c-41ac-b8d2-986626a0a329,10,17:42 30:89.95
5c88aa66-be49-4dd7-9464-c4e8e2946ee9,10,3:534.95 13:449.95 14:596.23 15:449.95 23:424.99 26:400 29:585
5c88aa66-be49-4dd7-9464-c4e8e2946ee9,9,3:144 8:112.5 11:127.5 11:152.5 23:123.5 28:183.5
5c8afc92-926a-4553-8e56-48a5cca09ea3,10,8:95
5c8b09fd-0bdb-461e-adfc-4c8440a2640c,10,20:28.55
5c8d6189-14c9-4cb2-b6ce-74e2cbeb43fe,9,15:88.88 29:100
5cb5e89a-c79f-499c-a906-dfe59a1ae606,10,23:55
5cc058cd-52af-4d0a-833e-7f661ff5b300,9,31:19.2
5cc9ce6f-539c-4d07-8306-7d5fb67aaa7a,9,8:7
5cce8952-8816-4e7b-8ecd-30f2e4a990c5,10,10:15 10:15.6 11:22.52 24:15.5 30:27.99
5cd678f7-e456-4ebb-87d6-01ba98dfb667,9,10:250.5 11:243 20:300
5cf54267-7073-4afa-a2c9-4d06e2110bef,10,19:204.5
5cf54267-7073-4afa-a2c9-4d06e2110bef,9,3:87.81
5cf737a5-5429-45f4-8701-c93a02d2f2b4,10,24:720
5cf737a5-5429-45f4-8701-c93a02d2f2b4,9,30:335
5cffc77c-7ba6-4415-b136-feee30227f92,10,17:2280.07 20:1300
5d004144-5bf4-4a79-a4c4-e193c696b6d7,10,11:300 14:320 22:310
5d004144-5bf4-4a79-a4c4-e193c696b6d7,9,13:94.39 17:94 20:99.99
5d1a260a-0804-48b3-9497-cc73eb54d696,10,6:300 17:399.95 24:315
5d1a260a-0804-48b3-9497-cc73eb54d696,9,3:95 14:100 30:125.5
5d209200-b8ed-4e04-b03f-3862e42bbcfa,9,3:21.5 24:16.8 26:20.5
5d2e6efc-98ec-42b2-bfd2-edb11206e0c3,10,1:113.5 1:122.5 1:123.5 2:120.5 2:123.5 3:84.04 3:105 3:120 3:129 3:145 4:102.05 4:115.5 4:139.29 5:100 5:120 5:125 5:135.82 5:159.93 5:179.32 6:112 7:102.5 7:115.5 8:111.71 8:125 8:147.5 9:66.44 9:110 9:114.25 9:119.75 9:149.99 10:90 10:99.8 10:99.82 10:102.5 10:125 10:125 10:128.99 10:130 10:150 11:149.99 11:164.82 11:170 12:125.99 13:111.11 13:115.5 14:111 14:119.56 15:119.56 16:97.66 16:113 16:115 16:122.5 16:130 17:89.44 17:105.5 17:108.51 17:118 17:120.49 17:135.46 17:140 17:178.63 18:108.01 18:110 18:117.5 18:117.84 18:122.5 19:140 19:210 21:117.5 21:119 21:125 21:125 21:137.99 22:95 22:110 22:114 22:128.79 23:95.43 23:115 23:117.5 23:127.5 23:140 24:105 24:110.5 24:115 24:120 24:130 24:152.5 25:137.5 26:96.36 26:100 26:100 26:110 27:85 27:119 27:134.95 27:185 28:107 28:118.99 28:120 28:122.5 29:104.5 29:119 30:100.04 30:105.5 30:120 31:107.5 31:115 31:120 31:124.99 31:127 31:128.3 31:130.82
5d2e6efc-98ec-42b2-bfd2-edb11206e0c3,9,2:53 3:60.01 3:82 6:60 7:50 8:60 9:49.31 10:51 10:70.39 11:59 13:65 14:50 14:50 16:57 17:51 17:59.99 17:60 20:65 23:47 23:58.43 23:70.11 24:51 25:60 25:66 26:54 26:78.29 28:46 29:50 30:42 31:47
5d36fa5f-e269-473a-b754-a1755ec515e4,9,16:140
5d3a57e8-49d8-4e65-ad24-fee9d0c89a9c,10,3:25 3:26 3:34 4:16.5 7:29.99 11:26 11:26.68 12:22.52 14:27.99 17:24.32 24:25 25:25 26:48.18 27:34.99 30:24.99 31:20 31:59.99
5d4e3dbf-dc8f-49db-bd70-1a16a3f44876,10,12:39.99 16:76.6 20:40
5d4e3dbf-dc8f-49db-bd70-1a16a3f44876,9,16:34.99
5d594a09-2b35-4ba3-bcdd-41f088da5f5c,9,17:32.04
5d6a0656-3635-4baa-a518-ac36df0343e2,10,5:29.88
5d6fbac0-cd66-4a23-95e8-f007455bd0a4,10,3:22.8
5d720dc9-dd46-414d-9822-a58c14a0cd0d,10,4:18
5d720dc9-dd46-414d-9822-a58c14a0cd0d,9,8:19.99
5d7cfe9e-6845-46c6-915b-ed3a6bbe6189,10,2:120.5 4:84.3 4:100 4:106.85 5:100 5:135.5 9:91.4 9:99 10:94.64 11:88.03 11:100 11:119.95 11:129.99 12:102.5 12:105 13:101.43 13:114.99 14:120 14:130 16:105 17:95 20:100 22:90 23:109.99 23:119.99 24:88.03 24:89 26:86 26:109 29:81.68 29:125 30:165.5 31:89.77 31:99
5d7cfe9e-6845-46c6-915b-ed3a6bbe6189,9,3:41.69 4:43.11 5:48 5:60.57 6:33 7:43 10:64 15:55.99 18:50 21:54.99 22:54.99 26:50 29:50 30:52
5d7eb7ee-4c87-48b6-b600-ad968b607714,10,8:53 10:60 10:86 21:82.99 31:46.69
5d7eb7ee-4c87-48b6-b600-ad968b607714,9,5:15.52 6:31 20:10.49 29:20.5
5d812999-1db9-42fb-9be8-63779f8cbf57,10,5:190
5d83c62a-4727-4260-a75c-3c8c400c629a,10,22:295
5d8849ff-2afc-4aa9-938d-d0eadba12ac5,10,17:20.5 28:60.09
5d89c887-f745-495d-9127-fa291aa17324,9,1:177.5 10:150 18:127.5
5d925c14-5ea0-4a70-ba59-0b2566843168,10,24:300
5d990aa3-ffd8-49c2-8878-e8bcf45a8783,10,26:26
5da4b6da-8600-41d3-857d-79d3b7de2721,9,10:53
5dabeee5-2f14-4e7b-a256-be340fafbeba,10,17:23.12
5daf3d32-e808-4da1-968d-344351fd5126,10,4:37
5dbd5654-8146-4be9-af07-abf7df3dbf49,10,20:67 29:51
5dbd5654-8146-4be9-af07-abf7df3dbf49,9,4:15 13:18 22:39 26:15.55 26:18.5 31:15.5 31:18.5
5dc30a9f-1a94-460a-9362-22805b858d8c,10,31:25
5dc605c7-f545-4cca-9542-246f1f2fcc45,10,10:70 31:36
5dcf8a2f-d401-4b67-bcd5-6b9714ffae59,10,17:76
5dd3d18b-8c89-4e05-8896-f0ad7887065f,10,25:153.5 31:110.4
5dd3d18b-8c89-4e05-8896-f0ad7887065f,9,22:54.31
5dd4042a-f128-4c9e-a642-eb9b09419af6,10,24:156
5dd9d8dc-e91f-400a-a5d5-feddf4b879b2,10,3:15.6 6:17.52 17:11.51
5dda23ac-0f86-43d4-bf3a-0ca098595b53,10,5:23.28
5de3f830-17ec-4599-9fc1-787ab370c020,10,3:300 26:300
5de579e2-4482-4083-a8ee-2759b163b6df,9,30:399.99
5de89f04-2ee4-4a8e-91c1-5730ddfebd34,9,17:19.38
5deaaaa3-a24e-4b30-b247-75168f82c6f6,10,6:49.75
5deaaaa3-a24e-4b30-b247-75168f82c6f6,9,23:30
5dedd84a-13af-4cae-aa5a-b1cc83409b13,10,3:950 15:1200 16:1100 24:1200 25:1076 29:1049.99
5dedd84a-13af-4cae-aa5a-b1cc83409b13,9,1:238 3:367 11:385 17:412 18:425 31:384
5dee3079-67f5-4aa7-93c4-c6cfbce8d7b8,9,5:28
5df42c52-0d44-4e15-b3f3-9dc0184b5144,10,21:35
5dfa5838-1dfe-48e2-b224-7bcd80d793c0,10,24:153.5
5e1d4433-d000-4f72-849f-73ad5f067794,10,4:29.99
5e2264f3-9920-4829-b5d4-54afb187c917,10,3:46.8 14:28.55 18:69.99 21:45 23:51 24:33 24:40
5e24d5c8-b82d-484c-b63e-07bd9fdfee52,10,13:385 18:399.99 29:358.99
5e351576-45b7-4971-a73b-b927094b38b1,10,3:18 24:18.5
5e474085-83f9-430b-ab3f-82fe383feec5,9,7:50 31:45.5
5e62e40f-57d5-416d-b1e4-9f9f4aab50f8,9,12:29 29:27
5e662e2a-49b8-491c-b166-23b697fb60b4,10,3:860
5e78456d-9263-40ca-8dbf-4c6675f89d7d,10,22:65
5e81b74e-a37b-4a53-89af-473d0eb67139,10,17:41 20:56.61
5e8ffbf8-4f84-4a05-a416-70c1ae428152,9,15:42.5
5e9061c7-ac6b-4494-9a63-6d80417c0bb1,10,9:60 24:74.4 26:90
5e94a2f2-3b46-493e-8533-4f183448f77b,10,4:30 11:17.52 18:15.5 18:16.5 21:19.52 23:15.38 27:19 28:24.95 29:15
5e9feb9b-35c5-4d2f-99a5-044c562635c9,10,1:138.99 3:134.5 6:87.62
5e9feb9b-35c5-4d2f-99a5-044c562635c9,9,1:30.02 2:32.7 9:38 9:49.95 10:34 10:36 11:39 13:41.99 18:45.97 20:36 24:44.4 31:36
5eaa9366-9b27-4e89-b8c6-92d621740117,10,3:51 20:51 24:69.99 25:275
5eaa9366-9b27-4e89-b8c6-92d621740117,9,17:24.5 27:16
5eabaf20-418d-4fc7-9d3b-6a3bf10437a9,10,3:75 26:199.99 27:150
5eabaf20-418d-4fc7-9d3b-6a3bf10437a9,9,10:65 20:59.99 20:62.99 24:27.6 24:45 31:54.94
5ebe8863-27cd-4039-9bda-7f19323975bd,10,27:135
5ebe8863-27cd-4039-9bda-7f19323975bd,9,13:271.62
5ec1ecfd-7ff5-4da2-af29-2037a3eee9f0,10,9:435
5ec1ecfd-7ff5-4da2-af29-2037a3eee9f0,9,8:155.99 16:349
5ecbdab0-26b4-47e9-be23-40098bb2868f,9,14:61 14:66
5ed0622d-5eb2-464b-bc64-feb8be89b359,10,10:49.45
5ed2fb0b-c5a8-4010-8682-5924074b4890,9,2:25 11:21.99
5ee2a224-00a3-41a4-a128-93f97072287b,10,3:252 11:380
5ef2b68e-fb1f-4962-bc45-9a208cabb076,10,7:339.99
5ef488e5-300c-4263-9b86-0e05eca141f0,10,5:128.19 10:152.5 11:150 17:115.9
5ef488e5-300c-4263-9b86-0e05eca141f0,9,5:15.04 8:44 17:24 18:17 24:16.8
5efeb39f-8830-48c2-93b5-f0352671aed2,9,4:75 10:79
5f036f32-5d25-4452-adf8-103c56a7c42a,10,18:39 18:41
5f036f32-5d25-4452-adf8-103c56a7c42a,9,14:11 17:18.5
5f106e80-acc0-4369-b7b7-9bfd2e1a2ea9,10,1:7.5 1:12.5 1:12.5 8:16.5 21:9.5 21:10.5 21:12.5
5f1453a9-14f7-4402-90ca-9f1d9180f593,10,3:20.5 9:19.99 15:20.5 17:21.99 18:18.5 21:25 31:12
5f2ce32e-e011-4810-8e96-e599d1a597d6,9,6:15
5f2fd01c-f5a5-423e-b213-d890decb919d,10,19:44.99
5f2fd01c-f5a5-423e-b213-d890decb919d,9,31:10.5
5f3099e5-fc16-4f34-8374-709da31b4380,9,4:16.59 11:16 17:15.52 27:16.5 28:25.99
5f313620-e50a-49b4-acd8-8fc080632117,10,3:49 14:20.5
5f3692c2-da97-40ae-847a-427bdfa9c39c,10,3:1110 11:1450 11:1599.69 24:1350
5f449ebd-b3b4-405d-8299-1539874246de,9,5:65 6:65 13:58.4 16:51.58 20:120.33 29:59.99
5f471c18-459c-4aec-8b34-9d9148b0bb0a,9,17:119
5f84e306-65bd-4660-9571-450e7d6e6b5a,10,3:112.8
5f86420d-2f99-457d-a296-f47f2df9eb6f,10,3:13.52 10:17.5 11:18.5 11:18.51 13:19.99 16:17.02 17:12.5 19:20 19:28.54
5f87174b-93d0-4640-97fe-2cb7f7701426,10,17:60 18:55 24:20.5
5f8ae0e3-8a60-4a57-bea2-f2cf4b69a3eb,9,10:56
5f8e0860-e294-44af-91ac-a59c6d66076c,9,9:395
5f960847-ff9e-48f5-a3f2-787e27a2364a,10,12:600
5fafbcf3-58cf-471a-b184-513d64c6b672,10,9:143.5 17:160 28:135
5fb307d5-0d91-4f4e-b659-429270107934,9,29:459.99
5fb61eb2-749a-4961-b9ab-fc03ca9a2ea9,9,19:45
5fb6e072-b299-46e4-a6a2-b5b5171e0822,10,6:1500
5fb6e072-b299-46e4-a6a2-b5b5171e0822,9,5:405 10:324 19:400
5fba3b89-ea6f-4962-b3b7-eebefbe23215,9,3:98.4 17:146.25 30:160
5fc0013d-8597-480c-8f36-612725b3ab21,10,30:40
5fc577cf-42bc-4e9f-934d-19c180192f35,10,10:76 11:120 17:100
5fc969b3-a580-4fa9-beb2-34c658da94e8,10,13:56 14:250
5fc969b3-a580-4fa9-beb2-34c658da94e8,9,13:34
5fca87c1-f1ec-4d38-8159-d9ec5f134ad0,10,15:15.5
5fcd3264-256e-4c69-97a5-4b79a4dd6b6a,10,15:16.19
5fcdbd79-44d5-43f8-817b-dc7623f98fa7,10,7:10.5
5fe4c7fd-a853-48bf-a400-c775937c6b74,9,30:456
5fe82413-7546-42dd-9170-98296d76c23e,10,24:28.8
5fe82413-7546-42dd-9170-98296d76c23e,9,7:20.5 10:10.5 21:15.02
5ff2d204-4674-4ee4-bd1c-c616ad519b00,10,29:32
5ff2d204-4674-4ee4-bd1c-c616ad519b00,9,29:15
5ff53f06-3975-4e05-a27e-5214ab573d6d,9,10:45 10:56.55
5ff9b6a0-6242-4628-97c9-73fd6d3c6437,9,3:127.5 4:92 6:225 9:206.03
5ffe5722-1552-4a60-a70b-e25eeac781cf,10,18:130
60001e1b-2933-41e0-abf6-d555b6a405bb,10,5:31.5 10:68 26:39
60035c0a-5aeb-4e21-a480-007db7d64d18,10,12:39.95 31:37.73
6017a1b3-cbc0-4667-9c9c-3c6c94292e30,10,1:610.45 3:550 7:749.69 10:556.2 16:685 24:547.89 24:580 31:603
6017a1b3-cbc0-4667-9c9c-3c6c94292e30,9,9:315
6029d0a9-9e81-4518-a143-ee27c20bcb4d,10,28:77.99
602f150a-c278-480e-870a-9fc2a5a30aa0,10,5:36.11 12:44.99
603c18ed-f7be-4e9f-a7fa-d75f0d15e5d3,9,29:79.99
6040cfc2-d7b1-428a-a25b-5e39aa27a2c9,10,21:75
604d3c30-64ae-46f4-8d74-94e0ac325040,10,5:51 5:69
604f80fd-46d0-41ef-9bef-84da2894575d,10,3:94 3:127.5 3:199.99 6:103.5 8:130.5 8:135.5 8:139.99 9:69.99 9:127.5 10:48 10:139.99 12:112.5 13:125 13:125 15:250 16:59 16:124.99 18:100 18:103.5 18:126 19:86 20:445 21:104.99 21:124.99 23:125 23:127.5 24:105 24:115 30:84.99 30:103.5 31:91.99 31:99.99 31:125
604f80fd-46d0-41ef-9bef-84da2894575d,9,2:32.5 3:19.5 5:35 11:23.5 11:28.88 11:33.77 12:18.99 12:29.99 13:18.5 13:24.99 13:31 15:17.7 15:19.5 15:20 16:17.99 16:18.5 16:23 18:23.5 18:24.5 19:25 20:17.99 21:44 22:22.5 23:25.99 25:27.98 26:15.5 26:25 27:17.99 27:28 28:42.99 30:20.5 30:20.99 30:21.5 30:25 31:15.5 31:18.52 31:20.5 31:23.5
605a0c53-a78d-4d51-807a-b40d75756ced,10,20:155.14
605bba66-fc5f-4500-9248-80c59e3c0f78,10,11:535 30:429.23
605bba66-fc5f-4500-9248-80c59e3c0f78,9,3:51 5:66 5:102.5 9:112.5 21:58 23:89.99 28:47.88 31:70
605d871c-f631-4a2b-89d2-6758dba3a015,10,4:239.89 5:339.99 14:187.5 25:241.5
605d871c-f631-4a2b-89d2-6758dba3a015,9,1:116 3:126.06 8:86 9:94.99 12:67.01 13:104.95 17:91.99 18:92 23:110 27:46 31:53
6063c763-2dd1-4ea3-8c22-e3378115db12,9,24:317
6064f063-f07f-4679-95b5-226e11fb2d26,10,11:53.11 11:61 18:66.5 18:70 18:71 24:81 25:71
606941ab-0376-4826-8d08-10d4639974d1,10,3:24.35 3:29 5:31 6:34 7:32 10:36 12:26 12:27 15:34.99 16:35.1 17:23.71 26:70 28:36
607355d0-b1b9-4b09-b07d-9a5857058066,10,20:121
6074a2d2-0499-4e96-9167-13e1ee2bc623,10,17:1110
6074e493-dfab-4a76-9de6-e86f04f181f4,10,28:100 29:100 31:81.6
6087b027-cb7c-47c6-925f-3e5c43b5c4be,10,20:79.99
608c0854-c29c-4ae5-ba51-0f2dff1488f6,9,21:89.99
6092e8f6-40b1-4902-9f07-852fc974ddd0,9,25:39
6095a7a1-d699-4ca7-9ad1-2d7a39995c5f,10,24:102.5
6095a7a1-d699-4ca7-9ad1-2d7a39995c5f,9,25:26.57 25:39 29:26.57
609bd09f-3143-401e-8be7-6eec6b0fccd7,9,10:31
60a30866-b052-4b2d-96a7-89dc5dba7c38,9,7:113.5 10:133
60adf06c-12d3-46c2-ae0c-cef58af9a9e6,9,13:105.5
60ae15d7-fbc5-4dcb-8b0f-21c95623aa91,10,20:65
60aec478-9d8c-416c-81e7-0d521a3732bd,10,16:161.99 24:384
60bb722f-42e1-4da1-9483-55adc2b29c7f,9,14:99.99
60caed89-1f74-4f57-a2ef-8bf7101d92f6,10,2:117.5 3:72 3:74.4 3:74.4 3:76.8 3:100 3:110 10:79.2 10:79.2 10:79.2 10:81.6 11:108.99 13:84 13:109.99 14:125.46 15:109.99 16:89.99 16:109.99 17:69.6 17:84.76 17:102.6 19:114.95 21:115 23:75 23:104.99 24:113.82 25:130 26:94 26:96.99 29:164.99 30:109.99 30:112.5 31:74.4
60caed89-1f74-4f57-a2ef-8bf7101d92f6,9,3:37.2 10:39.6
60ce3ad2-827a-4881-ac31-96051849204d,10,8:34.86 25:39.99
60d13e76-27b4-4414-9b67-47babb3772e6,10,3:88.8
60d1ad47-c370-4acc-8451-582ae8d774d5,10,3:145 3:147.5 4:142.5 5:145 8:97 8:145.73 9:151.5 15:167.9 20:162.5 27:200 31:150
60d1ad47-c370-4acc-8451-582ae8d774d5,9,2:36 5:39 10:37.87 10:45 12:12 12:35 14:60.94 16:32.99 17:34.8 21:44.95 24:49.2 26:42 31:48
60d693e4-ed17-4ec7-8e82-14bed57a84d6,10,7:21.5 13:26
60d693e4-ed17-4ec7-8e82-14bed57a84d6,9,2:5.5 6:9.53 8:8.5
60e1a67c-35c8-41a9-a87a-3e71d5350ced,10,3:50.79
60e68cb5-b9be-4214-9507-b48cc611727b,10,3:49.2 11:46 11:46 11:47.02 11:49 11:56 11:63.51 11:70 14:45 18:53 20:85 21:46 22:50 26:50 26:110 27:49 28:48 29:54.99 30:46 30:57 30:59.95
60e68cb5-b9be-4214-9507-b48cc611727b,9,2:16 3:31.2 5:20.99 6:17.5 6:31 10:16.5 11:15.5 11:28.5 11:34 11:57 15:38.3 19:15.05 19:20.99 20:22.5 21:10.95 26:18 26:22 27:14.95 30:15.5 30:21.5 31:28
60fefb80-b8f1-4ba2-8a97-83fab54df2a7,10,3:21.99 3:27.99 4:22.53 8:26 9:26 10:17.01 11:34.33 16:22 16:25.5 21:17.49 24:22.5 25:25 31:20
610a9223-2c31-4203-8ffe-e261954f840f,9,2:29
61118023-87b6-4049-957d-f57dfa1eb3e0,10,21:25
6112394d-e1b4-4b19-8fe7-5a56fa34fa0f,10,4:41
6112394d-e1b4-4b19-8fe7-5a56fa34fa0f,9,12:28.99 31:14.4
6129a2a2-3ca8-49f9-b393-bd469d65b28c,10,13:75 20:70 24:70
614d45b0-6991-48ad-80cd-8382b3b99e73,10,3:152.5
61562f51-bd37-4ad5-b89b-930da5984d6d,10,8:600 22:376.39
61562f51-bd37-4ad5-b89b-930da5984d6d,9,7:90 8:102.93
6161167a-138b-488f-afa8-ff6d6173c470,10,6:100 18:75
6165149b-eea2-47e3-b8f2-c03148c5818f,10,16:29
61681f7e-9eb8-48ea-a54b-13f0df45e597,10,17:295 31:224.5
61681f7e-9eb8-48ea-a54b-13f0df45e597,9,24:72
617794b5-335a-4ed8-9ee6-59cc4665d05e,9,10:24.51
617c9221-dc8b-4c30-87e2-f4e0f1baf129,10,3:305 9:308 16:299.98 16:300 18:250 19:256 24:242.5 24:305
617c9221-dc8b-4c30-87e2-f4e0f1baf129,9,8:72 10:83 10:120 12:78 14:90 18:161.45 19:75 24:38 26:20.5 29:100
61804d62-5791-49a6-bba7-d1373c9059f0,10,5:51 5:70 18:35 31:41
61a344f5-3ba4-48df-b11a-b1299b7abe2f,10,16:66
61a344f5-3ba4-48df-b11a-b1299b7abe2f,9,5:20.52 9:22.49 14:24.5 24:29
61adac6b-159f-4e82-b884-666e47b0ff2d,10,5:35 12:17.52
61b2bc41-87fd-4137-ab1d-face2c39178a,9,7:26 11:14.52 21:19.76 31:18
61b574c3-9090-4499-bea3-2778dd9c6446,10,1:31 3:22.02 6:19 6:24 7:29.99 9:21.9 9:26.65 10:22.52 10:31 11:26 11:26 17:27 17:30 19:25 24:24.51 24:34.95 28:26 30:17.5 30:25 30:29 31:20 31:21.5 31:22.52
61b61fbf-cb36-4d6a-a18e-645d59771cf6,9,5:11.02 5:12.06
61bc6871-a733-46c3-b882-12e456f01ba7,10,1:71 1:71 2:70 3:68 3:75.99 3:86 3:95 4:74 4:80.44 5:20 5:84 6:20 7:77 7:102.5 8:20 8:86 8:98 9:70 10:20 10:70 10:103.5 11:20 11:81 11:91 11:102 13:115 14:75 14:99.99 15:69 16:20 16:61 17:57 17:64 17:70 17:81 18:70 19:44.99 19:72 19:75 19:91 20:65 20:73.8 20:75 21:75 22:60 22:80 24:70 24:75 24:83 25:70 25:73 25:91 26:79.99 28:39.55 29:70 30:66 30:68 30:79.99
61bc6871-a733-46c3-b882-12e456f01ba7,9,1:20.5 1:20.5 1:26 2:41.31 3:20.5 3:36 4:24.99 7:22.99 8:21.99 8:24.99 11:20.52 11:28 12:24.99 14:20.52 14:54.01 17:21.19 17:23.56 17:27 17:30 18:22 19:25 19:34.99 20:34 21:29 21:40.74 22:20 23:20 23:27.51 24:24.26 24:27 24:34 24:35 24:38 28:29.99 29:30 29:59.95 30:25 30:26 30:26.01
61c59614-a4df-4836-af55-2accf8515bba,10,14:578.64 17:930
61c59614-a4df-4836-af55-2accf8515bba,9,3:198.09 5:145.52 31:125
61cb3442-2be1-4f27-a640-be6a9133745a,10,3:340.49
61cb3442-2be1-4f27-a640-be6a9133745a,9,11:62
61cc629e-3d7b-4898-b560-382cd55c5de3,10,25:420
61de6494-75be-4ed3-a5d7-f84f023e7c62,10,10:94.43
61de857d-588b-4325-9b69-da52897b821d,10,3:18
61ee2f42-d823-4775-a74d-860653f14737,10,17:306
61f1e900-fa1b-412e-9fb4-2c93ba9dca96,10,23:28
62016cf7-5e3b-49e9-9c31-feaeff95aba8,10,1:110
620bc38d-3aff-4da9-8592-3793e9aa19e9,10,23:17.05
620d613a-f3f9-4f2f-86ad-4d8896deb1ce,10,7:282 11:290 18:206.5 18:210.72
620d613a-f3f9-4f2f-86ad-4d8896deb1ce,9,1:56 1:89.99 4:50.3 5:71 6:57 12:83.2 15:55 20:44 24:31 24:45.6 26:89.99 28:56 31:45.6
6211b95a-dad4-4aed-82bf-b09417702086,10,17:23
6211bdc0-0bcd-4831-95d4-712bed854625,10,25:1625
6211bdc0-0bcd-4831-95d4-712bed854625,9,16:575 21:1080
62140784-75d2-46aa-868a-959df743c2c2,10,5:125.5 5:125.5
62140784-75d2-46aa-868a-959df743c2c2,9,23:15.58
6226b473-f569-4d96-ab68-e3b8e9e0634c,9,11:50 23:41.02 27:35
6226ff41-4324-4457-87f7-c9c3d3d908ab,10,17:2130
6226ff41-4324-4457-87f7-c9c3d3d908ab,9,23:350 23:429 29:799 30:415.76
622937df-2561-465d-a36e-42cdd05f666e,9,12:20 13:34.95 24:20.5
622c3907-579c-48cd-b1eb-4c8ea18de0ae,10,21:35
6230bf53-5460-41b9-9d9a-4d369c616ea9,10,23:200
623cc556-f5fd-49c1-a37b-3f867ecf3a4f,10,27:19.99
623d8760-454f-4fed-9326-677b2b2f793d,10,24:84
623d8760-454f-4fed-9326-677b2b2f793d,9,2:22.5 10:25 10:26 18:60 22:41 23:43.99 28:33 30:44.95
62440b17-bef8-4e19-a939-d8f556ca9ca5,10,13:89.99 24:48
624f7720-af0b-4e24-9d29-b3d836ebf9cb,9,2:32.21 11:120
6257421b-28f8-4ab7-a2da-1ed4b92943dd,9,31:810
625ed367-bc9f-4227-938a-6a6198fddeac,10,31:3960
625ed367-bc9f-4227-938a-6a6198fddeac,9,29:515
62899ddd-1c15-4015-bd3a-68487833f7c8,10,21:185
629db9a0-2a3d-420f-b197-d570451e4bc3,10,11:68
629f4c5e-b5be-4e5f-99b9-52985706643e,10,1:21.03 2:17.52 5:19.39 6:18.5 6:22 7:17.02 7:17.52 7:17.52 7:20.54 7:21.5 7:21.5 8:22.13 15:20 15:20.5 17:15.6 17:17.5 17:18.5 17:20 18:20 18:24.5 19:25 19:47.41 20:25 21:16.01 21:16.01 21:16.01 23:22 23:23.5 24:26 25:16.5 25:18 25:18 26:20.5 27:25.49 28:18 31:20 31:20.4
62a92d28-22fa-4619-847c-5a2490714937,9,30:44
62b6aa4a-778d-46ac-b446-1865aca495ff,10,3:10.5 12:34.36
62cd1136-34bc-41c1-a5d1-0ef6cb8f5572,10,7:30
62e96bbe-761f-4edf-96bd-ae9e942ed393,10,9:51 24:50
62f6fdb4-ea4e-43a9-80f3-4af81a3b98a8,10,7:4.99 8:4.99
62fc4843-53df-4d3e-995e-97137c325b88,10,4:1039.15
62fc4843-53df-4d3e-995e-97137c325b88,9,16:162.5
630600a0-49c4-47f2-9abd-b289edb8163d,10,3:98.45 18:115
632f4055-ebd2-4630-b7ae-9aec88b7d161,10,22:274
632f4055-ebd2-4630-b7ae-9aec88b7d161,9,1:110.99 8:73
63446a78-a726-484f-b8fd-921b38f14755,10,9:100
63446a78-a726-484f-b8fd-921b38f14755,9,2:46.99 3:33 16:65
636623a9-f741-4bf2-9a7e-cb030f0dee3f,9,24:57.65
636708d2-3462-466d-be0f-b6a77af79a13,10,17:132 24:122.5
636708d2-3462-466d-be0f-b6a77af79a13,9,1:38 2:38 6:35 12:39.95 18:17.86 18:40 24:31.2 25:51.78
636dc962-2bd8-4576-b93b-42b674182cec,10,9:63 13:100
636ddef9-f107-4807-acad-6ab9f880440d,9,3:27
637ac1f3-632b-41b7-a139-ddd3701b5c9b,10,6:30
637ac1f3-632b-41b7-a139-ddd3701b5c9b,9,6:16
637ade4f-346c-417d-8d2b-235f6e97909b,10,3:276.13 14:177.5
6381af7c-1011-4e08-98fc-aa22b8f64aba,10,25:23.5
638e3f3e-0672-45ae-adb2-3a8835e2b2fc,10,16:134.05 24:66.02
63a1c92f-b0ea-49d2-aa45-9fe5942972fe,10,1:18.5 3:19.99 3:36.02 6:30 10:15.75 10:21.6 10:22.5 11:29.99 12:38 13:21.5 13:22.5 18:34 19:25 21:37.97 21:39.99 23:20.5 26:20 28:30 30:23.99
63a1c92f-b0ea-49d2-aa45-9fe5942972fe,9,2:15.52 8:10.49 8:14 8:14.5 8:20 10:7.5 12:11.5 13:13.5 16:19.99 21:9.5 25:15.03 26:12 28:15.5 28:20.5 29:11.5
63a323aa-2fc6-433f-b98f-6bd88c98c764,10,1:50 3:47 4:40 4:44.99 6:50 16:39.99 17:43.02 19:39.99 21:44.99 23:51 24:50 26:44.99 27:44.99 29:44.99 30:44.99 31:44.99
63a323aa-2fc6-433f-b98f-6bd88c98c764,9,2:29.99 5:12.5 8:22 10:18.5 13:22 15:15.52 28:29.99 29:17.5
63a6df2f-4603-40c7-abe2-a42cd37b1cb1,10,29:482.32
63abe17e-38cf-421f-9c32-7e29852de24f,10,26:66
63abe17e-38cf-421f-9c32-7e29852de24f,9,24:26.4 25:22.51
63c30202-d7b1-44da-b148-00b19900a0c6,10,22:149.99 27:130
63c30202-d7b1-44da-b148-00b19900a0c6,9,14:31.5 22:35
63c42b4a-01ec-47c0-8380-3aad34f4c803,10,13:118.89
63d76fa8-d19c-4ed6-93da-d3ac8d4e9782,10,17:14.51 19:15 20:13 20:15.5 21:8.99 24:10.5
63f50a7a-1720-4ffa-bb99-3e5b93e40a1c,10,5:71.48 17:59 31:71
63f50a7a-1720-4ffa-bb99-3e5b93e40a1c,9,9:44.5
63ffc6db-f38a-47b8-960f-e345ac2d322a,10,17:76.8
64001121-9597-449e-83ce-414f8b62cd9e,10,10:53
6401312d-ce94-41e6-8e8a-93f513e542e2,10,12:34 16:35 16:38 27:34.99 29:55 31:39
6401312d-ce94-41e6-8e8a-93f513e542e2,9,2:15.1 3:26 7:10.5 7:10.5 8:19.99 10:9.99 12:11.5 12:11.5 12:15.52 14:20 15:13.02 17:11.78 17:12.5 17:15.5 18:16.5 21:15.5 23:16 24:12.5 24:13.02 24:13.5 24:13.5 24:13.52 24:15.58 25:15 26:13.5 27:18 30:19
64037594-af16-4b0a-890b-ad08d0cc7b67,10,16:35 18:41.8 20:68 24:42.85 24:48 26:29
641a5a65-acbb-47cf-a327-eec65cebd7f7,10,16:23.27
64201428-bf05-46ad-ba44-9a1f93afeae6,10,5:67.03 13:100 17:66
64201428-bf05-46ad-ba44-9a1f93afeae6,9,10:26.4 16:26
64301018-0a04-4669-91a0-d9007ba84a62,10,21:120
6436859e-8374-4e41-afa3-6730be40c7c6,9,25:72
64394659-66b2-48e3-8b42-4b01d371466c,10,3:388
64394659-66b2-48e3-8b42-4b01d371466c,9,10:46 31:120
643f5f83-e584-417f-8ad9-832159d8414d,9,17:61
6445581e-f7f7-41c7-adbb-7a828dd0aa14,10,9:175.12 11:178.01 11:399.99
6445581e-f7f7-41c7-adbb-7a828dd0aa14,9,6:65 15:88 29:50
644a5111-b272-47b7-8d7e-95444b36b79c,9,3:110.4
64735df5-0c13-4dc5-8a92-8f34cd7b8b4c,9,11:60.13
647fe0f8-da7d-43e7-9048-eea3f09f2478,9,3:125.25 27:36.02
64890293-913a-46e6-a7d9-410df2ff3f8c,10,7:13.54
648d7da7-565c-4dcf-b85e-314ed1beaffb,9,4:92 5:65 10:76.8 10:85 12:69.99 22:78 24:55.2 24:56.4 24:61 27:71.69 29:89 31:51.6 31:56.4
649fca2e-0c2f-41b5-a9d9-4320d140ff0e,10,10:492
649fca2e-0c2f-41b5-a9d9-4320d140ff0e,9,5:80 10:81 17:74.4
64a2818d-e948-48ad-a9e6-9e50605dfabd,10,9:169.99 31:71
64abeb5a-c472-4cb2-a379-3a72aa35b452,10,17:31
64af20b9-d214-42fe-8129-eb65e7a98ad9,9,4:44 5:17.5 13:30 22:24.5 23:21 28:31
64b35869-53fd-4325-8ea7-add03f137ffa,10,23:88
64b3890e-c294-41b7-a038-ed6fbb01ecb3,10,27:168.66
64bb5b57-a9f1-43e8-8423-1e040c645abf,10,3:107.82 17:49.2
64bb5b57-a9f1-43e8-8423-1e040c645abf,9,3:16.53 24:14.4
64bd50dd-6d6c-4526-871d-296753ef10a4,10,4:54.99 10:60 16:76 25:37
64c1caa4-9088-4cd5-943f-a278647d8ad8,10,1:26 2:22.5 3:16.67 5:16.5 9:22 10:26 11:17.52 12:17.52 12:17.52 14:17.99 17:12.5 17:15.5 21:11.5 21:12.99 22:20.25 23:21.99 24:17.52 24:20 26:19.5 29:17.5 29:18.5
64cb09d0-ab9a-4d3f-b5be-053614929155,9,7:72.53 21:75.95 22:71.69 23:130 31:38.4
64d0d6f7-a7db-4f67-9c75-b13bf77f7fc2,10,4:140.5
64d4b5c7-8b22-4f92-872f-1594ecd81e8c,10,17:34 19:299.99
64de7511-f578-498e-bd4a-4530af20ccf5,10,25:39 29:17.52
64f38f9a-1671-4736-b54e-d629428c55de,10,21:25
64f5929a-0432-4acb-a4cc-b3fc55b37867,10,11:59.99
64f76a5f-9e5b-4741-82ee-0297b7ff67a5,9,8:91 12:64.99 24:36 24:44.4 29:45
64f87252-0e18-43c3-8b38-0137bb6b4135,9,29:295
64fe8d19-d925-4ae9-a9ef-47a900451950,10,3:56 17:38.4
65022487-35fb-4a83-9510-c96236297f15,10,24:900
65022487-35fb-4a83-9510-c96236297f15,9,3:406 30:425
6508b147-d8a8-45e7-8f7f-7d662fe586b9,10,14:53
6508b147-d8a8-45e7-8f7f-7d662fe586b9,9,14:11.5 21:9
65111877-3bc2-47be-850b-76238cc4db60,10,10:48 10:55 14:56.25 16:40.5 17:50 24:45.6 25:57 25:59.95
65111877-3bc2-47be-850b-76238cc4db60,9,10:30.07
6513ffc9-ae01-41f7-9c84-4160d85a4a59,10,24:400
65151546-b3d8-44bc-a5a8-bba27e3ccb45,9,14:20.5
651833eb-06e7-463d-9396-50a1d7ce9704,10,28:55
651833eb-06e7-463d-9396-50a1d7ce9704,9,1:18.99 9:15.5
651bff3b-0d77-4f5f-a5d5-897ea5faf9c3,10,10:117.5
651d9325-aaad-47a0-9917-5c298c6dc0f4,10,17:30.83
651f41b1-be99-43e6-8907-c4919e488b96,9,26:7.5
65264b83-5c03-4fc8-a88b-9ae04bccbf77,9,24:41
6531df1a-698b-4416-ae24-66b98e4ebe34,10,1:1749.99 24:1282
6531df1a-698b-4416-ae24-66b98e4ebe34,9,27:607
6535995c-43d9-4a5d-98a9-80183cac4c91,9,17:46
6537eff3-e7e9-47d3-ae09-d01537e2708c,9,17:33 17:51.01
653b4158-2002-43fe-8f15-b17d47f3253e,10,24:72
653cc650-8dcf-456c-86f8-fa29244c9e7d,10,3:209.27
653e07cf-8d82-4dc8-a127-a7fd8a9d3b2e,10,12:105.99
6547bdbc-5443-4b0a-b7ae-ddffea5d7bdf,10,3:37.22
656c1694-9cf7-46d1-8e0e-d72a429511f5,10,2:99.99 3:86 5:84
657a4d64-9345-4aa4-9bd5-c8e56d86038b,10,26:21.57
657bc67b-b561-4fa4-aabf-074a39831eea,10,18:435
657bc67b-b561-4fa4-aabf-074a39831eea,9,10:212.5 28:192.48
657e3d1a-3085-42f4-80c4-9c1a223c4035,9,3:945.05
6588d3e2-d4be-41f2-b572-4d3338b0ab53,9,3:117.6 4:119.73 10:118.5 14:150 27:120
658d4e83-13e8-4679-b14e-e7e60094e0b5,10,22:42
65906e60-f0f8-40af-b95f-c0074a3d1353,10,3:42.51 7:41 10:52 27:85
65906e60-f0f8-40af-b95f-c0074a3d1353,9,27:21.55
6592f5a2-a578-4163-b567-a070ed74b054,9,6:970 16:635 29:575
65a89967-0413-4953-b512-6859be66bb1a,10,10:2135
65a89967-0413-4953-b512-6859be66bb1a,9,4:180 8:157.5 10:156 10:156 10:175 13:167.5 14:184.99 19:124.5 20:138.5 25:115.94 31:126
65bef14c-370f-4b40-973d-d3ad170d9044,10,31:29.99
65c00675-b425-44b6-bcaa-60a3160a3e44,9,20:249.99 23:224.99 24:224.99
65c03948-694a-47d2-a4d7-060b8d1fac4e,10,12:275 14:301
65c8bd13-bc2f-4312-aabc-424bb657e246,10,1:438.38
65cc1d4d-9376-4cfe-9fde-099095b31d5c,10,30:39.95
65df54df-d84b-4f32-adb4-03514dad0935,10,14:305.54
65df54df-d84b-4f32-adb4-03514dad0935,9,4:35 9:42 12:87.59 14:38 15:41 17:31.65 27:31 28:72.77
65e0fb84-c9ed-48dc-b7fc-8e5e5a80e084,10,11:1200
65e1b2ea-4f6c-41bf-8cc3-61f1e1b51d6a,10,24:176
65e1b2ea-4f6c-41bf-8cc3-61f1e1b51d6a,9,3:55.2
65e1d75d-8b7a-4369-babd-ebed19db2fc3,10,12:27.99 14:29.99 18:22 18:49.99 19:49.99 22:29.99 24:18.05 24:22 28:21.5 29:18.05 31:24.99
65e20114-5690-4fcf-a846-f69b00f1a613,10,10:690 17:559.66 26:361.35
65e20114-5690-4fcf-a846-f69b00f1a613,9,10:137.5 17:130 24:111
65e3f9d5-1d2f-4de5-be6c-d83d803dcc1f,10,3:50
65ea2819-2e21-4d5c-98ea-00f46e8be861,10,4:65
65f04285-ac91-4df5-9091-8225047073eb,9,27:50
65f92174-7faf-49b4-9fb0-eca9e80a4c5b,10,6:94 12:127.5 28:112.5 31:75
66031855-7554-40f3-be18-441fef0a773c,10,20:41 24:35
66031855-7554-40f3-be18-441fef0a773c,9,27:28
6610e6a1-6692-48e1-b0f7-c42a1f906dd5,10,2:60 2:83 10:69.53 10:74 11:77
6610e6a1-6692-48e1-b0f7-c42a1f906dd5,9,24:19.5
661374fb-d05f-4d02-83af-90c10f297456,10,2:60 20:99.99 30:75
661374fb-d05f-4d02-83af-90c10f297456,9,4:39 8:20.5 16:33 22:28 24:29.5 24:30
662fb140-9f09-4a74-9596-9f42f9fe27a8,10,24:37.2
662fb140-9f09-4a74-9596-9f42f9fe27a8,9,3:46 11:40 24:91
663211af-e169-4ec7-833b-e5a7d6970798,9,24:30 29:53.99
663240aa-2659-4956-ad5e-12702d28011f,10,10:135.5 11:135 15:78 20:109.99 21:105
663240aa-2659-4956-ad5e-12702d28011f,9,1:43
6633ac2f-bbaf-4e1f-9eb2-f8ae9b889b9e,10,10:109.99 10:114.99 10:124 10:129.99 14:112 22:114.99 30:76
663b7439-c031-4247-bff6-f429d7cb6f65,9,15:9.99
664682c8-c5e6-4dc5-9e0f-667b5e3eb3fd,10,17:51
664682c8-c5e6-4dc5-9e0f-667b5e3eb3fd,9,23:17.52
66573a39-f7b1-4139-ad43-74173e6d0cb1,9,4:288
666044d0-00c5-4f99-be23-91458626d9ac,9,5:31.99 9:36.5 27:50
6663fa3f-5aaf-41c8-84a2-435d8a09f284,10,2:160 30:100 31:54
666e3996-8011-41d3-9f32-f26893746aa1,10,24:121.5
666e3996-8011-41d3-9f32-f26893746aa1,9,24:24.15
6673814b-e507-4f51-aec1-3ff9e7cae433,10,24:34 29:32
66748182-1b01-4501-9edb-f1426e8fbff4,10,1:100 1:101 1:150.54 2:72.02 2:91 2:105 3:71 3:73.02 3:86 3:104.47 5:71 5:74 5:76 5:77.61 8:71 9:79.99 10:69 10:79.99 10:102.7 11:135.5 13:120 13:152.5 15:149.99 17:100.61 17:127.5 17:130 20:145 21:142.5 21:150 22:102.5 23:145 24:124.63 24:135 24:139.99 25:98.99 25:120 28:112.5 28:117 28:129 29:110 30:99 30:117.5 31:85 31:88 31:92.53 31:102.5 31:138
66748182-1b01-4501-9edb-f1426e8fbff4,9,2:32 2:34 2:40 3:31 3:38 4:57.15 4:57.15 6:53.6 6:79 7:36 8:59.99 9:49.99 10:21 10:27 10:29 11:48 13:35 13:36 15:45 17:25 21:31 23:29.99 24:26 27:27 28:28.69 29:54.99
6682fd4a-ca17-4f33-974b-c5929807ee6b,10,2:137.5 8:306
6682fd4a-ca17-4f33-974b-c5929807ee6b,9,27:119 31:79
66853c68-3431-45bb-995d-89dcbda094ed,10,6:425
6691e1cd-0fd6-45dc-9050-da4fa8a99edd,9,15:21.5 27:20.5 31:20.5
669d3dcd-f053-495f-9e3f-09c25bc11e20,10,3:90 3:122.5 3:122.5 8:91 8:171.5 9:125.02 9:125.5 14:115 16:152.5 16:199.99 17:102.5 21:145 22:205
669d3dcd-f053-495f-9e3f-09c25bc11e20,9,3:15.5 3:18.5 3:21 5:28 7:33.52 9:23.5 9:25 9:26 9:29 9:35.69 10:45 10:82.41 11:34 17:30.4 17:32 17:34 17:36 18:32 21:36 22:58.99 24:26 24:55.2 25:35 27:32 28:44.99 29:26 29:40 29:40 31:28
66a54617-48f5-4985-8e6a-4260fca695f5,9,30:112.5
66bc0027-e841-4d2e-a742-7eee1ab35e4a,10,3:66 12:99.95
66bc0027-e841-4d2e-a742-7eee1ab35e4a,9,3:71 31:20
66cf6f23-7b0b-4ae3-9210-17a0edc2eb21,9,25:30.69
66d7deef-fc25-4a77-8e85-e3c094ff005d,10,17:65.36 25:60
66f21fb0-0217-429d-abb9-20b4b70986ae,9,18:15.03
66f9a3ce-ea49-4a16-a7a5-94326158cc91,9,26:51 27:50
670a3800-3538-4bf4-b300-61f8313899ed,10,11:174.5
670c0dde-8872-4108-acd7-2bb0ed5fd5fa,10,12:17.02 27:15.72
67187f07-c9da-42c0-ba94-b9f8b9840ace,10,30:180
671f4364-6be4-46f8-8087-c198a8547f09,10,23:50
67220335-848a-4b9e-a07f-68c9affcfa78,10,1:20 3:31 7:22.5 8:27 9:27 10:40 12:20.5 12:20.5 18:22.5 19:18.5 20:20.5 20:31 23:12.02 23:14.5 24:37 25:20.55 25:25.01 26:32
6726dd11-b5ac-4d52-822f-58cb4e2796b9,10,18:350 30:240
6726dd11-b5ac-4d52-822f-58cb4e2796b9,9,3:32.4 5:49.99
672ae93e-16e2-4b6f-bf57-003a5b5bc923,10,3:98 16:152.5
672de510-862e-4515-a75b-7a1a0553f139,10,15:17.52
6733d6a0-3424-4713-9e29-26a8e8931ab0,9,31:183.5
673b859d-a62a-4ae4-954e-b100eede3919,10,31:103.5
67509bb8-fb2b-4c45-81d3-fcc571053fa9,10,11:34.99
67509bb8-fb2b-4c45-81d3-fcc571053fa9,9,20:18.25
6751a76b-47f1-4e12-ae61-8c6d2caefd30,10,17:108.3
6751ad1a-4ed8-4257-9654-c5b22b622f4a,10,16:1130
6751ad1a-4ed8-4257-9654-c5b22b622f4a,9,22:262.88 30:338
675280f8-0cf7-4e8d-a8d7-15252943092f,10,16:579.59
675280f8-0cf7-4e8d-a8d7-15252943092f,9,3:50.4 17:52 20:45 23:139.99 25:80
6756b52c-1ead-4e4a-abf6-fbf986aa0151,10,24:77
6762433b-acd8-4942-b41f-abafe7271f34,10,18:10 28:13.5
676b0163-92eb-4fba-bee3-865feccf8e9f,10,24:46
6778013d-c92d-4141-b432-e99045dbde08,10,1:26 1:28 2:27 5:29.99 9:34.99 11:16.12 13:31 16:34.99 19:25 25:34.99 26:22.5 26:27
6789391c-2ba3-4d37-893a-8afc54670585,9,3:73
678ccf2c-a1e7-4f26-adeb-28b24a548cc5,9,3:65.2 26:99.99
6797b3ee-bd43-49ca-9759-4d82fe95a45c,9,10:161.39
679f08b3-5788-4abc-8383-6559acc97371,10,9:109 10:132 25:119.99 26:149.99
679f7c0f-84e6-43dd-a744-c17c3753de99,10,24:69.99
67a04e12-88be-42cc-8fff-d407e6c9b61a,10,24:28.86
67abcce4-ba87-4a1a-8844-6af351c4a0fa,10,18:23.5 25:46
67b28b9c-5e80-49d5-95de-c7b78d983add,9,3:86 10:60
67b677ec-6f64-414d-aca1-c30f9630e745,9,7:3.99 10:9.99 30:5.51
67c7ef81-6941-4222-9521-9507182b8524,10,24:59.99
67c9aacd-f1b8-4f58-91fc-958208289809,9,31:27
67cdefdc-a2b8-4e27-b0c5-6429914cd5c7,10,10:60
67cf4887-b69a-4279-9284-cb73863d7e06,9,21:24
67d1d17d-f99f-4ce6-a514-72482ae6ef8f,10,9:270 24:318.84 25:240
67d7352e-6faa-466b-9e10-c4e58d0a6582,9,4:343 8:443.01 19:345 22:350
67dbda1c-81ca-4daa-aed5-cf5b02f23f8c,10,31:122.5
67e2cdfb-8c71-407f-8f39-79bfe6775ee2,10,28:175
67e2cdfb-8c71-407f-8f39-79bfe6775ee2,9,18:67.66
67e5744c-23ca-4b59-8d58-3e20ce358b84,9,15:11.52
67f9c1ad-bb93-4c5d-9ca3-f2294ba92504,10,29:15
67f9d7f2-7f76-4e85-8787-d958405dea54,9,6:13.52 15:15 15:17.5
6800b622-5db0-4769-9667-bf7d2ac5295b,10,4:13.88
680baec4-13d0-4449-ac80-0e0c2cf5d7cf,10,24:15.38
68139225-0c61-4d1b-b195-04840c42d3c5,10,6:989.97 13:1500 29:1180
68139225-0c61-4d1b-b195-04840c42d3c5,9,2:329.99 3:232.5 3:235 3:255 4:375 10:248.5 10:276 10:288 10:384.83 11:285 11:549.99 12:167.5 14:300 15:388.86 16:469.18 16:510 17:315 18:290 18:298.99 19:320 22:399.95 23:285 23:310 24:261 27:250 27:275 30:245.3
68156a85-6d36-4ee9-9041-1bb439fc3452,10,3:372 10:181.5 24:280 28:255
68156a85-6d36-4ee9-9041-1bb439fc3452,9,8:165 15:195 25:121
68340510-99c4-4f4b-b04c-f87f10e111d0,9,5:450 27:340
68459642-eac0-4a7f-bd5e-0fe24013a2db,10,1:100 17:198 24:152.5 26:150 26:180 31:117.6
6845c6b0-fffd-4f7d-b068-45779b4b164b,10,23:32
68474e04-1175-4449-8a69-04d5ccc82194,10,10:41
6849c193-fcf4-43b8-8f84-85f98d61cc1c,10,19:1800
6849c193-fcf4-43b8-8f84-85f98d61cc1c,9,5:950
685385ad-143f-448e-8568-2aee8331054f,9,4:81 5:73.08 6:72 7:72 9:169 10:76.8 12:71.08 13:128.88 25:95 28:115
685b3937-10dc-4f62-b015-557f807ad65a,10,1:100.76 16:31.5 17:43.34
685b3937-10dc-4f62-b015-557f807ad65a,9,12:15.5
6865314f-55e4-436d-bb92-9704bcf10693,10,8:92.17 26:79.88
686598d3-f4cd-4064-aacc-edd5b0a7c38e,10,5:510 16:740
686598d3-f4cd-4064-aacc-edd5b0a7c38e,9,2:160.99
68665efb-be8d-4a3f-b850-ab569b41765e,10,22:150 22:170.68 24:102.5
686710a3-ed61-4ecc-b999-b79ef235cbf1,10,31:580
68688a6c-ffb7-4a85-97d1-2beb0e57c402,10,15:11.5 20:12.52 24:11.69
6873cc1d-8f92-4a62-9f08-46e89692cfd0,10,11:46.04 24:30
6873cc1d-8f92-4a62-9f08-46e89692cfd0,9,8:14.5 11:11.53 11:15.5 26:17.5 28:19.99 29:19.99
6874f22b-c15a-4d12-ba08-c19711f6e8e0,9,24:124.95 30:72 31:67.2
68785211-c69c-47aa-8c9c-9ae29c17a25c,10,7:380
687939e8-ad77-4a24-9312-dd09fef91593,10,7:152.97
6886eaa4-5b36-4dd5-a484-a6a1226d79b1,10,9:249.99
6886eaa4-5b36-4dd5-a484-a6a1226d79b1,9,7:90 28:47.78
68899a24-6de4-4a17-8233-3d5e51166c54,10,28:410
68899a24-6de4-4a17-8233-3d5e51166c54,9,19:215
6897d8b9-34a8-46dd-8c0f-6ff03ab1c106,10,25:18.53
68a53f71-b73a-485f-b5bd-6d6831379787,9,10:21.29
68a9a298-4dbe-4467-b5da-03a97c9e0b56,10,3:500
68a9a298-4dbe-4467-b5da-03a97c9e0b56,9,10:136
68aae439-50e6-4dc0-9af1-390b42185a6d,10,1:35 3:20.02 3:27.61 3:32 4:32 4:39.99 4:42.02 4:67 5:25 6:25 6:25 6:29 7:39.99 7:40 8:25 8:34 9:35.99 10:25 10:27.6 10:32 11:26 11:27 11:27.01 11:28 11:30 11:31 11:31 11:31 12:21.5 13:34.99 13:37.99 13:42.88 14:22.5 14:45 15:30 15:42.88 16:29.99 16:31 17:15.5 17:30.75 17:33 17:34.99 19:29.8 19:34.99 20:19.51 20:29 20:29 22:49.97 23:30 24:17.52 24:26 24:29.99 25:28 25:34 25:35.06 25:39.99 25:47 26:29 26:36 26:39.99 27:30 27:37 27:39.99 27:41.99 27:48.88 27:54.21 29:31.99 29:40 30:28.99 31:21.5 31:22.5 31:24 31:27 31:31.22
68aae439-50e6-4dc0-9af1-390b42185a6d,9,2:20.5 3:12.5 3:19.5 3:20.5 6:12 9:13 10:12 11:16.8 16:19.99 20:20.52 21:20 22:15 22:20 23:19.95 23:20 24:10.5 27:20 28:13.52 31:5.5
68b55096-b686-4ccd-bdbb-377ed66f55d6,10,16:115.62 16:255
68b55096-b686-4ccd-bdbb-377ed66f55d6,9,11:31.02
68b58858-2e52-415f-b04c-95779d0ac2b6,10,30:169.5 30:201
68b58858-2e52-415f-b04c-95779d0ac2b6,9,4:55 4:55.75 11:36 16:48.99 17:48.99 24:33.6
68ba5c0d-c24c-425b-a01b-ba483c720f9e,10,3:75 5:68.55 8:96 28:130.5
68bb28d1-9d05-46ee-9666-2c8460aa787b,9,10:100.8 25:90
68bd6d9b-f636-474e-a1f9-cfb8ab8a9a49,9,14:130
68c1fcef-f363-467f-80f1-de9e553012b0,10,4:353.3 10:220.39 11:284.85 12:239.98 15:237.91 17:182.5 17:186 31:211.39
68c1fcef-f363-467f-80f1-de9e553012b0,9,14:60 15:87.46 17:50.01 20:79.99 25:313.27 28:75 31:71
68cfd628-9927-4ccd-8414-0b879c801be0,10,18:920
68da26d8-3da2-456d-afd6-5d61fd800b4c,10,13:12987.01
68da26d8-3da2-456d-afd6-5d61fd800b4c,9,24:3120
68dbabe9-37ee-45a0-acb8-3425e85e18db,10,24:39.6
68dc7c66-22ec-4edd-ba9d-c4a1d9d001f3,10,2:72.79 11:80
68e0d307-cca6-431b-b14a-44617b02f8db,10,2:38.99
68e5edc3-c20b-43d1-8f2e-eb7d5dc86f30,9,3:55.2
68e9ca22-326a-4aca-b634-8d79bffef38e,10,7:250 16:224.25 24:177.52
68f21205-e61c-4984-a5a7-8c56b246a841,10,30:29.88
690f8e51-161b-4b30-8904-a13760888681,10,10:84.13
690fec87-62e0-4ab5-ba01-ca75226eee44,10,13:11.5
691029d8-6e4e-4fa0-9880-19be2d9498b3,10,5:2236.99 17:2220
692bb5cf-21e0-4621-9dae-df73b58a47c8,10,17:130.7
693681e3-63e1-4e79-bd78-3921817b065f,10,17:31.16 18:50 24:31.16
693c3b90-2712-4cac-9271-19696c4560c1,10,6:125 9:135 17:149.5 24:156.54
693c3b90-2712-4cac-9271-19696c4560c1,9,16:64.99 17:57.5
6940deda-6374-4d97-b879-e1fe8bf446e3,10,14:650 24:599 25:590
6940deda-6374-4d97-b879-e1fe8bf446e3,9,3:115 4:167.5 10:138.5 20:180 23:135 30:175 31:120 31:225
69497b93-af0d-494a-9e8b-4cd18b767649,9,12:75 13:48.99 20:85.33 22:36.02
694ae230-3322-4f18-ab38-d40680015381,10,7:39.99
695cf3d0-05a2-4581-b6f5-089983283fd2,10,29:135
695cf3d0-05a2-4581-b6f5-089983283fd2,9,23:15
695f57f9-580a-4315-a7d0-2e520028d182,10,9:127.5
69686dc9-c43a-4bca-bd7b-5dad1423cb38,10,3:26 7:17.5 10:17.5 11:18.5 14:15.51 15:22.72 17:15 17:24.5 19:16.39 20:13.5 20:15 20:15.5 20:15.5 21:17.1 23:19.99 24:12.5 27:34.99
69686dc9-c43a-4bca-bd7b-5dad1423cb38,9,5:10.5 10:8.5 13:16.99 14:9.99 15:10 15:10 15:11 15:11.5 17:5.5 17:10.5 20:6.5 20:11.5 29:10.51 30:5
696ad424-2d50-4cbc-b397-043dbfbbc1d3,9,3:132
6971a100-463e-4332-b270-297437789a25,10,5:265 17:265
6978ccd7-177e-4b08-9491-8338e959fec7,9,30:134.99 31:134.99
697a6af5-ce6c-4c6d-b0d3-5ce1bb89ba8e,10,14:48 15:100
697a6af5-ce6c-4c6d-b0d3-5ce1bb89ba8e,9,8:19.99 11:37.37
697bb1ce-3eed-4e15-8cae-687004f428d4,10,3:49.99 5:71.95 10:32 11:71.95 13:65 18:40 18:40 21:40 31:40
69865f16-b7e7-4f13-b96c-72e5bf6e7602,10,15:27 15:29.51 15:31 15:35 15:36 15:50
69865f16-b7e7-4f13-b96c-72e5bf6e7602,9,15:15 15:15 15:15 15:25.95
698fb223-e439-439a-ba9f-fd8e82d20da6,10,1:124 2:98 3:116.09 4:109.99 5:98.59 6:157.5 9:120 10:99.69 12:97 15:98 16:97.69 16:98 17:100 17:100 19:95 24:115 24:121 24:140.5 25:96.18
69985aa8-77bf-42aa-9118-214eafae7ae2,10,30:65
699895bb-8773-47df-9922-8670a79a92dd,9,26:12.52
6998bd8f-1f4e-43a0-9906-01d144ef1a68,10,22:60 27:94.99
699e94f7-8905-40ac-80d0-fb226ab03943,10,4:177
69a79b31-d60d-4995-b311-52c858c1f93e,9,10:37.51
69a89234-3431-4a80-97c4-571b311944a6,10,19:1100
69a89234-3431-4a80-97c4-571b311944a6,9,12:330
69b9450a-7022-4cb4-9eba-4dd23a26a48a,10,6:150 12:61.11 19:115.5 20:96 24:91.2 31:103.2
69b9450a-7022-4cb4-9eba-4dd23a26a48a,9,8:31 9:32.58 11:28 12:64.99 13:15.5 16:34.95 16:35 17:27 29:32.6 31:25.2
69bff702-5412-4ab7-a868-f6cc5f56c9dd,9,24:22.5
69c1983b-68d6-4152-b4fa-8fffd997f402,9,17:37.2
69c63769-d020-451e-a32b-f87f77d1c45f,10,5:90
69d0903e-8fd8-4d88-8e46-9ef45835a6e4,9,10:247.5 19:260
69d5c983-4d9f-44e4-ad04-61763333f211,10,10:225.99
69d8a2c8-773a-46fd-a480-1202a2547dd9,10,7:50.99
69d8a2c8-773a-46fd-a480-1202a2547dd9,9,2:24.99 15:35.35 24:13.2
69dcbe6c-6ff5-4e6f-98e0-44028c41bb28,9,7:83.37
69df6049-16ff-4abb-a771-98ce0d613459,10,1:28
69df6049-16ff-4abb-a771-98ce0d613459,9,2:12.5 19:15.01
69e69641-e2ef-4017-ac5a-6601f95a8031,9,8:65.67 10:61
69f18544-6369-4209-bb22-003cab4ed120,9,11:75 25:78.75
69f26461-3152-4508-afa5-e5afe6505328,10,1:43 30:19.99
69f9cf4c-fa71-4b41-a913-c247e18b5b7f,9,10:15.6
6a0a0b5f-3ed1-4b2f-aa33-6d147210cb33,9,7:17.5
6a0e4813-6a55-4dd9-babd-564ae04a4808,10,14:70 15:100
6a0e4813-6a55-4dd9-babd-564ae04a4808,9,5:12.81
6a10aba5-70d8-4ced-b2de-5f3b80043fba,9,9:99.99 25:153.73
6a2736e4-ea29-4aed-afe5-2cce4c94e1fa,10,28:2000
6a3ad88f-89dd-4cd2-bdea-bf095c312f08,10,9:102.5
6a3f3cbb-fcce-4777-97c2-a9fccda28192,10,26:1075
6a4fe9c9-259c-4ab9-9eef-33f972c4cf3d,9,15:111.95
6a5691ac-3e24-4b66-aa3e-94426fe61e09,9,17:73
6a63f317-852d-4544-a4f3-d52c24ec9564,10,30:438
6a6451d4-10c4-400b-a657-e0105698b8e8,9,5:19.99
6a6f0b1b-a256-4ba0-911e-00996de46111,10,15:28
6a84217b-d1d3-49ad-b655-1a61f1459bfe,10,23:124.5
6a84217b-d1d3-49ad-b655-1a61f1459bfe,9,12:55
6a8ac1e6-38b0-4a40-86bb-e1095e0d2b9f,9,6:85
6a8c2e58-3ffe-46ff-b5b1-4db62f057f58,10,28:79.99
6a8c3373-46b8-4ada-ac79-058604d0da3f,10,18:49.95
6a94544f-a248-4458-9656-e533175234d7,10,11:104.99 31:28.8
6a9befda-3b0c-436c-bdab-b88f1eca93f4,10,15:96 26:178.49
6aa68f27-cc84-42ba-b915-5a299d236f0b,10,10:87 11:140 26:199
6aa68f27-cc84-42ba-b915-5a299d236f0b,9,8:65
6aaa8972-f9f3-4cb9-8932-8f4377fa18af,10,12:98.88 30:81.05
6aaa8972-f9f3-4cb9-8932-8f4377fa18af,9,1:39 13:39.99
6aae1799-e278-47a5-9873-e08e2578aaa2,10,24:36
6aafc5d5-5490-4237-a666-934c73a9ace9,10,4:30 6:22.22 7:39.99 9:29.99 20:28 20:29.9 22:34 23:34.99 23:38
6abd4c5c-197f-4a8f-ad5c-d9940a5a55fe,10,10:100
6ac07db9-8a09-4e8c-9210-adf51884daa3,10,29:689
6ac1a40f-1e19-47ab-a82b-b3612d716340,10,3:20.5 3:30 3:31 3:31.51 3:35.25 4:44.5 5:41 6:20.5 6:36 10:30 10:31 10:33.6 11:31.01 11:39.99 14:38 14:38 17:33 17:38.99 17:46.36 18:24.5 18:37 19:30 20:50 21:33.99 23:32 24:25 25:53 26:41 28:39.19 30:28.5 31:35
6ac8cda9-0dc3-444c-8c3f-a91f40ced5cd,9,14:214.5
6ac9882f-7a0a-4116-8c59-b9141012cf33,10,24:50
6ac9882f-7a0a-4116-8c59-b9141012cf33,9,10:28.02
6ad61876-cd11-43af-ba8f-2013dabbb574,9,21:549.99 25:549.99
6ad8d672-4cc3-4470-9df8-5b492b2c1106,10,2:15.5 3:13.52 3:17.52 4:20 10:15.6 18:14 24:15.5 31:18.02
6aea5b9d-1c9b-4577-ace6-34707fa4aa5b,10,11:18.99 23:39.95 24:19.99
6aed7cae-bbb4-4a62-8932-265a47050072,10,8:1110 20:960 26:1200
6aed7cae-bbb4-4a62-8932-265a47050072,9,17:540
6af7ab6f-bf46-4f1c-8dfa-0881a423d30f,9,10:38
6afa7295-7743-4a7f-bd3f-f542964c1f24,9,17:80
6afdb475-5f5a-445e-8e05-f7bd59a6f15b,10,31:329.35
6afe3076-427a-4328-bdab-87d85c00fc0d,10,26:50
6b0999de-0f79-4d81-ad5e-9eef9f42a395,9,3:100
6b0e6e31-1bcc-4120-a0ca-dad220e95ef9,10,5:49 18:49.99
6b0e6e31-1bcc-4120-a0ca-dad220e95ef9,9,26:12.5
6b10b43e-361f-4a1a-98d6-4bf5c3bff9b9,9,17:120
6b223fe2-36ac-4ddb-8b3a-623ab51e834d,10,3:14.41 3:15.01 3:15.74 8:10.5 27:12.5 31:17.52
6b254966-5159-44d4-ba8b-5e2e843713a6,10,24:14.41
6b26a0cf-17d4-4c6c-882d-b2687f1faca8,10,8:7000
6b26a0cf-17d4-4c6c-882d-b2687f1faca8,9,10:295 11:300 19:281.47
6b289bfb-2f02-4b5c-8165-c94146f3d50f,10,3:32
6b289bfb-2f02-4b5c-8165-c94146f3d50f,9,5:28.99 10:13.52 14:15.5 14:29.95 27:22.5 30:13.52
6b2effb6-9b26-4ef5-853c-51d190960024,10,16:143.5
6b2effb6-9b26-4ef5-853c-51d190960024,9,4:70
6b32115f-1cff-4a59-8b3b-36b88aed42cb,10,3:91.2 6:180 24:186
6b383486-5d63-449e-b552-2ac699e824d9,10,8:11.5
6b39e10a-60f0-483e-8d3e-1549f336c5ab,10,1:36 6:28 8:33 8:36 8:40 15:42.99 20:40 22:35 29:36 29:37.05 31:48
6b3bad0f-15e4-41ce-9e83-8b67e07c93ca,9,10:35 19:35
6b42b8df-3aa5-47df-ae4f-7b05d59ad30b,10,3:240
6b42b8df-3aa5-47df-ae4f-7b05d59ad30b,9,7:199.99 8:119.99
6b466bd8-0875-4c43-8a56-da4ef6118d4f,10,26:85
6b46fb1a-2330-4f77-8862-b9d72b79f413,10,5:34.99 13:25 19:35.99 22:20 24:20 24:20.5
6b46fb1a-2330-4f77-8862-b9d72b79f413,9,12:10
6b4da26b-0845-49b7-aeaa-6b0e22d0d56d,10,3:84.64
6b504b1e-e28b-400d-b257-4cd6085cc89f,10,3:25 3:31 10:24.72 17:31.92 21:50.43 24:31.94 24:50.64 28:34.99
6b51e43d-92da-4b26-9f22-26c2fe56780e,10,3:450
6b5c0264-4478-48c2-ad26-b884960b45d2,10,18:42 26:64
6b6290fa-2f8b-4ebf-ba82-be1ee285b4bb,9,10:26.5
6b66f4eb-d47e-4535-9add-f465fe6acf9c,10,24:13.2
6b73e952-9f0f-4674-b09a-d36d13dc2a89,10,17:91.69
6b8171a4-f586-4394-b608-77f1b85f7a76,9,19:177.5
6b92ab46-055c-49b1-8421-d75339286c2a,10,3:265 7:250 10:264 10:264 26:245
6b96a172-7d47-4712-be93-3978f7176540,10,5:500
6b9b81e1-10ef-45f2-8cfa-25c22fac5269,10,25:23.5
6b9c0b75-12e8-4e7b-8b23-bc854b93e10f,9,3:39.6 12:80
6ba64e08-9c3b-4540-bb68-d671c9dccca2,10,7:130
6bab6ad0-32ad-4955-8659-5d1eac0da8b3,10,8:50
6bb156f7-fe96-4216-b375-9cf0903745e0,10,18:78 26:66
6bb156f7-fe96-4216-b375-9cf0903745e0,9,6:37.54
6bc00500-36de-4b1c-80dd-eab8ca02c165,9,20:49.99 21:55
6bdfa645-160d-4763-bf05-f945bcaa16a6,9,24:37.2
6bed0965-549c-46de-b72a-c87613c5c1a1,10,3:1530 12:1825
6bed0965-549c-46de-b72a-c87613c5c1a1,9,5:207.5 10:174 10:186 15:325 23:416.99 31:180 31:198
6bf66034-fd83-4ef0-9cd8-c8d22ebbb920,10,17:124.06
6bf66034-fd83-4ef0-9cd8-c8d22ebbb920,9,10:39
6c0454c9-5ef2-41f7-8711-30e2383cf35f,9,3:53
6c07eb80-89b6-48e4-a9af-31b0b880ed85,10,2:167.3 10:222 12:160.5 19:200 20:249.99
6c07eb80-89b6-48e4-a9af-31b0b880ed85,9,24:38
6c0ab55f-d70d-43d7-9a5a-355de06cc32a,10,9:206.03
6c0ab55f-d70d-43d7-9a5a-355de06cc32a,9,3:45 10:56 20:49.99
6c0af151-c4d3-4897-ad45-4ff6fb8c25ad,10,20:150
6c0ce41e-8837-4bbf-88a7-d8b01e987372,9,10:31
6c1b9a9c-ebf2-4288-98eb-51a9b4ae7328,10,19:154.08
6c2a5c75-5823-41b8-b6d0-3c54d86e3ce7,10,24:150
6c2cab4f-c222-4e90-9245-0d0a564b939c,10,7:34.89
6c377625-e52b-4fad-8cc9-d7c27819ad35,10,3:62.4 9:100 30:44.5
6c38a64d-7f4e-42e8-a9e2-29803ec567cc,10,31:40
6c39f957-e523-45d4-bfed-8478071238db,10,25:99
6c3af2a5-6117-41d3-95d5-22c741466ab0,10,30:107.5
6c3af2a5-6117-41d3-95d5-22c741466ab0,9,5:36.03 15:54.99 22:40
6c3bff11-6e2f-4d10-aa57-f8c5c09e9f24,10,12:599.99
6c3da9d8-9285-41d8-8a56-f7483f33ee97,10,15:15
6c5baf57-aa38-423f-a1bb-aefa4a225af3,10,10:53 28:45
6c5baf57-aa38-423f-a1bb-aefa4a225af3,9,29:31.12
6c656f61-3c78-4db2-a0ad-f9e14947d686,9,17:501
6c65c7ec-9bcc-4456-91be-82b6020cf9b4,10,4:149 10:67 20:65.12 26:54.99
6c65c7ec-9bcc-4456-91be-82b6020cf9b4,9,4:19.98 9:26 16:19.98 21:19.98 22:29.99
6c665925-580a-4c62-a240-aa6a2f2af9b1,10,3:22.8 19:22.5 22:17.02
6c6776ed-0f0a-4b01-b2e3-0bf87f530db7,10,3:14.4 7:8.5 21:13.5 21:15.5
6c6776ed-0f0a-4b01-b2e3-0bf87f530db7,9,14:11 21:9 23:6.5 23:7.5 25:11.5
6c69bc31-f043-48ad-87eb-6ce778d949f6,10,3:79.32
6c6b802f-215c-45eb-a1b2-b08854dea3cd,10,16:3000 22:2255 23:1850
6c6b802f-215c-45eb-a1b2-b08854dea3cd,9,6:466.71 8:450 9:412.49 11:438 13:450 13:470 22:475 23:400 24:420 24:425 24:450 24:451 28:511.32 29:495 29:510 31:432 31:460
6c71d772-e40e-4f0d-a4d2-252157cb9dfb,10,17:30.4 24:12.07 28:51
6c90ea35-4b20-4927-8812-944a0ac8c804,10,23:57
6c9420f6-3c6c-4e79-9b06-fe7b01a1b57c,10,2:260.83
6c961182-a82b-40e6-8259-c5c00baf862f,10,10:552 17:492
6c977485-5d97-4d20-aabd-d86a59b7508e,10,4:86.44 6:52 11:51 18:38 18:51 25:56 26:99.99 31:49.99
6c9eb0be-0c94-4b0d-8eda-aa9ee01201aa,10,15:82
6ca239eb-ca2a-4344-90d2-057c94406265,10,9:126.5
6ca8cdca-74ed-453c-b098-7f450d140ab8,10,6:125 9:43 22:50 26:46
6ca8cdca-74ed-453c-b098-7f450d140ab8,9,3:17.5 7:25.01 10:15.5 10:16.99 14:20 16:41.24 21:25 26:15.53 26:15.54 26:17.5
6caa33cd-adcd-4f6b-bf45-a7081136d270,10,10:152.5
6caa8535-1099-4e52-a9e8-ec84dbea267c,10,8:1202.6
6caa8535-1099-4e52-a9e8-ec84dbea267c,9,1:199.99 3:77 10:67.2 10:70 10:72 11:150 17:76 17:104.5 18:65 20:70 21:102 23:102 25:73.14 25:100 30:74
6cab28d3-fa49-460c-9899-8fe45e1befd8,9,16:770 16:779 17:790 18:731 31:1100
6cb0f062-a942-4fdc-af14-1586b6ef33a0,10,17:66
6cbe27e8-c7b2-4639-a9d7-7e5f27ad905b,9,8:24.99
6cd92820-08ee-4938-b7d0-bb201cec75d2,10,31:300 31:300
6cd92820-08ee-4938-b7d0-bb201cec75d2,9,20:239.99
6cdf58d5-7b4c-4831-93c1-36d37343cc85,10,25:80
6ce37ffd-7cd5-4470-827b-a8d9368e28a4,10,10:91.2
6ce8addc-8c9a-42f9-a306-e32116c267da,10,1:99.6
6cf07ac1-2e36-439b-a312-5858ddd8babd,10,18:249.99 18:265 31:157.5
6cf07ac1-2e36-439b-a312-5858ddd8babd,9,2:55 5:68.99 7:49.99 8:38 10:59.95 11:45 16:33.02 17:59.99 18:36 18:37.8 20:45 20:57.99 29:44.65 30:59.95
6cf8c5e7-75f8-4528-855e-0487aba2eff6,10,3:64.99 4:47.06 10:30.13 10:40 16:58 24:39 25:59.89 31:15.99
6d033a46-9506-4e9e-b74f-9a6b549dab74,10,27:95
6d17796c-b9ac-41bc-9ca6-99681198813c,10,11:23.38 11:49.99 17:31.16 21:54.99
6d1a1ad9-84f2-4905-8f0f-1867b959c9b4,10,14:155 17:86 17:103.75 24:90
6d1a1ad9-84f2-4905-8f0f-1867b959c9b4,9,30:87.23
6d1e2885-b66b-4159-b54c-5f749c9cd76b,10,10:124.95 18:91
6d1e2885-b66b-4159-b54c-5f749c9cd76b,9,13:35 14:41
6d2999b8-76ca-4e16-ac02-75de70b22435,9,30:202.91
6d2ef615-0390-4cb0-9584-8bccc63f30d4,10,18:87.85
6d2f8f0b-9f68-421e-bd62-06262d3cff11,9,3:98.4 8:96.99 25:87.95
6d35845e-489f-4471-9cfc-8d73c1414083,9,8:71.99
6d41818c-e279-4cbf-8c12-a3026d51aace,10,10:79.95 18:75 19:85
6d48bf29-7556-4183-8279-d962e1988693,10,2:450 10:450
6d4e852e-ebb4-4897-99c7-3d1955cee876,10,5:24.3 22:119.49
6d4e852e-ebb4-4897-99c7-3d1955cee876,9,24:15.5
6d54af39-3bfe-4328-ba7d-0248292fd754,10,21:20.5
6d62df2f-2887-47bd-ad27-38e540fa7d52,10,6:74.99 16:35
6d64f993-f0c3-472b-ba9b-2c6a8082d32e,9,1:169 10:50 16:61.51
6d68957a-5ca7-4243-8535-b270c6a7ac87,9,24:31
6d7a2290-f18a-4f89-b2b2-b92078a91684,10,10:99.99 16:61 25:57.5
6d7a2290-f18a-4f89-b2b2-b92078a91684,9,25:22.5
6d809191-1b85-4519-8941-dcdaade02728,10,16:35
6d809191-1b85-4519-8941-dcdaade02728,9,20:32.48
6d89a09f-81d1-4148-868e-618ce4b2d1fc,10,19:300
6da37aa9-1f53-41a1-b530-4794fcd7b791,10,27:249.69
6dab08c0-cbba-4cf7-a9f7-cead86eb1618,10,2:17.52 7:21.54 18:17.5 26:21.55
6db48686-ea97-4913-bdfa-a31f9ed12315,10,3:34.6 3:40.8 5:33 8:48 9:60 10:35 10:39.6 10:41 10:41 10:42.53 10:44 11:32.53 11:33.5 11:33.89 11:34 12:27.13 12:41 15:46.01 16:36 16:38.88 16:51 16:54.99 17:37.2 17:51.01 18:55 21:46 24:37 24:41 29:34 30:26 30:47.53 31:32.89 31:36 31:46
6db48686-ea97-4913-bdfa-a31f9ed12315,9,5:12.5 5:12.5 5:12.5 5:14.02 5:20.5 6:15 6:16.5 8:15.99 10:7.5 10:13.5 10:13.5 10:15.5 12:11.5 16:14.52 16:14.88 17:25 22:14.99 23:14.99 24:9.99 24:13.99 26:16 26:17 27:20.95 28:13.5 28:20.5 31:10.02
6db69455-379c-4e53-9b54-510987f7558b,10,17:205.5 24:255
6db69455-379c-4e53-9b54-510987f7558b,9,8:140 10:179.19 17:108
6dbaba92-9d94-4af5-a1f3-82d228e8b436,10,4:37.22
6dbb172a-8bb6-48d4-945f-5c0b3e17a942,10,27:32
6dbc9f02-d9aa-4c09-881d-9383ea5c60ee,10,7:129.5 8:168.5 26:153.5 28:81
6dcd4e44-c82c-47c9-b7ac-91fa8bebb63d,10,5:127.5
6dcd4e44-c82c-47c9-b7ac-91fa8bebb63d,9,27:50
6dd3f175-2b23-4993-83da-e0f80d316ee9,10,7:23.81 17:22.5 24:43 29:24.99
6de19c51-7045-4c03-940a-9fea7b6659ec,9,13:152.5 19:180 25:170.5
6de28585-e449-44ee-8c1f-1b5bc45a8288,9,3:37.2
6debd823-c6ca-4665-acf4-a6e0419d4aee,10,10:24.95 12:18.51
6debd823-c6ca-4665-acf4-a6e0419d4aee,9,25:12.8
6dec2c5d-edc0-43de-82cd-1bba8c46b36b,10,24:450 31:355
6df32ba8-92d0-4a2c-9d01-b0e677887388,10,10:55.2 25:100 29:119.99
6df75482-91af-40e0-88dd-fe374424aa50,9,12:148.76 27:174.99 31:167.5
6e08aee6-6360-49f8-afc2-846faa50a620,10,14:20.5
6e0b69da-f11c-4452-a537-9419a668e8e9,10,9:177.5 10:135.5 12:200
6e0b85e9-aea6-49b8-9985-7f5f2a505e2d,10,10:3480 28:3500
6e1118df-9aa0-464f-b5a1-435352398425,9,30:91
6e1349d3-285d-4a4c-8334-ea37690517ff,10,16:152.5
6e1349d3-285d-4a4c-8334-ea37690517ff,9,2:21.27 3:20.4 5:24.5 7:30 10:19.2 16:36 24:26.4
6e19748d-b037-45d3-9686-61c04ffeafad,9,18:872 24:690
6e38fcc2-55bb-4d0d-b49b-54ac18141208,10,27:115
6e45f896-7833-4ccd-837f-97e9e9db54b4,10,5:69 5:99.76
6e45f896-7833-4ccd-837f-97e9e9db54b4,9,2:28 5:15.5 22:23
6e47e7a6-8017-456e-98b5-8706c950ccf8,10,10:300 24:276
6e4a4b4d-e274-403c-a69c-7098eb09901e,10,3:76.8 10:93.6 19:122.5 24:151.41 31:125
6e4a4b4d-e274-403c-a69c-7098eb09901e,9,12:89.95 14:59.99 19:50 24:34.8 27:58.95
6e4c94f2-67f1-44e2-9d35-301d61ebf1e3,9,13:20 13:29.99 24:20.4 24:25.2 27:25 31:25.2
6e574550-1ec3-4702-97f8-e659c1dc6333,9,12:43
6e652a9c-3f8a-4bf0-9826-9d61f313dfaa,9,20:14.52
6e67473d-302a-4476-8e10-c6d9b6db6f6a,10,2:140
6e768818-3c33-4e56-9a3e-8d66376e671f,9,18:79.99
6e7b633d-5d85-4a61-9ae8-283e1424c084,10,18:80 20:80 24:130
6e7b633d-5d85-4a61-9ae8-283e1424c084,9,3:49.99 5:33 17:14.5 29:48.51
6e80f78b-f0d8-4ee8-9406-363f87752d6d,10,2:90 3:91 3:91 3:129.99
6e80f78b-f0d8-4ee8-9406-363f87752d6d,9,3:28 10:39 24:27.6
6ea312ba-dd50-49fc-b647-fba85da2f54c,9,11:70 16:40 31:43.2
6eb0139e-ab52-4b57-a1ba-d0e5e694372c,10,24:270
6eb0139e-ab52-4b57-a1ba-d0e5e694372c,9,4:61.91 17:31 18:44.24 20:33 21:46 25:49.99
6ec8295e-498b-4089-a42b-bc525d0183c4,10,6:135
6ed72461-40dc-48b3-893f-4fae2d0aa8ed,10,22:155 24:152.5
6ed72461-40dc-48b3-893f-4fae2d0aa8ed,9,2:45 3:38.4 9:45 11:47 29:47.99 29:49.95
6ed8ae3b-9d60-42a6-8fbe-212697209721,9,12:52.55 19:108.23
6ee5af63-111d-4f27-bf8b-cbcf21bf27fe,10,18:39.95
6ee74d32-0acc-4a89-a486-a9622632a53d,9,12:53 31:37.2
6ee8a324-df3d-4a12-b875-efd740d3a4cc,10,4:22.5
6eec6bd5-42da-4814-aa61-7cca527f0105,10,21:178.5
6ef73a78-a9f5-4e79-881f-fa6087ef2753,10,2:54.99 11:36 16:59.99 17:36 18:40 21:24.5 26:39.99 28:27 28:30 28:30.99 29:26
6f017ac9-0b26-4d70-aa1b-4a184e25836d,10,2:250
6f08feff-1121-4a10-a83e-a9a63ebf87bd,10,5:89.96
6f11b7fc-9ceb-4fff-b711-dba867cf6e4f,10,19:30
6f11b7fc-9ceb-4fff-b711-dba867cf6e4f,9,29:4.55
6f143308-5134-4f90-a549-cc92d2f4035a,9,24:44.99 28:38.31
6f163b24-d419-462f-b3eb-90116f05b5e8,10,10:5.5
6f1dd668-4ab5-4abf-aa58-52fee7c41f47,9,1:255.03 18:179.99 20:193.31 24:240
6f258204-b28c-4b56-a35c-2445e13316a8,10,30:51
6f258204-b28c-4b56-a35c-2445e13316a8,9,10:33.69
6f259438-cc2c-4a43-84af-1468a3774e0b,9,24:36 27:50
6f29dbfd-a201-4809-80aa-1bc59b85c830,10,10:74.99
6f29dbfd-a201-4809-80aa-1bc59b85c830,9,2:31.02 4:26.22 6:15.5 18:36 26:16.19 28:31
6f57e179-973f-4255-b645-ad7c0c4a10b2,9,17:432 22:510 25:507.69 31:700
6f5aeeba-f1b7-4d6d-8f2d-d8ce827ad5cc,10,24:38.4 31:25.2
6f5ef932-770e-42d5-bab8-ecb1ee672ca3,10,24:31
6f5ef932-770e-42d5-bab8-ecb1ee672ca3,9,29:16.5
6f72e727-e681-4791-8223-08a8c6cc8086,10,1:42 3:42 3:65 7:45 9:15.5 12:35 14:27.99 15:60.78 20:45 28:39.99
6f72e727-e681-4791-8223-08a8c6cc8086,9,2:14.5 4:17.5 5:12.5 5:14.02 6:18.5 13:14 14:19.99 16:12.5 21:16.5 23:27 24:13.5 24:14.5 24:16.01 27:9.99 31:10.95 31:14.5 31:15.5
6f761a66-badc-47b5-9f2b-b6ade0673315,10,5:24.06
6f7c6246-cc6e-415d-a9c6-78e06319c6d7,9,10:49.2
6f9c2d02-c665-4c91-b357-9d647c71c26d,10,3:32.56 3:33.53 31:50.4
6f9c2d02-c665-4c91-b357-9d647c71c26d,9,10:19.89 10:28.86 17:11.5 17:23.5 21:15 25:24
6f9d8b52-90bf-425a-80cb-9fecc3935949,10,17:117.42 23:100
6fa53cee-3164-4413-a8da-a71329c2e721,10,18:50
6faeee20-4c36-409f-8e13-ddde2d9ef62a,9,11:29.99
6fb51acf-af7d-445d-ba89-ed93a87c85d7,10,7:117.5
6fb51acf-af7d-445d-ba89-ed93a87c85d7,9,25:36.01
6fc12ba7-9b37-45ba-871a-e5b07d246a9e,9,27:11.5
6fd4739b-3434-4c34-b6fd-10beadec9a1a,10,29:75
6fd8b59c-a940-4a79-8ddb-332e62ba3d0b,10,5:12.5 30:15.5
6fdfe088-772a-4995-a79c-85dd75260b39,9,24:85.69
6fe36e75-a59e-4381-b340-7d1e21d3f42f,9,10:92.6 14:119.5 17:108
6fec54de-3a67-4a94-88b0-3c6e796ed293,9,3:355
6ff14444-6142-4031-acf2-9cf4ae0d6fe4,10,4:28
6ff14444-6142-4031-acf2-9cf4ae0d6fe4,9,3:20.5 21:22.5
70030360-7e07-4675-abc3-17af40afdc17,10,10:26.4 11:13.05 11:24.05 15:20 18:20.5
700888a6-2ee3-4937-a123-d248cded57ad,10,19:700 26:1199.99
700df848-66f8-45b2-ac7d-47759260e093,9,3:335 5:178.19 15:147.5 24:139.68
700e344e-13bb-453f-82a2-c77fc14bee50,10,10:240
7011884a-c8a2-44a3-8172-ce46c47a2a58,10,26:145
70129057-5beb-4c35-a36d-5efca18902e2,10,6:125.5 8:127.5 14:86 17:42 23:65
70159dc8-d03a-4aac-bdb1-4ddf124d83f1,10,28:199.99
7021a01a-75b1-46b4-9fb0-a771306f26c8,10,10:11.5 21:18.01 23:10.5
7021a4f6-c558-4b8b-94bc-f625e97ad369,10,19:51
702737b4-a91f-48f0-adad-b11b39d9ffae,10,17:76
702737b4-a91f-48f0-adad-b11b39d9ffae,9,17:11
702d7635-a5b2-40a0-886d-d6aa32c62595,10,3:213.42 10:222
70335dbe-ecf9-43de-b596-73082f2fecd0,10,17:67.2 17:91
70335dbe-ecf9-43de-b596-73082f2fecd0,9,22:20.5 24:20
70378261-9fd3-44c6-8da7-409498ea8e53,10,13:75
703aa467-d9fa-4335-8f8c-edebaf556211,10,2:55 3:58.8 3:62 4:48.3 5:42 5:49.03 5:52.5 5:55 6:59.99 6:95.3 7:42 7:61.19 8:50 10:35.77 10:52.8 11:49 11:50 12:81 13:59.99 14:55 16:40 16:49.99 17:58 17:62.99 20:40 20:41 20:59.99 21:60 21:95.97 22:50 25:47 25:56.95 26:51 27:60 28:70 29:58 31:46.24 31:56 31:61 31:61
703aa467-d9fa-4335-8f8c-edebaf556211,9,6:37.99 9:26 11:17.12 11:26 11:26.99 11:31 12:20.5 12:23.52 12:24.99 12:26 12:26.02 15:20.5 16:23.52 16:26 16:40 17:23.52 18:19.5 20:20.72 22:29.99 24:18.5 25:22.15 30:26
703e6c3e-3033-4f94-866d-720eddd839b5,9,17:152.5
70406352-7e57-40e7-afef-16b72cb1126e,10,10:870 20:705.89 23:750
7043fec7-3a9b-4ebd-970f-f438ea33c91a,10,3:49.88
7044d8dc-65b2-4298-8dde-64a54d65eef5,10,9:115
704c87dd-7b8b-428a-a62e-834ce8728c24,10,23:850
7068d4bf-0887-4c17-b8b0-0b60c682ac16,10,5:70 5:80
7068d4bf-0887-4c17-b8b0-0b60c682ac16,9,20:12.5 29:15.56
706a61ac-f21b-4df4-965d-602cd7dcb735,10,4:139 18:140.5
7072312f-4b21-4ab7-a05e-4c944e2295f3,10,22:50
7075e9b8-94a7-4a39-b884-28cd829cd966,10,1:35 16:11.61
707cfcb5-055e-4506-9bbc-e832dcaebc58,9,5:194.5
708094a3-c951-47fd-a732-d19d25a14d8c,10,17:480
708094a3-c951-47fd-a732-d19d25a14d8c,9,3:69
7087074e-937a-4d63-a1e0-515159b3db87,9,29:13.5
708c257c-618c-48d2-b14d-d771c7780c17,10,24:110.5
708e60fb-8443-452c-939b-ef5e47935bcc,10,12:255
70905514-b36f-40e7-97e8-81b0b592ceef,10,7:81.29 17:96
70905514-b36f-40e7-97e8-81b0b592ceef,9,24:27.27 24:31.2 27:27.19
70a218a7-9769-48ec-ab50-c0f5c03af591,10,3:32.4 30:42
70a218a7-9769-48ec-ab50-c0f5c03af591,9,3:21.6
70a507d7-e476-4661-aedd-2aced4068a10,9,3:71.69 10:43
70a5bb0d-6102-454d-a89d-9f224a0346bf,10,4:36 7:58.98 24:33.03
70a5bb0d-6102-454d-a89d-9f224a0346bf,9,10:23.99 17:15.52 20:14.02 31:32.31
70ac937c-224a-4ce1-86c9-d1fa6351c62b,10,18:12.5
70f16996-25c8-4573-9d4a-f0a7ee42eeea,10,4:175 5:121.5 6:224.99 9:224.99 11:137.5 11:224.99 11:280 20:112.5 21:143.5 28:152.5 29:175
70f16996-25c8-4573-9d4a-f0a7ee42eeea,9,3:70 28:74
70f4108c-43fb-460d-8703-4056744c53e5,10,3:600
70f4108c-43fb-460d-8703-4056744c53e5,9,8:200
70fdc13c-0625-4a7d-878a-1cf94e7232b7,10,10:120 16:85
70fdc13c-0625-4a7d-878a-1cf94e7232b7,9,1:53 12:47.99 17:30 24:32.4 26:35 27:29.99 31:32.4 31:42
71004808-4e85-4dad-b64c-343c30765f6c,10,12:300 14:206
71004808-4e85-4dad-b64c-343c30765f6c,9,4:58.04 5:58.21 5:61 18:89.95 24:48
71035700-9cfd-4555-9a44-63211c5d04eb,9,28:380
71139db2-6aeb-4369-8bad-9ceace1c513a,10,4:140.5 7:107.5
7117241f-49d2-4605-8f8d-a05ef439f700,10,17:77 26:25
7117241f-49d2-4605-8f8d-a05ef439f700,9,3:12 20:20
711a2653-818c-43d9-a274-5844e44b2cd8,10,24:350
711acaf9-4875-4892-8917-5fea404893d8,10,10:40
7122d641-5476-4454-a076-63e8c4a8ea60,10,4:950 13:1150.14 15:1220 23:910
7122d641-5476-4454-a076-63e8c4a8ea60,9,1:365.55 21:349
712df551-2987-42dd-ab50-906887cf53d4,10,2:80 3:122.99 4:95 6:76.48 7:76.48 9:96 10:82 10:95 11:83 11:85 12:95 13:75 15:89.99 15:95 16:80 16:90 17:80.35 17:102.5 18:85 18:87 18:109.99 19:90 19:100 21:96 23:95 24:77 24:89.99 25:100 26:100 27:95 28:99 28:110 28:115.5 29:85 29:90 29:96 30:88
712df551-2987-42dd-ab50-906887cf53d4,9,1:38.76 3:38.69 4:38.69 7:45 12:31.02 12:36 23:37 25:35 25:72 26:39.99 27:41
71327435-4e25-40bd-9a3a-f144ee371360,9,22:225 25:152.5
71377e99-c725-42e0-a52a-9873ff5231a3,10,31:153.5
714314f7-7b37-4a29-b359-73e101893cce,10,12:27.99 31:24.99
714e1711-1d5f-4c17-9af3-4d7031add1fc,10,3:202.5
7152e856-ac7a-4268-974a-87873f11ecd7,10,5:37.56 14:65.7 18:26.41 18:30 22:55 31:31.2
7153fa30-7de9-4bfe-8130-03235c9f0b6a,10,21:20
7154b0ed-a242-4cc3-b6af-3be26aac2278,9,1:163.66 5:126.5 10:160
715ef40d-5cf9-4106-ba4a-f150e13166fc,9,7:42.01
71652340-941f-4cb5-b103-3e9e78955c2a,10,1:38.76 19:66 27:45
71652340-941f-4cb5-b103-3e9e78955c2a,9,5:27.16 30:19
716a1049-6264-401d-a4a1-b365724a3691,10,21:649.99
7179a91f-eeb6-4d36-8377-7b3009ed4475,10,10:312
7179a91f-eeb6-4d36-8377-7b3009ed4475,9,15:107.92
71827f5b-8a0d-4e52-8cfd-63e5bb24292a,10,31:182.5
718746c8-b836-4bc4-bb68-377834f10dbd,10,20:331.42 31:396
7188e774-2aa5-45ad-af41-f09f186ceaba,10,16:320
7188e774-2aa5-45ad-af41-f09f186ceaba,9,3:26 3:32 3:35.02 4:38.69 16:75.4
718a53fa-264d-4183-8a8f-42a2a553017c,9,26:399.99
719245db-8c7d-4467-9888-6459cb3324df,9,25:10.65 25:12.5 25:15.03 25:15.03 25:15.5 25:15.53 25:17.5 25:18.5 28:18.03 30:29.99
71b098d3-14e4-4fcc-b1d3-4c45c3f7f2df,10,9:1500
71b098d3-14e4-4fcc-b1d3-4c45c3f7f2df,9,2:250 3:208.5 4:183.01 4:200 7:260 8:175 10:162 10:162 10:210.5 14:202.5 14:260 14:328.56 17:190 17:242.5 18:200 18:215 20:237.5 22:225 28:187.5 30:328.56 31:180
71b0a4a8-4fee-4a2a-ba24-298b87b163a3,9,10:32
71c404ce-8963-4234-9edf-b431c8507f9f,10,16:96
71ce50bd-74e0-42a5-83e3-8fdbf89948ff,10,2:17.52 5:14.51 5:17.5 5:19.5 7:22.5 17:44.95 18:18.53 24:16.5 24:16.5 24:21.71 26:22.78 31:27.5
71ce50bd-74e0-42a5-83e3-8fdbf89948ff,9,4:12.5 5:9 5:12.5 12:3.51 12:8.5 14:15.04 17:12.5 24:13.52
71d32099-54c5-4d0e-950b-90e3e62e1cf2,10,7:96
71dcedbe-6da2-4e52-8041-4e74d90fea2f,9,10:1230 14:984.45 25:1350 26:1187.8
71f10f96-c561-4558-9252-9bc2b4f7d8ee,9,5:16.5 12:20.5 31:20
7219f1d3-26f0-4c66-bd22-b8acc1192f07,10,17:300
7219f1d3-26f0-4c66-bd22-b8acc1192f07,9,11:175 20:100 24:86 25:96.99 25:198.62
722ea326-00a0-47e8-a2b2-714797c65307,10,4:425 26:460
722ea326-00a0-47e8-a2b2-714797c65307,9,3:120 6:162.61 31:140
723bfeea-36bd-4001-a8cb-f35a10fc8967,10,21:11.5
72482419-7f5c-42ab-a633-aa9d74a8518a,10,8:37.53 10:67 19:26 19:27.53 20:35 25:49.99
72482419-7f5c-42ab-a633-aa9d74a8518a,9,2:11.52 5:11.5 11:8.49 15:13.5 16:16.99 17:15.5 18:4.99 30:7.5
724a06c3-8843-4727-b0fa-355b60fe646c,10,10:162 18:169
724f14a1-2ee3-46c9-b290-19af2752ade2,10,10:150.33
72537222-2b18-4ef6-83db-a4d4c2fd6b15,10,19:37
725e82d8-0bf4-4f67-a56c-f65a98f26b1b,10,17:28 24:31.2
725e82d8-0bf4-4f67-a56c-f65a98f26b1b,9,7:26.75 11:14.52 21:18.5
72638036-9ba0-42cf-a0bf-70ea60b9d37f,10,17:32.69
7269ea94-d7ec-4efd-b64d-2bdbc54b9a41,10,7:25.11 19:17.52 29:15.71
727eaa9d-89cf-4ae9-9605-169f166316df,9,10:24.51
72869bbb-9676-40c6-a34f-4a84ed3b1a9f,10,3:21.61 3:21.61 10:15.5 16:9.99 28:15.02 30:13.5
728b5284-1925-443a-9257-1e562113d25c,10,2:159.5 5:175 8:138.5 8:170 9:199.99 17:115 18:177.5 18:240 21:140.5 29:155 30:120
729fc880-0371-4042-bc61-64d8f6331ff8,9,5:18.24
72c389c6-8840-4f9a-81dd-af2754cf2043,10,12:540 12:550 15:455
72c389c6-8840-4f9a-81dd-af2754cf2043,9,3:180
72c9b63d-25cf-4bcd-a223-f8072afd3da8,9,10:45 15:57
72c9ca1a-a636-4ba8-b5d1-1e0a862c0e49,10,29:485
72cec14a-7bb0-4a6a-aa8c-c03338febf7c,10,1:27 1:40 4:39.99 5:28 5:32.69 5:39.99 6:39.99 6:40 7:39.95 9:32.99 10:33.99 11:24.01 11:30 12:30 12:34 14:29.99 15:34.99 17:20.5 17:26 17:27.02 24:23.52 24:39.99 25:28 30:30 30:31 30:39.99 31:20 31:30
72d0f625-067a-448b-a9c8-c3f23953b520,10,1:550 10:480 13:549.99 17:630 21:590 31:485.54
72d0f625-067a-448b-a9c8-c3f23953b520,9,8:133.5 10:144 10:144 10:150 11:160 17:126 17:126 18:130 18:137.5 19:125 20:108.6 25:153.5 28:130.5 29:153.5 30:164.28 31:115 31:115.2
72d209b7-d2a0-46cf-b2e9-e132bd91112c,10,3:34.8 5:69
72d3640d-ad78-4f8f-85b1-b6a39230becf,9,7:21.5
72d67de1-0119-499d-96a6-ef34d7d86df9,10,7:79
72d6bf9c-216a-4d35-b87a-622d6cc45f2b,10,10:61.99 20:52.77 22:40
72d6bf9c-216a-4d35-b87a-622d6cc45f2b,9,10:15.5 11:26.01 11:36 17:13.5 24:18.38 26:15.04 26:15.53 31:15.6
72d80ff3-3d91-4a83-a9b9-06a5ff14943e,10,6:162.04 22:260
72dd03c3-6fc9-45ac-beb9-2af7a2c2ffbd,9,24:31
72e0c091-c75b-4d6a-a1ca-72c652f0280e,10,21:88
72f7c14c-b525-477d-8b53-f4e46c50f25a,10,20:1249.99
72f921a4-1411-4556-8425-2d39f5c7b543,9,29:30
72fb5019-3d9f-4b86-85cb-304885c481dc,9,23:239
730010c9-a012-4099-b345-ba52f98d593b,10,27:71
73035470-6631-4ac6-99e8-11e9d7eae877,9,25:51
730aafca-fa43-4f6f-b3ed-c670fa98c1d8,10,13:19
731030eb-98b7-4ecb-855c-0a6389febd0a,9,14:42
7310c2c8-e312-43d4-a52f-11e8c5171cbd,10,7:150
7310c2c8-e312-43d4-a52f-11e8c5171cbd,9,24:70
731191a7-6c38-4fc5-b373-a512a8c7cb1a,10,18:50
73280e63-ce1c-4182-8045-da3c9dd239b8,10,9:40
7329db02-43bf-45a3-94ee-89dd886b881b,10,17:41
73322893-2e20-4506-8b53-2c1dafcbef6c,10,6:43.01 9:59.99 22:74.99 28:54.99
73322893-2e20-4506-8b53-2c1dafcbef6c,9,2:14.5 4:25.21 9:20 10:16.5 20:13.52 21:29.99 24:21.99
734f5629-7c16-45dd-b9ee-7fcf725223f5,10,1:55 14:182
734f5629-7c16-45dd-b9ee-7fcf725223f5,9,16:31 23:17.38 31:18.46
735ea58b-1a2f-4ce7-a47f-a1b3848071c6,10,7:129.99 13:68.89 15:54 15:65 15:70.69 17:31 17:56.55 18:55.15 20:38 20:38.95 20:47 22:41 23:33.5 23:36 24:35 24:37 24:37.99 25:25.99 25:39 25:41.95 28:32 28:35 28:39 28:45 29:37.99 29:99 30:29.99 30:38.95 31:25 31:26.6 31:28 31:31 31:38
7366fc2a-3025-4d95-a97e-f20ff2e01e6f,9,6:200 25:152.5
736a5632-0337-4001-8aba-23298d5d5ebe,10,1:180 1:260 2:209 9:265 14:260 15:269.19 17:181 24:167.5
736a5632-0337-4001-8aba-23298d5d5ebe,9,22:85 24:88
737bd237-115b-4245-b123-07fa64c1f83c,10,18:110
73988326-5764-4fe5-8cdb-bbfc96a0039f,9,3:13.5
73ac7d7c-118c-4b4f-b0a9-91d0a14a5534,9,20:188.97
73af57cf-cb6e-4d70-96ad-e4b535733c14,10,22:47.92
73b3a62d-1153-433d-9363-31b4da52bca6,9,9:399.99 22:290 23:399.99 26:271.66
73c9ad11-ad91-4301-8996-f80b510a331b,10,1:142 3:296.99
73c9ad11-ad91-4301-8996-f80b510a331b,9,27:105
73cd6845-9a11-4e28-99a8-03d7f2fb4905,9,7:64
73d223c8-2361-41f9-a156-369d43d9ef93,10,17:30
73d91738-dbe1-43c1-b531-aa1f4e863d35,9,13:162.5
73d9820a-49d9-4cbc-923a-8ac9a444ce18,10,20:22 26:28
73ddcba6-f655-40f1-8c03-507981f2a71b,10,5:75
73ef569b-d4f5-456a-b954-64f99fb6a24b,10,25:85
73fad5b4-250b-4c71-8155-a912fa2acac7,10,10:549 12:649.99 16:650 16:700 17:510 21:799.99 24:510 24:600 27:580 31:520
73fad5b4-250b-4c71-8155-a912fa2acac7,9,1:151.17 1:200 6:157.5 9:199.99 16:137.5 17:157.71 18:244.91 20:200 24:168 30:182.54 31:156 31:156 31:245
73fd5bf7-7705-48cd-a3ca-d224120b0a8a,10,4:525
740200d6-b5d1-483a-bdd6-38d28e7296f6,10,25:20
7409500b-e491-4431-9f54-dc2ca766333c,10,5:28.9 10:11.04 10:24 14:14.01 18:20.52 18:22 18:35 19:17.52 20:20 20:27.62 21:15 22:27.95 23:29.99 25:18.5 25:20.52 25:25 25:27.85 27:27.83 28:15.51 28:20 30:16.5 30:27 31:17.5
7409500b-e491-4431-9f54-dc2ca766333c,9,1:15.51 1:23.5 10:14.5 19:12.5 20:10.5 24:14.99 27:11.5
74125c98-0d33-4832-9e32-918c462e90ca,9,13:32
7413f8ad-37ff-4185-8d74-a9807f8a9157,9,9:40.76 13:49.99 27:50
741b974f-9521-4d6d-81f2-efa84147e568,10,10:72
741b974f-9521-4d6d-81f2-efa84147e568,9,6:57.59 17:35.99
7430dc3e-7d50-4d71-81e5-27451b02ca33,10,19:67
74341fa5-936e-4f73-8f38-feef93ca61eb,10,3:450 24:599.99
74419381-abc3-40cc-954c-45117390e3a2,10,1:60 10:31 18:60
74419381-abc3-40cc-954c-45117390e3a2,9,5:20
7444c05d-85c5-432d-a304-363252eea42e,10,12:32.32
7444c05d-85c5-432d-a304-363252eea42e,9,8:15.5
7445d625-4732-483c-9287-605e84087f97,10,9:355.5 10:325 21:303 23:421.45 24:345 24:355 31:325
7445d625-4732-483c-9287-605e84087f97,9,9:66 10:85 16:70 19:75 30:55.99 31:69.99
744a5ea6-aa94-4a3a-be21-8e6aa9d1c3ce,10,8:109.49 18:72
744a5ea6-aa94-4a3a-be21-8e6aa9d1c3ce,9,20:34.98 24:19.52 24:28
74500aa0-e623-47ed-8ccf-796135f46bb7,9,29:15
7456f4be-6e1d-4768-9bfa-33970d192eb3,10,5:350
745cd206-2240-493f-a5d7-514244f575b7,9,16:76
746a5a21-2247-4b09-a8cc-181668b55d54,10,21:190.5
7481ae02-8b4e-4765-98ca-724c6ca38886,9,2:20.02
748e4083-59ae-430f-8e8d-ecc11cd700df,9,11:70
74910ceb-7647-4696-9f2c-3e04c5745ae1,10,15:199.99
74962707-b55c-4dfc-9e69-87fb3e2a1162,9,18:37.78
74a3aba2-2e9e-41d1-9db8-23b39da1e27c,10,20:281.81
74b32460-0fe0-4271-afcc-e047196a5bcc,10,24:15.5
74b61659-3908-4886-b02e-2f2644b916f0,10,1:420 2:374.13 3:367.51 8:489.99 10:318.69 12:265 14:330 21:500 24:450 28:500 28:599 31:401
74b61659-3908-4886-b02e-2f2644b916f0,9,8:142.5 9:205 17:102.51 17:162 19:150 24:133.38 24:144 24:185 24:225 30:140 31:200 31:210
74bb7c91-8895-4d18-94e0-dfed4ab7a24f,9,22:125 24:160.5 25:130
74c2deb6-90d1-4a87-a778-12ec1ad304ad,9,25:38.88
74d7fd19-cdb7-4582-a2ad-e63cffa1466a,9,8:25 30:29.99
74e8cd25-7018-4de1-89ee-88eb53835e22,9,1:165 3:88.8
74f4c6d5-0bf8-4cba-ad73-927eeeab055f,10,8:125 20:123.45 25:126.44
74f4c6d5-0bf8-4cba-ad73-927eeeab055f,9,12:34 17:35 30:69.99 31:24.5 31:36 31:40 31:61.17
74fb2528-13f9-4387-8f4c-33787ef6d703,10,13:85 15:85
750b04dd-9773-4718-b747-3b16c1017e93,10,25:51
750bb5be-b93d-46b3-a8ae-665650a3d325,10,24:77 29:100
751d88b5-29b7-427e-841d-5b985cc33290,10,3:67 4:199.99 24:93
75237d42-8505-43a9-b92c-eb41b047356c,10,1:25 11:34.99 17:24 24:19.99 26:21.5 31:36.23
75249613-558b-4e08-a223-163e42e7302f,10,2:210.1 2:234.11 8:195 10:224 10:278.13 14:230 16:175 17:190 17:238.92 19:175 20:204.5 22:194.97 22:219.99 22:249.99 23:198.4 26:200 27:299.99
75249613-558b-4e08-a223-163e42e7302f,9,5:121.16 10:86 27:149.99 28:120 29:139.5
752f6ee5-3a3e-4e9c-8c62-99e07944eebc,9,19:15.5
7532b320-aa99-4750-a031-bf2e66bb1c30,10,2:29 3:39 5:31.51 6:36 7:36 10:31 12:36 16:70 24:79
75363c87-0e64-4d13-9f5f-4b601b0fe859,9,3:24.99 16:34.99
753c0500-7c85-4190-96f8-890f2df8245c,10,12:45
7542493f-d44c-4ce6-a619-d91338c7c820,10,2:575.58 13:465
7542493f-d44c-4ce6-a619-d91338c7c820,9,17:273 20:399.95
754925fb-4a4c-4954-8bac-1feca069dbed,10,31:16
754da609-09e3-41b0-964d-1095648b6958,9,7:81
754edacf-d615-48a3-8efd-675df1720584,10,17:111.5
754edacf-d615-48a3-8efd-675df1720584,9,7:30.75 31:30
7554c770-50d8-4f18-a3b5-b8ee089b2dbd,10,10:21.5 12:34 13:32.75 16:26 23:20 24:15.97 24:22.5 25:28 29:30 31:26
7554c770-50d8-4f18-a3b5-b8ee089b2dbd,9,8:14.66 30:30.42
75584693-9397-4e7d-ae60-db56617ac1ec,10,10:20 25:21.51
75585ab4-a1b6-40cf-a180-5234258fa2aa,10,10:74.81 13:100 17:83 22:68.98
75585ab4-a1b6-40cf-a180-5234258fa2aa,9,30:64.99
755e5c7d-7bbc-441e-be2a-aa2e266b1a8b,10,19:140.5
756562f3-ce2a-42bc-b65c-56259f2c0a60,10,6:16 7:57 9:50 11:65 12:43 15:30 17:42 18:50 20:255 24:34 24:34.99 24:41 25:38 25:38.88 25:38.95 28:22.52 28:31 28:31.55 28:38 28:42 31:29.5 31:30.01
756562f3-ce2a-42bc-b65c-56259f2c0a60,9,17:17.18 18:15 19:14.51 20:19.49 25:10.5 25:18 28:15.5 28:20.5 29:9.5 31:10.5 31:15.5
756c7565-bfe5-48c9-9f7f-ee28ee8e3013,9,4:70 8:42
756f0629-9d3e-4fb8-873d-a8412eca9bf1,10,2:395 2:529.99 3:355.52 3:360 3:375 3:395 3:435 4:399.99 7:403.95 8:361 9:340 9:341 10:386.29 11:396 12:347.5 12:380 12:380 13:340 13:376 15:314 15:350 16:330 17:300 17:365 18:365 18:373 20:310.28 20:390 21:399.99 21:400 22:375 22:400 23:377 24:339 24:340 24:345 24:355 24:359.76 27:330 28:280 28:330 28:369.99 30:327 30:340 30:360 30:370 31:328 31:359.76 31:373.86
756f0629-9d3e-4fb8-873d-a8412eca9bf1,9,4:198.09 5:179.99 6:185 9:190 12:200 14:225 15:160 15:200 17:169.99 22:185 22:199 23:160.5 24:158.5 24:158.5 26:175.34 28:165 28:167
7571d868-ea42-49b1-b593-8e84155c08f2,10,5:99.99 5:105.5 6:90 9:80 14:65.82 15:54 17:51 22:71 30:55 31:44
7571d868-ea42-49b1-b593-8e84155c08f2,9,1:31 3:21.5 3:26 6:25 10:20.5 11:38 12:27.99 17:22.5 17:24.3 18:24.99 20:17.5 20:26.03 20:54.09 23:20 24:26 26:15.52 30:13 31:15.5
757adecb-5260-4155-bb20-4e6cdafd77a3,10,1:17.5 1:19.99 1:22.5 2:20.42 3:20.5 5:21.99 6:13.5 6:19.9 8:16.49 8:19.9 10:14.4 10:18.5 10:22.5 10:24.99 12:13.5 12:17.02 12:17.03 18:17.52 18:17.52 23:13.65 23:17.52 24:15 27:24.99 28:17.52 28:17.52 28:19 29:17.52
757c3be8-0771-40e3-8d9e-e20cf10563b4,9,10:125.5 10:125.5
758a17c6-26ef-485c-bed6-73e72774a557,9,12:27
758d3144-bdcd-4b2c-bda5-c1fbab289515,10,3:39.88 3:40.8 8:95 9:44 10:40.8 16:51 17:41 24:42
758d7c0a-db28-4eb4-ad34-46ad852d1e32,9,12:49.99
75a33976-b7b1-43b8-b946-46efc673c906,10,2:35 4:26 5:45 7:36 7:37 8:39.53 11:20 11:36 11:74 12:34 15:32 18:36 18:40 19:44 19:70 23:49 24:36 26:34
75a33976-b7b1-43b8-b946-46efc673c906,9,1:8.5 1:14.5 1:25 2:14.52 2:18.82 3:12 3:12.5 3:13.72 3:14.4 3:15 4:13.53 4:15 4:15.5 5:8.56 5:15 7:10.5 7:12.5 7:12.5 8:15.41 9:23.68 11:12.59 12:15.5 13:19.5 14:13.99 15:13.52 16:12.5 16:13.02 17:8.82 19:9.5 20:19.75 21:10.5 21:13.19 21:13.52 21:14 22:12.01 22:12.5 23:10.59 23:12.5 23:15.5 24:11.99 24:12.5 24:12.85 24:13.02 24:14 24:15 25:13.03 25:15 25:19.99 26:9.99 26:12.3 26:24.99 27:9.99 29:9.02 30:9.99 30:12.5 31:10 31:12.5 31:19.99
75b6b8ac-b9ac-4164-a09f-3a99261551fe,10,9:474.69 29:508
75c283a8-4576-4199-9667-d2272268f0b5,10,5:46
75c6caa5-e83f-4c72-85a6-33cf5fc35481,10,1:15 3:22.5 6:49.95 10:22.8 21:19.99 21:20 23:17.52 26:29.95 28:32.19 29:25
75cffbe0-550e-4b52-8924-6caeedd5973b,9,3:46 10:54.99 17:24 29:60
75d0fc02-efd0-4191-bf68-045554a6bd42,10,9:260.69 22:543.08
75d0fc02-efd0-4191-bf68-045554a6bd42,9,3:51 5:34 8:35 18:36.02 20:69.99 24:59.99 28:99.99
75d1e091-e3c6-43b9-ba0c-a3adb6d39cd5,10,10:145
75e50683-a739-48c6-beac-0e4b72a3a0a8,10,24:34
75e8e92d-449c-4941-a4cb-69dc4255f21f,10,8:32.1
75f4ce26-6418-440f-a021-88ca75beff77,10,20:184.99 23:155
760809e7-c8b0-44bd-afea-252b9ec6d93a,10,5:2200 17:1650
760b04b2-5a68-4bab-a8f9-48d66c88906d,10,8:50
760c9c97-8d96-46bd-8951-a736d7fdc3c2,10,8:27.95 10:14.08
760d507c-2f41-4dbf-bfe0-4d8bdf6cd78f,10,17:393 25:144.5
760febe0-bffc-4306-82d7-50b19a120e2f,10,10:21 17:14.4 18:29.75 20:14.5 29:20 30:17.52 30:19
76122274-2422-4f4f-9624-7bdaf558ec0b,10,5:37.56 10:28 13:60.12
7624c0a8-3f59-44f3-b38b-c52e9609d49b,10,16:202.5 18:202.5
7624c0a8-3f59-44f3-b38b-c52e9609d49b,9,16:72 16:83
762c8d0f-689f-4ff3-b203-9093105a2c42,10,10:51.6
762fb4a0-86de-488b-9faa-6937c71b036f,9,20:69.69 23:60 28:100
7631bdf2-6acc-48f5-aad0-e02ee0c7e708,9,24:61.51
7633cf16-4fbe-4bde-bc03-0db82efd0b51,10,4:58
7633cf16-4fbe-4bde-bc03-0db82efd0b51,9,14:34 27:30
76364d8d-fd31-4dc3-a9d2-204aae12e075,10,24:72
76426445-cfcd-46b3-b349-b4209f3e8b79,9,24:26.4 29:27.23
764cdc41-01ca-43e2-8923-6035f7891d3b,9,24:21.28 31:40.8
764e3a8c-d173-4e70-bbd2-63fdf1a05e09,9,12:16.5 31:16.8 31:23.5 31:25
76693865-dd8f-4d7b-bc26-622d9442044f,10,22:140
76693865-dd8f-4d7b-bc26-622d9442044f,9,8:14.2
766efece-956a-4a4b-91eb-d8af5f87493e,9,31:1320
768d2ecd-5cf6-4a19-a3fa-86a411856213,9,26:46.49
7693262a-ae78-4095-ad2e-abe9a0213032,9,1:299.99
769f3427-1011-418c-b1e1-a33d0f3a8147,10,12:295
76a748e6-c4d8-46f6-9a9e-d04674ece062,9,17:74.99
76aebe6c-1b88-4ad5-9a39-13cd59391666,10,2:840.39 3:889.99
76aebe6c-1b88-4ad5-9a39-13cd59391666,9,4:165.5 5:190 9:187.5 10:175 15:210 17:168 17:200 19:192.5 24:198 29:134.19 31:200
76b59231-e6e4-49c7-98d1-b1f51e16c3bf,9,7:103.5
76b8dbb9-c6ee-44fe-8c73-b700a8b074e5,10,28:45
76be01e0-8a19-4f2b-9997-169c0c4f4d02,10,10:660
76be01e0-8a19-4f2b-9997-169c0c4f4d02,9,10:105.5 15:120 17:140
76c31ead-9d85-4832-a0e7-528fe7b5c866,9,27:50
76d33872-cb76-473d-91c4-54627c9f3978,10,3:60 14:70.7
76dbe283-2179-4a07-b757-7804961df1db,10,10:29.99 12:41 23:26 24:45
76e0adf4-27df-4dd9-bec0-eb2f9238d442,10,10:29 24:33
76e0adf4-27df-4dd9-bec0-eb2f9238d442,9,29:15
76f27ac5-b574-479e-b849-afa0bf40e496,10,14:27
76fbf62f-fc71-4ac1-9030-10dd8eb942d2,9,9:9.99
76fc87ca-7f13-4854-a81f-b874e26a8d43,9,25:69
76fd7292-9f68-49cd-bcf4-daa90c5e3d9b,9,10:72
76ffc029-658e-4ea9-98d7-d6d5acce2cbe,10,3:112.5 5:119.5 15:129.99 22:133.5
76ffc029-658e-4ea9-98d7-d6d5acce2cbe,9,21:75 24:75 25:60
770b6eb0-3ac6-45b9-973a-e727c8fd38ce,10,5:31.82
77100a07-d3f7-45d6-a6f3-412b90c7c51e,10,1:15.5 28:25
771e1f6a-6b16-4735-8558-ec870eea7c6a,10,3:107
771e1f6a-6b16-4735-8558-ec870eea7c6a,9,12:40 15:44.99 24:50.4 31:38.4
771eeaf8-dddc-48eb-88d7-af8d6834c118,10,10:125 21:135 21:172.61
771eeaf8-dddc-48eb-88d7-af8d6834c118,9,5:36.02 10:48 12:35.02 19:35 19:40 27:30 29:31 29:38 31:31.02
7723c3ca-fdf2-4b13-940d-08ed931c82a3,10,13:82.03
7730062a-7713-45a5-bfaa-9a1290208619,10,10:39.95
7734c1f0-1e94-4d12-99ef-fc5e0d5c1877,10,9:375 24:265
7747dc9b-5f13-4e69-b6b2-b5a71310def9,9,11:16.26 17:10.5 31:14.5
774dec4a-5bc7-40c5-bf33-5692e5ab7b9b,10,4:149.99
77540c78-2340-4ac9-b395-12e5c8055a20,9,29:22.5
7755fc74-103e-4a5e-b56a-7744b0c07c0b,10,25:128.5
7755fc74-103e-4a5e-b56a-7744b0c07c0b,9,6:55.95 21:40 24:31.02 25:35.51
7759870b-4630-472f-b0b5-1a07618bd212,10,2:43 3:55.2 3:61 3:61 3:61 3:63 3:70.22 3:81 3:81.99 4:81 4:89.95 4:100 4:100 4:110.45 7:89.95 8:93 9:51 9:52 9:52 9:66 9:71 10:61.73 10:88.99 10:110 11:74.8 12:80 16:84.99 17:50.4 17:62.4 17:157.5 20:75 24:73 24:74.4 24:76.8 26:76 27:89 27:89.99 28:71.34 29:56 29:60 30:63 30:81 30:112.16 31:76.8 31:99.99 31:149.99
7759870b-4630-472f-b0b5-1a07618bd212,9,2:24.38 2:28.75 2:29.99 3:15.02 3:21.6 3:39 4:20.5 4:22 4:37.34 4:38.42 5:23.5 5:23.5 5:70 5:99.99 6:15.5 6:17.5 6:20.5 6:26.69 7:39.42 8:26.99 9:29.99 10:9.5 10:10 10:13.52 10:20.5 10:29.99 10:57.72 11:26 11:26.99 11:45.7 12:15.5 12:19.5 13:49.24 14:20 14:20.72 14:26.99 14:29.99 14:38.71 16:21.5 16:24.99 17:20 17:25 17:30 18:20 18:20 19:25 19:25 20:17.01 20:19.95 21:30 24:27 25:12.5 25:13.5 26:30 26:33.99 26:38 27:24.99 27:28 29:36 29:62.71 30:20.5 30:40 31:21.5 31:25 31:69.99
776aabd5-8c79-4d22-8b9d-0597a071efda,9,10:20.5
77757180-b04d-476c-abdf-ea5d19918df7,9,16:95
777cac04-353f-4293-a264-0d49f3696651,9,1:124.04
7781d06c-0516-4d73-b1cc-15b0002e6d3a,9,27:99.95
77937857-1407-4fa9-85b2-cbb92fa1fe98,9,10:26 31:42
779ae479-5d8b-41dc-84dc-15d80fb917dd,10,14:70.7 19:60 30:47
77b7854c-b224-4a87-92ae-8a8f1814cc08,10,4:108.38
77b787dc-404c-4d23-a3ee-9023879a8d0b,9,25:38
77b97d6e-aede-47ce-bf50-5fad9ac87e69,9,3:455
77bab6a4-3b64-4b1e-be37-702c277ad4a8,10,31:172.5
77c032d0-346b-4238-af7a-0a927258ee94,10,15:35 28:29.99
77c931d2-bc51-488e-ae47-1d04174a8fd8,10,16:31
77c931d2-bc51-488e-ae47-1d04174a8fd8,9,28:15
77d3a9b7-2972-4bec-a822-19e759d9b98e,10,2:31 6:24.99 8:19.99 9:37 10:26 11:26.5 17:22.8 17:46 20:30 24:37 25:23.37 26:39.99 27:30 27:38.94 28:30 28:41 30:35
77e30c28-09aa-497e-ba35-b6430ab76aab,9,25:35
77f50b3a-94c0-4df4-97c8-c4c205d55434,9,22:111.72
77f62e2f-c133-4dd4-a87f-e48751952119,10,1:180 4:153.5 4:175 6:176.5 7:155 7:158.5 8:166.79 9:175 13:169 16:150 17:150 25:190 29:170 30:172.79 31:208.37
77f8212f-2f3c-45e0-a065-2994d1d2e742,9,2:655 5:700 8:490 11:550 19:565 22:510.06 24:504 31:444
77fd815d-4ff5-49c1-8c3d-3212cf9167b8,9,20:640
780853a2-a5e6-4b78-b9ef-e9aebbbaa590,9,2:690.69
7809705d-6e12-4271-bb43-33e25e1abf65,10,5:28
78107eed-f9fe-4809-b770-90c812341b4a,10,6:39.99 20:28 26:52.99
78107eed-f9fe-4809-b770-90c812341b4a,9,31:15.5
7818a4a7-acb4-4fe5-9e10-9ff01253542e,10,10:12.5
781bd91f-0d1e-4eea-a191-3b283e3da790,9,25:67
78239dde-4272-4373-9c0a-88b2fa471a76,10,29:20.5
7834a1ba-6b9a-437b-a4e1-3e54b167a18d,9,17:45.6
7847d9e8-d50f-4cae-9ae5-9a46458a9bdd,9,2:23 4:37
785772ab-be7e-4add-8c44-5d9ecfc5620c,10,1:105 1:150 2:91 2:97 2:115 3:102.5 4:100.6 4:102.5 4:104.99 5:91 5:110 5:112.53 5:124.99 6:102.5 6:112.66 7:76 8:119 8:122.5 9:120 10:91 10:91 10:95.94 10:100.94 10:101 10:112.5 11:102.5 12:99 12:105 13:120 13:139.5 14:109.99 15:108 15:139.95 17:140 18:580 20:109.99 20:139 21:130 22:80 23:98 23:99 23:139 24:97 24:99.99 24:99.99 24:186.64 25:99 25:120 26:134.5 28:102.5 28:106.89 28:108 28:160 29:208.88 31:113.5 31:125 31:138
785772ab-be7e-4add-8c44-5d9ecfc5620c,9,1:38 2:36 2:41 3:22.8 4:25 4:54.01 4:57.15 4:57.15 6:53.6 7:37 7:40 7:49.99 8:41 9:39.99 10:46.9 10:52 11:54.91 11:55 13:34 13:67.66 14:37 14:45.49 15:43 16:49.99 17:48 18:38 20:51.24 21:36 24:45 27:54.2 29:79.95 30:50 30:67 31:50
785edf01-d3a5-47f5-b714-19e4331c58f0,10,31:55
785edf01-d3a5-47f5-b714-19e4331c58f0,9,29:26.78
78787800-4219-40fd-8745-71194c0a41ac,10,3:64 23:72.25
78787800-4219-40fd-8745-71194c0a41ac,9,14:32 23:13
7879db56-afc2-48e0-aecc-247e87e0e37c,9,14:964.4
78881d43-9429-4efc-a855-285f3a0ffb56,10,1:20 1:20.5 1:25 2:25 2:25.14 3:20 3:22.5 3:25 3:31 5:22.02 6:14 6:15.5 6:29.9 7:22 7:22.5 7:22.99 8:18.5 8:20.5 8:29.9 9:17.99 9:18 9:24.99 9:27.99 9:31 10:17.99 10:20 10:21.6 10:22.01 10:25 10:26 11:20 11:28 12:15.02 12:26 13:17.99 14:21 15:23 16:18 17:16 17:17.99 17:20.5 17:21.5 17:24.5 17:25 18:15.5 18:15.5 18:17.5 18:17.99 18:22.88 19:17.5 19:17.99 19:20.5 19:30 20:17.99 20:20 21:17.99 21:20 21:31.19 21:35.99 22:25 22:27.66 23:16 23:18.52 23:19.5 23:19.51 23:22.52 23:31.99 24:16 24:16.5 24:20.23 25:20.5 25:27.99 26:17.52 26:20 26:23 27:22.52 27:23 27:23 27:24.5 28:20 28:22 28:25 28:30 29:18 29:21.5 30:19.5 30:20 30:24.5 31:27.99
789079bb-5252-41ed-b07b-12e5dd94980b,9,31:13.2
7893d881-2cf2-433d-a647-0a94af8eb9be,9,31:115.2 31:199.99
78a8c5bf-aa08-49c0-af20-464fa2396880,10,18:100
78b26ac6-7808-4314-a5c9-b064e24b5280,10,24:36
78d17b23-93a7-4649-a87d-f325bbdf3250,10,3:316 9:257.07
78d17b23-93a7-4649-a87d-f325bbdf3250,9,3:108.34 8:90 14:100 22:79 23:40 24:56 30:92
78d62059-bcb4-44fb-9135-b1be376e4ece,9,27:335
78de0486-3330-4afd-a751-c5d4ae1d8962,10,24:58.89
78de0486-3330-4afd-a751-c5d4ae1d8962,9,10:55 17:32.4
78dee302-6a09-4745-ad2a-983a586c249a,10,15:20.27 18:19.08
78e78d75-5128-4c78-9791-240be7d34ab8,9,21:130
78f5112d-eff3-444c-8e38-551b6b649acd,10,2:306.14 9:339.99 24:372
78f5112d-eff3-444c-8e38-551b6b649acd,9,3:24 16:31.5
78f851d7-88f8-4b30-a580-4e3e1e67831f,10,1:70 5:61 5:67 7:72.5 11:71 12:97.81 15:59.99 17:41 17:42 17:43 19:59.99 22:64.99 31:57 31:59.99 31:79.99
78f851d7-88f8-4b30-a580-4e3e1e67831f,9,3:32.41 4:17 11:31 12:26.02 12:26.02 16:30 24:33.99 25:23.53 27:24.99 31:20.29 31:24.21
78fa62c3-1396-431c-86eb-3b400f5c63b3,10,31:91.2
7905d31d-8b0c-4aaa-acb6-8d15221e3de1,9,24:200
79209f02-2b8e-4d56-be75-c271c6c0fc07,9,29:10
7921f7ed-1934-4d9a-8b4f-c6500ab25596,9,10:64.8 12:46.05 16:45 17:46.56 24:49.2 30:42
79285274-8a72-4a95-b542-e721bbe7c4ab,10,18:49.99
793b17ed-3f65-48b7-9a22-af36e5ac67a3,10,28:50
793b17ed-3f65-48b7-9a22-af36e5ac67a3,9,27:208.76
7942ab64-5f79-4cd7-8550-e015fd2c01b3,10,12:24.99 24:21.5 25:20 31:18.5
7942ab64-5f79-4cd7-8550-e015fd2c01b3,9,27:15.52
79472fa3-e8be-48db-9bba-c9dbf81bb5bf,10,1:65.58 3:38.4 7:41.03 10:65 16:38 16:40.02 16:41.02 16:47 17:39.99 18:41.03 26:56 28:54 31:41
795850db-f187-4f7a-b5d4-acbd8bc0c6e5,9,3:59.99 8:92
7958aa96-8031-4baa-9ce0-8581e9316ac4,9,6:58.99 25:35 31:39.99
795d2c8a-5e6e-47fc-a021-7d826f8f0673,10,13:13.5
796b8291-d5a8-447b-bd28-5388b02b156f,9,10:37
796bcfcb-d1fc-4df0-981f-c2920fe2fc58,10,6:99.98 15:90 30:86
796bcfcb-d1fc-4df0-981f-c2920fe2fc58,9,6:40 14:32 19:19.95 30:15
7970ece4-ee0f-40eb-a91f-146b616a43e8,9,7:170 8:150 12:160.69 25:233.71
797d1893-13bc-4b60-8d9c-7a12d89b0ac0,10,1:220 2:205 2:215.5 3:197.5 5:197.5 7:224.99 8:177.5 10:185 11:255 17:170.49 19:182.5 19:229.99 20:200 22:180 24:183 24:223.97 29:250 30:227.5
797d1893-13bc-4b60-8d9c-7a12d89b0ac0,9,3:100 5:90 5:96 8:86 9:86 10:83 14:90 16:96 16:103.5 18:103.5 19:100 19:102.73 20:92.1 20:109 22:120 26:125 27:100
7980b0db-2bfa-4150-9ecd-fa180fe98b36,9,4:71.3 4:77 5:76.67 16:49 16:53 17:51 17:57 25:35 30:66
7986e101-86f2-4b19-93f8-d3869f81bb75,10,28:45
798c3f5d-d0aa-4999-a567-373ded350c2a,10,25:41
798c3f5d-d0aa-4999-a567-373ded350c2a,9,1:16.05 8:30 25:15.5 25:20.5
79971429-9d18-47eb-a16f-583955e723e1,9,10:60
799edd42-35a9-4787-b777-0ab1f260df55,10,13:180
799f9983-e325-4190-9355-38ed6d684228,9,8:699.98 25:499.99
79a4cc93-2683-4ecb-b74f-422926b56f06,9,1:34 14:59.47
79a63f6d-0d9f-4029-9358-7e881468fbca,10,3:31.03
79a6bd57-5ef0-47c1-96f2-3e699b10c617,9,5:89.95
79b5375f-90ee-4f62-8cc0-3181b307a67a,10,5:42 5:69
79c1408c-0956-4475-998d-6bbd329fbd05,10,3:630 10:600 16:610 31:731
79c1408c-0956-4475-998d-6bbd329fbd05,9,2:279.99 12:243.7
79c6f91c-2ce9-4776-b9ad-598006ad35cc,9,14:177.5
79d2123f-3279-4d91-ab9b-37b7fa06b3f9,10,13:98.88
79d7f3fd-d222-407c-bdcb-43ae91317f4d,10,26:55.7
79d8b59c-8192-42a2-baf0-da518a650b91,10,22:24
79dd4e8d-64f1-4af6-8789-fbc417621057,10,22:115
79dec577-493c-4b4e-9bbd-74aa1407a849,10,1:210
79dec577-493c-4b4e-9bbd-74aa1407a849,9,5:36.02 14:36 17:64.98 24:45.6 31:54.99
79f29a63-31d5-448a-a23e-4a3f751454b8,10,10:138 27:349.99 28:140.28
79f29a63-31d5-448a-a23e-4a3f751454b8,9,1:65.89 20:65.99 25:55
79fc1535-01d0-4bb3-846c-63ea68ad68f3,9,10:85.69 24:81
79fc82a4-5de6-48e6-bd2a-a382efbca9cb,10,1:30 18:34.2 23:26
7a05833d-88c7-4e04-aba0-eda1343d2561,10,3:1585.93
7a05833d-88c7-4e04-aba0-eda1343d2561,9,20:500 27:424.99
7a0cde57-ee13-41d5-9c23-68f6e4c3c9d5,9,3:112.52 10:197.5 22:172
7a100f4c-420c-4e41-9dc2-ab6b11e88c75,10,3:93.6 17:71
7a100f4c-420c-4e41-9dc2-ab6b11e88c75,9,18:76 24:61.02 31:51.6
7a1788e1-673c-4007-bfc3-0b5707749ddc,9,24:48
7a1bf4e7-fcca-43a7-9d46-cf446a4cf14e,10,6:374.25 17:288
7a1e1145-8447-4cd9-8c7d-258fb64dccf4,9,19:51.36
7a1f6479-bca9-47f8-91b5-cc0119aaa1e2,10,2:55 3:35 7:37 9:41 9:41 10:34 10:48 11:38 11:42.09 15:36 15:45 16:37 16:40 16:45.99 17:34.96 18:39 21:40 22:34.89 22:42 24:24.95 24:31.4 24:35 27:28 27:41 31:38 31:39.99
7a1f6479-bca9-47f8-91b5-cc0119aaa1e2,9,2:20 7:25 14:14.5 21:32.16
7a1fd938-2516-4eb6-a38c-4625bee67085,9,4:109.5 7:110
7a207632-1af8-4471-a92a-d9abb6f43fbf,10,23:62.26
7a207632-1af8-4471-a92a-d9abb6f43fbf,9,2:12.6 2:15.52 5:5 7:15 11:40 14:15 24:11.5 24:54.19
7a2a10d6-c7be-4b5e-abec-27f731dcb7e9,10,10:12
7a35b5e9-4fbd-42aa-adc2-fdd40e86f00e,10,25:74 28:80
7a38b21d-01ab-42b2-8453-8005dea94eed,10,16:650
7a38b21d-01ab-42b2-8453-8005dea94eed,9,2:130 3:117.5 3:122.5 4:124.99 6:155.5 8:100 10:98.4 10:100.8 16:115 16:159.99 17:154.16 17:164.99 24:100.8 24:117.5 25:139.99 26:163.99 26:209.95 29:178.93
7a3c6fdf-15b5-40f5-8bc4-9011291f4950,9,7:81 25:62
7a41548a-fa7a-45a5-97ef-cb720c2fc297,10,25:861
7a41548a-fa7a-45a5-97ef-cb720c2fc297,9,3:285 10:276 11:250 12:349.95 16:299.99 17:290 24:300 26:270 27:217.51 31:264 31:274.69
7a42cf90-8dbc-4dd4-987e-93f65a71065f,10,19:175
7a4977d9-48aa-4436-8edb-e26aaf42e54a,10,5:72.99
7a5345f8-2605-461c-a4d8-3a51c1377ae1,10,5:250 17:225
7a5a4dca-8758-44f0-a383-8f06fa7dec67,10,10:17.5 11:7.5
7a5b6919-da10-4c48-9680-88e0dafc9e69,10,19:45 24:43 28:26 30:31
7a68b7e1-5834-49ca-9680-84f0510d9729,10,9:135 12:167.99 26:167.99
7a83f61e-41c9-4441-b70f-1ae1990db4e0,10,5:19.5 7:31 10:25 18:45 19:22.52 19:25 19:29 20:51 24:17.55 31:22.5
7a8aa88d-e8be-4b15-a4ad-217f21f89c01,9,3:153.5 4:157.5 7:167.5 17:173.5 26:119.99 28:140
7a90336c-10bb-4213-9bbd-e70bda36b785,9,31:12.5
7a96c288-2ca2-4da0-94f2-b6676b8c681c,10,2:99.95
7a9acbf0-eedd-4e85-b4b1-dc3f2dd94b1e,9,24:76.58
7a9eb71b-c47b-43c2-b2b2-6c6b29929988,10,23:77.9
7ab579d6-e3ea-437b-a7a6-d054b9d15123,10,16:29.99
7abd8bb4-1b48-4125-a2e5-2b53fa0f5992,10,4:80
7abf4d6c-bdc9-4c1c-9d86-cbe863d48899,10,8:40
7ac9f222-aed7-42f0-beb1-447d8ee0d19d,10,16:85 20:55
7ac9f222-aed7-42f0-beb1-447d8ee0d19d,9,4:29.99 13:29.95 17:39.99
7ad2bed2-845f-4fb1-9049-1db5204426d7,9,16:43
7ad83d2f-41c5-4b4c-b0d8-4870b406b9ca,9,31:16.16
7ada3605-8dd0-4c86-b553-f2c3ff8183b5,10,5:39.95 28:39.95 28:39.95
7adb3791-f3db-4293-9811-128c68750506,10,3:800
7adb8b3b-cabb-48c4-952a-1c79bacb3e3d,10,24:890
7adb8b3b-cabb-48c4-952a-1c79bacb3e3d,9,23:175
7adf1c5b-ae1c-4eb2-9344-a95e9df50b5a,10,30:305
7aef14a7-946d-49b3-974f-abe53d4ab203,10,7:52
7aeffb9c-d1ad-4697-b5c6-251601b1b426,10,18:73.78
7af7af4c-7b9b-4367-9f69-8f3811f9cc8d,10,2:18.5
7afd8170-007a-4bee-bf3a-48a522a4ee0b,9,27:84
7b002276-f21d-410a-a1f3-a89563f0dc14,10,17:24.99 20:21.5 21:23.1 22:32.99 23:17.14 25:19.99
7b00a21a-cb2e-40e5-9e91-ae487fba934a,10,7:90 11:25.49
7b00a21a-cb2e-40e5-9e91-ae487fba934a,9,13:20.5 17:20 22:15.5 30:25 31:20
7b08b99a-7f00-4c0a-84f5-b9f6b395ce4a,10,3:82 17:100.8 28:200.8 31:199.95
7b08b99a-7f00-4c0a-84f5-b9f6b395ce4a,9,1:39.99 11:52 16:65.99 24:31 24:39.95 31:34.99
7b092584-59fb-437a-9da0-0f62434d38ad,10,2:193.5 4:100
7b092584-59fb-437a-9da0-0f62434d38ad,9,9:48 18:32 22:50 25:61.01 25:99.99
7b0c2fde-d08a-4c58-b2a5-c3d6b9e1657a,10,11:14.5
7b10688b-34ee-47c1-aa1d-fc35bdf4a422,10,17:54 29:80
7b10688b-34ee-47c1-aa1d-fc35bdf4a422,9,9:12 13:24.95 30:12.5
7b12410f-e42c-4ca6-a6b6-1b3d29c968a7,10,7:305
7b143cbe-b7c4-4cf1-9155-90adcb4b996f,10,19:87
7b143cbe-b7c4-4cf1-9155-90adcb4b996f,9,1:70 3:21.6
7b1c3104-f592-46f3-9337-3b9187ac4c05,10,16:24.8 22:25 22:28.5 31:22.5
7b248b71-b330-47cb-92c2-f13a164cf32d,10,8:50
7b28e9e3-a9d0-42d0-abb7-0ed1f6aca097,10,1:50 1:52.95 1:54.99 1:57.71 1:62 2:40 3:35 3:45 3:46.5 3:87.87 4:64.99 4:90.41 6:47 6:68.4 6:81.31 7:46.99 8:56 8:64.99 9:54 10:20 10:54 10:55.2 11:40 11:48 11:50 11:58 12:45.06 13:48 13:51 14:49 14:64.99 15:44.99 15:59.99 15:95.5 17:45 17:46 17:46.8 19:49.95 19:50 19:50 19:50.02 19:57 20:49.65 20:50.42 20:50.42 21:35 21:48.99 21:51 22:46 22:48 23:43.02 23:56 24:46 24:48 24:51.6 24:59.99 25:38.95 25:44.99 25:99.99 26:48 26:49 26:56 27:59.99 28:46 28:59 29:50 29:50 29:55 29:55 29:65 30:43 30:51.11 30:59.63 30:64.99 30:76.47 31:42 31:49.99 31:49.99 31:51 31:53
7b28e9e3-a9d0-42d0-abb7-0ed1f6aca097,9,2:26.02 3:18.5 4:27 5:26 6:15 6:20 6:38.32 7:19.99 10:21.49 10:23.95 10:24.01 10:26.02 10:26.51 11:15.5 11:15.58 11:20.5 11:21.05 12:28.99 12:30 13:19 13:20.5 13:26.9 15:41.98 17:20.4 17:22.5 17:25.84 19:16.5 19:20.15 19:25.05 19:28 19:38.75 24:22.52 24:24.5 25:36.11 27:17 27:25 28:27 28:27 28:30 29:25 29:42.5 30:32 30:44.44 31:18.6 31:20 31:20.52 31:21.07 31:30
7b315a55-eb4a-4342-bf2d-fd52dbc61582,10,23:1100
7b433ef5-cd9e-46d4-9432-7c699988c67a,10,1:89 2:98 2:110 5:81 8:100 9:97.5 9:109.99 14:110 15:91 19:100 20:119.99 22:100.01 24:110.5 25:73 26:100 28:91 29:92 29:105 30:70 30:110
7b433ef5-cd9e-46d4-9432-7c699988c67a,9,9:37.79 16:45
7b440b3d-1365-4060-bee7-8f349f195465,9,6:75 18:80 25:56.01
7b4d01a0-8a5f-448f-bcb0-b3699c8396b6,9,3:830 10:718.51 23:987.4 26:800
7b50beb2-a44e-4588-9ffc-e120a267f3d0,10,6:150
7b5c0291-05d4-4e78-8e81-35a5bebb3e0e,10,27:49.99
7b5f3b77-d2e0-48e6-9658-8ddf4c095df7,10,3:485 10:504 13:461.08 13:608.85 24:528
7b60d51e-201c-4b1e-acfb-45e3fe28b23f,10,24:13.5
7b61f183-d98c-42c5-a0dc-2cd8b6dd36b4,9,5:193.86
7b6fa3c1-b035-4d1d-ae18-6a83099c6428,9,24:1260 24:1650 31:1320
7b7bfdba-adee-444f-a0d5-34e6f4befb6e,10,19:200 25:188.29 31:243.38
7b865466-f644-417b-a3f7-b736a2ba733f,9,14:52.88 14:62.65 14:82 31:74.4
7b8a6257-fe09-447a-aab0-44e1470beb4e,10,1:19.99
7b8e7abc-a141-4387-b341-1340d093c3d7,10,22:89.99 31:28.8
7b8fbba5-45ba-4461-8169-5223006ef902,10,24:1995
7badc81e-baed-44b7-bc99-46c5cfd9ecf8,9,23:20 24:27.26 28:25.02 30:23.52
7bc97b03-c0cf-4f38-97d5-9570149e01ab,10,11:27
7bc97b03-c0cf-4f38-97d5-9570149e01ab,9,11:16.5
7bd1da0e-4045-4b4b-8b48-77e0a1ff300a,9,19:399 31:182.5
7bd92b81-0220-4d89-a54d-25a710e74e07,9,14:56.88 14:70
7be6434a-7770-4249-a863-7812743bf235,9,24:41 30:49.99
7be77ec8-46e2-4c6c-b5e8-bbf02a228cef,9,24:14.5
7be8399b-3f2b-4cda-a08f-2facdaeac52a,10,8:129.99 17:120.2 30:77 31:76 31:76
7be8399b-3f2b-4cda-a08f-2facdaeac52a,9,5:49.99 23:45 24:41
7bee16cb-eeff-4cf6-b9a1-7c3d52a92c72,10,17:36
7c17b0af-38a0-48e2-b490-37c99ad74e60,10,2:150
7c22b5af-3d53-4287-8579-6ab582d6106b,10,2:89.99 4:50 6:89.99 9:65 15:37 22:73 27:61 28:87.5
7c22b5af-3d53-4287-8579-6ab582d6106b,9,1:23.26 6:21.5 9:30 11:26.02 14:35.51 18:25 19:21.02 19:22.5 24:26 25:22.5 27:10.5 31:18.34 31:30 31:34.99
7c30b545-e559-4bae-9058-0442c9e9162c,9,21:28.6
7c371628-99f9-42a8-8eb8-4c37011692e0,10,3:696 3:700 5:700 5:700 5:725 5:753.88 13:720 20:860 20:1100 21:790 22:750 29:791 29:850 30:800
7c376d7f-16f8-46de-8e1f-741dd83bfe09,10,13:33
7c393ca8-4cd1-437c-a93e-a27ec9c34e54,10,3:59.99 9:75 10:108.23
7c3ed687-3f14-4a2f-8ab6-2fa8bea7a6c5,9,10:41
7c4e3cda-edd9-4bb8-b11b-9bfcecabe6d1,9,21:10
7c681f2f-ae24-4ef6-b7e4-01e869360de7,10,21:450 23:260 23:305 23:335
7c681f2f-ae24-4ef6-b7e4-01e869360de7,9,16:95
7c6b92d5-a825-4f07-8ec5-4112a42617f9,10,23:57
7c6b92d5-a825-4f07-8ec5-4112a42617f9,9,11:15.26
7c77dec5-bb7a-4fa8-853f-67029b292046,10,31:50
7c8e6676-95bc-4444-a919-9075a856a981,10,5:25.19
7c93d029-c05a-4d27-9caf-210c0419e1e4,10,15:200
7c93d029-c05a-4d27-9caf-210c0419e1e4,9,24:100.8
7c97a0ed-b1b2-4265-a238-de287a8d78f7,10,31:29.99
7c980231-0e2a-4cc2-84d1-11b1564015ed,9,3:280 3:306 16:364 22:418.22 24:286
7ca0541f-b736-4eff-bd15-a4f830b921d0,9,1:201 3:156 3:227.63 27:177.5
7ca5134c-3711-468f-b4e5-af0ffac27ba4,10,31:950
7ca5134c-3711-468f-b4e5-af0ffac27ba4,9,30:305
7cac5d62-a6d3-43a8-802d-546ae5416f2f,10,4:350 5:400
7cac5d62-a6d3-43a8-802d-546ae5416f2f,9,10:144
7cae30ae-07a7-4734-92cf-19ba1aa271d2,9,12:213.58
7cb051c8-40cf-41ec-94b8-7b791442036d,10,17:51.6 17:52.8 29:49.99 30:56.99
7cb051c8-40cf-41ec-94b8-7b791442036d,9,12:30
7cb3669e-555f-44a8-a171-0ddb79e93c3c,9,1:55.88 14:32
7cb75815-91ef-474b-aec5-a20b3a2b6fa4,10,17:139.99
7cb75815-91ef-474b-aec5-a20b3a2b6fa4,9,19:29.99
7cd4a68c-eabb-47dc-8e52-6af082efed89,10,3:126
7cd6b77d-f7af-4c7c-b155-35979f152fef,10,1:60
7cda02a1-5bef-450f-ac52-21bb0b36155f,10,31:350
7cdadfc8-53c1-4bf1-8b73-5c0386399acb,10,3:36 19:48.69
7cdadfc8-53c1-4bf1-8b73-5c0386399acb,9,10:60
7cdcc555-b00f-4e74-a027-e8102bb030a6,10,5:53.31 8:59.99 10:62.58 24:75
7cdcc555-b00f-4e74-a027-e8102bb030a6,9,1:12.02 1:30 4:40.63 5:22 6:61.96 8:22.71 15:10.5 15:19.99 20:14.5 21:14.5
7ce888ec-0fd3-43b0-accd-395675f1e19b,10,3:216 4:311.73 6:195.5 9:205.16 9:214.72 10:312 17:202.5 17:205 20:190.5 20:307.41 23:242.5 24:190.5 24:204.25 24:220.5
7ce8baa8-7cd2-44db-803f-a71d16e83efc,10,3:41
7cea3e1e-5908-4384-9f0e-5506535c75ab,9,14:215 17:310
7ceabb2e-d7a6-4b7c-a186-661b30d44f83,9,29:27.9
7cf17b8b-a79a-4a9f-a4e9-279549a7c7e9,10,7:73
7cfb280f-4ce6-4497-9b1e-a081afe4c94d,10,3:22.5 7:22.5 7:25.16 8:11.94 11:19.59 11:20 11:21.5 11:34 13:21.99 15:20 24:15.5 25:16.02 28:18.32 30:18.32 30:19.99 31:15
7cfcb177-333b-4962-be2c-0a4dd1dcab83,10,13:220
7cff6a69-c59b-4344-b657-e63755c2657d,10,19:106.5
7d0831b2-04cd-4ca2-91c4-c850306d1524,9,31:1575
7d1ae187-9dee-4169-a865-51aced81b837,10,13:11.08 20:34.91
7d1d33df-0926-40a2-94fb-11e58c927f85,10,1:64 1:112.94 9:42.5 23:61.99 28:47 29:63.99
7d1d33df-0926-40a2-94fb-11e58c927f85,9,15:24.5 22:19.5 28:31.02
7d1f0144-a0bc-4a92-aaa3-457bee075412,10,31:37
7d2752a4-9230-470a-a6a3-af9d3134377e,10,5:175.62
7d2752a4-9230-470a-a6a3-af9d3134377e,9,5:69.99 23:39 31:43.2
7d3089ff-3bae-49d7-a3ad-1d7555665a8a,10,14:350 15:300 19:271
7d3089ff-3bae-49d7-a3ad-1d7555665a8a,9,1:185 11:125 19:200
7d34a9fd-4eb1-4203-8f78-ead3442aacaa,9,3:12
7d36f46e-6e98-405a-addd-e0e6d631e0f7,10,3:79.99 5:100.89 21:131.95 31:85
7d36f46e-6e98-405a-addd-e0e6d631e0f7,9,12:19.99 13:19.21 16:14 17:29.64 19:19.99 31:36.51
7d3731b9-4ba0-41ac-b6b7-8590987b6a4a,10,24:1300
7d3731b9-4ba0-41ac-b6b7-8590987b6a4a,9,6:110 7:119 10:100.8 10:110.4 13:161.5 17:132 19:140 19:185.59 25:199.99 31:150
7d3f1367-322b-456e-8cc2-c4ada2b422b3,10,3:449.99 6:380 14:375 17:360 20:450 28:400 31:372
7d3f1367-322b-456e-8cc2-c4ada2b422b3,9,1:120 1:130 3:122.5 4:168.08 8:134.99 10:112.5 11:90 11:139.99 14:140 16:115 20:125 23:113 25:139.99 25:152 30:151.19 31:117.5
7d48eb55-f509-4806-9241-e6f4f70394b4,10,3:17.19 3:21.61 18:23.65
7d4f2161-9009-49b6-b919-cd22e223c3e7,10,3:33.6
7d53cb52-9868-4198-b0d9-c5968edcbf89,10,10:180
7d53cb52-9868-4198-b0d9-c5968edcbf89,9,24:74.4 26:49.99 26:60
7d613897-06c0-47ef-802e-44b7035230d4,10,5:26 15:41.8 16:26 17:25.08 19:42.63 20:42.66 23:35
7d613897-06c0-47ef-802e-44b7035230d4,9,11:14.5 11:15.5 12:10.5 12:11.53 17:15.58 17:18.85 26:14.5
7d6311c6-0d2e-4bd5-afe5-44a875b9fed6,10,3:130 11:87.79 21:79.99 30:74.99
7d6311c6-0d2e-4bd5-afe5-44a875b9fed6,9,2:30 3:26 5:25.44 5:27.99 6:13.02 6:13.52 6:29 14:20 16:15 17:23.94 17:45 18:24 19:29.95 20:13.52 20:29.99 24:16.5 24:20 25:25 26:25 27:29.88
7d6afb75-3676-4813-9d05-04348352a40b,10,4:130
7d6f4ec5-cdb8-4542-bec7-46b9b1cc4c3b,10,17:530.27
7d72c2ea-53db-4e31-be6c-668b7eff31d7,10,11:401.75
7d72c2ea-53db-4e31-be6c-668b7eff31d7,9,13:125
7d745133-92bb-4d82-a9d8-35a2e901dce7,10,2:68.5
7d7a54ba-b463-42a7-aed9-3d6d4746c9a5,9,24:37.2
7d7a6f9d-cdd1-496c-9e6a-a3c3351c8d0d,10,5:112.5 10:140 15:179.99 25:122.5 29:99.99 31:99.99
7d7dca88-dac4-43bc-9d8b-5d93151a6593,9,1:125 2:63 3:67.2 10:96 20:71 21:75 22:95 25:41
7d80bcf1-8649-46d6-83a8-7fe94a9f18c2,10,3:29.03 20:76 30:73
7d80bcf1-8649-46d6-83a8-7fe94a9f18c2,9,15:18.7 16:29.99 23:19.5
7d84b7e2-78c1-4167-abe9-26b907c6ea4c,10,3:21.6 3:25 5:17.52 5:21.5 5:29.99 9:12.63 10:20.4 11:17.02 11:17.5 11:18.02 11:18.5 11:19 11:20 13:33.88 17:13.3 17:16.5 24:22 24:22.99 27:17.52 28:17.52 28:19.5 29:18.5 30:25 30:25.55 31:17.56
7d88f6ec-03a8-44be-abed-7c4fc3f53728,10,31:47.46
7d8a3392-598d-4310-8840-c47f261ad39f,9,9:45 17:39.6 17:62 23:41
7d9ee338-0ae5-4ed0-83dd-986d20f62109,10,3:84
7d9ee338-0ae5-4ed0-83dd-986d20f62109,9,5:14.02 29:15.56
7d9f4765-e9cc-436a-bb0d-544e219b5165,9,9:74.99
7da379a2-01e1-4590-ada9-b8b94692933e,9,31:41
7db337cf-df75-46c1-a436-34a852ff1058,9,24:50
7dbc3b67-9108-4337-9781-ee2270f772d7,10,2:49.99
7dc1c97d-c8f8-4ac5-8d19-422c9145c1de,10,7:147.5
7dc1c97d-c8f8-4ac5-8d19-422c9145c1de,9,25:36.01
7dc31b0c-030c-4a5e-9306-8aed081c0085,9,10:127.5
7dc410b9-112b-4f36-85ea-443945e0efae,9,3:27.6
7dc61d62-406b-49a7-ba89-dfbe2688e3f2,9,29:39.99
7dd5e584-221d-414a-ac89-629700239c0a,10,3:56.02 15:99.99 19:99.99 26:56.64
7de1929a-e6c8-4f02-8e87-629dd47def90,10,13:290.48
7de1929a-e6c8-4f02-8e87-629dd47def90,9,24:75 28:70 31:45.6
7de69633-6b1a-42b2-9488-5eb4e74080ad,10,12:14.99
7deffc1a-a825-47d9-bd6c-3d127649478e,10,13:36 17:26
7df9b3f8-69cf-4c7c-8a24-85c320955539,9,10:201.99 20:174.99 28:224.95
7dffcfb3-09b7-4e4a-be2b-d777d8b238f3,10,26:74.99
7e018847-6294-418d-95f8-37a1ddbec56d,9,11:20
7e044de7-822b-40e3-be69-66159166d2f9,10,7:51 10:90.18 28:200
7e06db8a-6429-4387-a4ee-369ad30795ba,10,1:185.04 8:91 10:152.8 12:117.5 12:147.5 18:144 18:161.5 21:299.91 24:106 30:214.99
7e148bc7-affe-40e8-8fa4-613088d9237f,10,10:174 14:225
7e1e460d-188e-4d31-9889-849ae4cca06d,10,1:25.01 1:33 2:27 3:23.5 3:24 3:26 3:28 3:31 4:15 4:15.5 4:26.02 4:32.99 4:36.02 5:12.5 5:12.5 5:19.5 5:20.5 5:22.5 6:34.99 7:29.04 7:34.99 7:36 9:34.99 10:20.01 10:30 10:37 10:41 11:37 12:22.5 12:31 12:37 12:37 14:25 15:22.5 15:35 16:26 17:30 18:27 18:32 21:26 21:29 22:33.99 23:22 24:13.58 24:22 24:22.5 24:22.5 24:22.5 24:23.5 24:25 24:25.99 24:28 24:29.99 24:31.01 24:31.01 24:33 25:24.5 25:24.99 25:26 25:29 25:39.99 26:30 26:40 26:52 27:29.99 27:37 27:84 28:32 28:41 31:25 31:27
7e1e460d-188e-4d31-9889-849ae4cca06d,9,1:12.51 1:13.52 2:27.76 3:10 3:12.5 3:13.24 3:14.5 3:14.99 3:19.99 3:20.41 7:12.5 8:9.99 10:15 11:15.45 11:20.5 12:10.5 12:13.06 16:13 16:15.5 17:10.5 17:12 17:12.02 17:12.02 17:12.5 20:11.5 21:13 21:16.5 23:15.5 24:8.53 24:10.5 24:14.55 24:17.53 24:19.5 24:20.5 25:8.5 25:9.5 25:10.1 25:10.5 25:15 25:15.5 25:22 25:22.5 25:23.5 25:26 26:9.99 26:12 27:12 27:12 27:13.52 27:15 27:21 28:9.5 28:10 28:10.5 30:5.5 31:9.99 31:10.5 31:14.8 31:34
7e1f9880-e20c-4614-b32d-4c7375b643cc,10,3:6238
7e1f9880-e20c-4614-b32d-4c7375b643cc,9,8:1300 14:1250 21:1450 22:1081
7e246d53-7161-4783-857e-3fa712d06468,10,1:42 11:44.99 20:42
7e2e26bd-fea5-43f9-a0cb-99f1bd275b12,10,9:600
7e2e26bd-fea5-43f9-a0cb-99f1bd275b12,9,17:103.2
7e39650e-208f-4680-bef5-f8122f75ff6b,10,17:1076
7e39650e-208f-4680-bef5-f8122f75ff6b,9,1:388.62 20:525
7e3e7e38-ff1c-45df-834f-7696161e460a,9,24:144
7e477411-b8ab-4dc4-a9b8-76e067c9acea,10,10:900
7e477411-b8ab-4dc4-a9b8-76e067c9acea,9,5:112.5 6:100.78 10:126 25:111 30:168.88 31:105.6
7e53c01f-45da-4dba-a883-2a59e6d43699,10,11:800 31:280.51
7e53c01f-45da-4dba-a883-2a59e6d43699,9,10:192
7e572d93-bf6d-416e-86e3-92e2032f711a,10,7:22.53 11:39.99 25:12.5 25:12.5 25:14.4 25:19.5 25:20.52 25:21.5 29:19.48
7e62917d-0683-4c49-b6bc-4ff97f572371,10,9:146.79
7e6496da-dd4c-4c71-9afa-88a50b8f1163,10,3:132.5 5:130.5 5:131 5:132.5 5:170 7:149.02 7:150 11:124.99 14:149.99 20:135 22:142.5 24:132.5 24:140 25:155.81 26:182.5 28:142.5 29:112.5
7e6496da-dd4c-4c71-9afa-88a50b8f1163,9,10:71 12:51 12:85 23:71
7e6b2b70-672c-47e6-83ca-993807a51dc4,10,1:22.99 4:17.5 18:15 23:15.49
7e6c0268-230e-4d52-8f95-02a14946b32e,10,31:360
7e6c0268-230e-4d52-8f95-02a14946b32e,9,10:179.5
7e76cb88-9d20-45c0-a0f4-09251fbb87db,9,17:12
7e7a3125-0e6a-49cb-bdf1-78eda54cc599,10,6:6.5 8:13.77 14:9.99 21:12.5
7e843f65-2648-4261-ba1d-5add4ecbbb09,10,31:174
7e9e2592-d3fe-476b-b81f-8654f871126e,9,17:22.9
7ea2954e-d3bf-494b-a4e8-141176b1d81e,10,4:85
7ea2954e-d3bf-494b-a4e8-141176b1d81e,9,11:14.52 12:24.5 25:42.15 31:14.38
7ea7cf86-7dac-4161-98af-9d228b04b298,10,2:166 10:260 19:198.54 27:150
7ea7cf86-7dac-4161-98af-9d228b04b298,9,26:100
7eab7748-40f2-4c6d-a18e-1b127db41abb,10,9:49
7eae43e4-61d1-46fe-ae5c-5aa7381da909,10,1:61.94
7eb35090-0dc7-484e-b831-f5827b9be2ef,10,23:34.99
7eb6c763-4c6f-4959-b4e3-534a043618e3,10,3:49 13:70 17:67 23:66
7eb91db9-12d3-418e-9743-21362bc90bdc,10,14:179.99
7ec0864e-1f1f-4194-ba25-eabdc1f49b1e,10,2:29.99 4:20 10:17.99 15:15.5 15:17.52 15:17.52 15:17.52 31:20.11
7ec1011b-351f-46e9-904c-eebce57ffff4,10,13:676.55
7ec4ff7c-d9ec-4473-a74c-ae1cd721cef8,10,17:20.4
7ec4ff7c-d9ec-4473-a74c-ae1cd721cef8,9,23:18.5
7ed379bb-419b-45a8-8481-15addc497138,10,29:20 31:15.99
7ed7cb1c-d2bf-4438-a971-75b56e7f2a55,10,3:37 24:99.99
7ed7cb1c-d2bf-4438-a971-75b56e7f2a55,9,28:31.5
7ed8d342-b577-4e98-a9f8-3dd7ad4268ea,9,31:26.4
7edb8ba7-bfe6-4a17-9375-4f2c45b948e9,10,8:61
7edb8ba7-bfe6-4a17-9375-4f2c45b948e9,9,15:34.2 19:38.75
7ee3aaa8-fbc4-498d-9c60-87e4a9c3bf86,9,31:39.95
7ee95b76-82b0-4371-9f3a-72d4c45837c5,10,17:396
7ee95b76-82b0-4371-9f3a-72d4c45837c5,9,17:105.6
7eee049a-8bec-4dc5-8d35-13e05e25158a,10,17:38.76 21:59.5 21:116.55 24:40.8 25:59.5 29:199.99
7eee049a-8bec-4dc5-8d35-13e05e25158a,9,5:34.92 9:34.77 11:12.53 11:15.5 17:23.55
7ef63cea-a66b-45ec-817a-02202e85b902,10,6:33.59 18:60 22:46.55
7efeb65e-2a89-44b6-be6c-27e3ab9a2ce1,9,14:220
7f04e712-dce7-4ae5-bb33-b8311adbb0b1,10,5:13.5 9:11 11:26.55 12:25 16:17.5 18:12.5 23:12.5 23:14.5 26:20.5 26:29.99
7f04e712-dce7-4ae5-bb33-b8311adbb0b1,9,4:10 14:9.5 15:5.5 20:7.5
7f2963bc-a85b-4636-900e-6cd03437a32c,10,6:160 17:103.2 20:170 31:120 31:142.51
7f2fec1b-13cc-4287-8a2a-3227bffd3f50,9,10:243.5
7f4420cc-eac0-4c68-bdcc-885dafffe4ca,9,14:5.67 17:14.5
7f4d8430-ccba-4152-96d0-0f4f53330e77,10,1:248.07 16:221
7f4d8430-ccba-4152-96d0-0f4f53330e77,9,19:50
7f4facab-4b38-409f-b732-02df2c2a3d51,10,13:299 17:312
7f50c1f8-4dea-49f9-9ae0-a61ce11de7db,10,5:42
7f576c00-49ae-49d1-bd10-a17ce8f9c81a,10,19:749.99
7f576c00-49ae-49d1-bd10-a17ce8f9c81a,9,23:45 28:52
7f63e0ea-2d53-4a3f-bf2b-7a7fecb7603f,10,29:37.5
7f63e0ea-2d53-4a3f-bf2b-7a7fecb7603f,9,11:17 23:15.5
7f6a324b-1637-49c8-9ab9-960aca49ef71,10,15:16.19
7f6a8255-5fea-4c88-b00b-740235e945bd,10,2:24.5 3:27 6:25 6:38.5 7:28 7:29 8:19.2 10:26 17:30 18:21.5 18:26 19:39.99 26:25 27:31.99 28:24.99 31:34.99
7f6a8255-5fea-4c88-b00b-740235e945bd,9,1:14.02 2:15 3:15 4:15 8:13.26 10:14.6 14:12 24:20 26:8 26:18.5 31:12.5
7f744e5a-580b-465d-a9ce-3c6865cbc561,9,25:26.02
7f7cc7f2-ac51-4eef-93fb-051af24cdbea,10,8:29.95
7f7cc7f2-ac51-4eef-93fb-051af24cdbea,9,2:9.5 3:11.16 10:19.99 28:9.99
7f890396-cc3c-47b6-ad94-44a669b910be,10,7:5.5 23:3.99
7f892d65-585b-42af-bfd9-caa250adb695,9,25:123.5 31:122.38
7f91097f-f3ce-4cb2-bcde-2b95e9dd6bc4,10,21:300
7f91097f-f3ce-4cb2-bcde-2b95e9dd6bc4,9,18:19.5
7f916c4a-ab29-4c70-b2dd-e8fe0333fddc,10,11:110
7f916c4a-ab29-4c70-b2dd-e8fe0333fddc,9,24:22.8
7f9889f4-2eb2-40e7-9c75-72bd04f2293d,10,27:53
7f98a94b-e4a6-4d2e-9686-c4cd58840379,10,26:190.5
7fa3107f-62cb-47fd-8028-62694728b49a,10,17:121.5
7fabdfc9-67ba-43e9-81d8-13d8a9f256fd,10,11:99.99
7fb22315-b715-4bd9-ab54-64857c835493,9,19:93
7fccd84a-ea4f-409d-b1fa-a310b77b6cce,10,1:61.94 10:60 31:55.2
7fccd84a-ea4f-409d-b1fa-a310b77b6cce,9,10:23.5 26:35 28:25
7fcefb21-97fb-4937-a0cb-88d16f112171,10,6:49.95 8:47 11:40 11:45.35 12:36 13:64.88 14:41.05 14:49.99 15:40.8 17:44.99 18:44 24:47.99 27:39 27:40 28:29.03
7fe52d08-53a5-47a7-9202-649ed65e7f7d,9,2:401 10:376 10:395 20:552.32
7ff0b6ed-7b01-4f05-ac5f-3202f23185a4,10,15:13.5
7ff2cfda-1f90-4542-8a4f-6dcc04a51091,9,17:750
7ff5e038-a5ea-4f1a-a926-8fd37c254ff5,9,10:92 16:91 26:110
7ffc1165-cb09-4add-ac97-38382805c3d2,10,8:36 10:26.4 22:43
7fff1ec0-3664-44f6-9a38-58287f2f52b9,10,6:54.81 13:129.99
8001a7b0-8df9-4bfa-9676-523b2c7f22cc,10,3:124.5 17:242.5 31:171.5
80020257-f2ca-46de-90be-be55398ff8f9,9,23:19.5
8017a827-4b09-4d4d-ad15-cd91cc2f2493,10,6:184.67
8017a827-4b09-4d4d-ad15-cd91cc2f2493,9,9:51
801a2eca-2923-4d8c-aa4b-263f3f07cbd8,9,11:858.44
801df764-b99b-474a-a545-9f15fa02510e,10,8:35 12:41 19:22 20:23.15 20:26 30:25
802e1016-2e33-4b6a-bff4-fbc05593dfd6,10,25:40
803565ff-f175-495a-bbd0-47ce2165a16b,10,12:194.28 24:132.5 24:175.5
803afb53-542e-41da-b1cc-a3245b01f12e,10,27:150
8040df4e-1437-4cab-90fc-bcee0b322d61,10,10:72 27:60
8042f3db-8c18-42c8-bb45-37879ea661b9,10,24:74.4
804807b2-a69f-4605-bd72-ec8840523298,10,7:52 10:76 13:99.99 26:99.99
8060f81e-a4e7-422a-aa59-aa12ac62111a,10,21:124.95 31:69.6
8060f81e-a4e7-422a-aa59-aa12ac62111a,9,29:60.83
8062becd-6750-4205-a36b-6d1cbcde39ec,10,16:22.52
8064688e-2245-4a7d-9adb-9d0906bd1ffd,10,4:80
806ca8ac-fa62-4974-92e7-15c74d2fb751,10,2:53 5:42
806d555b-ff8b-4d94-a674-612b864ede91,10,27:295.16
807dc333-f5a4-47fa-9473-6216a8dae1a8,10,8:244.5 31:145 31:156
807dc333-f5a4-47fa-9473-6216a8dae1a8,9,6:99.99 14:51 30:41
80831123-be72-4694-a546-1fa269875f7c,10,6:134.83
8088e7f9-2a47-4b9e-a357-2c3dd0927c8d,10,7:35
808d427a-a8d8-4be2-9f7b-26c50a00c484,10,10:24.72 12:40 20:38.01 21:34.96 28:79
808d427a-a8d8-4be2-9f7b-26c50a00c484,9,18:29
8098e276-2f2f-415a-a0fa-6a384f637868,9,3:101
809e45a3-4a4b-4f44-a0e2-de2dcfeeeeb6,10,17:96.52 21:80
80aa2338-c90c-4ed5-b0f3-8ebd9acf742b,9,11:62.2 14:54
80ada379-a55a-413b-b42e-892e06b3089b,9,3:112.5 18:65
80b1e087-0be3-4aa5-aa48-6bee7c0cee77,10,10:60.13 14:34.95 17:31.16 23:51 24:27.27
80bc9bbb-a0be-4e07-8751-fc1f3c6d580d,10,4:26
80be78f7-4b97-4bae-abe8-55cf84024886,10,22:241.41
80c149ae-052d-4f82-bcaa-031b6a9066d5,10,26:100
80c3f3c8-ff05-4c01-b934-1e3116b39b50,10,3:61.13 3:66.55 3:69.65 3:87.06 3:94.8 10:84.18 11:104.99 18:90.1 18:93.1 18:94.1 18:95 19:89 21:85 22:104.99 24:104.99 25:99.99 26:99.99 28:96 30:90 30:182.54
80c5b69d-92dd-4f92-855b-d5acd990a414,10,25:20.5 28:34.99
80ca1fe5-f242-49fe-a56a-cbb54e3b4389,10,18:30.69
80def754-ec69-40e1-8b02-1326c8da7cb2,10,8:187 11:130 18:186.21 26:220
80def754-ec69-40e1-8b02-1326c8da7cb2,9,2:55 9:63.4 10:66.74 16:33.5 18:32 22:45 24:25.39 24:65.66 25:56
80df80d4-642e-46b8-a61e-fcb53f90d2ab,10,12:2000
80e71e4b-15a6-425b-93f3-efb5140fef61,10,27:150
80e910a2-fd77-4078-9bdf-d82145177d1c,10,15:157.5
80e910a2-fd77-4078-9bdf-d82145177d1c,9,24:80 25:48 31:50
80eecdbb-9438-45e3-a6c3-596a94a6e8bd,9,3:26 21:69.99
80f0c66d-f3cd-4737-8055-c6897d6cbf41,10,4:130.5 10:151.69 26:128.5
80f0c66d-f3cd-4737-8055-c6897d6cbf41,9,12:68
80f9c691-c752-4281-b1e3-3a2d30fc5512,10,24:26
810ae5c6-1440-464f-80dd-6c2373865480,10,18:475
810ae5c6-1440-464f-80dd-6c2373865480,9,31:38.4 31:40.8
8125ca6e-cfd0-417c-bff7-415d943c6ed9,9,14:45 17:39.99
81264ee7-2b21-46d2-a5e8-f57122670c76,9,18:32.25 24:28.8
812b6faa-a4bc-461c-9213-76d3392ccade,9,20:18.5
813a214a-67e8-404f-81d7-3cc0e3826731,10,29:58.49 31:58.49
8143d7d5-5d88-4c5d-9470-8550ffc81908,9,22:24.5
81456193-4d48-453f-980a-163a32eb4fa7,10,12:75
81456193-4d48-453f-980a-163a32eb4fa7,9,21:15
814d5e34-bfb5-41d2-afe0-ff42e74fb339,10,1:80 17:50.67
8151ee80-4abf-4e57-8bd4-0a890492566f,10,10:52
81558f21-89f6-428c-a08c-c6bdda726474,10,17:150
815fd27b-e5bc-48d1-a366-707230f21a8d,10,24:351 28:495
815fd27b-e5bc-48d1-a366-707230f21a8d,9,10:135.99 29:116.69
8163a98e-90a1-495e-882d-52a305957ff5,10,24:188.5
8163a98e-90a1-495e-882d-52a305957ff5,9,11:75 13:107.58
8164b6fa-036e-4d56-9f4b-d985c4734244,9,26:65
8175e038-4df6-47b8-b833-56545281bb9c,10,7:210
817718d1-e525-499a-9fac-f41f77f2daf4,9,12:52 26:81
817a692e-1f7c-4148-8185-ad79d1f11f92,10,1:117.5 30:82
817a692e-1f7c-4148-8185-ad79d1f11f92,9,2:35 7:35 7:43 9:42 12:36 24:29.28
817b14c2-9fd0-4479-9bd1-c1f93a3c7037,10,8:30
817de8bb-8ec3-4372-909b-0cf2eba5f161,10,11:23.12 13:49.99
81822f87-27b1-4a54-bf9b-6ac0866c3d22,10,17:36 28:71.99
81822f87-27b1-4a54-bf9b-6ac0866c3d22,9,6:15.52
81841714-8653-4f1d-a62a-864a1f318402,9,1:65
81885557-7b3f-400a-a5b4-273d24cc148f,10,19:33
819ae787-0f6c-4de2-99d5-ce97e41a5e02,10,1:116.28 10:70 10:70 10:70 10:70
81aad2a1-86e7-45af-ac1b-e32bbbe22c3a,9,10:49
81c7188d-725d-46ec-84b7-a9a0590bb1df,10,3:83 5:165 18:200.5
81d72cfa-198f-4615-b949-ca7a0730f6d8,10,24:372
81dff42c-a4d0-45dd-b615-9a663f5d47cc,10,2:1600 3:1590 31:1741.51
81e24ca3-52cb-4bd8-9631-6e0675999e38,9,3:102
81eafb9d-87d8-4aa9-a8ca-e5b3acc001bb,10,22:99.99
81f10262-17a5-4f07-bf24-44afa73205fc,9,14:49
81f54c0f-fd87-463d-9719-ee85b54321d2,9,10:15.6
81f70294-16b3-4285-bb6f-8b8f2d6fbb34,10,10:120
81fb79cf-71b3-49ef-a176-b1324e64e0d9,10,9:290
8208805f-9b3b-4583-ade6-123e8c855b67,10,1:32 1:36.34 1:39.99 1:44 1:44.93 1:44.99 1:45.9 1:46 1:47 1:47 2:39.99 2:40.99 2:43 2:46.42 2:47 2:47 2:47 2:49.99 2:60.03 2:63.16 3:21.5 3:22.5 3:30 3:34 3:35 3:36 3:39 3:39 3:39.6 3:39.6 3:39.6 3:39.6 3:39.99 3:40 3:41 3:41 3:41 3:42 3:43 3:43 3:46 3:47 3:47 3:47 3:47 3:47 3:51 4:26 4:30 4:35 4:35.25 4:39.99 4:39.99 4:45 4:46.42 4:47 4:47 4:49 4:63.16 5:27.99 5:36 5:36.8 5:37.5 5:39.5 5:41 5:55.73 5:63.16 5:63.92 6:37.8 6:38.9 6:38.9 6:39.5 6:39.99 6:39.99 6:39.99 6:40 6:42 6:44 6:44.99 6:45 6:45 6:45.5 6:50 6:58.38 7:29.06 7:38.99 7:40 7:41 7:41 7:41 7:41 7:42.2 7:44 7:45 7:46 7:55 8:31 8:31.11 8:35 8:36 8:36.99 8:37 8:39.99 8:40 8:42 8:45.6 9:26 9:32 9:32.51 9:36.08 9:36.83 9:37 9:38 9:38 9:38 9:39 9:39.99 9:39.99 9:40 9:41 9:43 9:47 9:49 10:26 10:31.83 10:32 10:34 10:34 10:34 10:34 10:34 10:34 10:36 10:36 10:36 10:36.99 10:37 10:37.2 10:38 10:38.4 10:38.4 10:39 10:39 10:39 10:39.99 10:39.99 10:40 10:40.89 10:40.99 10:41 10:41 10:42 10:44 10:46 10:46 10:46.05 10:47 10:47 10:47 10:56 10:67.99 11:27.62 11:35 11:35 11:35.88 11:36 11:36 11:37 11:37 11:37 11:37 11:39.99 11:39.99 11:40 11:40 11:40 11:40 11:42 11:43.99 11:47 11:47 12:26.07 12:35.01 12:36 12:37.99 12:39.99 12:39.99 12:39.99 12:42 12:44.99 12:45 12:47 12:47 12:47 13:34 13:35.34 13:37.99 13:39 13:39.99 13:39.99 13:41 13:42.5 13:47 13:47 13:47.01 13:67.66 14:30 14:33 14:36.55 14:37.91 14:38.99 14:39 14:39.99 14:39.99 14:39.99 14:40 14:40 14:40 14:43 14:44.99 14:46 14:46 14:47 14:50 15:26 15:27 15:31 15:33 15:34 15:36.22 15:37.99 15:38.09 15:39.99 15:39.99 15:40 15:40 15:45 15:46 16:30.4 16:30.4 16:31 16:34 16:34.2 16:35 16:35 16:35 16:36 16:36 16:37 16:38 16:39 16:39 16:39.8 16:39.99 16:39.99 16:41 16:43 16:43 16:45 16:46 16:46 16:47 16:49.6 17:30 17:31 17:31.03 17:31.03 17:31.03 17:31.03 17:32 17:32 17:33 17:34.96 17:35 17:35 17:36 17:36 17:37 17:37 17:37 17:37 17:37 17:37.99 17:39 17:39.6 17:39.6 17:39.6 17:39.99 17:39.99 17:40.5 17:42 17:45 17:45 17:53.03 17:57.64 17:79.96 18:26 18:30.4 18:32 18:32.76 18:33 18:33 18:34.99 18:35 18:35 18:36 18:36 18:36.4 18:36.99 18:37.99 18:38 18:39 18:41 18:41 18:42 18:44.99 18:44.99 18:46 18:47 18:48 19:22.5 19:27 19:34.1 19:34.62 19:36.5 19:38.74 19:39.95 19:39.99 19:39.99 19:40.5 19:41 19:42 19:44 19:44 19:44 19:46 19:51 20:35 20:35 20:40 20:42 20:43 20:43 20:44 20:44 20:44 20:45 20:46 20:46 20:46 20:46 20:46 20:58.68 20:63.16 21:26 21:28 21:29 21:30.43 21:33.99 21:36.01 21:37 21:37 21:39 21:39 21:40 21:42 21:42 21:42 21:42 21:44.99 21:45 21:55.18 22:30 22:30 22:32.99 22:34.99 22:35 22:35 22:36 22:38 22:38 22:40 22:40.5 22:42 22:42.42 22:43 22:46 22:46 22:47 23:18 23:30 23:30 23:34.51 23:34.99 23:35 23:35 23:35 23:36.09 23:38 23:38 23:38 23:38.99 23:39 23:40 23:40.01 23:41 23:41 23:41 23:41 23:41 23:42 23:42.05 23:44 23:45 24:30 24:34.39 24:35 24:36 24:36 24:37 24:38.99 24:39.99 24:40 24:41 24:41.29 24:44 24:44 24:46.8 24:47 24:51.6 25:30 25:30 25:31.16 25:33 25:34 25:34.99 25:36 25:37.98 25:39 25:40 25:40 25:40 25:40 25:42 25:44 25:44.99 25:44.99 25:45 25:46 25:47 25:47 25:55 26:30 26:30 26:33 26:34.49 26:34.99 26:35 26:37 26:37.98 26:39 26:39.99 26:40 26:41 26:42 26:42.55 26:44 26:44.99 26:46.8 26:62.52 26:63 26:187.5 27:32 27:33 27:34.95 27:34.99 27:35 27:40 27:41 27:47.99 27:99 27:197.5 28:28 28:30 28:31.5 28:34.39 28:35 28:36 28:36 28:36 28:36.5 28:37 28:37.99 28:40 28:40 28:41 28:45 28:48 28:49.9 29:22.5 29:33 29:34.39 29:36 29:37.99 29:38 29:39 29:39.95 29:39.99 29:42.5 29:54.99 30:23.5 30:25 30:25.02 30:25.5 30:26 30:29.99 30:29.99 30:29.99 30:29.99 30:30 30:30 30:31 30:33.99 30:35 30:35 30:35.99 30:36 30:36 30:37.99 30:39.95 30:39.99 30:43.81 30:46.24 31:24 31:24 31:29.99 31:31 31:31.22 31:33.5 31:34 31:34.2 31:35 31:36 31:36 31:36 31:36.75 31:37 31:37.2 31:40.5 31:41
8208805f-9b3b-4583-ade6-123e8c855b67,9,1:12.5 1:15 1:15 1:16 1:17.83 1:18.02 1:20.5 1:21 1:24.29 1:24.99 1:25.5 1:30.3 2:16.5 2:17 2:19.5 2:20.41 2:20.5 2:21 2:22.5 2:22.5 2:23 2:23.21 2:23.22 2:25 2:25 2:27.76 2:29.95 3:13.02 3:13.52 3:14.02 3:14.5 3:14.5 3:15 3:15.5 3:15.5 3:16 3:17.5 3:18 3:18.5 3:18.52 3:18.7 3:19.5 3:20 3:20 3:21.5 3:22.99 3:29.95 3:30 4:15.5 4:16.24 4:17.5 4:19.99 4:19.99 4:19.99 4:22.5 5:15 5:15.85 5:20.5 5:21.5 5:22.99 5:24.5 5:26.66 5:26.92 5:30.81 6:16.5 6:20 6:20.5 6:20.5 6:20.51 6:21.5 6:22.99 6:23.5 6:23.83 6:43.26 7:12.99 7:16.5 7:18 7:18.5 7:18.99 7:19.5 7:21.5 7:24.99 7:24.99 7:24.99 7:30.82 8:15 8:17.5 8:19 8:21 8:22.99 9:12.5 9:14.52 9:14.99 9:20.5 9:22.99 10:10.5 10:10.5 10:12.25 10:13.02 10:13.5 10:13.5 10:15 10:15 10:15 10:15 10:15.5 10:15.6 10:15.6 10:15.99 10:18.02 10:18.5 10:18.5 10:18.95 10:19.2 10:19.2 10:19.2 10:20 10:20.05 10:21 10:22.5 10:23 10:26.46 11:12.03 11:14.5 11:18.02 11:18.5 11:18.5 11:18.52 11:21.5 11:24.99 11:30.87 11:41.2 12:14.5 12:15.5 12:16 12:17.5 12:20.5 12:21.5 12:22.5 12:24.99 13:14.5 13:16 13:18 13:18 13:18.5 13:20.5 13:21.5 13:22.5 13:24.99 13:27 14:15 14:15.5 14:17.91 14:19.5 14:30.52 15:16.12 15:16.12 15:18.52 15:20 15:22 15:22.5 15:22.5 15:33.48 16:13.52 16:14.5 16:14.5 16:14.99 16:17.67 16:20.5 16:27.1 16:29.99 16:33.48 17:13.5 17:14.4 17:15 17:15.6 17:15.6 17:18.5 17:18.52 17:18.52 17:18.52 17:18.52 17:18.52 17:18.52 17:18.52 17:19.5 17:20 17:20.5 17:20.5 17:22.5 17:23.5 17:24 17:24.5 17:25 17:26 17:27 17:28 17:30 17:32 17:34.33 18:14 18:14.49 18:15.5 18:16.5 18:17.5 18:18.52 18:18.99 18:20.5 18:24.5 19:13.52 19:14.37 19:15 19:15.5 19:18.5 19:19.5 19:22.95 20:15 20:15.5 20:15.75 20:16.5 20:17.5 20:18 20:18.02 20:18.52 20:18.99 20:19.95 20:19.99 20:20 20:20 20:20.5 20:20.99 20:21 20:23 20:24.5 20:24.5 20:25 20:25 20:25 20:27 20:30 21:7.99 21:14.99 21:15.9 21:16 21:16.5 21:16.5 21:17.58 21:18.02 21:19.5 21:19.99 21:19.99 21:20.24 21:22 21:22.75 21:24.99 21:25 21:25.99 21:29.58 22:14 22:18 22:18.99 22:19.99 22:24 22:24.99 22:26 22:27.99 23:12 23:14.5 23:16.5 23:17.5 23:17.99 23:18 23:18 23:18 23:18.5 23:18.52 23:18.52 23:18.52 23:18.99 23:19 23:19.48 23:19.51 23:19.99 23:20 23:22.95 23:23.99 23:24.49 23:24.99 23:24.99 23:25 23:26 23:46 24:13.52 24:13.52 24:14 24:14.4 24:14.4 24:15.6 24:15.6 24:15.6 24:15.6 24:17.5 24:18.5 24:18.52 24:18.52 24:19.5 24:20.5 24:20.5 24:23.5 24:24.99 25:14 25:16.5 25:16.5 25:18.02 25:18.02 25:18.02 25:18.5 25:18.53 25:19.99 25:23 26:15.5 26:17 26:18.5 26:18.5 26:19.5 26:22 26:22.5 26:23.33 26:27 27:13.52 27:14.99 27:18.97 27:18.99 27:19 27:19.99 28:14.5 28:15 28:17.99 28:19.99 28:20 28:30.54 29:15.5 29:15.5 29:20 29:24.99 29:25.99 30:14.5 30:14.52 30:14.52 30:15 30:16.19 30:16.5 30:17.5 30:18 30:20 30:20.5 30:25 31:13.52 31:13.52 31:15.22 31:15.5 31:17 31:17.5 31:17.5 31:18 31:18.52 31:18.97 31:19 31:19.2 31:20 31:20.4 31:21.6 31:21.6 31:24.99
8210f6e6-9e5c-41e8-9978-048c48febdcb,10,29:52
82219922-4df2-4d76-ae5c-6f511a792754,10,9:39.69 10:39.6 10:61 24:43.2 24:51 30:54.76
82225913-24aa-470e-a67c-f5b084c627de,10,29:15.5
822484a5-c92a-4826-9477-f7a003b21448,10,21:220 24:168
822484a5-c92a-4826-9477-f7a003b21448,9,4:40 17:20.4 27:40 29:40 31:40
8224ad3a-8624-44cd-bc8c-a303dea63dc1,9,4:340 6:325 10:280 10:300 10:300 10:325 17:285 18:313 22:800 24:470 31:300 31:312
822c7fb6-3783-4575-81be-606fbe83bd34,10,7:42
822c7fb6-3783-4575-81be-606fbe83bd34,9,3:14.9 21:5.51
8230c24c-4084-4048-ae25-febbfcffab64,9,9:1304.83 10:1355
8230e7a6-df0b-4726-8fba-d0fefcf0bc2c,10,10:22.5
8233e95a-e5f8-4ce6-97d7-27908db0adc9,10,10:122.5
823b369d-e837-4da7-8b3c-965aef8d722a,9,10:99.5
823f222d-28bb-44a0-9cec-b12cbe041a26,10,7:18.5 8:50 21:25
823f222d-28bb-44a0-9cec-b12cbe041a26,9,11:10 14:12.5 28:9
8241c634-8e93-4202-92ee-919ef67d52b4,10,3:100
8242545f-35bc-41af-9fae-76a18e3e18bf,10,6:34 17:39.99
82436c44-3d9f-412f-992b-319b1b1df9fa,10,10:13.5
8248eb3f-94a0-427c-8e0a-732137affa5b,10,6:34.99 10:17.17 10:24 17:19.76
824eafc8-2781-4656-a6ab-4230ccf8778c,10,11:15.5
824ef250-e543-4579-9496-4307f7b876b8,10,27:36.02
824ef250-e543-4579-9496-4307f7b876b8,9,10:19.99 27:22.5
824fde33-ceba-4daa-80d5-fe5f17b464fb,10,8:23.5 19:20 25:27.99
82504855-af8e-4a3f-b77e-8469578631c6,10,4:167.52 24:180 27:239.99
82504855-af8e-4a3f-b77e-8469578631c6,9,2:63 7:60 9:120.26 10:79 11:60.52 12:43 19:60 24:55 24:62.4 25:63.74 31:54 31:56.4 31:74 31:75
8251adcd-a0bf-43b1-8ea6-2fc8bfbfa6d2,10,10:98.99
825c7598-32d5-48f1-a46f-06eada7fffca,10,4:69.99 4:81.99 4:82
825c7598-32d5-48f1-a46f-06eada7fffca,9,3:31 11:29 12:25 15:39.99 16:21.5 23:35 24:16.7 28:26
825db1a6-69f4-4343-a9e0-76d13813dacf,9,15:58 20:42
826303fb-b69e-4f49-9618-0fd3d1131a9d,10,14:199 25:199.99
82654ba1-dd2a-4451-88d6-75e926627a73,10,3:40 4:26 4:30 6:26 6:32.09 11:17.52 16:30 17:29.99 18:15.5 18:19.99 21:19.99 21:27.97 23:19.49 23:27 26:38 27:31
82660faf-707f-4c76-b176-5f50770b3a89,10,24:70
826e63ca-90fa-49e1-99f4-8341f5269f20,10,28:50
82700ca7-aa66-4183-b9f0-5f186654b1a0,10,1:20 1:20 1:22.99 1:26 1:31 2:20.5 2:25.14 2:49.95 3:27.6 3:31 4:24.5 4:28.99 5:26 5:69.69 6:14 6:20 7:21.51 7:22.5 7:23 7:23.5 7:44.07 8:16.5 9:17.99 9:32 9:34.99 10:19 10:19.49 10:20 10:25 10:27.6 10:28 11:17.36 11:17.99 11:22.52 11:26.51 11:30 12:15.52 12:22.02 12:22.02 12:22.53 12:30 13:24.99 14:16.5 14:18.5 14:20.01 14:20.75 14:22.01 14:22.01 14:22.01 14:22.01 14:22.52 14:29.9 15:21.5 15:22.52 15:29.9 16:22.8 16:24 16:26 17:24.99 17:25 17:25 17:25.2 17:26.4 18:17.99 18:18.5 18:20 18:20.5 18:22.52 18:24 18:25 18:26.6 18:29.99 19:17.99 19:19.5 19:23.25 19:29.99 20:17.99 20:26.3 20:55.35 21:17 21:20.95 22:20 22:26 22:29.95 23:18.52 23:20.5 23:20.95 23:22 23:22.5 23:24.99 23:25 23:27 23:30.5 24:23.5 24:24.9 24:25 24:27.5 25:20 25:22.95 25:25 25:25 25:26 25:29.99 26:20 26:20 27:25.99 27:27.49 27:38 28:31.99 29:18.01 29:22.5 29:22.52 29:28 30:24.5 30:27.49 31:23 31:23.99 31:24.5 31:25 31:28
82700ca7-aa66-4183-b9f0-5f186654b1a0,9,2:13.52 2:15.54 3:10.5 3:10.5 3:11.5 3:11.5 3:18.52 3:20 6:13.52 7:16.08 9:15 9:18.5 10:18.52 10:23 13:11.5 14:14 15:12 16:9.01 17:10.5 17:12.5 17:13 18:6.51 18:11 18:13.02 18:20 20:14.7 21:11.99 21:18.52 21:18.95 22:12 23:12.5 23:15.28 23:15.5 23:16 23:16.25 23:24.99 24:12.5 24:14.52 25:9.99 27:10 27:12.5 27:12.95 27:12.99 29:11 30:8.29 31:15.52
8272f96f-7ef8-4d32-9f31-e6fd281f2097,10,29:54.99
828805bb-2f9b-4c2f-a360-6742c87d89c6,10,26:197.5
828805bb-2f9b-4c2f-a360-6742c87d89c6,9,24:69.6 28:99
8288cc1a-1bb9-415b-8a34-6f5f246a445a,9,21:200
82913e3f-d7b3-449a-87d2-8379054421fa,10,2:15.5 8:23.5 11:24.75 12:24.75 13:22.27 15:21.04 18:19.8 19:10.5 19:12.5 20:17.33 31:15.5
8295c880-230c-4c90-86ba-c93cfacb0b2f,10,3:21.6
8295c880-230c-4c90-86ba-c93cfacb0b2f,9,26:11.05
82995216-7efc-43c1-b5c4-e8acd805d960,10,13:239.99
829f59e5-b20d-417e-94c6-33b25134d57a,10,21:73
82b0eee9-37a7-4d2c-b23d-3ef2deecff2e,10,10:38 14:38.95 18:26.6 20:30.02 20:35
82c1d918-1db6-4fa6-832d-fa6f2dbb85e4,10,17:231.24
82c94471-5a41-465c-83bb-bdbb1db78986,10,3:22 10:20.5 23:22.5
82cc7827-01f5-496d-8478-33b57c2782b5,10,19:139.48
82dbcb92-38c2-44b1-9ee8-6cdc3f0af945,10,21:145.5
82f04653-0e7b-427b-b454-9e2328c5e5e8,9,11:25.89 14:20 27:23.5
82fb3fb4-4ae7-4d03-9e3f-f975abb9d456,10,9:319.99 9:319.99 9:319.99 9:319.99 14:342 23:594.99
82fb3fb4-4ae7-4d03-9e3f-f975abb9d456,9,1:85 9:111.99 12:84 20:74 27:76.69
830013dc-fee6-4706-95cc-c20b47fa8f0e,10,10:160 31:98.4
830d22e4-5e8a-4383-8a19-ba6a4684bce1,10,3:375
83129d8e-68ac-45ab-85b5-0ab8c21c2f77,10,4:550 8:509.99 10:468 25:428.13 31:500
83129d8e-68ac-45ab-85b5-0ab8c21c2f77,9,16:86 17:79.2 24:115 30:79 30:105 31:89.99
831e0cec-dc4e-4fd2-a561-b7fa2dbbf276,10,6:200 10:189.1 23:168.5 28:199.99 30:199.99
831e0cec-dc4e-4fd2-a561-b7fa2dbbf276,9,15:99.99 16:74.99 21:109.99 24:99.99
832856a8-70b9-45cc-862b-289c4e9901da,10,9:140
832856a8-70b9-45cc-862b-289c4e9901da,9,12:46 13:50
833c6296-0bf1-479c-98fe-4c28cd2cacfd,9,27:60
8349763b-382a-48d9-ae84-0a560888cd6d,10,1:142 2:38.99 4:39.99 6:49.51 18:44.99 25:39.56 27:142 30:33.98
8349763b-382a-48d9-ae84-0a560888cd6d,9,3:18.99 4:15 8:18.99 13:19.5
834b7b88-a8f3-424c-8350-9b7e3bfc3c60,10,1:300 17:311
834b7b88-a8f3-424c-8350-9b7e3bfc3c60,9,5:29.1 10:67.2 12:62.99 17:60 17:62.4 17:89.95
836132c0-e749-4fd7-b139-4777eed4c627,10,3:27.6 3:30.95 3:31.2 3:50 9:31.33 18:32 24:71 25:36 27:48 30:37.72
836243c0-82a4-470c-a14e-a6f229e4ad65,9,10:209.06 25:127.5
83772472-6c83-45bf-8f4b-130e682a388d,9,5:22.5
8380bcab-b8a6-4b7d-834d-429c0d7b0e8a,9,3:107.5 4:260.7 23:113.99 23:155.81 24:113.99
83827663-821a-4c3c-a828-e3e658487c3a,10,10:90 10:90.99 16:51
838ae3b1-dc6c-456d-818b-2ea803289a2f,10,3:18.5 3:27 4:20 5:16 5:20.5 6:24.99 7:31.14 10:32.45 11:17.52 11:18 11:22.5 12:17.52 12:19.02 17:15.5 17:16.5 17:16.72 17:17.52 17:17.52 17:20 17:20.5 20:29.99 21:24.5 22:15 24:17 24:17.99 24:28 29:17.52 30:20.5
839a95d3-af3d-49b1-82c6-030c158214a3,10,11:39.99
839bff38-d2a0-410b-9077-152d194460b0,10,20:175
83a0517a-691e-4f3f-bd1e-8a010a753896,10,12:350
83a4d69d-3693-40a6-9fe8-c7060cd6c800,10,24:41
83a8700b-50ce-4103-b219-b7905f092c36,10,13:190
83a8700b-50ce-4103-b219-b7905f092c36,9,2:28 13:45 30:25.5 31:35
83a978c4-9129-4195-92e4-c7b1b57b543b,10,26:49.99
83ae2835-040f-48b0-a551-5fd3cfb9358b,10,1:117.5 2:199.99 10:155.5 15:155 24:105 29:180
83b4131c-d441-4a3f-be8d-d01d5c2a0bad,10,26:1785 26:1800
83b4131c-d441-4a3f-be8d-d01d5c2a0bad,9,2:490 5:350 6:300 17:325 27:239.23
83d213d9-847d-4e67-83a7-8daf366f4d18,10,3:157.5 24:144
83d213d9-847d-4e67-83a7-8daf366f4d18,9,23:58
83d3f847-9086-4138-8019-d0ac62efce5f,10,9:27.66
83d3f847-9086-4138-8019-d0ac62efce5f,9,17:25
83d9135b-0c41-45e9-8a41-4dca893ed192,10,6:1425 19:504.95 26:817 29:1500
83d9135b-0c41-45e9-8a41-4dca893ed192,9,20:240 31:230.27
83ded775-c798-4c1b-bb38-09966d533a09,9,28:36.45
83e01838-1ee3-4bd2-805f-a824865e95cf,10,18:79.99
83e0ff28-52b1-4e1c-ae9d-64b589b0cbe5,9,20:165.7
83ebaad1-d978-4d33-ad3f-af070f8f952f,9,8:95
83efd826-26e4-4616-9a0a-90bcb52d915f,10,18:36
83fab9e2-3e46-487e-8fbd-1efadafadd13,10,9:170
83fc02d5-5a79-4180-904e-5edfc54c0de3,10,9:69 26:75
83ffb964-d6f1-4278-be69-5ffd3682fd79,9,3:61 9:36.6 12:36 14:41 17:37.2 25:60
84032932-f3ab-457d-a413-2af536a92228,10,24:99.99
84032932-f3ab-457d-a413-2af536a92228,9,27:59.95
840d65f3-2156-4531-b6a3-a0eaf71d6951,9,2:62.35
8413f2a9-0f88-48a3-975b-e58ff1763e26,10,11:600 11:640 12:559.99 12:600 12:600 13:584.03 16:699.95 20:599.95 24:504 28:900
8413f2a9-0f88-48a3-975b-e58ff1763e26,9,1:102 1:127.95 2:110 3:125 3:150.5 5:138.92 5:151.5 6:130 7:95 7:100 7:105 7:112.5 7:120 8:184.56 9:102.5 9:102.5 10:116 11:95 11:110 11:124.99 12:123.99 12:130 12:139.99 12:149.99 12:149.99 14:125 15:120 15:135 15:150 15:175.58 16:112.88 16:125 16:140 16:149.99 17:112.5 17:132.5 18:100 18:149.99 19:122.5 19:151.13 20:125 20:131 21:140 21:150 22:100 22:136.99 23:130 23:152.5 25:118 26:150.5 28:100 28:112.5 28:123.61 31:154.49
84149f0b-07dc-469c-ba24-3a014b0be9bc,10,10:120
841d8afa-c473-465e-8601-13ff462165f9,9,10:28
8420c6e1-844a-44d4-a661-7c604e50378a,9,27:8.18
842a7708-9d30-46a4-9446-7ed2c1e348dc,10,7:45.89
842a7708-9d30-46a4-9446-7ed2c1e348dc,9,29:10.95
8439eddb-3f39-4de0-87ec-107354ea0e5c,10,27:51
843f1fe6-cef2-4eab-8081-e2ce5a818215,10,23:16.5 24:79.95
843fae8f-ef34-47de-acf1-920f857aa02b,10,21:162.5
844785fb-e46a-4260-983b-a1a1737212aa,9,17:22.8
8447ccfa-377d-4bdc-9d03-f02e1f3c6e5e,10,2:164.5 3:199.99 4:190 4:200 5:165 5:205 6:181.5 6:186 9:165.5 10:152.6 11:157.5 17:162 24:182.5 27:184.99 28:174.99 31:189.95
8456f86b-a936-4e54-89db-600e9ff5016f,10,13:117 24:131.5
845f9d17-342e-4477-9fcd-6bb832458a2e,10,4:55.88 6:86.78 18:69
84782947-6e82-4328-a2aa-340e44f7ab9a,10,30:400
84782947-6e82-4328-a2aa-340e44f7ab9a,9,17:103.5 19:105
847978de-44fb-4184-af96-40fa2599a636,10,4:38 5:42 10:28.77 10:36 21:30
848a9938-9d16-41b3-af2c-def139f397f4,10,3:135.5
848deda8-6a63-425e-a3c8-a5d1957bd9b5,10,17:687.01
84942739-3fc3-4d5f-8b14-435c07eff591,9,3:96.03
849eb2d9-76ca-44c2-b325-f9760ea7de05,9,22:77.58
84a256c7-cc0c-44e5-8728-cc2625ffeea4,10,28:29.99 31:19.99
84aacc03-9ff0-4fca-8c88-64d3ca5dff77,10,25:54.9
84b15802-95ee-452d-9e83-71e4411cfcf5,10,8:60
84b1fbdd-f449-4035-b37e-3d185c85be13,10,2:200 19:88.99
84bb8922-6903-4faf-b7b6-50b36af43818,9,23:39.01
84be1f23-bb5b-4315-82c6-cd6071765133,10,24:54.99
84c67c9e-92c1-41d7-abee-35e354aabf0f,10,31:147.5
84ce2b10-8750-4c5c-99e8-f683d76a66a2,10,17:143.27 27:125
84d89528-9f05-402b-872b-2f1b076cd745,10,21:28.24 23:12.07 25:20
84e12022-6cef-44f1-8df9-ce20bf47a0af,10,24:20.5
84e12022-6cef-44f1-8df9-ce20bf47a0af,9,21:9.1
85086c50-6f9a-46b2-9a22-c1fb0514d3b3,9,24:51.6 29:90
8511bccd-f41a-48a4-a6da-0df8be2fac4c,9,28:5
8512a633-9b29-4e68-9d73-10bd8e152c0f,10,15:20 17:18.5 31:26.8
851307e0-f66e-4f01-9ff3-6ce2288ec6aa,9,4:14.5 10:12.12 13:20 13:25 25:10
85165b1a-bdc6-4bec-9da4-84ce19f51dcc,9,1:222.11 7:285 10:190
851a0631-b736-493d-83a1-0dff21ddecf5,10,4:30
851ad9a5-e8de-4ed4-807d-78b4cb6cd344,10,31:42.32
851bbcc1-c6cb-44c1-be0a-ef7094005e87,9,19:17
8521d866-8b4e-4b4e-a5b7-80755869e3c1,10,1:350 2:295 3:295 3:302.57 3:309.54 3:340 5:275 5:359.99 6:359.99 6:359.99 7:335 8:315 8:335.97 9:339.99 9:339.99 9:347.67 10:300 11:260 11:335 11:337 11:339.93 11:339.99 13:289 16:310 17:288 17:288.81 17:299 17:300.21 17:306.29 17:396.05 17:401.37 18:298 18:301 18:301 18:305 18:310 18:324.95 18:345.27 19:302.27 19:306.14 19:313.89 19:313.89 19:349.99 19:426.27 21:285 22:303 22:319.99 23:765 24:306 24:311.61 25:260 25:267 25:291.75 25:300 26:270 26:349.99 28:260 28:293 28:305 31:264.17 31:269.25 31:277.05
8521d866-8b4e-4b4e-a5b7-80755869e3c1,9,8:185 10:157.5 23:199.99
852b7838-f24c-43bb-a318-502a69e74caa,9,10:142.5
8543625f-faab-4ad6-a9f2-6569babbd7e6,10,3:400 6:370 13:380 15:470 16:445 22:500
8543625f-faab-4ad6-a9f2-6569babbd7e6,9,18:152.5 19:177.5 24:142.5
854448ce-15a6-4bba-8445-6b95f0d1d400,10,23:14.99
85475dbc-2747-419d-9a94-7813c49dfba3,9,6:61.32
854b3e9c-b3ce-4243-a7ac-ae99a9af624a,9,29:89 31:54
85523e11-d275-49e1-9e17-75762349eda0,10,24:140
855854e9-1d7c-4248-8e77-93a1362a8ead,9,10:52 10:56
85631931-b04f-4d74-a24d-568580ac3935,10,3:312
856efdd2-36a6-4c79-932c-ba40b4aef0b4,10,3:499.99 20:590
8585aacb-d6be-481e-bc96-2a01111a9658,10,18:645
858c5b93-191f-497e-b55b-d9decdd9c617,10,4:420.18
859023c3-4ffc-4484-91dd-3ec74fb77dfe,9,25:52
8595611b-4e40-4e54-a0d7-91bae580b1f5,9,1:50.88
85a3b9e9-1947-45c2-86ae-6c06a7aa5645,10,1:10.5
85c0a553-a548-49cc-b7da-372650e70069,10,28:78
85dd456a-d4e9-4d14-a1e2-20a63015a099,10,18:157.5
85ed4978-e516-45f5-bb6a-1ffa776519f5,10,3:43.2 3:43.2 3:43.2 4:80 5:67.85 5:99.98 14:87.57 17:52.8 18:82.49 20:75 24:54 26:129 30:60.85
85ed4978-e516-45f5-bb6a-1ffa776519f5,9,5:16.69
860362b5-3165-483c-9ae6-f2ed7f3da366,10,24:615
860362b5-3165-483c-9ae6-f2ed7f3da366,9,11:260
8617b392-2df4-4899-a9f9-c0e0b70f1ddc,9,23:21.5 24:21.21
861cadf5-7ac6-499e-8815-5bcc10688c1f,10,24:8 28:16.99
862de51e-146e-429d-b3e4-d80a206df5a2,9,3:31 22:30
863b23f7-f446-4112-934b-356d3588a98c,10,3:34.03 3:45.6 7:39.99 9:46.36 10:33.6 10:39 11:35.02 11:39 12:49.95 15:42.99 15:43 17:30 18:23.5 18:65 19:44.99 22:50 23:25 26:49.99 28:41.99
86442242-1444-45e5-afb6-c9c8143daaf3,9,3:108.01
86499aa9-050a-40a0-9cf6-95f59d449257,10,31:21.6
864c6028-95fe-4083-892e-5f4daf81ba7f,10,24:168.5
8655dbca-7878-400b-bf13-5501f715c4fa,10,3:126
8658d16d-450f-4948-acd1-b61e2924f2a3,10,17:35 19:45 29:49.99
8661b1e0-531a-4f38-ba02-1a265aa7164c,10,17:170
8661b1e0-531a-4f38-ba02-1a265aa7164c,9,28:19.99
866ee9b0-f60b-4f4b-b807-0a82ad74a49b,10,15:59.99
86743efe-3f8e-4cd9-bd08-6f8e10f6e52f,9,16:225.38
867560df-7f52-4158-84ea-ca002a236fd9,10,27:81
8680a64b-838a-42b3-a712-298c552d77fb,10,9:107.5
8680a64b-838a-42b3-a712-298c552d77fb,9,11:47
86887f51-53cf-4a6f-85ca-239b2f12c4a9,10,3:30 14:26 25:21.01
8698c185-df2d-458f-b642-1ec3c2e52d92,9,10:58
86ad0309-e07c-4b66-9ac6-1660a8e349d3,10,22:45
86b2cbfe-3f42-4472-ab10-f2ba1af7450c,9,2:48 6:26 10:44 13:45 20:48 28:47
86be79a9-78d9-4fb3-a0b6-2435ee21c92e,10,3:611.51 4:771.35
86be79a9-78d9-4fb3-a0b6-2435ee21c92e,9,2:36.99 2:67 3:100 13:75 13:80 16:90 17:149.9 18:86 18:109.99 23:149.99 24:72 24:76.8 24:76.8 24:82 27:73.88 29:191 31:62.4 31:72
86bffbfa-2f68-4472-8b4e-618801980bbd,9,29:99.99
86c0df4a-2a6f-4fc8-8620-4cd99d843cfd,10,6:17.99
86c59fbd-a7f0-4e6a-b801-bdf80f4694f4,10,26:69.99
86cc9374-9614-441a-957f-cd1c9e3706cc,9,4:3699.37 11:3347.08
86d57092-47bd-4c1e-8df0-05975cd86bc7,9,3:72 10:58.8 14:53 16:51 17:36 17:39.6 17:40.8 24:37.2 31:37.2 31:39.6 31:39.6 31:42
86d6c343-59fb-46b1-aa6e-2775f3e2752c,10,1:60 3:31 8:61
86d6cb89-cb73-468d-b0ee-7c34c7b410ec,10,1:15.5 2:20.5 2:26 2:35 4:23 4:26 7:23.2 9:20.09 9:22.1 9:24.95 10:13.5 10:25.01 10:30 11:24.99 13:17 13:22.5 15:16.5 15:20 15:24.99 16:22.52 17:18.52 17:20.5 18:18.5 20:18.5 20:21.99 23:15.5 23:18.5 24:18.02 24:22.8 25:20 26:19.99 28:20 28:31 29:21 30:16.5 31:43.81
86e89ffb-9560-4980-b99b-cf9bf046e303,10,3:64.8 3:139.5
86e89ffb-9560-4980-b99b-cf9bf046e303,9,5:33.03 31:30.02
86ec817d-59f9-4101-8b72-7899edef2aab,9,11:26.01 24:27.6
86f00d3f-7c86-4b09-b5c0-e440e960358b,10,2:127.26
86f654f3-a174-4951-bfd2-1828ea35b880,10,23:18.5 28:21.05 31:31
86f8e7d8-283d-4897-b365-512c6eaf1bab,9,24:19.2
86fd9588-26f3-4245-882a-6a52350e74e7,10,10:24 14:39.99
86fd9588-26f3-4245-882a-6a52350e74e7,9,3:15.02 6:19.99 10:12.02 17:17 17:41 27:20.5 29:23.95 31:19.99
87023739-b450-4d13-b888-757d1b5da7c3,10,18:64
87096ece-08cd-490d-a620-753fd7979ed4,10,14:68
870d3c11-8a21-4788-a554-261bae0a80fc,10,31:172.5
870f9fc7-3952-4464-abf7-c8aef52abc8b,9,9:140
8719a3b4-4998-407e-a0d8-08630fd25f6d,10,3:16.5 3:25 6:32.17 9:30 12:26 15:29.76 22:31.99 25:30
871e7644-f1f2-4044-a7cd-a7abb9277ef6,10,17:43 24:17.52 27:48.19
87216d92-fcd9-4cff-b566-f5e42766387b,10,3:312 19:385 24:325
8732bf38-d745-4434-8af9-0b3d0422a549,9,3:20.4 27:29
87497726-4512-40ea-8e37-fed604ac65c4,10,25:725 26:725
87497726-4512-40ea-8e37-fed604ac65c4,9,10:51.6 11:69.95 14:82 15:61 31:70
8757559b-1dba-423a-a271-f6b7f8ecbb87,9,8:19
87761c99-69a5-4349-8e26-ce4d59508141,9,20:449.99
877886d9-89f0-41be-a238-fc0aceb701ad,10,9:55
877bbb34-6e40-46bd-a82a-4f25af741bf0,10,24:456
877bbb34-6e40-46bd-a82a-4f25af741bf0,9,19:150 29:103.11
877d34ba-bc96-438c-8347-8a7d9009570e,10,1:119.99 1:188.18 12:85.71 13:69.95 17:112.5 25:76 30:107.5
877d34ba-bc96-438c-8347-8a7d9009570e,9,3:21.5 4:38 10:31.93 12:34.02 17:30 17:31.02 31:36.51
878363dc-fc37-4f27-a5b7-92094be7f3cf,9,25:250
878ea445-5229-4d55-ae43-ab580c7b5e35,10,6:114.97 18:33 23:40
879da4f2-3ca5-473b-8849-48cace49f05a,10,24:55
87a44511-46f2-4e2d-8a53-e5bfa3753583,10,6:37.75 16:49 18:31.02 22:27 23:39.01 24:26 29:70
87a925fd-af9d-400d-b786-5c8500792549,10,9:18.63
87ab6fc8-d0a0-4673-bf34-d7ad666d0236,9,21:131.96
87b9ac55-d968-4894-9068-07a115dcb539,10,9:1500
87b9ac55-d968-4894-9068-07a115dcb539,9,10:178.5 17:99 17:144 17:285 25:165 31:225.13
87bbd812-e968-4ef8-b64d-84cf0a5e12a1,10,10:19.2 10:39 19:40
87bbd812-e968-4ef8-b64d-84cf0a5e12a1,9,18:12.01 22:14.5
87c32781-7e21-4add-bb4e-16fd1eb7530c,10,8:50 18:55
87c32781-7e21-4add-bb4e-16fd1eb7530c,9,10:21.71 16:15.5 16:16.01 30:19.99 30:37.99
87c5a9e0-524a-489c-bb2e-510e4acbc2e8,10,4:325 5:325 14:373.48
87c5a9e0-524a-489c-bb2e-510e4acbc2e8,9,4:142.76 20:209 29:140
87cae588-8989-48d9-afcd-dfade70766d6,10,10:5.5
87d8ed08-8de7-4d3e-a0bb-ed7c21fcc89d,10,1:65.89 10:31.68 19:65.88 30:26
87d973bf-42c4-44ca-ac74-49ce3c08d66d,10,24:197.5 29:170.19 31:170.19
87d973bf-42c4-44ca-ac74-49ce3c08d66d,9,16:41.99 19:41.99 23:41.99 24:33.5 24:36 26:45
87dc0bcd-b0ea-4e8b-8a6d-0e9ad27b6d6f,10,23:15.38 29:11.67
87df4d81-b640-441e-ad4c-83c580117a22,10,7:79.95
87e286c2-8be4-4f12-a714-88478003819c,10,20:175 24:76 24:76
87e3e2ca-19d5-4048-889d-451bff4bf5b0,10,3:56 20:51 24:69.99 29:65
87e3e2ca-19d5-4048-889d-451bff4bf5b0,9,17:29.5 25:18.53
87e60293-4171-4ff0-9075-d42f52f14ad9,9,3:66.88 6:59.99
87ed3fe6-cc61-4cc2-8b3d-ebe6df1eff24,10,10:35
87ef2a46-1aa3-40c3-bbb8-a21c36ebd11c,9,15:55
87f83ead-1875-483a-970a-49d27cb9ca48,10,24:715
87f9174a-28fd-4fec-bf90-b64207ab7546,10,1:38 1:38.76 1:52 1:72.24 1:81 2:49.99 2:68.88 3:45 3:47.85 3:55.2 3:60 4:38 4:45 4:47 4:52 4:57.99 5:44.88 5:44.88 5:45 5:46.88 5:47 5:51 5:51 5:51 5:53.99 5:54 6:49.99 6:52 6:53.99 6:59 7:42 7:44.5 7:51 7:57 7:63 8:34.03 8:40.5 8:47.4 8:51 8:51 8:65 9:49.99 9:54.99 9:56 10:40 10:44.7 10:46 10:47 10:47 10:51.75 10:52 10:52 10:52 10:52 10:53 10:54 11:38.99 11:39 11:42 11:45 11:48.99 11:48.99 11:56 11:61 12:38.47 12:41 12:41 12:41.25 12:45 12:50 12:55 13:40 13:45 13:48 13:52 13:68.88 13:99 14:47 14:47.5 14:50 14:65 15:44.99 15:46 15:47.99 15:48 15:49.99 15:50 15:51 15:60 15:152.5 16:40 16:42.88 16:52.99 16:55 16:61 17:33 17:48 17:48 17:50 17:50 17:51 17:52.99 17:54 17:55.2 17:110.59 18:32 18:57 19:59.98 20:51 22:42 22:45 22:50.43 22:52 22:52 22:53 22:60 23:39.88 23:41 23:46 23:51 23:51 24:37 24:45 24:46 24:48 24:50 24:51 24:52 24:55.96 24:104.42 25:43 25:49.99 25:56 25:62 25:66 25:72.24 26:40 26:45 26:49 26:49 26:49.99 26:49.99 26:54.99 26:56 27:49.99 27:52 27:65 27:74 28:40 28:42 28:42 28:42 28:42.02 28:43 28:44 28:44.5 28:45 28:46 28:46 28:46 28:46 28:48 28:49 28:49 28:55.96 28:57 29:46 29:47.99 29:49.99 29:49.99 29:55.96 30:31 30:39.99 30:42 30:42 30:44.45 30:45 30:47 30:48 30:48.39 30:49.99 30:53 30:54 31:26.02 31:29 31:35 31:35 31:38.02 31:39.02 31:39.02 31:49.99 31:50 31:150
87f9174a-28fd-4fec-bf90-b64207ab7546,9,1:23.26 1:77.52 2:17.5 2:20.5 2:26 2:27 3:18.5 3:18.52 3:26 3:28 4:18.52 4:19.5 4:29.99 5:15 5:16 5:20.02 6:16 6:16.5 6:20.02 6:24 7:21.99 7:30 8:12.5 9:13.5 10:17.99 10:22.5 10:24.99 10:36.07 10:37.28 10:40 10:56.96 11:24.99 11:26 11:27 11:29.99 11:30.07 11:39 12:20.52 12:24.99 13:24.99 13:36 14:24.99 14:25.01 14:29.99 14:34 14:35 15:18.4 15:21 15:23 15:26 16:20.02 17:7.5 17:16.56 17:18.5 17:24.99 17:26 18:24.99 19:22.5 19:24.99 19:26 20:20.5 20:22.5 21:24.99 21:25 22:23.5 23:24.5 23:24.99 23:26 24:18.52 24:19.99 24:20 25:14.5 25:15.76 25:18.02 25:19.99 25:20.02 25:21.6 25:22.5 25:31 26:13.5 26:36.12 27:14 27:21.6 28:20.5 28:20.5 28:21.5 28:21.6 28:30 29:15.56 29:21.6 30:21.6 30:25 30:39.08 31:16.3 31:19.99 31:19.99
8800af13-c92f-4abb-a11b-b28fa4d48951,9,12:44 26:26
88083051-72a0-46e9-9619-8d7208a239b1,10,2:53 3:43 8:44.99 9:42.02 15:94.27 17:43 18:37 19:43 31:40 31:40.8
880b1e56-353b-4159-8d33-681a17170512,10,18:192.5
881e67cd-247c-47e1-b542-8cf8ad79a51c,9,8:70
883ace72-85ef-46c7-87b0-23dbef80cbb8,10,2:199.99 3:88 12:197.5 24:132.5 27:150 27:175
883ace72-85ef-46c7-87b0-23dbef80cbb8,9,2:81.26 29:44.98
88462fcb-292b-49b4-b351-829dae638932,10,7:20 7:25 8:22.5 10:25.25 14:30 15:27 21:20 21:27 22:49 25:26 25:26.5 25:30 27:56.61
88462fcb-292b-49b4-b351-829dae638932,9,3:19.99 10:11.5 12:15.52 21:8.52 25:14.5 25:17.03 25:17.5 26:11.5 30:11 31:10.52
8846780f-206d-4654-a518-ba5354f76914,10,1:42.51 5:32 9:26 11:39.99 14:49.99 16:30 18:58.92 22:33 24:22.8 25:52.01 31:43.81
8846780f-206d-4654-a518-ba5354f76914,9,30:24.99
884c5566-da68-4253-b0f3-2ca8b54536c3,10,3:26.4 3:65 9:26.65 11:18.5 23:16.5
884e8729-b6af-4fce-b87f-95f9a9bb8c4b,10,3:16.8
88543495-d17a-482c-ac61-359e89150e71,10,8:69.95
88599234-ebd0-472c-8b3d-2b41a51a1c8a,10,21:153.5
885f65ce-66b9-4095-84b1-65dfd72e7a7b,10,17:100 19:91 24:86 27:127.5
88611c68-a1a3-4b27-a221-1ad2490dc3e3,10,17:202.5 27:159.99
88611c68-a1a3-4b27-a221-1ad2490dc3e3,9,3:19.5 20:29.99
88627b82-3a16-400f-9f5b-5bb77e2ff707,10,1:38 11:89.99 18:57 27:71
88627b82-3a16-400f-9f5b-5bb77e2ff707,9,27:28 28:33
8865fce9-f092-4a1e-ad1d-e0ea4e95df20,10,19:35
886b192d-0527-419c-8389-985a09730836,9,12:65 17:34 25:40
88705a43-408c-4258-9f8e-f0ad9c28abad,9,17:92.51
8871bc69-f6c7-4747-85b5-79e4e67f592c,10,4:71
887dd7b5-b2ae-4405-9ea4-8a7e6f921517,10,16:53 26:70
8880cbe1-b0af-4645-9575-66b37a044feb,9,26:59.08
888fd9e6-1dcd-411a-b32d-0f45774ffb10,10,15:31 16:20.9 17:20.9
88920fc9-1290-4c25-aff2-c008be59129e,10,28:1026.11
8895f09a-fc83-40da-b0b3-55829d597e8e,10,3:31
88a055e8-1d47-4041-a768-a41c03cd630b,10,16:38.99
88a1d34d-88b7-448f-95fd-d91a8ee98690,10,31:91.2
88bb9946-17ac-41fd-bd61-d4044ed51eae,10,3:17.52 3:19.99 4:21.5 7:26 9:20.5 11:13.84 14:23.5 15:17.52 15:19.32 15:19.32 15:21.5 15:21.5 17:13 23:17.52 31:28.99
88bb9946-17ac-41fd-bd61-d4044ed51eae,9,1:10.5 1:15.52 3:17.5 14:12.5 15:10.02 24:15.52 26:10.5 30:10.5 31:10.49
88be5143-91a6-4a6f-928f-37683d71aac4,10,7:70.01 12:51.88 18:59 26:85
88bea3a1-cd8a-4e7e-b906-d2626c815e98,10,29:62
88c501f6-052a-489b-bc97-fe632a20df02,9,10:94 10:199 18:64.78 31:69.6
88d1bb36-ddfc-4ada-8d3d-34f9b225c2cb,10,17:10.5 21:25
88e6de75-45d0-443a-99d6-f15a13624f8b,10,17:98.4
88e6de75-45d0-443a-99d6-f15a13624f8b,9,4:30 6:33.51 11:30.02
88e7185b-0999-48f4-8e6e-d5e9a01b8be8,10,1:26.35 1:28.75 2:29.99 13:25 17:20.5 17:39.99 18:18.95 24:19.5 24:20 25:23.5 29:25
88e8d2e6-1128-4e62-afcb-580b4c5d5f71,9,10:15.5
88f7590b-6480-45b1-af34-3571c38758c6,10,17:285
88f7590b-6480-45b1-af34-3571c38758c6,9,16:224.5
88f7a73e-3a1d-4ed7-b588-85eda751980a,10,7:59.99 9:32 9:53.76 11:16.5 11:18.95 12:39.99 13:30 13:34.99 15:34.99 16:30 16:34.99 17:34.99 18:40 21:45 21:49.99 25:25 28:35 29:37 30:40.89 30:43 31:40
88f7a73e-3a1d-4ed7-b588-85eda751980a,9,11:11.52 11:15.99 13:10.5 15:11.52 15:12.5 15:12.5 15:12.5 16:25.28 17:12.5 24:10.5 26:15.5 29:25.55 31:14.5
89076113-38cd-42f9-9b78-0e18cee7e4d0,10,25:14
890c3f97-e330-42e7-9e35-b9e977d77b67,9,3:210 10:197.01 21:175
8912ad4f-39c8-4bc7-891f-e701cbfad909,10,18:60
89225794-319d-4268-b3a8-cb0709015f23,10,3:61 3:77 9:54.78
892376e7-0076-4fe5-aef5-1b7e9fa3020b,9,29:65
89267cc7-3b49-4f87-94c0-281065c8ad60,10,1:49.99
892a3dd7-f0f4-41d8-9cd4-7e4138f1ba47,9,25:79
892f56b5-4998-4584-92d7-501197a4b6dc,10,24:43
892f56b5-4998-4584-92d7-501197a4b6dc,9,31:10.02
89356b35-34b8-45fd-b183-055143c3c86f,9,10:31.01 25:41
893a51bb-2dc2-4c47-8484-4fd30a78b470,10,5:62.95 24:24.5
8941a894-b42b-4ccf-ae02-5e9db1a6db97,10,17:200
896134ff-650e-4393-a9df-361e8d8c9e78,10,16:202.5 21:200 31:174
896134ff-650e-4393-a9df-361e8d8c9e78,9,1:54 1:65.89 2:83 3:70 6:50 10:55.2 17:39 24:49.2 28:61 30:49
89785e18-f57d-438a-9565-82b4f98a2bad,10,17:19.2
898316f2-60f8-4396-a564-17d722377940,10,3:26 14:13.01 14:17.52 14:17.52 14:18.5 24:15 25:11.01 25:14.5
898316f2-60f8-4396-a564-17d722377940,9,14:9.01
8984d618-5490-42d1-8c2f-18003d037da0,10,3:21.18 11:29.99
8984d618-5490-42d1-8c2f-18003d037da0,9,25:26.99
8990331a-279f-4ec1-8aac-0fd4d349d28f,10,3:325 20:263.89
89907a65-9392-4f7e-9f27-04c1ae4dbbe8,10,17:186 21:140.03
89907a65-9392-4f7e-9f27-04c1ae4dbbe8,9,26:66.25
8992a3a2-ae69-4340-a7f0-cfb56e550fce,10,22:12.99
8995ccdc-8960-4c95-b377-a499e8eeeb51,10,19:20.5
8997e54b-f304-4670-80b3-85eb49d1407f,10,1:20.5 6:19.99 7:24.16 12:15.5 20:18 21:22.52 28:19.5
8997e54b-f304-4670-80b3-85eb49d1407f,9,1:12 3:4.25 4:6.5 4:12.5 10:10 19:12.52 20:8.25 21:19.97 22:12 25:15 30:4.32 30:5.5
899c3215-d65c-4d50-82d6-03096bf7dbac,10,6:99.99 8:85 10:120 10:124.99 10:181.99 17:78 26:124.99 31:86.4
899cdb82-d2d5-4545-9e53-ee65d487b0c6,9,25:104.5
89af298f-bf47-44c0-8eb4-f896dc7e8444,10,4:50 5:50 17:49.2
89af298f-bf47-44c0-8eb4-f896dc7e8444,9,10:26.46 12:22.32 12:22.5 12:31 20:29 21:38.5 23:18.31 24:28
89b9aaba-f20b-4769-bab6-3b97688d08b6,10,12:400
89b9aaba-f20b-4769-bab6-3b97688d08b6,9,7:80 20:87
89ba7af3-99d8-4304-a4cd-7b178307ab0e,10,20:309
89ba7af3-99d8-4304-a4cd-7b178307ab0e,9,17:48
89bf1e91-f9d9-4a07-8a52-2adf251fff5d,10,18:65
89bf1e91-f9d9-4a07-8a52-2adf251fff5d,9,2:23.35 3:22.93 25:27
89d011b0-9620-48c6-ad63-18a19b4afa30,10,23:510 23:560 25:650 26:499 27:470 28:300 28:615 29:600 30:400
89d011b0-9620-48c6-ad63-18a19b4afa30,9,26:204.5 26:350
89df27d2-a42f-4bb0-875f-77b83fa68aa7,10,26:145
89df3fe9-cdbd-4b18-b9be-7a52162945e3,10,26:542.03
89df3fe9-cdbd-4b18-b9be-7a52162945e3,9,5:59 18:54
89dfa824-693e-4acb-8447-fa8f6c70f44e,10,18:50
89eace57-d163-4293-8a3e-c1f732367ba6,10,3:18.5 6:49 15:22.5 15:23.5 15:24.5 15:24.5 15:26 31:12.5
89eace57-d163-4293-8a3e-c1f732367ba6,9,15:15 25:6.5 29:18.5
89ed9da4-87a6-4361-a439-b12141e430d7,10,9:34.88
89f25324-d23f-4719-9959-cd7d7f2a7d9b,10,10:108 16:122.5 20:160 23:124.64 31:129.99
89f25324-d23f-4719-9959-cd7d7f2a7d9b,9,22:47 24:50 25:63 31:45
89f2eef9-9e92-48da-8cf5-e6199827ad4d,9,17:13.55
89f62df5-94c9-4272-8980-f76451f56488,9,17:45
89f8dd3a-798e-463a-9708-84c9b71a928b,9,3:492 8:650 17:699.99 19:472.78 24:660.5
89fc6dc9-e48f-4312-a555-5471fe3a2bda,9,17:28.8
89ff84a6-bebc-4eed-891f-6c9c9bda67b8,10,17:76.8
89ff84a6-bebc-4eed-891f-6c9c9bda67b8,9,30:29.99
8a0220b2-0305-4e2b-8aac-c9779bd74177,10,7:76
8a0220b2-0305-4e2b-8aac-c9779bd74177,9,10:48
8a0939b3-fc01-427f-9438-6cb3e59bb862,10,18:800
8a0939b3-fc01-427f-9438-6cb3e59bb862,9,24:276 31:228
8a0edc97-ecb9-4e94-bd19-0da7440218a2,10,24:192
8a0edc97-ecb9-4e94-bd19-0da7440218a2,9,4:247.5 16:75
8a14b2d9-74c5-402a-9c60-af844defed8a,10,4:35 5:19.5 5:20.01 5:27 6:15 6:16.5 6:19.99 6:24.5 9:26 9:35 10:34.99 11:31 11:36 12:18.52 12:34.95 12:36 15:33.95 17:21.49 17:24.5 17:30 17:41.98 20:20 21:27 24:21.5 24:24.99 25:29.99 26:24.99 28:22
8a1a0c49-dc61-4cba-a076-f0fa776666ec,10,1:50 20:36.02
8a217560-da20-4704-b896-4bb7286055af,10,16:26
8a23d701-59bf-4130-a829-b33d2aac928e,10,4:39.99 15:50
8a23d701-59bf-4130-a829-b33d2aac928e,9,9:15.52 20:14.52
8a280698-61d5-4b01-b695-30797fe26430,10,7:280
8a365038-8a00-4909-a3a2-2ef392a6a556,10,2:182.5 3:168 14:100 17:177.5 21:149.95
8a365038-8a00-4909-a3a2-2ef392a6a556,9,8:39 30:20.52
8a3bbe70-f8cb-47e8-9e7c-e46b7950e5cb,10,12:51
8a41aa28-fd3d-4260-afc9-66a2a7a78c5d,9,27:85
8a4754b8-e4a3-44d8-80bb-690d49b98ce1,9,20:125
8a548db7-2a6b-46e5-8dca-0d2f094bbeea,10,3:5.5
8a5b76a2-b0d7-46c2-9cd9-146a22adba00,9,3:37.2
8a5be5eb-025a-4aca-b5b5-46e4f8d1fc93,10,1:200 1:229.99 2:242.5 3:200 3:200 3:209.71 4:212.5 4:219.99 6:229.99 6:255 7:173.5 11:200.5 11:202.5 11:212.5 12:226.99 12:279.95 14:227.5 17:202.93 17:209.01 17:220.41 17:224.2 17:235.61 17:239.41 17:242.5 17:260 18:232.5 18:232.5 18:237.5 19:215 19:217.01 19:220.89 19:229.99 19:237.16 21:285 22:229.99 24:233.71 24:241.5 25:256 25:256 27:178.73 28:215 28:222.5 28:232.5 28:234.5 30:215.5 31:209.15 31:214.62 31:218.52 31:229.99 31:270
8a5be5eb-025a-4aca-b5b5-46e4f8d1fc93,9,8:110.39 11:111.11
8a635f06-f12f-4ae3-a229-799fa3018a46,10,31:246
8a692f39-ae02-4e28-b210-2b522d0f2243,10,18:23.5
8a692f39-ae02-4e28-b210-2b522d0f2243,9,8:69.99
8a7aff9f-9650-479d-afce-6f71d729fc6a,10,3:74.37 4:70.07
8a8be286-04f7-41fe-a618-0ff8d983e2fe,10,5:76
8a907a22-7f48-4cb9-9969-90fec1101ee8,10,24:72
8a9a4427-92bd-46a1-bb14-315083ac978c,9,7:60.88 11:43.65
8aa02f3b-5c62-4282-8fb8-cd23fe0d575e,10,24:12.5 30:59.95
8aa3f9cc-90a3-40a0-94ff-b8688b7e794e,10,3:63 17:167.5
8aa5fd5b-7d32-4db1-8066-4e4bf4a36255,9,10:111 15:145 18:128
8aa9810e-8dbe-45b4-8569-91b1e79469fc,10,29:115
8aaa845a-b442-4252-ae63-6e23743f647a,10,28:2675
8aaa845a-b442-4252-ae63-6e23743f647a,9,1:1335.9 10:1085.65 11:950 11:1098.8 21:1020 21:1524.99
8ab32daf-e098-424e-8a39-2b1d28379e99,10,6:150 10:46.8 17:54
8ab32daf-e098-424e-8a39-2b1d28379e99,9,2:30 7:59.55 9:29.99 19:30
8ad69c89-9426-45ce-864a-a4c619430c8c,10,9:36 9:40 17:39.99 19:35
8ad91750-1644-4082-a5fd-34649ef6c296,9,22:104.99
8adb08c1-470a-4771-b3d2-58a71779d418,10,10:352.96
8adb08c1-470a-4771-b3d2-58a71779d418,9,16:46 17:65
8adcb9b4-3ae4-48ed-8854-24a200c714fa,10,15:25
8aeb30c0-fcf0-46db-adf2-b5c2b09af25d,10,17:20.5 18:35.95
8af433a2-36ed-447c-abf0-0c156fbd99d5,9,7:25 16:23 28:39.95
8af5f019-d0ee-43d4-9049-50001dba9c24,10,9:73
8b11a8f8-34e6-48f0-a57c-594000e3788c,10,16:450
8b11a8f8-34e6-48f0-a57c-594000e3788c,9,7:53.51
8b15617c-343a-48e7-8288-f3371ff10960,9,5:15.52 26:25.01
8b181d26-c328-459d-b59f-255573c5c4e5,10,16:136.8 16:137.5
8b181d26-c328-459d-b59f-255573c5c4e5,9,1:17.5 1:19.5 3:24.25 4:23.22 17:45 29:17.5
8b183efd-f32a-47c9-a57c-9e0455150495,10,29:375
8b183efd-f32a-47c9-a57c-9e0455150495,9,3:70 4:95
8b21312a-a302-4de2-b32e-97fb975a25b2,10,16:70
8b21312a-a302-4de2-b32e-97fb975a25b2,9,25:39.99 28:40
8b24bf1a-c611-4c11-b04d-fd7cac796447,10,3:126
8b355ad8-4072-445c-a32e-68085059a258,9,31:48.88
8b36969c-5a68-475d-97f3-c95e3a44f35c,9,25:19
8b38c8b3-6e09-42a4-a779-47e10abeed14,9,8:10.5
8b423d5e-6a0d-471a-954e-e356631f228d,10,26:94.51
8b423d5e-6a0d-471a-954e-e356631f228d,9,6:37 7:39 28:18.5
8b4c5adf-acea-4605-8e9c-bf7d4fb80133,10,10:24.5 24:22.5
8b4c5adf-acea-4605-8e9c-bf7d4fb80133,9,16:11.52
8b4f7a9a-ede6-4f0e-8b9f-b2dd08e174b5,10,17:225
8b5acfac-6c7e-4373-89bf-46312ae2ebeb,10,24:39.6
8b5f5d28-b6b0-4c73-b627-2ba3d905b958,10,25:360.52
8b5f5d28-b6b0-4c73-b627-2ba3d905b958,9,3:81.6 17:41.25 17:101 21:83.82
8b67e1b4-d25a-4a98-999d-aaf3846b7a3e,10,3:33 3:45 16:50 17:48 17:53
8b67e1b4-d25a-4a98-999d-aaf3846b7a3e,9,5:24.99 7:24.95 10:20.5 11:20.5 11:31 27:34 31:9.99
8b7029d5-4c18-4f4c-93eb-98589ffc2d41,9,9:29.99
8b7c0417-4731-4fd7-a006-17c908a5ed1d,10,4:21.5 7:23.73 18:18.53 26:20.5 31:28.8
8b86976d-2768-4528-ba8e-77634e2d57db,9,12:46
8b8f0d35-2eec-45da-8df0-1e9fe8d93610,9,1:92.89 17:50
8b990ed2-c393-4364-a18a-5ecd95166382,10,24:365
8b9ab516-73c9-4da6-8596-b2ac3748bd04,10,7:6.5
8b9b5839-8d79-4484-b64e-582328addf0b,10,11:27.14 15:60 27:49.95
8b9b5839-8d79-4484-b64e-582328addf0b,9,2:19.99 8:13.26 10:14.99 11:6.49 24:14 26:12.99 27:15 28:24.95
8b9dcea7-6f75-4597-b09d-cfadc15ab047,10,7:20.5
8baca7fa-a244-4a0b-bd96-2b4dec65535e,9,14:99.99
8bb236e0-7fd8-407e-b04e-5722b15c62eb,10,3:29.99 4:44.47 5:34.99 7:40 11:51 15:29.99 19:39.99 25:45.95 25:53 26:30 26:32 27:29.99 29:32 30:39.99
8bb236e0-7fd8-407e-b04e-5722b15c62eb,9,2:15 10:15.5 13:13.5 13:15 23:17.5 28:19.99
8bb41770-e538-4d8c-baf4-8b8ebe4f7bfd,9,5:31 5:39.99
8bbd8742-6b02-4d01-ae3c-5142b9706ae0,9,10:152.5 23:200
8bc220d2-bdb1-44b6-ad48-7270e2c0265a,10,7:56 30:110
8bc4bd61-aeb0-4e59-b1fd-3a14d10150c2,10,1:69.99 2:50 3:49.85 4:41 6:50 10:41 10:48.39 10:60 21:59.99 23:55 25:49.99 26:49.99
8bc4bd61-aeb0-4e59-b1fd-3a14d10150c2,9,3:20 4:16.5 4:30 5:28.99 5:29.99 6:19.5 6:22.06 6:23 7:22.5 8:35 10:28.86 11:43.29 15:34.99 21:9.99 25:41 26:20 27:10.99 27:21.5 30:10.49 30:16.5
8bc72d4a-554a-4e80-862d-c8297e1de60c,10,4:41
8bd87eff-5db0-49e8-97c4-296f978263e5,10,24:19.5 26:21.5
8bd9965d-3c99-4e14-a185-9bc6a629279b,9,24:49.2
8be0eed4-8a60-4f36-b742-67a81a6fd94c,10,26:85
8be15047-0927-4751-a103-ac7aff05c71e,10,9:71
8be15047-0927-4751-a103-ac7aff05c71e,9,29:19.45
8bed751b-a81b-44cc-a80c-8c5e3a0d76a0,10,19:152.5
8bed751b-a81b-44cc-a80c-8c5e3a0d76a0,9,25:26
8bf47bb1-ed4b-4a4f-a723-9110b4a884f0,10,13:192.12 17:197.6 29:250
8bf47bb1-ed4b-4a4f-a723-9110b4a884f0,9,1:50.39 15:75
8bf851dc-583b-4772-9cc3-ce7204a1a899,10,23:26 31:30
8bffd982-cdac-4af2-8bad-eda20247c215,10,8:53
8c011e15-14de-4f11-84be-d42f72ea2605,9,4:75 10:70
8c236e91-6d9e-481c-ab33-8fd796c2e175,10,13:37.69
8c279a8a-41af-4d48-a738-73d8165034bb,9,2:159.99
8c28873a-cea1-4614-b489-f42932c3c603,10,3:525 3:600 15:520 16:520 21:561 24:560 25:550 29:580 30:570 31:570
8c2bb99d-c22e-492a-aafd-a3540ea4c79e,10,17:163.5
8c2bb99d-c22e-492a-aafd-a3540ea4c79e,9,5:70.62
8c4a64ed-fe78-4c74-bac8-a046419d262d,10,17:113.5
8c4bd5ba-8bd7-4c7e-98bf-c93efa46de2c,10,17:16.8 23:42.85 25:44.5
8c4bd5ba-8bd7-4c7e-98bf-c93efa46de2c,9,19:19.24
8c5497f2-4d56-4f46-9c29-c1e58ae0b707,10,3:43.99
8c55c71d-8f58-4eae-b988-e6353ff386b3,9,10:73.82
8c579256-f2b0-4172-ab69-0e6ac7e034bd,9,13:149.99 27:100 30:60
8c6d8d31-4542-4fd9-8081-9f6a8c4c9dd3,10,26:27
8c7948e3-c53a-4929-ace0-75deb775675c,10,26:66
8c893d15-e8b3-4f34-bbe1-cbf263410f7e,9,18:140.5
8c8d8936-4700-4959-b524-d52aa51bb580,10,13:35 20:64.88
8c8de7dd-66e7-4ac2-b2e4-75a0fd03efea,9,18:215 31:132
8c95593b-fb5b-43a7-b227-91c3dd22a2bd,9,11:129.99
8ca775aa-8177-4b95-977e-f8f18f291401,10,18:71 25:80
8caa4cb6-a8b9-437f-89d0-94ba2c96b924,10,9:43
8caec3d8-ee3b-413f-ac7f-4c2b517553a4,9,12:70 21:99.99
8cb7e9b2-c976-452e-93fd-c2264f4ad49e,9,10:39
8cbec5dc-df39-4e66-ad0e-6dd5e8372a8b,10,18:5.5 18:9.5 25:12.5
8cbeda9c-7234-4b4f-8f1f-2674a2ccebe2,10,2:110.5 9:149.99 15:120 20:115 22:120 31:114.99
8cbeda9c-7234-4b4f-8f1f-2674a2ccebe2,9,6:33.99 10:33.99 12:39.96 17:20.59 19:23 20:20 23:22.5 23:30 26:25 26:27 27:35.99 28:31 28:33 30:48.68 31:26 31:30 31:34
8cdc2f86-2789-49af-8d83-b637a9fadc89,9,8:42.71
8ce284ad-712d-4a25-bbe6-320ead3594b4,10,17:45.6 19:49.99
8ce3cb25-48aa-41bf-a582-a6c527b54ced,10,19:19
8ce6de9d-e016-48f9-9e95-cf411297ec99,10,16:76.53 24:200 24:384
8ce705f6-75b2-4e21-b923-8c8226abf933,9,1:40 4:42 17:48
8cebc24c-254e-4b57-90f7-5432aa363dfa,10,17:93 18:102.5
8cebc24c-254e-4b57-90f7-5432aa363dfa,9,10:41 29:49.99
8d020eae-f2d0-4534-898a-44ec16c532b8,10,25:710
8d020eae-f2d0-4534-898a-44ec16c532b8,9,5:202.5
8d02c6bc-c1d5-4e17-b0a7-46c34ba9fe11,10,4:138
8d0e9411-d191-4218-9c55-0b7a31d7030f,10,24:51
8d0e9411-d191-4218-9c55-0b7a31d7030f,9,9:15.5 27:59.99
8d123af3-9228-4bda-ac00-4fabe671fe06,10,26:71
8d123af3-9228-4bda-ac00-4fabe671fe06,9,6:59.99 25:70.11
8d1386ff-73fc-45e2-8a74-e6c94687459b,9,18:23.52
8d15aeff-0466-489e-b57f-713828bfb041,10,16:381
8d15aeff-0466-489e-b57f-713828bfb041,9,16:37
8d1e1a21-6a7f-4a8e-9e79-7f0db12e3df9,10,4:9.5 5:8.5 17:10.5 17:15.5
8d1e1a21-6a7f-4a8e-9e79-7f0db12e3df9,9,3:4.99 3:4.99 4:4.99 4:4.99 10:4.99
8d326663-fae3-497a-84cd-c868a44471a0,10,4:17.49 5:50.89 6:20 11:13.5 24:18.5 24:44.99 26:15 31:13.5 31:16.5
8d48f1d3-c9aa-492f-b52d-fe35fb495a36,9,3:37.2
8d4a3b4f-2433-4490-b618-ed08a4f2a4d3,10,3:44 4:69.99 6:51 7:61.19 8:72 10:60 13:70 17:70 18:58 18:80 20:51 20:53 20:56.99 20:57 20:81 23:62 24:69.99 29:75 31:56
8d4e51a1-115b-45c4-863c-8bddcabe4259,10,9:1150
8d4e51a1-115b-45c4-863c-8bddcabe4259,9,24:750
8d552d25-e84d-455b-aa52-e42d7c1e9f22,10,17:130.5
8d552d25-e84d-455b-aa52-e42d7c1e9f22,9,30:30
8d58e118-1618-486a-a7d4-092b39c1c2de,10,10:34.99
8d62f077-31b7-4a10-9fa9-371ebc57e1d8,10,11:19.88 18:16.5
8d7398f5-3303-4883-9d09-5154ff1b4fcc,10,17:6300
8d770b46-d46d-4d69-988f-b5179009627d,10,21:14.5
8d7b1981-b00e-4065-b070-404c9116e06d,9,16:325 24:330 31:399.99
8d7ee449-fec2-440a-9efe-6a452cfe6c8d,10,25:821
8d7ee449-fec2-440a-9efe-6a452cfe6c8d,9,5:46 12:77.99 25:42
8d8038cd-34f7-48a8-a294-13bc451b96b7,10,21:12.5 28:30
8d8b73ea-d180-46be-81e4-aaa0cff35e88,9,25:76
8d8c3bfc-3ca3-4ba7-8b1d-e2343b953494,10,6:45 24:20.5 27:36
8d900d05-f5f5-4a44-80da-cbf4fca95feb,10,3:90 13:92.73
8d97811d-c2dc-46cf-9f41-674d7d64ce66,10,23:849.99
8d97811d-c2dc-46cf-9f41-674d7d64ce66,9,7:100
8da16d12-d6a8-4eb6-ab4c-3350c768aa8e,10,26:200
8db36ebc-b1cc-41d8-977f-2205b62c58bd,10,8:34.99
8dc73bfc-d052-44de-8358-b8d34684b9ae,10,6:99.99 20:85 20:125
8dcf099c-f2cd-412d-8a5d-51a0e0604182,10,24:27
8dd40313-da64-493e-b539-2bbd3444973a,10,26:81
8ddd0645-f42d-45c1-9fa9-c6c3d83e7f53,10,16:620 31:456
8de500d5-bc25-46a8-9691-57d5bf9922bf,9,30:79.99
8dee7ba2-da6c-4328-8782-d980a4020ad8,10,23:47
8df1a2c3-b8e5-47b7-b545-3b8a28a3a81f,9,27:120
8dfd31fd-c7df-4b29-9ce4-f94a11aa0a97,10,12:85 17:83
8dff07ec-004b-4529-8067-74c0380c9de7,10,2:298.94
8e0b9cd7-2325-4138-964c-7cd422828432,10,19:465.7
8e157f6c-e32c-4768-af8f-a1c36fee1257,9,3:28.8 4:15.5 17:37.2
8e1a0f4f-d776-485b-94e4-d5e4f4972057,9,5:130
8e2417bf-5c52-4221-a5ed-17dae2fb9446,10,17:187.67
8e2f9d29-9254-450b-a975-c3710b5074f4,9,21:27.58
8e3110c8-667e-4a72-9e16-fd22d6f935ed,9,21:177.5
8e3e5f90-6569-4a05-bd64-6cddec9dd9e8,10,23:12.5
8e4e08f4-95b6-4607-8b6d-a6bf0df83ab7,10,1:41 3:36.51 4:35 12:35.74
8e4e08f4-95b6-4607-8b6d-a6bf0df83ab7,9,2:13 3:19.99 24:13.52
8e50bd12-2644-49ca-a68b-b549716224f6,10,15:24.5 20:45 22:25 22:50 23:56 24:56 29:31 29:34 30:24.5 31:30.01 31:31
8e54d148-d12d-462d-9ed3-e3ff7e23d169,10,4:40.82 22:45.41
8e698fa2-8b12-4393-bf45-b8d5cb142045,10,10:63
8e6a0790-554c-485b-abeb-f39e39e7fb2c,9,2:73.5 17:80 22:90
8e6f8fec-b8d6-4407-b9ad-543377eac951,10,6:90
8e743bfc-793d-4785-976f-48f885a0c52a,9,2:24 9:33
8e75a0fe-53b4-46e1-b0ad-d1ec6d531746,9,31:15.52
8e796dc5-acca-411e-8dff-47f5652e9e97,10,17:432
8e796dc5-acca-411e-8dff-47f5652e9e97,9,1:100 22:130 26:150 28:150
8e89893c-7efe-4228-a0ba-1b84fd724e78,10,11:29.99
8e89893c-7efe-4228-a0ba-1b84fd724e78,9,19:16
8e9e7e6d-536c-47a3-ad04-ac69d1004f29,10,31:67.12
8ea7fc17-611d-4295-a3c8-87fe8482a957,10,2:75 17:38.76 24:54.53
8ea909f5-4628-4aa5-b1d1-9bdf8df04144,10,8:160
8eab9601-f03c-4730-8389-7b7fe4b7b2bf,10,1:44.93 3:40.8 3:42 3:45 3:49.99 10:39 12:37.1 12:62.95 15:55 20:38 26:59.95 28:69.99 30:48.68 31:44.99 31:51
8ebfc6ba-c2e0-40fb-8f36-98e049d9ec46,9,26:20.5
8ec064c6-2d6c-40f3-9f56-e89c61813cc8,9,23:59.95
8ec685ae-63fa-443e-900e-f0eb3ccce814,9,16:31 20:20
8eeb01b0-3a4f-4235-95ba-b5b1b42e4d70,10,3:810 3:998.69 10:810 16:800
8eee3655-c668-475f-a920-1c3dadb0e9f4,10,25:50
8ef51f0c-949d-4bbb-84c2-a8aadc6ed363,9,17:300 17:384
8ef68a90-2837-4ed1-9622-f4c69fd38de8,10,22:59.99 27:20.5
8efc0d3d-cf03-4bf8-8283-6f2eadc8199d,10,7:16.5 10:22.5 12:9.99
8efdd52b-f9fe-4537-a573-398919ec0279,10,10:12.5 10:25
8f12c9bc-ea16-4ab6-b4af-e1c64189e68d,10,24:108 24:126 26:150
8f12c9bc-ea16-4ab6-b4af-e1c64189e68d,9,3:18 14:20.06 17:32.4 21:50.99 23:60 24:65 31:30
8f15f986-793e-4ee4-a887-09b735cd2505,10,12:60
8f23f94f-420d-400a-a09b-b811f9eb2a5a,9,10:49.2
8f2ecffc-27ae-4f17-9d31-bd836002975e,10,27:3150
8f30dded-dcf8-4882-b5ac-34613f7eb4c9,10,8:405
8f30dded-dcf8-4882-b5ac-34613f7eb4c9,9,11:39.99 27:55
8f40a073-160e-429e-bc34-780bc19fe0f3,10,18:205.5 26:200.5
8f40a073-160e-429e-bc34-780bc19fe0f3,9,12:72
8f43b823-dc0f-455c-9c29-f0bfd2fa1034,10,24:59.99
8f46568f-9f20-45d5-81da-82baf74aba90,9,5:15
8f492866-0655-425c-b3fd-c1ae37b5dfc0,10,17:33.44 23:60
8f492866-0655-425c-b3fd-c1ae37b5dfc0,9,12:28.5
8f49df07-b3b1-4414-88c3-f80df1b63709,10,15:39
8f5312d1-4957-46c1-b2e1-f2ee68664c68,10,3:92 4:115 15:86 25:102.5
8f5312d1-4957-46c1-b2e1-f2ee68664c68,9,3:30
8f5a4bf2-ebca-4d6b-b56e-9be0a51edee9,10,3:34.8 14:23.92 20:30 20:39 24:30 26:34
8f5dad54-e5dc-480a-b31b-05d7bf5b63f4,10,3:71 4:46
8f6dd5d2-9de5-4b73-912e-d8616641f7c2,10,20:225
8f6ef1a3-8b92-4983-ac0c-aa707fe5e185,10,2:23.08 5:12.5 10:15.5 10:24.99 11:17.52 11:17.52 11:20 11:21.5 12:14.5 12:14.5 14:14.99 17:18.62 23:12.85 24:21.99 25:22 26:12.5 26:12.5 31:16
8f7477d9-bc77-477a-9866-0f08b8c47842,10,17:1020
8f7477d9-bc77-477a-9866-0f08b8c47842,9,10:138.5 18:144.5
8f750504-f033-4670-a6da-f7b832560585,10,24:2125.01
8f750504-f033-4670-a6da-f7b832560585,9,16:999
8f8a5bb9-4c47-4b1f-9c62-2557cc2e8fc1,10,10:9.99
8f9518bb-423a-4754-be34-60035568003f,10,11:86 16:120 18:95 25:107.12
8f9518bb-423a-4754-be34-60035568003f,9,7:18.5 16:41 19:31 21:85 28:46 31:17.5
8f9cb36e-cfed-4d0b-a7d8-53cd844c3726,9,24:27.6 25:23.38
8fab33fb-03e3-4542-a78e-dace073a1e3c,10,18:171.5
8fb39d46-029c-41a8-8bd5-8d935a9ff4b8,9,11:72
8fb9913d-7e42-4912-aa74-4559022eb428,10,10:223.19 24:210.93
8fc164ee-4175-498f-98dc-0e60308b4f20,9,30:15
8fc63cef-95c4-4638-9829-05ecd2f4b108,10,17:109.9 18:112.5 21:81 23:75 31:74
8fc7ebc0-1e28-4c6d-a069-783448441757,9,5:408
8fdf50b5-c6bd-4999-bc4a-0c74a52d26f9,10,1:157.5
8fe030ad-7f03-497c-847e-64559314f3b8,10,21:21
8fe15c52-9c22-4ea3-85fe-fc14277edd21,10,12:15 16:20.5 16:39.99 25:20.5 25:23.03 30:28.99
8ff812cf-717b-4c59-80f5-c42f6572eb2b,9,31:61
8ffa6e46-72f2-4f97-a796-a2db2279c52b,9,25:26.02
8ffe9e88-914b-4ab0-b6d3-0c78c7674903,10,12:608.89 19:616.36 21:483.28 27:450
90057548-830b-40e8-8eff-66d9863430b0,10,31:78
9006dc43-6f33-4eda-ad1a-90f3d993e6b9,10,3:45.45 4:57.63 4:58.83 11:47 16:47 17:45 23:37.88 24:43.67 26:32 26:49.99 29:41 31:43.2
9006dc43-6f33-4eda-ad1a-90f3d993e6b9,9,2:24.36 3:17.99 4:22.99 6:18 12:17.99 13:38.42 19:16 21:10 25:14.5 31:10.15
9009179f-fea1-4cd7-b153-e47b9642d3d3,10,29:79.99
9009f79e-aecd-423e-bd02-6e16bf88d81c,9,15:69.99
9016a0ce-2b79-4f13-a3ac-c59cf451093e,9,17:27.6
9017ccca-e4dd-4323-bbe1-0a4d559fd500,9,4:19.35 19:19.38
901b87a1-8aa9-4dba-adda-de7dd7a7aa9f,9,3:34.33
901bf214-ebae-4938-9421-0c186dadf396,9,18:270
902a4056-777d-4050-a3a0-3a9e799807f3,9,29:13.5
90344f72-5971-4bdb-ad27-f99dc4f9766c,10,21:125 23:97.11
90383872-89a7-40aa-90ea-59bd5b638057,9,4:242.5
903fe7be-7032-42ef-a94b-f4ab42480e5b,10,24:66.49 29:35
9052352f-3a6f-4e8d-9cc4-ef4a754a5822,10,7:43.99
906e78d1-f132-45a1-91df-fc28f57f613b,9,5:21.51 13:20.5
906f4ba5-c4b4-4bb3-b1e8-349870718423,10,10:35 12:50 15:39.99 19:34.88
907cde70-12ad-4051-b79d-02191a9ea89f,9,31:11.02
907f5e94-be00-4623-abd3-1fae9748aa5c,10,2:17.1 26:24.95
9085d0a0-5ab3-42ed-8e0d-faf3ea1dc9b4,10,24:87
909bfdb0-a33f-45b6-9704-339a806632b9,9,13:96.99
90a05ee1-aa70-48bc-9e03-0990a0528855,10,20:2658.34
90a05ee1-aa70-48bc-9e03-0990a0528855,9,23:494.59
90a1a2c5-76af-4827-ae9b-7c76d5548e3d,10,2:47.49 6:51 12:17.1 17:40 22:38.79 23:30 23:31 24:24.5 24:28 25:42.5
90a1a2c5-76af-4827-ae9b-7c76d5548e3d,9,4:15
90b3e4ba-dcac-47f5-80c4-17c67bee2bff,10,10:39.99
90b9e48e-cfcc-46de-8e5b-e9fd50ed5d54,10,6:100 24:84
90b9e48e-cfcc-46de-8e5b-e9fd50ed5d54,9,15:46 19:28.99 26:35 30:25.38 31:27.6 31:33
90c06210-e808-4cb6-9545-3e8b407a648c,9,19:590 20:504.21 27:543.71 31:552
90c0fa91-b13a-4482-b712-375202527d31,10,8:350 9:405 10:390 13:375 17:340.28 18:400 22:450 26:355 31:429.99
90c5f2e8-d883-4f68-98a6-290b8c292167,9,6:330 22:400 25:380
90c63d34-2527-4252-bcdb-d40b7c7cdfff,10,6:28.99
90c9f8e0-fcc5-4713-a68e-1215f5aa8b4b,9,16:10.95
90cb09fa-0dbc-4527-b3fd-d2dbc5accbbe,10,5:332.39 10:372 23:393
90cb09fa-0dbc-4527-b3fd-d2dbc5accbbe,9,3:46.8 14:36 18:59.99
90cef98a-b3a5-4083-9214-b86ad183c890,9,2:10.05 5:11.53 5:12.03 29:15.56
90d83a62-9da1-4398-b07c-4dc6fc8edd90,9,3:74.86 11:72
90e75d27-c8e9-405b-9074-ee3ed0f550cb,10,24:43.2
90ed2668-d43d-408c-b2b6-b866863ae1cc,10,4:117.5 21:197.5
90f0dd83-c989-40a3-8af2-e262e1e7d506,10,5:102.5 5:350.96 12:199.99 15:199.99 22:225
90f0dd83-c989-40a3-8af2-e262e1e7d506,9,16:51 20:49.99 25:25 25:29.99
90f758ed-67d1-40ae-89cc-edd1d11cefe7,10,12:84 18:76
90f758ed-67d1-40ae-89cc-edd1d11cefe7,9,7:38
910376a9-2c6b-4be9-ab49-1029353ea106,10,1:89 3:56.02 4:43 5:151.45 6:62 11:51.02 13:124.83 22:119 25:51.75
910e4c67-58a6-4f99-92cb-2be9539e06ac,10,17:19.2
912ebdc7-d714-4a50-9a41-453deacb5296,10,3:365
912ebdc7-d714-4a50-9a41-453deacb5296,9,5:92 6:229.79 29:86
912f287a-7b29-426c-b9cf-630563c9e783,10,10:76 22:36 22:51
91318bdb-34b0-4124-9af2-d2fef252456e,9,24:79.2
9132466f-b6ab-432f-a0f4-92f858046c93,9,2:175 10:141.31
9139ec27-b238-48b1-b65a-69f3e01cf215,10,4:19.21 5:19.5 25:15
9139f204-904b-4475-b88e-7417704cd2a0,10,1:35 3:34 5:36 11:32 11:54.99 14:45 15:54.99 17:36.5 19:39.99 21:65 22:46.55 24:70 26:34.99 28:30 30:43.81 31:36
913e0473-49b2-4916-83ca-91340887dc95,10,24:52.8
913e0473-49b2-4916-83ca-91340887dc95,9,3:23.52
9148b83a-9648-4911-9f26-5c0c7691ac33,9,13:41 22:104.42 26:104.19
914c9e1c-e619-427e-a220-69616e4f309c,10,12:60 20:27
914e2db0-ca14-4364-b933-ea5810e728db,10,10:38.4 21:50
914e2db0-ca14-4364-b933-ea5810e728db,9,31:21.6
915ca752-c8a2-4e83-b5b2-1d4e809bb3a1,9,7:46 17:49.2 31:37.2
915eac2f-2de4-4e8b-aeef-d2269faaa2f6,10,3:107.5 3:122.5 4:114.5 5:103.3 5:110 6:99.04 6:107.5 7:172.09 10:99.95 10:119.99 11:102.5 11:102.51 11:102.52 11:129 13:127.5 14:140 16:125 17:130 18:90 18:105 18:120 18:120 18:125 18:129.99 18:152 19:125 21:149.99 22:129 23:105.5 24:108.5 25:110 26:115 27:99 30:113.5 31:90 31:98.01
915eee71-5ea1-4cbc-abb8-ebc9055af5f0,10,24:14.4
916bcaaf-ed73-4b4a-9258-36a18e519853,10,19:425 19:636 29:500
917719b5-9b15-4c44-b796-e4a82b26fdc4,10,26:97.69
917719b5-9b15-4c44-b796-e4a82b26fdc4,9,3:37.2 16:99
91850805-f32d-4a29-93f3-1d5e4d0bebf1,10,1:1200 15:1530.74
91853968-bcb4-4302-9a7a-6371ff74416c,10,28:69.99
918cbd24-2513-4de0-9b29-c6bb1fc4374b,9,14:152.5
918eab6d-a633-46db-8351-1ea5a24d4e76,10,5:699.99 20:601
918eab6d-a633-46db-8351-1ea5a24d4e76,9,1:109.99 1:119.99 2:109.99 4:109.99 8:109.99 8:110.5 10:98.08 15:80 15:96 17:87.5 17:109.99 20:109.99 21:101 23:81 25:109.99 31:90.99
918fdc1b-f5ea-4f6f-9845-9e6213cfa3ac,10,24:14.41
91978e8c-006f-4000-adac-c92ceea6db6c,10,21:472
919fc9d9-8737-47c9-86d5-043fa4fba4b8,9,24:145.5
91a37a81-3a56-4d00-ba5b-6ffb1405ca1a,10,30:170
91be3260-1e4c-4d0e-9688-b7b80348de6d,10,4:100 4:100
91c86d16-2c7d-4d31-bf89-7c230e7d139f,9,4:55
91c91826-a6c5-47e5-9eba-b7768f3c29ae,10,11:9.5 18:6.5 25:12.5
91cb14ad-9efc-4572-b78b-5bf009112ac7,10,5:201 10:240.46
91d328a0-2fac-4581-8ca4-a105da210514,9,3:53
91d4ae35-e0d1-479a-b5ce-addaf045c86d,10,7:33 20:35.86
91d4ae35-e0d1-479a-b5ce-addaf045c86d,9,27:12
91d63c13-ad3f-4547-8cbc-af3ace08e88e,9,9:62 13:96.06 14:102.5
91dc2d38-58bd-443e-9286-c7088d2f3099,10,3:18.22 16:18.5 22:18.52 22:25
91dfb672-e7f6-4b49-8720-aed1d9344ccd,9,3:32.41 5:27.26 9:16.5 16:25
91dfd01f-f08e-47bc-9345-7e23d33c5a3a,10,18:1525
91dfd01f-f08e-47bc-9345-7e23d33c5a3a,9,3:163.5 6:300 7:157.5 11:217.5 12:221 22:325 31:300
91e43657-1bb2-4217-aa29-5bd372fc748e,10,3:29.99
91e43657-1bb2-4217-aa29-5bd372fc748e,9,3:20.5
91f907cb-4450-40e6-a126-f3a41096e1ae,10,10:31 25:39.99
91f907cb-4450-40e6-a126-f3a41096e1ae,9,31:24.33
91faede5-4988-4d39-b8a5-a78d1ffd1ec2,9,10:170
9206b257-244c-4aef-bb6b-a307285ffdf5,10,1:26 3:32
920a9a4a-a15d-4bd0-abed-22dbe225bc9f,9,5:250
920d560c-5df1-46d9-b0ad-9012da01e167,10,17:18
92102f4b-dadf-4345-96f9-abd30f242bef,9,11:30
9213cbc9-c118-4862-980f-2a9741f1cf3b,10,15:15 15:15 15:15 15:17.52
9222b2b5-29fc-4e0d-a57d-30bf2ee5161a,9,2:69.99
922888d6-7e34-44c5-8bf8-ab3764f6f3f8,10,20:34.99 22:32
922c8ed4-99d6-46d3-963a-de435145c217,10,14:51
922e01fa-b174-47ce-a325-f83154db7966,10,1:16.5 3:22.5 3:25 16:29.99 22:29.99 22:34 24:12.5 24:14.02 27:29.99 28:31 30:25 30:29.99
922e01fa-b174-47ce-a325-f83154db7966,9,3:13.5 9:18.04 24:10.5 25:13.5
922fe875-d215-4e5c-8cad-991607f392d8,10,12:38.47 14:79.99 17:31.2
92329ecd-86e6-4161-bac1-113ee22b817e,9,4:46
9234c83e-1a61-4a16-acf7-183b866e73eb,10,4:29.99 29:29
9234d4ce-7c56-4193-9d2d-ced7f01ec1fc,9,10:139
9238c93f-e184-4aeb-bb05-3ac04130851b,9,5:31
924281cb-a086-4f98-9c60-84f27043a225,10,3:59.99 5:54.52 5:77.99 6:44.68 10:37 10:57.72 11:54.25 11:120.52 16:50 18:50
924281cb-a086-4f98-9c60-84f27043a225,9,5:41.19 8:29.99 10:33.99 15:37.71 17:18 19:48.12 24:35 27:30
92513e57-7a3e-4a57-8fe2-b0ca0230bcb3,10,1:607 1:669.95 1:675 2:627.88 2:650 2:671 3:612.78 3:660 4:630 5:590 5:611.5 5:675 6:602.2 6:630 6:700 10:613.33 11:674.95 12:618.02 12:630 13:490 13:659 14:650 14:650 15:610 15:650 16:600 16:630 16:630 17:620 18:650 19:631 19:650 20:320 20:612 20:635 20:647 21:620 22:625 23:610 23:635 23:649.98 24:625 24:635 24:638.2 24:650.24 24:690 25:645 25:649.99 26:750 27:629.99 27:630 27:750 27:800 28:625 28:645 29:615 29:630 29:650 29:650 29:700 30:620 30:630 30:635 30:636 30:645 31:610 31:620 31:630
92513e57-7a3e-4a57-8fe2-b0ca0230bcb3,9,6:330 7:350 10:310 14:380 19:349.99 25:325 26:360 30:370
92565a52-b79c-4768-a830-563dd974fee3,10,17:51.6
925dc054-9c78-46f1-ac32-68ce9b5e5af0,10,25:1499.99
925dc054-9c78-46f1-ac32-68ce9b5e5af0,9,2:89.37 3:64.8 4:75 12:82.05 12:119.5 16:50 24:49.2 28:85 29:53 31:126
9261d82b-cd17-4605-af65-0e8fa1d710ab,10,1:26.72 21:25 21:39 26:25
926852eb-2029-40e2-830d-c7247912d034,10,4:26 19:25
926e86b3-753d-4c0a-9513-489ad6b900cd,10,8:67.99
928a3dcc-a77e-44f1-baa6-d4ec551e871f,10,21:25
9299f333-5c8d-46ed-83ac-a3c2f51ad33e,9,11:100 29:110
929ea477-b084-4399-949f-95d827d86304,10,12:49 15:20
92a389fe-a5e1-47ef-9633-48a12597892b,10,26:96
92a389fe-a5e1-47ef-9633-48a12597892b,9,4:23.22 5:23.28 10:25.2 10:46.84 21:36 24:26.4 28:36.39 31:24 31:24
92a8c43e-7b1e-40cf-951a-b0562ee8fd36,10,11:1200
92b361de-bf61-4b8d-83eb-83750b8da35c,10,2:26 18:62.5
92b87478-9f74-4567-bb38-aa28978eec6d,10,3:78.5
92b87478-9f74-4567-bb38-aa28978eec6d,9,23:17
92c117d6-8b88-4bfa-afb1-e39857ac726d,10,10:21.6 24:45
92c28c48-2cce-4b36-b92c-ef9788e3cdbe,9,24:58.8
92d01918-79cb-4975-b1f9-a8a9423997d7,9,1:20.7 4:16.03 4:27 5:18.5 5:19.5 5:22.5 6:16.5 7:18.5 8:10.52 10:15.07 10:16 10:18 15:15.5 17:13.03 17:16.7 17:17 17:18.5 17:18.5 17:19.5 19:18 21:17.5 22:25 23:15.5 24:95.8 25:15.99 25:16.5 25:19.99 26:25 27:9.99 27:15.52 30:17.5
92d16628-1478-495b-a591-26733ce74db6,9,14:99.99 17:49.4
92e33dd7-d03e-4aab-b551-63378f45ad9c,9,10:80
92ea5d1e-aadf-4c1e-b400-8acf4376fa0b,9,31:29.99 31:36.09
92ef851a-9d3a-4200-a861-ac463eccebd0,10,4:145 29:51
92f2e11e-ac68-43c8-848a-6fe0d12a24cc,9,4:210.44 10:167.5 19:191.5 23:249.99 24:204 30:199
92f80a55-7319-4504-afce-7000028e80ce,10,22:360
92f80a55-7319-4504-afce-7000028e80ce,9,1:105 6:56 10:46.8 10:55.2 17:43.2 17:90
9300d6c8-841c-445e-a4c6-ffc159af38e8,10,27:61
9304bfae-3c22-4ecc-a682-86bf6e8d24d8,10,11:26.02 12:73 18:48 18:95 24:31.2 24:53 28:45 30:95 31:61 31:62
9304bfae-3c22-4ecc-a682-86bf6e8d24d8,9,1:20 1:41.22 2:40 11:17 17:21.5 19:17.5 20:15 25:15.5 28:36.38 29:49.99
93056e98-2ae5-4510-ba99-634dac5b49a2,10,10:76
930dcb86-2f27-45d2-9920-0cc5014afd97,10,18:59 26:66
9311d20c-a7c3-4fda-afe6-1a5172bcc0ce,9,10:355 17:290 24:324 25:320 27:1250
9313a10f-d5bd-44ce-aa66-962f5d099066,9,17:21.6
93185cda-d1d5-4ba2-8f65-70612363fee0,9,9:25
931a10df-463c-42e1-881f-5a62f0fb6d97,10,2:14.99 7:9.99 7:9.99 7:10.5 7:12.5 11:10.5
931a3d40-d856-4e21-b6e9-066ad27f695f,10,16:106.5
932c6b56-01aa-458b-b25b-4a0f1dc751ba,10,22:500
932c6b56-01aa-458b-b25b-4a0f1dc751ba,9,14:103.5
933626d8-d1f1-4e7a-aa97-3bf65067929e,10,12:72.61 29:97.88
933626d8-d1f1-4e7a-aa97-3bf65067929e,9,24:30 31:34.8
9344f9cf-4d12-4103-ae35-53287d2d09cd,10,10:190 17:118.56 17:120.46 18:199 25:148.79 26:190 29:199
934632a1-5fd7-43b3-af38-35cf1e9eb2a1,10,17:72 31:62
93499bf1-9a8f-44a1-9e4b-83957b1a5540,10,3:34
934bee26-e2c8-4096-99f4-b747050462ab,9,10:72
9362fcfb-a094-4509-b9da-d3ed33a03895,10,14:800 25:280
936721a9-86b2-4d89-b62f-eaf65dcecf03,9,17:30
9367c784-afdd-4bdb-aab1-de5232fe2995,10,1:30 9:21.65 11:21.5 22:26 23:32 24:18
936acddc-ad84-45c2-a383-81d6c5d994f1,10,9:65 13:74.99 14:50 20:41
936b48cc-dcc7-4454-8c77-cde83d30c64a,9,3:67.2
9370e35c-2683-4f47-b8f6-ef0b563b45a9,10,8:34.99
9370e35c-2683-4f47-b8f6-ef0b563b45a9,9,10:13.2
93aadacf-b817-45a3-9abd-26faebb42087,9,24:34.8
93b16d05-5b18-4d35-af34-84e565b44fd4,10,18:32
93ba3223-d2f2-48ec-810e-4035d9980190,10,3:21.5 7:27 10:19 10:21.99 11:23.99 18:24 19:22.51 21:24.5 21:28 25:26 28:25 28:27 29:26 31:19.49
93ba3223-d2f2-48ec-810e-4035d9980190,9,4:11.02 19:11
93bd4d80-fe1f-485f-9f75-e4c754d76e4b,9,10:20
93c58522-0bed-42ee-8d53-7ed7c4a2675d,10,7:500 7:600 14:610 19:456.67 29:455
93c58522-0bed-42ee-8d53-7ed7c4a2675d,9,2:184.5 4:146.6 6:129.99 8:269.92 11:125 11:175 11:225 12:159.5 17:113.5 20:215 22:143 24:150 25:175 28:198.36 30:199.99 31:144
93cd5531-f003-40bc-97e8-893fee4761a2,10,26:175
93d108f6-92e4-4d7f-8789-72552c989424,9,4:333.88 25:311
93d451dc-d8fe-4ff9-a835-7135f643990c,9,31:30
93d95154-da96-467c-b348-e09b026fc1ad,9,10:200
93e1529b-ae2c-4a2b-8ffb-afea8cfc7559,10,16:3462 17:5040 21:3850 24:4000
93e1529b-ae2c-4a2b-8ffb-afea8cfc7559,9,3:690 3:707 3:730 4:679 4:960.44 4:969.99 7:750 7:809 10:750 14:731 19:590 23:774.99 29:716 30:999.99 31:750
93e6d303-fe98-4d8b-bbdb-510da13f851b,9,17:36
93e89f04-6b45-4cd9-a29c-8281f04bc44f,9,11:65 31:38
93ea6380-d56a-4329-b372-c3dbbbf5fa50,10,3:450 9:410 17:348 22:399.99
93ea6380-d56a-4329-b372-c3dbbbf5fa50,9,13:99 15:150 26:192.7
93eebfa4-b58e-47b2-915e-ece26bbdfac3,9,9:36.01 25:24.38
941585ca-944a-4d76-beb3-fa1942985582,10,14:28
9417aee5-483d-439e-8317-bd327b3714e2,10,24:76
9431c1fe-6e29-47a3-9891-457dfb855e9c,10,5:56.3 9:74.99 17:51 25:43
9431c1fe-6e29-47a3-9891-457dfb855e9c,9,6:15.52 17:17.99 27:22
94380718-7c77-423d-aace-ed003a018ca7,9,30:124.99 31:66.77
9438dac7-8576-49c9-b96e-6732f5a4556b,10,1:68 3:62 3:74.4 4:108.34 5:54 5:58.21 6:43.7 6:51 6:51 7:47.5 7:56 8:50 9:47 10:41 12:55 13:69.99 14:40 15:55 17:46.3 17:56 17:56.24 17:62 18:60 18:90 21:55 21:56 21:65 22:74.99 23:48.99 24:41 24:62 25:45.76 25:53 25:69.99 27:46 29:56 30:60.78 31:43.77
9438dac7-8576-49c9-b96e-6732f5a4556b,9,1:22.5 2:28 5:29.99 7:28 8:27 11:23.52 12:23.52 14:26 16:21.61 16:23.5 16:25.92 17:21.6 19:23.75 24:20 24:29.99 27:26 30:39.02 31:20.29 31:20.29
943ea15f-6d76-4219-b9af-6c57d4d9de25,10,27:368
94489a6b-cb6e-477e-926b-dad8f1b5d5a6,10,11:15.5
944d676b-7a7e-4058-b555-a9b8054f8e98,10,2:145
944d676b-7a7e-4058-b555-a9b8054f8e98,9,7:52.01
944e55f5-35f7-46ce-84d9-fed911f78f1a,10,5:22 10:20.5 12:29 17:20.5 20:24.99 23:25 24:17.52 24:24.9 25:24.9 28:29.95
944fd91c-15ec-464f-8a1d-023b0da3e0a4,10,27:132.5
94597765-ecb0-48a6-bf9a-6b80830c5ad2,9,12:269.5 17:113.5
945ee2e8-6f0d-496f-b082-60c55941e324,9,3:162 17:198.09 23:127.5
946d32a4-588d-4443-9a50-31d8fd296c26,9,28:44 31:30
946e0e36-9eb6-4bfb-bc2f-ccffb3081ee6,9,27:14.5
94713816-b383-45d2-9a3a-ea3ce6aa8620,10,1:31 17:66 24:80
94763d7c-ef27-4037-98d6-79e6e374f128,10,2:18.5 7:16.5 21:32 24:23.5 25:25 31:18.5
94763d7c-ef27-4037-98d6-79e6e374f128,9,2:7.5 2:8.5 2:9.5 12:9 21:15.51
949128f9-561e-49bf-92b3-632877b7ce1f,10,6:45.89 24:38.95 27:38.84 28:38.77
949128f9-561e-49bf-92b3-632877b7ce1f,9,1:19.38 9:14.5 10:19.99 10:30 19:12 19:12 23:32 31:38.94
9496cc1d-793a-4304-bc78-f18ea587045b,10,24:197.5 31:178
94b2a8ec-00ab-446b-9bb4-bd146cf4c347,10,3:444
94c2cf18-d62b-4f85-b557-dec7b3fdb2a6,9,11:27.65 29:14
94c84406-333f-4fbe-9f5c-2378f28cc0d1,10,21:419.88 24:312
94c84406-333f-4fbe-9f5c-2378f28cc0d1,9,3:105.6
94cbbeac-13b8-4e00-9002-baa3dc133fb5,10,3:26.4 9:82
94cce478-899c-45cf-9a13-eb0feed02e65,9,6:299.99 10:99.82
94d26b91-3b55-48ff-a737-c7507c94ba40,9,25:89.99
94d28dde-ee92-4cbc-9f9b-418b0d08181f,10,16:499.83
94d28dde-ee92-4cbc-9f9b-418b0d08181f,9,5:51.22
94d2a2f7-19c1-4cd5-bb36-cd6e13e1c3b5,10,29:605
94dbe3ca-e07e-4eaf-86b0-44b4e636539e,9,31:59.95
94ddd815-298c-47e4-8b8a-53c96985081d,9,19:25
94e15517-7d3c-4d1d-8166-6130bd7e2530,10,2:17.5 3:16.01 3:17.01 5:18.01 7:25 9:21 11:17.01 11:17.02 11:18.5 14:19.99 16:15.5 16:25.99 23:14.02 28:19.5 28:19.99 29:26 31:23.5
94f70500-9902-4e77-89a7-46387389511e,10,3:71 5:85 8:130
95097af4-7c7c-4cba-b5aa-67e3e867a8e0,9,10:125
950d06d4-7d8a-47bc-8b40-42df4f170ee8,10,1:119.69 2:120 3:84 3:84 3:91.2 3:125 4:107.51 4:114.05 6:107 7:109.99 8:119.69 10:84 10:86.4 10:86.4 10:86.4 10:86.4 10:88.8 10:91.2 10:109.99 10:114.99 10:115 11:119.69 13:90 13:109 14:115 17:81.6 17:81.6 17:86.4 17:88.8 17:91.2 17:104.5 17:114.95 19:107 20:119.69 21:100 22:125 23:120.5 24:91.2 25:99.95 26:99.99 27:85 28:72.03 30:90.69 31:98.4
950d06d4-7d8a-47bc-8b40-42df4f170ee8,9,3:37.2 3:39.6 10:49.2 17:60 29:46
950e2144-1a4d-454d-9691-511a6c312db2,10,1:496.83 10:494.27
950e2144-1a4d-454d-9691-511a6c312db2,9,10:224.99 20:230 24:252 25:219.99
951b3db6-70b1-4c6e-b2a8-3eeda0fa14b7,10,3:36 6:40 13:38 18:26.03 18:26.96 24:37.2 24:41.89 29:54 30:38 31:49.2
951b3db6-70b1-4c6e-b2a8-3eeda0fa14b7,9,5:10.5 6:15.02 6:19.5 11:19.99 11:24 11:29 25:15.52
952f6c04-3323-4932-abd9-844cda89df65,10,7:75 31:134.8
953009d3-416b-409f-87b9-bfe55970c530,10,6:16.38 10:30 10:30 17:17 17:17 19:23.5 20:17 31:22.8
953009d3-416b-409f-87b9-bfe55970c530,9,6:11.5 9:14.82 17:7.5 19:9.99 24:6.5 24:7.49 27:14 31:12
9533a1ed-bef4-44bb-9a81-0db8f8346fcb,9,7:34 19:59.5
953a75ee-0176-4770-b283-54357fee3efd,10,3:36 18:15
953cc7b2-de95-4392-9e40-9194da69ca01,10,11:102.51
953d5fcc-4745-402e-bc5f-986dfe0118dd,10,25:160.5 31:182.54
953d5fcc-4745-402e-bc5f-986dfe0118dd,9,16:52 16:68 23:102.31 24:44.4 31:50
9540397f-e307-41c3-a347-b696aaba30b0,10,26:147.95
9540d7f1-e5fb-481d-837a-3decde7d9275,10,8:13.77 21:12.5 29:29.95
954ef8d3-c6c7-4d5d-9032-182b55145c7d,10,24:54
9565f3d4-f979-4e07-8067-8a45df6400af,10,24:23
9565f3d4-f979-4e07-8067-8a45df6400af,9,28:15.5
956a023c-da2f-465e-a076-3a68b8ca2e04,9,10:91.2
956e813e-f8a2-42b2-8731-044c23a0040a,10,26:638.39
956e813e-f8a2-42b2-8731-044c23a0040a,9,24:67.2
9573b661-a71c-43aa-b01f-72e2cbeb0af2,10,1:110.26 1:155 3:102.5 5:139.99 6:106.02 6:108 13:189.99 15:122.5 18:86 20:125 21:137 24:100 24:127.5 25:85.3 28:120 28:199 29:117.5 30:300 31:119.02
9573b661-a71c-43aa-b01f-72e2cbeb0af2,9,5:68 24:34.01 31:41
957ac6e4-06af-46d8-9c86-0a0418991d55,10,2:76.61 9:67 10:54.95 11:54.95 13:30.74 13:49.99
957ac6e4-06af-46d8-9c86-0a0418991d55,9,5:34.99 17:12 17:15.5
9583f78c-b988-47f3-897b-123891003d1f,10,9:29 12:30
958456f4-4413-4fdf-ad4e-22a949b212f2,9,14:119.5
95a55e10-613e-46f8-87fe-817ed777bf62,10,21:53
95a87d4f-e16f-46de-b627-a416a5587545,10,1:42.55 1:44.99 1:45 2:37.5 3:39.99 3:46.8 3:46.8 3:49.2 3:72.01 6:40 6:60 7:43.75 7:54.95 8:30 8:43 8:51 9:35 9:42 9:49.99 9:51 9:54.95 10:39 10:44.4 10:52.89 11:48.77 12:28.02 12:37 12:47 13:42 13:45 13:46 14:43 15:47.66 15:55.99 15:59.99 16:36.55 16:51.25 17:34.8 17:34.8 17:36 17:36 17:42 18:20.5 18:37 18:52 18:66 19:41.75 19:42 19:45 20:42 20:45 22:52.89 22:59.75 23:36 23:40 23:42 23:49.99 24:36 24:38 24:39.6 24:40 24:42 24:44.4 24:49.95 24:55.2 25:66.17 26:38 26:41 26:42 26:49.95 27:49.99 28:49.95 30:47.45 30:52 30:59 30:59.99 31:40 31:42 31:43 31:47.45 31:50
95a87d4f-e16f-46de-b627-a416a5587545,9,3:20.5 7:20 7:30 9:30 11:20.02 12:20 14:16.52 16:20 17:16.8 17:20 17:20.52 17:25.95 17:31.99 18:19.86 18:19.98 18:20 22:23.27 23:18.95 24:14.64 24:25.2 24:25.2 25:17.5 25:22.5 25:23.5 25:35 26:17.5 27:20.02 27:20.52 29:29.99 30:16.5 31:19.99 31:24
95a92b64-1c27-4dfa-8765-d52a42f4b961,10,21:60
95a93e44-d4b6-4f0c-a6c9-bb876000ea09,10,21:170.5
95b37f82-15ae-4213-9d53-0bc608e7f3b5,9,23:500
95bcaa76-9004-47c0-880c-2eaa4f69a686,10,3:90 7:195.04
95d1f950-cf4e-41b4-a956-03baa460157b,10,12:235.78
95d79893-0318-4233-90f5-16f0a453b05a,10,22:575
95e00136-9969-463a-8620-d7f3b25222be,9,1:170
95e278af-9437-4a87-b53f-2449e6920a90,10,1:150 10:55 15:189.95
95e82367-08ab-4730-a8a6-58bab22cd12b,9,2:1825
95e9be19-9094-4aca-9e9e-8c85faf0fba9,10,6:89
95ebe332-a6da-4b9a-9f38-931c6905f5f6,10,1:22.5 1:23 1:24.5 3:25 3:37 5:14.5 5:17.52 5:17.52 5:18.5 5:20.5 6:28.48 7:14.5 7:19.5 7:19.5 7:25 12:15.99 13:18.5 17:14 17:17.5 17:25 18:16.5 19:5.5 19:25 21:15.5 21:16.5 21:17.5 21:17.5 22:28.95 24:17.93 24:21.5 24:21.5 27:20 28:19.39 29:19.5
96057ed8-ab94-4d11-8ad8-fcbc45dd0fc3,10,14:56
96108207-e98b-48c7-9e02-e91cf87b9500,10,17:27.5 23:15
96157bc5-30c9-459c-92de-2f1afc4c42b9,10,3:22.5 3:26.4 3:29 10:19.2 14:16.01 17:21.6 17:25.26 20:21.27 20:49.99 23:34.99 23:46 25:31 31:29
9620c84a-807b-4471-a9d1-cdbe5d7041b4,10,1:259.02 10:186 17:186 24:222.5 25:225 26:265 31:234.13 31:235.5
962bf1ac-e0c3-48c4-bd3e-97785c22ea93,10,1:48 3:36 3:46 4:30 4:35 5:26 5:28.01 5:71.48 6:31 6:31 6:34.95 6:66 7:31 7:32 7:32.5 7:33 8:31 9:35 10:26.99 10:28.5 10:38.48 10:39.99 11:17.52 11:18.5 11:18.5 11:29 12:20.5 12:35 13:19.99 14:35 14:60 15:29 16:25 16:25 16:41.24 17:25 17:31 18:22.5 19:24.03 21:31.99 21:40 22:40 23:22 24:24.5 24:25 24:34.99 25:22.99 25:61 26:23 26:31 29:25.99 29:26 29:31 29:34.99 31:23 31:24.5 31:25 31:26 31:30
962bf1ac-e0c3-48c4-bd3e-97785c22ea93,9,1:20 3:17.16 5:10.5 5:15.5 6:17.5 6:19.99 7:19.95 9:10.5 9:11.25 10:15 10:15.52 11:16.52 12:15 12:15.02 13:19.5 14:21 14:22 16:13 16:19.95 17:16.5 19:12.5 19:23.25 21:21 24:15.02 24:15.52 24:20 25:8 25:13.5 25:20 30:10 31:10
962c1807-e3c9-4328-9dd1-821b422135e3,10,17:22.79
962ffe62-9df1-47d8-9575-0010b6504f40,10,4:155.5 27:91 31:79.2
96325eba-eedd-44ea-8c1d-5d543aafceb5,9,17:44.44
9634c612-6127-4f44-aa6d-bb26e89c2a9b,10,5:56 7:64.99 12:56 13:64.99 15:46 15:78 17:84.96 18:45 25:57 25:57 26:56 26:58
9634c612-6127-4f44-aa6d-bb26e89c2a9b,9,3:16.8 5:32.2 12:28 15:24 15:26 17:21.5 23:46 25:18.53 25:31.01 26:26.2
9639dee6-888e-4713-8e08-0befb16b33b2,10,22:35 29:34.99 31:44.99
963b8712-a4a3-408b-b4e2-ba26dfcb4b75,10,1:79.99 5:49 23:50.01 25:47.47
963b8e86-a821-4617-91a9-fb0786adcd69,10,2:15.5 11:7.49 25:10.5
963b90ea-55d7-4831-be9d-4cef3cb7185c,10,17:40
9643c903-3444-44bc-81e0-62874d185c78,9,18:31
964a3800-0f14-4bc2-868e-369e68f71b5c,10,13:61.74
964b6f32-7795-42ad-a58d-81b2cefbadfb,10,28:69.99 30:44.99 30:46
964ea0e9-56c1-4fe4-998c-55266f5f01b7,10,2:109.99 14:105 17:110.4 24:105
965013c1-3042-42bf-8223-27311e294c5d,9,2:56 7:45 10:43.2 17:65 19:179.99 24:36.01 28:45
965a4653-1719-4ed7-aacd-d3a8280ed4cf,10,3:12.52 3:13.25 18:22.52 21:17 24:31.98 25:15
9660fd44-349e-43f9-9960-cfa84e8da2a7,10,10:182.5
9666cd56-b779-443b-9980-0832693557d4,10,22:41.89
96878fd0-da03-4c58-aa5e-df7a028818ee,9,1:33 1:33 25:76 26:53.08
9699478f-23a4-4882-956b-865dba33cec0,10,12:29.99 18:75 28:17.52
969fe299-ce6d-4d9d-8c70-88c925f8a2c1,10,3:51 4:31.21
96b26a64-85d5-4fef-885d-789c48adc1a0,10,13:19.5
96b26a64-85d5-4fef-885d-789c48adc1a0,9,24:1.75
96b6c2f8-53ac-4673-94ff-c3d6b59f6a42,10,1:93.95 3:76 4:85 5:111 5:175.68 7:99.99 7:101 7:102.95 9:90.2 10:28 11:99.99 12:101.01 14:73 14:87.74 15:90 16:110 17:99.99 18:89.69 19:58.9 22:59.02 22:100 30:86 30:100 30:100 30:105.87
96b6c2f8-53ac-4673-94ff-c3d6b59f6a42,9,4:35.02 13:35 14:26.51 17:28 22:30 22:32.75 24:21.5 28:26 29:25
96bb879d-7b59-492b-a063-390ad83c9792,10,24:144
96ca9cd8-fcb6-4d1a-b177-e8e05f99ec63,9,10:85
96d02688-ae8d-43bd-802c-c7a060e5f615,10,9:53.57 9:97 10:106.5 30:80.01
96d2b4dc-2ea9-4546-882d-4249857c8729,10,11:19
96dc361b-cf83-45b2-bbc6-8b26a7fa33fb,10,26:25
96dcd3e6-24b4-408f-a23d-c7bff813fa87,9,9:22.29
96e195c6-8333-48b8-9769-602c1443f120,10,3:306 7:275 10:237.5 10:299.9 10:315 10:400 11:348.75 20:365 21:305 24:312 24:329.99 25:276.95 26:289.95
96e195c6-8333-48b8-9769-602c1443f120,9,11:200 22:189.5 23:200 23:205.5 28:169.01
96fd2b4a-d664-40a8-9626-60f7fcb23403,10,23:56
96fe7d53-dd62-4b0a-ab87-511a9bd6fba3,10,21:464.69
9700820a-4309-48e3-8bda-0af47d81d3c3,10,1:120
9700820a-4309-48e3-8bda-0af47d81d3c3,9,18:79.99
9705facc-b053-4213-8686-973aeb5607f2,10,24:38
9705facc-b053-4213-8686-973aeb5607f2,9,3:14.5
970ca221-656a-468a-a27e-2c034ec62b6d,9,20:10.5
970e19ed-186b-4717-a2fc-393dc26caa3a,10,4:20 15:15.5
9720b9cd-0b3c-4db3-a3a5-93a0b6c84dee,10,24:103.2
97395414-42a5-4177-8760-8dda0b692138,9,30:3.26
973adb0e-06fe-45e2-ae5b-a80df5e349e6,10,24:177.5
973fd797-af4d-4c43-945a-da6dc36e2edc,10,20:500
973fd797-af4d-4c43-945a-da6dc36e2edc,9,16:76.6
97451469-fe0c-452e-8eca-4d88e5523461,10,11:9.5 16:25 17:25 24:19.2 30:24.34
975167b5-b1f3-433a-aae5-81886ce15f6e,10,6:1650
975167b5-b1f3-433a-aae5-81886ce15f6e,9,10:727.97
9751e0b6-ef8c-45fe-9311-64337df959ae,9,1:47.57
97520798-ac7b-4e1e-9868-7958e411c954,10,3:112.5
97520798-ac7b-4e1e-9868-7958e411c954,9,25:49.95
97587813-fef2-461f-aec5-2ec4da523401,9,13:24.5 24:20.5
9762db8a-c1aa-4ee4-a1b7-41e1433cfda1,10,3:12.5 3:12.5 4:19.99 7:18 11:17.52 11:20.5 12:17.5 16:18.5 17:18.5 17:20 20:25 20:28 21:31.08 22:20 24:20 24:24.99 30:22.99 30:24
9763b53b-998e-4632-8b5c-0fa06e24eb4c,10,24:74.99
97693d46-ec31-4d9b-b83a-79d804c74d13,9,12:21.5
97730be2-d6ba-47bd-8224-4394f2c19141,10,15:20
97730be2-d6ba-47bd-8224-4394f2c19141,9,17:12
9782042c-e36e-4362-b45e-b4d20d8642da,10,1:114.99 17:43 18:38 18:89.95 23:50
9782042c-e36e-4362-b45e-b4d20d8642da,9,3:19.99
9785514b-b33a-4e74-b5ab-4a6d719c17c3,10,5:45 29:32
97887393-2492-47ac-9e22-46881b57b043,10,1:58.9 3:30 22:69.99
97887393-2492-47ac-9e22-46881b57b043,9,1:23.07 3:24.5 16:13.5 24:11.51
978b26d1-4196-4428-8ac6-d43e131d462e,10,18:16
978d8965-ba52-4677-96c2-6c13a951ba61,9,4:300.14 6:400 13:400
9791aa53-b188-4eb8-872a-2e90a0f82553,10,19:104.63
97add955-6c1c-4351-9131-91cd8583fb29,10,28:50
97c0cc68-6c31-4e72-92d4-032386fb55aa,10,23:18.5 25:15.5 30:19.99
97c0cc68-6c31-4e72-92d4-032386fb55aa,9,23:11.54
97c3b757-abca-4494-ad93-267f7babde29,9,15:164.98
97c609f6-c9d4-453d-911e-6c21092492c8,10,3:21.61
97c609f6-c9d4-453d-911e-6c21092492c8,9,14:10.5
97c9a236-7af6-43e3-adb8-3c59b6a2b94a,10,5:127.99
97cf43cf-3ebf-4564-b5ba-c86b08038d40,9,22:110
97d5b479-6d61-4abb-8218-592f033fe387,9,6:64
97d9a3ec-4c2c-4911-9d6e-261eceeb34a6,10,3:25.2
97dbccd6-914f-43dd-8eff-8907f275f715,10,1:20.5 3:15.5 5:15.5 5:20 5:21.5 6:12 6:16.5 9:17.52 11:20 11:26 14:17.52 14:29.99 15:23.5 16:10.5 16:15.5 17:17.52 21:87.45 25:14.99 26:39.99 27:10 29:22 30:19.99
97ec3e1e-47d9-4670-980e-433637eb46cd,9,19:207.5
97ec525c-bfef-4d7c-a90c-af530b68cce0,10,2:122.5 3:87 3:102.5 10:65 10:89 18:80.5 24:57.6 24:81 27:96.38
97ecbc12-ffa8-4ad9-ae6c-693ed30115b0,9,1:52.88
97f96183-45af-40ff-a378-833f2b7ca694,10,17:43 18:26 18:50
97f96183-45af-40ff-a378-833f2b7ca694,9,1:20 10:13.52 10:20 30:18.5
97fbfe07-5765-47ba-abcf-84f1137b013e,10,10:27.68
97fd6495-2ed4-4114-baed-51c5e99810c7,10,2:41 5:65 9:56 10:40 17:52.8 19:53 19:54.99 19:55 24:41.5
97fd6495-2ed4-4114-baed-51c5e99810c7,9,6:20 14:27.99 17:15.52 21:30 24:17.5 25:21.5 27:20.5
9802b292-8cba-4adf-bca5-ea8809b0c8b9,9,3:5040
98233ce1-40dc-4e4d-aef9-e70703c1a2c2,9,7:26 14:41
9829a976-3273-45bc-9b76-971d6cc4a765,10,27:1725 28:1140
9834e804-dd6f-4c7f-82f5-39cabece982d,10,15:242.5
9834e804-dd6f-4c7f-82f5-39cabece982d,9,24:51
983e5584-4463-4f8b-9ada-fd13fdce1cf3,10,12:118.85
983f5699-87a1-484d-aac5-efcc0d7b9afb,9,4:120.06 9:90
984b2b80-4c85-4f49-97ea-879fc73a5d7a,10,1:125 16:126.19 24:105.81 27:72 27:117.5 28:125
98602c26-810f-4f31-b33d-0d23d14e90de,10,7:120 10:164.82 25:150 31:108
98602c26-810f-4f31-b33d-0d23d14e90de,9,15:35 17:40 18:44 20:42.99 22:33 30:38 30:42 31:49.99 31:49.99
9860f244-666e-46c1-98a3-822f80b0f271,10,2:12 19:10.5
98659256-9f45-43d4-a29f-30dbec75e7e9,9,6:350 10:300 10:312 19:375 26:360.05 27:326 30:355 31:371.77 31:456
986789e2-434e-4c8d-a745-7847a4f65318,9,10:43.2
98684307-7402-4a5f-9c22-b1a1c06102bc,10,13:129.99
9874c204-db1f-4367-b81b-9ba1e6f60f38,10,9:150 12:47 30:55
9874c204-db1f-4367-b81b-9ba1e6f60f38,9,3:19.38 5:36.35 8:24.5 16:26 16:34 19:20 29:43.67 30:16.5
98750154-8723-482d-b730-f7e7da08be8a,10,1:57.95 2:39.02 3:46.69 3:47.49 3:47.8 3:54.88 3:79 4:54 5:30 5:40 6:30 6:45 6:54.88 9:48.5 9:49.99 10:45.67 10:47 10:49.99 10:50 10:54.88 10:57 11:29.95 11:29.99 11:35.02 11:47 12:38 12:41 14:43 15:39 15:48.55 16:30 16:30 16:41 16:42.5 16:51 16:52.2 16:54.99 16:57 17:49.99 17:50 18:21.5 18:41 18:54.99 18:60 19:41 19:42 19:75 20:34 20:48.87 20:64 21:43.21 22:24.99 22:43 22:46 23:28.07 23:37 23:58.43 24:45 24:51 25:38 26:25.19 27:38.99 27:65.99 28:38 28:41 28:42 28:55 29:43.21 29:49 29:50.57 30:44.55 30:47.46 30:48.66 30:52 31:35.02 31:38.5 31:54.88 31:66.93
98750154-8723-482d-b730-f7e7da08be8a,9,1:15.5 2:14.25 2:22.39 3:18.5 4:68.74 6:14.99 6:20.5 8:14 8:15 8:15.9 9:15 9:17.99 10:14.5 10:15.5 10:17.67 10:21.99 10:36.08 11:26.7 12:23.99 15:19.99 16:22.8 16:37.53 17:22.5 17:22.5 18:22.5 18:22.83 19:15 21:16 21:22 22:25 22:26.99 23:19.5 23:22.95 24:15.5 24:15.5 24:15.5 24:20 25:17 25:22.55 26:24.9 26:24.99 27:13.52 27:14.1 27:23.3 27:33.73 28:15.5 28:18.52 29:24.99 29:27 29:39.99 30:20.25 30:24.99 31:12.5 31:13.5 31:14.52 31:18.02 31:18.52 31:19.47
9875cc52-fe2f-4edc-a03c-892507660214,10,1:16.5 1:23.5 1:23.99 2:15.5 2:31.99 3:20 6:21.5 6:23 7:23.7 9:21.5 10:11.51 10:18 10:18.5 11:13.5 11:13.52 11:18.37 12:15.5 12:17.02 13:12 13:18.5 13:35 13:40.99 14:14.52 14:20.5 15:18 15:24.99 17:20 17:25.2 18:17.52 20:17.99 20:24 22:17.52 22:20.5 22:20.5 23:17 23:17 24:16.75 25:17.52 25:18 25:19.5 27:22.99 28:21.99 29:19.98 30:15.5 30:17.02 30:17.52 31:13.52 31:21.5
9875cc52-fe2f-4edc-a03c-892507660214,9,5:9.5 16:9.99 21:8.51 21:14 27:15 30:6.5 30:8.5 30:10.5
988894be-a027-4964-a5cb-689afe5e5ebf,10,1:55 1:79.98 8:53
988894be-a027-4964-a5cb-689afe5e5ebf,9,4:40 9:34 24:36
98895645-9b5f-4f2c-9180-82be88973930,9,10:24 16:36
988aa2d3-346d-46ef-b80f-95a42335358b,10,4:17
988c69f2-7eda-4b3b-8852-017c90a199d2,9,14:40
988cfe46-ee0c-49dc-a106-e4ddc19e7f4d,10,7:249.99
988e6e43-f942-4889-b8e7-2cd96dd93c75,10,24:182.5 31:202.5
988e6e43-f942-4889-b8e7-2cd96dd93c75,9,11:78 17:50.4
98a385b1-ffb7-4de6-b654-6850cf79a31a,10,17:22
98aa8fa6-163a-426d-9763-f27cb77eb8e6,10,21:39.98
98b2572a-8aee-4c31-84b7-c438ef65ce82,10,3:138
98b7c586-a86e-4486-b515-3c48b50ff7a5,10,1:450
98c5b27a-7bf6-4b8b-8647-c94ec615b668,10,17:41.09
98ce9057-d622-443a-b6f3-2ae6c9117912,10,4:81 11:80
98ce9057-d622-443a-b6f3-2ae6c9117912,9,20:30 24:16.5
98d45313-8e89-4138-bac0-7fa4971fb271,9,30:46
98d9e6ee-edda-4d46-88b8-e05dc427d3e7,9,17:237.5 20:246.4
98d9efa0-e5a0-436f-b5d9-c9684f48ab0f,9,14:95
98e8f8ef-93fb-4a31-8172-6d38722e4713,10,3:470
98e8f8ef-93fb-4a31-8172-6d38722e4713,9,8:100 30:105
99061373-dcea-47f3-8ed2-0b8edf73da61,10,17:14.4
9919c981-bedf-4be6-9c4e-e890500ca958,9,16:43
991e0d21-9a0e-4851-8029-5d4c32a6976c,10,24:69.6
992441e2-877e-481f-9a00-665d96f71fc4,10,17:102.5
9925c822-8777-4401-afd8-075b7245e3b6,9,14:14.5
99289463-93d1-4a96-8721-90b180b83a9e,10,6:20 8:19.99 17:20 19:20.5 25:23.5 29:15.5 29:22.95 30:22.52
9928b015-02ea-46fc-a8c3-1391bafe1b95,10,13:2000
99306a59-daa8-4ded-8ada-97cc3e5c1425,10,24:190
9930e077-4cdd-4717-a73f-8e2cb116a983,9,9:102.5 24:119
993c6400-495f-422b-b89f-3ed969f7b6af,10,30:250
993dc61a-6f2b-4d05-a2ad-27afd8534019,9,3:26 31:41.3
995035c4-3414-4bb3-887d-8128a4aad2d7,10,12:798.8
995035c4-3414-4bb3-887d-8128a4aad2d7,9,8:140.5 10:97
9951ef7a-c922-4dc6-b643-026a4c13e3b5,10,21:74.88
9952b8f8-325e-4838-9c84-d7b760ef0e3d,9,6:499.99
995f85f4-0b05-4a14-8d88-b06e5353ad71,9,5:240 12:207.5 20:275 30:178.5
99653b5b-e158-4f30-95a6-108c862e1e09,10,3:30 3:32.4 5:30.27 5:55.87 8:36.23 14:20.06 18:41.9 19:40 22:30 24:29.99 26:47 30:36.36
99653b5b-e158-4f30-95a6-108c862e1e09,9,5:7.37 25:22.99 31:29.31
996a3895-7149-4911-bd1b-df8aa47505cc,10,14:18.91 19:18.05 29:20
998657eb-5885-4b02-bf14-1dc54b098815,9,1:49.99
9987e13c-04cb-480c-bab4-ac367138229a,9,29:135
998abca8-0b43-426a-a08a-ba5e74e0f49f,10,16:60
998abca8-0b43-426a-a08a-ba5e74e0f49f,9,24:24
998f2d31-50b9-4a46-ab43-a2efca8ffde1,10,17:232
9991d697-27a7-4d77-bc00-2d234d59b4a2,10,9:900 14:1125 14:1135.11 17:1290
9991d697-27a7-4d77-bc00-2d234d59b4a2,9,3:420
99b354ea-dfc9-477c-bc6c-45ab6804d09e,10,19:17.52 19:23.99 23:17.02 27:12.5
99bd922d-2a15-43ef-9a84-9983a7b7b26d,10,8:325 30:330
99d026dc-6827-4cde-b501-f54c5b6063ef,10,3:1350
99d026dc-6827-4cde-b501-f54c5b6063ef,9,12:239.5 24:240
99d4ff0c-087f-4329-b55e-1a7fa9036403,10,19:47
99d4ff0c-087f-4329-b55e-1a7fa9036403,9,3:22.8 29:30
99d79c73-dc57-4b15-9815-9f01a2c7547f,10,13:210 14:160 14:205 19:200.5 24:227.5 24:295.86
99dbfa2a-1c5e-49a2-90cc-833bf1606d81,10,10:212.5
99dbfa2a-1c5e-49a2-90cc-833bf1606d81,9,30:93
99e77799-38c0-47b0-891f-eaf8c6a7a2e1,9,3:88.8 17:152.5
99ee7996-a325-4900-906e-a40b5c4a65c8,9,26:15.02 26:18
99ef4bfb-0475-4612-98e7-3c318a7592e3,9,24:110
99f2e021-774b-4a06-b0b7-c50ddc671626,10,20:100 28:110
99f5926f-f8fc-4dfe-b165-064d8365c2bd,10,29:153.48
9a0bed36-f678-436c-b14d-58b33f30818c,10,3:54.95 9:71 10:41 13:70
9a287087-a6d4-4d7a-8aa4-10a4253219ef,10,9:199.99 10:225 24:132.5 30:185
9a437544-dae9-428e-bafc-71bf053c34d0,9,7:53
9a44622f-a5dc-404d-9b28-1dc4cedf342c,10,4:66
9a49060f-49ba-4a29-9e9b-27b202eff2c6,10,3:37.2 6:75 10:42
9a4d03ec-e7f0-4a44-b904-09fd34c937b5,9,26:344
9a5a3f57-bf50-415e-b149-512ba62b57d2,9,25:50
9a6b3167-e0f1-4099-a2ac-8651ac6113be,10,1:229 3:150 5:135 7:650 9:159.99 10:105.46 10:177.69 11:143 13:159.99 15:159.99 17:149.99 17:153.9 18:117.5 18:133.5 24:92 26:112.5 29:124.99
9a6b3167-e0f1-4099-a2ac-8651ac6113be,9,14:50
9a75a24d-2d88-4c84-8d1d-a2308aab11c8,10,4:45 18:18.5 21:15.93 23:17.5 31:21.5 31:34.99
9a7c796a-58ff-4ac5-860e-b8584689ec98,10,7:24.72 27:27.19
9a85bafe-21c3-4e67-9cc5-c2d3902ff9f1,10,3:4049 16:4242.24 17:3951 24:3840
9a85bafe-21c3-4e67-9cc5-c2d3902ff9f1,9,8:1569.95 9:1600 24:1275 26:1250
9a9c9695-3cdd-49cd-8e96-aa7e2420e303,10,12:17.52 16:15.5 17:22.1 18:21.95 19:33.99 21:16.99 24:21.95 25:22.1 28:17.52 29:19.48 30:33.99
9a9e79ec-8b05-469f-86dd-407166a87c87,10,24:15.38
9aa6be1f-1c0f-40f0-9814-61c0ab635097,10,9:145 10:165 10:210 10:278.13 24:242.26
9aa6be1f-1c0f-40f0-9814-61c0ab635097,9,19:125
9aa7ea30-296a-4cc1-a30f-1684666035ef,10,13:1500
9aad9de6-b2fe-414c-ab4f-958a95497773,10,3:71 16:75
9ab54a6c-90b6-4300-9bea-080cbbfa4a54,9,2:149.99 4:160 9:190 15:164.99 24:232.34
9ab8127b-a852-4910-bf3a-47132073380c,10,21:57.57 22:15.5
9ac39d40-99c5-4c7d-938c-000d4c356465,10,17:63
9ac44540-62b7-4a65-bd70-380991b3fb25,9,6:325 20:449
9ac45edc-c3f0-416c-b4ce-23444e75f622,10,31:20.5
9accc308-8cf6-4d2c-bd06-7098e82b4b20,10,3:228
9ad1f9fe-9c8d-4b65-9320-d859395e61f5,10,2:217.5 4:270 16:260 18:325 21:255 26:330 27:255
9ad1f9fe-9c8d-4b65-9320-d859395e61f5,9,1:99.56 4:150 6:175 10:138.95 14:140 26:93 29:145 29:170
9adb8b65-7e03-429f-9eb1-288e2fab28b3,10,18:18.5
9aea6fcb-3464-4603-8182-5700311a0a39,10,3:35 15:26.99
9aedc873-c3bb-417d-9dfa-8d9000f32b9d,10,2:26 3:26 3:31 26:35 30:20 31:19.99 31:43.81
9aedc873-c3bb-417d-9dfa-8d9000f32b9d,9,1:10.5 4:11.19
9aef78b4-5c13-4316-a05f-6e40e80cfa72,9,4:13.5 27:15.5
9aefbd5f-1cdf-4362-8af3-55f9e91deb13,10,8:50
9af2ce7e-f0e1-45d2-9894-e19648ef13e6,10,26:103.51
9af2ce7e-f0e1-45d2-9894-e19648ef13e6,9,6:32.56 7:39 7:76 12:38
9af2d084-f8b6-4820-b73b-eb1a1c1a0520,10,31:550
9af2d084-f8b6-4820-b73b-eb1a1c1a0520,9,20:276.16 24:240
9af74fec-3508-4c8f-8394-f332ea8cb915,10,23:12.5
9af94bda-13ac-43c9-8f6e-2689361b5747,10,2:177.69 10:81 10:171.69 11:67 11:70 23:90 26:112.5
9b0acc00-5379-498f-b82f-2e2ba379f07d,10,1:145 1:176.1 2:115.1 2:120 2:129.99 2:139.99 3:136.5 3:143 3:158.49 3:160 4:130 5:127 5:137.5 5:280.99 6:147.5 6:147.5 6:203.5 7:100 7:134.5 7:162.5 8:116.5 8:129.99 8:185.5 10:125 10:129.99 10:139.5 10:150 11:135.5 12:139 12:148.5 12:148.5 12:153.51 12:207.5 14:139.99 14:150 15:136.8 16:115 16:148.5 17:120 17:135 17:140 17:179.99 17:185.01 18:132 18:137.5 18:140 18:150 19:185 20:167.5 22:149.99 23:140 23:145.5 23:149.99 24:129.95 24:149.99 24:157.5 24:159.99 24:162 24:182.5 24:199.99 25:142.05 25:149.99 25:218.12 26:150 26:152.5 27:126.5 27:140 27:145 27:150 27:160 29:129.95 29:137 30:144.5 30:150 30:177.5 31:124.87 31:126 31:133.06 31:142.5 31:152.5 31:165.5
9b0acc00-5379-498f-b82f-2e2ba379f07d,9,1:60 1:62.02 2:44 2:56 2:61.91 2:65 3:46 3:62 3:62 3:85 5:54 6:55 8:40 8:47.45 8:52.04 8:59.99 8:60 9:48.76 9:81.89 10:53 11:59 11:63 12:54.99 14:51.69 14:55 14:70.21 15:50 15:57.5 15:59.99 17:46 17:52 17:59.69 17:60 17:77 18:61.9 19:60 20:58.18 21:57.5 21:58.27 21:91.91 22:54 22:70 24:46.8 24:52 24:52 24:59 25:51 25:65 26:65 27:76 28:56 29:58 29:70 30:44.99 30:50 30:64.99 31:33.56 31:35.12 31:36.68 31:40.58 31:44 31:49.95
9b11c4d3-0761-4dcb-be8f-d8fa23cadb91,10,12:475
9b150149-3bab-4a76-91db-dcc8964d962b,10,10:1803.9
9b1b6c4a-0bbc-469e-9945-cb74e09764d7,10,15:28 28:35
9b2251e6-867a-494c-8967-fe3a87702ef0,9,10:60 23:60
9b22c0be-c794-441e-8edc-d5e4fef36855,10,6:153.3 22:160 23:160
9b22c0be-c794-441e-8edc-d5e4fef36855,9,3:17.5 15:19.99 21:19.99
9b240b92-86ae-4910-aba7-650c4218f741,10,3:60 10:42.01 10:48 17:46 17:64.99 17:89.99 18:54 23:50.89 28:59 30:60
9b261a47-3b14-480e-98d3-a73a58761e7d,10,29:134.99
9b28e8c8-3769-4728-9388-92a4ce6cc569,10,16:21.5 17:22 17:22 21:13.99 25:12.5 25:21.5 25:21.5
9b2db68e-52b9-4ddf-9393-f36b53690003,10,1:20.5
9b2fc231-88a5-4b33-be35-8368dbfe3792,9,14:189.99
9b3091e0-615c-4828-9230-ad5506f92f61,9,11:70 17:56 24:36
9b347823-7544-4e26-b561-dccf70d14ee0,9,31:12
9b4407f1-a8a8-4d0e-bb40-ef1ec8e6b21c,9,10:62
9b4e7dd3-aed0-4f3f-8fa3-09c20f27581a,10,1:30 4:39.99 5:30 5:35 5:35.02 5:39.99 6:39.99 7:39.99 9:39.99 10:39.99 15:39.99 18:28.9 19:38.82 19:39.99 20:39.99 21:29.99 21:39.99 22:39.99 22:51 23:31 25:39.99 26:39.99 26:45 27:39.99 28:39.99 28:44 29:35 30:39.99 31:39.99
9b4e7dd3-aed0-4f3f-8fa3-09c20f27581a,9,3:19.99 3:21 19:29.95 24:20 24:39.07
9b5c88a0-026f-4e93-8a38-46bf0f9a7ab6,10,6:261 30:245
9b5c88a0-026f-4e93-8a38-46bf0f9a7ab6,9,1:109 10:66.6 10:85.77 12:112.91 14:100.5 19:70 24:88.8 24:100.79 31:75 31:93.6
9b6b8a33-988b-4d90-aa8f-80fa890a6e70,10,15:47
9b6dab4c-6fa5-42a0-861f-ef2f8b7dd84f,10,14:515
9b6dab4c-6fa5-42a0-861f-ef2f8b7dd84f,9,6:119 16:130 17:149.99 24:99 24:105 24:192.66 30:151.19 31:110.4 31:110.4
9b7845c6-61f7-431b-b8fa-0c707e300e67,10,20:87.99 24:76.8
9b789b93-69ee-446f-8345-d5e6d1c28e4f,10,6:123
9b789b93-69ee-446f-8345-d5e6d1c28e4f,9,10:52.5 24:56.69
9b801317-57a1-4a34-b475-da1aaa78da0d,10,19:67.89 31:81.57
9b801317-57a1-4a34-b475-da1aaa78da0d,9,26:22.5 31:40
9b85e2b6-2df2-42c1-ab5f-e8c98040814c,10,4:14.41 17:10 22:17.5 24:15.97 26:17.99 28:20.5
9b88e1ec-0085-4bb7-bdc6-b34b5a000385,10,4:18.5 6:32.99 9:20.5 12:16.99 12:30 13:25 15:20.5 15:22.5 20:38.89 23:19.38 23:34.99 30:29.99
9b8a6cbf-bcc4-4781-9697-8935d5eab80c,10,2:24.5
9b8a6cbf-bcc4-4781-9697-8935d5eab80c,9,8:15.02
9b8c79a3-1205-48e1-82a1-e856b588467d,10,24:40
9b90f7e0-014d-48d8-9357-fa93034ea4a5,10,16:455
9b90f7e0-014d-48d8-9357-fa93034ea4a5,9,6:138.03 19:250
9b986bfb-3a4e-4e40-9890-43de939c5ba1,10,3:372
9ba02662-51db-4f94-ab16-38867a54f08a,10,17:18 17:18.5 17:20.5 17:22 30:18.52
9ba52101-aae4-4c6b-abc7-fa6ec39cef57,10,3:57 5:55 6:51 7:51 8:82.45 10:41.5 10:56 10:80 12:36 12:37 12:51 16:74.99 18:70 19:82.45 22:69 24:38.4 26:66 26:70 28:69.72 30:139.94 31:61
9ba52101-aae4-4c6b-abc7-fa6ec39cef57,9,5:22.5 10:19.5 10:36 19:24.5 24:23.5
9ba646e4-cae5-4e11-98f7-3f00fede45f1,9,28:30
9ba660df-3c98-43cb-b6b4-4f3e6e2858c7,9,17:326
9badbb0b-3416-4b0b-b1ba-81c36c3ca7ca,10,7:168.15
9bb1bf92-c394-4306-810f-c5ff0d7625ec,10,5:56.05 5:69
9bc36784-61e5-4ced-bcd5-437127135d44,10,10:27.2
9bc96ea6-3455-4ee7-8b85-d06499f5397f,10,7:27 18:60
9bd99cfc-99bd-4d83-a0ed-fb79612fbcd6,10,10:222.22
9bdf69e6-ed40-43c5-a891-7b69f8b6272d,9,8:70 10:60 10:94.95 14:82 17:49.2
9be4034f-3e2b-463f-b2f9-ede7a069c32d,9,10:16.25
9be75c45-49c9-44d1-aa67-5a69bf660538,10,7:25 8:16.5 21:16.5 23:15.5 28:15.5
9be75c45-49c9-44d1-aa67-5a69bf660538,9,14:10.5 14:14.99
9be962c4-30c4-47fe-bec3-45337c5ee835,10,7:89 18:66
9beacead-5b63-488f-bce1-70fae9e013c8,10,25:174.5
9beacead-5b63-488f-bce1-70fae9e013c8,9,17:91
9bf1af29-6619-49e7-9cfd-b9eff32e01a2,10,16:23 18:25 28:30
9bf68b3d-d84c-451c-9806-a941de5b23ae,9,9:166
9bfb3a2f-aeeb-4fe5-b171-1bc30cfcad96,10,2:210 3:201.5 12:209.99 21:171.5 29:132.5 31:126 31:145.19
9bfd8724-a875-4d7c-870d-3782b98b57fa,9,24:56 31:58.8
9c00e0f0-f74d-4e11-af13-da8c8532baa2,10,3:271 11:280 31:299.99
9c00e0f0-f74d-4e11-af13-da8c8532baa2,9,1:46.51 1:69.99 3:62.3 5:51 16:65
9c04e033-5ea0-4824-aea5-775991faeb44,9,5:133.5
9c1641ff-8c6f-4c58-bd3b-c5dd525bca24,10,10:210
9c1a6a13-473e-48e4-b92c-4fcc65f9b688,10,22:150 30:94.99
9c1a6a13-473e-48e4-b92c-4fcc65f9b688,9,22:35
9c1d106c-0a43-4a7b-95f8-74a67beba94e,9,17:310
9c21a73a-f0e3-42d6-8ab9-22e5e948f502,9,30:11
9c241b02-75aa-4e55-b057-044744eba331,9,28:3.25
9c361684-6990-489a-8086-1596bb42ce86,9,22:91
9c3d587e-4483-4268-90eb-84129f22aa3d,10,2:15.5 3:17.52 4:15 5:20 7:25 8:14.98 8:14.99 8:16 9:30 10:20.4 17:18 25:30.8 30:17.52
9c4bf3fb-f0e6-4a5c-9802-a73f76380aa0,10,22:160
9c4f2abf-9a05-42be-a231-6b30d188f6b7,9,21:112.5
9c569a4b-14fd-4a9a-a3d9-fbc554accbbb,10,23:15.5 27:16.25
9c569a4b-14fd-4a9a-a3d9-fbc554accbbb,9,3:5.5 15:19 18:10
9c58b976-3fed-4a4c-af73-630414db427e,10,3:71 17:65.99 30:129.99
9c58b976-3fed-4a4c-af73-630414db427e,9,11:16.27 13:20 24:31.31 26:31.32 26:62.5 30:21.9
9c5b2a2d-6135-4b64-acfd-3d55402f1d61,10,24:598 29:650
9c5b2a2d-6135-4b64-acfd-3d55402f1d61,9,3:51 6:75 18:46 22:38 22:79.99 25:76.01 30:91.27
9c6aee61-17fc-4b6d-ae95-c83cfc836844,9,10:21.5
9c7217b7-dd5e-48f1-bdb8-e6619db08bf8,10,10:3300
9c7217b7-dd5e-48f1-bdb8-e6619db08bf8,9,26:1100
9c72d6ef-dd2d-491f-86f0-d15919251682,10,6:33 23:27
9c7485d0-afa0-4148-aed8-2faab90ff853,10,29:119.99 30:99.99 30:99.99 30:107.5
9c7caf05-e8d1-4440-9ed6-0d2c0e377869,10,19:500
9c7d46db-d2a2-43ad-8a17-99563e6f99c7,10,26:975
9c7e59df-26e0-4332-911f-4a8df9c75496,10,19:76
9c81a18b-533f-4798-8b65-da3627d6e00e,10,17:27.66
9c81a18b-533f-4798-8b65-da3627d6e00e,9,5:20.95
9c8ee435-754f-41d9-ab93-aca88ea6180c,10,1:61.85 3:63 24:36 31:38.4
9c93a0da-a395-40d3-bc32-10703645d111,10,24:27
9c9d9b8a-8c1d-4026-8a63-c49e3c8548c9,10,3:362.8
9cb079c7-d927-4afe-af9a-c4aae6533444,10,22:1999.99
9cb11f3f-b7f2-4611-bfb0-73579f918153,10,31:31.65
9cb4d2ea-fc26-420b-ab8a-58b001b40659,10,12:300 14:349.99 22:507.83
9cb987a7-ce34-441c-8369-4731a8d79cc9,10,3:264 14:309 25:330
9cb987a7-ce34-441c-8369-4731a8d79cc9,9,24:86.4 31:74.4
9cc0a0de-c8a4-4047-9cbb-9b96f6283cba,10,13:330 24:348
9cc0a0de-c8a4-4047-9cbb-9b96f6283cba,9,23:95
9cc42a55-4775-4412-8461-bd821339661e,10,1:34.99
9cc52b90-4474-461e-8f74-e4bbec6b7f46,10,5:22.5
9cc52b90-4474-461e-8f74-e4bbec6b7f46,9,25:14.5
9ce142c3-d8b8-417b-96ff-022da9c61185,10,13:19 16:26
9ce5686c-1867-41c2-88b7-de2844f61006,10,7:102.5
9ce7c97d-e409-4c30-a2dc-d0cbda2203e8,10,20:59.99 25:76 26:56.81
9cea816c-30e4-4a4e-80df-2aeeb6a5f769,9,14:143.5 18:119.5 21:230
9cece44e-908c-45c6-82c5-480a6476990d,10,3:167.82 13:180.51 16:197.55 16:203.49 25:210.33 27:176.7
9cece44e-908c-45c6-82c5-480a6476990d,9,1:26 1:39.99 3:37 5:31 8:40 10:38.79 14:32 15:36 15:37 16:23 16:37 16:44.99 17:34 17:34.99 22:12.5 22:81.54 24:34.99 26:31.02 26:35 29:34.01 29:36.99 30:36 30:37
9ced9540-f093-454e-a643-2ba9382ac367,9,16:39.99
9cedcf0e-d51b-4d86-b4a1-5650a67d976d,9,22:9.99
9cf200ce-6ab3-4a8d-bba2-2be0cfe04246,9,1:49 7:60 10:53 24:69 30:65
9cfe1e81-fa5a-4d99-85a4-a76b2797a632,10,10:120 24:150 27:77.06
9d198213-f765-440f-9b71-b91e185c5196,10,10:148.88
9d198213-f765-440f-9b71-b91e185c5196,9,9:28.75
9d1db8fd-9a10-4df0-b5ec-0bd59321a031,10,31:67.2
9d22559e-1203-4e49-92c4-f80f0f3733dc,10,12:50
9d2898e3-fbbc-4a3d-8634-3233581d072d,10,17:156
9d2898e3-fbbc-4a3d-8634-3233581d072d,9,3:31.02 3:36.02 13:34.99 16:35.99 18:41 20:35.02 26:32
9d337f23-5a66-41ef-9467-97206b3727a4,10,31:41
9d337f23-5a66-41ef-9467-97206b3727a4,9,7:71.45 14:39
9d3e8926-eb62-4f96-ab7f-b9c4d4b2fb3a,10,17:372
9d3e8926-eb62-4f96-ab7f-b9c4d4b2fb3a,9,31:46.8
9d47ec73-0a09-4e54-81ad-ba0bec6f9cb1,10,3:17.02 22:15.5 24:17.52 24:20.25 28:17.52
9d481832-565a-468f-9237-fb61594f751a,10,1:18 1:18.5 14:30 20:22 21:25 26:23.5
9d481832-565a-468f-9237-fb61594f751a,9,6:15 8:7.99 13:12.5 14:10.09 17:14.5 19:11 31:15.48
9d481e3a-faa9-4bd8-8455-e540fcdbbcab,10,24:69 29:22.38
9d56c569-a2c8-4d01-9d82-d20bee80f20f,10,11:12.5
9d59c7a1-8372-49a2-9b5c-d045028ae75a,10,1:75 3:147.5 4:185 10:162.5 20:159.5 25:149.99 26:179.99
9d59c7a1-8372-49a2-9b5c-d045028ae75a,9,4:45 5:44 9:32 9:44 10:44.99 14:60 16:39.99 17:35 17:41 20:74.99 21:44.95 21:45 22:39.99 29:38 29:40 30:58
9d606c95-1181-4b14-bfff-409d7f3bf249,10,15:65
9d606c95-1181-4b14-bfff-409d7f3bf249,9,8:20
9d7321ba-d658-4159-8c7b-e85c8f32e602,10,15:149.99
9d7321ba-d658-4159-8c7b-e85c8f32e602,9,5:64.99
9d75f04c-d377-4b31-93ab-8d23377007ac,10,3:46 5:75.12 6:45 6:46.95 16:47.99 18:28 19:40 23:76 25:36 26:31 29:33.02 30:70
9d75f04c-d377-4b31-93ab-8d23377007ac,9,1:10.52 1:19.95 2:20 2:20 2:22.79 4:20 6:21 10:16 11:19.99 11:23 20:22.94 21:27 25:15.52 25:25 26:15.53 27:14.5 28:10.02 31:22.89
9d844d83-c38e-4b25-b86c-7d4f63644aee,10,27:60
9d8e87ec-a9d7-4c47-9bfe-671ef09d420c,9,17:110.4
9d9af97c-0d08-4aa6-9fbd-dbcc33c486cf,10,18:36
9d9c1ede-2bef-45ae-919c-cb2dbb04ede5,10,3:535 3:550 16:495 21:585.99 26:400
9d9c1ede-2bef-45ae-919c-cb2dbb04ede5,9,10:79 20:140
9da755a2-326b-4460-a07b-c4043e9eae5f,10,3:42.56 9:34.99 10:39.6 13:40 26:23
9da755a2-326b-4460-a07b-c4043e9eae5f,9,2:11.5 10:16.8 17:16.8
9db6918b-e474-4125-8e1a-f80eb404b5c0,9,17:15
9dbd9523-653a-417d-8702-39f688145811,10,2:33.02 3:29.89 6:45 15:45 24:37 25:23.5 26:34.99
9dc1003f-7b3f-42ab-95bd-54467b134905,10,15:205 31:210
9dc3c820-f775-4072-84f3-656e40fea3a6,10,24:222 24:233.5
9dc3c820-f775-4072-84f3-656e40fea3a6,9,17:76.8
9dd4a88d-e1a6-4709-bbee-fc6f37b4db66,9,27:300
9de8ff54-f675-4ca3-87f1-8b4ed1d8a03b,10,18:300
9de8ff54-f675-4ca3-87f1-8b4ed1d8a03b,9,7:90
9dee47ea-a394-4100-8997-8c944b4c15d1,10,1:38.56 14:37 17:33.03 20:39.95 20:41 24:29.99 24:37.2 26:27.02 26:39.95 26:49.99 30:29.99
9dfa41fc-af66-40d2-9975-18652317c449,10,21:345
9e01e04d-ba24-4d69-81b5-264747fe7044,10,7:17.5 7:26.51 9:29.98 10:15.5 10:26 11:29.99 11:36.95 24:15.5 25:20 25:22.5 25:45 27:13.5 27:17.52 27:17.52 27:18.07 27:19.32 31:14.5
9e01e04d-ba24-4d69-81b5-264747fe7044,9,3:12.5 10:4.25 20:10.5 23:14.99 25:15.52 26:10.03 28:14.5 28:14.5 28:15.02 28:15.52
9e1c98b3-3944-46e8-9200-46cbc807606d,10,27:102.5
9e224cb3-4ca8-4c32-9850-df06e06162d3,9,16:405
9e28339e-4395-4fd9-8817-d7cda86b67be,9,18:150 26:155
9e2d4e05-0d5e-49af-a272-92ffe8305554,10,31:266.13
9e33134e-c181-4a73-a5ab-4361adc52ea1,10,5:35
9e36e89f-de8c-4e0f-a72f-0b49046e04ff,10,5:145
9e3bcc4f-bca7-44bf-84b7-b1d3449a81da,10,1:39.99 3:22.52 3:24.68 4:45 5:40 12:28 14:25 16:18 18:29.99 19:35 25:65 29:49.99 31:18.5
9e3bcc4f-bca7-44bf-84b7-b1d3449a81da,9,3:21.6 12:17.5 14:25 15:25 17:15 23:10 27:26.5 30:34.89
9e44b42b-5f61-4380-b34b-abf4016062c2,10,15:17.52
9e46044d-7cbc-48d1-810d-364d237e343e,9,16:69
9e48df70-0de1-4a78-8b16-48856f25130d,9,7:50 10:39.99 14:40 18:51
9e5010ef-aee6-485e-a761-9cc8e3807c3b,10,3:50
9e5639b8-64aa-48c8-9279-04e429738335,10,1:26 7:29
9e5639b8-64aa-48c8-9279-04e429738335,9,3:4.99
9e69de45-7ae7-4afa-b40f-5725f8cc2d7d,10,2:127.5 3:127.5 4:149.99 5:120 6:127.5 7:113.5 9:135.99 10:88 10:102.5 10:110 12:95 12:102.5 12:130.5 13:99.99 14:129.99 16:81 17:91 17:102.5 19:99 19:99.99 19:102.5 20:82.89 21:81 21:100 25:110 25:125 25:194 26:125 31:93 31:205.97
9e69de45-7ae7-4afa-b40f-5725f8cc2d7d,9,1:17.5 2:17.5 2:17.5 2:24.99 3:21 3:21.49 3:25 4:19.5 5:18.5 5:18.5 6:17.5 6:18.5 6:20.01 7:18.5 7:19 10:12.5 10:14.5 10:20.5 10:25 12:14.5 12:15.52 12:15.57 12:20.5 16:15.5 16:15.52 16:27 17:15.52 17:15.56 19:15 19:15.5 20:13.5 20:15.02 20:15.5 20:15.5 21:19.5 21:20.03 21:20.5 21:20.52 21:20.52 24:15.52 24:18.5 24:19.5 24:20.5 24:36 24:36.12 29:22.5 30:15.5 30:31.22 31:15.5 31:15.52 31:17.5 31:18.5
9e7df6f2-0840-4de6-8dbd-94cb601cac68,10,18:75
9e7df6f2-0840-4de6-8dbd-94cb601cac68,9,6:52 7:32.01
9e805b79-b3bc-4b29-b1c3-9bdb15ba783b,10,10:1200
9e805b79-b3bc-4b29-b1c3-9bdb15ba783b,9,10:145.5 15:160
9e84e872-4401-446f-9ea1-69dd5368dc02,9,5:82.85 16:70
9e87ec71-a33f-48ac-8d0b-d1c8f970b075,9,4:80
9e92f436-7362-44f0-8d32-7174d333f357,10,18:125
9eaa9ea0-e6d1-460e-b5c5-40443e31a038,9,24:200
9eac3fee-c522-4da8-b0ac-24ef317dac01,10,1:75 1:102.5 1:102.5 2:75.99 2:84.99 2:94 3:78 3:85 3:93 3:115 3:120 4:85 4:87.99 4:117.5 5:97 5:119.99 7:76 7:84 7:89 7:91 7:97 7:98.99 8:98 8:98.99 9:75 10:85 10:92 10:93 10:108.22 10:122.67 11:93 11:102.5 12:85 12:87.99 12:95 13:73 13:79.99 13:82 13:84.99 13:96 13:97 14:60.04 14:85.12 14:91.99 15:69.16 15:69.16 15:105 16:66 16:69 16:85 16:86 17:68 17:82 17:85 17:88.8 17:91 17:91.2 17:94.27 17:99 17:114 18:83 18:85 18:89 18:102.5 18:152.5 19:80 19:82 20:87 20:98.99 21:85 21:94.99 23:86.99 23:99.99 24:81 24:88.8 24:89 24:100 25:72 25:99 25:110 26:85 26:85 26:99 26:107.5 27:89.25 29:34.99 29:99.95 30:78 30:80 30:89.99 31:59.31 31:63.21 31:64 31:64 31:64 31:69.46 31:72 31:74.4 31:77 31:81 31:100.99
9eac3fee-c522-4da8-b0ac-24ef317dac01,9,2:43 3:35.95 5:35 5:40 6:43 7:34.95 7:36 7:40 7:43 7:46.53 8:59.99 9:42 9:46 9:50.22 9:52 10:31 10:43 10:44.81 10:51 11:40.51 11:41.02 11:56 12:34.99 12:43 12:48 12:50 13:42 15:34.5 15:40 15:50 16:35 16:37.99 16:45 16:46 16:59.07 17:34.02 18:39 20:40 21:28 21:42 21:49.02 22:50 24:35.79 24:36 24:39 25:40 27:44 28:38 29:42 30:30 30:32 31:28.1 31:28.1 31:28.1 31:59.5
9eb57a2b-6b13-4313-a6b0-e0621b57d51a,10,5:2150 12:1950 29:1800
9eb57a2b-6b13-4313-a6b0-e0621b57d51a,9,1:100 1:151.28 1:171.91 2:132 3:89 3:90 3:101.32 3:102.5 3:102.5 3:104.95 4:92 4:93 4:96 4:99.99 4:120 4:139.99 5:65 6:93 6:96 6:100 7:110 7:204.91 7:240.4 8:82 8:89 8:107.5 8:109 9:102.5 9:110.5 9:134.69 10:80.99 10:93 10:94 10:109.5 10:110.4 10:110.5 10:129 11:90 11:142.5 11:150 12:90 12:92 12:97 12:99.65 12:100 12:100 12:100 12:127.06 13:99.99 14:89 14:90 14:155.33 15:91.84 15:95 15:100 15:110.5 16:90 16:93 16:98.75 16:171.94 16:202.5 17:98.4 17:98.4 17:100 17:125 17:125 17:125 17:129 17:141.5 17:167.56 18:91.75 18:97 18:125 19:57 19:85 20:89 20:93 20:95 21:80 21:95 21:96 21:98.95 21:98.95 21:99.99 22:90 22:94 22:98.95 22:99 22:105 22:116.37 23:85 23:90 23:90 23:93 23:104.5 23:105 23:111.99 24:70 24:82 24:89 24:89 24:93 24:94 24:99 24:99.99 24:102.5 25:105 26:94.99 26:99.99 26:120 27:88 27:89 27:100 27:115 28:240.4 29:84.99 29:93 29:95 29:99.99 30:89.99 30:153.52 31:72 31:84.99 31:89 31:89.99 31:91.99 31:94 31:96 31:99.97 31:127.5 31:162.5
9ebab193-661f-4fac-aa52-1c5acb507bce,10,4:125
9ec03765-0ab7-44af-91a3-21a06168fa9d,10,10:103.5 31:136.18
9ec1afbd-5f54-4722-b7d5-1eb128aea317,9,11:45
9ec93a36-5101-41bc-a66a-3b58fb28dab8,9,17:1.04
9eca6f7f-4199-4156-a6a1-33bbc50d18fb,10,4:80 4:102.05 10:31.68 14:59.08 31:50.4
9eca6f7f-4199-4156-a6a1-33bbc50d18fb,9,19:15.5
9ed177c1-d8b5-42d0-9d94-86653685decd,10,3:54.99 5:80.96 14:30 17:49.99 18:46.09 23:35 25:44.95 27:35 30:31
9ede3a1a-fde9-4101-b7e7-16372eaebd00,9,21:114.99
9ede5a51-a731-41aa-b7ef-393452f5280f,10,2:157.5 2:200 3:141.23 3:154.5 5:140 7:176.5 8:165 8:189.99 10:144.86 10:168.5 11:229.9 16:189.99 17:218 23:183.5 23:183.5 24:168 25:168 26:229.9 28:172.5 31:119.02 31:200
9eef55a0-dc9d-474c-87cb-67fc4810a4bb,9,10:34.8
9ef9b36b-4f3d-4b0a-b4e4-7a514e3572d2,9,16:270
9f107bb5-3820-48aa-8cd5-6a84f6a23401,9,2:10.5 29:12
9f117f39-4a9e-48de-9665-380a750882be,10,21:360 24:252
9f117f39-4a9e-48de-9665-380a750882be,9,11:80
9f186b92-ac18-48a3-b851-b4a32677b726,9,31:45.44
9f283b0f-1491-4c69-9ec8-e4c6ecd035db,10,2:89.99
9f2b03df-d29c-4e15-8ced-4e48525a2031,10,17:156
9f2b03df-d29c-4e15-8ced-4e48525a2031,9,12:43 25:37.89 31:43.2
9f36a544-b028-45ef-b5ff-b65008f44f23,10,21:44
9f472045-58e4-4707-b5da-05f2ac643355,10,29:15
9f4d27e9-dd52-45cd-98b1-b76ecfdf0126,9,17:52.8
9f553ebd-b1b1-4a52-98c6-531ae8ad7b08,10,1:24.49 3:17.52 3:17.52 4:18.01 5:22.5 9:20.05 13:12.5 13:16.5 13:30 18:17.5 22:19.5 22:24.14 23:20.5 24:12.03 24:13.52 29:25 30:13.52 30:19.99
9f5f960c-e960-4aef-9c6a-54216024af20,9,5:242.32 20:260
9f6162b0-e00b-4812-b2b0-a0f98b1890a3,10,2:139.99
9f74eb20-1321-433e-98f7-8ac1abac70b8,10,8:102.5
9f753b83-7a77-4e03-aaa9-b8c48fc35968,9,24:100 26:94.99
9f8af68e-021b-4dcb-a593-88a151aa2086,10,4:15
9f9126fd-9ac3-40a3-b31c-d19552ef9d0b,9,24:10.5
9f92b831-cc39-43fb-94f8-11e74dfea0e4,10,30:49.99
9f9328ac-5ec6-42c3-b0d4-d5c3b18597c1,10,21:25
9f9a972c-8c3d-4da8-aa49-44c7bf51eebe,10,7:1400 8:1075 10:1399
9f9a972c-8c3d-4da8-aa49-44c7bf51eebe,9,9:486
9fa1df6b-b770-4584-8c05-b2ff7327ee59,10,24:26
9fa1df6b-b770-4584-8c05-b2ff7327ee59,9,3:9
9fa3ed37-5b05-46ad-a701-a00e0b153172,9,7:310
9fa78203-a2a1-4bce-a158-7ed61a84fed4,10,2:18 7:29.99 10:12.52 10:15.52 13:25.99 16:14.64 24:19.2
9fa7aa10-f2a4-478a-9ed3-41d26a83e412,10,27:1950
9fa7aa10-f2a4-478a-9ed3-41d26a83e412,9,31:164.5
9fa82a72-db04-463f-92a1-2326460fbeef,10,30:452.72
9fa82a72-db04-463f-92a1-2326460fbeef,9,4:60.03 12:47 28:38
9fbc95ce-cc92-4d17-80d7-b9cda81054ef,10,18:15
9fdeedb8-6216-4c3f-b21b-1b37de07e9c6,9,30:15
9fe6f81e-6b2f-4905-a481-5f5b1317031c,10,27:173.96
9ff51019-f11c-48c2-b386-bbf531a05a79,10,8:275.92
9ff9d52f-f9c0-46cd-a726-d4f70ffe4d23,10,6:82
9ff9d52f-f9c0-46cd-a726-d4f70ffe4d23,9,1:29 20:50 21:49.99 26:72.25
a00144eb-4427-411c-9e54-c0541e0887b3,10,6:80
a00144eb-4427-411c-9e54-c0541e0887b3,9,9:25
a00757fa-4cfd-4c92-8f60-c2023c28d9d7,10,3:158.49 5:100 5:163.99 27:148.49 31:100
a00757fa-4cfd-4c92-8f60-c2023c28d9d7,9,17:12.7
a02eb11b-ed89-42c0-b573-3e5fc042b73b,9,17:1999.99
a03b5e2c-7158-451e-b4a6-6290307aff9a,9,22:225 29:182.55
a03b88f3-6d99-4f98-a43f-29757b75e515,10,16:80 31:51
a03b88f3-6d99-4f98-a43f-29757b75e515,9,3:24 8:18.99 10:15.02 15:24.99 18:22 24:15 31:19.49
a043d1fb-5a7d-4c74-824d-27a23f878c3f,9,4:129.49 4:165 20:193.31 30:165
a0461e3c-7413-4aea-b37c-19055bb4a740,9,4:116.08 7:127.5
a04704a1-8dcd-471b-a0c1-5e2e05003b7c,10,3:810
a04704a1-8dcd-471b-a0c1-5e2e05003b7c,9,8:179.5 23:155.81
a04db415-2e94-4cd3-98ed-375669087669,9,5:30.3
a04f5c6d-f0c8-4475-8593-464501696539,10,29:700
a059739d-65ed-4319-bee4-9f88772021e3,10,18:26 26:66
a059739d-65ed-4319-bee4-9f88772021e3,9,6:31.15 12:24.5
a059fb20-c225-49fd-a764-654c21b76061,10,5:295 17:275
a05cf31e-0b1b-4204-afd9-2e8a984cc68a,10,2:61 3:51 3:52 4:68 8:55 16:90 17:80 18:81 22:67 24:85
a05cf31e-0b1b-4204-afd9-2e8a984cc68a,9,3:15.02 3:15.52 3:18.5 12:15
a060ccd5-a6f9-47f5-9aeb-70ff73a4db43,10,10:177.5
a061f494-704d-4360-a62a-060115fde84a,10,4:17.52 15:10.26
a0756e15-4ab4-477d-8cd9-1bc34f021a65,9,30:229.99
a087b09a-a363-48c2-9669-0535507bee16,10,7:20
a0897e69-7cec-47b7-8677-4d7de3dbb548,10,11:204.43
a08f021a-aa52-490d-80ab-5742fb51d14d,10,31:264
a09508f3-a23f-4b05-9a73-494926566f1b,10,4:12.52
a0a09c16-08ca-45a8-8b06-658d579166ad,10,7:169.36
a0a26c6b-9c6a-4c0f-bf4b-1cd36855d9f2,10,2:15 10:24.5 24:14.04 24:21.27 28:24.99
a0a42bd4-26b8-4f18-9048-9fa06a47fb35,10,2:30 4:20.5 5:12.5 5:17.52 10:22.49 10:22.99 11:24.5 12:15.5 15:20.5 16:17.52 17:17.49 20:11.5 23:14.99 23:17.52 24:30 29:17.52 31:19.51
a0ac6645-31e8-4bd6-a28e-c605b37fa2a5,10,1:16.5 3:48.02 15:15 15:15
a0ad5127-c636-42a1-8304-b8aeb91453a7,10,2:45 6:31 6:38 7:38 17:31.2 23:65.15 31:30 31:31.02
a0b52944-6432-4855-ad1a-2acf9d1275a3,9,24:93.6
a0ba7bf8-0be7-4e64-a80b-9d33c64c9f5c,9,14:17.5
a0baa669-beca-4499-a6d6-2a90c9b96d47,10,24:252
a0baa669-beca-4499-a6d6-2a90c9b96d47,9,3:31.2
a0c3519f-dcc3-4ffd-b142-b91e9376262d,10,13:38.99 17:28.88 24:31.16
a0c5cb35-ba6e-4365-a2dc-ad5461b71d4c,10,27:31
a0cbe74c-5ff8-4f78-a46a-56dda959917f,10,1:275 2:185.5 3:200 5:202.5 6:220.05 6:227.5 7:214.38 7:215 8:202.5 9:197.5 10:212.5 12:219.99 12:222.5 14:304.69 14:328.56 15:229.95 16:243 17:235.68 17:260 19:160 20:232.5 21:220 22:222.5 24:237.5 24:248.5 25:300 30:243.5
a0cbe74c-5ff8-4f78-a46a-56dda959917f,9,1:92 6:91 7:115 12:86 22:99.99 23:95 31:102.5 31:140
a0d5061f-7d21-4cd1-80ad-4acb3fad1887,9,4:20 18:25 31:27
a0de010b-8fbf-442c-9664-dd3882c4c21e,10,4:17.5 5:15.5 6:13.27 10:29.99 11:17.52 11:17.52 12:17.52 13:20.99 13:38.88 14:25 16:16.5 17:16.73 24:20.5 26:12.52 28:17.52 29:14.5
a0e56a4b-6908-4908-bffb-39151ac5ca13,10,10:62.4 24:31.2
a0e7fe33-7b41-4210-9eaf-ab2add2178dc,9,3:50.4 23:22 24:26.02 31:37.2
a0fb3a8a-9f53-45cb-8c45-eb7a8211553f,10,2:32 5:52 10:26 20:66 24:26
a0fb3a8a-9f53-45cb-8c45-eb7a8211553f,9,7:15 7:30 10:15.5 11:13.84 11:24.99 11:30 20:21.72 29:23.51
a0fb8035-06f5-4bd8-9219-60ec46b013d0,10,21:17 25:15 26:20
a0fcc618-5160-458c-8350-74c0fe367472,10,3:107.5 13:114.69
a1033945-52d4-4226-917f-a856fbdbebd7,10,25:192.6
a11e0fc7-f22a-4a8c-b79d-2c82f2c5d10e,10,6:355 20:330 20:340
a120c3fd-d5c6-4d2d-8058-66a928b5eaac,10,29:18.52
a12335b9-3f70-4eb1-b44a-16a5ae8f984d,10,9:238 10:192
a12335b9-3f70-4eb1-b44a-16a5ae8f984d,9,3:40.8 4:34 7:46 8:51.39 9:51.39 10:46 12:55.74 16:41 18:51 23:51 24:62.31 25:35 31:42.41
a1240276-a77b-40df-9ada-18ea4df0639c,9,5:209 8:269.66 25:250
a12bba8e-69c5-4b90-8277-eda8971b6196,10,3:31 5:27 12:23.5 23:18 24:36
a133bf94-a93e-4255-9161-c1036d6cf109,10,17:1410 24:1250
a1341119-b7b5-4b28-a1f6-20828aedb375,10,26:56 26:59
a1341119-b7b5-4b28-a1f6-20828aedb375,9,9:18.5 24:20.4
a1394ea3-7dd0-49bb-86c5-e0a766b2cbfb,10,7:20 16:20.5
a13dcc31-682d-4128-8477-11ad6b8cbda4,10,7:25 11:25.01 18:17.59
a1421edd-cc50-4403-ab62-acc4d27498ab,10,2:26.75 7:36 7:43 7:45.08 8:38.52 10:29 14:31 15:36.23 15:39 16:32 17:25.2 18:44 18:50 18:56 18:59 18:90 19:34.99 21:45.9 22:35 22:51 24:27.02 24:30.38 26:41 29:151.61 31:31
a1421edd-cc50-4403-ab62-acc4d27498ab,9,4:10 5:14.5 5:22 5:30 7:15.52 7:17.5 9:29.99 10:18.5 11:20.5 12:15 14:19.99 14:20.52 17:15.52 17:15.6 17:16.5 20:23.5 21:16.5 22:25 24:18.5 24:20.5 25:37.84 26:17.5 26:34 27:15 31:16.43
a14dcd42-e046-4da5-a15e-5492c5cb09a6,10,25:560
a155e603-19c2-4280-8bdb-bad8aa8e8eac,10,12:35 28:17.52 31:25.99
a1640a68-9f28-4140-9dd4-79418ef04e0c,10,16:76
a1664ae1-cb9e-4714-b8f2-28ea8e402011,10,11:290 21:270 25:300
a1664ae1-cb9e-4714-b8f2-28ea8e402011,9,7:90.2 8:80 8:90.2 10:63 10:139.95 15:56 16:94.99
a166da54-2d34-44df-a54f-c0a6905232c9,10,20:61.88 24:100.8
a173ce3b-3d59-4965-9900-1ef678ab43d8,10,4:152.5
a17aa71d-f00c-4ccd-84bf-6edf3cffacad,10,18:460.9
a17d00e6-8840-4307-9a98-ebd6927ecd1d,10,31:510
a17d00e6-8840-4307-9a98-ebd6927ecd1d,9,3:117.6 12:475 24:77.54
a183ff36-0c2a-4a72-aaca-73ab337f6606,10,11:28 14:39 15:49.99
a188ed81-d3b9-4a09-8b48-2da86552e291,10,8:67
a188ed81-d3b9-4a09-8b48-2da86552e291,9,17:21.6
a18f047c-e8e3-42f1-b171-429768169970,10,10:50
a19d05ac-721c-4841-872f-800fdd23d038,10,4:126.26 31:49.2
a19e92f4-3f49-40c3-acca-0cc94bf60969,10,29:49
a1a668a8-be3b-438f-84e0-a742cc9e37ea,10,30:205.5
a1aa2a4b-e7d3-4db2-84c6-0fbffefba4b0,10,1:485
a1b4e37e-fda6-4a55-b0c2-08890ecfac72,9,3:132 6:202.5 19:225 19:240
a1c1bbf7-47a9-47e6-8a85-97c8b1d0818e,10,1:22.5 6:30 6:34 14:23 14:31 16:34 26:39
a1c345bb-a447-49ce-beff-354d66a948b8,10,14:500 20:899.99
a1d5a7aa-b252-4599-af51-7d9995132f01,10,3:64.8 10:39.6
a1d77294-7b2a-4179-a6e1-3d4ab0df4534,10,8:46 14:69 20:47.49
a1d77294-7b2a-4179-a6e1-3d4ab0df4534,9,3:25 7:6.51 7:15 12:12.5
a1dc6303-ac16-470e-9b1d-ea113f48bd7a,9,16:300
a1e49f24-d105-4121-a985-28b13df52c1c,9,10:16.8
a1e85907-8b5a-4b79-a06d-acd3e170e43a,10,24:37.2
a1ed6fc3-20a8-4551-b48d-72359eaae4d1,9,2:23.99 4:28 6:28.69 7:35.69 7:60.94 10:26 10:43.2 11:28 12:41 13:39.98 18:20.5 19:30 20:79.99 22:39.43 22:50 24:31.2 27:36 28:30 31:21.5
a1ee098f-9bb5-4c74-8042-524b03ecd8a5,9,18:63
a1f2062f-dbe7-464d-b968-809e5aa654a0,10,1:142 8:122.39 24:96 27:135.5 27:149.99
a1fb1d8f-5f33-4dcb-b46a-428cc61955f1,10,1:224.72
a20067bc-c98d-42f9-af40-f30e69d1f91c,10,29:3500
a20bf893-e655-4701-b920-54b7648f62b8,10,14:1499.99
a20bf893-e655-4701-b920-54b7648f62b8,9,12:148.88 17:127.5
a20c3c53-fd7f-4444-8c3e-2fdc52300968,10,24:264
a2147aeb-b577-4732-bbcd-5634975bd2d2,10,31:260
a2163716-154d-4794-be6b-ad77ddc3a5a6,10,2:51 3:30 4:36 6:40 6:52 11:26.88 14:48 15:38 16:30.02 17:38.76 18:38 21:56 23:32 23:40 27:34 29:33 29:44.99
a221b8eb-dd9d-4a08-be72-da74d3c38ecd,9,4:427
a228f365-4c29-4edb-815e-01bd1155c252,9,7:22.5
a22f069f-e8c3-49f2-893f-1b84c8967989,9,5:899
a22f444a-5a50-4fe7-b36b-a62e0c689d33,9,16:222.5 24:156
a23771d7-ce88-44bd-9260-59e3ee18b857,10,5:35 9:49.97 14:17.5 16:35 25:20.5 25:39.99 27:39.99
a23771d7-ce88-44bd-9260-59e3ee18b857,9,4:8 17:14.99
a2435de0-752c-4492-bf3d-fb4fbb670aae,10,10:243.8 18:340 29:275
a24bf295-ef0c-4b50-86e5-124066aef985,10,17:420
a2669822-afb4-4373-971c-223478bd7268,10,20:54.3
a2669822-afb4-4373-971c-223478bd7268,9,17:23.56
a26cfc3c-92af-4555-907c-278da9906d17,10,16:2276 21:1576.72
a26cfc3c-92af-4555-907c-278da9906d17,9,4:570 16:700
a272ca84-94ea-431f-afa9-ac0ee2be1f1d,10,11:26.5 17:20.52
a27458ac-fe44-4c06-a1d4-1696c5aa3c60,10,21:20 21:25
a277b6ab-f47f-4238-9c8b-6beb636330fe,10,4:63.77 18:50
a27b3404-76f9-47d7-849c-82c0f0ef1128,9,4:168.5
a2864776-ea14-4723-811f-5d63f86225df,10,14:23.5
a2864776-ea14-4723-811f-5d63f86225df,9,30:25
a2a41b91-c8e5-4711-8497-c8379e33d046,10,25:278.46
a2a54cc1-a2fa-421e-a50f-60b50ee06c18,10,29:200
a2a5638b-50fb-4079-b292-6910d5aa6a86,10,30:45
a2a6c3ed-cd0c-42c4-88ab-21f5728d0bf0,10,31:118.62
a2b26f5d-06d1-41dd-b8b0-006f1b2da49f,10,1:39 3:21.5 5:29.99 5:30 13:25 17:24 17:25 18:28.99 18:40 20:19.5 23:39.99 24:26 24:31 25:34
a2bb1584-e9a3-4841-a6ac-f80676793349,9,14:102.5 18:299.99
a2c434ff-9d7b-499c-ba90-051fd45da2e5,9,20:89.99
a2c439c8-7cb8-43d3-bc92-7f1008e2e6fa,10,3:99
a2c46916-5f18-4f0d-b194-8335179c8e53,10,7:40 11:25.25
a2c46916-5f18-4f0d-b194-8335179c8e53,9,11:24.99
a2c903ce-ade4-4135-b854-502fb9f0ada9,10,2:31.94 5:26.66 5:31.5 7:37.95 16:26.02 18:19.53 23:22.5 24:31.03
a2c903ce-ade4-4135-b854-502fb9f0ada9,9,2:16.76 4:22.81 11:24 13:24 13:24 29:23.39 31:18.98
a2e0b67f-c895-454f-8b0b-9c470508034f,9,26:25.28
a2ea379e-b048-4b5f-8021-6624e16c5682,9,28:140
a2f9bd67-0d2a-4df6-bf38-ade26ba5a9c6,10,9:90.2 30:80
a30052f8-06d7-40d8-a28b-39d240a5b229,9,10:184
a30a4b7d-bd96-44f6-b094-811f1bd69fd7,10,4:225
a312a16b-11c6-4cfd-8cac-b53b097ecbb9,10,3:55 11:20.5 14:24.59 19:54.95 23:31 25:15.5
a312a16b-11c6-4cfd-8cac-b53b097ecbb9,9,11:11.49 11:15.52 25:9.99 27:35
a3267ff6-c7d6-486c-b91a-8b1160feb842,10,6:135
a344ef24-837f-4144-8d3b-28278967221b,10,25:197.5
a34da699-5e8a-452b-a114-2597f1b4a5cd,10,3:62.4 3:62.4 3:64.8 3:64.8 3:72.03 6:81 7:50 7:53.6 9:50 9:62.54 10:62.4 10:62.4 10:62.4 10:62.4 13:124.83 15:82.49 18:94.27 23:184.14 25:50 26:100 27:109.99 28:84 30:63.83
a34da699-5e8a-452b-a114-2597f1b4a5cd,9,3:36.02 10:39.69 12:41.59 12:92.19 14:66 15:45 24:31.2 24:31.2 25:56.28 30:36.02 31:32.86
a352b4bf-424a-4b06-b494-67d89bb680aa,10,31:155
a3566ef0-017f-4967-9b80-dd7798bfc0d9,10,3:12.5 3:26.4 5:17.52 6:29.95 7:25 7:25 9:20 10:20.5 10:20.55 11:15.52 11:17.52 11:18.5 11:20.5 12:17.52 16:19.99 17:16.34 17:18 19:24.99 22:19.99 22:20.5 22:25 25:16.99 29:22.5 29:31 31:18.36
a359d586-e6c3-4345-845f-4766b2461652,9,8:225 10:135.83
a35d3506-bdf2-467c-8b51-6817f7d0d0f0,10,3:130.86 3:199.99 19:150 24:117.5 24:140 29:118.5
a36fe61e-6384-41c6-9bac-248906e99b6e,9,19:77
a372c37a-991d-4892-a8d2-88a705cd3165,10,3:34.88 4:56 11:66 18:45 25:68.99 25:71
a3746083-6a9a-4256-b591-b89be6ec235c,10,8:45
a3761677-eef9-4bff-98e5-1e8dd8fb7c5d,10,16:82.49 31:39.99
a382a79d-021f-4110-8a12-7573a705a50b,10,3:30 3:34 10:25.2 17:20.4 17:25.01 17:26 23:28.55 23:30.75
a38908b3-bd97-4c71-8624-9fa331de2383,10,3:339.99 12:500
a38d197d-e8b1-4c53-801b-591ab348ed5e,10,17:45.6
a3992e2b-c8f7-4485-bd09-d4740e6088ff,10,24:36 30:50
a3992e2b-c8f7-4485-bd09-d4740e6088ff,9,3:22.52
a39cfa96-0e93-4063-9079-85408bb9471f,10,3:158.49 7:100 17:75 17:120 24:152.5
a39cfa96-0e93-4063-9079-85408bb9471f,9,9:49.99 17:40 24:25.99 24:32.4 27:43.88 27:58
a39dcb46-5e1c-400a-a270-95fdb051f5dd,10,24:325
a39dcb46-5e1c-400a-a270-95fdb051f5dd,9,5:13.53 5:15.5
a3a4fb08-8013-4556-9430-e00ef6015bde,10,11:9139.76
a3a4fb08-8013-4556-9430-e00ef6015bde,9,5:3150 5:3401.5 18:3400 23:3250
a3a72f96-1806-4018-9f22-e7343a8df495,10,1:16.5 25:42
a3a72f96-1806-4018-9f22-e7343a8df495,9,3:15
a3aeb80d-4231-454a-86ae-99fed7db6640,10,2:575 17:750
a3be16dd-a46e-4919-bc25-6b4df796e465,10,15:85
a3bfd15c-90c3-4518-85ca-eb882211d658,10,29:95
a3cfc93d-974a-423c-aa5e-2d8d21fd7133,10,5:57.99 24:64 30:51
a3d0b51c-fbed-4d4f-a751-e4a04d9ec9e9,10,16:400
a3d0b51c-fbed-4d4f-a751-e4a04d9ec9e9,9,3:120 10:103.5 11:105 11:129.99 13:90 17:79.2 24:75 25:71 29:116.69
a3ed769f-1f11-4420-8d30-3b9f61f4392c,10,5:69
a3fbdc24-71d5-4850-a337-49612897506e,10,3:14.4 6:15.5
a41f0cef-4f9f-4cb7-8038-a10dba7f5f45,10,9:120
a422db67-5076-42bb-bae1-b0e50a9f4bff,10,17:990
a422db67-5076-42bb-bae1-b0e50a9f4bff,9,12:675
a43345ce-c851-4b29-962b-582c8c147036,10,1:20.5 1:24 1:34.89 2:18.99 2:20.5 3:15 3:16.5 3:22.52 3:25.2 5:23.5 5:30 5:39.95 6:20.51 6:21.5 6:24.99 7:21 7:23.5 7:29.95 8:24.5 8:30.82 10:19.2 11:17.12 11:22.52 11:30.9 12:8.5 12:14.5 12:15.52 12:15.52 12:17 12:17.5 12:17.5 12:18.5 12:18.5 12:18.5 12:18.5 12:18.5 12:18.5 12:18.5 12:19.5 12:19.5 12:19.5 12:20.5 12:21.5 12:21.5 12:22.52 12:22.52 12:28.01 13:22.52 14:16.5 15:14.5 15:21.5 15:22.52 16:19.98 17:19.99 17:28.88 19:19 19:24.6 19:35 22:55 23:17.99 23:25 24:16.5 24:18.02 24:20.5 24:23.49 25:17.99 25:29.99 26:20.5 26:27.95 26:30 27:27.95 28:22.52 28:24.5 28:24.51 29:22.5 30:20.5 30:20.5 30:21.5 31:12.88 31:22.52
a435e59d-35e9-4dc6-935e-634940e878f9,10,24:861.01
a435e59d-35e9-4dc6-935e-634940e878f9,9,16:300
a436e921-826c-4bcf-bbd0-e9001ac5b817,10,7:86
a43eddca-b246-4a58-8d0b-678527b8e1c8,10,3:22.8 3:24 3:25.2 3:25.2 10:20.4 10:20.4 10:20.4 10:20.4 10:20.4 12:23.22 17:22.8 17:31.99 24:20.4 31:18.5 31:20.4 31:31.64 31:34.99
a43eddca-b246-4a58-8d0b-678527b8e1c8,9,24:13.2 24:14.4 31:13.2
a44a7eb6-82d1-4ff0-8654-74f35d553b26,10,9:76 12:99 23:61 28:80 28:150 31:69.6
a45d0f8a-c1dd-44c7-9813-6a32e21a24fd,10,10:436.54
a45d0f8a-c1dd-44c7-9813-6a32e21a24fd,9,3:189.07 20:230
a4664ee4-5d5c-4573-89d0-59833cf9d63f,10,10:550
a47053bd-cfda-4800-8db3-3a2237900e6e,10,18:120 22:140
a47053bd-cfda-4800-8db3-3a2237900e6e,9,31:44.95
a4749a91-fc7c-45d6-9be7-f62e4704f094,9,16:9.1
a476e65c-a769-4395-bd94-4e75bd47b2f7,10,22:46
a476e65c-a769-4395-bd94-4e75bd47b2f7,9,4:10 4:18.5
a478be82-7ce9-48d4-a811-3590ca0e5642,10,7:85
a48db88a-ef4e-46ef-a415-a04605b36fd6,10,6:24.99
a48db88a-ef4e-46ef-a415-a04605b36fd6,9,5:19.99
a4904c09-0a02-4b6b-94ca-be055f49007e,10,9:115.89
a49ed031-cb42-4dd1-acc9-7ee041fe31f7,10,19:76
a4c07c3f-5b43-47e8-b8ec-00694c48d4f2,10,10:50 19:49.99 20:50 26:45 27:43 30:45.99 31:68
a4c4cc49-e3ad-4a8d-99f0-71632de2a4f5,10,15:234.59
a4c56155-0794-4e49-bb46-f0a644bb074b,10,17:18
a4c7bde8-0218-4d5e-94c7-2e15100658b7,9,20:19.99
a4cf30f4-4274-445b-ad00-158b4eb82cbc,9,10:41
a4d1f758-4147-4d6d-95f9-8352c126ef25,9,24:56
a4d21e06-582c-4b61-acec-6734845e9844,10,5:36 5:56.08 7:27 7:33 8:31.51 11:78 30:39
a4d21e06-582c-4b61-acec-6734845e9844,9,10:14.5 24:14.5 29:12.5
a4d9057f-1a9c-4794-af67-bdb06f1f8c4a,10,2:76 2:84 3:54 3:76.8 4:96.04 9:110 15:76 17:62.4 17:64 17:67.2 19:119.99 20:100 22:84 24:70 26:120 28:72 29:108.5 30:90 30:104.99 31:96
a4d9057f-1a9c-4794-af67-bdb06f1f8c4a,9,3:34.8 3:48 6:47.43 7:100 8:50 10:30 10:43 11:49.99 14:51 15:40 15:42 17:40 17:48 17:49.99 18:38 22:49.99 24:45 31:38 31:38.01
a4db3687-78d9-4c2c-b338-d87400866d1a,9,2:22.5 8:17.5 21:14.99
a4dfbba7-d493-4c8c-b7a9-15fdbc321201,10,27:105
a4e04ca4-5c7a-4291-aa24-26dde76bc93e,9,18:234.19
a4e2a2ad-2819-42ae-ab79-98083b61d523,9,20:279.99 30:199.99
a4e39c84-b7cd-497c-92a9-8b1e4da1e1bd,10,8:96 21:82
a4ee75b9-8c9b-4ab8-aac3-487edb6cf625,10,11:20.5 18:18.5
a4f2b55b-abad-43c1-90ac-51cd8b006d1e,10,24:760
a4f3e313-2b18-49b8-99bd-a62903ce6281,10,1:62 4:66 9:51.01 12:67 24:49.99
a4f3e313-2b18-49b8-99bd-a62903ce6281,9,7:29.99 9:32 23:39.98
a4f7f85c-02a4-4847-85cf-166134a25978,9,30:65
a4fc19d7-e5ee-4756-8bae-c3e8f340fff8,10,13:99
a4fee6e6-bea1-4e15-92be-7db7afbdd357,10,15:26.99
a5022592-fc65-4ed5-8939-744dd2fea704,9,25:1829.1 25:1999 25:3895.15
a50d9449-2d1d-4e84-8d2a-c9ab59455e56,10,3:140
a515d0d7-5b56-4fc0-ae31-2dca7a4c4607,10,4:41
a515d0d7-5b56-4fc0-ae31-2dca7a4c4607,9,24:19.2 26:19.99 26:30
a5332005-d499-445b-98b8-cba3c982ee52,10,26:147.95
a53551d0-2d07-46c6-a8ec-99bf96eba15f,10,18:170.5 20:144.99
a53551d0-2d07-46c6-a8ec-99bf96eba15f,9,3:34.8 10:31.2 12:35 13:45 31:22.5
a53974c1-74a7-4380-bc68-c0a5ea93b20a,10,2:50 23:51
a54a3494-c9b6-4faf-abf6-d6bcbca24fa9,10,3:630 10:660 15:680 15:695 17:690 23:700 28:725
a54a3494-c9b6-4faf-abf6-d6bcbca24fa9,9,8:345
a5696697-a71e-4f67-91cb-6a2bdbd3c353,10,10:660 10:850
a5696697-a71e-4f67-91cb-6a2bdbd3c353,9,17:195.5
a56a60c7-c69c-4b73-bde7-af53f84733ae,10,17:93.6
a56a60c7-c69c-4b73-bde7-af53f84733ae,9,15:27.48 24:31 26:39.99
a571721d-411f-4b29-99cd-a6f57fca7377,10,28:125
a571721d-411f-4b29-99cd-a6f57fca7377,9,1:39.99 30:21.51
a574aa79-3a35-49a7-ba80-434fc8f01d79,10,14:650
a574aa79-3a35-49a7-ba80-434fc8f01d79,9,22:299.99
a58e8d1e-d5d2-4103-837e-6ab5705464c3,10,11:47
a5914ac7-ce36-4be0-8d24-745e8392119a,9,11:1580.55
a59267c2-c699-42a9-a92c-bdc303dbc158,10,12:49.99 17:31.77 20:44.95 22:40 23:44.95 30:44.99
a5963cf2-7c0a-4f08-91a9-ed185182f8ed,9,3:165 11:270.41 13:230 24:250 25:220 31:182.5
a59b9b73-7ee8-46ef-99d0-360e31599ab2,10,28:399.99
a59e3c27-f25d-4bc2-a61f-5eab6fe3ed92,10,7:6.5
a59fe67f-71de-4e35-b1de-ab4c6b52b5d9,10,8:17.02 29:27.9
a5a3a69c-c508-4ca0-90d9-d5e90b89758b,10,1:58.7 1:65.89 2:53 3:25 4:52 10:51.71 11:45 11:49.99 12:49.99 17:37.69 18:73.73 23:29.08 24:38 24:65 27:64.95 30:39.99 30:39.99 31:52.51
a5afb0e8-b22c-4d4a-863c-21c66b01dabd,10,17:19 21:20
a5bef21c-2d88-4ba3-bf68-dd24ae4bd679,10,3:43.2
a5d7f7a6-2df9-45ab-87b4-7439e0c40667,10,9:255
a5d86e92-faf8-4eb2-978f-d0aa0901ea05,10,24:64.99
a5e1d240-61a1-4f40-9060-a5798aee31a6,10,3:152.5
a5e1d240-61a1-4f40-9060-a5798aee31a6,9,18:17.5
a5e37bc6-07e4-46a8-b21f-b51a3782eadf,10,2:129.5 17:468 17:492
a5e79bae-fb90-48fe-b4d8-0c5ffaa6ee2d,9,10:51
a5f6fe5e-a51e-49dd-b8d2-a1c387ee49f0,9,5:1552.19
a5fbcfce-d788-4319-98ce-df54e48f241e,10,5:23.3 8:10.95 12:9 25:15.5 27:9.5 30:11.5
a609a17f-ec10-41b8-83f1-37e036ba9693,9,5:157.94 20:180
a61c87c0-470e-4e87-b4bc-8536e8fce72f,9,29:302
a61c9bbe-302a-436c-9baf-2d8632488241,10,3:1350 18:2000 25:1700
a61c9bbe-302a-436c-9baf-2d8632488241,9,3:137.5 5:125.06 10:156 10:162 18:130 27:150 27:250 29:143.8
a61f3f6d-50fd-4f73-8d91-2622c31d9e43,10,6:839.99
a62908ba-b4a7-47e0-b194-68a545574601,10,5:79.95 7:79.95 23:99.99 27:73
a63ea46b-138d-4641-a6a5-69c2618314e5,9,13:220 25:350 30:330
a6419c3b-b62b-416f-bef8-21566774313f,9,21:149.99 25:149.99
a646d2bc-3822-4ba3-af5b-35034a4d1312,10,23:1740 24:1800 24:1899
a6529bb8-e14c-4c30-9418-d70016dbc417,10,24:173.5
a652aac3-aa59-4c2e-b8a9-acf0c9409490,9,7:48.99 20:90
a65e979b-9254-47bb-8bdf-5874ea58b9f8,9,14:15.5
a66067fe-22c1-42fb-ae33-227dae0585ea,10,20:94.99
a66afe9e-d89d-43f4-95c0-7c15abc38053,9,26:301
a671399e-05b9-497a-b7c0-d7b2da51248f,10,16:64.99 20:64.99 31:45.6
a675867a-d134-4ae9-a979-a6e9cdd3edc4,10,7:36 8:35
a67743af-383c-4dcc-bc57-71ce294ef307,9,3:4080
a67950ed-02f6-4e4d-a9a9-991e8497a116,10,4:140
a67bc9e2-ebfb-457a-9555-fef734111ee7,10,24:49.99
a67bc9e2-ebfb-457a-9555-fef734111ee7,9,27:20
a67e3bc2-fb38-48eb-8668-5ac3f3eba43f,10,1:20 4:39.99 5:24.69 12:23.5
a681f619-a46e-4427-9600-92d6a8b61223,10,4:199.95 17:138
a6850405-3534-4419-b84b-bcaaa32a938f,9,16:61
a6905e95-7589-4459-8adb-3b9dc295c239,10,21:34.96
a690c999-aeb8-4eac-a496-a9815745226d,10,24:2735
a690c999-aeb8-4eac-a496-a9815745226d,9,5:434 13:275
a69555ef-9395-47fa-b12a-1ec7945ef99b,9,20:350 27:439.99
a69fcf94-815a-44ac-9d73-47e6871f1527,9,10:52.88
a6c3965d-6048-4b54-80de-af2dd0a92aba,10,6:110 23:105.5
a6c3965d-6048-4b54-80de-af2dd0a92aba,9,1:33 27:34
a6d9db1c-bfc8-4ff4-9eef-70acac8ebdf1,10,1:36.95 2:36.95 4:46 6:38.32 6:39.95 6:39.99 6:49.99 9:34.98 9:65 10:35 11:24.5 11:30 12:31 15:57.74 21:25 21:34.4 25:34.99 27:25 28:32.99 30:29 31:37
a6f301d8-af9d-4c8f-b291-567338a4428b,10,6:600 11:730 14:780 14:799.95 15:799.95 16:720 16:900 18:750 19:800 20:848.99 24:820 24:975 28:837 28:975 29:975 30:825
a6fffdba-f8b6-46c3-b11f-8729f6bae8dd,9,6:18.3 24:13.2
a70a35aa-d951-4f6d-83ef-70bdf95ec090,10,3:26 3:69.99 11:80 19:28 19:33 21:24.99 22:22 23:35 23:98.88 27:50 30:31.75 31:22.02 31:26
a70baa36-bde0-48a1-880f-89c467e67c0d,10,4:51 9:41
a70baa36-bde0-48a1-880f-89c467e67c0d,9,11:15.5 12:15 31:25.2
a70cc048-371e-4ee9-add0-d0e22d609eb1,10,10:202.5
a70ed292-cc78-444b-9f39-322684d21068,10,19:59.02
a7146975-401b-415e-9707-a215fbb1bec7,10,10:41.89 26:40
a719286f-7a71-40b2-b669-b88a83ae416d,9,1:24.99 24:17.53
a71e1458-55b8-4a4c-94d4-2da23085515a,9,13:119.49 21:43.51 27:55
a71e1a3f-788f-49e3-95e6-8e3d544396c6,9,13:65
a7211652-f2bc-4b8e-9468-29d20d5de4fd,10,7:60
a72bff48-19c3-4ec5-b6e1-f98e4c056e90,10,4:299 27:329.95 30:251 31:258.58
a72bff48-19c3-4ec5-b6e1-f98e4c056e90,9,10:62.4 17:51.6 24:44.4 26:59 31:42 31:43.2
a72d4e11-5d9e-4aea-9bdc-5b5f5140d646,10,27:21.05
a730e237-ec7e-4da8-b62f-f92bf9b2952e,9,10:33
a73f3b3f-2664-4a19-85d2-c850ee92cd66,9,10:89
a74472ad-8a16-43fb-95d3-07a397c424c1,10,24:99.99 30:102.21 31:99.99
a74472ad-8a16-43fb-95d3-07a397c424c1,9,1:29.99 2:29.99 5:29.99 5:29.99 6:29.99 6:29.99 8:20.5 8:26 9:29.99 12:29.99 14:18.02 14:19.46 20:29.99 21:29.99 26:29.99 29:29.99
a747e3a0-1eb8-4650-a962-6a70774a4c94,10,14:149.99 25:202.5
a747e3a0-1eb8-4650-a962-6a70774a4c94,9,7:76 24:46.8
a7482240-305f-485d-b810-27d22bc65fb6,10,9:135 14:135 16:135 26:135 30:129.99
a7482240-305f-485d-b810-27d22bc65fb6,9,3:28 3:49 4:35 28:49.99
a75189c9-bebf-41fe-87b1-ab484c541d4b,9,1:158.38
a759022c-6936-4019-824c-5f61837271be,10,7:214.15
a75c6348-d712-48e1-8ffe-3a563af5db91,10,2:76 29:20
a76b3818-af53-4200-8024-b077fd3a29b4,10,18:49.99
a76c107e-9789-43ad-9803-5b17d2a43b2a,10,9:48 16:52
a76c107e-9789-43ad-9803-5b17d2a43b2a,9,3:13.5 8:12.5 14:23 21:16.5
a770cf3f-d915-481c-85f5-4e0a84494f09,9,31:20
a774a19a-ac57-4bd5-87ea-6c875b0397dc,10,17:51.6
a777546d-99e1-43f2-b1f9-537999a416ae,10,6:32
a777546d-99e1-43f2-b1f9-537999a416ae,9,16:24.95
a786093b-9f8a-452f-bd7c-f5a15499057f,10,1:20.5 1:23.99 1:24.99 3:14.4 3:14.4 3:17.52 3:17.52 7:20 15:19.99 17:13.52 19:16.74 19:19.5 22:18.95 22:18.95 23:17.5 24:14.52 24:26 24:28.99 28:16.05 29:16.49 30:13.5
a786093b-9f8a-452f-bd7c-f5a15499057f,9,1:11.5 1:12.51 12:11.5 13:15.02 23:14.5 28:8.51 31:12.5
a789725a-912d-474f-a7e7-740e5104fe3d,9,24:120.4
a79a1206-7673-422d-ae2c-b491c94211b4,9,10:1282 12:1280.13 18:1200
a7a4a5fc-e1e5-426d-9f64-f3120665b302,9,3:93.88 8:127.5
a7ac0995-fdff-4a49-b9d9-a43eb4d05d82,9,3:192 3:310 18:213.5
a7b219fe-dd9d-4f9f-8fb3-61e02ecc9fc5,10,14:15
a7b68550-858c-400b-a273-22aa4441005c,10,14:2000
a7bac4cf-1c64-4382-9b03-39efab834abd,10,27:126.34 31:127.5
a7bf4cc0-6c10-4628-a57d-9de3e1390071,10,5:123.45 24:51.6
a7c91efb-01de-4817-9cfa-fa966a75636f,10,1:13.52 1:20 3:16.5 3:17.5 4:20 5:21.81 6:21.5 10:18.5 10:20.4 11:17.52 11:17.52 12:14.5 12:17.52 16:18.5 17:14.5 19:15.5 20:17.52 24:18 25:20 30:18
a7c9f86a-43a6-4791-92ac-f4793f2f0680,10,3:34.99 7:39.55 17:24.32 18:27 19:34.99 30:48.62 30:49.89
a7c9f86a-43a6-4791-92ac-f4793f2f0680,9,14:13.5
a7cb747f-7020-4b50-9aa2-9a079476384c,10,26:62.48
a7d07df7-2641-4201-ac26-a8d4240e0afc,10,17:16
a7e5150a-90ba-4a2a-b734-0acf8ff9e045,10,2:950
a7ef8a1f-5b71-4d7a-8af3-e252343ddab9,10,17:20
a7ef8a1f-5b71-4d7a-8af3-e252343ddab9,9,5:26 11:24.99 25:30
a7f61795-917b-4959-b732-b3c8e48f4b4c,9,4:46
a7f85566-aa41-4ef9-ba60-280495ec62af,9,11:274.99
a7f9c635-7227-40b2-9f4a-bd71167ce57b,10,26:49.99
a7fcf05d-df59-453a-9c7e-5799fe3ded86,9,17:58.99
a80210b7-8bcc-4ed9-83f4-32ca4d8a243d,10,3:53
a809e49b-ae22-46a6-91e5-a2570d35d617,10,7:24.16 8:25 9:25 18:27.51 26:29.88
a809e49b-ae22-46a6-91e5-a2570d35d617,9,6:15 11:18.52 14:19.99 25:13.5
a80cc2f5-07a7-46d6-a222-29f31f235ce0,10,5:20.5
a81724d8-116b-4f69-96e1-b6538c0439a9,9,20:116.36
a830bd1a-493d-472b-b237-e631dbcce1b5,10,25:1375 26:1390
a830bd1a-493d-472b-b237-e631dbcce1b5,9,21:150
a83e95c9-c344-4acd-adf8-f8c708316a5a,9,17:44.4
a84a0a51-898a-464c-8748-a864ae81221d,10,9:78.12 12:126.5
a84a0a51-898a-464c-8748-a864ae81221d,9,19:109.58 24:69.6
a8596083-fc51-449d-b803-d68ce56bc7e9,10,1:99.99 7:94.99
a8596083-fc51-449d-b803-d68ce56bc7e9,9,24:24
a86778dc-7346-42d8-961d-30944cba6477,10,27:300
a8757ffa-44f8-4088-9d32-49eff083e5c7,10,20:88.88
a87901cc-b307-4159-97be-884c8b4c0797,9,27:55
a87b08f2-c1e0-49af-9a40-a4dcecc597ff,10,7:18.5
a8969080-afb8-4764-86d6-d72e6969b7e5,10,3:42 8:83.05 14:36 17:42.55 17:44.4 20:40 31:40.8
a8969080-afb8-4764-86d6-d72e6969b7e5,9,3:17.08 5:35 9:13.05 15:24.99 17:20.5 17:26 17:34.2 26:25 27:20.5
a8981b97-d0de-4bd8-b5fb-8dbb21148a31,10,26:112.5
a8b7da10-062d-4828-9b44-97f35edd90c1,10,2:215 10:195 24:126 29:239.99 31:162
a8b7da10-062d-4828-9b44-97f35edd90c1,9,22:39.89
a8c2c0e6-f3b6-4920-9ce2-179b6ba4abdd,10,27:34.95 31:35
a8c51cec-981b-440a-bb1b-bdd642d01230,9,13:10.5 26:39.99
a8d5c346-2700-4e2f-958d-34a98ab8793c,10,28:28
a8d5c346-2700-4e2f-958d-34a98ab8793c,9,12:20 27:14.5
a8e3a574-56c5-4b11-9a1e-f2ecb7fbfcb2,10,29:160.26
a8e3a574-56c5-4b11-9a1e-f2ecb7fbfcb2,9,1:29.46 1:32.5 4:23.22 6:35 26:35 28:43
a8e4eb0f-f3f4-44e3-b3ed-f1f8a692ab12,10,19:100 19:139.5
a8f200fe-533c-4924-9d8b-e004476b7bc1,10,30:122.5
a8f200fe-533c-4924-9d8b-e004476b7bc1,9,15:26
a9013aa3-21fb-47c8-9929-c27187ccd6f0,10,31:162
a9013aa3-21fb-47c8-9929-c27187ccd6f0,9,1:19.5
a9018a06-0b3a-4e7c-be56-5f41c9ebca07,10,17:80
a901ceb7-7c71-4b9d-8e71-0301bcb2392b,10,22:200
a90ccda6-55c7-40a1-a5b1-863afd358042,10,10:140.03
a91751b5-8f8b-452e-8f6e-eb91299dd046,10,11:99.99
a91b147f-6fe8-40f0-bad4-286d1c2e32bd,10,2:15 3:19.5 6:29.99 6:30.98 9:26 13:22 23:25 27:25
a91ee523-b975-429e-b753-5b36c665d193,10,11:32
a91ee523-b975-429e-b753-5b36c665d193,9,7:15.5
a9255006-dd13-4bec-8522-c5785eb5dad4,10,4:20.5
a926d547-53e8-4966-b17a-92a703700cce,10,1:18.5 3:15.5 4:13.5 22:17.52 24:15.97 28:20.5
a927c7fc-6167-4149-8869-5735bd042419,9,31:22.94
a92ac5ad-2eae-417a-aa38-ad08429a2053,10,13:164.99
a93c3448-4b9a-45db-a0d1-3814b8757748,9,29:15 29:15
a955f93f-3132-49c5-a89f-a25cd5cde787,10,3:82 8:100 9:101.89 10:79.37 11:90 12:69.88 12:120 15:102.5 16:73 19:139 20:76 20:95 24:80 25:108.31 27:81 31:102.5
a955f93f-3132-49c5-a89f-a25cd5cde787,9,8:44 16:67 24:43 30:47
a966491d-eee5-4f77-ba84-047088759d89,10,11:21.5 17:25
a9769486-f232-4048-94e8-e697a7e13a29,10,20:179.99
a9769fb4-1292-4632-8dfb-77b3c33729eb,10,21:49
a9769fb4-1292-4632-8dfb-77b3c33729eb,9,1:23.99 2:23.99 11:23.99 18:13.5
a990f528-513f-4978-9139-31cb7a59f7c3,10,23:81
a990f528-513f-4978-9139-31cb7a59f7c3,9,2:26 3:29 19:41 22:28 26:70
a994338f-e9ca-4a57-81a1-36e788a7feab,10,12:1136.99
a998fdfe-9e45-4671-81da-c36f565d01a0,10,12:18.05
a9a081d7-03ca-426e-9a2b-c5e978b5bf8b,10,11:17.52
a9a3424e-5d2f-442a-912a-520e04cbb263,9,31:8400
a9b500bf-e985-4d9b-b09a-fc75c8a7275c,10,6:53.65 10:109.5 24:57.6 25:43
a9b500bf-e985-4d9b-b09a-fc75c8a7275c,9,3:16.8 6:30 15:16 19:35 24:22.5 25:20 26:18.5 27:20.5 31:28.1
a9b8cd21-d22a-4747-97ae-17fb96ffb911,10,23:200
a9b8cd21-d22a-4747-97ae-17fb96ffb911,9,24:79.32
a9bdc6c9-4529-4ef2-baf9-ede99fb6378a,10,24:1100
a9bdc6c9-4529-4ef2-baf9-ede99fb6378a,9,11:140 31:103.5
a9bedcfb-d9b4-4a0d-ac9f-d5036f11126e,10,10:110.4 24:57.6
a9cde0e2-fbb5-42a5-a4ca-05c0fbe0834b,10,19:86
a9cf2c30-f2c2-4116-8222-4e7adcffc911,9,5:15.69 7:26
a9dd708d-8949-4570-a89e-4e3378e8e0ca,10,17:20 23:22.5 28:37
a9dd708d-8949-4570-a89e-4e3378e8e0ca,9,1:9.99 15:14.95
a9e2be19-7cb8-4841-b59f-fb1b94cc7890,10,31:50.4
a9e4a3d7-f4a7-474a-bc68-0621954b7525,10,31:63
a9e882a7-8d5b-4e7b-9765-acd4c14d0412,10,1:2799 3:1770 12:2125
a9e882a7-8d5b-4e7b-9765-acd4c14d0412,9,1:365 3:400 3:495 8:385 11:385 17:480 21:540 22:360 23:399.99 27:465 28:530
a9eb8c7a-c4c2-4255-a50a-afedcbe9125f,9,17:156
a9ed00a7-11a8-4301-8759-f8c6d1d6f338,10,31:100
a9ed00a7-11a8-4301-8759-f8c6d1d6f338,9,17:45
a9f1b909-802e-433f-8ab0-449b23065c04,9,24:10
a9f5c4e1-d1ac-44f3-8ce1-afcd981701ca,10,6:17.5 7:22.5 7:23 7:25 11:15.5 11:33 17:17.52 18:34 19:16 21:29.2 24:19.5 25:29 27:23.99 30:16.5
a9fae891-68f3-44c8-ac0e-05933c70e073,9,11:3.25 17:7.01 21:9
aa02f665-8839-43f5-9ce9-44f49dc17868,9,4:120
aa0384e1-f57e-49e0-9bb5-af81209466b1,10,24:34
aa07698d-9994-44f2-aa0d-20dda51f3448,9,11:51
aa09d3fa-42e7-40b5-a2ce-ea8b1fe01ea8,10,23:50
aa09d3fa-42e7-40b5-a2ce-ea8b1fe01ea8,9,10:22.8
aa227d69-d4b4-4c1e-886a-c9f14c0d3c06,10,3:26 11:79.99 16:34.99 17:34.99
aa230c72-316a-449c-a5b2-54e75bb2e3bc,10,17:30.4
aa239a29-a98f-49c2-ad23-f2a689359027,10,5:60 5:66 5:133.28 9:70 10:85 10:100 17:68.4 19:96.88 21:125 24:61 26:51 27:100
aa239a29-a98f-49c2-ad23-f2a689359027,9,7:33.01
aa352223-e5ba-4e74-a2bc-ea16fc3d92b0,10,9:2225 31:2160
aa352223-e5ba-4e74-a2bc-ea16fc3d92b0,9,3:127.5 6:178.72 7:120 10:275 25:160
aa38dd94-d999-43d1-b55d-b96739796ae2,10,3:492 6:600 10:750 13:699.99 16:575 20:670
aa38dd94-d999-43d1-b55d-b96739796ae2,9,3:170 3:174 3:194.5 4:250 8:172.5 8:214 10:186 14:177.5 15:224.99 17:150 22:190 23:379.99 24:99.88 31:175 31:179.95 31:198
aa56ff47-d303-4b83-9db2-200f65fcdbec,10,17:102.5
aa66c6ce-1144-4882-b36f-0cbdc60b76a9,10,12:119.99 25:139.99
aa797766-aab1-40ce-8534-367fecd6a645,10,27:23
aa7a0a67-b32c-4181-92ec-d143da68f443,10,3:125 15:185.6 20:120 24:74.4
aa7a0a67-b32c-4181-92ec-d143da68f443,9,9:20 15:64.81 24:21.5 24:25.2
aa7a5fad-03c7-4c3d-9419-c9e9bbb93d84,10,24:172.5 25:114.5 31:250
aa7a5fad-03c7-4c3d-9419-c9e9bbb93d84,9,3:34.8 7:40 17:26 26:40 29:40
aa7beadf-a8ea-4d80-82b2-cc5dbe86b8fc,10,3:61
aa7de103-a8a7-49a4-b938-b7d497acdd41,10,10:13.5 10:15.5
aa830be6-023b-47fe-97a0-7c367f8c18ac,10,24:405
aa87f2b1-c351-4047-9e4d-bf612a674d6e,10,18:82
aa92f14b-63f0-4b97-a467-5596c26cccaa,10,15:31 15:49
aa996bfd-66bf-4c1a-8e80-ee78a2ab576c,10,20:2200
aaa9488f-6369-41cb-a5b0-5c25fffe036a,10,3:79.9 5:79.9 8:102.5 9:65
aac183e7-cb3a-4441-a063-9385a138456c,10,3:113.5
aac183e7-cb3a-4441-a063-9385a138456c,9,2:27 16:39 26:35
aac92f04-a09c-40f5-8673-71d8ef557ac7,10,3:18.5 15:18.5
aacccb4f-5e28-4e0b-b2c8-3dbbc7db18b3,10,11:1500
aacccb4f-5e28-4e0b-b2c8-3dbbc7db18b3,9,1:275 6:131.5 12:755 24:599
aacccc74-f5aa-48f0-932c-d6daa63c6cb4,10,15:249.99 22:221 24:247.57
aad0f27d-1f04-43f7-9a6b-dea977177be6,9,18:32
aad4d5a2-1041-4a57-b01e-518d7ccaae51,10,24:58 25:69 26:69.9
aada6b4d-9a9b-4c2e-b581-ec018dd653d3,10,3:32.41 26:39.99
aae385b1-80d2-472d-b60d-b3b968ba50b2,9,16:25
aaebb157-e021-4503-9887-42ace4237666,10,29:72.03 30:85
aaec23c3-ca01-4b32-86d5-ecfe2385268a,10,3:11 3:16.5 5:18.5 5:26
aaf74d53-15f5-4f50-9644-c67413e0e2d2,10,5:143.5 7:140 7:144.99 9:179.99 12:145 12:159.99 15:115 19:144.98 21:137.5 21:162.5 23:138.5 24:130 24:135 26:192.5 30:76 30:117.5
aaf74d53-15f5-4f50-9644-c67413e0e2d2,9,12:110 21:50 24:60.02
aafea76a-689d-4c29-a580-ff3092116fad,10,4:76 7:76 7:88
ab063534-3d18-4923-bae8-8be41b0d0174,10,5:249.99 9:300 16:340 29:294.99 31:252
ab063534-3d18-4923-bae8-8be41b0d0174,9,3:149.99 7:102.5 13:145 14:155
ab0b7a3c-d92e-40a2-a3a6-68706e425bb7,10,3:25.21 8:22.99 16:20.5 21:25 29:25
ab14ddda-c2f1-4f57-ace2-349ddfc5c856,10,1:27 2:20.12 2:35 3:24.99 3:31 5:42.68 5:49 6:34.99 6:100 7:33 7:48 8:28 9:23 9:30 9:30 9:31.52 9:32 9:35 9:37 10:39 10:40 10:49 11:21 11:21.5 13:25 13:29.95 13:31.95 13:35 14:33.99 15:27 16:23.5 16:29.95 16:31 17:26.4 17:26.4 17:27.6 18:22 18:24.5 19:22.5 19:26 19:34.95 22:21.5 22:30 23:19.99 23:33 24:22.99 25:19.8 25:19.99 25:20.5 25:27 25:27 25:30 29:22.5 29:24.99 30:22 30:26 31:22.5 31:23.6
ab14ddda-c2f1-4f57-ace2-349ddfc5c856,9,1:24.95 2:23.99 3:22.5 4:13.02 4:18.02 5:15.5 5:15.5 7:15.5 10:15.5 13:15.5 14:19.99 19:19.99 19:21 21:13.52 21:19.99 21:26.99 24:17.18 24:24 25:18.64 25:25 27:19.92 28:19.92
ab1d300c-89d5-42e4-8e10-ded2c45cb19e,10,9:20.44
ab1d300c-89d5-42e4-8e10-ded2c45cb19e,9,11:27
ab1dfa74-092a-4d1e-affa-1f4550f7cb54,10,31:229.5
ab1f3195-4c18-40c8-8874-889165de5878,10,31:50
ab1fb940-f443-40a2-a751-5895e02056b6,10,1:51 1:63 1:75 4:57 5:51 6:65 6:77.95 6:133.15 7:50 8:37 10:67.66 10:72 12:69.99 12:81 13:76.85 15:45.55 17:68 20:89.99 24:88 31:63 31:74.95
ab2f95dd-0685-4ed0-9bfb-6019e237a654,10,31:120
ab401b89-182a-489a-aed1-dc5096cbd19c,10,6:32 6:34.5 8:31.99 23:26 24:16.5 25:13.5
ab401b89-182a-489a-aed1-dc5096cbd19c,9,2:5.51 6:11.5 8:5.51 8:10.5 14:20 24:4.25 25:5.5 25:12.5
ab577c32-d127-42b5-bb39-d0bb256e5739,9,30:81
ab627255-849e-40f2-aeda-3e1bd80f4fa7,10,3:22.02 10:20 24:45.99
ab62a489-5ba6-41e4-a42d-8cf45d2f4379,10,7:203.5 17:150 17:150
ab62a489-5ba6-41e4-a42d-8cf45d2f4379,9,3:80
ab661454-8643-44b3-b10f-b63ff3b2ed52,10,2:208.87
ab663ae8-f4ca-4e51-a312-8ce91c2716cf,9,1:300 3:300
ab6861e7-d984-44b4-8aa5-e8450283e108,9,5:18.24
ab7737f5-333e-46f3-9fa2-29370d8281dc,9,16:20
ab88a200-9fb9-4bbc-ab4b-0e888a2083ed,10,9:29.99 11:35
ab8caecd-6296-4828-bb81-1e92d75598d5,10,31:107.5
ab904613-d8d7-4548-8f98-6af5b7fda4c1,10,12:349.99
ab904613-d8d7-4548-8f98-6af5b7fda4c1,9,27:139.17
ab963c9e-a944-47cb-8751-921918ac4cc5,10,10:150 17:156 27:249.69
ab9979bc-f921-416f-8297-0ee617d835d7,9,29:14.95
ab9af81c-57d4-4217-8c26-80b4071729db,9,18:88
ab9e2d74-6fd0-47c0-9979-46275065d5fd,10,2:50 15:80
ab9e2d74-6fd0-47c0-9979-46275065d5fd,9,9:24.99
ab9e8e89-7f06-4b88-8728-68a4866bb762,10,3:30
aba0a7c2-8f31-4fe3-a8e6-5ba047691306,10,1:22 16:29
aba57afa-cd2f-43aa-9ad9-ada9df6e5b1a,10,6:1000
aba57afa-cd2f-43aa-9ad9-ada9df6e5b1a,9,17:50
aba6493a-3d0d-4d2c-8a2f-d390387bb34a,10,25:240
abaeb00b-aec7-47df-be4b-23f44fdf246e,10,1:119.99 2:119.99 3:119.99 4:100 5:119.99 6:100 7:115 11:119.68 12:122.5 15:129.99 18:117.5 23:124.99 24:130
abaeb00b-aec7-47df-be4b-23f44fdf246e,9,1:39.99 2:39.99 3:37 3:39.99 3:45 7:39.99 8:39.99 9:32 10:39.99 12:30.02 13:33 15:39.99 18:28 18:32.9 18:35 19:39.99 20:39.19 20:39.99 22:39.95 23:34 23:39.95 24:32.31 25:28.99 25:39.99 25:66.22 26:39.99 27:29.5 28:37 30:39.99 31:35 31:55.99
abb6dfa4-165b-4fd8-b4bb-a179edc19c07,10,28:35
abb80f63-9ac1-46dd-acec-7cd26b636757,10,6:89.88 26:72
abb80f63-9ac1-46dd-acec-7cd26b636757,9,12:32
abbfbb29-709f-4e02-b5c9-6b694e1cc0b9,10,3:39.76 16:36.5
abc43c06-3869-4366-9f98-0445ddada20d,10,1:27 3:22 6:26.98 6:26.98 6:27 6:30 6:35.74 9:24.5 10:20.4 12:26.02 14:25 15:22.5 15:24.5 16:20 17:22.5 23:28 23:30.02 24:31.2 30:29.99
abcd70f5-b15f-4fe9-a97b-89fc07c558df,10,9:40 28:20
abcd95d2-da89-4d4e-b46d-186f0392c991,9,24:48
abce9d5d-b539-4558-96e5-9eb8695d83ff,10,2:12.06 7:20.52 7:20.53 8:11.51 8:12.5 27:10.5 27:11.5 30:10.5
abd63617-8fbd-48a3-b86e-9b0d5683549a,10,28:349
abd63617-8fbd-48a3-b86e-9b0d5683549a,9,10:147.5
abf6aa05-0e7d-42f6-89f4-94d791de24b8,9,2:45 7:55.99 10:45.75 14:81 21:49.99 28:80 30:89
abf751bf-e9d4-4113-9527-4b7902288e4e,10,10:120.5 15:149.99
abf751bf-e9d4-4113-9527-4b7902288e4e,9,9:59.99 24:23.73 31:35.51
abfb0c87-2ee2-4d6b-9abb-ddeb1cacb6ee,10,1:275 1:300 2:261 3:242.5 3:265.01 4:260 4:299 5:227.5 5:240.5 6:255 7:234.05 8:229.5 8:255 9:271 10:275 10:320 12:305 16:255 16:279 17:285 18:265 19:250 21:228.5 21:237.5 21:243.5 23:339.95 24:228.27 24:265 24:339.95 25:252.87 25:355.22 27:222.5 27:260 30:255 30:265 31:265 31:280
abfb0c87-2ee2-4d6b-9abb-ddeb1cacb6ee,9,3:144 6:180 12:120.43 20:180 29:170
abfc4e13-0bcb-43ef-b756-d7e83208cf45,10,2:120 3:73 3:86 3:89 3:91.83 3:94.5 3:94.97 3:96 3:103.2 3:103.2 3:103.2 3:103.2 7:110 9:97 10:79.2 10:79.2 10:81.6 10:110.5 10:118.5 10:143.11 11:102.5 11:107.5 11:107.5 12:101 12:125 14:126 15:109 15:112.5 17:89.88 17:93 17:98.4 17:102.5 17:103.2 17:107 17:124.69 23:89.88 23:119.99 23:124.69 24:84 24:88.8 24:102.5 24:103 24:112.5 24:119.5 24:122.5 25:100 25:112.5 26:100 27:80 29:105 30:91 30:91 31:64.8 31:72 31:81.6 31:89 31:89 31:89 31:89 31:91 31:96.51 31:124.69
abfc4e13-0bcb-43ef-b756-d7e83208cf45,9,3:43 16:38 17:36.02 31:30
abfdef91-78d9-4ad2-858d-6923984b846a,9,5:204.5
abfe5972-257d-4d74-937a-5d6dbf2c9ce0,10,24:55.2
ac069bb3-62b2-4074-81b3-5ca6fd22f7cd,10,3:42 14:24 17:36 17:46 26:26 26:27 31:26 31:47
ac141ca1-50e0-4855-87dc-6a66d4176be0,10,22:20.5 24:14.41 24:15.5 28:26
ac24f81c-6beb-45b6-a197-9f6aa4321de3,10,5:475
ac2ae578-047d-4b6d-abba-70464bf984c6,10,5:36
ac2c092a-d87c-419d-84f7-8efa00b85708,9,3:20.4 15:40
ac2d95f1-2575-461b-8d52-96a2a156d624,10,10:168
ac2f710f-9e3e-4064-9d3b-bdb19164dcab,10,1:20.52 1:30 3:16.5 9:19.99 10:22.97 11:27 15:16.5 15:17.52 15:17.52 18:20.5 21:19.52 25:20 29:19
ac32cc88-1e75-4dc8-9d5f-bbdb52dd62f5,10,30:300
ac3e5f93-b020-44f5-ba83-b79ddd70e83e,9,7:13.5
ac593001-b87e-4532-9647-b29de741404d,10,8:20.52
ac64a57f-7b23-4862-9af7-060eb7ec987d,10,1:335 1:340 3:295 3:335 3:355 6:325 8:350 9:325.76 10:305 10:342.9 11:461 12:333 17:347.5 18:380 19:348.77 19:350 19:380 20:350 20:375 23:308 25:399.95 25:400 25:425 27:220 30:308.5 31:340
ac64a57f-7b23-4862-9af7-060eb7ec987d,9,1:86 1:118.5 2:85 2:85 3:76.69 3:78 3:88 3:90 3:121.26 4:122.46 6:67 7:62.62 7:80 7:176.01 9:70 9:70 9:75 9:92 9:220 11:68.5 11:83 11:87 12:82 12:82 12:90.99 12:90.99 12:94.85 13:66.3 13:77 13:80 13:84.99 13:85 14:76 16:81 17:70 17:79.2 18:69 18:84.26 18:133.38 19:80 20:82 21:71 22:91 23:76 23:79.99 24:55 24:62 24:63 24:68 24:68.5 24:70 24:152.1 25:71 25:72.99 26:79.99 27:69.91 27:80 27:86 28:61.5 28:70 28:120.31 29:71 29:76 30:62.02 30:74.99 30:76 31:55.02 31:66 31:75 31:84 31:84 31:84 31:86.4 31:86.4
ac660696-3bde-4c84-8133-54217f1d1989,10,17:250
ac660696-3bde-4c84-8133-54217f1d1989,9,3:35 24:40
ac66725b-fcd6-4f78-9526-7020500be0a9,9,17:32.99
ac7f5cae-68e1-4a80-8010-8467a2653ca3,10,11:180.37 31:216
ac7fd4c8-f169-4d6a-8c34-edf263c30263,9,13:152.5
ac898e86-6fbf-4103-82bd-9e799cf5f001,10,7:45 8:43 14:21.63
ac898e86-6fbf-4103-82bd-9e799cf5f001,9,9:54.94
ac8dd1dd-80df-4b33-87e4-d0fe26bf9a7a,10,10:69.6 20:115.01
ac8dd1dd-80df-4b33-87e4-d0fe26bf9a7a,9,25:22
ac8eb049-4358-48d3-b937-a421f2da29db,10,11:125 18:45 24:50.4
ac8eb049-4358-48d3-b937-a421f2da29db,9,2:29.26 14:21 23:15.5 24:25.55 27:24.99
ac988e62-5421-4c20-8f8c-96e6e660a030,10,24:49.99
ac9c8025-8e1f-42a8-b32e-f602ef1a372d,9,10:284.99 12:230.85
aca39c6a-655f-4d9c-90f7-975f79368c69,10,17:53 25:17.53
acadb5fe-75fb-4cb1-af32-d58bae964af3,10,10:27.81 21:34.96 23:44
acb5895f-e21c-4710-adf3-23f9405e2af5,10,27:50
acb9eb66-5860-4976-8020-46d1f8716495,10,18:50
acbdc22a-c3ad-49b3-b24d-a58f055d4fc4,9,9:155
acbe67d3-5b52-4b6b-aaff-7d2b38f6ba87,10,31:30
acc72cfc-d15f-4383-93ac-6006f6c92825,10,11:145 11:150 19:200 24:166.28 25:127.5 31:177.68
acd6bbdf-fc24-4ee0-92ca-b7acbccbefbf,10,8:12 12:41
ace399b2-eaf4-40b3-8500-b3cd32559b7e,9,4:1150
aceafc0b-075b-4418-a5eb-6cd762bd8fed,10,11:250
acf66ede-8301-42d5-9fe8-b9471c404d9a,10,6:4100 8:4250 10:3960 14:3850
acf66ede-8301-42d5-9fe8-b9471c404d9a,9,3:810 9:1027.52 11:695 14:810 16:711 18:735 20:800 20:807.65 22:700 22:700 22:730 22:799.99 23:760 26:805 28:749 29:849.1 31:750
acfb5fc8-d267-4905-83d3-97376e9adce6,10,13:45 14:30.95 23:32
ad00dd56-daa1-48d7-be15-b4de5d6cd835,10,13:28.99 15:21 28:25.25
ad059c64-4da5-447c-869d-eb3f42c26ece,9,5:18.24
ad0feeef-5da6-45c4-b840-ef7573c1035a,9,18:130
ad10726d-e887-49c4-803b-92d7129237a4,10,31:552
ad1b1639-1b07-4e09-b156-1b2b18e1f575,9,3:173.5 5:160 6:184.95 10:168 12:145.5 13:224.99 14:177.5 17:105 20:185 20:200 23:185 24:180 31:138 31:189.95
ad2bcf63-6f2d-475d-9795-ad8716a237f5,9,19:102.5
ad360d26-cc8d-44f3-b599-dbfb50723513,10,15:175
ad360d26-cc8d-44f3-b599-dbfb50723513,9,14:44.39 20:41 31:36 31:36 31:43.26
ad3c489d-3f04-41e5-a180-508b92de6d7c,9,10:255 31:159.99
ad3c5461-ea23-4be5-aa1e-3aa4aaa6121a,10,4:128.5 7:157.5
ad3c5461-ea23-4be5-aa1e-3aa4aaa6121a,9,6:77
ad403675-ebc1-4147-a653-a966fe2c3ac1,9,17:44.4
ad47ce9c-d81a-4493-9eea-d955a291cb94,10,1:14.5 24:6.5
ad4cf4c0-e9b2-4377-96dc-b18cb375d07d,10,17:67.2
ad63e4b2-9850-405d-b604-6679fae4a0f0,10,7:36 20:61
ad6b990d-a7ec-432b-abbb-cbe23dd7931d,10,28:145
ad6b990d-a7ec-432b-abbb-cbe23dd7931d,9,3:40 15:16.5 17:22 23:24.99
ad6d2249-5a6b-4eeb-a3e7-a3910cb5b376,9,20:17.27
ad701322-b83b-4d17-a7bc-95d9dd5f8802,10,10:20.5 13:31 25:38.95 25:41
ad701322-b83b-4d17-a7bc-95d9dd5f8802,9,4:20.5 14:29.99
ad8e10a4-c129-492b-a854-4b3db5eba8fb,9,3:355 8:334 13:312.5 16:327 21:321.06 22:320 23:400 25:237.51 26:291.66
ad9bb0b0-43cc-4ebc-bdfb-d4a9f0613b6d,10,2:55 19:99.89 24:70
ad9f62b1-46f3-4aab-9269-5f126ffa4a1e,9,17:36.51
ad9ff285-d15d-4f0d-883b-1f2456df3be4,10,24:34.8 24:34.8
ad9ff285-d15d-4f0d-883b-1f2456df3be4,9,8:40.95
ada2979b-3cbd-49a8-a147-3b36b8b60376,10,5:15.5 18:39.99 23:13.5
ada2979b-3cbd-49a8-a147-3b36b8b60376,9,1:12 10:9.5
ada9b96e-79f0-4474-af94-7f4658ecc36c,9,18:45 29:40
adb318b1-ead1-4c6a-917b-aee3f03dc8a9,10,15:280 19:259.99
adc44a73-67c8-49dd-94d1-90ff4c942a04,10,10:9.99 10:16
adcb8e73-c94e-4298-b545-2466138ca0be,9,3:36.78 13:49.99
adcf2990-64f7-4869-bf91-b1339adfeafa,10,11:51 20:26
add07842-1cec-4792-a3bc-526bd8c5ca11,10,18:116.99
add1a71c-bafb-45b4-a8fc-fbc1be6e5b1f,10,17:78
add3330d-d1bb-4838-b568-10e132325f9b,10,8:32.98 11:79 16:39.99
add632de-13af-45f7-bbbd-fb1620fc7417,10,31:396
ade196be-c50e-4b36-aaf2-5ca4b7b00324,10,22:125
ade3e43b-c309-4fcf-abb0-8180cfceb24d,9,10:41
adf10d8c-da7d-4ef2-a85c-8b0b00887eda,10,3:222.5 6:200 7:240 15:225 17:269
adf10d8c-da7d-4ef2-a85c-8b0b00887eda,9,2:88.99 5:102.46 10:88.99 11:81 12:119.99 14:81 15:55 17:66 17:66 18:60 18:71 18:99.99 25:64 25:100 26:60 31:64.99
ae0153d5-251c-4e04-b91c-7afca5c56834,10,3:38.4 9:32.99 16:48 16:53 18:49.99 21:39 21:45 21:49.99 22:49.99 24:45 24:49.99 30:46.57 31:31.05 31:43
ae0153d5-251c-4e04-b91c-7afca5c56834,9,5:9.5 5:9.5 5:10.17 5:11.05 5:11.5 5:11.55 5:12.06 11:11.52 12:10 12:10.5 13:10.5 15:15 15:15 15:15 15:16.5 17:9.5 18:4.99 18:12.5 18:61 21:7.02 22:16 23:9 28:11.5 29:17 30:17.99 31:11
ae03b9d8-05b8-4f7f-bb53-a70886c41e42,9,3:13.5
ae114aee-4091-4864-85fb-f26d48d7cb9a,10,17:108.92
ae1a83ae-777d-48db-95bc-1fbf64c59d29,10,11:134.99 12:100 14:100 18:99.99 26:100
ae1a83ae-777d-48db-95bc-1fbf64c59d29,9,10:26.02
ae1b46e2-0a02-4679-8f73-ec407067c8ba,9,7:72
ae23318a-8db3-4f40-bf3b-2a2898e0801b,9,4:85.99
ae23c1ad-eaa6-4829-bc74-55d76405cc55,10,9:149.95 26:121 31:100 31:120
ae23c1ad-eaa6-4829-bc74-55d76405cc55,9,3:33.6 4:39.99 21:37.5 24:28.8 26:31.1 31:34.8
ae2c497e-a59d-4014-b947-2a29cab6c44c,10,3:800
ae2c497e-a59d-4014-b947-2a29cab6c44c,9,3:199.99 10:180 19:205.5 24:225 26:205
ae2e9fb4-23c1-43fe-adcc-3bcd97d2781c,10,11:110
ae356a75-cf55-4247-b085-8cfaea2b8881,10,31:750
ae3f8d2b-1a1e-4a9d-8e13-ef160982a504,9,10:46
ae4458c7-bdd2-457e-b4a7-c97a6ce18fc4,10,4:55 24:119.99
ae4c4210-bdb5-4ee5-9ee9-fecaf2b9f6cb,10,24:167.5
ae4f2c3e-4fec-4988-b8ef-037805cfe7e1,10,1:180
ae4f2c3e-4fec-4988-b8ef-037805cfe7e1,9,1:37.5 3:27.08 9:46 26:24.99
ae5751b2-01ce-4995-897d-87c5c365de56,9,24:31
ae5e63eb-897c-4c1d-bcb1-3996f2ca7ecd,10,31:2049.5
ae5e63eb-897c-4c1d-bcb1-3996f2ca7ecd,9,11:481.04 23:399.99
ae5e8f9d-2d2b-4da4-bb59-6f8f67c11dfe,10,9:460
ae6c0261-228c-4456-a646-5980a9ff7733,9,14:66 31:39.6
ae6ca0b2-0dfb-4220-a521-a791d07e0efd,10,10:198 15:205
ae6ca0b2-0dfb-4220-a521-a791d07e0efd,9,17:99.99
ae6d705e-0219-46ce-9123-51722b3de16a,10,3:29.5 3:69 5:29 6:36 7:31.69 10:34.51 12:32 12:37 12:64.99 24:33.6 28:43
ae7d463a-9298-48fb-8b67-57ed8fee2d07,10,24:42 26:40
ae7d463a-9298-48fb-8b67-57ed8fee2d07,9,24:15.99
ae8e1fe2-0fcd-44ed-b3ee-2e5233ad26b2,10,17:45.6 17:117.84
ae9ade95-2bd1-40b0-a545-0dcb10a6849c,9,9:110
aeac3ed7-acbc-4353-b5bf-ba9872bb3682,10,31:50
aeae3738-37e7-4420-b09c-c3c8d082b080,10,24:2025 27:1900 31:2190
aebc6234-95b0-4ca9-8cf6-d76f9dbc4852,10,24:33
aebc6234-95b0-4ca9-8cf6-d76f9dbc4852,9,29:13.5
aec0096b-16c2-46dd-95bb-e1343b3d83f7,10,3:540
aec0096b-16c2-46dd-95bb-e1343b3d83f7,9,3:61 10:45.01 28:63
aec0db2e-ed6c-4402-927a-e285a56cb47b,10,3:270 12:200 15:142.5 16:171 18:240 19:250 25:319.99 31:249.5
aec0db2e-ed6c-4402-927a-e285a56cb47b,9,18:59.99 22:66 26:51
aece51af-158d-436a-b3a0-d9c079ae1a6c,10,20:66 21:50 22:60
aecf4d24-5ee5-4850-b8c6-bc3b5717f716,9,27:480.89
aed38d1a-3f57-4769-ad5b-c3be5d6ac141,9,4:66
aede8822-b138-47b0-ac3a-620e81207257,10,24:225 24:384 25:225
aee159d2-566d-4a80-bbf6-96e1f6f9bdf9,10,14:450 31:348
aee159d2-566d-4a80-bbf6-96e1f6f9bdf9,9,10:144
aee80270-0376-431d-9b9c-28b7a9425306,10,8:92.45 19:195 20:195
aee80270-0376-431d-9b9c-28b7a9425306,9,26:27.22
aef21fc4-cb34-4eb2-95cc-e57716a45171,9,6:62 27:83.5
aefe590d-d1e6-4752-ada6-f21a2d8ac788,10,6:386.2 10:360 17:345 21:449.99
aefe590d-d1e6-4752-ada6-f21a2d8ac788,9,3:39.88 3:71 5:71 8:119.99 10:62.4 10:69.6 17:63 17:75 18:75 18:95.76 19:81 21:74.95 21:80 24:54 24:73 25:74.99 29:100 31:45.6 31:69.6
af031640-c0f5-45fc-b935-4653261be077,10,6:133
af033d13-368e-44d8-b2d8-87dcefaee5a3,10,2:35.53 8:35 10:34.99 11:19.04 13:36 15:30 24:40 24:50
af03e96b-83b6-4a8a-978e-71da6786de46,9,18:207.5 24:124.5
af050278-7d3a-4aa4-9bf3-37b5cd87a550,10,3:49 5:38.99 17:31.92 19:42.63 24:42.85 24:47.52
af050278-7d3a-4aa4-9bf3-37b5cd87a550,9,5:27.16 25:26.6 26:12.54
af0dbfd7-ba1b-43e2-bb28-16d7978651d5,9,31:299.99
af10c4af-9106-459c-80c0-e6a50af8256c,9,10:38
af12537c-4fe6-4943-aa35-900128f4b887,10,5:20.18
af1ba0e4-1756-4e9a-bc1d-6b198e72dcd7,10,10:155
af201901-cf0a-41af-9ad0-ac8fd1933138,9,1:125 11:99.99 14:104.19 17:100 18:99.99 21:90 25:99.99 30:107.99 30:200.79 31:98.4
af290176-b856-4afe-bbae-322175fa2996,9,10:142.5
af29ea35-a06f-4f50-814d-7ea1f4c8c637,10,5:305.69 23:290
af29ea35-a06f-4f50-814d-7ea1f4c8c637,9,2:96.04 6:122.5 14:114.99 24:84
af3ef462-109c-4a49-a5e4-a4ffedad7422,10,4:40.9
af498417-0109-4809-a07d-e6990e68ef7a,10,2:265 2:295 3:280 3:309.54 3:370 5:290.76 5:310 6:307 6:536.14 7:310 8:230 8:269.99 9:290 13:290 13:335 15:295 16:299 21:267 21:277 22:330 23:280 23:299.99 24:285 24:297.5 24:305 24:305 24:313.08 26:550 27:300 27:466.04 28:275 29:285 30:277.01 31:314.99 31:320
af498417-0109-4809-a07d-e6990e68ef7a,9,1:170 4:142.5 6:195 9:134.99 10:102.51 12:150 23:129.99 24:109.01 27:175 30:150
af4d3263-e17f-43a0-8a30-0edc81eb48ce,10,16:510
af4d3263-e17f-43a0-8a30-0edc81eb48ce,9,16:42
af5622c8-d60f-4bba-8bc5-580c7f6cd2ba,9,8:15.01 8:19.5
af596e15-84f5-4805-867e-7fb2451d1060,10,1:20 2:17.52 5:24.99 18:27 27:21.5 28:18
af5aa4e7-90bf-4691-af69-ff3e9d7e1200,10,5:360 15:399.99
af5aa4e7-90bf-4691-af69-ff3e9d7e1200,9,7:125 12:202.13 24:84 31:138
af662723-1486-4254-9515-c9310dd43584,10,12:56 31:75
af662723-1486-4254-9515-c9310dd43584,9,14:8.52
af6b3bf7-4d64-4b67-876a-6efbd7263fca,10,31:510
af6b3bf7-4d64-4b67-876a-6efbd7263fca,9,13:130.78
af776010-3407-4abf-a643-7fbf1f356dd6,10,12:1900 14:2475
af776010-3407-4abf-a643-7fbf1f356dd6,9,8:450 20:550
af7a3adb-decc-4207-8cde-290df56f7db3,10,14:79 17:60 20:71
af7a3adb-decc-4207-8cde-290df56f7db3,9,1:18 16:16 25:20 30:8.5 30:17 31:15.52
af7f59c0-51b0-4eba-93f7-b1afb721c7ef,9,17:46.8
af818fb0-6532-41a4-b0f8-9863fe1245c5,10,7:66
af8ad34a-2bbd-4cc4-a398-ddfa767b56a1,10,24:285 24:353 29:349.99
af8d625e-ee5c-4f7f-99b5-8811ba5000be,10,15:11.5 24:24.99
af8d64e7-ca78-4a8c-b5a4-b1ff75b7af65,10,10:57.6 13:100 25:100
af935491-0b6e-42f0-a3bb-33327e475793,10,22:50 24:37.2
af9cbd42-557b-4242-99f3-a56d702142ee,9,3:15.5 3:22.5 11:29.99 21:49.99
afa62f6e-28f0-4222-9a2a-c363e847fc5a,9,13:209
afa9a9b9-d8f5-4ddf-8eed-34429a520a77,10,1:232.5 14:164.06
afaa8402-ec01-498f-be11-4c78fe2f1580,10,24:37.2
afb02793-8445-447b-b396-3b96e9838dc9,9,10:67.2
afb8d946-2ee2-493a-b32d-1bbbe6ca1aee,10,10:180.38 20:299.99 21:188.35
afd4cd47-60c8-41b1-98f5-1329c8a17cfc,10,11:13530.76
afd6ddca-5488-4d06-aca4-d03f7782e41d,10,19:68.68
afe41062-866d-43d7-9f3f-9cd2e3958466,9,2:22.52 4:19.21 6:29.19 19:26 29:17.5 30:27.99
afe54e70-9cb4-4bd0-adc6-981c35d6a437,10,18:30
afece3fb-6bff-4a79-816b-7a8a2c8977f6,10,3:31 16:54.95 21:54.95 27:40
afece3fb-6bff-4a79-816b-7a8a2c8977f6,9,7:22.79 11:24.5 17:24.32 18:23.99
afed460e-5a94-47d8-a871-ed4cad33c350,10,10:60
afed460e-5a94-47d8-a871-ed4cad33c350,9,3:30 24:31
aff03bca-5f13-43e7-819e-5741ee42508a,10,2:75
aff03bca-5f13-43e7-819e-5741ee42508a,9,10:16.99 14:13.5 31:15.5 31:16.5 31:21.5
aff2c105-b865-432b-9604-7f719bc975e7,10,10:17.52 24:14.52
aff6061e-f79d-4dff-b958-5431615ce1c4,10,10:47.51 10:50 18:51 23:60
aff6061e-f79d-4dff-b958-5431615ce1c4,9,3:14.5 4:21.5 7:41 10:29.99 11:29.99 13:12.5 24:15.7 24:32 25:25 25:31.99 28:18 31:20.5 31:27
aff81eba-b7db-419c-b0a7-ff21efb74c75,9,17:51.6
aff92866-a7ab-4b30-9fc7-c6c786d100f9,9,29:38
afffb200-c3a0-456e-8852-4f52871bb1ce,10,25:90
afffb200-c3a0-456e-8852-4f52871bb1ce,9,27:41
b00b7b5a-9fab-450c-9ff2-2db2f350b238,10,16:103.5
b02e06ac-eca3-464c-8e79-d4338c3c1066,10,26:20.5
b030b230-505a-4325-8656-dd6518d42c21,9,7:104.5 20:147.5 23:100 24:102.5 27:132.5
b033495d-13e1-4a26-b033-b528d1f6fc5c,10,4:160.5
b036b623-880a-481b-acf7-0030221048bf,10,20:52
b036b623-880a-481b-acf7-0030221048bf,9,3:24.99 10:10.02 10:21.95
b039357d-2bcf-4e4e-b540-1f4b84064462,10,1:24.99 6:35.74 15:26 22:41 26:26.44 31:48.68
b03f204c-169b-4e4e-9305-1423c792413f,10,1:60 3:52 8:81 10:75 12:60 15:105 17:69 18:74.99 20:66 22:70 30:88
b03f204c-169b-4e4e-9305-1423c792413f,9,2:19.5 3:21.5 8:29.49 9:20 9:34.88 10:21.6 16:15.25 17:20.4 17:24.99 17:28.99 17:34.99 18:28.99 19:21 20:19.75 24:20.4 25:29.67 28:19.27 30:8.5 31:16.8 31:21.5 31:26
b0434fa8-1b40-4264-b891-f9a82efe036b,9,6:118.57 10:152.49
b043ccdb-ab77-4f84-b652-3f7b9f75d253,10,9:65
b043ccdb-ab77-4f84-b652-3f7b9f75d253,9,16:18.85
b046592a-62c8-4b64-94b8-4b595eb3e698,10,1:40 2:27 8:45 24:40 25:25
b0472cc5-081d-4748-a6e1-871443416d5d,10,1:360 2:400 3:313.41 3:336 5:300 7:317.41 7:335 7:539.99 8:349.99 8:349.99 8:539.99 9:349.99 9:539.99 11:539.99 12:539.99 13:318.91 14:298.71 15:360 16:293 17:315.41 17:539.99 17:568.95 19:539.99 23:329.99 23:335 23:349.99 23:365 23:365 25:345 28:332 28:360 30:350
b0472cc5-081d-4748-a6e1-871443416d5d,9,23:179
b04d4a96-bb1e-4ac6-9a7e-6753d358a41c,9,11:14.43
b056b385-1c60-4a2d-8495-79dbbe8eb773,9,13:1961.69
b0613b6b-169e-4347-8715-f6278dca626b,9,13:27.88 17:25
b0686988-223e-417f-aa32-1b11e9f40f72,9,19:70
b06aff08-1197-4c2c-8831-c591dd237f13,10,8:60 12:90 27:79.99
b06cb342-763e-485c-b312-5eabd6fc6f53,10,1:131.79 1:131.79 1:150 3:105.05 3:136.3 3:138.8 3:145 3:150.5 4:179.89 9:166.01 9:172.5 9:179.89 11:139.5 11:160 14:150 15:179.99 15:197.5 17:145.62 17:152.5 18:155.5 18:185 18:202.5 19:152.5 20:174.99 23:145.5 23:152.5 24:153 24:155 24:175 25:150 25:175 26:138.5 26:180 29:150 30:152.5 31:152.5 31:152.5 31:155.01 31:156
b06cb342-763e-485c-b312-5eabd6fc6f53,9,1:54.27 3:58 5:45 5:61 6:61 11:46.02 14:70 14:90 16:54.99 17:82.5 20:77.57 20:89 22:75 29:55 31:80 31:100
b07a455b-4cef-4699-8b6a-d0dfa1a8f060,10,3:26.4
b07adf55-8bba-4b5c-a6c2-b3181b6a8ff9,10,18:530
b0831c4b-bb23-4f97-972e-f5941dd0f9bf,9,17:74.99
b08572ec-fcf6-4ca7-a8e0-16f60421a773,10,17:70.69
b08925e8-e5fa-4f22-b733-9e3b6f21030a,10,8:6301
b0897581-700e-4142-9aa9-4821511e5e26,10,7:10.75
b08b914e-dda3-4d8d-86a5-8a0b95f06a60,10,19:27 21:40.09 29:29.99
b0902edb-8e7d-4623-837f-99d2334d5416,10,26:90
b0902edb-8e7d-4623-837f-99d2334d5416,9,31:60
b09cdf82-5788-40c3-a972-33d29eea73c3,10,17:45 17:49.99 18:39.99 23:39.95 31:30
b0a01dde-7292-485b-b1d5-ee1763167b0d,10,24:31
b0a29160-d9c9-492d-a372-7590d488cb7f,10,13:82.03 21:23.5 25:20.5
b0a401dc-c524-4809-b100-251b8edc8ea2,10,14:167.5
b0b8c54d-0a38-49ba-be40-133faf906342,10,1:100 5:85.37 5:106.78 6:100 8:81 8:86 9:100 10:98 10:115.99 12:76 24:81 24:81 24:86 24:91
b0b8c54d-0a38-49ba-be40-133faf906342,9,1:65 10:26.52 13:56 16:33.02 25:49 30:39.99
b0c0271a-21f3-46a5-a815-6f26de86c5ed,10,17:166.49
b0c0271a-21f3-46a5-a815-6f26de86c5ed,9,6:65 12:61.56
b0d8c1f5-a747-464c-a387-7a7aa5d659ab,9,29:40
b0dad256-a635-42b7-b676-1f75cf8d0a06,10,3:67.2 3:76 3:78 5:103.5 10:144.31 16:70 16:84 24:162.5 31:90
b0dad256-a635-42b7-b676-1f75cf8d0a06,9,5:33 5:36.02 6:34.99 12:30 20:19.85 20:30.55 22:26.99 24:37.2 28:10.5 31:24
b0eb760a-5693-46f4-abfb-4774e7bd8ae8,10,27:70 31:40.8
b0f3967b-f4eb-42d4-b831-eb779cd95d91,10,3:125 10:60.98 26:165
b0f9e5f4-5b79-4833-819f-72c0d49d438e,10,9:31 20:36.01 21:54.39
b0fd0ff6-8a0c-448f-835c-0356ef806f8c,9,10:16.24
b100b8a3-9b0e-4d37-bd63-42cb5f066915,10,17:72 30:200
b100b8a3-9b0e-4d37-bd63-42cb5f066915,9,2:46 2:47 3:47 5:47.99 8:26 8:44.99 13:28 31:35 31:47
b105daf1-f5c5-4367-b6b9-12f340b4ce36,9,24:33
b108c4ac-06ab-4587-9895-72065d334486,10,17:26
b108c4ac-06ab-4587-9895-72065d334486,9,10:24.5 11:18.5 21:27.01 24:24
b10bde1f-ca47-4881-b8e4-d98b6c2bf0da,9,14:37.19
b11464e9-c4ce-4cc0-aa3a-cea5dd65f51a,9,25:73
b11a8600-1c83-40e6-ae28-3ae35edd99c1,10,1:345 1:356 2:370 2:375 2:380 3:335 3:342 3:360 3:365 4:320 4:360.17 5:370 5:415 6:365 6:365 7:365 8:340 8:375.5 9:274.27 9:328 9:350 9:360 9:379.99 10:305 10:320 10:330 10:365 11:429.99 12:300.5 12:328 13:305 13:330 13:340 13:350 13:375 13:375 14:325 14:400 16:415 17:335 17:335 17:340 17:530.28 18:340 19:329.39 19:370 20:325 20:385 21:349.99 21:358 21:395.88 22:360 22:370 23:335 23:343 23:360 23:386 24:311 24:350 24:365 25:369.99 27:340 27:350 28:300 28:310 28:340 29:300 29:330 29:380 29:385 31:222 31:325 31:340 31:385
b11a8600-1c83-40e6-ae28-3ae35edd99c1,9,3:190 3:200 4:151 4:163.5 4:274.88 5:202.5 6:170.5 9:167.5 9:186.4 11:200 11:215 13:163 16:190 16:210 17:152.52 17:200 17:210 21:165 22:202.5 23:200 24:214.99 26:202.5 27:185 28:183.6 28:242 29:80 31:162.5 31:165.5 31:184.99
b11dd2c4-3286-4dbe-97bb-cf0625db5aca,10,3:22.8 13:149.99
b11fed63-620f-4c36-834d-49055c60151f,9,17:26.4
b1201ffa-b418-473b-9bbf-c9878f77c2a6,9,2:1500 6:1036.56 11:1082.34
b125af6d-7c50-44b0-a945-5081da933e80,10,18:50
b135799e-cde3-4357-bfd5-e4cf79d0325f,10,30:61
b13b5db6-96e9-4629-b0f0-5fcd3734ce15,10,7:21.5 11:12.62 15:17.52
b1428f3d-3258-4969-9b1a-6d98ef30be33,10,2:25 3:26 29:59.23
b1428f3d-3258-4969-9b1a-6d98ef30be33,9,10:11.02
b143ada0-2a0f-44f9-8f55-05ba1ab543cf,10,5:36 14:33 17:17.27 19:30 24:24.5 24:27.6 26:40
b144dcd5-571b-4100-ba9b-644764c53c4b,10,18:25.06
b1454dc4-ac73-4c48-afc3-6abecf85c072,9,25:41
b151dcfa-f07e-49a8-9021-1b5cf8afccfb,9,2:267 17:275 20:400 30:305
b1523872-2d5a-4a1c-a804-5054d8b9f74d,10,1:148.5 2:127.5 5:130.5 5:170 24:142.5 31:157.5 31:200
b1543fdb-2532-490e-8aa3-c61f0700f410,10,4:299.99 24:299.99
b1569017-ba87-4afb-8fa6-f7d95a343b75,9,29:45
b165cf37-8e7b-47f8-916a-61ea77090456,9,18:249
b166c49e-6c53-4bf9-919b-d9fc960c98de,9,29:120
b1735a35-6d9c-434c-b414-2719bfcacd32,9,20:329.99
b1792af8-be49-4ed3-9769-ade7f61bb6f9,10,5:140 9:70 24:37.2 26:42.5
b1792af8-be49-4ed3-9769-ade7f61bb6f9,9,21:13.5 21:15.02 21:15.03 31:16.5
b17d6b9b-4950-4dca-a6a9-8d89b4252671,10,19:40.65 27:31
b18dc78d-7c01-41fb-9a70-0133c6d0c55c,10,10:120.26 12:173.14 17:224.21 18:191 25:195 31:93.92 31:158.03 31:160.76
b18fc20f-5393-4974-a76d-2eb7c25d168c,10,11:122.07
b1916726-4503-4531-946a-5602c70bf0f4,10,3:135.5 8:150 9:137.5 17:249.99 18:235.67 22:180 24:162.5 29:150
b1916726-4503-4531-946a-5602c70bf0f4,9,17:46
b1a3ce85-73ce-4e3a-824c-1045041306d5,9,7:99.99 17:52.8
b1ae729b-8c47-4608-a4fc-7cb4ed671321,9,23:140 25:117.5
b1bcddbf-179f-4598-bce3-f31edd825266,10,9:51 9:92 14:86 28:75
b1c2db43-b054-40e8-ab36-20e9e679d0ca,9,26:66
b1c46e7c-69d5-45f5-89af-afb7a4bfd335,10,1:64.99 7:34 17:35 18:31.01 26:26 30:27 31:40
b1c46e7c-69d5-45f5-89af-afb7a4bfd335,9,5:15.5 6:18.5 8:25 10:7.5 18:15.5 28:10.5
b1c831fb-a1cd-434b-95d3-a1f4f86956eb,10,8:17.52 20:30
b1c85a69-e55a-4cbc-8dd8-a9f674bde54b,10,6:154.72
b1c8caef-307c-4e5b-9222-fd2f0cceeecb,9,7:83.65 14:67 14:93.65
b1e8c325-eac8-4c55-90ca-6656c97a8f93,9,23:1700
b1ef336d-9e13-4ee1-b46e-b0d618285fd9,10,26:61
b1efd010-d981-4467-9fe8-6a00ce58991c,9,20:217.11
b1fc066e-6fac-4f9d-95df-d6ccb6c4ed46,10,1:37 1:41 2:32.02 2:40 2:40 2:46 2:51 3:41 3:43 3:48 3:74.83 4:38.01 4:39.99 4:39.99 4:57.98 5:33 5:43.62 6:33.3 6:36 6:38 6:49.99 6:54 6:56 7:37.99 7:49.99 7:56 8:34.67 8:44 8:45.5 9:53 10:35 10:39 10:50.51 10:69.99 11:28.02 11:28.02 11:29.01 11:34.5 11:35 11:41 11:42.09 11:44.3 11:51 12:30 12:30 12:37.62 13:34.99 13:35 13:35.5 13:38 13:39.65 14:34.99 14:59.99 15:36.69 15:37 15:37.51 15:39 15:41 15:42 15:44.99 15:46.99 16:38 16:41 16:51 17:22.5 17:22.5 17:25.02 17:26.02 17:31 17:38.95 17:44 17:47.12 18:31 18:32 19:39.99 19:44.39 20:33 20:42.99 20:59.99 21:27 21:45 22:41 23:35 23:40.51 23:50 24:27 24:32 24:36 24:40 24:45 24:55 25:37.99 25:38.99 25:49.99 26:32 26:44.99 27:30 27:30 27:35 27:36 27:39 27:80 28:35 28:44 28:50 29:30 29:32.02 29:41 29:50 29:54.49 30:37 30:46.99 30:55 30:60.85 31:32 31:38 31:39.99 31:41 31:44.28 31:54.76
b1fc066e-6fac-4f9d-95df-d6ccb6c4ed46,9,1:28 2:15 2:28.79 3:21 4:20.5 5:20.52 5:21.52 6:20 6:24.5 7:15.99 9:15.99 10:19.37 10:24 11:25 12:20.5 13:21.5 13:25 13:26.95 15:25 16:20.52 17:20.5 17:20.5 17:25.2 19:17.15 20:19.99 21:27 21:28.88 22:15.5 22:24.83 23:28.88 24:16.5 24:18.52 24:26 25:29.99 25:35.02 28:24.81 31:20.5 31:31.15 31:32.86
b1fcbb7b-2996-4f7f-97f8-059c805331fc,10,12:320 21:300
b1fed9cf-283f-4215-ba77-81fa7a07f187,10,9:282
b1fed9cf-283f-4215-ba77-81fa7a07f187,9,6:149.99 10:142.5 26:127.5 31:133.5
b202cf42-7366-4024-9ad8-a9a7281a0788,10,22:235.2
b214a173-d44f-403e-98d5-b1df4de489d0,10,3:17.52 7:19.99 17:11.61 23:14.5 23:17.52 28:12.5 28:13.02 28:14.02 28:14.25 28:16.25 28:17.52
b217cb81-a475-4f1d-a565-e3ff1c07915d,10,15:67.15 24:39
b217cb81-a475-4f1d-a565-e3ff1c07915d,9,13:17.5
b21a6580-9cb7-4f9e-9fe6-a4fbbbddf094,10,1:25 7:23.23 12:30 18:19.01 26:20.02
b21a6580-9cb7-4f9e-9fe6-a4fbbbddf094,9,10:14.99 23:13.5 30:10.02
b21bc7e1-c620-461d-be7d-a947ab17e88f,10,8:81 31:67
b21cbeed-9b2a-4397-8c68-79461ed4b49b,9,5:17.5 29:15
b22b04b1-6a8f-4750-9bb5-70c89b8c2092,10,24:1000
b22d7bb9-9373-4923-861b-f5d4ce9a9e32,10,5:39.98 10:24 11:27.66 17:18 19:28 19:35 29:26 30:25 31:19.99 31:19.99
b22d7bb9-9373-4923-861b-f5d4ce9a9e32,9,8:16.02 14:15.04
b2397c6d-adf6-4c59-a626-43e45d9a1748,10,29:152.32
b23990da-e6c7-4a02-890f-f50c843205de,10,24:290
b23cd80b-5773-49b1-98b9-6afde75980db,9,29:15.5 29:15.5
b25048c5-6e9f-4dd4-be31-86c38dd9d3aa,10,3:62.4 4:43 9:36 13:40 16:45 19:76 24:38 24:78 28:40 30:60.49
b25048c5-6e9f-4dd4-be31-86c38dd9d3aa,9,24:20 29:13.39
b25fd555-7d71-48b4-a4e9-9375e65a4644,10,5:210
b26d5d83-a26e-4b69-bf5b-ee431d80c1b6,9,30:13.01
b2740b58-bdc9-40bc-8f6d-c82d26369b9a,10,1:49.99 1:51 3:70 4:80 13:103.74 19:35.75 20:49.99 20:50 24:58 26:75 26:79.99
b2740b58-bdc9-40bc-8f6d-c82d26369b9a,9,5:14.94 8:14.94 8:15.5 10:14.94 10:19.2 12:13.02 17:15.5 17:16.5 18:14.99 20:15.5 22:30 23:13.04 23:18.5 24:12.5 24:16.5 28:15.52 28:17 28:17.5 28:37 29:16 30:15 30:22.99
b278f6ee-e810-4e6e-95d3-3f1b441d5b8c,9,5:21.99
b2844023-0d22-4366-a2da-97a62f2e637b,10,3:110.4
b28e738a-30cc-44e4-b45c-25527864ba8f,9,15:39
b29bea4c-9a23-4cc6-bb3d-585acce22ae5,10,19:355
b2a0069d-416a-4fc0-b613-14bbaae12e0b,9,16:25 24:29.5
b2a62a0c-cdea-4539-80c4-16efa92da76d,9,1:292 7:330 24:324
b2a92f42-d12c-4e31-b15c-3e12d08040b6,10,7:88 23:69.99 23:71 31:61
b2a98769-8126-499b-a267-2967675f90b7,10,1:34 1:36 3:35 7:51 16:30 21:15 23:30.99
b2a98769-8126-499b-a267-2967675f90b7,9,2:13 3:15.02 5:14.5 5:15.5 7:15.9 8:15.9 13:12.5 22:9.99 23:15.95 24:13.02 24:13.02 25:11 26:14.53 28:17
b2ae1921-b938-42ba-b5f9-ec118df59ec3,10,14:30
b2b675c7-3389-483d-9834-41598193d622,10,2:51
b2bcc22c-b583-45a0-a392-cb726082ba82,10,25:100
b2c7e647-f4d7-4351-afd3-3f91a02fe7e3,9,3:17.5
b2cc95e3-42e9-444d-a95e-99da30071cf4,10,3:135
b2cc95e3-42e9-444d-a95e-99da30071cf4,9,6:21.51 14:22.99 15:47.14 19:14.52 19:21.5 24:25.2
b2d22af1-4bac-4283-a4b9-2a74371b0077,9,26:27.5
b2d3f1d1-032d-4766-98cf-2e4501912b15,9,4:125 6:96.51
b2d7f71e-2315-4541-b090-37355c4e5e60,10,3:54 3:89 3:94.8 10:67.2 17:52.5 18:80 30:94.99 31:55.2 31:89
b2d7f71e-2315-4541-b090-37355c4e5e60,9,3:41 4:30.95 4:36.03 5:45 8:35 9:42.08 10:25.2 13:36 17:34 17:36.02 18:36.95 24:22.8 24:24 24:40 25:35.02 26:35 31:28
b2e08d05-2ae8-4787-9075-6945844caff1,10,24:160.5
b2ec66df-3371-4590-b559-47afbccb7bc8,10,16:328
b2ec66df-3371-4590-b559-47afbccb7bc8,9,3:67.54 4:105.5 10:107.5
b2f18f93-03b6-4c11-8d16-3386f4eede10,10,29:30
b2f18f93-03b6-4c11-8d16-3386f4eede10,9,29:11.5 29:12.5
b2f3d433-a243-4104-a35b-b41300e2507e,10,10:1140
b300545c-4a4b-4c78-a8c1-9251e8b8c8d1,10,17:25.2
b310954c-cc64-449c-990c-eb594145c580,10,3:76 9:82 21:90
b310954c-cc64-449c-990c-eb594145c580,9,17:49.2 22:46.55 24:31.2
b31c9fe3-92ee-420b-852f-5a07b15825af,9,29:99.99
b335f7b3-2e91-46be-85ed-fe493489cda5,9,1:28.75
b3465374-c831-41a2-8be8-81cb1ba92d4d,10,4:37.02 4:52 8:38.28 14:49.99 16:70.7 17:44.4
b346f06c-ddd4-40e7-9414-9a02dbf16695,9,5:242.5 20:319.95 30:330
b34bed75-d520-493e-8792-9a79e09903b5,9,3:200 17:276.92 31:193.5 31:209.99
b3545974-16da-412f-a0e3-816301f89354,10,5:121.15 13:159.99 13:180 19:145
b3545974-16da-412f-a0e3-816301f89354,9,25:32 31:43.2
b3576822-f0e6-4c2d-9a51-0436ab1e83b1,9,26:38.88
b360ad55-c4c3-4eb1-9eb1-e702f1b12bb9,10,3:62.4 23:85.88
b360ad55-c4c3-4eb1-9eb1-e702f1b12bb9,9,10:27.6 24:30 31:31.02
b3689052-8f18-4e08-b534-3b6ca7bb9119,9,24:300
b36e6ed4-0c57-48a0-8854-5428c2e83df4,10,30:16.5
b37238b0-3896-4b8b-8c7a-78e954544f2f,10,31:190
b37238b0-3896-4b8b-8c7a-78e954544f2f,9,31:62.4
b37508cc-cda1-470b-9c9e-e39805b758be,10,16:8.5
b37c4ffa-1930-41df-8e96-43ebd4e4a392,10,19:21.01 23:22.52
b37dfd05-d9c5-4a76-a339-685cb985c979,9,3:238.19 8:250
b37f00af-632c-4dbd-8ccf-97aab6641b80,10,7:15.5
b381aeae-1190-4388-8902-bfd75ae8d494,9,23:1425
b3841db2-b5ee-453d-a7e7-cc52062ba49c,10,31:408
b3883c13-7874-47bd-94ce-451eb072babc,10,3:91.2 5:150 15:134.72 15:145 18:142.69 18:150 20:127.5 24:235 29:118.5
b389186e-9719-4ef5-86da-cde3f3dc2a95,10,1:26 1:35 4:27.61 12:31.02 15:35 22:39.99 31:65.26
b390f801-286a-4af7-9cda-55f7ce7ff337,9,17:79.5
b391611f-6c39-481d-842d-91d1323bd3c7,10,3:26 17:199.99 19:199.99
b3961292-5148-4fd4-991d-25a5dbbb44ad,10,9:36.25
b3a16a70-79d8-4646-9ddd-57b48bed1c89,10,31:29.99
b3acb672-79cd-4bfb-a818-851a7d7f052a,9,8:375 8:599.99 12:510 13:368.86 18:435 20:450 21:425 24:372 25:455
b3adcbd5-2a01-42f1-b6b9-930a3e04f296,10,1:19.99 3:17.52 5:12.5 13:20.5 17:17 22:20 23:16.5 23:19.5 28:15.51 28:16.5 30:29.99
b3af86cc-02f3-41b9-890e-e6eb6151b1e0,9,24:18 31:12
b3b125e9-4465-415d-9e97-8cfdc6defb78,10,10:61 23:70
b3b125e9-4465-415d-9e97-8cfdc6defb78,9,30:35
b3bac047-4555-4626-acf4-cc2d4044436a,10,16:51 20:75
b3bac047-4555-4626-acf4-cc2d4044436a,9,25:36.02
b3bdbec7-f6b3-40a9-8a3f-2520551ea584,9,10:83 21:125
b3c50135-fd6d-4125-8ba8-b42b35fd009e,10,2:12.5 12:19 18:19 21:19.42 23:17.52 28:16
b3cace9a-cd84-49bf-90b0-98b819a5d0b4,10,17:18.51
b3cd7b78-f214-46d0-8641-b7642cef9862,9,25:335
b3cf3f47-30b5-407c-b133-ec2ca367176e,10,18:925
b3cf3f47-30b5-407c-b133-ec2ca367176e,9,3:201.45
b3d56bfa-5d91-44e1-a88f-23a5706ea7ff,9,1:31.36 4:20
b3e154ea-d9ce-4e59-b0cb-590244f7ddd1,9,17:38
b3ee99ba-a3ef-45a4-bcaf-ba236cc7082f,10,5:260 18:269 18:282 23:299 23:300 31:300
b3f7901d-7b4c-4a67-b909-724910502771,10,15:14.5
b3f9262d-8bbe-4328-ad16-692eb7616434,10,2:150.5 7:190 11:200 14:142.5 17:127.5 17:127.5 18:147.5 21:149.95 24:129.49
b3f9262d-8bbe-4328-ad16-692eb7616434,9,2:33 3:29.99 5:32 9:34.99 10:29.99 14:34.99 15:29.99 15:34.99 16:26 17:26 18:34 20:29.99 20:45 21:34 22:49.98 26:39 26:39.95
b40ca897-d453-4c8c-9df3-2ccaf0ed52c6,10,8:89.99
b40ca897-d453-4c8c-9df3-2ccaf0ed52c6,9,31:33.6
b414af57-04a7-457a-8a6b-ece509e90e0b,10,31:50
b4261475-c63d-4ab0-9e95-0054f3c936a3,10,3:38
b438e296-9b55-430b-a292-cf4d2fe57be5,10,24:290
b449188f-b82c-4059-be39-7cf16dc30c7b,10,2:56 13:99
b449188f-b82c-4059-be39-7cf16dc30c7b,9,1:23.35 22:19.99
b44a2218-f5a4-42ef-944e-c4a430a685e1,10,10:240.36
b45b8daa-c905-4584-8c96-d8c835bdda49,10,21:521
b45b8daa-c905-4584-8c96-d8c835bdda49,9,31:110.4
b45ce4a2-7d75-4a41-85de-a7458e48029f,9,21:51 24:100.8 31:74.4
b4657b92-1bfa-4df7-b104-c50baedc202f,10,10:324.7
b46677d1-dafa-4641-a796-9b5de8414673,10,24:276
b46677d1-dafa-4641-a796-9b5de8414673,9,31:56
b46cf5f3-087d-4e60-b865-c2f0a506d936,10,8:599.95 8:759 9:755 13:820 14:630
b46e6a33-4532-41c7-a03f-b445c686d27c,10,21:49.99
b491f3b3-bbe9-4328-88bf-a1ee5bba68e9,10,1:28 2:28 2:32 3:22.5 4:33.99 5:27 5:29.08 5:33 5:39.99 6:24.5 6:33 7:19 7:20.5 7:22.5 7:25.11 7:26.11 7:37 7:60.74 8:36 8:39 9:36 9:52 9:70 10:26 10:30 10:36 11:20.49 12:27.5 12:33 12:34.99 14:34 14:39 15:18.5 15:22.5 15:23.5 15:40 15:74.47 16:47 16:48 17:25 17:27.6 17:28 17:29 17:34.99 17:34.99 18:28.14 18:30 19:23.75 19:34.99 19:35 19:35 20:34 20:34.99 20:35 21:21.5 21:26 21:27 21:27 21:34.99 22:34.99 23:30 24:26 24:28 24:30.38 24:31 24:35 26:23.54 26:28 26:28 26:28 26:28 27:27 27:30 28:37.5 30:39.99 31:29.99 31:31 31:44.95 31:50
b491f3b3-bbe9-4328-88bf-a1ee5bba68e9,9,1:15.02 1:15.52 1:15.52 1:17.5 5:16.5 5:26 7:12.05 7:19.99 8:12.5 10:17.5 10:28.38 12:20 13:13 13:14.5 13:15 13:19.5 15:20.5 15:21.5 17:13.5 17:18.5 19:22.99 20:15 20:15.53 20:20 21:15.02 21:15.52 21:19.9 22:17.99 23:17.2 24:21 25:10.5 25:17.99 25:26 26:15.52 29:19.99 31:13.5 31:13.99 31:16.5
b49853a6-8845-4a3e-80cf-dc0f98ba0945,10,31:370
b49cca8b-cd9f-47d4-9aa4-f4e35e3f77cc,10,10:1140
b49cca8b-cd9f-47d4-9aa4-f4e35e3f77cc,9,3:150 5:110.5 10:115.2 13:110 25:107.5 26:195 31:112.5 31:126
b4d540f5-4e01-402f-9f41-2b28d8ffc238,9,27:45
b4dc07da-04cf-4cac-9e48-01109e2ced9e,10,20:925 29:800
b4dc07da-04cf-4cac-9e48-01109e2ced9e,9,1:175 4:225 6:147.5 16:206.22 17:152.5 18:185 20:162.5 22:224.99 24:198 26:180 28:246.64 30:175 31:247.99
b4e51b8a-9bcb-45ce-afd7-43212f4869a0,10,2:34 3:40 3:54.02 4:45 5:22.27 5:28.8 5:30 5:34.51 6:14 11:26.5 11:34.63 11:50 16:33.99 17:40.99 18:68.4 19:37 20:43 21:35 21:45 21:71 22:46 24:31 24:35 24:39.95 24:45 25:50 26:34.99 26:35 26:50.54 28:54.97 29:43 30:32 31:37.5
b4e51b8a-9bcb-45ce-afd7-43212f4869a0,9,2:27 4:12.5 5:15.02 9:15.02 11:8.5 13:20 13:26.5 13:38 16:15.5 16:18.5 17:12.5 19:24.99 23:17.49 23:23.5 26:18 29:24.99 30:24.99 31:12.1 31:17 31:35
b4e73691-9dd5-4cb1-9437-229502db6935,10,4:480.22
b4ec3c11-d492-4c3c-b31c-5cc37606c15a,10,3:51
b4ec3c11-d492-4c3c-b31c-5cc37606c15a,9,21:32.95
b4ece1e2-3662-48b4-8770-ea3986b4b900,10,18:36
b4f3ac65-fe0e-4674-b35b-0735e0c07d78,10,5:24.06 10:72.16
b4f43d86-8bdc-4e82-b77a-fada6187216a,10,11:69
b4f50b20-7ef9-4425-ab61-63f98211052c,10,2:199.99 5:202.5 9:163.5 9:172.5 9:177.5 9:199.99 11:240 15:143.5 20:153.3 22:181.5 22:182.5 22:193.5 22:202.5 24:180 25:137.5 25:152.5 25:164.5 28:210 29:200 31:205.5
b4f70532-c818-4778-97f2-324944688bed,10,26:77.5 30:50
b4ff78be-1bc7-473a-bc9d-ecd61eae458e,10,3:56
b4ffda58-238e-4084-8c10-72a34739588a,10,27:76
b50071dc-a6c2-4781-9e44-aae0f788cf90,10,21:11.61
b50566d6-a6a8-4060-aa80-54d80afa6c87,10,7:137.67 19:139.51 21:152.5
b50566d6-a6a8-4060-aa80-54d80afa6c87,9,5:59.99 15:94.5 24:37.2
b511d89c-04b6-465a-b8ff-5a47105c6e3e,10,25:366.55
b511d89c-04b6-465a-b8ff-5a47105c6e3e,9,3:46.8 20:49 29:99.99 30:114.95
b51724d8-9bba-4e44-ab24-c9206911dd35,10,3:26
b51724d8-9bba-4e44-ab24-c9206911dd35,9,2:9.02 5:27.99 14:14.1 14:24.95 17:15.6 18:13.52 27:31
b51cd32d-3cb9-4164-8f7a-130b24e78a80,10,5:41.19 10:31 28:35
b522345b-dbea-4db6-a9ad-014ffedd5337,9,12:65 31:49.2 31:50.4
b527fde4-1460-4648-9ec1-c284fb0deb0d,10,6:269.99 8:69.95 17:69.95 17:72 18:79.99 20:88 21:77.7 24:86 27:74.5 28:80 28:80 31:65.04 31:78 31:81.6
b5287781-8f29-495f-8f76-9bcae15ef93e,9,10:120.26 29:102.5
b528926b-e160-4fde-a8bf-f12f5501a082,10,13:92.73
b528b833-de8d-4e04-8986-253df18cc2e1,9,28:181.25
b52d8442-cd31-49d0-97d3-f80b7f59ad26,10,12:102.5 31:169.26
b537b37e-d5c5-4e37-a004-2153b6090a7e,9,3:13.5
b5389961-0f1c-4835-92d3-8cb2fa502264,10,13:100
b5512fa3-5605-4a2a-9e4c-17bdbf58be46,10,25:25 26:28 27:38.49
b5587932-24a3-4699-bca3-213bf42ca71b,10,2:50 10:74.5 10:81 10:115 13:96 14:129.99 31:56.19
b55ada68-815f-4cb3-b3d2-c414fee36867,10,3:32.4
b56a1185-a0cb-4fef-b547-25ec48bb4394,10,10:86.4
b56a1185-a0cb-4fef-b547-25ec48bb4394,9,24:20.4
b56ae458-25cc-41d6-850b-af09cfa92f28,9,18:10.5
b5717d01-0ae3-493f-a60f-209e1716d0d5,10,3:66.55 4:95 5:87.99 11:128.68 12:77 13:87.99 16:117.84 17:74.4 25:81.8 26:74.99 29:61 29:70 29:74 30:70
b5717d01-0ae3-493f-a60f-209e1716d0d5,9,3:10.5 3:67.72 4:42 5:25 5:41.7 6:15 6:21.5 6:25 6:30 6:31.69 10:9.52 10:20.5 10:23.38 11:20.5 11:20.5 11:29 12:9 12:11.03 12:13.5 12:15 12:15.5 14:20 16:24.99 17:32.49 18:17.5 18:18.5 18:24.99 19:24.99 20:17.48 20:20.5 21:49.99 24:19.2 24:20.5 24:30 25:28 25:28 25:44.99 26:25.99 26:25.99 26:29 26:32.49 27:28 28:20 28:23.25 28:25 28:25.99 29:42 31:34.99
b58205e2-a913-4104-a4be-981d2a57cbf4,10,4:14.41 5:12.5 7:13.22 17:21.5 17:22.5 18:12.5 18:12.5 23:16.5 28:12.5 28:16.5 29:15.5
b5900127-7016-4f50-8404-a395412f21d1,10,7:415.3 18:599.95 19:470
b5906129-7919-4b9b-a45e-5d9c31031dd8,10,19:44.99
b5906129-7919-4b9b-a45e-5d9c31031dd8,9,5:22.12
b592ff80-b222-4168-9dac-fd5c585eeb24,10,28:170
b5988684-9c8f-406e-b80f-668d630e75ff,9,3:249.99 22:358.47
b5a342d7-6aae-41f4-855a-5f00cba250fe,10,3:17.52 4:22.5 10:17.52 20:23.99 24:22.8 26:15 31:17.5 31:23.95
b5adaa90-38dc-410d-bac6-84f6e763e20b,10,11:99.95
b5adaa90-38dc-410d-bac6-84f6e763e20b,9,9:20
b5b145f4-24b3-4575-a692-b453d5ce9baa,10,3:275
b5b1989c-b67a-404d-8579-62e3a9372497,10,15:15.5
b5b3bec2-c481-4157-a6f8-700cc47599a1,10,31:300
b5b6fd8c-84dd-4185-9745-39651ee73807,9,17:348
b5bf29e7-e5c2-41bf-ae2f-a2a042495277,10,1:182.5 31:170
b5bf29e7-e5c2-41bf-ae2f-a2a042495277,9,14:126.3 31:74 31:93
b5bfe1db-002d-48c0-b5ea-d77ddde27391,10,18:32
b5ce4ae4-5547-4d99-af46-bfe2f8b8b014,9,10:206
b5d98a95-b45b-45e9-9e2b-0636d59588b9,10,11:841.82
b5e412f3-31c4-457b-a795-3322fbed1156,10,1:50 14:44.99 16:59.99 22:40 24:36 25:57 26:39.04
b5e412f3-31c4-457b-a795-3322fbed1156,9,3:24 4:14.39 5:19.99 17:13.84 26:15.54 26:15.55 30:10.5
b5f7f62d-a76e-4be5-b273-cd7bc1850fcb,9,4:36.02 21:36.13
b615ab51-1fe6-4f50-856a-c647d977bee5,10,1:47.5 3:26.95 3:37 3:49 4:52.5 4:59.99 6:52.5 7:58 10:49.59 10:57.6 11:33 15:26.95 15:32 15:39.98 15:48.69 16:39.99 16:42 17:38 17:39 17:40.02 17:45 19:44.95 23:40 23:51 23:53.75 24:26.95 25:32.5 27:41.02 28:43.77 29:45 31:36 31:45
b615ab51-1fe6-4f50-856a-c647d977bee5,9,2:15 2:20.5 3:16.5 3:20.1 6:30 10:20.51 10:26 13:29.99 16:30.83 17:20.5 21:31.08 24:31 27:20 29:18 30:28 30:39.08
b6183137-ce34-4f6f-9b53-6a559b2d3bff,10,1:139.54 3:169 9:249.95 12:178.5 12:200 20:190 25:150.5 29:167.5 30:200 31:168
b6183137-ce34-4f6f-9b53-6a559b2d3bff,9,2:45 10:41 31:43.2
b61d7f3a-884a-49c4-a597-cfcfa43be930,10,16:1582 31:1250
b61d7f3a-884a-49c4-a597-cfcfa43be930,9,5:120
b6263069-f726-4abc-a18b-204f9b54130f,10,26:38.21
b62d3657-c104-4de9-87c8-bcd8f578e408,10,7:33 10:174 13:38.99 17:24.32 24:24.15 24:56.6
b62f1870-87b6-4e5e-941b-48c1c13a7508,10,16:31 19:42.63 21:30.99 23:42 24:42.85 27:45
b63026ae-b52c-48fd-b010-9a6f55924f15,10,2:200
b63809ee-dc22-4193-844e-840086eb8438,9,3:265 6:350 7:327.53 17:290
b63aed35-e750-43b4-a812-dd41e3926205,10,27:150
b65958af-9a2e-4ec9-891d-b926ddee2783,10,11:16.52 18:12.5 23:34.99 25:22.5
b65c6fa2-af64-47d6-a78b-a014cb940be6,10,4:26 6:41.01 17:30 20:34 26:68
b65c6fa2-af64-47d6-a78b-a014cb940be6,9,18:20.5
b666f35a-558a-4b02-8522-692f51fd139b,10,26:81
b6742a79-09a4-4498-affb-84c196f9a9db,10,2:23.5 3:21.38 4:20 5:28 5:33 6:18.52 6:20.54 6:47.43 10:20 10:20 10:36 11:18.5 11:18.52 11:26.99 12:19.5 12:24.5 12:30 16:20.5 16:24.99 17:18 17:21 17:21.5 17:21.5 19:24.99 20:31.03 20:31.03 22:32 23:34.95 24:15.49 26:15 28:25 30:18.52
b67f5762-560c-4a6d-9a22-e67bb7e8bbe6,9,1:62.5
b68998b6-cc11-4fec-9ada-f4c37ac80b71,9,13:73
b6a4ff1d-fb8a-4f20-84e1-b99bef5ddd61,10,24:260
b6a4ff1d-fb8a-4f20-84e1-b99bef5ddd61,9,2:26 5:46.57 24:38.4 30:42.59
b6a6c84d-cb5e-42f6-b5ae-3ab9b755f074,10,1:117.5 17:134.25
b6a6c84d-cb5e-42f6-b5ae-3ab9b755f074,9,9:60 16:69.95 29:69.99
b6b179ae-085e-49c5-a455-cfd29ca964ab,10,30:108.29
b6b179ae-085e-49c5-a455-cfd29ca964ab,9,3:17.52 15:19 22:16.55
b6bd5b6e-abdb-41a5-8991-c935018d1ccc,10,29:125
b6c8cc51-cb60-4505-9480-e4a0409ca124,10,11:50 17:50 17:56 20:65 22:40 23:45 26:72 31:36
b6cd8b8c-b3ba-4f08-b03e-7495e51c230f,10,7:70 20:15.5
b6d29a8d-1f61-47c5-b720-6307f872869c,10,20:72
b6d29a8d-1f61-47c5-b720-6307f872869c,9,16:30 17:13.01 21:22 26:27.99 31:15
b6dc6509-de29-49cf-8328-760bbf5d365e,10,2:237.71 6:255 9:220 11:225 12:195 13:249.99 14:210 15:230 16:219.99 17:232.5 17:232.5 17:240 18:192.5 18:314 19:269.89 20:270 20:320 22:274.69 24:230 24:250 24:288 24:300 30:235 30:240 31:216
b6e20a96-edae-4b6f-ae21-af7218034628,10,31:400
b6e20a96-edae-4b6f-ae21-af7218034628,9,1:279.99
b6f16d77-d215-4a6a-9571-56ced86eeca2,10,2:150 2:175 21:199.99
b6f16d77-d215-4a6a-9571-56ced86eeca2,9,4:41.02 10:26 10:28 10:28 10:29 11:26
b6f48420-f273-41ec-9fbf-21ecdd1f396c,10,2:259.01 3:275 6:375 8:389.99 13:250 19:255.02 22:325 24:300 27:350
b6f48420-f273-41ec-9fbf-21ecdd1f396c,9,2:160 4:160 5:160 17:132 27:155
b6f567aa-5ed8-4a99-8664-36f5107f2ff1,10,31:36
b6f567aa-5ed8-4a99-8664-36f5107f2ff1,9,2:13.5 7:24.16 17:10.5 21:22.5
b6f69abc-bc6c-4bac-bbca-31361192821e,10,4:142.5
b6fa1953-7079-45c0-85b2-cc585f54e49c,10,4:685
b6fa1953-7079-45c0-85b2-cc585f54e49c,9,2:55 14:42.11 17:49.2 18:32
b7013a31-83b3-4bc3-99d2-ce6159498ddb,9,22:38.79
b70637d2-a385-44b3-bb74-2a8bf063ed5e,10,16:190
b70637d2-a385-44b3-bb74-2a8bf063ed5e,9,28:70
b70f2cc3-6eab-490b-944c-50e87b52e3c9,10,7:26
b7145925-fc46-4d71-b0bf-ec76644902c2,10,24:74.99
b71e5fbb-1ff1-4580-83ce-3e9786b6dfe4,10,25:230.05
b71f7724-94f0-4ea2-9aa8-9d552c246cde,10,26:73.88
b71fefd4-73ea-451e-abe6-d3e50d793fab,10,4:40 10:36 27:31.07
b721b0ab-c186-45a1-a712-fff7106d3b37,10,3:36
b7229c03-f1a2-48d9-b71c-6f112d466763,9,19:10.81
b72526b8-ddc1-403b-88ad-6cccfa9f5941,9,1:67
b72533c2-5d59-45b8-9335-614b6fed2211,10,19:27 21:19.99 23:29.99
b72552a3-e2b8-4806-ab74-4492067ba0e3,9,9:25
b72a2ef2-a4c1-4806-b9f5-f5ffbb59de9b,10,3:306
b72b24f2-3643-40f9-925e-f4869222ac13,9,15:75
b731ba10-362a-4680-a037-831f35c1ad25,10,25:370.88
b739c0f2-0c8c-4393-8112-b4e1eba93164,10,29:199.99
b739c0f2-0c8c-4393-8112-b4e1eba93164,9,29:16
b73b7ed1-b063-492c-a7e4-2bcbd54b7a00,10,7:25.01
b7555ce6-c35b-48a9-a889-741337fd46cd,9,16:28
b765045d-a645-4686-b34f-b3707e08062e,10,31:204
b7653164-8a2f-4c8a-933d-dd3a45c2135c,10,16:159.15
b7653164-8a2f-4c8a-933d-dd3a45c2135c,9,14:34
b76c87ce-0f36-425e-857e-aa4a9d23628d,10,9:222.5
b7767f21-239c-4ec1-b79e-bba4d921ccf9,10,12:29.99 15:22 16:18.25 25:33.11 31:22
b779afb5-6922-4a6c-b9e0-96c147679319,10,9:22
b7882cf1-ad69-4b71-8fcb-7ac43bb8ca92,10,2:79.99 15:24.5
b78f4b6d-d4f7-49b1-a484-ee5e1be44f5e,9,26:37
b79a0986-6b57-4ce8-9d77-bc85f9abc2c3,9,3:200
b7a3e8d3-613c-43d5-8cd4-ae89c52b1fdc,10,3:132 18:175
b7a3e8d3-613c-43d5-8cd4-ae89c52b1fdc,9,1:43 3:43.99 3:44.99 3:55 4:45 12:46.01 13:34.58 24:33.6
b7c526c1-3e68-492b-ac37-46bb5ea0180c,10,3:19.5 4:26.41 5:18.5 11:24 23:17.52 24:12.52 24:19.99 30:16.05
b7c81dcc-f307-4c81-92ca-b96cde342579,10,3:33
b7ca3938-e533-4be0-97dd-09f3a48c6156,10,18:65
b7cb0807-9845-4e96-a92b-ac62e8f7352d,10,2:46
b7cdd8a1-2e2d-4642-9fec-c66774e948a1,10,7:135 24:102.5 31:100
b7d8a5f2-0d1b-4970-a4b4-0140cc8b95d5,9,20:22.5
b7dc00d4-756e-489c-9879-c07be03ca2fc,10,21:65 24:50
b7dc00d4-756e-489c-9879-c07be03ca2fc,9,1:74.99 26:59.99
b7e1aade-cc86-47f0-9eda-20293b3f2bd3,10,16:166.5
b7e79025-3149-4dba-ba1f-fe2edb28c4c9,9,10:283.99 21:268.43
b7e8cf56-06fa-4ad1-8a23-2543e87e00c7,9,10:40 22:57 27:99.99
b7f52298-52c6-41b9-9f0f-6c0ae1dc6f01,10,23:26
b7fc0db2-1869-43ae-bd04-6db735ddcc6e,9,31:10.5
b801333a-8cf8-45d0-84a6-b8433c289390,10,2:36 2:45 3:34.5 4:23.01 4:38 5:26.25 6:39.99 6:43.26 7:31 7:33 9:41 10:38.88 10:43 11:40.09 13:29.7 14:31 15:32.5 16:39 17:31 17:36 17:39.98 18:34.02 18:39 18:62.95 20:39 22:37 24:23.5 24:32 25:40 25:40 25:44.95 26:34 26:34.99 26:37 27:39.99 29:34.99 30:40 31:31 31:49.99
b801333a-8cf8-45d0-84a6-b8433c289390,9,1:21.5 2:17.5 3:19 4:13.5 5:20.5 6:19.99 6:21.46 7:15.5 9:13 17:25 17:26 19:12.5 21:24.86 21:28 22:20 23:15.02 23:19.69 24:12 24:13.5 25:11.5 25:15.03 25:25.5 30:21.99
b80623b9-a259-4bbd-996e-ce807b3ef9e4,10,3:1860 10:1850 15:2125
b80ce649-dc78-40f1-a703-fe6e861d12c3,10,16:175.5
b80ce649-dc78-40f1-a703-fe6e861d12c3,9,10:57.69
b811bd52-2546-4fe1-8046-c7657cf0bdae,9,15:200
b81ba64b-0700-45af-837c-c08f14051a7b,10,21:408
b81ba64b-0700-45af-837c-c08f14051a7b,9,17:60
b81e45a8-3ebe-4008-8af1-a4d01cd7e42a,9,22:65
b8337b12-624a-4ca0-85a4-be55564ad1bd,10,31:37.88
b8337b12-624a-4ca0-85a4-be55564ad1bd,9,24:30
b8392d42-cd37-426d-8800-7f636278362d,9,5:64
b839e0f7-d40b-4a76-8406-0c35a61ff9eb,10,24:100
b83b61f6-87ae-4612-ab64-cbcfe5ad199e,9,1:70
b844f28c-17c4-4395-85b7-c8bac9735dce,9,27:42.1
b8451990-3f63-4047-8a27-a05c21dc6dae,10,26:66
b855b8a9-1301-4f44-822d-c92669b49147,10,20:180 23:155 24:152.5 24:157.6 26:169.99 28:189.99 31:145 31:170
b85a2f8f-d67f-4538-8eaa-45de295ed983,10,1:99.99 2:83.58 3:82.84 3:87 3:91 3:105 4:94 5:86 5:97 6:130 8:87 8:99.99 8:114.99 8:137.5 10:94 10:99.95 10:123.87 10:140 11:99 12:103 13:93 14:115 14:125 15:115 16:96 16:111 17:120 17:129 21:134.99 22:81.25 22:116.37 22:149.95 23:122.5 23:142.5 24:91 24:115.2 24:117.5 25:120 25:145 27:120 28:150 29:112.5 31:110
b85a2f8f-d67f-4538-8eaa-45de295ed983,9,2:64.99 3:49 5:43 5:45 15:49.5 15:64.78 16:64.78 17:39 18:75.5 19:57 20:48.99 22:35.02 22:57 23:38 26:48.99 28:64.99 29:45
b861a92b-5fd3-46cd-ac13-695374906105,10,4:17.41 10:18.49 28:15.79
b86b5eb5-4b04-43ab-acc3-09baf4f50615,10,5:12.52 14:16.5
b86da632-9b8c-47b1-ac8b-eddf016daed8,10,9:91 10:150 11:78.17 11:114.5 16:102.5 30:158.88
b86da632-9b8c-47b1-ac8b-eddf016daed8,9,4:40 24:28.8 30:31 31:32.4 31:32.4 31:36
b8737756-1ba4-43a8-9975-4941d67ee418,10,1:49 5:38 6:41 10:42 12:37 17:42 18:47 19:50 23:36 25:52 27:33 31:38
b87431cd-bdbf-4055-b2b9-1dc83b221d5f,10,14:23.99 31:21.5
b88085ee-48f3-491a-891c-24920dd84e2b,9,6:200 11:155.5 15:399.99 19:175
b881a959-f882-43b9-95f5-a39af7ba1e99,10,4:18.5 19:18.52 23:15.38 28:18
b881a959-f882-43b9-95f5-a39af7ba1e99,9,26:10
b8837105-c3dd-47e0-a498-b2f8d088bed5,9,10:90
b88e3d19-cc9b-4895-9f1e-142bd73c6c0e,10,17:150 26:81
b88e3d19-cc9b-4895-9f1e-142bd73c6c0e,9,7:20.5
b8941365-4ad5-4212-877a-3ac79852e484,10,15:18.5
b89cf529-ebe3-4865-898e-39bb5c980bee,10,10:17.99
b89ff7cd-adb8-45eb-a589-a4228b4fe967,10,21:28.77
b8a966a7-4eb2-4496-80d4-8c7cc9755807,10,5:29.99
b8ac370a-21c5-47f5-90f8-d5edd5bf6a70,10,5:20.6 5:23.02 14:27 23:49
b8cf8d48-d5f8-4701-9c1a-4b4441877145,10,16:130.27
b8cfdb16-aa87-4a6f-9b0e-3c8a5349d300,10,4:23.5 23:15.5
b8d45763-49ae-4705-b3b1-2b87221b0ad4,10,24:67.5 31:51
b8d465dd-d96f-49fd-9acc-d35e5f671db3,9,25:22 31:14.5
b8d7b776-89f8-4b82-9da3-934c1251aed0,9,31:54.75
b8da6447-bd44-4a84-a4a2-7d0efc3a55ee,10,1:35 1:43 2:33 2:39 3:25.2 3:25.2 3:25.2 3:26.4 3:26.4 3:47 3:48 5:35.41 6:44 7:71.45 9:47 10:27.6 10:27.6 10:27.6 10:28.8 10:39 12:32 12:36.99 14:43 16:27.6 17:26.4 17:26.4 17:26.4 17:26.4 17:30 17:30 17:40 19:20.15 19:38.75 20:37 21:45.95 22:64.84 23:39.99 23:47.99 24:21.6 24:21.6 24:22.8 24:24 24:34.33 28:35.41 31:22.8 31:22.8 31:22.8 31:22.8 31:24 31:25.2 31:25.2
b8da6447-bd44-4a84-a4a2-7d0efc3a55ee,9,2:12.5 3:8.56 3:14.4 10:18 11:17.99 17:15 20:17.99 20:17.99 20:17.99 20:17.99 20:17.99 20:17.99 20:20.79 20:20.79 20:20.79 20:20.79 20:20.79 20:20.79 20:20.79 20:20.79 20:20.79 20:20.79 20:20.79 20:20.79 20:20.79 20:20.79 20:20.79 20:20.79 20:20.79 20:20.79 20:20.79 23:24.99 24:13.2 24:13.2
b8dffd72-b8bc-4018-910b-5c90371cd841,9,6:30
b8e30102-9d80-4ca3-9a41-5e43336ef7be,9,26:52.88
b8e8d0b9-4b9a-4d4e-a9c5-73c93be564cd,10,3:36 3:42.01 5:22.5 11:16.5
b8f51d6f-66ba-4a34-8ffa-2b69ee6e0a6f,9,11:12.63
b8f5eb52-f097-4a7c-9d12-f9137740451f,10,2:900 3:880
b8f5eb52-f097-4a7c-9d12-f9137740451f,9,2:115 5:108.5 7:107.5 12:51 24:110 28:185 31:90
b906ceb1-287e-4e91-a166-5074ceea2806,9,10:1170 12:925 26:823.7 26:900
b91c46b9-df9b-40d8-8bd1-e75db9a41444,9,10:510 14:475 26:406 26:431.18
b92846c9-2984-46d1-9cb3-b56a53c37c58,10,3:99.99
b92f5e4b-7640-4d50-a39f-e5555f8c9a53,10,25:250
b9354b53-e1b8-4d4d-9774-124a5695525a,10,12:99.99 25:108
b937a108-95bd-493e-91ff-a9db0d297001,10,8:71 13:194.75 17:98.4 21:100 23:124.99
b937a108-95bd-493e-91ff-a9db0d297001,9,3:33.6 7:16 8:30 13:30 17:26 17:34.29 23:31 24:40.8 28:31 29:37 30:22.5 31:51.6
b93b9d59-caae-4193-aa3c-743dba040e08,10,12:49.99 25:24 28:18.05
b93fb6c0-9f7d-4645-8841-41c01225fd2a,10,10:190.5 16:249.69
b9425b4e-030f-423b-a2c9-9d158a8cbd2a,9,30:40
b946d6d0-55be-4d71-b01a-2b831051abfc,10,31:79.95
b946d6d0-55be-4d71-b01a-2b831051abfc,9,1:13.52
b9547c73-66eb-4f09-9b95-c93e59465b12,9,1:32.94
b9567061-baff-485c-bbdc-189741956f60,10,31:71
b956bb0d-c581-4a28-9eff-06148c03043b,10,17:227.5
b956bb0d-c581-4a28-9eff-06148c03043b,9,3:88.8
b95b67c6-46ea-4b3d-824c-061c6d9d030f,10,6:113.5 6:120.11 12:89
b9670f2a-5e65-48a8-ba8c-c40934291e83,10,16:351
b969758f-002a-4111-9e41-1e6b574990e9,9,3:21.5 17:15.52
b96d9196-0b5c-4d59-a4f8-21cb37f8b6f7,9,2:42 12:38 17:39.6 28:49.99
b97a1707-db05-4429-970f-5ea82256ac1c,9,12:59.99
b97e89fc-3f07-4ab1-8438-5c5f75168187,10,1:15.5 1:20.5 2:17.52 2:17.52 3:21.6 4:16 4:17.5 6:16.49 6:17.52 6:17.52 7:20.5 7:22.5 8:12.5 8:16.26 8:17.52 8:21.5 8:22.5 8:23.5 10:21.99 14:19.01 14:22.99 16:22.99 17:22.99 19:12.5 19:22.99 20:22.99 21:23.5 22:19 23:22.99 24:22.99 25:15.58 27:14.99
b97e89fc-3f07-4ab1-8438-5c5f75168187,9,1:3.5 1:4.25 1:5.55 1:9.72 1:11.5 1:12 2:8.52 4:12 4:12 5:11 6:8.59 6:9.52 8:7.51 8:9.52 8:9.99 8:10 10:8.5 14:11 14:12.5 14:12.99 17:5.24 17:5.24 17:10.5 18:16.5 23:6.5 24:6.5 24:13.93 25:9.02 25:9.02 25:9.08 25:9.52 26:12.35 29:15.55 30:9.5
b97efef1-1bf6-4a8b-bf0c-b0e8d6676b86,9,10:70 23:51
b980a495-5d31-44e1-8759-33443ea71345,9,20:805
b985fbc1-c90d-4920-9aed-2f9d67d0f4d5,10,17:71 29:88
b98892fb-5be6-447c-ada0-d249854ee2f2,9,13:20.5
b989cc4e-2f5c-4621-8b02-fa365b467c45,10,2:402.9 10:410
b989cc4e-2f5c-4621-8b02-fa365b467c45,9,10:237.5 20:375
b990d0e0-9734-479a-9e11-854318e309c2,9,1:104.44
b9932146-47c4-4797-9e3e-e3abd2b1fa01,9,8:33.59 9:20 16:17 28:16
b99a1db4-1679-4808-9605-37e728cdac8e,10,24:177.5
b99a4963-d2c6-489a-9e60-14179c60d394,10,29:55.98
b99fc20f-edb0-48c4-aae9-6b57c3d084c9,10,8:400 31:624.34
b9adce5a-1827-45b1-bd87-a6fb11d54d1d,10,8:82
b9adce5a-1827-45b1-bd87-a6fb11d54d1d,9,5:27.16 22:22.5 31:23.96
b9b3e5b8-c089-4d99-9e1e-cc3ca5f3d896,9,9:174.99
b9baedb1-1dc3-4037-9e6d-04f327cc8549,10,25:16 26:16 28:20
b9f0f1e1-995c-4608-bd78-02ce51152af2,10,18:35.5
ba01a6fc-2a64-404c-a316-86ef5603cfc9,10,19:80
ba13fd04-0d3b-4425-a053-6d6537f47218,10,17:31.16 21:65.95 24:66.22 27:39.99
ba188aad-c284-412f-b8b8-d4599e0cfafd,10,10:300 31:235.5 31:260
ba188aad-c284-412f-b8b8-d4599e0cfafd,9,3:96 23:132.5
ba1bff8a-10c5-4e3e-bc06-470eefe7b5fc,9,8:64
ba26799b-3cc9-4aa0-9fe1-3c54ccf5e5dd,10,18:46.88 26:66
ba2ad63b-c11d-4a95-b256-fe40eb709fe2,9,7:745 9:780
ba31aef8-1519-4114-ac5e-59bda121adee,9,24:31.2
ba432ee8-2542-4a43-8530-1c79c3e68d7e,10,24:420
ba432ee8-2542-4a43-8530-1c79c3e68d7e,9,9:41 9:63 10:26.02 31:43
ba44bb8a-574b-4f21-aadd-69718ba78432,10,23:105 23:122.5 23:500
ba44bb8a-574b-4f21-aadd-69718ba78432,9,26:51 26:51 26:62
ba4aae09-5e1c-4b89-98e7-78a82101d003,9,23:57.5
ba4cdd83-4ba5-4128-a93c-8e4b811160d5,9,26:49.99
ba55ef87-e765-4003-abcd-2e8046db8832,10,24:1250
ba6d9624-986d-4348-a1a0-398ddcb70cc8,10,6:595.73
ba6ea26a-44c5-4f95-97d2-3d2a3a91de21,10,17:45.6
ba706438-7d3f-4344-9331-a9943cc39631,10,12:75
ba73639f-3b9e-48e3-af15-5c9ee60500be,10,23:275 28:300
ba797cbe-e654-405e-ab9c-5cf238f56921,10,3:192 8:103.22 10:150 23:219.99
ba797cbe-e654-405e-ab9c-5cf238f56921,9,1:42.5 2:39.88 5:63 17:46
ba80b23b-0020-4ac9-af7c-2cf0bee03513,10,9:390
ba8a572d-6fca-4812-8a79-05f11c660b31,9,17:120.5
ba8b0016-440d-4eaf-8f10-a0e987d7c964,10,10:288
ba8c7e29-cac9-448b-98d9-6f065deb1452,10,8:25.29 15:21.31 16:94.27 24:34
ba97c027-1342-42f7-a798-e495373f4c6c,10,16:20.5 21:40
ba9c70f4-c492-4311-8e95-475a18f48e35,10,16:31
baa60fe6-63ae-405f-9a10-68fb57c09615,10,3:17.52 5:17.52 5:21.5 7:13.22 18:12.5 18:12.5 20:13.02 23:17.52 28:14.02 29:14.5
baab6942-0971-459c-98f6-2c89eabf1f07,9,1:74.99
babd1bdb-f2d0-40ce-bc50-cee695cebfe2,10,21:134.99
babd1bdb-f2d0-40ce-bc50-cee695cebfe2,9,1:29.99 2:25 2:46.64 3:26.4 4:23.22 7:22.39 10:26 17:32.41 31:29
bac1c1f9-b6d6-4185-af76-016bfb29e37d,10,9:39.99
bac732b3-5b48-4350-a787-671ac74ff55f,9,8:115
baca191b-436f-4694-b3ed-58944d1f38df,10,21:13.01
bacbdf64-4d73-4a30-9ed2-9c5cf12e9eda,10,3:36.99 17:38 17:49.99 21:54.89 25:37 25:40 31:37.5
bad2195b-0a3b-4dcf-918f-f2dadb1aafce,10,7:54.99 8:26 9:21 16:29.99 16:34.99 18:30 19:26 19:29 20:20.5 21:29.99 23:20.5 25:22.53 25:41 28:20.55 29:22.52 31:26 31:28
bad5db0e-4958-42b4-923d-d1e195e835aa,10,1:399 3:516 23:260.69
bad5db0e-4958-42b4-923d-d1e195e835aa,9,1:91 10:122.67 31:149.99
bad72ce1-aabc-4b37-83a0-742908a0fb86,9,2:550
baf2a729-3e40-4bd8-9a4b-1a2d7a0a1e22,10,15:65
bafe8a89-7e25-41bb-a405-937feaa172d6,10,10:30 22:22.08 29:28.49
bb00acef-cc74-4ea9-a74c-ae143fc5cd2d,10,11:49.99
bb0b7772-9639-4f0c-94dc-1abb923f9778,10,3:312
bb0bcd65-c498-4c8b-a404-b0df2162fc5e,9,12:75
bb0d38e0-dd7f-4e9a-abf1-29fe465d449a,10,10:180.27
bb14fdff-c23d-4aca-b969-7cf835670596,10,18:34 26:59
bb1dc4a6-19b6-4eea-9a6a-c0426b1080b4,10,3:23.52 5:22.5 15:35 19:34.99 23:25 23:33 29:20.5 31:50
bb267ae4-b66e-4950-9edc-01a461a58ad7,9,10:10.5 12:15 16:20 24:18
bb276937-2e14-4514-988b-dcd3b17cf316,10,3:97 3:98 5:81.1 11:95 11:99
bb276937-2e14-4514-988b-dcd3b17cf316,9,2:81.26 16:89.99
bb2ebeb8-2be9-4ad9-a1b3-eb0af0182791,9,21:102.5
bb39f69e-2008-4d03-9f67-5ea0ec55c615,9,10:56
bb4e33a9-9c07-431b-b94b-587c0079ca78,9,26:710 27:759
bb534f29-9162-4d28-ae3e-8058ffb505c2,10,7:449.99
bb534f29-9162-4d28-ae3e-8058ffb505c2,9,5:66
bb5d5f4f-726f-48c7-a6ef-27a59699ef1f,9,1:81
bb5f3570-2ef2-4b5c-9991-56648ae4bc1c,10,7:118.88 10:49.2
bb5f3570-2ef2-4b5c-9991-56648ae4bc1c,9,4:29.99 5:26 14:18 15:35.35 17:32 21:30 24:30 31:16.5 31:20 31:21.6
bb5ffda5-7f6c-4131-8faf-f0aa0ad458ba,10,24:5400
bb7aa1ae-6d45-4b1d-9283-f334f879c331,9,3:20.5
bb7d08bc-5ca8-47f3-b490-cb5c207a6f0a,10,26:39.99
bb80b693-f169-43d8-bc57-d2c274cc2971,10,18:1025
bb80b693-f169-43d8-bc57-d2c274cc2971,9,20:295
bb85694c-68d7-4c43-a7c9-354104a6b320,10,10:144
bb85694c-68d7-4c43-a7c9-354104a6b320,9,17:36.99
bb86db80-de9d-40f8-aa73-4f135ddd64aa,10,12:40 19:35
bb885dba-2975-4c56-87e9-cc9d0792411b,9,31:15.38
bb98c59e-871d-4dbf-87c9-070aa51491e5,9,4:365
bbaab289-fd8d-4a37-a2ce-e585683d453b,10,1:69.99 3:27.6 10:39.6 10:69.99 11:40 12:69.99 13:49.99 15:69.99 24:60 31:66.28
bbbc323d-1ed0-4582-9f63-85c1025aefc0,10,25:91.52
bbc40c4f-32bc-4174-ba36-e4cbd917d07e,10,11:119.99
bbcc3f65-6ea7-4dca-95d5-b52e0d3366c2,10,17:50 31:64
bbcc3f65-6ea7-4dca-95d5-b52e0d3366c2,9,3:26.1 26:25.78 29:38.32
bbd2533b-1aac-470d-ad73-6ab9ee7e301a,9,17:12.37
bbd43f1d-2f17-4c08-bfb3-8b5331f12f41,10,10:36 21:41
bbde7c8a-bdac-4ce3-beac-3fb03f0f7125,9,13:105
bbdf3d74-72ed-4538-a42c-9368e3d9af7a,10,24:31 26:20.09 31:17 31:17.68
bbe5ac38-d84b-4149-a324-c21a6232285d,10,14:109.95 15:109.95 17:63.93 17:79.2
bbebcd4c-f7de-4bde-92b8-31a636c25504,10,12:50
bbf4ea63-eb67-44aa-9696-ef45923b4fd6,10,18:6.01 26:18.5
bbf4ea63-eb67-44aa-9696-ef45923b4fd6,9,18:12.5 21:10
bc069590-f313-43ac-a578-bbf9e1c31a77,9,24:15.6
bc11ab1c-6d81-4ec8-97fd-430097662910,10,4:17.52
bc138cd8-63bd-45a7-8370-320db380fdf4,10,4:18.52
bc19988d-93ea-49fa-833b-d3bc2c371844,10,27:61
bc1f6dc7-3ae7-4dd6-8160-c93e5783c4e1,10,16:222.5
bc2d5113-d034-4d81-82f8-4c1a44459fe2,10,3:146.47 10:160 16:187.67 24:177.5 31:150
bc2d5113-d034-4d81-82f8-4c1a44459fe2,9,3:33.6 3:35 10:38 17:32 21:36 24:50 28:60.16 31:46
bc2e08d2-05b9-49d5-8a54-af1a3ab0ca76,10,3:27 3:28 3:32 4:19.21 5:24.5 5:28 6:24.5 6:25 6:28 6:35.73 7:25.49 9:30 9:40 14:22.49 14:27 16:27 16:30 17:33 18:22 18:22.5 19:14 22:29.99 24:23.76 24:30 24:31 25:18.5 25:50 26:22 27:26 27:29.99 31:26
bc33e7c9-46a2-46b1-affc-825c007d487a,9,7:145 12:122.51
bc37b496-3ea1-402d-bd3f-5ed4518159d8,9,14:577.19 23:521 24:493 24:500 24:500 25:480 28:640 30:600
bc3db6e9-fcd8-454a-b18a-21ff088737c1,9,10:31.2
bc41b112-85a2-49dd-92bf-4a068a375c40,10,2:353 2:450 3:345 5:364.92 10:360 11:330 13:500 16:320 17:355.01 18:335 19:378 20:400 21:333.99 21:390 22:365 25:405 27:349.61 30:277.05 31:345
bc41b112-85a2-49dd-92bf-4a068a375c40,9,2:103.5 3:99 3:120.06 4:91.05 5:105.5 6:100 7:125 9:135.2 11:126.27 12:129.99 12:182.5 15:129.2 16:103.5 16:128.97 17:105.5 18:120.03 19:95 19:125 20:102.5 20:125 21:149.97 22:131.88 25:107.5 27:90 28:105 28:110 30:90 31:130
bc45ea41-d97b-4453-889e-d0e712068c23,10,10:19.24
bc45ea41-d97b-4453-889e-d0e712068c23,9,31:15.02
bc475850-ba71-458c-87b6-89621d1b032c,10,14:60
bc475c9a-1d3c-4250-92ef-bf2fe4d75e4e,9,7:110 18:71 25:67.66
bc48d9c7-e79e-478e-9587-b604bb759d0a,10,8:719.88
bc509731-51fd-4de0-b377-d51b1a0bfd25,10,2:117.5 7:219.99
bc5766e0-ba2a-4e43-bf0b-c6aa3b977df2,9,5:7.48
bc5c311a-b416-44cb-b968-e46ed046e0f7,10,4:120
bc5c311a-b416-44cb-b968-e46ed046e0f7,9,10:21
bc5de7f9-fbc9-4f54-b00e-0bd2a7d59bbc,10,3:25 11:37.95 12:44.99 23:19.99 23:30 24:20.5 25:21.5 25:22 25:23.39 25:29
bc60ee43-de89-4f13-a675-da0734b1d970,10,11:86.46 29:40
bc60ee43-de89-4f13-a675-da0734b1d970,9,17:15.6
bc649bce-560e-4382-8ec8-90d674175252,10,17:333.58
bc649bce-560e-4382-8ec8-90d674175252,9,4:199 31:150
bc707faa-8ef6-4a2b-b49c-1f8f7f473066,9,17:42
bc72e677-a56b-4ea2-9c55-5063e6bd5b23,9,17:62.4
bc76b929-3eaa-4ddc-9a02-9b5e9abaaa89,10,10:15.45
bc76ec3f-c980-4b31-aadd-ced2cfd46f89,10,30:121.69
bc76ec3f-c980-4b31-aadd-ced2cfd46f89,9,10:22.5 10:30 26:14.99 26:18.53
bc828f2e-5661-49f8-81d3-1ad90652cbc6,10,7:79 8:60
bc82f3ff-4822-460a-ad3e-f228237d7b31,10,1:1000 9:250
bc883e8e-128d-41f3-b488-885e7364ba9e,10,8:80.39 24:92.24 27:132.52
bc883e8e-128d-41f3-b488-885e7364ba9e,9,21:47
bc8ad225-5fcd-4d7d-8685-6ee60e454777,10,15:17.52 19:33 22:30 26:20.54 28:14.02 28:18.5 28:20 29:17.52
bc8ad225-5fcd-4d7d-8685-6ee60e454777,9,12:12.19 26:15.52
bc9c39d7-9ea4-473f-8bf2-487e1d4a16b4,10,9:34.99 10:32.4
bc9c39d7-9ea4-473f-8bf2-487e1d4a16b4,9,16:15 19:18.52
bc9ccd0e-d279-4b18-b052-05c756106b68,10,21:44
bc9ef5b9-72e5-4e23-a5f4-45cd6e47b156,10,8:56.4 16:40
bc9ef5b9-72e5-4e23-a5f4-45cd6e47b156,9,27:30
bca0881a-27ba-43b0-98e0-982d81713ae5,10,26:71
bca1cdac-e4dd-41c5-aab0-0e27dbbbdb35,10,12:25
bca258cf-d24d-4b1a-927b-46fcf861b27c,10,12:105.5
bcaa3606-d3f2-4c9c-8c1f-dd819b1195ce,10,22:47
bcae0892-cd5f-41fd-8bfe-bbd419d052c5,9,20:36.02
bcafdf1a-3add-4e94-bd4b-73e2823dbc9e,10,25:285 25:300 25:399 26:369.95 27:242.5 27:306
bcb5e0cf-fc62-4347-9e27-758dd50b34a0,9,7:22.14
bcbf0673-b66f-47dd-9808-aa61d1fc1551,10,1:20 1:24.99 2:21.5 3:25.2 3:26 3:51 4:17.5 4:19.5 6:14 6:17.5 6:22.5 6:26 6:27.39 7:19.99 7:20.5 7:29.76 8:15 8:20.5 9:17.99 9:18 9:20 9:24.99 10:17.99 10:21.6 10:30 11:10.77 11:22.52 11:22.52 12:12.5 12:15.02 12:17 12:17.19 12:18.26 12:20.5 12:21.5 13:17.5 13:17.99 13:27.34 14:16.5 14:17.5 14:17.99 14:22 15:15 15:17.51 15:17.52 15:17.99 16:22 17:16 17:17.99 17:20.5 17:22 17:23.5 17:23.52 18:15.5 18:15.5 18:17.99 18:20 18:24 19:18.95 19:23.95 19:29 20:21.5 20:24 21:20 21:24 22:23.58 22:25 23:13 23:20 23:20.5 23:22.99 24:24.5 24:31 25:19.95 25:20 26:20 26:20 26:24 27:22 27:22.52 27:22.99 27:23 27:24.5 27:24.5 28:21.99 28:24 28:25 28:27.99 29:20 29:29.99 30:20.5 30:36.49 31:27.99
bcd4c6fd-8bc5-4ce7-a3f8-080ea7a26d63,10,27:29 27:31
bceabb22-f3c5-45c5-a4dc-dc1f18300eeb,10,1:36 1:40 1:44.16 2:66.03 3:23 3:26.2 3:28.8 3:34 4:35 5:15.5 5:20.5 5:45 7:46 9:42 15:40 16:30 17:23.38 17:25.2 17:30 18:22.5 18:24.5 20:30 20:40 21:22.5 21:23.5 23:23.5 24:20.5 24:21 24:22 24:24.5 24:26 24:27 24:27 24:28 24:31 24:31.01 25:30 25:34 26:35 26:39.99 26:40 27:40 27:42 28:42 28:75 30:35 30:41
bceabb22-f3c5-45c5-a4dc-dc1f18300eeb,9,1:12.51 1:19.99 2:8.02 2:13.99 2:18.6 2:18.99 2:25 2:36 4:8.5 4:10.5 5:10.87 5:13.67 5:14.5 5:14.5 5:14.99 7:6.88 8:14.99 11:9.5 11:10 11:12 12:10.5 12:19 12:19.99 13:13.52 14:12.5 16:15 16:19.5 16:23.5 17:5.24 17:5.24 17:8.52 17:12.02 17:13.84 18:11.5 18:19.99 19:11 19:12.5 19:13.5 21:13.51 22:10.5 23:19.99 23:20.5 24:3.25 24:4.25 24:8.52 24:10.5 24:10.5 24:10.5 24:11.61 24:11.76 24:13 24:13.5 24:13.5 24:13.52 24:14.55 24:14.99 24:22.5 25:9.08 25:10.51 25:12 25:12.5 25:12.52 25:13.52 25:13.53 25:14 25:15.51 25:15.53 25:16.5 25:17.5 25:22.05 26:15.5 26:19.99 26:28.99 27:12 27:16 27:16.5 27:26 28:11.5 28:17.5 30:12.38 30:22.5 31:15.5 31:15.99
bcf1018f-1eed-45ce-bd14-ac29c9b22702,9,16:92
bcf17fc8-b9c7-4c27-b877-69444c93321e,10,4:154.79 7:119.5 22:102.5
bcf4b25d-5ff3-4663-9327-6bef6c52cee4,10,2:300
bd1688f0-abb8-400a-ae23-4497cc2af385,10,4:43 5:44.83 10:41
bd259893-f9da-44ed-bb9b-7c41f21b702c,9,8:16.75
bd264581-54dc-41d3-bda4-944a7336b759,10,30:40
bd3ab8c8-2e96-4366-b8f2-6be51a977c88,10,2:66 12:60
bd41e7f8-1374-466c-9440-bdaad94c2361,10,3:52.8
bd474d5c-299f-4af3-9a7c-f9dae05c2351,10,15:29.74
bd484134-721d-476b-8b62-a102bce1cb68,9,25:26
bd529ab7-71e7-477e-8bc2-20b2a58903d3,10,5:18
bd56e516-1d34-4860-b4c7-d745fc0d1e58,10,2:75 2:120.04 8:92.45 9:72 9:75 10:79 11:69 13:67.99 13:71 13:76 14:79.47 14:84 15:79.47 16:64 16:71 24:64.8 25:86 26:70 26:80
bd56e516-1d34-4860-b4c7-d745fc0d1e58,9,1:19.38 2:27.66 7:30 9:30 9:37 10:32.95 11:29.98 17:26 17:49.4 18:27.92 20:23 25:30 28:30 30:22.5 31:26.09
bd653e20-01a3-4874-a66c-2a6fc7a6a109,10,10:24.99 11:16.5 16:20.4 16:24.99 17:24.99 17:29.99 19:20.5 20:19.5 20:21.5 25:22 26:26
bd656ec2-ceaf-400e-957a-77323a76a124,9,7:70.69
bd69bcd1-c967-431e-aa17-544ddfa96b66,9,15:66.65 25:48
bd749194-93c9-4f4f-813f-9cc68d86ea5d,10,23:45
bd7b10f4-cb81-4ac3-ba4d-6cad04e671e4,9,8:40 14:26.02
bd7c326b-34cf-446c-8d7d-a05b6ed8b54e,10,3:177.5 4:219.99
bd7c326b-34cf-446c-8d7d-a05b6ed8b54e,9,10:47 15:49.99 16:59.46 18:54.99 26:34.21 31:44.4
bd882a1f-f940-41e4-9153-bb6765b500f9,9,17:112.5
bd8aaed3-5b44-42f5-b833-648bebe5a9bf,10,30:199.99
bd8bdfe9-7c63-4f87-9f77-05414b055016,10,28:22
bd8f33a9-1164-4f78-8a31-c53be025145b,10,25:14.5
bd8fffa1-4e98-4ea5-97d1-f7ea824aaab3,9,5:181.5
bd930605-3a43-4531-b2fb-9477366856aa,10,3:16.5 4:13.93 4:14.41 22:17.52 24:8.5
bd9566be-4131-4e2e-9952-9a1937e9910b,10,6:275
bd9ac1df-8ead-4dc0-9657-22d8bced92b3,10,7:199.99
bd9c8003-b2b3-4136-9db0-4cf5343a3809,10,16:162.5
bda0908f-27c4-49d4-b76c-63083eb55ff4,10,1:41 1:53 1:62 3:61 3:80 4:62 4:119.97 9:156.34 10:45 13:77.56 15:58 17:54 17:69 17:70 17:80 18:73 19:96.2 20:65 22:50 22:90 23:40 24:63 24:65 24:67 25:65 30:59 31:35 31:78.04
bda0908f-27c4-49d4-b76c-63083eb55ff4,9,3:20.5 3:22.35 3:27 3:31 4:26 6:24.99 7:22.5 7:33.99 9:29.99 9:35 10:27.6 10:28.85 11:20.5 12:24.5 12:26 12:27.01 12:29 12:29.99 12:34.49 14:54.01 15:28 16:25 16:29 16:29.99 16:30 17:21 17:22.5 17:23.5 17:34 18:30 18:31 20:32 20:41 22:38.79 23:24.5 23:25 23:36 24:16.5 24:25 24:27.99 24:31 26:30.5 27:31
bdd17160-6d24-4061-98bc-d699616529eb,10,11:28 16:21.5
bdd6e3ff-4f62-4f96-a422-5149cf5c4c20,9,14:86 27:100
bde12c7d-4f44-45a0-9b89-db84e87caf84,10,2:941.99 20:550
bde58c1f-e226-468c-9851-36d6701dcf02,9,1:35 2:33 5:31.04 5:31.04 9:49.99 10:33.6 10:46 11:29 15:38 20:36.99 24:33.6
bde621ac-f129-4107-a706-47f3973b02fb,10,3:1890 9:2050 10:500 12:1750 26:1695
bde621ac-f129-4107-a706-47f3973b02fb,9,17:999.65
bdeed6d0-0e32-4073-a22c-d3d7d856a0c0,10,5:355
bdfb237c-063a-430e-acaa-f561ff8a3b0c,9,14:108.5
be00576f-e7dc-46db-8133-547aff1a8547,9,13:47
be250b35-4b35-4914-92fc-dbdd5c3fa74f,10,12:49
be49b0ad-e65d-43fb-bdea-e8583d6e9023,9,17:103.5
be51bb20-e829-4c4a-9b73-0038421137e4,9,2:115.12 4:60 17:74.4 17:85 24:60
be53f73d-4124-4155-a06a-2076e9f6af78,10,16:600 17:630
be56874c-570d-440b-b91a-9ebf79ed7f31,10,24:55.2
be62596f-2fcd-4cef-bb9c-50af5d33b252,9,10:23.5 14:85
be62c4b9-b706-4657-a511-e1f350d231de,10,29:59
be790537-2346-46b5-bb2b-5f978d12b961,10,18:275
beaef4e0-bd32-4995-bdb7-839b7207c062,9,31:36
beaef6c1-b174-4ab3-b5b3-8a45d835d64e,10,11:9.5
beb77739-7f00-4a08-be14-e8be46296256,10,3:21.6 3:21.6 3:31.2 4:43.12 9:38.7 10:24 10:25 12:32 13:25 13:37 15:41 15:44 17:32.68 17:40 22:28 22:36.72 22:39 22:40 23:45.95 25:32
beb77739-7f00-4a08-be14-e8be46296256,9,3:14.4 9:36.08 12:24.96 13:20.5 13:22.5 21:12.5 22:18.52
bec03226-fd3b-4f9f-8e21-d8177f36853e,10,17:20 24:17.52 24:17.52
bec4cd79-d4d0-47b2-9006-590807ff6706,9,10:16.7 17:19.5
becc6b88-798f-48ac-91a5-d4e3d0166705,10,16:67.69
becc6b88-798f-48ac-91a5-d4e3d0166705,9,14:59.95
bed84061-715b-4da9-8c42-be70f3102d44,10,3:595 11:535.6
bed84061-715b-4da9-8c42-be70f3102d44,9,5:125 6:62 6:70 8:165 10:70 10:95.25 10:100.8 10:100.8 10:101.3 13:108 14:112.5 17:92 17:124 20:114.99 20:599.95 21:65 21:93.53 24:85 24:98.4 24:98.4 24:102.5 25:83 27:87.66 28:94.99 30:100 30:165 31:81.6 31:98.4 31:98.4 31:102.5
bee03480-10b7-4f1f-9855-7d9bc4d8a303,10,5:75 31:51.6
beeb8dc8-bf0c-4d0c-bc0b-36a1f40c02f0,10,10:70 24:109.5 29:70 31:150
beeb8dc8-bf0c-4d0c-bc0b-36a1f40c02f0,9,24:15.6
beee01c0-54ec-418b-95ca-0f409ee4a4ad,9,9:23.5
bef487a2-6da4-4136-b809-dad325ff02bc,10,30:11.5
bf0254da-c013-4731-aa34-24f031725294,10,11:19.5 15:15 15:15 24:18.5
bf0734e2-2978-4d19-9981-2a98879f3eed,10,6:33 17:49.95 29:40 29:150 30:49.99
bf0b0ba7-6108-4f7e-98f2-bd1b476ee402,10,16:72 19:74.99 21:48 30:70
bf0bd062-00b9-4453-a852-20d252597ada,10,10:71 23:99.99 24:84
bf252c86-db91-43d1-a1ce-d7cc8815bc14,10,21:283.58 31:316
bf252c86-db91-43d1-a1ce-d7cc8815bc14,9,7:99.99 15:51.55
bf26b813-65bb-4a97-82d4-9f31cdf45a45,10,26:32.04
bf44523f-6fba-477c-8e59-62f6468d1455,9,2:186.5 9:219.76 10:144.86 17:138 24:222.77 25:159.99 26:142.1 31:100.8 31:120 31:200
bf45b6b5-0e2d-45df-b1d8-e6fbf70ff593,9,13:147.5
bf48d19c-b489-4a43-8494-cdcb82babefc,9,31:27.88
bf498a32-bc72-4b19-bd9e-09c7b9ac5104,10,9:62
bf516183-e727-46e1-a135-a5ffb0faaf65,10,10:74.4 15:76 30:117.06
bf569973-a2bf-49e7-966b-3f32a3a6c613,10,2:18.5 19:77.5
bf68ceee-4ad2-4d18-b299-a7db7841182a,10,29:22.38
bf74b99e-6055-4f64-922f-da0932c48221,10,28:19.99
bf74dc70-08b1-495b-9244-7fa2ec345fc8,10,3:80.44 15:179.99 22:59.75 24:150 25:80 28:99.99
bf79e01f-d9bb-4f8c-bdd4-7f541e31fe0a,10,28:260
bf79e01f-d9bb-4f8c-bdd4-7f541e31fe0a,9,7:59.99
bf79ffb0-cb9f-4283-a288-6b830c92f1b0,10,13:30 25:15
bf84a765-efae-4b9f-8444-e7f87ceb1f2c,10,13:11935.83
bf84a765-efae-4b9f-8444-e7f87ceb1f2c,9,3:5520
bf84c297-26a2-432d-a57b-62a71e0cd458,10,3:19.99
bf873601-a072-4d55-a72c-edc45cd4aa9d,10,30:10.5
bf884c24-3542-469b-b5db-378f121cb812,9,3:130 18:51 26:95
bf8b5e36-56f5-4e10-984e-459d19c23b2b,10,24:13.2
bf910535-834f-4053-9de5-f721a78ff90d,10,21:49.99 22:40
bf954458-0752-4e09-9ce5-5601f8e1c298,10,5:76
bfa3c26e-6b1d-4cf2-967e-73964d66e531,10,1:616.82 5:475 13:550
bfa3c26e-6b1d-4cf2-967e-73964d66e531,9,10:211.5
bfa70b98-1b4c-45ea-877a-fa992cb2009e,10,1:258.23 2:198.95 2:269 4:164.5
bfa70b98-1b4c-45ea-877a-fa992cb2009e,9,7:82 24:93.6 25:66.02 31:57.6 31:74.4
bfaf0153-fd6e-4d87-871f-53a3b1b175d6,9,8:150
bfc02246-297b-49a3-8c9c-195d3d8c0ad9,10,2:42.09 3:20.52 3:21.5 3:24.99 3:31.2 4:21.5 4:22.53 6:23.99 10:16.8 10:21.5 10:26.46 11:12.5 11:24 12:18.02 13:26 15:20.5 15:21.5 15:22.5 15:22.52 15:22.52 15:25 16:18 17:14.5 17:20.4 17:20.4 17:25 17:43.55 19:24.99 20:17.5 23:19.18 24:19.2 24:19.2 24:19.2 24:20.4 24:21.5 24:22.99 25:22.99 25:23 27:9.25 27:25 27:30.99 29:25 29:28.49 30:21.5 30:21.5 31:22.8 31:25.2
bfc02246-297b-49a3-8c9c-195d3d8c0ad9,9,3:16.8 9:14 24:9 24:12 24:12 24:12 27:10.5 27:10.5
bfc8dcf2-492a-4c69-bc85-4ad05e6ede3c,10,13:11.5
bfcb44a2-5aa6-4f75-ad58-a9d536861efe,10,2:56 4:90 7:80 9:100 10:74.4 11:75 16:83 16:85.75 18:90 20:129.99 29:81.01 31:85 31:92.5
bfd96f45-8b19-49f4-8d63-c805ddfba0c9,10,1:54
bfec4a6d-1ab8-4add-a1f0-4aa71f85d02f,10,9:300.65 16:45
bfec4a6d-1ab8-4add-a1f0-4aa71f85d02f,9,3:19.38 7:34.54 20:24.68 21:15.52 22:39
c003c7e7-1854-447b-a848-b7f889823829,10,8:152.5
c006c9fe-c70a-4eb7-9d9a-76db4bb771a2,10,19:8.5
c00caa2f-7391-4ac2-8fb0-c28bc0a10931,10,14:12.02
c0101fba-d09e-47c3-9bf0-7c04a9c98432,9,14:31
c0103c0d-e3a5-4535-bf8d-b6f803c5885e,10,13:250
c01dd63b-cdcf-476a-b74f-cbaed4872747,10,15:121.08 23:107.5
c01dd63b-cdcf-476a-b74f-cbaed4872747,9,5:36 12:28 27:20.15
c0249b19-0f43-4568-841b-ef5a40984ce5,10,16:22.5
c0272c25-1291-481f-a4b2-7c692c261891,10,21:350 27:350
c0391b7f-7fe7-4572-91f1-6c299025dadf,10,22:52
c0391b7f-7fe7-4572-91f1-6c299025dadf,9,17:16.8
c03c7fa3-6ea6-433a-a51d-efc5febb1e1f,10,10:175 11:109.99 17:71
c0442f2c-0b4f-42d5-93ed-5bae8aa747a1,9,30:85
c0668735-799c-4f82-ae6d-6374a1c2a14a,10,16:16.5
c06d8f16-1bc9-44eb-9ce2-baebebfbaff9,10,1:22 6:24.99 14:29.99 16:24.99 24:34.99
c07251e7-03dd-475c-950a-ccff4d197c0a,10,6:30 10:22.99 29:35 31:22.5
c072fb50-c8d4-48c9-9023-38f413b70a0f,10,24:104.67
c07d23bb-aeec-46bf-958b-516e6e54a0b5,10,14:25 21:22.5 31:25
c07d23bb-aeec-46bf-958b-516e6e54a0b5,9,17:10.51
c081446f-7e86-4e7c-a1a8-35740caaddef,10,3:12.02 21:15.7 23:16.5 27:21.05 29:20
c08377a2-1556-4bd1-908e-50c66236b20b,10,5:25 17:50 18:36.1
c08a1b84-1efe-4fbc-8b8f-c08df540a549,10,30:65.11 31:65.11
c0964293-b4c0-4c29-8c65-a83f1177b4b6,9,7:73
c097d440-da0c-42d9-8445-1b13dff182ef,9,8:142
c0980c85-dbe0-406b-8c3c-a424350a94cd,9,4:9.51
c0b1edf4-8bea-47ff-8169-a27d42b6dd18,10,5:100
c0b1edf4-8bea-47ff-8169-a27d42b6dd18,9,24:32.4
c0b6b4b1-4125-4e22-a8c7-f19ec71bfcbf,9,8:130
c0c288a7-bc49-4c1c-ae4b-ed83df3093b3,9,3:67.2 7:140 13:140
c0c36032-cfd1-432c-9492-6168eeadc93e,9,24:36
c0cbf939-ca80-46b2-8904-9d336c1db6e3,10,12:90
c0cf8c14-9ce6-448b-baa9-49cc9beec4fe,10,24:360
c0d9d28e-a5da-413c-8ce8-15354a903a63,9,12:179.5
c0defde3-4404-4fd8-a250-267d55c088dd,10,26:1225
c0e564ee-28f6-4f2f-ba3b-16525fc3f160,10,10:20
c100ea28-3bc1-4d68-9857-63fd233fb018,10,30:95
c10f3521-2b66-44c4-b3a2-d3eb8cc76e39,10,6:38.99
c1104a17-6cde-41fd-b6e3-1e7be5c5b630,10,17:13.2 26:34.99 31:21.6
c1219354-958c-48c1-9ea4-4845c2758916,10,7:128.19
c1223360-9a37-46b1-94c0-6129e54e1405,9,23:400
c1237462-29c1-4a3a-b582-ab864f35cd0d,10,10:45 11:50 17:15.5
c1331cf3-5cfa-4dcc-b46f-765c7515254f,9,28:86.55 31:123.5
c13f9091-8961-4d29-bff3-3051eb754b4e,10,3:198
c1497e88-6638-4413-93c9-a0331edb1a71,10,10:150 15:175
c1497e88-6638-4413-93c9-a0331edb1a71,9,1:37.5 4:38.69 4:41 12:49 24:31.2 31:37.2
c158d711-70cf-4034-a631-abf4cca68ed8,10,30:500
c1640863-a39e-4d70-a766-4477f2084a56,9,4:30
c165eef2-4382-42ca-a0ed-81d8ed23e5e9,10,7:62.01 18:44
c165eef2-4382-42ca-a0ed-81d8ed23e5e9,9,2:27.22 12:24.5
c1730429-6205-4f55-93ee-bbfcc13672df,10,9:45
c181beae-bc2e-472d-b1e7-4ea70dbd44ec,10,31:2619.99
c191728a-c802-4f83-8887-d1a1de16e427,10,23:94.99
c1ac6558-703c-438b-adc4-e7a00ae0f54e,10,3:31
c1ac6558-703c-438b-adc4-e7a00ae0f54e,9,29:11.5
c1b2845a-cc6b-45eb-ad6b-46f24b2a7166,10,10:76
c1b392b9-5b33-4f12-9bb5-a22b8e181c5b,9,6:30 27:18.5
c1bbef3f-e7a1-43d8-a279-63b1e651e715,10,2:310 3:272.08 3:305 3:365 5:385 5:472.52 6:315 6:324.99 6:329.99 6:330 6:375 7:305 7:325 7:340 8:243.58 8:260 8:300 8:325 9:275 9:281 9:315 9:355 10:265 10:293 10:299.95 10:304 11:257 11:300 11:310 11:329 12:227.52 13:280 13:320 13:324.99 13:330 14:300 15:250 15:275 15:295 15:315 15:330 15:360 16:299.99 16:299.99 16:305 16:310 16:355 17:300 17:300 17:305 17:315 18:265 18:300 18:529 20:330 21:255 21:300 21:300 21:314 21:314 21:315 21:335 21:335 23:265 23:290 23:300 23:311.56 23:355 24:265 24:297 24:297.22 24:306.01 24:350 24:355.22 25:247.5 25:280 25:286.79 25:308 25:314.95 26:250 27:305 27:310 28:280 28:295 28:310 28:315 30:245.5 30:265 30:270 30:328.56 31:250 31:260 31:285 31:290 31:310
c1bbef3f-e7a1-43d8-a279-63b1e651e715,9,1:149.5 1:172.5 1:188 3:141.23 4:100.99 4:151 4:185 6:154.5 6:157.5 8:125.5 8:140 9:135 9:147.5 9:185 10:136.5 10:143.99 12:160 14:145 15:150 16:130 17:140 18:119.99 18:127.5 19:119 19:140 19:150 20:133.5 20:139.9 20:140 20:155.13 21:122.52 21:123.51 21:127.52 21:130 23:125 23:127.5 24:123.5 24:128.5 25:130 25:165 26:135 28:116 28:157.03 30:120 30:141.79 30:145 31:143.5 31:175
c1c04688-295d-4de0-9469-06d007bdad26,10,3:99.99 10:51 10:53
c1c04688-295d-4de0-9469-06d007bdad26,9,8:20 9:34.95 12:29.99 23:27
c1c4a101-3ebf-47aa-8bc9-00a53351c9a0,10,28:50
c1c5555f-cd21-4154-baa8-0a49dd5d6fa6,10,3:24
c1c80a74-6f7e-44c8-a8d4-7b645138dd53,9,2:50
c1c95a2e-0d56-4841-b298-9d5620a18799,9,14:36
c1d43229-489e-4a21-94d1-506a86669a6b,10,10:4.25 10:8 11:4.36 11:6.5
c1db81d1-58d3-49f9-84e5-472a70836fe1,10,3:51 7:51 16:32 20:39.99 31:35
c1dd0e98-755b-48c7-a313-6a7c8be9ef37,10,12:15.83 15:15 26:29.99
c1dddc23-b808-4f8d-b4f3-a070c997b316,10,9:250 12:200 14:180 24:129.99 24:169.99 24:202.5 30:140
c1def075-1ffe-44cd-84ce-5ff649ac6693,10,6:32 6:55 14:31 17:32 18:28 18:36 20:32.02 26:33 27:31.99 27:33 29:39.99 31:15 31:39
c1def075-1ffe-44cd-84ce-5ff649ac6693,9,15:10 17:12.25 24:21.6 31:16.5
c1e50576-8339-4960-a44a-dc67b6801458,10,31:27
c1e95f6c-ed38-4f9c-8f53-91ac521fd6b8,10,17:88.88
c2017e08-6e54-4789-b269-94075fd9b722,10,2:90 24:67 31:110
c2017e08-6e54-4789-b269-94075fd9b722,9,28:30
c201d659-66e4-4394-9a07-524f0c803223,9,11:91
c20ef37d-18a8-4c7a-8540-6ce95e6f7bd0,10,4:299.99 4:335 6:259.99 6:297.86 7:243.99 7:269 8:259.99 9:350 10:350.24 11:246.53 13:288 13:374.69 15:374.69 17:275 17:285 18:293.42 20:374.69 23:299.34 25:250 29:310 30:374.69 31:304.23
c20ef37d-18a8-4c7a-8540-6ce95e6f7bd0,9,30:129.99
c224dd7e-07c6-40c4-a992-e18300ce5465,9,18:156.19
c2254363-6dd0-488d-88cd-750688dff8fc,10,24:143.5
c22c7963-4ae5-4b58-8a41-189785c9cdc3,10,1:31 8:49.99 8:184.99 9:31 10:32.99 20:38 20:44.99 24:33
c2345aee-800a-4388-a730-dcd4e90d46a5,10,15:99.99
c23b10c1-2728-49fe-bc1a-92f1f23172fa,10,12:195 12:199.99 12:200 22:179.99
c23b10c1-2728-49fe-bc1a-92f1f23172fa,9,1:27 10:46 12:54.95 13:60 20:37.88 30:32
c2414ddf-9f8e-4058-ac29-9a00baf07c16,10,4:79.19 20:100 22:98.9 24:115
c2414ddf-9f8e-4058-ac29-9a00baf07c16,9,1:49.79 2:29 5:19.96
c24688d6-c0bb-481f-8efc-437dd7c15320,10,23:15.38
c246b457-8722-4cbc-86dc-797d4b11d259,10,20:54.99
c246b457-8722-4cbc-86dc-797d4b11d259,9,16:26.99 17:29
c2501cd4-373e-462c-8a1d-21b532b92e2f,10,27:34.95
c250579d-1bea-468f-95cf-019a1da1f156,10,1:377 1:405 3:330 3:365 3:387.01 3:405.33 3:409.95 3:432.2 3:475 5:350 6:380 6:384.99 6:415 7:385 8:399 8:499.99 9:385 10:409.95 11:252 11:362.5 12:350 14:389 14:500 15:390 15:415 17:400 17:410 18:430 19:420 19:450 21:455 22:410 22:455 23:415 23:426 24:400 24:400 24:410 24:517.78 25:410 25:465 26:420 26:555 27:449 27:549.99 27:600 28:425 28:455 29:500 30:400 31:435 31:440
c250579d-1bea-468f-95cf-019a1da1f156,9,4:260 5:230 16:250
c2542d82-1517-4997-9d9f-e54db4c26937,10,3:42 7:40
c258017b-70a8-49a6-8e52-8418ad7a22c5,10,3:232.15
c2766458-76fc-46ae-adcd-0689d6defda6,10,3:910
c276e065-9ede-4659-a556-a5ea920204a3,10,7:61
c2835742-8c35-460d-971c-f2e74dc41dbc,10,3:30 24:38.4 24:76 29:135
c2835742-8c35-460d-971c-f2e74dc41dbc,9,3:23.52
c29871ab-e5b0-47a7-b6d5-e6b017fa7fba,9,7:71 26:149.99
c2bcb2e7-3489-47c6-843b-0d34b4866de2,10,3:41 18:40 23:37.15 23:41 25:48.99 29:32.15 31:29.99
c2c0dd39-ae6e-45c1-80c6-38a910e91ba9,10,1:65 2:61 3:53.69 3:66 6:40 8:45 9:41 10:50.4 10:51 10:52 13:41 13:45 16:30.99 17:57.6 18:45 20:62.99 26:46 27:54 27:54.99 27:80 30:41
c2c852ec-147e-47c6-9179-99a0c288b99e,10,3:32 17:20.5 30:50
c2c852ec-147e-47c6-9179-99a0c288b99e,9,31:30.42
c2d134da-c17b-447b-a398-e02fff9f860c,10,10:186
c2d9a713-2fce-4c87-bbff-7e54c6da3bb7,10,5:15.5 18:13.5 21:9.5
c2d9a713-2fce-4c87-bbff-7e54c6da3bb7,9,8:10.95
c2db6e7f-880a-4e48-82c4-f5c9a49fdb1d,10,9:196.5
c2decf22-9491-4fad-8bf1-caeb34c880d6,9,4:39.99 17:25.92
c2e1971e-6eb0-4102-93ea-0496cee18396,10,8:76 27:89.15
c2e1971e-6eb0-4102-93ea-0496cee18396,9,3:39 8:40 11:40 21:45
c2f2a18b-10e2-47fa-a511-92ec71640fb0,10,28:149.99
c2f6ad65-bda8-4bc9-8372-278a3e0fb421,10,3:125 3:150 4:137 5:130 5:142.5 6:132.5 10:222.5 11:133.5 11:139.99 12:153.5 17:140 17:212.11 19:120.37 19:140 21:95 22:130 23:243.65 24:118.25 24:130.49 24:134 24:143 24:145.5 25:135 25:145 28:118 28:135 29:130
c2f6ad65-bda8-4bc9-8372-278a3e0fb421,9,2:61 3:88 6:61 8:46 11:95 14:61.64 27:60 30:51.94
c31610cd-c1c4-41f9-8e1a-febd31558745,9,13:69.95 17:31 31:18.52
c31bdac2-d99a-437c-b406-02c089de6489,10,1:22.5 1:32 1:34 5:21.5 5:21.5 6:32 6:40 8:47 10:15.59 11:33 19:40 22:38.77 28:55.99 30:30 31:37.46
c324b089-eba7-402d-beca-a117d3272093,10,6:22.5 17:23 26:23 29:20
c324b089-eba7-402d-beca-a117d3272093,9,6:11.52 16:8.5 17:6.5 23:7.5 23:11.99
c325965c-2d0a-4e23-9c0a-786840a5c3f7,9,17:47.59
c32f3dca-22db-4217-8886-055c7b8085c1,10,31:1300
c337201e-096a-4fd0-925d-b4f3d5714bed,10,6:14.99
c33ab5fd-e380-4bc9-b0ce-46cd8ee35cb7,10,19:154.19
c33ab5fd-e380-4bc9-b0ce-46cd8ee35cb7,9,12:74
c33e7051-6f42-4593-ab6d-013e1830052e,10,20:200
c3405d8f-2d16-456a-8d74-5a3271c7e7e9,10,3:102.5 8:215 13:198.69 14:182.74 17:132 21:148.5 31:139.9 31:174.99
c344cb9d-0572-45f3-a234-50717ded3631,10,31:353
c3474237-fa6d-4780-adca-3822c4c2dcd0,10,3:90
c3474237-fa6d-4780-adca-3822c4c2dcd0,9,5:40 8:30 20:28.22 20:78.2 24:19.2 24:20.4
c34aa789-f179-4b76-be2b-1c71a480df5f,10,14:20.5 15:17.52 15:20.5
c34aa789-f179-4b76-be2b-1c71a480df5f,9,3:15.5 30:11.61
c351dfb3-c848-4429-949e-8f8a0b842c02,10,3:18.5
c35544ef-9ce4-4260-89d7-e97edbf3958c,9,13:60
c35ac230-3e4e-4cf2-9275-f3d778bf518c,10,6:35.74
c35f68ee-833a-49c4-89fb-dfee8a5f79a8,9,16:40
c37b090e-4c32-436d-8c04-e527609b7d94,10,16:360 25:350
c37d9b4a-082e-448d-8e70-da1c4016995b,10,18:56
c3c6365b-837e-4574-90e8-6d7c4b7b4ea4,10,8:226.18
c3c63756-0831-4b9b-8e4d-6f2e730c6fd2,9,1:425 5:526.19 17:750 21:776.97
c3cbacc1-779e-4719-89dd-689bbf7f7478,10,10:10.5
c3cf3685-9767-4a1e-920e-47b8f74775c5,10,8:2000 10:1320 14:1481.31 16:1405 31:1500
c3cf3685-9767-4a1e-920e-47b8f74775c5,9,2:200 3:192 4:305 10:300.65
c3d654bf-5f40-4f9d-9fb3-41332d43cdcb,10,23:63.43
c3da452c-0345-44ec-b01d-bb87125c5f12,10,3:210 7:213.5 11:184.5 11:190.5 12:230.85 14:204.99 15:84.99 15:102.52 17:122.19 17:143.19 17:177.5 18:212.5 18:215.5 18:355 24:150 24:150 25:160 25:229.5 25:231 28:150 28:204.5 28:212.5 31:165.84 31:217.5 31:225
c3da452c-0345-44ec-b01d-bb87125c5f12,9,7:119.99 27:80
c3da5870-0659-43eb-bf59-164ea64b913c,9,2:80.58 4:68
c3dadaf0-0ba1-4bcc-879c-d7fe1da10961,10,18:70
c3dadaf0-0ba1-4bcc-879c-d7fe1da10961,9,5:34.99 20:30
c3e0aa29-fd89-4bbb-b74a-8660f6872c34,10,4:183.5 7:469.99 24:276
c3e0aa29-fd89-4bbb-b74a-8660f6872c34,9,4:41.56 17:87.1
c3f1057a-04d8-4943-8ccb-dc6eb2e62811,9,3:192.5 7:130 25:185.5
c3f2c36d-a463-4050-940e-9c819ba206bd,10,7:24.5 7:25.49 7:30 10:24.99 11:29.97 12:17.5 12:25 22:17.86 22:22.01 24:15 24:15.5 25:25 27:29.95 27:38.88 28:18.5 28:18.5 28:19.38 28:37.99 29:24
c3f2c36d-a463-4050-940e-9c819ba206bd,9,6:10.5 9:14 9:20 10:15.5 11:10.5 17:13.84 18:6.5 18:12.03 18:15 20:8.5 20:9.55 20:11.5 20:11.52 21:12 22:12 23:13.5 25:7.52 25:10
c3f8adff-cdcb-4165-a14f-4ff0936ac92b,9,10:132.52
c411f0ff-2a0b-4b22-a8a6-8e606c56364c,9,26:11.53 26:12.54
c41721d6-7b1c-477f-9e7c-d3aeade316fd,10,2:139.49 3:104.5 22:105 24:62.4 28:132.34 31:88.8
c41721d6-7b1c-477f-9e7c-d3aeade316fd,9,4:50 19:37 24:24 31:20.4
c41bb2b3-7768-478b-af35-f01cb167d4c9,10,21:10.9
c4250b41-a843-4834-bc5a-9afe95802e52,10,19:138.08 21:125
c4250b41-a843-4834-bc5a-9afe95802e52,9,10:37.86 15:42
c4270c30-09fd-413a-acb5-bfaa9e9f98d2,10,5:27.37 10:27.98 20:40 23:25.5
c42b66bd-6881-410c-8b34-800109810734,10,3:17.5 3:17.52 7:17 10:24.99 12:17.99 12:24.99 14:25 15:12.52 15:29.95 22:21.59 24:15.52 25:18 29:16 30:15.49 30:20.93 31:29.99
c42b66bd-6881-410c-8b34-800109810734,9,9:15 12:12.5 19:8.25 29:12.5
c42fef6f-d0d2-4d5f-9387-2db07c3c5a98,9,11:46.8
c433e959-d4ec-4323-8625-269031b4ab42,9,20:8.5 27:9.52 28:9.52
c43480cc-71e7-4f09-86f7-287472caee75,10,14:109.99 22:125
c436b178-f1f3-45d9-a4dd-8c0dbf65474b,10,26:81
c43c1d18-4889-43e7-aa19-1618cfea384e,10,18:95.51
c45a5b23-334b-424f-afb7-18fc63974610,10,13:147.69 24:147.69 24:384
c45c18d7-82f6-456e-afc2-36b0b79ace37,10,3:132 3:150 6:191.62 8:145
c45c18d7-82f6-456e-afc2-36b0b79ace37,9,1:35 11:50 14:36 24:31 24:44.4 29:66 31:95
c4632c4a-6ae2-48cc-b6be-a58fa8a37dfb,10,14:43.46
c4698cdf-767d-48ca-b1b1-fa2be7ab294f,9,9:42.08
c4770811-8b2c-406e-a2a8-a491c7be548f,9,24:14.4
c48a4ed5-9d07-44a5-aeda-cbe5f67339a2,9,18:114.99 21:125.96
c48a6060-c887-4823-b205-b8cdbe701b72,10,14:67.23
c48a6060-c887-4823-b205-b8cdbe701b72,9,29:35
c48dfde2-20e5-4615-aaa7-780d4a6b22f8,10,18:74.99 23:56.8
c4a16d78-202f-4087-9015-7cfc777c245d,10,29:22.5
c4a2ce32-2e52-4782-bbfc-408ee3e4376e,10,25:469.62
c4a2ce32-2e52-4782-bbfc-408ee3e4376e,9,10:152.5 14:169.99
c4abe3e8-643e-4489-91e4-60f8034d4598,10,4:200 17:150 21:225
c4abe3e8-643e-4489-91e4-60f8034d4598,9,9:65 25:46
c4b09b8c-6283-4c0f-8167-45789167929e,9,26:13.5
c4b0f91b-ef27-4626-b2bc-e4af704adc6a,10,16:2500
c4b0f91b-ef27-4626-b2bc-e4af704adc6a,9,4:200 9:132.5 16:71 16:127.5
c4bbdaf9-a1a9-4eef-80a1-8507a2c8c175,10,23:23
c4c54c0d-3c09-4125-81b0-5202dfdb0cd0,10,10:7.5 11:15.5 11:20.72
c4c65b13-bb6a-48bb-bea2-bfa79b8d551e,9,24:51.6
c4c7d405-7cd9-4176-8d41-caca46114f79,10,21:59.95 27:59
c4c9b864-d421-477a-a82f-ca884d276b4f,10,17:15.6 26:14.4 31:26
c4c9b864-d421-477a-a82f-ca884d276b4f,9,3:13.5 31:18.99
c4ced0b9-0df3-41ca-9fcc-4ced4cf310f7,10,21:216.5
c4ced0b9-0df3-41ca-9fcc-4ced4cf310f7,9,10:76 17:83
c4cee7e6-f2a9-450b-a76b-824a4aa9f203,10,2:336 3:285.77 3:331.5 3:350 5:445 10:345 16:394.99 17:321.01 19:319.99 19:319.99 21:355 28:399.99 31:350
c4cee7e6-f2a9-450b-a76b-824a4aa9f203,9,1:70 1:76.67 1:99.99 3:71 5:84 8:89.99 12:61 14:75 18:76.76 20:60 20:85 24:70 25:58 25:77 26:66 26:69.99 27:71 28:60.05 30:65
c4cf50bf-b105-4fab-8563-841c03567db6,10,17:174.3 25:173.5
c4d2dcaa-2952-4f12-9d38-5dd8ec78dafd,10,2:50 2:55 3:42 3:42 3:43.2 3:43.2 3:52 7:51.21 8:55 9:59.99 10:45.6 10:45.6 10:48 10:48 10:62 12:42 12:61 14:55 17:40.99 17:42 17:42 17:42 17:98.99 19:50 20:66 24:38.4 24:38.4 24:55.69 25:42 25:54 27:56 28:36 29:53.06 30:44.95 31:30 31:30 31:30 31:30 31:37.2 31:38.4 31:38.4 31:38.4 31:38.4 31:39.6
c4d2dcaa-2952-4f12-9d38-5dd8ec78dafd,9,3:16.8 3:18 5:35 7:47.58 22:34.95 24:19.2 24:19.2 31:20.4
c4d87c51-441f-4718-88e0-810cbf2d8048,10,3:27.01 5:33.92 6:35 16:30 20:41 24:38.47 25:27 27:33 29:25 31:46.8
c4d87c51-441f-4718-88e0-810cbf2d8048,9,2:17.52 11:13.5 11:15 12:15 12:15 14:20 17:14.25 19:13 31:8.19
c4dd794c-928d-42ac-8ca6-ba38dd6221d9,10,2:31.96 5:31.5 7:31.96 14:22.5 16:26 23:30 24:41.89 26:31 29:28.89 30:34.99
c4de5e1a-9a6a-4ec7-ba64-7fc6483c75c1,9,7:57 12:80
c5054476-49e2-4bbb-8bb1-252f1a079bc7,9,19:26.88
c50bde5d-78d9-423d-8cf4-0cf32fff241f,9,11:63
c526e4c7-db93-441e-9b8a-53e0bdccce4a,10,3:66
c528dd9d-22f4-4ff3-93f5-0e6bd1c31f00,9,25:6
c5297ca6-4bfd-4d95-9315-43a3ae8dde1b,9,24:18.02
c5377c00-2572-4737-b518-ca9bc43ebd5a,10,22:360 24:365
c53c0e28-77c6-40c1-93fd-b9aaf6168971,10,1:180.24 2:227.5 3:184.99 5:177.5 6:226.38 9:185 10:207.5 10:210 11:188.5 13:173.5 15:187.5 15:200 17:177.5 18:200 19:165.5 19:170 21:174.5 24:174 25:204.61 30:163.97 30:174.99 30:202.5 31:180
c53c0e28-77c6-40c1-93fd-b9aaf6168971,9,4:74 5:72 5:76 10:81 12:118.48 15:86 22:65 23:59 25:84 27:80 27:80 28:85
c5464c5c-2356-4105-b085-2ec731bb581c,10,15:11.5 15:12.5 15:15.5
c548cfe0-9d97-4041-b9bd-82a97585b7ab,10,8:132.01
c548cfe0-9d97-4041-b9bd-82a97585b7ab,9,10:41
c5596b34-5539-42ee-a8bf-7692b4fba5aa,10,4:19.21 4:21.61 4:25 23:15.5 27:18
c55f439a-99ad-40fe-a2e0-a8c4f53b0d59,10,3:404 9:499.99 19:624.99 23:525 26:500
c5626e45-5cf5-4631-838f-5e0cc783f80d,9,3:99 11:200 13:196.2 24:152.5
c569e099-a1c2-45a6-bb0a-4555ba494ba4,9,10:115.01
c56d8f54-a876-4d16-b2ad-41b48eae1741,10,1:17.67 3:17.52 5:16.05 5:36 8:19.99 9:18.5 9:20 9:32.47 10:20.5 10:21.6 10:31 11:18.51 11:18.52 11:20.5 12:15.5 14:20 15:25 16:24.99 17:18 17:19.99 22:21.5 23:17.52 24:17.52 24:24.9 25:31.15 28:16.5 28:19 29:17 29:28.95
c57cbadf-ab74-49ef-ad8b-2b9f0a7bbd6d,9,19:19.38
c57ddd5c-7fab-4209-b9d8-389df04f775d,9,9:412.89
c585834a-eb6a-4aa5-a1f5-b830fcae7e43,10,20:63 31:40.8
c585834a-eb6a-4aa5-a1f5-b830fcae7e43,9,29:18.5 31:17.5
c586b27d-20c6-4332-a749-cc82c9a6fd96,9,5:28.72 17:15.52
c588294c-9c11-41a3-8d3a-0d43f4dc5a27,9,29:14.75
c589c146-6b91-418f-afff-4a1b875902f7,10,19:124.95
c589c146-6b91-418f-afff-4a1b875902f7,9,30:86.66
c5987b6c-2752-4ba4-92ff-5b8b1152d363,10,9:619.99
c59a4949-0612-46fe-aeb3-8974be844355,9,8:34.99
c59de4a3-578b-42ee-acdc-44cc4d448bc3,9,3:103.2 4:87 6:95 7:76 7:80 9:175.74 10:86.4 12:79 17:64.8 19:107.5 25:95 28:100 28:138.48
c5abb065-9ae5-4063-b1f7-3ddf3b1d022a,10,3:52 5:46.21 5:48 9:70 10:46 11:49.99 13:65 16:45 16:59.99 17:75 24:40.8 27:75 31:66
c5abb065-9ae5-4063-b1f7-3ddf3b1d022a,9,2:12.5 2:15.5
c5ad7a69-1fd7-4e22-a983-c755accf80b3,9,9:46
c5b6cd1a-d36f-42ce-936a-eb8fd200d785,10,4:52 7:70.01
c5bdd03d-0fe0-4e8c-bb40-69fa38126769,10,3:120 10:132
c5bdd03d-0fe0-4e8c-bb40-69fa38126769,9,3:34.82 4:27.88 17:27.6 20:34.99 20:36.02
c5c28c39-df6a-4e57-afbc-b75c0de9e074,10,15:100 22:179.99
c5c28c39-df6a-4e57-afbc-b75c0de9e074,9,15:45
c5d3d7ab-ab3c-40c4-98f0-5b0478d363c0,10,5:107.5
c5f1c3a5-de42-4976-a163-ed725bfc1f91,9,8:230 15:259.99 25:153.5
c5fa485f-b7c6-47a3-82e4-a4321aad8acb,10,12:390
c600682e-f2fa-4908-a124-1a6eaffa3fbf,10,15:15.5 27:33.99
c60928af-fc27-4024-b428-4cd1d77f1343,9,5:2400 17:2130 21:2200 22:2250 31:2250
c60ae28a-158d-404b-82f7-e7d07ce0f16b,10,2:99 5:63.61 27:31
c616a2b3-16f9-4dd5-9df2-e75fe5d170f0,9,24:39.6
c61ffc15-8492-4c80-8265-bfc8794bedf7,10,10:110 10:180 15:107.5 17:110 23:150 26:119.99
c61ffc15-8492-4c80-8265-bfc8794bedf7,9,3:36 3:38
c628f4eb-c3b0-423d-b890-2835f01377b4,9,14:66
c62b3fec-6bbd-4826-bac2-3720f3dd177e,10,16:2650
c62b3fec-6bbd-4826-bac2-3720f3dd177e,9,10:340 11:271 17:234
c62b7da3-d0e3-4ba9-aa2c-48fafd133918,10,17:26
c62ec0ce-a2fa-4ae3-9e20-fae090c91b71,10,1:131.5
c632e09b-99b0-45c0-8b97-b5d229d0a5d7,9,12:225 20:165.02 21:405
c634b3c4-3879-49b6-a21e-d9a9d92f14f2,10,1:455 10:186
c634c585-e6ca-4cc9-b4af-d1217b0f97fe,10,21:150
c634c585-e6ca-4cc9-b4af-d1217b0f97fe,9,5:15.02 22:32.5 24:9
c63dc433-027c-4d27-9753-3b62301efecb,10,2:72 4:72 7:78.99 16:79.99 20:63 29:70 31:52.02
c63dc433-027c-4d27-9753-3b62301efecb,9,8:17 9:36 10:17.99 11:16.5 14:18 28:17.45 31:15.02 31:20.4 31:31
c6451992-791f-4302-931f-aac5e635038f,10,29:99.99
c64a0522-275f-450c-aaa6-dcb11822148f,10,10:24.99 16:15.5 19:20 19:22 28:20.5 29:20 30:25
c6584e72-26e5-4d2c-9450-43b9891ab730,10,8:29.99 14:28
c6674b4d-6ed3-4667-8274-0a1d1ab3bdb8,10,10:499.76
c6674b4d-6ed3-4667-8274-0a1d1ab3bdb8,9,8:137.99 19:168.5 20:207.12
c6683748-2b0c-4113-85b7-a629e17f496e,10,18:162
c673bedb-e785-4812-8b7a-65c69d2cda94,10,1:54.98 3:26 3:31.2 3:34.99 4:31.5 4:54.04 5:28 5:31 6:34.99 8:40 11:22.01 11:26 11:27.99 11:30 12:20.75 12:31 16:29.99 16:40 17:22.8 19:26.25 19:39.99 24:28 24:29.99 24:30 29:29.99 29:40 31:37
c67ae1b2-ab33-4ec3-88ec-04db9076d709,9,10:33
c6836a9d-9327-4475-8775-32d4eaaa5bf5,10,24:225.5
c6836a9d-9327-4475-8775-32d4eaaa5bf5,9,26:85.52
c68cc128-14ee-441b-898b-0630d6f4f1a2,10,4:260.76 12:178.05
c6928486-f2e4-4475-a2e5-69af25b16a45,10,2:249.99 3:170.09 4:177.5 5:177.5 5:182.5 5:242.32 6:173.5 8:184.5 8:210 16:200 21:165.62 21:209.99 21:209.99 22:199.99 24:188.5 25:181 27:209.99 28:244.27 28:360.92 29:225 29:248.5 30:177.5
c6928486-f2e4-4475-a2e5-69af25b16a45,9,23:80
c6996520-5dfa-4e9d-b60c-74b0bd1e5534,10,1:89.1 7:66 9:33 16:47
c6996520-5dfa-4e9d-b60c-74b0bd1e5534,9,2:19.37 3:9.5 13:15.5 17:23.5
c6998e85-ab48-4d0e-91c7-aca39a4434d0,10,28:38.95
c6ada9e4-f9f6-4163-88a6-eac040c49e1b,10,30:6349
c6ada9e4-f9f6-4163-88a6-eac040c49e1b,9,7:157.5 13:171 13:262.49 20:198.5 21:198.5 28:175
c6b111c0-4bac-46f8-97c0-0e48c4a085e9,10,9:40 15:45 24:50
c6c5e300-4195-4921-b1a7-fe5a27f4053c,10,5:49 10:25.5 11:49.31 25:35 27:30 28:47.08
c6c5e300-4195-4921-b1a7-fe5a27f4053c,9,3:6.5 4:15.08 5:27.16 11:15.5 13:29 18:12.53 25:11.03 26:18.05 31:10.5
c6c68734-04e1-4bb6-8313-a72b98ee31c8,9,3:30 10:26
c6d883e8-7624-43b6-a986-ae0b7e4f8c9d,9,29:28.5
c6dc5d94-6080-4320-b8d9-ef111961cc76,9,20:50.96
c6dfb119-7623-4eb8-85a3-75c98305f0ef,10,1:93 2:76 2:99.99 2:115 3:95 3:132 5:97 5:100 6:76 6:129.99 8:133 10:88 11:115.89 11:120 11:127.5 12:100 14:73 15:126.65 19:91 19:99 21:105 21:124.99 22:85.34 24:99 25:120.95 26:122.95 27:95.99
c6dfb119-7623-4eb8-85a3-75c98305f0ef,9,2:30.76 3:36.02 3:41 4:42 7:38 7:45 9:41.02 10:38 10:49.99 10:52.91 11:36.02 12:23.5 12:23.5 12:23.5 12:26 12:43.02 15:39.99 17:36 17:40 20:38.99 23:38 24:33 24:37 24:40.8 25:33.99 25:35 25:37 27:35 27:40 27:45.51 27:55.67 28:36 29:40 29:42 31:23.5 31:29 31:41 31:48.68
c6e3ac66-4552-4398-b0a4-da91addd4a31,9,7:15.53 24:13
c6e4002c-5d83-4248-8223-c88bc2c5cf23,10,1:287 2:335 2:345 3:253.01 3:295 3:311 3:320 3:361 3:375 3:480.22 5:338 7:320 8:320 8:350 8:400 8:500 9:350 9:366 9:380 10:312 10:355 10:500 11:305 11:325 11:325 11:369.99 11:385 12:271 12:305 12:360 13:320 14:330 14:430 15:273.61 16:305.96 17:310.55 17:317 17:325 18:310 20:330 20:650 21:295.25 21:331 21:365 22:290 22:375 23:340 23:349 23:380 24:312 24:349 24:350 25:330 25:355 26:330 26:337 26:340 26:350 27:340 28:349.99 29:355 29:375 30:350 30:375 30:380 31:325 31:330 31:335 31:360 31:440
c6e4002c-5d83-4248-8223-c88bc2c5cf23,9,2:219.99 6:193.99 7:127.5 7:132.52 7:175 7:189.99 9:180 9:199.63 10:150 10:165 11:135 12:133.49 13:160 14:142.73 14:152.5 14:180 18:172.5 19:152.5 19:430 21:117.5 21:165.74 22:199 23:170 24:152.5 24:170 26:180 28:380.82 29:175 31:147.5
c6effe56-b55c-4239-878d-4a7d1557d6b0,9,6:119.99
c6f57cdc-0b7f-43b9-b2de-c6a82323103a,9,5:70
c7045182-7edd-4d51-94a2-70337089c75f,10,19:17.53 23:7.01
c734897f-b9c7-448d-8c69-e6d66430149a,10,11:80
c7362627-4261-44e4-9f2e-2870cbd95a32,10,10:97.86 26:65
c749d71b-1bad-474b-b193-19a44ac9461a,9,31:18.5
c75c798d-8094-4cee-8891-ff6f876ee6eb,9,17:19.2
c7764608-2175-4703-a5e5-5add7b22f40b,9,3:115.5 31:149.99
c77b738d-8661-4f22-a6fd-d5dfdbac6af7,10,6:60 19:125
c7849cea-4861-4a3c-a18c-c4cac9ff8799,10,1:315 2:280 2:303 2:349.99 3:227.5 5:211.5 5:222.5 6:174.2 6:205 6:220 6:222.5 6:290 6:304.99 9:238.15 9:305 10:205 15:250 15:260 16:240 16:242.5 17:249.99 19:260 20:205 23:290 26:235 27:388.36 29:295 30:255 30:275 30:275 31:275 31:281
c7849cea-4861-4a3c-a18c-c4cac9ff8799,9,5:105.25 5:107.75 6:122.5
c78c70eb-d4ac-4af1-af5f-0dd25d22089f,9,20:310.68
c7af322b-9b2e-48f0-9678-7a07d75c6807,10,2:150 3:150 3:179 10:81 10:112.5 24:69.6 24:97
c7af322b-9b2e-48f0-9678-7a07d75c6807,9,3:36.02
c7b67170-308f-4c01-a841-69769ccc7faa,9,3:15.02
c7c48681-89d3-421a-8077-52b205ac35c1,10,24:1700 26:1850
c7ca6634-17f5-45d9-a1dc-2c6ab28f8ea9,10,2:22.99 3:14.4 7:18.99 8:16.99 9:14.5 9:40.75 10:20 10:22.5 11:15.5 12:15.5 12:20.99 12:21.99 12:23.5 12:24 12:25.5 12:26.09 12:26.99 13:14.99 14:15.5 14:18.5 15:15.99 17:20 17:25 18:26 18:35 20:23 21:20 21:20 23:21 23:21.49 24:12.03 24:21.5 24:26 25:21 25:21.5 28:17 29:15 30:9.99 30:15.5 30:20 31:12.5 31:13.5
c7cc898f-765d-403e-8faf-cd21afe01d2d,10,4:140 11:30 14:21.5 15:26 17:32 22:29.89 23:40 24:32 26:22.5 31:49
c7dc7316-c8a9-477e-8ddd-3b4ff8774e89,10,4:33 6:40
c7dc7316-c8a9-477e-8ddd-3b4ff8774e89,9,20:15
c7dde8f3-3036-4f8c-8101-488e19861f87,10,2:79 3:99 10:66 10:103 24:52.8 24:91 24:99
c7ece0c0-b984-4b96-97e2-babd254a94e7,9,6:11.52
c7fbc860-93fa-4d9a-bac7-e3052dbf3d25,9,4:179.44 30:105
c80186af-a4a7-4f02-996a-f9256c0402c5,9,4:17.9 9:22
c8055c52-5efe-40ee-b5c1-e9a331493707,10,9:50.51 10:42
c8055c52-5efe-40ee-b5c1-e9a331493707,9,5:54.52
c80b6f2c-141f-4434-985f-35bb8cdc80bb,9,12:15.5
c81856db-5048-4b3b-849d-832d29c780d6,10,2:20.5 5:11.75 7:12.52 8:22.26 10:9.99 19:9.19 29:17.52
c8188dbd-fdc1-4e24-bf3d-55f530cd0334,9,4:285 12:227.2 17:250 26:220 31:264
c81d115a-69c4-4cde-b7af-d1caa03134b8,9,15:12.5
c8236e19-514d-4243-ba82-3bab96d3d0be,9,10:59.99 26:49.99
c846bc3f-28f2-4cb5-b2e8-fa89d9097540,9,5:140
c84b42f3-7cc8-4e71-90c9-ce2c6b31f559,10,10:15.5 11:20.5
c854b5a7-238c-40f7-819c-d76dee8b24f1,10,24:465
c8589e7b-8778-46b0-aef5-35dd04267ac2,10,10:250
c8589e7b-8778-46b0-aef5-35dd04267ac2,9,24:71
c866ff8c-34db-400a-a5a1-b86bc0c4cd32,10,10:2310
c866ff8c-34db-400a-a5a1-b86bc0c4cd32,9,3:160.5 4:229.99 5:517.49 8:202.5 10:216 18:220 19:171 22:275.9 26:157.51 31:222
c879835b-e262-468c-a7b6-fc28866894fc,10,1:20.5 2:22 4:20 5:14.5 6:22 6:23.77 7:14.99 7:20 11:17.52 11:19.51 11:20.5 11:22.5 12:17.52 13:17.5 17:12.5 17:17.52 20:17.52 28:20
c8829a20-5b4e-469e-9b91-7f00b9b6a7af,10,27:1350
c886c409-e766-45b3-b85f-11aa0f6b5658,10,1:25.52 1:36.86 2:36.86 2:37.5 2:52 3:20.5 3:40 8:44.99 10:34.8 10:37.79 13:44.99 15:36 17:26 17:31 18:30 19:30 23:27 24:27.5 25:40 27:25 27:28 27:36 28:28 28:43 29:36 31:30
c886c409-e766-45b3-b85f-11aa0f6b5658,9,1:27.4 3:23.95 4:23.95 9:23.95 10:12.51 15:23.95 17:21.02 24:21.99 24:23.95 26:23.95
c889f9d4-63f2-44e8-838a-86fb5ffc6235,9,9:57 20:51 24:50.4 24:52.8 24:52.8 24:72 27:52 31:45.6
c8926a19-9a2a-4757-a3fb-27687473a60c,10,2:190.5 9:210.5 10:155 10:209.46 24:192.14 28:199.99
c8926a19-9a2a-4757-a3fb-27687473a60c,9,29:120 31:86.4
c898b4cd-1e23-41f6-9238-db4fb425b752,10,9:26.01
c898b4cd-1e23-41f6-9238-db4fb425b752,9,6:18.5
c8a66e01-87c7-44b4-a4ff-d100b76cdb30,10,3:88.32
c8ad96bc-2ab5-4ddb-9ed6-b179318b210c,10,16:20 22:14.71
c8b6f953-88ce-4131-8c66-ab09a788379a,10,10:620.02
c8b6f953-88ce-4131-8c66-ab09a788379a,9,9:165.75 20:345.2
c8c7b618-b958-4d3b-a9c7-fd5c8684fd8b,9,7:28.95
c8da4997-7b40-4fa6-9f3c-c02a7ac41bb4,10,26:66
c8da4997-7b40-4fa6-9f3c-c02a7ac41bb4,9,7:15.5
c8ddeab8-8b87-480c-a1cf-84403af186e7,10,14:60
c8e97f5d-9694-4fd9-bad2-baa1300b794c,10,17:142.5 18:130 18:175 27:149.99
c8edbb15-f46c-4239-b4b4-921b697321f7,10,9:450 9:498.69 10:455.79
c8edbb15-f46c-4239-b4b4-921b697321f7,9,24:175.99
c8f91dcd-84d8-489b-871b-76227a8bab68,9,3:66
c900007c-7c2d-4b98-b5e1-f3d82c735bfc,10,2:840 3:690 21:800 25:899.99
c900007c-7c2d-4b98-b5e1-f3d82c735bfc,9,3:525 20:510 26:425 29:500
c9011d3a-5df9-4f85-9e7a-d4d90d8f19eb,10,1:169 3:108 10:192 22:169
c9011d3a-5df9-4f85-9e7a-d4d90d8f19eb,9,23:65 24:34.8 31:42
c9022ba2-9faf-4182-a304-7706afc5676c,9,12:49.95 20:49.95
c90744fd-9539-4a4b-bcec-8c245ae4fc2a,10,4:212.5
c908a623-c62d-497b-830c-b3372a437fb3,10,4:325 4:399.99
c90ca3d9-8bd4-4648-9309-476a443d9147,10,2:30 3:26 5:18.6 7:23.16 7:45 8:20.5 10:26 11:18.5 11:23.51 11:31 12:22.52 15:23 17:25.84 21:36 23:19.5 24:18.52 24:36 25:30 26:22.5 26:30 26:49.97 31:20 31:36.97
c912c2c9-be7a-4b5b-96f9-74c1174e3098,10,5:52
c913ce0b-38c0-45fd-a86b-b91923f49f1f,10,17:37 24:43.2
c915164d-884e-442d-ace9-62f053ae185a,10,1:18 3:20 3:22.8 5:16.5 5:16.5 5:27 6:24.98 6:25 9:24 10:20.5 11:16 11:18.5 11:20.51 11:24.5 13:17.52 17:19.99 22:27 24:17.99 24:20.5 25:25 28:20.5 29:24.99
c9202661-6990-4e44-b9e5-a468cf54e694,9,24:24
c923220b-4352-4226-8277-ad0c1336744f,10,4:250 12:86 12:110 20:122.5
c923e35b-0c51-49e2-a8a0-e657c0daa9e3,9,24:84
c9264e57-3972-47d2-88ce-ae6eddb6e5d7,10,26:43.08
c9286cb4-c166-4231-859b-dd0baa35e394,10,5:56
c92a8a62-2198-4d22-842c-2016d67b90a4,9,4:8.5
c9372a87-9d00-479c-90b3-ff53c3f5ec18,10,27:76
c9431c50-2aac-4638-bb5e-1bb310f63240,9,16:13.5
c94570f7-c44c-4a57-894e-5f5bb52a1b9a,10,17:271.45
c9564424-d771-4745-bd6c-5e2e9dc6918e,10,17:292.23 17:345.18
c9564424-d771-4745-bd6c-5e2e9dc6918e,9,31:55.2
c9709526-453e-4129-889b-3b312ddff2a3,10,10:105.6
c974af48-0f71-4aac-b1c2-67d531451397,10,1:42.56 10:20.86 15:41.8 24:42.85
c98371bd-8d9d-4980-9b77-78fc19004ccd,10,25:51
c98371bd-8d9d-4980-9b77-78fc19004ccd,9,3:26
c9885a1f-28f0-4933-83c1-6440c7f83e60,9,5:55
c99085d0-ebd4-46ae-a724-bcc2a1026771,10,4:21.5
c99a5d10-4814-4d3d-8b22-76ad19bec33b,10,10:17.86 25:22
c9a162be-7c55-4e01-a144-c2c5286fa098,10,5:94.99
c9a162be-7c55-4e01-a144-c2c5286fa098,9,6:24.39 6:29.48 10:24.99 19:15.5 20:24.08
c9a1ce22-e1f5-415e-8a44-bb0f11c11cca,10,17:19.2 25:30
c9a52ac4-4481-4602-adc7-0e5ab23780a2,10,12:39.99
c9a9836f-0e2b-498d-8aa1-9e15f43d914e,9,31:21.6
c9aafce2-50e5-421f-9684-11daa6cb9c31,10,17:18.62
c9d3039f-b46d-4e37-8710-19777800a714,10,30:7300
c9d3039f-b46d-4e37-8710-19777800a714,9,26:785
c9d9b292-247e-42dd-b908-ea565c343f4d,9,7:900
c9da0966-5cea-4f74-bd09-921bb995f9d3,10,5:124.99 15:33 15:34.26 15:35 15:35.69 15:36 15:36 15:38 15:38 29:80.23
c9da0966-5cea-4f74-bd09-921bb995f9d3,9,6:11.52 15:16.5
c9df4336-5642-4ea1-9aae-8f009668eab5,9,1:350 10:391.47 10:412
c9e0d840-9e38-476b-a198-3f8be3ad849f,9,20:100.84
c9e7cba4-b12c-48c7-ad54-6fced389c6df,10,9:25
c9e9a9fd-278d-448b-ac30-09efba3fc45d,10,17:82 29:149.99
c9e9a9fd-278d-448b-ac30-09efba3fc45d,9,7:26.1 9:14.5 10:29.95 24:37.2
c9f2783a-64ba-47f5-9c3a-950004292d6e,9,25:100
c9fc85ba-c519-4fa2-a1b7-f44aecf54983,10,9:132.27 10:57 27:89.98 28:89.98 28:90
c9fc85ba-c519-4fa2-a1b7-f44aecf54983,9,13:38 18:39.95 22:23
c9fcd98a-839f-4fbf-9db4-37bad0620c22,9,4:50 10:62 23:75 24:55.2
c9fdbf86-706e-4f3a-85b6-593efb483d74,9,7:170.39
ca150fbd-ca37-4782-8edb-8b3a3a593dfb,10,1:149.99 5:67 10:71 31:60
ca1acf9c-c0f9-4314-b123-9f46326f46b4,10,15:14.5
ca1d2f8e-010f-4080-b0bc-95f9fa47840c,10,22:400
ca1e68dd-905e-41b0-bee8-e2e570604879,10,11:1750
ca1e68dd-905e-41b0-bee8-e2e570604879,9,3:109.19 30:170
ca2570b0-f17b-4cd1-ba79-39437ccbf43c,10,1:54.65 4:90 6:41 10:69.99 12:42 12:56 21:28.75 25:54.53
ca288438-d7a8-462b-b3ca-88476af0ca37,10,3:35.02 16:50.88 20:33 31:40.8
ca311176-0086-4e1d-a742-7e71bff66499,10,3:51
ca43fb58-6ee0-4715-b802-6d79419cb933,9,25:49.99
ca45daa2-07fc-41aa-97e6-09d887ecbd1c,10,10:19.24 15:15 15:15.5 17:15.5
ca4655d9-931f-4583-b963-7d1d6a002f2d,10,17:198
ca57de46-d4e6-4131-be31-1fa675fbf2a5,10,7:159 8:83.62 14:86 24:94 26:79 27:77.25 31:82
ca586386-d284-45fa-bd3b-e2970dd539c5,10,17:14.4
ca5a9d44-6fcd-4771-b421-2ba6bf9b144d,9,8:180
ca6250b4-c982-46b7-a40b-b82d9b917cdf,10,1:23.95 2:17.52 2:22 3:12.5 3:14 3:17.52 3:20 4:16.5 4:17.5 4:19 7:17.87 9:18.5 11:18 11:19.5 17:15.6 18:17.25 18:18.5 19:15.01 19:17.8 23:20 24:12.02 27:15.5 30:11.7 31:19.99
ca690be2-9f0f-410e-b3e3-033777594800,10,17:25 24:31
ca770e4f-d988-475b-acd4-86e86f1c6e78,10,3:89
ca770e4f-d988-475b-acd4-86e86f1c6e78,9,14:53.95 19:78.16 21:28 24:27.6
ca880e69-a7fe-4b75-9146-ba814f84227e,10,3:207.5 6:270.7 13:160 24:175 24:237.5
ca880e69-a7fe-4b75-9146-ba814f84227e,9,19:37.76 21:89.99 23:23
ca92dbee-7422-4aed-b51f-586532ed33ce,9,7:152.5 10:156 10:168 10:168 10:175 15:130 17:168 21:125 24:175
ca942e0b-1f05-4172-8772-4ed3d469ec19,10,10:69.6 16:57.5 16:65 17:50.4
ca942e0b-1f05-4172-8772-4ed3d469ec19,9,24:20.4
ca996a12-40cc-45e4-ba5b-5d7b93728798,10,3:31
ca9c042f-8108-4693-a039-8e0ebc3d53d1,10,1:40 3:31 3:36 3:41 8:40 12:28.47 14:37.03 17:42 18:48 19:35 21:40 22:58 24:29 24:37.2 25:41 25:104.42 26:55 30:36 30:42.55 30:45 31:34 31:40 31:50
ca9c042f-8108-4693-a039-8e0ebc3d53d1,9,2:10.5 3:14.5 3:14.5 5:7 5:12.5 5:14.02 5:14.02 5:15.5 5:25 5:25.78 6:25 7:47.63 8:14 9:12.49 9:27.47 9:29.99 10:14.99 10:19.5 10:20.4 10:25 10:31.99 11:11.5 11:25 12:9.52 12:25 13:15.5 13:25 14:17.36 16:9.02 16:11.5 16:14.5 16:16 16:42 17:15.6 19:25 22:25 23:9.74 23:13.5 24:12.5 24:13.02 24:14 24:17 24:17.5 24:29.97 25:13.5 25:16.5 26:20.5 27:14.5 29:25 30:10.5 30:12.5 30:19.99 30:20.01
ca9d0100-e37f-41a3-b83d-fcbd8790aa00,10,21:120
ca9d0100-e37f-41a3-b83d-fcbd8790aa00,9,31:38.4
cab169f1-44e5-4c39-a007-a401be4b8a9a,10,31:2799
cab169f1-44e5-4c39-a007-a401be4b8a9a,9,3:475 6:575 7:571.68 8:520 10:611 11:499 13:450 18:485.8 20:550 27:619.99
cab41d0b-5fe7-44fc-bb2b-3efce49b08d2,9,17:74.4
cad0e2a1-abd2-4f59-af1a-caa98770b18d,10,7:4999.99 10:2420.51
cad0e2a1-abd2-4f59-af1a-caa98770b18d,9,16:700 31:750
cad70996-7748-4e46-93b0-4ca2d3c91372,10,2:14.99 7:9.99 7:9.99 11:6.5 21:16.5 25:10.5
cad70996-7748-4e46-93b0-4ca2d3c91372,9,1:2.25 5:8.99 10:10.5
cadb7716-6486-4a7d-b368-e124113f0bf0,10,5:127.99
cadb7716-6486-4a7d-b368-e124113f0bf0,9,4:27.61 4:30.01 13:23 14:20 15:44.99 18:15 20:29.24 31:19.2
cae6558e-2e4f-48c3-943d-ed4d2f932349,9,6:110 7:81.29
cafda826-d649-49ab-9eec-6406cd7150f1,9,9:102.5 27:199
caffc42b-4fe4-49f3-bcc9-69d486c92474,9,6:75 17:62.4
cb0088c1-0793-4507-9726-027dff863d15,10,26:2727 28:3999.95
cb0088c1-0793-4507-9726-027dff863d15,9,21:950
cb0dd916-e802-48cc-ad6e-2f7bd427517d,10,21:40
cb0e5ce3-3661-427c-9ae4-7d88eb1d1626,10,17:11.5
cb1c8e17-3ce9-4434-837d-f4628e56a4d0,10,27:39.99
cb1c8e17-3ce9-4434-837d-f4628e56a4d0,9,26:12.55
cb267355-a750-4c9a-a175-8e62b516a9e4,10,3:28 21:90
cb2a6626-52b4-485d-bd6b-ef0ca4a36e25,9,29:275
cb40db54-2e26-409c-8c6d-ad62d0d7c28c,9,3:86.4
cb41ec5e-15ab-4c0a-b2a7-8ebc1a4bcaf3,10,4:71 25:355
cb41ec5e-15ab-4c0a-b2a7-8ebc1a4bcaf3,9,30:34 31:26
cb4e11ad-5c02-42d1-bde0-333fd1e65ff6,10,18:50
cb4e11ad-5c02-42d1-bde0-333fd1e65ff6,9,5:17.46
cb508cff-86dc-4631-8e19-361f3f4d788e,10,17:143.5 21:231.28
cb544705-21ff-4903-a6fa-0794de85ea62,10,11:335 16:349.99 30:266 30:400
cb6027ee-2c19-4382-bdc0-0cc669b0546c,10,27:140
cb6027ee-2c19-4382-bdc0-0cc669b0546c,9,4:60
cb60ef30-3f89-457c-a2c2-de2309312383,9,1:203.5 1:250 3:205 5:224.5 24:264 28:250 31:250
cb7bd9aa-a844-47df-903c-5cca8ea7efca,9,11:89 30:132.5
cb80e39b-dc35-492a-a879-e81118710e5a,10,1:30.36 10:25.2 11:28.86 11:30.9 13:27 13:28 14:18.5 25:29 31:20
cb874097-907a-43cc-8989-af935f1862f2,9,9:29
cb906604-2914-446a-aa84-ed921234143b,10,24:40
cb93bc96-f134-4c89-9a89-21072db259d5,10,1:28 29:38
cb98b0d4-121b-406f-beef-ebdf8c22b5d7,9,24:150
cb9d0ef6-0e65-4ae0-a372-f2e2f0f223cb,10,2:159 22:159.99 24:107.5 27:159.99
cb9d0ef6-0e65-4ae0-a372-f2e2f0f223cb,9,2:23.5 12:14.5 12:15.5 12:16.5 12:18.52 12:21 12:22.5 17:30 22:18.99 23:35.99 27:39
cbae2b7b-c3b6-496b-86f9-3576df01b60b,10,7:20.54 18:19.5 26:20.53
cbb084de-d460-4a2a-af93-f8590b590b69,10,18:31
cbb1ded9-4b2a-4daa-9aae-a6339b9a69b9,9,21:75
cbb33413-fbe7-4c7b-ae7e-26b46faa65d0,10,8:70.99 21:72
cbb33413-fbe7-4c7b-ae7e-26b46faa65d0,9,2:51
cbb93248-406f-41d4-a5b0-1cd21c5b02fc,9,31:55.92
cbbb3437-18b4-4631-a733-802691cff96f,9,2:77.38 5:90
cbc5ced3-173a-4352-bceb-2bbce116bbad,9,13:28
cbef95cd-055a-4c2b-9348-70fc0b60e1f1,9,4:103.6
cbf4a685-83b4-402a-b108-94c258237183,10,14:70 30:36 31:34.8
cbf4a685-83b4-402a-b108-94c258237183,9,3:13.2 11:17 15:11.5 24:13.5 24:16.5
cc025ea3-c71a-454d-b040-90ed9a4b71df,10,24:76
cc04ff7e-78aa-403f-9313-704d05cf0740,10,17:3050
cc04ff7e-78aa-403f-9313-704d05cf0740,9,1:360 5:360 10:270 15:329.94 17:325 26:325
cc1063f3-67c0-4393-990e-c7ccccfd5598,9,17:69.6
cc1320ba-1053-41ee-8d34-e84cba9e4526,10,25:15.53
cc15e014-290c-4d19-b1c3-76f74d15f3a0,10,5:31.5
cc15e014-290c-4d19-b1c3-76f74d15f3a0,9,19:10.25
cc165ce4-643a-4789-ad3f-6d11f30ded8c,9,25:352.95
cc19781c-abba-464f-8ff1-ea11b9832091,10,8:67.99
cc1c8053-c8a8-4582-92b7-a43535296131,10,10:86
cc227266-9177-4772-a84a-e66c1514f8cb,10,17:24.99 21:40
cc255ef7-8275-4a77-9f84-aebc77ea66a8,9,13:306.5 14:337
cc25f8b6-f291-4d19-ab11-162b263ccc4e,10,2:146.84 16:76
cc25f8b6-f291-4d19-ab11-162b263ccc4e,9,15:65.98 28:49.98
cc30ce74-c6fe-4a1f-8687-a0cebf93ec76,9,13:142.5
cc37eff4-fdb8-4b4d-9eee-60dc5bc9be36,10,1:43 2:59.99 2:63.99 8:50.89 9:58 16:68.4 18:55 24:87 31:43.81 31:47
cc37eff4-fdb8-4b4d-9eee-60dc5bc9be36,9,12:22.49 13:30
cc44f117-5c8e-4ab4-89f5-d2adda942bd5,10,7:45.26 12:22.5
cc4b0711-6e71-463a-9538-6db62d97927e,9,26:45.99
cc4de4a2-093e-4560-92b8-548af4611253,10,29:22
cc5471a1-6003-4b08-b9ba-3a9cba7e2cc0,10,11:27.62 23:11.5
cc5d2167-0025-45df-b502-a25253845b79,10,4:17.81 23:19.5
cc64a336-fc68-4d8c-a1ed-bf2fab74dee0,9,4:65 6:38 20:50 23:75 31:64.99
cc7438bb-1f20-4bd6-b3e4-b6173f102d4e,10,4:135 20:149 23:130
cc7438bb-1f20-4bd6-b3e4-b6173f102d4e,9,17:15.5 21:30 22:27.5 24:26.4 26:20 28:23.5
cc7a468c-367c-4c56-9d84-5c844d7bd9e1,10,11:386.29 11:424.99
cc7f460b-3f7b-41ab-8a01-489e2644caab,10,10:7
cc84f489-fb8d-4b1b-8b67-56b5eda5720f,10,3:15 3:22.02 3:24.99 6:26.83 11:22 26:25.95 31:25.39
cc952d85-0707-452d-8554-6f6ba10f63ed,10,10:42 24:49.2
cc98ef8b-acfe-4404-a537-2963a7d6dc70,10,24:360.55
cc98ef8b-acfe-4404-a537-2963a7d6dc70,9,10:95
ccb43cbe-02e8-4b68-9030-5c37f4717c2a,9,13:76
ccb7a981-6337-4089-9a37-3195a532c659,10,2:47 8:41 9:55 15:34.53
ccb7a981-6337-4089-9a37-3195a532c659,9,2:15.99 10:5.24 20:20 21:15.54 26:15.55 30:15.5 30:23
ccbad480-eb9b-45c0-bbb8-70141fb6e13e,9,5:17
ccc36d5e-44a8-4d51-86f1-c2950377f6bf,9,10:86
ccc819de-28a2-4a24-b859-ddb82609eca7,10,3:33.6 3:34.8 5:20.95 9:19.5 14:20.06 15:34.85 18:76.6 20:40 21:42 24:27 25:54.99 31:31
cccb4611-f783-41ac-acdf-5015a58772c1,9,31:15.52
ccce46f8-5cc2-4271-b37c-13c11ad73b3f,9,16:25 17:15.4 31:13.5
cccec104-adcf-41e8-84ef-3e9899ecf757,10,20:285 21:238.73
ccd75efc-b9d1-4b6f-a714-56327d3fca5c,10,3:37
ccd75efc-b9d1-4b6f-a714-56327d3fca5c,9,15:125.86 16:135.33
ccf5d361-543b-45aa-95a7-b28816591685,10,5:27.87 16:33.99
ccfdf643-5fb3-43b3-a204-458a9855469b,9,17:14.06
cd06edd1-c05a-4d74-800b-03db825b9ce6,10,24:13.5
cd0ce829-86ea-4d96-97e4-9c9557506dfb,10,10:70
cd0e1c8b-14bd-4cea-9f35-c25de351dfe8,10,5:120 14:100 18:83 28:63
cd0e1c8b-14bd-4cea-9f35-c25de351dfe8,9,6:20.25
cd114aa0-2a8c-4cd7-90c6-f1f73a252793,10,7:24.5
cd188642-33cd-4a99-84fd-4c595f082c80,10,2:17.52 5:17.52 5:17.52 6:17.5 7:17 10:10.5 10:11.5 10:17.52 11:17.52 14:14.99 15:20 15:20 17:21.99 20:23.27 24:17.52 25:12 25:12.02 26:10 28:17.5 29:17.5 31:14.44 31:29.99
cd242c1d-cc10-4698-9ddd-8687f403e62a,10,21:55 22:45 26:50
cd24ad82-f53b-4547-bb74-653cb835ae53,10,27:1830
cd24ad82-f53b-4547-bb74-653cb835ae53,9,24:310
cd2517c2-0de0-4b4d-8306-141e1fb9d12a,10,26:1425.06
cd2517c2-0de0-4b4d-8306-141e1fb9d12a,9,12:471.63 18:449.99 31:267
cd2eb53c-038d-434c-8bdd-c3cd3f3d24f3,10,3:65 12:71 18:34
cd2eb53c-038d-434c-8bdd-c3cd3f3d24f3,9,24:20.5
cd3178dc-3def-48d9-ac08-eed5750ba7f1,9,30:182.13
cd3533a1-c36d-427e-b08a-4d5c6bdbb8f5,9,22:70 24:84
cd382e19-1788-49b2-ba85-27a1893f99db,10,10:42 11:79.99 12:35 13:79.99 17:46 18:32.5 19:37 22:48.99 23:84.99 24:35.56 27:49.95 27:49.99 30:40 31:38
cd3e2180-332a-4b57-a3c0-d0a7e57e487c,10,6:79 11:66 17:46
cd3e2180-332a-4b57-a3c0-d0a7e57e487c,9,3:35 15:41.24
cd3ecabf-7d43-4375-9428-1a7cdfe66426,10,10:200 11:140 14:200 18:166 24:166.28
cd3ecabf-7d43-4375-9428-1a7cdfe66426,9,3:33.6 3:75.63 9:65 13:47.5 16:79.99 17:30.25 18:42 20:28.88 21:35 29:40 29:49.99 31:47
cd4792b2-4b2d-49e0-9e02-8d3db18c881c,10,24:14.05
cd4f6153-2266-4a4f-99af-78aba6b15dfc,10,3:1025 16:1025 17:917.11
cd526007-8fd4-4515-9b9e-3fe3774e6652,10,8:137.5 12:143.5 13:189 14:196 19:155
cd59a1fb-2387-4a00-8ffc-e0b86483566a,10,10:77.93 11:65 15:68 17:75 18:80 24:46.01
cd59a1fb-2387-4a00-8ffc-e0b86483566a,9,10:28.86 10:37.28 12:20.5 19:30 19:30 28:28
cd5b952d-6fdc-4df3-b2f1-d8f944db3625,10,10:41
cd5b952d-6fdc-4df3-b2f1-d8f944db3625,9,19:13.5 27:17.5
cd67ad46-6350-4696-8fda-15ea597f67c1,9,24:51
cd76a344-441a-40e2-bc40-94dac727c646,9,4:299.99
cd78b0e2-8479-4298-b65d-c8aec2e4b4d3,10,3:95 10:109.99 24:64.8
cd78b0e2-8479-4298-b65d-c8aec2e4b4d3,9,8:45 24:21.6
cd803258-11f4-4af5-8f27-7ca479c2fda4,9,13:23.5 31:23
cd8ea148-f696-4475-9c06-45accdab7158,10,13:60
cd9f70a4-2190-4243-9c8b-59c19b160f0e,10,1:38.76 1:47.28 2:30 2:33 2:35 2:36 3:35 3:39 4:33.32 4:43 5:28.99 5:30.55 5:35 6:24 6:26 6:26.5 6:29.99 6:30 7:29.95 7:29.99 7:33.99 8:29.95 9:35 9:35 9:48.88 10:46.8 11:31 11:33.01 11:33.62 11:47 12:32 12:36 12:36.95 12:56.47 13:34.99 13:45 15:31 15:32 15:33 16:34.99 16:37 16:41 16:48.88 16:64.34 17:32.68 17:41 18:39.99 19:34.99 19:39.99 20:42 20:53 20:60.15 22:41.89 23:35 23:37 24:26 24:28.01 24:34.5 25:50 26:35 27:30 27:32 27:36 27:55 28:46 28:53.99 29:35 29:35.01 29:39.99 29:40 30:20.49 31:30
cd9f70a4-2190-4243-9c8b-59c19b160f0e,9,2:19 2:20.52 4:18 4:24.99 5:14.13 6:15.5 7:14 8:15.5 8:18 9:18.5 9:20.52 10:22.85 11:20.52 11:29.99 12:11.5 12:14.5 12:18.52 13:20.5 14:18 14:19.95 14:22 15:20 15:20 15:41 16:11.5 16:20 16:20.52 16:20.99 16:22.5 16:24.99 17:16.5 17:22.5 17:24.99 18:20 18:20 19:20.99 19:24.99 20:20.52 20:20.52 21:19.95 21:27.49 22:19.99 22:20.5 23:21.5 24:10.5 25:10.5 25:16.01 25:18.5 25:18.5 26:15.52 27:15.53 27:18 28:27.49 30:15.5 30:16.5 31:32.93
cda37542-f0a0-4289-a49e-e0f6d737addd,10,5:17.5 11:35 17:14.52 20:24.75 21:14.5 23:22.5 24:19.5 25:12.5 28:17.52
cda37542-f0a0-4289-a49e-e0f6d737addd,9,3:11.5 7:10.51 14:13 22:12 25:8.5 25:15.5 28:10.5 30:10.95
cda49836-36c2-40ad-89f2-b0059c405c4a,10,15:102.5 19:100 25:109.06 26:100 27:100 29:100 30:100
cda49836-36c2-40ad-89f2-b0059c405c4a,9,3:22 3:31 4:36 16:29.99 19:29.99 20:29.99 21:29.99 22:29.99 24:29.99 25:29.99 26:29.99 27:29.99 29:29.99 31:29.99
cda5e501-cbe3-4b05-a6ff-8948542db800,10,9:320
cdbed8ab-a7c8-4d08-a9f6-3f38abce7d41,9,22:17.54
cdc78b96-b4d8-4914-874f-c7fe2d67a886,10,4:56.88 12:92
cdca8852-0c50-428a-b82e-7594bb3b87cb,10,19:89.89
cdddc928-141d-42c9-a547-19294798f086,10,15:23.28
cde1cdd4-4379-4bba-b304-e7babeb24464,10,17:120.46 23:60
cde24d8e-389c-4230-afe5-e1681b0a1586,10,21:232.5
cdf5dd7e-5a4f-426e-89ed-1d97fb05592d,10,4:30
cdf5dd7e-5a4f-426e-89ed-1d97fb05592d,9,26:18
cdf738e5-f785-496d-af16-753f5fb494de,10,15:17.52
ce1c51c0-f883-494d-8201-6d930d0c96f9,9,11:48.08
ce1e70a2-1b4a-4cd7-983b-1dd2ac2c7262,10,27:200
ce1e70a2-1b4a-4cd7-983b-1dd2ac2c7262,9,11:17.5 17:20.52
ce219636-2a78-4a28-8c42-ad45773421f7,10,14:150
ce219636-2a78-4a28-8c42-ad45773421f7,9,23:57.22 31:42
ce247773-6813-44ec-b487-dd5f2bbe5743,9,27:70
ce260553-e688-4eb4-8ea3-5e2767481441,10,25:69.99
ce260553-e688-4eb4-8ea3-5e2767481441,9,12:28 20:19.5 21:19
ce30df08-3fdf-44fe-8ebc-ccc07883b524,10,18:14.5
ce4653da-6500-47de-a882-9bf33ab3eca1,10,5:58.16 13:49.99
ce4653da-6500-47de-a882-9bf33ab3eca1,9,19:15
ce48589a-1350-48dd-8e0b-3b7e2df98abc,10,10:156
ce49b968-9dae-4b99-b5c6-e7bdf1c1df69,10,10:35 23:17.5
ce52cfef-32dc-46e1-8a6b-e1271a6266e0,10,4:168.88 10:200 15:141.5 31:169.99
ce52cfef-32dc-46e1-8a6b-e1271a6266e0,9,12:75
ce54e93f-98d0-4d84-9684-a4dbdc50862b,10,1:25
ce57c2af-5786-4392-830c-6c3b435a4934,10,2:130 3:125 3:157.5 4:120 5:125.5 6:184.29 10:122.5 10:132.5 11:149.99 15:149.99 16:140 17:154.99 17:155.5 19:117.5 22:114.5 22:124.99 22:125 22:125 23:102.5 24:105.6 24:117.5 25:123.5 26:105.5 29:107 30:86 31:100.99 31:102.5
ce615a28-a658-4deb-a78e-fc7cc0d73d01,10,3:30
ce6f6f0e-71aa-461d-8a71-29370fa98f8f,10,17:183.55 19:175
ce6f6f0e-71aa-461d-8a71-29370fa98f8f,9,12:39 17:67.99
ce705963-1309-437b-b190-af10ac755f63,10,4:22.5 10:25 17:20 24:20.4
ce7315c3-009e-4dea-98c7-03a1a0fc38ae,10,26:141.23
ce95bd55-81fa-4741-87c0-400f88a76b7a,10,19:39
ce95bd55-81fa-4741-87c0-400f88a76b7a,9,31:25
ce9c047f-a353-4598-bfe8-9bf4196121cd,10,24:22.5 27:31
cea12cbe-52de-4b22-a69d-f7d89c5d1f8f,10,3:238.91 16:145.04 17:183.5 20:152.5
cea12cbe-52de-4b22-a69d-f7d89c5d1f8f,9,7:47 10:36 13:54.95 16:22.5 17:74.99 18:35
cea70126-7c35-4413-b941-8a2326b4f8df,10,11:29.99 25:23.5
ceade565-9ab3-44b1-92a7-5894880b4398,10,24:86
ceade565-9ab3-44b1-92a7-5894880b4398,9,24:24
ceaec614-de40-417d-a735-fba91554586c,10,1:140
ceaec614-de40-417d-a735-fba91554586c,9,11:130
ceafc6eb-b164-4c85-928e-c2e41f978244,10,3:46.8 16:110 18:89
ceb3d656-1bf1-4e8a-940b-be95db9ebaca,10,27:129
ceb3d656-1bf1-4e8a-940b-be95db9ebaca,9,17:59.99
cec2135d-9dcc-4396-b525-bd109e0dd963,9,10:109.99 23:129
cec240a8-061a-4c49-81f9-7a272fa346cf,10,24:704.24
cec240a8-061a-4c49-81f9-7a272fa346cf,9,2:80.58 25:111.01
cecc8ec2-71d7-455f-a463-89ee968a7310,10,27:59.99
cedda802-26b3-4a4b-88d3-a10d968c8b16,10,21:125 26:121.38 28:162.5 29:160
cedda802-26b3-4a4b-88d3-a10d968c8b16,9,29:19.41 31:49.2
ceddf351-3904-4f2c-b188-8704a5e0d3cc,10,3:2275 5:3150
ceddf351-3904-4f2c-b188-8704a5e0d3cc,9,1:350 2:355 2:396.17 3:375 4:330 4:350 6:355 9:300.64 9:475 10:372 10:384 11:449.95 12:400 12:415 13:480 14:439.99 16:400 17:360 18:480 19:377 21:538.64 31:432
cee0cc2e-6123-4351-8954-f6382ab120ae,10,23:119.49
cee0cc2e-6123-4351-8954-f6382ab120ae,9,5:34.92 17:27.36 30:49.39 31:31.02
cee3c0ca-e9dc-4953-8a58-bceb92cc64c5,9,5:66.69 11:49.99 27:60
cee69132-0600-486a-943b-aa4150b7b4bf,10,20:280
cee77afa-50c7-46ef-83de-c01238a4e557,9,11:94.98 22:51 31:60
cef2f09e-9f15-4cc9-93d6-25f3b0893901,10,10:550
cf10f012-b430-485e-a60b-a80d29a523bc,9,25:181.32
cf1abd03-a0f9-4576-8ce0-1a53238cfbff,10,6:35 8:32.99 10:17.86 27:30
cf237e96-f605-4d85-9c7b-c2b99535db57,10,11:17.53
cf2ba4b3-591b-4383-815b-1be7c0e6bbae,10,5:199.99 19:250
cf2ba4b3-591b-4383-815b-1be7c0e6bbae,9,28:77.9
cf2d5371-bacf-4bdd-b858-21105abe18af,10,4:205 12:159.02 13:158.5 14:199.95 15:200 24:163.15 26:199.95
cf2d5371-bacf-4bdd-b858-21105abe18af,9,24:76
cf31fdae-d108-400e-babe-a0eae5c069f9,10,18:280
cf3822af-0168-4e00-976c-266b6382153a,9,23:69.99
cf3dcafc-c9d0-4dfc-8ff7-180bc532b73b,10,26:20.5
cf40d6cd-57c0-4d94-bf43-7e1573c384e9,10,30:45.63
cf40d6cd-57c0-4d94-bf43-7e1573c384e9,9,24:19.27
cf4ae11e-da5c-451d-bd96-6d6eec165cb0,10,3:22.5 6:25 10:20 24:18.02 28:20.5 30:20.5 31:22.52
cf52b5a4-9163-46a3-ad66-d433f65b28f7,10,13:25
cf68c3b4-8cdf-47e0-a71d-6bba214c0484,10,10:456 21:500 23:416
cf6b248a-98fe-4fc6-9393-6141e23ef635,10,17:107.5
cf704824-db58-4551-a24f-5a3bd171c185,9,14:89.99
cf71cc3a-94fb-4005-9b2e-34a6f9201f5f,10,19:65
cf9da946-7aeb-4b2c-bfa9-4dfdb598c21f,10,16:50
cfa25029-a4ef-4543-8272-f8fd5581fc50,10,18:43 24:59.99
cfb321ad-75c8-4473-8df1-da66f343403b,10,3:86.97 21:149.98
cfb321ad-75c8-4473-8df1-da66f343403b,9,15:39.99
cfbae9cf-c181-4181-933c-455f945c5b81,10,9:44.5
cfbdc7d3-26a9-40a5-97a4-2947be42823f,9,3:44.95 24:56
cfc5c83f-d357-4d5f-b38d-4e510e04c1e6,10,24:36
cfcd9d08-164d-41f1-9456-10fcdf0973e9,10,10:91.2
cfd4f360-af3d-4d73-b4b2-0ac1373296b1,10,1:145 9:101.74
cfd5b8e7-6d10-4342-9714-9fbeeea0df2d,10,15:87
cfd5b8e7-6d10-4342-9714-9fbeeea0df2d,9,15:26 15:28
cfe0ca8b-48d0-46d6-a055-c0429b993e59,10,14:1775
cfe0ca8b-48d0-46d6-a055-c0429b993e59,9,2:338.58 3:275 5:390 8:349.99 10:255 14:270 18:227.5 20:270 30:269.99 31:320 31:360
cfe2d08b-c589-445b-9aaf-58ead13730fc,10,3:46 10:51 16:52
cfe2d08b-c589-445b-9aaf-58ead13730fc,9,4:29.75 8:17.48 12:20
cfe6e656-f5e2-4225-8dc6-94aa963c732e,10,25:89 25:102.5
cfe6e656-f5e2-4225-8dc6-94aa963c732e,9,19:35
cfe814fd-ca8d-4474-b3ff-128bd702d475,10,7:20.5
cfebc3f7-ac80-425b-9fe6-609e38ccb244,10,6:38.99
cfebc3f7-ac80-425b-9fe6-609e38ccb244,9,10:10.5
cff659c1-5878-43f0-b0f1-63a4785d0442,10,17:1230 25:1480
cff659c1-5878-43f0-b0f1-63a4785d0442,9,2:699.99 10:570
cff67d98-4bef-482c-bb0a-0939d57e78f5,10,2:250 16:187.5
d00461f4-eb29-4994-9e86-612eeab0d2f2,10,26:42.15
d007861c-61b3-4e8f-a80b-487c01ea0deb,10,24:71 25:43
d0179493-0722-432d-ae3b-85a74a2e537f,10,1:17 13:25 14:9.99 14:11.79 21:12.5 21:62.47 30:7.5
d019f343-42cb-4bc6-8403-4a2b68d23e7e,10,3:96 5:92 5:100 5:100 6:81 6:90 11:92 11:92.6 12:87 12:91.76 13:82.99 13:85 13:89.99 14:66.77 15:75 17:73 17:76 19:85 20:75 21:90 23:77.9 23:86 24:61.54 24:93.6 25:69.99 28:66 28:81 31:73
d019f343-42cb-4bc6-8403-4a2b68d23e7e,9,2:32.99 3:39 4:39 5:36 5:38 6:31.02 6:40 9:50 10:31.68 10:40 12:34.99 13:39.99 15:36 17:26.5 19:27.9 19:30.12 21:29 21:40 24:30 25:33.63 30:34
d01b3345-4689-4dbf-ae5b-5fe4f8341ca9,10,31:76
d01ffb44-e0d6-4378-86d1-489d0b407139,10,7:124.29 22:40
d0201699-0ede-44d6-9493-0994c9c9428d,10,3:25.8 3:35.6 3:36 3:50 8:46.23 9:39.99 11:30.53 12:26.89 15:31 18:30 18:37 22:34.99 25:26 26:25 27:50 28:31
d026c202-6aa5-4dbd-99c5-6ecf855bcc69,9,6:55
d02d4c5e-376b-4b1a-a5a6-2133373bc6e9,10,2:142.5 14:215 16:199.5 24:177.5 26:225 27:214 28:200 30:249.97
d02d4c5e-376b-4b1a-a5a6-2133373bc6e9,9,9:59.99 11:82 18:51 18:63 18:80 27:54 30:67.66 31:62.5
d0342253-2a22-4c5b-8c2d-9f971a8f778d,10,17:52
d0342253-2a22-4c5b-8c2d-9f971a8f778d,9,25:20.5 29:33
d034c1f7-d1f5-45e3-8c00-ef8fc5ed7509,10,7:11.5
d038059b-a01a-479d-b188-d7b211a2a5f9,10,22:29.99
d039ae36-7ad2-4316-a254-b95f41ea874e,9,17:48 19:50 24:58
d0444942-bc99-435d-802f-711bedf1fa1e,10,31:152.5
d045fc3f-9dcb-4738-919f-5ac4682f2160,10,1:394.68
d04a18d9-228c-4f9c-9cb7-37ef8a5eed30,10,10:29.58
d04c220f-7e87-48a9-b1ec-4dfaee4f58ec,10,3:26 17:22.5 31:22
d056f995-1809-494b-89ed-1b67b2dff656,10,3:33.6 3:40 4:36 6:31 7:30 10:26.4 17:41 17:43.65 18:22.52 21:37 24:20.5 26:40 29:30 29:84.95 30:37.5 31:36 31:39.99
d070846b-f55d-478c-8ca2-2b9599733b7f,10,10:300
d070846b-f55d-478c-8ca2-2b9599733b7f,9,10:36.02 15:88.38
d07a3c05-d9e4-491f-9b5b-8fc88ac11ed6,9,14:8.5
d081a7af-66a2-4f51-9b4c-d7893963cc1a,10,19:300
d081bedc-acfd-4971-a109-386dee582708,10,24:126
d0890546-65be-4229-84a4-9460bf409b43,10,10:54.99 14:37 17:50
d0890546-65be-4229-84a4-9460bf409b43,9,10:23.99 17:15.02 24:15.6
d0956ec7-d4b3-4692-ac7c-72174fc1fa22,10,10:86
d098b4df-936b-4d04-95f4-91e2a4f0d002,10,4:800
d098b4df-936b-4d04-95f4-91e2a4f0d002,9,15:41
d0a598f8-c07c-42b5-9585-0eefb96f488c,10,2:350 17:516.5 18:300 18:325 24:264
d0a598f8-c07c-42b5-9585-0eefb96f488c,9,22:139.99
d0a5bfca-80f4-4108-a9fb-b9a07f765334,10,17:78.77
d0a99960-ef7e-40b8-960b-e387fba2a596,9,8:25 20:52 24:49 29:46
d0b06795-5781-411f-a3e3-6bec50df75c5,9,10:47.6
d0b0f07b-7265-4c9d-904a-a2281911b2e0,9,25:1021.75
d0b70cbc-a653-4895-878c-84b524e04163,10,3:155 17:69 21:51.28 26:140 30:150
d0b70cbc-a653-4895-878c-84b524e04163,9,2:17.5 2:30 2:33.86 3:33.6 4:28.02 4:39.99 8:34.55 8:42.7 9:27 10:25.2 10:33.07 10:42.72 10:48.07 14:30 16:40.89 17:24.99 17:26.4 17:27.75 17:31.02 20:25.5 24:20 24:26 25:39.72 26:26 27:31 28:26 29:73.16 31:25.02 31:30.99 31:31.02 31:34.19
d0ba3e7a-81d0-4ffe-94df-313b904fa72b,9,17:26.4 24:27.6
d0bcea96-5176-4dff-ad50-bb117694141b,10,17:19.2
d0bda0eb-caef-414f-8961-b75793f03385,10,2:31.99 26:24.5
d0d5ca00-085c-423b-ae88-5d37ed556966,9,31:19.5
d0d67f6c-4032-4b71-a0ac-d80d64893b48,10,9:165
d0d67f6c-4032-4b71-a0ac-d80d64893b48,9,24:33.6 31:26
d0e0eb32-b9a3-485b-886e-7e1ea5c74b5a,10,10:25
d0e446af-3d23-43ee-9f52-266399106996,9,24:40.8
d0e7534f-0fe2-4654-bb34-5a98bbfe4357,10,6:39.95 10:31 11:24.44 12:19.09 16:21.5 17:22 17:22.02 18:17.52 22:25 25:26 31:35
d0ed34de-498d-42cd-8e56-9e8abdf26b2e,9,29:15
d0f35526-fff4-4127-a571-c097c878d076,10,9:86 31:130
d0f35526-fff4-4127-a571-c097c878d076,9,1:15 1:15.02 1:23.5 3:31.21 5:14.5 5:15.02 5:15.5 6:9.99 6:15.52 6:18.5 7:15.53 10:11.98 10:16.8 11:16 11:39 12:4.8 12:8.5 12:8.5 12:9.08 12:15 12:15.52 14:19.99 15:12.5 16:18.5 16:19 17:13 17:15.6 18:13 19:12 19:13.5 19:20.15 24:13.99 24:15.02 24:15.99 24:17.99 25:11 25:15.02 26:15.52 26:17.95 27:15.52 31:15.52 31:15.52 31:23.5
d0f6af56-4926-410b-81a7-d9fbd4a2fd24,10,5:113.52 16:83.53
d0f6af56-4926-410b-81a7-d9fbd4a2fd24,9,3:15.6 3:16.8 3:18 5:20 5:21.5 5:29 7:33.69 10:20.4 10:40 24:25.2
d0f8126c-0710-4282-a241-eea7d3912a0c,10,9:49.99 16:40
d0fb074b-5e79-4bd5-ae1c-e56058b156d0,10,19:810
d0fdec10-f6da-471a-a874-f83c77249631,10,10:391
d0fdec10-f6da-471a-a874-f83c77249631,9,24:54
d0fe1563-bf05-46c7-ae32-de49492798d6,10,10:365
d0fe1563-bf05-46c7-ae32-de49492798d6,9,12:78
d10b8081-749b-446d-b8da-848e0a0850b9,10,7:102.5
d10bfdfb-c208-4280-a8a3-322ce12b5004,10,21:25
d110b76e-3651-49dd-b559-7352aff636f9,10,31:1296
d110bc3e-af7e-4503-8842-089f23d6bb1d,10,17:50.16
d110bc3e-af7e-4503-8842-089f23d6bb1d,9,12:31
d1233a51-dd86-4565-ad98-ada4efc9fa7f,10,23:24
d12420ca-e430-47c7-b714-58e211136861,10,14:115
d1242247-2483-459c-ac83-53a4950ca24e,9,30:260
d12f8b12-7712-40c3-92fc-5300ac597e58,10,12:40 24:22.8
d1386da9-34aa-4702-8fb8-ce04dacb828d,9,21:466.18 31:384 31:420
d142411f-00bc-413a-bdc4-8964ac9bc8a4,10,3:46.8 15:28 15:28 15:29 15:29 15:30 15:37.5 15:39.5
d142411f-00bc-413a-bdc4-8964ac9bc8a4,9,15:15
d14cd891-dc69-4252-a6b1-e2fd36540bc9,10,31:76
d15ce6ec-7304-403b-8f33-e74f172b2384,10,14:57
d16da467-f7db-4b12-bc9d-f06d6f8cfff3,10,24:25.2
d177761e-e704-4cac-ace6-823323294dc8,10,28:235
d17ba2a5-0b3f-49a3-842c-569420c50217,10,2:250 4:157.5 5:137.75 9:139.07
d1857d07-cfaf-4e41-95b5-a73274578813,10,31:40
d1857d07-cfaf-4e41-95b5-a73274578813,9,10:16.75 14:24.99 17:15 18:24.49 31:16
d1885bd5-b2b6-485c-be1b-8fcb54253436,10,3:36 14:59.99 17:90
d189767e-aaa4-4d7b-94cc-81356f3ee169,9,9:19.24
d1a7273f-852e-43d1-a4b4-beca2ad45b74,10,21:75
d1a818b2-5e93-47fc-a759-c0fa1bbcf0c9,10,11:19.99
d1adafe4-ab4a-4cad-9ba2-33314410afb2,10,9:79.35 16:106.51 23:99.24
d1b8f020-ccd9-493a-a029-68661335adb1,9,10:26.02
d1bb0575-e142-44b1-8b29-192bc29fc49d,10,24:117.6
d1bdcbc4-99ac-483c-a9f5-93d5b8d6a2fe,10,4:32 24:16.8
d1c52a33-4889-4b3f-8293-051e6ad77e98,9,11:45
d1cbdaef-5090-434f-b7d4-eaf9f95682e9,9,7:73.84
d1d3b6a1-e502-4c7e-8705-8843a0024d42,9,3:70
d1ea2163-7a23-4484-b73d-18018dcf9c2e,10,3:35
d1f4af66-3198-4d84-b8d1-2c75842f4c2b,9,3:4200
d1f5d4f0-14e7-4d55-9ff3-63e37b09c7bf,10,31:420
d1f5d4f0-14e7-4d55-9ff3-63e37b09c7bf,9,3:150 22:129.8 25:150
d1f6466b-c3c4-4ecf-a0d9-e7c3a3f275f8,10,17:202.5 31:204
d1f6466b-c3c4-4ecf-a0d9-e7c3a3f275f8,9,8:103.5 12:92.73 16:85 16:99.99 17:100
d203d9e5-b484-4f82-bce3-07fe79b73371,10,17:31
d20411e5-c6c3-43e4-9359-4a25294f8248,10,24:255 27:200
d2089f5c-b44b-4ef2-a000-154e2f86cea9,10,2:175 2:255 4:193.46 17:134.9 18:187.5 28:155.5
d20db814-5360-42fb-8dba-e56c2b974318,10,6:87
d20db814-5360-42fb-8dba-e56c2b974318,9,7:30
d210005b-2ee7-4c8e-8cba-f55ca05f5152,9,31:127.5
d2166a73-1b00-44d8-968b-1c8bae7ed7ca,9,10:12.51 23:10
d21aca82-c25d-4ef9-aae1-96093c36c07d,10,3:47.18 9:61 14:98.88 23:62 30:49.99 30:61.99
d21aca82-c25d-4ef9-aae1-96093c36c07d,9,8:15.52 10:16.05 10:17.5 17:31.51 26:25.02
d221e612-0848-4bbd-9f69-4c0337f62828,10,16:211.5
d23fb6e0-b2ca-4d1e-b916-84915fda6c49,9,21:355 24:288.9 25:287
d254cc9b-cfcc-4498-b61d-5a8bb8cac0df,10,1:85 2:95 6:68.98 11:80 15:115 19:79 22:79.99 24:67 24:84 25:80.01 25:88.88 26:70 28:81 30:85 31:61
d256e237-b056-4bce-8a2a-3e9fb071accc,10,24:560
d25fe505-105e-416e-88df-eedd4a904b1a,10,4:45 9:18.5
d2629c74-6243-49a7-a9e0-3aba7aaae2cf,10,3:17.01 3:17.52 4:25 5:20 5:30 7:27 11:17.51 12:24.99 16:23.49 17:15.58 17:21.3 17:25 17:29.99 24:20 28:37 29:25 31:16
d270fde5-1f4d-433e-a04f-34530901b950,10,30:1700
d272f779-81ef-42c2-a25a-8c7b90d59afc,10,25:2337.09
d276d2ca-3a23-4c60-8b6b-84e102df460c,9,9:60
d27c5c85-c282-4ada-a1f8-59e30acf4dba,10,24:365
d27c5c85-c282-4ada-a1f8-59e30acf4dba,9,15:139.5
d281fe51-fe59-4330-8bee-00dac63683f7,10,11:750.62 25:700
d281fe51-fe59-4330-8bee-00dac63683f7,9,9:230 16:260.01
d283eb49-8451-4f88-90c9-a969bdbe5330,10,3:39.88 16:36 16:51 16:78.08
d283eb49-8451-4f88-90c9-a969bdbe5330,9,14:14
d2855ef6-f0c2-4d50-a5b5-010287ba65f0,10,2:31 3:14.4 7:31.01 10:15.59 11:21.01
d2924a8c-cbb7-40ed-9b70-aa3ad1b9c374,9,19:27.88
d2956f54-13fd-4f0b-a40c-f76e308140c5,10,2:80 17:150
d2b4e892-eab3-4214-9e13-6f8f2c98077a,10,4:152.5 12:125
d2b4e892-eab3-4214-9e13-6f8f2c98077a,9,3:41 3:42.56 10:53 16:34 20:48 20:89.99 22:49.99 24:30 24:41 24:51 27:39.99 28:52
d2b779ee-5f52-403e-857b-43c1e3658edb,10,17:137.5
d2be5f5e-c130-4614-852c-ffc869192a38,10,3:41 3:42 3:50.01 5:38 6:38 7:37 8:69 10:35 12:34.98 13:70 16:54 16:79.95 17:42 31:36
d2be5f5e-c130-4614-852c-ffc869192a38,9,12:15 19:13.51
d2d02957-8095-4457-9c84-6bf8bbc7aa82,10,3:204
d2d0b88f-9041-4c5c-a23c-d4e4e03ce660,10,13:251.24
d2d0b88f-9041-4c5c-a23c-d4e4e03ce660,9,3:26 10:35
d2d4d885-bcb1-4b63-a39e-38e27812c5c6,10,17:17.5
d2d77ef2-0bf4-4929-be15-be177e0c31ef,10,24:1890
d2d77ef2-0bf4-4929-be15-be177e0c31ef,9,10:147.5 12:149.99
d2d7ee13-a03b-482f-8395-9522984cfed3,10,18:62.5
d2e6d2d6-f407-4035-a0fd-e239c7060db6,10,17:1260 24:1320
d2e6d2d6-f407-4035-a0fd-e239c7060db6,9,24:685
d2e6fd31-4130-4cde-be98-c6cab6be0e71,10,7:51
d305dec1-8c49-463a-bb3f-fecaa2f4e275,10,2:200
d3069e44-7633-4751-bedf-684f665001a5,10,10:80
d3069e44-7633-4751-bedf-684f665001a5,9,3:26.4 4:23.22 4:23.22 9:44.99 11:29 20:36 24:28.8 29:63
d3124671-00b4-45a4-8203-ec16f3e567ad,10,22:48.5 22:89.95
d3131300-b8c8-45ce-a5bc-82756477fee3,10,24:184.99
d3131300-b8c8-45ce-a5bc-82756477fee3,9,22:38.79 24:27.6
d31a86ef-e005-4a95-8b3c-6d11c7659955,10,27:26
d31bb5c4-ceee-490c-aa5e-d1282d44295d,9,25:52
d322aa3a-3196-4e23-8ecf-86d7617c8e72,9,3:70 4:77.38 9:85 9:99.95 9:112.5 12:85 17:112.5 18:73 24:100 24:119.5 31:71 31:72
d337f196-7a3f-4f7d-9f69-d481ec33737e,9,25:12.5
d3448172-4e7b-4b97-8e24-963f0883cbd2,10,24:110.4
d34b8d95-97ff-4eaa-8dc2-4a1750702b43,10,4:275 26:309.99 31:240
d34c3f53-98f6-40e5-b976-7623a64e5c30,10,10:69 30:105.36
d36270c5-edf4-471f-a916-61de65ac5468,10,11:244.5
d36270c5-edf4-471f-a916-61de65ac5468,9,10:76
d382183e-a411-4526-ae07-d158afe1d26b,9,10:487
d39080db-a69f-4d44-ae74-25225296a779,10,13:71
d39da66c-0c67-4c59-9df6-83024f94ef3e,10,7:46 11:269.99
d39da66c-0c67-4c59-9df6-83024f94ef3e,9,1:11.61 11:19.31 14:14.01 24:15.5 26:19.5
d3a77072-0375-49ef-abd8-8455df51c473,10,4:193.46
d3a77072-0375-49ef-abd8-8455df51c473,9,25:54.99 31:42.69
d3b1624b-5991-4888-874c-3c688a1d6f8c,10,1:852.75 3:870 10:2070 19:1250 28:891.78
d3bc83f7-9861-481b-97f9-4416754cb6c6,10,24:182.5
d3bc83f7-9861-481b-97f9-4416754cb6c6,9,24:64.8
d3be460a-89fc-4557-ac25-5ac0aa6ef04e,10,3:425 8:255
d3be460a-89fc-4557-ac25-5ac0aa6ef04e,9,4:60 20:61.02 24:58
d3bf7fec-4060-4790-8e19-10d786d4816e,10,11:6.01 18:5.5 21:12.5
d3bfccb3-034f-4154-b3bb-316f23afad80,9,24:750
d3c3c4c5-dab1-4d2f-abe2-ccab7f79929a,10,28:30
d3c65844-899f-4304-8225-23339d267475,10,1:20 12:24.99 12:27.5 18:25 20:17.99 21:15.5 24:15.5 24:15.5 25:26 28:17.02
d3c90847-8301-461c-93c0-09a9aade9f66,9,9:21.5
d3c9582b-62bd-4ea9-9df1-0b583722422f,10,3:89 16:39.99
d3d3a13e-9cc6-4ca5-982d-85767f8f8c1d,10,2:77 3:81 3:90 3:102.49 4:84.5 4:104.99 11:120 12:115.42 14:96 15:104.99 16:105 17:79.2 19:105 20:149.95 23:81.75 25:180.62 27:109 27:120 27:122.5 27:148.88 30:75 31:110
d3d3a13e-9cc6-4ca5-982d-85767f8f8c1d,9,2:30 3:30 3:34.8 3:38.8 3:41 4:39.5 6:35 8:49.99 9:36 10:26.69 11:38 12:29.77 13:26 14:36 16:30 16:35 17:24.5 17:49.4 18:31 18:45 19:26.67 25:34 26:40 28:41 29:34 29:40 30:35
d3f4f6a1-2d85-4de8-abc9-9636b5f710df,10,28:220
d3f6ed16-e171-42e1-9273-ea76305073ec,9,3:19.5
d3fada97-c472-485b-90f7-f7e9eb8f3f90,10,24:278.46
d410ed5a-8f51-468a-a8db-4e4320d0c5d2,10,2:150 24:112.5 30:129
d410ed5a-8f51-468a-a8db-4e4320d0c5d2,9,3:36 9:55 15:35 23:75.86 24:26.02 31:75
d41c9d90-22e8-458f-90da-fd2ed0e1ddd5,10,6:30 15:30 16:37.95 17:29 18:22 18:35 19:36 19:36.95 20:27 22:24.99 25:20.5 25:22.02 25:26.89 27:30 28:31 29:22.5 29:29.99 30:29.69
d41d5970-5f6a-48ac-b923-7dde3152604e,10,30:800
d421197b-639d-43f7-9da1-f5ff7b034ebc,10,2:70 20:60.8
d421197b-639d-43f7-9da1-f5ff7b034ebc,9,9:24.99 16:22.5 16:30 17:25 26:35
d428a033-c427-4abe-8fe3-6dc118d0ccc3,10,19:25
d42a8583-8ffe-45b0-b68a-ba0de07ce2b0,10,11:22.5 16:31 16:34.99 17:39.99 18:22.5 19:22.5 20:30 20:31 28:29.99 28:32
d42e53d6-dc12-42f1-82ae-539a39b4fb47,9,10:18.52
d42fafe0-d82a-42e6-865a-1b16dfc62b0b,10,1:20 3:29.99 3:43.22 4:29.99 8:31 11:35 14:35 14:58.55 18:49.99 21:30 24:59
d431e34f-f625-46f4-b2e4-f0f6c398a8db,10,15:84.15
d43d116a-0ff7-4370-aa07-1b83b6d0646d,10,1:310 19:445.15
d44f8ef7-08d2-492b-b17b-ca63af96c865,10,2:22 2:22 3:20.4 4:17.5 4:27.99 5:29 9:21.5 10:15 10:22.8 11:15.44 11:17.52 12:24.5 12:24.5 14:28 15:20 17:20 17:20.4 17:29.99 18:20.5 19:16.53 22:35 23:23.5 23:24 24:25 26:24.99 26:31.26 27:23.99 31:17
d44f8ef7-08d2-492b-b17b-ca63af96c865,9,1:13.5 5:19 14:14.99 17:9.99 24:10 25:13 25:14.99 31:5 31:8.39
d45c612f-c0df-4aee-888a-5c30fa150edc,9,18:11.5
d46a872d-9f52-489d-a2df-24ff0d876197,9,2:54.99 5:24.06 28:85
d4731457-0d58-47a0-95b7-50b6adf3191e,10,1:59.95 3:38
d4750143-494a-4853-ad14-04718b66c959,9,30:219.99
d477c9bf-c4c5-47ce-96db-42bdf391b061,9,8:11.99
d4814b9a-b350-4cd6-88a8-61b0b6ef3a44,9,29:575
d490e59e-95f4-4dd8-b785-d970677aa3d8,10,4:50.42 9:99.99 31:54
d49b0ae6-eab1-499b-8a23-4a4df055c761,9,16:290
d49ec4f3-890e-4faa-95a0-4d030ef21ae1,10,1:45.38
d4a22978-5c27-4e96-98a6-c8726566507b,10,10:49.99 10:204.2 12:42 14:50 16:61 22:79.95 22:99 24:26 27:65 28:79.99 28:89.99 28:94.99 28:125 29:74.99 30:46 31:59.89
d4a22978-5c27-4e96-98a6-c8726566507b,9,1:23.5 2:15.5 2:32 3:10 3:14 3:17 3:17.5 5:9.52 5:15.02 5:16.5 7:10.5 7:15.5 8:15.5 9:11.86 10:15.52 12:7.5 12:9.5 12:11.5 15:15.52 15:17.95 18:19.49 19:12.5 19:22.5 22:20 23:11.5 23:16.02 24:11.5 24:12.5 24:13.84 24:15.02 24:24.99 24:33.72 25:10.5 25:11.5 25:15.03 25:15.53 25:20.5 25:20.5 26:10.5 26:15 26:15 26:15 26:15 27:15.52 29:20 30:5.4 30:19 31:9.51 31:15 31:19.99
d4a49559-df86-4cb6-a049-e32172a19213,10,8:355 17:455 24:471.89
d4a75d0a-2b56-4af1-a482-0ac34961813f,10,3:22.5 8:14.98 16:17.52 18:20.5 30:17.52
d4a87070-d789-4206-97a3-40dc6825dd69,10,1:30 11:22.52 11:22.52 11:22.52 12:26 15:30.4 17:25.84 17:32 19:26 22:22.5 23:18.52 25:29.99 26:25.01 28:32.51 29:30 30:29.99 31:20
d4b20f1d-90f4-46d0-8096-1844df99a875,9,26:199.99
d4b59dd3-198c-4e6d-8f5b-adc42e83d2a8,10,5:53.99
d4bae308-1866-4b11-bfe6-d021fb5ee2c9,10,4:799
d4c0b8a1-b33b-4331-a9a3-2cab0261624a,10,10:18.5 15:16 24:14.52
d4cc90be-1c63-4006-bbf2-5df76cf7d409,10,4:86.25 27:64
d4cc90be-1c63-4006-bbf2-5df76cf7d409,9,4:35.02 20:78
d4cd7cb2-3074-4463-a071-c183a13d73ea,10,5:21.5 7:20.52 7:20.54 12:19 19:17.52
d4cd7cb2-3074-4463-a071-c183a13d73ea,9,29:10.01
d4dcbb95-f895-42b0-855c-6a662ee06216,10,3:38.4
d4dcbb95-f895-42b0-855c-6a662ee06216,9,26:12.5
d4e41790-fb07-40bf-85a2-6d53f2b22216,10,3:1164.53 22:1500 31:1140
d4e41790-fb07-40bf-85a2-6d53f2b22216,9,21:300
d4ec625b-8d33-4721-81b9-ffb081de4fff,10,3:162.5 7:145 13:199.99 19:170
d4fc8622-b30e-498d-8171-cde25939ab0b,10,4:33.89 18:34 19:38.15 20:35 27:50
d4fc8622-b30e-498d-8171-cde25939ab0b,9,15:30
d5038b8c-0859-4b4d-8422-832a65baf729,10,1:29.99
d50c802c-c32e-4716-9ba6-7d66955596c8,10,17:251 17:255
d51459c0-d488-421c-a666-cb2ac601a9be,10,31:400
d5169445-1837-4ff6-b116-31d2d71a3436,10,8:41 19:46 23:53.99
d51f1466-5401-4db5-b89c-ab9a82e99b9e,9,10:172.5 16:236.5 17:186 28:299.99 29:173.5
d52a7f55-29f9-4c65-a322-a8c4953289e1,10,1:55.01 3:24 22:33 31:79.5
d5424503-4fb7-4cde-aa6b-2af6ae2ce60d,10,1:81 1:90 3:61 15:81 24:99.99 26:99.99
d5424503-4fb7-4cde-aa6b-2af6ae2ce60d,9,2:25 4:23 4:30 10:24.99 10:25 13:25 20:20 23:29
d544c22d-f0ab-479e-bfcb-9c7c84894637,10,8:26.99
d5458a04-f1e1-41f6-bf8d-33520ea62953,10,29:60
d5517248-8f42-467c-8a7a-2560c9780d4e,9,31:108
d55c96bb-d6c9-4b18-9cb0-f572f39506fb,9,17:46.8
d574c95e-2cb6-41e1-83cd-4b0abc5d74f6,10,5:195 6:220.42 6:238.29 8:159.99 9:158.5 9:163 10:155.01 11:132.5 12:160 15:169.95 19:113.93 21:150 21:160.5 22:179 24:147.5 26:133.5 26:150 27:164.99 30:145 30:169.99
d574c95e-2cb6-41e1-83cd-4b0abc5d74f6,9,1:50 1:59 1:64 2:42 2:47 2:50 2:60 2:64.99 3:49 3:50 5:49.9 6:56.02 7:45.99 8:48 8:49.99 10:45 10:55.63 11:49.99 13:45 13:61.48 15:50 16:49.99 17:50.02 19:46.15 20:47 20:49.99 21:47 21:49.25 21:50.02 21:56 22:44 22:54 22:55 24:46 24:48 24:48.01 25:46 28:41 28:50.02 28:52.02 30:53 31:50
d586218f-915c-4269-bbd1-876d6c86e129,10,8:56 17:68.7
d586218f-915c-4269-bbd1-876d6c86e129,9,1:26 25:85
d58c183d-f532-431a-9475-2e43aca819b7,10,28:130
d5a64f73-457c-4e7b-bbbe-9f79699c72e0,9,2:10.5 16:10 22:14.99
d5b12943-ec0b-4ca2-8735-ae3e4f705036,10,9:22 11:32.47 12:30.01 21:25
d5cfce52-2fd0-4b72-a407-c40bbdfced97,9,4:71 9:185 12:50 28:150
d5d119e6-6eb2-459e-8aa4-3ee23d88b2c9,10,8:81
d5d119e6-6eb2-459e-8aa4-3ee23d88b2c9,9,24:44.97
d5d8cdc8-6325-4e48-8fdf-e3128d1e8703,10,3:18.5 5:15.5 6:34.95 7:25 13:18.5 22:35 24:16.5 24:17.53 28:36
d5d8cdc8-6325-4e48-8fdf-e3128d1e8703,9,7:15 20:11.9
d5e77107-addb-401c-a778-6507878bafd2,10,3:72 5:74.99 13:60 19:74.99 30:36 31:43
d5e77107-addb-401c-a778-6507878bafd2,9,2:9.99 5:34.92 10:34.77 11:16.5 12:23 24:11.52
d5eb3edb-eba9-4a6d-a2ee-26eaa3613bc1,10,10:49.99 21:22.38 31:18.5
d5ec7e1a-99f7-4663-b647-b6c4de99c06a,10,20:210
d5f29bb2-2d0e-406d-815d-698cc067b5a6,10,10:74 11:37 17:50 18:61.01 25:44.99 25:45 28:48
d5f6a884-8cf4-4bed-ab31-f48c667ee609,10,7:36
d606cd39-b5be-49ae-8a5a-4becae012049,10,9:35 19:39.99 25:26
d60c1900-2d15-4d8d-a8ed-88a627f778c2,10,17:117.96 25:138.5
d610dae6-00b2-4695-b3fb-0348a4c28079,10,12:182.5 18:163.5
d6147ca4-103f-4db2-934c-c32562aa0710,10,3:1830 4:1586.38 16:1876.7
d6147ca4-103f-4db2-934c-c32562aa0710,9,12:475.4 15:550 20:450
d61d934d-2d7c-418f-9ff3-90bd10acdd23,10,18:125 30:125
d6303200-4dba-49ff-b4aa-0f8ef484ca23,9,3:480.22
d632f5f5-430d-406f-b4b6-5cf197f7cb3b,10,25:120.42
d6380f73-9ebb-4b58-b308-6a91f32c8523,9,3:26.9 17:31.2 25:35 27:29.88
d63f81b4-1638-4eed-992a-49f53569188c,9,24:30
d64412e4-4319-4307-ab24-fb184b76cc74,10,9:39.99 11:31 17:42.99 19:50 30:56.05
d64531de-59cf-4a32-a326-35a388f9bf96,10,12:174.99
d64b783d-92b4-4555-bc11-fc9c9e319171,9,17:461
d653f851-138e-49d1-8a8a-eddb50c715c1,10,5:31.5
d65b49c4-c238-4629-9c94-18d3ba2385b9,10,9:29.99 11:26
d6699059-0af2-4473-99ae-6fe4c20bad24,10,2:26 2:34.99 4:20 7:18 7:30 17:19.5 25:22.53 25:36
d66e9eef-c49d-4706-a927-0fa2dca2a009,10,17:35 28:11 28:17.52
d67eeb25-4580-4acf-b720-82b4caf7e554,10,16:202.5
d6a259cb-9fa9-42c2-8c54-4577732ab4ca,10,24:55.2
d6ac258a-3cd8-459c-bd33-b5328a9f77c6,9,3:249.99
d6c075fb-2602-4ca4-bfed-261075d916c1,10,15:279.95 27:600
d6c075fb-2602-4ca4-bfed-261075d916c1,9,17:88.38 25:81
d6cc01f8-59a3-4885-bafa-5c9a73333754,10,2:37 2:41 3:22.52 3:30 3:37 3:39.99 3:41 3:42 3:42.02 4:30 4:39.99 4:41 5:35 5:36 5:40 5:42 5:42 5:50 5:50 6:14 6:24.5 6:37 6:40 6:42 7:41 7:44.99 7:50 8:39.99 8:65 9:34 9:38.99 9:48 10:25 10:37 10:38 10:40 10:45.6 11:20.5 11:25 11:26 11:38.99 12:16.5 12:16.5 12:17 12:17.5 12:18 12:19.5 12:20 12:20.5 12:20.5 12:20.5 12:22 12:23.5 12:26 12:26 12:35 12:39.97 12:41 13:29 13:29.99 13:34 14:25 14:30 14:31.5 14:36 14:39.99 15:29.99 15:32.02 15:33 15:50 16:37 17:30.4 17:36 18:30.99 18:32 18:35 19:33.99 19:35 19:38 19:38.99 19:43 20:31 20:34.99 20:35 20:36.95 20:38.99 20:40 21:44.99 23:18 23:20.25 23:46 23:49.99 24:22.52 24:24.5 24:27 24:28 24:36 24:38 25:32.99 25:33 25:38.99 26:31.02 26:35 27:25 27:48.88 28:9.99 28:27 28:31 28:31.5 28:32.5 29:54.58 30:25 30:31 30:38 30:38.99 31:23.5 31:35 31:36
d6d1a9ee-02f2-47f2-b71f-c8934e24d315,9,25:65
d6d6a58c-a463-4411-9c75-e27a3a63a7ee,10,1:263.52 6:234.99 10:237.5 20:180.22 24:202.5
d6d6a58c-a463-4411-9c75-e27a3a63a7ee,9,3:65 3:67.1 5:44.89 5:60 9:79.99 13:79 16:129.95 24:69.99 25:63 31:54
d6dcd18c-7df8-4b39-9bf3-44c48ce4a276,10,21:26
d6eaeba8-0824-42ee-b893-5ce284f54122,10,17:34
d6eefdcf-44cb-4520-a866-4021b5e11b07,10,12:84 18:75 26:66
d6f18459-a973-4b1e-a233-49bd60b86ca1,9,25:17.9 26:17.9
d6f543b3-1ab1-442f-b3c7-caf3b754865d,9,3:93.6 18:135 21:186.47
d6f79a6d-53c0-4415-a382-b9f1434ac4bd,10,4:52 12:79
d6ffb0a5-870d-4825-98f0-f25eef272f8b,10,10:400 14:395 19:725 23:450 31:370
d6ffb0a5-870d-4825-98f0-f25eef272f8b,9,5:81.99 7:199.99 9:150 10:138 14:96.44 14:112.5 19:270.52 21:99 21:119.99 23:169 24:85 25:125
d7025ba2-0cac-420d-b9bd-d994d571303f,10,16:107.5
d7170b79-f861-4d0c-bd78-627240e8db50,9,3:41 3:77 9:59.99 10:74.4
d71737e8-58b7-40a8-b8e7-c99755f796a8,9,10:34.88
d726763f-4269-4f45-b8fb-027fd12a1f0e,10,29:119.5 31:195
d72b786a-f803-4e2e-afea-6d7e24fdc121,10,17:84
d72edf4d-8fab-4804-b3a1-e8615b3267fa,10,16:20.5
d732ba63-d294-4ccf-9f5d-f3ed7520b56c,9,30:26
d74e07bf-f6e2-4ec6-9e46-a4a36959fc51,10,16:300
d75252db-732d-4f0a-9781-77ec8d28740c,10,1:48.58 5:22.5 5:26 6:29 10:26 11:25 11:28.99 15:37 17:17 20:20.5 22:18 24:25 29:19.99 30:25 31:18.5 31:23
d75824cc-88a9-4cb0-9e7f-d8ac00ead006,10,2:127.5 2:162.07 4:165.5 6:160.85 8:162.35 9:128.68 9:215 10:190 11:162.35 22:100 22:224.89
d75824cc-88a9-4cb0-9e7f-d8ac00ead006,9,17:61
d760c147-3bc1-47d5-af50-a9600a7a7bd7,9,23:30 24:26
d76734c3-2099-4c96-b300-0937a6930750,10,19:58.13
d778d935-17c0-4a80-af48-27aa6a2c8bb5,9,10:113.5
d783d32b-10a0-4717-a571-83d85f90ccfc,10,9:150 24:162 27:146.5
d783d32b-10a0-4717-a571-83d85f90ccfc,9,3:34.88 9:40 20:35 20:46.5
d7859e83-7e6b-4e29-9003-28bc1a9a8950,9,10:105.42
d78b3285-4d39-4dc3-83f4-1f7931bc51ea,10,3:30
d78b703f-116d-4110-9758-8335b61e6c15,10,7:24.99
d79102f7-3c86-4b09-8520-9315ada000a8,10,28:500
d791a736-9f7e-4ee7-80cc-1a1a5ab43fbb,9,8:91
d79730f0-b507-46ac-b706-3b1ec525e3a4,10,4:99.99
d7993620-50f5-43ff-92aa-e2e3c4c1d7b1,9,23:18.5 24:15.52
d7a14e05-6899-4180-b704-2bef66c930ed,10,7:81 11:105 27:81 29:73
d7a14e05-6899-4180-b704-2bef66c930ed,9,12:31 30:36
d7a8f424-4aae-476a-bdbf-277db367631b,10,24:305
d7a9bd3e-d1c7-4c95-9131-f86bad6a1def,10,4:225.5
d7a9bd3e-d1c7-4c95-9131-f86bad6a1def,9,3:39.6 3:75.63 17:31 18:55 26:69.99 26:77.76 28:56 31:45
d7aa08b5-bd19-4883-ac70-5d00fc261204,10,5:170.74
d7c08212-ef61-40a4-a01e-255c0207f7f8,9,4:315 5:399.99 16:305 23:333
d7c58b96-842a-4e2b-9ee3-d104861ad366,10,3:71 3:77 5:53 6:54 7:53.55 8:53 8:73 9:51 10:61 10:68 12:41 12:94 13:80 15:79 18:75 19:75 24:60 25:90
d7c58b96-842a-4e2b-9ee3-d104861ad366,9,3:39.99 12:20
d7c92b2b-5ca5-4476-9a09-7d06c39a20e5,10,27:22.5
d7d28e1d-a61c-40af-a253-d3464ad40bb3,10,25:144.5
d7d5d96f-5c2e-467c-ac26-846b78fad24e,10,3:212.5
d7e674c7-347e-46c6-ac37-e74a4d224f5c,10,25:26
d7e6e3ae-5fad-4f34-b050-1ceb141b6bdf,10,7:20.5 23:12
d7fafa16-64dd-4223-b612-7d58c44dbda4,10,1:46 1:85.01 3:36 7:53 8:50 14:44.99 15:39.5 16:41.02 16:44.5 17:42.02 18:41 26:55 27:40 28:51 31:41
d7fafa16-64dd-4223-b612-7d58c44dbda4,9,1:48.52 2:29.05 3:19.2 7:22.95 10:31.27 14:26 17:29.02 17:29.02 17:36 25:21 27:60.22 30:22
d80a7061-d75e-40cf-bf39-955a5c791f16,10,5:90
d8100813-ace5-4615-ac3e-2049939f9074,10,29:39.99
d8136754-b806-4c3b-b748-1460a2780ae3,10,3:21.5 3:21.6
d81897d6-1665-482b-86d0-e072054485e0,9,5:96 10:58 17:34.99 28:51 31:56
d8194f05-7e99-4344-9e5c-af02bde2f515,10,24:15.5
d821a71e-67e6-4f88-9e2b-de1927fce437,10,24:136.5
d821a71e-67e6-4f88-9e2b-de1927fce437,9,10:23.02
d823aff9-7f63-42b7-87c4-005728b92b7f,9,27:15 28:20
d83626fe-3bbf-485f-a320-7fe644e10137,10,24:60
d83af77f-2b9b-4cc6-a4f1-f2b75037dc4d,10,7:112.5
d841efc7-64da-4023-b13b-52d08cf13244,9,9:26.59
d847ec14-71cb-4151-8bb0-5b3161cb0d6a,10,14:41
d84cc434-78aa-48de-9e91-a5bd0eb6d215,9,8:90
d8699378-f06a-4db6-9404-10f78ad7270c,9,22:320
d871dd54-fcf5-452b-b0a8-e80aa2112b2e,10,3:21.5 3:22.5 3:24 10:17 10:20 13:25
d87416a9-8a61-4359-9dd3-f60f88fffd20,9,10:43
d8795f5d-ec69-42ab-b21e-785f3633ee22,10,18:26
d87fe139-54a8-4759-92fc-d24b2f8e45e4,10,1:149 5:133.28 16:99.99 24:35.52 24:53 24:89 27:51
d87fe139-54a8-4759-92fc-d24b2f8e45e4,9,17:20.5 24:25.02
d89224c2-1de0-404d-aa17-ae425fd6b684,10,9:50 12:34 16:24.5 16:29.52 17:31.92 23:32 24:20.5
d8943d50-4986-4587-825a-1570e8c8ccd9,9,1:157.5 11:135
d8989b54-38df-4b82-836c-c1cb63faee26,9,7:449.99
d8a4c1f0-27e2-4970-a97c-07c74f1f7115,10,15:12.5 15:15
d8a938b1-0378-46e6-b666-ecd5075ed5e9,10,1:19.5 4:24.99 9:16.5 9:19.99 10:20.4 11:18 11:21.5 11:25 14:30 17:16.8 24:15.5 24:17.52 24:37.85 25:18 25:18 28:17.52 28:20.5 31:20
d8a938b1-0378-46e6-b666-ecd5075ed5e9,9,1:12.5 2:15.02 2:15.02 6:15.52 9:13.5 12:14.99 13:11 14:17 24:15.02 31:9.5 31:11
d8be609a-4a9b-4bf1-9b95-a0ad2da18fb3,10,17:228
d8d30433-d811-4c97-96dc-2024f1f62ffb,9,16:20.5 16:25
d8d680bc-60af-4a31-b735-181ccb92ceaa,10,3:21.2 10:23.18 15:40 17:19.5 24:20
d8e758f1-b386-464a-b465-6b5673adcfa0,10,4:71.88 7:76 18:43 26:66
d8f4764d-b907-4ec1-b054-87f0c41b9cec,10,11:31 18:18.5 23:59.69
d8ffb429-e6c8-44e4-9ce8-24c55bf88909,10,2:90 26:65
d8ffb429-e6c8-44e4-9ce8-24c55bf88909,9,7:21.5 25:15.52
d911b624-5e8f-4145-8137-e944fb43bc0f,9,21:168
d913ef68-66dd-43fd-b1a3-5358ac45a5f0,10,1:975 14:1157.27 15:1000 23:1000
d913ef68-66dd-43fd-b1a3-5358ac45a5f0,9,3:237.5 11:212.5 15:250 17:198 17:250 24:198 24:230.03 31:192
d9396394-d3e9-416c-9d0a-21e4df8e1566,10,22:2034.99
d9396394-d3e9-416c-9d0a-21e4df8e1566,9,10:415 22:355.05
d93a01a5-477d-47ba-a7bd-4fefda0ac2db,10,3:32.75 8:36.99 13:30 14:36.99 14:41 15:38 17:17.1 19:40 23:32.51 23:32.69
d948c6a3-9a51-421a-9258-a034d8a3d8fa,9,5:100 9:51 21:99.99
d95c9397-6db1-4ec6-bb87-3067c720fead,10,27:120.47
d9610ba9-1b6b-4e36-a726-3c40afd060ec,10,5:19 21:26.01
d961e4e3-7f16-47ce-bd57-ca61b176f411,10,28:25
d961e4e3-7f16-47ce-bd57-ca61b176f411,9,9:19 25:39.95
d975f4ef-7f65-48e8-9200-4d79b186f190,10,7:46 11:6.01
d975f4ef-7f65-48e8-9200-4d79b186f190,9,5:8.99 5:10.5 5:11.5 18:4.99 31:24.99
d97d23b1-6b65-47e3-89ff-f802092659c3,9,30:3350
d9825b0d-c69e-4840-b166-879fe125fa47,10,5:284.69 8:152.5 20:120 30:189.99
d99ab33e-b0c9-4ed2-a4b3-32d88b2de578,10,2:14.99 11:6.01
d9a914ff-fc65-4412-8442-74fb22641cee,9,5:21.5 5:43.99 6:49.99 12:50 14:41 26:49.99
d9b09bae-2ccf-409c-843b-9e09d79e9e12,10,10:69 15:70 17:51
d9b65e7d-b340-410a-9875-06510834da7f,9,14:26 14:27
d9bed170-e1b9-4332-be2c-d2e6b420237e,10,31:6900
d9bed170-e1b9-4332-be2c-d2e6b420237e,9,7:535.95
d9bf6d97-61c6-4236-a408-2f86906fde93,9,22:35
d9c4519a-6097-443f-ba90-f7d9ac2b96d2,10,3:46 16:58.5
d9c4519a-6097-443f-ba90-f7d9ac2b96d2,9,3:18 12:28 17:11.02 22:15.52
d9cd2365-4ad8-4769-a460-d541ca771398,10,19:365
d9cd2365-4ad8-4769-a460-d541ca771398,9,8:124.5 11:156.34 15:135
d9ce6b9a-1552-4df4-8308-c528986c548c,10,2:17.52 2:21.71 8:25
d9d07dcc-4243-4464-bcbf-f90e2957997c,10,20:131.5
d9d0e39b-556d-40d6-b468-9be0405dff45,10,24:105
d9df8c3f-a9b2-4c55-8d59-b142f23b20e0,9,18:44
d9e9e26c-2cff-436f-b4c6-1da75ce439ab,10,23:481.65 24:450
d9e9e26c-2cff-436f-b4c6-1da75ce439ab,9,9:90 23:118
d9f2f6bf-f391-47f9-a8e5-3734a4646b34,10,3:139.99 3:140 24:130 24:140 24:142.5
d9fdf500-700d-4fca-b016-aa590a844ef0,10,17:89.99
da07b29b-f328-4519-b803-f1e9bfa13098,10,11:375 20:230.5
da07b29b-f328-4519-b803-f1e9bfa13098,9,1:37 4:46 5:46 7:26 7:49.99 8:60 10:45 10:47 12:41.02 17:40 17:43.2 19:49.99 23:53.2 24:53.2 25:51 26:40 27:40 29:41 31:41.02
da0f5fed-928b-4e40-968d-6337750b8be9,10,3:16.5 5:21.49 5:31.04 6:14 6:29.95 9:35 11:18.51 12:18.5 12:20.5 12:32.99 14:17.5 17:15.5 17:17.52 17:20.5 17:20.5 17:20.5 24:17 24:17.52 28:22.5 30:23.12
da0f86c8-ac83-46e4-a021-b94808391a8a,10,27:80
da16d343-2d50-4328-92cb-97d3428feb9c,10,10:247.23 17:116.5 20:153 24:210.93 30:207.5
da199a13-e7be-4461-b5ef-617ab7390023,9,11:57
da1cc0c3-47cc-4449-9fff-c386c41eb626,9,24:404
da21b7e4-e104-4583-a503-cc4a40005842,10,1:19.99 1:26 3:15.5 4:17.5 7:26 7:31.99 11:17.52 11:18 11:18.02 11:18.51 11:22 13:21.99 16:14.5 16:29.97 19:15.5 19:20.5 25:20 28:25 30:19.99
da21c035-6003-45d3-ad1e-7b09919cbad0,10,10:18.52
da295125-ef2c-444f-a304-9b897b9d9256,10,3:23.99
da2c860d-5c56-4230-8d19-6b139ef451a0,9,10:52 12:55 24:41
da359d39-b590-4a23-b618-6f42a7ee234e,10,8:328
da3cc0fb-906e-454f-8f0a-220e37ae760b,10,7:175.4 17:170
da3cc0fb-906e-454f-8f0a-220e37ae760b,9,17:76.13
da4848a0-227c-48a9-bdaf-ffd9dcc34fd4,10,10:174.98
da4848a0-227c-48a9-bdaf-ffd9dcc34fd4,9,31:32.4
da4e3132-8f95-47fb-a991-dfda78e8a1d7,10,31:252
da50357b-8f4b-468d-80be-a257b08b9155,9,22:23.27 24:26.4
da526a32-ad5a-4ba4-af0c-ee902f71521f,9,6:149.99 25:71
da5684d3-6060-449e-8438-0db054615698,9,4:31 9:20.5
da58cf9b-605b-4617-a507-f3f37c5d5451,10,17:141.5
da5d6925-0b79-47b2-8420-940b16bab98e,10,10:57.6 24:55.08 25:55
da6087e6-c95d-4fd3-9f7d-0a426ea06982,10,1:250 3:250 4:240 5:269 6:300 6:310 7:269.99 10:312.47 17:269 17:271 19:245 20:269 23:254.09 23:349.69 25:289.99 26:240 30:234.13 30:235.5 31:245
da60c867-9d13-43d8-b03c-0570c7956a15,10,29:36
da63d2c8-69e5-4790-9c67-7be6bf76d46b,10,2:22 3:13.63 5:20
da6977c4-3a28-4a49-9155-f4395dda5c7a,10,9:109.99 17:112.5 17:127.5 30:85 30:104.5 31:104.65
da6977c4-3a28-4a49-9155-f4395dda5c7a,9,2:40 3:49 4:47 11:31 12:38.32 13:36.02 15:36.02 17:35.02 17:47 19:47 20:49 22:41.2 24:34.8 26:42.15 29:75
da76378a-190c-42a6-8f3a-640ff23adcf0,10,1:17.5 21:29.99 22:29.99 23:63.99
da76378a-190c-42a6-8f3a-640ff23adcf0,9,1:8.51 1:10.4 1:10.5 2:13.5 7:11.5 8:13.5 18:13.45
da7e8978-0b18-4169-bed3-bab6a29d5378,10,13:89.99
da7e9d3d-ea33-454a-a861-c4eff3ec577d,10,5:59.99
da805da6-fc6c-420a-b96b-eeedc9d2c854,10,16:18.5
da854c37-053d-4f1a-a6b2-3a6ac2e71af1,10,5:16
da8a8ee7-d025-4fea-b62f-0ca78b16ad9e,10,21:424
da9247a4-d520-480a-9cbf-4ddaaaeb21d9,10,2:70 3:52 16:41 16:82 17:46 21:59.95 25:60 26:46 27:36.88 27:50
da94c49c-1e12-4016-a768-fff0973d94ec,10,27:24.5
daa32814-bc89-41cf-945f-f316402f0448,10,3:29.3 4:20 5:15.5 5:21.5 5:22.5 11:12.62 11:18.5 11:18.51 12:22.5 16:21.5 17:22 18:30 20:14.5 20:21.5 22:25 23:16.5 26:17.53 26:20 29:17.5 30:21.5 30:23 30:28.95
daa32814-bc89-41cf-945f-f316402f0448,9,2:13.5 3:13.5 5:10.5 8:14 13:15 14:13 17:10.5 17:13.52 17:13.52 18:8 18:14.99 20:13.52 24:13.99 26:12 27:12
dac8952b-8940-41b0-9d42-e3047ad215d4,10,17:912.88
dac8952b-8940-41b0-9d42-e3047ad215d4,9,12:108.2 31:182.54
dac8a55a-668a-4001-8697-07a5f2aa672c,10,3:72 10:57.51 19:38.75
dac8a55a-668a-4001-8697-07a5f2aa672c,9,1:34 3:28 26:45.12
dadc67a8-99c1-4b46-8021-2cd6e65a160d,10,2:180 4:178 4:199.99 5:180 7:142.5 9:152.5 11:200 12:174.5 13:158.5 14:152.5 14:184.99 16:189.99 16:202.92 17:152.5 18:148.5 18:157.5 19:150 19:165.5 19:206.96 23:172.5 24:149.01 28:102 29:132.5 29:179.99 30:160
dadc67a8-99c1-4b46-8021-2cd6e65a160d,9,3:42 3:44 3:50 3:59 4:49 4:61 8:59.99 12:40 14:48 14:49 14:57.86 16:41.8 16:49 17:48.5 18:42 18:48 18:61 18:64.99 19:64 23:51 23:51 23:78.27 25:38 25:51 26:48 26:49 26:51 26:69.34 28:46.02 29:60.42 31:60.42
daddca16-c9d3-46ac-9d44-15f020f7614c,10,3:33 6:38 10:45 14:48.54 21:53 24:100.05 25:31 30:60
daddca16-c9d3-46ac-9d44-15f020f7614c,9,10:13.01 27:20.5
dae2db98-af6e-4067-a42a-84a84cfcd219,10,17:11.78
dae50b2c-e7b7-4ba8-8d6b-1752c0b3f152,10,5:96.92 13:59.99 20:41 25:59.99
dae50b2c-e7b7-4ba8-8d6b-1752c0b3f152,9,6:26.21 16:17.52 22:20 30:21.25
dae62484-9b15-43d9-87e7-db1707abe769,10,31:150
dae62484-9b15-43d9-87e7-db1707abe769,9,7:62 24:50.4
dae66065-a66a-4847-bbaa-a977f70a3358,10,3:49.99 13:80 21:38.95 21:40 21:40 21:55
daf24260-32d7-45eb-86fa-7a34edfa8183,10,9:130 16:177.99 22:100 23:115.69
daf24260-32d7-45eb-86fa-7a34edfa8183,9,24:75
dafa9cb6-428d-41ae-9f7e-10a64fa0c8fc,10,3:22.8
db008302-ac86-44eb-9d36-e8c8cb8b0707,9,28:152.5
db1138e3-3a41-4713-a5e6-b8ac303fb429,10,7:18.61 29:33.01
db121a4d-464c-4543-8b49-aa00d8c07268,10,24:160
db121a4d-464c-4543-8b49-aa00d8c07268,9,12:46
db409341-eb18-4ab6-99ad-032c7379c1b0,10,4:112.5 4:126.06
db409341-eb18-4ab6-99ad-032c7379c1b0,9,1:49.79 2:36 3:22.22 5:48.99 9:25.59 10:18.5 10:46 14:26 15:64.8 16:70.7 17:20.5 24:20.5 25:87.9 31:29
db42c887-ddb0-4146-ae30-5a947c6fa712,10,3:152.5
db42c887-ddb0-4146-ae30-5a947c6fa712,9,4:44 11:69.98 14:41.02 18:19.76 23:40.1 24:31.02 27:49.99
db4e77e6-813d-485a-b64f-a7c723bb97fb,9,7:65
db5c75b7-55cf-43ae-b736-794403c7ec64,9,17:24.99
db68b766-0a2c-4666-a5eb-58fbc5c5e82c,10,2:270 6:307.25 18:270 28:265
db68b766-0a2c-4666-a5eb-58fbc5c5e82c,9,10:61 17:32.4
db7010ea-9642-4883-8ab3-73a8f67fac90,10,22:49.95 27:49.95
db7010ea-9642-4883-8ab3-73a8f67fac90,9,2:9.99 3:16.5 3:20.4 6:15.52 6:17.5 15:32.41 18:19.99 19:19.99 23:22.99 27:15 30:16
db761dd3-e0fd-4e3a-bd85-909ea37b795a,10,16:61 21:116.55 27:57
db7cd121-c135-45fc-9be5-5e00e8af1379,10,24:34.95
db8f2139-d1bb-46c6-8382-788dedf8da5b,10,2:14.9
db96097e-8b33-4ce5-8ceb-96b9aca1638f,9,25:78
dba7e19f-447b-4ed3-8b6f-693ac376ce61,10,14:59.95
dbb07c4a-1ef6-4d67-a73e-2ac99ba5bad5,10,6:200
dbb07c4a-1ef6-4d67-a73e-2ac99ba5bad5,9,18:100 23:88.5
dbb2ef9a-e023-4735-b39b-ff6d13fade10,10,31:61
dbc7daa2-111d-43a9-83d0-61112caf41e8,10,3:85
dbd4b732-0aee-4466-a6f6-7d88ff615e6b,10,17:41 20:38.03
dbdb6980-3beb-4c41-a5eb-07f912b1aa7d,10,3:102.5 5:137.53 8:216.5 16:152.5 18:120 21:94
dbdc3e46-a917-4776-9904-f6d7ea40ea54,10,1:217.45 19:229
dbe3bb40-a78f-46bf-a8d5-ba1a1d2dfe44,10,3:3480
dbe3bb40-a78f-46bf-a8d5-ba1a1d2dfe44,9,2:975 3:940 10:860 15:858.58 17:900 27:820
dbef3b60-0e5c-4071-97e6-53e7212b0525,10,5:33 8:55.37 15:49.6 15:60 24:40 29:45 31:69.78
dbef5df7-6af1-4e5f-a072-c482c8b689aa,10,9:372.81 10:492
dbef5df7-6af1-4e5f-a072-c482c8b689aa,9,24:88.8 24:92.72 26:74.68 29:126.15
dbf4970f-2dcd-40f0-a771-0818ef87e0a2,10,5:180 22:50 30:202.5
dbf4970f-2dcd-40f0-a771-0818ef87e0a2,9,7:19.99 7:30 18:15.51 21:34.99 26:22.5 28:15 28:22.5
dbf8775c-f598-4660-aafb-0d43f292aa8f,9,5:7.5 17:13
dbfa92da-e261-49ef-adf3-27de3b18045c,10,26:30
dc05be1a-e58b-4699-aeaf-00d3e8a6a6c4,10,3:330 10:336 11:392.7 16:420 24:305
dc05be1a-e58b-4699-aeaf-00d3e8a6a6c4,9,14:129.99 24:162 26:122.23 26:145
dc08294a-9cb9-4566-951e-284032d5391e,9,26:41
dc08403c-6849-4f19-ae65-5d5292c00667,10,3:564 10:588 10:600 12:475 17:600 18:471.36 24:560 26:549 28:501 28:549
dc08403c-6849-4f19-ae65-5d5292c00667,9,1:152.5 3:124.59 5:160.2 18:205.21 26:150 31:120
dc087f76-39c9-4e53-9ddf-510c226b5f0f,10,5:21.5 10:34 11:21.5 11:22.5 12:19.5 12:22.52 12:22.52 12:22.52 12:44.99 15:20.5 16:24.99 18:21.5 18:29.99 21:29.99 23:24.99 24:24.99 26:34.99 27:26.5
dc0f266b-2e17-4197-84d5-921e8b032ae5,10,21:484
dc20b244-c4b3-46d8-a027-32b76e5a392b,10,14:3495
dc20b244-c4b3-46d8-a027-32b76e5a392b,9,29:755
dc213d85-a14d-45f4-8407-5cf4a3f12acd,10,10:30 15:29.99 19:69.99 24:36 27:40 31:26.4
dc213d85-a14d-45f4-8407-5cf4a3f12acd,9,2:9.99 4:15.01 16:20 28:25 28:30
dc2833e1-d32b-4513-adba-bb419e4d41d6,9,10:49.99
dc2a1f90-184f-4d67-81c2-6cf7df6e398b,10,10:132.5
dc2a1f90-184f-4d67-81c2-6cf7df6e398b,9,24:83.99
dc3345eb-a222-44af-bc94-bcddc2ba27cb,10,3:31.21 12:23.08 15:31 17:18.5 17:19.76 17:21.81 17:23.52 17:25.2 17:25.2 17:55.97 23:39.99 26:40 29:30 31:30.41
dc3b1d71-e37b-4d4a-8fa0-5c0dce5f8dcd,10,7:180 17:183.5 19:275 21:199.99 31:210.53
dc3b1d71-e37b-4d4a-8fa0-5c0dce5f8dcd,9,4:45 9:51 11:15.4 13:54.99 16:54.99 23:46 25:50
dc488788-d906-4458-b824-f9e671b3957c,10,31:290
dc488788-d906-4458-b824-f9e671b3957c,9,7:135 19:56
dc4dc2b2-1755-4182-9cdf-dbc1b5522a79,10,1:20.5 3:22.5 3:25 3:25 3:36 5:35 6:38.99 10:27 11:21.5 11:28 12:22.5 14:47.79 15:25 17:20.5 17:26 21:29.99 24:37.99 25:31.09 25:34.99 30:20.5 31:31
dc51520b-3a17-4c27-9a4f-eaa00551c938,10,30:46
dc57e25f-dc6b-4598-a084-7cc61922c444,9,2:500 27:475
dc58dedd-b989-4a22-8a07-b435269dbe76,10,10:32.4 17:21.6 18:18.05
dc5c233c-b3d0-48e4-abf2-b707d666ea6f,10,1:17.52 1:21.99 1:23 3:12.02 3:15.5 3:15.6 3:15.6 3:19.2 4:13.33 5:17.5 6:15.52 8:17 9:17.52 12:16.5 13:30 19:17.52 19:18.5 23:22.5 24:13.52 26:24.99 30:16.5
dc6190ae-73e7-41ba-ac8c-75e6c8bbe1e1,10,3:20.31 3:35 3:40 5:36 7:31 7:45 9:26 9:44.88 10:31 11:29 11:36 14:37.03 18:37 18:40 20:37 22:42.67 24:32 28:40 29:31 29:60.85 30:30 31:23.2
dc6d42d0-1da7-4731-8e4e-484009ad3cab,10,4:92
dc6ff92d-fe88-4c50-a7e0-3f322e858ab3,9,8:11.12 19:15.99
dc72557e-04d2-48a7-bce9-d6589f5da700,10,6:505.17
dc72557e-04d2-48a7-bce9-d6589f5da700,9,1:166.99
dc78bf21-b83e-43b6-8c59-f9261beaad3b,10,7:24.16
dc8e9f80-e257-48aa-b3e6-c90c6001d3f0,10,12:45 12:59.99 19:20.5 19:22.5 20:53 30:45
dc9a4eec-72e1-4b3b-8a13-50b0277058e2,10,9:52 11:22.36
dc9a4eec-72e1-4b3b-8a13-50b0277058e2,9,3:19.99 6:24 24:15.52 25:31
dc9a9f16-5c5b-4968-bafa-1c9ca3c9ba79,9,27:14.5
dca3592f-3a2e-4c75-95d7-4234278edda3,9,9:120 29:56
dca44ecb-5191-4674-86d3-c8f8ef3e6a42,10,17:31
dca4b8ab-44df-4e6c-bf46-5b7415688fdd,10,11:26
dcbb8394-18f4-497a-8c5d-58dab5fe4f49,9,31:32
dcc19419-d791-4cc3-abf4-9ab06edc1975,10,1:29.99 10:30 12:22.52 15:17.52 20:25.95 23:13.05 25:13.5 25:23.39 28:22.52 29:12.5
dcc4488f-8c52-44ec-af0a-11fede3e7f31,10,24:16.5
dcc68359-5f96-4a8a-ac54-92f47aa700d5,9,3:299.99
dccbedeb-a2a3-4646-8049-32c9e4c5fabe,9,25:112.5
dcce92c2-b604-46eb-9299-6a46f3186cbc,10,10:468
dcdc9f02-3929-4f01-bc01-42488da778a2,10,1:28.75 1:28.75 8:27 10:18.29 11:28.86 16:20.5 17:35 18:33 23:18.7 24:22.99 28:28.99
dce084a4-43d6-4358-8bcd-ca483f71cd4a,9,20:246.4 20:356
dceca417-a241-40dc-b7ba-0495a281a97d,9,11:165 20:205.3
dced7c32-9811-4c05-a143-fc3c3cc75055,9,19:15
dcefa4da-742d-4068-b51c-c72309a02f9b,10,17:31.16 24:12.07
dcfdeadc-9aec-4456-900f-80d8d8f63657,9,10:113.93
dd048a06-1688-4101-a14b-c7dee239859e,10,1:20
dd0a57d4-f6a0-4c0c-a06b-ae25e273aa29,10,24:70
dd0a57d4-f6a0-4c0c-a06b-ae25e273aa29,9,12:31.13 26:26.02
dd0b7431-af27-48af-974a-6e74ce0e908b,10,10:32.99 11:15.5 17:24.5 18:49.99 20:21.5 20:24.5 20:26 24:30
dd115d69-2709-4944-bcf3-5eed747b1481,10,31:76
dd14e510-90ba-4e5b-9033-c55af41c3c6c,10,19:137.5
dd14e510-90ba-4e5b-9033-c55af41c3c6c,9,24:43.2
dd1797f3-5879-42c3-9a7d-28bd49eeeb1d,10,2:81.59 5:102.5 7:98 9:50 9:63 24:53 25:113.99 27:112 30:109.99
dd1797f3-5879-42c3-9a7d-28bd49eeeb1d,9,3:29 9:32.47 11:21.19 11:36.05 12:36.05 16:34.93 23:39 27:29.99
dd19efed-82b2-4a3a-bcd1-d502eb9786df,10,18:67
dd1bb264-a5dc-45af-87c9-f163ed6169ef,9,24:31.94
dd1c3f46-a37b-4584-8b0a-91a43710de7a,10,11:140 11:159.99 24:163.5 31:133.06
dd1e144f-051f-4171-bd44-5a5d491f04c6,10,3:46
dd3911ae-1f9b-4417-ae19-7c1b53d86a84,10,15:499.99
dd3e9b99-16bc-4338-b8dc-0b5411f44a89,9,5:61.48 9:79.37 31:57
dd4f04f9-f9f0-414a-9ca1-731f77faaa30,10,3:28.8
dd6866c8-699d-4754-84ce-5a37c4f0d702,10,29:23.5
dd6b8eeb-84e1-4263-a853-5d4ecf686668,10,5:43.62 5:46.57 7:199.99 13:60 14:20.06 15:50.01 18:47.8 21:37 21:40 22:40 24:36 26:79.69 31:27
dd6b8eeb-84e1-4263-a853-5d4ecf686668,9,3:15.6 5:22.51
dd6e36e2-2b18-4921-82bf-0b32d9d09b2e,10,17:99 18:56 23:46
dd6ee601-c21d-4276-b4b0-eca74294460a,9,14:150
dd6fe91c-bd23-45d0-87c4-eaa0a14b0369,10,18:29.56
dd9b21fc-4509-4379-ad39-28cc363dcb23,9,7:51 21:120
ddabc915-f213-4732-9d9a-303759db5132,10,10:138 19:125
ddabc915-f213-4732-9d9a-303759db5132,9,23:27 31:29.88
ddabc9a9-7a2b-4bf0-9993-10ab6a686aef,10,7:46
ddad7460-5a3c-402f-8a09-0ba80f622cae,10,3:75 7:72 20:102.5 22:59.99 24:70
ddad7460-5a3c-402f-8a09-0ba80f622cae,9,5:24.99 5:24.99 7:20.5 8:45.77 11:15.5 11:26 11:32.3 11:40.89 12:13.53 14:31.24 17:40 19:29 24:12.56 24:14.4 24:30 26:28 27:20 27:32.3 27:43 31:12.5
ddb5b726-72b8-4e0e-af65-feb5a6877445,10,5:24.5 6:30 9:20.5 9:25 10:26 12:34 13:24.99 14:50 17:33.95 17:36 17:53.2 18:29.99 20:29.99 22:28 23:21.61 23:26 24:20.5 24:29.99 24:34 24:72.25 25:31 28:41 28:50 29:39 30:20.8 31:21 31:34
ddb5b726-72b8-4e0e-af65-feb5a6877445,9,3:15 6:13 7:22.81 9:15.5 10:28.48 11:24.99 12:29.99 14:26 17:15.5 17:31 23:15.5 23:18.5 24:15.5 26:15.5 31:20
ddc01041-2057-4e7c-8f28-20c0b5173247,9,14:34.65
ddc547c2-66c1-412e-b598-dfa826949d19,10,7:102.5 17:127.5 22:120
ddc6c289-2e10-483c-84b6-bf3fa1d24e97,9,31:66
ddcfe9d4-b19e-49af-8045-21c7e15e3da2,10,21:28800
ddcfe9d4-b19e-49af-8045-21c7e15e3da2,9,8:1645 10:2065 23:1875 24:1925.02
dde5d8c7-f2cf-4384-8aa8-687c00a7a502,10,1:20.51 2:22.99 3:30 6:25 8:24.5 9:19.99 10:21.6 15:15.5 15:20.5 16:20.52 16:22.8 20:20.06 20:21.5 20:22.5 22:20.68 23:16.5 29:115.24 30:22
dde5d8c7-f2cf-4384-8aa8-687c00a7a502,9,13:15 16:14.99 21:14.99 23:17 26:7.01
ddf5bec0-3fc8-4a2e-9616-4a79caafa271,9,11:56
ddf886b7-57ea-40b3-950d-97f06e86203e,10,10:46
ddfece2b-65ef-4608-8a23-fb45c4d3e3d8,10,8:305 10:405.61 10:410 17:355 18:350 23:330 24:370 29:399.99 31:324 31:336
ddfece2b-65ef-4608-8a23-fb45c4d3e3d8,9,3:132 9:250 10:152.5 10:160 17:138 24:110.4 24:135.5 31:120
de092e21-1f9b-449c-b338-89511a1d49f7,10,2:810 7:899 9:835 12:750 14:815 17:790 21:760 23:790 31:819.45
de092e21-1f9b-449c-b338-89511a1d49f7,9,5:311 17:449.99 31:199.95
de1ecfd9-18b0-4b02-8280-c97ce290c040,10,25:151.28
de205d27-9ec5-4151-a9e9-e4c800c93da7,9,20:400
de2281d7-8147-45ea-9f40-88ca5ed416db,10,19:305
de2420f6-204c-49cd-816b-70272e675ea7,10,26:99
de3a4a7a-529a-4c9f-bb4c-24d5702d4b4f,10,10:60 22:23.25 22:23.5
de3aaf49-6ac0-41c7-a96f-55ad3f14aad8,10,14:300 19:123.27
de3aaf49-6ac0-41c7-a96f-55ad3f14aad8,9,28:50
de60a5a8-55eb-458c-b41f-3092063dea0e,10,1:255 17:168 23:350 24:200.5 29:165 29:185
de61638c-932a-41b1-b897-2f655fd08479,9,3:66
de7137a5-7183-40fa-8ede-ad59783a5d45,9,24:326 25:256
de7e5320-6cf6-41cd-bb89-4c1aeb550957,10,27:46.6
de8169b2-d4f4-4e00-8441-1eaa06f120a3,10,3:40 9:39 10:38.15 12:43.6 15:51 18:42 18:44.49 19:41 22:55 27:39.74 30:33 31:39.98
de820629-d49a-4d54-899c-ca4b3d11be37,10,3:52 3:61 3:62
de8d47b3-07cb-4427-9a03-91101f44c49c,10,1:62.02
de8d47b3-07cb-4427-9a03-91101f44c49c,9,23:40 24:26.4
de958e28-b161-437d-85cb-752069f44125,10,3:40.8 3:42 10:43.2 10:43.2 17:33.6
de9cf176-3f6b-4533-8252-f1d8eeab1161,10,17:150 19:192.5
dea32068-1762-4d44-be00-d0f29dd6ee84,9,10:107.5 10:110 13:110
dea74739-4dbd-44e6-9fdc-8e160400458f,10,13:232.5 13:232.5 14:499.99
deac98b1-cf78-47d2-966c-3ba3bb270f34,10,11:150
deacce8b-944b-415c-9c43-9019c8324181,10,4:150
deacce8b-944b-415c-9c43-9019c8324181,9,17:31.2 23:34.88
deb7b212-a610-41a6-a1de-940485c74c3f,10,17:434
debf590e-b122-4983-aa98-fcb10c07e38a,10,5:83.99 24:80
debf590e-b122-4983-aa98-fcb10c07e38a,9,1:39 12:34.99
dec2082f-44c3-45d2-8815-4dd5861a07e3,10,4:42.02 31:43.99
ded6f9ca-74ae-4b4d-80eb-5581e17587df,10,17:91 27:85.69
ded6f9ca-74ae-4b4d-80eb-5581e17587df,9,4:35
dedc364b-72a3-4d6f-a884-1f7dffde35f0,9,3:26 27:48
dedcf1aa-dbf3-494b-99fb-814631831436,9,24:185
dee13c66-168c-44af-8cfc-7e200a0f0cb6,10,25:151.28 28:375 31:119
dee3db56-5ff0-4b5a-b44d-9ebe3f828cfd,10,3:24
deec99a3-1ab9-43ae-9f4a-f8ca45d466ad,10,8:193.18 21:175 30:255
deed1f52-c622-42ca-98df-413ba2263b48,10,7:12.5
def28e46-b84f-41c3-a7b1-21fd80c29c00,9,10:52.88
def78ea3-d9f8-4aad-a8b6-edf9b05b497d,10,11:84 12:46 15:50 24:57.69
def78ea3-d9f8-4aad-a8b6-edf9b05b497d,9,9:28 31:27
df014ce5-69ac-42ff-9d58-8e4987e1c564,10,4:41 23:43 28:84.22 31:33.6
df05bf98-f462-4f51-bb5f-6e23b3008993,9,19:40.5
df096589-7fba-4197-bc47-ea8c40bbd049,10,10:144
df096589-7fba-4197-bc47-ea8c40bbd049,9,7:32
df0bfc06-3658-4ce8-b27f-469f018bb461,9,24:98 30:135
df11312a-209b-4e64-8f72-c14e4133008d,9,18:150
df18c00c-1057-4780-abbc-63130f298a5c,10,4:77.38 10:115.2
df18c00c-1057-4780-abbc-63130f298a5c,9,7:31.99 10:35.02 24:28.8
df1c89fd-d203-435f-8efc-6bee11e9fbbc,10,17:1400 24:1350
df26e36f-89a0-4cf8-9d33-7d2478d616cc,9,26:9.99
df32f084-b8a0-4ec6-ae64-ee6745e91950,10,15:381
df3e3298-52e9-4312-bf52-f501816c4bae,10,25:18 26:18
df3e3298-52e9-4312-bf52-f501816c4bae,9,29:15
df533f39-d797-41f2-805e-0a299b06a84b,9,10:15.52
df5965ac-b936-4180-8d92-117781fb3ae8,10,17:150 26:58
df5f1036-c592-42d6-90f4-123f436fc668,9,14:365
df60d6c4-84bd-4979-92f1-5531cf819f13,10,9:71 15:61
df616f19-ea0e-4f82-9470-d0c84681b6d9,10,2:21.5 6:15.52 23:15.52
df61d236-2066-4956-9bf4-f75f668a0a42,10,6:55 11:46 11:55 16:56 16:57 17:42 20:55 25:46 27:42.72
df69e5d9-4012-4389-a8ee-f387e1b8b515,10,27:649.99
df6dc5ad-4122-453a-8ec0-45f76372814a,10,30:299.99
df8bb25a-67ae-40b7-8288-cf60e1137c33,9,10:158.5
df91be19-daf3-4b5c-ae80-39cd14f2ef89,10,2:56 3:66 12:54.5 23:89.99 23:90.77
df91be19-daf3-4b5c-ae80-39cd14f2ef89,9,13:40 20:40 25:21.5 26:18
df94a44e-31b5-4e32-96a4-764a03c9fe6f,10,10:147.5 16:139.5 18:299.99
df94a44e-31b5-4e32-96a4-764a03c9fe6f,9,3:38.4 3:38.4
df99e9a4-57b7-4bd2-9ee4-c7acdab8c9fb,9,16:43
dfa9a112-6234-4578-9b88-77b390715299,10,7:21.5
dfabb4af-c541-4775-8d99-f7730488872b,10,10:70 20:61.37
dfb745aa-9cfb-465e-af9c-bf19ecdc741b,10,23:28.88 31:45
dfbde257-f950-4366-994f-cd165ef84d3e,10,9:203.47 27:80
dfcd128c-52f5-4593-8e13-428c86241794,10,31:1450
dfcefbff-1c7f-4faf-a690-442343e619a0,10,28:32.88
dfe1810f-908f-45dd-a7e6-543e5e015ccc,9,17:142.43
dff0e2e0-aa50-4d58-9e72-ab0524e491c3,10,7:73.89
dff1e6b6-c93a-4ad4-b5c1-1776754c6c24,10,5:56.95 19:40 30:50
dffa7bf1-e99b-489b-8332-a18f942d7048,10,18:69 26:66
dffa7bf1-e99b-489b-8332-a18f942d7048,9,4:30.5 6:37.56 7:19.5 22:34.99
dffaf0e0-74d6-40f1-9eb1-83e8ffb3bbca,10,15:460 17:475
dffaf0e0-74d6-40f1-9eb1-83e8ffb3bbca,9,17:175
e0003eaf-a1e4-4d00-8a3e-a1ab5fbd327d,10,10:411 18:510 25:405 31:400
e0003eaf-a1e4-4d00-8a3e-a1ab5fbd327d,9,1:100 2:125 12:22.5 20:89.99 20:99.99 20:125 22:153.99 23:110.5 23:160 25:129.99 26:110 31:83
e00484a3-3617-44b8-9a46-3241334bf2b0,10,13:12.5
e0088c61-a767-4d4b-998f-5b79a40cb462,10,6:165 30:90
e00cdd1b-c25f-4401-9427-6246d6afafbd,10,14:99.99 15:81
e01ba42c-6c9c-4e2f-99b0-fa2f8b154fe6,9,10:48 12:50
e01f0f2a-202e-46b0-9d7f-02fe0eadd334,9,29:15
e01fa778-a26f-44db-893a-28485822dd4b,10,21:969 31:1248.68
e01fa778-a26f-44db-893a-28485822dd4b,9,4:305 12:276 23:351 24:325 27:350 29:349.99
e024d8e3-865c-4f08-b901-dd6a82a8b049,10,20:900 28:800
e02cc97c-42fb-4019-8039-2599afb53449,10,23:399 24:182.5 27:94.99
e02cc97c-42fb-4019-8039-2599afb53449,9,5:41.77 5:43.77 20:27 23:99.95
e02d328e-0d16-4f37-9ac9-a59b556e05a6,10,18:5.5
e0375484-1de4-45c6-9574-5e3edb64fa12,10,11:150
e03efd0e-eb31-487d-911e-3dc00f3fdc96,9,26:26.02
e04939dd-bd27-4726-89ae-2161d9897be9,10,9:41 20:40 24:33
e051061a-0a6a-4170-a91c-107a1f49dc77,10,12:247.27
e053c25e-d4b0-4ce0-abc4-0303a11cd25e,9,1:76.88 14:35
e0842997-ed9b-49db-89c9-f14b6ee6f00a,10,27:255
e085b2be-638e-4afb-8bea-8ba355e8cb11,10,22:51
e089fb7e-7535-4e1f-8fc4-73c847e48c75,10,3:62.11 4:74 4:83.9 6:100 10:78 10:82 10:96 11:49.99 11:89.99 13:70 13:78 13:89 15:200 16:119.99 17:82 17:86.64 19:81 19:85 20:85 21:90 24:86 24:99.98 25:65.44 25:98 25:99.99 25:110.5 27:74 29:75 31:78 31:96 31:100
e089fb7e-7535-4e1f-8fc4-73c847e48c75,9,6:179.55 9:33 10:26 10:61 13:26 31:44
e08e51b7-59a9-4a2a-9ac0-36ec28cd1c64,9,3:275 9:150 18:840
e090bf5c-ff72-4558-8a42-bc8d2e9652ca,10,20:145 24:125
e090bf5c-ff72-4558-8a42-bc8d2e9652ca,9,3:31.2 14:31.02 24:33.6
e0977d2f-2ed1-4c1d-a433-d1250358a096,10,7:46 12:31
e0a15cf2-9501-4eae-9f35-e6e64ffcc206,9,10:71
e0a55926-37c2-46a8-9981-4f62244f39cb,10,10:35 16:59.99 24:39.99 27:40
e0a5c154-b784-4ec4-ac22-72bbe6152b2a,10,24:39
e0ac7b5d-482f-4031-9f0c-25d59f859651,9,5:69.99 23:77.9
e0ac8152-bc72-4977-9d55-1fb2a0fa0c57,10,10:500 18:400
e0ac8152-bc72-4977-9d55-1fb2a0fa0c57,9,8:138.5 12:165 24:150
e0b0e4ea-ee26-4c2f-a845-dbad1a11c516,10,3:240 3:750 7:300 11:350 11:379.99 11:399.99 26:379.99 27:90
e0b0e4ea-ee26-4c2f-a845-dbad1a11c516,9,3:61 3:105.6 6:77.44 6:90 9:101 11:99.99 13:118.83 17:110 18:119.96 24:131.08 31:33.6 31:69.6 31:71
e0b998ce-2497-4b4b-94d5-ee7ef33a33ea,10,28:174.99
e0c16846-6e94-4447-b101-f219b7f5ee02,10,4:107.5 7:89 7:89
e0c16846-6e94-4447-b101-f219b7f5ee02,9,12:43
e0c1a8c6-9b03-4c21-b6e3-8081dffb4286,9,18:38
e0d1e7e4-ea58-4a7b-b442-d4b0bf22f88f,9,25:32.5
e0e581a9-2e07-44a3-bac4-f74f7f65f7fd,9,25:2999.26
e0f2f7a9-35f6-4340-adf9-bd4c4bf5d551,10,27:91
e0f4b15b-c1b5-45b5-b062-eef549d2dc46,10,28:25
e0f4b15b-c1b5-45b5-b062-eef549d2dc46,9,21:15 27:14.5 29:13
e116e924-aba4-465b-b7c4-1cd15f2d8a8e,10,20:60 23:66 28:94
e116e924-aba4-465b-b7c4-1cd15f2d8a8e,9,4:34.33 16:26 18:49.99 24:34 28:38 31:22.5
e11992a2-0ee8-440b-a6b7-821c63f64818,10,4:20.5
e133e8ee-1f20-466d-bae6-94c7cfd9048e,10,15:17.52 17:22
e13492d5-f8d4-4da0-aa0c-1481b5a96a1c,10,1:343.83 17:500
e13492d5-f8d4-4da0-aa0c-1481b5a96a1c,9,14:184.5
e1358162-a899-4086-b1cc-618432381a6f,10,9:34.99 31:34.99
e1358162-a899-4086-b1cc-618432381a6f,9,9:10 11:13.84 16:21.5 17:11.52
e14b51e9-93a0-4ae7-86e3-f1063f20d43f,10,6:135
e1546ae0-b0f5-4e06-b877-1bb18d93b316,9,29:79.99
e1650cd4-0535-4b51-ba71-440c9cfc8d3d,10,17:30 19:29
e172bed3-4160-4fd5-a3b4-b702200f6a77,9,31:50
e1754505-8713-426b-9df6-1a17fc4a0420,9,7:31
e178aeac-a07a-438e-acd5-a950e07ba76c,10,1:152.5 3:174.99 3:181.5 5:147.5 5:242.32 7:180 8:147.5 10:215 11:147.5 12:164.01 13:150 13:214 15:150 15:170 18:250 18:264 20:200 22:162.5 24:140.61 24:174.99 25:219.95 26:194.27 28:214.97 29:187.5 30:173.13 30:219.99
e178aeac-a07a-438e-acd5-a950e07ba76c,9,3:71 3:71 12:60 17:102.5 28:67 31:66
e181a83d-68bc-4380-80a1-ec9e2c05b079,10,1:24 5:35.95 6:26.21 8:43 14:14.5 19:19 24:37 30:19.99 31:22.5
e181a83d-68bc-4380-80a1-ec9e2c05b079,9,11:23 12:11.99 19:12.5 24:12.07 24:14.99 24:29.99 26:18 29:18.2
e187453a-d1b7-48a2-98b4-f4b5fc94864d,10,20:248.69
e1942082-90e7-4928-9607-d5e47055bba2,9,31:26
e1a2fa2f-3722-42c8-ac0f-a8af0ca828e9,9,12:54.99
e1a83b8c-e87d-4701-b591-812a09409447,9,16:25
e1bd12fd-ffb4-408d-8729-7c4af5e6954a,9,23:80 26:69.98 28:54.14
e1c3dece-bf81-45b5-b47f-95a121e3d926,9,16:73.51
e1cca343-280b-4e3c-b4c5-5073b937c730,9,10:23.5
e1d393d7-6fdd-411f-93db-788dcbd1ce0f,10,5:53 31:50
e1d393d7-6fdd-411f-93db-788dcbd1ce0f,9,6:15
e1d5adde-ad9d-4f6f-a5db-ac7bc3b47759,9,7:64
e1d5cc10-c7c5-4800-87fb-8dd3a3fa22b1,10,3:34.8 5:110.92 17:468 17:492
e1db86b1-ba35-4b1d-a857-1b1ab5d4163b,10,22:74.73 24:57.01
e1db86b1-ba35-4b1d-a857-1b1ab5d4163b,9,3:20.25
e1dfb426-186c-4c6a-b6fe-385519629753,10,5:265 10:350 19:172.19
e1dfb426-186c-4c6a-b6fe-385519629753,9,20:115 24:36
e1e4b0a7-dba2-4b49-8e29-24695e0c3a70,10,1:75 8:74 8:77 17:73 24:73.3 25:69.99 26:73 31:74.95
e1e4b0a7-dba2-4b49-8e29-24695e0c3a70,9,3:35 6:26 10:30.07 10:48.1
e1f606a3-9ce0-4e1e-95c9-7543c7e24971,9,1:62.01 19:174.99
e1ff4caf-0b59-41cb-8165-4cb1407db693,10,23:61
e2008e09-1d91-4e57-90b5-cce6aebc5f37,10,11:15.5
e2065d9a-7f38-4f3e-beff-e1bce83933eb,10,5:23.02
e208dfd8-13a0-4683-b716-1b2623cbad66,10,10:138
e208dfd8-13a0-4683-b716-1b2623cbad66,9,3:40 3:43 4:48 5:31.04 24:36 25:37.86
e20add76-bbc1-4469-a914-370eedf84cac,10,5:17.5 5:26.76 7:20 7:23.73 11:100 18:27 18:30 26:26.88
e20e371b-5eb4-4f2d-a0a9-3ff86dbd093b,9,20:252
e20f4efa-9389-443e-931c-8ca8a0183d8d,10,7:73 17:57.02 17:76
e2148f62-f486-4126-8b94-96d7b07effaf,9,2:26 24:20.5
e2181e8f-0d5f-481e-a9bb-acb85c0c6e59,10,14:45.75
e2181e8f-0d5f-481e-a9bb-acb85c0c6e59,9,29:14.95
e227d080-1f9e-49e3-a55d-abd3cd66b506,10,3:160 13:140 17:162.5 18:150 31:128.5
e227d080-1f9e-49e3-a55d-abd3cd66b506,9,7:40 8:42.99 9:40 16:30 18:31 23:42.99 28:35 29:49.99 31:37
e23ccd5b-1bd1-4fc5-9095-897c485ed29f,10,10:99
e2505428-d80d-432a-bfb4-06831aee638d,10,3:76.8 16:61.02 25:119.99 31:86.4
e2585ef4-be99-466a-a89f-bef69b22ad09,10,18:94.26
e262d715-522b-46df-9a7c-27fadac3fa02,10,7:10.5 8:20.75 25:10.5
e266b140-8a9d-46f4-baa2-53ac9a3eddda,10,15:20 15:20 15:24.5 15:24.5 15:24.5 15:25.01 15:26 15:27 15:28 15:28 15:28 15:29 15:31
e266b140-8a9d-46f4-baa2-53ac9a3eddda,9,15:15 15:15 15:15.5 29:28.77
e27b9692-fad7-4005-b09b-b328fe7ab44e,10,1:546 3:410 3:650 7:369.99 9:399.95 18:349.95 21:355 24:360 24:394 27:279.99 27:315 27:384.99
e27b9692-fad7-4005-b09b-b328fe7ab44e,9,10:265 22:171
e2858c9f-c52e-4056-aeb2-6f2ad3bb3bdc,9,7:179
e28d2b92-96b3-4c98-9bdb-6f2e5c0c70fb,10,4:19.21 5:12 10:13.2 17:14.4 21:17 23:15.5 23:17.52 23:20.5 26:17.5 27:19 28:16 30:10.5 30:12.5 31:19.99
e298995d-179d-475c-9ba0-97b3c65e6ca7,10,14:35
e2a5140b-4eb6-4101-96c9-f313c30e7855,10,9:97.69
e2b0693e-504f-4181-9bef-1c7cc0209b21,10,20:20 23:30
e2b3b22f-2aed-4ce6-96e5-ffacda4a36e4,10,10:54 16:55
e2b8779a-ef91-42af-af5a-a9d5c979a649,10,2:145
e2bc7757-005a-487f-8621-28075297eaf9,10,1:20.5 3:13.52 3:15.5 4:25 8:25 9:19.99 10:16.01 10:20 11:21.8 11:31 12:10 15:20 17:25 19:15.59 24:17.52 27:25
e2bc7757-005a-487f-8621-28075297eaf9,9,4:7.51 11:15.52 20:11.5 20:14.5 22:15.5 23:14.99 24:10.5
e2d68354-07de-4fba-acc0-8fa9d6b203c4,10,28:165.5
e2da5e21-8f2d-4724-9a41-c90d36fd5929,10,24:91
e2ddac00-f3bc-483a-8df0-a82aed436d4e,9,31:30
e2e1e621-8264-4227-8b94-cd3916f005bc,10,4:60 8:78.77 9:49.99 9:55 11:49.99 12:58 13:28 15:33 18:45 18:45 19:41 21:49.99 23:39.99 23:49.99 24:49.99 28:50 29:31 30:52
e2e1e621-8264-4227-8b94-cd3916f005bc,9,5:7 6:12.5 11:9.49 11:11.52 12:10.99 12:19.99 13:11.02 13:14.88 14:16 16:9.05 16:24.53 19:12.5 25:12.5 27:19.99 29:11.5 29:14.5 29:15 29:15.5 29:15.5 30:13.5 31:11.52 31:18.99
e2e43691-2047-40bb-863b-c31cad8f9e26,10,9:72.23
e2e9adc4-3e3b-42ad-94a2-b5f9e6b48d39,10,1:40 2:33 7:50
e2e9adc4-3e3b-42ad-94a2-b5f9e6b48d39,9,3:19.99 3:20 10:20.5 17:37.99 20:15
e2e9d2c1-0d56-4f49-b0a1-02045f88abf2,10,31:43.2
e2eddc81-8bfd-4db0-bd5d-ed00483d70b4,10,8:40
e2eddc81-8bfd-4db0-bd5d-ed00483d70b4,9,16:20
e2f99b43-0f10-4895-a03c-3d7defe11525,10,7:735
e309c1f7-19ba-4f09-b82d-4da3bf265fb4,10,15:20 15:20 15:20 15:23 15:25 15:26 15:26 15:26 15:26
e3128612-57ea-4aa7-b996-168f42e1d5ed,10,24:202.5
e3128612-57ea-4aa7-b996-168f42e1d5ed,9,24:72
e32118ff-fb46-431d-b259-bd1de03df3dc,9,16:76
e32f1d7b-7062-4c91-8196-c81bca007a73,10,3:26.99 7:10.5 7:11.75 7:24.16
e338d113-e71e-4380-af0e-01aee0fd8b82,10,3:1230
e33f4308-77d7-4390-b658-0b4c8765a646,10,28:184.45
e33f4308-77d7-4390-b658-0b4c8765a646,9,5:49.95
e3464c18-00c3-40df-8a9e-945fce9fa7a4,10,4:220.5 9:456.99 20:201.49 25:299.99
e3464c18-00c3-40df-8a9e-945fce9fa7a4,9,4:107.5 12:65 18:300 20:66 21:143.96 22:152.99 23:94 27:105.5
e3467794-c653-43c8-9a1a-8acbf65e8290,9,16:15
e34a9bfc-d15e-4775-bd78-8cd7ae066ee6,10,3:28 6:49 9:69.99 16:56.2 16:59 25:35.5
e34a9bfc-d15e-4775-bd78-8cd7ae066ee6,9,4:32.41 9:20 10:16.5 29:16.5
e34c9101-fc55-426d-a491-dbdb8615d377,9,30:38
e35397d2-98f1-4c2f-add5-03bcdb046753,10,3:55
e35422eb-7cb0-4376-8c14-92d3ec01f3aa,10,17:151.56
e3571197-4e62-4db5-956f-9d38a0f7e2cb,10,10:100 11:64 21:75
e365f963-029a-439b-b4d6-d6f1d08ef5fb,10,7:23.16
e36eb41b-6ffc-4529-9e0a-ce96599ba390,10,18:66 25:105.5
e3877bd7-437c-422a-b6b5-320e3261d830,9,10:84 17:110.4
e39d5a6a-7a60-4717-8aa2-c7b65d7dd8ea,10,26:214.5
e39f734f-26de-460a-b153-c6b4a2e8aaed,9,10:158.74
e3b9bb7b-0b6f-4a9e-b311-c72cd534d499,10,17:204
e3bc7dd8-7e69-415f-9722-24080f10c76a,10,3:22.8 15:40 17:15.5 17:19.2 17:19.2 28:36
e3bc7dd8-7e69-415f-9722-24080f10c76a,9,27:10.5
e3bebacc-53f8-4e89-8d99-ba3441068cd4,9,19:115
e3c059a6-310d-498e-a206-006fcd453301,10,30:24.97
e3c1e88c-6c3f-4dbb-a6fb-0731f32d0901,10,29:15.5 29:16.05
e3c98fe9-afd5-412e-92d9-067a222de49a,10,22:155
e3c98fe9-afd5-412e-92d9-067a222de49a,9,31:46.8
e3dbb3e3-4abb-44c7-8820-72ea0c7c0998,9,21:200 30:182.5
e3dd2832-b9ab-4474-a5c2-d91d210769d2,9,7:125 13:80 13:120
e3e59a9b-856c-45f6-a5c2-aea844a11a0d,9,20:150
e3ec66ef-191a-48e6-9d82-d7ff8c462410,10,4:59.99
e3ec66ef-191a-48e6-9d82-d7ff8c462410,9,5:5.5 8:11.99 14:9.01
e4061b82-472e-4112-bcdb-02b8fd8fce03,10,1:21.4 2:16 2:17 3:20 3:27 3:29.95 7:30 9:21.5 10:24 11:38 12:29.99 13:26 17:20.51 22:26 23:22.5 23:25 24:20 24:22.5 24:23 26:26 28:28.77 29:25 30:31 31:26
e4061b82-472e-4112-bcdb-02b8fd8fce03,9,9:19.31 10:11.5 19:15 24:12.5 26:10.5
e409534e-af17-48fd-86a6-f3337dfc1107,10,2:75
e409534e-af17-48fd-86a6-f3337dfc1107,9,17:58
e40f29e8-4c15-4cd8-9c0b-10729969f2f3,9,9:44.5 29:70
e4181452-c878-41e4-a345-ceb5ad94b958,10,8:125 23:110
e42611a2-62f3-4b4a-bdbb-f2dfb3328e31,10,6:95
e4393edd-7d92-4038-9a9e-07a88d96bd88,10,3:2340 3:2700 24:2415
e4393edd-7d92-4038-9a9e-07a88d96bd88,9,3:1399.99 14:1399 23:1400
e445850e-6b68-4f9d-9772-4d0eb6a8fe83,10,3:150 7:140 10:100 10:149.69 12:149.69 24:210
e445dcaa-b40d-4ad6-a0a6-22e27f6e0c5c,10,10:19.2
e450c063-290a-44bd-bfdd-45eca4a44e97,9,17:305 28:260
e45ba9b1-b209-4acc-8890-2ee339d03072,10,13:35 15:50 18:39 21:35
e45ba9b1-b209-4acc-8890-2ee339d03072,9,27:15
e46f66fc-6cea-4e4a-90cb-22e569dd6454,9,4:85 14:68 16:63 21:125 31:98.4
e47b1458-1ccb-4a87-ba2b-9249f4173c8a,10,18:1322.75
e47b875e-9492-4fb9-90a6-51fda2635524,10,28:49.99
e47bea34-de4c-48ea-a5c4-9926ac371231,10,21:598
e48a1d32-e776-40dd-8a19-0f0ab5d8c1b6,9,10:17 15:15.5 21:15 25:12.5
e48a49ff-af60-4f8c-8730-a50cc60a908c,10,18:81
e48bd1b1-b3f4-4dd3-b96c-faeaf171f16a,10,27:20
e49c1742-81c0-45aa-b9e4-9c17951a45cf,10,17:107.5 30:199.99
e49c1742-81c0-45aa-b9e4-9c17951a45cf,9,7:45 7:89.99 29:80
e49f8c0a-2347-4b59-a72c-71c79c392da9,10,5:40
e4a39df3-a14b-4f90-bb63-bf5046097563,9,16:28
e4a69c91-5c1a-45b1-aa91-bbfb5be94a55,10,22:31
e4adc5f7-98f1-410d-bde6-8f49b485955f,10,2:68.58 3:39.6 3:42 12:65 13:58.26 14:33 14:74.69 15:47 15:71 17:19.8 17:38.38 24:55.31 27:54 28:47
e4adc5f7-98f1-410d-bde6-8f49b485955f,9,20:23.28
e4b636ba-5a22-4dec-818d-447d078851e8,9,10:62.4
e4bc4fd0-3628-47a2-9739-a7a2279eae4a,10,27:260 31:300
e4c42a2b-3892-4a50-825a-55dffbfca519,10,6:23.23 6:25.02 6:25.02 6:26.81 7:26 9:24.99 9:36 18:20.5 23:21.11 24:20.5 25:24.99 27:24.99 27:25 27:30.99 30:25 31:16
e4c42a2b-3892-4a50-825a-55dffbfca519,9,2:8.5 2:15 6:17.87 10:10 10:10.5 16:20 17:25 28:7
e4c43509-19fe-4789-8bf1-bc3d4d0c8a51,10,6:91 7:88
e4dbc7a1-fc5e-4baf-85aa-ecd177c3c8dc,10,2:75 3:21.6 5:30 15:17.52 17:25 20:20.5 21:32 24:35 26:34.99 30:40 30:42.86
e4e6c447-d28a-429b-bf44-777a7d4b43f4,9,3:264
e4ead6e2-d461-4c44-8477-22abb633769f,9,3:690 3:1393 17:722.02 19:675 23:779.03
e4f2e9c6-ca12-475e-81d6-f0204255355e,10,29:22.52 31:44.99 31:50
e4fc8807-2379-46dc-8b1e-bd4a38ca1b8b,9,12:49.99 14:34 27:45
e5111d35-7ca2-47e4-bc6f-c7c0641e692e,10,5:167.5 7:175 12:119 24:66 25:105
e5218c4c-efd7-4340-bef9-93fdbbd9b1da,10,11:115 20:100 24:85 25:109.99 31:92.84
e5218c4c-efd7-4340-bef9-93fdbbd9b1da,9,3:44 9:31 11:47 17:60.79 18:38.98 19:38.75 24:38.5 25:37.94 25:46 26:36
e522f541-40c5-4df5-89ba-b89f7b66c9d9,9,5:15.27
e5243039-40a5-4bd0-9027-ba7d42a059f9,10,9:40.99 29:61 31:43
e52806cc-f69a-41a2-98a7-3ce7a327e5bf,10,14:90
e537283b-fd5c-4f1d-90ba-51d9d0e643c1,10,3:23.12
e53a891d-84ca-4997-b2fe-7ae467d2cbc5,10,10:104.67 17:205
e53f19c7-1ee5-48f9-8df2-8eed6474ce9d,10,20:115
e549c6a5-aa41-40a8-a606-12618b11859b,10,20:51
e5548e58-4d88-4174-829f-7390f8deb9da,10,3:15 4:14.41 10:22.5 13:17.53 18:21 19:24.99 22:26 24:20.5 24:24.99 27:24.99 28:20.5
e5548e58-4d88-4174-829f-7390f8deb9da,9,21:11.5 24:7 24:15.02 26:7.01
e5579979-0399-4e65-8a40-f330a8608bbf,10,3:63 4:74.99 5:62 7:53 7:55.95 7:58 7:59.99 7:61.5 7:65 10:56 10:66 11:49.99 11:55 11:56 12:50.99 12:64 12:71 13:59.99 15:50 17:39 17:62.11 20:56 21:55 23:59 23:59.99 23:74.95 24:68.54 27:76 28:64.99 29:70 30:51 31:61
e5579979-0399-4e65-8a40-f330a8608bbf,9,2:29.99 3:27 3:28 5:26 5:27 5:30.02 5:31 8:34.88 8:34.99 10:30.9 11:34 11:34 12:26.72 13:29.99 15:34 19:19.38 27:32.99 31:20.5 31:51
e569c694-276c-4b14-8318-c7d2494a6bf7,10,24:104.5 26:61
e57406ca-cd46-4c46-837b-ff87bdd26210,10,1:47 1:50 2:56 3:41 3:59 3:83.12 4:44.97 4:44.98 4:44.99 4:49.99 5:50 6:41 6:55 6:73 7:28 7:63.15 8:42.5 8:56 9:53 10:27.66 10:36.68 10:37 10:40 10:47 10:50 11:37 11:39.99 11:39.99 11:45 11:46.9 12:36 12:52 12:69.58 15:49.99 16:40 17:35 17:37 17:37 17:40.8 17:42 17:54.29 20:15 20:35 21:44 22:40 22:51 23:32 23:44 23:49.99 24:40 24:41.97 24:42 24:45 24:47 24:54 24:54.53 25:40 25:41 25:44.18 25:45 25:48.99 25:50.25 26:50 26:54.99 26:65 27:37 28:33 28:40.99 29:35 29:37 30:27.69 30:32 30:35 30:37.72 30:44.99 30:45 30:48.68 31:34 31:34 31:39.99
e57406ca-cd46-4c46-837b-ff87bdd26210,9,1:15 1:52.26 3:13.49 3:14.52 4:18.8 7:13.5 7:19.99 10:17 11:18.5 11:22.5 11:25.25 12:28 13:19.99 13:35.16 17:16.5 17:17 17:18.5 17:21.5 18:16.32 18:20 21:20 21:21.99 21:24.5 24:14.02 25:26.5 26:13.5 26:13.5 26:18.5 29:18.39 31:16.53
e587121a-2f6d-44ab-92ac-dc9427620e78,10,26:77
e587121a-2f6d-44ab-92ac-dc9427620e78,9,1:50 10:34 25:18.7
e5897b21-6d0b-431b-a324-6c9648cce11d,9,6:135.5 27:200
e58d5d5c-f84c-410e-9904-3ff882fdbce9,9,26:361
e591950c-aa91-4279-976b-6c1cc70f9820,10,26:42.5
e5919853-0a1a-4809-b7de-480b2935f322,9,3:26.4 17:26.99 31:25.2 31:28
e5993c04-0ac3-4985-8ce9-0afb5e55923a,10,28:40
e59fcc64-ec94-44a9-b42d-de5961ad9800,10,16:409.99
e5abaaa1-684c-4638-9c04-047e911c5b7e,10,25:127.5 29:150
e5aead2b-05a5-4401-a3d7-ac02960d5661,10,27:41
e5aead2b-05a5-4401-a3d7-ac02960d5661,9,10:15.5 20:10
e5b36d45-a9b1-4963-8b44-dc93d5141ac8,10,13:89 27:129 31:62.03
e5b36d45-a9b1-4963-8b44-dc93d5141ac8,9,2:25 19:60.13 25:18 31:12.1
e5c3ae19-53ea-4c88-8857-7933d430a2b0,9,10:39 31:39.99 31:43.2
e5c5faea-533f-48fe-8013-a918d87a8b52,9,6:21500 18:17100 21:17400 31:10467
e5cb8e42-5962-44a1-86e3-b4f04df7a953,9,30:31
e5d0e7fd-b489-4059-95e1-07b65b9a5a2e,10,12:84
e5d5ad49-cf3c-4770-968f-86c938a42447,9,10:20.5 24:25
e5d7daef-26d3-4a29-b5a4-a759de0a39f6,10,3:25.2 3:25.2 9:27.66 9:44.97 10:31.2 11:37 17:31 25:37.5 27:34
e5d96c76-5856-4aa7-af55-263f2860e436,9,7:299.99
e5e234dd-9c0a-4b4e-b58b-948fd3900dd0,10,3:175 3:275 26:139 29:170
e5e595f3-2b3c-4296-95fa-773a501da9a7,10,15:43.62
e5e595f3-2b3c-4296-95fa-773a501da9a7,9,15:11.5 15:13 15:13
e5f6f9b1-f5df-4b54-882a-9fd75dfe99b2,10,15:32
e6013887-a7a6-4724-b6e1-c567c8e12bcd,9,13:20
e603474f-347f-469a-a94e-400ee1e7f508,10,3:690
e603474f-347f-469a-a94e-400ee1e7f508,9,7:65
e6075fa6-c35f-4476-8c2c-5f0d80c4100c,10,1:12.5 3:15.6 3:15.6 3:17.52 23:14.5 27:12.5 29:20.5
e6094a7e-18b0-45eb-8191-402a6188c564,10,7:42 7:46
e60da656-0665-46cc-8293-b784867c4651,10,14:495
e60da656-0665-46cc-8293-b784867c4651,9,20:234 23:170.49
e62314d6-a360-4df9-a5c7-bb009eeee77a,9,17:39.99 27:24.86
e627052b-93e8-42ca-9965-e49c0980bac8,10,1:125 8:102.5 31:114.27
e627052b-93e8-42ca-9965-e49c0980bac8,9,2:43.99 20:45
e631b5b4-90e1-4f9c-95f5-1342b9cfb57e,10,9:160.5 9:174.99 26:162.5
e631b5b4-90e1-4f9c-95f5-1342b9cfb57e,9,26:59.95 26:76 27:206.99
e64c537e-3c46-4629-a9af-48dc64ebfad7,10,16:125 19:112 26:145 30:150
e6565328-1eeb-4947-85a9-db7dd70f6937,10,17:12
e66329bb-a7b6-407f-accb-81cf67b775d8,9,27:256 31:270
e6698323-7a2e-4072-bdb9-004903d2e345,10,3:14.52 3:33.82 5:34.23 6:27 9:20.5 10:25 13:26 14:81.48 15:34.95 18:38 19:31 23:20 23:23.83 25:32.99 29:29.99
e6698323-7a2e-4072-bdb9-004903d2e345,9,25:22.95
e681844a-032a-4ec9-93a7-9cf92841e310,9,20:19.99 23:16.75
e688df86-baea-489c-8c76-e4421570aae1,10,3:312 10:331.92 17:300 19:365 24:350
e688df86-baea-489c-8c76-e4421570aae1,9,4:135.09 29:145.99
e689c8a2-e453-458e-8033-f2f2b3d7889d,10,6:34.99
e6909787-ed24-41af-9db8-9c1e6dc57a27,10,13:269 17:158.5 30:157.5 30:165
e6935e3c-04b5-4248-a396-9b95509718b0,10,6:474.29 26:82
e694db14-3621-43ac-8e69-1961af3f60a1,10,3:34.99 3:39 4:34.99 5:26 9:38.99 9:68.68 10:21.5 11:22.02 11:22.02 12:22.01 16:25.99 16:30 21:21.99 23:24.51 23:37 24:20.5 24:21.5 25:22.52 25:26.5 31:20
e6982350-4e0a-464f-9e66-d79ad972a858,10,9:249
e6982350-4e0a-464f-9e66-d79ad972a858,9,11:46 13:28 13:69.95 25:31 27:43.01
e6af33ca-ab62-44e8-9e72-da88b817c3a8,10,22:174.56
e6af33ca-ab62-44e8-9e72-da88b817c3a8,9,3:23.52 24:26.4
e6cde16a-a97b-4080-b971-84ecbc7d853c,9,3:56 4:55 8:120 9:75.01 10:93.6 14:74 14:115 14:217.5 17:74.4 18:79.99 20:85 24:74.4
e707e3ec-10f6-4d65-82c0-9c2ab3863b27,9,11:13.5
e7087a0c-a3bf-47a5-9084-a544c214dd55,10,4:40
e710634e-7c50-4fb4-af32-8b050d78b248,10,2:18 15:25 18:22.99 19:17.52 19:17.52 29:16.5
e710634e-7c50-4fb4-af32-8b050d78b248,9,19:14.51
e711a00d-5703-4ec6-8072-d1012e9f5e9c,9,12:10
e71435ed-bf05-49cd-8685-36c0e53cbe0f,9,31:18.5
e730b01d-7aef-4363-b442-dfd2b495808e,10,26:79.99
e7442a2c-4147-455d-859a-9043dadd83a1,9,5:2375 10:2130
e759a6f7-de75-4d46-97b0-a89b3e1f99e3,9,26:20.5
e75ae32b-1c8d-41ec-a7f0-7bfe9c40df3e,10,1:17.5 10:11.5 12:15 24:12.5
e75ae32b-1c8d-41ec-a7f0-7bfe9c40df3e,9,11:10
e75e40a9-3f29-4c96-b724-8aaa5fc21121,10,17:13.2 23:29.99 28:16.02 28:18.5
e75f6f27-3b67-4541-83cf-f6b467ead988,10,23:50
e75f6f27-3b67-4541-83cf-f6b467ead988,9,3:9.5 7:15.5
e7688135-ad79-42c5-bf0a-4532e8e8af39,9,3:55.79
e7751a51-f309-48a2-bf5a-6b38b745726e,10,19:130.5
e775a872-3480-4581-b626-f0dea4261b11,10,27:51
e777b2fa-dd94-4d0f-a283-5913fdd17531,10,11:15.36 14:20 15:42 16:35 17:16.5 30:48.68 31:40
e778e2ed-6be9-4145-93b0-65fddef41233,10,24:35
e778e2ed-6be9-4145-93b0-65fddef41233,9,12:12.5
e781f5dc-e9dc-4a00-949b-5b3e7c6dc537,10,17:1110
e7845f20-29d8-4a59-9e0a-d0f0c8eb0862,9,7:92 20:63
e784a21e-534b-4094-b480-29cb4d7b35d2,9,13:118.83
e78cd8d4-df19-419f-b4bb-2d68d23352ed,9,3:193.19 20:200
e79998cd-3ef3-4daf-aa2a-c1d8f0c87ca3,10,25:1500 26:2750.95
e79998cd-3ef3-4daf-aa2a-c1d8f0c87ca3,9,23:775
e7a1f35c-3db2-48ed-9116-c38501635e0f,9,17:15.52
e7a4a078-5cf6-4be2-abfd-0e128bdb9a3b,9,6:30.99 20:39.99
e7a96d0c-acd7-491c-b164-f671adb6758d,10,23:235
e7a96d0c-acd7-491c-b164-f671adb6758d,9,11:110 12:100 19:89.88 31:48
e7b9d0a0-e9e8-4f28-abe7-4b5c2c4644a8,9,23:17.5
e7c1dd67-c785-4ef9-aa11-5322a2599d7c,10,17:26 24:31.2
e7c1dd67-c785-4ef9-aa11-5322a2599d7c,9,5:31
e7c8a19b-2be2-41a3-a071-f33be7897892,10,1:200 3:204 29:124.5
e7c8a19b-2be2-41a3-a071-f33be7897892,9,11:42 15:41 20:46 22:59.75 31:38.24
e7d0f8d3-e280-4307-9094-f675a584f1f4,10,17:14.4 20:18
e7e7caba-e343-41c5-b648-ebabbe02dd67,10,11:12.63 13:22.5
e7e98601-f917-4231-a8b6-a2d7a1f48296,10,12:170 13:200
e7e98601-f917-4231-a8b6-a2d7a1f48296,9,3:44.99 8:38 10:80 24:33.6 31:36
e7f808e2-c0e1-4840-8ca5-a05208c8bc4a,10,10:38.4 25:50
e7fea0e1-6c44-433a-9225-1d0c126d20e4,10,4:225 31:76
e7ffd9c3-2a08-47a5-88c6-79e0cafe803f,10,17:105.77
e8078d6c-3afc-42ac-896e-9a2baa6b3c2d,10,9:61.33
e8078d6c-3afc-42ac-896e-9a2baa6b3c2d,9,29:60
e80f9519-6e40-48bb-9029-791268de20b0,10,4:85.39 30:146.03
e80f9519-6e40-48bb-9029-791268de20b0,9,3:18 14:16.5
e8228859-086c-4ef9-97f5-968ed6585ebb,9,21:129.95
e82a901f-c536-4a26-b9b0-e28d881a16d7,10,29:22.5
e848542f-e015-4bca-9da3-80de213cc729,10,9:108.23
e848542f-e015-4bca-9da3-80de213cc729,9,4:54.02 17:27.99 30:12.5 31:24.99
e84e4dcb-93e1-49c4-9db4-797b65c4d952,10,5:21.73 24:45.6
e853b968-19d8-44fe-9414-910b0564e451,10,5:660
e853b968-19d8-44fe-9414-910b0564e451,9,13:162.37 20:258.7
e86c7ddb-b378-4800-b073-a71a716a3d6f,10,1:219.99 1:232.5 3:280 3:280 7:217.5 9:255 12:255 12:283.56 15:177.5 17:230 17:240 19:260 19:299 21:227.5 21:250 21:250 24:202.5 24:234.49 26:215.39 26:249.5 27:220 28:261.99 29:250 29:265 29:279.99
e86c7ddb-b378-4800-b073-a71a716a3d6f,9,8:112.5 8:150 10:145.5 11:130 16:76 17:86 30:94
e86dcd3c-7b1d-4fac-be41-dc848bc1d9e2,9,7:49.99
e8763a0c-f10b-4f70-a5ea-d1b32a2b706b,10,22:20.24
e8768cc3-a110-46a6-b452-5d95cce94ece,9,11:180
e8778587-325e-4cdc-a7de-87a46f418b14,10,1:89.91 30:61
e8778587-325e-4cdc-a7de-87a46f418b14,9,3:30 12:17.19 16:31.5
e883f6df-7e3f-4773-a512-aea553fc8580,9,24:25.2
e88a0270-10de-4ac1-97ac-9c9285668c5b,9,29:95
e88e6a21-4a03-4be0-af09-04c70b6dac0f,9,3:69.6
e89bd655-ef65-449a-9f50-7789fd47b944,10,5:31 14:34 15:25 17:25
e8a30494-9055-476e-9030-c24c1b95923c,10,24:2400
e8a30494-9055-476e-9030-c24c1b95923c,9,11:330 14:399.99 31:375
e8a83c83-85ae-4a6d-b6e2-c34dd9cd42ce,9,3:24.5
e8a86477-6249-4a1b-9acc-a04cb3959350,9,27:89.15
e8ad50a6-574a-4a9a-8bed-dd0b84debcec,9,14:28.52
e8bb83bf-b0d8-4c42-8111-7dfc4293bf24,10,16:99
e8beefb4-7324-4093-89b0-4f9a94055dfb,10,11:125 16:22.8
e8c9c1d5-a828-4d13-b64f-8b6b5148c280,9,12:125
e8d22978-d6be-4933-9958-923818e6fe8c,10,15:28
e8d8bf47-6319-4b16-ba10-1be7b9bd8274,10,5:21.81 10:19.2
e8da8c43-5754-4512-9711-e5985a52b962,10,23:49.95
e8dcfb40-1733-4fbb-b5cd-c883b51ebf08,10,25:40
e8ebd749-bfee-46a0-98b3-75a5f71a4c1b,9,14:61 17:74.4
e8ecad90-c77f-48ab-84d0-4bbfc05599eb,10,3:94.97 4:81 15:80 24:125
e8ecad90-c77f-48ab-84d0-4bbfc05599eb,9,7:43 24:46.5
e8ef0b64-a9c7-4b47-bf90-fcb9750b29a2,10,3:138.05 10:126.75 13:150 17:157.5 20:150 22:199.99 25:170 25:299.99 28:179.99
e8ef2660-72ed-4bed-a146-fe2f7136bdbe,10,3:54 13:130 16:120
e8f477e7-28a1-488b-8069-37db9f2a0153,10,10:101 13:130 22:122.5 26:150
e8f477e7-28a1-488b-8069-37db9f2a0153,9,26:43 30:33 30:39.95
e8f6c277-ed5d-4b7c-8f6f-efbc115d86a6,9,21:577.01 21:700 22:476 25:866.27
e8f752d2-851e-47f8-813a-da30fa74bc67,10,21:125.5
e8fc3c70-a849-4932-9523-a86031d3b677,10,31:51
e90229fc-8bc0-4f73-b789-0a547c686888,10,11:13.84
e9096027-0e2a-4fbb-84d2-d45f4265e28a,10,16:30 18:20.75 19:82.97 27:24.99
e916f53f-1b0f-4dcd-80ca-9e4977c33369,10,14:222.5
e918f683-2cf0-40b2-8aad-674492284b99,9,10:70
e92090e1-0626-4e4b-9335-e67ab8ad4068,10,23:81 23:86
e9270289-7670-45c5-bd49-1a55acd2bf98,10,16:200
e92bf46e-7ecc-4f70-9d64-495f24d787fb,9,20:775.71
e92ded6c-8111-4f1f-8d59-dbf54e3fcaa5,9,13:15.75 31:12
e9355383-201f-4652-af77-1f1d23e21df9,10,24:43.88
e93da5c6-0e95-454f-a7d3-f84333f49837,10,2:31 10:30 19:45
e93da5c6-0e95-454f-a7d3-f84333f49837,9,6:15.5 17:21.21 27:20.5
e9511f60-5694-4b77-b0da-8b18d71902f7,9,10:500
e954e8c2-0b32-4def-b5f9-ff2ebc4a13cc,10,4:112.5
e954e8c2-0b32-4def-b5f9-ff2ebc4a13cc,9,25:31.16
e95f6643-440f-427d-b5f4-3d26fd46532b,10,26:142.5
e962ad1c-3acf-4e2a-b4da-89a3322d3f1e,10,8:26.99
e96bca70-6bfb-4d5c-80c6-2bbbed38bbd4,10,7:57 11:55
e96bca70-6bfb-4d5c-80c6-2bbbed38bbd4,9,23:24.5 24:18.38 25:12.5
e96d41d8-4df9-4113-8146-94d0387c4e27,10,14:96.95
e98111ca-cae8-4ac4-a95c-6be2c3dcfdf2,10,3:510 14:580 18:615 21:690.44 31:660
e98111ca-cae8-4ac4-a95c-6be2c3dcfdf2,9,3:152.5 3:165 6:225 10:133.5 14:145 14:147.5 18:204.5 20:199.99 20:222.5 23:149.99 25:170 27:149.99
e988006f-2746-4b35-a87b-a986e5bee38f,10,14:210.5
e98d05e1-09c3-4a4e-a35f-57faa5319049,10,1:17.99 3:13.5 3:17.52 5:16.5 6:13.75 11:17.52 11:17.52 11:17.52 11:19.99 11:20.5 12:29.99 16:17.02 17:13.49 17:16.5 17:17.52 17:20 22:29 23:24.99 25:19.99 26:15.51 31:17.97
e990c2e3-94b5-47a6-a3e9-b0e980a0e20a,9,27:50
e991be3f-55cb-4287-b0b7-6bde1a06b237,9,1:51
e9957482-d304-42a0-a7d4-7cc78efa5b26,10,6:70 7:71
e9965dee-51b0-43e1-a148-60f3a49ee25f,10,3:44.4 3:44.4 5:93.16 14:39.35 17:44.24 20:80 24:40.8 24:66
e9965dee-51b0-43e1-a148-60f3a49ee25f,9,5:15.91 11:31.99 17:23.56 20:20.5
e9a183f8-bdc7-4b33-91c1-3d39cb25168f,10,16:219.5
e9a183f8-bdc7-4b33-91c1-3d39cb25168f,9,17:46.55
e9ab8734-f7af-4b02-bc8c-a3d9e6f08d23,9,12:95 16:80 17:74.4
e9bcb9c1-a6d4-41a9-9e42-be1d8302f774,10,7:10.5
e9c2fd34-c018-410e-8a81-e272b86252d1,9,5:28
e9c729dc-b9bb-4b53-b9bf-3904f72db34c,10,14:69
e9cdcb7e-d782-44da-8e0d-d6ec4618ae02,10,14:51.26
e9cdcb7e-d782-44da-8e0d-d6ec4618ae02,9,22:19 25:37.99
e9d051d7-0e64-4821-86a2-4a6252ff1172,10,24:62
e9d051d7-0e64-4821-86a2-4a6252ff1172,9,24:33.6
e9d41002-5d4f-4dc4-b101-2066d6531fd1,10,24:325
e9d76250-f5d6-416c-8597-818ac3aac524,10,10:735 10:760.01 17:653
e9d76250-f5d6-416c-8597-818ac3aac524,9,1:261.11 3:316.57 5:242.32 20:430 21:350
e9daf8e4-80e5-43a2-84d6-7094a22d9090,10,1:49.99 9:36 16:33 16:39.99 17:40.1 31:27.01
e9e6a1e7-77e9-4511-952d-d00e9a71400b,10,26:485
e9e7d401-b206-4ea0-8837-75913904da55,9,3:102.5 10:86
e9ec3114-a0c9-4351-ad2a-241c3a7b19d0,10,2:340 2:350
e9ec3114-a0c9-4351-ad2a-241c3a7b19d0,9,2:114.5 10:98
e9f10c7b-61b5-4400-8b30-bf2a3a462ce6,10,24:126
e9f4833f-dde7-40c6-b8b4-4e6f03f84c54,9,25:59.99
ea07a52a-5c21-422d-b91b-3261a4ae3ab7,10,12:78.57 12:100 19:75
ea13f0f3-a7a3-4ce8-b982-7afbdacbc499,10,15:17.52 23:13.24 24:15.38
ea4363af-f5b1-4cd2-b870-33efc9bac67a,10,3:22.8
ea454835-e90a-4926-8946-5329b9848189,10,10:40
ea50d906-aad7-4709-bdce-ccfc6161a7c1,10,3:66 3:67.1 3:100 4:67.1 4:84.99 5:54.3 10:51 12:61 16:52 17:54.99 18:65.99 18:102.5 19:85 21:50 21:59.99 21:61 24:48 24:51 24:59.74 24:62 25:77.9 26:70 27:65 30:57
ea5d34e4-3b98-4b13-a51c-7479406480ca,10,15:24.5 15:24.5 15:26 15:26 15:26 15:27 15:28 15:29.88 15:31 15:34.33 22:110 26:65 31:101.97
ea5d34e4-3b98-4b13-a51c-7479406480ca,9,15:16.7 29:36
ea666724-5641-45e7-ae26-414f6cfc71d2,10,21:283
ea666724-5641-45e7-ae26-414f6cfc71d2,9,10:76 24:79.99
ea6acb41-38fd-4391-85ec-903d27954441,9,24:46.55 30:26
ea6d303c-628d-402b-a8c5-e820fa13cbb7,10,2:65.78 28:50
ea6d303c-628d-402b-a8c5-e820fa13cbb7,9,3:18 10:18 13:19 19:31 24:41 28:21.1
ea7ace23-73ec-48de-83bb-4114b1a0131d,10,2:50.3 4:50.3 28:89.99 30:66.5 31:37.99
ea7ace23-73ec-48de-83bb-4114b1a0131d,9,10:8.01
ea85da49-5312-43ff-9625-7d9ba8dd2770,10,21:295.25 30:200
ea862386-8332-4878-a108-71b344be4927,9,5:18.24
ea8ca82a-aeed-4df4-95e3-2f4559bbc36f,10,26:133
eaaafe76-b166-4238-8d38-b5ed7985bd16,9,30:147.5
eabb9374-7b21-4891-a80a-5f669186b8c0,10,11:430
eabb9374-7b21-4891-a80a-5f669186b8c0,9,4:30 17:51.6 17:60
eabc236d-41a2-47d3-97cf-0d2ecb871aa0,9,4:69.99 4:77.38 17:63 24:29.88 24:100 27:69.95 30:61 31:71
eabd4728-1fa4-4dbc-9192-d8c45a0baebf,9,28:120
eac073d5-feb5-4b74-a765-3a3807e958ec,10,16:749 24:670.99
eac073d5-feb5-4b74-a765-3a3807e958ec,9,25:150
eac38134-f78e-4f67-aea3-af68884e196d,9,13:29.95
eae0c5d7-9f13-4622-ab3b-f8f22f09dd84,10,27:45
eae339f0-ba12-4f2a-ba06-1270bf194355,10,31:126
eae5d504-a287-4548-a323-61b11441b974,10,4:92.44 14:91
eaf565c5-aac7-4077-b4f3-e2f5fb2a4234,10,7:77.25 10:41 13:35 24:34.8
eaf565c5-aac7-4077-b4f3-e2f5fb2a4234,9,1:9.5 23:40.34
eafbee4d-b8e4-4990-a805-470f52bd7e03,10,1:15.5 3:12.02 3:17.52 10:17.5 11:10.5 19:13.5 29:17.52 31:21.59
eb0245af-5aff-417a-a242-4bf4f3c6a037,10,24:1590 24:1800
eb0245af-5aff-417a-a242-4bf4f3c6a037,9,10:265 13:280 14:200.59 14:260 14:269
eb04c7ec-1978-4bab-b107-1b5f4e9c7166,10,15:21.24 19:12 24:11.5
eb0bda81-a192-4716-9070-f8e7e5dfc5c8,9,9:157.5
eb0d3d25-7f86-401e-b59d-7c1680f974df,10,4:66 24:54
eb119257-05dd-4e25-a970-a47eca45f0f1,9,13:59.99
eb1920a4-352d-425e-a1c1-ca61d4660379,10,1:199.99
eb1920a4-352d-425e-a1c1-ca61d4660379,9,3:49 5:45 8:86.95
eb1e4256-5f71-4bf7-85ad-e2866ca98c14,9,3:65
eb240ca5-a8c6-40ab-9e6b-0361e265af34,9,24:4 24:10.02
eb2d889b-762b-41b3-958f-e767c5f3b0d7,10,17:14.4
eb3a696f-e800-4ec9-8432-fb074e1df414,10,18:71 26:64
eb3a696f-e800-4ec9-8432-fb074e1df414,9,6:12.5 12:38 28:13.04
eb3b3312-cd6b-4199-b1d6-b3f3fbedba70,10,10:10
eb3c4b95-6e0c-467a-a9ec-dcc9c32a447f,9,14:93
eb5215a0-31c8-4a4d-a276-3562712c8487,10,3:50.42 10:30.13 16:18.02 16:38.99 27:37.99 28:38.77
eb536900-4cb8-4980-9b8b-9aa739c9f8d7,10,8:259.75
eb536900-4cb8-4980-9b8b-9aa739c9f8d7,9,26:102.5
eb607dea-5ec2-482d-972a-13901243fc59,10,12:423.11
eb607dea-5ec2-482d-972a-13901243fc59,9,15:149.99 31:122.5
eb699d52-4378-424b-9b47-758d609ab9fd,10,16:330
eb6c0ec1-ac02-4368-8d7a-d402a66197bf,9,1:14.28 23:19
eb78cc83-eff0-49e6-b602-ab894568d4e3,10,8:230 13:235.15 31:290
eb78cc83-eff0-49e6-b602-ab894568d4e3,9,1:99.99 5:102.5 6:100 16:120 18:96 24:154.48 29:130 31:140
eb8a91d6-e87a-4e92-8475-22332c7e8813,10,17:1320
eb8a91d6-e87a-4e92-8475-22332c7e8813,9,17:899.99
eb8b7c12-3252-4688-9c51-e070ce60950f,10,1:309.99 1:315 1:437.2 2:280 2:282 2:284 3:256.08 3:295 3:300 3:429.99 4:269 4:270 4:273 4:290.01 5:295 5:300 5:320 5:323.65 6:250 6:285 6:294.99 6:315 6:339.99 6:349 6:350 8:267 8:280 8:286 9:280 9:304.99 9:350 10:241.82 10:281.1 10:290 10:336.73 11:99.99 11:230.5 11:281 11:319.95 12:275 12:275 12:275 12:281.5 12:300 13:241.5 13:268.96 13:275 13:300 13:319.99 14:280 14:281.6 14:300 15:260 15:315 16:267 16:275 16:280 16:286 16:299 16:300 16:300 17:252 17:270 17:275 17:280 17:280 17:286 17:290 19:240 19:295 20:278 20:300 21:190.02 21:222.5 21:285 21:295 21:325 22:278 22:289.9 23:250 23:280 23:280 23:295 23:305 24:270 24:285 24:290 24:296 24:299.95 24:300 25:275 26:250 26:270 26:280 26:280.55 27:283.99 27:286 27:288.99 27:320 28:251.5 28:265 28:270.83 28:280 28:305 29:260 29:326.7 30:275 30:280 30:280 30:285 30:285 30:295 30:310 30:312 31:264.96 31:276 31:291
eb8b7c12-3252-4688-9c51-e070ce60950f,9,1:160 1:174.99 2:180 4:140 5:137.5 6:170 11:143.5 11:159.99 14:163.99 15:153.5 18:150 19:132.53 19:190 22:175 23:160 24:125.5 28:135 29:135 30:73 30:121.19 31:200
eb9bbf1f-2ee7-48a3-b7e9-135fa5776b70,9,9:67 16:44.99 17:42
eb9bf704-3944-4fef-86bd-432e1d6198a3,10,4:210 29:408
eb9bf704-3944-4fef-86bd-432e1d6198a3,9,2:41 3:61 17:37.2 17:60 21:59.95 22:149.99 25:76
eba550a2-b1a3-42f5-8574-5e8025287195,10,25:129.99 28:129.99
eba550a2-b1a3-42f5-8574-5e8025287195,9,25:49.99
eba665f5-0be9-4c6b-ba00-220ef94dc593,10,3:76.8 5:115.1 9:56 9:64 9:67 9:68 9:74 9:92 10:66.52 10:75 10:81.6 10:98.4 12:85 16:66 17:62.4 17:62.4 17:67.2 17:67.2 17:69.6 18:80 19:62.78 20:149.99 22:103.18 23:75 24:72 26:75 30:79 31:89.95 31:98.4
eba665f5-0be9-4c6b-ba00-220ef94dc593,9,3:15.6 3:18 3:21.6 3:25 6:25 9:29.99 10:26 14:25 16:19 17:13.5 18:24.5 20:30 20:36 24:20.4 24:20.4 24:22.8 24:25.2 24:25.2 24:25.2 24:25.2 27:27.5 27:30 29:30 30:80 31:22.8 31:28.8 31:30
ebaec901-afd8-4753-88d3-86b0b7e479bb,10,1:48.91 1:79.46 3:61 3:61 3:61 3:63 3:67.2 3:68 4:56 4:79.99 7:50 7:61 7:65 7:66 7:70 8:71.01 9:65 10:64.8 10:80 10:82.44 13:81.46 13:85.99 14:139.19 15:75 16:66 17:58 17:68 17:69 17:69.99 17:76 18:70 18:71 18:84.99 18:88.77 19:64.95 19:67.5 19:90 21:60 21:64.99 21:70 23:47.02 24:61 24:62 24:64.8 24:84.99 24:102.5 25:48 25:70 26:67 27:84.99 28:56 29:56 29:62 29:64 29:100 30:65.01 30:68 30:79.95 31:55 31:69.99 31:75 31:75 31:77
ebaec901-afd8-4753-88d3-86b0b7e479bb,9,1:30 1:31 2:27 3:27 4:35 4:45 8:31.2 10:28 12:29.99 13:27 16:17 16:41.24 17:26 17:30 17:30.4 17:31 17:34 19:17.19 20:17.9 22:23 24:20.52 24:26.17 24:27.13 24:30 25:22.5 26:22 27:22 27:29.52 29:29.99 30:23.5 31:48.68
ebb40546-dab3-4f74-b279-b5898965f745,9,10:132.5 25:143.5
ebb67f2d-950a-4d7a-a84b-73ff8bb25e9a,10,1:30 1:42.95 1:44.95 1:45 1:47 2:29 3:34 3:56 4:33 4:44 5:35.76 6:40 6:159.99 7:44.99 7:45.55 8:39.99 8:44.99 9:36 9:39.99 9:49.99 10:31.99 10:35 10:48 10:57 10:59.99 10:61 10:61 11:42 12:35.02 12:35.02 13:43 13:45.01 13:49.95 14:32.99 14:35.02 14:36 14:36.02 14:38 14:41.8 14:42 14:49 15:37 15:39 16:35 16:44.84 16:59 17:25 17:35.51 17:36.02 17:39.6 17:64.8 18:32 18:34 18:35.02 18:59.99 18:80 19:40 19:44.99 19:45 19:49 19:55 20:44.95 20:49.99 21:31 21:40 21:41.01 22:22.5 22:31.5 22:35.02 22:39 22:44.95 22:59.73 23:32 23:34.7 23:39.99 23:41.95 23:66.13 24:42.7 24:50.01 24:54 25:35.02 25:35.5 25:43.99 25:44.95 25:47 25:62.99 26:30 26:37.99 26:37.99 26:38 26:40 26:42 26:46 26:57 27:39 27:48 27:50 27:51 28:38.99 28:42 28:44.91 29:39.99 29:42 30:34 30:36 30:45 30:46 30:55.98 30:60 31:35.5 31:45
ebb67f2d-950a-4d7a-a84b-73ff8bb25e9a,9,1:21 2:20 2:20.52 2:21.61 2:22.99 3:26.02 8:25.02 10:20.4 10:21.6 10:22 10:26.77 11:20.02 12:23.08 12:26 16:19 16:20.52 17:15.6 17:15.6 17:19.5 17:26.02 19:20.5 23:18 23:20.5 24:19.2 24:20.02 24:20.5 24:21.5 24:22.5 24:33 24:34 24:36 26:20.5 26:23.99 30:14.99 31:27.99
ebbf3a2e-9e66-442a-85b0-b499fe5fd38b,10,26:459.79
ebbf3a2e-9e66-442a-85b0-b499fe5fd38b,9,24:103.5
ebc610a4-6bfb-4fd3-a149-03bb320facec,9,4:16
ebcc1188-86c0-42f2-ab8b-b8b23bc1cc82,10,10:336 18:420
ebcc1188-86c0-42f2-ab8b-b8b23bc1cc82,9,1:110 17:126
ebda6834-9437-43d3-a6e2-4dadfd8397a4,9,4:34.82 4:34.82 14:40 17:36 21:36 30:32
ebdca624-e24b-49d8-9c6c-fcbe9e4d65fe,9,3:1590
ebf8a789-61de-4111-b8d7-9fe85030326f,10,11:32 16:12.5 22:30
ec00d719-2828-4274-a046-45dfd56b5ce0,10,10:129.99
ec10274f-0ae8-4082-895e-9af0c4019b19,10,1:24.99 17:18 19:27 26:27.99
ec127422-0295-4edb-acd1-ad10cfbc308c,10,2:19 9:20.5 9:22 9:34.99 12:22.5 15:26 18:20 19:20.5 20:34.99 25:16 26:25.49 28:17.02 30:17
ec196067-c73c-4e07-86b9-74c4dc843e2e,9,31:19.2
ec1c341f-b26f-4ac2-8686-012433077b64,10,4:30.01 7:93.99
ec2452a5-203a-44e4-9c8b-d5eca56c7b4d,10,10:390
ec2452a5-203a-44e4-9c8b-d5eca56c7b4d,9,1:6.5 1:16.5 3:15 3:15.52 4:10.5 4:12.5 4:12.5 5:10.51 5:11.5 5:11.5 5:11.99 5:12.5 5:12.5 5:12.5 6:15.52 6:15.52 6:15.52 9:10.5 10:13.2 10:15 12:4.25 12:8.5 17:12.22 20:15.5 21:15.99 23:14.5 25:10.52 25:11.99 25:11.99 25:12 26:6.5 26:12 30:13.5 31:4.76 31:6.5
ec27d107-a2a6-406d-850b-cc14c9704519,9,23:120.42
ec29a12d-05e3-4908-af73-df2426a5a7c4,10,3:46 13:51 21:95 25:32 28:29
ec2f8958-3134-4025-9bbe-ea1b5cc2a357,9,17:40 21:27 25:31.02
ec3876ae-be9e-4506-b94b-4a4162ab6b4a,9,31:20.4
ec4b2eb5-c86f-4238-ae11-2bb67fcf653b,10,19:21.69
ec579d89-6e40-48ec-9a2a-0f1102bb5328,9,2:13.5
ec698b7b-b92b-4c69-80da-6f8e29995445,10,10:96.21
ec6ce477-ef5c-4b4b-aef4-152d126c46af,10,6:135
ec6f2e6d-c6ca-45af-9674-c23cf85579e1,10,9:50 17:43
ec6f2e6d-c6ca-45af-9674-c23cf85579e1,9,7:21.25 20:32.5 31:27.6
ec7be656-3beb-4e0e-a83f-0eed5d8bbe53,10,1:121.38 8:112 24:66
ec7be656-3beb-4e0e-a83f-0eed5d8bbe53,9,13:52.5 17:29 21:53.99 24:53.99 24:60.2
ec7db82b-63c3-4cf6-9e4a-8df016cf7141,10,10:24.5 15:21 23:18.5 29:26
ec8388df-4ab1-445e-a00f-f29351f26145,10,1:24.99 2:24 5:27.06 6:24.99 9:24.99 12:17.5 17:15.5 17:16.8 23:17.52 25:20 28:18.5 28:21.5 29:15.5 29:16.5 31:17.02
ec88989f-f4b8-439f-a20f-924c325a52b9,9,7:18.5 17:13.05 21:19.5 31:13.2
ec973d36-49cc-4cad-98cf-88e3cd78fa2f,10,12:282
ec9a64bf-1998-4b4d-989c-e379102d03b1,10,2:40 4:36 4:44.42 7:33 9:37.85 10:26 10:36 11:37.56 13:49.23 17:44 18:32 20:16.5 21:31 22:30 24:38 26:35 30:40 30:55
ec9c20f0-e3c8-467b-9823-1baa0b7547c6,9,3:225.5 13:240 23:232.5
eca4952d-64e0-4431-83d2-493f982ec1ab,9,29:40
eca601cc-f617-4909-b84a-85386b3f6736,10,2:130 17:102.5
ecaaf1f3-bc2c-49e0-865b-6a162aa6cb01,10,3:312 4:399.99 14:350
ecaaf1f3-bc2c-49e0-865b-6a162aa6cb01,9,1:89.15 3:74.4 3:100 3:121 7:87.56 10:76.8 21:69.99 24:86.4 24:90 24:94.77
ecb0cd66-6c06-4c3a-b50a-74abafa6d630,10,15:25
ecbe13bd-f097-400e-aa0c-72f86018020b,9,23:15.5
ecbfc919-0ed9-4042-aaac-8d5127c4fe27,10,11:21.53 18:45
ecc62529-6c7f-4a75-a722-96f930b8472e,9,31:91
ecccd1de-e184-442c-8b96-97758875067c,10,9:442.89
eccd50d7-99e4-4732-9a93-95f03cb338cc,9,24:3.25
ecd6fba6-5d2f-4eb5-b2a7-8bd518446eb3,9,10:70 15:31 15:43
ece3b2d8-9b10-4c2a-9dda-6e13ba15f608,10,25:621.01
ece3b2d8-9b10-4c2a-9dda-6e13ba15f608,9,8:280 9:299.99 10:266.77 16:300 24:267 30:279.99
ecead125-bddc-4139-88cc-8cae5fa7ed5a,10,17:51
ecee3f9f-4f80-401e-a37c-82e697e31995,10,26:249.99
ecf5adaa-644e-49ef-becc-4bfbc2a81e7d,10,3:136.86 7:299.99 24:181
ecf5adaa-644e-49ef-becc-4bfbc2a81e7d,9,3:31.2 3:75.63 10:44 17:30.5 17:39.99 20:25 20:30 21:30 21:59.99 30:41
ed00cd38-0c3d-44a7-9a65-d94a6320aba9,10,4:89 26:72
ed02c3b4-66e3-4cd8-bb66-b5566ab0a7e7,10,21:90
ed02c3b4-66e3-4cd8-bb66-b5566ab0a7e7,9,6:22.5 14:18 20:27.99 25:23.05 29:19.99 31:19.2 31:23.99
ed0ab2bf-98a3-4283-8cff-7a55095e146b,10,4:350 5:448.69
ed0ab2bf-98a3-4283-8cff-7a55095e146b,9,6:53.02
ed0c71c5-0901-4774-99d4-cce5e4742027,9,24:240
ed0f4f88-05c2-4b10-b002-ec86a36ad33e,9,19:45
ed15e91b-e162-47d8-aa87-3cd6235155c7,10,14:74.99 16:56
ed15e91b-e162-47d8-aa87-3cd6235155c7,9,2:24.5 5:25.01 10:27.73
ed15ec6c-5bd4-46c2-bfc6-9a0d61b9ff61,10,28:9.99
ed18fff8-06da-4601-ba43-e1a54fc0e46b,10,31:750
ed210fa1-e533-4608-ae07-40fd4544eb7b,10,1:35 2:30 2:35 2:39.99 4:40 5:20.5 5:35 6:30 24:26 24:27 31:20.5
ed210fa1-e533-4608-ae07-40fd4544eb7b,9,20:23.27
ed31b330-8277-4af8-813e-7aee111f96ed,10,3:149.99
ed32b3d5-d004-4f6a-99be-336c1cc92e79,10,3:99
ed3f37d4-74a2-4cdf-946c-6167417abf74,10,1:149.99 9:142.5 10:101 18:110 21:145 22:145.12 26:135 29:149.99 31:149.99
ed3f37d4-74a2-4cdf-946c-6167417abf74,9,2:39.99 5:34 7:39.99 8:50 9:39.99 10:34 10:39.99 10:61 14:31 14:39.99 17:35 18:39.99 18:49.99 20:36.8 21:39.99 21:40 21:49.99 24:40 24:49 25:44 26:38.95 26:39.95 27:38.95 29:36 30:48.68
ed413b50-a858-412c-9f5a-a5db900dea42,10,25:202.5
ed4b20d8-5b3d-44c9-be3a-e5d1831d8ba8,10,24:227.5
ed4bbd74-4afd-4ba1-839a-c4e859f7e66b,10,24:47.94
ed4d28e0-4176-4ded-86a5-0871461a8f4c,10,18:78
ed4fccfd-49ed-4edd-a901-09f1e51ce0a7,10,10:470
ed56fcc4-a925-493d-a567-14fa8d79c7aa,10,11:155
ed67a1cf-df55-4588-8d9a-528265c15309,9,7:42.68 17:47.59
ed6a7067-ef51-45ff-bec8-c9d88e0c2ab7,10,4:35 23:35 23:36 29:29 29:40 30:35 31:36
ed7124f8-35cc-4be2-be0c-ca66e462e385,10,3:72 18:141.5
ed8325d3-f438-4f09-8b94-ba657a7f4538,10,19:139 24:154.49
ed8c78b9-de11-48bd-93df-391277ae3a3b,10,24:12.52
ed8fa96c-c98a-4579-8213-443b3e59921f,10,1:46 1:46 1:47 1:49.99 2:39 2:40 2:45 2:45 2:46 2:46 2:54 3:26 3:26 3:26.02 3:29 3:34 3:36 3:37 3:38 3:38.69 3:43 3:47 3:49.97 4:38 4:38.69 4:41 4:47 4:49 4:67.54 5:31 5:34.99 5:45 5:53.31 6:30 6:34.99 6:36.27 6:42 6:44.99 6:45 6:46 6:47 6:47 6:47 6:47 6:47 6:55 7:30 7:47 7:47.64 8:40 8:41 8:42 8:45 8:47.99 9:34 9:41 9:41 9:44.99 9:46 9:52.53 10:30 10:30.55 10:33.6 10:34.99 10:36 10:36.99 10:40 10:42 10:68 11:25 11:38 11:39 12:41 12:41 12:45 12:46.89 12:56.47 13:38.5 13:44.44 13:64.27 14:47 15:23.5 15:30 15:31 15:33 15:36 15:36 15:40 15:47 15:47 15:54 16:34.99 16:39.99 16:47 16:50 16:61 16:235.5 17:15.52 17:26.11 17:31 17:32 17:35.03 17:37 17:37 17:40.5 17:41.6 17:47 17:49 17:52.94 18:26.02 18:30 18:30 18:32.11 18:35 18:38 18:42 18:45 19:25 19:34.99 19:34.99 19:45.5 20:25.25 20:34.99 20:38 20:39.99 20:40 20:49 21:36 21:36.95 21:41 23:30 23:30 23:34.99 23:35 23:37 23:44.99 23:45 24:34.99 24:35.2 24:36 24:36 24:40 24:40 24:41 24:42 24:44 24:44 24:45 24:50 24:53 25:35.99 25:36 25:40 25:51 26:86.84 27:25 27:35 27:35 27:39 28:34.9 28:45 29:30 29:36 29:37 29:40 29:65.5 30:31 30:34.99 30:48 30:49.41 31:26 31:26 31:26.02 31:26.02 31:28 31:29 31:29.5 31:32 31:36 31:41 31:49.41
ed8fa96c-c98a-4579-8213-443b3e59921f,9,1:15 1:15.5 1:20 1:20.5 1:27 1:29 1:29.26 1:54.17 2:15.05 2:16.5 2:18.5 2:24 2:25 2:29.09 3:17.5 3:18.12 3:19.99 3:23.5 4:9.5 4:17.5 4:18 4:21 4:27.08 4:28 5:13.75 5:15.5 5:22.5 6:15.8 6:17 6:18.02 6:20 6:20.5 6:20.5 6:22.23 6:24.5 6:26 7:14.99 7:19.99 7:19.99 7:20 8:14.99 8:18 8:20.88 9:44.5 10:14.01 10:15.5 10:17.4 10:17.5 10:18.02 10:18.52 11:9.5 11:9.5 11:12.5 11:15.5 11:19.49 11:22 12:17.5 13:14.99 13:15.5 13:18.52 13:19.5 13:19.5 13:20.5 13:21.5 13:23.5 13:24.5 13:24.5 14:16 14:18.5 14:20 14:20 14:20 14:20 14:21.5 14:26.48 15:15 16:15.5 16:17.1 16:17.99 16:19 16:19 16:21 16:21 16:21.5 16:21.5 17:9 17:13.52 17:15 17:16 17:17.99 17:20 17:20.5 17:22.8 17:23.5 17:31 18:19.99 18:20.5 18:23.5 18:25 19:14.01 19:17.99 19:25 19:31 20:14 20:14.51 20:15 20:16.99 20:17 20:17.99 20:19 20:19.49 20:19.99 20:19.99 20:20 20:21.5 20:22 20:23.99 20:29.99 21:9.5 21:19 21:20 21:20 21:22 21:24.99 22:19.5 22:20 22:20.5 22:24 22:24.99 23:15 23:18 23:19.22 23:19.99 23:20 23:20 23:22.99 23:31 23:33.72 24:12.5 24:13.5 24:15 24:15.5 24:16.5 24:17.5 24:18.52 24:20 25:15 25:18 25:25 25:25 25:26 26:12.5 26:14.5 26:21.5 26:27.09 27:15.5 27:18.5 27:19.49 27:19.5 27:27.19 29:18.5 30:10.5 30:14 30:15.5 30:18.52 31:11.32 31:16 31:18.5 31:29.99 31:32.1
ed8fd4c0-dd1a-4a98-bdf1-b6a04a7815a7,10,3:695 3:780 3:850 4:700 4:1110.51 14:797.78 27:695 30:523
ed8fd4c0-dd1a-4a98-bdf1-b6a04a7815a7,9,1:151.5 3:170 3:175 6:399 8:157.17 10:172.5 10:196.5 10:240.52 11:225 13:211.5 14:202.22 21:200 22:177.5 22:198 24:186 25:236.69 30:279.12 31:174
ed92ac05-510f-4366-afde-ce449b86d959,10,14:100 18:149.99
ed94124a-8f4b-406c-a365-5bdd7da4bb51,10,18:86
ed94124a-8f4b-406c-a365-5bdd7da4bb51,9,4:37 6:32.26
eda14c72-94a9-41cc-9526-9b1ffdd75ee3,10,9:15.5 10:17.99
eda14c72-94a9-41cc-9526-9b1ffdd75ee3,9,17:12
eda4b584-506c-4dbd-a9a4-c7630ca5e621,9,1:49.99
edc9ac35-875a-472f-a3f3-7f9ecc49a9f7,9,3:275 3:300
edcbb3b4-cb1b-4072-a412-08b3213880b8,10,3:31 3:47 12:42 12:43 12:43 12:44 12:46 12:47 12:47 12:51 13:30 16:50 17:45 24:45 24:47 25:30 29:33 29:36 29:36 29:37 29:48 30:28.88 30:31.05 30:34 30:36 30:41 31:41 31:44 31:45 31:56
edcbb3b4-cb1b-4072-a412-08b3213880b8,9,5:24.99 6:24.99 7:24.99 7:25 9:24.99 10:24.99 11:24.99 12:15.5 12:15.5 12:15.5 12:16.5 12:16.5 12:18.02 12:18.02 12:18.02 12:18.02 12:18.02 12:18.52 12:18.52 12:18.52 12:18.52 12:19.5 12:20.02 13:24.99 14:23.07 14:23.75 15:25.99 18:24.99 20:24.99 21:24.99 22:24 23:20.99 24:16 24:24.99 26:24.99 27:24.99 28:24.99 28:26 30:19 30:24.99 31:15.2 31:24.99
edd00e6e-48f8-4a59-b4e9-2aaf85a13541,9,3:630 4:696.31 13:699
edd73db6-145f-44b0-b43c-9577241b5ac9,10,16:52
edd73db6-145f-44b0-b43c-9577241b5ac9,9,24:20.5
eddcb837-5817-4398-bc19-a85dc6c5d7aa,10,18:23.63
edeeb151-a72a-4008-997c-41aab4e41f01,10,3:27.6 3:38 10:25.2 17:21.6 22:29.15
edeff10a-c99f-42dc-b2e5-7919cf9ee38e,10,6:351.48
edeff10a-c99f-42dc-b2e5-7919cf9ee38e,9,8:153.5 10:156
edf71c92-4d6b-4c98-9b20-46d0fe0b6377,10,17:3950
edf71c92-4d6b-4c98-9b20-46d0fe0b6377,9,5:550 10:350 10:406 12:370.89 24:392 25:367.8
edfb764d-b22e-4e99-a3e2-bd55af4bf402,10,11:31 16:59.98 18:33 31:20.4
ee04a4a6-4642-4c8e-baa6-cd975ade8f00,9,10:240
ee0fb2df-aafb-46f5-bec3-f2193bf9b837,10,24:112.5
ee0fb2df-aafb-46f5-bec3-f2193bf9b837,9,21:10.5
ee10c86f-a503-4301-8d05-37ae90189162,9,3:90
ee163a46-120c-4b62-94b9-0e750d3e8f41,10,24:149.99
ee163a46-120c-4b62-94b9-0e750d3e8f41,9,31:29.99
ee177b03-b572-4a96-b141-c305d242e1bc,9,2:75
ee23f51f-4b58-49e2-b1eb-0e5df5ea50e8,10,7:23.82
ee29c95d-736f-46d5-9d83-fab5ace8d2bd,9,11:12.03
ee34ae72-f694-4a89-8718-09e715e539cc,9,13:30
ee35043a-70fa-4971-a14b-6355065ffdf2,10,1:182.5 26:160
ee3777d0-07bd-48fc-8cb5-204f45fdbdbd,10,7:650 17:560 27:720
ee3777d0-07bd-48fc-8cb5-204f45fdbdbd,9,1:172.5 10:224.5
ee39f119-fee6-49f7-a258-7051ebf17d09,10,25:20.5
ee3eb008-e231-430c-aa58-747120665b7d,9,3:331.58 4:350
ee590c6b-8337-4cf9-a4dc-15a7d8d865ed,9,24:22.5
ee672152-8658-45c6-abe7-5d5711874077,10,9:38.46
ee672152-8658-45c6-abe7-5d5711874077,9,16:47.14 24:15.52 24:22
ee68b4eb-d278-4ca3-8e6e-9e3b24885894,10,18:9.5 18:12.51 28:13.5
ee8e1ea1-77f3-44cb-a369-6a81166f3657,9,16:92
eec1bb68-8bb5-4717-ad77-c73afc0dcba4,9,22:26
eec5a341-cfb0-4f4e-94f0-f57f2abf1e69,10,9:69.95 21:69.99
eec5a341-cfb0-4f4e-94f0-f57f2abf1e69,9,5:17 10:15.5 17:10.5 18:10.19 19:15 23:11.5 23:12.5 25:21.99
eed24fdf-82eb-4ab6-8722-6a98f26af7c4,10,2:22 4:17.5 5:20 7:23.73 8:19.5 10:31 11:45 15:15 15:23.5 22:14.99 26:22.5 29:16.5
eed24fdf-82eb-4ab6-8722-6a98f26af7c4,9,2:9.5 4:7.48 18:12.5 26:3.25
eedd572d-f368-45d1-918c-302bc1772ed6,9,31:62.4
eedf37a7-a1c4-4263-b60d-d7fc56ad51c1,10,10:31.68 21:54.99
eee38513-bbb2-4e21-b6ad-a45f193c9b4f,10,3:12.5 4:20.5 5:17.52 9:17 9:20.5 10:19.99 10:20.4 11:17.52 12:17.52 16:17.52 17:12.5 17:16.5 17:17.49 17:17.52 18:22.99 23:17.52 23:24.95 25:18.5 25:25 31:17.97
eee4219c-4930-41cb-a353-39e8ad738dfe,10,30:85
ef172b18-3270-4bb6-a0bd-06485a57a9d6,9,3:126 8:175 17:56 21:125 24:158.83
ef1932cf-46d9-4a14-865b-b0b53dd68d45,9,10:14.4
ef23122d-a758-4b08-adc1-9dc0f92ae307,10,7:9.99 7:10.5 11:13.12 25:10.5
ef2f8a62-a58e-4f0f-9036-171e8e28798c,10,8:499 16:596
ef2f8a62-a58e-4f0f-9036-171e8e28798c,9,10:102.5
ef3764d1-2650-40a5-92a0-bd273602588b,10,22:700
ef3f08ea-54a9-4e26-952a-6aefe728361f,10,2:100 21:100
ef4d735c-1c05-43dc-987d-56d77bb6fdbc,9,5:63
ef591ed5-34ff-463e-a632-4cd3bfc78d26,10,20:105
ef591ed5-34ff-463e-a632-4cd3bfc78d26,9,11:72.16 20:85
ef69d0c2-c833-42b7-ac62-c71ff19f4b17,10,27:60
ef6f610a-e6f6-4fe2-adb0-3e4f1cc7df48,10,1:70 2:41 12:46.88 30:55
ef801bc6-d3f5-4c86-a38d-74fbf217a3c7,9,14:150.97 21:65
ef84cde0-8596-4633-91ee-3f0004eb7366,10,25:224.99
ef90e4b4-4514-4b51-b155-991e731697da,10,7:15 17:7.5 21:35
ef9390f5-0a1a-4d1c-b025-cfb69f3ea4d8,9,11:24.99
ef9701f3-7779-42cc-8241-47bd5db6351b,10,9:122.5 17:91.2
efa8da3f-5470-4653-b3c4-4341621971f6,10,5:56.55
efa8da3f-5470-4653-b3c4-4341621971f6,9,5:15.5 6:15.5 11:20
efad0341-efdf-4a7f-a71b-fa2efbc07617,9,15:192.5
efb67e10-4bc5-455c-9e9f-11005ba16359,10,12:73.87
efba309b-d6b3-42fe-bb79-cbec9337d2dd,10,8:10.5
efba309b-d6b3-42fe-bb79-cbec9337d2dd,9,1:3.25 2:11.5 2:12.02 2:12.02 2:12.5 8:14.5 11:8.5 26:8.5
efc4152d-fe19-403d-96ba-bb7ca7c40c8f,10,1:28 15:28.75
efcd5f37-615b-440b-a77e-aeea3bb3b002,9,1:60
efd36dd2-4785-4c20-ac2d-5ff810823e8c,10,17:71
efdbc340-20d1-4442-bea0-3425358ad565,10,3:19.2 3:25.2 3:25.2 6:51 10:18 10:20.4 10:21.6 17:21.6 17:25.08 31:23.41
efdbc340-20d1-4442-bea0-3425358ad565,9,24:13.2 31:13.2 31:13.2 31:14.4
efebeb51-0613-4763-a7a0-1b5437f11ecb,9,27:50
eff31014-64b1-40fc-9c85-9f6f34e9e9fe,10,2:24.01 4:26.03 8:21.5 9:20.5 9:41 10:22.99 10:26 14:19 18:29.99 19:18.9 20:26.99 21:25 23:22.5 23:29.99 23:32.5 24:29.99
f006b6eb-ca5a-4485-99fd-537b3a3c91e1,10,28:100
f006b6eb-ca5a-4485-99fd-537b3a3c91e1,9,6:31.02 10:19.24 28:36 31:26
f00f94d1-0d79-430a-be6c-fff7dbf26cd3,10,3:43
f02744e3-f53b-49ab-b17a-f3e615b8fe55,10,4:96
f02a08d3-3e25-4fc3-8fce-8e7f2a5e424e,9,6:90 10:61
f02baa3c-8387-4edd-bebc-d6d4db89f28b,10,4:55
f0382be0-4d4b-45e7-a266-5d91b204fac9,10,3:325 17:213.5
f0387ced-efcc-463c-a0ae-e60bc8d92391,9,26:536 26:650
f03cb493-f5c8-4c85-a762-78a5fbe133b3,10,15:16.5 17:16.5 31:17.52
f03f235a-7b62-47ba-b995-c0d94561ec8a,9,2:13.99 5:9.53 10:21 13:4.95 18:10.53
f0417519-c02d-4b8c-bc6e-2e3486fb7f99,10,16:32
f0417519-c02d-4b8c-bc6e-2e3486fb7f99,9,21:23.99 24:29
f04d9c8b-13f2-4a9b-abe3-c30fd6b284dc,10,29:89.46
f063f467-8faa-4216-be4e-80bf37fc8029,9,6:70.99
f0665b4e-6b3f-47d9-963c-6eea28301334,10,8:29.99 19:45 26:29
f0665b4e-6b3f-47d9-963c-6eea28301334,9,21:12.02 26:11.5 26:12.54
f068f53d-5d01-44f2-8468-f0d66aa7b54d,10,9:43.29 23:30
f07d9179-5690-4e58-b51a-984c4ff6cf66,10,14:327.23 22:900
f0811834-bee7-4ff5-a173-cacefdcb4a4f,9,13:200
f084ae74-42c2-4d1c-afc3-a9bb790f31b3,10,7:20.53 12:16.5
f08c4b31-540f-45af-8d58-142812685d1b,9,17:186 23:162.5
f08da55f-50dd-4faa-ad7b-ff9e2a7fb1f9,10,5:50 10:36 13:39.99
f08ea457-8420-444f-82be-1eac964dd49b,10,29:29
f09473ec-ff9d-47f2-8afe-03b013fb3a17,10,3:2190
f09473ec-ff9d-47f2-8afe-03b013fb3a17,9,6:193.49 8:171.83 10:138 10:150 12:172.59 16:237.5 19:152 25:131.5 28:160 31:144
f0c19003-61e4-4ef3-afe9-11b274051b14,10,1:47 25:99.99
f0c85aeb-1e47-4e2e-b06b-b160ae89746c,9,13:109.99
f0cdd57f-9ade-4cd2-b6c6-6404145f1158,10,18:405
f0cdd57f-9ade-4cd2-b6c6-6404145f1158,9,9:68 10:67.2 31:69
f0cdf76d-b230-4848-bff5-472994cdbb4f,10,4:418.99 13:440 28:409.05
f0cdf76d-b230-4848-bff5-472994cdbb4f,9,26:220
f0d5021a-05c0-4aee-a059-400dc2a68f54,9,3:25.2 17:25.2
f0e1f1e9-6a8d-42a8-9b46-7995e0d2f74d,9,12:46
f0e33ea2-18bc-41d0-a2b1-fe3137e54f9f,10,27:500
f0e33ea2-18bc-41d0-a2b1-fe3137e54f9f,9,17:26.5 21:50
f0e9efe6-1d83-48f2-a259-03fcc549bca1,10,8:56
f0e9efe6-1d83-48f2-a259-03fcc549bca1,9,29:19.45
f0f3ee0f-77b7-457c-aa67-789fd44e035d,10,3:22.5 18:17 18:24
f0f628f8-47fd-498a-a5fb-84cd0385a545,10,7:39.95
f0f721d5-c470-4e61-a4c8-cf86c8a51d0f,10,3:21.6 3:22.8 4:19.38 4:24.5 5:25 6:21.99 8:19.2 11:20.5 12:14.39 14:21 15:22.02 15:22.52 15:29.99 16:20 21:21.5 22:29.99 23:17.5 23:17.5 24:16.8 24:16.8 24:20 24:20.4 24:21.6 26:16.67 26:20 27:20 27:26 27:30 28:16.5 31:22.8
f0fa9834-8413-4eeb-8a64-4430eec16787,10,24:55.55
f10a1adf-5e71-439c-b898-f94a8c4b732a,10,27:61
f11b63f3-c4ca-47e5-b3de-c000b9e9bba7,9,6:24000
f120c436-0732-49c3-93c1-5a69174eb8b1,10,11:79.99
f1214cee-fde2-48f2-a0d7-5b64a37f9840,10,7:36.71 12:51 14:77.99 21:68.99 27:60
f12469fe-c744-4854-bb35-44259776d1b5,10,31:54
f12469fe-c744-4854-bb35-44259776d1b5,9,12:26
f12ca99f-eb76-475d-92ca-2f4ed065de57,9,24:28.8
f12cb3cc-3c9f-4c72-98ca-15a983766644,9,15:4.25
f12ce583-1cac-4c60-b595-fd6e9ef85ef0,10,7:336.41 12:155.95 25:337.6 29:200
f12ce583-1cac-4c60-b595-fd6e9ef85ef0,9,1:110.31 12:72 17:31.2 17:32.4 17:134.85
f14d50f4-0c31-4e75-b0dd-59b0a4dc30cf,9,10:122.5
f1628339-77a5-4b69-b9dc-c9ac51144d3f,10,3:86.99
f165a3bd-efc5-459c-a1d2-ef2c8c99acaa,10,10:144 11:343.37
f1772812-3b5a-420c-bcf8-9256971910a0,9,11:32
f17deec1-07ed-4246-b1d6-db6984a6ca9d,10,4:350 21:115
f181955c-0e20-4234-8b0b-5df708a0963f,9,30:40
f1819ea3-150b-4336-aa0b-0ee275a2fd83,10,16:125
f1819ea3-150b-4336-aa0b-0ee275a2fd83,9,6:65 10:54 16:34.51
f18d37cf-c6fc-4902-933e-61fd30e31b71,10,31:74.4
f190d0d6-d64a-4f19-a275-67d4e8651a83,10,1:67 2:90 7:160.79 10:67.66 18:65 20:100 24:86 26:91 26:110.5 31:110
f190d0d6-d64a-4f19-a275-67d4e8651a83,9,6:61.32 9:59.99 24:36 30:79.95
f192ea39-9045-410e-ab8d-805b68ac8039,10,4:102.5 12:88.99 19:75 26:65
f1c58375-5a9e-4319-82d4-f4f46e910c4b,10,10:128.5
f1c70f12-a63e-4203-a87f-a1de95acb804,10,8:80
f1d96def-8f3b-4799-91ac-2e24c3082898,10,26:63
f1d96def-8f3b-4799-91ac-2e24c3082898,9,6:29 10:17.99 10:22.8 13:29.99 14:20 15:17.19 17:14.4 17:19.5 19:42.09 26:15.04 26:15.55 26:16.5 30:18
f1ddfb76-abe4-46c0-9e20-29532978ee12,10,2:105.5 3:112.5 16:89 16:95 27:90 27:100
f1e2710e-83ef-4e58-af3a-d3135e1a2ba8,10,2:132.5 3:112.5 3:137.5 3:140.5 10:89 24:198 30:135
f1e2710e-83ef-4e58-af3a-d3135e1a2ba8,9,3:41 10:31 24:30.02
f1e5dde0-4df4-4fba-bf45-7b24df1df4c3,10,24:899.99
f1ec5c92-3906-4ec0-8d18-a1489c4d2495,10,19:274.69
f1f2a15f-b09f-4330-bee5-878bfc67a5f7,10,25:127.5
f1f2a15f-b09f-4330-bee5-878bfc67a5f7,9,26:18.27
f1f80001-7232-4d27-81ac-32885218635e,10,4:11.5 4:11.5 10:13.5 11:12.5 11:29.99 18:14.5 18:16.5 20:29.99 21:29.99 23:26 24:20.5 24:29.99 28:32.33 29:29.99
f1f80001-7232-4d27-81ac-32885218635e,9,17:6.01 17:7 18:12.5 23:10.5 24:9.5 28:46
f1fb1b8f-d107-4cfb-90c5-f41f1226a70d,10,3:35 19:35
f1fef093-defe-4aef-a913-00567e7dcca8,10,11:70 28:22.5
f1fef093-defe-4aef-a913-00567e7dcca8,9,24:14.52
f202e6c3-2435-47fb-a3f2-47188519870e,9,10:38 22:45
f2073f28-a1cd-4e31-8546-53751715948b,10,5:300
f20d325f-4201-45d6-81ce-d3d3a729d082,10,31:51
f223ec88-0565-462f-8176-9ec896ae8037,9,3:119 3:119
f225b5d1-ffa1-4701-983f-adbca4a3eb65,10,14:20 21:13.5
f22ee345-c9d4-4461-b722-67567f303283,10,4:53 8:49.9 12:49.99 15:46.92 17:42.56 19:49.99 22:45.52 22:48.97 26:45.99 31:49.2
f232f083-b4b1-4e95-9dac-ef33fb40a223,10,10:600
f2348e2a-7b92-45b8-ae63-62ea2dd56304,10,3:142.5 4:115 8:70 10:105.6 11:92 29:127.5
f24a3db7-2952-4670-a61e-ba9ad7f36826,10,30:49.99
f26aad83-c0e6-4f96-80d5-882a6e33a8aa,10,5:20 27:39.99
f26e09cb-76e1-441d-b36f-8186891b5b33,10,8:7500
f26e09cb-76e1-441d-b36f-8186891b5b33,9,4:255 5:299
f2712b47-1861-4de6-b364-5e28cc7e619f,10,1:42 2:41 2:48 3:50 4:46.43 5:50.25 6:40 6:40 6:60 9:34 9:38 11:50 11:56 12:51 16:55 19:36 19:52 22:46 24:48 26:44.32 27:49.99 28:33 31:69.99
f2712b47-1861-4de6-b364-5e28cc7e619f,9,11:18.52 14:18.5 21:26 24:29.99
f272dfc1-ffa9-452f-904e-0ddbaf79c778,10,7:61
f275d3b7-066e-4324-85ea-287a08736fe5,10,11:1500
f277c46e-e7ce-4a01-a513-4ff560bb0e9c,10,8:104.9
f27b4bd8-6ae7-4522-91fc-b1dcea4aa7ab,10,31:70
f27b4bd8-6ae7-4522-91fc-b1dcea4aa7ab,9,29:37.99
f28baff8-9a57-4b7b-a7ba-8c34c3531f17,10,15:149.95 18:59.99 27:174.99
f28ce04d-2372-4332-941b-15e0f4b47001,10,5:3200
f28ce04d-2372-4332-941b-15e0f4b47001,9,6:450 8:317.44 10:432 17:336 17:390 19:345 22:326.66 26:341 28:365 31:372
f2974ec8-d565-4b9c-9109-043b0be1204f,10,15:204.19
f2974ec8-d565-4b9c-9109-043b0be1204f,9,2:60 3:38.4 10:51 13:75 17:46 24:60 29:50
f29e7b63-63ee-4505-9a62-8a300e861b37,10,28:17.5 31:68
f2a654c4-6a8c-4799-a842-2228b95025f2,10,23:15.38
f2acd0a0-6119-40de-8167-276efb698c9f,10,10:52.8 17:45 20:51
f2b53421-d91a-427d-a865-7318af0df786,10,3:67.72
f2b9ef4d-b047-489a-93f1-feffc4a4125f,10,15:266.02 19:300 25:260 28:299
f2b9ef4d-b047-489a-93f1-feffc4a4125f,9,29:59.99
f2c996a6-9e15-4391-966b-1aa21c7a5a41,10,6:47
f2c996a6-9e15-4391-966b-1aa21c7a5a41,9,12:31
f2f1ef66-8ae6-4084-9e1e-1cf49f7367c5,10,6:31 8:24.99 10:26.4 11:25.01 15:20.06 17:79.99 20:20 24:36.99 26:24.99 27:18
f2f1ef66-8ae6-4084-9e1e-1cf49f7367c5,9,6:10.5 9:11.5 12:15.5 17:10.5 18:18 25:5.5 25:19.97 31:9.99
f3000c6c-350f-4336-96d7-0e6096c566a9,10,7:20.61
f3037ab2-b431-4263-a4b3-d6bfda51dd21,10,31:1126.01
f308463c-3395-4ab9-b214-feb69203146c,10,13:199.98 14:240 24:305
f30cf59f-8b3a-4967-bac1-24f31b754e33,10,4:139.99 14:99.99 18:110 19:105
f30d949e-e3ef-499f-9f44-18d405b2aecc,10,3:12.02 3:15.5 3:17.52 7:19.99 12:12.51 17:17.52 19:13.01 23:18.5
f30f108d-50f0-47c1-aec3-10524caab94a,10,20:54
f30f108d-50f0-47c1-aec3-10524caab94a,9,13:39.99 16:39.99 28:25.98 29:25.98
f310ac63-946a-4e0d-bf1d-4c71f06b9b0e,10,4:25.21 15:28.88
f3114cbe-8060-4ee1-862b-7a51a400176f,9,2:109.99 25:56.52
f31a03e9-8a0b-44a0-aa02-46e848ea88ac,9,10:40.8
f31cd67a-1d30-4d90-911d-8ad481eb75e1,10,1:21.7 2:21.5 3:22.52 4:25 5:12 6:22.99 7:20 8:17.5 8:22.99 8:35 11:14.26 12:18.52 13:19.5 14:46 16:11.5 16:17.5 16:22.52 17:15.5 17:18.52 18:16.5 20:18.5 22:21.99 25:21 26:14.02 26:17.99 30:22.02 31:18.52 31:22
f32bcc8c-7764-4cd6-96e4-bfc0799887fe,10,17:83 22:40.11
f33e9c1c-369b-4cd7-928f-2233b903a036,10,3:256 31:348
f3425cbc-ce30-4b8b-bb9c-42eb18de8ef4,10,14:2550
f34e8b62-2baf-44a3-8cb3-7b9fe45e139c,10,1:22.99 3:17.52 4:24.5 5:23.99 9:25 11:19.49 11:20.5 11:25 14:18.5 14:30 15:35.43 17:28.15 20:15 23:19.5 24:32 24:34 29:22.5 31:22.5 31:39.26
f34e8b62-2baf-44a3-8cb3-7b9fe45e139c,9,2:8.5 2:9.99 2:10.5 2:15.52 4:9.99 4:14.5 5:6.5 7:8.5 8:14.99 10:6.5 11:15.5 11:19.99 12:13.99 19:9.5 23:13.5 24:10.5 28:18.2 31:12.88
f351a5b3-d3a0-44b9-9273-c6f94790ff3a,10,4:29 11:22.01
f351a5b3-d3a0-44b9-9273-c6f94790ff3a,9,20:10.5
f35983bf-50e5-4eaa-81bf-f3fd0e8d5438,10,11:20
f35ab4c6-db6c-4a5b-9359-51c2f4259bf3,10,4:155.09 10:105 10:127 24:130 26:128.5 27:136.99
f3633a40-9d8f-4c1e-8e60-e5a4141d1948,10,7:83 28:70.97
f3633a40-9d8f-4c1e-8e60-e5a4141d1948,9,10:30
f36539b3-9452-449f-bcd3-de9a1bac63f3,10,3:17.52 4:20 5:17.52 5:17.52 10:10.5 11:20.5 13:25 19:26.99 23:18.5 25:26.99 28:16.01 30:14.99
f36539b3-9452-449f-bcd3-de9a1bac63f3,9,6:13.7 22:12 23:15 28:10.02 28:10.5 28:12.5
f365680e-9579-4c7f-a6cf-5a50a0c360d4,10,24:2325
f365680e-9579-4c7f-a6cf-5a50a0c360d4,9,1:640 17:650 21:724.97 31:540
f366de2b-ef52-48c1-a7b9-6dcd02b330c0,10,8:19.5 12:13.02
f368c89d-e1ac-4d24-8173-bce6ff0c7eac,10,17:41 17:50.4
f368c89d-e1ac-4d24-8173-bce6ff0c7eac,9,7:79.99 27:19.38
f37325a9-49be-4a3d-959d-f46574e63251,10,21:145
f37325a9-49be-4a3d-959d-f46574e63251,9,10:26
f374bde5-5f7c-465d-8fff-4e2bbb4727eb,10,1:103.23 12:135.38
f381bb04-c2c0-4ed9-8156-e746d46cc4eb,10,27:62
f385d37b-e574-4454-b922-86cd864af59e,10,18:35
f3927323-582b-4b6e-81d7-6e5b6ac43338,10,4:600 10:294 17:198 17:285
f3927323-582b-4b6e-81d7-6e5b6ac43338,9,17:93.6 17:96
f396075b-861a-4dd7-9763-2ddd34237901,10,9:243.5
f396cdb2-0166-49aa-8011-8b39ca3c5e3c,9,3:59.99
f3a9e36b-dbd0-4c65-8dc3-bb094d8d2116,10,24:21.6
f3b07538-5ec8-4149-9b06-9f54a21e0104,10,12:34.99
f3b08218-2bb2-4604-888b-b8dc7d6ae4de,10,3:157.5 12:173.14 16:335.13 18:107.5 18:205.72 24:135.5 27:149.99 27:203 31:156
f3b08218-2bb2-4604-888b-b8dc7d6ae4de,9,17:49.99 17:54 24:43 25:89.99
f3bcb8aa-a520-4911-bcc9-a8287509b28a,10,17:98.4 30:100
f3c7d369-ea6f-44dd-84e1-5ab7057a1183,9,10:107.5 12:85
f3ca833e-fc46-4b49-98c2-2cf8da31ae66,9,2:36 16:75
f3d8b157-9ab9-4265-b04d-ac9fd2c96e50,10,10:81 24:93.6
f3e6ecd6-a8a3-4e13-a8a4-e67f72a1e01b,10,3:396
f3e6ecd6-a8a3-4e13-a8a4-e67f72a1e01b,9,1:177.73 4:69.65 17:75 27:80 31:49 31:99.99
f3e7c456-6652-490b-9b98-08733e277f8d,9,10:55
f3e8d9e3-3964-4983-93bb-c9f6a035b8b5,10,5:394.99 17:257
f3e8d9e3-3964-4983-93bb-c9f6a035b8b5,9,7:75 11:109.99 12:71 14:97.69 19:90 19:125.5 20:70 23:85 24:100 29:64 31:96
f3e994ea-c928-4171-bc8b-9bd6511beaba,10,3:66 16:75.99
f3ecebb7-5511-4ba2-ac90-06009c8c24fa,10,17:192
f3ecebb7-5511-4ba2-ac90-06009c8c24fa,9,7:42 25:39
f3f86ae8-5b6d-48bc-b06b-0fd5c6635bb4,9,25:61
f3f8e847-7bfd-444b-891b-560c17bcfde7,10,15:80
f3f8e847-7bfd-444b-891b-560c17bcfde7,9,2:15.5 3:15.52 17:51.5 25:10.5
f429ee74-2162-4aa2-8564-831311675af4,10,30:88
f42b6c99-1f96-48a1-b087-35b1702f0a0e,10,24:43.2
f4312f68-ccee-42d5-8c74-06e570e86926,10,17:14.4
f43f959c-2c8f-4101-b06c-d3f536bd6e54,10,21:77.69
f449f041-ca43-4374-9e9a-038b19b62750,10,31:528
f44a3d70-9b12-4086-8d51-fc72d1c3e451,9,2:26.7 14:20 16:26.78
f44d9e6c-e3ec-44c1-bbdc-d9ec6d19c1f8,10,6:26
f4523f31-0128-4b5a-b150-1dd1ff9e7cd2,10,13:15
f46168dc-36a2-40a9-bf1e-33fa42ca6456,9,1:55
f4649868-9658-454c-89b8-7ed2f40b7e3d,10,8:4400 10:2880
f4649868-9658-454c-89b8-7ed2f40b7e3d,9,2:499.97 3:228 6:295 6:299.99 18:375 19:256 19:349.95 24:480 28:275 30:275
f4739bc6-5d6f-4e3d-85a9-c39547b5323f,10,16:139.99 18:69 26:66
f4739bc6-5d6f-4e3d-85a9-c39547b5323f,9,6:37
f47814ec-7eb4-4157-b55c-e4d78bb10889,10,30:35
f47fb87a-ead1-4bb6-ad81-58068d6c3714,10,14:149.99
f481cc93-1bf0-4e39-84aa-d33300fba6f7,10,2:170.75 3:150 6:108.5 13:148.5 14:175 16:174.99 19:155 19:199.99 21:180 21:182.95 27:198.88 31:150
f481cc93-1bf0-4e39-84aa-d33300fba6f7,9,1:47 3:46 3:46 3:46.02 3:51 5:64.62 6:50 6:52 8:59.99 9:50 10:41 10:95.01 12:35 12:45 15:48.97 15:62.5 17:55 18:96.2 19:95.88 20:55 21:55 21:60 23:47 24:69.97 25:46 25:69.99 28:53 29:46 29:61.7 30:69.97 31:60.85 31:61.7
f48e8305-a5fd-403c-a9bc-406de6b5e63c,10,3:29 5:17.52 7:23.73 18:18.53 24:20.5 26:18.53
f48e8305-a5fd-403c-a9bc-406de6b5e63c,9,10:4.99
f4917709-9b7f-4bdb-908e-c661f3aaf521,10,12:12500
f4917709-9b7f-4bdb-908e-c661f3aaf521,9,10:255
f4954022-36f6-4a61-90a8-9d9e84534c78,10,21:25
f4958678-b468-4ee1-99c6-b2cb835aa43d,10,7:71 7:136.97 10:95 18:95 18:100 19:100 26:100
f49ae9db-24aa-4ff8-bde3-774b15be52e4,10,10:615.73
f49ae9db-24aa-4ff8-bde3-774b15be52e4,9,20:193.31
f4a55f0b-22f6-4012-a3cd-3ce9008ea05e,9,12:6.07
f4aee805-e847-4c48-b4c9-1c5c07b35367,10,27:15.5
f4b18e41-df06-4bb6-85c5-e5dca8ab369a,10,4:100 7:95.28 9:91 10:71 15:89.95 16:70 20:89.95 27:75 27:89.99 30:74.99
f4b18e41-df06-4bb6-85c5-e5dca8ab369a,9,2:30.95 2:31 4:39.95 7:35.73 10:29 12:26.93 12:31 14:18.9 15:24 16:26.02 18:27.99 18:140 21:22 23:18.5 24:22.5 25:25 25:51.73 26:24.99 28:29.99 29:18.52 31:25
f4b61410-cff2-4aea-ae7b-d4bbd0ebb1d9,9,3:38.4 20:100
f4c4f02b-8c90-4c75-874b-bb087dd06429,10,7:19.99 20:17.53
f4cb122c-fbd9-454d-b9b5-62ab80d9abc4,10,8:85 28:70
f4d6cee0-b0d1-46ed-ae62-a33357bd8d57,9,10:91.2
f4f2fed9-5624-4a33-b5d4-439cb2138362,10,9:133.5
f4f2fed9-5624-4a33-b5d4-439cb2138362,9,24:21.6 25:42
f4f5a9cd-8f0d-4f3a-865f-18c03d2d5e50,9,24:30
f4f5ec65-45e2-4abe-84f1-02d2804223fe,10,12:72.99
f4fb7cb6-77f7-415e-9109-b991fde40439,10,3:51.6 9:48.99 10:50.4 10:55 12:45.73 12:80 14:39.99 21:40 21:41 24:49 26:59.99 28:63.99
f4fc65b2-07a3-419a-8913-fa9ea491199e,9,29:151.7
f5076fea-5799-4566-8019-0d9f54bee545,10,24:255
f519346c-41cb-440f-9e76-61504638ee53,10,5:1400
f519346c-41cb-440f-9e76-61504638ee53,9,1:260 15:250 17:187.5 26:177.5 30:200
f52a57d2-68a6-40b9-aa18-cda36ac50487,10,3:39.99
f52a6fc3-669c-456a-8407-d4108f7d971f,10,7:230 16:222.5 17:240 24:204
f52a6fc3-669c-456a-8407-d4108f7d971f,9,3:72 3:80 14:80 25:35
f52c6588-9577-4e47-bdd4-a6eff9ec3595,9,1:12
f5307d0f-efd2-4da9-a50d-22f751c0d451,9,17:19.95
f5327e69-3608-43e9-bd2b-179bec21c811,10,1:48.1 1:54 3:47.37 5:47.94 6:33.99 8:39.99 8:41 10:30 12:35 13:30 15:40 15:41 16:39 17:27.6 22:35.75 23:33 25:16 25:30 28:60.09 29:35 30:50
f5327e69-3608-43e9-bd2b-179bec21c811,9,1:23.38 2:35
f53b2dd9-10f2-4f05-a170-b18de40c7977,10,1:18.5 5:12.5 9:17 9:20 10:28.87 10:29.99 11:17.52 11:18.26 12:14 12:14 12:14.5 12:18.5 14:24.99 16:15.5 17:16.01 19:24.99 20:17.52 23:12.5 23:12.5 24:17.52 27:10 31:12.02
f53b4c71-9e1b-4a82-b243-449d98ee3021,9,9:157.5 31:180
f53cffe0-0013-4b09-9a33-d1dc2c97e665,9,24:189.95
f542e778-942a-4dfa-a847-421135b745b0,10,26:46 29:60
f54334c9-d75b-4144-8c3f-b0a04beedc17,10,31:51 31:72
f54de958-7bd7-4891-97d0-c12618bb864a,10,8:309.04
f5507314-7ab0-4a18-98bb-b9db3f5080dd,10,17:31.16 17:45.6
f5507314-7ab0-4a18-98bb-b9db3f5080dd,9,17:26.99
f557884d-2907-45a2-be05-dec62e9bdc08,10,29:89
f55cbb59-acbb-42d3-848f-e92d41c1b3a6,10,8:147.5
f570ae6b-15bb-4fe9-9fbd-27bef30500a9,10,14:187.28 19:140.5 22:229.99 24:168.27
f570ae6b-15bb-4fe9-9fbd-27bef30500a9,9,1:45 3:36 5:39.99 5:56 17:31 17:47 24:56 31:36
f57519f9-87f2-4042-a90b-e24f745c9aac,10,23:35
f579413e-e0fa-4437-a12a-35f03373be62,10,1:300
f579413e-e0fa-4437-a12a-35f03373be62,9,17:119.99 31:67.2
f5806f33-751c-4792-afe2-164964bc1e36,10,3:492 10:455 18:306.76
f582764d-0ac1-43b6-89dd-d000de15737e,10,17:56
f58330f1-7cb4-4acd-bc8d-3811d5b62f3c,9,7:15
f586db45-4fdf-47ce-965c-d8109ca99a36,10,7:49.99 23:49.99
f5886d34-dd62-4296-90f1-9c054a8153fc,10,24:71
f58e2576-68de-48b8-a774-b1e84ab4b248,10,2:100 4:89.88 4:110 5:82.5 5:110 8:100 10:84 14:99.99 17:94 17:100 18:99.99 20:110 24:67.2 24:72 25:79 31:76.8
f58e2576-68de-48b8-a774-b1e84ab4b248,9,6:75 8:26 8:49.99 10:30 10:43 17:32
f59079d1-f027-48b8-a5ed-5e6f747d3871,10,3:170.5
f5994d71-8f49-488e-8815-88c2950d31fe,9,17:84
f5a3e6ec-5c92-4598-bbaf-26a5a4c93aa8,10,1:80 2:78.77 10:85 10:99 10:115.89 15:60.03 15:66 15:67 15:95 25:72 25:99.99 27:89.95
f5a3e6ec-5c92-4598-bbaf-26a5a4c93aa8,9,3:37 17:31.02 25:24.15 25:30
f5a49608-5dad-4cbb-a1c0-b2a97d1c3989,9,31:19.49
f5a7e8c5-0395-4143-a4c9-5d31ba730f57,10,4:199.98
f5a7e8c5-0395-4143-a4c9-5d31ba730f57,9,9:20 9:24.99 28:24.99
f5b6f587-f103-4963-a8c0-74229534dd42,10,13:185
f5cdc237-12e1-473a-a752-03d0ef60fd3a,10,7:244.5 18:180 24:142.5 25:202.5
f5d3354a-9094-4cab-8db1-9e3291c66d8b,10,18:1925
f5d623bd-8f8c-49fa-93d6-8302cbf15457,10,24:127.5
f5d623bd-8f8c-49fa-93d6-8302cbf15457,9,24:26.4 26:29 31:21.63 31:26.4 31:31.2
f5dc863b-52c4-4a9a-a4c8-f3fae41416c3,10,27:99.99 28:99.99
f5dc863b-52c4-4a9a-a4c8-f3fae41416c3,9,7:24.5
f5e15a8d-de2f-46f9-9002-cf07b1fdbff6,10,22:9.97 22:17.52 24:14.5 24:16.25 28:12.5
f5e1ae04-d4d3-4617-a636-db3756680dc1,10,1:431 1:434 1:437 26:500
f5e1ae04-d4d3-4617-a636-db3756680dc1,9,1:77.52 3:81 17:84 17:88.8 21:105 23:79.99 24:89.95 24:103.2 26:100 30:89.99 30:110
f5e3fef9-f1e5-4b2c-8ff5-463cdacd2183,10,4:79.99 31:54
f5e3fef9-f1e5-4b2c-8ff5-463cdacd2183,9,7:23.5
f5e8f931-0f54-4806-9733-1e6200864799,10,10:160 11:75
f5e8f931-0f54-4806-9733-1e6200864799,9,8:39.99
f606aadf-8332-4c3a-a27c-a4266b89b2d1,10,13:351.72
f606aadf-8332-4c3a-a27c-a4266b89b2d1,9,2:62 3:32.4 3:40 9:65 10:38.4 10:50 12:45 13:65 17:45 23:56 26:57 27:59.99 31:30.99
f616a165-b0a7-40ae-8e02-322463a46181,10,3:17.52 7:17.52 31:60
f626d2f8-94e5-4dce-bd67-dec385db2c81,10,15:63.9
f62af6ae-d860-4574-8db0-40fdb63556ec,9,10:39.6
f6367936-dacc-442c-ab97-db8dbbeb6e4b,10,2:154.48 12:51
f63c1c6c-9f87-48f5-ae92-c981e3f59f26,9,18:23.99
f6463bb2-91bb-4234-9b54-38933bdd3575,9,19:49
f64f7df8-3e72-4bab-bf50-e190b66cf8b0,10,31:162.5
f651d57f-dc17-466e-9da5-8609f1361893,10,9:173.99 26:173.99
f65ad571-c8d5-4575-81fc-eee4830cb203,10,13:99
f65ad571-c8d5-4575-81fc-eee4830cb203,9,3:39.6 23:49.99 30:45
f6665673-aa32-41ef-aade-4aadab594d17,10,24:224.72
f66c7a54-e18f-42ed-b20d-a4319e2eaf62,10,5:39.99 22:29.99
f670d8eb-e048-4b83-a890-8fb096a9dcb2,10,17:50.69
f672a2a2-b23d-4850-80af-fe2724d7b088,10,23:54.02
f672a2a2-b23d-4850-80af-fe2724d7b088,9,1:66.79 10:75 23:60 31:26.5
f6760322-fb7e-4b03-af8b-b33f5368fe3e,10,5:130.92
f6778366-d2d9-49c5-af9a-bc0160f97d89,10,10:113.5 24:16.99
f67cb33a-a934-431f-b2bd-8044cabb1d19,10,9:34.99
f688381e-c2b9-48a5-96f1-4ca276eb1c89,10,25:153.01
f68b26e8-9ee5-4fd5-a76b-2cf84d26f7eb,9,29:69.69
f6957fc8-7c69-482b-89f3-8601c87e5580,10,4:56
f696a8ea-3d60-44c7-8416-df2295baf18f,9,16:31
f69c7bb0-60b7-47e7-9171-951b469cad1b,10,8:125
f6acca41-c9bb-4892-8400-c1b8be6cbc5f,10,16:139.5
f6afec6a-26f9-42bb-8045-c62dacb51e59,10,4:71 7:76
f6b04a89-2412-4eb2-95c4-ad62f68128c0,10,1:20.69 15:15 15:15 15:15 15:15.5 26:34.99 27:15.5 27:15.53
f6bc6afd-e0fe-4e1e-9597-e719ab233f0b,10,8:28.5
f6bf74cc-a11b-4888-933b-dcba0025756a,10,24:2200
f6bf74cc-a11b-4888-933b-dcba0025756a,9,3:870 26:1000
f6c5c4e6-8e99-449e-a5b5-fe9a43f2816f,10,1:19.99 1:25 8:20.5 9:17.52 11:18.5 11:18.51 12:14.5 12:17.52 12:34.99 17:13.5 17:15.5 17:17.52 17:17.52 23:25 25:18.53 28:20.5
f6eca85e-2578-4f54-a210-9462b0ed6b2f,10,24:49.99
f6f6f932-9a85-4faf-ac93-e6cc912b2c4b,10,5:2247.22
f6fa2f71-2e84-4622-bcbf-85140bcbbea0,10,15:76 22:135
f6ff92a8-15fe-4a91-a192-0694245be48f,10,2:179 9:166.5 12:177.5 18:150 18:199.99 21:179 22:174.93 30:131.5 30:174.93 31:134.5
f6ff92a8-15fe-4a91-a192-0694245be48f,9,3:61.02 10:77.32 25:76
f7051780-29ec-43e9-9922-9f02a702b508,10,2:203.15
f71140d0-2f51-4ec4-9552-a7636b9473d1,10,1:142.5 3:50 3:76 6:91.5 6:125 7:100 10:119.99 13:150 15:81 19:71 22:140
f71140d0-2f51-4ec4-9552-a7636b9473d1,9,6:29.99 10:28 10:43 21:36 24:22
f7197bcf-8722-4014-8f49-7f975c1bc2f7,10,24:162.5
f7197bcf-8722-4014-8f49-7f975c1bc2f7,9,5:42 31:43.2
f71a8870-0c18-4e47-864e-479bedb28ee0,10,11:103.99
f730d020-6bce-4f2d-8456-ed65dc9b5708,10,9:33 16:48
f730d020-6bce-4f2d-8456-ed65dc9b5708,9,31:12.5
f7324bb8-071a-4219-b8be-0e24c14bbb94,10,12:329.99 18:335.13 20:299.99
f7324bb8-071a-4219-b8be-0e24c14bbb94,9,3:79.2 11:76 16:82 20:89 24:71 25:80.75 27:69.95 29:74
f73bad36-d090-4c85-8bf5-fd8dffb769b1,9,24:70
f74078d4-30fb-4a18-bb76-7a5c5109705b,10,17:45 17:50
f74078d4-30fb-4a18-bb76-7a5c5109705b,9,12:35 30:18.5
f7667c2c-a98c-4570-9543-3d4ebe1d3e92,10,15:25 18:10 24:43.18
f76b11f2-e054-4593-b0d8-9fed1e2952a9,10,20:99.99
f76f8035-b07c-4204-8ef1-785a9773bc16,10,4:81.11 13:99.99 17:67.2 20:76
f76f8035-b07c-4204-8ef1-785a9773bc16,9,9:21.19 19:27
f772da3f-81b6-41a5-b008-a1c82bac055c,9,24:27.6
f77ab214-3215-4ba0-b915-177525b637d3,10,31:9.99
f785f752-98d2-4809-9898-3e7d88d6b26d,10,18:88.88 24:19.2
f78d796c-8323-4c70-aa43-6d55d9abfeec,10,12:280.87 12:389.99 14:320
f78d796c-8323-4c70-aa43-6d55d9abfeec,9,8:119.98 11:46.2 18:79.99
f78ee500-8f0a-4d50-999b-2384d39f036b,10,6:150
f79c7d18-6687-4625-b603-39c34e4f555f,10,14:455
f7a8b48f-cfa6-4d6e-98b1-7941dda83927,9,3:152.5
f7b0743b-e614-4b14-b12b-a745a06bdea7,10,25:120.42
f7b9974d-2aed-4570-9a55-b2c43fd6c21f,10,3:24 9:76
f7c99fce-2742-4b2c-8f0e-4daae3cdfe66,10,29:32.09
f7cf510d-5b68-4e25-90c0-ac0254718b54,10,1:237.32
f7d56119-0e83-4870-b6dd-f1e2678b184d,10,2:110 19:97
f7de8478-0b7f-4e50-842d-178c6603c8a6,10,28:26
f7de8478-0b7f-4e50-842d-178c6603c8a6,9,1:20 9:18 24:19.95 29:15
f7f0e72c-a46c-4bdf-8659-aa2fd99e8d4e,10,7:15.5
f7f7112a-100f-4e0c-b667-522b28bd539d,9,10:18.52 10:36
f7f9d098-29dd-4526-8e3a-e283084e960a,10,23:28.5 28:20.01 29:10.49
f7fdc3a5-9866-4b59-a44b-59ce36abac07,10,2:163.4 16:200 20:147.5
f7fdc3a5-9866-4b59-a44b-59ce36abac07,9,1:45 3:27.6 7:60 10:30.65 11:29.99 11:36 14:35 21:71 24:56 27:29.99 27:35.01 27:46 31:76
f8099690-da30-4496-b5e7-92a2a83cd2d9,9,7:25 24:45
f82b3ee8-d0b1-4db1-b6d8-2d563fdd8daa,10,10:26
f83dfd7e-d891-4b73-baa0-74a546947cc3,10,23:15.38 28:15.79
f84db5ec-f424-4a56-a1a7-50f30b603adb,10,4:61.91 4:88.99 5:85.67 6:66 9:65 9:68.77 10:60 11:61.01 11:61.6 11:69.99 12:52.01 13:64.99 16:63 17:52.02 17:53 18:59.99 19:55 19:65 20:55 23:64.99 25:60 25:70 26:50 26:51.32 29:46.68 31:45
f84db5ec-f424-4a56-a1a7-50f30b603adb,9,1:40 10:19.2 11:34.99 12:29.99 12:46 15:31 16:26 19:19.52 19:34.99 22:29.99 22:43.99 24:36 28:45
f85b34a0-0d8a-448f-9b2f-cc5ea224ab7d,10,3:53 17:76
f85d9965-d60d-4dae-b813-5cefb4cc75ff,10,19:70
f86d54b0-d1ea-4885-9b72-82b367b17cd7,9,14:327.89
f8724c38-b9ef-483a-95f9-102093776519,10,15:79.95
f879ecb3-45c7-468a-893e-6f5549fe2790,10,16:19.99 21:18.5
f88ee9e7-2f92-4d77-819a-e7b57494b1dc,10,1:32 4:41 5:26 5:31 5:32 5:33 5:41 6:32 7:22 7:34 7:35 7:36 10:22.2 10:31 10:31.2 10:39 11:35 11:37.5 11:39 14:24.5 14:60 15:35 15:39 16:27 17:29 17:30.25 17:40 17:44 18:48 19:30 21:32 21:40 22:49.99 23:25 23:41.77 24:31 24:40 24:41 24:43 24:51 24:51 25:18.5 25:26.52 25:28.52 26:19 26:22.5 26:54 27:39 27:40 27:40 28:40 29:34 30:35 31:59.99
f88ee9e7-2f92-4d77-819a-e7b57494b1dc,9,1:20.5 1:23.26 2:12.62 2:24.99 4:20.5 4:20.5 5:16 7:18.5 8:17 9:19.95 10:15.6 10:30.07 12:16.5 13:32 15:19.99 16:29.46 17:15.52 17:19.5 17:20 18:18.5 18:20 19:11.5 19:15.5 19:20 21:10.5 21:12.19 21:20 21:25 21:28.31 22:23.5 23:20 25:15.52 25:16 25:20 26:15 26:16.5 26:20 27:20 28:17.5 30:15.99 31:12.5 31:15.52
f89261a4-1757-4d84-b5bf-e87e22350782,9,6:42.89 14:40 16:44.99 21:44.38 29:22.5 31:57
f89c0796-209d-4d94-b114-c8d71af58e4c,10,2:91 12:81 17:71 27:90
f8a18759-693d-49fa-a025-23d17bae2369,9,21:17.19
f8a9a9b8-e259-49e8-b401-85cf54538829,10,7:75 25:59.99 25:60 26:51
f8b21055-e33e-4c08-8366-58177b21ddc8,9,11:127.17 12:47 17:31.2
f8c51a1b-b8c3-41cf-803d-d4f5732ccd14,10,2:25 5:38.8 6:27 7:26 7:45.89 9:29.99 10:20.55 11:20.5 11:26 11:27.99 11:29.99 11:29.99 12:24.99 12:25 16:21.99 17:27 17:32.99 19:46.5 24:39 25:27 25:28 28:31 30:45
f8c51a1b-b8c3-41cf-803d-d4f5732ccd14,9,6:12.5 11:9.5 17:11.5 17:13.52 23:14.99 23:15 29:12.5
f8cd4b4a-fe98-4ae5-95b3-77c8790efe8d,10,24:108.5
f8d5794e-6359-41a1-8b65-5def1d255cbe,10,18:152.5
f8e1ea22-5c1f-41e7-b707-1aa2c0b1fadb,10,3:150 3:160 10:102.5 25:157.5
f8e1ea22-5c1f-41e7-b707-1aa2c0b1fadb,9,4:52 6:39 10:41 13:49.99 25:42 27:45
f8eb4d90-6209-409c-b911-560cf3d6f405,10,16:700
f8f26dd4-a888-4ed7-bb9a-73ae7892b74e,10,5:40 29:37
f8f26dd4-a888-4ed7-bb9a-73ae7892b74e,9,5:22 11:11.62 31:15.52
f8f277b5-c681-48c8-97c9-bcf27fae53c1,10,19:49.69 20:60
f8f277b5-c681-48c8-97c9-bcf27fae53c1,9,6:15.5 29:25
f902f46d-57aa-4941-9d94-032afac351d4,9,3:90
f9085184-fdaa-4d03-9977-87fbfbac00cf,10,18:78.94
f9085184-fdaa-4d03-9977-87fbfbac00cf,9,2:29.98 3:27.6 17:26
f90b47ca-d370-4296-842c-52e20978a0d6,10,18:50.76
f914e21d-4b93-4262-9e1b-62a80b1caf2c,10,7:1850
f914e21d-4b93-4262-9e1b-62a80b1caf2c,9,17:556
f9335423-6cae-424c-84f1-bb5cfbd7cb4d,10,21:81.61 29:91
f9496be0-2ba3-4813-9e9c-6c391e666d8f,10,2:26 2:27.08 5:17.5 5:18.6 7:17.99 9:17.5 9:22.5 9:25 9:34.77 10:17.52 10:17.52 11:17 11:18.5 11:20.5 11:26 11:26.99 15:24.99 16:22.5 19:35 22:23.5 23:17.51 24:22 24:24.99 25:13.49 27:12.5 27:34.95 28:13.5
f959749f-9c55-4de0-a36a-1b47be42694a,10,9:29.99 10:24 17:22.8
f960bfce-790e-4d0e-af3e-0c68aa5268e2,9,8:34.77 31:15.99
f9655566-21bc-4cdb-9e85-a3c3d92d1357,10,4:17 4:30 8:22.5 8:25 10:24 12:28.99 17:27 22:12.5 23:22 23:23 24:15.51
f9802cd3-99fa-48c9-aa61-636745fa606e,9,10:51
f98d832c-0830-4fac-ad08-6a856fccd7c4,10,29:18.52
f98e940c-3897-47b9-8490-4d6aef4a3555,9,2:75
f98efb82-26a3-40fa-ad5e-caecbd4e62d8,10,23:51.69
f98efb82-26a3-40fa-ad5e-caecbd4e62d8,9,27:20
f99d477c-1bfd-4343-ad8e-5f9be9ca7569,10,24:45.6
f99d477c-1bfd-4343-ad8e-5f9be9ca7569,9,5:46.04 7:20.5 7:24.5 17:12.5 21:26.08
f99d6fb8-ec70-4d71-81d5-3f6a779c26ed,9,9:52
f9aa03b5-a408-45f8-94c8-7bb9efed97b0,9,18:666
f9bf2b79-2d2a-4ebe-b4fa-ee869044445f,9,19:41
f9bfb553-564b-45bf-bd09-763e140852b4,9,4:299.99
f9db80e9-3c5c-4344-9288-a9d3bb3f7a77,9,3:91.2 8:95
f9eb0ba4-1a2c-4e55-a665-c708224ab2ba,10,14:95.51
f9fead4e-90ec-4b10-8f01-e2d142b811e5,9,4:520
fa04c5a8-e66e-490c-9cd2-703638e4f4da,10,2:39.95 6:31.51
fa059039-d432-4d89-b468-590285b7ab0d,9,24:12.5
fa0f10b0-0831-4385-9367-0ce0e4b5593f,9,3:14.4 20:14.99 24:25.29
fa1205f2-cb10-4b36-85d6-f2876d2bb78f,9,23:42 29:42
fa121f69-135b-431c-b53f-337323077e8b,10,30:102.5 31:135
fa121f69-135b-431c-b53f-337323077e8b,9,3:28 23:39.68 29:30.52
fa2fa5ae-27d8-4c09-bbdb-a1695eabcbd6,9,10:14
fa35484a-76cd-4257-b181-9ee64f07e65f,10,9:52.91 30:70
fa35ea8d-ca09-4f6f-a905-544676c2081c,10,5:169.62
fa35ea8d-ca09-4f6f-a905-544676c2081c,9,29:65
fa3f444b-b41c-48a5-849a-55a0ff8c9872,10,22:41
fa46f518-0058-437e-9291-493b956bc054,9,3:67.72
fa4be3b6-d912-4ffd-a868-0f760f0e765c,10,4:41 11:22.5
fa4d4927-bada-4546-9894-802a0602ce9b,10,3:81 3:86 5:60
fa4d4927-bada-4546-9894-802a0602ce9b,9,24:26.4
fa57e191-a40d-4266-bfa9-4bae6afae259,10,10:51
fa5e291e-3b7d-436a-bc74-f2a238728e2b,10,3:35 3:41 3:44 12:51 17:40.5 17:41.01 19:75 26:64.99 29:51 30:32
fa5e291e-3b7d-436a-bc74-f2a238728e2b,9,3:11.5 3:11.52 3:15 3:19.5 4:18.5 4:23 5:14.52 5:18.47 6:39.99 7:12.54 9:24 10:30 11:17 16:10.5 17:10.02 17:16.49 17:19.99 18:13.53 20:15.51 20:19.99 24:13.2 24:13.52 24:15.58 24:16.5 25:16.99 26:18.5 30:12.5
fa6a81ba-efd5-40f4-8b71-e827cd33fe40,9,18:599 31:550
fa6e55a2-0e84-4900-9914-6550c41335ce,10,4:218.18 5:234.6
fa6e55a2-0e84-4900-9914-6550c41335ce,9,3:37
fa7adf35-b8fe-4a12-ae2c-31860602d95f,9,16:27 16:28
fa8d572d-7dce-4317-8b7e-33d436e976cb,9,7:46
fa9315b7-c1b6-4355-bc85-d84dab45d09c,10,1:144.99
fa97f993-0965-4347-9ea9-c5a21716cd78,10,22:75
fa97f993-0965-4347-9ea9-c5a21716cd78,9,26:12.5
faa4036d-f5fe-4412-82ce-71c327609e5f,10,26:50
faa5966a-5834-427c-a1a7-0023d4550b5b,9,10:84
faaf64b7-a5cd-4972-b5fb-045ae801009c,10,2:120 26:68
fab80593-3b8e-4c45-ac20-5ba875b44c31,10,3:542 17:500.82
fab80593-3b8e-4c45-ac20-5ba875b44c31,9,2:119.95 4:67 6:82.92 8:55 8:99.99 8:165 10:72 16:135.46 17:60 17:63 17:65 18:74.99 21:85 24:62.4 24:62.4 25:56 26:74.99 26:90 30:99.99 31:62.4 31:71 31:79.2
fabe9dd0-ccb8-4a14-a63d-ad307711903c,10,17:41 17:47
fabe9dd0-ccb8-4a14-a63d-ad307711903c,9,6:16.5 7:24.5 31:10.5 31:26.4
fad22fa4-e428-4620-8c17-6fd1b8f78323,10,5:9
fad49506-dd05-4331-896b-27d4a9ac1566,10,21:275
fae3150b-6372-43fa-8558-02bea07ffb67,10,2:52 14:41 17:31 23:61
fae4acb0-2f5a-4682-aa4b-985347a02dfb,10,7:51 14:135 31:81
fae68814-a043-4f6a-b27e-e6a1a30e2488,10,26:130
faed1e7a-6157-49d6-bced-d7e9123a55be,10,5:70
fafa4904-7753-4b0b-80ff-1c46750ced3a,10,10:190.5 17:210 24:180 31:144 31:160
fafb865e-6ff6-44bd-a61a-eea297a53a80,10,2:95 2:276.13 3:152.5 3:152.5 4:128 4:128 4:204.09 5:209.99 8:137.5 8:145.5 9:142.5 9:151.5 10:141.5 10:169 11:170 12:161 14:250 16:160.5 17:193.5 20:163.5 21:189.99 22:306.55 24:137.52 24:140.5 26:157.5 27:179.99 28:130.5 30:466.07 31:138.5 31:146 31:147.5 31:153.5 31:175.23 31:180 31:186.5 31:237.3
fafb865e-6ff6-44bd-a61a-eea297a53a80,9,1:50 1:51 1:98.37 2:51 2:96.04 3:24.5 3:25 3:45.69 4:39 4:55 4:144.07 9:32 9:38.63 9:39.78 10:69.75 10:81 12:43.67 13:44.33 15:129.62 16:41 17:36 18:50 19:35 19:50 20:61 21:32 23:45 23:150.51 24:23.96 24:27.66 24:36 24:36 25:44.99 25:98.74 26:21 26:38 28:31 28:32 28:138.36 30:27 31:37.5 31:42 31:52
fb004466-4bf2-428b-876b-e9edf406dcc0,9,13:50 24:45.21 26:40
fb011e8f-c437-4e3f-acc4-6152e393cda1,10,31:169.95
fb0354e6-2167-425c-8f52-cd8deeadb0f1,10,4:110.5 6:93 7:134.5 8:119.99 10:115 10:122.5 11:111.25 11:116 13:100 13:149.99 17:110 18:115 21:125 24:96 25:102.5 26:125 27:95 28:114.99
fb07bcdd-632b-4b2e-aca7-7007d89709fb,10,2:156.91 13:229.99 22:137.95 29:155.5
fb07bcdd-632b-4b2e-aca7-7007d89709fb,9,11:41
fb1948ba-6add-44da-b6cf-d590aa79a245,10,6:31.23 14:65 28:50 31:50.73
fb27c5ab-bcf5-4d92-bc4c-c58eaeb7bda8,10,1:41 2:25.02 3:44.99 3:55 3:114.07 4:34 4:50 4:57.63 4:69 5:20 5:48 6:29.99 6:35 7:39.95 7:39.99 8:34.99 9:41.75 9:42 10:35 10:39 10:43.2 11:22.5 11:69 12:33 12:33.06 12:39 13:33 15:59.9 16:26 17:22.5 17:26 17:50.4 18:26 18:31 18:35 19:32.02 19:34.99 20:34 20:39.99 22:27 22:41 23:25 23:25.38 23:40 23:42.99 24:25 24:25 24:27 24:33 25:30 25:30 26:36 27:29.95 27:42.5 28:49 29:26 30:39.99 31:30
fb27c5ab-bcf5-4d92-bc4c-c58eaeb7bda8,9,2:16.5 3:10.5 3:12 3:12.5 3:13.5 3:19.99 4:21.99 5:15 6:17 7:12.99 8:20.5 10:13.2 10:14 10:15.65 10:55.5 11:13.5 12:7 14:15.5 15:19.9 17:13.2 17:15.6 17:18.5 17:19 17:19.5 17:19.9 17:25 18:12 18:19.99 18:25.08 19:14.5 20:15 20:15 20:18.52 20:19.99 21:14.99 21:15.5 21:21.24 21:21.44 22:8 22:20 23:17 23:17 23:17.99 23:17.99 23:18.52 23:22.48 24:14.5 25:19.99 25:20 25:22.55 25:26 28:21.5 30:10.61 30:17.5 30:18.52 31:13 31:15.52 31:18.52 31:23.12
fb2aac10-56ce-4d88-a5f9-6fbec7efd6c5,10,3:23.5 4:30 5:30 6:25 6:30.98 9:28 9:39.99 11:19.5 11:23.5 11:26.01 12:49 13:27 13:35 17:29 17:31 23:26 24:32 27:38 28:39.99 31:20
fb334361-b658-4ef2-bfc6-434fabdc5b4b,9,5:15.52 12:15.5
fb409b4e-a980-4ded-9dd3-dece7663d712,10,28:220
fb49ff23-5815-40c9-825a-121d1c60e1b2,10,2:75
fb6122bf-bbdd-4eef-ae25-0f1214bb24d5,10,3:35 6:20.52 19:35 20:40 31:28
fb61fd88-3e8e-439b-b35d-955e57a07d6d,10,3:144 3:253.32 6:225 10:195.28 10:250 24:187.5 24:275 29:182
fb61fd88-3e8e-439b-b35d-955e57a07d6d,9,3:93.64 5:51 5:58 7:52 17:41.5 20:38 21:83.96 30:13.5 31:53
fb627e74-502e-4fa4-aae0-dad62fd0fa51,10,22:84.99
fb627e74-502e-4fa4-aae0-dad62fd0fa51,9,3:22.8 11:7.5 24:21 24:60.21 30:25.55
fb64973d-43f3-4ec6-8b17-009fbe10ff33,10,26:95
fb74086a-c684-499b-b6b6-4226becc8744,10,10:98.4 14:68.55 26:95
fb789d7d-8f72-48bb-afac-d9443da105d8,9,8:24.99
fb8b4969-9a1b-492f-ad7c-ee60166d31b7,10,17:103.33 19:105.37 31:59.99
fb8e0b09-d688-4acd-a0a7-82d747870cd6,10,17:44 17:111.5
fb8f9e75-f5ce-4d9d-8f11-e8e01d557259,10,19:188.19
fb985b14-67ba-483c-a5a8-8acc3e3ffe31,10,14:4050
fb985b14-67ba-483c-a5a8-8acc3e3ffe31,9,6:203.27 11:225 29:146.5 31:168
fbad2ac7-2685-4661-98db-8f5a79ca568a,9,23:182.5
fbaf1786-5ccb-4fe8-88e2-8dad3ce3cc32,10,23:22.25
fbb8b63f-1c4d-4d89-8e20-6b6c18eaab52,10,3:144 21:175 22:148.5 31:126
fbb8b63f-1c4d-4d89-8e20-6b6c18eaab52,9,3:34.82 8:34.18 8:89.99 12:30.99 24:43.2
fbba8dd8-36a1-492e-a8be-4c46b4e1f116,10,2:51 3:38.52 5:37 6:51 7:42.2 8:53 10:29 10:42 12:27 12:33 12:36 16:45 17:51
fbba8dd8-36a1-492e-a8be-4c46b4e1f116,9,2:11.5 11:29.5 12:29.24
fbc2e79e-ca93-483f-ad81-e0056f1c3476,10,2:22 8:16.26 19:26.01 20:20
fbcd2812-9caf-4fb7-9a00-730b31ed01c4,10,3:170.5
fbce1fd3-05b9-4acb-afd7-dc77ec8f4d65,9,17:41.89 24:36
fbdcef93-c946-4b15-bea4-3d937fe2ea4c,10,9:365
fbdece00-db9d-4a9d-a58d-503872b7e2ea,10,1:68 25:26
fbdece00-db9d-4a9d-a58d-503872b7e2ea,9,6:10 6:13.57 10:18 11:9.52 14:12.73 14:13.02
fbe019cf-58e5-4e3e-accf-8bb7c5f5ee3a,10,13:125 21:78 26:105
fbe019cf-58e5-4e3e-accf-8bb7c5f5ee3a,9,12:42 22:50 24:39 31:24.19
fbe01f17-0774-460e-b026-51b3f2ac88c7,10,9:28.99
fbe47a59-cb1b-410c-8355-17ed81fc3edc,9,17:102.5
fbf43268-34b4-49be-bba7-d05457c1fd86,9,17:43.2
fc0feb18-085e-44f1-a113-50d0a61c07e4,10,15:130 31:91.27
fc0feb18-085e-44f1-a113-50d0a61c07e4,9,10:24.95 25:44.95
fc318264-391b-46ca-952e-b13b2fc18506,10,2:17.52 4:20 5:15 5:18.5 5:20.5 9:17 10:17.52 10:24.5 11:18.5 13:33.88 16:11.5 17:16.34 21:19.99 23:14.01 24:10 28:23.95 29:18.5 30:23 31:17.52 31:25
fc360af4-2fbe-4c06-90e5-8ae6cfc1066f,10,25:45 31:45.03
fc3befea-f25b-4ab7-96f6-7b0aaf2fd6cf,10,26:139.99
fc3befea-f25b-4ab7-96f6-7b0aaf2fd6cf,9,17:24.99
fc45d54f-db49-4e7f-b249-f6bb0cd3ef32,10,10:27.6
fc551d97-dd2f-406f-a0ad-cada532f4d83,9,10:37.2 14:35.85 17:31.2 24:26.4 31:31.2
fc5b37c5-f504-4cc8-9260-cf2d51cd5f84,10,3:31 3:99.99
fc5dccca-0cce-4c5d-8a5a-cce32955f087,10,31:103.2
fc5dccca-0cce-4c5d-8a5a-cce32955f087,9,9:19.19 24:26 25:29.99 31:37.2
fc5e952f-1831-4b91-bcec-e24077ea098d,10,7:18.5 11:6.01 25:10.5
fc637fb7-1ee5-41e4-a017-60b7be3a677d,10,4:37 14:39.99 14:45 24:41 29:33.5
fc6f16b2-ef7c-4efa-8c51-065276ab523e,10,2:86 31:80
fc70587f-bc76-49ae-bf06-dd026f9cf5d9,9,6:100 18:64.99 24:99.95 26:99.95
fc7a7830-e140-4cd5-a513-35df62e6ca5d,9,31:51
fc984169-5993-40b9-8e75-83d29caf9904,10,4:75 16:71
fc984169-5993-40b9-8e75-83d29caf9904,9,3:33 17:20.4
fca96d09-6f5e-4f4b-9fd2-9da45714c74b,10,2:89 2:125.99 3:84 3:95 3:102.5 6:100 7:81 7:100 7:106 7:212.49 8:119 9:103.5 10:212.49 11:100 12:102.5 12:102.5 13:129.99 14:100 14:125 14:139.95 14:179.23 15:85 15:86 15:103.5 16:84 16:88 16:91.58 16:94 16:139.99 16:202.5 16:255 18:77 18:120 18:179.5 19:110 20:100 20:150 21:96 24:65 24:71 24:76 24:77 24:107 24:114.95 28:102.5 29:100 31:71 31:96
fca96d09-6f5e-4f4b-9fd2-9da45714c74b,9,3:53 4:49.99 16:51 19:47 22:69.95 25:36.02 26:40.02
fcad512f-1895-4d4e-b340-7809877d03f4,9,9:99 18:113.61 21:155.39
fcb15b1a-fa25-4125-94eb-7544f74a5452,9,6:158.05
fcb1ccd1-e5c7-496b-a07d-143dea0eae4d,10,15:58.91
fcb36d27-c7a2-483e-a813-7893afb6d047,10,28:187.49
fcba8301-2b35-4fab-94d0-828b2bd60047,10,6:132.5 8:94.5 28:102.5 29:120 31:71
fcbbd6fe-1a55-41ec-bf9b-e90323c9f667,10,12:61 18:79 26:66
fcbeb49b-ed13-4803-8b47-0a64e0ada347,10,12:50
fcbeb49b-ed13-4803-8b47-0a64e0ada347,9,24:10.5
fcc6f11c-4d78-4667-9437-a049bb8430e4,10,3:309.53 27:310.68
fccb99d1-7149-4565-94ef-a390a8be6dd0,9,11:143.26 17:135 31:152.52
fcdfe6cd-0d48-4e4c-b98e-38149903cf07,10,19:200
fce0e7b7-26b8-4d38-8e1f-7772b4ebd21c,9,6:60 10:76
fce4d974-71e1-4ecc-bbbf-f4414b028c75,10,15:22.52 23:24.99 24:13.2 25:20.5 31:13.2 31:18.52
fceef013-09c5-4f24-80c2-0e2f3ec00b0d,10,17:610 31:599
fceef013-09c5-4f24-80c2-0e2f3ec00b0d,9,11:175 24:172.5
fcf59a16-4542-4bea-9aad-d36f7915f07b,10,7:35.35 9:26.5 13:38.99 22:39.99 24:25 24:31.16 26:29.99 30:35
fcf59a16-4542-4bea-9aad-d36f7915f07b,9,5:27.16 14:11.5 17:18.62 24:15.97 26:14.5 27:10.5 27:12 27:12 27:12 29:9.99 31:16.99
fcfc7471-b6c7-421f-984e-162c09473898,10,17:40.28 25:80
fd01481f-7137-45f6-ab64-9ffd9b64a451,9,22:20
fd03fe21-b463-41a7-b179-7acc3389d5e4,10,10:17.52 15:16.25 15:16.26
fd0b4b8d-3583-44a7-900d-4ab30556cb35,10,27:280
fd0f089c-f86a-44d2-8045-cd636a699174,10,15:94.27 25:122 29:99.99
fd13b0ab-0d87-417e-aa60-6f10906785f1,9,2:13.6 6:44.1 26:31
fd147512-e599-418c-9236-5725c8d486d8,10,24:255
fd163d6b-0cf4-4f5c-ba08-b9bf7a2ecc51,10,7:115 25:107.52 26:130.5
fd163d6b-0cf4-4f5c-ba08-b9bf7a2ecc51,9,1:29.5 1:33 1:49.99 3:30 7:31.5 16:39 20:46.99 24:39.5 26:42.99 29:37 30:59.99 31:41 31:45.99
fd1c51ac-c26a-4f20-9e3d-bd189beb22eb,10,4:52 8:48 10:65 13:52 15:31 15:52 17:30 19:32 20:44.95 20:133.5 24:44 25:39.9 26:40 28:31 29:37 30:36 30:40 31:31
fd1c51ac-c26a-4f20-9e3d-bd189beb22eb,9,6:27 9:14.99 12:25 25:21.5
fd272f4d-b756-4b9b-8a34-f05f336d3c9a,10,26:108.41
fd272f4d-b756-4b9b-8a34-f05f336d3c9a,9,11:19.5
fd3a8c79-5ec0-485c-a00b-815aab149702,10,16:14
fd3c6cde-cf9e-4c0e-8619-f350fb038ddb,10,27:144.56
fd450329-d479-4f02-8da9-2155c15093d5,10,21:31
fd601a40-3c18-4b85-82d7-be8ef40c5587,10,4:62.43 5:60 5:60 7:76 8:71.99 9:45 9:47.89 10:74.56 11:45 14:50 17:59.99 17:69.99 17:80 18:56 18:58 18:69.99 21:48 21:50 22:48 22:50 24:63 25:84.23 26:40 27:45 28:49.99 29:44 30:49.99
fd601a40-3c18-4b85-82d7-be8ef40c5587,9,3:24.28 6:29.5 8:47.5 10:39.99 17:39.99 18:24 24:40
fd6b9458-8fed-4653-92bf-815889f3a8e0,10,31:504
fd7dc440-a348-49a9-9f96-f4a540023228,10,3:255 5:265 8:299.99 11:280 18:300 19:300 22:345 28:285 31:505.75
fd7dc440-a348-49a9-9f96-f4a540023228,9,21:104.24 21:120
fd8db54d-bc20-41d3-abd3-5b57a7f54c1a,10,31:85
fd8e1229-e6ae-41b9-b571-6bda51a5de5a,10,26:66
fd8f18c8-4ee8-4880-9c7d-f6cc9e4af80e,10,13:1536.92 17:1710
fd918712-2b3b-489c-b90f-2fbed5ca1e19,10,1:455 2:479.99 2:485 3:430 3:430 3:433 3:440 3:443 3:475 3:504 4:400 5:416 5:519.99 6:407 6:421 6:480 8:525 8:550 9:391 9:445 9:450 10:420 10:425 10:425 10:440 10:470 11:399.99 11:420 11:470 11:490.59 12:450 12:455 13:400 13:463 14:380 14:400 15:405 15:459.95 15:600 16:464 16:500 16:560 17:400 17:420 17:430 17:440 17:456 17:487.5 17:490 17:499 18:485 19:395 19:410 19:440 21:416 21:432 21:440 21:445 23:400.01 23:415 23:425 23:425 24:422.05 24:450 24:590.03 24:590.03 25:425 25:430 26:410 27:420 27:499.95 27:525 27:582.55 28:380 28:440 28:440 28:500 29:439 30:468.51 30:479 30:481 30:500 30:547.61 31:396 31:399 31:400 31:420 31:430 31:450
fd918712-2b3b-489c-b90f-2fbed5ca1e19,9,2:204.5 2:208.49 3:201.2 3:209.95 3:239.5 4:177.5 6:207.5 7:205 9:172.5 11:225 12:206.05 12:215.38 14:160 15:152.5 15:192.5 16:178.5 17:176 17:185 17:186.5 18:175 19:177.5 19:200 20:171 20:175 20:270.73 21:171 23:180 23:198.65 24:158.5 24:172.19 24:182.5 25:186.97 25:193.5 26:159.01 26:160 26:170 27:235 28:163.5 28:195 28:202.5 29:195 29:225 30:190.45 31:172.5 31:200
fd9d7b99-8bac-4392-9c27-82c24417988e,10,3:76 3:97 3:97 18:80 19:77 22:70 26:88 31:65
fdaa41c8-4b36-4504-9e57-d1a3c6db1035,9,3:1575
fdaaa395-d66f-442c-850e-678fbc933ef9,10,27:50
fdb03c37-665d-4f71-a51f-45535210b291,9,27:21
fdb428dc-0c97-45c2-8e6d-43c8636d9651,9,26:32
fdb95bde-1ac0-459f-b8a2-b5cb9b02b69e,10,26:150
fdba9102-7fbf-424b-8823-c8f133106da6,10,10:990
fdba9102-7fbf-424b-8823-c8f133106da6,9,5:249.11
fdbac7db-70d6-4805-861a-b39f170fd137,10,14:81
fdc92260-90d8-44a3-85ff-0607cf168a54,10,25:66
fdca0175-ea30-4dd5-8b11-ba0b6b9ac4b6,9,10:60
fde269e7-7755-4871-aaf3-91187fc0722d,10,4:91.88
fde55ed8-87d7-4918-925c-dc5eeb46d349,9,5:26
fdea78ce-6658-46e9-a897-207ec900a6cd,10,1:292.68 1:414.13 3:312 6:324.99 11:310 13:274.69 16:340 17:280 17:305 17:312 17:355 17:510 20:270 25:279.36 25:300 30:304.23 31:345 31:350
fdea78ce-6658-46e9-a897-207ec900a6cd,9,1:123.87 1:149.99 2:122.5 3:102.5 3:105.6 9:113.04 10:104.63 12:121 13:98.5 14:135 15:111.95 15:132.5 16:127 17:82 17:86.4 17:89 17:96 17:149.99 18:110 18:125 21:105 21:139.85 23:99.99 24:142.5 24:164.99 26:115 27:119.95 28:120 30:129.5 31:225
fdf584f0-df02-471b-abef-d7768d23b1b2,9,31:38.33
fdf6a2dc-a4cf-4bd4-b6da-385b1f5cdcbf,10,19:219
fe0117be-8218-418f-b652-23f25a179c62,10,10:43.2 11:20 16:50 20:47.4
fe1476a2-14bb-461e-bdd8-e2742f2bf84b,10,8:28.99
fe1d38a2-24b5-4f37-b47e-130b0b6fe4ec,10,4:167.82 5:180.45
fe22f26a-6e2c-4945-b1aa-ac0dd2b5b129,9,8:103.51 14:106.34 17:124
fe24dc19-5488-4ca4-b7a6-d52c039833c0,10,5:43.62 10:54 11:48.1 17:25.69 26:83.36 29:39.99
fe4ba2a1-59a5-40a9-a498-92e3d18ff90a,10,5:48.46 17:29.13 18:22.5 19:34 23:53 26:46 27:40 29:34
fe4ba2a1-59a5-40a9-a498-92e3d18ff90a,9,6:24.97 11:25 19:15.52 28:12.02 30:15
fe4dea39-2771-4780-bf98-43dd1f0a46df,10,27:79.95
fe4dea39-2771-4780-bf98-43dd1f0a46df,9,28:22.95
fe4e4526-4412-4bbc-a721-db7ce9aa9341,10,2:109.99 2:284.4 3:75 6:86 7:91 10:91.2 10:91.2 12:87 17:81.6 18:67 18:68 18:89 24:76 24:84 24:102.5 25:80 26:88.69 28:85 29:85 30:88.95 31:99.99
fe4e4526-4412-4bbc-a721-db7ce9aa9341,9,3:38 4:30 6:29 6:33.49 7:27 8:29 10:24 10:27.26 13:25.29 13:42.88 14:25.99 15:25.5 17:28.8 17:30 18:106.15 19:36 20:32.51 21:27 21:29.99 21:30 22:30 24:23 25:15.5 26:29 27:15.5 27:32 28:29.95 29:18.61 30:17
fe597134-4280-4c52-92a9-87fe5f5b2720,10,20:299.99
fe6033cc-2130-4ac6-9a9b-d993a044b451,10,14:70 24:32.4 24:51.6
fe60902a-d326-45d8-a42e-be8acfc447db,10,4:18.5 4:19.01 9:14.91 31:17.5
fe60902a-d326-45d8-a42e-be8acfc447db,9,8:10.95
fe64ac14-976e-463d-899a-01380b8a738f,10,15:102.5
fe904360-f009-467a-8dc7-0874ba16a6f2,9,17:42.51
fe9481e8-9c68-43df-8cd5-3a2755494f3d,10,20:68
fe9c30a7-fd61-4ab2-b0cd-eda7f3bff1ed,10,16:81
fe9d9667-fdf7-4bee-89ed-e11c1f89208f,9,1:100
fe9f8f67-cd5c-4098-b8e3-8df0ce898d30,10,24:65
fea46e37-062a-4c53-bc3f-abbad01b2703,10,24:39.99
feaa5943-2d34-48fc-83d1-2da341de43c2,10,12:67 25:85 26:71
feaa5943-2d34-48fc-83d1-2da341de43c2,9,26:29.99
feaf5af3-c4f5-43a7-bb0f-fe8eb19caa0c,10,17:49.77 23:57
feaf5af3-c4f5-43a7-bb0f-fe8eb19caa0c,9,13:26.91
fec626c9-e163-44b8-95e0-eb719b472143,9,30:75
fedc629f-836c-48c7-9948-5dd9b80441cf,10,28:99.99
fede78dd-4c38-48df-80cc-361007dae9e2,9,17:288
fee16e77-65b6-4c51-ab8a-55d894869d5a,9,12:168.5 25:152
fef26eb4-961b-4f27-89f4-90ce40925a43,10,3:15.5
fef26eb4-961b-4f27-89f4-90ce40925a43,9,29:19.99
feff0087-1944-4f82-b89f-888affeacf72,10,10:264 26:247.5
feff0087-1944-4f82-b89f-888affeacf72,9,12:124.5 17:132.5
ff077213-b96b-4fb8-95e6-2ff3ba0d6835,10,26:34
ff1104a8-96f5-4a91-8174-f5a1a8ff24ce,10,26:30
ff1558b9-1c5b-47a6-b4eb-0b23bc05a44e,10,31:186
ff220744-7d13-4c39-a57b-26a6b7ea3d1b,10,8:550
ff2a73c5-1006-4d88-aeae-5666b9d9b8c2,9,13:13
ff465777-a14b-4069-b830-55e2c351eb21,10,10:281
ff465777-a14b-4069-b830-55e2c351eb21,9,1:206.3 3:42 11:42 13:83.22 24:39 24:55.2 27:45
ff49c69f-4091-4158-919b-28ee638bf129,10,4:59.99 5:32 15:59.99 16:22.8 17:23.02 17:31 22:59.99 24:19.48 25:59.99 28:25.58 31:45.95
ff49c69f-4091-4158-919b-28ee638bf129,9,17:15.52 17:15.52 26:15.55 28:16.5 31:18
ff5a0794-ce12-4b12-8d75-a187f92b33e5,10,1:23 2:30 4:19.5 4:26.26 4:30 6:29.99 12:21.5 12:22.02 12:27 14:29 18:19.95 18:22 19:35 20:20.45 22:36 23:29 23:36 25:44.97 27:27.99 29:30 29:32.89 31:22.5 31:22.63
ff5a0794-ce12-4b12-8d75-a187f92b33e5,9,2:6.5 8:16.99 12:15.02 14:13.25 20:12.5 23:15.02 24:9.5 27:18.42 27:21.5 28:16.5
ff605705-81a8-44c9-b8d4-a98939d7392c,10,1:56 11:65 21:102.5 29:76.75
ff670482-4a8d-41a7-bb11-23c350133cad,10,9:140.27
ff670482-4a8d-41a7-bb11-23c350133cad,9,25:19.38
ff6cf95b-8c82-4875-9959-fde518dcdfd6,10,14:99.95
ff6fef3a-5e6a-4134-91c6-04b3975ac557,10,17:14.4
ff76f3fa-5729-4e76-ba2f-bff6d989bd7d,10,18:115.5 23:148.88
ff923a28-251f-4d73-b00a-1577fa1c25a2,9,14:56.96 19:56.69
ff950d96-a200-46af-b3d0-035f0aaaecfe,9,10:171.5
ff97f981-3eff-4c17-b696-a656cba7a4cf,10,3:440.1
ff9809e0-43df-4729-961f-19ab4ea666eb,10,11:26 31:100.95
ff9809e0-43df-4729-961f-19ab4ea666eb,9,3:15.52 17:17.99 27:13
ffa26d46-e101-477f-b979-a57765d1957a,10,17:81.7 17:90
ffabed48-8529-40ae-b105-1ab30ce4df1e,10,3:70
ffb03a00-13ff-43dd-b18b-c27ad5b6c7e1,10,26:167.5
ffb353bb-d57d-46f0-9ab5-fd7e0413609b,10,7:60 14:109 27:125
ffb353bb-d57d-46f0-9ab5-fd7e0413609b,9,1:23.26 1:32 3:30 3:33.99 5:37.99 6:20.5 6:29.99 8:25 10:28 10:34 13:33.99 16:19.5 16:24 19:47.16 21:42.49 23:27 29:23.5 30:17.5 30:19.5
ffb71838-2bb5-4d43-8872-adae709a82f7,9,12:64.99 14:46 14:58.85 16:44 31:88.8
ffbf9709-1e1b-4251-ada0-85205da7ab3b,9,10:163.5 31:98.4 31:169.99
ffd3dd3a-a8e5-4cfe-9e46-35117e2fe11c,10,18:83.59 20:41
ffd62de7-2efa-4f99-8126-a477126a9dea,10,7:1700 10:1600 17:1900 20:1800
ffd9255b-875c-4536-abf2-c018fc133f98,10,30:60.92
ffd9255b-875c-4536-abf2-c018fc133f98,9,11:20.02
ffda72b0-00ed-441e-9817-4869b0ce0842,10,10:781.68 15:950 24:800
ffda72b0-00ed-441e-9817-4869b0ce0842,9,3:129 5:112.5 10:108 10:110.4 12:117.98 14:110 16:104.12 16:127 26:115
fffec329-cc0e-4917-b953-8c0d7e5cca92,10,12:85
