asset_id,week_start,n_sales,median_price,low,high
06005efd-5a34-4421-b3c7-3eb4f182eca4,2023-02-27,1,230.5,230.5,230.5
06005efd-5a34-4421-b3c7-3eb4f182eca4,2023-12-25,1,141.5,141.5,141.5
06005efd-5a34-4421-b3c7-3eb4f182eca4,2025-12-29,1,1249.99,1249.99,1249.99
0600d2ab-3acc-43ea-bbd3-5da5e5e64611,2021-09-13,1,164.5,164.5,164.5
0600d2ab-3acc-43ea-bbd3-5da5e5e64611,2021-11-15,1,200,200,200
0600d2ab-3acc-43ea-bbd3-5da5e5e64611,2021-11-22,1,175,175,175
0600d2ab-3acc-43ea-bbd3-5da5e5e64611,2021-12-20,1,200,200,200
0600d2ab-3acc-43ea-bbd3-5da5e5e64611,2022-01-31,1,200,200,200
0600d2ab-3acc-43ea-bbd3-5da5e5e64611,2022-02-14,1,156,156,156
0600d2ab-3acc-43ea-bbd3-5da5e5e64611,2022-04-25,1,107.5,107.5,107.5
0600d2ab-3acc-43ea-bbd3-5da5e5e64611,2022-05-02,1,199.99,199.99,199.99
0600d2ab-3acc-43ea-bbd3-5da5e5e64611,2022-08-15,2,185.25,170.5,200
0600d2ab-3acc-43ea-bbd3-5da5e5e64611,2022-08-22,1,155,155,155
0600d2ab-3acc-43ea-bbd3-5da5e5e64611,2022-09-05,1,153.5,153.5,153.5
0600d2ab-3acc-43ea-bbd3-5da5e5e64611,2022-10-03,1,149.49,149.49,149.49
0600d2ab-3acc-43ea-bbd3-5da5e5e64611,2022-10-17,1,150,150,150
0600d2ab-3acc-43ea-bbd3-5da5e5e64611,2022-10-31,1,160,160,160
0600d2ab-3acc-43ea-bbd3-5da5e5e64611,2022-12-05,3,165,151,199.99
0600d2ab-3acc-43ea-bbd3-5da5e5e64611,2023-02-20,1,120,120,120
0600d2ab-3acc-43ea-bbd3-5da5e5e64611,2023-05-29,1,89,89,89
0600d2ab-3acc-43ea-bbd3-5da5e5e64611,2023-10-16,2,121,72,169.99
0600d2ab-3acc-43ea-bbd3-5da5e5e64611,2023-11-13,3,140,139.49,180
0600d2ab-3acc-43ea-bbd3-5da5e5e64611,2024-01-08,2,136.25,107.5,165
0600d2ab-3acc-43ea-bbd3-5da5e5e64611,2024-01-15,2,141,132,149.99
0600d2ab-3acc-43ea-bbd3-5da5e5e64611,2024-01-29,1,76,76,76
0600d2ab-3acc-43ea-bbd3-5da5e5e64611,2024-05-06,1,85.76,85.76,85.76
0600d2ab-3acc-43ea-bbd3-5da5e5e64611,2024-05-20,2,103,96,109.99
0600d2ab-3acc-43ea-bbd3-5da5e5e64611,2024-05-27,1,140,140,140
0600d2ab-3acc-43ea-bbd3-5da5e5e64611,2024-06-17,1,76,76,76
0600d2ab-3acc-43ea-bbd3-5da5e5e64611,2024-07-01,1,85.74,85.74,85.74
0600d2ab-3acc-43ea-bbd3-5da5e5e64611,2024-07-08,1,97.36,97.36,97.36
0600d2ab-3acc-43ea-bbd3-5da5e5e64611,2024-07-15,1,73,73,73
0600d2ab-3acc-43ea-bbd3-5da5e5e64611,2024-07-29,1,154.99,154.99,154.99
0600d2ab-3acc-43ea-bbd3-5da5e5e64611,2024-08-05,2,75,74,76
0600d2ab-3acc-43ea-bbd3-5da5e5e64611,2024-10-28,1,129.99,129.99,129.99
0600d2ab-3acc-43ea-bbd3-5da5e5e64611,2024-11-25,1,102.5,102.5,102.5
0600d2ab-3acc-43ea-bbd3-5da5e5e64611,2024-12-09,1,118.75,118.75,118.75
0600d2ab-3acc-43ea-bbd3-5da5e5e64611,2024-12-30,1,119.49,119.49,119.49
0600d2ab-3acc-43ea-bbd3-5da5e5e64611,2025-02-24,2,112.5,95,129.99
0600d2ab-3acc-43ea-bbd3-5da5e5e64611,2025-03-17,1,119.95,119.95,119.95
0600d2ab-3acc-43ea-bbd3-5da5e5e64611,2025-03-31,1,118.5,118.5,118.5
0600d2ab-3acc-43ea-bbd3-5da5e5e64611,2025-04-14,1,127.5,127.5,127.5
0600d2ab-3acc-43ea-bbd3-5da5e5e64611,2025-04-28,2,142.49,139.99,144.99
0600d2ab-3acc-43ea-bbd3-5da5e5e64611,2025-07-21,2,146,132,159.99
0600d2ab-3acc-43ea-bbd3-5da5e5e64611,2025-08-25,1,202.5,202.5,202.5
0600d2ab-3acc-43ea-bbd3-5da5e5e64611,2025-09-29,1,109.8,109.8,109.8
0600d2ab-3acc-43ea-bbd3-5da5e5e64611,2025-10-27,2,119.5,119,119.99
0600d2ab-3acc-43ea-bbd3-5da5e5e64611,2025-11-03,1,93,93,93
0600d2ab-3acc-43ea-bbd3-5da5e5e64611,2025-11-10,1,150,150,150
0600d2ab-3acc-43ea-bbd3-5da5e5e64611,2025-12-08,1,150,150,150
0600d2ab-3acc-43ea-bbd3-5da5e5e64611,2025-12-29,2,240,199.99,280
0600d2ab-3acc-43ea-bbd3-5da5e5e64611,2026-01-12,1,160,160,160
0600d2ab-3acc-43ea-bbd3-5da5e5e64611,2026-03-02,1,600,600,600
0600d2ab-3acc-43ea-bbd3-5da5e5e64611,2026-03-30,2,296.84,273.68,320
0600d2ab-3acc-43ea-bbd3-5da5e5e64611,2026-04-06,1,247.5,247.5,247.5
0600d2ab-3acc-43ea-bbd3-5da5e5e64611,2026-04-27,1,180,180,180
0607aae3-7116-4bd0-87e3-a8ff14869f75,2026-06-22,1,61.01,61.01,61.01
0608308f-ed0d-4a8d-afd4-fffedde1435f,2026-06-01,1,240,240,240
0609296e-6d86-4182-8437-8168868ee6bd,2022-02-21,1,30,30,30
0609296e-6d86-4182-8437-8168868ee6bd,2022-09-19,1,31,31,31
0609296e-6d86-4182-8437-8168868ee6bd,2023-03-20,1,22.5,22.5,22.5
0609296e-6d86-4182-8437-8168868ee6bd,2023-08-07,1,61,61,61
0609296e-6d86-4182-8437-8168868ee6bd,2023-08-14,1,69.99,69.99,69.99
0609296e-6d86-4182-8437-8168868ee6bd,2023-09-11,1,43,43,43
0609296e-6d86-4182-8437-8168868ee6bd,2023-09-18,1,40,40,40
0609296e-6d86-4182-8437-8168868ee6bd,2023-10-16,1,56,56,56
0609296e-6d86-4182-8437-8168868ee6bd,2023-10-30,1,41.02,41.02,41.02
0609296e-6d86-4182-8437-8168868ee6bd,2023-11-27,1,41,41,41
0609296e-6d86-4182-8437-8168868ee6bd,2023-12-11,1,36.02,36.02,36.02
0609296e-6d86-4182-8437-8168868ee6bd,2023-12-25,1,59.99,59.99,59.99
0609296e-6d86-4182-8437-8168868ee6bd,2024-03-04,1,51,51,51
0609296e-6d86-4182-8437-8168868ee6bd,2024-03-11,1,83.75,83.75,83.75
0609296e-6d86-4182-8437-8168868ee6bd,2024-05-20,1,58.47,58.47,58.47
0609296e-6d86-4182-8437-8168868ee6bd,2024-05-27,1,86.84,86.84,86.84
0609296e-6d86-4182-8437-8168868ee6bd,2024-09-16,1,40,40,40
0609296e-6d86-4182-8437-8168868ee6bd,2024-12-23,1,38,38,38
0609296e-6d86-4182-8437-8168868ee6bd,2025-02-10,1,45.22,45.22,45.22
0609296e-6d86-4182-8437-8168868ee6bd,2025-04-28,1,58,58,58
0609296e-6d86-4182-8437-8168868ee6bd,2025-07-07,1,69.34,69.34,69.34
0609296e-6d86-4182-8437-8168868ee6bd,2025-08-04,1,50,50,50
0609296e-6d86-4182-8437-8168868ee6bd,2025-08-11,1,109.99,109.99,109.99
0609296e-6d86-4182-8437-8168868ee6bd,2025-11-10,1,54.27,54.27,54.27
0609296e-6d86-4182-8437-8168868ee6bd,2025-12-15,1,110,110,110
0609296e-6d86-4182-8437-8168868ee6bd,2026-01-05,1,133.99,133.99,133.99
0609296e-6d86-4182-8437-8168868ee6bd,2026-01-26,1,94,94,94
0609296e-6d86-4182-8437-8168868ee6bd,2026-02-02,1,116,116,116
0609296e-6d86-4182-8437-8168868ee6bd,2026-02-09,1,120.5,120.5,120.5
0609296e-6d86-4182-8437-8168868ee6bd,2026-02-16,1,122,122,122
0609296e-6d86-4182-8437-8168868ee6bd,2026-02-23,2,83,56,110
0609296e-6d86-4182-8437-8168868ee6bd,2026-07-13,1,80,80,80
0609296e-6d86-4182-8437-8168868ee6bd,2026-08-10,2,110,102.5,117.5
0609296e-6d86-4182-8437-8168868ee6bd,2026-08-17,1,125.99,125.99,125.99
0609296e-6d86-4182-8437-8168868ee6bd,2026-08-31,1,145.72,145.72,145.72
060bff67-233f-4cfe-a4d6-7d9dd2688f6a,2021-12-27,1,30,30,30
060bff67-233f-4cfe-a4d6-7d9dd2688f6a,2022-03-14,1,19.03,19.03,19.03
060bff67-233f-4cfe-a4d6-7d9dd2688f6a,2022-12-05,1,43.2,43.2,43.2
060bff67-233f-4cfe-a4d6-7d9dd2688f6a,2024-01-08,1,46.98,46.98,46.98
060bff67-233f-4cfe-a4d6-7d9dd2688f6a,2026-03-30,1,100,100,100
060bff67-233f-4cfe-a4d6-7d9dd2688f6a,2026-06-08,1,89.88,89.88,89.88
060bff67-233f-4cfe-a4d6-7d9dd2688f6a,2026-08-10,1,150,150,150
060d161d-2b71-44b7-a2c2-988260b1ff62,2023-10-30,1,18,18,18
060d161d-2b71-44b7-a2c2-988260b1ff62,2026-05-18,1,114.99,114.99,114.99
060d161d-2b71-44b7-a2c2-988260b1ff62,2026-06-01,1,80,80,80
060d161d-2b71-44b7-a2c2-988260b1ff62,2026-06-15,1,78.63,78.63,78.63
060d161d-2b71-44b7-a2c2-988260b1ff62,2026-07-20,1,77,77,77
06119788-d693-4285-b5a8-b3b41d9bce4d,2023-03-27,1,20.5,20.5,20.5
06119788-d693-4285-b5a8-b3b41d9bce4d,2024-02-19,1,22.5,22.5,22.5
06119788-d693-4285-b5a8-b3b41d9bce4d,2024-10-21,1,13.5,13.5,13.5
06119788-d693-4285-b5a8-b3b41d9bce4d,2025-03-03,1,22.55,22.55,22.55
06119788-d693-4285-b5a8-b3b41d9bce4d,2025-04-07,1,25,25,25
06119788-d693-4285-b5a8-b3b41d9bce4d,2025-11-03,1,39.99,39.99,39.99
06119788-d693-4285-b5a8-b3b41d9bce4d,2026-02-16,1,33.58,33.58,33.58
06119788-d693-4285-b5a8-b3b41d9bce4d,2026-02-23,1,59.99,59.99,59.99
06119788-d693-4285-b5a8-b3b41d9bce4d,2026-04-06,2,45,39.99,50
06119788-d693-4285-b5a8-b3b41d9bce4d,2026-04-13,1,65,65,65
06119788-d693-4285-b5a8-b3b41d9bce4d,2026-04-27,1,47,47,47
0616f9a4-8b69-4038-94d8-f29fcfdc2004,2022-10-31,1,81,81,81
0616f9a4-8b69-4038-94d8-f29fcfdc2004,2022-11-14,2,99.5,74,125
0616f9a4-8b69-4038-94d8-f29fcfdc2004,2022-11-28,2,101.22,82,120.43
0616f9a4-8b69-4038-94d8-f29fcfdc2004,2022-12-26,1,85,85,85
0616f9a4-8b69-4038-94d8-f29fcfdc2004,2023-01-30,1,95,95,95
0616f9a4-8b69-4038-94d8-f29fcfdc2004,2023-02-06,2,126.25,99.99,152.5
0616f9a4-8b69-4038-94d8-f29fcfdc2004,2023-02-27,2,99.5,99,99.99
0616f9a4-8b69-4038-94d8-f29fcfdc2004,2023-03-20,1,130,130,130
0616f9a4-8b69-4038-94d8-f29fcfdc2004,2023-03-27,1,109.99,109.99,109.99
0616f9a4-8b69-4038-94d8-f29fcfdc2004,2023-04-24,2,106,102,110
0616f9a4-8b69-4038-94d8-f29fcfdc2004,2023-05-01,1,94,94,94
0616f9a4-8b69-4038-94d8-f29fcfdc2004,2023-06-05,1,127.5,127.5,127.5
0616f9a4-8b69-4038-94d8-f29fcfdc2004,2023-06-19,1,150,150,150
0616f9a4-8b69-4038-94d8-f29fcfdc2004,2023-07-03,3,175,100,179.99
0616f9a4-8b69-4038-94d8-f29fcfdc2004,2023-07-10,2,144.08,115.2,172.96
0616f9a4-8b69-4038-94d8-f29fcfdc2004,2023-07-17,2,109.2,108,110.4
0616f9a4-8b69-4038-94d8-f29fcfdc2004,2023-07-24,1,121.15,121.15,121.15
0616f9a4-8b69-4038-94d8-f29fcfdc2004,2023-07-31,2,146,132,159.99
0616f9a4-8b69-4038-94d8-f29fcfdc2004,2023-08-28,1,163,163,163
0616f9a4-8b69-4038-94d8-f29fcfdc2004,2023-09-11,1,142.5,142.5,142.5
0616f9a4-8b69-4038-94d8-f29fcfdc2004,2023-10-09,1,135,135,135
0616f9a4-8b69-4038-94d8-f29fcfdc2004,2023-10-23,1,197.99,197.99,197.99
0616f9a4-8b69-4038-94d8-f29fcfdc2004,2023-10-30,1,150,150,150
0616f9a4-8b69-4038-94d8-f29fcfdc2004,2023-11-27,1,158.5,158.5,158.5
0616f9a4-8b69-4038-94d8-f29fcfdc2004,2023-12-04,3,157.5,145,158.99
0616f9a4-8b69-4038-94d8-f29fcfdc2004,2023-12-25,1,190,190,190
0616f9a4-8b69-4038-94d8-f29fcfdc2004,2024-01-08,1,122,122,122
0616f9a4-8b69-4038-94d8-f29fcfdc2004,2024-01-29,2,131.25,112.5,150
0616f9a4-8b69-4038-94d8-f29fcfdc2004,2024-02-19,2,105.75,100,111.51
0616f9a4-8b69-4038-94d8-f29fcfdc2004,2024-03-11,1,140,140,140
0616f9a4-8b69-4038-94d8-f29fcfdc2004,2024-03-18,1,137.94,137.94,137.94
0616f9a4-8b69-4038-94d8-f29fcfdc2004,2024-04-08,1,130,130,130
0616f9a4-8b69-4038-94d8-f29fcfdc2004,2024-04-15,2,145,140,150
0616f9a4-8b69-4038-94d8-f29fcfdc2004,2024-04-22,2,122.78,90.56,154.99
0616f9a4-8b69-4038-94d8-f29fcfdc2004,2024-04-29,2,155.72,111.5,199.95
0616f9a4-8b69-4038-94d8-f29fcfdc2004,2024-05-06,1,169.69,169.69,169.69
0616f9a4-8b69-4038-94d8-f29fcfdc2004,2024-05-13,2,124.53,108.5,140.56
0616f9a4-8b69-4038-94d8-f29fcfdc2004,2024-05-27,1,200,200,200
0616f9a4-8b69-4038-94d8-f29fcfdc2004,2024-07-15,1,142.82,142.82,142.82
0616f9a4-8b69-4038-94d8-f29fcfdc2004,2024-07-29,1,140,140,140
0616f9a4-8b69-4038-94d8-f29fcfdc2004,2024-08-05,1,150,150,150
0616f9a4-8b69-4038-94d8-f29fcfdc2004,2024-08-19,1,150,150,150
0616f9a4-8b69-4038-94d8-f29fcfdc2004,2024-08-26,1,141,141,141
0616f9a4-8b69-4038-94d8-f29fcfdc2004,2024-09-16,1,158,158,158
0616f9a4-8b69-4038-94d8-f29fcfdc2004,2024-10-14,1,175,175,175
0616f9a4-8b69-4038-94d8-f29fcfdc2004,2024-10-21,1,150,150,150
0616f9a4-8b69-4038-94d8-f29fcfdc2004,2024-11-18,1,136.18,136.18,136.18
0616f9a4-8b69-4038-94d8-f29fcfdc2004,2024-11-25,3,160,160,175
0616f9a4-8b69-4038-94d8-f29fcfdc2004,2024-12-02,1,187.5,187.5,187.5
0616f9a4-8b69-4038-94d8-f29fcfdc2004,2024-12-09,1,164.99,164.99,164.99
0616f9a4-8b69-4038-94d8-f29fcfdc2004,2024-12-23,1,202.5,202.5,202.5
0616f9a4-8b69-4038-94d8-f29fcfdc2004,2024-12-30,1,163.97,163.97,163.97
0616f9a4-8b69-4038-94d8-f29fcfdc2004,2025-01-13,1,185,185,185
0616f9a4-8b69-4038-94d8-f29fcfdc2004,2025-01-20,1,205.2,205.2,205.2
0616f9a4-8b69-4038-94d8-f29fcfdc2004,2025-02-03,1,210,210,210
0616f9a4-8b69-4038-94d8-f29fcfdc2004,2025-02-10,1,210,210,210
0616f9a4-8b69-4038-94d8-f29fcfdc2004,2025-03-03,1,298.98,298.98,298.98
0616f9a4-8b69-4038-94d8-f29fcfdc2004,2025-03-24,1,235,235,235
0616f9a4-8b69-4038-94d8-f29fcfdc2004,2025-03-31,1,250,250,250
0616f9a4-8b69-4038-94d8-f29fcfdc2004,2025-04-14,1,280,280,280
0616f9a4-8b69-4038-94d8-f29fcfdc2004,2025-04-28,2,258.19,241.39,275
0616f9a4-8b69-4038-94d8-f29fcfdc2004,2025-05-12,2,262,250,274
0616f9a4-8b69-4038-94d8-f29fcfdc2004,2025-05-19,4,357.6,295,499.99
0616f9a4-8b69-4038-94d8-f29fcfdc2004,2025-05-26,1,380,380,380
0616f9a4-8b69-4038-94d8-f29fcfdc2004,2025-06-02,1,335,335,335
0616f9a4-8b69-4038-94d8-f29fcfdc2004,2025-06-16,1,365,365,365
0616f9a4-8b69-4038-94d8-f29fcfdc2004,2025-06-23,1,520,520,520
0616f9a4-8b69-4038-94d8-f29fcfdc2004,2025-06-30,2,587.5,499.99,675
0616f9a4-8b69-4038-94d8-f29fcfdc2004,2025-07-21,1,675,675,675
0616f9a4-8b69-4038-94d8-f29fcfdc2004,2025-08-11,1,600,600,600
0616f9a4-8b69-4038-94d8-f29fcfdc2004,2025-08-25,1,424.19,424.19,424.19
0616f9a4-8b69-4038-94d8-f29fcfdc2004,2025-09-01,1,540,540,540
0616f9a4-8b69-4038-94d8-f29fcfdc2004,2025-09-15,1,550,550,550
0616f9a4-8b69-4038-94d8-f29fcfdc2004,2025-09-22,1,530,530,530
0616f9a4-8b69-4038-94d8-f29fcfdc2004,2025-09-29,2,452.06,304.16,599.95
0616f9a4-8b69-4038-94d8-f29fcfdc2004,2025-10-06,1,480,480,480
0616f9a4-8b69-4038-94d8-f29fcfdc2004,2025-10-13,3,400,278,600
0616f9a4-8b69-4038-94d8-f29fcfdc2004,2025-10-20,1,455,455,455
0616f9a4-8b69-4038-94d8-f29fcfdc2004,2025-10-27,1,400,400,400
0616f9a4-8b69-4038-94d8-f29fcfdc2004,2025-11-03,1,397,397,397
0616f9a4-8b69-4038-94d8-f29fcfdc2004,2025-11-10,1,381.58,381.58,381.58
0616f9a4-8b69-4038-94d8-f29fcfdc2004,2025-11-17,2,415.35,405,425.69
0616f9a4-8b69-4038-94d8-f29fcfdc2004,2025-11-24,1,425,425,425
0616f9a4-8b69-4038-94d8-f29fcfdc2004,2025-12-01,5,450,427.5,480
0616f9a4-8b69-4038-94d8-f29fcfdc2004,2025-12-08,1,345.01,345.01,345.01
0616f9a4-8b69-4038-94d8-f29fcfdc2004,2025-12-15,2,462.5,425,499.99
0616f9a4-8b69-4038-94d8-f29fcfdc2004,2025-12-22,2,380.5,350,411
0616f9a4-8b69-4038-94d8-f29fcfdc2004,2025-12-29,5,390,375,450
0616f9a4-8b69-4038-94d8-f29fcfdc2004,2026-01-05,1,383,383,383
0616f9a4-8b69-4038-94d8-f29fcfdc2004,2026-01-12,1,375,375,375
0616f9a4-8b69-4038-94d8-f29fcfdc2004,2026-01-19,3,400,390.44,474.99
0616f9a4-8b69-4038-94d8-f29fcfdc2004,2026-01-26,2,413.2,386.4,440
0616f9a4-8b69-4038-94d8-f29fcfdc2004,2026-02-02,2,485,470,499.99
0616f9a4-8b69-4038-94d8-f29fcfdc2004,2026-02-09,4,358,350,375
0616f9a4-8b69-4038-94d8-f29fcfdc2004,2026-02-16,3,375,336,375
0616f9a4-8b69-4038-94d8-f29fcfdc2004,2026-03-02,1,360,360,360
0616f9a4-8b69-4038-94d8-f29fcfdc2004,2026-03-09,5,485,430,500
0616f9a4-8b69-4038-94d8-f29fcfdc2004,2026-03-16,4,498.5,436.2,535.69
0616f9a4-8b69-4038-94d8-f29fcfdc2004,2026-03-23,2,457.5,435,480
0616f9a4-8b69-4038-94d8-f29fcfdc2004,2026-03-30,1,455,455,455
0616f9a4-8b69-4038-94d8-f29fcfdc2004,2026-04-06,1,495,495,495
0616f9a4-8b69-4038-94d8-f29fcfdc2004,2026-04-13,2,497.5,485,510
0616f9a4-8b69-4038-94d8-f29fcfdc2004,2026-04-27,1,530,530,530
0616f9a4-8b69-4038-94d8-f29fcfdc2004,2026-05-04,1,540,540,540
0616f9a4-8b69-4038-94d8-f29fcfdc2004,2026-05-18,6,622.5,585,699.99
0616f9a4-8b69-4038-94d8-f29fcfdc2004,2026-06-01,3,699.99,699.99,725
0616f9a4-8b69-4038-94d8-f29fcfdc2004,2026-06-08,3,737.33,710,799.9
0616f9a4-8b69-4038-94d8-f29fcfdc2004,2026-06-15,2,804,768,840
0616f9a4-8b69-4038-94d8-f29fcfdc2004,2026-06-22,1,844.92,844.92,844.92
0616f9a4-8b69-4038-94d8-f29fcfdc2004,2026-06-29,1,830,830,830
0616f9a4-8b69-4038-94d8-f29fcfdc2004,2026-07-06,1,849.99,849.99,849.99
0616f9a4-8b69-4038-94d8-f29fcfdc2004,2026-07-13,2,758,750,766
0616f9a4-8b69-4038-94d8-f29fcfdc2004,2026-07-20,1,700,700,700
0616f9a4-8b69-4038-94d8-f29fcfdc2004,2026-07-27,2,895,890,900
0616f9a4-8b69-4038-94d8-f29fcfdc2004,2026-08-03,1,989.99,989.99,989.99
0616f9a4-8b69-4038-94d8-f29fcfdc2004,2026-08-10,1,864.73,864.73,864.73
0616f9a4-8b69-4038-94d8-f29fcfdc2004,2026-08-17,1,966.03,966.03,966.03
0616f9a4-8b69-4038-94d8-f29fcfdc2004,2026-08-24,1,860,860,860
0616f9a4-8b69-4038-94d8-f29fcfdc2004,2026-08-31,2,849.5,849,849.99
0616f9a4-8b69-4038-94d8-f29fcfdc2004,2026-09-07,2,879.51,810.02,949
0617b261-4ef5-493b-b337-2208c0a5fe40,2023-05-29,1,29.95,29.95,29.95
0617b261-4ef5-493b-b337-2208c0a5fe40,2023-09-18,1,51.68,51.68,51.68
0617b261-4ef5-493b-b337-2208c0a5fe40,2024-04-15,1,15.5,15.5,15.5
0617b261-4ef5-493b-b337-2208c0a5fe40,2026-02-09,1,51.5,51.5,51.5
0617b261-4ef5-493b-b337-2208c0a5fe40,2026-05-11,1,31,31,31
0617b261-4ef5-493b-b337-2208c0a5fe40,2026-06-22,1,79.49,79.49,79.49
0617b261-4ef5-493b-b337-2208c0a5fe40,2026-08-10,1,71.75,71.75,71.75
06185c7d-b45e-468d-ba81-7de46d587196,2022-05-16,1,999.9,999.9,999.9
06185c7d-b45e-468d-ba81-7de46d587196,2022-05-30,1,850,850,850
06185c7d-b45e-468d-ba81-7de46d587196,2024-04-15,1,660,660,660
06185c7d-b45e-468d-ba81-7de46d587196,2024-12-16,1,630,630,630
061a5f22-78c5-44b9-a18c-edcb21809335,2021-07-05,1,1176.49,1176.49,1176.49
061a5f22-78c5-44b9-a18c-edcb21809335,2022-04-18,1,1400,1400,1400
061a5f22-78c5-44b9-a18c-edcb21809335,2022-05-16,1,1720.3,1720.3,1720.3
061a5f22-78c5-44b9-a18c-edcb21809335,2022-06-20,1,1735.75,1735.75,1735.75
061a5f22-78c5-44b9-a18c-edcb21809335,2022-09-26,1,2000,2000,2000
061a5f22-78c5-44b9-a18c-edcb21809335,2022-11-07,1,2000,2000,2000
061a5f22-78c5-44b9-a18c-edcb21809335,2023-06-26,1,1400,1400,1400
061a5f22-78c5-44b9-a18c-edcb21809335,2023-08-21,1,1208,1208,1208
061a5f22-78c5-44b9-a18c-edcb21809335,2023-12-04,2,800.5,763,838
061a5f22-78c5-44b9-a18c-edcb21809335,2024-02-26,1,1170,1170,1170
061a5f22-78c5-44b9-a18c-edcb21809335,2024-04-15,1,1124.99,1124.99,1124.99
061a5f22-78c5-44b9-a18c-edcb21809335,2024-05-13,1,960,960,960
061a5f22-78c5-44b9-a18c-edcb21809335,2024-05-27,1,799,799,799
061a5f22-78c5-44b9-a18c-edcb21809335,2024-11-11,1,1281,1281,1281
061a5f22-78c5-44b9-a18c-edcb21809335,2025-03-17,1,1450,1450,1450
061a5f22-78c5-44b9-a18c-edcb21809335,2025-04-21,1,3300,3300,3300
061a5f22-78c5-44b9-a18c-edcb21809335,2025-05-12,2,3025,2950,3100
061a5f22-78c5-44b9-a18c-edcb21809335,2025-06-09,1,2434.4,2434.4,2434.4
061a5f22-78c5-44b9-a18c-edcb21809335,2025-06-16,1,2750,2750,2750
061a5f22-78c5-44b9-a18c-edcb21809335,2025-07-21,1,2496,2496,2496
061a5f22-78c5-44b9-a18c-edcb21809335,2025-08-11,1,2760,2760,2760
061a5f22-78c5-44b9-a18c-edcb21809335,2025-08-18,1,2619,2619,2619
061a5f22-78c5-44b9-a18c-edcb21809335,2025-08-25,1,2137,2137,2137
061a5f22-78c5-44b9-a18c-edcb21809335,2026-01-05,1,3275,3275,3275
061a5f22-78c5-44b9-a18c-edcb21809335,2026-02-16,1,3652,3652,3652
061a5f22-78c5-44b9-a18c-edcb21809335,2026-04-06,1,5880,5880,5880
061a5f22-78c5-44b9-a18c-edcb21809335,2026-05-18,1,6000,6000,6000
061a5f22-78c5-44b9-a18c-edcb21809335,2026-06-15,1,7500,7500,7500
061a5f22-78c5-44b9-a18c-edcb21809335,2026-07-27,1,6900,6900,6900
061a5f22-78c5-44b9-a18c-edcb21809335,2026-08-17,1,7500,7500,7500
061a5f22-78c5-44b9-a18c-edcb21809335,2026-08-24,1,9000,9000,9000
061a5f22-78c5-44b9-a18c-edcb21809335,2026-08-31,2,9857.6,9715.2,9999.99
061bd60b-a560-4a8c-abb8-b5d831d607e0,2021-03-29,1,269.99,269.99,269.99
061bd60b-a560-4a8c-abb8-b5d831d607e0,2021-04-05,2,134.71,125,144.42
061bd60b-a560-4a8c-abb8-b5d831d607e0,2021-05-03,1,200,200,200
061bd60b-a560-4a8c-abb8-b5d831d607e0,2021-08-02,1,248.14,248.14,248.14
061bd60b-a560-4a8c-abb8-b5d831d607e0,2021-11-01,1,225,225,225
061bd60b-a560-4a8c-abb8-b5d831d607e0,2021-11-08,1,258.47,258.47,258.47
061bd60b-a560-4a8c-abb8-b5d831d607e0,2021-11-15,1,219.5,219.5,219.5
061bd60b-a560-4a8c-abb8-b5d831d607e0,2021-12-13,1,290,290,290
061bd60b-a560-4a8c-abb8-b5d831d607e0,2022-02-07,1,203.5,203.5,203.5
061bd60b-a560-4a8c-abb8-b5d831d607e0,2022-02-14,2,240,240,240
061bd60b-a560-4a8c-abb8-b5d831d607e0,2022-03-07,1,192,192,192
061bd60b-a560-4a8c-abb8-b5d831d607e0,2022-04-04,1,252,252,252
061bd60b-a560-4a8c-abb8-b5d831d607e0,2022-04-11,1,290,290,290
061bd60b-a560-4a8c-abb8-b5d831d607e0,2022-04-25,1,210,210,210
061bd60b-a560-4a8c-abb8-b5d831d607e0,2022-05-30,1,222,222,222
061bd60b-a560-4a8c-abb8-b5d831d607e0,2022-07-11,1,150,150,150
061bd60b-a560-4a8c-abb8-b5d831d607e0,2022-07-18,1,142.5,142.5,142.5
061bd60b-a560-4a8c-abb8-b5d831d607e0,2022-08-08,3,165.5,150,188.5
061bd60b-a560-4a8c-abb8-b5d831d607e0,2022-09-05,1,152.5,152.5,152.5
061bd60b-a560-4a8c-abb8-b5d831d607e0,2022-09-19,2,226,200,252
061bd60b-a560-4a8c-abb8-b5d831d607e0,2022-10-03,3,134.5,132.5,157.5
061bd60b-a560-4a8c-abb8-b5d831d607e0,2022-10-17,1,132.5,132.5,132.5
061bd60b-a560-4a8c-abb8-b5d831d607e0,2022-10-24,2,162,159,165
061bd60b-a560-4a8c-abb8-b5d831d607e0,2022-11-21,2,114,108.5,119.5
061bd60b-a560-4a8c-abb8-b5d831d607e0,2022-12-05,1,112.8,112.8,112.8
061bd60b-a560-4a8c-abb8-b5d831d607e0,2023-01-09,1,89.88,89.88,89.88
061bd60b-a560-4a8c-abb8-b5d831d607e0,2023-02-06,1,126,126,126
061bd60b-a560-4a8c-abb8-b5d831d607e0,2023-02-20,2,110,100,119.99
061bd60b-a560-4a8c-abb8-b5d831d607e0,2023-02-27,1,140,140,140
061bd60b-a560-4a8c-abb8-b5d831d607e0,2023-03-06,1,149.99,149.99,149.99
061bd60b-a560-4a8c-abb8-b5d831d607e0,2023-04-17,1,157.5,157.5,157.5
061bd60b-a560-4a8c-abb8-b5d831d607e0,2023-04-24,1,168,168,168
061bd60b-a560-4a8c-abb8-b5d831d607e0,2023-05-01,1,125,125,125
061bd60b-a560-4a8c-abb8-b5d831d607e0,2023-05-15,1,130,130,130
061bd60b-a560-4a8c-abb8-b5d831d607e0,2023-07-10,1,145,145,145
061bd60b-a560-4a8c-abb8-b5d831d607e0,2023-07-24,1,166.98,166.98,166.98
061bd60b-a560-4a8c-abb8-b5d831d607e0,2023-07-31,2,200,110,290
061bd60b-a560-4a8c-abb8-b5d831d607e0,2023-08-07,1,192.5,192.5,192.5
061bd60b-a560-4a8c-abb8-b5d831d607e0,2023-09-18,1,99.98,99.98,99.98
061bd60b-a560-4a8c-abb8-b5d831d607e0,2023-10-02,1,100,100,100
061bd60b-a560-4a8c-abb8-b5d831d607e0,2023-10-09,1,119.99,119.99,119.99
061bd60b-a560-4a8c-abb8-b5d831d607e0,2023-10-23,3,126,125,129.99
061bd60b-a560-4a8c-abb8-b5d831d607e0,2023-11-06,1,108.5,108.5,108.5
061bd60b-a560-4a8c-abb8-b5d831d607e0,2023-11-20,1,96,96,96
061bd60b-a560-4a8c-abb8-b5d831d607e0,2023-11-27,2,119.7,110.4,129
061bd60b-a560-4a8c-abb8-b5d831d607e0,2023-12-11,1,120,120,120
061bd60b-a560-4a8c-abb8-b5d831d607e0,2023-12-25,1,102.5,102.5,102.5
061bd60b-a560-4a8c-abb8-b5d831d607e0,2024-01-01,1,124.95,124.95,124.95
061bd60b-a560-4a8c-abb8-b5d831d607e0,2024-01-08,1,98.4,98.4,98.4
061bd60b-a560-4a8c-abb8-b5d831d607e0,2024-01-15,1,108,108,108
061bd60b-a560-4a8c-abb8-b5d831d607e0,2024-01-29,2,109.21,108.01,110.4
061bd60b-a560-4a8c-abb8-b5d831d607e0,2024-02-05,1,103.2,103.2,103.2
061bd60b-a560-4a8c-abb8-b5d831d607e0,2024-02-19,1,125,125,125
061bd60b-a560-4a8c-abb8-b5d831d607e0,2024-03-04,2,142.41,128.82,156
061bd60b-a560-4a8c-abb8-b5d831d607e0,2024-03-11,1,98.4,98.4,98.4
061bd60b-a560-4a8c-abb8-b5d831d607e0,2024-03-18,2,93.2,86.4,100
061bd60b-a560-4a8c-abb8-b5d831d607e0,2024-03-25,1,123.97,123.97,123.97
061bd60b-a560-4a8c-abb8-b5d831d607e0,2024-04-08,4,86.1,76,93.6
061bd60b-a560-4a8c-abb8-b5d831d607e0,2024-04-15,1,113.55,113.55,113.55
061bd60b-a560-4a8c-abb8-b5d831d607e0,2024-05-06,3,84,84,102.41
061bd60b-a560-4a8c-abb8-b5d831d607e0,2024-05-13,2,116.25,102.5,129.99
061bd60b-a560-4a8c-abb8-b5d831d607e0,2024-06-03,1,120.49,120.49,120.49
061bd60b-a560-4a8c-abb8-b5d831d607e0,2024-06-10,1,84,84,84
061bd60b-a560-4a8c-abb8-b5d831d607e0,2024-06-24,1,91,91,91
061bd60b-a560-4a8c-abb8-b5d831d607e0,2024-07-08,1,109,109,109
061bd60b-a560-4a8c-abb8-b5d831d607e0,2024-07-22,1,84,84,84
061bd60b-a560-4a8c-abb8-b5d831d607e0,2024-07-29,1,105,105,105
061bd60b-a560-4a8c-abb8-b5d831d607e0,2024-08-12,1,120,120,120
061bd60b-a560-4a8c-abb8-b5d831d607e0,2024-09-02,1,116.86,116.86,116.86
061bd60b-a560-4a8c-abb8-b5d831d607e0,2024-09-23,1,91,91,91
061bd60b-a560-4a8c-abb8-b5d831d607e0,2024-10-28,1,118.5,118.5,118.5
061bd60b-a560-4a8c-abb8-b5d831d607e0,2024-11-11,1,120,120,120
061bd60b-a560-4a8c-abb8-b5d831d607e0,2024-11-25,1,130,130,130
061bd60b-a560-4a8c-abb8-b5d831d607e0,2024-12-02,1,137.5,137.5,137.5
061bd60b-a560-4a8c-abb8-b5d831d607e0,2024-12-09,1,135,135,135
061bd60b-a560-4a8c-abb8-b5d831d607e0,2024-12-23,1,132.01,132.01,132.01
061bd60b-a560-4a8c-abb8-b5d831d607e0,2024-12-30,2,120,105,135
061bd60b-a560-4a8c-abb8-b5d831d607e0,2025-01-06,1,110,110,110
061bd60b-a560-4a8c-abb8-b5d831d607e0,2025-01-13,2,130,130,130
061bd60b-a560-4a8c-abb8-b5d831d607e0,2025-01-27,2,149.5,149,150
061bd60b-a560-4a8c-abb8-b5d831d607e0,2025-02-03,5,149.95,130,150
061bd60b-a560-4a8c-abb8-b5d831d607e0,2025-02-10,1,130,130,130
061bd60b-a560-4a8c-abb8-b5d831d607e0,2025-02-17,2,147.5,140,155
061bd60b-a560-4a8c-abb8-b5d831d607e0,2025-02-24,1,160,160,160
061bd60b-a560-4a8c-abb8-b5d831d607e0,2025-03-03,2,193.75,157.5,230
061bd60b-a560-4a8c-abb8-b5d831d607e0,2025-03-17,1,155,155,155
061bd60b-a560-4a8c-abb8-b5d831d607e0,2025-04-14,1,175,175,175
061bd60b-a560-4a8c-abb8-b5d831d607e0,2025-04-28,1,192.05,192.05,192.05
061bd60b-a560-4a8c-abb8-b5d831d607e0,2025-05-19,1,175,175,175
061bd60b-a560-4a8c-abb8-b5d831d607e0,2025-06-02,3,185,175,190
061bd60b-a560-4a8c-abb8-b5d831d607e0,2025-06-16,2,203.97,190,217.95
061bd60b-a560-4a8c-abb8-b5d831d607e0,2025-06-23,2,210,200,220
061bd60b-a560-4a8c-abb8-b5d831d607e0,2025-06-30,3,230,225,280
061bd60b-a560-4a8c-abb8-b5d831d607e0,2025-07-14,2,304.47,240,368.94
061bd60b-a560-4a8c-abb8-b5d831d607e0,2025-08-04,1,275,275,275
061bd60b-a560-4a8c-abb8-b5d831d607e0,2025-08-11,1,350,350,350
061bd60b-a560-4a8c-abb8-b5d831d607e0,2025-08-18,1,359.99,359.99,359.99
061bd60b-a560-4a8c-abb8-b5d831d607e0,2025-09-01,2,477.5,405,549.99
061bd60b-a560-4a8c-abb8-b5d831d607e0,2025-09-29,1,400,400,400
061bd60b-a560-4a8c-abb8-b5d831d607e0,2025-10-06,2,287.5,280,295
061bd60b-a560-4a8c-abb8-b5d831d607e0,2025-10-13,1,400,400,400
061bd60b-a560-4a8c-abb8-b5d831d607e0,2025-11-03,1,372,372,372
061bd60b-a560-4a8c-abb8-b5d831d607e0,2025-11-17,1,360,360,360
061bd60b-a560-4a8c-abb8-b5d831d607e0,2025-11-24,2,370,360,380
061bd60b-a560-4a8c-abb8-b5d831d607e0,2025-12-29,1,425,425,425
061bd60b-a560-4a8c-abb8-b5d831d607e0,2026-01-12,1,500,500,500
061bd60b-a560-4a8c-abb8-b5d831d607e0,2026-02-02,1,540,540,540
061bd60b-a560-4a8c-abb8-b5d831d607e0,2026-02-09,1,525,525,525
061bd60b-a560-4a8c-abb8-b5d831d607e0,2026-03-09,1,560,560,560
061bd60b-a560-4a8c-abb8-b5d831d607e0,2026-03-16,1,1000,1000,1000
061bd60b-a560-4a8c-abb8-b5d831d607e0,2026-03-23,1,855,855,855
061bd60b-a560-4a8c-abb8-b5d831d607e0,2026-04-06,1,1500,1500,1500
061bd60b-a560-4a8c-abb8-b5d831d607e0,2026-04-13,2,1650,1575,1725
061bd60b-a560-4a8c-abb8-b5d831d607e0,2026-04-20,1,1630,1630,1630
061bd60b-a560-4a8c-abb8-b5d831d607e0,2026-04-27,2,1475,1375,1575
061bd60b-a560-4a8c-abb8-b5d831d607e0,2026-05-04,3,1380,1280,1430
061bd60b-a560-4a8c-abb8-b5d831d607e0,2026-05-11,1,1845,1845,1845
061bd60b-a560-4a8c-abb8-b5d831d607e0,2026-05-18,1,1600,1600,1600
061bd60b-a560-4a8c-abb8-b5d831d607e0,2026-05-25,1,1400,1400,1400
061bd60b-a560-4a8c-abb8-b5d831d607e0,2026-06-29,1,1175,1175,1175
061bd60b-a560-4a8c-abb8-b5d831d607e0,2026-07-06,4,1392.78,1076,1567.5
061bd60b-a560-4a8c-abb8-b5d831d607e0,2026-07-13,3,1130,1063.2,1500
061bd60b-a560-4a8c-abb8-b5d831d607e0,2026-07-27,2,1338,1276,1400
061bd60b-a560-4a8c-abb8-b5d831d607e0,2026-08-10,2,1287.5,1275,1300
061bd60b-a560-4a8c-abb8-b5d831d607e0,2026-08-17,1,1275,1275,1275
061bd60b-a560-4a8c-abb8-b5d831d607e0,2026-08-31,1,1281.25,1281.25,1281.25
06205d51-7ff5-404b-8cfd-4bbedef609f3,2022-05-23,1,91,91,91
06205d51-7ff5-404b-8cfd-4bbedef609f3,2022-10-17,1,49.99,49.99,49.99
06205d51-7ff5-404b-8cfd-4bbedef609f3,2022-11-14,1,50.96,50.96,50.96
06205d51-7ff5-404b-8cfd-4bbedef609f3,2022-12-12,1,40.99,40.99,40.99
06205d51-7ff5-404b-8cfd-4bbedef609f3,2023-01-02,2,41.99,38.99,44.99
06205d51-7ff5-404b-8cfd-4bbedef609f3,2023-01-30,1,32,32,32
06205d51-7ff5-404b-8cfd-4bbedef609f3,2023-02-06,1,28.99,28.99,28.99
06205d51-7ff5-404b-8cfd-4bbedef609f3,2023-02-20,3,32.5,23,49.99
06205d51-7ff5-404b-8cfd-4bbedef609f3,2023-04-10,1,30,30,30
06205d51-7ff5-404b-8cfd-4bbedef609f3,2023-05-15,1,23,23,23
06205d51-7ff5-404b-8cfd-4bbedef609f3,2023-06-12,2,27.1,25.2,29
06205d51-7ff5-404b-8cfd-4bbedef609f3,2023-07-03,1,35,35,35
06205d51-7ff5-404b-8cfd-4bbedef609f3,2023-07-24,1,43,43,43
06205d51-7ff5-404b-8cfd-4bbedef609f3,2023-08-14,1,37,37,37
06205d51-7ff5-404b-8cfd-4bbedef609f3,2023-08-28,2,49.5,45,53.99
06205d51-7ff5-404b-8cfd-4bbedef609f3,2023-09-25,2,19.27,18.05,20.5
06205d51-7ff5-404b-8cfd-4bbedef609f3,2023-10-09,2,14.64,14.64,14.64
06205d51-7ff5-404b-8cfd-4bbedef609f3,2023-10-30,2,24.59,22.5,26.67
06205d51-7ff5-404b-8cfd-4bbedef609f3,2023-11-06,1,29.99,29.99,29.99
06205d51-7ff5-404b-8cfd-4bbedef609f3,2023-11-13,2,48.5,48,49
06205d51-7ff5-404b-8cfd-4bbedef609f3,2024-01-08,2,24.69,22.5,26.88
06205d51-7ff5-404b-8cfd-4bbedef609f3,2024-03-04,1,36.89,36.89,36.89
06205d51-7ff5-404b-8cfd-4bbedef609f3,2024-03-25,1,38,38,38
06205d51-7ff5-404b-8cfd-4bbedef609f3,2024-04-15,1,11.5,11.5,11.5
06205d51-7ff5-404b-8cfd-4bbedef609f3,2024-05-06,1,32.5,32.5,32.5
06205d51-7ff5-404b-8cfd-4bbedef609f3,2024-05-13,1,18.5,18.5,18.5
06205d51-7ff5-404b-8cfd-4bbedef609f3,2024-06-10,1,17.5,17.5,17.5
06205d51-7ff5-404b-8cfd-4bbedef609f3,2024-08-12,1,20,20,20
06205d51-7ff5-404b-8cfd-4bbedef609f3,2024-11-04,1,24.95,24.95,24.95
06205d51-7ff5-404b-8cfd-4bbedef609f3,2024-11-11,2,19.89,19.8,19.99
06205d51-7ff5-404b-8cfd-4bbedef609f3,2024-12-16,2,27.49,24.99,29.99
06205d51-7ff5-404b-8cfd-4bbedef609f3,2025-01-27,1,19.99,19.99,19.99
06205d51-7ff5-404b-8cfd-4bbedef609f3,2025-03-17,1,27.71,27.71,27.71
06205d51-7ff5-404b-8cfd-4bbedef609f3,2025-03-24,1,27.71,27.71,27.71
06205d51-7ff5-404b-8cfd-4bbedef609f3,2025-03-31,1,17.61,17.61,17.61
06205d51-7ff5-404b-8cfd-4bbedef609f3,2025-06-16,1,40,40,40
06205d51-7ff5-404b-8cfd-4bbedef609f3,2025-08-04,1,31,31,31
06205d51-7ff5-404b-8cfd-4bbedef609f3,2025-09-01,2,36.42,32,40.85
06205d51-7ff5-404b-8cfd-4bbedef609f3,2025-09-15,1,19.99,19.99,19.99
06205d51-7ff5-404b-8cfd-4bbedef609f3,2026-02-23,1,47.22,47.22,47.22
06205d51-7ff5-404b-8cfd-4bbedef609f3,2026-03-09,1,40,40,40
06205d51-7ff5-404b-8cfd-4bbedef609f3,2026-04-06,1,50,50,50
06205d51-7ff5-404b-8cfd-4bbedef609f3,2026-04-27,1,17.5,17.5,17.5
06205d51-7ff5-404b-8cfd-4bbedef609f3,2026-05-25,1,34.49,34.49,34.49
06205d51-7ff5-404b-8cfd-4bbedef609f3,2026-08-17,1,49.99,49.99,49.99
06205d51-7ff5-404b-8cfd-4bbedef609f3,2026-08-24,1,49.99,49.99,49.99
0620c931-7f1d-4e72-8e9f-2d14eb86ec45,2026-01-05,2,173.75,172.5,174.99
0620c931-7f1d-4e72-8e9f-2d14eb86ec45,2026-01-12,5,155,142.5,172.99
0620c931-7f1d-4e72-8e9f-2d14eb86ec45,2026-01-19,7,155,125.19,172.35
0620c931-7f1d-4e72-8e9f-2d14eb86ec45,2026-01-26,4,186,180,189.99
0620c931-7f1d-4e72-8e9f-2d14eb86ec45,2026-02-02,5,172.5,155.5,190
0620c931-7f1d-4e72-8e9f-2d14eb86ec45,2026-02-09,4,163.09,125,178.67
0620c931-7f1d-4e72-8e9f-2d14eb86ec45,2026-02-16,4,136.36,115.2,169.99
0620c931-7f1d-4e72-8e9f-2d14eb86ec45,2026-02-23,5,161,122.5,244.01
0620c931-7f1d-4e72-8e9f-2d14eb86ec45,2026-03-02,11,168,132,191.7
0620c931-7f1d-4e72-8e9f-2d14eb86ec45,2026-03-09,2,177.75,170.5,184.99
0620c931-7f1d-4e72-8e9f-2d14eb86ec45,2026-03-16,2,185,185,185
0620c931-7f1d-4e72-8e9f-2d14eb86ec45,2026-03-23,9,182,166.25,189.99
0620c931-7f1d-4e72-8e9f-2d14eb86ec45,2026-03-30,7,193,165.6,210.98
0620c931-7f1d-4e72-8e9f-2d14eb86ec45,2026-04-06,9,196,175,412.78
0620c931-7f1d-4e72-8e9f-2d14eb86ec45,2026-04-13,10,220,199.99,269.99
0620c931-7f1d-4e72-8e9f-2d14eb86ec45,2026-04-20,5,247.5,217.74,260
0620c931-7f1d-4e72-8e9f-2d14eb86ec45,2026-04-27,4,250,230,255
0620c931-7f1d-4e72-8e9f-2d14eb86ec45,2026-05-04,5,252.25,245,256
0620c931-7f1d-4e72-8e9f-2d14eb86ec45,2026-05-11,6,240,230,245
0620c931-7f1d-4e72-8e9f-2d14eb86ec45,2026-05-18,5,236.9,235,250
0620c931-7f1d-4e72-8e9f-2d14eb86ec45,2026-05-25,7,250,235,276
0620c931-7f1d-4e72-8e9f-2d14eb86ec45,2026-06-01,4,242.5,214.5,261.51
0620c931-7f1d-4e72-8e9f-2d14eb86ec45,2026-06-08,4,240,233,259.99
0620c931-7f1d-4e72-8e9f-2d14eb86ec45,2026-06-15,5,240,238.78,250
0620c931-7f1d-4e72-8e9f-2d14eb86ec45,2026-06-22,2,232.5,210,255
0620c931-7f1d-4e72-8e9f-2d14eb86ec45,2026-06-29,1,220,220,220
0620c931-7f1d-4e72-8e9f-2d14eb86ec45,2026-07-06,8,200,188.5,334.99
0620c931-7f1d-4e72-8e9f-2d14eb86ec45,2026-07-13,9,193.5,178.29,211.5
0620c931-7f1d-4e72-8e9f-2d14eb86ec45,2026-07-20,11,239.99,220,250
0620c931-7f1d-4e72-8e9f-2d14eb86ec45,2026-07-27,4,250,218.49,265
0620c931-7f1d-4e72-8e9f-2d14eb86ec45,2026-08-03,7,230,200,264.05
0620c931-7f1d-4e72-8e9f-2d14eb86ec45,2026-08-10,4,202.75,200,238.5
0620c931-7f1d-4e72-8e9f-2d14eb86ec45,2026-08-17,3,205,200.5,219
0620c931-7f1d-4e72-8e9f-2d14eb86ec45,2026-08-24,8,201.25,174,234
0620c931-7f1d-4e72-8e9f-2d14eb86ec45,2026-08-31,7,210,183.2,250
06223cde-1a63-4df1-b034-a40e361395da,2025-07-07,1,35,35,35
06223cde-1a63-4df1-b034-a40e361395da,2026-02-09,1,190,190,190
062adb42-7aa6-4144-83c4-aa96b37a57e6,2025-11-03,2,231.82,23.65,440
062adb42-7aa6-4144-83c4-aa96b37a57e6,2025-11-10,2,366.75,355.6,377.89
062adb42-7aa6-4144-83c4-aa96b37a57e6,2025-11-17,3,381.08,375,430
062adb42-7aa6-4144-83c4-aa96b37a57e6,2025-11-24,2,345.61,342.32,348.9
062adb42-7aa6-4144-83c4-aa96b37a57e6,2025-12-08,4,344.5,280.79,375.09
062adb42-7aa6-4144-83c4-aa96b37a57e6,2025-12-15,1,330,330,330
062adb42-7aa6-4144-83c4-aa96b37a57e6,2025-12-22,3,337.43,311,370
062adb42-7aa6-4144-83c4-aa96b37a57e6,2025-12-29,7,403.67,364.82,429.99
062adb42-7aa6-4144-83c4-aa96b37a57e6,2026-01-05,7,390.28,355.21,405.02
062adb42-7aa6-4144-83c4-aa96b37a57e6,2026-01-12,7,420,367.38,435
062adb42-7aa6-4144-83c4-aa96b37a57e6,2026-01-19,7,485,420,630
062adb42-7aa6-4144-83c4-aa96b37a57e6,2026-01-26,4,628.01,496.09,750
062adb42-7aa6-4144-83c4-aa96b37a57e6,2026-02-02,2,645.62,541.24,750
062adb42-7aa6-4144-83c4-aa96b37a57e6,2026-02-09,3,650,626.89,680.55
062adb42-7aa6-4144-83c4-aa96b37a57e6,2026-02-16,2,682.5,650,715
062adb42-7aa6-4144-83c4-aa96b37a57e6,2026-02-23,8,912.65,785,1409.49
062adb42-7aa6-4144-83c4-aa96b37a57e6,2026-03-02,4,1002.5,925,1019.39
062adb42-7aa6-4144-83c4-aa96b37a57e6,2026-03-09,6,1040.89,999,1125
062adb42-7aa6-4144-83c4-aa96b37a57e6,2026-03-16,8,985.12,800,1069.69
062adb42-7aa6-4144-83c4-aa96b37a57e6,2026-03-23,7,1020,899.93,1100
062adb42-7aa6-4144-83c4-aa96b37a57e6,2026-03-30,8,1025,918.31,1100
062adb42-7aa6-4144-83c4-aa96b37a57e6,2026-04-06,7,1000,922.8,1100
062adb42-7aa6-4144-83c4-aa96b37a57e6,2026-04-13,5,1013.7,915.42,1125
062adb42-7aa6-4144-83c4-aa96b37a57e6,2026-04-20,1,1100,1100,1100
062adb42-7aa6-4144-83c4-aa96b37a57e6,2026-04-27,8,1037.5,990,1159
062adb42-7aa6-4144-83c4-aa96b37a57e6,2026-05-04,2,1025,950,1100
062adb42-7aa6-4144-83c4-aa96b37a57e6,2026-05-11,5,1035,954.17,1199.99
062adb42-7aa6-4144-83c4-aa96b37a57e6,2026-05-18,5,1105,941.27,1250
062adb42-7aa6-4144-83c4-aa96b37a57e6,2026-05-25,3,954.65,815.63,990
062adb42-7aa6-4144-83c4-aa96b37a57e6,2026-06-01,6,1076.93,1020,1125
062adb42-7aa6-4144-83c4-aa96b37a57e6,2026-06-15,7,913.01,860,1080
062adb42-7aa6-4144-83c4-aa96b37a57e6,2026-06-22,6,844.47,700,951.12
062adb42-7aa6-4144-83c4-aa96b37a57e6,2026-06-29,4,941.79,822,1050
062adb42-7aa6-4144-83c4-aa96b37a57e6,2026-07-06,5,770,695.2,973.33
062adb42-7aa6-4144-83c4-aa96b37a57e6,2026-07-13,3,810,780,1050
062adb42-7aa6-4144-83c4-aa96b37a57e6,2026-07-20,6,765.21,705,850
062adb42-7aa6-4144-83c4-aa96b37a57e6,2026-07-27,4,755.5,593,1000
062adb42-7aa6-4144-83c4-aa96b37a57e6,2026-08-03,2,937.35,825,1049.69
062adb42-7aa6-4144-83c4-aa96b37a57e6,2026-08-10,5,745.2,709,1388
062adb42-7aa6-4144-83c4-aa96b37a57e6,2026-08-17,2,755.5,721,790
062adb42-7aa6-4144-83c4-aa96b37a57e6,2026-08-24,3,788,584.5,854
062adb42-7aa6-4144-83c4-aa96b37a57e6,2026-08-31,4,850,760,1110.12
062adb42-7aa6-4144-83c4-aa96b37a57e6,2026-09-07,3,758.3,694.52,880.17
062b0810-8557-44eb-b67f-34350b3326e0,2023-03-13,1,26,26,26
062b0810-8557-44eb-b67f-34350b3326e0,2023-03-20,1,35,35,35
062b0810-8557-44eb-b67f-34350b3326e0,2023-03-27,1,23.5,23.5,23.5
062b0810-8557-44eb-b67f-34350b3326e0,2023-04-17,1,34.99,34.99,34.99
062b0810-8557-44eb-b67f-34350b3326e0,2023-05-01,2,22.75,20.5,25
062b0810-8557-44eb-b67f-34350b3326e0,2023-05-08,1,25,25,25
062b0810-8557-44eb-b67f-34350b3326e0,2023-05-15,2,26.41,24.82,28
062b0810-8557-44eb-b67f-34350b3326e0,2023-05-22,1,18,18,18
062b0810-8557-44eb-b67f-34350b3326e0,2023-06-12,4,38.61,20.4,40.5
062b0810-8557-44eb-b67f-34350b3326e0,2023-06-26,1,33.03,33.03,33.03
062b0810-8557-44eb-b67f-34350b3326e0,2023-07-10,2,34,32,36
062b0810-8557-44eb-b67f-34350b3326e0,2023-07-17,3,20.6,18.5,28
062b0810-8557-44eb-b67f-34350b3326e0,2023-07-24,3,22.5,20.5,25.2
062b0810-8557-44eb-b67f-34350b3326e0,2023-07-31,1,44.88,44.88,44.88
062b0810-8557-44eb-b67f-34350b3326e0,2023-08-07,3,20.5,18,29.99
062b0810-8557-44eb-b67f-34350b3326e0,2023-08-21,1,19.5,19.5,19.5
062b0810-8557-44eb-b67f-34350b3326e0,2023-09-04,1,18.5,18.5,18.5
062b0810-8557-44eb-b67f-34350b3326e0,2023-09-25,2,17.5,14.5,20.5
062b0810-8557-44eb-b67f-34350b3326e0,2023-10-02,4,15.86,10.52,19.2
062b0810-8557-44eb-b67f-34350b3326e0,2023-10-16,1,20.4,20.4,20.4
062b0810-8557-44eb-b67f-34350b3326e0,2023-10-30,1,17.99,17.99,17.99
062b0810-8557-44eb-b67f-34350b3326e0,2023-11-06,1,16.38,16.38,16.38
062b0810-8557-44eb-b67f-34350b3326e0,2023-11-13,2,22.4,22,22.8
062b0810-8557-44eb-b67f-34350b3326e0,2023-11-20,1,16.5,16.5,16.5
062b0810-8557-44eb-b67f-34350b3326e0,2023-12-18,2,33.79,27,40.58
062b0810-8557-44eb-b67f-34350b3326e0,2024-01-29,1,16.12,16.12,16.12
062b0810-8557-44eb-b67f-34350b3326e0,2024-02-26,1,18.39,18.39,18.39
062b0810-8557-44eb-b67f-34350b3326e0,2024-03-11,1,15,15,15
062b0810-8557-44eb-b67f-34350b3326e0,2024-03-25,1,24.15,24.15,24.15
062b0810-8557-44eb-b67f-34350b3326e0,2024-05-13,1,17.67,17.67,17.67
062b0810-8557-44eb-b67f-34350b3326e0,2024-05-20,1,54.99,54.99,54.99
062b0810-8557-44eb-b67f-34350b3326e0,2024-05-27,1,16.5,16.5,16.5
062b0810-8557-44eb-b67f-34350b3326e0,2024-07-01,1,16.8,16.8,16.8
062b0810-8557-44eb-b67f-34350b3326e0,2024-08-05,2,23.24,21.5,24.99
062b0810-8557-44eb-b67f-34350b3326e0,2024-08-19,1,18.09,18.09,18.09
062b0810-8557-44eb-b67f-34350b3326e0,2024-08-26,1,20.5,20.5,20.5
062b0810-8557-44eb-b67f-34350b3326e0,2024-10-14,1,36.5,36.5,36.5
062b0810-8557-44eb-b67f-34350b3326e0,2024-10-21,2,23.02,18.96,27.08
062b0810-8557-44eb-b67f-34350b3326e0,2024-10-28,2,19.99,19.99,19.99
062b0810-8557-44eb-b67f-34350b3326e0,2024-11-04,3,19.99,6.5,30
062b0810-8557-44eb-b67f-34350b3326e0,2024-11-11,3,19.54,19.54,19.54
062b0810-8557-44eb-b67f-34350b3326e0,2024-11-18,5,10.52,9.5,15.59
062b0810-8557-44eb-b67f-34350b3326e0,2024-11-25,3,17.43,12.67,21.65
062b0810-8557-44eb-b67f-34350b3326e0,2024-12-09,1,21.18,21.18,21.18
062b0810-8557-44eb-b67f-34350b3326e0,2024-12-16,1,16.5,16.5,16.5
062b0810-8557-44eb-b67f-34350b3326e0,2024-12-23,6,20,20,20
062b0810-8557-44eb-b67f-34350b3326e0,2024-12-30,2,22.99,20.99,25
062b0810-8557-44eb-b67f-34350b3326e0,2025-01-06,1,32.99,32.99,32.99
062b0810-8557-44eb-b67f-34350b3326e0,2025-01-20,2,28,23,32.99
062b0810-8557-44eb-b67f-34350b3326e0,2025-01-27,1,32,32,32
062b0810-8557-44eb-b67f-34350b3326e0,2025-02-03,1,22,22,22
062b0810-8557-44eb-b67f-34350b3326e0,2025-02-10,1,24,24,24
062b0810-8557-44eb-b67f-34350b3326e0,2025-02-24,5,30,24,31.2
062b0810-8557-44eb-b67f-34350b3326e0,2025-03-31,1,25,25,25
062b0810-8557-44eb-b67f-34350b3326e0,2025-04-07,7,22,17.9,26
062b0810-8557-44eb-b67f-34350b3326e0,2025-04-14,1,18.8,18.8,18.8
062b0810-8557-44eb-b67f-34350b3326e0,2025-05-12,1,30,30,30
062b0810-8557-44eb-b67f-34350b3326e0,2025-05-19,1,27,27,27
062b0810-8557-44eb-b67f-34350b3326e0,2025-05-26,1,37,37,37
062b0810-8557-44eb-b67f-34350b3326e0,2025-06-02,2,28.7,20.4,36.99
062b0810-8557-44eb-b67f-34350b3326e0,2025-06-16,1,48.56,48.56,48.56
062b0810-8557-44eb-b67f-34350b3326e0,2025-07-07,1,30,30,30
062b0810-8557-44eb-b67f-34350b3326e0,2025-07-21,1,30,30,30
062b0810-8557-44eb-b67f-34350b3326e0,2025-07-28,1,32,32,32
062b0810-8557-44eb-b67f-34350b3326e0,2025-08-11,2,18,15.5,20.5
062b0810-8557-44eb-b67f-34350b3326e0,2025-08-18,1,25,25,25
062b0810-8557-44eb-b67f-34350b3326e0,2025-09-01,1,10.5,10.5,10.5
062b0810-8557-44eb-b67f-34350b3326e0,2025-09-08,1,40.6,40.6,40.6
062b0810-8557-44eb-b67f-34350b3326e0,2025-09-15,1,30,30,30
062b0810-8557-44eb-b67f-34350b3326e0,2025-09-22,2,30.73,27.47,34
062b0810-8557-44eb-b67f-34350b3326e0,2025-09-29,1,25.9,25.9,25.9
062b0810-8557-44eb-b67f-34350b3326e0,2025-10-27,1,29.99,29.99,29.99
062b0810-8557-44eb-b67f-34350b3326e0,2025-11-10,1,46.23,46.23,46.23
062b0810-8557-44eb-b67f-34350b3326e0,2025-11-17,1,46.36,46.36,46.36
062b0810-8557-44eb-b67f-34350b3326e0,2025-12-01,1,30,30,30
062b0810-8557-44eb-b67f-34350b3326e0,2025-12-15,1,24,24,24
062b0810-8557-44eb-b67f-34350b3326e0,2026-01-05,2,28.2,20.4,36
062b0810-8557-44eb-b67f-34350b3326e0,2026-01-12,2,47.25,19.5,75
062b0810-8557-44eb-b67f-34350b3326e0,2026-01-19,1,27,27,27
062b0810-8557-44eb-b67f-34350b3326e0,2026-03-02,1,17.5,17.5,17.5
062b0810-8557-44eb-b67f-34350b3326e0,2026-04-06,1,7.5,7.5,7.5
062b0810-8557-44eb-b67f-34350b3326e0,2026-04-20,3,37,32.98,43.96
062b0810-8557-44eb-b67f-34350b3326e0,2026-04-27,3,47.47,28,65
062b0810-8557-44eb-b67f-34350b3326e0,2026-05-04,2,55.59,44.95,66.23
062b0810-8557-44eb-b67f-34350b3326e0,2026-06-08,1,36,36,36
062b0810-8557-44eb-b67f-34350b3326e0,2026-06-22,1,35,35,35
062b0810-8557-44eb-b67f-34350b3326e0,2026-07-06,1,39.95,39.95,39.95
062b0810-8557-44eb-b67f-34350b3326e0,2026-07-13,2,32.8,31,34.6
062b0810-8557-44eb-b67f-34350b3326e0,2026-07-20,2,40,30,49.99
062b0810-8557-44eb-b67f-34350b3326e0,2026-07-27,1,30,30,30
062b0810-8557-44eb-b67f-34350b3326e0,2026-08-03,1,33,33,33
062b0810-8557-44eb-b67f-34350b3326e0,2026-08-24,1,27.3,27.3,27.3
062b0810-8557-44eb-b67f-34350b3326e0,2026-08-31,1,26,26,26
062fb1d3-ccb1-4430-b29d-aa4c1c9d8ec1,2021-03-15,1,70.78,70.78,70.78
062fb1d3-ccb1-4430-b29d-aa4c1c9d8ec1,2021-08-09,1,71.27,71.27,71.27
062fb1d3-ccb1-4430-b29d-aa4c1c9d8ec1,2021-10-11,1,36,36,36
062fb1d3-ccb1-4430-b29d-aa4c1c9d8ec1,2021-11-15,1,32,32,32
062fb1d3-ccb1-4430-b29d-aa4c1c9d8ec1,2022-05-30,1,49.99,49.99,49.99
062fb1d3-ccb1-4430-b29d-aa4c1c9d8ec1,2023-06-12,1,15.5,15.5,15.5
062fb1d3-ccb1-4430-b29d-aa4c1c9d8ec1,2023-12-11,1,28.8,28.8,28.8
062fb1d3-ccb1-4430-b29d-aa4c1c9d8ec1,2024-05-27,1,49.99,49.99,49.99
062fb1d3-ccb1-4430-b29d-aa4c1c9d8ec1,2025-01-20,1,27.6,27.6,27.6
062fb1d3-ccb1-4430-b29d-aa4c1c9d8ec1,2025-04-28,1,39.99,39.99,39.99
062fb1d3-ccb1-4430-b29d-aa4c1c9d8ec1,2025-09-01,1,25.2,25.2,25.2
062fb1d3-ccb1-4430-b29d-aa4c1c9d8ec1,2025-12-08,1,44.46,44.46,44.46
062fb1d3-ccb1-4430-b29d-aa4c1c9d8ec1,2026-01-05,1,61.61,61.61,61.61
062fb1d3-ccb1-4430-b29d-aa4c1c9d8ec1,2026-06-01,1,150,150,150
062fb1d3-ccb1-4430-b29d-aa4c1c9d8ec1,2026-08-24,1,150,150,150
0630cd22-80ff-45d3-a791-02d8d8ee9d49,2025-02-10,1,31.01,31.01,31.01
0630cd22-80ff-45d3-a791-02d8d8ee9d49,2025-02-24,1,33,33,33
0630cd22-80ff-45d3-a791-02d8d8ee9d49,2025-03-17,1,12.5,12.5,12.5
0630cd22-80ff-45d3-a791-02d8d8ee9d49,2025-03-24,1,33,33,33
0630cd22-80ff-45d3-a791-02d8d8ee9d49,2025-04-07,1,19,19,19
0630cd22-80ff-45d3-a791-02d8d8ee9d49,2025-04-14,1,25,25,25
0630cd22-80ff-45d3-a791-02d8d8ee9d49,2025-04-21,2,21,20,22
0630cd22-80ff-45d3-a791-02d8d8ee9d49,2025-05-19,1,22.01,22.01,22.01
0630cd22-80ff-45d3-a791-02d8d8ee9d49,2025-06-16,1,26,26,26
0630cd22-80ff-45d3-a791-02d8d8ee9d49,2025-09-22,1,31.8,31.8,31.8
0630cd22-80ff-45d3-a791-02d8d8ee9d49,2025-10-06,2,42.5,38,47
0630cd22-80ff-45d3-a791-02d8d8ee9d49,2025-11-03,1,18,18,18
0630cd22-80ff-45d3-a791-02d8d8ee9d49,2025-11-17,1,34.99,34.99,34.99
0630cd22-80ff-45d3-a791-02d8d8ee9d49,2025-11-24,1,20,20,20
0630cd22-80ff-45d3-a791-02d8d8ee9d49,2026-01-26,1,20,20,20
0630cd22-80ff-45d3-a791-02d8d8ee9d49,2026-03-09,1,19.32,19.32,19.32
0630cd22-80ff-45d3-a791-02d8d8ee9d49,2026-03-30,1,26,26,26
0630cd22-80ff-45d3-a791-02d8d8ee9d49,2026-04-06,1,35,35,35
0630cd22-80ff-45d3-a791-02d8d8ee9d49,2026-04-20,1,25,25,25
0630cd22-80ff-45d3-a791-02d8d8ee9d49,2026-05-25,1,33.25,33.25,33.25
0630cd22-80ff-45d3-a791-02d8d8ee9d49,2026-07-06,1,17.5,17.5,17.5
063c2953-c9bb-4157-aba6-d15aab03065b,2021-08-02,1,124,124,124
063c2953-c9bb-4157-aba6-d15aab03065b,2022-03-07,1,54.73,54.73,54.73
063c2953-c9bb-4157-aba6-d15aab03065b,2022-06-20,1,76,76,76
063c2953-c9bb-4157-aba6-d15aab03065b,2022-07-25,1,79.99,79.99,79.99
063c2953-c9bb-4157-aba6-d15aab03065b,2022-08-15,2,45.5,42,49
063c2953-c9bb-4157-aba6-d15aab03065b,2022-08-22,1,48.55,48.55,48.55
063c2953-c9bb-4157-aba6-d15aab03065b,2022-09-05,1,39,39,39
063c2953-c9bb-4157-aba6-d15aab03065b,2022-09-12,1,83,83,83
063c2953-c9bb-4157-aba6-d15aab03065b,2022-09-19,1,26.2,26.2,26.2
063c2953-c9bb-4157-aba6-d15aab03065b,2023-01-02,1,117.31,117.31,117.31
063c2953-c9bb-4157-aba6-d15aab03065b,2023-04-03,1,20.52,20.52,20.52
063c2953-c9bb-4157-aba6-d15aab03065b,2023-04-10,1,22,22,22
063c2953-c9bb-4157-aba6-d15aab03065b,2023-04-17,1,35,35,35
063c2953-c9bb-4157-aba6-d15aab03065b,2023-05-29,1,59.99,59.99,59.99
063c2953-c9bb-4157-aba6-d15aab03065b,2023-06-05,1,27.14,27.14,27.14
063c2953-c9bb-4157-aba6-d15aab03065b,2023-06-12,1,16.5,16.5,16.5
063c2953-c9bb-4157-aba6-d15aab03065b,2023-10-16,1,46.23,46.23,46.23
063c2953-c9bb-4157-aba6-d15aab03065b,2023-10-30,1,31,31,31
063c2953-c9bb-4157-aba6-d15aab03065b,2023-11-13,1,24.24,24.24,24.24
063c2953-c9bb-4157-aba6-d15aab03065b,2023-11-27,1,30,30,30
063c2953-c9bb-4157-aba6-d15aab03065b,2023-12-11,1,29.99,29.99,29.99
063c2953-c9bb-4157-aba6-d15aab03065b,2024-01-01,1,35,35,35
063c2953-c9bb-4157-aba6-d15aab03065b,2024-01-29,2,87.5,75,99.99
063c2953-c9bb-4157-aba6-d15aab03065b,2024-05-06,1,52.8,52.8,52.8
063c2953-c9bb-4157-aba6-d15aab03065b,2024-05-13,1,100,100,100
063c2953-c9bb-4157-aba6-d15aab03065b,2024-05-20,1,31.3,31.3,31.3
063c2953-c9bb-4157-aba6-d15aab03065b,2024-11-11,2,38,37,39
063c2953-c9bb-4157-aba6-d15aab03065b,2025-02-17,1,99.98,99.98,99.98
063c2953-c9bb-4157-aba6-d15aab03065b,2025-02-24,1,125,125,125
063c2953-c9bb-4157-aba6-d15aab03065b,2025-03-31,1,149.99,149.99,149.99
063c2953-c9bb-4157-aba6-d15aab03065b,2025-05-05,1,225,225,225
063c2953-c9bb-4157-aba6-d15aab03065b,2025-06-09,1,305,305,305
063c2953-c9bb-4157-aba6-d15aab03065b,2025-06-16,1,364.03,364.03,364.03
063c2953-c9bb-4157-aba6-d15aab03065b,2025-08-25,1,355,355,355
063c2953-c9bb-4157-aba6-d15aab03065b,2025-09-15,1,405,405,405
063c2953-c9bb-4157-aba6-d15aab03065b,2025-09-29,1,405,405,405
063c2953-c9bb-4157-aba6-d15aab03065b,2025-11-03,1,411,411,411
063c2953-c9bb-4157-aba6-d15aab03065b,2025-11-17,1,330,330,330
063c2953-c9bb-4157-aba6-d15aab03065b,2025-12-08,1,309,309,309
063c2953-c9bb-4157-aba6-d15aab03065b,2025-12-15,1,355,355,355
063c2953-c9bb-4157-aba6-d15aab03065b,2026-01-12,1,307.99,307.99,307.99
063c2953-c9bb-4157-aba6-d15aab03065b,2026-02-02,1,400,400,400
063c2953-c9bb-4157-aba6-d15aab03065b,2026-02-16,1,276,276,276
063c2953-c9bb-4157-aba6-d15aab03065b,2026-02-23,1,395,395,395
063c2953-c9bb-4157-aba6-d15aab03065b,2026-03-02,2,450,400,500
063c2953-c9bb-4157-aba6-d15aab03065b,2026-03-09,3,449,420,499
063c2953-c9bb-4157-aba6-d15aab03065b,2026-03-30,1,400,400,400
063c2953-c9bb-4157-aba6-d15aab03065b,2026-04-06,1,420,420,420
063c2953-c9bb-4157-aba6-d15aab03065b,2026-04-20,1,405.48,405.48,405.48
063c2953-c9bb-4157-aba6-d15aab03065b,2026-05-04,1,499,499,499
063c2953-c9bb-4157-aba6-d15aab03065b,2026-05-18,1,610,610,610
063c2953-c9bb-4157-aba6-d15aab03065b,2026-05-25,1,569.99,569.99,569.99
063c2953-c9bb-4157-aba6-d15aab03065b,2026-06-01,5,699.99,620,800
063c2953-c9bb-4157-aba6-d15aab03065b,2026-06-08,1,750,750,750
063c2953-c9bb-4157-aba6-d15aab03065b,2026-07-06,3,799,630,799.69
063c2953-c9bb-4157-aba6-d15aab03065b,2026-07-20,4,875,760,950
063c2953-c9bb-4157-aba6-d15aab03065b,2026-08-10,1,930,930,930
063c2953-c9bb-4157-aba6-d15aab03065b,2026-08-17,4,1399.97,1106.99,1500
063ce19f-8fcb-4307-88ec-7b1815653d58,2021-03-15,1,208.13,208.13,208.13
063ce19f-8fcb-4307-88ec-7b1815653d58,2021-09-13,1,252,252,252
063ce19f-8fcb-4307-88ec-7b1815653d58,2021-11-08,1,223.78,223.78,223.78
063ce19f-8fcb-4307-88ec-7b1815653d58,2021-11-15,1,167.19,167.19,167.19
063ce19f-8fcb-4307-88ec-7b1815653d58,2022-01-31,1,178,178,178
063ce19f-8fcb-4307-88ec-7b1815653d58,2022-03-07,1,229.82,229.82,229.82
063ce19f-8fcb-4307-88ec-7b1815653d58,2022-07-11,1,260,260,260
063ce19f-8fcb-4307-88ec-7b1815653d58,2022-10-24,1,200.99,200.99,200.99
063ce19f-8fcb-4307-88ec-7b1815653d58,2023-10-30,1,256.12,256.12,256.12
063ce19f-8fcb-4307-88ec-7b1815653d58,2024-02-26,1,355,355,355
063ce19f-8fcb-4307-88ec-7b1815653d58,2024-04-15,1,396,396,396
063ce19f-8fcb-4307-88ec-7b1815653d58,2024-05-13,1,303.96,303.96,303.96
063ce19f-8fcb-4307-88ec-7b1815653d58,2025-03-31,1,610,610,610
063ce19f-8fcb-4307-88ec-7b1815653d58,2025-04-14,2,432,432,432
063ce19f-8fcb-4307-88ec-7b1815653d58,2025-09-29,1,1031.92,1031.92,1031.92
063ce19f-8fcb-4307-88ec-7b1815653d58,2025-10-27,1,1380,1380,1380
063ce19f-8fcb-4307-88ec-7b1815653d58,2026-02-23,1,1475,1475,1475
063ce19f-8fcb-4307-88ec-7b1815653d58,2026-04-13,1,1773.3,1773.3,1773.3
063ce19f-8fcb-4307-88ec-7b1815653d58,2026-05-25,2,3338.5,2477,4200
063ce19f-8fcb-4307-88ec-7b1815653d58,2026-06-01,1,3120,3120,3120
063ce19f-8fcb-4307-88ec-7b1815653d58,2026-06-15,1,3360,3360,3360
063ce19f-8fcb-4307-88ec-7b1815653d58,2026-07-27,1,2520,2520,2520
063ce19f-8fcb-4307-88ec-7b1815653d58,2026-08-24,1,3500,3500,3500
063ce19f-8fcb-4307-88ec-7b1815653d58,2026-08-31,1,4750,4750,4750
06444cc5-12cc-4700-afcd-fe0ee56f262b,2023-11-13,1,49.99,49.99,49.99
06444cc5-12cc-4700-afcd-fe0ee56f262b,2024-07-22,1,37.99,37.99,37.99
06444cc5-12cc-4700-afcd-fe0ee56f262b,2025-03-10,1,46.99,46.99,46.99
06444cc5-12cc-4700-afcd-fe0ee56f262b,2025-05-26,1,70.99,70.99,70.99
06444cc5-12cc-4700-afcd-fe0ee56f262b,2025-09-01,3,86,51,90
06444cc5-12cc-4700-afcd-fe0ee56f262b,2025-09-08,4,115,98.24,118.5
06444cc5-12cc-4700-afcd-fe0ee56f262b,2025-10-27,1,122.5,122.5,122.5
06444cc5-12cc-4700-afcd-fe0ee56f262b,2025-12-29,1,67,67,67
06444cc5-12cc-4700-afcd-fe0ee56f262b,2026-01-12,1,100,100,100
06444cc5-12cc-4700-afcd-fe0ee56f262b,2026-01-19,1,100,100,100
06444cc5-12cc-4700-afcd-fe0ee56f262b,2026-02-02,1,219.99,219.99,219.99
06444cc5-12cc-4700-afcd-fe0ee56f262b,2026-02-09,1,205,205,205
06444cc5-12cc-4700-afcd-fe0ee56f262b,2026-02-16,2,114.75,110.5,119
06444cc5-12cc-4700-afcd-fe0ee56f262b,2026-02-23,1,104.99,104.99,104.99
06444cc5-12cc-4700-afcd-fe0ee56f262b,2026-03-02,1,152.5,152.5,152.5
06444cc5-12cc-4700-afcd-fe0ee56f262b,2026-03-09,2,160,120,199.99
06444cc5-12cc-4700-afcd-fe0ee56f262b,2026-04-06,1,220,220,220
06444cc5-12cc-4700-afcd-fe0ee56f262b,2026-04-27,1,250,250,250
06444cc5-12cc-4700-afcd-fe0ee56f262b,2026-05-04,2,277.5,275,280
06444cc5-12cc-4700-afcd-fe0ee56f262b,2026-05-11,1,268.11,268.11,268.11
06444cc5-12cc-4700-afcd-fe0ee56f262b,2026-05-18,1,256.01,256.01,256.01
06444cc5-12cc-4700-afcd-fe0ee56f262b,2026-05-25,1,261,261,261
06444cc5-12cc-4700-afcd-fe0ee56f262b,2026-07-06,1,187.5,187.5,187.5
06444cc5-12cc-4700-afcd-fe0ee56f262b,2026-07-20,1,143.08,143.08,143.08
06444cc5-12cc-4700-afcd-fe0ee56f262b,2026-07-27,1,121.2,121.2,121.2
06444cc5-12cc-4700-afcd-fe0ee56f262b,2026-08-24,1,120.08,120.08,120.08
06444cc5-12cc-4700-afcd-fe0ee56f262b,2026-09-07,1,97,97,97
06455165-fd38-4401-b351-45fc995184a1,2026-02-09,1,33,33,33
06455165-fd38-4401-b351-45fc995184a1,2026-03-23,1,62.38,62.38,62.38
06455165-fd38-4401-b351-45fc995184a1,2026-04-06,1,33,33,33
06455165-fd38-4401-b351-45fc995184a1,2026-04-27,1,51.6,51.6,51.6
06455165-fd38-4401-b351-45fc995184a1,2026-06-01,2,82,82,82
06455165-fd38-4401-b351-45fc995184a1,2026-07-13,1,111,111,111
06455165-fd38-4401-b351-45fc995184a1,2026-08-31,1,122,122,122
064d1c45-c58a-4a4a-9ac5-123a41c28b90,2024-03-25,1,39.95,39.95,39.95
064d1c45-c58a-4a4a-9ac5-123a41c28b90,2024-06-24,1,15.5,15.5,15.5
064d1c45-c58a-4a4a-9ac5-123a41c28b90,2024-07-08,1,23.03,23.03,23.03
064d1c45-c58a-4a4a-9ac5-123a41c28b90,2024-07-29,1,28.95,28.95,28.95
064d1c45-c58a-4a4a-9ac5-123a41c28b90,2024-08-12,1,26.95,26.95,26.95
064d1c45-c58a-4a4a-9ac5-123a41c28b90,2024-09-30,1,32.98,32.98,32.98
064d1c45-c58a-4a4a-9ac5-123a41c28b90,2024-11-04,2,32.56,25.18,39.95
064d1c45-c58a-4a4a-9ac5-123a41c28b90,2024-12-09,1,27.98,27.98,27.98
064d1c45-c58a-4a4a-9ac5-123a41c28b90,2024-12-16,1,27.98,27.98,27.98
064d1c45-c58a-4a4a-9ac5-123a41c28b90,2025-01-13,1,22,22,22
064d1c45-c58a-4a4a-9ac5-123a41c28b90,2026-03-23,1,50,50,50
064d1c45-c58a-4a4a-9ac5-123a41c28b90,2026-06-22,1,105,105,105
064d1c45-c58a-4a4a-9ac5-123a41c28b90,2026-08-31,1,110,110,110
064da517-59ff-4d9c-adbd-4ebdc7e7e4a8,2022-06-13,1,202.5,202.5,202.5
064da517-59ff-4d9c-adbd-4ebdc7e7e4a8,2022-12-12,1,159,159,159
064da517-59ff-4d9c-adbd-4ebdc7e7e4a8,2023-02-20,1,260,260,260
064da517-59ff-4d9c-adbd-4ebdc7e7e4a8,2023-08-07,1,190.7,190.7,190.7
064da517-59ff-4d9c-adbd-4ebdc7e7e4a8,2023-09-11,1,375,375,375
064da517-59ff-4d9c-adbd-4ebdc7e7e4a8,2023-09-25,1,213.5,213.5,213.5
064da517-59ff-4d9c-adbd-4ebdc7e7e4a8,2023-12-25,1,250,250,250
064da517-59ff-4d9c-adbd-4ebdc7e7e4a8,2024-03-11,1,210,210,210
064da517-59ff-4d9c-adbd-4ebdc7e7e4a8,2024-04-29,1,198,198,198
064da517-59ff-4d9c-adbd-4ebdc7e7e4a8,2024-07-22,1,205,205,205
064da517-59ff-4d9c-adbd-4ebdc7e7e4a8,2024-08-05,1,243.5,243.5,243.5
064da517-59ff-4d9c-adbd-4ebdc7e7e4a8,2024-09-16,1,225,225,225
064da517-59ff-4d9c-adbd-4ebdc7e7e4a8,2024-09-23,1,189.5,189.5,189.5
064da517-59ff-4d9c-adbd-4ebdc7e7e4a8,2024-10-21,1,153.5,153.5,153.5
064da517-59ff-4d9c-adbd-4ebdc7e7e4a8,2024-11-04,1,139.5,139.5,139.5
064da517-59ff-4d9c-adbd-4ebdc7e7e4a8,2024-11-25,1,132,132,132
064da517-59ff-4d9c-adbd-4ebdc7e7e4a8,2024-12-30,1,102.5,102.5,102.5
064da517-59ff-4d9c-adbd-4ebdc7e7e4a8,2025-01-20,1,127.5,127.5,127.5
064da517-59ff-4d9c-adbd-4ebdc7e7e4a8,2025-03-17,1,153.6,153.6,153.6
064da517-59ff-4d9c-adbd-4ebdc7e7e4a8,2025-03-24,1,230,230,230
064da517-59ff-4d9c-adbd-4ebdc7e7e4a8,2025-05-05,1,298,298,298
064da517-59ff-4d9c-adbd-4ebdc7e7e4a8,2025-06-16,1,173.5,173.5,173.5
064da517-59ff-4d9c-adbd-4ebdc7e7e4a8,2025-07-28,1,157.58,157.58,157.58
064da517-59ff-4d9c-adbd-4ebdc7e7e4a8,2025-11-03,1,220,220,220
064da517-59ff-4d9c-adbd-4ebdc7e7e4a8,2026-01-05,1,340,340,340
064da517-59ff-4d9c-adbd-4ebdc7e7e4a8,2026-02-09,3,349.99,340,364.99
064da517-59ff-4d9c-adbd-4ebdc7e7e4a8,2026-02-16,2,400,400,400
064da517-59ff-4d9c-adbd-4ebdc7e7e4a8,2026-04-13,2,1001.62,1000,1003.25
064da517-59ff-4d9c-adbd-4ebdc7e7e4a8,2026-04-27,1,927.62,927.62,927.62
064da517-59ff-4d9c-adbd-4ebdc7e7e4a8,2026-05-25,1,900,900,900
064da517-59ff-4d9c-adbd-4ebdc7e7e4a8,2026-06-29,1,1325,1325,1325
064da517-59ff-4d9c-adbd-4ebdc7e7e4a8,2026-07-06,1,1350,1350,1350
064da517-59ff-4d9c-adbd-4ebdc7e7e4a8,2026-08-10,1,2000,2000,2000
064dc546-1234-4354-a190-68f4a43a2b6c,2024-12-16,1,49.99,49.99,49.99
064dc546-1234-4354-a190-68f4a43a2b6c,2025-04-21,1,49.99,49.99,49.99
064dc546-1234-4354-a190-68f4a43a2b6c,2025-08-25,1,87.95,87.95,87.95
064dc546-1234-4354-a190-68f4a43a2b6c,2026-04-27,1,516,516,516
064e47c0-3bf9-4aaf-996d-b45fcdbf5e73,2025-03-03,1,122.99,122.99,122.99
064e47c0-3bf9-4aaf-996d-b45fcdbf5e73,2025-03-17,4,47,34,51
064e47c0-3bf9-4aaf-996d-b45fcdbf5e73,2025-03-24,1,61,61,61
064e47c0-3bf9-4aaf-996d-b45fcdbf5e73,2025-03-31,1,55,55,55
064e47c0-3bf9-4aaf-996d-b45fcdbf5e73,2025-04-07,3,57,47,65
064e47c0-3bf9-4aaf-996d-b45fcdbf5e73,2025-04-14,2,58.01,55.02,61
064e47c0-3bf9-4aaf-996d-b45fcdbf5e73,2025-04-21,1,71,71,71
064e47c0-3bf9-4aaf-996d-b45fcdbf5e73,2025-04-28,3,58.8,25,59
064e47c0-3bf9-4aaf-996d-b45fcdbf5e73,2025-05-12,3,34,32,41
064e47c0-3bf9-4aaf-996d-b45fcdbf5e73,2025-05-19,5,37.56,31,39.56
064e47c0-3bf9-4aaf-996d-b45fcdbf5e73,2025-05-26,11,27.66,22.22,37
064e47c0-3bf9-4aaf-996d-b45fcdbf5e73,2025-06-02,8,30.5,23.5,49.99
064e47c0-3bf9-4aaf-996d-b45fcdbf5e73,2025-06-09,2,31.49,30.99,32
064e47c0-3bf9-4aaf-996d-b45fcdbf5e73,2025-06-16,2,31.5,31,32
064e47c0-3bf9-4aaf-996d-b45fcdbf5e73,2025-06-23,4,32.6,31,34
064e47c0-3bf9-4aaf-996d-b45fcdbf5e73,2025-06-30,4,35.5,15.5,50
064e47c0-3bf9-4aaf-996d-b45fcdbf5e73,2025-07-07,4,32.48,30,72.29
064e47c0-3bf9-4aaf-996d-b45fcdbf5e73,2025-07-14,3,22.5,21.5,25.2
064e47c0-3bf9-4aaf-996d-b45fcdbf5e73,2025-07-21,1,29.99,29.99,29.99
064e47c0-3bf9-4aaf-996d-b45fcdbf5e73,2025-07-28,1,26,26,26
064e47c0-3bf9-4aaf-996d-b45fcdbf5e73,2025-08-04,2,30,25.2,34.8
064e47c0-3bf9-4aaf-996d-b45fcdbf5e73,2025-08-11,1,29,29,29
064e47c0-3bf9-4aaf-996d-b45fcdbf5e73,2025-08-18,2,26.75,21.5,32
064e47c0-3bf9-4aaf-996d-b45fcdbf5e73,2025-08-25,1,24,24,24
064e47c0-3bf9-4aaf-996d-b45fcdbf5e73,2025-09-01,3,28,26,28
064e47c0-3bf9-4aaf-996d-b45fcdbf5e73,2025-09-08,3,28,25.2,35
064e47c0-3bf9-4aaf-996d-b45fcdbf5e73,2025-09-15,4,26,25,34
064e47c0-3bf9-4aaf-996d-b45fcdbf5e73,2025-09-22,2,27.5,27,28
064e47c0-3bf9-4aaf-996d-b45fcdbf5e73,2025-10-06,5,32,20,33
064e47c0-3bf9-4aaf-996d-b45fcdbf5e73,2025-10-13,1,18.5,18.5,18.5
064e47c0-3bf9-4aaf-996d-b45fcdbf5e73,2025-10-20,1,29.9,29.9,29.9
064e47c0-3bf9-4aaf-996d-b45fcdbf5e73,2025-10-27,2,25,25,25
064e47c0-3bf9-4aaf-996d-b45fcdbf5e73,2025-11-03,1,32,32,32
064e47c0-3bf9-4aaf-996d-b45fcdbf5e73,2025-11-10,3,28,25,28.95
064e47c0-3bf9-4aaf-996d-b45fcdbf5e73,2025-11-24,2,29.24,25.49,32.99
064e47c0-3bf9-4aaf-996d-b45fcdbf5e73,2025-12-01,1,28,28,28
064e47c0-3bf9-4aaf-996d-b45fcdbf5e73,2025-12-08,2,31,30,32
064e47c0-3bf9-4aaf-996d-b45fcdbf5e73,2025-12-15,2,27.99,26,29.99
064e47c0-3bf9-4aaf-996d-b45fcdbf5e73,2025-12-29,2,21.25,18.5,24
064e47c0-3bf9-4aaf-996d-b45fcdbf5e73,2026-01-05,4,30.5,22.8,33.6
064e47c0-3bf9-4aaf-996d-b45fcdbf5e73,2026-01-12,1,31,31,31
064e47c0-3bf9-4aaf-996d-b45fcdbf5e73,2026-01-19,1,26,26,26
064e47c0-3bf9-4aaf-996d-b45fcdbf5e73,2026-02-02,3,30,30,32
064e47c0-3bf9-4aaf-996d-b45fcdbf5e73,2026-03-02,2,37.22,35.2,39.24
064e47c0-3bf9-4aaf-996d-b45fcdbf5e73,2026-03-09,1,30,30,30
064e47c0-3bf9-4aaf-996d-b45fcdbf5e73,2026-04-06,1,40,40,40
064e47c0-3bf9-4aaf-996d-b45fcdbf5e73,2026-04-20,1,45,45,45
064e47c0-3bf9-4aaf-996d-b45fcdbf5e73,2026-05-18,2,22,21.5,22.5
064e47c0-3bf9-4aaf-996d-b45fcdbf5e73,2026-05-25,4,36,33.35,50
064e47c0-3bf9-4aaf-996d-b45fcdbf5e73,2026-06-01,1,22.5,22.5,22.5
064e47c0-3bf9-4aaf-996d-b45fcdbf5e73,2026-06-08,1,31,31,31
064e47c0-3bf9-4aaf-996d-b45fcdbf5e73,2026-06-15,1,32.4,32.4,32.4
064e47c0-3bf9-4aaf-996d-b45fcdbf5e73,2026-06-22,1,44.23,44.23,44.23
064e47c0-3bf9-4aaf-996d-b45fcdbf5e73,2026-07-06,1,36.96,36.96,36.96
064e47c0-3bf9-4aaf-996d-b45fcdbf5e73,2026-07-13,1,25,25,25
064e47c0-3bf9-4aaf-996d-b45fcdbf5e73,2026-07-20,1,38,38,38
064e47c0-3bf9-4aaf-996d-b45fcdbf5e73,2026-08-03,1,40.58,40.58,40.58
064e47c0-3bf9-4aaf-996d-b45fcdbf5e73,2026-08-10,2,30.89,28.67,33.11
064e47c0-3bf9-4aaf-996d-b45fcdbf5e73,2026-08-17,1,38.72,38.72,38.72
064e47c0-3bf9-4aaf-996d-b45fcdbf5e73,2026-08-31,1,30,30,30
0650c789-cfcf-4909-8b91-7a2b7b3adfc2,2025-07-14,1,161.81,161.81,161.81
06540119-395f-4ee3-86f6-9bdd6d4b4097,2024-01-29,1,31.2,31.2,31.2
06540119-395f-4ee3-86f6-9bdd6d4b4097,2024-02-05,1,45,45,45
06540119-395f-4ee3-86f6-9bdd6d4b4097,2024-10-07,2,29.4,27.6,31.2
065a8858-b8ce-4240-97a9-0a4705f6980e,2021-05-24,1,415,415,415
065a8858-b8ce-4240-97a9-0a4705f6980e,2022-03-21,1,660,660,660
065a8858-b8ce-4240-97a9-0a4705f6980e,2022-10-31,1,700,700,700
065a8858-b8ce-4240-97a9-0a4705f6980e,2022-11-14,1,900,900,900
065a8858-b8ce-4240-97a9-0a4705f6980e,2023-07-03,1,2000,2000,2000
065a8858-b8ce-4240-97a9-0a4705f6980e,2023-07-24,1,1470,1470,1470
065a8858-b8ce-4240-97a9-0a4705f6980e,2023-09-11,1,1092.9,1092.9,1092.9
065a8858-b8ce-4240-97a9-0a4705f6980e,2023-10-09,1,1399.99,1399.99,1399.99
065a8858-b8ce-4240-97a9-0a4705f6980e,2023-10-23,1,853.2,853.2,853.2
065a8858-b8ce-4240-97a9-0a4705f6980e,2023-12-18,1,810,810,810
065a8858-b8ce-4240-97a9-0a4705f6980e,2024-06-10,1,716,716,716
065a8858-b8ce-4240-97a9-0a4705f6980e,2024-09-02,1,660,660,660
065a8858-b8ce-4240-97a9-0a4705f6980e,2024-11-25,2,531.5,499,564
065a8858-b8ce-4240-97a9-0a4705f6980e,2025-01-20,1,483.6,483.6,483.6
065a8858-b8ce-4240-97a9-0a4705f6980e,2025-04-14,1,540,540,540
065a8858-b8ce-4240-97a9-0a4705f6980e,2025-09-01,1,840,840,840
065a8858-b8ce-4240-97a9-0a4705f6980e,2025-09-22,1,911,911,911
065a8858-b8ce-4240-97a9-0a4705f6980e,2025-10-06,1,750,750,750
065a8858-b8ce-4240-97a9-0a4705f6980e,2026-06-01,1,1000,1000,1000
065a8858-b8ce-4240-97a9-0a4705f6980e,2026-06-15,1,760,760,760
065a8858-b8ce-4240-97a9-0a4705f6980e,2026-08-24,1,825,825,825
06601409-e2c9-4be5-b220-f87eb0afcba6,2021-07-19,1,94.99,94.99,94.99
06601409-e2c9-4be5-b220-f87eb0afcba6,2024-06-10,1,125,125,125
06601409-e2c9-4be5-b220-f87eb0afcba6,2025-06-16,1,98,98,98
06601409-e2c9-4be5-b220-f87eb0afcba6,2026-02-09,2,725,500,950
06601409-e2c9-4be5-b220-f87eb0afcba6,2026-03-02,1,500,500,500
06601409-e2c9-4be5-b220-f87eb0afcba6,2026-05-18,1,645,645,645
06601409-e2c9-4be5-b220-f87eb0afcba6,2026-05-25,1,1000,1000,1000
06601409-e2c9-4be5-b220-f87eb0afcba6,2026-08-03,1,1699.2,1699.2,1699.2
0660c28c-cc1f-4f8a-b4bd-6e054d3d40f8,2023-05-22,1,26,26,26
0660c28c-cc1f-4f8a-b4bd-6e054d3d40f8,2023-07-03,1,45,45,45
0660c28c-cc1f-4f8a-b4bd-6e054d3d40f8,2023-08-07,1,29,29,29
0660c28c-cc1f-4f8a-b4bd-6e054d3d40f8,2023-10-09,1,26,26,26
0660c28c-cc1f-4f8a-b4bd-6e054d3d40f8,2026-01-26,1,100,100,100
0660c28c-cc1f-4f8a-b4bd-6e054d3d40f8,2026-02-23,1,155,155,155
0660c28c-cc1f-4f8a-b4bd-6e054d3d40f8,2026-05-11,1,149.99,149.99,149.99
0660c28c-cc1f-4f8a-b4bd-6e054d3d40f8,2026-06-22,2,137.62,121.5,153.73
0660c28c-cc1f-4f8a-b4bd-6e054d3d40f8,2026-08-10,1,255,255,255
0660c28c-cc1f-4f8a-b4bd-6e054d3d40f8,2026-08-24,1,132,132,132
0660c28c-cc1f-4f8a-b4bd-6e054d3d40f8,2026-09-07,1,103.58,103.58,103.58
06689616-c61b-42af-9764-2c2678ff99bd,2022-01-31,1,177.5,177.5,177.5
06689616-c61b-42af-9764-2c2678ff99bd,2022-06-27,1,80,80,80
06689616-c61b-42af-9764-2c2678ff99bd,2022-09-05,1,25.99,25.99,25.99
06689616-c61b-42af-9764-2c2678ff99bd,2023-03-27,1,199.3,199.3,199.3
06689616-c61b-42af-9764-2c2678ff99bd,2023-04-03,1,174.1,174.1,174.1
06689616-c61b-42af-9764-2c2678ff99bd,2024-01-08,1,140,140,140
06689616-c61b-42af-9764-2c2678ff99bd,2024-05-20,1,200,200,200
06689616-c61b-42af-9764-2c2678ff99bd,2025-03-31,1,169.2,169.2,169.2
06689616-c61b-42af-9764-2c2678ff99bd,2025-06-02,1,192.5,192.5,192.5
06689616-c61b-42af-9764-2c2678ff99bd,2025-12-15,1,350,350,350
06689616-c61b-42af-9764-2c2678ff99bd,2026-07-27,1,2275,2275,2275
066aeb5a-4797-4b57-8bc9-72b52775e7bc,2022-11-14,1,227.49,227.49,227.49
066aeb5a-4797-4b57-8bc9-72b52775e7bc,2024-04-15,1,300,300,300
066aeb5a-4797-4b57-8bc9-72b52775e7bc,2025-05-26,2,191,186.99,195
066b2edb-bc73-4846-b551-ea5405625268,2023-04-17,4,172.74,115,179.99
066b2edb-bc73-4846-b551-ea5405625268,2023-04-24,1,152.5,152.5,152.5
066b2edb-bc73-4846-b551-ea5405625268,2023-05-08,3,210,208.5,235
066b2edb-bc73-4846-b551-ea5405625268,2023-05-15,2,208.56,200,217.13
066b2edb-bc73-4846-b551-ea5405625268,2023-05-22,1,200,200,200
066b2edb-bc73-4846-b551-ea5405625268,2023-05-29,2,194,178,210
066b2edb-bc73-4846-b551-ea5405625268,2023-06-05,1,255.99,255.99,255.99
066b2edb-bc73-4846-b551-ea5405625268,2023-06-12,6,267.5,250,325
066b2edb-bc73-4846-b551-ea5405625268,2023-06-19,1,305,305,305
066b2edb-bc73-4846-b551-ea5405625268,2023-06-26,2,350,320,380
066b2edb-bc73-4846-b551-ea5405625268,2023-07-03,2,312.5,290,335
066b2edb-bc73-4846-b551-ea5405625268,2023-07-31,5,299.99,215,312
066b2edb-bc73-4846-b551-ea5405625268,2023-08-07,1,255,255,255
066b2edb-bc73-4846-b551-ea5405625268,2023-08-21,1,227.5,227.5,227.5
066b2edb-bc73-4846-b551-ea5405625268,2023-08-28,2,270.09,240.19,299.99
066b2edb-bc73-4846-b551-ea5405625268,2023-09-04,3,260,240,286.9
066b2edb-bc73-4846-b551-ea5405625268,2023-09-18,1,217.74,217.74,217.74
066b2edb-bc73-4846-b551-ea5405625268,2023-09-25,2,229.25,228.5,230
066b2edb-bc73-4846-b551-ea5405625268,2023-10-02,5,245.3,229.99,339.95
066b2edb-bc73-4846-b551-ea5405625268,2023-10-16,1,220,220,220
066b2edb-bc73-4846-b551-ea5405625268,2023-10-23,2,206.25,200,212.5
066b2edb-bc73-4846-b551-ea5405625268,2023-11-06,1,173.24,173.24,173.24
066b2edb-bc73-4846-b551-ea5405625268,2023-11-13,2,205.69,202.5,208.88
066b2edb-bc73-4846-b551-ea5405625268,2023-11-27,1,202.5,202.5,202.5
066b2edb-bc73-4846-b551-ea5405625268,2023-12-04,1,205,205,205
066b2edb-bc73-4846-b551-ea5405625268,2023-12-11,1,200,200,200
066b2edb-bc73-4846-b551-ea5405625268,2023-12-18,2,215,200,230
066b2edb-bc73-4846-b551-ea5405625268,2023-12-25,1,209.99,209.99,209.99
066b2edb-bc73-4846-b551-ea5405625268,2024-01-01,1,191.29,191.29,191.29
066b2edb-bc73-4846-b551-ea5405625268,2024-01-15,2,214.1,205,223.2
066b2edb-bc73-4846-b551-ea5405625268,2024-01-22,1,162.5,162.5,162.5
066b2edb-bc73-4846-b551-ea5405625268,2024-02-05,2,189.5,179,200
066b2edb-bc73-4846-b551-ea5405625268,2024-02-12,1,204.5,204.5,204.5
066b2edb-bc73-4846-b551-ea5405625268,2024-02-19,3,163.5,154.19,209.99
066b2edb-bc73-4846-b551-ea5405625268,2024-03-04,1,175,175,175
066b2edb-bc73-4846-b551-ea5405625268,2024-03-11,1,185,185,185
066b2edb-bc73-4846-b551-ea5405625268,2024-03-25,2,183.97,168,199.95
066b2edb-bc73-4846-b551-ea5405625268,2024-04-01,2,151.25,150,152.5
066b2edb-bc73-4846-b551-ea5405625268,2024-04-08,1,170,170,170
066b2edb-bc73-4846-b551-ea5405625268,2024-04-15,1,165,165,165
066b2edb-bc73-4846-b551-ea5405625268,2024-04-29,3,154.49,140,160
066b2edb-bc73-4846-b551-ea5405625268,2024-05-06,1,175,175,175
066b2edb-bc73-4846-b551-ea5405625268,2024-06-10,1,170,170,170
066b2edb-bc73-4846-b551-ea5405625268,2024-06-17,1,170,170,170
066b2edb-bc73-4846-b551-ea5405625268,2024-06-24,2,180,180,180
066b2edb-bc73-4846-b551-ea5405625268,2024-07-08,1,152.5,152.5,152.5
066b2edb-bc73-4846-b551-ea5405625268,2024-07-15,1,145,145,145
066b2edb-bc73-4846-b551-ea5405625268,2024-07-22,1,175,175,175
066b2edb-bc73-4846-b551-ea5405625268,2024-07-29,2,176.25,172.5,180
066b2edb-bc73-4846-b551-ea5405625268,2024-08-05,3,300,170,307.99
066b2edb-bc73-4846-b551-ea5405625268,2024-08-19,1,160.5,160.5,160.5
066b2edb-bc73-4846-b551-ea5405625268,2024-09-23,2,197.5,195,200
066b2edb-bc73-4846-b551-ea5405625268,2024-10-07,1,185,185,185
066b2edb-bc73-4846-b551-ea5405625268,2024-10-14,1,350,350,350
066b2edb-bc73-4846-b551-ea5405625268,2024-11-04,1,251.42,251.42,251.42
066b2edb-bc73-4846-b551-ea5405625268,2024-11-18,1,185,185,185
066b2edb-bc73-4846-b551-ea5405625268,2024-11-25,1,240.97,240.97,240.97
066b2edb-bc73-4846-b551-ea5405625268,2024-12-02,1,330,330,330
066b2edb-bc73-4846-b551-ea5405625268,2025-01-06,3,231.93,228.6,252
066b2edb-bc73-4846-b551-ea5405625268,2025-01-13,1,249.99,249.99,249.99
066b2edb-bc73-4846-b551-ea5405625268,2025-02-03,1,248.36,248.36,248.36
066b2edb-bc73-4846-b551-ea5405625268,2025-02-10,2,306.98,298.96,315
066b2edb-bc73-4846-b551-ea5405625268,2025-02-17,1,253.68,253.68,253.68
066b2edb-bc73-4846-b551-ea5405625268,2025-02-24,1,340,340,340
066b2edb-bc73-4846-b551-ea5405625268,2025-03-17,1,341,341,341
066b2edb-bc73-4846-b551-ea5405625268,2025-04-07,1,339,339,339
066b2edb-bc73-4846-b551-ea5405625268,2025-04-14,1,378.42,378.42,378.42
066b2edb-bc73-4846-b551-ea5405625268,2025-04-21,1,398.12,398.12,398.12
066b2edb-bc73-4846-b551-ea5405625268,2025-04-28,1,320,320,320
066b2edb-bc73-4846-b551-ea5405625268,2025-05-05,2,374,348,400
066b2edb-bc73-4846-b551-ea5405625268,2025-05-19,1,372,372,372
066b2edb-bc73-4846-b551-ea5405625268,2025-05-26,1,375,375,375
066b2edb-bc73-4846-b551-ea5405625268,2025-06-02,1,413,413,413
066b2edb-bc73-4846-b551-ea5405625268,2025-06-16,1,390,390,390
066b2edb-bc73-4846-b551-ea5405625268,2025-06-30,2,422.85,420.69,425
066b2edb-bc73-4846-b551-ea5405625268,2025-07-07,2,400,400,400
066b2edb-bc73-4846-b551-ea5405625268,2025-07-14,1,475,475,475
066b2edb-bc73-4846-b551-ea5405625268,2025-07-21,1,495,495,495
066b2edb-bc73-4846-b551-ea5405625268,2025-07-28,2,426.75,423.51,430
066b2edb-bc73-4846-b551-ea5405625268,2025-08-11,1,420,420,420
066b2edb-bc73-4846-b551-ea5405625268,2025-08-18,2,560,540,580
066b2edb-bc73-4846-b551-ea5405625268,2025-09-01,1,455,455,455
066b2edb-bc73-4846-b551-ea5405625268,2025-09-08,2,448.23,436.46,460
066b2edb-bc73-4846-b551-ea5405625268,2025-09-22,3,430,396.52,479.99
066b2edb-bc73-4846-b551-ea5405625268,2025-10-13,1,385,385,385
066b2edb-bc73-4846-b551-ea5405625268,2025-11-03,1,370.8,370.8,370.8
066b2edb-bc73-4846-b551-ea5405625268,2025-11-17,1,196.49,196.49,196.49
066b2edb-bc73-4846-b551-ea5405625268,2025-11-24,1,450,450,450
066b2edb-bc73-4846-b551-ea5405625268,2025-12-01,2,427.5,404.99,450
066b2edb-bc73-4846-b551-ea5405625268,2025-12-08,1,384.87,384.87,384.87
066b2edb-bc73-4846-b551-ea5405625268,2025-12-22,1,402.16,402.16,402.16
066b2edb-bc73-4846-b551-ea5405625268,2025-12-29,1,399.99,399.99,399.99
066b2edb-bc73-4846-b551-ea5405625268,2026-01-05,1,390,390,390
066b2edb-bc73-4846-b551-ea5405625268,2026-01-12,1,350,350,350
066b2edb-bc73-4846-b551-ea5405625268,2026-01-19,1,313.2,313.2,313.2
066b2edb-bc73-4846-b551-ea5405625268,2026-01-26,2,408,400,416
066b2edb-bc73-4846-b551-ea5405625268,2026-02-02,2,361.75,338.52,384.98
066b2edb-bc73-4846-b551-ea5405625268,2026-02-16,2,396.5,384.99,408
066b2edb-bc73-4846-b551-ea5405625268,2026-03-09,3,375,370,377
066b2edb-bc73-4846-b551-ea5405625268,2026-03-16,1,355,355,355
066b2edb-bc73-4846-b551-ea5405625268,2026-03-23,2,352.5,330,375
066b2edb-bc73-4846-b551-ea5405625268,2026-03-30,2,327.5,320,335
066b2edb-bc73-4846-b551-ea5405625268,2026-04-06,1,420.5,420.5,420.5
066b2edb-bc73-4846-b551-ea5405625268,2026-04-20,4,397.5,348,455
066b2edb-bc73-4846-b551-ea5405625268,2026-04-27,1,440,440,440
066b2edb-bc73-4846-b551-ea5405625268,2026-05-04,4,435,362.3,500
066b2edb-bc73-4846-b551-ea5405625268,2026-05-11,2,380,360,400
066b2edb-bc73-4846-b551-ea5405625268,2026-05-18,1,425,425,425
066b2edb-bc73-4846-b551-ea5405625268,2026-06-01,2,410,405,415
066b2edb-bc73-4846-b551-ea5405625268,2026-06-08,3,335,325,410.61
066b2edb-bc73-4846-b551-ea5405625268,2026-06-22,1,430,430,430
066b2edb-bc73-4846-b551-ea5405625268,2026-06-29,3,524.99,500,595
066b2edb-bc73-4846-b551-ea5405625268,2026-07-06,1,420,420,420
066b2edb-bc73-4846-b551-ea5405625268,2026-07-13,1,336,336,336
066b2edb-bc73-4846-b551-ea5405625268,2026-07-20,1,451,451,451
066b2edb-bc73-4846-b551-ea5405625268,2026-07-27,2,453,451,455
066b2edb-bc73-4846-b551-ea5405625268,2026-08-24,1,474.99,474.99,474.99
066b2edb-bc73-4846-b551-ea5405625268,2026-08-31,1,500,500,500
066b2edb-bc73-4846-b551-ea5405625268,2026-09-07,1,460.39,460.39,460.39
066d2f08-a382-4a0f-9bca-a1b03d379580,2025-01-13,1,25,25,25
066d2f08-a382-4a0f-9bca-a1b03d379580,2025-04-28,1,39.99,39.99,39.99
066d2f08-a382-4a0f-9bca-a1b03d379580,2025-10-27,1,26,26,26
066d2f08-a382-4a0f-9bca-a1b03d379580,2026-06-22,1,45.92,45.92,45.92
066d2f08-a382-4a0f-9bca-a1b03d379580,2026-07-13,1,40,40,40
066de093-ee4c-41cd-81cc-c725d78ac188,2021-05-31,1,74,74,74
066de093-ee4c-41cd-81cc-c725d78ac188,2021-08-16,1,89.1,89.1,89.1
066de093-ee4c-41cd-81cc-c725d78ac188,2021-09-06,1,114,114,114
066de093-ee4c-41cd-81cc-c725d78ac188,2021-11-15,1,40,40,40
066de093-ee4c-41cd-81cc-c725d78ac188,2021-11-22,1,38,38,38
066de093-ee4c-41cd-81cc-c725d78ac188,2021-11-29,1,48.7,48.7,48.7
066de093-ee4c-41cd-81cc-c725d78ac188,2021-12-13,1,33.12,33.12,33.12
066de093-ee4c-41cd-81cc-c725d78ac188,2021-12-20,1,44.86,44.86,44.86
066de093-ee4c-41cd-81cc-c725d78ac188,2022-01-10,1,59.45,59.45,59.45
066de093-ee4c-41cd-81cc-c725d78ac188,2022-01-24,1,27.6,27.6,27.6
066de093-ee4c-41cd-81cc-c725d78ac188,2022-02-28,1,35.41,35.41,35.41
066de093-ee4c-41cd-81cc-c725d78ac188,2022-03-07,2,39.5,34,45
066de093-ee4c-41cd-81cc-c725d78ac188,2022-03-21,2,49.3,33.6,65
066de093-ee4c-41cd-81cc-c725d78ac188,2022-03-28,1,30,30,30
066de093-ee4c-41cd-81cc-c725d78ac188,2022-05-02,1,33.6,33.6,33.6
066de093-ee4c-41cd-81cc-c725d78ac188,2022-05-30,1,42.79,42.79,42.79
066de093-ee4c-41cd-81cc-c725d78ac188,2022-06-20,2,22,21.5,22.5
066de093-ee4c-41cd-81cc-c725d78ac188,2022-06-27,1,33.99,33.99,33.99
066de093-ee4c-41cd-81cc-c725d78ac188,2022-07-25,1,26,26,26
066de093-ee4c-41cd-81cc-c725d78ac188,2022-08-22,1,19.2,19.2,19.2
066de093-ee4c-41cd-81cc-c725d78ac188,2022-09-05,1,34.5,34.5,34.5
066de093-ee4c-41cd-81cc-c725d78ac188,2022-09-12,2,28.23,22.5,33.95
066de093-ee4c-41cd-81cc-c725d78ac188,2022-11-14,1,29.95,29.95,29.95
066de093-ee4c-41cd-81cc-c725d78ac188,2022-11-28,1,25.2,25.2,25.2
066de093-ee4c-41cd-81cc-c725d78ac188,2023-03-13,1,48.56,48.56,48.56
066de093-ee4c-41cd-81cc-c725d78ac188,2023-05-22,1,17.9,17.9,17.9
066de093-ee4c-41cd-81cc-c725d78ac188,2023-07-24,1,37.31,37.31,37.31
066de093-ee4c-41cd-81cc-c725d78ac188,2023-08-14,1,37,37,37
066de093-ee4c-41cd-81cc-c725d78ac188,2023-12-11,1,32.99,32.99,32.99
066de093-ee4c-41cd-81cc-c725d78ac188,2024-02-12,1,17.02,17.02,17.02
066de093-ee4c-41cd-81cc-c725d78ac188,2024-06-24,1,50,50,50
066de093-ee4c-41cd-81cc-c725d78ac188,2024-07-01,1,27.77,27.77,27.77
066de093-ee4c-41cd-81cc-c725d78ac188,2024-07-22,1,43.99,43.99,43.99
066de093-ee4c-41cd-81cc-c725d78ac188,2024-08-26,1,15.08,15.08,15.08
066de093-ee4c-41cd-81cc-c725d78ac188,2024-09-23,1,37.74,37.74,37.74
066de093-ee4c-41cd-81cc-c725d78ac188,2024-10-07,1,39.95,39.95,39.95
066de093-ee4c-41cd-81cc-c725d78ac188,2024-10-21,1,45,45,45
066de093-ee4c-41cd-81cc-c725d78ac188,2024-11-18,1,27,27,27
066de093-ee4c-41cd-81cc-c725d78ac188,2025-01-27,1,46,46,46
066de093-ee4c-41cd-81cc-c725d78ac188,2025-06-30,1,37,37,37
066de093-ee4c-41cd-81cc-c725d78ac188,2025-09-22,1,48,48,48
066de093-ee4c-41cd-81cc-c725d78ac188,2025-09-29,2,72.5,64.99,80
066de093-ee4c-41cd-81cc-c725d78ac188,2025-10-13,1,64,64,64
066de093-ee4c-41cd-81cc-c725d78ac188,2025-12-01,1,41,41,41
066de093-ee4c-41cd-81cc-c725d78ac188,2026-01-12,2,57.48,50,64.95
066de093-ee4c-41cd-81cc-c725d78ac188,2026-01-19,1,70,70,70
066de093-ee4c-41cd-81cc-c725d78ac188,2026-02-16,1,100,100,100
066de093-ee4c-41cd-81cc-c725d78ac188,2026-02-23,1,111.95,111.95,111.95
066de093-ee4c-41cd-81cc-c725d78ac188,2026-03-09,1,110,110,110
066de093-ee4c-41cd-81cc-c725d78ac188,2026-03-30,2,125.97,113,138.95
066de093-ee4c-41cd-81cc-c725d78ac188,2026-04-13,2,112.19,110,114.39
066de093-ee4c-41cd-81cc-c725d78ac188,2026-04-27,1,191.95,191.95,191.95
066de093-ee4c-41cd-81cc-c725d78ac188,2026-05-11,1,100,100,100
066de093-ee4c-41cd-81cc-c725d78ac188,2026-06-22,1,127.2,127.2,127.2
066dfd20-d532-4ee6-bff5-a6ad165d0f84,2026-06-15,1,49.95,49.95,49.95
066dfd20-d532-4ee6-bff5-a6ad165d0f84,2026-07-20,1,37,37,37
067305c4-ce5d-4d6a-8c09-7741ead87764,2021-03-15,1,100,100,100
067305c4-ce5d-4d6a-8c09-7741ead87764,2021-04-26,1,125,125,125
067305c4-ce5d-4d6a-8c09-7741ead87764,2021-05-10,1,100,100,100
067305c4-ce5d-4d6a-8c09-7741ead87764,2021-06-07,1,100,100,100
067305c4-ce5d-4d6a-8c09-7741ead87764,2021-06-14,1,100,100,100
067305c4-ce5d-4d6a-8c09-7741ead87764,2021-06-21,1,64.01,64.01,64.01
067305c4-ce5d-4d6a-8c09-7741ead87764,2021-07-05,1,100.69,100.69,100.69
067305c4-ce5d-4d6a-8c09-7741ead87764,2021-07-12,1,122.5,122.5,122.5
067305c4-ce5d-4d6a-8c09-7741ead87764,2022-03-21,1,48,48,48
067305c4-ce5d-4d6a-8c09-7741ead87764,2022-04-18,1,36,36,36
067305c4-ce5d-4d6a-8c09-7741ead87764,2022-05-02,1,25,25,25
067305c4-ce5d-4d6a-8c09-7741ead87764,2022-06-27,2,46,43,49
067305c4-ce5d-4d6a-8c09-7741ead87764,2022-09-12,1,49.95,49.95,49.95
067305c4-ce5d-4d6a-8c09-7741ead87764,2022-10-24,1,48.01,48.01,48.01
067305c4-ce5d-4d6a-8c09-7741ead87764,2023-03-20,1,50,50,50
067305c4-ce5d-4d6a-8c09-7741ead87764,2023-06-12,1,36,36,36
067305c4-ce5d-4d6a-8c09-7741ead87764,2023-06-26,1,30,30,30
067305c4-ce5d-4d6a-8c09-7741ead87764,2023-12-11,1,40,40,40
067305c4-ce5d-4d6a-8c09-7741ead87764,2023-12-18,1,51,51,51
067305c4-ce5d-4d6a-8c09-7741ead87764,2024-02-19,2,34,32,36
067305c4-ce5d-4d6a-8c09-7741ead87764,2024-04-08,1,125,125,125
067305c4-ce5d-4d6a-8c09-7741ead87764,2024-05-27,1,85,85,85
067305c4-ce5d-4d6a-8c09-7741ead87764,2024-06-03,1,31,31,31
067305c4-ce5d-4d6a-8c09-7741ead87764,2024-06-24,1,80,80,80
067305c4-ce5d-4d6a-8c09-7741ead87764,2024-08-05,1,88.16,88.16,88.16
067305c4-ce5d-4d6a-8c09-7741ead87764,2024-10-28,2,82.47,64.95,99.99
067305c4-ce5d-4d6a-8c09-7741ead87764,2024-12-23,1,104.99,104.99,104.99
067305c4-ce5d-4d6a-8c09-7741ead87764,2025-01-06,2,107.5,90,125
067305c4-ce5d-4d6a-8c09-7741ead87764,2025-01-13,1,112.5,112.5,112.5
067305c4-ce5d-4d6a-8c09-7741ead87764,2025-01-20,2,108.75,105,112.5
067305c4-ce5d-4d6a-8c09-7741ead87764,2025-02-03,1,94.99,94.99,94.99
067305c4-ce5d-4d6a-8c09-7741ead87764,2025-02-17,3,94.99,89.99,105
067305c4-ce5d-4d6a-8c09-7741ead87764,2025-02-24,1,85,85,85
067305c4-ce5d-4d6a-8c09-7741ead87764,2025-03-24,1,94,94,94
067305c4-ce5d-4d6a-8c09-7741ead87764,2025-04-28,1,99.83,99.83,99.83
067305c4-ce5d-4d6a-8c09-7741ead87764,2025-05-05,2,95.44,90.42,100.46
067305c4-ce5d-4d6a-8c09-7741ead87764,2025-05-12,1,81,81,81
067305c4-ce5d-4d6a-8c09-7741ead87764,2025-06-02,1,119.99,119.99,119.99
067305c4-ce5d-4d6a-8c09-7741ead87764,2025-07-14,1,201.39,201.39,201.39
067305c4-ce5d-4d6a-8c09-7741ead87764,2025-08-11,2,121.25,117.5,125
067305c4-ce5d-4d6a-8c09-7741ead87764,2025-09-01,1,113,113,113
067305c4-ce5d-4d6a-8c09-7741ead87764,2025-10-20,1,175,175,175
067305c4-ce5d-4d6a-8c09-7741ead87764,2025-11-03,1,83,83,83
067305c4-ce5d-4d6a-8c09-7741ead87764,2025-12-01,1,60,60,60
067305c4-ce5d-4d6a-8c09-7741ead87764,2025-12-08,1,94,94,94
067305c4-ce5d-4d6a-8c09-7741ead87764,2025-12-15,1,220,220,220
067305c4-ce5d-4d6a-8c09-7741ead87764,2026-01-19,1,195,195,195
067305c4-ce5d-4d6a-8c09-7741ead87764,2026-01-26,1,225,225,225
067305c4-ce5d-4d6a-8c09-7741ead87764,2026-02-16,1,220,220,220
067305c4-ce5d-4d6a-8c09-7741ead87764,2026-03-02,1,225,225,225
067305c4-ce5d-4d6a-8c09-7741ead87764,2026-03-09,1,275,275,275
067305c4-ce5d-4d6a-8c09-7741ead87764,2026-03-16,1,247,247,247
067305c4-ce5d-4d6a-8c09-7741ead87764,2026-03-23,2,200.25,190.5,210
067305c4-ce5d-4d6a-8c09-7741ead87764,2026-04-13,2,225.65,208.8,242.5
067305c4-ce5d-4d6a-8c09-7741ead87764,2026-05-04,2,206.25,202.5,210
067305c4-ce5d-4d6a-8c09-7741ead87764,2026-05-18,1,245,245,245
067305c4-ce5d-4d6a-8c09-7741ead87764,2026-06-29,1,275,275,275
067305c4-ce5d-4d6a-8c09-7741ead87764,2026-08-03,1,225,225,225
067305c4-ce5d-4d6a-8c09-7741ead87764,2026-08-17,1,217.5,217.5,217.5
067305c4-ce5d-4d6a-8c09-7741ead87764,2026-08-31,1,250,250,250
067305c4-ce5d-4d6a-8c09-7741ead87764,2026-09-07,1,259.99,259.99,259.99
0674c8cd-48f8-4a15-8bfd-4a7b1d458e12,2021-04-12,1,375,375,375
0674c8cd-48f8-4a15-8bfd-4a7b1d458e12,2021-07-12,2,188.3,176.59,200
0674c8cd-48f8-4a15-8bfd-4a7b1d458e12,2021-12-27,1,350,350,350
0674c8cd-48f8-4a15-8bfd-4a7b1d458e12,2023-01-09,1,232.5,232.5,232.5
0674c8cd-48f8-4a15-8bfd-4a7b1d458e12,2023-03-20,1,225,225,225
0674c8cd-48f8-4a15-8bfd-4a7b1d458e12,2023-10-23,1,167.87,167.87,167.87
0674c8cd-48f8-4a15-8bfd-4a7b1d458e12,2023-11-13,1,155,155,155
0674c8cd-48f8-4a15-8bfd-4a7b1d458e12,2023-11-20,1,150,150,150
0674c8cd-48f8-4a15-8bfd-4a7b1d458e12,2024-09-30,1,190,190,190
0674c8cd-48f8-4a15-8bfd-4a7b1d458e12,2025-12-15,1,833,833,833
0674c8cd-48f8-4a15-8bfd-4a7b1d458e12,2026-05-25,1,4550,4550,4550
0674c8cd-48f8-4a15-8bfd-4a7b1d458e12,2026-08-31,1,6100,6100,6100
06769da9-e306-4654-8d3c-602d38ae03eb,2021-02-22,1,42.25,42.25,42.25
06769da9-e306-4654-8d3c-602d38ae03eb,2022-01-10,1,20,20,20
06769da9-e306-4654-8d3c-602d38ae03eb,2022-01-31,1,17.52,17.52,17.52
06769da9-e306-4654-8d3c-602d38ae03eb,2022-03-28,1,21.52,21.52,21.52
06769da9-e306-4654-8d3c-602d38ae03eb,2022-04-11,1,34,34,34
06769da9-e306-4654-8d3c-602d38ae03eb,2022-05-09,2,22.68,15.35,30
06769da9-e306-4654-8d3c-602d38ae03eb,2022-07-18,1,11.69,11.69,11.69
06769da9-e306-4654-8d3c-602d38ae03eb,2022-09-19,1,14.5,14.5,14.5
06769da9-e306-4654-8d3c-602d38ae03eb,2022-10-17,1,15,15,15
06769da9-e306-4654-8d3c-602d38ae03eb,2022-11-21,1,16.5,16.5,16.5
06769da9-e306-4654-8d3c-602d38ae03eb,2022-11-28,1,14,14,14
06769da9-e306-4654-8d3c-602d38ae03eb,2023-01-09,1,25.2,25.2,25.2
06769da9-e306-4654-8d3c-602d38ae03eb,2023-01-16,1,13.5,13.5,13.5
06769da9-e306-4654-8d3c-602d38ae03eb,2023-02-27,1,19.14,19.14,19.14
06769da9-e306-4654-8d3c-602d38ae03eb,2023-04-17,1,15.6,15.6,15.6
06769da9-e306-4654-8d3c-602d38ae03eb,2023-07-17,1,15,15,15
06769da9-e306-4654-8d3c-602d38ae03eb,2023-09-04,1,11.49,11.49,11.49
06769da9-e306-4654-8d3c-602d38ae03eb,2023-09-25,1,18.65,18.65,18.65
06769da9-e306-4654-8d3c-602d38ae03eb,2024-01-22,1,13.19,13.19,13.19
06769da9-e306-4654-8d3c-602d38ae03eb,2024-02-12,1,10.5,10.5,10.5
06769da9-e306-4654-8d3c-602d38ae03eb,2024-04-29,1,16,16,16
06769da9-e306-4654-8d3c-602d38ae03eb,2024-06-10,1,10.05,10.05,10.05
06769da9-e306-4654-8d3c-602d38ae03eb,2024-10-28,1,30,30,30
06769da9-e306-4654-8d3c-602d38ae03eb,2025-03-10,1,29,29,29
067700d8-5173-4aa9-ac38-6ec9a59e41a4,2025-06-09,1,89.88,89.88,89.88
0679ff93-b8b6-47c5-a2ce-6b6fd39ba422,2022-06-13,1,42,42,42
0679ff93-b8b6-47c5-a2ce-6b6fd39ba422,2022-10-03,1,41,41,41
0679ff93-b8b6-47c5-a2ce-6b6fd39ba422,2022-11-28,1,110,110,110
0679ff93-b8b6-47c5-a2ce-6b6fd39ba422,2023-01-09,1,78,78,78
0679ff93-b8b6-47c5-a2ce-6b6fd39ba422,2023-02-27,1,64.8,64.8,64.8
0679ff93-b8b6-47c5-a2ce-6b6fd39ba422,2023-07-03,4,39,26,47
0679ff93-b8b6-47c5-a2ce-6b6fd39ba422,2023-09-18,1,22.8,22.8,22.8
0679ff93-b8b6-47c5-a2ce-6b6fd39ba422,2023-09-25,1,25.62,25.62,25.62
0679ff93-b8b6-47c5-a2ce-6b6fd39ba422,2024-01-15,1,88,88,88
0679ff93-b8b6-47c5-a2ce-6b6fd39ba422,2024-10-28,1,40,40,40
0679ff93-b8b6-47c5-a2ce-6b6fd39ba422,2025-02-17,1,55,55,55
0679ff93-b8b6-47c5-a2ce-6b6fd39ba422,2025-04-21,1,89.95,89.95,89.95
0679ff93-b8b6-47c5-a2ce-6b6fd39ba422,2025-07-28,2,36,36,36
0679ff93-b8b6-47c5-a2ce-6b6fd39ba422,2025-09-22,1,53,53,53
0679ff93-b8b6-47c5-a2ce-6b6fd39ba422,2026-03-09,1,65,65,65
0679ff93-b8b6-47c5-a2ce-6b6fd39ba422,2026-04-20,1,67.66,67.66,67.66
0679ff93-b8b6-47c5-a2ce-6b6fd39ba422,2026-07-20,1,59.99,59.99,59.99
067b052a-4862-4222-adf9-d9ba8931d253,2021-03-15,1,145,145,145
067b052a-4862-4222-adf9-d9ba8931d253,2021-10-04,1,89,89,89
067b052a-4862-4222-adf9-d9ba8931d253,2022-07-25,1,69,69,69
067b052a-4862-4222-adf9-d9ba8931d253,2022-09-05,1,78,78,78
067b052a-4862-4222-adf9-d9ba8931d253,2023-04-17,1,52,52,52
067b052a-4862-4222-adf9-d9ba8931d253,2024-02-26,1,18.5,18.5,18.5
067b052a-4862-4222-adf9-d9ba8931d253,2024-03-25,1,31.2,31.2,31.2
067b052a-4862-4222-adf9-d9ba8931d253,2025-01-06,1,35,35,35
067b052a-4862-4222-adf9-d9ba8931d253,2025-09-22,1,60,60,60
067b052a-4862-4222-adf9-d9ba8931d253,2026-03-23,1,199.95,199.95,199.95
067b052a-4862-4222-adf9-d9ba8931d253,2026-05-04,1,220,220,220
067b052a-4862-4222-adf9-d9ba8931d253,2026-08-17,1,120.4,120.4,120.4
067b052a-4862-4222-adf9-d9ba8931d253,2026-08-31,1,349.99,349.99,349.99
067b0eb7-d848-4f3e-94dd-508f952a7b4a,2022-12-26,2,194,168,219.99
067b0eb7-d848-4f3e-94dd-508f952a7b4a,2023-01-09,1,174.99,174.99,174.99
067b0eb7-d848-4f3e-94dd-508f952a7b4a,2023-01-16,2,143.75,120,167.5
067b0eb7-d848-4f3e-94dd-508f952a7b4a,2023-01-23,1,117.5,117.5,117.5
067b0eb7-d848-4f3e-94dd-508f952a7b4a,2023-01-30,1,142.5,142.5,142.5
067b0eb7-d848-4f3e-94dd-508f952a7b4a,2023-02-13,2,181.25,162.5,200
067b0eb7-d848-4f3e-94dd-508f952a7b4a,2023-02-27,1,199,199,199
067b0eb7-d848-4f3e-94dd-508f952a7b4a,2023-03-06,1,125.2,125.2,125.2
067b0eb7-d848-4f3e-94dd-508f952a7b4a,2023-03-20,1,88.08,88.08,88.08
067b0eb7-d848-4f3e-94dd-508f952a7b4a,2023-03-27,1,174.99,174.99,174.99
067b0eb7-d848-4f3e-94dd-508f952a7b4a,2023-04-10,1,142.55,142.55,142.55
067b0eb7-d848-4f3e-94dd-508f952a7b4a,2023-04-24,2,153.75,127.5,180
067b0eb7-d848-4f3e-94dd-508f952a7b4a,2023-05-01,1,112.5,112.5,112.5
067b0eb7-d848-4f3e-94dd-508f952a7b4a,2023-05-08,1,124.5,124.5,124.5
067b0eb7-d848-4f3e-94dd-508f952a7b4a,2023-05-15,1,174.99,174.99,174.99
067b0eb7-d848-4f3e-94dd-508f952a7b4a,2023-05-22,1,138,138,138
067b0eb7-d848-4f3e-94dd-508f952a7b4a,2023-05-29,1,149.99,149.99,149.99
067b0eb7-d848-4f3e-94dd-508f952a7b4a,2023-06-19,1,200,200,200
067b0eb7-d848-4f3e-94dd-508f952a7b4a,2023-06-26,1,139.5,139.5,139.5
067b0eb7-d848-4f3e-94dd-508f952a7b4a,2023-07-24,2,160.22,149.95,170.5
067b0eb7-d848-4f3e-94dd-508f952a7b4a,2023-08-14,3,133.59,130,149.95
067b0eb7-d848-4f3e-94dd-508f952a7b4a,2023-08-21,1,142.5,142.5,142.5
067b0eb7-d848-4f3e-94dd-508f952a7b4a,2023-08-28,1,109.5,109.5,109.5
067b0eb7-d848-4f3e-94dd-508f952a7b4a,2023-09-04,2,134.94,114.87,155
067b0eb7-d848-4f3e-94dd-508f952a7b4a,2023-09-25,2,169.5,150,189
067b0eb7-d848-4f3e-94dd-508f952a7b4a,2023-10-02,1,150,150,150
067b0eb7-d848-4f3e-94dd-508f952a7b4a,2023-10-16,1,157.36,157.36,157.36
067b0eb7-d848-4f3e-94dd-508f952a7b4a,2023-10-23,1,232.06,232.06,232.06
067b0eb7-d848-4f3e-94dd-508f952a7b4a,2023-10-30,1,150,150,150
067b0eb7-d848-4f3e-94dd-508f952a7b4a,2023-11-06,1,180,180,180
067b0eb7-d848-4f3e-94dd-508f952a7b4a,2023-11-13,1,150,150,150
067b0eb7-d848-4f3e-94dd-508f952a7b4a,2023-11-20,2,150.5,126,175
067b0eb7-d848-4f3e-94dd-508f952a7b4a,2023-12-04,2,126.25,100,152.5
067b0eb7-d848-4f3e-94dd-508f952a7b4a,2023-12-25,1,145,145,145
067b0eb7-d848-4f3e-94dd-508f952a7b4a,2024-01-01,1,113.5,113.5,113.5
067b0eb7-d848-4f3e-94dd-508f952a7b4a,2024-01-22,1,220.78,220.78,220.78
067b0eb7-d848-4f3e-94dd-508f952a7b4a,2024-02-26,1,104.01,104.01,104.01
067b0eb7-d848-4f3e-94dd-508f952a7b4a,2024-03-11,1,142.49,142.49,142.49
067b0eb7-d848-4f3e-94dd-508f952a7b4a,2024-04-08,1,120,120,120
067b0eb7-d848-4f3e-94dd-508f952a7b4a,2024-04-29,2,120,90,150
067b0eb7-d848-4f3e-94dd-508f952a7b4a,2024-05-06,1,135,135,135
067b0eb7-d848-4f3e-94dd-508f952a7b4a,2024-05-13,1,99.99,99.99,99.99
067b0eb7-d848-4f3e-94dd-508f952a7b4a,2024-06-10,1,146.18,146.18,146.18
067b0eb7-d848-4f3e-94dd-508f952a7b4a,2024-06-24,1,170,170,170
067b0eb7-d848-4f3e-94dd-508f952a7b4a,2024-07-22,1,150,150,150
067b0eb7-d848-4f3e-94dd-508f952a7b4a,2024-07-29,1,202.5,202.5,202.5
067b0eb7-d848-4f3e-94dd-508f952a7b4a,2024-08-05,1,107.5,107.5,107.5
067b0eb7-d848-4f3e-94dd-508f952a7b4a,2024-09-09,1,239,239,239
067b0eb7-d848-4f3e-94dd-508f952a7b4a,2024-09-23,1,172.5,172.5,172.5
067b0eb7-d848-4f3e-94dd-508f952a7b4a,2024-09-30,2,168.25,151.5,185
067b0eb7-d848-4f3e-94dd-508f952a7b4a,2024-10-21,1,150,150,150
067b0eb7-d848-4f3e-94dd-508f952a7b4a,2024-11-04,2,145,125,165
067b0eb7-d848-4f3e-94dd-508f952a7b4a,2024-11-18,3,180,125,185.99
067b0eb7-d848-4f3e-94dd-508f952a7b4a,2024-12-02,2,165,160,170
067b0eb7-d848-4f3e-94dd-508f952a7b4a,2024-12-09,1,180,180,180
067b0eb7-d848-4f3e-94dd-508f952a7b4a,2024-12-16,1,129.91,129.91,129.91
067b0eb7-d848-4f3e-94dd-508f952a7b4a,2024-12-23,2,180.25,167.5,193
067b0eb7-d848-4f3e-94dd-508f952a7b4a,2024-12-30,1,177.5,177.5,177.5
067b0eb7-d848-4f3e-94dd-508f952a7b4a,2025-01-06,1,183.5,183.5,183.5
067b0eb7-d848-4f3e-94dd-508f952a7b4a,2025-01-13,1,181.5,181.5,181.5
067b0eb7-d848-4f3e-94dd-508f952a7b4a,2025-02-03,1,199.99,199.99,199.99
067b0eb7-d848-4f3e-94dd-508f952a7b4a,2025-02-10,4,220.17,190,282.8
067b0eb7-d848-4f3e-94dd-508f952a7b4a,2025-02-17,1,207.5,207.5,207.5
067b0eb7-d848-4f3e-94dd-508f952a7b4a,2025-03-24,2,210.92,186.83,235
067b0eb7-d848-4f3e-94dd-508f952a7b4a,2025-03-31,2,233.83,228.92,238.74
067b0eb7-d848-4f3e-94dd-508f952a7b4a,2025-04-14,1,265,265,265
067b0eb7-d848-4f3e-94dd-508f952a7b4a,2025-04-21,1,239.99,239.99,239.99
067b0eb7-d848-4f3e-94dd-508f952a7b4a,2025-04-28,1,265,265,265
067b0eb7-d848-4f3e-94dd-508f952a7b4a,2025-06-16,1,340,340,340
067b0eb7-d848-4f3e-94dd-508f952a7b4a,2025-06-30,2,311,249.99,372
067b0eb7-d848-4f3e-94dd-508f952a7b4a,2025-07-07,1,289.99,289.99,289.99
067b0eb7-d848-4f3e-94dd-508f952a7b4a,2025-07-14,1,265,265,265
067b0eb7-d848-4f3e-94dd-508f952a7b4a,2025-07-28,1,297,297,297
067b0eb7-d848-4f3e-94dd-508f952a7b4a,2025-09-01,3,500,500,599
067b0eb7-d848-4f3e-94dd-508f952a7b4a,2025-09-08,1,500,500,500
067b0eb7-d848-4f3e-94dd-508f952a7b4a,2025-09-22,1,553.38,553.38,553.38
067b0eb7-d848-4f3e-94dd-508f952a7b4a,2025-09-29,1,649.99,649.99,649.99
067b0eb7-d848-4f3e-94dd-508f952a7b4a,2025-10-06,1,499.99,499.99,499.99
067b0eb7-d848-4f3e-94dd-508f952a7b4a,2025-10-20,1,468,468,468
067b0eb7-d848-4f3e-94dd-508f952a7b4a,2025-12-01,2,500,400,599.99
067b0eb7-d848-4f3e-94dd-508f952a7b4a,2025-12-08,2,535,520,550
067b0eb7-d848-4f3e-94dd-508f952a7b4a,2025-12-15,1,608.92,608.92,608.92
067b0eb7-d848-4f3e-94dd-508f952a7b4a,2025-12-22,2,510,500,520
067b0eb7-d848-4f3e-94dd-508f952a7b4a,2026-01-05,1,730,730,730
067b0eb7-d848-4f3e-94dd-508f952a7b4a,2026-01-26,1,1425,1425,1425
067b0eb7-d848-4f3e-94dd-508f952a7b4a,2026-02-02,2,987.5,850,1125
067b0eb7-d848-4f3e-94dd-508f952a7b4a,2026-02-09,5,1350,1000,1400
067b0eb7-d848-4f3e-94dd-508f952a7b4a,2026-02-16,3,1550,1519.99,1725
067b0eb7-d848-4f3e-94dd-508f952a7b4a,2026-02-23,1,1500,1500,1500
067b0eb7-d848-4f3e-94dd-508f952a7b4a,2026-03-02,3,1999.99,1200,2190
067b0eb7-d848-4f3e-94dd-508f952a7b4a,2026-03-09,1,2500,2500,2500
067b0eb7-d848-4f3e-94dd-508f952a7b4a,2026-03-16,1,1702.89,1702.89,1702.89
067b0eb7-d848-4f3e-94dd-508f952a7b4a,2026-03-23,2,2020,1400,2640
067b0eb7-d848-4f3e-94dd-508f952a7b4a,2026-03-30,1,2496,2496,2496
067b0eb7-d848-4f3e-94dd-508f952a7b4a,2026-04-06,4,2713.89,2550,3000
067b0eb7-d848-4f3e-94dd-508f952a7b4a,2026-04-13,2,2600,2520,2680
067b0eb7-d848-4f3e-94dd-508f952a7b4a,2026-04-20,3,2700,2400,3112.36
067b0eb7-d848-4f3e-94dd-508f952a7b4a,2026-04-27,2,2800,2700,2900
067b0eb7-d848-4f3e-94dd-508f952a7b4a,2026-05-11,4,2837.5,2200,3000
067b0eb7-d848-4f3e-94dd-508f952a7b4a,2026-05-18,2,3075,3000,3150
067b0eb7-d848-4f3e-94dd-508f952a7b4a,2026-05-25,2,3165,3000,3330
067b0eb7-d848-4f3e-94dd-508f952a7b4a,2026-06-01,2,3117.3,2734.59,3500
067b0eb7-d848-4f3e-94dd-508f952a7b4a,2026-06-15,1,3480,3480,3480
067b0eb7-d848-4f3e-94dd-508f952a7b4a,2026-06-22,2,3125,2750,3500
067b0eb7-d848-4f3e-94dd-508f952a7b4a,2026-06-29,1,3450,3450,3450
067b0eb7-d848-4f3e-94dd-508f952a7b4a,2026-07-06,3,2761,2650,4017.6
067b0eb7-d848-4f3e-94dd-508f952a7b4a,2026-07-13,1,3275,3275,3275
067b0eb7-d848-4f3e-94dd-508f952a7b4a,2026-07-20,3,3100,2900,3240
067b0eb7-d848-4f3e-94dd-508f952a7b4a,2026-07-27,4,3274.5,3000,3500
067b0eb7-d848-4f3e-94dd-508f952a7b4a,2026-08-03,2,3226.01,2612.02,3840
067b0eb7-d848-4f3e-94dd-508f952a7b4a,2026-08-17,3,3600,3449,3750
067b0eb7-d848-4f3e-94dd-508f952a7b4a,2026-08-24,1,2825,2825,2825
067b0eb7-d848-4f3e-94dd-508f952a7b4a,2026-09-07,1,3427.35,3427.35,3427.35
067c88e0-4ff4-49ad-813f-dfb29760bb15,2021-10-25,1,203.5,203.5,203.5
067c88e0-4ff4-49ad-813f-dfb29760bb15,2022-02-14,1,68,68,68
067c88e0-4ff4-49ad-813f-dfb29760bb15,2022-08-08,1,167.5,167.5,167.5
067c88e0-4ff4-49ad-813f-dfb29760bb15,2022-09-19,1,460,460,460
067c88e0-4ff4-49ad-813f-dfb29760bb15,2022-11-14,1,249.99,249.99,249.99
067c88e0-4ff4-49ad-813f-dfb29760bb15,2023-01-02,1,384,384,384
067c88e0-4ff4-49ad-813f-dfb29760bb15,2023-05-22,1,506.24,506.24,506.24
067c88e0-4ff4-49ad-813f-dfb29760bb15,2023-07-24,1,419.99,419.99,419.99
067c88e0-4ff4-49ad-813f-dfb29760bb15,2023-08-14,1,267,267,267
067c88e0-4ff4-49ad-813f-dfb29760bb15,2023-09-04,1,365.19,365.19,365.19
067c88e0-4ff4-49ad-813f-dfb29760bb15,2023-09-18,1,316,316,316
067c88e0-4ff4-49ad-813f-dfb29760bb15,2023-11-27,1,339,339,339
067c88e0-4ff4-49ad-813f-dfb29760bb15,2023-12-25,1,380,380,380
067c88e0-4ff4-49ad-813f-dfb29760bb15,2024-03-18,1,203.03,203.03,203.03
067c88e0-4ff4-49ad-813f-dfb29760bb15,2024-04-01,1,180.28,180.28,180.28
067c88e0-4ff4-49ad-813f-dfb29760bb15,2024-04-22,1,210,210,210
067c88e0-4ff4-49ad-813f-dfb29760bb15,2024-11-18,1,175.36,175.36,175.36
067c88e0-4ff4-49ad-813f-dfb29760bb15,2024-12-23,2,219.75,199.5,240
067c88e0-4ff4-49ad-813f-dfb29760bb15,2024-12-30,2,316.25,132.5,499.99
067c88e0-4ff4-49ad-813f-dfb29760bb15,2025-04-14,1,270,270,270
067c88e0-4ff4-49ad-813f-dfb29760bb15,2025-05-19,2,255.12,248,262.24
067c88e0-4ff4-49ad-813f-dfb29760bb15,2025-06-02,1,499,499,499
067c88e0-4ff4-49ad-813f-dfb29760bb15,2025-08-18,1,594.99,594.99,594.99
067c88e0-4ff4-49ad-813f-dfb29760bb15,2025-09-08,1,465,465,465
067c88e0-4ff4-49ad-813f-dfb29760bb15,2025-10-13,1,219.6,219.6,219.6
067c88e0-4ff4-49ad-813f-dfb29760bb15,2025-12-01,1,317,317,317
067c88e0-4ff4-49ad-813f-dfb29760bb15,2025-12-29,1,370,370,370
067c88e0-4ff4-49ad-813f-dfb29760bb15,2026-01-19,1,549,549,549
067c88e0-4ff4-49ad-813f-dfb29760bb15,2026-02-09,1,539,539,539
067c88e0-4ff4-49ad-813f-dfb29760bb15,2026-02-23,1,600,600,600
067c88e0-4ff4-49ad-813f-dfb29760bb15,2026-03-23,1,951,951,951
067c88e0-4ff4-49ad-813f-dfb29760bb15,2026-03-30,1,1020,1020,1020
067c88e0-4ff4-49ad-813f-dfb29760bb15,2026-04-20,1,1250,1250,1250
067c88e0-4ff4-49ad-813f-dfb29760bb15,2026-04-27,1,1269,1269,1269
067c88e0-4ff4-49ad-813f-dfb29760bb15,2026-05-18,1,1699.99,1699.99,1699.99
067c88e0-4ff4-49ad-813f-dfb29760bb15,2026-08-17,1,1999,1999,1999
0681e9c3-183f-493d-bd08-b4711b816ccb,2025-10-13,2,91.53,87.05,96
0681e9c3-183f-493d-bd08-b4711b816ccb,2025-10-20,4,110.5,104.5,124.99
0681e9c3-183f-493d-bd08-b4711b816ccb,2025-10-27,1,99,99,99
0681e9c3-183f-493d-bd08-b4711b816ccb,2025-11-03,2,106.75,105.5,108
0681e9c3-183f-493d-bd08-b4711b816ccb,2025-12-01,2,97.75,92.88,102.61
0681e9c3-183f-493d-bd08-b4711b816ccb,2025-12-15,4,91.5,81,108
0681e9c3-183f-493d-bd08-b4711b816ccb,2025-12-22,3,100,90,109.95
0681e9c3-183f-493d-bd08-b4711b816ccb,2025-12-29,2,79.5,78,81
0681e9c3-183f-493d-bd08-b4711b816ccb,2026-01-05,4,83.5,60,90
0681e9c3-183f-493d-bd08-b4711b816ccb,2026-01-12,3,87.99,60,111.67
0681e9c3-183f-493d-bd08-b4711b816ccb,2026-01-19,3,77,76,80
0681e9c3-183f-493d-bd08-b4711b816ccb,2026-01-26,5,85.95,72,100
0681e9c3-183f-493d-bd08-b4711b816ccb,2026-02-02,3,85,81,95.8
0681e9c3-183f-493d-bd08-b4711b816ccb,2026-02-09,5,85,79,100
0681e9c3-183f-493d-bd08-b4711b816ccb,2026-02-16,9,91,61.2,117.5
0681e9c3-183f-493d-bd08-b4711b816ccb,2026-02-23,5,87.68,80,94.5
0681e9c3-183f-493d-bd08-b4711b816ccb,2026-03-02,4,96.5,92.99,114.49
0681e9c3-183f-493d-bd08-b4711b816ccb,2026-03-09,8,99.99,90,119.99
0681e9c3-183f-493d-bd08-b4711b816ccb,2026-03-16,5,119,98,125
0681e9c3-183f-493d-bd08-b4711b816ccb,2026-03-23,8,107.5,90,139.87
0681e9c3-183f-493d-bd08-b4711b816ccb,2026-03-30,5,112.95,90,128.06
0681e9c3-183f-493d-bd08-b4711b816ccb,2026-04-06,4,94.47,77,125.5
0681e9c3-183f-493d-bd08-b4711b816ccb,2026-04-13,6,100.47,77,119.5
0681e9c3-183f-493d-bd08-b4711b816ccb,2026-04-20,8,114.99,105,149
0681e9c3-183f-493d-bd08-b4711b816ccb,2026-04-27,3,105,102.5,120.5
0681e9c3-183f-493d-bd08-b4711b816ccb,2026-05-04,6,128.25,100,135
0681e9c3-183f-493d-bd08-b4711b816ccb,2026-05-11,5,137.5,130,159.99
0681e9c3-183f-493d-bd08-b4711b816ccb,2026-05-18,3,145.5,132.99,170
0681e9c3-183f-493d-bd08-b4711b816ccb,2026-05-25,4,135.05,120,159.99
0681e9c3-183f-493d-bd08-b4711b816ccb,2026-06-01,4,111.77,78,140.5
0681e9c3-183f-493d-bd08-b4711b816ccb,2026-06-08,5,152,149,156.5
0681e9c3-183f-493d-bd08-b4711b816ccb,2026-06-15,6,159.25,114.44,231.71
0681e9c3-183f-493d-bd08-b4711b816ccb,2026-06-22,3,159.27,100.39,169.99
0681e9c3-183f-493d-bd08-b4711b816ccb,2026-06-29,7,150,96.46,197
0681e9c3-183f-493d-bd08-b4711b816ccb,2026-07-06,8,148.17,112.49,165
0681e9c3-183f-493d-bd08-b4711b816ccb,2026-07-13,3,124.72,122.72,139.99
0681e9c3-183f-493d-bd08-b4711b816ccb,2026-07-20,4,126.11,88.8,139.99
0681e9c3-183f-493d-bd08-b4711b816ccb,2026-07-27,3,115,97,116
0681e9c3-183f-493d-bd08-b4711b816ccb,2026-08-03,1,127.5,127.5,127.5
0681e9c3-183f-493d-bd08-b4711b816ccb,2026-08-10,2,119.03,112.06,126
0681e9c3-183f-493d-bd08-b4711b816ccb,2026-08-17,3,120,84,120.5
0681e9c3-183f-493d-bd08-b4711b816ccb,2026-08-24,5,124.99,103.2,169
0681e9c3-183f-493d-bd08-b4711b816ccb,2026-08-31,2,166.04,142.08,189.99
0681e9c3-183f-493d-bd08-b4711b816ccb,2026-09-07,2,120.46,118.8,122.12
068210af-7f38-4ceb-9228-c7c1250fe310,2022-05-02,1,36.24,36.24,36.24
068210af-7f38-4ceb-9228-c7c1250fe310,2023-03-27,1,59,59,59
068210af-7f38-4ceb-9228-c7c1250fe310,2024-12-09,1,31,31,31
068210af-7f38-4ceb-9228-c7c1250fe310,2025-02-03,1,86.93,86.93,86.93
068210af-7f38-4ceb-9228-c7c1250fe310,2025-07-21,1,125,125,125
068210af-7f38-4ceb-9228-c7c1250fe310,2025-09-29,1,125,125,125
068210af-7f38-4ceb-9228-c7c1250fe310,2026-04-20,1,250,250,250
068210af-7f38-4ceb-9228-c7c1250fe310,2026-06-29,2,117.5,102.5,132.5
06824523-9b8e-4246-83be-5e68d8ce89f1,2025-10-20,1,204,204,204
06824523-9b8e-4246-83be-5e68d8ce89f1,2025-10-27,1,275,275,275
06824523-9b8e-4246-83be-5e68d8ce89f1,2025-11-03,2,241.25,212.5,270
06824523-9b8e-4246-83be-5e68d8ce89f1,2025-11-10,1,270,270,270
06824523-9b8e-4246-83be-5e68d8ce89f1,2025-11-17,2,239.97,200,279.95
06824523-9b8e-4246-83be-5e68d8ce89f1,2025-11-24,1,250,250,250
06824523-9b8e-4246-83be-5e68d8ce89f1,2025-12-01,1,234,234,234
06824523-9b8e-4246-83be-5e68d8ce89f1,2025-12-08,4,242.99,220,280
06824523-9b8e-4246-83be-5e68d8ce89f1,2025-12-15,2,234.47,194,274.95
06824523-9b8e-4246-83be-5e68d8ce89f1,2025-12-22,3,275,223.5,300
06824523-9b8e-4246-83be-5e68d8ce89f1,2026-01-05,1,215.02,215.02,215.02
06824523-9b8e-4246-83be-5e68d8ce89f1,2026-01-12,2,241.25,232.5,250
06824523-9b8e-4246-83be-5e68d8ce89f1,2026-01-19,2,255,220,290
06824523-9b8e-4246-83be-5e68d8ce89f1,2026-01-26,1,250,250,250
06824523-9b8e-4246-83be-5e68d8ce89f1,2026-02-02,4,275.5,242.5,300
06824523-9b8e-4246-83be-5e68d8ce89f1,2026-02-09,3,300,299.95,315
06824523-9b8e-4246-83be-5e68d8ce89f1,2026-02-16,6,253.3,219.71,400
06824523-9b8e-4246-83be-5e68d8ce89f1,2026-02-23,1,283.12,283.12,283.12
06824523-9b8e-4246-83be-5e68d8ce89f1,2026-03-02,6,289.99,268.14,290
06824523-9b8e-4246-83be-5e68d8ce89f1,2026-03-09,7,308.61,295.83,344.95
06824523-9b8e-4246-83be-5e68d8ce89f1,2026-03-16,4,374.73,290,487
06824523-9b8e-4246-83be-5e68d8ce89f1,2026-03-23,8,410,384,627.83
06824523-9b8e-4246-83be-5e68d8ce89f1,2026-03-30,2,470.16,388.72,551.6
06824523-9b8e-4246-83be-5e68d8ce89f1,2026-04-06,5,499.7,468.92,627.83
06824523-9b8e-4246-83be-5e68d8ce89f1,2026-04-13,7,808.5,540,1000
06824523-9b8e-4246-83be-5e68d8ce89f1,2026-04-20,6,840,810,999
06824523-9b8e-4246-83be-5e68d8ce89f1,2026-04-27,2,974.5,899,1050
06824523-9b8e-4246-83be-5e68d8ce89f1,2026-05-04,1,1200,1200,1200
06824523-9b8e-4246-83be-5e68d8ce89f1,2026-05-11,11,1400,1100,1647.63
06824523-9b8e-4246-83be-5e68d8ce89f1,2026-05-18,2,983,750,1216
06824523-9b8e-4246-83be-5e68d8ce89f1,2026-05-25,2,1295.89,1291.78,1300
06824523-9b8e-4246-83be-5e68d8ce89f1,2026-06-01,10,1080,1020,1300
06824523-9b8e-4246-83be-5e68d8ce89f1,2026-06-08,5,1020,925,1388.16
06824523-9b8e-4246-83be-5e68d8ce89f1,2026-06-15,1,1100,1100,1100
06824523-9b8e-4246-83be-5e68d8ce89f1,2026-06-22,5,1125,1063.73,1230
06824523-9b8e-4246-83be-5e68d8ce89f1,2026-06-29,5,989,625,1125
06824523-9b8e-4246-83be-5e68d8ce89f1,2026-07-06,14,720,528,1050
06824523-9b8e-4246-83be-5e68d8ce89f1,2026-07-13,7,990,720,1075
06824523-9b8e-4246-83be-5e68d8ce89f1,2026-07-20,6,805,630,1000
06824523-9b8e-4246-83be-5e68d8ce89f1,2026-07-27,3,920,750,950
06824523-9b8e-4246-83be-5e68d8ce89f1,2026-08-03,8,710,600,910
06824523-9b8e-4246-83be-5e68d8ce89f1,2026-08-10,11,516,492,700
06824523-9b8e-4246-83be-5e68d8ce89f1,2026-08-17,8,626.75,427.34,689.99
06824523-9b8e-4246-83be-5e68d8ce89f1,2026-08-24,5,690,600,720
06824523-9b8e-4246-83be-5e68d8ce89f1,2026-08-31,2,469.5,435,504
06824523-9b8e-4246-83be-5e68d8ce89f1,2026-09-07,1,512,512,512
068551be-3efb-4131-ad53-a2c09931fffe,2021-11-01,1,405,405,405
068551be-3efb-4131-ad53-a2c09931fffe,2023-06-05,1,309.49,309.49,309.49
068551be-3efb-4131-ad53-a2c09931fffe,2024-10-14,1,162,162,162
068551be-3efb-4131-ad53-a2c09931fffe,2024-11-18,1,203.5,203.5,203.5
068551be-3efb-4131-ad53-a2c09931fffe,2025-02-03,1,199.99,199.99,199.99
068551be-3efb-4131-ad53-a2c09931fffe,2025-03-03,1,300,300,300
068551be-3efb-4131-ad53-a2c09931fffe,2026-03-16,1,450,450,450
068551be-3efb-4131-ad53-a2c09931fffe,2026-03-23,1,450,450,450
06864f2f-efa9-43f5-a10e-ae77b2c1c3b6,2025-03-24,1,155,155,155
06864f2f-efa9-43f5-a10e-ae77b2c1c3b6,2025-03-31,1,147,147,147
06864f2f-efa9-43f5-a10e-ae77b2c1c3b6,2025-04-28,1,122.5,122.5,122.5
06864f2f-efa9-43f5-a10e-ae77b2c1c3b6,2025-05-12,2,83,56,110
06864f2f-efa9-43f5-a10e-ae77b2c1c3b6,2025-05-26,1,110,110,110
06864f2f-efa9-43f5-a10e-ae77b2c1c3b6,2025-06-02,1,37,37,37
06864f2f-efa9-43f5-a10e-ae77b2c1c3b6,2025-06-09,1,76,76,76
06864f2f-efa9-43f5-a10e-ae77b2c1c3b6,2025-06-16,7,94.99,80,99.99
06864f2f-efa9-43f5-a10e-ae77b2c1c3b6,2025-06-23,3,86,85,86
06864f2f-efa9-43f5-a10e-ae77b2c1c3b6,2025-06-30,3,64,58,82.79
06864f2f-efa9-43f5-a10e-ae77b2c1c3b6,2025-07-07,6,79.99,61,96
06864f2f-efa9-43f5-a10e-ae77b2c1c3b6,2025-07-14,3,89,49.53,95
06864f2f-efa9-43f5-a10e-ae77b2c1c3b6,2025-07-21,5,71.01,61.02,80
06864f2f-efa9-43f5-a10e-ae77b2c1c3b6,2025-08-04,2,96,66,126
06864f2f-efa9-43f5-a10e-ae77b2c1c3b6,2025-08-11,4,68.52,40,96
06864f2f-efa9-43f5-a10e-ae77b2c1c3b6,2025-08-18,6,58.5,37.78,99.99
06864f2f-efa9-43f5-a10e-ae77b2c1c3b6,2025-08-25,4,73.5,68,104.99
06864f2f-efa9-43f5-a10e-ae77b2c1c3b6,2025-09-01,4,88.82,76,92.43
06864f2f-efa9-43f5-a10e-ae77b2c1c3b6,2025-09-08,6,92.5,76,98.99
06864f2f-efa9-43f5-a10e-ae77b2c1c3b6,2025-09-15,16,110.91,84,179
06864f2f-efa9-43f5-a10e-ae77b2c1c3b6,2025-09-22,1,189,189,189
06864f2f-efa9-43f5-a10e-ae77b2c1c3b6,2025-09-29,2,111.25,102.5,120
06864f2f-efa9-43f5-a10e-ae77b2c1c3b6,2025-10-06,3,150,73.47,200
06864f2f-efa9-43f5-a10e-ae77b2c1c3b6,2025-10-13,4,106.5,102.5,110
06864f2f-efa9-43f5-a10e-ae77b2c1c3b6,2025-11-03,2,129,125.5,132.5
06864f2f-efa9-43f5-a10e-ae77b2c1c3b6,2025-11-24,1,74.4,74.4,74.4
06864f2f-efa9-43f5-a10e-ae77b2c1c3b6,2025-12-15,1,75,75,75
06864f2f-efa9-43f5-a10e-ae77b2c1c3b6,2025-12-22,1,61,61,61
06864f2f-efa9-43f5-a10e-ae77b2c1c3b6,2026-01-05,2,72.5,71,74
06864f2f-efa9-43f5-a10e-ae77b2c1c3b6,2026-01-12,4,71,64,99.99
06864f2f-efa9-43f5-a10e-ae77b2c1c3b6,2026-01-19,1,80,80,80
06864f2f-efa9-43f5-a10e-ae77b2c1c3b6,2026-01-26,2,73.25,51.55,94.95
06864f2f-efa9-43f5-a10e-ae77b2c1c3b6,2026-02-02,1,99.99,99.99,99.99
06864f2f-efa9-43f5-a10e-ae77b2c1c3b6,2026-02-09,1,65,65,65
06864f2f-efa9-43f5-a10e-ae77b2c1c3b6,2026-02-16,11,36,35,87
06864f2f-efa9-43f5-a10e-ae77b2c1c3b6,2026-02-23,3,89.99,52,89.99
06864f2f-efa9-43f5-a10e-ae77b2c1c3b6,2026-03-09,4,86,57.6,89.99
06864f2f-efa9-43f5-a10e-ae77b2c1c3b6,2026-03-16,3,85,67.22,89.99
06864f2f-efa9-43f5-a10e-ae77b2c1c3b6,2026-03-23,1,95,95,95
06864f2f-efa9-43f5-a10e-ae77b2c1c3b6,2026-03-30,1,95,95,95
06864f2f-efa9-43f5-a10e-ae77b2c1c3b6,2026-04-06,2,90.5,81,100
06864f2f-efa9-43f5-a10e-ae77b2c1c3b6,2026-04-20,1,84.99,84.99,84.99
06864f2f-efa9-43f5-a10e-ae77b2c1c3b6,2026-04-27,1,93.5,93.5,93.5
06864f2f-efa9-43f5-a10e-ae77b2c1c3b6,2026-05-04,1,105,105,105
06864f2f-efa9-43f5-a10e-ae77b2c1c3b6,2026-05-11,4,95,90,104.45
06864f2f-efa9-43f5-a10e-ae77b2c1c3b6,2026-05-18,1,67.66,67.66,67.66
06864f2f-efa9-43f5-a10e-ae77b2c1c3b6,2026-05-25,4,124.29,93.99,150
06864f2f-efa9-43f5-a10e-ae77b2c1c3b6,2026-06-08,4,124.5,112,140
06864f2f-efa9-43f5-a10e-ae77b2c1c3b6,2026-06-22,1,125,125,125
06864f2f-efa9-43f5-a10e-ae77b2c1c3b6,2026-06-29,1,85,85,85
06864f2f-efa9-43f5-a10e-ae77b2c1c3b6,2026-07-06,1,117,117,117
06864f2f-efa9-43f5-a10e-ae77b2c1c3b6,2026-07-13,1,128.56,128.56,128.56
06864f2f-efa9-43f5-a10e-ae77b2c1c3b6,2026-07-27,1,80,80,80
06864f2f-efa9-43f5-a10e-ae77b2c1c3b6,2026-08-17,1,101,101,101
06864f2f-efa9-43f5-a10e-ae77b2c1c3b6,2026-08-31,2,110,100,120
06864f2f-efa9-43f5-a10e-ae77b2c1c3b6,2026-09-07,1,125,125,125
068830c1-18dd-4581-97ec-82701edc480e,2021-09-06,1,73,73,73
068830c1-18dd-4581-97ec-82701edc480e,2022-11-21,1,34.51,34.51,34.51
068830c1-18dd-4581-97ec-82701edc480e,2023-04-24,1,25,25,25
068830c1-18dd-4581-97ec-82701edc480e,2024-07-15,1,30,30,30
068c1bd6-248d-4304-9432-a4ad570c7d46,2024-08-05,3,113.5,100,359.99
068c1bd6-248d-4304-9432-a4ad570c7d46,2024-09-02,3,132,132,138
068c1bd6-248d-4304-9432-a4ad570c7d46,2024-09-09,2,215,210,220
068c1bd6-248d-4304-9432-a4ad570c7d46,2024-09-16,1,500,500,500
068c1bd6-248d-4304-9432-a4ad570c7d46,2024-10-14,1,179,179,179
068c1bd6-248d-4304-9432-a4ad570c7d46,2024-10-28,1,260,260,260
068c1bd6-248d-4304-9432-a4ad570c7d46,2024-11-04,1,231.02,231.02,231.02
068c1bd6-248d-4304-9432-a4ad570c7d46,2024-11-25,1,260,260,260
068c1bd6-248d-4304-9432-a4ad570c7d46,2024-12-02,4,284.48,265,499
068c1bd6-248d-4304-9432-a4ad570c7d46,2024-12-09,1,138,138,138
068c1bd6-248d-4304-9432-a4ad570c7d46,2024-12-16,1,275,275,275
068c1bd6-248d-4304-9432-a4ad570c7d46,2024-12-30,3,272.49,250,299.99
068c1bd6-248d-4304-9432-a4ad570c7d46,2025-01-06,1,280,280,280
068c1bd6-248d-4304-9432-a4ad570c7d46,2025-01-13,3,269,215,305
068c1bd6-248d-4304-9432-a4ad570c7d46,2025-01-20,4,267.49,240,275
068c1bd6-248d-4304-9432-a4ad570c7d46,2025-01-27,2,267.49,264.99,269.99
068c1bd6-248d-4304-9432-a4ad570c7d46,2025-02-03,3,285,280,299.99
068c1bd6-248d-4304-9432-a4ad570c7d46,2025-02-10,1,275,275,275
068c1bd6-248d-4304-9432-a4ad570c7d46,2025-02-17,3,241.5,219.02,278
068c1bd6-248d-4304-9432-a4ad570c7d46,2025-03-03,1,399.99,399.99,399.99
068c1bd6-248d-4304-9432-a4ad570c7d46,2025-03-10,3,299.99,290,311.63
068c1bd6-248d-4304-9432-a4ad570c7d46,2025-03-17,3,246.44,232.5,320
068c1bd6-248d-4304-9432-a4ad570c7d46,2025-03-31,2,315.77,299.99,331.56
068c1bd6-248d-4304-9432-a4ad570c7d46,2025-04-14,2,280,275,285
068c1bd6-248d-4304-9432-a4ad570c7d46,2025-04-21,1,280,280,280
068c1bd6-248d-4304-9432-a4ad570c7d46,2025-04-28,1,305,305,305
068c1bd6-248d-4304-9432-a4ad570c7d46,2025-05-05,2,425,350,499.99
068c1bd6-248d-4304-9432-a4ad570c7d46,2025-05-19,1,377.99,377.99,377.99
068c1bd6-248d-4304-9432-a4ad570c7d46,2025-06-02,2,429.99,419.99,439.99
068c1bd6-248d-4304-9432-a4ad570c7d46,2025-06-09,1,449.99,449.99,449.99
068c1bd6-248d-4304-9432-a4ad570c7d46,2025-07-07,3,470,470,490
068c1bd6-248d-4304-9432-a4ad570c7d46,2025-07-14,3,490,460,500
068c1bd6-248d-4304-9432-a4ad570c7d46,2025-07-21,1,516,516,516
068c1bd6-248d-4304-9432-a4ad570c7d46,2025-09-01,1,595.95,595.95,595.95
068c1bd6-248d-4304-9432-a4ad570c7d46,2025-09-08,1,649.99,649.99,649.99
068c1bd6-248d-4304-9432-a4ad570c7d46,2025-09-15,1,330,330,330
068c1bd6-248d-4304-9432-a4ad570c7d46,2025-09-22,1,869.98,869.98,869.98
068c1bd6-248d-4304-9432-a4ad570c7d46,2025-09-29,3,565,361,600
068c1bd6-248d-4304-9432-a4ad570c7d46,2025-10-06,3,577,550,750
068c1bd6-248d-4304-9432-a4ad570c7d46,2025-10-13,2,670,560,780
068c1bd6-248d-4304-9432-a4ad570c7d46,2025-10-20,1,580,580,580
068c1bd6-248d-4304-9432-a4ad570c7d46,2025-10-27,1,1199.99,1199.99,1199.99
068c1bd6-248d-4304-9432-a4ad570c7d46,2025-11-10,1,750,750,750
068c1bd6-248d-4304-9432-a4ad570c7d46,2025-11-17,1,711,711,711
068c1bd6-248d-4304-9432-a4ad570c7d46,2025-11-24,2,1000,899.99,1100
068c1bd6-248d-4304-9432-a4ad570c7d46,2025-12-08,2,872.5,850,895
068c1bd6-248d-4304-9432-a4ad570c7d46,2025-12-15,1,845,845,845
068c1bd6-248d-4304-9432-a4ad570c7d46,2025-12-22,1,3000,3000,3000
068c1bd6-248d-4304-9432-a4ad570c7d46,2025-12-29,2,985,920,1049.99
068c1bd6-248d-4304-9432-a4ad570c7d46,2026-01-05,1,1200,1200,1200
068c1bd6-248d-4304-9432-a4ad570c7d46,2026-01-19,3,1300,1200,1376
068c1bd6-248d-4304-9432-a4ad570c7d46,2026-01-26,1,1350,1350,1350
068c1bd6-248d-4304-9432-a4ad570c7d46,2026-02-02,2,1657,1500,1814
068c1bd6-248d-4304-9432-a4ad570c7d46,2026-02-09,1,1965.6,1965.6,1965.6
068c1bd6-248d-4304-9432-a4ad570c7d46,2026-02-16,3,2550,2222,3500
068c1bd6-248d-4304-9432-a4ad570c7d46,2026-02-23,5,4500,3500,5000
068c1bd6-248d-4304-9432-a4ad570c7d46,2026-03-02,3,5000,4300,5000
068c1bd6-248d-4304-9432-a4ad570c7d46,2026-03-09,11,4450,3909,5000
068c1bd6-248d-4304-9432-a4ad570c7d46,2026-03-16,4,4450,4300,4527.67
068c1bd6-248d-4304-9432-a4ad570c7d46,2026-03-23,2,5100,4400,5800
068c1bd6-248d-4304-9432-a4ad570c7d46,2026-03-30,6,5109.49,4200,6600
068c1bd6-248d-4304-9432-a4ad570c7d46,2026-04-06,5,4680,4400,5188
068c1bd6-248d-4304-9432-a4ad570c7d46,2026-04-13,4,5025,4440,5999
068c1bd6-248d-4304-9432-a4ad570c7d46,2026-04-20,6,4625.5,4342.75,4950
068c1bd6-248d-4304-9432-a4ad570c7d46,2026-04-27,4,5347.49,5000,6000
068c1bd6-248d-4304-9432-a4ad570c7d46,2026-05-04,2,4625.51,4450,4801.01
068c1bd6-248d-4304-9432-a4ad570c7d46,2026-05-11,1,3938,3938,3938
068c1bd6-248d-4304-9432-a4ad570c7d46,2026-05-25,2,4730,4560,4900
068c1bd6-248d-4304-9432-a4ad570c7d46,2026-06-01,1,4759,4759,4759
068c1bd6-248d-4304-9432-a4ad570c7d46,2026-06-08,4,4641.62,4038,4888
068c1bd6-248d-4304-9432-a4ad570c7d46,2026-06-15,3,4800,4750,5002
068c1bd6-248d-4304-9432-a4ad570c7d46,2026-06-22,1,3972,3972,3972
068c1bd6-248d-4304-9432-a4ad570c7d46,2026-06-29,2,3795.25,3661,3929.5
068c1bd6-248d-4304-9432-a4ad570c7d46,2026-07-06,3,3550,3150,3652
068c1bd6-248d-4304-9432-a4ad570c7d46,2026-07-13,2,3145,3050,3240
068c1bd6-248d-4304-9432-a4ad570c7d46,2026-07-27,3,3400,3150,3919.52
068c1bd6-248d-4304-9432-a4ad570c7d46,2026-08-03,1,3800,3800,3800
068c1bd6-248d-4304-9432-a4ad570c7d46,2026-08-10,3,3500,3260,3650
068c1bd6-248d-4304-9432-a4ad570c7d46,2026-08-17,1,4069,4069,4069
068c1bd6-248d-4304-9432-a4ad570c7d46,2026-08-24,2,3078.5,3000,3157
068c1bd6-248d-4304-9432-a4ad570c7d46,2026-08-31,1,3360,3360,3360
068d4726-594b-4b61-a305-638cfda914cf,2021-06-28,1,934,934,934
068d4726-594b-4b61-a305-638cfda914cf,2022-02-14,1,795,795,795
068d4726-594b-4b61-a305-638cfda914cf,2022-03-14,1,600,600,600
068d4726-594b-4b61-a305-638cfda914cf,2022-06-13,1,545.96,545.96,545.96
068d4726-594b-4b61-a305-638cfda914cf,2022-07-11,1,1170,1170,1170
068d4726-594b-4b61-a305-638cfda914cf,2022-08-15,1,949,949,949
068d4726-594b-4b61-a305-638cfda914cf,2022-10-24,1,1000,1000,1000
068d4726-594b-4b61-a305-638cfda914cf,2022-11-14,1,1034.99,1034.99,1034.99
068d4726-594b-4b61-a305-638cfda914cf,2022-11-21,1,1145.95,1145.95,1145.95
068d4726-594b-4b61-a305-638cfda914cf,2022-11-28,2,1024.99,999.99,1050
068d4726-594b-4b61-a305-638cfda914cf,2022-12-05,2,1072.97,1000,1145.95
068d4726-594b-4b61-a305-638cfda914cf,2022-12-12,1,870,870,870
068d4726-594b-4b61-a305-638cfda914cf,2023-01-16,1,1110,1110,1110
068d4726-594b-4b61-a305-638cfda914cf,2023-03-13,2,1300,1300,1300
068d4726-594b-4b61-a305-638cfda914cf,2023-04-17,1,1050,1050,1050
068d4726-594b-4b61-a305-638cfda914cf,2023-05-01,1,1525,1525,1525
068d4726-594b-4b61-a305-638cfda914cf,2023-05-08,1,1290,1290,1290
068d4726-594b-4b61-a305-638cfda914cf,2023-05-15,1,1410,1410,1410
068d4726-594b-4b61-a305-638cfda914cf,2023-05-29,3,1620,1488.04,1999.99
068d4726-594b-4b61-a305-638cfda914cf,2023-07-24,1,1949.99,1949.99,1949.99
068d4726-594b-4b61-a305-638cfda914cf,2023-08-07,1,1375,1375,1375
068d4726-594b-4b61-a305-638cfda914cf,2023-08-28,1,1400,1400,1400
068d4726-594b-4b61-a305-638cfda914cf,2023-09-18,1,2000,2000,2000
068d4726-594b-4b61-a305-638cfda914cf,2023-10-16,1,1210,1210,1210
068d4726-594b-4b61-a305-638cfda914cf,2023-10-30,2,1500.45,1300.9,1700
068d4726-594b-4b61-a305-638cfda914cf,2023-11-13,1,1230,1230,1230
068d4726-594b-4b61-a305-638cfda914cf,2023-12-18,1,1400,1400,1400
068d4726-594b-4b61-a305-638cfda914cf,2024-01-15,1,1290,1290,1290
068d4726-594b-4b61-a305-638cfda914cf,2024-01-29,1,800,800,800
068d4726-594b-4b61-a305-638cfda914cf,2024-02-12,1,1548.39,1548.39,1548.39
068d4726-594b-4b61-a305-638cfda914cf,2024-03-04,1,1148.63,1148.63,1148.63
068d4726-594b-4b61-a305-638cfda914cf,2024-03-11,1,990,990,990
068d4726-594b-4b61-a305-638cfda914cf,2024-03-25,2,1010,1000,1020
068d4726-594b-4b61-a305-638cfda914cf,2024-04-01,1,958.09,958.09,958.09
068d4726-594b-4b61-a305-638cfda914cf,2024-04-08,2,1201.83,1078.65,1325
068d4726-594b-4b61-a305-638cfda914cf,2024-04-15,2,1051.49,1018.99,1084
068d4726-594b-4b61-a305-638cfda914cf,2024-05-06,1,950,950,950
068d4726-594b-4b61-a305-638cfda914cf,2024-05-20,1,900,900,900
068d4726-594b-4b61-a305-638cfda914cf,2024-05-27,1,840,840,840
068d4726-594b-4b61-a305-638cfda914cf,2024-06-03,1,810,810,810
068d4726-594b-4b61-a305-638cfda914cf,2024-06-10,2,880,780,980
068d4726-594b-4b61-a305-638cfda914cf,2024-06-17,1,898.88,898.88,898.88
068d4726-594b-4b61-a305-638cfda914cf,2024-07-01,2,935.59,800,1071.18
068d4726-594b-4b61-a305-638cfda914cf,2024-07-08,3,820,811,853
068d4726-594b-4b61-a305-638cfda914cf,2024-07-22,3,861.99,830,900
068d4726-594b-4b61-a305-638cfda914cf,2024-09-30,1,1000,1000,1000
068d4726-594b-4b61-a305-638cfda914cf,2024-10-28,1,985,985,985
068d4726-594b-4b61-a305-638cfda914cf,2024-11-04,1,1000,1000,1000
068d4726-594b-4b61-a305-638cfda914cf,2024-11-18,2,1000,900,1099.99
068d4726-594b-4b61-a305-638cfda914cf,2024-11-25,2,935,920,950
068d4726-594b-4b61-a305-638cfda914cf,2024-12-09,1,1019.15,1019.15,1019.15
068d4726-594b-4b61-a305-638cfda914cf,2024-12-23,2,1174.99,1100,1249.99
068d4726-594b-4b61-a305-638cfda914cf,2025-01-06,1,1429.3,1429.3,1429.3
068d4726-594b-4b61-a305-638cfda914cf,2025-01-13,2,1155,1110,1200
068d4726-594b-4b61-a305-638cfda914cf,2025-01-20,1,1999.99,1999.99,1999.99
068d4726-594b-4b61-a305-638cfda914cf,2025-02-03,1,1378.4,1378.4,1378.4
068d4726-594b-4b61-a305-638cfda914cf,2025-02-10,1,1660,1660,1660
068d4726-594b-4b61-a305-638cfda914cf,2025-02-24,1,1675,1675,1675
068d4726-594b-4b61-a305-638cfda914cf,2025-03-03,1,1666,1666,1666
068d4726-594b-4b61-a305-638cfda914cf,2025-03-10,1,1633.52,1633.52,1633.52
068d4726-594b-4b61-a305-638cfda914cf,2025-03-17,1,1740,1740,1740
068d4726-594b-4b61-a305-638cfda914cf,2025-03-31,2,1899.99,1899.99,1900
068d4726-594b-4b61-a305-638cfda914cf,2025-04-07,2,1874.99,1809.99,1940
068d4726-594b-4b61-a305-638cfda914cf,2025-04-21,2,2062.5,2000,2125
068d4726-594b-4b61-a305-638cfda914cf,2025-04-28,1,2400,2400,2400
068d4726-594b-4b61-a305-638cfda914cf,2025-05-12,1,3056,3056,3056
068d4726-594b-4b61-a305-638cfda914cf,2025-05-26,1,2325,2325,2325
068d4726-594b-4b61-a305-638cfda914cf,2025-06-02,2,2874.99,2750,2999.99
068d4726-594b-4b61-a305-638cfda914cf,2025-06-09,1,3000,3000,3000
068d4726-594b-4b61-a305-638cfda914cf,2025-07-14,2,3024.99,2999.99,3050
068d4726-594b-4b61-a305-638cfda914cf,2025-07-21,1,2950,2950,2950
068d4726-594b-4b61-a305-638cfda914cf,2025-08-04,1,3250,3250,3250
068d4726-594b-4b61-a305-638cfda914cf,2025-08-11,1,3000,3000,3000
068d4726-594b-4b61-a305-638cfda914cf,2025-08-18,2,3200,3200,3200
068d4726-594b-4b61-a305-638cfda914cf,2025-08-25,1,3627,3627,3627
068d4726-594b-4b61-a305-638cfda914cf,2025-09-01,2,3575,3500,3650
068d4726-594b-4b61-a305-638cfda914cf,2025-09-22,1,3414,3414,3414
068d4726-594b-4b61-a305-638cfda914cf,2025-09-29,1,3995,3995,3995
068d4726-594b-4b61-a305-638cfda914cf,2025-10-27,1,3240,3240,3240
068d4726-594b-4b61-a305-638cfda914cf,2025-11-03,1,3240,3240,3240
068d4726-594b-4b61-a305-638cfda914cf,2025-11-17,2,3164.68,2900,3429.36
068d4726-594b-4b61-a305-638cfda914cf,2025-11-24,1,3850,3850,3850
068d4726-594b-4b61-a305-638cfda914cf,2025-12-08,1,3720,3720,3720
068d4726-594b-4b61-a305-638cfda914cf,2025-12-29,1,3900,3900,3900
068d4726-594b-4b61-a305-638cfda914cf,2026-01-05,1,4500,4500,4500
068d4726-594b-4b61-a305-638cfda914cf,2026-01-12,2,4625,4500,4750
068d4726-594b-4b61-a305-638cfda914cf,2026-01-26,1,4320,4320,4320
068d4726-594b-4b61-a305-638cfda914cf,2026-02-09,2,4621.6,4563.2,4680
068d4726-594b-4b61-a305-638cfda914cf,2026-02-16,1,4888,4888,4888
068d4726-594b-4b61-a305-638cfda914cf,2026-02-23,1,4750,4750,4750
068d4726-594b-4b61-a305-638cfda914cf,2026-04-06,1,6500,6500,6500
068d4726-594b-4b61-a305-638cfda914cf,2026-04-13,1,6205,6205,6205
068d4726-594b-4b61-a305-638cfda914cf,2026-04-20,1,6577.5,6577.5,6577.5
068d4726-594b-4b61-a305-638cfda914cf,2026-05-04,1,6300,6300,6300
068d4726-594b-4b61-a305-638cfda914cf,2026-05-11,1,7200,7200,7200
068d4726-594b-4b61-a305-638cfda914cf,2026-05-18,1,7100,7100,7100
068d4726-594b-4b61-a305-638cfda914cf,2026-05-25,2,7127.5,7000,7255
068d4726-594b-4b61-a305-638cfda914cf,2026-06-01,1,7200,7200,7200
068d4726-594b-4b61-a305-638cfda914cf,2026-06-08,1,7200,7200,7200
068d4726-594b-4b61-a305-638cfda914cf,2026-06-15,3,7799.99,7000,8200
068d4726-594b-4b61-a305-638cfda914cf,2026-06-29,1,7777,7777,7777
068d4726-594b-4b61-a305-638cfda914cf,2026-07-13,1,8400,8400,8400
068d4726-594b-4b61-a305-638cfda914cf,2026-07-20,2,7699.99,7400,7999.99
068d4726-594b-4b61-a305-638cfda914cf,2026-08-03,1,8988,8988,8988
068d4726-594b-4b61-a305-638cfda914cf,2026-08-10,2,9137,8975,9299
068d4726-594b-4b61-a305-638cfda914cf,2026-08-24,1,9557.63,9557.63,9557.63
068d4726-594b-4b61-a305-638cfda914cf,2026-09-07,1,8600,8600,8600
06919af3-5c42-417a-ad08-acfdf1b2852e,2023-09-25,1,12.5,12.5,12.5
06919af3-5c42-417a-ad08-acfdf1b2852e,2025-03-10,1,27.19,27.19,27.19
06919af3-5c42-417a-ad08-acfdf1b2852e,2026-08-24,1,64.03,64.03,64.03
0694a978-d56f-4ccb-9a07-8cf3f0b0037c,2024-06-10,1,28.77,28.77,28.77
069a85f1-9dc6-40fd-a1a1-ed6decdef8cc,2022-03-21,1,38,38,38
069a85f1-9dc6-40fd-a1a1-ed6decdef8cc,2024-08-19,1,24.99,24.99,24.99
069a85f1-9dc6-40fd-a1a1-ed6decdef8cc,2026-04-27,1,473,473,473
069a85f1-9dc6-40fd-a1a1-ed6decdef8cc,2026-08-31,1,2025,2025,2025
069b31af-3d7f-4660-b8fb-25c5dfc5ee93,2021-02-15,1,109,109,109
069b31af-3d7f-4660-b8fb-25c5dfc5ee93,2021-03-01,1,90,90,90
069b31af-3d7f-4660-b8fb-25c5dfc5ee93,2021-03-29,1,64,64,64
069b31af-3d7f-4660-b8fb-25c5dfc5ee93,2021-04-05,1,149.99,149.99,149.99
069b31af-3d7f-4660-b8fb-25c5dfc5ee93,2021-04-19,1,69,69,69
069b31af-3d7f-4660-b8fb-25c5dfc5ee93,2021-08-09,2,73.5,61,86
069b31af-3d7f-4660-b8fb-25c5dfc5ee93,2021-10-04,1,75,75,75
069b31af-3d7f-4660-b8fb-25c5dfc5ee93,2021-11-15,1,52,52,52
069b31af-3d7f-4660-b8fb-25c5dfc5ee93,2021-12-20,1,43,43,43
069b31af-3d7f-4660-b8fb-25c5dfc5ee93,2022-01-17,1,63,63,63
069b31af-3d7f-4660-b8fb-25c5dfc5ee93,2022-01-31,1,51,51,51
069b31af-3d7f-4660-b8fb-25c5dfc5ee93,2022-03-07,1,81,81,81
069b31af-3d7f-4660-b8fb-25c5dfc5ee93,2022-03-14,1,74.37,74.37,74.37
069b31af-3d7f-4660-b8fb-25c5dfc5ee93,2022-03-28,1,64.79,64.79,64.79
069b31af-3d7f-4660-b8fb-25c5dfc5ee93,2022-04-18,1,72,72,72
069b31af-3d7f-4660-b8fb-25c5dfc5ee93,2022-07-11,1,69.99,69.99,69.99
069b31af-3d7f-4660-b8fb-25c5dfc5ee93,2022-08-01,1,70,70,70
069b31af-3d7f-4660-b8fb-25c5dfc5ee93,2022-08-15,1,46.8,46.8,46.8
069b31af-3d7f-4660-b8fb-25c5dfc5ee93,2022-08-29,1,75.23,75.23,75.23
069b31af-3d7f-4660-b8fb-25c5dfc5ee93,2022-10-17,1,65,65,65
069b31af-3d7f-4660-b8fb-25c5dfc5ee93,2022-10-31,1,29.6,29.6,29.6
069b31af-3d7f-4660-b8fb-25c5dfc5ee93,2023-01-30,1,60,60,60
069b31af-3d7f-4660-b8fb-25c5dfc5ee93,2023-02-06,1,54,54,54
069b31af-3d7f-4660-b8fb-25c5dfc5ee93,2023-02-20,1,65,65,65
069b31af-3d7f-4660-b8fb-25c5dfc5ee93,2023-04-17,1,79,79,79
069b31af-3d7f-4660-b8fb-25c5dfc5ee93,2023-05-15,1,44,44,44
069b31af-3d7f-4660-b8fb-25c5dfc5ee93,2023-05-22,1,70,70,70
069b31af-3d7f-4660-b8fb-25c5dfc5ee93,2023-07-17,1,35.59,35.59,35.59
069b31af-3d7f-4660-b8fb-25c5dfc5ee93,2023-07-24,1,83.87,83.87,83.87
069b31af-3d7f-4660-b8fb-25c5dfc5ee93,2023-07-31,1,135,135,135
069b31af-3d7f-4660-b8fb-25c5dfc5ee93,2023-09-11,1,65,65,65
069b31af-3d7f-4660-b8fb-25c5dfc5ee93,2023-09-18,1,38.4,38.4,38.4
069b31af-3d7f-4660-b8fb-25c5dfc5ee93,2023-11-27,1,49,49,49
069b31af-3d7f-4660-b8fb-25c5dfc5ee93,2024-01-08,1,58,58,58
069b31af-3d7f-4660-b8fb-25c5dfc5ee93,2024-02-26,1,72.89,72.89,72.89
069b31af-3d7f-4660-b8fb-25c5dfc5ee93,2024-07-22,1,60,60,60
069b31af-3d7f-4660-b8fb-25c5dfc5ee93,2024-09-09,1,65,65,65
069b31af-3d7f-4660-b8fb-25c5dfc5ee93,2024-10-14,1,75,75,75
069b31af-3d7f-4660-b8fb-25c5dfc5ee93,2024-12-23,1,66,66,66
069b31af-3d7f-4660-b8fb-25c5dfc5ee93,2025-02-17,1,100,100,100
069b31af-3d7f-4660-b8fb-25c5dfc5ee93,2025-03-24,1,115,115,115
069b31af-3d7f-4660-b8fb-25c5dfc5ee93,2025-03-31,1,100,100,100
069b31af-3d7f-4660-b8fb-25c5dfc5ee93,2025-05-19,1,109.99,109.99,109.99
069b31af-3d7f-4660-b8fb-25c5dfc5ee93,2025-05-26,2,108,105.6,110.4
069b31af-3d7f-4660-b8fb-25c5dfc5ee93,2025-06-23,1,174.99,174.99,174.99
069b31af-3d7f-4660-b8fb-25c5dfc5ee93,2025-06-30,2,79.2,79.2,79.2
069b31af-3d7f-4660-b8fb-25c5dfc5ee93,2025-08-11,1,79.2,79.2,79.2
069b31af-3d7f-4660-b8fb-25c5dfc5ee93,2025-08-25,1,159.99,159.99,159.99
069b31af-3d7f-4660-b8fb-25c5dfc5ee93,2025-09-22,1,199.99,199.99,199.99
069b31af-3d7f-4660-b8fb-25c5dfc5ee93,2025-10-13,1,193.59,193.59,193.59
069b31af-3d7f-4660-b8fb-25c5dfc5ee93,2025-10-20,1,165.72,165.72,165.72
069b31af-3d7f-4660-b8fb-25c5dfc5ee93,2025-11-24,1,147.5,147.5,147.5
069b31af-3d7f-4660-b8fb-25c5dfc5ee93,2025-12-08,1,160,160,160
069b31af-3d7f-4660-b8fb-25c5dfc5ee93,2026-02-02,1,249.99,249.99,249.99
069b31af-3d7f-4660-b8fb-25c5dfc5ee93,2026-02-09,2,215,140,290
069b31af-3d7f-4660-b8fb-25c5dfc5ee93,2026-02-16,1,186.94,186.94,186.94
069b31af-3d7f-4660-b8fb-25c5dfc5ee93,2026-03-02,2,239.75,199.5,280
069b31af-3d7f-4660-b8fb-25c5dfc5ee93,2026-03-23,1,153.5,153.5,153.5
069b31af-3d7f-4660-b8fb-25c5dfc5ee93,2026-03-30,2,158.5,157.5,159.5
069b31af-3d7f-4660-b8fb-25c5dfc5ee93,2026-05-04,1,140.5,140.5,140.5
069b31af-3d7f-4660-b8fb-25c5dfc5ee93,2026-05-11,1,233.21,233.21,233.21
069b31af-3d7f-4660-b8fb-25c5dfc5ee93,2026-05-18,1,250,250,250
069b31af-3d7f-4660-b8fb-25c5dfc5ee93,2026-06-08,1,157.2,157.2,157.2
069b31af-3d7f-4660-b8fb-25c5dfc5ee93,2026-06-22,1,125.21,125.21,125.21
069b31af-3d7f-4660-b8fb-25c5dfc5ee93,2026-06-29,1,200,200,200
069b31af-3d7f-4660-b8fb-25c5dfc5ee93,2026-07-13,1,157.2,157.2,157.2
069b31af-3d7f-4660-b8fb-25c5dfc5ee93,2026-08-03,2,216.5,198,235
069b31af-3d7f-4660-b8fb-25c5dfc5ee93,2026-08-17,1,275,275,275
069b31af-3d7f-4660-b8fb-25c5dfc5ee93,2026-08-24,1,189.85,189.85,189.85
069b31af-3d7f-4660-b8fb-25c5dfc5ee93,2026-08-31,1,265,265,265
069f8f0f-7baf-4590-9c17-1fba93694843,2021-12-06,1,100,100,100
069f8f0f-7baf-4590-9c17-1fba93694843,2022-06-27,1,54.17,54.17,54.17
069f8f0f-7baf-4590-9c17-1fba93694843,2023-12-18,1,131.61,131.61,131.61
069f8f0f-7baf-4590-9c17-1fba93694843,2024-06-17,1,150,150,150
069f8f0f-7baf-4590-9c17-1fba93694843,2025-02-10,1,173.67,173.67,173.67
069f8f0f-7baf-4590-9c17-1fba93694843,2025-07-21,1,155,155,155
069f8f0f-7baf-4590-9c17-1fba93694843,2026-03-09,1,110,110,110
069fc873-b0a1-450c-bb6c-040224fb3a96,2022-02-28,1,250,250,250
069fc873-b0a1-450c-bb6c-040224fb3a96,2022-09-05,1,225,225,225
069fc873-b0a1-450c-bb6c-040224fb3a96,2022-09-12,1,300,300,300
069fc873-b0a1-450c-bb6c-040224fb3a96,2023-11-27,1,250,250,250
069fc873-b0a1-450c-bb6c-040224fb3a96,2026-05-25,1,4400,4400,4400
06a30d61-97c5-4898-8236-7cbe19216925,2026-08-24,1,100,100,100
06a5a75e-f5d8-42dd-95b9-0a76ee9f3def,2025-10-20,1,2910,2910,2910
06a5a75e-f5d8-42dd-95b9-0a76ee9f3def,2025-10-27,2,2318.3,2145.6,2491
06a5a75e-f5d8-42dd-95b9-0a76ee9f3def,2025-11-03,2,2649.99,2599.99,2700
06a5a75e-f5d8-42dd-95b9-0a76ee9f3def,2025-11-10,6,2265,2025,2370
06a5a75e-f5d8-42dd-95b9-0a76ee9f3def,2025-11-17,2,1947.5,1845,2050
06a5a75e-f5d8-42dd-95b9-0a76ee9f3def,2025-11-24,1,2000,2000,2000
06a5a75e-f5d8-42dd-95b9-0a76ee9f3def,2025-12-01,3,1788,1714.8,1830
06a5a75e-f5d8-42dd-95b9-0a76ee9f3def,2025-12-08,3,1850,1524.94,1850
06a5a75e-f5d8-42dd-95b9-0a76ee9f3def,2025-12-15,3,1690.8,1625,1825
06a5a75e-f5d8-42dd-95b9-0a76ee9f3def,2025-12-22,5,1700,1526,1815
06a5a75e-f5d8-42dd-95b9-0a76ee9f3def,2025-12-29,7,1799.99,1650,1950
06a5a75e-f5d8-42dd-95b9-0a76ee9f3def,2026-01-05,5,1800,1749.28,1900
06a5a75e-f5d8-42dd-95b9-0a76ee9f3def,2026-01-12,5,1835,1594,2100
06a5a75e-f5d8-42dd-95b9-0a76ee9f3def,2026-01-19,4,1875.43,1738,1997
06a5a75e-f5d8-42dd-95b9-0a76ee9f3def,2026-01-26,2,1831.5,1788,1875
06a5a75e-f5d8-42dd-95b9-0a76ee9f3def,2026-02-02,4,1939.97,1775,2313.86
06a5a75e-f5d8-42dd-95b9-0a76ee9f3def,2026-02-09,4,1719.62,1600,1802
06a5a75e-f5d8-42dd-95b9-0a76ee9f3def,2026-02-16,6,1825,1746,2000
06a5a75e-f5d8-42dd-95b9-0a76ee9f3def,2026-02-23,4,1684.89,1539.46,1750
06a5a75e-f5d8-42dd-95b9-0a76ee9f3def,2026-03-02,2,2287.5,2275,2300
06a5a75e-f5d8-42dd-95b9-0a76ee9f3def,2026-03-09,8,1934.35,1710,2100
06a5a75e-f5d8-42dd-95b9-0a76ee9f3def,2026-03-16,5,1950,1740,2045
06a5a75e-f5d8-42dd-95b9-0a76ee9f3def,2026-03-23,5,1975,1845.6,2295
06a5a75e-f5d8-42dd-95b9-0a76ee9f3def,2026-03-30,3,2000,1988.85,2150
06a5a75e-f5d8-42dd-95b9-0a76ee9f3def,2026-04-06,3,1950,1895.25,2199
06a5a75e-f5d8-42dd-95b9-0a76ee9f3def,2026-04-13,4,1900,1650,2075
06a5a75e-f5d8-42dd-95b9-0a76ee9f3def,2026-04-20,5,2000,1950,2150
06a5a75e-f5d8-42dd-95b9-0a76ee9f3def,2026-04-27,3,1900,1800,2070
06a5a75e-f5d8-42dd-95b9-0a76ee9f3def,2026-05-04,4,2096.47,1800,2400
06a5a75e-f5d8-42dd-95b9-0a76ee9f3def,2026-05-11,3,2020.32,1769,2172
06a5a75e-f5d8-42dd-95b9-0a76ee9f3def,2026-05-18,9,2250,1980,2556.12
06a5a75e-f5d8-42dd-95b9-0a76ee9f3def,2026-05-25,6,2312.49,1933,2560
06a5a75e-f5d8-42dd-95b9-0a76ee9f3def,2026-06-01,6,2169,1950,2350
06a5a75e-f5d8-42dd-95b9-0a76ee9f3def,2026-06-08,5,2177,1913.88,2347.98
06a5a75e-f5d8-42dd-95b9-0a76ee9f3def,2026-06-15,4,2215,2110,2299.95
06a5a75e-f5d8-42dd-95b9-0a76ee9f3def,2026-06-22,3,1925,1755,1975
06a5a75e-f5d8-42dd-95b9-0a76ee9f3def,2026-06-29,5,2000,1951,2250
06a5a75e-f5d8-42dd-95b9-0a76ee9f3def,2026-07-06,4,1987.5,1925,2100
06a5a75e-f5d8-42dd-95b9-0a76ee9f3def,2026-07-13,1,1980,1980,1980
06a5a75e-f5d8-42dd-95b9-0a76ee9f3def,2026-07-20,5,2288,2070,2300
06a5a75e-f5d8-42dd-95b9-0a76ee9f3def,2026-07-27,2,2250,2200,2300
06a5a75e-f5d8-42dd-95b9-0a76ee9f3def,2026-08-03,2,2110.45,1860,2360.91
06a5a75e-f5d8-42dd-95b9-0a76ee9f3def,2026-08-10,2,2299.99,2299.99,2300
06a5a75e-f5d8-42dd-95b9-0a76ee9f3def,2026-08-17,1,2150,2150,2150
06a5a75e-f5d8-42dd-95b9-0a76ee9f3def,2026-08-24,3,2000,1920,2300
06a5a75e-f5d8-42dd-95b9-0a76ee9f3def,2026-08-31,2,2090,1830,2350
06a5a75e-f5d8-42dd-95b9-0a76ee9f3def,2026-09-07,3,2200,1687.5,2249
06aa596f-5404-438a-aee8-d4e7347e5a9d,2023-01-16,1,39.99,39.99,39.99
06aa596f-5404-438a-aee8-d4e7347e5a9d,2023-01-30,1,24.99,24.99,24.99
06aa596f-5404-438a-aee8-d4e7347e5a9d,2023-02-06,1,30,30,30
06aa596f-5404-438a-aee8-d4e7347e5a9d,2023-02-13,1,22.5,22.5,22.5
06aa596f-5404-438a-aee8-d4e7347e5a9d,2023-03-20,1,22,22,22
06aa596f-5404-438a-aee8-d4e7347e5a9d,2023-04-03,2,33.98,28,39.95
06aa596f-5404-438a-aee8-d4e7347e5a9d,2023-04-17,1,44.99,44.99,44.99
06aa596f-5404-438a-aee8-d4e7347e5a9d,2023-06-12,1,25,25,25
06aa596f-5404-438a-aee8-d4e7347e5a9d,2023-07-03,1,25,25,25
06aa596f-5404-438a-aee8-d4e7347e5a9d,2023-08-07,1,21.6,21.6,21.6
06aa596f-5404-438a-aee8-d4e7347e5a9d,2023-09-04,1,25.2,25.2,25.2
06aa596f-5404-438a-aee8-d4e7347e5a9d,2023-09-25,1,35,35,35
06aa596f-5404-438a-aee8-d4e7347e5a9d,2024-01-22,1,20.5,20.5,20.5
06aa596f-5404-438a-aee8-d4e7347e5a9d,2024-04-15,1,35,35,35
06aa596f-5404-438a-aee8-d4e7347e5a9d,2024-06-17,1,27,27,27
06aa596f-5404-438a-aee8-d4e7347e5a9d,2024-06-24,1,36.51,36.51,36.51
06aa596f-5404-438a-aee8-d4e7347e5a9d,2024-07-01,1,20.5,20.5,20.5
06aa596f-5404-438a-aee8-d4e7347e5a9d,2024-07-22,1,28,28,28
06aa596f-5404-438a-aee8-d4e7347e5a9d,2024-08-05,1,35,35,35
06aa596f-5404-438a-aee8-d4e7347e5a9d,2024-08-19,1,15.5,15.5,15.5
06aa596f-5404-438a-aee8-d4e7347e5a9d,2024-12-09,1,29.74,29.74,29.74
06aa596f-5404-438a-aee8-d4e7347e5a9d,2025-01-13,2,26.25,19.5,32.99
06aa596f-5404-438a-aee8-d4e7347e5a9d,2025-02-10,1,23.5,23.5,23.5
06aa596f-5404-438a-aee8-d4e7347e5a9d,2025-02-17,1,29,29,29
06aa596f-5404-438a-aee8-d4e7347e5a9d,2025-03-31,1,21.5,21.5,21.5
06aa596f-5404-438a-aee8-d4e7347e5a9d,2025-05-19,1,29.74,29.74,29.74
06aa596f-5404-438a-aee8-d4e7347e5a9d,2025-06-09,1,36,36,36
06aa596f-5404-438a-aee8-d4e7347e5a9d,2025-06-30,1,34.99,34.99,34.99
06aa596f-5404-438a-aee8-d4e7347e5a9d,2025-07-21,1,26.99,26.99,26.99
06aa596f-5404-438a-aee8-d4e7347e5a9d,2025-08-18,1,34.99,34.99,34.99
06aa596f-5404-438a-aee8-d4e7347e5a9d,2025-09-01,1,34.56,34.56,34.56
06aa596f-5404-438a-aee8-d4e7347e5a9d,2025-09-08,1,39.99,39.99,39.99
06aa596f-5404-438a-aee8-d4e7347e5a9d,2025-12-29,1,33.5,33.5,33.5
06aa596f-5404-438a-aee8-d4e7347e5a9d,2026-02-23,1,30.1,30.1,30.1
06aa596f-5404-438a-aee8-d4e7347e5a9d,2026-03-02,1,28.5,28.5,28.5
06aa596f-5404-438a-aee8-d4e7347e5a9d,2026-05-25,2,39.99,34.99,44.99
06aa596f-5404-438a-aee8-d4e7347e5a9d,2026-06-01,2,49.84,34.69,65
06aa596f-5404-438a-aee8-d4e7347e5a9d,2026-06-08,1,39.99,39.99,39.99
06aa596f-5404-438a-aee8-d4e7347e5a9d,2026-07-20,1,33,33,33
06aa596f-5404-438a-aee8-d4e7347e5a9d,2026-08-03,1,29,29,29
06aa596f-5404-438a-aee8-d4e7347e5a9d,2026-08-24,1,34.8,34.8,34.8
06aa7f2e-4555-493e-a5f5-4f962207e5a6,2026-08-10,1,76,76,76
06aaf563-f1c4-469d-b271-3ecc9548172e,2024-07-29,1,12.79,12.79,12.79
06aaf563-f1c4-469d-b271-3ecc9548172e,2025-07-21,1,76.13,76.13,76.13
06ab5512-6fc8-4932-8986-5f33868af250,2021-08-09,1,100,100,100
06ab5512-6fc8-4932-8986-5f33868af250,2021-12-20,1,103.5,103.5,103.5
06ab5512-6fc8-4932-8986-5f33868af250,2022-01-10,2,82,76,88
06ab5512-6fc8-4932-8986-5f33868af250,2022-01-24,1,124.5,124.5,124.5
06ab5512-6fc8-4932-8986-5f33868af250,2022-02-14,1,84,84,84
06ab5512-6fc8-4932-8986-5f33868af250,2022-07-18,1,131.49,131.49,131.49
06ab5512-6fc8-4932-8986-5f33868af250,2022-08-22,1,276,276,276
06ab5512-6fc8-4932-8986-5f33868af250,2022-09-12,1,102.26,102.26,102.26
06ab5512-6fc8-4932-8986-5f33868af250,2022-09-19,1,110.4,110.4,110.4
06ab5512-6fc8-4932-8986-5f33868af250,2023-01-09,1,100,100,100
06ab5512-6fc8-4932-8986-5f33868af250,2023-01-23,1,100,100,100
06ab5512-6fc8-4932-8986-5f33868af250,2023-08-14,1,115,115,115
06ab5512-6fc8-4932-8986-5f33868af250,2024-03-11,1,77.25,77.25,77.25
06ab5512-6fc8-4932-8986-5f33868af250,2024-06-03,1,99.99,99.99,99.99
06ab5512-6fc8-4932-8986-5f33868af250,2024-12-16,1,60,60,60
06ab5512-6fc8-4932-8986-5f33868af250,2025-02-24,1,79,79,79
06ab5512-6fc8-4932-8986-5f33868af250,2025-12-08,1,145,145,145
06ab5512-6fc8-4932-8986-5f33868af250,2026-04-20,1,320,320,320
06ab5512-6fc8-4932-8986-5f33868af250,2026-08-24,1,350,350,350
06abcb4d-4f72-4969-88c3-8904dfefba1f,2025-06-16,2,47.38,45,49.75
06abcb4d-4f72-4969-88c3-8904dfefba1f,2025-06-30,1,32,32,32
06abcb4d-4f72-4969-88c3-8904dfefba1f,2025-07-07,6,35.5,23.5,62.49
06abcb4d-4f72-4969-88c3-8904dfefba1f,2025-07-14,3,39.99,32.5,44.76
06abcb4d-4f72-4969-88c3-8904dfefba1f,2025-07-21,3,49.9,32,53.43
06abcb4d-4f72-4969-88c3-8904dfefba1f,2025-07-28,2,49.38,45,53.75
06abcb4d-4f72-4969-88c3-8904dfefba1f,2025-08-04,2,42.78,38.99,46.56
06abcb4d-4f72-4969-88c3-8904dfefba1f,2025-08-11,1,50.32,50.32,50.32
06abcb4d-4f72-4969-88c3-8904dfefba1f,2025-08-18,2,42.26,31.2,53.32
06abcb4d-4f72-4969-88c3-8904dfefba1f,2025-08-25,4,42,40,60
06abcb4d-4f72-4969-88c3-8904dfefba1f,2025-09-01,4,44.5,44,45
06abcb4d-4f72-4969-88c3-8904dfefba1f,2025-09-08,1,47,47,47
06abcb4d-4f72-4969-88c3-8904dfefba1f,2025-09-15,1,50,50,50
06abcb4d-4f72-4969-88c3-8904dfefba1f,2025-09-22,7,51,40,59
06abcb4d-4f72-4969-88c3-8904dfefba1f,2025-09-29,3,51,49.99,76.07
06abcb4d-4f72-4969-88c3-8904dfefba1f,2025-10-06,2,51.5,43,60
06abcb4d-4f72-4969-88c3-8904dfefba1f,2025-10-13,4,62.49,31,70
06abcb4d-4f72-4969-88c3-8904dfefba1f,2025-10-20,4,68.19,39.99,89.25
06abcb4d-4f72-4969-88c3-8904dfefba1f,2025-10-27,2,66.7,56.4,77
06abcb4d-4f72-4969-88c3-8904dfefba1f,2025-11-03,4,51.27,30,84
06abcb4d-4f72-4969-88c3-8904dfefba1f,2025-11-10,6,53.5,41,75.16
06abcb4d-4f72-4969-88c3-8904dfefba1f,2025-11-17,3,50,48.99,67
06abcb4d-4f72-4969-88c3-8904dfefba1f,2025-11-24,2,52.5,50,55
06abcb4d-4f72-4969-88c3-8904dfefba1f,2025-12-01,3,34,32,41
06abcb4d-4f72-4969-88c3-8904dfefba1f,2025-12-08,5,45,40,45
06abcb4d-4f72-4969-88c3-8904dfefba1f,2025-12-15,6,40,30,59.72
06abcb4d-4f72-4969-88c3-8904dfefba1f,2025-12-22,4,52.67,45,105.27
06abcb4d-4f72-4969-88c3-8904dfefba1f,2025-12-29,3,36,34,37
06abcb4d-4f72-4969-88c3-8904dfefba1f,2026-01-05,4,43,28,59.99
06abcb4d-4f72-4969-88c3-8904dfefba1f,2026-01-12,4,46.11,37.2,56.25
06abcb4d-4f72-4969-88c3-8904dfefba1f,2026-01-19,1,35,35,35
06abcb4d-4f72-4969-88c3-8904dfefba1f,2026-01-26,3,47,45,51.55
06abcb4d-4f72-4969-88c3-8904dfefba1f,2026-02-02,2,48.83,30,67.66
06abcb4d-4f72-4969-88c3-8904dfefba1f,2026-02-09,2,46.99,39.99,53.99
06abcb4d-4f72-4969-88c3-8904dfefba1f,2026-02-16,4,37,32.4,45
06abcb4d-4f72-4969-88c3-8904dfefba1f,2026-02-23,3,41,35,70.56
06abcb4d-4f72-4969-88c3-8904dfefba1f,2026-03-09,3,42,40,45
06abcb4d-4f72-4969-88c3-8904dfefba1f,2026-03-16,3,43.88,39.97,52.95
06abcb4d-4f72-4969-88c3-8904dfefba1f,2026-03-23,4,50.24,40,72
06abcb4d-4f72-4969-88c3-8904dfefba1f,2026-03-30,4,50,46,53
06abcb4d-4f72-4969-88c3-8904dfefba1f,2026-04-06,1,50,50,50
06abcb4d-4f72-4969-88c3-8904dfefba1f,2026-04-13,1,49,49,49
06abcb4d-4f72-4969-88c3-8904dfefba1f,2026-04-20,3,58,42.43,60
06abcb4d-4f72-4969-88c3-8904dfefba1f,2026-04-27,7,50.5,43,72
06abcb4d-4f72-4969-88c3-8904dfefba1f,2026-05-04,3,75.62,66.66,79
06abcb4d-4f72-4969-88c3-8904dfefba1f,2026-05-11,4,47.5,45,79.19
06abcb4d-4f72-4969-88c3-8904dfefba1f,2026-05-18,5,64.99,55,65.98
06abcb4d-4f72-4969-88c3-8904dfefba1f,2026-05-25,4,73.5,59.99,89
06abcb4d-4f72-4969-88c3-8904dfefba1f,2026-06-01,5,69,60,139.67
06abcb4d-4f72-4969-88c3-8904dfefba1f,2026-06-08,5,79.99,65,121.49
06abcb4d-4f72-4969-88c3-8904dfefba1f,2026-06-15,2,55.02,50.03,60
06abcb4d-4f72-4969-88c3-8904dfefba1f,2026-06-22,1,46.8,46.8,46.8
06abcb4d-4f72-4969-88c3-8904dfefba1f,2026-06-29,3,70,66,72
06abcb4d-4f72-4969-88c3-8904dfefba1f,2026-07-06,3,48.25,44,51.79
06abcb4d-4f72-4969-88c3-8904dfefba1f,2026-07-13,1,65.99,65.99,65.99
06abcb4d-4f72-4969-88c3-8904dfefba1f,2026-07-20,1,59.03,59.03,59.03
06abcb4d-4f72-4969-88c3-8904dfefba1f,2026-07-27,3,54,28.8,55
06abcb4d-4f72-4969-88c3-8904dfefba1f,2026-08-10,2,55.02,46.04,64
06abcb4d-4f72-4969-88c3-8904dfefba1f,2026-08-17,5,59.99,50,65.99
06abcb4d-4f72-4969-88c3-8904dfefba1f,2026-08-24,5,59,40,98.99
06abcb4d-4f72-4969-88c3-8904dfefba1f,2026-08-31,1,69,69,69
06abcb4d-4f72-4969-88c3-8904dfefba1f,2026-09-07,1,38.9,38.9,38.9
06ac1f15-ced7-4f41-9b3c-8a402537f6f6,2024-07-29,4,41.87,37,46
06ac1f15-ced7-4f41-9b3c-8a402537f6f6,2024-08-05,3,40,35,42
06ac1f15-ced7-4f41-9b3c-8a402537f6f6,2024-08-12,4,34,31,38
06ac1f15-ced7-4f41-9b3c-8a402537f6f6,2024-08-19,1,22.5,22.5,22.5
06ac1f15-ced7-4f41-9b3c-8a402537f6f6,2024-08-26,2,40.5,39.99,41
06ac1f15-ced7-4f41-9b3c-8a402537f6f6,2024-09-02,1,51,51,51
06ac1f15-ced7-4f41-9b3c-8a402537f6f6,2024-09-09,2,30.79,26,35.58
06ac1f15-ced7-4f41-9b3c-8a402537f6f6,2024-09-16,3,37.99,35,47.49
06ac1f15-ced7-4f41-9b3c-8a402537f6f6,2024-09-30,1,34.99,34.99,34.99
06ac1f15-ced7-4f41-9b3c-8a402537f6f6,2024-10-07,8,41.92,29,55
06ac1f15-ced7-4f41-9b3c-8a402537f6f6,2024-10-14,1,38,38,38
06ac1f15-ced7-4f41-9b3c-8a402537f6f6,2024-10-28,5,35,34,39.99
06ac1f15-ced7-4f41-9b3c-8a402537f6f6,2024-11-04,3,37,31,55
06ac1f15-ced7-4f41-9b3c-8a402537f6f6,2024-11-11,7,36,26.25,50.5
06ac1f15-ced7-4f41-9b3c-8a402537f6f6,2024-11-18,5,40,33,45
06ac1f15-ced7-4f41-9b3c-8a402537f6f6,2024-11-25,1,32.5,32.5,32.5
06ac1f15-ced7-4f41-9b3c-8a402537f6f6,2024-12-02,2,41,40,42
06ac1f15-ced7-4f41-9b3c-8a402537f6f6,2024-12-09,4,43.5,34,51
06ac1f15-ced7-4f41-9b3c-8a402537f6f6,2024-12-16,7,33,30,41
06ac1f15-ced7-4f41-9b3c-8a402537f6f6,2024-12-23,1,26,26,26
06ac1f15-ced7-4f41-9b3c-8a402537f6f6,2024-12-30,2,39.27,31,47.54
06ac1f15-ced7-4f41-9b3c-8a402537f6f6,2025-01-06,6,46.36,30.57,56.23
06ac1f15-ced7-4f41-9b3c-8a402537f6f6,2025-01-27,3,46,40,100
06ac1f15-ced7-4f41-9b3c-8a402537f6f6,2025-02-03,3,39.99,36,45
06ac1f15-ced7-4f41-9b3c-8a402537f6f6,2025-02-10,7,31,20,32
06ac1f15-ced7-4f41-9b3c-8a402537f6f6,2025-02-17,4,36.5,26,40
06ac1f15-ced7-4f41-9b3c-8a402537f6f6,2025-02-24,1,32,32,32
06ac1f15-ced7-4f41-9b3c-8a402537f6f6,2025-03-03,2,32.5,31,34
06ac1f15-ced7-4f41-9b3c-8a402537f6f6,2025-03-10,1,39.99,39.99,39.99
06ac1f15-ced7-4f41-9b3c-8a402537f6f6,2025-03-17,1,30,30,30
06ac1f15-ced7-4f41-9b3c-8a402537f6f6,2025-03-24,3,40,20,49.99
06ac1f15-ced7-4f41-9b3c-8a402537f6f6,2025-04-07,2,33,31,35
06ac1f15-ced7-4f41-9b3c-8a402537f6f6,2025-04-21,2,34.5,34,35
06ac1f15-ced7-4f41-9b3c-8a402537f6f6,2025-04-28,6,33.5,25,59
06ac1f15-ced7-4f41-9b3c-8a402537f6f6,2025-05-05,4,28.5,26.51,37.49
06ac1f15-ced7-4f41-9b3c-8a402537f6f6,2025-05-12,3,26,25,28
06ac1f15-ced7-4f41-9b3c-8a402537f6f6,2025-05-19,5,44.99,37,47.99
06ac1f15-ced7-4f41-9b3c-8a402537f6f6,2025-05-26,2,44.09,39.99,48.2
06ac1f15-ced7-4f41-9b3c-8a402537f6f6,2025-06-02,3,40,30.34,42
06ac1f15-ced7-4f41-9b3c-8a402537f6f6,2025-06-16,1,48,48,48
06ac1f15-ced7-4f41-9b3c-8a402537f6f6,2025-06-23,1,36,36,36
06ac1f15-ced7-4f41-9b3c-8a402537f6f6,2025-06-30,2,44.97,39.99,49.95
06ac1f15-ced7-4f41-9b3c-8a402537f6f6,2025-07-07,1,34,34,34
06ac1f15-ced7-4f41-9b3c-8a402537f6f6,2025-07-21,1,33.6,33.6,33.6
06ac1f15-ced7-4f41-9b3c-8a402537f6f6,2025-07-28,2,37.7,34.53,40.88
06ac1f15-ced7-4f41-9b3c-8a402537f6f6,2025-08-04,1,35,35,35
06ac1f15-ced7-4f41-9b3c-8a402537f6f6,2025-08-11,2,37.5,35,40
06ac1f15-ced7-4f41-9b3c-8a402537f6f6,2025-08-18,1,39.99,39.99,39.99
06ac1f15-ced7-4f41-9b3c-8a402537f6f6,2025-08-25,1,33.85,33.85,33.85
06ac1f15-ced7-4f41-9b3c-8a402537f6f6,2025-09-01,1,37.2,37.2,37.2
06ac1f15-ced7-4f41-9b3c-8a402537f6f6,2025-09-08,2,32.5,32,33
06ac1f15-ced7-4f41-9b3c-8a402537f6f6,2025-09-15,3,49,40,50
06ac1f15-ced7-4f41-9b3c-8a402537f6f6,2025-09-29,1,35.99,35.99,35.99
06ac1f15-ced7-4f41-9b3c-8a402537f6f6,2025-10-06,1,36,36,36
06ac1f15-ced7-4f41-9b3c-8a402537f6f6,2025-11-10,2,37.5,30,45
06ac1f15-ced7-4f41-9b3c-8a402537f6f6,2025-11-17,1,40,40,40
06ac1f15-ced7-4f41-9b3c-8a402537f6f6,2025-12-01,3,42.5,30,50
06ac1f15-ced7-4f41-9b3c-8a402537f6f6,2025-12-08,4,57,49.9,64.99
06ac1f15-ced7-4f41-9b3c-8a402537f6f6,2025-12-22,1,63.6,63.6,63.6
06ac1f15-ced7-4f41-9b3c-8a402537f6f6,2025-12-29,1,45.32,45.32,45.32
06ac1f15-ced7-4f41-9b3c-8a402537f6f6,2026-01-05,1,30,30,30
06ac1f15-ced7-4f41-9b3c-8a402537f6f6,2026-02-02,1,65,65,65
06ac1f15-ced7-4f41-9b3c-8a402537f6f6,2026-02-09,4,67.5,39,69.99
06ac1f15-ced7-4f41-9b3c-8a402537f6f6,2026-02-16,2,67.5,65,70
06ac1f15-ced7-4f41-9b3c-8a402537f6f6,2026-02-23,2,64.49,59.98,69
06ac1f15-ced7-4f41-9b3c-8a402537f6f6,2026-03-09,1,79.99,79.99,79.99
06ac1f15-ced7-4f41-9b3c-8a402537f6f6,2026-03-30,2,64.5,63,66
06ac1f15-ced7-4f41-9b3c-8a402537f6f6,2026-04-06,1,86,86,86
06ac1f15-ced7-4f41-9b3c-8a402537f6f6,2026-04-20,1,69,69,69
06ac1f15-ced7-4f41-9b3c-8a402537f6f6,2026-04-27,1,115,115,115
06ac1f15-ced7-4f41-9b3c-8a402537f6f6,2026-05-04,1,99.99,99.99,99.99
06ac1f15-ced7-4f41-9b3c-8a402537f6f6,2026-05-18,1,66,66,66
06ac1f15-ced7-4f41-9b3c-8a402537f6f6,2026-05-25,2,78,69.99,86
06ac1f15-ced7-4f41-9b3c-8a402537f6f6,2026-06-01,1,60,60,60
06ac1f15-ced7-4f41-9b3c-8a402537f6f6,2026-06-08,1,112.5,112.5,112.5
06ac1f15-ced7-4f41-9b3c-8a402537f6f6,2026-06-22,2,103.08,96.49,109.67
06ac1f15-ced7-4f41-9b3c-8a402537f6f6,2026-07-06,1,89.99,89.99,89.99
06ac1f15-ced7-4f41-9b3c-8a402537f6f6,2026-07-13,2,95.5,95,96
06ac1f15-ced7-4f41-9b3c-8a402537f6f6,2026-08-17,1,91,91,91
06ac1f15-ced7-4f41-9b3c-8a402537f6f6,2026-08-24,3,90,90,134.46
06ac1f15-ced7-4f41-9b3c-8a402537f6f6,2026-08-31,1,69,69,69
06ac1f15-ced7-4f41-9b3c-8a402537f6f6,2026-09-07,1,112.23,112.23,112.23
06b462c7-f914-41f7-baea-5324c650e81e,2023-01-23,1,91.1,91.1,91.1
06b462c7-f914-41f7-baea-5324c650e81e,2023-01-30,2,66.42,56.85,76
06b462c7-f914-41f7-baea-5324c650e81e,2023-02-06,4,56.4,46.8,67.2
06b462c7-f914-41f7-baea-5324c650e81e,2023-02-13,4,67.59,52.8,94.95
06b462c7-f914-41f7-baea-5324c650e81e,2023-02-20,1,55.2,55.2,55.2
06b462c7-f914-41f7-baea-5324c650e81e,2023-02-27,1,69.6,69.6,69.6
06b462c7-f914-41f7-baea-5324c650e81e,2023-03-13,1,80,80,80
06b462c7-f914-41f7-baea-5324c650e81e,2023-03-27,1,50,50,50
06b462c7-f914-41f7-baea-5324c650e81e,2023-04-17,1,73,73,73
06b462c7-f914-41f7-baea-5324c650e81e,2023-04-24,3,62,60,74.4
06b462c7-f914-41f7-baea-5324c650e81e,2023-05-08,1,52,52,52
06b462c7-f914-41f7-baea-5324c650e81e,2023-06-05,2,49.5,48,51
06b462c7-f914-41f7-baea-5324c650e81e,2023-06-12,1,96.09,96.09,96.09
06b462c7-f914-41f7-baea-5324c650e81e,2023-07-10,1,68,68,68
06b462c7-f914-41f7-baea-5324c650e81e,2023-07-24,1,41,41,41
06b462c7-f914-41f7-baea-5324c650e81e,2023-08-21,2,58.35,50.4,66.3
06b462c7-f914-41f7-baea-5324c650e81e,2023-08-28,1,39.6,39.6,39.6
06b462c7-f914-41f7-baea-5324c650e81e,2023-09-04,2,56.72,56,57.43
06b462c7-f914-41f7-baea-5324c650e81e,2023-10-23,2,65,50,80
06b462c7-f914-41f7-baea-5324c650e81e,2023-10-30,1,52.5,52.5,52.5
06b462c7-f914-41f7-baea-5324c650e81e,2023-11-06,1,56,56,56
06b462c7-f914-41f7-baea-5324c650e81e,2023-11-13,1,43.2,43.2,43.2
06b462c7-f914-41f7-baea-5324c650e81e,2023-11-20,4,50.4,46,59
06b462c7-f914-41f7-baea-5324c650e81e,2023-12-04,1,51,51,51
06b462c7-f914-41f7-baea-5324c650e81e,2023-12-11,2,37.8,37.2,38.4
06b462c7-f914-41f7-baea-5324c650e81e,2024-01-01,3,51.6,45.6,61
06b462c7-f914-41f7-baea-5324c650e81e,2024-01-08,1,50.4,50.4,50.4
06b462c7-f914-41f7-baea-5324c650e81e,2024-01-15,2,55.2,55.2,55.2
06b462c7-f914-41f7-baea-5324c650e81e,2024-01-22,1,69.32,69.32,69.32
06b462c7-f914-41f7-baea-5324c650e81e,2024-01-29,2,61.94,56.68,67.2
06b462c7-f914-41f7-baea-5324c650e81e,2024-02-05,1,64.8,64.8,64.8
06b462c7-f914-41f7-baea-5324c650e81e,2024-02-26,2,51.8,51.6,52
06b462c7-f914-41f7-baea-5324c650e81e,2024-03-04,2,60,57.6,62.4
06b462c7-f914-41f7-baea-5324c650e81e,2024-03-11,1,44.4,44.4,44.4
06b462c7-f914-41f7-baea-5324c650e81e,2024-03-18,2,54.4,52.8,56
06b462c7-f914-41f7-baea-5324c650e81e,2024-03-25,1,45.6,45.6,45.6
06b462c7-f914-41f7-baea-5324c650e81e,2024-04-08,1,52.69,52.69,52.69
06b462c7-f914-41f7-baea-5324c650e81e,2024-04-22,2,50.3,45.6,55
06b462c7-f914-41f7-baea-5324c650e81e,2024-04-29,3,51,42.55,55.48
06b462c7-f914-41f7-baea-5324c650e81e,2024-05-06,1,62.4,62.4,62.4
06b462c7-f914-41f7-baea-5324c650e81e,2024-05-13,3,50.4,46,51.6
06b462c7-f914-41f7-baea-5324c650e81e,2024-05-27,1,50.48,50.48,50.48
06b462c7-f914-41f7-baea-5324c650e81e,2024-06-03,1,100,100,100
06b462c7-f914-41f7-baea-5324c650e81e,2024-06-24,1,46.8,46.8,46.8
06b462c7-f914-41f7-baea-5324c650e81e,2024-07-01,1,82.9,82.9,82.9
06b462c7-f914-41f7-baea-5324c650e81e,2024-07-08,1,48.36,48.36,48.36
06b462c7-f914-41f7-baea-5324c650e81e,2024-07-22,2,49.1,43.2,55
06b462c7-f914-41f7-baea-5324c650e81e,2024-07-29,1,58,58,58
06b462c7-f914-41f7-baea-5324c650e81e,2024-08-19,2,64.72,55,74.45
06b462c7-f914-41f7-baea-5324c650e81e,2024-09-02,1,65.55,65.55,65.55
06b462c7-f914-41f7-baea-5324c650e81e,2024-09-09,1,52.8,52.8,52.8
06b462c7-f914-41f7-baea-5324c650e81e,2024-09-16,1,75,75,75
06b462c7-f914-41f7-baea-5324c650e81e,2024-10-21,1,52.49,52.49,52.49
06b462c7-f914-41f7-baea-5324c650e81e,2024-10-28,4,62.87,45,65
06b462c7-f914-41f7-baea-5324c650e81e,2024-11-11,1,61,61,61
06b462c7-f914-41f7-baea-5324c650e81e,2024-11-25,2,67.5,60,75
06b462c7-f914-41f7-baea-5324c650e81e,2024-12-30,2,58.5,55,62
06b462c7-f914-41f7-baea-5324c650e81e,2025-01-27,2,62.06,52,72.12
06b462c7-f914-41f7-baea-5324c650e81e,2025-02-03,1,61,61,61
06b462c7-f914-41f7-baea-5324c650e81e,2025-02-10,2,62.5,60,65
06b462c7-f914-41f7-baea-5324c650e81e,2025-02-17,3,69,60,70
06b462c7-f914-41f7-baea-5324c650e81e,2025-02-24,4,73.5,64,85.49
06b462c7-f914-41f7-baea-5324c650e81e,2025-03-10,3,67,65,75
06b462c7-f914-41f7-baea-5324c650e81e,2025-03-17,2,71.5,68,75
06b462c7-f914-41f7-baea-5324c650e81e,2025-03-31,2,80,75,85
06b462c7-f914-41f7-baea-5324c650e81e,2025-04-14,3,86.4,79.2,89.99
06b462c7-f914-41f7-baea-5324c650e81e,2025-04-28,2,93.18,71.37,114.99
06b462c7-f914-41f7-baea-5324c650e81e,2025-05-05,1,88,88,88
06b462c7-f914-41f7-baea-5324c650e81e,2025-05-12,1,73,73,73
06b462c7-f914-41f7-baea-5324c650e81e,2025-06-02,1,70,70,70
06b462c7-f914-41f7-baea-5324c650e81e,2025-06-09,1,80,80,80
06b462c7-f914-41f7-baea-5324c650e81e,2025-06-16,1,113.04,113.04,113.04
06b462c7-f914-41f7-baea-5324c650e81e,2025-06-23,1,85,85,85
06b462c7-f914-41f7-baea-5324c650e81e,2025-06-30,1,114.99,114.99,114.99
06b462c7-f914-41f7-baea-5324c650e81e,2025-07-14,2,95,95,95
06b462c7-f914-41f7-baea-5324c650e81e,2025-07-21,2,107.69,95,120.39
06b462c7-f914-41f7-baea-5324c650e81e,2025-08-18,2,209,120,298
06b462c7-f914-41f7-baea-5324c650e81e,2025-08-25,3,118.03,98.4,122.5
06b462c7-f914-41f7-baea-5324c650e81e,2025-09-08,1,129.99,129.99,129.99
06b462c7-f914-41f7-baea-5324c650e81e,2025-09-15,3,140,129.99,169.69
06b462c7-f914-41f7-baea-5324c650e81e,2025-09-29,1,175,175,175
06b462c7-f914-41f7-baea-5324c650e81e,2025-10-13,1,200,200,200
06b462c7-f914-41f7-baea-5324c650e81e,2025-10-20,2,145,125,165
06b462c7-f914-41f7-baea-5324c650e81e,2025-10-27,1,182.5,182.5,182.5
06b462c7-f914-41f7-baea-5324c650e81e,2025-11-10,1,200,200,200
06b462c7-f914-41f7-baea-5324c650e81e,2025-11-17,1,109.5,109.5,109.5
06b462c7-f914-41f7-baea-5324c650e81e,2025-12-01,1,93.92,93.92,93.92
06b462c7-f914-41f7-baea-5324c650e81e,2025-12-29,1,197.5,197.5,197.5
06b462c7-f914-41f7-baea-5324c650e81e,2026-02-02,2,212.5,200,225
06b462c7-f914-41f7-baea-5324c650e81e,2026-02-09,1,210,210,210
06b462c7-f914-41f7-baea-5324c650e81e,2026-02-16,1,158.82,158.82,158.82
06b462c7-f914-41f7-baea-5324c650e81e,2026-02-23,2,220,190,250
06b462c7-f914-41f7-baea-5324c650e81e,2026-03-02,4,323.77,299,396
06b462c7-f914-41f7-baea-5324c650e81e,2026-03-09,1,400,400,400
06b462c7-f914-41f7-baea-5324c650e81e,2026-03-30,2,495.5,420,571
06b462c7-f914-41f7-baea-5324c650e81e,2026-04-06,1,500,500,500
06b462c7-f914-41f7-baea-5324c650e81e,2026-04-27,4,684.66,560,820
06b462c7-f914-41f7-baea-5324c650e81e,2026-05-04,1,699.99,699.99,699.99
06b462c7-f914-41f7-baea-5324c650e81e,2026-05-11,2,645.5,611,680
06b462c7-f914-41f7-baea-5324c650e81e,2026-05-18,1,624,624,624
06b462c7-f914-41f7-baea-5324c650e81e,2026-06-01,1,600,600,600
06b462c7-f914-41f7-baea-5324c650e81e,2026-06-08,1,671,671,671
06b462c7-f914-41f7-baea-5324c650e81e,2026-06-15,1,600,600,600
06b462c7-f914-41f7-baea-5324c650e81e,2026-06-22,1,540,540,540
06b462c7-f914-41f7-baea-5324c650e81e,2026-06-29,1,417,417,417
06b462c7-f914-41f7-baea-5324c650e81e,2026-07-06,1,441.6,441.6,441.6
06b462c7-f914-41f7-baea-5324c650e81e,2026-07-13,4,528.46,431.36,775
06b462c7-f914-41f7-baea-5324c650e81e,2026-07-20,2,456,413,499
06b462c7-f914-41f7-baea-5324c650e81e,2026-07-27,2,460,445,475
06b462c7-f914-41f7-baea-5324c650e81e,2026-08-03,1,465,465,465
06b462c7-f914-41f7-baea-5324c650e81e,2026-08-10,1,465,465,465
06b462c7-f914-41f7-baea-5324c650e81e,2026-08-17,3,550,400,575
06b462c7-f914-41f7-baea-5324c650e81e,2026-08-24,1,560,560,560
06b577c1-a94e-4dd6-98c4-94b24148e578,2021-11-08,1,43,43,43
06b577c1-a94e-4dd6-98c4-94b24148e578,2021-12-13,1,76,76,76
06b577c1-a94e-4dd6-98c4-94b24148e578,2021-12-20,1,60,60,60
06b577c1-a94e-4dd6-98c4-94b24148e578,2021-12-27,2,41.75,41.01,42.5
06b577c1-a94e-4dd6-98c4-94b24148e578,2022-01-31,1,36,36,36
06b577c1-a94e-4dd6-98c4-94b24148e578,2022-03-07,1,50.01,50.01,50.01
06b577c1-a94e-4dd6-98c4-94b24148e578,2022-03-21,1,45,45,45
06b577c1-a94e-4dd6-98c4-94b24148e578,2022-03-28,1,60,60,60
06b577c1-a94e-4dd6-98c4-94b24148e578,2022-05-16,2,58.36,54.73,62
06b577c1-a94e-4dd6-98c4-94b24148e578,2022-05-30,1,30,30,30
06b577c1-a94e-4dd6-98c4-94b24148e578,2022-06-13,2,26.62,25.2,28.03
06b577c1-a94e-4dd6-98c4-94b24148e578,2022-06-20,1,39.75,39.75,39.75
06b577c1-a94e-4dd6-98c4-94b24148e578,2022-06-27,2,38,26,49.99
06b577c1-a94e-4dd6-98c4-94b24148e578,2022-07-11,1,85.46,85.46,85.46
06b577c1-a94e-4dd6-98c4-94b24148e578,2022-07-18,3,27,19,68
06b577c1-a94e-4dd6-98c4-94b24148e578,2022-07-25,1,26,26,26
06b577c1-a94e-4dd6-98c4-94b24148e578,2022-08-01,1,28,28,28
06b577c1-a94e-4dd6-98c4-94b24148e578,2022-08-08,2,29.5,29,30
06b577c1-a94e-4dd6-98c4-94b24148e578,2022-09-12,1,33.6,33.6,33.6
06b577c1-a94e-4dd6-98c4-94b24148e578,2022-10-17,1,31,31,31
06b577c1-a94e-4dd6-98c4-94b24148e578,2022-10-31,2,37,34.53,39.47
06b577c1-a94e-4dd6-98c4-94b24148e578,2022-12-19,1,42.35,42.35,42.35
06b577c1-a94e-4dd6-98c4-94b24148e578,2022-12-26,1,59.99,59.99,59.99
06b577c1-a94e-4dd6-98c4-94b24148e578,2023-01-09,1,55,55,55
06b577c1-a94e-4dd6-98c4-94b24148e578,2023-03-06,2,32.5,32,33
06b577c1-a94e-4dd6-98c4-94b24148e578,2023-03-13,1,37,37,37
06b577c1-a94e-4dd6-98c4-94b24148e578,2023-03-20,1,39,39,39
06b577c1-a94e-4dd6-98c4-94b24148e578,2023-05-01,1,59.99,59.99,59.99
06b577c1-a94e-4dd6-98c4-94b24148e578,2023-05-08,1,36.95,36.95,36.95
06b577c1-a94e-4dd6-98c4-94b24148e578,2023-05-22,1,45,45,45
06b577c1-a94e-4dd6-98c4-94b24148e578,2023-05-29,1,54,54,54
06b577c1-a94e-4dd6-98c4-94b24148e578,2023-07-24,1,59.99,59.99,59.99
06b577c1-a94e-4dd6-98c4-94b24148e578,2023-08-07,1,30,30,30
06b577c1-a94e-4dd6-98c4-94b24148e578,2023-09-11,1,26,26,26
06b577c1-a94e-4dd6-98c4-94b24148e578,2023-10-02,1,26,26,26
06b577c1-a94e-4dd6-98c4-94b24148e578,2023-10-23,1,63.21,63.21,63.21
06b577c1-a94e-4dd6-98c4-94b24148e578,2023-11-06,1,44.28,44.28,44.28
06b577c1-a94e-4dd6-98c4-94b24148e578,2024-01-08,1,34,34,34
06b577c1-a94e-4dd6-98c4-94b24148e578,2024-04-22,1,31,31,31
06b577c1-a94e-4dd6-98c4-94b24148e578,2024-05-27,2,28.8,26,31.61
06b577c1-a94e-4dd6-98c4-94b24148e578,2024-06-03,1,40,40,40
06b577c1-a94e-4dd6-98c4-94b24148e578,2024-06-10,1,44.99,44.99,44.99
06b577c1-a94e-4dd6-98c4-94b24148e578,2024-06-24,2,41.5,37,46
06b577c1-a94e-4dd6-98c4-94b24148e578,2024-08-05,3,36,34.99,50.83
06b577c1-a94e-4dd6-98c4-94b24148e578,2024-09-02,1,42.95,42.95,42.95
06b577c1-a94e-4dd6-98c4-94b24148e578,2024-09-16,1,37,37,37
06b577c1-a94e-4dd6-98c4-94b24148e578,2024-09-23,1,39.95,39.95,39.95
06b577c1-a94e-4dd6-98c4-94b24148e578,2024-09-30,1,43.14,43.14,43.14
06b577c1-a94e-4dd6-98c4-94b24148e578,2024-10-21,1,39,39,39
06b577c1-a94e-4dd6-98c4-94b24148e578,2024-11-25,1,39.99,39.99,39.99
06b577c1-a94e-4dd6-98c4-94b24148e578,2024-12-02,1,69.99,69.99,69.99
06b577c1-a94e-4dd6-98c4-94b24148e578,2024-12-23,1,60,60,60
06b577c1-a94e-4dd6-98c4-94b24148e578,2025-04-21,1,75.53,75.53,75.53
06b577c1-a94e-4dd6-98c4-94b24148e578,2025-05-19,1,79.99,79.99,79.99
06b577c1-a94e-4dd6-98c4-94b24148e578,2025-05-26,1,105.24,105.24,105.24
06b577c1-a94e-4dd6-98c4-94b24148e578,2025-06-09,1,52.84,52.84,52.84
06b577c1-a94e-4dd6-98c4-94b24148e578,2025-06-23,1,79.99,79.99,79.99
06b577c1-a94e-4dd6-98c4-94b24148e578,2025-06-30,1,74.99,74.99,74.99
06b577c1-a94e-4dd6-98c4-94b24148e578,2025-07-07,2,77.97,76,79.95
06b577c1-a94e-4dd6-98c4-94b24148e578,2025-08-18,1,90,90,90
06b577c1-a94e-4dd6-98c4-94b24148e578,2025-10-27,1,89.99,89.99,89.99
06b577c1-a94e-4dd6-98c4-94b24148e578,2025-11-17,1,103.5,103.5,103.5
06b577c1-a94e-4dd6-98c4-94b24148e578,2025-12-15,1,115,115,115
06b577c1-a94e-4dd6-98c4-94b24148e578,2026-01-12,1,110,110,110
06b577c1-a94e-4dd6-98c4-94b24148e578,2026-02-16,1,123,123,123
06b577c1-a94e-4dd6-98c4-94b24148e578,2026-02-23,1,124.99,124.99,124.99
06b577c1-a94e-4dd6-98c4-94b24148e578,2026-03-30,1,103.2,103.2,103.2
06b577c1-a94e-4dd6-98c4-94b24148e578,2026-05-25,1,107.5,107.5,107.5
06b577c1-a94e-4dd6-98c4-94b24148e578,2026-06-01,1,159.99,159.99,159.99
06b577c1-a94e-4dd6-98c4-94b24148e578,2026-06-22,1,156,156,156
06b577c1-a94e-4dd6-98c4-94b24148e578,2026-06-29,2,221.22,168,274.43
06b577c1-a94e-4dd6-98c4-94b24148e578,2026-07-06,1,187.43,187.43,187.43
06b577c1-a94e-4dd6-98c4-94b24148e578,2026-07-27,1,194.57,194.57,194.57
06b96984-0afa-4c41-97e4-29fb096c64c9,2026-05-04,1,1316.61,1316.61,1316.61
06ba4f77-f103-41be-9dae-f90c84125ef8,2023-11-13,1,294.95,294.95,294.95
06ba4f77-f103-41be-9dae-f90c84125ef8,2023-11-20,5,255,230.5,275
06ba4f77-f103-41be-9dae-f90c84125ef8,2023-12-04,1,232.5,232.5,232.5
06ba4f77-f103-41be-9dae-f90c84125ef8,2023-12-11,1,182.5,182.5,182.5
06ba4f77-f103-41be-9dae-f90c84125ef8,2023-12-18,4,208.75,177.5,222.5
06ba4f77-f103-41be-9dae-f90c84125ef8,2023-12-25,2,212.5,205,219.99
06ba4f77-f103-41be-9dae-f90c84125ef8,2024-01-01,4,210,195,219.99
06ba4f77-f103-41be-9dae-f90c84125ef8,2024-01-08,3,188.5,180,224.1
06ba4f77-f103-41be-9dae-f90c84125ef8,2024-01-15,4,171.92,150,182.5
06ba4f77-f103-41be-9dae-f90c84125ef8,2024-01-22,5,175,157,225.6
06ba4f77-f103-41be-9dae-f90c84125ef8,2024-01-29,2,136.25,132.51,140
06ba4f77-f103-41be-9dae-f90c84125ef8,2024-02-19,4,148.22,128.32,179.95
06ba4f77-f103-41be-9dae-f90c84125ef8,2024-02-26,2,160.97,159.99,161.95
06ba4f77-f103-41be-9dae-f90c84125ef8,2024-03-04,1,155,155,155
06ba4f77-f103-41be-9dae-f90c84125ef8,2024-03-18,3,142.6,128.48,172.99
06ba4f77-f103-41be-9dae-f90c84125ef8,2024-04-08,1,83,83,83
06ba4f77-f103-41be-9dae-f90c84125ef8,2024-04-22,2,108.7,95,122.41
06ba4f77-f103-41be-9dae-f90c84125ef8,2024-04-29,2,103.5,86,121
06ba4f77-f103-41be-9dae-f90c84125ef8,2024-05-06,3,90,70,107.5
06ba4f77-f103-41be-9dae-f90c84125ef8,2024-05-13,4,99.5,85,109.2
06ba4f77-f103-41be-9dae-f90c84125ef8,2024-05-20,3,129,110.5,131
06ba4f77-f103-41be-9dae-f90c84125ef8,2024-05-27,2,92.77,58.45,127.08
06ba4f77-f103-41be-9dae-f90c84125ef8,2024-06-03,5,92.94,82,146.95
06ba4f77-f103-41be-9dae-f90c84125ef8,2024-06-10,3,91.2,81,125
06ba4f77-f103-41be-9dae-f90c84125ef8,2024-06-17,2,113,102.5,123.5
06ba4f77-f103-41be-9dae-f90c84125ef8,2024-07-01,2,84.22,58.45,110
06ba4f77-f103-41be-9dae-f90c84125ef8,2024-07-08,2,75.53,41.11,109.95
06ba4f77-f103-41be-9dae-f90c84125ef8,2024-07-15,3,106.99,82,109.99
06ba4f77-f103-41be-9dae-f90c84125ef8,2024-07-22,1,90,90,90
06ba4f77-f103-41be-9dae-f90c84125ef8,2024-07-29,2,94.5,70,119
06ba4f77-f103-41be-9dae-f90c84125ef8,2024-08-05,3,100,60,140.63
06ba4f77-f103-41be-9dae-f90c84125ef8,2024-08-19,1,100,100,100
06ba4f77-f103-41be-9dae-f90c84125ef8,2024-08-26,1,115,115,115
06ba4f77-f103-41be-9dae-f90c84125ef8,2024-09-02,2,110,90,130
06ba4f77-f103-41be-9dae-f90c84125ef8,2024-09-16,1,89,89,89
06ba4f77-f103-41be-9dae-f90c84125ef8,2024-09-23,1,90,90,90
06ba4f77-f103-41be-9dae-f90c84125ef8,2024-10-07,1,112.9,112.9,112.9
06ba4f77-f103-41be-9dae-f90c84125ef8,2024-10-14,1,90,90,90
06ba4f77-f103-41be-9dae-f90c84125ef8,2024-10-21,4,84.5,72,93
06ba4f77-f103-41be-9dae-f90c84125ef8,2024-11-04,2,110,60,159.99
06ba4f77-f103-41be-9dae-f90c84125ef8,2024-11-11,2,89.5,84.99,94
06ba4f77-f103-41be-9dae-f90c84125ef8,2024-11-18,2,117.47,99.99,134.95
06ba4f77-f103-41be-9dae-f90c84125ef8,2024-11-25,1,80,80,80
06ba4f77-f103-41be-9dae-f90c84125ef8,2024-12-02,1,100,100,100
06ba4f77-f103-41be-9dae-f90c84125ef8,2024-12-16,3,99.99,94.99,104.99
06ba4f77-f103-41be-9dae-f90c84125ef8,2024-12-23,1,99.99,99.99,99.99
06ba4f77-f103-41be-9dae-f90c84125ef8,2024-12-30,4,99.25,93.99,104.99
06ba4f77-f103-41be-9dae-f90c84125ef8,2025-01-06,1,129.99,129.99,129.99
06ba4f77-f103-41be-9dae-f90c84125ef8,2025-01-13,1,133.99,133.99,133.99
06ba4f77-f103-41be-9dae-f90c84125ef8,2025-01-20,4,135,110,140
06ba4f77-f103-41be-9dae-f90c84125ef8,2025-01-27,1,85.28,85.28,85.28
06ba4f77-f103-41be-9dae-f90c84125ef8,2025-02-10,1,84.08,84.08,84.08
06ba4f77-f103-41be-9dae-f90c84125ef8,2025-02-17,1,125,125,125
06ba4f77-f103-41be-9dae-f90c84125ef8,2025-03-03,1,109.99,109.99,109.99
06ba4f77-f103-41be-9dae-f90c84125ef8,2025-03-17,1,104.96,104.96,104.96
06ba4f77-f103-41be-9dae-f90c84125ef8,2025-03-31,1,126,126,126
06ba4f77-f103-41be-9dae-f90c84125ef8,2025-04-14,2,115.95,72.31,159.59
06ba4f77-f103-41be-9dae-f90c84125ef8,2025-05-12,3,100,79.1,125
06ba4f77-f103-41be-9dae-f90c84125ef8,2025-05-26,1,100,100,100
06ba4f77-f103-41be-9dae-f90c84125ef8,2025-06-16,1,120,120,120
06ba4f77-f103-41be-9dae-f90c84125ef8,2025-06-23,2,102.2,74.4,129.99
06ba4f77-f103-41be-9dae-f90c84125ef8,2025-06-30,1,97.18,97.18,97.18
06ba4f77-f103-41be-9dae-f90c84125ef8,2025-07-07,1,120,120,120
06ba4f77-f103-41be-9dae-f90c84125ef8,2025-07-14,2,134.47,119.95,149
06ba4f77-f103-41be-9dae-f90c84125ef8,2025-07-21,1,104.4,104.4,104.4
06ba4f77-f103-41be-9dae-f90c84125ef8,2025-07-28,1,135,135,135
06ba4f77-f103-41be-9dae-f90c84125ef8,2025-08-18,1,115,115,115
06ba4f77-f103-41be-9dae-f90c84125ef8,2025-08-25,1,135,135,135
06ba4f77-f103-41be-9dae-f90c84125ef8,2025-09-01,1,110,110,110
06ba4f77-f103-41be-9dae-f90c84125ef8,2025-09-08,1,100,100,100
06ba4f77-f103-41be-9dae-f90c84125ef8,2025-09-22,2,107.5,95,119.99
06ba4f77-f103-41be-9dae-f90c84125ef8,2025-10-13,3,93,78,149
06ba4f77-f103-41be-9dae-f90c84125ef8,2025-10-20,1,129.64,129.64,129.64
06ba4f77-f103-41be-9dae-f90c84125ef8,2025-10-27,2,91.6,83.2,100
06ba4f77-f103-41be-9dae-f90c84125ef8,2025-11-10,2,94.91,91,98.81
06ba4f77-f103-41be-9dae-f90c84125ef8,2025-11-17,3,91,79,95
06ba4f77-f103-41be-9dae-f90c84125ef8,2025-12-01,1,59.46,59.46,59.46
06ba4f77-f103-41be-9dae-f90c84125ef8,2025-12-08,2,129,108,149.99
06ba4f77-f103-41be-9dae-f90c84125ef8,2025-12-15,3,99.99,95,105
06ba4f77-f103-41be-9dae-f90c84125ef8,2025-12-29,1,99,99,99
06ba4f77-f103-41be-9dae-f90c84125ef8,2026-01-05,2,89.34,73.67,105
06ba4f77-f103-41be-9dae-f90c84125ef8,2026-01-12,1,110.01,110.01,110.01
06ba4f77-f103-41be-9dae-f90c84125ef8,2026-01-19,1,100,100,100
06ba4f77-f103-41be-9dae-f90c84125ef8,2026-01-26,1,100,100,100
06ba4f77-f103-41be-9dae-f90c84125ef8,2026-02-02,1,112.5,112.5,112.5
06ba4f77-f103-41be-9dae-f90c84125ef8,2026-02-09,1,110,110,110
06ba4f77-f103-41be-9dae-f90c84125ef8,2026-02-16,3,119.12,110,122.5
06ba4f77-f103-41be-9dae-f90c84125ef8,2026-02-23,2,182.5,165,200
06ba4f77-f103-41be-9dae-f90c84125ef8,2026-03-09,1,135.86,135.86,135.86
06ba4f77-f103-41be-9dae-f90c84125ef8,2026-03-23,2,193.32,136.8,249.85
06ba4f77-f103-41be-9dae-f90c84125ef8,2026-04-27,2,186.25,172.5,200
06ba4f77-f103-41be-9dae-f90c84125ef8,2026-05-04,1,150,150,150
06ba4f77-f103-41be-9dae-f90c84125ef8,2026-05-11,1,123,123,123
06ba4f77-f103-41be-9dae-f90c84125ef8,2026-05-25,1,153.9,153.9,153.9
06ba4f77-f103-41be-9dae-f90c84125ef8,2026-06-15,1,182.5,182.5,182.5
06ba4f77-f103-41be-9dae-f90c84125ef8,2026-07-06,3,133.92,116,149.99
06ba4f77-f103-41be-9dae-f90c84125ef8,2026-07-27,1,144.5,144.5,144.5
06ba4f77-f103-41be-9dae-f90c84125ef8,2026-08-03,2,132.12,91.5,172.75
06ba4f77-f103-41be-9dae-f90c84125ef8,2026-08-10,3,92.4,82.15,101.18
06ba4f77-f103-41be-9dae-f90c84125ef8,2026-08-17,1,97,97,97
06bbfffd-c6d0-40c8-aa6a-98438ff2a151,2021-04-26,2,241.25,232.5,249.99
06bbfffd-c6d0-40c8-aa6a-98438ff2a151,2021-05-03,1,200,200,200
06bbfffd-c6d0-40c8-aa6a-98438ff2a151,2021-05-17,1,130,130,130
06bbfffd-c6d0-40c8-aa6a-98438ff2a151,2021-06-21,1,220.5,220.5,220.5
06bbfffd-c6d0-40c8-aa6a-98438ff2a151,2021-07-12,2,192.26,184.53,200
06bbfffd-c6d0-40c8-aa6a-98438ff2a151,2021-08-16,1,283,283,283
06bbfffd-c6d0-40c8-aa6a-98438ff2a151,2021-10-18,1,255,255,255
06bbfffd-c6d0-40c8-aa6a-98438ff2a151,2021-11-15,2,355,270,440
06bbfffd-c6d0-40c8-aa6a-98438ff2a151,2021-12-06,1,196.41,196.41,196.41
06bbfffd-c6d0-40c8-aa6a-98438ff2a151,2022-01-31,1,184.5,184.5,184.5
06bbfffd-c6d0-40c8-aa6a-98438ff2a151,2022-02-07,1,225,225,225
06bbfffd-c6d0-40c8-aa6a-98438ff2a151,2022-02-14,1,156,156,156
06bbfffd-c6d0-40c8-aa6a-98438ff2a151,2022-02-21,1,350,350,350
06bbfffd-c6d0-40c8-aa6a-98438ff2a151,2022-03-21,1,250,250,250
06bbfffd-c6d0-40c8-aa6a-98438ff2a151,2022-08-01,1,253.25,253.25,253.25
06bbfffd-c6d0-40c8-aa6a-98438ff2a151,2022-08-08,1,222.5,222.5,222.5
06bbfffd-c6d0-40c8-aa6a-98438ff2a151,2022-08-15,1,289.17,289.17,289.17
06bbfffd-c6d0-40c8-aa6a-98438ff2a151,2022-10-24,1,289.79,289.79,289.79
06bbfffd-c6d0-40c8-aa6a-98438ff2a151,2022-11-14,1,219.5,219.5,219.5
06bbfffd-c6d0-40c8-aa6a-98438ff2a151,2022-12-05,3,192.72,176.5,222
06bbfffd-c6d0-40c8-aa6a-98438ff2a151,2022-12-12,1,200,200,200
06bbfffd-c6d0-40c8-aa6a-98438ff2a151,2023-01-16,1,163.26,163.26,163.26
06bbfffd-c6d0-40c8-aa6a-98438ff2a151,2023-01-30,1,221.3,221.3,221.3
06bbfffd-c6d0-40c8-aa6a-98438ff2a151,2023-02-13,2,173.75,152.5,195
06bbfffd-c6d0-40c8-aa6a-98438ff2a151,2023-02-20,1,212.49,212.49,212.49
06bbfffd-c6d0-40c8-aa6a-98438ff2a151,2023-03-06,1,156.79,156.79,156.79
06bbfffd-c6d0-40c8-aa6a-98438ff2a151,2023-04-17,1,259.99,259.99,259.99
06bbfffd-c6d0-40c8-aa6a-98438ff2a151,2023-05-15,2,171.03,167.05,175
06bbfffd-c6d0-40c8-aa6a-98438ff2a151,2023-05-22,1,184.7,184.7,184.7
06bbfffd-c6d0-40c8-aa6a-98438ff2a151,2023-07-03,1,167.54,167.54,167.54
06bbfffd-c6d0-40c8-aa6a-98438ff2a151,2023-07-10,1,180,180,180
06bbfffd-c6d0-40c8-aa6a-98438ff2a151,2023-08-21,1,180,180,180
06bbfffd-c6d0-40c8-aa6a-98438ff2a151,2023-08-28,2,115.88,102.5,129.25
06bbfffd-c6d0-40c8-aa6a-98438ff2a151,2023-09-18,1,202.5,202.5,202.5
06bbfffd-c6d0-40c8-aa6a-98438ff2a151,2023-10-23,1,160.8,160.8,160.8
06bbfffd-c6d0-40c8-aa6a-98438ff2a151,2023-11-06,1,157.5,157.5,157.5
06bbfffd-c6d0-40c8-aa6a-98438ff2a151,2023-11-20,1,100,100,100
06bbfffd-c6d0-40c8-aa6a-98438ff2a151,2023-11-27,1,136.49,136.49,136.49
06bbfffd-c6d0-40c8-aa6a-98438ff2a151,2023-12-04,1,144.79,144.79,144.79
06bbfffd-c6d0-40c8-aa6a-98438ff2a151,2023-12-11,1,149.99,149.99,149.99
06bbfffd-c6d0-40c8-aa6a-98438ff2a151,2023-12-18,1,122.5,122.5,122.5
06bbfffd-c6d0-40c8-aa6a-98438ff2a151,2024-01-01,1,141.5,141.5,141.5
06bbfffd-c6d0-40c8-aa6a-98438ff2a151,2024-01-08,1,112.8,112.8,112.8
06bbfffd-c6d0-40c8-aa6a-98438ff2a151,2024-02-05,1,169.99,169.99,169.99
06bbfffd-c6d0-40c8-aa6a-98438ff2a151,2024-02-26,1,150,150,150
06bbfffd-c6d0-40c8-aa6a-98438ff2a151,2024-04-08,1,191.4,191.4,191.4
06bbfffd-c6d0-40c8-aa6a-98438ff2a151,2024-04-15,1,138.5,138.5,138.5
06bbfffd-c6d0-40c8-aa6a-98438ff2a151,2024-04-29,2,159,150,168
06bbfffd-c6d0-40c8-aa6a-98438ff2a151,2024-05-20,2,176.49,162.5,190.48
06bbfffd-c6d0-40c8-aa6a-98438ff2a151,2024-06-03,1,132.5,132.5,132.5
06bbfffd-c6d0-40c8-aa6a-98438ff2a151,2024-06-17,1,163.5,163.5,163.5
06bbfffd-c6d0-40c8-aa6a-98438ff2a151,2024-07-29,1,149.99,149.99,149.99
06bbfffd-c6d0-40c8-aa6a-98438ff2a151,2024-08-05,1,121.5,121.5,121.5
06bbfffd-c6d0-40c8-aa6a-98438ff2a151,2024-08-19,1,150,150,150
06bbfffd-c6d0-40c8-aa6a-98438ff2a151,2024-10-14,1,124.38,124.38,124.38
06bbfffd-c6d0-40c8-aa6a-98438ff2a151,2024-10-28,2,186.58,152.5,220.66
06bbfffd-c6d0-40c8-aa6a-98438ff2a151,2024-11-04,1,118.5,118.5,118.5
06bbfffd-c6d0-40c8-aa6a-98438ff2a151,2024-11-25,1,160,160,160
06bbfffd-c6d0-40c8-aa6a-98438ff2a151,2024-12-02,1,112.5,112.5,112.5
06bbfffd-c6d0-40c8-aa6a-98438ff2a151,2024-12-16,1,120,120,120
06bbfffd-c6d0-40c8-aa6a-98438ff2a151,2024-12-23,1,150,150,150
06bbfffd-c6d0-40c8-aa6a-98438ff2a151,2024-12-30,1,160,160,160
06bbfffd-c6d0-40c8-aa6a-98438ff2a151,2025-01-06,1,147.5,147.5,147.5
06bbfffd-c6d0-40c8-aa6a-98438ff2a151,2025-01-13,1,130,130,130
06bbfffd-c6d0-40c8-aa6a-98438ff2a151,2025-01-20,1,187.28,187.28,187.28
06bbfffd-c6d0-40c8-aa6a-98438ff2a151,2025-01-27,2,152.5,145,159.99
06bbfffd-c6d0-40c8-aa6a-98438ff2a151,2025-02-03,1,140.99,140.99,140.99
06bbfffd-c6d0-40c8-aa6a-98438ff2a151,2025-02-10,2,146.52,132,161.04
06bbfffd-c6d0-40c8-aa6a-98438ff2a151,2025-03-03,1,115,115,115
06bbfffd-c6d0-40c8-aa6a-98438ff2a151,2025-04-07,1,156,156,156
06bbfffd-c6d0-40c8-aa6a-98438ff2a151,2025-04-21,1,175,175,175
06bbfffd-c6d0-40c8-aa6a-98438ff2a151,2025-05-19,1,165,165,165
06bbfffd-c6d0-40c8-aa6a-98438ff2a151,2025-07-07,1,299.99,299.99,299.99
06bbfffd-c6d0-40c8-aa6a-98438ff2a151,2025-07-14,1,195,195,195
06bbfffd-c6d0-40c8-aa6a-98438ff2a151,2025-07-21,2,237.5,224.99,250
06bbfffd-c6d0-40c8-aa6a-98438ff2a151,2025-08-11,1,220,220,220
06bbfffd-c6d0-40c8-aa6a-98438ff2a151,2025-08-25,1,299.99,299.99,299.99
06bbfffd-c6d0-40c8-aa6a-98438ff2a151,2025-09-01,1,200,200,200
06bbfffd-c6d0-40c8-aa6a-98438ff2a151,2025-09-08,1,329.99,329.99,329.99
06bbfffd-c6d0-40c8-aa6a-98438ff2a151,2025-09-15,1,280,280,280
06bbfffd-c6d0-40c8-aa6a-98438ff2a151,2025-10-06,1,290,290,290
06bbfffd-c6d0-40c8-aa6a-98438ff2a151,2025-11-03,1,247.93,247.93,247.93
06bbfffd-c6d0-40c8-aa6a-98438ff2a151,2025-11-17,1,350,350,350
06bbfffd-c6d0-40c8-aa6a-98438ff2a151,2025-12-08,1,305,305,305
06bbfffd-c6d0-40c8-aa6a-98438ff2a151,2025-12-15,1,202.5,202.5,202.5
06bbfffd-c6d0-40c8-aa6a-98438ff2a151,2026-01-05,1,301.72,301.72,301.72
06bbfffd-c6d0-40c8-aa6a-98438ff2a151,2026-01-19,1,500,500,500
06bbfffd-c6d0-40c8-aa6a-98438ff2a151,2026-02-16,1,400,400,400
06bbfffd-c6d0-40c8-aa6a-98438ff2a151,2026-02-23,1,500,500,500
06bbfffd-c6d0-40c8-aa6a-98438ff2a151,2026-03-02,1,550,550,550
06bbfffd-c6d0-40c8-aa6a-98438ff2a151,2026-03-30,2,1157.2,1114.41,1200
06bbfffd-c6d0-40c8-aa6a-98438ff2a151,2026-04-06,1,1399.99,1399.99,1399.99
06bbfffd-c6d0-40c8-aa6a-98438ff2a151,2026-04-13,2,1175,1150,1200
06bbfffd-c6d0-40c8-aa6a-98438ff2a151,2026-04-20,1,1055,1055,1055
06bbfffd-c6d0-40c8-aa6a-98438ff2a151,2026-05-04,2,880,500,1260
06bbfffd-c6d0-40c8-aa6a-98438ff2a151,2026-06-01,1,1067.19,1067.19,1067.19
06bbfffd-c6d0-40c8-aa6a-98438ff2a151,2026-06-15,1,900,900,900
06bbfffd-c6d0-40c8-aa6a-98438ff2a151,2026-06-22,1,1149.99,1149.99,1149.99
06bbfffd-c6d0-40c8-aa6a-98438ff2a151,2026-06-29,1,870,870,870
06bbfffd-c6d0-40c8-aa6a-98438ff2a151,2026-07-20,1,800.64,800.64,800.64
06bbfffd-c6d0-40c8-aa6a-98438ff2a151,2026-08-03,4,746.85,637.2,795
06bbfffd-c6d0-40c8-aa6a-98438ff2a151,2026-08-10,1,885,885,885
06bbfffd-c6d0-40c8-aa6a-98438ff2a151,2026-08-31,2,762.6,738,787.2
06c1d755-3d15-4fcc-8762-106ac701eb79,2025-12-22,1,256,256,256
06c1d755-3d15-4fcc-8762-106ac701eb79,2025-12-29,6,272.5,260,339
06c1d755-3d15-4fcc-8762-106ac701eb79,2026-01-05,5,295,262,359.44
06c1d755-3d15-4fcc-8762-106ac701eb79,2026-01-12,7,320,295,367.57
06c1d755-3d15-4fcc-8762-106ac701eb79,2026-01-19,3,350,271,350
06c1d755-3d15-4fcc-8762-106ac701eb79,2026-01-26,5,350,329,394.99
06c1d755-3d15-4fcc-8762-106ac701eb79,2026-02-02,2,330,320,340
06c1d755-3d15-4fcc-8762-106ac701eb79,2026-02-09,5,320,275,329.99
06c1d755-3d15-4fcc-8762-106ac701eb79,2026-02-16,4,312,250,350
06c1d755-3d15-4fcc-8762-106ac701eb79,2026-02-23,5,364.99,355,373.01
06c1d755-3d15-4fcc-8762-106ac701eb79,2026-03-02,6,402.31,375,450
06c1d755-3d15-4fcc-8762-106ac701eb79,2026-03-09,5,495,370,550
06c1d755-3d15-4fcc-8762-106ac701eb79,2026-03-16,7,450,399,494.9
06c1d755-3d15-4fcc-8762-106ac701eb79,2026-03-23,7,486.95,408,519.99
06c1d755-3d15-4fcc-8762-106ac701eb79,2026-03-30,11,546.68,435,575
06c1d755-3d15-4fcc-8762-106ac701eb79,2026-04-06,11,633.04,570,665
06c1d755-3d15-4fcc-8762-106ac701eb79,2026-04-13,3,691,660,695
06c1d755-3d15-4fcc-8762-106ac701eb79,2026-04-20,3,701,670,745
06c1d755-3d15-4fcc-8762-106ac701eb79,2026-04-27,2,670,650,690
06c1d755-3d15-4fcc-8762-106ac701eb79,2026-05-04,3,690,648.88,700
06c1d755-3d15-4fcc-8762-106ac701eb79,2026-05-11,3,825.09,732.33,850
06c1d755-3d15-4fcc-8762-106ac701eb79,2026-05-18,2,730,660,800
06c1d755-3d15-4fcc-8762-106ac701eb79,2026-05-25,2,755,750,760
06c1d755-3d15-4fcc-8762-106ac701eb79,2026-06-01,3,691,600.88,849
06c1d755-3d15-4fcc-8762-106ac701eb79,2026-06-08,3,630,630,754
06c1d755-3d15-4fcc-8762-106ac701eb79,2026-06-15,8,575.51,465,654.41
06c1d755-3d15-4fcc-8762-106ac701eb79,2026-06-22,6,531.51,395,618.85
06c1d755-3d15-4fcc-8762-106ac701eb79,2026-06-29,5,533.24,470,580
06c1d755-3d15-4fcc-8762-106ac701eb79,2026-07-06,8,521,430,604.61
06c1d755-3d15-4fcc-8762-106ac701eb79,2026-07-13,9,493,444,604.03
06c1d755-3d15-4fcc-8762-106ac701eb79,2026-07-20,2,542.5,485,599.99
06c1d755-3d15-4fcc-8762-106ac701eb79,2026-07-27,5,490,455,557.03
06c1d755-3d15-4fcc-8762-106ac701eb79,2026-08-03,9,492.88,439,565.19
06c1d755-3d15-4fcc-8762-106ac701eb79,2026-08-10,5,484.99,450,582.85
06c1d755-3d15-4fcc-8762-106ac701eb79,2026-08-17,4,564.85,500,597.39
06c1d755-3d15-4fcc-8762-106ac701eb79,2026-08-24,7,520.02,384,566.11
06c1d755-3d15-4fcc-8762-106ac701eb79,2026-08-31,5,471.95,420,519.93
06c1d755-3d15-4fcc-8762-106ac701eb79,2026-09-07,2,452.35,431,473.69
06c237d3-cc39-46ba-b140-b0c4faa4c682,2021-09-13,1,210,210,210
06c237d3-cc39-46ba-b140-b0c4faa4c682,2022-07-18,2,301.27,152.55,450
06c237d3-cc39-46ba-b140-b0c4faa4c682,2022-09-05,1,200,200,200
06c237d3-cc39-46ba-b140-b0c4faa4c682,2023-07-17,1,150,150,150
06c237d3-cc39-46ba-b140-b0c4faa4c682,2024-01-01,1,200,200,200
06c237d3-cc39-46ba-b140-b0c4faa4c682,2025-04-14,1,408,408,408
06c237d3-cc39-46ba-b140-b0c4faa4c682,2025-09-29,1,2688,2688,2688
06c237d3-cc39-46ba-b140-b0c4faa4c682,2026-03-09,1,3500,3500,3500
06c237d3-cc39-46ba-b140-b0c4faa4c682,2026-04-27,1,4320,4320,4320
06c237d3-cc39-46ba-b140-b0c4faa4c682,2026-07-13,1,7200,7200,7200
06c237d3-cc39-46ba-b140-b0c4faa4c682,2026-08-10,1,9500,9500,9500
06c48642-0b70-4689-ba75-55cbe25c557a,2026-04-13,1,15.5,15.5,15.5
06c4d74e-76ab-4f64-a2c3-a5868807f2ee,2021-04-05,1,150,150,150
06c4d74e-76ab-4f64-a2c3-a5868807f2ee,2021-08-16,1,106.99,106.99,106.99
06c4d74e-76ab-4f64-a2c3-a5868807f2ee,2021-09-13,1,106.99,106.99,106.99
06c4d74e-76ab-4f64-a2c3-a5868807f2ee,2022-04-11,1,104.95,104.95,104.95
06c4d74e-76ab-4f64-a2c3-a5868807f2ee,2023-01-09,1,60,60,60
06c4d74e-76ab-4f64-a2c3-a5868807f2ee,2023-02-06,1,42.5,42.5,42.5
06c4d74e-76ab-4f64-a2c3-a5868807f2ee,2023-09-11,1,26.4,26.4,26.4
06c4d74e-76ab-4f64-a2c3-a5868807f2ee,2024-08-26,1,80.99,80.99,80.99
06c4d74e-76ab-4f64-a2c3-a5868807f2ee,2024-10-21,1,71.44,71.44,71.44
06c4d74e-76ab-4f64-a2c3-a5868807f2ee,2024-12-23,1,100,100,100
06c4d74e-76ab-4f64-a2c3-a5868807f2ee,2025-01-06,1,149.99,149.99,149.99
06c4d74e-76ab-4f64-a2c3-a5868807f2ee,2025-01-20,1,66,66,66
06c4d74e-76ab-4f64-a2c3-a5868807f2ee,2025-04-21,1,41,41,41
06c4d74e-76ab-4f64-a2c3-a5868807f2ee,2025-06-16,1,51,51,51
06c65bcc-31fe-46d0-a552-446e60e3f3eb,2021-06-14,1,49.8,49.8,49.8
06c65bcc-31fe-46d0-a552-446e60e3f3eb,2021-08-23,2,112.5,107.5,117.5
06c65bcc-31fe-46d0-a552-446e60e3f3eb,2021-09-06,1,105,105,105
06c65bcc-31fe-46d0-a552-446e60e3f3eb,2021-09-27,1,76,76,76
06c65bcc-31fe-46d0-a552-446e60e3f3eb,2021-10-04,1,66,66,66
06c65bcc-31fe-46d0-a552-446e60e3f3eb,2021-10-18,1,33,33,33
06c65bcc-31fe-46d0-a552-446e60e3f3eb,2021-10-25,3,51,46,62
06c65bcc-31fe-46d0-a552-446e60e3f3eb,2021-11-15,2,66.5,64,69
06c65bcc-31fe-46d0-a552-446e60e3f3eb,2021-12-13,2,54.5,43,66
06c65bcc-31fe-46d0-a552-446e60e3f3eb,2021-12-20,1,102.5,102.5,102.5
06c65bcc-31fe-46d0-a552-446e60e3f3eb,2022-01-17,1,41,41,41
06c65bcc-31fe-46d0-a552-446e60e3f3eb,2022-01-24,2,81.2,62.4,100
06c65bcc-31fe-46d0-a552-446e60e3f3eb,2022-02-14,1,41,41,41
06c65bcc-31fe-46d0-a552-446e60e3f3eb,2022-02-21,1,100,100,100
06c65bcc-31fe-46d0-a552-446e60e3f3eb,2022-03-07,1,51,51,51
06c65bcc-31fe-46d0-a552-446e60e3f3eb,2022-04-18,1,37,37,37
06c65bcc-31fe-46d0-a552-446e60e3f3eb,2022-04-25,1,64,64,64
06c65bcc-31fe-46d0-a552-446e60e3f3eb,2022-05-02,1,51,51,51
06c65bcc-31fe-46d0-a552-446e60e3f3eb,2022-05-09,2,49.5,49,49.99
06c65bcc-31fe-46d0-a552-446e60e3f3eb,2022-05-16,1,38,38,38
06c65bcc-31fe-46d0-a552-446e60e3f3eb,2022-05-23,1,54.99,54.99,54.99
06c65bcc-31fe-46d0-a552-446e60e3f3eb,2022-05-30,1,57,57,57
06c65bcc-31fe-46d0-a552-446e60e3f3eb,2022-06-06,1,51.01,51.01,51.01
06c65bcc-31fe-46d0-a552-446e60e3f3eb,2022-06-13,1,31,31,31
06c65bcc-31fe-46d0-a552-446e60e3f3eb,2022-06-27,1,45.6,45.6,45.6
06c65bcc-31fe-46d0-a552-446e60e3f3eb,2022-07-11,2,71,70,72
06c65bcc-31fe-46d0-a552-446e60e3f3eb,2022-07-18,2,63.48,48,78.95
06c65bcc-31fe-46d0-a552-446e60e3f3eb,2022-07-25,1,66.93,66.93,66.93
06c65bcc-31fe-46d0-a552-446e60e3f3eb,2022-08-01,2,41.14,31,51.29
06c65bcc-31fe-46d0-a552-446e60e3f3eb,2022-08-22,1,91.02,91.02,91.02
06c65bcc-31fe-46d0-a552-446e60e3f3eb,2022-09-12,1,36,36,36
06c65bcc-31fe-46d0-a552-446e60e3f3eb,2022-09-19,2,45.89,40,51.77
06c65bcc-31fe-46d0-a552-446e60e3f3eb,2022-10-17,2,59.83,55,64.66
06c65bcc-31fe-46d0-a552-446e60e3f3eb,2022-10-31,1,36,36,36
06c65bcc-31fe-46d0-a552-446e60e3f3eb,2022-11-07,2,23.25,13.5,33
06c65bcc-31fe-46d0-a552-446e60e3f3eb,2022-11-14,2,40.5,31,50
06c65bcc-31fe-46d0-a552-446e60e3f3eb,2022-11-28,2,46.75,17.5,76
06c65bcc-31fe-46d0-a552-446e60e3f3eb,2022-12-05,1,73,73,73
06c65bcc-31fe-46d0-a552-446e60e3f3eb,2022-12-12,1,31,31,31
06c65bcc-31fe-46d0-a552-446e60e3f3eb,2022-12-19,1,27.6,27.6,27.6
06c65bcc-31fe-46d0-a552-446e60e3f3eb,2023-01-02,1,118.22,118.22,118.22
06c65bcc-31fe-46d0-a552-446e60e3f3eb,2023-01-09,2,53,51,55
06c65bcc-31fe-46d0-a552-446e60e3f3eb,2023-01-16,1,70,70,70
06c65bcc-31fe-46d0-a552-446e60e3f3eb,2023-01-23,1,48.88,48.88,48.88
06c65bcc-31fe-46d0-a552-446e60e3f3eb,2023-02-06,2,30.5,26,35
06c65bcc-31fe-46d0-a552-446e60e3f3eb,2023-02-20,3,41,39.6,43
06c65bcc-31fe-46d0-a552-446e60e3f3eb,2023-03-06,1,31,31,31
06c65bcc-31fe-46d0-a552-446e60e3f3eb,2023-03-13,2,39,36,42
06c65bcc-31fe-46d0-a552-446e60e3f3eb,2023-03-20,1,46,46,46
06c65bcc-31fe-46d0-a552-446e60e3f3eb,2023-04-10,1,18.55,18.55,18.55
06c65bcc-31fe-46d0-a552-446e60e3f3eb,2023-04-17,1,56,56,56
06c65bcc-31fe-46d0-a552-446e60e3f3eb,2023-04-24,2,39.59,25.2,53.99
06c65bcc-31fe-46d0-a552-446e60e3f3eb,2023-05-01,1,36,36,36
06c65bcc-31fe-46d0-a552-446e60e3f3eb,2023-05-15,1,29,29,29
06c65bcc-31fe-46d0-a552-446e60e3f3eb,2023-05-22,1,31.09,31.09,31.09
06c65bcc-31fe-46d0-a552-446e60e3f3eb,2023-05-29,14,96.49,49.99,150
06c65bcc-31fe-46d0-a552-446e60e3f3eb,2023-06-12,1,131.5,131.5,131.5
06c65bcc-31fe-46d0-a552-446e60e3f3eb,2023-07-24,1,147.94,147.94,147.94
06c65bcc-31fe-46d0-a552-446e60e3f3eb,2023-07-31,1,46.8,46.8,46.8
06c65bcc-31fe-46d0-a552-446e60e3f3eb,2023-08-28,1,29,29,29
06c65bcc-31fe-46d0-a552-446e60e3f3eb,2023-09-04,1,118.53,118.53,118.53
06c65bcc-31fe-46d0-a552-446e60e3f3eb,2023-09-11,1,35,35,35
06c65bcc-31fe-46d0-a552-446e60e3f3eb,2023-09-25,1,36,36,36
06c65bcc-31fe-46d0-a552-446e60e3f3eb,2023-10-02,1,47.53,47.53,47.53
06c65bcc-31fe-46d0-a552-446e60e3f3eb,2023-10-09,1,68.99,68.99,68.99
06c65bcc-31fe-46d0-a552-446e60e3f3eb,2023-10-23,1,57.03,57.03,57.03
06c65bcc-31fe-46d0-a552-446e60e3f3eb,2023-11-06,1,56.99,56.99,56.99
06c65bcc-31fe-46d0-a552-446e60e3f3eb,2023-11-13,3,36.6,27.6,47
06c65bcc-31fe-46d0-a552-446e60e3f3eb,2023-11-20,3,31.72,31.72,43
06c65bcc-31fe-46d0-a552-446e60e3f3eb,2023-12-18,1,24.5,24.5,24.5
06c65bcc-31fe-46d0-a552-446e60e3f3eb,2024-01-08,1,59.99,59.99,59.99
06c65bcc-31fe-46d0-a552-446e60e3f3eb,2024-01-22,1,31,31,31
06c65bcc-31fe-46d0-a552-446e60e3f3eb,2024-02-05,1,64.99,64.99,64.99
06c65bcc-31fe-46d0-a552-446e60e3f3eb,2024-02-19,2,13.13,10,16.26
06c65bcc-31fe-46d0-a552-446e60e3f3eb,2024-03-25,1,15.5,15.5,15.5
06c65bcc-31fe-46d0-a552-446e60e3f3eb,2024-04-08,2,65.25,40.49,90
06c65bcc-31fe-46d0-a552-446e60e3f3eb,2024-04-22,1,37,37,37
06c65bcc-31fe-46d0-a552-446e60e3f3eb,2024-05-13,3,44.05,40,80
06c65bcc-31fe-46d0-a552-446e60e3f3eb,2024-05-27,1,28.8,28.8,28.8
06c65bcc-31fe-46d0-a552-446e60e3f3eb,2024-06-17,1,26,26,26
06c65bcc-31fe-46d0-a552-446e60e3f3eb,2024-06-24,1,26.4,26.4,26.4
06c65bcc-31fe-46d0-a552-446e60e3f3eb,2024-07-01,1,32.4,32.4,32.4
06c65bcc-31fe-46d0-a552-446e60e3f3eb,2024-07-15,1,41,41,41
06c65bcc-31fe-46d0-a552-446e60e3f3eb,2024-07-29,1,65,65,65
06c65bcc-31fe-46d0-a552-446e60e3f3eb,2024-08-05,1,56,56,56
06c65bcc-31fe-46d0-a552-446e60e3f3eb,2024-09-23,1,49,49,49
06c65bcc-31fe-46d0-a552-446e60e3f3eb,2024-10-21,2,32.41,21.5,43.33
06c65bcc-31fe-46d0-a552-446e60e3f3eb,2024-11-04,1,58,58,58
06c65bcc-31fe-46d0-a552-446e60e3f3eb,2024-11-11,2,38,26,50
06c65bcc-31fe-46d0-a552-446e60e3f3eb,2024-11-18,1,66,66,66
06c65bcc-31fe-46d0-a552-446e60e3f3eb,2024-11-25,2,26.5,13,39.99
06c65bcc-31fe-46d0-a552-446e60e3f3eb,2024-12-02,4,24.25,22.5,52.04
06c65bcc-31fe-46d0-a552-446e60e3f3eb,2024-12-09,2,48.28,39.99,56.57
06c65bcc-31fe-46d0-a552-446e60e3f3eb,2024-12-16,2,31.5,31,32
06c65bcc-31fe-46d0-a552-446e60e3f3eb,2024-12-23,1,70.54,70.54,70.54
06c65bcc-31fe-46d0-a552-446e60e3f3eb,2024-12-30,2,29.75,26.5,33
06c65bcc-31fe-46d0-a552-446e60e3f3eb,2025-01-27,1,34.74,34.74,34.74
06c65bcc-31fe-46d0-a552-446e60e3f3eb,2025-02-17,1,30,30,30
06c65bcc-31fe-46d0-a552-446e60e3f3eb,2025-05-05,2,36.86,28.72,45
06c65bcc-31fe-46d0-a552-446e60e3f3eb,2025-05-19,1,40,40,40
06c65bcc-31fe-46d0-a552-446e60e3f3eb,2025-06-02,1,41,41,41
06c65bcc-31fe-46d0-a552-446e60e3f3eb,2025-08-04,1,30,30,30
06c65bcc-31fe-46d0-a552-446e60e3f3eb,2026-07-20,1,86.57,86.57,86.57
06c65bcc-31fe-46d0-a552-446e60e3f3eb,2026-08-03,1,82.57,82.57,82.57
06c65bcc-31fe-46d0-a552-446e60e3f3eb,2026-08-10,1,137,137,137
06cba1e9-c500-47ad-847c-ea56a7b2b42d,2026-01-19,1,114.73,114.73,114.73
06cba1e9-c500-47ad-847c-ea56a7b2b42d,2026-07-20,1,178.67,178.67,178.67
06d03b1e-3896-46ca-a9ce-8fb407a2cfa6,2021-11-29,2,750,750,750
06d03b1e-3896-46ca-a9ce-8fb407a2cfa6,2022-10-17,1,900,900,900
06d03b1e-3896-46ca-a9ce-8fb407a2cfa6,2022-11-07,1,900,900,900
06d03b1e-3896-46ca-a9ce-8fb407a2cfa6,2025-08-04,1,2760,2760,2760
06d03b1e-3896-46ca-a9ce-8fb407a2cfa6,2026-02-23,1,9999,9999,9999
06d23fec-8017-4172-8e01-e64a602048a0,2025-08-11,1,38.23,38.23,38.23
06d23fec-8017-4172-8e01-e64a602048a0,2025-12-01,1,29,29,29
06d23fec-8017-4172-8e01-e64a602048a0,2026-04-13,1,54.99,54.99,54.99
06d2bbf3-5797-4f02-8286-6c8a4036f6b9,2026-07-13,1,80.99,80.99,80.99
06d8d668-0174-4fcb-881e-54c0411896ba,2025-07-07,1,65.3,65.3,65.3
06d8d668-0174-4fcb-881e-54c0411896ba,2026-04-27,1,101.87,101.87,101.87
06d8d668-0174-4fcb-881e-54c0411896ba,2026-07-06,1,120,120,120
06d93901-2637-4286-b6e0-6ce7e11b32da,2023-07-10,1,20.5,20.5,20.5
06d93901-2637-4286-b6e0-6ce7e11b32da,2023-07-17,1,26,26,26
06d93901-2637-4286-b6e0-6ce7e11b32da,2023-09-04,1,15.5,15.5,15.5
06d93901-2637-4286-b6e0-6ce7e11b32da,2023-09-25,2,18.75,12.5,25
06d93901-2637-4286-b6e0-6ce7e11b32da,2023-11-06,1,9.99,9.99,9.99
06d93901-2637-4286-b6e0-6ce7e11b32da,2023-11-13,3,18,9.5,18
06d93901-2637-4286-b6e0-6ce7e11b32da,2023-11-27,3,8.4,8.4,13.2
06d93901-2637-4286-b6e0-6ce7e11b32da,2023-12-04,2,16.8,16.8,16.8
06d93901-2637-4286-b6e0-6ce7e11b32da,2024-01-15,1,25,25,25
06d93901-2637-4286-b6e0-6ce7e11b32da,2024-01-29,2,19.8,19.2,20.4
06d93901-2637-4286-b6e0-6ce7e11b32da,2024-02-05,1,15.5,15.5,15.5
06d93901-2637-4286-b6e0-6ce7e11b32da,2024-03-04,1,25,25,25
06d93901-2637-4286-b6e0-6ce7e11b32da,2024-07-29,1,25,25,25
06d93901-2637-4286-b6e0-6ce7e11b32da,2024-12-30,1,11.5,11.5,11.5
06d93901-2637-4286-b6e0-6ce7e11b32da,2025-01-20,1,13.01,13.01,13.01
06d93901-2637-4286-b6e0-6ce7e11b32da,2025-01-27,2,10,9.5,10.5
06d93901-2637-4286-b6e0-6ce7e11b32da,2025-02-03,1,29,29,29
06d93901-2637-4286-b6e0-6ce7e11b32da,2025-02-10,1,16.5,16.5,16.5
06d93901-2637-4286-b6e0-6ce7e11b32da,2025-03-03,1,9.59,9.59,9.59
06d93901-2637-4286-b6e0-6ce7e11b32da,2025-03-17,1,22.5,22.5,22.5
06d93901-2637-4286-b6e0-6ce7e11b32da,2025-04-14,1,25.16,25.16,25.16
06d93901-2637-4286-b6e0-6ce7e11b32da,2025-10-13,1,22,22,22
06d93901-2637-4286-b6e0-6ce7e11b32da,2026-01-19,1,20,20,20
06d93901-2637-4286-b6e0-6ce7e11b32da,2026-07-06,1,30.49,30.49,30.49
06dadf33-7dab-4e2d-ac1c-66ae47e628c9,2023-01-02,1,75,75,75
06dadf33-7dab-4e2d-ac1c-66ae47e628c9,2023-12-18,1,31.8,31.8,31.8
06dadf33-7dab-4e2d-ac1c-66ae47e628c9,2024-03-11,1,70,70,70
06dadf33-7dab-4e2d-ac1c-66ae47e628c9,2025-10-27,1,445,445,445
06dbe67d-49f7-4a7d-b019-830abfd2d773,2022-02-14,1,62,62,62
06dbe67d-49f7-4a7d-b019-830abfd2d773,2022-08-22,1,85,85,85
06dbe67d-49f7-4a7d-b019-830abfd2d773,2023-09-25,1,80,80,80
06dbe67d-49f7-4a7d-b019-830abfd2d773,2024-01-22,1,13.5,13.5,13.5
06df9db4-4c13-4702-8d51-90cac55544c9,2022-11-07,1,30,30,30
06df9db4-4c13-4702-8d51-90cac55544c9,2023-01-02,1,32,32,32
06df9db4-4c13-4702-8d51-90cac55544c9,2023-03-13,1,29.99,29.99,29.99
06df9db4-4c13-4702-8d51-90cac55544c9,2023-08-21,1,36,36,36
06df9db4-4c13-4702-8d51-90cac55544c9,2024-06-17,1,20,20,20
06df9db4-4c13-4702-8d51-90cac55544c9,2024-08-05,1,24.99,24.99,24.99
06df9db4-4c13-4702-8d51-90cac55544c9,2024-08-19,1,16.5,16.5,16.5
06df9db4-4c13-4702-8d51-90cac55544c9,2024-08-26,1,24,24,24
06df9db4-4c13-4702-8d51-90cac55544c9,2024-10-28,1,13.5,13.5,13.5
06df9db4-4c13-4702-8d51-90cac55544c9,2024-11-11,2,20.75,20,21.5
06df9db4-4c13-4702-8d51-90cac55544c9,2024-11-25,1,30,30,30
06df9db4-4c13-4702-8d51-90cac55544c9,2025-01-27,1,35,35,35
06df9db4-4c13-4702-8d51-90cac55544c9,2025-05-05,1,30,30,30
06df9db4-4c13-4702-8d51-90cac55544c9,2025-05-12,1,32,32,32
06df9db4-4c13-4702-8d51-90cac55544c9,2025-08-11,1,49.99,49.99,49.99
06df9db4-4c13-4702-8d51-90cac55544c9,2025-12-01,2,65,65,65
06df9db4-4c13-4702-8d51-90cac55544c9,2026-02-16,3,79.97,70,85
06df9db4-4c13-4702-8d51-90cac55544c9,2026-03-09,1,63,63,63
06df9db4-4c13-4702-8d51-90cac55544c9,2026-04-06,1,62,62,62
06df9db4-4c13-4702-8d51-90cac55544c9,2026-06-29,1,75,75,75
06df9db4-4c13-4702-8d51-90cac55544c9,2026-09-07,1,76,76,76
06e13cbd-47cd-4598-a4b9-22c4314cecc5,2021-05-24,1,105.5,105.5,105.5
06e13cbd-47cd-4598-a4b9-22c4314cecc5,2021-08-02,1,150,150,150
06e13cbd-47cd-4598-a4b9-22c4314cecc5,2023-04-24,1,104.32,104.32,104.32
06e13cbd-47cd-4598-a4b9-22c4314cecc5,2023-09-18,1,89.99,89.99,89.99
06e13cbd-47cd-4598-a4b9-22c4314cecc5,2023-12-04,1,97,97,97
06e13cbd-47cd-4598-a4b9-22c4314cecc5,2026-08-10,1,1015.35,1015.35,1015.35
06e17226-de38-413e-952d-13e1cc69a726,2024-05-06,1,112.5,112.5,112.5
06e17226-de38-413e-952d-13e1cc69a726,2024-05-13,1,142.5,142.5,142.5
06e17226-de38-413e-952d-13e1cc69a726,2024-05-20,2,106.5,105,108
06e17226-de38-413e-952d-13e1cc69a726,2024-05-27,1,107.49,107.49,107.49
06e17226-de38-413e-952d-13e1cc69a726,2024-06-10,1,98.4,98.4,98.4
06e17226-de38-413e-952d-13e1cc69a726,2024-06-17,1,93.6,93.6,93.6
06e17226-de38-413e-952d-13e1cc69a726,2024-06-24,1,105,105,105
06e17226-de38-413e-952d-13e1cc69a726,2024-07-01,2,102.5,100.01,105
06e17226-de38-413e-952d-13e1cc69a726,2024-07-08,2,103.75,90,117.5
06e17226-de38-413e-952d-13e1cc69a726,2024-07-15,2,97.5,75,120
06e17226-de38-413e-952d-13e1cc69a726,2024-07-22,2,119.97,119.95,119.99
06e17226-de38-413e-952d-13e1cc69a726,2024-07-29,1,143.43,143.43,143.43
06e17226-de38-413e-952d-13e1cc69a726,2024-08-05,4,103.47,99,117.5
06e17226-de38-413e-952d-13e1cc69a726,2024-09-02,3,120,119.99,125
06e17226-de38-413e-952d-13e1cc69a726,2024-09-23,2,109.25,100,118.5
06e17226-de38-413e-952d-13e1cc69a726,2024-09-30,2,109.44,83.88,135
06e17226-de38-413e-952d-13e1cc69a726,2024-10-07,2,132.5,130,135
06e17226-de38-413e-952d-13e1cc69a726,2024-10-21,3,127.5,110.53,144.99
06e17226-de38-413e-952d-13e1cc69a726,2024-11-11,2,169.5,139,199.99
06e17226-de38-413e-952d-13e1cc69a726,2024-11-18,3,145.46,113.5,155.84
06e17226-de38-413e-952d-13e1cc69a726,2024-11-25,4,137.5,117.6,150
06e17226-de38-413e-952d-13e1cc69a726,2024-12-02,4,107.5,59.99,149.8
06e17226-de38-413e-952d-13e1cc69a726,2024-12-09,2,131.25,127.5,135
06e17226-de38-413e-952d-13e1cc69a726,2024-12-16,2,140,129.99,150
06e17226-de38-413e-952d-13e1cc69a726,2024-12-30,5,150,122.5,175.5
06e17226-de38-413e-952d-13e1cc69a726,2025-01-20,2,139.25,122.5,156
06e17226-de38-413e-952d-13e1cc69a726,2025-01-27,1,102.5,102.5,102.5
06e17226-de38-413e-952d-13e1cc69a726,2025-02-10,4,156.25,140,167.09
06e17226-de38-413e-952d-13e1cc69a726,2025-02-24,3,131.74,119.99,150
06e17226-de38-413e-952d-13e1cc69a726,2025-03-10,1,199,199,199
06e17226-de38-413e-952d-13e1cc69a726,2025-03-17,2,212.6,200.2,225
06e17226-de38-413e-952d-13e1cc69a726,2025-03-24,5,117.5,112.5,179.74
06e17226-de38-413e-952d-13e1cc69a726,2025-03-31,2,125,122.5,127.5
06e17226-de38-413e-952d-13e1cc69a726,2025-04-07,2,139.97,130,149.95
06e17226-de38-413e-952d-13e1cc69a726,2025-04-14,3,157.5,149,165
06e17226-de38-413e-952d-13e1cc69a726,2025-04-21,4,138.75,39.99,165
06e17226-de38-413e-952d-13e1cc69a726,2025-04-28,2,165,160,170
06e17226-de38-413e-952d-13e1cc69a726,2025-05-05,1,151.5,151.5,151.5
06e17226-de38-413e-952d-13e1cc69a726,2025-05-12,2,150,143.5,156.5
06e17226-de38-413e-952d-13e1cc69a726,2025-05-19,2,165,150,179.99
06e17226-de38-413e-952d-13e1cc69a726,2025-05-26,4,149.5,142.5,175
06e17226-de38-413e-952d-13e1cc69a726,2025-06-02,1,160,160,160
06e17226-de38-413e-952d-13e1cc69a726,2025-06-09,1,201.5,201.5,201.5
06e17226-de38-413e-952d-13e1cc69a726,2025-06-16,1,186,186,186
06e17226-de38-413e-952d-13e1cc69a726,2025-06-30,1,170.4,170.4,170.4
06e17226-de38-413e-952d-13e1cc69a726,2025-07-07,1,225,225,225
06e17226-de38-413e-952d-13e1cc69a726,2025-07-14,1,200,200,200
06e17226-de38-413e-952d-13e1cc69a726,2025-08-04,2,212.5,200,225
06e17226-de38-413e-952d-13e1cc69a726,2025-08-25,1,237.25,237.25,237.25
06e17226-de38-413e-952d-13e1cc69a726,2025-09-01,2,206.75,196,217.5
06e17226-de38-413e-952d-13e1cc69a726,2025-09-08,1,249,249,249
06e17226-de38-413e-952d-13e1cc69a726,2025-09-22,2,232.5,205,260
06e17226-de38-413e-952d-13e1cc69a726,2025-09-29,1,240,240,240
06e17226-de38-413e-952d-13e1cc69a726,2025-10-13,1,252,252,252
06e17226-de38-413e-952d-13e1cc69a726,2025-10-20,1,143,143,143
06e17226-de38-413e-952d-13e1cc69a726,2025-10-27,1,366,366,366
06e17226-de38-413e-952d-13e1cc69a726,2025-11-10,1,144,144,144
06e17226-de38-413e-952d-13e1cc69a726,2025-12-22,2,245,230,259.99
06e17226-de38-413e-952d-13e1cc69a726,2025-12-29,1,230,230,230
06e17226-de38-413e-952d-13e1cc69a726,2026-01-05,2,261,250,272
06e17226-de38-413e-952d-13e1cc69a726,2026-01-19,1,335.91,335.91,335.91
06e17226-de38-413e-952d-13e1cc69a726,2026-01-26,2,264.24,200,328.48
06e17226-de38-413e-952d-13e1cc69a726,2026-02-16,5,360,300,444
06e17226-de38-413e-952d-13e1cc69a726,2026-02-23,1,550,550,550
06e17226-de38-413e-952d-13e1cc69a726,2026-03-02,2,425,250,600
06e17226-de38-413e-952d-13e1cc69a726,2026-03-09,2,672.62,641.99,703.26
06e17226-de38-413e-952d-13e1cc69a726,2026-03-16,3,625,600,800
06e17226-de38-413e-952d-13e1cc69a726,2026-03-23,3,700,605,799
06e17226-de38-413e-952d-13e1cc69a726,2026-03-30,2,798,696,900
06e17226-de38-413e-952d-13e1cc69a726,2026-04-06,4,665,280,750
06e17226-de38-413e-952d-13e1cc69a726,2026-04-13,5,800,719.4,978.44
06e17226-de38-413e-952d-13e1cc69a726,2026-04-20,3,700,691,710
06e17226-de38-413e-952d-13e1cc69a726,2026-04-27,2,737.5,695,780
06e17226-de38-413e-952d-13e1cc69a726,2026-05-04,4,755,730,775
06e17226-de38-413e-952d-13e1cc69a726,2026-05-11,1,1000,1000,1000
06e17226-de38-413e-952d-13e1cc69a726,2026-05-18,2,805.3,769.99,840.61
06e17226-de38-413e-952d-13e1cc69a726,2026-05-25,2,747.6,717.6,777.6
06e17226-de38-413e-952d-13e1cc69a726,2026-06-08,2,750,700,800
06e17226-de38-413e-952d-13e1cc69a726,2026-06-15,1,1038.13,1038.13,1038.13
06e17226-de38-413e-952d-13e1cc69a726,2026-06-22,3,750,688,750
06e17226-de38-413e-952d-13e1cc69a726,2026-06-29,1,800,800,800
06e17226-de38-413e-952d-13e1cc69a726,2026-07-06,2,682.5,660,705
06e17226-de38-413e-952d-13e1cc69a726,2026-07-13,4,760,600,810
06e17226-de38-413e-952d-13e1cc69a726,2026-08-03,3,512,511.69,516
06e17226-de38-413e-952d-13e1cc69a726,2026-08-10,1,794.99,794.99,794.99
06e17226-de38-413e-952d-13e1cc69a726,2026-08-24,7,777,540,863.28
06e17226-de38-413e-952d-13e1cc69a726,2026-08-31,1,700,700,700
06e17226-de38-413e-952d-13e1cc69a726,2026-09-07,1,700,700,700
06e17981-a7d0-4512-aa63-d1a76dc1ccd6,2026-07-13,1,830,830,830
06e17981-a7d0-4512-aa63-d1a76dc1ccd6,2026-08-24,1,255.6,255.6,255.6
06e414a2-105a-4b74-9462-f4825ab78985,2021-02-22,1,51,51,51
06e414a2-105a-4b74-9462-f4825ab78985,2022-02-21,1,61,61,61
06e414a2-105a-4b74-9462-f4825ab78985,2022-05-23,1,64,64,64
06e414a2-105a-4b74-9462-f4825ab78985,2022-06-06,1,50,50,50
06e414a2-105a-4b74-9462-f4825ab78985,2022-07-18,1,99.99,99.99,99.99
06e414a2-105a-4b74-9462-f4825ab78985,2022-08-08,1,45,45,45
06e414a2-105a-4b74-9462-f4825ab78985,2023-01-02,1,60,60,60
06e414a2-105a-4b74-9462-f4825ab78985,2023-02-13,1,40,40,40
06e414a2-105a-4b74-9462-f4825ab78985,2023-04-17,1,22.5,22.5,22.5
06e414a2-105a-4b74-9462-f4825ab78985,2023-06-26,1,61.01,61.01,61.01
06e414a2-105a-4b74-9462-f4825ab78985,2023-12-11,1,26,26,26
06e414a2-105a-4b74-9462-f4825ab78985,2024-02-26,2,31.8,31.2,32.4
06e414a2-105a-4b74-9462-f4825ab78985,2024-03-11,1,24,24,24
06e414a2-105a-4b74-9462-f4825ab78985,2024-04-22,1,21.5,21.5,21.5
06e414a2-105a-4b74-9462-f4825ab78985,2024-05-20,1,22.5,22.5,22.5
06e414a2-105a-4b74-9462-f4825ab78985,2024-06-10,1,39.99,39.99,39.99
06e414a2-105a-4b74-9462-f4825ab78985,2024-09-09,1,25,25,25
06e414a2-105a-4b74-9462-f4825ab78985,2024-11-11,1,22.5,22.5,22.5
06e414a2-105a-4b74-9462-f4825ab78985,2025-02-03,1,45,45,45
06e414a2-105a-4b74-9462-f4825ab78985,2025-03-31,1,85,85,85
06e414a2-105a-4b74-9462-f4825ab78985,2026-02-09,1,102,102,102
06e414a2-105a-4b74-9462-f4825ab78985,2026-06-22,1,172.5,172.5,172.5
06e414a2-105a-4b74-9462-f4825ab78985,2026-08-17,2,184.5,144,225
06e414a2-105a-4b74-9462-f4825ab78985,2026-08-31,1,225,225,225
06e6ca4a-67b2-4bc6-b561-4b58ed8cc7a9,2021-07-05,1,150,150,150
06e6ca4a-67b2-4bc6-b561-4b58ed8cc7a9,2022-06-20,1,199,199,199
06e6ca4a-67b2-4bc6-b561-4b58ed8cc7a9,2023-05-22,1,38,38,38
06e6ca4a-67b2-4bc6-b561-4b58ed8cc7a9,2023-06-12,1,51,51,51
06e6ca4a-67b2-4bc6-b561-4b58ed8cc7a9,2023-08-28,1,41.02,41.02,41.02
06e6ca4a-67b2-4bc6-b561-4b58ed8cc7a9,2023-12-11,1,33.6,33.6,33.6
06e6ca4a-67b2-4bc6-b561-4b58ed8cc7a9,2024-07-15,1,37,37,37
06e6ca4a-67b2-4bc6-b561-4b58ed8cc7a9,2025-03-10,1,60,60,60
06e6ca4a-67b2-4bc6-b561-4b58ed8cc7a9,2025-06-30,1,35,35,35
06e6ca4a-67b2-4bc6-b561-4b58ed8cc7a9,2025-07-21,1,25.2,25.2,25.2
06e6ca4a-67b2-4bc6-b561-4b58ed8cc7a9,2025-12-15,1,112.5,112.5,112.5
06ebcaf4-0e95-4d62-8f70-323e7dc22c4f,2023-10-09,1,24.99,24.99,24.99
06ebcaf4-0e95-4d62-8f70-323e7dc22c4f,2023-10-16,1,32,32,32
06ebcaf4-0e95-4d62-8f70-323e7dc22c4f,2023-10-23,3,22.12,21.5,26
06ebcaf4-0e95-4d62-8f70-323e7dc22c4f,2023-10-30,2,27.5,25,30
06ebcaf4-0e95-4d62-8f70-323e7dc22c4f,2023-11-13,1,36.33,36.33,36.33
06ebcaf4-0e95-4d62-8f70-323e7dc22c4f,2023-11-20,3,19.38,15.52,20.29
06ebcaf4-0e95-4d62-8f70-323e7dc22c4f,2023-11-27,2,27.25,25,29.5
06ebcaf4-0e95-4d62-8f70-323e7dc22c4f,2023-12-04,1,28.45,28.45,28.45
06ebcaf4-0e95-4d62-8f70-323e7dc22c4f,2023-12-11,2,26.4,17.8,34.99
06ebcaf4-0e95-4d62-8f70-323e7dc22c4f,2023-12-25,2,25.49,22.99,28
06ebcaf4-0e95-4d62-8f70-323e7dc22c4f,2024-01-01,3,22.5,20.5,34.99
06ebcaf4-0e95-4d62-8f70-323e7dc22c4f,2024-01-08,2,21.75,18.5,25
06ebcaf4-0e95-4d62-8f70-323e7dc22c4f,2024-01-22,2,23.95,23.85,24.05
06ebcaf4-0e95-4d62-8f70-323e7dc22c4f,2024-02-05,2,22.61,15.23,29.99
06ebcaf4-0e95-4d62-8f70-323e7dc22c4f,2024-02-12,1,22.8,22.8,22.8
06ebcaf4-0e95-4d62-8f70-323e7dc22c4f,2024-02-26,1,19.5,19.5,19.5
06ebcaf4-0e95-4d62-8f70-323e7dc22c4f,2024-03-04,2,22.77,20.55,25
06ebcaf4-0e95-4d62-8f70-323e7dc22c4f,2024-03-11,1,26.25,26.25,26.25
06ebcaf4-0e95-4d62-8f70-323e7dc22c4f,2024-03-18,1,32,32,32
06ebcaf4-0e95-4d62-8f70-323e7dc22c4f,2024-04-08,1,24.49,24.49,24.49
06ebcaf4-0e95-4d62-8f70-323e7dc22c4f,2024-04-15,1,29.5,29.5,29.5
06ebcaf4-0e95-4d62-8f70-323e7dc22c4f,2024-04-22,2,38.09,26.4,49.78
06ebcaf4-0e95-4d62-8f70-323e7dc22c4f,2024-04-29,1,18,18,18
06ebcaf4-0e95-4d62-8f70-323e7dc22c4f,2024-05-27,3,25,21.05,27
06ebcaf4-0e95-4d62-8f70-323e7dc22c4f,2024-06-10,2,17.54,16.57,18.5
06ebcaf4-0e95-4d62-8f70-323e7dc22c4f,2024-06-17,2,26.49,23,29.99
06ebcaf4-0e95-4d62-8f70-323e7dc22c4f,2024-07-01,2,19.8,19.61,20
06ebcaf4-0e95-4d62-8f70-323e7dc22c4f,2024-07-15,1,14.5,14.5,14.5
06ebcaf4-0e95-4d62-8f70-323e7dc22c4f,2024-07-22,1,15.5,15.5,15.5
06ebcaf4-0e95-4d62-8f70-323e7dc22c4f,2024-07-29,1,29,29,29
06ebcaf4-0e95-4d62-8f70-323e7dc22c4f,2024-09-02,1,29.66,29.66,29.66
06ebcaf4-0e95-4d62-8f70-323e7dc22c4f,2024-09-09,3,18.83,18.5,31
06ebcaf4-0e95-4d62-8f70-323e7dc22c4f,2024-09-23,1,23.04,23.04,23.04
06ebcaf4-0e95-4d62-8f70-323e7dc22c4f,2024-09-30,1,25,25,25
06ebcaf4-0e95-4d62-8f70-323e7dc22c4f,2024-10-21,1,20,20,20
06ebcaf4-0e95-4d62-8f70-323e7dc22c4f,2024-10-28,1,20.5,20.5,20.5
06ebcaf4-0e95-4d62-8f70-323e7dc22c4f,2024-11-11,3,24.99,14.51,24.99
06ebcaf4-0e95-4d62-8f70-323e7dc22c4f,2024-11-18,2,25.25,15.5,35
06ebcaf4-0e95-4d62-8f70-323e7dc22c4f,2024-11-25,1,50.7,50.7,50.7
06ebcaf4-0e95-4d62-8f70-323e7dc22c4f,2024-12-02,1,24.44,24.44,24.44
06ebcaf4-0e95-4d62-8f70-323e7dc22c4f,2024-12-09,1,28,28,28
06ebcaf4-0e95-4d62-8f70-323e7dc22c4f,2024-12-23,1,25,25,25
06ebcaf4-0e95-4d62-8f70-323e7dc22c4f,2025-01-13,5,34.97,29.99,44.4
06ebcaf4-0e95-4d62-8f70-323e7dc22c4f,2025-01-20,2,29.44,28.88,30
06ebcaf4-0e95-4d62-8f70-323e7dc22c4f,2025-01-27,1,29.99,29.99,29.99
06ebcaf4-0e95-4d62-8f70-323e7dc22c4f,2025-02-03,4,29.99,29.99,30
06ebcaf4-0e95-4d62-8f70-323e7dc22c4f,2025-02-10,1,29.99,29.99,29.99
06ebcaf4-0e95-4d62-8f70-323e7dc22c4f,2025-02-17,3,26.99,22,40.15
06ebcaf4-0e95-4d62-8f70-323e7dc22c4f,2025-02-24,4,28.49,26,30
06ebcaf4-0e95-4d62-8f70-323e7dc22c4f,2025-03-03,2,31.5,28,34.99
06ebcaf4-0e95-4d62-8f70-323e7dc22c4f,2025-03-10,2,52.5,30,75
06ebcaf4-0e95-4d62-8f70-323e7dc22c4f,2025-03-17,2,30.16,28.82,31.5
06ebcaf4-0e95-4d62-8f70-323e7dc22c4f,2025-03-31,2,24.99,19.99,29.99
06ebcaf4-0e95-4d62-8f70-323e7dc22c4f,2025-05-05,3,35,30,38.59
06ebcaf4-0e95-4d62-8f70-323e7dc22c4f,2025-05-19,3,37,35,39.99
06ebcaf4-0e95-4d62-8f70-323e7dc22c4f,2025-05-26,2,36.52,36.05,36.99
06ebcaf4-0e95-4d62-8f70-323e7dc22c4f,2025-06-09,3,29.99,29,31.55
06ebcaf4-0e95-4d62-8f70-323e7dc22c4f,2025-06-16,1,40,40,40
06ebcaf4-0e95-4d62-8f70-323e7dc22c4f,2025-06-23,1,40.35,40.35,40.35
06ebcaf4-0e95-4d62-8f70-323e7dc22c4f,2025-07-07,4,36.5,28,39.99
06ebcaf4-0e95-4d62-8f70-323e7dc22c4f,2025-07-14,2,42.48,39.99,44.97
06ebcaf4-0e95-4d62-8f70-323e7dc22c4f,2025-08-04,1,35,35,35
06ebcaf4-0e95-4d62-8f70-323e7dc22c4f,2025-08-11,2,37.66,31,44.33
06ebcaf4-0e95-4d62-8f70-323e7dc22c4f,2025-08-18,2,39,35.99,42
06ebcaf4-0e95-4d62-8f70-323e7dc22c4f,2025-08-25,1,40,40,40
06ebcaf4-0e95-4d62-8f70-323e7dc22c4f,2025-09-01,3,31,30,48.04
06ebcaf4-0e95-4d62-8f70-323e7dc22c4f,2025-09-22,1,38,38,38
06ebcaf4-0e95-4d62-8f70-323e7dc22c4f,2025-09-29,2,46.42,37.5,55.34
06ebcaf4-0e95-4d62-8f70-323e7dc22c4f,2025-10-06,2,40.5,40,41
06ebcaf4-0e95-4d62-8f70-323e7dc22c4f,2025-10-13,1,39.99,39.99,39.99
06ebcaf4-0e95-4d62-8f70-323e7dc22c4f,2025-10-27,2,36.1,35,37.2
06ebcaf4-0e95-4d62-8f70-323e7dc22c4f,2025-11-17,2,31.75,23.5,39.99
06ebcaf4-0e95-4d62-8f70-323e7dc22c4f,2025-11-24,1,36,36,36
06ebcaf4-0e95-4d62-8f70-323e7dc22c4f,2025-12-01,1,49.99,49.99,49.99
06ebcaf4-0e95-4d62-8f70-323e7dc22c4f,2025-12-15,3,42.95,39.99,51
06ebcaf4-0e95-4d62-8f70-323e7dc22c4f,2025-12-29,1,39,39,39
06ebcaf4-0e95-4d62-8f70-323e7dc22c4f,2026-01-05,2,47.5,45,49.99
06ebcaf4-0e95-4d62-8f70-323e7dc22c4f,2026-01-12,2,33.2,30.4,36
06ebcaf4-0e95-4d62-8f70-323e7dc22c4f,2026-01-19,1,41.25,41.25,41.25
06ebcaf4-0e95-4d62-8f70-323e7dc22c4f,2026-02-02,3,40.2,33.06,42
06ebcaf4-0e95-4d62-8f70-323e7dc22c4f,2026-02-09,1,30,30,30
06ebcaf4-0e95-4d62-8f70-323e7dc22c4f,2026-02-23,1,42.95,42.95,42.95
06ebcaf4-0e95-4d62-8f70-323e7dc22c4f,2026-03-02,2,34.25,33.6,34.89
06ebcaf4-0e95-4d62-8f70-323e7dc22c4f,2026-03-09,2,39.11,33.22,45
06ebcaf4-0e95-4d62-8f70-323e7dc22c4f,2026-03-16,2,28.88,25.2,32.55
06ebcaf4-0e95-4d62-8f70-323e7dc22c4f,2026-03-30,2,41,38,44
06ebcaf4-0e95-4d62-8f70-323e7dc22c4f,2026-04-06,2,47.5,30,65
06ebcaf4-0e95-4d62-8f70-323e7dc22c4f,2026-04-27,2,38,35,41
06ebcaf4-0e95-4d62-8f70-323e7dc22c4f,2026-05-04,3,46,45,53.3
06ebcaf4-0e95-4d62-8f70-323e7dc22c4f,2026-05-11,1,40,40,40
06ebcaf4-0e95-4d62-8f70-323e7dc22c4f,2026-05-18,4,51.5,50,54
06ebcaf4-0e95-4d62-8f70-323e7dc22c4f,2026-05-25,2,42.5,35,50
06ebcaf4-0e95-4d62-8f70-323e7dc22c4f,2026-06-01,1,38.4,38.4,38.4
06ebcaf4-0e95-4d62-8f70-323e7dc22c4f,2026-06-08,2,39.5,35,44
06ebcaf4-0e95-4d62-8f70-323e7dc22c4f,2026-06-15,1,46.98,46.98,46.98
06ebcaf4-0e95-4d62-8f70-323e7dc22c4f,2026-06-22,5,49.25,39,52
06ebcaf4-0e95-4d62-8f70-323e7dc22c4f,2026-07-06,4,45.25,39.15,75
06ebcaf4-0e95-4d62-8f70-323e7dc22c4f,2026-07-13,1,34.99,34.99,34.99
06ebcaf4-0e95-4d62-8f70-323e7dc22c4f,2026-07-27,1,42.82,42.82,42.82
06ebcaf4-0e95-4d62-8f70-323e7dc22c4f,2026-08-17,2,44,35,53
06ebcaf4-0e95-4d62-8f70-323e7dc22c4f,2026-08-31,1,30,30,30
06ebcaf4-0e95-4d62-8f70-323e7dc22c4f,2026-09-07,1,45,45,45
06f67fb3-5df0-4825-bf3b-d2a1069f1328,2022-02-21,1,41,41,41
06f67fb3-5df0-4825-bf3b-d2a1069f1328,2022-04-11,1,33,33,33
06f67fb3-5df0-4825-bf3b-d2a1069f1328,2024-07-08,1,54.53,54.53,54.53
06f67fb3-5df0-4825-bf3b-d2a1069f1328,2025-02-10,1,75,75,75
06f67fb3-5df0-4825-bf3b-d2a1069f1328,2025-04-07,1,82,82,82
06f67fb3-5df0-4825-bf3b-d2a1069f1328,2025-05-26,1,119.99,119.99,119.99
06f67fb3-5df0-4825-bf3b-d2a1069f1328,2025-07-28,1,150,150,150
06f67fb3-5df0-4825-bf3b-d2a1069f1328,2025-11-03,1,200,200,200
06f67fb3-5df0-4825-bf3b-d2a1069f1328,2026-01-12,1,220,220,220
06f89964-1940-46e4-8ad1-a766b3963a2d,2026-07-27,17,465,329.82,1025
06f89964-1940-46e4-8ad1-a766b3963a2d,2026-08-03,32,455.5,338,800
06f89964-1940-46e4-8ad1-a766b3963a2d,2026-08-10,25,416,353.67,550
06f89964-1940-46e4-8ad1-a766b3963a2d,2026-08-17,25,439,356,810
06f89964-1940-46e4-8ad1-a766b3963a2d,2026-08-24,32,416,331.9,720
06f89964-1940-46e4-8ad1-a766b3963a2d,2026-08-31,38,400.5,340,499.95
06f89964-1940-46e4-8ad1-a766b3963a2d,2026-09-07,32,376,317,499.88
06f8a92a-ceaf-49ea-bf5d-f6997b19f2a4,2021-04-12,1,183.5,183.5,183.5
06f8a92a-ceaf-49ea-bf5d-f6997b19f2a4,2021-10-25,1,72,72,72
06f8a92a-ceaf-49ea-bf5d-f6997b19f2a4,2021-11-15,1,125,125,125
06f8a92a-ceaf-49ea-bf5d-f6997b19f2a4,2021-12-13,1,120,120,120
06f8a92a-ceaf-49ea-bf5d-f6997b19f2a4,2021-12-20,2,55.53,55.03,56.03
06f8a92a-ceaf-49ea-bf5d-f6997b19f2a4,2022-01-10,1,86,86,86
06f8a92a-ceaf-49ea-bf5d-f6997b19f2a4,2022-01-31,1,128.51,128.51,128.51
06f8a92a-ceaf-49ea-bf5d-f6997b19f2a4,2022-02-14,1,150,150,150
06f8a92a-ceaf-49ea-bf5d-f6997b19f2a4,2022-02-28,1,186,186,186
06f8a92a-ceaf-49ea-bf5d-f6997b19f2a4,2022-05-16,1,98.4,98.4,98.4
06f8a92a-ceaf-49ea-bf5d-f6997b19f2a4,2022-05-23,1,79.2,79.2,79.2
06f8a92a-ceaf-49ea-bf5d-f6997b19f2a4,2022-05-30,1,103.2,103.2,103.2
06f8a92a-ceaf-49ea-bf5d-f6997b19f2a4,2022-06-06,1,50.6,50.6,50.6
06f8a92a-ceaf-49ea-bf5d-f6997b19f2a4,2022-06-13,1,62.4,62.4,62.4
06f8a92a-ceaf-49ea-bf5d-f6997b19f2a4,2022-08-15,1,124.99,124.99,124.99
06f8a92a-ceaf-49ea-bf5d-f6997b19f2a4,2022-10-10,1,55,55,55
06f8a92a-ceaf-49ea-bf5d-f6997b19f2a4,2023-01-23,1,72,72,72
06f8a92a-ceaf-49ea-bf5d-f6997b19f2a4,2023-02-06,2,60,50.4,69.6
06f8a92a-ceaf-49ea-bf5d-f6997b19f2a4,2023-02-13,1,45.6,45.6,45.6
06f8a92a-ceaf-49ea-bf5d-f6997b19f2a4,2023-03-27,1,45.6,45.6,45.6
06f8a92a-ceaf-49ea-bf5d-f6997b19f2a4,2023-04-24,1,60.72,60.72,60.72
06f8a92a-ceaf-49ea-bf5d-f6997b19f2a4,2023-05-08,1,51.6,51.6,51.6
06f8a92a-ceaf-49ea-bf5d-f6997b19f2a4,2023-05-22,2,55.66,49.32,62
06f8a92a-ceaf-49ea-bf5d-f6997b19f2a4,2023-07-10,1,53.79,53.79,53.79
06f8a92a-ceaf-49ea-bf5d-f6997b19f2a4,2023-10-23,1,39.6,39.6,39.6
06f8a92a-ceaf-49ea-bf5d-f6997b19f2a4,2024-03-25,1,37.2,37.2,37.2
06f8a92a-ceaf-49ea-bf5d-f6997b19f2a4,2024-04-29,1,65,65,65
06f8a92a-ceaf-49ea-bf5d-f6997b19f2a4,2024-08-12,1,44.4,44.4,44.4
06f8a92a-ceaf-49ea-bf5d-f6997b19f2a4,2024-09-02,1,55.36,55.36,55.36
06f8a92a-ceaf-49ea-bf5d-f6997b19f2a4,2024-10-21,2,32.89,25,40.77
06f8a92a-ceaf-49ea-bf5d-f6997b19f2a4,2024-12-30,1,47,47,47
06f8a92a-ceaf-49ea-bf5d-f6997b19f2a4,2025-09-08,1,152.5,152.5,152.5
06f8a92a-ceaf-49ea-bf5d-f6997b19f2a4,2025-09-22,1,80,80,80
06f8a92a-ceaf-49ea-bf5d-f6997b19f2a4,2026-01-19,8,90,74,229
06f8a92a-ceaf-49ea-bf5d-f6997b19f2a4,2026-01-26,1,94,94,94
06f8a92a-ceaf-49ea-bf5d-f6997b19f2a4,2026-02-02,1,78,78,78
06f8a92a-ceaf-49ea-bf5d-f6997b19f2a4,2026-02-09,1,70.99,70.99,70.99
06f8a92a-ceaf-49ea-bf5d-f6997b19f2a4,2026-02-16,1,61,61,61
06f8a92a-ceaf-49ea-bf5d-f6997b19f2a4,2026-02-23,1,180.5,180.5,180.5
06f8a92a-ceaf-49ea-bf5d-f6997b19f2a4,2026-03-02,1,102.5,102.5,102.5
06f8a92a-ceaf-49ea-bf5d-f6997b19f2a4,2026-03-23,2,77.5,73,81.99
06f8a92a-ceaf-49ea-bf5d-f6997b19f2a4,2026-03-30,2,149.99,149.99,149.99
06f8a92a-ceaf-49ea-bf5d-f6997b19f2a4,2026-05-11,1,250,250,250
06f8a92a-ceaf-49ea-bf5d-f6997b19f2a4,2026-08-10,1,91.6,91.6,91.6
06f92a3d-cecd-435c-8a03-1d413fa3b859,2023-07-31,1,1395,1395,1395
06f92a3d-cecd-435c-8a03-1d413fa3b859,2025-04-14,1,1710,1710,1710
06f92a3d-cecd-435c-8a03-1d413fa3b859,2025-10-13,1,1350,1350,1350
06fb420c-ca3a-4d79-a8ff-45715cdbd87f,2022-07-25,1,94.99,94.99,94.99
06fb420c-ca3a-4d79-a8ff-45715cdbd87f,2022-10-03,1,94.99,94.99,94.99
06fb420c-ca3a-4d79-a8ff-45715cdbd87f,2024-08-12,1,200,200,200
06fb78f0-8323-4a45-af9c-d6a01694f691,2022-10-31,2,32.5,30,35
06fb78f0-8323-4a45-af9c-d6a01694f691,2022-11-14,1,45,45,45
06fb78f0-8323-4a45-af9c-d6a01694f691,2022-11-21,1,26,26,26
06fb78f0-8323-4a45-af9c-d6a01694f691,2022-11-28,3,33.6,33.6,35
06fb78f0-8323-4a45-af9c-d6a01694f691,2022-12-05,1,45,45,45
06fb78f0-8323-4a45-af9c-d6a01694f691,2022-12-12,2,39.99,39.99,39.99
06fb78f0-8323-4a45-af9c-d6a01694f691,2023-01-09,2,42.75,26,59.49
06fb78f0-8323-4a45-af9c-d6a01694f691,2023-01-30,1,39.99,39.99,39.99
06fb78f0-8323-4a45-af9c-d6a01694f691,2023-02-06,1,51.78,51.78,51.78
06fb78f0-8323-4a45-af9c-d6a01694f691,2023-02-13,2,36.51,27.19,45.82
06fb78f0-8323-4a45-af9c-d6a01694f691,2023-02-20,1,37.42,37.42,37.42
06fb78f0-8323-4a45-af9c-d6a01694f691,2023-03-13,1,50.94,50.94,50.94
06fb78f0-8323-4a45-af9c-d6a01694f691,2023-03-20,1,36.42,36.42,36.42
06fb78f0-8323-4a45-af9c-d6a01694f691,2023-04-03,1,44.99,44.99,44.99
06fb78f0-8323-4a45-af9c-d6a01694f691,2023-04-17,1,45.56,45.56,45.56
06fb78f0-8323-4a45-af9c-d6a01694f691,2023-05-08,1,26,26,26
06fb78f0-8323-4a45-af9c-d6a01694f691,2023-05-22,1,31,31,31
06fb78f0-8323-4a45-af9c-d6a01694f691,2023-05-29,1,43.98,43.98,43.98
06fb78f0-8323-4a45-af9c-d6a01694f691,2023-06-12,3,35,33,40
06fb78f0-8323-4a45-af9c-d6a01694f691,2023-06-26,2,47.22,43.98,50.45
06fb78f0-8323-4a45-af9c-d6a01694f691,2023-07-10,1,30.39,30.39,30.39
06fb78f0-8323-4a45-af9c-d6a01694f691,2023-07-17,1,24.6,24.6,24.6
06fb78f0-8323-4a45-af9c-d6a01694f691,2023-07-31,3,33.69,28,43.99
06fb78f0-8323-4a45-af9c-d6a01694f691,2023-08-21,3,43.99,29.5,44.99
06fb78f0-8323-4a45-af9c-d6a01694f691,2023-08-28,1,20.5,20.5,20.5
06fb78f0-8323-4a45-af9c-d6a01694f691,2023-09-04,1,37,37,37
06fb78f0-8323-4a45-af9c-d6a01694f691,2023-09-18,1,28,28,28
06fb78f0-8323-4a45-af9c-d6a01694f691,2023-09-25,2,31.75,24.5,38.99
06fb78f0-8323-4a45-af9c-d6a01694f691,2023-10-09,1,31,31,31
06fb78f0-8323-4a45-af9c-d6a01694f691,2023-10-23,3,29.99,19.2,33.99
06fb78f0-8323-4a45-af9c-d6a01694f691,2023-10-30,1,26.89,26.89,26.89
06fb78f0-8323-4a45-af9c-d6a01694f691,2023-11-13,8,19.52,18.3,24.4
06fb78f0-8323-4a45-af9c-d6a01694f691,2023-11-20,3,47.99,32.4,56.75
06fb78f0-8323-4a45-af9c-d6a01694f691,2023-11-27,2,31.38,22.8,39.95
06fb78f0-8323-4a45-af9c-d6a01694f691,2023-12-11,1,44.97,44.97,44.97
06fb78f0-8323-4a45-af9c-d6a01694f691,2023-12-18,1,52.88,52.88,52.88
06fb78f0-8323-4a45-af9c-d6a01694f691,2023-12-25,3,30.11,25,43.98
06fb78f0-8323-4a45-af9c-d6a01694f691,2024-01-01,2,35.75,34.5,37
06fb78f0-8323-4a45-af9c-d6a01694f691,2024-01-15,1,44.99,44.99,44.99
06fb78f0-8323-4a45-af9c-d6a01694f691,2024-01-29,2,27.43,27,27.85
06fb78f0-8323-4a45-af9c-d6a01694f691,2024-02-05,1,30,30,30
06fb78f0-8323-4a45-af9c-d6a01694f691,2024-02-19,1,25,25,25
06fb78f0-8323-4a45-af9c-d6a01694f691,2024-02-26,1,21.01,21.01,21.01
06fb78f0-8323-4a45-af9c-d6a01694f691,2024-03-04,3,26,25.3,30.99
06fb78f0-8323-4a45-af9c-d6a01694f691,2024-03-11,1,19.2,19.2,19.2
06fb78f0-8323-4a45-af9c-d6a01694f691,2024-03-18,2,27.09,19.2,34.99
06fb78f0-8323-4a45-af9c-d6a01694f691,2024-04-15,1,41.61,41.61,41.61
06fb78f0-8323-4a45-af9c-d6a01694f691,2024-04-29,1,21.96,21.96,21.96
06fb78f0-8323-4a45-af9c-d6a01694f691,2024-05-06,2,31.72,27.45,35.99
06fb78f0-8323-4a45-af9c-d6a01694f691,2024-05-27,1,35.99,35.99,35.99
06fb78f0-8323-4a45-af9c-d6a01694f691,2024-06-24,1,21.55,21.55,21.55
06fb78f0-8323-4a45-af9c-d6a01694f691,2024-07-08,2,27.24,24.5,29.99
06fb78f0-8323-4a45-af9c-d6a01694f691,2024-07-15,1,15.5,15.5,15.5
06fb78f0-8323-4a45-af9c-d6a01694f691,2024-07-29,1,33.99,33.99,33.99
06fb78f0-8323-4a45-af9c-d6a01694f691,2024-08-05,2,25.25,20.5,30
06fb78f0-8323-4a45-af9c-d6a01694f691,2024-09-02,2,18,18,18
06fb78f0-8323-4a45-af9c-d6a01694f691,2024-09-09,1,20.4,20.4,20.4
06fb78f0-8323-4a45-af9c-d6a01694f691,2024-11-25,1,35.99,35.99,35.99
06fb78f0-8323-4a45-af9c-d6a01694f691,2024-12-09,1,35.99,35.99,35.99
06fb78f0-8323-4a45-af9c-d6a01694f691,2024-12-16,1,19.5,19.5,19.5
06fb78f0-8323-4a45-af9c-d6a01694f691,2024-12-23,1,42,42,42
06fb78f0-8323-4a45-af9c-d6a01694f691,2025-01-06,5,20.4,20.4,21.6
06fb78f0-8323-4a45-af9c-d6a01694f691,2025-02-03,1,31,31,31
06fb78f0-8323-4a45-af9c-d6a01694f691,2025-02-24,1,39.99,39.99,39.99
06fb78f0-8323-4a45-af9c-d6a01694f691,2025-03-10,1,39,39,39
06fb78f0-8323-4a45-af9c-d6a01694f691,2025-03-24,1,31.2,31.2,31.2
06fb78f0-8323-4a45-af9c-d6a01694f691,2025-04-28,2,38,38,38
06fb78f0-8323-4a45-af9c-d6a01694f691,2025-08-25,1,31.2,31.2,31.2
06fb78f0-8323-4a45-af9c-d6a01694f691,2025-09-01,1,85,85,85
06fb78f0-8323-4a45-af9c-d6a01694f691,2025-09-29,7,58.8,58.8,58.8
06fb78f0-8323-4a45-af9c-d6a01694f691,2025-10-06,1,67.2,67.2,67.2
06fb78f0-8323-4a45-af9c-d6a01694f691,2026-02-16,1,63.36,63.36,63.36
06fb78f0-8323-4a45-af9c-d6a01694f691,2026-04-06,1,34.89,34.89,34.89
06fb78f0-8323-4a45-af9c-d6a01694f691,2026-04-13,1,75,75,75
06fb78f0-8323-4a45-af9c-d6a01694f691,2026-08-17,1,90.56,90.56,90.56
06fb78f0-8323-4a45-af9c-d6a01694f691,2026-08-24,1,93.6,93.6,93.6
06fd4029-4fa3-42ce-b48c-3fbd722752c5,2024-02-19,1,17.37,17.37,17.37
06fd4029-4fa3-42ce-b48c-3fbd722752c5,2024-02-26,3,14,13.1,21.6
06fd4029-4fa3-42ce-b48c-3fbd722752c5,2024-03-18,3,20,4,20
06fd4029-4fa3-42ce-b48c-3fbd722752c5,2024-04-01,3,22.18,16.23,28.45
06fd4029-4fa3-42ce-b48c-3fbd722752c5,2024-04-08,6,21.37,13.5,34.55
06fd4029-4fa3-42ce-b48c-3fbd722752c5,2024-04-15,2,21.61,16,27.21
06fd4029-4fa3-42ce-b48c-3fbd722752c5,2024-04-22,1,24.99,24.99,24.99
06fd4029-4fa3-42ce-b48c-3fbd722752c5,2024-05-13,1,15.99,15.99,15.99
06fd4029-4fa3-42ce-b48c-3fbd722752c5,2024-05-20,1,17.5,17.5,17.5
06fd4029-4fa3-42ce-b48c-3fbd722752c5,2024-05-27,1,24.99,24.99,24.99
06fd4029-4fa3-42ce-b48c-3fbd722752c5,2024-06-10,1,16.66,16.66,16.66
06fd4029-4fa3-42ce-b48c-3fbd722752c5,2024-06-17,3,24.99,24.24,27
06fd4029-4fa3-42ce-b48c-3fbd722752c5,2024-06-24,1,14.4,14.4,14.4
06fd4029-4fa3-42ce-b48c-3fbd722752c5,2024-07-01,1,20.5,20.5,20.5
06fd4029-4fa3-42ce-b48c-3fbd722752c5,2024-07-08,3,24.99,24.95,25.49
06fd4029-4fa3-42ce-b48c-3fbd722752c5,2024-07-15,2,16,13.5,18.5
06fd4029-4fa3-42ce-b48c-3fbd722752c5,2024-07-22,1,9.05,9.05,9.05
06fd4029-4fa3-42ce-b48c-3fbd722752c5,2024-07-29,1,14.5,14.5,14.5
06fd4029-4fa3-42ce-b48c-3fbd722752c5,2024-08-05,1,23.99,23.99,23.99
06fd4029-4fa3-42ce-b48c-3fbd722752c5,2024-08-12,2,26.25,24.5,28
06fd4029-4fa3-42ce-b48c-3fbd722752c5,2024-08-19,1,27,27,27
06fd4029-4fa3-42ce-b48c-3fbd722752c5,2024-08-26,1,25,25,25
06fd4029-4fa3-42ce-b48c-3fbd722752c5,2024-09-09,2,19.25,12.5,26
06fd4029-4fa3-42ce-b48c-3fbd722752c5,2024-09-16,2,24.52,16.16,32.88
06fd4029-4fa3-42ce-b48c-3fbd722752c5,2024-09-23,1,33.33,33.33,33.33
06fd4029-4fa3-42ce-b48c-3fbd722752c5,2024-09-30,1,38.63,38.63,38.63
06fd4029-4fa3-42ce-b48c-3fbd722752c5,2024-10-07,2,27,19,34.99
06fd4029-4fa3-42ce-b48c-3fbd722752c5,2024-10-21,1,15.5,15.5,15.5
06fd4029-4fa3-42ce-b48c-3fbd722752c5,2024-10-28,1,33.99,33.99,33.99
06fd4029-4fa3-42ce-b48c-3fbd722752c5,2024-11-04,3,24.5,19.01,25
06fd4029-4fa3-42ce-b48c-3fbd722752c5,2024-11-11,1,20.21,20.21,20.21
06fd4029-4fa3-42ce-b48c-3fbd722752c5,2024-11-25,2,19.76,18.51,21
06fd4029-4fa3-42ce-b48c-3fbd722752c5,2024-12-16,2,20.25,11.49,29
06fd4029-4fa3-42ce-b48c-3fbd722752c5,2025-01-06,3,24,22,29.99
06fd4029-4fa3-42ce-b48c-3fbd722752c5,2025-01-13,1,11.2,11.2,11.2
06fd4029-4fa3-42ce-b48c-3fbd722752c5,2025-01-27,3,18,17.5,19.99
06fd4029-4fa3-42ce-b48c-3fbd722752c5,2025-02-03,5,25.5,22,31.26
06fd4029-4fa3-42ce-b48c-3fbd722752c5,2025-02-10,3,30,28,33.33
06fd4029-4fa3-42ce-b48c-3fbd722752c5,2025-02-17,3,32,25,35
06fd4029-4fa3-42ce-b48c-3fbd722752c5,2025-03-03,3,30,22.5,30
06fd4029-4fa3-42ce-b48c-3fbd722752c5,2025-03-10,1,22.8,22.8,22.8
06fd4029-4fa3-42ce-b48c-3fbd722752c5,2025-03-17,3,30,29,44.69
06fd4029-4fa3-42ce-b48c-3fbd722752c5,2025-03-31,4,29,20.4,31
06fd4029-4fa3-42ce-b48c-3fbd722752c5,2025-04-07,1,29.99,29.99,29.99
06fd4029-4fa3-42ce-b48c-3fbd722752c5,2025-04-28,3,23.99,22.5,26.4
06fd4029-4fa3-42ce-b48c-3fbd722752c5,2025-05-05,1,16.01,16.01,16.01
06fd4029-4fa3-42ce-b48c-3fbd722752c5,2025-05-12,2,22.81,20.5,25.12
06fd4029-4fa3-42ce-b48c-3fbd722752c5,2025-05-19,3,25.5,19.5,41.99
06fd4029-4fa3-42ce-b48c-3fbd722752c5,2025-05-26,1,26,26,26
06fd4029-4fa3-42ce-b48c-3fbd722752c5,2025-06-02,1,26,26,26
06fd4029-4fa3-42ce-b48c-3fbd722752c5,2025-06-09,1,70.87,70.87,70.87
06fd4029-4fa3-42ce-b48c-3fbd722752c5,2025-06-16,1,32.23,32.23,32.23
06fd4029-4fa3-42ce-b48c-3fbd722752c5,2025-06-23,1,26,26,26
06fd4029-4fa3-42ce-b48c-3fbd722752c5,2025-06-30,1,29.39,29.39,29.39
06fd4029-4fa3-42ce-b48c-3fbd722752c5,2025-07-07,2,42,22,61.99
06fd4029-4fa3-42ce-b48c-3fbd722752c5,2025-07-21,5,30,25.2,35
06fd4029-4fa3-42ce-b48c-3fbd722752c5,2025-08-11,3,30,29,30
06fd4029-4fa3-42ce-b48c-3fbd722752c5,2025-08-18,1,29.99,29.99,29.99
06fd4029-4fa3-42ce-b48c-3fbd722752c5,2025-08-25,2,29.55,26.1,33
06fd4029-4fa3-42ce-b48c-3fbd722752c5,2025-09-01,3,34.8,29,36.5
06fd4029-4fa3-42ce-b48c-3fbd722752c5,2025-09-08,1,36.56,36.56,36.56
06fd4029-4fa3-42ce-b48c-3fbd722752c5,2025-09-15,3,42.29,19.38,46.99
06fd4029-4fa3-42ce-b48c-3fbd722752c5,2025-09-22,3,38,27.49,39
06fd4029-4fa3-42ce-b48c-3fbd722752c5,2025-09-29,1,40,40,40
06fd4029-4fa3-42ce-b48c-3fbd722752c5,2025-10-06,2,30.5,29,32
06fd4029-4fa3-42ce-b48c-3fbd722752c5,2025-10-20,1,31.46,31.46,31.46
06fd4029-4fa3-42ce-b48c-3fbd722752c5,2025-11-10,2,28.6,25.2,32
06fd4029-4fa3-42ce-b48c-3fbd722752c5,2025-11-24,1,28,28,28
06fd4029-4fa3-42ce-b48c-3fbd722752c5,2025-12-01,2,31.1,31,31.2
06fd4029-4fa3-42ce-b48c-3fbd722752c5,2025-12-08,2,34.42,32.2,36.65
06fd4029-4fa3-42ce-b48c-3fbd722752c5,2025-12-15,2,32.1,31,33.2
06fd4029-4fa3-42ce-b48c-3fbd722752c5,2026-01-19,2,45.05,30.16,59.95
06fd4029-4fa3-42ce-b48c-3fbd722752c5,2026-02-02,1,33,33,33
06fd4029-4fa3-42ce-b48c-3fbd722752c5,2026-02-09,2,30.05,18.7,41.39
06fd4029-4fa3-42ce-b48c-3fbd722752c5,2026-02-16,2,34.75,30,39.49
06fd4029-4fa3-42ce-b48c-3fbd722752c5,2026-02-23,1,15.5,15.5,15.5
06fd4029-4fa3-42ce-b48c-3fbd722752c5,2026-03-02,3,20.5,9.5,32.97
06fd4029-4fa3-42ce-b48c-3fbd722752c5,2026-03-09,1,11.5,11.5,11.5
06fd4029-4fa3-42ce-b48c-3fbd722752c5,2026-03-23,2,22.6,20,25.2
06fd4029-4fa3-42ce-b48c-3fbd722752c5,2026-03-30,1,33.5,33.5,33.5
06fd4029-4fa3-42ce-b48c-3fbd722752c5,2026-04-06,1,31.2,31.2,31.2
06fd4029-4fa3-42ce-b48c-3fbd722752c5,2026-04-13,1,50.56,50.56,50.56
06fd4029-4fa3-42ce-b48c-3fbd722752c5,2026-04-27,2,34.75,30,39.49
06fd4029-4fa3-42ce-b48c-3fbd722752c5,2026-05-11,4,33.21,29,41.39
06fd4029-4fa3-42ce-b48c-3fbd722752c5,2026-05-18,1,36.1,36.1,36.1
06fd4029-4fa3-42ce-b48c-3fbd722752c5,2026-05-25,2,29.02,28,30.03
06fd4029-4fa3-42ce-b48c-3fbd722752c5,2026-06-01,1,30,30,30
06fd4029-4fa3-42ce-b48c-3fbd722752c5,2026-06-08,1,26,26,26
06fd4029-4fa3-42ce-b48c-3fbd722752c5,2026-06-22,1,47.92,47.92,47.92
06fd4029-4fa3-42ce-b48c-3fbd722752c5,2026-06-29,1,32,32,32
06fd4029-4fa3-42ce-b48c-3fbd722752c5,2026-07-06,4,37.25,19.3,41.84
06fd4029-4fa3-42ce-b48c-3fbd722752c5,2026-07-13,1,41.81,41.81,41.81
06fd4029-4fa3-42ce-b48c-3fbd722752c5,2026-07-20,2,38.47,35.88,41.05
06fd4029-4fa3-42ce-b48c-3fbd722752c5,2026-07-27,3,34.62,32,39.95
06fd4029-4fa3-42ce-b48c-3fbd722752c5,2026-08-03,2,24.04,17.07,31
06fd4029-4fa3-42ce-b48c-3fbd722752c5,2026-08-17,2,27.75,24,31.5
06fd4029-4fa3-42ce-b48c-3fbd722752c5,2026-08-24,4,30.96,29,35.92
06fd4029-4fa3-42ce-b48c-3fbd722752c5,2026-08-31,2,27,26,28
