asset_id,week_start,n_sales,median_price,low,high
1e007419-b2a5-4ee2-a2cf-a28941ab2fb2,2024-04-22,1,45,45,45
1e007419-b2a5-4ee2-a2cf-a28941ab2fb2,2024-05-06,1,35,35,35
1e007419-b2a5-4ee2-a2cf-a28941ab2fb2,2024-05-13,2,54.5,49,60
1e007419-b2a5-4ee2-a2cf-a28941ab2fb2,2024-05-27,4,39.58,32.94,50
1e007419-b2a5-4ee2-a2cf-a28941ab2fb2,2024-06-03,3,45,40,45.12
1e007419-b2a5-4ee2-a2cf-a28941ab2fb2,2024-06-17,4,36,28,53
1e007419-b2a5-4ee2-a2cf-a28941ab2fb2,2024-06-24,2,42.48,35,49.95
1e007419-b2a5-4ee2-a2cf-a28941ab2fb2,2024-07-01,1,30,30,30
1e007419-b2a5-4ee2-a2cf-a28941ab2fb2,2024-07-08,1,28.75,28.75,28.75
1e007419-b2a5-4ee2-a2cf-a28941ab2fb2,2024-07-15,3,27.26,20.5,44.99
1e007419-b2a5-4ee2-a2cf-a28941ab2fb2,2024-07-22,1,35,35,35
1e007419-b2a5-4ee2-a2cf-a28941ab2fb2,2024-07-29,1,34.95,34.95,34.95
1e007419-b2a5-4ee2-a2cf-a28941ab2fb2,2024-08-12,1,30,30,30
1e007419-b2a5-4ee2-a2cf-a28941ab2fb2,2024-08-19,3,30,25,34.99
1e007419-b2a5-4ee2-a2cf-a28941ab2fb2,2024-08-26,2,30.75,20.5,41
1e007419-b2a5-4ee2-a2cf-a28941ab2fb2,2024-09-02,1,37.99,37.99,37.99
1e007419-b2a5-4ee2-a2cf-a28941ab2fb2,2024-09-09,1,34.99,34.99,34.99
1e007419-b2a5-4ee2-a2cf-a28941ab2fb2,2024-09-16,1,26,26,26
1e007419-b2a5-4ee2-a2cf-a28941ab2fb2,2024-09-30,1,23.5,23.5,23.5
1e007419-b2a5-4ee2-a2cf-a28941ab2fb2,2024-10-07,1,26,26,26
1e007419-b2a5-4ee2-a2cf-a28941ab2fb2,2024-10-21,1,24.38,24.38,24.38
1e007419-b2a5-4ee2-a2cf-a28941ab2fb2,2024-11-04,1,26,26,26
1e007419-b2a5-4ee2-a2cf-a28941ab2fb2,2024-11-11,1,35,35,35
1e007419-b2a5-4ee2-a2cf-a28941ab2fb2,2024-11-25,3,29,25,64.99
1e007419-b2a5-4ee2-a2cf-a28941ab2fb2,2024-12-02,2,32.49,24.99,40
1e007419-b2a5-4ee2-a2cf-a28941ab2fb2,2024-12-09,3,30,29.99,34
1e007419-b2a5-4ee2-a2cf-a28941ab2fb2,2024-12-16,1,27,27,27
1e007419-b2a5-4ee2-a2cf-a28941ab2fb2,2024-12-30,1,49.99,49.99,49.99
1e007419-b2a5-4ee2-a2cf-a28941ab2fb2,2025-01-06,1,35,35,35
1e007419-b2a5-4ee2-a2cf-a28941ab2fb2,2025-01-20,2,42,39,44.99
1e007419-b2a5-4ee2-a2cf-a28941ab2fb2,2025-01-27,2,45.03,45,45.07
1e007419-b2a5-4ee2-a2cf-a28941ab2fb2,2025-02-03,2,45.33,45.33,45.33
1e007419-b2a5-4ee2-a2cf-a28941ab2fb2,2025-02-10,1,38.67,38.67,38.67
1e007419-b2a5-4ee2-a2cf-a28941ab2fb2,2025-02-24,2,41.55,38.1,44.99
1e007419-b2a5-4ee2-a2cf-a28941ab2fb2,2025-03-31,1,29.99,29.99,29.99
1e007419-b2a5-4ee2-a2cf-a28941ab2fb2,2025-04-14,2,35.5,31,40
1e007419-b2a5-4ee2-a2cf-a28941ab2fb2,2025-04-21,1,55,55,55
1e007419-b2a5-4ee2-a2cf-a28941ab2fb2,2025-05-12,1,40,40,40
1e007419-b2a5-4ee2-a2cf-a28941ab2fb2,2025-05-26,1,39.99,39.99,39.99
1e007419-b2a5-4ee2-a2cf-a28941ab2fb2,2025-06-02,1,35,35,35
1e007419-b2a5-4ee2-a2cf-a28941ab2fb2,2025-06-16,1,35,35,35
1e007419-b2a5-4ee2-a2cf-a28941ab2fb2,2025-06-23,1,45,45,45
1e007419-b2a5-4ee2-a2cf-a28941ab2fb2,2025-06-30,1,51,51,51
1e007419-b2a5-4ee2-a2cf-a28941ab2fb2,2025-07-07,1,39.9,39.9,39.9
1e007419-b2a5-4ee2-a2cf-a28941ab2fb2,2025-08-18,2,40.5,33,48
1e007419-b2a5-4ee2-a2cf-a28941ab2fb2,2025-08-25,2,47.5,47,48
1e007419-b2a5-4ee2-a2cf-a28941ab2fb2,2025-09-29,2,51.5,50,52.99
1e007419-b2a5-4ee2-a2cf-a28941ab2fb2,2025-10-06,2,64.99,59.99,69.99
1e007419-b2a5-4ee2-a2cf-a28941ab2fb2,2025-10-13,1,55,55,55
1e007419-b2a5-4ee2-a2cf-a28941ab2fb2,2025-10-20,2,65,65,65
1e007419-b2a5-4ee2-a2cf-a28941ab2fb2,2025-11-03,1,48,48,48
1e007419-b2a5-4ee2-a2cf-a28941ab2fb2,2025-11-24,2,36,33,39
1e007419-b2a5-4ee2-a2cf-a28941ab2fb2,2025-12-15,3,36,26,39.89
1e007419-b2a5-4ee2-a2cf-a28941ab2fb2,2025-12-22,1,49,49,49
1e007419-b2a5-4ee2-a2cf-a28941ab2fb2,2025-12-29,1,44.99,44.99,44.99
1e007419-b2a5-4ee2-a2cf-a28941ab2fb2,2026-01-19,1,40,40,40
1e007419-b2a5-4ee2-a2cf-a28941ab2fb2,2026-01-26,1,55,55,55
1e007419-b2a5-4ee2-a2cf-a28941ab2fb2,2026-03-02,2,50.16,37,63.32
1e007419-b2a5-4ee2-a2cf-a28941ab2fb2,2026-03-16,1,30,30,30
1e007419-b2a5-4ee2-a2cf-a28941ab2fb2,2026-03-23,1,42,42,42
1e007419-b2a5-4ee2-a2cf-a28941ab2fb2,2026-03-30,1,49,49,49
1e007419-b2a5-4ee2-a2cf-a28941ab2fb2,2026-04-06,1,61,61,61
1e007419-b2a5-4ee2-a2cf-a28941ab2fb2,2026-04-13,1,60,60,60
1e007419-b2a5-4ee2-a2cf-a28941ab2fb2,2026-04-27,1,49.99,49.99,49.99
1e007419-b2a5-4ee2-a2cf-a28941ab2fb2,2026-05-11,2,52,44,60
1e007419-b2a5-4ee2-a2cf-a28941ab2fb2,2026-05-25,1,56,56,56
1e007419-b2a5-4ee2-a2cf-a28941ab2fb2,2026-06-08,1,100,100,100
1e007419-b2a5-4ee2-a2cf-a28941ab2fb2,2026-06-29,1,46.18,46.18,46.18
1e007419-b2a5-4ee2-a2cf-a28941ab2fb2,2026-07-06,1,94.99,94.99,94.99
1e007419-b2a5-4ee2-a2cf-a28941ab2fb2,2026-07-20,1,85,85,85
1e018a30-137e-4b52-9a09-be9f1762cb5a,2021-03-22,1,405,405,405
1e018a30-137e-4b52-9a09-be9f1762cb5a,2021-04-05,1,347,347,347
1e018a30-137e-4b52-9a09-be9f1762cb5a,2021-04-12,1,500,500,500
1e018a30-137e-4b52-9a09-be9f1762cb5a,2021-04-26,1,345,345,345
1e018a30-137e-4b52-9a09-be9f1762cb5a,2021-06-14,1,440,440,440
1e018a30-137e-4b52-9a09-be9f1762cb5a,2021-06-21,2,357.77,310.55,405
1e018a30-137e-4b52-9a09-be9f1762cb5a,2021-07-05,1,399.99,399.99,399.99
1e018a30-137e-4b52-9a09-be9f1762cb5a,2021-09-06,1,266,266,266
1e018a30-137e-4b52-9a09-be9f1762cb5a,2021-12-06,1,356,356,356
1e018a30-137e-4b52-9a09-be9f1762cb5a,2022-01-10,1,410,410,410
1e018a30-137e-4b52-9a09-be9f1762cb5a,2022-01-17,1,393.88,393.88,393.88
1e018a30-137e-4b52-9a09-be9f1762cb5a,2023-03-20,1,444,444,444
1e018a30-137e-4b52-9a09-be9f1762cb5a,2024-03-25,1,396,396,396
1e018a30-137e-4b52-9a09-be9f1762cb5a,2024-07-08,1,522.49,522.49,522.49
1e018a30-137e-4b52-9a09-be9f1762cb5a,2025-03-24,1,1100,1100,1100
1e018a30-137e-4b52-9a09-be9f1762cb5a,2025-10-06,1,4500,4500,4500
1e018a30-137e-4b52-9a09-be9f1762cb5a,2026-04-13,1,7499.99,7499.99,7499.99
1e018a30-137e-4b52-9a09-be9f1762cb5a,2026-06-01,2,9400.5,8601,10200
1e018a30-137e-4b52-9a09-be9f1762cb5a,2026-06-08,1,8455,8455,8455
1e018a30-137e-4b52-9a09-be9f1762cb5a,2026-06-22,1,9999,9999,9999
1e018a30-137e-4b52-9a09-be9f1762cb5a,2026-08-17,1,13200,13200,13200
1e018a30-137e-4b52-9a09-be9f1762cb5a,2026-08-24,1,11999,11999,11999
1e018a30-137e-4b52-9a09-be9f1762cb5a,2026-08-31,1,13800,13800,13800
1e022ae3-3050-430a-bfc5-9620cfd55d92,2022-01-24,1,175,175,175
1e022ae3-3050-430a-bfc5-9620cfd55d92,2022-02-21,1,76,76,76
1e022ae3-3050-430a-bfc5-9620cfd55d92,2022-03-28,1,123.57,123.57,123.57
1e022ae3-3050-430a-bfc5-9620cfd55d92,2022-07-11,1,138.5,138.5,138.5
1e022ae3-3050-430a-bfc5-9620cfd55d92,2022-09-05,1,146.5,146.5,146.5
1e022ae3-3050-430a-bfc5-9620cfd55d92,2024-02-19,2,70.6,50,91.2
1e022ae3-3050-430a-bfc5-9620cfd55d92,2024-04-22,1,120,120,120
1e022ae3-3050-430a-bfc5-9620cfd55d92,2025-04-21,1,265,265,265
1e022ae3-3050-430a-bfc5-9620cfd55d92,2026-06-22,1,1725,1725,1725
1e022ae3-3050-430a-bfc5-9620cfd55d92,2026-07-27,1,2000,2000,2000
1e02860a-511e-4c2e-a29e-33555b715727,2021-08-09,1,313.13,313.13,313.13
1e02860a-511e-4c2e-a29e-33555b715727,2021-10-25,1,410,410,410
1e02860a-511e-4c2e-a29e-33555b715727,2021-11-15,1,240,240,240
1e02860a-511e-4c2e-a29e-33555b715727,2021-12-27,1,209.19,209.19,209.19
1e02860a-511e-4c2e-a29e-33555b715727,2022-01-24,1,252,252,252
1e02860a-511e-4c2e-a29e-33555b715727,2022-03-14,1,89,89,89
1e02860a-511e-4c2e-a29e-33555b715727,2022-03-21,1,151,151,151
1e02860a-511e-4c2e-a29e-33555b715727,2022-04-11,1,325,325,325
1e02860a-511e-4c2e-a29e-33555b715727,2022-04-18,1,192,192,192
1e02860a-511e-4c2e-a29e-33555b715727,2022-07-18,1,192,192,192
1e02860a-511e-4c2e-a29e-33555b715727,2022-10-17,2,178.69,158.38,199
1e02860a-511e-4c2e-a29e-33555b715727,2023-03-20,1,132,132,132
1e02860a-511e-4c2e-a29e-33555b715727,2024-01-15,1,123.5,123.5,123.5
1e02860a-511e-4c2e-a29e-33555b715727,2024-02-12,1,82,82,82
1e02860a-511e-4c2e-a29e-33555b715727,2024-06-10,1,76.01,76.01,76.01
1e02860a-511e-4c2e-a29e-33555b715727,2024-08-19,1,180,180,180
1e02860a-511e-4c2e-a29e-33555b715727,2024-09-02,2,114.59,104.19,125
1e02860a-511e-4c2e-a29e-33555b715727,2024-09-09,1,81,81,81
1e02860a-511e-4c2e-a29e-33555b715727,2024-11-11,1,66,66,66
1e02860a-511e-4c2e-a29e-33555b715727,2024-12-02,1,235,235,235
1e02860a-511e-4c2e-a29e-33555b715727,2024-12-16,1,191,191,191
1e02860a-511e-4c2e-a29e-33555b715727,2025-01-27,2,160,118.5,201.5
1e02860a-511e-4c2e-a29e-33555b715727,2025-07-07,1,223.8,223.8,223.8
1e02860a-511e-4c2e-a29e-33555b715727,2025-07-14,1,180,180,180
1e02860a-511e-4c2e-a29e-33555b715727,2025-07-28,1,165,165,165
1e02860a-511e-4c2e-a29e-33555b715727,2025-08-25,3,178.5,132,183.5
1e02860a-511e-4c2e-a29e-33555b715727,2025-09-01,1,169.01,169.01,169.01
1e02860a-511e-4c2e-a29e-33555b715727,2025-10-13,1,150,150,150
1e02860a-511e-4c2e-a29e-33555b715727,2025-11-03,1,299,299,299
1e02860a-511e-4c2e-a29e-33555b715727,2025-11-24,1,126,126,126
1e02860a-511e-4c2e-a29e-33555b715727,2025-12-29,1,299.99,299.99,299.99
1e02860a-511e-4c2e-a29e-33555b715727,2026-02-16,2,340,300,380
1e02860a-511e-4c2e-a29e-33555b715727,2026-03-30,1,386.06,386.06,386.06
1e02860a-511e-4c2e-a29e-33555b715727,2026-04-20,1,275,275,275
1e02860a-511e-4c2e-a29e-33555b715727,2026-06-29,1,314.38,314.38,314.38
1e02860a-511e-4c2e-a29e-33555b715727,2026-07-06,1,227.5,227.5,227.5
1e02860a-511e-4c2e-a29e-33555b715727,2026-07-20,1,222,222,222
1e044ec6-139a-434f-92b2-c1cc8ccd8c3d,2023-11-20,1,102.5,102.5,102.5
1e044ec6-139a-434f-92b2-c1cc8ccd8c3d,2023-12-18,1,70,70,70
1e044ec6-139a-434f-92b2-c1cc8ccd8c3d,2023-12-25,1,56.69,56.69,56.69
1e044ec6-139a-434f-92b2-c1cc8ccd8c3d,2024-01-08,1,60,60,60
1e044ec6-139a-434f-92b2-c1cc8ccd8c3d,2024-01-22,2,55.89,55.77,56
1e044ec6-139a-434f-92b2-c1cc8ccd8c3d,2024-01-29,2,74.84,55.69,94
1e044ec6-139a-434f-92b2-c1cc8ccd8c3d,2024-02-05,2,32.75,17.5,48
1e044ec6-139a-434f-92b2-c1cc8ccd8c3d,2024-02-26,2,34.7,24.4,45
1e044ec6-139a-434f-92b2-c1cc8ccd8c3d,2024-03-04,1,55,55,55
1e044ec6-139a-434f-92b2-c1cc8ccd8c3d,2024-03-11,2,46,42,50
1e044ec6-139a-434f-92b2-c1cc8ccd8c3d,2024-03-18,3,41.27,37.99,45
1e044ec6-139a-434f-92b2-c1cc8ccd8c3d,2024-04-01,1,50,50,50
1e044ec6-139a-434f-92b2-c1cc8ccd8c3d,2024-04-08,2,37,35,39
1e044ec6-139a-434f-92b2-c1cc8ccd8c3d,2024-04-15,3,30,25,30
1e044ec6-139a-434f-92b2-c1cc8ccd8c3d,2024-05-06,5,44.99,24.01,50
1e044ec6-139a-434f-92b2-c1cc8ccd8c3d,2024-05-13,1,32.95,32.95,32.95
1e044ec6-139a-434f-92b2-c1cc8ccd8c3d,2024-05-20,5,50,26.01,55
1e044ec6-139a-434f-92b2-c1cc8ccd8c3d,2024-06-03,2,35,25,44.99
1e044ec6-139a-434f-92b2-c1cc8ccd8c3d,2024-06-17,2,44.07,43.14,45
1e044ec6-139a-434f-92b2-c1cc8ccd8c3d,2024-06-24,1,42.74,42.74,42.74
1e044ec6-139a-434f-92b2-c1cc8ccd8c3d,2024-07-01,1,44.99,44.99,44.99
1e044ec6-139a-434f-92b2-c1cc8ccd8c3d,2024-07-08,1,45,45,45
1e044ec6-139a-434f-92b2-c1cc8ccd8c3d,2024-07-29,3,20.5,17.5,43.99
1e044ec6-139a-434f-92b2-c1cc8ccd8c3d,2024-08-05,1,45,45,45
1e044ec6-139a-434f-92b2-c1cc8ccd8c3d,2024-08-12,1,31.99,31.99,31.99
1e044ec6-139a-434f-92b2-c1cc8ccd8c3d,2024-08-19,1,39,39,39
1e044ec6-139a-434f-92b2-c1cc8ccd8c3d,2024-09-02,1,44.99,44.99,44.99
1e044ec6-139a-434f-92b2-c1cc8ccd8c3d,2024-09-23,1,23.42,23.42,23.42
1e044ec6-139a-434f-92b2-c1cc8ccd8c3d,2024-10-07,1,31,31,31
1e044ec6-139a-434f-92b2-c1cc8ccd8c3d,2024-10-14,1,30,30,30
1e044ec6-139a-434f-92b2-c1cc8ccd8c3d,2024-10-21,1,40,40,40
1e044ec6-139a-434f-92b2-c1cc8ccd8c3d,2024-10-28,1,28.27,28.27,28.27
1e044ec6-139a-434f-92b2-c1cc8ccd8c3d,2024-11-04,3,27,26.04,35
1e044ec6-139a-434f-92b2-c1cc8ccd8c3d,2024-11-18,1,30,30,30
1e044ec6-139a-434f-92b2-c1cc8ccd8c3d,2024-12-02,2,45,30,60
1e044ec6-139a-434f-92b2-c1cc8ccd8c3d,2024-12-16,1,39.99,39.99,39.99
1e044ec6-139a-434f-92b2-c1cc8ccd8c3d,2025-01-06,1,46,46,46
1e044ec6-139a-434f-92b2-c1cc8ccd8c3d,2025-01-13,2,41.98,40,43.95
1e044ec6-139a-434f-92b2-c1cc8ccd8c3d,2025-01-20,2,44.5,39.99,49
1e044ec6-139a-434f-92b2-c1cc8ccd8c3d,2025-02-03,4,43.5,33,45
1e044ec6-139a-434f-92b2-c1cc8ccd8c3d,2025-02-17,2,53.16,50,56.32
1e044ec6-139a-434f-92b2-c1cc8ccd8c3d,2025-02-24,1,61,61,61
1e044ec6-139a-434f-92b2-c1cc8ccd8c3d,2025-03-03,5,46,41,54.97
1e044ec6-139a-434f-92b2-c1cc8ccd8c3d,2025-03-17,2,62.49,55,69.99
1e044ec6-139a-434f-92b2-c1cc8ccd8c3d,2025-03-31,1,60,60,60
1e044ec6-139a-434f-92b2-c1cc8ccd8c3d,2025-04-28,3,50,45,50
1e044ec6-139a-434f-92b2-c1cc8ccd8c3d,2025-05-05,2,47.5,45,49.99
1e044ec6-139a-434f-92b2-c1cc8ccd8c3d,2025-05-19,2,47.98,25.97,69.99
1e044ec6-139a-434f-92b2-c1cc8ccd8c3d,2025-06-02,1,35,35,35
1e044ec6-139a-434f-92b2-c1cc8ccd8c3d,2025-07-28,1,45,45,45
1e044ec6-139a-434f-92b2-c1cc8ccd8c3d,2025-08-11,1,50,50,50
1e044ec6-139a-434f-92b2-c1cc8ccd8c3d,2025-08-25,1,49,49,49
1e044ec6-139a-434f-92b2-c1cc8ccd8c3d,2025-09-01,1,45,45,45
1e044ec6-139a-434f-92b2-c1cc8ccd8c3d,2025-09-15,1,49,49,49
1e044ec6-139a-434f-92b2-c1cc8ccd8c3d,2025-09-22,2,50,50,50
1e044ec6-139a-434f-92b2-c1cc8ccd8c3d,2025-09-29,1,50,50,50
1e044ec6-139a-434f-92b2-c1cc8ccd8c3d,2025-10-06,1,54,54,54
1e044ec6-139a-434f-92b2-c1cc8ccd8c3d,2025-10-13,1,60,60,60
1e044ec6-139a-434f-92b2-c1cc8ccd8c3d,2025-10-20,2,54.9,50,59.8
1e044ec6-139a-434f-92b2-c1cc8ccd8c3d,2025-10-27,1,83.99,83.99,83.99
1e044ec6-139a-434f-92b2-c1cc8ccd8c3d,2025-11-17,1,58,58,58
1e044ec6-139a-434f-92b2-c1cc8ccd8c3d,2025-11-24,1,34.51,34.51,34.51
1e044ec6-139a-434f-92b2-c1cc8ccd8c3d,2025-12-29,1,69,69,69
1e044ec6-139a-434f-92b2-c1cc8ccd8c3d,2026-02-16,1,70,70,70
1e044ec6-139a-434f-92b2-c1cc8ccd8c3d,2026-03-09,1,110,110,110
1e044ec6-139a-434f-92b2-c1cc8ccd8c3d,2026-03-23,2,74.25,72,76.5
1e044ec6-139a-434f-92b2-c1cc8ccd8c3d,2026-03-30,1,85,85,85
1e044ec6-139a-434f-92b2-c1cc8ccd8c3d,2026-04-20,1,80,80,80
1e044ec6-139a-434f-92b2-c1cc8ccd8c3d,2026-05-04,1,77.09,77.09,77.09
1e044ec6-139a-434f-92b2-c1cc8ccd8c3d,2026-06-01,1,75,75,75
1e044ec6-139a-434f-92b2-c1cc8ccd8c3d,2026-06-15,1,79,79,79
1e044ec6-139a-434f-92b2-c1cc8ccd8c3d,2026-06-22,1,81,81,81
1e044ec6-139a-434f-92b2-c1cc8ccd8c3d,2026-07-20,1,70,70,70
1e044ec6-139a-434f-92b2-c1cc8ccd8c3d,2026-08-03,1,65,65,65
1e044ec6-139a-434f-92b2-c1cc8ccd8c3d,2026-08-24,1,75,75,75
1e044ec6-139a-434f-92b2-c1cc8ccd8c3d,2026-08-31,1,75,75,75
1e044ec6-139a-434f-92b2-c1cc8ccd8c3d,2026-09-07,1,80,80,80
1e04aabc-4046-4b43-82ae-cd1154dbb492,2021-03-15,1,390,390,390
1e04aabc-4046-4b43-82ae-cd1154dbb492,2021-04-26,1,220.05,220.05,220.05
1e04aabc-4046-4b43-82ae-cd1154dbb492,2021-05-03,1,549.95,549.95,549.95
1e04aabc-4046-4b43-82ae-cd1154dbb492,2021-05-24,4,238.03,202.5,400
1e04aabc-4046-4b43-82ae-cd1154dbb492,2021-05-31,1,169.5,169.5,169.5
1e04aabc-4046-4b43-82ae-cd1154dbb492,2021-06-07,2,212.77,200.54,225
1e04aabc-4046-4b43-82ae-cd1154dbb492,2021-09-13,2,236.25,207.5,265
1e04aabc-4046-4b43-82ae-cd1154dbb492,2021-10-25,4,177.5,160,218.5
1e04aabc-4046-4b43-82ae-cd1154dbb492,2021-11-15,1,295,295,295
1e04aabc-4046-4b43-82ae-cd1154dbb492,2021-12-06,2,215.94,212.5,219.39
1e04aabc-4046-4b43-82ae-cd1154dbb492,2021-12-13,1,250,250,250
1e04aabc-4046-4b43-82ae-cd1154dbb492,2021-12-27,1,200,200,200
1e04aabc-4046-4b43-82ae-cd1154dbb492,2022-01-03,1,375,375,375
1e04aabc-4046-4b43-82ae-cd1154dbb492,2022-01-17,1,350,350,350
1e04aabc-4046-4b43-82ae-cd1154dbb492,2022-01-24,3,279.99,180,300
1e04aabc-4046-4b43-82ae-cd1154dbb492,2022-02-07,2,291.52,264,319.04
1e04aabc-4046-4b43-82ae-cd1154dbb492,2022-02-14,2,154.03,152.5,155.56
1e04aabc-4046-4b43-82ae-cd1154dbb492,2022-02-21,1,202.5,202.5,202.5
1e04aabc-4046-4b43-82ae-cd1154dbb492,2022-03-14,2,176.76,163.5,190.02
1e04aabc-4046-4b43-82ae-cd1154dbb492,2022-04-04,1,174,174,174
1e04aabc-4046-4b43-82ae-cd1154dbb492,2022-04-11,1,210.5,210.5,210.5
1e04aabc-4046-4b43-82ae-cd1154dbb492,2022-04-25,1,279.99,279.99,279.99
1e04aabc-4046-4b43-82ae-cd1154dbb492,2022-05-23,1,198,198,198
1e04aabc-4046-4b43-82ae-cd1154dbb492,2022-06-13,1,215.02,215.02,215.02
1e04aabc-4046-4b43-82ae-cd1154dbb492,2022-06-27,1,132,132,132
1e04aabc-4046-4b43-82ae-cd1154dbb492,2022-07-11,1,220,220,220
1e04aabc-4046-4b43-82ae-cd1154dbb492,2022-07-25,2,174.15,155.52,192.77
1e04aabc-4046-4b43-82ae-cd1154dbb492,2022-08-08,1,203.81,203.81,203.81
1e04aabc-4046-4b43-82ae-cd1154dbb492,2022-08-15,1,204,204,204
1e04aabc-4046-4b43-82ae-cd1154dbb492,2022-08-22,2,226,162,289.99
1e04aabc-4046-4b43-82ae-cd1154dbb492,2022-09-12,1,240,240,240
1e04aabc-4046-4b43-82ae-cd1154dbb492,2022-09-19,1,200,200,200
1e04aabc-4046-4b43-82ae-cd1154dbb492,2022-10-24,2,224.25,163.5,285
1e04aabc-4046-4b43-82ae-cd1154dbb492,2022-11-07,1,173.45,173.45,173.45
1e04aabc-4046-4b43-82ae-cd1154dbb492,2022-11-14,2,243,211,275
1e04aabc-4046-4b43-82ae-cd1154dbb492,2022-11-21,1,300,300,300
1e04aabc-4046-4b43-82ae-cd1154dbb492,2022-12-12,1,197.5,197.5,197.5
1e04aabc-4046-4b43-82ae-cd1154dbb492,2023-01-23,2,311.25,242.5,380
1e04aabc-4046-4b43-82ae-cd1154dbb492,2023-02-13,1,156,156,156
1e04aabc-4046-4b43-82ae-cd1154dbb492,2023-03-06,1,230,230,230
1e04aabc-4046-4b43-82ae-cd1154dbb492,2023-03-20,1,250,250,250
1e04aabc-4046-4b43-82ae-cd1154dbb492,2023-03-27,1,240,240,240
1e04aabc-4046-4b43-82ae-cd1154dbb492,2023-04-10,1,240,240,240
1e04aabc-4046-4b43-82ae-cd1154dbb492,2023-05-08,2,144,138,150
1e04aabc-4046-4b43-82ae-cd1154dbb492,2023-05-22,1,157.5,157.5,157.5
1e04aabc-4046-4b43-82ae-cd1154dbb492,2023-08-07,1,180,180,180
1e04aabc-4046-4b43-82ae-cd1154dbb492,2023-08-14,1,389.99,389.99,389.99
1e04aabc-4046-4b43-82ae-cd1154dbb492,2023-08-21,1,191,191,191
1e04aabc-4046-4b43-82ae-cd1154dbb492,2023-10-30,1,340,340,340
1e04aabc-4046-4b43-82ae-cd1154dbb492,2023-12-04,2,200,150,250
1e04aabc-4046-4b43-82ae-cd1154dbb492,2023-12-18,2,250.24,198,302.47
1e04aabc-4046-4b43-82ae-cd1154dbb492,2023-12-25,1,302,302,302
1e04aabc-4046-4b43-82ae-cd1154dbb492,2024-01-01,1,230,230,230
1e04aabc-4046-4b43-82ae-cd1154dbb492,2024-01-15,2,262.5,250,275
1e04aabc-4046-4b43-82ae-cd1154dbb492,2024-02-05,1,275,275,275
1e04aabc-4046-4b43-82ae-cd1154dbb492,2024-02-12,1,175.5,175.5,175.5
1e04aabc-4046-4b43-82ae-cd1154dbb492,2024-04-01,2,192.44,174.5,210.39
1e04aabc-4046-4b43-82ae-cd1154dbb492,2024-04-15,1,250,250,250
1e04aabc-4046-4b43-82ae-cd1154dbb492,2024-04-22,1,199.85,199.85,199.85
1e04aabc-4046-4b43-82ae-cd1154dbb492,2024-05-20,1,274.99,274.99,274.99
1e04aabc-4046-4b43-82ae-cd1154dbb492,2024-05-27,1,249,249,249
1e04aabc-4046-4b43-82ae-cd1154dbb492,2024-06-03,2,247.5,202.5,292.49
1e04aabc-4046-4b43-82ae-cd1154dbb492,2024-06-10,1,270,270,270
1e04aabc-4046-4b43-82ae-cd1154dbb492,2024-06-17,1,254.99,254.99,254.99
1e04aabc-4046-4b43-82ae-cd1154dbb492,2024-07-01,1,290,290,290
1e04aabc-4046-4b43-82ae-cd1154dbb492,2024-07-08,1,198,198,198
1e04aabc-4046-4b43-82ae-cd1154dbb492,2024-07-22,2,212.5,150,275
1e04aabc-4046-4b43-82ae-cd1154dbb492,2024-08-12,1,224.5,224.5,224.5
1e04aabc-4046-4b43-82ae-cd1154dbb492,2024-09-16,1,222.5,222.5,222.5
1e04aabc-4046-4b43-82ae-cd1154dbb492,2024-09-23,1,186,186,186
1e04aabc-4046-4b43-82ae-cd1154dbb492,2024-10-07,1,225,225,225
1e04aabc-4046-4b43-82ae-cd1154dbb492,2024-11-04,1,230,230,230
1e04aabc-4046-4b43-82ae-cd1154dbb492,2024-11-18,1,275,275,275
1e04aabc-4046-4b43-82ae-cd1154dbb492,2024-11-25,1,232.51,232.51,232.51
1e04aabc-4046-4b43-82ae-cd1154dbb492,2024-12-02,1,275,275,275
1e04aabc-4046-4b43-82ae-cd1154dbb492,2025-01-13,1,299.99,299.99,299.99
1e04aabc-4046-4b43-82ae-cd1154dbb492,2025-01-20,1,290,290,290
1e04aabc-4046-4b43-82ae-cd1154dbb492,2025-02-17,2,304.5,279,330
1e04aabc-4046-4b43-82ae-cd1154dbb492,2025-03-17,1,380,380,380
1e04aabc-4046-4b43-82ae-cd1154dbb492,2025-03-24,2,256.2,200.4,312
1e04aabc-4046-4b43-82ae-cd1154dbb492,2025-04-07,1,444,444,444
1e04aabc-4046-4b43-82ae-cd1154dbb492,2025-04-14,1,370,370,370
1e04aabc-4046-4b43-82ae-cd1154dbb492,2025-04-28,1,355,355,355
1e04aabc-4046-4b43-82ae-cd1154dbb492,2025-05-05,1,292.73,292.73,292.73
1e04aabc-4046-4b43-82ae-cd1154dbb492,2025-05-12,2,335.98,321.95,350
1e04aabc-4046-4b43-82ae-cd1154dbb492,2025-06-02,1,435,435,435
1e04aabc-4046-4b43-82ae-cd1154dbb492,2025-06-09,1,449,449,449
1e04aabc-4046-4b43-82ae-cd1154dbb492,2025-06-16,2,391.72,384.99,398.45
1e04aabc-4046-4b43-82ae-cd1154dbb492,2025-08-11,1,375,375,375
1e04aabc-4046-4b43-82ae-cd1154dbb492,2025-08-18,2,445,399,491
1e04aabc-4046-4b43-82ae-cd1154dbb492,2025-08-25,1,483,483,483
1e04aabc-4046-4b43-82ae-cd1154dbb492,2025-09-01,3,535.02,499,599.99
1e04aabc-4046-4b43-82ae-cd1154dbb492,2025-09-08,1,650,650,650
1e04aabc-4046-4b43-82ae-cd1154dbb492,2025-11-03,3,599.99,575,649
1e04aabc-4046-4b43-82ae-cd1154dbb492,2025-12-01,2,730,660,799.99
1e04aabc-4046-4b43-82ae-cd1154dbb492,2025-12-08,1,624.5,624.5,624.5
1e04aabc-4046-4b43-82ae-cd1154dbb492,2025-12-15,1,420,420,420
1e04aabc-4046-4b43-82ae-cd1154dbb492,2026-01-12,2,734,518,950
1e04aabc-4046-4b43-82ae-cd1154dbb492,2026-01-26,1,850,850,850
1e04aabc-4046-4b43-82ae-cd1154dbb492,2026-03-02,2,699.5,600,799
1e04aabc-4046-4b43-82ae-cd1154dbb492,2026-03-23,2,738,726,750
1e04aabc-4046-4b43-82ae-cd1154dbb492,2026-03-30,1,690,690,690
1e04aabc-4046-4b43-82ae-cd1154dbb492,2026-04-13,2,654.5,610,699
1e04aabc-4046-4b43-82ae-cd1154dbb492,2026-04-20,4,745,633,899.99
1e04aabc-4046-4b43-82ae-cd1154dbb492,2026-05-04,1,552,552,552
1e04aabc-4046-4b43-82ae-cd1154dbb492,2026-05-11,2,479.5,449,510
1e04aabc-4046-4b43-82ae-cd1154dbb492,2026-05-18,1,492,492,492
1e04aabc-4046-4b43-82ae-cd1154dbb492,2026-05-25,1,567,567,567
1e04aabc-4046-4b43-82ae-cd1154dbb492,2026-06-01,1,526.8,526.8,526.8
1e04aabc-4046-4b43-82ae-cd1154dbb492,2026-06-08,2,578,526,630
1e04aabc-4046-4b43-82ae-cd1154dbb492,2026-06-29,1,516,516,516
1e04aabc-4046-4b43-82ae-cd1154dbb492,2026-07-06,1,630,630,630
1e04aabc-4046-4b43-82ae-cd1154dbb492,2026-07-27,2,913.98,632.95,1195
1e04aabc-4046-4b43-82ae-cd1154dbb492,2026-08-03,1,650,650,650
1e04aabc-4046-4b43-82ae-cd1154dbb492,2026-08-31,2,744,743,745
1e04aabc-4046-4b43-82ae-cd1154dbb492,2026-09-07,1,810,810,810
1e04fce3-7c5f-4aa8-b7f3-b669f5ee066d,2023-02-06,1,204,204,204
1e04fce3-7c5f-4aa8-b7f3-b669f5ee066d,2024-03-18,1,324,324,324
1e04fce3-7c5f-4aa8-b7f3-b669f5ee066d,2024-09-23,1,118.95,118.95,118.95
1e063db1-2860-4ac4-9655-99bb70e43f81,2022-02-07,1,105,105,105
1e063db1-2860-4ac4-9655-99bb70e43f81,2022-06-20,1,51,51,51
1e063db1-2860-4ac4-9655-99bb70e43f81,2022-06-27,1,89.99,89.99,89.99
1e063db1-2860-4ac4-9655-99bb70e43f81,2022-07-04,1,42,42,42
1e063db1-2860-4ac4-9655-99bb70e43f81,2022-08-15,1,49.99,49.99,49.99
1e063db1-2860-4ac4-9655-99bb70e43f81,2022-10-31,1,79.98,79.98,79.98
1e063db1-2860-4ac4-9655-99bb70e43f81,2024-08-26,1,75,75,75
1e063db1-2860-4ac4-9655-99bb70e43f81,2025-01-06,1,87,87,87
1e063db1-2860-4ac4-9655-99bb70e43f81,2025-06-02,1,58,58,58
1e063db1-2860-4ac4-9655-99bb70e43f81,2025-11-24,1,89.99,89.99,89.99
1e063db1-2860-4ac4-9655-99bb70e43f81,2025-12-29,1,109,109,109
1e063db1-2860-4ac4-9655-99bb70e43f81,2026-01-19,1,100,100,100
1e063db1-2860-4ac4-9655-99bb70e43f81,2026-03-02,1,95,95,95
1e063db1-2860-4ac4-9655-99bb70e43f81,2026-03-23,1,115,115,115
1e063db1-2860-4ac4-9655-99bb70e43f81,2026-05-11,1,275,275,275
1e063db1-2860-4ac4-9655-99bb70e43f81,2026-07-06,1,115,115,115
1e06ce54-aadd-41a3-a76d-b7ffcb0ca26f,2024-04-22,1,52,52,52
1e06ce54-aadd-41a3-a76d-b7ffcb0ca26f,2024-04-29,1,55,55,55
1e06ce54-aadd-41a3-a76d-b7ffcb0ca26f,2024-05-06,1,48,48,48
1e06ce54-aadd-41a3-a76d-b7ffcb0ca26f,2024-05-13,2,50,50,50
1e06ce54-aadd-41a3-a76d-b7ffcb0ca26f,2024-05-20,2,54.5,49,60
1e06ce54-aadd-41a3-a76d-b7ffcb0ca26f,2024-05-27,3,45,32,59.99
1e06ce54-aadd-41a3-a76d-b7ffcb0ca26f,2024-06-03,1,37,37,37
1e06ce54-aadd-41a3-a76d-b7ffcb0ca26f,2024-06-10,1,38.89,38.89,38.89
1e06ce54-aadd-41a3-a76d-b7ffcb0ca26f,2024-06-17,1,54,54,54
1e06ce54-aadd-41a3-a76d-b7ffcb0ca26f,2024-06-24,1,40,40,40
1e06ce54-aadd-41a3-a76d-b7ffcb0ca26f,2024-07-01,2,28.25,20.5,36
1e06ce54-aadd-41a3-a76d-b7ffcb0ca26f,2024-07-08,4,28.27,27,53
1e06ce54-aadd-41a3-a76d-b7ffcb0ca26f,2024-07-15,1,27,27,27
1e06ce54-aadd-41a3-a76d-b7ffcb0ca26f,2024-07-22,1,34.95,34.95,34.95
1e06ce54-aadd-41a3-a76d-b7ffcb0ca26f,2024-08-05,1,27.99,27.99,27.99
1e06ce54-aadd-41a3-a76d-b7ffcb0ca26f,2024-08-12,4,30,21,50
1e06ce54-aadd-41a3-a76d-b7ffcb0ca26f,2024-08-19,2,33,31,35
1e06ce54-aadd-41a3-a76d-b7ffcb0ca26f,2024-08-26,1,35,35,35
1e06ce54-aadd-41a3-a76d-b7ffcb0ca26f,2024-09-16,1,28,28,28
1e06ce54-aadd-41a3-a76d-b7ffcb0ca26f,2024-09-30,1,30,30,30
1e06ce54-aadd-41a3-a76d-b7ffcb0ca26f,2024-10-07,2,30.5,29,32
1e06ce54-aadd-41a3-a76d-b7ffcb0ca26f,2024-10-14,3,30,25.18,30
1e06ce54-aadd-41a3-a76d-b7ffcb0ca26f,2024-10-28,1,39.99,39.99,39.99
1e06ce54-aadd-41a3-a76d-b7ffcb0ca26f,2024-11-11,2,31,30,32
1e06ce54-aadd-41a3-a76d-b7ffcb0ca26f,2024-11-18,2,28.13,27.27,29
1e06ce54-aadd-41a3-a76d-b7ffcb0ca26f,2024-11-25,2,25.48,22.95,28
1e06ce54-aadd-41a3-a76d-b7ffcb0ca26f,2024-12-09,1,44.99,44.99,44.99
1e06ce54-aadd-41a3-a76d-b7ffcb0ca26f,2024-12-16,1,39.6,39.6,39.6
1e06ce54-aadd-41a3-a76d-b7ffcb0ca26f,2024-12-23,1,36,36,36
1e06ce54-aadd-41a3-a76d-b7ffcb0ca26f,2025-01-06,2,42.52,40,45.03
1e06ce54-aadd-41a3-a76d-b7ffcb0ca26f,2025-01-13,1,46.57,46.57,46.57
1e06ce54-aadd-41a3-a76d-b7ffcb0ca26f,2025-01-20,5,45.21,40,64
1e06ce54-aadd-41a3-a76d-b7ffcb0ca26f,2025-01-27,1,45.07,45.07,45.07
1e06ce54-aadd-41a3-a76d-b7ffcb0ca26f,2025-02-03,2,45.39,45.33,45.46
1e06ce54-aadd-41a3-a76d-b7ffcb0ca26f,2025-02-10,1,45.67,45.67,45.67
1e06ce54-aadd-41a3-a76d-b7ffcb0ca26f,2025-02-24,1,34.99,34.99,34.99
1e06ce54-aadd-41a3-a76d-b7ffcb0ca26f,2025-03-03,2,38.58,31,46.15
1e06ce54-aadd-41a3-a76d-b7ffcb0ca26f,2025-04-07,3,45.46,40,50
1e06ce54-aadd-41a3-a76d-b7ffcb0ca26f,2025-04-21,2,35,30,40
1e06ce54-aadd-41a3-a76d-b7ffcb0ca26f,2025-04-28,2,41.7,38.4,45
1e06ce54-aadd-41a3-a76d-b7ffcb0ca26f,2025-05-12,1,30,30,30
1e06ce54-aadd-41a3-a76d-b7ffcb0ca26f,2025-05-26,1,55,55,55
1e06ce54-aadd-41a3-a76d-b7ffcb0ca26f,2025-06-02,1,37.69,37.69,37.69
1e06ce54-aadd-41a3-a76d-b7ffcb0ca26f,2025-06-16,2,36,32,40
1e06ce54-aadd-41a3-a76d-b7ffcb0ca26f,2025-06-30,2,31.3,28.99,33.6
1e06ce54-aadd-41a3-a76d-b7ffcb0ca26f,2025-07-07,1,44.5,44.5,44.5
1e06ce54-aadd-41a3-a76d-b7ffcb0ca26f,2025-07-14,1,46.84,46.84,46.84
1e06ce54-aadd-41a3-a76d-b7ffcb0ca26f,2025-07-21,1,44.99,44.99,44.99
1e06ce54-aadd-41a3-a76d-b7ffcb0ca26f,2025-08-04,1,40,40,40
1e06ce54-aadd-41a3-a76d-b7ffcb0ca26f,2025-08-25,1,42.04,42.04,42.04
1e06ce54-aadd-41a3-a76d-b7ffcb0ca26f,2025-09-08,2,56.71,56.4,57.02
1e06ce54-aadd-41a3-a76d-b7ffcb0ca26f,2025-09-22,2,52.98,50,55.97
1e06ce54-aadd-41a3-a76d-b7ffcb0ca26f,2025-09-29,1,52,52,52
1e06ce54-aadd-41a3-a76d-b7ffcb0ca26f,2025-10-06,3,89.99,50.99,109.99
1e06ce54-aadd-41a3-a76d-b7ffcb0ca26f,2025-12-15,1,105,105,105
1e06ce54-aadd-41a3-a76d-b7ffcb0ca26f,2026-02-09,2,76.05,60,92.09
1e06ce54-aadd-41a3-a76d-b7ffcb0ca26f,2026-03-30,2,130.47,61,199.95
1e06ce54-aadd-41a3-a76d-b7ffcb0ca26f,2026-04-06,1,58.8,58.8,58.8
1e06ce54-aadd-41a3-a76d-b7ffcb0ca26f,2026-05-11,1,100,100,100
1e06ce54-aadd-41a3-a76d-b7ffcb0ca26f,2026-05-25,2,100,100,100
1e06ce54-aadd-41a3-a76d-b7ffcb0ca26f,2026-06-29,1,72,72,72
1e06ce54-aadd-41a3-a76d-b7ffcb0ca26f,2026-07-06,1,74.4,74.4,74.4
1e06ce54-aadd-41a3-a76d-b7ffcb0ca26f,2026-07-13,1,76,76,76
1e06ce54-aadd-41a3-a76d-b7ffcb0ca26f,2026-08-17,1,200,200,200
1e0c6ec3-7c02-4899-8086-d37348f6056d,2023-02-20,1,40,40,40
1e0c6ec3-7c02-4899-8086-d37348f6056d,2023-12-25,1,49.99,49.99,49.99
1e0c6ec3-7c02-4899-8086-d37348f6056d,2024-01-29,2,25.2,20.4,30
1e0c6ec3-7c02-4899-8086-d37348f6056d,2024-07-15,1,12.5,12.5,12.5
1e0c6ec3-7c02-4899-8086-d37348f6056d,2024-08-19,2,23.49,21.99,25
1e0c6ec3-7c02-4899-8086-d37348f6056d,2025-05-05,1,35.99,35.99,35.99
1e0c6ec3-7c02-4899-8086-d37348f6056d,2025-10-20,1,40,40,40
1e0c6ec3-7c02-4899-8086-d37348f6056d,2026-07-27,1,45,45,45
1e1027c1-2b5e-4024-949e-23752708d83c,2021-06-28,1,650,650,650
1e1027c1-2b5e-4024-949e-23752708d83c,2021-11-22,1,310,310,310
1e1027c1-2b5e-4024-949e-23752708d83c,2022-10-17,1,675,675,675
1e1027c1-2b5e-4024-949e-23752708d83c,2023-11-27,1,462.5,462.5,462.5
1e1027c1-2b5e-4024-949e-23752708d83c,2024-11-04,1,401,401,401
1e1027c1-2b5e-4024-949e-23752708d83c,2025-10-27,1,1299,1299,1299
1e1027c1-2b5e-4024-949e-23752708d83c,2025-12-15,1,1028.11,1028.11,1028.11
1e1027c1-2b5e-4024-949e-23752708d83c,2026-01-05,1,1750,1750,1750
1e10c226-e8da-41a7-a71a-47e8b6737fd8,2025-01-27,1,29,29,29
1e10c226-e8da-41a7-a71a-47e8b6737fd8,2025-02-10,1,35,35,35
1e10c226-e8da-41a7-a71a-47e8b6737fd8,2025-02-24,1,23,23,23
1e10c226-e8da-41a7-a71a-47e8b6737fd8,2025-03-03,1,15.11,15.11,15.11
1e10c226-e8da-41a7-a71a-47e8b6737fd8,2025-04-21,1,39.99,39.99,39.99
1e10c226-e8da-41a7-a71a-47e8b6737fd8,2025-05-05,1,35,35,35
1e10c226-e8da-41a7-a71a-47e8b6737fd8,2025-05-12,1,17.5,17.5,17.5
1e10c226-e8da-41a7-a71a-47e8b6737fd8,2025-05-26,1,26,26,26
1e10c226-e8da-41a7-a71a-47e8b6737fd8,2025-07-07,1,30,30,30
1e10c226-e8da-41a7-a71a-47e8b6737fd8,2025-07-21,1,50,50,50
1e10c226-e8da-41a7-a71a-47e8b6737fd8,2025-09-08,1,19.69,19.69,19.69
1e10c226-e8da-41a7-a71a-47e8b6737fd8,2025-09-22,2,30,29,31
1e10c226-e8da-41a7-a71a-47e8b6737fd8,2025-10-27,1,40,40,40
1e10c226-e8da-41a7-a71a-47e8b6737fd8,2026-02-02,1,50,50,50
1e10c226-e8da-41a7-a71a-47e8b6737fd8,2026-06-08,1,60,60,60
1e12c11e-9449-4b16-aa78-8cf59cc7e596,2026-07-20,1,59.95,59.95,59.95
1e151f3f-b8af-4537-a2e5-c5c623444129,2021-07-12,1,111.5,111.5,111.5
1e151f3f-b8af-4537-a2e5-c5c623444129,2022-10-17,1,29.99,29.99,29.99
1e151f3f-b8af-4537-a2e5-c5c623444129,2023-07-17,1,30,30,30
1e151f3f-b8af-4537-a2e5-c5c623444129,2023-11-06,1,25.62,25.62,25.62
1e151f3f-b8af-4537-a2e5-c5c623444129,2023-11-27,1,20,20,20
1e151f3f-b8af-4537-a2e5-c5c623444129,2024-05-20,2,16,15.5,16.5
1e151f3f-b8af-4537-a2e5-c5c623444129,2024-05-27,1,26,26,26
1e151f3f-b8af-4537-a2e5-c5c623444129,2024-06-03,1,28,28,28
1e151f3f-b8af-4537-a2e5-c5c623444129,2024-12-16,1,94.5,94.5,94.5
1e151f3f-b8af-4537-a2e5-c5c623444129,2025-01-20,1,68,68,68
1e151f3f-b8af-4537-a2e5-c5c623444129,2025-03-03,1,45,45,45
1e151f3f-b8af-4537-a2e5-c5c623444129,2025-03-10,1,80,80,80
1e151f3f-b8af-4537-a2e5-c5c623444129,2025-04-21,1,46,46,46
1e151f3f-b8af-4537-a2e5-c5c623444129,2025-08-25,1,77,77,77
1e160cad-c36a-46e7-a29d-1bee4fc8e3db,2024-07-15,1,99.99,99.99,99.99
1e160cad-c36a-46e7-a29d-1bee4fc8e3db,2024-07-22,3,92.26,92.01,95
1e160cad-c36a-46e7-a29d-1bee4fc8e3db,2024-07-29,1,74,74,74
1e160cad-c36a-46e7-a29d-1bee4fc8e3db,2024-08-12,5,81,56,85
1e160cad-c36a-46e7-a29d-1bee4fc8e3db,2024-08-19,3,61,61,64
1e160cad-c36a-46e7-a29d-1bee4fc8e3db,2024-08-26,4,58.5,49.95,71
1e160cad-c36a-46e7-a29d-1bee4fc8e3db,2024-09-02,2,80,65,95
1e160cad-c36a-46e7-a29d-1bee4fc8e3db,2024-09-09,1,55,55,55
1e160cad-c36a-46e7-a29d-1bee4fc8e3db,2024-09-16,2,70,60,79.99
1e160cad-c36a-46e7-a29d-1bee4fc8e3db,2024-09-30,1,32,32,32
1e160cad-c36a-46e7-a29d-1bee4fc8e3db,2024-10-07,1,45,45,45
1e160cad-c36a-46e7-a29d-1bee4fc8e3db,2024-10-21,1,43,43,43
1e160cad-c36a-46e7-a29d-1bee4fc8e3db,2024-10-28,2,38,36,40
1e160cad-c36a-46e7-a29d-1bee4fc8e3db,2024-11-04,2,35.5,30,41
1e160cad-c36a-46e7-a29d-1bee4fc8e3db,2024-11-11,6,31.5,20.5,38
1e160cad-c36a-46e7-a29d-1bee4fc8e3db,2024-11-18,2,38,36,40
1e160cad-c36a-46e7-a29d-1bee4fc8e3db,2024-11-25,2,47.5,45,49.99
1e160cad-c36a-46e7-a29d-1bee4fc8e3db,2024-12-02,6,36.42,28,60
1e160cad-c36a-46e7-a29d-1bee4fc8e3db,2024-12-09,2,36.5,33,39.99
1e160cad-c36a-46e7-a29d-1bee4fc8e3db,2024-12-16,1,37.99,37.99,37.99
1e160cad-c36a-46e7-a29d-1bee4fc8e3db,2024-12-23,1,38,38,38
1e160cad-c36a-46e7-a29d-1bee4fc8e3db,2024-12-30,3,40,39.15,40
1e160cad-c36a-46e7-a29d-1bee4fc8e3db,2025-01-06,3,42,32,44.5
1e160cad-c36a-46e7-a29d-1bee4fc8e3db,2025-01-13,2,28.5,27,30
1e160cad-c36a-46e7-a29d-1bee4fc8e3db,2025-01-20,6,41,37,43
1e160cad-c36a-46e7-a29d-1bee4fc8e3db,2025-01-27,2,45.59,44.99,46.2
1e160cad-c36a-46e7-a29d-1bee4fc8e3db,2025-02-10,1,39.99,39.99,39.99
1e160cad-c36a-46e7-a29d-1bee4fc8e3db,2025-02-17,3,32,31.01,40
1e160cad-c36a-46e7-a29d-1bee4fc8e3db,2025-03-03,1,37,37,37
1e160cad-c36a-46e7-a29d-1bee4fc8e3db,2025-03-24,2,36,35,37
1e160cad-c36a-46e7-a29d-1bee4fc8e3db,2025-03-31,1,39.99,39.99,39.99
1e160cad-c36a-46e7-a29d-1bee4fc8e3db,2025-04-07,2,42.49,39.99,44.99
1e160cad-c36a-46e7-a29d-1bee4fc8e3db,2025-04-14,1,44.99,44.99,44.99
1e160cad-c36a-46e7-a29d-1bee4fc8e3db,2025-05-12,1,43.83,43.83,43.83
1e160cad-c36a-46e7-a29d-1bee4fc8e3db,2025-05-19,1,39,39,39
1e160cad-c36a-46e7-a29d-1bee4fc8e3db,2025-06-23,1,26,26,26
1e160cad-c36a-46e7-a29d-1bee4fc8e3db,2025-07-07,2,49,42.99,55
1e160cad-c36a-46e7-a29d-1bee4fc8e3db,2025-07-14,2,38.67,29,48.34
1e160cad-c36a-46e7-a29d-1bee4fc8e3db,2025-07-21,1,35.2,35.2,35.2
1e160cad-c36a-46e7-a29d-1bee4fc8e3db,2025-07-28,3,48.26,37.2,50
1e160cad-c36a-46e7-a29d-1bee4fc8e3db,2025-08-18,2,41.5,38,45
1e160cad-c36a-46e7-a29d-1bee4fc8e3db,2025-08-25,1,49.99,49.99,49.99
1e160cad-c36a-46e7-a29d-1bee4fc8e3db,2025-09-01,1,30,30,30
1e160cad-c36a-46e7-a29d-1bee4fc8e3db,2025-09-08,5,40,40,49.99
1e160cad-c36a-46e7-a29d-1bee4fc8e3db,2025-09-15,2,45.5,41,50
1e160cad-c36a-46e7-a29d-1bee4fc8e3db,2025-09-22,1,54.99,54.99,54.99
1e160cad-c36a-46e7-a29d-1bee4fc8e3db,2025-09-29,1,60,60,60
1e160cad-c36a-46e7-a29d-1bee4fc8e3db,2025-10-06,2,49.5,45,54
1e160cad-c36a-46e7-a29d-1bee4fc8e3db,2025-10-13,4,57.77,46,76
1e160cad-c36a-46e7-a29d-1bee4fc8e3db,2025-10-20,2,52.5,45,60
1e160cad-c36a-46e7-a29d-1bee4fc8e3db,2025-10-27,3,45,45,52.24
1e160cad-c36a-46e7-a29d-1bee4fc8e3db,2025-11-03,1,51,51,51
1e160cad-c36a-46e7-a29d-1bee4fc8e3db,2025-11-17,2,51.39,27.79,75
1e160cad-c36a-46e7-a29d-1bee4fc8e3db,2025-12-01,2,52.5,50,55
1e160cad-c36a-46e7-a29d-1bee4fc8e3db,2025-12-08,1,75,75,75
1e160cad-c36a-46e7-a29d-1bee4fc8e3db,2025-12-22,1,32.9,32.9,32.9
1e160cad-c36a-46e7-a29d-1bee4fc8e3db,2025-12-29,1,44,44,44
1e160cad-c36a-46e7-a29d-1bee4fc8e3db,2026-01-12,1,60,60,60
1e160cad-c36a-46e7-a29d-1bee4fc8e3db,2026-01-19,2,38.34,35,41.69
1e160cad-c36a-46e7-a29d-1bee4fc8e3db,2026-02-02,1,69.27,69.27,69.27
1e160cad-c36a-46e7-a29d-1bee4fc8e3db,2026-02-09,1,60,60,60
1e160cad-c36a-46e7-a29d-1bee4fc8e3db,2026-02-16,2,40,36.01,44
1e160cad-c36a-46e7-a29d-1bee4fc8e3db,2026-02-23,1,54.99,54.99,54.99
1e160cad-c36a-46e7-a29d-1bee4fc8e3db,2026-03-09,1,46,46,46
1e160cad-c36a-46e7-a29d-1bee4fc8e3db,2026-03-16,2,67,60,74
1e160cad-c36a-46e7-a29d-1bee4fc8e3db,2026-03-23,2,54.25,46.5,62
1e160cad-c36a-46e7-a29d-1bee4fc8e3db,2026-03-30,1,44.87,44.87,44.87
1e160cad-c36a-46e7-a29d-1bee4fc8e3db,2026-04-13,1,65,65,65
1e160cad-c36a-46e7-a29d-1bee4fc8e3db,2026-04-20,1,99.99,99.99,99.99
1e160cad-c36a-46e7-a29d-1bee4fc8e3db,2026-04-27,3,60.99,60,65
1e160cad-c36a-46e7-a29d-1bee4fc8e3db,2026-06-01,1,73.58,73.58,73.58
1e160cad-c36a-46e7-a29d-1bee4fc8e3db,2026-06-15,1,48,48,48
1e160cad-c36a-46e7-a29d-1bee4fc8e3db,2026-06-22,2,60.5,51,70
1e160cad-c36a-46e7-a29d-1bee4fc8e3db,2026-06-29,1,77,77,77
1e160cad-c36a-46e7-a29d-1bee4fc8e3db,2026-07-13,1,65,65,65
1e160cad-c36a-46e7-a29d-1bee4fc8e3db,2026-07-20,2,71.48,68,74.97
1e160cad-c36a-46e7-a29d-1bee4fc8e3db,2026-07-27,1,69,69,69
1e160cad-c36a-46e7-a29d-1bee4fc8e3db,2026-08-10,2,72.25,69.5,75
1e160cad-c36a-46e7-a29d-1bee4fc8e3db,2026-08-17,1,52.21,52.21,52.21
1e160cad-c36a-46e7-a29d-1bee4fc8e3db,2026-08-24,1,62,62,62
1e160cad-c36a-46e7-a29d-1bee4fc8e3db,2026-08-31,2,83.5,57,110
1e19f9a9-e345-4e33-a735-4eabfdae8ec5,2021-04-26,1,39,39,39
1e19f9a9-e345-4e33-a735-4eabfdae8ec5,2021-05-03,1,85,85,85
1e19f9a9-e345-4e33-a735-4eabfdae8ec5,2021-05-24,1,99.99,99.99,99.99
1e19f9a9-e345-4e33-a735-4eabfdae8ec5,2021-10-25,1,41,41,41
1e19f9a9-e345-4e33-a735-4eabfdae8ec5,2022-01-17,1,50.5,50.5,50.5
1e19f9a9-e345-4e33-a735-4eabfdae8ec5,2022-02-14,2,46.25,42.5,50
1e19f9a9-e345-4e33-a735-4eabfdae8ec5,2022-03-07,1,30,30,30
1e19f9a9-e345-4e33-a735-4eabfdae8ec5,2022-03-28,1,49,49,49
1e19f9a9-e345-4e33-a735-4eabfdae8ec5,2022-04-18,1,33.62,33.62,33.62
1e19f9a9-e345-4e33-a735-4eabfdae8ec5,2022-05-02,1,33.6,33.6,33.6
1e19f9a9-e345-4e33-a735-4eabfdae8ec5,2022-05-09,1,32.59,32.59,32.59
1e19f9a9-e345-4e33-a735-4eabfdae8ec5,2022-06-27,2,20.75,14.5,27
1e19f9a9-e345-4e33-a735-4eabfdae8ec5,2022-07-11,1,33,33,33
1e19f9a9-e345-4e33-a735-4eabfdae8ec5,2022-08-15,1,30.24,30.24,30.24
1e19f9a9-e345-4e33-a735-4eabfdae8ec5,2022-10-17,1,30.01,30.01,30.01
1e19f9a9-e345-4e33-a735-4eabfdae8ec5,2022-12-12,1,23.51,23.51,23.51
1e19f9a9-e345-4e33-a735-4eabfdae8ec5,2023-01-23,1,29.99,29.99,29.99
1e19f9a9-e345-4e33-a735-4eabfdae8ec5,2023-02-06,2,33.49,29.99,37
1e19f9a9-e345-4e33-a735-4eabfdae8ec5,2023-02-13,1,44.72,44.72,44.72
1e19f9a9-e345-4e33-a735-4eabfdae8ec5,2023-03-06,1,24.99,24.99,24.99
1e19f9a9-e345-4e33-a735-4eabfdae8ec5,2023-05-29,1,38,38,38
1e19f9a9-e345-4e33-a735-4eabfdae8ec5,2023-08-21,1,40,40,40
1e19f9a9-e345-4e33-a735-4eabfdae8ec5,2024-03-25,1,17.34,17.34,17.34
1e19f9a9-e345-4e33-a735-4eabfdae8ec5,2024-04-01,1,24.4,24.4,24.4
1e19f9a9-e345-4e33-a735-4eabfdae8ec5,2024-04-15,1,21.5,21.5,21.5
1e19f9a9-e345-4e33-a735-4eabfdae8ec5,2024-05-20,1,20,20,20
1e19f9a9-e345-4e33-a735-4eabfdae8ec5,2024-07-01,1,74.73,74.73,74.73
1e19f9a9-e345-4e33-a735-4eabfdae8ec5,2024-07-08,1,63.75,63.75,63.75
1e19f9a9-e345-4e33-a735-4eabfdae8ec5,2024-07-15,1,26,26,26
1e19f9a9-e345-4e33-a735-4eabfdae8ec5,2024-09-16,1,31.93,31.93,31.93
1e19f9a9-e345-4e33-a735-4eabfdae8ec5,2024-09-23,1,69.99,69.99,69.99
1e19f9a9-e345-4e33-a735-4eabfdae8ec5,2025-01-27,1,40,40,40
1e19f9a9-e345-4e33-a735-4eabfdae8ec5,2025-04-07,1,27.9,27.9,27.9
1e19f9a9-e345-4e33-a735-4eabfdae8ec5,2025-06-16,1,58.99,58.99,58.99
1e19f9a9-e345-4e33-a735-4eabfdae8ec5,2025-07-14,2,60,54.99,65
1e19f9a9-e345-4e33-a735-4eabfdae8ec5,2025-08-25,2,62.5,60,65
1e19f9a9-e345-4e33-a735-4eabfdae8ec5,2025-10-20,1,89.99,89.99,89.99
1e19f9a9-e345-4e33-a735-4eabfdae8ec5,2025-12-22,1,59.23,59.23,59.23
1e19f9a9-e345-4e33-a735-4eabfdae8ec5,2026-03-16,1,75,75,75
1e19f9a9-e345-4e33-a735-4eabfdae8ec5,2026-04-27,1,75,75,75
1e19f9a9-e345-4e33-a735-4eabfdae8ec5,2026-05-04,1,80,80,80
1e19f9a9-e345-4e33-a735-4eabfdae8ec5,2026-05-18,1,100,100,100
1e19f9a9-e345-4e33-a735-4eabfdae8ec5,2026-05-25,1,125,125,125
1e19f9a9-e345-4e33-a735-4eabfdae8ec5,2026-06-08,1,140,140,140
1e19f9a9-e345-4e33-a735-4eabfdae8ec5,2026-06-15,2,140,130,150
1e19f9a9-e345-4e33-a735-4eabfdae8ec5,2026-06-22,1,138.88,138.88,138.88
1e19f9a9-e345-4e33-a735-4eabfdae8ec5,2026-08-10,1,140,140,140
1e19f9a9-e345-4e33-a735-4eabfdae8ec5,2026-08-24,1,150,150,150
1e19f9a9-e345-4e33-a735-4eabfdae8ec5,2026-09-07,1,174.95,174.95,174.95
1e1da9da-e663-41e8-9f31-6a177971668b,2024-09-16,1,172.5,172.5,172.5
1e1da9da-e663-41e8-9f31-6a177971668b,2025-04-28,1,182.61,182.61,182.61
1e1da9da-e663-41e8-9f31-6a177971668b,2025-06-09,1,206.77,206.77,206.77
1e1da9da-e663-41e8-9f31-6a177971668b,2026-06-01,1,692.46,692.46,692.46
1e1e177c-a538-4202-b186-bba2c322128d,2021-05-24,1,132.5,132.5,132.5
1e1e177c-a538-4202-b186-bba2c322128d,2023-12-11,1,160.5,160.5,160.5
1e1e177c-a538-4202-b186-bba2c322128d,2024-11-18,1,84,84,84
1e1e177c-a538-4202-b186-bba2c322128d,2026-02-23,1,724.99,724.99,724.99
1e1e283f-2c8d-4870-b1ac-10100551cd6c,2026-08-03,10,546.5,530,561
1e1e283f-2c8d-4870-b1ac-10100551cd6c,2026-08-10,42,557.5,455,810
1e1e283f-2c8d-4870-b1ac-10100551cd6c,2026-08-17,34,515,444,611.87
1e1e283f-2c8d-4870-b1ac-10100551cd6c,2026-08-24,53,520,408,630
1e1e283f-2c8d-4870-b1ac-10100551cd6c,2026-08-31,36,500,420,675.67
1e1e283f-2c8d-4870-b1ac-10100551cd6c,2026-09-07,21,495,412.5,810
1e1f469e-229c-49ef-8562-03c4a8cf652e,2022-07-25,1,26,26,26
1e1f469e-229c-49ef-8562-03c4a8cf652e,2022-09-12,1,64.38,64.38,64.38
1e1f469e-229c-49ef-8562-03c4a8cf652e,2023-07-17,1,37.1,37.1,37.1
1e1f469e-229c-49ef-8562-03c4a8cf652e,2024-08-26,1,39.43,39.43,39.43
1e1f469e-229c-49ef-8562-03c4a8cf652e,2026-03-30,1,131.79,131.79,131.79
1e1f469e-229c-49ef-8562-03c4a8cf652e,2026-07-20,1,267.45,267.45,267.45
1e1ff110-a9d7-4506-a174-f4bc95ed07a6,2022-06-20,1,33,33,33
1e1ff110-a9d7-4506-a174-f4bc95ed07a6,2022-06-27,1,20.5,20.5,20.5
1e1ff110-a9d7-4506-a174-f4bc95ed07a6,2022-07-11,1,6.01,6.01,6.01
1e1ff110-a9d7-4506-a174-f4bc95ed07a6,2022-07-18,2,8.12,5.74,10.5
1e1ff110-a9d7-4506-a174-f4bc95ed07a6,2022-07-25,1,12.5,12.5,12.5
1e1ff110-a9d7-4506-a174-f4bc95ed07a6,2022-08-15,1,12.5,12.5,12.5
1e1ff110-a9d7-4506-a174-f4bc95ed07a6,2022-09-05,1,12.5,12.5,12.5
1e1ff110-a9d7-4506-a174-f4bc95ed07a6,2022-11-07,1,15.7,15.7,15.7
1e1ff110-a9d7-4506-a174-f4bc95ed07a6,2023-01-23,1,25,25,25
1e1ff110-a9d7-4506-a174-f4bc95ed07a6,2023-05-29,1,19.99,19.99,19.99
1e1ff110-a9d7-4506-a174-f4bc95ed07a6,2025-09-01,1,14.5,14.5,14.5
1e1ff110-a9d7-4506-a174-f4bc95ed07a6,2026-05-25,1,85,85,85
1e21e6f4-47a8-4cc9-a028-746ad93dac34,2021-04-05,1,40.33,40.33,40.33
1e24e157-352b-4b4c-9835-aba2b3c2a805,2023-03-13,1,28.8,28.8,28.8
1e24e157-352b-4b4c-9835-aba2b3c2a805,2026-01-12,1,117.3,117.3,117.3
1e29c7f6-949b-4370-9472-34fc92485c94,2025-07-14,1,315,315,315
1e29c7f6-949b-4370-9472-34fc92485c94,2025-07-21,1,270,270,270
1e29c7f6-949b-4370-9472-34fc92485c94,2025-07-28,1,255,255,255
1e29c7f6-949b-4370-9472-34fc92485c94,2025-08-04,2,260,260,260
1e29c7f6-949b-4370-9472-34fc92485c94,2025-08-11,2,307.5,290,324.99
1e29c7f6-949b-4370-9472-34fc92485c94,2025-08-18,1,349,349,349
1e29c7f6-949b-4370-9472-34fc92485c94,2025-08-25,4,324,240,360
1e29c7f6-949b-4370-9472-34fc92485c94,2025-09-01,2,328,326,329.99
1e29c7f6-949b-4370-9472-34fc92485c94,2025-09-08,5,317.22,286,379
1e29c7f6-949b-4370-9472-34fc92485c94,2025-09-15,2,279.51,249.02,310
1e29c7f6-949b-4370-9472-34fc92485c94,2025-09-22,3,325,269.17,340
1e29c7f6-949b-4370-9472-34fc92485c94,2025-09-29,1,325,325,325
1e29c7f6-949b-4370-9472-34fc92485c94,2025-10-06,2,278,276,280
1e29c7f6-949b-4370-9472-34fc92485c94,2025-10-13,4,264.75,241.5,303.33
1e29c7f6-949b-4370-9472-34fc92485c94,2025-10-20,9,335,272,355.49
1e29c7f6-949b-4370-9472-34fc92485c94,2025-11-03,2,377,305,449
1e29c7f6-949b-4370-9472-34fc92485c94,2025-11-10,1,320,320,320
1e29c7f6-949b-4370-9472-34fc92485c94,2025-11-17,2,322.5,320,325
1e29c7f6-949b-4370-9472-34fc92485c94,2025-11-24,3,349.99,320,375
1e29c7f6-949b-4370-9472-34fc92485c94,2025-12-01,3,360,285,429.99
1e29c7f6-949b-4370-9472-34fc92485c94,2025-12-08,2,317.5,250,385
1e29c7f6-949b-4370-9472-34fc92485c94,2025-12-15,3,399.99,380,429.99
1e29c7f6-949b-4370-9472-34fc92485c94,2025-12-22,2,380,360,399.99
1e29c7f6-949b-4370-9472-34fc92485c94,2025-12-29,6,399.5,372,799.99
1e29c7f6-949b-4370-9472-34fc92485c94,2026-01-05,1,550,550,550
1e29c7f6-949b-4370-9472-34fc92485c94,2026-01-12,5,540,453.83,550
1e29c7f6-949b-4370-9472-34fc92485c94,2026-01-19,1,420,420,420
1e29c7f6-949b-4370-9472-34fc92485c94,2026-01-26,5,549.99,485,670
1e29c7f6-949b-4370-9472-34fc92485c94,2026-02-02,3,560,548.69,575
1e29c7f6-949b-4370-9472-34fc92485c94,2026-02-09,1,787,787,787
1e29c7f6-949b-4370-9472-34fc92485c94,2026-02-16,2,471,462,480
1e29c7f6-949b-4370-9472-34fc92485c94,2026-02-23,4,520,455.02,565
1e29c7f6-949b-4370-9472-34fc92485c94,2026-03-02,3,520,456,585
1e29c7f6-949b-4370-9472-34fc92485c94,2026-03-09,3,579.99,560,700
1e29c7f6-949b-4370-9472-34fc92485c94,2026-03-16,5,511,450,649.99
1e29c7f6-949b-4370-9472-34fc92485c94,2026-03-23,4,550,492,560
1e29c7f6-949b-4370-9472-34fc92485c94,2026-03-30,5,529,480,680
1e29c7f6-949b-4370-9472-34fc92485c94,2026-04-06,6,466.47,441,549.99
1e29c7f6-949b-4370-9472-34fc92485c94,2026-04-13,4,587,455.71,599.99
1e29c7f6-949b-4370-9472-34fc92485c94,2026-04-20,3,480,450,575
1e29c7f6-949b-4370-9472-34fc92485c94,2026-04-27,2,576.03,569.99,582.07
1e29c7f6-949b-4370-9472-34fc92485c94,2026-05-04,2,537.5,530,545
1e29c7f6-949b-4370-9472-34fc92485c94,2026-05-11,2,491,432,550
1e29c7f6-949b-4370-9472-34fc92485c94,2026-05-18,7,580,560.2,1000
1e29c7f6-949b-4370-9472-34fc92485c94,2026-05-25,3,599.99,450,674.99
1e29c7f6-949b-4370-9472-34fc92485c94,2026-06-01,4,650,530,764
1e29c7f6-949b-4370-9472-34fc92485c94,2026-06-08,4,626.8,570,674.99
1e29c7f6-949b-4370-9472-34fc92485c94,2026-06-15,4,605.5,500,661
1e29c7f6-949b-4370-9472-34fc92485c94,2026-06-22,8,591.5,511,699.99
1e29c7f6-949b-4370-9472-34fc92485c94,2026-06-29,4,557.25,510,625
1e29c7f6-949b-4370-9472-34fc92485c94,2026-07-06,4,508,477,540
1e29c7f6-949b-4370-9472-34fc92485c94,2026-07-13,3,550,549,784
1e29c7f6-949b-4370-9472-34fc92485c94,2026-07-20,2,510,485,535
1e29c7f6-949b-4370-9472-34fc92485c94,2026-07-27,2,500,500,500
1e29c7f6-949b-4370-9472-34fc92485c94,2026-08-03,2,550,549.99,550
1e29c7f6-949b-4370-9472-34fc92485c94,2026-08-10,6,587,493.98,615
1e29c7f6-949b-4370-9472-34fc92485c94,2026-08-17,2,617.5,555,679.99
1e29c7f6-949b-4370-9472-34fc92485c94,2026-08-24,6,617.5,520,700
1e29c7f6-949b-4370-9472-34fc92485c94,2026-08-31,4,639.5,580,650
1e29c7f6-949b-4370-9472-34fc92485c94,2026-09-07,2,590,580,600
1e2a49ea-8cb5-448b-8866-e32488b37635,2021-05-24,1,194.38,194.38,194.38
1e2a49ea-8cb5-448b-8866-e32488b37635,2021-06-28,1,167.5,167.5,167.5
1e2a49ea-8cb5-448b-8866-e32488b37635,2021-07-26,1,216.5,216.5,216.5
1e2a49ea-8cb5-448b-8866-e32488b37635,2021-10-04,1,254.01,254.01,254.01
1e2a49ea-8cb5-448b-8866-e32488b37635,2021-11-15,1,363.99,363.99,363.99
1e2a49ea-8cb5-448b-8866-e32488b37635,2022-01-10,1,132.5,132.5,132.5
1e2a49ea-8cb5-448b-8866-e32488b37635,2022-02-07,1,185.38,185.38,185.38
1e2a49ea-8cb5-448b-8866-e32488b37635,2022-07-25,1,135,135,135
1e2a49ea-8cb5-448b-8866-e32488b37635,2022-08-15,1,130,130,130
1e2a49ea-8cb5-448b-8866-e32488b37635,2022-09-12,1,200,200,200
1e2a49ea-8cb5-448b-8866-e32488b37635,2022-11-28,1,150,150,150
1e2a49ea-8cb5-448b-8866-e32488b37635,2022-12-26,1,120.59,120.59,120.59
1e2a49ea-8cb5-448b-8866-e32488b37635,2023-08-14,1,137.47,137.47,137.47
1e2a49ea-8cb5-448b-8866-e32488b37635,2023-09-25,1,159.5,159.5,159.5
1e2a49ea-8cb5-448b-8866-e32488b37635,2023-10-09,1,135.53,135.53,135.53
1e2a49ea-8cb5-448b-8866-e32488b37635,2023-12-04,1,102.5,102.5,102.5
1e2a49ea-8cb5-448b-8866-e32488b37635,2024-01-22,2,128.73,127.5,129.96
1e2a49ea-8cb5-448b-8866-e32488b37635,2024-04-22,1,119.57,119.57,119.57
1e2a49ea-8cb5-448b-8866-e32488b37635,2024-04-29,2,143.75,117.5,170
1e2a49ea-8cb5-448b-8866-e32488b37635,2024-06-24,1,120.5,120.5,120.5
1e2a49ea-8cb5-448b-8866-e32488b37635,2024-07-22,1,120,120,120
1e2a49ea-8cb5-448b-8866-e32488b37635,2024-12-02,1,189.99,189.99,189.99
1e2a49ea-8cb5-448b-8866-e32488b37635,2025-03-10,1,132.54,132.54,132.54
1e2a49ea-8cb5-448b-8866-e32488b37635,2025-07-14,1,299.99,299.99,299.99
1e2a49ea-8cb5-448b-8866-e32488b37635,2025-08-04,1,289.99,289.99,289.99
1e2a49ea-8cb5-448b-8866-e32488b37635,2025-10-13,1,240.5,240.5,240.5
1e2a49ea-8cb5-448b-8866-e32488b37635,2025-11-17,1,300,300,300
1e2a49ea-8cb5-448b-8866-e32488b37635,2025-11-24,1,220,220,220
1e2a49ea-8cb5-448b-8866-e32488b37635,2026-01-19,2,306.05,302.15,309.95
1e2a49ea-8cb5-448b-8866-e32488b37635,2026-01-26,1,301.62,301.62,301.62
1e2a49ea-8cb5-448b-8866-e32488b37635,2026-02-16,1,322.8,322.8,322.8
1e2a49ea-8cb5-448b-8866-e32488b37635,2026-02-23,1,800.32,800.32,800.32
1e2a49ea-8cb5-448b-8866-e32488b37635,2026-04-06,2,775,760,790
1e2a49ea-8cb5-448b-8866-e32488b37635,2026-05-25,1,900,900,900
1e2a49ea-8cb5-448b-8866-e32488b37635,2026-06-15,1,900,900,900
1e2c1f5b-4ed3-4a4e-89ae-dbc922ac4e1a,2025-04-14,2,47.54,35,60.08
1e2c1f5b-4ed3-4a4e-89ae-dbc922ac4e1a,2025-04-28,2,30.75,21.5,39.99
1e2c1f5b-4ed3-4a4e-89ae-dbc922ac4e1a,2025-05-19,1,35,35,35
1e2c1f5b-4ed3-4a4e-89ae-dbc922ac4e1a,2025-06-16,1,16.5,16.5,16.5
1e2c1f5b-4ed3-4a4e-89ae-dbc922ac4e1a,2025-08-18,1,35,35,35
1e2c1f5b-4ed3-4a4e-89ae-dbc922ac4e1a,2025-08-25,1,34.99,34.99,34.99
1e2c1f5b-4ed3-4a4e-89ae-dbc922ac4e1a,2025-09-08,2,33.89,30,37.77
1e2c1f5b-4ed3-4a4e-89ae-dbc922ac4e1a,2025-11-24,1,38,38,38
1e2c1f5b-4ed3-4a4e-89ae-dbc922ac4e1a,2026-02-09,1,25.2,25.2,25.2
1e2c1f5b-4ed3-4a4e-89ae-dbc922ac4e1a,2026-02-23,1,50,50,50
1e2c1f5b-4ed3-4a4e-89ae-dbc922ac4e1a,2026-03-30,1,49.99,49.99,49.99
1e2c1f5b-4ed3-4a4e-89ae-dbc922ac4e1a,2026-04-13,1,52,52,52
1e2c1f5b-4ed3-4a4e-89ae-dbc922ac4e1a,2026-06-08,1,65,65,65
1e2c1f5b-4ed3-4a4e-89ae-dbc922ac4e1a,2026-07-13,1,57,57,57
1e2c1f5b-4ed3-4a4e-89ae-dbc922ac4e1a,2026-07-20,1,69.99,69.99,69.99
1e2c1f5b-4ed3-4a4e-89ae-dbc922ac4e1a,2026-08-10,1,51,51,51
1e2c3f7f-bbe2-4d1d-b716-28fd93411731,2022-07-04,1,138,138,138
1e2c3f7f-bbe2-4d1d-b716-28fd93411731,2022-07-11,1,54.72,54.72,54.72
1e2c3f7f-bbe2-4d1d-b716-28fd93411731,2022-10-17,1,100,100,100
1e2c3f7f-bbe2-4d1d-b716-28fd93411731,2022-10-24,1,96,96,96
1e2c3f7f-bbe2-4d1d-b716-28fd93411731,2022-11-07,1,80,80,80
1e2c3f7f-bbe2-4d1d-b716-28fd93411731,2022-11-28,1,110,110,110
1e2c3f7f-bbe2-4d1d-b716-28fd93411731,2022-12-19,1,80,80,80
1e2c3f7f-bbe2-4d1d-b716-28fd93411731,2023-01-09,1,106,106,106
1e2c3f7f-bbe2-4d1d-b716-28fd93411731,2023-01-30,1,75.65,75.65,75.65
1e2c3f7f-bbe2-4d1d-b716-28fd93411731,2023-02-27,1,109.99,109.99,109.99
1e2c3f7f-bbe2-4d1d-b716-28fd93411731,2023-05-22,1,86.34,86.34,86.34
1e2c3f7f-bbe2-4d1d-b716-28fd93411731,2023-06-12,2,57.27,56.88,57.65
1e2c3f7f-bbe2-4d1d-b716-28fd93411731,2023-06-26,1,129.99,129.99,129.99
1e2c3f7f-bbe2-4d1d-b716-28fd93411731,2023-10-16,1,88.69,88.69,88.69
1e2c3f7f-bbe2-4d1d-b716-28fd93411731,2023-11-27,1,85,85,85
1e2c3f7f-bbe2-4d1d-b716-28fd93411731,2023-12-11,1,67,67,67
1e2c3f7f-bbe2-4d1d-b716-28fd93411731,2024-01-22,1,51,51,51
1e2c3f7f-bbe2-4d1d-b716-28fd93411731,2024-02-12,1,46,46,46
1e2c3f7f-bbe2-4d1d-b716-28fd93411731,2024-02-19,1,56.9,56.9,56.9
1e2c3f7f-bbe2-4d1d-b716-28fd93411731,2024-03-25,1,54.99,54.99,54.99
1e2c3f7f-bbe2-4d1d-b716-28fd93411731,2024-05-27,1,51,51,51
1e2c3f7f-bbe2-4d1d-b716-28fd93411731,2024-08-05,1,50.4,50.4,50.4
1e2c3f7f-bbe2-4d1d-b716-28fd93411731,2024-09-23,1,85,85,85
1e2c3f7f-bbe2-4d1d-b716-28fd93411731,2024-10-21,1,72,72,72
1e2c3f7f-bbe2-4d1d-b716-28fd93411731,2024-12-23,1,128.84,128.84,128.84
1e2c3f7f-bbe2-4d1d-b716-28fd93411731,2025-01-06,1,169.95,169.95,169.95
1e2c3f7f-bbe2-4d1d-b716-28fd93411731,2025-01-27,1,84.99,84.99,84.99
1e2c3f7f-bbe2-4d1d-b716-28fd93411731,2025-03-31,1,122.5,122.5,122.5
1e2c3f7f-bbe2-4d1d-b716-28fd93411731,2025-04-14,1,225,225,225
1e2c3f7f-bbe2-4d1d-b716-28fd93411731,2025-05-05,1,275,275,275
1e2c3f7f-bbe2-4d1d-b716-28fd93411731,2025-06-16,1,175,175,175
1e2c3f7f-bbe2-4d1d-b716-28fd93411731,2025-09-29,1,400,400,400
1e2c3f7f-bbe2-4d1d-b716-28fd93411731,2025-11-17,1,490,490,490
1e2c3f7f-bbe2-4d1d-b716-28fd93411731,2025-12-08,1,351.6,351.6,351.6
1e2c3f7f-bbe2-4d1d-b716-28fd93411731,2026-01-12,3,450,450,450
1e2c3f7f-bbe2-4d1d-b716-28fd93411731,2026-01-19,2,450,450,450
1e2c3f7f-bbe2-4d1d-b716-28fd93411731,2026-01-26,1,475,475,475
1e2c3f7f-bbe2-4d1d-b716-28fd93411731,2026-02-09,1,600,600,600
1e2c3f7f-bbe2-4d1d-b716-28fd93411731,2026-02-16,1,477,477,477
1e2c3f7f-bbe2-4d1d-b716-28fd93411731,2026-02-23,2,610.24,465.47,755
1e2c3f7f-bbe2-4d1d-b716-28fd93411731,2026-03-09,2,675,600,750
1e2c3f7f-bbe2-4d1d-b716-28fd93411731,2026-03-16,1,800,800,800
1e2c3f7f-bbe2-4d1d-b716-28fd93411731,2026-03-23,1,850,850,850
1e2c3f7f-bbe2-4d1d-b716-28fd93411731,2026-04-13,1,581.09,581.09,581.09
1e2c3f7f-bbe2-4d1d-b716-28fd93411731,2026-05-04,1,730.51,730.51,730.51
1e2c3f7f-bbe2-4d1d-b716-28fd93411731,2026-05-11,1,780,780,780
1e2c3f7f-bbe2-4d1d-b716-28fd93411731,2026-05-18,2,825,800,850
1e2c3f7f-bbe2-4d1d-b716-28fd93411731,2026-06-29,3,1300,1000,1576
1e2c3f7f-bbe2-4d1d-b716-28fd93411731,2026-07-06,1,1010,1010,1010
1e2c3f7f-bbe2-4d1d-b716-28fd93411731,2026-08-10,1,1067.5,1067.5,1067.5
1e2c3f7f-bbe2-4d1d-b716-28fd93411731,2026-08-17,1,950,950,950
1e2c3f7f-bbe2-4d1d-b716-28fd93411731,2026-08-24,1,900,900,900
1e2c3f7f-bbe2-4d1d-b716-28fd93411731,2026-08-31,2,1032.5,980,1085
1e2e0407-e560-4c38-a1ce-81652fe411c3,2024-02-19,1,44.99,44.99,44.99
1e2e0407-e560-4c38-a1ce-81652fe411c3,2024-04-29,1,38,38,38
1e2e0407-e560-4c38-a1ce-81652fe411c3,2024-05-06,1,34.95,34.95,34.95
1e2e0407-e560-4c38-a1ce-81652fe411c3,2024-06-24,1,41,41,41
1e2e0407-e560-4c38-a1ce-81652fe411c3,2024-07-29,1,42,42,42
1e2e0407-e560-4c38-a1ce-81652fe411c3,2024-11-04,1,35.98,35.98,35.98
1e2e0407-e560-4c38-a1ce-81652fe411c3,2024-11-18,1,28,28,28
1e2e0407-e560-4c38-a1ce-81652fe411c3,2024-12-02,1,28,28,28
1e2e0407-e560-4c38-a1ce-81652fe411c3,2025-01-13,1,39.99,39.99,39.99
1e2e0407-e560-4c38-a1ce-81652fe411c3,2025-03-10,1,34.99,34.99,34.99
1e2e0407-e560-4c38-a1ce-81652fe411c3,2025-07-28,2,43,36,49.99
1e2e0407-e560-4c38-a1ce-81652fe411c3,2025-11-24,1,45,45,45
1e2e0407-e560-4c38-a1ce-81652fe411c3,2026-03-23,1,69,69,69
1e2f0673-1f24-449d-ba8b-34f24c2dbcb6,2021-07-12,1,129.5,129.5,129.5
1e2f0673-1f24-449d-ba8b-34f24c2dbcb6,2023-04-03,1,124.52,124.52,124.52
1e2f0673-1f24-449d-ba8b-34f24c2dbcb6,2024-05-06,1,107.94,107.94,107.94
1e2f0673-1f24-449d-ba8b-34f24c2dbcb6,2024-05-20,1,106,106,106
1e2f0673-1f24-449d-ba8b-34f24c2dbcb6,2024-10-07,1,100,100,100
1e2f0673-1f24-449d-ba8b-34f24c2dbcb6,2025-02-24,1,123.5,123.5,123.5
1e2f0673-1f24-449d-ba8b-34f24c2dbcb6,2025-04-07,1,122.5,122.5,122.5
1e2f0673-1f24-449d-ba8b-34f24c2dbcb6,2025-04-21,1,181.72,181.72,181.72
1e2f0673-1f24-449d-ba8b-34f24c2dbcb6,2025-10-06,1,250,250,250
1e33c021-2b5e-448f-ad16-d296a459fa14,2025-02-24,4,841.39,811.39,960
1e33c021-2b5e-448f-ad16-d296a459fa14,2025-03-03,3,1000,950,1199
1e33c021-2b5e-448f-ad16-d296a459fa14,2025-03-10,2,1597.86,1425,1770.72
1e33c021-2b5e-448f-ad16-d296a459fa14,2025-03-31,4,1558.5,1369.27,1699
1e33c021-2b5e-448f-ad16-d296a459fa14,2025-04-07,5,1410,1369.27,1426
1e33c021-2b5e-448f-ad16-d296a459fa14,2025-04-14,1,1400,1400,1400
1e33c021-2b5e-448f-ad16-d296a459fa14,2025-04-21,6,1240.5,1225,1373
1e33c021-2b5e-448f-ad16-d296a459fa14,2025-05-05,2,1235.24,1194.48,1276
1e33c021-2b5e-448f-ad16-d296a459fa14,2025-05-12,1,1125,1125,1125
1e33c021-2b5e-448f-ad16-d296a459fa14,2025-05-19,2,1337.5,1300,1375
1e33c021-2b5e-448f-ad16-d296a459fa14,2025-05-26,1,1200,1200,1200
1e33c021-2b5e-448f-ad16-d296a459fa14,2025-06-02,2,1474.99,1449.99,1500
1e33c021-2b5e-448f-ad16-d296a459fa14,2025-06-09,3,1550,1500,1750
1e33c021-2b5e-448f-ad16-d296a459fa14,2025-06-16,1,1750,1750,1750
1e33c021-2b5e-448f-ad16-d296a459fa14,2025-06-23,1,1800,1800,1800
1e33c021-2b5e-448f-ad16-d296a459fa14,2025-06-30,2,2400.5,2150,2651
1e33c021-2b5e-448f-ad16-d296a459fa14,2025-07-07,2,2328.35,2156.69,2500
1e33c021-2b5e-448f-ad16-d296a459fa14,2025-07-14,6,2275,2200,3500
1e33c021-2b5e-448f-ad16-d296a459fa14,2025-07-21,1,4799,4799,4799
1e33c021-2b5e-448f-ad16-d296a459fa14,2025-07-28,2,3700,3000,4400
1e33c021-2b5e-448f-ad16-d296a459fa14,2025-08-04,1,4600,4600,4600
1e33c021-2b5e-448f-ad16-d296a459fa14,2025-08-11,2,3665,2130,5200
1e33c021-2b5e-448f-ad16-d296a459fa14,2025-08-18,1,2880,2880,2880
1e33c021-2b5e-448f-ad16-d296a459fa14,2025-08-25,1,3050,3050,3050
1e33c021-2b5e-448f-ad16-d296a459fa14,2025-09-01,2,3375,3150,3600
1e33c021-2b5e-448f-ad16-d296a459fa14,2025-09-08,2,3014.5,2979,3050
1e33c021-2b5e-448f-ad16-d296a459fa14,2025-09-15,3,3050,2550,3255.6
1e33c021-2b5e-448f-ad16-d296a459fa14,2025-09-22,2,2750.5,2640,2861
1e33c021-2b5e-448f-ad16-d296a459fa14,2025-09-29,2,3019,2938,3100
1e33c021-2b5e-448f-ad16-d296a459fa14,2025-10-06,3,2441,2438,2660
1e33c021-2b5e-448f-ad16-d296a459fa14,2025-10-13,1,2655,2655,2655
1e33c021-2b5e-448f-ad16-d296a459fa14,2025-10-20,1,2500,2500,2500
1e33c021-2b5e-448f-ad16-d296a459fa14,2025-10-27,2,2800,2550,3050
1e33c021-2b5e-448f-ad16-d296a459fa14,2025-11-03,3,2302,2035.62,2650
1e33c021-2b5e-448f-ad16-d296a459fa14,2025-11-10,1,2160,2160,2160
1e33c021-2b5e-448f-ad16-d296a459fa14,2025-11-17,2,2637.5,2475,2800
1e33c021-2b5e-448f-ad16-d296a459fa14,2025-11-24,3,2415.6,2280.66,2550
1e33c021-2b5e-448f-ad16-d296a459fa14,2025-12-01,1,2500,2500,2500
1e33c021-2b5e-448f-ad16-d296a459fa14,2025-12-08,2,2362.5,2125,2600
1e33c021-2b5e-448f-ad16-d296a459fa14,2025-12-15,1,2225,2225,2225
1e33c021-2b5e-448f-ad16-d296a459fa14,2025-12-22,1,5200,5200,5200
1e33c021-2b5e-448f-ad16-d296a459fa14,2025-12-29,2,3637.49,2225,5049.99
1e33c021-2b5e-448f-ad16-d296a459fa14,2026-01-05,2,2378,2256,2500
1e33c021-2b5e-448f-ad16-d296a459fa14,2026-01-12,3,3200,2500,5500
1e33c021-2b5e-448f-ad16-d296a459fa14,2026-01-19,1,2425,2425,2425
1e33c021-2b5e-448f-ad16-d296a459fa14,2026-01-26,1,2325,2325,2325
1e33c021-2b5e-448f-ad16-d296a459fa14,2026-02-02,3,2300,1890,2498
1e33c021-2b5e-448f-ad16-d296a459fa14,2026-02-16,2,2412.5,2125,2700
1e33c021-2b5e-448f-ad16-d296a459fa14,2026-02-23,3,2200,2089.2,2500
1e33c021-2b5e-448f-ad16-d296a459fa14,2026-03-02,2,2072,1920,2224
1e33c021-2b5e-448f-ad16-d296a459fa14,2026-03-09,2,2302.5,2255,2350
1e33c021-2b5e-448f-ad16-d296a459fa14,2026-03-16,3,2299,2275,2399
1e33c021-2b5e-448f-ad16-d296a459fa14,2026-03-23,3,2400,2325.6,2430
1e33c021-2b5e-448f-ad16-d296a459fa14,2026-03-30,2,2499.49,2499,2499.99
1e33c021-2b5e-448f-ad16-d296a459fa14,2026-04-06,2,2550,2550,2550
1e33c021-2b5e-448f-ad16-d296a459fa14,2026-04-13,1,2998.99,2998.99,2998.99
1e33c021-2b5e-448f-ad16-d296a459fa14,2026-04-20,3,2850,2550,2900
1e33c021-2b5e-448f-ad16-d296a459fa14,2026-05-04,3,2950,2726.2,2950
1e33c021-2b5e-448f-ad16-d296a459fa14,2026-05-11,3,3000,3000,3050
1e33c021-2b5e-448f-ad16-d296a459fa14,2026-05-18,3,3200,3050,3399
1e33c021-2b5e-448f-ad16-d296a459fa14,2026-06-01,5,3000,2500,3370
1e33c021-2b5e-448f-ad16-d296a459fa14,2026-06-08,3,3250,2850,3350
1e33c021-2b5e-448f-ad16-d296a459fa14,2026-06-15,2,3500,3400,3600
1e33c021-2b5e-448f-ad16-d296a459fa14,2026-06-22,1,3034.8,3034.8,3034.8
1e33c021-2b5e-448f-ad16-d296a459fa14,2026-06-29,1,3600,3600,3600
1e33c021-2b5e-448f-ad16-d296a459fa14,2026-07-06,3,3400,3350,3700.69
1e33c021-2b5e-448f-ad16-d296a459fa14,2026-07-13,2,3825,3800,3850
1e33c021-2b5e-448f-ad16-d296a459fa14,2026-07-20,1,4920,4920,4920
1e33c021-2b5e-448f-ad16-d296a459fa14,2026-07-27,4,4350,4000,5040
1e33c021-2b5e-448f-ad16-d296a459fa14,2026-08-03,7,4400,4150,6900
1e33c021-2b5e-448f-ad16-d296a459fa14,2026-08-17,2,6000,6000,6000
1e33c021-2b5e-448f-ad16-d296a459fa14,2026-08-24,4,4225,3600,4300
1e33c021-2b5e-448f-ad16-d296a459fa14,2026-08-31,4,4285,4000,4550
1e33c021-2b5e-448f-ad16-d296a459fa14,2026-09-07,2,4225,4200,4250
1e35cc65-72c2-4584-86b2-3a5552432dd6,2024-12-09,1,35,35,35
1e35cc65-72c2-4584-86b2-3a5552432dd6,2025-02-03,1,39.99,39.99,39.99
1e35cc65-72c2-4584-86b2-3a5552432dd6,2025-06-23,1,26,26,26
1e35cc65-72c2-4584-86b2-3a5552432dd6,2025-11-10,1,140,140,140
1e35cc65-72c2-4584-86b2-3a5552432dd6,2026-02-23,4,64.5,64,81
1e35cc65-72c2-4584-86b2-3a5552432dd6,2026-05-04,1,115,115,115
1e35cc65-72c2-4584-86b2-3a5552432dd6,2026-05-18,1,139.99,139.99,139.99
1e35cc65-72c2-4584-86b2-3a5552432dd6,2026-07-13,1,200,200,200
1e37646f-2146-438d-bd9f-470415ad55c2,2022-02-14,1,270.92,270.92,270.92
1e37646f-2146-438d-bd9f-470415ad55c2,2022-11-07,1,350,350,350
1e37646f-2146-438d-bd9f-470415ad55c2,2023-02-20,1,850,850,850
1e37646f-2146-438d-bd9f-470415ad55c2,2023-03-06,1,300,300,300
1e37646f-2146-438d-bd9f-470415ad55c2,2023-05-29,1,432,432,432
1e37646f-2146-438d-bd9f-470415ad55c2,2023-10-23,1,164.7,164.7,164.7
1e37646f-2146-438d-bd9f-470415ad55c2,2024-01-08,1,140.73,140.73,140.73
1e37646f-2146-438d-bd9f-470415ad55c2,2024-01-15,1,319.99,319.99,319.99
1e37646f-2146-438d-bd9f-470415ad55c2,2024-03-11,1,204,204,204
1e37646f-2146-438d-bd9f-470415ad55c2,2024-07-08,1,204,204,204
1e37646f-2146-438d-bd9f-470415ad55c2,2024-07-29,1,139.16,139.16,139.16
1e37646f-2146-438d-bd9f-470415ad55c2,2024-08-19,1,500,500,500
1e37646f-2146-438d-bd9f-470415ad55c2,2024-09-16,1,220,220,220
1e37646f-2146-438d-bd9f-470415ad55c2,2024-12-02,2,150,144,156
1e37646f-2146-438d-bd9f-470415ad55c2,2025-01-20,1,142.5,142.5,142.5
1e37646f-2146-438d-bd9f-470415ad55c2,2025-05-05,1,230,230,230
1e37646f-2146-438d-bd9f-470415ad55c2,2025-06-16,1,250,250,250
1e37646f-2146-438d-bd9f-470415ad55c2,2025-08-18,1,238.5,238.5,238.5
1e37646f-2146-438d-bd9f-470415ad55c2,2025-08-25,2,402.5,305,500
1e37646f-2146-438d-bd9f-470415ad55c2,2025-09-01,2,304,304,304
1e37646f-2146-438d-bd9f-470415ad55c2,2025-09-08,1,223.5,223.5,223.5
1e37646f-2146-438d-bd9f-470415ad55c2,2025-12-08,1,389.99,389.99,389.99
1e37646f-2146-438d-bd9f-470415ad55c2,2025-12-22,1,600,600,600
1e37646f-2146-438d-bd9f-470415ad55c2,2026-05-11,1,720,720,720
1e37646f-2146-438d-bd9f-470415ad55c2,2026-06-15,1,630,630,630
1e37646f-2146-438d-bd9f-470415ad55c2,2026-07-20,1,1100,1100,1100
1e37646f-2146-438d-bd9f-470415ad55c2,2026-08-24,1,676,676,676
1e377a86-a37f-4991-933c-0adb1c773dc2,2022-06-06,1,49.99,49.99,49.99
1e377a86-a37f-4991-933c-0adb1c773dc2,2022-07-25,2,49,43,55
1e377a86-a37f-4991-933c-0adb1c773dc2,2022-09-19,1,51,51,51
1e377a86-a37f-4991-933c-0adb1c773dc2,2022-10-24,1,30.12,30.12,30.12
1e377a86-a37f-4991-933c-0adb1c773dc2,2022-11-07,2,40.48,39.95,41
1e377a86-a37f-4991-933c-0adb1c773dc2,2022-11-21,1,29.95,29.95,29.95
1e377a86-a37f-4991-933c-0adb1c773dc2,2022-12-05,3,29.95,25,73.97
1e377a86-a37f-4991-933c-0adb1c773dc2,2022-12-19,2,20.27,15.55,25
1e377a86-a37f-4991-933c-0adb1c773dc2,2023-01-09,1,40,40,40
1e377a86-a37f-4991-933c-0adb1c773dc2,2023-01-23,1,25,25,25
1e377a86-a37f-4991-933c-0adb1c773dc2,2023-01-30,4,25.04,21.5,35
1e377a86-a37f-4991-933c-0adb1c773dc2,2023-02-06,1,25,25,25
1e377a86-a37f-4991-933c-0adb1c773dc2,2023-02-13,1,24.19,24.19,24.19
1e377a86-a37f-4991-933c-0adb1c773dc2,2023-02-20,1,32.5,32.5,32.5
1e377a86-a37f-4991-933c-0adb1c773dc2,2023-02-27,1,10.66,10.66,10.66
1e377a86-a37f-4991-933c-0adb1c773dc2,2023-03-06,2,30,30,30
1e377a86-a37f-4991-933c-0adb1c773dc2,2023-03-20,3,35,34.99,36
1e377a86-a37f-4991-933c-0adb1c773dc2,2023-04-03,1,22.5,22.5,22.5
1e377a86-a37f-4991-933c-0adb1c773dc2,2023-04-10,1,27,27,27
1e377a86-a37f-4991-933c-0adb1c773dc2,2023-04-24,1,24.93,24.93,24.93
1e377a86-a37f-4991-933c-0adb1c773dc2,2023-05-08,1,25.27,25.27,25.27
1e377a86-a37f-4991-933c-0adb1c773dc2,2023-05-22,1,25.99,25.99,25.99
1e377a86-a37f-4991-933c-0adb1c773dc2,2023-05-29,1,40,40,40
1e377a86-a37f-4991-933c-0adb1c773dc2,2023-06-05,1,31.46,31.46,31.46
1e377a86-a37f-4991-933c-0adb1c773dc2,2023-06-12,2,24.99,19.99,30
1e377a86-a37f-4991-933c-0adb1c773dc2,2023-06-19,1,34.99,34.99,34.99
1e377a86-a37f-4991-933c-0adb1c773dc2,2023-07-03,2,24.25,21.5,27
1e377a86-a37f-4991-933c-0adb1c773dc2,2023-07-31,2,27.5,25,30
1e377a86-a37f-4991-933c-0adb1c773dc2,2023-08-14,2,28.75,23.5,34
1e377a86-a37f-4991-933c-0adb1c773dc2,2023-08-21,1,26.4,26.4,26.4
1e377a86-a37f-4991-933c-0adb1c773dc2,2023-08-28,1,22.18,22.18,22.18
1e377a86-a37f-4991-933c-0adb1c773dc2,2023-09-11,1,15,15,15
1e377a86-a37f-4991-933c-0adb1c773dc2,2023-09-25,1,22,22,22
1e377a86-a37f-4991-933c-0adb1c773dc2,2023-10-02,1,20,20,20
1e377a86-a37f-4991-933c-0adb1c773dc2,2023-10-09,3,20,19.42,42.38
1e377a86-a37f-4991-933c-0adb1c773dc2,2023-10-23,2,22.45,20.5,24.41
1e377a86-a37f-4991-933c-0adb1c773dc2,2023-11-13,1,20.41,20.41,20.41
1e377a86-a37f-4991-933c-0adb1c773dc2,2023-11-27,1,10,10,10
1e377a86-a37f-4991-933c-0adb1c773dc2,2023-12-04,1,34.28,34.28,34.28
1e377a86-a37f-4991-933c-0adb1c773dc2,2023-12-11,2,27.37,22.73,32
1e377a86-a37f-4991-933c-0adb1c773dc2,2023-12-25,2,29.99,29.99,30
1e377a86-a37f-4991-933c-0adb1c773dc2,2024-01-01,2,26.25,22.5,30
1e377a86-a37f-4991-933c-0adb1c773dc2,2024-01-29,1,32.99,32.99,32.99
1e377a86-a37f-4991-933c-0adb1c773dc2,2024-02-05,3,17.04,16.05,20
1e377a86-a37f-4991-933c-0adb1c773dc2,2024-02-12,1,27,27,27
1e377a86-a37f-4991-933c-0adb1c773dc2,2024-02-26,1,15,15,15
1e377a86-a37f-4991-933c-0adb1c773dc2,2024-03-04,3,34.15,28,35
1e377a86-a37f-4991-933c-0adb1c773dc2,2024-03-11,1,37,37,37
1e377a86-a37f-4991-933c-0adb1c773dc2,2024-03-18,1,14.53,14.53,14.53
1e377a86-a37f-4991-933c-0adb1c773dc2,2024-05-27,1,26.75,26.75,26.75
1e377a86-a37f-4991-933c-0adb1c773dc2,2024-06-10,1,22.39,22.39,22.39
1e377a86-a37f-4991-933c-0adb1c773dc2,2024-06-17,1,24.1,24.1,24.1
1e377a86-a37f-4991-933c-0adb1c773dc2,2024-07-08,1,24.99,24.99,24.99
1e377a86-a37f-4991-933c-0adb1c773dc2,2024-07-22,1,26.05,26.05,26.05
1e377a86-a37f-4991-933c-0adb1c773dc2,2024-07-29,1,25,25,25
1e377a86-a37f-4991-933c-0adb1c773dc2,2024-08-19,1,27.99,27.99,27.99
1e377a86-a37f-4991-933c-0adb1c773dc2,2024-08-26,2,31.77,23.5,40.03
1e377a86-a37f-4991-933c-0adb1c773dc2,2024-09-02,1,27.53,27.53,27.53
1e377a86-a37f-4991-933c-0adb1c773dc2,2024-09-16,1,18.35,18.35,18.35
1e377a86-a37f-4991-933c-0adb1c773dc2,2024-09-23,1,33.6,33.6,33.6
1e377a86-a37f-4991-933c-0adb1c773dc2,2024-10-21,1,24.99,24.99,24.99
1e377a86-a37f-4991-933c-0adb1c773dc2,2024-11-04,2,20.5,15,26
1e377a86-a37f-4991-933c-0adb1c773dc2,2024-11-11,1,26.99,26.99,26.99
1e377a86-a37f-4991-933c-0adb1c773dc2,2024-11-25,1,23.5,23.5,23.5
1e377a86-a37f-4991-933c-0adb1c773dc2,2024-12-09,2,23.75,21.5,26
1e377a86-a37f-4991-933c-0adb1c773dc2,2024-12-16,1,32,32,32
1e377a86-a37f-4991-933c-0adb1c773dc2,2024-12-23,1,23.5,23.5,23.5
1e377a86-a37f-4991-933c-0adb1c773dc2,2024-12-30,1,29.75,29.75,29.75
1e377a86-a37f-4991-933c-0adb1c773dc2,2025-01-06,1,45,45,45
1e377a86-a37f-4991-933c-0adb1c773dc2,2025-01-27,1,45,45,45
1e377a86-a37f-4991-933c-0adb1c773dc2,2025-02-03,2,41,40,42
1e377a86-a37f-4991-933c-0adb1c773dc2,2025-02-10,2,42.73,40.48,44.99
1e377a86-a37f-4991-933c-0adb1c773dc2,2025-02-17,2,36.33,26.9,45.76
1e377a86-a37f-4991-933c-0adb1c773dc2,2025-02-24,1,34,34,34
1e377a86-a37f-4991-933c-0adb1c773dc2,2025-03-03,3,44,34,47
1e377a86-a37f-4991-933c-0adb1c773dc2,2025-03-17,1,40,40,40
1e377a86-a37f-4991-933c-0adb1c773dc2,2025-03-24,2,40,35,45
1e377a86-a37f-4991-933c-0adb1c773dc2,2025-03-31,1,46,46,46
1e377a86-a37f-4991-933c-0adb1c773dc2,2025-04-07,1,25.2,25.2,25.2
1e377a86-a37f-4991-933c-0adb1c773dc2,2025-04-14,3,25.2,24.5,45
1e377a86-a37f-4991-933c-0adb1c773dc2,2025-04-28,1,37.5,37.5,37.5
1e377a86-a37f-4991-933c-0adb1c773dc2,2025-05-19,1,41.95,41.95,41.95
1e377a86-a37f-4991-933c-0adb1c773dc2,2025-05-26,1,39.99,39.99,39.99
1e377a86-a37f-4991-933c-0adb1c773dc2,2025-06-09,2,41.25,40,42.49
1e377a86-a37f-4991-933c-0adb1c773dc2,2025-06-23,2,47,44.99,49
1e377a86-a37f-4991-933c-0adb1c773dc2,2025-06-30,1,41.99,41.99,41.99
1e377a86-a37f-4991-933c-0adb1c773dc2,2025-07-14,1,26.17,26.17,26.17
1e377a86-a37f-4991-933c-0adb1c773dc2,2025-07-28,2,42,39.99,44
1e377a86-a37f-4991-933c-0adb1c773dc2,2025-08-04,1,45,45,45
1e377a86-a37f-4991-933c-0adb1c773dc2,2025-08-25,1,54.99,54.99,54.99
1e377a86-a37f-4991-933c-0adb1c773dc2,2025-09-15,1,49.99,49.99,49.99
1e377a86-a37f-4991-933c-0adb1c773dc2,2025-09-22,1,41,41,41
1e377a86-a37f-4991-933c-0adb1c773dc2,2025-09-29,2,50.6,49.2,52
1e377a86-a37f-4991-933c-0adb1c773dc2,2025-10-13,2,51,43,59
1e377a86-a37f-4991-933c-0adb1c773dc2,2025-10-20,1,45,45,45
1e377a86-a37f-4991-933c-0adb1c773dc2,2025-11-24,1,66,66,66
1e377a86-a37f-4991-933c-0adb1c773dc2,2025-12-01,1,35,35,35
1e377a86-a37f-4991-933c-0adb1c773dc2,2025-12-29,2,51.5,43,59.99
1e377a86-a37f-4991-933c-0adb1c773dc2,2026-01-05,1,37.37,37.37,37.37
1e377a86-a37f-4991-933c-0adb1c773dc2,2026-01-19,1,49.2,49.2,49.2
1e377a86-a37f-4991-933c-0adb1c773dc2,2026-01-26,2,44.1,43.2,45
1e377a86-a37f-4991-933c-0adb1c773dc2,2026-02-16,1,50.02,50.02,50.02
1e377a86-a37f-4991-933c-0adb1c773dc2,2026-02-23,2,42.36,40,44.72
1e377a86-a37f-4991-933c-0adb1c773dc2,2026-03-02,2,38.5,34,43
1e377a86-a37f-4991-933c-0adb1c773dc2,2026-03-09,1,26.5,26.5,26.5
1e377a86-a37f-4991-933c-0adb1c773dc2,2026-03-16,1,40.16,40.16,40.16
1e377a86-a37f-4991-933c-0adb1c773dc2,2026-03-23,2,42.49,39.99,44.99
1e377a86-a37f-4991-933c-0adb1c773dc2,2026-04-06,1,50,50,50
1e377a86-a37f-4991-933c-0adb1c773dc2,2026-04-13,2,24,17,31
1e377a86-a37f-4991-933c-0adb1c773dc2,2026-05-04,1,41.99,41.99,41.99
1e377a86-a37f-4991-933c-0adb1c773dc2,2026-05-11,1,55.5,55.5,55.5
1e377a86-a37f-4991-933c-0adb1c773dc2,2026-05-25,2,73.69,59.99,87.38
1e377a86-a37f-4991-933c-0adb1c773dc2,2026-06-08,3,59.99,59.99,69.75
1e377a86-a37f-4991-933c-0adb1c773dc2,2026-06-22,1,59.99,59.99,59.99
1e377a86-a37f-4991-933c-0adb1c773dc2,2026-06-29,2,63.5,57,70
1e377a86-a37f-4991-933c-0adb1c773dc2,2026-07-06,1,48,48,48
1e377a86-a37f-4991-933c-0adb1c773dc2,2026-07-13,1,43.2,43.2,43.2
1e377a86-a37f-4991-933c-0adb1c773dc2,2026-07-27,2,57.99,51,64.99
1e377a86-a37f-4991-933c-0adb1c773dc2,2026-08-03,1,75,75,75
1e377a86-a37f-4991-933c-0adb1c773dc2,2026-08-10,1,55,55,55
1e377a86-a37f-4991-933c-0adb1c773dc2,2026-08-17,2,47.25,45,49.5
1e377a86-a37f-4991-933c-0adb1c773dc2,2026-08-31,1,45,45,45
1e3af2b0-36c9-4d93-8a7b-2d166e8c07f5,2021-03-01,1,2500,2500,2500
1e3af2b0-36c9-4d93-8a7b-2d166e8c07f5,2022-01-17,1,1396.82,1396.82,1396.82
1e3af2b0-36c9-4d93-8a7b-2d166e8c07f5,2023-09-11,1,648,648,648
1e3af2b0-36c9-4d93-8a7b-2d166e8c07f5,2024-12-09,1,2000,2000,2000
1e3af2b0-36c9-4d93-8a7b-2d166e8c07f5,2025-02-03,1,2500,2500,2500
1e3af2b0-36c9-4d93-8a7b-2d166e8c07f5,2026-02-16,1,11999.96,11999.96,11999.96
1e3ca287-07b9-4c30-a114-0d64f526b6fe,2022-04-25,1,31,31,31
1e3ca287-07b9-4c30-a114-0d64f526b6fe,2022-09-12,1,24,24,24
1e3ca287-07b9-4c30-a114-0d64f526b6fe,2023-02-13,1,59.98,59.98,59.98
1e3ca287-07b9-4c30-a114-0d64f526b6fe,2023-07-24,1,21.75,21.75,21.75
1e3ca287-07b9-4c30-a114-0d64f526b6fe,2023-07-31,1,60,60,60
1e3ca287-07b9-4c30-a114-0d64f526b6fe,2023-11-06,1,48.25,48.25,48.25
1e3ca287-07b9-4c30-a114-0d64f526b6fe,2023-11-20,2,35.89,35.43,36.36
1e3ca287-07b9-4c30-a114-0d64f526b6fe,2023-12-04,1,41.62,41.62,41.62
1e3ca287-07b9-4c30-a114-0d64f526b6fe,2024-01-08,1,37.84,37.84,37.84
1e3ca287-07b9-4c30-a114-0d64f526b6fe,2024-01-15,1,45,45,45
1e3ca287-07b9-4c30-a114-0d64f526b6fe,2024-02-05,1,37,37,37
1e3ca287-07b9-4c30-a114-0d64f526b6fe,2024-04-08,1,59.95,59.95,59.95
1e3ca287-07b9-4c30-a114-0d64f526b6fe,2024-05-13,1,34,34,34
1e3ca287-07b9-4c30-a114-0d64f526b6fe,2024-07-08,1,63.33,63.33,63.33
1e3ca287-07b9-4c30-a114-0d64f526b6fe,2024-09-02,1,57.83,57.83,57.83
1e3ca287-07b9-4c30-a114-0d64f526b6fe,2024-10-28,1,49.99,49.99,49.99
1e3ca287-07b9-4c30-a114-0d64f526b6fe,2024-11-18,3,53.99,50,59.95
1e3ca287-07b9-4c30-a114-0d64f526b6fe,2024-12-30,1,69.99,69.99,69.99
1e3ca287-07b9-4c30-a114-0d64f526b6fe,2025-01-20,1,75.99,75.99,75.99
1e3ca287-07b9-4c30-a114-0d64f526b6fe,2025-03-24,1,60,60,60
1e3ca287-07b9-4c30-a114-0d64f526b6fe,2025-05-12,1,75.04,75.04,75.04
1e3ca287-07b9-4c30-a114-0d64f526b6fe,2025-11-03,1,131.37,131.37,131.37
1e3ca287-07b9-4c30-a114-0d64f526b6fe,2025-12-08,1,72,72,72
1e3ca287-07b9-4c30-a114-0d64f526b6fe,2025-12-22,1,140.48,140.48,140.48
1e3ca287-07b9-4c30-a114-0d64f526b6fe,2026-05-25,1,150,150,150
1e3ca287-07b9-4c30-a114-0d64f526b6fe,2026-06-22,1,179,179,179
1e3cb47a-360c-4a9e-a116-fe695d500ac2,2023-05-01,1,56,56,56
1e3cb47a-360c-4a9e-a116-fe695d500ac2,2023-05-15,1,46.29,46.29,46.29
1e3cb47a-360c-4a9e-a116-fe695d500ac2,2024-03-18,1,74.99,74.99,74.99
1e3cb47a-360c-4a9e-a116-fe695d500ac2,2024-05-13,1,18.5,18.5,18.5
1e3cb47a-360c-4a9e-a116-fe695d500ac2,2024-08-12,1,29.21,29.21,29.21
1e3cb47a-360c-4a9e-a116-fe695d500ac2,2025-02-17,1,55,55,55
1e3cb47a-360c-4a9e-a116-fe695d500ac2,2025-03-17,1,56.4,56.4,56.4
1e3cb47a-360c-4a9e-a116-fe695d500ac2,2026-01-05,1,114.95,114.95,114.95
1e3cb47a-360c-4a9e-a116-fe695d500ac2,2026-03-23,1,103.5,103.5,103.5
1e3cb47a-360c-4a9e-a116-fe695d500ac2,2026-03-30,1,199.95,199.95,199.95
1e3cb47a-360c-4a9e-a116-fe695d500ac2,2026-05-18,1,199,199,199
1e3cb47a-360c-4a9e-a116-fe695d500ac2,2026-06-15,1,300,300,300
1e3cb47a-360c-4a9e-a116-fe695d500ac2,2026-08-10,1,83,83,83
1e3cb47a-360c-4a9e-a116-fe695d500ac2,2026-08-17,3,129.19,119,130
1e3d7632-26af-4000-9523-61fd688ea392,2026-05-25,2,148.77,126.28,171.26
1e3d7632-26af-4000-9523-61fd688ea392,2026-06-22,2,129.19,105.87,152.5
1e3d7632-26af-4000-9523-61fd688ea392,2026-07-06,2,132.5,111.38,153.62
1e3d7632-26af-4000-9523-61fd688ea392,2026-07-20,1,132.5,132.5,132.5
1e3d7632-26af-4000-9523-61fd688ea392,2026-08-03,1,89,89,89
1e3d7632-26af-4000-9523-61fd688ea392,2026-08-17,2,101.75,100,103.5
1e3d7632-26af-4000-9523-61fd688ea392,2026-08-31,2,85.5,71,100
1e3d849c-59e6-4863-bd2b-bc76636916a1,2022-09-12,1,41,41,41
1e3d849c-59e6-4863-bd2b-bc76636916a1,2025-02-03,1,37.5,37.5,37.5
1e3f5342-2137-4aa2-8fd0-c7a431536e43,2021-03-29,1,324.99,324.99,324.99
1e3f5342-2137-4aa2-8fd0-c7a431536e43,2021-04-19,1,320,320,320
1e3f5342-2137-4aa2-8fd0-c7a431536e43,2021-04-26,1,400,400,400
1e3f5342-2137-4aa2-8fd0-c7a431536e43,2021-06-28,2,302.5,254.99,350
1e3f5342-2137-4aa2-8fd0-c7a431536e43,2021-08-16,2,232.94,156.09,309.8
1e3f5342-2137-4aa2-8fd0-c7a431536e43,2021-10-18,1,157.5,157.5,157.5
1e3f5342-2137-4aa2-8fd0-c7a431536e43,2021-12-06,1,155,155,155
1e3f5342-2137-4aa2-8fd0-c7a431536e43,2021-12-20,1,178.5,178.5,178.5
1e3f5342-2137-4aa2-8fd0-c7a431536e43,2022-01-10,1,230,230,230
1e3f5342-2137-4aa2-8fd0-c7a431536e43,2022-05-09,1,300,300,300
1e3f5342-2137-4aa2-8fd0-c7a431536e43,2022-05-16,1,283,283,283
1e3f5342-2137-4aa2-8fd0-c7a431536e43,2022-08-22,1,222.5,222.5,222.5
1e3f5342-2137-4aa2-8fd0-c7a431536e43,2022-10-03,1,240.19,240.19,240.19
1e3f5342-2137-4aa2-8fd0-c7a431536e43,2022-10-24,1,167.49,167.49,167.49
1e3f5342-2137-4aa2-8fd0-c7a431536e43,2022-11-28,1,319.99,319.99,319.99
1e3f5342-2137-4aa2-8fd0-c7a431536e43,2022-12-05,1,153.5,153.5,153.5
1e3f5342-2137-4aa2-8fd0-c7a431536e43,2023-03-20,1,500,500,500
1e3f5342-2137-4aa2-8fd0-c7a431536e43,2023-04-17,1,193.42,193.42,193.42
1e3f5342-2137-4aa2-8fd0-c7a431536e43,2023-07-17,1,176.12,176.12,176.12
1e3f5342-2137-4aa2-8fd0-c7a431536e43,2023-08-14,1,186,186,186
1e3f5342-2137-4aa2-8fd0-c7a431536e43,2023-09-11,1,202.5,202.5,202.5
1e3f5342-2137-4aa2-8fd0-c7a431536e43,2023-10-16,1,200,200,200
1e3f5342-2137-4aa2-8fd0-c7a431536e43,2023-10-30,2,208.75,167.5,250
1e3f5342-2137-4aa2-8fd0-c7a431536e43,2023-12-11,1,260.34,260.34,260.34
1e3f5342-2137-4aa2-8fd0-c7a431536e43,2023-12-25,1,220,220,220
1e3f5342-2137-4aa2-8fd0-c7a431536e43,2024-01-29,2,299.03,250,348.07
1e3f5342-2137-4aa2-8fd0-c7a431536e43,2024-02-26,1,203.6,203.6,203.6
1e3f5342-2137-4aa2-8fd0-c7a431536e43,2024-07-01,1,269.48,269.48,269.48
1e3f5342-2137-4aa2-8fd0-c7a431536e43,2024-07-15,1,227.5,227.5,227.5
1e3f5342-2137-4aa2-8fd0-c7a431536e43,2024-10-21,1,295,295,295
1e3f5342-2137-4aa2-8fd0-c7a431536e43,2024-10-28,1,285,285,285
1e3f5342-2137-4aa2-8fd0-c7a431536e43,2024-12-02,2,277.5,270,285
1e3f5342-2137-4aa2-8fd0-c7a431536e43,2025-03-31,1,276,276,276
1e3f5342-2137-4aa2-8fd0-c7a431536e43,2025-10-13,1,374,374,374
1e3f5342-2137-4aa2-8fd0-c7a431536e43,2025-11-24,1,458,458,458
1e3f5342-2137-4aa2-8fd0-c7a431536e43,2025-12-01,2,405,400,410
1e3f5342-2137-4aa2-8fd0-c7a431536e43,2025-12-15,1,400,400,400
1e3f5342-2137-4aa2-8fd0-c7a431536e43,2025-12-29,2,432.5,400,465
1e3f5342-2137-4aa2-8fd0-c7a431536e43,2026-01-05,1,400,400,400
1e3f5342-2137-4aa2-8fd0-c7a431536e43,2026-03-02,1,552,552,552
1e3f5342-2137-4aa2-8fd0-c7a431536e43,2026-03-09,1,995,995,995
1e3f5342-2137-4aa2-8fd0-c7a431536e43,2026-06-15,2,1080,1050,1110
1e3f5342-2137-4aa2-8fd0-c7a431536e43,2026-07-06,1,1259,1259,1259
1e3f5342-2137-4aa2-8fd0-c7a431536e43,2026-08-31,1,1300,1300,1300
1e42a733-8944-4315-869c-04a9106b2dc5,2022-05-30,1,62.4,62.4,62.4
1e42a733-8944-4315-869c-04a9106b2dc5,2022-08-08,1,70,70,70
1e42a733-8944-4315-869c-04a9106b2dc5,2023-09-04,1,53.99,53.99,53.99
1e42a733-8944-4315-869c-04a9106b2dc5,2023-10-30,1,65,65,65
1e42a733-8944-4315-869c-04a9106b2dc5,2023-12-04,1,44.99,44.99,44.99
1e42a733-8944-4315-869c-04a9106b2dc5,2023-12-18,1,36,36,36
1e42a733-8944-4315-869c-04a9106b2dc5,2023-12-25,1,39.6,39.6,39.6
1e42a733-8944-4315-869c-04a9106b2dc5,2024-01-01,1,30,30,30
1e42a733-8944-4315-869c-04a9106b2dc5,2024-01-08,1,26.4,26.4,26.4
1e42a733-8944-4315-869c-04a9106b2dc5,2024-01-15,1,25.2,25.2,25.2
1e42a733-8944-4315-869c-04a9106b2dc5,2024-01-29,1,43,43,43
1e42a733-8944-4315-869c-04a9106b2dc5,2024-02-12,1,28,28,28
1e42a733-8944-4315-869c-04a9106b2dc5,2024-02-19,2,33,26,39.99
1e42a733-8944-4315-869c-04a9106b2dc5,2024-03-25,1,41,41,41
1e42a733-8944-4315-869c-04a9106b2dc5,2024-04-22,1,33,33,33
1e42a733-8944-4315-869c-04a9106b2dc5,2024-06-03,1,35.99,35.99,35.99
1e42a733-8944-4315-869c-04a9106b2dc5,2024-11-11,1,33.6,33.6,33.6
1e42a733-8944-4315-869c-04a9106b2dc5,2026-05-18,1,130,130,130
1e42a733-8944-4315-869c-04a9106b2dc5,2026-06-01,1,150,150,150
1e42a733-8944-4315-869c-04a9106b2dc5,2026-07-06,1,142.5,142.5,142.5
1e440f41-fba0-4f6f-8726-bde9eea6e3ea,2021-04-26,1,3301,3301,3301
1e440f41-fba0-4f6f-8726-bde9eea6e3ea,2022-10-17,1,1856.83,1856.83,1856.83
1e440f41-fba0-4f6f-8726-bde9eea6e3ea,2025-12-15,1,2500,2500,2500
1e440f41-fba0-4f6f-8726-bde9eea6e3ea,2026-01-05,1,3500,3500,3500
1e446dec-05ff-471a-bd71-c0f764b84bf6,2023-12-04,1,46,46,46
1e446dec-05ff-471a-bd71-c0f764b84bf6,2023-12-18,1,20,20,20
1e446dec-05ff-471a-bd71-c0f764b84bf6,2024-01-01,2,56.5,47.01,66
1e446dec-05ff-471a-bd71-c0f764b84bf6,2024-01-15,2,38,26,50
1e446dec-05ff-471a-bd71-c0f764b84bf6,2024-01-29,3,31,24.5,33
1e446dec-05ff-471a-bd71-c0f764b84bf6,2024-02-19,3,39.01,26,49.99
1e446dec-05ff-471a-bd71-c0f764b84bf6,2024-02-26,1,35,35,35
1e446dec-05ff-471a-bd71-c0f764b84bf6,2024-03-11,2,38.22,35.99,40.45
1e446dec-05ff-471a-bd71-c0f764b84bf6,2024-04-01,1,23.5,23.5,23.5
1e446dec-05ff-471a-bd71-c0f764b84bf6,2024-04-08,2,26,25,27
1e446dec-05ff-471a-bd71-c0f764b84bf6,2024-04-29,1,49.99,49.99,49.99
1e446dec-05ff-471a-bd71-c0f764b84bf6,2024-05-06,1,44.99,44.99,44.99
1e446dec-05ff-471a-bd71-c0f764b84bf6,2024-05-13,1,49,49,49
1e446dec-05ff-471a-bd71-c0f764b84bf6,2024-06-03,2,47.5,45,49.99
1e446dec-05ff-471a-bd71-c0f764b84bf6,2024-06-24,1,39.6,39.6,39.6
1e446dec-05ff-471a-bd71-c0f764b84bf6,2024-07-01,1,49.99,49.99,49.99
1e446dec-05ff-471a-bd71-c0f764b84bf6,2024-07-29,1,49.99,49.99,49.99
1e446dec-05ff-471a-bd71-c0f764b84bf6,2024-08-12,1,37.99,37.99,37.99
1e446dec-05ff-471a-bd71-c0f764b84bf6,2024-08-19,1,23.19,23.19,23.19
1e446dec-05ff-471a-bd71-c0f764b84bf6,2024-08-26,1,50,50,50
1e446dec-05ff-471a-bd71-c0f764b84bf6,2024-09-16,1,22.79,22.79,22.79
1e446dec-05ff-471a-bd71-c0f764b84bf6,2024-09-30,1,18.09,18.09,18.09
1e446dec-05ff-471a-bd71-c0f764b84bf6,2024-10-07,2,18,15.5,20.5
1e446dec-05ff-471a-bd71-c0f764b84bf6,2024-11-04,3,19.99,11.5,40.99
1e446dec-05ff-471a-bd71-c0f764b84bf6,2024-11-25,1,23.69,23.69,23.69
1e446dec-05ff-471a-bd71-c0f764b84bf6,2024-12-02,1,20.5,20.5,20.5
1e446dec-05ff-471a-bd71-c0f764b84bf6,2024-12-09,1,14.5,14.5,14.5
1e446dec-05ff-471a-bd71-c0f764b84bf6,2025-01-06,4,22.74,20.5,25
1e446dec-05ff-471a-bd71-c0f764b84bf6,2025-01-13,1,29.95,29.95,29.95
1e446dec-05ff-471a-bd71-c0f764b84bf6,2025-01-27,1,39.49,39.49,39.49
1e446dec-05ff-471a-bd71-c0f764b84bf6,2025-02-03,1,45.99,45.99,45.99
1e446dec-05ff-471a-bd71-c0f764b84bf6,2025-02-10,3,30,20,38.99
1e446dec-05ff-471a-bd71-c0f764b84bf6,2025-02-24,1,39,39,39
1e446dec-05ff-471a-bd71-c0f764b84bf6,2025-03-03,1,42.95,42.95,42.95
1e446dec-05ff-471a-bd71-c0f764b84bf6,2025-03-10,1,26,26,26
1e446dec-05ff-471a-bd71-c0f764b84bf6,2025-03-24,3,28,25,34.58
1e446dec-05ff-471a-bd71-c0f764b84bf6,2025-03-31,1,40,40,40
1e446dec-05ff-471a-bd71-c0f764b84bf6,2025-05-19,1,27.95,27.95,27.95
1e446dec-05ff-471a-bd71-c0f764b84bf6,2025-06-02,1,27.95,27.95,27.95
1e446dec-05ff-471a-bd71-c0f764b84bf6,2025-06-09,1,49.95,49.95,49.95
1e446dec-05ff-471a-bd71-c0f764b84bf6,2025-06-30,1,24.5,24.5,24.5
1e446dec-05ff-471a-bd71-c0f764b84bf6,2025-07-28,1,48,48,48
1e446dec-05ff-471a-bd71-c0f764b84bf6,2025-08-11,1,50,50,50
1e446dec-05ff-471a-bd71-c0f764b84bf6,2025-10-06,2,27,25,29
1e446dec-05ff-471a-bd71-c0f764b84bf6,2025-10-27,2,29,25,33
1e446dec-05ff-471a-bd71-c0f764b84bf6,2025-12-29,1,36.96,36.96,36.96
1e446dec-05ff-471a-bd71-c0f764b84bf6,2026-01-05,1,29.47,29.47,29.47
1e446dec-05ff-471a-bd71-c0f764b84bf6,2026-01-19,1,30.95,30.95,30.95
1e446dec-05ff-471a-bd71-c0f764b84bf6,2026-03-02,1,31,31,31
1e446dec-05ff-471a-bd71-c0f764b84bf6,2026-03-30,1,45,45,45
1e446dec-05ff-471a-bd71-c0f764b84bf6,2026-04-06,1,49.99,49.99,49.99
1e446dec-05ff-471a-bd71-c0f764b84bf6,2026-04-13,1,50,50,50
1e446dec-05ff-471a-bd71-c0f764b84bf6,2026-04-20,1,57.5,57.5,57.5
1e446dec-05ff-471a-bd71-c0f764b84bf6,2026-07-06,1,49.5,49.5,49.5
1e46e4ba-58c9-4125-a23e-d55882e9d09f,2023-09-04,1,6,6,6
1e46e4ba-58c9-4125-a23e-d55882e9d09f,2023-09-25,1,10,10,10
1e46e4ba-58c9-4125-a23e-d55882e9d09f,2024-01-22,1,25,25,25
1e4a7dc9-43c8-4ecc-9303-e338c1120b2d,2022-02-21,1,385,385,385
1e4a7dc9-43c8-4ecc-9303-e338c1120b2d,2022-10-24,1,236.39,236.39,236.39
1e4a7dc9-43c8-4ecc-9303-e338c1120b2d,2022-11-14,1,330,330,330
1e4a7dc9-43c8-4ecc-9303-e338c1120b2d,2023-04-17,1,700,700,700
1e4a7dc9-43c8-4ecc-9303-e338c1120b2d,2023-10-02,1,377.5,377.5,377.5
1e4a7dc9-43c8-4ecc-9303-e338c1120b2d,2023-11-06,1,415.5,415.5,415.5
1e4a7dc9-43c8-4ecc-9303-e338c1120b2d,2024-12-02,1,325,325,325
1e4a7dc9-43c8-4ecc-9303-e338c1120b2d,2025-03-31,1,335,335,335
1e4a7dc9-43c8-4ecc-9303-e338c1120b2d,2025-06-30,1,450,450,450
1e4a7dc9-43c8-4ecc-9303-e338c1120b2d,2025-10-06,2,425,400,450
1e4a7dc9-43c8-4ecc-9303-e338c1120b2d,2025-11-24,1,435,435,435
1e4a7dc9-43c8-4ecc-9303-e338c1120b2d,2025-12-01,1,425,425,425
1e4a7dc9-43c8-4ecc-9303-e338c1120b2d,2025-12-15,1,420,420,420
1e4a7dc9-43c8-4ecc-9303-e338c1120b2d,2026-02-23,1,600,600,600
1e4a7dc9-43c8-4ecc-9303-e338c1120b2d,2026-03-09,1,700,700,700
1e4a7dc9-43c8-4ecc-9303-e338c1120b2d,2026-06-08,1,698.88,698.88,698.88
1e4a7dc9-43c8-4ecc-9303-e338c1120b2d,2026-07-20,1,1199.99,1199.99,1199.99
1e4a7dc9-43c8-4ecc-9303-e338c1120b2d,2026-08-24,1,1500,1500,1500
1e4afe68-ca50-48e7-b6e6-e99e49e3cbd0,2021-12-27,1,62.45,62.45,62.45
1e4afe68-ca50-48e7-b6e6-e99e49e3cbd0,2022-01-10,1,50,50,50
1e4afe68-ca50-48e7-b6e6-e99e49e3cbd0,2022-01-17,1,63,63,63
1e4afe68-ca50-48e7-b6e6-e99e49e3cbd0,2022-01-31,1,135,135,135
1e4afe68-ca50-48e7-b6e6-e99e49e3cbd0,2022-02-14,1,51.06,51.06,51.06
1e4afe68-ca50-48e7-b6e6-e99e49e3cbd0,2022-02-21,1,53,53,53
1e4afe68-ca50-48e7-b6e6-e99e49e3cbd0,2022-02-28,1,59.99,59.99,59.99
1e4afe68-ca50-48e7-b6e6-e99e49e3cbd0,2022-03-07,3,31,22.5,53
1e4afe68-ca50-48e7-b6e6-e99e49e3cbd0,2022-03-21,5,31,22.5,40
1e4afe68-ca50-48e7-b6e6-e99e49e3cbd0,2022-03-28,5,35,26,67.59
1e4afe68-ca50-48e7-b6e6-e99e49e3cbd0,2022-04-04,1,37,37,37
1e4afe68-ca50-48e7-b6e6-e99e49e3cbd0,2022-04-11,1,32,32,32
1e4afe68-ca50-48e7-b6e6-e99e49e3cbd0,2022-04-18,4,31,24.5,38
1e4afe68-ca50-48e7-b6e6-e99e49e3cbd0,2022-04-25,4,37.97,25.02,59.99
1e4afe68-ca50-48e7-b6e6-e99e49e3cbd0,2022-05-02,1,56,56,56
1e4afe68-ca50-48e7-b6e6-e99e49e3cbd0,2022-05-09,3,40,30,52
1e4afe68-ca50-48e7-b6e6-e99e49e3cbd0,2022-05-16,2,48,36,59.99
1e4afe68-ca50-48e7-b6e6-e99e49e3cbd0,2022-05-23,2,42.5,31,54
1e4afe68-ca50-48e7-b6e6-e99e49e3cbd0,2022-06-06,1,46,46,46
1e4afe68-ca50-48e7-b6e6-e99e49e3cbd0,2022-06-27,1,36,36,36
1e4afe68-ca50-48e7-b6e6-e99e49e3cbd0,2022-07-18,1,47,47,47
1e4afe68-ca50-48e7-b6e6-e99e49e3cbd0,2022-08-15,1,53.11,53.11,53.11
1e4afe68-ca50-48e7-b6e6-e99e49e3cbd0,2022-08-22,4,35.5,12.5,66.19
1e4afe68-ca50-48e7-b6e6-e99e49e3cbd0,2022-09-12,2,30.75,22.5,39
1e4afe68-ca50-48e7-b6e6-e99e49e3cbd0,2022-09-19,2,47.48,31.06,63.9
1e4afe68-ca50-48e7-b6e6-e99e49e3cbd0,2022-10-03,1,62.96,62.96,62.96
1e4afe68-ca50-48e7-b6e6-e99e49e3cbd0,2022-10-24,1,27.52,27.52,27.52
1e4afe68-ca50-48e7-b6e6-e99e49e3cbd0,2022-11-14,2,65.56,41.12,90
1e4afe68-ca50-48e7-b6e6-e99e49e3cbd0,2022-11-21,1,41,41,41
1e4afe68-ca50-48e7-b6e6-e99e49e3cbd0,2022-11-28,3,39.09,21.5,60
1e4afe68-ca50-48e7-b6e6-e99e49e3cbd0,2022-12-05,2,33.78,20,47.56
1e4afe68-ca50-48e7-b6e6-e99e49e3cbd0,2022-12-12,1,48.6,48.6,48.6
1e4afe68-ca50-48e7-b6e6-e99e49e3cbd0,2023-01-09,1,42.09,42.09,42.09
1e4afe68-ca50-48e7-b6e6-e99e49e3cbd0,2023-01-16,1,24.5,24.5,24.5
1e4afe68-ca50-48e7-b6e6-e99e49e3cbd0,2023-01-23,3,34.5,22.5,39.9
1e4afe68-ca50-48e7-b6e6-e99e49e3cbd0,2023-01-30,2,47.7,46.96,48.43
1e4afe68-ca50-48e7-b6e6-e99e49e3cbd0,2023-02-06,1,34.94,34.94,34.94
1e4afe68-ca50-48e7-b6e6-e99e49e3cbd0,2023-02-13,1,28,28,28
1e4afe68-ca50-48e7-b6e6-e99e49e3cbd0,2023-02-27,2,35.48,34.95,36
1e4afe68-ca50-48e7-b6e6-e99e49e3cbd0,2023-03-06,2,27.5,26,29
1e4afe68-ca50-48e7-b6e6-e99e49e3cbd0,2023-03-13,2,28.2,27.6,28.8
1e4afe68-ca50-48e7-b6e6-e99e49e3cbd0,2023-03-20,1,39.6,39.6,39.6
1e4afe68-ca50-48e7-b6e6-e99e49e3cbd0,2023-04-10,2,21.62,15.25,27.99
1e4afe68-ca50-48e7-b6e6-e99e49e3cbd0,2023-04-17,2,31.7,25,38.4
1e4afe68-ca50-48e7-b6e6-e99e49e3cbd0,2023-04-24,1,36.51,36.51,36.51
1e4afe68-ca50-48e7-b6e6-e99e49e3cbd0,2023-05-01,1,45,45,45
1e4afe68-ca50-48e7-b6e6-e99e49e3cbd0,2023-05-15,2,21.65,14.5,28.8
1e4afe68-ca50-48e7-b6e6-e99e49e3cbd0,2023-05-22,1,19.99,19.99,19.99
1e4afe68-ca50-48e7-b6e6-e99e49e3cbd0,2023-06-05,3,23.5,21.5,48.99
1e4afe68-ca50-48e7-b6e6-e99e49e3cbd0,2023-06-12,3,26.4,13.5,32.39
1e4afe68-ca50-48e7-b6e6-e99e49e3cbd0,2023-06-19,4,35,20.4,57.64
1e4afe68-ca50-48e7-b6e6-e99e49e3cbd0,2023-07-03,2,43.5,40,47
1e4afe68-ca50-48e7-b6e6-e99e49e3cbd0,2023-07-10,3,30.99,29,69.53
1e4afe68-ca50-48e7-b6e6-e99e49e3cbd0,2023-07-17,2,27.27,23.55,31
1e4afe68-ca50-48e7-b6e6-e99e49e3cbd0,2023-07-24,2,42.98,37.25,48.71
1e4afe68-ca50-48e7-b6e6-e99e49e3cbd0,2023-07-31,1,27,27,27
1e4afe68-ca50-48e7-b6e6-e99e49e3cbd0,2023-08-07,1,34.77,34.77,34.77
1e4afe68-ca50-48e7-b6e6-e99e49e3cbd0,2023-08-14,1,21,21,21
1e4afe68-ca50-48e7-b6e6-e99e49e3cbd0,2023-08-28,2,29.05,24.5,33.6
1e4afe68-ca50-48e7-b6e6-e99e49e3cbd0,2023-09-11,2,33.64,24.99,42.29
1e4afe68-ca50-48e7-b6e6-e99e49e3cbd0,2023-10-23,1,27.69,27.69,27.69
1e4afe68-ca50-48e7-b6e6-e99e49e3cbd0,2023-10-30,2,29.89,22.19,37.59
1e4afe68-ca50-48e7-b6e6-e99e49e3cbd0,2023-11-20,1,32,32,32
1e4afe68-ca50-48e7-b6e6-e99e49e3cbd0,2023-12-18,1,25.2,25.2,25.2
1e4afe68-ca50-48e7-b6e6-e99e49e3cbd0,2023-12-25,1,37.59,37.59,37.59
1e4afe68-ca50-48e7-b6e6-e99e49e3cbd0,2024-01-01,2,31.5,28,35
1e4afe68-ca50-48e7-b6e6-e99e49e3cbd0,2024-01-08,1,32,32,32
1e4afe68-ca50-48e7-b6e6-e99e49e3cbd0,2024-01-15,1,43.52,43.52,43.52
1e4afe68-ca50-48e7-b6e6-e99e49e3cbd0,2024-01-22,2,39.78,37.59,41.97
1e4afe68-ca50-48e7-b6e6-e99e49e3cbd0,2024-01-29,4,30.95,20,39
1e4afe68-ca50-48e7-b6e6-e99e49e3cbd0,2024-02-05,1,21.5,21.5,21.5
1e4afe68-ca50-48e7-b6e6-e99e49e3cbd0,2024-02-26,1,29.88,29.88,29.88
1e4afe68-ca50-48e7-b6e6-e99e49e3cbd0,2024-03-25,1,37.59,37.59,37.59
1e4afe68-ca50-48e7-b6e6-e99e49e3cbd0,2024-04-08,1,19.5,19.5,19.5
1e4afe68-ca50-48e7-b6e6-e99e49e3cbd0,2024-04-22,1,50.87,50.87,50.87
1e4afe68-ca50-48e7-b6e6-e99e49e3cbd0,2024-04-29,2,46.34,42.51,50.18
1e4afe68-ca50-48e7-b6e6-e99e49e3cbd0,2024-05-20,4,38.14,32,60
1e4afe68-ca50-48e7-b6e6-e99e49e3cbd0,2024-05-27,1,32.29,32.29,32.29
1e4afe68-ca50-48e7-b6e6-e99e49e3cbd0,2024-06-03,2,37.3,34.99,39.6
1e4afe68-ca50-48e7-b6e6-e99e49e3cbd0,2024-06-10,3,28.8,17.5,30
1e4afe68-ca50-48e7-b6e6-e99e49e3cbd0,2024-06-17,1,36,36,36
1e4afe68-ca50-48e7-b6e6-e99e49e3cbd0,2024-06-24,1,26.5,26.5,26.5
1e4afe68-ca50-48e7-b6e6-e99e49e3cbd0,2024-07-01,1,35,35,35
1e4afe68-ca50-48e7-b6e6-e99e49e3cbd0,2024-07-15,1,34.99,34.99,34.99
1e4afe68-ca50-48e7-b6e6-e99e49e3cbd0,2024-09-23,1,25.2,25.2,25.2
1e4afe68-ca50-48e7-b6e6-e99e49e3cbd0,2024-09-30,1,19.2,19.2,19.2
1e4afe68-ca50-48e7-b6e6-e99e49e3cbd0,2024-10-07,1,24,24,24
1e4afe68-ca50-48e7-b6e6-e99e49e3cbd0,2024-11-04,1,26,26,26
1e4afe68-ca50-48e7-b6e6-e99e49e3cbd0,2024-12-30,1,39.99,39.99,39.99
1e4afe68-ca50-48e7-b6e6-e99e49e3cbd0,2025-01-06,1,36,36,36
1e4afe68-ca50-48e7-b6e6-e99e49e3cbd0,2025-01-27,2,38,36,39.99
1e4afe68-ca50-48e7-b6e6-e99e49e3cbd0,2025-02-03,1,46.99,46.99,46.99
1e4afe68-ca50-48e7-b6e6-e99e49e3cbd0,2025-02-10,1,37.2,37.2,37.2
1e4afe68-ca50-48e7-b6e6-e99e49e3cbd0,2025-02-24,1,40,40,40
1e4afe68-ca50-48e7-b6e6-e99e49e3cbd0,2025-03-03,1,35,35,35
1e4afe68-ca50-48e7-b6e6-e99e49e3cbd0,2025-03-24,1,49.2,49.2,49.2
1e4afe68-ca50-48e7-b6e6-e99e49e3cbd0,2025-05-19,1,52.99,52.99,52.99
1e4afe68-ca50-48e7-b6e6-e99e49e3cbd0,2025-06-30,1,39.98,39.98,39.98
1e4afe68-ca50-48e7-b6e6-e99e49e3cbd0,2025-07-07,1,50,50,50
1e4afe68-ca50-48e7-b6e6-e99e49e3cbd0,2025-08-11,1,60,60,60
1e4afe68-ca50-48e7-b6e6-e99e49e3cbd0,2025-08-25,1,49.2,49.2,49.2
1e4afe68-ca50-48e7-b6e6-e99e49e3cbd0,2025-09-01,1,45.6,45.6,45.6
1e4afe68-ca50-48e7-b6e6-e99e49e3cbd0,2026-03-09,1,128,128,128
1e4afe68-ca50-48e7-b6e6-e99e49e3cbd0,2026-03-16,1,139.99,139.99,139.99
1e4afe68-ca50-48e7-b6e6-e99e49e3cbd0,2026-04-20,1,144.99,144.99,144.99
1e4afe68-ca50-48e7-b6e6-e99e49e3cbd0,2026-05-25,1,142.5,142.5,142.5
1e4c8f76-2877-474a-af74-2a4bd5f944f5,2022-03-28,1,171.5,171.5,171.5
1e4c8f76-2877-474a-af74-2a4bd5f944f5,2023-05-22,1,26.57,26.57,26.57
1e4c8f76-2877-474a-af74-2a4bd5f944f5,2023-05-29,1,52,52,52
1e4c8f76-2877-474a-af74-2a4bd5f944f5,2024-07-15,1,33,33,33
1e523ad0-e290-4d3d-831d-2b4d74cb7642,2024-06-03,1,85,85,85
1e523ad0-e290-4d3d-831d-2b4d74cb7642,2026-02-23,1,249,249,249
1e523ad0-e290-4d3d-831d-2b4d74cb7642,2026-08-24,1,314,314,314
1e569999-96e6-4aea-b27c-698763216ac0,2021-11-15,2,220,220,220
1e569999-96e6-4aea-b27c-698763216ac0,2021-12-13,1,145,145,145
1e569999-96e6-4aea-b27c-698763216ac0,2021-12-20,2,87.94,86,89.88
1e569999-96e6-4aea-b27c-698763216ac0,2022-01-10,2,83.5,71,96
1e569999-96e6-4aea-b27c-698763216ac0,2022-01-24,2,142.7,86.4,199
1e569999-96e6-4aea-b27c-698763216ac0,2022-02-14,1,72,72,72
1e569999-96e6-4aea-b27c-698763216ac0,2022-06-06,1,82.69,82.69,82.69
1e569999-96e6-4aea-b27c-698763216ac0,2022-06-27,1,96,96,96
1e569999-96e6-4aea-b27c-698763216ac0,2022-07-04,1,76.8,76.8,76.8
1e569999-96e6-4aea-b27c-698763216ac0,2022-07-11,2,115.47,95.95,135
1e569999-96e6-4aea-b27c-698763216ac0,2022-08-08,1,100.8,100.8,100.8
1e569999-96e6-4aea-b27c-698763216ac0,2022-08-15,1,110,110,110
1e569999-96e6-4aea-b27c-698763216ac0,2022-10-10,1,100,100,100
1e569999-96e6-4aea-b27c-698763216ac0,2023-02-06,1,168,168,168
1e569999-96e6-4aea-b27c-698763216ac0,2023-02-27,1,126,126,126
1e569999-96e6-4aea-b27c-698763216ac0,2023-05-01,1,77.53,77.53,77.53
1e569999-96e6-4aea-b27c-698763216ac0,2023-06-12,1,61,61,61
1e569999-96e6-4aea-b27c-698763216ac0,2023-07-17,1,66.72,66.72,66.72
1e569999-96e6-4aea-b27c-698763216ac0,2023-07-24,1,150,150,150
1e569999-96e6-4aea-b27c-698763216ac0,2023-07-31,1,57,57,57
1e569999-96e6-4aea-b27c-698763216ac0,2023-12-18,1,110.83,110.83,110.83
1e569999-96e6-4aea-b27c-698763216ac0,2024-02-19,1,96,96,96
1e569999-96e6-4aea-b27c-698763216ac0,2024-04-29,1,110,110,110
1e569999-96e6-4aea-b27c-698763216ac0,2024-09-02,1,122.24,122.24,122.24
1e569999-96e6-4aea-b27c-698763216ac0,2024-11-04,1,79.91,79.91,79.91
1e569999-96e6-4aea-b27c-698763216ac0,2025-05-26,1,100.79,100.79,100.79
1e569999-96e6-4aea-b27c-698763216ac0,2025-06-02,1,100,100,100
1e569999-96e6-4aea-b27c-698763216ac0,2026-01-19,3,203.5,130,253.64
1e569999-96e6-4aea-b27c-698763216ac0,2026-01-26,1,137.5,137.5,137.5
1e569999-96e6-4aea-b27c-698763216ac0,2026-02-02,1,102.5,102.5,102.5
1e569999-96e6-4aea-b27c-698763216ac0,2026-02-23,1,144.5,144.5,144.5
1e569999-96e6-4aea-b27c-698763216ac0,2026-03-02,1,126,126,126
1e569999-96e6-4aea-b27c-698763216ac0,2026-04-13,1,180,180,180
1e569999-96e6-4aea-b27c-698763216ac0,2026-05-25,1,152.5,152.5,152.5
1e569999-96e6-4aea-b27c-698763216ac0,2026-07-20,1,189.99,189.99,189.99
1e569999-96e6-4aea-b27c-698763216ac0,2026-08-10,1,107,107,107
1e57294f-1607-42cb-bb80-03650014c889,2023-07-31,1,24.24,24.24,24.24
1e57294f-1607-42cb-bb80-03650014c889,2024-01-08,1,29,29,29
1e57294f-1607-42cb-bb80-03650014c889,2024-04-29,1,56.99,56.99,56.99
1e57294f-1607-42cb-bb80-03650014c889,2024-09-30,1,22.5,22.5,22.5
1e57294f-1607-42cb-bb80-03650014c889,2025-03-10,1,22.5,22.5,22.5
1e57294f-1607-42cb-bb80-03650014c889,2026-04-20,1,73,73,73
1e57294f-1607-42cb-bb80-03650014c889,2026-06-29,1,102,102,102
1e580f9a-340b-43cc-88b3-56574eac21ed,2021-08-16,1,300,300,300
1e580f9a-340b-43cc-88b3-56574eac21ed,2021-11-15,1,76.21,76.21,76.21
1e580f9a-340b-43cc-88b3-56574eac21ed,2022-03-28,1,100,100,100
1e580f9a-340b-43cc-88b3-56574eac21ed,2022-09-05,1,199.99,199.99,199.99
1e580f9a-340b-43cc-88b3-56574eac21ed,2023-10-30,1,300,300,300
1e580f9a-340b-43cc-88b3-56574eac21ed,2024-05-27,1,149.99,149.99,149.99
1e580f9a-340b-43cc-88b3-56574eac21ed,2024-12-23,2,108.75,58,159.5
1e580f9a-340b-43cc-88b3-56574eac21ed,2025-02-10,1,399.99,399.99,399.99
1e580f9a-340b-43cc-88b3-56574eac21ed,2025-05-12,1,624.99,624.99,624.99
1e580f9a-340b-43cc-88b3-56574eac21ed,2026-01-05,1,299.99,299.99,299.99
1e580f9a-340b-43cc-88b3-56574eac21ed,2026-08-10,1,250,250,250
1e580f9a-340b-43cc-88b3-56574eac21ed,2026-08-17,1,215.5,215.5,215.5
1e5b1e6e-0094-40b2-a1b7-8e89d704b940,2021-07-19,1,182.5,182.5,182.5
1e5b1e6e-0094-40b2-a1b7-8e89d704b940,2021-08-02,2,139.5,127.5,151.5
1e5b1e6e-0094-40b2-a1b7-8e89d704b940,2022-01-24,1,132,132,132
1e5b1e6e-0094-40b2-a1b7-8e89d704b940,2022-01-31,1,110.4,110.4,110.4
1e5b1e6e-0094-40b2-a1b7-8e89d704b940,2022-02-28,1,200,200,200
1e5b1e6e-0094-40b2-a1b7-8e89d704b940,2022-04-11,2,161.25,160,162.5
1e5b1e6e-0094-40b2-a1b7-8e89d704b940,2022-04-18,2,277.5,255,300
1e5b1e6e-0094-40b2-a1b7-8e89d704b940,2022-05-23,1,380,380,380
1e5b1e6e-0094-40b2-a1b7-8e89d704b940,2022-06-20,2,158.75,157.5,160
1e5b1e6e-0094-40b2-a1b7-8e89d704b940,2022-07-25,1,97.34,97.34,97.34
1e5b1e6e-0094-40b2-a1b7-8e89d704b940,2022-08-08,3,98.09,94.99,211.38
1e5b1e6e-0094-40b2-a1b7-8e89d704b940,2022-09-19,1,191.38,191.38,191.38
1e5b1e6e-0094-40b2-a1b7-8e89d704b940,2022-10-31,1,165,165,165
1e5b1e6e-0094-40b2-a1b7-8e89d704b940,2022-12-19,1,112.8,112.8,112.8
1e5b1e6e-0094-40b2-a1b7-8e89d704b940,2023-01-16,1,169.99,169.99,169.99
1e5b1e6e-0094-40b2-a1b7-8e89d704b940,2023-01-30,1,130,130,130
1e5b1e6e-0094-40b2-a1b7-8e89d704b940,2023-02-06,1,88,88,88
1e5b1e6e-0094-40b2-a1b7-8e89d704b940,2023-03-13,1,149.99,149.99,149.99
1e5b1e6e-0094-40b2-a1b7-8e89d704b940,2023-03-27,1,90,90,90
1e5b1e6e-0094-40b2-a1b7-8e89d704b940,2023-04-03,1,81,81,81
1e5b1e6e-0094-40b2-a1b7-8e89d704b940,2023-05-29,2,94.34,43.68,145
1e5b1e6e-0094-40b2-a1b7-8e89d704b940,2023-06-05,1,179.99,179.99,179.99
1e5b1e6e-0094-40b2-a1b7-8e89d704b940,2023-06-12,1,127.99,127.99,127.99
1e5b1e6e-0094-40b2-a1b7-8e89d704b940,2023-07-03,1,95,95,95
1e5b1e6e-0094-40b2-a1b7-8e89d704b940,2023-07-10,1,110.4,110.4,110.4
1e5b1e6e-0094-40b2-a1b7-8e89d704b940,2023-10-23,1,59.08,59.08,59.08
1e5b1e6e-0094-40b2-a1b7-8e89d704b940,2023-12-11,1,63.5,63.5,63.5
1e5b1e6e-0094-40b2-a1b7-8e89d704b940,2023-12-18,1,129.5,129.5,129.5
1e5b1e6e-0094-40b2-a1b7-8e89d704b940,2024-03-18,1,76,76,76
1e5b1e6e-0094-40b2-a1b7-8e89d704b940,2024-04-01,1,48,48,48
1e5b1e6e-0094-40b2-a1b7-8e89d704b940,2024-05-27,1,110.41,110.41,110.41
1e5b1e6e-0094-40b2-a1b7-8e89d704b940,2024-06-03,1,94.99,94.99,94.99
1e5b1e6e-0094-40b2-a1b7-8e89d704b940,2024-06-10,1,77,77,77
1e5b1e6e-0094-40b2-a1b7-8e89d704b940,2024-08-05,2,97.99,95.99,99.99
1e5b1e6e-0094-40b2-a1b7-8e89d704b940,2024-08-26,1,118.67,118.67,118.67
1e5b1e6e-0094-40b2-a1b7-8e89d704b940,2024-09-09,1,104.99,104.99,104.99
1e5b1e6e-0094-40b2-a1b7-8e89d704b940,2024-10-14,1,119.95,119.95,119.95
1e5b1e6e-0094-40b2-a1b7-8e89d704b940,2024-12-02,1,125.5,125.5,125.5
1e5b1e6e-0094-40b2-a1b7-8e89d704b940,2024-12-16,1,200,200,200
1e5b1e6e-0094-40b2-a1b7-8e89d704b940,2025-01-20,1,185,185,185
1e5b1e6e-0094-40b2-a1b7-8e89d704b940,2025-02-24,1,122.5,122.5,122.5
1e5b1e6e-0094-40b2-a1b7-8e89d704b940,2025-03-10,1,183.5,183.5,183.5
1e5b1e6e-0094-40b2-a1b7-8e89d704b940,2025-03-17,1,149.99,149.99,149.99
1e5b1e6e-0094-40b2-a1b7-8e89d704b940,2026-01-05,1,480,480,480
1e5b1e6e-0094-40b2-a1b7-8e89d704b940,2026-02-09,1,525,525,525
1e5b1e6e-0094-40b2-a1b7-8e89d704b940,2026-03-02,1,630,630,630
1e5b1e6e-0094-40b2-a1b7-8e89d704b940,2026-03-09,2,1100,1100,1100
1e5b1e6e-0094-40b2-a1b7-8e89d704b940,2026-04-20,1,1469,1469,1469
1e5b1e6e-0094-40b2-a1b7-8e89d704b940,2026-05-04,1,1358,1358,1358
1e5b1e6e-0094-40b2-a1b7-8e89d704b940,2026-05-25,1,1315,1315,1315
1e5b1e6e-0094-40b2-a1b7-8e89d704b940,2026-06-15,1,1229.76,1229.76,1229.76
1e5b1e6e-0094-40b2-a1b7-8e89d704b940,2026-07-06,2,1507.49,1399.99,1615
1e5b1e6e-0094-40b2-a1b7-8e89d704b940,2026-07-13,1,1032,1032,1032
1e5b1e6e-0094-40b2-a1b7-8e89d704b940,2026-07-20,1,807,807,807
1e5b1e6e-0094-40b2-a1b7-8e89d704b940,2026-07-27,1,1700,1700,1700
1e5b1e6e-0094-40b2-a1b7-8e89d704b940,2026-08-17,2,1306,1150,1462
1e5b1e6e-0094-40b2-a1b7-8e89d704b940,2026-08-24,1,1260,1260,1260
1e5f038d-dbaf-4824-84c2-62a73a0614a1,2021-08-30,1,65,65,65
1e5f038d-dbaf-4824-84c2-62a73a0614a1,2022-01-10,1,123,123,123
1e5f038d-dbaf-4824-84c2-62a73a0614a1,2022-04-11,1,160,160,160
1e5f038d-dbaf-4824-84c2-62a73a0614a1,2022-06-13,1,115,115,115
1e5f038d-dbaf-4824-84c2-62a73a0614a1,2022-10-10,1,155.82,155.82,155.82
1e5f038d-dbaf-4824-84c2-62a73a0614a1,2022-12-26,1,235.86,235.86,235.86
1e5f038d-dbaf-4824-84c2-62a73a0614a1,2023-03-20,1,150,150,150
1e5f038d-dbaf-4824-84c2-62a73a0614a1,2023-04-03,1,256.7,256.7,256.7
1e5f038d-dbaf-4824-84c2-62a73a0614a1,2023-06-26,1,67.2,67.2,67.2
1e5f038d-dbaf-4824-84c2-62a73a0614a1,2023-07-10,1,118.07,118.07,118.07
1e5f038d-dbaf-4824-84c2-62a73a0614a1,2023-08-07,1,107.5,107.5,107.5
1e5f038d-dbaf-4824-84c2-62a73a0614a1,2023-08-14,1,75,75,75
1e5f038d-dbaf-4824-84c2-62a73a0614a1,2023-09-18,1,80,80,80
1e5f038d-dbaf-4824-84c2-62a73a0614a1,2023-11-27,1,100,100,100
1e5f038d-dbaf-4824-84c2-62a73a0614a1,2024-07-22,1,155,155,155
1e5f038d-dbaf-4824-84c2-62a73a0614a1,2024-07-29,1,51.29,51.29,51.29
1e5f038d-dbaf-4824-84c2-62a73a0614a1,2024-08-26,1,73,73,73
1e5f038d-dbaf-4824-84c2-62a73a0614a1,2024-09-16,1,94,94,94
1e5f038d-dbaf-4824-84c2-62a73a0614a1,2024-10-14,1,76,76,76
1e5f038d-dbaf-4824-84c2-62a73a0614a1,2024-10-28,1,67,67,67
1e5f038d-dbaf-4824-84c2-62a73a0614a1,2024-11-25,1,102.5,102.5,102.5
1e5f038d-dbaf-4824-84c2-62a73a0614a1,2024-12-30,1,85,85,85
1e5f038d-dbaf-4824-84c2-62a73a0614a1,2025-03-24,1,100.01,100.01,100.01
1e5f038d-dbaf-4824-84c2-62a73a0614a1,2025-05-26,1,100.01,100.01,100.01
1e5f038d-dbaf-4824-84c2-62a73a0614a1,2025-06-16,1,124,124,124
1e5f038d-dbaf-4824-84c2-62a73a0614a1,2025-09-01,2,139.89,110.78,169
1e5f038d-dbaf-4824-84c2-62a73a0614a1,2025-09-15,1,155,155,155
1e5f038d-dbaf-4824-84c2-62a73a0614a1,2025-12-08,1,140,140,140
1e5f038d-dbaf-4824-84c2-62a73a0614a1,2026-01-12,2,183.53,167.05,200
1e5f038d-dbaf-4824-84c2-62a73a0614a1,2026-05-18,1,180,180,180
1e5f038d-dbaf-4824-84c2-62a73a0614a1,2026-06-01,2,345,318,372
1e5f038d-dbaf-4824-84c2-62a73a0614a1,2026-06-15,1,258,258,258
1e5f038d-dbaf-4824-84c2-62a73a0614a1,2026-07-06,1,316,316,316
1e5fe774-f64f-46f5-ba2c-418e4252d66b,2022-12-12,1,25.2,25.2,25.2
1e5fe774-f64f-46f5-ba2c-418e4252d66b,2022-12-26,1,23.5,23.5,23.5
1e5fe774-f64f-46f5-ba2c-418e4252d66b,2023-06-05,1,22.5,22.5,22.5
1e5fe774-f64f-46f5-ba2c-418e4252d66b,2024-04-29,1,41,41,41
1e5fe774-f64f-46f5-ba2c-418e4252d66b,2024-10-28,1,39,39,39
1e5fe774-f64f-46f5-ba2c-418e4252d66b,2025-10-20,1,100,100,100
1e5fe774-f64f-46f5-ba2c-418e4252d66b,2026-02-23,1,170,170,170
1e6661e4-1dd1-4e20-8182-64ad3a2ed49f,2026-08-31,1,202.5,202.5,202.5
1e672e9c-ddfa-4458-b439-a936ab158633,2022-02-21,2,59.79,59.58,60
1e672e9c-ddfa-4458-b439-a936ab158633,2022-04-04,1,76,76,76
1e672e9c-ddfa-4458-b439-a936ab158633,2022-05-02,1,91,91,91
1e672e9c-ddfa-4458-b439-a936ab158633,2022-05-09,2,75.5,61,90
1e672e9c-ddfa-4458-b439-a936ab158633,2022-06-27,1,99.99,99.99,99.99
1e672e9c-ddfa-4458-b439-a936ab158633,2022-09-12,2,137,125,149
1e672e9c-ddfa-4458-b439-a936ab158633,2022-11-28,1,150,150,150
1e672e9c-ddfa-4458-b439-a936ab158633,2023-01-23,1,145,145,145
1e672e9c-ddfa-4458-b439-a936ab158633,2023-03-06,1,100,100,100
1e672e9c-ddfa-4458-b439-a936ab158633,2023-04-17,1,55,55,55
1e672e9c-ddfa-4458-b439-a936ab158633,2023-05-22,7,129.99,63.11,200
1e672e9c-ddfa-4458-b439-a936ab158633,2023-06-12,1,199.99,199.99,199.99
1e672e9c-ddfa-4458-b439-a936ab158633,2023-07-10,1,224.99,224.99,224.99
1e672e9c-ddfa-4458-b439-a936ab158633,2023-07-17,1,105.6,105.6,105.6
1e672e9c-ddfa-4458-b439-a936ab158633,2023-08-21,1,103.5,103.5,103.5
1e672e9c-ddfa-4458-b439-a936ab158633,2023-09-18,2,105.88,105.51,106.24
1e672e9c-ddfa-4458-b439-a936ab158633,2023-10-16,2,77.43,68,86.86
1e672e9c-ddfa-4458-b439-a936ab158633,2023-10-23,1,70,70,70
1e672e9c-ddfa-4458-b439-a936ab158633,2023-10-30,1,62.4,62.4,62.4
1e672e9c-ddfa-4458-b439-a936ab158633,2023-11-06,1,48,48,48
1e672e9c-ddfa-4458-b439-a936ab158633,2023-11-20,2,78.67,71,86.35
1e672e9c-ddfa-4458-b439-a936ab158633,2023-11-27,1,36,36,36
1e672e9c-ddfa-4458-b439-a936ab158633,2023-12-18,1,39,39,39
1e672e9c-ddfa-4458-b439-a936ab158633,2024-01-08,1,42,42,42
1e672e9c-ddfa-4458-b439-a936ab158633,2024-01-22,1,46,46,46
1e672e9c-ddfa-4458-b439-a936ab158633,2024-02-05,1,60,60,60
1e672e9c-ddfa-4458-b439-a936ab158633,2024-02-26,1,36.58,36.58,36.58
1e672e9c-ddfa-4458-b439-a936ab158633,2024-03-04,2,45.3,44.99,45.6
1e672e9c-ddfa-4458-b439-a936ab158633,2024-04-08,1,38.4,38.4,38.4
1e672e9c-ddfa-4458-b439-a936ab158633,2024-05-06,1,36,36,36
1e672e9c-ddfa-4458-b439-a936ab158633,2024-05-27,1,31.2,31.2,31.2
1e672e9c-ddfa-4458-b439-a936ab158633,2024-06-03,2,30.9,16.8,45
1e672e9c-ddfa-4458-b439-a936ab158633,2024-06-10,1,33,33,33
1e672e9c-ddfa-4458-b439-a936ab158633,2024-07-08,1,15.5,15.5,15.5
1e672e9c-ddfa-4458-b439-a936ab158633,2024-08-05,1,50,50,50
1e672e9c-ddfa-4458-b439-a936ab158633,2024-08-26,1,17.5,17.5,17.5
1e672e9c-ddfa-4458-b439-a936ab158633,2024-09-16,1,49.99,49.99,49.99
1e672e9c-ddfa-4458-b439-a936ab158633,2024-11-11,3,27.6,27.6,28.8
1e672e9c-ddfa-4458-b439-a936ab158633,2025-01-27,1,93.74,93.74,93.74
1e672e9c-ddfa-4458-b439-a936ab158633,2025-02-10,2,40.5,39,42
1e672e9c-ddfa-4458-b439-a936ab158633,2025-04-14,2,63,30,96
1e672e9c-ddfa-4458-b439-a936ab158633,2025-10-06,1,86.4,86.4,86.4
1e672e9c-ddfa-4458-b439-a936ab158633,2026-01-19,1,135,135,135
1e672e9c-ddfa-4458-b439-a936ab158633,2026-03-23,1,29.44,29.44,29.44
1e672e9c-ddfa-4458-b439-a936ab158633,2026-08-10,1,86.42,86.42,86.42
1e672e9c-ddfa-4458-b439-a936ab158633,2026-08-31,1,67.2,67.2,67.2
1e6f8054-ba9d-4504-ba81-b5aa488a3f7a,2026-01-05,2,162.5,152.5,172.5
1e6f8054-ba9d-4504-ba81-b5aa488a3f7a,2026-01-12,3,154.5,152.5,167.5
1e6f8054-ba9d-4504-ba81-b5aa488a3f7a,2026-01-19,4,139,130.5,195.5
1e6f8054-ba9d-4504-ba81-b5aa488a3f7a,2026-02-02,2,159.17,132.83,185.5
1e6f8054-ba9d-4504-ba81-b5aa488a3f7a,2026-02-09,6,123,102.5,145
1e6f8054-ba9d-4504-ba81-b5aa488a3f7a,2026-02-16,4,125.25,120,160
1e6f8054-ba9d-4504-ba81-b5aa488a3f7a,2026-03-02,1,125,125,125
1e6f8054-ba9d-4504-ba81-b5aa488a3f7a,2026-03-09,1,158,158,158
1e6f8054-ba9d-4504-ba81-b5aa488a3f7a,2026-03-16,2,125,114.99,135
1e6f8054-ba9d-4504-ba81-b5aa488a3f7a,2026-03-30,5,158,132.5,174
1e6f8054-ba9d-4504-ba81-b5aa488a3f7a,2026-04-06,2,120.94,113.5,128.38
1e6f8054-ba9d-4504-ba81-b5aa488a3f7a,2026-04-13,4,134.5,131.89,142.5
1e6f8054-ba9d-4504-ba81-b5aa488a3f7a,2026-04-20,1,121.38,121.38,121.38
1e6f8054-ba9d-4504-ba81-b5aa488a3f7a,2026-04-27,4,136.08,129.5,155
1e6f8054-ba9d-4504-ba81-b5aa488a3f7a,2026-05-04,1,122.38,122.38,122.38
1e6f8054-ba9d-4504-ba81-b5aa488a3f7a,2026-05-11,2,128.69,117.38,139.99
1e6f8054-ba9d-4504-ba81-b5aa488a3f7a,2026-05-18,6,125,90,150
1e6f8054-ba9d-4504-ba81-b5aa488a3f7a,2026-05-25,2,127.75,120.5,135
1e6f8054-ba9d-4504-ba81-b5aa488a3f7a,2026-06-01,3,135,87.79,145.17
1e6f8054-ba9d-4504-ba81-b5aa488a3f7a,2026-06-08,4,109.56,58.76,140
1e6f8054-ba9d-4504-ba81-b5aa488a3f7a,2026-06-15,4,119.75,107.75,145
1e6f8054-ba9d-4504-ba81-b5aa488a3f7a,2026-06-22,11,106.28,91.45,150
1e6f8054-ba9d-4504-ba81-b5aa488a3f7a,2026-06-29,2,108.41,91.82,125
1e6f8054-ba9d-4504-ba81-b5aa488a3f7a,2026-07-06,10,92.85,81.01,130
1e6f8054-ba9d-4504-ba81-b5aa488a3f7a,2026-07-13,7,87.31,64.9,124.99
1e6f8054-ba9d-4504-ba81-b5aa488a3f7a,2026-07-20,10,73.28,69.6,104.6
1e6f8054-ba9d-4504-ba81-b5aa488a3f7a,2026-07-27,12,70.47,61.01,83
1e6f8054-ba9d-4504-ba81-b5aa488a3f7a,2026-08-03,10,80.5,61.61,100
1e6f8054-ba9d-4504-ba81-b5aa488a3f7a,2026-08-10,8,100,64.77,146.2
1e6f8054-ba9d-4504-ba81-b5aa488a3f7a,2026-08-17,7,78,64.49,100
1e6f8054-ba9d-4504-ba81-b5aa488a3f7a,2026-08-24,8,64.55,47,100
1e6f8054-ba9d-4504-ba81-b5aa488a3f7a,2026-08-31,12,61,52.58,84.78
1e6f8054-ba9d-4504-ba81-b5aa488a3f7a,2026-09-07,4,59.16,52.46,69.99
1e7230e5-984d-4382-8b81-bc10ea4af394,2021-08-23,1,274.99,274.99,274.99
1e7230e5-984d-4382-8b81-bc10ea4af394,2022-02-07,1,159.99,159.99,159.99
1e7230e5-984d-4382-8b81-bc10ea4af394,2022-02-21,1,83.96,83.96,83.96
1e7230e5-984d-4382-8b81-bc10ea4af394,2022-03-14,1,67.99,67.99,67.99
1e7230e5-984d-4382-8b81-bc10ea4af394,2022-04-11,1,144.99,144.99,144.99
1e7230e5-984d-4382-8b81-bc10ea4af394,2022-07-11,1,52.2,52.2,52.2
1e7230e5-984d-4382-8b81-bc10ea4af394,2022-07-25,1,125,125,125
1e7230e5-984d-4382-8b81-bc10ea4af394,2022-10-24,1,100,100,100
1e7230e5-984d-4382-8b81-bc10ea4af394,2022-12-19,1,40,40,40
1e7230e5-984d-4382-8b81-bc10ea4af394,2023-01-02,1,69,69,69
1e7230e5-984d-4382-8b81-bc10ea4af394,2023-06-26,1,66.01,66.01,66.01
1e7230e5-984d-4382-8b81-bc10ea4af394,2023-08-21,1,30,30,30
1e7230e5-984d-4382-8b81-bc10ea4af394,2023-09-25,1,34,34,34
1e7230e5-984d-4382-8b81-bc10ea4af394,2024-02-26,2,35.25,22.5,48
1e7230e5-984d-4382-8b81-bc10ea4af394,2024-03-18,1,37.2,37.2,37.2
1e7230e5-984d-4382-8b81-bc10ea4af394,2024-04-29,1,63,63,63
1e7230e5-984d-4382-8b81-bc10ea4af394,2024-07-22,2,38.5,37,40
1e7230e5-984d-4382-8b81-bc10ea4af394,2024-11-11,1,38.17,38.17,38.17
1e7230e5-984d-4382-8b81-bc10ea4af394,2025-01-13,1,36,36,36
1e7230e5-984d-4382-8b81-bc10ea4af394,2025-01-20,1,75,75,75
1e7230e5-984d-4382-8b81-bc10ea4af394,2025-09-22,1,102.5,102.5,102.5
1e7230e5-984d-4382-8b81-bc10ea4af394,2026-02-09,1,140,140,140
1e7230e5-984d-4382-8b81-bc10ea4af394,2026-03-23,1,385,385,385
1e7230e5-984d-4382-8b81-bc10ea4af394,2026-04-13,1,316,316,316
1e7230e5-984d-4382-8b81-bc10ea4af394,2026-05-04,2,251.67,203.33,300
1e7230e5-984d-4382-8b81-bc10ea4af394,2026-05-11,2,317.5,260,375
1e7230e5-984d-4382-8b81-bc10ea4af394,2026-05-18,1,269,269,269
1e7230e5-984d-4382-8b81-bc10ea4af394,2026-06-01,1,350,350,350
1e7230e5-984d-4382-8b81-bc10ea4af394,2026-06-29,1,305,305,305
1e7230e5-984d-4382-8b81-bc10ea4af394,2026-07-20,2,200.5,183.5,217.5
1e72d17b-ca25-4629-8b93-91901de034f7,2025-03-17,1,40,40,40
1e78fc8a-48af-43ba-8810-cfdfcdc843eb,2024-11-04,1,26,26,26
1e78fc8a-48af-43ba-8810-cfdfcdc843eb,2024-11-11,1,61,61,61
1e78fc8a-48af-43ba-8810-cfdfcdc843eb,2026-03-02,1,83,83,83
1e78fc8a-48af-43ba-8810-cfdfcdc843eb,2026-04-27,1,156.5,156.5,156.5
1e78fc8a-48af-43ba-8810-cfdfcdc843eb,2026-08-03,1,110.4,110.4,110.4
1e798282-ec41-4283-a4a4-3853d669ed78,2021-05-31,1,379.99,379.99,379.99
1e798282-ec41-4283-a4a4-3853d669ed78,2023-05-22,1,107.55,107.55,107.55
1e798282-ec41-4283-a4a4-3853d669ed78,2024-05-27,1,107.5,107.5,107.5
1e798282-ec41-4283-a4a4-3853d669ed78,2025-02-03,1,120,120,120
1e798282-ec41-4283-a4a4-3853d669ed78,2025-11-10,1,156,156,156
1e798282-ec41-4283-a4a4-3853d669ed78,2026-02-02,1,153.28,153.28,153.28
1e798282-ec41-4283-a4a4-3853d669ed78,2026-06-15,1,400,400,400
1e798282-ec41-4283-a4a4-3853d669ed78,2026-06-22,1,500,500,500
1e798282-ec41-4283-a4a4-3853d669ed78,2026-07-06,1,441,441,441
1e79a93c-779d-426e-8230-459c28abdba6,2022-01-24,1,99.99,99.99,99.99
1e79a93c-779d-426e-8230-459c28abdba6,2023-01-16,1,105.6,105.6,105.6
1e79a93c-779d-426e-8230-459c28abdba6,2025-05-19,1,545,545,545
1e79a93c-779d-426e-8230-459c28abdba6,2026-03-16,1,1750,1750,1750
1e7a60fe-166e-49a2-b815-06e517a929bc,2026-07-27,2,23.4,23.4,23.4
1e7a60fe-166e-49a2-b815-06e517a929bc,2026-08-24,1,34.99,34.99,34.99
1e7a60fe-166e-49a2-b815-06e517a929bc,2026-08-31,1,49.95,49.95,49.95
1e7ac0a2-626f-4e34-8cec-60f1d9d516e9,2021-09-27,1,516.07,516.07,516.07
1e7ac0a2-626f-4e34-8cec-60f1d9d516e9,2023-03-20,1,325,325,325
1e7ac0a2-626f-4e34-8cec-60f1d9d516e9,2023-11-13,1,374.54,374.54,374.54
1e7ac0a2-626f-4e34-8cec-60f1d9d516e9,2023-12-11,1,228,228,228
1e7ad9ce-98f9-4853-98d9-cfb630c39c63,2025-12-22,1,44.99,44.99,44.99
1e7ad9ce-98f9-4853-98d9-cfb630c39c63,2025-12-29,1,125,125,125
1e7ad9ce-98f9-4853-98d9-cfb630c39c63,2026-01-05,1,149.99,149.99,149.99
1e7ad9ce-98f9-4853-98d9-cfb630c39c63,2026-02-23,2,100,100,100
1e7ad9ce-98f9-4853-98d9-cfb630c39c63,2026-03-02,1,108.77,108.77,108.77
1e7ad9ce-98f9-4853-98d9-cfb630c39c63,2026-03-09,1,150,150,150
1e7ad9ce-98f9-4853-98d9-cfb630c39c63,2026-03-23,1,204,204,204
1e7ad9ce-98f9-4853-98d9-cfb630c39c63,2026-04-06,3,127.24,122.5,150
1e7ad9ce-98f9-4853-98d9-cfb630c39c63,2026-04-27,1,200,200,200
1e7ad9ce-98f9-4853-98d9-cfb630c39c63,2026-05-04,1,180,180,180
1e7ad9ce-98f9-4853-98d9-cfb630c39c63,2026-05-25,1,249.99,249.99,249.99
1e7ad9ce-98f9-4853-98d9-cfb630c39c63,2026-06-01,1,274.69,274.69,274.69
1e7ad9ce-98f9-4853-98d9-cfb630c39c63,2026-06-08,1,250,250,250
1e7ad9ce-98f9-4853-98d9-cfb630c39c63,2026-06-15,1,224.72,224.72,224.72
1e7ad9ce-98f9-4853-98d9-cfb630c39c63,2026-06-29,2,278,249.99,306
1e7ad9ce-98f9-4853-98d9-cfb630c39c63,2026-07-20,2,277.75,220.5,335
1e7ad9ce-98f9-4853-98d9-cfb630c39c63,2026-08-03,1,300,300,300
1e7ad9ce-98f9-4853-98d9-cfb630c39c63,2026-08-17,1,256,256,256
1e7ad9ce-98f9-4853-98d9-cfb630c39c63,2026-08-24,1,330,330,330
1e7b705c-39d5-492f-955a-af64cd3e8c34,2021-02-22,1,133.5,133.5,133.5
1e7b705c-39d5-492f-955a-af64cd3e8c34,2021-04-05,1,55,55,55
1e7b705c-39d5-492f-955a-af64cd3e8c34,2021-06-21,1,61,61,61
1e7b705c-39d5-492f-955a-af64cd3e8c34,2021-09-06,2,83.08,47.43,118.72
1e7b705c-39d5-492f-955a-af64cd3e8c34,2021-11-15,1,41,41,41
1e7b705c-39d5-492f-955a-af64cd3e8c34,2022-02-21,1,55,55,55
1e7b705c-39d5-492f-955a-af64cd3e8c34,2022-02-28,1,43,43,43
1e7b705c-39d5-492f-955a-af64cd3e8c34,2022-04-04,1,91.46,91.46,91.46
1e7b705c-39d5-492f-955a-af64cd3e8c34,2022-07-04,1,60,60,60
1e7b705c-39d5-492f-955a-af64cd3e8c34,2022-10-03,1,67,67,67
1e7b705c-39d5-492f-955a-af64cd3e8c34,2022-11-07,1,51,51,51
1e7b705c-39d5-492f-955a-af64cd3e8c34,2022-11-14,1,38,38,38
1e7b705c-39d5-492f-955a-af64cd3e8c34,2022-11-21,2,28.26,20.52,36
1e7b705c-39d5-492f-955a-af64cd3e8c34,2022-12-26,1,33,33,33
1e7b705c-39d5-492f-955a-af64cd3e8c34,2023-01-16,1,49.11,49.11,49.11
1e7b705c-39d5-492f-955a-af64cd3e8c34,2023-01-23,1,35.28,35.28,35.28
1e7b705c-39d5-492f-955a-af64cd3e8c34,2023-02-20,1,31,31,31
1e7b705c-39d5-492f-955a-af64cd3e8c34,2023-05-15,2,53.09,31.2,74.99
1e7b705c-39d5-492f-955a-af64cd3e8c34,2023-06-19,1,38.13,38.13,38.13
1e7b705c-39d5-492f-955a-af64cd3e8c34,2023-09-25,1,39,39,39
1e7b705c-39d5-492f-955a-af64cd3e8c34,2024-02-12,1,29.12,29.12,29.12
1e7b705c-39d5-492f-955a-af64cd3e8c34,2024-02-26,1,31,31,31
1e7b705c-39d5-492f-955a-af64cd3e8c34,2024-03-18,1,35,35,35
1e7b705c-39d5-492f-955a-af64cd3e8c34,2025-04-07,1,76,76,76
1e7b705c-39d5-492f-955a-af64cd3e8c34,2025-04-28,1,75,75,75
1e7b705c-39d5-492f-955a-af64cd3e8c34,2025-05-19,1,56,56,56
1e7b705c-39d5-492f-955a-af64cd3e8c34,2025-06-09,1,37.06,37.06,37.06
1e7b705c-39d5-492f-955a-af64cd3e8c34,2025-10-27,1,35.1,35.1,35.1
1e7b705c-39d5-492f-955a-af64cd3e8c34,2025-12-29,2,89.88,79.77,100
1e7b705c-39d5-492f-955a-af64cd3e8c34,2026-02-16,1,150,150,150
1e7b705c-39d5-492f-955a-af64cd3e8c34,2026-03-09,1,295,295,295
1e7c7fd8-4bae-4317-a4f7-b66e254aaa21,2026-04-27,1,175.5,175.5,175.5
1e7c7fd8-4bae-4317-a4f7-b66e254aaa21,2026-07-20,1,100,100,100
1e7c7fd8-4bae-4317-a4f7-b66e254aaa21,2026-08-10,1,105.6,105.6,105.6
1e7c7fd8-4bae-4317-a4f7-b66e254aaa21,2026-08-24,2,72.94,67.87,78
1e7c7fd8-4bae-4317-a4f7-b66e254aaa21,2026-08-31,3,82,81,90
1e7de042-3cfc-474d-ba8a-fee6987f8e38,2021-05-24,1,54,54,54
1e7de042-3cfc-474d-ba8a-fee6987f8e38,2021-07-26,1,49,49,49
1e7de042-3cfc-474d-ba8a-fee6987f8e38,2021-10-11,1,56.55,56.55,56.55
1e7de042-3cfc-474d-ba8a-fee6987f8e38,2022-05-16,1,92,92,92
1e7de042-3cfc-474d-ba8a-fee6987f8e38,2022-06-06,1,47.08,47.08,47.08
1e7de042-3cfc-474d-ba8a-fee6987f8e38,2022-06-13,2,52,43,61
1e7de042-3cfc-474d-ba8a-fee6987f8e38,2022-06-27,1,71,71,71
1e7de042-3cfc-474d-ba8a-fee6987f8e38,2022-08-01,1,60,60,60
1e7de042-3cfc-474d-ba8a-fee6987f8e38,2022-09-12,1,64.86,64.86,64.86
1e7de042-3cfc-474d-ba8a-fee6987f8e38,2022-09-26,1,62.4,62.4,62.4
1e7de042-3cfc-474d-ba8a-fee6987f8e38,2022-10-03,1,69.99,69.99,69.99
1e7de042-3cfc-474d-ba8a-fee6987f8e38,2022-10-24,1,43.2,43.2,43.2
1e7de042-3cfc-474d-ba8a-fee6987f8e38,2022-12-05,1,30.07,30.07,30.07
1e7de042-3cfc-474d-ba8a-fee6987f8e38,2022-12-12,1,39,39,39
1e7de042-3cfc-474d-ba8a-fee6987f8e38,2023-03-20,1,50.15,50.15,50.15
1e7de042-3cfc-474d-ba8a-fee6987f8e38,2023-05-08,1,27.5,27.5,27.5
1e7de042-3cfc-474d-ba8a-fee6987f8e38,2023-05-22,1,39.75,39.75,39.75
1e7de042-3cfc-474d-ba8a-fee6987f8e38,2023-06-12,1,37.2,37.2,37.2
1e7de042-3cfc-474d-ba8a-fee6987f8e38,2023-07-10,3,29,22.5,45.9
1e7de042-3cfc-474d-ba8a-fee6987f8e38,2023-08-07,2,27.5,26,29
1e7de042-3cfc-474d-ba8a-fee6987f8e38,2023-08-14,1,32,32,32
1e7de042-3cfc-474d-ba8a-fee6987f8e38,2023-09-04,1,29,29,29
1e7de042-3cfc-474d-ba8a-fee6987f8e38,2023-09-11,1,31.22,31.22,31.22
1e7de042-3cfc-474d-ba8a-fee6987f8e38,2023-10-09,2,25.23,22.5,27.95
1e7de042-3cfc-474d-ba8a-fee6987f8e38,2023-10-16,1,42.82,42.82,42.82
1e7de042-3cfc-474d-ba8a-fee6987f8e38,2023-10-23,1,22.5,22.5,22.5
1e7de042-3cfc-474d-ba8a-fee6987f8e38,2023-10-30,1,34.99,34.99,34.99
1e7de042-3cfc-474d-ba8a-fee6987f8e38,2023-11-20,1,37,37,37
1e7de042-3cfc-474d-ba8a-fee6987f8e38,2023-12-04,1,46.99,46.99,46.99
1e7de042-3cfc-474d-ba8a-fee6987f8e38,2023-12-11,3,21.5,16.5,26
1e7de042-3cfc-474d-ba8a-fee6987f8e38,2024-01-01,1,26,26,26
1e7de042-3cfc-474d-ba8a-fee6987f8e38,2024-01-15,1,38.4,38.4,38.4
1e7de042-3cfc-474d-ba8a-fee6987f8e38,2024-02-12,1,26,26,26
1e7de042-3cfc-474d-ba8a-fee6987f8e38,2024-03-04,2,43,35,51
1e7de042-3cfc-474d-ba8a-fee6987f8e38,2024-04-08,1,30,30,30
1e7de042-3cfc-474d-ba8a-fee6987f8e38,2024-04-15,1,23.5,23.5,23.5
1e7de042-3cfc-474d-ba8a-fee6987f8e38,2024-04-22,1,32.33,32.33,32.33
1e7de042-3cfc-474d-ba8a-fee6987f8e38,2024-04-29,1,32.4,32.4,32.4
1e7de042-3cfc-474d-ba8a-fee6987f8e38,2024-06-24,1,33,33,33
1e7de042-3cfc-474d-ba8a-fee6987f8e38,2024-07-15,1,22.5,22.5,22.5
1e7de042-3cfc-474d-ba8a-fee6987f8e38,2024-08-12,1,19.5,19.5,19.5
1e7de042-3cfc-474d-ba8a-fee6987f8e38,2024-09-30,1,16.5,16.5,16.5
1e7de042-3cfc-474d-ba8a-fee6987f8e38,2024-10-14,1,29.99,29.99,29.99
1e7de042-3cfc-474d-ba8a-fee6987f8e38,2024-10-21,1,26,26,26
1e7de042-3cfc-474d-ba8a-fee6987f8e38,2024-10-28,1,20.5,20.5,20.5
1e7de042-3cfc-474d-ba8a-fee6987f8e38,2024-11-11,2,53.48,23.5,83.46
1e7de042-3cfc-474d-ba8a-fee6987f8e38,2024-11-25,1,43.2,43.2,43.2
1e7de042-3cfc-474d-ba8a-fee6987f8e38,2024-12-30,1,38,38,38
1e7de042-3cfc-474d-ba8a-fee6987f8e38,2025-01-06,1,52.29,52.29,52.29
1e7de042-3cfc-474d-ba8a-fee6987f8e38,2025-01-20,1,31.01,31.01,31.01
1e7de042-3cfc-474d-ba8a-fee6987f8e38,2025-01-27,1,37.36,37.36,37.36
1e7de042-3cfc-474d-ba8a-fee6987f8e38,2025-02-10,3,44.99,38.99,54.95
1e7de042-3cfc-474d-ba8a-fee6987f8e38,2025-02-17,1,44.99,44.99,44.99
1e7de042-3cfc-474d-ba8a-fee6987f8e38,2025-03-03,1,39.99,39.99,39.99
1e7de042-3cfc-474d-ba8a-fee6987f8e38,2025-03-24,1,64.65,64.65,64.65
1e7de042-3cfc-474d-ba8a-fee6987f8e38,2025-05-12,2,46.18,37.37,54.99
1e7de042-3cfc-474d-ba8a-fee6987f8e38,2025-06-23,1,55,55,55
1e7de042-3cfc-474d-ba8a-fee6987f8e38,2025-06-30,2,74.59,69.99,79.2
1e7de042-3cfc-474d-ba8a-fee6987f8e38,2025-07-14,1,55,55,55
1e7de042-3cfc-474d-ba8a-fee6987f8e38,2025-08-25,1,45,45,45
1e7de042-3cfc-474d-ba8a-fee6987f8e38,2025-09-08,1,45.02,45.02,45.02
1e7de042-3cfc-474d-ba8a-fee6987f8e38,2025-09-22,1,48,48,48
1e7de042-3cfc-474d-ba8a-fee6987f8e38,2025-09-29,1,56,56,56
1e7de042-3cfc-474d-ba8a-fee6987f8e38,2025-10-13,1,48.5,48.5,48.5
1e7de042-3cfc-474d-ba8a-fee6987f8e38,2025-12-01,1,110.62,110.62,110.62
1e7de042-3cfc-474d-ba8a-fee6987f8e38,2025-12-08,1,75,75,75
1e7de042-3cfc-474d-ba8a-fee6987f8e38,2025-12-15,1,85,85,85
1e7de042-3cfc-474d-ba8a-fee6987f8e38,2025-12-22,1,67,67,67
1e7de042-3cfc-474d-ba8a-fee6987f8e38,2026-01-05,1,91,91,91
1e7de042-3cfc-474d-ba8a-fee6987f8e38,2026-01-12,1,99.99,99.99,99.99
1e7de042-3cfc-474d-ba8a-fee6987f8e38,2026-01-19,2,86.25,70,102.5
1e7de042-3cfc-474d-ba8a-fee6987f8e38,2026-01-26,2,100,100,100
1e7de042-3cfc-474d-ba8a-fee6987f8e38,2026-02-02,1,75,75,75
1e7de042-3cfc-474d-ba8a-fee6987f8e38,2026-02-09,5,105,61.32,132
1e7de042-3cfc-474d-ba8a-fee6987f8e38,2026-02-16,2,119.5,114,125
1e7de042-3cfc-474d-ba8a-fee6987f8e38,2026-02-23,2,137.45,124.9,150
1e7de042-3cfc-474d-ba8a-fee6987f8e38,2026-03-02,3,143.5,136.81,175
1e7de042-3cfc-474d-ba8a-fee6987f8e38,2026-03-16,3,190,162,205
1e7de042-3cfc-474d-ba8a-fee6987f8e38,2026-03-30,1,200,200,200
1e7de042-3cfc-474d-ba8a-fee6987f8e38,2026-04-06,2,182.02,161.54,202.5
1e7de042-3cfc-474d-ba8a-fee6987f8e38,2026-04-13,2,165.16,161.38,168.95
1e7de042-3cfc-474d-ba8a-fee6987f8e38,2026-04-20,3,157.5,124.99,179.5
1e7de042-3cfc-474d-ba8a-fee6987f8e38,2026-04-27,1,138,138,138
1e7de042-3cfc-474d-ba8a-fee6987f8e38,2026-05-18,1,259.99,259.99,259.99
1e7de042-3cfc-474d-ba8a-fee6987f8e38,2026-05-25,1,204.5,204.5,204.5
1e7de042-3cfc-474d-ba8a-fee6987f8e38,2026-06-01,1,120,120,120
1e7de042-3cfc-474d-ba8a-fee6987f8e38,2026-06-15,5,204.5,167.5,281
1e7de042-3cfc-474d-ba8a-fee6987f8e38,2026-06-22,1,168.01,168.01,168.01
1e7de042-3cfc-474d-ba8a-fee6987f8e38,2026-06-29,1,122.5,122.5,122.5
1e7de042-3cfc-474d-ba8a-fee6987f8e38,2026-07-13,1,117.52,117.52,117.52
1e7de042-3cfc-474d-ba8a-fee6987f8e38,2026-08-03,1,185,185,185
1e7de042-3cfc-474d-ba8a-fee6987f8e38,2026-08-10,1,249.99,249.99,249.99
1e7de042-3cfc-474d-ba8a-fee6987f8e38,2026-08-17,2,268.75,222.5,315
1e7de042-3cfc-474d-ba8a-fee6987f8e38,2026-08-24,1,200,200,200
1e7de042-3cfc-474d-ba8a-fee6987f8e38,2026-08-31,2,279,263,295
1e7f9d90-88e8-43e8-8295-d4bd75cedecd,2021-06-28,1,90,90,90
1e7f9d90-88e8-43e8-8295-d4bd75cedecd,2022-01-10,1,42.72,42.72,42.72
1e7f9d90-88e8-43e8-8295-d4bd75cedecd,2022-06-06,1,26.4,26.4,26.4
1e7f9d90-88e8-43e8-8295-d4bd75cedecd,2023-10-09,1,33.99,33.99,33.99
1e7f9d90-88e8-43e8-8295-d4bd75cedecd,2023-11-27,2,18.38,18.05,18.72
1e7f9d90-88e8-43e8-8295-d4bd75cedecd,2023-12-04,1,33.99,33.99,33.99
1e7f9d90-88e8-43e8-8295-d4bd75cedecd,2023-12-11,1,18.19,18.19,18.19
1e7f9d90-88e8-43e8-8295-d4bd75cedecd,2023-12-18,3,15.05,13.5,17.02
1e7f9d90-88e8-43e8-8295-d4bd75cedecd,2023-12-25,1,17.5,17.5,17.5
1e7f9d90-88e8-43e8-8295-d4bd75cedecd,2024-01-15,1,15.5,15.5,15.5
1e7f9d90-88e8-43e8-8295-d4bd75cedecd,2024-01-22,1,18.5,18.5,18.5
1e7f9d90-88e8-43e8-8295-d4bd75cedecd,2024-01-29,1,16.05,16.05,16.05
1e7f9d90-88e8-43e8-8295-d4bd75cedecd,2024-02-12,1,12.5,12.5,12.5
1e7f9d90-88e8-43e8-8295-d4bd75cedecd,2024-02-19,2,37.8,37.2,38.4
1e7f9d90-88e8-43e8-8295-d4bd75cedecd,2024-02-26,3,16.8,15.6,24.99
1e7f9d90-88e8-43e8-8295-d4bd75cedecd,2024-03-04,3,18,16.8,29.99
1e7f9d90-88e8-43e8-8295-d4bd75cedecd,2024-03-11,3,18,14.54,18
1e7f9d90-88e8-43e8-8295-d4bd75cedecd,2024-03-18,1,16.8,16.8,16.8
1e7f9d90-88e8-43e8-8295-d4bd75cedecd,2024-03-25,2,15.6,15.6,15.6
1e7f9d90-88e8-43e8-8295-d4bd75cedecd,2024-04-01,1,16.8,16.8,16.8
1e7f9d90-88e8-43e8-8295-d4bd75cedecd,2024-04-08,2,12.6,10.8,14.4
1e7f9d90-88e8-43e8-8295-d4bd75cedecd,2024-04-15,1,21.6,21.6,21.6
1e7f9d90-88e8-43e8-8295-d4bd75cedecd,2024-04-22,2,17.4,15.6,19.2
1e7f9d90-88e8-43e8-8295-d4bd75cedecd,2024-04-29,1,16.8,16.8,16.8
1e7f9d90-88e8-43e8-8295-d4bd75cedecd,2024-05-27,1,15.6,15.6,15.6
1e7f9d90-88e8-43e8-8295-d4bd75cedecd,2024-06-10,1,29.99,29.99,29.99
1e7f9d90-88e8-43e8-8295-d4bd75cedecd,2024-08-05,2,19.5,16.5,22.5
1e7f9d90-88e8-43e8-8295-d4bd75cedecd,2024-12-09,1,23,23,23
1e7f9d90-88e8-43e8-8295-d4bd75cedecd,2025-02-17,1,33,33,33
1e7f9d90-88e8-43e8-8295-d4bd75cedecd,2025-12-01,1,32.4,32.4,32.4
1e7f9d90-88e8-43e8-8295-d4bd75cedecd,2026-02-09,1,72,72,72
1e7f9d90-88e8-43e8-8295-d4bd75cedecd,2026-03-30,1,76,76,76
1e7f9d90-88e8-43e8-8295-d4bd75cedecd,2026-06-01,1,117.5,117.5,117.5
1e7f9d90-88e8-43e8-8295-d4bd75cedecd,2026-06-29,1,100,100,100
1e7f9d90-88e8-43e8-8295-d4bd75cedecd,2026-07-20,1,112.47,112.47,112.47
1e7f9d90-88e8-43e8-8295-d4bd75cedecd,2026-07-27,1,100,100,100
1e7f9d90-88e8-43e8-8295-d4bd75cedecd,2026-08-31,2,91.5,83,100
1e7f9d90-88e8-43e8-8295-d4bd75cedecd,2026-09-07,1,105,105,105
1e8561ed-5539-4fd0-885b-d23f7745a3f5,2021-09-27,1,34.79,34.79,34.79
1e8561ed-5539-4fd0-885b-d23f7745a3f5,2022-07-25,2,15.25,15,15.5
1e8561ed-5539-4fd0-885b-d23f7745a3f5,2025-10-27,1,40,40,40
1e8a03da-dc95-4f65-911c-03bce74b658e,2025-10-13,1,29.99,29.99,29.99
1e8a03da-dc95-4f65-911c-03bce74b658e,2026-07-20,1,79.99,79.99,79.99
1e8eb5dd-17c8-412f-bd20-3d98febdbde9,2021-04-26,1,616.66,616.66,616.66
1e8eb5dd-17c8-412f-bd20-3d98febdbde9,2022-03-07,1,526.62,526.62,526.62
1e8eb5dd-17c8-412f-bd20-3d98febdbde9,2022-03-21,1,540,540,540
1e8eb5dd-17c8-412f-bd20-3d98febdbde9,2022-04-11,1,550,550,550
1e8eb5dd-17c8-412f-bd20-3d98febdbde9,2022-06-20,1,347,347,347
1e8eb5dd-17c8-412f-bd20-3d98febdbde9,2022-08-08,1,523.01,523.01,523.01
1e8eb5dd-17c8-412f-bd20-3d98febdbde9,2022-09-19,1,437,437,437
1e8eb5dd-17c8-412f-bd20-3d98febdbde9,2022-09-26,1,408,408,408
1e8eb5dd-17c8-412f-bd20-3d98febdbde9,2022-10-31,1,787,787,787
1e8eb5dd-17c8-412f-bd20-3d98febdbde9,2022-11-28,1,535,535,535
1e8eb5dd-17c8-412f-bd20-3d98febdbde9,2022-12-05,1,449,449,449
1e8eb5dd-17c8-412f-bd20-3d98febdbde9,2023-01-02,1,600,600,600
1e8eb5dd-17c8-412f-bd20-3d98febdbde9,2023-01-23,1,504,504,504
1e8eb5dd-17c8-412f-bd20-3d98febdbde9,2023-02-27,1,515,515,515
1e8eb5dd-17c8-412f-bd20-3d98febdbde9,2023-04-17,1,405,405,405
1e8eb5dd-17c8-412f-bd20-3d98febdbde9,2023-06-26,1,440,440,440
1e8eb5dd-17c8-412f-bd20-3d98febdbde9,2023-07-10,1,435,435,435
1e8eb5dd-17c8-412f-bd20-3d98febdbde9,2023-07-31,1,425,425,425
1e8eb5dd-17c8-412f-bd20-3d98febdbde9,2023-08-28,1,499.99,499.99,499.99
1e8eb5dd-17c8-412f-bd20-3d98febdbde9,2023-10-23,1,350,350,350
1e8eb5dd-17c8-412f-bd20-3d98febdbde9,2023-11-06,1,320,320,320
1e8eb5dd-17c8-412f-bd20-3d98febdbde9,2023-12-11,1,315,315,315
1e8eb5dd-17c8-412f-bd20-3d98febdbde9,2024-01-29,1,367.82,367.82,367.82
1e8eb5dd-17c8-412f-bd20-3d98febdbde9,2024-02-12,1,354,354,354
1e8eb5dd-17c8-412f-bd20-3d98febdbde9,2024-02-26,1,348,348,348
1e8eb5dd-17c8-412f-bd20-3d98febdbde9,2024-03-18,1,360,360,360
1e8eb5dd-17c8-412f-bd20-3d98febdbde9,2024-03-25,1,417.21,417.21,417.21
1e8eb5dd-17c8-412f-bd20-3d98febdbde9,2024-04-01,1,355,355,355
1e8eb5dd-17c8-412f-bd20-3d98febdbde9,2024-04-08,1,400,400,400
1e8eb5dd-17c8-412f-bd20-3d98febdbde9,2024-05-20,1,347.69,347.69,347.69
1e8eb5dd-17c8-412f-bd20-3d98febdbde9,2024-07-01,1,325,325,325
1e8eb5dd-17c8-412f-bd20-3d98febdbde9,2024-07-15,1,350,350,350
1e8eb5dd-17c8-412f-bd20-3d98febdbde9,2024-07-29,1,358.33,358.33,358.33
1e8eb5dd-17c8-412f-bd20-3d98febdbde9,2024-08-05,1,326.44,326.44,326.44
1e8eb5dd-17c8-412f-bd20-3d98febdbde9,2024-08-12,2,362.5,350,375
1e8eb5dd-17c8-412f-bd20-3d98febdbde9,2024-09-02,1,460.62,460.62,460.62
1e8eb5dd-17c8-412f-bd20-3d98febdbde9,2024-09-09,1,345,345,345
1e8eb5dd-17c8-412f-bd20-3d98febdbde9,2024-09-16,1,325,325,325
1e8eb5dd-17c8-412f-bd20-3d98febdbde9,2024-11-04,1,378.01,378.01,378.01
1e8eb5dd-17c8-412f-bd20-3d98febdbde9,2024-12-16,1,310,310,310
1e8eb5dd-17c8-412f-bd20-3d98febdbde9,2025-01-13,1,420,420,420
1e8eb5dd-17c8-412f-bd20-3d98febdbde9,2025-01-20,1,293.41,293.41,293.41
1e8eb5dd-17c8-412f-bd20-3d98febdbde9,2025-03-10,1,439.99,439.99,439.99
1e8eb5dd-17c8-412f-bd20-3d98febdbde9,2025-03-17,1,649.5,649.5,649.5
1e8eb5dd-17c8-412f-bd20-3d98febdbde9,2025-05-19,1,539.99,539.99,539.99
1e8eb5dd-17c8-412f-bd20-3d98febdbde9,2025-09-22,2,1187.5,900,1475
1e8eb5dd-17c8-412f-bd20-3d98febdbde9,2025-09-29,2,985,860,1110
1e8eb5dd-17c8-412f-bd20-3d98febdbde9,2025-10-13,2,1082.35,1000,1164.7
1e8eb5dd-17c8-412f-bd20-3d98febdbde9,2025-11-17,1,871,871,871
1e8eb5dd-17c8-412f-bd20-3d98febdbde9,2025-11-24,1,860,860,860
1e8eb5dd-17c8-412f-bd20-3d98febdbde9,2025-12-15,1,937.5,937.5,937.5
1e8eb5dd-17c8-412f-bd20-3d98febdbde9,2026-01-05,3,1075,650,1100
1e8eb5dd-17c8-412f-bd20-3d98febdbde9,2026-01-12,1,1299.99,1299.99,1299.99
1e8eb5dd-17c8-412f-bd20-3d98febdbde9,2026-02-02,2,1174.5,1150,1199
1e8eb5dd-17c8-412f-bd20-3d98febdbde9,2026-02-16,3,1400,1308,1600
1e8eb5dd-17c8-412f-bd20-3d98febdbde9,2026-03-16,1,2880,2880,2880
1e8eb5dd-17c8-412f-bd20-3d98febdbde9,2026-03-23,1,3360,3360,3360
1e8eb5dd-17c8-412f-bd20-3d98febdbde9,2026-05-04,1,3120,3120,3120
1e8eb5dd-17c8-412f-bd20-3d98febdbde9,2026-06-15,1,3069,3069,3069
1e8eb5dd-17c8-412f-bd20-3d98febdbde9,2026-06-29,1,2750,2750,2750
1e8eb5dd-17c8-412f-bd20-3d98febdbde9,2026-08-10,2,3130,2760,3500
1e8eb5dd-17c8-412f-bd20-3d98febdbde9,2026-08-24,1,3499.99,3499.99,3499.99
1e8ffd77-2c02-4822-a622-9cc70eab5d54,2024-01-01,2,8,8,8
1e8ffd77-2c02-4822-a622-9cc70eab5d54,2024-07-15,1,27.75,27.75,27.75
1e8ffd77-2c02-4822-a622-9cc70eab5d54,2024-08-05,1,22.5,22.5,22.5
1e8ffd77-2c02-4822-a622-9cc70eab5d54,2024-08-19,1,28.5,28.5,28.5
1e8ffd77-2c02-4822-a622-9cc70eab5d54,2025-05-26,1,34.99,34.99,34.99
1e8ffd77-2c02-4822-a622-9cc70eab5d54,2026-07-13,1,30,30,30
1e903c72-eed5-40b4-bf5f-549f826d57ef,2022-01-24,1,50.4,50.4,50.4
1e903c72-eed5-40b4-bf5f-549f826d57ef,2022-03-14,1,37.2,37.2,37.2
1e903c72-eed5-40b4-bf5f-549f826d57ef,2022-05-09,1,84.99,84.99,84.99
1e903c72-eed5-40b4-bf5f-549f826d57ef,2022-10-03,1,84.99,84.99,84.99
1e903c72-eed5-40b4-bf5f-549f826d57ef,2022-11-14,1,26.06,26.06,26.06
1e903c72-eed5-40b4-bf5f-549f826d57ef,2023-01-23,1,46,46,46
1e903c72-eed5-40b4-bf5f-549f826d57ef,2023-04-24,1,29,29,29
1e903c72-eed5-40b4-bf5f-549f826d57ef,2023-09-11,1,26,26,26
1e903c72-eed5-40b4-bf5f-549f826d57ef,2024-05-20,2,28.36,25,31.72
1e903c72-eed5-40b4-bf5f-549f826d57ef,2026-04-06,1,62,62,62
1e903c72-eed5-40b4-bf5f-549f826d57ef,2026-06-22,1,95,95,95
1e9246ff-05b0-4f0e-9501-3048d8188ec7,2025-06-09,1,175,175,175
1e9246ff-05b0-4f0e-9501-3048d8188ec7,2025-07-07,1,296,296,296
1e9246ff-05b0-4f0e-9501-3048d8188ec7,2025-07-21,1,290.5,290.5,290.5
1e9246ff-05b0-4f0e-9501-3048d8188ec7,2025-08-04,1,202.5,202.5,202.5
1e9246ff-05b0-4f0e-9501-3048d8188ec7,2025-08-11,1,300,300,300
1e9246ff-05b0-4f0e-9501-3048d8188ec7,2025-08-25,1,350,350,350
1e9246ff-05b0-4f0e-9501-3048d8188ec7,2025-09-08,1,250,250,250
1e9246ff-05b0-4f0e-9501-3048d8188ec7,2025-09-22,1,232.5,232.5,232.5
1e9246ff-05b0-4f0e-9501-3048d8188ec7,2025-09-29,1,225,225,225
1e9246ff-05b0-4f0e-9501-3048d8188ec7,2025-10-27,1,380,380,380
1e9246ff-05b0-4f0e-9501-3048d8188ec7,2025-11-03,1,310,310,310
1e9246ff-05b0-4f0e-9501-3048d8188ec7,2026-01-12,1,400,400,400
1e9246ff-05b0-4f0e-9501-3048d8188ec7,2026-01-26,1,380,380,380
1e9246ff-05b0-4f0e-9501-3048d8188ec7,2026-02-23,2,340.5,310,371
1e9246ff-05b0-4f0e-9501-3048d8188ec7,2026-03-02,2,420,420,420
1e9246ff-05b0-4f0e-9501-3048d8188ec7,2026-03-09,1,400,400,400
1e9246ff-05b0-4f0e-9501-3048d8188ec7,2026-05-04,4,750,450,947.24
1e9246ff-05b0-4f0e-9501-3048d8188ec7,2026-05-11,1,579.69,579.69,579.69
1e9246ff-05b0-4f0e-9501-3048d8188ec7,2026-05-25,2,604.12,529.25,679
1e9246ff-05b0-4f0e-9501-3048d8188ec7,2026-06-01,1,600,600,600
1e9246ff-05b0-4f0e-9501-3048d8188ec7,2026-06-15,1,575,575,575
1e9246ff-05b0-4f0e-9501-3048d8188ec7,2026-07-06,1,477.6,477.6,477.6
1e9246ff-05b0-4f0e-9501-3048d8188ec7,2026-08-24,1,472.89,472.89,472.89
1e958797-3727-4d49-88fb-4674876680df,2022-01-03,1,30,30,30
1e958797-3727-4d49-88fb-4674876680df,2025-04-14,1,50,50,50
1e98ae6c-6a71-4343-90c7-ffedf4f9bcdc,2021-02-22,1,51,51,51
1e98ae6c-6a71-4343-90c7-ffedf4f9bcdc,2021-04-05,1,65,65,65
1e98ae6c-6a71-4343-90c7-ffedf4f9bcdc,2021-04-26,1,80,80,80
1e98ae6c-6a71-4343-90c7-ffedf4f9bcdc,2021-07-12,1,49.95,49.95,49.95
1e98ae6c-6a71-4343-90c7-ffedf4f9bcdc,2021-08-16,2,33.5,22,45
1e98ae6c-6a71-4343-90c7-ffedf4f9bcdc,2021-08-23,1,39.04,39.04,39.04
1e98ae6c-6a71-4343-90c7-ffedf4f9bcdc,2022-01-31,1,16.5,16.5,16.5
1e98ae6c-6a71-4343-90c7-ffedf4f9bcdc,2022-02-21,1,40,40,40
1e98ae6c-6a71-4343-90c7-ffedf4f9bcdc,2022-03-07,1,17.52,17.52,17.52
1e98ae6c-6a71-4343-90c7-ffedf4f9bcdc,2022-04-04,1,22,22,22
1e98ae6c-6a71-4343-90c7-ffedf4f9bcdc,2022-04-25,1,11.5,11.5,11.5
1e98ae6c-6a71-4343-90c7-ffedf4f9bcdc,2022-05-02,1,17,17,17
1e98ae6c-6a71-4343-90c7-ffedf4f9bcdc,2022-08-08,1,17.52,17.52,17.52
1e98ae6c-6a71-4343-90c7-ffedf4f9bcdc,2022-09-19,1,15.75,15.75,15.75
1e98ae6c-6a71-4343-90c7-ffedf4f9bcdc,2022-09-26,1,16,16,16
1e98ae6c-6a71-4343-90c7-ffedf4f9bcdc,2022-10-10,1,19.2,19.2,19.2
1e98ae6c-6a71-4343-90c7-ffedf4f9bcdc,2022-11-07,1,23.99,23.99,23.99
1e98ae6c-6a71-4343-90c7-ffedf4f9bcdc,2023-01-23,1,30,30,30
1e98ae6c-6a71-4343-90c7-ffedf4f9bcdc,2023-06-12,1,12.5,12.5,12.5
1e98ae6c-6a71-4343-90c7-ffedf4f9bcdc,2023-06-19,1,12.52,12.52,12.52
1e98ae6c-6a71-4343-90c7-ffedf4f9bcdc,2023-07-10,1,18,18,18
1e98ae6c-6a71-4343-90c7-ffedf4f9bcdc,2023-08-21,2,15.5,15.5,15.5
1e98ae6c-6a71-4343-90c7-ffedf4f9bcdc,2023-09-25,1,35,35,35
1e98ae6c-6a71-4343-90c7-ffedf4f9bcdc,2023-10-16,1,6.5,6.5,6.5
1e98ae6c-6a71-4343-90c7-ffedf4f9bcdc,2024-06-24,1,20.5,20.5,20.5
1e98ae6c-6a71-4343-90c7-ffedf4f9bcdc,2024-07-22,1,17.01,17.01,17.01
1e98ae6c-6a71-4343-90c7-ffedf4f9bcdc,2024-11-04,1,44.88,44.88,44.88
1e98ae6c-6a71-4343-90c7-ffedf4f9bcdc,2025-01-27,2,36.24,22.49,50
1e98ae6c-6a71-4343-90c7-ffedf4f9bcdc,2025-03-10,1,31.92,31.92,31.92
1e98ae6c-6a71-4343-90c7-ffedf4f9bcdc,2025-06-02,1,28,28,28
1e98ae6c-6a71-4343-90c7-ffedf4f9bcdc,2025-07-28,1,41.39,41.39,41.39
1e98ae6c-6a71-4343-90c7-ffedf4f9bcdc,2025-08-18,1,23.5,23.5,23.5
1e98ae6c-6a71-4343-90c7-ffedf4f9bcdc,2025-09-01,1,57,57,57
1e98ae6c-6a71-4343-90c7-ffedf4f9bcdc,2025-09-22,1,54.92,54.92,54.92
1e98ae6c-6a71-4343-90c7-ffedf4f9bcdc,2026-02-09,1,41,41,41
1e98ae6c-6a71-4343-90c7-ffedf4f9bcdc,2026-04-20,1,45,45,45
1e98ae6c-6a71-4343-90c7-ffedf4f9bcdc,2026-06-01,2,46,40,52
1e98ae6c-6a71-4343-90c7-ffedf4f9bcdc,2026-07-20,1,41,41,41
1e98ae6c-6a71-4343-90c7-ffedf4f9bcdc,2026-07-27,1,43,43,43
1e98ae6c-6a71-4343-90c7-ffedf4f9bcdc,2026-08-03,1,85,85,85
1e9a13e5-71ca-483e-baa2-982dd2e40cfa,2025-01-06,3,131.79,119.99,150
1e9a13e5-71ca-483e-baa2-982dd2e40cfa,2025-01-13,2,106.75,102.5,111
1e9a13e5-71ca-483e-baa2-982dd2e40cfa,2025-01-20,2,148.14,132.5,163.79
1e9a13e5-71ca-483e-baa2-982dd2e40cfa,2025-02-03,1,179.99,179.99,179.99
1e9a13e5-71ca-483e-baa2-982dd2e40cfa,2025-02-10,1,79,79,79
1e9a13e5-71ca-483e-baa2-982dd2e40cfa,2025-02-17,3,105.5,102.5,119.39
1e9a13e5-71ca-483e-baa2-982dd2e40cfa,2025-02-24,3,76,73,130
1e9a13e5-71ca-483e-baa2-982dd2e40cfa,2025-03-03,4,105,100,113.53
1e9a13e5-71ca-483e-baa2-982dd2e40cfa,2025-03-10,6,123.75,109.33,160
1e9a13e5-71ca-483e-baa2-982dd2e40cfa,2025-03-17,1,160,160,160
1e9a13e5-71ca-483e-baa2-982dd2e40cfa,2025-03-24,2,133.5,123.5,143.5
1e9a13e5-71ca-483e-baa2-982dd2e40cfa,2025-03-31,3,139,133,158
1e9a13e5-71ca-483e-baa2-982dd2e40cfa,2025-04-07,1,105,105,105
1e9a13e5-71ca-483e-baa2-982dd2e40cfa,2025-04-14,1,147.5,147.5,147.5
1e9a13e5-71ca-483e-baa2-982dd2e40cfa,2025-04-21,3,141,133.7,224.14
1e9a13e5-71ca-483e-baa2-982dd2e40cfa,2025-04-28,4,179.97,176,200
1e9a13e5-71ca-483e-baa2-982dd2e40cfa,2025-05-05,2,149.99,99.99,199.99
1e9a13e5-71ca-483e-baa2-982dd2e40cfa,2025-05-12,4,136.25,109,200
1e9a13e5-71ca-483e-baa2-982dd2e40cfa,2025-05-19,1,172,172,172
1e9a13e5-71ca-483e-baa2-982dd2e40cfa,2025-05-26,1,134.5,134.5,134.5
1e9a13e5-71ca-483e-baa2-982dd2e40cfa,2025-06-09,2,179,168,189.99
1e9a13e5-71ca-483e-baa2-982dd2e40cfa,2025-06-16,4,161.25,150,179.99
1e9a13e5-71ca-483e-baa2-982dd2e40cfa,2025-06-23,2,205,160,249.99
1e9a13e5-71ca-483e-baa2-982dd2e40cfa,2025-06-30,2,219.24,208.51,229.96
1e9a13e5-71ca-483e-baa2-982dd2e40cfa,2025-07-07,3,240,172.45,262.49
1e9a13e5-71ca-483e-baa2-982dd2e40cfa,2025-07-21,1,192.5,192.5,192.5
1e9a13e5-71ca-483e-baa2-982dd2e40cfa,2025-07-28,1,194.5,194.5,194.5
1e9a13e5-71ca-483e-baa2-982dd2e40cfa,2025-08-11,1,109.99,109.99,109.99
1e9a13e5-71ca-483e-baa2-982dd2e40cfa,2025-08-25,2,226.25,217.5,235
1e9a13e5-71ca-483e-baa2-982dd2e40cfa,2025-09-01,3,206,193,265
1e9a13e5-71ca-483e-baa2-982dd2e40cfa,2025-09-08,2,290,289.99,290
1e9a13e5-71ca-483e-baa2-982dd2e40cfa,2025-09-15,5,320,299,325
1e9a13e5-71ca-483e-baa2-982dd2e40cfa,2025-09-22,1,349,349,349
1e9a13e5-71ca-483e-baa2-982dd2e40cfa,2025-09-29,1,300,300,300
1e9a13e5-71ca-483e-baa2-982dd2e40cfa,2025-10-06,2,212.55,202.6,222.5
1e9a13e5-71ca-483e-baa2-982dd2e40cfa,2025-10-20,3,237.5,205.5,249.99
1e9a13e5-71ca-483e-baa2-982dd2e40cfa,2025-11-03,1,250,250,250
1e9a13e5-71ca-483e-baa2-982dd2e40cfa,2025-11-10,3,174.5,170.54,290
1e9a13e5-71ca-483e-baa2-982dd2e40cfa,2025-11-24,1,197.5,197.5,197.5
1e9a13e5-71ca-483e-baa2-982dd2e40cfa,2025-12-01,1,195.59,195.59,195.59
1e9a13e5-71ca-483e-baa2-982dd2e40cfa,2025-12-22,1,225,225,225
1e9a13e5-71ca-483e-baa2-982dd2e40cfa,2025-12-29,1,190.1,190.1,190.1
1e9a13e5-71ca-483e-baa2-982dd2e40cfa,2026-01-05,6,321,250,399.99
1e9a13e5-71ca-483e-baa2-982dd2e40cfa,2026-01-12,2,377.43,350,404.85
1e9a13e5-71ca-483e-baa2-982dd2e40cfa,2026-01-19,1,319.99,319.99,319.99
1e9a13e5-71ca-483e-baa2-982dd2e40cfa,2026-01-26,3,330,255,340
1e9a13e5-71ca-483e-baa2-982dd2e40cfa,2026-02-02,4,351.17,288.07,390
1e9a13e5-71ca-483e-baa2-982dd2e40cfa,2026-02-09,5,325,305,575.95
1e9a13e5-71ca-483e-baa2-982dd2e40cfa,2026-02-16,5,334,298,335
1e9a13e5-71ca-483e-baa2-982dd2e40cfa,2026-02-23,4,365,349.99,400
1e9a13e5-71ca-483e-baa2-982dd2e40cfa,2026-03-02,1,165.38,165.38,165.38
1e9a13e5-71ca-483e-baa2-982dd2e40cfa,2026-03-09,2,320,270,370
1e9a13e5-71ca-483e-baa2-982dd2e40cfa,2026-03-16,1,360,360,360
1e9a13e5-71ca-483e-baa2-982dd2e40cfa,2026-03-23,3,379.9,350,574.7
1e9a13e5-71ca-483e-baa2-982dd2e40cfa,2026-03-30,3,450,430,500.27
1e9a13e5-71ca-483e-baa2-982dd2e40cfa,2026-04-06,5,550,509.95,599
1e9a13e5-71ca-483e-baa2-982dd2e40cfa,2026-04-13,4,645,626,726
1e9a13e5-71ca-483e-baa2-982dd2e40cfa,2026-04-20,4,595,510,620
1e9a13e5-71ca-483e-baa2-982dd2e40cfa,2026-04-27,4,567.77,535,733
1e9a13e5-71ca-483e-baa2-982dd2e40cfa,2026-05-04,5,600,551,625
1e9a13e5-71ca-483e-baa2-982dd2e40cfa,2026-05-11,2,566.76,562.5,571.02
1e9a13e5-71ca-483e-baa2-982dd2e40cfa,2026-05-18,4,567.94,555.01,610
1e9a13e5-71ca-483e-baa2-982dd2e40cfa,2026-05-25,4,597.5,510,610
1e9a13e5-71ca-483e-baa2-982dd2e40cfa,2026-06-01,4,602.5,598.88,700
1e9a13e5-71ca-483e-baa2-982dd2e40cfa,2026-06-15,1,460,460,460
1e9a13e5-71ca-483e-baa2-982dd2e40cfa,2026-06-22,3,510,501.06,520
1e9a13e5-71ca-483e-baa2-982dd2e40cfa,2026-06-29,3,438.44,350.89,481.64
1e9a13e5-71ca-483e-baa2-982dd2e40cfa,2026-07-06,3,405,361,450
1e9a13e5-71ca-483e-baa2-982dd2e40cfa,2026-07-13,2,463.13,423.88,502.38
1e9a13e5-71ca-483e-baa2-982dd2e40cfa,2026-07-20,2,440,425,455
1e9a13e5-71ca-483e-baa2-982dd2e40cfa,2026-07-27,3,436,374.99,492.32
1e9a13e5-71ca-483e-baa2-982dd2e40cfa,2026-08-03,2,522.77,445.55,599.99
1e9a13e5-71ca-483e-baa2-982dd2e40cfa,2026-08-10,2,384,346.99,421
1e9a13e5-71ca-483e-baa2-982dd2e40cfa,2026-08-17,1,395,395,395
1e9a13e5-71ca-483e-baa2-982dd2e40cfa,2026-08-24,1,348.71,348.71,348.71
1e9a13e5-71ca-483e-baa2-982dd2e40cfa,2026-08-31,4,287.94,236.25,383.46
1e9a13e5-71ca-483e-baa2-982dd2e40cfa,2026-09-07,2,267,264,270.01
1e9aae3a-2dde-4b03-8e17-fdbca606b1ed,2026-01-26,1,140,140,140
1e9aae3a-2dde-4b03-8e17-fdbca606b1ed,2026-09-07,1,400,400,400
1e9b760b-eeb4-47f8-9055-87e02e1fbf56,2021-08-02,1,1750,1750,1750
1e9b760b-eeb4-47f8-9055-87e02e1fbf56,2024-02-05,1,2085.85,2085.85,2085.85
1e9b760b-eeb4-47f8-9055-87e02e1fbf56,2025-10-06,1,3840,3840,3840
1e9b760b-eeb4-47f8-9055-87e02e1fbf56,2025-11-17,1,3105,3105,3105
1e9cb035-9a3a-4479-b741-d1bb0ce65396,2026-02-02,1,30,30,30
1e9cb035-9a3a-4479-b741-d1bb0ce65396,2026-07-06,1,37.59,37.59,37.59
1e9cb055-d556-4332-85d8-00a04d399be5,2023-12-04,2,12.1,12,12.2
1e9cb055-d556-4332-85d8-00a04d399be5,2024-01-08,1,7.5,7.5,7.5
1e9cb055-d556-4332-85d8-00a04d399be5,2024-01-15,1,24.4,24.4,24.4
1e9cb055-d556-4332-85d8-00a04d399be5,2024-06-17,1,15.5,15.5,15.5
1e9cb055-d556-4332-85d8-00a04d399be5,2024-09-09,1,30,30,30
1e9cb055-d556-4332-85d8-00a04d399be5,2024-10-21,1,20,20,20
1e9cb055-d556-4332-85d8-00a04d399be5,2025-02-24,1,24.99,24.99,24.99
1e9cb055-d556-4332-85d8-00a04d399be5,2025-04-14,1,21.6,21.6,21.6
1e9cb055-d556-4332-85d8-00a04d399be5,2025-07-07,1,34,34,34
1e9e1456-bd78-4acd-9384-754093270ddc,2023-06-12,1,15.5,15.5,15.5
1e9e1456-bd78-4acd-9384-754093270ddc,2023-06-19,4,16.4,15,20
1e9e1456-bd78-4acd-9384-754093270ddc,2023-06-26,4,27.88,24,33.05
1e9e1456-bd78-4acd-9384-754093270ddc,2023-07-10,4,27.95,20,31
1e9e1456-bd78-4acd-9384-754093270ddc,2023-07-17,3,25.18,20,31.99
1e9e1456-bd78-4acd-9384-754093270ddc,2023-08-07,1,30,30,30
1e9e1456-bd78-4acd-9384-754093270ddc,2023-08-21,1,31.99,31.99,31.99
1e9e1456-bd78-4acd-9384-754093270ddc,2023-08-28,1,29.99,29.99,29.99
1e9e1456-bd78-4acd-9384-754093270ddc,2023-09-11,1,20.4,20.4,20.4
1e9e1456-bd78-4acd-9384-754093270ddc,2023-09-18,3,20,16,23.49
1e9e1456-bd78-4acd-9384-754093270ddc,2023-09-25,3,16.5,14.5,20.01
1e9e1456-bd78-4acd-9384-754093270ddc,2023-10-02,1,11.19,11.19,11.19
1e9e1456-bd78-4acd-9384-754093270ddc,2023-10-09,2,11.55,11.5,11.61
1e9e1456-bd78-4acd-9384-754093270ddc,2023-10-16,2,16,10.5,21.5
1e9e1456-bd78-4acd-9384-754093270ddc,2023-10-23,1,28.04,28.04,28.04
1e9e1456-bd78-4acd-9384-754093270ddc,2023-10-30,4,17.99,15,30.43
1e9e1456-bd78-4acd-9384-754093270ddc,2023-11-06,1,15.5,15.5,15.5
1e9e1456-bd78-4acd-9384-754093270ddc,2023-11-13,1,16.7,16.7,16.7
1e9e1456-bd78-4acd-9384-754093270ddc,2023-11-20,1,27.54,27.54,27.54
1e9e1456-bd78-4acd-9384-754093270ddc,2023-11-27,2,24.33,17.5,31.16
1e9e1456-bd78-4acd-9384-754093270ddc,2023-12-04,1,30,30,30
1e9e1456-bd78-4acd-9384-754093270ddc,2023-12-11,1,15,15,15
1e9e1456-bd78-4acd-9384-754093270ddc,2023-12-18,1,16.5,16.5,16.5
1e9e1456-bd78-4acd-9384-754093270ddc,2023-12-25,1,29.99,29.99,29.99
1e9e1456-bd78-4acd-9384-754093270ddc,2024-01-01,1,15,15,15
1e9e1456-bd78-4acd-9384-754093270ddc,2024-01-08,1,15.5,15.5,15.5
1e9e1456-bd78-4acd-9384-754093270ddc,2024-01-15,1,27,27,27
1e9e1456-bd78-4acd-9384-754093270ddc,2024-01-22,2,15.09,15,15.19
1e9e1456-bd78-4acd-9384-754093270ddc,2024-02-12,1,30.7,30.7,30.7
1e9e1456-bd78-4acd-9384-754093270ddc,2024-02-19,1,13.99,13.99,13.99
1e9e1456-bd78-4acd-9384-754093270ddc,2024-02-26,1,19.2,19.2,19.2
1e9e1456-bd78-4acd-9384-754093270ddc,2024-03-04,1,15.5,15.5,15.5
1e9e1456-bd78-4acd-9384-754093270ddc,2024-03-18,2,15.5,13,18
1e9e1456-bd78-4acd-9384-754093270ddc,2024-03-25,1,14.5,14.5,14.5
1e9e1456-bd78-4acd-9384-754093270ddc,2024-04-15,1,31.99,31.99,31.99
1e9e1456-bd78-4acd-9384-754093270ddc,2024-05-13,1,24.79,24.79,24.79
1e9e1456-bd78-4acd-9384-754093270ddc,2024-06-03,1,24.95,24.95,24.95
1e9e1456-bd78-4acd-9384-754093270ddc,2024-06-10,2,17,15.5,18.5
1e9e1456-bd78-4acd-9384-754093270ddc,2024-06-24,2,21.74,14.5,28.99
1e9e1456-bd78-4acd-9384-754093270ddc,2024-07-08,3,24.79,12.5,29.99
1e9e1456-bd78-4acd-9384-754093270ddc,2024-07-15,1,26.01,26.01,26.01
1e9e1456-bd78-4acd-9384-754093270ddc,2024-07-22,1,23,23,23
1e9e1456-bd78-4acd-9384-754093270ddc,2024-08-05,1,20,20,20
1e9e1456-bd78-4acd-9384-754093270ddc,2024-08-12,2,26.49,23,29.99
1e9e1456-bd78-4acd-9384-754093270ddc,2024-08-19,1,29.99,29.99,29.99
1e9e1456-bd78-4acd-9384-754093270ddc,2024-08-26,1,29.99,29.99,29.99
1e9e1456-bd78-4acd-9384-754093270ddc,2024-09-02,1,24,24,24
1e9e1456-bd78-4acd-9384-754093270ddc,2024-09-09,1,20,20,20
1e9e1456-bd78-4acd-9384-754093270ddc,2024-09-23,1,15,15,15
1e9e1456-bd78-4acd-9384-754093270ddc,2024-11-11,5,24.5,14.95,32.4
1e9e1456-bd78-4acd-9384-754093270ddc,2024-11-18,1,21.5,21.5,21.5
1e9e1456-bd78-4acd-9384-754093270ddc,2024-11-25,2,19.5,15,24
1e9e1456-bd78-4acd-9384-754093270ddc,2024-12-02,1,29.99,29.99,29.99
1e9e1456-bd78-4acd-9384-754093270ddc,2024-12-09,3,25,24.32,29.89
1e9e1456-bd78-4acd-9384-754093270ddc,2024-12-16,2,26.49,26,26.99
1e9e1456-bd78-4acd-9384-754093270ddc,2024-12-30,1,18.5,18.5,18.5
1e9e1456-bd78-4acd-9384-754093270ddc,2025-01-13,2,26.78,18.61,34.95
1e9e1456-bd78-4acd-9384-754093270ddc,2025-02-03,1,34.95,34.95,34.95
1e9e1456-bd78-4acd-9384-754093270ddc,2025-02-10,2,19,17.5,20.5
1e9e1456-bd78-4acd-9384-754093270ddc,2025-02-24,2,29.99,29.99,29.99
1e9e1456-bd78-4acd-9384-754093270ddc,2025-03-03,5,25,25,25
1e9e1456-bd78-4acd-9384-754093270ddc,2025-03-24,1,17.5,17.5,17.5
1e9e1456-bd78-4acd-9384-754093270ddc,2025-04-14,3,25.2,17.5,34.85
1e9e1456-bd78-4acd-9384-754093270ddc,2025-04-21,1,26,26,26
1e9e1456-bd78-4acd-9384-754093270ddc,2025-04-28,2,31.8,30,33.6
1e9e1456-bd78-4acd-9384-754093270ddc,2025-05-05,1,29.95,29.95,29.95
1e9e1456-bd78-4acd-9384-754093270ddc,2025-05-12,1,22.5,22.5,22.5
1e9e1456-bd78-4acd-9384-754093270ddc,2025-05-26,1,40.8,40.8,40.8
1e9e1456-bd78-4acd-9384-754093270ddc,2025-06-02,1,16.8,16.8,16.8
1e9e1456-bd78-4acd-9384-754093270ddc,2025-06-23,2,41.52,30,53.03
1e9e1456-bd78-4acd-9384-754093270ddc,2025-07-07,3,31.99,30,35
1e9e1456-bd78-4acd-9384-754093270ddc,2025-07-14,2,33.2,24.41,42
1e9e1456-bd78-4acd-9384-754093270ddc,2025-07-21,1,36,36,36
1e9e1456-bd78-4acd-9384-754093270ddc,2025-07-28,1,29.99,29.99,29.99
1e9e1456-bd78-4acd-9384-754093270ddc,2025-08-04,1,22.72,22.72,22.72
1e9e1456-bd78-4acd-9384-754093270ddc,2025-08-11,2,34.92,34.85,34.99
1e9e1456-bd78-4acd-9384-754093270ddc,2025-08-18,1,34.95,34.95,34.95
1e9e1456-bd78-4acd-9384-754093270ddc,2025-09-01,2,34.67,31.34,38
1e9e1456-bd78-4acd-9384-754093270ddc,2025-09-08,2,29.16,25,33.32
1e9e1456-bd78-4acd-9384-754093270ddc,2025-09-29,3,33.46,27,50
1e9e1456-bd78-4acd-9384-754093270ddc,2025-10-06,1,75,75,75
1e9e1456-bd78-4acd-9384-754093270ddc,2025-10-13,4,38.5,30,41
1e9e1456-bd78-4acd-9384-754093270ddc,2025-10-27,5,39.95,35,41
1e9e1456-bd78-4acd-9384-754093270ddc,2025-11-03,1,26,26,26
1e9e1456-bd78-4acd-9384-754093270ddc,2025-11-10,1,33.5,33.5,33.5
1e9e1456-bd78-4acd-9384-754093270ddc,2025-11-24,3,49.5,39.99,57.9
1e9e1456-bd78-4acd-9384-754093270ddc,2026-01-19,3,36,32,36
1e9e1456-bd78-4acd-9384-754093270ddc,2026-02-09,1,40,40,40
1e9e1456-bd78-4acd-9384-754093270ddc,2026-02-16,1,31,31,31
1e9e1456-bd78-4acd-9384-754093270ddc,2026-02-23,1,39.99,39.99,39.99
1e9e1456-bd78-4acd-9384-754093270ddc,2026-03-09,3,35,30,54.99
1e9e1456-bd78-4acd-9384-754093270ddc,2026-03-23,1,30,30,30
1e9e1456-bd78-4acd-9384-754093270ddc,2026-03-30,3,36.73,30,56
1e9e1456-bd78-4acd-9384-754093270ddc,2026-04-06,6,44,37,124.99
1e9e1456-bd78-4acd-9384-754093270ddc,2026-04-13,1,45,45,45
1e9e1456-bd78-4acd-9384-754093270ddc,2026-04-20,1,50,50,50
1e9e1456-bd78-4acd-9384-754093270ddc,2026-04-27,2,39.05,38,40.1
1e9e1456-bd78-4acd-9384-754093270ddc,2026-05-04,1,60,60,60
1e9e1456-bd78-4acd-9384-754093270ddc,2026-06-01,2,47.5,44.99,50
1e9e1456-bd78-4acd-9384-754093270ddc,2026-06-29,1,45,45,45
1e9e1456-bd78-4acd-9384-754093270ddc,2026-07-06,4,49.5,23.5,65.59
1e9e1456-bd78-4acd-9384-754093270ddc,2026-07-27,2,52.05,44.99,59.1
1e9e1456-bd78-4acd-9384-754093270ddc,2026-08-03,2,51.5,48,55
1e9e1456-bd78-4acd-9384-754093270ddc,2026-08-10,2,61.45,59,63.9
1e9e1456-bd78-4acd-9384-754093270ddc,2026-08-31,1,30,30,30
1e9ea89c-c9ce-4ded-902f-bcff8bd9111b,2024-04-15,1,33.6,33.6,33.6
1e9ea89c-c9ce-4ded-902f-bcff8bd9111b,2025-01-20,1,51,51,51
1e9fcf57-ff5d-4a13-ad1c-d2b0c3647b44,2021-06-14,1,103.5,103.5,103.5
1e9fcf57-ff5d-4a13-ad1c-d2b0c3647b44,2021-11-01,1,52.62,52.62,52.62
1e9fcf57-ff5d-4a13-ad1c-d2b0c3647b44,2022-04-11,1,62,62,62
1e9fcf57-ff5d-4a13-ad1c-d2b0c3647b44,2022-05-02,1,61,61,61
1e9fcf57-ff5d-4a13-ad1c-d2b0c3647b44,2022-06-06,1,149.95,149.95,149.95
1e9fcf57-ff5d-4a13-ad1c-d2b0c3647b44,2022-06-13,1,90,90,90
1e9fcf57-ff5d-4a13-ad1c-d2b0c3647b44,2022-08-08,1,77,77,77
1e9fcf57-ff5d-4a13-ad1c-d2b0c3647b44,2022-09-12,1,105,105,105
1e9fcf57-ff5d-4a13-ad1c-d2b0c3647b44,2023-01-09,1,75,75,75
1e9fcf57-ff5d-4a13-ad1c-d2b0c3647b44,2023-06-26,1,64.8,64.8,64.8
1e9fcf57-ff5d-4a13-ad1c-d2b0c3647b44,2023-07-24,1,95,95,95
1e9fcf57-ff5d-4a13-ad1c-d2b0c3647b44,2023-10-16,1,110,110,110
1e9fcf57-ff5d-4a13-ad1c-d2b0c3647b44,2023-12-11,1,112.46,112.46,112.46
1e9fcf57-ff5d-4a13-ad1c-d2b0c3647b44,2023-12-18,1,127.15,127.15,127.15
1e9fcf57-ff5d-4a13-ad1c-d2b0c3647b44,2024-03-11,1,62.4,62.4,62.4
1e9fcf57-ff5d-4a13-ad1c-d2b0c3647b44,2024-04-29,1,56,56,56
1e9fcf57-ff5d-4a13-ad1c-d2b0c3647b44,2024-06-10,1,65,65,65
1e9fcf57-ff5d-4a13-ad1c-d2b0c3647b44,2024-09-02,1,41,41,41
1e9fcf57-ff5d-4a13-ad1c-d2b0c3647b44,2025-01-06,1,49.99,49.99,49.99
1e9fcf57-ff5d-4a13-ad1c-d2b0c3647b44,2025-01-13,1,50,50,50
1e9fcf57-ff5d-4a13-ad1c-d2b0c3647b44,2025-01-27,1,69.99,69.99,69.99
1e9fcf57-ff5d-4a13-ad1c-d2b0c3647b44,2025-02-10,2,62.49,55,69.99
1e9fcf57-ff5d-4a13-ad1c-d2b0c3647b44,2025-02-17,1,59.99,59.99,59.99
1e9fcf57-ff5d-4a13-ad1c-d2b0c3647b44,2025-02-24,1,69,69,69
1e9fcf57-ff5d-4a13-ad1c-d2b0c3647b44,2025-03-17,1,126.63,126.63,126.63
1e9fcf57-ff5d-4a13-ad1c-d2b0c3647b44,2025-05-26,1,375,375,375
1e9fcf57-ff5d-4a13-ad1c-d2b0c3647b44,2025-06-30,1,350,350,350
1e9fcf57-ff5d-4a13-ad1c-d2b0c3647b44,2025-08-04,1,350,350,350
1e9fcf57-ff5d-4a13-ad1c-d2b0c3647b44,2025-09-29,1,485,485,485
1e9fcf57-ff5d-4a13-ad1c-d2b0c3647b44,2025-12-29,1,290,290,290
1e9fcf57-ff5d-4a13-ad1c-d2b0c3647b44,2026-01-05,1,449.98,449.98,449.98
1e9fcf57-ff5d-4a13-ad1c-d2b0c3647b44,2026-01-26,1,439.99,439.99,439.99
1e9fcf57-ff5d-4a13-ad1c-d2b0c3647b44,2026-03-02,1,450,450,450
1e9fcf57-ff5d-4a13-ad1c-d2b0c3647b44,2026-03-09,1,450,450,450
1e9fcf57-ff5d-4a13-ad1c-d2b0c3647b44,2026-06-01,1,475,475,475
1e9fcf57-ff5d-4a13-ad1c-d2b0c3647b44,2026-06-08,1,1000,1000,1000
1e9fcf57-ff5d-4a13-ad1c-d2b0c3647b44,2026-06-29,1,999.95,999.95,999.95
1e9fcf57-ff5d-4a13-ad1c-d2b0c3647b44,2026-07-06,1,632.81,632.81,632.81
1e9fcf57-ff5d-4a13-ad1c-d2b0c3647b44,2026-07-20,1,750,750,750
1e9fcf57-ff5d-4a13-ad1c-d2b0c3647b44,2026-08-17,1,650,650,650
1ea168a1-bc70-4562-8f60-88dd723010f7,2021-04-26,1,165,165,165
1ea168a1-bc70-4562-8f60-88dd723010f7,2022-03-07,1,77,77,77
1ea168a1-bc70-4562-8f60-88dd723010f7,2022-03-28,1,75,75,75
1ea168a1-bc70-4562-8f60-88dd723010f7,2022-07-11,1,71,71,71
1ea168a1-bc70-4562-8f60-88dd723010f7,2022-12-12,1,49,49,49
1ea168a1-bc70-4562-8f60-88dd723010f7,2023-01-16,1,43.29,43.29,43.29
1ea168a1-bc70-4562-8f60-88dd723010f7,2023-01-23,2,58.5,53,63.99
1ea168a1-bc70-4562-8f60-88dd723010f7,2023-06-05,1,36.02,36.02,36.02
1ea168a1-bc70-4562-8f60-88dd723010f7,2023-06-19,2,56,45,67
1ea168a1-bc70-4562-8f60-88dd723010f7,2023-06-26,1,54,54,54
1ea168a1-bc70-4562-8f60-88dd723010f7,2023-07-10,1,36.42,36.42,36.42
1ea168a1-bc70-4562-8f60-88dd723010f7,2023-07-17,2,50.51,31.02,70
1ea168a1-bc70-4562-8f60-88dd723010f7,2023-08-07,1,55,55,55
1ea168a1-bc70-4562-8f60-88dd723010f7,2023-08-28,1,60,60,60
1ea168a1-bc70-4562-8f60-88dd723010f7,2023-09-04,1,41,41,41
1ea168a1-bc70-4562-8f60-88dd723010f7,2023-09-11,1,23.5,23.5,23.5
1ea168a1-bc70-4562-8f60-88dd723010f7,2023-09-25,2,26.33,16.64,36.02
1ea168a1-bc70-4562-8f60-88dd723010f7,2023-12-04,1,31.02,31.02,31.02
1ea168a1-bc70-4562-8f60-88dd723010f7,2023-12-25,1,18.5,18.5,18.5
1ea168a1-bc70-4562-8f60-88dd723010f7,2024-01-08,1,41,41,41
1ea168a1-bc70-4562-8f60-88dd723010f7,2024-01-29,1,34,34,34
1ea168a1-bc70-4562-8f60-88dd723010f7,2024-02-05,1,41,41,41
1ea168a1-bc70-4562-8f60-88dd723010f7,2024-03-25,1,20.4,20.4,20.4
1ea168a1-bc70-4562-8f60-88dd723010f7,2024-04-15,1,32.33,32.33,32.33
1ea168a1-bc70-4562-8f60-88dd723010f7,2024-07-01,1,35,35,35
1ea168a1-bc70-4562-8f60-88dd723010f7,2024-07-15,1,23.5,23.5,23.5
1ea168a1-bc70-4562-8f60-88dd723010f7,2024-09-02,1,38,38,38
1ea168a1-bc70-4562-8f60-88dd723010f7,2024-09-30,1,69.99,69.99,69.99
1ea168a1-bc70-4562-8f60-88dd723010f7,2024-12-09,1,27.5,27.5,27.5
1ea168a1-bc70-4562-8f60-88dd723010f7,2025-01-06,1,31,31,31
1ea168a1-bc70-4562-8f60-88dd723010f7,2025-01-20,1,45.12,45.12,45.12
1ea168a1-bc70-4562-8f60-88dd723010f7,2025-01-27,1,22.5,22.5,22.5
1ea168a1-bc70-4562-8f60-88dd723010f7,2025-02-03,1,38.76,38.76,38.76
1ea168a1-bc70-4562-8f60-88dd723010f7,2025-07-28,1,29.38,29.38,29.38
1ea168a1-bc70-4562-8f60-88dd723010f7,2025-08-18,1,45.4,45.4,45.4
1ea168a1-bc70-4562-8f60-88dd723010f7,2025-10-06,1,57.99,57.99,57.99
1ea168a1-bc70-4562-8f60-88dd723010f7,2025-10-13,1,41,41,41
1ea168a1-bc70-4562-8f60-88dd723010f7,2025-11-10,1,46,46,46
1ea168a1-bc70-4562-8f60-88dd723010f7,2025-12-22,1,57.99,57.99,57.99
1ea168a1-bc70-4562-8f60-88dd723010f7,2026-02-23,1,82.52,82.52,82.52
1ea168a1-bc70-4562-8f60-88dd723010f7,2026-03-30,1,100,100,100
1ea168a1-bc70-4562-8f60-88dd723010f7,2026-04-06,1,80,80,80
1ea168a1-bc70-4562-8f60-88dd723010f7,2026-05-11,1,175,175,175
1ea168a1-bc70-4562-8f60-88dd723010f7,2026-06-08,1,126.5,126.5,126.5
1ea18fe9-2164-47d6-b608-0ae2858f0124,2022-05-30,1,40,40,40
1ea18fe9-2164-47d6-b608-0ae2858f0124,2022-07-18,1,74.99,74.99,74.99
1ea18fe9-2164-47d6-b608-0ae2858f0124,2023-05-22,1,64.95,64.95,64.95
1ea18fe9-2164-47d6-b608-0ae2858f0124,2023-06-12,1,50,50,50
1ea18fe9-2164-47d6-b608-0ae2858f0124,2023-07-17,1,55,55,55
1ea18fe9-2164-47d6-b608-0ae2858f0124,2023-10-30,1,59.99,59.99,59.99
1ea18fe9-2164-47d6-b608-0ae2858f0124,2024-03-25,1,30,30,30
1ea18fe9-2164-47d6-b608-0ae2858f0124,2024-05-27,1,22.5,22.5,22.5
1ea18fe9-2164-47d6-b608-0ae2858f0124,2024-06-24,1,46.01,46.01,46.01
1ea18fe9-2164-47d6-b608-0ae2858f0124,2024-11-25,1,45,45,45
1ea18fe9-2164-47d6-b608-0ae2858f0124,2024-12-02,1,22.8,22.8,22.8
1ea18fe9-2164-47d6-b608-0ae2858f0124,2025-05-19,1,44.99,44.99,44.99
1ea18fe9-2164-47d6-b608-0ae2858f0124,2025-10-13,1,89.99,89.99,89.99
1ea18fe9-2164-47d6-b608-0ae2858f0124,2026-03-30,3,152.5,123.49,172.19
1ea18fe9-2164-47d6-b608-0ae2858f0124,2026-06-08,1,205,205,205
1ea18fe9-2164-47d6-b608-0ae2858f0124,2026-07-06,1,160.5,160.5,160.5
1ea18fe9-2164-47d6-b608-0ae2858f0124,2026-07-20,2,135.5,133.5,137.5
1ea18fe9-2164-47d6-b608-0ae2858f0124,2026-08-03,1,135.5,135.5,135.5
1ea18fe9-2164-47d6-b608-0ae2858f0124,2026-08-17,1,112,112,112
1ea18fe9-2164-47d6-b608-0ae2858f0124,2026-08-31,1,134.5,134.5,134.5
1ea38544-4bf7-4bd7-8660-a19558cb20b2,2026-06-15,1,170,170,170
1ea38544-4bf7-4bd7-8660-a19558cb20b2,2026-06-29,1,198.5,198.5,198.5
1ea78c41-2e74-44c5-a10f-bcffa26cb888,2021-04-26,1,107.5,107.5,107.5
1ea7e37d-9d32-4eae-b59a-bf7953933fb1,2022-10-10,1,30,30,30
1ea7e37d-9d32-4eae-b59a-bf7953933fb1,2022-11-14,1,46,46,46
1ea7e37d-9d32-4eae-b59a-bf7953933fb1,2022-12-05,1,40,40,40
1ea7e37d-9d32-4eae-b59a-bf7953933fb1,2022-12-12,1,49.99,49.99,49.99
1ea7e37d-9d32-4eae-b59a-bf7953933fb1,2023-01-09,1,54.99,54.99,54.99
1ea7e37d-9d32-4eae-b59a-bf7953933fb1,2023-01-16,1,30,30,30
1ea7e37d-9d32-4eae-b59a-bf7953933fb1,2023-01-30,1,27,27,27
1ea7e37d-9d32-4eae-b59a-bf7953933fb1,2023-02-13,1,22.5,22.5,22.5
1ea7e37d-9d32-4eae-b59a-bf7953933fb1,2023-03-27,1,30,30,30
1ea7e37d-9d32-4eae-b59a-bf7953933fb1,2023-05-08,1,37,37,37
1ea7e37d-9d32-4eae-b59a-bf7953933fb1,2023-05-22,1,30,30,30
1ea7e37d-9d32-4eae-b59a-bf7953933fb1,2023-06-12,1,20.5,20.5,20.5
1ea7e37d-9d32-4eae-b59a-bf7953933fb1,2023-09-04,1,22.5,22.5,22.5
1ea7e37d-9d32-4eae-b59a-bf7953933fb1,2023-09-18,1,20.51,20.51,20.51
1ea7e37d-9d32-4eae-b59a-bf7953933fb1,2023-11-06,1,15.83,15.83,15.83
1ea7e37d-9d32-4eae-b59a-bf7953933fb1,2023-11-27,1,29,29,29
1ea7e37d-9d32-4eae-b59a-bf7953933fb1,2024-01-22,1,20,20,20
1ea7e37d-9d32-4eae-b59a-bf7953933fb1,2024-02-05,1,23,23,23
1ea7e37d-9d32-4eae-b59a-bf7953933fb1,2024-02-26,1,37.56,37.56,37.56
1ea7e37d-9d32-4eae-b59a-bf7953933fb1,2024-03-18,1,25,25,25
1ea7e37d-9d32-4eae-b59a-bf7953933fb1,2024-04-15,1,12,12,12
1ea7e37d-9d32-4eae-b59a-bf7953933fb1,2024-08-26,1,35.99,35.99,35.99
1ea7e37d-9d32-4eae-b59a-bf7953933fb1,2024-09-16,1,30,30,30
1ea7e37d-9d32-4eae-b59a-bf7953933fb1,2024-10-21,1,30,30,30
1ea7e37d-9d32-4eae-b59a-bf7953933fb1,2024-10-28,1,34,34,34
1ea7e37d-9d32-4eae-b59a-bf7953933fb1,2024-11-11,1,30,30,30
1ea7e37d-9d32-4eae-b59a-bf7953933fb1,2024-12-16,1,34,34,34
1ea7e37d-9d32-4eae-b59a-bf7953933fb1,2025-01-13,1,19.99,19.99,19.99
1ea7e37d-9d32-4eae-b59a-bf7953933fb1,2025-02-03,1,29,29,29
1ea7e37d-9d32-4eae-b59a-bf7953933fb1,2025-02-10,1,49.99,49.99,49.99
1ea7e37d-9d32-4eae-b59a-bf7953933fb1,2025-02-24,1,49.99,49.99,49.99
1ea7e37d-9d32-4eae-b59a-bf7953933fb1,2025-03-03,1,51.15,51.15,51.15
1ea7e37d-9d32-4eae-b59a-bf7953933fb1,2025-03-10,1,39.99,39.99,39.99
1ea7e37d-9d32-4eae-b59a-bf7953933fb1,2025-04-14,1,55,55,55
1ea7e37d-9d32-4eae-b59a-bf7953933fb1,2025-05-19,1,52,52,52
1ea7e37d-9d32-4eae-b59a-bf7953933fb1,2025-06-09,1,59.97,59.97,59.97
1ea7e37d-9d32-4eae-b59a-bf7953933fb1,2025-07-14,1,29.96,29.96,29.96
1ea7e37d-9d32-4eae-b59a-bf7953933fb1,2025-08-18,1,48,48,48
1ea7e37d-9d32-4eae-b59a-bf7953933fb1,2025-08-25,1,45.78,45.78,45.78
1ea7e37d-9d32-4eae-b59a-bf7953933fb1,2025-09-01,1,38.99,38.99,38.99
1ea7e37d-9d32-4eae-b59a-bf7953933fb1,2025-09-15,2,42.5,35,50
1ea7e37d-9d32-4eae-b59a-bf7953933fb1,2025-11-03,1,68.88,68.88,68.88
1ea7e37d-9d32-4eae-b59a-bf7953933fb1,2025-11-10,2,47.5,35,60
1ea7e37d-9d32-4eae-b59a-bf7953933fb1,2025-12-15,1,44.95,44.95,44.95
1ea7e37d-9d32-4eae-b59a-bf7953933fb1,2026-02-23,1,60,60,60
1ea7e37d-9d32-4eae-b59a-bf7953933fb1,2026-03-09,1,52,52,52
1ea7e37d-9d32-4eae-b59a-bf7953933fb1,2026-03-16,2,60.49,51,69.99
1ea7e37d-9d32-4eae-b59a-bf7953933fb1,2026-04-13,1,79.99,79.99,79.99
1ea7e37d-9d32-4eae-b59a-bf7953933fb1,2026-04-27,1,83.74,83.74,83.74
1ea7e37d-9d32-4eae-b59a-bf7953933fb1,2026-05-11,2,62.5,60,65
1ea7e37d-9d32-4eae-b59a-bf7953933fb1,2026-05-18,1,71,71,71
1ea7e37d-9d32-4eae-b59a-bf7953933fb1,2026-05-25,1,100,100,100
1ea7e37d-9d32-4eae-b59a-bf7953933fb1,2026-06-22,1,80,80,80
1ea7e37d-9d32-4eae-b59a-bf7953933fb1,2026-06-29,1,63,63,63
1ea7e37d-9d32-4eae-b59a-bf7953933fb1,2026-07-06,1,85,85,85
1ea7e37d-9d32-4eae-b59a-bf7953933fb1,2026-08-24,1,86,86,86
1ea7e37d-9d32-4eae-b59a-bf7953933fb1,2026-08-31,2,92.47,85,99.95
1ea81c9a-ff46-4d5e-90db-e239404422be,2023-06-05,1,74.4,74.4,74.4
1ea81c9a-ff46-4d5e-90db-e239404422be,2026-08-17,1,8100,8100,8100
1ea98830-ea14-4f81-b08b-6d9ee84f0e2f,2023-01-16,1,125,125,125
1eab6f63-7649-4dba-97ac-8dc26e6322b1,2023-04-24,1,21.5,21.5,21.5
1eab6f63-7649-4dba-97ac-8dc26e6322b1,2023-06-12,1,19.2,19.2,19.2
1eab6f63-7649-4dba-97ac-8dc26e6322b1,2023-06-19,2,19.2,19.2,19.2
1eab6f63-7649-4dba-97ac-8dc26e6322b1,2023-10-02,1,18,18,18
1eab6f63-7649-4dba-97ac-8dc26e6322b1,2023-10-09,1,21.6,21.6,21.6
1eab6f63-7649-4dba-97ac-8dc26e6322b1,2026-02-16,1,74.99,74.99,74.99
1eab6f63-7649-4dba-97ac-8dc26e6322b1,2026-03-16,1,74.99,74.99,74.99
1eab6f63-7649-4dba-97ac-8dc26e6322b1,2026-04-27,1,56.85,56.85,56.85
1eab6f63-7649-4dba-97ac-8dc26e6322b1,2026-07-20,1,67,67,67
1eab6f63-7649-4dba-97ac-8dc26e6322b1,2026-07-27,1,102,102,102
1eab6f63-7649-4dba-97ac-8dc26e6322b1,2026-08-03,1,79.2,79.2,79.2
1ead82d8-73ed-4ae0-81be-04ee4114b8ae,2021-06-21,1,78,78,78
1ead82d8-73ed-4ae0-81be-04ee4114b8ae,2021-11-22,1,129.99,129.99,129.99
1ead82d8-73ed-4ae0-81be-04ee4114b8ae,2022-02-07,1,110,110,110
1ead82d8-73ed-4ae0-81be-04ee4114b8ae,2022-05-09,1,43.99,43.99,43.99
1ead82d8-73ed-4ae0-81be-04ee4114b8ae,2022-06-06,1,76.52,76.52,76.52
1ead82d8-73ed-4ae0-81be-04ee4114b8ae,2022-06-27,1,80,80,80
1ead82d8-73ed-4ae0-81be-04ee4114b8ae,2022-07-25,1,50,50,50
1ead82d8-73ed-4ae0-81be-04ee4114b8ae,2022-10-10,1,55.24,55.24,55.24
1ead82d8-73ed-4ae0-81be-04ee4114b8ae,2022-11-21,1,32,32,32
1ead82d8-73ed-4ae0-81be-04ee4114b8ae,2023-03-20,1,80,80,80
1ead82d8-73ed-4ae0-81be-04ee4114b8ae,2023-05-08,1,89.99,89.99,89.99
1ead82d8-73ed-4ae0-81be-04ee4114b8ae,2023-07-17,1,34,34,34
1ead82d8-73ed-4ae0-81be-04ee4114b8ae,2023-11-06,1,60,60,60
1ead82d8-73ed-4ae0-81be-04ee4114b8ae,2023-11-13,1,39.52,39.52,39.52
1ead82d8-73ed-4ae0-81be-04ee4114b8ae,2023-12-11,1,26.84,26.84,26.84
1ead82d8-73ed-4ae0-81be-04ee4114b8ae,2024-02-12,1,50,50,50
1ead82d8-73ed-4ae0-81be-04ee4114b8ae,2024-06-24,1,51,51,51
1ead82d8-73ed-4ae0-81be-04ee4114b8ae,2024-08-12,1,79.99,79.99,79.99
1ead82d8-73ed-4ae0-81be-04ee4114b8ae,2024-10-07,1,30,30,30
1ead82d8-73ed-4ae0-81be-04ee4114b8ae,2024-10-28,1,50,50,50
1ead82d8-73ed-4ae0-81be-04ee4114b8ae,2025-01-27,1,53.43,53.43,53.43
1ead82d8-73ed-4ae0-81be-04ee4114b8ae,2025-03-24,1,53,53,53
1ead82d8-73ed-4ae0-81be-04ee4114b8ae,2025-04-07,1,55,55,55
1ead82d8-73ed-4ae0-81be-04ee4114b8ae,2025-10-13,1,62.99,62.99,62.99
1ead82d8-73ed-4ae0-81be-04ee4114b8ae,2025-12-22,1,122.5,122.5,122.5
1eafc680-3cdf-447e-a27e-17def29f6837,2021-03-15,1,242.11,242.11,242.11
1eafc680-3cdf-447e-a27e-17def29f6837,2021-03-29,1,225,225,225
1eafc680-3cdf-447e-a27e-17def29f6837,2021-05-10,1,229.46,229.46,229.46
1eafc680-3cdf-447e-a27e-17def29f6837,2021-07-26,1,180,180,180
1eafc680-3cdf-447e-a27e-17def29f6837,2021-09-13,2,189.75,170,209.5
1eafc680-3cdf-447e-a27e-17def29f6837,2021-09-27,1,189.99,189.99,189.99
1eafc680-3cdf-447e-a27e-17def29f6837,2021-10-11,1,80,80,80
1eafc680-3cdf-447e-a27e-17def29f6837,2021-10-18,1,79,79,79
1eafc680-3cdf-447e-a27e-17def29f6837,2021-10-25,1,115,115,115
1eafc680-3cdf-447e-a27e-17def29f6837,2021-11-08,1,200,200,200
1eafc680-3cdf-447e-a27e-17def29f6837,2021-12-13,1,147.5,147.5,147.5
1eafc680-3cdf-447e-a27e-17def29f6837,2022-01-03,1,118.34,118.34,118.34
1eafc680-3cdf-447e-a27e-17def29f6837,2022-01-24,2,114.5,84,145
1eafc680-3cdf-447e-a27e-17def29f6837,2022-01-31,1,105.5,105.5,105.5
1eafc680-3cdf-447e-a27e-17def29f6837,2022-02-07,4,78.5,72,85
1eafc680-3cdf-447e-a27e-17def29f6837,2022-02-21,1,100,100,100
1eafc680-3cdf-447e-a27e-17def29f6837,2022-02-28,1,90,90,90
1eafc680-3cdf-447e-a27e-17def29f6837,2022-03-07,3,77,77,95
1eafc680-3cdf-447e-a27e-17def29f6837,2022-03-14,1,59.36,59.36,59.36
1eafc680-3cdf-447e-a27e-17def29f6837,2022-03-21,2,92.5,74.99,110
1eafc680-3cdf-447e-a27e-17def29f6837,2022-04-18,2,96.07,73.14,119
1eafc680-3cdf-447e-a27e-17def29f6837,2022-05-16,1,125,125,125
1eafc680-3cdf-447e-a27e-17def29f6837,2022-06-20,3,104.99,93.08,108.99
1eafc680-3cdf-447e-a27e-17def29f6837,2022-07-04,1,108.99,108.99,108.99
1eafc680-3cdf-447e-a27e-17def29f6837,2022-07-18,1,71,71,71
1eafc680-3cdf-447e-a27e-17def29f6837,2022-07-25,2,56.5,52,61
1eafc680-3cdf-447e-a27e-17def29f6837,2022-08-22,1,69,69,69
1eafc680-3cdf-447e-a27e-17def29f6837,2022-08-29,3,89.99,76,93.08
1eafc680-3cdf-447e-a27e-17def29f6837,2022-09-05,1,105,105,105
1eafc680-3cdf-447e-a27e-17def29f6837,2022-09-26,3,60,60,75
1eafc680-3cdf-447e-a27e-17def29f6837,2022-10-17,1,79,79,79
1eafc680-3cdf-447e-a27e-17def29f6837,2022-10-24,1,43.5,43.5,43.5
1eafc680-3cdf-447e-a27e-17def29f6837,2022-10-31,3,69,66,74.99
1eafc680-3cdf-447e-a27e-17def29f6837,2022-11-14,3,70,55,75
1eafc680-3cdf-447e-a27e-17def29f6837,2022-11-28,2,127.5,75,180
1eafc680-3cdf-447e-a27e-17def29f6837,2022-12-05,2,56.72,46.94,66.5
1eafc680-3cdf-447e-a27e-17def29f6837,2022-12-12,2,58,41,75
1eafc680-3cdf-447e-a27e-17def29f6837,2022-12-19,1,59,59,59
1eafc680-3cdf-447e-a27e-17def29f6837,2022-12-26,2,74.5,69,80
1eafc680-3cdf-447e-a27e-17def29f6837,2023-02-13,1,125,125,125
1eafc680-3cdf-447e-a27e-17def29f6837,2023-02-20,1,62.1,62.1,62.1
1eafc680-3cdf-447e-a27e-17def29f6837,2023-04-03,2,73,70,76
1eafc680-3cdf-447e-a27e-17def29f6837,2023-04-10,1,85,85,85
1eafc680-3cdf-447e-a27e-17def29f6837,2023-04-24,2,101.25,100,102.5
1eafc680-3cdf-447e-a27e-17def29f6837,2023-05-01,1,97,97,97
1eafc680-3cdf-447e-a27e-17def29f6837,2023-05-08,2,57.7,50,65.4
1eafc680-3cdf-447e-a27e-17def29f6837,2023-05-15,2,65.88,65.75,66
1eafc680-3cdf-447e-a27e-17def29f6837,2023-05-29,1,86.75,86.75,86.75
1eafc680-3cdf-447e-a27e-17def29f6837,2023-06-19,1,46,46,46
1eafc680-3cdf-447e-a27e-17def29f6837,2023-07-03,2,69,59,79
1eafc680-3cdf-447e-a27e-17def29f6837,2023-07-24,1,63,63,63
1eafc680-3cdf-447e-a27e-17def29f6837,2023-07-31,2,94.5,89.99,99
1eafc680-3cdf-447e-a27e-17def29f6837,2023-08-28,2,75,75,75
1eafc680-3cdf-447e-a27e-17def29f6837,2023-11-06,2,69,54,84
1eafc680-3cdf-447e-a27e-17def29f6837,2023-11-13,1,103.89,103.89,103.89
1eafc680-3cdf-447e-a27e-17def29f6837,2023-12-04,1,89,89,89
1eafc680-3cdf-447e-a27e-17def29f6837,2023-12-18,1,70,70,70
1eafc680-3cdf-447e-a27e-17def29f6837,2023-12-25,1,80,80,80
1eafc680-3cdf-447e-a27e-17def29f6837,2024-01-15,1,97.89,97.89,97.89
1eafc680-3cdf-447e-a27e-17def29f6837,2024-02-12,3,89,81,92.89
1eafc680-3cdf-447e-a27e-17def29f6837,2024-02-26,2,74.5,60,89
1eafc680-3cdf-447e-a27e-17def29f6837,2024-03-04,1,90,90,90
1eafc680-3cdf-447e-a27e-17def29f6837,2024-03-11,3,99,93.08,119.99
1eafc680-3cdf-447e-a27e-17def29f6837,2024-03-25,2,89,79,99
1eafc680-3cdf-447e-a27e-17def29f6837,2024-04-08,1,150.23,150.23,150.23
1eafc680-3cdf-447e-a27e-17def29f6837,2024-04-15,1,76.64,76.64,76.64
1eafc680-3cdf-447e-a27e-17def29f6837,2024-04-29,1,99,99,99
1eafc680-3cdf-447e-a27e-17def29f6837,2024-05-20,1,99,99,99
1eafc680-3cdf-447e-a27e-17def29f6837,2024-05-27,3,99,98.97,146.4
1eafc680-3cdf-447e-a27e-17def29f6837,2024-06-10,1,99,99,99
1eafc680-3cdf-447e-a27e-17def29f6837,2024-06-17,1,134.5,134.5,134.5
1eafc680-3cdf-447e-a27e-17def29f6837,2024-06-24,1,92.17,92.17,92.17
1eafc680-3cdf-447e-a27e-17def29f6837,2024-07-08,1,120,120,120
1eafc680-3cdf-447e-a27e-17def29f6837,2024-08-19,1,190,190,190
1eafc680-3cdf-447e-a27e-17def29f6837,2024-08-26,1,200,200,200
1eafc680-3cdf-447e-a27e-17def29f6837,2024-10-21,1,157.5,157.5,157.5
1eafc680-3cdf-447e-a27e-17def29f6837,2024-11-04,1,170,170,170
1eafc680-3cdf-447e-a27e-17def29f6837,2024-11-18,1,165.5,165.5,165.5
1eafc680-3cdf-447e-a27e-17def29f6837,2024-11-25,1,168.77,168.77,168.77
1eafc680-3cdf-447e-a27e-17def29f6837,2024-12-02,2,155,150,160
1eafc680-3cdf-447e-a27e-17def29f6837,2024-12-16,1,127.5,127.5,127.5
1eafc680-3cdf-447e-a27e-17def29f6837,2024-12-23,1,145,145,145
1eafc680-3cdf-447e-a27e-17def29f6837,2024-12-30,1,158.05,158.05,158.05
1eafc680-3cdf-447e-a27e-17def29f6837,2025-01-20,1,139.99,139.99,139.99
1eafc680-3cdf-447e-a27e-17def29f6837,2025-02-17,1,150,150,150
1eafc680-3cdf-447e-a27e-17def29f6837,2025-02-24,3,139.99,134.99,149
1eafc680-3cdf-447e-a27e-17def29f6837,2025-03-10,1,149.99,149.99,149.99
1eafc680-3cdf-447e-a27e-17def29f6837,2025-03-17,1,144.99,144.99,144.99
1eafc680-3cdf-447e-a27e-17def29f6837,2025-03-24,1,149.99,149.99,149.99
1eafc680-3cdf-447e-a27e-17def29f6837,2025-04-07,1,147.99,147.99,147.99
1eafc680-3cdf-447e-a27e-17def29f6837,2025-04-14,1,179.99,179.99,179.99
1eafc680-3cdf-447e-a27e-17def29f6837,2025-04-21,1,143.5,143.5,143.5
1eafc680-3cdf-447e-a27e-17def29f6837,2025-04-28,1,179.99,179.99,179.99
1eafc680-3cdf-447e-a27e-17def29f6837,2025-05-05,1,169,169,169
1eafc680-3cdf-447e-a27e-17def29f6837,2025-05-19,1,179.99,179.99,179.99
1eafc680-3cdf-447e-a27e-17def29f6837,2025-07-07,1,195,195,195
1eafc680-3cdf-447e-a27e-17def29f6837,2025-08-11,1,200,200,200
1eafc680-3cdf-447e-a27e-17def29f6837,2025-08-18,1,240,240,240
1eafc680-3cdf-447e-a27e-17def29f6837,2025-09-01,1,255,255,255
1eafc680-3cdf-447e-a27e-17def29f6837,2025-09-22,1,300,300,300
1eafc680-3cdf-447e-a27e-17def29f6837,2025-10-13,1,270,270,270
1eafc680-3cdf-447e-a27e-17def29f6837,2025-10-20,1,185,185,185
1eafc680-3cdf-447e-a27e-17def29f6837,2025-11-03,1,250,250,250
1eafc680-3cdf-447e-a27e-17def29f6837,2025-11-10,1,300,300,300
1eafc680-3cdf-447e-a27e-17def29f6837,2025-11-24,1,330,330,330
1eafc680-3cdf-447e-a27e-17def29f6837,2025-12-29,2,364.5,329,400
1eafc680-3cdf-447e-a27e-17def29f6837,2026-01-05,1,325.2,325.2,325.2
1eafc680-3cdf-447e-a27e-17def29f6837,2026-01-26,1,400,400,400
1eafc680-3cdf-447e-a27e-17def29f6837,2026-02-02,1,350,350,350
1eafc680-3cdf-447e-a27e-17def29f6837,2026-02-16,1,390,390,390
1eafc680-3cdf-447e-a27e-17def29f6837,2026-02-23,1,400,400,400
1eafc680-3cdf-447e-a27e-17def29f6837,2026-03-02,1,470,470,470
1eafc680-3cdf-447e-a27e-17def29f6837,2026-03-23,1,640,640,640
1eafc680-3cdf-447e-a27e-17def29f6837,2026-03-30,1,690,690,690
1eafc680-3cdf-447e-a27e-17def29f6837,2026-04-06,1,710,710,710
1eafc680-3cdf-447e-a27e-17def29f6837,2026-04-20,1,620,620,620
1eafc680-3cdf-447e-a27e-17def29f6837,2026-05-04,1,620,620,620
1eafc680-3cdf-447e-a27e-17def29f6837,2026-05-11,2,583.13,581.25,585.02
1eafc680-3cdf-447e-a27e-17def29f6837,2026-05-18,1,625,625,625
1eafc680-3cdf-447e-a27e-17def29f6837,2026-05-25,1,676.21,676.21,676.21
1eafc680-3cdf-447e-a27e-17def29f6837,2026-06-08,1,668.4,668.4,668.4
1eafc680-3cdf-447e-a27e-17def29f6837,2026-06-15,1,709,709,709
1eafc680-3cdf-447e-a27e-17def29f6837,2026-06-29,2,767.5,685,850
1eafc680-3cdf-447e-a27e-17def29f6837,2026-07-13,1,630,630,630
1eafc680-3cdf-447e-a27e-17def29f6837,2026-08-10,2,799.5,799,800
1eafc680-3cdf-447e-a27e-17def29f6837,2026-08-17,1,859,859,859
1eafc680-3cdf-447e-a27e-17def29f6837,2026-08-31,1,779,779,779
1eafc680-3cdf-447e-a27e-17def29f6837,2026-09-07,2,740,680,800
1eb08589-b116-4127-a7df-4cc2f7cc4dbd,2022-02-07,1,510,510,510
1eb08589-b116-4127-a7df-4cc2f7cc4dbd,2022-10-17,1,600,600,600
1eb08589-b116-4127-a7df-4cc2f7cc4dbd,2023-02-27,1,350,350,350
1eb08589-b116-4127-a7df-4cc2f7cc4dbd,2023-08-21,1,549.99,549.99,549.99
1eb08589-b116-4127-a7df-4cc2f7cc4dbd,2023-10-02,1,800,800,800
1eb08589-b116-4127-a7df-4cc2f7cc4dbd,2024-11-25,1,660,660,660
1eb08589-b116-4127-a7df-4cc2f7cc4dbd,2025-01-27,1,815,815,815
1eb08589-b116-4127-a7df-4cc2f7cc4dbd,2025-10-13,1,5400,5400,5400
1eb08589-b116-4127-a7df-4cc2f7cc4dbd,2025-11-10,1,3120,3120,3120
1eb0ce9d-7124-41b2-b7e5-ff06bb09e97f,2025-02-10,1,10,10,10
1eb0ce9d-7124-41b2-b7e5-ff06bb09e97f,2025-03-10,1,11,11,11
1eb0ce9d-7124-41b2-b7e5-ff06bb09e97f,2025-07-28,1,34.99,34.99,34.99
1eb0ce9d-7124-41b2-b7e5-ff06bb09e97f,2026-05-25,1,27,27,27
1eb1dde0-0eff-4d6c-b053-65d2e45a349d,2025-04-21,1,40,40,40
1eb1dde0-0eff-4d6c-b053-65d2e45a349d,2025-08-25,1,39.99,39.99,39.99
1eb1dde0-0eff-4d6c-b053-65d2e45a349d,2025-09-29,1,25.99,25.99,25.99
1eb1dde0-0eff-4d6c-b053-65d2e45a349d,2025-12-15,1,59.99,59.99,59.99
1eb1dde0-0eff-4d6c-b053-65d2e45a349d,2026-04-13,1,37.44,37.44,37.44
1eb1dde0-0eff-4d6c-b053-65d2e45a349d,2026-07-20,1,69,69,69
1eb46326-ea60-43bd-9fc6-cee0102f6a6e,2026-01-05,10,120.75,118,140
1eb46326-ea60-43bd-9fc6-cee0102f6a6e,2026-01-12,5,159.99,100,219.99
1eb46326-ea60-43bd-9fc6-cee0102f6a6e,2026-01-19,4,135,95.31,299.99
1eb46326-ea60-43bd-9fc6-cee0102f6a6e,2026-01-26,4,124.8,95.91,150
1eb46326-ea60-43bd-9fc6-cee0102f6a6e,2026-02-02,3,184.12,130.5,210.94
1eb46326-ea60-43bd-9fc6-cee0102f6a6e,2026-02-09,5,143.99,132.5,159.99
1eb46326-ea60-43bd-9fc6-cee0102f6a6e,2026-02-16,5,128,109.2,190.5
1eb46326-ea60-43bd-9fc6-cee0102f6a6e,2026-02-23,4,165,134.95,206.49
1eb46326-ea60-43bd-9fc6-cee0102f6a6e,2026-03-02,7,180,160,500
1eb46326-ea60-43bd-9fc6-cee0102f6a6e,2026-03-09,6,171.25,155.45,186
1eb46326-ea60-43bd-9fc6-cee0102f6a6e,2026-03-16,6,182.5,125,200
1eb46326-ea60-43bd-9fc6-cee0102f6a6e,2026-03-23,5,170.5,150,269
1eb46326-ea60-43bd-9fc6-cee0102f6a6e,2026-03-30,3,203.5,162.5,261
1eb46326-ea60-43bd-9fc6-cee0102f6a6e,2026-04-06,16,208.75,120,350
1eb46326-ea60-43bd-9fc6-cee0102f6a6e,2026-04-13,3,440,200,455
1eb46326-ea60-43bd-9fc6-cee0102f6a6e,2026-04-20,2,342.5,295,390
1eb46326-ea60-43bd-9fc6-cee0102f6a6e,2026-05-04,2,267.5,255,280
1eb46326-ea60-43bd-9fc6-cee0102f6a6e,2026-05-11,6,280,216,370
1eb46326-ea60-43bd-9fc6-cee0102f6a6e,2026-05-18,2,251.58,243.16,260
1eb46326-ea60-43bd-9fc6-cee0102f6a6e,2026-05-25,2,341.96,275.85,408.07
1eb46326-ea60-43bd-9fc6-cee0102f6a6e,2026-06-01,3,282.13,255,283.78
1eb46326-ea60-43bd-9fc6-cee0102f6a6e,2026-06-08,7,265,238,330
1eb46326-ea60-43bd-9fc6-cee0102f6a6e,2026-06-15,2,311.65,303.08,320.22
1eb46326-ea60-43bd-9fc6-cee0102f6a6e,2026-06-22,3,221,218.5,280
1eb46326-ea60-43bd-9fc6-cee0102f6a6e,2026-06-29,4,225,221,260
1eb46326-ea60-43bd-9fc6-cee0102f6a6e,2026-07-06,8,214.7,162.5,265
1eb46326-ea60-43bd-9fc6-cee0102f6a6e,2026-07-13,6,211.84,199.69,321.17
1eb46326-ea60-43bd-9fc6-cee0102f6a6e,2026-07-20,7,220,162,275
1eb46326-ea60-43bd-9fc6-cee0102f6a6e,2026-07-27,8,216.38,169.16,330.22
1eb46326-ea60-43bd-9fc6-cee0102f6a6e,2026-08-03,8,176.99,155,324.99
1eb46326-ea60-43bd-9fc6-cee0102f6a6e,2026-08-10,7,187.5,141.6,197.56
1eb46326-ea60-43bd-9fc6-cee0102f6a6e,2026-08-17,5,159.99,141.01,188.7
1eb46326-ea60-43bd-9fc6-cee0102f6a6e,2026-08-24,6,172.25,141,249
1eb46326-ea60-43bd-9fc6-cee0102f6a6e,2026-08-31,11,169.99,139.86,299.99
1eb46326-ea60-43bd-9fc6-cee0102f6a6e,2026-09-07,2,173.75,167.5,180
1eb50256-77aa-40da-a1f6-20d1f5c02433,2025-10-06,1,28.95,28.95,28.95
1eb50256-77aa-40da-a1f6-20d1f5c02433,2026-07-06,1,59.99,59.99,59.99
1eb650fe-1cef-4584-bb40-370984706002,2026-04-20,1,400,400,400
1eb888dd-9bec-4927-8fd3-0e35244013e0,2021-06-28,1,106.7,106.7,106.7
1eb888dd-9bec-4927-8fd3-0e35244013e0,2021-10-25,1,400,400,400
1eb888dd-9bec-4927-8fd3-0e35244013e0,2021-11-01,1,400,400,400
1eb888dd-9bec-4927-8fd3-0e35244013e0,2021-11-29,1,150,150,150
1eb888dd-9bec-4927-8fd3-0e35244013e0,2021-12-27,1,202.49,202.49,202.49
1eb888dd-9bec-4927-8fd3-0e35244013e0,2022-08-29,1,79,79,79
1eb888dd-9bec-4927-8fd3-0e35244013e0,2023-03-27,1,250,250,250
1eb888dd-9bec-4927-8fd3-0e35244013e0,2023-06-05,1,380,380,380
1eb888dd-9bec-4927-8fd3-0e35244013e0,2023-10-02,1,637.15,637.15,637.15
1eb888dd-9bec-4927-8fd3-0e35244013e0,2023-10-30,1,264,264,264
1eb888dd-9bec-4927-8fd3-0e35244013e0,2023-12-18,1,310,310,310
1eb888dd-9bec-4927-8fd3-0e35244013e0,2024-04-08,1,308,308,308
1eb888dd-9bec-4927-8fd3-0e35244013e0,2025-02-24,1,399.99,399.99,399.99
1eb888dd-9bec-4927-8fd3-0e35244013e0,2025-05-05,2,750,749.99,750
1eb888dd-9bec-4927-8fd3-0e35244013e0,2025-05-19,1,1025,1025,1025
1eb888dd-9bec-4927-8fd3-0e35244013e0,2025-06-23,1,1499,1499,1499
1eb888dd-9bec-4927-8fd3-0e35244013e0,2025-08-18,1,1440,1440,1440
1eb888dd-9bec-4927-8fd3-0e35244013e0,2025-09-01,1,1425,1425,1425
1eb888dd-9bec-4927-8fd3-0e35244013e0,2025-09-15,1,1582,1582,1582
1eb888dd-9bec-4927-8fd3-0e35244013e0,2025-10-06,1,1625,1625,1625
1eb888dd-9bec-4927-8fd3-0e35244013e0,2025-10-13,1,1200,1200,1200
1eb888dd-9bec-4927-8fd3-0e35244013e0,2025-12-15,1,1950,1950,1950
1eb888dd-9bec-4927-8fd3-0e35244013e0,2026-04-06,2,2435,2070,2800
1eb888dd-9bec-4927-8fd3-0e35244013e0,2026-05-11,2,3024.99,2799.99,3250
1eb888dd-9bec-4927-8fd3-0e35244013e0,2026-06-15,1,5000,5000,5000
1eb888dd-9bec-4927-8fd3-0e35244013e0,2026-08-31,1,4710.54,4710.54,4710.54
1eb8ce43-d7a9-4b56-97c2-83321297f4b3,2023-01-16,1,91,91,91
1eb8ce43-d7a9-4b56-97c2-83321297f4b3,2025-01-20,1,85,85,85
1eb8ce43-d7a9-4b56-97c2-83321297f4b3,2025-05-26,1,185,185,185
1eb8ce43-d7a9-4b56-97c2-83321297f4b3,2025-10-20,1,162.6,162.6,162.6
1eb8ce43-d7a9-4b56-97c2-83321297f4b3,2026-02-23,1,250,250,250
1ebdd030-ed85-4d34-ac88-74a6abb91dbb,2021-04-26,2,51.55,51,52.11
1ebdd030-ed85-4d34-ac88-74a6abb91dbb,2021-05-24,1,68,68,68
1ebdd030-ed85-4d34-ac88-74a6abb91dbb,2021-05-31,1,50,50,50
1ebdd030-ed85-4d34-ac88-74a6abb91dbb,2021-08-16,1,95,95,95
1ebdd030-ed85-4d34-ac88-74a6abb91dbb,2021-10-25,1,23.5,23.5,23.5
1ebdd030-ed85-4d34-ac88-74a6abb91dbb,2021-11-01,1,85,85,85
1ebdd030-ed85-4d34-ac88-74a6abb91dbb,2021-11-22,1,80,80,80
1ebdd030-ed85-4d34-ac88-74a6abb91dbb,2022-02-21,1,40,40,40
1ebdd030-ed85-4d34-ac88-74a6abb91dbb,2022-03-07,1,78.34,78.34,78.34
1ebdd030-ed85-4d34-ac88-74a6abb91dbb,2022-03-21,1,60,60,60
1ebdd030-ed85-4d34-ac88-74a6abb91dbb,2022-08-01,2,51.5,44.99,58
1ebdd030-ed85-4d34-ac88-74a6abb91dbb,2022-08-08,1,80,80,80
1ebdd030-ed85-4d34-ac88-74a6abb91dbb,2022-08-22,2,128.82,107.65,150
1ebdd030-ed85-4d34-ac88-74a6abb91dbb,2022-09-19,1,125,125,125
1ebdd030-ed85-4d34-ac88-74a6abb91dbb,2022-11-14,1,75,75,75
1ebdd030-ed85-4d34-ac88-74a6abb91dbb,2023-01-23,1,100,100,100
1ebdd030-ed85-4d34-ac88-74a6abb91dbb,2023-02-20,1,22.8,22.8,22.8
1ebdd030-ed85-4d34-ac88-74a6abb91dbb,2023-08-14,1,46,46,46
1ebdd030-ed85-4d34-ac88-74a6abb91dbb,2023-08-28,1,69.99,69.99,69.99
1ebdd030-ed85-4d34-ac88-74a6abb91dbb,2023-10-09,1,72.96,72.96,72.96
1ebdd030-ed85-4d34-ac88-74a6abb91dbb,2023-10-23,1,43.55,43.55,43.55
1ebdd030-ed85-4d34-ac88-74a6abb91dbb,2023-10-30,1,125,125,125
1ebdd030-ed85-4d34-ac88-74a6abb91dbb,2024-01-08,1,85.75,85.75,85.75
1ebdd030-ed85-4d34-ac88-74a6abb91dbb,2024-01-29,1,40.26,40.26,40.26
1ebdd030-ed85-4d34-ac88-74a6abb91dbb,2024-02-19,1,89,89,89
1ebdd030-ed85-4d34-ac88-74a6abb91dbb,2024-03-25,1,100,100,100
1ebdd030-ed85-4d34-ac88-74a6abb91dbb,2024-07-08,1,125,125,125
1ebdd030-ed85-4d34-ac88-74a6abb91dbb,2024-09-09,2,119.38,113.26,125.5
1ebdd030-ed85-4d34-ac88-74a6abb91dbb,2024-12-02,1,162.5,162.5,162.5
1ebdd030-ed85-4d34-ac88-74a6abb91dbb,2025-01-20,1,100,100,100
1ebdd030-ed85-4d34-ac88-74a6abb91dbb,2025-06-09,1,300,300,300
1ebdd030-ed85-4d34-ac88-74a6abb91dbb,2025-06-16,1,169.5,169.5,169.5
1ebdd030-ed85-4d34-ac88-74a6abb91dbb,2025-08-11,1,200,200,200
1ebdd030-ed85-4d34-ac88-74a6abb91dbb,2025-08-18,1,157.5,157.5,157.5
1ebdd030-ed85-4d34-ac88-74a6abb91dbb,2025-09-15,1,150,150,150
1ebdd030-ed85-4d34-ac88-74a6abb91dbb,2026-02-23,1,300,300,300
1ebdd030-ed85-4d34-ac88-74a6abb91dbb,2026-06-29,1,295,295,295
1ebf6a9b-2f83-43db-948b-d3ebe8484108,2021-04-12,1,99.98,99.98,99.98
1ebf6a9b-2f83-43db-948b-d3ebe8484108,2021-05-24,1,75,75,75
1ebf6a9b-2f83-43db-948b-d3ebe8484108,2021-08-16,1,85,85,85
1ebf6a9b-2f83-43db-948b-d3ebe8484108,2022-03-28,1,90,90,90
1ebf6a9b-2f83-43db-948b-d3ebe8484108,2022-08-15,1,125,125,125
1ebf6a9b-2f83-43db-948b-d3ebe8484108,2023-01-30,1,75,75,75
1ebf6a9b-2f83-43db-948b-d3ebe8484108,2023-02-13,1,22.5,22.5,22.5
1ebf6a9b-2f83-43db-948b-d3ebe8484108,2023-05-22,1,55,55,55
1ebf6a9b-2f83-43db-948b-d3ebe8484108,2023-05-29,1,54,54,54
1ebf6a9b-2f83-43db-948b-d3ebe8484108,2023-06-26,1,55,55,55
1ebf6a9b-2f83-43db-948b-d3ebe8484108,2023-09-04,1,34.8,34.8,34.8
1ebf6a9b-2f83-43db-948b-d3ebe8484108,2023-11-27,1,41,41,41
1ebf6a9b-2f83-43db-948b-d3ebe8484108,2024-08-05,1,60,60,60
1ebf6a9b-2f83-43db-948b-d3ebe8484108,2024-08-26,1,60,60,60
1ebf6a9b-2f83-43db-948b-d3ebe8484108,2025-01-06,1,67.5,67.5,67.5
1ebf6a9b-2f83-43db-948b-d3ebe8484108,2025-02-24,1,70,70,70
1ebf6a9b-2f83-43db-948b-d3ebe8484108,2025-05-26,1,67.2,67.2,67.2
1ebf6a9b-2f83-43db-948b-d3ebe8484108,2025-07-07,1,90,90,90
1ebf6a9b-2f83-43db-948b-d3ebe8484108,2025-09-15,1,170.5,170.5,170.5
1ebf6a9b-2f83-43db-948b-d3ebe8484108,2025-11-17,1,93.6,93.6,93.6
1ebf6a9b-2f83-43db-948b-d3ebe8484108,2026-01-12,1,71.05,71.05,71.05
1ebf6a9b-2f83-43db-948b-d3ebe8484108,2026-02-09,1,200,200,200
1ebf6a9b-2f83-43db-948b-d3ebe8484108,2026-03-23,1,249.99,249.99,249.99
1ebf6a9b-2f83-43db-948b-d3ebe8484108,2026-05-11,1,252,252,252
1ebf6a9b-2f83-43db-948b-d3ebe8484108,2026-06-01,1,244.5,244.5,244.5
1ebfe2bc-e926-41ef-b2dd-de3edccbfa42,2026-06-29,1,200,200,200
1ebfe2bc-e926-41ef-b2dd-de3edccbfa42,2026-08-24,1,405,405,405
1ec1d296-9acb-4ed5-ac92-4d239c135a93,2023-09-11,1,26.4,26.4,26.4
1ec1d296-9acb-4ed5-ac92-4d239c135a93,2024-05-13,1,24.62,24.62,24.62
1ec1d296-9acb-4ed5-ac92-4d239c135a93,2024-06-24,1,18.62,18.62,18.62
1ec1d296-9acb-4ed5-ac92-4d239c135a93,2024-07-08,1,20.5,20.5,20.5
1ec1d296-9acb-4ed5-ac92-4d239c135a93,2024-11-25,1,39.99,39.99,39.99
1ec1d296-9acb-4ed5-ac92-4d239c135a93,2025-01-06,1,32,32,32
1ec1d296-9acb-4ed5-ac92-4d239c135a93,2026-07-20,1,350,350,350
1ec1d296-9acb-4ed5-ac92-4d239c135a93,2026-07-27,1,152.5,152.5,152.5
1ec728a7-e676-4a2e-ac7e-0122423f805b,2026-07-13,2,32.18,27,37.36
1ec728a7-e676-4a2e-ac7e-0122423f805b,2026-07-20,3,28.52,26.99,31
1ec728a7-e676-4a2e-ac7e-0122423f805b,2026-07-27,2,42.5,40,45
1ec728a7-e676-4a2e-ac7e-0122423f805b,2026-08-03,1,35,35,35
1ec728a7-e676-4a2e-ac7e-0122423f805b,2026-08-10,2,30.5,26,35
1ec728a7-e676-4a2e-ac7e-0122423f805b,2026-08-17,2,32.99,29.99,36
1ec728a7-e676-4a2e-ac7e-0122423f805b,2026-08-24,1,34.99,34.99,34.99
1ec728a7-e676-4a2e-ac7e-0122423f805b,2026-08-31,4,38.5,35,41
1eca72e7-48d1-4ec8-afce-bb1942804058,2023-11-20,1,17.5,17.5,17.5
1eca72e7-48d1-4ec8-afce-bb1942804058,2023-12-04,1,19.14,19.14,19.14
1eca72e7-48d1-4ec8-afce-bb1942804058,2023-12-25,3,33.2,32.99,44.49
1eca72e7-48d1-4ec8-afce-bb1942804058,2024-01-01,2,32.5,25,40
1eca72e7-48d1-4ec8-afce-bb1942804058,2024-01-08,3,21.6,9.5,22.73
1eca72e7-48d1-4ec8-afce-bb1942804058,2024-01-15,3,19.2,12.5,19.2
1eca72e7-48d1-4ec8-afce-bb1942804058,2024-01-22,7,20,13.03,36.29
1eca72e7-48d1-4ec8-afce-bb1942804058,2024-01-29,2,40.73,31.45,50
1eca72e7-48d1-4ec8-afce-bb1942804058,2024-02-05,6,16.5,11.94,44.2
1eca72e7-48d1-4ec8-afce-bb1942804058,2024-02-12,1,15.5,15.5,15.5
1eca72e7-48d1-4ec8-afce-bb1942804058,2024-02-19,2,18.33,16.5,20.16
1eca72e7-48d1-4ec8-afce-bb1942804058,2024-03-04,1,14.5,14.5,14.5
1eca72e7-48d1-4ec8-afce-bb1942804058,2024-03-11,1,25,25,25
1eca72e7-48d1-4ec8-afce-bb1942804058,2024-03-18,1,29.99,29.99,29.99
1eca72e7-48d1-4ec8-afce-bb1942804058,2024-03-25,1,28.99,28.99,28.99
1eca72e7-48d1-4ec8-afce-bb1942804058,2024-04-01,2,14.1,12.2,16
1eca72e7-48d1-4ec8-afce-bb1942804058,2024-04-08,1,14.3,14.3,14.3
1eca72e7-48d1-4ec8-afce-bb1942804058,2024-04-15,1,19.99,19.99,19.99
1eca72e7-48d1-4ec8-afce-bb1942804058,2024-05-20,1,5,5,5
1eca72e7-48d1-4ec8-afce-bb1942804058,2024-05-27,1,15.63,15.63,15.63
1eca72e7-48d1-4ec8-afce-bb1942804058,2024-06-10,2,26.38,24.05,28.72
1eca72e7-48d1-4ec8-afce-bb1942804058,2024-06-24,1,30.79,30.79,30.79
1eca72e7-48d1-4ec8-afce-bb1942804058,2024-07-01,1,35.55,35.55,35.55
1eca72e7-48d1-4ec8-afce-bb1942804058,2024-07-08,1,30,30,30
1eca72e7-48d1-4ec8-afce-bb1942804058,2024-07-15,1,25,25,25
1eca72e7-48d1-4ec8-afce-bb1942804058,2024-08-05,1,30,30,30
1eca72e7-48d1-4ec8-afce-bb1942804058,2024-10-21,1,20,20,20
1eca72e7-48d1-4ec8-afce-bb1942804058,2024-11-11,2,22.8,18,27.6
1eca72e7-48d1-4ec8-afce-bb1942804058,2024-12-30,1,24,24,24
1eca72e7-48d1-4ec8-afce-bb1942804058,2025-01-20,1,33.41,33.41,33.41
1eca72e7-48d1-4ec8-afce-bb1942804058,2025-02-10,1,20.4,20.4,20.4
1eca72e7-48d1-4ec8-afce-bb1942804058,2025-02-17,1,15.56,15.56,15.56
1eca72e7-48d1-4ec8-afce-bb1942804058,2025-02-24,1,25,25,25
1eca72e7-48d1-4ec8-afce-bb1942804058,2025-03-10,1,30,30,30
1eca72e7-48d1-4ec8-afce-bb1942804058,2025-04-14,1,66,66,66
1eca72e7-48d1-4ec8-afce-bb1942804058,2025-05-26,1,19.2,19.2,19.2
1eca72e7-48d1-4ec8-afce-bb1942804058,2025-06-09,1,25,25,25
1eca72e7-48d1-4ec8-afce-bb1942804058,2025-06-23,1,35.99,35.99,35.99
1eca72e7-48d1-4ec8-afce-bb1942804058,2025-07-14,2,33,28,38
1eca72e7-48d1-4ec8-afce-bb1942804058,2025-07-21,2,18.5,17.5,19.5
1eca72e7-48d1-4ec8-afce-bb1942804058,2025-07-28,1,25,25,25
1eca72e7-48d1-4ec8-afce-bb1942804058,2025-08-04,1,20,20,20
1eca72e7-48d1-4ec8-afce-bb1942804058,2025-08-18,1,28.45,28.45,28.45
1eca72e7-48d1-4ec8-afce-bb1942804058,2025-08-25,1,32,32,32
1eca72e7-48d1-4ec8-afce-bb1942804058,2025-09-01,1,34.99,34.99,34.99
1eca72e7-48d1-4ec8-afce-bb1942804058,2025-09-08,1,36.83,36.83,36.83
1eca72e7-48d1-4ec8-afce-bb1942804058,2025-10-06,1,35,35,35
1eca72e7-48d1-4ec8-afce-bb1942804058,2025-11-03,1,49.95,49.95,49.95
1eca72e7-48d1-4ec8-afce-bb1942804058,2025-11-10,1,40.48,40.48,40.48
1eca72e7-48d1-4ec8-afce-bb1942804058,2025-12-01,1,45,45,45
1eca72e7-48d1-4ec8-afce-bb1942804058,2025-12-08,1,36.98,36.98,36.98
1eca72e7-48d1-4ec8-afce-bb1942804058,2026-01-19,2,38.75,31.5,46
1eca72e7-48d1-4ec8-afce-bb1942804058,2026-01-26,2,29.74,27.49,32
1eca72e7-48d1-4ec8-afce-bb1942804058,2026-02-09,3,40,26,44.94
1eca72e7-48d1-4ec8-afce-bb1942804058,2026-02-16,1,24.62,24.62,24.62
1eca72e7-48d1-4ec8-afce-bb1942804058,2026-03-09,3,31,31,34
1eca72e7-48d1-4ec8-afce-bb1942804058,2026-03-16,1,50,50,50
1eca72e7-48d1-4ec8-afce-bb1942804058,2026-03-30,1,35,35,35
1eca72e7-48d1-4ec8-afce-bb1942804058,2026-04-13,1,40,40,40
1eca72e7-48d1-4ec8-afce-bb1942804058,2026-04-20,2,27.71,18.43,37
1eca72e7-48d1-4ec8-afce-bb1942804058,2026-05-04,1,34,34,34
1eca72e7-48d1-4ec8-afce-bb1942804058,2026-05-11,2,62.76,46,79.51
1eca72e7-48d1-4ec8-afce-bb1942804058,2026-05-25,4,56.89,44.24,65
1eca72e7-48d1-4ec8-afce-bb1942804058,2026-06-01,2,55.97,50,61.93
1eca72e7-48d1-4ec8-afce-bb1942804058,2026-06-08,1,40,40,40
1eca72e7-48d1-4ec8-afce-bb1942804058,2026-06-15,4,32.75,20.5,79.5
1eca72e7-48d1-4ec8-afce-bb1942804058,2026-06-22,2,41.06,36,46.12
1eca72e7-48d1-4ec8-afce-bb1942804058,2026-06-29,1,45,45,45
1eca72e7-48d1-4ec8-afce-bb1942804058,2026-07-06,2,46.5,43,50.01
1eca72e7-48d1-4ec8-afce-bb1942804058,2026-07-20,2,73.99,47.99,99.99
1eca72e7-48d1-4ec8-afce-bb1942804058,2026-08-24,1,90,90,90
1eca72e7-48d1-4ec8-afce-bb1942804058,2026-09-07,2,45.5,40,50.99
1ecbd20e-d65b-41cb-8563-e041e8a064bc,2026-04-20,1,42,42,42
1ecbd20e-d65b-41cb-8563-e041e8a064bc,2026-06-29,1,40,40,40
1ecbd20e-d65b-41cb-8563-e041e8a064bc,2026-07-13,1,99.99,99.99,99.99
1ecd33aa-42b1-45c7-8f81-a7763e758749,2024-03-18,1,45,45,45
1ecd33aa-42b1-45c7-8f81-a7763e758749,2024-03-25,1,69.99,69.99,69.99
1ecd33aa-42b1-45c7-8f81-a7763e758749,2024-04-01,1,31,31,31
1ecd33aa-42b1-45c7-8f81-a7763e758749,2024-04-08,3,39.99,26,57.99
1ecd33aa-42b1-45c7-8f81-a7763e758749,2024-04-15,2,22.04,17.08,27
1ecd33aa-42b1-45c7-8f81-a7763e758749,2024-04-22,2,51.02,48,54.05
1ecd33aa-42b1-45c7-8f81-a7763e758749,2024-04-29,1,23.5,23.5,23.5
1ecd33aa-42b1-45c7-8f81-a7763e758749,2024-05-06,1,26,26,26
1ecd33aa-42b1-45c7-8f81-a7763e758749,2024-05-20,3,42.5,21.5,59.99
1ecd33aa-42b1-45c7-8f81-a7763e758749,2024-05-27,1,18,18,18
1ecd33aa-42b1-45c7-8f81-a7763e758749,2024-06-17,2,31.75,18.5,44.99
1ecd33aa-42b1-45c7-8f81-a7763e758749,2024-06-24,1,24.5,24.5,24.5
1ecd33aa-42b1-45c7-8f81-a7763e758749,2024-07-15,2,37.75,37.5,38
1ecd33aa-42b1-45c7-8f81-a7763e758749,2024-07-29,1,28,28,28
1ecd33aa-42b1-45c7-8f81-a7763e758749,2024-08-12,1,25,25,25
1ecd33aa-42b1-45c7-8f81-a7763e758749,2024-08-26,1,34.99,34.99,34.99
1ecd33aa-42b1-45c7-8f81-a7763e758749,2024-09-02,3,34.99,30,35
1ecd33aa-42b1-45c7-8f81-a7763e758749,2024-10-21,1,19.5,19.5,19.5
1ecd33aa-42b1-45c7-8f81-a7763e758749,2024-11-04,1,38.99,38.99,38.99
1ecd33aa-42b1-45c7-8f81-a7763e758749,2024-11-11,1,45,45,45
1ecd33aa-42b1-45c7-8f81-a7763e758749,2024-11-25,2,43.5,32,55
1ecd33aa-42b1-45c7-8f81-a7763e758749,2024-12-02,1,43,43,43
1ecd33aa-42b1-45c7-8f81-a7763e758749,2024-12-09,1,49.99,49.99,49.99
1ecd33aa-42b1-45c7-8f81-a7763e758749,2024-12-16,1,45,45,45
1ecd33aa-42b1-45c7-8f81-a7763e758749,2024-12-23,1,58,58,58
1ecd33aa-42b1-45c7-8f81-a7763e758749,2024-12-30,1,34.69,34.69,34.69
1ecd33aa-42b1-45c7-8f81-a7763e758749,2025-01-20,2,37.47,34.99,39.94
1ecd33aa-42b1-45c7-8f81-a7763e758749,2025-02-03,1,28.65,28.65,28.65
1ecd33aa-42b1-45c7-8f81-a7763e758749,2025-02-17,1,49.99,49.99,49.99
1ecd33aa-42b1-45c7-8f81-a7763e758749,2025-03-03,2,48.5,47,49.99
1ecd33aa-42b1-45c7-8f81-a7763e758749,2025-03-17,4,54,33,58
1ecd33aa-42b1-45c7-8f81-a7763e758749,2025-03-31,1,45.84,45.84,45.84
1ecd33aa-42b1-45c7-8f81-a7763e758749,2025-04-07,2,44,37,51
1ecd33aa-42b1-45c7-8f81-a7763e758749,2025-04-28,1,21.5,21.5,21.5
1ecd33aa-42b1-45c7-8f81-a7763e758749,2025-05-05,1,37.35,37.35,37.35
1ecd33aa-42b1-45c7-8f81-a7763e758749,2025-05-12,1,52,52,52
1ecd33aa-42b1-45c7-8f81-a7763e758749,2025-06-16,1,44.44,44.44,44.44
1ecd33aa-42b1-45c7-8f81-a7763e758749,2025-07-14,1,50,50,50
1ecd33aa-42b1-45c7-8f81-a7763e758749,2025-07-21,1,33.6,33.6,33.6
1ecd33aa-42b1-45c7-8f81-a7763e758749,2025-08-04,2,47.22,44.44,50
1ecd33aa-42b1-45c7-8f81-a7763e758749,2025-08-11,2,58,42.99,73
1ecd33aa-42b1-45c7-8f81-a7763e758749,2025-09-01,1,46,46,46
1ecd33aa-42b1-45c7-8f81-a7763e758749,2025-10-13,1,40.8,40.8,40.8
1ecd33aa-42b1-45c7-8f81-a7763e758749,2025-11-10,1,49.99,49.99,49.99
1ecd33aa-42b1-45c7-8f81-a7763e758749,2025-12-01,1,42,42,42
1ecd33aa-42b1-45c7-8f81-a7763e758749,2025-12-15,1,52.25,52.25,52.25
1ecd33aa-42b1-45c7-8f81-a7763e758749,2026-01-12,1,40,40,40
1ecd33aa-42b1-45c7-8f81-a7763e758749,2026-01-19,1,50.09,50.09,50.09
1ecd33aa-42b1-45c7-8f81-a7763e758749,2026-01-26,1,50,50,50
1ecd33aa-42b1-45c7-8f81-a7763e758749,2026-02-23,2,38,36,40
1ecd33aa-42b1-45c7-8f81-a7763e758749,2026-03-09,1,35,35,35
1ecd33aa-42b1-45c7-8f81-a7763e758749,2026-03-23,2,98.5,52,145
1ecd33aa-42b1-45c7-8f81-a7763e758749,2026-03-30,1,46,46,46
1ecd33aa-42b1-45c7-8f81-a7763e758749,2026-04-20,1,100,100,100
1ecd33aa-42b1-45c7-8f81-a7763e758749,2026-05-18,2,99.27,63.6,134.95
1ecd33aa-42b1-45c7-8f81-a7763e758749,2026-05-25,2,132.48,129.97,134.99
1ecd33aa-42b1-45c7-8f81-a7763e758749,2026-06-01,2,119.59,105,134.18
1ecd33aa-42b1-45c7-8f81-a7763e758749,2026-06-29,1,120,120,120
1ecd33aa-42b1-45c7-8f81-a7763e758749,2026-07-27,1,135,135,135
1ed1901a-13ae-4e95-9b86-655315df0cd1,2023-12-18,1,122.5,122.5,122.5
1ed1901a-13ae-4e95-9b86-655315df0cd1,2024-04-29,1,360,360,360
1ed1901a-13ae-4e95-9b86-655315df0cd1,2024-06-03,1,144,144,144
1ed1901a-13ae-4e95-9b86-655315df0cd1,2024-07-22,1,275,275,275
1ed1901a-13ae-4e95-9b86-655315df0cd1,2024-11-25,1,215.15,215.15,215.15
1ed1901a-13ae-4e95-9b86-655315df0cd1,2025-07-21,1,265,265,265
1ed1901a-13ae-4e95-9b86-655315df0cd1,2026-04-27,1,810,810,810
1ed21b3e-c537-4ea7-85e8-7f910b78679e,2023-01-30,1,44,44,44
1ed21b3e-c537-4ea7-85e8-7f910b78679e,2024-04-08,1,39,39,39
1ed21b3e-c537-4ea7-85e8-7f910b78679e,2025-05-05,1,49.99,49.99,49.99
1ed21b3e-c537-4ea7-85e8-7f910b78679e,2026-03-30,1,201,201,201
1ed76e2b-a70d-4c9e-9d46-f682124004f8,2021-06-14,1,48.89,48.89,48.89
1ed76e2b-a70d-4c9e-9d46-f682124004f8,2021-08-16,1,61.74,61.74,61.74
1ed76e2b-a70d-4c9e-9d46-f682124004f8,2022-07-11,1,199.99,199.99,199.99
1ed76e2b-a70d-4c9e-9d46-f682124004f8,2022-09-19,1,57,57,57
1ed76e2b-a70d-4c9e-9d46-f682124004f8,2022-10-17,1,113.25,113.25,113.25
1ed76e2b-a70d-4c9e-9d46-f682124004f8,2022-11-14,1,74.99,74.99,74.99
1ed76e2b-a70d-4c9e-9d46-f682124004f8,2023-02-06,1,33.6,33.6,33.6
1ed76e2b-a70d-4c9e-9d46-f682124004f8,2023-03-27,1,149.99,149.99,149.99
1ed76e2b-a70d-4c9e-9d46-f682124004f8,2023-04-03,1,45,45,45
1ed76e2b-a70d-4c9e-9d46-f682124004f8,2023-07-10,1,48,48,48
1ed76e2b-a70d-4c9e-9d46-f682124004f8,2023-07-17,1,34,34,34
1ed76e2b-a70d-4c9e-9d46-f682124004f8,2023-07-31,1,46,46,46
1ed76e2b-a70d-4c9e-9d46-f682124004f8,2023-08-21,1,41,41,41
1ed76e2b-a70d-4c9e-9d46-f682124004f8,2023-12-04,1,39,39,39
1ed76e2b-a70d-4c9e-9d46-f682124004f8,2024-04-29,1,44,44,44
1ed76e2b-a70d-4c9e-9d46-f682124004f8,2024-09-02,1,65,65,65
1ed76e2b-a70d-4c9e-9d46-f682124004f8,2025-02-03,1,39.99,39.99,39.99
1ed76e2b-a70d-4c9e-9d46-f682124004f8,2025-05-12,1,78.37,78.37,78.37
1ed76e2b-a70d-4c9e-9d46-f682124004f8,2026-03-30,1,180,180,180
1ed76e2b-a70d-4c9e-9d46-f682124004f8,2026-04-06,1,220,220,220
1ed76e2b-a70d-4c9e-9d46-f682124004f8,2026-08-17,1,299,299,299
1edc7b7c-d859-4f6b-a19a-bb10784d3cc1,2023-05-08,1,26.49,26.49,26.49
1ee1d19e-6c90-4fab-972f-02a4979c2407,2021-04-12,1,420,420,420
1ee1d19e-6c90-4fab-972f-02a4979c2407,2021-05-31,1,380,380,380
1ee1d19e-6c90-4fab-972f-02a4979c2407,2021-10-25,4,260,210,310
1ee1d19e-6c90-4fab-972f-02a4979c2407,2021-11-01,1,405,405,405
1ee1d19e-6c90-4fab-972f-02a4979c2407,2021-12-13,1,310,310,310
1ee1d19e-6c90-4fab-972f-02a4979c2407,2022-01-24,1,336,336,336
1ee1d19e-6c90-4fab-972f-02a4979c2407,2022-03-21,1,336,336,336
1ee1d19e-6c90-4fab-972f-02a4979c2407,2022-04-04,1,450,450,450
1ee1d19e-6c90-4fab-972f-02a4979c2407,2022-05-09,1,175.35,175.35,175.35
1ee1d19e-6c90-4fab-972f-02a4979c2407,2022-05-16,1,300,300,300
1ee1d19e-6c90-4fab-972f-02a4979c2407,2022-09-05,1,245,245,245
1ee1d19e-6c90-4fab-972f-02a4979c2407,2022-09-12,1,432,432,432
1ee1d19e-6c90-4fab-972f-02a4979c2407,2022-11-21,1,449.99,449.99,449.99
1ee1d19e-6c90-4fab-972f-02a4979c2407,2022-11-28,1,348,348,348
1ee1d19e-6c90-4fab-972f-02a4979c2407,2022-12-12,1,300,300,300
1ee1d19e-6c90-4fab-972f-02a4979c2407,2022-12-19,1,799.86,799.86,799.86
1ee1d19e-6c90-4fab-972f-02a4979c2407,2023-01-23,2,394.64,360,429.28
1ee1d19e-6c90-4fab-972f-02a4979c2407,2023-01-30,1,280,280,280
1ee1d19e-6c90-4fab-972f-02a4979c2407,2023-02-13,1,579.99,579.99,579.99
1ee1d19e-6c90-4fab-972f-02a4979c2407,2023-02-20,2,508.74,400,617.48
1ee1d19e-6c90-4fab-972f-02a4979c2407,2023-02-27,2,565,500,630
1ee1d19e-6c90-4fab-972f-02a4979c2407,2023-03-06,2,493,445.99,540
1ee1d19e-6c90-4fab-972f-02a4979c2407,2023-07-10,1,300,300,300
1ee1d19e-6c90-4fab-972f-02a4979c2407,2023-07-24,1,430,430,430
1ee1d19e-6c90-4fab-972f-02a4979c2407,2023-10-30,1,360,360,360
1ee1d19e-6c90-4fab-972f-02a4979c2407,2023-11-06,2,339.5,264,415
1ee1d19e-6c90-4fab-972f-02a4979c2407,2023-11-20,2,332.38,239.08,425.69
1ee1d19e-6c90-4fab-972f-02a4979c2407,2023-11-27,1,288,288,288
1ee1d19e-6c90-4fab-972f-02a4979c2407,2023-12-25,1,216,216,216
1ee1d19e-6c90-4fab-972f-02a4979c2407,2024-01-01,1,288,288,288
1ee1d19e-6c90-4fab-972f-02a4979c2407,2024-01-22,1,300,300,300
1ee1d19e-6c90-4fab-972f-02a4979c2407,2024-01-29,1,281,281,281
1ee1d19e-6c90-4fab-972f-02a4979c2407,2024-02-05,1,275.08,275.08,275.08
1ee1d19e-6c90-4fab-972f-02a4979c2407,2024-02-12,2,208,202.5,213.5
1ee1d19e-6c90-4fab-972f-02a4979c2407,2024-02-26,3,213.1,191.28,290.75
1ee1d19e-6c90-4fab-972f-02a4979c2407,2024-03-04,1,255,255,255
1ee1d19e-6c90-4fab-972f-02a4979c2407,2024-04-08,1,299.99,299.99,299.99
1ee1d19e-6c90-4fab-972f-02a4979c2407,2024-05-20,2,306,300,312
1ee1d19e-6c90-4fab-972f-02a4979c2407,2024-05-27,1,264,264,264
1ee1d19e-6c90-4fab-972f-02a4979c2407,2024-06-17,1,264,264,264
1ee1d19e-6c90-4fab-972f-02a4979c2407,2024-06-24,1,280,280,280
1ee1d19e-6c90-4fab-972f-02a4979c2407,2024-07-29,4,228.75,210,261
1ee1d19e-6c90-4fab-972f-02a4979c2407,2024-08-05,3,168,138,233.5
1ee1d19e-6c90-4fab-972f-02a4979c2407,2024-08-12,1,241.5,241.5,241.5
1ee1d19e-6c90-4fab-972f-02a4979c2407,2024-08-26,1,227.5,227.5,227.5
1ee1d19e-6c90-4fab-972f-02a4979c2407,2024-09-02,1,192,192,192
1ee1d19e-6c90-4fab-972f-02a4979c2407,2024-09-16,2,189,162,216
1ee1d19e-6c90-4fab-972f-02a4979c2407,2024-09-30,1,134.5,134.5,134.5
1ee1d19e-6c90-4fab-972f-02a4979c2407,2024-10-14,1,254.99,254.99,254.99
1ee1d19e-6c90-4fab-972f-02a4979c2407,2024-10-21,1,137.4,137.4,137.4
1ee1d19e-6c90-4fab-972f-02a4979c2407,2024-10-28,2,201,180,222
1ee1d19e-6c90-4fab-972f-02a4979c2407,2024-11-25,1,271,271,271
1ee1d19e-6c90-4fab-972f-02a4979c2407,2024-12-16,1,230,230,230
1ee1d19e-6c90-4fab-972f-02a4979c2407,2025-01-06,1,211.05,211.05,211.05
1ee1d19e-6c90-4fab-972f-02a4979c2407,2025-01-13,1,232.5,232.5,232.5
1ee1d19e-6c90-4fab-972f-02a4979c2407,2025-02-24,4,346,240,398
1ee1d19e-6c90-4fab-972f-02a4979c2407,2025-03-03,1,171,171,171
1ee1d19e-6c90-4fab-972f-02a4979c2407,2025-03-10,2,232.75,210.5,255
1ee1d19e-6c90-4fab-972f-02a4979c2407,2025-03-24,1,305,305,305
1ee1d19e-6c90-4fab-972f-02a4979c2407,2025-04-07,1,291.96,291.96,291.96
1ee1d19e-6c90-4fab-972f-02a4979c2407,2025-04-14,2,276,276,276
1ee1d19e-6c90-4fab-972f-02a4979c2407,2025-05-12,2,222,222,222
1ee1d19e-6c90-4fab-972f-02a4979c2407,2025-05-19,1,295,295,295
1ee1d19e-6c90-4fab-972f-02a4979c2407,2025-06-02,1,276,276,276
1ee1d19e-6c90-4fab-972f-02a4979c2407,2025-06-09,1,264,264,264
1ee1d19e-6c90-4fab-972f-02a4979c2407,2025-06-23,1,279.78,279.78,279.78
1ee1d19e-6c90-4fab-972f-02a4979c2407,2025-07-21,1,265,265,265
1ee1d19e-6c90-4fab-972f-02a4979c2407,2025-08-04,1,436.44,436.44,436.44
1ee1d19e-6c90-4fab-972f-02a4979c2407,2025-08-11,1,373.75,373.75,373.75
1ee1d19e-6c90-4fab-972f-02a4979c2407,2025-10-06,1,420,420,420
1ee1d19e-6c90-4fab-972f-02a4979c2407,2025-10-20,1,450,450,450
1ee1d19e-6c90-4fab-972f-02a4979c2407,2025-11-10,1,391,391,391
1ee1d19e-6c90-4fab-972f-02a4979c2407,2025-12-08,2,462.5,315,610
1ee1d19e-6c90-4fab-972f-02a4979c2407,2025-12-15,2,546,516,576
1ee1d19e-6c90-4fab-972f-02a4979c2407,2026-01-26,1,661,661,661
1ee1d19e-6c90-4fab-972f-02a4979c2407,2026-02-16,2,549.43,448.87,650
1ee1d19e-6c90-4fab-972f-02a4979c2407,2026-02-23,1,661.01,661.01,661.01
1ee1d19e-6c90-4fab-972f-02a4979c2407,2026-04-06,2,850,760,940
1ee1d19e-6c90-4fab-972f-02a4979c2407,2026-05-11,4,1105.5,1000,1269.69
1ee1d19e-6c90-4fab-972f-02a4979c2407,2026-06-01,2,1188.03,1176,1200.05
1ee1d19e-6c90-4fab-972f-02a4979c2407,2026-06-22,1,1236.45,1236.45,1236.45
1ee1d19e-6c90-4fab-972f-02a4979c2407,2026-06-29,2,1365,1350,1380
1ee1d19e-6c90-4fab-972f-02a4979c2407,2026-08-03,1,912.4,912.4,912.4
1ee1d19e-6c90-4fab-972f-02a4979c2407,2026-08-10,1,1110.2,1110.2,1110.2
1ee1d19e-6c90-4fab-972f-02a4979c2407,2026-08-24,1,1426,1426,1426
1ee1d19e-6c90-4fab-972f-02a4979c2407,2026-08-31,1,1100,1100,1100
1ee375ad-cbd0-436a-bb66-1001fcbfaa79,2023-07-17,1,4000,4000,4000
1ee375ad-cbd0-436a-bb66-1001fcbfaa79,2024-06-03,1,1200,1200,1200
1ee375ad-cbd0-436a-bb66-1001fcbfaa79,2024-06-17,1,2010,2010,2010
1ee375ad-cbd0-436a-bb66-1001fcbfaa79,2024-07-22,1,2880,2880,2880
1ee375ad-cbd0-436a-bb66-1001fcbfaa79,2024-12-09,1,1380,1380,1380
1ee4180f-199f-4e56-ba6e-3fe95d45fe64,2021-03-22,1,255,255,255
1ee4180f-199f-4e56-ba6e-3fe95d45fe64,2021-11-01,1,170.5,170.5,170.5
1ee4180f-199f-4e56-ba6e-3fe95d45fe64,2021-11-08,1,149.5,149.5,149.5
1ee4180f-199f-4e56-ba6e-3fe95d45fe64,2022-05-23,1,275,275,275
1ee4180f-199f-4e56-ba6e-3fe95d45fe64,2022-07-04,1,300,300,300
1ee4180f-199f-4e56-ba6e-3fe95d45fe64,2023-01-30,1,199.95,199.95,199.95
1ee4180f-199f-4e56-ba6e-3fe95d45fe64,2023-04-10,1,220,220,220
1ee4180f-199f-4e56-ba6e-3fe95d45fe64,2023-05-22,1,220,220,220
1ee4180f-199f-4e56-ba6e-3fe95d45fe64,2023-09-18,1,336,336,336
1ee4180f-199f-4e56-ba6e-3fe95d45fe64,2023-11-27,1,204,204,204
1ee4180f-199f-4e56-ba6e-3fe95d45fe64,2023-12-04,1,210,210,210
1ee4180f-199f-4e56-ba6e-3fe95d45fe64,2023-12-25,1,300,300,300
1ee4180f-199f-4e56-ba6e-3fe95d45fe64,2024-01-15,1,300,300,300
1ee4180f-199f-4e56-ba6e-3fe95d45fe64,2024-04-29,1,234,234,234
1ee4180f-199f-4e56-ba6e-3fe95d45fe64,2024-05-27,1,300,300,300
1ee4180f-199f-4e56-ba6e-3fe95d45fe64,2024-06-03,1,330,330,330
1ee4180f-199f-4e56-ba6e-3fe95d45fe64,2024-06-17,1,285,285,285
1ee4180f-199f-4e56-ba6e-3fe95d45fe64,2024-07-29,1,222.5,222.5,222.5
1ee4180f-199f-4e56-ba6e-3fe95d45fe64,2024-08-26,1,203.6,203.6,203.6
1ee4180f-199f-4e56-ba6e-3fe95d45fe64,2024-09-02,1,230,230,230
1ee4180f-199f-4e56-ba6e-3fe95d45fe64,2024-10-14,1,210,210,210
1ee4180f-199f-4e56-ba6e-3fe95d45fe64,2024-10-28,1,192.5,192.5,192.5
1ee4180f-199f-4e56-ba6e-3fe95d45fe64,2025-02-17,1,299.99,299.99,299.99
1ee4180f-199f-4e56-ba6e-3fe95d45fe64,2025-03-31,1,329.99,329.99,329.99
1ee4180f-199f-4e56-ba6e-3fe95d45fe64,2025-04-07,1,384,384,384
1ee4180f-199f-4e56-ba6e-3fe95d45fe64,2025-04-28,1,380,380,380
1ee4180f-199f-4e56-ba6e-3fe95d45fe64,2025-10-13,2,557.5,516,599
1ee4180f-199f-4e56-ba6e-3fe95d45fe64,2025-12-29,1,565,565,565
1ee4180f-199f-4e56-ba6e-3fe95d45fe64,2026-03-09,2,1099.99,900,1299.99
1ee4180f-199f-4e56-ba6e-3fe95d45fe64,2026-03-16,1,859.95,859.95,859.95
1ee4180f-199f-4e56-ba6e-3fe95d45fe64,2026-03-23,1,1000,1000,1000
1ee4180f-199f-4e56-ba6e-3fe95d45fe64,2026-07-20,1,1440,1440,1440
1ee45689-b3c7-4567-99d3-ef4a59747d15,2025-05-12,1,174,174,174
1ee45689-b3c7-4567-99d3-ef4a59747d15,2025-06-23,1,441,441,441
1ee45689-b3c7-4567-99d3-ef4a59747d15,2025-08-18,2,592.5,400,785
1ee45689-b3c7-4567-99d3-ef4a59747d15,2025-09-15,1,800,800,800
1ee45689-b3c7-4567-99d3-ef4a59747d15,2025-12-08,1,500,500,500
1ee45689-b3c7-4567-99d3-ef4a59747d15,2026-02-02,1,750,750,750
1ee45689-b3c7-4567-99d3-ef4a59747d15,2026-03-02,1,900,900,900
1ee5244e-2054-4c47-a0fa-cb2838ffefbc,2024-06-17,1,112.8,112.8,112.8
1ee5244e-2054-4c47-a0fa-cb2838ffefbc,2024-10-07,1,275,275,275
1ee580e9-6e64-4ee6-b195-29b86d4cc416,2021-11-15,1,228.5,228.5,228.5
1ee580e9-6e64-4ee6-b195-29b86d4cc416,2022-02-07,1,200,200,200
1ee580e9-6e64-4ee6-b195-29b86d4cc416,2022-06-06,1,161.5,161.5,161.5
1ee580e9-6e64-4ee6-b195-29b86d4cc416,2022-07-11,1,103.2,103.2,103.2
1ee580e9-6e64-4ee6-b195-29b86d4cc416,2022-10-24,1,72,72,72
1ee580e9-6e64-4ee6-b195-29b86d4cc416,2022-10-31,1,59,59,59
1ee580e9-6e64-4ee6-b195-29b86d4cc416,2022-11-07,1,78,78,78
1ee580e9-6e64-4ee6-b195-29b86d4cc416,2023-01-09,3,64.8,62.4,64.8
1ee580e9-6e64-4ee6-b195-29b86d4cc416,2023-01-16,5,62.4,60,64.8
1ee580e9-6e64-4ee6-b195-29b86d4cc416,2023-02-06,6,50.4,44.4,64.8
1ee580e9-6e64-4ee6-b195-29b86d4cc416,2023-02-13,4,56.4,55.2,67
1ee580e9-6e64-4ee6-b195-29b86d4cc416,2023-02-20,2,38.4,38.4,38.4
1ee580e9-6e64-4ee6-b195-29b86d4cc416,2023-02-27,2,53.4,39.6,67.2
1ee580e9-6e64-4ee6-b195-29b86d4cc416,2023-03-06,1,49.2,49.2,49.2
1ee580e9-6e64-4ee6-b195-29b86d4cc416,2023-03-20,1,54,54,54
1ee580e9-6e64-4ee6-b195-29b86d4cc416,2023-04-17,1,75,75,75
1ee580e9-6e64-4ee6-b195-29b86d4cc416,2023-08-14,1,33,33,33
1ee580e9-6e64-4ee6-b195-29b86d4cc416,2023-11-13,1,57.6,57.6,57.6
1ee580e9-6e64-4ee6-b195-29b86d4cc416,2023-11-20,2,38.4,37.2,39.6
1ee580e9-6e64-4ee6-b195-29b86d4cc416,2023-11-27,1,21.6,21.6,21.6
1ee580e9-6e64-4ee6-b195-29b86d4cc416,2023-12-11,2,34.1,31,37.2
1ee580e9-6e64-4ee6-b195-29b86d4cc416,2023-12-25,1,51.08,51.08,51.08
1ee580e9-6e64-4ee6-b195-29b86d4cc416,2024-01-08,1,43.2,43.2,43.2
1ee580e9-6e64-4ee6-b195-29b86d4cc416,2024-01-15,1,37.2,37.2,37.2
1ee580e9-6e64-4ee6-b195-29b86d4cc416,2024-01-22,1,32.4,32.4,32.4
1ee580e9-6e64-4ee6-b195-29b86d4cc416,2024-01-29,1,37.2,37.2,37.2
1ee580e9-6e64-4ee6-b195-29b86d4cc416,2024-02-05,1,34.8,34.8,34.8
1ee580e9-6e64-4ee6-b195-29b86d4cc416,2024-03-04,1,36,36,36
1ee580e9-6e64-4ee6-b195-29b86d4cc416,2024-03-11,1,26.4,26.4,26.4
1ee580e9-6e64-4ee6-b195-29b86d4cc416,2024-03-18,2,36.84,36,37.69
1ee580e9-6e64-4ee6-b195-29b86d4cc416,2024-03-25,1,27.6,27.6,27.6
1ee580e9-6e64-4ee6-b195-29b86d4cc416,2024-04-08,1,24,24,24
1ee580e9-6e64-4ee6-b195-29b86d4cc416,2024-04-22,1,31.2,31.2,31.2
1ee580e9-6e64-4ee6-b195-29b86d4cc416,2024-05-06,3,38.5,26.4,59.99
1ee580e9-6e64-4ee6-b195-29b86d4cc416,2024-05-13,1,32.4,32.4,32.4
1ee580e9-6e64-4ee6-b195-29b86d4cc416,2024-06-10,1,30,30,30
1ee580e9-6e64-4ee6-b195-29b86d4cc416,2024-07-08,1,50,50,50
1ee580e9-6e64-4ee6-b195-29b86d4cc416,2024-07-22,2,30.6,26.4,34.8
1ee580e9-6e64-4ee6-b195-29b86d4cc416,2024-09-09,1,72.33,72.33,72.33
1ee580e9-6e64-4ee6-b195-29b86d4cc416,2024-10-21,1,59.9,59.9,59.9
1ee580e9-6e64-4ee6-b195-29b86d4cc416,2024-12-30,1,54.99,54.99,54.99
1ee580e9-6e64-4ee6-b195-29b86d4cc416,2025-02-24,1,65,65,65
1ee580e9-6e64-4ee6-b195-29b86d4cc416,2025-03-17,1,40,40,40
1ee580e9-6e64-4ee6-b195-29b86d4cc416,2025-03-24,1,55.22,55.22,55.22
1ee580e9-6e64-4ee6-b195-29b86d4cc416,2025-04-07,2,65.5,65,66
1ee580e9-6e64-4ee6-b195-29b86d4cc416,2025-04-21,1,75,75,75
1ee580e9-6e64-4ee6-b195-29b86d4cc416,2025-06-30,1,81.55,81.55,81.55
1ee580e9-6e64-4ee6-b195-29b86d4cc416,2025-07-14,1,82.42,82.42,82.42
1ee580e9-6e64-4ee6-b195-29b86d4cc416,2025-08-11,2,90,80,99.99
1ee580e9-6e64-4ee6-b195-29b86d4cc416,2025-08-18,1,90,90,90
1ee580e9-6e64-4ee6-b195-29b86d4cc416,2025-08-25,1,88.8,88.8,88.8
1ee580e9-6e64-4ee6-b195-29b86d4cc416,2025-09-15,1,103.34,103.34,103.34
1ee580e9-6e64-4ee6-b195-29b86d4cc416,2025-09-22,2,112,84,140
1ee580e9-6e64-4ee6-b195-29b86d4cc416,2025-10-06,1,94.36,94.36,94.36
1ee580e9-6e64-4ee6-b195-29b86d4cc416,2025-10-13,1,250,250,250
1ee580e9-6e64-4ee6-b195-29b86d4cc416,2025-11-24,1,138.5,138.5,138.5
1ee580e9-6e64-4ee6-b195-29b86d4cc416,2026-01-19,1,250,250,250
1ee580e9-6e64-4ee6-b195-29b86d4cc416,2026-03-16,1,350,350,350
1ee580e9-6e64-4ee6-b195-29b86d4cc416,2026-04-20,1,406,406,406
1ee580e9-6e64-4ee6-b195-29b86d4cc416,2026-08-10,1,480,480,480
1ee580e9-6e64-4ee6-b195-29b86d4cc416,2026-08-24,1,495,495,495
1ee6e4cd-55e9-4712-a0ae-b134966bbdfc,2022-12-05,1,340,340,340
1ee6e4cd-55e9-4712-a0ae-b134966bbdfc,2024-01-08,1,348,348,348
1ee6e4cd-55e9-4712-a0ae-b134966bbdfc,2025-10-20,1,480,480,480
1ee6e4cd-55e9-4712-a0ae-b134966bbdfc,2026-07-27,1,3120,3120,3120
1ee74676-9a2d-4bc8-8c67-6e6a3bc54e05,2021-05-17,1,365,365,365
1ee74676-9a2d-4bc8-8c67-6e6a3bc54e05,2023-04-24,1,154.5,154.5,154.5
1ee74676-9a2d-4bc8-8c67-6e6a3bc54e05,2024-07-08,1,158.09,158.09,158.09
1ee74676-9a2d-4bc8-8c67-6e6a3bc54e05,2024-10-21,1,145,145,145
1ee74676-9a2d-4bc8-8c67-6e6a3bc54e05,2025-11-10,1,731.42,731.42,731.42
1ee74676-9a2d-4bc8-8c67-6e6a3bc54e05,2026-01-26,1,3600,3600,3600
1ee99c16-9ae0-4bb7-8c46-ed187d2800d2,2021-03-22,1,197.5,197.5,197.5
1ee99c16-9ae0-4bb7-8c46-ed187d2800d2,2021-04-19,1,162.5,162.5,162.5
1ee99c16-9ae0-4bb7-8c46-ed187d2800d2,2021-04-26,1,129.5,129.5,129.5
1ee99c16-9ae0-4bb7-8c46-ed187d2800d2,2021-06-28,1,69,69,69
1ee99c16-9ae0-4bb7-8c46-ed187d2800d2,2021-07-05,1,275.22,275.22,275.22
1ee99c16-9ae0-4bb7-8c46-ed187d2800d2,2021-07-26,1,130,130,130
1ee99c16-9ae0-4bb7-8c46-ed187d2800d2,2021-08-02,1,98.99,98.99,98.99
1ee99c16-9ae0-4bb7-8c46-ed187d2800d2,2021-08-09,1,195,195,195
1ee99c16-9ae0-4bb7-8c46-ed187d2800d2,2021-08-23,2,160.25,140.5,180
1ee99c16-9ae0-4bb7-8c46-ed187d2800d2,2021-08-30,2,246,120,372
1ee99c16-9ae0-4bb7-8c46-ed187d2800d2,2021-09-06,2,151.25,122.5,180
1ee99c16-9ae0-4bb7-8c46-ed187d2800d2,2021-09-13,1,96.8,96.8,96.8
1ee99c16-9ae0-4bb7-8c46-ed187d2800d2,2021-09-20,3,122.5,117.5,151.69
1ee99c16-9ae0-4bb7-8c46-ed187d2800d2,2021-09-27,1,102.5,102.5,102.5
1ee99c16-9ae0-4bb7-8c46-ed187d2800d2,2021-10-11,1,73.78,73.78,73.78
1ee99c16-9ae0-4bb7-8c46-ed187d2800d2,2021-11-08,1,149.07,149.07,149.07
1ee99c16-9ae0-4bb7-8c46-ed187d2800d2,2021-11-22,3,102.5,65,130
1ee99c16-9ae0-4bb7-8c46-ed187d2800d2,2021-12-27,1,115,115,115
1ee99c16-9ae0-4bb7-8c46-ed187d2800d2,2022-01-10,1,105,105,105
1ee99c16-9ae0-4bb7-8c46-ed187d2800d2,2022-02-28,2,95.5,81,109.99
1ee99c16-9ae0-4bb7-8c46-ed187d2800d2,2022-03-07,3,80,67.03,105
1ee99c16-9ae0-4bb7-8c46-ed187d2800d2,2022-03-14,2,77.1,75,79.2
1ee99c16-9ae0-4bb7-8c46-ed187d2800d2,2022-03-28,1,110,110,110
1ee99c16-9ae0-4bb7-8c46-ed187d2800d2,2022-04-04,1,80,80,80
1ee99c16-9ae0-4bb7-8c46-ed187d2800d2,2022-04-18,1,110,110,110
1ee99c16-9ae0-4bb7-8c46-ed187d2800d2,2022-05-02,2,98.5,87,109.99
1ee99c16-9ae0-4bb7-8c46-ed187d2800d2,2022-06-13,1,109.95,109.95,109.95
1ee99c16-9ae0-4bb7-8c46-ed187d2800d2,2022-06-20,2,64.1,61,67.2
1ee99c16-9ae0-4bb7-8c46-ed187d2800d2,2022-07-11,1,119,119,119
1ee99c16-9ae0-4bb7-8c46-ed187d2800d2,2022-08-08,1,82.25,82.25,82.25
1ee99c16-9ae0-4bb7-8c46-ed187d2800d2,2022-08-22,1,42,42,42
1ee99c16-9ae0-4bb7-8c46-ed187d2800d2,2022-08-29,1,90,90,90
1ee99c16-9ae0-4bb7-8c46-ed187d2800d2,2022-09-26,1,110,110,110
1ee99c16-9ae0-4bb7-8c46-ed187d2800d2,2022-10-10,1,49.99,49.99,49.99
1ee99c16-9ae0-4bb7-8c46-ed187d2800d2,2022-11-07,1,146.63,146.63,146.63
1ee99c16-9ae0-4bb7-8c46-ed187d2800d2,2022-11-21,1,53,53,53
1ee99c16-9ae0-4bb7-8c46-ed187d2800d2,2022-12-12,1,63.12,63.12,63.12
1ee99c16-9ae0-4bb7-8c46-ed187d2800d2,2022-12-26,2,118,112,124
1ee99c16-9ae0-4bb7-8c46-ed187d2800d2,2023-01-09,1,88.8,88.8,88.8
1ee99c16-9ae0-4bb7-8c46-ed187d2800d2,2023-01-23,1,76,76,76
1ee99c16-9ae0-4bb7-8c46-ed187d2800d2,2023-02-20,1,50,50,50
1ee99c16-9ae0-4bb7-8c46-ed187d2800d2,2023-02-27,1,60,60,60
1ee99c16-9ae0-4bb7-8c46-ed187d2800d2,2023-03-13,1,56,56,56
1ee99c16-9ae0-4bb7-8c46-ed187d2800d2,2023-03-20,2,84.5,57,112
1ee99c16-9ae0-4bb7-8c46-ed187d2800d2,2023-04-03,1,86,86,86
1ee99c16-9ae0-4bb7-8c46-ed187d2800d2,2023-04-10,2,86.5,63,109.99
1ee99c16-9ae0-4bb7-8c46-ed187d2800d2,2023-04-24,1,64,64,64
1ee99c16-9ae0-4bb7-8c46-ed187d2800d2,2023-05-08,1,180.51,180.51,180.51
1ee99c16-9ae0-4bb7-8c46-ed187d2800d2,2023-07-24,2,80.75,80.28,81.22
1ee99c16-9ae0-4bb7-8c46-ed187d2800d2,2023-08-14,1,84.99,84.99,84.99
1ee99c16-9ae0-4bb7-8c46-ed187d2800d2,2023-08-28,1,57.6,57.6,57.6
1ee99c16-9ae0-4bb7-8c46-ed187d2800d2,2023-10-02,1,89,89,89
1ee99c16-9ae0-4bb7-8c46-ed187d2800d2,2023-10-23,1,65,65,65
1ee99c16-9ae0-4bb7-8c46-ed187d2800d2,2023-11-13,1,69.99,69.99,69.99
1ee99c16-9ae0-4bb7-8c46-ed187d2800d2,2023-11-20,2,88.97,88.95,89
1ee99c16-9ae0-4bb7-8c46-ed187d2800d2,2023-12-25,2,121.25,89,153.5
1ee99c16-9ae0-4bb7-8c46-ed187d2800d2,2024-02-12,1,81,81,81
1ee99c16-9ae0-4bb7-8c46-ed187d2800d2,2024-02-26,1,64.12,64.12,64.12
1ee99c16-9ae0-4bb7-8c46-ed187d2800d2,2024-03-04,1,180.01,180.01,180.01
1ee99c16-9ae0-4bb7-8c46-ed187d2800d2,2024-03-11,2,69.6,67.2,72
1ee99c16-9ae0-4bb7-8c46-ed187d2800d2,2024-03-25,1,130,130,130
1ee99c16-9ae0-4bb7-8c46-ed187d2800d2,2024-04-08,1,100,100,100
1ee99c16-9ae0-4bb7-8c46-ed187d2800d2,2024-06-10,1,121.1,121.1,121.1
1ee99c16-9ae0-4bb7-8c46-ed187d2800d2,2024-09-09,1,132.5,132.5,132.5
1ee99c16-9ae0-4bb7-8c46-ed187d2800d2,2024-09-30,1,107.11,107.11,107.11
1ee99c16-9ae0-4bb7-8c46-ed187d2800d2,2024-10-28,1,149,149,149
1ee99c16-9ae0-4bb7-8c46-ed187d2800d2,2024-11-04,1,130,130,130
1ee99c16-9ae0-4bb7-8c46-ed187d2800d2,2024-11-25,1,188.92,188.92,188.92
1ee99c16-9ae0-4bb7-8c46-ed187d2800d2,2024-12-16,1,117.5,117.5,117.5
1ee99c16-9ae0-4bb7-8c46-ed187d2800d2,2024-12-23,2,160.78,155.5,166.05
1ee99c16-9ae0-4bb7-8c46-ed187d2800d2,2024-12-30,2,160.83,160,161.67
1ee99c16-9ae0-4bb7-8c46-ed187d2800d2,2025-02-17,1,152.5,152.5,152.5
1ee99c16-9ae0-4bb7-8c46-ed187d2800d2,2025-02-24,1,199.99,199.99,199.99
1ee99c16-9ae0-4bb7-8c46-ed187d2800d2,2025-04-14,1,200,200,200
1ee99c16-9ae0-4bb7-8c46-ed187d2800d2,2025-05-05,1,203.5,203.5,203.5
1ee99c16-9ae0-4bb7-8c46-ed187d2800d2,2025-05-26,1,215,215,215
1ee99c16-9ae0-4bb7-8c46-ed187d2800d2,2025-06-09,1,188.97,188.97,188.97
1ee99c16-9ae0-4bb7-8c46-ed187d2800d2,2025-09-01,1,231.1,231.1,231.1
1ee99c16-9ae0-4bb7-8c46-ed187d2800d2,2025-09-15,1,187.5,187.5,187.5
1ee99c16-9ae0-4bb7-8c46-ed187d2800d2,2025-10-06,1,234.99,234.99,234.99
1ee99c16-9ae0-4bb7-8c46-ed187d2800d2,2025-10-27,1,250,250,250
1ee99c16-9ae0-4bb7-8c46-ed187d2800d2,2025-11-10,2,260,220,300
1ee99c16-9ae0-4bb7-8c46-ed187d2800d2,2025-12-15,1,255,255,255
1ee99c16-9ae0-4bb7-8c46-ed187d2800d2,2026-01-12,1,500,500,500
1ee99c16-9ae0-4bb7-8c46-ed187d2800d2,2026-03-23,1,354.36,354.36,354.36
1ee99c16-9ae0-4bb7-8c46-ed187d2800d2,2026-04-06,1,415,415,415
1ee99c16-9ae0-4bb7-8c46-ed187d2800d2,2026-04-20,1,489.99,489.99,489.99
1ee99c16-9ae0-4bb7-8c46-ed187d2800d2,2026-05-11,1,410,410,410
1ee99c16-9ae0-4bb7-8c46-ed187d2800d2,2026-05-18,1,373.88,373.88,373.88
1ee99c16-9ae0-4bb7-8c46-ed187d2800d2,2026-05-25,1,411,411,411
1ee99c16-9ae0-4bb7-8c46-ed187d2800d2,2026-06-01,2,354,338,370
1ee99c16-9ae0-4bb7-8c46-ed187d2800d2,2026-06-08,3,403.2,350,489.95
1ee99c16-9ae0-4bb7-8c46-ed187d2800d2,2026-06-22,1,399,399,399
1ee99c16-9ae0-4bb7-8c46-ed187d2800d2,2026-06-29,1,600,600,600
1eee2786-0ab2-4e8b-83c5-ca1a23a42cb3,2021-04-12,1,120,120,120
1eee2786-0ab2-4e8b-83c5-ca1a23a42cb3,2021-04-19,1,84.95,84.95,84.95
1eee2786-0ab2-4e8b-83c5-ca1a23a42cb3,2021-08-16,1,200,200,200
1eee2786-0ab2-4e8b-83c5-ca1a23a42cb3,2022-07-18,1,49,49,49
1eee2786-0ab2-4e8b-83c5-ca1a23a42cb3,2022-08-08,1,70,70,70
1eee2786-0ab2-4e8b-83c5-ca1a23a42cb3,2022-11-28,2,30.8,23,38.61
1eee2786-0ab2-4e8b-83c5-ca1a23a42cb3,2022-12-26,2,44,40,48
1eee2786-0ab2-4e8b-83c5-ca1a23a42cb3,2023-03-06,1,38,38,38
1eee2786-0ab2-4e8b-83c5-ca1a23a42cb3,2023-04-17,2,50.82,44.76,56.88
1eee2786-0ab2-4e8b-83c5-ca1a23a42cb3,2023-05-08,1,60,60,60
1eee2786-0ab2-4e8b-83c5-ca1a23a42cb3,2023-06-19,2,48.5,47,49.99
1eee2786-0ab2-4e8b-83c5-ca1a23a42cb3,2023-07-03,1,34,34,34
1eee2786-0ab2-4e8b-83c5-ca1a23a42cb3,2023-09-25,1,47.06,47.06,47.06
1eee2786-0ab2-4e8b-83c5-ca1a23a42cb3,2023-10-02,1,58.54,58.54,58.54
1eee2786-0ab2-4e8b-83c5-ca1a23a42cb3,2023-10-16,1,60,60,60
1eee2786-0ab2-4e8b-83c5-ca1a23a42cb3,2023-12-25,1,40,40,40
1eee2786-0ab2-4e8b-83c5-ca1a23a42cb3,2024-01-08,1,62,62,62
1eee2786-0ab2-4e8b-83c5-ca1a23a42cb3,2024-01-15,1,64.99,64.99,64.99
1eee2786-0ab2-4e8b-83c5-ca1a23a42cb3,2024-03-18,1,56.74,56.74,56.74
1eee2786-0ab2-4e8b-83c5-ca1a23a42cb3,2024-05-06,1,70,70,70
1eee2786-0ab2-4e8b-83c5-ca1a23a42cb3,2024-05-13,1,56.99,56.99,56.99
1eee2786-0ab2-4e8b-83c5-ca1a23a42cb3,2024-06-10,1,75,75,75
1eee2786-0ab2-4e8b-83c5-ca1a23a42cb3,2024-06-17,1,56,56,56
1eee2786-0ab2-4e8b-83c5-ca1a23a42cb3,2024-07-08,1,57.05,57.05,57.05
1eee2786-0ab2-4e8b-83c5-ca1a23a42cb3,2024-07-15,1,80,80,80
1eee2786-0ab2-4e8b-83c5-ca1a23a42cb3,2024-09-02,1,46,46,46
1eee2786-0ab2-4e8b-83c5-ca1a23a42cb3,2024-09-23,1,40,40,40
1eee2786-0ab2-4e8b-83c5-ca1a23a42cb3,2024-11-11,2,91.47,68,114.95
1eee2786-0ab2-4e8b-83c5-ca1a23a42cb3,2024-11-18,1,79.99,79.99,79.99
1eee2786-0ab2-4e8b-83c5-ca1a23a42cb3,2024-12-16,1,75,75,75
1eee2786-0ab2-4e8b-83c5-ca1a23a42cb3,2025-01-06,1,64.03,64.03,64.03
1eee2786-0ab2-4e8b-83c5-ca1a23a42cb3,2025-02-03,1,104.99,104.99,104.99
1eee2786-0ab2-4e8b-83c5-ca1a23a42cb3,2025-03-03,1,70,70,70
1eee2786-0ab2-4e8b-83c5-ca1a23a42cb3,2025-03-10,1,110,110,110
1eee2786-0ab2-4e8b-83c5-ca1a23a42cb3,2025-04-28,1,149.99,149.99,149.99
1eee2786-0ab2-4e8b-83c5-ca1a23a42cb3,2025-08-04,2,162.72,127.5,197.94
1eee2786-0ab2-4e8b-83c5-ca1a23a42cb3,2025-08-11,1,250,250,250
1eee2786-0ab2-4e8b-83c5-ca1a23a42cb3,2025-08-25,2,256.25,237.5,274.99
1eee2786-0ab2-4e8b-83c5-ca1a23a42cb3,2025-09-08,1,225,225,225
1eee2786-0ab2-4e8b-83c5-ca1a23a42cb3,2025-10-06,1,180,180,180
1eee2786-0ab2-4e8b-83c5-ca1a23a42cb3,2025-11-17,1,250,250,250
1eee2786-0ab2-4e8b-83c5-ca1a23a42cb3,2025-12-01,1,250,250,250
1eee2786-0ab2-4e8b-83c5-ca1a23a42cb3,2026-01-05,1,209.5,209.5,209.5
1eee2786-0ab2-4e8b-83c5-ca1a23a42cb3,2026-01-12,1,260.69,260.69,260.69
1eee2786-0ab2-4e8b-83c5-ca1a23a42cb3,2026-03-02,2,224.25,186,262.49
1eee2786-0ab2-4e8b-83c5-ca1a23a42cb3,2026-03-23,1,185.5,185.5,185.5
1eee2786-0ab2-4e8b-83c5-ca1a23a42cb3,2026-04-27,2,237.25,204.5,270
1eee2786-0ab2-4e8b-83c5-ca1a23a42cb3,2026-05-18,1,290,290,290
1eee2786-0ab2-4e8b-83c5-ca1a23a42cb3,2026-05-25,2,324.79,289.58,360
1eee2786-0ab2-4e8b-83c5-ca1a23a42cb3,2026-06-01,2,300.5,300,301
1eee2786-0ab2-4e8b-83c5-ca1a23a42cb3,2026-06-29,1,290,290,290
1eee2786-0ab2-4e8b-83c5-ca1a23a42cb3,2026-07-20,1,330.33,330.33,330.33
1eee2786-0ab2-4e8b-83c5-ca1a23a42cb3,2026-08-24,2,367.5,325,410
1eee2786-0ab2-4e8b-83c5-ca1a23a42cb3,2026-09-07,1,400,400,400
1eef5d6c-4c6c-4640-8fe4-6dcea48de03e,2025-08-18,1,31,31,31
1eef5d6c-4c6c-4640-8fe4-6dcea48de03e,2025-09-15,1,31.35,31.35,31.35
1eef5d6c-4c6c-4640-8fe4-6dcea48de03e,2025-12-08,2,41.48,40.95,42
1eef5d6c-4c6c-4640-8fe4-6dcea48de03e,2025-12-15,1,43,43,43
1eef5d6c-4c6c-4640-8fe4-6dcea48de03e,2025-12-22,1,38,38,38
1eef5d6c-4c6c-4640-8fe4-6dcea48de03e,2026-01-26,1,28,28,28
1eef5d6c-4c6c-4640-8fe4-6dcea48de03e,2026-04-13,2,31.1,31,31.2
1eef5d6c-4c6c-4640-8fe4-6dcea48de03e,2026-05-18,1,45.99,45.99,45.99
1eef5d6c-4c6c-4640-8fe4-6dcea48de03e,2026-07-13,1,44.85,44.85,44.85
1ef0ad9d-7410-4eff-9f7b-76a902a9a41e,2023-11-27,1,21.5,21.5,21.5
1ef0ad9d-7410-4eff-9f7b-76a902a9a41e,2023-12-11,1,16.8,16.8,16.8
1ef0ad9d-7410-4eff-9f7b-76a902a9a41e,2023-12-25,1,40,40,40
1ef0ad9d-7410-4eff-9f7b-76a902a9a41e,2024-12-30,1,80,80,80
1ef0ad9d-7410-4eff-9f7b-76a902a9a41e,2025-12-08,1,48.79,48.79,48.79
1ef0ad9d-7410-4eff-9f7b-76a902a9a41e,2026-04-13,1,39,39,39
1ef0ad9d-7410-4eff-9f7b-76a902a9a41e,2026-06-22,1,60,60,60
1ef0ad9d-7410-4eff-9f7b-76a902a9a41e,2026-07-13,1,51,51,51
1ef0ad9d-7410-4eff-9f7b-76a902a9a41e,2026-08-17,3,47.69,40.52,70
1ef0fc29-d76f-4406-b505-d75299e1d20c,2025-08-25,1,175,175,175
1ef0fc29-d76f-4406-b505-d75299e1d20c,2025-09-08,1,405,405,405
1ef0fc29-d76f-4406-b505-d75299e1d20c,2025-09-15,1,199.99,199.99,199.99
1ef0fc29-d76f-4406-b505-d75299e1d20c,2025-09-22,1,217.5,217.5,217.5
1ef0fc29-d76f-4406-b505-d75299e1d20c,2025-09-29,2,175.25,170,180.5
1ef0fc29-d76f-4406-b505-d75299e1d20c,2025-10-13,4,173.75,170,175
1ef0fc29-d76f-4406-b505-d75299e1d20c,2025-10-20,1,170,170,170
1ef0fc29-d76f-4406-b505-d75299e1d20c,2025-11-03,1,172.5,172.5,172.5
1ef0fc29-d76f-4406-b505-d75299e1d20c,2025-11-17,3,125,90.46,180
1ef0fc29-d76f-4406-b505-d75299e1d20c,2025-11-24,1,200,200,200
1ef0fc29-d76f-4406-b505-d75299e1d20c,2025-12-29,1,189,189,189
1ef0fc29-d76f-4406-b505-d75299e1d20c,2026-01-12,1,171,171,171
1ef0fc29-d76f-4406-b505-d75299e1d20c,2026-01-26,1,170.99,170.99,170.99
1ef0fc29-d76f-4406-b505-d75299e1d20c,2026-02-02,2,160,160,160
1ef0fc29-d76f-4406-b505-d75299e1d20c,2026-02-09,1,161.5,161.5,161.5
1ef0fc29-d76f-4406-b505-d75299e1d20c,2026-03-02,1,169.99,169.99,169.99
1ef0fc29-d76f-4406-b505-d75299e1d20c,2026-03-09,2,150,150,150
1ef0fc29-d76f-4406-b505-d75299e1d20c,2026-03-16,1,160,160,160
1ef0fc29-d76f-4406-b505-d75299e1d20c,2026-03-23,8,187.5,160,199.99
1ef0fc29-d76f-4406-b505-d75299e1d20c,2026-03-30,3,203,196,225
1ef0fc29-d76f-4406-b505-d75299e1d20c,2026-04-13,2,185,180,190
1ef0fc29-d76f-4406-b505-d75299e1d20c,2026-04-20,3,200.5,197.5,220
1ef0fc29-d76f-4406-b505-d75299e1d20c,2026-04-27,1,196,196,196
1ef0fc29-d76f-4406-b505-d75299e1d20c,2026-05-04,3,239.99,225,275
1ef0fc29-d76f-4406-b505-d75299e1d20c,2026-05-11,2,477.44,454.94,499.95
1ef0fc29-d76f-4406-b505-d75299e1d20c,2026-05-18,2,336.19,258.39,414
1ef0fc29-d76f-4406-b505-d75299e1d20c,2026-05-25,6,412.84,400,476.72
1ef0fc29-d76f-4406-b505-d75299e1d20c,2026-06-01,4,475,420,500
1ef0fc29-d76f-4406-b505-d75299e1d20c,2026-06-08,2,494.99,489.99,499.99
1ef0fc29-d76f-4406-b505-d75299e1d20c,2026-06-15,2,505.89,461.78,550
1ef0fc29-d76f-4406-b505-d75299e1d20c,2026-07-06,2,387.5,370,405
1ef0fc29-d76f-4406-b505-d75299e1d20c,2026-07-27,1,495,495,495
1ef0fc29-d76f-4406-b505-d75299e1d20c,2026-08-17,2,487.75,475.5,500
1ef0fc29-d76f-4406-b505-d75299e1d20c,2026-08-24,1,357,357,357
1ef0fc29-d76f-4406-b505-d75299e1d20c,2026-08-31,2,406,357,455
1ef0fc29-d76f-4406-b505-d75299e1d20c,2026-09-07,1,395,395,395
1ef15194-cca1-4cea-b260-a05c1dabe4c8,2021-08-16,1,51,51,51
1ef15194-cca1-4cea-b260-a05c1dabe4c8,2022-07-11,1,20,20,20
1ef15194-cca1-4cea-b260-a05c1dabe4c8,2022-08-01,1,37,37,37
1ef15194-cca1-4cea-b260-a05c1dabe4c8,2022-09-05,1,40.9,40.9,40.9
1ef15194-cca1-4cea-b260-a05c1dabe4c8,2022-09-12,1,40.8,40.8,40.8
1ef15194-cca1-4cea-b260-a05c1dabe4c8,2022-10-03,1,39.99,39.99,39.99
1ef15194-cca1-4cea-b260-a05c1dabe4c8,2022-10-24,1,29.99,29.99,29.99
1ef15194-cca1-4cea-b260-a05c1dabe4c8,2022-12-05,1,22,22,22
1ef15194-cca1-4cea-b260-a05c1dabe4c8,2023-02-06,1,44.99,44.99,44.99
1ef15194-cca1-4cea-b260-a05c1dabe4c8,2023-02-13,1,89.98,89.98,89.98
1ef15194-cca1-4cea-b260-a05c1dabe4c8,2023-02-27,1,32,32,32
1ef15194-cca1-4cea-b260-a05c1dabe4c8,2023-03-27,1,26,26,26
1ef15194-cca1-4cea-b260-a05c1dabe4c8,2023-05-01,1,22.5,22.5,22.5
1ef15194-cca1-4cea-b260-a05c1dabe4c8,2023-05-08,1,19.95,19.95,19.95
1ef15194-cca1-4cea-b260-a05c1dabe4c8,2023-05-22,2,23.92,22.5,25.34
1ef15194-cca1-4cea-b260-a05c1dabe4c8,2023-05-29,2,29.25,23.5,35
1ef15194-cca1-4cea-b260-a05c1dabe4c8,2023-06-12,1,22.5,22.5,22.5
1ef15194-cca1-4cea-b260-a05c1dabe4c8,2023-06-19,3,27.37,27,38.39
1ef15194-cca1-4cea-b260-a05c1dabe4c8,2023-06-26,1,22.5,22.5,22.5
1ef15194-cca1-4cea-b260-a05c1dabe4c8,2023-07-17,2,20.8,15.6,26
1ef15194-cca1-4cea-b260-a05c1dabe4c8,2023-07-24,1,16.04,16.04,16.04
1ef15194-cca1-4cea-b260-a05c1dabe4c8,2023-07-31,2,18.25,18,18.5
1ef15194-cca1-4cea-b260-a05c1dabe4c8,2023-08-21,3,27,18.5,30
1ef15194-cca1-4cea-b260-a05c1dabe4c8,2023-09-04,1,29,29,29
1ef15194-cca1-4cea-b260-a05c1dabe4c8,2023-09-11,1,17.5,17.5,17.5
1ef15194-cca1-4cea-b260-a05c1dabe4c8,2023-11-06,1,24.73,24.73,24.73
1ef15194-cca1-4cea-b260-a05c1dabe4c8,2023-11-13,1,37.99,37.99,37.99
1ef15194-cca1-4cea-b260-a05c1dabe4c8,2023-11-20,1,16.5,16.5,16.5
1ef15194-cca1-4cea-b260-a05c1dabe4c8,2023-12-11,1,22.8,22.8,22.8
1ef15194-cca1-4cea-b260-a05c1dabe4c8,2023-12-18,1,34.9,34.9,34.9
1ef15194-cca1-4cea-b260-a05c1dabe4c8,2023-12-25,1,31.45,31.45,31.45
1ef15194-cca1-4cea-b260-a05c1dabe4c8,2024-01-29,1,13.5,13.5,13.5
1ef15194-cca1-4cea-b260-a05c1dabe4c8,2024-03-11,1,14,14,14
1ef15194-cca1-4cea-b260-a05c1dabe4c8,2024-04-29,1,7.5,7.5,7.5
1ef15194-cca1-4cea-b260-a05c1dabe4c8,2024-05-20,1,21.98,21.98,21.98
1ef15194-cca1-4cea-b260-a05c1dabe4c8,2024-05-27,1,43.22,43.22,43.22
1ef15194-cca1-4cea-b260-a05c1dabe4c8,2024-06-03,2,50.36,46.73,54
1ef15194-cca1-4cea-b260-a05c1dabe4c8,2024-07-01,1,33.27,33.27,33.27
1ef15194-cca1-4cea-b260-a05c1dabe4c8,2024-07-15,2,20.24,19.99,20.5
1ef15194-cca1-4cea-b260-a05c1dabe4c8,2024-08-26,1,13.5,13.5,13.5
1ef15194-cca1-4cea-b260-a05c1dabe4c8,2024-12-23,1,17.04,17.04,17.04
1ef15194-cca1-4cea-b260-a05c1dabe4c8,2024-12-30,1,27,27,27
1ef15194-cca1-4cea-b260-a05c1dabe4c8,2025-01-06,1,35.99,35.99,35.99
1ef15194-cca1-4cea-b260-a05c1dabe4c8,2025-02-03,1,25,25,25
1ef15194-cca1-4cea-b260-a05c1dabe4c8,2025-03-31,1,25,25,25
1ef15194-cca1-4cea-b260-a05c1dabe4c8,2025-05-12,2,27.49,24.99,30
1ef15194-cca1-4cea-b260-a05c1dabe4c8,2025-05-19,1,35,35,35
1ef15194-cca1-4cea-b260-a05c1dabe4c8,2025-05-26,1,31.2,31.2,31.2
1ef15194-cca1-4cea-b260-a05c1dabe4c8,2025-07-07,1,39.99,39.99,39.99
1ef15194-cca1-4cea-b260-a05c1dabe4c8,2025-07-14,1,34.99,34.99,34.99
1ef15194-cca1-4cea-b260-a05c1dabe4c8,2025-07-21,1,34,34,34
1ef15194-cca1-4cea-b260-a05c1dabe4c8,2025-09-15,1,32.99,32.99,32.99
1ef15194-cca1-4cea-b260-a05c1dabe4c8,2025-09-29,1,39.99,39.99,39.99
1ef15194-cca1-4cea-b260-a05c1dabe4c8,2025-10-06,1,34.99,34.99,34.99
1ef15194-cca1-4cea-b260-a05c1dabe4c8,2025-12-08,1,40,40,40
1ef15194-cca1-4cea-b260-a05c1dabe4c8,2025-12-15,1,30,30,30
1ef15194-cca1-4cea-b260-a05c1dabe4c8,2025-12-22,1,37,37,37
1ef15194-cca1-4cea-b260-a05c1dabe4c8,2026-02-16,1,19.2,19.2,19.2
1ef15194-cca1-4cea-b260-a05c1dabe4c8,2026-02-23,2,44.34,34.99,53.69
1ef15194-cca1-4cea-b260-a05c1dabe4c8,2026-03-02,2,41.94,37,46.88
1ef15194-cca1-4cea-b260-a05c1dabe4c8,2026-03-23,1,59.95,59.95,59.95
1ef15194-cca1-4cea-b260-a05c1dabe4c8,2026-03-30,2,33,31,34.99
1ef15194-cca1-4cea-b260-a05c1dabe4c8,2026-04-06,1,43,43,43
1ef15194-cca1-4cea-b260-a05c1dabe4c8,2026-04-20,1,64.48,64.48,64.48
1ef15194-cca1-4cea-b260-a05c1dabe4c8,2026-04-27,1,42.99,42.99,42.99
1ef15194-cca1-4cea-b260-a05c1dabe4c8,2026-05-18,1,45.94,45.94,45.94
1ef15194-cca1-4cea-b260-a05c1dabe4c8,2026-06-01,2,77.31,49.95,104.67
1ef15194-cca1-4cea-b260-a05c1dabe4c8,2026-06-15,2,42.69,39.99,45.38
1ef15194-cca1-4cea-b260-a05c1dabe4c8,2026-06-22,1,52,52,52
1ef15194-cca1-4cea-b260-a05c1dabe4c8,2026-07-27,1,35,35,35
1ef15194-cca1-4cea-b260-a05c1dabe4c8,2026-08-03,1,42.99,42.99,42.99
1ef15194-cca1-4cea-b260-a05c1dabe4c8,2026-08-31,1,100,100,100
1ef15194-cca1-4cea-b260-a05c1dabe4c8,2026-09-07,1,43.06,43.06,43.06
1ef3b102-73cd-458d-a6e0-ec7c7b1718a2,2023-01-16,1,100,100,100
1ef3b102-73cd-458d-a6e0-ec7c7b1718a2,2023-02-13,1,28,28,28
1ef3b102-73cd-458d-a6e0-ec7c7b1718a2,2023-03-06,1,35,35,35
1ef3b102-73cd-458d-a6e0-ec7c7b1718a2,2023-03-13,1,32.99,32.99,32.99
1ef3b102-73cd-458d-a6e0-ec7c7b1718a2,2023-04-17,1,35,35,35
1ef3b102-73cd-458d-a6e0-ec7c7b1718a2,2023-05-08,1,35,35,35
1ef3b102-73cd-458d-a6e0-ec7c7b1718a2,2023-07-03,1,25,25,25
1ef3b102-73cd-458d-a6e0-ec7c7b1718a2,2023-08-14,1,27.6,27.6,27.6
1ef3b102-73cd-458d-a6e0-ec7c7b1718a2,2023-09-18,1,30,30,30
1ef3b102-73cd-458d-a6e0-ec7c7b1718a2,2023-10-23,1,21.5,21.5,21.5
1ef3b102-73cd-458d-a6e0-ec7c7b1718a2,2023-11-13,1,36,36,36
1ef3b102-73cd-458d-a6e0-ec7c7b1718a2,2023-12-04,1,31.99,31.99,31.99
1ef3b102-73cd-458d-a6e0-ec7c7b1718a2,2024-01-15,1,25,25,25
1ef3b102-73cd-458d-a6e0-ec7c7b1718a2,2024-02-12,1,15.5,15.5,15.5
1ef3b102-73cd-458d-a6e0-ec7c7b1718a2,2024-06-24,1,11.5,11.5,11.5
1ef3b102-73cd-458d-a6e0-ec7c7b1718a2,2024-07-22,1,59.99,59.99,59.99
1ef3b102-73cd-458d-a6e0-ec7c7b1718a2,2024-08-26,1,21.5,21.5,21.5
1ef3b102-73cd-458d-a6e0-ec7c7b1718a2,2024-10-28,1,21.99,21.99,21.99
1ef3b102-73cd-458d-a6e0-ec7c7b1718a2,2024-11-18,1,40,40,40
1ef3b102-73cd-458d-a6e0-ec7c7b1718a2,2024-12-02,1,43.99,43.99,43.99
1ef3b102-73cd-458d-a6e0-ec7c7b1718a2,2025-01-13,1,44.99,44.99,44.99
1ef3b102-73cd-458d-a6e0-ec7c7b1718a2,2025-02-10,1,33.75,33.75,33.75
1ef3b102-73cd-458d-a6e0-ec7c7b1718a2,2025-05-19,1,73,73,73
1ef3b102-73cd-458d-a6e0-ec7c7b1718a2,2025-05-26,1,70,70,70
1ef3b102-73cd-458d-a6e0-ec7c7b1718a2,2025-07-21,1,20.5,20.5,20.5
1ef3b102-73cd-458d-a6e0-ec7c7b1718a2,2025-08-04,1,52,52,52
1ef3b102-73cd-458d-a6e0-ec7c7b1718a2,2025-11-10,1,46,46,46
1ef3b102-73cd-458d-a6e0-ec7c7b1718a2,2025-12-15,1,55,55,55
1ef3b102-73cd-458d-a6e0-ec7c7b1718a2,2025-12-22,1,65,65,65
1ef3b102-73cd-458d-a6e0-ec7c7b1718a2,2026-01-26,1,135,135,135
1ef3b102-73cd-458d-a6e0-ec7c7b1718a2,2026-02-16,1,54.79,54.79,54.79
1ef3b102-73cd-458d-a6e0-ec7c7b1718a2,2026-02-23,1,31,31,31
1ef3b102-73cd-458d-a6e0-ec7c7b1718a2,2026-03-02,1,71,71,71
1ef3b102-73cd-458d-a6e0-ec7c7b1718a2,2026-03-23,1,109,109,109
1ef3b102-73cd-458d-a6e0-ec7c7b1718a2,2026-04-20,2,147.25,144.5,150
1ef3b102-73cd-458d-a6e0-ec7c7b1718a2,2026-04-27,2,149.5,130,169
1ef3b102-73cd-458d-a6e0-ec7c7b1718a2,2026-06-08,1,170,170,170
1ef3b102-73cd-458d-a6e0-ec7c7b1718a2,2026-06-15,1,167.5,167.5,167.5
1ef3b102-73cd-458d-a6e0-ec7c7b1718a2,2026-06-22,1,103.5,103.5,103.5
1ef3b102-73cd-458d-a6e0-ec7c7b1718a2,2026-08-03,1,120,120,120
1ef3b102-73cd-458d-a6e0-ec7c7b1718a2,2026-09-07,1,157.99,157.99,157.99
1ef800ec-72f8-4eec-ba0f-271a9f03bdf6,2023-06-12,1,69.99,69.99,69.99
1ef800ec-72f8-4eec-ba0f-271a9f03bdf6,2023-08-07,1,36,36,36
1ef800ec-72f8-4eec-ba0f-271a9f03bdf6,2023-09-11,1,54.99,54.99,54.99
1ef800ec-72f8-4eec-ba0f-271a9f03bdf6,2023-09-18,1,49.99,49.99,49.99
1ef800ec-72f8-4eec-ba0f-271a9f03bdf6,2023-11-06,1,39.99,39.99,39.99
1ef800ec-72f8-4eec-ba0f-271a9f03bdf6,2024-01-15,1,50,50,50
1ef800ec-72f8-4eec-ba0f-271a9f03bdf6,2024-05-06,1,58.99,58.99,58.99
1ef800ec-72f8-4eec-ba0f-271a9f03bdf6,2024-08-26,1,59.99,59.99,59.99
1ef800ec-72f8-4eec-ba0f-271a9f03bdf6,2024-10-21,1,52.19,52.19,52.19
1ef800ec-72f8-4eec-ba0f-271a9f03bdf6,2024-12-02,1,44.99,44.99,44.99
1ef800ec-72f8-4eec-ba0f-271a9f03bdf6,2025-03-10,1,49.49,49.49,49.49
1ef800ec-72f8-4eec-ba0f-271a9f03bdf6,2025-05-05,2,49.99,49.99,49.99
1ef800ec-72f8-4eec-ba0f-271a9f03bdf6,2025-05-12,2,54.99,49.99,59.99
1ef800ec-72f8-4eec-ba0f-271a9f03bdf6,2025-07-28,1,49.99,49.99,49.99
1ef800ec-72f8-4eec-ba0f-271a9f03bdf6,2025-08-04,1,60,60,60
1ef800ec-72f8-4eec-ba0f-271a9f03bdf6,2025-10-13,1,77.98,77.98,77.98
1ef800ec-72f8-4eec-ba0f-271a9f03bdf6,2025-10-27,1,76,76,76
1ef800ec-72f8-4eec-ba0f-271a9f03bdf6,2025-12-15,2,89,76,102
1ef800ec-72f8-4eec-ba0f-271a9f03bdf6,2026-03-30,1,165.5,165.5,165.5
1ef800ec-72f8-4eec-ba0f-271a9f03bdf6,2026-04-20,1,210.5,210.5,210.5
1ef800ec-72f8-4eec-ba0f-271a9f03bdf6,2026-04-27,1,213.5,213.5,213.5
1ef800ec-72f8-4eec-ba0f-271a9f03bdf6,2026-05-11,1,89,89,89
1ef800ec-72f8-4eec-ba0f-271a9f03bdf6,2026-07-20,1,208.25,208.25,208.25
1ef800ec-72f8-4eec-ba0f-271a9f03bdf6,2026-08-03,5,120.58,114.5,158.19
1ef800ec-72f8-4eec-ba0f-271a9f03bdf6,2026-08-17,2,121.75,118.5,125
1ef800ec-72f8-4eec-ba0f-271a9f03bdf6,2026-08-24,2,107.5,95,120
1ef800ec-72f8-4eec-ba0f-271a9f03bdf6,2026-08-31,1,100,100,100
1ef800ec-72f8-4eec-ba0f-271a9f03bdf6,2026-09-07,1,83,83,83
1efb8417-e265-4ccb-b7e4-b527a0a0a58c,2022-08-22,1,13.5,13.5,13.5
1efb8417-e265-4ccb-b7e4-b527a0a0a58c,2025-03-10,1,19.99,19.99,19.99
1efbdfba-ef5d-4a27-9b1e-527e84fbe27d,2023-08-28,1,31,31,31
1efbdfba-ef5d-4a27-9b1e-527e84fbe27d,2023-09-25,1,60,60,60
1efbdfba-ef5d-4a27-9b1e-527e84fbe27d,2024-06-17,1,150,150,150
1efbdfba-ef5d-4a27-9b1e-527e84fbe27d,2024-07-29,1,40.8,40.8,40.8
1efbdfba-ef5d-4a27-9b1e-527e84fbe27d,2024-09-30,1,112.5,112.5,112.5
1efbdfba-ef5d-4a27-9b1e-527e84fbe27d,2024-10-28,1,229.99,229.99,229.99
1efbdfba-ef5d-4a27-9b1e-527e84fbe27d,2024-11-18,1,71.75,71.75,71.75
1efbdfba-ef5d-4a27-9b1e-527e84fbe27d,2025-02-24,1,275,275,275
1efbdfba-ef5d-4a27-9b1e-527e84fbe27d,2025-03-24,2,197.47,145,249.95
1efbdfba-ef5d-4a27-9b1e-527e84fbe27d,2025-03-31,1,249,249,249
1efbdfba-ef5d-4a27-9b1e-527e84fbe27d,2025-04-07,1,185,185,185
1efbdfba-ef5d-4a27-9b1e-527e84fbe27d,2025-05-05,1,57,57,57
1efbdfba-ef5d-4a27-9b1e-527e84fbe27d,2025-05-19,1,143,143,143
1efbdfba-ef5d-4a27-9b1e-527e84fbe27d,2025-05-26,3,147.5,145,150
1efbdfba-ef5d-4a27-9b1e-527e84fbe27d,2025-06-23,1,127.5,127.5,127.5
1efbdfba-ef5d-4a27-9b1e-527e84fbe27d,2025-07-07,1,110.5,110.5,110.5
1efbdfba-ef5d-4a27-9b1e-527e84fbe27d,2025-08-25,1,115,115,115
1efbdfba-ef5d-4a27-9b1e-527e84fbe27d,2025-09-08,1,100,100,100
1efbdfba-ef5d-4a27-9b1e-527e84fbe27d,2025-10-06,2,161,149.5,172.5
1efbdfba-ef5d-4a27-9b1e-527e84fbe27d,2025-10-13,1,148,148,148
1efbdfba-ef5d-4a27-9b1e-527e84fbe27d,2025-10-27,2,191.25,182.5,200
1efbdfba-ef5d-4a27-9b1e-527e84fbe27d,2025-11-10,2,150.11,147.72,152.5
1efbdfba-ef5d-4a27-9b1e-527e84fbe27d,2025-12-22,1,111.52,111.52,111.52
1efbdfba-ef5d-4a27-9b1e-527e84fbe27d,2026-01-05,1,120,120,120
1efbdfba-ef5d-4a27-9b1e-527e84fbe27d,2026-03-02,1,139.99,139.99,139.99
1efbdfba-ef5d-4a27-9b1e-527e84fbe27d,2026-04-20,1,160,160,160
1efbdfba-ef5d-4a27-9b1e-527e84fbe27d,2026-04-27,1,170,170,170
1efbdfba-ef5d-4a27-9b1e-527e84fbe27d,2026-05-18,1,299.99,299.99,299.99
1efbdfba-ef5d-4a27-9b1e-527e84fbe27d,2026-06-08,1,198.5,198.5,198.5
1efbdfba-ef5d-4a27-9b1e-527e84fbe27d,2026-06-29,1,154.5,154.5,154.5
1efbdfba-ef5d-4a27-9b1e-527e84fbe27d,2026-07-06,1,164.06,164.06,164.06
1efbdfba-ef5d-4a27-9b1e-527e84fbe27d,2026-07-13,1,127.5,127.5,127.5
1efbdfba-ef5d-4a27-9b1e-527e84fbe27d,2026-07-20,1,210,210,210
1efc9b3f-d0fa-4d4f-91b0-a43eb7806cd8,2022-05-23,1,91,91,91
1efc9b3f-d0fa-4d4f-91b0-a43eb7806cd8,2022-06-06,1,150.5,150.5,150.5
1efc9b3f-d0fa-4d4f-91b0-a43eb7806cd8,2022-06-13,1,171.38,171.38,171.38
1efc9b3f-d0fa-4d4f-91b0-a43eb7806cd8,2022-08-29,1,131.07,131.07,131.07
1efc9b3f-d0fa-4d4f-91b0-a43eb7806cd8,2022-10-03,1,145,145,145
1efc9b3f-d0fa-4d4f-91b0-a43eb7806cd8,2022-10-10,1,162.73,162.73,162.73
1efc9b3f-d0fa-4d4f-91b0-a43eb7806cd8,2022-12-19,1,200,200,200
1efc9b3f-d0fa-4d4f-91b0-a43eb7806cd8,2023-01-16,1,183.26,183.26,183.26
1efc9b3f-d0fa-4d4f-91b0-a43eb7806cd8,2023-01-30,1,250,250,250
1efc9b3f-d0fa-4d4f-91b0-a43eb7806cd8,2023-03-13,1,250,250,250
1efc9b3f-d0fa-4d4f-91b0-a43eb7806cd8,2023-04-03,1,255,255,255
1efc9b3f-d0fa-4d4f-91b0-a43eb7806cd8,2023-05-08,1,411.99,411.99,411.99
1efc9b3f-d0fa-4d4f-91b0-a43eb7806cd8,2023-07-10,1,450,450,450
1efc9b3f-d0fa-4d4f-91b0-a43eb7806cd8,2023-07-17,1,450,450,450
1efc9b3f-d0fa-4d4f-91b0-a43eb7806cd8,2023-08-28,1,314.86,314.86,314.86
1efc9b3f-d0fa-4d4f-91b0-a43eb7806cd8,2023-09-11,1,475,475,475
1efc9b3f-d0fa-4d4f-91b0-a43eb7806cd8,2023-11-06,2,294.85,249.99,339.7
1efc9b3f-d0fa-4d4f-91b0-a43eb7806cd8,2023-11-27,1,281,281,281
1efc9b3f-d0fa-4d4f-91b0-a43eb7806cd8,2023-12-04,1,291,291,291
1efc9b3f-d0fa-4d4f-91b0-a43eb7806cd8,2024-03-18,1,198,198,198
1efc9b3f-d0fa-4d4f-91b0-a43eb7806cd8,2024-04-15,1,245.5,245.5,245.5
1efc9b3f-d0fa-4d4f-91b0-a43eb7806cd8,2024-04-22,2,221.25,182.5,260
1efc9b3f-d0fa-4d4f-91b0-a43eb7806cd8,2024-04-29,3,239.99,152,268.6
1efc9b3f-d0fa-4d4f-91b0-a43eb7806cd8,2024-05-06,1,210,210,210
1efc9b3f-d0fa-4d4f-91b0-a43eb7806cd8,2024-05-27,1,192,192,192
1efc9b3f-d0fa-4d4f-91b0-a43eb7806cd8,2024-06-10,2,153.98,68.57,239.39
1efc9b3f-d0fa-4d4f-91b0-a43eb7806cd8,2024-06-17,1,252.59,252.59,252.59
1efc9b3f-d0fa-4d4f-91b0-a43eb7806cd8,2024-07-01,3,185.85,172.46,190
1efc9b3f-d0fa-4d4f-91b0-a43eb7806cd8,2024-07-15,1,157.5,157.5,157.5
1efc9b3f-d0fa-4d4f-91b0-a43eb7806cd8,2024-07-29,2,207.5,190,225
1efc9b3f-d0fa-4d4f-91b0-a43eb7806cd8,2024-08-05,2,224.5,200,249
1efc9b3f-d0fa-4d4f-91b0-a43eb7806cd8,2024-08-12,2,252.12,214.18,290.06
1efc9b3f-d0fa-4d4f-91b0-a43eb7806cd8,2024-08-19,1,219.99,219.99,219.99
1efc9b3f-d0fa-4d4f-91b0-a43eb7806cd8,2024-08-26,1,195,195,195
1efc9b3f-d0fa-4d4f-91b0-a43eb7806cd8,2024-09-16,1,205,205,205
1efc9b3f-d0fa-4d4f-91b0-a43eb7806cd8,2024-10-21,1,183.05,183.05,183.05
1efc9b3f-d0fa-4d4f-91b0-a43eb7806cd8,2024-11-04,1,180,180,180
1efc9b3f-d0fa-4d4f-91b0-a43eb7806cd8,2024-11-11,1,204.05,204.05,204.05
1efc9b3f-d0fa-4d4f-91b0-a43eb7806cd8,2024-11-25,1,146.25,146.25,146.25
1efc9b3f-d0fa-4d4f-91b0-a43eb7806cd8,2024-12-02,1,224.99,224.99,224.99
1efc9b3f-d0fa-4d4f-91b0-a43eb7806cd8,2024-12-23,3,185,176.5,187.11
1efc9b3f-d0fa-4d4f-91b0-a43eb7806cd8,2025-01-06,1,239,239,239
1efc9b3f-d0fa-4d4f-91b0-a43eb7806cd8,2025-01-27,1,315,315,315
1efc9b3f-d0fa-4d4f-91b0-a43eb7806cd8,2025-02-24,1,255,255,255
1efc9b3f-d0fa-4d4f-91b0-a43eb7806cd8,2025-03-03,2,335,295,374.99
1efc9b3f-d0fa-4d4f-91b0-a43eb7806cd8,2025-03-10,1,500,500,500
1efc9b3f-d0fa-4d4f-91b0-a43eb7806cd8,2025-03-24,1,300,300,300
1efc9b3f-d0fa-4d4f-91b0-a43eb7806cd8,2025-04-07,1,369,369,369
1efc9b3f-d0fa-4d4f-91b0-a43eb7806cd8,2025-04-21,1,238.5,238.5,238.5
1efc9b3f-d0fa-4d4f-91b0-a43eb7806cd8,2025-04-28,1,385,385,385
1efc9b3f-d0fa-4d4f-91b0-a43eb7806cd8,2025-05-12,2,415,400,430
1efc9b3f-d0fa-4d4f-91b0-a43eb7806cd8,2025-05-26,1,380,380,380
1efc9b3f-d0fa-4d4f-91b0-a43eb7806cd8,2025-08-18,2,579.63,499.26,660
1efc9b3f-d0fa-4d4f-91b0-a43eb7806cd8,2025-09-08,1,840,840,840
1efc9b3f-d0fa-4d4f-91b0-a43eb7806cd8,2025-09-15,1,715.87,715.87,715.87
1efc9b3f-d0fa-4d4f-91b0-a43eb7806cd8,2025-09-22,1,769,769,769
1efc9b3f-d0fa-4d4f-91b0-a43eb7806cd8,2025-09-29,1,700,700,700
1efc9b3f-d0fa-4d4f-91b0-a43eb7806cd8,2025-10-06,2,562,375,749
1efc9b3f-d0fa-4d4f-91b0-a43eb7806cd8,2025-10-13,1,500,500,500
1efc9b3f-d0fa-4d4f-91b0-a43eb7806cd8,2025-10-27,2,665.85,655.01,676.69
1efc9b3f-d0fa-4d4f-91b0-a43eb7806cd8,2025-11-24,1,600,600,600
1efc9b3f-d0fa-4d4f-91b0-a43eb7806cd8,2025-12-15,2,650,600,700
1efc9b3f-d0fa-4d4f-91b0-a43eb7806cd8,2025-12-29,1,700,700,700
1efc9b3f-d0fa-4d4f-91b0-a43eb7806cd8,2026-01-05,4,750,700,770
1efc9b3f-d0fa-4d4f-91b0-a43eb7806cd8,2026-01-12,2,700,600,800
1efc9b3f-d0fa-4d4f-91b0-a43eb7806cd8,2026-02-09,2,840.6,781.2,900
1efc9b3f-d0fa-4d4f-91b0-a43eb7806cd8,2026-03-02,1,1448.74,1448.74,1448.74
1efc9b3f-d0fa-4d4f-91b0-a43eb7806cd8,2026-03-09,1,631.7,631.7,631.7
1efc9b3f-d0fa-4d4f-91b0-a43eb7806cd8,2026-03-23,1,865,865,865
1efc9b3f-d0fa-4d4f-91b0-a43eb7806cd8,2026-04-13,3,1000,800,1130
1efc9b3f-d0fa-4d4f-91b0-a43eb7806cd8,2026-04-20,1,1192.95,1192.95,1192.95
1efc9b3f-d0fa-4d4f-91b0-a43eb7806cd8,2026-04-27,1,931.22,931.22,931.22
1efc9b3f-d0fa-4d4f-91b0-a43eb7806cd8,2026-05-18,1,1331.69,1331.69,1331.69
1efc9b3f-d0fa-4d4f-91b0-a43eb7806cd8,2026-05-25,2,1264.15,1228.32,1299.99
1efc9b3f-d0fa-4d4f-91b0-a43eb7806cd8,2026-06-22,1,1399.99,1399.99,1399.99
1efc9b3f-d0fa-4d4f-91b0-a43eb7806cd8,2026-06-29,1,1025,1025,1025
1efc9b3f-d0fa-4d4f-91b0-a43eb7806cd8,2026-07-20,2,915.27,888.55,942
1efc9b3f-d0fa-4d4f-91b0-a43eb7806cd8,2026-08-03,1,1500,1500,1500
1efc9b3f-d0fa-4d4f-91b0-a43eb7806cd8,2026-08-10,1,1225.27,1225.27,1225.27
1efc9b3f-d0fa-4d4f-91b0-a43eb7806cd8,2026-08-17,1,1401.24,1401.24,1401.24
1efc9b3f-d0fa-4d4f-91b0-a43eb7806cd8,2026-08-24,2,1207,1200,1214
1efc9b3f-d0fa-4d4f-91b0-a43eb7806cd8,2026-09-07,1,1125,1125,1125
1efeb88b-7bb6-4cd3-9bb5-b5c7fdaaddfe,2022-10-24,1,76,76,76
1efeb88b-7bb6-4cd3-9bb5-b5c7fdaaddfe,2026-06-22,1,735,735,735
