asset_id,week_start,n_sales,median_price,low,high
2200a91d-c4bc-4aa5-9f8c-087e65e50430,2025-02-24,1,30,30,30
2200a91d-c4bc-4aa5-9f8c-087e65e50430,2025-03-24,1,37.99,37.99,37.99
2200a91d-c4bc-4aa5-9f8c-087e65e50430,2025-06-09,1,34,34,34
2200a91d-c4bc-4aa5-9f8c-087e65e50430,2025-08-18,1,20,20,20
2200a91d-c4bc-4aa5-9f8c-087e65e50430,2025-08-25,1,39,39,39
2200a91d-c4bc-4aa5-9f8c-087e65e50430,2026-02-23,2,26.25,21.5,31
2200a91d-c4bc-4aa5-9f8c-087e65e50430,2026-07-20,1,59.99,59.99,59.99
2200b600-8ecf-4fd6-a884-1f41220d6e88,2021-03-22,1,125,125,125
2200b600-8ecf-4fd6-a884-1f41220d6e88,2021-07-12,1,150,150,150
2200b600-8ecf-4fd6-a884-1f41220d6e88,2021-10-04,1,145,145,145
2200b600-8ecf-4fd6-a884-1f41220d6e88,2021-11-15,2,67,60,74
2200b600-8ecf-4fd6-a884-1f41220d6e88,2022-01-24,2,225,150,299.99
2200b600-8ecf-4fd6-a884-1f41220d6e88,2022-02-14,1,61,61,61
2200b600-8ecf-4fd6-a884-1f41220d6e88,2022-02-28,1,61,61,61
2200b600-8ecf-4fd6-a884-1f41220d6e88,2022-03-21,1,83.96,83.96,83.96
2200b600-8ecf-4fd6-a884-1f41220d6e88,2022-04-25,1,91.2,91.2,91.2
2200b600-8ecf-4fd6-a884-1f41220d6e88,2022-05-16,2,62.7,51,74.4
2200b600-8ecf-4fd6-a884-1f41220d6e88,2022-05-30,1,90.9,90.9,90.9
2200b600-8ecf-4fd6-a884-1f41220d6e88,2022-07-11,1,70,70,70
2200b600-8ecf-4fd6-a884-1f41220d6e88,2022-07-18,1,23.3,23.3,23.3
2200b600-8ecf-4fd6-a884-1f41220d6e88,2022-07-25,1,80,80,80
2200b600-8ecf-4fd6-a884-1f41220d6e88,2022-08-08,1,56,56,56
2200b600-8ecf-4fd6-a884-1f41220d6e88,2022-09-12,1,62,62,62
2200b600-8ecf-4fd6-a884-1f41220d6e88,2022-10-03,1,51.21,51.21,51.21
2200b600-8ecf-4fd6-a884-1f41220d6e88,2022-11-21,3,60,51,102.39
2200b600-8ecf-4fd6-a884-1f41220d6e88,2022-12-26,1,40,40,40
2200b600-8ecf-4fd6-a884-1f41220d6e88,2023-02-06,1,31,31,31
2200b600-8ecf-4fd6-a884-1f41220d6e88,2023-03-06,2,82.97,59.99,105.96
2200b600-8ecf-4fd6-a884-1f41220d6e88,2023-03-20,1,34.25,34.25,34.25
2200b600-8ecf-4fd6-a884-1f41220d6e88,2023-03-27,1,40,40,40
2200b600-8ecf-4fd6-a884-1f41220d6e88,2023-04-10,1,34,34,34
2200b600-8ecf-4fd6-a884-1f41220d6e88,2023-05-22,2,58,36,80
2200b600-8ecf-4fd6-a884-1f41220d6e88,2023-05-29,1,40,40,40
2200b600-8ecf-4fd6-a884-1f41220d6e88,2023-06-05,1,64.95,64.95,64.95
2200b600-8ecf-4fd6-a884-1f41220d6e88,2023-06-12,3,45.3,24.5,47.4
2200b600-8ecf-4fd6-a884-1f41220d6e88,2023-07-10,2,41.5,33,50
2200b600-8ecf-4fd6-a884-1f41220d6e88,2023-07-17,1,50,50,50
2200b600-8ecf-4fd6-a884-1f41220d6e88,2023-07-24,1,26.4,26.4,26.4
2200b600-8ecf-4fd6-a884-1f41220d6e88,2023-07-31,1,27.6,27.6,27.6
2200b600-8ecf-4fd6-a884-1f41220d6e88,2023-08-07,1,31,31,31
2200b600-8ecf-4fd6-a884-1f41220d6e88,2023-08-14,1,18.5,18.5,18.5
2200b600-8ecf-4fd6-a884-1f41220d6e88,2023-08-21,1,20.5,20.5,20.5
2200b600-8ecf-4fd6-a884-1f41220d6e88,2023-08-28,2,31.25,24.5,38
2200b600-8ecf-4fd6-a884-1f41220d6e88,2023-09-04,1,32.56,32.56,32.56
2200b600-8ecf-4fd6-a884-1f41220d6e88,2023-09-18,2,24.63,23.26,26
2200b600-8ecf-4fd6-a884-1f41220d6e88,2023-10-09,1,20.5,20.5,20.5
2200b600-8ecf-4fd6-a884-1f41220d6e88,2023-10-16,1,30.35,30.35,30.35
2200b600-8ecf-4fd6-a884-1f41220d6e88,2023-12-11,3,23.5,15.5,27
2200b600-8ecf-4fd6-a884-1f41220d6e88,2023-12-18,1,33.86,33.86,33.86
2200b600-8ecf-4fd6-a884-1f41220d6e88,2024-01-01,1,35,35,35
2200b600-8ecf-4fd6-a884-1f41220d6e88,2024-01-15,2,33.84,17.68,49.99
2200b600-8ecf-4fd6-a884-1f41220d6e88,2024-02-12,1,32,32,32
2200b600-8ecf-4fd6-a884-1f41220d6e88,2024-02-26,2,20,17.5,22.5
2200b600-8ecf-4fd6-a884-1f41220d6e88,2024-03-18,1,36,36,36
2200b600-8ecf-4fd6-a884-1f41220d6e88,2024-04-22,1,39.05,39.05,39.05
2200b600-8ecf-4fd6-a884-1f41220d6e88,2024-04-29,1,26,26,26
2200b600-8ecf-4fd6-a884-1f41220d6e88,2024-05-20,1,33.12,33.12,33.12
2200b600-8ecf-4fd6-a884-1f41220d6e88,2024-07-01,1,17.5,17.5,17.5
2200b600-8ecf-4fd6-a884-1f41220d6e88,2024-07-08,2,30,30,30
2200b600-8ecf-4fd6-a884-1f41220d6e88,2024-07-29,2,29.48,21,37.95
2200b600-8ecf-4fd6-a884-1f41220d6e88,2024-09-02,1,44.4,44.4,44.4
2200b600-8ecf-4fd6-a884-1f41220d6e88,2024-10-07,1,20.5,20.5,20.5
2200b600-8ecf-4fd6-a884-1f41220d6e88,2024-10-21,1,51,51,51
2200b600-8ecf-4fd6-a884-1f41220d6e88,2024-10-28,2,31.5,29,34
2200b600-8ecf-4fd6-a884-1f41220d6e88,2024-11-25,1,24,24,24
2200b600-8ecf-4fd6-a884-1f41220d6e88,2024-12-23,1,42.5,42.5,42.5
2200b600-8ecf-4fd6-a884-1f41220d6e88,2025-01-06,2,44.48,39,49.95
2200b600-8ecf-4fd6-a884-1f41220d6e88,2025-01-13,1,40,40,40
2200b600-8ecf-4fd6-a884-1f41220d6e88,2025-01-20,1,59.99,59.99,59.99
2200b600-8ecf-4fd6-a884-1f41220d6e88,2025-01-27,1,36,36,36
2200b600-8ecf-4fd6-a884-1f41220d6e88,2025-02-03,1,37,37,37
2200b600-8ecf-4fd6-a884-1f41220d6e88,2025-02-10,2,86.97,64.95,109
2200b600-8ecf-4fd6-a884-1f41220d6e88,2025-02-17,1,35,35,35
2200b600-8ecf-4fd6-a884-1f41220d6e88,2025-03-17,2,48.74,47.49,49.99
2200b600-8ecf-4fd6-a884-1f41220d6e88,2025-03-31,1,32,32,32
2200b600-8ecf-4fd6-a884-1f41220d6e88,2025-04-21,1,33,33,33
2200b600-8ecf-4fd6-a884-1f41220d6e88,2025-05-05,1,25,25,25
2200b600-8ecf-4fd6-a884-1f41220d6e88,2025-06-02,1,19.5,19.5,19.5
2200b600-8ecf-4fd6-a884-1f41220d6e88,2025-06-30,2,87.5,55,120
2200b600-8ecf-4fd6-a884-1f41220d6e88,2025-07-14,1,79.99,79.99,79.99
2200b600-8ecf-4fd6-a884-1f41220d6e88,2025-07-28,1,40,40,40
2200b600-8ecf-4fd6-a884-1f41220d6e88,2025-08-11,1,50,50,50
2200b600-8ecf-4fd6-a884-1f41220d6e88,2025-08-18,2,40.25,15.5,65
2200b600-8ecf-4fd6-a884-1f41220d6e88,2025-09-22,1,99.99,99.99,99.99
2200b600-8ecf-4fd6-a884-1f41220d6e88,2025-09-29,3,39.6,34.8,117.26
2200b600-8ecf-4fd6-a884-1f41220d6e88,2025-10-13,1,110,110,110
2200b600-8ecf-4fd6-a884-1f41220d6e88,2025-11-10,1,125,125,125
2200b600-8ecf-4fd6-a884-1f41220d6e88,2025-12-22,1,56,56,56
2200b600-8ecf-4fd6-a884-1f41220d6e88,2026-01-05,1,58,58,58
2200b600-8ecf-4fd6-a884-1f41220d6e88,2026-01-12,2,52.5,50,55
2200b600-8ecf-4fd6-a884-1f41220d6e88,2026-01-19,1,52,52,52
2200b600-8ecf-4fd6-a884-1f41220d6e88,2026-01-26,1,138.58,138.58,138.58
2200b600-8ecf-4fd6-a884-1f41220d6e88,2026-02-02,1,77,77,77
2200b600-8ecf-4fd6-a884-1f41220d6e88,2026-02-09,1,72,72,72
2200b600-8ecf-4fd6-a884-1f41220d6e88,2026-03-02,1,75,75,75
2200b600-8ecf-4fd6-a884-1f41220d6e88,2026-03-16,1,76,76,76
2200b600-8ecf-4fd6-a884-1f41220d6e88,2026-03-30,2,100.27,48,152.53
2200b600-8ecf-4fd6-a884-1f41220d6e88,2026-04-13,2,84,60,107.99
2200b600-8ecf-4fd6-a884-1f41220d6e88,2026-05-04,2,110,70,149.99
2200b600-8ecf-4fd6-a884-1f41220d6e88,2026-05-18,1,115,115,115
2200b600-8ecf-4fd6-a884-1f41220d6e88,2026-05-25,2,101.85,91.2,112.5
2200b600-8ecf-4fd6-a884-1f41220d6e88,2026-06-08,2,128.75,107.5,149.99
2200b600-8ecf-4fd6-a884-1f41220d6e88,2026-06-15,5,119.51,85.2,144.5
2200b600-8ecf-4fd6-a884-1f41220d6e88,2026-06-22,2,94.97,93.75,96.18
2200b600-8ecf-4fd6-a884-1f41220d6e88,2026-06-29,2,112.5,105,120
2200b600-8ecf-4fd6-a884-1f41220d6e88,2026-07-20,1,130,130,130
2200b600-8ecf-4fd6-a884-1f41220d6e88,2026-07-27,1,76.8,76.8,76.8
2200b600-8ecf-4fd6-a884-1f41220d6e88,2026-08-10,1,150,150,150
2200b600-8ecf-4fd6-a884-1f41220d6e88,2026-08-17,1,86,86,86
2200b600-8ecf-4fd6-a884-1f41220d6e88,2026-08-31,1,133.59,133.59,133.59
220110a1-8d0d-4a49-8889-850bb4d19a91,2022-01-24,1,153.51,153.51,153.51
220110a1-8d0d-4a49-8889-850bb4d19a91,2022-02-21,1,287,287,287
220110a1-8d0d-4a49-8889-850bb4d19a91,2022-03-07,1,61,61,61
220110a1-8d0d-4a49-8889-850bb4d19a91,2023-01-09,1,96,96,96
220110a1-8d0d-4a49-8889-850bb4d19a91,2023-03-06,1,91,91,91
220110a1-8d0d-4a49-8889-850bb4d19a91,2023-04-10,2,79,72,86
220110a1-8d0d-4a49-8889-850bb4d19a91,2023-04-17,1,62.08,62.08,62.08
220110a1-8d0d-4a49-8889-850bb4d19a91,2023-07-03,1,64,64,64
220110a1-8d0d-4a49-8889-850bb4d19a91,2024-03-04,1,41.6,41.6,41.6
220110a1-8d0d-4a49-8889-850bb4d19a91,2024-09-23,1,134.99,134.99,134.99
220110a1-8d0d-4a49-8889-850bb4d19a91,2024-12-09,1,109.97,109.97,109.97
220110a1-8d0d-4a49-8889-850bb4d19a91,2025-02-10,1,124.95,124.95,124.95
220110a1-8d0d-4a49-8889-850bb4d19a91,2026-03-02,1,860,860,860
220110a1-8d0d-4a49-8889-850bb4d19a91,2026-04-06,1,1499.95,1499.95,1499.95
22024f20-ca56-4e42-92aa-84bfd83b5128,2025-09-15,2,28.5,25,32
22024f20-ca56-4e42-92aa-84bfd83b5128,2025-09-29,1,16.5,16.5,16.5
22024f20-ca56-4e42-92aa-84bfd83b5128,2025-10-20,1,14.5,14.5,14.5
22024f20-ca56-4e42-92aa-84bfd83b5128,2026-01-26,1,25,25,25
22024f20-ca56-4e42-92aa-84bfd83b5128,2026-02-09,2,26.25,12.5,40
22024f20-ca56-4e42-92aa-84bfd83b5128,2026-04-06,1,40,40,40
22024f20-ca56-4e42-92aa-84bfd83b5128,2026-04-20,1,20.5,20.5,20.5
22024f20-ca56-4e42-92aa-84bfd83b5128,2026-05-11,1,20.5,20.5,20.5
22024f20-ca56-4e42-92aa-84bfd83b5128,2026-07-20,1,29.95,29.95,29.95
2207866d-9196-488f-baa6-de706ae85ac7,2021-12-06,1,76,76,76
2207866d-9196-488f-baa6-de706ae85ac7,2021-12-13,1,120,120,120
2207866d-9196-488f-baa6-de706ae85ac7,2022-09-12,1,152.54,152.54,152.54
2207866d-9196-488f-baa6-de706ae85ac7,2023-07-10,1,122.5,122.5,122.5
2207866d-9196-488f-baa6-de706ae85ac7,2023-08-14,1,102.5,102.5,102.5
2207866d-9196-488f-baa6-de706ae85ac7,2025-03-24,1,127.5,127.5,127.5
2207866d-9196-488f-baa6-de706ae85ac7,2025-05-12,1,154,154,154
2207866d-9196-488f-baa6-de706ae85ac7,2025-06-09,1,165,165,165
2207866d-9196-488f-baa6-de706ae85ac7,2025-09-01,1,293,293,293
2207866d-9196-488f-baa6-de706ae85ac7,2025-10-13,1,172.5,172.5,172.5
2207866d-9196-488f-baa6-de706ae85ac7,2026-02-23,1,1069.37,1069.37,1069.37
2207866d-9196-488f-baa6-de706ae85ac7,2026-03-02,1,1750,1750,1750
2207866d-9196-488f-baa6-de706ae85ac7,2026-04-20,1,1260,1260,1260
220c73d4-f1ba-4688-a4f8-74bf04b2f6d7,2025-02-10,1,30,30,30
220c73d4-f1ba-4688-a4f8-74bf04b2f6d7,2025-11-17,1,55,55,55
220c73d4-f1ba-4688-a4f8-74bf04b2f6d7,2026-03-30,1,70,70,70
220c73d4-f1ba-4688-a4f8-74bf04b2f6d7,2026-08-17,1,110,110,110
220f62f6-e3ed-44b3-bcd6-4cc4ec8be24e,2022-04-11,1,240,240,240
220f62f6-e3ed-44b3-bcd6-4cc4ec8be24e,2022-05-23,1,411,411,411
220f62f6-e3ed-44b3-bcd6-4cc4ec8be24e,2023-03-27,1,140,140,140
220f62f6-e3ed-44b3-bcd6-4cc4ec8be24e,2023-04-03,1,87.04,87.04,87.04
220f62f6-e3ed-44b3-bcd6-4cc4ec8be24e,2023-05-08,1,109.04,109.04,109.04
220f62f6-e3ed-44b3-bcd6-4cc4ec8be24e,2023-06-12,1,111.46,111.46,111.46
220f62f6-e3ed-44b3-bcd6-4cc4ec8be24e,2023-07-10,1,57.79,57.79,57.79
220f62f6-e3ed-44b3-bcd6-4cc4ec8be24e,2023-11-20,1,190,190,190
220f62f6-e3ed-44b3-bcd6-4cc4ec8be24e,2024-01-15,1,100,100,100
220f62f6-e3ed-44b3-bcd6-4cc4ec8be24e,2024-02-12,1,103.5,103.5,103.5
220f62f6-e3ed-44b3-bcd6-4cc4ec8be24e,2024-02-26,1,53,53,53
220f62f6-e3ed-44b3-bcd6-4cc4ec8be24e,2024-10-21,1,289,289,289
220f62f6-e3ed-44b3-bcd6-4cc4ec8be24e,2025-06-09,1,294,294,294
220f62f6-e3ed-44b3-bcd6-4cc4ec8be24e,2025-06-30,1,315,315,315
220f62f6-e3ed-44b3-bcd6-4cc4ec8be24e,2025-07-28,1,211.5,211.5,211.5
220f62f6-e3ed-44b3-bcd6-4cc4ec8be24e,2025-08-04,1,375,375,375
220f62f6-e3ed-44b3-bcd6-4cc4ec8be24e,2026-04-20,1,475,475,475
220f62f6-e3ed-44b3-bcd6-4cc4ec8be24e,2026-08-17,1,4200,4200,4200
2210142d-8bbc-424c-ab9c-7dd4a3a044a6,2026-07-06,1,20.5,20.5,20.5
2211dacc-ce2c-454e-a75d-daf0a4cb794f,2024-05-27,1,24.4,24.4,24.4
22129a99-94a4-4c79-8208-e95157796773,2026-08-24,1,11400,11400,11400
2213e1f7-2197-4cc8-9578-1780a1e75047,2021-03-15,1,86.37,86.37,86.37
2213e1f7-2197-4cc8-9578-1780a1e75047,2021-10-18,1,89.99,89.99,89.99
2213e1f7-2197-4cc8-9578-1780a1e75047,2022-07-11,1,49.99,49.99,49.99
2213e1f7-2197-4cc8-9578-1780a1e75047,2022-08-22,1,32.4,32.4,32.4
2213e1f7-2197-4cc8-9578-1780a1e75047,2022-10-03,1,20.27,20.27,20.27
2213e1f7-2197-4cc8-9578-1780a1e75047,2022-11-14,1,32.04,32.04,32.04
2213e1f7-2197-4cc8-9578-1780a1e75047,2023-01-02,1,36.13,36.13,36.13
2213e1f7-2197-4cc8-9578-1780a1e75047,2023-05-08,1,22.02,22.02,22.02
2213e1f7-2197-4cc8-9578-1780a1e75047,2023-11-13,1,57.5,57.5,57.5
2213e1f7-2197-4cc8-9578-1780a1e75047,2024-07-15,1,79,79,79
2213e1f7-2197-4cc8-9578-1780a1e75047,2024-08-19,1,31,31,31
2213e1f7-2197-4cc8-9578-1780a1e75047,2025-01-13,1,99.99,99.99,99.99
2213e1f7-2197-4cc8-9578-1780a1e75047,2025-09-29,1,250,250,250
2213e1f7-2197-4cc8-9578-1780a1e75047,2026-05-11,1,750,750,750
2213e1f7-2197-4cc8-9578-1780a1e75047,2026-08-17,1,525.02,525.02,525.02
221560de-02c5-4ec8-9d2a-3b2041896243,2021-03-29,1,130,130,130
221560de-02c5-4ec8-9d2a-3b2041896243,2021-04-26,1,200,200,200
221560de-02c5-4ec8-9d2a-3b2041896243,2021-05-17,1,227.5,227.5,227.5
221560de-02c5-4ec8-9d2a-3b2041896243,2021-05-31,1,102.5,102.5,102.5
221560de-02c5-4ec8-9d2a-3b2041896243,2021-08-23,1,77.76,77.76,77.76
221560de-02c5-4ec8-9d2a-3b2041896243,2021-09-06,1,90,90,90
221560de-02c5-4ec8-9d2a-3b2041896243,2021-10-11,1,124.99,124.99,124.99
221560de-02c5-4ec8-9d2a-3b2041896243,2021-11-22,1,113.5,113.5,113.5
221560de-02c5-4ec8-9d2a-3b2041896243,2021-11-29,3,76.01,47,90
221560de-02c5-4ec8-9d2a-3b2041896243,2021-12-13,1,50,50,50
221560de-02c5-4ec8-9d2a-3b2041896243,2022-01-10,1,60,60,60
221560de-02c5-4ec8-9d2a-3b2041896243,2022-01-17,1,56,56,56
221560de-02c5-4ec8-9d2a-3b2041896243,2022-01-24,2,54.4,28.8,80
221560de-02c5-4ec8-9d2a-3b2041896243,2022-03-07,2,56,46,66
221560de-02c5-4ec8-9d2a-3b2041896243,2022-03-14,1,25.2,25.2,25.2
221560de-02c5-4ec8-9d2a-3b2041896243,2022-03-21,1,34.8,34.8,34.8
221560de-02c5-4ec8-9d2a-3b2041896243,2022-03-28,1,78,78,78
221560de-02c5-4ec8-9d2a-3b2041896243,2022-04-25,1,99,99,99
221560de-02c5-4ec8-9d2a-3b2041896243,2022-05-02,1,31.27,31.27,31.27
221560de-02c5-4ec8-9d2a-3b2041896243,2022-06-06,2,45.5,44.08,46.92
221560de-02c5-4ec8-9d2a-3b2041896243,2022-06-20,1,33,33,33
221560de-02c5-4ec8-9d2a-3b2041896243,2022-08-01,1,89.99,89.99,89.99
221560de-02c5-4ec8-9d2a-3b2041896243,2022-08-22,1,31.2,31.2,31.2
221560de-02c5-4ec8-9d2a-3b2041896243,2022-11-14,1,89,89,89
221560de-02c5-4ec8-9d2a-3b2041896243,2022-11-28,1,27.6,27.6,27.6
221560de-02c5-4ec8-9d2a-3b2041896243,2022-12-12,1,37.2,37.2,37.2
221560de-02c5-4ec8-9d2a-3b2041896243,2023-01-23,1,45,45,45
221560de-02c5-4ec8-9d2a-3b2041896243,2023-02-20,1,42,42,42
221560de-02c5-4ec8-9d2a-3b2041896243,2023-05-08,1,105,105,105
221560de-02c5-4ec8-9d2a-3b2041896243,2023-05-15,1,69,69,69
221560de-02c5-4ec8-9d2a-3b2041896243,2023-05-22,1,63,63,63
221560de-02c5-4ec8-9d2a-3b2041896243,2023-06-12,1,67.74,67.74,67.74
221560de-02c5-4ec8-9d2a-3b2041896243,2023-08-14,1,65,65,65
221560de-02c5-4ec8-9d2a-3b2041896243,2023-08-28,1,70,70,70
221560de-02c5-4ec8-9d2a-3b2041896243,2023-11-06,1,85,85,85
221560de-02c5-4ec8-9d2a-3b2041896243,2023-11-27,1,129.99,129.99,129.99
221560de-02c5-4ec8-9d2a-3b2041896243,2024-08-19,1,59,59,59
221560de-02c5-4ec8-9d2a-3b2041896243,2024-11-04,1,76.5,76.5,76.5
221560de-02c5-4ec8-9d2a-3b2041896243,2025-01-27,1,125.84,125.84,125.84
221560de-02c5-4ec8-9d2a-3b2041896243,2025-06-30,1,79,79,79
221560de-02c5-4ec8-9d2a-3b2041896243,2025-09-22,1,149.99,149.99,149.99
221560de-02c5-4ec8-9d2a-3b2041896243,2025-09-29,1,94,94,94
221560de-02c5-4ec8-9d2a-3b2041896243,2026-02-16,1,217.95,217.95,217.95
221560de-02c5-4ec8-9d2a-3b2041896243,2026-03-30,1,242.5,242.5,242.5
221560de-02c5-4ec8-9d2a-3b2041896243,2026-05-04,1,210,210,210
221560de-02c5-4ec8-9d2a-3b2041896243,2026-06-01,1,276,276,276
221560de-02c5-4ec8-9d2a-3b2041896243,2026-06-22,1,327.6,327.6,327.6
22168d33-7a29-43e2-bacc-215692a14c7f,2021-07-12,1,119.54,119.54,119.54
22168d33-7a29-43e2-bacc-215692a14c7f,2021-10-11,1,40,40,40
22168d33-7a29-43e2-bacc-215692a14c7f,2021-10-25,1,45,45,45
22168d33-7a29-43e2-bacc-215692a14c7f,2021-11-29,1,45,45,45
22168d33-7a29-43e2-bacc-215692a14c7f,2021-12-20,1,30,30,30
22168d33-7a29-43e2-bacc-215692a14c7f,2022-01-17,1,36,36,36
22168d33-7a29-43e2-bacc-215692a14c7f,2022-01-24,2,37.5,35,40
22168d33-7a29-43e2-bacc-215692a14c7f,2022-02-14,1,31,31,31
22168d33-7a29-43e2-bacc-215692a14c7f,2022-05-02,1,24.5,24.5,24.5
22168d33-7a29-43e2-bacc-215692a14c7f,2022-05-16,1,17.25,17.25,17.25
22168d33-7a29-43e2-bacc-215692a14c7f,2022-06-06,1,50,50,50
22168d33-7a29-43e2-bacc-215692a14c7f,2022-07-04,1,20.5,20.5,20.5
22168d33-7a29-43e2-bacc-215692a14c7f,2022-08-08,1,16.5,16.5,16.5
22168d33-7a29-43e2-bacc-215692a14c7f,2022-09-05,1,18.5,18.5,18.5
22168d33-7a29-43e2-bacc-215692a14c7f,2022-10-24,2,19.21,14.99,23.43
22168d33-7a29-43e2-bacc-215692a14c7f,2022-12-05,1,17.5,17.5,17.5
22168d33-7a29-43e2-bacc-215692a14c7f,2022-12-19,1,20.38,20.38,20.38
22168d33-7a29-43e2-bacc-215692a14c7f,2023-02-06,1,24.95,24.95,24.95
22168d33-7a29-43e2-bacc-215692a14c7f,2023-02-13,1,47.99,47.99,47.99
22168d33-7a29-43e2-bacc-215692a14c7f,2023-06-19,1,23.99,23.99,23.99
22168d33-7a29-43e2-bacc-215692a14c7f,2023-06-26,1,33,33,33
22168d33-7a29-43e2-bacc-215692a14c7f,2023-07-31,1,20,20,20
22168d33-7a29-43e2-bacc-215692a14c7f,2023-10-02,1,20.5,20.5,20.5
22168d33-7a29-43e2-bacc-215692a14c7f,2023-11-20,1,18,18,18
22168d33-7a29-43e2-bacc-215692a14c7f,2024-04-29,1,25,25,25
22168d33-7a29-43e2-bacc-215692a14c7f,2025-01-06,2,35,20,50
22168d33-7a29-43e2-bacc-215692a14c7f,2025-11-03,1,34.95,34.95,34.95
22168d33-7a29-43e2-bacc-215692a14c7f,2026-03-02,1,68.41,68.41,68.41
22168d33-7a29-43e2-bacc-215692a14c7f,2026-05-18,1,166,166,166
2216be2a-f10a-4e9c-af83-735b9ce348f1,2023-06-12,1,188,188,188
2216be2a-f10a-4e9c-af83-735b9ce348f1,2025-03-03,1,39,39,39
2216be2a-f10a-4e9c-af83-735b9ce348f1,2026-05-25,1,35.44,35.44,35.44
22184e7f-5d26-474b-8917-fd1d31f0f92d,2023-06-12,1,180,180,180
22184e7f-5d26-474b-8917-fd1d31f0f92d,2023-07-10,1,56,56,56
22184e7f-5d26-474b-8917-fd1d31f0f92d,2023-10-09,1,52.99,52.99,52.99
22184e7f-5d26-474b-8917-fd1d31f0f92d,2024-01-15,1,137.5,137.5,137.5
22184e7f-5d26-474b-8917-fd1d31f0f92d,2024-08-19,1,134.99,134.99,134.99
22184e7f-5d26-474b-8917-fd1d31f0f92d,2024-12-09,1,164.96,164.96,164.96
22184e7f-5d26-474b-8917-fd1d31f0f92d,2025-02-03,1,195,195,195
22184e7f-5d26-474b-8917-fd1d31f0f92d,2025-04-21,1,139.05,139.05,139.05
22184e7f-5d26-474b-8917-fd1d31f0f92d,2025-09-15,1,210,210,210
22184e7f-5d26-474b-8917-fd1d31f0f92d,2025-12-29,1,295,295,295
22184e7f-5d26-474b-8917-fd1d31f0f92d,2026-03-02,1,775,775,775
22184e7f-5d26-474b-8917-fd1d31f0f92d,2026-03-23,1,800,800,800
22184e7f-5d26-474b-8917-fd1d31f0f92d,2026-04-06,1,910,910,910
22184e7f-5d26-474b-8917-fd1d31f0f92d,2026-05-11,1,757.2,757.2,757.2
22184e7f-5d26-474b-8917-fd1d31f0f92d,2026-06-01,1,676.66,676.66,676.66
22184e7f-5d26-474b-8917-fd1d31f0f92d,2026-06-15,1,761,761,761
221911d8-391c-42c0-a5fc-39fb4de1a555,2023-01-23,1,152.5,152.5,152.5
22195f6a-fed2-4bde-a3c1-14ce54b598e0,2022-10-24,1,199.99,199.99,199.99
22195f6a-fed2-4bde-a3c1-14ce54b598e0,2022-10-31,1,62.4,62.4,62.4
22195f6a-fed2-4bde-a3c1-14ce54b598e0,2022-11-21,1,50,50,50
22195f6a-fed2-4bde-a3c1-14ce54b598e0,2022-12-12,1,55,55,55
22195f6a-fed2-4bde-a3c1-14ce54b598e0,2023-06-12,1,32.23,32.23,32.23
22195f6a-fed2-4bde-a3c1-14ce54b598e0,2023-06-26,1,31,31,31
22195f6a-fed2-4bde-a3c1-14ce54b598e0,2023-09-04,1,40,40,40
22195f6a-fed2-4bde-a3c1-14ce54b598e0,2023-10-02,2,40.87,35,46.74
22195f6a-fed2-4bde-a3c1-14ce54b598e0,2023-10-09,1,25.49,25.49,25.49
22195f6a-fed2-4bde-a3c1-14ce54b598e0,2023-10-16,2,47.5,35,59.99
22195f6a-fed2-4bde-a3c1-14ce54b598e0,2023-11-27,1,46,46,46
22195f6a-fed2-4bde-a3c1-14ce54b598e0,2024-01-08,1,37.2,37.2,37.2
22195f6a-fed2-4bde-a3c1-14ce54b598e0,2024-01-22,1,37.2,37.2,37.2
22195f6a-fed2-4bde-a3c1-14ce54b598e0,2024-02-05,1,41,41,41
22195f6a-fed2-4bde-a3c1-14ce54b598e0,2024-02-12,1,26,26,26
22195f6a-fed2-4bde-a3c1-14ce54b598e0,2024-03-04,1,9.5,9.5,9.5
22195f6a-fed2-4bde-a3c1-14ce54b598e0,2024-03-18,1,30.22,30.22,30.22
22195f6a-fed2-4bde-a3c1-14ce54b598e0,2024-04-01,1,50,50,50
22195f6a-fed2-4bde-a3c1-14ce54b598e0,2024-07-01,1,46,46,46
22195f6a-fed2-4bde-a3c1-14ce54b598e0,2024-07-22,1,16.5,16.5,16.5
22195f6a-fed2-4bde-a3c1-14ce54b598e0,2024-08-12,1,22.8,22.8,22.8
22195f6a-fed2-4bde-a3c1-14ce54b598e0,2024-09-16,1,24,24,24
22195f6a-fed2-4bde-a3c1-14ce54b598e0,2024-10-21,1,31,31,31
22195f6a-fed2-4bde-a3c1-14ce54b598e0,2024-12-02,1,9.99,9.99,9.99
22195f6a-fed2-4bde-a3c1-14ce54b598e0,2025-01-20,1,30,30,30
22195f6a-fed2-4bde-a3c1-14ce54b598e0,2025-02-03,1,30,30,30
22195f6a-fed2-4bde-a3c1-14ce54b598e0,2025-02-10,1,20.5,20.5,20.5
22195f6a-fed2-4bde-a3c1-14ce54b598e0,2025-04-21,1,57.99,57.99,57.99
22195f6a-fed2-4bde-a3c1-14ce54b598e0,2025-05-05,1,64.99,64.99,64.99
22195f6a-fed2-4bde-a3c1-14ce54b598e0,2025-09-01,1,57.6,57.6,57.6
22195f6a-fed2-4bde-a3c1-14ce54b598e0,2026-02-23,1,63.74,63.74,63.74
22195f6a-fed2-4bde-a3c1-14ce54b598e0,2026-03-09,1,75,75,75
22195f6a-fed2-4bde-a3c1-14ce54b598e0,2026-03-23,1,85,85,85
22195f6a-fed2-4bde-a3c1-14ce54b598e0,2026-03-30,2,108.31,83,133.61
22195f6a-fed2-4bde-a3c1-14ce54b598e0,2026-05-11,2,225,199.99,250
22195f6a-fed2-4bde-a3c1-14ce54b598e0,2026-06-01,1,285,285,285
22195f6a-fed2-4bde-a3c1-14ce54b598e0,2026-06-22,1,145,145,145
22195f6a-fed2-4bde-a3c1-14ce54b598e0,2026-07-27,1,299.99,299.99,299.99
22195f6a-fed2-4bde-a3c1-14ce54b598e0,2026-08-31,1,217.5,217.5,217.5
221a68cc-fcc7-4dbe-824f-27c4c472ce7e,2021-04-26,1,54,54,54
221a68cc-fcc7-4dbe-824f-27c4c472ce7e,2022-09-26,1,40.01,40.01,40.01
221a68cc-fcc7-4dbe-824f-27c4c472ce7e,2023-06-26,1,33,33,33
221a68cc-fcc7-4dbe-824f-27c4c472ce7e,2025-06-30,1,45,45,45
221a96a6-8fab-4fc9-a745-051d36ea8681,2021-06-21,1,86,86,86
221a96a6-8fab-4fc9-a745-051d36ea8681,2023-01-09,1,62.69,62.69,62.69
221a96a6-8fab-4fc9-a745-051d36ea8681,2023-12-11,1,15.52,15.52,15.52
221a96a6-8fab-4fc9-a745-051d36ea8681,2024-03-25,1,26,26,26
221a96a6-8fab-4fc9-a745-051d36ea8681,2024-05-13,1,57,57,57
221a96a6-8fab-4fc9-a745-051d36ea8681,2024-09-09,1,79.99,79.99,79.99
221a96a6-8fab-4fc9-a745-051d36ea8681,2025-02-03,1,42.7,42.7,42.7
221a96a6-8fab-4fc9-a745-051d36ea8681,2025-10-27,1,210,210,210
221a96a6-8fab-4fc9-a745-051d36ea8681,2026-02-09,1,215,215,215
221a96a6-8fab-4fc9-a745-051d36ea8681,2026-03-09,1,202.5,202.5,202.5
221a96a6-8fab-4fc9-a745-051d36ea8681,2026-04-13,1,173.5,173.5,173.5
221a96a6-8fab-4fc9-a745-051d36ea8681,2026-06-01,1,132.5,132.5,132.5
221a96a6-8fab-4fc9-a745-051d36ea8681,2026-08-10,1,187.5,187.5,187.5
221bc5ed-b0de-4810-a244-632764c2b253,2023-12-04,1,89.99,89.99,89.99
221d38a2-d813-4597-be41-874810cd28c1,2023-11-13,1,21.6,21.6,21.6
221d38a2-d813-4597-be41-874810cd28c1,2023-11-20,2,22.8,22.8,22.8
221d38a2-d813-4597-be41-874810cd28c1,2023-12-04,2,23.6,22.22,24.99
221d38a2-d813-4597-be41-874810cd28c1,2023-12-11,2,27.2,25.2,29.21
221d38a2-d813-4597-be41-874810cd28c1,2023-12-18,1,21.6,21.6,21.6
221d38a2-d813-4597-be41-874810cd28c1,2023-12-25,3,22.36,15.5,34.12
221d38a2-d813-4597-be41-874810cd28c1,2024-01-01,3,22.8,21.6,41.17
221d38a2-d813-4597-be41-874810cd28c1,2024-01-08,7,21.96,18.19,24
221d38a2-d813-4597-be41-874810cd28c1,2024-01-15,4,17.99,11.5,26.83
221d38a2-d813-4597-be41-874810cd28c1,2024-02-05,1,31.64,31.64,31.64
221d38a2-d813-4597-be41-874810cd28c1,2024-02-12,1,14.99,14.99,14.99
221d38a2-d813-4597-be41-874810cd28c1,2024-02-19,6,22.2,12.19,55
221d38a2-d813-4597-be41-874810cd28c1,2024-02-26,2,21.65,20.5,22.8
221d38a2-d813-4597-be41-874810cd28c1,2024-03-04,1,21.6,21.6,21.6
221d38a2-d813-4597-be41-874810cd28c1,2024-03-11,1,21.27,21.27,21.27
221d38a2-d813-4597-be41-874810cd28c1,2024-03-18,2,21.6,21.6,21.6
221d38a2-d813-4597-be41-874810cd28c1,2024-04-01,1,15.5,15.5,15.5
221d38a2-d813-4597-be41-874810cd28c1,2024-04-22,4,15.34,12.5,16.5
221d38a2-d813-4597-be41-874810cd28c1,2024-04-29,2,21.16,15.6,26.72
221d38a2-d813-4597-be41-874810cd28c1,2024-05-06,4,17.4,16.8,18
221d38a2-d813-4597-be41-874810cd28c1,2024-05-13,1,17.5,17.5,17.5
221d38a2-d813-4597-be41-874810cd28c1,2024-05-27,2,17,16.5,17.5
221d38a2-d813-4597-be41-874810cd28c1,2024-07-01,2,57.08,19.15,95
221d38a2-d813-4597-be41-874810cd28c1,2024-07-08,2,24.5,24,25
221d38a2-d813-4597-be41-874810cd28c1,2024-07-15,1,13.5,13.5,13.5
221d38a2-d813-4597-be41-874810cd28c1,2024-07-29,1,34,34,34
221d38a2-d813-4597-be41-874810cd28c1,2024-08-05,1,20,20,20
221d38a2-d813-4597-be41-874810cd28c1,2024-08-12,1,22,22,22
221d38a2-d813-4597-be41-874810cd28c1,2024-08-19,1,22.99,22.99,22.99
221d38a2-d813-4597-be41-874810cd28c1,2024-10-07,2,25.25,15.5,34.99
221d38a2-d813-4597-be41-874810cd28c1,2024-10-21,2,27.99,26,29.99
221d38a2-d813-4597-be41-874810cd28c1,2024-11-11,2,23.99,22.99,25
221d38a2-d813-4597-be41-874810cd28c1,2024-11-18,2,21.64,13.3,29.99
221d38a2-d813-4597-be41-874810cd28c1,2024-12-02,2,27.99,25.99,29.99
221d38a2-d813-4597-be41-874810cd28c1,2024-12-09,1,20,20,20
221d38a2-d813-4597-be41-874810cd28c1,2024-12-23,1,24.99,24.99,24.99
221d38a2-d813-4597-be41-874810cd28c1,2024-12-30,1,19.2,19.2,19.2
221d38a2-d813-4597-be41-874810cd28c1,2025-01-06,2,26.99,24.99,28.99
221d38a2-d813-4597-be41-874810cd28c1,2025-01-13,2,16,14,18
221d38a2-d813-4597-be41-874810cd28c1,2025-01-20,3,29,18.5,29.99
221d38a2-d813-4597-be41-874810cd28c1,2025-02-03,2,22.55,22.1,23
221d38a2-d813-4597-be41-874810cd28c1,2025-02-10,3,22.5,20,23.5
221d38a2-d813-4597-be41-874810cd28c1,2025-02-17,1,30,30,30
221d38a2-d813-4597-be41-874810cd28c1,2025-02-24,4,30.5,21.11,39.99
221d38a2-d813-4597-be41-874810cd28c1,2025-03-03,3,30,28,35
221d38a2-d813-4597-be41-874810cd28c1,2025-03-10,4,28.99,18.5,38.64
221d38a2-d813-4597-be41-874810cd28c1,2025-03-17,1,29.99,29.99,29.99
221d38a2-d813-4597-be41-874810cd28c1,2025-03-24,2,29.31,29,29.62
221d38a2-d813-4597-be41-874810cd28c1,2025-03-31,1,24,24,24
221d38a2-d813-4597-be41-874810cd28c1,2025-04-14,2,46.25,34,58.5
221d38a2-d813-4597-be41-874810cd28c1,2025-04-21,2,41.51,32,51.02
221d38a2-d813-4597-be41-874810cd28c1,2025-04-28,2,21.29,16.58,26
221d38a2-d813-4597-be41-874810cd28c1,2025-05-12,2,19.91,17.5,22.32
221d38a2-d813-4597-be41-874810cd28c1,2025-06-02,1,21.01,21.01,21.01
221d38a2-d813-4597-be41-874810cd28c1,2025-06-09,1,20.5,20.5,20.5
221d38a2-d813-4597-be41-874810cd28c1,2025-06-16,1,34.99,34.99,34.99
221d38a2-d813-4597-be41-874810cd28c1,2025-06-30,1,32.4,32.4,32.4
221d38a2-d813-4597-be41-874810cd28c1,2025-07-07,3,25.2,22.8,40
221d38a2-d813-4597-be41-874810cd28c1,2025-07-21,1,20.4,20.4,20.4
221d38a2-d813-4597-be41-874810cd28c1,2025-07-28,2,39.05,28.1,49.99
221d38a2-d813-4597-be41-874810cd28c1,2025-08-04,1,21.6,21.6,21.6
221d38a2-d813-4597-be41-874810cd28c1,2025-08-11,1,34.52,34.52,34.52
221d38a2-d813-4597-be41-874810cd28c1,2025-08-25,2,35.49,34.99,35.99
221d38a2-d813-4597-be41-874810cd28c1,2025-09-01,1,35.99,35.99,35.99
221d38a2-d813-4597-be41-874810cd28c1,2025-09-08,1,32.4,32.4,32.4
221d38a2-d813-4597-be41-874810cd28c1,2025-09-22,2,37,34.99,39
221d38a2-d813-4597-be41-874810cd28c1,2025-09-29,1,28.5,28.5,28.5
221d38a2-d813-4597-be41-874810cd28c1,2025-10-06,2,32.5,30,34.99
221d38a2-d813-4597-be41-874810cd28c1,2025-10-13,2,47.48,39.95,55
221d38a2-d813-4597-be41-874810cd28c1,2025-10-27,1,36.17,36.17,36.17
221d38a2-d813-4597-be41-874810cd28c1,2025-11-03,1,20.5,20.5,20.5
221d38a2-d813-4597-be41-874810cd28c1,2025-11-10,2,29.1,27,31.2
221d38a2-d813-4597-be41-874810cd28c1,2025-11-24,1,39.99,39.99,39.99
221d38a2-d813-4597-be41-874810cd28c1,2025-12-08,2,40.73,29,52.47
221d38a2-d813-4597-be41-874810cd28c1,2025-12-22,2,41.66,38,45.32
221d38a2-d813-4597-be41-874810cd28c1,2025-12-29,1,38.99,38.99,38.99
221d38a2-d813-4597-be41-874810cd28c1,2026-01-05,2,42.29,34.99,49.59
221d38a2-d813-4597-be41-874810cd28c1,2026-01-12,2,43,37,49
221d38a2-d813-4597-be41-874810cd28c1,2026-01-26,1,41,41,41
221d38a2-d813-4597-be41-874810cd28c1,2026-02-02,2,38.47,35,41.94
221d38a2-d813-4597-be41-874810cd28c1,2026-02-09,1,51.63,51.63,51.63
221d38a2-d813-4597-be41-874810cd28c1,2026-02-16,2,31.5,18,45
221d38a2-d813-4597-be41-874810cd28c1,2026-02-23,1,20.5,20.5,20.5
221d38a2-d813-4597-be41-874810cd28c1,2026-03-02,1,71.99,71.99,71.99
221d38a2-d813-4597-be41-874810cd28c1,2026-03-23,1,30,30,30
221d38a2-d813-4597-be41-874810cd28c1,2026-03-30,1,27.57,27.57,27.57
221d38a2-d813-4597-be41-874810cd28c1,2026-04-06,1,35,35,35
221d38a2-d813-4597-be41-874810cd28c1,2026-04-13,1,25,25,25
221d38a2-d813-4597-be41-874810cd28c1,2026-04-20,1,28.8,28.8,28.8
221d38a2-d813-4597-be41-874810cd28c1,2026-04-27,4,37.5,20.5,51.21
221d38a2-d813-4597-be41-874810cd28c1,2026-05-04,4,36.3,30,58.49
221d38a2-d813-4597-be41-874810cd28c1,2026-05-11,1,40.8,40.8,40.8
221d38a2-d813-4597-be41-874810cd28c1,2026-05-18,1,44.99,44.99,44.99
221d38a2-d813-4597-be41-874810cd28c1,2026-06-01,1,52.73,52.73,52.73
221d38a2-d813-4597-be41-874810cd28c1,2026-06-08,2,40.53,26,55.06
221d38a2-d813-4597-be41-874810cd28c1,2026-06-15,2,35.5,30,41
221d38a2-d813-4597-be41-874810cd28c1,2026-06-22,2,35,31,39
221d38a2-d813-4597-be41-874810cd28c1,2026-06-29,1,35,35,35
221d38a2-d813-4597-be41-874810cd28c1,2026-07-06,1,51.94,51.94,51.94
221d38a2-d813-4597-be41-874810cd28c1,2026-07-13,2,26.33,16.5,36.16
221d38a2-d813-4597-be41-874810cd28c1,2026-07-20,2,30.24,15.51,44.97
221d38a2-d813-4597-be41-874810cd28c1,2026-07-27,1,28.65,28.65,28.65
221d38a2-d813-4597-be41-874810cd28c1,2026-08-24,1,60,60,60
221f2d44-f7fc-4eac-a319-31d89f56be56,2026-08-03,1,100,100,100
22212f51-105c-43c7-8f69-4ace786beb84,2023-07-10,1,87.88,87.88,87.88
22212f51-105c-43c7-8f69-4ace786beb84,2025-03-17,1,75,75,75
22227321-4dae-45b4-be62-22bf69e0af3d,2024-05-20,1,38,38,38
22227321-4dae-45b4-be62-22bf69e0af3d,2025-09-29,1,30,30,30
22227321-4dae-45b4-be62-22bf69e0af3d,2026-03-16,1,20.5,20.5,20.5
22227321-4dae-45b4-be62-22bf69e0af3d,2026-08-24,1,31,31,31
2223985e-c1c3-4ef0-b7fc-7843d076b5fc,2022-08-29,1,510,510,510
2223985e-c1c3-4ef0-b7fc-7843d076b5fc,2022-09-26,1,600,600,600
2223985e-c1c3-4ef0-b7fc-7843d076b5fc,2022-10-10,1,750,750,750
2223985e-c1c3-4ef0-b7fc-7843d076b5fc,2022-10-17,1,650,650,650
2223985e-c1c3-4ef0-b7fc-7843d076b5fc,2022-12-05,1,1000,1000,1000
2223985e-c1c3-4ef0-b7fc-7843d076b5fc,2022-12-26,1,450,450,450
2223985e-c1c3-4ef0-b7fc-7843d076b5fc,2023-03-06,1,1100,1100,1100
2223985e-c1c3-4ef0-b7fc-7843d076b5fc,2023-04-10,1,1050,1050,1050
2223985e-c1c3-4ef0-b7fc-7843d076b5fc,2023-04-17,1,1150,1150,1150
2223985e-c1c3-4ef0-b7fc-7843d076b5fc,2023-05-15,1,1300,1300,1300
2223985e-c1c3-4ef0-b7fc-7843d076b5fc,2023-11-06,1,1303.39,1303.39,1303.39
2223985e-c1c3-4ef0-b7fc-7843d076b5fc,2023-11-27,1,990,990,990
2223985e-c1c3-4ef0-b7fc-7843d076b5fc,2024-01-15,1,1038.49,1038.49,1038.49
2223985e-c1c3-4ef0-b7fc-7843d076b5fc,2024-06-03,1,780,780,780
2223985e-c1c3-4ef0-b7fc-7843d076b5fc,2024-06-10,1,840,840,840
2223985e-c1c3-4ef0-b7fc-7843d076b5fc,2024-08-05,2,892.94,750,1035.88
2223985e-c1c3-4ef0-b7fc-7843d076b5fc,2025-02-03,1,990,990,990
2223985e-c1c3-4ef0-b7fc-7843d076b5fc,2025-03-03,1,1100,1100,1100
2223985e-c1c3-4ef0-b7fc-7843d076b5fc,2025-03-31,1,1200,1200,1200
2223985e-c1c3-4ef0-b7fc-7843d076b5fc,2025-05-05,1,1399.99,1399.99,1399.99
2223985e-c1c3-4ef0-b7fc-7843d076b5fc,2025-05-26,1,754.07,754.07,754.07
2223985e-c1c3-4ef0-b7fc-7843d076b5fc,2025-06-23,1,1699.99,1699.99,1699.99
2223985e-c1c3-4ef0-b7fc-7843d076b5fc,2025-06-30,1,1899.99,1899.99,1899.99
2223985e-c1c3-4ef0-b7fc-7843d076b5fc,2025-07-07,1,2729.93,2729.93,2729.93
2223985e-c1c3-4ef0-b7fc-7843d076b5fc,2025-07-14,1,2310,2310,2310
2223985e-c1c3-4ef0-b7fc-7843d076b5fc,2025-07-21,1,2554.19,2554.19,2554.19
2223985e-c1c3-4ef0-b7fc-7843d076b5fc,2025-08-18,1,2600,2600,2600
2223985e-c1c3-4ef0-b7fc-7843d076b5fc,2025-09-22,1,2800,2800,2800
2223985e-c1c3-4ef0-b7fc-7843d076b5fc,2025-10-06,1,2900,2900,2900
2223985e-c1c3-4ef0-b7fc-7843d076b5fc,2025-11-17,1,2772,2772,2772
2223985e-c1c3-4ef0-b7fc-7843d076b5fc,2026-02-09,1,3038,3038,3038
2223985e-c1c3-4ef0-b7fc-7843d076b5fc,2026-02-23,1,3800,3800,3800
2223985e-c1c3-4ef0-b7fc-7843d076b5fc,2026-05-25,2,12606.5,12100,13113
2223985e-c1c3-4ef0-b7fc-7843d076b5fc,2026-06-15,1,13500,13500,13500
2223985e-c1c3-4ef0-b7fc-7843d076b5fc,2026-06-29,1,11312,11312,11312
2223985e-c1c3-4ef0-b7fc-7843d076b5fc,2026-07-27,1,11100,11100,11100
2223985e-c1c3-4ef0-b7fc-7843d076b5fc,2026-08-03,1,9600,9600,9600
2223985e-c1c3-4ef0-b7fc-7843d076b5fc,2026-08-10,1,12600,12600,12600
2223985e-c1c3-4ef0-b7fc-7843d076b5fc,2026-08-17,1,11100,11100,11100
2223985e-c1c3-4ef0-b7fc-7843d076b5fc,2026-08-31,3,10200,9700,10200
222499ba-eb6e-428c-b443-98c8e0aae2d0,2025-11-10,2,334.6,252,417.19
222499ba-eb6e-428c-b443-98c8e0aae2d0,2026-05-11,1,639.38,639.38,639.38
22290ae2-fb8f-4b70-a5be-f05c113e5f4b,2023-08-21,1,40,40,40
22290ae2-fb8f-4b70-a5be-f05c113e5f4b,2023-08-28,1,29,29,29
22290ae2-fb8f-4b70-a5be-f05c113e5f4b,2025-09-08,1,60,60,60
22290ae2-fb8f-4b70-a5be-f05c113e5f4b,2025-12-15,1,275,275,275
22290ae2-fb8f-4b70-a5be-f05c113e5f4b,2026-07-13,1,140,140,140
22290ae2-fb8f-4b70-a5be-f05c113e5f4b,2026-07-20,1,147.5,147.5,147.5
22290ae2-fb8f-4b70-a5be-f05c113e5f4b,2026-07-27,1,116.5,116.5,116.5
222c3779-b5c2-4b17-9cdd-73d9ec64f4ae,2025-02-24,1,31,31,31
222c3779-b5c2-4b17-9cdd-73d9ec64f4ae,2025-03-10,1,59.8,59.8,59.8
222c3779-b5c2-4b17-9cdd-73d9ec64f4ae,2025-03-24,1,40,40,40
222c3779-b5c2-4b17-9cdd-73d9ec64f4ae,2025-04-21,1,25,25,25
222c3779-b5c2-4b17-9cdd-73d9ec64f4ae,2025-05-19,1,31,31,31
222c3779-b5c2-4b17-9cdd-73d9ec64f4ae,2025-06-09,1,19.99,19.99,19.99
222c3779-b5c2-4b17-9cdd-73d9ec64f4ae,2025-07-07,1,30,30,30
222c3779-b5c2-4b17-9cdd-73d9ec64f4ae,2025-08-18,1,39.99,39.99,39.99
222c3779-b5c2-4b17-9cdd-73d9ec64f4ae,2025-08-25,1,30,30,30
222c3779-b5c2-4b17-9cdd-73d9ec64f4ae,2025-09-01,1,26,26,26
222c3779-b5c2-4b17-9cdd-73d9ec64f4ae,2025-09-08,2,54.99,49.99,59.99
222c3779-b5c2-4b17-9cdd-73d9ec64f4ae,2025-09-15,2,52.7,46.4,59
222c3779-b5c2-4b17-9cdd-73d9ec64f4ae,2025-11-10,1,39.99,39.99,39.99
222c3779-b5c2-4b17-9cdd-73d9ec64f4ae,2025-12-01,1,35,35,35
222c3779-b5c2-4b17-9cdd-73d9ec64f4ae,2025-12-29,1,29.99,29.99,29.99
222c3779-b5c2-4b17-9cdd-73d9ec64f4ae,2026-01-26,1,34.99,34.99,34.99
222c3779-b5c2-4b17-9cdd-73d9ec64f4ae,2026-02-02,1,50,50,50
222c3779-b5c2-4b17-9cdd-73d9ec64f4ae,2026-03-02,1,27.6,27.6,27.6
222c3779-b5c2-4b17-9cdd-73d9ec64f4ae,2026-03-09,1,49,49,49
222c3779-b5c2-4b17-9cdd-73d9ec64f4ae,2026-03-16,1,20,20,20
222c3779-b5c2-4b17-9cdd-73d9ec64f4ae,2026-03-23,2,28.75,22.5,35
222c3779-b5c2-4b17-9cdd-73d9ec64f4ae,2026-03-30,2,50.84,50,51.67
222c3779-b5c2-4b17-9cdd-73d9ec64f4ae,2026-04-13,1,41.41,41.41,41.41
222c3779-b5c2-4b17-9cdd-73d9ec64f4ae,2026-06-15,1,60,60,60
222c3779-b5c2-4b17-9cdd-73d9ec64f4ae,2026-07-06,1,38.55,38.55,38.55
222c3779-b5c2-4b17-9cdd-73d9ec64f4ae,2026-08-24,1,43,43,43
222c3ec4-9cab-4d61-a84d-854da1c31016,2021-02-22,1,900,900,900
222c3ec4-9cab-4d61-a84d-854da1c31016,2021-03-22,2,590.5,566,615
222c3ec4-9cab-4d61-a84d-854da1c31016,2021-05-03,2,595,550,640.01
222c3ec4-9cab-4d61-a84d-854da1c31016,2021-05-10,1,575,575,575
222c3ec4-9cab-4d61-a84d-854da1c31016,2021-05-24,1,490,490,490
222c3ec4-9cab-4d61-a84d-854da1c31016,2021-05-31,2,440,400,480
222c3ec4-9cab-4d61-a84d-854da1c31016,2021-06-07,1,410,410,410
222c3ec4-9cab-4d61-a84d-854da1c31016,2021-06-14,1,450,450,450
222c3ec4-9cab-4d61-a84d-854da1c31016,2021-06-21,2,544,478,610
222c3ec4-9cab-4d61-a84d-854da1c31016,2021-07-05,1,599.99,599.99,599.99
222c3ec4-9cab-4d61-a84d-854da1c31016,2021-07-12,1,750,750,750
222c3ec4-9cab-4d61-a84d-854da1c31016,2021-07-19,3,1100,800,1100
222c3ec4-9cab-4d61-a84d-854da1c31016,2021-07-26,2,929,483,1375
222c3ec4-9cab-4d61-a84d-854da1c31016,2021-08-09,2,1000,749.99,1250
222c3ec4-9cab-4d61-a84d-854da1c31016,2021-08-16,4,952.08,675,2000
222c3ec4-9cab-4d61-a84d-854da1c31016,2021-09-27,2,415.5,338,493
222c3ec4-9cab-4d61-a84d-854da1c31016,2021-11-08,1,332.01,332.01,332.01
222c3ec4-9cab-4d61-a84d-854da1c31016,2021-11-15,1,365,365,365
222c3ec4-9cab-4d61-a84d-854da1c31016,2021-11-29,1,343,343,343
222c3ec4-9cab-4d61-a84d-854da1c31016,2021-12-06,1,330,330,330
222c3ec4-9cab-4d61-a84d-854da1c31016,2021-12-13,1,600,600,600
222c3ec4-9cab-4d61-a84d-854da1c31016,2021-12-20,1,425,425,425
222c3ec4-9cab-4d61-a84d-854da1c31016,2022-01-17,1,387.99,387.99,387.99
222c3ec4-9cab-4d61-a84d-854da1c31016,2022-02-21,1,350,350,350
222c3ec4-9cab-4d61-a84d-854da1c31016,2022-03-14,1,283.58,283.58,283.58
222c3ec4-9cab-4d61-a84d-854da1c31016,2022-03-28,1,275,275,275
222c3ec4-9cab-4d61-a84d-854da1c31016,2022-04-04,1,475,475,475
222c3ec4-9cab-4d61-a84d-854da1c31016,2022-05-02,2,297.5,265,330
222c3ec4-9cab-4d61-a84d-854da1c31016,2022-05-09,1,260,260,260
222c3ec4-9cab-4d61-a84d-854da1c31016,2022-05-16,2,392,384,400
222c3ec4-9cab-4d61-a84d-854da1c31016,2022-06-06,1,395,395,395
222c3ec4-9cab-4d61-a84d-854da1c31016,2022-06-13,1,320,320,320
222c3ec4-9cab-4d61-a84d-854da1c31016,2022-06-20,1,351,351,351
222c3ec4-9cab-4d61-a84d-854da1c31016,2022-06-27,1,335,335,335
222c3ec4-9cab-4d61-a84d-854da1c31016,2022-07-04,2,522.5,345,700
222c3ec4-9cab-4d61-a84d-854da1c31016,2022-08-01,1,450,450,450
222c3ec4-9cab-4d61-a84d-854da1c31016,2022-09-19,1,461,461,461
222c3ec4-9cab-4d61-a84d-854da1c31016,2022-10-17,1,622.71,622.71,622.71
222c3ec4-9cab-4d61-a84d-854da1c31016,2022-11-07,1,321.78,321.78,321.78
222c3ec4-9cab-4d61-a84d-854da1c31016,2022-11-14,1,330.05,330.05,330.05
222c3ec4-9cab-4d61-a84d-854da1c31016,2022-11-21,2,300.38,289.99,310.77
222c3ec4-9cab-4d61-a84d-854da1c31016,2022-11-28,2,318.52,306,331.05
222c3ec4-9cab-4d61-a84d-854da1c31016,2022-12-19,2,400,399.99,400
222c3ec4-9cab-4d61-a84d-854da1c31016,2023-01-02,1,499.99,499.99,499.99
222c3ec4-9cab-4d61-a84d-854da1c31016,2023-01-09,2,351.5,350,353
222c3ec4-9cab-4d61-a84d-854da1c31016,2023-01-23,1,300,300,300
222c3ec4-9cab-4d61-a84d-854da1c31016,2023-01-30,2,366.5,308,425
222c3ec4-9cab-4d61-a84d-854da1c31016,2023-02-06,1,313.53,313.53,313.53
222c3ec4-9cab-4d61-a84d-854da1c31016,2023-02-27,1,318.98,318.98,318.98
222c3ec4-9cab-4d61-a84d-854da1c31016,2023-03-06,1,315,315,315
222c3ec4-9cab-4d61-a84d-854da1c31016,2023-03-13,1,284,284,284
222c3ec4-9cab-4d61-a84d-854da1c31016,2023-03-27,1,720,720,720
222c3ec4-9cab-4d61-a84d-854da1c31016,2023-04-03,1,233.5,233.5,233.5
222c3ec4-9cab-4d61-a84d-854da1c31016,2023-04-10,1,300,300,300
222c3ec4-9cab-4d61-a84d-854da1c31016,2023-04-17,3,297.57,285.44,380
222c3ec4-9cab-4d61-a84d-854da1c31016,2023-05-08,1,390,390,390
222c3ec4-9cab-4d61-a84d-854da1c31016,2023-05-15,2,352,320,384
222c3ec4-9cab-4d61-a84d-854da1c31016,2023-06-05,2,407.5,380,435
222c3ec4-9cab-4d61-a84d-854da1c31016,2023-06-19,1,375,375,375
222c3ec4-9cab-4d61-a84d-854da1c31016,2023-06-26,2,327.5,300,355
222c3ec4-9cab-4d61-a84d-854da1c31016,2023-07-10,1,372,372,372
222c3ec4-9cab-4d61-a84d-854da1c31016,2023-07-17,1,399.99,399.99,399.99
222c3ec4-9cab-4d61-a84d-854da1c31016,2023-07-31,1,348,348,348
222c3ec4-9cab-4d61-a84d-854da1c31016,2023-08-14,2,444.5,439.99,449
222c3ec4-9cab-4d61-a84d-854da1c31016,2023-09-11,1,283.2,283.2,283.2
222c3ec4-9cab-4d61-a84d-854da1c31016,2023-09-25,1,365,365,365
222c3ec4-9cab-4d61-a84d-854da1c31016,2023-10-02,1,326,326,326
222c3ec4-9cab-4d61-a84d-854da1c31016,2023-10-16,2,482.5,355,610
222c3ec4-9cab-4d61-a84d-854da1c31016,2023-10-30,2,340.51,326.02,355
222c3ec4-9cab-4d61-a84d-854da1c31016,2023-12-11,1,348,348,348
222c3ec4-9cab-4d61-a84d-854da1c31016,2023-12-18,2,371.25,346.5,396
222c3ec4-9cab-4d61-a84d-854da1c31016,2023-12-25,2,367.5,335,400
222c3ec4-9cab-4d61-a84d-854da1c31016,2024-01-01,2,324.5,324,325
222c3ec4-9cab-4d61-a84d-854da1c31016,2024-01-08,2,337.5,325,349.99
222c3ec4-9cab-4d61-a84d-854da1c31016,2024-01-15,2,324.45,298.9,350
222c3ec4-9cab-4d61-a84d-854da1c31016,2024-02-05,3,372,298,372
222c3ec4-9cab-4d61-a84d-854da1c31016,2024-02-12,5,312,290,332.24
222c3ec4-9cab-4d61-a84d-854da1c31016,2024-02-19,2,361.5,355,368
222c3ec4-9cab-4d61-a84d-854da1c31016,2024-02-26,1,300,300,300
222c3ec4-9cab-4d61-a84d-854da1c31016,2024-03-11,5,350,330,443.88
222c3ec4-9cab-4d61-a84d-854da1c31016,2024-04-01,1,360,360,360
222c3ec4-9cab-4d61-a84d-854da1c31016,2024-04-15,3,305,256,324
222c3ec4-9cab-4d61-a84d-854da1c31016,2024-04-29,2,321,312,330
222c3ec4-9cab-4d61-a84d-854da1c31016,2024-05-06,1,301,301,301
222c3ec4-9cab-4d61-a84d-854da1c31016,2024-06-03,1,300,300,300
222c3ec4-9cab-4d61-a84d-854da1c31016,2024-06-10,1,306.5,306.5,306.5
222c3ec4-9cab-4d61-a84d-854da1c31016,2024-06-24,1,300,300,300
222c3ec4-9cab-4d61-a84d-854da1c31016,2024-08-12,1,200,200,200
222c3ec4-9cab-4d61-a84d-854da1c31016,2024-08-19,3,225,225,249.5
222c3ec4-9cab-4d61-a84d-854da1c31016,2024-08-26,2,280,250,310
222c3ec4-9cab-4d61-a84d-854da1c31016,2024-09-02,1,280,280,280
222c3ec4-9cab-4d61-a84d-854da1c31016,2024-09-16,2,325,300,349.99
222c3ec4-9cab-4d61-a84d-854da1c31016,2024-09-23,1,365,365,365
222c3ec4-9cab-4d61-a84d-854da1c31016,2024-09-30,1,300,300,300
222c3ec4-9cab-4d61-a84d-854da1c31016,2024-11-18,1,200,200,200
222c3ec4-9cab-4d61-a84d-854da1c31016,2024-11-25,1,310,310,310
222c3ec4-9cab-4d61-a84d-854da1c31016,2024-12-09,2,362,340,384
222c3ec4-9cab-4d61-a84d-854da1c31016,2024-12-16,1,336,336,336
222c3ec4-9cab-4d61-a84d-854da1c31016,2025-02-03,1,420,420,420
222c3ec4-9cab-4d61-a84d-854da1c31016,2025-02-10,2,372.5,365,380
222c3ec4-9cab-4d61-a84d-854da1c31016,2025-02-17,2,375.56,370,381.11
222c3ec4-9cab-4d61-a84d-854da1c31016,2025-02-24,2,860.94,396.89,1325
222c3ec4-9cab-4d61-a84d-854da1c31016,2025-03-10,1,399.99,399.99,399.99
222c3ec4-9cab-4d61-a84d-854da1c31016,2025-03-17,3,359,355,399.99
222c3ec4-9cab-4d61-a84d-854da1c31016,2025-04-07,1,399,399,399
222c3ec4-9cab-4d61-a84d-854da1c31016,2025-04-21,1,380,380,380
222c3ec4-9cab-4d61-a84d-854da1c31016,2025-05-05,2,423,385,461
222c3ec4-9cab-4d61-a84d-854da1c31016,2025-05-12,1,417.77,417.77,417.77
222c3ec4-9cab-4d61-a84d-854da1c31016,2025-06-09,1,340,340,340
222c3ec4-9cab-4d61-a84d-854da1c31016,2025-06-16,2,551.15,501.25,601.05
222c3ec4-9cab-4d61-a84d-854da1c31016,2025-06-23,2,545,540,549.99
222c3ec4-9cab-4d61-a84d-854da1c31016,2025-06-30,1,450,450,450
222c3ec4-9cab-4d61-a84d-854da1c31016,2025-07-07,2,460,455,465
222c3ec4-9cab-4d61-a84d-854da1c31016,2025-07-14,1,500,500,500
222c3ec4-9cab-4d61-a84d-854da1c31016,2025-07-21,3,492,456,599.99
222c3ec4-9cab-4d61-a84d-854da1c31016,2025-07-28,1,475,475,475
222c3ec4-9cab-4d61-a84d-854da1c31016,2025-08-11,2,480.79,471,490.59
222c3ec4-9cab-4d61-a84d-854da1c31016,2025-08-18,1,480,480,480
222c3ec4-9cab-4d61-a84d-854da1c31016,2025-09-01,1,1000,1000,1000
222c3ec4-9cab-4d61-a84d-854da1c31016,2025-09-15,1,639,639,639
222c3ec4-9cab-4d61-a84d-854da1c31016,2025-09-22,2,549.95,499.95,599.95
222c3ec4-9cab-4d61-a84d-854da1c31016,2025-10-06,1,705,705,705
222c3ec4-9cab-4d61-a84d-854da1c31016,2025-10-13,2,725.37,690.74,760
222c3ec4-9cab-4d61-a84d-854da1c31016,2025-10-27,2,1162.45,775,1549.9
222c3ec4-9cab-4d61-a84d-854da1c31016,2025-11-03,1,900,900,900
222c3ec4-9cab-4d61-a84d-854da1c31016,2025-11-10,1,799.99,799.99,799.99
222c3ec4-9cab-4d61-a84d-854da1c31016,2025-11-17,2,885,870,900
222c3ec4-9cab-4d61-a84d-854da1c31016,2025-12-08,1,999.99,999.99,999.99
222c3ec4-9cab-4d61-a84d-854da1c31016,2025-12-22,3,938.28,870,1100
222c3ec4-9cab-4d61-a84d-854da1c31016,2026-01-05,3,1100,1095,1151
222c3ec4-9cab-4d61-a84d-854da1c31016,2026-01-12,1,1075,1075,1075
222c3ec4-9cab-4d61-a84d-854da1c31016,2026-01-19,1,1025,1025,1025
222c3ec4-9cab-4d61-a84d-854da1c31016,2026-02-02,2,1175,1150,1200
222c3ec4-9cab-4d61-a84d-854da1c31016,2026-02-09,2,1200,1150,1250
222c3ec4-9cab-4d61-a84d-854da1c31016,2026-02-16,2,1400,1300,1500
222c3ec4-9cab-4d61-a84d-854da1c31016,2026-02-23,2,2036,1572,2500
222c3ec4-9cab-4d61-a84d-854da1c31016,2026-03-02,2,2079.44,1770,2388.88
222c3ec4-9cab-4d61-a84d-854da1c31016,2026-03-09,1,2225.28,2225.28,2225.28
222c3ec4-9cab-4d61-a84d-854da1c31016,2026-03-16,1,1950,1950,1950
222c3ec4-9cab-4d61-a84d-854da1c31016,2026-03-23,2,2195,1890,2500
222c3ec4-9cab-4d61-a84d-854da1c31016,2026-04-20,2,2135.5,2024,2247
222c3ec4-9cab-4d61-a84d-854da1c31016,2026-04-27,1,1786,1786,1786
222c3ec4-9cab-4d61-a84d-854da1c31016,2026-05-18,1,2050.02,2050.02,2050.02
222c3ec4-9cab-4d61-a84d-854da1c31016,2026-05-25,1,1701,1701,1701
222c3ec4-9cab-4d61-a84d-854da1c31016,2026-06-01,1,2125,2125,2125
222c3ec4-9cab-4d61-a84d-854da1c31016,2026-06-15,1,2229.98,2229.98,2229.98
222c3ec4-9cab-4d61-a84d-854da1c31016,2026-06-22,1,1735,1735,1735
222c3ec4-9cab-4d61-a84d-854da1c31016,2026-06-29,1,2600,2600,2600
222c3ec4-9cab-4d61-a84d-854da1c31016,2026-07-06,1,1700,1700,1700
222c3ec4-9cab-4d61-a84d-854da1c31016,2026-07-13,4,1936,1470,2199.99
222c3ec4-9cab-4d61-a84d-854da1c31016,2026-07-20,1,1950,1950,1950
222c3ec4-9cab-4d61-a84d-854da1c31016,2026-07-27,1,1764,1764,1764
222c3ec4-9cab-4d61-a84d-854da1c31016,2026-08-03,4,2350,1750,2485.19
222c3ec4-9cab-4d61-a84d-854da1c31016,2026-08-10,2,1777,1750,1804
222c3ec4-9cab-4d61-a84d-854da1c31016,2026-08-17,2,1699,1575,1823
222c3ec4-9cab-4d61-a84d-854da1c31016,2026-08-31,1,1695.64,1695.64,1695.64
222c3ec4-9cab-4d61-a84d-854da1c31016,2026-09-14,1,1600,1600,1600
222d4783-03a0-42a0-a6b5-8c53e55895af,2021-03-22,1,416,416,416
222d4783-03a0-42a0-a6b5-8c53e55895af,2021-06-07,1,550,550,550
222d4783-03a0-42a0-a6b5-8c53e55895af,2021-08-09,1,451,451,451
222d4783-03a0-42a0-a6b5-8c53e55895af,2021-08-16,1,749,749,749
222d4783-03a0-42a0-a6b5-8c53e55895af,2021-10-18,1,600,600,600
222d4783-03a0-42a0-a6b5-8c53e55895af,2021-11-01,1,550,550,550
222d4783-03a0-42a0-a6b5-8c53e55895af,2022-01-24,1,385,385,385
222d4783-03a0-42a0-a6b5-8c53e55895af,2022-03-14,1,400,400,400
222d4783-03a0-42a0-a6b5-8c53e55895af,2022-04-04,1,375,375,375
222d4783-03a0-42a0-a6b5-8c53e55895af,2022-05-02,1,336,336,336
222d4783-03a0-42a0-a6b5-8c53e55895af,2022-05-16,1,305,305,305
222d4783-03a0-42a0-a6b5-8c53e55895af,2022-06-06,3,294.97,276,330
222d4783-03a0-42a0-a6b5-8c53e55895af,2022-06-13,1,288,288,288
222d4783-03a0-42a0-a6b5-8c53e55895af,2022-06-20,2,311,282,340
222d4783-03a0-42a0-a6b5-8c53e55895af,2022-06-27,1,293,293,293
222d4783-03a0-42a0-a6b5-8c53e55895af,2022-07-04,2,344,288,400
222d4783-03a0-42a0-a6b5-8c53e55895af,2022-07-18,1,275,275,275
222d4783-03a0-42a0-a6b5-8c53e55895af,2022-08-08,1,248.72,248.72,248.72
222d4783-03a0-42a0-a6b5-8c53e55895af,2022-08-15,1,276,276,276
222d4783-03a0-42a0-a6b5-8c53e55895af,2022-08-29,1,400,400,400
222d4783-03a0-42a0-a6b5-8c53e55895af,2022-09-12,1,336,336,336
222d4783-03a0-42a0-a6b5-8c53e55895af,2022-09-19,1,430,430,430
222d4783-03a0-42a0-a6b5-8c53e55895af,2022-10-31,3,355,280.55,599.98
222d4783-03a0-42a0-a6b5-8c53e55895af,2022-11-21,1,293,293,293
222d4783-03a0-42a0-a6b5-8c53e55895af,2022-11-28,1,305.4,305.4,305.4
222d4783-03a0-42a0-a6b5-8c53e55895af,2022-12-12,1,295,295,295
222d4783-03a0-42a0-a6b5-8c53e55895af,2022-12-19,1,288,288,288
222d4783-03a0-42a0-a6b5-8c53e55895af,2023-01-09,2,298,266,329.99
222d4783-03a0-42a0-a6b5-8c53e55895af,2023-02-06,1,197.5,197.5,197.5
222d4783-03a0-42a0-a6b5-8c53e55895af,2023-02-20,2,173.19,76.39,270
222d4783-03a0-42a0-a6b5-8c53e55895af,2023-02-27,1,141.48,141.48,141.48
222d4783-03a0-42a0-a6b5-8c53e55895af,2023-03-13,1,193.5,193.5,193.5
222d4783-03a0-42a0-a6b5-8c53e55895af,2023-04-17,2,317.5,300,335
222d4783-03a0-42a0-a6b5-8c53e55895af,2023-05-29,1,319.99,319.99,319.99
222d4783-03a0-42a0-a6b5-8c53e55895af,2023-06-05,2,233.04,231.08,235
222d4783-03a0-42a0-a6b5-8c53e55895af,2023-06-19,1,177.5,177.5,177.5
222d4783-03a0-42a0-a6b5-8c53e55895af,2023-06-26,1,174.5,174.5,174.5
222d4783-03a0-42a0-a6b5-8c53e55895af,2023-07-10,1,320,320,320
222d4783-03a0-42a0-a6b5-8c53e55895af,2023-08-14,2,350.01,300.03,399.99
222d4783-03a0-42a0-a6b5-8c53e55895af,2023-09-11,1,205.2,205.2,205.2
222d4783-03a0-42a0-a6b5-8c53e55895af,2023-10-02,2,203.75,202.5,205
222d4783-03a0-42a0-a6b5-8c53e55895af,2023-10-23,1,230,230,230
222d4783-03a0-42a0-a6b5-8c53e55895af,2023-11-20,1,211.5,211.5,211.5
222d4783-03a0-42a0-a6b5-8c53e55895af,2023-11-27,1,154,154,154
222d4783-03a0-42a0-a6b5-8c53e55895af,2023-12-04,1,228,228,228
222d4783-03a0-42a0-a6b5-8c53e55895af,2023-12-11,1,200,200,200
222d4783-03a0-42a0-a6b5-8c53e55895af,2023-12-18,1,252,252,252
222d4783-03a0-42a0-a6b5-8c53e55895af,2024-01-08,2,314,300,328
222d4783-03a0-42a0-a6b5-8c53e55895af,2024-02-05,2,258.63,241.26,276
222d4783-03a0-42a0-a6b5-8c53e55895af,2024-02-12,1,252,252,252
222d4783-03a0-42a0-a6b5-8c53e55895af,2024-02-26,1,247.49,247.49,247.49
222d4783-03a0-42a0-a6b5-8c53e55895af,2024-03-04,2,227,204,250
222d4783-03a0-42a0-a6b5-8c53e55895af,2024-03-11,2,249.38,200,298.76
222d4783-03a0-42a0-a6b5-8c53e55895af,2024-05-20,1,181.5,181.5,181.5
222d4783-03a0-42a0-a6b5-8c53e55895af,2024-06-03,2,190.36,178.5,202.22
222d4783-03a0-42a0-a6b5-8c53e55895af,2024-06-10,1,144,144,144
222d4783-03a0-42a0-a6b5-8c53e55895af,2024-07-01,1,152.62,152.62,152.62
222d4783-03a0-42a0-a6b5-8c53e55895af,2024-07-22,2,159,140,178
222d4783-03a0-42a0-a6b5-8c53e55895af,2024-07-29,1,152.5,152.5,152.5
222d4783-03a0-42a0-a6b5-8c53e55895af,2024-08-12,2,174.75,174.5,175
222d4783-03a0-42a0-a6b5-8c53e55895af,2024-08-19,1,169,169,169
222d4783-03a0-42a0-a6b5-8c53e55895af,2024-08-26,2,150,150,150
222d4783-03a0-42a0-a6b5-8c53e55895af,2024-09-02,2,153.5,132,175
222d4783-03a0-42a0-a6b5-8c53e55895af,2024-09-09,2,214.59,169.18,259.99
222d4783-03a0-42a0-a6b5-8c53e55895af,2024-09-23,2,292.5,275,310
222d4783-03a0-42a0-a6b5-8c53e55895af,2024-10-07,1,200,200,200
222d4783-03a0-42a0-a6b5-8c53e55895af,2024-10-14,1,349.99,349.99,349.99
222d4783-03a0-42a0-a6b5-8c53e55895af,2024-10-28,1,295,295,295
222d4783-03a0-42a0-a6b5-8c53e55895af,2024-11-04,2,295,290,300
222d4783-03a0-42a0-a6b5-8c53e55895af,2025-01-20,2,300,260,340
222d4783-03a0-42a0-a6b5-8c53e55895af,2025-01-27,2,233.15,201.3,265
222d4783-03a0-42a0-a6b5-8c53e55895af,2025-02-03,1,314.88,314.88,314.88
222d4783-03a0-42a0-a6b5-8c53e55895af,2025-03-03,1,298,298,298
222d4783-03a0-42a0-a6b5-8c53e55895af,2025-03-17,2,280.5,276,284.99
222d4783-03a0-42a0-a6b5-8c53e55895af,2025-04-28,1,304.08,304.08,304.08
222d4783-03a0-42a0-a6b5-8c53e55895af,2025-05-12,2,341.5,338,344.99
222d4783-03a0-42a0-a6b5-8c53e55895af,2025-05-19,2,322.5,300,345
222d4783-03a0-42a0-a6b5-8c53e55895af,2025-06-23,4,346.25,274,365
222d4783-03a0-42a0-a6b5-8c53e55895af,2025-07-14,1,365,365,365
222d4783-03a0-42a0-a6b5-8c53e55895af,2025-07-21,1,396,396,396
222d4783-03a0-42a0-a6b5-8c53e55895af,2025-08-04,1,365,365,365
222d4783-03a0-42a0-a6b5-8c53e55895af,2025-08-11,1,375,375,375
222d4783-03a0-42a0-a6b5-8c53e55895af,2025-09-01,1,374.99,374.99,374.99
222d4783-03a0-42a0-a6b5-8c53e55895af,2025-09-29,1,425,425,425
222d4783-03a0-42a0-a6b5-8c53e55895af,2025-10-27,1,535,535,535
222d4783-03a0-42a0-a6b5-8c53e55895af,2025-11-10,1,480,480,480
222d4783-03a0-42a0-a6b5-8c53e55895af,2025-12-08,2,475,450,500
222d4783-03a0-42a0-a6b5-8c53e55895af,2026-01-05,2,561.1,500,622.2
222d4783-03a0-42a0-a6b5-8c53e55895af,2026-01-19,5,555,547.36,682
222d4783-03a0-42a0-a6b5-8c53e55895af,2026-02-02,4,955,895,1000
222d4783-03a0-42a0-a6b5-8c53e55895af,2026-02-16,2,949,898,1000
222d4783-03a0-42a0-a6b5-8c53e55895af,2026-03-02,1,1470,1470,1470
222d4783-03a0-42a0-a6b5-8c53e55895af,2026-03-09,1,1640.94,1640.94,1640.94
222d4783-03a0-42a0-a6b5-8c53e55895af,2026-03-23,1,2025,2025,2025
222d4783-03a0-42a0-a6b5-8c53e55895af,2026-03-30,2,1705,1700,1710
222d4783-03a0-42a0-a6b5-8c53e55895af,2026-04-06,2,1277.5,1080,1475
222d4783-03a0-42a0-a6b5-8c53e55895af,2026-04-13,1,1290,1290,1290
222d4783-03a0-42a0-a6b5-8c53e55895af,2026-04-20,4,1565,1500,1913
222d4783-03a0-42a0-a6b5-8c53e55895af,2026-04-27,1,1046.01,1046.01,1046.01
222d4783-03a0-42a0-a6b5-8c53e55895af,2026-05-04,1,1201,1201,1201
222d4783-03a0-42a0-a6b5-8c53e55895af,2026-05-11,1,1199.99,1199.99,1199.99
222d4783-03a0-42a0-a6b5-8c53e55895af,2026-05-18,2,1162.5,1075,1250
222d4783-03a0-42a0-a6b5-8c53e55895af,2026-06-01,1,1450,1450,1450
222d4783-03a0-42a0-a6b5-8c53e55895af,2026-07-06,1,1369.44,1369.44,1369.44
222d4783-03a0-42a0-a6b5-8c53e55895af,2026-07-13,1,870,870,870
222d4783-03a0-42a0-a6b5-8c53e55895af,2026-07-20,1,1399.99,1399.99,1399.99
222d4783-03a0-42a0-a6b5-8c53e55895af,2026-08-10,2,1232.5,1140,1325
222d4783-03a0-42a0-a6b5-8c53e55895af,2026-09-07,1,1499.99,1499.99,1499.99
223231dd-b529-4597-b71b-50d7cb497b5b,2024-02-26,1,9.63,9.63,9.63
223231dd-b529-4597-b71b-50d7cb497b5b,2024-03-04,2,20.02,18.05,22
223231dd-b529-4597-b71b-50d7cb497b5b,2024-03-11,3,16.5,13,20
223231dd-b529-4597-b71b-50d7cb497b5b,2024-03-25,1,13.05,13.05,13.05
223231dd-b529-4597-b71b-50d7cb497b5b,2024-04-08,2,15,15,15
223231dd-b529-4597-b71b-50d7cb497b5b,2024-04-22,3,28,13.75,69
223231dd-b529-4597-b71b-50d7cb497b5b,2024-04-29,4,21.7,14.45,25
223231dd-b529-4597-b71b-50d7cb497b5b,2024-05-06,1,15.5,15.5,15.5
223231dd-b529-4597-b71b-50d7cb497b5b,2024-05-13,1,21,21,21
223231dd-b529-4597-b71b-50d7cb497b5b,2024-05-27,2,16.8,10.55,23.05
223231dd-b529-4597-b71b-50d7cb497b5b,2024-06-03,2,23.02,17,29.04
223231dd-b529-4597-b71b-50d7cb497b5b,2024-06-10,1,15.5,15.5,15.5
223231dd-b529-4597-b71b-50d7cb497b5b,2024-06-24,2,13,12.5,13.5
223231dd-b529-4597-b71b-50d7cb497b5b,2024-07-08,2,21.47,19.95,22.99
223231dd-b529-4597-b71b-50d7cb497b5b,2024-07-29,1,20.66,20.66,20.66
223231dd-b529-4597-b71b-50d7cb497b5b,2024-08-05,1,22.95,22.95,22.95
223231dd-b529-4597-b71b-50d7cb497b5b,2024-08-12,4,21.23,14.99,24.99
223231dd-b529-4597-b71b-50d7cb497b5b,2024-08-19,2,24.73,22.46,26.99
223231dd-b529-4597-b71b-50d7cb497b5b,2024-08-26,2,16.2,13.91,18.5
223231dd-b529-4597-b71b-50d7cb497b5b,2024-09-02,1,12.99,12.99,12.99
223231dd-b529-4597-b71b-50d7cb497b5b,2024-09-09,2,15.47,15,15.95
223231dd-b529-4597-b71b-50d7cb497b5b,2024-09-16,2,16.75,13.5,20
223231dd-b529-4597-b71b-50d7cb497b5b,2024-11-11,2,18.8,9.99,27.6
223231dd-b529-4597-b71b-50d7cb497b5b,2024-11-18,1,20.5,20.5,20.5
223231dd-b529-4597-b71b-50d7cb497b5b,2024-11-25,2,19.49,15,23.99
223231dd-b529-4597-b71b-50d7cb497b5b,2024-12-30,2,22.75,19.5,26
223231dd-b529-4597-b71b-50d7cb497b5b,2025-01-06,3,24.95,18.95,24.99
223231dd-b529-4597-b71b-50d7cb497b5b,2025-01-13,1,29,29,29
223231dd-b529-4597-b71b-50d7cb497b5b,2025-01-20,1,30,30,30
223231dd-b529-4597-b71b-50d7cb497b5b,2025-01-27,1,26.95,26.95,26.95
223231dd-b529-4597-b71b-50d7cb497b5b,2025-02-03,2,18.25,15.5,21
223231dd-b529-4597-b71b-50d7cb497b5b,2025-02-10,1,20.57,20.57,20.57
223231dd-b529-4597-b71b-50d7cb497b5b,2025-02-24,1,23.98,23.98,23.98
223231dd-b529-4597-b71b-50d7cb497b5b,2025-03-10,1,29.99,29.99,29.99
223231dd-b529-4597-b71b-50d7cb497b5b,2025-03-17,1,25,25,25
223231dd-b529-4597-b71b-50d7cb497b5b,2025-03-24,1,17.4,17.4,17.4
223231dd-b529-4597-b71b-50d7cb497b5b,2025-03-31,1,23.23,23.23,23.23
223231dd-b529-4597-b71b-50d7cb497b5b,2025-04-07,1,30,30,30
223231dd-b529-4597-b71b-50d7cb497b5b,2025-05-12,2,25,20,30
223231dd-b529-4597-b71b-50d7cb497b5b,2025-05-26,1,22.8,22.8,22.8
223231dd-b529-4597-b71b-50d7cb497b5b,2025-06-02,1,30,30,30
223231dd-b529-4597-b71b-50d7cb497b5b,2025-07-14,1,32.67,32.67,32.67
223231dd-b529-4597-b71b-50d7cb497b5b,2025-08-11,1,30,30,30
223231dd-b529-4597-b71b-50d7cb497b5b,2025-09-01,1,34.99,34.99,34.99
223231dd-b529-4597-b71b-50d7cb497b5b,2025-09-08,1,32.99,32.99,32.99
223231dd-b529-4597-b71b-50d7cb497b5b,2025-09-29,1,30,30,30
223231dd-b529-4597-b71b-50d7cb497b5b,2025-12-15,1,35,35,35
223231dd-b529-4597-b71b-50d7cb497b5b,2025-12-29,1,39,39,39
223231dd-b529-4597-b71b-50d7cb497b5b,2026-01-05,2,26.25,25.2,27.3
223231dd-b529-4597-b71b-50d7cb497b5b,2026-01-19,2,38.12,27,49.24
223231dd-b529-4597-b71b-50d7cb497b5b,2026-01-26,1,22.78,22.78,22.78
223231dd-b529-4597-b71b-50d7cb497b5b,2026-05-04,2,35,34.99,35
223231dd-b529-4597-b71b-50d7cb497b5b,2026-05-11,1,30,30,30
223231dd-b529-4597-b71b-50d7cb497b5b,2026-05-18,1,34,34,34
223231dd-b529-4597-b71b-50d7cb497b5b,2026-05-25,1,47.67,47.67,47.67
223231dd-b529-4597-b71b-50d7cb497b5b,2026-06-22,1,31,31,31
223231dd-b529-4597-b71b-50d7cb497b5b,2026-07-06,1,26,26,26
223231dd-b529-4597-b71b-50d7cb497b5b,2026-07-13,1,45.99,45.99,45.99
223231dd-b529-4597-b71b-50d7cb497b5b,2026-08-10,1,33,33,33
223231dd-b529-4597-b71b-50d7cb497b5b,2026-08-31,1,30,30,30
2234c728-e3ac-4b82-8be0-818428a850a5,2023-07-31,1,860,860,860
2234c728-e3ac-4b82-8be0-818428a850a5,2026-06-22,1,4320,4320,4320
22383cfb-b197-4baa-913d-0edd44b8716f,2024-05-20,1,40,40,40
22383cfb-b197-4baa-913d-0edd44b8716f,2024-12-23,1,25,25,25
22383cfb-b197-4baa-913d-0edd44b8716f,2025-01-13,1,25,25,25
22383cfb-b197-4baa-913d-0edd44b8716f,2025-04-07,1,10.5,10.5,10.5
22383cfb-b197-4baa-913d-0edd44b8716f,2025-04-21,1,20.99,20.99,20.99
223841fa-1463-4b2b-8319-4fadf3d735b6,2022-09-19,1,45,45,45
223841fa-1463-4b2b-8319-4fadf3d735b6,2023-09-18,1,50,50,50
223841fa-1463-4b2b-8319-4fadf3d735b6,2026-08-03,1,130,130,130
223a18b3-e7e6-4faf-8eee-0154aeb96f43,2021-05-24,1,257,257,257
223a18b3-e7e6-4faf-8eee-0154aeb96f43,2021-10-25,1,84,84,84
223a18b3-e7e6-4faf-8eee-0154aeb96f43,2022-01-10,1,202.5,202.5,202.5
223a18b3-e7e6-4faf-8eee-0154aeb96f43,2022-02-14,1,86,86,86
223a18b3-e7e6-4faf-8eee-0154aeb96f43,2023-03-27,1,95.21,95.21,95.21
223a18b3-e7e6-4faf-8eee-0154aeb96f43,2023-06-05,2,384.51,277.02,492
223a18b3-e7e6-4faf-8eee-0154aeb96f43,2023-06-19,1,264,264,264
223a18b3-e7e6-4faf-8eee-0154aeb96f43,2023-08-07,1,170,170,170
223a18b3-e7e6-4faf-8eee-0154aeb96f43,2023-09-11,2,182.5,180,185
223a18b3-e7e6-4faf-8eee-0154aeb96f43,2024-01-08,1,168,168,168
223a18b3-e7e6-4faf-8eee-0154aeb96f43,2024-02-12,1,162,162,162
223a18b3-e7e6-4faf-8eee-0154aeb96f43,2024-05-27,2,173.69,168.5,178.88
223a18b3-e7e6-4faf-8eee-0154aeb96f43,2024-07-22,1,186,186,186
223a18b3-e7e6-4faf-8eee-0154aeb96f43,2024-08-12,1,128,128,128
223a18b3-e7e6-4faf-8eee-0154aeb96f43,2024-10-21,1,78,78,78
223a18b3-e7e6-4faf-8eee-0154aeb96f43,2024-10-28,1,94,94,94
223a18b3-e7e6-4faf-8eee-0154aeb96f43,2024-12-09,1,62,62,62
223a18b3-e7e6-4faf-8eee-0154aeb96f43,2024-12-23,1,112.5,112.5,112.5
223a18b3-e7e6-4faf-8eee-0154aeb96f43,2025-01-06,1,115,115,115
223a18b3-e7e6-4faf-8eee-0154aeb96f43,2025-01-27,1,112.99,112.99,112.99
223a18b3-e7e6-4faf-8eee-0154aeb96f43,2025-02-17,1,69,69,69
223a18b3-e7e6-4faf-8eee-0154aeb96f43,2025-02-24,1,93,93,93
223a18b3-e7e6-4faf-8eee-0154aeb96f43,2025-03-24,1,110,110,110
223a18b3-e7e6-4faf-8eee-0154aeb96f43,2025-04-21,1,145,145,145
223a18b3-e7e6-4faf-8eee-0154aeb96f43,2025-05-26,1,105,105,105
223a18b3-e7e6-4faf-8eee-0154aeb96f43,2025-06-30,1,178.7,178.7,178.7
223a18b3-e7e6-4faf-8eee-0154aeb96f43,2025-08-25,1,125.5,125.5,125.5
223a18b3-e7e6-4faf-8eee-0154aeb96f43,2025-09-01,1,202.5,202.5,202.5
223a18b3-e7e6-4faf-8eee-0154aeb96f43,2025-09-15,1,300,300,300
223a18b3-e7e6-4faf-8eee-0154aeb96f43,2025-10-06,1,130,130,130
223a18b3-e7e6-4faf-8eee-0154aeb96f43,2025-10-27,1,174.5,174.5,174.5
223a18b3-e7e6-4faf-8eee-0154aeb96f43,2025-11-10,1,176.4,176.4,176.4
223a18b3-e7e6-4faf-8eee-0154aeb96f43,2025-12-15,1,46.01,46.01,46.01
223a18b3-e7e6-4faf-8eee-0154aeb96f43,2026-01-05,1,250,250,250
223a18b3-e7e6-4faf-8eee-0154aeb96f43,2026-01-12,1,274.99,274.99,274.99
223a18b3-e7e6-4faf-8eee-0154aeb96f43,2026-02-16,2,275,250,300
223a18b3-e7e6-4faf-8eee-0154aeb96f43,2026-02-23,1,215,215,215
223a18b3-e7e6-4faf-8eee-0154aeb96f43,2026-03-09,1,459.95,459.95,459.95
223a18b3-e7e6-4faf-8eee-0154aeb96f43,2026-03-23,1,405,405,405
223a18b3-e7e6-4faf-8eee-0154aeb96f43,2026-04-13,1,395,395,395
223a18b3-e7e6-4faf-8eee-0154aeb96f43,2026-05-11,1,399,399,399
223a18b3-e7e6-4faf-8eee-0154aeb96f43,2026-06-01,1,500,500,500
223a18b3-e7e6-4faf-8eee-0154aeb96f43,2026-06-08,1,425,425,425
223a18b3-e7e6-4faf-8eee-0154aeb96f43,2026-06-22,1,438.44,438.44,438.44
223a18b3-e7e6-4faf-8eee-0154aeb96f43,2026-06-29,1,415,415,415
223a18b3-e7e6-4faf-8eee-0154aeb96f43,2026-07-20,1,305,305,305
223a18b3-e7e6-4faf-8eee-0154aeb96f43,2026-08-17,1,390,390,390
223a18b3-e7e6-4faf-8eee-0154aeb96f43,2026-08-31,2,542.98,436,649.95
223b032b-11c1-44de-af6f-0089c4c8a906,2022-06-06,1,19.99,19.99,19.99
223b13be-f4fd-4e7b-a5f1-684d46efac27,2024-07-15,1,26,26,26
223b13be-f4fd-4e7b-a5f1-684d46efac27,2025-03-03,1,40,40,40
223b13be-f4fd-4e7b-a5f1-684d46efac27,2026-08-10,1,462.8,462.8,462.8
223b34e9-4b37-4163-938b-a7e0568b4cc3,2023-01-16,2,92.4,91.2,93.6
223b34e9-4b37-4163-938b-a7e0568b4cc3,2023-01-23,3,98.4,98.4,115.2
223b34e9-4b37-4163-938b-a7e0568b4cc3,2023-02-06,3,93.6,79.2,93.6
223b34e9-4b37-4163-938b-a7e0568b4cc3,2023-02-13,1,32.4,32.4,32.4
223b34e9-4b37-4163-938b-a7e0568b4cc3,2023-02-20,1,62.4,62.4,62.4
223b34e9-4b37-4163-938b-a7e0568b4cc3,2023-08-14,1,74.99,74.99,74.99
223b34e9-4b37-4163-938b-a7e0568b4cc3,2023-08-21,1,100,100,100
223b34e9-4b37-4163-938b-a7e0568b4cc3,2023-12-18,1,32,32,32
223b34e9-4b37-4163-938b-a7e0568b4cc3,2024-01-15,1,150,150,150
223b34e9-4b37-4163-938b-a7e0568b4cc3,2024-03-18,1,288,288,288
223b34e9-4b37-4163-938b-a7e0568b4cc3,2024-03-25,1,44.4,44.4,44.4
223b34e9-4b37-4163-938b-a7e0568b4cc3,2024-05-20,1,46,46,46
223b34e9-4b37-4163-938b-a7e0568b4cc3,2024-07-22,1,28.8,28.8,28.8
223b34e9-4b37-4163-938b-a7e0568b4cc3,2025-07-07,1,50,50,50
223b34e9-4b37-4163-938b-a7e0568b4cc3,2025-12-01,1,71,71,71
223b34e9-4b37-4163-938b-a7e0568b4cc3,2026-03-09,1,930,930,930
223b34e9-4b37-4163-938b-a7e0568b4cc3,2026-08-10,1,1200,1200,1200
223eb2c9-b0d5-4aad-95f7-c646ee795058,2022-12-05,1,82,82,82
223eb2c9-b0d5-4aad-95f7-c646ee795058,2023-04-10,1,124.65,124.65,124.65
223eb2c9-b0d5-4aad-95f7-c646ee795058,2024-12-23,1,117.96,117.96,117.96
22467267-51de-4662-9b41-7c396208079c,2024-12-09,3,182.5,172.5,222.5
22467267-51de-4662-9b41-7c396208079c,2024-12-16,3,219.99,200,299
22467267-51de-4662-9b41-7c396208079c,2024-12-23,1,299,299,299
22467267-51de-4662-9b41-7c396208079c,2024-12-30,2,259.56,219.17,299.95
22467267-51de-4662-9b41-7c396208079c,2025-01-06,5,246.05,79,255
22467267-51de-4662-9b41-7c396208079c,2025-01-13,3,225,215,275
22467267-51de-4662-9b41-7c396208079c,2025-01-20,3,230,214.95,261.69
22467267-51de-4662-9b41-7c396208079c,2025-01-27,6,217.25,149.99,235
22467267-51de-4662-9b41-7c396208079c,2025-02-03,6,206.29,152.5,250
22467267-51de-4662-9b41-7c396208079c,2025-02-10,7,224.99,181.5,372.54
22467267-51de-4662-9b41-7c396208079c,2025-02-17,5,196.5,187.5,227.5
22467267-51de-4662-9b41-7c396208079c,2025-02-24,1,190,190,190
22467267-51de-4662-9b41-7c396208079c,2025-03-03,9,210,146.75,230
22467267-51de-4662-9b41-7c396208079c,2025-03-10,9,184.06,153.5,250
22467267-51de-4662-9b41-7c396208079c,2025-03-17,5,190,180,219.5
22467267-51de-4662-9b41-7c396208079c,2025-03-24,4,198,175.75,219.97
22467267-51de-4662-9b41-7c396208079c,2025-03-31,3,198,190,200.13
22467267-51de-4662-9b41-7c396208079c,2025-04-07,5,212.5,200,225
22467267-51de-4662-9b41-7c396208079c,2025-04-14,1,199.99,199.99,199.99
22467267-51de-4662-9b41-7c396208079c,2025-04-21,1,189.5,189.5,189.5
22467267-51de-4662-9b41-7c396208079c,2025-04-28,1,181,181,181
22467267-51de-4662-9b41-7c396208079c,2025-05-05,1,165,165,165
22467267-51de-4662-9b41-7c396208079c,2025-05-12,2,156.12,136.24,176
22467267-51de-4662-9b41-7c396208079c,2025-05-19,1,102.5,102.5,102.5
22467267-51de-4662-9b41-7c396208079c,2025-05-26,3,137.5,132.5,199.99
22467267-51de-4662-9b41-7c396208079c,2025-06-02,1,180,180,180
22467267-51de-4662-9b41-7c396208079c,2025-06-09,1,120,120,120
22467267-51de-4662-9b41-7c396208079c,2025-06-16,1,126,126,126
22467267-51de-4662-9b41-7c396208079c,2025-06-23,2,162.5,150,174.99
22467267-51de-4662-9b41-7c396208079c,2025-06-30,2,165,150,179.99
22467267-51de-4662-9b41-7c396208079c,2025-07-07,5,165,73,178
22467267-51de-4662-9b41-7c396208079c,2025-07-14,1,40,40,40
22467267-51de-4662-9b41-7c396208079c,2025-07-21,2,164,158,170
22467267-51de-4662-9b41-7c396208079c,2025-07-28,3,200,175,217.61
22467267-51de-4662-9b41-7c396208079c,2025-08-04,3,175,89.88,190.5
22467267-51de-4662-9b41-7c396208079c,2025-08-11,6,172.38,162.76,240
22467267-51de-4662-9b41-7c396208079c,2025-08-18,1,197.99,197.99,197.99
22467267-51de-4662-9b41-7c396208079c,2025-08-25,9,200,185,249.99
22467267-51de-4662-9b41-7c396208079c,2025-09-01,4,307.5,199,399
22467267-51de-4662-9b41-7c396208079c,2025-09-15,3,410,385,425
22467267-51de-4662-9b41-7c396208079c,2025-09-22,2,367.5,310,425
22467267-51de-4662-9b41-7c396208079c,2025-09-29,1,365,365,365
22467267-51de-4662-9b41-7c396208079c,2025-10-06,1,324,324,324
22467267-51de-4662-9b41-7c396208079c,2025-10-13,1,280,280,280
22467267-51de-4662-9b41-7c396208079c,2025-11-03,1,299,299,299
22467267-51de-4662-9b41-7c396208079c,2026-01-19,1,207.5,207.5,207.5
22467267-51de-4662-9b41-7c396208079c,2026-01-26,1,108,108,108
22467267-51de-4662-9b41-7c396208079c,2026-02-09,2,226.75,202.5,251
22467267-51de-4662-9b41-7c396208079c,2026-02-23,1,184.5,184.5,184.5
22467267-51de-4662-9b41-7c396208079c,2026-03-02,1,250,250,250
22467267-51de-4662-9b41-7c396208079c,2026-03-16,4,277,248.99,300
22467267-51de-4662-9b41-7c396208079c,2026-03-30,2,270.32,270,270.64
22467267-51de-4662-9b41-7c396208079c,2026-04-06,2,244.25,238.5,250
22467267-51de-4662-9b41-7c396208079c,2026-04-13,3,285,260,295
22467267-51de-4662-9b41-7c396208079c,2026-04-20,2,268.52,237.06,299.99
22467267-51de-4662-9b41-7c396208079c,2026-05-18,1,275,275,275
22467267-51de-4662-9b41-7c396208079c,2026-05-25,1,250,250,250
22467267-51de-4662-9b41-7c396208079c,2026-06-01,3,250,240.37,270
22467267-51de-4662-9b41-7c396208079c,2026-06-08,2,184,164.5,203.5
22467267-51de-4662-9b41-7c396208079c,2026-06-15,1,182.5,182.5,182.5
22467267-51de-4662-9b41-7c396208079c,2026-06-29,3,165.49,148.98,300
22467267-51de-4662-9b41-7c396208079c,2026-07-06,2,198.5,175,222
22467267-51de-4662-9b41-7c396208079c,2026-07-13,3,172.94,162.5,190.4
22467267-51de-4662-9b41-7c396208079c,2026-07-20,1,216,216,216
22467267-51de-4662-9b41-7c396208079c,2026-08-03,2,197,188,206
22467267-51de-4662-9b41-7c396208079c,2026-08-10,4,243,167.5,299.99
22467267-51de-4662-9b41-7c396208079c,2026-08-31,3,236.5,183.5,269.97
224749bf-1be8-4cfa-9517-24f4b771ea88,2021-03-22,1,52,52,52
224749bf-1be8-4cfa-9517-24f4b771ea88,2021-07-26,1,70,70,70
224749bf-1be8-4cfa-9517-24f4b771ea88,2022-01-31,1,96,96,96
224749bf-1be8-4cfa-9517-24f4b771ea88,2022-04-18,1,22.5,22.5,22.5
224749bf-1be8-4cfa-9517-24f4b771ea88,2022-05-23,1,40,40,40
224749bf-1be8-4cfa-9517-24f4b771ea88,2022-07-18,1,151.5,151.5,151.5
224749bf-1be8-4cfa-9517-24f4b771ea88,2022-12-05,1,38.99,38.99,38.99
224749bf-1be8-4cfa-9517-24f4b771ea88,2023-03-27,1,45.99,45.99,45.99
224749bf-1be8-4cfa-9517-24f4b771ea88,2023-04-03,1,46,46,46
224749bf-1be8-4cfa-9517-24f4b771ea88,2023-06-12,2,46.75,43.5,49.99
224749bf-1be8-4cfa-9517-24f4b771ea88,2023-12-25,1,39.15,39.15,39.15
224749bf-1be8-4cfa-9517-24f4b771ea88,2024-02-19,1,15.5,15.5,15.5
224749bf-1be8-4cfa-9517-24f4b771ea88,2024-08-05,1,40,40,40
224749bf-1be8-4cfa-9517-24f4b771ea88,2025-01-06,1,46.99,46.99,46.99
224749bf-1be8-4cfa-9517-24f4b771ea88,2025-03-10,1,33.33,33.33,33.33
224749bf-1be8-4cfa-9517-24f4b771ea88,2025-09-01,1,53,53,53
224749bf-1be8-4cfa-9517-24f4b771ea88,2026-02-23,1,36,36,36
224749bf-1be8-4cfa-9517-24f4b771ea88,2026-03-09,1,66,66,66
224749bf-1be8-4cfa-9517-24f4b771ea88,2026-03-16,1,62.5,62.5,62.5
224749bf-1be8-4cfa-9517-24f4b771ea88,2026-04-06,1,43.2,43.2,43.2
224749bf-1be8-4cfa-9517-24f4b771ea88,2026-04-20,2,66,62,70
224749bf-1be8-4cfa-9517-24f4b771ea88,2026-06-22,1,100,100,100
224749bf-1be8-4cfa-9517-24f4b771ea88,2026-07-13,1,48,48,48
224749bf-1be8-4cfa-9517-24f4b771ea88,2026-08-24,1,130,130,130
2247685c-842c-4bbf-925c-fe85d569f228,2021-03-29,1,83,83,83
2247685c-842c-4bbf-925c-fe85d569f228,2021-05-24,1,43,43,43
2247685c-842c-4bbf-925c-fe85d569f228,2021-09-13,1,27.66,27.66,27.66
2247685c-842c-4bbf-925c-fe85d569f228,2021-11-15,1,32,32,32
2247685c-842c-4bbf-925c-fe85d569f228,2022-01-10,1,28,28,28
2247685c-842c-4bbf-925c-fe85d569f228,2022-07-18,1,24,24,24
2247685c-842c-4bbf-925c-fe85d569f228,2022-08-22,1,20.4,20.4,20.4
2247685c-842c-4bbf-925c-fe85d569f228,2022-09-05,1,20.4,20.4,20.4
2247685c-842c-4bbf-925c-fe85d569f228,2022-09-12,1,25.2,25.2,25.2
2247685c-842c-4bbf-925c-fe85d569f228,2022-09-19,2,21.6,18,25.2
2247685c-842c-4bbf-925c-fe85d569f228,2023-01-09,1,45,45,45
2247685c-842c-4bbf-925c-fe85d569f228,2023-04-24,1,26.43,26.43,26.43
2247685c-842c-4bbf-925c-fe85d569f228,2023-05-15,1,32,32,32
2247685c-842c-4bbf-925c-fe85d569f228,2024-02-19,1,46,46,46
2247685c-842c-4bbf-925c-fe85d569f228,2024-03-18,1,20,20,20
2247685c-842c-4bbf-925c-fe85d569f228,2024-04-22,1,38.99,38.99,38.99
2247685c-842c-4bbf-925c-fe85d569f228,2024-05-13,2,34.59,19.2,49.99
2247685c-842c-4bbf-925c-fe85d569f228,2024-12-23,1,40.45,40.45,40.45
2247685c-842c-4bbf-925c-fe85d569f228,2025-09-29,1,40,40,40
2247685c-842c-4bbf-925c-fe85d569f228,2025-11-17,1,25.2,25.2,25.2
2247685c-842c-4bbf-925c-fe85d569f228,2026-03-23,1,41,41,41
2247685c-842c-4bbf-925c-fe85d569f228,2026-08-24,1,151.4,151.4,151.4
2249f1da-e13e-404a-9112-df5e1c173f28,2022-01-31,1,17.52,17.52,17.52
2249f1da-e13e-404a-9112-df5e1c173f28,2022-04-04,1,18.03,18.03,18.03
2249f1da-e13e-404a-9112-df5e1c173f28,2022-04-18,1,16,16,16
2249f1da-e13e-404a-9112-df5e1c173f28,2022-05-09,1,15.35,15.35,15.35
2249f1da-e13e-404a-9112-df5e1c173f28,2022-08-22,1,20,20,20
2249f1da-e13e-404a-9112-df5e1c173f28,2022-11-21,1,12.02,12.02,12.02
2249f1da-e13e-404a-9112-df5e1c173f28,2022-11-28,1,18,18,18
2249f1da-e13e-404a-9112-df5e1c173f28,2023-01-23,2,21.39,19.99,22.8
2249f1da-e13e-404a-9112-df5e1c173f28,2023-07-03,1,19.24,19.24,19.24
2249f1da-e13e-404a-9112-df5e1c173f28,2024-05-06,1,11,11,11
2249f1da-e13e-404a-9112-df5e1c173f28,2024-06-10,1,10.05,10.05,10.05
2249f1da-e13e-404a-9112-df5e1c173f28,2024-10-14,1,32.61,32.61,32.61
2249f1da-e13e-404a-9112-df5e1c173f28,2025-06-16,1,10.5,10.5,10.5
224ba9c2-a658-414d-b105-8bfc8ff7a462,2026-06-08,1,200,200,200
224df39b-e453-4cc3-9f0d-388406a80c45,2023-06-19,1,108,108,108
224df39b-e453-4cc3-9f0d-388406a80c45,2023-09-25,1,59,59,59
224df39b-e453-4cc3-9f0d-388406a80c45,2024-03-04,1,77.12,77.12,77.12
224df39b-e453-4cc3-9f0d-388406a80c45,2024-04-22,1,146.19,146.19,146.19
224df39b-e453-4cc3-9f0d-388406a80c45,2024-04-29,1,132,132,132
224df39b-e453-4cc3-9f0d-388406a80c45,2024-08-12,1,107.5,107.5,107.5
224df39b-e453-4cc3-9f0d-388406a80c45,2024-10-14,1,130,130,130
224df39b-e453-4cc3-9f0d-388406a80c45,2025-08-25,1,149,149,149
224df39b-e453-4cc3-9f0d-388406a80c45,2025-09-08,1,183.6,183.6,183.6
224df39b-e453-4cc3-9f0d-388406a80c45,2025-10-13,2,230.35,185,275.7
224df39b-e453-4cc3-9f0d-388406a80c45,2026-03-23,1,283,283,283
224df39b-e453-4cc3-9f0d-388406a80c45,2026-04-13,1,500,500,500
224df39b-e453-4cc3-9f0d-388406a80c45,2026-08-10,1,500,500,500
224df39b-e453-4cc3-9f0d-388406a80c45,2026-08-24,1,700,700,700
224f829c-5a29-4da4-a816-dc8fd1f86be0,2025-10-13,1,50,50,50
224f829c-5a29-4da4-a816-dc8fd1f86be0,2025-12-22,1,30,30,30
2254c5c8-2faa-47fa-9aea-37cb20a707e9,2022-10-31,1,860,860,860
2254c5c8-2faa-47fa-9aea-37cb20a707e9,2023-06-05,1,234,234,234
2254c5c8-2faa-47fa-9aea-37cb20a707e9,2024-10-14,1,667,667,667
2254c5c8-2faa-47fa-9aea-37cb20a707e9,2025-04-07,1,492,492,492
225ea323-7762-4be7-b88a-ffbf05275533,2026-03-16,1,208.05,208.05,208.05
225ea323-7762-4be7-b88a-ffbf05275533,2026-04-13,4,202.87,185.89,211.77
225ea323-7762-4be7-b88a-ffbf05275533,2026-04-27,1,212.15,212.15,212.15
225ea323-7762-4be7-b88a-ffbf05275533,2026-06-15,2,223.68,223.68,223.68
225ea323-7762-4be7-b88a-ffbf05275533,2026-06-29,1,190.61,190.61,190.61
225ea323-7762-4be7-b88a-ffbf05275533,2026-07-06,2,179.24,178.09,180.38
2260c206-e712-4320-b641-6008e4fa71ee,2024-12-30,1,80,80,80
2260c206-e712-4320-b641-6008e4fa71ee,2026-01-12,1,72,72,72
2261bf65-ebc3-4254-9d03-92e3557a14bc,2024-01-29,1,45,45,45
2261bf65-ebc3-4254-9d03-92e3557a14bc,2024-02-12,2,44.98,39.95,50
2261bf65-ebc3-4254-9d03-92e3557a14bc,2024-03-11,1,59.49,59.49,59.49
2261bf65-ebc3-4254-9d03-92e3557a14bc,2024-04-22,1,40,40,40
2261bf65-ebc3-4254-9d03-92e3557a14bc,2024-08-12,1,40,40,40
2261bf65-ebc3-4254-9d03-92e3557a14bc,2024-10-14,1,40,40,40
2261bf65-ebc3-4254-9d03-92e3557a14bc,2024-11-11,1,40,40,40
2261bf65-ebc3-4254-9d03-92e3557a14bc,2024-12-02,1,40,40,40
2261bf65-ebc3-4254-9d03-92e3557a14bc,2025-03-17,1,48,48,48
2261bf65-ebc3-4254-9d03-92e3557a14bc,2025-06-09,1,100,100,100
2261bf65-ebc3-4254-9d03-92e3557a14bc,2025-12-22,1,86.99,86.99,86.99
2261bf65-ebc3-4254-9d03-92e3557a14bc,2026-02-09,1,99.95,99.95,99.95
2261bf65-ebc3-4254-9d03-92e3557a14bc,2026-03-16,1,499.99,499.99,499.99
2261bf65-ebc3-4254-9d03-92e3557a14bc,2026-04-13,2,261.1,90,432.19
2261bf65-ebc3-4254-9d03-92e3557a14bc,2026-07-20,1,175,175,175
226266aa-abcf-4a79-b16f-8918ce0c262a,2022-02-07,1,112.5,112.5,112.5
226266aa-abcf-4a79-b16f-8918ce0c262a,2024-03-11,1,125,125,125
22637f38-6867-4eed-adfd-fc7655e067c3,2025-02-17,1,174,174,174
22637f38-6867-4eed-adfd-fc7655e067c3,2026-03-16,1,1499.99,1499.99,1499.99
2264235a-ab49-4325-a1af-26b02cf8e778,2026-04-27,1,34,34,34
22677510-11df-42a1-bda3-89306eb6a4ba,2021-07-05,1,159.99,159.99,159.99
22677510-11df-42a1-bda3-89306eb6a4ba,2021-07-19,1,104.5,104.5,104.5
22677510-11df-42a1-bda3-89306eb6a4ba,2022-07-04,1,147.5,147.5,147.5
22677510-11df-42a1-bda3-89306eb6a4ba,2023-02-13,1,199.99,199.99,199.99
22677510-11df-42a1-bda3-89306eb6a4ba,2023-07-31,1,66.78,66.78,66.78
22677510-11df-42a1-bda3-89306eb6a4ba,2023-12-11,1,155.5,155.5,155.5
22677510-11df-42a1-bda3-89306eb6a4ba,2023-12-25,1,63.94,63.94,63.94
22677510-11df-42a1-bda3-89306eb6a4ba,2024-01-22,1,86,86,86
22677510-11df-42a1-bda3-89306eb6a4ba,2024-02-26,1,105,105,105
22677510-11df-42a1-bda3-89306eb6a4ba,2024-07-08,1,105.5,105.5,105.5
22677510-11df-42a1-bda3-89306eb6a4ba,2024-09-30,1,75,75,75
22677510-11df-42a1-bda3-89306eb6a4ba,2025-01-20,2,83.69,69,98.39
22677510-11df-42a1-bda3-89306eb6a4ba,2025-03-03,1,52.58,52.58,52.58
22677510-11df-42a1-bda3-89306eb6a4ba,2025-03-31,1,75,75,75
22677510-11df-42a1-bda3-89306eb6a4ba,2025-06-16,1,120.75,120.75,120.75
22677510-11df-42a1-bda3-89306eb6a4ba,2025-10-06,1,152.5,152.5,152.5
22677510-11df-42a1-bda3-89306eb6a4ba,2025-10-27,2,154.14,150.79,157.5
22677510-11df-42a1-bda3-89306eb6a4ba,2026-03-30,1,375,375,375
22677510-11df-42a1-bda3-89306eb6a4ba,2026-04-06,1,435,435,435
22677510-11df-42a1-bda3-89306eb6a4ba,2026-04-13,1,418.36,418.36,418.36
22677510-11df-42a1-bda3-89306eb6a4ba,2026-05-11,1,870,870,870
22677510-11df-42a1-bda3-89306eb6a4ba,2026-05-18,1,1009,1009,1009
22677510-11df-42a1-bda3-89306eb6a4ba,2026-06-15,1,1899.99,1899.99,1899.99
22677510-11df-42a1-bda3-89306eb6a4ba,2026-08-10,1,1009,1009,1009
2268105c-1df2-4a27-a648-d5a6e3570b73,2021-12-27,1,95,95,95
2268105c-1df2-4a27-a648-d5a6e3570b73,2024-01-01,1,26.01,26.01,26.01
2268105c-1df2-4a27-a648-d5a6e3570b73,2024-01-15,1,99.99,99.99,99.99
226b1067-4ec6-4c8a-a1a0-2ac5dd5fbeed,2026-02-02,1,450,450,450
226b1067-4ec6-4c8a-a1a0-2ac5dd5fbeed,2026-08-31,1,549.99,549.99,549.99
226b4d10-d754-4390-999f-961205b2ab75,2026-04-06,1,35,35,35
226b4d10-d754-4390-999f-961205b2ab75,2026-07-06,1,37.59,37.59,37.59
226b4d10-d754-4390-999f-961205b2ab75,2026-07-13,1,64.98,64.98,64.98
226b4d10-d754-4390-999f-961205b2ab75,2026-07-27,1,69.99,69.99,69.99
226b4d10-d754-4390-999f-961205b2ab75,2026-08-03,1,99.99,99.99,99.99
226facf8-cd62-448c-853f-d82d332b2910,2021-06-14,1,50,50,50
226facf8-cd62-448c-853f-d82d332b2910,2021-07-26,1,52,52,52
226facf8-cd62-448c-853f-d82d332b2910,2021-11-08,1,119.99,119.99,119.99
226facf8-cd62-448c-853f-d82d332b2910,2022-02-14,1,79.99,79.99,79.99
226facf8-cd62-448c-853f-d82d332b2910,2022-03-07,1,22.8,22.8,22.8
226facf8-cd62-448c-853f-d82d332b2910,2022-04-11,1,22.52,22.52,22.52
226facf8-cd62-448c-853f-d82d332b2910,2022-05-30,1,22.5,22.5,22.5
226facf8-cd62-448c-853f-d82d332b2910,2022-06-06,1,29.99,29.99,29.99
226facf8-cd62-448c-853f-d82d332b2910,2022-06-27,2,25.99,21.99,30
226facf8-cd62-448c-853f-d82d332b2910,2022-07-18,2,39.48,34,44.95
226facf8-cd62-448c-853f-d82d332b2910,2022-08-01,1,44.95,44.95,44.95
226facf8-cd62-448c-853f-d82d332b2910,2022-10-24,1,28,28,28
226facf8-cd62-448c-853f-d82d332b2910,2022-12-12,1,19.51,19.51,19.51
226facf8-cd62-448c-853f-d82d332b2910,2022-12-19,1,26.24,26.24,26.24
226facf8-cd62-448c-853f-d82d332b2910,2022-12-26,1,30,30,30
226facf8-cd62-448c-853f-d82d332b2910,2023-02-06,1,45,45,45
226facf8-cd62-448c-853f-d82d332b2910,2023-02-20,1,41,41,41
226facf8-cd62-448c-853f-d82d332b2910,2023-03-06,1,20.05,20.05,20.05
226facf8-cd62-448c-853f-d82d332b2910,2023-06-12,1,39.99,39.99,39.99
226facf8-cd62-448c-853f-d82d332b2910,2023-07-17,1,30,30,30
226facf8-cd62-448c-853f-d82d332b2910,2023-10-16,1,24.11,24.11,24.11
226facf8-cd62-448c-853f-d82d332b2910,2023-11-06,1,25.2,25.2,25.2
226facf8-cd62-448c-853f-d82d332b2910,2024-02-12,1,16.6,16.6,16.6
226facf8-cd62-448c-853f-d82d332b2910,2024-04-22,1,35,35,35
226facf8-cd62-448c-853f-d82d332b2910,2024-07-15,1,48,48,48
226facf8-cd62-448c-853f-d82d332b2910,2025-05-05,1,21.5,21.5,21.5
226facf8-cd62-448c-853f-d82d332b2910,2025-12-29,1,49.99,49.99,49.99
226facf8-cd62-448c-853f-d82d332b2910,2026-01-12,1,47.47,47.47,47.47
226facf8-cd62-448c-853f-d82d332b2910,2026-02-09,1,49.97,49.97,49.97
226facf8-cd62-448c-853f-d82d332b2910,2026-05-18,1,60,60,60
22744538-1066-469c-a4b6-6051c5d8ebdf,2025-05-26,2,39.5,39,39.99
22744538-1066-469c-a4b6-6051c5d8ebdf,2025-06-02,3,40.5,35,43
22744538-1066-469c-a4b6-6051c5d8ebdf,2025-06-09,1,45.99,45.99,45.99
22744538-1066-469c-a4b6-6051c5d8ebdf,2025-06-16,1,32,32,32
22744538-1066-469c-a4b6-6051c5d8ebdf,2025-06-23,3,29.9,28,45
22744538-1066-469c-a4b6-6051c5d8ebdf,2025-06-30,1,29,29,29
22744538-1066-469c-a4b6-6051c5d8ebdf,2025-07-07,4,30.6,22.5,45.71
22744538-1066-469c-a4b6-6051c5d8ebdf,2025-07-14,1,40,40,40
22744538-1066-469c-a4b6-6051c5d8ebdf,2025-07-21,1,26.99,26.99,26.99
22744538-1066-469c-a4b6-6051c5d8ebdf,2025-07-28,2,47.25,40,54.51
22744538-1066-469c-a4b6-6051c5d8ebdf,2025-08-04,2,40.48,31,49.95
22744538-1066-469c-a4b6-6051c5d8ebdf,2025-08-11,1,30,30,30
22744538-1066-469c-a4b6-6051c5d8ebdf,2025-08-18,3,40,39,57.34
22744538-1066-469c-a4b6-6051c5d8ebdf,2025-09-01,2,33.26,26.51,40
22744538-1066-469c-a4b6-6051c5d8ebdf,2025-09-08,4,45.5,36.97,49
22744538-1066-469c-a4b6-6051c5d8ebdf,2025-09-15,5,46,43.75,60
22744538-1066-469c-a4b6-6051c5d8ebdf,2025-09-29,1,35,35,35
22744538-1066-469c-a4b6-6051c5d8ebdf,2025-10-06,2,42.48,40,44.95
22744538-1066-469c-a4b6-6051c5d8ebdf,2025-10-13,1,41.5,41.5,41.5
22744538-1066-469c-a4b6-6051c5d8ebdf,2025-10-20,3,42,41,55
22744538-1066-469c-a4b6-6051c5d8ebdf,2025-10-27,1,23.07,23.07,23.07
22744538-1066-469c-a4b6-6051c5d8ebdf,2025-11-03,1,39.69,39.69,39.69
22744538-1066-469c-a4b6-6051c5d8ebdf,2025-11-10,2,39.5,39,40
22744538-1066-469c-a4b6-6051c5d8ebdf,2025-11-17,2,34,33,35
22744538-1066-469c-a4b6-6051c5d8ebdf,2025-11-24,1,34,34,34
22744538-1066-469c-a4b6-6051c5d8ebdf,2025-12-01,3,36,35,36
22744538-1066-469c-a4b6-6051c5d8ebdf,2025-12-08,13,31,28.37,49.95
22744538-1066-469c-a4b6-6051c5d8ebdf,2025-12-15,12,33.5,30,54.99
22744538-1066-469c-a4b6-6051c5d8ebdf,2025-12-22,6,36.5,30,51.21
22744538-1066-469c-a4b6-6051c5d8ebdf,2025-12-29,12,32,30,40
22744538-1066-469c-a4b6-6051c5d8ebdf,2026-01-05,1,36,36,36
22744538-1066-469c-a4b6-6051c5d8ebdf,2026-01-12,1,23.5,23.5,23.5
22744538-1066-469c-a4b6-6051c5d8ebdf,2026-01-26,4,42,21.5,55
22744538-1066-469c-a4b6-6051c5d8ebdf,2026-02-02,3,31,31,55
22744538-1066-469c-a4b6-6051c5d8ebdf,2026-02-09,3,25,23,33
22744538-1066-469c-a4b6-6051c5d8ebdf,2026-02-16,2,36.5,33,40
22744538-1066-469c-a4b6-6051c5d8ebdf,2026-02-23,2,38,36,39.99
22744538-1066-469c-a4b6-6051c5d8ebdf,2026-03-02,2,38,37,38.99
22744538-1066-469c-a4b6-6051c5d8ebdf,2026-03-09,16,35,26,38
22744538-1066-469c-a4b6-6051c5d8ebdf,2026-03-16,2,51.47,43.93,59
22744538-1066-469c-a4b6-6051c5d8ebdf,2026-03-23,3,39.99,25,54.89
22744538-1066-469c-a4b6-6051c5d8ebdf,2026-03-30,3,50,38,55
22744538-1066-469c-a4b6-6051c5d8ebdf,2026-04-06,3,44,38,47.67
22744538-1066-469c-a4b6-6051c5d8ebdf,2026-04-13,1,44,44,44
22744538-1066-469c-a4b6-6051c5d8ebdf,2026-04-20,1,51.42,51.42,51.42
22744538-1066-469c-a4b6-6051c5d8ebdf,2026-04-27,7,53,47,80
22744538-1066-469c-a4b6-6051c5d8ebdf,2026-05-04,2,55.75,40,71.5
22744538-1066-469c-a4b6-6051c5d8ebdf,2026-05-11,2,53.89,52.77,55
22744538-1066-469c-a4b6-6051c5d8ebdf,2026-05-18,1,50,50,50
22744538-1066-469c-a4b6-6051c5d8ebdf,2026-05-25,4,67.25,50,70.12
22744538-1066-469c-a4b6-6051c5d8ebdf,2026-06-01,4,59.5,50,64.99
22744538-1066-469c-a4b6-6051c5d8ebdf,2026-06-08,5,55,46.08,84
22744538-1066-469c-a4b6-6051c5d8ebdf,2026-06-15,1,49.33,49.33,49.33
22744538-1066-469c-a4b6-6051c5d8ebdf,2026-06-22,2,62.51,45,80.02
22744538-1066-469c-a4b6-6051c5d8ebdf,2026-07-06,3,51,45,51.19
22744538-1066-469c-a4b6-6051c5d8ebdf,2026-07-13,2,44.8,44.6,45
22744538-1066-469c-a4b6-6051c5d8ebdf,2026-07-20,2,57.5,55,60
22744538-1066-469c-a4b6-6051c5d8ebdf,2026-07-27,1,49.84,49.84,49.84
22744538-1066-469c-a4b6-6051c5d8ebdf,2026-08-03,1,46.43,46.43,46.43
22744538-1066-469c-a4b6-6051c5d8ebdf,2026-08-10,4,54.5,41.58,69.99
22744538-1066-469c-a4b6-6051c5d8ebdf,2026-08-17,5,44.23,35,66
22744538-1066-469c-a4b6-6051c5d8ebdf,2026-08-24,1,65,65,65
22744538-1066-469c-a4b6-6051c5d8ebdf,2026-08-31,2,50.33,43.65,57
22765cc1-cccc-48bc-a626-aeb7643aaeb9,2026-08-17,1,172.5,172.5,172.5
22778b91-ad50-4b07-8a7d-c6d98cee6d63,2024-07-15,1,31,31,31
22778b91-ad50-4b07-8a7d-c6d98cee6d63,2024-07-29,1,56,56,56
22778b91-ad50-4b07-8a7d-c6d98cee6d63,2024-10-07,1,159.95,159.95,159.95
22778b91-ad50-4b07-8a7d-c6d98cee6d63,2026-01-26,1,195,195,195
227c4ed6-0719-4e07-ae33-38f439f9ed79,2022-08-15,1,65,65,65
227c4ed6-0719-4e07-ae33-38f439f9ed79,2022-10-10,1,26,26,26
227c4ed6-0719-4e07-ae33-38f439f9ed79,2022-12-19,1,30,30,30
227c4ed6-0719-4e07-ae33-38f439f9ed79,2022-12-26,1,25,25,25
227c4ed6-0719-4e07-ae33-38f439f9ed79,2023-03-06,1,15.5,15.5,15.5
227c4ed6-0719-4e07-ae33-38f439f9ed79,2023-03-20,2,18.51,16.5,20.51
227c4ed6-0719-4e07-ae33-38f439f9ed79,2023-05-01,1,16.01,16.01,16.01
227c4ed6-0719-4e07-ae33-38f439f9ed79,2023-08-14,1,15.59,15.59,15.59
227c4ed6-0719-4e07-ae33-38f439f9ed79,2023-10-09,1,17,17,17
227c4ed6-0719-4e07-ae33-38f439f9ed79,2023-11-20,1,19.5,19.5,19.5
227c4ed6-0719-4e07-ae33-38f439f9ed79,2023-12-11,1,14,14,14
227c4ed6-0719-4e07-ae33-38f439f9ed79,2024-01-01,1,20.5,20.5,20.5
227c4ed6-0719-4e07-ae33-38f439f9ed79,2024-01-22,1,8.5,8.5,8.5
227c4ed6-0719-4e07-ae33-38f439f9ed79,2024-07-22,1,11,11,11
227c4ed6-0719-4e07-ae33-38f439f9ed79,2024-10-14,1,13.5,13.5,13.5
227c4ed6-0719-4e07-ae33-38f439f9ed79,2024-11-18,1,18,18,18
227c4ed6-0719-4e07-ae33-38f439f9ed79,2025-02-24,1,18.5,18.5,18.5
227c4ed6-0719-4e07-ae33-38f439f9ed79,2025-03-31,1,41,41,41
227c4ed6-0719-4e07-ae33-38f439f9ed79,2025-06-02,1,19,19,19
227c4ed6-0719-4e07-ae33-38f439f9ed79,2025-06-30,1,23,23,23
227c4ed6-0719-4e07-ae33-38f439f9ed79,2025-08-04,1,39.99,39.99,39.99
227c4ed6-0719-4e07-ae33-38f439f9ed79,2025-12-01,1,35.88,35.88,35.88
227c4ed6-0719-4e07-ae33-38f439f9ed79,2026-03-30,1,29.99,29.99,29.99
227c4ed6-0719-4e07-ae33-38f439f9ed79,2026-05-18,1,39.99,39.99,39.99
227c4ed6-0719-4e07-ae33-38f439f9ed79,2026-06-08,2,63.89,62.79,65
227c4ed6-0719-4e07-ae33-38f439f9ed79,2026-07-20,1,40.8,40.8,40.8
227c4ed6-0719-4e07-ae33-38f439f9ed79,2026-08-03,1,37,37,37
227c4ed6-0719-4e07-ae33-38f439f9ed79,2026-08-24,1,51,51,51
227e82a4-a0aa-4157-969d-1be03823af5b,2021-09-13,1,79.81,79.81,79.81
227e82a4-a0aa-4157-969d-1be03823af5b,2022-04-18,1,83,83,83
227e82a4-a0aa-4157-969d-1be03823af5b,2022-05-09,1,74.99,74.99,74.99
227e82a4-a0aa-4157-969d-1be03823af5b,2022-05-16,1,53.06,53.06,53.06
227e82a4-a0aa-4157-969d-1be03823af5b,2022-05-23,1,37.2,37.2,37.2
227e82a4-a0aa-4157-969d-1be03823af5b,2022-06-27,1,74.5,74.5,74.5
227e82a4-a0aa-4157-969d-1be03823af5b,2022-07-11,1,59.95,59.95,59.95
227e82a4-a0aa-4157-969d-1be03823af5b,2022-08-29,1,21.6,21.6,21.6
227e82a4-a0aa-4157-969d-1be03823af5b,2022-09-12,1,30,30,30
227e82a4-a0aa-4157-969d-1be03823af5b,2022-09-19,1,15.6,15.6,15.6
227e82a4-a0aa-4157-969d-1be03823af5b,2022-09-26,1,28.5,28.5,28.5
227e82a4-a0aa-4157-969d-1be03823af5b,2022-10-03,1,26.4,26.4,26.4
227e82a4-a0aa-4157-969d-1be03823af5b,2022-10-17,1,34.8,34.8,34.8
227e82a4-a0aa-4157-969d-1be03823af5b,2023-01-16,1,36.5,36.5,36.5
227e82a4-a0aa-4157-969d-1be03823af5b,2023-03-20,1,29,29,29
227e82a4-a0aa-4157-969d-1be03823af5b,2023-05-01,1,50,50,50
227e82a4-a0aa-4157-969d-1be03823af5b,2023-07-24,1,32.31,32.31,32.31
227e82a4-a0aa-4157-969d-1be03823af5b,2023-09-11,1,88,88,88
227e82a4-a0aa-4157-969d-1be03823af5b,2023-11-13,1,67.5,67.5,67.5
227e82a4-a0aa-4157-969d-1be03823af5b,2024-01-01,1,48,48,48
227e82a4-a0aa-4157-969d-1be03823af5b,2024-03-25,1,19.5,19.5,19.5
227e82a4-a0aa-4157-969d-1be03823af5b,2024-06-10,1,86.82,86.82,86.82
227e82a4-a0aa-4157-969d-1be03823af5b,2024-08-12,1,67.05,67.05,67.05
227e82a4-a0aa-4157-969d-1be03823af5b,2024-09-30,1,53.2,53.2,53.2
227e82a4-a0aa-4157-969d-1be03823af5b,2024-11-11,2,49.5,46.89,52.11
227e82a4-a0aa-4157-969d-1be03823af5b,2025-02-10,2,48.36,44.19,52.54
227e82a4-a0aa-4157-969d-1be03823af5b,2025-05-12,1,50,50,50
227e82a4-a0aa-4157-969d-1be03823af5b,2025-06-09,1,76.22,76.22,76.22
227e82a4-a0aa-4157-969d-1be03823af5b,2025-07-21,1,71.63,71.63,71.63
227e82a4-a0aa-4157-969d-1be03823af5b,2025-07-28,1,66.1,66.1,66.1
227e82a4-a0aa-4157-969d-1be03823af5b,2025-08-04,1,89.58,89.58,89.58
227e82a4-a0aa-4157-969d-1be03823af5b,2025-08-25,1,116.86,116.86,116.86
227e82a4-a0aa-4157-969d-1be03823af5b,2025-12-01,1,65.2,65.2,65.2
227e82a4-a0aa-4157-969d-1be03823af5b,2026-02-09,1,140,140,140
227e82a4-a0aa-4157-969d-1be03823af5b,2026-02-16,1,175.44,175.44,175.44
227e82a4-a0aa-4157-969d-1be03823af5b,2026-02-23,1,89,89,89
227e82a4-a0aa-4157-969d-1be03823af5b,2026-03-02,1,130.12,130.12,130.12
227e82a4-a0aa-4157-969d-1be03823af5b,2026-05-25,1,107.26,107.26,107.26
227e82a4-a0aa-4157-969d-1be03823af5b,2026-07-06,1,89.92,89.92,89.92
227e82a4-a0aa-4157-969d-1be03823af5b,2026-07-20,1,102.32,102.32,102.32
227e82a4-a0aa-4157-969d-1be03823af5b,2026-08-24,1,127.44,127.44,127.44
22807ac9-e44e-4f2b-be3c-9603696a2a41,2023-11-20,1,21.5,21.5,21.5
22807ac9-e44e-4f2b-be3c-9603696a2a41,2023-12-04,1,9.6,9.6,9.6
22807ac9-e44e-4f2b-be3c-9603696a2a41,2024-01-15,1,35.9,35.9,35.9
22807ac9-e44e-4f2b-be3c-9603696a2a41,2024-05-13,1,12.1,12.1,12.1
22807ac9-e44e-4f2b-be3c-9603696a2a41,2024-06-03,1,6,6,6
22807ac9-e44e-4f2b-be3c-9603696a2a41,2024-07-08,2,24.43,18.86,30
22807ac9-e44e-4f2b-be3c-9603696a2a41,2024-11-11,1,22.48,22.48,22.48
22807cce-6bf9-42bb-9ce0-45446ad45317,2022-06-27,1,47,47,47
22807cce-6bf9-42bb-9ce0-45446ad45317,2023-04-03,1,65,65,65
22807cce-6bf9-42bb-9ce0-45446ad45317,2023-05-08,1,17.5,17.5,17.5
22807cce-6bf9-42bb-9ce0-45446ad45317,2024-03-18,1,19.99,19.99,19.99
22807cce-6bf9-42bb-9ce0-45446ad45317,2025-04-07,1,59.93,59.93,59.93
22807cce-6bf9-42bb-9ce0-45446ad45317,2025-04-28,1,65,65,65
2281c93d-6462-42a0-9a58-28d2dcf5475f,2024-07-15,1,20.4,20.4,20.4
2281c93d-6462-42a0-9a58-28d2dcf5475f,2024-08-19,1,34.99,34.99,34.99
2281c93d-6462-42a0-9a58-28d2dcf5475f,2024-09-02,1,27.6,27.6,27.6
2281c93d-6462-42a0-9a58-28d2dcf5475f,2024-09-09,2,29.25,22.5,36
2281c93d-6462-42a0-9a58-28d2dcf5475f,2024-09-30,1,34.99,34.99,34.99
2281c93d-6462-42a0-9a58-28d2dcf5475f,2024-10-07,2,22.68,18.96,26.4
2281c93d-6462-42a0-9a58-28d2dcf5475f,2024-10-14,1,38.22,38.22,38.22
2281c93d-6462-42a0-9a58-28d2dcf5475f,2024-11-04,1,40.63,40.63,40.63
2281c93d-6462-42a0-9a58-28d2dcf5475f,2024-11-18,1,26,26,26
2281c93d-6462-42a0-9a58-28d2dcf5475f,2024-11-25,1,34.99,34.99,34.99
2281c93d-6462-42a0-9a58-28d2dcf5475f,2024-12-23,2,33.84,32.69,34.99
2281c93d-6462-42a0-9a58-28d2dcf5475f,2025-01-20,1,36,36,36
2281c93d-6462-42a0-9a58-28d2dcf5475f,2025-02-03,1,38.5,38.5,38.5
2281c93d-6462-42a0-9a58-28d2dcf5475f,2025-03-03,2,26.52,23.05,30
2281c93d-6462-42a0-9a58-28d2dcf5475f,2025-03-10,3,37,28,49.99
2281c93d-6462-42a0-9a58-28d2dcf5475f,2025-03-17,2,39.03,31,47.06
2281c93d-6462-42a0-9a58-28d2dcf5475f,2025-04-14,1,35,35,35
2281c93d-6462-42a0-9a58-28d2dcf5475f,2025-04-28,1,34.95,34.95,34.95
2281c93d-6462-42a0-9a58-28d2dcf5475f,2025-05-05,3,32,32,34.73
2281c93d-6462-42a0-9a58-28d2dcf5475f,2025-05-12,1,45,45,45
2281c93d-6462-42a0-9a58-28d2dcf5475f,2025-05-19,2,55.44,46,64.88
2281c93d-6462-42a0-9a58-28d2dcf5475f,2025-06-02,1,26,26,26
2281c93d-6462-42a0-9a58-28d2dcf5475f,2025-07-14,2,49.01,41,57.02
2281c93d-6462-42a0-9a58-28d2dcf5475f,2025-08-04,2,35.75,34,37.5
2281c93d-6462-42a0-9a58-28d2dcf5475f,2025-08-11,1,50,50,50
2281c93d-6462-42a0-9a58-28d2dcf5475f,2025-08-18,3,48.5,36,59.71
2281c93d-6462-42a0-9a58-28d2dcf5475f,2025-09-01,4,42.5,41,47.5
2281c93d-6462-42a0-9a58-28d2dcf5475f,2025-09-22,2,46.75,33,60.51
2281c93d-6462-42a0-9a58-28d2dcf5475f,2025-09-29,1,39.99,39.99,39.99
2281c93d-6462-42a0-9a58-28d2dcf5475f,2025-10-06,3,39.99,30,59.55
2281c93d-6462-42a0-9a58-28d2dcf5475f,2025-10-27,1,65,65,65
2281c93d-6462-42a0-9a58-28d2dcf5475f,2025-11-03,2,54.2,48.39,60
2281c93d-6462-42a0-9a58-28d2dcf5475f,2025-12-01,1,35.72,35.72,35.72
2281c93d-6462-42a0-9a58-28d2dcf5475f,2025-12-22,1,78,78,78
2281c93d-6462-42a0-9a58-28d2dcf5475f,2025-12-29,1,45,45,45
2281c93d-6462-42a0-9a58-28d2dcf5475f,2026-02-09,1,76,76,76
2281c93d-6462-42a0-9a58-28d2dcf5475f,2026-02-16,1,35.94,35.94,35.94
2281c93d-6462-42a0-9a58-28d2dcf5475f,2026-02-23,1,33.6,33.6,33.6
2281c93d-6462-42a0-9a58-28d2dcf5475f,2026-03-02,1,43,43,43
2281c93d-6462-42a0-9a58-28d2dcf5475f,2026-03-16,5,41,36,45
2281c93d-6462-42a0-9a58-28d2dcf5475f,2026-03-23,12,35,29.55,49
2281c93d-6462-42a0-9a58-28d2dcf5475f,2026-03-30,10,34,22.5,89.99
2281c93d-6462-42a0-9a58-28d2dcf5475f,2026-04-06,3,45,44.99,88
2281c93d-6462-42a0-9a58-28d2dcf5475f,2026-04-13,1,60.32,60.32,60.32
2281c93d-6462-42a0-9a58-28d2dcf5475f,2026-04-20,4,65,49.99,125
2281c93d-6462-42a0-9a58-28d2dcf5475f,2026-04-27,7,64,50,72
2281c93d-6462-42a0-9a58-28d2dcf5475f,2026-05-04,4,73.5,65,90
2281c93d-6462-42a0-9a58-28d2dcf5475f,2026-05-11,4,89.5,69.6,115
2281c93d-6462-42a0-9a58-28d2dcf5475f,2026-06-01,1,59.91,59.91,59.91
2281c93d-6462-42a0-9a58-28d2dcf5475f,2026-06-08,1,47.99,47.99,47.99
2281c93d-6462-42a0-9a58-28d2dcf5475f,2026-06-22,1,44,44,44
2281c93d-6462-42a0-9a58-28d2dcf5475f,2026-06-29,4,48,21.6,53
2281c93d-6462-42a0-9a58-28d2dcf5475f,2026-07-06,2,60,60,60
2281c93d-6462-42a0-9a58-28d2dcf5475f,2026-08-10,4,58.5,47.33,62
2281c93d-6462-42a0-9a58-28d2dcf5475f,2026-09-07,3,60.99,44,60.99
22821bdd-2210-4a59-931d-891f82913fb9,2021-03-22,1,90,90,90
22821bdd-2210-4a59-931d-891f82913fb9,2021-11-01,1,46,46,46
22821bdd-2210-4a59-931d-891f82913fb9,2022-02-07,1,32,32,32
22821bdd-2210-4a59-931d-891f82913fb9,2022-02-14,1,70,70,70
22821bdd-2210-4a59-931d-891f82913fb9,2022-04-11,1,80,80,80
22821bdd-2210-4a59-931d-891f82913fb9,2022-08-08,1,61.3,61.3,61.3
22821bdd-2210-4a59-931d-891f82913fb9,2023-08-21,1,63.4,63.4,63.4
22821bdd-2210-4a59-931d-891f82913fb9,2024-11-11,1,55,55,55
22821bdd-2210-4a59-931d-891f82913fb9,2025-03-03,1,50,50,50
22821bdd-2210-4a59-931d-891f82913fb9,2025-05-26,1,66,66,66
228311c0-76d5-4c58-8896-d0dc63e92b75,2021-11-01,1,1500,1500,1500
228311c0-76d5-4c58-8896-d0dc63e92b75,2024-01-08,1,2750,2750,2750
228311c0-76d5-4c58-8896-d0dc63e92b75,2024-09-23,1,3000,3000,3000
228311c0-76d5-4c58-8896-d0dc63e92b75,2024-12-09,1,3480,3480,3480
228311c0-76d5-4c58-8896-d0dc63e92b75,2025-01-06,1,3120,3120,3120
228311c0-76d5-4c58-8896-d0dc63e92b75,2025-02-24,1,3166.5,3166.5,3166.5
228311c0-76d5-4c58-8896-d0dc63e92b75,2025-04-28,1,3282.32,3282.32,3282.32
228311c0-76d5-4c58-8896-d0dc63e92b75,2025-05-19,1,3455,3455,3455
228311c0-76d5-4c58-8896-d0dc63e92b75,2026-05-11,1,29280,29280,29280
228363a6-e43f-454f-bc27-6f212a109aa2,2021-07-05,1,900,900,900
228363a6-e43f-454f-bc27-6f212a109aa2,2022-04-11,1,400,400,400
228363a6-e43f-454f-bc27-6f212a109aa2,2023-01-23,1,319,319,319
228363a6-e43f-454f-bc27-6f212a109aa2,2023-02-13,1,24.53,24.53,24.53
228363a6-e43f-454f-bc27-6f212a109aa2,2024-04-29,1,567.15,567.15,567.15
228363a6-e43f-454f-bc27-6f212a109aa2,2024-06-17,1,360,360,360
228363a6-e43f-454f-bc27-6f212a109aa2,2024-07-15,1,293,293,293
228363a6-e43f-454f-bc27-6f212a109aa2,2025-04-07,1,276,276,276
228363a6-e43f-454f-bc27-6f212a109aa2,2026-06-08,1,1253.6,1253.6,1253.6
228363a6-e43f-454f-bc27-6f212a109aa2,2026-06-15,1,1440,1440,1440
22856bce-43db-4bb0-85f3-4f6e84db1b00,2022-05-16,1,17.99,17.99,17.99
22856bce-43db-4bb0-85f3-4f6e84db1b00,2022-06-13,1,24.13,24.13,24.13
22856bce-43db-4bb0-85f3-4f6e84db1b00,2022-07-18,1,14.41,14.41,14.41
22856bce-43db-4bb0-85f3-4f6e84db1b00,2022-08-15,1,8.84,8.84,8.84
22856bce-43db-4bb0-85f3-4f6e84db1b00,2022-08-22,1,7.5,7.5,7.5
22856bce-43db-4bb0-85f3-4f6e84db1b00,2022-12-19,1,15,15,15
22856bce-43db-4bb0-85f3-4f6e84db1b00,2023-10-09,1,18.5,18.5,18.5
22856bce-43db-4bb0-85f3-4f6e84db1b00,2024-02-26,1,11.56,11.56,11.56
22856bce-43db-4bb0-85f3-4f6e84db1b00,2024-12-23,1,20,20,20
22856bce-43db-4bb0-85f3-4f6e84db1b00,2026-01-12,1,35,35,35
22856bce-43db-4bb0-85f3-4f6e84db1b00,2026-02-23,1,39.99,39.99,39.99
22859e1a-fb63-4d34-8ccd-168ef61b1f1d,2024-08-05,1,42,42,42
22859e1a-fb63-4d34-8ccd-168ef61b1f1d,2026-01-26,1,70,70,70
22880b00-b5b0-4d6a-ac63-59cd931e64e8,2021-11-01,1,450,450,450
22880b00-b5b0-4d6a-ac63-59cd931e64e8,2022-01-31,1,203.5,203.5,203.5
22880b00-b5b0-4d6a-ac63-59cd931e64e8,2022-06-20,1,2500,2500,2500
22880b00-b5b0-4d6a-ac63-59cd931e64e8,2022-11-28,1,140,140,140
22880b00-b5b0-4d6a-ac63-59cd931e64e8,2023-05-08,1,174,174,174
22880b00-b5b0-4d6a-ac63-59cd931e64e8,2024-02-19,1,117.5,117.5,117.5
22880b00-b5b0-4d6a-ac63-59cd931e64e8,2024-03-25,1,138,138,138
22880b00-b5b0-4d6a-ac63-59cd931e64e8,2025-01-20,1,128.05,128.05,128.05
22880b00-b5b0-4d6a-ac63-59cd931e64e8,2025-04-21,1,189.5,189.5,189.5
22880b00-b5b0-4d6a-ac63-59cd931e64e8,2025-05-26,1,504,504,504
22880b00-b5b0-4d6a-ac63-59cd931e64e8,2025-07-07,1,234.5,234.5,234.5
22880b00-b5b0-4d6a-ac63-59cd931e64e8,2025-10-06,1,350,350,350
22880b00-b5b0-4d6a-ac63-59cd931e64e8,2025-12-08,1,540,540,540
22880b00-b5b0-4d6a-ac63-59cd931e64e8,2025-12-29,1,325.01,325.01,325.01
22880b00-b5b0-4d6a-ac63-59cd931e64e8,2026-02-23,1,2400,2400,2400
22880b00-b5b0-4d6a-ac63-59cd931e64e8,2026-04-06,1,2158,2158,2158
22880b00-b5b0-4d6a-ac63-59cd931e64e8,2026-07-13,1,2900,2900,2900
2288bc9f-dcd6-42ab-9f1d-e0b64972db95,2024-07-15,1,41.33,41.33,41.33
2288bc9f-dcd6-42ab-9f1d-e0b64972db95,2024-07-22,1,49.5,49.5,49.5
2288bc9f-dcd6-42ab-9f1d-e0b64972db95,2024-12-09,1,28,28,28
2288bc9f-dcd6-42ab-9f1d-e0b64972db95,2024-12-30,1,36.99,36.99,36.99
2288bc9f-dcd6-42ab-9f1d-e0b64972db95,2025-08-25,1,21.5,21.5,21.5
2288bc9f-dcd6-42ab-9f1d-e0b64972db95,2025-11-24,1,38,38,38
2288bc9f-dcd6-42ab-9f1d-e0b64972db95,2026-02-23,1,125,125,125
2288bc9f-dcd6-42ab-9f1d-e0b64972db95,2026-03-16,1,115.4,115.4,115.4
2288bc9f-dcd6-42ab-9f1d-e0b64972db95,2026-04-06,1,88,88,88
2288bc9f-dcd6-42ab-9f1d-e0b64972db95,2026-04-13,3,91,69.82,92
2288bc9f-dcd6-42ab-9f1d-e0b64972db95,2026-04-20,3,120,79.88,140
2288bc9f-dcd6-42ab-9f1d-e0b64972db95,2026-04-27,1,116.64,116.64,116.64
2288bc9f-dcd6-42ab-9f1d-e0b64972db95,2026-05-04,1,112.5,112.5,112.5
2288bc9f-dcd6-42ab-9f1d-e0b64972db95,2026-06-08,1,149,149,149
2288bc9f-dcd6-42ab-9f1d-e0b64972db95,2026-07-20,1,101,101,101
2288bc9f-dcd6-42ab-9f1d-e0b64972db95,2026-07-27,1,51,51,51
2288bc9f-dcd6-42ab-9f1d-e0b64972db95,2026-08-03,1,60,60,60
2288bc9f-dcd6-42ab-9f1d-e0b64972db95,2026-08-24,1,69,69,69
2288bc9f-dcd6-42ab-9f1d-e0b64972db95,2026-09-07,1,42,42,42
228a9d23-c2d7-4b78-befa-3f71db037349,2021-04-26,1,102.5,102.5,102.5
228a9d23-c2d7-4b78-befa-3f71db037349,2021-07-26,1,183.5,183.5,183.5
228a9d23-c2d7-4b78-befa-3f71db037349,2021-08-02,1,189.64,189.64,189.64
228a9d23-c2d7-4b78-befa-3f71db037349,2021-10-11,1,350,350,350
228a9d23-c2d7-4b78-befa-3f71db037349,2021-11-08,1,90.27,90.27,90.27
228a9d23-c2d7-4b78-befa-3f71db037349,2022-05-09,1,185,185,185
228a9d23-c2d7-4b78-befa-3f71db037349,2022-06-13,1,81,81,81
228a9d23-c2d7-4b78-befa-3f71db037349,2022-09-12,1,250,250,250
228a9d23-c2d7-4b78-befa-3f71db037349,2023-01-30,1,153.26,153.26,153.26
228a9d23-c2d7-4b78-befa-3f71db037349,2023-03-06,1,190.3,190.3,190.3
228a9d23-c2d7-4b78-befa-3f71db037349,2023-03-13,1,132.5,132.5,132.5
228a9d23-c2d7-4b78-befa-3f71db037349,2023-06-19,1,127.32,127.32,127.32
228a9d23-c2d7-4b78-befa-3f71db037349,2023-08-07,1,110,110,110
228a9d23-c2d7-4b78-befa-3f71db037349,2023-09-11,1,240,240,240
228a9d23-c2d7-4b78-befa-3f71db037349,2024-02-19,1,219.6,219.6,219.6
228a9d23-c2d7-4b78-befa-3f71db037349,2024-05-13,1,125.95,125.95,125.95
228a9d23-c2d7-4b78-befa-3f71db037349,2024-05-20,1,117.5,117.5,117.5
228a9d23-c2d7-4b78-befa-3f71db037349,2024-05-27,1,136.79,136.79,136.79
228a9d23-c2d7-4b78-befa-3f71db037349,2024-07-29,1,124.11,124.11,124.11
228a9d23-c2d7-4b78-befa-3f71db037349,2024-08-12,1,127.2,127.2,127.2
228a9d23-c2d7-4b78-befa-3f71db037349,2025-07-21,1,1100,1100,1100
228a9d23-c2d7-4b78-befa-3f71db037349,2025-07-28,1,1084.4,1084.4,1084.4
228a9d23-c2d7-4b78-befa-3f71db037349,2025-08-04,1,1063.09,1063.09,1063.09
228a9d23-c2d7-4b78-befa-3f71db037349,2025-08-25,1,2000,2000,2000
228a9d23-c2d7-4b78-befa-3f71db037349,2025-12-08,1,1800,1800,1800
228a9d23-c2d7-4b78-befa-3f71db037349,2026-01-12,1,1530,1530,1530
228a9d23-c2d7-4b78-befa-3f71db037349,2026-07-06,1,2887.72,2887.72,2887.72
228c290c-3048-46b4-a680-8e7f1b7a0be4,2023-08-28,1,31,31,31
228c290c-3048-46b4-a680-8e7f1b7a0be4,2024-12-09,1,40,40,40
228c290c-3048-46b4-a680-8e7f1b7a0be4,2026-07-06,2,67,59,74.99
228c290c-3048-46b4-a680-8e7f1b7a0be4,2026-07-13,1,50.4,50.4,50.4
228c290c-3048-46b4-a680-8e7f1b7a0be4,2026-08-10,1,68.4,68.4,68.4
228d0a0d-fa62-4293-b865-1132c7e9faee,2021-05-10,1,139.99,139.99,139.99
228d0a0d-fa62-4293-b865-1132c7e9faee,2021-05-17,2,81.02,81.02,81.02
228d0a0d-fa62-4293-b865-1132c7e9faee,2021-05-24,2,74,65,83
228d0a0d-fa62-4293-b865-1132c7e9faee,2021-06-07,3,38.01,36,99.99
228d0a0d-fa62-4293-b865-1132c7e9faee,2021-06-28,1,57,57,57
228d0a0d-fa62-4293-b865-1132c7e9faee,2021-07-12,1,99.99,99.99,99.99
228d0a0d-fa62-4293-b865-1132c7e9faee,2021-08-30,1,110.22,110.22,110.22
228d0a0d-fa62-4293-b865-1132c7e9faee,2021-10-11,4,50.5,36.06,130
228d0a0d-fa62-4293-b865-1132c7e9faee,2021-10-18,1,89.48,89.48,89.48
228d0a0d-fa62-4293-b865-1132c7e9faee,2021-10-25,9,58,40,92.45
228d0a0d-fa62-4293-b865-1132c7e9faee,2021-11-08,3,52.88,41,100
228d0a0d-fa62-4293-b865-1132c7e9faee,2021-11-15,1,81,81,81
228d0a0d-fa62-4293-b865-1132c7e9faee,2021-11-22,1,55,55,55
228d0a0d-fa62-4293-b865-1132c7e9faee,2021-12-06,1,78.68,78.68,78.68
228d0a0d-fa62-4293-b865-1132c7e9faee,2021-12-20,3,64.78,35.17,71
228d0a0d-fa62-4293-b865-1132c7e9faee,2022-01-03,1,47,47,47
228d0a0d-fa62-4293-b865-1132c7e9faee,2022-01-10,2,71.5,53,90
228d0a0d-fa62-4293-b865-1132c7e9faee,2022-01-17,1,28.72,28.72,28.72
228d0a0d-fa62-4293-b865-1132c7e9faee,2022-01-24,2,47.4,46.8,48
228d0a0d-fa62-4293-b865-1132c7e9faee,2022-01-31,2,36.4,28.8,44
228d0a0d-fa62-4293-b865-1132c7e9faee,2022-02-07,3,43.2,34.7,45.6
228d0a0d-fa62-4293-b865-1132c7e9faee,2022-02-14,1,38.4,38.4,38.4
228d0a0d-fa62-4293-b865-1132c7e9faee,2022-02-21,2,68.65,62.9,74.4
228d0a0d-fa62-4293-b865-1132c7e9faee,2022-02-28,5,37.2,31.52,80
228d0a0d-fa62-4293-b865-1132c7e9faee,2022-03-07,1,36.24,36.24,36.24
228d0a0d-fa62-4293-b865-1132c7e9faee,2022-03-14,4,48.3,41,68
228d0a0d-fa62-4293-b865-1132c7e9faee,2022-03-21,1,42.14,42.14,42.14
228d0a0d-fa62-4293-b865-1132c7e9faee,2022-03-28,1,34.08,34.08,34.08
228d0a0d-fa62-4293-b865-1132c7e9faee,2022-04-04,1,37,37,37
228d0a0d-fa62-4293-b865-1132c7e9faee,2022-05-16,1,50,50,50
228d0a0d-fa62-4293-b865-1132c7e9faee,2022-06-06,1,33.6,33.6,33.6
228d0a0d-fa62-4293-b865-1132c7e9faee,2022-06-20,1,59,59,59
228d0a0d-fa62-4293-b865-1132c7e9faee,2022-06-27,1,53,53,53
228d0a0d-fa62-4293-b865-1132c7e9faee,2022-07-11,2,41,32,50
228d0a0d-fa62-4293-b865-1132c7e9faee,2022-07-18,1,34.8,34.8,34.8
228d0a0d-fa62-4293-b865-1132c7e9faee,2022-07-25,1,81,81,81
228d0a0d-fa62-4293-b865-1132c7e9faee,2022-08-01,3,44.93,39.8,60
228d0a0d-fa62-4293-b865-1132c7e9faee,2022-08-08,2,63.84,55,72.69
228d0a0d-fa62-4293-b865-1132c7e9faee,2022-08-22,2,40,35,45
228d0a0d-fa62-4293-b865-1132c7e9faee,2022-08-29,1,36,36,36
228d0a0d-fa62-4293-b865-1132c7e9faee,2022-09-05,2,55.52,42,69.03
228d0a0d-fa62-4293-b865-1132c7e9faee,2022-09-12,2,43,43,43
228d0a0d-fa62-4293-b865-1132c7e9faee,2022-09-19,1,31,31,31
228d0a0d-fa62-4293-b865-1132c7e9faee,2022-10-03,1,31,31,31
228d0a0d-fa62-4293-b865-1132c7e9faee,2022-10-10,1,50,50,50
228d0a0d-fa62-4293-b865-1132c7e9faee,2022-10-17,1,26,26,26
228d0a0d-fa62-4293-b865-1132c7e9faee,2022-10-24,4,44.5,43,46
228d0a0d-fa62-4293-b865-1132c7e9faee,2022-10-31,1,50,50,50
228d0a0d-fa62-4293-b865-1132c7e9faee,2022-11-07,2,52.52,52.04,53
228d0a0d-fa62-4293-b865-1132c7e9faee,2022-11-21,1,45,45,45
228d0a0d-fa62-4293-b865-1132c7e9faee,2022-12-05,8,25.23,17.27,40.3
228d0a0d-fa62-4293-b865-1132c7e9faee,2023-01-02,2,57.89,40.8,74.99
228d0a0d-fa62-4293-b865-1132c7e9faee,2023-01-23,2,25,20,30
228d0a0d-fa62-4293-b865-1132c7e9faee,2023-01-30,1,43.43,43.43,43.43
228d0a0d-fa62-4293-b865-1132c7e9faee,2023-02-06,2,30.6,24,37.2
228d0a0d-fa62-4293-b865-1132c7e9faee,2023-02-13,2,43.3,21.6,65
228d0a0d-fa62-4293-b865-1132c7e9faee,2023-02-27,1,41,41,41
228d0a0d-fa62-4293-b865-1132c7e9faee,2023-03-06,2,42.25,37.51,47
228d0a0d-fa62-4293-b865-1132c7e9faee,2023-03-13,2,33.91,20.36,47.45
228d0a0d-fa62-4293-b865-1132c7e9faee,2023-03-20,4,23.59,18.18,32.5
228d0a0d-fa62-4293-b865-1132c7e9faee,2023-04-03,1,22.3,22.3,22.3
228d0a0d-fa62-4293-b865-1132c7e9faee,2023-04-17,1,36,36,36
228d0a0d-fa62-4293-b865-1132c7e9faee,2023-04-24,2,26.5,24,29
228d0a0d-fa62-4293-b865-1132c7e9faee,2023-05-01,1,33.57,33.57,33.57
228d0a0d-fa62-4293-b865-1132c7e9faee,2023-05-08,4,29.25,23.5,75.12
228d0a0d-fa62-4293-b865-1132c7e9faee,2023-05-15,1,32,32,32
228d0a0d-fa62-4293-b865-1132c7e9faee,2023-05-22,2,26.2,26,26.4
228d0a0d-fa62-4293-b865-1132c7e9faee,2023-05-29,5,36,30,37.99
228d0a0d-fa62-4293-b865-1132c7e9faee,2023-06-05,2,26.5,26.01,26.99
228d0a0d-fa62-4293-b865-1132c7e9faee,2023-06-19,1,25.2,25.2,25.2
228d0a0d-fa62-4293-b865-1132c7e9faee,2023-06-26,3,32.8,26,52.91
228d0a0d-fa62-4293-b865-1132c7e9faee,2023-07-03,2,50.79,37.99,63.59
228d0a0d-fa62-4293-b865-1132c7e9faee,2023-07-10,2,36.4,28.8,43.99
228d0a0d-fa62-4293-b865-1132c7e9faee,2023-07-17,1,23.26,23.26,23.26
228d0a0d-fa62-4293-b865-1132c7e9faee,2023-07-24,3,40,30.32,55.24
228d0a0d-fa62-4293-b865-1132c7e9faee,2023-07-31,2,75,39.99,110
228d0a0d-fa62-4293-b865-1132c7e9faee,2023-08-07,1,19.51,19.51,19.51
228d0a0d-fa62-4293-b865-1132c7e9faee,2023-08-14,2,43.44,32,54.88
228d0a0d-fa62-4293-b865-1132c7e9faee,2023-08-21,1,26.4,26.4,26.4
228d0a0d-fa62-4293-b865-1132c7e9faee,2023-08-28,1,22.15,22.15,22.15
228d0a0d-fa62-4293-b865-1132c7e9faee,2023-09-04,1,30,30,30
228d0a0d-fa62-4293-b865-1132c7e9faee,2023-09-11,1,41.85,41.85,41.85
228d0a0d-fa62-4293-b865-1132c7e9faee,2023-09-18,2,18.2,14.86,21.55
228d0a0d-fa62-4293-b865-1132c7e9faee,2023-09-25,1,28.07,28.07,28.07
228d0a0d-fa62-4293-b865-1132c7e9faee,2023-10-09,3,30,22.8,31
228d0a0d-fa62-4293-b865-1132c7e9faee,2023-10-16,1,40.45,40.45,40.45
228d0a0d-fa62-4293-b865-1132c7e9faee,2023-10-23,1,26.97,26.97,26.97
228d0a0d-fa62-4293-b865-1132c7e9faee,2023-10-30,3,36.43,31,39.95
228d0a0d-fa62-4293-b865-1132c7e9faee,2023-11-06,3,20.5,18.19,43.99
228d0a0d-fa62-4293-b865-1132c7e9faee,2023-11-13,3,40,31.2,44.95
228d0a0d-fa62-4293-b865-1132c7e9faee,2023-11-20,5,30,23.49,37.84
228d0a0d-fa62-4293-b865-1132c7e9faee,2023-11-27,3,32.55,24,41
228d0a0d-fa62-4293-b865-1132c7e9faee,2023-12-04,2,30.34,19.5,41.17
228d0a0d-fa62-4293-b865-1132c7e9faee,2023-12-11,1,34.8,34.8,34.8
228d0a0d-fa62-4293-b865-1132c7e9faee,2023-12-18,2,28.8,28.8,28.8
228d0a0d-fa62-4293-b865-1132c7e9faee,2023-12-25,2,36.81,32,41.62
228d0a0d-fa62-4293-b865-1132c7e9faee,2024-01-01,2,44.73,41,48.47
228d0a0d-fa62-4293-b865-1132c7e9faee,2024-01-08,3,25.2,24,26.4
228d0a0d-fa62-4293-b865-1132c7e9faee,2024-01-15,3,34.49,23.5,35
228d0a0d-fa62-4293-b865-1132c7e9faee,2024-01-22,1,31.2,31.2,31.2
228d0a0d-fa62-4293-b865-1132c7e9faee,2024-01-29,2,29.3,27.6,31
228d0a0d-fa62-4293-b865-1132c7e9faee,2024-02-05,3,33,19.2,43.99
228d0a0d-fa62-4293-b865-1132c7e9faee,2024-02-12,1,32.46,32.46,32.46
228d0a0d-fa62-4293-b865-1132c7e9faee,2024-02-19,3,24,14.44,27.6
228d0a0d-fa62-4293-b865-1132c7e9faee,2024-02-26,1,30,30,30
228d0a0d-fa62-4293-b865-1132c7e9faee,2024-03-04,1,55.2,55.2,55.2
228d0a0d-fa62-4293-b865-1132c7e9faee,2024-03-11,1,31.2,31.2,31.2
228d0a0d-fa62-4293-b865-1132c7e9faee,2024-03-18,3,22.8,18.5,31.2
228d0a0d-fa62-4293-b865-1132c7e9faee,2024-03-25,3,20.4,20,20.4
228d0a0d-fa62-4293-b865-1132c7e9faee,2024-04-01,4,22.85,19.5,27.65
228d0a0d-fa62-4293-b865-1132c7e9faee,2024-04-08,4,29.39,25.2,38.25
228d0a0d-fa62-4293-b865-1132c7e9faee,2024-04-15,2,22.75,21.5,24
228d0a0d-fa62-4293-b865-1132c7e9faee,2024-04-22,1,24,24,24
228d0a0d-fa62-4293-b865-1132c7e9faee,2024-04-29,1,31,31,31
228d0a0d-fa62-4293-b865-1132c7e9faee,2024-05-06,1,40.49,40.49,40.49
228d0a0d-fa62-4293-b865-1132c7e9faee,2024-05-27,4,25,21.5,26.4
228d0a0d-fa62-4293-b865-1132c7e9faee,2024-06-03,1,22.8,22.8,22.8
228d0a0d-fa62-4293-b865-1132c7e9faee,2024-06-17,1,46.87,46.87,46.87
228d0a0d-fa62-4293-b865-1132c7e9faee,2024-06-24,3,44.24,35.99,52.97
228d0a0d-fa62-4293-b865-1132c7e9faee,2024-07-01,2,23.5,22.5,24.5
228d0a0d-fa62-4293-b865-1132c7e9faee,2024-07-08,1,46.8,46.8,46.8
228d0a0d-fa62-4293-b865-1132c7e9faee,2024-07-15,1,40.16,40.16,40.16
228d0a0d-fa62-4293-b865-1132c7e9faee,2024-07-29,2,35.98,35.95,36
228d0a0d-fa62-4293-b865-1132c7e9faee,2024-08-05,4,41.42,27,70
228d0a0d-fa62-4293-b865-1132c7e9faee,2024-08-12,1,40,40,40
228d0a0d-fa62-4293-b865-1132c7e9faee,2024-08-19,1,36.99,36.99,36.99
228d0a0d-fa62-4293-b865-1132c7e9faee,2024-08-26,1,34.99,34.99,34.99
228d0a0d-fa62-4293-b865-1132c7e9faee,2024-09-09,1,36.82,36.82,36.82
228d0a0d-fa62-4293-b865-1132c7e9faee,2024-09-16,1,33.03,33.03,33.03
228d0a0d-fa62-4293-b865-1132c7e9faee,2024-10-14,3,39.64,34.99,51
228d0a0d-fa62-4293-b865-1132c7e9faee,2024-10-21,1,36,36,36
228d0a0d-fa62-4293-b865-1132c7e9faee,2024-10-28,1,47.99,47.99,47.99
228d0a0d-fa62-4293-b865-1132c7e9faee,2024-11-04,3,38.4,35.47,39.6
228d0a0d-fa62-4293-b865-1132c7e9faee,2024-11-11,2,26.5,26,27
228d0a0d-fa62-4293-b865-1132c7e9faee,2024-11-18,1,20,20,20
228d0a0d-fa62-4293-b865-1132c7e9faee,2024-11-25,2,38,26,50
228d0a0d-fa62-4293-b865-1132c7e9faee,2024-12-02,3,35,24.82,70
228d0a0d-fa62-4293-b865-1132c7e9faee,2024-12-09,3,30.58,23.57,39.99
228d0a0d-fa62-4293-b865-1132c7e9faee,2024-12-16,2,33.5,26,41
228d0a0d-fa62-4293-b865-1132c7e9faee,2024-12-23,2,36.02,34.5,37.54
228d0a0d-fa62-4293-b865-1132c7e9faee,2025-01-13,1,35.99,35.99,35.99
228d0a0d-fa62-4293-b865-1132c7e9faee,2025-01-20,1,40,40,40
228d0a0d-fa62-4293-b865-1132c7e9faee,2025-01-27,1,67.52,67.52,67.52
228d0a0d-fa62-4293-b865-1132c7e9faee,2025-02-17,1,24.5,24.5,24.5
228d0a0d-fa62-4293-b865-1132c7e9faee,2025-03-03,2,28.25,20.5,36
228d0a0d-fa62-4293-b865-1132c7e9faee,2025-04-07,1,25,25,25
228d0a0d-fa62-4293-b865-1132c7e9faee,2025-04-14,1,34.75,34.75,34.75
228d0a0d-fa62-4293-b865-1132c7e9faee,2025-04-21,1,34,34,34
228d0a0d-fa62-4293-b865-1132c7e9faee,2025-04-28,1,44.03,44.03,44.03
228d0a0d-fa62-4293-b865-1132c7e9faee,2025-05-19,1,50,50,50
228d0a0d-fa62-4293-b865-1132c7e9faee,2025-06-02,2,84.27,69.53,99
228d0a0d-fa62-4293-b865-1132c7e9faee,2025-06-16,1,49.99,49.99,49.99
228d0a0d-fa62-4293-b865-1132c7e9faee,2025-06-30,1,45.35,45.35,45.35
228d0a0d-fa62-4293-b865-1132c7e9faee,2025-07-07,1,52,52,52
228d0a0d-fa62-4293-b865-1132c7e9faee,2025-07-14,1,40.8,40.8,40.8
228d0a0d-fa62-4293-b865-1132c7e9faee,2025-07-28,1,47,47,47
228d0a0d-fa62-4293-b865-1132c7e9faee,2025-08-04,2,43.7,38.4,49
228d0a0d-fa62-4293-b865-1132c7e9faee,2025-08-11,1,43.54,43.54,43.54
228d0a0d-fa62-4293-b865-1132c7e9faee,2025-08-25,4,51.17,47.33,70.31
228d0a0d-fa62-4293-b865-1132c7e9faee,2025-09-01,3,52,44,55.99
228d0a0d-fa62-4293-b865-1132c7e9faee,2025-09-08,2,50.5,49,52
228d0a0d-fa62-4293-b865-1132c7e9faee,2025-10-27,2,45.5,31,60
228d0a0d-fa62-4293-b865-1132c7e9faee,2025-11-03,2,44,36,52
228d0a0d-fa62-4293-b865-1132c7e9faee,2025-11-17,1,31,31,31
228d0a0d-fa62-4293-b865-1132c7e9faee,2025-11-24,1,40,40,40
228d0a0d-fa62-4293-b865-1132c7e9faee,2025-12-01,3,41.02,36,69.14
228d0a0d-fa62-4293-b865-1132c7e9faee,2025-12-08,1,43,43,43
228d0a0d-fa62-4293-b865-1132c7e9faee,2025-12-22,1,49.99,49.99,49.99
228d0a0d-fa62-4293-b865-1132c7e9faee,2025-12-29,1,54.4,54.4,54.4
228d0a0d-fa62-4293-b865-1132c7e9faee,2026-01-05,1,45,45,45
228d0a0d-fa62-4293-b865-1132c7e9faee,2026-01-19,2,49.45,39.9,59
228d0a0d-fa62-4293-b865-1132c7e9faee,2026-02-09,1,59.98,59.98,59.98
228d0a0d-fa62-4293-b865-1132c7e9faee,2026-02-16,1,65,65,65
228d0a0d-fa62-4293-b865-1132c7e9faee,2026-02-23,1,69,69,69
228d0a0d-fa62-4293-b865-1132c7e9faee,2026-03-02,1,64.74,64.74,64.74
228d0a0d-fa62-4293-b865-1132c7e9faee,2026-03-09,2,74.5,64,85
228d0a0d-fa62-4293-b865-1132c7e9faee,2026-03-23,1,80,80,80
228d0a0d-fa62-4293-b865-1132c7e9faee,2026-03-30,5,75.25,60,79
228d0a0d-fa62-4293-b865-1132c7e9faee,2026-04-06,2,77,71,83
228d0a0d-fa62-4293-b865-1132c7e9faee,2026-04-13,2,83,67,99
228d0a0d-fa62-4293-b865-1132c7e9faee,2026-04-20,3,83.99,75,89
228d0a0d-fa62-4293-b865-1132c7e9faee,2026-04-27,1,115,115,115
228d0a0d-fa62-4293-b865-1132c7e9faee,2026-05-04,2,93.87,87.74,100
228d0a0d-fa62-4293-b865-1132c7e9faee,2026-05-11,2,105,85,124.99
228d0a0d-fa62-4293-b865-1132c7e9faee,2026-05-25,1,126.85,126.85,126.85
228d0a0d-fa62-4293-b865-1132c7e9faee,2026-06-01,2,107.1,103.2,111
228d0a0d-fa62-4293-b865-1132c7e9faee,2026-06-08,3,100.39,96,106
228d0a0d-fa62-4293-b865-1132c7e9faee,2026-07-06,1,93.74,93.74,93.74
228d0a0d-fa62-4293-b865-1132c7e9faee,2026-07-13,2,142,134,150
228d0a0d-fa62-4293-b865-1132c7e9faee,2026-07-20,1,58.8,58.8,58.8
228d0a0d-fa62-4293-b865-1132c7e9faee,2026-07-27,2,73,73,73
228d0a0d-fa62-4293-b865-1132c7e9faee,2026-08-17,4,75.5,60.85,95.99
228d0a0d-fa62-4293-b865-1132c7e9faee,2026-08-24,1,102.5,102.5,102.5
228d0a0d-fa62-4293-b865-1132c7e9faee,2026-08-31,6,99.5,73.22,157
228d0a0d-fa62-4293-b865-1132c7e9faee,2026-09-07,1,83.99,83.99,83.99
228d1a00-c040-44d7-89c0-a887cd2a994c,2021-04-05,1,958,958,958
228d1a00-c040-44d7-89c0-a887cd2a994c,2021-04-26,1,860,860,860
228d1a00-c040-44d7-89c0-a887cd2a994c,2021-08-16,1,1700,1700,1700
228d1a00-c040-44d7-89c0-a887cd2a994c,2021-09-13,1,1550,1550,1550
228d1a00-c040-44d7-89c0-a887cd2a994c,2021-10-25,1,1075,1075,1075
228d1a00-c040-44d7-89c0-a887cd2a994c,2021-11-15,1,850,850,850
228d1a00-c040-44d7-89c0-a887cd2a994c,2021-12-20,1,828,828,828
228d1a00-c040-44d7-89c0-a887cd2a994c,2022-01-31,1,1050,1050,1050
228d1a00-c040-44d7-89c0-a887cd2a994c,2022-03-07,1,879,879,879
228d1a00-c040-44d7-89c0-a887cd2a994c,2022-03-21,1,700,700,700
228d1a00-c040-44d7-89c0-a887cd2a994c,2022-05-09,1,900,900,900
228d1a00-c040-44d7-89c0-a887cd2a994c,2022-08-01,3,899.99,892.4,1105
228d1a00-c040-44d7-89c0-a887cd2a994c,2022-08-15,1,1350,1350,1350
228d1a00-c040-44d7-89c0-a887cd2a994c,2022-09-12,1,860,860,860
228d1a00-c040-44d7-89c0-a887cd2a994c,2022-10-03,1,1050,1050,1050
228d1a00-c040-44d7-89c0-a887cd2a994c,2022-10-24,2,930,810,1050
228d1a00-c040-44d7-89c0-a887cd2a994c,2022-10-31,1,999.45,999.45,999.45
228d1a00-c040-44d7-89c0-a887cd2a994c,2022-11-07,1,1000,1000,1000
228d1a00-c040-44d7-89c0-a887cd2a994c,2022-11-28,1,870,870,870
228d1a00-c040-44d7-89c0-a887cd2a994c,2022-12-12,3,875,831.2,910
228d1a00-c040-44d7-89c0-a887cd2a994c,2022-12-26,1,999.99,999.99,999.99
228d1a00-c040-44d7-89c0-a887cd2a994c,2023-01-02,2,1400,800,2000
228d1a00-c040-44d7-89c0-a887cd2a994c,2023-03-27,1,974.79,974.79,974.79
228d1a00-c040-44d7-89c0-a887cd2a994c,2023-05-15,1,850,850,850
228d1a00-c040-44d7-89c0-a887cd2a994c,2023-05-22,1,746.99,746.99,746.99
228d1a00-c040-44d7-89c0-a887cd2a994c,2023-07-10,1,860,860,860
228d1a00-c040-44d7-89c0-a887cd2a994c,2023-07-31,1,1300,1300,1300
228d1a00-c040-44d7-89c0-a887cd2a994c,2023-09-04,1,1250,1250,1250
228d1a00-c040-44d7-89c0-a887cd2a994c,2023-10-02,1,1050,1050,1050
228d1a00-c040-44d7-89c0-a887cd2a994c,2023-10-16,1,850.47,850.47,850.47
228d1a00-c040-44d7-89c0-a887cd2a994c,2023-11-20,1,710,710,710
228d1a00-c040-44d7-89c0-a887cd2a994c,2023-12-25,1,826.54,826.54,826.54
228d1a00-c040-44d7-89c0-a887cd2a994c,2024-01-01,1,830,830,830
228d1a00-c040-44d7-89c0-a887cd2a994c,2024-01-15,1,1000,1000,1000
228d1a00-c040-44d7-89c0-a887cd2a994c,2024-02-26,1,780,780,780
228d1a00-c040-44d7-89c0-a887cd2a994c,2024-03-11,1,1110,1110,1110
228d1a00-c040-44d7-89c0-a887cd2a994c,2024-04-01,2,992.9,900,1085.8
228d1a00-c040-44d7-89c0-a887cd2a994c,2024-04-22,1,730,730,730
228d1a00-c040-44d7-89c0-a887cd2a994c,2024-05-06,1,896.7,896.7,896.7
228d1a00-c040-44d7-89c0-a887cd2a994c,2024-06-03,2,532.11,514.22,550
228d1a00-c040-44d7-89c0-a887cd2a994c,2024-06-10,1,622.2,622.2,622.2
228d1a00-c040-44d7-89c0-a887cd2a994c,2024-06-24,1,999,999,999
228d1a00-c040-44d7-89c0-a887cd2a994c,2024-07-01,1,515.55,515.55,515.55
228d1a00-c040-44d7-89c0-a887cd2a994c,2024-07-08,1,576,576,576
228d1a00-c040-44d7-89c0-a887cd2a994c,2024-08-12,1,630,630,630
228d1a00-c040-44d7-89c0-a887cd2a994c,2024-08-26,1,810,810,810
228d1a00-c040-44d7-89c0-a887cd2a994c,2024-10-28,1,1200,1200,1200
228d1a00-c040-44d7-89c0-a887cd2a994c,2024-11-11,1,750,750,750
228d1a00-c040-44d7-89c0-a887cd2a994c,2024-12-02,1,808,808,808
228d1a00-c040-44d7-89c0-a887cd2a994c,2024-12-30,1,900,900,900
228d1a00-c040-44d7-89c0-a887cd2a994c,2025-01-06,1,1000,1000,1000
228d1a00-c040-44d7-89c0-a887cd2a994c,2025-01-13,1,838.5,838.5,838.5
228d1a00-c040-44d7-89c0-a887cd2a994c,2025-01-20,1,800,800,800
228d1a00-c040-44d7-89c0-a887cd2a994c,2025-02-03,3,1030.85,899.99,1099.99
228d1a00-c040-44d7-89c0-a887cd2a994c,2025-03-03,1,1000,1000,1000
228d1a00-c040-44d7-89c0-a887cd2a994c,2025-04-21,2,959.98,919.95,1000
228d1a00-c040-44d7-89c0-a887cd2a994c,2025-05-12,1,1100,1100,1100
228d1a00-c040-44d7-89c0-a887cd2a994c,2025-06-09,2,1210,1170,1250
228d1a00-c040-44d7-89c0-a887cd2a994c,2025-06-16,1,1262.5,1262.5,1262.5
228d1a00-c040-44d7-89c0-a887cd2a994c,2025-07-14,1,1350,1350,1350
228d1a00-c040-44d7-89c0-a887cd2a994c,2025-08-11,1,1400,1400,1400
228d1a00-c040-44d7-89c0-a887cd2a994c,2025-08-25,1,1590,1590,1590
228d1a00-c040-44d7-89c0-a887cd2a994c,2025-09-08,2,1860.09,1675,2045.18
228d1a00-c040-44d7-89c0-a887cd2a994c,2025-09-15,1,4988.71,4988.71,4988.71
228d1a00-c040-44d7-89c0-a887cd2a994c,2025-10-13,1,1500,1500,1500
228d1a00-c040-44d7-89c0-a887cd2a994c,2025-12-15,1,3756.8,3756.8,3756.8
228d1a00-c040-44d7-89c0-a887cd2a994c,2025-12-22,2,2150,1450,2850
228d1a00-c040-44d7-89c0-a887cd2a994c,2025-12-29,1,3400,3400,3400
228d1a00-c040-44d7-89c0-a887cd2a994c,2026-01-05,1,3500,3500,3500
228d1a00-c040-44d7-89c0-a887cd2a994c,2026-01-12,1,4000,4000,4000
228d1a00-c040-44d7-89c0-a887cd2a994c,2026-01-19,1,4500,4500,4500
228d1a00-c040-44d7-89c0-a887cd2a994c,2026-01-26,1,6250,6250,6250
228d1a00-c040-44d7-89c0-a887cd2a994c,2026-02-16,2,6300,6100,6500
228d1a00-c040-44d7-89c0-a887cd2a994c,2026-02-23,1,8000,8000,8000
228d1a00-c040-44d7-89c0-a887cd2a994c,2026-03-09,1,12000,12000,12000
228d1a00-c040-44d7-89c0-a887cd2a994c,2026-03-30,1,9500,9500,9500
228d1a00-c040-44d7-89c0-a887cd2a994c,2026-04-06,3,10000,8999,10800
228d1a00-c040-44d7-89c0-a887cd2a994c,2026-04-27,3,11475,11400,12000
228d1a00-c040-44d7-89c0-a887cd2a994c,2026-05-11,2,10893.5,10087,11700
228d1a00-c040-44d7-89c0-a887cd2a994c,2026-05-25,2,11375.7,10551.4,12200
228d1a00-c040-44d7-89c0-a887cd2a994c,2026-06-01,1,9996.52,9996.52,9996.52
228d1a00-c040-44d7-89c0-a887cd2a994c,2026-06-15,1,12000,12000,12000
228d1a00-c040-44d7-89c0-a887cd2a994c,2026-06-29,1,12000,12000,12000
228d1a00-c040-44d7-89c0-a887cd2a994c,2026-07-20,1,12000,12000,12000
228d1a00-c040-44d7-89c0-a887cd2a994c,2026-07-27,2,10121.88,10100,10143.76
228d1a00-c040-44d7-89c0-a887cd2a994c,2026-08-03,2,11842.5,11690,11995
228d1a00-c040-44d7-89c0-a887cd2a994c,2026-08-10,1,10500,10500,10500
228d1a00-c040-44d7-89c0-a887cd2a994c,2026-08-17,1,12600,12600,12600
228d1a00-c040-44d7-89c0-a887cd2a994c,2026-08-31,2,11875,11400,12350
228d1a00-c040-44d7-89c0-a887cd2a994c,2026-09-14,1,14600,14600,14600
228d55c3-7706-487c-bf8e-1751a5daa8c0,2025-11-03,1,107.94,107.94,107.94
228d55c3-7706-487c-bf8e-1751a5daa8c0,2026-07-06,1,25.48,25.48,25.48
228d6b89-fb07-4fdd-992a-34e6ad04c467,2021-06-21,1,71,71,71
228d6b89-fb07-4fdd-992a-34e6ad04c467,2021-08-09,1,130,130,130
228d6b89-fb07-4fdd-992a-34e6ad04c467,2021-09-13,1,149.99,149.99,149.99
228d6b89-fb07-4fdd-992a-34e6ad04c467,2022-01-17,1,55.9,55.9,55.9
228d6b89-fb07-4fdd-992a-34e6ad04c467,2022-02-07,1,60.18,60.18,60.18
228d6b89-fb07-4fdd-992a-34e6ad04c467,2022-04-04,1,74.99,74.99,74.99
228d6b89-fb07-4fdd-992a-34e6ad04c467,2022-07-11,1,63,63,63
228d6b89-fb07-4fdd-992a-34e6ad04c467,2022-11-14,1,49,49,49
228d6b89-fb07-4fdd-992a-34e6ad04c467,2022-12-12,1,51.99,51.99,51.99
228d6b89-fb07-4fdd-992a-34e6ad04c467,2023-01-30,1,75,75,75
228d6b89-fb07-4fdd-992a-34e6ad04c467,2023-04-03,1,55.63,55.63,55.63
228d6b89-fb07-4fdd-992a-34e6ad04c467,2023-04-17,1,54,54,54
228d6b89-fb07-4fdd-992a-34e6ad04c467,2023-06-12,1,69.99,69.99,69.99
228d6b89-fb07-4fdd-992a-34e6ad04c467,2023-10-09,1,81,81,81
228d6b89-fb07-4fdd-992a-34e6ad04c467,2023-11-13,1,52.49,52.49,52.49
228d6b89-fb07-4fdd-992a-34e6ad04c467,2024-01-29,1,53.2,53.2,53.2
228d6b89-fb07-4fdd-992a-34e6ad04c467,2024-04-15,1,57.19,57.19,57.19
228d6b89-fb07-4fdd-992a-34e6ad04c467,2024-04-22,1,69,69,69
228d6b89-fb07-4fdd-992a-34e6ad04c467,2024-07-22,1,42,42,42
228d6b89-fb07-4fdd-992a-34e6ad04c467,2024-08-05,1,65,65,65
228d6b89-fb07-4fdd-992a-34e6ad04c467,2024-08-26,2,32.79,31,34.58
228d6b89-fb07-4fdd-992a-34e6ad04c467,2024-09-23,1,60,60,60
228d6b89-fb07-4fdd-992a-34e6ad04c467,2024-11-04,1,50,50,50
228d6b89-fb07-4fdd-992a-34e6ad04c467,2025-03-31,1,84.99,84.99,84.99
228d6b89-fb07-4fdd-992a-34e6ad04c467,2025-06-09,1,108,108,108
228d6b89-fb07-4fdd-992a-34e6ad04c467,2026-01-12,1,205,205,205
228d6b89-fb07-4fdd-992a-34e6ad04c467,2026-04-27,1,450,450,450
228d6b89-fb07-4fdd-992a-34e6ad04c467,2026-07-20,1,520,520,520
22902266-988e-4f1e-8319-a75f7d9a2ddd,2022-01-24,1,126.93,126.93,126.93
22902266-988e-4f1e-8319-a75f7d9a2ddd,2023-05-29,1,86.4,86.4,86.4
22902266-988e-4f1e-8319-a75f7d9a2ddd,2024-10-07,1,64.6,64.6,64.6
22902266-988e-4f1e-8319-a75f7d9a2ddd,2024-11-18,1,63,63,63
22902266-988e-4f1e-8319-a75f7d9a2ddd,2024-12-09,1,81,81,81
22902266-988e-4f1e-8319-a75f7d9a2ddd,2024-12-30,1,69,69,69
22902266-988e-4f1e-8319-a75f7d9a2ddd,2025-01-27,1,61.02,61.02,61.02
22902266-988e-4f1e-8319-a75f7d9a2ddd,2025-09-01,1,227.88,227.88,227.88
22902266-988e-4f1e-8319-a75f7d9a2ddd,2025-09-29,1,227.88,227.88,227.88
22902266-988e-4f1e-8319-a75f7d9a2ddd,2025-10-13,2,210.34,144.99,275.7
22902266-988e-4f1e-8319-a75f7d9a2ddd,2026-03-16,1,284,284,284
22902266-988e-4f1e-8319-a75f7d9a2ddd,2026-08-24,1,699.97,699.97,699.97
22905989-f010-43b8-a262-67dadc30fd81,2024-11-04,2,61.39,60,62.78
22905989-f010-43b8-a262-67dadc30fd81,2024-11-11,4,50.5,35.77,60
22905989-f010-43b8-a262-67dadc30fd81,2024-11-18,3,51,49.99,59.99
22905989-f010-43b8-a262-67dadc30fd81,2024-11-25,1,44,44,44
22905989-f010-43b8-a262-67dadc30fd81,2024-12-02,3,53,31,63.54
22905989-f010-43b8-a262-67dadc30fd81,2024-12-09,3,65,32,79.95
22905989-f010-43b8-a262-67dadc30fd81,2024-12-16,14,39,28,51
22905989-f010-43b8-a262-67dadc30fd81,2024-12-23,8,40.5,24,45.99
22905989-f010-43b8-a262-67dadc30fd81,2024-12-30,15,39.99,27.02,49.95
22905989-f010-43b8-a262-67dadc30fd81,2025-01-06,4,40.8,32,46
22905989-f010-43b8-a262-67dadc30fd81,2025-01-13,15,37.99,30,62
22905989-f010-43b8-a262-67dadc30fd81,2025-01-20,8,39.5,20.5,49.99
22905989-f010-43b8-a262-67dadc30fd81,2025-01-27,18,30.66,24.5,45
22905989-f010-43b8-a262-67dadc30fd81,2025-02-03,26,27.5,17.5,50
22905989-f010-43b8-a262-67dadc30fd81,2025-02-10,20,27.99,21,50
22905989-f010-43b8-a262-67dadc30fd81,2025-02-17,24,29.74,15.5,45
22905989-f010-43b8-a262-67dadc30fd81,2025-02-24,57,23,13.5,50.39
22905989-f010-43b8-a262-67dadc30fd81,2025-03-03,25,27,20.5,47
22905989-f010-43b8-a262-67dadc30fd81,2025-03-10,30,25.5,19.99,56
22905989-f010-43b8-a262-67dadc30fd81,2025-03-17,20,25,20,46
22905989-f010-43b8-a262-67dadc30fd81,2025-03-24,39,27,17,49.8
22905989-f010-43b8-a262-67dadc30fd81,2025-03-31,42,26,20,47.09
22905989-f010-43b8-a262-67dadc30fd81,2025-04-07,17,30,20.5,47.4
22905989-f010-43b8-a262-67dadc30fd81,2025-04-14,21,28,12.5,42.55
22905989-f010-43b8-a262-67dadc30fd81,2025-04-21,20,28.75,15.5,39
22905989-f010-43b8-a262-67dadc30fd81,2025-04-28,16,27.99,20.5,39.99
22905989-f010-43b8-a262-67dadc30fd81,2025-05-05,19,21.51,17.5,29
22905989-f010-43b8-a262-67dadc30fd81,2025-05-12,23,22,18.19,41
22905989-f010-43b8-a262-67dadc30fd81,2025-05-19,51,24,16.5,39.99
22905989-f010-43b8-a262-67dadc30fd81,2025-05-26,56,20.5,18,40
22905989-f010-43b8-a262-67dadc30fd81,2025-06-02,39,24,18,48.96
22905989-f010-43b8-a262-67dadc30fd81,2025-06-09,32,20.84,16,45
22905989-f010-43b8-a262-67dadc30fd81,2025-06-16,14,23.99,18.5,45.37
22905989-f010-43b8-a262-67dadc30fd81,2025-06-23,17,23.99,14.51,42.12
22905989-f010-43b8-a262-67dadc30fd81,2025-06-30,18,24.75,19.45,39.79
22905989-f010-43b8-a262-67dadc30fd81,2025-07-07,10,25.5,19.5,45.86
22905989-f010-43b8-a262-67dadc30fd81,2025-07-14,6,30.5,28.8,55.03
22905989-f010-43b8-a262-67dadc30fd81,2025-07-21,24,34.99,23.5,36
22905989-f010-43b8-a262-67dadc30fd81,2025-07-28,3,25,24.5,51.95
22905989-f010-43b8-a262-67dadc30fd81,2025-08-04,6,32.7,27,51
22905989-f010-43b8-a262-67dadc30fd81,2025-08-11,8,30.5,29,35
22905989-f010-43b8-a262-67dadc30fd81,2025-08-18,12,31.5,27.97,42
22905989-f010-43b8-a262-67dadc30fd81,2025-08-25,3,32,25,34.99
22905989-f010-43b8-a262-67dadc30fd81,2025-09-01,7,35,21.6,38
22905989-f010-43b8-a262-67dadc30fd81,2025-09-08,16,37.39,31.99,48.17
22905989-f010-43b8-a262-67dadc30fd81,2025-09-15,11,36.99,29,49.39
22905989-f010-43b8-a262-67dadc30fd81,2025-09-22,12,44.75,33,79.95
22905989-f010-43b8-a262-67dadc30fd81,2025-09-29,15,45,23,65
22905989-f010-43b8-a262-67dadc30fd81,2025-10-06,8,39.5,21,65
22905989-f010-43b8-a262-67dadc30fd81,2025-10-13,20,32.86,20.5,66
22905989-f010-43b8-a262-67dadc30fd81,2025-10-20,19,34.99,10,60
22905989-f010-43b8-a262-67dadc30fd81,2025-10-27,7,52.55,27,70.77
22905989-f010-43b8-a262-67dadc30fd81,2025-11-03,1,45,45,45
22905989-f010-43b8-a262-67dadc30fd81,2025-11-10,3,42,36,59.17
22905989-f010-43b8-a262-67dadc30fd81,2025-11-17,3,47.99,36.58,79.95
22905989-f010-43b8-a262-67dadc30fd81,2025-11-24,3,40.03,40,50.85
22905989-f010-43b8-a262-67dadc30fd81,2025-12-01,2,49.78,48.57,51
22905989-f010-43b8-a262-67dadc30fd81,2025-12-08,5,50,30,56
22905989-f010-43b8-a262-67dadc30fd81,2025-12-15,10,38.5,28.49,66.84
22905989-f010-43b8-a262-67dadc30fd81,2025-12-22,8,43.98,28,70.77
22905989-f010-43b8-a262-67dadc30fd81,2025-12-29,2,50,49.99,50
22905989-f010-43b8-a262-67dadc30fd81,2026-01-05,10,37.61,29,52
22905989-f010-43b8-a262-67dadc30fd81,2026-01-12,7,48.99,35.8,74.95
22905989-f010-43b8-a262-67dadc30fd81,2026-01-19,7,41,35,47.5
22905989-f010-43b8-a262-67dadc30fd81,2026-01-26,10,51,37,60
22905989-f010-43b8-a262-67dadc30fd81,2026-02-02,10,42,41,55
22905989-f010-43b8-a262-67dadc30fd81,2026-02-09,12,35.5,29,60
22905989-f010-43b8-a262-67dadc30fd81,2026-02-16,6,38.5,34,69
22905989-f010-43b8-a262-67dadc30fd81,2026-02-23,10,52.5,41.41,60
22905989-f010-43b8-a262-67dadc30fd81,2026-03-02,5,59.99,35,81
22905989-f010-43b8-a262-67dadc30fd81,2026-03-09,4,43.77,37.08,55.09
22905989-f010-43b8-a262-67dadc30fd81,2026-03-16,7,50,42,110.56
22905989-f010-43b8-a262-67dadc30fd81,2026-03-23,9,43.89,37.2,83.95
22905989-f010-43b8-a262-67dadc30fd81,2026-03-30,17,62,40,111.99
22905989-f010-43b8-a262-67dadc30fd81,2026-04-06,11,59,49.99,100.61
22905989-f010-43b8-a262-67dadc30fd81,2026-04-13,33,62.99,51,74.03
22905989-f010-43b8-a262-67dadc30fd81,2026-04-20,13,70,41.77,99
22905989-f010-43b8-a262-67dadc30fd81,2026-04-27,11,75,50,199
22905989-f010-43b8-a262-67dadc30fd81,2026-05-04,8,77.47,69.99,176.9
22905989-f010-43b8-a262-67dadc30fd81,2026-05-11,9,74.99,60,99
22905989-f010-43b8-a262-67dadc30fd81,2026-05-18,11,70,57.99,78
22905989-f010-43b8-a262-67dadc30fd81,2026-05-25,7,64,51,96
22905989-f010-43b8-a262-67dadc30fd81,2026-06-01,11,76,56,90.05
22905989-f010-43b8-a262-67dadc30fd81,2026-06-08,4,62.5,60,75
22905989-f010-43b8-a262-67dadc30fd81,2026-06-15,8,70,56,103.11
22905989-f010-43b8-a262-67dadc30fd81,2026-06-22,13,79.98,50,97.75
22905989-f010-43b8-a262-67dadc30fd81,2026-06-29,8,73.67,66.71,89.01
22905989-f010-43b8-a262-67dadc30fd81,2026-07-06,5,64.01,58.01,65.01
22905989-f010-43b8-a262-67dadc30fd81,2026-07-13,5,75,51.1,90.29
22905989-f010-43b8-a262-67dadc30fd81,2026-07-20,20,60.95,40.8,64.55
22905989-f010-43b8-a262-67dadc30fd81,2026-07-27,9,58.17,49.53,99.33
22905989-f010-43b8-a262-67dadc30fd81,2026-08-03,9,60,48.43,65.22
22905989-f010-43b8-a262-67dadc30fd81,2026-08-10,8,53.5,48.6,59.99
22905989-f010-43b8-a262-67dadc30fd81,2026-08-17,14,47.02,34,66
22905989-f010-43b8-a262-67dadc30fd81,2026-08-24,10,50.8,34,81
22905989-f010-43b8-a262-67dadc30fd81,2026-08-31,7,70,39.6,80
22905989-f010-43b8-a262-67dadc30fd81,2026-09-07,3,54.99,50,58.8
22925243-9165-4dfd-8fce-4069ee727d32,2025-01-20,1,19.99,19.99,19.99
22925243-9165-4dfd-8fce-4069ee727d32,2025-03-31,1,24.99,24.99,24.99
22925243-9165-4dfd-8fce-4069ee727d32,2025-04-21,2,17,16.5,17.5
22925243-9165-4dfd-8fce-4069ee727d32,2025-04-28,1,15,15,15
22925243-9165-4dfd-8fce-4069ee727d32,2025-08-04,1,21,21,21
22925243-9165-4dfd-8fce-4069ee727d32,2025-08-11,1,34.99,34.99,34.99
22925243-9165-4dfd-8fce-4069ee727d32,2025-09-22,1,10.5,10.5,10.5
22925243-9165-4dfd-8fce-4069ee727d32,2026-01-05,1,29.99,29.99,29.99
22925243-9165-4dfd-8fce-4069ee727d32,2026-03-02,1,29,29,29
22925243-9165-4dfd-8fce-4069ee727d32,2026-03-16,1,18,18,18
22925243-9165-4dfd-8fce-4069ee727d32,2026-04-06,1,35,35,35
22925243-9165-4dfd-8fce-4069ee727d32,2026-08-10,1,20.5,20.5,20.5
22935778-edba-4818-b8d2-1c444fddce97,2026-06-29,2,336,329.99,342
22935778-edba-4818-b8d2-1c444fddce97,2026-07-06,2,308.75,302.5,315
22935778-edba-4818-b8d2-1c444fddce97,2026-07-20,1,304,304,304
22935778-edba-4818-b8d2-1c444fddce97,2026-08-03,3,215.5,165.5,245
22935778-edba-4818-b8d2-1c444fddce97,2026-08-10,13,139.5,115.5,220
22935778-edba-4818-b8d2-1c444fddce97,2026-08-17,20,118.5,92,149.99
22935778-edba-4818-b8d2-1c444fddce97,2026-08-24,12,135,110.5,209.97
22935778-edba-4818-b8d2-1c444fddce97,2026-08-31,12,122.5,61,134.5
22935778-edba-4818-b8d2-1c444fddce97,2026-09-07,3,113,110,139.99
2294fba1-7624-4c72-9d5a-c619d8e7a856,2024-04-29,1,30,30,30
2294fba1-7624-4c72-9d5a-c619d8e7a856,2024-07-15,1,30,30,30
2294fba1-7624-4c72-9d5a-c619d8e7a856,2024-08-12,1,15.5,15.5,15.5
2294fba1-7624-4c72-9d5a-c619d8e7a856,2025-01-06,1,20,20,20
2294fba1-7624-4c72-9d5a-c619d8e7a856,2025-10-13,1,27,27,27
2294fba1-7624-4c72-9d5a-c619d8e7a856,2025-10-20,2,25.49,24.99,26
2294fba1-7624-4c72-9d5a-c619d8e7a856,2026-05-11,1,44.95,44.95,44.95
22973f73-844a-4601-8b28-550ff0dfe796,2023-11-20,1,17,17,17
22973f73-844a-4601-8b28-550ff0dfe796,2025-03-31,1,49.95,49.95,49.95
2297a088-e9c8-4f0f-9bb1-2ea84e401d3a,2021-08-16,1,80,80,80
2297a088-e9c8-4f0f-9bb1-2ea84e401d3a,2022-02-14,1,80,80,80
2297a088-e9c8-4f0f-9bb1-2ea84e401d3a,2024-10-14,1,250,250,250
2297a088-e9c8-4f0f-9bb1-2ea84e401d3a,2025-08-04,1,499.99,499.99,499.99
2297a088-e9c8-4f0f-9bb1-2ea84e401d3a,2025-09-29,1,1125,1125,1125
2297a088-e9c8-4f0f-9bb1-2ea84e401d3a,2026-05-11,1,1140,1140,1140
2297fd13-396f-4c15-a2ba-b432aeb8eeae,2021-12-20,1,20.5,20.5,20.5
2297fd13-396f-4c15-a2ba-b432aeb8eeae,2024-12-23,1,40,40,40
2299a7d6-793b-40ba-8037-a8476745f85c,2021-03-08,3,70.41,59,90
2299a7d6-793b-40ba-8037-a8476745f85c,2021-03-29,1,56,56,56
2299a7d6-793b-40ba-8037-a8476745f85c,2021-04-05,2,56.47,46.94,66
2299a7d6-793b-40ba-8037-a8476745f85c,2021-04-12,1,89,89,89
2299a7d6-793b-40ba-8037-a8476745f85c,2021-04-19,1,87.44,87.44,87.44
2299a7d6-793b-40ba-8037-a8476745f85c,2021-04-26,1,69.99,69.99,69.99
2299a7d6-793b-40ba-8037-a8476745f85c,2021-05-24,1,55,55,55
2299a7d6-793b-40ba-8037-a8476745f85c,2021-06-07,2,57.75,45,70.5
2299a7d6-793b-40ba-8037-a8476745f85c,2021-07-05,2,59.79,59.58,60
2299a7d6-793b-40ba-8037-a8476745f85c,2021-07-12,1,51,51,51
2299a7d6-793b-40ba-8037-a8476745f85c,2021-07-19,1,63,63,63
2299a7d6-793b-40ba-8037-a8476745f85c,2021-08-02,1,70,70,70
2299a7d6-793b-40ba-8037-a8476745f85c,2021-08-09,1,55,55,55
2299a7d6-793b-40ba-8037-a8476745f85c,2021-08-23,1,47,47,47
2299a7d6-793b-40ba-8037-a8476745f85c,2021-08-30,1,52,52,52
2299a7d6-793b-40ba-8037-a8476745f85c,2021-09-13,3,47,36,52.99
2299a7d6-793b-40ba-8037-a8476745f85c,2021-09-20,2,34.05,33.1,35
2299a7d6-793b-40ba-8037-a8476745f85c,2021-09-27,1,59.99,59.99,59.99
2299a7d6-793b-40ba-8037-a8476745f85c,2021-10-04,1,51,51,51
2299a7d6-793b-40ba-8037-a8476745f85c,2021-10-11,2,47,42,52
2299a7d6-793b-40ba-8037-a8476745f85c,2021-10-25,1,35,35,35
2299a7d6-793b-40ba-8037-a8476745f85c,2021-11-01,2,49.5,37,62
2299a7d6-793b-40ba-8037-a8476745f85c,2021-11-08,2,50.5,40,61
2299a7d6-793b-40ba-8037-a8476745f85c,2021-11-22,2,46,41,51
2299a7d6-793b-40ba-8037-a8476745f85c,2021-12-06,3,29,28,42.49
2299a7d6-793b-40ba-8037-a8476745f85c,2021-12-20,1,37,37,37
2299a7d6-793b-40ba-8037-a8476745f85c,2022-01-03,1,36,36,36
2299a7d6-793b-40ba-8037-a8476745f85c,2022-01-17,2,37.5,35,39.99
2299a7d6-793b-40ba-8037-a8476745f85c,2022-01-31,1,37,37,37
2299a7d6-793b-40ba-8037-a8476745f85c,2022-02-14,1,38,38,38
2299a7d6-793b-40ba-8037-a8476745f85c,2022-02-21,2,28.37,20.51,36.23
2299a7d6-793b-40ba-8037-a8476745f85c,2022-03-07,1,35,35,35
2299a7d6-793b-40ba-8037-a8476745f85c,2022-03-14,1,40.49,40.49,40.49
2299a7d6-793b-40ba-8037-a8476745f85c,2022-03-21,1,21.49,21.49,21.49
2299a7d6-793b-40ba-8037-a8476745f85c,2022-03-28,2,34,28,39.99
2299a7d6-793b-40ba-8037-a8476745f85c,2022-04-04,1,29,29,29
2299a7d6-793b-40ba-8037-a8476745f85c,2022-04-11,3,27,22.5,32.62
2299a7d6-793b-40ba-8037-a8476745f85c,2022-04-18,1,27.05,27.05,27.05
2299a7d6-793b-40ba-8037-a8476745f85c,2022-04-25,1,27,27,27
2299a7d6-793b-40ba-8037-a8476745f85c,2022-05-16,4,26.51,21.26,35
2299a7d6-793b-40ba-8037-a8476745f85c,2022-05-23,3,23.5,21.5,27
2299a7d6-793b-40ba-8037-a8476745f85c,2022-05-30,1,24,24,24
2299a7d6-793b-40ba-8037-a8476745f85c,2022-06-06,1,35,35,35
2299a7d6-793b-40ba-8037-a8476745f85c,2022-06-13,1,20.5,20.5,20.5
2299a7d6-793b-40ba-8037-a8476745f85c,2022-06-20,2,19.5,18.5,20.5
2299a7d6-793b-40ba-8037-a8476745f85c,2022-06-27,1,12.5,12.5,12.5
2299a7d6-793b-40ba-8037-a8476745f85c,2022-07-04,2,19.5,18.5,20.5
2299a7d6-793b-40ba-8037-a8476745f85c,2022-07-11,3,22.8,22.02,47.14
2299a7d6-793b-40ba-8037-a8476745f85c,2022-07-18,1,17.52,17.52,17.52
2299a7d6-793b-40ba-8037-a8476745f85c,2022-07-25,1,17.52,17.52,17.52
2299a7d6-793b-40ba-8037-a8476745f85c,2022-08-01,1,22.5,22.5,22.5
2299a7d6-793b-40ba-8037-a8476745f85c,2022-08-15,1,18.52,18.52,18.52
2299a7d6-793b-40ba-8037-a8476745f85c,2022-08-29,3,25,21,41
2299a7d6-793b-40ba-8037-a8476745f85c,2022-09-12,1,20.49,20.49,20.49
2299a7d6-793b-40ba-8037-a8476745f85c,2022-09-19,1,20,20,20
2299a7d6-793b-40ba-8037-a8476745f85c,2022-09-26,1,25,25,25
2299a7d6-793b-40ba-8037-a8476745f85c,2022-10-03,1,20.5,20.5,20.5
2299a7d6-793b-40ba-8037-a8476745f85c,2022-10-17,1,32.99,32.99,32.99
2299a7d6-793b-40ba-8037-a8476745f85c,2022-10-24,3,23,15.5,25.88
2299a7d6-793b-40ba-8037-a8476745f85c,2022-10-31,1,30,30,30
2299a7d6-793b-40ba-8037-a8476745f85c,2022-11-07,1,32,32,32
2299a7d6-793b-40ba-8037-a8476745f85c,2022-12-05,2,27.37,24.88,29.85
2299a7d6-793b-40ba-8037-a8476745f85c,2022-12-19,1,20.5,20.5,20.5
2299a7d6-793b-40ba-8037-a8476745f85c,2023-01-02,2,20.25,20,20.5
2299a7d6-793b-40ba-8037-a8476745f85c,2023-01-16,1,32.4,32.4,32.4
2299a7d6-793b-40ba-8037-a8476745f85c,2023-01-23,1,30,30,30
2299a7d6-793b-40ba-8037-a8476745f85c,2023-01-30,1,12.11,12.11,12.11
2299a7d6-793b-40ba-8037-a8476745f85c,2023-02-06,1,25,25,25
2299a7d6-793b-40ba-8037-a8476745f85c,2023-02-20,2,20.75,18,23.5
2299a7d6-793b-40ba-8037-a8476745f85c,2023-02-27,1,28.89,28.89,28.89
2299a7d6-793b-40ba-8037-a8476745f85c,2023-03-06,2,20.5,15,26
2299a7d6-793b-40ba-8037-a8476745f85c,2023-03-13,1,28.89,28.89,28.89
2299a7d6-793b-40ba-8037-a8476745f85c,2023-03-20,1,15,15,15
2299a7d6-793b-40ba-8037-a8476745f85c,2023-04-10,1,20.5,20.5,20.5
2299a7d6-793b-40ba-8037-a8476745f85c,2023-05-01,1,19.5,19.5,19.5
2299a7d6-793b-40ba-8037-a8476745f85c,2023-05-08,2,21.84,18.69,24.99
2299a7d6-793b-40ba-8037-a8476745f85c,2023-05-22,1,21.5,21.5,21.5
2299a7d6-793b-40ba-8037-a8476745f85c,2023-06-05,1,26.98,26.98,26.98
2299a7d6-793b-40ba-8037-a8476745f85c,2023-06-12,1,13.58,13.58,13.58
2299a7d6-793b-40ba-8037-a8476745f85c,2023-06-19,1,20,20,20
2299a7d6-793b-40ba-8037-a8476745f85c,2023-06-26,1,37.76,37.76,37.76
2299a7d6-793b-40ba-8037-a8476745f85c,2023-07-03,3,18.99,15,21.5
2299a7d6-793b-40ba-8037-a8476745f85c,2023-07-17,2,22.99,18,27.99
2299a7d6-793b-40ba-8037-a8476745f85c,2023-07-24,1,20.5,20.5,20.5
2299a7d6-793b-40ba-8037-a8476745f85c,2023-07-31,1,34.25,34.25,34.25
2299a7d6-793b-40ba-8037-a8476745f85c,2023-08-14,1,18,18,18
2299a7d6-793b-40ba-8037-a8476745f85c,2023-08-28,1,21,21,21
2299a7d6-793b-40ba-8037-a8476745f85c,2023-09-04,1,25.2,25.2,25.2
2299a7d6-793b-40ba-8037-a8476745f85c,2023-09-18,1,21.5,21.5,21.5
2299a7d6-793b-40ba-8037-a8476745f85c,2023-09-25,1,22.5,22.5,22.5
2299a7d6-793b-40ba-8037-a8476745f85c,2023-10-23,2,20.07,19.75,20.4
2299a7d6-793b-40ba-8037-a8476745f85c,2023-11-27,1,20.5,20.5,20.5
2299a7d6-793b-40ba-8037-a8476745f85c,2023-12-04,1,13.5,13.5,13.5
2299a7d6-793b-40ba-8037-a8476745f85c,2024-01-01,2,20.71,16.5,24.92
2299a7d6-793b-40ba-8037-a8476745f85c,2024-02-05,2,20.8,20,21.6
2299a7d6-793b-40ba-8037-a8476745f85c,2024-02-12,1,21,21,21
2299a7d6-793b-40ba-8037-a8476745f85c,2024-02-26,1,24.7,24.7,24.7
2299a7d6-793b-40ba-8037-a8476745f85c,2024-03-04,1,20.4,20.4,20.4
2299a7d6-793b-40ba-8037-a8476745f85c,2024-03-11,2,17.29,14.57,20.01
2299a7d6-793b-40ba-8037-a8476745f85c,2024-03-18,1,34.99,34.99,34.99
2299a7d6-793b-40ba-8037-a8476745f85c,2024-03-25,1,20,20,20
2299a7d6-793b-40ba-8037-a8476745f85c,2024-05-20,1,16.5,16.5,16.5
2299a7d6-793b-40ba-8037-a8476745f85c,2024-07-01,2,21.49,18,24.99
2299a7d6-793b-40ba-8037-a8476745f85c,2024-07-22,1,19.2,19.2,19.2
2299a7d6-793b-40ba-8037-a8476745f85c,2024-07-29,2,14.99,9.99,19.99
2299a7d6-793b-40ba-8037-a8476745f85c,2024-08-19,1,19.99,19.99,19.99
2299a7d6-793b-40ba-8037-a8476745f85c,2024-10-21,1,20,20,20
2299a7d6-793b-40ba-8037-a8476745f85c,2024-11-04,1,11.5,11.5,11.5
2299a7d6-793b-40ba-8037-a8476745f85c,2024-11-25,1,18.5,18.5,18.5
2299a7d6-793b-40ba-8037-a8476745f85c,2024-12-02,1,13.55,13.55,13.55
2299a7d6-793b-40ba-8037-a8476745f85c,2025-01-06,1,20,20,20
2299a7d6-793b-40ba-8037-a8476745f85c,2025-01-13,1,34.25,34.25,34.25
2299a7d6-793b-40ba-8037-a8476745f85c,2025-02-24,1,18.5,18.5,18.5
2299a7d6-793b-40ba-8037-a8476745f85c,2025-03-03,1,15.5,15.5,15.5
2299a7d6-793b-40ba-8037-a8476745f85c,2025-03-10,1,15,15,15
2299a7d6-793b-40ba-8037-a8476745f85c,2025-03-17,1,29.95,29.95,29.95
2299a7d6-793b-40ba-8037-a8476745f85c,2025-03-31,2,18.98,15,22.95
2299a7d6-793b-40ba-8037-a8476745f85c,2025-04-07,1,24,24,24
2299a7d6-793b-40ba-8037-a8476745f85c,2025-06-16,1,16.01,16.01,16.01
2299a7d6-793b-40ba-8037-a8476745f85c,2025-08-11,1,25.99,25.99,25.99
2299a7d6-793b-40ba-8037-a8476745f85c,2025-08-25,1,17,17,17
2299a7d6-793b-40ba-8037-a8476745f85c,2025-09-01,1,27.6,27.6,27.6
2299a7d6-793b-40ba-8037-a8476745f85c,2025-09-22,1,39.99,39.99,39.99
2299a7d6-793b-40ba-8037-a8476745f85c,2025-10-06,2,27.5,26,29
2299a7d6-793b-40ba-8037-a8476745f85c,2025-10-20,1,29,29,29
2299a7d6-793b-40ba-8037-a8476745f85c,2025-10-27,1,27.5,27.5,27.5
2299a7d6-793b-40ba-8037-a8476745f85c,2025-11-10,1,29,29,29
2299a7d6-793b-40ba-8037-a8476745f85c,2025-11-24,1,35,35,35
2299a7d6-793b-40ba-8037-a8476745f85c,2025-12-15,2,32.89,25,40.79
2299a7d6-793b-40ba-8037-a8476745f85c,2025-12-22,1,50,50,50
2299a7d6-793b-40ba-8037-a8476745f85c,2026-01-19,2,36.5,34,39
2299a7d6-793b-40ba-8037-a8476745f85c,2026-02-09,1,12.5,12.5,12.5
2299a7d6-793b-40ba-8037-a8476745f85c,2026-03-02,1,26.99,26.99,26.99
2299a7d6-793b-40ba-8037-a8476745f85c,2026-03-23,1,51.51,51.51,51.51
2299a7d6-793b-40ba-8037-a8476745f85c,2026-04-13,1,40,40,40
2299a7d6-793b-40ba-8037-a8476745f85c,2026-05-11,2,34.44,32.4,36.47
2299a7d6-793b-40ba-8037-a8476745f85c,2026-05-25,1,33,33,33
2299a7d6-793b-40ba-8037-a8476745f85c,2026-06-01,1,25,25,25
2299a7d6-793b-40ba-8037-a8476745f85c,2026-06-29,1,23,23,23
2299a7d6-793b-40ba-8037-a8476745f85c,2026-07-20,1,18.04,18.04,18.04
2299a7d6-793b-40ba-8037-a8476745f85c,2026-08-17,1,46.61,46.61,46.61
2299cd02-ce75-482d-8e2f-059aea822959,2025-07-21,1,114.99,114.99,114.99
2299cd02-ce75-482d-8e2f-059aea822959,2025-08-11,1,55,55,55
2299cd02-ce75-482d-8e2f-059aea822959,2026-02-16,1,85,85,85
2299cd02-ce75-482d-8e2f-059aea822959,2026-03-09,1,100,100,100
2299cd02-ce75-482d-8e2f-059aea822959,2026-08-10,1,142.5,142.5,142.5
2299cd02-ce75-482d-8e2f-059aea822959,2026-08-24,1,150,150,150
2299ef8c-13c5-4cd9-8605-16ed302250d4,2026-08-24,1,57,57,57
229b9507-5e60-4df5-a3b4-f26ad2ddaff7,2023-03-20,1,292.36,292.36,292.36
229b9507-5e60-4df5-a3b4-f26ad2ddaff7,2023-05-15,1,128.49,128.49,128.49
229b9507-5e60-4df5-a3b4-f26ad2ddaff7,2024-03-04,1,99.99,99.99,99.99
229b9507-5e60-4df5-a3b4-f26ad2ddaff7,2024-05-06,1,74.99,74.99,74.99
229b9507-5e60-4df5-a3b4-f26ad2ddaff7,2024-08-26,1,92.33,92.33,92.33
229b9507-5e60-4df5-a3b4-f26ad2ddaff7,2025-04-28,1,79,79,79
229b9507-5e60-4df5-a3b4-f26ad2ddaff7,2025-05-26,1,110,110,110
229b9507-5e60-4df5-a3b4-f26ad2ddaff7,2025-09-01,1,200,200,200
229b9507-5e60-4df5-a3b4-f26ad2ddaff7,2025-11-03,1,261.25,261.25,261.25
229b9507-5e60-4df5-a3b4-f26ad2ddaff7,2026-04-06,1,450,450,450
229b9507-5e60-4df5-a3b4-f26ad2ddaff7,2026-05-04,3,599,449,630
229b9507-5e60-4df5-a3b4-f26ad2ddaff7,2026-05-11,1,432,432,432
229b9507-5e60-4df5-a3b4-f26ad2ddaff7,2026-06-08,1,480,480,480
229b9507-5e60-4df5-a3b4-f26ad2ddaff7,2026-06-15,1,760,760,760
229b9507-5e60-4df5-a3b4-f26ad2ddaff7,2026-06-29,1,760,760,760
229b9507-5e60-4df5-a3b4-f26ad2ddaff7,2026-08-10,1,700,700,700
229c5708-3da2-4529-84d1-27e4b9189151,2023-10-16,1,80,80,80
229c5708-3da2-4529-84d1-27e4b9189151,2025-02-24,1,16.5,16.5,16.5
229c5708-3da2-4529-84d1-27e4b9189151,2025-10-06,1,30,30,30
229c5708-3da2-4529-84d1-27e4b9189151,2026-02-02,1,23.5,23.5,23.5
229c5708-3da2-4529-84d1-27e4b9189151,2026-03-16,1,62.95,62.95,62.95
229cae34-18e7-494f-83cf-11a584a4eaeb,2025-06-30,1,59,59,59
229cae34-18e7-494f-83cf-11a584a4eaeb,2025-09-08,1,108,108,108
229cae34-18e7-494f-83cf-11a584a4eaeb,2025-09-15,1,114,114,114
229cae34-18e7-494f-83cf-11a584a4eaeb,2025-12-15,1,100,100,100
229cae34-18e7-494f-83cf-11a584a4eaeb,2026-01-05,1,75,75,75
229cae34-18e7-494f-83cf-11a584a4eaeb,2026-02-09,1,80,80,80
229cae34-18e7-494f-83cf-11a584a4eaeb,2026-03-30,1,130,130,130
229cae34-18e7-494f-83cf-11a584a4eaeb,2026-04-13,1,140,140,140
229cae34-18e7-494f-83cf-11a584a4eaeb,2026-05-18,1,149.99,149.99,149.99
229cae34-18e7-494f-83cf-11a584a4eaeb,2026-09-14,1,52,52,52
229ce4c2-e7c8-484a-a72a-72cd59ab1df7,2022-05-23,1,79.95,79.95,79.95
229ce4c2-e7c8-484a-a72a-72cd59ab1df7,2022-10-10,1,22.8,22.8,22.8
229ce4c2-e7c8-484a-a72a-72cd59ab1df7,2022-10-24,1,37.5,37.5,37.5
229ce4c2-e7c8-484a-a72a-72cd59ab1df7,2022-11-14,1,27,27,27
229ce4c2-e7c8-484a-a72a-72cd59ab1df7,2022-12-05,1,25,25,25
229ce4c2-e7c8-484a-a72a-72cd59ab1df7,2022-12-12,1,23.37,23.37,23.37
229ce4c2-e7c8-484a-a72a-72cd59ab1df7,2023-01-30,1,20.5,20.5,20.5
229ce4c2-e7c8-484a-a72a-72cd59ab1df7,2023-02-13,1,18.5,18.5,18.5
229ce4c2-e7c8-484a-a72a-72cd59ab1df7,2023-02-27,1,31.9,31.9,31.9
229ce4c2-e7c8-484a-a72a-72cd59ab1df7,2023-03-13,1,33,33,33
229ce4c2-e7c8-484a-a72a-72cd59ab1df7,2023-04-10,1,31.11,31.11,31.11
229ce4c2-e7c8-484a-a72a-72cd59ab1df7,2023-04-24,1,19.99,19.99,19.99
229ce4c2-e7c8-484a-a72a-72cd59ab1df7,2023-05-15,1,20.5,20.5,20.5
229ce4c2-e7c8-484a-a72a-72cd59ab1df7,2023-05-29,1,23.81,23.81,23.81
229ce4c2-e7c8-484a-a72a-72cd59ab1df7,2023-10-02,1,10,10,10
229ce4c2-e7c8-484a-a72a-72cd59ab1df7,2023-11-13,1,19.5,19.5,19.5
229ce4c2-e7c8-484a-a72a-72cd59ab1df7,2023-11-20,1,15.5,15.5,15.5
229ce4c2-e7c8-484a-a72a-72cd59ab1df7,2023-11-27,1,40.41,40.41,40.41
229ce4c2-e7c8-484a-a72a-72cd59ab1df7,2024-02-19,1,20.4,20.4,20.4
229ce4c2-e7c8-484a-a72a-72cd59ab1df7,2024-03-04,1,14,14,14
229ce4c2-e7c8-484a-a72a-72cd59ab1df7,2024-09-23,1,26.99,26.99,26.99
229ce4c2-e7c8-484a-a72a-72cd59ab1df7,2024-10-21,1,26.99,26.99,26.99
229ce4c2-e7c8-484a-a72a-72cd59ab1df7,2025-02-17,1,30,30,30
229ce4c2-e7c8-484a-a72a-72cd59ab1df7,2025-05-26,1,20.01,20.01,20.01
229ce4c2-e7c8-484a-a72a-72cd59ab1df7,2025-08-04,1,37,37,37
229ce4c2-e7c8-484a-a72a-72cd59ab1df7,2025-10-06,1,18.5,18.5,18.5
229ce4c2-e7c8-484a-a72a-72cd59ab1df7,2025-10-20,1,18.5,18.5,18.5
229ce4c2-e7c8-484a-a72a-72cd59ab1df7,2025-11-03,1,35,35,35
229ce4c2-e7c8-484a-a72a-72cd59ab1df7,2025-11-10,1,31,31,31
229ce4c2-e7c8-484a-a72a-72cd59ab1df7,2025-12-22,1,18.5,18.5,18.5
229ce4c2-e7c8-484a-a72a-72cd59ab1df7,2026-07-06,1,60,60,60
229d3b85-932f-450c-8456-62eb051f4883,2024-06-17,1,275,275,275
229d3b85-932f-450c-8456-62eb051f4883,2024-06-24,1,240,240,240
229d3b85-932f-450c-8456-62eb051f4883,2024-07-01,2,210.75,201.5,220
229d3b85-932f-450c-8456-62eb051f4883,2024-07-08,2,226.5,225.01,228
229d3b85-932f-450c-8456-62eb051f4883,2024-07-15,1,282.83,282.83,282.83
229d3b85-932f-450c-8456-62eb051f4883,2024-07-29,1,215.5,215.5,215.5
229d3b85-932f-450c-8456-62eb051f4883,2024-08-05,2,245,230,260
229d3b85-932f-450c-8456-62eb051f4883,2024-08-12,1,260,260,260
229d3b85-932f-450c-8456-62eb051f4883,2024-08-26,2,244.97,229.95,260
229d3b85-932f-450c-8456-62eb051f4883,2024-09-09,1,207.5,207.5,207.5
229d3b85-932f-450c-8456-62eb051f4883,2024-09-30,1,250,250,250
229d3b85-932f-450c-8456-62eb051f4883,2024-10-14,1,325,325,325
229d3b85-932f-450c-8456-62eb051f4883,2024-10-21,2,248,230,266
229d3b85-932f-450c-8456-62eb051f4883,2024-11-04,1,208.93,208.93,208.93
229d3b85-932f-450c-8456-62eb051f4883,2024-11-11,2,213.75,176,251.5
229d3b85-932f-450c-8456-62eb051f4883,2024-11-18,1,242.5,242.5,242.5
229d3b85-932f-450c-8456-62eb051f4883,2024-11-25,1,235,235,235
229d3b85-932f-450c-8456-62eb051f4883,2024-12-02,1,276,276,276
229d3b85-932f-450c-8456-62eb051f4883,2024-12-09,2,234.95,234.9,235
229d3b85-932f-450c-8456-62eb051f4883,2024-12-23,3,229.98,210,230
229d3b85-932f-450c-8456-62eb051f4883,2024-12-30,1,224.94,224.94,224.94
229d3b85-932f-450c-8456-62eb051f4883,2025-01-06,2,276.17,253.34,299
229d3b85-932f-450c-8456-62eb051f4883,2025-01-20,3,285.99,284.95,299.99
229d3b85-932f-450c-8456-62eb051f4883,2025-01-27,7,300,250,332
229d3b85-932f-450c-8456-62eb051f4883,2025-02-03,2,315,279.99,350
229d3b85-932f-450c-8456-62eb051f4883,2025-02-10,3,300,295,329.99
229d3b85-932f-450c-8456-62eb051f4883,2025-02-17,1,349.97,349.97,349.97
229d3b85-932f-450c-8456-62eb051f4883,2025-02-24,2,337.75,305,370.51
229d3b85-932f-450c-8456-62eb051f4883,2025-03-03,3,315,300,511
229d3b85-932f-450c-8456-62eb051f4883,2025-03-10,2,322.35,292.97,351.73
229d3b85-932f-450c-8456-62eb051f4883,2025-03-17,1,285,285,285
229d3b85-932f-450c-8456-62eb051f4883,2025-03-24,1,320,320,320
229d3b85-932f-450c-8456-62eb051f4883,2025-03-31,2,311.5,310,313
229d3b85-932f-450c-8456-62eb051f4883,2025-04-07,2,317.5,310,325
229d3b85-932f-450c-8456-62eb051f4883,2025-04-14,2,304.75,289.5,320
229d3b85-932f-450c-8456-62eb051f4883,2025-04-21,1,330,330,330
229d3b85-932f-450c-8456-62eb051f4883,2025-04-28,2,316,297,335
229d3b85-932f-450c-8456-62eb051f4883,2025-05-05,1,380,380,380
229d3b85-932f-450c-8456-62eb051f4883,2025-05-12,2,332.5,330,335
229d3b85-932f-450c-8456-62eb051f4883,2025-05-19,2,337.5,325,350
229d3b85-932f-450c-8456-62eb051f4883,2025-05-26,6,355,325,403.76
229d3b85-932f-450c-8456-62eb051f4883,2025-06-02,2,345.44,335.89,355
229d3b85-932f-450c-8456-62eb051f4883,2025-06-09,3,339.99,305,360
229d3b85-932f-450c-8456-62eb051f4883,2025-06-16,1,345,345,345
229d3b85-932f-450c-8456-62eb051f4883,2025-06-23,1,380,380,380
229d3b85-932f-450c-8456-62eb051f4883,2025-06-30,3,394,376.19,400
229d3b85-932f-450c-8456-62eb051f4883,2025-07-07,1,370,370,370
229d3b85-932f-450c-8456-62eb051f4883,2025-07-14,2,483.75,380,587.51
229d3b85-932f-450c-8456-62eb051f4883,2025-07-21,3,360.64,350,380
229d3b85-932f-450c-8456-62eb051f4883,2025-07-28,2,375,365,384.99
229d3b85-932f-450c-8456-62eb051f4883,2025-08-04,2,409,400,418
229d3b85-932f-450c-8456-62eb051f4883,2025-08-11,1,419.99,419.99,419.99
229d3b85-932f-450c-8456-62eb051f4883,2025-08-18,2,370,360,380
229d3b85-932f-450c-8456-62eb051f4883,2025-08-25,2,389.5,380,399
229d3b85-932f-450c-8456-62eb051f4883,2025-09-01,2,365.5,359,372
229d3b85-932f-450c-8456-62eb051f4883,2025-09-08,1,499,499,499
229d3b85-932f-450c-8456-62eb051f4883,2025-09-22,2,436.5,408,465
229d3b85-932f-450c-8456-62eb051f4883,2025-10-06,2,434.84,425,444.67
229d3b85-932f-450c-8456-62eb051f4883,2025-10-13,1,420,420,420
229d3b85-932f-450c-8456-62eb051f4883,2025-10-20,1,405,405,405
229d3b85-932f-450c-8456-62eb051f4883,2025-10-27,3,468,455,526.01
229d3b85-932f-450c-8456-62eb051f4883,2025-11-03,1,460,460,460
229d3b85-932f-450c-8456-62eb051f4883,2025-11-10,2,360.5,306,415
229d3b85-932f-450c-8456-62eb051f4883,2025-11-24,1,460,460,460
229d3b85-932f-450c-8456-62eb051f4883,2025-12-08,1,459.99,459.99,459.99
229d3b85-932f-450c-8456-62eb051f4883,2025-12-15,4,384.5,360,425
229d3b85-932f-450c-8456-62eb051f4883,2025-12-22,1,606.06,606.06,606.06
229d3b85-932f-450c-8456-62eb051f4883,2025-12-29,3,437,400,450
229d3b85-932f-450c-8456-62eb051f4883,2026-01-05,3,425,395,521.08
229d3b85-932f-450c-8456-62eb051f4883,2026-01-12,1,441,441,441
229d3b85-932f-450c-8456-62eb051f4883,2026-01-19,1,405.01,405.01,405.01
229d3b85-932f-450c-8456-62eb051f4883,2026-01-26,2,430,400,460
229d3b85-932f-450c-8456-62eb051f4883,2026-02-02,2,421,372,470
229d3b85-932f-450c-8456-62eb051f4883,2026-02-09,1,374,374,374
229d3b85-932f-450c-8456-62eb051f4883,2026-02-16,1,373.5,373.5,373.5
229d3b85-932f-450c-8456-62eb051f4883,2026-02-23,1,416.99,416.99,416.99
229d3b85-932f-450c-8456-62eb051f4883,2026-03-02,2,382.5,365,400
229d3b85-932f-450c-8456-62eb051f4883,2026-03-16,1,350,350,350
229d3b85-932f-450c-8456-62eb051f4883,2026-03-23,5,400,400,425
229d3b85-932f-450c-8456-62eb051f4883,2026-03-30,3,460,425,479.99
229d3b85-932f-450c-8456-62eb051f4883,2026-04-06,4,422.5,420,450
229d3b85-932f-450c-8456-62eb051f4883,2026-04-13,2,450,420,479.99
229d3b85-932f-450c-8456-62eb051f4883,2026-04-20,4,365,357.03,430
229d3b85-932f-450c-8456-62eb051f4883,2026-04-27,2,362.5,360,365
229d3b85-932f-450c-8456-62eb051f4883,2026-05-04,2,403.26,398.53,408
229d3b85-932f-450c-8456-62eb051f4883,2026-05-11,2,330,324,336
229d3b85-932f-450c-8456-62eb051f4883,2026-05-18,1,408.96,408.96,408.96
229d3b85-932f-450c-8456-62eb051f4883,2026-05-25,2,348.65,333.5,363.8
229d3b85-932f-450c-8456-62eb051f4883,2026-06-01,2,387.5,375,400
229d3b85-932f-450c-8456-62eb051f4883,2026-06-08,1,340,340,340
229d3b85-932f-450c-8456-62eb051f4883,2026-06-15,3,400,373.07,405
229d3b85-932f-450c-8456-62eb051f4883,2026-06-22,1,413.58,413.58,413.58
229d3b85-932f-450c-8456-62eb051f4883,2026-06-29,2,429.43,413.85,445
229d3b85-932f-450c-8456-62eb051f4883,2026-07-06,2,380,375,385
229d3b85-932f-450c-8456-62eb051f4883,2026-07-13,1,355,355,355
229d3b85-932f-450c-8456-62eb051f4883,2026-07-20,1,325,325,325
229d3b85-932f-450c-8456-62eb051f4883,2026-07-27,2,303.9,274.8,333
229d3b85-932f-450c-8456-62eb051f4883,2026-08-03,2,365,350,380
229d3b85-932f-450c-8456-62eb051f4883,2026-08-10,1,295,295,295
229d3b85-932f-450c-8456-62eb051f4883,2026-08-17,1,330,330,330
229d3b85-932f-450c-8456-62eb051f4883,2026-08-24,1,354,354,354
229d3b85-932f-450c-8456-62eb051f4883,2026-08-31,1,290.55,290.55,290.55
229dda94-7413-43b2-a12d-1cfaf55d7253,2022-07-18,1,400,400,400
229dda94-7413-43b2-a12d-1cfaf55d7253,2022-10-24,1,477.08,477.08,477.08
229dda94-7413-43b2-a12d-1cfaf55d7253,2022-12-12,1,365,365,365
229dda94-7413-43b2-a12d-1cfaf55d7253,2022-12-26,1,328.9,328.9,328.9
229dda94-7413-43b2-a12d-1cfaf55d7253,2023-03-06,2,377.5,350,405
229dda94-7413-43b2-a12d-1cfaf55d7253,2023-04-17,1,499.99,499.99,499.99
229dda94-7413-43b2-a12d-1cfaf55d7253,2023-09-11,1,400,400,400
229dda94-7413-43b2-a12d-1cfaf55d7253,2023-09-18,1,516,516,516
229dda94-7413-43b2-a12d-1cfaf55d7253,2023-10-09,1,590,590,590
229dda94-7413-43b2-a12d-1cfaf55d7253,2023-10-23,1,720,720,720
229dda94-7413-43b2-a12d-1cfaf55d7253,2023-10-30,1,406,406,406
229dda94-7413-43b2-a12d-1cfaf55d7253,2023-11-13,1,455,455,455
229dda94-7413-43b2-a12d-1cfaf55d7253,2023-11-27,1,400,400,400
229dda94-7413-43b2-a12d-1cfaf55d7253,2023-12-04,1,348,348,348
229dda94-7413-43b2-a12d-1cfaf55d7253,2023-12-11,1,400,400,400
229dda94-7413-43b2-a12d-1cfaf55d7253,2023-12-18,1,324,324,324
229dda94-7413-43b2-a12d-1cfaf55d7253,2024-01-22,1,312,312,312
229dda94-7413-43b2-a12d-1cfaf55d7253,2024-02-12,2,400.72,372,429.44
229dda94-7413-43b2-a12d-1cfaf55d7253,2024-02-19,1,343.89,343.89,343.89
229dda94-7413-43b2-a12d-1cfaf55d7253,2024-02-26,2,471,443,499
229dda94-7413-43b2-a12d-1cfaf55d7253,2024-03-18,1,500,500,500
229dda94-7413-43b2-a12d-1cfaf55d7253,2024-06-03,1,410,410,410
229dda94-7413-43b2-a12d-1cfaf55d7253,2024-06-10,1,315,315,315
229dda94-7413-43b2-a12d-1cfaf55d7253,2024-06-17,2,446.93,422.86,471
229dda94-7413-43b2-a12d-1cfaf55d7253,2024-07-01,1,475,475,475
229dda94-7413-43b2-a12d-1cfaf55d7253,2024-07-08,2,369.5,348,391
229dda94-7413-43b2-a12d-1cfaf55d7253,2024-07-15,1,327,327,327
229dda94-7413-43b2-a12d-1cfaf55d7253,2024-07-22,2,312.5,300,325
229dda94-7413-43b2-a12d-1cfaf55d7253,2024-08-05,2,289,273,305
229dda94-7413-43b2-a12d-1cfaf55d7253,2024-08-12,1,236.5,236.5,236.5
229dda94-7413-43b2-a12d-1cfaf55d7253,2024-08-26,1,305,305,305
229dda94-7413-43b2-a12d-1cfaf55d7253,2024-10-14,2,270.5,216,325
229dda94-7413-43b2-a12d-1cfaf55d7253,2024-10-21,1,324.99,324.99,324.99
229dda94-7413-43b2-a12d-1cfaf55d7253,2024-10-28,1,290,290,290
229dda94-7413-43b2-a12d-1cfaf55d7253,2024-11-18,1,334.96,334.96,334.96
229dda94-7413-43b2-a12d-1cfaf55d7253,2024-11-25,1,251.32,251.32,251.32
229dda94-7413-43b2-a12d-1cfaf55d7253,2024-12-23,1,290,290,290
229dda94-7413-43b2-a12d-1cfaf55d7253,2024-12-30,1,255.5,255.5,255.5
229dda94-7413-43b2-a12d-1cfaf55d7253,2025-01-06,1,305,305,305
229dda94-7413-43b2-a12d-1cfaf55d7253,2025-01-13,1,300,300,300
229dda94-7413-43b2-a12d-1cfaf55d7253,2025-01-20,1,300,300,300
229dda94-7413-43b2-a12d-1cfaf55d7253,2025-02-03,1,335,335,335
229dda94-7413-43b2-a12d-1cfaf55d7253,2025-02-17,1,280,280,280
229dda94-7413-43b2-a12d-1cfaf55d7253,2025-02-24,2,337.49,324.99,349.99
229dda94-7413-43b2-a12d-1cfaf55d7253,2025-03-10,2,315,289.99,340
229dda94-7413-43b2-a12d-1cfaf55d7253,2025-03-31,1,385.68,385.68,385.68
229dda94-7413-43b2-a12d-1cfaf55d7253,2025-04-28,2,375,359.99,390
229dda94-7413-43b2-a12d-1cfaf55d7253,2025-05-26,2,530,510,550
229dda94-7413-43b2-a12d-1cfaf55d7253,2025-06-23,1,630,630,630
229dda94-7413-43b2-a12d-1cfaf55d7253,2025-07-07,1,696,696,696
229dda94-7413-43b2-a12d-1cfaf55d7253,2025-07-14,1,850,850,850
229dda94-7413-43b2-a12d-1cfaf55d7253,2025-08-18,2,862.25,840.5,884
229dda94-7413-43b2-a12d-1cfaf55d7253,2025-10-06,2,1030,960,1100
229dda94-7413-43b2-a12d-1cfaf55d7253,2025-10-13,1,1189,1189,1189
229dda94-7413-43b2-a12d-1cfaf55d7253,2025-11-03,1,679.99,679.99,679.99
229dda94-7413-43b2-a12d-1cfaf55d7253,2025-11-10,1,660,660,660
229dda94-7413-43b2-a12d-1cfaf55d7253,2025-11-24,2,619,588,650
229dda94-7413-43b2-a12d-1cfaf55d7253,2025-12-01,2,810,620,1000
229dda94-7413-43b2-a12d-1cfaf55d7253,2025-12-08,1,775.43,775.43,775.43
229dda94-7413-43b2-a12d-1cfaf55d7253,2026-01-19,1,677,677,677
229dda94-7413-43b2-a12d-1cfaf55d7253,2026-01-26,1,710,710,710
229dda94-7413-43b2-a12d-1cfaf55d7253,2026-02-09,1,712,712,712
229dda94-7413-43b2-a12d-1cfaf55d7253,2026-02-23,2,870,740,1000
229dda94-7413-43b2-a12d-1cfaf55d7253,2026-03-02,1,759.72,759.72,759.72
229dda94-7413-43b2-a12d-1cfaf55d7253,2026-04-20,1,2550,2550,2550
229dda94-7413-43b2-a12d-1cfaf55d7253,2026-04-27,1,2499.99,2499.99,2499.99
229dda94-7413-43b2-a12d-1cfaf55d7253,2026-05-18,2,2637.5,2500,2775
229dda94-7413-43b2-a12d-1cfaf55d7253,2026-05-25,1,2581.2,2581.2,2581.2
229dda94-7413-43b2-a12d-1cfaf55d7253,2026-06-01,1,3000,3000,3000
229dda94-7413-43b2-a12d-1cfaf55d7253,2026-07-06,1,2548.8,2548.8,2548.8
229dda94-7413-43b2-a12d-1cfaf55d7253,2026-07-13,3,2200,1890,2850
229dda94-7413-43b2-a12d-1cfaf55d7253,2026-07-27,2,2703.05,2475,2931.1
229dda94-7413-43b2-a12d-1cfaf55d7253,2026-08-10,1,2600,2600,2600
229dda94-7413-43b2-a12d-1cfaf55d7253,2026-08-31,1,2125,2125,2125
229dda94-7413-43b2-a12d-1cfaf55d7253,2026-09-07,1,1920,1920,1920
22a117dd-eb05-4996-9e1b-05c825597009,2024-08-05,1,186,186,186
22a117dd-eb05-4996-9e1b-05c825597009,2024-08-12,1,167.5,167.5,167.5
22a117dd-eb05-4996-9e1b-05c825597009,2024-11-04,1,147.5,147.5,147.5
22a117dd-eb05-4996-9e1b-05c825597009,2025-01-13,1,183.5,183.5,183.5
22a117dd-eb05-4996-9e1b-05c825597009,2025-02-03,1,181.5,181.5,181.5
22a117dd-eb05-4996-9e1b-05c825597009,2025-02-10,1,185,185,185
22a117dd-eb05-4996-9e1b-05c825597009,2025-06-02,1,510,510,510
22a117dd-eb05-4996-9e1b-05c825597009,2025-06-30,1,255,255,255
22a117dd-eb05-4996-9e1b-05c825597009,2026-02-23,1,750,750,750
22a117dd-eb05-4996-9e1b-05c825597009,2026-06-15,1,700,700,700
22a117dd-eb05-4996-9e1b-05c825597009,2026-06-29,1,700,700,700
22a117dd-eb05-4996-9e1b-05c825597009,2026-08-03,1,870,870,870
22a2a7f7-2436-4fc2-beea-ad79b69b2320,2025-06-02,1,70,70,70
22a2a7f7-2436-4fc2-beea-ad79b69b2320,2026-08-10,1,79,79,79
22a4a0aa-a8a3-4c2c-a478-a873ff849029,2024-08-19,2,51.84,51,52.69
22a4a0aa-a8a3-4c2c-a478-a873ff849029,2024-08-26,1,46,46,46
22a4a0aa-a8a3-4c2c-a478-a873ff849029,2024-12-02,1,49,49,49
22a4a0aa-a8a3-4c2c-a478-a873ff849029,2024-12-30,1,69.99,69.99,69.99
22a4a0aa-a8a3-4c2c-a478-a873ff849029,2025-02-17,1,52,52,52
22a4a0aa-a8a3-4c2c-a478-a873ff849029,2025-02-24,1,88,88,88
22a4a0aa-a8a3-4c2c-a478-a873ff849029,2025-03-24,1,132.5,132.5,132.5
22a4a0aa-a8a3-4c2c-a478-a873ff849029,2025-04-28,1,79.99,79.99,79.99
22a4a0aa-a8a3-4c2c-a478-a873ff849029,2025-05-12,1,90,90,90
22a4a0aa-a8a3-4c2c-a478-a873ff849029,2025-06-09,1,116.64,116.64,116.64
22a4a0aa-a8a3-4c2c-a478-a873ff849029,2025-06-30,1,119.99,119.99,119.99
22a4a0aa-a8a3-4c2c-a478-a873ff849029,2025-08-11,1,57,57,57
22a4a0aa-a8a3-4c2c-a478-a873ff849029,2025-12-08,1,87.33,87.33,87.33
22a4a0aa-a8a3-4c2c-a478-a873ff849029,2026-03-16,1,107.5,107.5,107.5
22a4a0aa-a8a3-4c2c-a478-a873ff849029,2026-03-23,1,150,150,150
22a4a0aa-a8a3-4c2c-a478-a873ff849029,2026-05-25,1,179.5,179.5,179.5
22a4a0aa-a8a3-4c2c-a478-a873ff849029,2026-06-08,1,155.25,155.25,155.25
22a4a0aa-a8a3-4c2c-a478-a873ff849029,2026-06-15,1,169.95,169.95,169.95
22a4a0aa-a8a3-4c2c-a478-a873ff849029,2026-06-29,1,185,185,185
22a4a0aa-a8a3-4c2c-a478-a873ff849029,2026-07-13,2,142.55,125.1,160
22a4a0aa-a8a3-4c2c-a478-a873ff849029,2026-07-20,1,116.17,116.17,116.17
22a4a0aa-a8a3-4c2c-a478-a873ff849029,2026-08-10,3,98.19,86.54,137.5
22a66706-253d-4c72-864a-3a558963501d,2024-10-28,2,47,34,60
22a66706-253d-4c72-864a-3a558963501d,2024-11-11,3,32.3,28,36
22a66706-253d-4c72-864a-3a558963501d,2024-11-18,2,28.99,28,29.99
22a66706-253d-4c72-864a-3a558963501d,2024-11-25,1,38,38,38
22a66706-253d-4c72-864a-3a558963501d,2024-12-02,1,39.99,39.99,39.99
22a66706-253d-4c72-864a-3a558963501d,2024-12-09,1,22.5,22.5,22.5
22a66706-253d-4c72-864a-3a558963501d,2024-12-16,1,40.72,40.72,40.72
22a66706-253d-4c72-864a-3a558963501d,2024-12-23,1,20.4,20.4,20.4
22a66706-253d-4c72-864a-3a558963501d,2025-01-06,1,35,35,35
22a66706-253d-4c72-864a-3a558963501d,2025-01-20,2,37.5,36,38.99
22a66706-253d-4c72-864a-3a558963501d,2025-02-03,2,38,36.99,39
22a66706-253d-4c72-864a-3a558963501d,2025-02-10,1,30,30,30
22a66706-253d-4c72-864a-3a558963501d,2025-02-17,1,47.57,47.57,47.57
22a66706-253d-4c72-864a-3a558963501d,2025-02-24,2,26.52,18.03,35
22a66706-253d-4c72-864a-3a558963501d,2025-03-03,4,30.25,20,38
22a66706-253d-4c72-864a-3a558963501d,2025-03-17,4,30.5,21.5,34.99
22a66706-253d-4c72-864a-3a558963501d,2025-04-21,1,33.53,33.53,33.53
22a66706-253d-4c72-864a-3a558963501d,2025-05-19,1,39.99,39.99,39.99
22a66706-253d-4c72-864a-3a558963501d,2025-06-02,2,29,18,39.99
22a66706-253d-4c72-864a-3a558963501d,2025-06-16,1,25.2,25.2,25.2
22a66706-253d-4c72-864a-3a558963501d,2025-06-23,2,23.6,19.2,28
22a66706-253d-4c72-864a-3a558963501d,2025-07-07,2,21,20.4,21.6
22a66706-253d-4c72-864a-3a558963501d,2025-08-18,1,25,25,25
22a66706-253d-4c72-864a-3a558963501d,2025-09-22,1,30,30,30
22a66706-253d-4c72-864a-3a558963501d,2025-09-29,1,51,51,51
22a66706-253d-4c72-864a-3a558963501d,2025-10-06,1,29,29,29
22a66706-253d-4c72-864a-3a558963501d,2025-11-03,1,40,40,40
22a66706-253d-4c72-864a-3a558963501d,2025-11-10,1,65.84,65.84,65.84
22a66706-253d-4c72-864a-3a558963501d,2025-11-17,1,20,20,20
22a66706-253d-4c72-864a-3a558963501d,2025-12-08,1,20.5,20.5,20.5
22a66706-253d-4c72-864a-3a558963501d,2025-12-15,1,21.01,21.01,21.01
22a66706-253d-4c72-864a-3a558963501d,2026-02-16,2,20.75,20.5,21
22a66706-253d-4c72-864a-3a558963501d,2026-02-23,3,19.5,18.5,22.5
22a66706-253d-4c72-864a-3a558963501d,2026-03-02,1,26,26,26
22a66706-253d-4c72-864a-3a558963501d,2026-03-23,1,31,31,31
22a66706-253d-4c72-864a-3a558963501d,2026-03-30,1,49.99,49.99,49.99
22a66706-253d-4c72-864a-3a558963501d,2026-05-11,1,49.99,49.99,49.99
22a66706-253d-4c72-864a-3a558963501d,2026-05-18,2,34.99,29.99,40
22a66706-253d-4c72-864a-3a558963501d,2026-06-01,3,49,34.4,59.99
22a66706-253d-4c72-864a-3a558963501d,2026-06-08,2,44.45,43.95,44.95
22a66706-253d-4c72-864a-3a558963501d,2026-06-22,1,42.95,42.95,42.95
22a66706-253d-4c72-864a-3a558963501d,2026-09-07,2,54.88,48,61.75
22a6cb87-bb56-477d-9e69-66a41f16e2f5,2022-05-02,1,168,168,168
22a6cb87-bb56-477d-9e69-66a41f16e2f5,2022-10-31,1,165.5,165.5,165.5
22a6cb87-bb56-477d-9e69-66a41f16e2f5,2022-11-28,1,135.67,135.67,135.67
22a6cb87-bb56-477d-9e69-66a41f16e2f5,2022-12-05,1,147.5,147.5,147.5
22a6cb87-bb56-477d-9e69-66a41f16e2f5,2023-01-23,1,131.08,131.08,131.08
22a6cb87-bb56-477d-9e69-66a41f16e2f5,2023-02-27,1,155,155,155
22a6cb87-bb56-477d-9e69-66a41f16e2f5,2023-03-06,1,199.99,199.99,199.99
22a6cb87-bb56-477d-9e69-66a41f16e2f5,2023-04-03,1,170,170,170
22a6cb87-bb56-477d-9e69-66a41f16e2f5,2023-05-08,1,126,126,126
22a6cb87-bb56-477d-9e69-66a41f16e2f5,2023-05-15,1,107.5,107.5,107.5
22a6cb87-bb56-477d-9e69-66a41f16e2f5,2023-08-21,1,160,160,160
22a6cb87-bb56-477d-9e69-66a41f16e2f5,2023-10-02,1,105.6,105.6,105.6
22a6cb87-bb56-477d-9e69-66a41f16e2f5,2023-11-27,1,88.85,88.85,88.85
22a6cb87-bb56-477d-9e69-66a41f16e2f5,2023-12-04,1,76.8,76.8,76.8
22a6cb87-bb56-477d-9e69-66a41f16e2f5,2023-12-11,1,54,54,54
22a6cb87-bb56-477d-9e69-66a41f16e2f5,2024-02-05,1,61,61,61
22a6cb87-bb56-477d-9e69-66a41f16e2f5,2024-02-19,1,84,84,84
22a6cb87-bb56-477d-9e69-66a41f16e2f5,2024-04-01,1,64,64,64
22a6cb87-bb56-477d-9e69-66a41f16e2f5,2024-04-15,1,54,54,54
22a6cb87-bb56-477d-9e69-66a41f16e2f5,2024-06-24,1,107,107,107
22a6cb87-bb56-477d-9e69-66a41f16e2f5,2024-07-01,1,74,74,74
22a6cb87-bb56-477d-9e69-66a41f16e2f5,2025-01-20,1,53,53,53
22a6cb87-bb56-477d-9e69-66a41f16e2f5,2025-03-03,1,56.4,56.4,56.4
22a6cb87-bb56-477d-9e69-66a41f16e2f5,2025-04-14,4,87.6,60,93.6
22a6cb87-bb56-477d-9e69-66a41f16e2f5,2025-05-26,2,107.5,99.99,115
22a6cb87-bb56-477d-9e69-66a41f16e2f5,2025-06-23,1,93.99,93.99,93.99
22a6cb87-bb56-477d-9e69-66a41f16e2f5,2025-07-14,3,132.55,99.99,170
22a6cb87-bb56-477d-9e69-66a41f16e2f5,2025-08-25,2,133.25,100,166.5
22a6cb87-bb56-477d-9e69-66a41f16e2f5,2025-09-15,2,118,91,145
22a6cb87-bb56-477d-9e69-66a41f16e2f5,2025-09-22,1,150,150,150
22a6cb87-bb56-477d-9e69-66a41f16e2f5,2025-10-06,1,176.5,176.5,176.5
22a6cb87-bb56-477d-9e69-66a41f16e2f5,2025-10-13,1,170,170,170
22a6cb87-bb56-477d-9e69-66a41f16e2f5,2025-10-27,1,189.99,189.99,189.99
22a6cb87-bb56-477d-9e69-66a41f16e2f5,2025-12-01,1,105.6,105.6,105.6
22a6cb87-bb56-477d-9e69-66a41f16e2f5,2025-12-08,1,123,123,123
22a6cb87-bb56-477d-9e69-66a41f16e2f5,2026-01-05,1,125,125,125
22a6cb87-bb56-477d-9e69-66a41f16e2f5,2026-01-12,1,124.99,124.99,124.99
22a6cb87-bb56-477d-9e69-66a41f16e2f5,2026-02-09,1,199,199,199
22a6cb87-bb56-477d-9e69-66a41f16e2f5,2026-02-23,1,235,235,235
22a6cb87-bb56-477d-9e69-66a41f16e2f5,2026-03-16,1,610,610,610
22a6cb87-bb56-477d-9e69-66a41f16e2f5,2026-04-06,1,455,455,455
22a6cb87-bb56-477d-9e69-66a41f16e2f5,2026-04-13,1,489.3,489.3,489.3
22a6cb87-bb56-477d-9e69-66a41f16e2f5,2026-08-10,1,303.67,303.67,303.67
22a6cb87-bb56-477d-9e69-66a41f16e2f5,2026-08-17,1,533,533,533
22a787a8-9d71-4d61-9f68-32a5a72963b0,2022-02-21,1,40.55,40.55,40.55
22a787a8-9d71-4d61-9f68-32a5a72963b0,2022-02-28,1,29,29,29
22a787a8-9d71-4d61-9f68-32a5a72963b0,2022-03-07,3,36,32.69,48.5
22a787a8-9d71-4d61-9f68-32a5a72963b0,2022-03-21,4,35.5,33,37
22a787a8-9d71-4d61-9f68-32a5a72963b0,2022-03-28,2,28.25,20.5,36
22a787a8-9d71-4d61-9f68-32a5a72963b0,2022-04-04,1,38,38,38
22a787a8-9d71-4d61-9f68-32a5a72963b0,2022-04-11,1,39,39,39
22a787a8-9d71-4d61-9f68-32a5a72963b0,2022-04-18,3,30,25.49,40
22a787a8-9d71-4d61-9f68-32a5a72963b0,2022-05-09,1,44.99,44.99,44.99
22a787a8-9d71-4d61-9f68-32a5a72963b0,2022-05-16,2,35.2,28,42.41
22a787a8-9d71-4d61-9f68-32a5a72963b0,2022-05-23,1,35,35,35
22a787a8-9d71-4d61-9f68-32a5a72963b0,2022-06-06,2,42,39.99,44
22a787a8-9d71-4d61-9f68-32a5a72963b0,2022-06-13,1,21.72,21.72,21.72
22a787a8-9d71-4d61-9f68-32a5a72963b0,2022-06-20,3,27,21,40
22a787a8-9d71-4d61-9f68-32a5a72963b0,2022-07-04,2,24.35,23.5,25.2
22a787a8-9d71-4d61-9f68-32a5a72963b0,2022-07-11,3,19.2,18,29.99
22a787a8-9d71-4d61-9f68-32a5a72963b0,2022-07-25,3,24.99,14.5,30
22a787a8-9d71-4d61-9f68-32a5a72963b0,2022-08-01,1,25,25,25
22a787a8-9d71-4d61-9f68-32a5a72963b0,2022-08-08,4,26.5,17,72.71
22a787a8-9d71-4d61-9f68-32a5a72963b0,2022-08-15,2,37.5,25,50
22a787a8-9d71-4d61-9f68-32a5a72963b0,2022-08-29,1,25,25,25
22a787a8-9d71-4d61-9f68-32a5a72963b0,2022-09-05,1,24.57,24.57,24.57
22a787a8-9d71-4d61-9f68-32a5a72963b0,2022-09-12,1,19.5,19.5,19.5
22a787a8-9d71-4d61-9f68-32a5a72963b0,2022-09-26,1,16,16,16
22a787a8-9d71-4d61-9f68-32a5a72963b0,2022-10-03,3,43.72,28,45.99
22a787a8-9d71-4d61-9f68-32a5a72963b0,2022-10-17,2,18.75,17,20.5
22a787a8-9d71-4d61-9f68-32a5a72963b0,2022-10-31,2,26.75,18.5,35
22a787a8-9d71-4d61-9f68-32a5a72963b0,2022-11-07,1,42,42,42
22a787a8-9d71-4d61-9f68-32a5a72963b0,2022-11-21,2,30.5,15,45.99
22a787a8-9d71-4d61-9f68-32a5a72963b0,2022-11-28,1,26,26,26
22a787a8-9d71-4d61-9f68-32a5a72963b0,2022-12-05,2,31.5,28,34.99
22a787a8-9d71-4d61-9f68-32a5a72963b0,2022-12-19,3,39.99,39.95,44.99
22a787a8-9d71-4d61-9f68-32a5a72963b0,2023-01-09,1,30,30,30
22a787a8-9d71-4d61-9f68-32a5a72963b0,2023-01-23,1,28,28,28
22a787a8-9d71-4d61-9f68-32a5a72963b0,2023-02-13,1,35,35,35
22a787a8-9d71-4d61-9f68-32a5a72963b0,2023-02-20,2,25.5,25,26
22a787a8-9d71-4d61-9f68-32a5a72963b0,2023-02-27,3,27.6,20.23,31
22a787a8-9d71-4d61-9f68-32a5a72963b0,2023-03-06,2,40,39.99,40
22a787a8-9d71-4d61-9f68-32a5a72963b0,2023-03-20,1,22.5,22.5,22.5
22a787a8-9d71-4d61-9f68-32a5a72963b0,2023-03-27,1,24.99,24.99,24.99
22a787a8-9d71-4d61-9f68-32a5a72963b0,2023-04-24,2,18.5,16.5,20.5
22a787a8-9d71-4d61-9f68-32a5a72963b0,2023-05-01,1,25.2,25.2,25.2
22a787a8-9d71-4d61-9f68-32a5a72963b0,2023-05-22,1,27.43,27.43,27.43
22a787a8-9d71-4d61-9f68-32a5a72963b0,2023-05-29,1,17.5,17.5,17.5
22a787a8-9d71-4d61-9f68-32a5a72963b0,2023-06-05,1,19.99,19.99,19.99
22a787a8-9d71-4d61-9f68-32a5a72963b0,2023-06-12,1,54.02,54.02,54.02
22a787a8-9d71-4d61-9f68-32a5a72963b0,2023-06-19,1,22.5,22.5,22.5
22a787a8-9d71-4d61-9f68-32a5a72963b0,2023-07-17,1,21.5,21.5,21.5
22a787a8-9d71-4d61-9f68-32a5a72963b0,2023-07-31,1,18.5,18.5,18.5
22a787a8-9d71-4d61-9f68-32a5a72963b0,2023-08-14,3,15.5,13.5,20
22a787a8-9d71-4d61-9f68-32a5a72963b0,2023-08-21,1,17.5,17.5,17.5
22a787a8-9d71-4d61-9f68-32a5a72963b0,2023-09-04,1,15.61,15.61,15.61
22a787a8-9d71-4d61-9f68-32a5a72963b0,2023-09-11,1,37.04,37.04,37.04
22a787a8-9d71-4d61-9f68-32a5a72963b0,2023-09-18,1,41,41,41
22a787a8-9d71-4d61-9f68-32a5a72963b0,2023-09-25,1,34.5,34.5,34.5
22a787a8-9d71-4d61-9f68-32a5a72963b0,2023-10-02,1,39.99,39.99,39.99
22a787a8-9d71-4d61-9f68-32a5a72963b0,2023-10-16,1,19.5,19.5,19.5
22a787a8-9d71-4d61-9f68-32a5a72963b0,2023-10-23,1,25,25,25
22a787a8-9d71-4d61-9f68-32a5a72963b0,2023-12-04,3,29.99,29.99,35
22a787a8-9d71-4d61-9f68-32a5a72963b0,2024-01-01,1,17.05,17.05,17.05
22a787a8-9d71-4d61-9f68-32a5a72963b0,2024-01-22,1,12.05,12.05,12.05
22a787a8-9d71-4d61-9f68-32a5a72963b0,2024-01-29,1,22.8,22.8,22.8
22a787a8-9d71-4d61-9f68-32a5a72963b0,2024-02-05,1,22.8,22.8,22.8
22a787a8-9d71-4d61-9f68-32a5a72963b0,2024-02-19,1,20.5,20.5,20.5
22a787a8-9d71-4d61-9f68-32a5a72963b0,2024-04-15,1,26.99,26.99,26.99
22a787a8-9d71-4d61-9f68-32a5a72963b0,2024-04-22,1,38.99,38.99,38.99
22a787a8-9d71-4d61-9f68-32a5a72963b0,2024-05-20,1,28,28,28
22a787a8-9d71-4d61-9f68-32a5a72963b0,2024-07-01,1,38.29,38.29,38.29
22a787a8-9d71-4d61-9f68-32a5a72963b0,2024-09-09,1,37.99,37.99,37.99
22a787a8-9d71-4d61-9f68-32a5a72963b0,2024-09-16,2,37.31,34.99,39.63
22a787a8-9d71-4d61-9f68-32a5a72963b0,2024-10-21,1,20,20,20
22a787a8-9d71-4d61-9f68-32a5a72963b0,2024-10-28,1,31.49,31.49,31.49
22a787a8-9d71-4d61-9f68-32a5a72963b0,2024-11-04,2,26.99,22.5,31.49
22a787a8-9d71-4d61-9f68-32a5a72963b0,2024-11-11,1,34.99,34.99,34.99
22a787a8-9d71-4d61-9f68-32a5a72963b0,2024-11-18,1,23.8,23.8,23.8
22a787a8-9d71-4d61-9f68-32a5a72963b0,2024-12-16,2,38.39,34.99,41.79
22a787a8-9d71-4d61-9f68-32a5a72963b0,2024-12-30,2,31.09,29.2,32.99
22a787a8-9d71-4d61-9f68-32a5a72963b0,2025-01-13,1,26,26,26
22a787a8-9d71-4d61-9f68-32a5a72963b0,2025-02-03,2,32.49,29.99,34.99
22a787a8-9d71-4d61-9f68-32a5a72963b0,2025-02-10,1,34.99,34.99,34.99
22a787a8-9d71-4d61-9f68-32a5a72963b0,2025-02-17,2,37.99,37.99,37.99
22a787a8-9d71-4d61-9f68-32a5a72963b0,2025-02-24,1,22.5,22.5,22.5
22a787a8-9d71-4d61-9f68-32a5a72963b0,2025-03-17,1,23,23,23
22a787a8-9d71-4d61-9f68-32a5a72963b0,2025-03-31,1,26,26,26
22a787a8-9d71-4d61-9f68-32a5a72963b0,2025-04-07,1,36,36,36
22a787a8-9d71-4d61-9f68-32a5a72963b0,2025-04-14,1,37.99,37.99,37.99
22a787a8-9d71-4d61-9f68-32a5a72963b0,2025-05-05,1,43,43,43
22a787a8-9d71-4d61-9f68-32a5a72963b0,2025-05-12,2,33.77,31.53,36
22a787a8-9d71-4d61-9f68-32a5a72963b0,2025-06-16,1,44.99,44.99,44.99
22a787a8-9d71-4d61-9f68-32a5a72963b0,2025-06-30,1,25.99,25.99,25.99
22a787a8-9d71-4d61-9f68-32a5a72963b0,2025-09-08,3,50,50,80
22a787a8-9d71-4d61-9f68-32a5a72963b0,2025-09-15,1,46.8,46.8,46.8
22a787a8-9d71-4d61-9f68-32a5a72963b0,2025-09-29,1,89,89,89
22a787a8-9d71-4d61-9f68-32a5a72963b0,2025-10-06,1,65,65,65
22a787a8-9d71-4d61-9f68-32a5a72963b0,2025-10-13,2,43.5,41,46
22a787a8-9d71-4d61-9f68-32a5a72963b0,2025-10-20,2,89.97,80,99.95
22a787a8-9d71-4d61-9f68-32a5a72963b0,2025-11-24,2,72.91,45.83,100
22a787a8-9d71-4d61-9f68-32a5a72963b0,2025-12-15,3,38,30,99.95
22a787a8-9d71-4d61-9f68-32a5a72963b0,2026-02-02,1,56,56,56
22a787a8-9d71-4d61-9f68-32a5a72963b0,2026-03-02,2,48.3,40,56.6
22a787a8-9d71-4d61-9f68-32a5a72963b0,2026-03-09,1,43.2,43.2,43.2
22a787a8-9d71-4d61-9f68-32a5a72963b0,2026-03-16,1,59.79,59.79,59.79
22a787a8-9d71-4d61-9f68-32a5a72963b0,2026-03-23,2,44.4,42,46.8
22a787a8-9d71-4d61-9f68-32a5a72963b0,2026-03-30,1,47,47,47
22a787a8-9d71-4d61-9f68-32a5a72963b0,2026-04-13,3,54.99,51,59.95
22a787a8-9d71-4d61-9f68-32a5a72963b0,2026-04-27,4,48,40.8,59.99
22a787a8-9d71-4d61-9f68-32a5a72963b0,2026-05-04,1,53.99,53.99,53.99
22a787a8-9d71-4d61-9f68-32a5a72963b0,2026-05-11,3,52,49.2,68
22a787a8-9d71-4d61-9f68-32a5a72963b0,2026-05-25,1,54.49,54.49,54.49
22a787a8-9d71-4d61-9f68-32a5a72963b0,2026-06-01,4,70,63.85,81
22a787a8-9d71-4d61-9f68-32a5a72963b0,2026-06-15,1,79.33,79.33,79.33
22a787a8-9d71-4d61-9f68-32a5a72963b0,2026-06-22,1,65,65,65
22a787a8-9d71-4d61-9f68-32a5a72963b0,2026-06-29,2,65,65,65
22a787a8-9d71-4d61-9f68-32a5a72963b0,2026-07-13,5,78.8,64.99,85
22a787a8-9d71-4d61-9f68-32a5a72963b0,2026-07-20,1,85.2,85.2,85.2
22a787a8-9d71-4d61-9f68-32a5a72963b0,2026-07-27,1,67,67,67
22a787a8-9d71-4d61-9f68-32a5a72963b0,2026-08-03,2,91.5,73,110
22a787a8-9d71-4d61-9f68-32a5a72963b0,2026-08-31,1,89.99,89.99,89.99
22a79d7d-0f7c-4d57-908c-d7bcd400a634,2021-06-28,1,202.5,202.5,202.5
22a79d7d-0f7c-4d57-908c-d7bcd400a634,2021-09-06,1,89,89,89
22a79d7d-0f7c-4d57-908c-d7bcd400a634,2021-10-11,1,221.18,221.18,221.18
22a79d7d-0f7c-4d57-908c-d7bcd400a634,2021-11-15,1,285,285,285
22a79d7d-0f7c-4d57-908c-d7bcd400a634,2022-06-13,1,91.88,91.88,91.88
22a79d7d-0f7c-4d57-908c-d7bcd400a634,2022-06-20,2,120.5,113.5,127.5
22a79d7d-0f7c-4d57-908c-d7bcd400a634,2022-09-05,1,115.2,115.2,115.2
22a79d7d-0f7c-4d57-908c-d7bcd400a634,2022-10-17,1,180,180,180
22a79d7d-0f7c-4d57-908c-d7bcd400a634,2023-03-06,1,235.13,235.13,235.13
22a79d7d-0f7c-4d57-908c-d7bcd400a634,2023-10-16,2,125,99.99,150
22a79d7d-0f7c-4d57-908c-d7bcd400a634,2023-12-25,1,112.24,112.24,112.24
22a79d7d-0f7c-4d57-908c-d7bcd400a634,2024-11-25,1,264,264,264
22a79d7d-0f7c-4d57-908c-d7bcd400a634,2025-01-13,1,125,125,125
22a79d7d-0f7c-4d57-908c-d7bcd400a634,2025-01-27,1,90,90,90
22a79d7d-0f7c-4d57-908c-d7bcd400a634,2026-02-23,1,104.5,104.5,104.5
22a79d7d-0f7c-4d57-908c-d7bcd400a634,2026-03-02,1,165,165,165
22a79d7d-0f7c-4d57-908c-d7bcd400a634,2026-03-16,1,140,140,140
22a79d7d-0f7c-4d57-908c-d7bcd400a634,2026-03-23,1,160,160,160
22a79d7d-0f7c-4d57-908c-d7bcd400a634,2026-03-30,1,257.11,257.11,257.11
22a79d7d-0f7c-4d57-908c-d7bcd400a634,2026-04-13,1,164.5,164.5,164.5
22a79d7d-0f7c-4d57-908c-d7bcd400a634,2026-05-11,1,157.5,157.5,157.5
22a79d7d-0f7c-4d57-908c-d7bcd400a634,2026-08-10,1,140.5,140.5,140.5
22a79d7d-0f7c-4d57-908c-d7bcd400a634,2026-08-24,1,170,170,170
22a8589c-25e4-4403-bf91-875f005a2e02,2021-09-06,1,31,31,31
22a8589c-25e4-4403-bf91-875f005a2e02,2022-07-04,1,50,50,50
22a8589c-25e4-4403-bf91-875f005a2e02,2022-08-22,1,20.4,20.4,20.4
22a8589c-25e4-4403-bf91-875f005a2e02,2024-09-30,1,35,35,35
22a8589c-25e4-4403-bf91-875f005a2e02,2025-01-13,1,46.13,46.13,46.13
22a8589c-25e4-4403-bf91-875f005a2e02,2026-09-07,1,300,300,300
22a8e130-ade6-42f8-8c43-e3a7d7e7b583,2025-12-15,1,60,60,60
22b5b3da-6013-4f4d-9ea2-99a848e2be9c,2024-12-30,1,39.99,39.99,39.99
22b5b3da-6013-4f4d-9ea2-99a848e2be9c,2025-04-07,1,42.49,42.49,42.49
22b5b4e4-ac6b-4418-9d18-475f600c1a00,2023-04-10,1,157.5,157.5,157.5
22b5b4e4-ac6b-4418-9d18-475f600c1a00,2023-04-24,5,59,55.36,89
22b5b4e4-ac6b-4418-9d18-475f600c1a00,2023-05-08,1,95,95,95
22b5b4e4-ac6b-4418-9d18-475f600c1a00,2023-10-23,1,55.2,55.2,55.2
22b5b4e4-ac6b-4418-9d18-475f600c1a00,2024-02-19,1,50,50,50
22b5b4e4-ac6b-4418-9d18-475f600c1a00,2024-03-18,1,85.5,85.5,85.5
22b5b4e4-ac6b-4418-9d18-475f600c1a00,2024-04-22,1,34,34,34
22b5b4e4-ac6b-4418-9d18-475f600c1a00,2025-01-06,1,38,38,38
22b5b4e4-ac6b-4418-9d18-475f600c1a00,2025-03-17,1,80,80,80
22b5b4e4-ac6b-4418-9d18-475f600c1a00,2025-05-12,1,92.99,92.99,92.99
22b5b4e4-ac6b-4418-9d18-475f600c1a00,2025-05-26,1,195,195,195
22b5b4e4-ac6b-4418-9d18-475f600c1a00,2025-07-14,1,75,75,75
22b5b4e4-ac6b-4418-9d18-475f600c1a00,2025-08-04,1,49.2,49.2,49.2
22b5b4e4-ac6b-4418-9d18-475f600c1a00,2025-10-20,1,53,53,53
22b5b4e4-ac6b-4418-9d18-475f600c1a00,2026-02-16,1,92.99,92.99,92.99
22b5b4e4-ac6b-4418-9d18-475f600c1a00,2026-04-06,1,125,125,125
22b5b4e4-ac6b-4418-9d18-475f600c1a00,2026-09-07,2,91,83,99
22b6b69d-cf8a-4e4f-be41-943bfe215faa,2024-05-13,1,234,234,234
22b6b69d-cf8a-4e4f-be41-943bfe215faa,2024-06-03,1,290,290,290
22b6b69d-cf8a-4e4f-be41-943bfe215faa,2024-09-30,1,150,150,150
22b6b69d-cf8a-4e4f-be41-943bfe215faa,2025-03-03,1,426.28,426.28,426.28
22b6b69d-cf8a-4e4f-be41-943bfe215faa,2025-04-14,1,275,275,275
22b6b69d-cf8a-4e4f-be41-943bfe215faa,2025-05-19,1,158,158,158
22b6b69d-cf8a-4e4f-be41-943bfe215faa,2025-09-01,1,312,312,312
22b6b69d-cf8a-4e4f-be41-943bfe215faa,2026-05-04,1,1350,1350,1350
22b6b69d-cf8a-4e4f-be41-943bfe215faa,2026-06-15,1,1025,1025,1025
22b7c6b8-dce9-4858-9689-4f19a2a0d382,2021-10-11,1,450,450,450
22b7c6b8-dce9-4858-9689-4f19a2a0d382,2022-05-30,1,113.65,113.65,113.65
22b7c6b8-dce9-4858-9689-4f19a2a0d382,2022-08-29,1,295.66,295.66,295.66
22b7c6b8-dce9-4858-9689-4f19a2a0d382,2022-09-12,1,251,251,251
22b7c6b8-dce9-4858-9689-4f19a2a0d382,2023-07-31,1,175,175,175
22b7c6b8-dce9-4858-9689-4f19a2a0d382,2024-02-19,1,118.31,118.31,118.31
22b7c6b8-dce9-4858-9689-4f19a2a0d382,2024-05-27,1,198,198,198
22b7c6b8-dce9-4858-9689-4f19a2a0d382,2024-09-23,1,90.26,90.26,90.26
22b7c6b8-dce9-4858-9689-4f19a2a0d382,2024-12-23,1,150.5,150.5,150.5
22b7c6b8-dce9-4858-9689-4f19a2a0d382,2025-10-20,1,1950,1950,1950
22b7c6b8-dce9-4858-9689-4f19a2a0d382,2026-07-20,1,4200,4200,4200
22b7c6b8-dce9-4858-9689-4f19a2a0d382,2026-07-27,1,18000,18000,18000
22b7c6b8-dce9-4858-9689-4f19a2a0d382,2026-08-03,1,3820.38,3820.38,3820.38
22b7c6b8-dce9-4858-9689-4f19a2a0d382,2026-08-17,1,4050,4050,4050
22b7ef8a-568b-422c-88a8-3e0f7e63aa5d,2022-05-02,1,4500,4500,4500
22b7ef8a-568b-422c-88a8-3e0f7e63aa5d,2022-06-06,1,4560,4560,4560
22b7ef8a-568b-422c-88a8-3e0f7e63aa5d,2022-06-13,1,4500,4500,4500
22b7ef8a-568b-422c-88a8-3e0f7e63aa5d,2022-06-27,1,4600,4600,4600
22b7ef8a-568b-422c-88a8-3e0f7e63aa5d,2022-07-18,3,4500,3052,4750
22b7ef8a-568b-422c-88a8-3e0f7e63aa5d,2022-08-15,1,4680,4680,4680
22b7ef8a-568b-422c-88a8-3e0f7e63aa5d,2022-08-22,1,5700,5700,5700
22b7ef8a-568b-422c-88a8-3e0f7e63aa5d,2022-09-12,1,6300,6300,6300
22b7ef8a-568b-422c-88a8-3e0f7e63aa5d,2022-10-10,2,5715.26,5333.1,6097.42
22b7ef8a-568b-422c-88a8-3e0f7e63aa5d,2022-10-24,1,5583,5583,5583
22b7ef8a-568b-422c-88a8-3e0f7e63aa5d,2022-11-21,1,6100,6100,6100
22b7ef8a-568b-422c-88a8-3e0f7e63aa5d,2022-12-12,1,6000,6000,6000
22b7ef8a-568b-422c-88a8-3e0f7e63aa5d,2022-12-26,1,6050,6050,6050
22b7ef8a-568b-422c-88a8-3e0f7e63aa5d,2023-03-06,1,9400,9400,9400
22b7ef8a-568b-422c-88a8-3e0f7e63aa5d,2023-11-27,1,5900,5900,5900
22b7ef8a-568b-422c-88a8-3e0f7e63aa5d,2024-03-04,1,6300,6300,6300
22b7ef8a-568b-422c-88a8-3e0f7e63aa5d,2024-03-25,2,6274.99,6200,6349.99
22b7ef8a-568b-422c-88a8-3e0f7e63aa5d,2024-04-01,1,6000,6000,6000
22b7ef8a-568b-422c-88a8-3e0f7e63aa5d,2024-04-22,1,5900,5900,5900
22b7ef8a-568b-422c-88a8-3e0f7e63aa5d,2024-06-10,1,5640,5640,5640
22b7ef8a-568b-422c-88a8-3e0f7e63aa5d,2024-06-17,1,4920,4920,4920
22b7ef8a-568b-422c-88a8-3e0f7e63aa5d,2024-07-08,1,5236.56,5236.56,5236.56
22b7ef8a-568b-422c-88a8-3e0f7e63aa5d,2024-07-15,1,5795,5795,5795
22b7ef8a-568b-422c-88a8-3e0f7e63aa5d,2024-07-29,1,5400,5400,5400
22b7ef8a-568b-422c-88a8-3e0f7e63aa5d,2024-08-05,1,6100,6100,6100
22b7ef8a-568b-422c-88a8-3e0f7e63aa5d,2024-08-19,1,5500,5500,5500
22b7ef8a-568b-422c-88a8-3e0f7e63aa5d,2024-12-02,1,5500,5500,5500
22b7ef8a-568b-422c-88a8-3e0f7e63aa5d,2025-02-10,1,6000,6000,6000
22b7ef8a-568b-422c-88a8-3e0f7e63aa5d,2025-03-31,1,7000,7000,7000
22b7ef8a-568b-422c-88a8-3e0f7e63aa5d,2025-04-21,1,8700,8700,8700
22b7ef8a-568b-422c-88a8-3e0f7e63aa5d,2025-07-21,1,12600,12600,12600
22b7ef8a-568b-422c-88a8-3e0f7e63aa5d,2025-08-18,1,11700,11700,11700
22b7ef8a-568b-422c-88a8-3e0f7e63aa5d,2025-08-25,1,12000,12000,12000
22b7ef8a-568b-422c-88a8-3e0f7e63aa5d,2025-10-13,1,10823.9,10823.9,10823.9
22b7ef8a-568b-422c-88a8-3e0f7e63aa5d,2025-12-08,1,13800,13800,13800
22b7ef8a-568b-422c-88a8-3e0f7e63aa5d,2026-01-19,1,15935,15935,15935
22b7ef8a-568b-422c-88a8-3e0f7e63aa5d,2026-02-16,1,12731.4,12731.4,12731.4
22b7ef8a-568b-422c-88a8-3e0f7e63aa5d,2026-02-23,1,19999.99,19999.99,19999.99
22b7ef8a-568b-422c-88a8-3e0f7e63aa5d,2026-03-16,1,25200,25200,25200
22b7ef8a-568b-422c-88a8-3e0f7e63aa5d,2026-05-11,1,35991.22,35991.22,35991.22
22b7ef8a-568b-422c-88a8-3e0f7e63aa5d,2026-05-25,1,40260,40260,40260
22b7ef8a-568b-422c-88a8-3e0f7e63aa5d,2026-06-01,2,33999,33999,33999
22b7ef8a-568b-422c-88a8-3e0f7e63aa5d,2026-06-15,1,45600,45600,45600
22b7ef8a-568b-422c-88a8-3e0f7e63aa5d,2026-07-06,1,60000,60000,60000
22b7ef8a-568b-422c-88a8-3e0f7e63aa5d,2026-08-03,1,54290,54290,54290
22b7ef8a-568b-422c-88a8-3e0f7e63aa5d,2026-08-31,1,63000,63000,63000
22b8858e-5692-4771-b914-40c91fd76f95,2026-02-23,1,260,260,260
22b98ebc-83ea-40a6-ba55-56df7279ed81,2021-10-11,2,53,51,55
22b98ebc-83ea-40a6-ba55-56df7279ed81,2021-11-08,1,48,48,48
22b98ebc-83ea-40a6-ba55-56df7279ed81,2021-11-15,1,80,80,80
22b98ebc-83ea-40a6-ba55-56df7279ed81,2022-05-02,2,52.5,49.99,55
22b98ebc-83ea-40a6-ba55-56df7279ed81,2022-11-14,1,88,88,88
22b98ebc-83ea-40a6-ba55-56df7279ed81,2022-12-05,1,99.95,99.95,99.95
22b98ebc-83ea-40a6-ba55-56df7279ed81,2023-02-27,1,99.95,99.95,99.95
22b98ebc-83ea-40a6-ba55-56df7279ed81,2023-05-15,1,30,30,30
22b98ebc-83ea-40a6-ba55-56df7279ed81,2023-07-31,1,30,30,30
22b98ebc-83ea-40a6-ba55-56df7279ed81,2023-10-16,1,30,30,30
22b98ebc-83ea-40a6-ba55-56df7279ed81,2024-02-05,1,35,35,35
22b98ebc-83ea-40a6-ba55-56df7279ed81,2024-09-09,1,29.99,29.99,29.99
22b98ebc-83ea-40a6-ba55-56df7279ed81,2026-04-13,1,93,93,93
22bea1f7-d102-4636-9b01-0f253ce879e6,2022-05-02,1,73,73,73
22bea1f7-d102-4636-9b01-0f253ce879e6,2022-06-27,1,53.32,53.32,53.32
22bea1f7-d102-4636-9b01-0f253ce879e6,2022-09-26,1,40,40,40
22bea1f7-d102-4636-9b01-0f253ce879e6,2022-10-31,1,41,41,41
22bea1f7-d102-4636-9b01-0f253ce879e6,2022-11-07,1,54,54,54
22bea1f7-d102-4636-9b01-0f253ce879e6,2022-11-14,1,35,35,35
22bea1f7-d102-4636-9b01-0f253ce879e6,2022-11-21,2,24.25,19.5,29
22bea1f7-d102-4636-9b01-0f253ce879e6,2022-12-19,1,41.99,41.99,41.99
22bea1f7-d102-4636-9b01-0f253ce879e6,2023-05-08,1,46,46,46
22bea1f7-d102-4636-9b01-0f253ce879e6,2023-06-19,1,33,33,33
22bea1f7-d102-4636-9b01-0f253ce879e6,2023-11-27,1,32,32,32
22bea1f7-d102-4636-9b01-0f253ce879e6,2024-03-11,1,30.22,30.22,30.22
22bea1f7-d102-4636-9b01-0f253ce879e6,2024-09-16,1,74.99,74.99,74.99
22bea1f7-d102-4636-9b01-0f253ce879e6,2024-10-28,1,74.99,74.99,74.99
22bea1f7-d102-4636-9b01-0f253ce879e6,2025-06-16,1,280,280,280
22bea1f7-d102-4636-9b01-0f253ce879e6,2025-06-30,1,250,250,250
22bea1f7-d102-4636-9b01-0f253ce879e6,2025-09-15,1,285,285,285
22bea1f7-d102-4636-9b01-0f253ce879e6,2026-03-30,1,102.5,102.5,102.5
22bea1f7-d102-4636-9b01-0f253ce879e6,2026-05-11,1,400,400,400
22c031b9-9295-47b0-b350-cb7ca343f873,2021-03-08,1,150,150,150
22c031b9-9295-47b0-b350-cb7ca343f873,2021-03-15,1,177.5,177.5,177.5
22c031b9-9295-47b0-b350-cb7ca343f873,2021-03-29,1,299,299,299
22c031b9-9295-47b0-b350-cb7ca343f873,2021-04-26,1,105.5,105.5,105.5
22c031b9-9295-47b0-b350-cb7ca343f873,2021-07-05,1,178.5,178.5,178.5
22c031b9-9295-47b0-b350-cb7ca343f873,2021-07-26,1,127.5,127.5,127.5
22c031b9-9295-47b0-b350-cb7ca343f873,2021-08-02,1,178.5,178.5,178.5
22c031b9-9295-47b0-b350-cb7ca343f873,2021-08-09,1,122.5,122.5,122.5
22c031b9-9295-47b0-b350-cb7ca343f873,2021-08-30,2,111.81,110,113.61
22c031b9-9295-47b0-b350-cb7ca343f873,2021-12-13,3,84,84,103.5
22c031b9-9295-47b0-b350-cb7ca343f873,2022-02-28,1,66.15,66.15,66.15
22c031b9-9295-47b0-b350-cb7ca343f873,2022-03-28,1,100,100,100
22c031b9-9295-47b0-b350-cb7ca343f873,2022-04-25,1,118.95,118.95,118.95
22c031b9-9295-47b0-b350-cb7ca343f873,2022-06-13,2,79,61,97
22c031b9-9295-47b0-b350-cb7ca343f873,2022-06-27,2,53.51,46.02,61
22c031b9-9295-47b0-b350-cb7ca343f873,2022-07-04,1,84,84,84
22c031b9-9295-47b0-b350-cb7ca343f873,2022-08-15,2,37.75,36.5,39
22c031b9-9295-47b0-b350-cb7ca343f873,2022-08-22,2,63,46,80
22c031b9-9295-47b0-b350-cb7ca343f873,2022-09-05,3,74,56,84.99
22c031b9-9295-47b0-b350-cb7ca343f873,2022-10-31,1,150,150,150
22c031b9-9295-47b0-b350-cb7ca343f873,2022-11-07,1,81.99,81.99,81.99
22c031b9-9295-47b0-b350-cb7ca343f873,2022-11-14,1,76,76,76
22c031b9-9295-47b0-b350-cb7ca343f873,2022-11-21,1,69.85,69.85,69.85
22c031b9-9295-47b0-b350-cb7ca343f873,2022-11-28,1,74.4,74.4,74.4
22c031b9-9295-47b0-b350-cb7ca343f873,2022-12-26,1,95,95,95
22c031b9-9295-47b0-b350-cb7ca343f873,2023-01-09,1,60,60,60
22c031b9-9295-47b0-b350-cb7ca343f873,2023-01-16,2,75,55,95
22c031b9-9295-47b0-b350-cb7ca343f873,2023-02-20,2,69.5,65.99,73
22c031b9-9295-47b0-b350-cb7ca343f873,2023-02-27,1,66.99,66.99,66.99
22c031b9-9295-47b0-b350-cb7ca343f873,2023-03-06,1,78.77,78.77,78.77
22c031b9-9295-47b0-b350-cb7ca343f873,2023-03-13,1,80,80,80
22c031b9-9295-47b0-b350-cb7ca343f873,2023-04-10,1,90,90,90
22c031b9-9295-47b0-b350-cb7ca343f873,2023-06-12,1,110,110,110
22c031b9-9295-47b0-b350-cb7ca343f873,2023-06-19,1,133,133,133
22c031b9-9295-47b0-b350-cb7ca343f873,2023-07-03,1,139.95,139.95,139.95
22c031b9-9295-47b0-b350-cb7ca343f873,2023-07-10,3,125.5,108,129.99
22c031b9-9295-47b0-b350-cb7ca343f873,2023-07-17,2,132.5,129.99,135
22c031b9-9295-47b0-b350-cb7ca343f873,2023-07-24,1,153.01,153.01,153.01
22c031b9-9295-47b0-b350-cb7ca343f873,2023-07-31,1,198.88,198.88,198.88
22c031b9-9295-47b0-b350-cb7ca343f873,2023-08-07,1,125,125,125
22c031b9-9295-47b0-b350-cb7ca343f873,2023-08-14,2,133.75,122.5,145
22c031b9-9295-47b0-b350-cb7ca343f873,2023-08-21,1,150,150,150
22c031b9-9295-47b0-b350-cb7ca343f873,2023-08-28,1,185,185,185
22c031b9-9295-47b0-b350-cb7ca343f873,2023-09-04,1,150.35,150.35,150.35
22c031b9-9295-47b0-b350-cb7ca343f873,2023-10-23,1,140.5,140.5,140.5
22c031b9-9295-47b0-b350-cb7ca343f873,2023-10-30,1,126.48,126.48,126.48
22c031b9-9295-47b0-b350-cb7ca343f873,2023-11-06,1,120,120,120
22c031b9-9295-47b0-b350-cb7ca343f873,2023-11-13,1,125,125,125
22c031b9-9295-47b0-b350-cb7ca343f873,2023-11-27,2,110.44,96,124.87
22c031b9-9295-47b0-b350-cb7ca343f873,2023-12-04,2,111.5,107,116
22c031b9-9295-47b0-b350-cb7ca343f873,2023-12-11,1,67,67,67
22c031b9-9295-47b0-b350-cb7ca343f873,2023-12-25,1,154.92,154.92,154.92
22c031b9-9295-47b0-b350-cb7ca343f873,2024-01-01,1,95,95,95
22c031b9-9295-47b0-b350-cb7ca343f873,2024-02-05,1,91,91,91
22c031b9-9295-47b0-b350-cb7ca343f873,2024-02-12,2,84.5,72,97
22c031b9-9295-47b0-b350-cb7ca343f873,2024-02-19,1,75,75,75
22c031b9-9295-47b0-b350-cb7ca343f873,2024-02-26,3,71,71,100
22c031b9-9295-47b0-b350-cb7ca343f873,2024-03-04,1,61,61,61
22c031b9-9295-47b0-b350-cb7ca343f873,2024-03-11,1,99.99,99.99,99.99
22c031b9-9295-47b0-b350-cb7ca343f873,2024-03-25,1,100,100,100
22c031b9-9295-47b0-b350-cb7ca343f873,2024-04-01,1,90,90,90
22c031b9-9295-47b0-b350-cb7ca343f873,2024-04-22,3,90,89.99,101
22c031b9-9295-47b0-b350-cb7ca343f873,2024-04-29,1,89,89,89
22c031b9-9295-47b0-b350-cb7ca343f873,2024-05-27,1,67,67,67
22c031b9-9295-47b0-b350-cb7ca343f873,2024-06-03,1,100,100,100
22c031b9-9295-47b0-b350-cb7ca343f873,2024-07-15,2,118.06,80,156.12
22c031b9-9295-47b0-b350-cb7ca343f873,2024-07-29,1,81,81,81
22c031b9-9295-47b0-b350-cb7ca343f873,2024-08-05,1,90,90,90
22c031b9-9295-47b0-b350-cb7ca343f873,2024-08-19,1,64,64,64
22c031b9-9295-47b0-b350-cb7ca343f873,2024-09-30,2,111.64,94,129.29
22c031b9-9295-47b0-b350-cb7ca343f873,2024-10-21,1,129.5,129.5,129.5
22c031b9-9295-47b0-b350-cb7ca343f873,2024-11-04,3,125,119.99,140
22c031b9-9295-47b0-b350-cb7ca343f873,2024-11-25,1,76,76,76
22c031b9-9295-47b0-b350-cb7ca343f873,2024-12-02,1,113,113,113
22c031b9-9295-47b0-b350-cb7ca343f873,2024-12-16,1,84,84,84
22c031b9-9295-47b0-b350-cb7ca343f873,2025-01-06,1,120,120,120
22c031b9-9295-47b0-b350-cb7ca343f873,2025-01-13,1,120,120,120
22c031b9-9295-47b0-b350-cb7ca343f873,2025-01-20,1,102.5,102.5,102.5
22c031b9-9295-47b0-b350-cb7ca343f873,2025-02-03,1,105.6,105.6,105.6
22c031b9-9295-47b0-b350-cb7ca343f873,2025-02-10,2,104,98,109.99
22c031b9-9295-47b0-b350-cb7ca343f873,2025-02-24,2,101.25,99.99,102.5
22c031b9-9295-47b0-b350-cb7ca343f873,2025-03-10,1,107.86,107.86,107.86
22c031b9-9295-47b0-b350-cb7ca343f873,2025-03-31,3,137.95,129.99,159.99
22c031b9-9295-47b0-b350-cb7ca343f873,2025-05-12,2,135.25,130,140.5
22c031b9-9295-47b0-b350-cb7ca343f873,2025-05-19,1,102.5,102.5,102.5
22c031b9-9295-47b0-b350-cb7ca343f873,2025-05-26,1,30,30,30
22c031b9-9295-47b0-b350-cb7ca343f873,2025-06-02,1,109.5,109.5,109.5
22c031b9-9295-47b0-b350-cb7ca343f873,2025-07-07,3,134.99,129.98,159
22c031b9-9295-47b0-b350-cb7ca343f873,2025-07-14,2,184.25,170.99,197.5
22c031b9-9295-47b0-b350-cb7ca343f873,2025-07-28,2,147.74,140,155.47
22c031b9-9295-47b0-b350-cb7ca343f873,2025-08-11,1,170,170,170
22c031b9-9295-47b0-b350-cb7ca343f873,2025-08-25,1,185,185,185
22c031b9-9295-47b0-b350-cb7ca343f873,2025-09-15,1,180,180,180
22c031b9-9295-47b0-b350-cb7ca343f873,2025-09-22,2,173.75,158.5,189
22c031b9-9295-47b0-b350-cb7ca343f873,2025-10-27,2,168.75,157.5,179.99
22c031b9-9295-47b0-b350-cb7ca343f873,2025-11-10,1,122.23,122.23,122.23
22c031b9-9295-47b0-b350-cb7ca343f873,2025-11-17,1,184.45,184.45,184.45
22c031b9-9295-47b0-b350-cb7ca343f873,2026-01-05,2,161,153.5,168.5
22c031b9-9295-47b0-b350-cb7ca343f873,2026-01-12,4,180,165,184.5
22c031b9-9295-47b0-b350-cb7ca343f873,2026-01-26,3,133.5,132.5,175
22c031b9-9295-47b0-b350-cb7ca343f873,2026-03-09,1,133,133,133
22c031b9-9295-47b0-b350-cb7ca343f873,2026-04-06,1,199.99,199.99,199.99
22c031b9-9295-47b0-b350-cb7ca343f873,2026-04-20,1,199,199,199
22c031b9-9295-47b0-b350-cb7ca343f873,2026-05-04,2,190.57,181.15,199.99
22c031b9-9295-47b0-b350-cb7ca343f873,2026-05-11,2,224.75,224.5,225
22c031b9-9295-47b0-b350-cb7ca343f873,2026-05-18,1,156,156,156
22c031b9-9295-47b0-b350-cb7ca343f873,2026-06-08,2,196.95,180,213.9
22c031b9-9295-47b0-b350-cb7ca343f873,2026-06-15,1,250,250,250
22c031b9-9295-47b0-b350-cb7ca343f873,2026-06-29,1,235,235,235
22c031b9-9295-47b0-b350-cb7ca343f873,2026-07-13,2,235,220,249.99
22c031b9-9295-47b0-b350-cb7ca343f873,2026-08-10,1,215,215,215
22c16815-d896-4718-925d-40aa1602d35c,2021-05-24,1,520,520,520
22c16815-d896-4718-925d-40aa1602d35c,2021-06-07,1,600,600,600
22c16815-d896-4718-925d-40aa1602d35c,2021-06-21,1,575,575,575
22c16815-d896-4718-925d-40aa1602d35c,2021-08-23,1,600,600,600
22c16815-d896-4718-925d-40aa1602d35c,2021-12-27,1,459,459,459
22c16815-d896-4718-925d-40aa1602d35c,2022-04-04,1,330,330,330
22c16815-d896-4718-925d-40aa1602d35c,2022-07-04,1,420,420,420
22c16815-d896-4718-925d-40aa1602d35c,2022-08-01,1,405,405,405
22c16815-d896-4718-925d-40aa1602d35c,2022-08-29,1,450,450,450
22c16815-d896-4718-925d-40aa1602d35c,2022-09-19,1,327.09,327.09,327.09
22c16815-d896-4718-925d-40aa1602d35c,2022-10-31,1,325,325,325
22c16815-d896-4718-925d-40aa1602d35c,2023-01-02,1,365,365,365
22c16815-d896-4718-925d-40aa1602d35c,2023-03-13,1,300,300,300
22c16815-d896-4718-925d-40aa1602d35c,2023-04-03,1,300,300,300
22c16815-d896-4718-925d-40aa1602d35c,2023-10-02,1,275,275,275
22c16815-d896-4718-925d-40aa1602d35c,2023-10-16,1,384,384,384
22c16815-d896-4718-925d-40aa1602d35c,2023-11-13,1,326.32,326.32,326.32
22c16815-d896-4718-925d-40aa1602d35c,2024-04-15,1,375,375,375
22c16815-d896-4718-925d-40aa1602d35c,2024-04-22,1,327.74,327.74,327.74
22c16815-d896-4718-925d-40aa1602d35c,2024-05-27,1,390,390,390
22c16815-d896-4718-925d-40aa1602d35c,2024-07-22,1,399.99,399.99,399.99
22c16815-d896-4718-925d-40aa1602d35c,2024-10-21,1,400,400,400
22c16815-d896-4718-925d-40aa1602d35c,2024-10-28,1,375,375,375
22c16815-d896-4718-925d-40aa1602d35c,2024-11-18,1,425,425,425
22c16815-d896-4718-925d-40aa1602d35c,2024-12-09,1,340,340,340
22c16815-d896-4718-925d-40aa1602d35c,2025-01-20,2,442.5,440,445
22c16815-d896-4718-925d-40aa1602d35c,2025-02-10,1,799.99,799.99,799.99
22c16815-d896-4718-925d-40aa1602d35c,2025-03-10,1,650,650,650
22c16815-d896-4718-925d-40aa1602d35c,2025-09-15,1,1599.9,1599.9,1599.9
22c16815-d896-4718-925d-40aa1602d35c,2025-11-17,1,1876,1876,1876
22c16815-d896-4718-925d-40aa1602d35c,2025-12-01,1,1450,1450,1450
22c16815-d896-4718-925d-40aa1602d35c,2025-12-15,1,1425,1425,1425
22c16815-d896-4718-925d-40aa1602d35c,2026-01-05,1,1300,1300,1300
22c16815-d896-4718-925d-40aa1602d35c,2026-03-09,1,2999.95,2999.95,2999.95
22c16815-d896-4718-925d-40aa1602d35c,2026-03-16,1,3499.99,3499.99,3499.99
22c16815-d896-4718-925d-40aa1602d35c,2026-05-04,1,4250,4250,4250
22c16815-d896-4718-925d-40aa1602d35c,2026-08-31,1,5744.3,5744.3,5744.3
22c3060d-4797-44b9-82fc-de7be11029d6,2022-11-07,1,31,31,31
22c3060d-4797-44b9-82fc-de7be11029d6,2022-11-28,1,30,30,30
22c3060d-4797-44b9-82fc-de7be11029d6,2023-04-10,1,21.5,21.5,21.5
22c3060d-4797-44b9-82fc-de7be11029d6,2023-06-05,1,40.88,40.88,40.88
22c3060d-4797-44b9-82fc-de7be11029d6,2023-07-10,1,100,100,100
22c3060d-4797-44b9-82fc-de7be11029d6,2024-12-09,1,60,60,60
22c3060d-4797-44b9-82fc-de7be11029d6,2024-12-16,1,99.99,99.99,99.99
22c3060d-4797-44b9-82fc-de7be11029d6,2025-10-06,2,54.6,51.6,57.6
22c3060d-4797-44b9-82fc-de7be11029d6,2025-11-03,1,56.41,56.41,56.41
22c3060d-4797-44b9-82fc-de7be11029d6,2026-03-23,1,81,81,81
22c3060d-4797-44b9-82fc-de7be11029d6,2026-06-15,1,152.5,152.5,152.5
22c3060d-4797-44b9-82fc-de7be11029d6,2026-07-27,1,106.95,106.95,106.95
22c6f76e-02b4-449b-bae9-76d847b8e992,2022-06-27,2,40.5,39.99,41
22c6f76e-02b4-449b-bae9-76d847b8e992,2022-07-11,1,18.02,18.02,18.02
22c6f76e-02b4-449b-bae9-76d847b8e992,2023-05-08,1,31.03,31.03,31.03
22c6f76e-02b4-449b-bae9-76d847b8e992,2023-06-12,1,36.95,36.95,36.95
22c6f76e-02b4-449b-bae9-76d847b8e992,2023-11-20,1,22.83,22.83,22.83
22c6f76e-02b4-449b-bae9-76d847b8e992,2024-06-03,1,43.43,43.43,43.43
22c6f76e-02b4-449b-bae9-76d847b8e992,2024-10-07,1,29.95,29.95,29.95
22c6f76e-02b4-449b-bae9-76d847b8e992,2025-02-24,1,60,60,60
22c6f76e-02b4-449b-bae9-76d847b8e992,2025-04-07,1,38.69,38.69,38.69
22c6f76e-02b4-449b-bae9-76d847b8e992,2025-05-12,1,60,60,60
22c6f76e-02b4-449b-bae9-76d847b8e992,2025-07-07,1,59,59,59
22c6f76e-02b4-449b-bae9-76d847b8e992,2025-09-01,1,100,100,100
22c6f76e-02b4-449b-bae9-76d847b8e992,2025-09-29,1,52,52,52
22c6f76e-02b4-449b-bae9-76d847b8e992,2025-10-13,1,30,30,30
22c6f76e-02b4-449b-bae9-76d847b8e992,2026-05-25,1,125.5,125.5,125.5
22ca8f89-63c7-4af1-ba17-e329dd336a1b,2026-09-07,1,110,110,110
22cb2e90-c751-4a5f-9ad4-447e815f093e,2021-09-27,1,299.99,299.99,299.99
22cb2e90-c751-4a5f-9ad4-447e815f093e,2023-05-29,1,84,84,84
22cb2e90-c751-4a5f-9ad4-447e815f093e,2023-10-30,1,93.6,93.6,93.6
22cb2e90-c751-4a5f-9ad4-447e815f093e,2024-03-04,1,64.17,64.17,64.17
22cb2e90-c751-4a5f-9ad4-447e815f093e,2024-09-16,1,67.2,67.2,67.2
22cb2e90-c751-4a5f-9ad4-447e815f093e,2025-09-08,1,125,125,125
22cb2e90-c751-4a5f-9ad4-447e815f093e,2025-09-15,1,202.01,202.01,202.01
22cb2e90-c751-4a5f-9ad4-447e815f093e,2025-10-13,1,275.7,275.7,275.7
22cb2e90-c751-4a5f-9ad4-447e815f093e,2026-08-24,1,400,400,400
22cb9a90-5971-4653-a908-aaa04f15d0c3,2022-08-08,1,48.81,48.81,48.81
22cb9a90-5971-4653-a908-aaa04f15d0c3,2023-12-11,1,7.54,7.54,7.54
22cb9a90-5971-4653-a908-aaa04f15d0c3,2026-03-16,1,51,51,51
22cd7be6-f177-4108-b03b-68b51be8d535,2021-08-09,2,99.25,55,143.5
22cd7be6-f177-4108-b03b-68b51be8d535,2021-12-27,2,29.99,29.99,29.99
22cd7be6-f177-4108-b03b-68b51be8d535,2022-11-21,1,36,36,36
22cd7be6-f177-4108-b03b-68b51be8d535,2023-01-02,1,60,60,60
22cd7be6-f177-4108-b03b-68b51be8d535,2023-06-12,1,59.99,59.99,59.99
22cd7be6-f177-4108-b03b-68b51be8d535,2023-07-31,1,55,55,55
22cd7be6-f177-4108-b03b-68b51be8d535,2023-11-27,1,6.5,6.5,6.5
22cd7be6-f177-4108-b03b-68b51be8d535,2023-12-25,1,17,17,17
22cd7be6-f177-4108-b03b-68b51be8d535,2024-02-26,1,16.79,16.79,16.79
22cd7be6-f177-4108-b03b-68b51be8d535,2025-09-01,1,150,150,150
22cd7be6-f177-4108-b03b-68b51be8d535,2026-02-02,1,165,165,165
22cd7be6-f177-4108-b03b-68b51be8d535,2026-06-29,1,230,230,230
22cd7be6-f177-4108-b03b-68b51be8d535,2026-08-17,1,300,300,300
22ce3c37-3020-486d-9c31-d64e0e206859,2021-06-28,1,4100,4100,4100
22ce3c37-3020-486d-9c31-d64e0e206859,2021-11-01,2,2950,1650,4250
22ce3c37-3020-486d-9c31-d64e0e206859,2021-11-15,1,1500,1500,1500
22ce3c37-3020-486d-9c31-d64e0e206859,2022-02-28,1,3999.99,3999.99,3999.99
22ce3c37-3020-486d-9c31-d64e0e206859,2022-03-21,1,3999,3999,3999
22ce3c37-3020-486d-9c31-d64e0e206859,2022-05-09,1,2500,2500,2500
22ce3c37-3020-486d-9c31-d64e0e206859,2022-07-04,1,3000,3000,3000
22ce3c37-3020-486d-9c31-d64e0e206859,2022-10-10,1,2640.23,2640.23,2640.23
22ce3c37-3020-486d-9c31-d64e0e206859,2023-07-03,1,1833.76,1833.76,1833.76
22ce3c37-3020-486d-9c31-d64e0e206859,2023-07-17,1,1925,1925,1925
22ce3c37-3020-486d-9c31-d64e0e206859,2023-09-18,1,2400,2400,2400
22ce3c37-3020-486d-9c31-d64e0e206859,2024-02-26,1,1652.69,1652.69,1652.69
22ce3c37-3020-486d-9c31-d64e0e206859,2024-05-20,1,1650,1650,1650
22ce3c37-3020-486d-9c31-d64e0e206859,2024-08-05,1,1700,1700,1700
22ce3c37-3020-486d-9c31-d64e0e206859,2024-08-19,1,1317,1317,1317
22ce3c37-3020-486d-9c31-d64e0e206859,2025-02-24,1,1800,1800,1800
22ce3c37-3020-486d-9c31-d64e0e206859,2025-03-31,1,3601,3601,3601
22ce3c37-3020-486d-9c31-d64e0e206859,2025-07-21,1,4560,4560,4560
22ce3c37-3020-486d-9c31-d64e0e206859,2025-09-08,1,5000,5000,5000
22ce3c37-3020-486d-9c31-d64e0e206859,2025-09-29,1,5880,5880,5880
22ce3c37-3020-486d-9c31-d64e0e206859,2025-11-17,1,5500,5500,5500
22ce3c37-3020-486d-9c31-d64e0e206859,2026-02-09,1,7600.8,7600.8,7600.8
22ce3c37-3020-486d-9c31-d64e0e206859,2026-02-16,1,10000,10000,10000
22ce3c37-3020-486d-9c31-d64e0e206859,2026-03-16,1,15100,15100,15100
22ce3c37-3020-486d-9c31-d64e0e206859,2026-03-30,1,11700,11700,11700
22ce3c37-3020-486d-9c31-d64e0e206859,2026-04-20,2,13500,13200,13800
22ce3c37-3020-486d-9c31-d64e0e206859,2026-05-04,1,11834,11834,11834
22ce3c37-3020-486d-9c31-d64e0e206859,2026-05-11,1,10200,10200,10200
22ce3c37-3020-486d-9c31-d64e0e206859,2026-05-18,1,16200,16200,16200
22ce3c37-3020-486d-9c31-d64e0e206859,2026-06-15,1,12600,12600,12600
22ce3c37-3020-486d-9c31-d64e0e206859,2026-06-22,1,12002.4,12002.4,12002.4
22ce3c37-3020-486d-9c31-d64e0e206859,2026-07-20,1,12000,12000,12000
22ce3c37-3020-486d-9c31-d64e0e206859,2026-07-27,1,12099,12099,12099
22ce3c37-3020-486d-9c31-d64e0e206859,2026-08-17,1,15000,15000,15000
22ce3c37-3020-486d-9c31-d64e0e206859,2026-08-31,1,21000,21000,21000
22ce3c37-3020-486d-9c31-d64e0e206859,2026-09-07,1,20000,20000,20000
22cfb345-6573-49a7-a8da-296c36d56309,2022-11-28,1,25.2,25.2,25.2
22cfb345-6573-49a7-a8da-296c36d56309,2023-01-02,1,41,41,41
22cfb345-6573-49a7-a8da-296c36d56309,2023-01-16,1,19.2,19.2,19.2
22cfb345-6573-49a7-a8da-296c36d56309,2023-01-23,1,22.52,22.52,22.52
22cfb345-6573-49a7-a8da-296c36d56309,2023-02-06,1,26,26,26
22cfb345-6573-49a7-a8da-296c36d56309,2023-04-10,1,15.5,15.5,15.5
22cfb345-6573-49a7-a8da-296c36d56309,2023-04-17,1,26,26,26
22cfb345-6573-49a7-a8da-296c36d56309,2023-06-19,1,54.99,54.99,54.99
22cfb345-6573-49a7-a8da-296c36d56309,2023-08-28,1,26,26,26
22cfb345-6573-49a7-a8da-296c36d56309,2023-09-11,1,15.5,15.5,15.5
22cfb345-6573-49a7-a8da-296c36d56309,2023-10-23,1,26.98,26.98,26.98
22cfb345-6573-49a7-a8da-296c36d56309,2024-04-22,1,39.9,39.9,39.9
22cfb345-6573-49a7-a8da-296c36d56309,2024-08-05,1,29.95,29.95,29.95
22cfb345-6573-49a7-a8da-296c36d56309,2024-08-19,1,29.95,29.95,29.95
22cfb345-6573-49a7-a8da-296c36d56309,2024-12-30,1,29.95,29.95,29.95
22cfb345-6573-49a7-a8da-296c36d56309,2025-01-06,1,28.19,28.19,28.19
22cfb345-6573-49a7-a8da-296c36d56309,2025-04-07,1,26,26,26
22cfb345-6573-49a7-a8da-296c36d56309,2025-05-05,2,29.39,27.58,31.2
22cfb345-6573-49a7-a8da-296c36d56309,2025-05-19,1,25.2,25.2,25.2
22cfb345-6573-49a7-a8da-296c36d56309,2025-06-02,1,19.2,19.2,19.2
22cfb345-6573-49a7-a8da-296c36d56309,2025-06-23,2,31,31,31
22cfb345-6573-49a7-a8da-296c36d56309,2025-06-30,1,32.4,32.4,32.4
22cfb345-6573-49a7-a8da-296c36d56309,2025-07-21,1,29.95,29.95,29.95
22cfb345-6573-49a7-a8da-296c36d56309,2025-08-04,1,27.6,27.6,27.6
22cfb345-6573-49a7-a8da-296c36d56309,2025-08-11,1,29.99,29.99,29.99
22cfb345-6573-49a7-a8da-296c36d56309,2025-11-03,1,32,32,32
22cfb345-6573-49a7-a8da-296c36d56309,2025-12-01,1,46.58,46.58,46.58
22cfb345-6573-49a7-a8da-296c36d56309,2025-12-22,1,33,33,33
22cfb345-6573-49a7-a8da-296c36d56309,2026-01-26,1,17.5,17.5,17.5
22cfb345-6573-49a7-a8da-296c36d56309,2026-02-02,1,25,25,25
22cfb345-6573-49a7-a8da-296c36d56309,2026-03-16,2,42.37,37.99,46.75
22cfb345-6573-49a7-a8da-296c36d56309,2026-03-23,1,27,27,27
22cfb345-6573-49a7-a8da-296c36d56309,2026-04-13,2,42,39.99,44
22cfb345-6573-49a7-a8da-296c36d56309,2026-04-20,1,36,36,36
22cfb345-6573-49a7-a8da-296c36d56309,2026-05-04,2,41.5,39,44
22cfb345-6573-49a7-a8da-296c36d56309,2026-05-11,2,38.8,38,39.6
22cfb345-6573-49a7-a8da-296c36d56309,2026-05-18,1,38,38,38
22cfb345-6573-49a7-a8da-296c36d56309,2026-05-25,1,42,42,42
22d0dbbc-1387-4ca3-ac93-7609e6c5a9fd,2021-09-27,1,71,71,71
22d0dbbc-1387-4ca3-ac93-7609e6c5a9fd,2021-10-04,1,42,42,42
22d0dbbc-1387-4ca3-ac93-7609e6c5a9fd,2021-10-11,2,53,51,54.99
22d0dbbc-1387-4ca3-ac93-7609e6c5a9fd,2021-10-25,3,50,36.06,54
22d0dbbc-1387-4ca3-ac93-7609e6c5a9fd,2021-11-01,1,55,55,55
22d0dbbc-1387-4ca3-ac93-7609e6c5a9fd,2021-11-08,2,27.44,20,34.88
22d0dbbc-1387-4ca3-ac93-7609e6c5a9fd,2021-11-15,3,31,21.5,31
22d0dbbc-1387-4ca3-ac93-7609e6c5a9fd,2021-11-22,3,38,31.66,53.33
22d0dbbc-1387-4ca3-ac93-7609e6c5a9fd,2021-11-29,3,36.69,36,51
22d0dbbc-1387-4ca3-ac93-7609e6c5a9fd,2021-12-13,3,36.88,31.51,39.33
22d0dbbc-1387-4ca3-ac93-7609e6c5a9fd,2021-12-20,1,40,40,40
22d0dbbc-1387-4ca3-ac93-7609e6c5a9fd,2022-01-03,1,31.03,31.03,31.03
22d0dbbc-1387-4ca3-ac93-7609e6c5a9fd,2022-01-17,3,41,30.69,51
22d0dbbc-1387-4ca3-ac93-7609e6c5a9fd,2022-01-24,3,40,37,42.68
22d0dbbc-1387-4ca3-ac93-7609e6c5a9fd,2022-01-31,2,34,31,37
22d0dbbc-1387-4ca3-ac93-7609e6c5a9fd,2022-02-07,1,25,25,25
22d0dbbc-1387-4ca3-ac93-7609e6c5a9fd,2022-02-14,1,39,39,39
22d0dbbc-1387-4ca3-ac93-7609e6c5a9fd,2022-02-21,3,39.99,37,46
22d0dbbc-1387-4ca3-ac93-7609e6c5a9fd,2022-02-28,1,31,31,31
22d0dbbc-1387-4ca3-ac93-7609e6c5a9fd,2022-03-07,1,53.83,53.83,53.83
22d0dbbc-1387-4ca3-ac93-7609e6c5a9fd,2022-03-14,2,48.3,48,48.59
22d0dbbc-1387-4ca3-ac93-7609e6c5a9fd,2022-03-21,1,33.34,33.34,33.34
22d0dbbc-1387-4ca3-ac93-7609e6c5a9fd,2022-03-28,1,39,39,39
22d0dbbc-1387-4ca3-ac93-7609e6c5a9fd,2022-04-04,2,41,37,45
22d0dbbc-1387-4ca3-ac93-7609e6c5a9fd,2022-04-11,1,22.98,22.98,22.98
22d0dbbc-1387-4ca3-ac93-7609e6c5a9fd,2022-04-18,1,41,41,41
22d0dbbc-1387-4ca3-ac93-7609e6c5a9fd,2022-04-25,1,50.02,50.02,50.02
22d0dbbc-1387-4ca3-ac93-7609e6c5a9fd,2022-05-02,4,37.75,24.26,49.99
22d0dbbc-1387-4ca3-ac93-7609e6c5a9fd,2022-05-09,1,41,41,41
22d0dbbc-1387-4ca3-ac93-7609e6c5a9fd,2022-05-23,1,51,51,51
22d0dbbc-1387-4ca3-ac93-7609e6c5a9fd,2022-05-30,2,30.02,24.5,35.55
22d0dbbc-1387-4ca3-ac93-7609e6c5a9fd,2022-06-06,1,33.88,33.88,33.88
22d0dbbc-1387-4ca3-ac93-7609e6c5a9fd,2022-06-13,1,36,36,36
22d0dbbc-1387-4ca3-ac93-7609e6c5a9fd,2022-06-27,1,67.72,67.72,67.72
22d0dbbc-1387-4ca3-ac93-7609e6c5a9fd,2022-07-11,1,27.36,27.36,27.36
22d0dbbc-1387-4ca3-ac93-7609e6c5a9fd,2022-07-18,3,39.99,31,40.51
22d0dbbc-1387-4ca3-ac93-7609e6c5a9fd,2022-08-29,1,44.4,44.4,44.4
22d0dbbc-1387-4ca3-ac93-7609e6c5a9fd,2022-09-05,1,52.12,52.12,52.12
22d0dbbc-1387-4ca3-ac93-7609e6c5a9fd,2022-09-12,1,30,30,30
22d0dbbc-1387-4ca3-ac93-7609e6c5a9fd,2022-09-19,1,32,32,32
22d0dbbc-1387-4ca3-ac93-7609e6c5a9fd,2022-10-17,1,45,45,45
22d0dbbc-1387-4ca3-ac93-7609e6c5a9fd,2022-10-24,1,30,30,30
22d0dbbc-1387-4ca3-ac93-7609e6c5a9fd,2022-11-07,4,31.5,28,40
22d0dbbc-1387-4ca3-ac93-7609e6c5a9fd,2022-11-14,1,37,37,37
22d0dbbc-1387-4ca3-ac93-7609e6c5a9fd,2022-11-21,1,30,30,30
22d0dbbc-1387-4ca3-ac93-7609e6c5a9fd,2022-12-05,2,34.23,32.5,35.95
22d0dbbc-1387-4ca3-ac93-7609e6c5a9fd,2022-12-19,1,45.6,45.6,45.6
22d0dbbc-1387-4ca3-ac93-7609e6c5a9fd,2023-01-23,1,29.99,29.99,29.99
22d0dbbc-1387-4ca3-ac93-7609e6c5a9fd,2023-01-30,1,44.49,44.49,44.49
22d0dbbc-1387-4ca3-ac93-7609e6c5a9fd,2023-02-06,1,19.2,19.2,19.2
22d0dbbc-1387-4ca3-ac93-7609e6c5a9fd,2023-02-20,1,48.72,48.72,48.72
22d0dbbc-1387-4ca3-ac93-7609e6c5a9fd,2023-03-13,1,26.4,26.4,26.4
22d0dbbc-1387-4ca3-ac93-7609e6c5a9fd,2023-03-20,3,30.44,20,49.99
22d0dbbc-1387-4ca3-ac93-7609e6c5a9fd,2023-03-27,1,50,50,50
22d0dbbc-1387-4ca3-ac93-7609e6c5a9fd,2023-04-03,1,25,25,25
22d0dbbc-1387-4ca3-ac93-7609e6c5a9fd,2023-04-24,2,43.88,31.2,56.56
22d0dbbc-1387-4ca3-ac93-7609e6c5a9fd,2023-05-08,1,23.53,23.53,23.53
22d0dbbc-1387-4ca3-ac93-7609e6c5a9fd,2023-05-15,2,27.77,21.54,34
22d0dbbc-1387-4ca3-ac93-7609e6c5a9fd,2023-05-22,3,30,29.99,56.88
22d0dbbc-1387-4ca3-ac93-7609e6c5a9fd,2023-05-29,2,48.09,40,56.17
22d0dbbc-1387-4ca3-ac93-7609e6c5a9fd,2023-06-05,1,31.2,31.2,31.2
22d0dbbc-1387-4ca3-ac93-7609e6c5a9fd,2023-06-19,1,26.99,26.99,26.99
22d0dbbc-1387-4ca3-ac93-7609e6c5a9fd,2023-06-26,1,27.99,27.99,27.99
22d0dbbc-1387-4ca3-ac93-7609e6c5a9fd,2023-07-10,1,30.65,30.65,30.65
22d0dbbc-1387-4ca3-ac93-7609e6c5a9fd,2023-07-17,2,27.5,25,30
22d0dbbc-1387-4ca3-ac93-7609e6c5a9fd,2023-08-07,1,35,35,35
22d0dbbc-1387-4ca3-ac93-7609e6c5a9fd,2023-08-21,1,19.05,19.05,19.05
22d0dbbc-1387-4ca3-ac93-7609e6c5a9fd,2023-09-04,1,30,30,30
22d0dbbc-1387-4ca3-ac93-7609e6c5a9fd,2023-09-25,2,34.5,34,35
22d0dbbc-1387-4ca3-ac93-7609e6c5a9fd,2023-10-02,1,48.46,48.46,48.46
22d0dbbc-1387-4ca3-ac93-7609e6c5a9fd,2023-11-27,1,56.73,56.73,56.73
22d0dbbc-1387-4ca3-ac93-7609e6c5a9fd,2023-12-18,1,35.01,35.01,35.01
22d0dbbc-1387-4ca3-ac93-7609e6c5a9fd,2024-01-01,1,67.01,67.01,67.01
22d0dbbc-1387-4ca3-ac93-7609e6c5a9fd,2024-02-05,1,27.95,27.95,27.95
22d0dbbc-1387-4ca3-ac93-7609e6c5a9fd,2024-02-26,1,39.6,39.6,39.6
22d0dbbc-1387-4ca3-ac93-7609e6c5a9fd,2024-03-25,1,56,56,56
22d0dbbc-1387-4ca3-ac93-7609e6c5a9fd,2024-04-15,2,45.01,39.16,50.86
22d0dbbc-1387-4ca3-ac93-7609e6c5a9fd,2024-06-10,1,63.59,63.59,63.59
22d0dbbc-1387-4ca3-ac93-7609e6c5a9fd,2024-06-24,1,40,40,40
22d0dbbc-1387-4ca3-ac93-7609e6c5a9fd,2024-07-08,1,31,31,31
22d0dbbc-1387-4ca3-ac93-7609e6c5a9fd,2024-07-15,1,33.99,33.99,33.99
22d0dbbc-1387-4ca3-ac93-7609e6c5a9fd,2024-07-29,1,34,34,34
22d0dbbc-1387-4ca3-ac93-7609e6c5a9fd,2024-08-05,2,42.5,41,44
22d0dbbc-1387-4ca3-ac93-7609e6c5a9fd,2024-08-19,2,43.78,28,59.56
22d0dbbc-1387-4ca3-ac93-7609e6c5a9fd,2024-09-02,1,40,40,40
22d0dbbc-1387-4ca3-ac93-7609e6c5a9fd,2024-09-09,1,48,48,48
22d0dbbc-1387-4ca3-ac93-7609e6c5a9fd,2024-09-16,1,25.2,25.2,25.2
22d0dbbc-1387-4ca3-ac93-7609e6c5a9fd,2024-09-23,1,37,37,37
22d0dbbc-1387-4ca3-ac93-7609e6c5a9fd,2024-09-30,2,55.05,50.71,59.38
22d0dbbc-1387-4ca3-ac93-7609e6c5a9fd,2024-10-14,1,47,47,47
22d0dbbc-1387-4ca3-ac93-7609e6c5a9fd,2024-12-02,1,58,58,58
22d0dbbc-1387-4ca3-ac93-7609e6c5a9fd,2024-12-09,1,37.2,37.2,37.2
22d0dbbc-1387-4ca3-ac93-7609e6c5a9fd,2024-12-30,1,78,78,78
22d0dbbc-1387-4ca3-ac93-7609e6c5a9fd,2025-01-06,1,57.74,57.74,57.74
22d0dbbc-1387-4ca3-ac93-7609e6c5a9fd,2025-02-03,1,46,46,46
22d0dbbc-1387-4ca3-ac93-7609e6c5a9fd,2025-02-10,1,28.83,28.83,28.83
22d0dbbc-1387-4ca3-ac93-7609e6c5a9fd,2025-02-17,1,75.14,75.14,75.14
22d0dbbc-1387-4ca3-ac93-7609e6c5a9fd,2025-02-24,1,55,55,55
22d0dbbc-1387-4ca3-ac93-7609e6c5a9fd,2025-03-10,2,61.23,54.97,67.5
22d0dbbc-1387-4ca3-ac93-7609e6c5a9fd,2025-03-17,1,49.66,49.66,49.66
22d0dbbc-1387-4ca3-ac93-7609e6c5a9fd,2025-03-24,2,63.35,55.7,71
22d0dbbc-1387-4ca3-ac93-7609e6c5a9fd,2025-04-07,1,79.99,79.99,79.99
22d0dbbc-1387-4ca3-ac93-7609e6c5a9fd,2025-04-14,2,59.5,56,63
22d0dbbc-1387-4ca3-ac93-7609e6c5a9fd,2025-05-26,1,72.5,72.5,72.5
22d0dbbc-1387-4ca3-ac93-7609e6c5a9fd,2025-06-02,1,51,51,51
22d0dbbc-1387-4ca3-ac93-7609e6c5a9fd,2025-06-09,3,54.45,43,64.99
22d0dbbc-1387-4ca3-ac93-7609e6c5a9fd,2025-06-30,1,45,45,45
22d0dbbc-1387-4ca3-ac93-7609e6c5a9fd,2025-07-07,1,79.99,79.99,79.99
22d0dbbc-1387-4ca3-ac93-7609e6c5a9fd,2025-07-14,1,45,45,45
22d0dbbc-1387-4ca3-ac93-7609e6c5a9fd,2025-09-08,1,69.34,69.34,69.34
22d0dbbc-1387-4ca3-ac93-7609e6c5a9fd,2025-09-15,1,46,46,46
22d0dbbc-1387-4ca3-ac93-7609e6c5a9fd,2025-09-29,2,51,49.99,52
22d0dbbc-1387-4ca3-ac93-7609e6c5a9fd,2025-10-06,1,69,69,69
22d0dbbc-1387-4ca3-ac93-7609e6c5a9fd,2025-10-27,1,58,58,58
22d0dbbc-1387-4ca3-ac93-7609e6c5a9fd,2025-12-08,1,74.99,74.99,74.99
22d0dbbc-1387-4ca3-ac93-7609e6c5a9fd,2025-12-15,1,58.8,58.8,58.8
22d0dbbc-1387-4ca3-ac93-7609e6c5a9fd,2025-12-29,1,78.99,78.99,78.99
22d0dbbc-1387-4ca3-ac93-7609e6c5a9fd,2026-01-05,1,70,70,70
22d0dbbc-1387-4ca3-ac93-7609e6c5a9fd,2026-01-12,1,83,83,83
22d0dbbc-1387-4ca3-ac93-7609e6c5a9fd,2026-02-16,1,80,80,80
22d0dbbc-1387-4ca3-ac93-7609e6c5a9fd,2026-02-23,1,79.54,79.54,79.54
22d0dbbc-1387-4ca3-ac93-7609e6c5a9fd,2026-03-16,2,85.17,72,98.34
22d0dbbc-1387-4ca3-ac93-7609e6c5a9fd,2026-04-06,2,66.68,57.36,76
22d0dbbc-1387-4ca3-ac93-7609e6c5a9fd,2026-04-20,1,85,85,85
22d0dbbc-1387-4ca3-ac93-7609e6c5a9fd,2026-05-04,2,76.54,72.02,81.06
22d0dbbc-1387-4ca3-ac93-7609e6c5a9fd,2026-06-08,1,71.74,71.74,71.74
22d0dbbc-1387-4ca3-ac93-7609e6c5a9fd,2026-06-15,1,70,70,70
22d0dbbc-1387-4ca3-ac93-7609e6c5a9fd,2026-06-22,1,99.99,99.99,99.99
22d0dbbc-1387-4ca3-ac93-7609e6c5a9fd,2026-06-29,1,120,120,120
22d0dbbc-1387-4ca3-ac93-7609e6c5a9fd,2026-07-06,1,93,93,93
22d0dbbc-1387-4ca3-ac93-7609e6c5a9fd,2026-08-03,2,219,189,249
22d0dbbc-1387-4ca3-ac93-7609e6c5a9fd,2026-08-10,1,120.22,120.22,120.22
22d0dbbc-1387-4ca3-ac93-7609e6c5a9fd,2026-08-31,1,199,199,199
22d25564-cde1-48b0-86c9-f6e74593a4b9,2023-11-06,1,40,40,40
22d25564-cde1-48b0-86c9-f6e74593a4b9,2024-02-05,1,33.99,33.99,33.99
22d25564-cde1-48b0-86c9-f6e74593a4b9,2024-08-19,1,49.99,49.99,49.99
22d41b78-4fb3-4e8f-9e4f-a717dee62898,2025-09-08,8,1065,943,1225
22d41b78-4fb3-4e8f-9e4f-a717dee62898,2025-09-15,7,1155,1075,1276
22d41b78-4fb3-4e8f-9e4f-a717dee62898,2025-09-22,3,1150,1100,1215
22d41b78-4fb3-4e8f-9e4f-a717dee62898,2025-09-29,3,1225,1200,1325
22d41b78-4fb3-4e8f-9e4f-a717dee62898,2025-10-06,5,1350,1170,2500
22d41b78-4fb3-4e8f-9e4f-a717dee62898,2025-10-13,3,1225,1205,1320
22d41b78-4fb3-4e8f-9e4f-a717dee62898,2025-10-27,2,1077.5,930,1225
22d41b78-4fb3-4e8f-9e4f-a717dee62898,2025-11-03,3,1025,930,1175
22d41b78-4fb3-4e8f-9e4f-a717dee62898,2025-11-10,11,813.94,767.53,913.89
22d41b78-4fb3-4e8f-9e4f-a717dee62898,2025-11-17,5,870,820,900
22d41b78-4fb3-4e8f-9e4f-a717dee62898,2025-11-24,7,816,761,860
22d41b78-4fb3-4e8f-9e4f-a717dee62898,2025-12-01,5,845,810,850
22d41b78-4fb3-4e8f-9e4f-a717dee62898,2025-12-08,4,837.5,775,855
22d41b78-4fb3-4e8f-9e4f-a717dee62898,2025-12-15,1,815.99,815.99,815.99
22d41b78-4fb3-4e8f-9e4f-a717dee62898,2025-12-22,3,1059.48,854.99,1293.82
22d41b78-4fb3-4e8f-9e4f-a717dee62898,2025-12-29,5,918,847.2,998
22d41b78-4fb3-4e8f-9e4f-a717dee62898,2026-01-05,4,949.98,838,1000
22d41b78-4fb3-4e8f-9e4f-a717dee62898,2026-01-12,8,1000,930,1050
22d41b78-4fb3-4e8f-9e4f-a717dee62898,2026-01-19,2,1045,990,1100
22d41b78-4fb3-4e8f-9e4f-a717dee62898,2026-02-02,3,1040,910,1075
22d41b78-4fb3-4e8f-9e4f-a717dee62898,2026-02-09,4,1145,1099.99,1200
22d41b78-4fb3-4e8f-9e4f-a717dee62898,2026-02-16,8,1105.5,983.12,1160
22d41b78-4fb3-4e8f-9e4f-a717dee62898,2026-02-23,3,1110,1092,1125
22d41b78-4fb3-4e8f-9e4f-a717dee62898,2026-03-02,3,1150,1125,1219.89
22d41b78-4fb3-4e8f-9e4f-a717dee62898,2026-03-09,2,1174.99,1149.99,1199.99
22d41b78-4fb3-4e8f-9e4f-a717dee62898,2026-03-16,5,1150,1050,1200
22d41b78-4fb3-4e8f-9e4f-a717dee62898,2026-03-23,3,1249.99,1249.99,1325
22d41b78-4fb3-4e8f-9e4f-a717dee62898,2026-03-30,4,1314.7,1250,1380
22d41b78-4fb3-4e8f-9e4f-a717dee62898,2026-04-06,2,1413,1376,1450
22d41b78-4fb3-4e8f-9e4f-a717dee62898,2026-04-13,4,1412.5,1350,1650
22d41b78-4fb3-4e8f-9e4f-a717dee62898,2026-04-20,2,1432.75,1177,1688.5
22d41b78-4fb3-4e8f-9e4f-a717dee62898,2026-04-27,4,1624,1499.99,1802
22d41b78-4fb3-4e8f-9e4f-a717dee62898,2026-05-04,5,1650,1624.99,1860
22d41b78-4fb3-4e8f-9e4f-a717dee62898,2026-05-11,2,1591.33,1432.66,1750
22d41b78-4fb3-4e8f-9e4f-a717dee62898,2026-05-18,2,1713,1676,1750
22d41b78-4fb3-4e8f-9e4f-a717dee62898,2026-05-25,4,1591,1425,1900
22d41b78-4fb3-4e8f-9e4f-a717dee62898,2026-06-01,2,1552.49,1549.99,1555
22d41b78-4fb3-4e8f-9e4f-a717dee62898,2026-06-08,3,1699.99,1500,1700
22d41b78-4fb3-4e8f-9e4f-a717dee62898,2026-06-15,2,1599.99,1500,1699.99
22d41b78-4fb3-4e8f-9e4f-a717dee62898,2026-06-22,3,1221.05,1219.89,1559.99
22d41b78-4fb3-4e8f-9e4f-a717dee62898,2026-06-29,2,1582.49,1565,1599.99
22d41b78-4fb3-4e8f-9e4f-a717dee62898,2026-07-06,5,1440,1255,1550
22d41b78-4fb3-4e8f-9e4f-a717dee62898,2026-07-13,2,2003.75,1999,2008.5
22d41b78-4fb3-4e8f-9e4f-a717dee62898,2026-07-20,2,1346,1317,1375
22d41b78-4fb3-4e8f-9e4f-a717dee62898,2026-07-27,2,1310,1170,1450
22d41b78-4fb3-4e8f-9e4f-a717dee62898,2026-08-03,2,1575,1500,1650
22d41b78-4fb3-4e8f-9e4f-a717dee62898,2026-08-10,4,1669.5,1640,1800
22d41b78-4fb3-4e8f-9e4f-a717dee62898,2026-08-17,5,1777.2,1389.99,2100
22d41b78-4fb3-4e8f-9e4f-a717dee62898,2026-08-24,1,1900,1900,1900
22d41b78-4fb3-4e8f-9e4f-a717dee62898,2026-08-31,2,1625.5,1550,1701
22d5dffc-721b-4f7f-9ffa-f52f75030065,2024-07-22,1,5.5,5.5,5.5
22d5dffc-721b-4f7f-9ffa-f52f75030065,2026-08-10,1,21.01,21.01,21.01
22d780b8-4fe0-4745-b033-bcae65f71ae5,2021-06-28,1,75,75,75
22d780b8-4fe0-4745-b033-bcae65f71ae5,2021-09-27,1,75,75,75
22d780b8-4fe0-4745-b033-bcae65f71ae5,2021-11-08,1,75,75,75
22d780b8-4fe0-4745-b033-bcae65f71ae5,2021-12-27,2,38.38,26.77,50
22d780b8-4fe0-4745-b033-bcae65f71ae5,2022-02-28,2,30,19.2,40.8
22d780b8-4fe0-4745-b033-bcae65f71ae5,2022-03-14,2,30.45,29.89,31
22d780b8-4fe0-4745-b033-bcae65f71ae5,2022-04-11,1,20.4,20.4,20.4
22d780b8-4fe0-4745-b033-bcae65f71ae5,2022-04-25,1,25.2,25.2,25.2
22d780b8-4fe0-4745-b033-bcae65f71ae5,2022-08-08,1,18.5,18.5,18.5
22d780b8-4fe0-4745-b033-bcae65f71ae5,2022-08-15,1,21.5,21.5,21.5
22d780b8-4fe0-4745-b033-bcae65f71ae5,2022-08-22,1,16.5,16.5,16.5
22d780b8-4fe0-4745-b033-bcae65f71ae5,2022-09-05,1,16.5,16.5,16.5
22d780b8-4fe0-4745-b033-bcae65f71ae5,2023-01-02,3,25.2,21.5,59.99
22d780b8-4fe0-4745-b033-bcae65f71ae5,2023-01-23,2,19.2,19.2,19.2
22d780b8-4fe0-4745-b033-bcae65f71ae5,2023-02-06,2,22.8,21.6,24
22d780b8-4fe0-4745-b033-bcae65f71ae5,2023-02-13,1,21.6,21.6,21.6
22d780b8-4fe0-4745-b033-bcae65f71ae5,2023-02-20,1,15.6,15.6,15.6
22d780b8-4fe0-4745-b033-bcae65f71ae5,2023-02-27,1,26.4,26.4,26.4
22d780b8-4fe0-4745-b033-bcae65f71ae5,2023-05-29,1,20.4,20.4,20.4
22d780b8-4fe0-4745-b033-bcae65f71ae5,2023-07-10,1,50,50,50
22d780b8-4fe0-4745-b033-bcae65f71ae5,2023-07-31,1,21.6,21.6,21.6
22d780b8-4fe0-4745-b033-bcae65f71ae5,2023-08-14,1,25.2,25.2,25.2
22d780b8-4fe0-4745-b033-bcae65f71ae5,2023-08-28,1,18,18,18
22d780b8-4fe0-4745-b033-bcae65f71ae5,2023-10-09,1,25.49,25.49,25.49
22d780b8-4fe0-4745-b033-bcae65f71ae5,2023-11-13,1,18,18,18
22d780b8-4fe0-4745-b033-bcae65f71ae5,2023-11-20,2,12.6,12,13.2
22d780b8-4fe0-4745-b033-bcae65f71ae5,2023-11-27,1,22.8,22.8,22.8
22d780b8-4fe0-4745-b033-bcae65f71ae5,2023-12-04,2,27.69,20.4,34.98
22d780b8-4fe0-4745-b033-bcae65f71ae5,2023-12-11,2,19.8,16.8,22.8
22d780b8-4fe0-4745-b033-bcae65f71ae5,2023-12-18,2,19.2,19.2,19.2
22d780b8-4fe0-4745-b033-bcae65f71ae5,2024-01-08,2,27.6,24,31.2
22d780b8-4fe0-4745-b033-bcae65f71ae5,2024-02-05,2,21.6,19.2,24
22d780b8-4fe0-4745-b033-bcae65f71ae5,2024-02-19,2,19.8,18,21.6
22d780b8-4fe0-4745-b033-bcae65f71ae5,2024-02-26,2,18.6,16.8,20.4
22d780b8-4fe0-4745-b033-bcae65f71ae5,2024-03-04,3,18,14.5,18
22d780b8-4fe0-4745-b033-bcae65f71ae5,2024-03-11,3,14.4,14.4,15
22d780b8-4fe0-4745-b033-bcae65f71ae5,2024-03-18,2,19.2,19.2,19.2
22d780b8-4fe0-4745-b033-bcae65f71ae5,2024-03-25,2,15.6,15.6,15.6
22d780b8-4fe0-4745-b033-bcae65f71ae5,2024-04-01,2,18,18,18
22d780b8-4fe0-4745-b033-bcae65f71ae5,2024-04-08,3,13.2,10.5,13.2
22d780b8-4fe0-4745-b033-bcae65f71ae5,2024-04-15,2,19.55,17.5,21.6
22d780b8-4fe0-4745-b033-bcae65f71ae5,2024-04-22,2,16.8,15.6,18
22d780b8-4fe0-4745-b033-bcae65f71ae5,2024-04-29,3,16.8,16.8,22.49
22d780b8-4fe0-4745-b033-bcae65f71ae5,2024-05-06,1,22.49,22.49,22.49
22d780b8-4fe0-4745-b033-bcae65f71ae5,2024-06-17,1,21.16,21.16,21.16
22d780b8-4fe0-4745-b033-bcae65f71ae5,2024-06-24,1,22.99,22.99,22.99
22d780b8-4fe0-4745-b033-bcae65f71ae5,2024-07-15,1,19.5,19.5,19.5
22d780b8-4fe0-4745-b033-bcae65f71ae5,2024-07-22,1,19.99,19.99,19.99
22d780b8-4fe0-4745-b033-bcae65f71ae5,2024-08-05,2,24.25,22.5,26
22d780b8-4fe0-4745-b033-bcae65f71ae5,2024-09-30,1,29.62,29.62,29.62
22d780b8-4fe0-4745-b033-bcae65f71ae5,2024-12-02,1,8.5,8.5,8.5
22d780b8-4fe0-4745-b033-bcae65f71ae5,2024-12-23,1,33.24,33.24,33.24
22d780b8-4fe0-4745-b033-bcae65f71ae5,2025-01-27,1,30,30,30
22d780b8-4fe0-4745-b033-bcae65f71ae5,2025-04-07,1,24.99,24.99,24.99
22d780b8-4fe0-4745-b033-bcae65f71ae5,2025-04-14,1,44.54,44.54,44.54
22d780b8-4fe0-4745-b033-bcae65f71ae5,2025-04-28,1,24,24,24
22d780b8-4fe0-4745-b033-bcae65f71ae5,2025-06-02,1,32,32,32
22d780b8-4fe0-4745-b033-bcae65f71ae5,2025-09-01,1,22.5,22.5,22.5
22d780b8-4fe0-4745-b033-bcae65f71ae5,2025-09-08,1,59,59,59
22d780b8-4fe0-4745-b033-bcae65f71ae5,2026-01-26,1,75,75,75
22d780b8-4fe0-4745-b033-bcae65f71ae5,2026-02-09,1,45,45,45
22d780b8-4fe0-4745-b033-bcae65f71ae5,2026-02-23,3,31,31,34
22d780b8-4fe0-4745-b033-bcae65f71ae5,2026-03-02,1,68,68,68
22d780b8-4fe0-4745-b033-bcae65f71ae5,2026-04-13,1,70,70,70
22d780b8-4fe0-4745-b033-bcae65f71ae5,2026-06-01,1,70,70,70
22d780b8-4fe0-4745-b033-bcae65f71ae5,2026-08-17,1,36.69,36.69,36.69
22d780b8-4fe0-4745-b033-bcae65f71ae5,2026-08-31,1,60.99,60.99,60.99
22d97de9-c92f-4eae-9884-0bba16dd36dc,2023-05-29,1,25,25,25
22d97de9-c92f-4eae-9884-0bba16dd36dc,2023-06-05,2,7.5,5.5,9.5
22d97de9-c92f-4eae-9884-0bba16dd36dc,2023-07-03,1,31.2,31.2,31.2
22dbd55c-88e1-41d4-bba7-eac4c95a0b35,2022-06-20,1,200,200,200
22ddfc9b-42ed-49d5-b4f7-664ea1dd6147,2023-05-29,1,38.5,38.5,38.5
22ddfc9b-42ed-49d5-b4f7-664ea1dd6147,2023-06-05,2,40.23,40,40.45
22ddfc9b-42ed-49d5-b4f7-664ea1dd6147,2023-06-12,1,49.99,49.99,49.99
22ddfc9b-42ed-49d5-b4f7-664ea1dd6147,2023-06-19,1,50,50,50
22ddfc9b-42ed-49d5-b4f7-664ea1dd6147,2023-07-03,1,49.99,49.99,49.99
22ddfc9b-42ed-49d5-b4f7-664ea1dd6147,2023-07-10,1,30,30,30
22ddfc9b-42ed-49d5-b4f7-664ea1dd6147,2023-07-31,1,40,40,40
22ddfc9b-42ed-49d5-b4f7-664ea1dd6147,2023-08-14,2,58.96,35,82.92
22ddfc9b-42ed-49d5-b4f7-664ea1dd6147,2023-08-28,1,35,35,35
22ddfc9b-42ed-49d5-b4f7-664ea1dd6147,2023-09-04,1,49,49,49
22ddfc9b-42ed-49d5-b4f7-664ea1dd6147,2023-09-25,1,39.99,39.99,39.99
22ddfc9b-42ed-49d5-b4f7-664ea1dd6147,2023-10-16,1,39.99,39.99,39.99
22ddfc9b-42ed-49d5-b4f7-664ea1dd6147,2023-10-30,1,42.74,42.74,42.74
22ddfc9b-42ed-49d5-b4f7-664ea1dd6147,2023-11-06,1,26,26,26
22ddfc9b-42ed-49d5-b4f7-664ea1dd6147,2023-11-27,1,23.5,23.5,23.5
22ddfc9b-42ed-49d5-b4f7-664ea1dd6147,2023-12-04,2,43.5,40,46.99
22ddfc9b-42ed-49d5-b4f7-664ea1dd6147,2023-12-11,1,19.5,19.5,19.5
22ddfc9b-42ed-49d5-b4f7-664ea1dd6147,2023-12-18,1,44.99,44.99,44.99
22ddfc9b-42ed-49d5-b4f7-664ea1dd6147,2023-12-25,1,34.32,34.32,34.32
22ddfc9b-42ed-49d5-b4f7-664ea1dd6147,2024-01-01,1,40,40,40
22ddfc9b-42ed-49d5-b4f7-664ea1dd6147,2024-01-08,1,34,34,34
22ddfc9b-42ed-49d5-b4f7-664ea1dd6147,2024-01-15,1,30,30,30
22ddfc9b-42ed-49d5-b4f7-664ea1dd6147,2024-01-29,1,21.55,21.55,21.55
22ddfc9b-42ed-49d5-b4f7-664ea1dd6147,2024-02-05,1,26,26,26
22ddfc9b-42ed-49d5-b4f7-664ea1dd6147,2024-02-19,3,31,22,51.64
22ddfc9b-42ed-49d5-b4f7-664ea1dd6147,2024-02-26,2,27.95,20.91,35
22ddfc9b-42ed-49d5-b4f7-664ea1dd6147,2024-03-11,2,29.47,19.52,39.42
22ddfc9b-42ed-49d5-b4f7-664ea1dd6147,2024-03-18,3,24.99,17.08,30
22ddfc9b-42ed-49d5-b4f7-664ea1dd6147,2024-03-25,1,50,50,50
22ddfc9b-42ed-49d5-b4f7-664ea1dd6147,2024-04-22,1,44.99,44.99,44.99
22ddfc9b-42ed-49d5-b4f7-664ea1dd6147,2024-04-29,2,31.26,17.57,44.95
22ddfc9b-42ed-49d5-b4f7-664ea1dd6147,2024-05-06,1,13.5,13.5,13.5
22ddfc9b-42ed-49d5-b4f7-664ea1dd6147,2024-05-13,2,25.14,21,29.28
22ddfc9b-42ed-49d5-b4f7-664ea1dd6147,2024-05-20,1,36,36,36
22ddfc9b-42ed-49d5-b4f7-664ea1dd6147,2024-05-27,1,20.5,20.5,20.5
22ddfc9b-42ed-49d5-b4f7-664ea1dd6147,2024-06-03,2,28.82,20,37.64
22ddfc9b-42ed-49d5-b4f7-664ea1dd6147,2024-06-17,1,51.5,51.5,51.5
22ddfc9b-42ed-49d5-b4f7-664ea1dd6147,2024-06-24,1,34.15,34.15,34.15
22ddfc9b-42ed-49d5-b4f7-664ea1dd6147,2024-07-22,1,24.99,24.99,24.99
22ddfc9b-42ed-49d5-b4f7-664ea1dd6147,2024-08-05,1,33,33,33
22ddfc9b-42ed-49d5-b4f7-664ea1dd6147,2024-08-26,2,17.76,17.5,18.01
22ddfc9b-42ed-49d5-b4f7-664ea1dd6147,2024-09-02,1,35,35,35
22ddfc9b-42ed-49d5-b4f7-664ea1dd6147,2024-09-09,1,32.16,32.16,32.16
22ddfc9b-42ed-49d5-b4f7-664ea1dd6147,2024-09-16,1,30,30,30
22ddfc9b-42ed-49d5-b4f7-664ea1dd6147,2024-09-23,1,30,30,30
22ddfc9b-42ed-49d5-b4f7-664ea1dd6147,2024-10-07,1,46.99,46.99,46.99
22ddfc9b-42ed-49d5-b4f7-664ea1dd6147,2024-10-14,2,27.75,20.5,35
22ddfc9b-42ed-49d5-b4f7-664ea1dd6147,2024-10-21,3,31,20.85,35.42
22ddfc9b-42ed-49d5-b4f7-664ea1dd6147,2024-10-28,2,22.5,22.5,22.5
22ddfc9b-42ed-49d5-b4f7-664ea1dd6147,2024-11-04,1,22.55,22.55,22.55
22ddfc9b-42ed-49d5-b4f7-664ea1dd6147,2024-11-11,1,30,30,30
22ddfc9b-42ed-49d5-b4f7-664ea1dd6147,2024-11-18,3,21.51,20.51,21.99
22ddfc9b-42ed-49d5-b4f7-664ea1dd6147,2024-11-25,1,19.5,19.5,19.5
22ddfc9b-42ed-49d5-b4f7-664ea1dd6147,2024-12-02,7,24.99,20.51,38
22ddfc9b-42ed-49d5-b4f7-664ea1dd6147,2024-12-09,4,34,30,39.95
22ddfc9b-42ed-49d5-b4f7-664ea1dd6147,2024-12-23,2,31.5,30,33
22ddfc9b-42ed-49d5-b4f7-664ea1dd6147,2024-12-30,2,38,34.99,41
22ddfc9b-42ed-49d5-b4f7-664ea1dd6147,2025-01-06,2,29.5,29,30
22ddfc9b-42ed-49d5-b4f7-664ea1dd6147,2025-01-13,2,34.25,23.5,44.99
22ddfc9b-42ed-49d5-b4f7-664ea1dd6147,2025-01-20,1,50,50,50
22ddfc9b-42ed-49d5-b4f7-664ea1dd6147,2025-01-27,4,49.98,36,51
22ddfc9b-42ed-49d5-b4f7-664ea1dd6147,2025-02-10,2,50.5,50,51
22ddfc9b-42ed-49d5-b4f7-664ea1dd6147,2025-02-17,1,55,55,55
22ddfc9b-42ed-49d5-b4f7-664ea1dd6147,2025-02-24,1,41.5,41.5,41.5
22ddfc9b-42ed-49d5-b4f7-664ea1dd6147,2025-03-17,1,46.98,46.98,46.98
22ddfc9b-42ed-49d5-b4f7-664ea1dd6147,2025-03-24,2,50,45,55
22ddfc9b-42ed-49d5-b4f7-664ea1dd6147,2025-03-31,3,35,27,49
22ddfc9b-42ed-49d5-b4f7-664ea1dd6147,2025-04-14,1,45,45,45
22ddfc9b-42ed-49d5-b4f7-664ea1dd6147,2025-04-21,2,36,33,39
22ddfc9b-42ed-49d5-b4f7-664ea1dd6147,2025-04-28,1,65,65,65
22ddfc9b-42ed-49d5-b4f7-664ea1dd6147,2025-05-05,1,38,38,38
22ddfc9b-42ed-49d5-b4f7-664ea1dd6147,2025-05-12,2,48.5,46,51
22ddfc9b-42ed-49d5-b4f7-664ea1dd6147,2025-05-19,1,46,46,46
22ddfc9b-42ed-49d5-b4f7-664ea1dd6147,2025-05-26,3,40,22.04,49
22ddfc9b-42ed-49d5-b4f7-664ea1dd6147,2025-06-09,2,40.5,31,49.99
22ddfc9b-42ed-49d5-b4f7-664ea1dd6147,2025-06-16,3,35,26,49.99
22ddfc9b-42ed-49d5-b4f7-664ea1dd6147,2025-06-23,1,39,39,39
22ddfc9b-42ed-49d5-b4f7-664ea1dd6147,2025-06-30,1,58.69,58.69,58.69
22ddfc9b-42ed-49d5-b4f7-664ea1dd6147,2025-07-07,3,40.5,25,44.99
22ddfc9b-42ed-49d5-b4f7-664ea1dd6147,2025-07-21,3,59.99,55,80
22ddfc9b-42ed-49d5-b4f7-664ea1dd6147,2025-07-28,2,54.5,54,54.99
22ddfc9b-42ed-49d5-b4f7-664ea1dd6147,2025-08-11,3,50,50,59
22ddfc9b-42ed-49d5-b4f7-664ea1dd6147,2025-08-25,1,58,58,58
22ddfc9b-42ed-49d5-b4f7-664ea1dd6147,2025-09-01,1,59,59,59
22ddfc9b-42ed-49d5-b4f7-664ea1dd6147,2025-09-15,1,149.5,149.5,149.5
22ddfc9b-42ed-49d5-b4f7-664ea1dd6147,2025-09-22,1,59,59,59
22ddfc9b-42ed-49d5-b4f7-664ea1dd6147,2025-09-29,2,102,99.99,104
22ddfc9b-42ed-49d5-b4f7-664ea1dd6147,2025-10-06,3,91,41,92
22ddfc9b-42ed-49d5-b4f7-664ea1dd6147,2025-10-13,2,91.5,83,99.99
22ddfc9b-42ed-49d5-b4f7-664ea1dd6147,2025-10-20,3,85,83.13,99
22ddfc9b-42ed-49d5-b4f7-664ea1dd6147,2025-10-27,1,81,81,81
22ddfc9b-42ed-49d5-b4f7-664ea1dd6147,2025-11-03,1,70,70,70
22ddfc9b-42ed-49d5-b4f7-664ea1dd6147,2025-11-10,1,80,80,80
22ddfc9b-42ed-49d5-b4f7-664ea1dd6147,2025-11-17,1,50.37,50.37,50.37
22ddfc9b-42ed-49d5-b4f7-664ea1dd6147,2025-11-24,1,89.75,89.75,89.75
22ddfc9b-42ed-49d5-b4f7-664ea1dd6147,2025-12-01,1,72,72,72
22ddfc9b-42ed-49d5-b4f7-664ea1dd6147,2025-12-08,2,86,80,92
22ddfc9b-42ed-49d5-b4f7-664ea1dd6147,2025-12-15,1,85.47,85.47,85.47
22ddfc9b-42ed-49d5-b4f7-664ea1dd6147,2025-12-22,2,97,90,104
22ddfc9b-42ed-49d5-b4f7-664ea1dd6147,2025-12-29,2,75,55,95
22ddfc9b-42ed-49d5-b4f7-664ea1dd6147,2026-01-19,1,82,82,82
22ddfc9b-42ed-49d5-b4f7-664ea1dd6147,2026-02-09,1,66.68,66.68,66.68
22ddfc9b-42ed-49d5-b4f7-664ea1dd6147,2026-02-16,1,86.51,86.51,86.51
22ddfc9b-42ed-49d5-b4f7-664ea1dd6147,2026-03-09,2,80.5,79,81.99
22ddfc9b-42ed-49d5-b4f7-664ea1dd6147,2026-03-16,3,92,90,100
22ddfc9b-42ed-49d5-b4f7-664ea1dd6147,2026-03-23,1,67,67,67
22ddfc9b-42ed-49d5-b4f7-664ea1dd6147,2026-04-06,1,97.99,97.99,97.99
22ddfc9b-42ed-49d5-b4f7-664ea1dd6147,2026-04-13,2,94.4,88.8,100
22ddfc9b-42ed-49d5-b4f7-664ea1dd6147,2026-05-04,2,265.37,259.99,270.75
22ddfc9b-42ed-49d5-b4f7-664ea1dd6147,2026-05-11,2,250,240,259.99
22ddfc9b-42ed-49d5-b4f7-664ea1dd6147,2026-06-08,1,338,338,338
22ddfc9b-42ed-49d5-b4f7-664ea1dd6147,2026-06-29,2,240.19,225.39,255
22ddfc9b-42ed-49d5-b4f7-664ea1dd6147,2026-07-06,1,236.5,236.5,236.5
22ddfc9b-42ed-49d5-b4f7-664ea1dd6147,2026-07-20,3,255,232.5,399.99
22ddfc9b-42ed-49d5-b4f7-664ea1dd6147,2026-07-27,1,156,156,156
22ddfc9b-42ed-49d5-b4f7-664ea1dd6147,2026-08-17,3,229.99,225,349.99
22ddfc9b-42ed-49d5-b4f7-664ea1dd6147,2026-08-24,1,183.01,183.01,183.01
22ddfc9b-42ed-49d5-b4f7-664ea1dd6147,2026-08-31,2,231.25,202.5,260
22dee444-a469-4383-a16d-9b4bd8c4e2af,2023-10-09,1,19,19,19
22dee444-a469-4383-a16d-9b4bd8c4e2af,2024-09-02,1,100,100,100
22dee444-a469-4383-a16d-9b4bd8c4e2af,2026-03-02,1,449.99,449.99,449.99
22e01804-f70d-4dc3-835c-5e415b368a65,2023-12-04,2,12.2,12.2,12.2
22e1376e-5d03-4347-8207-0de959ef9f94,2024-11-11,1,42.54,42.54,42.54
22e74146-42cc-445a-abc0-07324a53c624,2021-10-04,1,37,37,37
22e74146-42cc-445a-abc0-07324a53c624,2022-01-03,1,75,75,75
22e74146-42cc-445a-abc0-07324a53c624,2022-03-14,1,45,45,45
22e74146-42cc-445a-abc0-07324a53c624,2022-05-16,1,15.5,15.5,15.5
22e74146-42cc-445a-abc0-07324a53c624,2022-05-23,1,29.99,29.99,29.99
22e74146-42cc-445a-abc0-07324a53c624,2022-07-04,2,16.75,13.5,20
22e74146-42cc-445a-abc0-07324a53c624,2022-07-18,1,12,12,12
22e74146-42cc-445a-abc0-07324a53c624,2022-07-25,1,12.5,12.5,12.5
22e74146-42cc-445a-abc0-07324a53c624,2022-10-17,1,29.99,29.99,29.99
22e74146-42cc-445a-abc0-07324a53c624,2023-01-16,1,20,20,20
22e74146-42cc-445a-abc0-07324a53c624,2023-04-03,1,30,30,30
22e74146-42cc-445a-abc0-07324a53c624,2023-04-24,1,15.5,15.5,15.5
22e74146-42cc-445a-abc0-07324a53c624,2023-11-13,1,13.08,13.08,13.08
22e74146-42cc-445a-abc0-07324a53c624,2025-01-20,1,19.99,19.99,19.99
22e74146-42cc-445a-abc0-07324a53c624,2025-06-02,1,15,15,15
22e74146-42cc-445a-abc0-07324a53c624,2025-09-22,1,30,30,30
22e74146-42cc-445a-abc0-07324a53c624,2025-12-01,1,60,60,60
22e74146-42cc-445a-abc0-07324a53c624,2026-02-16,1,65,65,65
22e74146-42cc-445a-abc0-07324a53c624,2026-08-10,1,49.99,49.99,49.99
22eab527-2e5b-487f-a842-18a2122e1947,2026-02-02,1,58,58,58
22ed5de7-b9ea-4a7a-8f65-e81159a28b83,2026-01-05,1,87.88,87.88,87.88
22efddb7-a6f2-4f82-8282-00c6dca96c57,2021-11-15,1,130,130,130
22efddb7-a6f2-4f82-8282-00c6dca96c57,2022-01-31,1,182.5,182.5,182.5
22efddb7-a6f2-4f82-8282-00c6dca96c57,2022-03-07,1,102.5,102.5,102.5
22efddb7-a6f2-4f82-8282-00c6dca96c57,2022-06-13,1,133.5,133.5,133.5
22efddb7-a6f2-4f82-8282-00c6dca96c57,2022-07-18,1,132.5,132.5,132.5
22efddb7-a6f2-4f82-8282-00c6dca96c57,2022-09-19,1,150,150,150
22efddb7-a6f2-4f82-8282-00c6dca96c57,2022-09-26,1,150,150,150
22efddb7-a6f2-4f82-8282-00c6dca96c57,2022-11-21,1,220,220,220
22efddb7-a6f2-4f82-8282-00c6dca96c57,2023-05-29,1,140.53,140.53,140.53
22efddb7-a6f2-4f82-8282-00c6dca96c57,2023-06-26,1,123.83,123.83,123.83
22efddb7-a6f2-4f82-8282-00c6dca96c57,2023-07-10,3,148.5,147.5,152.5
22efddb7-a6f2-4f82-8282-00c6dca96c57,2023-09-11,1,62.4,62.4,62.4
22efddb7-a6f2-4f82-8282-00c6dca96c57,2024-01-22,1,71,71,71
22efddb7-a6f2-4f82-8282-00c6dca96c57,2024-01-29,1,57,57,57
22efddb7-a6f2-4f82-8282-00c6dca96c57,2024-03-04,1,49.2,49.2,49.2
22efddb7-a6f2-4f82-8282-00c6dca96c57,2024-07-22,3,38.4,37,99.99
22efddb7-a6f2-4f82-8282-00c6dca96c57,2024-07-29,1,120,120,120
22efddb7-a6f2-4f82-8282-00c6dca96c57,2024-09-02,1,96,96,96
22efddb7-a6f2-4f82-8282-00c6dca96c57,2024-12-23,1,71,71,71
22efddb7-a6f2-4f82-8282-00c6dca96c57,2025-02-10,3,160,33.87,160
22efddb7-a6f2-4f82-8282-00c6dca96c57,2025-05-12,1,56,56,56
22efddb7-a6f2-4f82-8282-00c6dca96c57,2025-05-26,3,65.01,63,71
22efddb7-a6f2-4f82-8282-00c6dca96c57,2025-09-01,3,72,69.6,120
22efddb7-a6f2-4f82-8282-00c6dca96c57,2025-10-06,1,120,120,120
22efddb7-a6f2-4f82-8282-00c6dca96c57,2025-10-27,1,200,200,200
22efddb7-a6f2-4f82-8282-00c6dca96c57,2025-11-03,1,172.5,172.5,172.5
22efddb7-a6f2-4f82-8282-00c6dca96c57,2025-11-24,1,204,204,204
22efddb7-a6f2-4f82-8282-00c6dca96c57,2025-12-08,1,412.07,412.07,412.07
22efddb7-a6f2-4f82-8282-00c6dca96c57,2025-12-22,1,264,264,264
22efddb7-a6f2-4f82-8282-00c6dca96c57,2026-03-09,1,465,465,465
22efddb7-a6f2-4f82-8282-00c6dca96c57,2026-04-13,1,480,480,480
22efddb7-a6f2-4f82-8282-00c6dca96c57,2026-07-13,1,499.99,499.99,499.99
22efddb7-a6f2-4f82-8282-00c6dca96c57,2026-07-27,1,499.99,499.99,499.99
22f5f7d8-6369-4e11-a8f8-ad723198a675,2026-05-11,1,59,59,59
22f5f7d8-6369-4e11-a8f8-ad723198a675,2026-07-20,1,102.5,102.5,102.5
22f6af37-0daf-4976-9e11-27b9985b7776,2026-02-16,1,39.99,39.99,39.99
22f6af37-0daf-4976-9e11-27b9985b7776,2026-04-06,1,40,40,40
22f6af37-0daf-4976-9e11-27b9985b7776,2026-04-20,1,40,40,40
22f6af37-0daf-4976-9e11-27b9985b7776,2026-04-27,1,59.99,59.99,59.99
22f6af37-0daf-4976-9e11-27b9985b7776,2026-05-04,1,29,29,29
22f7f2a8-be14-40b2-a10f-f9243f72ad9d,2022-10-17,1,19.99,19.99,19.99
22f9b785-70b9-429b-80f1-1846f8be4973,2021-03-15,1,26,26,26
22f9b785-70b9-429b-80f1-1846f8be4973,2021-04-26,1,54,54,54
22f9b785-70b9-429b-80f1-1846f8be4973,2021-05-31,2,43,31,54.99
22f9b785-70b9-429b-80f1-1846f8be4973,2021-11-29,1,34,34,34
22f9b785-70b9-429b-80f1-1846f8be4973,2022-01-17,1,25,25,25
22f9b785-70b9-429b-80f1-1846f8be4973,2022-03-07,1,24.99,24.99,24.99
22f9b785-70b9-429b-80f1-1846f8be4973,2022-03-28,2,20.52,20.52,20.52
22f9b785-70b9-429b-80f1-1846f8be4973,2022-06-06,1,34.88,34.88,34.88
22f9b785-70b9-429b-80f1-1846f8be4973,2022-06-13,1,30,30,30
22f9b785-70b9-429b-80f1-1846f8be4973,2022-08-29,1,91.06,91.06,91.06
22f9b785-70b9-429b-80f1-1846f8be4973,2022-10-17,1,14.5,14.5,14.5
22f9b785-70b9-429b-80f1-1846f8be4973,2022-10-31,1,35,35,35
22f9b785-70b9-429b-80f1-1846f8be4973,2022-12-12,1,20.9,20.9,20.9
22f9b785-70b9-429b-80f1-1846f8be4973,2022-12-26,1,22.39,22.39,22.39
22f9b785-70b9-429b-80f1-1846f8be4973,2023-01-09,1,19.77,19.77,19.77
22f9b785-70b9-429b-80f1-1846f8be4973,2023-03-20,1,25,25,25
22f9b785-70b9-429b-80f1-1846f8be4973,2023-05-08,1,8.5,8.5,8.5
22f9b785-70b9-429b-80f1-1846f8be4973,2023-06-05,1,18.53,18.53,18.53
22f9b785-70b9-429b-80f1-1846f8be4973,2023-10-09,1,6.5,6.5,6.5
22f9b785-70b9-429b-80f1-1846f8be4973,2023-12-18,1,15,15,15
22f9b785-70b9-429b-80f1-1846f8be4973,2024-02-12,1,29.99,29.99,29.99
22f9b785-70b9-429b-80f1-1846f8be4973,2024-06-17,1,44.99,44.99,44.99
22f9b785-70b9-429b-80f1-1846f8be4973,2024-09-23,1,30,30,30
22f9b785-70b9-429b-80f1-1846f8be4973,2024-11-11,1,29.99,29.99,29.99
22f9b785-70b9-429b-80f1-1846f8be4973,2025-01-13,1,39.99,39.99,39.99
22f9b785-70b9-429b-80f1-1846f8be4973,2025-03-03,1,41.99,41.99,41.99
22f9b785-70b9-429b-80f1-1846f8be4973,2025-07-07,1,39.99,39.99,39.99
22f9b785-70b9-429b-80f1-1846f8be4973,2025-07-21,2,47.25,44.99,49.5
22f9b785-70b9-429b-80f1-1846f8be4973,2026-01-05,1,50.69,50.69,50.69
22f9b785-70b9-429b-80f1-1846f8be4973,2026-02-23,1,28.8,28.8,28.8
22f9b785-70b9-429b-80f1-1846f8be4973,2026-03-02,1,46.74,46.74,46.74
22f9b785-70b9-429b-80f1-1846f8be4973,2026-04-06,1,43,43,43
22f9b785-70b9-429b-80f1-1846f8be4973,2026-07-13,1,35,35,35
22fb99a3-6654-4a7e-a4a8-48060b7182ca,2021-06-28,1,535,535,535
22fb99a3-6654-4a7e-a4a8-48060b7182ca,2021-10-25,1,400,400,400
22fb99a3-6654-4a7e-a4a8-48060b7182ca,2022-09-26,1,1079.99,1079.99,1079.99
22fb99a3-6654-4a7e-a4a8-48060b7182ca,2022-11-21,1,860,860,860
22fb99a3-6654-4a7e-a4a8-48060b7182ca,2022-12-12,2,772.5,720,825
22fb99a3-6654-4a7e-a4a8-48060b7182ca,2022-12-26,1,900,900,900
22fb99a3-6654-4a7e-a4a8-48060b7182ca,2023-02-13,4,2125,1550,2250
22fb99a3-6654-4a7e-a4a8-48060b7182ca,2023-07-03,1,1230,1230,1230
22fb99a3-6654-4a7e-a4a8-48060b7182ca,2023-07-10,1,1247,1247,1247
22fb99a3-6654-4a7e-a4a8-48060b7182ca,2023-11-06,1,1110,1110,1110
22fb99a3-6654-4a7e-a4a8-48060b7182ca,2024-03-25,1,1140,1140,1140
22fb99a3-6654-4a7e-a4a8-48060b7182ca,2024-05-27,1,720,720,720
22fb99a3-6654-4a7e-a4a8-48060b7182ca,2024-06-24,1,540,540,540
22fb99a3-6654-4a7e-a4a8-48060b7182ca,2024-07-08,1,1044.92,1044.92,1044.92
22fb99a3-6654-4a7e-a4a8-48060b7182ca,2024-11-04,1,890,890,890
22fb99a3-6654-4a7e-a4a8-48060b7182ca,2024-11-18,1,865,865,865
22fb99a3-6654-4a7e-a4a8-48060b7182ca,2024-12-02,1,822,822,822
22fb99a3-6654-4a7e-a4a8-48060b7182ca,2024-12-16,1,800,800,800
22fb99a3-6654-4a7e-a4a8-48060b7182ca,2024-12-30,1,805,805,805
22fb99a3-6654-4a7e-a4a8-48060b7182ca,2025-01-06,1,810,810,810
22fb99a3-6654-4a7e-a4a8-48060b7182ca,2025-01-27,1,990,990,990
22fb99a3-6654-4a7e-a4a8-48060b7182ca,2025-02-03,1,798,798,798
22fb99a3-6654-4a7e-a4a8-48060b7182ca,2025-03-31,1,960,960,960
22fb99a3-6654-4a7e-a4a8-48060b7182ca,2025-04-14,1,1300,1300,1300
22fb99a3-6654-4a7e-a4a8-48060b7182ca,2025-06-09,1,1450,1450,1450
22fb99a3-6654-4a7e-a4a8-48060b7182ca,2025-07-07,1,1399.99,1399.99,1399.99
22fb99a3-6654-4a7e-a4a8-48060b7182ca,2025-12-01,1,2798.88,2798.88,2798.88
22fb99a3-6654-4a7e-a4a8-48060b7182ca,2025-12-08,1,2700,2700,2700
22fb99a3-6654-4a7e-a4a8-48060b7182ca,2025-12-29,2,4771.5,4716,4827
22fb99a3-6654-4a7e-a4a8-48060b7182ca,2026-02-16,1,5200,5200,5200
22fb99a3-6654-4a7e-a4a8-48060b7182ca,2026-03-30,2,6939.99,6499.99,7380
22fb99a3-6654-4a7e-a4a8-48060b7182ca,2026-04-13,1,8200,8200,8200
22fb99a3-6654-4a7e-a4a8-48060b7182ca,2026-04-20,1,7000,7000,7000
22fb99a3-6654-4a7e-a4a8-48060b7182ca,2026-04-27,1,11100,11100,11100
22fb99a3-6654-4a7e-a4a8-48060b7182ca,2026-06-22,1,15000,15000,15000
22fb99a3-6654-4a7e-a4a8-48060b7182ca,2026-08-24,2,11300,10300,12300
22fb99a3-6654-4a7e-a4a8-48060b7182ca,2026-09-07,1,13799,13799,13799
22fe9e78-a33a-4b57-9ad6-7eeb0216b269,2023-11-27,1,23.51,23.51,23.51
22fe9e78-a33a-4b57-9ad6-7eeb0216b269,2023-12-04,1,12.5,12.5,12.5
22fe9e78-a33a-4b57-9ad6-7eeb0216b269,2024-01-01,1,49.95,49.95,49.95
22fe9e78-a33a-4b57-9ad6-7eeb0216b269,2024-01-08,1,11.5,11.5,11.5
22fe9e78-a33a-4b57-9ad6-7eeb0216b269,2024-05-13,1,27,27,27
22fe9e78-a33a-4b57-9ad6-7eeb0216b269,2024-08-19,2,14.99,10,19.99
22fe9e78-a33a-4b57-9ad6-7eeb0216b269,2024-12-02,1,23.5,23.5,23.5
22fe9e78-a33a-4b57-9ad6-7eeb0216b269,2025-06-30,1,23.99,23.99,23.99
22fe9e78-a33a-4b57-9ad6-7eeb0216b269,2025-09-01,1,21.5,21.5,21.5
22fe9e78-a33a-4b57-9ad6-7eeb0216b269,2025-09-22,1,31.49,31.49,31.49
22fe9e78-a33a-4b57-9ad6-7eeb0216b269,2026-04-13,1,23.5,23.5,23.5
22fe9e78-a33a-4b57-9ad6-7eeb0216b269,2026-06-08,2,42.48,40,44.95
22fe9e78-a33a-4b57-9ad6-7eeb0216b269,2026-08-31,1,49.99,49.99,49.99
22fe9e78-a33a-4b57-9ad6-7eeb0216b269,2026-09-07,1,39,39,39
