asset_id,week_start,n_sales,median_price,low,high
36009c64-f222-4cdf-946a-8d22d89c5fbf,2026-02-02,1,99.99,99.99,99.99
3603c877-4511-4a58-a8d8-40f9c91f49db,2022-04-11,1,23.5,23.5,23.5
3603c877-4511-4a58-a8d8-40f9c91f49db,2022-06-27,1,15,15,15
3603c877-4511-4a58-a8d8-40f9c91f49db,2022-08-08,1,35,35,35
3603c877-4511-4a58-a8d8-40f9c91f49db,2022-11-21,1,18.5,18.5,18.5
3603c877-4511-4a58-a8d8-40f9c91f49db,2026-03-23,1,46,46,46
3604fcca-d35a-4087-a7c1-9f280211965a,2026-07-06,1,925,925,925
36073e70-97bc-42f6-a8d9-1bf246f2c727,2025-02-17,1,16.72,16.72,16.72
36073e70-97bc-42f6-a8d9-1bf246f2c727,2025-03-03,1,18.5,18.5,18.5
36073e70-97bc-42f6-a8d9-1bf246f2c727,2026-03-02,1,80,80,80
36073e70-97bc-42f6-a8d9-1bf246f2c727,2026-08-03,2,101.25,100,102.5
360958f1-6719-4ab9-a7af-e6c0e1220ca5,2024-04-22,1,99.99,99.99,99.99
360958f1-6719-4ab9-a7af-e6c0e1220ca5,2024-10-07,1,135.6,135.6,135.6
360a66de-8e09-40a5-8829-b226b2d4bd2d,2021-07-12,1,150,150,150
360a66de-8e09-40a5-8829-b226b2d4bd2d,2021-07-26,1,112.5,112.5,112.5
360a66de-8e09-40a5-8829-b226b2d4bd2d,2021-09-20,1,159.67,159.67,159.67
360a66de-8e09-40a5-8829-b226b2d4bd2d,2021-10-11,1,192.76,192.76,192.76
360a66de-8e09-40a5-8829-b226b2d4bd2d,2021-10-25,2,96.5,88,105
360a66de-8e09-40a5-8829-b226b2d4bd2d,2022-01-10,1,177.5,177.5,177.5
360a66de-8e09-40a5-8829-b226b2d4bd2d,2023-08-21,1,88.8,88.8,88.8
360a66de-8e09-40a5-8829-b226b2d4bd2d,2023-11-20,1,130,130,130
360a66de-8e09-40a5-8829-b226b2d4bd2d,2023-12-11,1,67.2,67.2,67.2
360a66de-8e09-40a5-8829-b226b2d4bd2d,2025-03-03,1,107.5,107.5,107.5
360a66de-8e09-40a5-8829-b226b2d4bd2d,2025-03-10,1,58.09,58.09,58.09
360a66de-8e09-40a5-8829-b226b2d4bd2d,2025-07-21,1,175,175,175
360a66de-8e09-40a5-8829-b226b2d4bd2d,2025-08-18,1,190,190,190
360a66de-8e09-40a5-8829-b226b2d4bd2d,2025-11-10,1,149,149,149
360a66de-8e09-40a5-8829-b226b2d4bd2d,2026-01-12,1,257.21,257.21,257.21
360a66de-8e09-40a5-8829-b226b2d4bd2d,2026-02-16,1,405,405,405
360a66de-8e09-40a5-8829-b226b2d4bd2d,2026-04-20,2,473,356,590
360a66de-8e09-40a5-8829-b226b2d4bd2d,2026-06-15,1,700,700,700
3611b033-a019-4521-aec6-20fb6482be0d,2021-10-11,1,21.5,21.5,21.5
3611b033-a019-4521-aec6-20fb6482be0d,2021-11-08,1,20.5,20.5,20.5
3611b033-a019-4521-aec6-20fb6482be0d,2022-01-17,1,27.66,27.66,27.66
3611b033-a019-4521-aec6-20fb6482be0d,2022-03-14,1,30.29,30.29,30.29
3611b033-a019-4521-aec6-20fb6482be0d,2022-05-02,1,38,38,38
3611b033-a019-4521-aec6-20fb6482be0d,2022-05-30,1,39.99,39.99,39.99
3611b033-a019-4521-aec6-20fb6482be0d,2023-06-12,1,54.88,54.88,54.88
3611b033-a019-4521-aec6-20fb6482be0d,2023-11-27,1,35,35,35
3611b033-a019-4521-aec6-20fb6482be0d,2024-06-24,1,15.5,15.5,15.5
3611b033-a019-4521-aec6-20fb6482be0d,2026-03-09,2,242.5,200,285
3611b033-a019-4521-aec6-20fb6482be0d,2026-08-17,1,285,285,285
3614173e-e712-4ee3-b507-72c0cd8bd54e,2021-03-08,1,70.79,70.79,70.79
3614173e-e712-4ee3-b507-72c0cd8bd54e,2021-04-05,1,40,40,40
3614173e-e712-4ee3-b507-72c0cd8bd54e,2021-04-12,1,52,52,52
3614173e-e712-4ee3-b507-72c0cd8bd54e,2021-11-15,1,80,80,80
3614173e-e712-4ee3-b507-72c0cd8bd54e,2022-01-17,1,42,42,42
3614173e-e712-4ee3-b507-72c0cd8bd54e,2022-01-24,1,36,36,36
3614173e-e712-4ee3-b507-72c0cd8bd54e,2022-02-14,1,80,80,80
3614173e-e712-4ee3-b507-72c0cd8bd54e,2022-04-04,1,26,26,26
3614173e-e712-4ee3-b507-72c0cd8bd54e,2022-06-20,1,25.79,25.79,25.79
3614173e-e712-4ee3-b507-72c0cd8bd54e,2022-07-04,1,43.29,43.29,43.29
3614173e-e712-4ee3-b507-72c0cd8bd54e,2022-07-18,1,27.35,27.35,27.35
3614173e-e712-4ee3-b507-72c0cd8bd54e,2024-04-08,1,23.5,23.5,23.5
3614173e-e712-4ee3-b507-72c0cd8bd54e,2024-04-15,2,31.91,28.02,35.81
3614173e-e712-4ee3-b507-72c0cd8bd54e,2025-01-20,1,72.63,72.63,72.63
3614173e-e712-4ee3-b507-72c0cd8bd54e,2025-11-24,1,94,94,94
3614173e-e712-4ee3-b507-72c0cd8bd54e,2026-02-02,1,31,31,31
3614173e-e712-4ee3-b507-72c0cd8bd54e,2026-04-20,1,113.99,113.99,113.99
3614173e-e712-4ee3-b507-72c0cd8bd54e,2026-08-31,1,94.39,94.39,94.39
361ae17d-76ad-4285-95fe-cbc6c0a62fa1,2026-02-09,1,26,26,26
361ae17d-76ad-4285-95fe-cbc6c0a62fa1,2026-02-23,1,31.96,31.96,31.96
361ae17d-76ad-4285-95fe-cbc6c0a62fa1,2026-03-16,1,36,36,36
361ba975-57c3-4c2f-9a25-03134745b628,2021-01-25,1,2760,2760,2760
361ba975-57c3-4c2f-9a25-03134745b628,2021-04-26,1,500,500,500
361ba975-57c3-4c2f-9a25-03134745b628,2021-06-21,2,3372.5,95,6650
361ba975-57c3-4c2f-9a25-03134745b628,2021-11-01,1,5000,5000,5000
361ba975-57c3-4c2f-9a25-03134745b628,2022-01-24,1,9000,9000,9000
361ba975-57c3-4c2f-9a25-03134745b628,2022-03-14,1,6375,6375,6375
361ba975-57c3-4c2f-9a25-03134745b628,2022-05-16,2,6333.87,4367.74,8300
361ba975-57c3-4c2f-9a25-03134745b628,2022-10-03,1,6600,6600,6600
361ba975-57c3-4c2f-9a25-03134745b628,2023-03-13,1,7040.91,7040.91,7040.91
361ba975-57c3-4c2f-9a25-03134745b628,2023-11-20,1,12500,12500,12500
361ba975-57c3-4c2f-9a25-03134745b628,2024-04-01,1,5000,5000,5000
361ba975-57c3-4c2f-9a25-03134745b628,2024-08-19,1,7200,7200,7200
361ba975-57c3-4c2f-9a25-03134745b628,2024-08-26,1,6300,6300,6300
361ba975-57c3-4c2f-9a25-03134745b628,2024-11-25,1,5795,5795,5795
361ba975-57c3-4c2f-9a25-03134745b628,2025-02-03,1,7679.96,7679.96,7679.96
361ba975-57c3-4c2f-9a25-03134745b628,2025-05-12,1,8600,8600,8600
361ba975-57c3-4c2f-9a25-03134745b628,2025-08-11,1,11652.31,11652.31,11652.31
361ba975-57c3-4c2f-9a25-03134745b628,2025-09-22,1,16200,16200,16200
361ba975-57c3-4c2f-9a25-03134745b628,2025-11-10,1,10800,10800,10800
361ba975-57c3-4c2f-9a25-03134745b628,2026-02-09,1,21393.72,21393.72,21393.72
361ba975-57c3-4c2f-9a25-03134745b628,2026-02-16,1,19000,19000,19000
361ba975-57c3-4c2f-9a25-03134745b628,2026-03-23,1,32400,32400,32400
361ba975-57c3-4c2f-9a25-03134745b628,2026-03-30,1,26605.2,26605.2,26605.2
361ba975-57c3-4c2f-9a25-03134745b628,2026-08-03,1,39150,39150,39150
361ba975-57c3-4c2f-9a25-03134745b628,2026-08-17,1,43200,43200,43200
361c4b24-7fb1-4c22-a7b8-f08063e242a3,2022-01-24,1,168,168,168
361c4b24-7fb1-4c22-a7b8-f08063e242a3,2022-08-08,1,46,46,46
361c4b24-7fb1-4c22-a7b8-f08063e242a3,2022-10-31,1,122.5,122.5,122.5
361c4b24-7fb1-4c22-a7b8-f08063e242a3,2023-02-13,1,72,72,72
361c4b24-7fb1-4c22-a7b8-f08063e242a3,2023-08-14,1,80.46,80.46,80.46
361c4b24-7fb1-4c22-a7b8-f08063e242a3,2023-08-21,1,100.8,100.8,100.8
361c4b24-7fb1-4c22-a7b8-f08063e242a3,2023-10-02,1,270,270,270
361c4b24-7fb1-4c22-a7b8-f08063e242a3,2023-11-13,1,120,120,120
361c4b24-7fb1-4c22-a7b8-f08063e242a3,2023-12-18,1,91.5,91.5,91.5
361c4b24-7fb1-4c22-a7b8-f08063e242a3,2024-03-04,1,76.8,76.8,76.8
361c4b24-7fb1-4c22-a7b8-f08063e242a3,2024-04-22,1,43,43,43
361c4b24-7fb1-4c22-a7b8-f08063e242a3,2024-07-08,1,76,76,76
361c4b24-7fb1-4c22-a7b8-f08063e242a3,2024-08-12,1,46,46,46
361c4b24-7fb1-4c22-a7b8-f08063e242a3,2024-08-26,1,75,75,75
361c4b24-7fb1-4c22-a7b8-f08063e242a3,2024-09-09,1,150,150,150
361c4b24-7fb1-4c22-a7b8-f08063e242a3,2024-12-23,1,90,90,90
361c4b24-7fb1-4c22-a7b8-f08063e242a3,2025-08-25,1,169.99,169.99,169.99
361c4b24-7fb1-4c22-a7b8-f08063e242a3,2025-10-06,1,102.5,102.5,102.5
361c4b24-7fb1-4c22-a7b8-f08063e242a3,2025-12-29,1,185,185,185
361c4b24-7fb1-4c22-a7b8-f08063e242a3,2026-02-09,1,250,250,250
361c4b24-7fb1-4c22-a7b8-f08063e242a3,2026-02-23,1,285,285,285
361c4b24-7fb1-4c22-a7b8-f08063e242a3,2026-03-09,1,300,300,300
361c4b24-7fb1-4c22-a7b8-f08063e242a3,2026-04-20,1,300,300,300
361c4b24-7fb1-4c22-a7b8-f08063e242a3,2026-04-27,1,355,355,355
361c4b24-7fb1-4c22-a7b8-f08063e242a3,2026-05-04,1,261.5,261.5,261.5
361c4b24-7fb1-4c22-a7b8-f08063e242a3,2026-08-24,1,700,700,700
361d952b-2c98-467f-82f8-79f06eed816a,2023-03-13,1,64.8,64.8,64.8
361d952b-2c98-467f-82f8-79f06eed816a,2023-07-10,1,61,61,61
361e98e2-0fba-4be4-9b21-42d2ee692817,2024-04-08,1,32,32,32
361e98e2-0fba-4be4-9b21-42d2ee692817,2024-05-20,1,15.5,15.5,15.5
361e98e2-0fba-4be4-9b21-42d2ee692817,2024-06-03,1,29.99,29.99,29.99
361e98e2-0fba-4be4-9b21-42d2ee692817,2024-06-10,2,23.48,15,31.96
361e98e2-0fba-4be4-9b21-42d2ee692817,2024-06-17,2,27.14,22,32.29
361e98e2-0fba-4be4-9b21-42d2ee692817,2024-07-01,1,25,25,25
361e98e2-0fba-4be4-9b21-42d2ee692817,2024-11-11,2,23.9,22.8,25
361e98e2-0fba-4be4-9b21-42d2ee692817,2024-12-09,2,15.99,14,17.99
361e98e2-0fba-4be4-9b21-42d2ee692817,2024-12-30,1,17.5,17.5,17.5
361e98e2-0fba-4be4-9b21-42d2ee692817,2025-01-20,2,24.99,24.99,25
361e98e2-0fba-4be4-9b21-42d2ee692817,2025-02-17,2,25.5,24,27
361e98e2-0fba-4be4-9b21-42d2ee692817,2025-03-03,1,17.5,17.5,17.5
361e98e2-0fba-4be4-9b21-42d2ee692817,2025-05-12,1,32,32,32
361e98e2-0fba-4be4-9b21-42d2ee692817,2025-06-02,1,16.56,16.56,16.56
361e98e2-0fba-4be4-9b21-42d2ee692817,2025-08-25,1,23.5,23.5,23.5
361e98e2-0fba-4be4-9b21-42d2ee692817,2025-10-06,1,34.99,34.99,34.99
361e98e2-0fba-4be4-9b21-42d2ee692817,2025-10-27,1,27,27,27
361e98e2-0fba-4be4-9b21-42d2ee692817,2026-03-16,1,29.85,29.85,29.85
361e98e2-0fba-4be4-9b21-42d2ee692817,2026-04-27,1,36.48,36.48,36.48
361e98e2-0fba-4be4-9b21-42d2ee692817,2026-05-04,1,37,37,37
361e98e2-0fba-4be4-9b21-42d2ee692817,2026-05-25,1,26,26,26
361e98e2-0fba-4be4-9b21-42d2ee692817,2026-06-08,1,29,29,29
361fb685-894c-423b-af87-37e63d2db0ec,2024-11-25,2,212.62,178.5,246.75
361fb685-894c-423b-af87-37e63d2db0ec,2024-12-02,5,192.5,165,275
361fb685-894c-423b-af87-37e63d2db0ec,2024-12-09,3,230,225,253.58
361fb685-894c-423b-af87-37e63d2db0ec,2024-12-16,1,241.91,241.91,241.91
361fb685-894c-423b-af87-37e63d2db0ec,2024-12-30,1,230,230,230
361fb685-894c-423b-af87-37e63d2db0ec,2025-01-06,3,232.36,212.5,239.99
361fb685-894c-423b-af87-37e63d2db0ec,2025-01-20,1,200,200,200
361fb685-894c-423b-af87-37e63d2db0ec,2025-02-03,2,203.75,200,207.5
361fb685-894c-423b-af87-37e63d2db0ec,2025-02-10,3,200,171.29,288
361fb685-894c-423b-af87-37e63d2db0ec,2025-02-17,1,190,190,190
361fb685-894c-423b-af87-37e63d2db0ec,2025-02-24,1,200,200,200
361fb685-894c-423b-af87-37e63d2db0ec,2025-03-03,2,189.11,171.5,206.72
361fb685-894c-423b-af87-37e63d2db0ec,2025-03-10,3,217.5,200,220
361fb685-894c-423b-af87-37e63d2db0ec,2025-03-17,4,177.25,145,204
361fb685-894c-423b-af87-37e63d2db0ec,2025-03-24,1,167.5,167.5,167.5
361fb685-894c-423b-af87-37e63d2db0ec,2025-03-31,2,232.88,206.76,259
361fb685-894c-423b-af87-37e63d2db0ec,2025-04-07,1,275,275,275
361fb685-894c-423b-af87-37e63d2db0ec,2025-04-14,2,204,202.5,205.5
361fb685-894c-423b-af87-37e63d2db0ec,2025-04-21,1,212.5,212.5,212.5
361fb685-894c-423b-af87-37e63d2db0ec,2025-04-28,1,279,279,279
361fb685-894c-423b-af87-37e63d2db0ec,2025-05-12,3,219.99,190,234
361fb685-894c-423b-af87-37e63d2db0ec,2025-05-19,2,244.97,239.95,249.99
361fb685-894c-423b-af87-37e63d2db0ec,2025-05-26,1,225,225,225
361fb685-894c-423b-af87-37e63d2db0ec,2025-06-02,2,194.25,184.5,204
361fb685-894c-423b-af87-37e63d2db0ec,2025-06-16,2,247.59,195.2,299.99
361fb685-894c-423b-af87-37e63d2db0ec,2025-06-30,3,299.99,250,299.99
361fb685-894c-423b-af87-37e63d2db0ec,2025-07-07,1,255,255,255
361fb685-894c-423b-af87-37e63d2db0ec,2025-07-14,3,274.69,250,299.99
361fb685-894c-423b-af87-37e63d2db0ec,2025-08-11,1,380,380,380
361fb685-894c-423b-af87-37e63d2db0ec,2025-08-25,3,299.99,299.95,314.99
361fb685-894c-423b-af87-37e63d2db0ec,2025-09-01,3,299.99,285,339.99
361fb685-894c-423b-af87-37e63d2db0ec,2025-09-08,2,361.47,275,447.94
361fb685-894c-423b-af87-37e63d2db0ec,2025-09-15,2,520.68,381.37,660
361fb685-894c-423b-af87-37e63d2db0ec,2025-09-22,2,347,345,349
361fb685-894c-423b-af87-37e63d2db0ec,2025-09-29,4,362.5,349.99,379.99
361fb685-894c-423b-af87-37e63d2db0ec,2025-10-06,5,350,286.61,375
361fb685-894c-423b-af87-37e63d2db0ec,2025-10-20,3,349.95,256,408
361fb685-894c-423b-af87-37e63d2db0ec,2025-11-03,3,345,295,355
361fb685-894c-423b-af87-37e63d2db0ec,2025-11-10,3,420,314,525
361fb685-894c-423b-af87-37e63d2db0ec,2025-11-24,1,243.5,243.5,243.5
361fb685-894c-423b-af87-37e63d2db0ec,2025-12-01,4,421.58,380,430
361fb685-894c-423b-af87-37e63d2db0ec,2025-12-08,3,499.99,449.99,790.32
361fb685-894c-423b-af87-37e63d2db0ec,2025-12-15,1,397.94,397.94,397.94
361fb685-894c-423b-af87-37e63d2db0ec,2025-12-22,1,499.99,499.99,499.99
361fb685-894c-423b-af87-37e63d2db0ec,2025-12-29,1,799,799,799
361fb685-894c-423b-af87-37e63d2db0ec,2026-01-05,3,549.99,499,675
361fb685-894c-423b-af87-37e63d2db0ec,2026-01-12,2,586.24,472.48,699.99
361fb685-894c-423b-af87-37e63d2db0ec,2026-01-19,1,549.99,549.99,549.99
361fb685-894c-423b-af87-37e63d2db0ec,2026-01-26,3,500,500,630
361fb685-894c-423b-af87-37e63d2db0ec,2026-02-02,2,610.5,600,621
361fb685-894c-423b-af87-37e63d2db0ec,2026-02-09,1,595,595,595
361fb685-894c-423b-af87-37e63d2db0ec,2026-02-23,1,675,675,675
361fb685-894c-423b-af87-37e63d2db0ec,2026-03-02,1,504,504,504
361fb685-894c-423b-af87-37e63d2db0ec,2026-03-09,3,516,500,699.99
361fb685-894c-423b-af87-37e63d2db0ec,2026-03-16,1,900,900,900
361fb685-894c-423b-af87-37e63d2db0ec,2026-03-23,3,660,550,750
361fb685-894c-423b-af87-37e63d2db0ec,2026-03-30,4,614,528,704.83
361fb685-894c-423b-af87-37e63d2db0ec,2026-04-06,1,560,560,560
361fb685-894c-423b-af87-37e63d2db0ec,2026-04-13,3,747.5,700,786.19
361fb685-894c-423b-af87-37e63d2db0ec,2026-04-20,6,855.48,700,1350
361fb685-894c-423b-af87-37e63d2db0ec,2026-04-27,5,951,870,1119.99
361fb685-894c-423b-af87-37e63d2db0ec,2026-05-04,2,757.5,700,815
361fb685-894c-423b-af87-37e63d2db0ec,2026-05-11,3,1000,875,1111.11
361fb685-894c-423b-af87-37e63d2db0ec,2026-05-18,2,894.5,790,999
361fb685-894c-423b-af87-37e63d2db0ec,2026-05-25,2,862.5,800,925
361fb685-894c-423b-af87-37e63d2db0ec,2026-06-01,3,999,924,1152.63
361fb685-894c-423b-af87-37e63d2db0ec,2026-06-08,1,999,999,999
361fb685-894c-423b-af87-37e63d2db0ec,2026-06-15,1,940,940,940
361fb685-894c-423b-af87-37e63d2db0ec,2026-06-22,5,900,781,1575
361fb685-894c-423b-af87-37e63d2db0ec,2026-06-29,4,845,800,870
361fb685-894c-423b-af87-37e63d2db0ec,2026-07-06,2,837.5,750,925
361fb685-894c-423b-af87-37e63d2db0ec,2026-07-13,4,1135,810,1999.99
361fb685-894c-423b-af87-37e63d2db0ec,2026-07-20,5,1000,810,1025
361fb685-894c-423b-af87-37e63d2db0ec,2026-07-27,1,1600,1600,1600
361fb685-894c-423b-af87-37e63d2db0ec,2026-08-10,3,811.02,801,1150
361fb685-894c-423b-af87-37e63d2db0ec,2026-08-17,1,1350,1350,1350
361fb685-894c-423b-af87-37e63d2db0ec,2026-08-24,2,1045.72,875,1216.43
361fb685-894c-423b-af87-37e63d2db0ec,2026-09-07,1,2562,2562,2562
36254360-2d8e-4eea-8b50-eccec60639aa,2022-05-30,1,60,60,60
36254360-2d8e-4eea-8b50-eccec60639aa,2022-06-06,1,79.99,79.99,79.99
36254360-2d8e-4eea-8b50-eccec60639aa,2022-06-20,1,59,59,59
36254360-2d8e-4eea-8b50-eccec60639aa,2022-10-10,1,90,90,90
36254360-2d8e-4eea-8b50-eccec60639aa,2023-01-02,1,39.99,39.99,39.99
36254360-2d8e-4eea-8b50-eccec60639aa,2023-07-03,1,149.99,149.99,149.99
36254360-2d8e-4eea-8b50-eccec60639aa,2023-07-17,1,70,70,70
36254360-2d8e-4eea-8b50-eccec60639aa,2023-08-21,1,48,48,48
36254360-2d8e-4eea-8b50-eccec60639aa,2024-03-18,1,26,26,26
36254360-2d8e-4eea-8b50-eccec60639aa,2024-04-08,1,80,80,80
36254360-2d8e-4eea-8b50-eccec60639aa,2025-03-10,1,110,110,110
36254360-2d8e-4eea-8b50-eccec60639aa,2025-06-02,1,275,275,275
36254360-2d8e-4eea-8b50-eccec60639aa,2025-10-27,1,251.5,251.5,251.5
36254360-2d8e-4eea-8b50-eccec60639aa,2026-01-19,2,271.75,228.5,315
36254360-2d8e-4eea-8b50-eccec60639aa,2026-01-26,1,316.95,316.95,316.95
36254360-2d8e-4eea-8b50-eccec60639aa,2026-04-20,1,350,350,350
36254360-2d8e-4eea-8b50-eccec60639aa,2026-05-11,2,362,324,400
36254360-2d8e-4eea-8b50-eccec60639aa,2026-06-01,1,326,326,326
36254360-2d8e-4eea-8b50-eccec60639aa,2026-06-08,1,290,290,290
36254360-2d8e-4eea-8b50-eccec60639aa,2026-06-29,1,315,315,315
36254360-2d8e-4eea-8b50-eccec60639aa,2026-07-13,2,355.44,330,380.88
36254360-2d8e-4eea-8b50-eccec60639aa,2026-08-31,2,387.5,385,390
36254360-2d8e-4eea-8b50-eccec60639aa,2026-09-07,1,550,550,550
3626aa35-f519-44fa-ad7d-0ccad92ae2f6,2026-08-03,1,55,55,55
3626aa35-f519-44fa-ad7d-0ccad92ae2f6,2026-08-17,1,137,137,137
3626d597-9189-4bba-a2b3-fc03784636e7,2024-04-08,1,22800,22800,22800
3628ad5c-f91e-454e-88c5-d0c53c37952e,2025-12-15,1,99,99,99
3628ad5c-f91e-454e-88c5-d0c53c37952e,2026-06-08,1,132.5,132.5,132.5
36295b36-406a-4cbb-ac4f-4d9d106d05cc,2021-08-30,1,43,43,43
36295b36-406a-4cbb-ac4f-4d9d106d05cc,2021-09-27,1,45.99,45.99,45.99
36295b36-406a-4cbb-ac4f-4d9d106d05cc,2021-11-01,1,51,51,51
36295b36-406a-4cbb-ac4f-4d9d106d05cc,2021-11-08,1,28,28,28
36295b36-406a-4cbb-ac4f-4d9d106d05cc,2021-12-20,1,41,41,41
36295b36-406a-4cbb-ac4f-4d9d106d05cc,2022-01-10,1,52,52,52
36295b36-406a-4cbb-ac4f-4d9d106d05cc,2022-01-17,1,42,42,42
36295b36-406a-4cbb-ac4f-4d9d106d05cc,2022-02-21,1,42,42,42
36295b36-406a-4cbb-ac4f-4d9d106d05cc,2022-03-14,1,29,29,29
36295b36-406a-4cbb-ac4f-4d9d106d05cc,2022-03-21,1,18.52,18.52,18.52
36295b36-406a-4cbb-ac4f-4d9d106d05cc,2022-03-28,2,40.5,36,45
36295b36-406a-4cbb-ac4f-4d9d106d05cc,2022-04-04,1,37.5,37.5,37.5
36295b36-406a-4cbb-ac4f-4d9d106d05cc,2022-04-25,1,34.99,34.99,34.99
36295b36-406a-4cbb-ac4f-4d9d106d05cc,2022-05-09,1,30,30,30
36295b36-406a-4cbb-ac4f-4d9d106d05cc,2022-05-16,1,39.99,39.99,39.99
36295b36-406a-4cbb-ac4f-4d9d106d05cc,2022-06-06,1,39.99,39.99,39.99
36295b36-406a-4cbb-ac4f-4d9d106d05cc,2022-08-29,1,32.5,32.5,32.5
36295b36-406a-4cbb-ac4f-4d9d106d05cc,2022-10-24,1,27.61,27.61,27.61
36295b36-406a-4cbb-ac4f-4d9d106d05cc,2022-12-26,1,65,65,65
36295b36-406a-4cbb-ac4f-4d9d106d05cc,2023-02-06,1,29,29,29
36295b36-406a-4cbb-ac4f-4d9d106d05cc,2023-02-13,1,26,26,26
36295b36-406a-4cbb-ac4f-4d9d106d05cc,2023-04-10,1,80,80,80
36295b36-406a-4cbb-ac4f-4d9d106d05cc,2023-05-15,1,29.99,29.99,29.99
36295b36-406a-4cbb-ac4f-4d9d106d05cc,2023-05-22,1,37.1,37.1,37.1
36295b36-406a-4cbb-ac4f-4d9d106d05cc,2023-08-21,1,21.5,21.5,21.5
36295b36-406a-4cbb-ac4f-4d9d106d05cc,2023-09-11,1,49.68,49.68,49.68
36295b36-406a-4cbb-ac4f-4d9d106d05cc,2023-11-06,1,42.69,42.69,42.69
36295b36-406a-4cbb-ac4f-4d9d106d05cc,2023-12-04,1,30,30,30
36295b36-406a-4cbb-ac4f-4d9d106d05cc,2024-02-26,1,30,30,30
36295b36-406a-4cbb-ac4f-4d9d106d05cc,2024-07-08,1,26,26,26
36295b36-406a-4cbb-ac4f-4d9d106d05cc,2024-12-16,2,30.75,16.5,45
36295b36-406a-4cbb-ac4f-4d9d106d05cc,2024-12-23,1,31,31,31
36295b36-406a-4cbb-ac4f-4d9d106d05cc,2025-01-13,2,42.5,39.99,45
36295b36-406a-4cbb-ac4f-4d9d106d05cc,2025-01-27,1,49.99,49.99,49.99
36295b36-406a-4cbb-ac4f-4d9d106d05cc,2025-03-03,1,33.04,33.04,33.04
36295b36-406a-4cbb-ac4f-4d9d106d05cc,2025-04-21,1,54.99,54.99,54.99
36295b36-406a-4cbb-ac4f-4d9d106d05cc,2025-06-30,1,65,65,65
36295b36-406a-4cbb-ac4f-4d9d106d05cc,2025-07-07,1,65,65,65
36295b36-406a-4cbb-ac4f-4d9d106d05cc,2025-07-14,1,85,85,85
36295b36-406a-4cbb-ac4f-4d9d106d05cc,2025-09-08,1,74,74,74
36295b36-406a-4cbb-ac4f-4d9d106d05cc,2025-11-10,1,90,90,90
36295b36-406a-4cbb-ac4f-4d9d106d05cc,2025-11-17,2,74,73,75
36295b36-406a-4cbb-ac4f-4d9d106d05cc,2025-12-01,1,34.08,34.08,34.08
36295b36-406a-4cbb-ac4f-4d9d106d05cc,2026-01-05,1,41.69,41.69,41.69
36295b36-406a-4cbb-ac4f-4d9d106d05cc,2026-02-02,1,60,60,60
36295b36-406a-4cbb-ac4f-4d9d106d05cc,2026-02-09,2,71.88,70.76,73
36295b36-406a-4cbb-ac4f-4d9d106d05cc,2026-03-09,2,90.5,81,100
36295b36-406a-4cbb-ac4f-4d9d106d05cc,2026-03-30,2,85.5,81,90
36295b36-406a-4cbb-ac4f-4d9d106d05cc,2026-04-13,3,94.99,63.6,100
36295b36-406a-4cbb-ac4f-4d9d106d05cc,2026-04-27,1,97,97,97
36295b36-406a-4cbb-ac4f-4d9d106d05cc,2026-05-11,1,84,84,84
36295b36-406a-4cbb-ac4f-4d9d106d05cc,2026-05-18,3,90,86,90
36295b36-406a-4cbb-ac4f-4d9d106d05cc,2026-06-08,2,116.25,112.5,120
36295b36-406a-4cbb-ac4f-4d9d106d05cc,2026-06-15,2,108.14,106.29,109.99
36295b36-406a-4cbb-ac4f-4d9d106d05cc,2026-08-03,1,139,139,139
36295b36-406a-4cbb-ac4f-4d9d106d05cc,2026-08-10,2,115,107.5,122.5
36295b36-406a-4cbb-ac4f-4d9d106d05cc,2026-08-17,1,120,120,120
36295b36-406a-4cbb-ac4f-4d9d106d05cc,2026-08-31,2,111.85,109.35,114.35
362a14bc-c1a0-4f45-86a3-023cecd7c244,2023-07-24,1,169.99,169.99,169.99
362a14bc-c1a0-4f45-86a3-023cecd7c244,2024-03-11,1,47.69,47.69,47.69
362a14bc-c1a0-4f45-86a3-023cecd7c244,2024-06-17,1,179.09,179.09,179.09
362a14bc-c1a0-4f45-86a3-023cecd7c244,2024-07-29,1,28.9,28.9,28.9
362c4c75-ea59-4a61-8746-480db33ef09e,2021-05-03,1,250,250,250
362c4c75-ea59-4a61-8746-480db33ef09e,2021-05-10,1,170,170,170
362c4c75-ea59-4a61-8746-480db33ef09e,2021-08-09,1,74.99,74.99,74.99
362c4c75-ea59-4a61-8746-480db33ef09e,2022-03-07,1,99.99,99.99,99.99
362c4c75-ea59-4a61-8746-480db33ef09e,2022-03-21,1,74.99,74.99,74.99
362c4c75-ea59-4a61-8746-480db33ef09e,2022-08-22,1,84,84,84
362c4c75-ea59-4a61-8746-480db33ef09e,2023-07-10,1,100,100,100
362c4c75-ea59-4a61-8746-480db33ef09e,2023-08-14,1,55,55,55
362c4c75-ea59-4a61-8746-480db33ef09e,2024-01-08,1,99.99,99.99,99.99
362c4c75-ea59-4a61-8746-480db33ef09e,2024-02-05,1,139.82,139.82,139.82
362c4c75-ea59-4a61-8746-480db33ef09e,2024-02-12,1,125,125,125
362c4c75-ea59-4a61-8746-480db33ef09e,2024-07-29,1,115,115,115
362c4c75-ea59-4a61-8746-480db33ef09e,2024-10-21,1,72.14,72.14,72.14
362c4c75-ea59-4a61-8746-480db33ef09e,2025-03-17,1,149.99,149.99,149.99
362c4c75-ea59-4a61-8746-480db33ef09e,2025-04-07,1,80,80,80
362d0ff0-8cf7-4abb-a712-1cc4c2854155,2021-10-25,1,89,89,89
362d0ff0-8cf7-4abb-a712-1cc4c2854155,2022-01-10,1,77,77,77
362d0ff0-8cf7-4abb-a712-1cc4c2854155,2022-10-03,1,121.36,121.36,121.36
362d0ff0-8cf7-4abb-a712-1cc4c2854155,2022-11-21,1,199.99,199.99,199.99
362d0ff0-8cf7-4abb-a712-1cc4c2854155,2022-11-28,1,72,72,72
362d0ff0-8cf7-4abb-a712-1cc4c2854155,2022-12-19,1,125,125,125
362d0ff0-8cf7-4abb-a712-1cc4c2854155,2023-02-06,1,160.35,160.35,160.35
362d0ff0-8cf7-4abb-a712-1cc4c2854155,2023-02-27,1,98.21,98.21,98.21
362d0ff0-8cf7-4abb-a712-1cc4c2854155,2023-08-14,1,94,94,94
362d0ff0-8cf7-4abb-a712-1cc4c2854155,2023-08-21,1,165.46,165.46,165.46
362d0ff0-8cf7-4abb-a712-1cc4c2854155,2023-11-13,1,46,46,46
362d0ff0-8cf7-4abb-a712-1cc4c2854155,2023-12-04,1,46,46,46
362d0ff0-8cf7-4abb-a712-1cc4c2854155,2024-02-05,1,128.87,128.87,128.87
362d0ff0-8cf7-4abb-a712-1cc4c2854155,2024-02-12,1,43.2,43.2,43.2
362d0ff0-8cf7-4abb-a712-1cc4c2854155,2024-08-26,1,45.6,45.6,45.6
362d0ff0-8cf7-4abb-a712-1cc4c2854155,2024-11-18,1,93.94,93.94,93.94
362d0ff0-8cf7-4abb-a712-1cc4c2854155,2025-04-07,1,100,100,100
362d0ff0-8cf7-4abb-a712-1cc4c2854155,2025-09-22,1,126.99,126.99,126.99
362d0ff0-8cf7-4abb-a712-1cc4c2854155,2025-10-13,1,160.27,160.27,160.27
362d0ff0-8cf7-4abb-a712-1cc4c2854155,2025-11-03,1,100,100,100
362d0ff0-8cf7-4abb-a712-1cc4c2854155,2025-11-24,1,69.6,69.6,69.6
362d0ff0-8cf7-4abb-a712-1cc4c2854155,2025-12-15,1,125,125,125
362d0ff0-8cf7-4abb-a712-1cc4c2854155,2026-02-16,1,295.19,295.19,295.19
362d0ff0-8cf7-4abb-a712-1cc4c2854155,2026-03-09,1,285,285,285
362d0ff0-8cf7-4abb-a712-1cc4c2854155,2026-03-23,1,288,288,288
362d0ff0-8cf7-4abb-a712-1cc4c2854155,2026-05-04,1,432,432,432
362d0ff0-8cf7-4abb-a712-1cc4c2854155,2026-07-20,1,468.15,468.15,468.15
362d0ff0-8cf7-4abb-a712-1cc4c2854155,2026-07-27,1,435,435,435
362d0ff0-8cf7-4abb-a712-1cc4c2854155,2026-08-10,1,420.69,420.69,420.69
362d0ff0-8cf7-4abb-a712-1cc4c2854155,2026-08-24,1,357,357,357
362d0ff0-8cf7-4abb-a712-1cc4c2854155,2026-08-31,1,405,405,405
362f0f4f-c016-4539-87ff-0832504aa077,2022-02-14,1,30,30,30
362f0f4f-c016-4539-87ff-0832504aa077,2022-06-20,2,18.5,18.5,18.5
362f0f4f-c016-4539-87ff-0832504aa077,2022-07-11,1,46,46,46
362f0f4f-c016-4539-87ff-0832504aa077,2023-07-24,1,74.99,74.99,74.99
362f0f4f-c016-4539-87ff-0832504aa077,2024-05-06,1,38,38,38
362f0f4f-c016-4539-87ff-0832504aa077,2024-05-13,1,25.4,25.4,25.4
362f0f4f-c016-4539-87ff-0832504aa077,2026-04-06,1,284,284,284
362f0f4f-c016-4539-87ff-0832504aa077,2026-05-25,1,178.8,178.8,178.8
362febf3-917c-44ae-9f41-49e369a799f9,2021-05-10,1,324,324,324
362febf3-917c-44ae-9f41-49e369a799f9,2021-07-26,1,461,461,461
362febf3-917c-44ae-9f41-49e369a799f9,2021-11-15,1,310,310,310
362febf3-917c-44ae-9f41-49e369a799f9,2021-11-22,1,335,335,335
362febf3-917c-44ae-9f41-49e369a799f9,2022-02-07,1,305,305,305
362febf3-917c-44ae-9f41-49e369a799f9,2022-03-28,1,650,650,650
362febf3-917c-44ae-9f41-49e369a799f9,2022-04-04,1,300,300,300
362febf3-917c-44ae-9f41-49e369a799f9,2022-05-02,1,290,290,290
362febf3-917c-44ae-9f41-49e369a799f9,2022-05-16,1,202.5,202.5,202.5
362febf3-917c-44ae-9f41-49e369a799f9,2022-07-11,1,232.52,232.52,232.52
362febf3-917c-44ae-9f41-49e369a799f9,2022-10-17,1,299.99,299.99,299.99
362febf3-917c-44ae-9f41-49e369a799f9,2023-02-13,1,278,278,278
362febf3-917c-44ae-9f41-49e369a799f9,2023-06-26,1,270,270,270
362febf3-917c-44ae-9f41-49e369a799f9,2023-07-10,1,312,312,312
362febf3-917c-44ae-9f41-49e369a799f9,2023-07-17,1,336,336,336
362febf3-917c-44ae-9f41-49e369a799f9,2023-08-07,1,264,264,264
362febf3-917c-44ae-9f41-49e369a799f9,2023-08-21,1,180,180,180
362febf3-917c-44ae-9f41-49e369a799f9,2023-10-09,1,264,264,264
362febf3-917c-44ae-9f41-49e369a799f9,2023-12-11,1,216,216,216
362febf3-917c-44ae-9f41-49e369a799f9,2023-12-18,1,198,198,198
362febf3-917c-44ae-9f41-49e369a799f9,2024-03-25,1,250,250,250
362febf3-917c-44ae-9f41-49e369a799f9,2024-04-29,1,269.99,269.99,269.99
362febf3-917c-44ae-9f41-49e369a799f9,2024-05-06,1,279.99,279.99,279.99
362febf3-917c-44ae-9f41-49e369a799f9,2024-06-24,1,157.5,157.5,157.5
362febf3-917c-44ae-9f41-49e369a799f9,2024-07-15,1,310,310,310
362febf3-917c-44ae-9f41-49e369a799f9,2024-08-05,2,227.75,204,251.5
362febf3-917c-44ae-9f41-49e369a799f9,2024-10-21,1,132.5,132.5,132.5
362febf3-917c-44ae-9f41-49e369a799f9,2024-11-25,1,180,180,180
362febf3-917c-44ae-9f41-49e369a799f9,2025-01-13,1,154.5,154.5,154.5
362febf3-917c-44ae-9f41-49e369a799f9,2025-01-20,1,202.5,202.5,202.5
362febf3-917c-44ae-9f41-49e369a799f9,2025-02-03,1,153.5,153.5,153.5
362febf3-917c-44ae-9f41-49e369a799f9,2025-02-17,1,145,145,145
362febf3-917c-44ae-9f41-49e369a799f9,2025-04-28,1,264.17,264.17,264.17
362febf3-917c-44ae-9f41-49e369a799f9,2025-05-05,1,235.5,235.5,235.5
362febf3-917c-44ae-9f41-49e369a799f9,2025-05-19,1,250,250,250
362febf3-917c-44ae-9f41-49e369a799f9,2025-07-14,1,322.32,322.32,322.32
362febf3-917c-44ae-9f41-49e369a799f9,2025-08-18,1,399.99,399.99,399.99
362febf3-917c-44ae-9f41-49e369a799f9,2025-12-15,1,325,325,325
362febf3-917c-44ae-9f41-49e369a799f9,2026-02-09,1,799,799,799
362febf3-917c-44ae-9f41-49e369a799f9,2026-03-16,1,1800,1800,1800
362febf3-917c-44ae-9f41-49e369a799f9,2026-04-27,2,3400,3250,3550
362febf3-917c-44ae-9f41-49e369a799f9,2026-07-06,1,3900,3900,3900
362febf3-917c-44ae-9f41-49e369a799f9,2026-07-13,1,3483,3483,3483
362febf3-917c-44ae-9f41-49e369a799f9,2026-07-20,1,3999.99,3999.99,3999.99
362febf3-917c-44ae-9f41-49e369a799f9,2026-08-03,2,4406.5,3916,4897
362febf3-917c-44ae-9f41-49e369a799f9,2026-08-31,1,4500,4500,4500
362febf3-917c-44ae-9f41-49e369a799f9,2026-09-07,1,4100,4100,4100
36317e9f-1f02-4c83-a2e5-12221a4c1d55,2021-04-26,2,128.28,128.05,128.5
36317e9f-1f02-4c83-a2e5-12221a4c1d55,2021-07-05,1,147.5,147.5,147.5
36317e9f-1f02-4c83-a2e5-12221a4c1d55,2021-12-13,1,182.5,182.5,182.5
36317e9f-1f02-4c83-a2e5-12221a4c1d55,2022-02-21,1,122.5,122.5,122.5
36317e9f-1f02-4c83-a2e5-12221a4c1d55,2022-07-25,1,108.5,108.5,108.5
36317e9f-1f02-4c83-a2e5-12221a4c1d55,2022-08-08,1,144,144,144
36317e9f-1f02-4c83-a2e5-12221a4c1d55,2022-09-19,1,157.5,157.5,157.5
36317e9f-1f02-4c83-a2e5-12221a4c1d55,2022-12-12,1,150,150,150
36317e9f-1f02-4c83-a2e5-12221a4c1d55,2023-01-23,1,112.5,112.5,112.5
36317e9f-1f02-4c83-a2e5-12221a4c1d55,2023-02-06,1,102.5,102.5,102.5
36317e9f-1f02-4c83-a2e5-12221a4c1d55,2023-04-17,1,89,89,89
36317e9f-1f02-4c83-a2e5-12221a4c1d55,2023-06-26,2,76.7,67,86.4
36317e9f-1f02-4c83-a2e5-12221a4c1d55,2023-07-24,1,71,71,71
36317e9f-1f02-4c83-a2e5-12221a4c1d55,2023-09-11,1,64.8,64.8,64.8
36317e9f-1f02-4c83-a2e5-12221a4c1d55,2023-10-16,1,56.4,56.4,56.4
36317e9f-1f02-4c83-a2e5-12221a4c1d55,2023-10-23,1,51.6,51.6,51.6
36317e9f-1f02-4c83-a2e5-12221a4c1d55,2023-10-30,2,68.4,67.2,69.6
36317e9f-1f02-4c83-a2e5-12221a4c1d55,2023-11-13,1,69.6,69.6,69.6
36317e9f-1f02-4c83-a2e5-12221a4c1d55,2023-11-20,1,46.8,46.8,46.8
36317e9f-1f02-4c83-a2e5-12221a4c1d55,2023-12-04,1,50.4,50.4,50.4
36317e9f-1f02-4c83-a2e5-12221a4c1d55,2023-12-11,2,55,44.4,65.6
36317e9f-1f02-4c83-a2e5-12221a4c1d55,2024-05-06,1,85,85,85
36317e9f-1f02-4c83-a2e5-12221a4c1d55,2024-06-03,1,50.4,50.4,50.4
36317e9f-1f02-4c83-a2e5-12221a4c1d55,2024-06-17,1,60,60,60
36317e9f-1f02-4c83-a2e5-12221a4c1d55,2024-07-15,1,57,57,57
36317e9f-1f02-4c83-a2e5-12221a4c1d55,2024-09-09,1,71.81,71.81,71.81
36317e9f-1f02-4c83-a2e5-12221a4c1d55,2024-09-16,1,76.8,76.8,76.8
36317e9f-1f02-4c83-a2e5-12221a4c1d55,2024-09-23,2,51.85,48.06,55.64
36317e9f-1f02-4c83-a2e5-12221a4c1d55,2024-11-18,1,100,100,100
36317e9f-1f02-4c83-a2e5-12221a4c1d55,2025-01-20,2,76.5,76,77
36317e9f-1f02-4c83-a2e5-12221a4c1d55,2025-07-07,1,67.14,67.14,67.14
36317e9f-1f02-4c83-a2e5-12221a4c1d55,2025-07-21,1,87.96,87.96,87.96
36317e9f-1f02-4c83-a2e5-12221a4c1d55,2025-08-11,1,89,89,89
36317e9f-1f02-4c83-a2e5-12221a4c1d55,2025-11-10,1,179.99,179.99,179.99
36317e9f-1f02-4c83-a2e5-12221a4c1d55,2026-01-05,1,169.99,169.99,169.99
3632ea0a-2d1c-4ebf-a9dc-ed88181424da,2021-06-21,1,95.67,95.67,95.67
3632ea0a-2d1c-4ebf-a9dc-ed88181424da,2021-07-26,1,188.67,188.67,188.67
3632ea0a-2d1c-4ebf-a9dc-ed88181424da,2023-02-27,1,179.99,179.99,179.99
3632ea0a-2d1c-4ebf-a9dc-ed88181424da,2023-06-05,1,170,170,170
3632ea0a-2d1c-4ebf-a9dc-ed88181424da,2024-05-13,1,127.5,127.5,127.5
3632ea0a-2d1c-4ebf-a9dc-ed88181424da,2024-09-16,1,82.25,82.25,82.25
3632ea0a-2d1c-4ebf-a9dc-ed88181424da,2024-09-30,1,152.18,152.18,152.18
3632ea0a-2d1c-4ebf-a9dc-ed88181424da,2025-02-03,1,89,89,89
3632ea0a-2d1c-4ebf-a9dc-ed88181424da,2025-03-10,1,202.35,202.35,202.35
3632ea0a-2d1c-4ebf-a9dc-ed88181424da,2025-03-31,1,198,198,198
3632ea0a-2d1c-4ebf-a9dc-ed88181424da,2025-12-15,1,250,250,250
3632ea0a-2d1c-4ebf-a9dc-ed88181424da,2026-01-26,1,118.5,118.5,118.5
3632ea0a-2d1c-4ebf-a9dc-ed88181424da,2026-03-30,1,143.15,143.15,143.15
3632ea0a-2d1c-4ebf-a9dc-ed88181424da,2026-04-27,1,219.99,219.99,219.99
3632ea0a-2d1c-4ebf-a9dc-ed88181424da,2026-06-29,1,279.99,279.99,279.99
3632ea0a-2d1c-4ebf-a9dc-ed88181424da,2026-08-31,1,360,360,360
36342056-f3cd-4e4d-8973-5cfd26fdc70b,2021-08-16,1,81,81,81
36342056-f3cd-4e4d-8973-5cfd26fdc70b,2021-11-29,1,46.78,46.78,46.78
36342056-f3cd-4e4d-8973-5cfd26fdc70b,2022-01-03,1,75,75,75
36342056-f3cd-4e4d-8973-5cfd26fdc70b,2022-01-17,1,25.84,25.84,25.84
36342056-f3cd-4e4d-8973-5cfd26fdc70b,2022-03-28,1,37.95,37.95,37.95
36342056-f3cd-4e4d-8973-5cfd26fdc70b,2022-04-25,1,43.91,43.91,43.91
36342056-f3cd-4e4d-8973-5cfd26fdc70b,2022-06-06,1,30,30,30
36342056-f3cd-4e4d-8973-5cfd26fdc70b,2022-06-20,1,41,41,41
36342056-f3cd-4e4d-8973-5cfd26fdc70b,2022-07-18,2,18.25,14.5,22
36342056-f3cd-4e4d-8973-5cfd26fdc70b,2022-07-25,2,23.25,20.5,26
36342056-f3cd-4e4d-8973-5cfd26fdc70b,2022-08-01,1,23.99,23.99,23.99
36342056-f3cd-4e4d-8973-5cfd26fdc70b,2022-08-08,1,18.5,18.5,18.5
36342056-f3cd-4e4d-8973-5cfd26fdc70b,2022-08-15,1,39.9,39.9,39.9
36342056-f3cd-4e4d-8973-5cfd26fdc70b,2022-08-22,3,22.5,15.5,24.95
36342056-f3cd-4e4d-8973-5cfd26fdc70b,2022-09-05,2,18.6,15.2,22
36342056-f3cd-4e4d-8973-5cfd26fdc70b,2022-09-19,2,25.56,17.52,33.6
36342056-f3cd-4e4d-8973-5cfd26fdc70b,2022-09-26,1,13.5,13.5,13.5
36342056-f3cd-4e4d-8973-5cfd26fdc70b,2022-10-03,1,20.5,20.5,20.5
36342056-f3cd-4e4d-8973-5cfd26fdc70b,2022-10-10,4,15.76,9,23
36342056-f3cd-4e4d-8973-5cfd26fdc70b,2022-10-17,3,14.61,11.5,22.8
36342056-f3cd-4e4d-8973-5cfd26fdc70b,2022-11-07,2,20.25,15.5,25
36342056-f3cd-4e4d-8973-5cfd26fdc70b,2022-11-28,1,35,35,35
36342056-f3cd-4e4d-8973-5cfd26fdc70b,2022-12-12,1,18.5,18.5,18.5
36342056-f3cd-4e4d-8973-5cfd26fdc70b,2022-12-26,1,22.85,22.85,22.85
36342056-f3cd-4e4d-8973-5cfd26fdc70b,2023-01-09,1,26,26,26
36342056-f3cd-4e4d-8973-5cfd26fdc70b,2023-01-16,1,29.99,29.99,29.99
36342056-f3cd-4e4d-8973-5cfd26fdc70b,2023-02-06,1,23.01,23.01,23.01
36342056-f3cd-4e4d-8973-5cfd26fdc70b,2023-02-13,1,15.5,15.5,15.5
36342056-f3cd-4e4d-8973-5cfd26fdc70b,2023-04-24,1,16.99,16.99,16.99
36342056-f3cd-4e4d-8973-5cfd26fdc70b,2023-06-05,1,16,16,16
36342056-f3cd-4e4d-8973-5cfd26fdc70b,2023-06-19,1,19,19,19
36342056-f3cd-4e4d-8973-5cfd26fdc70b,2023-08-14,1,18.05,18.05,18.05
36342056-f3cd-4e4d-8973-5cfd26fdc70b,2023-08-28,1,14.4,14.4,14.4
36342056-f3cd-4e4d-8973-5cfd26fdc70b,2023-09-25,2,18.05,18.05,18.05
36342056-f3cd-4e4d-8973-5cfd26fdc70b,2023-10-16,1,9.09,9.09,9.09
36342056-f3cd-4e4d-8973-5cfd26fdc70b,2023-10-23,1,14.82,14.82,14.82
36342056-f3cd-4e4d-8973-5cfd26fdc70b,2023-11-06,1,30,30,30
36342056-f3cd-4e4d-8973-5cfd26fdc70b,2023-11-20,1,24.99,24.99,24.99
36342056-f3cd-4e4d-8973-5cfd26fdc70b,2023-12-25,1,29.99,29.99,29.99
36342056-f3cd-4e4d-8973-5cfd26fdc70b,2024-02-19,1,19.5,19.5,19.5
36342056-f3cd-4e4d-8973-5cfd26fdc70b,2024-03-04,1,30,30,30
36342056-f3cd-4e4d-8973-5cfd26fdc70b,2024-05-27,1,25,25,25
36342056-f3cd-4e4d-8973-5cfd26fdc70b,2024-07-08,1,22,22,22
36342056-f3cd-4e4d-8973-5cfd26fdc70b,2024-09-30,1,34.99,34.99,34.99
36342056-f3cd-4e4d-8973-5cfd26fdc70b,2024-11-04,1,36.27,36.27,36.27
36342056-f3cd-4e4d-8973-5cfd26fdc70b,2024-12-09,1,20,20,20
36342056-f3cd-4e4d-8973-5cfd26fdc70b,2025-01-13,1,29.95,29.95,29.95
36342056-f3cd-4e4d-8973-5cfd26fdc70b,2025-01-20,1,20.5,20.5,20.5
36342056-f3cd-4e4d-8973-5cfd26fdc70b,2025-02-03,1,49.95,49.95,49.95
36342056-f3cd-4e4d-8973-5cfd26fdc70b,2025-02-17,1,34.99,34.99,34.99
36342056-f3cd-4e4d-8973-5cfd26fdc70b,2025-02-24,1,28.99,28.99,28.99
36342056-f3cd-4e4d-8973-5cfd26fdc70b,2025-03-31,1,27.99,27.99,27.99
36342056-f3cd-4e4d-8973-5cfd26fdc70b,2025-04-28,1,45,45,45
36342056-f3cd-4e4d-8973-5cfd26fdc70b,2025-05-05,1,38,38,38
36342056-f3cd-4e4d-8973-5cfd26fdc70b,2025-05-19,1,14.7,14.7,14.7
36342056-f3cd-4e4d-8973-5cfd26fdc70b,2025-05-26,1,35,35,35
36342056-f3cd-4e4d-8973-5cfd26fdc70b,2025-06-30,1,100,100,100
36342056-f3cd-4e4d-8973-5cfd26fdc70b,2025-09-15,1,40,40,40
36342056-f3cd-4e4d-8973-5cfd26fdc70b,2025-10-13,1,44.99,44.99,44.99
36342056-f3cd-4e4d-8973-5cfd26fdc70b,2025-12-01,1,33,33,33
3634c4c5-9fd2-40ea-9cfc-030907511e56,2026-02-09,4,123,109.46,133
3634c4c5-9fd2-40ea-9cfc-030907511e56,2026-02-16,5,119.99,105.6,160
3634c4c5-9fd2-40ea-9cfc-030907511e56,2026-02-23,12,131,110,186
3634c4c5-9fd2-40ea-9cfc-030907511e56,2026-03-02,6,127,109.46,149.99
3634c4c5-9fd2-40ea-9cfc-030907511e56,2026-03-09,8,154.97,112,227.5
3634c4c5-9fd2-40ea-9cfc-030907511e56,2026-03-16,6,156.25,122.5,251.99
3634c4c5-9fd2-40ea-9cfc-030907511e56,2026-03-23,11,180,145,289.3
3634c4c5-9fd2-40ea-9cfc-030907511e56,2026-03-30,6,202,186.24,255
3634c4c5-9fd2-40ea-9cfc-030907511e56,2026-04-06,4,194.5,157.5,204
3634c4c5-9fd2-40ea-9cfc-030907511e56,2026-04-13,1,196.5,196.5,196.5
3634c4c5-9fd2-40ea-9cfc-030907511e56,2026-04-20,4,200.23,163.5,237
3634c4c5-9fd2-40ea-9cfc-030907511e56,2026-04-27,11,203.01,180,259.99
3634c4c5-9fd2-40ea-9cfc-030907511e56,2026-05-04,7,180.05,158.33,229.99
3634c4c5-9fd2-40ea-9cfc-030907511e56,2026-05-11,4,197.75,180,225.99
3634c4c5-9fd2-40ea-9cfc-030907511e56,2026-05-18,12,208.75,142.5,271.51
3634c4c5-9fd2-40ea-9cfc-030907511e56,2026-05-25,7,199.99,180.5,215
3634c4c5-9fd2-40ea-9cfc-030907511e56,2026-06-01,8,195,162,239.99
3634c4c5-9fd2-40ea-9cfc-030907511e56,2026-06-08,12,205,143.18,250
3634c4c5-9fd2-40ea-9cfc-030907511e56,2026-06-15,4,187.05,186,211.83
3634c4c5-9fd2-40ea-9cfc-030907511e56,2026-06-22,5,186,167.5,200
3634c4c5-9fd2-40ea-9cfc-030907511e56,2026-06-29,4,190.75,151,225
3634c4c5-9fd2-40ea-9cfc-030907511e56,2026-07-06,2,132.5,80,185
3634c4c5-9fd2-40ea-9cfc-030907511e56,2026-07-13,5,183,142.8,201.99
3634c4c5-9fd2-40ea-9cfc-030907511e56,2026-07-20,4,212.75,175,222
3634c4c5-9fd2-40ea-9cfc-030907511e56,2026-07-27,4,222.25,167.52,254.4
3634c4c5-9fd2-40ea-9cfc-030907511e56,2026-08-03,5,220,204.99,229.99
3634c4c5-9fd2-40ea-9cfc-030907511e56,2026-08-10,4,198.75,180,232.5
3634c4c5-9fd2-40ea-9cfc-030907511e56,2026-08-17,6,211.25,192,233.5
3634c4c5-9fd2-40ea-9cfc-030907511e56,2026-08-24,8,178,150,226.5
3634c4c5-9fd2-40ea-9cfc-030907511e56,2026-08-31,7,204,184.99,290
3634c4c5-9fd2-40ea-9cfc-030907511e56,2026-09-07,3,191.69,190,222
36356eb5-fd4d-47b4-a051-2847665659c8,2021-08-23,1,92.5,92.5,92.5
36356eb5-fd4d-47b4-a051-2847665659c8,2023-07-17,1,102.5,102.5,102.5
36356eb5-fd4d-47b4-a051-2847665659c8,2024-08-19,1,80,80,80
36356eb5-fd4d-47b4-a051-2847665659c8,2025-12-01,1,93.37,93.37,93.37
36367085-f85b-473b-ae36-121c5c098a95,2024-08-26,1,35,35,35
36367085-f85b-473b-ae36-121c5c098a95,2024-09-30,1,16.5,16.5,16.5
36367085-f85b-473b-ae36-121c5c098a95,2024-11-25,2,29.91,24.82,35
36367085-f85b-473b-ae36-121c5c098a95,2024-12-02,1,15.55,15.55,15.55
36367085-f85b-473b-ae36-121c5c098a95,2025-01-20,1,16,16,16
36367085-f85b-473b-ae36-121c5c098a95,2025-04-28,1,19.99,19.99,19.99
36367085-f85b-473b-ae36-121c5c098a95,2025-09-08,1,25,25,25
36367085-f85b-473b-ae36-121c5c098a95,2026-03-16,1,31,31,31
36367085-f85b-473b-ae36-121c5c098a95,2026-07-06,1,45,45,45
363cf89d-58b9-48c6-a3e8-a7d9234ee601,2022-08-08,1,80,80,80
363cf89d-58b9-48c6-a3e8-a7d9234ee601,2022-10-03,1,50,50,50
363cf89d-58b9-48c6-a3e8-a7d9234ee601,2022-10-24,1,36,36,36
363cf89d-58b9-48c6-a3e8-a7d9234ee601,2022-10-31,1,30,30,30
363cf89d-58b9-48c6-a3e8-a7d9234ee601,2022-11-28,1,15.5,15.5,15.5
363cf89d-58b9-48c6-a3e8-a7d9234ee601,2022-12-12,1,35,35,35
363cf89d-58b9-48c6-a3e8-a7d9234ee601,2022-12-26,1,54.95,54.95,54.95
363cf89d-58b9-48c6-a3e8-a7d9234ee601,2023-01-09,1,26,26,26
363cf89d-58b9-48c6-a3e8-a7d9234ee601,2023-02-20,1,38,38,38
363cf89d-58b9-48c6-a3e8-a7d9234ee601,2023-02-27,2,28.81,18,39.62
363cf89d-58b9-48c6-a3e8-a7d9234ee601,2023-04-10,3,22,18.5,25
363cf89d-58b9-48c6-a3e8-a7d9234ee601,2023-05-15,2,33.5,32,35
363cf89d-58b9-48c6-a3e8-a7d9234ee601,2023-05-29,1,17.5,17.5,17.5
363cf89d-58b9-48c6-a3e8-a7d9234ee601,2023-06-05,1,34.99,34.99,34.99
363cf89d-58b9-48c6-a3e8-a7d9234ee601,2023-06-12,2,23.5,15,32
363cf89d-58b9-48c6-a3e8-a7d9234ee601,2023-06-19,1,26,26,26
363cf89d-58b9-48c6-a3e8-a7d9234ee601,2023-06-26,1,17.5,17.5,17.5
363cf89d-58b9-48c6-a3e8-a7d9234ee601,2023-07-10,1,18,18,18
363cf89d-58b9-48c6-a3e8-a7d9234ee601,2023-07-17,1,22.4,22.4,22.4
363cf89d-58b9-48c6-a3e8-a7d9234ee601,2023-08-14,1,36.99,36.99,36.99
363cf89d-58b9-48c6-a3e8-a7d9234ee601,2023-08-21,1,13.19,13.19,13.19
363cf89d-58b9-48c6-a3e8-a7d9234ee601,2023-08-28,3,22.49,16.5,50
363cf89d-58b9-48c6-a3e8-a7d9234ee601,2023-09-18,2,20.75,20,21.5
363cf89d-58b9-48c6-a3e8-a7d9234ee601,2023-09-25,1,17.99,17.99,17.99
363cf89d-58b9-48c6-a3e8-a7d9234ee601,2023-10-02,1,25,25,25
363cf89d-58b9-48c6-a3e8-a7d9234ee601,2023-10-30,2,23.87,18,29.73
363cf89d-58b9-48c6-a3e8-a7d9234ee601,2023-11-06,1,19.2,19.2,19.2
363cf89d-58b9-48c6-a3e8-a7d9234ee601,2023-11-13,1,14.5,14.5,14.5
363cf89d-58b9-48c6-a3e8-a7d9234ee601,2023-12-11,1,19.5,19.5,19.5
363cf89d-58b9-48c6-a3e8-a7d9234ee601,2023-12-18,3,18.05,11,25.31
363cf89d-58b9-48c6-a3e8-a7d9234ee601,2024-01-01,2,22.9,22.8,23
363cf89d-58b9-48c6-a3e8-a7d9234ee601,2024-01-15,1,16.5,16.5,16.5
363cf89d-58b9-48c6-a3e8-a7d9234ee601,2024-01-29,1,20.29,20.29,20.29
363cf89d-58b9-48c6-a3e8-a7d9234ee601,2024-02-05,1,22.52,22.52,22.52
363cf89d-58b9-48c6-a3e8-a7d9234ee601,2024-03-04,1,34.99,34.99,34.99
363cf89d-58b9-48c6-a3e8-a7d9234ee601,2024-04-15,1,31,31,31
363cf89d-58b9-48c6-a3e8-a7d9234ee601,2024-04-22,1,16.8,16.8,16.8
363cf89d-58b9-48c6-a3e8-a7d9234ee601,2024-04-29,1,20,20,20
363cf89d-58b9-48c6-a3e8-a7d9234ee601,2024-05-06,1,18.77,18.77,18.77
363cf89d-58b9-48c6-a3e8-a7d9234ee601,2024-06-17,1,15.99,15.99,15.99
363cf89d-58b9-48c6-a3e8-a7d9234ee601,2024-06-24,1,7.5,7.5,7.5
363cf89d-58b9-48c6-a3e8-a7d9234ee601,2024-07-15,3,15.67,11.5,24.99
363cf89d-58b9-48c6-a3e8-a7d9234ee601,2024-08-05,1,22.49,22.49,22.49
363cf89d-58b9-48c6-a3e8-a7d9234ee601,2024-08-12,1,17.49,17.49,17.49
363cf89d-58b9-48c6-a3e8-a7d9234ee601,2024-08-19,2,26.17,24.95,27.4
363cf89d-58b9-48c6-a3e8-a7d9234ee601,2024-09-30,1,13,13,13
363cf89d-58b9-48c6-a3e8-a7d9234ee601,2024-10-07,1,20.4,20.4,20.4
363cf89d-58b9-48c6-a3e8-a7d9234ee601,2024-10-28,3,14.5,12.51,24.99
363cf89d-58b9-48c6-a3e8-a7d9234ee601,2025-01-20,1,22,22,22
363cf89d-58b9-48c6-a3e8-a7d9234ee601,2025-01-27,2,17.95,17.5,18.4
363cf89d-58b9-48c6-a3e8-a7d9234ee601,2025-02-10,1,33.33,33.33,33.33
363cf89d-58b9-48c6-a3e8-a7d9234ee601,2025-02-24,1,29.99,29.99,29.99
363cf89d-58b9-48c6-a3e8-a7d9234ee601,2025-03-03,1,11.5,11.5,11.5
363cf89d-58b9-48c6-a3e8-a7d9234ee601,2025-03-17,2,26.25,23.5,29
363cf89d-58b9-48c6-a3e8-a7d9234ee601,2025-03-24,1,31.44,31.44,31.44
363cf89d-58b9-48c6-a3e8-a7d9234ee601,2025-03-31,1,36.12,36.12,36.12
363cf89d-58b9-48c6-a3e8-a7d9234ee601,2025-04-07,2,25.5,21,30
363cf89d-58b9-48c6-a3e8-a7d9234ee601,2025-04-14,1,11.5,11.5,11.5
363cf89d-58b9-48c6-a3e8-a7d9234ee601,2025-04-28,1,26.99,26.99,26.99
363cf89d-58b9-48c6-a3e8-a7d9234ee601,2025-07-28,1,13.5,13.5,13.5
363cf89d-58b9-48c6-a3e8-a7d9234ee601,2025-08-04,1,35,35,35
363cf89d-58b9-48c6-a3e8-a7d9234ee601,2025-09-22,1,24.4,24.4,24.4
363cf89d-58b9-48c6-a3e8-a7d9234ee601,2025-11-10,1,31.2,31.2,31.2
363cf89d-58b9-48c6-a3e8-a7d9234ee601,2026-01-12,1,35,35,35
363cf89d-58b9-48c6-a3e8-a7d9234ee601,2026-02-02,1,34,34,34
363cf89d-58b9-48c6-a3e8-a7d9234ee601,2026-02-16,2,29.3,21.6,37
363cf89d-58b9-48c6-a3e8-a7d9234ee601,2026-02-23,3,32,26.4,39.99
363cf89d-58b9-48c6-a3e8-a7d9234ee601,2026-03-09,1,36.01,36.01,36.01
363cf89d-58b9-48c6-a3e8-a7d9234ee601,2026-03-16,1,35.95,35.95,35.95
363cf89d-58b9-48c6-a3e8-a7d9234ee601,2026-03-23,1,18.5,18.5,18.5
363cf89d-58b9-48c6-a3e8-a7d9234ee601,2026-03-30,2,27.25,23,31.5
363cf89d-58b9-48c6-a3e8-a7d9234ee601,2026-04-06,3,41.72,31,49.49
363cf89d-58b9-48c6-a3e8-a7d9234ee601,2026-04-20,1,69.69,69.69,69.69
363cf89d-58b9-48c6-a3e8-a7d9234ee601,2026-05-04,1,34,34,34
363cf89d-58b9-48c6-a3e8-a7d9234ee601,2026-05-11,1,21,21,21
363cf89d-58b9-48c6-a3e8-a7d9234ee601,2026-05-18,1,40,40,40
363cf89d-58b9-48c6-a3e8-a7d9234ee601,2026-05-25,1,40,40,40
363cf89d-58b9-48c6-a3e8-a7d9234ee601,2026-06-08,1,37.58,37.58,37.58
363cf89d-58b9-48c6-a3e8-a7d9234ee601,2026-06-15,1,48.08,48.08,48.08
363cf89d-58b9-48c6-a3e8-a7d9234ee601,2026-06-22,3,51.64,49.3,52.43
363cf89d-58b9-48c6-a3e8-a7d9234ee601,2026-06-29,4,38.61,30.56,46.45
363cf89d-58b9-48c6-a3e8-a7d9234ee601,2026-07-06,2,34.78,30.24,39.33
363cf89d-58b9-48c6-a3e8-a7d9234ee601,2026-07-13,1,41.68,41.68,41.68
363cf89d-58b9-48c6-a3e8-a7d9234ee601,2026-07-20,2,38.61,33.99,43.23
363cf89d-58b9-48c6-a3e8-a7d9234ee601,2026-07-27,3,33.99,29.01,38.23
363cf89d-58b9-48c6-a3e8-a7d9234ee601,2026-08-03,2,34.38,31.16,37.6
363cf89d-58b9-48c6-a3e8-a7d9234ee601,2026-08-10,1,31.32,31.32,31.32
363cf89d-58b9-48c6-a3e8-a7d9234ee601,2026-08-17,2,28.43,27.85,29.01
363cf89d-58b9-48c6-a3e8-a7d9234ee601,2026-08-24,6,35.8,27.28,43.5
363cf89d-58b9-48c6-a3e8-a7d9234ee601,2026-08-31,4,37.5,28.54,39
3643d866-d1e1-49f4-ac52-78bb11965217,2023-01-09,1,28,28,28
3643d866-d1e1-49f4-ac52-78bb11965217,2023-02-13,3,26,22.5,33
3643d866-d1e1-49f4-ac52-78bb11965217,2023-03-27,1,49.99,49.99,49.99
3643d866-d1e1-49f4-ac52-78bb11965217,2023-04-03,1,32.23,32.23,32.23
3643d866-d1e1-49f4-ac52-78bb11965217,2023-04-24,3,25,24,31.44
3643d866-d1e1-49f4-ac52-78bb11965217,2023-05-15,1,45,45,45
3643d866-d1e1-49f4-ac52-78bb11965217,2023-05-29,1,25.2,25.2,25.2
3643d866-d1e1-49f4-ac52-78bb11965217,2023-06-05,1,40,40,40
3643d866-d1e1-49f4-ac52-78bb11965217,2023-06-26,1,34.99,34.99,34.99
3643d866-d1e1-49f4-ac52-78bb11965217,2023-07-17,1,32.54,32.54,32.54
3643d866-d1e1-49f4-ac52-78bb11965217,2023-07-24,1,34.99,34.99,34.99
3643d866-d1e1-49f4-ac52-78bb11965217,2023-08-14,1,33.24,33.24,33.24
3643d866-d1e1-49f4-ac52-78bb11965217,2023-08-21,3,34.99,22.8,40.48
3643d866-d1e1-49f4-ac52-78bb11965217,2023-08-28,2,27.8,27.6,28
3643d866-d1e1-49f4-ac52-78bb11965217,2023-09-18,2,35,30,39.99
3643d866-d1e1-49f4-ac52-78bb11965217,2023-09-25,1,18.3,18.3,18.3
3643d866-d1e1-49f4-ac52-78bb11965217,2023-10-16,1,21.5,21.5,21.5
3643d866-d1e1-49f4-ac52-78bb11965217,2023-10-30,1,25,25,25
3643d866-d1e1-49f4-ac52-78bb11965217,2023-11-20,1,21.67,21.67,21.67
3643d866-d1e1-49f4-ac52-78bb11965217,2024-01-01,1,15,15,15
3643d866-d1e1-49f4-ac52-78bb11965217,2024-01-29,1,18,18,18
3643d866-d1e1-49f4-ac52-78bb11965217,2024-06-10,1,39.57,39.57,39.57
3643d866-d1e1-49f4-ac52-78bb11965217,2024-07-01,1,40,40,40
3643d866-d1e1-49f4-ac52-78bb11965217,2024-07-22,1,38.99,38.99,38.99
3643d866-d1e1-49f4-ac52-78bb11965217,2024-10-21,1,38.75,38.75,38.75
3643d866-d1e1-49f4-ac52-78bb11965217,2024-12-02,3,34.99,26.4,36
3643d866-d1e1-49f4-ac52-78bb11965217,2024-12-09,2,33,26,40
3643d866-d1e1-49f4-ac52-78bb11965217,2024-12-16,1,38.75,38.75,38.75
3643d866-d1e1-49f4-ac52-78bb11965217,2024-12-23,1,30,30,30
3643d866-d1e1-49f4-ac52-78bb11965217,2024-12-30,2,31.5,25,38
3643d866-d1e1-49f4-ac52-78bb11965217,2025-02-10,1,28.8,28.8,28.8
3643d866-d1e1-49f4-ac52-78bb11965217,2025-03-24,1,30,30,30
3643d866-d1e1-49f4-ac52-78bb11965217,2025-04-07,2,36.62,34.49,38.75
3643d866-d1e1-49f4-ac52-78bb11965217,2025-04-14,2,38,36,40
3643d866-d1e1-49f4-ac52-78bb11965217,2025-04-21,2,34.49,34.49,34.49
3643d866-d1e1-49f4-ac52-78bb11965217,2025-05-05,1,44.95,44.95,44.95
3643d866-d1e1-49f4-ac52-78bb11965217,2025-05-26,2,43.5,38,48.99
3643d866-d1e1-49f4-ac52-78bb11965217,2025-06-23,1,53,53,53
3643d866-d1e1-49f4-ac52-78bb11965217,2025-07-07,1,39.99,39.99,39.99
3643d866-d1e1-49f4-ac52-78bb11965217,2025-07-21,1,47.95,47.95,47.95
3643d866-d1e1-49f4-ac52-78bb11965217,2025-07-28,1,48,48,48
3643d866-d1e1-49f4-ac52-78bb11965217,2025-08-04,1,35,35,35
3643d866-d1e1-49f4-ac52-78bb11965217,2025-08-25,1,54.95,54.95,54.95
3643d866-d1e1-49f4-ac52-78bb11965217,2025-09-29,1,42,42,42
3643d866-d1e1-49f4-ac52-78bb11965217,2025-10-06,2,45.98,42,49.96
3643d866-d1e1-49f4-ac52-78bb11965217,2025-10-27,1,59.99,59.99,59.99
3643d866-d1e1-49f4-ac52-78bb11965217,2025-12-08,1,41,41,41
3643d866-d1e1-49f4-ac52-78bb11965217,2026-02-23,1,60,60,60
3643d866-d1e1-49f4-ac52-78bb11965217,2026-03-16,1,69.99,69.99,69.99
3643d866-d1e1-49f4-ac52-78bb11965217,2026-03-30,4,61.5,26,76
3643d866-d1e1-49f4-ac52-78bb11965217,2026-05-11,1,186.5,186.5,186.5
3643d866-d1e1-49f4-ac52-78bb11965217,2026-05-18,2,172.5,170,175
3643d866-d1e1-49f4-ac52-78bb11965217,2026-05-25,1,170,170,170
3643d866-d1e1-49f4-ac52-78bb11965217,2026-06-15,1,178.5,178.5,178.5
3643d866-d1e1-49f4-ac52-78bb11965217,2026-07-06,1,250,250,250
3643d866-d1e1-49f4-ac52-78bb11965217,2026-07-13,1,105.5,105.5,105.5
3643d866-d1e1-49f4-ac52-78bb11965217,2026-07-20,2,154.32,139.98,168.67
3643d866-d1e1-49f4-ac52-78bb11965217,2026-07-27,5,81,74,110.83
3643d866-d1e1-49f4-ac52-78bb11965217,2026-08-31,1,130,130,130
3643d866-d1e1-49f4-ac52-78bb11965217,2026-09-07,1,86,86,86
3644073a-c268-4257-b04d-7292f07bb7d0,2025-06-16,1,57.77,57.77,57.77
3644073a-c268-4257-b04d-7292f07bb7d0,2025-06-23,1,53.79,53.79,53.79
3644073a-c268-4257-b04d-7292f07bb7d0,2025-06-30,6,32,26,40
3644073a-c268-4257-b04d-7292f07bb7d0,2025-07-07,5,39,27.01,47.99
3644073a-c268-4257-b04d-7292f07bb7d0,2025-07-14,2,33.51,27.01,40
3644073a-c268-4257-b04d-7292f07bb7d0,2025-07-21,3,30,26.72,73.08
3644073a-c268-4257-b04d-7292f07bb7d0,2025-07-28,2,46.88,26,67.77
3644073a-c268-4257-b04d-7292f07bb7d0,2025-08-11,2,35,33,37
3644073a-c268-4257-b04d-7292f07bb7d0,2025-08-18,2,42.67,39.95,45.4
3644073a-c268-4257-b04d-7292f07bb7d0,2025-08-25,3,37,36.99,39.6
3644073a-c268-4257-b04d-7292f07bb7d0,2025-09-01,1,39.99,39.99,39.99
3644073a-c268-4257-b04d-7292f07bb7d0,2025-09-08,2,46.5,41,52
3644073a-c268-4257-b04d-7292f07bb7d0,2025-09-15,2,31.97,26.94,36.99
3644073a-c268-4257-b04d-7292f07bb7d0,2025-09-22,5,47.99,39.99,79
3644073a-c268-4257-b04d-7292f07bb7d0,2025-09-29,6,37.5,20,54
3644073a-c268-4257-b04d-7292f07bb7d0,2025-10-06,1,45,45,45
3644073a-c268-4257-b04d-7292f07bb7d0,2025-10-13,5,45,37.93,56
3644073a-c268-4257-b04d-7292f07bb7d0,2025-10-20,3,42.99,33,48
3644073a-c268-4257-b04d-7292f07bb7d0,2025-10-27,5,45.99,34.99,51
3644073a-c268-4257-b04d-7292f07bb7d0,2025-11-03,2,75.5,51,99.99
3644073a-c268-4257-b04d-7292f07bb7d0,2025-11-17,2,53.5,42,65
3644073a-c268-4257-b04d-7292f07bb7d0,2025-12-08,2,43.34,37,49.69
3644073a-c268-4257-b04d-7292f07bb7d0,2025-12-22,1,58.49,58.49,58.49
3644073a-c268-4257-b04d-7292f07bb7d0,2025-12-29,1,81.91,81.91,81.91
3644073a-c268-4257-b04d-7292f07bb7d0,2026-01-05,2,44.75,34.5,55
3644073a-c268-4257-b04d-7292f07bb7d0,2026-01-12,2,95.48,90,100.97
3644073a-c268-4257-b04d-7292f07bb7d0,2026-01-19,2,44.88,39.75,50.01
3644073a-c268-4257-b04d-7292f07bb7d0,2026-01-26,2,49.5,46,53
3644073a-c268-4257-b04d-7292f07bb7d0,2026-02-02,3,69,61,69
3644073a-c268-4257-b04d-7292f07bb7d0,2026-02-09,2,57.5,46,69
3644073a-c268-4257-b04d-7292f07bb7d0,2026-02-16,7,60,25,79.99
3644073a-c268-4257-b04d-7292f07bb7d0,2026-02-23,1,75,75,75
3644073a-c268-4257-b04d-7292f07bb7d0,2026-03-02,1,54.99,54.99,54.99
3644073a-c268-4257-b04d-7292f07bb7d0,2026-03-09,3,65,59,79.99
3644073a-c268-4257-b04d-7292f07bb7d0,2026-03-16,4,89,75,89.99
3644073a-c268-4257-b04d-7292f07bb7d0,2026-03-23,6,72,65.56,80
3644073a-c268-4257-b04d-7292f07bb7d0,2026-03-30,2,82.5,69,95.99
3644073a-c268-4257-b04d-7292f07bb7d0,2026-04-06,2,92.5,90,95
3644073a-c268-4257-b04d-7292f07bb7d0,2026-04-13,3,60,57,105.5
3644073a-c268-4257-b04d-7292f07bb7d0,2026-04-20,1,72,72,72
3644073a-c268-4257-b04d-7292f07bb7d0,2026-04-27,4,78,66,99.95
3644073a-c268-4257-b04d-7292f07bb7d0,2026-05-04,1,78,78,78
3644073a-c268-4257-b04d-7292f07bb7d0,2026-05-11,1,82.61,82.61,82.61
3644073a-c268-4257-b04d-7292f07bb7d0,2026-05-18,2,58,56,59.99
3644073a-c268-4257-b04d-7292f07bb7d0,2026-05-25,5,82.99,66.5,84.99
3644073a-c268-4257-b04d-7292f07bb7d0,2026-06-01,3,100,80,130
3644073a-c268-4257-b04d-7292f07bb7d0,2026-06-08,3,89.07,65,199
3644073a-c268-4257-b04d-7292f07bb7d0,2026-06-15,1,73,73,73
3644073a-c268-4257-b04d-7292f07bb7d0,2026-06-22,3,68,66.22,99
3644073a-c268-4257-b04d-7292f07bb7d0,2026-06-29,3,102.5,100,110
3644073a-c268-4257-b04d-7292f07bb7d0,2026-07-06,2,100,100,100
3644073a-c268-4257-b04d-7292f07bb7d0,2026-07-13,3,76.3,74.95,95
3644073a-c268-4257-b04d-7292f07bb7d0,2026-07-20,2,82.5,80,85
3644073a-c268-4257-b04d-7292f07bb7d0,2026-07-27,1,118,118,118
3644073a-c268-4257-b04d-7292f07bb7d0,2026-08-03,1,76,76,76
3644073a-c268-4257-b04d-7292f07bb7d0,2026-08-10,3,96,61.05,100
3644073a-c268-4257-b04d-7292f07bb7d0,2026-08-17,1,164.99,164.99,164.99
3644073a-c268-4257-b04d-7292f07bb7d0,2026-08-24,1,50,50,50
3644073a-c268-4257-b04d-7292f07bb7d0,2026-08-31,3,87,79,99.99
3644073a-c268-4257-b04d-7292f07bb7d0,2026-09-07,1,50,50,50
36448948-9203-4956-b02e-7cc306df7512,2021-12-20,3,56,51,79
36448948-9203-4956-b02e-7cc306df7512,2022-01-10,1,76,76,76
36448948-9203-4956-b02e-7cc306df7512,2023-12-11,1,35,35,35
36457c48-f566-4e31-8573-f6054e907637,2021-08-23,1,58,58,58
36457c48-f566-4e31-8573-f6054e907637,2022-01-24,1,52,52,52
36457c48-f566-4e31-8573-f6054e907637,2022-03-07,1,29.92,29.92,29.92
36457c48-f566-4e31-8573-f6054e907637,2022-03-14,1,88,88,88
36457c48-f566-4e31-8573-f6054e907637,2022-04-04,1,41,41,41
36457c48-f566-4e31-8573-f6054e907637,2022-05-23,1,88,88,88
36457c48-f566-4e31-8573-f6054e907637,2022-05-30,1,55,55,55
36457c48-f566-4e31-8573-f6054e907637,2023-04-03,1,23.5,23.5,23.5
36457c48-f566-4e31-8573-f6054e907637,2023-06-12,1,14.5,14.5,14.5
36457c48-f566-4e31-8573-f6054e907637,2023-10-23,1,99.99,99.99,99.99
36457c48-f566-4e31-8573-f6054e907637,2024-05-13,1,46,46,46
36457c48-f566-4e31-8573-f6054e907637,2024-10-21,1,55,55,55
36475715-7f2b-462e-99bf-0e6c735eb0d4,2026-04-20,1,41,41,41
36475715-7f2b-462e-99bf-0e6c735eb0d4,2026-05-18,1,71,71,71
3648b3f0-91d5-45fd-835b-5a814bc77826,2024-01-22,1,9.99,9.99,9.99
3648b3f0-91d5-45fd-835b-5a814bc77826,2024-04-15,1,11.5,11.5,11.5
3648b3f0-91d5-45fd-835b-5a814bc77826,2025-01-20,1,24.99,24.99,24.99
3648b3f0-91d5-45fd-835b-5a814bc77826,2025-07-07,1,17.5,17.5,17.5
3648b3f0-91d5-45fd-835b-5a814bc77826,2026-04-27,1,40,40,40
3648b3f0-91d5-45fd-835b-5a814bc77826,2026-05-04,1,35,35,35
3648b3f0-91d5-45fd-835b-5a814bc77826,2026-05-11,1,40,40,40
364a1b58-05a2-48c6-978f-04d4db6303b2,2022-01-17,1,71.01,71.01,71.01
364a1b58-05a2-48c6-978f-04d4db6303b2,2022-03-21,1,20.51,20.51,20.51
364a1b58-05a2-48c6-978f-04d4db6303b2,2022-05-09,1,50.01,50.01,50.01
364a1b58-05a2-48c6-978f-04d4db6303b2,2022-06-06,1,41,41,41
364a1b58-05a2-48c6-978f-04d4db6303b2,2022-07-11,1,25.25,25.25,25.25
364a1b58-05a2-48c6-978f-04d4db6303b2,2022-07-18,1,67.66,67.66,67.66
364a1b58-05a2-48c6-978f-04d4db6303b2,2022-08-22,1,69,69,69
364a1b58-05a2-48c6-978f-04d4db6303b2,2023-01-30,1,99.99,99.99,99.99
364a1b58-05a2-48c6-978f-04d4db6303b2,2023-03-27,1,41,41,41
364a1b58-05a2-48c6-978f-04d4db6303b2,2023-05-15,1,54,54,54
364a1b58-05a2-48c6-978f-04d4db6303b2,2023-05-29,1,41.99,41.99,41.99
364a1b58-05a2-48c6-978f-04d4db6303b2,2023-08-28,1,44.99,44.99,44.99
364a1b58-05a2-48c6-978f-04d4db6303b2,2023-09-04,1,31,31,31
364a1b58-05a2-48c6-978f-04d4db6303b2,2023-10-16,1,23.18,23.18,23.18
364a1b58-05a2-48c6-978f-04d4db6303b2,2023-10-23,1,45,45,45
364a1b58-05a2-48c6-978f-04d4db6303b2,2024-04-15,1,50,50,50
364a1b58-05a2-48c6-978f-04d4db6303b2,2024-06-10,1,95.67,95.67,95.67
364a1b58-05a2-48c6-978f-04d4db6303b2,2024-07-22,1,59,59,59
364a1b58-05a2-48c6-978f-04d4db6303b2,2024-08-26,1,57,57,57
364a1b58-05a2-48c6-978f-04d4db6303b2,2025-04-14,1,33.51,33.51,33.51
364a1b58-05a2-48c6-978f-04d4db6303b2,2025-07-21,1,63.01,63.01,63.01
364a1b58-05a2-48c6-978f-04d4db6303b2,2025-09-01,1,152.5,152.5,152.5
364a1b58-05a2-48c6-978f-04d4db6303b2,2025-09-08,1,200,200,200
364a1b58-05a2-48c6-978f-04d4db6303b2,2025-11-17,1,76,76,76
364a1b58-05a2-48c6-978f-04d4db6303b2,2025-12-08,1,81,81,81
364a1b58-05a2-48c6-978f-04d4db6303b2,2026-01-12,1,132.5,132.5,132.5
364a1b58-05a2-48c6-978f-04d4db6303b2,2026-02-02,1,140,140,140
364a1b58-05a2-48c6-978f-04d4db6303b2,2026-03-09,1,200,200,200
364a1b58-05a2-48c6-978f-04d4db6303b2,2026-03-30,1,199.99,199.99,199.99
364a1b58-05a2-48c6-978f-04d4db6303b2,2026-04-13,1,182.5,182.5,182.5
364a1b58-05a2-48c6-978f-04d4db6303b2,2026-05-04,1,274.5,274.5,274.5
364a1b58-05a2-48c6-978f-04d4db6303b2,2026-05-18,1,285,285,285
364a1b58-05a2-48c6-978f-04d4db6303b2,2026-06-22,1,153.19,153.19,153.19
364a1b58-05a2-48c6-978f-04d4db6303b2,2026-06-29,2,216.25,202.5,230
364a1b58-05a2-48c6-978f-04d4db6303b2,2026-07-06,1,186,186,186
364a1b58-05a2-48c6-978f-04d4db6303b2,2026-07-13,2,190,186.5,193.5
364a1b58-05a2-48c6-978f-04d4db6303b2,2026-07-20,1,213,213,213
364a1b58-05a2-48c6-978f-04d4db6303b2,2026-07-27,1,318.36,318.36,318.36
364a1b58-05a2-48c6-978f-04d4db6303b2,2026-08-03,4,162.88,143.5,198.82
364a1b58-05a2-48c6-978f-04d4db6303b2,2026-08-17,1,172.5,172.5,172.5
364a1b58-05a2-48c6-978f-04d4db6303b2,2026-08-24,3,199,147.5,210
364a1b58-05a2-48c6-978f-04d4db6303b2,2026-09-07,2,186.25,172.5,199.99
364a3021-0043-40b5-a3c3-17b53bae6094,2023-05-08,1,75,75,75
364a3021-0043-40b5-a3c3-17b53bae6094,2023-05-22,3,34.99,31,75
364a3021-0043-40b5-a3c3-17b53bae6094,2023-05-29,2,26.24,22.5,29.99
364a3021-0043-40b5-a3c3-17b53bae6094,2023-06-05,1,34.99,34.99,34.99
364a3021-0043-40b5-a3c3-17b53bae6094,2023-06-12,3,25,17.5,47.5
364a3021-0043-40b5-a3c3-17b53bae6094,2023-07-03,2,31.78,21.6,41.95
364a3021-0043-40b5-a3c3-17b53bae6094,2023-07-10,1,26.4,26.4,26.4
364a3021-0043-40b5-a3c3-17b53bae6094,2023-07-17,2,27.5,26,29
364a3021-0043-40b5-a3c3-17b53bae6094,2023-07-24,3,20.5,17.5,21.5
364a3021-0043-40b5-a3c3-17b53bae6094,2023-07-31,4,36.98,23,42.47
364a3021-0043-40b5-a3c3-17b53bae6094,2023-08-07,2,23.25,17.5,29
364a3021-0043-40b5-a3c3-17b53bae6094,2023-08-14,2,19.75,15.5,24
364a3021-0043-40b5-a3c3-17b53bae6094,2023-08-21,3,36.86,33,50
364a3021-0043-40b5-a3c3-17b53bae6094,2023-09-04,1,22,22,22
364a3021-0043-40b5-a3c3-17b53bae6094,2023-09-11,2,29.38,23.75,35
364a3021-0043-40b5-a3c3-17b53bae6094,2023-09-18,1,22,22,22
364a3021-0043-40b5-a3c3-17b53bae6094,2023-09-25,1,26,26,26
364a3021-0043-40b5-a3c3-17b53bae6094,2023-10-02,3,21.5,19.5,30.5
364a3021-0043-40b5-a3c3-17b53bae6094,2023-10-16,1,21.96,21.96,21.96
364a3021-0043-40b5-a3c3-17b53bae6094,2023-10-23,1,17.5,17.5,17.5
364a3021-0043-40b5-a3c3-17b53bae6094,2023-10-30,2,14.54,12.58,16.5
364a3021-0043-40b5-a3c3-17b53bae6094,2023-11-06,2,24.75,19.52,29.99
364a3021-0043-40b5-a3c3-17b53bae6094,2023-11-13,2,19.75,14.5,25
364a3021-0043-40b5-a3c3-17b53bae6094,2023-11-20,1,31.39,31.39,31.39
364a3021-0043-40b5-a3c3-17b53bae6094,2023-11-27,3,29.99,16,34
364a3021-0043-40b5-a3c3-17b53bae6094,2023-12-04,1,15.5,15.5,15.5
364a3021-0043-40b5-a3c3-17b53bae6094,2023-12-18,3,25,15.07,26
364a3021-0043-40b5-a3c3-17b53bae6094,2023-12-25,1,19.52,19.52,19.52
364a3021-0043-40b5-a3c3-17b53bae6094,2024-01-01,3,31.5,16.5,32.97
364a3021-0043-40b5-a3c3-17b53bae6094,2024-01-15,1,27.75,27.75,27.75
364a3021-0043-40b5-a3c3-17b53bae6094,2024-01-22,1,17.5,17.5,17.5
364a3021-0043-40b5-a3c3-17b53bae6094,2024-02-05,1,41.65,41.65,41.65
364a3021-0043-40b5-a3c3-17b53bae6094,2024-02-12,2,22.5,15,30
364a3021-0043-40b5-a3c3-17b53bae6094,2024-02-26,1,17.08,17.08,17.08
364a3021-0043-40b5-a3c3-17b53bae6094,2024-04-01,2,26.4,22.8,30
364a3021-0043-40b5-a3c3-17b53bae6094,2024-04-08,2,25.2,20.4,29.99
364a3021-0043-40b5-a3c3-17b53bae6094,2024-04-22,4,29.5,26,34.99
364a3021-0043-40b5-a3c3-17b53bae6094,2024-07-29,1,36.36,36.36,36.36
364a3021-0043-40b5-a3c3-17b53bae6094,2024-08-26,1,21.5,21.5,21.5
364a3021-0043-40b5-a3c3-17b53bae6094,2024-09-23,1,16.5,16.5,16.5
364a3021-0043-40b5-a3c3-17b53bae6094,2024-09-30,1,29.99,29.99,29.99
364a3021-0043-40b5-a3c3-17b53bae6094,2024-10-07,1,21.33,21.33,21.33
364a3021-0043-40b5-a3c3-17b53bae6094,2024-11-04,2,28.75,24.5,33
364a3021-0043-40b5-a3c3-17b53bae6094,2024-11-18,1,33.99,33.99,33.99
364a3021-0043-40b5-a3c3-17b53bae6094,2024-11-25,1,57.01,57.01,57.01
364a3021-0043-40b5-a3c3-17b53bae6094,2024-12-09,1,34.99,34.99,34.99
364a3021-0043-40b5-a3c3-17b53bae6094,2024-12-16,1,39.99,39.99,39.99
364a3021-0043-40b5-a3c3-17b53bae6094,2024-12-30,1,37.94,37.94,37.94
364a3021-0043-40b5-a3c3-17b53bae6094,2025-01-06,1,37,37,37
364a3021-0043-40b5-a3c3-17b53bae6094,2025-01-13,1,28.01,28.01,28.01
364a3021-0043-40b5-a3c3-17b53bae6094,2025-01-20,1,35,35,35
364a3021-0043-40b5-a3c3-17b53bae6094,2025-01-27,1,39.95,39.95,39.95
364a3021-0043-40b5-a3c3-17b53bae6094,2025-02-03,1,28.8,28.8,28.8
364a3021-0043-40b5-a3c3-17b53bae6094,2025-02-10,4,34.6,30,40
364a3021-0043-40b5-a3c3-17b53bae6094,2025-02-17,1,30,30,30
364a3021-0043-40b5-a3c3-17b53bae6094,2025-02-24,1,30,30,30
364a3021-0043-40b5-a3c3-17b53bae6094,2025-03-10,1,25,25,25
364a3021-0043-40b5-a3c3-17b53bae6094,2025-03-31,1,35.1,35.1,35.1
364a3021-0043-40b5-a3c3-17b53bae6094,2025-04-07,3,28.75,27.99,36.99
364a3021-0043-40b5-a3c3-17b53bae6094,2025-05-05,1,21.5,21.5,21.5
364a3021-0043-40b5-a3c3-17b53bae6094,2025-05-19,3,15.5,14.54,19.99
364a3021-0043-40b5-a3c3-17b53bae6094,2025-05-26,1,20.86,20.86,20.86
364a3021-0043-40b5-a3c3-17b53bae6094,2025-06-02,2,33,26.01,39.99
364a3021-0043-40b5-a3c3-17b53bae6094,2025-06-23,1,32.99,32.99,32.99
364a3021-0043-40b5-a3c3-17b53bae6094,2025-07-14,1,36.99,36.99,36.99
364a3021-0043-40b5-a3c3-17b53bae6094,2025-07-21,1,38,38,38
364a3021-0043-40b5-a3c3-17b53bae6094,2025-07-28,1,37,37,37
364a3021-0043-40b5-a3c3-17b53bae6094,2025-08-25,1,39,39,39
364a3021-0043-40b5-a3c3-17b53bae6094,2025-09-01,2,36.4,31.2,41.6
364a3021-0043-40b5-a3c3-17b53bae6094,2025-09-15,1,48,48,48
364a3021-0043-40b5-a3c3-17b53bae6094,2025-09-29,2,48.12,46.25,50
364a3021-0043-40b5-a3c3-17b53bae6094,2025-10-06,2,33.9,28.8,39
364a3021-0043-40b5-a3c3-17b53bae6094,2025-10-13,1,22.5,22.5,22.5
364a3021-0043-40b5-a3c3-17b53bae6094,2025-10-27,1,87.59,87.59,87.59
364a3021-0043-40b5-a3c3-17b53bae6094,2025-11-03,1,60,60,60
364a3021-0043-40b5-a3c3-17b53bae6094,2025-11-10,1,36,36,36
364a3021-0043-40b5-a3c3-17b53bae6094,2025-11-24,1,37.2,37.2,37.2
364a3021-0043-40b5-a3c3-17b53bae6094,2025-12-01,1,42,42,42
364a3021-0043-40b5-a3c3-17b53bae6094,2025-12-22,1,50,50,50
364a3021-0043-40b5-a3c3-17b53bae6094,2026-01-05,2,54.5,42,67
364a3021-0043-40b5-a3c3-17b53bae6094,2026-01-26,1,54,54,54
364a3021-0043-40b5-a3c3-17b53bae6094,2026-02-16,1,28.8,28.8,28.8
364a3021-0043-40b5-a3c3-17b53bae6094,2026-04-20,1,53,53,53
364a3021-0043-40b5-a3c3-17b53bae6094,2026-05-11,2,77,55,99
364a3021-0043-40b5-a3c3-17b53bae6094,2026-07-13,2,56,55,57
364a3021-0043-40b5-a3c3-17b53bae6094,2026-07-27,1,55,55,55
364a3021-0043-40b5-a3c3-17b53bae6094,2026-08-10,1,45,45,45
364a3021-0043-40b5-a3c3-17b53bae6094,2026-08-24,1,50,50,50
364a3021-0043-40b5-a3c3-17b53bae6094,2026-09-07,1,45,45,45
364b0e98-86e8-4238-acb3-78d016bec1f5,2022-01-17,1,40,40,40
364b0e98-86e8-4238-acb3-78d016bec1f5,2022-01-24,1,36,36,36
364b0e98-86e8-4238-acb3-78d016bec1f5,2022-02-07,1,29.5,29.5,29.5
364b0e98-86e8-4238-acb3-78d016bec1f5,2022-03-14,3,15.33,8.31,22.25
364b0e98-86e8-4238-acb3-78d016bec1f5,2022-03-21,1,26,26,26
364b0e98-86e8-4238-acb3-78d016bec1f5,2022-03-28,2,36.5,33,40
364b0e98-86e8-4238-acb3-78d016bec1f5,2022-04-11,1,42,42,42
364b0e98-86e8-4238-acb3-78d016bec1f5,2022-05-16,2,19.8,11.19,28.41
364b0e98-86e8-4238-acb3-78d016bec1f5,2022-05-23,1,24.99,24.99,24.99
364b0e98-86e8-4238-acb3-78d016bec1f5,2022-05-30,3,19.2,18.89,20.04
364b0e98-86e8-4238-acb3-78d016bec1f5,2022-06-06,1,19.2,19.2,19.2
364b0e98-86e8-4238-acb3-78d016bec1f5,2022-06-20,1,16.5,16.5,16.5
364b0e98-86e8-4238-acb3-78d016bec1f5,2022-06-27,1,22.5,22.5,22.5
364b0e98-86e8-4238-acb3-78d016bec1f5,2022-07-11,1,22,22,22
364b0e98-86e8-4238-acb3-78d016bec1f5,2022-07-18,1,26,26,26
364b0e98-86e8-4238-acb3-78d016bec1f5,2022-07-25,1,35,35,35
364b0e98-86e8-4238-acb3-78d016bec1f5,2022-08-08,1,15.59,15.59,15.59
364b0e98-86e8-4238-acb3-78d016bec1f5,2022-08-22,2,15.25,15,15.5
364b0e98-86e8-4238-acb3-78d016bec1f5,2022-09-05,3,17.53,17.5,18.5
364b0e98-86e8-4238-acb3-78d016bec1f5,2022-09-12,4,21.01,19.5,22.05
364b0e98-86e8-4238-acb3-78d016bec1f5,2022-09-19,1,20,20,20
364b0e98-86e8-4238-acb3-78d016bec1f5,2022-09-26,1,29.99,29.99,29.99
364b0e98-86e8-4238-acb3-78d016bec1f5,2022-10-10,1,16.5,16.5,16.5
364b0e98-86e8-4238-acb3-78d016bec1f5,2022-10-17,1,31,31,31
364b0e98-86e8-4238-acb3-78d016bec1f5,2022-10-24,2,26.25,19.5,33
364b0e98-86e8-4238-acb3-78d016bec1f5,2022-11-14,1,26.24,26.24,26.24
364b0e98-86e8-4238-acb3-78d016bec1f5,2022-11-21,2,28.03,20.99,35.07
364b0e98-86e8-4238-acb3-78d016bec1f5,2022-12-26,1,29,29,29
364b0e98-86e8-4238-acb3-78d016bec1f5,2023-01-16,2,17.79,14.5,21.07
364b0e98-86e8-4238-acb3-78d016bec1f5,2023-03-06,1,32.36,32.36,32.36
364b0e98-86e8-4238-acb3-78d016bec1f5,2023-04-03,1,16,16,16
364b0e98-86e8-4238-acb3-78d016bec1f5,2023-04-10,1,29.99,29.99,29.99
364b0e98-86e8-4238-acb3-78d016bec1f5,2023-04-17,1,11.5,11.5,11.5
364b0e98-86e8-4238-acb3-78d016bec1f5,2023-06-05,3,20,19.49,21.99
364b0e98-86e8-4238-acb3-78d016bec1f5,2023-07-17,3,15.56,14.59,35
364b0e98-86e8-4238-acb3-78d016bec1f5,2023-08-28,1,10.5,10.5,10.5
364b0e98-86e8-4238-acb3-78d016bec1f5,2023-09-25,1,39.99,39.99,39.99
364b0e98-86e8-4238-acb3-78d016bec1f5,2023-11-06,1,18.5,18.5,18.5
364b0e98-86e8-4238-acb3-78d016bec1f5,2023-11-13,1,39.99,39.99,39.99
364b0e98-86e8-4238-acb3-78d016bec1f5,2023-12-11,1,18.05,18.05,18.05
364b0e98-86e8-4238-acb3-78d016bec1f5,2024-02-12,1,39.99,39.99,39.99
364b0e98-86e8-4238-acb3-78d016bec1f5,2024-06-10,1,15,15,15
364b0e98-86e8-4238-acb3-78d016bec1f5,2024-07-29,1,34,34,34
364b0e98-86e8-4238-acb3-78d016bec1f5,2024-10-28,1,39.99,39.99,39.99
364b0e98-86e8-4238-acb3-78d016bec1f5,2024-12-02,1,34.99,34.99,34.99
364b0e98-86e8-4238-acb3-78d016bec1f5,2024-12-09,1,28.04,28.04,28.04
364b0e98-86e8-4238-acb3-78d016bec1f5,2025-03-31,1,25,25,25
364b0e98-86e8-4238-acb3-78d016bec1f5,2025-06-02,1,17.5,17.5,17.5
364b0e98-86e8-4238-acb3-78d016bec1f5,2025-10-27,1,66,66,66
364b0e98-86e8-4238-acb3-78d016bec1f5,2026-02-09,1,26,26,26
364b0e98-86e8-4238-acb3-78d016bec1f5,2026-03-16,1,50,50,50
364b0e98-86e8-4238-acb3-78d016bec1f5,2026-03-23,1,52.73,52.73,52.73
364b0e98-86e8-4238-acb3-78d016bec1f5,2026-04-13,1,51,51,51
364b0e98-86e8-4238-acb3-78d016bec1f5,2026-04-20,1,27,27,27
364b0e98-86e8-4238-acb3-78d016bec1f5,2026-06-01,1,90,90,90
364b0e98-86e8-4238-acb3-78d016bec1f5,2026-08-17,1,99.99,99.99,99.99
364b7024-db91-45f2-9e8a-6d143f39c040,2025-02-10,1,29.99,29.99,29.99
364ecad4-4617-4c66-8a66-391d8aa6098f,2025-05-05,2,564.5,540,589
364ecad4-4617-4c66-8a66-391d8aa6098f,2025-05-12,5,532,261.16,660
364ecad4-4617-4c66-8a66-391d8aa6098f,2025-05-19,3,599.99,504,630
364ecad4-4617-4c66-8a66-391d8aa6098f,2025-06-02,1,690,690,690
364ecad4-4617-4c66-8a66-391d8aa6098f,2025-06-23,1,630,630,630
364ecad4-4617-4c66-8a66-391d8aa6098f,2025-06-30,3,711.33,680,849.99
364ecad4-4617-4c66-8a66-391d8aa6098f,2025-07-07,1,680.61,680.61,680.61
364ecad4-4617-4c66-8a66-391d8aa6098f,2025-07-14,2,670,660,680
364ecad4-4617-4c66-8a66-391d8aa6098f,2025-07-28,1,671,671,671
364ecad4-4617-4c66-8a66-391d8aa6098f,2025-08-04,9,630,588,720
364ecad4-4617-4c66-8a66-391d8aa6098f,2025-08-11,1,899.99,899.99,899.99
364ecad4-4617-4c66-8a66-391d8aa6098f,2025-08-25,1,750,750,750
364ecad4-4617-4c66-8a66-391d8aa6098f,2025-09-01,3,890,681,930
364ecad4-4617-4c66-8a66-391d8aa6098f,2025-09-08,9,890,610,1050
364ecad4-4617-4c66-8a66-391d8aa6098f,2025-09-15,1,1200,1200,1200
364ecad4-4617-4c66-8a66-391d8aa6098f,2025-09-22,2,1102.4,784.8,1420
364ecad4-4617-4c66-8a66-391d8aa6098f,2025-09-29,1,999.99,999.99,999.99
364ecad4-4617-4c66-8a66-391d8aa6098f,2025-10-06,2,740,700,780
364ecad4-4617-4c66-8a66-391d8aa6098f,2025-10-13,5,800,660,990
364ecad4-4617-4c66-8a66-391d8aa6098f,2025-10-20,5,741.69,630,760
364ecad4-4617-4c66-8a66-391d8aa6098f,2025-10-27,5,889,772,990
364ecad4-4617-4c66-8a66-391d8aa6098f,2025-11-03,2,830,760,900
364ecad4-4617-4c66-8a66-391d8aa6098f,2025-11-10,3,995,808,999.99
364ecad4-4617-4c66-8a66-391d8aa6098f,2025-11-17,3,808,675,900
364ecad4-4617-4c66-8a66-391d8aa6098f,2025-12-08,4,730,710,805.25
364ecad4-4617-4c66-8a66-391d8aa6098f,2025-12-15,2,755,710,800
364ecad4-4617-4c66-8a66-391d8aa6098f,2025-12-22,1,785,785,785
364ecad4-4617-4c66-8a66-391d8aa6098f,2025-12-29,2,782.62,735.25,830
364ecad4-4617-4c66-8a66-391d8aa6098f,2026-01-05,1,760,760,760
364ecad4-4617-4c66-8a66-391d8aa6098f,2026-01-12,6,832.5,825,981
364ecad4-4617-4c66-8a66-391d8aa6098f,2026-01-19,5,830,662,850
364ecad4-4617-4c66-8a66-391d8aa6098f,2026-01-26,3,850,840,1250
364ecad4-4617-4c66-8a66-391d8aa6098f,2026-02-02,2,859.85,840,879.69
364ecad4-4617-4c66-8a66-391d8aa6098f,2026-02-09,6,899.5,790,1099.99
364ecad4-4617-4c66-8a66-391d8aa6098f,2026-02-16,1,830,830,830
364ecad4-4617-4c66-8a66-391d8aa6098f,2026-03-02,6,992,875,1434.8
364ecad4-4617-4c66-8a66-391d8aa6098f,2026-03-09,2,1113.3,1099.99,1126.61
364ecad4-4617-4c66-8a66-391d8aa6098f,2026-03-16,2,1005.5,911,1100
364ecad4-4617-4c66-8a66-391d8aa6098f,2026-03-30,1,1290,1290,1290
364ecad4-4617-4c66-8a66-391d8aa6098f,2026-04-06,4,1365,1255,1384.92
364ecad4-4617-4c66-8a66-391d8aa6098f,2026-04-13,3,1299.99,1275,1499.99
364ecad4-4617-4c66-8a66-391d8aa6098f,2026-04-27,3,1230,1200,1500
364ecad4-4617-4c66-8a66-391d8aa6098f,2026-05-04,6,1610,1515,1725
364ecad4-4617-4c66-8a66-391d8aa6098f,2026-05-11,1,1800,1800,1800
364ecad4-4617-4c66-8a66-391d8aa6098f,2026-05-18,2,1986.87,1800,2173.74
364ecad4-4617-4c66-8a66-391d8aa6098f,2026-05-25,3,1700,1575,1700
364ecad4-4617-4c66-8a66-391d8aa6098f,2026-06-01,2,1807.5,1740,1875
364ecad4-4617-4c66-8a66-391d8aa6098f,2026-06-08,2,1988.57,1394,2583.13
364ecad4-4617-4c66-8a66-391d8aa6098f,2026-06-15,3,1875,1600,1912
364ecad4-4617-4c66-8a66-391d8aa6098f,2026-06-22,1,1819.16,1819.16,1819.16
364ecad4-4617-4c66-8a66-391d8aa6098f,2026-06-29,1,2025,2025,2025
364ecad4-4617-4c66-8a66-391d8aa6098f,2026-07-06,3,1500,1495,1625
364ecad4-4617-4c66-8a66-391d8aa6098f,2026-07-13,3,1626.27,1425,1775
364ecad4-4617-4c66-8a66-391d8aa6098f,2026-07-20,3,1500,1425,1625
364ecad4-4617-4c66-8a66-391d8aa6098f,2026-07-27,3,1425,1255,1584.25
364ecad4-4617-4c66-8a66-391d8aa6098f,2026-08-03,2,1505,1410,1600
364ecad4-4617-4c66-8a66-391d8aa6098f,2026-08-10,1,1800,1800,1800
364ecad4-4617-4c66-8a66-391d8aa6098f,2026-08-17,2,1696.37,1599.99,1792.74
364ecad4-4617-4c66-8a66-391d8aa6098f,2026-08-24,3,1500,1500,1785.33
364ecad4-4617-4c66-8a66-391d8aa6098f,2026-08-31,7,1230,1104.37,1650
364ecad4-4617-4c66-8a66-391d8aa6098f,2026-09-07,1,1275,1275,1275
36501150-18cc-415e-adf8-a96e67582833,2022-03-14,1,275,275,275
36501150-18cc-415e-adf8-a96e67582833,2022-04-25,1,93.39,93.39,93.39
36501150-18cc-415e-adf8-a96e67582833,2023-02-13,1,110.51,110.51,110.51
36501150-18cc-415e-adf8-a96e67582833,2023-05-01,1,87.68,87.68,87.68
36501150-18cc-415e-adf8-a96e67582833,2023-09-04,1,187.28,187.28,187.28
36501150-18cc-415e-adf8-a96e67582833,2023-10-30,1,76,76,76
36501150-18cc-415e-adf8-a96e67582833,2025-03-31,1,255,255,255
36501150-18cc-415e-adf8-a96e67582833,2025-08-18,1,234.5,234.5,234.5
36501150-18cc-415e-adf8-a96e67582833,2026-03-02,1,421.66,421.66,421.66
36501150-18cc-415e-adf8-a96e67582833,2026-04-13,2,360.5,294,427
36501150-18cc-415e-adf8-a96e67582833,2026-05-11,1,330,330,330
36501150-18cc-415e-adf8-a96e67582833,2026-05-25,1,460,460,460
36501150-18cc-415e-adf8-a96e67582833,2026-08-03,1,457.5,457.5,457.5
3650b277-e56c-4c1b-be80-d5400c9a9145,2022-10-31,1,115.5,115.5,115.5
3650b277-e56c-4c1b-be80-d5400c9a9145,2023-01-09,1,125,125,125
3650b277-e56c-4c1b-be80-d5400c9a9145,2023-06-12,1,50.15,50.15,50.15
3650b277-e56c-4c1b-be80-d5400c9a9145,2023-10-16,1,38.4,38.4,38.4
3650b277-e56c-4c1b-be80-d5400c9a9145,2024-02-05,1,58.57,58.57,58.57
3650b277-e56c-4c1b-be80-d5400c9a9145,2024-06-03,1,40.99,40.99,40.99
3650b277-e56c-4c1b-be80-d5400c9a9145,2024-07-15,1,60,60,60
3650b277-e56c-4c1b-be80-d5400c9a9145,2024-07-22,1,59,59,59
3650b277-e56c-4c1b-be80-d5400c9a9145,2024-08-12,1,50,50,50
3650b277-e56c-4c1b-be80-d5400c9a9145,2024-09-30,1,73.44,73.44,73.44
3650b277-e56c-4c1b-be80-d5400c9a9145,2025-02-24,1,48,48,48
3650b277-e56c-4c1b-be80-d5400c9a9145,2025-03-03,1,74.99,74.99,74.99
3650b277-e56c-4c1b-be80-d5400c9a9145,2025-03-17,1,70,70,70
3650b277-e56c-4c1b-be80-d5400c9a9145,2025-07-07,1,120,120,120
3650b277-e56c-4c1b-be80-d5400c9a9145,2025-10-06,1,102,102,102
3650b277-e56c-4c1b-be80-d5400c9a9145,2026-02-16,1,99,99,99
3650b277-e56c-4c1b-be80-d5400c9a9145,2026-02-23,1,97.99,97.99,97.99
3650b277-e56c-4c1b-be80-d5400c9a9145,2026-03-16,1,112.38,112.38,112.38
3650b277-e56c-4c1b-be80-d5400c9a9145,2026-08-24,1,179.5,179.5,179.5
36514452-6adf-413e-ab9c-efbdad116f7c,2022-10-03,1,42,42,42
36514452-6adf-413e-ab9c-efbdad116f7c,2022-10-17,1,35,35,35
36514452-6adf-413e-ab9c-efbdad116f7c,2022-11-07,1,24.5,24.5,24.5
36514452-6adf-413e-ab9c-efbdad116f7c,2023-01-02,1,32,32,32
36514452-6adf-413e-ab9c-efbdad116f7c,2023-01-16,2,37.5,25,49.99
36514452-6adf-413e-ab9c-efbdad116f7c,2023-02-13,1,25.2,25.2,25.2
36514452-6adf-413e-ab9c-efbdad116f7c,2023-08-14,1,44.38,44.38,44.38
36514452-6adf-413e-ab9c-efbdad116f7c,2023-11-20,2,22.25,11.5,32.99
36514452-6adf-413e-ab9c-efbdad116f7c,2023-12-04,1,32.99,32.99,32.99
36514452-6adf-413e-ab9c-efbdad116f7c,2023-12-11,1,20.2,20.2,20.2
36514452-6adf-413e-ab9c-efbdad116f7c,2024-02-05,1,19.99,19.99,19.99
36514452-6adf-413e-ab9c-efbdad116f7c,2024-04-22,1,16.5,16.5,16.5
36514452-6adf-413e-ab9c-efbdad116f7c,2024-05-20,1,15.6,15.6,15.6
36514452-6adf-413e-ab9c-efbdad116f7c,2024-06-10,1,20,20,20
36514452-6adf-413e-ab9c-efbdad116f7c,2024-09-16,2,18.85,18.5,19.2
36514452-6adf-413e-ab9c-efbdad116f7c,2024-11-18,1,32.95,32.95,32.95
36514452-6adf-413e-ab9c-efbdad116f7c,2024-12-02,2,31.64,21,42.29
36514452-6adf-413e-ab9c-efbdad116f7c,2025-01-13,1,21.5,21.5,21.5
36514452-6adf-413e-ab9c-efbdad116f7c,2025-02-03,1,22,22,22
36514452-6adf-413e-ab9c-efbdad116f7c,2025-06-16,1,36,36,36
36514452-6adf-413e-ab9c-efbdad116f7c,2025-10-06,1,40,40,40
36514452-6adf-413e-ab9c-efbdad116f7c,2025-10-13,1,42.7,42.7,42.7
36514452-6adf-413e-ab9c-efbdad116f7c,2026-02-16,1,44.9,44.9,44.9
36514452-6adf-413e-ab9c-efbdad116f7c,2026-02-23,1,22.5,22.5,22.5
36514452-6adf-413e-ab9c-efbdad116f7c,2026-03-02,1,27,27,27
36514452-6adf-413e-ab9c-efbdad116f7c,2026-04-06,1,49.99,49.99,49.99
36514452-6adf-413e-ab9c-efbdad116f7c,2026-04-13,1,47,47,47
36514452-6adf-413e-ab9c-efbdad116f7c,2026-04-27,1,50,50,50
36514452-6adf-413e-ab9c-efbdad116f7c,2026-05-11,2,71.25,71,71.5
36514452-6adf-413e-ab9c-efbdad116f7c,2026-06-08,1,45,45,45
36514452-6adf-413e-ab9c-efbdad116f7c,2026-06-15,1,70.47,70.47,70.47
36514452-6adf-413e-ab9c-efbdad116f7c,2026-08-10,1,47.03,47.03,47.03
36524358-c098-462d-ab07-b8690f0e2ee9,2022-08-01,1,55.5,55.5,55.5
36524358-c098-462d-ab07-b8690f0e2ee9,2022-12-05,1,49.99,49.99,49.99
36524358-c098-462d-ab07-b8690f0e2ee9,2022-12-12,1,26,26,26
36524358-c098-462d-ab07-b8690f0e2ee9,2023-08-14,1,60,60,60
36524358-c098-462d-ab07-b8690f0e2ee9,2023-11-20,1,37.2,37.2,37.2
36524358-c098-462d-ab07-b8690f0e2ee9,2024-02-05,1,20.17,20.17,20.17
36524358-c098-462d-ab07-b8690f0e2ee9,2024-02-19,1,24.5,24.5,24.5
36524358-c098-462d-ab07-b8690f0e2ee9,2024-06-24,1,49.99,49.99,49.99
36524358-c098-462d-ab07-b8690f0e2ee9,2024-10-28,1,40,40,40
36524358-c098-462d-ab07-b8690f0e2ee9,2025-05-12,2,45.14,35,55.27
36524358-c098-462d-ab07-b8690f0e2ee9,2025-05-19,1,35,35,35
36524358-c098-462d-ab07-b8690f0e2ee9,2025-06-02,1,60.38,60.38,60.38
36524358-c098-462d-ab07-b8690f0e2ee9,2025-11-24,1,58.8,58.8,58.8
36524358-c098-462d-ab07-b8690f0e2ee9,2026-02-02,1,100,100,100
36538e1d-f7dc-40b5-8704-be78d2e7dec4,2022-11-07,3,30,22.5,40
36538e1d-f7dc-40b5-8704-be78d2e7dec4,2022-11-14,3,33,21.5,85
36538e1d-f7dc-40b5-8704-be78d2e7dec4,2022-11-21,2,41.75,30,53.5
36538e1d-f7dc-40b5-8704-be78d2e7dec4,2022-12-12,2,43.5,42,45
36538e1d-f7dc-40b5-8704-be78d2e7dec4,2022-12-19,1,29.4,29.4,29.4
36538e1d-f7dc-40b5-8704-be78d2e7dec4,2022-12-26,4,37,30,47
36538e1d-f7dc-40b5-8704-be78d2e7dec4,2023-01-02,1,51,51,51
36538e1d-f7dc-40b5-8704-be78d2e7dec4,2023-01-16,1,42.99,42.99,42.99
36538e1d-f7dc-40b5-8704-be78d2e7dec4,2023-01-30,2,32.84,31.69,34
36538e1d-f7dc-40b5-8704-be78d2e7dec4,2023-02-13,2,35.5,35,36
36538e1d-f7dc-40b5-8704-be78d2e7dec4,2023-02-20,1,26.69,26.69,26.69
36538e1d-f7dc-40b5-8704-be78d2e7dec4,2023-02-27,1,39.99,39.99,39.99
36538e1d-f7dc-40b5-8704-be78d2e7dec4,2023-03-06,1,39.99,39.99,39.99
36538e1d-f7dc-40b5-8704-be78d2e7dec4,2023-03-13,2,29.49,24.99,34
36538e1d-f7dc-40b5-8704-be78d2e7dec4,2023-03-20,1,36,36,36
36538e1d-f7dc-40b5-8704-be78d2e7dec4,2023-03-27,1,39.99,39.99,39.99
36538e1d-f7dc-40b5-8704-be78d2e7dec4,2023-04-10,2,34,33,35
36538e1d-f7dc-40b5-8704-be78d2e7dec4,2023-04-17,2,37.5,30,45
36538e1d-f7dc-40b5-8704-be78d2e7dec4,2023-05-01,1,30,30,30
36538e1d-f7dc-40b5-8704-be78d2e7dec4,2023-05-29,1,35,35,35
36538e1d-f7dc-40b5-8704-be78d2e7dec4,2023-06-05,2,19.88,16,23.75
36538e1d-f7dc-40b5-8704-be78d2e7dec4,2023-06-12,1,35,35,35
36538e1d-f7dc-40b5-8704-be78d2e7dec4,2023-07-10,2,28,24,32
36538e1d-f7dc-40b5-8704-be78d2e7dec4,2023-07-17,1,34.95,34.95,34.95
36538e1d-f7dc-40b5-8704-be78d2e7dec4,2023-07-31,1,32,32,32
36538e1d-f7dc-40b5-8704-be78d2e7dec4,2023-08-07,1,20.6,20.6,20.6
36538e1d-f7dc-40b5-8704-be78d2e7dec4,2023-08-14,1,44.99,44.99,44.99
36538e1d-f7dc-40b5-8704-be78d2e7dec4,2023-08-28,1,24.5,24.5,24.5
36538e1d-f7dc-40b5-8704-be78d2e7dec4,2023-09-04,1,26.4,26.4,26.4
36538e1d-f7dc-40b5-8704-be78d2e7dec4,2023-09-11,1,22,22,22
36538e1d-f7dc-40b5-8704-be78d2e7dec4,2023-09-25,1,31,31,31
36538e1d-f7dc-40b5-8704-be78d2e7dec4,2023-10-02,1,33.24,33.24,33.24
36538e1d-f7dc-40b5-8704-be78d2e7dec4,2023-10-09,1,43.99,43.99,43.99
36538e1d-f7dc-40b5-8704-be78d2e7dec4,2023-10-16,1,15.5,15.5,15.5
36538e1d-f7dc-40b5-8704-be78d2e7dec4,2023-10-30,1,41.72,41.72,41.72
36538e1d-f7dc-40b5-8704-be78d2e7dec4,2023-11-06,2,25.25,22.5,28
36538e1d-f7dc-40b5-8704-be78d2e7dec4,2023-11-13,2,37.12,35.99,38.24
36538e1d-f7dc-40b5-8704-be78d2e7dec4,2023-12-04,1,19.99,19.99,19.99
36538e1d-f7dc-40b5-8704-be78d2e7dec4,2023-12-11,1,25.08,25.08,25.08
36538e1d-f7dc-40b5-8704-be78d2e7dec4,2024-01-22,1,40.96,40.96,40.96
36538e1d-f7dc-40b5-8704-be78d2e7dec4,2024-01-29,1,21.96,21.96,21.96
36538e1d-f7dc-40b5-8704-be78d2e7dec4,2024-02-05,1,15,15,15
36538e1d-f7dc-40b5-8704-be78d2e7dec4,2024-02-19,1,35,35,35
36538e1d-f7dc-40b5-8704-be78d2e7dec4,2024-02-26,1,27.99,27.99,27.99
36538e1d-f7dc-40b5-8704-be78d2e7dec4,2024-03-11,1,21.87,21.87,21.87
36538e1d-f7dc-40b5-8704-be78d2e7dec4,2024-03-18,2,17.75,10.5,25
36538e1d-f7dc-40b5-8704-be78d2e7dec4,2024-05-13,1,29.99,29.99,29.99
36538e1d-f7dc-40b5-8704-be78d2e7dec4,2024-07-01,1,30,30,30
36538e1d-f7dc-40b5-8704-be78d2e7dec4,2024-07-15,1,20.5,20.5,20.5
36538e1d-f7dc-40b5-8704-be78d2e7dec4,2024-07-22,1,13,13,13
36538e1d-f7dc-40b5-8704-be78d2e7dec4,2024-07-29,1,16.5,16.5,16.5
36538e1d-f7dc-40b5-8704-be78d2e7dec4,2024-09-09,1,39.99,39.99,39.99
36538e1d-f7dc-40b5-8704-be78d2e7dec4,2024-10-07,1,14.5,14.5,14.5
36538e1d-f7dc-40b5-8704-be78d2e7dec4,2024-10-14,1,35,35,35
36538e1d-f7dc-40b5-8704-be78d2e7dec4,2024-12-09,2,27.51,26,29.01
36538e1d-f7dc-40b5-8704-be78d2e7dec4,2025-01-13,1,20,20,20
36538e1d-f7dc-40b5-8704-be78d2e7dec4,2025-02-03,1,36,36,36
36538e1d-f7dc-40b5-8704-be78d2e7dec4,2025-02-10,1,25,25,25
36538e1d-f7dc-40b5-8704-be78d2e7dec4,2025-02-24,1,39.99,39.99,39.99
36538e1d-f7dc-40b5-8704-be78d2e7dec4,2025-03-24,1,39.95,39.95,39.95
36538e1d-f7dc-40b5-8704-be78d2e7dec4,2025-03-31,1,29.99,29.99,29.99
36538e1d-f7dc-40b5-8704-be78d2e7dec4,2025-04-21,1,40,40,40
36538e1d-f7dc-40b5-8704-be78d2e7dec4,2025-05-05,1,34.99,34.99,34.99
36538e1d-f7dc-40b5-8704-be78d2e7dec4,2025-06-02,2,34.2,26.4,42
36538e1d-f7dc-40b5-8704-be78d2e7dec4,2025-06-09,1,34.99,34.99,34.99
36538e1d-f7dc-40b5-8704-be78d2e7dec4,2025-06-23,1,30,30,30
36538e1d-f7dc-40b5-8704-be78d2e7dec4,2025-06-30,1,32.99,32.99,32.99
36538e1d-f7dc-40b5-8704-be78d2e7dec4,2025-07-21,1,24,24,24
36538e1d-f7dc-40b5-8704-be78d2e7dec4,2025-08-18,1,44.99,44.99,44.99
36538e1d-f7dc-40b5-8704-be78d2e7dec4,2025-08-25,1,27.6,27.6,27.6
36538e1d-f7dc-40b5-8704-be78d2e7dec4,2025-09-01,2,37.55,31.2,43.89
36538e1d-f7dc-40b5-8704-be78d2e7dec4,2025-09-08,1,22.8,22.8,22.8
36538e1d-f7dc-40b5-8704-be78d2e7dec4,2025-09-15,2,36.84,24.99,48.69
36538e1d-f7dc-40b5-8704-be78d2e7dec4,2025-09-29,2,35.1,31.2,39
36538e1d-f7dc-40b5-8704-be78d2e7dec4,2025-10-13,1,35,35,35
36538e1d-f7dc-40b5-8704-be78d2e7dec4,2025-10-27,1,38,38,38
36538e1d-f7dc-40b5-8704-be78d2e7dec4,2025-12-29,1,42.5,42.5,42.5
36538e1d-f7dc-40b5-8704-be78d2e7dec4,2026-01-12,1,36,36,36
36538e1d-f7dc-40b5-8704-be78d2e7dec4,2026-01-26,1,34,34,34
36538e1d-f7dc-40b5-8704-be78d2e7dec4,2026-02-02,1,24,24,24
36538e1d-f7dc-40b5-8704-be78d2e7dec4,2026-02-16,1,45,45,45
36538e1d-f7dc-40b5-8704-be78d2e7dec4,2026-03-02,1,37,37,37
36538e1d-f7dc-40b5-8704-be78d2e7dec4,2026-03-09,1,50,50,50
36538e1d-f7dc-40b5-8704-be78d2e7dec4,2026-03-16,1,40,40,40
36538e1d-f7dc-40b5-8704-be78d2e7dec4,2026-04-13,1,44.99,44.99,44.99
36538e1d-f7dc-40b5-8704-be78d2e7dec4,2026-04-20,1,40,40,40
36538e1d-f7dc-40b5-8704-be78d2e7dec4,2026-04-27,1,50,50,50
36538e1d-f7dc-40b5-8704-be78d2e7dec4,2026-06-01,1,47.01,47.01,47.01
36538e1d-f7dc-40b5-8704-be78d2e7dec4,2026-07-06,1,45,45,45
36538e1d-f7dc-40b5-8704-be78d2e7dec4,2026-07-20,2,47.4,34.8,60
36538e1d-f7dc-40b5-8704-be78d2e7dec4,2026-08-03,1,59.99,59.99,59.99
36538e1d-f7dc-40b5-8704-be78d2e7dec4,2026-08-10,3,60,36,67.68
36538e1d-f7dc-40b5-8704-be78d2e7dec4,2026-08-17,1,49.95,49.95,49.95
36538e1d-f7dc-40b5-8704-be78d2e7dec4,2026-08-31,1,45,45,45
3657606c-da37-459b-be93-1cc393dee7e0,2024-02-05,1,32.4,32.4,32.4
3657606c-da37-459b-be93-1cc393dee7e0,2024-02-26,1,261.85,261.85,261.85
3657606c-da37-459b-be93-1cc393dee7e0,2024-03-25,1,30,30,30
3657606c-da37-459b-be93-1cc393dee7e0,2024-04-01,1,52,52,52
3657606c-da37-459b-be93-1cc393dee7e0,2024-04-22,1,34,34,34
3657606c-da37-459b-be93-1cc393dee7e0,2024-05-20,1,84.99,84.99,84.99
3657606c-da37-459b-be93-1cc393dee7e0,2024-05-27,1,100,100,100
3657606c-da37-459b-be93-1cc393dee7e0,2024-06-03,1,19.2,19.2,19.2
3657606c-da37-459b-be93-1cc393dee7e0,2024-06-10,1,12.5,12.5,12.5
3657606c-da37-459b-be93-1cc393dee7e0,2024-07-15,3,31,23.5,31
3657606c-da37-459b-be93-1cc393dee7e0,2024-07-22,1,21.6,21.6,21.6
3657606c-da37-459b-be93-1cc393dee7e0,2024-08-12,1,18.5,18.5,18.5
3657606c-da37-459b-be93-1cc393dee7e0,2024-08-19,2,22.25,17.5,27
3657606c-da37-459b-be93-1cc393dee7e0,2024-09-16,1,25.01,25.01,25.01
3657606c-da37-459b-be93-1cc393dee7e0,2024-11-18,1,14.51,14.51,14.51
3657606c-da37-459b-be93-1cc393dee7e0,2024-12-16,1,63.05,63.05,63.05
3657606c-da37-459b-be93-1cc393dee7e0,2025-01-27,1,15,15,15
3657606c-da37-459b-be93-1cc393dee7e0,2025-02-03,2,23.27,23.27,23.27
3657606c-da37-459b-be93-1cc393dee7e0,2025-02-10,1,19.2,19.2,19.2
3657606c-da37-459b-be93-1cc393dee7e0,2025-02-24,1,15.5,15.5,15.5
3657606c-da37-459b-be93-1cc393dee7e0,2025-03-10,1,26,26,26
3657606c-da37-459b-be93-1cc393dee7e0,2025-04-14,1,55,55,55
3657606c-da37-459b-be93-1cc393dee7e0,2025-05-19,1,53,53,53
3657606c-da37-459b-be93-1cc393dee7e0,2025-06-02,1,31,31,31
3657606c-da37-459b-be93-1cc393dee7e0,2025-06-09,1,76,76,76
3657606c-da37-459b-be93-1cc393dee7e0,2025-07-07,1,21.5,21.5,21.5
3657606c-da37-459b-be93-1cc393dee7e0,2025-08-25,1,30,30,30
3657606c-da37-459b-be93-1cc393dee7e0,2025-09-01,2,38.5,36,41
3657606c-da37-459b-be93-1cc393dee7e0,2025-12-08,1,31,31,31
3657606c-da37-459b-be93-1cc393dee7e0,2025-12-22,1,60,60,60
3657606c-da37-459b-be93-1cc393dee7e0,2026-01-12,1,29,29,29
3657606c-da37-459b-be93-1cc393dee7e0,2026-02-09,1,15.5,15.5,15.5
3657606c-da37-459b-be93-1cc393dee7e0,2026-02-16,2,56.18,26.55,85.81
3657606c-da37-459b-be93-1cc393dee7e0,2026-03-16,2,37.7,26.4,49
3657606c-da37-459b-be93-1cc393dee7e0,2026-04-20,1,100.95,100.95,100.95
3657606c-da37-459b-be93-1cc393dee7e0,2026-04-27,1,32.55,32.55,32.55
3657606c-da37-459b-be93-1cc393dee7e0,2026-06-08,1,85,85,85
3657606c-da37-459b-be93-1cc393dee7e0,2026-06-15,1,61,61,61
3657606c-da37-459b-be93-1cc393dee7e0,2026-06-22,1,47.11,47.11,47.11
3657606c-da37-459b-be93-1cc393dee7e0,2026-07-06,1,41.78,41.78,41.78
3657606c-da37-459b-be93-1cc393dee7e0,2026-07-13,3,31.4,29.79,40.85
3657606c-da37-459b-be93-1cc393dee7e0,2026-07-20,1,50,50,50
3657606c-da37-459b-be93-1cc393dee7e0,2026-07-27,1,44.51,44.51,44.51
3657606c-da37-459b-be93-1cc393dee7e0,2026-08-03,2,47.7,43.41,52
3657606c-da37-459b-be93-1cc393dee7e0,2026-08-10,1,38.54,38.54,38.54
3657606c-da37-459b-be93-1cc393dee7e0,2026-08-17,2,85,69.99,100
3657606c-da37-459b-be93-1cc393dee7e0,2026-08-24,1,35.11,35.11,35.11
365a09e8-498b-4f79-ad06-4160ddf24e9f,2021-03-01,1,62,62,62
365a09e8-498b-4f79-ad06-4160ddf24e9f,2021-03-08,1,71,71,71
365a09e8-498b-4f79-ad06-4160ddf24e9f,2021-03-22,1,46,46,46
365a09e8-498b-4f79-ad06-4160ddf24e9f,2021-04-05,1,61,61,61
365a09e8-498b-4f79-ad06-4160ddf24e9f,2021-04-12,1,51,51,51
365a09e8-498b-4f79-ad06-4160ddf24e9f,2021-04-19,1,56,56,56
365a09e8-498b-4f79-ad06-4160ddf24e9f,2021-06-07,1,50,50,50
365a09e8-498b-4f79-ad06-4160ddf24e9f,2021-06-28,1,40,40,40
365a09e8-498b-4f79-ad06-4160ddf24e9f,2021-08-02,1,82,82,82
365a09e8-498b-4f79-ad06-4160ddf24e9f,2021-08-16,1,39.5,39.5,39.5
365a09e8-498b-4f79-ad06-4160ddf24e9f,2021-08-23,1,60,60,60
365a09e8-498b-4f79-ad06-4160ddf24e9f,2021-09-13,1,28,28,28
365a09e8-498b-4f79-ad06-4160ddf24e9f,2022-05-02,1,50,50,50
365a09e8-498b-4f79-ad06-4160ddf24e9f,2022-06-13,1,16.15,16.15,16.15
365a09e8-498b-4f79-ad06-4160ddf24e9f,2022-06-20,1,25.2,25.2,25.2
365a09e8-498b-4f79-ad06-4160ddf24e9f,2022-09-19,1,19.5,19.5,19.5
365a09e8-498b-4f79-ad06-4160ddf24e9f,2023-06-19,1,15,15,15
365a09e8-498b-4f79-ad06-4160ddf24e9f,2023-07-24,1,25.2,25.2,25.2
365a09e8-498b-4f79-ad06-4160ddf24e9f,2023-09-11,1,22,22,22
365a09e8-498b-4f79-ad06-4160ddf24e9f,2023-11-27,1,15.3,15.3,15.3
365a09e8-498b-4f79-ad06-4160ddf24e9f,2024-06-10,1,30,30,30
365a09e8-498b-4f79-ad06-4160ddf24e9f,2024-07-29,1,17.34,17.34,17.34
365a09e8-498b-4f79-ad06-4160ddf24e9f,2024-11-04,1,30,30,30
365a09e8-498b-4f79-ad06-4160ddf24e9f,2025-01-06,1,27.87,27.87,27.87
365a09e8-498b-4f79-ad06-4160ddf24e9f,2025-04-21,1,15.6,15.6,15.6
365a09e8-498b-4f79-ad06-4160ddf24e9f,2025-09-15,1,62.77,62.77,62.77
365a09e8-498b-4f79-ad06-4160ddf24e9f,2025-09-22,1,19.5,19.5,19.5
365a09e8-498b-4f79-ad06-4160ddf24e9f,2025-11-24,1,46.33,46.33,46.33
365a09e8-498b-4f79-ad06-4160ddf24e9f,2026-08-17,1,28.54,28.54,28.54
365abbf0-788f-415a-a426-f8234d6d46df,2021-11-15,1,248.5,248.5,248.5
365abbf0-788f-415a-a426-f8234d6d46df,2022-06-06,1,141.92,141.92,141.92
365abbf0-788f-415a-a426-f8234d6d46df,2023-04-24,1,237.5,237.5,237.5
365abbf0-788f-415a-a426-f8234d6d46df,2023-08-28,1,330,330,330
365abbf0-788f-415a-a426-f8234d6d46df,2023-10-02,2,252,252,252
365abbf0-788f-415a-a426-f8234d6d46df,2024-01-01,1,129.5,129.5,129.5
365abbf0-788f-415a-a426-f8234d6d46df,2024-01-29,1,119.99,119.99,119.99
365abbf0-788f-415a-a426-f8234d6d46df,2024-03-04,1,82.49,82.49,82.49
365abbf0-788f-415a-a426-f8234d6d46df,2024-04-01,1,106.59,106.59,106.59
365abbf0-788f-415a-a426-f8234d6d46df,2024-06-10,1,170,170,170
365abbf0-788f-415a-a426-f8234d6d46df,2024-06-17,1,193.61,193.61,193.61
365abbf0-788f-415a-a426-f8234d6d46df,2024-07-08,1,125.5,125.5,125.5
365abbf0-788f-415a-a426-f8234d6d46df,2024-08-12,1,110,110,110
365abbf0-788f-415a-a426-f8234d6d46df,2024-09-09,1,166.31,166.31,166.31
365abbf0-788f-415a-a426-f8234d6d46df,2024-11-25,1,77,77,77
365abbf0-788f-415a-a426-f8234d6d46df,2024-12-09,1,94.4,94.4,94.4
365abbf0-788f-415a-a426-f8234d6d46df,2025-01-06,1,96,96,96
365abbf0-788f-415a-a426-f8234d6d46df,2025-03-10,1,159.99,159.99,159.99
365abbf0-788f-415a-a426-f8234d6d46df,2025-04-21,1,180,180,180
365abbf0-788f-415a-a426-f8234d6d46df,2025-06-09,2,130.84,82.67,179
365abbf0-788f-415a-a426-f8234d6d46df,2025-09-08,1,170.5,170.5,170.5
365abbf0-788f-415a-a426-f8234d6d46df,2025-09-29,2,245,235,255
365abbf0-788f-415a-a426-f8234d6d46df,2025-10-13,1,249.99,249.99,249.99
365abbf0-788f-415a-a426-f8234d6d46df,2026-01-05,1,173.19,173.19,173.19
365abbf0-788f-415a-a426-f8234d6d46df,2026-01-12,1,331,331,331
365abbf0-788f-415a-a426-f8234d6d46df,2026-02-23,1,400,400,400
365abbf0-788f-415a-a426-f8234d6d46df,2026-03-02,1,359.99,359.99,359.99
365abbf0-788f-415a-a426-f8234d6d46df,2026-04-06,1,511.56,511.56,511.56
365abbf0-788f-415a-a426-f8234d6d46df,2026-06-15,1,525,525,525
365abbf0-788f-415a-a426-f8234d6d46df,2026-08-10,1,916,916,916
365b62ff-31d6-4408-ba23-808d5bda553b,2024-11-18,1,55,55,55
365bac44-fea5-4e70-a704-d56781213cbf,2021-03-29,1,118.88,118.88,118.88
365bac44-fea5-4e70-a704-d56781213cbf,2021-04-05,2,94.3,84.99,103.61
365bac44-fea5-4e70-a704-d56781213cbf,2021-04-19,1,99.95,99.95,99.95
365bac44-fea5-4e70-a704-d56781213cbf,2021-04-26,1,52,52,52
365bac44-fea5-4e70-a704-d56781213cbf,2021-06-07,2,74.99,64.99,84.99
365bac44-fea5-4e70-a704-d56781213cbf,2021-07-26,1,50,50,50
365bac44-fea5-4e70-a704-d56781213cbf,2021-09-20,1,49.99,49.99,49.99
365bac44-fea5-4e70-a704-d56781213cbf,2021-09-27,2,48,45,51
365bac44-fea5-4e70-a704-d56781213cbf,2021-10-11,1,50,50,50
365bac44-fea5-4e70-a704-d56781213cbf,2021-10-18,1,50,50,50
365bac44-fea5-4e70-a704-d56781213cbf,2021-10-25,2,46.34,42.69,50
365bac44-fea5-4e70-a704-d56781213cbf,2021-11-22,1,32,32,32
365bac44-fea5-4e70-a704-d56781213cbf,2021-11-29,1,51.01,51.01,51.01
365bac44-fea5-4e70-a704-d56781213cbf,2021-12-06,1,37,37,37
365bac44-fea5-4e70-a704-d56781213cbf,2021-12-13,1,36,36,36
365bac44-fea5-4e70-a704-d56781213cbf,2022-01-24,1,85.39,85.39,85.39
365bac44-fea5-4e70-a704-d56781213cbf,2022-02-21,1,45,45,45
365bac44-fea5-4e70-a704-d56781213cbf,2022-03-21,1,30.37,30.37,30.37
365bac44-fea5-4e70-a704-d56781213cbf,2022-03-28,1,35,35,35
365bac44-fea5-4e70-a704-d56781213cbf,2022-04-18,1,21.83,21.83,21.83
365bac44-fea5-4e70-a704-d56781213cbf,2022-05-23,2,41.26,26,56.52
365bac44-fea5-4e70-a704-d56781213cbf,2022-05-30,1,30,30,30
365bac44-fea5-4e70-a704-d56781213cbf,2022-06-06,2,28.49,24.99,32
365bac44-fea5-4e70-a704-d56781213cbf,2022-06-20,2,29.99,29,30.99
365bac44-fea5-4e70-a704-d56781213cbf,2022-06-27,1,21.5,21.5,21.5
365bac44-fea5-4e70-a704-d56781213cbf,2022-07-04,1,39.99,39.99,39.99
365bac44-fea5-4e70-a704-d56781213cbf,2022-07-11,1,20,20,20
365bac44-fea5-4e70-a704-d56781213cbf,2022-08-08,3,24.5,20,25.05
365bac44-fea5-4e70-a704-d56781213cbf,2022-08-29,1,20.5,20.5,20.5
365bac44-fea5-4e70-a704-d56781213cbf,2022-09-05,1,21,21,21
365bac44-fea5-4e70-a704-d56781213cbf,2022-10-03,1,35,35,35
365bac44-fea5-4e70-a704-d56781213cbf,2022-10-17,1,34,34,34
365bac44-fea5-4e70-a704-d56781213cbf,2022-10-31,1,22.5,22.5,22.5
365bac44-fea5-4e70-a704-d56781213cbf,2022-11-14,1,30,30,30
365bac44-fea5-4e70-a704-d56781213cbf,2022-12-12,1,29,29,29
365bac44-fea5-4e70-a704-d56781213cbf,2023-01-09,1,25,25,25
365bac44-fea5-4e70-a704-d56781213cbf,2023-01-16,1,35,35,35
365bac44-fea5-4e70-a704-d56781213cbf,2023-01-23,1,30,30,30
365bac44-fea5-4e70-a704-d56781213cbf,2023-02-13,1,39.63,39.63,39.63
365bac44-fea5-4e70-a704-d56781213cbf,2023-03-13,1,19.45,19.45,19.45
365bac44-fea5-4e70-a704-d56781213cbf,2023-04-24,1,34.99,34.99,34.99
365bac44-fea5-4e70-a704-d56781213cbf,2023-05-01,1,25,25,25
365bac44-fea5-4e70-a704-d56781213cbf,2023-05-08,1,32.99,32.99,32.99
365bac44-fea5-4e70-a704-d56781213cbf,2023-05-15,1,25,25,25
365bac44-fea5-4e70-a704-d56781213cbf,2023-06-19,3,21.38,18.5,22
365bac44-fea5-4e70-a704-d56781213cbf,2023-07-24,2,20.69,20,21.38
365bac44-fea5-4e70-a704-d56781213cbf,2023-07-31,1,26.99,26.99,26.99
365bac44-fea5-4e70-a704-d56781213cbf,2023-08-21,1,23.5,23.5,23.5
365bac44-fea5-4e70-a704-d56781213cbf,2023-08-28,1,24,24,24
365bac44-fea5-4e70-a704-d56781213cbf,2023-09-18,1,32.3,32.3,32.3
365bac44-fea5-4e70-a704-d56781213cbf,2023-10-30,1,24.75,24.75,24.75
365bac44-fea5-4e70-a704-d56781213cbf,2023-11-20,1,13.5,13.5,13.5
365bac44-fea5-4e70-a704-d56781213cbf,2024-01-01,1,17,17,17
365bac44-fea5-4e70-a704-d56781213cbf,2024-02-05,1,31.49,31.49,31.49
365bac44-fea5-4e70-a704-d56781213cbf,2024-04-29,1,37.63,37.63,37.63
365bac44-fea5-4e70-a704-d56781213cbf,2024-05-06,1,44.95,44.95,44.95
365bac44-fea5-4e70-a704-d56781213cbf,2024-07-29,1,40,40,40
365bac44-fea5-4e70-a704-d56781213cbf,2024-12-16,1,53.44,53.44,53.44
365bac44-fea5-4e70-a704-d56781213cbf,2024-12-23,1,36,36,36
365bac44-fea5-4e70-a704-d56781213cbf,2025-05-05,1,55,55,55
365bac44-fea5-4e70-a704-d56781213cbf,2025-06-30,1,64.99,64.99,64.99
365bac44-fea5-4e70-a704-d56781213cbf,2025-08-25,1,50,50,50
365bac44-fea5-4e70-a704-d56781213cbf,2025-09-01,2,42.8,24.4,61.19
365bac44-fea5-4e70-a704-d56781213cbf,2025-10-06,1,32,32,32
365bac44-fea5-4e70-a704-d56781213cbf,2026-01-05,1,40,40,40
365bac44-fea5-4e70-a704-d56781213cbf,2026-02-23,1,49.99,49.99,49.99
365bac44-fea5-4e70-a704-d56781213cbf,2026-04-27,1,80,80,80
365bac44-fea5-4e70-a704-d56781213cbf,2026-08-10,1,57.49,57.49,57.49
365bd9e5-3fe4-45bb-a005-5f70dad1cb0a,2021-11-15,1,31.48,31.48,31.48
365bd9e5-3fe4-45bb-a005-5f70dad1cb0a,2022-03-28,1,41.11,41.11,41.11
365bd9e5-3fe4-45bb-a005-5f70dad1cb0a,2025-02-24,1,25.16,25.16,25.16
365bd9e5-3fe4-45bb-a005-5f70dad1cb0a,2025-05-26,1,32.18,32.18,32.18
365bd9e5-3fe4-45bb-a005-5f70dad1cb0a,2025-09-29,1,32.5,32.5,32.5
365bd9e5-3fe4-45bb-a005-5f70dad1cb0a,2026-03-02,1,50,50,50
365d0ae6-be2b-4f6f-ac43-e976fe410cb7,2026-09-07,1,167.5,167.5,167.5
365e38e2-0fe0-4342-907c-56f1917428d3,2021-05-24,1,147.5,147.5,147.5
365e38e2-0fe0-4342-907c-56f1917428d3,2022-01-17,1,102.73,102.73,102.73
365e38e2-0fe0-4342-907c-56f1917428d3,2022-04-04,1,180.35,180.35,180.35
365e38e2-0fe0-4342-907c-56f1917428d3,2022-09-05,1,107.5,107.5,107.5
365e38e2-0fe0-4342-907c-56f1917428d3,2023-12-11,1,155.38,155.38,155.38
365e38e2-0fe0-4342-907c-56f1917428d3,2024-08-12,1,130,130,130
365e38e2-0fe0-4342-907c-56f1917428d3,2024-11-11,1,112.5,112.5,112.5
365e38e2-0fe0-4342-907c-56f1917428d3,2025-01-13,1,160,160,160
365e38e2-0fe0-4342-907c-56f1917428d3,2025-05-05,1,134.51,134.51,134.51
365e38e2-0fe0-4342-907c-56f1917428d3,2025-05-26,1,191.5,191.5,191.5
365e38e2-0fe0-4342-907c-56f1917428d3,2026-01-26,1,375,375,375
365e38e2-0fe0-4342-907c-56f1917428d3,2026-02-16,1,500,500,500
365f6133-4cb9-457b-a3f0-f4352a050e32,2024-09-02,1,45,45,45
36611453-69f4-4975-b29b-4b966952dbe1,2022-10-10,1,631.09,631.09,631.09
36611453-69f4-4975-b29b-4b966952dbe1,2022-12-26,1,619.01,619.01,619.01
36611453-69f4-4975-b29b-4b966952dbe1,2023-01-16,1,615.69,615.69,615.69
36611453-69f4-4975-b29b-4b966952dbe1,2023-04-10,1,650.37,650.37,650.37
36611453-69f4-4975-b29b-4b966952dbe1,2023-12-18,1,654.82,654.82,654.82
36611453-69f4-4975-b29b-4b966952dbe1,2024-01-29,1,1512.28,1512.28,1512.28
36611453-69f4-4975-b29b-4b966952dbe1,2024-02-12,1,610.99,610.99,610.99
36611453-69f4-4975-b29b-4b966952dbe1,2024-08-12,1,334,334,334
36611453-69f4-4975-b29b-4b966952dbe1,2024-12-02,1,528.57,528.57,528.57
36611453-69f4-4975-b29b-4b966952dbe1,2025-03-03,1,592.7,592.7,592.7
36611453-69f4-4975-b29b-4b966952dbe1,2025-04-14,1,626.83,626.83,626.83
36611453-69f4-4975-b29b-4b966952dbe1,2025-06-09,1,699.99,699.99,699.99
36611453-69f4-4975-b29b-4b966952dbe1,2025-11-24,1,695.64,695.64,695.64
36611453-69f4-4975-b29b-4b966952dbe1,2026-01-19,1,759.51,759.51,759.51
36611453-69f4-4975-b29b-4b966952dbe1,2026-02-09,1,699.99,699.99,699.99
36611453-69f4-4975-b29b-4b966952dbe1,2026-03-09,1,1000,1000,1000
36611453-69f4-4975-b29b-4b966952dbe1,2026-05-18,1,1400,1400,1400
36611453-69f4-4975-b29b-4b966952dbe1,2026-06-01,1,1413.93,1413.93,1413.93
3662845b-7030-44a9-b52c-09b75a2218b7,2021-03-15,1,200,200,200
3662845b-7030-44a9-b52c-09b75a2218b7,2021-03-22,1,222,222,222
3662845b-7030-44a9-b52c-09b75a2218b7,2021-05-17,1,177.5,177.5,177.5
3662845b-7030-44a9-b52c-09b75a2218b7,2021-05-31,1,127.5,127.5,127.5
3662845b-7030-44a9-b52c-09b75a2218b7,2021-06-07,1,255,255,255
3662845b-7030-44a9-b52c-09b75a2218b7,2021-06-28,1,152.5,152.5,152.5
3662845b-7030-44a9-b52c-09b75a2218b7,2021-07-26,1,123.5,123.5,123.5
3662845b-7030-44a9-b52c-09b75a2218b7,2021-09-27,1,140,140,140
3662845b-7030-44a9-b52c-09b75a2218b7,2021-10-11,1,130,130,130
3662845b-7030-44a9-b52c-09b75a2218b7,2021-11-01,1,200,200,200
3662845b-7030-44a9-b52c-09b75a2218b7,2021-11-15,1,147.5,147.5,147.5
3662845b-7030-44a9-b52c-09b75a2218b7,2021-11-22,1,91,91,91
3662845b-7030-44a9-b52c-09b75a2218b7,2021-12-13,1,89,89,89
3662845b-7030-44a9-b52c-09b75a2218b7,2021-12-27,1,108.36,108.36,108.36
3662845b-7030-44a9-b52c-09b75a2218b7,2022-01-03,1,110,110,110
3662845b-7030-44a9-b52c-09b75a2218b7,2022-01-17,2,121.3,115,127.59
3662845b-7030-44a9-b52c-09b75a2218b7,2022-01-24,1,119.99,119.99,119.99
3662845b-7030-44a9-b52c-09b75a2218b7,2022-01-31,1,132,132,132
3662845b-7030-44a9-b52c-09b75a2218b7,2022-02-07,1,92,92,92
3662845b-7030-44a9-b52c-09b75a2218b7,2022-03-07,1,122.82,122.82,122.82
3662845b-7030-44a9-b52c-09b75a2218b7,2022-03-21,1,110,110,110
3662845b-7030-44a9-b52c-09b75a2218b7,2022-04-04,1,86.4,86.4,86.4
3662845b-7030-44a9-b52c-09b75a2218b7,2022-04-18,1,132,132,132
3662845b-7030-44a9-b52c-09b75a2218b7,2022-05-09,1,110.4,110.4,110.4
3662845b-7030-44a9-b52c-09b75a2218b7,2022-05-16,1,112.8,112.8,112.8
3662845b-7030-44a9-b52c-09b75a2218b7,2022-07-04,1,126,126,126
3662845b-7030-44a9-b52c-09b75a2218b7,2022-08-08,1,99.99,99.99,99.99
3662845b-7030-44a9-b52c-09b75a2218b7,2022-08-15,1,169.99,169.99,169.99
3662845b-7030-44a9-b52c-09b75a2218b7,2022-08-22,2,100.7,91,110.4
3662845b-7030-44a9-b52c-09b75a2218b7,2022-09-12,1,96,96,96
3662845b-7030-44a9-b52c-09b75a2218b7,2022-09-19,1,80,80,80
3662845b-7030-44a9-b52c-09b75a2218b7,2022-10-17,2,135,120,150
3662845b-7030-44a9-b52c-09b75a2218b7,2022-10-24,1,160,160,160
3662845b-7030-44a9-b52c-09b75a2218b7,2022-11-21,1,89.99,89.99,89.99
3662845b-7030-44a9-b52c-09b75a2218b7,2022-11-28,1,105,105,105
3662845b-7030-44a9-b52c-09b75a2218b7,2022-12-05,1,110,110,110
3662845b-7030-44a9-b52c-09b75a2218b7,2023-01-09,1,119.98,119.98,119.98
3662845b-7030-44a9-b52c-09b75a2218b7,2023-02-06,3,85,82,87
3662845b-7030-44a9-b52c-09b75a2218b7,2023-02-20,1,109.01,109.01,109.01
3662845b-7030-44a9-b52c-09b75a2218b7,2023-03-20,1,85,85,85
3662845b-7030-44a9-b52c-09b75a2218b7,2023-03-27,2,72.61,40.74,104.49
3662845b-7030-44a9-b52c-09b75a2218b7,2023-04-10,1,75,75,75
3662845b-7030-44a9-b52c-09b75a2218b7,2023-04-17,1,86,86,86
3662845b-7030-44a9-b52c-09b75a2218b7,2023-05-15,2,68.1,63,73.2
3662845b-7030-44a9-b52c-09b75a2218b7,2023-05-22,2,72.69,70.99,74.4
3662845b-7030-44a9-b52c-09b75a2218b7,2023-06-05,2,52.72,37.43,68
3662845b-7030-44a9-b52c-09b75a2218b7,2023-06-12,1,85,85,85
3662845b-7030-44a9-b52c-09b75a2218b7,2023-07-03,1,67.2,67.2,67.2
3662845b-7030-44a9-b52c-09b75a2218b7,2023-07-10,1,85,85,85
3662845b-7030-44a9-b52c-09b75a2218b7,2023-07-24,1,90,90,90
3662845b-7030-44a9-b52c-09b75a2218b7,2023-08-28,1,104.18,104.18,104.18
3662845b-7030-44a9-b52c-09b75a2218b7,2023-09-18,1,66,66,66
3662845b-7030-44a9-b52c-09b75a2218b7,2023-09-25,1,90,90,90
3662845b-7030-44a9-b52c-09b75a2218b7,2023-10-02,1,74.1,74.1,74.1
3662845b-7030-44a9-b52c-09b75a2218b7,2023-10-09,1,55.2,55.2,55.2
3662845b-7030-44a9-b52c-09b75a2218b7,2023-10-16,1,56.4,56.4,56.4
3662845b-7030-44a9-b52c-09b75a2218b7,2023-10-23,1,67.2,67.2,67.2
3662845b-7030-44a9-b52c-09b75a2218b7,2023-10-30,1,86.4,86.4,86.4
3662845b-7030-44a9-b52c-09b75a2218b7,2023-11-06,1,82.03,82.03,82.03
3662845b-7030-44a9-b52c-09b75a2218b7,2023-11-20,3,70.54,64.8,91.01
3662845b-7030-44a9-b52c-09b75a2218b7,2023-12-04,2,93.75,80,107.5
3662845b-7030-44a9-b52c-09b75a2218b7,2023-12-11,2,67,62,72
3662845b-7030-44a9-b52c-09b75a2218b7,2023-12-25,1,100,100,100
3662845b-7030-44a9-b52c-09b75a2218b7,2024-01-01,1,55.2,55.2,55.2
3662845b-7030-44a9-b52c-09b75a2218b7,2024-01-08,1,72,72,72
3662845b-7030-44a9-b52c-09b75a2218b7,2024-01-15,1,63.75,63.75,63.75
3662845b-7030-44a9-b52c-09b75a2218b7,2024-01-22,1,79,79,79
3662845b-7030-44a9-b52c-09b75a2218b7,2024-03-04,1,71,71,71
3662845b-7030-44a9-b52c-09b75a2218b7,2024-03-18,1,70,70,70
3662845b-7030-44a9-b52c-09b75a2218b7,2024-04-01,1,84,84,84
3662845b-7030-44a9-b52c-09b75a2218b7,2024-04-15,3,72,67,74
3662845b-7030-44a9-b52c-09b75a2218b7,2024-04-22,1,72,72,72
3662845b-7030-44a9-b52c-09b75a2218b7,2024-05-06,3,85,70,86.4
3662845b-7030-44a9-b52c-09b75a2218b7,2024-06-03,1,119.99,119.99,119.99
3662845b-7030-44a9-b52c-09b75a2218b7,2024-06-17,1,66,66,66
3662845b-7030-44a9-b52c-09b75a2218b7,2024-07-01,2,73.5,65,82
3662845b-7030-44a9-b52c-09b75a2218b7,2024-07-22,1,67.2,67.2,67.2
3662845b-7030-44a9-b52c-09b75a2218b7,2024-07-29,2,69.8,69.6,70
3662845b-7030-44a9-b52c-09b75a2218b7,2024-08-12,4,81.6,60,93.42
3662845b-7030-44a9-b52c-09b75a2218b7,2024-08-26,2,67,62.99,71
3662845b-7030-44a9-b52c-09b75a2218b7,2024-09-02,1,75,75,75
3662845b-7030-44a9-b52c-09b75a2218b7,2024-10-07,1,76.8,76.8,76.8
3662845b-7030-44a9-b52c-09b75a2218b7,2024-10-21,3,70,70,71
3662845b-7030-44a9-b52c-09b75a2218b7,2024-11-11,1,73,73,73
3662845b-7030-44a9-b52c-09b75a2218b7,2024-11-25,1,85,85,85
3662845b-7030-44a9-b52c-09b75a2218b7,2024-12-02,1,85,85,85
3662845b-7030-44a9-b52c-09b75a2218b7,2024-12-09,1,85.49,85.49,85.49
3662845b-7030-44a9-b52c-09b75a2218b7,2024-12-16,1,84,84,84
3662845b-7030-44a9-b52c-09b75a2218b7,2024-12-23,2,80,66,94
3662845b-7030-44a9-b52c-09b75a2218b7,2025-01-06,1,100,100,100
3662845b-7030-44a9-b52c-09b75a2218b7,2025-01-13,1,81,81,81
3662845b-7030-44a9-b52c-09b75a2218b7,2025-02-03,1,75,75,75
3662845b-7030-44a9-b52c-09b75a2218b7,2025-02-24,1,107.5,107.5,107.5
3662845b-7030-44a9-b52c-09b75a2218b7,2025-03-03,1,100,100,100
3662845b-7030-44a9-b52c-09b75a2218b7,2025-03-24,1,119.99,119.99,119.99
3662845b-7030-44a9-b52c-09b75a2218b7,2025-04-07,2,113.68,110.4,116.96
3662845b-7030-44a9-b52c-09b75a2218b7,2025-04-14,2,121.6,103.2,140
3662845b-7030-44a9-b52c-09b75a2218b7,2025-05-05,1,89.88,89.88,89.88
3662845b-7030-44a9-b52c-09b75a2218b7,2025-05-19,1,66.97,66.97,66.97
3662845b-7030-44a9-b52c-09b75a2218b7,2025-06-02,1,80,80,80
3662845b-7030-44a9-b52c-09b75a2218b7,2025-06-16,1,79.08,79.08,79.08
3662845b-7030-44a9-b52c-09b75a2218b7,2025-07-21,3,90,86.4,90
3662845b-7030-44a9-b52c-09b75a2218b7,2025-08-04,1,146.75,146.75,146.75
3662845b-7030-44a9-b52c-09b75a2218b7,2025-08-18,1,179,179,179
3662845b-7030-44a9-b52c-09b75a2218b7,2025-08-25,2,107.8,105.6,110
3662845b-7030-44a9-b52c-09b75a2218b7,2025-09-08,1,103.2,103.2,103.2
3662845b-7030-44a9-b52c-09b75a2218b7,2025-09-15,1,149.99,149.99,149.99
3662845b-7030-44a9-b52c-09b75a2218b7,2025-09-22,2,122.5,109.99,135
3662845b-7030-44a9-b52c-09b75a2218b7,2025-09-29,1,135,135,135
3662845b-7030-44a9-b52c-09b75a2218b7,2025-10-20,2,141.25,112.5,169.99
3662845b-7030-44a9-b52c-09b75a2218b7,2025-10-27,1,140.75,140.75,140.75
3662845b-7030-44a9-b52c-09b75a2218b7,2025-11-24,1,174.99,174.99,174.99
3662845b-7030-44a9-b52c-09b75a2218b7,2025-12-29,1,174.99,174.99,174.99
3662845b-7030-44a9-b52c-09b75a2218b7,2026-01-12,4,237.63,170,384
3662845b-7030-44a9-b52c-09b75a2218b7,2026-01-19,2,207.47,199.95,215
3662845b-7030-44a9-b52c-09b75a2218b7,2026-01-26,2,242.5,235,250
3662845b-7030-44a9-b52c-09b75a2218b7,2026-02-02,2,294.64,275,314.28
3662845b-7030-44a9-b52c-09b75a2218b7,2026-02-16,3,299.99,267.29,349
3662845b-7030-44a9-b52c-09b75a2218b7,2026-02-23,3,651,475,850
3662845b-7030-44a9-b52c-09b75a2218b7,2026-03-09,1,725,725,725
3662845b-7030-44a9-b52c-09b75a2218b7,2026-03-16,2,620.95,521.9,720
3662845b-7030-44a9-b52c-09b75a2218b7,2026-03-30,1,550,550,550
3662845b-7030-44a9-b52c-09b75a2218b7,2026-04-06,1,457,457,457
3662845b-7030-44a9-b52c-09b75a2218b7,2026-04-13,3,480,400,549
3662845b-7030-44a9-b52c-09b75a2218b7,2026-04-20,1,360,360,360
3662845b-7030-44a9-b52c-09b75a2218b7,2026-05-11,1,426,426,426
3662845b-7030-44a9-b52c-09b75a2218b7,2026-05-25,3,499,426,648.99
3662845b-7030-44a9-b52c-09b75a2218b7,2026-06-01,2,659.37,560,758.74
3662845b-7030-44a9-b52c-09b75a2218b7,2026-06-15,1,649.99,649.99,649.99
3662845b-7030-44a9-b52c-09b75a2218b7,2026-06-22,1,503,503,503
3662845b-7030-44a9-b52c-09b75a2218b7,2026-06-29,2,570,540,600
3662845b-7030-44a9-b52c-09b75a2218b7,2026-07-13,2,537,474,600
3662845b-7030-44a9-b52c-09b75a2218b7,2026-07-20,1,600,600,600
3662845b-7030-44a9-b52c-09b75a2218b7,2026-08-03,1,550,550,550
3662845b-7030-44a9-b52c-09b75a2218b7,2026-08-17,1,408,408,408
3662845b-7030-44a9-b52c-09b75a2218b7,2026-08-24,1,384,384,384
3662845b-7030-44a9-b52c-09b75a2218b7,2026-08-31,2,402.5,400,405
366308b5-f90c-40ba-964e-073b103c9780,2025-09-08,4,50,47.5,50
366308b5-f90c-40ba-964e-073b103c9780,2025-09-15,6,54.99,50,64.99
366308b5-f90c-40ba-964e-073b103c9780,2025-09-22,5,81,59.99,100
366308b5-f90c-40ba-964e-073b103c9780,2025-09-29,3,125,79,125
366308b5-f90c-40ba-964e-073b103c9780,2025-10-06,3,60,50,86
366308b5-f90c-40ba-964e-073b103c9780,2025-10-13,6,87.5,36.5,102.5
366308b5-f90c-40ba-964e-073b103c9780,2025-10-20,1,81,81,81
366308b5-f90c-40ba-964e-073b103c9780,2025-10-27,7,71,51,85
366308b5-f90c-40ba-964e-073b103c9780,2025-11-03,4,60,54,100
366308b5-f90c-40ba-964e-073b103c9780,2025-11-10,4,69.09,60,73.99
366308b5-f90c-40ba-964e-073b103c9780,2025-11-17,4,52.82,47,79.95
366308b5-f90c-40ba-964e-073b103c9780,2025-11-24,1,45,45,45
366308b5-f90c-40ba-964e-073b103c9780,2025-12-01,3,32,31,36
366308b5-f90c-40ba-964e-073b103c9780,2025-12-08,3,54.99,50,85
366308b5-f90c-40ba-964e-073b103c9780,2025-12-15,3,74.97,60,149.99
366308b5-f90c-40ba-964e-073b103c9780,2025-12-22,4,55.5,39,60
366308b5-f90c-40ba-964e-073b103c9780,2025-12-29,1,53,53,53
366308b5-f90c-40ba-964e-073b103c9780,2026-01-05,2,61.5,58,65
366308b5-f90c-40ba-964e-073b103c9780,2026-01-12,3,52.99,50,64.99
366308b5-f90c-40ba-964e-073b103c9780,2026-01-19,2,99.2,90,108.4
366308b5-f90c-40ba-964e-073b103c9780,2026-01-26,2,84.95,70,99.9
366308b5-f90c-40ba-964e-073b103c9780,2026-02-02,5,85,65,99.9
366308b5-f90c-40ba-964e-073b103c9780,2026-02-09,1,90,90,90
366308b5-f90c-40ba-964e-073b103c9780,2026-02-16,1,75,75,75
366308b5-f90c-40ba-964e-073b103c9780,2026-02-23,4,69.39,60,80
366308b5-f90c-40ba-964e-073b103c9780,2026-03-02,4,97.5,70,100
366308b5-f90c-40ba-964e-073b103c9780,2026-03-09,3,95,89,124.99
366308b5-f90c-40ba-964e-073b103c9780,2026-03-16,5,105,56.99,120
366308b5-f90c-40ba-964e-073b103c9780,2026-03-23,2,107.5,89.99,125
366308b5-f90c-40ba-964e-073b103c9780,2026-03-30,5,113.5,110,150
366308b5-f90c-40ba-964e-073b103c9780,2026-04-06,6,137.09,107.5,164.5
366308b5-f90c-40ba-964e-073b103c9780,2026-04-13,2,107.96,98.42,117.5
366308b5-f90c-40ba-964e-073b103c9780,2026-04-20,1,144.99,144.99,144.99
366308b5-f90c-40ba-964e-073b103c9780,2026-04-27,1,128.5,128.5,128.5
366308b5-f90c-40ba-964e-073b103c9780,2026-05-04,6,143.75,125,420
366308b5-f90c-40ba-964e-073b103c9780,2026-05-11,8,133.26,123.5,165
366308b5-f90c-40ba-964e-073b103c9780,2026-05-18,4,179.37,160,213.81
366308b5-f90c-40ba-964e-073b103c9780,2026-05-25,5,168.5,155,220
366308b5-f90c-40ba-964e-073b103c9780,2026-06-01,6,161.75,129.5,250
366308b5-f90c-40ba-964e-073b103c9780,2026-06-08,4,152.5,147.5,172.5
366308b5-f90c-40ba-964e-073b103c9780,2026-06-15,6,152.25,134.5,350
366308b5-f90c-40ba-964e-073b103c9780,2026-06-22,9,169.01,138,220
366308b5-f90c-40ba-964e-073b103c9780,2026-06-29,6,165,131.5,250
366308b5-f90c-40ba-964e-073b103c9780,2026-07-06,3,200,155.5,249.99
366308b5-f90c-40ba-964e-073b103c9780,2026-07-13,3,155.5,121.5,175
366308b5-f90c-40ba-964e-073b103c9780,2026-07-20,3,220,174.99,225
366308b5-f90c-40ba-964e-073b103c9780,2026-08-03,1,153.5,153.5,153.5
366308b5-f90c-40ba-964e-073b103c9780,2026-08-10,2,114.5,102.5,126.5
366308b5-f90c-40ba-964e-073b103c9780,2026-08-17,3,175,169.24,220
366308b5-f90c-40ba-964e-073b103c9780,2026-08-24,3,215,122.5,220.5
366308b5-f90c-40ba-964e-073b103c9780,2026-08-31,4,169.25,142.5,200
366308b5-f90c-40ba-964e-073b103c9780,2026-09-07,8,177.5,99,248
3663e659-897d-4f22-b22c-ef71ccc5cc2c,2025-09-08,1,60,60,60
3663e659-897d-4f22-b22c-ef71ccc5cc2c,2025-10-06,1,56,56,56
3663e659-897d-4f22-b22c-ef71ccc5cc2c,2026-01-12,2,100.95,100,101.91
3663e659-897d-4f22-b22c-ef71ccc5cc2c,2026-03-23,1,114.37,114.37,114.37
3663e659-897d-4f22-b22c-ef71ccc5cc2c,2026-05-18,1,249.99,249.99,249.99
3663e659-897d-4f22-b22c-ef71ccc5cc2c,2026-06-22,1,300,300,300
366426fa-8cff-43d2-b705-6132cb65debd,2024-02-19,1,21,21,21
366426fa-8cff-43d2-b705-6132cb65debd,2024-02-26,1,44.99,44.99,44.99
366426fa-8cff-43d2-b705-6132cb65debd,2024-03-11,1,34.99,34.99,34.99
366426fa-8cff-43d2-b705-6132cb65debd,2024-03-18,2,23.24,20.5,25.98
366426fa-8cff-43d2-b705-6132cb65debd,2024-03-25,2,27.5,15,40
366426fa-8cff-43d2-b705-6132cb65debd,2024-04-01,2,28.39,23.99,32.8
366426fa-8cff-43d2-b705-6132cb65debd,2024-04-08,3,19.99,15.5,44.35
366426fa-8cff-43d2-b705-6132cb65debd,2024-04-15,1,20,20,20
366426fa-8cff-43d2-b705-6132cb65debd,2024-04-22,1,20,20,20
366426fa-8cff-43d2-b705-6132cb65debd,2024-04-29,2,31.48,17.5,45.45
366426fa-8cff-43d2-b705-6132cb65debd,2024-05-06,1,43,43,43
366426fa-8cff-43d2-b705-6132cb65debd,2024-05-13,1,26,26,26
366426fa-8cff-43d2-b705-6132cb65debd,2024-05-20,2,23.12,22.5,23.75
366426fa-8cff-43d2-b705-6132cb65debd,2024-05-27,1,34.99,34.99,34.99
366426fa-8cff-43d2-b705-6132cb65debd,2024-06-10,2,26.25,22.5,30
366426fa-8cff-43d2-b705-6132cb65debd,2024-06-17,1,29.99,29.99,29.99
366426fa-8cff-43d2-b705-6132cb65debd,2024-07-01,1,37.96,37.96,37.96
366426fa-8cff-43d2-b705-6132cb65debd,2024-07-08,3,25.99,21.5,28
366426fa-8cff-43d2-b705-6132cb65debd,2024-07-15,1,20,20,20
366426fa-8cff-43d2-b705-6132cb65debd,2024-07-22,1,32.39,32.39,32.39
366426fa-8cff-43d2-b705-6132cb65debd,2024-07-29,1,25,25,25
366426fa-8cff-43d2-b705-6132cb65debd,2024-08-05,1,22.99,22.99,22.99
366426fa-8cff-43d2-b705-6132cb65debd,2024-08-19,2,21.74,15.5,27.99
366426fa-8cff-43d2-b705-6132cb65debd,2024-08-26,1,24.99,24.99,24.99
366426fa-8cff-43d2-b705-6132cb65debd,2024-09-09,1,17.5,17.5,17.5
366426fa-8cff-43d2-b705-6132cb65debd,2024-09-16,1,26.25,26.25,26.25
366426fa-8cff-43d2-b705-6132cb65debd,2024-09-23,1,30,30,30
366426fa-8cff-43d2-b705-6132cb65debd,2024-10-07,1,21,21,21
366426fa-8cff-43d2-b705-6132cb65debd,2024-10-28,1,21.26,21.26,21.26
366426fa-8cff-43d2-b705-6132cb65debd,2024-11-04,2,32.5,30,34.99
366426fa-8cff-43d2-b705-6132cb65debd,2024-11-11,1,30,30,30
366426fa-8cff-43d2-b705-6132cb65debd,2024-11-18,2,19.24,14.5,23.99
366426fa-8cff-43d2-b705-6132cb65debd,2024-11-25,2,22.68,20,25.35
366426fa-8cff-43d2-b705-6132cb65debd,2024-12-02,2,27.5,23,32
366426fa-8cff-43d2-b705-6132cb65debd,2024-12-16,2,42,32.99,51
366426fa-8cff-43d2-b705-6132cb65debd,2024-12-23,3,22.5,21.29,45
366426fa-8cff-43d2-b705-6132cb65debd,2024-12-30,1,40,40,40
366426fa-8cff-43d2-b705-6132cb65debd,2025-01-06,1,36,36,36
366426fa-8cff-43d2-b705-6132cb65debd,2025-01-20,2,44,38,49.99
366426fa-8cff-43d2-b705-6132cb65debd,2025-02-03,3,31,21.5,38
366426fa-8cff-43d2-b705-6132cb65debd,2025-02-10,5,34.99,25.99,42.9
366426fa-8cff-43d2-b705-6132cb65debd,2025-02-17,1,34,34,34
366426fa-8cff-43d2-b705-6132cb65debd,2025-02-24,2,29.1,27,31.2
366426fa-8cff-43d2-b705-6132cb65debd,2025-03-03,1,39.99,39.99,39.99
366426fa-8cff-43d2-b705-6132cb65debd,2025-03-10,1,37,37,37
366426fa-8cff-43d2-b705-6132cb65debd,2025-03-17,2,44.37,37,51.74
366426fa-8cff-43d2-b705-6132cb65debd,2025-03-24,1,31,31,31
366426fa-8cff-43d2-b705-6132cb65debd,2025-03-31,1,39.14,39.14,39.14
366426fa-8cff-43d2-b705-6132cb65debd,2025-04-07,2,23.25,20.5,26
366426fa-8cff-43d2-b705-6132cb65debd,2025-04-21,3,33.6,27,35
366426fa-8cff-43d2-b705-6132cb65debd,2025-04-28,2,33.5,22.5,44.5
366426fa-8cff-43d2-b705-6132cb65debd,2025-05-05,1,22.5,22.5,22.5
366426fa-8cff-43d2-b705-6132cb65debd,2025-05-12,3,32,17.5,35
366426fa-8cff-43d2-b705-6132cb65debd,2025-05-19,3,36,35,43.19
366426fa-8cff-43d2-b705-6132cb65debd,2025-05-26,11,23,20.5,30.51
366426fa-8cff-43d2-b705-6132cb65debd,2025-06-23,1,20.5,20.5,20.5
366426fa-8cff-43d2-b705-6132cb65debd,2025-06-30,1,30,30,30
366426fa-8cff-43d2-b705-6132cb65debd,2025-07-07,4,27,21.5,30
366426fa-8cff-43d2-b705-6132cb65debd,2025-07-14,2,26.24,22.5,29.99
366426fa-8cff-43d2-b705-6132cb65debd,2025-07-21,4,30,30,38.16
366426fa-8cff-43d2-b705-6132cb65debd,2025-07-28,1,40,40,40
366426fa-8cff-43d2-b705-6132cb65debd,2025-08-11,1,39.99,39.99,39.99
366426fa-8cff-43d2-b705-6132cb65debd,2025-08-18,1,39.49,39.49,39.49
366426fa-8cff-43d2-b705-6132cb65debd,2025-09-01,7,38,25,50
366426fa-8cff-43d2-b705-6132cb65debd,2025-09-08,1,40.5,40.5,40.5
366426fa-8cff-43d2-b705-6132cb65debd,2025-09-29,1,42,42,42
366426fa-8cff-43d2-b705-6132cb65debd,2025-10-13,1,42,42,42
366426fa-8cff-43d2-b705-6132cb65debd,2025-10-20,2,32.99,20.99,45
366426fa-8cff-43d2-b705-6132cb65debd,2025-10-27,2,36.75,34.5,39
366426fa-8cff-43d2-b705-6132cb65debd,2025-11-10,1,32,32,32
366426fa-8cff-43d2-b705-6132cb65debd,2025-11-17,1,30,30,30
366426fa-8cff-43d2-b705-6132cb65debd,2025-11-24,1,42,42,42
366426fa-8cff-43d2-b705-6132cb65debd,2025-12-01,2,43.59,37.2,49.99
366426fa-8cff-43d2-b705-6132cb65debd,2025-12-15,2,28.25,21.5,35
366426fa-8cff-43d2-b705-6132cb65debd,2025-12-29,1,38,38,38
366426fa-8cff-43d2-b705-6132cb65debd,2026-01-05,1,47.08,47.08,47.08
366426fa-8cff-43d2-b705-6132cb65debd,2026-01-19,1,51,51,51
366426fa-8cff-43d2-b705-6132cb65debd,2026-01-26,1,35,35,35
366426fa-8cff-43d2-b705-6132cb65debd,2026-02-02,1,42.95,42.95,42.95
366426fa-8cff-43d2-b705-6132cb65debd,2026-02-09,2,38.5,27,50
366426fa-8cff-43d2-b705-6132cb65debd,2026-02-23,1,17.5,17.5,17.5
366426fa-8cff-43d2-b705-6132cb65debd,2026-03-02,2,40.5,30,51
366426fa-8cff-43d2-b705-6132cb65debd,2026-03-09,1,46.5,46.5,46.5
366426fa-8cff-43d2-b705-6132cb65debd,2026-03-16,1,30,30,30
366426fa-8cff-43d2-b705-6132cb65debd,2026-03-23,1,35,35,35
366426fa-8cff-43d2-b705-6132cb65debd,2026-03-30,2,32.52,29.99,35.05
366426fa-8cff-43d2-b705-6132cb65debd,2026-04-06,4,47,45,53.49
366426fa-8cff-43d2-b705-6132cb65debd,2026-04-13,1,69.99,69.99,69.99
366426fa-8cff-43d2-b705-6132cb65debd,2026-04-20,2,56,46.99,65
366426fa-8cff-43d2-b705-6132cb65debd,2026-04-27,3,48,48,55
366426fa-8cff-43d2-b705-6132cb65debd,2026-05-04,1,49.95,49.95,49.95
366426fa-8cff-43d2-b705-6132cb65debd,2026-05-11,2,36.98,29,44.95
366426fa-8cff-43d2-b705-6132cb65debd,2026-05-25,1,46.8,46.8,46.8
366426fa-8cff-43d2-b705-6132cb65debd,2026-06-15,2,59.25,58.5,60
366426fa-8cff-43d2-b705-6132cb65debd,2026-07-13,2,45,45,45
366426fa-8cff-43d2-b705-6132cb65debd,2026-07-27,1,28.44,28.44,28.44
366426fa-8cff-43d2-b705-6132cb65debd,2026-08-03,1,48,48,48
366426fa-8cff-43d2-b705-6132cb65debd,2026-08-10,1,59.99,59.99,59.99
366426fa-8cff-43d2-b705-6132cb65debd,2026-08-31,1,81,81,81
36676e80-6c04-4710-b55f-ccbbbb28b923,2021-08-23,1,31,31,31
36676e80-6c04-4710-b55f-ccbbbb28b923,2022-01-03,1,46.49,46.49,46.49
36676e80-6c04-4710-b55f-ccbbbb28b923,2022-01-24,1,69.95,69.95,69.95
36676e80-6c04-4710-b55f-ccbbbb28b923,2022-10-10,1,39,39,39
36676e80-6c04-4710-b55f-ccbbbb28b923,2023-08-21,1,55,55,55
36676e80-6c04-4710-b55f-ccbbbb28b923,2024-05-20,1,20,20,20
36676e80-6c04-4710-b55f-ccbbbb28b923,2024-06-24,1,44.34,44.34,44.34
36676e80-6c04-4710-b55f-ccbbbb28b923,2024-11-25,1,44.49,44.49,44.49
36676e80-6c04-4710-b55f-ccbbbb28b923,2025-07-21,1,50,50,50
36676e80-6c04-4710-b55f-ccbbbb28b923,2026-03-02,1,124.99,124.99,124.99
3667a4ba-1a17-4f56-b6cd-fc04fd829c9f,2026-06-22,2,565,559.99,570
3667a4ba-1a17-4f56-b6cd-fc04fd829c9f,2026-06-29,8,587.48,550,650
3667a4ba-1a17-4f56-b6cd-fc04fd829c9f,2026-07-06,11,560,510,630
3667a4ba-1a17-4f56-b6cd-fc04fd829c9f,2026-07-13,14,527.5,463.84,570
3667a4ba-1a17-4f56-b6cd-fc04fd829c9f,2026-07-20,16,497.5,409.82,550
3667a4ba-1a17-4f56-b6cd-fc04fd829c9f,2026-07-27,11,510,440,535
3667a4ba-1a17-4f56-b6cd-fc04fd829c9f,2026-08-03,27,485,411.6,560
3667a4ba-1a17-4f56-b6cd-fc04fd829c9f,2026-08-10,22,490,416.4,650
3667a4ba-1a17-4f56-b6cd-fc04fd829c9f,2026-08-17,27,509.83,474,552.99
3667a4ba-1a17-4f56-b6cd-fc04fd829c9f,2026-08-24,21,485,420,565
3667a4ba-1a17-4f56-b6cd-fc04fd829c9f,2026-08-31,17,489,455,609
3667a4ba-1a17-4f56-b6cd-fc04fd829c9f,2026-09-07,12,501.23,450,575
366cb589-7944-4927-b98e-897a7366e671,2025-12-15,4,8.5,8.5,16.5
366cb589-7944-4927-b98e-897a7366e671,2025-12-22,1,20.5,20.5,20.5
366cb589-7944-4927-b98e-897a7366e671,2026-01-19,1,14.5,14.5,14.5
366cb589-7944-4927-b98e-897a7366e671,2026-02-02,1,29.99,29.99,29.99
366cb589-7944-4927-b98e-897a7366e671,2026-02-09,1,10,10,10
366cb589-7944-4927-b98e-897a7366e671,2026-04-13,1,30.73,30.73,30.73
366cb589-7944-4927-b98e-897a7366e671,2026-04-20,1,31.3,31.3,31.3
366db31d-cacd-45b6-9e99-8cb48fc1c7cf,2021-05-03,1,195.12,195.12,195.12
366db31d-cacd-45b6-9e99-8cb48fc1c7cf,2021-05-10,1,171.3,171.3,171.3
366db31d-cacd-45b6-9e99-8cb48fc1c7cf,2021-08-02,2,94.5,72,117
366db31d-cacd-45b6-9e99-8cb48fc1c7cf,2021-10-25,1,52,52,52
366db31d-cacd-45b6-9e99-8cb48fc1c7cf,2021-11-15,1,135.68,135.68,135.68
366db31d-cacd-45b6-9e99-8cb48fc1c7cf,2021-12-06,1,115.11,115.11,115.11
366db31d-cacd-45b6-9e99-8cb48fc1c7cf,2021-12-13,1,62,62,62
366db31d-cacd-45b6-9e99-8cb48fc1c7cf,2022-01-17,1,147.51,147.51,147.51
366db31d-cacd-45b6-9e99-8cb48fc1c7cf,2022-01-31,1,392.28,392.28,392.28
366db31d-cacd-45b6-9e99-8cb48fc1c7cf,2022-02-07,2,95.62,87,104.24
366db31d-cacd-45b6-9e99-8cb48fc1c7cf,2022-04-18,1,137.93,137.93,137.93
366db31d-cacd-45b6-9e99-8cb48fc1c7cf,2022-05-30,1,85,85,85
366db31d-cacd-45b6-9e99-8cb48fc1c7cf,2022-08-08,1,47,47,47
366db31d-cacd-45b6-9e99-8cb48fc1c7cf,2022-08-29,1,49.2,49.2,49.2
366db31d-cacd-45b6-9e99-8cb48fc1c7cf,2022-10-24,1,126.36,126.36,126.36
366db31d-cacd-45b6-9e99-8cb48fc1c7cf,2022-10-31,1,39,39,39
366db31d-cacd-45b6-9e99-8cb48fc1c7cf,2022-11-07,1,75,75,75
366db31d-cacd-45b6-9e99-8cb48fc1c7cf,2022-11-28,1,85,85,85
366db31d-cacd-45b6-9e99-8cb48fc1c7cf,2023-03-06,1,52.8,52.8,52.8
366db31d-cacd-45b6-9e99-8cb48fc1c7cf,2023-05-29,1,116.93,116.93,116.93
366db31d-cacd-45b6-9e99-8cb48fc1c7cf,2023-06-19,2,78.2,64.99,91.41
366db31d-cacd-45b6-9e99-8cb48fc1c7cf,2023-07-03,1,56,56,56
366db31d-cacd-45b6-9e99-8cb48fc1c7cf,2023-08-21,1,108.29,108.29,108.29
366db31d-cacd-45b6-9e99-8cb48fc1c7cf,2023-08-28,1,37.2,37.2,37.2
366db31d-cacd-45b6-9e99-8cb48fc1c7cf,2023-09-11,2,102.4,97.07,107.73
366db31d-cacd-45b6-9e99-8cb48fc1c7cf,2024-07-22,1,43.2,43.2,43.2
366db31d-cacd-45b6-9e99-8cb48fc1c7cf,2024-07-29,2,184.02,122.04,246
366db31d-cacd-45b6-9e99-8cb48fc1c7cf,2024-08-12,1,123.1,123.1,123.1
366db31d-cacd-45b6-9e99-8cb48fc1c7cf,2024-09-16,1,165.23,165.23,165.23
366db31d-cacd-45b6-9e99-8cb48fc1c7cf,2024-10-14,1,90,90,90
366db31d-cacd-45b6-9e99-8cb48fc1c7cf,2024-11-11,1,120.44,120.44,120.44
366db31d-cacd-45b6-9e99-8cb48fc1c7cf,2025-01-27,1,150,150,150
366db31d-cacd-45b6-9e99-8cb48fc1c7cf,2025-02-10,1,246,246,246
366db31d-cacd-45b6-9e99-8cb48fc1c7cf,2025-04-21,1,182.5,182.5,182.5
366db31d-cacd-45b6-9e99-8cb48fc1c7cf,2025-08-11,1,126,126,126
366db31d-cacd-45b6-9e99-8cb48fc1c7cf,2025-08-25,1,147.24,147.24,147.24
366db31d-cacd-45b6-9e99-8cb48fc1c7cf,2025-09-01,1,200,200,200
366db31d-cacd-45b6-9e99-8cb48fc1c7cf,2025-11-03,1,231.34,231.34,231.34
366db31d-cacd-45b6-9e99-8cb48fc1c7cf,2026-06-22,1,166.21,166.21,166.21
366db31d-cacd-45b6-9e99-8cb48fc1c7cf,2026-07-20,1,228.54,228.54,228.54
366eb20c-7c4e-4e2f-b8d4-3031177d0ced,2025-10-20,2,139,37.99,240
366eb20c-7c4e-4e2f-b8d4-3031177d0ced,2025-10-27,1,29.99,29.99,29.99
366eb20c-7c4e-4e2f-b8d4-3031177d0ced,2026-01-05,1,55,55,55
366eb20c-7c4e-4e2f-b8d4-3031177d0ced,2026-03-30,1,18.5,18.5,18.5
366eb20c-7c4e-4e2f-b8d4-3031177d0ced,2026-04-13,1,20,20,20
366eb20c-7c4e-4e2f-b8d4-3031177d0ced,2026-06-01,1,45,45,45
366eb20c-7c4e-4e2f-b8d4-3031177d0ced,2026-06-08,1,44.99,44.99,44.99
366eb20c-7c4e-4e2f-b8d4-3031177d0ced,2026-07-13,1,25,25,25
3670156b-7728-451c-9d73-c7d7d38e4628,2021-07-26,1,135,135,135
3670156b-7728-451c-9d73-c7d7d38e4628,2021-08-16,1,150,150,150
3670156b-7728-451c-9d73-c7d7d38e4628,2022-01-10,1,109.47,109.47,109.47
3670156b-7728-451c-9d73-c7d7d38e4628,2022-04-11,1,91.42,91.42,91.42
3670156b-7728-451c-9d73-c7d7d38e4628,2022-10-31,1,100,100,100
3670156b-7728-451c-9d73-c7d7d38e4628,2022-12-26,1,108,108,108
3670156b-7728-451c-9d73-c7d7d38e4628,2023-07-17,1,108,108,108
3670156b-7728-451c-9d73-c7d7d38e4628,2023-08-28,1,100.01,100.01,100.01
3670156b-7728-451c-9d73-c7d7d38e4628,2023-09-18,1,93.6,93.6,93.6
3670156b-7728-451c-9d73-c7d7d38e4628,2024-07-08,1,88.8,88.8,88.8
3670156b-7728-451c-9d73-c7d7d38e4628,2024-11-18,1,79,79,79
3670156b-7728-451c-9d73-c7d7d38e4628,2025-02-10,1,81,81,81
3670156b-7728-451c-9d73-c7d7d38e4628,2026-01-12,1,262,262,262
3670156b-7728-451c-9d73-c7d7d38e4628,2026-02-16,1,299.99,299.99,299.99
3670156b-7728-451c-9d73-c7d7d38e4628,2026-03-02,1,285,285,285
3670156b-7728-451c-9d73-c7d7d38e4628,2026-03-09,1,550,550,550
3670156b-7728-451c-9d73-c7d7d38e4628,2026-06-22,1,480,480,480
3670156b-7728-451c-9d73-c7d7d38e4628,2026-06-29,1,550,550,550
36713ced-8228-4c31-97ba-76078c73d725,2026-05-25,1,135,135,135
36713ced-8228-4c31-97ba-76078c73d725,2026-08-03,2,96.25,90,102.5
36713ced-8228-4c31-97ba-76078c73d725,2026-08-24,2,97.25,91,103.5
36718e19-4664-419d-bdf5-f35dfca46514,2021-07-12,1,299.99,299.99,299.99
36718e19-4664-419d-bdf5-f35dfca46514,2022-01-03,1,221.73,221.73,221.73
36718e19-4664-419d-bdf5-f35dfca46514,2022-01-31,1,225,225,225
36718e19-4664-419d-bdf5-f35dfca46514,2022-10-17,1,275,275,275
36718e19-4664-419d-bdf5-f35dfca46514,2023-02-13,1,350,350,350
36718e19-4664-419d-bdf5-f35dfca46514,2025-02-03,1,197.5,197.5,197.5
36718e19-4664-419d-bdf5-f35dfca46514,2025-03-17,1,207.5,207.5,207.5
36718e19-4664-419d-bdf5-f35dfca46514,2025-04-07,1,245,245,245
36718e19-4664-419d-bdf5-f35dfca46514,2025-07-28,1,415,415,415
36719b55-a08c-4a4c-8ee5-5c6f77396f39,2022-04-04,2,89.22,78.46,99.99
36719b55-a08c-4a4c-8ee5-5c6f77396f39,2022-04-11,1,39,39,39
36719b55-a08c-4a4c-8ee5-5c6f77396f39,2022-07-11,1,50,50,50
36719b55-a08c-4a4c-8ee5-5c6f77396f39,2022-08-15,2,36.3,33.6,39
36719b55-a08c-4a4c-8ee5-5c6f77396f39,2022-10-10,1,45.2,45.2,45.2
36719b55-a08c-4a4c-8ee5-5c6f77396f39,2023-01-30,1,50,50,50
36719b55-a08c-4a4c-8ee5-5c6f77396f39,2023-02-20,1,51,51,51
36719b55-a08c-4a4c-8ee5-5c6f77396f39,2023-05-22,1,25,25,25
36719b55-a08c-4a4c-8ee5-5c6f77396f39,2023-07-31,1,30,30,30
36719b55-a08c-4a4c-8ee5-5c6f77396f39,2024-01-01,1,31,31,31
36719b55-a08c-4a4c-8ee5-5c6f77396f39,2024-06-03,1,20.51,20.51,20.51
36719b55-a08c-4a4c-8ee5-5c6f77396f39,2024-06-10,1,29,29,29
36719b55-a08c-4a4c-8ee5-5c6f77396f39,2024-08-12,1,26.03,26.03,26.03
36719b55-a08c-4a4c-8ee5-5c6f77396f39,2024-09-23,1,38.4,38.4,38.4
36719b55-a08c-4a4c-8ee5-5c6f77396f39,2024-09-30,1,12.5,12.5,12.5
36719b55-a08c-4a4c-8ee5-5c6f77396f39,2025-03-17,1,55,55,55
36719b55-a08c-4a4c-8ee5-5c6f77396f39,2025-04-21,1,70,70,70
36719b55-a08c-4a4c-8ee5-5c6f77396f39,2025-11-03,1,99.99,99.99,99.99
36719b55-a08c-4a4c-8ee5-5c6f77396f39,2026-02-02,1,125,125,125
36719b55-a08c-4a4c-8ee5-5c6f77396f39,2026-03-23,2,137.47,125,149.95
3674b1dd-67d7-48c5-8a6b-9b334aab7844,2025-02-03,1,370,370,370
3674bc19-aa34-4c3f-9907-a6eb99c28b69,2023-07-10,1,121,121,121
3674bc19-aa34-4c3f-9907-a6eb99c28b69,2023-08-14,1,100,100,100
3674bc19-aa34-4c3f-9907-a6eb99c28b69,2023-08-21,1,67.51,67.51,67.51
3674bc19-aa34-4c3f-9907-a6eb99c28b69,2023-08-28,1,119.99,119.99,119.99
3674bc19-aa34-4c3f-9907-a6eb99c28b69,2023-09-04,1,60,60,60
3674bc19-aa34-4c3f-9907-a6eb99c28b69,2023-09-11,2,63.75,62.5,65
3674bc19-aa34-4c3f-9907-a6eb99c28b69,2023-09-18,4,36.5,23.5,42.14
3674bc19-aa34-4c3f-9907-a6eb99c28b69,2023-09-25,2,43.22,41.49,44.95
3674bc19-aa34-4c3f-9907-a6eb99c28b69,2023-10-02,2,33.08,32.94,33.23
3674bc19-aa34-4c3f-9907-a6eb99c28b69,2023-10-09,2,39.5,35,44
3674bc19-aa34-4c3f-9907-a6eb99c28b69,2023-10-16,2,33.48,27,39.95
3674bc19-aa34-4c3f-9907-a6eb99c28b69,2023-10-23,2,39.7,38.4,41
3674bc19-aa34-4c3f-9907-a6eb99c28b69,2023-10-30,1,36.6,36.6,36.6
3674bc19-aa34-4c3f-9907-a6eb99c28b69,2023-11-06,1,53.15,53.15,53.15
3674bc19-aa34-4c3f-9907-a6eb99c28b69,2023-11-13,2,36,27,45
3674bc19-aa34-4c3f-9907-a6eb99c28b69,2023-11-20,2,41.08,39.95,42.2
3674bc19-aa34-4c3f-9907-a6eb99c28b69,2023-11-27,1,31,31,31
3674bc19-aa34-4c3f-9907-a6eb99c28b69,2023-12-04,3,34.8,25.73,40
3674bc19-aa34-4c3f-9907-a6eb99c28b69,2023-12-11,1,30,30,30
3674bc19-aa34-4c3f-9907-a6eb99c28b69,2023-12-18,3,33.47,19.5,40
3674bc19-aa34-4c3f-9907-a6eb99c28b69,2023-12-25,3,38,29,40.26
3674bc19-aa34-4c3f-9907-a6eb99c28b69,2024-01-08,1,42,42,42
3674bc19-aa34-4c3f-9907-a6eb99c28b69,2024-01-15,3,37.19,34.99,55
3674bc19-aa34-4c3f-9907-a6eb99c28b69,2024-01-29,3,35,35,39.11
3674bc19-aa34-4c3f-9907-a6eb99c28b69,2024-02-05,3,38,32,40
3674bc19-aa34-4c3f-9907-a6eb99c28b69,2024-02-12,1,17.5,17.5,17.5
3674bc19-aa34-4c3f-9907-a6eb99c28b69,2024-02-19,2,36,35.99,36
3674bc19-aa34-4c3f-9907-a6eb99c28b69,2024-02-26,1,40,40,40
3674bc19-aa34-4c3f-9907-a6eb99c28b69,2024-03-18,1,54.53,54.53,54.53
3674bc19-aa34-4c3f-9907-a6eb99c28b69,2024-03-25,2,22.25,20,24.5
3674bc19-aa34-4c3f-9907-a6eb99c28b69,2024-04-01,1,20.5,20.5,20.5
3674bc19-aa34-4c3f-9907-a6eb99c28b69,2024-04-29,2,31.74,26,37.48
3674bc19-aa34-4c3f-9907-a6eb99c28b69,2024-05-13,1,27,27,27
3674bc19-aa34-4c3f-9907-a6eb99c28b69,2024-05-20,3,25,21.51,35
3674bc19-aa34-4c3f-9907-a6eb99c28b69,2024-05-27,2,44.75,40,49.49
3674bc19-aa34-4c3f-9907-a6eb99c28b69,2024-06-03,3,40,40,40
3674bc19-aa34-4c3f-9907-a6eb99c28b69,2024-06-17,1,45,45,45
3674bc19-aa34-4c3f-9907-a6eb99c28b69,2024-06-24,1,24,24,24
3674bc19-aa34-4c3f-9907-a6eb99c28b69,2024-07-08,1,26.01,26.01,26.01
3674bc19-aa34-4c3f-9907-a6eb99c28b69,2024-07-29,1,22.8,22.8,22.8
3674bc19-aa34-4c3f-9907-a6eb99c28b69,2024-08-12,1,27,27,27
3674bc19-aa34-4c3f-9907-a6eb99c28b69,2024-08-19,1,23.25,23.25,23.25
3674bc19-aa34-4c3f-9907-a6eb99c28b69,2024-08-26,1,30,30,30
3674bc19-aa34-4c3f-9907-a6eb99c28b69,2024-09-23,1,38.4,38.4,38.4
3674bc19-aa34-4c3f-9907-a6eb99c28b69,2024-10-07,1,35,35,35
3674bc19-aa34-4c3f-9907-a6eb99c28b69,2024-10-14,1,22.5,22.5,22.5
3674bc19-aa34-4c3f-9907-a6eb99c28b69,2024-10-21,1,26,26,26
3674bc19-aa34-4c3f-9907-a6eb99c28b69,2024-11-04,2,29.35,24.7,34
3674bc19-aa34-4c3f-9907-a6eb99c28b69,2024-11-11,1,21.13,21.13,21.13
3674bc19-aa34-4c3f-9907-a6eb99c28b69,2024-11-18,2,25,25,25
3674bc19-aa34-4c3f-9907-a6eb99c28b69,2024-12-02,1,30,30,30
3674bc19-aa34-4c3f-9907-a6eb99c28b69,2024-12-16,1,35,35,35
3674bc19-aa34-4c3f-9907-a6eb99c28b69,2024-12-30,1,29.99,29.99,29.99
3674bc19-aa34-4c3f-9907-a6eb99c28b69,2025-01-06,1,28.45,28.45,28.45
3674bc19-aa34-4c3f-9907-a6eb99c28b69,2025-01-13,1,25.74,25.74,25.74
3674bc19-aa34-4c3f-9907-a6eb99c28b69,2025-01-20,1,31,31,31
3674bc19-aa34-4c3f-9907-a6eb99c28b69,2025-02-03,4,29.38,23,39.95
3674bc19-aa34-4c3f-9907-a6eb99c28b69,2025-02-17,1,35,35,35
3674bc19-aa34-4c3f-9907-a6eb99c28b69,2025-03-03,3,25,20,42.99
3674bc19-aa34-4c3f-9907-a6eb99c28b69,2025-03-10,1,37,37,37
3674bc19-aa34-4c3f-9907-a6eb99c28b69,2025-03-17,2,47.5,45,50
3674bc19-aa34-4c3f-9907-a6eb99c28b69,2025-03-31,2,44.66,39.32,50
3674bc19-aa34-4c3f-9907-a6eb99c28b69,2025-04-07,1,23.5,23.5,23.5
3674bc19-aa34-4c3f-9907-a6eb99c28b69,2025-04-14,1,24.5,24.5,24.5
3674bc19-aa34-4c3f-9907-a6eb99c28b69,2025-06-02,1,26,26,26
3674bc19-aa34-4c3f-9907-a6eb99c28b69,2025-06-09,1,29,29,29
3674bc19-aa34-4c3f-9907-a6eb99c28b69,2025-07-07,2,35.9,28.8,42.99
3674bc19-aa34-4c3f-9907-a6eb99c28b69,2025-07-21,1,31.2,31.2,31.2
3674bc19-aa34-4c3f-9907-a6eb99c28b69,2025-09-01,1,25,25,25
3674bc19-aa34-4c3f-9907-a6eb99c28b69,2025-11-03,1,49.99,49.99,49.99
3674bc19-aa34-4c3f-9907-a6eb99c28b69,2025-12-08,1,19.5,19.5,19.5
3674bc19-aa34-4c3f-9907-a6eb99c28b69,2025-12-22,1,27.89,27.89,27.89
3674bc19-aa34-4c3f-9907-a6eb99c28b69,2025-12-29,1,25,25,25
3674bc19-aa34-4c3f-9907-a6eb99c28b69,2026-01-12,10,45,23.5,65
3674bc19-aa34-4c3f-9907-a6eb99c28b69,2026-01-19,2,54,47.69,60.31
3674bc19-aa34-4c3f-9907-a6eb99c28b69,2026-02-02,1,32,32,32
3674bc19-aa34-4c3f-9907-a6eb99c28b69,2026-02-16,2,41.5,38,45
3674bc19-aa34-4c3f-9907-a6eb99c28b69,2026-03-02,1,36,36,36
3674bc19-aa34-4c3f-9907-a6eb99c28b69,2026-03-30,1,60,60,60
3674bc19-aa34-4c3f-9907-a6eb99c28b69,2026-05-25,1,59.99,59.99,59.99
3674bc19-aa34-4c3f-9907-a6eb99c28b69,2026-07-20,1,45,45,45
3674bc19-aa34-4c3f-9907-a6eb99c28b69,2026-07-27,1,58.99,58.99,58.99
367a2aa5-bc48-420b-a1a8-be2bfcf6cde3,2023-11-27,2,30,29,31
367a2aa5-bc48-420b-a1a8-be2bfcf6cde3,2023-12-11,2,35,25,45
367a2aa5-bc48-420b-a1a8-be2bfcf6cde3,2023-12-18,2,39.6,39.6,39.6
367a2aa5-bc48-420b-a1a8-be2bfcf6cde3,2023-12-25,1,33,33,33
367a2aa5-bc48-420b-a1a8-be2bfcf6cde3,2024-01-01,3,46.8,44.99,62
367a2aa5-bc48-420b-a1a8-be2bfcf6cde3,2024-01-08,2,36.4,32,40.8
367a2aa5-bc48-420b-a1a8-be2bfcf6cde3,2024-01-15,2,50,35,65
367a2aa5-bc48-420b-a1a8-be2bfcf6cde3,2024-01-22,1,42,42,42
367a2aa5-bc48-420b-a1a8-be2bfcf6cde3,2024-01-29,1,31,31,31
367a2aa5-bc48-420b-a1a8-be2bfcf6cde3,2024-02-05,1,62.6,62.6,62.6
367a2aa5-bc48-420b-a1a8-be2bfcf6cde3,2024-02-12,2,55.67,40,71.35
367a2aa5-bc48-420b-a1a8-be2bfcf6cde3,2024-02-26,2,39,31,47
367a2aa5-bc48-420b-a1a8-be2bfcf6cde3,2024-03-04,3,49,26,59.99
367a2aa5-bc48-420b-a1a8-be2bfcf6cde3,2024-03-11,2,38.1,31.2,45
367a2aa5-bc48-420b-a1a8-be2bfcf6cde3,2024-03-25,1,30,30,30
367a2aa5-bc48-420b-a1a8-be2bfcf6cde3,2024-04-01,1,39.99,39.99,39.99
367a2aa5-bc48-420b-a1a8-be2bfcf6cde3,2024-04-15,2,38.5,36,41
367a2aa5-bc48-420b-a1a8-be2bfcf6cde3,2024-04-22,2,33,25,41
367a2aa5-bc48-420b-a1a8-be2bfcf6cde3,2024-04-29,1,36,36,36
367a2aa5-bc48-420b-a1a8-be2bfcf6cde3,2024-05-06,2,38.32,31.5,45.14
367a2aa5-bc48-420b-a1a8-be2bfcf6cde3,2024-05-13,1,45,45,45
367a2aa5-bc48-420b-a1a8-be2bfcf6cde3,2024-05-20,3,40.01,39.04,45
367a2aa5-bc48-420b-a1a8-be2bfcf6cde3,2024-05-27,2,46.12,42.25,49.99
367a2aa5-bc48-420b-a1a8-be2bfcf6cde3,2024-06-03,1,31,31,31
367a2aa5-bc48-420b-a1a8-be2bfcf6cde3,2024-06-10,1,36,36,36
367a2aa5-bc48-420b-a1a8-be2bfcf6cde3,2024-06-17,5,29,28,69
367a2aa5-bc48-420b-a1a8-be2bfcf6cde3,2024-06-24,3,36,28,49.99
367a2aa5-bc48-420b-a1a8-be2bfcf6cde3,2024-07-01,4,37.5,26,39.99
367a2aa5-bc48-420b-a1a8-be2bfcf6cde3,2024-07-08,1,49.99,49.99,49.99
367a2aa5-bc48-420b-a1a8-be2bfcf6cde3,2024-07-15,2,35.5,31,40
367a2aa5-bc48-420b-a1a8-be2bfcf6cde3,2024-07-22,1,31,31,31
367a2aa5-bc48-420b-a1a8-be2bfcf6cde3,2024-07-29,2,62.69,46.97,78.41
367a2aa5-bc48-420b-a1a8-be2bfcf6cde3,2024-08-12,1,39.99,39.99,39.99
367a2aa5-bc48-420b-a1a8-be2bfcf6cde3,2024-08-19,1,34,34,34
367a2aa5-bc48-420b-a1a8-be2bfcf6cde3,2024-08-26,1,35,35,35
367a2aa5-bc48-420b-a1a8-be2bfcf6cde3,2024-09-02,2,52.82,44.64,61
367a2aa5-bc48-420b-a1a8-be2bfcf6cde3,2024-09-16,1,60.12,60.12,60.12
367a2aa5-bc48-420b-a1a8-be2bfcf6cde3,2024-10-21,1,88.54,88.54,88.54
367a2aa5-bc48-420b-a1a8-be2bfcf6cde3,2024-11-04,1,60,60,60
367a2aa5-bc48-420b-a1a8-be2bfcf6cde3,2024-11-11,1,60,60,60
367a2aa5-bc48-420b-a1a8-be2bfcf6cde3,2024-11-25,3,48,46.8,81
367a2aa5-bc48-420b-a1a8-be2bfcf6cde3,2024-12-02,2,53,46,60
367a2aa5-bc48-420b-a1a8-be2bfcf6cde3,2024-12-09,1,37,37,37
367a2aa5-bc48-420b-a1a8-be2bfcf6cde3,2024-12-23,2,45.01,31.02,59
367a2aa5-bc48-420b-a1a8-be2bfcf6cde3,2024-12-30,1,38.5,38.5,38.5
367a2aa5-bc48-420b-a1a8-be2bfcf6cde3,2025-01-06,1,50,50,50
367a2aa5-bc48-420b-a1a8-be2bfcf6cde3,2025-01-13,1,55,55,55
367a2aa5-bc48-420b-a1a8-be2bfcf6cde3,2025-01-20,1,65,65,65
367a2aa5-bc48-420b-a1a8-be2bfcf6cde3,2025-02-17,2,46,42,50
367a2aa5-bc48-420b-a1a8-be2bfcf6cde3,2025-02-24,1,71.24,71.24,71.24
367a2aa5-bc48-420b-a1a8-be2bfcf6cde3,2025-03-03,2,51.5,49,54
367a2aa5-bc48-420b-a1a8-be2bfcf6cde3,2025-03-17,2,61.39,52.8,69.99
367a2aa5-bc48-420b-a1a8-be2bfcf6cde3,2025-03-24,1,41,41,41
367a2aa5-bc48-420b-a1a8-be2bfcf6cde3,2025-03-31,2,73.49,72.99,73.99
367a2aa5-bc48-420b-a1a8-be2bfcf6cde3,2025-04-21,2,72,72,72
367a2aa5-bc48-420b-a1a8-be2bfcf6cde3,2025-05-12,1,76,76,76
367a2aa5-bc48-420b-a1a8-be2bfcf6cde3,2025-05-19,2,65,55,74.99
367a2aa5-bc48-420b-a1a8-be2bfcf6cde3,2025-06-02,1,75,75,75
367a2aa5-bc48-420b-a1a8-be2bfcf6cde3,2025-06-09,1,74.99,74.99,74.99
367a2aa5-bc48-420b-a1a8-be2bfcf6cde3,2025-06-23,1,85,85,85
367a2aa5-bc48-420b-a1a8-be2bfcf6cde3,2025-06-30,1,57,57,57
367a2aa5-bc48-420b-a1a8-be2bfcf6cde3,2025-07-14,2,61.23,48.48,73.99
367a2aa5-bc48-420b-a1a8-be2bfcf6cde3,2025-07-21,1,87.56,87.56,87.56
367a2aa5-bc48-420b-a1a8-be2bfcf6cde3,2025-07-28,1,60,60,60
367a2aa5-bc48-420b-a1a8-be2bfcf6cde3,2025-08-11,2,143.5,87,200
367a2aa5-bc48-420b-a1a8-be2bfcf6cde3,2025-08-18,1,60,60,60
367a2aa5-bc48-420b-a1a8-be2bfcf6cde3,2025-09-01,1,60,60,60
367a2aa5-bc48-420b-a1a8-be2bfcf6cde3,2025-09-08,3,70,51,79.99
367a2aa5-bc48-420b-a1a8-be2bfcf6cde3,2025-09-15,1,85,85,85
367a2aa5-bc48-420b-a1a8-be2bfcf6cde3,2025-09-22,1,80,80,80
367a2aa5-bc48-420b-a1a8-be2bfcf6cde3,2025-09-29,2,122.5,94.99,150
367a2aa5-bc48-420b-a1a8-be2bfcf6cde3,2025-10-13,2,88.07,86.14,90
367a2aa5-bc48-420b-a1a8-be2bfcf6cde3,2025-10-20,2,78,74,82
367a2aa5-bc48-420b-a1a8-be2bfcf6cde3,2025-11-03,4,81.5,78,99
367a2aa5-bc48-420b-a1a8-be2bfcf6cde3,2025-11-10,1,83,83,83
367a2aa5-bc48-420b-a1a8-be2bfcf6cde3,2025-11-17,2,76.65,76.5,76.8
367a2aa5-bc48-420b-a1a8-be2bfcf6cde3,2025-11-24,1,75,75,75
367a2aa5-bc48-420b-a1a8-be2bfcf6cde3,2025-12-01,1,82,82,82
367a2aa5-bc48-420b-a1a8-be2bfcf6cde3,2025-12-08,4,89.5,89,90
367a2aa5-bc48-420b-a1a8-be2bfcf6cde3,2025-12-15,2,111.38,95,127.76
367a2aa5-bc48-420b-a1a8-be2bfcf6cde3,2025-12-22,1,129.63,129.63,129.63
367a2aa5-bc48-420b-a1a8-be2bfcf6cde3,2025-12-29,3,140,124.99,167.33
367a2aa5-bc48-420b-a1a8-be2bfcf6cde3,2026-01-12,2,120,110,129.99
367a2aa5-bc48-420b-a1a8-be2bfcf6cde3,2026-01-19,1,165,165,165
367a2aa5-bc48-420b-a1a8-be2bfcf6cde3,2026-02-02,3,145,139.95,161.96
367a2aa5-bc48-420b-a1a8-be2bfcf6cde3,2026-02-16,2,145,132.5,157.5
367a2aa5-bc48-420b-a1a8-be2bfcf6cde3,2026-02-23,1,139.99,139.99,139.99
367a2aa5-bc48-420b-a1a8-be2bfcf6cde3,2026-03-02,2,180.25,134.99,225.5
367a2aa5-bc48-420b-a1a8-be2bfcf6cde3,2026-03-09,2,162,155,169
367a2aa5-bc48-420b-a1a8-be2bfcf6cde3,2026-03-16,1,132.5,132.5,132.5
367a2aa5-bc48-420b-a1a8-be2bfcf6cde3,2026-03-23,2,130.7,110.4,151
367a2aa5-bc48-420b-a1a8-be2bfcf6cde3,2026-03-30,1,134.03,134.03,134.03
367a2aa5-bc48-420b-a1a8-be2bfcf6cde3,2026-04-06,2,148.75,140,157.5
367a2aa5-bc48-420b-a1a8-be2bfcf6cde3,2026-04-13,1,123.5,123.5,123.5
367a2aa5-bc48-420b-a1a8-be2bfcf6cde3,2026-04-27,5,151,140,175
367a2aa5-bc48-420b-a1a8-be2bfcf6cde3,2026-05-04,1,150.5,150.5,150.5
367a2aa5-bc48-420b-a1a8-be2bfcf6cde3,2026-05-18,4,131.75,118,142
367a2aa5-bc48-420b-a1a8-be2bfcf6cde3,2026-05-25,2,139,128.99,149
367a2aa5-bc48-420b-a1a8-be2bfcf6cde3,2026-06-01,2,143.75,130,157.5
367a2aa5-bc48-420b-a1a8-be2bfcf6cde3,2026-06-08,2,142.36,130.8,153.91
367a2aa5-bc48-420b-a1a8-be2bfcf6cde3,2026-06-15,2,165,160,170
367a2aa5-bc48-420b-a1a8-be2bfcf6cde3,2026-06-22,1,194.99,194.99,194.99
367a2aa5-bc48-420b-a1a8-be2bfcf6cde3,2026-06-29,4,146.25,103.2,170
367a2aa5-bc48-420b-a1a8-be2bfcf6cde3,2026-07-06,1,173.84,173.84,173.84
367a2aa5-bc48-420b-a1a8-be2bfcf6cde3,2026-07-20,1,177.5,177.5,177.5
367a2aa5-bc48-420b-a1a8-be2bfcf6cde3,2026-07-27,2,176.5,155,197.99
367a2aa5-bc48-420b-a1a8-be2bfcf6cde3,2026-08-03,1,156,156,156
367a2aa5-bc48-420b-a1a8-be2bfcf6cde3,2026-08-17,2,186.5,175,197.99
367a2aa5-bc48-420b-a1a8-be2bfcf6cde3,2026-08-24,2,250.69,201.37,300
367a2aa5-bc48-420b-a1a8-be2bfcf6cde3,2026-08-31,3,194,186,205.5
367eeeb2-caf7-47f4-af75-b6a9ec8b8865,2024-08-26,1,6.5,6.5,6.5
367eeeb2-caf7-47f4-af75-b6a9ec8b8865,2024-09-02,1,34.74,34.74,34.74
367eeeb2-caf7-47f4-af75-b6a9ec8b8865,2024-09-09,1,19.99,19.99,19.99
367eeeb2-caf7-47f4-af75-b6a9ec8b8865,2024-09-16,2,19.74,19.5,19.99
367eeeb2-caf7-47f4-af75-b6a9ec8b8865,2024-09-23,2,33.16,29.99,36.33
367eeeb2-caf7-47f4-af75-b6a9ec8b8865,2024-10-07,1,15.5,15.5,15.5
367eeeb2-caf7-47f4-af75-b6a9ec8b8865,2024-10-21,2,29.94,26.89,32.99
367eeeb2-caf7-47f4-af75-b6a9ec8b8865,2024-10-28,1,14.5,14.5,14.5
367eeeb2-caf7-47f4-af75-b6a9ec8b8865,2024-11-04,1,15.5,15.5,15.5
367eeeb2-caf7-47f4-af75-b6a9ec8b8865,2024-11-11,3,19.5,16.5,27.99
367eeeb2-caf7-47f4-af75-b6a9ec8b8865,2024-11-18,5,20.5,17,23
367eeeb2-caf7-47f4-af75-b6a9ec8b8865,2024-11-25,1,16.8,16.8,16.8
367eeeb2-caf7-47f4-af75-b6a9ec8b8865,2024-12-02,3,24.99,24.99,25
367eeeb2-caf7-47f4-af75-b6a9ec8b8865,2024-12-16,2,21.99,19,24.99
367eeeb2-caf7-47f4-af75-b6a9ec8b8865,2024-12-30,2,20.99,19.99,22
367eeeb2-caf7-47f4-af75-b6a9ec8b8865,2025-01-06,3,31.19,30,38.99
367eeeb2-caf7-47f4-af75-b6a9ec8b8865,2025-01-13,3,24.99,20,26
367eeeb2-caf7-47f4-af75-b6a9ec8b8865,2025-01-20,2,25,24,26
367eeeb2-caf7-47f4-af75-b6a9ec8b8865,2025-01-27,4,28.5,26.4,35
367eeeb2-caf7-47f4-af75-b6a9ec8b8865,2025-02-03,1,19.5,19.5,19.5
367eeeb2-caf7-47f4-af75-b6a9ec8b8865,2025-02-10,4,27.9,26,36.88
367eeeb2-caf7-47f4-af75-b6a9ec8b8865,2025-02-17,4,27.5,24.99,32.4
367eeeb2-caf7-47f4-af75-b6a9ec8b8865,2025-02-24,2,30.2,28,32.4
367eeeb2-caf7-47f4-af75-b6a9ec8b8865,2025-03-03,2,25.5,25,26
367eeeb2-caf7-47f4-af75-b6a9ec8b8865,2025-03-10,3,33,33,34.99
367eeeb2-caf7-47f4-af75-b6a9ec8b8865,2025-03-17,2,38.36,36.88,39.83
367eeeb2-caf7-47f4-af75-b6a9ec8b8865,2025-03-24,4,30.5,27,35
367eeeb2-caf7-47f4-af75-b6a9ec8b8865,2025-03-31,1,25,25,25
367eeeb2-caf7-47f4-af75-b6a9ec8b8865,2025-04-07,3,26,25.99,30.05
367eeeb2-caf7-47f4-af75-b6a9ec8b8865,2025-04-14,2,36,33,38.99
367eeeb2-caf7-47f4-af75-b6a9ec8b8865,2025-04-21,1,35,35,35
367eeeb2-caf7-47f4-af75-b6a9ec8b8865,2025-05-05,1,29.99,29.99,29.99
367eeeb2-caf7-47f4-af75-b6a9ec8b8865,2025-05-12,4,28.5,20.5,36.88
367eeeb2-caf7-47f4-af75-b6a9ec8b8865,2025-05-19,6,29.5,20.5,32
367eeeb2-caf7-47f4-af75-b6a9ec8b8865,2025-05-26,5,31.99,21.5,62.49
367eeeb2-caf7-47f4-af75-b6a9ec8b8865,2025-06-02,1,29,29,29
367eeeb2-caf7-47f4-af75-b6a9ec8b8865,2025-06-09,2,20.5,19.5,21.5
367eeeb2-caf7-47f4-af75-b6a9ec8b8865,2025-06-23,2,31.98,29,34.95
367eeeb2-caf7-47f4-af75-b6a9ec8b8865,2025-06-30,2,39,32,46
367eeeb2-caf7-47f4-af75-b6a9ec8b8865,2025-07-14,1,40,40,40
367eeeb2-caf7-47f4-af75-b6a9ec8b8865,2025-08-04,1,35,35,35
367eeeb2-caf7-47f4-af75-b6a9ec8b8865,2025-08-11,3,34.95,28,34.99
367eeeb2-caf7-47f4-af75-b6a9ec8b8865,2025-08-18,3,34.95,30,35
367eeeb2-caf7-47f4-af75-b6a9ec8b8865,2025-08-25,1,35,35,35
367eeeb2-caf7-47f4-af75-b6a9ec8b8865,2025-09-01,3,36.88,30,38
367eeeb2-caf7-47f4-af75-b6a9ec8b8865,2025-09-08,1,37.35,37.35,37.35
367eeeb2-caf7-47f4-af75-b6a9ec8b8865,2025-09-15,2,54.07,50,58.14
367eeeb2-caf7-47f4-af75-b6a9ec8b8865,2025-09-22,3,30,27.6,34.95
367eeeb2-caf7-47f4-af75-b6a9ec8b8865,2025-09-29,1,50,50,50
367eeeb2-caf7-47f4-af75-b6a9ec8b8865,2025-10-06,1,45,45,45
367eeeb2-caf7-47f4-af75-b6a9ec8b8865,2025-10-13,2,42.5,40,45
367eeeb2-caf7-47f4-af75-b6a9ec8b8865,2025-10-20,3,33,18.5,49.81
367eeeb2-caf7-47f4-af75-b6a9ec8b8865,2025-10-27,2,26.5,26,27
367eeeb2-caf7-47f4-af75-b6a9ec8b8865,2025-11-03,2,47,34,60
367eeeb2-caf7-47f4-af75-b6a9ec8b8865,2025-11-17,1,30,30,30
367eeeb2-caf7-47f4-af75-b6a9ec8b8865,2025-11-24,4,32.48,32,32.95
367eeeb2-caf7-47f4-af75-b6a9ec8b8865,2025-12-15,3,44.99,31,44.99
367eeeb2-caf7-47f4-af75-b6a9ec8b8865,2025-12-22,3,32,24,36.94
367eeeb2-caf7-47f4-af75-b6a9ec8b8865,2025-12-29,2,37.5,34.99,40
367eeeb2-caf7-47f4-af75-b6a9ec8b8865,2026-01-05,2,40,36,44
367eeeb2-caf7-47f4-af75-b6a9ec8b8865,2026-01-12,1,30.49,30.49,30.49
367eeeb2-caf7-47f4-af75-b6a9ec8b8865,2026-01-19,1,45,45,45
367eeeb2-caf7-47f4-af75-b6a9ec8b8865,2026-02-02,4,33.5,30.02,41.99
367eeeb2-caf7-47f4-af75-b6a9ec8b8865,2026-02-09,1,35,35,35
367eeeb2-caf7-47f4-af75-b6a9ec8b8865,2026-02-16,2,41.14,33,49.28
367eeeb2-caf7-47f4-af75-b6a9ec8b8865,2026-03-02,3,35,30,52.3
367eeeb2-caf7-47f4-af75-b6a9ec8b8865,2026-03-16,2,41,35,46.99
367eeeb2-caf7-47f4-af75-b6a9ec8b8865,2026-03-30,1,35,35,35
367eeeb2-caf7-47f4-af75-b6a9ec8b8865,2026-04-06,4,46,21.5,52.63
367eeeb2-caf7-47f4-af75-b6a9ec8b8865,2026-04-13,1,42,42,42
367eeeb2-caf7-47f4-af75-b6a9ec8b8865,2026-04-20,1,40,40,40
367eeeb2-caf7-47f4-af75-b6a9ec8b8865,2026-05-04,6,66.5,50.99,80
367eeeb2-caf7-47f4-af75-b6a9ec8b8865,2026-05-11,2,60,60,60
367eeeb2-caf7-47f4-af75-b6a9ec8b8865,2026-06-08,1,59.76,59.76,59.76
367eeeb2-caf7-47f4-af75-b6a9ec8b8865,2026-06-15,1,56,56,56
367eeeb2-caf7-47f4-af75-b6a9ec8b8865,2026-06-22,1,68,68,68
367eeeb2-caf7-47f4-af75-b6a9ec8b8865,2026-07-06,1,50,50,50
367eeeb2-caf7-47f4-af75-b6a9ec8b8865,2026-07-13,3,52,41.5,80
367eeeb2-caf7-47f4-af75-b6a9ec8b8865,2026-07-20,2,35.13,34.54,35.72
367eeeb2-caf7-47f4-af75-b6a9ec8b8865,2026-07-27,1,57.63,57.63,57.63
367eeeb2-caf7-47f4-af75-b6a9ec8b8865,2026-08-03,3,45.75,45,63.17
367eeeb2-caf7-47f4-af75-b6a9ec8b8865,2026-08-10,1,18.1,18.1,18.1
367eeeb2-caf7-47f4-af75-b6a9ec8b8865,2026-08-17,5,59.99,50,60
367eeeb2-caf7-47f4-af75-b6a9ec8b8865,2026-08-31,4,40.8,24.5,55
3680d48f-fca2-493c-adca-9bf9b5bb0791,2021-07-26,1,405,405,405
36828fa9-b700-426e-9ab4-1576d742bf86,2022-01-24,1,107.8,107.8,107.8
36828fa9-b700-426e-9ab4-1576d742bf86,2022-02-07,1,73.98,73.98,73.98
36828fa9-b700-426e-9ab4-1576d742bf86,2022-02-14,1,41,41,41
36828fa9-b700-426e-9ab4-1576d742bf86,2022-02-28,1,44.99,44.99,44.99
36828fa9-b700-426e-9ab4-1576d742bf86,2022-03-14,2,36,32.01,40
36828fa9-b700-426e-9ab4-1576d742bf86,2022-03-21,1,38,38,38
36828fa9-b700-426e-9ab4-1576d742bf86,2022-03-28,1,36,36,36
36828fa9-b700-426e-9ab4-1576d742bf86,2022-04-04,2,35.5,35,36
36828fa9-b700-426e-9ab4-1576d742bf86,2022-04-18,3,39.9,35,41.43
36828fa9-b700-426e-9ab4-1576d742bf86,2022-04-25,3,45,40,50
36828fa9-b700-426e-9ab4-1576d742bf86,2022-05-09,1,33,33,33
36828fa9-b700-426e-9ab4-1576d742bf86,2022-05-16,2,41.5,40,43
36828fa9-b700-426e-9ab4-1576d742bf86,2022-05-23,3,40,36,42
36828fa9-b700-426e-9ab4-1576d742bf86,2022-06-13,3,40.99,40,42
36828fa9-b700-426e-9ab4-1576d742bf86,2022-06-20,1,49.99,49.99,49.99
36828fa9-b700-426e-9ab4-1576d742bf86,2022-06-27,3,27,26,59.99
36828fa9-b700-426e-9ab4-1576d742bf86,2022-07-11,1,54,54,54
36828fa9-b700-426e-9ab4-1576d742bf86,2022-08-08,3,41,38.68,45
36828fa9-b700-426e-9ab4-1576d742bf86,2022-08-15,1,36.99,36.99,36.99
36828fa9-b700-426e-9ab4-1576d742bf86,2022-08-22,1,31,31,31
36828fa9-b700-426e-9ab4-1576d742bf86,2022-08-29,3,34.99,23.02,54.79
36828fa9-b700-426e-9ab4-1576d742bf86,2022-09-05,1,45,45,45
36828fa9-b700-426e-9ab4-1576d742bf86,2022-09-19,2,36.5,35,38
36828fa9-b700-426e-9ab4-1576d742bf86,2022-10-03,2,45.81,41.64,49.99
36828fa9-b700-426e-9ab4-1576d742bf86,2022-10-31,1,28.77,28.77,28.77
36828fa9-b700-426e-9ab4-1576d742bf86,2022-11-14,1,17.5,17.5,17.5
36828fa9-b700-426e-9ab4-1576d742bf86,2022-11-21,2,23.7,21.39,26
36828fa9-b700-426e-9ab4-1576d742bf86,2022-11-28,3,26,24,40
36828fa9-b700-426e-9ab4-1576d742bf86,2022-12-05,1,34.99,34.99,34.99
36828fa9-b700-426e-9ab4-1576d742bf86,2022-12-12,3,23.95,22.72,35
36828fa9-b700-426e-9ab4-1576d742bf86,2022-12-26,2,26.24,22.5,29.99
36828fa9-b700-426e-9ab4-1576d742bf86,2023-01-09,1,34.99,34.99,34.99
36828fa9-b700-426e-9ab4-1576d742bf86,2023-01-16,2,36.71,33.43,39.99
36828fa9-b700-426e-9ab4-1576d742bf86,2023-01-23,3,36,35,45.72
36828fa9-b700-426e-9ab4-1576d742bf86,2023-01-30,1,34.99,34.99,34.99
36828fa9-b700-426e-9ab4-1576d742bf86,2023-02-06,1,27,27,27
36828fa9-b700-426e-9ab4-1576d742bf86,2023-02-20,1,36.9,36.9,36.9
36828fa9-b700-426e-9ab4-1576d742bf86,2023-03-06,3,39.99,31,44.95
36828fa9-b700-426e-9ab4-1576d742bf86,2023-03-13,1,24.06,24.06,24.06
36828fa9-b700-426e-9ab4-1576d742bf86,2023-03-20,3,36,35,39.99
36828fa9-b700-426e-9ab4-1576d742bf86,2023-03-27,1,27,27,27
36828fa9-b700-426e-9ab4-1576d742bf86,2023-04-10,1,24.02,24.02,24.02
36828fa9-b700-426e-9ab4-1576d742bf86,2023-05-08,1,21.5,21.5,21.5
36828fa9-b700-426e-9ab4-1576d742bf86,2023-05-15,1,40.49,40.49,40.49
36828fa9-b700-426e-9ab4-1576d742bf86,2023-05-22,1,24.99,24.99,24.99
36828fa9-b700-426e-9ab4-1576d742bf86,2023-05-29,1,26.25,26.25,26.25
36828fa9-b700-426e-9ab4-1576d742bf86,2023-06-05,3,24.5,19.99,24.99
36828fa9-b700-426e-9ab4-1576d742bf86,2023-06-12,1,23.5,23.5,23.5
36828fa9-b700-426e-9ab4-1576d742bf86,2023-06-19,1,27,27,27
36828fa9-b700-426e-9ab4-1576d742bf86,2023-06-26,1,39.41,39.41,39.41
36828fa9-b700-426e-9ab4-1576d742bf86,2023-07-03,1,40.68,40.68,40.68
36828fa9-b700-426e-9ab4-1576d742bf86,2023-07-10,1,30,30,30
36828fa9-b700-426e-9ab4-1576d742bf86,2023-07-31,2,22.45,22.07,22.82
36828fa9-b700-426e-9ab4-1576d742bf86,2023-08-07,1,24.5,24.5,24.5
36828fa9-b700-426e-9ab4-1576d742bf86,2023-08-14,2,29.5,24,35
36828fa9-b700-426e-9ab4-1576d742bf86,2023-08-21,8,23.76,22.19,29
36828fa9-b700-426e-9ab4-1576d742bf86,2023-09-11,1,22,22,22
36828fa9-b700-426e-9ab4-1576d742bf86,2023-09-18,1,42.93,42.93,42.93
36828fa9-b700-426e-9ab4-1576d742bf86,2023-09-25,1,19.5,19.5,19.5
36828fa9-b700-426e-9ab4-1576d742bf86,2023-10-02,1,26.4,26.4,26.4
36828fa9-b700-426e-9ab4-1576d742bf86,2023-10-23,1,35,35,35
36828fa9-b700-426e-9ab4-1576d742bf86,2023-10-30,1,19.95,19.95,19.95
36828fa9-b700-426e-9ab4-1576d742bf86,2023-11-13,3,24.85,16.5,26.4
36828fa9-b700-426e-9ab4-1576d742bf86,2023-11-20,3,26,20.5,28.8
36828fa9-b700-426e-9ab4-1576d742bf86,2023-12-04,1,19.19,19.19,19.19
36828fa9-b700-426e-9ab4-1576d742bf86,2023-12-11,1,28,28,28
36828fa9-b700-426e-9ab4-1576d742bf86,2023-12-18,1,22.3,22.3,22.3
36828fa9-b700-426e-9ab4-1576d742bf86,2024-01-01,1,29.99,29.99,29.99
36828fa9-b700-426e-9ab4-1576d742bf86,2024-01-15,1,29.69,29.69,29.69
36828fa9-b700-426e-9ab4-1576d742bf86,2024-01-22,1,30,30,30
36828fa9-b700-426e-9ab4-1576d742bf86,2024-03-18,1,34,34,34
36828fa9-b700-426e-9ab4-1576d742bf86,2024-04-15,2,25.84,20,31.67
36828fa9-b700-426e-9ab4-1576d742bf86,2024-04-29,1,36,36,36
36828fa9-b700-426e-9ab4-1576d742bf86,2024-06-10,1,28.99,28.99,28.99
36828fa9-b700-426e-9ab4-1576d742bf86,2024-07-01,1,70,70,70
36828fa9-b700-426e-9ab4-1576d742bf86,2024-07-08,1,13,13,13
36828fa9-b700-426e-9ab4-1576d742bf86,2024-07-15,3,18.5,16.5,31.49
36828fa9-b700-426e-9ab4-1576d742bf86,2024-08-19,1,31,31,31
36828fa9-b700-426e-9ab4-1576d742bf86,2024-08-26,1,17.5,17.5,17.5
36828fa9-b700-426e-9ab4-1576d742bf86,2024-09-02,1,19.2,19.2,19.2
36828fa9-b700-426e-9ab4-1576d742bf86,2024-09-09,1,22,22,22
36828fa9-b700-426e-9ab4-1576d742bf86,2024-10-07,1,22.5,22.5,22.5
36828fa9-b700-426e-9ab4-1576d742bf86,2024-10-21,2,31.25,30,32.5
36828fa9-b700-426e-9ab4-1576d742bf86,2024-10-28,1,31.5,31.5,31.5
36828fa9-b700-426e-9ab4-1576d742bf86,2024-11-04,1,27,27,27
36828fa9-b700-426e-9ab4-1576d742bf86,2024-12-02,4,20.5,17.27,38.5
36828fa9-b700-426e-9ab4-1576d742bf86,2024-12-16,1,30,30,30
36828fa9-b700-426e-9ab4-1576d742bf86,2025-02-03,2,28.1,25,31.2
36828fa9-b700-426e-9ab4-1576d742bf86,2025-03-03,2,31.5,31,32
36828fa9-b700-426e-9ab4-1576d742bf86,2025-03-10,3,34,18.5,35
36828fa9-b700-426e-9ab4-1576d742bf86,2025-03-17,1,36.92,36.92,36.92
36828fa9-b700-426e-9ab4-1576d742bf86,2025-04-07,1,37,37,37
36828fa9-b700-426e-9ab4-1576d742bf86,2025-04-21,1,33,33,33
36828fa9-b700-426e-9ab4-1576d742bf86,2025-04-28,1,29,29,29
36828fa9-b700-426e-9ab4-1576d742bf86,2025-06-02,1,32,32,32
36828fa9-b700-426e-9ab4-1576d742bf86,2025-06-09,1,31,31,31
36828fa9-b700-426e-9ab4-1576d742bf86,2025-06-16,1,37,37,37
36828fa9-b700-426e-9ab4-1576d742bf86,2025-07-07,1,37,37,37
36828fa9-b700-426e-9ab4-1576d742bf86,2025-07-21,3,47.95,36,77
36828fa9-b700-426e-9ab4-1576d742bf86,2025-07-28,1,39.99,39.99,39.99
36828fa9-b700-426e-9ab4-1576d742bf86,2025-08-25,1,45,45,45
36828fa9-b700-426e-9ab4-1576d742bf86,2025-09-01,2,41.62,38.25,44.99
36828fa9-b700-426e-9ab4-1576d742bf86,2025-09-15,1,50,50,50
36828fa9-b700-426e-9ab4-1576d742bf86,2025-10-06,1,50,50,50
36828fa9-b700-426e-9ab4-1576d742bf86,2025-10-13,1,29,29,29
36828fa9-b700-426e-9ab4-1576d742bf86,2025-10-20,1,50.4,50.4,50.4
36828fa9-b700-426e-9ab4-1576d742bf86,2025-10-27,1,40,40,40
36828fa9-b700-426e-9ab4-1576d742bf86,2025-12-01,1,37.99,37.99,37.99
36828fa9-b700-426e-9ab4-1576d742bf86,2026-01-05,1,59.29,59.29,59.29
36828fa9-b700-426e-9ab4-1576d742bf86,2026-01-12,2,36.87,29.74,44
36828fa9-b700-426e-9ab4-1576d742bf86,2026-02-02,1,49.99,49.99,49.99
36828fa9-b700-426e-9ab4-1576d742bf86,2026-02-16,1,37.2,37.2,37.2
36828fa9-b700-426e-9ab4-1576d742bf86,2026-03-09,2,47,44,50
36828fa9-b700-426e-9ab4-1576d742bf86,2026-03-16,1,31,31,31
36828fa9-b700-426e-9ab4-1576d742bf86,2026-03-23,2,57.12,45,69.23
36828fa9-b700-426e-9ab4-1576d742bf86,2026-03-30,1,43.2,43.2,43.2
36828fa9-b700-426e-9ab4-1576d742bf86,2026-05-04,1,49.99,49.99,49.99
36828fa9-b700-426e-9ab4-1576d742bf86,2026-06-01,1,62,62,62
36828fa9-b700-426e-9ab4-1576d742bf86,2026-06-15,2,59.5,58.99,60
36828fa9-b700-426e-9ab4-1576d742bf86,2026-06-22,1,60,60,60
36828fa9-b700-426e-9ab4-1576d742bf86,2026-06-29,1,64.95,64.95,64.95
36828fa9-b700-426e-9ab4-1576d742bf86,2026-07-13,2,56.79,55.95,57.63
36828fa9-b700-426e-9ab4-1576d742bf86,2026-08-17,3,74.99,62,85.25
3684a53e-4af4-4d2d-821f-8f9f4aa0392e,2026-03-16,6,598.25,545,700
3684a53e-4af4-4d2d-821f-8f9f4aa0392e,2026-03-23,8,616.5,525,760
3684a53e-4af4-4d2d-821f-8f9f4aa0392e,2026-03-30,18,707.5,455,780
3684a53e-4af4-4d2d-821f-8f9f4aa0392e,2026-04-06,18,754.12,405,1000
3684a53e-4af4-4d2d-821f-8f9f4aa0392e,2026-04-13,8,760,760,1000
3684a53e-4af4-4d2d-821f-8f9f4aa0392e,2026-04-20,8,775.5,725,833
3684a53e-4af4-4d2d-821f-8f9f4aa0392e,2026-04-27,2,804.5,770,839
3684a53e-4af4-4d2d-821f-8f9f4aa0392e,2026-05-04,9,898.95,730,1000
3684a53e-4af4-4d2d-821f-8f9f4aa0392e,2026-05-11,4,770.56,761,925
3684a53e-4af4-4d2d-821f-8f9f4aa0392e,2026-05-18,4,797,775,850
3684a53e-4af4-4d2d-821f-8f9f4aa0392e,2026-05-25,7,700.8,600,799.99
3684a53e-4af4-4d2d-821f-8f9f4aa0392e,2026-06-01,4,780,750,825
3684a53e-4af4-4d2d-821f-8f9f4aa0392e,2026-06-08,6,755.75,720,896.4
3684a53e-4af4-4d2d-821f-8f9f4aa0392e,2026-06-15,5,700,630,825
3684a53e-4af4-4d2d-821f-8f9f4aa0392e,2026-06-22,8,693,660,760
3684a53e-4af4-4d2d-821f-8f9f4aa0392e,2026-06-29,7,700,528,760
3684a53e-4af4-4d2d-821f-8f9f4aa0392e,2026-07-06,7,705,516,780
3684a53e-4af4-4d2d-821f-8f9f4aa0392e,2026-07-13,9,660,570,700
3684a53e-4af4-4d2d-821f-8f9f4aa0392e,2026-07-20,6,627.5,547.25,648
3684a53e-4af4-4d2d-821f-8f9f4aa0392e,2026-07-27,5,612.28,600,635
3684a53e-4af4-4d2d-821f-8f9f4aa0392e,2026-08-03,8,649.5,566.5,729.99
3684a53e-4af4-4d2d-821f-8f9f4aa0392e,2026-08-10,7,633,600,806.86
3684a53e-4af4-4d2d-821f-8f9f4aa0392e,2026-08-17,12,645,550,810
3684a53e-4af4-4d2d-821f-8f9f4aa0392e,2026-08-24,6,614.8,528,667.3
3684a53e-4af4-4d2d-821f-8f9f4aa0392e,2026-08-31,6,658.97,605,674.25
3684a53e-4af4-4d2d-821f-8f9f4aa0392e,2026-09-07,6,617.5,594,664.17
3685b73f-3acb-422e-899f-0d556b2bcb4a,2025-05-12,1,194.13,194.13,194.13
3685b73f-3acb-422e-899f-0d556b2bcb4a,2026-06-01,1,222.5,222.5,222.5
36880bef-a19a-481a-b889-2b3dccd4fed0,2022-01-10,1,75,75,75
36880bef-a19a-481a-b889-2b3dccd4fed0,2024-06-17,1,38,38,38
36880bef-a19a-481a-b889-2b3dccd4fed0,2024-09-30,1,38,38,38
36880bef-a19a-481a-b889-2b3dccd4fed0,2024-10-14,1,43.7,43.7,43.7
36880bef-a19a-481a-b889-2b3dccd4fed0,2025-05-26,1,40,40,40
36880bef-a19a-481a-b889-2b3dccd4fed0,2025-08-04,1,60,60,60
36880bef-a19a-481a-b889-2b3dccd4fed0,2025-10-20,1,43.2,43.2,43.2
36880bef-a19a-481a-b889-2b3dccd4fed0,2026-01-05,1,125,125,125
36880bef-a19a-481a-b889-2b3dccd4fed0,2026-04-06,1,165.65,165.65,165.65
36880bef-a19a-481a-b889-2b3dccd4fed0,2026-07-27,1,145,145,145
36894165-f00f-4703-bfb1-009e303d90e4,2025-06-02,1,28,28,28
36894165-f00f-4703-bfb1-009e303d90e4,2025-06-09,1,32.5,32.5,32.5
36894165-f00f-4703-bfb1-009e303d90e4,2025-07-07,1,35,35,35
36894165-f00f-4703-bfb1-009e303d90e4,2025-07-14,1,31,31,31
36894165-f00f-4703-bfb1-009e303d90e4,2025-07-28,3,30,20.5,35
36894165-f00f-4703-bfb1-009e303d90e4,2025-08-04,1,20.5,20.5,20.5
36894165-f00f-4703-bfb1-009e303d90e4,2025-08-11,2,26,24,28
36894165-f00f-4703-bfb1-009e303d90e4,2025-08-18,1,31,31,31
36894165-f00f-4703-bfb1-009e303d90e4,2025-08-25,6,28.5,19.5,37.14
36894165-f00f-4703-bfb1-009e303d90e4,2025-09-01,1,31,31,31
36894165-f00f-4703-bfb1-009e303d90e4,2025-09-08,4,19,18,29.99
36894165-f00f-4703-bfb1-009e303d90e4,2025-09-15,2,25.24,20.5,29.99
36894165-f00f-4703-bfb1-009e303d90e4,2025-09-29,3,26.75,23.5,32.69
36894165-f00f-4703-bfb1-009e303d90e4,2025-10-06,1,25.2,25.2,25.2
36894165-f00f-4703-bfb1-009e303d90e4,2025-10-13,3,29.99,21.6,37.99
36894165-f00f-4703-bfb1-009e303d90e4,2025-10-27,2,35.48,29.99,40.96
36894165-f00f-4703-bfb1-009e303d90e4,2025-11-03,1,37.07,37.07,37.07
36894165-f00f-4703-bfb1-009e303d90e4,2025-11-10,2,37.7,26,49.39
36894165-f00f-4703-bfb1-009e303d90e4,2025-11-17,1,38.99,38.99,38.99
36894165-f00f-4703-bfb1-009e303d90e4,2025-11-24,1,40.43,40.43,40.43
36894165-f00f-4703-bfb1-009e303d90e4,2025-12-08,2,27.99,27,28.99
36894165-f00f-4703-bfb1-009e303d90e4,2025-12-15,2,21.51,21.5,21.51
36894165-f00f-4703-bfb1-009e303d90e4,2025-12-29,2,28.25,21.5,35
36894165-f00f-4703-bfb1-009e303d90e4,2026-01-12,2,34.25,18.5,50
36894165-f00f-4703-bfb1-009e303d90e4,2026-01-19,1,23.5,23.5,23.5
36894165-f00f-4703-bfb1-009e303d90e4,2026-01-26,2,33.19,18.5,47.87
36894165-f00f-4703-bfb1-009e303d90e4,2026-02-02,3,25,23,38.62
36894165-f00f-4703-bfb1-009e303d90e4,2026-02-09,5,27.99,23.5,33
36894165-f00f-4703-bfb1-009e303d90e4,2026-02-16,1,32,32,32
36894165-f00f-4703-bfb1-009e303d90e4,2026-02-23,2,28.27,26.56,29.99
36894165-f00f-4703-bfb1-009e303d90e4,2026-03-02,2,29.75,24.5,35
36894165-f00f-4703-bfb1-009e303d90e4,2026-03-23,3,28,18.5,36
36894165-f00f-4703-bfb1-009e303d90e4,2026-03-30,2,34.5,30,38.99
36894165-f00f-4703-bfb1-009e303d90e4,2026-04-06,5,25,24,37.01
36894165-f00f-4703-bfb1-009e303d90e4,2026-04-13,3,21.5,21,35
36894165-f00f-4703-bfb1-009e303d90e4,2026-04-20,2,33,28,38
36894165-f00f-4703-bfb1-009e303d90e4,2026-04-27,4,28.73,25,37.99
36894165-f00f-4703-bfb1-009e303d90e4,2026-05-04,2,33.75,27.5,39.99
36894165-f00f-4703-bfb1-009e303d90e4,2026-05-11,1,40,40,40
36894165-f00f-4703-bfb1-009e303d90e4,2026-05-25,2,37.62,34.96,40.28
36894165-f00f-4703-bfb1-009e303d90e4,2026-06-01,1,32.97,32.97,32.97
36894165-f00f-4703-bfb1-009e303d90e4,2026-06-08,1,38.49,38.49,38.49
36894165-f00f-4703-bfb1-009e303d90e4,2026-06-15,3,42.5,26,46.99
36894165-f00f-4703-bfb1-009e303d90e4,2026-06-22,4,18.75,15.5,36
36894165-f00f-4703-bfb1-009e303d90e4,2026-06-29,4,17.75,15.5,38
36894165-f00f-4703-bfb1-009e303d90e4,2026-07-06,2,25.75,12.5,39
36894165-f00f-4703-bfb1-009e303d90e4,2026-07-27,1,14.51,14.51,14.51
36894165-f00f-4703-bfb1-009e303d90e4,2026-08-03,3,40,28,65
36894165-f00f-4703-bfb1-009e303d90e4,2026-08-10,3,35.99,27.28,40
36894165-f00f-4703-bfb1-009e303d90e4,2026-08-24,1,30.71,30.71,30.71
36894165-f00f-4703-bfb1-009e303d90e4,2026-08-31,1,29.49,29.49,29.49
36894165-f00f-4703-bfb1-009e303d90e4,2026-09-07,1,58.17,58.17,58.17
368a28df-785b-4f0b-ae24-682135bdb031,2022-07-18,1,200,200,200
368a28df-785b-4f0b-ae24-682135bdb031,2024-09-23,1,200,200,200
368b43e2-8e57-43eb-862b-93addd6c837b,2026-02-02,1,61,61,61
368b43e2-8e57-43eb-862b-93addd6c837b,2026-02-16,3,78.95,69,83
368b43e2-8e57-43eb-862b-93addd6c837b,2026-03-02,1,79.99,79.99,79.99
368b43e2-8e57-43eb-862b-93addd6c837b,2026-03-09,2,115,80,149.99
368b43e2-8e57-43eb-862b-93addd6c837b,2026-03-23,1,90,90,90
368b43e2-8e57-43eb-862b-93addd6c837b,2026-03-30,1,138.99,138.99,138.99
368b43e2-8e57-43eb-862b-93addd6c837b,2026-04-13,2,117.5,110,125
368b43e2-8e57-43eb-862b-93addd6c837b,2026-04-20,4,96,78.89,169.99
368b43e2-8e57-43eb-862b-93addd6c837b,2026-05-04,3,102.5,82,134
368b43e2-8e57-43eb-862b-93addd6c837b,2026-05-11,1,112.5,112.5,112.5
368b43e2-8e57-43eb-862b-93addd6c837b,2026-05-18,1,140,140,140
368b43e2-8e57-43eb-862b-93addd6c837b,2026-05-25,1,115.2,115.2,115.2
368b43e2-8e57-43eb-862b-93addd6c837b,2026-06-01,2,150,119.99,180
368b43e2-8e57-43eb-862b-93addd6c837b,2026-06-08,1,125,125,125
368b43e2-8e57-43eb-862b-93addd6c837b,2026-06-15,2,190,180,200
368b43e2-8e57-43eb-862b-93addd6c837b,2026-07-06,1,178.5,178.5,178.5
368b43e2-8e57-43eb-862b-93addd6c837b,2026-08-03,2,158.75,147.5,170
368b43e2-8e57-43eb-862b-93addd6c837b,2026-08-17,1,123.5,123.5,123.5
368b43e2-8e57-43eb-862b-93addd6c837b,2026-08-31,1,145,145,145
368b43e2-8e57-43eb-862b-93addd6c837b,2026-09-07,2,148.75,127.5,170
368d19ab-f751-4e21-b671-6fd6a631849a,2025-01-20,1,26,26,26
368ef933-bc7a-4195-aeee-15a1d6feccc2,2022-03-21,1,34,34,34
368ef933-bc7a-4195-aeee-15a1d6feccc2,2022-07-04,1,30,30,30
368ef933-bc7a-4195-aeee-15a1d6feccc2,2022-07-18,1,49.99,49.99,49.99
368ef933-bc7a-4195-aeee-15a1d6feccc2,2022-09-05,1,27,27,27
368ef933-bc7a-4195-aeee-15a1d6feccc2,2022-09-12,1,27,27,27
368ef933-bc7a-4195-aeee-15a1d6feccc2,2022-09-19,2,30.52,16.05,45
368ef933-bc7a-4195-aeee-15a1d6feccc2,2022-10-10,1,17.5,17.5,17.5
368ef933-bc7a-4195-aeee-15a1d6feccc2,2022-12-05,1,27,27,27
368ef933-bc7a-4195-aeee-15a1d6feccc2,2023-01-02,2,24.65,20.5,28.8
368ef933-bc7a-4195-aeee-15a1d6feccc2,2023-03-27,1,24.99,24.99,24.99
368ef933-bc7a-4195-aeee-15a1d6feccc2,2023-08-14,1,17.5,17.5,17.5
368ef933-bc7a-4195-aeee-15a1d6feccc2,2023-08-28,1,18,18,18
368ef933-bc7a-4195-aeee-15a1d6feccc2,2023-09-04,1,13.52,13.52,13.52
368ef933-bc7a-4195-aeee-15a1d6feccc2,2023-11-13,1,21.6,21.6,21.6
368ef933-bc7a-4195-aeee-15a1d6feccc2,2023-11-20,1,16.8,16.8,16.8
368ef933-bc7a-4195-aeee-15a1d6feccc2,2024-01-29,1,20,20,20
368ef933-bc7a-4195-aeee-15a1d6feccc2,2024-02-12,2,21.75,14.5,29
368ef933-bc7a-4195-aeee-15a1d6feccc2,2024-12-09,1,23.99,23.99,23.99
368ef933-bc7a-4195-aeee-15a1d6feccc2,2025-01-20,2,24.99,20,29.99
368ef933-bc7a-4195-aeee-15a1d6feccc2,2025-06-16,1,27,27,27
368ef933-bc7a-4195-aeee-15a1d6feccc2,2025-08-18,1,13,13,13
368ef933-bc7a-4195-aeee-15a1d6feccc2,2026-06-01,1,39,39,39
368ef933-bc7a-4195-aeee-15a1d6feccc2,2026-07-20,1,39.95,39.95,39.95
36964407-fbf0-4343-a315-d3ff8368d802,2022-06-13,1,58.55,58.55,58.55
36964407-fbf0-4343-a315-d3ff8368d802,2022-11-28,1,30.11,30.11,30.11
36964407-fbf0-4343-a315-d3ff8368d802,2024-08-26,1,79.95,79.95,79.95
36964407-fbf0-4343-a315-d3ff8368d802,2024-10-28,1,139.99,139.99,139.99
36968459-ec9f-49b9-8916-e38c257f5c5f,2023-02-13,1,24.67,24.67,24.67
36968459-ec9f-49b9-8916-e38c257f5c5f,2023-05-08,1,22.5,22.5,22.5
36968459-ec9f-49b9-8916-e38c257f5c5f,2025-03-31,1,16,16,16
36968459-ec9f-49b9-8916-e38c257f5c5f,2025-05-26,1,69.99,69.99,69.99
36968459-ec9f-49b9-8916-e38c257f5c5f,2025-08-11,1,59,59,59
36968459-ec9f-49b9-8916-e38c257f5c5f,2025-10-06,1,59,59,59
36977932-2c55-4883-9b25-027fc8a35d01,2023-07-31,1,30,30,30
36977932-2c55-4883-9b25-027fc8a35d01,2025-02-17,1,12.5,12.5,12.5
36977932-2c55-4883-9b25-027fc8a35d01,2025-09-22,1,29.99,29.99,29.99
36977932-2c55-4883-9b25-027fc8a35d01,2025-10-13,1,29,29,29
36977932-2c55-4883-9b25-027fc8a35d01,2026-03-30,1,39.99,39.99,39.99
36977932-2c55-4883-9b25-027fc8a35d01,2026-04-27,3,36.99,36.99,36.99
36981844-6e83-4971-8af3-5ac56946b70f,2021-05-03,1,52,52,52
36981844-6e83-4971-8af3-5ac56946b70f,2021-11-22,1,107.87,107.87,107.87
36981844-6e83-4971-8af3-5ac56946b70f,2021-12-06,1,70,70,70
36981844-6e83-4971-8af3-5ac56946b70f,2021-12-20,1,79.58,79.58,79.58
36981844-6e83-4971-8af3-5ac56946b70f,2022-01-10,1,135.97,135.97,135.97
36981844-6e83-4971-8af3-5ac56946b70f,2022-01-17,1,128.77,128.77,128.77
36981844-6e83-4971-8af3-5ac56946b70f,2022-01-24,1,52.72,52.72,52.72
36981844-6e83-4971-8af3-5ac56946b70f,2022-03-07,1,48,48,48
36981844-6e83-4971-8af3-5ac56946b70f,2022-05-09,2,92.41,74.99,109.84
36981844-6e83-4971-8af3-5ac56946b70f,2022-09-05,1,44,44,44
36981844-6e83-4971-8af3-5ac56946b70f,2022-09-12,1,57,57,57
36981844-6e83-4971-8af3-5ac56946b70f,2022-10-03,1,50.01,50.01,50.01
36981844-6e83-4971-8af3-5ac56946b70f,2022-10-17,2,38,29,47
36981844-6e83-4971-8af3-5ac56946b70f,2022-11-21,1,42,42,42
36981844-6e83-4971-8af3-5ac56946b70f,2022-12-05,1,44.95,44.95,44.95
36981844-6e83-4971-8af3-5ac56946b70f,2022-12-12,1,86.82,86.82,86.82
36981844-6e83-4971-8af3-5ac56946b70f,2023-01-09,3,55.2,38,62.4
36981844-6e83-4971-8af3-5ac56946b70f,2023-01-16,2,43.94,38.4,49.47
36981844-6e83-4971-8af3-5ac56946b70f,2023-01-23,1,43.2,43.2,43.2
36981844-6e83-4971-8af3-5ac56946b70f,2023-01-30,2,42.12,37,47.24
36981844-6e83-4971-8af3-5ac56946b70f,2023-02-06,3,42,33.6,55.32
36981844-6e83-4971-8af3-5ac56946b70f,2023-04-24,1,43,43,43
36981844-6e83-4971-8af3-5ac56946b70f,2023-05-08,1,45.44,45.44,45.44
36981844-6e83-4971-8af3-5ac56946b70f,2023-05-15,1,41,41,41
36981844-6e83-4971-8af3-5ac56946b70f,2023-05-29,3,57,31,70
36981844-6e83-4971-8af3-5ac56946b70f,2023-06-05,2,63,51,75
36981844-6e83-4971-8af3-5ac56946b70f,2023-06-12,1,42,42,42
36981844-6e83-4971-8af3-5ac56946b70f,2023-06-19,2,72.12,71.24,73
36981844-6e83-4971-8af3-5ac56946b70f,2023-06-26,1,49.88,49.88,49.88
36981844-6e83-4971-8af3-5ac56946b70f,2023-07-10,1,95,95,95
36981844-6e83-4971-8af3-5ac56946b70f,2023-07-17,2,65.5,61,70
36981844-6e83-4971-8af3-5ac56946b70f,2023-07-24,1,65,65,65
36981844-6e83-4971-8af3-5ac56946b70f,2023-08-28,1,46.88,46.88,46.88
36981844-6e83-4971-8af3-5ac56946b70f,2023-09-04,2,48.5,46,51
36981844-6e83-4971-8af3-5ac56946b70f,2023-09-11,3,44.5,39,60
36981844-6e83-4971-8af3-5ac56946b70f,2023-09-18,2,46,42,50
36981844-6e83-4971-8af3-5ac56946b70f,2023-09-25,1,60.5,60.5,60.5
36981844-6e83-4971-8af3-5ac56946b70f,2023-10-30,1,94.1,94.1,94.1
36981844-6e83-4971-8af3-5ac56946b70f,2023-11-20,1,46.67,46.67,46.67
36981844-6e83-4971-8af3-5ac56946b70f,2023-12-04,2,45.34,36,54.67
36981844-6e83-4971-8af3-5ac56946b70f,2024-01-08,2,41.5,35,48
36981844-6e83-4971-8af3-5ac56946b70f,2024-01-29,1,76.33,76.33,76.33
36981844-6e83-4971-8af3-5ac56946b70f,2024-02-05,1,35,35,35
36981844-6e83-4971-8af3-5ac56946b70f,2024-02-12,1,69.99,69.99,69.99
36981844-6e83-4971-8af3-5ac56946b70f,2024-03-25,2,52.75,50.5,55
36981844-6e83-4971-8af3-5ac56946b70f,2024-04-15,1,48.65,48.65,48.65
36981844-6e83-4971-8af3-5ac56946b70f,2024-05-13,2,55.34,54.69,56
36981844-6e83-4971-8af3-5ac56946b70f,2024-07-01,2,54.5,51,58
36981844-6e83-4971-8af3-5ac56946b70f,2024-07-15,1,34.33,34.33,34.33
36981844-6e83-4971-8af3-5ac56946b70f,2024-07-22,1,75.99,75.99,75.99
36981844-6e83-4971-8af3-5ac56946b70f,2024-07-29,1,108.13,108.13,108.13
36981844-6e83-4971-8af3-5ac56946b70f,2024-08-05,1,46.08,46.08,46.08
36981844-6e83-4971-8af3-5ac56946b70f,2024-08-19,1,79.99,79.99,79.99
36981844-6e83-4971-8af3-5ac56946b70f,2024-09-09,1,48.99,48.99,48.99
36981844-6e83-4971-8af3-5ac56946b70f,2024-11-04,1,54.99,54.99,54.99
36981844-6e83-4971-8af3-5ac56946b70f,2024-12-09,1,43,43,43
36981844-6e83-4971-8af3-5ac56946b70f,2025-01-20,4,57.5,46,62
36981844-6e83-4971-8af3-5ac56946b70f,2025-01-27,1,56.95,56.95,56.95
36981844-6e83-4971-8af3-5ac56946b70f,2025-02-17,1,58.14,58.14,58.14
36981844-6e83-4971-8af3-5ac56946b70f,2025-03-03,3,57,46.41,70
36981844-6e83-4971-8af3-5ac56946b70f,2025-03-31,1,45,45,45
36981844-6e83-4971-8af3-5ac56946b70f,2025-04-07,1,57,57,57
36981844-6e83-4971-8af3-5ac56946b70f,2025-04-28,1,91.31,91.31,91.31
36981844-6e83-4971-8af3-5ac56946b70f,2025-05-12,2,62.08,51,73.16
36981844-6e83-4971-8af3-5ac56946b70f,2025-06-16,1,100,100,100
36981844-6e83-4971-8af3-5ac56946b70f,2025-06-23,1,85,85,85
36981844-6e83-4971-8af3-5ac56946b70f,2025-07-21,1,99.95,99.95,99.95
36981844-6e83-4971-8af3-5ac56946b70f,2025-08-04,1,105,105,105
36981844-6e83-4971-8af3-5ac56946b70f,2025-08-11,1,80.59,80.59,80.59
36981844-6e83-4971-8af3-5ac56946b70f,2025-08-25,2,110.75,96,125.5
36981844-6e83-4971-8af3-5ac56946b70f,2025-09-01,1,105,105,105
36981844-6e83-4971-8af3-5ac56946b70f,2025-10-06,1,105.87,105.87,105.87
36981844-6e83-4971-8af3-5ac56946b70f,2025-12-01,3,87.6,63,94
36981844-6e83-4971-8af3-5ac56946b70f,2025-12-08,1,133.15,133.15,133.15
36981844-6e83-4971-8af3-5ac56946b70f,2025-12-29,2,87.5,80,95
36981844-6e83-4971-8af3-5ac56946b70f,2026-01-12,2,114.3,93.65,134.95
36981844-6e83-4971-8af3-5ac56946b70f,2026-02-09,1,125,125,125
36981844-6e83-4971-8af3-5ac56946b70f,2026-03-09,1,89.99,89.99,89.99
36981844-6e83-4971-8af3-5ac56946b70f,2026-03-23,1,110,110,110
36981844-6e83-4971-8af3-5ac56946b70f,2026-03-30,1,125,125,125
36981844-6e83-4971-8af3-5ac56946b70f,2026-04-06,1,129.99,129.99,129.99
36981844-6e83-4971-8af3-5ac56946b70f,2026-04-20,1,151.5,151.5,151.5
36981844-6e83-4971-8af3-5ac56946b70f,2026-05-04,2,179.07,156,202.15
36981844-6e83-4971-8af3-5ac56946b70f,2026-05-11,1,134.78,134.78,134.78
36981844-6e83-4971-8af3-5ac56946b70f,2026-05-18,1,180,180,180
36981844-6e83-4971-8af3-5ac56946b70f,2026-05-25,2,171.25,160.5,182
36981844-6e83-4971-8af3-5ac56946b70f,2026-06-01,2,144,144,144
36981844-6e83-4971-8af3-5ac56946b70f,2026-06-08,1,160.5,160.5,160.5
36981844-6e83-4971-8af3-5ac56946b70f,2026-06-15,2,200.07,168,232.15
36981844-6e83-4971-8af3-5ac56946b70f,2026-06-22,1,156,156,156
36981844-6e83-4971-8af3-5ac56946b70f,2026-06-29,2,206.82,162.5,251.15
36981844-6e83-4971-8af3-5ac56946b70f,2026-07-06,3,117.6,117.6,166
36981844-6e83-4971-8af3-5ac56946b70f,2026-07-13,1,147.5,147.5,147.5
36981844-6e83-4971-8af3-5ac56946b70f,2026-07-20,2,138.5,117,160
36981844-6e83-4971-8af3-5ac56946b70f,2026-07-27,1,185,185,185
36981844-6e83-4971-8af3-5ac56946b70f,2026-08-03,3,134.08,108,175.37
36981844-6e83-4971-8af3-5ac56946b70f,2026-08-10,1,250,250,250
36981844-6e83-4971-8af3-5ac56946b70f,2026-08-31,1,144.72,144.72,144.72
369820bc-c364-4f46-a522-27908d0f7833,2023-08-07,1,158.56,158.56,158.56
369820bc-c364-4f46-a522-27908d0f7833,2024-09-02,1,255,255,255
369820bc-c364-4f46-a522-27908d0f7833,2025-04-14,1,200,200,200
369820bc-c364-4f46-a522-27908d0f7833,2026-03-02,1,349.99,349.99,349.99
3699e0c2-c984-463e-a400-5e63cf5d9d6b,2022-07-25,1,135,135,135
3699e0c2-c984-463e-a400-5e63cf5d9d6b,2023-11-06,1,100,100,100
3699e0c2-c984-463e-a400-5e63cf5d9d6b,2023-12-11,1,136.3,136.3,136.3
3699e0c2-c984-463e-a400-5e63cf5d9d6b,2025-05-19,1,160,160,160
3699e0c2-c984-463e-a400-5e63cf5d9d6b,2025-09-15,1,195,195,195
3699e0c2-c984-463e-a400-5e63cf5d9d6b,2026-03-30,1,540,540,540
3699e0c2-c984-463e-a400-5e63cf5d9d6b,2026-04-20,1,540,540,540
3699e0c2-c984-463e-a400-5e63cf5d9d6b,2026-06-08,1,999,999,999
3699e0c2-c984-463e-a400-5e63cf5d9d6b,2026-06-22,1,1233.44,1233.44,1233.44
369c2c51-8614-4983-8f1c-b760f45b0e9f,2024-06-24,1,80.23,80.23,80.23
369c2c51-8614-4983-8f1c-b760f45b0e9f,2024-07-08,1,81.59,81.59,81.59
369c2c51-8614-4983-8f1c-b760f45b0e9f,2024-10-14,1,84.62,84.62,84.62
36a25763-4acb-45a4-b003-f3e8e2f4cc57,2024-12-09,1,32,32,32
36a25763-4acb-45a4-b003-f3e8e2f4cc57,2024-12-30,1,40.5,40.5,40.5
36a25763-4acb-45a4-b003-f3e8e2f4cc57,2025-02-03,1,19.99,19.99,19.99
36a25763-4acb-45a4-b003-f3e8e2f4cc57,2025-10-20,1,39.61,39.61,39.61
36a25763-4acb-45a4-b003-f3e8e2f4cc57,2026-01-05,1,28,28,28
36a35575-3754-4af7-9a6d-31e95cd8f141,2022-07-25,1,50,50,50
36a35575-3754-4af7-9a6d-31e95cd8f141,2022-10-03,1,50,50,50
36a35575-3754-4af7-9a6d-31e95cd8f141,2022-10-10,1,77,77,77
36a35575-3754-4af7-9a6d-31e95cd8f141,2022-11-14,1,105,105,105
36a35575-3754-4af7-9a6d-31e95cd8f141,2022-11-21,1,69.99,69.99,69.99
36a35575-3754-4af7-9a6d-31e95cd8f141,2022-12-05,1,26,26,26
36a35575-3754-4af7-9a6d-31e95cd8f141,2022-12-12,1,41.99,41.99,41.99
36a35575-3754-4af7-9a6d-31e95cd8f141,2023-01-02,1,50,50,50
36a35575-3754-4af7-9a6d-31e95cd8f141,2023-01-09,2,45,40,50
36a35575-3754-4af7-9a6d-31e95cd8f141,2023-01-23,1,67.5,67.5,67.5
36a35575-3754-4af7-9a6d-31e95cd8f141,2023-01-30,1,54.95,54.95,54.95
36a35575-3754-4af7-9a6d-31e95cd8f141,2023-02-20,1,60,60,60
36a35575-3754-4af7-9a6d-31e95cd8f141,2023-04-10,2,26.75,20.5,33
36a35575-3754-4af7-9a6d-31e95cd8f141,2023-04-17,1,50,50,50
36a35575-3754-4af7-9a6d-31e95cd8f141,2023-05-08,1,16.49,16.49,16.49
36a35575-3754-4af7-9a6d-31e95cd8f141,2023-06-05,1,43.99,43.99,43.99
36a35575-3754-4af7-9a6d-31e95cd8f141,2023-06-12,1,50,50,50
36a35575-3754-4af7-9a6d-31e95cd8f141,2023-06-19,2,32,27,37.01
36a35575-3754-4af7-9a6d-31e95cd8f141,2023-07-03,2,64.5,64,64.99
36a35575-3754-4af7-9a6d-31e95cd8f141,2023-07-24,1,50,50,50
36a35575-3754-4af7-9a6d-31e95cd8f141,2023-07-31,2,44.5,39,50
36a35575-3754-4af7-9a6d-31e95cd8f141,2023-08-21,1,59.99,59.99,59.99
36a35575-3754-4af7-9a6d-31e95cd8f141,2023-09-04,2,39,37.2,40.8
36a35575-3754-4af7-9a6d-31e95cd8f141,2023-10-30,2,30.76,20.52,41
36a35575-3754-4af7-9a6d-31e95cd8f141,2023-11-20,1,50,50,50
36a35575-3754-4af7-9a6d-31e95cd8f141,2023-12-04,1,40.49,40.49,40.49
36a35575-3754-4af7-9a6d-31e95cd8f141,2023-12-18,1,25.31,25.31,25.31
36a35575-3754-4af7-9a6d-31e95cd8f141,2023-12-25,1,25,25,25
36a35575-3754-4af7-9a6d-31e95cd8f141,2024-01-01,1,39.99,39.99,39.99
36a35575-3754-4af7-9a6d-31e95cd8f141,2024-01-22,1,22,22,22
36a35575-3754-4af7-9a6d-31e95cd8f141,2024-02-12,1,26,26,26
36a35575-3754-4af7-9a6d-31e95cd8f141,2024-03-11,1,28,28,28
36a35575-3754-4af7-9a6d-31e95cd8f141,2024-03-25,1,32,32,32
36a35575-3754-4af7-9a6d-31e95cd8f141,2024-04-08,1,39.99,39.99,39.99
36a35575-3754-4af7-9a6d-31e95cd8f141,2024-04-15,1,24.5,24.5,24.5
36a35575-3754-4af7-9a6d-31e95cd8f141,2024-04-22,1,37,37,37
36a35575-3754-4af7-9a6d-31e95cd8f141,2024-04-29,1,38.8,38.8,38.8
36a35575-3754-4af7-9a6d-31e95cd8f141,2024-05-20,3,35,35,40
36a35575-3754-4af7-9a6d-31e95cd8f141,2024-05-27,1,29,29,29
36a35575-3754-4af7-9a6d-31e95cd8f141,2024-08-12,1,16.5,16.5,16.5
36a35575-3754-4af7-9a6d-31e95cd8f141,2024-08-26,1,38,38,38
36a35575-3754-4af7-9a6d-31e95cd8f141,2024-10-21,2,46.24,37.49,54.99
36a35575-3754-4af7-9a6d-31e95cd8f141,2025-01-27,2,29.95,25,34.89
36a35575-3754-4af7-9a6d-31e95cd8f141,2025-02-17,1,35.24,35.24,35.24
36a35575-3754-4af7-9a6d-31e95cd8f141,2025-02-24,1,36,36,36
36a35575-3754-4af7-9a6d-31e95cd8f141,2025-03-03,1,34,34,34
36a35575-3754-4af7-9a6d-31e95cd8f141,2025-03-17,1,59,59,59
36a35575-3754-4af7-9a6d-31e95cd8f141,2025-04-21,1,38,38,38
36a35575-3754-4af7-9a6d-31e95cd8f141,2025-06-09,1,51.99,51.99,51.99
36a35575-3754-4af7-9a6d-31e95cd8f141,2025-06-30,1,33,33,33
36a35575-3754-4af7-9a6d-31e95cd8f141,2025-07-21,1,46.13,46.13,46.13
36a35575-3754-4af7-9a6d-31e95cd8f141,2025-08-04,2,38.58,37.15,40
36a35575-3754-4af7-9a6d-31e95cd8f141,2025-09-08,1,48,48,48
36a35575-3754-4af7-9a6d-31e95cd8f141,2025-09-15,1,60,60,60
36a35575-3754-4af7-9a6d-31e95cd8f141,2025-09-22,1,55,55,55
36a35575-3754-4af7-9a6d-31e95cd8f141,2025-10-13,1,59.95,59.95,59.95
36a35575-3754-4af7-9a6d-31e95cd8f141,2025-12-01,1,53.24,53.24,53.24
36a35575-3754-4af7-9a6d-31e95cd8f141,2026-02-02,1,58.85,58.85,58.85
36a35575-3754-4af7-9a6d-31e95cd8f141,2026-02-16,2,57.5,55,59.99
36a35575-3754-4af7-9a6d-31e95cd8f141,2026-03-02,1,79.99,79.99,79.99
36a35575-3754-4af7-9a6d-31e95cd8f141,2026-05-18,1,57.02,57.02,57.02
36a35575-3754-4af7-9a6d-31e95cd8f141,2026-06-15,1,60,60,60
36a35575-3754-4af7-9a6d-31e95cd8f141,2026-07-06,1,47,47,47
36a35575-3754-4af7-9a6d-31e95cd8f141,2026-07-27,1,59.99,59.99,59.99
36a4af53-ac5b-4820-9c7b-c56f8afa41cb,2024-12-16,1,30,30,30
36a4af53-ac5b-4820-9c7b-c56f8afa41cb,2024-12-23,1,29.89,29.89,29.89
36a4af53-ac5b-4820-9c7b-c56f8afa41cb,2024-12-30,1,30,30,30
36a4af53-ac5b-4820-9c7b-c56f8afa41cb,2025-01-13,6,33,29.99,49.99
36a4af53-ac5b-4820-9c7b-c56f8afa41cb,2025-01-20,6,38,32,45
36a4af53-ac5b-4820-9c7b-c56f8afa41cb,2025-01-27,2,46.73,41.7,51.77
36a4af53-ac5b-4820-9c7b-c56f8afa41cb,2025-02-03,1,37,37,37
36a4af53-ac5b-4820-9c7b-c56f8afa41cb,2025-02-10,5,39,29,44.99
36a4af53-ac5b-4820-9c7b-c56f8afa41cb,2025-02-17,14,45.5,37,54.95
36a4af53-ac5b-4820-9c7b-c56f8afa41cb,2025-02-24,2,50,50,50
36a4af53-ac5b-4820-9c7b-c56f8afa41cb,2025-03-03,1,42,42,42
36a4af53-ac5b-4820-9c7b-c56f8afa41cb,2025-03-10,5,49,41,52
36a4af53-ac5b-4820-9c7b-c56f8afa41cb,2025-03-17,3,40,35,55
36a4af53-ac5b-4820-9c7b-c56f8afa41cb,2025-03-24,4,50.5,50,54.99
36a4af53-ac5b-4820-9c7b-c56f8afa41cb,2025-03-31,2,41,34,48
36a4af53-ac5b-4820-9c7b-c56f8afa41cb,2025-04-07,1,47,47,47
36a4af53-ac5b-4820-9c7b-c56f8afa41cb,2025-04-14,4,39,37,47.47
36a4af53-ac5b-4820-9c7b-c56f8afa41cb,2025-04-21,5,40,40,50
36a4af53-ac5b-4820-9c7b-c56f8afa41cb,2025-04-28,2,40.31,36,44.62
36a4af53-ac5b-4820-9c7b-c56f8afa41cb,2025-05-05,2,35.5,35,36
36a4af53-ac5b-4820-9c7b-c56f8afa41cb,2025-05-12,5,38.55,26,42
36a4af53-ac5b-4820-9c7b-c56f8afa41cb,2025-05-19,2,32,32,32
36a4af53-ac5b-4820-9c7b-c56f8afa41cb,2025-05-26,2,39.5,29,50
36a4af53-ac5b-4820-9c7b-c56f8afa41cb,2025-06-02,3,30.95,29.24,34
36a4af53-ac5b-4820-9c7b-c56f8afa41cb,2025-06-09,1,33.01,33.01,33.01
36a4af53-ac5b-4820-9c7b-c56f8afa41cb,2025-06-16,1,36,36,36
36a4af53-ac5b-4820-9c7b-c56f8afa41cb,2025-06-23,1,30,30,30
36a4af53-ac5b-4820-9c7b-c56f8afa41cb,2025-06-30,1,25,25,25
36a4af53-ac5b-4820-9c7b-c56f8afa41cb,2025-07-07,3,35,34.99,36
36a4af53-ac5b-4820-9c7b-c56f8afa41cb,2025-07-14,7,38,29.9,46.9
36a4af53-ac5b-4820-9c7b-c56f8afa41cb,2025-07-21,1,30,30,30
36a4af53-ac5b-4820-9c7b-c56f8afa41cb,2025-07-28,2,28.38,26.75,30
36a4af53-ac5b-4820-9c7b-c56f8afa41cb,2025-08-04,2,36,34,38
36a4af53-ac5b-4820-9c7b-c56f8afa41cb,2025-08-11,1,34,34,34
36a4af53-ac5b-4820-9c7b-c56f8afa41cb,2025-08-18,2,33.76,31,36.52
36a4af53-ac5b-4820-9c7b-c56f8afa41cb,2025-08-25,1,26.91,26.91,26.91
36a4af53-ac5b-4820-9c7b-c56f8afa41cb,2025-09-01,2,36.5,33,40
36a4af53-ac5b-4820-9c7b-c56f8afa41cb,2025-09-08,2,36,35,36.99
36a4af53-ac5b-4820-9c7b-c56f8afa41cb,2025-09-15,2,34.49,32.99,35.99
36a4af53-ac5b-4820-9c7b-c56f8afa41cb,2025-09-22,1,35,35,35
36a4af53-ac5b-4820-9c7b-c56f8afa41cb,2025-09-29,3,42.99,39.99,45
36a4af53-ac5b-4820-9c7b-c56f8afa41cb,2025-10-06,1,50,50,50
36a4af53-ac5b-4820-9c7b-c56f8afa41cb,2025-10-13,3,50,48,50
36a4af53-ac5b-4820-9c7b-c56f8afa41cb,2025-10-20,1,57,57,57
36a4af53-ac5b-4820-9c7b-c56f8afa41cb,2025-11-03,2,38.75,31.5,46
36a4af53-ac5b-4820-9c7b-c56f8afa41cb,2025-11-10,2,49.99,49.99,49.99
36a4af53-ac5b-4820-9c7b-c56f8afa41cb,2025-11-17,2,37.89,32.1,43.69
36a4af53-ac5b-4820-9c7b-c56f8afa41cb,2025-11-24,1,45,45,45
36a4af53-ac5b-4820-9c7b-c56f8afa41cb,2025-12-01,2,28.25,18.5,38
36a4af53-ac5b-4820-9c7b-c56f8afa41cb,2025-12-08,2,39.54,28.55,50.52
36a4af53-ac5b-4820-9c7b-c56f8afa41cb,2025-12-15,2,36.09,22.19,49.99
36a4af53-ac5b-4820-9c7b-c56f8afa41cb,2025-12-29,2,31.62,30,33.24
36a4af53-ac5b-4820-9c7b-c56f8afa41cb,2026-01-05,1,38.4,38.4,38.4
36a4af53-ac5b-4820-9c7b-c56f8afa41cb,2026-01-12,2,35.49,34.99,35.99
36a4af53-ac5b-4820-9c7b-c56f8afa41cb,2026-01-19,2,63,26,100
36a4af53-ac5b-4820-9c7b-c56f8afa41cb,2026-01-26,1,34.99,34.99,34.99
36a4af53-ac5b-4820-9c7b-c56f8afa41cb,2026-02-02,4,30.44,28,36
36a4af53-ac5b-4820-9c7b-c56f8afa41cb,2026-02-09,1,54.57,54.57,54.57
36a4af53-ac5b-4820-9c7b-c56f8afa41cb,2026-02-16,1,35,35,35
36a4af53-ac5b-4820-9c7b-c56f8afa41cb,2026-03-02,2,40.6,37.2,44
36a4af53-ac5b-4820-9c7b-c56f8afa41cb,2026-03-09,2,38.5,35,42
36a4af53-ac5b-4820-9c7b-c56f8afa41cb,2026-03-30,3,34,31,45
36a4af53-ac5b-4820-9c7b-c56f8afa41cb,2026-04-06,1,40,40,40
36a4af53-ac5b-4820-9c7b-c56f8afa41cb,2026-04-13,5,40,36,44.99
36a4af53-ac5b-4820-9c7b-c56f8afa41cb,2026-04-20,3,39.9,28.75,41
36a4af53-ac5b-4820-9c7b-c56f8afa41cb,2026-04-27,1,53.99,53.99,53.99
36a4af53-ac5b-4820-9c7b-c56f8afa41cb,2026-05-04,3,64,64,64
36a4af53-ac5b-4820-9c7b-c56f8afa41cb,2026-05-11,2,49,48,50
36a4af53-ac5b-4820-9c7b-c56f8afa41cb,2026-05-18,1,49.99,49.99,49.99
36a4af53-ac5b-4820-9c7b-c56f8afa41cb,2026-05-25,4,57.7,45,70
36a4af53-ac5b-4820-9c7b-c56f8afa41cb,2026-06-08,2,49,39.99,58
36a4af53-ac5b-4820-9c7b-c56f8afa41cb,2026-06-15,2,55.39,51,59.77
36a4af53-ac5b-4820-9c7b-c56f8afa41cb,2026-06-22,4,48.2,39,64.99
36a4af53-ac5b-4820-9c7b-c56f8afa41cb,2026-06-29,1,61,61,61
36a4af53-ac5b-4820-9c7b-c56f8afa41cb,2026-07-06,1,55,55,55
36a4af53-ac5b-4820-9c7b-c56f8afa41cb,2026-07-20,3,40.8,39.07,59.99
36a4af53-ac5b-4820-9c7b-c56f8afa41cb,2026-07-27,2,49,41,57
36a4af53-ac5b-4820-9c7b-c56f8afa41cb,2026-08-03,1,59.98,59.98,59.98
36a4af53-ac5b-4820-9c7b-c56f8afa41cb,2026-08-10,3,59.99,56,59.99
36a4af53-ac5b-4820-9c7b-c56f8afa41cb,2026-08-31,2,57.5,55,59.99
36a5b670-f518-4f1f-ae2b-940c79d6a8dc,2021-09-27,1,30,30,30
36a73d6f-f034-4aea-8d30-cad8dc042b70,2021-04-26,1,37,37,37
36a73d6f-f034-4aea-8d30-cad8dc042b70,2021-05-17,1,39.99,39.99,39.99
36a73d6f-f034-4aea-8d30-cad8dc042b70,2021-05-31,1,39.99,39.99,39.99
36a73d6f-f034-4aea-8d30-cad8dc042b70,2021-06-07,1,39.99,39.99,39.99
36a73d6f-f034-4aea-8d30-cad8dc042b70,2021-07-19,1,42.99,42.99,42.99
36a73d6f-f034-4aea-8d30-cad8dc042b70,2021-07-26,1,36,36,36
36a73d6f-f034-4aea-8d30-cad8dc042b70,2021-09-27,1,33,33,33
36a73d6f-f034-4aea-8d30-cad8dc042b70,2021-11-29,1,40,40,40
36a73d6f-f034-4aea-8d30-cad8dc042b70,2021-12-27,1,45,45,45
36a73d6f-f034-4aea-8d30-cad8dc042b70,2022-02-07,1,25,25,25
36a73d6f-f034-4aea-8d30-cad8dc042b70,2022-02-28,1,23.5,23.5,23.5
36a73d6f-f034-4aea-8d30-cad8dc042b70,2022-03-07,1,29.99,29.99,29.99
36a73d6f-f034-4aea-8d30-cad8dc042b70,2022-03-21,1,30,30,30
36a73d6f-f034-4aea-8d30-cad8dc042b70,2022-03-28,1,27,27,27
36a73d6f-f034-4aea-8d30-cad8dc042b70,2022-04-18,1,36,36,36
36a73d6f-f034-4aea-8d30-cad8dc042b70,2022-06-13,1,20.5,20.5,20.5
36a73d6f-f034-4aea-8d30-cad8dc042b70,2022-07-04,1,29.99,29.99,29.99
36a73d6f-f034-4aea-8d30-cad8dc042b70,2022-08-22,1,44.99,44.99,44.99
36a73d6f-f034-4aea-8d30-cad8dc042b70,2022-09-12,1,45,45,45
36a73d6f-f034-4aea-8d30-cad8dc042b70,2022-10-03,2,44.03,39.07,49
36a73d6f-f034-4aea-8d30-cad8dc042b70,2022-10-17,2,36.53,34,39.07
36a73d6f-f034-4aea-8d30-cad8dc042b70,2022-11-07,1,35.95,35.95,35.95
36a73d6f-f034-4aea-8d30-cad8dc042b70,2022-12-05,1,20.5,20.5,20.5
36a73d6f-f034-4aea-8d30-cad8dc042b70,2022-12-26,1,27,27,27
36a73d6f-f034-4aea-8d30-cad8dc042b70,2023-01-09,1,43.02,43.02,43.02
36a73d6f-f034-4aea-8d30-cad8dc042b70,2023-01-16,1,40.37,40.37,40.37
36a73d6f-f034-4aea-8d30-cad8dc042b70,2023-02-06,1,42.03,42.03,42.03
36a73d6f-f034-4aea-8d30-cad8dc042b70,2023-03-06,1,20.4,20.4,20.4
36a73d6f-f034-4aea-8d30-cad8dc042b70,2023-05-01,2,28.25,21.5,35
36a73d6f-f034-4aea-8d30-cad8dc042b70,2023-06-05,1,42.62,42.62,42.62
36a73d6f-f034-4aea-8d30-cad8dc042b70,2023-07-24,1,53.99,53.99,53.99
36a73d6f-f034-4aea-8d30-cad8dc042b70,2023-08-21,1,17.5,17.5,17.5
36a73d6f-f034-4aea-8d30-cad8dc042b70,2023-10-16,1,54.88,54.88,54.88
36a73d6f-f034-4aea-8d30-cad8dc042b70,2023-12-11,2,26.02,22.05,30
36a73d6f-f034-4aea-8d30-cad8dc042b70,2024-03-25,1,84.95,84.95,84.95
36a73d6f-f034-4aea-8d30-cad8dc042b70,2024-04-08,1,30,30,30
36a73d6f-f034-4aea-8d30-cad8dc042b70,2024-05-13,1,20.5,20.5,20.5
36a73d6f-f034-4aea-8d30-cad8dc042b70,2024-07-01,2,25.94,25,26.87
36a73d6f-f034-4aea-8d30-cad8dc042b70,2024-08-05,1,30,30,30
36a73d6f-f034-4aea-8d30-cad8dc042b70,2024-11-11,1,35,35,35
36a73d6f-f034-4aea-8d30-cad8dc042b70,2024-12-30,1,49.2,49.2,49.2
36a73d6f-f034-4aea-8d30-cad8dc042b70,2025-03-24,1,44,44,44
36a73d6f-f034-4aea-8d30-cad8dc042b70,2025-04-14,1,35,35,35
36a73d6f-f034-4aea-8d30-cad8dc042b70,2025-05-12,1,57.35,57.35,57.35
36a73d6f-f034-4aea-8d30-cad8dc042b70,2025-06-09,1,35,35,35
36a73d6f-f034-4aea-8d30-cad8dc042b70,2025-06-23,1,99.95,99.95,99.95
36a73d6f-f034-4aea-8d30-cad8dc042b70,2025-07-14,1,39.55,39.55,39.55
36a73d6f-f034-4aea-8d30-cad8dc042b70,2025-07-21,1,59.95,59.95,59.95
36a73d6f-f034-4aea-8d30-cad8dc042b70,2025-11-10,1,75,75,75
36a73d6f-f034-4aea-8d30-cad8dc042b70,2026-04-20,1,55,55,55
36a73d6f-f034-4aea-8d30-cad8dc042b70,2026-04-27,1,80,80,80
36a73d6f-f034-4aea-8d30-cad8dc042b70,2026-05-18,1,69.6,69.6,69.6
36a73d6f-f034-4aea-8d30-cad8dc042b70,2026-06-08,1,110,110,110
36a73d6f-f034-4aea-8d30-cad8dc042b70,2026-06-22,1,80,80,80
36a73d6f-f034-4aea-8d30-cad8dc042b70,2026-08-03,1,100,100,100
36a73d6f-f034-4aea-8d30-cad8dc042b70,2026-08-24,1,103.5,103.5,103.5
36a7a0f7-c8e3-49a5-ac26-3e38d10f2875,2021-11-08,1,73,73,73
36a7a0f7-c8e3-49a5-ac26-3e38d10f2875,2021-12-06,1,43.69,43.69,43.69
36a7a0f7-c8e3-49a5-ac26-3e38d10f2875,2022-03-21,1,54,54,54
36a7a0f7-c8e3-49a5-ac26-3e38d10f2875,2022-05-16,1,40.8,40.8,40.8
36a7a0f7-c8e3-49a5-ac26-3e38d10f2875,2022-08-22,1,28.8,28.8,28.8
36a7a0f7-c8e3-49a5-ac26-3e38d10f2875,2022-10-03,1,31,31,31
36a7a0f7-c8e3-49a5-ac26-3e38d10f2875,2022-12-12,1,26,26,26
36a7a0f7-c8e3-49a5-ac26-3e38d10f2875,2023-02-13,1,50,50,50
36a7a0f7-c8e3-49a5-ac26-3e38d10f2875,2023-03-13,1,30.35,30.35,30.35
36a7a0f7-c8e3-49a5-ac26-3e38d10f2875,2023-04-03,1,37.31,37.31,37.31
36a7a0f7-c8e3-49a5-ac26-3e38d10f2875,2023-07-31,1,30.02,30.02,30.02
36a7a0f7-c8e3-49a5-ac26-3e38d10f2875,2023-09-25,1,32.95,32.95,32.95
36a7a0f7-c8e3-49a5-ac26-3e38d10f2875,2023-11-06,1,32.5,32.5,32.5
36a7a0f7-c8e3-49a5-ac26-3e38d10f2875,2024-01-15,1,31.2,31.2,31.2
36a7a0f7-c8e3-49a5-ac26-3e38d10f2875,2024-09-09,1,60,60,60
36a7a0f7-c8e3-49a5-ac26-3e38d10f2875,2024-09-23,1,36,36,36
36a7a0f7-c8e3-49a5-ac26-3e38d10f2875,2024-10-14,1,35,35,35
36a7a0f7-c8e3-49a5-ac26-3e38d10f2875,2024-11-11,2,66.94,65,68.88
36a7a0f7-c8e3-49a5-ac26-3e38d10f2875,2025-01-06,1,34.19,34.19,34.19
36a7a0f7-c8e3-49a5-ac26-3e38d10f2875,2025-03-31,1,59.99,59.99,59.99
36a7a0f7-c8e3-49a5-ac26-3e38d10f2875,2025-09-29,1,75,75,75
36a7a0f7-c8e3-49a5-ac26-3e38d10f2875,2026-02-16,1,102.5,102.5,102.5
36a7a0f7-c8e3-49a5-ac26-3e38d10f2875,2026-04-13,1,137.5,137.5,137.5
36a7a0f7-c8e3-49a5-ac26-3e38d10f2875,2026-06-01,1,150,150,150
36a7a0f7-c8e3-49a5-ac26-3e38d10f2875,2026-06-22,1,157.66,157.66,157.66
36a7a0f7-c8e3-49a5-ac26-3e38d10f2875,2026-08-10,1,251.07,251.07,251.07
36a911f9-569a-4014-a6f3-a07475474a10,2025-08-25,2,35,34.99,35
36a911f9-569a-4014-a6f3-a07475474a10,2025-09-08,1,34,34,34
36a911f9-569a-4014-a6f3-a07475474a10,2025-09-22,1,32,32,32
36a911f9-569a-4014-a6f3-a07475474a10,2025-10-06,1,39.99,39.99,39.99
36a911f9-569a-4014-a6f3-a07475474a10,2025-11-03,1,42,42,42
36a911f9-569a-4014-a6f3-a07475474a10,2025-11-10,1,74.99,74.99,74.99
36a911f9-569a-4014-a6f3-a07475474a10,2025-12-01,1,34.65,34.65,34.65
36a911f9-569a-4014-a6f3-a07475474a10,2025-12-08,1,28,28,28
36a911f9-569a-4014-a6f3-a07475474a10,2025-12-15,1,45,45,45
36a911f9-569a-4014-a6f3-a07475474a10,2026-02-16,3,35,26,36.67
36a911f9-569a-4014-a6f3-a07475474a10,2026-03-16,1,41.02,41.02,41.02
36a911f9-569a-4014-a6f3-a07475474a10,2026-03-23,1,47,47,47
36a911f9-569a-4014-a6f3-a07475474a10,2026-04-06,1,49.49,49.49,49.49
36a911f9-569a-4014-a6f3-a07475474a10,2026-04-20,1,69.99,69.99,69.99
36a911f9-569a-4014-a6f3-a07475474a10,2026-05-04,2,48.5,45,52
36a911f9-569a-4014-a6f3-a07475474a10,2026-05-18,2,62.99,51,74.99
36a911f9-569a-4014-a6f3-a07475474a10,2026-06-01,2,41.23,39.01,43.45
36a911f9-569a-4014-a6f3-a07475474a10,2026-06-08,2,44,38,50
36a911f9-569a-4014-a6f3-a07475474a10,2026-06-29,1,41.91,41.91,41.91
36a911f9-569a-4014-a6f3-a07475474a10,2026-07-06,1,59,59,59
36a911f9-569a-4014-a6f3-a07475474a10,2026-07-20,1,55,55,55
36a911f9-569a-4014-a6f3-a07475474a10,2026-08-24,2,46,32,59.99
36a911f9-569a-4014-a6f3-a07475474a10,2026-08-31,2,37.34,33.69,41
36ab1e7c-588d-4bf7-bb38-14768d321bb4,2023-12-18,1,3.25,3.25,3.25
36ab1e7c-588d-4bf7-bb38-14768d321bb4,2024-05-27,1,21,21,21
36ab1e7c-588d-4bf7-bb38-14768d321bb4,2024-10-21,1,45,45,45
36b1c5e6-3962-49cb-b2c0-e990dcdeccee,2021-07-26,1,25,25,25
36b1c5e6-3962-49cb-b2c0-e990dcdeccee,2023-10-30,1,50,50,50
36b1c5e6-3962-49cb-b2c0-e990dcdeccee,2025-09-15,1,35.99,35.99,35.99
36b206e3-c994-4ff5-ab05-4055fb747990,2023-04-17,1,14,14,14
36b4d2ba-23d0-458f-b47e-fdf1ebce843b,2026-04-13,1,51,51,51
36b4d2ba-23d0-458f-b47e-fdf1ebce843b,2026-08-03,3,102.5,90,102.5
36b4f518-493b-4ac5-82ed-02a8a0a829fa,2021-04-26,1,1650,1650,1650
36b4f518-493b-4ac5-82ed-02a8a0a829fa,2021-08-09,1,1650,1650,1650
36b4f518-493b-4ac5-82ed-02a8a0a829fa,2021-08-23,1,1775,1775,1775
36b4f518-493b-4ac5-82ed-02a8a0a829fa,2021-12-13,1,1750,1750,1750
36b4f518-493b-4ac5-82ed-02a8a0a829fa,2022-01-17,1,2000,2000,2000
36b4f518-493b-4ac5-82ed-02a8a0a829fa,2023-01-09,1,1475,1475,1475
36b4f518-493b-4ac5-82ed-02a8a0a829fa,2023-03-13,1,1125,1125,1125
36b4f518-493b-4ac5-82ed-02a8a0a829fa,2023-05-22,1,1110,1110,1110
36b4f518-493b-4ac5-82ed-02a8a0a829fa,2023-08-07,1,1150,1150,1150
36b4f518-493b-4ac5-82ed-02a8a0a829fa,2023-10-02,1,990,990,990
36b4f518-493b-4ac5-82ed-02a8a0a829fa,2023-12-04,1,930,930,930
36b4f518-493b-4ac5-82ed-02a8a0a829fa,2024-01-08,1,1110,1110,1110
36b4f518-493b-4ac5-82ed-02a8a0a829fa,2024-01-15,1,1050,1050,1050
36b4f518-493b-4ac5-82ed-02a8a0a829fa,2024-02-05,1,1500,1500,1500
36b4f518-493b-4ac5-82ed-02a8a0a829fa,2024-04-15,1,1650,1650,1650
36b4f518-493b-4ac5-82ed-02a8a0a829fa,2024-05-13,1,1200,1200,1200
36b4f518-493b-4ac5-82ed-02a8a0a829fa,2024-06-24,1,1320,1320,1320
36b4f518-493b-4ac5-82ed-02a8a0a829fa,2024-08-26,1,1450,1450,1450
36b4f518-493b-4ac5-82ed-02a8a0a829fa,2024-09-23,1,900,900,900
36b4f518-493b-4ac5-82ed-02a8a0a829fa,2024-12-02,1,1050,1050,1050
36b4f518-493b-4ac5-82ed-02a8a0a829fa,2025-02-24,1,1100,1100,1100
36b4f518-493b-4ac5-82ed-02a8a0a829fa,2025-04-07,1,1470,1470,1470
36b4f518-493b-4ac5-82ed-02a8a0a829fa,2025-04-14,1,1620,1620,1620
36b4f518-493b-4ac5-82ed-02a8a0a829fa,2025-05-26,1,1000,1000,1000
36b4f518-493b-4ac5-82ed-02a8a0a829fa,2025-06-02,1,1380,1380,1380
36b4f518-493b-4ac5-82ed-02a8a0a829fa,2025-06-16,1,1750,1750,1750
36b4f518-493b-4ac5-82ed-02a8a0a829fa,2025-07-21,2,1710,1320,2100
36b4f518-493b-4ac5-82ed-02a8a0a829fa,2025-10-13,1,3360,3360,3360
36b4f518-493b-4ac5-82ed-02a8a0a829fa,2026-03-09,1,5500,5500,5500
36b4f518-493b-4ac5-82ed-02a8a0a829fa,2026-06-01,1,5500,5500,5500
36b7be69-a1d0-48da-90c0-b644ec5a0149,2022-09-05,1,17.5,17.5,17.5
36b7be69-a1d0-48da-90c0-b644ec5a0149,2022-09-19,1,21.5,21.5,21.5
36b7be69-a1d0-48da-90c0-b644ec5a0149,2024-04-22,1,14,14,14
36b9156f-ed92-40e3-845a-3c0f527699b5,2021-05-10,1,415.99,415.99,415.99
36b9156f-ed92-40e3-845a-3c0f527699b5,2021-06-14,1,180,180,180
36b9156f-ed92-40e3-845a-3c0f527699b5,2021-08-16,1,400,400,400
36b9156f-ed92-40e3-845a-3c0f527699b5,2021-10-11,2,92.77,88.93,96.6
36b9156f-ed92-40e3-845a-3c0f527699b5,2021-11-08,1,71.93,71.93,71.93
36b9156f-ed92-40e3-845a-3c0f527699b5,2021-11-29,1,86,86,86
36b9156f-ed92-40e3-845a-3c0f527699b5,2021-12-06,1,102.67,102.67,102.67
36b9156f-ed92-40e3-845a-3c0f527699b5,2021-12-13,1,85.31,85.31,85.31
36b9156f-ed92-40e3-845a-3c0f527699b5,2022-02-14,1,122.69,122.69,122.69
36b9156f-ed92-40e3-845a-3c0f527699b5,2022-02-21,1,51,51,51
36b9156f-ed92-40e3-845a-3c0f527699b5,2022-02-28,1,26,26,26
36b9156f-ed92-40e3-845a-3c0f527699b5,2022-03-07,1,60,60,60
36b9156f-ed92-40e3-845a-3c0f527699b5,2022-03-28,1,100.25,100.25,100.25
36b9156f-ed92-40e3-845a-3c0f527699b5,2022-04-04,1,31,31,31
36b9156f-ed92-40e3-845a-3c0f527699b5,2022-05-23,1,30,30,30
36b9156f-ed92-40e3-845a-3c0f527699b5,2022-06-20,1,32,32,32
36b9156f-ed92-40e3-845a-3c0f527699b5,2022-06-27,1,32,32,32
36b9156f-ed92-40e3-845a-3c0f527699b5,2022-07-04,1,24.99,24.99,24.99
36b9156f-ed92-40e3-845a-3c0f527699b5,2022-07-11,1,24.99,24.99,24.99
36b9156f-ed92-40e3-845a-3c0f527699b5,2022-07-18,1,37,37,37
36b9156f-ed92-40e3-845a-3c0f527699b5,2022-07-25,1,31,31,31
36b9156f-ed92-40e3-845a-3c0f527699b5,2022-08-01,3,23,22.5,23.5
36b9156f-ed92-40e3-845a-3c0f527699b5,2022-08-08,1,39.99,39.99,39.99
36b9156f-ed92-40e3-845a-3c0f527699b5,2022-08-15,1,22.51,22.51,22.51
36b9156f-ed92-40e3-845a-3c0f527699b5,2022-08-22,2,31.25,12.5,49.99
36b9156f-ed92-40e3-845a-3c0f527699b5,2022-08-29,2,25.5,25,26
36b9156f-ed92-40e3-845a-3c0f527699b5,2022-09-05,1,27.69,27.69,27.69
36b9156f-ed92-40e3-845a-3c0f527699b5,2022-09-19,1,18.5,18.5,18.5
36b9156f-ed92-40e3-845a-3c0f527699b5,2022-09-26,2,18.4,18.3,18.5
36b9156f-ed92-40e3-845a-3c0f527699b5,2022-10-10,1,22.5,22.5,22.5
36b9156f-ed92-40e3-845a-3c0f527699b5,2022-10-17,1,15.52,15.52,15.52
36b9156f-ed92-40e3-845a-3c0f527699b5,2022-10-31,2,19.5,18.5,20.5
36b9156f-ed92-40e3-845a-3c0f527699b5,2022-12-05,3,15.5,13.5,17.01
36b9156f-ed92-40e3-845a-3c0f527699b5,2022-12-12,1,20,20,20
36b9156f-ed92-40e3-845a-3c0f527699b5,2022-12-19,2,57.5,49.99,65
36b9156f-ed92-40e3-845a-3c0f527699b5,2023-01-02,1,17.5,17.5,17.5
36b9156f-ed92-40e3-845a-3c0f527699b5,2023-01-09,1,35,35,35
36b9156f-ed92-40e3-845a-3c0f527699b5,2023-01-16,1,30,30,30
36b9156f-ed92-40e3-845a-3c0f527699b5,2023-02-06,1,22.8,22.8,22.8
36b9156f-ed92-40e3-845a-3c0f527699b5,2023-02-13,2,16.8,16.8,16.8
36b9156f-ed92-40e3-845a-3c0f527699b5,2023-03-13,1,24.99,24.99,24.99
36b9156f-ed92-40e3-845a-3c0f527699b5,2023-03-20,1,14.4,14.4,14.4
36b9156f-ed92-40e3-845a-3c0f527699b5,2023-04-03,1,16.5,16.5,16.5
36b9156f-ed92-40e3-845a-3c0f527699b5,2023-04-10,1,14.32,14.32,14.32
36b9156f-ed92-40e3-845a-3c0f527699b5,2023-04-17,1,49.95,49.95,49.95
36b9156f-ed92-40e3-845a-3c0f527699b5,2023-06-19,1,65,65,65
36b9156f-ed92-40e3-845a-3c0f527699b5,2023-07-17,1,25.5,25.5,25.5
36b9156f-ed92-40e3-845a-3c0f527699b5,2023-07-31,1,45,45,45
36b9156f-ed92-40e3-845a-3c0f527699b5,2023-10-30,1,22.5,22.5,22.5
36b9156f-ed92-40e3-845a-3c0f527699b5,2023-12-18,1,20,20,20
36b9156f-ed92-40e3-845a-3c0f527699b5,2024-01-01,1,20,20,20
36b9156f-ed92-40e3-845a-3c0f527699b5,2024-02-12,1,13.5,13.5,13.5
36b9156f-ed92-40e3-845a-3c0f527699b5,2024-02-19,2,10.5,6.5,14.5
36b9156f-ed92-40e3-845a-3c0f527699b5,2024-03-11,1,18.58,18.58,18.58
36b9156f-ed92-40e3-845a-3c0f527699b5,2024-04-22,1,17,17,17
36b9156f-ed92-40e3-845a-3c0f527699b5,2024-04-29,1,38.24,38.24,38.24
36b9156f-ed92-40e3-845a-3c0f527699b5,2024-07-22,1,13.5,13.5,13.5
36b9156f-ed92-40e3-845a-3c0f527699b5,2024-08-05,1,39.95,39.95,39.95
36b9156f-ed92-40e3-845a-3c0f527699b5,2024-08-12,1,43.99,43.99,43.99
36b9156f-ed92-40e3-845a-3c0f527699b5,2024-10-07,1,11.5,11.5,11.5
36b9156f-ed92-40e3-845a-3c0f527699b5,2024-10-21,1,14.99,14.99,14.99
36b9156f-ed92-40e3-845a-3c0f527699b5,2024-10-28,1,15.5,15.5,15.5
36b9156f-ed92-40e3-845a-3c0f527699b5,2024-11-04,1,15.5,15.5,15.5
36b9156f-ed92-40e3-845a-3c0f527699b5,2025-01-06,1,30,30,30
36b9156f-ed92-40e3-845a-3c0f527699b5,2025-01-13,1,40,40,40
36b9156f-ed92-40e3-845a-3c0f527699b5,2025-01-20,2,19.66,16.27,23.06
36b9156f-ed92-40e3-845a-3c0f527699b5,2025-02-17,1,40,40,40
36b9156f-ed92-40e3-845a-3c0f527699b5,2025-03-10,4,22.2,20.4,24
36b9156f-ed92-40e3-845a-3c0f527699b5,2025-04-07,1,43.99,43.99,43.99
36b9156f-ed92-40e3-845a-3c0f527699b5,2025-05-26,1,35,35,35
36b9156f-ed92-40e3-845a-3c0f527699b5,2025-07-28,1,49.97,49.97,49.97
36b9156f-ed92-40e3-845a-3c0f527699b5,2025-08-11,1,49.99,49.99,49.99
36b9156f-ed92-40e3-845a-3c0f527699b5,2025-09-01,1,34.8,34.8,34.8
36b9156f-ed92-40e3-845a-3c0f527699b5,2025-09-08,1,21.5,21.5,21.5
36b9156f-ed92-40e3-845a-3c0f527699b5,2025-10-27,2,23.25,21.5,25
36b9156f-ed92-40e3-845a-3c0f527699b5,2025-11-03,1,45,45,45
36b9156f-ed92-40e3-845a-3c0f527699b5,2025-12-08,1,21,21,21
36b9156f-ed92-40e3-845a-3c0f527699b5,2025-12-15,1,26,26,26
36b9156f-ed92-40e3-845a-3c0f527699b5,2026-01-19,1,37,37,37
36b9156f-ed92-40e3-845a-3c0f527699b5,2026-01-26,1,50,50,50
36b9156f-ed92-40e3-845a-3c0f527699b5,2026-02-02,1,49.99,49.99,49.99
36b9156f-ed92-40e3-845a-3c0f527699b5,2026-02-09,1,26.02,26.02,26.02
36b9156f-ed92-40e3-845a-3c0f527699b5,2026-04-13,3,64.99,49,69
36b9156f-ed92-40e3-845a-3c0f527699b5,2026-05-11,1,50,50,50
36b9156f-ed92-40e3-845a-3c0f527699b5,2026-06-29,1,93.6,93.6,93.6
36b9156f-ed92-40e3-845a-3c0f527699b5,2026-07-06,1,91,91,91
36b9156f-ed92-40e3-845a-3c0f527699b5,2026-07-13,1,85,85,85
36b9156f-ed92-40e3-845a-3c0f527699b5,2026-07-27,2,101.25,99.99,102.5
36bbe615-eaae-4687-93d9-eab55de7f262,2022-10-17,1,17.99,17.99,17.99
36bbe615-eaae-4687-93d9-eab55de7f262,2023-02-27,1,9.5,9.5,9.5
36bbe615-eaae-4687-93d9-eab55de7f262,2023-10-02,1,3.36,3.36,3.36
36bd0874-c3c4-4c87-a554-7b65a807e661,2021-11-08,1,2000,2000,2000
36bd0874-c3c4-4c87-a554-7b65a807e661,2022-06-20,1,400,400,400
36bd0874-c3c4-4c87-a554-7b65a807e661,2026-03-02,1,40504,40504,40504
36bd0874-c3c4-4c87-a554-7b65a807e661,2026-05-11,1,29890,29890,29890
36bdbd6d-ff23-4e82-a3b3-57e267cd2691,2021-03-22,1,395,395,395
36bdbd6d-ff23-4e82-a3b3-57e267cd2691,2021-05-10,1,385,385,385
36bdbd6d-ff23-4e82-a3b3-57e267cd2691,2021-07-26,1,410,410,410
36bdbd6d-ff23-4e82-a3b3-57e267cd2691,2022-01-31,1,201,201,201
36bdbd6d-ff23-4e82-a3b3-57e267cd2691,2022-02-07,1,245.43,245.43,245.43
36bdbd6d-ff23-4e82-a3b3-57e267cd2691,2022-02-21,1,281.14,281.14,281.14
36bdbd6d-ff23-4e82-a3b3-57e267cd2691,2022-05-09,2,219.14,200,238.28
36bdbd6d-ff23-4e82-a3b3-57e267cd2691,2022-07-11,1,230.85,230.85,230.85
36bdbd6d-ff23-4e82-a3b3-57e267cd2691,2022-07-18,1,264,264,264
36bdbd6d-ff23-4e82-a3b3-57e267cd2691,2022-09-12,1,280.08,280.08,280.08
36bdbd6d-ff23-4e82-a3b3-57e267cd2691,2022-09-26,2,239.42,228.84,250
36bdbd6d-ff23-4e82-a3b3-57e267cd2691,2022-11-07,1,216.06,216.06,216.06
36bdbd6d-ff23-4e82-a3b3-57e267cd2691,2022-11-28,2,143.51,125.02,162
36bdbd6d-ff23-4e82-a3b3-57e267cd2691,2022-12-26,1,250,250,250
36bdbd6d-ff23-4e82-a3b3-57e267cd2691,2023-01-02,2,180,179.99,180
36bdbd6d-ff23-4e82-a3b3-57e267cd2691,2023-01-09,2,179.18,160,198.36
36bdbd6d-ff23-4e82-a3b3-57e267cd2691,2023-01-16,1,162.5,162.5,162.5
36bdbd6d-ff23-4e82-a3b3-57e267cd2691,2023-02-20,1,190,190,190
36bdbd6d-ff23-4e82-a3b3-57e267cd2691,2023-04-03,1,182.5,182.5,182.5
36bdbd6d-ff23-4e82-a3b3-57e267cd2691,2023-04-10,2,190,180,200
36bdbd6d-ff23-4e82-a3b3-57e267cd2691,2023-04-24,1,186,186,186
36bdbd6d-ff23-4e82-a3b3-57e267cd2691,2023-05-01,2,176.75,174,179.5
36bdbd6d-ff23-4e82-a3b3-57e267cd2691,2023-05-08,1,156,156,156
36bdbd6d-ff23-4e82-a3b3-57e267cd2691,2023-05-15,1,180.34,180.34,180.34
36bdbd6d-ff23-4e82-a3b3-57e267cd2691,2023-05-22,2,167,144,189.99
36bdbd6d-ff23-4e82-a3b3-57e267cd2691,2023-05-29,3,235.5,190,300
36bdbd6d-ff23-4e82-a3b3-57e267cd2691,2023-07-10,2,402,240,564
36bdbd6d-ff23-4e82-a3b3-57e267cd2691,2023-07-17,1,225,225,225
36bdbd6d-ff23-4e82-a3b3-57e267cd2691,2023-07-24,1,250,250,250
36bdbd6d-ff23-4e82-a3b3-57e267cd2691,2023-08-07,2,233.15,226.8,239.5
36bdbd6d-ff23-4e82-a3b3-57e267cd2691,2023-08-14,1,240,240,240
36bdbd6d-ff23-4e82-a3b3-57e267cd2691,2023-09-04,1,336,336,336
36bdbd6d-ff23-4e82-a3b3-57e267cd2691,2023-10-09,1,210,210,210
36bdbd6d-ff23-4e82-a3b3-57e267cd2691,2023-10-16,1,228,228,228
36bdbd6d-ff23-4e82-a3b3-57e267cd2691,2023-11-06,1,190.98,190.98,190.98
36bdbd6d-ff23-4e82-a3b3-57e267cd2691,2023-11-20,1,168.5,168.5,168.5
36bdbd6d-ff23-4e82-a3b3-57e267cd2691,2023-11-27,2,200,190,210
36bdbd6d-ff23-4e82-a3b3-57e267cd2691,2023-12-11,1,164.76,164.76,164.76
36bdbd6d-ff23-4e82-a3b3-57e267cd2691,2024-01-08,1,198.5,198.5,198.5
36bdbd6d-ff23-4e82-a3b3-57e267cd2691,2024-02-05,1,154.14,154.14,154.14
36bdbd6d-ff23-4e82-a3b3-57e267cd2691,2024-02-26,1,114.86,114.86,114.86
36bdbd6d-ff23-4e82-a3b3-57e267cd2691,2024-03-11,1,132,132,132
36bdbd6d-ff23-4e82-a3b3-57e267cd2691,2024-03-25,1,190.19,190.19,190.19
36bdbd6d-ff23-4e82-a3b3-57e267cd2691,2024-05-13,2,155,150,160
36bdbd6d-ff23-4e82-a3b3-57e267cd2691,2024-05-27,1,99,99,99
36bdbd6d-ff23-4e82-a3b3-57e267cd2691,2024-06-17,1,105.6,105.6,105.6
36bdbd6d-ff23-4e82-a3b3-57e267cd2691,2024-07-15,1,119.99,119.99,119.99
36bdbd6d-ff23-4e82-a3b3-57e267cd2691,2024-07-22,2,100.55,72,129.09
36bdbd6d-ff23-4e82-a3b3-57e267cd2691,2024-08-05,2,96.25,89.99,102.5
36bdbd6d-ff23-4e82-a3b3-57e267cd2691,2024-08-12,2,105.6,91.2,120
36bdbd6d-ff23-4e82-a3b3-57e267cd2691,2024-08-19,1,70,70,70
36bdbd6d-ff23-4e82-a3b3-57e267cd2691,2024-08-26,2,65,58,72
36bdbd6d-ff23-4e82-a3b3-57e267cd2691,2024-12-02,1,179.95,179.95,179.95
36bdbd6d-ff23-4e82-a3b3-57e267cd2691,2025-01-06,1,112.5,112.5,112.5
36bdbd6d-ff23-4e82-a3b3-57e267cd2691,2025-02-03,1,135,135,135
36bdbd6d-ff23-4e82-a3b3-57e267cd2691,2025-03-03,1,86.63,86.63,86.63
36bdbd6d-ff23-4e82-a3b3-57e267cd2691,2025-03-10,1,120,120,120
36bdbd6d-ff23-4e82-a3b3-57e267cd2691,2025-03-31,2,151.5,132.99,170
36bdbd6d-ff23-4e82-a3b3-57e267cd2691,2025-04-07,1,185.99,185.99,185.99
36bdbd6d-ff23-4e82-a3b3-57e267cd2691,2025-04-14,1,126,126,126
36bdbd6d-ff23-4e82-a3b3-57e267cd2691,2025-05-05,1,128.4,128.4,128.4
36bdbd6d-ff23-4e82-a3b3-57e267cd2691,2025-06-02,1,150,150,150
36bdbd6d-ff23-4e82-a3b3-57e267cd2691,2025-06-09,1,194.88,194.88,194.88
36bdbd6d-ff23-4e82-a3b3-57e267cd2691,2025-06-30,2,217.78,200,235.56
36bdbd6d-ff23-4e82-a3b3-57e267cd2691,2025-07-07,3,208.5,185,247
36bdbd6d-ff23-4e82-a3b3-57e267cd2691,2025-07-14,1,279.57,279.57,279.57
36bdbd6d-ff23-4e82-a3b3-57e267cd2691,2025-07-21,1,319.99,319.99,319.99
36bdbd6d-ff23-4e82-a3b3-57e267cd2691,2025-08-18,1,406,406,406
36bdbd6d-ff23-4e82-a3b3-57e267cd2691,2025-09-08,1,323.86,323.86,323.86
36bdbd6d-ff23-4e82-a3b3-57e267cd2691,2025-09-15,1,650,650,650
36bdbd6d-ff23-4e82-a3b3-57e267cd2691,2025-10-27,2,358.5,312,405
36bdbd6d-ff23-4e82-a3b3-57e267cd2691,2025-11-03,1,310,310,310
36bdbd6d-ff23-4e82-a3b3-57e267cd2691,2025-11-24,1,260,260,260
36bdbd6d-ff23-4e82-a3b3-57e267cd2691,2025-12-08,1,270,270,270
36bdbd6d-ff23-4e82-a3b3-57e267cd2691,2025-12-22,2,300,288,312
36bdbd6d-ff23-4e82-a3b3-57e267cd2691,2026-01-05,1,360,360,360
36bdbd6d-ff23-4e82-a3b3-57e267cd2691,2026-01-19,1,355,355,355
36bdbd6d-ff23-4e82-a3b3-57e267cd2691,2026-01-26,2,500,500,500
36bdbd6d-ff23-4e82-a3b3-57e267cd2691,2026-02-02,1,550,550,550
36bdbd6d-ff23-4e82-a3b3-57e267cd2691,2026-03-02,3,599.99,599,653.88
36bdbd6d-ff23-4e82-a3b3-57e267cd2691,2026-03-16,2,800,799.99,800
36bdbd6d-ff23-4e82-a3b3-57e267cd2691,2026-04-13,1,850,850,850
36bdbd6d-ff23-4e82-a3b3-57e267cd2691,2026-04-20,3,860,820,899.99
36bdbd6d-ff23-4e82-a3b3-57e267cd2691,2026-04-27,2,915,900,930
36bdbd6d-ff23-4e82-a3b3-57e267cd2691,2026-05-04,1,976,976,976
36bdbd6d-ff23-4e82-a3b3-57e267cd2691,2026-05-25,1,850,850,850
36bdbd6d-ff23-4e82-a3b3-57e267cd2691,2026-06-01,1,685.99,685.99,685.99
36bdbd6d-ff23-4e82-a3b3-57e267cd2691,2026-06-08,1,715,715,715
36bdbd6d-ff23-4e82-a3b3-57e267cd2691,2026-06-29,2,718.47,579,857.94
36bdbd6d-ff23-4e82-a3b3-57e267cd2691,2026-07-13,2,724.77,571,878.55
36bdbd6d-ff23-4e82-a3b3-57e267cd2691,2026-07-27,1,816.35,816.35,816.35
36c1f1ad-801b-4abe-b019-793d95a84726,2024-03-11,1,20,20,20
36c1f1ad-801b-4abe-b019-793d95a84726,2024-04-01,1,12.2,12.2,12.2
36c1f1ad-801b-4abe-b019-793d95a84726,2024-04-29,3,15.5,14.56,20.5
36c1f1ad-801b-4abe-b019-793d95a84726,2024-05-13,1,20,20,20
36c1f1ad-801b-4abe-b019-793d95a84726,2024-05-20,2,9.5,9.5,9.5
36c1f1ad-801b-4abe-b019-793d95a84726,2024-07-08,1,10.5,10.5,10.5
36c1f1ad-801b-4abe-b019-793d95a84726,2024-08-12,3,15.6,15.6,15.6
36c1f1ad-801b-4abe-b019-793d95a84726,2024-11-04,1,24,24,24
36c1f1ad-801b-4abe-b019-793d95a84726,2025-02-03,1,20.77,20.77,20.77
36c1f1ad-801b-4abe-b019-793d95a84726,2025-02-24,1,40,40,40
36c1f1ad-801b-4abe-b019-793d95a84726,2025-03-10,1,20,20,20
36c1f1ad-801b-4abe-b019-793d95a84726,2025-08-18,1,10.5,10.5,10.5
36c1f1ad-801b-4abe-b019-793d95a84726,2025-09-22,1,13.2,13.2,13.2
36c1f1ad-801b-4abe-b019-793d95a84726,2025-12-22,1,15,15,15
36c1f1ad-801b-4abe-b019-793d95a84726,2026-01-12,1,29.69,29.69,29.69
36c1f1ad-801b-4abe-b019-793d95a84726,2026-03-16,1,26,26,26
36c1f1ad-801b-4abe-b019-793d95a84726,2026-08-03,1,37,37,37
36c1f1ad-801b-4abe-b019-793d95a84726,2026-08-31,1,46.49,46.49,46.49
36c2c1b3-386b-4908-af35-76b0655576c6,2023-06-19,2,95.47,75,115.95
36c2c1b3-386b-4908-af35-76b0655576c6,2025-01-06,1,60.95,60.95,60.95
36c2c1b3-386b-4908-af35-76b0655576c6,2026-08-10,1,200,200,200
36c52593-b844-4b8f-8773-bffcad800750,2022-11-14,1,33,33,33
36c52593-b844-4b8f-8773-bffcad800750,2022-12-12,1,56.99,56.99,56.99
36c52593-b844-4b8f-8773-bffcad800750,2023-02-06,1,57.5,57.5,57.5
36c52593-b844-4b8f-8773-bffcad800750,2023-03-06,1,59.99,59.99,59.99
36c52593-b844-4b8f-8773-bffcad800750,2023-03-27,1,30,30,30
36c52593-b844-4b8f-8773-bffcad800750,2023-06-26,1,29,29,29
36c52593-b844-4b8f-8773-bffcad800750,2023-07-24,1,40,40,40
36c52593-b844-4b8f-8773-bffcad800750,2023-08-07,1,26.4,26.4,26.4
36c52593-b844-4b8f-8773-bffcad800750,2023-09-11,2,35,35,35
36c52593-b844-4b8f-8773-bffcad800750,2023-12-04,1,17.5,17.5,17.5
36c52593-b844-4b8f-8773-bffcad800750,2024-01-22,1,22.5,22.5,22.5
36c52593-b844-4b8f-8773-bffcad800750,2024-03-04,1,29.99,29.99,29.99
36c52593-b844-4b8f-8773-bffcad800750,2024-05-06,1,29.99,29.99,29.99
36c52593-b844-4b8f-8773-bffcad800750,2024-05-13,1,23.5,23.5,23.5
36c52593-b844-4b8f-8773-bffcad800750,2024-06-03,2,29.24,28.49,29.99
36c52593-b844-4b8f-8773-bffcad800750,2024-07-22,1,25,25,25
36c52593-b844-4b8f-8773-bffcad800750,2024-11-11,2,17.5,14.5,20.5
36c52593-b844-4b8f-8773-bffcad800750,2024-11-18,1,18.5,18.5,18.5
36c52593-b844-4b8f-8773-bffcad800750,2024-12-09,2,27.98,26.99,28.98
36c52593-b844-4b8f-8773-bffcad800750,2024-12-30,1,28,28,28
36c52593-b844-4b8f-8773-bffcad800750,2025-01-13,2,50,49,51
36c52593-b844-4b8f-8773-bffcad800750,2025-01-20,1,35,35,35
36c52593-b844-4b8f-8773-bffcad800750,2025-01-27,1,22,22,22
36c52593-b844-4b8f-8773-bffcad800750,2025-02-10,2,28.99,24.99,32.99
36c52593-b844-4b8f-8773-bffcad800750,2025-03-03,1,36.44,36.44,36.44
36c52593-b844-4b8f-8773-bffcad800750,2025-03-24,1,45,45,45
36c52593-b844-4b8f-8773-bffcad800750,2025-04-07,4,25.74,23.5,36
36c52593-b844-4b8f-8773-bffcad800750,2025-06-02,1,35.5,35.5,35.5
36c52593-b844-4b8f-8773-bffcad800750,2025-06-09,1,30,30,30
36c52593-b844-4b8f-8773-bffcad800750,2025-07-28,1,45.95,45.95,45.95
36c52593-b844-4b8f-8773-bffcad800750,2025-09-01,1,31.01,31.01,31.01
36c52593-b844-4b8f-8773-bffcad800750,2025-09-08,2,63.5,59.99,67
36c52593-b844-4b8f-8773-bffcad800750,2025-10-27,1,58,58,58
36c52593-b844-4b8f-8773-bffcad800750,2026-03-16,1,50,50,50
36c52593-b844-4b8f-8773-bffcad800750,2026-03-23,1,36.56,36.56,36.56
36c52593-b844-4b8f-8773-bffcad800750,2026-03-30,2,60,59.99,60
36c52593-b844-4b8f-8773-bffcad800750,2026-04-13,1,62.35,62.35,62.35
36c52593-b844-4b8f-8773-bffcad800750,2026-05-11,1,61,61,61
36c52593-b844-4b8f-8773-bffcad800750,2026-06-29,1,60,60,60
36c52593-b844-4b8f-8773-bffcad800750,2026-07-13,1,54.99,54.99,54.99
36c5c508-009e-48c1-a823-955be68bae8c,2022-03-14,1,126,126,126
36c5c508-009e-48c1-a823-955be68bae8c,2022-07-18,1,26.02,26.02,26.02
36c5c508-009e-48c1-a823-955be68bae8c,2022-11-21,1,24.5,24.5,24.5
36c5c508-009e-48c1-a823-955be68bae8c,2023-02-06,1,31,31,31
36c5c508-009e-48c1-a823-955be68bae8c,2024-04-29,1,20.5,20.5,20.5
36c5c508-009e-48c1-a823-955be68bae8c,2024-08-19,1,25,25,25
36c5c508-009e-48c1-a823-955be68bae8c,2025-06-02,1,39.99,39.99,39.99
36c5c508-009e-48c1-a823-955be68bae8c,2026-07-13,1,114.19,114.19,114.19
36c99dea-14be-4705-b656-8421f599e1fd,2023-08-07,1,37,37,37
36c99dea-14be-4705-b656-8421f599e1fd,2023-08-14,2,28,26,30
36c99dea-14be-4705-b656-8421f599e1fd,2023-08-21,1,34,34,34
36c99dea-14be-4705-b656-8421f599e1fd,2023-08-28,2,41.23,40.46,42
36c99dea-14be-4705-b656-8421f599e1fd,2023-09-04,3,28.8,28.03,32.4
36c99dea-14be-4705-b656-8421f599e1fd,2023-09-11,3,35.95,26.5,40
36c99dea-14be-4705-b656-8421f599e1fd,2023-09-18,3,29,23,34.11
36c99dea-14be-4705-b656-8421f599e1fd,2023-09-25,1,38,38,38
36c99dea-14be-4705-b656-8421f599e1fd,2023-10-02,1,24.49,24.49,24.49
36c99dea-14be-4705-b656-8421f599e1fd,2023-10-09,2,20.04,17.5,22.58
36c99dea-14be-4705-b656-8421f599e1fd,2023-10-30,1,33.6,33.6,33.6
36c99dea-14be-4705-b656-8421f599e1fd,2023-11-06,2,23.75,21.5,26
36c99dea-14be-4705-b656-8421f599e1fd,2023-11-13,3,27,21,29
36c99dea-14be-4705-b656-8421f599e1fd,2023-11-20,3,28.87,26.25,31
36c99dea-14be-4705-b656-8421f599e1fd,2023-11-27,1,36.09,36.09,36.09
36c99dea-14be-4705-b656-8421f599e1fd,2023-12-04,2,24.75,12.5,37
36c99dea-14be-4705-b656-8421f599e1fd,2023-12-11,1,31.49,31.49,31.49
36c99dea-14be-4705-b656-8421f599e1fd,2023-12-18,2,44.5,37,52
36c99dea-14be-4705-b656-8421f599e1fd,2023-12-25,1,31.49,31.49,31.49
36c99dea-14be-4705-b656-8421f599e1fd,2024-01-01,3,34.99,32,39.99
36c99dea-14be-4705-b656-8421f599e1fd,2024-01-08,3,26.4,26.15,39.99
36c99dea-14be-4705-b656-8421f599e1fd,2024-01-15,2,24.32,17.45,31.2
36c99dea-14be-4705-b656-8421f599e1fd,2024-01-22,2,21.5,15,28
36c99dea-14be-4705-b656-8421f599e1fd,2024-02-05,1,23,23,23
36c99dea-14be-4705-b656-8421f599e1fd,2024-02-12,2,43.71,24.5,62.92
36c99dea-14be-4705-b656-8421f599e1fd,2024-02-19,1,49.97,49.97,49.97
36c99dea-14be-4705-b656-8421f599e1fd,2024-02-26,2,22.15,21.5,22.8
36c99dea-14be-4705-b656-8421f599e1fd,2024-03-04,2,64.5,35,94
36c99dea-14be-4705-b656-8421f599e1fd,2024-03-11,2,22,20,24
36c99dea-14be-4705-b656-8421f599e1fd,2024-03-18,1,35,35,35
36c99dea-14be-4705-b656-8421f599e1fd,2024-04-08,1,30,30,30
36c99dea-14be-4705-b656-8421f599e1fd,2024-04-22,1,49.83,49.83,49.83
36c99dea-14be-4705-b656-8421f599e1fd,2024-04-29,2,31.77,27,36.53
36c99dea-14be-4705-b656-8421f599e1fd,2024-05-13,3,30,24.13,40
36c99dea-14be-4705-b656-8421f599e1fd,2024-05-27,1,22.92,22.92,22.92
36c99dea-14be-4705-b656-8421f599e1fd,2024-06-03,2,31,26,36
36c99dea-14be-4705-b656-8421f599e1fd,2024-06-17,1,44.99,44.99,44.99
36c99dea-14be-4705-b656-8421f599e1fd,2024-06-24,2,30.75,22.5,38.99
36c99dea-14be-4705-b656-8421f599e1fd,2024-07-08,1,20.5,20.5,20.5
36c99dea-14be-4705-b656-8421f599e1fd,2024-07-15,2,32.95,14.11,51.78
36c99dea-14be-4705-b656-8421f599e1fd,2024-07-22,1,35.49,35.49,35.49
36c99dea-14be-4705-b656-8421f599e1fd,2024-07-29,2,30.75,29,32.5
36c99dea-14be-4705-b656-8421f599e1fd,2024-08-05,1,30,30,30
36c99dea-14be-4705-b656-8421f599e1fd,2024-08-12,2,47.5,40,54.99
36c99dea-14be-4705-b656-8421f599e1fd,2024-08-19,1,27.62,27.62,27.62
36c99dea-14be-4705-b656-8421f599e1fd,2024-08-26,3,24.96,24,42.95
36c99dea-14be-4705-b656-8421f599e1fd,2024-09-09,1,35,35,35
36c99dea-14be-4705-b656-8421f599e1fd,2024-09-16,1,40.96,40.96,40.96
36c99dea-14be-4705-b656-8421f599e1fd,2024-09-30,2,25.03,23.5,26.56
36c99dea-14be-4705-b656-8421f599e1fd,2024-10-07,1,39.99,39.99,39.99
36c99dea-14be-4705-b656-8421f599e1fd,2024-10-14,1,18,18,18
36c99dea-14be-4705-b656-8421f599e1fd,2024-10-21,3,36.78,30,41.89
36c99dea-14be-4705-b656-8421f599e1fd,2024-10-28,2,36.47,36,36.93
36c99dea-14be-4705-b656-8421f599e1fd,2024-11-25,1,38.99,38.99,38.99
36c99dea-14be-4705-b656-8421f599e1fd,2024-12-09,2,41,37,44.99
36c99dea-14be-4705-b656-8421f599e1fd,2024-12-16,3,34.99,30,40
36c99dea-14be-4705-b656-8421f599e1fd,2024-12-30,1,33,33,33
36c99dea-14be-4705-b656-8421f599e1fd,2025-01-20,2,30.01,29,31.01
36c99dea-14be-4705-b656-8421f599e1fd,2025-01-27,3,39.95,36,41.99
36c99dea-14be-4705-b656-8421f599e1fd,2025-02-03,2,37.74,37,38.48
36c99dea-14be-4705-b656-8421f599e1fd,2025-02-10,1,39.95,39.95,39.95
36c99dea-14be-4705-b656-8421f599e1fd,2025-02-17,1,34.99,34.99,34.99
36c99dea-14be-4705-b656-8421f599e1fd,2025-02-24,2,47.49,44.99,49.99
36c99dea-14be-4705-b656-8421f599e1fd,2025-03-03,2,35.5,31,40
36c99dea-14be-4705-b656-8421f599e1fd,2025-03-17,1,40,40,40
36c99dea-14be-4705-b656-8421f599e1fd,2025-03-24,1,40,40,40
36c99dea-14be-4705-b656-8421f599e1fd,2025-04-07,4,43.2,22.8,50.05
36c99dea-14be-4705-b656-8421f599e1fd,2025-04-14,4,37.5,30,47.3
36c99dea-14be-4705-b656-8421f599e1fd,2025-04-21,1,43,43,43
36c99dea-14be-4705-b656-8421f599e1fd,2025-04-28,3,50,43.43,59.5
36c99dea-14be-4705-b656-8421f599e1fd,2025-05-05,1,43,43,43
36c99dea-14be-4705-b656-8421f599e1fd,2025-05-12,1,55,55,55
36c99dea-14be-4705-b656-8421f599e1fd,2025-05-19,1,44,44,44
36c99dea-14be-4705-b656-8421f599e1fd,2025-05-26,3,45.5,31.14,49.99
36c99dea-14be-4705-b656-8421f599e1fd,2025-06-09,1,35,35,35
36c99dea-14be-4705-b656-8421f599e1fd,2025-06-23,1,23.07,23.07,23.07
36c99dea-14be-4705-b656-8421f599e1fd,2025-06-30,2,39,38,39.99
36c99dea-14be-4705-b656-8421f599e1fd,2025-07-07,1,39.85,39.85,39.85
36c99dea-14be-4705-b656-8421f599e1fd,2025-07-14,1,44.99,44.99,44.99
36c99dea-14be-4705-b656-8421f599e1fd,2025-07-21,2,44,40,48
36c99dea-14be-4705-b656-8421f599e1fd,2025-08-04,1,50,50,50
36c99dea-14be-4705-b656-8421f599e1fd,2025-08-18,1,52.99,52.99,52.99
36c99dea-14be-4705-b656-8421f599e1fd,2025-08-25,1,47.49,47.49,47.49
36c99dea-14be-4705-b656-8421f599e1fd,2025-09-01,1,69.99,69.99,69.99
36c99dea-14be-4705-b656-8421f599e1fd,2025-09-15,3,60,50,70.99
36c99dea-14be-4705-b656-8421f599e1fd,2025-09-22,5,55,42,65
36c99dea-14be-4705-b656-8421f599e1fd,2025-09-29,1,55,55,55
36c99dea-14be-4705-b656-8421f599e1fd,2025-10-20,1,80,80,80
36c99dea-14be-4705-b656-8421f599e1fd,2025-10-27,1,59.5,59.5,59.5
36c99dea-14be-4705-b656-8421f599e1fd,2025-11-03,1,54.99,54.99,54.99
36c99dea-14be-4705-b656-8421f599e1fd,2025-11-10,2,52.1,46.7,57.5
36c99dea-14be-4705-b656-8421f599e1fd,2025-12-01,1,41,41,41
36c99dea-14be-4705-b656-8421f599e1fd,2025-12-15,1,51,51,51
36c99dea-14be-4705-b656-8421f599e1fd,2025-12-22,1,51,51,51
36c99dea-14be-4705-b656-8421f599e1fd,2025-12-29,1,45,45,45
36c99dea-14be-4705-b656-8421f599e1fd,2026-01-05,1,47,47,47
36c99dea-14be-4705-b656-8421f599e1fd,2026-01-12,2,47.5,40,54.99
36c99dea-14be-4705-b656-8421f599e1fd,2026-02-02,2,57.5,54.99,60
36c99dea-14be-4705-b656-8421f599e1fd,2026-02-09,2,53,51.01,55
36c99dea-14be-4705-b656-8421f599e1fd,2026-02-16,1,39.5,39.5,39.5
36c99dea-14be-4705-b656-8421f599e1fd,2026-02-23,2,44,43.99,44
36c99dea-14be-4705-b656-8421f599e1fd,2026-03-02,1,45,45,45
36c99dea-14be-4705-b656-8421f599e1fd,2026-03-09,1,57,57,57
36c99dea-14be-4705-b656-8421f599e1fd,2026-03-16,2,46.5,43,50
36c99dea-14be-4705-b656-8421f599e1fd,2026-03-30,2,59.7,54.99,64.4
36c99dea-14be-4705-b656-8421f599e1fd,2026-04-06,2,72.5,55,89.99
36c99dea-14be-4705-b656-8421f599e1fd,2026-04-13,3,64.99,37.2,95
36c99dea-14be-4705-b656-8421f599e1fd,2026-05-18,2,63.51,57.02,70
36c99dea-14be-4705-b656-8421f599e1fd,2026-05-25,1,99.99,99.99,99.99
36c99dea-14be-4705-b656-8421f599e1fd,2026-06-15,1,100.69,100.69,100.69
36c99dea-14be-4705-b656-8421f599e1fd,2026-06-29,2,63,61,65
36c99dea-14be-4705-b656-8421f599e1fd,2026-07-27,2,66.4,52.8,80
36c99dea-14be-4705-b656-8421f599e1fd,2026-08-17,1,65,65,65
36c99dea-14be-4705-b656-8421f599e1fd,2026-08-24,2,62.49,59.99,64.99
36ca7a41-969b-4a42-bd7a-4754fd7f7ad7,2021-10-25,1,19,19,19
36ca7a41-969b-4a42-bd7a-4754fd7f7ad7,2022-03-14,1,20.4,20.4,20.4
36ca7a41-969b-4a42-bd7a-4754fd7f7ad7,2022-05-09,1,22.8,22.8,22.8
36ca7a41-969b-4a42-bd7a-4754fd7f7ad7,2023-03-20,1,28,28,28
36ca7a41-969b-4a42-bd7a-4754fd7f7ad7,2023-04-17,1,28,28,28
36ca7a41-969b-4a42-bd7a-4754fd7f7ad7,2023-08-28,1,20.27,20.27,20.27
36ca7a41-969b-4a42-bd7a-4754fd7f7ad7,2023-11-06,1,27.87,27.87,27.87
36ca7a41-969b-4a42-bd7a-4754fd7f7ad7,2023-12-11,1,20.4,20.4,20.4
36ca7a41-969b-4a42-bd7a-4754fd7f7ad7,2024-07-29,1,29.01,29.01,29.01
36ca7a41-969b-4a42-bd7a-4754fd7f7ad7,2025-06-09,1,33,33,33
36ca7a41-969b-4a42-bd7a-4754fd7f7ad7,2025-09-01,1,37,37,37
36ca7a41-969b-4a42-bd7a-4754fd7f7ad7,2026-03-02,1,43,43,43
36ca7a41-969b-4a42-bd7a-4754fd7f7ad7,2026-03-23,1,38,38,38
36ca7a41-969b-4a42-bd7a-4754fd7f7ad7,2026-04-13,2,32.6,31.2,34
36ca7a41-969b-4a42-bd7a-4754fd7f7ad7,2026-04-27,1,35,35,35
36ca7a41-969b-4a42-bd7a-4754fd7f7ad7,2026-06-01,1,36,36,36
36ca7a41-969b-4a42-bd7a-4754fd7f7ad7,2026-06-15,1,63.99,63.99,63.99
36ca7a41-969b-4a42-bd7a-4754fd7f7ad7,2026-06-22,1,60,60,60
36caab17-ecbf-4006-b99d-6982f01a3388,2021-09-27,1,71,71,71
36caab17-ecbf-4006-b99d-6982f01a3388,2021-10-25,1,47,47,47
36caab17-ecbf-4006-b99d-6982f01a3388,2021-11-08,1,31,31,31
36caab17-ecbf-4006-b99d-6982f01a3388,2021-11-29,1,81,81,81
36caab17-ecbf-4006-b99d-6982f01a3388,2021-12-20,1,76,76,76
36caab17-ecbf-4006-b99d-6982f01a3388,2022-01-17,1,23.5,23.5,23.5
36caab17-ecbf-4006-b99d-6982f01a3388,2022-01-24,1,46,46,46
36caab17-ecbf-4006-b99d-6982f01a3388,2022-02-21,1,51,51,51
36caab17-ecbf-4006-b99d-6982f01a3388,2022-02-28,1,31,31,31
36caab17-ecbf-4006-b99d-6982f01a3388,2022-03-07,2,31.75,21.5,42
36caab17-ecbf-4006-b99d-6982f01a3388,2022-03-14,1,41.88,41.88,41.88
36caab17-ecbf-4006-b99d-6982f01a3388,2022-03-28,1,61,61,61
36caab17-ecbf-4006-b99d-6982f01a3388,2022-04-04,1,41,41,41
36caab17-ecbf-4006-b99d-6982f01a3388,2022-04-25,1,26.88,26.88,26.88
36caab17-ecbf-4006-b99d-6982f01a3388,2022-05-09,1,31,31,31
36caab17-ecbf-4006-b99d-6982f01a3388,2022-05-23,1,40,40,40
36caab17-ecbf-4006-b99d-6982f01a3388,2022-06-20,1,29,29,29
36caab17-ecbf-4006-b99d-6982f01a3388,2022-08-08,1,40,40,40
36caab17-ecbf-4006-b99d-6982f01a3388,2022-08-29,1,16.5,16.5,16.5
36caab17-ecbf-4006-b99d-6982f01a3388,2023-02-06,1,50,50,50
36caab17-ecbf-4006-b99d-6982f01a3388,2023-03-27,1,26,26,26
36caab17-ecbf-4006-b99d-6982f01a3388,2023-05-15,1,27.1,27.1,27.1
36caab17-ecbf-4006-b99d-6982f01a3388,2023-06-05,1,50,50,50
36caab17-ecbf-4006-b99d-6982f01a3388,2023-10-23,1,42.51,42.51,42.51
36caab17-ecbf-4006-b99d-6982f01a3388,2023-12-04,1,36.38,36.38,36.38
36caab17-ecbf-4006-b99d-6982f01a3388,2024-02-19,1,22.22,22.22,22.22
36caab17-ecbf-4006-b99d-6982f01a3388,2024-06-17,1,28.8,28.8,28.8
36caab17-ecbf-4006-b99d-6982f01a3388,2025-11-10,1,99.99,99.99,99.99
36caab17-ecbf-4006-b99d-6982f01a3388,2025-12-08,1,132.96,132.96,132.96
36cd1595-6880-4cfe-b805-d06e994e533c,2023-08-21,1,10.5,10.5,10.5
36cd1595-6880-4cfe-b805-d06e994e533c,2023-08-28,1,14.4,14.4,14.4
36cd1595-6880-4cfe-b805-d06e994e533c,2023-09-04,1,21.6,21.6,21.6
36cd1595-6880-4cfe-b805-d06e994e533c,2026-03-09,2,24.19,23,25.38
36cd1595-6880-4cfe-b805-d06e994e533c,2026-03-23,1,50,50,50
36cd1595-6880-4cfe-b805-d06e994e533c,2026-08-10,1,40,40,40
36cdc300-0274-4565-960b-24824d654423,2022-01-10,2,150,122.5,177.5
36cdc300-0274-4565-960b-24824d654423,2022-01-24,1,232.5,232.5,232.5
36cdc300-0274-4565-960b-24824d654423,2022-03-14,1,127.5,127.5,127.5
36cdc300-0274-4565-960b-24824d654423,2022-03-28,1,137.51,137.51,137.51
36cdc300-0274-4565-960b-24824d654423,2022-06-20,1,86,86,86
36cdc300-0274-4565-960b-24824d654423,2022-09-19,1,138.5,138.5,138.5
36cdc300-0274-4565-960b-24824d654423,2022-10-10,1,131.4,131.4,131.4
36cdc300-0274-4565-960b-24824d654423,2022-12-12,1,102.5,102.5,102.5
36cdc300-0274-4565-960b-24824d654423,2022-12-19,1,240,240,240
36cdc300-0274-4565-960b-24824d654423,2023-06-19,1,92.14,92.14,92.14
36cdc300-0274-4565-960b-24824d654423,2024-01-29,1,52.8,52.8,52.8
36cdc300-0274-4565-960b-24824d654423,2024-02-05,1,55.2,55.2,55.2
36cdc300-0274-4565-960b-24824d654423,2024-03-11,1,56.4,56.4,56.4
36cdc300-0274-4565-960b-24824d654423,2024-05-13,1,53.5,53.5,53.5
36cdc300-0274-4565-960b-24824d654423,2024-05-20,2,54.21,43,65.42
36cdc300-0274-4565-960b-24824d654423,2024-06-24,1,101.49,101.49,101.49
36cdc300-0274-4565-960b-24824d654423,2024-07-08,1,127.74,127.74,127.74
36cdc300-0274-4565-960b-24824d654423,2024-07-29,1,57.6,57.6,57.6
36cdc300-0274-4565-960b-24824d654423,2024-09-02,1,71,71,71
36cdc300-0274-4565-960b-24824d654423,2024-12-16,1,99.99,99.99,99.99
36cdc300-0274-4565-960b-24824d654423,2024-12-23,1,62,62,62
36cdc300-0274-4565-960b-24824d654423,2025-01-06,1,65,65,65
36cdc300-0274-4565-960b-24824d654423,2025-02-17,1,72,72,72
36cdc300-0274-4565-960b-24824d654423,2025-02-24,1,53.61,53.61,53.61
36cdc300-0274-4565-960b-24824d654423,2025-04-07,1,62,62,62
36cdc300-0274-4565-960b-24824d654423,2025-08-04,1,95.66,95.66,95.66
36cdc300-0274-4565-960b-24824d654423,2025-11-17,1,180.75,180.75,180.75
36cdc300-0274-4565-960b-24824d654423,2025-12-01,1,130,130,130
36cdc300-0274-4565-960b-24824d654423,2026-01-19,1,115.2,115.2,115.2
36cdc300-0274-4565-960b-24824d654423,2026-01-26,1,150,150,150
36cdc300-0274-4565-960b-24824d654423,2026-03-02,1,175,175,175
36cdc300-0274-4565-960b-24824d654423,2026-03-09,1,266.79,266.79,266.79
36cdc300-0274-4565-960b-24824d654423,2026-06-08,2,339,339,339
36d0a9ac-f710-4b88-a123-915ad237b155,2024-06-03,1,97.72,97.72,97.72
36d0a9ac-f710-4b88-a123-915ad237b155,2025-05-26,1,170.19,170.19,170.19
36d0a9ac-f710-4b88-a123-915ad237b155,2025-11-24,1,289.24,289.24,289.24
36d3883f-aab0-43fe-98b7-8d2985ad83d7,2022-03-28,1,29.21,29.21,29.21
36d3883f-aab0-43fe-98b7-8d2985ad83d7,2022-06-20,1,34.37,34.37,34.37
36d3883f-aab0-43fe-98b7-8d2985ad83d7,2024-03-18,1,14.56,14.56,14.56
36d3883f-aab0-43fe-98b7-8d2985ad83d7,2024-07-29,1,14.73,14.73,14.73
36d3883f-aab0-43fe-98b7-8d2985ad83d7,2024-12-23,1,17.5,17.5,17.5
36d3883f-aab0-43fe-98b7-8d2985ad83d7,2025-02-24,1,16.5,16.5,16.5
36d3883f-aab0-43fe-98b7-8d2985ad83d7,2025-04-21,1,28.38,28.38,28.38
36d3883f-aab0-43fe-98b7-8d2985ad83d7,2025-08-18,1,28.77,28.77,28.77
36d3883f-aab0-43fe-98b7-8d2985ad83d7,2025-09-29,1,33.5,33.5,33.5
36d3883f-aab0-43fe-98b7-8d2985ad83d7,2025-11-24,1,49.19,49.19,49.19
36d39fe1-5d4d-480e-bdf6-fdf2b480ecb2,2022-09-26,1,65,65,65
36d39fe1-5d4d-480e-bdf6-fdf2b480ecb2,2023-03-06,1,15.5,15.5,15.5
36d39fe1-5d4d-480e-bdf6-fdf2b480ecb2,2023-06-19,1,54.99,54.99,54.99
36d39fe1-5d4d-480e-bdf6-fdf2b480ecb2,2023-07-17,1,54.95,54.95,54.95
36d39fe1-5d4d-480e-bdf6-fdf2b480ecb2,2023-08-07,1,50,50,50
36d39fe1-5d4d-480e-bdf6-fdf2b480ecb2,2023-08-21,1,49.49,49.49,49.49
36d39fe1-5d4d-480e-bdf6-fdf2b480ecb2,2023-09-04,1,29.99,29.99,29.99
36d39fe1-5d4d-480e-bdf6-fdf2b480ecb2,2023-09-25,1,17.5,17.5,17.5
36d39fe1-5d4d-480e-bdf6-fdf2b480ecb2,2024-04-22,1,17.55,17.55,17.55
36d39fe1-5d4d-480e-bdf6-fdf2b480ecb2,2024-06-17,1,19.21,19.21,19.21
36d39fe1-5d4d-480e-bdf6-fdf2b480ecb2,2024-10-21,1,39.99,39.99,39.99
36d39fe1-5d4d-480e-bdf6-fdf2b480ecb2,2024-11-11,1,16.5,16.5,16.5
36d39fe1-5d4d-480e-bdf6-fdf2b480ecb2,2025-01-27,1,40,40,40
36d39fe1-5d4d-480e-bdf6-fdf2b480ecb2,2025-02-10,1,25,25,25
36d39fe1-5d4d-480e-bdf6-fdf2b480ecb2,2026-01-19,2,24.76,23.51,26
36d39fe1-5d4d-480e-bdf6-fdf2b480ecb2,2026-06-01,1,70,70,70
36d39fe1-5d4d-480e-bdf6-fdf2b480ecb2,2026-06-08,1,69.99,69.99,69.99
36d39fe1-5d4d-480e-bdf6-fdf2b480ecb2,2026-06-22,1,71.24,71.24,71.24
36d39fe1-5d4d-480e-bdf6-fdf2b480ecb2,2026-08-24,1,44.68,44.68,44.68
36d9fc76-3eec-47b9-b34b-61fa45a7eef3,2022-07-04,1,39.99,39.99,39.99
36d9fc76-3eec-47b9-b34b-61fa45a7eef3,2022-07-11,2,19.5,16.5,22.5
36d9fc76-3eec-47b9-b34b-61fa45a7eef3,2022-07-25,2,23.99,16.99,31
36d9fc76-3eec-47b9-b34b-61fa45a7eef3,2022-08-29,2,16.74,16.5,16.99
36d9fc76-3eec-47b9-b34b-61fa45a7eef3,2022-09-05,1,24,24,24
36d9fc76-3eec-47b9-b34b-61fa45a7eef3,2022-09-12,1,17.52,17.52,17.52
36d9fc76-3eec-47b9-b34b-61fa45a7eef3,2022-09-19,1,16.05,16.05,16.05
36d9fc76-3eec-47b9-b34b-61fa45a7eef3,2022-11-28,1,10.5,10.5,10.5
36d9fc76-3eec-47b9-b34b-61fa45a7eef3,2022-12-12,1,21.22,21.22,21.22
36d9fc76-3eec-47b9-b34b-61fa45a7eef3,2022-12-19,1,26,26,26
36d9fc76-3eec-47b9-b34b-61fa45a7eef3,2023-01-02,1,27.6,27.6,27.6
36d9fc76-3eec-47b9-b34b-61fa45a7eef3,2023-01-09,1,24.99,24.99,24.99
36d9fc76-3eec-47b9-b34b-61fa45a7eef3,2023-02-13,2,24.29,23.99,24.59
36d9fc76-3eec-47b9-b34b-61fa45a7eef3,2023-02-27,2,32,24,39.99
36d9fc76-3eec-47b9-b34b-61fa45a7eef3,2023-03-13,1,37.65,37.65,37.65
36d9fc76-3eec-47b9-b34b-61fa45a7eef3,2023-03-27,1,13.05,13.05,13.05
36d9fc76-3eec-47b9-b34b-61fa45a7eef3,2023-05-08,1,40,40,40
36d9fc76-3eec-47b9-b34b-61fa45a7eef3,2023-05-22,1,20.99,20.99,20.99
36d9fc76-3eec-47b9-b34b-61fa45a7eef3,2023-08-14,1,18,18,18
36d9fc76-3eec-47b9-b34b-61fa45a7eef3,2023-09-04,1,20.4,20.4,20.4
36d9fc76-3eec-47b9-b34b-61fa45a7eef3,2023-09-11,1,12.5,12.5,12.5
36d9fc76-3eec-47b9-b34b-61fa45a7eef3,2023-10-02,1,30,30,30
36d9fc76-3eec-47b9-b34b-61fa45a7eef3,2023-11-13,1,21.6,21.6,21.6
36d9fc76-3eec-47b9-b34b-61fa45a7eef3,2023-12-04,3,14.5,14.5,17.22
36d9fc76-3eec-47b9-b34b-61fa45a7eef3,2023-12-11,1,10.52,10.52,10.52
36d9fc76-3eec-47b9-b34b-61fa45a7eef3,2024-01-15,1,19.3,19.3,19.3
36d9fc76-3eec-47b9-b34b-61fa45a7eef3,2024-01-29,1,20,20,20
36d9fc76-3eec-47b9-b34b-61fa45a7eef3,2024-02-05,1,20.5,20.5,20.5
36d9fc76-3eec-47b9-b34b-61fa45a7eef3,2024-07-29,1,11,11,11
36d9fc76-3eec-47b9-b34b-61fa45a7eef3,2024-08-05,1,28.96,28.96,28.96
36d9fc76-3eec-47b9-b34b-61fa45a7eef3,2024-12-09,1,16,16,16
36d9fc76-3eec-47b9-b34b-61fa45a7eef3,2025-01-06,1,25,25,25
36d9fc76-3eec-47b9-b34b-61fa45a7eef3,2025-02-03,1,15.6,15.6,15.6
36d9fc76-3eec-47b9-b34b-61fa45a7eef3,2025-02-10,1,24.99,24.99,24.99
36d9fc76-3eec-47b9-b34b-61fa45a7eef3,2025-04-28,1,29.99,29.99,29.99
36d9fc76-3eec-47b9-b34b-61fa45a7eef3,2025-05-19,1,30.99,30.99,30.99
36d9fc76-3eec-47b9-b34b-61fa45a7eef3,2025-07-28,1,35.92,35.92,35.92
36d9fc76-3eec-47b9-b34b-61fa45a7eef3,2025-09-01,1,20.4,20.4,20.4
36d9fc76-3eec-47b9-b34b-61fa45a7eef3,2025-11-17,1,18,18,18
36d9fc76-3eec-47b9-b34b-61fa45a7eef3,2026-03-16,1,40,40,40
36d9fc76-3eec-47b9-b34b-61fa45a7eef3,2026-06-01,1,44,44,44
36d9fc76-3eec-47b9-b34b-61fa45a7eef3,2026-08-31,1,44,44,44
36daf1ed-c34f-4629-ae45-617859b11869,2021-09-27,1,51,51,51
36daf1ed-c34f-4629-ae45-617859b11869,2021-10-25,1,51,51,51
36daf1ed-c34f-4629-ae45-617859b11869,2021-11-08,1,31,31,31
36daf1ed-c34f-4629-ae45-617859b11869,2021-11-29,1,31,31,31
36daf1ed-c34f-4629-ae45-617859b11869,2021-12-20,1,37,37,37
36daf1ed-c34f-4629-ae45-617859b11869,2022-03-21,1,30,30,30
36daf1ed-c34f-4629-ae45-617859b11869,2022-05-23,1,35,35,35
36daf1ed-c34f-4629-ae45-617859b11869,2022-06-27,1,49.99,49.99,49.99
36daf1ed-c34f-4629-ae45-617859b11869,2022-07-04,1,112.5,112.5,112.5
36daf1ed-c34f-4629-ae45-617859b11869,2022-11-28,1,33.5,33.5,33.5
36daf1ed-c34f-4629-ae45-617859b11869,2023-01-02,1,40,40,40
36daf1ed-c34f-4629-ae45-617859b11869,2024-03-18,1,49.99,49.99,49.99
36daf1ed-c34f-4629-ae45-617859b11869,2024-06-17,1,22.8,22.8,22.8
36daf1ed-c34f-4629-ae45-617859b11869,2024-12-02,1,127.5,127.5,127.5
36daf1ed-c34f-4629-ae45-617859b11869,2025-03-24,1,64,64,64
36e047d2-053a-41eb-b622-f2a6821d7aec,2021-03-29,1,21.5,21.5,21.5
36e047d2-053a-41eb-b622-f2a6821d7aec,2022-04-04,1,12.55,12.55,12.55
36e047d2-053a-41eb-b622-f2a6821d7aec,2022-06-20,1,8.2,8.2,8.2
36e047d2-053a-41eb-b622-f2a6821d7aec,2024-01-15,1,9.74,9.74,9.74
36e047d2-053a-41eb-b622-f2a6821d7aec,2026-08-24,1,36,36,36
36e23b96-6b9a-46b7-bcb5-3226a469c89e,2022-12-12,1,1225,1225,1225
36e2b4d1-a15b-4571-8565-f5e44aafb17c,2024-05-06,1,175,175,175
36e371cc-63bc-4a61-adac-d7654ab550d1,2026-04-13,1,109.19,109.19,109.19
36e5341e-59fd-4829-b073-6401982ef8d0,2024-12-30,1,375,375,375
36e5341e-59fd-4829-b073-6401982ef8d0,2025-01-06,6,446.67,409.34,499.99
36e5341e-59fd-4829-b073-6401982ef8d0,2025-01-13,2,422.5,380,465
36e5341e-59fd-4829-b073-6401982ef8d0,2025-01-20,1,630.99,630.99,630.99
36e5341e-59fd-4829-b073-6401982ef8d0,2025-01-27,5,480,430,565
36e5341e-59fd-4829-b073-6401982ef8d0,2025-02-03,3,510,450,615.66
36e5341e-59fd-4829-b073-6401982ef8d0,2025-02-17,1,550,550,550
36e5341e-59fd-4829-b073-6401982ef8d0,2025-02-24,5,450,441,690
36e5341e-59fd-4829-b073-6401982ef8d0,2025-03-03,3,589.99,578,595
36e5341e-59fd-4829-b073-6401982ef8d0,2025-03-17,1,580,580,580
36e5341e-59fd-4829-b073-6401982ef8d0,2025-03-24,2,568.5,552,585
36e5341e-59fd-4829-b073-6401982ef8d0,2025-03-31,6,574,473,766.46
36e5341e-59fd-4829-b073-6401982ef8d0,2025-04-07,2,603.06,556.12,649.99
36e5341e-59fd-4829-b073-6401982ef8d0,2025-04-14,3,540,528,650
36e5341e-59fd-4829-b073-6401982ef8d0,2025-04-21,3,570,564.15,590
36e5341e-59fd-4829-b073-6401982ef8d0,2025-04-28,1,685,685,685
36e5341e-59fd-4829-b073-6401982ef8d0,2025-05-05,4,605,598.49,629.99
36e5341e-59fd-4829-b073-6401982ef8d0,2025-05-19,2,710.5,662,759
36e5341e-59fd-4829-b073-6401982ef8d0,2025-05-26,1,620,620,620
36e5341e-59fd-4829-b073-6401982ef8d0,2025-06-09,1,760,760,760
36e5341e-59fd-4829-b073-6401982ef8d0,2025-06-16,1,746.2,746.2,746.2
36e5341e-59fd-4829-b073-6401982ef8d0,2025-06-23,1,580.45,580.45,580.45
36e5341e-59fd-4829-b073-6401982ef8d0,2025-06-30,1,780,780,780
36e5341e-59fd-4829-b073-6401982ef8d0,2025-07-07,3,740.96,740,810
36e5341e-59fd-4829-b073-6401982ef8d0,2025-07-21,1,830,830,830
36e5341e-59fd-4829-b073-6401982ef8d0,2025-07-28,2,820.48,813.36,827.59
36e5341e-59fd-4829-b073-6401982ef8d0,2025-08-11,2,923.8,877.61,969.99
36e5341e-59fd-4829-b073-6401982ef8d0,2025-08-18,1,878.85,878.85,878.85
36e5341e-59fd-4829-b073-6401982ef8d0,2025-08-25,4,900.49,875,1000
36e5341e-59fd-4829-b073-6401982ef8d0,2025-09-08,2,905.5,870,941
36e5341e-59fd-4829-b073-6401982ef8d0,2025-09-29,1,890,890,890
36e5341e-59fd-4829-b073-6401982ef8d0,2025-10-06,2,875,850,900
36e5341e-59fd-4829-b073-6401982ef8d0,2025-10-13,2,1012.5,900,1125
36e5341e-59fd-4829-b073-6401982ef8d0,2025-10-20,1,920,920,920
36e5341e-59fd-4829-b073-6401982ef8d0,2025-10-27,1,905.65,905.65,905.65
36e5341e-59fd-4829-b073-6401982ef8d0,2025-11-03,1,786.49,786.49,786.49
36e5341e-59fd-4829-b073-6401982ef8d0,2025-11-10,1,899.99,899.99,899.99
36e5341e-59fd-4829-b073-6401982ef8d0,2025-11-24,3,785,760,810.7
36e5341e-59fd-4829-b073-6401982ef8d0,2025-12-01,3,774,744,900
36e5341e-59fd-4829-b073-6401982ef8d0,2025-12-08,6,935,850,960
36e5341e-59fd-4829-b073-6401982ef8d0,2025-12-15,4,1012,970,1033.74
36e5341e-59fd-4829-b073-6401982ef8d0,2025-12-22,4,1225,1050,1323
36e5341e-59fd-4829-b073-6401982ef8d0,2025-12-29,2,1452.5,1291,1614
36e5341e-59fd-4829-b073-6401982ef8d0,2026-01-12,1,1375,1375,1375
36e5341e-59fd-4829-b073-6401982ef8d0,2026-01-19,1,1300,1300,1300
36e5341e-59fd-4829-b073-6401982ef8d0,2026-02-02,2,1447.39,1400,1494.78
36e5341e-59fd-4829-b073-6401982ef8d0,2026-02-09,1,1600,1600,1600
36e5341e-59fd-4829-b073-6401982ef8d0,2026-02-16,4,1435,1257.18,1699
36e5341e-59fd-4829-b073-6401982ef8d0,2026-02-23,4,1439.99,1350,1699
36e5341e-59fd-4829-b073-6401982ef8d0,2026-03-02,3,1699,1380,1700
36e5341e-59fd-4829-b073-6401982ef8d0,2026-03-09,3,1650,1600,1700
36e5341e-59fd-4829-b073-6401982ef8d0,2026-03-16,1,1552.99,1552.99,1552.99
36e5341e-59fd-4829-b073-6401982ef8d0,2026-03-23,1,1500,1500,1500
36e5341e-59fd-4829-b073-6401982ef8d0,2026-03-30,2,1813.5,1700,1927
36e5341e-59fd-4829-b073-6401982ef8d0,2026-04-06,5,1800,1500,1950
36e5341e-59fd-4829-b073-6401982ef8d0,2026-04-13,5,1999,1600,2125
36e5341e-59fd-4829-b073-6401982ef8d0,2026-04-20,4,1987.5,1900,2000
36e5341e-59fd-4829-b073-6401982ef8d0,2026-04-27,3,2150,1825,2200
36e5341e-59fd-4829-b073-6401982ef8d0,2026-05-04,3,2000,1920,2280
36e5341e-59fd-4829-b073-6401982ef8d0,2026-05-11,1,2044,2044,2044
36e5341e-59fd-4829-b073-6401982ef8d0,2026-05-18,5,2250.36,2100,2325
36e5341e-59fd-4829-b073-6401982ef8d0,2026-05-25,2,2176,2052,2300
36e5341e-59fd-4829-b073-6401982ef8d0,2026-06-01,2,2206.83,2113.66,2300
36e5341e-59fd-4829-b073-6401982ef8d0,2026-06-15,5,2200,1940.06,2500
36e5341e-59fd-4829-b073-6401982ef8d0,2026-06-22,1,2025,2025,2025
36e5341e-59fd-4829-b073-6401982ef8d0,2026-06-29,1,2300,2300,2300
36e5341e-59fd-4829-b073-6401982ef8d0,2026-07-06,1,1647.6,1647.6,1647.6
36e5341e-59fd-4829-b073-6401982ef8d0,2026-07-13,2,1710,1710,1710
36e5341e-59fd-4829-b073-6401982ef8d0,2026-07-20,1,2085,2085,2085
36e5341e-59fd-4829-b073-6401982ef8d0,2026-07-27,2,1701.14,1674.22,1728.07
36e5341e-59fd-4829-b073-6401982ef8d0,2026-08-03,3,2076,2050,2100
36e5341e-59fd-4829-b073-6401982ef8d0,2026-08-10,2,2168.18,2127.35,2209
36e5341e-59fd-4829-b073-6401982ef8d0,2026-08-24,2,2063,2026,2100
36e5341e-59fd-4829-b073-6401982ef8d0,2026-08-31,3,1950,1850,2000
36e5341e-59fd-4829-b073-6401982ef8d0,2026-09-07,2,1773,1620,1926
36eb6293-e8ec-43f3-b895-5fd5ca255c76,2021-05-17,1,41,41,41
36eb6293-e8ec-43f3-b895-5fd5ca255c76,2021-06-14,1,55,55,55
36eb6293-e8ec-43f3-b895-5fd5ca255c76,2021-06-28,1,27.83,27.83,27.83
36eb6293-e8ec-43f3-b895-5fd5ca255c76,2021-09-06,1,50,50,50
36eb6293-e8ec-43f3-b895-5fd5ca255c76,2021-11-29,1,45,45,45
36eb6293-e8ec-43f3-b895-5fd5ca255c76,2021-12-06,1,23.8,23.8,23.8
36eb6293-e8ec-43f3-b895-5fd5ca255c76,2022-01-17,1,38.12,38.12,38.12
36eb6293-e8ec-43f3-b895-5fd5ca255c76,2022-02-14,1,23,23,23
36eb6293-e8ec-43f3-b895-5fd5ca255c76,2022-03-21,2,12.5,10.5,14.5
36eb6293-e8ec-43f3-b895-5fd5ca255c76,2022-03-28,1,22.46,22.46,22.46
36eb6293-e8ec-43f3-b895-5fd5ca255c76,2022-04-04,1,16.27,16.27,16.27
36eb6293-e8ec-43f3-b895-5fd5ca255c76,2022-06-13,1,10,10,10
36eb6293-e8ec-43f3-b895-5fd5ca255c76,2022-06-27,1,19.99,19.99,19.99
36eb6293-e8ec-43f3-b895-5fd5ca255c76,2022-08-08,1,35,35,35
36eb6293-e8ec-43f3-b895-5fd5ca255c76,2022-08-15,1,36.24,36.24,36.24
36eb6293-e8ec-43f3-b895-5fd5ca255c76,2022-09-05,1,19.2,19.2,19.2
36eb6293-e8ec-43f3-b895-5fd5ca255c76,2022-09-12,1,23.99,23.99,23.99
36eb6293-e8ec-43f3-b895-5fd5ca255c76,2022-09-19,1,17.5,17.5,17.5
36eb6293-e8ec-43f3-b895-5fd5ca255c76,2022-10-31,1,16,16,16
36eb6293-e8ec-43f3-b895-5fd5ca255c76,2023-05-22,1,15.5,15.5,15.5
36eb6293-e8ec-43f3-b895-5fd5ca255c76,2023-06-12,2,16.99,14,19.99
36eb6293-e8ec-43f3-b895-5fd5ca255c76,2023-07-24,1,19.3,19.3,19.3
36eb6293-e8ec-43f3-b895-5fd5ca255c76,2023-09-25,1,12.19,12.19,12.19
36eb6293-e8ec-43f3-b895-5fd5ca255c76,2023-12-11,1,10.8,10.8,10.8
36eb6293-e8ec-43f3-b895-5fd5ca255c76,2024-01-15,1,38.03,38.03,38.03
36eb6293-e8ec-43f3-b895-5fd5ca255c76,2024-04-15,1,18,18,18
36eb6293-e8ec-43f3-b895-5fd5ca255c76,2024-04-29,1,16,16,16
36eb6293-e8ec-43f3-b895-5fd5ca255c76,2025-02-24,2,28,27,29
36eb6293-e8ec-43f3-b895-5fd5ca255c76,2025-05-05,1,32,32,32
36eb6293-e8ec-43f3-b895-5fd5ca255c76,2025-09-22,1,22.5,22.5,22.5
36eb6293-e8ec-43f3-b895-5fd5ca255c76,2026-01-12,1,27,27,27
36eb6293-e8ec-43f3-b895-5fd5ca255c76,2026-01-19,1,20.5,20.5,20.5
36eb6293-e8ec-43f3-b895-5fd5ca255c76,2026-03-16,1,14.01,14.01,14.01
36eb6293-e8ec-43f3-b895-5fd5ca255c76,2026-04-13,1,34.99,34.99,34.99
36eb6293-e8ec-43f3-b895-5fd5ca255c76,2026-07-27,1,26,26,26
36ec8082-1d69-4bd7-aceb-300d989a5a69,2024-12-30,1,99.99,99.99,99.99
36f070db-fe78-4a7c-8ee8-b4fb56f827a0,2021-06-28,1,325,325,325
36f070db-fe78-4a7c-8ee8-b4fb56f827a0,2021-11-22,1,140.38,140.38,140.38
36f070db-fe78-4a7c-8ee8-b4fb56f827a0,2022-01-17,1,168,168,168
36f070db-fe78-4a7c-8ee8-b4fb56f827a0,2022-03-14,1,159.99,159.99,159.99
36f070db-fe78-4a7c-8ee8-b4fb56f827a0,2023-02-06,1,173.5,173.5,173.5
36f070db-fe78-4a7c-8ee8-b4fb56f827a0,2023-02-27,1,250,250,250
36f070db-fe78-4a7c-8ee8-b4fb56f827a0,2023-08-28,1,190,190,190
36f070db-fe78-4a7c-8ee8-b4fb56f827a0,2023-09-18,1,162.26,162.26,162.26
36f070db-fe78-4a7c-8ee8-b4fb56f827a0,2023-12-04,1,184.2,184.2,184.2
36f070db-fe78-4a7c-8ee8-b4fb56f827a0,2024-01-22,1,163.16,163.16,163.16
36f070db-fe78-4a7c-8ee8-b4fb56f827a0,2024-01-29,1,120,120,120
36f070db-fe78-4a7c-8ee8-b4fb56f827a0,2024-02-19,1,170,170,170
36f070db-fe78-4a7c-8ee8-b4fb56f827a0,2024-04-08,1,183,183,183
36f070db-fe78-4a7c-8ee8-b4fb56f827a0,2024-05-06,1,79.99,79.99,79.99
36f070db-fe78-4a7c-8ee8-b4fb56f827a0,2024-05-20,1,86,86,86
36f070db-fe78-4a7c-8ee8-b4fb56f827a0,2024-07-08,1,65,65,65
36f070db-fe78-4a7c-8ee8-b4fb56f827a0,2024-07-29,1,139,139,139
36f070db-fe78-4a7c-8ee8-b4fb56f827a0,2024-11-18,1,91,91,91
36f070db-fe78-4a7c-8ee8-b4fb56f827a0,2024-12-30,1,228.95,228.95,228.95
36f070db-fe78-4a7c-8ee8-b4fb56f827a0,2025-02-17,1,140,140,140
36f070db-fe78-4a7c-8ee8-b4fb56f827a0,2025-03-31,1,126,126,126
36f070db-fe78-4a7c-8ee8-b4fb56f827a0,2025-04-14,1,130,130,130
36f070db-fe78-4a7c-8ee8-b4fb56f827a0,2025-05-12,1,160,160,160
36f070db-fe78-4a7c-8ee8-b4fb56f827a0,2025-06-02,1,158,158,158
36f070db-fe78-4a7c-8ee8-b4fb56f827a0,2025-06-23,1,160,160,160
36f070db-fe78-4a7c-8ee8-b4fb56f827a0,2025-07-07,1,210,210,210
36f070db-fe78-4a7c-8ee8-b4fb56f827a0,2025-07-14,2,375,300,450
36f070db-fe78-4a7c-8ee8-b4fb56f827a0,2025-08-25,1,365,365,365
36f070db-fe78-4a7c-8ee8-b4fb56f827a0,2025-09-08,1,380,380,380
36f070db-fe78-4a7c-8ee8-b4fb56f827a0,2025-09-22,1,389.99,389.99,389.99
36f070db-fe78-4a7c-8ee8-b4fb56f827a0,2025-10-13,1,390,390,390
36f070db-fe78-4a7c-8ee8-b4fb56f827a0,2025-11-10,1,470,470,470
36f070db-fe78-4a7c-8ee8-b4fb56f827a0,2025-12-15,1,145,145,145
36f070db-fe78-4a7c-8ee8-b4fb56f827a0,2025-12-29,1,383.47,383.47,383.47
36f070db-fe78-4a7c-8ee8-b4fb56f827a0,2026-01-19,1,419.99,419.99,419.99
36f070db-fe78-4a7c-8ee8-b4fb56f827a0,2026-02-09,1,420,420,420
36f070db-fe78-4a7c-8ee8-b4fb56f827a0,2026-02-16,1,489.95,489.95,489.95
36f070db-fe78-4a7c-8ee8-b4fb56f827a0,2026-02-23,1,470,470,470
36f070db-fe78-4a7c-8ee8-b4fb56f827a0,2026-03-02,1,469.46,469.46,469.46
36f070db-fe78-4a7c-8ee8-b4fb56f827a0,2026-06-01,1,1200,1200,1200
36f070db-fe78-4a7c-8ee8-b4fb56f827a0,2026-06-08,1,510,510,510
36f070db-fe78-4a7c-8ee8-b4fb56f827a0,2026-06-29,1,720,720,720
36f070db-fe78-4a7c-8ee8-b4fb56f827a0,2026-08-10,1,740,740,740
36f070db-fe78-4a7c-8ee8-b4fb56f827a0,2026-08-17,1,550,550,550
36f070db-fe78-4a7c-8ee8-b4fb56f827a0,2026-08-24,1,700,700,700
36f070db-fe78-4a7c-8ee8-b4fb56f827a0,2026-08-31,1,780,780,780
36f070db-fe78-4a7c-8ee8-b4fb56f827a0,2026-09-07,1,1199.95,1199.95,1199.95
36f3789a-14d5-47ff-8f4c-cd5ff3854885,2022-07-11,1,30,30,30
36f3789a-14d5-47ff-8f4c-cd5ff3854885,2022-09-19,1,33,33,33
36f3789a-14d5-47ff-8f4c-cd5ff3854885,2023-04-10,1,30,30,30
36f3789a-14d5-47ff-8f4c-cd5ff3854885,2023-11-20,1,25.98,25.98,25.98
36f3789a-14d5-47ff-8f4c-cd5ff3854885,2024-02-12,1,84.9,84.9,84.9
36f3789a-14d5-47ff-8f4c-cd5ff3854885,2024-10-14,1,12,12,12
36f3789a-14d5-47ff-8f4c-cd5ff3854885,2024-11-04,1,16.5,16.5,16.5
36f3789a-14d5-47ff-8f4c-cd5ff3854885,2025-02-17,1,25,25,25
36f3789a-14d5-47ff-8f4c-cd5ff3854885,2025-03-10,1,49.53,49.53,49.53
36f3789a-14d5-47ff-8f4c-cd5ff3854885,2025-04-21,2,37.09,34.19,39.99
36f3789a-14d5-47ff-8f4c-cd5ff3854885,2025-12-15,1,42,42,42
36f3789a-14d5-47ff-8f4c-cd5ff3854885,2025-12-29,1,49.99,49.99,49.99
36f3789a-14d5-47ff-8f4c-cd5ff3854885,2026-01-26,1,66.49,66.49,66.49
36f3789a-14d5-47ff-8f4c-cd5ff3854885,2026-02-09,1,41,41,41
36f3789a-14d5-47ff-8f4c-cd5ff3854885,2026-05-11,1,75,75,75
36f8875e-9d55-4812-9834-53d0ad82b531,2021-05-17,1,50,50,50
36f8875e-9d55-4812-9834-53d0ad82b531,2021-06-07,1,48,48,48
36f8875e-9d55-4812-9834-53d0ad82b531,2021-07-26,1,120,120,120
36f8875e-9d55-4812-9834-53d0ad82b531,2021-09-20,1,159.99,159.99,159.99
36f8875e-9d55-4812-9834-53d0ad82b531,2021-10-18,1,62,62,62
36f8875e-9d55-4812-9834-53d0ad82b531,2021-12-06,1,51,51,51
36f8875e-9d55-4812-9834-53d0ad82b531,2022-01-24,1,65,65,65
36f8875e-9d55-4812-9834-53d0ad82b531,2022-02-07,1,30,30,30
36f8875e-9d55-4812-9834-53d0ad82b531,2022-02-14,1,35.55,35.55,35.55
36f8875e-9d55-4812-9834-53d0ad82b531,2022-02-21,1,59,59,59
36f8875e-9d55-4812-9834-53d0ad82b531,2022-04-04,1,30,30,30
36f8875e-9d55-4812-9834-53d0ad82b531,2022-05-30,1,32,32,32
36f8875e-9d55-4812-9834-53d0ad82b531,2022-06-27,1,30,30,30
36f8875e-9d55-4812-9834-53d0ad82b531,2022-07-11,1,49.99,49.99,49.99
36f8875e-9d55-4812-9834-53d0ad82b531,2022-07-25,1,17.5,17.5,17.5
36f8875e-9d55-4812-9834-53d0ad82b531,2022-08-22,2,22.74,15.5,29.99
36f8875e-9d55-4812-9834-53d0ad82b531,2022-08-29,2,18,13.5,22.5
36f8875e-9d55-4812-9834-53d0ad82b531,2022-09-19,1,35,35,35
36f8875e-9d55-4812-9834-53d0ad82b531,2022-10-10,1,21.6,21.6,21.6
36f8875e-9d55-4812-9834-53d0ad82b531,2023-02-27,1,29.99,29.99,29.99
36f8875e-9d55-4812-9834-53d0ad82b531,2023-03-13,1,23.5,23.5,23.5
36f8875e-9d55-4812-9834-53d0ad82b531,2023-04-24,1,49.02,49.02,49.02
36f8875e-9d55-4812-9834-53d0ad82b531,2023-05-01,1,25,25,25
36f8875e-9d55-4812-9834-53d0ad82b531,2023-05-08,2,22.25,20.5,24
36f8875e-9d55-4812-9834-53d0ad82b531,2023-06-12,1,15.5,15.5,15.5
36f8875e-9d55-4812-9834-53d0ad82b531,2023-06-19,1,15.5,15.5,15.5
36f8875e-9d55-4812-9834-53d0ad82b531,2023-07-17,1,77.06,77.06,77.06
36f8875e-9d55-4812-9834-53d0ad82b531,2023-07-24,1,29.99,29.99,29.99
36f8875e-9d55-4812-9834-53d0ad82b531,2023-08-07,1,31,31,31
36f8875e-9d55-4812-9834-53d0ad82b531,2023-08-14,1,27.99,27.99,27.99
36f8875e-9d55-4812-9834-53d0ad82b531,2023-08-21,1,31.63,31.63,31.63
36f8875e-9d55-4812-9834-53d0ad82b531,2024-01-15,1,21.5,21.5,21.5
36f8875e-9d55-4812-9834-53d0ad82b531,2024-03-25,1,32,32,32
36f8875e-9d55-4812-9834-53d0ad82b531,2024-07-22,1,57.77,57.77,57.77
36f8875e-9d55-4812-9834-53d0ad82b531,2024-12-09,1,35,35,35
36f8875e-9d55-4812-9834-53d0ad82b531,2025-06-30,1,81,81,81
36f8875e-9d55-4812-9834-53d0ad82b531,2025-11-24,1,81.6,81.6,81.6
36f8875e-9d55-4812-9834-53d0ad82b531,2025-12-01,1,175,175,175
36f8875e-9d55-4812-9834-53d0ad82b531,2026-02-16,1,202,202,202
36f8875e-9d55-4812-9834-53d0ad82b531,2026-06-29,2,204.16,126.33,282
36fc56b7-7ace-4128-9b6b-e6e1ad46e812,2021-05-24,3,75,51,76
36fc56b7-7ace-4128-9b6b-e6e1ad46e812,2021-07-26,1,39,39,39
36fc56b7-7ace-4128-9b6b-e6e1ad46e812,2021-09-06,1,62,62,62
36fc56b7-7ace-4128-9b6b-e6e1ad46e812,2021-10-25,1,28,28,28
36fc56b7-7ace-4128-9b6b-e6e1ad46e812,2022-02-21,1,66.68,66.68,66.68
36fc56b7-7ace-4128-9b6b-e6e1ad46e812,2022-03-21,1,32.5,32.5,32.5
36fc56b7-7ace-4128-9b6b-e6e1ad46e812,2023-01-02,1,26,26,26
36fc56b7-7ace-4128-9b6b-e6e1ad46e812,2023-02-20,1,58,58,58
36fc56b7-7ace-4128-9b6b-e6e1ad46e812,2024-01-22,1,12.5,12.5,12.5
36fc56b7-7ace-4128-9b6b-e6e1ad46e812,2024-05-27,2,27.5,21.6,33.39
36fc56b7-7ace-4128-9b6b-e6e1ad46e812,2025-03-10,1,44.27,44.27,44.27
36fc56b7-7ace-4128-9b6b-e6e1ad46e812,2025-06-02,1,40.8,40.8,40.8
36fc56b7-7ace-4128-9b6b-e6e1ad46e812,2025-07-21,1,35,35,35
36fc56b7-7ace-4128-9b6b-e6e1ad46e812,2025-09-01,1,49.99,49.99,49.99
36fc56b7-7ace-4128-9b6b-e6e1ad46e812,2026-01-26,1,41.36,41.36,41.36
36fc56b7-7ace-4128-9b6b-e6e1ad46e812,2026-05-04,1,152.4,152.4,152.4
36fd9af2-d538-47dd-901d-9d2451694044,2021-04-26,1,1500.01,1500.01,1500.01
36fd9af2-d538-47dd-901d-9d2451694044,2021-06-28,1,3850,3850,3850
36fd9af2-d538-47dd-901d-9d2451694044,2021-08-23,1,2850,2850,2850
36fd9af2-d538-47dd-901d-9d2451694044,2021-10-25,1,2100,2100,2100
36fd9af2-d538-47dd-901d-9d2451694044,2021-11-01,1,1625,1625,1625
36fd9af2-d538-47dd-901d-9d2451694044,2021-11-15,1,1800,1800,1800
36fd9af2-d538-47dd-901d-9d2451694044,2021-12-13,2,1210.68,977.36,1444
36fd9af2-d538-47dd-901d-9d2451694044,2022-01-17,1,2000,2000,2000
36fd9af2-d538-47dd-901d-9d2451694044,2022-01-24,1,1590,1590,1590
36fd9af2-d538-47dd-901d-9d2451694044,2022-01-31,1,1710,1710,1710
36fd9af2-d538-47dd-901d-9d2451694044,2022-02-21,1,1575,1575,1575
36fd9af2-d538-47dd-901d-9d2451694044,2022-03-07,1,1016,1016,1016
36fd9af2-d538-47dd-901d-9d2451694044,2022-03-28,1,1575,1575,1575
36fd9af2-d538-47dd-901d-9d2451694044,2022-10-31,1,1500,1500,1500
36fd9af2-d538-47dd-901d-9d2451694044,2022-12-19,1,2649.99,2649.99,2649.99
36fd9af2-d538-47dd-901d-9d2451694044,2023-01-09,1,2222.22,2222.22,2222.22
36fd9af2-d538-47dd-901d-9d2451694044,2023-02-06,1,2499.99,2499.99,2499.99
36fd9af2-d538-47dd-901d-9d2451694044,2023-03-13,1,2238.69,2238.69,2238.69
36fd9af2-d538-47dd-901d-9d2451694044,2023-05-08,1,2190,2190,2190
36fd9af2-d538-47dd-901d-9d2451694044,2023-08-07,1,2025,2025,2025
36fd9af2-d538-47dd-901d-9d2451694044,2023-08-21,1,1770,1770,1770
36fd9af2-d538-47dd-901d-9d2451694044,2023-11-20,1,1600,1600,1600
36fd9af2-d538-47dd-901d-9d2451694044,2024-01-29,1,2130,2130,2130
36fd9af2-d538-47dd-901d-9d2451694044,2024-02-26,3,1470,1430,1676
36fd9af2-d538-47dd-901d-9d2451694044,2024-04-08,2,1685,1450,1920
36fd9af2-d538-47dd-901d-9d2451694044,2024-05-13,2,1396,1342,1450
36fd9af2-d538-47dd-901d-9d2451694044,2024-05-20,1,1400,1400,1400
36fd9af2-d538-47dd-901d-9d2451694044,2024-07-08,1,1320,1320,1320
36fd9af2-d538-47dd-901d-9d2451694044,2024-09-02,1,1525,1525,1525
36fd9af2-d538-47dd-901d-9d2451694044,2024-09-23,1,1320,1320,1320
36fd9af2-d538-47dd-901d-9d2451694044,2024-09-30,2,1250,1230,1270
36fd9af2-d538-47dd-901d-9d2451694044,2024-10-21,3,1599.99,1400,1599.99
36fd9af2-d538-47dd-901d-9d2451694044,2024-12-02,3,1470,1470,1499.97
36fd9af2-d538-47dd-901d-9d2451694044,2024-12-23,1,1430,1430,1430
36fd9af2-d538-47dd-901d-9d2451694044,2024-12-30,1,1599.99,1599.99,1599.99
36fd9af2-d538-47dd-901d-9d2451694044,2025-02-03,1,1513,1513,1513
36fd9af2-d538-47dd-901d-9d2451694044,2025-02-10,1,1599.99,1599.99,1599.99
36fd9af2-d538-47dd-901d-9d2451694044,2025-02-24,1,1581,1581,1581
36fd9af2-d538-47dd-901d-9d2451694044,2025-03-03,3,1530,1375,1600
36fd9af2-d538-47dd-901d-9d2451694044,2025-03-10,1,1580,1580,1580
36fd9af2-d538-47dd-901d-9d2451694044,2025-03-31,2,1737.5,1675,1800
36fd9af2-d538-47dd-901d-9d2451694044,2025-04-14,1,1625,1625,1625
36fd9af2-d538-47dd-901d-9d2451694044,2025-06-02,1,1948.5,1948.5,1948.5
36fd9af2-d538-47dd-901d-9d2451694044,2025-06-23,1,3900,3900,3900
36fd9af2-d538-47dd-901d-9d2451694044,2025-09-15,1,3000,3000,3000
36fd9af2-d538-47dd-901d-9d2451694044,2025-09-29,1,4320,4320,4320
36fd9af2-d538-47dd-901d-9d2451694044,2025-11-24,1,4500,4500,4500
36fd9af2-d538-47dd-901d-9d2451694044,2025-12-01,1,6050,6050,6050
36fd9af2-d538-47dd-901d-9d2451694044,2025-12-22,1,2015.39,2015.39,2015.39
36fd9af2-d538-47dd-901d-9d2451694044,2026-01-12,1,6000,6000,6000
36fd9af2-d538-47dd-901d-9d2451694044,2026-01-19,1,6000,6000,6000
36fd9af2-d538-47dd-901d-9d2451694044,2026-02-02,2,5820,5640,6000
36fd9af2-d538-47dd-901d-9d2451694044,2026-02-23,2,6708.65,6300,7117.29
36fd9af2-d538-47dd-901d-9d2451694044,2026-03-02,2,8337.5,7375,9300
36fd9af2-d538-47dd-901d-9d2451694044,2026-03-09,1,6700,6700,6700
36fd9af2-d538-47dd-901d-9d2451694044,2026-03-23,1,7750,7750,7750
36fd9af2-d538-47dd-901d-9d2451694044,2026-04-13,2,8100,8100,8100
36fd9af2-d538-47dd-901d-9d2451694044,2026-04-27,1,8100,8100,8100
36fd9af2-d538-47dd-901d-9d2451694044,2026-06-01,1,9500,9500,9500
36fd9af2-d538-47dd-901d-9d2451694044,2026-07-06,2,12999.99,11999.99,13999.99
36fd9af2-d538-47dd-901d-9d2451694044,2026-08-03,1,10980,10980,10980
36fd9af2-d538-47dd-901d-9d2451694044,2026-08-10,1,11100,11100,11100
36fd9af2-d538-47dd-901d-9d2451694044,2026-08-17,1,11700,11700,11700
36fd9af2-d538-47dd-901d-9d2451694044,2026-08-31,2,12050.5,12000,12101
36fe14ed-5074-4042-8948-3024b92ca48a,2026-07-27,1,1089.3,1089.3,1089.3
36fe14ed-5074-4042-8948-3024b92ca48a,2026-08-17,1,860.74,860.74,860.74
36fe14ed-5074-4042-8948-3024b92ca48a,2026-08-31,1,963.96,963.96,963.96
36ffacb0-d278-4c39-bd48-cdbfa3add7fb,2023-01-09,1,50,50,50
36ffacb0-d278-4c39-bd48-cdbfa3add7fb,2023-06-05,1,144,144,144
36ffacb0-d278-4c39-bd48-cdbfa3add7fb,2023-06-19,1,52,52,52
36ffacb0-d278-4c39-bd48-cdbfa3add7fb,2023-06-26,1,300,300,300
36ffacb0-d278-4c39-bd48-cdbfa3add7fb,2023-08-14,1,60,60,60
36ffacb0-d278-4c39-bd48-cdbfa3add7fb,2025-10-20,1,1560,1560,1560
36ffacb0-d278-4c39-bd48-cdbfa3add7fb,2026-08-03,1,15600,15600,15600
