asset_id,week_start,n_sales,median_price,low,high
5400edb6-29b9-4039-b5ab-64bf3131a8ed,2021-03-08,1,102.5,102.5,102.5
5400edb6-29b9-4039-b5ab-64bf3131a8ed,2021-03-22,1,134,134,134
5400edb6-29b9-4039-b5ab-64bf3131a8ed,2021-04-26,2,111.25,95,127.5
5400edb6-29b9-4039-b5ab-64bf3131a8ed,2021-05-31,1,145,145,145
5400edb6-29b9-4039-b5ab-64bf3131a8ed,2021-06-21,1,90,90,90
5400edb6-29b9-4039-b5ab-64bf3131a8ed,2021-07-05,1,166,166,166
5400edb6-29b9-4039-b5ab-64bf3131a8ed,2021-07-19,1,114.99,114.99,114.99
5400edb6-29b9-4039-b5ab-64bf3131a8ed,2021-07-26,1,87,87,87
5400edb6-29b9-4039-b5ab-64bf3131a8ed,2021-08-09,2,116.75,103.51,130
5400edb6-29b9-4039-b5ab-64bf3131a8ed,2021-09-13,1,150,150,150
5400edb6-29b9-4039-b5ab-64bf3131a8ed,2021-09-27,1,138.47,138.47,138.47
5400edb6-29b9-4039-b5ab-64bf3131a8ed,2021-12-06,2,125,90,159.99
5400edb6-29b9-4039-b5ab-64bf3131a8ed,2021-12-13,2,98,61,134.99
5400edb6-29b9-4039-b5ab-64bf3131a8ed,2022-01-03,1,80,80,80
5400edb6-29b9-4039-b5ab-64bf3131a8ed,2022-01-10,2,99.5,80,119
5400edb6-29b9-4039-b5ab-64bf3131a8ed,2022-01-17,1,110,110,110
5400edb6-29b9-4039-b5ab-64bf3131a8ed,2022-02-14,1,110,110,110
5400edb6-29b9-4039-b5ab-64bf3131a8ed,2022-02-21,1,67,67,67
5400edb6-29b9-4039-b5ab-64bf3131a8ed,2022-02-28,2,100.5,75,126
5400edb6-29b9-4039-b5ab-64bf3131a8ed,2022-03-07,1,56,56,56
5400edb6-29b9-4039-b5ab-64bf3131a8ed,2022-03-14,1,81.6,81.6,81.6
5400edb6-29b9-4039-b5ab-64bf3131a8ed,2022-03-21,1,108.18,108.18,108.18
5400edb6-29b9-4039-b5ab-64bf3131a8ed,2022-03-28,2,100.95,74.99,126.92
5400edb6-29b9-4039-b5ab-64bf3131a8ed,2022-04-04,1,83.73,83.73,83.73
5400edb6-29b9-4039-b5ab-64bf3131a8ed,2022-04-11,1,70,70,70
5400edb6-29b9-4039-b5ab-64bf3131a8ed,2022-04-25,1,65,65,65
5400edb6-29b9-4039-b5ab-64bf3131a8ed,2022-05-02,1,280.4,280.4,280.4
5400edb6-29b9-4039-b5ab-64bf3131a8ed,2022-05-23,1,81,81,81
5400edb6-29b9-4039-b5ab-64bf3131a8ed,2022-05-30,1,47,47,47
5400edb6-29b9-4039-b5ab-64bf3131a8ed,2022-06-13,1,100,100,100
5400edb6-29b9-4039-b5ab-64bf3131a8ed,2022-06-20,1,76.8,76.8,76.8
5400edb6-29b9-4039-b5ab-64bf3131a8ed,2022-08-01,1,50,50,50
5400edb6-29b9-4039-b5ab-64bf3131a8ed,2022-08-08,2,57,53,61
5400edb6-29b9-4039-b5ab-64bf3131a8ed,2022-08-22,1,42,42,42
5400edb6-29b9-4039-b5ab-64bf3131a8ed,2022-08-29,1,100,100,100
5400edb6-29b9-4039-b5ab-64bf3131a8ed,2022-09-19,1,60,60,60
5400edb6-29b9-4039-b5ab-64bf3131a8ed,2022-09-26,1,90,90,90
5400edb6-29b9-4039-b5ab-64bf3131a8ed,2022-10-10,1,90,90,90
5400edb6-29b9-4039-b5ab-64bf3131a8ed,2022-10-17,1,61,61,61
5400edb6-29b9-4039-b5ab-64bf3131a8ed,2022-10-31,1,80.59,80.59,80.59
5400edb6-29b9-4039-b5ab-64bf3131a8ed,2022-12-12,1,75,75,75
5400edb6-29b9-4039-b5ab-64bf3131a8ed,2022-12-26,2,117.5,109.55,125.46
5400edb6-29b9-4039-b5ab-64bf3131a8ed,2023-01-02,1,67.2,67.2,67.2
5400edb6-29b9-4039-b5ab-64bf3131a8ed,2023-01-09,1,45.6,45.6,45.6
5400edb6-29b9-4039-b5ab-64bf3131a8ed,2023-02-20,1,90,90,90
5400edb6-29b9-4039-b5ab-64bf3131a8ed,2023-03-20,2,79.5,64,95
5400edb6-29b9-4039-b5ab-64bf3131a8ed,2023-04-03,1,71,71,71
5400edb6-29b9-4039-b5ab-64bf3131a8ed,2023-04-10,1,68,68,68
5400edb6-29b9-4039-b5ab-64bf3131a8ed,2023-04-17,2,59.4,58.8,60
5400edb6-29b9-4039-b5ab-64bf3131a8ed,2023-06-12,1,47.53,47.53,47.53
5400edb6-29b9-4039-b5ab-64bf3131a8ed,2023-06-19,3,66.09,52.12,69.99
5400edb6-29b9-4039-b5ab-64bf3131a8ed,2023-07-31,1,70,70,70
5400edb6-29b9-4039-b5ab-64bf3131a8ed,2023-08-28,1,75,75,75
5400edb6-29b9-4039-b5ab-64bf3131a8ed,2023-09-18,1,59,59,59
5400edb6-29b9-4039-b5ab-64bf3131a8ed,2023-10-16,1,89.99,89.99,89.99
5400edb6-29b9-4039-b5ab-64bf3131a8ed,2023-10-23,3,61,51.02,71
5400edb6-29b9-4039-b5ab-64bf3131a8ed,2023-11-20,2,102.78,90.56,115
5400edb6-29b9-4039-b5ab-64bf3131a8ed,2023-12-04,1,50.45,50.45,50.45
5400edb6-29b9-4039-b5ab-64bf3131a8ed,2023-12-11,1,60.32,60.32,60.32
5400edb6-29b9-4039-b5ab-64bf3131a8ed,2024-02-12,1,51,51,51
5400edb6-29b9-4039-b5ab-64bf3131a8ed,2024-02-19,1,90,90,90
5400edb6-29b9-4039-b5ab-64bf3131a8ed,2024-03-18,1,61,61,61
5400edb6-29b9-4039-b5ab-64bf3131a8ed,2024-07-15,1,47,47,47
5400edb6-29b9-4039-b5ab-64bf3131a8ed,2024-11-25,1,142.86,142.86,142.86
5400edb6-29b9-4039-b5ab-64bf3131a8ed,2024-12-30,1,99,99,99
5400edb6-29b9-4039-b5ab-64bf3131a8ed,2025-01-27,1,89.99,89.99,89.99
5400edb6-29b9-4039-b5ab-64bf3131a8ed,2025-02-10,1,120.69,120.69,120.69
5400edb6-29b9-4039-b5ab-64bf3131a8ed,2025-02-17,1,100,100,100
5400edb6-29b9-4039-b5ab-64bf3131a8ed,2025-03-24,1,147.5,147.5,147.5
5400edb6-29b9-4039-b5ab-64bf3131a8ed,2025-03-31,1,139.99,139.99,139.99
5400edb6-29b9-4039-b5ab-64bf3131a8ed,2025-04-14,1,125,125,125
5400edb6-29b9-4039-b5ab-64bf3131a8ed,2025-04-21,1,100,100,100
5400edb6-29b9-4039-b5ab-64bf3131a8ed,2025-05-26,1,141.5,141.5,141.5
5400edb6-29b9-4039-b5ab-64bf3131a8ed,2025-06-23,1,140,140,140
5400edb6-29b9-4039-b5ab-64bf3131a8ed,2025-07-14,1,135.5,135.5,135.5
5400edb6-29b9-4039-b5ab-64bf3131a8ed,2025-07-28,1,115.5,115.5,115.5
5400edb6-29b9-4039-b5ab-64bf3131a8ed,2025-08-11,1,120,120,120
5400edb6-29b9-4039-b5ab-64bf3131a8ed,2025-08-18,1,182.5,182.5,182.5
5400edb6-29b9-4039-b5ab-64bf3131a8ed,2025-09-01,1,124.5,124.5,124.5
5400edb6-29b9-4039-b5ab-64bf3131a8ed,2025-09-08,1,170,170,170
5400edb6-29b9-4039-b5ab-64bf3131a8ed,2025-10-13,1,336,336,336
5400edb6-29b9-4039-b5ab-64bf3131a8ed,2026-01-05,1,389.99,389.99,389.99
5400edb6-29b9-4039-b5ab-64bf3131a8ed,2026-03-16,1,360,360,360
5400edb6-29b9-4039-b5ab-64bf3131a8ed,2026-03-23,1,153.21,153.21,153.21
5400edb6-29b9-4039-b5ab-64bf3131a8ed,2026-04-20,2,366.5,350,383
5400edb6-29b9-4039-b5ab-64bf3131a8ed,2026-04-27,1,335,335,335
5400edb6-29b9-4039-b5ab-64bf3131a8ed,2026-05-25,3,320.51,315.51,350
5400edb6-29b9-4039-b5ab-64bf3131a8ed,2026-06-01,2,335.25,320.51,350
5400edb6-29b9-4039-b5ab-64bf3131a8ed,2026-06-08,1,414,414,414
5400edb6-29b9-4039-b5ab-64bf3131a8ed,2026-06-15,1,325,325,325
5400edb6-29b9-4039-b5ab-64bf3131a8ed,2026-08-03,1,252,252,252
5400edb6-29b9-4039-b5ab-64bf3131a8ed,2026-08-31,2,325.5,276,375
5401cb18-c320-417d-8fbc-cefd76b34e73,2023-01-30,1,348.78,348.78,348.78
5401cb18-c320-417d-8fbc-cefd76b34e73,2023-05-15,1,250,250,250
5401cb18-c320-417d-8fbc-cefd76b34e73,2023-11-13,1,180,180,180
5401cb18-c320-417d-8fbc-cefd76b34e73,2024-09-16,1,210,210,210
5401cb18-c320-417d-8fbc-cefd76b34e73,2024-10-28,1,216,216,216
5401cb18-c320-417d-8fbc-cefd76b34e73,2025-01-13,1,409.95,409.95,409.95
5401cb18-c320-417d-8fbc-cefd76b34e73,2025-05-26,1,808.47,808.47,808.47
5401cb18-c320-417d-8fbc-cefd76b34e73,2025-06-23,1,580,580,580
5401cb18-c320-417d-8fbc-cefd76b34e73,2025-08-18,1,1110,1110,1110
5401cb18-c320-417d-8fbc-cefd76b34e73,2026-03-16,1,1437.5,1437.5,1437.5
5401cb18-c320-417d-8fbc-cefd76b34e73,2026-03-23,1,730.14,730.14,730.14
5401cb18-c320-417d-8fbc-cefd76b34e73,2026-03-30,2,1035.08,898.2,1171.95
5401cb18-c320-417d-8fbc-cefd76b34e73,2026-04-20,1,1175,1175,1175
5401cb18-c320-417d-8fbc-cefd76b34e73,2026-07-13,1,1700,1700,1700
54032f21-edcb-4c18-92ac-c0cb4e2118e7,2021-11-15,1,42.01,42.01,42.01
54032f21-edcb-4c18-92ac-c0cb4e2118e7,2022-11-07,1,41.56,41.56,41.56
54032f21-edcb-4c18-92ac-c0cb4e2118e7,2024-01-15,1,70,70,70
54032f21-edcb-4c18-92ac-c0cb4e2118e7,2025-01-13,1,44,44,44
54032f21-edcb-4c18-92ac-c0cb4e2118e7,2026-04-27,1,60,60,60
54032f21-edcb-4c18-92ac-c0cb4e2118e7,2026-07-20,1,149.99,149.99,149.99
540422b7-1e0e-4775-bb5a-75c35608d0f9,2022-04-18,1,20,20,20
540422b7-1e0e-4775-bb5a-75c35608d0f9,2023-05-22,1,22,22,22
540422b7-1e0e-4775-bb5a-75c35608d0f9,2023-08-21,1,9.5,9.5,9.5
540422b7-1e0e-4775-bb5a-75c35608d0f9,2023-12-11,1,14.19,14.19,14.19
540422b7-1e0e-4775-bb5a-75c35608d0f9,2025-04-14,2,24.75,18.5,31
540422b7-1e0e-4775-bb5a-75c35608d0f9,2025-10-27,1,12,12,12
540422b7-1e0e-4775-bb5a-75c35608d0f9,2026-06-01,1,52,52,52
540422b7-1e0e-4775-bb5a-75c35608d0f9,2026-07-20,1,31,31,31
5405084c-713a-45d7-b7c9-4fda992e9bc9,2021-04-05,1,530,530,530
5405084c-713a-45d7-b7c9-4fda992e9bc9,2021-11-01,1,409.98,409.98,409.98
5405084c-713a-45d7-b7c9-4fda992e9bc9,2021-12-27,1,199.5,199.5,199.5
5405084c-713a-45d7-b7c9-4fda992e9bc9,2022-03-07,1,164.57,164.57,164.57
5405084c-713a-45d7-b7c9-4fda992e9bc9,2022-05-16,1,355,355,355
5405084c-713a-45d7-b7c9-4fda992e9bc9,2022-07-11,1,326.51,326.51,326.51
5405084c-713a-45d7-b7c9-4fda992e9bc9,2022-09-26,1,196.91,196.91,196.91
5405084c-713a-45d7-b7c9-4fda992e9bc9,2022-10-03,1,288.88,288.88,288.88
5405084c-713a-45d7-b7c9-4fda992e9bc9,2022-10-24,1,224.99,224.99,224.99
5405084c-713a-45d7-b7c9-4fda992e9bc9,2022-11-07,1,290,290,290
5405084c-713a-45d7-b7c9-4fda992e9bc9,2022-12-05,1,133,133,133
5405084c-713a-45d7-b7c9-4fda992e9bc9,2023-01-09,1,144,144,144
5405084c-713a-45d7-b7c9-4fda992e9bc9,2023-01-23,1,115.2,115.2,115.2
5405084c-713a-45d7-b7c9-4fda992e9bc9,2023-02-06,1,93.6,93.6,93.6
5405084c-713a-45d7-b7c9-4fda992e9bc9,2023-02-13,1,174,174,174
5405084c-713a-45d7-b7c9-4fda992e9bc9,2023-02-20,1,100.8,100.8,100.8
5405084c-713a-45d7-b7c9-4fda992e9bc9,2023-02-27,1,138,138,138
5405084c-713a-45d7-b7c9-4fda992e9bc9,2023-03-06,2,190.5,186,194.99
5405084c-713a-45d7-b7c9-4fda992e9bc9,2023-03-13,1,180,180,180
5405084c-713a-45d7-b7c9-4fda992e9bc9,2023-04-03,1,180,180,180
5405084c-713a-45d7-b7c9-4fda992e9bc9,2023-05-08,1,192.5,192.5,192.5
5405084c-713a-45d7-b7c9-4fda992e9bc9,2023-05-29,1,225,225,225
5405084c-713a-45d7-b7c9-4fda992e9bc9,2023-06-19,1,220,220,220
5405084c-713a-45d7-b7c9-4fda992e9bc9,2023-07-10,1,212.5,212.5,212.5
5405084c-713a-45d7-b7c9-4fda992e9bc9,2023-09-25,1,227.02,227.02,227.02
5405084c-713a-45d7-b7c9-4fda992e9bc9,2024-04-22,1,280,280,280
5405084c-713a-45d7-b7c9-4fda992e9bc9,2024-09-16,1,375,375,375
5405084c-713a-45d7-b7c9-4fda992e9bc9,2025-02-03,1,380,380,380
5405084c-713a-45d7-b7c9-4fda992e9bc9,2025-02-10,3,419,399.99,425
5405084c-713a-45d7-b7c9-4fda992e9bc9,2025-02-24,1,510,510,510
5405084c-713a-45d7-b7c9-4fda992e9bc9,2025-04-07,2,557.5,515,600
5405084c-713a-45d7-b7c9-4fda992e9bc9,2025-05-26,1,600,600,600
5405084c-713a-45d7-b7c9-4fda992e9bc9,2025-09-01,1,1425,1425,1425
5405084c-713a-45d7-b7c9-4fda992e9bc9,2025-10-13,1,1435,1435,1435
5405084c-713a-45d7-b7c9-4fda992e9bc9,2025-10-27,1,1545,1545,1545
5405084c-713a-45d7-b7c9-4fda992e9bc9,2026-01-05,1,2025,2025,2025
54090ab1-3f0a-4781-92b7-0534cf929895,2025-09-01,1,42,42,42
54090ab1-3f0a-4781-92b7-0534cf929895,2026-07-20,1,274.69,274.69,274.69
540b19e0-bbd6-4ba5-acf5-0c68e375cbde,2022-05-23,1,130,130,130
540b19e0-bbd6-4ba5-acf5-0c68e375cbde,2022-10-24,1,184.94,184.94,184.94
540b19e0-bbd6-4ba5-acf5-0c68e375cbde,2023-09-11,1,246.41,246.41,246.41
540b19e0-bbd6-4ba5-acf5-0c68e375cbde,2024-04-29,1,140,140,140
540b19e0-bbd6-4ba5-acf5-0c68e375cbde,2025-02-24,1,189,189,189
540b19e0-bbd6-4ba5-acf5-0c68e375cbde,2025-08-11,1,295,295,295
540b19e0-bbd6-4ba5-acf5-0c68e375cbde,2025-10-06,1,400,400,400
540b19e0-bbd6-4ba5-acf5-0c68e375cbde,2026-01-12,1,499.99,499.99,499.99
540dbe86-82e9-4536-a62e-d1ee8b75c5f0,2021-03-22,1,310,310,310
540dbe86-82e9-4536-a62e-d1ee8b75c5f0,2021-03-29,1,500,500,500
540dbe86-82e9-4536-a62e-d1ee8b75c5f0,2021-06-28,1,418,418,418
540dbe86-82e9-4536-a62e-d1ee8b75c5f0,2021-07-19,1,437,437,437
540dbe86-82e9-4536-a62e-d1ee8b75c5f0,2021-09-13,1,850,850,850
540dbe86-82e9-4536-a62e-d1ee8b75c5f0,2021-11-15,1,800,800,800
540dbe86-82e9-4536-a62e-d1ee8b75c5f0,2022-03-07,1,360,360,360
540dbe86-82e9-4536-a62e-d1ee8b75c5f0,2022-04-04,1,850,850,850
540dbe86-82e9-4536-a62e-d1ee8b75c5f0,2022-05-09,1,999.99,999.99,999.99
540dbe86-82e9-4536-a62e-d1ee8b75c5f0,2022-08-08,1,816.27,816.27,816.27
540dbe86-82e9-4536-a62e-d1ee8b75c5f0,2022-08-15,1,795,795,795
540dbe86-82e9-4536-a62e-d1ee8b75c5f0,2022-10-03,1,925,925,925
540dbe86-82e9-4536-a62e-d1ee8b75c5f0,2022-11-14,2,665,550,779.99
540dbe86-82e9-4536-a62e-d1ee8b75c5f0,2023-01-09,1,637,637,637
540dbe86-82e9-4536-a62e-d1ee8b75c5f0,2023-05-15,1,600,600,600
540dbe86-82e9-4536-a62e-d1ee8b75c5f0,2024-01-22,1,723,723,723
540dbe86-82e9-4536-a62e-d1ee8b75c5f0,2024-03-18,1,333.39,333.39,333.39
540dbe86-82e9-4536-a62e-d1ee8b75c5f0,2024-04-08,1,445,445,445
540dbe86-82e9-4536-a62e-d1ee8b75c5f0,2024-06-17,1,450,450,450
540dbe86-82e9-4536-a62e-d1ee8b75c5f0,2024-08-26,1,700,700,700
540dbe86-82e9-4536-a62e-d1ee8b75c5f0,2024-10-21,1,652.5,652.5,652.5
540dbe86-82e9-4536-a62e-d1ee8b75c5f0,2024-11-18,1,565.55,565.55,565.55
540dbe86-82e9-4536-a62e-d1ee8b75c5f0,2024-12-02,1,530,530,530
540dbe86-82e9-4536-a62e-d1ee8b75c5f0,2025-02-24,1,600,600,600
540dbe86-82e9-4536-a62e-d1ee8b75c5f0,2025-04-14,1,1250,1250,1250
540dbe86-82e9-4536-a62e-d1ee8b75c5f0,2025-07-21,1,1500,1500,1500
540dbe86-82e9-4536-a62e-d1ee8b75c5f0,2025-08-25,2,2412.5,2325,2500
540eb575-7b64-484c-a2d7-c1af5a5f7f34,2023-09-18,1,132.5,132.5,132.5
5410a81a-3a1a-4b32-906c-5c2b712dc47b,2022-10-17,1,52.85,52.85,52.85
5410a81a-3a1a-4b32-906c-5c2b712dc47b,2025-11-10,1,19.99,19.99,19.99
5410a81a-3a1a-4b32-906c-5c2b712dc47b,2026-08-10,2,230.5,211,250
5413e022-e9b1-4afc-9820-4c6a167e7a34,2025-07-21,1,1111,1111,1111
54152889-e910-41bd-add1-24c59c32498c,2024-06-03,1,386,386,386
54152889-e910-41bd-add1-24c59c32498c,2024-06-10,1,305,305,305
54152889-e910-41bd-add1-24c59c32498c,2024-06-17,1,562,562,562
54152889-e910-41bd-add1-24c59c32498c,2024-07-29,1,724,724,724
54152889-e910-41bd-add1-24c59c32498c,2024-08-19,1,659.53,659.53,659.53
54152889-e910-41bd-add1-24c59c32498c,2024-09-09,1,656.11,656.11,656.11
54152889-e910-41bd-add1-24c59c32498c,2024-12-02,1,660,660,660
54152889-e910-41bd-add1-24c59c32498c,2024-12-30,1,440,440,440
54152889-e910-41bd-add1-24c59c32498c,2025-02-10,1,1250,1250,1250
54152889-e910-41bd-add1-24c59c32498c,2026-01-12,1,1450,1450,1450
54152889-e910-41bd-add1-24c59c32498c,2026-04-27,1,937.5,937.5,937.5
54152889-e910-41bd-add1-24c59c32498c,2026-05-25,1,1875,1875,1875
54152889-e910-41bd-add1-24c59c32498c,2026-06-22,1,1312.5,1312.5,1312.5
54152889-e910-41bd-add1-24c59c32498c,2026-06-29,1,1625,1625,1625
5416bd5a-5a36-4cda-ab65-fe0ce4a16503,2022-04-25,1,220,220,220
5416bd5a-5a36-4cda-ab65-fe0ce4a16503,2022-06-27,1,100,100,100
5416bd5a-5a36-4cda-ab65-fe0ce4a16503,2022-07-11,1,67.66,67.66,67.66
5416bd5a-5a36-4cda-ab65-fe0ce4a16503,2023-02-13,1,46,46,46
5416bd5a-5a36-4cda-ab65-fe0ce4a16503,2023-08-21,1,100,100,100
5416bd5a-5a36-4cda-ab65-fe0ce4a16503,2024-01-22,1,41,41,41
541a369c-5201-4e58-8f45-a99367e5ccdc,2024-02-26,1,500,500,500
541a369c-5201-4e58-8f45-a99367e5ccdc,2024-08-26,1,265,265,265
541a64d4-c4a1-46b3-80d4-9a9a39e702ce,2025-03-03,1,216.66,216.66,216.66
541a64d4-c4a1-46b3-80d4-9a9a39e702ce,2025-03-31,1,219.12,219.12,219.12
541a64d4-c4a1-46b3-80d4-9a9a39e702ce,2026-07-20,1,427.51,427.51,427.51
541b87b5-3275-48c1-81f0-2112fdb03484,2021-12-20,1,27,27,27
541b87b5-3275-48c1-81f0-2112fdb03484,2022-04-04,1,39.95,39.95,39.95
541b87b5-3275-48c1-81f0-2112fdb03484,2022-04-25,1,28,28,28
541b87b5-3275-48c1-81f0-2112fdb03484,2022-05-02,1,15.5,15.5,15.5
541b87b5-3275-48c1-81f0-2112fdb03484,2022-05-30,3,9.5,8.5,16
541b87b5-3275-48c1-81f0-2112fdb03484,2022-09-19,1,17.52,17.52,17.52
541b87b5-3275-48c1-81f0-2112fdb03484,2022-10-10,1,20.5,20.5,20.5
541b87b5-3275-48c1-81f0-2112fdb03484,2023-02-20,1,15.5,15.5,15.5
541b87b5-3275-48c1-81f0-2112fdb03484,2023-04-24,1,24.99,24.99,24.99
541b87b5-3275-48c1-81f0-2112fdb03484,2023-05-08,1,21.45,21.45,21.45
541b87b5-3275-48c1-81f0-2112fdb03484,2023-07-03,1,13.49,13.49,13.49
541b87b5-3275-48c1-81f0-2112fdb03484,2023-07-31,1,19.99,19.99,19.99
541b87b5-3275-48c1-81f0-2112fdb03484,2025-01-27,1,39.99,39.99,39.99
541b87b5-3275-48c1-81f0-2112fdb03484,2025-02-03,1,35.19,35.19,35.19
541b87b5-3275-48c1-81f0-2112fdb03484,2025-04-07,1,39.99,39.99,39.99
541b87b5-3275-48c1-81f0-2112fdb03484,2025-09-01,1,34,34,34
541b87b5-3275-48c1-81f0-2112fdb03484,2026-05-25,2,49.27,38.55,59.99
541b87b5-3275-48c1-81f0-2112fdb03484,2026-06-08,1,50,50,50
541c90fc-8e91-4d99-b481-1c0cd0fbc4b4,2025-07-07,2,15.25,15,15.5
541c90fc-8e91-4d99-b481-1c0cd0fbc4b4,2025-07-14,4,26.5,21.5,28.99
541c90fc-8e91-4d99-b481-1c0cd0fbc4b4,2025-07-21,3,27.6,25,30
541c90fc-8e91-4d99-b481-1c0cd0fbc4b4,2025-07-28,1,27.5,27.5,27.5
541c90fc-8e91-4d99-b481-1c0cd0fbc4b4,2025-08-04,1,36.67,36.67,36.67
541c90fc-8e91-4d99-b481-1c0cd0fbc4b4,2025-08-11,7,31,25,45
541c90fc-8e91-4d99-b481-1c0cd0fbc4b4,2025-08-18,1,46.81,46.81,46.81
541c90fc-8e91-4d99-b481-1c0cd0fbc4b4,2025-09-01,5,33,20,75
541c90fc-8e91-4d99-b481-1c0cd0fbc4b4,2025-09-08,5,29,25,36
541c90fc-8e91-4d99-b481-1c0cd0fbc4b4,2025-09-15,5,32.99,30,35
541c90fc-8e91-4d99-b481-1c0cd0fbc4b4,2025-09-22,4,39.5,32,42
541c90fc-8e91-4d99-b481-1c0cd0fbc4b4,2025-09-29,4,33.52,30,39
541c90fc-8e91-4d99-b481-1c0cd0fbc4b4,2025-10-06,2,34.59,27.1,42.09
541c90fc-8e91-4d99-b481-1c0cd0fbc4b4,2025-10-13,5,30,26.85,52.07
541c90fc-8e91-4d99-b481-1c0cd0fbc4b4,2025-10-20,6,33.83,26,39.99
541c90fc-8e91-4d99-b481-1c0cd0fbc4b4,2025-10-27,2,33.62,33.25,34
541c90fc-8e91-4d99-b481-1c0cd0fbc4b4,2025-11-03,2,28.91,25,32.81
541c90fc-8e91-4d99-b481-1c0cd0fbc4b4,2025-11-10,2,40.5,30,50.99
541c90fc-8e91-4d99-b481-1c0cd0fbc4b4,2025-11-17,1,25,25,25
541c90fc-8e91-4d99-b481-1c0cd0fbc4b4,2025-11-24,5,34.29,30,57.96
541c90fc-8e91-4d99-b481-1c0cd0fbc4b4,2025-12-01,1,30,30,30
541c90fc-8e91-4d99-b481-1c0cd0fbc4b4,2025-12-08,8,30,22,36.1
541c90fc-8e91-4d99-b481-1c0cd0fbc4b4,2025-12-15,1,39.93,39.93,39.93
541c90fc-8e91-4d99-b481-1c0cd0fbc4b4,2025-12-22,3,28.8,27.6,47.25
541c90fc-8e91-4d99-b481-1c0cd0fbc4b4,2025-12-29,2,30.5,21,39.99
541c90fc-8e91-4d99-b481-1c0cd0fbc4b4,2026-01-05,4,28.8,16,37
541c90fc-8e91-4d99-b481-1c0cd0fbc4b4,2026-01-12,1,29,29,29
541c90fc-8e91-4d99-b481-1c0cd0fbc4b4,2026-01-19,3,28,20,29
541c90fc-8e91-4d99-b481-1c0cd0fbc4b4,2026-02-02,2,28.16,26.33,30
541c90fc-8e91-4d99-b481-1c0cd0fbc4b4,2026-02-09,3,37.95,36,42.14
541c90fc-8e91-4d99-b481-1c0cd0fbc4b4,2026-02-23,6,34.2,26.01,51
541c90fc-8e91-4d99-b481-1c0cd0fbc4b4,2026-03-02,9,39,30,49.99
541c90fc-8e91-4d99-b481-1c0cd0fbc4b4,2026-03-09,3,35.99,31,40
541c90fc-8e91-4d99-b481-1c0cd0fbc4b4,2026-03-16,7,36,33,49.83
541c90fc-8e91-4d99-b481-1c0cd0fbc4b4,2026-03-23,7,37,22,45
541c90fc-8e91-4d99-b481-1c0cd0fbc4b4,2026-03-30,5,43,39,50
541c90fc-8e91-4d99-b481-1c0cd0fbc4b4,2026-04-06,4,41,37,53.65
541c90fc-8e91-4d99-b481-1c0cd0fbc4b4,2026-04-13,8,46,35.34,60
541c90fc-8e91-4d99-b481-1c0cd0fbc4b4,2026-04-20,3,47.5,45.99,49.94
541c90fc-8e91-4d99-b481-1c0cd0fbc4b4,2026-04-27,2,47.5,45,50
541c90fc-8e91-4d99-b481-1c0cd0fbc4b4,2026-05-04,2,35.2,26,44.4
541c90fc-8e91-4d99-b481-1c0cd0fbc4b4,2026-05-11,2,45.5,41,50
541c90fc-8e91-4d99-b481-1c0cd0fbc4b4,2026-05-18,2,60.84,59.67,62
541c90fc-8e91-4d99-b481-1c0cd0fbc4b4,2026-05-25,1,71.25,71.25,71.25
541c90fc-8e91-4d99-b481-1c0cd0fbc4b4,2026-06-01,2,50.42,46.8,54.05
541c90fc-8e91-4d99-b481-1c0cd0fbc4b4,2026-06-08,4,50.63,50,70
541c90fc-8e91-4d99-b481-1c0cd0fbc4b4,2026-06-15,3,40,33.51,55
541c90fc-8e91-4d99-b481-1c0cd0fbc4b4,2026-06-22,1,35,35,35
541c90fc-8e91-4d99-b481-1c0cd0fbc4b4,2026-06-29,3,43.65,34.5,46.58
541c90fc-8e91-4d99-b481-1c0cd0fbc4b4,2026-07-06,3,50,50,56.05
541c90fc-8e91-4d99-b481-1c0cd0fbc4b4,2026-07-13,5,55,39.6,60.59
541c90fc-8e91-4d99-b481-1c0cd0fbc4b4,2026-07-20,2,56.34,51.42,61.26
541c90fc-8e91-4d99-b481-1c0cd0fbc4b4,2026-07-27,3,46,40,49.99
541c90fc-8e91-4d99-b481-1c0cd0fbc4b4,2026-08-03,2,42.5,31,53.99
541c90fc-8e91-4d99-b481-1c0cd0fbc4b4,2026-08-10,3,61,56.98,61.2
541c90fc-8e91-4d99-b481-1c0cd0fbc4b4,2026-08-17,3,50,37,59.95
541c90fc-8e91-4d99-b481-1c0cd0fbc4b4,2026-08-24,2,44.34,38.67,50
541c90fc-8e91-4d99-b481-1c0cd0fbc4b4,2026-08-31,2,39.95,36.26,43.65
541cb3d0-f4b0-4092-a4e4-65f7e1359861,2024-06-17,1,14,14,14
541cb3d0-f4b0-4092-a4e4-65f7e1359861,2024-07-08,2,12.5,12.5,12.5
541cb3d0-f4b0-4092-a4e4-65f7e1359861,2024-08-12,1,12.5,12.5,12.5
541cb3d0-f4b0-4092-a4e4-65f7e1359861,2024-09-09,1,39.99,39.99,39.99
541cb3d0-f4b0-4092-a4e4-65f7e1359861,2024-10-14,1,9.99,9.99,9.99
541cb3d0-f4b0-4092-a4e4-65f7e1359861,2024-10-28,1,20,20,20
541cb3d0-f4b0-4092-a4e4-65f7e1359861,2024-11-25,1,8.14,8.14,8.14
541cb3d0-f4b0-4092-a4e4-65f7e1359861,2025-02-17,1,19,19,19
541cb3d0-f4b0-4092-a4e4-65f7e1359861,2025-02-24,1,21.76,21.76,21.76
541cb3d0-f4b0-4092-a4e4-65f7e1359861,2025-05-05,1,16.99,16.99,16.99
541cb3d0-f4b0-4092-a4e4-65f7e1359861,2025-05-19,1,16,16,16
541cb3d0-f4b0-4092-a4e4-65f7e1359861,2026-07-20,1,40,40,40
541d3b2e-f15b-42be-a8e7-94e65f95af03,2022-03-28,1,81,81,81
541d3b2e-f15b-42be-a8e7-94e65f95af03,2022-08-15,2,67.25,26,108.5
541d3b2e-f15b-42be-a8e7-94e65f95af03,2022-12-26,1,67.49,67.49,67.49
541d3b2e-f15b-42be-a8e7-94e65f95af03,2023-01-02,1,228.13,228.13,228.13
541d3b2e-f15b-42be-a8e7-94e65f95af03,2023-01-16,1,76.77,76.77,76.77
541d3b2e-f15b-42be-a8e7-94e65f95af03,2023-02-13,1,80,80,80
541d3b2e-f15b-42be-a8e7-94e65f95af03,2023-03-06,1,79.99,79.99,79.99
541d3b2e-f15b-42be-a8e7-94e65f95af03,2023-04-03,1,79.99,79.99,79.99
541d3b2e-f15b-42be-a8e7-94e65f95af03,2023-04-17,1,51,51,51
541d3b2e-f15b-42be-a8e7-94e65f95af03,2023-05-22,2,55.84,50,61.67
541d3b2e-f15b-42be-a8e7-94e65f95af03,2023-06-05,1,74.99,74.99,74.99
541d3b2e-f15b-42be-a8e7-94e65f95af03,2023-07-03,1,80,80,80
541d3b2e-f15b-42be-a8e7-94e65f95af03,2023-08-07,1,44,44,44
541d3b2e-f15b-42be-a8e7-94e65f95af03,2023-09-25,1,80,80,80
541d3b2e-f15b-42be-a8e7-94e65f95af03,2023-10-09,2,47.12,24.26,69.99
541d3b2e-f15b-42be-a8e7-94e65f95af03,2023-10-16,1,82.57,82.57,82.57
541d3b2e-f15b-42be-a8e7-94e65f95af03,2023-11-06,1,44,44,44
541d3b2e-f15b-42be-a8e7-94e65f95af03,2023-12-18,3,37,31,51
541d3b2e-f15b-42be-a8e7-94e65f95af03,2024-01-22,1,29,29,29
541d3b2e-f15b-42be-a8e7-94e65f95af03,2024-01-29,1,28,28,28
541d3b2e-f15b-42be-a8e7-94e65f95af03,2024-02-12,2,45.95,41.9,49.99
541d3b2e-f15b-42be-a8e7-94e65f95af03,2024-02-19,1,94.9,94.9,94.9
541d3b2e-f15b-42be-a8e7-94e65f95af03,2024-02-26,1,75,75,75
541d3b2e-f15b-42be-a8e7-94e65f95af03,2024-03-04,2,34.26,32,36.52
541d3b2e-f15b-42be-a8e7-94e65f95af03,2024-03-18,1,58.47,58.47,58.47
541d3b2e-f15b-42be-a8e7-94e65f95af03,2024-04-08,1,36.5,36.5,36.5
541d3b2e-f15b-42be-a8e7-94e65f95af03,2024-05-13,1,28.8,28.8,28.8
541d3b2e-f15b-42be-a8e7-94e65f95af03,2024-05-20,1,40.49,40.49,40.49
541d3b2e-f15b-42be-a8e7-94e65f95af03,2024-05-27,1,33.92,33.92,33.92
541d3b2e-f15b-42be-a8e7-94e65f95af03,2024-06-10,1,24.5,24.5,24.5
541d3b2e-f15b-42be-a8e7-94e65f95af03,2024-06-24,1,31.99,31.99,31.99
541d3b2e-f15b-42be-a8e7-94e65f95af03,2024-07-01,1,40.49,40.49,40.49
541d3b2e-f15b-42be-a8e7-94e65f95af03,2024-09-16,1,39.99,39.99,39.99
541d3b2e-f15b-42be-a8e7-94e65f95af03,2024-09-30,1,31.96,31.96,31.96
541d3b2e-f15b-42be-a8e7-94e65f95af03,2024-11-18,1,53.27,53.27,53.27
541d3b2e-f15b-42be-a8e7-94e65f95af03,2024-11-25,1,45,45,45
541d3b2e-f15b-42be-a8e7-94e65f95af03,2024-12-16,1,56.23,56.23,56.23
541d3b2e-f15b-42be-a8e7-94e65f95af03,2025-01-13,1,54.99,54.99,54.99
541d3b2e-f15b-42be-a8e7-94e65f95af03,2025-01-20,2,51.95,48.92,54.99
541d3b2e-f15b-42be-a8e7-94e65f95af03,2025-02-17,1,49.99,49.99,49.99
541d3b2e-f15b-42be-a8e7-94e65f95af03,2025-03-03,1,49.49,49.49,49.49
541d3b2e-f15b-42be-a8e7-94e65f95af03,2025-04-07,2,60.51,54.99,66.03
541d3b2e-f15b-42be-a8e7-94e65f95af03,2025-04-14,2,51.55,50,53.11
541d3b2e-f15b-42be-a8e7-94e65f95af03,2025-04-21,1,66.71,66.71,66.71
541d3b2e-f15b-42be-a8e7-94e65f95af03,2025-04-28,1,89.36,89.36,89.36
541d3b2e-f15b-42be-a8e7-94e65f95af03,2025-06-09,1,59.99,59.99,59.99
541d3b2e-f15b-42be-a8e7-94e65f95af03,2025-06-16,3,51,50,59.99
541d3b2e-f15b-42be-a8e7-94e65f95af03,2025-06-30,2,97.5,95,99.99
541d3b2e-f15b-42be-a8e7-94e65f95af03,2025-10-13,1,74.99,74.99,74.99
541d3b2e-f15b-42be-a8e7-94e65f95af03,2025-10-20,1,115,115,115
541d3b2e-f15b-42be-a8e7-94e65f95af03,2025-10-27,2,81.69,51.95,111.44
541d3b2e-f15b-42be-a8e7-94e65f95af03,2026-01-05,1,79.19,79.19,79.19
541d3b2e-f15b-42be-a8e7-94e65f95af03,2026-01-19,1,89.99,89.99,89.99
541d3b2e-f15b-42be-a8e7-94e65f95af03,2026-02-16,1,100,100,100
541d3b2e-f15b-42be-a8e7-94e65f95af03,2026-03-30,2,114.02,104.95,123.09
541d3b2e-f15b-42be-a8e7-94e65f95af03,2026-04-13,1,99.95,99.95,99.95
541d3b2e-f15b-42be-a8e7-94e65f95af03,2026-04-20,1,85.93,85.93,85.93
541d3b2e-f15b-42be-a8e7-94e65f95af03,2026-06-08,1,129.99,129.99,129.99
541d3b2e-f15b-42be-a8e7-94e65f95af03,2026-06-15,1,162.5,162.5,162.5
541d3b2e-f15b-42be-a8e7-94e65f95af03,2026-06-22,1,120,120,120
541d3b2e-f15b-42be-a8e7-94e65f95af03,2026-06-29,1,107,107,107
541d3b2e-f15b-42be-a8e7-94e65f95af03,2026-07-20,1,115.5,115.5,115.5
541d3b2e-f15b-42be-a8e7-94e65f95af03,2026-07-27,1,111.6,111.6,111.6
54207b6a-6a4c-4420-a724-b5dbf15747be,2023-08-07,1,42,42,42
54207b6a-6a4c-4420-a724-b5dbf15747be,2023-08-28,1,25,25,25
54207b6a-6a4c-4420-a724-b5dbf15747be,2023-12-04,1,11.41,11.41,11.41
54207b6a-6a4c-4420-a724-b5dbf15747be,2023-12-11,1,16.83,16.83,16.83
54207b6a-6a4c-4420-a724-b5dbf15747be,2024-01-08,2,21.09,18.68,23.5
54207b6a-6a4c-4420-a724-b5dbf15747be,2024-10-14,1,44.95,44.95,44.95
54207b6a-6a4c-4420-a724-b5dbf15747be,2024-10-28,1,20,20,20
54207b6a-6a4c-4420-a724-b5dbf15747be,2024-12-09,1,15.5,15.5,15.5
54207b6a-6a4c-4420-a724-b5dbf15747be,2025-01-06,1,35,35,35
54207b6a-6a4c-4420-a724-b5dbf15747be,2025-06-02,1,25,25,25
54207b6a-6a4c-4420-a724-b5dbf15747be,2025-07-14,1,58.09,58.09,58.09
54207b6a-6a4c-4420-a724-b5dbf15747be,2025-09-08,1,59,59,59
54207b6a-6a4c-4420-a724-b5dbf15747be,2025-09-15,1,47.67,47.67,47.67
54207b6a-6a4c-4420-a724-b5dbf15747be,2026-05-04,1,38,38,38
54207b6a-6a4c-4420-a724-b5dbf15747be,2026-06-15,4,94.63,71,122.5
54207b6a-6a4c-4420-a724-b5dbf15747be,2026-07-13,1,82.36,82.36,82.36
54207b6a-6a4c-4420-a724-b5dbf15747be,2026-08-03,1,31.48,31.48,31.48
54207b6a-6a4c-4420-a724-b5dbf15747be,2026-08-24,1,75.8,75.8,75.8
5422b329-3e89-4f68-b1ef-4e14585bb061,2021-04-26,1,710,710,710
5422b329-3e89-4f68-b1ef-4e14585bb061,2021-11-08,1,525,525,525
5422b329-3e89-4f68-b1ef-4e14585bb061,2022-01-10,1,560,560,560
5422b329-3e89-4f68-b1ef-4e14585bb061,2022-02-14,1,539,539,539
5422b329-3e89-4f68-b1ef-4e14585bb061,2022-03-14,1,1000,1000,1000
5422b329-3e89-4f68-b1ef-4e14585bb061,2022-08-15,1,999.99,999.99,999.99
5422b329-3e89-4f68-b1ef-4e14585bb061,2023-01-23,1,1010,1010,1010
5422b329-3e89-4f68-b1ef-4e14585bb061,2023-04-17,1,751.86,751.86,751.86
5422b329-3e89-4f68-b1ef-4e14585bb061,2023-07-03,1,647.51,647.51,647.51
5422b329-3e89-4f68-b1ef-4e14585bb061,2025-01-27,1,950,950,950
5422b329-3e89-4f68-b1ef-4e14585bb061,2025-04-07,1,975,975,975
5422b329-3e89-4f68-b1ef-4e14585bb061,2025-04-14,1,729.68,729.68,729.68
5422b329-3e89-4f68-b1ef-4e14585bb061,2025-11-24,1,1425,1425,1425
5422b329-3e89-4f68-b1ef-4e14585bb061,2026-02-02,1,2199.99,2199.99,2199.99
5422b329-3e89-4f68-b1ef-4e14585bb061,2026-06-29,2,3772.8,3480,4065.6
542517d3-eb4a-40f7-a4a4-00c01c771155,2021-11-01,1,238.86,238.86,238.86
542517d3-eb4a-40f7-a4a4-00c01c771155,2021-11-15,1,550,550,550
542517d3-eb4a-40f7-a4a4-00c01c771155,2022-08-01,1,615.03,615.03,615.03
542517d3-eb4a-40f7-a4a4-00c01c771155,2022-08-22,1,625,625,625
542517d3-eb4a-40f7-a4a4-00c01c771155,2022-12-05,1,500,500,500
542517d3-eb4a-40f7-a4a4-00c01c771155,2022-12-12,1,600,600,600
542517d3-eb4a-40f7-a4a4-00c01c771155,2022-12-26,1,770,770,770
542517d3-eb4a-40f7-a4a4-00c01c771155,2023-02-27,1,700,700,700
542517d3-eb4a-40f7-a4a4-00c01c771155,2023-03-06,1,639.23,639.23,639.23
542517d3-eb4a-40f7-a4a4-00c01c771155,2023-04-10,1,746.01,746.01,746.01
542517d3-eb4a-40f7-a4a4-00c01c771155,2023-05-15,2,542.12,338,746.25
542517d3-eb4a-40f7-a4a4-00c01c771155,2023-05-29,1,480,480,480
542517d3-eb4a-40f7-a4a4-00c01c771155,2023-07-31,1,313.88,313.88,313.88
542517d3-eb4a-40f7-a4a4-00c01c771155,2023-08-14,1,350,350,350
542517d3-eb4a-40f7-a4a4-00c01c771155,2023-10-02,1,468,468,468
542517d3-eb4a-40f7-a4a4-00c01c771155,2023-12-11,1,444,444,444
542517d3-eb4a-40f7-a4a4-00c01c771155,2024-02-12,1,363,363,363
542517d3-eb4a-40f7-a4a4-00c01c771155,2024-02-19,1,384,384,384
542517d3-eb4a-40f7-a4a4-00c01c771155,2024-03-18,2,343.9,336,351.8
542517d3-eb4a-40f7-a4a4-00c01c771155,2024-05-06,1,372,372,372
542517d3-eb4a-40f7-a4a4-00c01c771155,2024-05-20,1,289,289,289
542517d3-eb4a-40f7-a4a4-00c01c771155,2024-06-10,1,340,340,340
542517d3-eb4a-40f7-a4a4-00c01c771155,2024-06-24,2,354,338,370
542517d3-eb4a-40f7-a4a4-00c01c771155,2024-07-22,1,290,290,290
542517d3-eb4a-40f7-a4a4-00c01c771155,2024-07-29,1,222,222,222
542517d3-eb4a-40f7-a4a4-00c01c771155,2024-08-26,1,270,270,270
542517d3-eb4a-40f7-a4a4-00c01c771155,2024-10-28,1,300,300,300
542517d3-eb4a-40f7-a4a4-00c01c771155,2024-11-04,1,230.5,230.5,230.5
542517d3-eb4a-40f7-a4a4-00c01c771155,2024-12-23,1,315,315,315
542517d3-eb4a-40f7-a4a4-00c01c771155,2025-01-13,1,320,320,320
542517d3-eb4a-40f7-a4a4-00c01c771155,2025-02-10,1,380,380,380
542517d3-eb4a-40f7-a4a4-00c01c771155,2025-02-24,1,300,300,300
542517d3-eb4a-40f7-a4a4-00c01c771155,2025-03-03,1,232.5,232.5,232.5
542517d3-eb4a-40f7-a4a4-00c01c771155,2025-03-24,1,375,375,375
542517d3-eb4a-40f7-a4a4-00c01c771155,2025-04-07,1,348,348,348
542517d3-eb4a-40f7-a4a4-00c01c771155,2025-04-14,2,411.49,397.98,425
542517d3-eb4a-40f7-a4a4-00c01c771155,2025-04-21,1,400,400,400
542517d3-eb4a-40f7-a4a4-00c01c771155,2025-05-05,2,421,412,430
542517d3-eb4a-40f7-a4a4-00c01c771155,2025-05-19,1,449.98,449.98,449.98
542517d3-eb4a-40f7-a4a4-00c01c771155,2025-06-30,1,600,600,600
542517d3-eb4a-40f7-a4a4-00c01c771155,2025-07-07,1,578.06,578.06,578.06
542517d3-eb4a-40f7-a4a4-00c01c771155,2025-07-14,3,604.55,480,650
542517d3-eb4a-40f7-a4a4-00c01c771155,2025-07-28,1,799.99,799.99,799.99
542517d3-eb4a-40f7-a4a4-00c01c771155,2025-08-18,1,400,400,400
542517d3-eb4a-40f7-a4a4-00c01c771155,2025-08-25,1,910,910,910
542517d3-eb4a-40f7-a4a4-00c01c771155,2025-09-08,1,916.19,916.19,916.19
542517d3-eb4a-40f7-a4a4-00c01c771155,2025-09-15,1,360,360,360
542517d3-eb4a-40f7-a4a4-00c01c771155,2025-09-22,1,1000,1000,1000
542517d3-eb4a-40f7-a4a4-00c01c771155,2025-09-29,1,1123,1123,1123
542517d3-eb4a-40f7-a4a4-00c01c771155,2025-10-06,1,550,550,550
542517d3-eb4a-40f7-a4a4-00c01c771155,2025-11-24,2,783.37,746.74,820
542517d3-eb4a-40f7-a4a4-00c01c771155,2026-01-05,1,1000,1000,1000
542517d3-eb4a-40f7-a4a4-00c01c771155,2026-02-16,2,1550,1450,1650
542517d3-eb4a-40f7-a4a4-00c01c771155,2026-03-02,1,1800,1800,1800
542517d3-eb4a-40f7-a4a4-00c01c771155,2026-03-23,1,3745,3745,3745
542517d3-eb4a-40f7-a4a4-00c01c771155,2026-04-13,5,3999.99,3250,4089
542517d3-eb4a-40f7-a4a4-00c01c771155,2026-06-15,1,2400,2400,2400
542517d3-eb4a-40f7-a4a4-00c01c771155,2026-06-22,1,6459.26,6459.26,6459.26
542517d3-eb4a-40f7-a4a4-00c01c771155,2026-07-20,1,3890,3890,3890
542517d3-eb4a-40f7-a4a4-00c01c771155,2026-08-03,1,3950,3950,3950
542517d3-eb4a-40f7-a4a4-00c01c771155,2026-08-10,1,4750,4750,4750
542517d3-eb4a-40f7-a4a4-00c01c771155,2026-08-31,1,5200,5200,5200
542517d3-eb4a-40f7-a4a4-00c01c771155,2026-09-07,1,5100,5100,5100
5425850b-7c28-486b-bd8d-7a7f52d3ef11,2023-01-23,1,4500,4500,4500
5425850b-7c28-486b-bd8d-7a7f52d3ef11,2024-07-01,1,1276.35,1276.35,1276.35
54264ada-ed79-4cc3-8769-f923d83ab776,2021-04-26,1,80,80,80
54264ada-ed79-4cc3-8769-f923d83ab776,2021-05-03,1,100,100,100
54264ada-ed79-4cc3-8769-f923d83ab776,2021-05-31,1,50,50,50
54264ada-ed79-4cc3-8769-f923d83ab776,2021-08-16,1,89.1,89.1,89.1
54264ada-ed79-4cc3-8769-f923d83ab776,2021-11-15,1,70,70,70
54264ada-ed79-4cc3-8769-f923d83ab776,2021-11-22,1,48,48,48
54264ada-ed79-4cc3-8769-f923d83ab776,2021-11-29,1,60,60,60
54264ada-ed79-4cc3-8769-f923d83ab776,2021-12-06,1,41,41,41
54264ada-ed79-4cc3-8769-f923d83ab776,2022-01-03,1,45,45,45
54264ada-ed79-4cc3-8769-f923d83ab776,2022-01-31,1,72,72,72
54264ada-ed79-4cc3-8769-f923d83ab776,2022-03-21,1,57,57,57
54264ada-ed79-4cc3-8769-f923d83ab776,2022-05-09,1,65,65,65
54264ada-ed79-4cc3-8769-f923d83ab776,2022-05-30,1,37,37,37
54264ada-ed79-4cc3-8769-f923d83ab776,2022-07-11,1,32,32,32
54264ada-ed79-4cc3-8769-f923d83ab776,2022-08-15,1,31,31,31
54264ada-ed79-4cc3-8769-f923d83ab776,2022-08-22,1,100,100,100
54264ada-ed79-4cc3-8769-f923d83ab776,2022-10-10,1,129.95,129.95,129.95
54264ada-ed79-4cc3-8769-f923d83ab776,2022-10-17,1,75,75,75
54264ada-ed79-4cc3-8769-f923d83ab776,2023-01-23,1,85,85,85
54264ada-ed79-4cc3-8769-f923d83ab776,2023-02-20,1,26.4,26.4,26.4
54264ada-ed79-4cc3-8769-f923d83ab776,2023-04-03,1,119.99,119.99,119.99
54264ada-ed79-4cc3-8769-f923d83ab776,2023-12-04,1,99.99,99.99,99.99
54264ada-ed79-4cc3-8769-f923d83ab776,2024-01-22,1,115,115,115
54264ada-ed79-4cc3-8769-f923d83ab776,2024-03-18,1,117.5,117.5,117.5
54264ada-ed79-4cc3-8769-f923d83ab776,2024-07-22,1,102.02,102.02,102.02
54264ada-ed79-4cc3-8769-f923d83ab776,2024-09-09,2,114.54,104.08,125
54264ada-ed79-4cc3-8769-f923d83ab776,2024-12-02,1,152.5,152.5,152.5
54264ada-ed79-4cc3-8769-f923d83ab776,2025-02-17,1,187.5,187.5,187.5
54264ada-ed79-4cc3-8769-f923d83ab776,2025-02-24,1,130.73,130.73,130.73
54264ada-ed79-4cc3-8769-f923d83ab776,2025-06-02,1,199.99,199.99,199.99
54264ada-ed79-4cc3-8769-f923d83ab776,2025-06-09,1,144,144,144
54264ada-ed79-4cc3-8769-f923d83ab776,2025-06-30,1,175,175,175
54264ada-ed79-4cc3-8769-f923d83ab776,2025-09-15,1,187.5,187.5,187.5
54264ada-ed79-4cc3-8769-f923d83ab776,2025-10-27,1,325,325,325
54264ada-ed79-4cc3-8769-f923d83ab776,2025-11-03,1,250,250,250
54264ada-ed79-4cc3-8769-f923d83ab776,2026-01-12,1,300,300,300
54264ada-ed79-4cc3-8769-f923d83ab776,2026-04-06,1,329.99,329.99,329.99
54264ada-ed79-4cc3-8769-f923d83ab776,2026-05-18,1,275,275,275
54264ada-ed79-4cc3-8769-f923d83ab776,2026-07-06,1,174,174,174
54269053-ca6a-4c07-a90a-6fc09b3997d3,2025-02-17,2,31.02,31,31.05
54269053-ca6a-4c07-a90a-6fc09b3997d3,2025-02-24,6,28,15.51,41.99
54269053-ca6a-4c07-a90a-6fc09b3997d3,2025-03-10,2,37.5,35,40
54269053-ca6a-4c07-a90a-6fc09b3997d3,2025-03-17,1,49.99,49.99,49.99
54269053-ca6a-4c07-a90a-6fc09b3997d3,2025-03-24,3,40,40,40
54269053-ca6a-4c07-a90a-6fc09b3997d3,2025-03-31,1,20.26,20.26,20.26
54269053-ca6a-4c07-a90a-6fc09b3997d3,2025-04-07,1,30,30,30
54269053-ca6a-4c07-a90a-6fc09b3997d3,2025-04-14,3,40,26,45
54269053-ca6a-4c07-a90a-6fc09b3997d3,2025-04-28,3,40,30.8,40
54269053-ca6a-4c07-a90a-6fc09b3997d3,2025-05-05,2,35.5,35,36
54269053-ca6a-4c07-a90a-6fc09b3997d3,2025-05-19,4,35,26,37
54269053-ca6a-4c07-a90a-6fc09b3997d3,2025-05-26,1,36,36,36
54269053-ca6a-4c07-a90a-6fc09b3997d3,2025-06-02,2,42.95,40.92,44.99
54269053-ca6a-4c07-a90a-6fc09b3997d3,2025-06-30,2,39.16,31.33,47
54269053-ca6a-4c07-a90a-6fc09b3997d3,2025-07-07,1,74.95,74.95,74.95
54269053-ca6a-4c07-a90a-6fc09b3997d3,2025-07-14,1,30,30,30
54269053-ca6a-4c07-a90a-6fc09b3997d3,2025-08-11,2,43.5,41,46
54269053-ca6a-4c07-a90a-6fc09b3997d3,2025-08-25,1,60.75,60.75,60.75
54269053-ca6a-4c07-a90a-6fc09b3997d3,2025-09-01,2,47,47,47
54269053-ca6a-4c07-a90a-6fc09b3997d3,2025-09-08,1,58.5,58.5,58.5
54269053-ca6a-4c07-a90a-6fc09b3997d3,2025-09-15,1,79,79,79
54269053-ca6a-4c07-a90a-6fc09b3997d3,2025-09-29,4,78.5,46.01,140
54269053-ca6a-4c07-a90a-6fc09b3997d3,2025-10-27,2,51.77,44.7,58.84
54269053-ca6a-4c07-a90a-6fc09b3997d3,2025-11-03,2,62.5,47,78
54269053-ca6a-4c07-a90a-6fc09b3997d3,2025-11-10,1,72.2,72.2,72.2
54269053-ca6a-4c07-a90a-6fc09b3997d3,2025-11-17,2,39.5,26,53
54269053-ca6a-4c07-a90a-6fc09b3997d3,2025-11-24,2,32.49,24.99,40
54269053-ca6a-4c07-a90a-6fc09b3997d3,2025-12-01,4,57,51,79
54269053-ca6a-4c07-a90a-6fc09b3997d3,2025-12-08,2,55.5,55,56
54269053-ca6a-4c07-a90a-6fc09b3997d3,2025-12-29,3,65,51,75
54269053-ca6a-4c07-a90a-6fc09b3997d3,2026-01-05,1,52,52,52
54269053-ca6a-4c07-a90a-6fc09b3997d3,2026-01-12,1,70,70,70
54269053-ca6a-4c07-a90a-6fc09b3997d3,2026-01-19,1,70,70,70
54269053-ca6a-4c07-a90a-6fc09b3997d3,2026-01-26,1,59.31,59.31,59.31
54269053-ca6a-4c07-a90a-6fc09b3997d3,2026-02-02,1,52,52,52
54269053-ca6a-4c07-a90a-6fc09b3997d3,2026-02-09,4,50.75,40,77
54269053-ca6a-4c07-a90a-6fc09b3997d3,2026-03-02,1,51,51,51
54269053-ca6a-4c07-a90a-6fc09b3997d3,2026-03-09,3,52,52,52.01
54269053-ca6a-4c07-a90a-6fc09b3997d3,2026-03-23,1,52,52,52
54269053-ca6a-4c07-a90a-6fc09b3997d3,2026-03-30,13,71,50,105.5
54269053-ca6a-4c07-a90a-6fc09b3997d3,2026-04-06,4,69,62,82
54269053-ca6a-4c07-a90a-6fc09b3997d3,2026-04-13,6,75.01,65,104.4
54269053-ca6a-4c07-a90a-6fc09b3997d3,2026-04-20,3,79.77,62.4,79.99
54269053-ca6a-4c07-a90a-6fc09b3997d3,2026-04-27,3,98.4,62,100
54269053-ca6a-4c07-a90a-6fc09b3997d3,2026-05-04,3,84,81,99
54269053-ca6a-4c07-a90a-6fc09b3997d3,2026-05-18,2,105,100,110
54269053-ca6a-4c07-a90a-6fc09b3997d3,2026-05-25,1,100,100,100
54269053-ca6a-4c07-a90a-6fc09b3997d3,2026-06-01,2,102,99,105
54269053-ca6a-4c07-a90a-6fc09b3997d3,2026-06-08,1,111,111,111
54269053-ca6a-4c07-a90a-6fc09b3997d3,2026-06-15,6,93,65.49,100
54269053-ca6a-4c07-a90a-6fc09b3997d3,2026-06-22,3,85.29,63.6,124
54269053-ca6a-4c07-a90a-6fc09b3997d3,2026-06-29,2,108.5,72,145
54269053-ca6a-4c07-a90a-6fc09b3997d3,2026-07-06,7,81,77.7,105
54269053-ca6a-4c07-a90a-6fc09b3997d3,2026-07-13,8,74.7,48,103.5
54269053-ca6a-4c07-a90a-6fc09b3997d3,2026-07-20,4,84,57.6,100
54269053-ca6a-4c07-a90a-6fc09b3997d3,2026-07-27,3,75,75,99
54269053-ca6a-4c07-a90a-6fc09b3997d3,2026-08-10,11,60,46.81,67
54269053-ca6a-4c07-a90a-6fc09b3997d3,2026-08-17,3,61,56,84.99
54269053-ca6a-4c07-a90a-6fc09b3997d3,2026-08-24,22,47,41,68
54269053-ca6a-4c07-a90a-6fc09b3997d3,2026-08-31,7,52,39,63.11
54269053-ca6a-4c07-a90a-6fc09b3997d3,2026-09-07,4,57,46.5,80
5428f9f0-f215-4dc9-b655-c604982fe993,2021-12-27,1,123.5,123.5,123.5
5428f9f0-f215-4dc9-b655-c604982fe993,2022-01-10,1,71,71,71
5428f9f0-f215-4dc9-b655-c604982fe993,2022-02-14,1,122.58,122.58,122.58
5428f9f0-f215-4dc9-b655-c604982fe993,2022-06-06,1,90,90,90
5428f9f0-f215-4dc9-b655-c604982fe993,2022-06-20,1,127.5,127.5,127.5
5428f9f0-f215-4dc9-b655-c604982fe993,2022-08-08,1,72.71,72.71,72.71
5428f9f0-f215-4dc9-b655-c604982fe993,2022-12-05,1,103.05,103.05,103.05
5428f9f0-f215-4dc9-b655-c604982fe993,2023-01-23,2,118.25,96.5,140
5428f9f0-f215-4dc9-b655-c604982fe993,2023-02-06,1,120,120,120
5428f9f0-f215-4dc9-b655-c604982fe993,2023-02-20,1,95,95,95
5428f9f0-f215-4dc9-b655-c604982fe993,2023-03-20,2,70.29,67,73.58
5428f9f0-f215-4dc9-b655-c604982fe993,2023-03-27,3,117.54,70,132.77
5428f9f0-f215-4dc9-b655-c604982fe993,2023-04-03,1,111.28,111.28,111.28
5428f9f0-f215-4dc9-b655-c604982fe993,2023-04-24,2,77.44,75,79.88
5428f9f0-f215-4dc9-b655-c604982fe993,2023-05-08,2,81.29,79.58,83
5428f9f0-f215-4dc9-b655-c604982fe993,2023-05-15,1,90,90,90
5428f9f0-f215-4dc9-b655-c604982fe993,2023-05-22,1,73.88,73.88,73.88
5428f9f0-f215-4dc9-b655-c604982fe993,2023-06-05,1,90,90,90
5428f9f0-f215-4dc9-b655-c604982fe993,2023-06-19,2,80.5,71,90
5428f9f0-f215-4dc9-b655-c604982fe993,2023-07-10,1,95,95,95
5428f9f0-f215-4dc9-b655-c604982fe993,2023-07-24,1,75,75,75
5428f9f0-f215-4dc9-b655-c604982fe993,2023-07-31,1,78,78,78
5428f9f0-f215-4dc9-b655-c604982fe993,2023-08-28,1,69.88,69.88,69.88
5428f9f0-f215-4dc9-b655-c604982fe993,2023-10-09,1,51.24,51.24,51.24
5428f9f0-f215-4dc9-b655-c604982fe993,2023-10-16,1,81.6,81.6,81.6
5428f9f0-f215-4dc9-b655-c604982fe993,2023-10-23,2,57.6,56.4,58.8
5428f9f0-f215-4dc9-b655-c604982fe993,2023-10-30,1,77.72,77.72,77.72
5428f9f0-f215-4dc9-b655-c604982fe993,2023-11-06,1,93.6,93.6,93.6
5428f9f0-f215-4dc9-b655-c604982fe993,2023-12-18,1,46,46,46
5428f9f0-f215-4dc9-b655-c604982fe993,2024-01-01,1,112.24,112.24,112.24
5428f9f0-f215-4dc9-b655-c604982fe993,2024-01-15,2,53.72,44,63.44
5428f9f0-f215-4dc9-b655-c604982fe993,2024-01-22,1,84,84,84
5428f9f0-f215-4dc9-b655-c604982fe993,2024-02-12,2,69.99,64.99,74.99
5428f9f0-f215-4dc9-b655-c604982fe993,2024-03-04,2,85.2,74.4,96
5428f9f0-f215-4dc9-b655-c604982fe993,2024-03-11,1,80.74,80.74,80.74
5428f9f0-f215-4dc9-b655-c604982fe993,2024-03-18,1,76.8,76.8,76.8
5428f9f0-f215-4dc9-b655-c604982fe993,2024-03-25,1,68.22,68.22,68.22
5428f9f0-f215-4dc9-b655-c604982fe993,2024-04-01,1,41.5,41.5,41.5
5428f9f0-f215-4dc9-b655-c604982fe993,2024-04-08,1,69.64,69.64,69.64
5428f9f0-f215-4dc9-b655-c604982fe993,2024-04-15,1,31.72,31.72,31.72
5428f9f0-f215-4dc9-b655-c604982fe993,2024-05-13,4,52.9,36,67.2
5428f9f0-f215-4dc9-b655-c604982fe993,2024-06-10,3,43.2,36,56
5428f9f0-f215-4dc9-b655-c604982fe993,2024-06-17,1,39.6,39.6,39.6
5428f9f0-f215-4dc9-b655-c604982fe993,2024-06-24,1,72,72,72
5428f9f0-f215-4dc9-b655-c604982fe993,2024-07-08,1,44.99,44.99,44.99
5428f9f0-f215-4dc9-b655-c604982fe993,2024-07-29,3,57.81,38,62.65
5428f9f0-f215-4dc9-b655-c604982fe993,2024-08-05,3,52,51.6,70.18
5428f9f0-f215-4dc9-b655-c604982fe993,2024-08-12,1,79.2,79.2,79.2
5428f9f0-f215-4dc9-b655-c604982fe993,2024-08-19,1,76.99,76.99,76.99
5428f9f0-f215-4dc9-b655-c604982fe993,2024-08-26,2,56.8,52.61,61
5428f9f0-f215-4dc9-b655-c604982fe993,2024-09-09,1,49.2,49.2,49.2
5428f9f0-f215-4dc9-b655-c604982fe993,2024-09-30,1,57.7,57.7,57.7
5428f9f0-f215-4dc9-b655-c604982fe993,2024-10-14,1,79,79,79
5428f9f0-f215-4dc9-b655-c604982fe993,2024-10-21,1,75,75,75
5428f9f0-f215-4dc9-b655-c604982fe993,2024-11-18,2,65,49,81
5428f9f0-f215-4dc9-b655-c604982fe993,2024-11-25,1,55.2,55.2,55.2
5428f9f0-f215-4dc9-b655-c604982fe993,2024-12-30,1,58,58,58
5428f9f0-f215-4dc9-b655-c604982fe993,2025-01-13,1,50,50,50
5428f9f0-f215-4dc9-b655-c604982fe993,2025-01-27,1,45.97,45.97,45.97
5428f9f0-f215-4dc9-b655-c604982fe993,2025-02-03,2,65.3,51.6,79
5428f9f0-f215-4dc9-b655-c604982fe993,2025-02-10,1,51,51,51
5428f9f0-f215-4dc9-b655-c604982fe993,2025-02-24,2,54.17,42.34,66
5428f9f0-f215-4dc9-b655-c604982fe993,2025-03-03,1,56.4,56.4,56.4
5428f9f0-f215-4dc9-b655-c604982fe993,2025-03-10,1,60,60,60
5428f9f0-f215-4dc9-b655-c604982fe993,2025-03-24,2,77.14,56.29,97.99
5428f9f0-f215-4dc9-b655-c604982fe993,2025-03-31,1,55,55,55
5428f9f0-f215-4dc9-b655-c604982fe993,2025-04-14,1,64,64,64
5428f9f0-f215-4dc9-b655-c604982fe993,2025-05-05,1,79.99,79.99,79.99
5428f9f0-f215-4dc9-b655-c604982fe993,2025-05-12,1,79,79,79
5428f9f0-f215-4dc9-b655-c604982fe993,2025-05-26,1,70.88,70.88,70.88
5428f9f0-f215-4dc9-b655-c604982fe993,2025-06-02,1,94.74,94.74,94.74
5428f9f0-f215-4dc9-b655-c604982fe993,2025-06-09,1,89.99,89.99,89.99
5428f9f0-f215-4dc9-b655-c604982fe993,2025-07-14,1,80,80,80
5428f9f0-f215-4dc9-b655-c604982fe993,2025-07-21,1,69.6,69.6,69.6
5428f9f0-f215-4dc9-b655-c604982fe993,2025-07-28,2,84.2,82,86.4
5428f9f0-f215-4dc9-b655-c604982fe993,2025-09-15,1,138,138,138
5428f9f0-f215-4dc9-b655-c604982fe993,2025-10-13,2,170,90,250
5428f9f0-f215-4dc9-b655-c604982fe993,2025-10-20,1,129.99,129.99,129.99
5428f9f0-f215-4dc9-b655-c604982fe993,2025-12-01,2,171.4,142.8,200
5428f9f0-f215-4dc9-b655-c604982fe993,2025-12-29,1,169.95,169.95,169.95
5428f9f0-f215-4dc9-b655-c604982fe993,2026-01-05,1,151.16,151.16,151.16
5428f9f0-f215-4dc9-b655-c604982fe993,2026-01-12,1,168.59,168.59,168.59
5428f9f0-f215-4dc9-b655-c604982fe993,2026-01-26,2,175.54,171.08,179.99
5428f9f0-f215-4dc9-b655-c604982fe993,2026-02-09,3,169.56,156.33,191.7
5428f9f0-f215-4dc9-b655-c604982fe993,2026-02-16,1,200,200,200
5428f9f0-f215-4dc9-b655-c604982fe993,2026-02-23,2,242.5,210,275
5428f9f0-f215-4dc9-b655-c604982fe993,2026-03-02,1,276,276,276
5428f9f0-f215-4dc9-b655-c604982fe993,2026-03-09,1,310,310,310
5428f9f0-f215-4dc9-b655-c604982fe993,2026-03-16,2,442.5,300,585
5428f9f0-f215-4dc9-b655-c604982fe993,2026-03-23,1,511,511,511
5428f9f0-f215-4dc9-b655-c604982fe993,2026-03-30,3,605,530,620.67
5428f9f0-f215-4dc9-b655-c604982fe993,2026-04-06,3,455,360,490
5428f9f0-f215-4dc9-b655-c604982fe993,2026-04-13,1,675.31,675.31,675.31
5428f9f0-f215-4dc9-b655-c604982fe993,2026-04-20,1,530,530,530
5428f9f0-f215-4dc9-b655-c604982fe993,2026-04-27,2,555,510,600
5428f9f0-f215-4dc9-b655-c604982fe993,2026-05-04,1,599.99,599.99,599.99
5428f9f0-f215-4dc9-b655-c604982fe993,2026-05-25,1,618.98,618.98,618.98
5428f9f0-f215-4dc9-b655-c604982fe993,2026-06-01,1,595,595,595
5428f9f0-f215-4dc9-b655-c604982fe993,2026-06-15,1,664.65,664.65,664.65
5428f9f0-f215-4dc9-b655-c604982fe993,2026-07-13,1,550,550,550
5428f9f0-f215-4dc9-b655-c604982fe993,2026-07-27,1,461,461,461
5428f9f0-f215-4dc9-b655-c604982fe993,2026-08-03,1,406.8,406.8,406.8
5428f9f0-f215-4dc9-b655-c604982fe993,2026-08-10,2,472.4,394.8,550
5428f9f0-f215-4dc9-b655-c604982fe993,2026-08-17,3,397.09,368,450
5428f9f0-f215-4dc9-b655-c604982fe993,2026-08-24,2,369.6,340.2,399
5428f9f0-f215-4dc9-b655-c604982fe993,2026-08-31,1,368,368,368
5429f686-eb04-4822-a846-6a24c5e79c6d,2021-04-12,1,85,85,85
5429f686-eb04-4822-a846-6a24c5e79c6d,2021-07-12,1,76,76,76
5429f686-eb04-4822-a846-6a24c5e79c6d,2021-11-15,1,42,42,42
5429f686-eb04-4822-a846-6a24c5e79c6d,2021-12-13,1,31,31,31
5429f686-eb04-4822-a846-6a24c5e79c6d,2022-01-03,1,62.55,62.55,62.55
5429f686-eb04-4822-a846-6a24c5e79c6d,2022-01-24,1,79,79,79
5429f686-eb04-4822-a846-6a24c5e79c6d,2022-03-28,1,56,56,56
5429f686-eb04-4822-a846-6a24c5e79c6d,2022-04-04,1,59.99,59.99,59.99
5429f686-eb04-4822-a846-6a24c5e79c6d,2022-05-16,1,113.5,113.5,113.5
5429f686-eb04-4822-a846-6a24c5e79c6d,2022-05-30,1,54,54,54
5429f686-eb04-4822-a846-6a24c5e79c6d,2022-10-24,1,55,55,55
5429f686-eb04-4822-a846-6a24c5e79c6d,2022-12-12,1,17.85,17.85,17.85
5429f686-eb04-4822-a846-6a24c5e79c6d,2023-03-06,1,41,41,41
5429f686-eb04-4822-a846-6a24c5e79c6d,2023-03-13,1,49.99,49.99,49.99
5429f686-eb04-4822-a846-6a24c5e79c6d,2023-05-08,1,14.78,14.78,14.78
5429f686-eb04-4822-a846-6a24c5e79c6d,2023-11-27,1,47.95,47.95,47.95
5429f686-eb04-4822-a846-6a24c5e79c6d,2024-06-24,1,32.99,32.99,32.99
5429f686-eb04-4822-a846-6a24c5e79c6d,2024-08-05,1,40,40,40
5429f686-eb04-4822-a846-6a24c5e79c6d,2024-10-14,1,11.61,11.61,11.61
5429f686-eb04-4822-a846-6a24c5e79c6d,2025-05-26,1,45,45,45
5429f686-eb04-4822-a846-6a24c5e79c6d,2025-06-09,1,24.5,24.5,24.5
5429f686-eb04-4822-a846-6a24c5e79c6d,2025-06-23,1,33.22,33.22,33.22
5429f686-eb04-4822-a846-6a24c5e79c6d,2025-09-15,1,42,42,42
5429f686-eb04-4822-a846-6a24c5e79c6d,2025-10-13,1,126,126,126
5429f686-eb04-4822-a846-6a24c5e79c6d,2025-12-01,1,50,50,50
5429f686-eb04-4822-a846-6a24c5e79c6d,2026-01-26,1,85,85,85
5429f686-eb04-4822-a846-6a24c5e79c6d,2026-02-02,1,95,95,95
5429f686-eb04-4822-a846-6a24c5e79c6d,2026-06-01,2,113.75,112.5,114.99
5429f686-eb04-4822-a846-6a24c5e79c6d,2026-06-08,2,121.37,115,127.74
5429f686-eb04-4822-a846-6a24c5e79c6d,2026-06-22,1,91.2,91.2,91.2
5429f686-eb04-4822-a846-6a24c5e79c6d,2026-06-29,1,120,120,120
5429f686-eb04-4822-a846-6a24c5e79c6d,2026-07-13,1,150,150,150
542a4c2a-c193-422d-8cbc-fa5d4f94e345,2026-07-06,8,210.5,172.5,263.71
542a4c2a-c193-422d-8cbc-fa5d4f94e345,2026-07-13,20,220,200,295
542a4c2a-c193-422d-8cbc-fa5d4f94e345,2026-07-20,23,210,180,253.16
542a4c2a-c193-422d-8cbc-fa5d4f94e345,2026-07-27,10,192.25,175,250
542a4c2a-c193-422d-8cbc-fa5d4f94e345,2026-08-03,23,200,180,275.12
542a4c2a-c193-422d-8cbc-fa5d4f94e345,2026-08-10,26,185,160,250
542a4c2a-c193-422d-8cbc-fa5d4f94e345,2026-08-17,30,186.9,132,221.9
542a4c2a-c193-422d-8cbc-fa5d4f94e345,2026-08-24,16,190,155.5,227.49
542a4c2a-c193-422d-8cbc-fa5d4f94e345,2026-08-31,29,183.6,150,241.57
542a4c2a-c193-422d-8cbc-fa5d4f94e345,2026-09-07,16,178,144.5,202.67
542cb16e-540c-4cff-89f7-e44f82fb61a3,2021-05-31,1,31,31,31
542cb16e-540c-4cff-89f7-e44f82fb61a3,2021-11-29,1,99,99,99
542cb16e-540c-4cff-89f7-e44f82fb61a3,2021-12-06,1,150,150,150
542cb16e-540c-4cff-89f7-e44f82fb61a3,2022-01-03,1,85,85,85
542cb16e-540c-4cff-89f7-e44f82fb61a3,2022-01-31,1,80,80,80
542cb16e-540c-4cff-89f7-e44f82fb61a3,2022-02-14,1,100,100,100
542cb16e-540c-4cff-89f7-e44f82fb61a3,2022-03-21,2,49.55,49.49,49.6
542cb16e-540c-4cff-89f7-e44f82fb61a3,2022-04-18,1,78.31,78.31,78.31
542cb16e-540c-4cff-89f7-e44f82fb61a3,2022-11-14,1,21.19,21.19,21.19
542cb16e-540c-4cff-89f7-e44f82fb61a3,2022-12-19,1,47.99,47.99,47.99
542cb16e-540c-4cff-89f7-e44f82fb61a3,2023-01-16,1,35,35,35
542cb16e-540c-4cff-89f7-e44f82fb61a3,2023-02-20,1,50,50,50
542cb16e-540c-4cff-89f7-e44f82fb61a3,2023-07-31,1,33,33,33
542cb16e-540c-4cff-89f7-e44f82fb61a3,2023-08-07,1,60,60,60
542cb16e-540c-4cff-89f7-e44f82fb61a3,2024-02-26,1,21.5,21.5,21.5
542cb16e-540c-4cff-89f7-e44f82fb61a3,2024-04-15,1,26,26,26
542cb16e-540c-4cff-89f7-e44f82fb61a3,2024-07-22,1,34,34,34
542cb16e-540c-4cff-89f7-e44f82fb61a3,2025-01-20,1,20.5,20.5,20.5
542cb16e-540c-4cff-89f7-e44f82fb61a3,2025-06-16,1,49.99,49.99,49.99
542cb16e-540c-4cff-89f7-e44f82fb61a3,2026-04-20,1,74.99,74.99,74.99
542cb16e-540c-4cff-89f7-e44f82fb61a3,2026-05-25,1,55,55,55
542cb16e-540c-4cff-89f7-e44f82fb61a3,2026-06-15,1,56,56,56
542cb16e-540c-4cff-89f7-e44f82fb61a3,2026-08-03,1,60,60,60
542f2234-8b26-456f-b480-36f89e579483,2023-08-28,1,142.5,142.5,142.5
542f2234-8b26-456f-b480-36f89e579483,2024-03-04,1,199.99,199.99,199.99
542f2234-8b26-456f-b480-36f89e579483,2024-07-22,1,83,83,83
542f2234-8b26-456f-b480-36f89e579483,2024-10-28,1,71,71,71
542f2234-8b26-456f-b480-36f89e579483,2025-10-13,1,161,161,161
542f2234-8b26-456f-b480-36f89e579483,2026-01-26,2,182.4,174,190.8
542f2234-8b26-456f-b480-36f89e579483,2026-02-16,1,545,545,545
542f2234-8b26-456f-b480-36f89e579483,2026-06-01,1,333,333,333
542f2234-8b26-456f-b480-36f89e579483,2026-06-08,1,305,305,305
542f2234-8b26-456f-b480-36f89e579483,2026-08-10,1,316,316,316
542f2234-8b26-456f-b480-36f89e579483,2026-08-31,1,450,450,450
542f45bd-bc1d-4db1-9f8e-067ff833bdc6,2021-10-18,1,30,30,30
542f45bd-bc1d-4db1-9f8e-067ff833bdc6,2021-11-01,1,910,910,910
542f45bd-bc1d-4db1-9f8e-067ff833bdc6,2021-11-15,1,550,550,550
542f45bd-bc1d-4db1-9f8e-067ff833bdc6,2022-06-06,2,732.57,640.13,825
542f45bd-bc1d-4db1-9f8e-067ff833bdc6,2022-08-29,1,551.35,551.35,551.35
542f45bd-bc1d-4db1-9f8e-067ff833bdc6,2023-03-20,1,599.95,599.95,599.95
542f45bd-bc1d-4db1-9f8e-067ff833bdc6,2024-01-08,1,395.39,395.39,395.39
542f45bd-bc1d-4db1-9f8e-067ff833bdc6,2024-03-25,1,410,410,410
542f45bd-bc1d-4db1-9f8e-067ff833bdc6,2025-09-22,1,2200,2200,2200
542f45bd-bc1d-4db1-9f8e-067ff833bdc6,2026-01-26,1,3100,3100,3100
542f45bd-bc1d-4db1-9f8e-067ff833bdc6,2026-06-01,1,5001,5001,5001
542f45bd-bc1d-4db1-9f8e-067ff833bdc6,2026-07-06,1,5750,5750,5750
5438237f-8d87-4242-80ac-4841dd5e42ab,2021-04-12,1,139.99,139.99,139.99
5438237f-8d87-4242-80ac-4841dd5e42ab,2021-06-07,1,125,125,125
5438237f-8d87-4242-80ac-4841dd5e42ab,2021-07-05,1,76,76,76
5438237f-8d87-4242-80ac-4841dd5e42ab,2021-08-16,3,100.99,32.5,124.5
5438237f-8d87-4242-80ac-4841dd5e42ab,2021-09-20,1,32,32,32
5438237f-8d87-4242-80ac-4841dd5e42ab,2021-10-04,2,85.5,45,126
5438237f-8d87-4242-80ac-4841dd5e42ab,2021-10-11,1,100,100,100
5438237f-8d87-4242-80ac-4841dd5e42ab,2021-11-29,1,45,45,45
5438237f-8d87-4242-80ac-4841dd5e42ab,2022-01-10,1,50,50,50
5438237f-8d87-4242-80ac-4841dd5e42ab,2022-02-07,2,32.62,25.25,40
5438237f-8d87-4242-80ac-4841dd5e42ab,2022-02-14,1,17,17,17
5438237f-8d87-4242-80ac-4841dd5e42ab,2022-02-28,3,18.5,16.27,29.88
5438237f-8d87-4242-80ac-4841dd5e42ab,2022-03-07,5,25,14,42.99
5438237f-8d87-4242-80ac-4841dd5e42ab,2022-03-14,1,26.02,26.02,26.02
5438237f-8d87-4242-80ac-4841dd5e42ab,2022-03-28,3,40,15,40
5438237f-8d87-4242-80ac-4841dd5e42ab,2022-04-25,2,19.19,13.38,25
5438237f-8d87-4242-80ac-4841dd5e42ab,2022-05-02,4,21.19,15.2,35
5438237f-8d87-4242-80ac-4841dd5e42ab,2022-05-16,5,22.8,16.5,30
5438237f-8d87-4242-80ac-4841dd5e42ab,2022-05-23,1,15.5,15.5,15.5
5438237f-8d87-4242-80ac-4841dd5e42ab,2022-05-30,3,24.99,14.4,28
5438237f-8d87-4242-80ac-4841dd5e42ab,2022-06-13,5,26,13.5,49.99
5438237f-8d87-4242-80ac-4841dd5e42ab,2022-06-20,1,18.5,18.5,18.5
5438237f-8d87-4242-80ac-4841dd5e42ab,2022-06-27,5,29.9,29,29.9
5438237f-8d87-4242-80ac-4841dd5e42ab,2022-07-04,3,15.5,9.5,39.99
5438237f-8d87-4242-80ac-4841dd5e42ab,2022-07-11,4,17.35,12.5,21.5
5438237f-8d87-4242-80ac-4841dd5e42ab,2022-07-18,1,6.51,6.51,6.51
5438237f-8d87-4242-80ac-4841dd5e42ab,2022-08-01,1,25,25,25
5438237f-8d87-4242-80ac-4841dd5e42ab,2022-08-08,1,39.99,39.99,39.99
5438237f-8d87-4242-80ac-4841dd5e42ab,2022-08-15,1,22,22,22
5438237f-8d87-4242-80ac-4841dd5e42ab,2022-08-22,4,15.5,5.5,32.3
5438237f-8d87-4242-80ac-4841dd5e42ab,2022-08-29,3,24.69,18.5,35.36
5438237f-8d87-4242-80ac-4841dd5e42ab,2022-09-05,2,25.09,15.6,34.58
5438237f-8d87-4242-80ac-4841dd5e42ab,2022-09-12,3,36,30,36.88
5438237f-8d87-4242-80ac-4841dd5e42ab,2022-09-19,1,20.5,20.5,20.5
5438237f-8d87-4242-80ac-4841dd5e42ab,2022-09-26,2,37,30,44
5438237f-8d87-4242-80ac-4841dd5e42ab,2022-10-10,1,12.5,12.5,12.5
5438237f-8d87-4242-80ac-4841dd5e42ab,2022-10-24,3,17.5,17,31
5438237f-8d87-4242-80ac-4841dd5e42ab,2022-10-31,1,20,20,20
5438237f-8d87-4242-80ac-4841dd5e42ab,2022-11-14,1,23.5,23.5,23.5
5438237f-8d87-4242-80ac-4841dd5e42ab,2022-11-21,1,20,20,20
5438237f-8d87-4242-80ac-4841dd5e42ab,2022-12-05,1,35,35,35
5438237f-8d87-4242-80ac-4841dd5e42ab,2022-12-19,3,27,22,28
5438237f-8d87-4242-80ac-4841dd5e42ab,2022-12-26,1,33,33,33
5438237f-8d87-4242-80ac-4841dd5e42ab,2023-01-09,1,26,26,26
5438237f-8d87-4242-80ac-4841dd5e42ab,2023-01-16,1,25.99,25.99,25.99
5438237f-8d87-4242-80ac-4841dd5e42ab,2023-01-23,1,61.85,61.85,61.85
5438237f-8d87-4242-80ac-4841dd5e42ab,2023-02-06,2,34.92,30,39.85
5438237f-8d87-4242-80ac-4841dd5e42ab,2023-02-13,1,15.31,15.31,15.31
5438237f-8d87-4242-80ac-4841dd5e42ab,2023-03-06,1,14.4,14.4,14.4
5438237f-8d87-4242-80ac-4841dd5e42ab,2023-04-10,2,17.74,10.5,24.99
5438237f-8d87-4242-80ac-4841dd5e42ab,2023-05-01,1,26,26,26
5438237f-8d87-4242-80ac-4841dd5e42ab,2023-05-29,1,21.39,21.39,21.39
5438237f-8d87-4242-80ac-4841dd5e42ab,2023-06-12,1,29.99,29.99,29.99
5438237f-8d87-4242-80ac-4841dd5e42ab,2023-06-19,1,17.5,17.5,17.5
5438237f-8d87-4242-80ac-4841dd5e42ab,2023-06-26,3,13.5,11.5,25.01
5438237f-8d87-4242-80ac-4841dd5e42ab,2023-07-03,2,31,28,33.99
5438237f-8d87-4242-80ac-4841dd5e42ab,2023-07-10,1,15.5,15.5,15.5
5438237f-8d87-4242-80ac-4841dd5e42ab,2023-07-24,1,14.99,14.99,14.99
5438237f-8d87-4242-80ac-4841dd5e42ab,2023-08-14,2,16.93,14.08,19.77
5438237f-8d87-4242-80ac-4841dd5e42ab,2023-08-28,1,12.16,12.16,12.16
5438237f-8d87-4242-80ac-4841dd5e42ab,2023-09-18,1,29.99,29.99,29.99
5438237f-8d87-4242-80ac-4841dd5e42ab,2023-09-25,2,29.1,25,33.2
5438237f-8d87-4242-80ac-4841dd5e42ab,2023-10-02,1,19.2,19.2,19.2
5438237f-8d87-4242-80ac-4841dd5e42ab,2023-10-09,1,28.19,28.19,28.19
5438237f-8d87-4242-80ac-4841dd5e42ab,2023-10-16,1,30,30,30
5438237f-8d87-4242-80ac-4841dd5e42ab,2023-11-20,1,29.99,29.99,29.99
5438237f-8d87-4242-80ac-4841dd5e42ab,2024-02-05,1,12.5,12.5,12.5
5438237f-8d87-4242-80ac-4841dd5e42ab,2024-03-11,1,15.5,15.5,15.5
5438237f-8d87-4242-80ac-4841dd5e42ab,2024-03-25,1,25,25,25
5438237f-8d87-4242-80ac-4841dd5e42ab,2024-04-22,1,34.99,34.99,34.99
5438237f-8d87-4242-80ac-4841dd5e42ab,2024-04-29,1,9.5,9.5,9.5
5438237f-8d87-4242-80ac-4841dd5e42ab,2024-05-06,1,39.99,39.99,39.99
5438237f-8d87-4242-80ac-4841dd5e42ab,2024-05-13,1,40,40,40
5438237f-8d87-4242-80ac-4841dd5e42ab,2024-06-03,1,19.99,19.99,19.99
5438237f-8d87-4242-80ac-4841dd5e42ab,2024-06-24,1,11.5,11.5,11.5
5438237f-8d87-4242-80ac-4841dd5e42ab,2024-08-12,1,18.54,18.54,18.54
5438237f-8d87-4242-80ac-4841dd5e42ab,2024-10-21,1,20,20,20
5438237f-8d87-4242-80ac-4841dd5e42ab,2024-12-09,2,27.23,19.99,34.47
5438237f-8d87-4242-80ac-4841dd5e42ab,2024-12-23,1,24.87,24.87,24.87
5438237f-8d87-4242-80ac-4841dd5e42ab,2025-02-10,1,24.95,24.95,24.95
5438237f-8d87-4242-80ac-4841dd5e42ab,2025-03-10,1,21.6,21.6,21.6
5438237f-8d87-4242-80ac-4841dd5e42ab,2025-04-07,1,15.06,15.06,15.06
5438237f-8d87-4242-80ac-4841dd5e42ab,2025-04-14,1,48.6,48.6,48.6
5438237f-8d87-4242-80ac-4841dd5e42ab,2025-06-16,1,23.5,23.5,23.5
5438237f-8d87-4242-80ac-4841dd5e42ab,2025-07-14,1,25,25,25
5438237f-8d87-4242-80ac-4841dd5e42ab,2025-08-25,1,20.5,20.5,20.5
5438237f-8d87-4242-80ac-4841dd5e42ab,2025-09-01,2,36.71,34,39.42
5438237f-8d87-4242-80ac-4841dd5e42ab,2025-10-27,1,29.99,29.99,29.99
5438237f-8d87-4242-80ac-4841dd5e42ab,2025-11-17,1,39.95,39.95,39.95
5438237f-8d87-4242-80ac-4841dd5e42ab,2026-01-12,1,31.5,31.5,31.5
5438237f-8d87-4242-80ac-4841dd5e42ab,2026-02-23,1,38,38,38
5438237f-8d87-4242-80ac-4841dd5e42ab,2026-03-16,1,37.97,37.97,37.97
5438237f-8d87-4242-80ac-4841dd5e42ab,2026-03-23,2,41.5,38,45
5438237f-8d87-4242-80ac-4841dd5e42ab,2026-04-06,1,31,31,31
5438237f-8d87-4242-80ac-4841dd5e42ab,2026-04-27,1,35,35,35
5438237f-8d87-4242-80ac-4841dd5e42ab,2026-05-25,1,32,32,32
5438237f-8d87-4242-80ac-4841dd5e42ab,2026-06-29,1,130,130,130
54383e14-29c9-4268-a639-cdccd9cc9b62,2023-01-09,1,84,84,84
54383e14-29c9-4268-a639-cdccd9cc9b62,2023-04-10,1,49.99,49.99,49.99
5438866f-93cb-4663-bbe8-7ec699dfecc7,2022-08-08,1,148.38,148.38,148.38
5438866f-93cb-4663-bbe8-7ec699dfecc7,2022-10-31,1,265,265,265
5438866f-93cb-4663-bbe8-7ec699dfecc7,2022-12-05,1,388,388,388
5438866f-93cb-4663-bbe8-7ec699dfecc7,2023-02-06,1,500,500,500
5438866f-93cb-4663-bbe8-7ec699dfecc7,2023-04-10,1,320,320,320
5438866f-93cb-4663-bbe8-7ec699dfecc7,2023-06-26,1,250,250,250
5438866f-93cb-4663-bbe8-7ec699dfecc7,2023-12-25,1,191.22,191.22,191.22
5438866f-93cb-4663-bbe8-7ec699dfecc7,2024-04-29,1,249.99,249.99,249.99
5438866f-93cb-4663-bbe8-7ec699dfecc7,2024-05-20,1,144,144,144
5438866f-93cb-4663-bbe8-7ec699dfecc7,2024-08-26,1,127.5,127.5,127.5
5438866f-93cb-4663-bbe8-7ec699dfecc7,2024-12-23,1,103.27,103.27,103.27
5438866f-93cb-4663-bbe8-7ec699dfecc7,2025-01-06,1,270,270,270
5438866f-93cb-4663-bbe8-7ec699dfecc7,2025-02-10,1,305,305,305
5438866f-93cb-4663-bbe8-7ec699dfecc7,2025-06-02,1,250,250,250
5438866f-93cb-4663-bbe8-7ec699dfecc7,2025-07-07,1,510,510,510
5438866f-93cb-4663-bbe8-7ec699dfecc7,2025-07-14,1,231.45,231.45,231.45
5438866f-93cb-4663-bbe8-7ec699dfecc7,2025-08-18,1,305,305,305
5438866f-93cb-4663-bbe8-7ec699dfecc7,2025-10-06,1,315,315,315
5438866f-93cb-4663-bbe8-7ec699dfecc7,2026-01-26,1,692.38,692.38,692.38
5438866f-93cb-4663-bbe8-7ec699dfecc7,2026-02-16,1,780,780,780
543bb266-1e6c-48ee-ab21-e65b20510903,2022-04-04,1,24.99,24.99,24.99
543bb266-1e6c-48ee-ab21-e65b20510903,2022-07-04,1,24,24,24
543bb266-1e6c-48ee-ab21-e65b20510903,2022-08-15,1,30,30,30
543bb266-1e6c-48ee-ab21-e65b20510903,2023-02-13,1,29.84,29.84,29.84
543bb266-1e6c-48ee-ab21-e65b20510903,2024-07-29,1,32,32,32
543bb266-1e6c-48ee-ab21-e65b20510903,2025-12-15,1,40,40,40
543bb266-1e6c-48ee-ab21-e65b20510903,2026-04-20,1,52,52,52
543c2a0d-9bd1-4336-8711-07294d99f329,2022-12-12,1,50,50,50
543c2a0d-9bd1-4336-8711-07294d99f329,2022-12-26,1,115,115,115
543c2a0d-9bd1-4336-8711-07294d99f329,2023-01-16,1,110,110,110
543c2a0d-9bd1-4336-8711-07294d99f329,2023-01-23,1,27,27,27
543c2a0d-9bd1-4336-8711-07294d99f329,2023-03-27,1,66,66,66
543c2a0d-9bd1-4336-8711-07294d99f329,2023-05-15,1,37.2,37.2,37.2
543c2a0d-9bd1-4336-8711-07294d99f329,2023-06-12,2,39.81,38.41,41.22
543c2a0d-9bd1-4336-8711-07294d99f329,2023-07-10,1,50.97,50.97,50.97
543c2a0d-9bd1-4336-8711-07294d99f329,2023-07-24,1,39,39,39
543c2a0d-9bd1-4336-8711-07294d99f329,2023-08-21,1,53,53,53
543c2a0d-9bd1-4336-8711-07294d99f329,2023-09-18,1,18.5,18.5,18.5
543c2a0d-9bd1-4336-8711-07294d99f329,2023-10-02,1,95.24,95.24,95.24
543c2a0d-9bd1-4336-8711-07294d99f329,2024-02-05,1,39.99,39.99,39.99
543c2a0d-9bd1-4336-8711-07294d99f329,2024-02-26,1,29,29,29
543c2a0d-9bd1-4336-8711-07294d99f329,2024-11-11,1,50,50,50
543c2a0d-9bd1-4336-8711-07294d99f329,2025-06-02,1,46,46,46
543c2a0d-9bd1-4336-8711-07294d99f329,2025-09-15,1,55,55,55
543c2a0d-9bd1-4336-8711-07294d99f329,2026-01-12,1,69.99,69.99,69.99
543c2a0d-9bd1-4336-8711-07294d99f329,2026-03-16,1,69,69,69
543f1e1f-f816-4828-8535-d1947b0cb585,2024-04-22,1,1500,1500,1500
543f1e1f-f816-4828-8535-d1947b0cb585,2024-09-09,1,1500,1500,1500
543f1e1f-f816-4828-8535-d1947b0cb585,2026-03-09,1,3471,3471,3471
543fe2f9-a21b-4a77-bc70-73e30925b9d6,2022-07-25,1,150,150,150
543fe2f9-a21b-4a77-bc70-73e30925b9d6,2024-10-21,1,149.99,149.99,149.99
543fe2f9-a21b-4a77-bc70-73e30925b9d6,2024-10-28,1,149.99,149.99,149.99
543fe2f9-a21b-4a77-bc70-73e30925b9d6,2025-06-16,1,225,225,225
543fe2f9-a21b-4a77-bc70-73e30925b9d6,2025-11-10,1,314,314,314
543fe2f9-a21b-4a77-bc70-73e30925b9d6,2026-04-06,1,660,660,660
543fe2f9-a21b-4a77-bc70-73e30925b9d6,2026-04-27,1,900,900,900
543fe2f9-a21b-4a77-bc70-73e30925b9d6,2026-06-01,1,800,800,800
543fec0a-59d9-40b8-8c2e-d9e73489c26b,2026-07-27,1,89,89,89
54405e55-938a-4f36-9f64-1112abd53600,2025-10-20,1,210.04,210.04,210.04
54405e55-938a-4f36-9f64-1112abd53600,2025-11-10,1,148.9,148.9,148.9
54405e55-938a-4f36-9f64-1112abd53600,2025-12-01,1,231.96,231.96,231.96
54405e55-938a-4f36-9f64-1112abd53600,2026-02-16,1,385.34,385.34,385.34
54405e55-938a-4f36-9f64-1112abd53600,2026-04-20,1,477.09,477.09,477.09
5443bdb0-abd4-43c1-862a-ec77e28d9839,2021-05-17,1,188.1,188.1,188.1
5443bdb0-abd4-43c1-862a-ec77e28d9839,2022-09-12,1,256,256,256
5443bdb0-abd4-43c1-862a-ec77e28d9839,2023-02-06,1,300,300,300
5443bdb0-abd4-43c1-862a-ec77e28d9839,2026-01-05,1,1600.69,1600.69,1600.69
5443bdb0-abd4-43c1-862a-ec77e28d9839,2026-03-23,1,10.8,10.8,10.8
5443bdb0-abd4-43c1-862a-ec77e28d9839,2026-05-04,1,25,25,25
5447d77d-5316-41ad-bf1f-8c6ce0c8c9f3,2021-04-26,1,70,70,70
5447d77d-5316-41ad-bf1f-8c6ce0c8c9f3,2022-05-09,2,90.49,79.99,100.99
5447d77d-5316-41ad-bf1f-8c6ce0c8c9f3,2023-01-02,1,119.99,119.99,119.99
5447d77d-5316-41ad-bf1f-8c6ce0c8c9f3,2024-10-28,1,66,66,66
5447d77d-5316-41ad-bf1f-8c6ce0c8c9f3,2024-11-25,1,80,80,80
5447d77d-5316-41ad-bf1f-8c6ce0c8c9f3,2025-02-24,1,59.99,59.99,59.99
5447d77d-5316-41ad-bf1f-8c6ce0c8c9f3,2025-12-01,1,99,99,99
5447d77d-5316-41ad-bf1f-8c6ce0c8c9f3,2026-01-26,1,119.99,119.99,119.99
5447d77d-5316-41ad-bf1f-8c6ce0c8c9f3,2026-03-02,1,165.59,165.59,165.59
5447d77d-5316-41ad-bf1f-8c6ce0c8c9f3,2026-04-13,1,242.5,242.5,242.5
5447d77d-5316-41ad-bf1f-8c6ce0c8c9f3,2026-06-29,1,305,305,305
5447d77d-5316-41ad-bf1f-8c6ce0c8c9f3,2026-07-06,1,355,355,355
5447d77d-5316-41ad-bf1f-8c6ce0c8c9f3,2026-08-17,1,340,340,340
5448f300-6560-45ee-a8b8-9253f89768d2,2021-05-10,1,125,125,125
5448f300-6560-45ee-a8b8-9253f89768d2,2021-08-09,1,1200,1200,1200
5448f300-6560-45ee-a8b8-9253f89768d2,2021-08-16,1,1204.19,1204.19,1204.19
5448f300-6560-45ee-a8b8-9253f89768d2,2021-10-04,1,150,150,150
5448f300-6560-45ee-a8b8-9253f89768d2,2021-10-18,1,199.99,199.99,199.99
5448f300-6560-45ee-a8b8-9253f89768d2,2022-01-03,1,99.99,99.99,99.99
5448f300-6560-45ee-a8b8-9253f89768d2,2022-01-31,1,99,99,99
5448f300-6560-45ee-a8b8-9253f89768d2,2022-03-14,1,99.99,99.99,99.99
5448f300-6560-45ee-a8b8-9253f89768d2,2022-03-28,2,61,52,70
5448f300-6560-45ee-a8b8-9253f89768d2,2022-04-04,1,51,51,51
5448f300-6560-45ee-a8b8-9253f89768d2,2022-04-11,1,52,52,52
5448f300-6560-45ee-a8b8-9253f89768d2,2022-07-04,1,76,76,76
5448f300-6560-45ee-a8b8-9253f89768d2,2022-08-08,2,60.44,59.88,61
5448f300-6560-45ee-a8b8-9253f89768d2,2022-11-21,1,65,65,65
5448f300-6560-45ee-a8b8-9253f89768d2,2022-11-28,1,52.8,52.8,52.8
5448f300-6560-45ee-a8b8-9253f89768d2,2022-12-05,1,51,51,51
5448f300-6560-45ee-a8b8-9253f89768d2,2022-12-19,2,41.7,38.4,45
5448f300-6560-45ee-a8b8-9253f89768d2,2023-01-09,1,41,41,41
5448f300-6560-45ee-a8b8-9253f89768d2,2023-02-06,3,58.99,36,94.99
5448f300-6560-45ee-a8b8-9253f89768d2,2023-02-13,1,38,38,38
5448f300-6560-45ee-a8b8-9253f89768d2,2023-03-27,2,32,32,32
5448f300-6560-45ee-a8b8-9253f89768d2,2023-04-24,1,36,36,36
5448f300-6560-45ee-a8b8-9253f89768d2,2023-05-29,4,43.28,36.5,46.6
5448f300-6560-45ee-a8b8-9253f89768d2,2023-06-05,2,34,33,34.99
5448f300-6560-45ee-a8b8-9253f89768d2,2023-10-16,1,43.92,43.92,43.92
5448f300-6560-45ee-a8b8-9253f89768d2,2024-02-05,1,59.99,59.99,59.99
5448f300-6560-45ee-a8b8-9253f89768d2,2024-03-11,1,39.99,39.99,39.99
5448f300-6560-45ee-a8b8-9253f89768d2,2024-06-24,1,89.33,89.33,89.33
5448f300-6560-45ee-a8b8-9253f89768d2,2024-07-22,1,49.99,49.99,49.99
5448f300-6560-45ee-a8b8-9253f89768d2,2024-08-26,1,45,45,45
5448f300-6560-45ee-a8b8-9253f89768d2,2024-09-02,1,50,50,50
5448f300-6560-45ee-a8b8-9253f89768d2,2024-09-16,1,67.26,67.26,67.26
5448f300-6560-45ee-a8b8-9253f89768d2,2024-09-30,1,40,40,40
5448f300-6560-45ee-a8b8-9253f89768d2,2024-10-21,2,54.99,44.99,64.99
5448f300-6560-45ee-a8b8-9253f89768d2,2024-11-18,1,38,38,38
5448f300-6560-45ee-a8b8-9253f89768d2,2024-12-02,2,41.5,38,44.99
5448f300-6560-45ee-a8b8-9253f89768d2,2024-12-09,1,59.99,59.99,59.99
5448f300-6560-45ee-a8b8-9253f89768d2,2024-12-23,1,39,39,39
5448f300-6560-45ee-a8b8-9253f89768d2,2025-01-27,1,56,56,56
5448f300-6560-45ee-a8b8-9253f89768d2,2025-02-10,1,57,57,57
5448f300-6560-45ee-a8b8-9253f89768d2,2025-02-17,2,49,41,57
5448f300-6560-45ee-a8b8-9253f89768d2,2025-03-10,1,50,50,50
5448f300-6560-45ee-a8b8-9253f89768d2,2025-03-17,1,99.99,99.99,99.99
5448f300-6560-45ee-a8b8-9253f89768d2,2025-06-16,1,120,120,120
5448f300-6560-45ee-a8b8-9253f89768d2,2025-07-21,1,98.4,98.4,98.4
5448f300-6560-45ee-a8b8-9253f89768d2,2025-08-11,1,84,84,84
5448f300-6560-45ee-a8b8-9253f89768d2,2025-09-08,1,149.99,149.99,149.99
5448f300-6560-45ee-a8b8-9253f89768d2,2025-09-22,1,150.03,150.03,150.03
5448f300-6560-45ee-a8b8-9253f89768d2,2025-11-10,1,55,55,55
5448f300-6560-45ee-a8b8-9253f89768d2,2025-12-22,1,119.99,119.99,119.99
5448f300-6560-45ee-a8b8-9253f89768d2,2026-01-19,4,140,129.99,156
5448f300-6560-45ee-a8b8-9253f89768d2,2026-02-02,1,195,195,195
5448f300-6560-45ee-a8b8-9253f89768d2,2026-02-23,1,225,225,225
5448f300-6560-45ee-a8b8-9253f89768d2,2026-03-02,1,220,220,220
5448f300-6560-45ee-a8b8-9253f89768d2,2026-03-09,1,245,245,245
5448f300-6560-45ee-a8b8-9253f89768d2,2026-03-16,1,192,192,192
5448f300-6560-45ee-a8b8-9253f89768d2,2026-04-06,1,250.5,250.5,250.5
5448f300-6560-45ee-a8b8-9253f89768d2,2026-04-13,1,225.5,225.5,225.5
5448f300-6560-45ee-a8b8-9253f89768d2,2026-04-20,2,221.25,182.5,260
5448f300-6560-45ee-a8b8-9253f89768d2,2026-05-11,1,158.5,158.5,158.5
5448f300-6560-45ee-a8b8-9253f89768d2,2026-05-25,1,184.5,184.5,184.5
5448f300-6560-45ee-a8b8-9253f89768d2,2026-06-01,1,314.57,314.57,314.57
5448f300-6560-45ee-a8b8-9253f89768d2,2026-06-08,2,240.97,223,258.95
5448f300-6560-45ee-a8b8-9253f89768d2,2026-07-06,1,299.99,299.99,299.99
5448f300-6560-45ee-a8b8-9253f89768d2,2026-07-13,1,186,186,186
5448f300-6560-45ee-a8b8-9253f89768d2,2026-07-20,1,205.41,205.41,205.41
5448f300-6560-45ee-a8b8-9253f89768d2,2026-07-27,1,275,275,275
5448f300-6560-45ee-a8b8-9253f89768d2,2026-08-10,2,181.25,150,212.5
5448f300-6560-45ee-a8b8-9253f89768d2,2026-08-17,2,195.75,166.5,225
5448f300-6560-45ee-a8b8-9253f89768d2,2026-08-31,1,189,189,189
544e2b67-a197-43bc-9613-0096a7f32448,2021-11-01,1,400,400,400
544e2b67-a197-43bc-9613-0096a7f32448,2022-11-21,1,100,100,100
544e2b67-a197-43bc-9613-0096a7f32448,2023-02-06,1,98,98,98
544e2b67-a197-43bc-9613-0096a7f32448,2023-02-13,1,76,76,76
544e2b67-a197-43bc-9613-0096a7f32448,2023-02-27,1,75,75,75
544e2b67-a197-43bc-9613-0096a7f32448,2023-03-20,1,31,31,31
544e2b67-a197-43bc-9613-0096a7f32448,2023-04-24,1,50,50,50
544e2b67-a197-43bc-9613-0096a7f32448,2023-05-01,1,54.99,54.99,54.99
544e2b67-a197-43bc-9613-0096a7f32448,2023-05-22,1,75,75,75
544e2b67-a197-43bc-9613-0096a7f32448,2023-07-03,1,45,45,45
544e2b67-a197-43bc-9613-0096a7f32448,2023-09-18,1,50,50,50
544e2b67-a197-43bc-9613-0096a7f32448,2023-10-30,1,45,45,45
544e2b67-a197-43bc-9613-0096a7f32448,2024-02-05,1,46,46,46
544e2b67-a197-43bc-9613-0096a7f32448,2024-02-12,1,30,30,30
544e2b67-a197-43bc-9613-0096a7f32448,2024-02-19,1,49,49,49
544e2b67-a197-43bc-9613-0096a7f32448,2024-07-08,1,100,100,100
544e2b67-a197-43bc-9613-0096a7f32448,2024-08-12,1,129.95,129.95,129.95
544e2b67-a197-43bc-9613-0096a7f32448,2025-01-20,1,28,28,28
544e2b67-a197-43bc-9613-0096a7f32448,2025-03-17,1,51,51,51
544e2b67-a197-43bc-9613-0096a7f32448,2025-03-31,1,36,36,36
544e2b67-a197-43bc-9613-0096a7f32448,2025-04-07,1,51,51,51
544e2b67-a197-43bc-9613-0096a7f32448,2025-05-26,1,100,100,100
544e2b67-a197-43bc-9613-0096a7f32448,2025-06-02,1,40,40,40
544e2b67-a197-43bc-9613-0096a7f32448,2025-09-08,1,171,171,171
544e2b67-a197-43bc-9613-0096a7f32448,2025-12-01,1,59.99,59.99,59.99
544e2b67-a197-43bc-9613-0096a7f32448,2025-12-15,1,185,185,185
544e2b67-a197-43bc-9613-0096a7f32448,2026-01-19,1,129.5,129.5,129.5
544e2b67-a197-43bc-9613-0096a7f32448,2026-02-02,1,135,135,135
544e2b67-a197-43bc-9613-0096a7f32448,2026-03-09,1,283,283,283
544e2b67-a197-43bc-9613-0096a7f32448,2026-03-30,1,300,300,300
544e2b67-a197-43bc-9613-0096a7f32448,2026-04-20,1,243.5,243.5,243.5
544e2b67-a197-43bc-9613-0096a7f32448,2026-05-04,1,379.95,379.95,379.95
544e2b67-a197-43bc-9613-0096a7f32448,2026-05-18,1,225,225,225
544e2b67-a197-43bc-9613-0096a7f32448,2026-07-13,1,399,399,399
544e2b67-a197-43bc-9613-0096a7f32448,2026-08-10,1,364.69,364.69,364.69
544e2b67-a197-43bc-9613-0096a7f32448,2026-08-17,1,349.95,349.95,349.95
5452e76e-aa11-439a-ab7e-cd75c4705514,2021-03-01,1,1225,1225,1225
5452e76e-aa11-439a-ab7e-cd75c4705514,2021-03-15,1,999,999,999
5452e76e-aa11-439a-ab7e-cd75c4705514,2021-04-12,1,630,630,630
5452e76e-aa11-439a-ab7e-cd75c4705514,2021-04-26,3,940,750,1222.55
5452e76e-aa11-439a-ab7e-cd75c4705514,2021-05-10,1,1100,1100,1100
5452e76e-aa11-439a-ab7e-cd75c4705514,2021-05-31,2,885.29,882.58,888
5452e76e-aa11-439a-ab7e-cd75c4705514,2021-06-21,2,735,660,810
5452e76e-aa11-439a-ab7e-cd75c4705514,2021-06-28,1,750,750,750
5452e76e-aa11-439a-ab7e-cd75c4705514,2021-07-19,1,501.99,501.99,501.99
5452e76e-aa11-439a-ab7e-cd75c4705514,2021-07-26,2,1012.5,740,1285
5452e76e-aa11-439a-ab7e-cd75c4705514,2021-08-16,2,666.5,643,690
5452e76e-aa11-439a-ab7e-cd75c4705514,2021-10-25,2,637.5,625,650
5452e76e-aa11-439a-ab7e-cd75c4705514,2021-11-15,1,861,861,861
5452e76e-aa11-439a-ab7e-cd75c4705514,2021-12-06,1,390,390,390
5452e76e-aa11-439a-ab7e-cd75c4705514,2022-01-10,1,1100,1100,1100
5452e76e-aa11-439a-ab7e-cd75c4705514,2022-02-28,1,504,504,504
5452e76e-aa11-439a-ab7e-cd75c4705514,2022-04-18,1,700,700,700
5452e76e-aa11-439a-ab7e-cd75c4705514,2022-04-25,2,871.86,861.6,882.11
5452e76e-aa11-439a-ab7e-cd75c4705514,2022-05-02,1,999.99,999.99,999.99
5452e76e-aa11-439a-ab7e-cd75c4705514,2022-05-16,1,596.37,596.37,596.37
5452e76e-aa11-439a-ab7e-cd75c4705514,2022-05-30,1,612.4,612.4,612.4
5452e76e-aa11-439a-ab7e-cd75c4705514,2022-08-15,1,748.96,748.96,748.96
5452e76e-aa11-439a-ab7e-cd75c4705514,2022-08-22,1,790,790,790
5452e76e-aa11-439a-ab7e-cd75c4705514,2022-09-05,1,990.95,990.95,990.95
5452e76e-aa11-439a-ab7e-cd75c4705514,2022-10-31,2,899.5,899,900
5452e76e-aa11-439a-ab7e-cd75c4705514,2022-11-07,1,800,800,800
5452e76e-aa11-439a-ab7e-cd75c4705514,2023-01-09,1,775,775,775
5452e76e-aa11-439a-ab7e-cd75c4705514,2023-01-30,1,800,800,800
5452e76e-aa11-439a-ab7e-cd75c4705514,2023-03-13,1,660,660,660
5452e76e-aa11-439a-ab7e-cd75c4705514,2023-03-27,1,750,750,750
5452e76e-aa11-439a-ab7e-cd75c4705514,2023-04-03,1,500,500,500
5452e76e-aa11-439a-ab7e-cd75c4705514,2023-05-22,1,885.76,885.76,885.76
5452e76e-aa11-439a-ab7e-cd75c4705514,2023-10-02,1,686,686,686
5452e76e-aa11-439a-ab7e-cd75c4705514,2023-11-13,1,600,600,600
5452e76e-aa11-439a-ab7e-cd75c4705514,2023-12-18,1,700,700,700
5452e76e-aa11-439a-ab7e-cd75c4705514,2023-12-25,1,715,715,715
5452e76e-aa11-439a-ab7e-cd75c4705514,2024-01-01,1,750,750,750
5452e76e-aa11-439a-ab7e-cd75c4705514,2024-01-22,1,726.69,726.69,726.69
5452e76e-aa11-439a-ab7e-cd75c4705514,2024-02-05,1,707,707,707
5452e76e-aa11-439a-ab7e-cd75c4705514,2024-02-12,1,799.99,799.99,799.99
5452e76e-aa11-439a-ab7e-cd75c4705514,2024-02-19,1,511,511,511
5452e76e-aa11-439a-ab7e-cd75c4705514,2024-04-08,3,500.05,500.02,537
5452e76e-aa11-439a-ab7e-cd75c4705514,2024-05-06,1,649.99,649.99,649.99
5452e76e-aa11-439a-ab7e-cd75c4705514,2024-05-13,1,1200,1200,1200
5452e76e-aa11-439a-ab7e-cd75c4705514,2024-05-27,1,700,700,700
5452e76e-aa11-439a-ab7e-cd75c4705514,2024-06-10,2,930,699.99,1160
5452e76e-aa11-439a-ab7e-cd75c4705514,2024-06-17,1,750,750,750
5452e76e-aa11-439a-ab7e-cd75c4705514,2024-07-08,1,750,750,750
5452e76e-aa11-439a-ab7e-cd75c4705514,2024-08-12,1,910,910,910
5452e76e-aa11-439a-ab7e-cd75c4705514,2024-09-02,1,830,830,830
5452e76e-aa11-439a-ab7e-cd75c4705514,2024-09-16,1,1050,1050,1050
5452e76e-aa11-439a-ab7e-cd75c4705514,2024-10-21,1,1283.04,1283.04,1283.04
5452e76e-aa11-439a-ab7e-cd75c4705514,2024-12-02,1,720,720,720
5452e76e-aa11-439a-ab7e-cd75c4705514,2024-12-30,1,1275,1275,1275
5452e76e-aa11-439a-ab7e-cd75c4705514,2025-02-24,1,1050,1050,1050
5452e76e-aa11-439a-ab7e-cd75c4705514,2025-03-03,1,1470,1470,1470
5452e76e-aa11-439a-ab7e-cd75c4705514,2025-03-10,2,1449.5,1424,1475
5452e76e-aa11-439a-ab7e-cd75c4705514,2025-03-17,1,1260,1260,1260
5452e76e-aa11-439a-ab7e-cd75c4705514,2025-03-24,1,1080,1080,1080
5452e76e-aa11-439a-ab7e-cd75c4705514,2025-04-07,2,1475,1375,1575
5452e76e-aa11-439a-ab7e-cd75c4705514,2025-04-21,1,1675,1675,1675
5452e76e-aa11-439a-ab7e-cd75c4705514,2025-04-28,1,1700,1700,1700
5452e76e-aa11-439a-ab7e-cd75c4705514,2025-05-05,1,1700,1700,1700
5452e76e-aa11-439a-ab7e-cd75c4705514,2025-05-19,1,1600,1600,1600
5452e76e-aa11-439a-ab7e-cd75c4705514,2025-05-26,2,1465.05,1375.11,1555
5452e76e-aa11-439a-ab7e-cd75c4705514,2025-06-16,1,1000,1000,1000
5452e76e-aa11-439a-ab7e-cd75c4705514,2025-06-30,1,1269.32,1269.32,1269.32
5452e76e-aa11-439a-ab7e-cd75c4705514,2025-07-14,1,1942.2,1942.2,1942.2
5452e76e-aa11-439a-ab7e-cd75c4705514,2025-08-11,1,1618.3,1618.3,1618.3
5452e76e-aa11-439a-ab7e-cd75c4705514,2025-09-08,1,1775,1775,1775
5452e76e-aa11-439a-ab7e-cd75c4705514,2025-09-15,2,2500,2500,2500
5452e76e-aa11-439a-ab7e-cd75c4705514,2025-09-22,1,2499,2499,2499
5452e76e-aa11-439a-ab7e-cd75c4705514,2025-10-06,1,2500,2500,2500
5452e76e-aa11-439a-ab7e-cd75c4705514,2025-10-27,1,2200,2200,2200
5452e76e-aa11-439a-ab7e-cd75c4705514,2025-11-10,1,1600,1600,1600
5452e76e-aa11-439a-ab7e-cd75c4705514,2025-12-08,3,2010,1770,2599.99
5452e76e-aa11-439a-ab7e-cd75c4705514,2026-01-12,1,2500,2500,2500
5452e76e-aa11-439a-ab7e-cd75c4705514,2026-02-16,1,2325.02,2325.02,2325.02
5452e76e-aa11-439a-ab7e-cd75c4705514,2026-03-09,2,2704.5,2673,2736
5452e76e-aa11-439a-ab7e-cd75c4705514,2026-03-30,2,3311.5,3101,3522
5452e76e-aa11-439a-ab7e-cd75c4705514,2026-04-06,2,2834.44,2580,3088.88
5452e76e-aa11-439a-ab7e-cd75c4705514,2026-05-11,2,3565.52,2999.99,4131.05
5452e76e-aa11-439a-ab7e-cd75c4705514,2026-07-20,2,4159.5,3999,4320
5452e76e-aa11-439a-ab7e-cd75c4705514,2026-08-10,1,4320,4320,4320
545498bb-24d7-430f-8832-eeca50f1131b,2026-06-29,1,455,455,455
5456a8f5-adec-4bb9-90ec-170e2f55ee8e,2021-04-19,1,56,56,56
5456a8f5-adec-4bb9-90ec-170e2f55ee8e,2021-04-26,1,109.99,109.99,109.99
5456a8f5-adec-4bb9-90ec-170e2f55ee8e,2021-06-28,1,80,80,80
5456a8f5-adec-4bb9-90ec-170e2f55ee8e,2021-08-30,1,100,100,100
5456a8f5-adec-4bb9-90ec-170e2f55ee8e,2021-10-25,1,70.99,70.99,70.99
5456a8f5-adec-4bb9-90ec-170e2f55ee8e,2021-11-15,1,99,99,99
5456a8f5-adec-4bb9-90ec-170e2f55ee8e,2021-12-20,1,51,51,51
5456a8f5-adec-4bb9-90ec-170e2f55ee8e,2022-01-31,1,65.01,65.01,65.01
5456a8f5-adec-4bb9-90ec-170e2f55ee8e,2022-02-14,1,84.99,84.99,84.99
5456a8f5-adec-4bb9-90ec-170e2f55ee8e,2022-03-14,1,111.44,111.44,111.44
5456a8f5-adec-4bb9-90ec-170e2f55ee8e,2022-03-21,1,99.99,99.99,99.99
5456a8f5-adec-4bb9-90ec-170e2f55ee8e,2022-04-11,1,58,58,58
5456a8f5-adec-4bb9-90ec-170e2f55ee8e,2022-05-16,1,35,35,35
5456a8f5-adec-4bb9-90ec-170e2f55ee8e,2022-08-01,1,74,74,74
5456a8f5-adec-4bb9-90ec-170e2f55ee8e,2022-08-22,1,26.4,26.4,26.4
5456a8f5-adec-4bb9-90ec-170e2f55ee8e,2022-11-28,1,31.2,31.2,31.2
5456a8f5-adec-4bb9-90ec-170e2f55ee8e,2022-12-05,1,50,50,50
5456a8f5-adec-4bb9-90ec-170e2f55ee8e,2023-04-10,1,71,71,71
5456a8f5-adec-4bb9-90ec-170e2f55ee8e,2023-06-05,1,69.99,69.99,69.99
5456a8f5-adec-4bb9-90ec-170e2f55ee8e,2023-06-12,1,60,60,60
5456a8f5-adec-4bb9-90ec-170e2f55ee8e,2024-03-04,1,67.5,67.5,67.5
5456a8f5-adec-4bb9-90ec-170e2f55ee8e,2024-06-03,1,71,71,71
5456a8f5-adec-4bb9-90ec-170e2f55ee8e,2024-09-30,1,56.65,56.65,56.65
5456a8f5-adec-4bb9-90ec-170e2f55ee8e,2025-06-09,1,66,66,66
5456a8f5-adec-4bb9-90ec-170e2f55ee8e,2025-12-22,1,65,65,65
5456a8f5-adec-4bb9-90ec-170e2f55ee8e,2026-01-05,1,163.53,163.53,163.53
5456a8f5-adec-4bb9-90ec-170e2f55ee8e,2026-02-23,1,114.27,114.27,114.27
5456a8f5-adec-4bb9-90ec-170e2f55ee8e,2026-06-08,1,160.8,160.8,160.8
54589e28-2053-4434-949b-843b41fe2dee,2025-08-18,1,29,29,29
54589e28-2053-4434-949b-843b41fe2dee,2025-11-24,1,4.25,4.25,4.25
54589e28-2053-4434-949b-843b41fe2dee,2025-12-08,1,40,40,40
54589e28-2053-4434-949b-843b41fe2dee,2025-12-22,1,35,35,35
54589e28-2053-4434-949b-843b41fe2dee,2026-04-13,1,43.95,43.95,43.95
54589e28-2053-4434-949b-843b41fe2dee,2026-06-01,1,31,31,31
54589e28-2053-4434-949b-843b41fe2dee,2026-07-06,1,50,50,50
54589e28-2053-4434-949b-843b41fe2dee,2026-08-17,1,59.99,59.99,59.99
545a15c7-e9cd-453e-a85a-2f34c45949e9,2022-02-14,1,230.5,230.5,230.5
545a15c7-e9cd-453e-a85a-2f34c45949e9,2022-02-28,1,166.47,166.47,166.47
545a15c7-e9cd-453e-a85a-2f34c45949e9,2023-01-09,1,379.03,379.03,379.03
545a15c7-e9cd-453e-a85a-2f34c45949e9,2023-03-20,2,355,350,360
545a15c7-e9cd-453e-a85a-2f34c45949e9,2023-06-05,1,600,600,600
545a15c7-e9cd-453e-a85a-2f34c45949e9,2023-10-16,1,400,400,400
545a15c7-e9cd-453e-a85a-2f34c45949e9,2024-02-19,1,315.56,315.56,315.56
545a15c7-e9cd-453e-a85a-2f34c45949e9,2024-08-19,1,249.99,249.99,249.99
545a15c7-e9cd-453e-a85a-2f34c45949e9,2025-04-14,1,354.32,354.32,354.32
545a15c7-e9cd-453e-a85a-2f34c45949e9,2025-09-29,1,566.16,566.16,566.16
545a15c7-e9cd-453e-a85a-2f34c45949e9,2025-10-27,1,610,610,610
545a15c7-e9cd-453e-a85a-2f34c45949e9,2025-11-10,1,630,630,630
545a15c7-e9cd-453e-a85a-2f34c45949e9,2026-03-02,1,900,900,900
545a15c7-e9cd-453e-a85a-2f34c45949e9,2026-06-01,1,1290,1290,1290
545a15c7-e9cd-453e-a85a-2f34c45949e9,2026-08-03,1,1675,1675,1675
545ae2a1-c432-4425-ab7d-76724671d6f7,2026-06-08,1,129.19,129.19,129.19
545ae2a1-c432-4425-ab7d-76724671d6f7,2026-06-22,3,113.5,107.5,150
545ae2a1-c432-4425-ab7d-76724671d6f7,2026-07-13,1,89,89,89
545ae2a1-c432-4425-ab7d-76724671d6f7,2026-08-10,1,129.99,129.99,129.99
545c3a5f-5113-42ae-926d-8d4ea2d6d862,2022-09-26,1,55,55,55
545c3a5f-5113-42ae-926d-8d4ea2d6d862,2022-10-03,2,33,22,44
545c3a5f-5113-42ae-926d-8d4ea2d6d862,2023-05-22,1,15.5,15.5,15.5
545c3a5f-5113-42ae-926d-8d4ea2d6d862,2023-10-02,2,22.49,19.99,24.99
545c3a5f-5113-42ae-926d-8d4ea2d6d862,2024-01-01,1,63.6,63.6,63.6
545c3a5f-5113-42ae-926d-8d4ea2d6d862,2024-06-24,2,18,18,18
545c3a5f-5113-42ae-926d-8d4ea2d6d862,2024-12-02,1,21.6,21.6,21.6
545c3a5f-5113-42ae-926d-8d4ea2d6d862,2024-12-16,1,25,25,25
545c3a5f-5113-42ae-926d-8d4ea2d6d862,2024-12-23,1,30,30,30
545c3a5f-5113-42ae-926d-8d4ea2d6d862,2024-12-30,1,25,25,25
545c3a5f-5113-42ae-926d-8d4ea2d6d862,2025-01-20,1,38.39,38.39,38.39
545c3a5f-5113-42ae-926d-8d4ea2d6d862,2025-02-03,2,23.5,22,25
545c3a5f-5113-42ae-926d-8d4ea2d6d862,2025-03-10,1,35,35,35
545c3a5f-5113-42ae-926d-8d4ea2d6d862,2025-04-07,1,25,25,25
545c3a5f-5113-42ae-926d-8d4ea2d6d862,2025-04-14,3,18.5,12.5,19.2
545c3a5f-5113-42ae-926d-8d4ea2d6d862,2025-04-28,1,35,35,35
545c3a5f-5113-42ae-926d-8d4ea2d6d862,2025-05-05,2,18.5,16.5,20.5
545c3a5f-5113-42ae-926d-8d4ea2d6d862,2025-06-16,2,35,30,40
545c3a5f-5113-42ae-926d-8d4ea2d6d862,2025-06-30,1,50,50,50
545c3a5f-5113-42ae-926d-8d4ea2d6d862,2025-07-07,1,27.5,27.5,27.5
545c3a5f-5113-42ae-926d-8d4ea2d6d862,2025-08-25,1,27.6,27.6,27.6
545c3a5f-5113-42ae-926d-8d4ea2d6d862,2025-09-15,1,30,30,30
545c3a5f-5113-42ae-926d-8d4ea2d6d862,2025-09-22,1,31.2,31.2,31.2
545c3a5f-5113-42ae-926d-8d4ea2d6d862,2025-10-06,2,31.6,26,37.2
545c3a5f-5113-42ae-926d-8d4ea2d6d862,2025-11-03,1,20.4,20.4,20.4
545c3a5f-5113-42ae-926d-8d4ea2d6d862,2025-11-24,1,50,50,50
545c3a5f-5113-42ae-926d-8d4ea2d6d862,2025-12-01,2,50,50,50
545c3a5f-5113-42ae-926d-8d4ea2d6d862,2026-01-05,1,67.3,67.3,67.3
545c3a5f-5113-42ae-926d-8d4ea2d6d862,2026-02-02,1,95,95,95
545c3a5f-5113-42ae-926d-8d4ea2d6d862,2026-02-23,1,60,60,60
545c3a5f-5113-42ae-926d-8d4ea2d6d862,2026-03-16,2,48.3,21.6,75
545c3a5f-5113-42ae-926d-8d4ea2d6d862,2026-04-20,1,36,36,36
545c3a5f-5113-42ae-926d-8d4ea2d6d862,2026-05-04,1,40,40,40
545c3a5f-5113-42ae-926d-8d4ea2d6d862,2026-05-18,2,50.5,46,55
545c3a5f-5113-42ae-926d-8d4ea2d6d862,2026-05-25,2,59.99,50,69.99
545c3a5f-5113-42ae-926d-8d4ea2d6d862,2026-06-01,2,49,46,52
545c3a5f-5113-42ae-926d-8d4ea2d6d862,2026-06-22,1,40,40,40
545c3a5f-5113-42ae-926d-8d4ea2d6d862,2026-06-29,4,41.25,38.4,99.99
545c3a5f-5113-42ae-926d-8d4ea2d6d862,2026-07-06,1,44,44,44
545c3a5f-5113-42ae-926d-8d4ea2d6d862,2026-08-03,1,42,42,42
545c3a5f-5113-42ae-926d-8d4ea2d6d862,2026-08-10,1,55,55,55
545c3a5f-5113-42ae-926d-8d4ea2d6d862,2026-08-17,1,34.32,34.32,34.32
545c3a5f-5113-42ae-926d-8d4ea2d6d862,2026-08-24,7,36,34,49
545c3a5f-5113-42ae-926d-8d4ea2d6d862,2026-08-31,7,32,23.5,41
545c3a5f-5113-42ae-926d-8d4ea2d6d862,2026-09-07,1,41,41,41
545dbc1e-ac32-48e9-bc04-0b2ef13acb0c,2022-10-24,1,99.95,99.95,99.95
545dbc1e-ac32-48e9-bc04-0b2ef13acb0c,2023-02-27,1,54.05,54.05,54.05
545dbc1e-ac32-48e9-bc04-0b2ef13acb0c,2023-06-05,1,35,35,35
545dbc1e-ac32-48e9-bc04-0b2ef13acb0c,2023-08-21,1,26.57,26.57,26.57
545dbc1e-ac32-48e9-bc04-0b2ef13acb0c,2026-04-06,5,36,29,39
545dbc1e-ac32-48e9-bc04-0b2ef13acb0c,2026-06-22,1,32.17,32.17,32.17
545dbc1e-ac32-48e9-bc04-0b2ef13acb0c,2026-07-06,1,44.15,44.15,44.15
545e56ed-9d3d-46e7-888b-93c86d7291da,2021-03-08,1,99.99,99.99,99.99
545e56ed-9d3d-46e7-888b-93c86d7291da,2021-12-13,2,71,66,76
545e56ed-9d3d-46e7-888b-93c86d7291da,2022-04-11,1,85,85,85
545e56ed-9d3d-46e7-888b-93c86d7291da,2022-05-02,1,74.4,74.4,74.4
545e56ed-9d3d-46e7-888b-93c86d7291da,2022-05-23,1,60,60,60
545e56ed-9d3d-46e7-888b-93c86d7291da,2022-08-29,1,69.95,69.95,69.95
545e56ed-9d3d-46e7-888b-93c86d7291da,2022-11-28,1,48,48,48
545e56ed-9d3d-46e7-888b-93c86d7291da,2023-01-16,1,71,71,71
545e56ed-9d3d-46e7-888b-93c86d7291da,2023-02-13,1,36.02,36.02,36.02
545e56ed-9d3d-46e7-888b-93c86d7291da,2023-05-29,2,66.72,41.19,92.26
545e56ed-9d3d-46e7-888b-93c86d7291da,2023-06-19,1,66.72,66.72,66.72
545e56ed-9d3d-46e7-888b-93c86d7291da,2023-08-28,1,79.83,79.83,79.83
545e56ed-9d3d-46e7-888b-93c86d7291da,2023-10-30,2,85,80,89.99
545e56ed-9d3d-46e7-888b-93c86d7291da,2023-11-06,1,61,61,61
545e56ed-9d3d-46e7-888b-93c86d7291da,2024-03-18,1,70,70,70
545e56ed-9d3d-46e7-888b-93c86d7291da,2024-04-01,1,50,50,50
545e56ed-9d3d-46e7-888b-93c86d7291da,2024-04-22,1,58,58,58
545e56ed-9d3d-46e7-888b-93c86d7291da,2024-05-20,2,35.89,29.78,42
545e56ed-9d3d-46e7-888b-93c86d7291da,2024-06-03,1,32.77,32.77,32.77
545e56ed-9d3d-46e7-888b-93c86d7291da,2024-07-22,1,72,72,72
545e56ed-9d3d-46e7-888b-93c86d7291da,2024-08-05,1,69.69,69.69,69.69
545e56ed-9d3d-46e7-888b-93c86d7291da,2024-09-30,2,130,60,200
545e56ed-9d3d-46e7-888b-93c86d7291da,2024-10-21,1,80,80,80
545e56ed-9d3d-46e7-888b-93c86d7291da,2024-12-30,1,89.99,89.99,89.99
545e56ed-9d3d-46e7-888b-93c86d7291da,2025-01-27,1,79.99,79.99,79.99
545e56ed-9d3d-46e7-888b-93c86d7291da,2025-03-24,1,80.99,80.99,80.99
545e56ed-9d3d-46e7-888b-93c86d7291da,2025-03-31,1,102,102,102
545e56ed-9d3d-46e7-888b-93c86d7291da,2025-05-12,1,99,99,99
545e56ed-9d3d-46e7-888b-93c86d7291da,2025-07-14,1,78,78,78
545e56ed-9d3d-46e7-888b-93c86d7291da,2025-10-27,1,83,83,83
545e56ed-9d3d-46e7-888b-93c86d7291da,2025-12-29,1,75,75,75
545e56ed-9d3d-46e7-888b-93c86d7291da,2026-03-30,1,158.05,158.05,158.05
545e56ed-9d3d-46e7-888b-93c86d7291da,2026-04-06,1,200,200,200
545e56ed-9d3d-46e7-888b-93c86d7291da,2026-08-10,1,250,250,250
545e56ed-9d3d-46e7-888b-93c86d7291da,2026-08-17,1,199.95,199.95,199.95
545e56ed-9d3d-46e7-888b-93c86d7291da,2026-08-24,1,276.88,276.88,276.88
545ebb22-a383-4055-be33-9d4c6f9f1175,2021-11-15,1,102.5,102.5,102.5
545ebb22-a383-4055-be33-9d4c6f9f1175,2022-11-14,1,95,95,95
545ebb22-a383-4055-be33-9d4c6f9f1175,2023-01-02,1,76.54,76.54,76.54
545ebb22-a383-4055-be33-9d4c6f9f1175,2023-03-20,1,125,125,125
545ebb22-a383-4055-be33-9d4c6f9f1175,2023-05-29,1,67.2,67.2,67.2
545ebb22-a383-4055-be33-9d4c6f9f1175,2023-12-04,1,110.5,110.5,110.5
545ebb22-a383-4055-be33-9d4c6f9f1175,2024-08-26,1,80.5,80.5,80.5
545ebb22-a383-4055-be33-9d4c6f9f1175,2025-10-06,1,415,415,415
545ebb22-a383-4055-be33-9d4c6f9f1175,2026-03-09,1,950,950,950
545ebb22-a383-4055-be33-9d4c6f9f1175,2026-03-23,1,1499.99,1499.99,1499.99
545ebb22-a383-4055-be33-9d4c6f9f1175,2026-03-30,1,1449.99,1449.99,1449.99
545ebb22-a383-4055-be33-9d4c6f9f1175,2026-04-20,1,1999.99,1999.99,1999.99
545ebb22-a383-4055-be33-9d4c6f9f1175,2026-05-25,1,1470,1470,1470
545ebb22-a383-4055-be33-9d4c6f9f1175,2026-06-15,1,1325,1325,1325
545ebb22-a383-4055-be33-9d4c6f9f1175,2026-08-03,1,2000,2000,2000
5461d4bb-e227-450f-866d-68304fc9abf0,2025-07-07,1,1250.72,1250.72,1250.72
5461d4bb-e227-450f-866d-68304fc9abf0,2025-09-01,2,1151.78,1118.97,1184.59
5461d4bb-e227-450f-866d-68304fc9abf0,2025-09-08,1,1080.7,1080.7,1080.7
5461d4bb-e227-450f-866d-68304fc9abf0,2025-09-15,1,1080.63,1080.63,1080.63
5461d4bb-e227-450f-866d-68304fc9abf0,2025-09-22,1,1040.4,1040.4,1040.4
5461d4bb-e227-450f-866d-68304fc9abf0,2025-10-13,1,960.37,960.37,960.37
5461d4bb-e227-450f-866d-68304fc9abf0,2025-10-20,1,994.11,994.11,994.11
5461d4bb-e227-450f-866d-68304fc9abf0,2025-10-27,3,952.96,940.27,988.3
5461d4bb-e227-450f-866d-68304fc9abf0,2025-11-03,1,988.89,988.89,988.89
5461d4bb-e227-450f-866d-68304fc9abf0,2025-11-10,1,964.54,964.54,964.54
5461d4bb-e227-450f-866d-68304fc9abf0,2025-11-24,2,894.21,881.45,906.96
5461d4bb-e227-450f-866d-68304fc9abf0,2025-12-22,1,921.57,921.57,921.57
5461d4bb-e227-450f-866d-68304fc9abf0,2026-01-12,2,809.72,801.79,817.66
5461d4bb-e227-450f-866d-68304fc9abf0,2026-01-26,1,835.5,835.5,835.5
5461d4bb-e227-450f-866d-68304fc9abf0,2026-02-02,1,897.93,897.93,897.93
5461d4bb-e227-450f-866d-68304fc9abf0,2026-02-16,1,862.59,862.59,862.59
5461d4bb-e227-450f-866d-68304fc9abf0,2026-02-23,1,850.46,850.46,850.46
5461d4bb-e227-450f-866d-68304fc9abf0,2026-03-09,2,766.08,760.37,771.79
5461d4bb-e227-450f-866d-68304fc9abf0,2026-03-23,2,765.35,753.84,776.86
5461d4bb-e227-450f-866d-68304fc9abf0,2026-04-13,1,849.53,849.53,849.53
5461d4bb-e227-450f-866d-68304fc9abf0,2026-04-20,1,941.2,941.2,941.2
5461d4bb-e227-450f-866d-68304fc9abf0,2026-05-25,1,999.19,999.19,999.19
5461d4bb-e227-450f-866d-68304fc9abf0,2026-06-15,2,954.96,934.89,975.04
5461d4bb-e227-450f-866d-68304fc9abf0,2026-07-13,1,1075,1075,1075
5461d4bb-e227-450f-866d-68304fc9abf0,2026-07-20,1,917,917,917
5461d4bb-e227-450f-866d-68304fc9abf0,2026-07-27,1,1200,1200,1200
5461d4bb-e227-450f-866d-68304fc9abf0,2026-08-03,1,924.72,924.72,924.72
5461d4bb-e227-450f-866d-68304fc9abf0,2026-08-10,1,931.39,931.39,931.39
5461d4bb-e227-450f-866d-68304fc9abf0,2026-08-17,1,846.73,846.73,846.73
5469a4a6-1532-4a8c-9a85-70597223621d,2026-04-06,2,42.5,38,47
5469a4a6-1532-4a8c-9a85-70597223621d,2026-04-13,5,47,38,56.99
5469a4a6-1532-4a8c-9a85-70597223621d,2026-04-20,11,39,33,41.88
5469a4a6-1532-4a8c-9a85-70597223621d,2026-04-27,8,40,35,43.01
5469a4a6-1532-4a8c-9a85-70597223621d,2026-05-04,13,41.01,36,59.99
5469a4a6-1532-4a8c-9a85-70597223621d,2026-05-11,10,49,41.88,62
5469a4a6-1532-4a8c-9a85-70597223621d,2026-05-18,8,46,38.61,55
5469a4a6-1532-4a8c-9a85-70597223621d,2026-05-25,11,50,43,56
5469a4a6-1532-4a8c-9a85-70597223621d,2026-06-01,7,45.01,25,49.95
5469a4a6-1532-4a8c-9a85-70597223621d,2026-06-08,5,45,41.7,49.75
5469a4a6-1532-4a8c-9a85-70597223621d,2026-06-15,5,43.2,36,43.2
5469a4a6-1532-4a8c-9a85-70597223621d,2026-06-22,5,37,22.51,42
5469a4a6-1532-4a8c-9a85-70597223621d,2026-06-29,7,46.8,33,56
5469a4a6-1532-4a8c-9a85-70597223621d,2026-07-06,6,40,24,41
5469a4a6-1532-4a8c-9a85-70597223621d,2026-07-13,8,40,35.38,44.95
5469a4a6-1532-4a8c-9a85-70597223621d,2026-07-20,9,36,30,44
5469a4a6-1532-4a8c-9a85-70597223621d,2026-07-27,14,36.74,20.5,55.46
5469a4a6-1532-4a8c-9a85-70597223621d,2026-08-03,7,39.95,20.6,46
5469a4a6-1532-4a8c-9a85-70597223621d,2026-08-10,11,31.95,28.21,44
5469a4a6-1532-4a8c-9a85-70597223621d,2026-08-17,14,34.66,27,46.26
5469a4a6-1532-4a8c-9a85-70597223621d,2026-08-24,9,34.32,29.99,43.95
5469a4a6-1532-4a8c-9a85-70597223621d,2026-08-31,12,35,10,46
5469a4a6-1532-4a8c-9a85-70597223621d,2026-09-07,8,40.05,21.5,49.95
5469d12e-61c9-43f1-be5e-49ed2571386c,2026-03-02,5,180,155,210.41
5469d12e-61c9-43f1-be5e-49ed2571386c,2026-03-09,9,189.93,165,228.28
5469d12e-61c9-43f1-be5e-49ed2571386c,2026-03-16,7,200,187.5,250
5469d12e-61c9-43f1-be5e-49ed2571386c,2026-03-23,6,250,162,250
5469d12e-61c9-43f1-be5e-49ed2571386c,2026-03-30,7,252,225,350
5469d12e-61c9-43f1-be5e-49ed2571386c,2026-04-06,5,249,229,315
5469d12e-61c9-43f1-be5e-49ed2571386c,2026-04-13,7,300,270.02,375
5469d12e-61c9-43f1-be5e-49ed2571386c,2026-04-20,11,319.99,290,400
5469d12e-61c9-43f1-be5e-49ed2571386c,2026-04-27,5,349.99,326,375
5469d12e-61c9-43f1-be5e-49ed2571386c,2026-05-04,12,340,275,450
5469d12e-61c9-43f1-be5e-49ed2571386c,2026-05-11,4,340,317,359.99
5469d12e-61c9-43f1-be5e-49ed2571386c,2026-05-18,6,349.5,277,400
5469d12e-61c9-43f1-be5e-49ed2571386c,2026-05-25,6,337.5,300,345
5469d12e-61c9-43f1-be5e-49ed2571386c,2026-06-01,12,352.5,301,399
5469d12e-61c9-43f1-be5e-49ed2571386c,2026-06-08,5,329.99,290,372
5469d12e-61c9-43f1-be5e-49ed2571386c,2026-06-15,11,325,315,375
5469d12e-61c9-43f1-be5e-49ed2571386c,2026-06-22,6,305,265,375
5469d12e-61c9-43f1-be5e-49ed2571386c,2026-06-29,4,300,280,305
5469d12e-61c9-43f1-be5e-49ed2571386c,2026-07-06,4,302.5,291,345
5469d12e-61c9-43f1-be5e-49ed2571386c,2026-07-13,6,325,305,339.99
5469d12e-61c9-43f1-be5e-49ed2571386c,2026-07-20,5,312,300,344.08
5469d12e-61c9-43f1-be5e-49ed2571386c,2026-08-03,5,295,255.94,334
5469d12e-61c9-43f1-be5e-49ed2571386c,2026-08-10,13,315,280,349.99
5469d12e-61c9-43f1-be5e-49ed2571386c,2026-08-17,8,303,300,360
5469d12e-61c9-43f1-be5e-49ed2571386c,2026-08-24,11,300,288,425
5469d12e-61c9-43f1-be5e-49ed2571386c,2026-08-31,5,310,255,396
5469d12e-61c9-43f1-be5e-49ed2571386c,2026-09-07,9,315,287,442
546ebfe4-a441-453c-97e4-7a32df4dc973,2021-06-28,1,7201.5,7201.5,7201.5
546ebfe4-a441-453c-97e4-7a32df4dc973,2021-09-13,1,7380,7380,7380
546ebfe4-a441-453c-97e4-7a32df4dc973,2021-09-27,1,6025,6025,6025
546ebfe4-a441-453c-97e4-7a32df4dc973,2022-06-06,1,6300,6300,6300
546ebfe4-a441-453c-97e4-7a32df4dc973,2022-08-15,1,6000,6000,6000
546ebfe4-a441-453c-97e4-7a32df4dc973,2022-10-03,1,5400,5400,5400
546ebfe4-a441-453c-97e4-7a32df4dc973,2022-12-05,1,4920,4920,4920
546ebfe4-a441-453c-97e4-7a32df4dc973,2023-12-11,1,4500,4500,4500
546ebfe4-a441-453c-97e4-7a32df4dc973,2024-02-26,1,4320,4320,4320
546ebfe4-a441-453c-97e4-7a32df4dc973,2024-03-18,1,4080,4080,4080
546ebfe4-a441-453c-97e4-7a32df4dc973,2024-04-01,1,3840,3840,3840
546ebfe4-a441-453c-97e4-7a32df4dc973,2024-06-10,1,3375.74,3375.74,3375.74
546ebfe4-a441-453c-97e4-7a32df4dc973,2024-07-08,1,2880,2880,2880
546ebfe4-a441-453c-97e4-7a32df4dc973,2024-08-26,1,2540.4,2540.4,2540.4
546ebfe4-a441-453c-97e4-7a32df4dc973,2024-09-16,1,2880,2880,2880
546ebfe4-a441-453c-97e4-7a32df4dc973,2024-11-18,1,2125,2125,2125
546ebfe4-a441-453c-97e4-7a32df4dc973,2025-01-20,1,2760,2760,2760
546ebfe4-a441-453c-97e4-7a32df4dc973,2025-04-28,1,3215.5,3215.5,3215.5
546ebfe4-a441-453c-97e4-7a32df4dc973,2025-05-19,1,2520,2520,2520
546ebfe4-a441-453c-97e4-7a32df4dc973,2025-07-07,1,2640,2640,2640
546ebfe4-a441-453c-97e4-7a32df4dc973,2025-08-11,1,2622,2622,2622
546ebfe4-a441-453c-97e4-7a32df4dc973,2025-09-01,1,7000,7000,7000
546ebfe4-a441-453c-97e4-7a32df4dc973,2025-10-13,1,4800,4800,4800
546ebfe4-a441-453c-97e4-7a32df4dc973,2025-12-15,1,3400,3400,3400
546ebfe4-a441-453c-97e4-7a32df4dc973,2026-03-02,1,4500,4500,4500
546ebfe4-a441-453c-97e4-7a32df4dc973,2026-03-16,1,5640,5640,5640
546ebfe4-a441-453c-97e4-7a32df4dc973,2026-04-27,1,5600,5600,5600
546ebfe4-a441-453c-97e4-7a32df4dc973,2026-05-04,1,6999,6999,6999
546ebfe4-a441-453c-97e4-7a32df4dc973,2026-05-25,1,6000,6000,6000
546ebfe4-a441-453c-97e4-7a32df4dc973,2026-06-29,1,4592.4,4592.4,4592.4
546ebfe4-a441-453c-97e4-7a32df4dc973,2026-07-13,2,16450,12900,20000
546ebfe4-a441-453c-97e4-7a32df4dc973,2026-08-03,1,9900,9900,9900
54716b64-b0e0-4593-b894-758ac600c1a1,2021-12-06,1,21.5,21.5,21.5
54716b64-b0e0-4593-b894-758ac600c1a1,2022-11-21,1,59.32,59.32,59.32
54716b64-b0e0-4593-b894-758ac600c1a1,2025-09-15,1,89.99,89.99,89.99
54717119-7961-4efa-bc32-6cb5c1584eca,2022-12-12,1,16.5,16.5,16.5
54717119-7961-4efa-bc32-6cb5c1584eca,2023-01-02,1,34,34,34
54717119-7961-4efa-bc32-6cb5c1584eca,2023-01-09,1,31.2,31.2,31.2
54717119-7961-4efa-bc32-6cb5c1584eca,2023-01-30,1,35,35,35
54717119-7961-4efa-bc32-6cb5c1584eca,2023-09-11,1,18.5,18.5,18.5
54717119-7961-4efa-bc32-6cb5c1584eca,2024-06-24,1,25,25,25
54717119-7961-4efa-bc32-6cb5c1584eca,2025-01-27,1,20.5,20.5,20.5
54717119-7961-4efa-bc32-6cb5c1584eca,2025-09-22,1,21.5,21.5,21.5
54717119-7961-4efa-bc32-6cb5c1584eca,2026-05-18,1,25,25,25
54717119-7961-4efa-bc32-6cb5c1584eca,2026-08-31,1,44.99,44.99,44.99
54748aa9-2557-49c6-a7b8-16d9e8f16d64,2021-03-08,1,642.8,642.8,642.8
54748aa9-2557-49c6-a7b8-16d9e8f16d64,2021-03-22,1,661,661,661
54748aa9-2557-49c6-a7b8-16d9e8f16d64,2021-05-17,1,537.77,537.77,537.77
54748aa9-2557-49c6-a7b8-16d9e8f16d64,2021-07-05,1,625,625,625
54748aa9-2557-49c6-a7b8-16d9e8f16d64,2021-10-04,1,398,398,398
54748aa9-2557-49c6-a7b8-16d9e8f16d64,2021-10-18,1,428,428,428
54748aa9-2557-49c6-a7b8-16d9e8f16d64,2021-11-15,1,700,700,700
54748aa9-2557-49c6-a7b8-16d9e8f16d64,2021-11-22,1,404,404,404
54748aa9-2557-49c6-a7b8-16d9e8f16d64,2022-07-04,1,492,492,492
54748aa9-2557-49c6-a7b8-16d9e8f16d64,2023-03-13,1,476,476,476
54748aa9-2557-49c6-a7b8-16d9e8f16d64,2023-04-24,1,325,325,325
54748aa9-2557-49c6-a7b8-16d9e8f16d64,2023-06-05,1,345.44,345.44,345.44
54748aa9-2557-49c6-a7b8-16d9e8f16d64,2023-06-19,1,432,432,432
54748aa9-2557-49c6-a7b8-16d9e8f16d64,2024-01-29,1,323.99,323.99,323.99
54748aa9-2557-49c6-a7b8-16d9e8f16d64,2024-03-04,1,400,400,400
54748aa9-2557-49c6-a7b8-16d9e8f16d64,2024-04-22,1,360,360,360
54748aa9-2557-49c6-a7b8-16d9e8f16d64,2024-06-03,1,399.99,399.99,399.99
54748aa9-2557-49c6-a7b8-16d9e8f16d64,2024-07-08,1,305,305,305
54748aa9-2557-49c6-a7b8-16d9e8f16d64,2024-08-05,2,294.25,247.5,341
54748aa9-2557-49c6-a7b8-16d9e8f16d64,2024-08-19,1,400,400,400
54748aa9-2557-49c6-a7b8-16d9e8f16d64,2024-10-07,1,395.57,395.57,395.57
54748aa9-2557-49c6-a7b8-16d9e8f16d64,2024-11-25,1,408,408,408
54748aa9-2557-49c6-a7b8-16d9e8f16d64,2024-12-09,1,340,340,340
54748aa9-2557-49c6-a7b8-16d9e8f16d64,2025-01-13,1,499.99,499.99,499.99
54748aa9-2557-49c6-a7b8-16d9e8f16d64,2025-01-27,1,346,346,346
54748aa9-2557-49c6-a7b8-16d9e8f16d64,2025-02-24,1,528,528,528
54748aa9-2557-49c6-a7b8-16d9e8f16d64,2025-03-17,1,528,528,528
54748aa9-2557-49c6-a7b8-16d9e8f16d64,2025-06-09,1,472.79,472.79,472.79
54748aa9-2557-49c6-a7b8-16d9e8f16d64,2025-06-16,1,599.99,599.99,599.99
54748aa9-2557-49c6-a7b8-16d9e8f16d64,2025-06-30,1,630,630,630
54748aa9-2557-49c6-a7b8-16d9e8f16d64,2025-07-14,1,875,875,875
54748aa9-2557-49c6-a7b8-16d9e8f16d64,2025-07-21,1,1048.88,1048.88,1048.88
54748aa9-2557-49c6-a7b8-16d9e8f16d64,2025-09-29,1,1000,1000,1000
54748aa9-2557-49c6-a7b8-16d9e8f16d64,2025-10-27,1,1230,1230,1230
54748aa9-2557-49c6-a7b8-16d9e8f16d64,2025-11-24,2,1110,1050,1170
54748aa9-2557-49c6-a7b8-16d9e8f16d64,2026-01-19,1,1150,1150,1150
54748aa9-2557-49c6-a7b8-16d9e8f16d64,2026-02-09,1,1125,1125,1125
54748aa9-2557-49c6-a7b8-16d9e8f16d64,2026-02-23,1,2000,2000,2000
54748aa9-2557-49c6-a7b8-16d9e8f16d64,2026-03-02,1,1499,1499,1499
54748aa9-2557-49c6-a7b8-16d9e8f16d64,2026-03-09,3,4201,4000,4325
54748aa9-2557-49c6-a7b8-16d9e8f16d64,2026-04-13,1,1915.78,1915.78,1915.78
54748aa9-2557-49c6-a7b8-16d9e8f16d64,2026-04-27,1,2399.99,2399.99,2399.99
54748aa9-2557-49c6-a7b8-16d9e8f16d64,2026-06-29,2,2202,2004,2400
54748aa9-2557-49c6-a7b8-16d9e8f16d64,2026-07-06,1,1901,1901,1901
54748aa9-2557-49c6-a7b8-16d9e8f16d64,2026-07-13,1,1740.69,1740.69,1740.69
54748aa9-2557-49c6-a7b8-16d9e8f16d64,2026-07-20,1,1656,1656,1656
54748aa9-2557-49c6-a7b8-16d9e8f16d64,2026-07-27,1,2000,2000,2000
54748aa9-2557-49c6-a7b8-16d9e8f16d64,2026-08-03,1,1825,1825,1825
54748aa9-2557-49c6-a7b8-16d9e8f16d64,2026-08-17,3,1883.68,1590,1925.16
54748aa9-2557-49c6-a7b8-16d9e8f16d64,2026-09-07,2,3250.49,3001,3499.99
5474acb7-f04e-415f-b8e8-3687bd1332f8,2022-11-28,1,18.5,18.5,18.5
5474acb7-f04e-415f-b8e8-3687bd1332f8,2023-01-23,1,28.89,28.89,28.89
5474acb7-f04e-415f-b8e8-3687bd1332f8,2023-02-20,1,31.88,31.88,31.88
5474acb7-f04e-415f-b8e8-3687bd1332f8,2023-08-07,1,38,38,38
5474acb7-f04e-415f-b8e8-3687bd1332f8,2023-09-04,1,26,26,26
5474acb7-f04e-415f-b8e8-3687bd1332f8,2023-09-11,1,36,36,36
5474acb7-f04e-415f-b8e8-3687bd1332f8,2023-09-18,1,26,26,26
5474acb7-f04e-415f-b8e8-3687bd1332f8,2023-09-25,1,26,26,26
5474acb7-f04e-415f-b8e8-3687bd1332f8,2023-10-02,1,37,37,37
5474acb7-f04e-415f-b8e8-3687bd1332f8,2023-11-20,1,19.2,19.2,19.2
5474acb7-f04e-415f-b8e8-3687bd1332f8,2024-12-09,1,40.99,40.99,40.99
5474acb7-f04e-415f-b8e8-3687bd1332f8,2025-01-06,1,30,30,30
5474acb7-f04e-415f-b8e8-3687bd1332f8,2026-01-12,1,56,56,56
5474acb7-f04e-415f-b8e8-3687bd1332f8,2026-03-30,1,77.99,77.99,77.99
5474acb7-f04e-415f-b8e8-3687bd1332f8,2026-07-13,1,90.85,90.85,90.85
547e333d-2ce2-453d-a8e5-bdff16eb9fc9,2026-06-29,16,199.25,150,237.62
547e333d-2ce2-453d-a8e5-bdff16eb9fc9,2026-07-06,11,209.5,177.5,350
547e333d-2ce2-453d-a8e5-bdff16eb9fc9,2026-07-13,12,186.5,155,277.97
547e333d-2ce2-453d-a8e5-bdff16eb9fc9,2026-07-20,24,169.69,150,225
547e333d-2ce2-453d-a8e5-bdff16eb9fc9,2026-07-27,14,162,131,195.09
547e333d-2ce2-453d-a8e5-bdff16eb9fc9,2026-08-03,24,159,120,239
547e333d-2ce2-453d-a8e5-bdff16eb9fc9,2026-08-10,19,159.99,122.5,194
547e333d-2ce2-453d-a8e5-bdff16eb9fc9,2026-08-17,23,160,136,235
547e333d-2ce2-453d-a8e5-bdff16eb9fc9,2026-08-24,18,168.75,145,210
547e333d-2ce2-453d-a8e5-bdff16eb9fc9,2026-08-31,21,157.99,140,180
547e333d-2ce2-453d-a8e5-bdff16eb9fc9,2026-09-07,13,161,138.5,182.5
547ea04f-8b6b-47b6-b9d4-fbf42c98093e,2025-08-11,1,28,28,28
547ea04f-8b6b-47b6-b9d4-fbf42c98093e,2025-08-18,1,39.99,39.99,39.99
547ea04f-8b6b-47b6-b9d4-fbf42c98093e,2025-09-01,1,36,36,36
547ea04f-8b6b-47b6-b9d4-fbf42c98093e,2025-11-24,1,50,50,50
547ea04f-8b6b-47b6-b9d4-fbf42c98093e,2025-12-08,2,28.91,27.33,30.5
547ea04f-8b6b-47b6-b9d4-fbf42c98093e,2025-12-22,1,42,42,42
547ea04f-8b6b-47b6-b9d4-fbf42c98093e,2026-01-12,1,45,45,45
547ea04f-8b6b-47b6-b9d4-fbf42c98093e,2026-02-02,1,32,32,32
547ea04f-8b6b-47b6-b9d4-fbf42c98093e,2026-02-16,2,33.5,33,34
547ea04f-8b6b-47b6-b9d4-fbf42c98093e,2026-05-04,1,42.5,42.5,42.5
547ea04f-8b6b-47b6-b9d4-fbf42c98093e,2026-05-25,1,50,50,50
547ea04f-8b6b-47b6-b9d4-fbf42c98093e,2026-06-22,1,45,45,45
547ea04f-8b6b-47b6-b9d4-fbf42c98093e,2026-06-29,1,50,50,50
547ea04f-8b6b-47b6-b9d4-fbf42c98093e,2026-07-20,1,60,60,60
547ea04f-8b6b-47b6-b9d4-fbf42c98093e,2026-07-27,2,53.08,51.16,55
547ea04f-8b6b-47b6-b9d4-fbf42c98093e,2026-08-03,2,73.56,67.14,79.99
547ea04f-8b6b-47b6-b9d4-fbf42c98093e,2026-08-10,1,31.64,31.64,31.64
547f5748-6eee-4500-8abf-6a1151ab8c5e,2025-09-08,1,102.5,102.5,102.5
547f5748-6eee-4500-8abf-6a1151ab8c5e,2025-09-15,6,110.25,90,119.99
547f5748-6eee-4500-8abf-6a1151ab8c5e,2025-09-22,4,107.5,91,139.95
547f5748-6eee-4500-8abf-6a1151ab8c5e,2025-09-29,8,112.31,100,130
547f5748-6eee-4500-8abf-6a1151ab8c5e,2025-10-06,4,112.53,99.99,125
547f5748-6eee-4500-8abf-6a1151ab8c5e,2025-10-13,2,96.12,75.84,116.4
547f5748-6eee-4500-8abf-6a1151ab8c5e,2025-10-20,4,94.87,87.6,105
547f5748-6eee-4500-8abf-6a1151ab8c5e,2025-10-27,3,86.47,78,90
547f5748-6eee-4500-8abf-6a1151ab8c5e,2025-11-03,1,90,90,90
547f5748-6eee-4500-8abf-6a1151ab8c5e,2025-11-10,3,63.94,54.98,64.02
547f5748-6eee-4500-8abf-6a1151ab8c5e,2025-11-17,3,89,71,125
547f5748-6eee-4500-8abf-6a1151ab8c5e,2025-11-24,2,76.2,62.4,90
547f5748-6eee-4500-8abf-6a1151ab8c5e,2025-12-01,4,75.5,61,99.99
547f5748-6eee-4500-8abf-6a1151ab8c5e,2025-12-08,2,70.5,51,90
547f5748-6eee-4500-8abf-6a1151ab8c5e,2025-12-22,5,89.99,43,110
547f5748-6eee-4500-8abf-6a1151ab8c5e,2025-12-29,2,63.6,56.2,71
547f5748-6eee-4500-8abf-6a1151ab8c5e,2026-01-05,1,74.99,74.99,74.99
547f5748-6eee-4500-8abf-6a1151ab8c5e,2026-01-19,4,72,58,79.99
547f5748-6eee-4500-8abf-6a1151ab8c5e,2026-01-26,3,58,55.2,90
547f5748-6eee-4500-8abf-6a1151ab8c5e,2026-02-02,6,58.5,52.8,75
547f5748-6eee-4500-8abf-6a1151ab8c5e,2026-02-09,3,70,63,80
547f5748-6eee-4500-8abf-6a1151ab8c5e,2026-02-16,1,89,89,89
547f5748-6eee-4500-8abf-6a1151ab8c5e,2026-02-23,4,73,49,85
547f5748-6eee-4500-8abf-6a1151ab8c5e,2026-03-02,4,61.3,51.6,66
547f5748-6eee-4500-8abf-6a1151ab8c5e,2026-03-09,3,52,42,58.23
547f5748-6eee-4500-8abf-6a1151ab8c5e,2026-03-16,5,62,39.6,73
547f5748-6eee-4500-8abf-6a1151ab8c5e,2026-03-23,2,56.5,47,66
547f5748-6eee-4500-8abf-6a1151ab8c5e,2026-03-30,7,69,55.22,89.99
547f5748-6eee-4500-8abf-6a1151ab8c5e,2026-04-06,8,65.5,62.86,85
547f5748-6eee-4500-8abf-6a1151ab8c5e,2026-04-13,4,62.99,55.5,75
547f5748-6eee-4500-8abf-6a1151ab8c5e,2026-04-20,4,81.19,75,89
547f5748-6eee-4500-8abf-6a1151ab8c5e,2026-04-27,4,67.09,59,75
547f5748-6eee-4500-8abf-6a1151ab8c5e,2026-05-04,5,85,75,90
547f5748-6eee-4500-8abf-6a1151ab8c5e,2026-05-11,3,76,72,76
547f5748-6eee-4500-8abf-6a1151ab8c5e,2026-05-18,7,90,71.99,109.12
547f5748-6eee-4500-8abf-6a1151ab8c5e,2026-05-25,4,90.2,76,96
547f5748-6eee-4500-8abf-6a1151ab8c5e,2026-06-01,6,85,79,100
547f5748-6eee-4500-8abf-6a1151ab8c5e,2026-06-08,6,101,85,125
547f5748-6eee-4500-8abf-6a1151ab8c5e,2026-06-15,3,84.37,82.96,100
547f5748-6eee-4500-8abf-6a1151ab8c5e,2026-06-22,4,74.88,54.53,102.5
547f5748-6eee-4500-8abf-6a1151ab8c5e,2026-06-29,6,121.25,84,135
547f5748-6eee-4500-8abf-6a1151ab8c5e,2026-07-06,3,98.58,90,121
547f5748-6eee-4500-8abf-6a1151ab8c5e,2026-07-20,3,84.77,84.77,99
547f5748-6eee-4500-8abf-6a1151ab8c5e,2026-08-03,3,93.6,80,107.6
547f5748-6eee-4500-8abf-6a1151ab8c5e,2026-08-10,6,104.25,77.68,125
547f5748-6eee-4500-8abf-6a1151ab8c5e,2026-08-17,6,116.41,95,150
547f5748-6eee-4500-8abf-6a1151ab8c5e,2026-08-24,5,99,86.4,140
547f5748-6eee-4500-8abf-6a1151ab8c5e,2026-08-31,4,128,100,145
547f5748-6eee-4500-8abf-6a1151ab8c5e,2026-09-07,1,110,110,110
5482f613-05e0-4cd1-95e4-82124f77cf9c,2021-12-13,1,23.5,23.5,23.5
5482f613-05e0-4cd1-95e4-82124f77cf9c,2026-02-23,1,379.94,379.94,379.94
5485e139-0b6b-44e3-be73-721f83582a9d,2026-06-01,9,3100.01,3000,3757.04
5485e139-0b6b-44e3-be73-721f83582a9d,2026-06-08,17,3261,3000,3600
5485e139-0b6b-44e3-be73-721f83582a9d,2026-06-15,13,3200,2928,3850
5485e139-0b6b-44e3-be73-721f83582a9d,2026-06-22,13,3300,3022.81,3400
5485e139-0b6b-44e3-be73-721f83582a9d,2026-06-29,10,3274.5,2880,3600
5485e139-0b6b-44e3-be73-721f83582a9d,2026-07-06,11,3425,3000,3800
5485e139-0b6b-44e3-be73-721f83582a9d,2026-07-13,7,3499.99,2870.4,3676
5485e139-0b6b-44e3-be73-721f83582a9d,2026-07-20,9,3250,2760,3400
5485e139-0b6b-44e3-be73-721f83582a9d,2026-07-27,11,3265,2900,3708.72
5485e139-0b6b-44e3-be73-721f83582a9d,2026-08-03,14,3250,2970,4050
5485e139-0b6b-44e3-be73-721f83582a9d,2026-08-10,15,3275,3000,3500
5485e139-0b6b-44e3-be73-721f83582a9d,2026-08-17,15,3434.4,2850,4250
5485e139-0b6b-44e3-be73-721f83582a9d,2026-08-24,11,3399.99,3125,4550
5485e139-0b6b-44e3-be73-721f83582a9d,2026-08-31,19,3850,3222.04,5110.16
5485e139-0b6b-44e3-be73-721f83582a9d,2026-09-07,11,3905,3550,5000
54864819-5e1f-4da9-b10b-f11c1c0c9307,2022-02-28,1,70.77,70.77,70.77
54864819-5e1f-4da9-b10b-f11c1c0c9307,2022-03-21,1,70,70,70
54864819-5e1f-4da9-b10b-f11c1c0c9307,2023-03-06,1,128.98,128.98,128.98
54864819-5e1f-4da9-b10b-f11c1c0c9307,2024-08-12,1,82,82,82
54864819-5e1f-4da9-b10b-f11c1c0c9307,2024-12-30,1,70,70,70
54864819-5e1f-4da9-b10b-f11c1c0c9307,2025-09-29,1,100,100,100
54864819-5e1f-4da9-b10b-f11c1c0c9307,2026-02-16,1,155.88,155.88,155.88
54864819-5e1f-4da9-b10b-f11c1c0c9307,2026-03-02,1,248.5,248.5,248.5
54864819-5e1f-4da9-b10b-f11c1c0c9307,2026-04-13,1,355,355,355
54903511-f789-4fb3-bd26-3b792e10c464,2023-06-12,1,27.43,27.43,27.43
54903511-f789-4fb3-bd26-3b792e10c464,2023-08-28,1,32.38,32.38,32.38
54903511-f789-4fb3-bd26-3b792e10c464,2023-11-27,1,79.74,79.74,79.74
54903511-f789-4fb3-bd26-3b792e10c464,2024-11-04,1,33,33,33
54903511-f789-4fb3-bd26-3b792e10c464,2025-03-03,1,49.99,49.99,49.99
54903511-f789-4fb3-bd26-3b792e10c464,2025-04-14,1,26,26,26
54903511-f789-4fb3-bd26-3b792e10c464,2026-06-29,1,260,260,260
5490dbe1-aee0-49c6-aa94-38288b766afe,2021-03-08,1,340,340,340
5490dbe1-aee0-49c6-aa94-38288b766afe,2021-12-13,1,375,375,375
5490dbe1-aee0-49c6-aa94-38288b766afe,2022-10-24,1,324,324,324
5490dbe1-aee0-49c6-aa94-38288b766afe,2023-10-23,1,355,355,355
5490dbe1-aee0-49c6-aa94-38288b766afe,2024-04-01,1,441.47,441.47,441.47
5490dbe1-aee0-49c6-aa94-38288b766afe,2026-06-15,1,3850,3850,3850
5490dbe1-aee0-49c6-aa94-38288b766afe,2026-08-17,1,5500,5500,5500
549bbedd-e53d-4389-9094-e51de1155aad,2021-09-13,1,60,60,60
549bbedd-e53d-4389-9094-e51de1155aad,2021-09-27,1,33,33,33
549bbedd-e53d-4389-9094-e51de1155aad,2022-01-24,1,49.2,49.2,49.2
549bbedd-e53d-4389-9094-e51de1155aad,2022-04-04,1,36,36,36
549bbedd-e53d-4389-9094-e51de1155aad,2022-05-16,1,80,80,80
549bbedd-e53d-4389-9094-e51de1155aad,2023-05-01,1,44.15,44.15,44.15
549bbedd-e53d-4389-9094-e51de1155aad,2023-07-10,1,40,40,40
549bbedd-e53d-4389-9094-e51de1155aad,2023-08-21,1,29,29,29
549bbedd-e53d-4389-9094-e51de1155aad,2023-10-09,1,47.79,47.79,47.79
549bbedd-e53d-4389-9094-e51de1155aad,2024-01-08,1,39.99,39.99,39.99
549bbedd-e53d-4389-9094-e51de1155aad,2024-03-18,2,27,24,30
549bbedd-e53d-4389-9094-e51de1155aad,2024-05-20,1,35,35,35
549bbedd-e53d-4389-9094-e51de1155aad,2024-06-24,1,65,65,65
549bbedd-e53d-4389-9094-e51de1155aad,2025-06-23,1,100,100,100
549bbedd-e53d-4389-9094-e51de1155aad,2026-04-06,1,285,285,285
549bbedd-e53d-4389-9094-e51de1155aad,2026-05-25,1,232.5,232.5,232.5
549bbedd-e53d-4389-9094-e51de1155aad,2026-08-24,1,276,276,276
549e1f02-553a-4e2a-a516-6d243d5311fd,2025-04-28,2,67.5,45,90
549e1f02-553a-4e2a-a516-6d243d5311fd,2025-05-12,1,37,37,37
549e1f02-553a-4e2a-a516-6d243d5311fd,2025-06-16,1,17.5,17.5,17.5
549e1f02-553a-4e2a-a516-6d243d5311fd,2025-07-14,1,30,30,30
549e1f02-553a-4e2a-a516-6d243d5311fd,2025-08-18,1,61,61,61
549e1f02-553a-4e2a-a516-6d243d5311fd,2025-11-24,1,79.99,79.99,79.99
549e1f02-553a-4e2a-a516-6d243d5311fd,2025-12-29,1,60,60,60
549e1f02-553a-4e2a-a516-6d243d5311fd,2026-02-09,1,77,77,77
549e1f02-553a-4e2a-a516-6d243d5311fd,2026-04-06,1,63,63,63
549e1f02-553a-4e2a-a516-6d243d5311fd,2026-04-13,1,110.5,110.5,110.5
549e1f02-553a-4e2a-a516-6d243d5311fd,2026-04-27,1,75,75,75
549e1f02-553a-4e2a-a516-6d243d5311fd,2026-05-04,1,100,100,100
549e1f02-553a-4e2a-a516-6d243d5311fd,2026-05-11,1,77,77,77
549e1f02-553a-4e2a-a516-6d243d5311fd,2026-07-20,2,121.25,117.5,125
549e1f02-553a-4e2a-a516-6d243d5311fd,2026-08-17,1,79,79,79
54a32fcc-2ba7-4e72-b9e6-0e25b9771fd3,2022-06-20,3,18.52,15.05,19.99
54a32fcc-2ba7-4e72-b9e6-0e25b9771fd3,2022-06-27,4,25.5,20,29.99
54a32fcc-2ba7-4e72-b9e6-0e25b9771fd3,2022-07-04,1,26.4,26.4,26.4
54a32fcc-2ba7-4e72-b9e6-0e25b9771fd3,2022-07-11,2,24.24,23.5,24.99
54a32fcc-2ba7-4e72-b9e6-0e25b9771fd3,2022-07-18,2,26,22.01,29.99
54a32fcc-2ba7-4e72-b9e6-0e25b9771fd3,2022-07-25,2,29.05,28.1,30
54a32fcc-2ba7-4e72-b9e6-0e25b9771fd3,2022-08-01,1,27.99,27.99,27.99
54a32fcc-2ba7-4e72-b9e6-0e25b9771fd3,2022-08-15,4,23.01,10,24.5
54a32fcc-2ba7-4e72-b9e6-0e25b9771fd3,2022-08-22,3,20.5,19.28,22.5
54a32fcc-2ba7-4e72-b9e6-0e25b9771fd3,2022-08-29,4,20.25,18,24
54a32fcc-2ba7-4e72-b9e6-0e25b9771fd3,2022-09-12,1,19.08,19.08,19.08
54a32fcc-2ba7-4e72-b9e6-0e25b9771fd3,2022-09-19,3,21.5,13.5,25.79
54a32fcc-2ba7-4e72-b9e6-0e25b9771fd3,2022-09-26,2,23.02,22.53,23.5
54a32fcc-2ba7-4e72-b9e6-0e25b9771fd3,2022-10-03,1,14.1,14.1,14.1
54a32fcc-2ba7-4e72-b9e6-0e25b9771fd3,2022-10-10,4,18.75,11.89,28
54a32fcc-2ba7-4e72-b9e6-0e25b9771fd3,2022-10-31,2,16.75,9.49,24
54a32fcc-2ba7-4e72-b9e6-0e25b9771fd3,2022-11-07,2,17.25,15,19.5
54a32fcc-2ba7-4e72-b9e6-0e25b9771fd3,2022-11-21,1,29.79,29.79,29.79
54a32fcc-2ba7-4e72-b9e6-0e25b9771fd3,2022-11-28,3,18.5,17,20
54a32fcc-2ba7-4e72-b9e6-0e25b9771fd3,2022-12-05,1,24.59,24.59,24.59
54a32fcc-2ba7-4e72-b9e6-0e25b9771fd3,2022-12-12,4,24.75,19.5,29.95
54a32fcc-2ba7-4e72-b9e6-0e25b9771fd3,2022-12-26,1,23.49,23.49,23.49
54a32fcc-2ba7-4e72-b9e6-0e25b9771fd3,2023-01-02,1,15.52,15.52,15.52
54a32fcc-2ba7-4e72-b9e6-0e25b9771fd3,2023-01-23,1,20,20,20
54a32fcc-2ba7-4e72-b9e6-0e25b9771fd3,2023-01-30,1,47.49,47.49,47.49
54a32fcc-2ba7-4e72-b9e6-0e25b9771fd3,2023-02-13,1,10.5,10.5,10.5
54a32fcc-2ba7-4e72-b9e6-0e25b9771fd3,2023-02-20,1,20,20,20
54a32fcc-2ba7-4e72-b9e6-0e25b9771fd3,2023-02-27,3,25,20,32.99
54a32fcc-2ba7-4e72-b9e6-0e25b9771fd3,2023-03-06,1,15.99,15.99,15.99
54a32fcc-2ba7-4e72-b9e6-0e25b9771fd3,2023-03-13,1,18.25,18.25,18.25
54a32fcc-2ba7-4e72-b9e6-0e25b9771fd3,2023-03-27,2,23.5,23,24
54a32fcc-2ba7-4e72-b9e6-0e25b9771fd3,2023-04-10,1,20.5,20.5,20.5
54a32fcc-2ba7-4e72-b9e6-0e25b9771fd3,2023-05-08,1,27.44,27.44,27.44
54a32fcc-2ba7-4e72-b9e6-0e25b9771fd3,2023-05-22,2,21.52,20.05,22.99
54a32fcc-2ba7-4e72-b9e6-0e25b9771fd3,2023-05-29,5,17.5,15.12,38.7
54a32fcc-2ba7-4e72-b9e6-0e25b9771fd3,2023-06-05,1,17.99,17.99,17.99
54a32fcc-2ba7-4e72-b9e6-0e25b9771fd3,2023-06-12,1,22.8,22.8,22.8
54a32fcc-2ba7-4e72-b9e6-0e25b9771fd3,2023-06-19,3,13.51,13.51,15.5
54a32fcc-2ba7-4e72-b9e6-0e25b9771fd3,2023-07-10,4,20,16.5,50.29
54a32fcc-2ba7-4e72-b9e6-0e25b9771fd3,2023-07-17,2,20.53,10.65,30.41
54a32fcc-2ba7-4e72-b9e6-0e25b9771fd3,2023-07-24,1,15.49,15.49,15.49
54a32fcc-2ba7-4e72-b9e6-0e25b9771fd3,2023-08-14,1,25.3,25.3,25.3
54a32fcc-2ba7-4e72-b9e6-0e25b9771fd3,2023-08-21,1,25.81,25.81,25.81
54a32fcc-2ba7-4e72-b9e6-0e25b9771fd3,2023-09-18,1,12.5,12.5,12.5
54a32fcc-2ba7-4e72-b9e6-0e25b9771fd3,2023-10-09,1,7.5,7.5,7.5
54a32fcc-2ba7-4e72-b9e6-0e25b9771fd3,2023-10-16,2,29.38,17.5,41.25
54a32fcc-2ba7-4e72-b9e6-0e25b9771fd3,2023-10-30,2,14.36,13.52,15.19
54a32fcc-2ba7-4e72-b9e6-0e25b9771fd3,2023-11-13,2,15.45,10.5,20.4
54a32fcc-2ba7-4e72-b9e6-0e25b9771fd3,2023-11-20,1,15,15,15
54a32fcc-2ba7-4e72-b9e6-0e25b9771fd3,2023-12-04,1,15.5,15.5,15.5
54a32fcc-2ba7-4e72-b9e6-0e25b9771fd3,2023-12-18,1,12.95,12.95,12.95
54a32fcc-2ba7-4e72-b9e6-0e25b9771fd3,2024-01-15,1,25,25,25
54a32fcc-2ba7-4e72-b9e6-0e25b9771fd3,2024-01-22,1,16.38,16.38,16.38
54a32fcc-2ba7-4e72-b9e6-0e25b9771fd3,2024-02-05,2,18.95,17.5,20.4
54a32fcc-2ba7-4e72-b9e6-0e25b9771fd3,2024-02-12,1,25.46,25.46,25.46
54a32fcc-2ba7-4e72-b9e6-0e25b9771fd3,2024-03-04,2,18.99,18,19.99
54a32fcc-2ba7-4e72-b9e6-0e25b9771fd3,2024-03-11,3,12.5,12.5,13.5
54a32fcc-2ba7-4e72-b9e6-0e25b9771fd3,2024-04-01,1,4.5,4.5,4.5
54a32fcc-2ba7-4e72-b9e6-0e25b9771fd3,2024-04-15,1,11.5,11.5,11.5
54a32fcc-2ba7-4e72-b9e6-0e25b9771fd3,2024-05-27,1,23.89,23.89,23.89
54a32fcc-2ba7-4e72-b9e6-0e25b9771fd3,2024-06-10,2,14.75,14.5,15
54a32fcc-2ba7-4e72-b9e6-0e25b9771fd3,2024-06-24,1,20,20,20
54a32fcc-2ba7-4e72-b9e6-0e25b9771fd3,2024-07-01,1,39.99,39.99,39.99
54a32fcc-2ba7-4e72-b9e6-0e25b9771fd3,2024-08-12,1,16.5,16.5,16.5
54a32fcc-2ba7-4e72-b9e6-0e25b9771fd3,2024-08-19,1,19.95,19.95,19.95
54a32fcc-2ba7-4e72-b9e6-0e25b9771fd3,2024-09-02,2,24.82,23.66,25.99
54a32fcc-2ba7-4e72-b9e6-0e25b9771fd3,2024-10-14,2,28.02,27.04,29
54a32fcc-2ba7-4e72-b9e6-0e25b9771fd3,2024-10-28,1,10.5,10.5,10.5
54a32fcc-2ba7-4e72-b9e6-0e25b9771fd3,2024-12-23,1,15,15,15
54a32fcc-2ba7-4e72-b9e6-0e25b9771fd3,2024-12-30,1,13.5,13.5,13.5
54a32fcc-2ba7-4e72-b9e6-0e25b9771fd3,2025-01-20,1,27,27,27
54a32fcc-2ba7-4e72-b9e6-0e25b9771fd3,2025-01-27,3,20,19.95,21
54a32fcc-2ba7-4e72-b9e6-0e25b9771fd3,2025-02-17,1,13,13,13
54a32fcc-2ba7-4e72-b9e6-0e25b9771fd3,2025-02-24,1,22.27,22.27,22.27
54a32fcc-2ba7-4e72-b9e6-0e25b9771fd3,2025-03-03,1,23.14,23.14,23.14
54a32fcc-2ba7-4e72-b9e6-0e25b9771fd3,2025-03-10,1,26.56,26.56,26.56
54a32fcc-2ba7-4e72-b9e6-0e25b9771fd3,2025-03-31,1,22.99,22.99,22.99
54a32fcc-2ba7-4e72-b9e6-0e25b9771fd3,2025-04-21,2,18,15,21
54a32fcc-2ba7-4e72-b9e6-0e25b9771fd3,2025-04-28,2,21.24,17.5,24.99
54a32fcc-2ba7-4e72-b9e6-0e25b9771fd3,2025-05-12,1,19.8,19.8,19.8
54a32fcc-2ba7-4e72-b9e6-0e25b9771fd3,2025-05-26,1,22.8,22.8,22.8
54a32fcc-2ba7-4e72-b9e6-0e25b9771fd3,2025-06-02,2,20.65,18.5,22.8
54a32fcc-2ba7-4e72-b9e6-0e25b9771fd3,2025-06-30,1,26.5,26.5,26.5
54a32fcc-2ba7-4e72-b9e6-0e25b9771fd3,2025-07-07,2,27.31,26,28.62
54a32fcc-2ba7-4e72-b9e6-0e25b9771fd3,2025-07-14,1,24.99,24.99,24.99
54a32fcc-2ba7-4e72-b9e6-0e25b9771fd3,2025-07-28,4,20.25,15.32,22.5
54a32fcc-2ba7-4e72-b9e6-0e25b9771fd3,2025-08-04,1,20.5,20.5,20.5
54a32fcc-2ba7-4e72-b9e6-0e25b9771fd3,2025-08-18,1,28.8,28.8,28.8
54a32fcc-2ba7-4e72-b9e6-0e25b9771fd3,2025-08-25,1,25.92,25.92,25.92
54a32fcc-2ba7-4e72-b9e6-0e25b9771fd3,2025-09-01,1,26,26,26
54a32fcc-2ba7-4e72-b9e6-0e25b9771fd3,2025-09-22,1,31,31,31
54a32fcc-2ba7-4e72-b9e6-0e25b9771fd3,2025-09-29,1,20.4,20.4,20.4
54a32fcc-2ba7-4e72-b9e6-0e25b9771fd3,2025-10-13,1,20,20,20
54a32fcc-2ba7-4e72-b9e6-0e25b9771fd3,2025-10-20,1,18.4,18.4,18.4
54a32fcc-2ba7-4e72-b9e6-0e25b9771fd3,2025-10-27,1,37.2,37.2,37.2
54a32fcc-2ba7-4e72-b9e6-0e25b9771fd3,2025-11-03,1,35.34,35.34,35.34
54a32fcc-2ba7-4e72-b9e6-0e25b9771fd3,2025-11-10,1,29.87,29.87,29.87
54a32fcc-2ba7-4e72-b9e6-0e25b9771fd3,2025-11-17,1,25.2,25.2,25.2
54a32fcc-2ba7-4e72-b9e6-0e25b9771fd3,2025-11-24,1,26.21,26.21,26.21
54a32fcc-2ba7-4e72-b9e6-0e25b9771fd3,2025-12-01,1,24,24,24
54a32fcc-2ba7-4e72-b9e6-0e25b9771fd3,2025-12-15,3,27,15.5,34.51
54a32fcc-2ba7-4e72-b9e6-0e25b9771fd3,2025-12-22,1,33.95,33.95,33.95
54a32fcc-2ba7-4e72-b9e6-0e25b9771fd3,2026-01-05,1,33.95,33.95,33.95
54a32fcc-2ba7-4e72-b9e6-0e25b9771fd3,2026-02-02,1,26.99,26.99,26.99
54a32fcc-2ba7-4e72-b9e6-0e25b9771fd3,2026-02-09,1,29.95,29.95,29.95
54a32fcc-2ba7-4e72-b9e6-0e25b9771fd3,2026-02-23,2,27.25,24.5,30
54a32fcc-2ba7-4e72-b9e6-0e25b9771fd3,2026-03-02,1,34,34,34
54a32fcc-2ba7-4e72-b9e6-0e25b9771fd3,2026-03-09,1,29.99,29.99,29.99
54a32fcc-2ba7-4e72-b9e6-0e25b9771fd3,2026-03-23,1,30,30,30
54a32fcc-2ba7-4e72-b9e6-0e25b9771fd3,2026-03-30,2,34.5,29,40
54a32fcc-2ba7-4e72-b9e6-0e25b9771fd3,2026-04-06,1,30,30,30
54a32fcc-2ba7-4e72-b9e6-0e25b9771fd3,2026-04-20,2,27,25,29
54a32fcc-2ba7-4e72-b9e6-0e25b9771fd3,2026-04-27,1,39.99,39.99,39.99
54a32fcc-2ba7-4e72-b9e6-0e25b9771fd3,2026-05-04,1,33.95,33.95,33.95
54a32fcc-2ba7-4e72-b9e6-0e25b9771fd3,2026-05-18,2,31.96,30,33.93
54a32fcc-2ba7-4e72-b9e6-0e25b9771fd3,2026-06-08,1,49.99,49.99,49.99
54a32fcc-2ba7-4e72-b9e6-0e25b9771fd3,2026-06-15,2,39.84,39.7,39.99
54a32fcc-2ba7-4e72-b9e6-0e25b9771fd3,2026-06-29,2,34.99,29.99,39.99
54a32fcc-2ba7-4e72-b9e6-0e25b9771fd3,2026-07-20,1,32,32,32
54a32fcc-2ba7-4e72-b9e6-0e25b9771fd3,2026-08-10,1,34,34,34
54a7a758-2c21-493a-96d8-e7cfc871eac9,2026-04-27,1,20,20,20
54a7a758-2c21-493a-96d8-e7cfc871eac9,2026-07-20,1,30,30,30
54a9cb61-a2fc-4cd3-a6dd-0c46370ec8b9,2022-02-21,1,57,57,57
54a9cb61-a2fc-4cd3-a6dd-0c46370ec8b9,2022-03-07,1,79,79,79
54a9cb61-a2fc-4cd3-a6dd-0c46370ec8b9,2022-08-29,1,69.69,69.69,69.69
54a9cb61-a2fc-4cd3-a6dd-0c46370ec8b9,2024-02-19,1,60,60,60
54a9cb61-a2fc-4cd3-a6dd-0c46370ec8b9,2024-02-26,1,70,70,70
54a9cb61-a2fc-4cd3-a6dd-0c46370ec8b9,2024-05-06,1,68.4,68.4,68.4
54a9cb61-a2fc-4cd3-a6dd-0c46370ec8b9,2024-07-29,1,92.07,92.07,92.07
54a9cb61-a2fc-4cd3-a6dd-0c46370ec8b9,2025-02-24,1,87,87,87
54a9cb61-a2fc-4cd3-a6dd-0c46370ec8b9,2025-03-17,1,80,80,80
54a9cb61-a2fc-4cd3-a6dd-0c46370ec8b9,2025-05-05,1,79.18,79.18,79.18
54a9cb61-a2fc-4cd3-a6dd-0c46370ec8b9,2025-07-07,1,175,175,175
54a9cb61-a2fc-4cd3-a6dd-0c46370ec8b9,2025-09-22,1,110.35,110.35,110.35
54a9cb61-a2fc-4cd3-a6dd-0c46370ec8b9,2025-10-20,1,228,228,228
54aa2ef1-a644-420d-b68f-256d6c1c9ea1,2022-05-09,1,31.2,31.2,31.2
54aa2ef1-a644-420d-b68f-256d6c1c9ea1,2022-06-20,1,60.8,60.8,60.8
54aa2ef1-a644-420d-b68f-256d6c1c9ea1,2022-07-25,1,51.6,51.6,51.6
54aa2ef1-a644-420d-b68f-256d6c1c9ea1,2023-01-16,1,32,32,32
54aa2ef1-a644-420d-b68f-256d6c1c9ea1,2023-01-30,2,53,36,70
54aa2ef1-a644-420d-b68f-256d6c1c9ea1,2023-02-06,1,50,50,50
54aa2ef1-a644-420d-b68f-256d6c1c9ea1,2023-02-13,1,43.24,43.24,43.24
54aa2ef1-a644-420d-b68f-256d6c1c9ea1,2023-02-27,1,65,65,65
54aa2ef1-a644-420d-b68f-256d6c1c9ea1,2023-04-03,1,80,80,80
54aa2ef1-a644-420d-b68f-256d6c1c9ea1,2023-04-17,1,45.6,45.6,45.6
54aa2ef1-a644-420d-b68f-256d6c1c9ea1,2023-05-15,1,51.6,51.6,51.6
54aa2ef1-a644-420d-b68f-256d6c1c9ea1,2023-05-22,4,80,70,89.99
54aa2ef1-a644-420d-b68f-256d6c1c9ea1,2023-06-05,2,99.22,86.81,111.62
54aa2ef1-a644-420d-b68f-256d6c1c9ea1,2023-07-17,1,160,160,160
54aa2ef1-a644-420d-b68f-256d6c1c9ea1,2023-08-21,1,45.6,45.6,45.6
54aa2ef1-a644-420d-b68f-256d6c1c9ea1,2023-09-11,2,63.7,38.4,89
54aa2ef1-a644-420d-b68f-256d6c1c9ea1,2023-09-18,3,45.6,41,52
54aa2ef1-a644-420d-b68f-256d6c1c9ea1,2023-10-02,2,49.99,35,64.99
54aa2ef1-a644-420d-b68f-256d6c1c9ea1,2023-10-09,2,29.5,25,34
54aa2ef1-a644-420d-b68f-256d6c1c9ea1,2023-10-16,1,23.5,23.5,23.5
54aa2ef1-a644-420d-b68f-256d6c1c9ea1,2023-10-30,3,41,16.5,50
54aa2ef1-a644-420d-b68f-256d6c1c9ea1,2023-11-13,3,30,22.5,32
54aa2ef1-a644-420d-b68f-256d6c1c9ea1,2023-11-27,3,24.5,20.5,25
54aa2ef1-a644-420d-b68f-256d6c1c9ea1,2023-12-18,1,57.22,57.22,57.22
54aa2ef1-a644-420d-b68f-256d6c1c9ea1,2023-12-25,1,35,35,35
54aa2ef1-a644-420d-b68f-256d6c1c9ea1,2024-01-01,1,31,31,31
54aa2ef1-a644-420d-b68f-256d6c1c9ea1,2024-01-15,1,32,32,32
54aa2ef1-a644-420d-b68f-256d6c1c9ea1,2024-01-29,1,20.51,20.51,20.51
54aa2ef1-a644-420d-b68f-256d6c1c9ea1,2024-02-05,1,25,25,25
54aa2ef1-a644-420d-b68f-256d6c1c9ea1,2024-02-19,1,24.1,24.1,24.1
54aa2ef1-a644-420d-b68f-256d6c1c9ea1,2024-02-26,1,28,28,28
54aa2ef1-a644-420d-b68f-256d6c1c9ea1,2024-03-04,3,31.5,28,39
54aa2ef1-a644-420d-b68f-256d6c1c9ea1,2024-03-11,1,25.99,25.99,25.99
54aa2ef1-a644-420d-b68f-256d6c1c9ea1,2024-04-15,1,23.04,23.04,23.04
54aa2ef1-a644-420d-b68f-256d6c1c9ea1,2024-04-22,1,20.5,20.5,20.5
54aa2ef1-a644-420d-b68f-256d6c1c9ea1,2024-04-29,1,68.53,68.53,68.53
54aa2ef1-a644-420d-b68f-256d6c1c9ea1,2024-05-06,1,24,24,24
54aa2ef1-a644-420d-b68f-256d6c1c9ea1,2024-05-13,2,35.5,34,36.99
54aa2ef1-a644-420d-b68f-256d6c1c9ea1,2024-05-27,1,33.65,33.65,33.65
54aa2ef1-a644-420d-b68f-256d6c1c9ea1,2024-06-03,1,37.04,37.04,37.04
54aa2ef1-a644-420d-b68f-256d6c1c9ea1,2024-06-10,1,35,35,35
54aa2ef1-a644-420d-b68f-256d6c1c9ea1,2024-06-24,1,22.8,22.8,22.8
54aa2ef1-a644-420d-b68f-256d6c1c9ea1,2024-07-15,1,33.99,33.99,33.99
54aa2ef1-a644-420d-b68f-256d6c1c9ea1,2024-09-16,1,9.5,9.5,9.5
54aa2ef1-a644-420d-b68f-256d6c1c9ea1,2024-10-14,1,16.88,16.88,16.88
54aa2ef1-a644-420d-b68f-256d6c1c9ea1,2024-10-28,1,32.54,32.54,32.54
54aa2ef1-a644-420d-b68f-256d6c1c9ea1,2024-11-04,1,38.67,38.67,38.67
54aa2ef1-a644-420d-b68f-256d6c1c9ea1,2024-11-11,3,20.4,19.2,22.8
54aa2ef1-a644-420d-b68f-256d6c1c9ea1,2024-11-25,7,21.6,12.5,32
54aa2ef1-a644-420d-b68f-256d6c1c9ea1,2024-12-02,1,46.45,46.45,46.45
54aa2ef1-a644-420d-b68f-256d6c1c9ea1,2024-12-09,1,21.6,21.6,21.6
54aa2ef1-a644-420d-b68f-256d6c1c9ea1,2024-12-16,2,40.67,40,41.34
54aa2ef1-a644-420d-b68f-256d6c1c9ea1,2024-12-23,1,25.2,25.2,25.2
54aa2ef1-a644-420d-b68f-256d6c1c9ea1,2024-12-30,2,22.8,22.8,22.8
54aa2ef1-a644-420d-b68f-256d6c1c9ea1,2025-01-13,1,36.54,36.54,36.54
54aa2ef1-a644-420d-b68f-256d6c1c9ea1,2025-01-20,1,19,19,19
54aa2ef1-a644-420d-b68f-256d6c1c9ea1,2025-01-27,1,27.99,27.99,27.99
54aa2ef1-a644-420d-b68f-256d6c1c9ea1,2025-02-03,1,21.5,21.5,21.5
54aa2ef1-a644-420d-b68f-256d6c1c9ea1,2025-02-10,2,35.5,35,36
54aa2ef1-a644-420d-b68f-256d6c1c9ea1,2025-02-17,3,35,27.6,55
54aa2ef1-a644-420d-b68f-256d6c1c9ea1,2025-02-24,1,32.4,32.4,32.4
54aa2ef1-a644-420d-b68f-256d6c1c9ea1,2025-03-03,1,43,43,43
54aa2ef1-a644-420d-b68f-256d6c1c9ea1,2025-03-31,1,29,29,29
54aa2ef1-a644-420d-b68f-256d6c1c9ea1,2025-05-12,1,31,31,31
54aa2ef1-a644-420d-b68f-256d6c1c9ea1,2025-10-13,1,44,44,44
54aa2ef1-a644-420d-b68f-256d6c1c9ea1,2025-10-20,1,26.69,26.69,26.69
54aa2ef1-a644-420d-b68f-256d6c1c9ea1,2025-11-17,1,40,40,40
54aa2ef1-a644-420d-b68f-256d6c1c9ea1,2025-12-01,1,45,45,45
54aa2ef1-a644-420d-b68f-256d6c1c9ea1,2026-01-26,1,22.49,22.49,22.49
54aa2ef1-a644-420d-b68f-256d6c1c9ea1,2026-02-09,1,42.99,42.99,42.99
54aa2ef1-a644-420d-b68f-256d6c1c9ea1,2026-03-23,1,18.5,18.5,18.5
54aa2ef1-a644-420d-b68f-256d6c1c9ea1,2026-05-04,1,41,41,41
54aa2ef1-a644-420d-b68f-256d6c1c9ea1,2026-05-11,1,79.99,79.99,79.99
54aa2ef1-a644-420d-b68f-256d6c1c9ea1,2026-06-29,2,50.85,50,51.7
54addc8f-ce39-4c97-8147-1e0c468d7972,2023-01-16,1,619.6,619.6,619.6
54addc8f-ce39-4c97-8147-1e0c468d7972,2025-04-07,1,930,930,930
54addc8f-ce39-4c97-8147-1e0c468d7972,2025-06-16,1,1100,1100,1100
54addc8f-ce39-4c97-8147-1e0c468d7972,2025-09-15,1,1025,1025,1025
54addc8f-ce39-4c97-8147-1e0c468d7972,2025-09-22,1,1075,1075,1075
54addc8f-ce39-4c97-8147-1e0c468d7972,2025-10-06,1,970,970,970
54addc8f-ce39-4c97-8147-1e0c468d7972,2025-10-27,1,1185,1185,1185
54aea635-3e1c-4a79-bb5d-08eff28c4ea9,2025-08-11,1,17.51,17.51,17.51
54aea635-3e1c-4a79-bb5d-08eff28c4ea9,2025-08-18,1,30,30,30
54aea635-3e1c-4a79-bb5d-08eff28c4ea9,2025-08-25,1,18,18,18
54aea635-3e1c-4a79-bb5d-08eff28c4ea9,2025-09-15,1,26,26,26
54aea635-3e1c-4a79-bb5d-08eff28c4ea9,2025-12-15,1,36,36,36
54aea635-3e1c-4a79-bb5d-08eff28c4ea9,2026-01-26,1,26,26,26
54aea635-3e1c-4a79-bb5d-08eff28c4ea9,2026-02-16,1,31,31,31
54aea635-3e1c-4a79-bb5d-08eff28c4ea9,2026-04-06,1,38.95,38.95,38.95
54aea635-3e1c-4a79-bb5d-08eff28c4ea9,2026-05-04,1,43,43,43
54aea635-3e1c-4a79-bb5d-08eff28c4ea9,2026-06-08,1,59.99,59.99,59.99
54aea635-3e1c-4a79-bb5d-08eff28c4ea9,2026-07-20,1,75,75,75
54aef70b-276e-40ca-96db-31333ae0eb0b,2021-04-05,1,153.5,153.5,153.5
54aef70b-276e-40ca-96db-31333ae0eb0b,2021-07-05,1,56,56,56
54aef70b-276e-40ca-96db-31333ae0eb0b,2021-07-12,2,125,100,149.99
54aef70b-276e-40ca-96db-31333ae0eb0b,2021-09-27,1,100,100,100
54aef70b-276e-40ca-96db-31333ae0eb0b,2022-02-14,1,105.83,105.83,105.83
54aef70b-276e-40ca-96db-31333ae0eb0b,2022-03-07,1,87,87,87
54aef70b-276e-40ca-96db-31333ae0eb0b,2022-06-06,1,87.99,87.99,87.99
54aef70b-276e-40ca-96db-31333ae0eb0b,2022-06-27,1,36.51,36.51,36.51
54aef70b-276e-40ca-96db-31333ae0eb0b,2022-08-15,2,55,55,55
54aef70b-276e-40ca-96db-31333ae0eb0b,2022-08-29,2,39.7,38.4,41
54aef70b-276e-40ca-96db-31333ae0eb0b,2022-09-05,1,69.99,69.99,69.99
54aef70b-276e-40ca-96db-31333ae0eb0b,2022-09-12,1,65,65,65
54aef70b-276e-40ca-96db-31333ae0eb0b,2022-10-03,1,69,69,69
54aef70b-276e-40ca-96db-31333ae0eb0b,2022-10-10,1,25.31,25.31,25.31
54aef70b-276e-40ca-96db-31333ae0eb0b,2022-10-24,1,33.5,33.5,33.5
54aef70b-276e-40ca-96db-31333ae0eb0b,2022-10-31,1,53.05,53.05,53.05
54aef70b-276e-40ca-96db-31333ae0eb0b,2022-11-07,2,77.57,69.99,85.15
54aef70b-276e-40ca-96db-31333ae0eb0b,2022-11-21,1,30.66,30.66,30.66
54aef70b-276e-40ca-96db-31333ae0eb0b,2022-12-12,1,43.99,43.99,43.99
54aef70b-276e-40ca-96db-31333ae0eb0b,2022-12-19,1,52,52,52
54aef70b-276e-40ca-96db-31333ae0eb0b,2022-12-26,1,49,49,49
54aef70b-276e-40ca-96db-31333ae0eb0b,2023-01-09,1,82.06,82.06,82.06
54aef70b-276e-40ca-96db-31333ae0eb0b,2023-01-30,1,41,41,41
54aef70b-276e-40ca-96db-31333ae0eb0b,2023-02-27,1,54,54,54
54aef70b-276e-40ca-96db-31333ae0eb0b,2023-04-10,1,50,50,50
54aef70b-276e-40ca-96db-31333ae0eb0b,2023-04-24,1,45,45,45
54aef70b-276e-40ca-96db-31333ae0eb0b,2023-05-01,1,34,34,34
54aef70b-276e-40ca-96db-31333ae0eb0b,2023-06-19,1,34.12,34.12,34.12
54aef70b-276e-40ca-96db-31333ae0eb0b,2023-06-26,1,69.99,69.99,69.99
54aef70b-276e-40ca-96db-31333ae0eb0b,2023-07-24,1,56.28,56.28,56.28
54aef70b-276e-40ca-96db-31333ae0eb0b,2023-09-18,1,46.92,46.92,46.92
54aef70b-276e-40ca-96db-31333ae0eb0b,2023-10-02,1,67.5,67.5,67.5
54aef70b-276e-40ca-96db-31333ae0eb0b,2023-11-27,1,53,53,53
54aef70b-276e-40ca-96db-31333ae0eb0b,2024-01-01,1,63.15,63.15,63.15
54aef70b-276e-40ca-96db-31333ae0eb0b,2024-01-08,1,58,58,58
54aef70b-276e-40ca-96db-31333ae0eb0b,2024-01-15,1,53,53,53
54aef70b-276e-40ca-96db-31333ae0eb0b,2024-02-19,2,53,53,53
54aef70b-276e-40ca-96db-31333ae0eb0b,2024-03-11,2,36,33,39
54aef70b-276e-40ca-96db-31333ae0eb0b,2024-03-25,1,31,31,31
54aef70b-276e-40ca-96db-31333ae0eb0b,2024-05-13,1,50.34,50.34,50.34
54aef70b-276e-40ca-96db-31333ae0eb0b,2024-07-01,3,54.99,50,80
54aef70b-276e-40ca-96db-31333ae0eb0b,2024-07-15,1,52.89,52.89,52.89
54aef70b-276e-40ca-96db-31333ae0eb0b,2024-08-12,1,60,60,60
54aef70b-276e-40ca-96db-31333ae0eb0b,2024-09-09,1,55,55,55
54aef70b-276e-40ca-96db-31333ae0eb0b,2024-09-23,1,60,60,60
54aef70b-276e-40ca-96db-31333ae0eb0b,2024-10-14,1,61,61,61
54aef70b-276e-40ca-96db-31333ae0eb0b,2024-11-18,1,68.99,68.99,68.99
54aef70b-276e-40ca-96db-31333ae0eb0b,2024-11-25,1,62.99,62.99,62.99
54aef70b-276e-40ca-96db-31333ae0eb0b,2024-12-16,1,99.99,99.99,99.99
54aef70b-276e-40ca-96db-31333ae0eb0b,2024-12-30,1,105.6,105.6,105.6
54aef70b-276e-40ca-96db-31333ae0eb0b,2025-02-17,2,86.5,86,87
54aef70b-276e-40ca-96db-31333ae0eb0b,2025-03-31,1,100,100,100
54aef70b-276e-40ca-96db-31333ae0eb0b,2025-04-07,1,105.6,105.6,105.6
54aef70b-276e-40ca-96db-31333ae0eb0b,2025-06-23,1,122.5,122.5,122.5
54aef70b-276e-40ca-96db-31333ae0eb0b,2025-09-15,1,140,140,140
54aef70b-276e-40ca-96db-31333ae0eb0b,2025-10-13,1,287.93,287.93,287.93
54aef70b-276e-40ca-96db-31333ae0eb0b,2025-11-17,1,199.99,199.99,199.99
54aef70b-276e-40ca-96db-31333ae0eb0b,2026-04-27,1,222.5,222.5,222.5
54aef70b-276e-40ca-96db-31333ae0eb0b,2026-07-13,1,385.2,385.2,385.2
54b1a2a4-16e2-4aa8-89ef-b6ce6a94247d,2022-03-14,1,24.5,24.5,24.5
54b1a2a4-16e2-4aa8-89ef-b6ce6a94247d,2022-07-25,1,34.95,34.95,34.95
54b26ae9-9db9-41a1-9210-b34d50737917,2026-07-13,1,43.2,43.2,43.2
54b26ae9-9db9-41a1-9210-b34d50737917,2026-08-31,2,41,36,46
54b26ae9-9db9-41a1-9210-b34d50737917,2026-09-07,1,38,38,38
54b3afbe-7b76-4542-90b5-0cf6e8586fc4,2023-02-06,1,330.26,330.26,330.26
54b3afbe-7b76-4542-90b5-0cf6e8586fc4,2023-03-27,1,380,380,380
54b3afbe-7b76-4542-90b5-0cf6e8586fc4,2023-04-17,1,400,400,400
54b3afbe-7b76-4542-90b5-0cf6e8586fc4,2023-05-08,2,422.87,315.74,530
54b3afbe-7b76-4542-90b5-0cf6e8586fc4,2023-05-22,1,450,450,450
54b3afbe-7b76-4542-90b5-0cf6e8586fc4,2023-05-29,1,610,610,610
54b3afbe-7b76-4542-90b5-0cf6e8586fc4,2023-06-19,1,505.05,505.05,505.05
54b3afbe-7b76-4542-90b5-0cf6e8586fc4,2023-06-26,1,373.67,373.67,373.67
54b3afbe-7b76-4542-90b5-0cf6e8586fc4,2023-07-03,1,975,975,975
54b3afbe-7b76-4542-90b5-0cf6e8586fc4,2023-07-17,1,1050,1050,1050
54b3afbe-7b76-4542-90b5-0cf6e8586fc4,2023-07-24,2,477,455,499
54b3afbe-7b76-4542-90b5-0cf6e8586fc4,2023-07-31,1,355,355,355
54b3afbe-7b76-4542-90b5-0cf6e8586fc4,2023-08-28,2,313.5,291,336
54b3afbe-7b76-4542-90b5-0cf6e8586fc4,2023-09-04,1,288,288,288
54b3afbe-7b76-4542-90b5-0cf6e8586fc4,2023-09-25,1,608,608,608
54b3afbe-7b76-4542-90b5-0cf6e8586fc4,2023-10-02,1,305,305,305
54b3afbe-7b76-4542-90b5-0cf6e8586fc4,2023-10-16,1,282,282,282
54b3afbe-7b76-4542-90b5-0cf6e8586fc4,2023-12-04,2,268.75,225.5,312
54b3afbe-7b76-4542-90b5-0cf6e8586fc4,2023-12-25,1,350,350,350
54b3afbe-7b76-4542-90b5-0cf6e8586fc4,2024-01-08,1,350,350,350
54b3afbe-7b76-4542-90b5-0cf6e8586fc4,2024-04-08,1,255,255,255
54b3afbe-7b76-4542-90b5-0cf6e8586fc4,2024-05-06,1,400,400,400
54b3afbe-7b76-4542-90b5-0cf6e8586fc4,2024-07-08,1,291,291,291
54b3afbe-7b76-4542-90b5-0cf6e8586fc4,2024-07-22,2,348,186,510
54b3afbe-7b76-4542-90b5-0cf6e8586fc4,2024-08-26,1,338,338,338
54b3afbe-7b76-4542-90b5-0cf6e8586fc4,2024-09-09,1,240,240,240
54b3afbe-7b76-4542-90b5-0cf6e8586fc4,2024-09-16,1,400,400,400
54b3afbe-7b76-4542-90b5-0cf6e8586fc4,2024-12-23,1,300,300,300
54b3afbe-7b76-4542-90b5-0cf6e8586fc4,2025-01-06,1,299.99,299.99,299.99
54b3afbe-7b76-4542-90b5-0cf6e8586fc4,2025-03-17,1,301,301,301
54b3afbe-7b76-4542-90b5-0cf6e8586fc4,2025-04-28,1,355,355,355
54b3afbe-7b76-4542-90b5-0cf6e8586fc4,2025-08-18,1,599,599,599
54b3afbe-7b76-4542-90b5-0cf6e8586fc4,2025-12-01,1,475,475,475
54b3afbe-7b76-4542-90b5-0cf6e8586fc4,2026-05-25,1,565,565,565
54b3afbe-7b76-4542-90b5-0cf6e8586fc4,2026-08-17,1,650,650,650
54b3d0d9-a229-4f21-aba7-3f31c4d80b36,2022-02-07,1,77,77,77
54b3d0d9-a229-4f21-aba7-3f31c4d80b36,2022-03-21,1,59.99,59.99,59.99
54b3d0d9-a229-4f21-aba7-3f31c4d80b36,2022-04-18,1,70,70,70
54b3d0d9-a229-4f21-aba7-3f31c4d80b36,2022-05-23,1,49.2,49.2,49.2
54b3d0d9-a229-4f21-aba7-3f31c4d80b36,2022-06-06,1,119.99,119.99,119.99
54b3d0d9-a229-4f21-aba7-3f31c4d80b36,2023-02-06,1,64.99,64.99,64.99
54b3d0d9-a229-4f21-aba7-3f31c4d80b36,2023-02-13,1,107.5,107.5,107.5
54b3d0d9-a229-4f21-aba7-3f31c4d80b36,2023-04-03,1,99.99,99.99,99.99
54b3d0d9-a229-4f21-aba7-3f31c4d80b36,2023-04-24,1,70,70,70
54b3d0d9-a229-4f21-aba7-3f31c4d80b36,2023-06-12,1,100.98,100.98,100.98
54b3d0d9-a229-4f21-aba7-3f31c4d80b36,2023-06-19,1,100,100,100
54b3d0d9-a229-4f21-aba7-3f31c4d80b36,2023-07-03,2,137.5,135,140
54b3d0d9-a229-4f21-aba7-3f31c4d80b36,2023-07-10,3,120,101.68,120
54b3d0d9-a229-4f21-aba7-3f31c4d80b36,2023-08-28,1,100,100,100
54b3d0d9-a229-4f21-aba7-3f31c4d80b36,2023-10-09,1,86.4,86.4,86.4
54b3d0d9-a229-4f21-aba7-3f31c4d80b36,2024-02-05,2,98,76,119.99
54b3d0d9-a229-4f21-aba7-3f31c4d80b36,2024-02-26,1,95,95,95
54b3d0d9-a229-4f21-aba7-3f31c4d80b36,2024-03-25,2,78.19,56.4,99.99
54b3d0d9-a229-4f21-aba7-3f31c4d80b36,2024-04-01,1,64.8,64.8,64.8
54b3d0d9-a229-4f21-aba7-3f31c4d80b36,2024-06-10,1,99.99,99.99,99.99
54b3d0d9-a229-4f21-aba7-3f31c4d80b36,2024-07-01,1,119.99,119.99,119.99
54b3d0d9-a229-4f21-aba7-3f31c4d80b36,2024-07-22,1,168.29,168.29,168.29
54b3d0d9-a229-4f21-aba7-3f31c4d80b36,2024-08-12,1,72.88,72.88,72.88
54b3d0d9-a229-4f21-aba7-3f31c4d80b36,2024-08-26,1,112.5,112.5,112.5
54b3d0d9-a229-4f21-aba7-3f31c4d80b36,2024-11-25,1,119.99,119.99,119.99
54b3d0d9-a229-4f21-aba7-3f31c4d80b36,2024-12-16,1,120,120,120
54b3d0d9-a229-4f21-aba7-3f31c4d80b36,2024-12-23,2,150.99,149.99,151.99
54b3d0d9-a229-4f21-aba7-3f31c4d80b36,2025-01-13,1,122.5,122.5,122.5
54b3d0d9-a229-4f21-aba7-3f31c4d80b36,2025-01-27,1,149.99,149.99,149.99
54b3d0d9-a229-4f21-aba7-3f31c4d80b36,2025-03-10,2,142.49,115,169.98
54b3d0d9-a229-4f21-aba7-3f31c4d80b36,2025-04-07,1,180,180,180
54b3d0d9-a229-4f21-aba7-3f31c4d80b36,2025-04-21,1,100,100,100
54b3d0d9-a229-4f21-aba7-3f31c4d80b36,2025-05-05,1,115,115,115
54b3d0d9-a229-4f21-aba7-3f31c4d80b36,2025-06-02,1,203.5,203.5,203.5
54b3d0d9-a229-4f21-aba7-3f31c4d80b36,2025-06-09,1,304.38,304.38,304.38
54b3d0d9-a229-4f21-aba7-3f31c4d80b36,2025-08-25,2,153,126,180
54b3d0d9-a229-4f21-aba7-3f31c4d80b36,2025-09-15,1,299.99,299.99,299.99
54b3d0d9-a229-4f21-aba7-3f31c4d80b36,2025-10-06,1,450,450,450
54b3d0d9-a229-4f21-aba7-3f31c4d80b36,2025-10-13,1,217.5,217.5,217.5
54b3d0d9-a229-4f21-aba7-3f31c4d80b36,2025-10-20,1,280,280,280
54b3d0d9-a229-4f21-aba7-3f31c4d80b36,2025-11-10,1,299.99,299.99,299.99
54b3d0d9-a229-4f21-aba7-3f31c4d80b36,2026-01-05,2,272.76,262,283.52
54b3d0d9-a229-4f21-aba7-3f31c4d80b36,2026-01-12,1,248.7,248.7,248.7
54b3d0d9-a229-4f21-aba7-3f31c4d80b36,2026-03-02,1,250,250,250
54b3d0d9-a229-4f21-aba7-3f31c4d80b36,2026-03-09,1,342.58,342.58,342.58
54b3d0d9-a229-4f21-aba7-3f31c4d80b36,2026-03-23,2,320,300,340
54b3d0d9-a229-4f21-aba7-3f31c4d80b36,2026-03-30,1,340,340,340
54b3d0d9-a229-4f21-aba7-3f31c4d80b36,2026-04-13,1,342.16,342.16,342.16
54b3d0d9-a229-4f21-aba7-3f31c4d80b36,2026-04-20,1,385,385,385
54b3d0d9-a229-4f21-aba7-3f31c4d80b36,2026-04-27,1,400,400,400
54b3d0d9-a229-4f21-aba7-3f31c4d80b36,2026-05-11,2,312.5,310,315
54b3d0d9-a229-4f21-aba7-3f31c4d80b36,2026-05-18,2,340.29,340,340.58
54b3d0d9-a229-4f21-aba7-3f31c4d80b36,2026-05-25,1,399.99,399.99,399.99
54b3d0d9-a229-4f21-aba7-3f31c4d80b36,2026-06-01,1,396,396,396
54b3d0d9-a229-4f21-aba7-3f31c4d80b36,2026-06-08,1,390,390,390
54b3d0d9-a229-4f21-aba7-3f31c4d80b36,2026-06-15,1,439.65,439.65,439.65
54b3d0d9-a229-4f21-aba7-3f31c4d80b36,2026-06-22,1,431.6,431.6,431.6
54b3d0d9-a229-4f21-aba7-3f31c4d80b36,2026-06-29,2,453.75,424.99,482.51
54b3d0d9-a229-4f21-aba7-3f31c4d80b36,2026-07-06,1,405,405,405
54b3d0d9-a229-4f21-aba7-3f31c4d80b36,2026-07-20,2,344,290,398
54b3d0d9-a229-4f21-aba7-3f31c4d80b36,2026-08-03,1,350,350,350
54b3d0d9-a229-4f21-aba7-3f31c4d80b36,2026-08-10,1,375,375,375
54b3d0d9-a229-4f21-aba7-3f31c4d80b36,2026-08-24,1,350,350,350
54b5066f-661f-4ebe-b035-c66cc8c11235,2023-07-03,2,99.99,99.99,99.99
54b5066f-661f-4ebe-b035-c66cc8c11235,2023-08-28,1,99.99,99.99,99.99
54b5066f-661f-4ebe-b035-c66cc8c11235,2025-06-30,1,179.95,179.95,179.95
54b5066f-661f-4ebe-b035-c66cc8c11235,2025-07-07,1,1625,1625,1625
54b5066f-661f-4ebe-b035-c66cc8c11235,2025-10-06,1,62,62,62
54b5066f-661f-4ebe-b035-c66cc8c11235,2026-03-23,1,2550,2550,2550
54b5066f-661f-4ebe-b035-c66cc8c11235,2026-03-30,1,249.1,249.1,249.1
54b5066f-661f-4ebe-b035-c66cc8c11235,2026-04-13,1,982,982,982
54b5066f-661f-4ebe-b035-c66cc8c11235,2026-04-27,1,1150,1150,1150
54b5066f-661f-4ebe-b035-c66cc8c11235,2026-05-11,1,255,255,255
54b5066f-661f-4ebe-b035-c66cc8c11235,2026-06-15,1,333,333,333
54b5066f-661f-4ebe-b035-c66cc8c11235,2026-08-10,2,356.75,332.49,381
54b5066f-661f-4ebe-b035-c66cc8c11235,2026-08-24,1,270.5,270.5,270.5
54b5066f-661f-4ebe-b035-c66cc8c11235,2026-08-31,1,237.5,237.5,237.5
54b5066f-661f-4ebe-b035-c66cc8c11235,2026-09-07,2,262.75,250.5,275
54b7059d-9c2a-496b-aa6a-78fdcb25cf59,2025-06-16,1,44.99,44.99,44.99
54b7059d-9c2a-496b-aa6a-78fdcb25cf59,2026-08-17,1,64.99,64.99,64.99
54b72a2a-f0cf-4ada-81e6-f37506ad3c6d,2025-04-28,1,88.8,88.8,88.8
54b8189f-96d2-4e0e-a37a-dcc547b017d6,2021-08-23,1,270,270,270
54b8189f-96d2-4e0e-a37a-dcc547b017d6,2022-01-10,2,86.44,78,94.89
54b8189f-96d2-4e0e-a37a-dcc547b017d6,2022-04-04,1,102.5,102.5,102.5
54b8189f-96d2-4e0e-a37a-dcc547b017d6,2024-01-22,1,165,165,165
54b8189f-96d2-4e0e-a37a-dcc547b017d6,2024-06-03,1,125,125,125
54b8189f-96d2-4e0e-a37a-dcc547b017d6,2024-12-16,1,125.5,125.5,125.5
54b8189f-96d2-4e0e-a37a-dcc547b017d6,2025-03-03,1,126,126,126
54b8189f-96d2-4e0e-a37a-dcc547b017d6,2025-11-03,1,360,360,360
54b8189f-96d2-4e0e-a37a-dcc547b017d6,2025-12-15,1,285,285,285
54b8189f-96d2-4e0e-a37a-dcc547b017d6,2026-02-23,1,230,230,230
54b8a207-3a5c-4b5d-8aa4-dbe3cd747015,2025-09-15,2,187.5,120,255
54b8a207-3a5c-4b5d-8aa4-dbe3cd747015,2025-09-29,1,245,245,245
54b8a207-3a5c-4b5d-8aa4-dbe3cd747015,2025-10-20,2,312.5,270,355
54b8a207-3a5c-4b5d-8aa4-dbe3cd747015,2025-10-27,3,270,256.82,300
54b8a207-3a5c-4b5d-8aa4-dbe3cd747015,2025-11-17,1,235,235,235
54b8a207-3a5c-4b5d-8aa4-dbe3cd747015,2025-12-01,2,208.07,165.14,251
54b8a207-3a5c-4b5d-8aa4-dbe3cd747015,2025-12-08,1,300,300,300
54b8a207-3a5c-4b5d-8aa4-dbe3cd747015,2025-12-29,2,230.75,211.5,250
54b8a207-3a5c-4b5d-8aa4-dbe3cd747015,2026-01-12,1,242.05,242.05,242.05
54b8a207-3a5c-4b5d-8aa4-dbe3cd747015,2026-01-19,2,201.25,182.5,220
54b8a207-3a5c-4b5d-8aa4-dbe3cd747015,2026-02-02,2,194.75,174.5,215
54b8a207-3a5c-4b5d-8aa4-dbe3cd747015,2026-02-09,1,200,200,200
54b8a207-3a5c-4b5d-8aa4-dbe3cd747015,2026-02-16,1,215,215,215
54b8a207-3a5c-4b5d-8aa4-dbe3cd747015,2026-02-23,1,245.79,245.79,245.79
54b8a207-3a5c-4b5d-8aa4-dbe3cd747015,2026-03-16,5,269.99,250,279.99
54b8a207-3a5c-4b5d-8aa4-dbe3cd747015,2026-03-23,2,272.5,270,275
54b8a207-3a5c-4b5d-8aa4-dbe3cd747015,2026-03-30,3,257.97,250,299.99
54b8a207-3a5c-4b5d-8aa4-dbe3cd747015,2026-04-13,1,255,255,255
54b8a207-3a5c-4b5d-8aa4-dbe3cd747015,2026-04-20,1,280,280,280
54b8a207-3a5c-4b5d-8aa4-dbe3cd747015,2026-04-27,2,297.99,295.99,299.99
54b8a207-3a5c-4b5d-8aa4-dbe3cd747015,2026-05-11,7,299.99,250,450
54b8a207-3a5c-4b5d-8aa4-dbe3cd747015,2026-05-18,1,349.95,349.95,349.95
54b8a207-3a5c-4b5d-8aa4-dbe3cd747015,2026-05-25,3,394.99,355.5,399.99
54b8a207-3a5c-4b5d-8aa4-dbe3cd747015,2026-06-01,3,499,400,580
54b8a207-3a5c-4b5d-8aa4-dbe3cd747015,2026-06-08,2,600,550,650
54b8a207-3a5c-4b5d-8aa4-dbe3cd747015,2026-06-15,2,625,550,700
54b8a207-3a5c-4b5d-8aa4-dbe3cd747015,2026-06-22,1,800,800,800
54b8a207-3a5c-4b5d-8aa4-dbe3cd747015,2026-06-29,4,870.5,690,900
54b8a207-3a5c-4b5d-8aa4-dbe3cd747015,2026-07-06,1,910,910,910
54b8a207-3a5c-4b5d-8aa4-dbe3cd747015,2026-07-13,3,875,528,885
54b8a207-3a5c-4b5d-8aa4-dbe3cd747015,2026-07-20,1,776,776,776
54b8a207-3a5c-4b5d-8aa4-dbe3cd747015,2026-08-03,3,740,540,785
54b8a207-3a5c-4b5d-8aa4-dbe3cd747015,2026-08-24,5,527,437,635
54b8a207-3a5c-4b5d-8aa4-dbe3cd747015,2026-09-07,1,590,590,590
54b93b55-e4b8-451c-b4ca-5a9018d4480e,2021-10-18,1,170.5,170.5,170.5
54b93b55-e4b8-451c-b4ca-5a9018d4480e,2021-11-15,2,155.25,150,160.5
54b93b55-e4b8-451c-b4ca-5a9018d4480e,2021-12-20,1,131.08,131.08,131.08
54b93b55-e4b8-451c-b4ca-5a9018d4480e,2022-04-04,1,186,186,186
54b93b55-e4b8-451c-b4ca-5a9018d4480e,2022-04-18,1,242,242,242
54b93b55-e4b8-451c-b4ca-5a9018d4480e,2022-10-03,1,110.36,110.36,110.36
54b93b55-e4b8-451c-b4ca-5a9018d4480e,2022-11-28,1,460,460,460
54b93b55-e4b8-451c-b4ca-5a9018d4480e,2023-02-06,1,590.57,590.57,590.57
54b93b55-e4b8-451c-b4ca-5a9018d4480e,2023-03-20,1,312,312,312
54b93b55-e4b8-451c-b4ca-5a9018d4480e,2023-04-10,1,222.5,222.5,222.5
54b93b55-e4b8-451c-b4ca-5a9018d4480e,2023-06-05,1,220.16,220.16,220.16
54b93b55-e4b8-451c-b4ca-5a9018d4480e,2023-07-03,1,380.67,380.67,380.67
54b93b55-e4b8-451c-b4ca-5a9018d4480e,2023-07-10,1,300,300,300
54b93b55-e4b8-451c-b4ca-5a9018d4480e,2023-07-17,1,306,306,306
54b93b55-e4b8-451c-b4ca-5a9018d4480e,2023-08-28,1,248.19,248.19,248.19
54b93b55-e4b8-451c-b4ca-5a9018d4480e,2023-09-18,1,192.18,192.18,192.18
54b93b55-e4b8-451c-b4ca-5a9018d4480e,2023-11-13,1,239.99,239.99,239.99
54b93b55-e4b8-451c-b4ca-5a9018d4480e,2024-01-29,1,186,186,186
54b93b55-e4b8-451c-b4ca-5a9018d4480e,2024-03-18,1,129.75,129.75,129.75
54b93b55-e4b8-451c-b4ca-5a9018d4480e,2024-04-08,1,227.5,227.5,227.5
54b93b55-e4b8-451c-b4ca-5a9018d4480e,2024-05-06,2,121.8,105.6,138
54b93b55-e4b8-451c-b4ca-5a9018d4480e,2024-06-10,1,132,132,132
54b93b55-e4b8-451c-b4ca-5a9018d4480e,2024-06-17,2,100.8,81.6,120
54b93b55-e4b8-451c-b4ca-5a9018d4480e,2024-07-15,1,183,183,183
54b93b55-e4b8-451c-b4ca-5a9018d4480e,2024-07-29,1,102.5,102.5,102.5
54b93b55-e4b8-451c-b4ca-5a9018d4480e,2024-08-05,1,151,151,151
54b93b55-e4b8-451c-b4ca-5a9018d4480e,2024-09-09,1,88.8,88.8,88.8
54b93b55-e4b8-451c-b4ca-5a9018d4480e,2024-09-23,1,149.99,149.99,149.99
54b93b55-e4b8-451c-b4ca-5a9018d4480e,2024-10-14,1,89.99,89.99,89.99
54b93b55-e4b8-451c-b4ca-5a9018d4480e,2024-11-18,1,76,76,76
54b93b55-e4b8-451c-b4ca-5a9018d4480e,2024-11-25,1,83,83,83
54b93b55-e4b8-451c-b4ca-5a9018d4480e,2024-12-02,1,84,84,84
54b93b55-e4b8-451c-b4ca-5a9018d4480e,2024-12-09,1,105,105,105
54b93b55-e4b8-451c-b4ca-5a9018d4480e,2024-12-23,1,103.2,103.2,103.2
54b93b55-e4b8-451c-b4ca-5a9018d4480e,2025-02-10,1,159.99,159.99,159.99
54b93b55-e4b8-451c-b4ca-5a9018d4480e,2025-02-17,2,102,100,104.01
54b93b55-e4b8-451c-b4ca-5a9018d4480e,2025-02-24,1,105.6,105.6,105.6
54b93b55-e4b8-451c-b4ca-5a9018d4480e,2025-03-24,1,119.9,119.9,119.9
54b93b55-e4b8-451c-b4ca-5a9018d4480e,2025-05-19,1,169.99,169.99,169.99
54b93b55-e4b8-451c-b4ca-5a9018d4480e,2025-06-09,1,155,155,155
54b93b55-e4b8-451c-b4ca-5a9018d4480e,2025-06-23,1,127.2,127.2,127.2
54b93b55-e4b8-451c-b4ca-5a9018d4480e,2025-06-30,1,150,150,150
54b93b55-e4b8-451c-b4ca-5a9018d4480e,2025-07-07,1,169.99,169.99,169.99
54b93b55-e4b8-451c-b4ca-5a9018d4480e,2025-08-04,1,204,204,204
54b93b55-e4b8-451c-b4ca-5a9018d4480e,2025-09-29,1,187.2,187.2,187.2
54b93b55-e4b8-451c-b4ca-5a9018d4480e,2025-11-17,2,230.13,230,230.26
54b93b55-e4b8-451c-b4ca-5a9018d4480e,2025-12-15,1,229.99,229.99,229.99
54b93b55-e4b8-451c-b4ca-5a9018d4480e,2026-02-09,1,375,375,375
54b93b55-e4b8-451c-b4ca-5a9018d4480e,2026-03-02,1,300,300,300
54b93b55-e4b8-451c-b4ca-5a9018d4480e,2026-03-16,1,480,480,480
54b93b55-e4b8-451c-b4ca-5a9018d4480e,2026-03-23,1,600,600,600
54b93b55-e4b8-451c-b4ca-5a9018d4480e,2026-04-27,1,622,622,622
54b93b55-e4b8-451c-b4ca-5a9018d4480e,2026-05-04,1,700,700,700
54b93b55-e4b8-451c-b4ca-5a9018d4480e,2026-05-11,1,660,660,660
54b93b55-e4b8-451c-b4ca-5a9018d4480e,2026-06-29,2,506,405,607
54b93b55-e4b8-451c-b4ca-5a9018d4480e,2026-07-06,1,600,600,600
54b93b55-e4b8-451c-b4ca-5a9018d4480e,2026-07-13,1,1200,1200,1200
54b93b55-e4b8-451c-b4ca-5a9018d4480e,2026-07-27,2,1419.33,813.66,2025
54b93b55-e4b8-451c-b4ca-5a9018d4480e,2026-08-03,1,810,810,810
54b93b55-e4b8-451c-b4ca-5a9018d4480e,2026-08-10,1,860,860,860
54b93b55-e4b8-451c-b4ca-5a9018d4480e,2026-08-24,1,760,760,760
54b93b55-e4b8-451c-b4ca-5a9018d4480e,2026-08-31,4,1099.99,824.4,1209
54bb718e-acb6-439b-9a80-7f78b50656c5,2021-05-24,1,400,400,400
54bb718e-acb6-439b-9a80-7f78b50656c5,2021-10-25,1,100,100,100
54bb718e-acb6-439b-9a80-7f78b50656c5,2022-03-28,1,217.5,217.5,217.5
54bb718e-acb6-439b-9a80-7f78b50656c5,2022-07-18,1,180.5,180.5,180.5
54bb718e-acb6-439b-9a80-7f78b50656c5,2022-11-07,1,405,405,405
54bb718e-acb6-439b-9a80-7f78b50656c5,2023-01-09,1,179.5,179.5,179.5
54bb718e-acb6-439b-9a80-7f78b50656c5,2023-02-06,1,348,348,348
54bb718e-acb6-439b-9a80-7f78b50656c5,2023-02-13,1,300,300,300
54bb718e-acb6-439b-9a80-7f78b50656c5,2023-02-20,2,585,370,800
54bb718e-acb6-439b-9a80-7f78b50656c5,2023-02-27,1,948.5,948.5,948.5
54bb718e-acb6-439b-9a80-7f78b50656c5,2023-03-06,1,288,288,288
54bb718e-acb6-439b-9a80-7f78b50656c5,2023-04-10,1,380,380,380
54bb718e-acb6-439b-9a80-7f78b50656c5,2023-07-17,1,278.69,278.69,278.69
54bb718e-acb6-439b-9a80-7f78b50656c5,2023-08-28,1,240,240,240
54bb718e-acb6-439b-9a80-7f78b50656c5,2023-09-18,1,280,280,280
54bb718e-acb6-439b-9a80-7f78b50656c5,2023-10-23,1,264,264,264
54bb718e-acb6-439b-9a80-7f78b50656c5,2023-10-30,1,210,210,210
54bb718e-acb6-439b-9a80-7f78b50656c5,2023-11-27,1,186,186,186
54bb718e-acb6-439b-9a80-7f78b50656c5,2024-01-22,1,300,300,300
54bb718e-acb6-439b-9a80-7f78b50656c5,2024-02-12,1,157.5,157.5,157.5
54bb718e-acb6-439b-9a80-7f78b50656c5,2024-03-04,1,108.5,108.5,108.5
54bb718e-acb6-439b-9a80-7f78b50656c5,2024-04-01,1,240,240,240
54bb718e-acb6-439b-9a80-7f78b50656c5,2024-05-06,2,186,162,210
54bb718e-acb6-439b-9a80-7f78b50656c5,2024-05-20,1,158.5,158.5,158.5
54bb718e-acb6-439b-9a80-7f78b50656c5,2024-06-10,1,156,156,156
54bb718e-acb6-439b-9a80-7f78b50656c5,2024-06-24,1,186,186,186
54bb718e-acb6-439b-9a80-7f78b50656c5,2024-07-29,1,109.16,109.16,109.16
54bb718e-acb6-439b-9a80-7f78b50656c5,2024-08-26,1,137.5,137.5,137.5
54bb718e-acb6-439b-9a80-7f78b50656c5,2024-10-07,1,126,126,126
54bb718e-acb6-439b-9a80-7f78b50656c5,2024-11-25,2,127.75,123.5,132
54bb718e-acb6-439b-9a80-7f78b50656c5,2024-12-02,1,70,70,70
54bb718e-acb6-439b-9a80-7f78b50656c5,2024-12-16,1,126,126,126
54bb718e-acb6-439b-9a80-7f78b50656c5,2025-02-03,1,171.5,171.5,171.5
54bb718e-acb6-439b-9a80-7f78b50656c5,2025-02-10,1,385,385,385
54bb718e-acb6-439b-9a80-7f78b50656c5,2025-02-17,1,115.2,115.2,115.2
54bb718e-acb6-439b-9a80-7f78b50656c5,2025-03-10,1,152.5,152.5,152.5
54bb718e-acb6-439b-9a80-7f78b50656c5,2025-03-17,1,153.5,153.5,153.5
54bb718e-acb6-439b-9a80-7f78b50656c5,2025-04-14,2,183,180,186
54bb718e-acb6-439b-9a80-7f78b50656c5,2025-04-21,2,135,90,180
54bb718e-acb6-439b-9a80-7f78b50656c5,2025-07-07,1,349.99,349.99,349.99
54bb718e-acb6-439b-9a80-7f78b50656c5,2025-08-18,1,324,324,324
54bb718e-acb6-439b-9a80-7f78b50656c5,2025-08-25,1,255,255,255
54bb718e-acb6-439b-9a80-7f78b50656c5,2025-12-08,2,217.23,206.96,227.5
54bb718e-acb6-439b-9a80-7f78b50656c5,2026-01-05,1,202.5,202.5,202.5
54bb718e-acb6-439b-9a80-7f78b50656c5,2026-02-02,1,330,330,330
54bb718e-acb6-439b-9a80-7f78b50656c5,2026-02-16,2,387.5,375,399.99
54bb718e-acb6-439b-9a80-7f78b50656c5,2026-03-02,1,389,389,389
54bb718e-acb6-439b-9a80-7f78b50656c5,2026-03-23,2,427.79,331,524.58
54bb718e-acb6-439b-9a80-7f78b50656c5,2026-04-20,1,525,525,525
54bb718e-acb6-439b-9a80-7f78b50656c5,2026-05-25,2,600.5,551,650
54bb718e-acb6-439b-9a80-7f78b50656c5,2026-07-20,1,600,600,600
54bdfbd4-bec7-4319-b72b-f5c0f80242bd,2024-02-26,1,9.76,9.76,9.76
54bf0c16-e5cb-4156-aa8c-0b58ec71a0c0,2022-02-07,1,72,72,72
54c581e2-82b1-4630-8847-ccb543af7f4a,2023-05-08,1,33,33,33
54c581e2-82b1-4630-8847-ccb543af7f4a,2023-05-29,4,20.75,15.5,26
54c581e2-82b1-4630-8847-ccb543af7f4a,2023-06-26,1,20.08,20.08,20.08
54c581e2-82b1-4630-8847-ccb543af7f4a,2023-07-10,2,24.51,19.02,30
54c581e2-82b1-4630-8847-ccb543af7f4a,2023-07-17,3,24.99,20,29
54c581e2-82b1-4630-8847-ccb543af7f4a,2023-07-24,2,19.75,18.5,21
54c581e2-82b1-4630-8847-ccb543af7f4a,2023-07-31,1,25,25,25
54c581e2-82b1-4630-8847-ccb543af7f4a,2023-09-11,1,18,18,18
54c581e2-82b1-4630-8847-ccb543af7f4a,2023-09-18,1,28.5,28.5,28.5
54c581e2-82b1-4630-8847-ccb543af7f4a,2023-10-16,1,25,25,25
54c581e2-82b1-4630-8847-ccb543af7f4a,2023-11-13,1,15.6,15.6,15.6
54c581e2-82b1-4630-8847-ccb543af7f4a,2023-12-04,1,35,35,35
54c581e2-82b1-4630-8847-ccb543af7f4a,2023-12-11,1,20,20,20
54c581e2-82b1-4630-8847-ccb543af7f4a,2024-04-01,1,15,15,15
54c581e2-82b1-4630-8847-ccb543af7f4a,2024-04-08,1,18,18,18
54c581e2-82b1-4630-8847-ccb543af7f4a,2024-05-20,1,8.5,8.5,8.5
54c581e2-82b1-4630-8847-ccb543af7f4a,2024-06-10,1,10,10,10
54c581e2-82b1-4630-8847-ccb543af7f4a,2024-07-29,1,9.6,9.6,9.6
54c581e2-82b1-4630-8847-ccb543af7f4a,2024-11-04,1,5.26,5.26,5.26
54c581e2-82b1-4630-8847-ccb543af7f4a,2024-12-09,1,15.6,15.6,15.6
54c581e2-82b1-4630-8847-ccb543af7f4a,2025-01-06,1,27,27,27
54c581e2-82b1-4630-8847-ccb543af7f4a,2025-04-28,1,27,27,27
54c581e2-82b1-4630-8847-ccb543af7f4a,2025-12-01,1,20,20,20
54c581e2-82b1-4630-8847-ccb543af7f4a,2026-03-16,1,15.52,15.52,15.52
54c581e2-82b1-4630-8847-ccb543af7f4a,2026-07-13,1,30,30,30
54c65e8c-1d61-4b55-aee7-edcefd517a12,2025-01-27,1,12.5,12.5,12.5
54c65e8c-1d61-4b55-aee7-edcefd517a12,2025-02-24,1,21.5,21.5,21.5
54c65e8c-1d61-4b55-aee7-edcefd517a12,2025-03-10,1,20,20,20
54c65e8c-1d61-4b55-aee7-edcefd517a12,2025-03-31,1,22.19,22.19,22.19
54c65e8c-1d61-4b55-aee7-edcefd517a12,2025-05-26,1,24.99,24.99,24.99
54ca8399-8f34-404d-acbc-42c3185ffb9f,2021-07-26,1,515,515,515
54ca8399-8f34-404d-acbc-42c3185ffb9f,2022-06-27,1,600,600,600
54ca8399-8f34-404d-acbc-42c3185ffb9f,2022-09-12,1,630,630,630
54ca8399-8f34-404d-acbc-42c3185ffb9f,2022-12-26,1,516,516,516
54ca8399-8f34-404d-acbc-42c3185ffb9f,2023-01-16,1,540,540,540
54ca8399-8f34-404d-acbc-42c3185ffb9f,2025-07-07,1,516,516,516
54ca8399-8f34-404d-acbc-42c3185ffb9f,2025-10-06,1,810,810,810
54ca8399-8f34-404d-acbc-42c3185ffb9f,2025-10-13,1,540,540,540
54ca8399-8f34-404d-acbc-42c3185ffb9f,2026-04-27,1,1375,1375,1375
54cad68d-b231-49c8-b6bd-69c7bf93fac6,2022-10-17,1,66,66,66
54cad68d-b231-49c8-b6bd-69c7bf93fac6,2023-02-27,1,37.01,37.01,37.01
54cad68d-b231-49c8-b6bd-69c7bf93fac6,2023-12-04,1,70,70,70
54cad68d-b231-49c8-b6bd-69c7bf93fac6,2024-01-15,1,68.6,68.6,68.6
54cad68d-b231-49c8-b6bd-69c7bf93fac6,2024-03-11,1,46,46,46
54cad68d-b231-49c8-b6bd-69c7bf93fac6,2025-01-20,1,125,125,125
54cad68d-b231-49c8-b6bd-69c7bf93fac6,2025-09-15,1,130,130,130
54cad68d-b231-49c8-b6bd-69c7bf93fac6,2026-04-13,1,154.05,154.05,154.05
54cad68d-b231-49c8-b6bd-69c7bf93fac6,2026-08-31,1,190,190,190
54cd9bb3-8ec0-4d19-bc3d-61c39a0e2785,2024-07-22,5,34,26,46
54cd9bb3-8ec0-4d19-bc3d-61c39a0e2785,2024-07-29,4,36.6,33.5,38
54cd9bb3-8ec0-4d19-bc3d-61c39a0e2785,2024-08-05,2,39,38,40
54cd9bb3-8ec0-4d19-bc3d-61c39a0e2785,2024-08-12,4,42.84,34,55.2
54cd9bb3-8ec0-4d19-bc3d-61c39a0e2785,2024-08-19,1,28,28,28
54cd9bb3-8ec0-4d19-bc3d-61c39a0e2785,2024-08-26,1,37.2,37.2,37.2
54cd9bb3-8ec0-4d19-bc3d-61c39a0e2785,2024-09-02,2,29.69,27.6,31.77
54cd9bb3-8ec0-4d19-bc3d-61c39a0e2785,2024-09-09,2,37.48,35,39.95
54cd9bb3-8ec0-4d19-bc3d-61c39a0e2785,2024-09-16,1,29,29,29
54cd9bb3-8ec0-4d19-bc3d-61c39a0e2785,2024-09-23,1,51,51,51
54cd9bb3-8ec0-4d19-bc3d-61c39a0e2785,2024-10-07,2,39.42,38.85,40
54cd9bb3-8ec0-4d19-bc3d-61c39a0e2785,2024-10-14,1,30,30,30
54cd9bb3-8ec0-4d19-bc3d-61c39a0e2785,2024-10-21,4,38.45,31.5,143.5
54cd9bb3-8ec0-4d19-bc3d-61c39a0e2785,2024-10-28,3,41.49,35,90.7
54cd9bb3-8ec0-4d19-bc3d-61c39a0e2785,2024-11-04,4,37.5,32,41
54cd9bb3-8ec0-4d19-bc3d-61c39a0e2785,2024-11-11,6,30.36,24.6,42.13
54cd9bb3-8ec0-4d19-bc3d-61c39a0e2785,2024-11-18,1,39,39,39
54cd9bb3-8ec0-4d19-bc3d-61c39a0e2785,2024-11-25,1,37.2,37.2,37.2
54cd9bb3-8ec0-4d19-bc3d-61c39a0e2785,2024-12-02,1,43.85,43.85,43.85
54cd9bb3-8ec0-4d19-bc3d-61c39a0e2785,2024-12-09,2,38.29,36.58,40
54cd9bb3-8ec0-4d19-bc3d-61c39a0e2785,2024-12-16,2,38.42,33,43.84
54cd9bb3-8ec0-4d19-bc3d-61c39a0e2785,2024-12-23,3,30,30,34
54cd9bb3-8ec0-4d19-bc3d-61c39a0e2785,2024-12-30,3,39,36,40
54cd9bb3-8ec0-4d19-bc3d-61c39a0e2785,2025-01-06,16,42.84,34.99,60
54cd9bb3-8ec0-4d19-bc3d-61c39a0e2785,2025-01-13,7,45,21.72,49.99
54cd9bb3-8ec0-4d19-bc3d-61c39a0e2785,2025-01-20,1,45.6,45.6,45.6
54cd9bb3-8ec0-4d19-bc3d-61c39a0e2785,2025-01-27,2,63.98,41,86.97
54cd9bb3-8ec0-4d19-bc3d-61c39a0e2785,2025-02-03,3,48.95,41,59.5
54cd9bb3-8ec0-4d19-bc3d-61c39a0e2785,2025-02-10,3,50,45,60
54cd9bb3-8ec0-4d19-bc3d-61c39a0e2785,2025-02-17,3,47,34.9,51
54cd9bb3-8ec0-4d19-bc3d-61c39a0e2785,2025-03-03,3,32.18,29.75,47.9
54cd9bb3-8ec0-4d19-bc3d-61c39a0e2785,2025-03-10,5,44,29,49
54cd9bb3-8ec0-4d19-bc3d-61c39a0e2785,2025-03-17,1,34.61,34.61,34.61
54cd9bb3-8ec0-4d19-bc3d-61c39a0e2785,2025-03-24,1,50,50,50
54cd9bb3-8ec0-4d19-bc3d-61c39a0e2785,2025-03-31,2,40.49,34.98,46
54cd9bb3-8ec0-4d19-bc3d-61c39a0e2785,2025-04-07,2,46,37,55
54cd9bb3-8ec0-4d19-bc3d-61c39a0e2785,2025-04-14,2,38,31,45
54cd9bb3-8ec0-4d19-bc3d-61c39a0e2785,2025-04-21,1,65,65,65
54cd9bb3-8ec0-4d19-bc3d-61c39a0e2785,2025-04-28,2,54.26,45,63.52
54cd9bb3-8ec0-4d19-bc3d-61c39a0e2785,2025-05-05,3,36,34.35,36
54cd9bb3-8ec0-4d19-bc3d-61c39a0e2785,2025-05-12,1,21.5,21.5,21.5
54cd9bb3-8ec0-4d19-bc3d-61c39a0e2785,2025-05-19,1,48,48,48
54cd9bb3-8ec0-4d19-bc3d-61c39a0e2785,2025-05-26,2,37.1,31,43.2
54cd9bb3-8ec0-4d19-bc3d-61c39a0e2785,2025-06-02,2,53.2,35,71.41
54cd9bb3-8ec0-4d19-bc3d-61c39a0e2785,2025-06-16,1,27.78,27.78,27.78
54cd9bb3-8ec0-4d19-bc3d-61c39a0e2785,2025-06-23,1,30,30,30
54cd9bb3-8ec0-4d19-bc3d-61c39a0e2785,2025-07-07,2,35,30,40
54cd9bb3-8ec0-4d19-bc3d-61c39a0e2785,2025-08-25,2,41,36,46
54cd9bb3-8ec0-4d19-bc3d-61c39a0e2785,2025-09-01,1,36,36,36
54cd9bb3-8ec0-4d19-bc3d-61c39a0e2785,2025-09-08,1,30,30,30
54cd9bb3-8ec0-4d19-bc3d-61c39a0e2785,2025-09-22,4,31.6,29,52
54cd9bb3-8ec0-4d19-bc3d-61c39a0e2785,2025-09-29,1,29.1,29.1,29.1
54cd9bb3-8ec0-4d19-bc3d-61c39a0e2785,2025-10-06,1,42,42,42
54cd9bb3-8ec0-4d19-bc3d-61c39a0e2785,2025-10-20,1,36.5,36.5,36.5
54cd9bb3-8ec0-4d19-bc3d-61c39a0e2785,2025-10-27,1,34.3,34.3,34.3
54cd9bb3-8ec0-4d19-bc3d-61c39a0e2785,2025-11-10,2,49.1,33.2,65
54cd9bb3-8ec0-4d19-bc3d-61c39a0e2785,2025-12-01,3,40,31,43.2
54cd9bb3-8ec0-4d19-bc3d-61c39a0e2785,2025-12-08,1,46.54,46.54,46.54
54cd9bb3-8ec0-4d19-bc3d-61c39a0e2785,2025-12-15,2,27.01,25,29.01
54cd9bb3-8ec0-4d19-bc3d-61c39a0e2785,2025-12-22,1,43.89,43.89,43.89
54cd9bb3-8ec0-4d19-bc3d-61c39a0e2785,2025-12-29,1,41,41,41
54cd9bb3-8ec0-4d19-bc3d-61c39a0e2785,2026-01-05,2,38.2,32,44.4
54cd9bb3-8ec0-4d19-bc3d-61c39a0e2785,2026-02-02,1,77,77,77
54cd9bb3-8ec0-4d19-bc3d-61c39a0e2785,2026-02-09,2,65.28,61.13,69.43
54cd9bb3-8ec0-4d19-bc3d-61c39a0e2785,2026-02-23,3,46.8,44.99,57.29
54cd9bb3-8ec0-4d19-bc3d-61c39a0e2785,2026-03-02,2,48.94,43.88,54
54cd9bb3-8ec0-4d19-bc3d-61c39a0e2785,2026-03-09,2,70.69,43.2,98.19
54cd9bb3-8ec0-4d19-bc3d-61c39a0e2785,2026-03-16,1,35,35,35
54cd9bb3-8ec0-4d19-bc3d-61c39a0e2785,2026-03-23,1,49,49,49
54cd9bb3-8ec0-4d19-bc3d-61c39a0e2785,2026-04-06,1,28,28,28
54cd9bb3-8ec0-4d19-bc3d-61c39a0e2785,2026-04-20,1,41,41,41
54cd9bb3-8ec0-4d19-bc3d-61c39a0e2785,2026-04-27,1,17.95,17.95,17.95
54cd9bb3-8ec0-4d19-bc3d-61c39a0e2785,2026-05-04,4,47.5,41,52
54cd9bb3-8ec0-4d19-bc3d-61c39a0e2785,2026-05-11,5,40.8,35,51.73
54cd9bb3-8ec0-4d19-bc3d-61c39a0e2785,2026-05-25,1,41,41,41
54cd9bb3-8ec0-4d19-bc3d-61c39a0e2785,2026-06-01,3,45,36,47.99
54cd9bb3-8ec0-4d19-bc3d-61c39a0e2785,2026-06-08,1,42,42,42
54cd9bb3-8ec0-4d19-bc3d-61c39a0e2785,2026-06-15,1,24.57,24.57,24.57
54cd9bb3-8ec0-4d19-bc3d-61c39a0e2785,2026-06-22,1,45,45,45
54cd9bb3-8ec0-4d19-bc3d-61c39a0e2785,2026-06-29,2,49.22,37.37,61.07
54cd9bb3-8ec0-4d19-bc3d-61c39a0e2785,2026-07-06,1,39.98,39.98,39.98
54cd9bb3-8ec0-4d19-bc3d-61c39a0e2785,2026-07-13,1,44.04,44.04,44.04
54cd9bb3-8ec0-4d19-bc3d-61c39a0e2785,2026-07-20,1,54.99,54.99,54.99
54cd9bb3-8ec0-4d19-bc3d-61c39a0e2785,2026-07-27,3,43.41,42,67
54cd9bb3-8ec0-4d19-bc3d-61c39a0e2785,2026-08-03,3,49.99,33.47,59.99
54cd9bb3-8ec0-4d19-bc3d-61c39a0e2785,2026-08-24,1,43,43,43
54cd9bb3-8ec0-4d19-bc3d-61c39a0e2785,2026-08-31,1,54,54,54
54cd9bb3-8ec0-4d19-bc3d-61c39a0e2785,2026-09-07,2,30.88,18.77,43
54d1b11b-4819-48a8-9e8a-32ed701669f3,2025-01-20,1,32.11,32.11,32.11
54d33bcb-96c7-4844-b3cc-84c5f14cea8e,2022-02-21,2,170,117.5,222.5
54d33bcb-96c7-4844-b3cc-84c5f14cea8e,2022-03-07,1,202.5,202.5,202.5
54d33bcb-96c7-4844-b3cc-84c5f14cea8e,2022-11-07,1,226.15,226.15,226.15
54d33bcb-96c7-4844-b3cc-84c5f14cea8e,2024-04-01,1,162.5,162.5,162.5
54d33bcb-96c7-4844-b3cc-84c5f14cea8e,2024-04-08,1,155,155,155
54d33bcb-96c7-4844-b3cc-84c5f14cea8e,2025-05-19,1,638,638,638
54d33bcb-96c7-4844-b3cc-84c5f14cea8e,2025-11-03,1,1225,1225,1225
54d33bcb-96c7-4844-b3cc-84c5f14cea8e,2026-04-27,1,3050,3050,3050
54d47619-1e9e-46ac-9f81-b9947455379f,2021-03-29,1,149.99,149.99,149.99
54d47619-1e9e-46ac-9f81-b9947455379f,2021-10-04,1,78.88,78.88,78.88
54d47619-1e9e-46ac-9f81-b9947455379f,2023-05-01,1,90,90,90
54d47619-1e9e-46ac-9f81-b9947455379f,2023-07-24,1,179.99,179.99,179.99
54d47619-1e9e-46ac-9f81-b9947455379f,2023-10-09,1,29.99,29.99,29.99
54d47619-1e9e-46ac-9f81-b9947455379f,2023-12-11,1,43,43,43
54d47619-1e9e-46ac-9f81-b9947455379f,2024-01-22,1,38,38,38
54d47619-1e9e-46ac-9f81-b9947455379f,2024-03-18,1,40,40,40
54d47619-1e9e-46ac-9f81-b9947455379f,2024-04-29,1,59.99,59.99,59.99
54d47619-1e9e-46ac-9f81-b9947455379f,2024-05-06,1,40,40,40
54d47619-1e9e-46ac-9f81-b9947455379f,2024-06-17,1,27.69,27.69,27.69
54d47619-1e9e-46ac-9f81-b9947455379f,2024-07-22,1,42,42,42
54d47619-1e9e-46ac-9f81-b9947455379f,2024-09-16,1,27.69,27.69,27.69
54d47619-1e9e-46ac-9f81-b9947455379f,2025-02-03,1,64.99,64.99,64.99
54d47619-1e9e-46ac-9f81-b9947455379f,2025-05-12,1,67.5,67.5,67.5
54d47619-1e9e-46ac-9f81-b9947455379f,2025-08-04,1,89.99,89.99,89.99
54d47619-1e9e-46ac-9f81-b9947455379f,2025-08-18,1,110,110,110
54d47619-1e9e-46ac-9f81-b9947455379f,2025-10-06,1,90,90,90
54d47619-1e9e-46ac-9f81-b9947455379f,2025-12-08,1,78,78,78
54d47619-1e9e-46ac-9f81-b9947455379f,2025-12-22,1,94.48,94.48,94.48
54d47619-1e9e-46ac-9f81-b9947455379f,2026-05-04,2,250,250,250
54d47619-1e9e-46ac-9f81-b9947455379f,2026-06-15,1,107.5,107.5,107.5
54d47619-1e9e-46ac-9f81-b9947455379f,2026-06-22,1,204,204,204
54d47619-1e9e-46ac-9f81-b9947455379f,2026-07-06,1,260,260,260
54d47619-1e9e-46ac-9f81-b9947455379f,2026-07-20,1,275,275,275
54d47619-1e9e-46ac-9f81-b9947455379f,2026-08-31,1,219.5,219.5,219.5
54da21af-c61d-4cc7-b0b0-81a3f45bdfda,2021-05-31,1,500,500,500
54da21af-c61d-4cc7-b0b0-81a3f45bdfda,2021-06-07,1,510,510,510
54da21af-c61d-4cc7-b0b0-81a3f45bdfda,2021-06-21,1,430,430,430
54da21af-c61d-4cc7-b0b0-81a3f45bdfda,2021-10-04,1,521,521,521
54da21af-c61d-4cc7-b0b0-81a3f45bdfda,2022-06-13,1,749.99,749.99,749.99
54da21af-c61d-4cc7-b0b0-81a3f45bdfda,2022-08-08,1,414.99,414.99,414.99
54da21af-c61d-4cc7-b0b0-81a3f45bdfda,2024-02-12,1,174,174,174
54da21af-c61d-4cc7-b0b0-81a3f45bdfda,2024-02-26,1,329.99,329.99,329.99
54da21af-c61d-4cc7-b0b0-81a3f45bdfda,2024-10-07,1,186,186,186
54da21af-c61d-4cc7-b0b0-81a3f45bdfda,2025-01-27,1,295,295,295
54da21af-c61d-4cc7-b0b0-81a3f45bdfda,2025-09-22,1,588,588,588
54da21af-c61d-4cc7-b0b0-81a3f45bdfda,2025-10-27,1,264,264,264
54da21af-c61d-4cc7-b0b0-81a3f45bdfda,2025-11-24,1,450,450,450
54da5d40-64b7-41a9-94c2-26a1c0df1600,2021-11-29,1,50,50,50
54da5d40-64b7-41a9-94c2-26a1c0df1600,2021-12-06,1,35,35,35
54da5d40-64b7-41a9-94c2-26a1c0df1600,2022-01-31,1,50,50,50
54da5d40-64b7-41a9-94c2-26a1c0df1600,2022-02-21,1,25,25,25
54da5d40-64b7-41a9-94c2-26a1c0df1600,2022-04-25,1,35,35,35
54da5d40-64b7-41a9-94c2-26a1c0df1600,2022-07-04,1,50.01,50.01,50.01
54da5d40-64b7-41a9-94c2-26a1c0df1600,2022-08-15,1,23,23,23
54da5d40-64b7-41a9-94c2-26a1c0df1600,2022-09-12,1,21.5,21.5,21.5
54da5d40-64b7-41a9-94c2-26a1c0df1600,2022-11-07,1,50,50,50
54da5d40-64b7-41a9-94c2-26a1c0df1600,2022-12-12,1,28.99,28.99,28.99
54da5d40-64b7-41a9-94c2-26a1c0df1600,2023-01-02,1,15.5,15.5,15.5
54da5d40-64b7-41a9-94c2-26a1c0df1600,2023-02-27,1,25,25,25
54da5d40-64b7-41a9-94c2-26a1c0df1600,2023-03-13,1,35,35,35
54da5d40-64b7-41a9-94c2-26a1c0df1600,2023-04-03,1,22.5,22.5,22.5
54da5d40-64b7-41a9-94c2-26a1c0df1600,2023-05-15,1,43.99,43.99,43.99
54da5d40-64b7-41a9-94c2-26a1c0df1600,2023-08-14,1,22.5,22.5,22.5
54da5d40-64b7-41a9-94c2-26a1c0df1600,2023-09-04,1,20.7,20.7,20.7
54da5d40-64b7-41a9-94c2-26a1c0df1600,2023-09-11,1,32,32,32
54da5d40-64b7-41a9-94c2-26a1c0df1600,2023-09-18,1,27,27,27
54da5d40-64b7-41a9-94c2-26a1c0df1600,2023-10-02,2,22.67,18.27,27.08
54da5d40-64b7-41a9-94c2-26a1c0df1600,2023-11-06,1,45,45,45
54da5d40-64b7-41a9-94c2-26a1c0df1600,2024-02-19,1,36,36,36
54da5d40-64b7-41a9-94c2-26a1c0df1600,2024-03-04,1,30,30,30
54da5d40-64b7-41a9-94c2-26a1c0df1600,2024-03-18,1,20.5,20.5,20.5
54da5d40-64b7-41a9-94c2-26a1c0df1600,2024-07-08,1,38.46,38.46,38.46
54da5d40-64b7-41a9-94c2-26a1c0df1600,2024-09-02,1,36.79,36.79,36.79
54da5d40-64b7-41a9-94c2-26a1c0df1600,2024-09-30,1,24,24,24
54da5d40-64b7-41a9-94c2-26a1c0df1600,2024-10-28,1,38.99,38.99,38.99
54da5d40-64b7-41a9-94c2-26a1c0df1600,2024-12-23,1,54,54,54
54da5d40-64b7-41a9-94c2-26a1c0df1600,2025-01-20,1,39.99,39.99,39.99
54da5d40-64b7-41a9-94c2-26a1c0df1600,2025-02-17,1,15.51,15.51,15.51
54da5d40-64b7-41a9-94c2-26a1c0df1600,2025-04-14,1,26,26,26
54da5d40-64b7-41a9-94c2-26a1c0df1600,2025-05-05,1,31,31,31
54da5d40-64b7-41a9-94c2-26a1c0df1600,2025-05-12,1,16.6,16.6,16.6
54da5d40-64b7-41a9-94c2-26a1c0df1600,2025-06-30,1,31,31,31
54da5d40-64b7-41a9-94c2-26a1c0df1600,2025-07-21,1,38.88,38.88,38.88
54da5d40-64b7-41a9-94c2-26a1c0df1600,2025-08-04,1,42.99,42.99,42.99
54da5d40-64b7-41a9-94c2-26a1c0df1600,2025-09-01,1,33,33,33
54da5d40-64b7-41a9-94c2-26a1c0df1600,2025-09-08,2,44.5,43.99,45
54da5d40-64b7-41a9-94c2-26a1c0df1600,2025-09-15,1,39.99,39.99,39.99
54da5d40-64b7-41a9-94c2-26a1c0df1600,2025-10-06,1,39.95,39.95,39.95
54da5d40-64b7-41a9-94c2-26a1c0df1600,2025-11-10,2,40.3,33.6,46.99
54da5d40-64b7-41a9-94c2-26a1c0df1600,2025-12-01,1,54.99,54.99,54.99
54da5d40-64b7-41a9-94c2-26a1c0df1600,2026-01-12,1,39.52,39.52,39.52
54da5d40-64b7-41a9-94c2-26a1c0df1600,2026-02-16,2,39,38,40
54da5d40-64b7-41a9-94c2-26a1c0df1600,2026-03-02,1,100,100,100
54da5d40-64b7-41a9-94c2-26a1c0df1600,2026-03-30,7,41,40,63
54da5d40-64b7-41a9-94c2-26a1c0df1600,2026-04-06,1,72.95,72.95,72.95
54da5d40-64b7-41a9-94c2-26a1c0df1600,2026-04-13,1,47,47,47
54da5d40-64b7-41a9-94c2-26a1c0df1600,2026-04-20,5,64,54.99,139.4
54da5d40-64b7-41a9-94c2-26a1c0df1600,2026-04-27,1,92,92,92
54da5d40-64b7-41a9-94c2-26a1c0df1600,2026-05-04,1,117.5,117.5,117.5
54da5d40-64b7-41a9-94c2-26a1c0df1600,2026-05-25,1,130,130,130
54da5d40-64b7-41a9-94c2-26a1c0df1600,2026-06-01,1,106.58,106.58,106.58
54da5d40-64b7-41a9-94c2-26a1c0df1600,2026-06-22,2,101.25,100,102.5
54da5d40-64b7-41a9-94c2-26a1c0df1600,2026-06-29,1,93,93,93
54da5d40-64b7-41a9-94c2-26a1c0df1600,2026-07-13,1,129.99,129.99,129.99
54da5d40-64b7-41a9-94c2-26a1c0df1600,2026-07-20,1,71.25,71.25,71.25
54da5d40-64b7-41a9-94c2-26a1c0df1600,2026-08-03,1,96.6,96.6,96.6
54da5d40-64b7-41a9-94c2-26a1c0df1600,2026-08-17,1,68,68,68
54da5d40-64b7-41a9-94c2-26a1c0df1600,2026-08-31,2,82.19,69.4,94.99
54db305c-d5ba-44dc-ac23-b7b404d7dbd6,2023-12-04,1,10.66,10.66,10.66
54dcab12-7409-4492-83af-395b43d53b82,2021-09-20,1,565,565,565
54dcab12-7409-4492-83af-395b43d53b82,2021-10-04,1,515.52,515.52,515.52
54dcab12-7409-4492-83af-395b43d53b82,2023-01-30,1,426,426,426
54dcab12-7409-4492-83af-395b43d53b82,2024-02-26,1,700,700,700
54dcab12-7409-4492-83af-395b43d53b82,2024-07-15,1,850,850,850
54dce789-1ecd-4a5b-af87-4175d9079660,2021-04-26,1,238.5,238.5,238.5
54dce789-1ecd-4a5b-af87-4175d9079660,2021-10-25,1,410.55,410.55,410.55
54dce789-1ecd-4a5b-af87-4175d9079660,2021-11-29,1,177.5,177.5,177.5
54dce789-1ecd-4a5b-af87-4175d9079660,2022-07-25,1,249.99,249.99,249.99
54dce789-1ecd-4a5b-af87-4175d9079660,2023-12-04,1,295,295,295
54dce789-1ecd-4a5b-af87-4175d9079660,2023-12-18,1,324,324,324
54dce789-1ecd-4a5b-af87-4175d9079660,2024-06-17,1,320,320,320
54dce789-1ecd-4a5b-af87-4175d9079660,2024-09-16,1,216,216,216
54dce789-1ecd-4a5b-af87-4175d9079660,2024-12-02,1,125,125,125
54dce789-1ecd-4a5b-af87-4175d9079660,2025-07-07,1,649.99,649.99,649.99
54dce789-1ecd-4a5b-af87-4175d9079660,2025-09-29,1,666.59,666.59,666.59
54dce789-1ecd-4a5b-af87-4175d9079660,2025-11-24,1,799.99,799.99,799.99
54dce789-1ecd-4a5b-af87-4175d9079660,2026-07-13,1,2425.02,2425.02,2425.02
54dce789-1ecd-4a5b-af87-4175d9079660,2026-08-03,1,2025.01,2025.01,2025.01
54de7e50-6920-400e-9cdc-be2c70b5cae8,2021-07-05,1,31.02,31.02,31.02
54de7e50-6920-400e-9cdc-be2c70b5cae8,2021-08-16,1,24.24,24.24,24.24
54de7e50-6920-400e-9cdc-be2c70b5cae8,2022-01-03,1,12.5,12.5,12.5
54de7e50-6920-400e-9cdc-be2c70b5cae8,2022-01-17,1,17.02,17.02,17.02
54de7e50-6920-400e-9cdc-be2c70b5cae8,2022-02-07,1,20,20,20
54de7e50-6920-400e-9cdc-be2c70b5cae8,2022-03-21,1,13.5,13.5,13.5
54de7e50-6920-400e-9cdc-be2c70b5cae8,2022-07-04,1,10.53,10.53,10.53
54de7e50-6920-400e-9cdc-be2c70b5cae8,2022-08-22,1,13.52,13.52,13.52
54de7e50-6920-400e-9cdc-be2c70b5cae8,2022-09-19,1,28.16,28.16,28.16
54de7e50-6920-400e-9cdc-be2c70b5cae8,2022-09-26,1,19.99,19.99,19.99
54de7e50-6920-400e-9cdc-be2c70b5cae8,2022-10-24,1,15.52,15.52,15.52
54de7e50-6920-400e-9cdc-be2c70b5cae8,2022-10-31,2,24.99,24.99,24.99
54de7e50-6920-400e-9cdc-be2c70b5cae8,2022-11-07,1,18.5,18.5,18.5
54de7e50-6920-400e-9cdc-be2c70b5cae8,2022-12-05,1,19.99,19.99,19.99
54de7e50-6920-400e-9cdc-be2c70b5cae8,2023-01-16,1,17.52,17.52,17.52
54de7e50-6920-400e-9cdc-be2c70b5cae8,2023-03-06,2,18.26,11.52,25
54de7e50-6920-400e-9cdc-be2c70b5cae8,2023-06-19,1,22.92,22.92,22.92
54de7e50-6920-400e-9cdc-be2c70b5cae8,2023-07-03,1,16.5,16.5,16.5
54de7e50-6920-400e-9cdc-be2c70b5cae8,2023-07-10,1,24,24,24
54de7e50-6920-400e-9cdc-be2c70b5cae8,2023-07-17,2,21.55,19.5,23.61
54de7e50-6920-400e-9cdc-be2c70b5cae8,2023-07-31,3,18.5,18.5,20.5
54de7e50-6920-400e-9cdc-be2c70b5cae8,2023-08-07,1,18.5,18.5,18.5
54de7e50-6920-400e-9cdc-be2c70b5cae8,2023-08-14,2,13.76,12.02,15.5
54de7e50-6920-400e-9cdc-be2c70b5cae8,2023-08-21,2,15.25,12.99,17.5
54de7e50-6920-400e-9cdc-be2c70b5cae8,2023-09-18,1,21,21,21
54de7e50-6920-400e-9cdc-be2c70b5cae8,2023-10-30,1,10.5,10.5,10.5
54de7e50-6920-400e-9cdc-be2c70b5cae8,2023-11-27,1,10.29,10.29,10.29
54de7e50-6920-400e-9cdc-be2c70b5cae8,2023-12-04,1,6.95,6.95,6.95
54de7e50-6920-400e-9cdc-be2c70b5cae8,2023-12-11,1,21.6,21.6,21.6
54de7e50-6920-400e-9cdc-be2c70b5cae8,2024-02-12,1,20.5,20.5,20.5
54de7e50-6920-400e-9cdc-be2c70b5cae8,2024-03-11,2,24.25,12.5,35.99
54de7e50-6920-400e-9cdc-be2c70b5cae8,2024-03-18,2,16.5,13.5,19.5
54de7e50-6920-400e-9cdc-be2c70b5cae8,2024-04-15,1,10.5,10.5,10.5
54de7e50-6920-400e-9cdc-be2c70b5cae8,2024-04-29,1,12.5,12.5,12.5
54de7e50-6920-400e-9cdc-be2c70b5cae8,2024-05-06,1,14,14,14
54de7e50-6920-400e-9cdc-be2c70b5cae8,2024-07-29,1,12.5,12.5,12.5
54de7e50-6920-400e-9cdc-be2c70b5cae8,2024-11-11,1,13.5,13.5,13.5
54de7e50-6920-400e-9cdc-be2c70b5cae8,2024-11-18,1,16.27,16.27,16.27
54de7e50-6920-400e-9cdc-be2c70b5cae8,2025-01-06,1,37.99,37.99,37.99
54de7e50-6920-400e-9cdc-be2c70b5cae8,2025-02-10,1,36.72,36.72,36.72
54de7e50-6920-400e-9cdc-be2c70b5cae8,2025-03-10,2,23.5,20,27
54de7e50-6920-400e-9cdc-be2c70b5cae8,2025-04-14,1,16.01,16.01,16.01
54de7e50-6920-400e-9cdc-be2c70b5cae8,2025-05-05,1,44.85,44.85,44.85
54de7e50-6920-400e-9cdc-be2c70b5cae8,2025-06-02,1,17.5,17.5,17.5
54de7e50-6920-400e-9cdc-be2c70b5cae8,2025-11-17,1,31.49,31.49,31.49
54de7e50-6920-400e-9cdc-be2c70b5cae8,2026-02-09,1,62.61,62.61,62.61
54de7e50-6920-400e-9cdc-be2c70b5cae8,2026-03-09,1,49.99,49.99,49.99
54de7e50-6920-400e-9cdc-be2c70b5cae8,2026-03-16,1,32,32,32
54de7e50-6920-400e-9cdc-be2c70b5cae8,2026-04-13,1,28.8,28.8,28.8
54de7e50-6920-400e-9cdc-be2c70b5cae8,2026-04-20,2,28.75,22.5,35
54de7e50-6920-400e-9cdc-be2c70b5cae8,2026-04-27,1,31,31,31
54de7e50-6920-400e-9cdc-be2c70b5cae8,2026-05-04,1,39.99,39.99,39.99
54de7e50-6920-400e-9cdc-be2c70b5cae8,2026-06-08,1,39.99,39.99,39.99
54de7e50-6920-400e-9cdc-be2c70b5cae8,2026-06-22,1,39,39,39
54de7e50-6920-400e-9cdc-be2c70b5cae8,2026-07-06,1,33.99,33.99,33.99
54de7e50-6920-400e-9cdc-be2c70b5cae8,2026-07-27,2,35.5,33.99,37
54decb69-a898-4549-ba68-dceabe7dcfae,2026-03-09,2,675,615,735
54decb69-a898-4549-ba68-dceabe7dcfae,2026-03-16,2,615,600,630
54decb69-a898-4549-ba68-dceabe7dcfae,2026-03-23,3,750,661.01,800
54decb69-a898-4549-ba68-dceabe7dcfae,2026-03-30,11,700,610,775
54decb69-a898-4549-ba68-dceabe7dcfae,2026-04-06,2,622.5,600,645
54decb69-a898-4549-ba68-dceabe7dcfae,2026-04-13,6,672.5,642.82,730
54decb69-a898-4549-ba68-dceabe7dcfae,2026-04-20,9,750,654.58,819.99
54decb69-a898-4549-ba68-dceabe7dcfae,2026-04-27,7,697.04,630,800
54decb69-a898-4549-ba68-dceabe7dcfae,2026-05-04,6,809.83,750,899.99
54decb69-a898-4549-ba68-dceabe7dcfae,2026-05-11,4,800,770,1000
54decb69-a898-4549-ba68-dceabe7dcfae,2026-05-18,2,761.11,712.22,810
54decb69-a898-4549-ba68-dceabe7dcfae,2026-05-25,9,770,601.75,850
54decb69-a898-4549-ba68-dceabe7dcfae,2026-06-01,7,700,655,849.98
54decb69-a898-4549-ba68-dceabe7dcfae,2026-06-08,6,679.5,609,800
54decb69-a898-4549-ba68-dceabe7dcfae,2026-06-15,5,690,660,727.96
54decb69-a898-4549-ba68-dceabe7dcfae,2026-06-22,15,600,405,779.99
54decb69-a898-4549-ba68-dceabe7dcfae,2026-06-29,10,570.75,512,634.14
54decb69-a898-4549-ba68-dceabe7dcfae,2026-07-06,16,555,495,700
54decb69-a898-4549-ba68-dceabe7dcfae,2026-07-13,3,545,456.43,566.38
54decb69-a898-4549-ba68-dceabe7dcfae,2026-07-20,11,580,456,681.44
54decb69-a898-4549-ba68-dceabe7dcfae,2026-07-27,8,561.46,472.8,660.91
54decb69-a898-4549-ba68-dceabe7dcfae,2026-08-03,8,557.64,499.99,630
54decb69-a898-4549-ba68-dceabe7dcfae,2026-08-10,10,550.51,468,599
54decb69-a898-4549-ba68-dceabe7dcfae,2026-08-17,12,582.3,480.46,620
54decb69-a898-4549-ba68-dceabe7dcfae,2026-08-24,4,575,468,660
54decb69-a898-4549-ba68-dceabe7dcfae,2026-08-31,6,520,420,555
54decb69-a898-4549-ba68-dceabe7dcfae,2026-09-07,5,500,499.99,761.09
54df3716-b784-4664-b46f-6cccbaa9b9f4,2026-08-17,1,60,60,60
54df4c13-adb9-43b6-9c78-04bf2e163750,2024-02-26,1,50,50,50
54df4c13-adb9-43b6-9c78-04bf2e163750,2024-04-22,1,42,42,42
54df4c13-adb9-43b6-9c78-04bf2e163750,2024-07-08,1,15,15,15
54df4c13-adb9-43b6-9c78-04bf2e163750,2024-07-29,1,43.5,43.5,43.5
54df4c13-adb9-43b6-9c78-04bf2e163750,2025-06-09,1,60,60,60
54df4c13-adb9-43b6-9c78-04bf2e163750,2026-05-11,1,200,200,200
54e026b0-4671-4dfe-b29d-c43361a0587d,2024-02-19,2,29.25,23.5,35
54e026b0-4671-4dfe-b29d-c43361a0587d,2024-02-26,1,32.01,32.01,32.01
54e026b0-4671-4dfe-b29d-c43361a0587d,2024-03-11,3,30,20,40
54e026b0-4671-4dfe-b29d-c43361a0587d,2024-04-01,2,32.61,25.21,40
54e026b0-4671-4dfe-b29d-c43361a0587d,2024-04-29,1,22.5,22.5,22.5
54e026b0-4671-4dfe-b29d-c43361a0587d,2024-05-06,1,10.5,10.5,10.5
54e026b0-4671-4dfe-b29d-c43361a0587d,2024-05-20,1,23,23,23
54e026b0-4671-4dfe-b29d-c43361a0587d,2024-06-03,2,25.02,22.8,27.25
54e026b0-4671-4dfe-b29d-c43361a0587d,2024-06-10,2,20,19.5,20.5
54e026b0-4671-4dfe-b29d-c43361a0587d,2024-06-17,1,22.8,22.8,22.8
54e026b0-4671-4dfe-b29d-c43361a0587d,2024-06-24,1,29.21,29.21,29.21
54e026b0-4671-4dfe-b29d-c43361a0587d,2024-07-22,1,46.25,46.25,46.25
54e026b0-4671-4dfe-b29d-c43361a0587d,2024-07-29,1,25,25,25
54e026b0-4671-4dfe-b29d-c43361a0587d,2024-08-05,1,35,35,35
54e026b0-4671-4dfe-b29d-c43361a0587d,2024-08-12,1,20.5,20.5,20.5
54e026b0-4671-4dfe-b29d-c43361a0587d,2024-09-09,1,20.5,20.5,20.5
54e026b0-4671-4dfe-b29d-c43361a0587d,2024-09-16,1,24.5,24.5,24.5
54e026b0-4671-4dfe-b29d-c43361a0587d,2024-10-07,1,20,20,20
54e026b0-4671-4dfe-b29d-c43361a0587d,2024-10-21,1,17.5,17.5,17.5
54e026b0-4671-4dfe-b29d-c43361a0587d,2024-10-28,1,50,50,50
54e026b0-4671-4dfe-b29d-c43361a0587d,2024-11-11,3,40.41,35.99,42.54
54e026b0-4671-4dfe-b29d-c43361a0587d,2024-11-25,2,35,30,40
54e026b0-4671-4dfe-b29d-c43361a0587d,2024-12-02,1,31.01,31.01,31.01
54e026b0-4671-4dfe-b29d-c43361a0587d,2024-12-09,1,27,27,27
54e026b0-4671-4dfe-b29d-c43361a0587d,2024-12-23,1,30,30,30
54e026b0-4671-4dfe-b29d-c43361a0587d,2025-01-06,2,40.5,39,42
54e026b0-4671-4dfe-b29d-c43361a0587d,2025-01-13,2,32.99,29.99,36
54e026b0-4671-4dfe-b29d-c43361a0587d,2025-01-20,1,34,34,34
54e026b0-4671-4dfe-b29d-c43361a0587d,2025-02-10,1,39.99,39.99,39.99
54e026b0-4671-4dfe-b29d-c43361a0587d,2025-02-17,5,38.99,33,56.99
54e026b0-4671-4dfe-b29d-c43361a0587d,2025-03-03,4,35.48,29.79,41
54e026b0-4671-4dfe-b29d-c43361a0587d,2025-03-10,4,38.9,30,54.59
54e026b0-4671-4dfe-b29d-c43361a0587d,2025-03-17,2,35.5,31,40
54e026b0-4671-4dfe-b29d-c43361a0587d,2025-03-24,1,35,35,35
54e026b0-4671-4dfe-b29d-c43361a0587d,2025-03-31,1,28,28,28
54e026b0-4671-4dfe-b29d-c43361a0587d,2025-04-07,1,27,27,27
54e026b0-4671-4dfe-b29d-c43361a0587d,2025-04-14,2,37.89,35,40.78
54e026b0-4671-4dfe-b29d-c43361a0587d,2025-04-21,1,28,28,28
54e026b0-4671-4dfe-b29d-c43361a0587d,2025-04-28,3,32,32,36
54e026b0-4671-4dfe-b29d-c43361a0587d,2025-05-12,2,65.38,50,80.75
54e026b0-4671-4dfe-b29d-c43361a0587d,2025-05-19,2,25.5,22,29
54e026b0-4671-4dfe-b29d-c43361a0587d,2025-06-02,3,37,35,53.99
54e026b0-4671-4dfe-b29d-c43361a0587d,2025-06-09,2,28.45,22.5,34.4
54e026b0-4671-4dfe-b29d-c43361a0587d,2025-06-16,2,35.88,34.75,37
54e026b0-4671-4dfe-b29d-c43361a0587d,2025-06-30,2,43.81,38,49.62
54e026b0-4671-4dfe-b29d-c43361a0587d,2025-07-07,3,35.29,32,39.95
54e026b0-4671-4dfe-b29d-c43361a0587d,2025-07-14,1,40,40,40
54e026b0-4671-4dfe-b29d-c43361a0587d,2025-07-21,2,57.5,38.99,76
54e026b0-4671-4dfe-b29d-c43361a0587d,2025-08-11,1,39.25,39.25,39.25
54e026b0-4671-4dfe-b29d-c43361a0587d,2025-08-18,3,38.98,33,45
54e026b0-4671-4dfe-b29d-c43361a0587d,2025-08-25,1,48,48,48
54e026b0-4671-4dfe-b29d-c43361a0587d,2025-09-01,3,49.99,45,56
54e026b0-4671-4dfe-b29d-c43361a0587d,2025-09-08,3,45,43,50
54e026b0-4671-4dfe-b29d-c43361a0587d,2025-09-15,1,46.02,46.02,46.02
54e026b0-4671-4dfe-b29d-c43361a0587d,2025-09-22,2,80.75,61.5,100
54e026b0-4671-4dfe-b29d-c43361a0587d,2025-10-06,1,61,61,61
54e026b0-4671-4dfe-b29d-c43361a0587d,2025-10-20,1,99,99,99
54e026b0-4671-4dfe-b29d-c43361a0587d,2025-10-27,3,68.95,66,90.01
54e026b0-4671-4dfe-b29d-c43361a0587d,2025-11-03,2,65,65,65
54e026b0-4671-4dfe-b29d-c43361a0587d,2025-11-10,1,55,55,55
54e026b0-4671-4dfe-b29d-c43361a0587d,2025-11-17,1,38,38,38
54e026b0-4671-4dfe-b29d-c43361a0587d,2025-11-24,2,49,43,55
54e026b0-4671-4dfe-b29d-c43361a0587d,2025-12-01,1,65,65,65
54e026b0-4671-4dfe-b29d-c43361a0587d,2025-12-08,1,60,60,60
54e026b0-4671-4dfe-b29d-c43361a0587d,2025-12-15,3,60.21,46,64.99
54e026b0-4671-4dfe-b29d-c43361a0587d,2025-12-22,3,63.4,46,70.49
54e026b0-4671-4dfe-b29d-c43361a0587d,2025-12-29,4,61.7,55,68.99
54e026b0-4671-4dfe-b29d-c43361a0587d,2026-01-12,2,62.47,59.95,64.99
54e026b0-4671-4dfe-b29d-c43361a0587d,2026-01-26,1,150,150,150
54e026b0-4671-4dfe-b29d-c43361a0587d,2026-02-02,1,64.99,64.99,64.99
54e026b0-4671-4dfe-b29d-c43361a0587d,2026-02-16,2,70.5,64.99,76
54e026b0-4671-4dfe-b29d-c43361a0587d,2026-02-23,2,69,68,70
54e026b0-4671-4dfe-b29d-c43361a0587d,2026-03-02,2,87.55,85,90.09
54e026b0-4671-4dfe-b29d-c43361a0587d,2026-03-09,3,125,88.8,127.36
54e026b0-4671-4dfe-b29d-c43361a0587d,2026-03-16,3,135,100,189.94
54e026b0-4671-4dfe-b29d-c43361a0587d,2026-03-23,3,95,87.18,206.1
54e026b0-4671-4dfe-b29d-c43361a0587d,2026-03-30,1,100,100,100
54e026b0-4671-4dfe-b29d-c43361a0587d,2026-04-06,3,124.99,65.43,125
54e026b0-4671-4dfe-b29d-c43361a0587d,2026-04-13,5,85.5,75,91
54e026b0-4671-4dfe-b29d-c43361a0587d,2026-04-20,2,96.5,95,98
54e026b0-4671-4dfe-b29d-c43361a0587d,2026-05-04,2,125.25,120.5,130
54e026b0-4671-4dfe-b29d-c43361a0587d,2026-05-11,1,110,110,110
54e026b0-4671-4dfe-b29d-c43361a0587d,2026-06-01,4,122.5,86,131
54e026b0-4671-4dfe-b29d-c43361a0587d,2026-06-08,4,125,120,145
54e026b0-4671-4dfe-b29d-c43361a0587d,2026-06-15,1,142.64,142.64,142.64
54e026b0-4671-4dfe-b29d-c43361a0587d,2026-07-13,3,100,89,115
54e026b0-4671-4dfe-b29d-c43361a0587d,2026-07-27,1,108.5,108.5,108.5
54e026b0-4671-4dfe-b29d-c43361a0587d,2026-08-03,3,120,113.5,129
54e026b0-4671-4dfe-b29d-c43361a0587d,2026-08-10,2,128.37,115,141.73
54e026b0-4671-4dfe-b29d-c43361a0587d,2026-08-17,3,123.5,85,135
54e026b0-4671-4dfe-b29d-c43361a0587d,2026-08-24,4,118,110,122.5
54e026b0-4671-4dfe-b29d-c43361a0587d,2026-08-31,1,122,122,122
54e026b0-4671-4dfe-b29d-c43361a0587d,2026-09-07,2,129.99,129.99,129.99
54e0414b-a09b-48dc-b3a2-a0abcdfc0481,2022-12-12,1,62.49,62.49,62.49
54e0414b-a09b-48dc-b3a2-a0abcdfc0481,2025-12-08,1,38.75,38.75,38.75
54e0414b-a09b-48dc-b3a2-a0abcdfc0481,2026-02-02,1,85,85,85
54e0414b-a09b-48dc-b3a2-a0abcdfc0481,2026-03-30,1,125,125,125
54e0414b-a09b-48dc-b3a2-a0abcdfc0481,2026-05-04,1,38.38,38.38,38.38
54e0414b-a09b-48dc-b3a2-a0abcdfc0481,2026-05-18,1,77,77,77
54e0e343-fc74-41ae-bbe4-78ff36e589c3,2026-02-02,6,317.5,300,349.99
54e0e343-fc74-41ae-bbe4-78ff36e589c3,2026-02-09,7,310,288,360
54e0e343-fc74-41ae-bbe4-78ff36e589c3,2026-02-16,7,310,264,351
54e0e343-fc74-41ae-bbe4-78ff36e589c3,2026-02-23,8,332.5,275,375
54e0e343-fc74-41ae-bbe4-78ff36e589c3,2026-03-02,7,313,266.4,375
54e0e343-fc74-41ae-bbe4-78ff36e589c3,2026-03-09,5,339,306.15,360
54e0e343-fc74-41ae-bbe4-78ff36e589c3,2026-03-16,7,329.99,300,350
54e0e343-fc74-41ae-bbe4-78ff36e589c3,2026-03-23,6,337.5,300,365
54e0e343-fc74-41ae-bbe4-78ff36e589c3,2026-03-30,6,350,325,362
54e0e343-fc74-41ae-bbe4-78ff36e589c3,2026-04-06,5,360,324,375
54e0e343-fc74-41ae-bbe4-78ff36e589c3,2026-04-13,10,363,340,389
54e0e343-fc74-41ae-bbe4-78ff36e589c3,2026-04-20,6,339,312,401.43
54e0e343-fc74-41ae-bbe4-78ff36e589c3,2026-04-27,5,370,360,385
54e0e343-fc74-41ae-bbe4-78ff36e589c3,2026-05-04,13,390,365,400
54e0e343-fc74-41ae-bbe4-78ff36e589c3,2026-05-11,11,420,345.68,450
54e0e343-fc74-41ae-bbe4-78ff36e589c3,2026-05-18,5,432,410,495
54e0e343-fc74-41ae-bbe4-78ff36e589c3,2026-05-25,7,450,394.25,499.99
54e0e343-fc74-41ae-bbe4-78ff36e589c3,2026-06-01,6,475,465.34,500
54e0e343-fc74-41ae-bbe4-78ff36e589c3,2026-06-08,6,448,432,519.95
54e0e343-fc74-41ae-bbe4-78ff36e589c3,2026-06-15,5,408,349.99,499.99
54e0e343-fc74-41ae-bbe4-78ff36e589c3,2026-06-22,4,462.5,440,515
54e0e343-fc74-41ae-bbe4-78ff36e589c3,2026-06-29,2,440,439.99,440
54e0e343-fc74-41ae-bbe4-78ff36e589c3,2026-07-06,5,430,360,445
54e0e343-fc74-41ae-bbe4-78ff36e589c3,2026-07-13,5,420,407.81,475
54e0e343-fc74-41ae-bbe4-78ff36e589c3,2026-07-20,3,395,372,420
54e0e343-fc74-41ae-bbe4-78ff36e589c3,2026-07-27,7,410,331.2,440
54e0e343-fc74-41ae-bbe4-78ff36e589c3,2026-08-03,7,406,336,424.99
54e0e343-fc74-41ae-bbe4-78ff36e589c3,2026-08-10,9,439.99,410,507.68
54e0e343-fc74-41ae-bbe4-78ff36e589c3,2026-08-17,2,382,324,440
54e0e343-fc74-41ae-bbe4-78ff36e589c3,2026-08-24,6,399.5,372,436.97
54e0e343-fc74-41ae-bbe4-78ff36e589c3,2026-08-31,5,415,300,456
54e0e343-fc74-41ae-bbe4-78ff36e589c3,2026-09-07,1,385.92,385.92,385.92
54e49095-508d-44a7-87e2-755424722cc2,2023-11-27,1,37.95,37.95,37.95
54e49095-508d-44a7-87e2-755424722cc2,2023-12-18,1,34.99,34.99,34.99
54e49095-508d-44a7-87e2-755424722cc2,2024-02-26,1,34.99,34.99,34.99
54e49095-508d-44a7-87e2-755424722cc2,2024-05-06,1,39.99,39.99,39.99
54e49095-508d-44a7-87e2-755424722cc2,2024-06-24,1,34.95,34.95,34.95
54e49095-508d-44a7-87e2-755424722cc2,2024-07-01,2,26.5,13,39.99
54e49095-508d-44a7-87e2-755424722cc2,2024-07-29,1,19.99,19.99,19.99
54e49095-508d-44a7-87e2-755424722cc2,2024-11-04,1,25,25,25
54e49095-508d-44a7-87e2-755424722cc2,2025-01-13,1,33,33,33
54e49095-508d-44a7-87e2-755424722cc2,2025-03-10,1,24,24,24
54e49095-508d-44a7-87e2-755424722cc2,2025-05-26,1,56.73,56.73,56.73
54e49095-508d-44a7-87e2-755424722cc2,2025-06-30,1,49.99,49.99,49.99
54e49095-508d-44a7-87e2-755424722cc2,2025-08-25,1,49.99,49.99,49.99
54e49095-508d-44a7-87e2-755424722cc2,2026-03-30,1,78.95,78.95,78.95
54e49095-508d-44a7-87e2-755424722cc2,2026-04-06,1,66,66,66
54e49095-508d-44a7-87e2-755424722cc2,2026-04-27,1,79,79,79
54e49095-508d-44a7-87e2-755424722cc2,2026-05-04,1,42,42,42
54e49095-508d-44a7-87e2-755424722cc2,2026-06-15,1,80,80,80
54e49095-508d-44a7-87e2-755424722cc2,2026-06-22,1,73.28,73.28,73.28
54e49095-508d-44a7-87e2-755424722cc2,2026-08-31,1,180,180,180
54e9742f-aebb-45c6-82c7-14a6136cf2b9,2021-03-15,1,120.55,120.55,120.55
54e9742f-aebb-45c6-82c7-14a6136cf2b9,2021-06-21,3,103.5,73,146.5
54e9742f-aebb-45c6-82c7-14a6136cf2b9,2021-07-05,1,84,84,84
54e9742f-aebb-45c6-82c7-14a6136cf2b9,2021-07-19,1,75,75,75
54e9742f-aebb-45c6-82c7-14a6136cf2b9,2021-11-01,1,130,130,130
54e9742f-aebb-45c6-82c7-14a6136cf2b9,2021-12-06,1,129.99,129.99,129.99
54e9742f-aebb-45c6-82c7-14a6136cf2b9,2021-12-27,1,100,100,100
54e9742f-aebb-45c6-82c7-14a6136cf2b9,2022-01-03,1,129.99,129.99,129.99
54e9742f-aebb-45c6-82c7-14a6136cf2b9,2022-02-14,1,60,60,60
54e9742f-aebb-45c6-82c7-14a6136cf2b9,2022-04-25,1,124.99,124.99,124.99
54e9742f-aebb-45c6-82c7-14a6136cf2b9,2022-07-11,1,129.99,129.99,129.99
54e9742f-aebb-45c6-82c7-14a6136cf2b9,2022-07-25,1,64.22,64.22,64.22
54e9742f-aebb-45c6-82c7-14a6136cf2b9,2022-08-15,1,70,70,70
54e9742f-aebb-45c6-82c7-14a6136cf2b9,2022-09-12,1,54.5,54.5,54.5
54e9742f-aebb-45c6-82c7-14a6136cf2b9,2022-12-05,1,56,56,56
54e9742f-aebb-45c6-82c7-14a6136cf2b9,2022-12-26,1,74.55,74.55,74.55
54e9742f-aebb-45c6-82c7-14a6136cf2b9,2023-02-06,1,89,89,89
54e9742f-aebb-45c6-82c7-14a6136cf2b9,2023-03-13,1,32.21,32.21,32.21
54e9742f-aebb-45c6-82c7-14a6136cf2b9,2023-04-03,1,50,50,50
54e9742f-aebb-45c6-82c7-14a6136cf2b9,2023-04-17,1,61,61,61
54e9742f-aebb-45c6-82c7-14a6136cf2b9,2023-05-29,1,58,58,58
54e9742f-aebb-45c6-82c7-14a6136cf2b9,2023-07-24,2,51,42,59.99
54e9742f-aebb-45c6-82c7-14a6136cf2b9,2023-08-07,1,59.95,59.95,59.95
54e9742f-aebb-45c6-82c7-14a6136cf2b9,2023-09-04,1,42,42,42
54e9742f-aebb-45c6-82c7-14a6136cf2b9,2023-11-06,1,41,41,41
54e9742f-aebb-45c6-82c7-14a6136cf2b9,2023-12-11,1,60,60,60
54e9742f-aebb-45c6-82c7-14a6136cf2b9,2024-01-15,1,42,42,42
54e9742f-aebb-45c6-82c7-14a6136cf2b9,2024-01-29,1,50,50,50
54e9742f-aebb-45c6-82c7-14a6136cf2b9,2024-02-12,1,54.99,54.99,54.99
54e9742f-aebb-45c6-82c7-14a6136cf2b9,2024-02-26,1,36,36,36
54e9742f-aebb-45c6-82c7-14a6136cf2b9,2024-03-11,1,29,29,29
54e9742f-aebb-45c6-82c7-14a6136cf2b9,2024-06-10,1,45,45,45
54e9742f-aebb-45c6-82c7-14a6136cf2b9,2024-07-01,1,46.99,46.99,46.99
54e9742f-aebb-45c6-82c7-14a6136cf2b9,2024-07-15,1,27,27,27
54e9742f-aebb-45c6-82c7-14a6136cf2b9,2024-09-02,1,25,25,25
54e9742f-aebb-45c6-82c7-14a6136cf2b9,2024-10-14,1,40,40,40
54e9742f-aebb-45c6-82c7-14a6136cf2b9,2024-10-21,1,39,39,39
54e9742f-aebb-45c6-82c7-14a6136cf2b9,2024-11-11,1,49.99,49.99,49.99
54e9742f-aebb-45c6-82c7-14a6136cf2b9,2024-11-25,1,31,31,31
54e9742f-aebb-45c6-82c7-14a6136cf2b9,2024-12-16,1,21.5,21.5,21.5
54e9742f-aebb-45c6-82c7-14a6136cf2b9,2024-12-30,1,47,47,47
54e9742f-aebb-45c6-82c7-14a6136cf2b9,2025-02-03,1,64.99,64.99,64.99
54e9742f-aebb-45c6-82c7-14a6136cf2b9,2025-03-24,1,64.99,64.99,64.99
54e9742f-aebb-45c6-82c7-14a6136cf2b9,2025-04-21,1,55,55,55
54e9742f-aebb-45c6-82c7-14a6136cf2b9,2025-09-15,1,65,65,65
54e9742f-aebb-45c6-82c7-14a6136cf2b9,2025-09-29,1,68.5,68.5,68.5
54e9742f-aebb-45c6-82c7-14a6136cf2b9,2025-10-06,1,100.35,100.35,100.35
54e9742f-aebb-45c6-82c7-14a6136cf2b9,2026-01-19,1,101,101,101
54e9742f-aebb-45c6-82c7-14a6136cf2b9,2026-02-02,2,113,101,125
54e9742f-aebb-45c6-82c7-14a6136cf2b9,2026-02-23,1,101,101,101
54e9742f-aebb-45c6-82c7-14a6136cf2b9,2026-03-02,1,99,99,99
54e9742f-aebb-45c6-82c7-14a6136cf2b9,2026-03-09,1,101,101,101
54e9742f-aebb-45c6-82c7-14a6136cf2b9,2026-06-01,1,129.99,129.99,129.99
54e99c82-cd28-4d9e-a04d-4543fe2c96a8,2025-07-07,1,30,30,30
54e99c82-cd28-4d9e-a04d-4543fe2c96a8,2025-07-28,1,22.5,22.5,22.5
54e99c82-cd28-4d9e-a04d-4543fe2c96a8,2025-09-29,1,25,25,25
54e99c82-cd28-4d9e-a04d-4543fe2c96a8,2026-03-30,1,62.4,62.4,62.4
54e99c82-cd28-4d9e-a04d-4543fe2c96a8,2026-04-13,1,51,51,51
54e99c82-cd28-4d9e-a04d-4543fe2c96a8,2026-05-18,1,54.95,54.95,54.95
54ea3e17-205c-48ec-957f-bf9b8e9c7fe3,2023-01-23,1,6000,6000,6000
54ea3e17-205c-48ec-957f-bf9b8e9c7fe3,2023-02-13,1,3125,3125,3125
54ea3e17-205c-48ec-957f-bf9b8e9c7fe3,2023-06-12,1,2250,2250,2250
54ea3e17-205c-48ec-957f-bf9b8e9c7fe3,2026-08-24,2,68500,35000,102000
54ebc5b2-ecee-4999-af2d-b2110fbeb26e,2026-08-17,1,59.99,59.99,59.99
54ec4561-dbde-45a8-90cd-4432c51241d7,2021-10-25,1,33,33,33
54ec4561-dbde-45a8-90cd-4432c51241d7,2023-05-08,1,36,36,36
54ec4561-dbde-45a8-90cd-4432c51241d7,2023-07-31,1,18.01,18.01,18.01
54ec4561-dbde-45a8-90cd-4432c51241d7,2023-08-28,1,59.99,59.99,59.99
54ec4561-dbde-45a8-90cd-4432c51241d7,2023-10-16,1,28.8,28.8,28.8
54ec4561-dbde-45a8-90cd-4432c51241d7,2023-10-23,1,25.2,25.2,25.2
54ec4561-dbde-45a8-90cd-4432c51241d7,2023-12-11,1,24,24,24
54ec4561-dbde-45a8-90cd-4432c51241d7,2024-04-29,1,44,44,44
54ec4561-dbde-45a8-90cd-4432c51241d7,2024-05-13,1,70,70,70
54ec4561-dbde-45a8-90cd-4432c51241d7,2024-05-27,1,19.95,19.95,19.95
54ec4561-dbde-45a8-90cd-4432c51241d7,2025-02-17,1,31.2,31.2,31.2
54ec4561-dbde-45a8-90cd-4432c51241d7,2025-03-17,1,70,70,70
54ec4561-dbde-45a8-90cd-4432c51241d7,2025-09-29,2,72.5,70,75
54ec4561-dbde-45a8-90cd-4432c51241d7,2025-10-20,1,75,75,75
54ec4561-dbde-45a8-90cd-4432c51241d7,2026-08-03,1,144,144,144
54ec4561-dbde-45a8-90cd-4432c51241d7,2026-08-17,1,249.99,249.99,249.99
54ec4561-dbde-45a8-90cd-4432c51241d7,2026-08-24,1,168,168,168
54ec63f1-04b9-4114-b8f5-36d67af0f969,2023-09-11,1,34.99,34.99,34.99
54ec63f1-04b9-4114-b8f5-36d67af0f969,2023-09-18,1,20.5,20.5,20.5
54ec63f1-04b9-4114-b8f5-36d67af0f969,2024-02-12,1,24.99,24.99,24.99
54ec63f1-04b9-4114-b8f5-36d67af0f969,2024-04-01,1,18.3,18.3,18.3
54ec63f1-04b9-4114-b8f5-36d67af0f969,2024-04-22,1,9.5,9.5,9.5
54ec63f1-04b9-4114-b8f5-36d67af0f969,2024-06-17,1,15.5,15.5,15.5
54ec63f1-04b9-4114-b8f5-36d67af0f969,2024-07-29,2,17.25,16.5,18
54ec63f1-04b9-4114-b8f5-36d67af0f969,2024-10-07,2,16,15.5,16.5
54ec63f1-04b9-4114-b8f5-36d67af0f969,2024-11-04,1,14.99,14.99,14.99
54ec63f1-04b9-4114-b8f5-36d67af0f969,2025-02-10,1,27.99,27.99,27.99
54ec63f1-04b9-4114-b8f5-36d67af0f969,2025-02-24,1,18.5,18.5,18.5
54ec63f1-04b9-4114-b8f5-36d67af0f969,2025-03-17,1,22,22,22
54ec63f1-04b9-4114-b8f5-36d67af0f969,2025-04-28,1,17.5,17.5,17.5
54ec63f1-04b9-4114-b8f5-36d67af0f969,2025-07-21,2,24.75,24.5,25
54ec63f1-04b9-4114-b8f5-36d67af0f969,2025-08-11,1,23.74,23.74,23.74
54ec63f1-04b9-4114-b8f5-36d67af0f969,2025-12-29,1,35,35,35
54ec63f1-04b9-4114-b8f5-36d67af0f969,2026-07-13,3,49.99,44.99,60
54ec63f1-04b9-4114-b8f5-36d67af0f969,2026-08-10,1,32,32,32
54ef21ec-f450-4afe-a1c9-39b7339a3e25,2021-09-06,1,150,150,150
54ef21ec-f450-4afe-a1c9-39b7339a3e25,2022-03-07,1,401,401,401
54ef21ec-f450-4afe-a1c9-39b7339a3e25,2022-07-11,1,129.99,129.99,129.99
54ef21ec-f450-4afe-a1c9-39b7339a3e25,2022-07-25,1,143.5,143.5,143.5
54ef21ec-f450-4afe-a1c9-39b7339a3e25,2022-09-05,1,159.38,159.38,159.38
54ef21ec-f450-4afe-a1c9-39b7339a3e25,2022-09-19,1,177.5,177.5,177.5
54ef21ec-f450-4afe-a1c9-39b7339a3e25,2022-09-26,1,160,160,160
54ef21ec-f450-4afe-a1c9-39b7339a3e25,2022-11-07,1,204.19,204.19,204.19
54ef21ec-f450-4afe-a1c9-39b7339a3e25,2023-01-23,2,153.5,140.5,166.5
54ef21ec-f450-4afe-a1c9-39b7339a3e25,2023-01-30,1,127.5,127.5,127.5
54ef21ec-f450-4afe-a1c9-39b7339a3e25,2023-03-13,1,136,136,136
54ef21ec-f450-4afe-a1c9-39b7339a3e25,2023-03-20,2,140.95,130,151.9
54ef21ec-f450-4afe-a1c9-39b7339a3e25,2023-04-03,1,100.56,100.56,100.56
54ef21ec-f450-4afe-a1c9-39b7339a3e25,2023-04-24,1,112.5,112.5,112.5
54ef21ec-f450-4afe-a1c9-39b7339a3e25,2023-05-29,1,129.99,129.99,129.99
54ef21ec-f450-4afe-a1c9-39b7339a3e25,2023-09-04,1,99.99,99.99,99.99
54ef21ec-f450-4afe-a1c9-39b7339a3e25,2023-09-11,1,115,115,115
54ef21ec-f450-4afe-a1c9-39b7339a3e25,2023-10-02,1,98.4,98.4,98.4
54ef21ec-f450-4afe-a1c9-39b7339a3e25,2023-11-27,2,85,84.99,85
54ef21ec-f450-4afe-a1c9-39b7339a3e25,2023-12-25,1,69.99,69.99,69.99
54ef21ec-f450-4afe-a1c9-39b7339a3e25,2024-01-01,1,75,75,75
54ef21ec-f450-4afe-a1c9-39b7339a3e25,2024-02-26,1,89.99,89.99,89.99
54ef21ec-f450-4afe-a1c9-39b7339a3e25,2024-03-18,1,75.99,75.99,75.99
54ef21ec-f450-4afe-a1c9-39b7339a3e25,2024-04-08,1,90,90,90
54ef21ec-f450-4afe-a1c9-39b7339a3e25,2024-04-22,1,93.6,93.6,93.6
54ef21ec-f450-4afe-a1c9-39b7339a3e25,2024-06-17,2,54.99,34,75.99
54ef21ec-f450-4afe-a1c9-39b7339a3e25,2024-07-08,1,67,67,67
54ef21ec-f450-4afe-a1c9-39b7339a3e25,2024-07-29,1,66,66,66
54ef21ec-f450-4afe-a1c9-39b7339a3e25,2024-08-05,1,55,55,55
54ef21ec-f450-4afe-a1c9-39b7339a3e25,2024-08-26,1,65.66,65.66,65.66
54ef21ec-f450-4afe-a1c9-39b7339a3e25,2024-09-02,1,75,75,75
54ef21ec-f450-4afe-a1c9-39b7339a3e25,2024-10-14,1,71,71,71
54ef21ec-f450-4afe-a1c9-39b7339a3e25,2024-10-21,1,99.99,99.99,99.99
54ef21ec-f450-4afe-a1c9-39b7339a3e25,2024-12-30,1,79.32,79.32,79.32
54ef21ec-f450-4afe-a1c9-39b7339a3e25,2025-01-20,1,56,56,56
54ef21ec-f450-4afe-a1c9-39b7339a3e25,2025-02-24,1,79,79,79
54ef21ec-f450-4afe-a1c9-39b7339a3e25,2025-03-03,1,104.99,104.99,104.99
54ef21ec-f450-4afe-a1c9-39b7339a3e25,2025-03-17,1,85,85,85
54ef21ec-f450-4afe-a1c9-39b7339a3e25,2025-03-31,1,64.8,64.8,64.8
54ef21ec-f450-4afe-a1c9-39b7339a3e25,2025-04-14,1,92.88,92.88,92.88
54ef21ec-f450-4afe-a1c9-39b7339a3e25,2025-04-28,1,76,76,76
54ef21ec-f450-4afe-a1c9-39b7339a3e25,2025-06-09,1,88.82,88.82,88.82
54ef21ec-f450-4afe-a1c9-39b7339a3e25,2025-06-23,1,99.99,99.99,99.99
54ef21ec-f450-4afe-a1c9-39b7339a3e25,2025-06-30,1,95,95,95
54ef21ec-f450-4afe-a1c9-39b7339a3e25,2025-07-21,1,87,87,87
54ef21ec-f450-4afe-a1c9-39b7339a3e25,2025-08-18,1,105.5,105.5,105.5
54ef21ec-f450-4afe-a1c9-39b7339a3e25,2025-08-25,1,106.24,106.24,106.24
54ef21ec-f450-4afe-a1c9-39b7339a3e25,2025-09-01,3,124.99,101.99,149.99
54ef21ec-f450-4afe-a1c9-39b7339a3e25,2025-10-06,1,158.89,158.89,158.89
54ef21ec-f450-4afe-a1c9-39b7339a3e25,2025-10-13,1,140,140,140
54ef21ec-f450-4afe-a1c9-39b7339a3e25,2025-11-03,1,86,86,86
54ef21ec-f450-4afe-a1c9-39b7339a3e25,2025-11-24,1,101,101,101
54ef21ec-f450-4afe-a1c9-39b7339a3e25,2025-12-15,1,110,110,110
54ef21ec-f450-4afe-a1c9-39b7339a3e25,2025-12-22,1,100,100,100
54ef21ec-f450-4afe-a1c9-39b7339a3e25,2026-01-05,2,170.5,156,185
54ef21ec-f450-4afe-a1c9-39b7339a3e25,2026-01-12,1,171.38,171.38,171.38
54ef21ec-f450-4afe-a1c9-39b7339a3e25,2026-01-26,2,211,202,220
54ef21ec-f450-4afe-a1c9-39b7339a3e25,2026-02-16,1,197.85,197.85,197.85
54ef21ec-f450-4afe-a1c9-39b7339a3e25,2026-03-16,1,285,285,285
54ef21ec-f450-4afe-a1c9-39b7339a3e25,2026-03-23,1,324,324,324
54ef21ec-f450-4afe-a1c9-39b7339a3e25,2026-04-06,2,437.5,425,450
54ef21ec-f450-4afe-a1c9-39b7339a3e25,2026-04-13,1,450,450,450
54ef21ec-f450-4afe-a1c9-39b7339a3e25,2026-04-20,1,600,600,600
54ef21ec-f450-4afe-a1c9-39b7339a3e25,2026-04-27,1,504,504,504
54ef21ec-f450-4afe-a1c9-39b7339a3e25,2026-05-04,2,530.5,485,576
54ef21ec-f450-4afe-a1c9-39b7339a3e25,2026-05-18,3,465,445,650
54ef21ec-f450-4afe-a1c9-39b7339a3e25,2026-06-01,2,486,480,492
54ef21ec-f450-4afe-a1c9-39b7339a3e25,2026-06-08,1,511,511,511
54ef21ec-f450-4afe-a1c9-39b7339a3e25,2026-07-20,2,620.82,541.64,700
54ef21ec-f450-4afe-a1c9-39b7339a3e25,2026-08-17,1,449,449,449
54ef21ec-f450-4afe-a1c9-39b7339a3e25,2026-08-31,1,565,565,565
54ef21ec-f450-4afe-a1c9-39b7339a3e25,2026-09-07,1,561,561,561
54efface-8b18-4a77-bac7-94d9807b0b26,2021-03-15,2,87.47,74.95,100
54efface-8b18-4a77-bac7-94d9807b0b26,2021-03-29,1,60,60,60
54efface-8b18-4a77-bac7-94d9807b0b26,2021-04-26,1,66,66,66
54efface-8b18-4a77-bac7-94d9807b0b26,2021-05-17,1,66.49,66.49,66.49
54efface-8b18-4a77-bac7-94d9807b0b26,2021-06-28,2,48.5,33,64
54efface-8b18-4a77-bac7-94d9807b0b26,2021-07-05,1,90,90,90
54efface-8b18-4a77-bac7-94d9807b0b26,2021-08-02,1,52,52,52
54efface-8b18-4a77-bac7-94d9807b0b26,2021-08-23,2,43.5,40,47
54efface-8b18-4a77-bac7-94d9807b0b26,2021-08-30,1,49.69,49.69,49.69
54efface-8b18-4a77-bac7-94d9807b0b26,2021-09-06,1,50,50,50
54efface-8b18-4a77-bac7-94d9807b0b26,2021-09-13,1,35,35,35
54efface-8b18-4a77-bac7-94d9807b0b26,2021-09-20,1,45,45,45
54efface-8b18-4a77-bac7-94d9807b0b26,2021-09-27,1,30,30,30
54efface-8b18-4a77-bac7-94d9807b0b26,2021-10-04,1,49.99,49.99,49.99
54efface-8b18-4a77-bac7-94d9807b0b26,2021-10-25,2,50.48,50,50.96
54efface-8b18-4a77-bac7-94d9807b0b26,2021-11-15,1,47.81,47.81,47.81
54efface-8b18-4a77-bac7-94d9807b0b26,2021-12-06,1,40.94,40.94,40.94
54efface-8b18-4a77-bac7-94d9807b0b26,2022-01-17,1,48.8,48.8,48.8
54efface-8b18-4a77-bac7-94d9807b0b26,2022-01-24,1,49,49,49
54efface-8b18-4a77-bac7-94d9807b0b26,2022-03-07,1,31,31,31
54efface-8b18-4a77-bac7-94d9807b0b26,2022-04-04,2,42.5,35,50
54efface-8b18-4a77-bac7-94d9807b0b26,2022-04-25,1,30,30,30
54efface-8b18-4a77-bac7-94d9807b0b26,2022-05-02,1,35,35,35
54efface-8b18-4a77-bac7-94d9807b0b26,2022-05-09,1,32,32,32
54efface-8b18-4a77-bac7-94d9807b0b26,2022-05-23,1,69.99,69.99,69.99
54efface-8b18-4a77-bac7-94d9807b0b26,2022-08-01,1,20.12,20.12,20.12
54efface-8b18-4a77-bac7-94d9807b0b26,2022-08-08,2,26.11,21.01,31.2
54efface-8b18-4a77-bac7-94d9807b0b26,2022-08-15,1,24,24,24
54efface-8b18-4a77-bac7-94d9807b0b26,2022-10-24,1,63.98,63.98,63.98
54efface-8b18-4a77-bac7-94d9807b0b26,2022-10-31,1,25,25,25
54efface-8b18-4a77-bac7-94d9807b0b26,2022-12-19,1,26.95,26.95,26.95
54efface-8b18-4a77-bac7-94d9807b0b26,2023-01-23,1,17.5,17.5,17.5
54efface-8b18-4a77-bac7-94d9807b0b26,2023-02-06,2,37.5,25,49.99
54efface-8b18-4a77-bac7-94d9807b0b26,2023-02-13,1,28,28,28
54efface-8b18-4a77-bac7-94d9807b0b26,2023-02-20,1,65,65,65
54efface-8b18-4a77-bac7-94d9807b0b26,2023-02-27,1,26.4,26.4,26.4
54efface-8b18-4a77-bac7-94d9807b0b26,2023-04-10,2,13.05,11.61,14.5
54efface-8b18-4a77-bac7-94d9807b0b26,2023-04-17,2,24.89,22.5,27.28
54efface-8b18-4a77-bac7-94d9807b0b26,2023-05-15,1,29,29,29
54efface-8b18-4a77-bac7-94d9807b0b26,2023-07-24,1,9.99,9.99,9.99
54efface-8b18-4a77-bac7-94d9807b0b26,2023-09-04,1,15.5,15.5,15.5
54efface-8b18-4a77-bac7-94d9807b0b26,2023-09-11,2,22.25,14.5,30
54efface-8b18-4a77-bac7-94d9807b0b26,2023-10-16,1,17,17,17
54efface-8b18-4a77-bac7-94d9807b0b26,2023-10-30,1,15,15,15
54efface-8b18-4a77-bac7-94d9807b0b26,2023-11-20,2,16.34,12.69,20
54efface-8b18-4a77-bac7-94d9807b0b26,2024-01-01,1,19.5,19.5,19.5
54efface-8b18-4a77-bac7-94d9807b0b26,2024-01-22,1,26,26,26
54efface-8b18-4a77-bac7-94d9807b0b26,2024-02-05,1,15.2,15.2,15.2
54efface-8b18-4a77-bac7-94d9807b0b26,2024-08-05,1,15.5,15.5,15.5
54efface-8b18-4a77-bac7-94d9807b0b26,2024-08-26,1,31,31,31
54efface-8b18-4a77-bac7-94d9807b0b26,2024-11-25,1,36.31,36.31,36.31
54efface-8b18-4a77-bac7-94d9807b0b26,2024-12-02,2,13.61,12.72,14.5
54efface-8b18-4a77-bac7-94d9807b0b26,2024-12-09,1,29.99,29.99,29.99
54efface-8b18-4a77-bac7-94d9807b0b26,2025-02-10,1,34.99,34.99,34.99
54efface-8b18-4a77-bac7-94d9807b0b26,2025-02-24,1,22.5,22.5,22.5
54efface-8b18-4a77-bac7-94d9807b0b26,2025-03-17,1,31.79,31.79,31.79
54efface-8b18-4a77-bac7-94d9807b0b26,2025-04-07,1,35,35,35
54efface-8b18-4a77-bac7-94d9807b0b26,2025-04-21,1,30,30,30
54efface-8b18-4a77-bac7-94d9807b0b26,2025-05-05,4,20,18.5,40
54efface-8b18-4a77-bac7-94d9807b0b26,2025-06-02,1,31.2,31.2,31.2
54efface-8b18-4a77-bac7-94d9807b0b26,2025-07-14,1,35,35,35
54efface-8b18-4a77-bac7-94d9807b0b26,2025-09-29,1,45,45,45
54efface-8b18-4a77-bac7-94d9807b0b26,2025-11-10,1,40.8,40.8,40.8
54efface-8b18-4a77-bac7-94d9807b0b26,2025-12-15,1,22.5,22.5,22.5
54efface-8b18-4a77-bac7-94d9807b0b26,2026-02-23,1,33,33,33
54efface-8b18-4a77-bac7-94d9807b0b26,2026-03-02,1,44.46,44.46,44.46
54efface-8b18-4a77-bac7-94d9807b0b26,2026-03-23,1,22.5,22.5,22.5
54efface-8b18-4a77-bac7-94d9807b0b26,2026-04-06,1,54,54,54
54efface-8b18-4a77-bac7-94d9807b0b26,2026-05-04,1,39,39,39
54efface-8b18-4a77-bac7-94d9807b0b26,2026-06-08,1,45,45,45
54efface-8b18-4a77-bac7-94d9807b0b26,2026-06-22,1,45,45,45
54efface-8b18-4a77-bac7-94d9807b0b26,2026-07-20,1,49.95,49.95,49.95
54efface-8b18-4a77-bac7-94d9807b0b26,2026-08-10,1,45,45,45
54efface-8b18-4a77-bac7-94d9807b0b26,2026-08-24,1,45,45,45
54efface-8b18-4a77-bac7-94d9807b0b26,2026-09-07,1,67.66,67.66,67.66
54f00970-63a7-4cd3-8ed7-272fdbabcee7,2023-02-06,2,50.4,50.4,50.4
54f00970-63a7-4cd3-8ed7-272fdbabcee7,2023-02-13,1,54,54,54
54f00970-63a7-4cd3-8ed7-272fdbabcee7,2023-06-19,1,32,32,32
54f00970-63a7-4cd3-8ed7-272fdbabcee7,2024-05-20,1,49.4,49.4,49.4
54f00970-63a7-4cd3-8ed7-272fdbabcee7,2024-12-02,1,80,80,80
54f00970-63a7-4cd3-8ed7-272fdbabcee7,2025-03-03,2,68.68,37.37,99.99
54f00970-63a7-4cd3-8ed7-272fdbabcee7,2026-02-16,1,105,105,105
54f00970-63a7-4cd3-8ed7-272fdbabcee7,2026-03-23,1,145,145,145
54f00970-63a7-4cd3-8ed7-272fdbabcee7,2026-06-22,1,132.5,132.5,132.5
54f00970-63a7-4cd3-8ed7-272fdbabcee7,2026-06-29,1,117.5,117.5,117.5
54f00970-63a7-4cd3-8ed7-272fdbabcee7,2026-08-17,1,179.95,179.95,179.95
54f39e0b-d377-4372-b88e-016ae185edbc,2022-10-10,1,31.2,31.2,31.2
54f39e0b-d377-4372-b88e-016ae185edbc,2022-11-14,1,35,35,35
54f39e0b-d377-4372-b88e-016ae185edbc,2022-12-12,2,24.37,22.02,26.71
54f39e0b-d377-4372-b88e-016ae185edbc,2023-01-09,3,30,27,33.84
54f39e0b-d377-4372-b88e-016ae185edbc,2023-01-30,1,17.5,17.5,17.5
54f39e0b-d377-4372-b88e-016ae185edbc,2023-02-27,2,21.25,15.5,27
54f39e0b-d377-4372-b88e-016ae185edbc,2023-04-10,1,26.99,26.99,26.99
54f39e0b-d377-4372-b88e-016ae185edbc,2023-04-17,2,18.45,16.5,20.4
54f39e0b-d377-4372-b88e-016ae185edbc,2023-05-08,2,17.76,10.52,25
54f39e0b-d377-4372-b88e-016ae185edbc,2023-05-15,1,53.22,53.22,53.22
54f39e0b-d377-4372-b88e-016ae185edbc,2023-05-22,1,19.2,19.2,19.2
54f39e0b-d377-4372-b88e-016ae185edbc,2023-06-19,4,21.5,18.5,26.99
54f39e0b-d377-4372-b88e-016ae185edbc,2023-06-26,1,30.12,30.12,30.12
54f39e0b-d377-4372-b88e-016ae185edbc,2023-07-03,1,28.5,28.5,28.5
54f39e0b-d377-4372-b88e-016ae185edbc,2023-07-24,1,19.99,19.99,19.99
54f39e0b-d377-4372-b88e-016ae185edbc,2023-08-07,1,19.1,19.1,19.1
54f39e0b-d377-4372-b88e-016ae185edbc,2023-09-04,3,25.61,15.6,26.24
54f39e0b-d377-4372-b88e-016ae185edbc,2023-09-11,2,21.75,12,31.5
54f39e0b-d377-4372-b88e-016ae185edbc,2023-09-25,2,24.79,20.51,29.07
54f39e0b-d377-4372-b88e-016ae185edbc,2023-10-02,1,13.49,13.49,13.49
54f39e0b-d377-4372-b88e-016ae185edbc,2023-10-16,1,15.5,15.5,15.5
54f39e0b-d377-4372-b88e-016ae185edbc,2023-11-06,1,30.92,30.92,30.92
54f39e0b-d377-4372-b88e-016ae185edbc,2023-11-20,2,14,13.5,14.51
54f39e0b-d377-4372-b88e-016ae185edbc,2023-11-27,2,16.24,12.5,19.99
54f39e0b-d377-4372-b88e-016ae185edbc,2023-12-04,1,29,29,29
54f39e0b-d377-4372-b88e-016ae185edbc,2023-12-11,1,29.95,29.95,29.95
54f39e0b-d377-4372-b88e-016ae185edbc,2024-01-01,1,22.8,22.8,22.8
54f39e0b-d377-4372-b88e-016ae185edbc,2024-02-19,2,30.98,14.99,46.96
54f39e0b-d377-4372-b88e-016ae185edbc,2024-03-04,1,12.5,12.5,12.5
54f39e0b-d377-4372-b88e-016ae185edbc,2024-04-01,1,27.59,27.59,27.59
54f39e0b-d377-4372-b88e-016ae185edbc,2024-04-08,1,6.5,6.5,6.5
54f39e0b-d377-4372-b88e-016ae185edbc,2024-04-15,1,11.5,11.5,11.5
54f39e0b-d377-4372-b88e-016ae185edbc,2024-04-22,1,12.5,12.5,12.5
54f39e0b-d377-4372-b88e-016ae185edbc,2024-06-03,1,29.28,29.28,29.28
54f39e0b-d377-4372-b88e-016ae185edbc,2024-06-10,1,26.82,26.82,26.82
54f39e0b-d377-4372-b88e-016ae185edbc,2024-06-17,3,16.8,12.5,37.91
54f39e0b-d377-4372-b88e-016ae185edbc,2024-07-22,1,13,13,13
54f39e0b-d377-4372-b88e-016ae185edbc,2024-08-12,3,24.53,20,35
54f39e0b-d377-4372-b88e-016ae185edbc,2024-10-28,1,29.95,29.95,29.95
54f39e0b-d377-4372-b88e-016ae185edbc,2024-11-18,1,18,18,18
54f39e0b-d377-4372-b88e-016ae185edbc,2024-12-02,1,21.6,21.6,21.6
54f39e0b-d377-4372-b88e-016ae185edbc,2024-12-09,1,38.33,38.33,38.33
54f39e0b-d377-4372-b88e-016ae185edbc,2025-01-06,1,30,30,30
54f39e0b-d377-4372-b88e-016ae185edbc,2025-01-13,1,23,23,23
54f39e0b-d377-4372-b88e-016ae185edbc,2025-01-27,1,31.45,31.45,31.45
54f39e0b-d377-4372-b88e-016ae185edbc,2025-02-10,1,38.48,38.48,38.48
54f39e0b-d377-4372-b88e-016ae185edbc,2025-02-17,1,23.19,23.19,23.19
54f39e0b-d377-4372-b88e-016ae185edbc,2025-02-24,1,19.5,19.5,19.5
54f39e0b-d377-4372-b88e-016ae185edbc,2025-03-17,1,22,22,22
54f39e0b-d377-4372-b88e-016ae185edbc,2025-03-31,1,22,22,22
54f39e0b-d377-4372-b88e-016ae185edbc,2025-04-28,1,25.2,25.2,25.2
54f39e0b-d377-4372-b88e-016ae185edbc,2025-05-05,2,22.89,20.5,25.28
54f39e0b-d377-4372-b88e-016ae185edbc,2025-05-12,1,30,30,30
54f39e0b-d377-4372-b88e-016ae185edbc,2025-05-19,2,25.29,21.6,28.97
54f39e0b-d377-4372-b88e-016ae185edbc,2025-05-26,1,25.2,25.2,25.2
54f39e0b-d377-4372-b88e-016ae185edbc,2025-06-09,1,29.99,29.99,29.99
54f39e0b-d377-4372-b88e-016ae185edbc,2025-06-30,2,32.62,30.25,35
54f39e0b-d377-4372-b88e-016ae185edbc,2025-07-21,1,40.31,40.31,40.31
54f39e0b-d377-4372-b88e-016ae185edbc,2025-09-15,1,50,50,50
54f39e0b-d377-4372-b88e-016ae185edbc,2025-09-22,1,35,35,35
54f39e0b-d377-4372-b88e-016ae185edbc,2025-09-29,2,55.5,36,75
54f39e0b-d377-4372-b88e-016ae185edbc,2025-10-06,1,23.02,23.02,23.02
54f39e0b-d377-4372-b88e-016ae185edbc,2025-11-10,1,41,41,41
54f39e0b-d377-4372-b88e-016ae185edbc,2025-12-08,2,38.03,26.1,49.95
54f39e0b-d377-4372-b88e-016ae185edbc,2025-12-15,2,69.97,39.99,99.95
54f39e0b-d377-4372-b88e-016ae185edbc,2025-12-29,1,36,36,36
54f39e0b-d377-4372-b88e-016ae185edbc,2026-01-05,1,31.06,31.06,31.06
54f39e0b-d377-4372-b88e-016ae185edbc,2026-04-06,1,31,31,31
54f39e0b-d377-4372-b88e-016ae185edbc,2026-05-11,2,42.5,35,49.99
54f39e0b-d377-4372-b88e-016ae185edbc,2026-06-08,1,45,45,45
54f39e0b-d377-4372-b88e-016ae185edbc,2026-06-22,1,21.51,21.51,21.51
54f39e0b-d377-4372-b88e-016ae185edbc,2026-06-29,2,41.02,29.01,53.03
54f39e0b-d377-4372-b88e-016ae185edbc,2026-07-27,2,42.33,15.5,69.15
54f39e0b-d377-4372-b88e-016ae185edbc,2026-08-10,2,31.19,30.38,32
54f39e0b-d377-4372-b88e-016ae185edbc,2026-09-07,1,27.37,27.37,27.37
54f4be53-e05e-4121-af63-2902bf5f0183,2021-03-01,1,161.5,161.5,161.5
54f4be53-e05e-4121-af63-2902bf5f0183,2021-03-29,1,99.99,99.99,99.99
54f4be53-e05e-4121-af63-2902bf5f0183,2021-04-12,1,127.5,127.5,127.5
54f4be53-e05e-4121-af63-2902bf5f0183,2021-04-26,1,189,189,189
54f4be53-e05e-4121-af63-2902bf5f0183,2021-07-12,1,111.25,111.25,111.25
54f4be53-e05e-4121-af63-2902bf5f0183,2021-08-09,1,115,115,115
54f4be53-e05e-4121-af63-2902bf5f0183,2021-08-30,1,155.5,155.5,155.5
54f4be53-e05e-4121-af63-2902bf5f0183,2021-10-04,1,74.78,74.78,74.78
54f4be53-e05e-4121-af63-2902bf5f0183,2021-10-25,1,78,78,78
54f4be53-e05e-4121-af63-2902bf5f0183,2021-11-01,1,83.64,83.64,83.64
54f4be53-e05e-4121-af63-2902bf5f0183,2021-12-06,1,82,82,82
54f4be53-e05e-4121-af63-2902bf5f0183,2021-12-27,1,76,76,76
54f4be53-e05e-4121-af63-2902bf5f0183,2022-01-03,1,130,130,130
54f4be53-e05e-4121-af63-2902bf5f0183,2022-02-14,1,82,82,82
54f4be53-e05e-4121-af63-2902bf5f0183,2022-02-28,1,124.88,124.88,124.88
54f4be53-e05e-4121-af63-2902bf5f0183,2022-03-07,2,78.25,53,103.5
54f4be53-e05e-4121-af63-2902bf5f0183,2022-03-21,2,56,56,56
54f4be53-e05e-4121-af63-2902bf5f0183,2022-04-18,2,117.5,107.5,127.5
54f4be53-e05e-4121-af63-2902bf5f0183,2022-05-02,2,111,101.99,120
54f4be53-e05e-4121-af63-2902bf5f0183,2022-05-09,13,51,30,102.5
54f4be53-e05e-4121-af63-2902bf5f0183,2022-05-16,15,46,38,70
54f4be53-e05e-4121-af63-2902bf5f0183,2022-05-23,15,36.02,31.01,61
54f4be53-e05e-4121-af63-2902bf5f0183,2022-05-30,3,37,36,41
54f4be53-e05e-4121-af63-2902bf5f0183,2022-06-06,1,49,49,49
54f4be53-e05e-4121-af63-2902bf5f0183,2022-08-15,2,60.5,54.99,66.02
54f4be53-e05e-4121-af63-2902bf5f0183,2022-10-10,1,39.99,39.99,39.99
54f4be53-e05e-4121-af63-2902bf5f0183,2022-10-31,1,49.99,49.99,49.99
54f4be53-e05e-4121-af63-2902bf5f0183,2022-11-07,1,60,60,60
54f4be53-e05e-4121-af63-2902bf5f0183,2022-11-14,1,56.06,56.06,56.06
54f4be53-e05e-4121-af63-2902bf5f0183,2022-11-21,1,49,49,49
54f4be53-e05e-4121-af63-2902bf5f0183,2023-02-13,1,58.79,58.79,58.79
54f4be53-e05e-4121-af63-2902bf5f0183,2023-03-13,1,43.99,43.99,43.99
54f4be53-e05e-4121-af63-2902bf5f0183,2023-04-10,1,49.99,49.99,49.99
54f4be53-e05e-4121-af63-2902bf5f0183,2023-05-15,1,54.99,54.99,54.99
54f4be53-e05e-4121-af63-2902bf5f0183,2023-05-29,3,45,40.8,63.97
54f4be53-e05e-4121-af63-2902bf5f0183,2023-06-05,1,40,40,40
54f4be53-e05e-4121-af63-2902bf5f0183,2023-06-19,1,46.52,46.52,46.52
54f4be53-e05e-4121-af63-2902bf5f0183,2023-07-03,1,31.52,31.52,31.52
54f4be53-e05e-4121-af63-2902bf5f0183,2023-07-10,2,37,36.01,38
54f4be53-e05e-4121-af63-2902bf5f0183,2023-07-24,2,41.5,40,43
54f4be53-e05e-4121-af63-2902bf5f0183,2023-07-31,2,34.75,31,38.51
54f4be53-e05e-4121-af63-2902bf5f0183,2023-08-07,2,49,47,51
54f4be53-e05e-4121-af63-2902bf5f0183,2023-08-14,5,35.53,28,52.99
54f4be53-e05e-4121-af63-2902bf5f0183,2023-08-21,3,32,27.6,32.21
54f4be53-e05e-4121-af63-2902bf5f0183,2023-08-28,3,49.99,26.02,54.99
54f4be53-e05e-4121-af63-2902bf5f0183,2023-09-04,2,29,27,31
54f4be53-e05e-4121-af63-2902bf5f0183,2023-09-11,2,33.5,32,35
54f4be53-e05e-4121-af63-2902bf5f0183,2023-09-18,1,37.69,37.69,37.69
54f4be53-e05e-4121-af63-2902bf5f0183,2023-09-25,1,20.02,20.02,20.02
54f4be53-e05e-4121-af63-2902bf5f0183,2023-10-02,1,39,39,39
54f4be53-e05e-4121-af63-2902bf5f0183,2023-10-09,2,30.95,30.9,31
54f4be53-e05e-4121-af63-2902bf5f0183,2023-10-16,1,34,34,34
54f4be53-e05e-4121-af63-2902bf5f0183,2023-11-06,1,48.99,48.99,48.99
54f4be53-e05e-4121-af63-2902bf5f0183,2023-11-20,1,36,36,36
54f4be53-e05e-4121-af63-2902bf5f0183,2024-01-01,1,37,37,37
54f4be53-e05e-4121-af63-2902bf5f0183,2024-01-22,1,49.99,49.99,49.99
54f4be53-e05e-4121-af63-2902bf5f0183,2024-02-05,1,35,35,35
54f4be53-e05e-4121-af63-2902bf5f0183,2024-02-12,1,31.01,31.01,31.01
54f4be53-e05e-4121-af63-2902bf5f0183,2024-02-19,3,43.99,24.5,50
54f4be53-e05e-4121-af63-2902bf5f0183,2024-03-25,1,43.99,43.99,43.99
54f4be53-e05e-4121-af63-2902bf5f0183,2024-04-22,1,41.12,41.12,41.12
54f4be53-e05e-4121-af63-2902bf5f0183,2024-06-03,1,34.99,34.99,34.99
54f4be53-e05e-4121-af63-2902bf5f0183,2024-06-10,1,54.99,54.99,54.99
54f4be53-e05e-4121-af63-2902bf5f0183,2024-08-19,1,46.99,46.99,46.99
54f4be53-e05e-4121-af63-2902bf5f0183,2024-10-14,1,49.99,49.99,49.99
54f4be53-e05e-4121-af63-2902bf5f0183,2024-10-21,1,43.87,43.87,43.87
54f4be53-e05e-4121-af63-2902bf5f0183,2024-12-16,1,49.99,49.99,49.99
54f4be53-e05e-4121-af63-2902bf5f0183,2025-01-06,1,54,54,54
54f4be53-e05e-4121-af63-2902bf5f0183,2025-01-20,1,49.99,49.99,49.99
54f4be53-e05e-4121-af63-2902bf5f0183,2025-01-27,1,62.34,62.34,62.34
54f4be53-e05e-4121-af63-2902bf5f0183,2025-02-03,1,40,40,40
54f4be53-e05e-4121-af63-2902bf5f0183,2025-02-17,1,55,55,55
54f4be53-e05e-4121-af63-2902bf5f0183,2025-03-10,3,54.99,44.4,75
54f4be53-e05e-4121-af63-2902bf5f0183,2025-04-07,1,149.99,149.99,149.99
54f4be53-e05e-4121-af63-2902bf5f0183,2025-05-05,2,76.5,68,85
54f4be53-e05e-4121-af63-2902bf5f0183,2025-05-12,1,50,50,50
54f4be53-e05e-4121-af63-2902bf5f0183,2025-06-30,1,149.99,149.99,149.99
54f4be53-e05e-4121-af63-2902bf5f0183,2025-07-07,1,125,125,125
54f4be53-e05e-4121-af63-2902bf5f0183,2025-07-21,1,115,115,115
54f4be53-e05e-4121-af63-2902bf5f0183,2025-08-18,1,79,79,79
54f4be53-e05e-4121-af63-2902bf5f0183,2025-08-25,1,73,73,73
54f4be53-e05e-4121-af63-2902bf5f0183,2025-10-27,1,80,80,80
54f4be53-e05e-4121-af63-2902bf5f0183,2025-12-08,1,125,125,125
54f4be53-e05e-4121-af63-2902bf5f0183,2026-01-12,1,120,120,120
54f4be53-e05e-4121-af63-2902bf5f0183,2026-01-19,1,109.99,109.99,109.99
54f4be53-e05e-4121-af63-2902bf5f0183,2026-02-09,1,175.5,175.5,175.5
54f4be53-e05e-4121-af63-2902bf5f0183,2026-02-23,1,197.5,197.5,197.5
54f4be53-e05e-4121-af63-2902bf5f0183,2026-03-16,1,194.68,194.68,194.68
54f4be53-e05e-4121-af63-2902bf5f0183,2026-04-13,1,300,300,300
54f4be53-e05e-4121-af63-2902bf5f0183,2026-04-27,1,400,400,400
54f4be53-e05e-4121-af63-2902bf5f0183,2026-06-08,2,465,440,490
54f4be53-e05e-4121-af63-2902bf5f0183,2026-06-29,1,380,380,380
54f4be53-e05e-4121-af63-2902bf5f0183,2026-08-24,2,417,348,486
54f4be53-e05e-4121-af63-2902bf5f0183,2026-08-31,2,425,400,450
54f4e31e-ddd6-45c1-8711-94333810f3d6,2023-07-31,1,165,165,165
54f4e31e-ddd6-45c1-8711-94333810f3d6,2023-08-21,1,107.5,107.5,107.5
54f4e31e-ddd6-45c1-8711-94333810f3d6,2023-09-04,1,124.99,124.99,124.99
54f4e31e-ddd6-45c1-8711-94333810f3d6,2023-10-09,1,69,69,69
54f4e31e-ddd6-45c1-8711-94333810f3d6,2023-11-06,1,114.99,114.99,114.99
54f4e31e-ddd6-45c1-8711-94333810f3d6,2024-01-29,1,80,80,80
54f4e31e-ddd6-45c1-8711-94333810f3d6,2024-02-19,1,80,80,80
54f4e31e-ddd6-45c1-8711-94333810f3d6,2024-05-06,1,110,110,110
54f4e31e-ddd6-45c1-8711-94333810f3d6,2024-06-03,1,93.6,93.6,93.6
54f4e31e-ddd6-45c1-8711-94333810f3d6,2024-07-15,1,119.99,119.99,119.99
54f4e31e-ddd6-45c1-8711-94333810f3d6,2024-08-26,1,67.5,67.5,67.5
54f4e31e-ddd6-45c1-8711-94333810f3d6,2024-10-21,1,125,125,125
54f4e31e-ddd6-45c1-8711-94333810f3d6,2025-01-13,1,130,130,130
54f4e31e-ddd6-45c1-8711-94333810f3d6,2025-03-03,1,102.51,102.51,102.51
54f4e31e-ddd6-45c1-8711-94333810f3d6,2025-03-10,1,150,150,150
54f4e31e-ddd6-45c1-8711-94333810f3d6,2025-06-02,2,151.28,138,164.56
54f4e31e-ddd6-45c1-8711-94333810f3d6,2025-08-04,1,150,150,150
54f4e31e-ddd6-45c1-8711-94333810f3d6,2025-11-17,1,200,200,200
54f4e31e-ddd6-45c1-8711-94333810f3d6,2025-12-01,3,155,149.99,179.99
54f4e31e-ddd6-45c1-8711-94333810f3d6,2025-12-08,1,207.97,207.97,207.97
54f4e31e-ddd6-45c1-8711-94333810f3d6,2026-01-19,1,232.5,232.5,232.5
54f4e31e-ddd6-45c1-8711-94333810f3d6,2026-03-23,2,188.88,150,227.75
54f4e31e-ddd6-45c1-8711-94333810f3d6,2026-04-20,2,196.75,136.5,257
54f4e31e-ddd6-45c1-8711-94333810f3d6,2026-06-01,2,163.76,147.53,180
54f4e31e-ddd6-45c1-8711-94333810f3d6,2026-06-08,1,200,200,200
54f4e31e-ddd6-45c1-8711-94333810f3d6,2026-06-22,1,225,225,225
54f4fae3-137b-44ff-b54a-ba35e2337190,2023-03-20,1,49.99,49.99,49.99
54f4fae3-137b-44ff-b54a-ba35e2337190,2024-07-01,1,16.5,16.5,16.5
54f4fae3-137b-44ff-b54a-ba35e2337190,2025-01-20,1,46,46,46
54f4fae3-137b-44ff-b54a-ba35e2337190,2025-05-19,1,44,44,44
54f8d8fc-0627-440e-8245-e631c93b2a66,2022-02-07,2,34.5,33,36
54f8d8fc-0627-440e-8245-e631c93b2a66,2022-03-14,1,23.5,23.5,23.5
54f8d8fc-0627-440e-8245-e631c93b2a66,2022-03-28,1,30,30,30
54f8d8fc-0627-440e-8245-e631c93b2a66,2022-07-25,1,60,60,60
54f8d8fc-0627-440e-8245-e631c93b2a66,2022-12-12,1,30,30,30
54f8d8fc-0627-440e-8245-e631c93b2a66,2023-02-13,1,30,30,30
54f8d8fc-0627-440e-8245-e631c93b2a66,2023-02-27,1,30,30,30
54f8d8fc-0627-440e-8245-e631c93b2a66,2023-04-10,1,34.95,34.95,34.95
54f8d8fc-0627-440e-8245-e631c93b2a66,2023-07-17,1,33.99,33.99,33.99
54f8d8fc-0627-440e-8245-e631c93b2a66,2023-07-24,1,31.99,31.99,31.99
54f8d8fc-0627-440e-8245-e631c93b2a66,2023-09-25,1,30,30,30
54f8d8fc-0627-440e-8245-e631c93b2a66,2023-11-13,1,33.99,33.99,33.99
54f8d8fc-0627-440e-8245-e631c93b2a66,2023-11-20,1,26.9,26.9,26.9
54f8d8fc-0627-440e-8245-e631c93b2a66,2024-03-25,1,35.1,35.1,35.1
54f8d8fc-0627-440e-8245-e631c93b2a66,2025-02-03,1,25.2,25.2,25.2
54f8d8fc-0627-440e-8245-e631c93b2a66,2025-05-05,1,64.99,64.99,64.99
54f8d8fc-0627-440e-8245-e631c93b2a66,2025-06-09,1,64.99,64.99,64.99
54f8d8fc-0627-440e-8245-e631c93b2a66,2025-09-01,1,21.6,21.6,21.6
54f8d8fc-0627-440e-8245-e631c93b2a66,2025-12-08,1,30,30,30
54f8d8fc-0627-440e-8245-e631c93b2a66,2026-01-05,1,50,50,50
54f8d8fc-0627-440e-8245-e631c93b2a66,2026-01-12,1,54,54,54
54f8d8fc-0627-440e-8245-e631c93b2a66,2026-05-11,1,99,99,99
54f8d8fc-0627-440e-8245-e631c93b2a66,2026-06-29,1,53,53,53
54fab2d1-96cd-4f87-9478-588531b63b9b,2022-12-12,1,50,50,50
54fab2d1-96cd-4f87-9478-588531b63b9b,2024-01-29,1,49.99,49.99,49.99
54fab2d1-96cd-4f87-9478-588531b63b9b,2024-09-09,2,35.25,20.5,49.99
54fab2d1-96cd-4f87-9478-588531b63b9b,2024-11-18,1,12.65,12.65,12.65
54fab2d1-96cd-4f87-9478-588531b63b9b,2026-03-16,1,122.5,122.5,122.5
54fc67b4-8f90-430d-8f7e-fbb4668117a6,2024-09-30,1,59.98,59.98,59.98
54fc67b4-8f90-430d-8f7e-fbb4668117a6,2024-10-14,1,11.5,11.5,11.5
54fc67b4-8f90-430d-8f7e-fbb4668117a6,2024-11-04,1,55.98,55.98,55.98
54fc67b4-8f90-430d-8f7e-fbb4668117a6,2024-12-02,1,50,50,50
54fc67b4-8f90-430d-8f7e-fbb4668117a6,2025-01-06,1,44.98,44.98,44.98
54fc67b4-8f90-430d-8f7e-fbb4668117a6,2025-01-13,1,42.98,42.98,42.98
54fc67b4-8f90-430d-8f7e-fbb4668117a6,2025-02-24,3,32,16.05,44.99
54fc67b4-8f90-430d-8f7e-fbb4668117a6,2025-03-17,1,34.95,34.95,34.95
54fc67b4-8f90-430d-8f7e-fbb4668117a6,2025-09-22,1,45.99,45.99,45.99
54fc67b4-8f90-430d-8f7e-fbb4668117a6,2026-03-02,1,59.5,59.5,59.5
54ff7060-78fb-44ee-9cdc-a35592aea06d,2024-12-02,1,24.99,24.99,24.99
54ff7060-78fb-44ee-9cdc-a35592aea06d,2024-12-23,1,39.99,39.99,39.99
54ff7060-78fb-44ee-9cdc-a35592aea06d,2024-12-30,2,42.5,40,45
54ff7060-78fb-44ee-9cdc-a35592aea06d,2025-01-06,2,32,31,33
54ff7060-78fb-44ee-9cdc-a35592aea06d,2025-01-13,3,36,26,54.97
54ff7060-78fb-44ee-9cdc-a35592aea06d,2025-01-27,4,20.5,14.5,33
54ff7060-78fb-44ee-9cdc-a35592aea06d,2025-02-10,3,25,20.5,36
54ff7060-78fb-44ee-9cdc-a35592aea06d,2025-02-17,1,18.5,18.5,18.5
54ff7060-78fb-44ee-9cdc-a35592aea06d,2025-02-24,1,26,26,26
54ff7060-78fb-44ee-9cdc-a35592aea06d,2025-03-03,1,21.51,21.51,21.51
54ff7060-78fb-44ee-9cdc-a35592aea06d,2025-03-10,2,26,25,27
54ff7060-78fb-44ee-9cdc-a35592aea06d,2025-04-14,1,35,35,35
54ff7060-78fb-44ee-9cdc-a35592aea06d,2025-05-26,1,39,39,39
54ff7060-78fb-44ee-9cdc-a35592aea06d,2025-06-09,3,40,22.5,41
54ff7060-78fb-44ee-9cdc-a35592aea06d,2025-06-16,1,26.5,26.5,26.5
54ff7060-78fb-44ee-9cdc-a35592aea06d,2025-07-07,1,42,42,42
54ff7060-78fb-44ee-9cdc-a35592aea06d,2025-09-08,1,42.99,42.99,42.99
54ff7060-78fb-44ee-9cdc-a35592aea06d,2025-11-10,1,40,40,40
54ff7060-78fb-44ee-9cdc-a35592aea06d,2026-03-09,1,15,15,15
54ff7060-78fb-44ee-9cdc-a35592aea06d,2026-03-16,2,33.45,26.9,40
54ff7060-78fb-44ee-9cdc-a35592aea06d,2026-03-30,1,50.19,50.19,50.19
54ff7060-78fb-44ee-9cdc-a35592aea06d,2026-05-04,1,49.95,49.95,49.95
54ff7060-78fb-44ee-9cdc-a35592aea06d,2026-05-11,1,40,40,40
54ff7060-78fb-44ee-9cdc-a35592aea06d,2026-06-08,1,50,50,50
