asset_id,week_start,n_sales,median_price,low,high
7a05833d-88c7-4e04-aba0-eda1343d2561,2021-02-15,1,2100,2100,2100
7a05833d-88c7-4e04-aba0-eda1343d2561,2021-05-24,1,815,815,815
7a05833d-88c7-4e04-aba0-eda1343d2561,2021-08-02,1,1323.72,1323.72,1323.72
7a05833d-88c7-4e04-aba0-eda1343d2561,2021-10-04,1,1115.77,1115.77,1115.77
7a05833d-88c7-4e04-aba0-eda1343d2561,2021-12-06,1,750.02,750.02,750.02
7a05833d-88c7-4e04-aba0-eda1343d2561,2021-12-27,1,850,850,850
7a05833d-88c7-4e04-aba0-eda1343d2561,2022-02-14,1,937,937,937
7a05833d-88c7-4e04-aba0-eda1343d2561,2022-06-27,1,1585.93,1585.93,1585.93
7a05833d-88c7-4e04-aba0-eda1343d2561,2022-10-31,1,1175,1175,1175
7a05833d-88c7-4e04-aba0-eda1343d2561,2022-11-07,1,1358,1358,1358
7a05833d-88c7-4e04-aba0-eda1343d2561,2022-11-21,1,1272.79,1272.79,1272.79
7a05833d-88c7-4e04-aba0-eda1343d2561,2023-06-19,1,760,760,760
7a05833d-88c7-4e04-aba0-eda1343d2561,2023-09-04,1,781,781,781
7a05833d-88c7-4e04-aba0-eda1343d2561,2023-11-13,1,720,720,720
7a05833d-88c7-4e04-aba0-eda1343d2561,2024-05-27,1,725,725,725
7a05833d-88c7-4e04-aba0-eda1343d2561,2024-07-08,1,799.99,799.99,799.99
7a05833d-88c7-4e04-aba0-eda1343d2561,2024-08-05,1,640,640,640
7a05833d-88c7-4e04-aba0-eda1343d2561,2024-08-26,1,650,650,650
7a05833d-88c7-4e04-aba0-eda1343d2561,2024-09-09,1,564,564,564
7a05833d-88c7-4e04-aba0-eda1343d2561,2025-01-13,1,800,800,800
7a05833d-88c7-4e04-aba0-eda1343d2561,2025-03-03,1,1380,1380,1380
7a05833d-88c7-4e04-aba0-eda1343d2561,2025-03-17,1,1770,1770,1770
7a05833d-88c7-4e04-aba0-eda1343d2561,2025-03-24,1,1264.07,1264.07,1264.07
7a05833d-88c7-4e04-aba0-eda1343d2561,2025-03-31,1,1200,1200,1200
7a05833d-88c7-4e04-aba0-eda1343d2561,2025-06-30,1,2300,2300,2300
7a05833d-88c7-4e04-aba0-eda1343d2561,2025-07-28,1,3120,3120,3120
7a05833d-88c7-4e04-aba0-eda1343d2561,2026-02-09,1,3451.57,3451.57,3451.57
7a05833d-88c7-4e04-aba0-eda1343d2561,2026-03-09,1,4399.99,4399.99,4399.99
7a05833d-88c7-4e04-aba0-eda1343d2561,2026-03-16,1,3900,3900,3900
7a05833d-88c7-4e04-aba0-eda1343d2561,2026-03-23,2,4341.5,4288,4395
7a05833d-88c7-4e04-aba0-eda1343d2561,2026-03-30,1,4650,4650,4650
7a05833d-88c7-4e04-aba0-eda1343d2561,2026-04-27,1,4061,4061,4061
7a05833d-88c7-4e04-aba0-eda1343d2561,2026-06-01,1,4050,4050,4050
7a05833d-88c7-4e04-aba0-eda1343d2561,2026-07-13,1,8000,8000,8000
7a05833d-88c7-4e04-aba0-eda1343d2561,2026-08-17,1,7000,7000,7000
7a05ac5f-9fc2-48a8-9dd1-89371be0786e,2023-05-01,1,50,50,50
7a05ac5f-9fc2-48a8-9dd1-89371be0786e,2023-05-08,1,28.5,28.5,28.5
7a05ac5f-9fc2-48a8-9dd1-89371be0786e,2023-05-15,3,31,24.5,31
7a05ac5f-9fc2-48a8-9dd1-89371be0786e,2023-05-29,3,36,22,38
7a05ac5f-9fc2-48a8-9dd1-89371be0786e,2023-06-05,2,40.48,26,54.95
7a05ac5f-9fc2-48a8-9dd1-89371be0786e,2023-06-12,2,33.5,33,34
7a05ac5f-9fc2-48a8-9dd1-89371be0786e,2023-06-19,2,29.94,29.88,30
7a05ac5f-9fc2-48a8-9dd1-89371be0786e,2023-06-26,2,27.99,26.99,29
7a05ac5f-9fc2-48a8-9dd1-89371be0786e,2023-07-10,1,39.95,39.95,39.95
7a05ac5f-9fc2-48a8-9dd1-89371be0786e,2023-07-17,3,30,22.71,30
7a05ac5f-9fc2-48a8-9dd1-89371be0786e,2023-07-24,1,31,31,31
7a05ac5f-9fc2-48a8-9dd1-89371be0786e,2023-07-31,1,35.75,35.75,35.75
7a05ac5f-9fc2-48a8-9dd1-89371be0786e,2023-08-07,1,31,31,31
7a05ac5f-9fc2-48a8-9dd1-89371be0786e,2023-08-14,1,31.95,31.95,31.95
7a05ac5f-9fc2-48a8-9dd1-89371be0786e,2023-08-21,6,22.73,18.5,31
7a05ac5f-9fc2-48a8-9dd1-89371be0786e,2023-09-04,6,26.07,22,27
7a05ac5f-9fc2-48a8-9dd1-89371be0786e,2023-09-11,3,27,26.99,31
7a05ac5f-9fc2-48a8-9dd1-89371be0786e,2023-09-18,3,20.5,20.02,24.5
7a05ac5f-9fc2-48a8-9dd1-89371be0786e,2023-09-25,1,32,32,32
7a05ac5f-9fc2-48a8-9dd1-89371be0786e,2023-10-02,1,26,26,26
7a05ac5f-9fc2-48a8-9dd1-89371be0786e,2023-10-09,3,24.5,17.29,32
7a05ac5f-9fc2-48a8-9dd1-89371be0786e,2023-10-16,3,21.35,20.5,38.99
7a05ac5f-9fc2-48a8-9dd1-89371be0786e,2023-10-23,2,28.44,28,28.87
7a05ac5f-9fc2-48a8-9dd1-89371be0786e,2023-10-30,1,29.95,29.95,29.95
7a05ac5f-9fc2-48a8-9dd1-89371be0786e,2023-11-06,3,26.99,18.5,26.99
7a05ac5f-9fc2-48a8-9dd1-89371be0786e,2023-11-13,1,21.5,21.5,21.5
7a05ac5f-9fc2-48a8-9dd1-89371be0786e,2023-11-27,1,18,18,18
7a05ac5f-9fc2-48a8-9dd1-89371be0786e,2023-12-04,1,27.6,27.6,27.6
7a05ac5f-9fc2-48a8-9dd1-89371be0786e,2023-12-11,2,30.16,22.81,37.51
7a05ac5f-9fc2-48a8-9dd1-89371be0786e,2023-12-18,1,34.99,34.99,34.99
7a05ac5f-9fc2-48a8-9dd1-89371be0786e,2024-01-01,1,32.99,32.99,32.99
7a05ac5f-9fc2-48a8-9dd1-89371be0786e,2024-01-22,2,26.63,17.19,36.07
7a05ac5f-9fc2-48a8-9dd1-89371be0786e,2024-01-29,1,39.99,39.99,39.99
7a05ac5f-9fc2-48a8-9dd1-89371be0786e,2024-02-05,7,24,21.6,25.2
7a05ac5f-9fc2-48a8-9dd1-89371be0786e,2024-02-26,1,25,25,25
7a05ac5f-9fc2-48a8-9dd1-89371be0786e,2024-03-04,2,28.25,24.5,32
7a05ac5f-9fc2-48a8-9dd1-89371be0786e,2024-04-08,1,35,35,35
7a05ac5f-9fc2-48a8-9dd1-89371be0786e,2024-04-29,2,37.49,35,39.98
7a05ac5f-9fc2-48a8-9dd1-89371be0786e,2024-05-06,1,21.5,21.5,21.5
7a05ac5f-9fc2-48a8-9dd1-89371be0786e,2024-05-20,1,24.4,24.4,24.4
7a05ac5f-9fc2-48a8-9dd1-89371be0786e,2024-05-27,1,29,29,29
7a05ac5f-9fc2-48a8-9dd1-89371be0786e,2024-06-03,1,42.39,42.39,42.39
7a05ac5f-9fc2-48a8-9dd1-89371be0786e,2024-06-24,2,45.58,42.61,48.54
7a05ac5f-9fc2-48a8-9dd1-89371be0786e,2024-08-12,1,96.69,96.69,96.69
7a05ac5f-9fc2-48a8-9dd1-89371be0786e,2024-08-19,1,39.99,39.99,39.99
7a05ac5f-9fc2-48a8-9dd1-89371be0786e,2024-08-26,2,35.5,31,40
7a05ac5f-9fc2-48a8-9dd1-89371be0786e,2024-09-02,1,30,30,30
7a05ac5f-9fc2-48a8-9dd1-89371be0786e,2024-09-16,1,32,32,32
7a05ac5f-9fc2-48a8-9dd1-89371be0786e,2024-09-30,1,23.5,23.5,23.5
7a05ac5f-9fc2-48a8-9dd1-89371be0786e,2024-10-14,1,33,33,33
7a05ac5f-9fc2-48a8-9dd1-89371be0786e,2024-10-28,2,26.36,22.72,30
7a05ac5f-9fc2-48a8-9dd1-89371be0786e,2024-11-25,2,32,30,33.99
7a05ac5f-9fc2-48a8-9dd1-89371be0786e,2024-12-02,2,29.88,29.76,30
7a05ac5f-9fc2-48a8-9dd1-89371be0786e,2024-12-16,1,37.99,37.99,37.99
7a05ac5f-9fc2-48a8-9dd1-89371be0786e,2024-12-23,2,42.5,39.99,45
7a05ac5f-9fc2-48a8-9dd1-89371be0786e,2024-12-30,2,34.22,25,43.43
7a05ac5f-9fc2-48a8-9dd1-89371be0786e,2025-01-13,1,29.99,29.99,29.99
7a05ac5f-9fc2-48a8-9dd1-89371be0786e,2025-01-20,4,41,33.6,44.95
7a05ac5f-9fc2-48a8-9dd1-89371be0786e,2025-01-27,5,49.99,25,54.99
7a05ac5f-9fc2-48a8-9dd1-89371be0786e,2025-02-03,3,64.99,56.52,72.21
7a05ac5f-9fc2-48a8-9dd1-89371be0786e,2025-02-10,3,55,44.95,99.99
7a05ac5f-9fc2-48a8-9dd1-89371be0786e,2025-02-17,4,66.38,50,102.5
7a05ac5f-9fc2-48a8-9dd1-89371be0786e,2025-02-24,1,90,90,90
7a05ac5f-9fc2-48a8-9dd1-89371be0786e,2025-03-03,2,66.99,63.98,70
7a05ac5f-9fc2-48a8-9dd1-89371be0786e,2025-03-10,1,75,75,75
7a05ac5f-9fc2-48a8-9dd1-89371be0786e,2025-03-17,1,100,100,100
7a05ac5f-9fc2-48a8-9dd1-89371be0786e,2025-03-24,1,100,100,100
7a05ac5f-9fc2-48a8-9dd1-89371be0786e,2025-04-07,2,81.75,60,103.5
7a05ac5f-9fc2-48a8-9dd1-89371be0786e,2025-04-14,1,61,61,61
7a05ac5f-9fc2-48a8-9dd1-89371be0786e,2025-05-05,1,60,60,60
7a05ac5f-9fc2-48a8-9dd1-89371be0786e,2025-05-12,1,52,52,52
7a05ac5f-9fc2-48a8-9dd1-89371be0786e,2025-05-19,2,62.5,57,68
7a05ac5f-9fc2-48a8-9dd1-89371be0786e,2025-05-26,1,61,61,61
7a05ac5f-9fc2-48a8-9dd1-89371be0786e,2025-06-02,2,79.5,76,83
7a05ac5f-9fc2-48a8-9dd1-89371be0786e,2025-06-09,2,69,56,81.99
7a05ac5f-9fc2-48a8-9dd1-89371be0786e,2025-06-16,2,64.5,61,68
7a05ac5f-9fc2-48a8-9dd1-89371be0786e,2025-06-23,3,69.17,64,70
7a05ac5f-9fc2-48a8-9dd1-89371be0786e,2025-06-30,3,99,60,99.98
7a05ac5f-9fc2-48a8-9dd1-89371be0786e,2025-07-07,7,90,80,120
7a05ac5f-9fc2-48a8-9dd1-89371be0786e,2025-07-14,5,97.99,77.1,107.33
7a05ac5f-9fc2-48a8-9dd1-89371be0786e,2025-07-21,3,105,72.8,109.99
7a05ac5f-9fc2-48a8-9dd1-89371be0786e,2025-07-28,4,96,92.99,104.99
7a05ac5f-9fc2-48a8-9dd1-89371be0786e,2025-08-04,1,120,120,120
7a05ac5f-9fc2-48a8-9dd1-89371be0786e,2025-08-11,5,93,86,134.99
7a05ac5f-9fc2-48a8-9dd1-89371be0786e,2025-08-18,2,85.4,76.8,94
7a05ac5f-9fc2-48a8-9dd1-89371be0786e,2025-08-25,7,101,91,113.5
7a05ac5f-9fc2-48a8-9dd1-89371be0786e,2025-09-01,9,102.5,86,139.99
7a05ac5f-9fc2-48a8-9dd1-89371be0786e,2025-09-08,6,121.08,113,199.99
7a05ac5f-9fc2-48a8-9dd1-89371be0786e,2025-09-15,3,132.5,117.5,138
7a05ac5f-9fc2-48a8-9dd1-89371be0786e,2025-09-22,1,169.99,169.99,169.99
7a05ac5f-9fc2-48a8-9dd1-89371be0786e,2025-09-29,2,120,110,130
7a05ac5f-9fc2-48a8-9dd1-89371be0786e,2025-10-06,1,130.81,130.81,130.81
7a05ac5f-9fc2-48a8-9dd1-89371be0786e,2025-10-13,1,135.5,135.5,135.5
7a05ac5f-9fc2-48a8-9dd1-89371be0786e,2025-10-20,1,105.42,105.42,105.42
7a05ac5f-9fc2-48a8-9dd1-89371be0786e,2025-10-27,2,118.75,115,122.5
7a05ac5f-9fc2-48a8-9dd1-89371be0786e,2025-11-03,1,110,110,110
7a05ac5f-9fc2-48a8-9dd1-89371be0786e,2025-11-10,2,109.5,99,119.99
7a05ac5f-9fc2-48a8-9dd1-89371be0786e,2025-11-17,3,91,90,114.95
7a05ac5f-9fc2-48a8-9dd1-89371be0786e,2025-11-24,3,82.73,69.6,119.99
7a05ac5f-9fc2-48a8-9dd1-89371be0786e,2025-12-01,2,127.5,110,145
7a05ac5f-9fc2-48a8-9dd1-89371be0786e,2025-12-08,1,113.44,113.44,113.44
7a05ac5f-9fc2-48a8-9dd1-89371be0786e,2025-12-15,4,108.99,80.21,126
7a05ac5f-9fc2-48a8-9dd1-89371be0786e,2025-12-22,7,91.01,84,240
7a05ac5f-9fc2-48a8-9dd1-89371be0786e,2025-12-29,1,100,100,100
7a05ac5f-9fc2-48a8-9dd1-89371be0786e,2026-01-05,2,87,84,90
7a05ac5f-9fc2-48a8-9dd1-89371be0786e,2026-01-19,2,88.97,78,99.95
7a05ac5f-9fc2-48a8-9dd1-89371be0786e,2026-02-02,5,110,76,120
7a05ac5f-9fc2-48a8-9dd1-89371be0786e,2026-02-09,3,123.99,118.99,131
7a05ac5f-9fc2-48a8-9dd1-89371be0786e,2026-02-16,5,129.99,81.6,133.99
7a05ac5f-9fc2-48a8-9dd1-89371be0786e,2026-02-23,4,112.5,86,185
7a05ac5f-9fc2-48a8-9dd1-89371be0786e,2026-03-09,5,107.99,88.5,144.39
7a05ac5f-9fc2-48a8-9dd1-89371be0786e,2026-03-16,2,165.02,133.41,196.64
7a05ac5f-9fc2-48a8-9dd1-89371be0786e,2026-03-23,3,175,150,185
7a05ac5f-9fc2-48a8-9dd1-89371be0786e,2026-03-30,2,190.56,155,226.12
7a05ac5f-9fc2-48a8-9dd1-89371be0786e,2026-04-06,3,158.42,138,224.99
7a05ac5f-9fc2-48a8-9dd1-89371be0786e,2026-04-13,1,129.95,129.95,129.95
7a05ac5f-9fc2-48a8-9dd1-89371be0786e,2026-04-20,1,199.99,199.99,199.99
7a05ac5f-9fc2-48a8-9dd1-89371be0786e,2026-04-27,4,199.99,160,201.5
7a05ac5f-9fc2-48a8-9dd1-89371be0786e,2026-05-04,5,199.99,170,220
7a05ac5f-9fc2-48a8-9dd1-89371be0786e,2026-05-11,2,194,188,200
7a05ac5f-9fc2-48a8-9dd1-89371be0786e,2026-05-18,4,210,168,245
7a05ac5f-9fc2-48a8-9dd1-89371be0786e,2026-06-01,1,239.99,239.99,239.99
7a05ac5f-9fc2-48a8-9dd1-89371be0786e,2026-06-08,2,218.25,211.49,225
7a05ac5f-9fc2-48a8-9dd1-89371be0786e,2026-06-15,4,231.19,199.99,244.99
7a05ac5f-9fc2-48a8-9dd1-89371be0786e,2026-06-22,2,223.75,212.5,235
7a05ac5f-9fc2-48a8-9dd1-89371be0786e,2026-06-29,2,213.47,201.93,225
7a05ac5f-9fc2-48a8-9dd1-89371be0786e,2026-07-06,3,204.52,173.27,242
7a05ac5f-9fc2-48a8-9dd1-89371be0786e,2026-07-20,2,186.25,175,197.5
7a05ac5f-9fc2-48a8-9dd1-89371be0786e,2026-07-27,1,220,220,220
7a05ac5f-9fc2-48a8-9dd1-89371be0786e,2026-08-10,2,169.53,165,174.07
7a05ac5f-9fc2-48a8-9dd1-89371be0786e,2026-08-17,1,212.5,212.5,212.5
7a05ac5f-9fc2-48a8-9dd1-89371be0786e,2026-08-24,1,201,201,201
7a05ac5f-9fc2-48a8-9dd1-89371be0786e,2026-08-31,2,207.97,186,229.95
7a05ac5f-9fc2-48a8-9dd1-89371be0786e,2026-09-07,3,242,230,249.99
7a07606a-21e4-4b59-bf54-921f0bbc9acf,2023-09-25,1,13.5,13.5,13.5
7a07606a-21e4-4b59-bf54-921f0bbc9acf,2023-12-11,1,17.05,17.05,17.05
7a07606a-21e4-4b59-bf54-921f0bbc9acf,2023-12-18,1,20.71,20.71,20.71
7a07606a-21e4-4b59-bf54-921f0bbc9acf,2024-01-29,1,10.5,10.5,10.5
7a07606a-21e4-4b59-bf54-921f0bbc9acf,2024-02-12,1,15.5,15.5,15.5
7a07606a-21e4-4b59-bf54-921f0bbc9acf,2024-02-19,2,8,8,8
7a07606a-21e4-4b59-bf54-921f0bbc9acf,2024-02-26,2,13.57,11.55,15.6
7a07606a-21e4-4b59-bf54-921f0bbc9acf,2024-06-03,1,7.5,7.5,7.5
7a07606a-21e4-4b59-bf54-921f0bbc9acf,2024-06-24,2,14.01,9.09,18.93
7a07606a-21e4-4b59-bf54-921f0bbc9acf,2024-07-08,1,8.5,8.5,8.5
7a07606a-21e4-4b59-bf54-921f0bbc9acf,2024-07-15,1,16.82,16.82,16.82
7a07606a-21e4-4b59-bf54-921f0bbc9acf,2024-09-09,1,35,35,35
7a07606a-21e4-4b59-bf54-921f0bbc9acf,2024-09-30,1,23.5,23.5,23.5
7a07606a-21e4-4b59-bf54-921f0bbc9acf,2024-10-14,1,19.99,19.99,19.99
7a07606a-21e4-4b59-bf54-921f0bbc9acf,2024-10-28,2,27.5,13.01,42
7a07606a-21e4-4b59-bf54-921f0bbc9acf,2024-11-04,1,20,20,20
7a07606a-21e4-4b59-bf54-921f0bbc9acf,2024-11-11,1,23.25,23.25,23.25
7a07606a-21e4-4b59-bf54-921f0bbc9acf,2024-12-23,1,19.99,19.99,19.99
7a07606a-21e4-4b59-bf54-921f0bbc9acf,2024-12-30,1,35,35,35
7a07606a-21e4-4b59-bf54-921f0bbc9acf,2025-01-13,1,24.99,24.99,24.99
7a07606a-21e4-4b59-bf54-921f0bbc9acf,2025-01-20,1,23.99,23.99,23.99
7a07606a-21e4-4b59-bf54-921f0bbc9acf,2025-01-27,1,18,18,18
7a07606a-21e4-4b59-bf54-921f0bbc9acf,2025-02-10,1,21.6,21.6,21.6
7a07606a-21e4-4b59-bf54-921f0bbc9acf,2025-02-17,1,23,23,23
7a07606a-21e4-4b59-bf54-921f0bbc9acf,2025-03-03,1,24.99,24.99,24.99
7a07606a-21e4-4b59-bf54-921f0bbc9acf,2025-03-24,2,20.99,20,21.99
7a07606a-21e4-4b59-bf54-921f0bbc9acf,2025-05-12,1,20.4,20.4,20.4
7a07606a-21e4-4b59-bf54-921f0bbc9acf,2025-05-19,1,17.5,17.5,17.5
7a07606a-21e4-4b59-bf54-921f0bbc9acf,2025-06-02,1,25.2,25.2,25.2
7a07606a-21e4-4b59-bf54-921f0bbc9acf,2025-06-30,1,24.99,24.99,24.99
7a07606a-21e4-4b59-bf54-921f0bbc9acf,2025-07-21,1,22,22,22
7a07606a-21e4-4b59-bf54-921f0bbc9acf,2025-09-15,1,21,21,21
7a07606a-21e4-4b59-bf54-921f0bbc9acf,2025-10-13,1,37.99,37.99,37.99
7a07606a-21e4-4b59-bf54-921f0bbc9acf,2026-02-09,1,18,18,18
7a07606a-21e4-4b59-bf54-921f0bbc9acf,2026-04-13,1,34.99,34.99,34.99
7a07606a-21e4-4b59-bf54-921f0bbc9acf,2026-04-20,1,35,35,35
7a07606a-21e4-4b59-bf54-921f0bbc9acf,2026-04-27,1,47.66,47.66,47.66
7a07606a-21e4-4b59-bf54-921f0bbc9acf,2026-05-11,1,46,46,46
7a07606a-21e4-4b59-bf54-921f0bbc9acf,2026-06-01,1,35,35,35
7a07606a-21e4-4b59-bf54-921f0bbc9acf,2026-06-15,2,40,40,40
7a0965d1-b2f5-469b-a88f-af088156ff73,2024-03-25,1,26,26,26
7a0965d1-b2f5-469b-a88f-af088156ff73,2024-04-01,1,29,29,29
7a0965d1-b2f5-469b-a88f-af088156ff73,2024-04-08,1,14.5,14.5,14.5
7a0965d1-b2f5-469b-a88f-af088156ff73,2024-05-06,1,39.95,39.95,39.95
7a0965d1-b2f5-469b-a88f-af088156ff73,2024-07-08,2,37.6,25.2,50
7a0965d1-b2f5-469b-a88f-af088156ff73,2024-08-12,1,21.5,21.5,21.5
7a0965d1-b2f5-469b-a88f-af088156ff73,2024-09-23,1,49.99,49.99,49.99
7a0965d1-b2f5-469b-a88f-af088156ff73,2024-11-11,1,22.5,22.5,22.5
7a0965d1-b2f5-469b-a88f-af088156ff73,2024-11-25,2,37.24,24.49,50
7a0965d1-b2f5-469b-a88f-af088156ff73,2024-12-09,1,44.99,44.99,44.99
7a0965d1-b2f5-469b-a88f-af088156ff73,2025-01-06,1,60,60,60
7a0965d1-b2f5-469b-a88f-af088156ff73,2025-01-20,1,38.99,38.99,38.99
7a0965d1-b2f5-469b-a88f-af088156ff73,2025-03-17,2,39.48,30,48.95
7a0965d1-b2f5-469b-a88f-af088156ff73,2025-03-31,1,46.01,46.01,46.01
7a0965d1-b2f5-469b-a88f-af088156ff73,2025-06-02,1,44.99,44.99,44.99
7a0965d1-b2f5-469b-a88f-af088156ff73,2025-10-27,1,33,33,33
7a0965d1-b2f5-469b-a88f-af088156ff73,2025-12-08,1,68,68,68
7a0965d1-b2f5-469b-a88f-af088156ff73,2026-01-05,1,41,41,41
7a0965d1-b2f5-469b-a88f-af088156ff73,2026-07-06,1,125,125,125
7a0cde57-ee13-41d5-9c23-68f6e4c3c9d5,2021-03-01,1,1500,1500,1500
7a0cde57-ee13-41d5-9c23-68f6e4c3c9d5,2021-04-12,1,1025,1025,1025
7a0cde57-ee13-41d5-9c23-68f6e4c3c9d5,2021-04-26,1,1875,1875,1875
7a0cde57-ee13-41d5-9c23-68f6e4c3c9d5,2021-05-10,1,1050,1050,1050
7a0cde57-ee13-41d5-9c23-68f6e4c3c9d5,2021-05-24,1,1375,1375,1375
7a0cde57-ee13-41d5-9c23-68f6e4c3c9d5,2021-05-31,1,1275,1275,1275
7a0cde57-ee13-41d5-9c23-68f6e4c3c9d5,2021-06-21,1,950,950,950
7a0cde57-ee13-41d5-9c23-68f6e4c3c9d5,2021-07-26,1,3525,3525,3525
7a0cde57-ee13-41d5-9c23-68f6e4c3c9d5,2021-08-02,1,2204.41,2204.41,2204.41
7a0cde57-ee13-41d5-9c23-68f6e4c3c9d5,2021-10-25,1,2100,2100,2100
7a0cde57-ee13-41d5-9c23-68f6e4c3c9d5,2021-11-01,1,2050,2050,2050
7a0cde57-ee13-41d5-9c23-68f6e4c3c9d5,2021-11-22,1,1800,1800,1800
7a0cde57-ee13-41d5-9c23-68f6e4c3c9d5,2021-12-06,1,1650,1650,1650
7a0cde57-ee13-41d5-9c23-68f6e4c3c9d5,2022-01-03,2,2175,2150,2200
7a0cde57-ee13-41d5-9c23-68f6e4c3c9d5,2022-01-10,2,2325,2150,2500
7a0cde57-ee13-41d5-9c23-68f6e4c3c9d5,2022-01-24,1,2250,2250,2250
7a0cde57-ee13-41d5-9c23-68f6e4c3c9d5,2022-02-21,2,2001.26,1482.53,2520
7a0cde57-ee13-41d5-9c23-68f6e4c3c9d5,2022-03-07,1,1770,1770,1770
7a0cde57-ee13-41d5-9c23-68f6e4c3c9d5,2022-03-21,1,1750,1750,1750
7a0cde57-ee13-41d5-9c23-68f6e4c3c9d5,2022-04-04,1,1511,1511,1511
7a0cde57-ee13-41d5-9c23-68f6e4c3c9d5,2022-04-11,1,1350,1350,1350
7a0cde57-ee13-41d5-9c23-68f6e4c3c9d5,2022-04-25,1,1350,1350,1350
7a0cde57-ee13-41d5-9c23-68f6e4c3c9d5,2022-05-02,1,1680,1680,1680
7a0cde57-ee13-41d5-9c23-68f6e4c3c9d5,2022-05-23,1,1650,1650,1650
7a0cde57-ee13-41d5-9c23-68f6e4c3c9d5,2022-06-06,1,2500,2500,2500
7a0cde57-ee13-41d5-9c23-68f6e4c3c9d5,2022-11-21,1,1762.16,1762.16,1762.16
7a0cde57-ee13-41d5-9c23-68f6e4c3c9d5,2022-12-19,1,1500,1500,1500
7a0cde57-ee13-41d5-9c23-68f6e4c3c9d5,2022-12-26,1,1450,1450,1450
7a0cde57-ee13-41d5-9c23-68f6e4c3c9d5,2023-02-06,1,1545,1545,1545
7a0cde57-ee13-41d5-9c23-68f6e4c3c9d5,2023-02-27,1,1350,1350,1350
7a0cde57-ee13-41d5-9c23-68f6e4c3c9d5,2023-03-06,1,1550,1550,1550
7a0cde57-ee13-41d5-9c23-68f6e4c3c9d5,2023-03-13,1,1201.2,1201.2,1201.2
7a0cde57-ee13-41d5-9c23-68f6e4c3c9d5,2023-04-10,1,1600,1600,1600
7a0cde57-ee13-41d5-9c23-68f6e4c3c9d5,2023-11-20,1,1380,1380,1380
7a0cde57-ee13-41d5-9c23-68f6e4c3c9d5,2023-11-27,1,1170,1170,1170
7a0cde57-ee13-41d5-9c23-68f6e4c3c9d5,2023-12-04,1,450,450,450
7a0cde57-ee13-41d5-9c23-68f6e4c3c9d5,2023-12-25,1,1300,1300,1300
7a0cde57-ee13-41d5-9c23-68f6e4c3c9d5,2024-02-05,1,1250,1250,1250
7a0cde57-ee13-41d5-9c23-68f6e4c3c9d5,2024-02-19,1,1700,1700,1700
7a0cde57-ee13-41d5-9c23-68f6e4c3c9d5,2024-04-01,1,1425,1425,1425
7a0cde57-ee13-41d5-9c23-68f6e4c3c9d5,2024-04-08,1,1462.38,1462.38,1462.38
7a0cde57-ee13-41d5-9c23-68f6e4c3c9d5,2024-05-06,1,1350,1350,1350
7a0cde57-ee13-41d5-9c23-68f6e4c3c9d5,2024-05-20,3,1613.55,1251,1687.27
7a0cde57-ee13-41d5-9c23-68f6e4c3c9d5,2024-06-24,1,1700,1700,1700
7a0cde57-ee13-41d5-9c23-68f6e4c3c9d5,2024-07-29,1,1230,1230,1230
7a0cde57-ee13-41d5-9c23-68f6e4c3c9d5,2024-09-16,1,1006.5,1006.5,1006.5
7a0cde57-ee13-41d5-9c23-68f6e4c3c9d5,2024-10-07,2,1725,1700,1750
7a0cde57-ee13-41d5-9c23-68f6e4c3c9d5,2024-11-18,1,1216.15,1216.15,1216.15
7a0cde57-ee13-41d5-9c23-68f6e4c3c9d5,2024-12-09,1,1114.53,1114.53,1114.53
7a0cde57-ee13-41d5-9c23-68f6e4c3c9d5,2025-01-20,2,1767,1659,1875
7a0cde57-ee13-41d5-9c23-68f6e4c3c9d5,2025-03-03,2,1844.01,1838.02,1850
7a0cde57-ee13-41d5-9c23-68f6e4c3c9d5,2025-03-24,1,2000,2000,2000
7a0cde57-ee13-41d5-9c23-68f6e4c3c9d5,2025-03-31,1,2100,2100,2100
7a0cde57-ee13-41d5-9c23-68f6e4c3c9d5,2025-04-14,1,2200,2200,2200
7a0cde57-ee13-41d5-9c23-68f6e4c3c9d5,2025-06-23,1,4410,4410,4410
7a0cde57-ee13-41d5-9c23-68f6e4c3c9d5,2025-06-30,1,3950,3950,3950
7a0cde57-ee13-41d5-9c23-68f6e4c3c9d5,2025-08-04,1,5000,5000,5000
7a0cde57-ee13-41d5-9c23-68f6e4c3c9d5,2025-08-11,1,4920,4920,4920
7a0cde57-ee13-41d5-9c23-68f6e4c3c9d5,2025-09-29,2,4125,3650,4600
7a0cde57-ee13-41d5-9c23-68f6e4c3c9d5,2025-11-10,1,6000,6000,6000
7a0cde57-ee13-41d5-9c23-68f6e4c3c9d5,2025-11-17,2,4700,4400,5000
7a0cde57-ee13-41d5-9c23-68f6e4c3c9d5,2026-01-19,1,5000,5000,5000
7a0cde57-ee13-41d5-9c23-68f6e4c3c9d5,2026-02-23,2,4799.98,4799.95,4800
7a0cde57-ee13-41d5-9c23-68f6e4c3c9d5,2026-03-16,1,6100,6100,6100
7a0cde57-ee13-41d5-9c23-68f6e4c3c9d5,2026-03-30,1,8999,8999,8999
7a0cde57-ee13-41d5-9c23-68f6e4c3c9d5,2026-04-06,2,8683.9,8368.8,8999
7a0cde57-ee13-41d5-9c23-68f6e4c3c9d5,2026-04-20,1,8200,8200,8200
7a0cde57-ee13-41d5-9c23-68f6e4c3c9d5,2026-04-27,1,8600,8600,8600
7a0cde57-ee13-41d5-9c23-68f6e4c3c9d5,2026-05-18,1,8999,8999,8999
7a0cde57-ee13-41d5-9c23-68f6e4c3c9d5,2026-06-01,1,14000,14000,14000
7a0cde57-ee13-41d5-9c23-68f6e4c3c9d5,2026-08-03,1,20630.4,20630.4,20630.4
7a0db681-47ab-4ac8-96b2-f66a1d32c6a5,2026-03-30,1,24.5,24.5,24.5
7a0db681-47ab-4ac8-96b2-f66a1d32c6a5,2026-06-22,1,29,29,29
7a0db681-47ab-4ac8-96b2-f66a1d32c6a5,2026-07-27,1,18.5,18.5,18.5
7a0db681-47ab-4ac8-96b2-f66a1d32c6a5,2026-08-10,1,30,30,30
7a0dfc0d-f07a-4bf3-9c43-dd9ee58c8f1b,2022-04-18,1,49.99,49.99,49.99
7a0dfc0d-f07a-4bf3-9c43-dd9ee58c8f1b,2023-02-13,1,109.99,109.99,109.99
7a0dfc0d-f07a-4bf3-9c43-dd9ee58c8f1b,2024-04-29,1,85,85,85
7a0dfc0d-f07a-4bf3-9c43-dd9ee58c8f1b,2025-04-07,1,75,75,75
7a100f4c-420c-4e41-9dc2-ab6b11e88c75,2023-02-27,1,98.21,98.21,98.21
7a100f4c-420c-4e41-9dc2-ab6b11e88c75,2023-03-13,2,257.96,109.01,406.91
7a100f4c-420c-4e41-9dc2-ab6b11e88c75,2023-03-20,1,79.2,79.2,79.2
7a100f4c-420c-4e41-9dc2-ab6b11e88c75,2023-03-27,3,79.2,78,84.99
7a100f4c-420c-4e41-9dc2-ab6b11e88c75,2023-04-03,2,110.5,71,149.99
7a100f4c-420c-4e41-9dc2-ab6b11e88c75,2023-04-10,1,149.99,149.99,149.99
7a100f4c-420c-4e41-9dc2-ab6b11e88c75,2023-05-01,1,119.99,119.99,119.99
7a100f4c-420c-4e41-9dc2-ab6b11e88c75,2023-05-08,1,81,81,81
7a100f4c-420c-4e41-9dc2-ab6b11e88c75,2023-05-15,2,82.2,44.4,120
7a100f4c-420c-4e41-9dc2-ab6b11e88c75,2023-05-29,3,101,86.4,119.99
7a100f4c-420c-4e41-9dc2-ab6b11e88c75,2023-06-05,1,99.99,99.99,99.99
7a100f4c-420c-4e41-9dc2-ab6b11e88c75,2023-06-19,3,125.99,75,147.17
7a100f4c-420c-4e41-9dc2-ab6b11e88c75,2023-06-26,1,130,130,130
7a100f4c-420c-4e41-9dc2-ab6b11e88c75,2023-07-17,1,180,180,180
7a100f4c-420c-4e41-9dc2-ab6b11e88c75,2023-08-07,1,105.5,105.5,105.5
7a100f4c-420c-4e41-9dc2-ab6b11e88c75,2023-08-14,1,127.5,127.5,127.5
7a100f4c-420c-4e41-9dc2-ab6b11e88c75,2023-09-04,1,95.32,95.32,95.32
7a100f4c-420c-4e41-9dc2-ab6b11e88c75,2023-09-11,1,167.5,167.5,167.5
7a100f4c-420c-4e41-9dc2-ab6b11e88c75,2023-09-18,1,140,140,140
7a100f4c-420c-4e41-9dc2-ab6b11e88c75,2023-09-25,3,86,74,91
7a100f4c-420c-4e41-9dc2-ab6b11e88c75,2023-11-06,1,79.2,79.2,79.2
7a100f4c-420c-4e41-9dc2-ab6b11e88c75,2023-11-13,2,88.59,77.17,100
7a100f4c-420c-4e41-9dc2-ab6b11e88c75,2023-12-11,1,84.99,84.99,84.99
7a100f4c-420c-4e41-9dc2-ab6b11e88c75,2023-12-18,1,81.99,81.99,81.99
7a100f4c-420c-4e41-9dc2-ab6b11e88c75,2023-12-25,2,94.03,61.02,127.04
7a100f4c-420c-4e41-9dc2-ab6b11e88c75,2024-01-01,3,60,56.55,69.66
7a100f4c-420c-4e41-9dc2-ab6b11e88c75,2024-01-15,3,69.6,69.15,102.89
7a100f4c-420c-4e41-9dc2-ab6b11e88c75,2024-01-29,1,74,74,74
7a100f4c-420c-4e41-9dc2-ab6b11e88c75,2024-02-05,1,48,48,48
7a100f4c-420c-4e41-9dc2-ab6b11e88c75,2024-04-08,1,80,80,80
7a100f4c-420c-4e41-9dc2-ab6b11e88c75,2024-04-15,1,86.4,86.4,86.4
7a100f4c-420c-4e41-9dc2-ab6b11e88c75,2024-04-22,2,64.1,49.2,79
7a100f4c-420c-4e41-9dc2-ab6b11e88c75,2024-05-13,1,50.4,50.4,50.4
7a100f4c-420c-4e41-9dc2-ab6b11e88c75,2024-05-20,1,57.6,57.6,57.6
7a100f4c-420c-4e41-9dc2-ab6b11e88c75,2024-05-27,2,59.4,49.2,69.6
7a100f4c-420c-4e41-9dc2-ab6b11e88c75,2024-06-10,3,89,50.4,144.99
7a100f4c-420c-4e41-9dc2-ab6b11e88c75,2024-06-17,1,61.2,61.2,61.2
7a100f4c-420c-4e41-9dc2-ab6b11e88c75,2024-06-24,1,49.2,49.2,49.2
7a100f4c-420c-4e41-9dc2-ab6b11e88c75,2024-07-22,1,49.2,49.2,49.2
7a100f4c-420c-4e41-9dc2-ab6b11e88c75,2024-07-29,1,118,118,118
7a100f4c-420c-4e41-9dc2-ab6b11e88c75,2024-08-05,2,66.3,57.6,75
7a100f4c-420c-4e41-9dc2-ab6b11e88c75,2024-08-12,1,37,37,37
7a100f4c-420c-4e41-9dc2-ab6b11e88c75,2024-08-19,1,76.06,76.06,76.06
7a100f4c-420c-4e41-9dc2-ab6b11e88c75,2024-08-26,1,135.43,135.43,135.43
7a100f4c-420c-4e41-9dc2-ab6b11e88c75,2024-09-09,1,57.6,57.6,57.6
7a100f4c-420c-4e41-9dc2-ab6b11e88c75,2024-09-23,2,54.3,51.6,57
7a100f4c-420c-4e41-9dc2-ab6b11e88c75,2024-11-04,3,70,69.58,85.8
7a100f4c-420c-4e41-9dc2-ab6b11e88c75,2024-11-11,3,106.49,76,119.99
7a100f4c-420c-4e41-9dc2-ab6b11e88c75,2024-11-18,3,66.72,52.5,71
7a100f4c-420c-4e41-9dc2-ab6b11e88c75,2024-11-25,1,66,66,66
7a100f4c-420c-4e41-9dc2-ab6b11e88c75,2024-12-02,1,92.95,92.95,92.95
7a100f4c-420c-4e41-9dc2-ab6b11e88c75,2024-12-09,3,89.99,63.56,119.99
7a100f4c-420c-4e41-9dc2-ab6b11e88c75,2024-12-16,2,65.5,56,75
7a100f4c-420c-4e41-9dc2-ab6b11e88c75,2024-12-23,4,71,62.9,100
7a100f4c-420c-4e41-9dc2-ab6b11e88c75,2024-12-30,1,115,115,115
7a100f4c-420c-4e41-9dc2-ab6b11e88c75,2025-02-03,2,84,78,90
7a100f4c-420c-4e41-9dc2-ab6b11e88c75,2025-02-10,3,77.67,62,82.83
7a100f4c-420c-4e41-9dc2-ab6b11e88c75,2025-02-24,1,72,72,72
7a100f4c-420c-4e41-9dc2-ab6b11e88c75,2025-03-03,6,105,45,125
7a100f4c-420c-4e41-9dc2-ab6b11e88c75,2025-03-10,1,93.6,93.6,93.6
7a100f4c-420c-4e41-9dc2-ab6b11e88c75,2025-03-17,3,110,65.89,122.86
7a100f4c-420c-4e41-9dc2-ab6b11e88c75,2025-04-07,2,118.11,78.99,157.23
7a100f4c-420c-4e41-9dc2-ab6b11e88c75,2025-04-21,2,138.41,120,156.82
7a100f4c-420c-4e41-9dc2-ab6b11e88c75,2025-05-05,1,126,126,126
7a100f4c-420c-4e41-9dc2-ab6b11e88c75,2025-05-12,2,117.19,108.39,126
7a100f4c-420c-4e41-9dc2-ab6b11e88c75,2025-05-19,1,81.6,81.6,81.6
7a100f4c-420c-4e41-9dc2-ab6b11e88c75,2025-05-26,3,101.85,84,107
7a100f4c-420c-4e41-9dc2-ab6b11e88c75,2025-06-09,1,124.99,124.99,124.99
7a100f4c-420c-4e41-9dc2-ab6b11e88c75,2025-06-16,3,152.5,138.26,153.99
7a100f4c-420c-4e41-9dc2-ab6b11e88c75,2025-06-30,1,126,126,126
7a100f4c-420c-4e41-9dc2-ab6b11e88c75,2025-07-07,2,147.92,145.84,149.99
7a100f4c-420c-4e41-9dc2-ab6b11e88c75,2025-07-21,1,162.33,162.33,162.33
7a100f4c-420c-4e41-9dc2-ab6b11e88c75,2025-07-28,1,95.01,95.01,95.01
7a100f4c-420c-4e41-9dc2-ab6b11e88c75,2025-08-04,2,166.96,140.04,193.88
7a100f4c-420c-4e41-9dc2-ab6b11e88c75,2025-08-11,2,86.4,86.4,86.4
7a100f4c-420c-4e41-9dc2-ab6b11e88c75,2025-08-18,3,98.4,96,113.5
7a100f4c-420c-4e41-9dc2-ab6b11e88c75,2025-08-25,4,124,84,206.42
7a100f4c-420c-4e41-9dc2-ab6b11e88c75,2025-09-08,1,122.5,122.5,122.5
7a100f4c-420c-4e41-9dc2-ab6b11e88c75,2025-09-22,1,127.5,127.5,127.5
7a100f4c-420c-4e41-9dc2-ab6b11e88c75,2025-09-29,1,135,135,135
7a100f4c-420c-4e41-9dc2-ab6b11e88c75,2025-10-06,2,173.5,149,197.99
7a100f4c-420c-4e41-9dc2-ab6b11e88c75,2025-10-13,1,135,135,135
7a100f4c-420c-4e41-9dc2-ab6b11e88c75,2025-10-27,1,157.02,157.02,157.02
7a100f4c-420c-4e41-9dc2-ab6b11e88c75,2025-11-17,1,135,135,135
7a100f4c-420c-4e41-9dc2-ab6b11e88c75,2025-11-24,1,84,84,84
7a100f4c-420c-4e41-9dc2-ab6b11e88c75,2025-12-15,1,175,175,175
7a100f4c-420c-4e41-9dc2-ab6b11e88c75,2025-12-29,1,180,180,180
7a100f4c-420c-4e41-9dc2-ab6b11e88c75,2026-01-05,1,100,100,100
7a100f4c-420c-4e41-9dc2-ab6b11e88c75,2026-01-19,3,115,108,127.5
7a100f4c-420c-4e41-9dc2-ab6b11e88c75,2026-01-26,4,129.99,100,129.99
7a100f4c-420c-4e41-9dc2-ab6b11e88c75,2026-02-02,1,120,120,120
7a100f4c-420c-4e41-9dc2-ab6b11e88c75,2026-02-09,1,83,83,83
7a100f4c-420c-4e41-9dc2-ab6b11e88c75,2026-02-16,2,94,40,148
7a100f4c-420c-4e41-9dc2-ab6b11e88c75,2026-02-23,2,128.8,117.6,140
7a100f4c-420c-4e41-9dc2-ab6b11e88c75,2026-03-16,4,146.75,117.6,182.66
7a100f4c-420c-4e41-9dc2-ab6b11e88c75,2026-03-30,5,175,162,201.24
7a100f4c-420c-4e41-9dc2-ab6b11e88c75,2026-04-06,1,155,155,155
7a100f4c-420c-4e41-9dc2-ab6b11e88c75,2026-04-13,1,162.5,162.5,162.5
7a100f4c-420c-4e41-9dc2-ab6b11e88c75,2026-04-20,1,185,185,185
7a100f4c-420c-4e41-9dc2-ab6b11e88c75,2026-04-27,2,149.61,131.5,167.71
7a100f4c-420c-4e41-9dc2-ab6b11e88c75,2026-05-25,1,158.5,158.5,158.5
7a100f4c-420c-4e41-9dc2-ab6b11e88c75,2026-06-01,3,399,257.96,499
7a100f4c-420c-4e41-9dc2-ab6b11e88c75,2026-06-15,1,290,290,290
7a100f4c-420c-4e41-9dc2-ab6b11e88c75,2026-06-22,2,170.56,91.13,250
7a100f4c-420c-4e41-9dc2-ab6b11e88c75,2026-06-29,3,227.5,225.34,270
7a100f4c-420c-4e41-9dc2-ab6b11e88c75,2026-07-06,2,156.03,69.57,242.5
7a100f4c-420c-4e41-9dc2-ab6b11e88c75,2026-07-13,1,235.5,235.5,235.5
7a100f4c-420c-4e41-9dc2-ab6b11e88c75,2026-08-10,3,172.5,164.5,200
7a100f4c-420c-4e41-9dc2-ab6b11e88c75,2026-08-17,1,152.5,152.5,152.5
7a100f4c-420c-4e41-9dc2-ab6b11e88c75,2026-08-31,3,230,150,237.49
7a116daf-02f7-45a0-bbc3-af5d59470c13,2023-03-27,1,59.85,59.85,59.85
7a116daf-02f7-45a0-bbc3-af5d59470c13,2023-10-23,2,19.75,19.5,20
7a116daf-02f7-45a0-bbc3-af5d59470c13,2023-12-04,1,26,26,26
7a116daf-02f7-45a0-bbc3-af5d59470c13,2023-12-18,1,41,41,41
7a116daf-02f7-45a0-bbc3-af5d59470c13,2024-04-15,1,35,35,35
7a116daf-02f7-45a0-bbc3-af5d59470c13,2024-11-11,1,34.99,34.99,34.99
7a116daf-02f7-45a0-bbc3-af5d59470c13,2025-01-27,1,28,28,28
7a116daf-02f7-45a0-bbc3-af5d59470c13,2025-04-07,1,36,36,36
7a116daf-02f7-45a0-bbc3-af5d59470c13,2025-09-08,1,38,38,38
7a116daf-02f7-45a0-bbc3-af5d59470c13,2026-02-09,2,40,40,40
7a116daf-02f7-45a0-bbc3-af5d59470c13,2026-07-13,1,40.8,40.8,40.8
7a116daf-02f7-45a0-bbc3-af5d59470c13,2026-08-17,1,64.99,64.99,64.99
7a12a470-7bf8-4523-b0f9-d57df4b89d49,2021-10-11,1,68,68,68
7a12a470-7bf8-4523-b0f9-d57df4b89d49,2022-05-30,1,60,60,60
7a12a470-7bf8-4523-b0f9-d57df4b89d49,2022-08-22,1,21.6,21.6,21.6
7a12a470-7bf8-4523-b0f9-d57df4b89d49,2022-10-24,1,100,100,100
7a12a470-7bf8-4523-b0f9-d57df4b89d49,2023-03-13,1,78.91,78.91,78.91
7a12a470-7bf8-4523-b0f9-d57df4b89d49,2024-05-13,1,74.99,74.99,74.99
7a12a470-7bf8-4523-b0f9-d57df4b89d49,2025-02-17,1,46,46,46
7a12a470-7bf8-4523-b0f9-d57df4b89d49,2025-08-18,1,77.03,77.03,77.03
7a12a470-7bf8-4523-b0f9-d57df4b89d49,2026-06-08,1,351.6,351.6,351.6
7a171a04-2691-48c8-9125-818d6993a5e8,2025-06-02,1,76,76,76
7a171a04-2691-48c8-9125-818d6993a5e8,2025-06-23,1,150,150,150
7a171a04-2691-48c8-9125-818d6993a5e8,2025-10-13,1,123,123,123
7a171a04-2691-48c8-9125-818d6993a5e8,2026-01-26,1,167.5,167.5,167.5
7a1788e1-673c-4007-bfc3-0b5707749ddc,2021-12-13,1,67.99,67.99,67.99
7a1788e1-673c-4007-bfc3-0b5707749ddc,2022-03-07,1,60,60,60
7a1788e1-673c-4007-bfc3-0b5707749ddc,2022-09-19,1,98,98,98
7a1788e1-673c-4007-bfc3-0b5707749ddc,2022-11-07,1,100,100,100
7a1788e1-673c-4007-bfc3-0b5707749ddc,2022-12-12,1,79,79,79
7a1788e1-673c-4007-bfc3-0b5707749ddc,2023-01-16,2,110,80,139.99
7a1788e1-673c-4007-bfc3-0b5707749ddc,2023-03-13,1,51.6,51.6,51.6
7a1788e1-673c-4007-bfc3-0b5707749ddc,2023-03-27,2,53.4,52.8,54
7a1788e1-673c-4007-bfc3-0b5707749ddc,2023-05-08,1,70,70,70
7a1788e1-673c-4007-bfc3-0b5707749ddc,2023-05-22,1,51.8,51.8,51.8
7a1788e1-673c-4007-bfc3-0b5707749ddc,2023-05-29,1,73,73,73
7a1788e1-673c-4007-bfc3-0b5707749ddc,2023-06-05,1,52,52,52
7a1788e1-673c-4007-bfc3-0b5707749ddc,2023-06-12,2,56.5,46,67
7a1788e1-673c-4007-bfc3-0b5707749ddc,2023-07-10,1,47.6,47.6,47.6
7a1788e1-673c-4007-bfc3-0b5707749ddc,2023-07-17,1,51,51,51
7a1788e1-673c-4007-bfc3-0b5707749ddc,2023-07-24,1,59.33,59.33,59.33
7a1788e1-673c-4007-bfc3-0b5707749ddc,2023-07-31,1,51,51,51
7a1788e1-673c-4007-bfc3-0b5707749ddc,2023-08-07,1,33,33,33
7a1788e1-673c-4007-bfc3-0b5707749ddc,2023-08-14,1,50,50,50
7a1788e1-673c-4007-bfc3-0b5707749ddc,2023-10-16,3,38.4,37.2,57.05
7a1788e1-673c-4007-bfc3-0b5707749ddc,2024-03-04,1,59,59,59
7a1788e1-673c-4007-bfc3-0b5707749ddc,2024-03-18,1,79.99,79.99,79.99
7a1788e1-673c-4007-bfc3-0b5707749ddc,2024-05-20,1,80,80,80
7a1788e1-673c-4007-bfc3-0b5707749ddc,2024-11-18,1,70,70,70
7a1788e1-673c-4007-bfc3-0b5707749ddc,2024-12-16,1,56,56,56
7a1788e1-673c-4007-bfc3-0b5707749ddc,2025-03-03,1,58.57,58.57,58.57
7a1788e1-673c-4007-bfc3-0b5707749ddc,2025-03-10,1,54,54,54
7a1788e1-673c-4007-bfc3-0b5707749ddc,2025-04-21,1,75,75,75
7a1788e1-673c-4007-bfc3-0b5707749ddc,2025-05-19,1,62,62,62
7a1788e1-673c-4007-bfc3-0b5707749ddc,2025-06-02,1,60,60,60
7a1788e1-673c-4007-bfc3-0b5707749ddc,2025-08-11,1,94,94,94
7a1788e1-673c-4007-bfc3-0b5707749ddc,2025-12-22,1,110,110,110
7a1788e1-673c-4007-bfc3-0b5707749ddc,2026-03-02,1,179.99,179.99,179.99
7a1788e1-673c-4007-bfc3-0b5707749ddc,2026-03-09,1,162,162,162
7a1788e1-673c-4007-bfc3-0b5707749ddc,2026-04-20,1,219.6,219.6,219.6
7a1788e1-673c-4007-bfc3-0b5707749ddc,2026-07-20,1,390,390,390
7a1788e1-673c-4007-bfc3-0b5707749ddc,2026-08-03,1,400,400,400
7a1788e1-673c-4007-bfc3-0b5707749ddc,2026-08-31,1,749.99,749.99,749.99
7a1793d8-2227-4bc6-960f-23bfe351ce58,2022-10-24,1,61,61,61
7a1793d8-2227-4bc6-960f-23bfe351ce58,2022-11-07,1,43,43,43
7a1793d8-2227-4bc6-960f-23bfe351ce58,2023-01-16,1,63.08,63.08,63.08
7a1793d8-2227-4bc6-960f-23bfe351ce58,2023-01-23,2,51.5,46.5,56.5
7a1793d8-2227-4bc6-960f-23bfe351ce58,2023-03-06,1,45.6,45.6,45.6
7a1793d8-2227-4bc6-960f-23bfe351ce58,2023-04-17,1,36.02,36.02,36.02
7a1793d8-2227-4bc6-960f-23bfe351ce58,2023-06-05,1,51,51,51
7a1793d8-2227-4bc6-960f-23bfe351ce58,2023-07-03,1,32,32,32
7a1793d8-2227-4bc6-960f-23bfe351ce58,2023-07-17,1,41,41,41
7a1793d8-2227-4bc6-960f-23bfe351ce58,2023-09-04,1,29.9,29.9,29.9
7a1793d8-2227-4bc6-960f-23bfe351ce58,2023-09-25,1,24.88,24.88,24.88
7a1793d8-2227-4bc6-960f-23bfe351ce58,2023-10-02,1,36.02,36.02,36.02
7a1793d8-2227-4bc6-960f-23bfe351ce58,2023-11-13,1,36,36,36
7a1793d8-2227-4bc6-960f-23bfe351ce58,2023-11-27,1,31.02,31.02,31.02
7a1793d8-2227-4bc6-960f-23bfe351ce58,2024-02-26,1,24.03,24.03,24.03
7a1793d8-2227-4bc6-960f-23bfe351ce58,2024-04-29,1,19.5,19.5,19.5
7a1793d8-2227-4bc6-960f-23bfe351ce58,2024-06-17,4,15.25,10.5,18
7a1793d8-2227-4bc6-960f-23bfe351ce58,2024-06-24,1,12.98,12.98,12.98
7a1793d8-2227-4bc6-960f-23bfe351ce58,2024-10-14,1,32.99,32.99,32.99
7a1793d8-2227-4bc6-960f-23bfe351ce58,2024-11-25,1,30.39,30.39,30.39
7a1793d8-2227-4bc6-960f-23bfe351ce58,2025-01-06,1,29,29,29
7a1793d8-2227-4bc6-960f-23bfe351ce58,2025-03-03,1,31.2,31.2,31.2
7a1793d8-2227-4bc6-960f-23bfe351ce58,2025-04-21,1,41.99,41.99,41.99
7a1793d8-2227-4bc6-960f-23bfe351ce58,2025-05-12,1,30,30,30
7a1793d8-2227-4bc6-960f-23bfe351ce58,2025-09-01,1,40.57,40.57,40.57
7a1793d8-2227-4bc6-960f-23bfe351ce58,2025-09-15,1,40,40,40
7a1793d8-2227-4bc6-960f-23bfe351ce58,2025-11-10,1,69.4,69.4,69.4
7a1793d8-2227-4bc6-960f-23bfe351ce58,2025-12-22,1,67.49,67.49,67.49
7a1793d8-2227-4bc6-960f-23bfe351ce58,2026-01-05,1,37.2,37.2,37.2
7a1793d8-2227-4bc6-960f-23bfe351ce58,2026-01-12,1,39.08,39.08,39.08
7a1793d8-2227-4bc6-960f-23bfe351ce58,2026-02-09,2,42.5,38,47
7a1793d8-2227-4bc6-960f-23bfe351ce58,2026-02-23,1,55,55,55
7a1793d8-2227-4bc6-960f-23bfe351ce58,2026-03-23,2,69,60,78
7a1793d8-2227-4bc6-960f-23bfe351ce58,2026-04-13,1,63,63,63
7a1793d8-2227-4bc6-960f-23bfe351ce58,2026-04-20,1,70,70,70
7a1793d8-2227-4bc6-960f-23bfe351ce58,2026-07-06,1,85,85,85
7a1793d8-2227-4bc6-960f-23bfe351ce58,2026-08-10,1,150,150,150
7a1793d8-2227-4bc6-960f-23bfe351ce58,2026-08-31,1,113.16,113.16,113.16
7a1928b5-a026-45cb-a9ac-1e686d03094c,2023-10-23,1,35,35,35
7a1928b5-a026-45cb-a9ac-1e686d03094c,2024-02-26,1,34.95,34.95,34.95
7a1928b5-a026-45cb-a9ac-1e686d03094c,2025-02-10,1,22.5,22.5,22.5
7a1bf4e7-fcca-43a7-9d46-cf446a4cf14e,2023-09-11,1,680,680,680
7a1bf4e7-fcca-43a7-9d46-cf446a4cf14e,2023-09-18,2,625.85,600,651.69
7a1bf4e7-fcca-43a7-9d46-cf446a4cf14e,2023-10-02,1,608,608,608
7a1bf4e7-fcca-43a7-9d46-cf446a4cf14e,2023-10-09,3,600,598,605
7a1bf4e7-fcca-43a7-9d46-cf446a4cf14e,2023-10-16,1,799,799,799
7a1bf4e7-fcca-43a7-9d46-cf446a4cf14e,2023-10-23,1,547.25,547.25,547.25
7a1bf4e7-fcca-43a7-9d46-cf446a4cf14e,2023-11-06,1,599.99,599.99,599.99
7a1bf4e7-fcca-43a7-9d46-cf446a4cf14e,2023-11-20,1,699.3,699.3,699.3
7a1bf4e7-fcca-43a7-9d46-cf446a4cf14e,2023-12-04,3,560,537.5,600
7a1bf4e7-fcca-43a7-9d46-cf446a4cf14e,2023-12-11,2,621.58,585,658.16
7a1bf4e7-fcca-43a7-9d46-cf446a4cf14e,2023-12-18,1,570,570,570
7a1bf4e7-fcca-43a7-9d46-cf446a4cf14e,2023-12-25,1,600,600,600
7a1bf4e7-fcca-43a7-9d46-cf446a4cf14e,2024-01-01,1,568,568,568
7a1bf4e7-fcca-43a7-9d46-cf446a4cf14e,2024-01-15,1,587.84,587.84,587.84
7a1bf4e7-fcca-43a7-9d46-cf446a4cf14e,2024-01-29,1,590,590,590
7a1bf4e7-fcca-43a7-9d46-cf446a4cf14e,2024-02-12,1,556.3,556.3,556.3
7a1bf4e7-fcca-43a7-9d46-cf446a4cf14e,2024-02-19,2,540.99,524.99,556.99
7a1bf4e7-fcca-43a7-9d46-cf446a4cf14e,2024-03-11,3,560.08,550,594.72
7a1bf4e7-fcca-43a7-9d46-cf446a4cf14e,2024-03-18,3,540,500,560.01
7a1bf4e7-fcca-43a7-9d46-cf446a4cf14e,2024-03-25,1,560,560,560
7a1bf4e7-fcca-43a7-9d46-cf446a4cf14e,2024-04-01,1,514.55,514.55,514.55
7a1bf4e7-fcca-43a7-9d46-cf446a4cf14e,2024-04-08,3,535.75,525,585
7a1bf4e7-fcca-43a7-9d46-cf446a4cf14e,2024-04-22,3,555,540,575
7a1bf4e7-fcca-43a7-9d46-cf446a4cf14e,2024-04-29,1,570,570,570
7a1bf4e7-fcca-43a7-9d46-cf446a4cf14e,2024-05-13,3,500,405,560
7a1bf4e7-fcca-43a7-9d46-cf446a4cf14e,2024-05-27,2,535,530,539.99
7a1bf4e7-fcca-43a7-9d46-cf446a4cf14e,2024-06-03,2,559.81,500,619.61
7a1bf4e7-fcca-43a7-9d46-cf446a4cf14e,2024-06-10,1,480,480,480
7a1bf4e7-fcca-43a7-9d46-cf446a4cf14e,2024-06-17,2,499.97,499.95,499.99
7a1bf4e7-fcca-43a7-9d46-cf446a4cf14e,2024-06-24,1,494.99,494.99,494.99
7a1bf4e7-fcca-43a7-9d46-cf446a4cf14e,2024-07-01,2,410,345,475
7a1bf4e7-fcca-43a7-9d46-cf446a4cf14e,2024-07-15,2,460,450,470
7a1bf4e7-fcca-43a7-9d46-cf446a4cf14e,2024-07-22,1,624.99,624.99,624.99
7a1bf4e7-fcca-43a7-9d46-cf446a4cf14e,2024-07-29,1,461.33,461.33,461.33
7a1bf4e7-fcca-43a7-9d46-cf446a4cf14e,2024-08-05,4,505,427.24,520
7a1bf4e7-fcca-43a7-9d46-cf446a4cf14e,2024-08-12,1,540,540,540
7a1bf4e7-fcca-43a7-9d46-cf446a4cf14e,2024-08-26,3,540,519.95,599
7a1bf4e7-fcca-43a7-9d46-cf446a4cf14e,2024-09-02,1,699.99,699.99,699.99
7a1bf4e7-fcca-43a7-9d46-cf446a4cf14e,2024-09-16,2,497,475,519
7a1bf4e7-fcca-43a7-9d46-cf446a4cf14e,2024-09-23,2,480,475,485
7a1bf4e7-fcca-43a7-9d46-cf446a4cf14e,2024-10-21,1,520,520,520
7a1bf4e7-fcca-43a7-9d46-cf446a4cf14e,2024-10-28,2,489.88,480,499.75
7a1bf4e7-fcca-43a7-9d46-cf446a4cf14e,2024-11-04,3,486,408,560
7a1bf4e7-fcca-43a7-9d46-cf446a4cf14e,2024-11-18,1,535,535,535
7a1bf4e7-fcca-43a7-9d46-cf446a4cf14e,2024-12-09,4,540,524.99,544.3
7a1bf4e7-fcca-43a7-9d46-cf446a4cf14e,2024-12-16,2,520,510,530
7a1bf4e7-fcca-43a7-9d46-cf446a4cf14e,2024-12-23,1,540,540,540
7a1bf4e7-fcca-43a7-9d46-cf446a4cf14e,2024-12-30,2,522.12,450,594.25
7a1bf4e7-fcca-43a7-9d46-cf446a4cf14e,2025-01-06,2,535,530,540
7a1bf4e7-fcca-43a7-9d46-cf446a4cf14e,2025-01-13,2,514,500,528
7a1bf4e7-fcca-43a7-9d46-cf446a4cf14e,2025-01-20,3,559.99,555.49,575
7a1bf4e7-fcca-43a7-9d46-cf446a4cf14e,2025-01-27,1,565.29,565.29,565.29
7a1bf4e7-fcca-43a7-9d46-cf446a4cf14e,2025-02-03,3,600,545,614.58
7a1bf4e7-fcca-43a7-9d46-cf446a4cf14e,2025-02-10,2,604.98,599.95,610
7a1bf4e7-fcca-43a7-9d46-cf446a4cf14e,2025-02-24,2,622.5,620,625
7a1bf4e7-fcca-43a7-9d46-cf446a4cf14e,2025-03-10,2,497,464,530
7a1bf4e7-fcca-43a7-9d46-cf446a4cf14e,2025-03-24,2,604.5,600,609
7a1bf4e7-fcca-43a7-9d46-cf446a4cf14e,2025-04-14,2,608.35,565.99,650.7
7a1bf4e7-fcca-43a7-9d46-cf446a4cf14e,2025-04-28,1,617.03,617.03,617.03
7a1bf4e7-fcca-43a7-9d46-cf446a4cf14e,2025-05-05,1,565,565,565
7a1bf4e7-fcca-43a7-9d46-cf446a4cf14e,2025-05-12,3,655,600,674.99
7a1bf4e7-fcca-43a7-9d46-cf446a4cf14e,2025-05-19,1,660,660,660
7a1bf4e7-fcca-43a7-9d46-cf446a4cf14e,2025-05-26,2,641.34,612.68,670
7a1bf4e7-fcca-43a7-9d46-cf446a4cf14e,2025-06-09,1,895,895,895
7a1bf4e7-fcca-43a7-9d46-cf446a4cf14e,2025-06-16,1,750,750,750
7a1bf4e7-fcca-43a7-9d46-cf446a4cf14e,2025-07-07,1,750,750,750
7a1bf4e7-fcca-43a7-9d46-cf446a4cf14e,2025-07-14,3,760,720,850
7a1bf4e7-fcca-43a7-9d46-cf446a4cf14e,2025-07-21,1,680,680,680
7a1bf4e7-fcca-43a7-9d46-cf446a4cf14e,2025-07-28,1,650,650,650
7a1bf4e7-fcca-43a7-9d46-cf446a4cf14e,2025-08-04,2,711,702,720
7a1bf4e7-fcca-43a7-9d46-cf446a4cf14e,2025-09-01,1,695.09,695.09,695.09
7a1bf4e7-fcca-43a7-9d46-cf446a4cf14e,2025-09-22,3,650,600,700
7a1bf4e7-fcca-43a7-9d46-cf446a4cf14e,2025-10-06,1,650,650,650
7a1bf4e7-fcca-43a7-9d46-cf446a4cf14e,2025-10-13,4,622.5,488,700
7a1bf4e7-fcca-43a7-9d46-cf446a4cf14e,2025-10-20,2,631,630,632
7a1bf4e7-fcca-43a7-9d46-cf446a4cf14e,2025-10-27,1,680,680,680
7a1bf4e7-fcca-43a7-9d46-cf446a4cf14e,2025-11-03,1,526,526,526
7a1bf4e7-fcca-43a7-9d46-cf446a4cf14e,2025-11-10,1,640,640,640
7a1bf4e7-fcca-43a7-9d46-cf446a4cf14e,2025-11-17,2,638.57,633,644.14
7a1bf4e7-fcca-43a7-9d46-cf446a4cf14e,2025-12-01,1,600,600,600
7a1bf4e7-fcca-43a7-9d46-cf446a4cf14e,2025-12-22,1,560,560,560
7a1bf4e7-fcca-43a7-9d46-cf446a4cf14e,2026-01-05,2,545,540,550
7a1bf4e7-fcca-43a7-9d46-cf446a4cf14e,2026-01-12,3,580,555,600
7a1bf4e7-fcca-43a7-9d46-cf446a4cf14e,2026-01-19,3,574,549.98,580
7a1bf4e7-fcca-43a7-9d46-cf446a4cf14e,2026-02-02,1,520,520,520
7a1bf4e7-fcca-43a7-9d46-cf446a4cf14e,2026-02-09,1,525,525,525
7a1bf4e7-fcca-43a7-9d46-cf446a4cf14e,2026-02-16,1,468,468,468
7a1bf4e7-fcca-43a7-9d46-cf446a4cf14e,2026-02-23,4,530,500,563
7a1bf4e7-fcca-43a7-9d46-cf446a4cf14e,2026-03-02,1,888,888,888
7a1bf4e7-fcca-43a7-9d46-cf446a4cf14e,2026-03-16,2,540,495,585
7a1bf4e7-fcca-43a7-9d46-cf446a4cf14e,2026-03-23,1,457.39,457.39,457.39
7a1bf4e7-fcca-43a7-9d46-cf446a4cf14e,2026-04-13,5,599.99,569.99,615
7a1bf4e7-fcca-43a7-9d46-cf446a4cf14e,2026-04-27,2,537.49,525,549.98
7a1bf4e7-fcca-43a7-9d46-cf446a4cf14e,2026-05-11,1,525,525,525
7a1bf4e7-fcca-43a7-9d46-cf446a4cf14e,2026-05-25,1,522.39,522.39,522.39
7a1bf4e7-fcca-43a7-9d46-cf446a4cf14e,2026-06-01,4,625.75,604,639
7a1bf4e7-fcca-43a7-9d46-cf446a4cf14e,2026-06-08,1,554,554,554
7a1bf4e7-fcca-43a7-9d46-cf446a4cf14e,2026-06-15,1,576,576,576
7a1bf4e7-fcca-43a7-9d46-cf446a4cf14e,2026-06-29,2,514.4,485.8,543
7a1bf4e7-fcca-43a7-9d46-cf446a4cf14e,2026-07-06,2,539,528,550
7a1bf4e7-fcca-43a7-9d46-cf446a4cf14e,2026-07-13,1,468,468,468
7a1bf4e7-fcca-43a7-9d46-cf446a4cf14e,2026-07-20,2,497,464,530
7a1bf4e7-fcca-43a7-9d46-cf446a4cf14e,2026-07-27,2,539.26,502.52,576
7a1bf4e7-fcca-43a7-9d46-cf446a4cf14e,2026-08-03,1,526,526,526
7a1bf4e7-fcca-43a7-9d46-cf446a4cf14e,2026-08-17,1,530,530,530
7a1bf4e7-fcca-43a7-9d46-cf446a4cf14e,2026-08-31,2,487.5,475,500
7a1d3e67-6470-4d1b-a928-018a0ac00de6,2023-08-28,2,65.5,36,95
7a1d3e67-6470-4d1b-a928-018a0ac00de6,2023-09-25,1,75,75,75
7a1d3e67-6470-4d1b-a928-018a0ac00de6,2023-10-23,1,99.99,99.99,99.99
7a1d3e67-6470-4d1b-a928-018a0ac00de6,2023-11-13,1,86,86,86
7a1d3e67-6470-4d1b-a928-018a0ac00de6,2023-11-20,2,72.5,70,75
7a1d3e67-6470-4d1b-a928-018a0ac00de6,2023-11-27,2,46,39,53
7a1d3e67-6470-4d1b-a928-018a0ac00de6,2023-12-04,1,70,70,70
7a1d3e67-6470-4d1b-a928-018a0ac00de6,2023-12-18,2,97.5,65,130
7a1d3e67-6470-4d1b-a928-018a0ac00de6,2024-01-08,4,68.74,66,76
7a1d3e67-6470-4d1b-a928-018a0ac00de6,2024-01-15,1,41,41,41
7a1d3e67-6470-4d1b-a928-018a0ac00de6,2024-01-29,2,36,36,36
7a1d3e67-6470-4d1b-a928-018a0ac00de6,2024-02-05,3,32,31,42.7
7a1d3e67-6470-4d1b-a928-018a0ac00de6,2024-02-12,1,26,26,26
7a1d3e67-6470-4d1b-a928-018a0ac00de6,2024-02-19,2,45.78,31.2,60.36
7a1d3e67-6470-4d1b-a928-018a0ac00de6,2024-02-26,3,50,36,53.14
7a1d3e67-6470-4d1b-a928-018a0ac00de6,2024-03-18,2,47.28,45.97,48.59
7a1d3e67-6470-4d1b-a928-018a0ac00de6,2024-04-01,1,42,42,42
7a1d3e67-6470-4d1b-a928-018a0ac00de6,2024-05-06,1,32,32,32
7a1d3e67-6470-4d1b-a928-018a0ac00de6,2024-05-20,1,29,29,29
7a1d3e67-6470-4d1b-a928-018a0ac00de6,2024-05-27,1,40.71,40.71,40.71
7a1d3e67-6470-4d1b-a928-018a0ac00de6,2024-06-03,2,31.2,26.4,36
7a1d3e67-6470-4d1b-a928-018a0ac00de6,2024-06-24,1,31,31,31
7a1d3e67-6470-4d1b-a928-018a0ac00de6,2024-07-08,1,58,58,58
7a1d3e67-6470-4d1b-a928-018a0ac00de6,2024-07-15,1,40,40,40
7a1d3e67-6470-4d1b-a928-018a0ac00de6,2024-07-22,2,34.39,33.02,35.75
7a1d3e67-6470-4d1b-a928-018a0ac00de6,2024-08-05,1,36,36,36
7a1d3e67-6470-4d1b-a928-018a0ac00de6,2024-08-12,1,26,26,26
7a1d3e67-6470-4d1b-a928-018a0ac00de6,2024-08-19,1,47,47,47
7a1d3e67-6470-4d1b-a928-018a0ac00de6,2024-08-26,2,36.5,36,37
7a1d3e67-6470-4d1b-a928-018a0ac00de6,2024-09-02,1,51.99,51.99,51.99
7a1d3e67-6470-4d1b-a928-018a0ac00de6,2024-09-30,3,39.86,38.49,41.96
7a1d3e67-6470-4d1b-a928-018a0ac00de6,2024-10-07,1,25,25,25
7a1d3e67-6470-4d1b-a928-018a0ac00de6,2024-10-14,1,31,31,31
7a1d3e67-6470-4d1b-a928-018a0ac00de6,2024-10-28,2,33,31,35
7a1d3e67-6470-4d1b-a928-018a0ac00de6,2024-11-18,1,40,40,40
7a1d3e67-6470-4d1b-a928-018a0ac00de6,2024-11-25,2,45.5,41,49.99
7a1d3e67-6470-4d1b-a928-018a0ac00de6,2024-12-16,1,28,28,28
7a1d3e67-6470-4d1b-a928-018a0ac00de6,2024-12-23,1,35,35,35
7a1d3e67-6470-4d1b-a928-018a0ac00de6,2025-01-13,2,37.25,24.5,49.99
7a1d3e67-6470-4d1b-a928-018a0ac00de6,2025-01-20,1,43,43,43
7a1d3e67-6470-4d1b-a928-018a0ac00de6,2025-02-03,1,40,40,40
7a1d3e67-6470-4d1b-a928-018a0ac00de6,2025-02-10,1,35.5,35.5,35.5
7a1d3e67-6470-4d1b-a928-018a0ac00de6,2025-02-24,3,31,31,33
7a1d3e67-6470-4d1b-a928-018a0ac00de6,2025-03-03,1,34.99,34.99,34.99
7a1d3e67-6470-4d1b-a928-018a0ac00de6,2025-04-07,1,45.13,45.13,45.13
7a1d3e67-6470-4d1b-a928-018a0ac00de6,2025-04-21,1,35,35,35
7a1d3e67-6470-4d1b-a928-018a0ac00de6,2025-05-05,1,45,45,45
7a1d3e67-6470-4d1b-a928-018a0ac00de6,2025-05-12,3,32,30,44.99
7a1d3e67-6470-4d1b-a928-018a0ac00de6,2025-05-26,1,36.5,36.5,36.5
7a1d3e67-6470-4d1b-a928-018a0ac00de6,2025-06-30,1,22.5,22.5,22.5
7a1d3e67-6470-4d1b-a928-018a0ac00de6,2025-09-08,2,46.5,43,49.99
7a1d3e67-6470-4d1b-a928-018a0ac00de6,2025-09-15,2,66.87,45.99,87.75
7a1d3e67-6470-4d1b-a928-018a0ac00de6,2025-09-22,1,35,35,35
7a1d3e67-6470-4d1b-a928-018a0ac00de6,2025-10-06,1,38,38,38
7a1d3e67-6470-4d1b-a928-018a0ac00de6,2025-11-03,1,25,25,25
7a1d3e67-6470-4d1b-a928-018a0ac00de6,2025-11-17,1,61.2,61.2,61.2
7a1d3e67-6470-4d1b-a928-018a0ac00de6,2025-12-22,1,27.6,27.6,27.6
7a1d3e67-6470-4d1b-a928-018a0ac00de6,2026-01-05,2,44.51,42.99,46.02
7a1d3e67-6470-4d1b-a928-018a0ac00de6,2026-01-12,1,25.2,25.2,25.2
7a1d3e67-6470-4d1b-a928-018a0ac00de6,2026-02-02,1,45.87,45.87,45.87
7a1d3e67-6470-4d1b-a928-018a0ac00de6,2026-02-09,1,26,26,26
7a1d3e67-6470-4d1b-a928-018a0ac00de6,2026-02-23,1,49.99,49.99,49.99
7a1d3e67-6470-4d1b-a928-018a0ac00de6,2026-03-02,1,50,50,50
7a1d3e67-6470-4d1b-a928-018a0ac00de6,2026-03-16,1,45,45,45
7a1d3e67-6470-4d1b-a928-018a0ac00de6,2026-04-06,2,58.38,56.8,59.95
7a1d3e67-6470-4d1b-a928-018a0ac00de6,2026-04-13,1,60,60,60
7a1d3e67-6470-4d1b-a928-018a0ac00de6,2026-04-20,1,61.99,61.99,61.99
7a1d3e67-6470-4d1b-a928-018a0ac00de6,2026-04-27,1,63.93,63.93,63.93
7a1d3e67-6470-4d1b-a928-018a0ac00de6,2026-05-11,1,51,51,51
7a1d3e67-6470-4d1b-a928-018a0ac00de6,2026-07-20,1,90,90,90
7a1d3e67-6470-4d1b-a928-018a0ac00de6,2026-08-10,1,50,50,50
7a1d3e67-6470-4d1b-a928-018a0ac00de6,2026-08-17,1,53,53,53
7a1d3e67-6470-4d1b-a928-018a0ac00de6,2026-08-31,2,72.59,40.8,104.38
7a1d4967-9577-4812-ba61-a7bb30435a2d,2021-02-22,1,175,175,175
7a1d4967-9577-4812-ba61-a7bb30435a2d,2021-04-26,1,127.5,127.5,127.5
7a1d4967-9577-4812-ba61-a7bb30435a2d,2021-05-24,1,150,150,150
7a1d4967-9577-4812-ba61-a7bb30435a2d,2021-06-07,1,136.5,136.5,136.5
7a1d4967-9577-4812-ba61-a7bb30435a2d,2021-07-05,1,85,85,85
7a1d4967-9577-4812-ba61-a7bb30435a2d,2021-07-19,2,97.63,78.38,116.89
7a1d4967-9577-4812-ba61-a7bb30435a2d,2021-07-26,1,64,64,64
7a1d4967-9577-4812-ba61-a7bb30435a2d,2021-08-09,1,104.5,104.5,104.5
7a1d4967-9577-4812-ba61-a7bb30435a2d,2021-11-08,2,107.34,100,114.67
7a1d4967-9577-4812-ba61-a7bb30435a2d,2021-11-15,2,90.5,78,103
7a1d4967-9577-4812-ba61-a7bb30435a2d,2022-01-24,2,41.75,36.71,46.8
7a1d4967-9577-4812-ba61-a7bb30435a2d,2022-01-31,1,42.8,42.8,42.8
7a1d4967-9577-4812-ba61-a7bb30435a2d,2022-03-21,1,35,35,35
7a1d4967-9577-4812-ba61-a7bb30435a2d,2022-04-04,1,50,50,50
7a1d4967-9577-4812-ba61-a7bb30435a2d,2022-04-18,2,48.53,39.29,57.78
7a1d4967-9577-4812-ba61-a7bb30435a2d,2022-05-02,1,74.4,74.4,74.4
7a1d4967-9577-4812-ba61-a7bb30435a2d,2022-05-30,1,100,100,100
7a1d4967-9577-4812-ba61-a7bb30435a2d,2022-06-06,1,250,250,250
7a1d4967-9577-4812-ba61-a7bb30435a2d,2022-06-20,1,76.1,76.1,76.1
7a1d4967-9577-4812-ba61-a7bb30435a2d,2022-08-01,1,53.06,53.06,53.06
7a1d4967-9577-4812-ba61-a7bb30435a2d,2022-08-15,1,58.8,58.8,58.8
7a1d4967-9577-4812-ba61-a7bb30435a2d,2022-09-05,1,83,83,83
7a1d4967-9577-4812-ba61-a7bb30435a2d,2022-09-19,1,50.02,50.02,50.02
7a1d4967-9577-4812-ba61-a7bb30435a2d,2022-10-10,2,81.5,63,100
7a1d4967-9577-4812-ba61-a7bb30435a2d,2022-10-31,1,95,95,95
7a1d4967-9577-4812-ba61-a7bb30435a2d,2022-11-14,1,50,50,50
7a1d4967-9577-4812-ba61-a7bb30435a2d,2022-11-21,1,51.02,51.02,51.02
7a1d4967-9577-4812-ba61-a7bb30435a2d,2022-12-26,1,49,49,49
7a1d4967-9577-4812-ba61-a7bb30435a2d,2023-01-09,2,42.79,42,43.58
7a1d4967-9577-4812-ba61-a7bb30435a2d,2023-02-27,1,61.47,61.47,61.47
7a1d4967-9577-4812-ba61-a7bb30435a2d,2023-04-03,1,36.02,36.02,36.02
7a1d4967-9577-4812-ba61-a7bb30435a2d,2023-04-10,1,225,225,225
7a1d4967-9577-4812-ba61-a7bb30435a2d,2023-04-17,1,40,40,40
7a1d4967-9577-4812-ba61-a7bb30435a2d,2023-04-24,1,30,30,30
7a1d4967-9577-4812-ba61-a7bb30435a2d,2023-05-01,1,27.6,27.6,27.6
7a1d4967-9577-4812-ba61-a7bb30435a2d,2023-05-08,1,43.2,43.2,43.2
7a1d4967-9577-4812-ba61-a7bb30435a2d,2023-05-15,1,25.2,25.2,25.2
7a1d4967-9577-4812-ba61-a7bb30435a2d,2023-05-22,1,28.8,28.8,28.8
7a1d4967-9577-4812-ba61-a7bb30435a2d,2023-06-05,3,29.5,19.99,49.2
7a1d4967-9577-4812-ba61-a7bb30435a2d,2023-06-26,1,50,50,50
7a1d4967-9577-4812-ba61-a7bb30435a2d,2023-07-24,1,25.2,25.2,25.2
7a1d4967-9577-4812-ba61-a7bb30435a2d,2023-07-31,1,22.8,22.8,22.8
7a1d4967-9577-4812-ba61-a7bb30435a2d,2023-08-14,1,30,30,30
7a1d4967-9577-4812-ba61-a7bb30435a2d,2023-08-21,1,36.02,36.02,36.02
7a1d4967-9577-4812-ba61-a7bb30435a2d,2023-10-09,1,37.2,37.2,37.2
7a1d4967-9577-4812-ba61-a7bb30435a2d,2023-10-30,1,22.49,22.49,22.49
7a1d4967-9577-4812-ba61-a7bb30435a2d,2023-11-27,1,34.99,34.99,34.99
7a1d4967-9577-4812-ba61-a7bb30435a2d,2023-12-18,2,30,25,35
7a1d4967-9577-4812-ba61-a7bb30435a2d,2024-01-15,1,31,31,31
7a1d4967-9577-4812-ba61-a7bb30435a2d,2024-02-05,1,22.5,22.5,22.5
7a1d4967-9577-4812-ba61-a7bb30435a2d,2024-02-19,3,24.4,24,50.65
7a1d4967-9577-4812-ba61-a7bb30435a2d,2024-03-18,1,40,40,40
7a1d4967-9577-4812-ba61-a7bb30435a2d,2024-04-01,2,24.19,23.5,24.88
7a1d4967-9577-4812-ba61-a7bb30435a2d,2024-04-15,1,28.77,28.77,28.77
7a1d4967-9577-4812-ba61-a7bb30435a2d,2024-04-29,1,24.5,24.5,24.5
7a1d4967-9577-4812-ba61-a7bb30435a2d,2024-06-24,2,25.75,18.5,32.99
7a1d4967-9577-4812-ba61-a7bb30435a2d,2024-07-22,1,15.62,15.62,15.62
7a1d4967-9577-4812-ba61-a7bb30435a2d,2024-07-29,1,30,30,30
7a1d4967-9577-4812-ba61-a7bb30435a2d,2024-09-16,1,26,26,26
7a1d4967-9577-4812-ba61-a7bb30435a2d,2024-10-28,1,31,31,31
7a1d4967-9577-4812-ba61-a7bb30435a2d,2024-11-04,1,36,36,36
7a1d4967-9577-4812-ba61-a7bb30435a2d,2024-11-11,1,37,37,37
7a1d4967-9577-4812-ba61-a7bb30435a2d,2024-11-25,1,45,45,45
7a1d4967-9577-4812-ba61-a7bb30435a2d,2024-12-02,1,44.99,44.99,44.99
7a1d4967-9577-4812-ba61-a7bb30435a2d,2025-01-06,3,44,41,47.33
7a1d4967-9577-4812-ba61-a7bb30435a2d,2025-01-20,1,32.3,32.3,32.3
7a1d4967-9577-4812-ba61-a7bb30435a2d,2025-02-03,1,32,32,32
7a1d4967-9577-4812-ba61-a7bb30435a2d,2025-02-10,1,49.99,49.99,49.99
7a1d4967-9577-4812-ba61-a7bb30435a2d,2025-03-17,1,51.17,51.17,51.17
7a1d4967-9577-4812-ba61-a7bb30435a2d,2025-03-24,1,60,60,60
7a1d4967-9577-4812-ba61-a7bb30435a2d,2025-04-14,1,49.99,49.99,49.99
7a1d4967-9577-4812-ba61-a7bb30435a2d,2025-06-02,1,48.99,48.99,48.99
7a1d4967-9577-4812-ba61-a7bb30435a2d,2025-06-09,1,80.84,80.84,80.84
7a1d4967-9577-4812-ba61-a7bb30435a2d,2025-06-16,1,38.71,38.71,38.71
7a1d4967-9577-4812-ba61-a7bb30435a2d,2025-06-30,1,47,47,47
7a1d4967-9577-4812-ba61-a7bb30435a2d,2025-10-06,1,87.14,87.14,87.14
7a1d4967-9577-4812-ba61-a7bb30435a2d,2025-10-13,1,42,42,42
7a1d4967-9577-4812-ba61-a7bb30435a2d,2025-12-29,1,69.99,69.99,69.99
7a1d4967-9577-4812-ba61-a7bb30435a2d,2026-02-23,2,90,80,100
7a1d4967-9577-4812-ba61-a7bb30435a2d,2026-03-02,1,63,63,63
7a1d4967-9577-4812-ba61-a7bb30435a2d,2026-03-09,2,56.21,54.82,57.6
7a1d4967-9577-4812-ba61-a7bb30435a2d,2026-04-20,2,130.78,121.56,140
7a1d4967-9577-4812-ba61-a7bb30435a2d,2026-06-08,1,95.73,95.73,95.73
7a1d4967-9577-4812-ba61-a7bb30435a2d,2026-06-15,1,180,180,180
7a1d4967-9577-4812-ba61-a7bb30435a2d,2026-06-22,1,151.35,151.35,151.35
7a1d4967-9577-4812-ba61-a7bb30435a2d,2026-07-27,2,135.5,85,186
7a1d4967-9577-4812-ba61-a7bb30435a2d,2026-08-17,1,207,207,207
7a1d4967-9577-4812-ba61-a7bb30435a2d,2026-08-24,1,99.99,99.99,99.99
7a1e1145-8447-4cd9-8c7d-258fb64dccf4,2021-11-29,1,459.93,459.93,459.93
7a1e1145-8447-4cd9-8c7d-258fb64dccf4,2022-01-10,1,450,450,450
7a1e1145-8447-4cd9-8c7d-258fb64dccf4,2023-01-02,1,130.5,130.5,130.5
7a1e1145-8447-4cd9-8c7d-258fb64dccf4,2023-03-20,1,150,150,150
7a1e1145-8447-4cd9-8c7d-258fb64dccf4,2023-05-08,1,155,155,155
7a1e1145-8447-4cd9-8c7d-258fb64dccf4,2024-11-25,1,199.99,199.99,199.99
7a1e1145-8447-4cd9-8c7d-258fb64dccf4,2025-02-24,1,235,235,235
7a1e1145-8447-4cd9-8c7d-258fb64dccf4,2025-05-12,1,200,200,200
7a1e1145-8447-4cd9-8c7d-258fb64dccf4,2025-07-07,1,312,312,312
7a1e1145-8447-4cd9-8c7d-258fb64dccf4,2025-07-21,1,312,312,312
7a1e1145-8447-4cd9-8c7d-258fb64dccf4,2025-07-28,1,249.99,249.99,249.99
7a1e1145-8447-4cd9-8c7d-258fb64dccf4,2025-08-25,1,230,230,230
7a1e1145-8447-4cd9-8c7d-258fb64dccf4,2025-12-01,1,400,400,400
7a1e1145-8447-4cd9-8c7d-258fb64dccf4,2026-04-20,1,615,615,615
7a1e1145-8447-4cd9-8c7d-258fb64dccf4,2026-05-11,1,750,750,750
7a1e1145-8447-4cd9-8c7d-258fb64dccf4,2026-06-29,1,1326.14,1326.14,1326.14
7a1e2fc8-d6d1-4dab-a50d-6ef38599400e,2023-05-15,2,77.76,76.52,79
7a1e2fc8-d6d1-4dab-a50d-6ef38599400e,2023-05-29,2,38.5,36,41
7a1e2fc8-d6d1-4dab-a50d-6ef38599400e,2023-06-26,1,131.24,131.24,131.24
7a1e2fc8-d6d1-4dab-a50d-6ef38599400e,2023-08-14,1,37,37,37
7a1e2fc8-d6d1-4dab-a50d-6ef38599400e,2023-11-20,1,33.88,33.88,33.88
7a1e2fc8-d6d1-4dab-a50d-6ef38599400e,2023-11-27,1,34.88,34.88,34.88
7a1e2fc8-d6d1-4dab-a50d-6ef38599400e,2024-01-22,1,50.4,50.4,50.4
7a1e2fc8-d6d1-4dab-a50d-6ef38599400e,2024-02-12,1,40,40,40
7a1e2fc8-d6d1-4dab-a50d-6ef38599400e,2024-04-29,1,53.99,53.99,53.99
7a1e2fc8-d6d1-4dab-a50d-6ef38599400e,2024-06-03,1,55,55,55
7a1e2fc8-d6d1-4dab-a50d-6ef38599400e,2025-01-20,1,36.89,36.89,36.89
7a1e2fc8-d6d1-4dab-a50d-6ef38599400e,2025-01-27,1,46.8,46.8,46.8
7a1e2fc8-d6d1-4dab-a50d-6ef38599400e,2025-10-20,1,170,170,170
7a1f6479-bca9-47f8-91b5-cc0119aaa1e2,2024-12-16,1,24.99,24.99,24.99
7a1f6479-bca9-47f8-91b5-cc0119aaa1e2,2024-12-23,1,39.99,39.99,39.99
7a1f6479-bca9-47f8-91b5-cc0119aaa1e2,2024-12-30,3,42,38.94,42
7a1f6479-bca9-47f8-91b5-cc0119aaa1e2,2025-01-06,1,34.95,34.95,34.95
7a1f6479-bca9-47f8-91b5-cc0119aaa1e2,2025-01-13,2,36.5,28,44.99
7a1f6479-bca9-47f8-91b5-cc0119aaa1e2,2025-01-20,3,37,23.5,46
7a1f6479-bca9-47f8-91b5-cc0119aaa1e2,2025-01-27,1,33,33,33
7a1f6479-bca9-47f8-91b5-cc0119aaa1e2,2025-02-03,3,43.5,39.99,60.99
7a1f6479-bca9-47f8-91b5-cc0119aaa1e2,2025-02-10,6,40.5,30,62.99
7a1f6479-bca9-47f8-91b5-cc0119aaa1e2,2025-02-17,2,41.49,37.99,44.99
7a1f6479-bca9-47f8-91b5-cc0119aaa1e2,2025-02-24,2,43.34,41.69,45
7a1f6479-bca9-47f8-91b5-cc0119aaa1e2,2025-03-03,3,45,43,45
7a1f6479-bca9-47f8-91b5-cc0119aaa1e2,2025-03-10,1,43,43,43
7a1f6479-bca9-47f8-91b5-cc0119aaa1e2,2025-03-17,1,46.15,46.15,46.15
7a1f6479-bca9-47f8-91b5-cc0119aaa1e2,2025-03-24,2,38.47,36.99,39.95
7a1f6479-bca9-47f8-91b5-cc0119aaa1e2,2025-03-31,4,39.5,37,40
7a1f6479-bca9-47f8-91b5-cc0119aaa1e2,2025-04-07,1,25,25,25
7a1f6479-bca9-47f8-91b5-cc0119aaa1e2,2025-04-14,5,44.99,30,49.95
7a1f6479-bca9-47f8-91b5-cc0119aaa1e2,2025-04-21,1,38.5,38.5,38.5
7a1f6479-bca9-47f8-91b5-cc0119aaa1e2,2025-04-28,1,40,40,40
7a1f6479-bca9-47f8-91b5-cc0119aaa1e2,2025-05-05,3,39,38,54
7a1f6479-bca9-47f8-91b5-cc0119aaa1e2,2025-05-19,1,68,68,68
7a1f6479-bca9-47f8-91b5-cc0119aaa1e2,2025-05-26,1,36,36,36
7a1f6479-bca9-47f8-91b5-cc0119aaa1e2,2025-06-02,5,40.8,32.9,49.99
7a1f6479-bca9-47f8-91b5-cc0119aaa1e2,2025-06-09,2,46.25,45,47.5
7a1f6479-bca9-47f8-91b5-cc0119aaa1e2,2025-06-16,3,36,29,45
7a1f6479-bca9-47f8-91b5-cc0119aaa1e2,2025-07-07,2,37.5,35,40
7a1f6479-bca9-47f8-91b5-cc0119aaa1e2,2025-07-14,4,44.75,37.48,54.99
7a1f6479-bca9-47f8-91b5-cc0119aaa1e2,2025-07-28,2,39.5,39,40
7a1f6479-bca9-47f8-91b5-cc0119aaa1e2,2025-08-04,1,60,60,60
7a1f6479-bca9-47f8-91b5-cc0119aaa1e2,2025-08-11,2,44.75,40,49.5
7a1f6479-bca9-47f8-91b5-cc0119aaa1e2,2025-08-25,4,45.5,40,52
7a1f6479-bca9-47f8-91b5-cc0119aaa1e2,2025-09-01,3,44,43,50
7a1f6479-bca9-47f8-91b5-cc0119aaa1e2,2025-09-08,7,46.8,40,64.95
7a1f6479-bca9-47f8-91b5-cc0119aaa1e2,2025-09-15,1,50,50,50
7a1f6479-bca9-47f8-91b5-cc0119aaa1e2,2025-09-22,2,49.5,49,49.99
7a1f6479-bca9-47f8-91b5-cc0119aaa1e2,2025-09-29,3,60.13,50,90
7a1f6479-bca9-47f8-91b5-cc0119aaa1e2,2025-10-06,3,57,48,61
7a1f6479-bca9-47f8-91b5-cc0119aaa1e2,2025-10-13,2,47.5,46,48.99
7a1f6479-bca9-47f8-91b5-cc0119aaa1e2,2025-10-20,2,55,50,60
7a1f6479-bca9-47f8-91b5-cc0119aaa1e2,2025-11-10,3,54.99,51,60
7a1f6479-bca9-47f8-91b5-cc0119aaa1e2,2025-11-17,2,53.1,49.2,57
7a1f6479-bca9-47f8-91b5-cc0119aaa1e2,2025-11-24,1,50.6,50.6,50.6
7a1f6479-bca9-47f8-91b5-cc0119aaa1e2,2025-12-01,2,37.5,33,42
7a1f6479-bca9-47f8-91b5-cc0119aaa1e2,2025-12-08,2,48.52,40.8,56.25
7a1f6479-bca9-47f8-91b5-cc0119aaa1e2,2025-12-15,1,45,45,45
7a1f6479-bca9-47f8-91b5-cc0119aaa1e2,2025-12-22,3,50,40,56
7a1f6479-bca9-47f8-91b5-cc0119aaa1e2,2025-12-29,2,51,47,55
7a1f6479-bca9-47f8-91b5-cc0119aaa1e2,2026-01-05,1,60,60,60
7a1f6479-bca9-47f8-91b5-cc0119aaa1e2,2026-01-12,1,45,45,45
7a1f6479-bca9-47f8-91b5-cc0119aaa1e2,2026-01-19,2,49.5,49,50
7a1f6479-bca9-47f8-91b5-cc0119aaa1e2,2026-01-26,2,46.98,46,47.95
7a1f6479-bca9-47f8-91b5-cc0119aaa1e2,2026-02-02,1,50,50,50
7a1f6479-bca9-47f8-91b5-cc0119aaa1e2,2026-02-09,2,54.5,50,59
7a1f6479-bca9-47f8-91b5-cc0119aaa1e2,2026-02-16,4,64,58.5,69
7a1f6479-bca9-47f8-91b5-cc0119aaa1e2,2026-02-23,1,59.99,59.99,59.99
7a1f6479-bca9-47f8-91b5-cc0119aaa1e2,2026-03-02,1,50,50,50
7a1f6479-bca9-47f8-91b5-cc0119aaa1e2,2026-03-09,4,52.5,40,69.99
7a1f6479-bca9-47f8-91b5-cc0119aaa1e2,2026-03-16,3,44,38,56
7a1f6479-bca9-47f8-91b5-cc0119aaa1e2,2026-03-23,3,57,55.25,148.34
7a1f6479-bca9-47f8-91b5-cc0119aaa1e2,2026-03-30,6,54.4,45,64.95
7a1f6479-bca9-47f8-91b5-cc0119aaa1e2,2026-04-06,3,70,59,91
7a1f6479-bca9-47f8-91b5-cc0119aaa1e2,2026-04-20,2,60.5,60,61
7a1f6479-bca9-47f8-91b5-cc0119aaa1e2,2026-04-27,2,60,59.99,60
7a1f6479-bca9-47f8-91b5-cc0119aaa1e2,2026-05-04,8,67.09,60,74.4
7a1f6479-bca9-47f8-91b5-cc0119aaa1e2,2026-05-11,3,69.99,55,75
7a1f6479-bca9-47f8-91b5-cc0119aaa1e2,2026-05-18,2,65,60,69.99
7a1f6479-bca9-47f8-91b5-cc0119aaa1e2,2026-05-25,7,70,60,79.99
7a1f6479-bca9-47f8-91b5-cc0119aaa1e2,2026-06-01,1,77.76,77.76,77.76
7a1f6479-bca9-47f8-91b5-cc0119aaa1e2,2026-06-08,2,69.63,64.27,75
7a1f6479-bca9-47f8-91b5-cc0119aaa1e2,2026-06-15,3,71,60,71
7a1f6479-bca9-47f8-91b5-cc0119aaa1e2,2026-06-22,1,60,60,60
7a1f6479-bca9-47f8-91b5-cc0119aaa1e2,2026-06-29,2,79.5,73,86
7a1f6479-bca9-47f8-91b5-cc0119aaa1e2,2026-07-06,2,78.55,68,89.1
7a1f6479-bca9-47f8-91b5-cc0119aaa1e2,2026-07-13,2,67.96,60.92,75
7a1f6479-bca9-47f8-91b5-cc0119aaa1e2,2026-07-20,4,60,59.8,65
7a1f6479-bca9-47f8-91b5-cc0119aaa1e2,2026-07-27,1,60,60,60
7a1f6479-bca9-47f8-91b5-cc0119aaa1e2,2026-08-03,2,67,59,75
7a1f6479-bca9-47f8-91b5-cc0119aaa1e2,2026-08-10,1,51,51,51
7a1f6479-bca9-47f8-91b5-cc0119aaa1e2,2026-08-17,3,67.99,65,79.99
7a1f6479-bca9-47f8-91b5-cc0119aaa1e2,2026-08-24,1,60.92,60.92,60.92
7a1f6479-bca9-47f8-91b5-cc0119aaa1e2,2026-08-31,1,68.66,68.66,68.66
7a1fd938-2516-4eb6-a38c-4625bee67085,2021-05-10,1,571.19,571.19,571.19
7a1fd938-2516-4eb6-a38c-4625bee67085,2021-06-28,1,551.34,551.34,551.34
7a1fd938-2516-4eb6-a38c-4625bee67085,2022-02-14,1,384,384,384
7a1fd938-2516-4eb6-a38c-4625bee67085,2022-03-21,1,306.28,306.28,306.28
7a1fd938-2516-4eb6-a38c-4625bee67085,2022-04-11,1,290,290,290
7a1fd938-2516-4eb6-a38c-4625bee67085,2022-08-29,1,300,300,300
7a1fd938-2516-4eb6-a38c-4625bee67085,2023-02-06,1,349.99,349.99,349.99
7a1fd938-2516-4eb6-a38c-4625bee67085,2023-03-06,1,325,325,325
7a1fd938-2516-4eb6-a38c-4625bee67085,2023-06-12,1,390.43,390.43,390.43
7a1fd938-2516-4eb6-a38c-4625bee67085,2023-10-09,1,103.5,103.5,103.5
7a1fd938-2516-4eb6-a38c-4625bee67085,2024-01-08,1,86,86,86
7a1fd938-2516-4eb6-a38c-4625bee67085,2024-01-15,1,163.25,163.25,163.25
7a1fd938-2516-4eb6-a38c-4625bee67085,2024-02-26,1,119.35,119.35,119.35
7a1fd938-2516-4eb6-a38c-4625bee67085,2024-03-11,1,98.78,98.78,98.78
7a1fd938-2516-4eb6-a38c-4625bee67085,2024-05-13,1,325,325,325
7a1fd938-2516-4eb6-a38c-4625bee67085,2024-09-16,1,165.5,165.5,165.5
7a1fd938-2516-4eb6-a38c-4625bee67085,2025-01-13,2,196.25,132.5,260
7a1fd938-2516-4eb6-a38c-4625bee67085,2025-09-01,1,269.1,269.1,269.1
7a1fd938-2516-4eb6-a38c-4625bee67085,2025-11-03,1,400,400,400
7a1fd938-2516-4eb6-a38c-4625bee67085,2026-02-02,1,795,795,795
7a1fd938-2516-4eb6-a38c-4625bee67085,2026-02-09,1,499.95,499.95,499.95
7a1fd938-2516-4eb6-a38c-4625bee67085,2026-02-23,1,610,610,610
7a1fd938-2516-4eb6-a38c-4625bee67085,2026-03-23,1,1499.99,1499.99,1499.99
7a1fd938-2516-4eb6-a38c-4625bee67085,2026-06-08,1,1350,1350,1350
7a1fd938-2516-4eb6-a38c-4625bee67085,2026-06-15,1,1374.99,1374.99,1374.99
7a1fd938-2516-4eb6-a38c-4625bee67085,2026-07-20,1,1600,1600,1600
7a1fd938-2516-4eb6-a38c-4625bee67085,2026-07-27,1,1470,1470,1470
7a1fd938-2516-4eb6-a38c-4625bee67085,2026-08-03,1,2000,2000,2000
7a207632-1af8-4471-a92a-d9abb6f43fbf,2021-02-15,1,110.5,110.5,110.5
7a207632-1af8-4471-a92a-d9abb6f43fbf,2021-03-15,1,130,130,130
7a207632-1af8-4471-a92a-d9abb6f43fbf,2021-03-22,1,116.39,116.39,116.39
7a207632-1af8-4471-a92a-d9abb6f43fbf,2021-04-26,1,76,76,76
7a207632-1af8-4471-a92a-d9abb6f43fbf,2021-06-14,1,94.99,94.99,94.99
7a207632-1af8-4471-a92a-d9abb6f43fbf,2021-06-28,1,77.17,77.17,77.17
7a207632-1af8-4471-a92a-d9abb6f43fbf,2021-07-12,1,79,79,79
7a207632-1af8-4471-a92a-d9abb6f43fbf,2021-07-26,1,80,80,80
7a207632-1af8-4471-a92a-d9abb6f43fbf,2021-08-09,1,75,75,75
7a207632-1af8-4471-a92a-d9abb6f43fbf,2021-08-16,1,51,51,51
7a207632-1af8-4471-a92a-d9abb6f43fbf,2021-10-11,1,63,63,63
7a207632-1af8-4471-a92a-d9abb6f43fbf,2021-10-18,1,67.49,67.49,67.49
7a207632-1af8-4471-a92a-d9abb6f43fbf,2021-10-25,2,165.95,108.95,222.95
7a207632-1af8-4471-a92a-d9abb6f43fbf,2021-11-01,1,39.09,39.09,39.09
7a207632-1af8-4471-a92a-d9abb6f43fbf,2021-11-08,1,73.67,73.67,73.67
7a207632-1af8-4471-a92a-d9abb6f43fbf,2021-11-15,1,80,80,80
7a207632-1af8-4471-a92a-d9abb6f43fbf,2021-12-06,1,70.51,70.51,70.51
7a207632-1af8-4471-a92a-d9abb6f43fbf,2021-12-13,2,65.5,41,89.99
7a207632-1af8-4471-a92a-d9abb6f43fbf,2021-12-20,2,66,57,75
7a207632-1af8-4471-a92a-d9abb6f43fbf,2022-01-17,3,55,51,85.99
7a207632-1af8-4471-a92a-d9abb6f43fbf,2022-01-31,1,59.99,59.99,59.99
7a207632-1af8-4471-a92a-d9abb6f43fbf,2022-02-07,2,83.37,68,98.73
7a207632-1af8-4471-a92a-d9abb6f43fbf,2022-02-14,1,101.96,101.96,101.96
7a207632-1af8-4471-a92a-d9abb6f43fbf,2022-02-21,1,58,58,58
7a207632-1af8-4471-a92a-d9abb6f43fbf,2022-02-28,4,65,47,84.99
7a207632-1af8-4471-a92a-d9abb6f43fbf,2022-03-07,1,77.99,77.99,77.99
7a207632-1af8-4471-a92a-d9abb6f43fbf,2022-03-14,2,60.64,44.4,76.88
7a207632-1af8-4471-a92a-d9abb6f43fbf,2022-03-21,1,47,47,47
7a207632-1af8-4471-a92a-d9abb6f43fbf,2022-04-04,1,65,65,65
7a207632-1af8-4471-a92a-d9abb6f43fbf,2022-04-18,1,43,43,43
7a207632-1af8-4471-a92a-d9abb6f43fbf,2022-05-02,1,67.2,67.2,67.2
7a207632-1af8-4471-a92a-d9abb6f43fbf,2022-05-09,1,55,55,55
7a207632-1af8-4471-a92a-d9abb6f43fbf,2022-05-23,4,65,34.8,65
7a207632-1af8-4471-a92a-d9abb6f43fbf,2022-05-30,2,67.52,61,74.04
7a207632-1af8-4471-a92a-d9abb6f43fbf,2022-06-06,1,48,48,48
7a207632-1af8-4471-a92a-d9abb6f43fbf,2022-06-20,2,52,34,70
7a207632-1af8-4471-a92a-d9abb6f43fbf,2022-07-18,1,62.26,62.26,62.26
7a207632-1af8-4471-a92a-d9abb6f43fbf,2022-08-08,1,50,50,50
7a207632-1af8-4471-a92a-d9abb6f43fbf,2022-08-22,2,65.07,61,69.14
7a207632-1af8-4471-a92a-d9abb6f43fbf,2022-08-29,1,50.4,50.4,50.4
7a207632-1af8-4471-a92a-d9abb6f43fbf,2022-09-19,1,36,36,36
7a207632-1af8-4471-a92a-d9abb6f43fbf,2022-10-17,3,72.99,51.6,102.5
7a207632-1af8-4471-a92a-d9abb6f43fbf,2022-11-14,1,71.56,71.56,71.56
7a207632-1af8-4471-a92a-d9abb6f43fbf,2022-12-19,2,71.5,55,88
7a207632-1af8-4471-a92a-d9abb6f43fbf,2023-02-13,1,78,78,78
7a207632-1af8-4471-a92a-d9abb6f43fbf,2023-02-20,1,96.24,96.24,96.24
7a207632-1af8-4471-a92a-d9abb6f43fbf,2023-03-13,1,46,46,46
7a207632-1af8-4471-a92a-d9abb6f43fbf,2023-03-27,2,70.69,55.2,86.17
7a207632-1af8-4471-a92a-d9abb6f43fbf,2023-04-10,1,36,36,36
7a207632-1af8-4471-a92a-d9abb6f43fbf,2023-05-08,1,75,75,75
7a207632-1af8-4471-a92a-d9abb6f43fbf,2023-06-12,1,33,33,33
7a207632-1af8-4471-a92a-d9abb6f43fbf,2023-07-17,1,90,90,90
7a207632-1af8-4471-a92a-d9abb6f43fbf,2023-08-14,1,80,80,80
7a207632-1af8-4471-a92a-d9abb6f43fbf,2023-08-21,1,125,125,125
7a207632-1af8-4471-a92a-d9abb6f43fbf,2023-09-04,1,31.61,31.61,31.61
7a207632-1af8-4471-a92a-d9abb6f43fbf,2023-09-11,1,68.44,68.44,68.44
7a207632-1af8-4471-a92a-d9abb6f43fbf,2023-09-25,1,61,61,61
7a207632-1af8-4471-a92a-d9abb6f43fbf,2023-11-06,1,95,95,95
7a207632-1af8-4471-a92a-d9abb6f43fbf,2023-12-11,1,90,90,90
7a207632-1af8-4471-a92a-d9abb6f43fbf,2024-01-15,1,62,62,62
7a207632-1af8-4471-a92a-d9abb6f43fbf,2024-03-11,2,78,75,80.99
7a207632-1af8-4471-a92a-d9abb6f43fbf,2024-05-13,1,51,51,51
7a207632-1af8-4471-a92a-d9abb6f43fbf,2024-10-28,1,124.99,124.99,124.99
7a207632-1af8-4471-a92a-d9abb6f43fbf,2024-11-18,1,86,86,86
7a207632-1af8-4471-a92a-d9abb6f43fbf,2024-12-23,1,148,148,148
7a207632-1af8-4471-a92a-d9abb6f43fbf,2024-12-30,3,135,106.04,136.44
7a207632-1af8-4471-a92a-d9abb6f43fbf,2025-01-27,1,123.25,123.25,123.25
7a207632-1af8-4471-a92a-d9abb6f43fbf,2025-02-10,1,142.64,142.64,142.64
7a207632-1af8-4471-a92a-d9abb6f43fbf,2025-02-17,1,203,203,203
7a207632-1af8-4471-a92a-d9abb6f43fbf,2025-02-24,1,145,145,145
7a207632-1af8-4471-a92a-d9abb6f43fbf,2025-03-17,1,234.95,234.95,234.95
7a207632-1af8-4471-a92a-d9abb6f43fbf,2025-04-21,2,169.37,144,194.73
7a207632-1af8-4471-a92a-d9abb6f43fbf,2025-05-12,2,167.5,155,179.99
7a207632-1af8-4471-a92a-d9abb6f43fbf,2025-07-21,1,174.99,174.99,174.99
7a207632-1af8-4471-a92a-d9abb6f43fbf,2025-09-08,1,174,174,174
7a207632-1af8-4471-a92a-d9abb6f43fbf,2025-09-22,1,90,90,90
7a207632-1af8-4471-a92a-d9abb6f43fbf,2025-09-29,2,212.5,200,225
7a207632-1af8-4471-a92a-d9abb6f43fbf,2025-12-08,1,126,126,126
7a207632-1af8-4471-a92a-d9abb6f43fbf,2026-01-12,1,200,200,200
7a207632-1af8-4471-a92a-d9abb6f43fbf,2026-01-19,1,165,165,165
7a207632-1af8-4471-a92a-d9abb6f43fbf,2026-03-09,1,225,225,225
7a207632-1af8-4471-a92a-d9abb6f43fbf,2026-03-23,1,280,280,280
7a207632-1af8-4471-a92a-d9abb6f43fbf,2026-04-13,1,340.56,340.56,340.56
7a207632-1af8-4471-a92a-d9abb6f43fbf,2026-04-20,2,265,230,300
7a231a2c-8ac0-4f30-bf93-5f737fd7b861,2022-10-24,1,150,150,150
7a231a2c-8ac0-4f30-bf93-5f737fd7b861,2023-01-16,1,50,50,50
7a231a2c-8ac0-4f30-bf93-5f737fd7b861,2023-02-13,1,125,125,125
7a231a2c-8ac0-4f30-bf93-5f737fd7b861,2023-03-20,1,80,80,80
7a231a2c-8ac0-4f30-bf93-5f737fd7b861,2023-04-03,1,82,82,82
7a231a2c-8ac0-4f30-bf93-5f737fd7b861,2023-04-10,1,60.93,60.93,60.93
7a231a2c-8ac0-4f30-bf93-5f737fd7b861,2023-05-15,1,55.2,55.2,55.2
7a231a2c-8ac0-4f30-bf93-5f737fd7b861,2023-05-22,1,110,110,110
7a231a2c-8ac0-4f30-bf93-5f737fd7b861,2023-06-12,1,61.04,61.04,61.04
7a231a2c-8ac0-4f30-bf93-5f737fd7b861,2023-06-19,1,34.32,34.32,34.32
7a231a2c-8ac0-4f30-bf93-5f737fd7b861,2023-06-26,1,61,61,61
7a231a2c-8ac0-4f30-bf93-5f737fd7b861,2023-07-17,1,43.2,43.2,43.2
7a231a2c-8ac0-4f30-bf93-5f737fd7b861,2023-07-31,3,53,41,56
7a231a2c-8ac0-4f30-bf93-5f737fd7b861,2023-08-07,1,31.1,31.1,31.1
7a231a2c-8ac0-4f30-bf93-5f737fd7b861,2023-08-28,1,69.99,69.99,69.99
7a231a2c-8ac0-4f30-bf93-5f737fd7b861,2023-09-18,1,32.19,32.19,32.19
7a231a2c-8ac0-4f30-bf93-5f737fd7b861,2023-10-02,1,40.11,40.11,40.11
7a231a2c-8ac0-4f30-bf93-5f737fd7b861,2023-10-09,1,49.99,49.99,49.99
7a231a2c-8ac0-4f30-bf93-5f737fd7b861,2023-10-30,1,22.8,22.8,22.8
7a231a2c-8ac0-4f30-bf93-5f737fd7b861,2023-11-06,1,36.59,36.59,36.59
7a231a2c-8ac0-4f30-bf93-5f737fd7b861,2023-11-13,1,44.99,44.99,44.99
7a231a2c-8ac0-4f30-bf93-5f737fd7b861,2023-11-20,1,44.99,44.99,44.99
7a231a2c-8ac0-4f30-bf93-5f737fd7b861,2024-01-01,1,39.99,39.99,39.99
7a231a2c-8ac0-4f30-bf93-5f737fd7b861,2024-01-15,1,39.99,39.99,39.99
7a231a2c-8ac0-4f30-bf93-5f737fd7b861,2024-01-22,1,23.11,23.11,23.11
7a231a2c-8ac0-4f30-bf93-5f737fd7b861,2024-03-11,1,39.99,39.99,39.99
7a231a2c-8ac0-4f30-bf93-5f737fd7b861,2024-04-22,1,30,30,30
7a231a2c-8ac0-4f30-bf93-5f737fd7b861,2024-05-13,1,21.5,21.5,21.5
7a231a2c-8ac0-4f30-bf93-5f737fd7b861,2024-07-29,1,49.82,49.82,49.82
7a231a2c-8ac0-4f30-bf93-5f737fd7b861,2024-08-05,1,45.39,45.39,45.39
7a231a2c-8ac0-4f30-bf93-5f737fd7b861,2024-08-12,1,42.08,42.08,42.08
7a231a2c-8ac0-4f30-bf93-5f737fd7b861,2024-10-21,1,39.99,39.99,39.99
7a231a2c-8ac0-4f30-bf93-5f737fd7b861,2024-12-16,1,39.99,39.99,39.99
7a231a2c-8ac0-4f30-bf93-5f737fd7b861,2024-12-23,1,90,90,90
7a231a2c-8ac0-4f30-bf93-5f737fd7b861,2024-12-30,1,30.76,30.76,30.76
7a231a2c-8ac0-4f30-bf93-5f737fd7b861,2025-02-24,1,52.44,52.44,52.44
7a231a2c-8ac0-4f30-bf93-5f737fd7b861,2025-05-19,1,42,42,42
7a231a2c-8ac0-4f30-bf93-5f737fd7b861,2025-06-30,1,54.99,54.99,54.99
7a231a2c-8ac0-4f30-bf93-5f737fd7b861,2025-07-07,1,55,55,55
7a231a2c-8ac0-4f30-bf93-5f737fd7b861,2025-08-25,1,48,48,48
7a231a2c-8ac0-4f30-bf93-5f737fd7b861,2025-10-06,1,57.6,57.6,57.6
7a231a2c-8ac0-4f30-bf93-5f737fd7b861,2026-02-02,1,70,70,70
7a231a2c-8ac0-4f30-bf93-5f737fd7b861,2026-03-30,1,112,112,112
7a231a2c-8ac0-4f30-bf93-5f737fd7b861,2026-05-04,1,120,120,120
7a231a2c-8ac0-4f30-bf93-5f737fd7b861,2026-05-25,1,140,140,140
7a246091-9fc2-4c1c-8402-5781c3ffbeea,2023-08-28,1,18.5,18.5,18.5
7a246091-9fc2-4c1c-8402-5781c3ffbeea,2024-08-19,1,22.46,22.46,22.46
7a246091-9fc2-4c1c-8402-5781c3ffbeea,2024-11-11,1,9.5,9.5,9.5
7a246091-9fc2-4c1c-8402-5781c3ffbeea,2024-12-09,1,16.18,16.18,16.18
7a246091-9fc2-4c1c-8402-5781c3ffbeea,2025-09-29,1,19.45,19.45,19.45
7a246091-9fc2-4c1c-8402-5781c3ffbeea,2026-03-16,1,23.5,23.5,23.5
7a246091-9fc2-4c1c-8402-5781c3ffbeea,2026-07-06,1,36,36,36
7a267259-790b-4a50-b476-fc01b0fe4c19,2025-10-06,1,249.99,249.99,249.99
7a267259-790b-4a50-b476-fc01b0fe4c19,2026-01-12,1,94.1,94.1,94.1
7a267259-790b-4a50-b476-fc01b0fe4c19,2026-01-19,1,85,85,85
7a267259-790b-4a50-b476-fc01b0fe4c19,2026-02-16,2,72,54,90
7a267259-790b-4a50-b476-fc01b0fe4c19,2026-02-23,1,50,50,50
7a267259-790b-4a50-b476-fc01b0fe4c19,2026-03-16,1,80,80,80
7a267259-790b-4a50-b476-fc01b0fe4c19,2026-03-23,1,92,92,92
7a267259-790b-4a50-b476-fc01b0fe4c19,2026-04-06,3,94.1,79,119.99
7a267259-790b-4a50-b476-fc01b0fe4c19,2026-04-13,1,90,90,90
7a267259-790b-4a50-b476-fc01b0fe4c19,2026-04-20,1,185,185,185
7a267259-790b-4a50-b476-fc01b0fe4c19,2026-05-11,1,119.99,119.99,119.99
7a267259-790b-4a50-b476-fc01b0fe4c19,2026-06-08,1,385,385,385
7a267259-790b-4a50-b476-fc01b0fe4c19,2026-08-03,1,201,201,201
7a27eaec-6bf4-4c0b-b037-8737a373dfbf,2026-01-05,1,49.99,49.99,49.99
7a28cb8c-f2c9-440f-a85d-6eac30727065,2026-07-13,1,235.83,235.83,235.83
7a29a922-c1e5-4f1c-ab19-d12ba0d41474,2022-09-19,1,68,68,68
7a29a922-c1e5-4f1c-ab19-d12ba0d41474,2022-12-19,1,75,75,75
7a29a922-c1e5-4f1c-ab19-d12ba0d41474,2023-01-09,1,57.6,57.6,57.6
7a29a922-c1e5-4f1c-ab19-d12ba0d41474,2023-03-27,1,36,36,36
7a29a922-c1e5-4f1c-ab19-d12ba0d41474,2023-04-10,1,50,50,50
7a29a922-c1e5-4f1c-ab19-d12ba0d41474,2023-10-23,1,75,75,75
7a29a922-c1e5-4f1c-ab19-d12ba0d41474,2024-02-19,1,37,37,37
7a29a922-c1e5-4f1c-ab19-d12ba0d41474,2024-07-29,1,52,52,52
7a29a922-c1e5-4f1c-ab19-d12ba0d41474,2025-04-28,1,68,68,68
7a29a922-c1e5-4f1c-ab19-d12ba0d41474,2026-03-30,1,184.5,184.5,184.5
7a29a922-c1e5-4f1c-ab19-d12ba0d41474,2026-04-06,1,186,186,186
7a29a922-c1e5-4f1c-ab19-d12ba0d41474,2026-04-20,1,202.5,202.5,202.5
7a29a922-c1e5-4f1c-ab19-d12ba0d41474,2026-05-18,1,361,361,361
7a29a922-c1e5-4f1c-ab19-d12ba0d41474,2026-07-13,1,204,204,204
7a29a922-c1e5-4f1c-ab19-d12ba0d41474,2026-08-03,1,257.21,257.21,257.21
7a29a922-c1e5-4f1c-ab19-d12ba0d41474,2026-08-10,1,260.69,260.69,260.69
7a29de0f-3ba2-41f6-a196-175836df8f3c,2025-09-01,2,36.17,32.4,39.95
7a29de0f-3ba2-41f6-a196-175836df8f3c,2025-09-08,1,41,41,41
7a29de0f-3ba2-41f6-a196-175836df8f3c,2025-09-15,7,39.99,33,63.45
7a29de0f-3ba2-41f6-a196-175836df8f3c,2025-09-22,1,56.67,56.67,56.67
7a29de0f-3ba2-41f6-a196-175836df8f3c,2025-09-29,6,43,27,55.77
7a29de0f-3ba2-41f6-a196-175836df8f3c,2025-10-06,2,47.13,35,59.26
7a29de0f-3ba2-41f6-a196-175836df8f3c,2025-10-13,4,41.75,38,78.66
7a29de0f-3ba2-41f6-a196-175836df8f3c,2025-10-20,4,41.16,34.8,45
7a29de0f-3ba2-41f6-a196-175836df8f3c,2025-10-27,1,27,27,27
7a29de0f-3ba2-41f6-a196-175836df8f3c,2025-11-03,3,49.99,40,51.64
7a29de0f-3ba2-41f6-a196-175836df8f3c,2025-11-10,1,36,36,36
7a29de0f-3ba2-41f6-a196-175836df8f3c,2025-11-17,3,39.99,37,47.5
7a29de0f-3ba2-41f6-a196-175836df8f3c,2025-11-24,2,46,42,49.99
7a29de0f-3ba2-41f6-a196-175836df8f3c,2025-12-01,2,33.8,33.71,33.9
7a29de0f-3ba2-41f6-a196-175836df8f3c,2025-12-08,6,37,15,44.99
7a29de0f-3ba2-41f6-a196-175836df8f3c,2025-12-15,5,42,22.5,60.18
7a29de0f-3ba2-41f6-a196-175836df8f3c,2025-12-22,5,45,33,49.99
7a29de0f-3ba2-41f6-a196-175836df8f3c,2025-12-29,1,31,31,31
7a29de0f-3ba2-41f6-a196-175836df8f3c,2026-01-19,5,41,40,70.23
7a29de0f-3ba2-41f6-a196-175836df8f3c,2026-01-26,1,54.75,54.75,54.75
7a29de0f-3ba2-41f6-a196-175836df8f3c,2026-02-02,4,41,36,54.99
7a29de0f-3ba2-41f6-a196-175836df8f3c,2026-02-09,4,43.19,34,50
7a29de0f-3ba2-41f6-a196-175836df8f3c,2026-02-16,4,43.19,36,46
7a29de0f-3ba2-41f6-a196-175836df8f3c,2026-02-23,5,45,40,47
7a29de0f-3ba2-41f6-a196-175836df8f3c,2026-03-02,5,50,44,56
7a29de0f-3ba2-41f6-a196-175836df8f3c,2026-03-09,5,49,28.8,71
7a29de0f-3ba2-41f6-a196-175836df8f3c,2026-03-16,7,51,39,80
7a29de0f-3ba2-41f6-a196-175836df8f3c,2026-03-23,4,55.99,46,64.99
7a29de0f-3ba2-41f6-a196-175836df8f3c,2026-03-30,3,48,38.77,70
7a29de0f-3ba2-41f6-a196-175836df8f3c,2026-04-06,3,45,41.62,47
7a29de0f-3ba2-41f6-a196-175836df8f3c,2026-04-13,2,49.9,47,52.8
7a29de0f-3ba2-41f6-a196-175836df8f3c,2026-04-20,10,57.29,44.99,69.98
7a29de0f-3ba2-41f6-a196-175836df8f3c,2026-04-27,8,62.48,30,88
7a29de0f-3ba2-41f6-a196-175836df8f3c,2026-05-04,1,60,60,60
7a29de0f-3ba2-41f6-a196-175836df8f3c,2026-05-11,1,52.1,52.1,52.1
7a29de0f-3ba2-41f6-a196-175836df8f3c,2026-05-18,4,52.5,48,71.95
7a29de0f-3ba2-41f6-a196-175836df8f3c,2026-05-25,3,50,45,53
7a29de0f-3ba2-41f6-a196-175836df8f3c,2026-06-01,3,65,59,66.51
7a29de0f-3ba2-41f6-a196-175836df8f3c,2026-06-08,2,85.5,51,120
7a29de0f-3ba2-41f6-a196-175836df8f3c,2026-06-15,8,60.66,45.61,110
7a29de0f-3ba2-41f6-a196-175836df8f3c,2026-06-22,5,55,41.67,69.99
7a29de0f-3ba2-41f6-a196-175836df8f3c,2026-06-29,6,70,59,79.99
7a29de0f-3ba2-41f6-a196-175836df8f3c,2026-07-06,1,53.85,53.85,53.85
7a29de0f-3ba2-41f6-a196-175836df8f3c,2026-07-13,5,56,51.6,80
7a29de0f-3ba2-41f6-a196-175836df8f3c,2026-07-20,3,62.73,59,90
7a29de0f-3ba2-41f6-a196-175836df8f3c,2026-07-27,2,42,42,42
7a29de0f-3ba2-41f6-a196-175836df8f3c,2026-08-03,2,45.5,45,46
7a29de0f-3ba2-41f6-a196-175836df8f3c,2026-08-10,2,60,59.99,60
7a29de0f-3ba2-41f6-a196-175836df8f3c,2026-08-17,5,71,67.8,75
7a29de0f-3ba2-41f6-a196-175836df8f3c,2026-08-24,4,72.5,61,78.79
7a29de0f-3ba2-41f6-a196-175836df8f3c,2026-08-31,4,57,45.26,65.99
7a29de0f-3ba2-41f6-a196-175836df8f3c,2026-09-07,2,49.5,46,53
7a2a10d6-c7be-4b5e-abec-27f731dcb7e9,2021-08-16,1,31,31,31
7a2a10d6-c7be-4b5e-abec-27f731dcb7e9,2021-10-11,1,31,31,31
7a2a10d6-c7be-4b5e-abec-27f731dcb7e9,2022-06-13,1,40,40,40
7a2a10d6-c7be-4b5e-abec-27f731dcb7e9,2022-07-04,1,12,12,12
7a2a10d6-c7be-4b5e-abec-27f731dcb7e9,2023-03-20,1,43,43,43
7a2a10d6-c7be-4b5e-abec-27f731dcb7e9,2023-06-12,1,59.74,59.74,59.74
7a2a10d6-c7be-4b5e-abec-27f731dcb7e9,2023-07-17,1,76,76,76
7a2a10d6-c7be-4b5e-abec-27f731dcb7e9,2023-08-21,1,33,33,33
7a2a10d6-c7be-4b5e-abec-27f731dcb7e9,2023-09-11,1,100,100,100
7a2a10d6-c7be-4b5e-abec-27f731dcb7e9,2023-09-25,2,33.25,24.5,41.99
7a2a10d6-c7be-4b5e-abec-27f731dcb7e9,2023-10-16,1,44,44,44
7a2a10d6-c7be-4b5e-abec-27f731dcb7e9,2023-11-06,1,28,28,28
7a2a10d6-c7be-4b5e-abec-27f731dcb7e9,2023-11-20,2,55,50,60
7a2a10d6-c7be-4b5e-abec-27f731dcb7e9,2023-12-11,1,37.2,37.2,37.2
7a2a10d6-c7be-4b5e-abec-27f731dcb7e9,2023-12-18,1,25,25,25
7a2a10d6-c7be-4b5e-abec-27f731dcb7e9,2023-12-25,1,20.5,20.5,20.5
7a2a10d6-c7be-4b5e-abec-27f731dcb7e9,2024-01-01,2,49,44,53.99
7a2a10d6-c7be-4b5e-abec-27f731dcb7e9,2024-01-22,1,24.54,24.54,24.54
7a2a10d6-c7be-4b5e-abec-27f731dcb7e9,2024-02-19,1,35,35,35
7a2a10d6-c7be-4b5e-abec-27f731dcb7e9,2024-03-25,1,35,35,35
7a2a10d6-c7be-4b5e-abec-27f731dcb7e9,2024-04-01,1,24.4,24.4,24.4
7a2a10d6-c7be-4b5e-abec-27f731dcb7e9,2024-04-08,1,35,35,35
7a2a10d6-c7be-4b5e-abec-27f731dcb7e9,2024-04-29,1,37.99,37.99,37.99
7a2a10d6-c7be-4b5e-abec-27f731dcb7e9,2024-05-20,2,41.2,32.4,50
7a2a10d6-c7be-4b5e-abec-27f731dcb7e9,2024-05-27,1,37.5,37.5,37.5
7a2a10d6-c7be-4b5e-abec-27f731dcb7e9,2024-06-10,1,47.2,47.2,47.2
7a2a10d6-c7be-4b5e-abec-27f731dcb7e9,2024-06-24,1,33.75,33.75,33.75
7a2a10d6-c7be-4b5e-abec-27f731dcb7e9,2024-07-29,1,50.01,50.01,50.01
7a2a10d6-c7be-4b5e-abec-27f731dcb7e9,2024-08-05,1,24.04,24.04,24.04
7a2a10d6-c7be-4b5e-abec-27f731dcb7e9,2024-09-16,1,19.02,19.02,19.02
7a2a10d6-c7be-4b5e-abec-27f731dcb7e9,2024-10-14,1,30,30,30
7a2a10d6-c7be-4b5e-abec-27f731dcb7e9,2024-10-28,1,36,36,36
7a2a10d6-c7be-4b5e-abec-27f731dcb7e9,2024-11-11,1,59.73,59.73,59.73
7a2a10d6-c7be-4b5e-abec-27f731dcb7e9,2024-12-16,1,21.32,21.32,21.32
7a2a10d6-c7be-4b5e-abec-27f731dcb7e9,2025-04-14,1,51,51,51
7a2a10d6-c7be-4b5e-abec-27f731dcb7e9,2025-05-26,1,61.6,61.6,61.6
7a2a10d6-c7be-4b5e-abec-27f731dcb7e9,2025-07-28,1,53.29,53.29,53.29
7a2a10d6-c7be-4b5e-abec-27f731dcb7e9,2025-09-22,1,50,50,50
7a2a10d6-c7be-4b5e-abec-27f731dcb7e9,2026-01-26,1,60,60,60
7a2a10d6-c7be-4b5e-abec-27f731dcb7e9,2026-04-06,1,56,56,56
7a2a10d6-c7be-4b5e-abec-27f731dcb7e9,2026-05-04,1,150,150,150
7a2a10d6-c7be-4b5e-abec-27f731dcb7e9,2026-06-01,1,69.07,69.07,69.07
7a2a10d6-c7be-4b5e-abec-27f731dcb7e9,2026-06-29,2,68,56,80
7a2a10d6-c7be-4b5e-abec-27f731dcb7e9,2026-07-27,1,50,50,50
7a2a863c-db9b-4f03-a51c-fed2c1dce59a,2024-01-15,1,110.5,110.5,110.5
7a2a863c-db9b-4f03-a51c-fed2c1dce59a,2024-03-18,1,55,55,55
7a2a863c-db9b-4f03-a51c-fed2c1dce59a,2024-04-22,1,72.19,72.19,72.19
7a2a863c-db9b-4f03-a51c-fed2c1dce59a,2024-06-10,1,55.5,55.5,55.5
7a2a863c-db9b-4f03-a51c-fed2c1dce59a,2024-07-01,1,159.99,159.99,159.99
7a2a863c-db9b-4f03-a51c-fed2c1dce59a,2024-08-05,1,52,52,52
7a2a863c-db9b-4f03-a51c-fed2c1dce59a,2024-08-12,1,61,61,61
7a2a863c-db9b-4f03-a51c-fed2c1dce59a,2024-08-26,1,35,35,35
7a2a863c-db9b-4f03-a51c-fed2c1dce59a,2024-10-28,1,67,67,67
7a2a863c-db9b-4f03-a51c-fed2c1dce59a,2024-11-11,1,45,45,45
7a2a863c-db9b-4f03-a51c-fed2c1dce59a,2024-12-02,1,59.99,59.99,59.99
7a2a863c-db9b-4f03-a51c-fed2c1dce59a,2025-02-03,1,51,51,51
7a2a863c-db9b-4f03-a51c-fed2c1dce59a,2025-02-24,2,80.93,57,104.86
7a2a863c-db9b-4f03-a51c-fed2c1dce59a,2025-05-26,1,121.12,121.12,121.12
7a2a863c-db9b-4f03-a51c-fed2c1dce59a,2025-07-14,1,197.5,197.5,197.5
7a2a863c-db9b-4f03-a51c-fed2c1dce59a,2025-07-21,2,201.25,160,242.5
7a2a863c-db9b-4f03-a51c-fed2c1dce59a,2025-07-28,1,172.5,172.5,172.5
7a2a863c-db9b-4f03-a51c-fed2c1dce59a,2025-08-04,1,167.5,167.5,167.5
7a2a863c-db9b-4f03-a51c-fed2c1dce59a,2025-09-08,1,173.5,173.5,173.5
7a2a863c-db9b-4f03-a51c-fed2c1dce59a,2025-09-29,1,242.5,242.5,242.5
7a2a863c-db9b-4f03-a51c-fed2c1dce59a,2025-11-03,1,170,170,170
7a2a863c-db9b-4f03-a51c-fed2c1dce59a,2025-11-10,1,150.5,150.5,150.5
7a2a863c-db9b-4f03-a51c-fed2c1dce59a,2025-12-22,3,91,50,122.5
7a2a863c-db9b-4f03-a51c-fed2c1dce59a,2026-01-05,1,170,170,170
7a2a863c-db9b-4f03-a51c-fed2c1dce59a,2026-01-19,1,232.92,232.92,232.92
7a2a863c-db9b-4f03-a51c-fed2c1dce59a,2026-04-06,2,291.9,264.94,318.87
7a2a863c-db9b-4f03-a51c-fed2c1dce59a,2026-04-20,2,251.48,186.47,316.49
7a2a863c-db9b-4f03-a51c-fed2c1dce59a,2026-05-04,1,260,260,260
7a2a863c-db9b-4f03-a51c-fed2c1dce59a,2026-05-25,1,301,301,301
7a2a863c-db9b-4f03-a51c-fed2c1dce59a,2026-06-22,4,252.23,226.63,341.52
7a2a863c-db9b-4f03-a51c-fed2c1dce59a,2026-07-06,4,231.08,190.5,338.1
7a2a863c-db9b-4f03-a51c-fed2c1dce59a,2026-07-27,2,265.15,213.1,317.2
7a2a863c-db9b-4f03-a51c-fed2c1dce59a,2026-08-03,2,272.06,221.88,322.25
7a2a863c-db9b-4f03-a51c-fed2c1dce59a,2026-08-10,2,336.97,323.94,349.99
7a2a863c-db9b-4f03-a51c-fed2c1dce59a,2026-08-17,3,252.2,237.74,262.22
7a2a863c-db9b-4f03-a51c-fed2c1dce59a,2026-08-24,4,325.48,240,394.84
7a2a863c-db9b-4f03-a51c-fed2c1dce59a,2026-09-07,1,265,265,265
7a2d3c5c-3c3c-4f67-95e3-38e3e5851a41,2023-02-20,1,29,29,29
7a2d3c5c-3c3c-4f67-95e3-38e3e5851a41,2023-06-12,1,29,29,29
7a2d3c5c-3c3c-4f67-95e3-38e3e5851a41,2023-12-04,1,28,28,28
7a2d3c5c-3c3c-4f67-95e3-38e3e5851a41,2024-01-15,1,45,45,45
7a2d3c5c-3c3c-4f67-95e3-38e3e5851a41,2024-07-29,1,32,32,32
7a2d3c5c-3c3c-4f67-95e3-38e3e5851a41,2024-12-02,1,38,38,38
7a2d3c5c-3c3c-4f67-95e3-38e3e5851a41,2024-12-09,1,46,46,46
7a2d3c5c-3c3c-4f67-95e3-38e3e5851a41,2024-12-16,1,42.01,42.01,42.01
7a2d3c5c-3c3c-4f67-95e3-38e3e5851a41,2025-01-27,1,75,75,75
7a2d3c5c-3c3c-4f67-95e3-38e3e5851a41,2025-06-02,1,27,27,27
7a2d3c5c-3c3c-4f67-95e3-38e3e5851a41,2025-09-15,1,74.99,74.99,74.99
7a2d3c5c-3c3c-4f67-95e3-38e3e5851a41,2026-04-06,1,305,305,305
7a2d3c5c-3c3c-4f67-95e3-38e3e5851a41,2026-05-04,1,400,400,400
7a2d3c5c-3c3c-4f67-95e3-38e3e5851a41,2026-06-15,1,317,317,317
7a2d3c5c-3c3c-4f67-95e3-38e3e5851a41,2026-07-13,1,301,301,301
7a2d3c5c-3c3c-4f67-95e3-38e3e5851a41,2026-08-24,1,356,356,356
7a2e3dbe-578b-40c3-98ad-678767fbbde5,2022-09-19,3,222.5,152.5,349
7a2e3dbe-578b-40c3-98ad-678767fbbde5,2022-10-24,4,146,99,235
7a2e3dbe-578b-40c3-98ad-678767fbbde5,2022-10-31,8,98,86,172.5
7a2e3dbe-578b-40c3-98ad-678767fbbde5,2022-11-07,13,110,92,189
7a2e3dbe-578b-40c3-98ad-678767fbbde5,2022-11-14,7,89,76,125
7a2e3dbe-578b-40c3-98ad-678767fbbde5,2022-11-21,12,79.5,65,102
7a2e3dbe-578b-40c3-98ad-678767fbbde5,2022-11-28,19,76,45,199.99
7a2e3dbe-578b-40c3-98ad-678767fbbde5,2022-12-05,19,61,46,133.85
7a2e3dbe-578b-40c3-98ad-678767fbbde5,2022-12-12,27,55,40.9,99.89
7a2e3dbe-578b-40c3-98ad-678767fbbde5,2022-12-19,15,62,45,102.5
7a2e3dbe-578b-40c3-98ad-678767fbbde5,2022-12-26,13,63,50,125
7a2e3dbe-578b-40c3-98ad-678767fbbde5,2023-01-02,32,58.99,50,260
7a2e3dbe-578b-40c3-98ad-678767fbbde5,2023-01-09,26,54.5,42,175
7a2e3dbe-578b-40c3-98ad-678767fbbde5,2023-01-16,19,66,48.12,162.5
7a2e3dbe-578b-40c3-98ad-678767fbbde5,2023-01-23,19,59.99,45,90
7a2e3dbe-578b-40c3-98ad-678767fbbde5,2023-01-30,22,56.5,45,121.88
7a2e3dbe-578b-40c3-98ad-678767fbbde5,2023-02-06,25,57,44,144.92
7a2e3dbe-578b-40c3-98ad-678767fbbde5,2023-02-13,18,55.8,38,96.08
7a2e3dbe-578b-40c3-98ad-678767fbbde5,2023-02-20,22,56.98,43,138.39
7a2e3dbe-578b-40c3-98ad-678767fbbde5,2023-02-27,15,60,40,80
7a2e3dbe-578b-40c3-98ad-678767fbbde5,2023-03-06,15,50,42.1,76.25
7a2e3dbe-578b-40c3-98ad-678767fbbde5,2023-03-13,23,49.99,30,105
7a2e3dbe-578b-40c3-98ad-678767fbbde5,2023-03-20,16,50.5,39.6,73.35
7a2e3dbe-578b-40c3-98ad-678767fbbde5,2023-03-27,19,47.01,31,63.06
7a2e3dbe-578b-40c3-98ad-678767fbbde5,2023-04-03,15,44.99,31,51
7a2e3dbe-578b-40c3-98ad-678767fbbde5,2023-04-10,18,46.27,38,70
7a2e3dbe-578b-40c3-98ad-678767fbbde5,2023-04-17,18,42.5,30.5,59.76
7a2e3dbe-578b-40c3-98ad-678767fbbde5,2023-04-24,14,40.02,36,50
7a2e3dbe-578b-40c3-98ad-678767fbbde5,2023-05-01,14,40.23,30,133.5
7a2e3dbe-578b-40c3-98ad-678767fbbde5,2023-05-08,6,52.59,40,93.14
7a2e3dbe-578b-40c3-98ad-678767fbbde5,2023-05-15,15,47,40,59.99
7a2e3dbe-578b-40c3-98ad-678767fbbde5,2023-05-22,19,41,27.12,66
7a2e3dbe-578b-40c3-98ad-678767fbbde5,2023-05-29,22,45,39.99,112.5
7a2e3dbe-578b-40c3-98ad-678767fbbde5,2023-06-05,7,45,40,62.89
7a2e3dbe-578b-40c3-98ad-678767fbbde5,2023-06-12,14,43,20,73.51
7a2e3dbe-578b-40c3-98ad-678767fbbde5,2023-06-19,22,47,29.12,74.89
7a2e3dbe-578b-40c3-98ad-678767fbbde5,2023-06-26,11,50,34.96,96
7a2e3dbe-578b-40c3-98ad-678767fbbde5,2023-07-03,11,48.99,41,64.1
7a2e3dbe-578b-40c3-98ad-678767fbbde5,2023-07-10,10,43.5,32.51,64.95
7a2e3dbe-578b-40c3-98ad-678767fbbde5,2023-07-17,7,49.95,37.94,79.99
7a2e3dbe-578b-40c3-98ad-678767fbbde5,2023-07-24,13,50,30,63.94
7a2e3dbe-578b-40c3-98ad-678767fbbde5,2023-07-31,9,51,43,59.99
7a2e3dbe-578b-40c3-98ad-678767fbbde5,2023-08-07,5,41,33,47
7a2e3dbe-578b-40c3-98ad-678767fbbde5,2023-08-14,11,47,35,55.3
7a2e3dbe-578b-40c3-98ad-678767fbbde5,2023-08-21,10,44.5,30,75.88
7a2e3dbe-578b-40c3-98ad-678767fbbde5,2023-08-28,4,47.5,40,59.99
7a2e3dbe-578b-40c3-98ad-678767fbbde5,2023-09-04,8,43,30,56
7a2e3dbe-578b-40c3-98ad-678767fbbde5,2023-09-11,8,43.5,39.99,62.45
7a2e3dbe-578b-40c3-98ad-678767fbbde5,2023-09-18,8,37.89,29.9,55
7a2e3dbe-578b-40c3-98ad-678767fbbde5,2023-09-25,9,39,28.12,45
7a2e3dbe-578b-40c3-98ad-678767fbbde5,2023-10-02,7,40,34,60.61
7a2e3dbe-578b-40c3-98ad-678767fbbde5,2023-10-09,10,43.5,33.5,58.25
7a2e3dbe-578b-40c3-98ad-678767fbbde5,2023-10-16,8,42.83,24.1,50
7a2e3dbe-578b-40c3-98ad-678767fbbde5,2023-10-23,11,40,29.99,51
7a2e3dbe-578b-40c3-98ad-678767fbbde5,2023-10-30,8,40.62,24.5,50
7a2e3dbe-578b-40c3-98ad-678767fbbde5,2023-11-06,10,39.5,32,51
7a2e3dbe-578b-40c3-98ad-678767fbbde5,2023-11-13,9,41,29.02,59.99
7a2e3dbe-578b-40c3-98ad-678767fbbde5,2023-11-20,9,50,40,85
7a2e3dbe-578b-40c3-98ad-678767fbbde5,2023-11-27,5,45,40,45
7a2e3dbe-578b-40c3-98ad-678767fbbde5,2023-12-04,10,42.75,30,72.19
7a2e3dbe-578b-40c3-98ad-678767fbbde5,2023-12-11,8,42.5,28.55,49.99
7a2e3dbe-578b-40c3-98ad-678767fbbde5,2023-12-18,7,42,35,50
7a2e3dbe-578b-40c3-98ad-678767fbbde5,2023-12-25,8,38.59,35,49.99
7a2e3dbe-578b-40c3-98ad-678767fbbde5,2024-01-01,8,41,30,74.09
7a2e3dbe-578b-40c3-98ad-678767fbbde5,2024-01-08,8,44.03,34.8,52
7a2e3dbe-578b-40c3-98ad-678767fbbde5,2024-01-15,11,35,26.01,53.26
7a2e3dbe-578b-40c3-98ad-678767fbbde5,2024-01-22,4,41.63,28.55,45
7a2e3dbe-578b-40c3-98ad-678767fbbde5,2024-01-29,5,39.95,37,59.22
7a2e3dbe-578b-40c3-98ad-678767fbbde5,2024-02-05,12,35.7,32,52.95
7a2e3dbe-578b-40c3-98ad-678767fbbde5,2024-02-12,9,36,28,59.99
7a2e3dbe-578b-40c3-98ad-678767fbbde5,2024-02-19,11,36.19,25,53.25
7a2e3dbe-578b-40c3-98ad-678767fbbde5,2024-02-26,7,32,27,39.95
7a2e3dbe-578b-40c3-98ad-678767fbbde5,2024-03-04,12,36.5,28.75,78.45
7a2e3dbe-578b-40c3-98ad-678767fbbde5,2024-03-11,10,34.2,29.99,59.6
7a2e3dbe-578b-40c3-98ad-678767fbbde5,2024-03-18,8,32.38,29.99,39.99
7a2e3dbe-578b-40c3-98ad-678767fbbde5,2024-03-25,5,32,29,37.58
7a2e3dbe-578b-40c3-98ad-678767fbbde5,2024-04-01,5,36,26,52.78
7a2e3dbe-578b-40c3-98ad-678767fbbde5,2024-04-08,15,39.75,29,55.63
7a2e3dbe-578b-40c3-98ad-678767fbbde5,2024-04-15,4,35.79,30,40
7a2e3dbe-578b-40c3-98ad-678767fbbde5,2024-04-22,9,32,28,41.48
7a2e3dbe-578b-40c3-98ad-678767fbbde5,2024-04-29,12,32,26,45.6
7a2e3dbe-578b-40c3-98ad-678767fbbde5,2024-05-06,12,35,30,52.62
7a2e3dbe-578b-40c3-98ad-678767fbbde5,2024-05-13,7,40.49,26,48.26
7a2e3dbe-578b-40c3-98ad-678767fbbde5,2024-05-20,8,31.5,26,44
7a2e3dbe-578b-40c3-98ad-678767fbbde5,2024-05-27,5,39.99,36,47
7a2e3dbe-578b-40c3-98ad-678767fbbde5,2024-06-03,3,40,39.99,41
7a2e3dbe-578b-40c3-98ad-678767fbbde5,2024-06-10,6,31.24,26,35
7a2e3dbe-578b-40c3-98ad-678767fbbde5,2024-06-17,10,40,29,65.54
7a2e3dbe-578b-40c3-98ad-678767fbbde5,2024-06-24,12,39,24,90.62
7a2e3dbe-578b-40c3-98ad-678767fbbde5,2024-07-01,6,40,35.21,51.12
7a2e3dbe-578b-40c3-98ad-678767fbbde5,2024-07-08,10,36.75,26,48.99
7a2e3dbe-578b-40c3-98ad-678767fbbde5,2024-07-15,7,39.99,35,47
7a2e3dbe-578b-40c3-98ad-678767fbbde5,2024-07-22,6,39.98,38,50
7a2e3dbe-578b-40c3-98ad-678767fbbde5,2024-07-29,7,40,34,46.99
7a2e3dbe-578b-40c3-98ad-678767fbbde5,2024-08-05,7,35,34,40
7a2e3dbe-578b-40c3-98ad-678767fbbde5,2024-08-12,9,40,30,54.14
7a2e3dbe-578b-40c3-98ad-678767fbbde5,2024-08-19,8,38.97,35,62
7a2e3dbe-578b-40c3-98ad-678767fbbde5,2024-08-26,9,35,11.1,48.22
7a2e3dbe-578b-40c3-98ad-678767fbbde5,2024-09-02,8,40,24.06,57.06
7a2e3dbe-578b-40c3-98ad-678767fbbde5,2024-09-09,6,36.5,29.93,38
7a2e3dbe-578b-40c3-98ad-678767fbbde5,2024-09-16,7,37,30.76,42.99
7a2e3dbe-578b-40c3-98ad-678767fbbde5,2024-09-23,12,39,20,48.59
7a2e3dbe-578b-40c3-98ad-678767fbbde5,2024-09-30,3,42,36,47
7a2e3dbe-578b-40c3-98ad-678767fbbde5,2024-10-07,8,39.99,32.81,51
7a2e3dbe-578b-40c3-98ad-678767fbbde5,2024-10-14,11,40,30,45.44
7a2e3dbe-578b-40c3-98ad-678767fbbde5,2024-10-21,12,40,33.25,49.01
7a2e3dbe-578b-40c3-98ad-678767fbbde5,2024-10-28,9,40,35,66.35
7a2e3dbe-578b-40c3-98ad-678767fbbde5,2024-11-04,13,41,35,70.88
7a2e3dbe-578b-40c3-98ad-678767fbbde5,2024-11-11,8,36.5,34.99,40
7a2e3dbe-578b-40c3-98ad-678767fbbde5,2024-11-18,11,40,30,46
7a2e3dbe-578b-40c3-98ad-678767fbbde5,2024-11-25,15,44.99,35,79.15
7a2e3dbe-578b-40c3-98ad-678767fbbde5,2024-12-02,14,43,34,50
7a2e3dbe-578b-40c3-98ad-678767fbbde5,2024-12-09,13,48,36,60
7a2e3dbe-578b-40c3-98ad-678767fbbde5,2024-12-16,9,41,31,57.11
7a2e3dbe-578b-40c3-98ad-678767fbbde5,2024-12-23,7,43.19,39.39,55
7a2e3dbe-578b-40c3-98ad-678767fbbde5,2024-12-30,11,51,30,69.75
7a2e3dbe-578b-40c3-98ad-678767fbbde5,2025-01-06,7,51.96,44,57.69
7a2e3dbe-578b-40c3-98ad-678767fbbde5,2025-01-13,15,51,39.95,92.33
7a2e3dbe-578b-40c3-98ad-678767fbbde5,2025-01-20,12,52.5,45.21,65
7a2e3dbe-578b-40c3-98ad-678767fbbde5,2025-01-27,21,51,35,68.56
7a2e3dbe-578b-40c3-98ad-678767fbbde5,2025-02-03,14,52,35,59.99
7a2e3dbe-578b-40c3-98ad-678767fbbde5,2025-02-10,20,55,49,80
7a2e3dbe-578b-40c3-98ad-678767fbbde5,2025-02-17,20,55.5,50,70
7a2e3dbe-578b-40c3-98ad-678767fbbde5,2025-02-24,20,54,41,92.51
7a2e3dbe-578b-40c3-98ad-678767fbbde5,2025-03-03,14,57.46,50,69
7a2e3dbe-578b-40c3-98ad-678767fbbde5,2025-03-10,10,54.99,15.5,70
7a2e3dbe-578b-40c3-98ad-678767fbbde5,2025-03-17,19,56,43,71.13
7a2e3dbe-578b-40c3-98ad-678767fbbde5,2025-03-24,8,54,50,72
7a2e3dbe-578b-40c3-98ad-678767fbbde5,2025-03-31,14,61,45,76.46
7a2e3dbe-578b-40c3-98ad-678767fbbde5,2025-04-07,9,59.99,49,76
7a2e3dbe-578b-40c3-98ad-678767fbbde5,2025-04-14,6,59,52,65
7a2e3dbe-578b-40c3-98ad-678767fbbde5,2025-04-21,20,56,46,73
7a2e3dbe-578b-40c3-98ad-678767fbbde5,2025-04-28,16,56.7,46,79.62
7a2e3dbe-578b-40c3-98ad-678767fbbde5,2025-05-05,26,55,48,91.2
7a2e3dbe-578b-40c3-98ad-678767fbbde5,2025-05-12,14,58.5,51,72
7a2e3dbe-578b-40c3-98ad-678767fbbde5,2025-05-19,3,60,54,86.4
7a2e3dbe-578b-40c3-98ad-678767fbbde5,2025-05-26,11,54,48,64.8
7a2e3dbe-578b-40c3-98ad-678767fbbde5,2025-06-02,12,51.45,44,69
7a2e3dbe-578b-40c3-98ad-678767fbbde5,2025-06-09,10,50.61,46,62
7a2e3dbe-578b-40c3-98ad-678767fbbde5,2025-06-16,10,50,44.69,55
7a2e3dbe-578b-40c3-98ad-678767fbbde5,2025-06-23,6,52.5,41,64.99
7a2e3dbe-578b-40c3-98ad-678767fbbde5,2025-06-30,14,53.28,45,59.99
7a2e3dbe-578b-40c3-98ad-678767fbbde5,2025-07-07,8,53.5,44.99,74.53
7a2e3dbe-578b-40c3-98ad-678767fbbde5,2025-07-14,11,56,50,99.95
7a2e3dbe-578b-40c3-98ad-678767fbbde5,2025-07-21,12,73.5,45,99.44
7a2e3dbe-578b-40c3-98ad-678767fbbde5,2025-07-28,10,65,55,70
7a2e3dbe-578b-40c3-98ad-678767fbbde5,2025-08-04,5,72.05,63.5,89.99
7a2e3dbe-578b-40c3-98ad-678767fbbde5,2025-08-11,14,68.25,44.99,86
7a2e3dbe-578b-40c3-98ad-678767fbbde5,2025-08-18,12,80,64.99,89
7a2e3dbe-578b-40c3-98ad-678767fbbde5,2025-08-25,9,91.2,74.55,186.66
7a2e3dbe-578b-40c3-98ad-678767fbbde5,2025-09-01,14,93.53,85,109
7a2e3dbe-578b-40c3-98ad-678767fbbde5,2025-09-08,14,94.94,80,149.99
7a2e3dbe-578b-40c3-98ad-678767fbbde5,2025-09-15,22,106.5,76.53,123.99
7a2e3dbe-578b-40c3-98ad-678767fbbde5,2025-09-22,8,109.5,93,150.5
7a2e3dbe-578b-40c3-98ad-678767fbbde5,2025-09-29,11,110,75,150
7a2e3dbe-578b-40c3-98ad-678767fbbde5,2025-10-06,11,102.5,93,169
7a2e3dbe-578b-40c3-98ad-678767fbbde5,2025-10-13,14,101.25,67.64,110.5
7a2e3dbe-578b-40c3-98ad-678767fbbde5,2025-10-20,7,103.2,94,114.99
7a2e3dbe-578b-40c3-98ad-678767fbbde5,2025-10-27,6,116.22,86,125
7a2e3dbe-578b-40c3-98ad-678767fbbde5,2025-11-03,4,92.5,84.65,100
7a2e3dbe-578b-40c3-98ad-678767fbbde5,2025-11-10,10,94.2,73,113
7a2e3dbe-578b-40c3-98ad-678767fbbde5,2025-11-17,2,68,61,75
7a2e3dbe-578b-40c3-98ad-678767fbbde5,2025-11-24,5,85.01,82,111.26
7a2e3dbe-578b-40c3-98ad-678767fbbde5,2025-12-01,7,85,66,90
7a2e3dbe-578b-40c3-98ad-678767fbbde5,2025-12-08,8,90.5,67,99.95
7a2e3dbe-578b-40c3-98ad-678767fbbde5,2025-12-15,11,85,63.99,100
7a2e3dbe-578b-40c3-98ad-678767fbbde5,2025-12-22,5,79,70,92
7a2e3dbe-578b-40c3-98ad-678767fbbde5,2025-12-29,35,95,67,105
7a2e3dbe-578b-40c3-98ad-678767fbbde5,2026-01-05,13,94,75,100
7a2e3dbe-578b-40c3-98ad-678767fbbde5,2026-01-12,10,98,90,140
7a2e3dbe-578b-40c3-98ad-678767fbbde5,2026-01-19,12,96.98,85,150
7a2e3dbe-578b-40c3-98ad-678767fbbde5,2026-01-26,21,95,84,183.5
7a2e3dbe-578b-40c3-98ad-678767fbbde5,2026-02-02,8,95,85,101
7a2e3dbe-578b-40c3-98ad-678767fbbde5,2026-02-09,10,92,78,150
7a2e3dbe-578b-40c3-98ad-678767fbbde5,2026-02-16,18,99.99,66.71,139
7a2e3dbe-578b-40c3-98ad-678767fbbde5,2026-02-23,16,97.5,65.78,120
7a2e3dbe-578b-40c3-98ad-678767fbbde5,2026-03-02,18,101.72,85,230
7a2e3dbe-578b-40c3-98ad-678767fbbde5,2026-03-09,19,108,94.06,182.5
7a2e3dbe-578b-40c3-98ad-678767fbbde5,2026-03-16,17,113.5,90,132.5
7a2e3dbe-578b-40c3-98ad-678767fbbde5,2026-03-23,17,117.5,61.42,133.5
7a2e3dbe-578b-40c3-98ad-678767fbbde5,2026-03-30,24,120,94,246.44
7a2e3dbe-578b-40c3-98ad-678767fbbde5,2026-04-06,10,119.25,85,140.87
7a2e3dbe-578b-40c3-98ad-678767fbbde5,2026-04-13,17,124.99,104.81,180
7a2e3dbe-578b-40c3-98ad-678767fbbde5,2026-04-20,18,125,100,156
7a2e3dbe-578b-40c3-98ad-678767fbbde5,2026-04-27,19,125,75.59,175
7a2e3dbe-578b-40c3-98ad-678767fbbde5,2026-05-04,16,131.25,118.5,169.99
7a2e3dbe-578b-40c3-98ad-678767fbbde5,2026-05-11,14,133.75,110,150
7a2e3dbe-578b-40c3-98ad-678767fbbde5,2026-05-18,20,148.75,100,254.99
7a2e3dbe-578b-40c3-98ad-678767fbbde5,2026-05-25,20,149.5,123.03,179.99
7a2e3dbe-578b-40c3-98ad-678767fbbde5,2026-06-01,28,162.5,125,194.95
7a2e3dbe-578b-40c3-98ad-678767fbbde5,2026-06-08,7,166.13,150,238.38
7a2e3dbe-578b-40c3-98ad-678767fbbde5,2026-06-15,10,158.25,145,200
7a2e3dbe-578b-40c3-98ad-678767fbbde5,2026-06-22,8,146.25,138.5,175
7a2e3dbe-578b-40c3-98ad-678767fbbde5,2026-06-29,9,153.08,111.06,200.18
7a2e3dbe-578b-40c3-98ad-678767fbbde5,2026-07-06,15,146.61,96.34,178.99
7a2e3dbe-578b-40c3-98ad-678767fbbde5,2026-07-13,8,140,110,170.44
7a2e3dbe-578b-40c3-98ad-678767fbbde5,2026-07-20,4,142.5,133.5,155.14
7a2e3dbe-578b-40c3-98ad-678767fbbde5,2026-07-27,5,140,122.5,177
7a2e3dbe-578b-40c3-98ad-678767fbbde5,2026-08-03,12,140.2,124,179.99
7a2e3dbe-578b-40c3-98ad-678767fbbde5,2026-08-10,13,139,130,149
7a2e3dbe-578b-40c3-98ad-678767fbbde5,2026-08-17,9,134,105.5,152.5
7a2e3dbe-578b-40c3-98ad-678767fbbde5,2026-08-24,15,139.5,101.79,159
7a2e3dbe-578b-40c3-98ad-678767fbbde5,2026-08-31,7,144.99,129.99,150
7a2e3dbe-578b-40c3-98ad-678767fbbde5,2026-09-07,14,128.4,108,156
7a2e3dbe-578b-40c3-98ad-678767fbbde5,2026-09-14,1,134,134,134
7a2e6910-2f1a-492f-af5c-77fe4bd03be6,2026-02-09,1,206.4,206.4,206.4
7a330685-6d96-47e4-97ca-1f0e9f5a53bb,2021-07-19,1,102.5,102.5,102.5
7a330685-6d96-47e4-97ca-1f0e9f5a53bb,2023-10-30,1,225,225,225
7a330685-6d96-47e4-97ca-1f0e9f5a53bb,2023-12-18,1,62,62,62
7a330685-6d96-47e4-97ca-1f0e9f5a53bb,2024-04-22,1,79.75,79.75,79.75
7a330685-6d96-47e4-97ca-1f0e9f5a53bb,2024-08-26,1,100,100,100
7a330685-6d96-47e4-97ca-1f0e9f5a53bb,2025-06-30,1,348,348,348
7a330685-6d96-47e4-97ca-1f0e9f5a53bb,2025-07-07,1,340.04,340.04,340.04
7a330685-6d96-47e4-97ca-1f0e9f5a53bb,2025-09-01,1,306,306,306
7a330685-6d96-47e4-97ca-1f0e9f5a53bb,2025-11-17,1,450,450,450
7a330685-6d96-47e4-97ca-1f0e9f5a53bb,2025-12-22,1,450,450,450
7a330685-6d96-47e4-97ca-1f0e9f5a53bb,2026-01-26,1,455,455,455
7a330685-6d96-47e4-97ca-1f0e9f5a53bb,2026-06-15,1,1254.57,1254.57,1254.57
7a35b5e9-4fbd-42aa-adc2-fdd40e86f00e,2021-03-01,1,135,135,135
7a35b5e9-4fbd-42aa-adc2-fdd40e86f00e,2021-05-31,1,102.5,102.5,102.5
7a35b5e9-4fbd-42aa-adc2-fdd40e86f00e,2021-11-15,1,100,100,100
7a35b5e9-4fbd-42aa-adc2-fdd40e86f00e,2022-01-10,1,140,140,140
7a35b5e9-4fbd-42aa-adc2-fdd40e86f00e,2022-02-07,1,175,175,175
7a35b5e9-4fbd-42aa-adc2-fdd40e86f00e,2022-02-21,1,96,96,96
7a35b5e9-4fbd-42aa-adc2-fdd40e86f00e,2022-02-28,1,78.77,78.77,78.77
7a35b5e9-4fbd-42aa-adc2-fdd40e86f00e,2022-03-14,1,89.05,89.05,89.05
7a35b5e9-4fbd-42aa-adc2-fdd40e86f00e,2022-04-18,1,100.24,100.24,100.24
7a35b5e9-4fbd-42aa-adc2-fdd40e86f00e,2022-06-13,1,37,37,37
7a35b5e9-4fbd-42aa-adc2-fdd40e86f00e,2022-06-20,1,61,61,61
7a35b5e9-4fbd-42aa-adc2-fdd40e86f00e,2022-07-25,2,77,74,80
7a35b5e9-4fbd-42aa-adc2-fdd40e86f00e,2022-08-01,2,217.5,135,300
7a35b5e9-4fbd-42aa-adc2-fdd40e86f00e,2022-08-15,1,70,70,70
7a35b5e9-4fbd-42aa-adc2-fdd40e86f00e,2022-08-22,1,69.46,69.46,69.46
7a35b5e9-4fbd-42aa-adc2-fdd40e86f00e,2022-09-26,1,37.12,37.12,37.12
7a35b5e9-4fbd-42aa-adc2-fdd40e86f00e,2022-10-03,1,62,62,62
7a35b5e9-4fbd-42aa-adc2-fdd40e86f00e,2022-10-10,1,75,75,75
7a35b5e9-4fbd-42aa-adc2-fdd40e86f00e,2022-10-17,2,69,38,99.99
7a35b5e9-4fbd-42aa-adc2-fdd40e86f00e,2022-11-07,1,46,46,46
7a35b5e9-4fbd-42aa-adc2-fdd40e86f00e,2022-11-28,1,36,36,36
7a35b5e9-4fbd-42aa-adc2-fdd40e86f00e,2022-12-05,1,44.65,44.65,44.65
7a35b5e9-4fbd-42aa-adc2-fdd40e86f00e,2022-12-26,1,55.48,55.48,55.48
7a35b5e9-4fbd-42aa-adc2-fdd40e86f00e,2023-01-02,1,51,51,51
7a35b5e9-4fbd-42aa-adc2-fdd40e86f00e,2023-03-06,1,66.07,66.07,66.07
7a35b5e9-4fbd-42aa-adc2-fdd40e86f00e,2023-03-13,1,89.99,89.99,89.99
7a35b5e9-4fbd-42aa-adc2-fdd40e86f00e,2023-03-20,1,75,75,75
7a35b5e9-4fbd-42aa-adc2-fdd40e86f00e,2023-05-15,1,67.16,67.16,67.16
7a35b5e9-4fbd-42aa-adc2-fdd40e86f00e,2023-05-29,2,85.06,46.8,123.32
7a35b5e9-4fbd-42aa-adc2-fdd40e86f00e,2023-06-19,1,80,80,80
7a35b5e9-4fbd-42aa-adc2-fdd40e86f00e,2023-06-26,1,99.99,99.99,99.99
7a35b5e9-4fbd-42aa-adc2-fdd40e86f00e,2023-07-03,1,124.99,124.99,124.99
7a35b5e9-4fbd-42aa-adc2-fdd40e86f00e,2023-07-10,1,72,72,72
7a35b5e9-4fbd-42aa-adc2-fdd40e86f00e,2023-08-07,1,32,32,32
7a35b5e9-4fbd-42aa-adc2-fdd40e86f00e,2023-09-04,1,98.79,98.79,98.79
7a35b5e9-4fbd-42aa-adc2-fdd40e86f00e,2023-09-25,1,199.99,199.99,199.99
7a35b5e9-4fbd-42aa-adc2-fdd40e86f00e,2023-10-02,1,43.2,43.2,43.2
7a35b5e9-4fbd-42aa-adc2-fdd40e86f00e,2023-10-23,1,43,43,43
7a35b5e9-4fbd-42aa-adc2-fdd40e86f00e,2023-10-30,1,55.77,55.77,55.77
7a35b5e9-4fbd-42aa-adc2-fdd40e86f00e,2023-12-11,1,60,60,60
7a35b5e9-4fbd-42aa-adc2-fdd40e86f00e,2023-12-18,1,58,58,58
7a35b5e9-4fbd-42aa-adc2-fdd40e86f00e,2024-01-08,1,60,60,60
7a35b5e9-4fbd-42aa-adc2-fdd40e86f00e,2024-02-05,1,69.99,69.99,69.99
7a35b5e9-4fbd-42aa-adc2-fdd40e86f00e,2024-02-19,1,60,60,60
7a35b5e9-4fbd-42aa-adc2-fdd40e86f00e,2024-03-04,1,60.21,60.21,60.21
7a35b5e9-4fbd-42aa-adc2-fdd40e86f00e,2024-04-15,1,62,62,62
7a35b5e9-4fbd-42aa-adc2-fdd40e86f00e,2024-04-29,1,93.99,93.99,93.99
7a35b5e9-4fbd-42aa-adc2-fdd40e86f00e,2024-05-20,1,51,51,51
7a35b5e9-4fbd-42aa-adc2-fdd40e86f00e,2024-06-10,1,37.6,37.6,37.6
7a35b5e9-4fbd-42aa-adc2-fdd40e86f00e,2024-06-17,1,46.8,46.8,46.8
7a35b5e9-4fbd-42aa-adc2-fdd40e86f00e,2024-07-22,1,26,26,26
7a35b5e9-4fbd-42aa-adc2-fdd40e86f00e,2024-08-05,1,61.65,61.65,61.65
7a35b5e9-4fbd-42aa-adc2-fdd40e86f00e,2024-10-21,1,60,60,60
7a35b5e9-4fbd-42aa-adc2-fdd40e86f00e,2024-10-28,1,50,50,50
7a35b5e9-4fbd-42aa-adc2-fdd40e86f00e,2025-01-13,1,74.38,74.38,74.38
7a35b5e9-4fbd-42aa-adc2-fdd40e86f00e,2025-02-17,1,61,61,61
7a35b5e9-4fbd-42aa-adc2-fdd40e86f00e,2025-03-17,1,65,65,65
7a35b5e9-4fbd-42aa-adc2-fdd40e86f00e,2025-03-31,1,55,55,55
7a35b5e9-4fbd-42aa-adc2-fdd40e86f00e,2025-04-28,1,75,75,75
7a35b5e9-4fbd-42aa-adc2-fdd40e86f00e,2025-06-02,1,95,95,95
7a35b5e9-4fbd-42aa-adc2-fdd40e86f00e,2025-07-07,1,75,75,75
7a35b5e9-4fbd-42aa-adc2-fdd40e86f00e,2025-07-28,1,100,100,100
7a35b5e9-4fbd-42aa-adc2-fdd40e86f00e,2025-08-18,1,84,84,84
7a35b5e9-4fbd-42aa-adc2-fdd40e86f00e,2025-08-25,1,67.02,67.02,67.02
7a35b5e9-4fbd-42aa-adc2-fdd40e86f00e,2025-09-01,1,105.6,105.6,105.6
7a35b5e9-4fbd-42aa-adc2-fdd40e86f00e,2025-09-29,1,92.99,92.99,92.99
7a35b5e9-4fbd-42aa-adc2-fdd40e86f00e,2025-10-13,1,80,80,80
7a35b5e9-4fbd-42aa-adc2-fdd40e86f00e,2025-11-17,1,110,110,110
7a35b5e9-4fbd-42aa-adc2-fdd40e86f00e,2025-12-08,2,117.75,85.5,150
7a35b5e9-4fbd-42aa-adc2-fdd40e86f00e,2025-12-29,3,110,100,114.99
7a35b5e9-4fbd-42aa-adc2-fdd40e86f00e,2026-01-19,1,120,120,120
7a35b5e9-4fbd-42aa-adc2-fdd40e86f00e,2026-02-02,3,119.99,110,178.41
7a35b5e9-4fbd-42aa-adc2-fdd40e86f00e,2026-02-09,1,120,120,120
7a35b5e9-4fbd-42aa-adc2-fdd40e86f00e,2026-02-16,1,100,100,100
7a35b5e9-4fbd-42aa-adc2-fdd40e86f00e,2026-02-23,1,130,130,130
7a35b5e9-4fbd-42aa-adc2-fdd40e86f00e,2026-03-02,1,203.99,203.99,203.99
7a35b5e9-4fbd-42aa-adc2-fdd40e86f00e,2026-04-06,1,186,186,186
7a35b5e9-4fbd-42aa-adc2-fdd40e86f00e,2026-04-13,2,400,400,400
7a35b5e9-4fbd-42aa-adc2-fdd40e86f00e,2026-06-01,1,840,840,840
7a35b5e9-4fbd-42aa-adc2-fdd40e86f00e,2026-06-08,1,1000,1000,1000
7a35b5e9-4fbd-42aa-adc2-fdd40e86f00e,2026-08-03,2,452.5,432,473
7a371d27-2bab-4b0b-a279-d612730cb334,2021-07-12,2,40,40,40
7a371d27-2bab-4b0b-a279-d612730cb334,2021-10-18,1,27,27,27
7a371d27-2bab-4b0b-a279-d612730cb334,2021-10-25,1,23,23,23
7a371d27-2bab-4b0b-a279-d612730cb334,2021-12-20,1,21.5,21.5,21.5
7a371d27-2bab-4b0b-a279-d612730cb334,2024-03-04,1,15.5,15.5,15.5
7a371d27-2bab-4b0b-a279-d612730cb334,2024-07-08,1,21.57,21.57,21.57
7a371d27-2bab-4b0b-a279-d612730cb334,2026-03-30,1,26,26,26
7a38b21d-01ab-42b2-8453-8005dea94eed,2021-03-01,1,1025,1025,1025
7a38b21d-01ab-42b2-8453-8005dea94eed,2021-03-08,1,1231.79,1231.79,1231.79
7a38b21d-01ab-42b2-8453-8005dea94eed,2021-03-15,1,778.99,778.99,778.99
7a38b21d-01ab-42b2-8453-8005dea94eed,2021-03-29,3,850,844.96,855
7a38b21d-01ab-42b2-8453-8005dea94eed,2021-04-12,1,540,540,540
7a38b21d-01ab-42b2-8453-8005dea94eed,2021-04-19,1,950,950,950
7a38b21d-01ab-42b2-8453-8005dea94eed,2021-04-26,3,710,665,760
7a38b21d-01ab-42b2-8453-8005dea94eed,2021-05-03,1,679,679,679
7a38b21d-01ab-42b2-8453-8005dea94eed,2021-05-10,1,900,900,900
7a38b21d-01ab-42b2-8453-8005dea94eed,2021-05-17,1,1900,1900,1900
7a38b21d-01ab-42b2-8453-8005dea94eed,2021-05-24,3,532,420,710
7a38b21d-01ab-42b2-8453-8005dea94eed,2021-06-07,2,491,457,525
7a38b21d-01ab-42b2-8453-8005dea94eed,2021-06-21,4,445.5,387,530
7a38b21d-01ab-42b2-8453-8005dea94eed,2021-07-05,1,800,800,800
7a38b21d-01ab-42b2-8453-8005dea94eed,2021-07-12,1,339.2,339.2,339.2
7a38b21d-01ab-42b2-8453-8005dea94eed,2021-07-19,1,525,525,525
7a38b21d-01ab-42b2-8453-8005dea94eed,2021-07-26,3,910,709,1050
7a38b21d-01ab-42b2-8453-8005dea94eed,2021-08-23,1,906.06,906.06,906.06
7a38b21d-01ab-42b2-8453-8005dea94eed,2021-09-06,1,770.65,770.65,770.65
7a38b21d-01ab-42b2-8453-8005dea94eed,2021-09-13,1,760,760,760
7a38b21d-01ab-42b2-8453-8005dea94eed,2021-10-04,2,957.94,935,980.89
7a38b21d-01ab-42b2-8453-8005dea94eed,2021-10-25,4,492.5,340,575
7a38b21d-01ab-42b2-8453-8005dea94eed,2021-11-15,2,830.5,800,861
7a38b21d-01ab-42b2-8453-8005dea94eed,2021-11-29,1,899.99,899.99,899.99
7a38b21d-01ab-42b2-8453-8005dea94eed,2021-12-13,2,622,619,625
7a38b21d-01ab-42b2-8453-8005dea94eed,2022-01-03,2,712.5,700,725
7a38b21d-01ab-42b2-8453-8005dea94eed,2022-01-10,2,795.78,766.56,825
7a38b21d-01ab-42b2-8453-8005dea94eed,2022-01-17,2,689.5,610,769
7a38b21d-01ab-42b2-8453-8005dea94eed,2022-01-24,1,580,580,580
7a38b21d-01ab-42b2-8453-8005dea94eed,2022-01-31,2,571.56,502,641.12
7a38b21d-01ab-42b2-8453-8005dea94eed,2022-02-28,3,640,630,974.99
7a38b21d-01ab-42b2-8453-8005dea94eed,2022-03-07,1,729.28,729.28,729.28
7a38b21d-01ab-42b2-8453-8005dea94eed,2022-04-04,1,1000,1000,1000
7a38b21d-01ab-42b2-8453-8005dea94eed,2022-04-11,1,741,741,741
7a38b21d-01ab-42b2-8453-8005dea94eed,2022-05-09,1,717,717,717
7a38b21d-01ab-42b2-8453-8005dea94eed,2022-05-16,2,715,675,755
7a38b21d-01ab-42b2-8453-8005dea94eed,2022-05-23,2,750.71,750,751.43
7a38b21d-01ab-42b2-8453-8005dea94eed,2022-06-06,1,751.32,751.32,751.32
7a38b21d-01ab-42b2-8453-8005dea94eed,2022-06-20,1,620,620,620
7a38b21d-01ab-42b2-8453-8005dea94eed,2022-06-27,1,670,670,670
7a38b21d-01ab-42b2-8453-8005dea94eed,2022-07-11,1,650,650,650
7a38b21d-01ab-42b2-8453-8005dea94eed,2022-08-08,1,465,465,465
7a38b21d-01ab-42b2-8453-8005dea94eed,2022-09-05,1,619.99,619.99,619.99
7a38b21d-01ab-42b2-8453-8005dea94eed,2022-09-12,1,972.3,972.3,972.3
7a38b21d-01ab-42b2-8453-8005dea94eed,2022-09-19,1,750,750,750
7a38b21d-01ab-42b2-8453-8005dea94eed,2022-10-03,2,732.05,647,817.09
7a38b21d-01ab-42b2-8453-8005dea94eed,2022-10-17,2,700,650,750
7a38b21d-01ab-42b2-8453-8005dea94eed,2022-10-24,2,735,695,775
7a38b21d-01ab-42b2-8453-8005dea94eed,2022-11-21,1,510,510,510
7a38b21d-01ab-42b2-8453-8005dea94eed,2022-12-05,1,599.99,599.99,599.99
7a38b21d-01ab-42b2-8453-8005dea94eed,2022-12-19,1,455,455,455
7a38b21d-01ab-42b2-8453-8005dea94eed,2023-01-09,2,580,550,610
7a38b21d-01ab-42b2-8453-8005dea94eed,2023-01-23,1,669,669,669
7a38b21d-01ab-42b2-8453-8005dea94eed,2023-03-06,1,664,664,664
7a38b21d-01ab-42b2-8453-8005dea94eed,2023-04-03,2,457.62,415.25,500
7a38b21d-01ab-42b2-8453-8005dea94eed,2023-04-17,1,627,627,627
7a38b21d-01ab-42b2-8453-8005dea94eed,2023-04-24,1,490,490,490
7a38b21d-01ab-42b2-8453-8005dea94eed,2023-05-15,1,500,500,500
7a38b21d-01ab-42b2-8453-8005dea94eed,2023-06-05,3,384,384,396
7a38b21d-01ab-42b2-8453-8005dea94eed,2023-06-19,1,500,500,500
7a38b21d-01ab-42b2-8453-8005dea94eed,2023-06-26,1,525,525,525
7a38b21d-01ab-42b2-8453-8005dea94eed,2023-07-03,1,510,510,510
7a38b21d-01ab-42b2-8453-8005dea94eed,2023-08-28,1,600,600,600
7a38b21d-01ab-42b2-8453-8005dea94eed,2023-09-04,1,1000,1000,1000
7a38b21d-01ab-42b2-8453-8005dea94eed,2023-09-11,1,456,456,456
7a38b21d-01ab-42b2-8453-8005dea94eed,2023-10-30,1,518.64,518.64,518.64
7a38b21d-01ab-42b2-8453-8005dea94eed,2023-11-13,2,746,492,1000
7a38b21d-01ab-42b2-8453-8005dea94eed,2023-11-20,1,760.66,760.66,760.66
7a38b21d-01ab-42b2-8453-8005dea94eed,2023-11-27,2,647.5,495,800
7a38b21d-01ab-42b2-8453-8005dea94eed,2023-12-04,1,630,630,630
7a38b21d-01ab-42b2-8453-8005dea94eed,2023-12-25,1,705,705,705
7a38b21d-01ab-42b2-8453-8005dea94eed,2024-01-01,1,750,750,750
7a38b21d-01ab-42b2-8453-8005dea94eed,2024-02-05,1,805,805,805
7a38b21d-01ab-42b2-8453-8005dea94eed,2024-02-12,1,700,700,700
7a38b21d-01ab-42b2-8453-8005dea94eed,2024-02-26,1,799.99,799.99,799.99
7a38b21d-01ab-42b2-8453-8005dea94eed,2024-03-18,1,850,850,850
7a38b21d-01ab-42b2-8453-8005dea94eed,2024-04-01,1,575,575,575
7a38b21d-01ab-42b2-8453-8005dea94eed,2024-04-08,4,642.5,605,720
7a38b21d-01ab-42b2-8453-8005dea94eed,2024-04-15,1,649.99,649.99,649.99
7a38b21d-01ab-42b2-8453-8005dea94eed,2024-04-29,1,640,640,640
7a38b21d-01ab-42b2-8453-8005dea94eed,2024-05-06,1,596,596,596
7a38b21d-01ab-42b2-8453-8005dea94eed,2024-05-13,1,613,613,613
7a38b21d-01ab-42b2-8453-8005dea94eed,2024-05-20,1,610,610,610
7a38b21d-01ab-42b2-8453-8005dea94eed,2024-05-27,2,649.5,649,650
7a38b21d-01ab-42b2-8453-8005dea94eed,2024-06-03,1,470,470,470
7a38b21d-01ab-42b2-8453-8005dea94eed,2024-06-10,1,750,750,750
7a38b21d-01ab-42b2-8453-8005dea94eed,2024-06-17,1,669.26,669.26,669.26
7a38b21d-01ab-42b2-8453-8005dea94eed,2024-06-24,1,670,670,670
7a38b21d-01ab-42b2-8453-8005dea94eed,2024-07-08,1,625,625,625
7a38b21d-01ab-42b2-8453-8005dea94eed,2024-07-22,1,500,500,500
7a38b21d-01ab-42b2-8453-8005dea94eed,2024-08-05,1,544,544,544
7a38b21d-01ab-42b2-8453-8005dea94eed,2024-08-12,1,610,610,610
7a38b21d-01ab-42b2-8453-8005dea94eed,2024-08-26,1,650,650,650
7a38b21d-01ab-42b2-8453-8005dea94eed,2024-09-02,2,668.5,630,707
7a38b21d-01ab-42b2-8453-8005dea94eed,2024-09-16,1,630,630,630
7a38b21d-01ab-42b2-8453-8005dea94eed,2024-10-14,1,695,695,695
7a38b21d-01ab-42b2-8453-8005dea94eed,2024-11-25,3,625.65,509.8,750
7a38b21d-01ab-42b2-8453-8005dea94eed,2024-12-09,2,516,504,528
7a38b21d-01ab-42b2-8453-8005dea94eed,2024-12-16,1,969,969,969
7a38b21d-01ab-42b2-8453-8005dea94eed,2024-12-23,2,755,749.99,760
7a38b21d-01ab-42b2-8453-8005dea94eed,2025-01-13,2,877.5,755,1000
7a38b21d-01ab-42b2-8453-8005dea94eed,2025-01-20,1,750,750,750
7a38b21d-01ab-42b2-8453-8005dea94eed,2025-02-10,1,895.91,895.91,895.91
7a38b21d-01ab-42b2-8453-8005dea94eed,2025-03-03,2,1025,1000,1050
7a38b21d-01ab-42b2-8453-8005dea94eed,2025-03-17,1,966,966,966
7a38b21d-01ab-42b2-8453-8005dea94eed,2025-03-24,2,920,840,1000
7a38b21d-01ab-42b2-8453-8005dea94eed,2025-03-31,1,840,840,840
7a38b21d-01ab-42b2-8453-8005dea94eed,2025-04-07,1,835,835,835
7a38b21d-01ab-42b2-8453-8005dea94eed,2025-04-14,1,868,868,868
7a38b21d-01ab-42b2-8453-8005dea94eed,2025-04-21,1,645,645,645
7a38b21d-01ab-42b2-8453-8005dea94eed,2025-05-05,1,1050,1050,1050
7a38b21d-01ab-42b2-8453-8005dea94eed,2025-05-12,2,962,904,1020
7a38b21d-01ab-42b2-8453-8005dea94eed,2025-05-19,2,951,902,1000
7a38b21d-01ab-42b2-8453-8005dea94eed,2025-06-02,1,1140,1140,1140
7a38b21d-01ab-42b2-8453-8005dea94eed,2025-06-16,1,940,940,940
7a38b21d-01ab-42b2-8453-8005dea94eed,2025-07-07,2,955.75,925,986.5
7a38b21d-01ab-42b2-8453-8005dea94eed,2025-08-11,1,1574.15,1574.15,1574.15
7a38b21d-01ab-42b2-8453-8005dea94eed,2025-08-18,1,1080,1080,1080
7a38b21d-01ab-42b2-8453-8005dea94eed,2025-08-25,1,1350,1350,1350
7a38b21d-01ab-42b2-8453-8005dea94eed,2025-09-01,1,1325,1325,1325
7a38b21d-01ab-42b2-8453-8005dea94eed,2025-09-15,1,1225.02,1225.02,1225.02
7a38b21d-01ab-42b2-8453-8005dea94eed,2025-09-22,1,1475,1475,1475
7a38b21d-01ab-42b2-8453-8005dea94eed,2025-10-06,1,1750,1750,1750
7a38b21d-01ab-42b2-8453-8005dea94eed,2025-10-13,1,1228,1228,1228
7a38b21d-01ab-42b2-8453-8005dea94eed,2025-11-03,1,1425,1425,1425
7a38b21d-01ab-42b2-8453-8005dea94eed,2025-11-10,1,1400,1400,1400
7a38b21d-01ab-42b2-8453-8005dea94eed,2025-11-24,1,1110,1110,1110
7a38b21d-01ab-42b2-8453-8005dea94eed,2025-12-08,2,1280,1260,1300
7a38b21d-01ab-42b2-8453-8005dea94eed,2025-12-29,2,1297.5,1295,1300
7a38b21d-01ab-42b2-8453-8005dea94eed,2026-01-05,1,1750,1750,1750
7a38b21d-01ab-42b2-8453-8005dea94eed,2026-01-12,1,1750,1750,1750
7a38b21d-01ab-42b2-8453-8005dea94eed,2026-01-26,3,1879,1600,2661
7a38b21d-01ab-42b2-8453-8005dea94eed,2026-02-02,1,1300,1300,1300
7a38b21d-01ab-42b2-8453-8005dea94eed,2026-02-16,1,1800,1800,1800
7a38b21d-01ab-42b2-8453-8005dea94eed,2026-03-09,3,1900,1800,2007
7a38b21d-01ab-42b2-8453-8005dea94eed,2026-03-16,1,2100,2100,2100
7a38b21d-01ab-42b2-8453-8005dea94eed,2026-03-30,4,3052.5,2340,4999.99
7a38b21d-01ab-42b2-8453-8005dea94eed,2026-04-20,1,2178,2178,2178
7a38b21d-01ab-42b2-8453-8005dea94eed,2026-05-04,2,2960.18,2920.35,3000
7a38b21d-01ab-42b2-8453-8005dea94eed,2026-05-11,1,2345.47,2345.47,2345.47
7a38b21d-01ab-42b2-8453-8005dea94eed,2026-05-18,1,1975,1975,1975
7a38b21d-01ab-42b2-8453-8005dea94eed,2026-05-25,1,2475,2475,2475
7a38b21d-01ab-42b2-8453-8005dea94eed,2026-06-08,1,2500,2500,2500
7a38b21d-01ab-42b2-8453-8005dea94eed,2026-06-29,2,3150,3000,3300
7a38b21d-01ab-42b2-8453-8005dea94eed,2026-07-13,2,2625,2400,2850
7a38b21d-01ab-42b2-8453-8005dea94eed,2026-08-03,1,2850,2850,2850
7a38b21d-01ab-42b2-8453-8005dea94eed,2026-08-17,2,2847.35,2650,3044.7
7a38b21d-01ab-42b2-8453-8005dea94eed,2026-08-31,1,2400,2400,2400
7a38b21d-01ab-42b2-8453-8005dea94eed,2026-09-07,2,2981.89,2644.21,3319.56
7a39df5f-059c-4395-8720-acfce1013a52,2022-09-12,1,231.59,231.59,231.59
7a39df5f-059c-4395-8720-acfce1013a52,2022-11-21,1,150.5,150.5,150.5
7a39df5f-059c-4395-8720-acfce1013a52,2022-12-26,1,240.69,240.69,240.69
7a39df5f-059c-4395-8720-acfce1013a52,2023-02-20,1,157.5,157.5,157.5
7a39df5f-059c-4395-8720-acfce1013a52,2023-05-01,1,152.5,152.5,152.5
7a39df5f-059c-4395-8720-acfce1013a52,2024-02-26,1,103.96,103.96,103.96
7a39df5f-059c-4395-8720-acfce1013a52,2024-07-15,1,115,115,115
7a39df5f-059c-4395-8720-acfce1013a52,2024-12-02,1,225.5,225.5,225.5
7a39df5f-059c-4395-8720-acfce1013a52,2025-05-12,1,197.5,197.5,197.5
7a39df5f-059c-4395-8720-acfce1013a52,2025-06-02,1,175,175,175
7a39df5f-059c-4395-8720-acfce1013a52,2025-06-23,1,151.5,151.5,151.5
7a39df5f-059c-4395-8720-acfce1013a52,2025-07-21,1,227.5,227.5,227.5
7a39df5f-059c-4395-8720-acfce1013a52,2025-09-01,1,323.73,323.73,323.73
7a39df5f-059c-4395-8720-acfce1013a52,2025-12-29,1,349.99,349.99,349.99
7a39df5f-059c-4395-8720-acfce1013a52,2026-02-23,1,990,990,990
7a39df5f-059c-4395-8720-acfce1013a52,2026-04-13,1,458,458,458
7a39df5f-059c-4395-8720-acfce1013a52,2026-06-22,1,945.49,945.49,945.49
7a39df5f-059c-4395-8720-acfce1013a52,2026-07-06,1,1000,1000,1000
7a3c2a50-7638-4b38-aac9-987d4d36e87d,2024-08-19,2,66.5,65.01,68
7a3c2a50-7638-4b38-aac9-987d4d36e87d,2024-09-16,1,54,54,54
7a3c2a50-7638-4b38-aac9-987d4d36e87d,2024-09-30,2,39.75,36.5,43
7a3c2a50-7638-4b38-aac9-987d4d36e87d,2024-10-07,1,33.55,33.55,33.55
7a3c2a50-7638-4b38-aac9-987d4d36e87d,2024-10-21,3,40.89,28,41
7a3c2a50-7638-4b38-aac9-987d4d36e87d,2024-10-28,1,37,37,37
7a3c2a50-7638-4b38-aac9-987d4d36e87d,2024-11-04,1,49.99,49.99,49.99
7a3c2a50-7638-4b38-aac9-987d4d36e87d,2024-11-11,3,40,36,43.18
7a3c2a50-7638-4b38-aac9-987d4d36e87d,2024-11-18,2,38,31,45
7a3c2a50-7638-4b38-aac9-987d4d36e87d,2024-11-25,1,36,36,36
7a3c2a50-7638-4b38-aac9-987d4d36e87d,2024-12-02,1,53.99,53.99,53.99
7a3c2a50-7638-4b38-aac9-987d4d36e87d,2024-12-09,3,34,27,37
7a3c2a50-7638-4b38-aac9-987d4d36e87d,2024-12-16,1,45,45,45
7a3c2a50-7638-4b38-aac9-987d4d36e87d,2024-12-23,3,39,38.87,42
7a3c2a50-7638-4b38-aac9-987d4d36e87d,2025-01-06,3,49.95,44.99,50
7a3c2a50-7638-4b38-aac9-987d4d36e87d,2025-01-13,5,51.6,36,56.5
7a3c2a50-7638-4b38-aac9-987d4d36e87d,2025-01-20,3,67.66,59.45,70
7a3c2a50-7638-4b38-aac9-987d4d36e87d,2025-01-27,2,70,70,70
7a3c2a50-7638-4b38-aac9-987d4d36e87d,2025-02-03,2,72.47,69.99,74.95
7a3c2a50-7638-4b38-aac9-987d4d36e87d,2025-02-17,5,84,70,89
7a3c2a50-7638-4b38-aac9-987d4d36e87d,2025-03-03,3,105,91,120
7a3c2a50-7638-4b38-aac9-987d4d36e87d,2025-03-17,3,90,80,90
7a3c2a50-7638-4b38-aac9-987d4d36e87d,2025-03-24,1,71.17,71.17,71.17
7a3c2a50-7638-4b38-aac9-987d4d36e87d,2025-03-31,5,88.26,88,116.5
7a3c2a50-7638-4b38-aac9-987d4d36e87d,2025-04-07,2,79,77.99,80
7a3c2a50-7638-4b38-aac9-987d4d36e87d,2025-04-21,1,70,70,70
7a3c2a50-7638-4b38-aac9-987d4d36e87d,2025-04-28,1,75,75,75
7a3c2a50-7638-4b38-aac9-987d4d36e87d,2025-05-05,2,46.5,33,60
7a3c2a50-7638-4b38-aac9-987d4d36e87d,2025-05-12,1,75,75,75
7a3c2a50-7638-4b38-aac9-987d4d36e87d,2025-05-19,4,63,31,71
7a3c2a50-7638-4b38-aac9-987d4d36e87d,2025-05-26,1,61,61,61
7a3c2a50-7638-4b38-aac9-987d4d36e87d,2025-06-02,2,67,61,73.01
7a3c2a50-7638-4b38-aac9-987d4d36e87d,2025-06-09,1,51,51,51
7a3c2a50-7638-4b38-aac9-987d4d36e87d,2025-06-16,1,65,65,65
7a3c2a50-7638-4b38-aac9-987d4d36e87d,2025-06-23,2,48.5,44,52.99
7a3c2a50-7638-4b38-aac9-987d4d36e87d,2025-06-30,3,59.99,59,61
7a3c2a50-7638-4b38-aac9-987d4d36e87d,2025-07-07,3,49.99,46,60
7a3c2a50-7638-4b38-aac9-987d4d36e87d,2025-07-14,3,52,51,74.99
7a3c2a50-7638-4b38-aac9-987d4d36e87d,2025-07-21,2,48,48,48
7a3c2a50-7638-4b38-aac9-987d4d36e87d,2025-07-28,2,41.8,35.59,48
7a3c2a50-7638-4b38-aac9-987d4d36e87d,2025-08-04,3,45,44,49.01
7a3c2a50-7638-4b38-aac9-987d4d36e87d,2025-08-11,1,50,50,50
7a3c2a50-7638-4b38-aac9-987d4d36e87d,2025-08-18,1,60,60,60
7a3c2a50-7638-4b38-aac9-987d4d36e87d,2025-08-25,1,50,50,50
7a3c2a50-7638-4b38-aac9-987d4d36e87d,2025-09-01,3,45,45,63.99
7a3c2a50-7638-4b38-aac9-987d4d36e87d,2025-09-08,3,55,55,60
7a3c2a50-7638-4b38-aac9-987d4d36e87d,2025-09-15,2,67.5,64.99,70
7a3c2a50-7638-4b38-aac9-987d4d36e87d,2025-09-22,1,75,75,75
7a3c2a50-7638-4b38-aac9-987d4d36e87d,2025-09-29,3,67,53.51,75
7a3c2a50-7638-4b38-aac9-987d4d36e87d,2025-10-06,8,65,58.78,80
7a3c2a50-7638-4b38-aac9-987d4d36e87d,2025-10-13,4,64.9,58,69
7a3c2a50-7638-4b38-aac9-987d4d36e87d,2025-10-20,1,69,69,69
7a3c2a50-7638-4b38-aac9-987d4d36e87d,2025-10-27,1,53,53,53
7a3c2a50-7638-4b38-aac9-987d4d36e87d,2025-11-03,3,65,64,72.5
7a3c2a50-7638-4b38-aac9-987d4d36e87d,2025-11-10,1,54,54,54
7a3c2a50-7638-4b38-aac9-987d4d36e87d,2025-11-24,2,80.15,60.31,99.99
7a3c2a50-7638-4b38-aac9-987d4d36e87d,2025-12-01,2,74.49,73.98,75
7a3c2a50-7638-4b38-aac9-987d4d36e87d,2025-12-08,1,69.99,69.99,69.99
7a3c2a50-7638-4b38-aac9-987d4d36e87d,2025-12-22,1,80.24,80.24,80.24
7a3c2a50-7638-4b38-aac9-987d4d36e87d,2026-01-12,1,52.77,52.77,52.77
7a3c2a50-7638-4b38-aac9-987d4d36e87d,2026-01-19,1,79,79,79
7a3c2a50-7638-4b38-aac9-987d4d36e87d,2026-02-02,1,60,60,60
7a3c2a50-7638-4b38-aac9-987d4d36e87d,2026-02-09,1,56,56,56
7a3c2a50-7638-4b38-aac9-987d4d36e87d,2026-02-16,1,40.8,40.8,40.8
7a3c2a50-7638-4b38-aac9-987d4d36e87d,2026-02-23,2,63,63,63
7a3c2a50-7638-4b38-aac9-987d4d36e87d,2026-03-09,1,60,60,60
7a3c2a50-7638-4b38-aac9-987d4d36e87d,2026-03-16,1,69.99,69.99,69.99
7a3c2a50-7638-4b38-aac9-987d4d36e87d,2026-03-30,3,54,45.6,70
7a3c2a50-7638-4b38-aac9-987d4d36e87d,2026-04-06,2,62.49,55,69.99
7a3c2a50-7638-4b38-aac9-987d4d36e87d,2026-04-13,1,75,75,75
7a3c2a50-7638-4b38-aac9-987d4d36e87d,2026-04-20,2,91.41,82.82,99.99
7a3c2a50-7638-4b38-aac9-987d4d36e87d,2026-04-27,1,85,85,85
7a3c2a50-7638-4b38-aac9-987d4d36e87d,2026-05-11,1,95,95,95
7a3c2a50-7638-4b38-aac9-987d4d36e87d,2026-05-18,1,90.02,90.02,90.02
7a3c2a50-7638-4b38-aac9-987d4d36e87d,2026-05-25,4,99.5,98.9,120
7a3c2a50-7638-4b38-aac9-987d4d36e87d,2026-06-01,6,101.46,88.37,104.11
7a3c2a50-7638-4b38-aac9-987d4d36e87d,2026-06-15,1,94,94,94
7a3c2a50-7638-4b38-aac9-987d4d36e87d,2026-06-22,2,109.5,99,120
7a3c2a50-7638-4b38-aac9-987d4d36e87d,2026-06-29,1,99,99,99
7a3c2a50-7638-4b38-aac9-987d4d36e87d,2026-07-20,2,110.59,91.2,129.99
7a3c2a50-7638-4b38-aac9-987d4d36e87d,2026-08-10,1,105,105,105
7a3c2a50-7638-4b38-aac9-987d4d36e87d,2026-08-17,1,108.5,108.5,108.5
7a3c2a50-7638-4b38-aac9-987d4d36e87d,2026-08-31,1,104.49,104.49,104.49
7a3c6fdf-15b5-40f5-8bc4-9011291f4950,2025-08-18,1,100,100,100
7a3c6fdf-15b5-40f5-8bc4-9011291f4950,2025-09-08,1,255,255,255
7a41548a-fa7a-45a5-97ef-cb720c2fc297,2021-03-01,1,2850,2850,2850
7a41548a-fa7a-45a5-97ef-cb720c2fc297,2021-03-08,1,2500,2500,2500
7a41548a-fa7a-45a5-97ef-cb720c2fc297,2021-03-15,1,2600,2600,2600
7a41548a-fa7a-45a5-97ef-cb720c2fc297,2021-03-22,1,3050,3050,3050
7a41548a-fa7a-45a5-97ef-cb720c2fc297,2021-04-12,1,2550,2550,2550
7a41548a-fa7a-45a5-97ef-cb720c2fc297,2021-05-24,1,2010,2010,2010
7a41548a-fa7a-45a5-97ef-cb720c2fc297,2021-06-21,2,1857,1714,2000
7a41548a-fa7a-45a5-97ef-cb720c2fc297,2021-06-28,3,1699,1699,4000
7a41548a-fa7a-45a5-97ef-cb720c2fc297,2021-07-26,1,1913,1913,1913
7a41548a-fa7a-45a5-97ef-cb720c2fc297,2021-08-02,1,1900,1900,1900
7a41548a-fa7a-45a5-97ef-cb720c2fc297,2021-08-09,1,1725,1725,1725
7a41548a-fa7a-45a5-97ef-cb720c2fc297,2021-08-16,1,1950,1950,1950
7a41548a-fa7a-45a5-97ef-cb720c2fc297,2021-08-23,1,4000,4000,4000
7a41548a-fa7a-45a5-97ef-cb720c2fc297,2021-10-18,1,2226,2226,2226
7a41548a-fa7a-45a5-97ef-cb720c2fc297,2021-10-25,1,1602,1602,1602
7a41548a-fa7a-45a5-97ef-cb720c2fc297,2021-11-08,1,1025,1025,1025
7a41548a-fa7a-45a5-97ef-cb720c2fc297,2021-12-06,1,1320,1320,1320
7a41548a-fa7a-45a5-97ef-cb720c2fc297,2022-02-21,1,1320,1320,1320
7a41548a-fa7a-45a5-97ef-cb720c2fc297,2022-02-28,1,1440,1440,1440
7a41548a-fa7a-45a5-97ef-cb720c2fc297,2022-03-07,1,1770,1770,1770
7a41548a-fa7a-45a5-97ef-cb720c2fc297,2022-04-04,2,2125,2125,2125
7a41548a-fa7a-45a5-97ef-cb720c2fc297,2022-07-25,1,861,861,861
7a41548a-fa7a-45a5-97ef-cb720c2fc297,2022-08-01,1,1300,1300,1300
7a41548a-fa7a-45a5-97ef-cb720c2fc297,2022-08-08,1,1000,1000,1000
7a41548a-fa7a-45a5-97ef-cb720c2fc297,2022-08-15,1,1680,1680,1680
7a41548a-fa7a-45a5-97ef-cb720c2fc297,2022-08-22,1,1499,1499,1499
7a41548a-fa7a-45a5-97ef-cb720c2fc297,2022-10-03,1,1650,1650,1650
7a41548a-fa7a-45a5-97ef-cb720c2fc297,2022-10-10,1,1303,1303,1303
7a41548a-fa7a-45a5-97ef-cb720c2fc297,2022-12-05,1,1469,1469,1469
7a41548a-fa7a-45a5-97ef-cb720c2fc297,2023-02-27,3,1795.35,1500,1860
7a41548a-fa7a-45a5-97ef-cb720c2fc297,2023-03-06,1,1900,1900,1900
7a41548a-fa7a-45a5-97ef-cb720c2fc297,2023-03-20,1,1600,1600,1600
7a41548a-fa7a-45a5-97ef-cb720c2fc297,2023-04-10,1,1575,1575,1575
7a41548a-fa7a-45a5-97ef-cb720c2fc297,2023-04-17,1,1879.99,1879.99,1879.99
7a41548a-fa7a-45a5-97ef-cb720c2fc297,2023-05-08,1,1595,1595,1595
7a41548a-fa7a-45a5-97ef-cb720c2fc297,2023-05-15,1,1400,1400,1400
7a41548a-fa7a-45a5-97ef-cb720c2fc297,2023-05-22,1,1400,1400,1400
7a41548a-fa7a-45a5-97ef-cb720c2fc297,2023-09-18,1,1800,1800,1800
7a41548a-fa7a-45a5-97ef-cb720c2fc297,2023-09-25,1,1625,1625,1625
7a41548a-fa7a-45a5-97ef-cb720c2fc297,2023-11-13,1,1200,1200,1200
7a41548a-fa7a-45a5-97ef-cb720c2fc297,2023-11-20,1,1650,1650,1650
7a41548a-fa7a-45a5-97ef-cb720c2fc297,2023-12-11,1,1560,1560,1560
7a41548a-fa7a-45a5-97ef-cb720c2fc297,2024-01-29,1,1290,1290,1290
7a41548a-fa7a-45a5-97ef-cb720c2fc297,2024-02-12,1,1675,1675,1675
7a41548a-fa7a-45a5-97ef-cb720c2fc297,2024-04-08,1,1400,1400,1400
7a41548a-fa7a-45a5-97ef-cb720c2fc297,2024-04-29,1,2031,2031,2031
7a41548a-fa7a-45a5-97ef-cb720c2fc297,2024-05-20,2,1597.25,1375,1819.5
7a41548a-fa7a-45a5-97ef-cb720c2fc297,2024-07-08,2,1744.41,1413.83,2075
7a41548a-fa7a-45a5-97ef-cb720c2fc297,2024-09-02,1,1875,1875,1875
7a41548a-fa7a-45a5-97ef-cb720c2fc297,2024-10-07,1,1616.28,1616.28,1616.28
7a41548a-fa7a-45a5-97ef-cb720c2fc297,2024-10-21,1,1871.1,1871.1,1871.1
7a41548a-fa7a-45a5-97ef-cb720c2fc297,2024-11-18,1,3000,3000,3000
7a41548a-fa7a-45a5-97ef-cb720c2fc297,2024-12-09,2,2035,1980,2090
7a41548a-fa7a-45a5-97ef-cb720c2fc297,2024-12-23,1,2600,2600,2600
7a41548a-fa7a-45a5-97ef-cb720c2fc297,2025-02-10,1,2130,2130,2130
7a41548a-fa7a-45a5-97ef-cb720c2fc297,2025-03-10,1,2340,2340,2340
7a41548a-fa7a-45a5-97ef-cb720c2fc297,2025-03-17,1,2010,2010,2010
7a41548a-fa7a-45a5-97ef-cb720c2fc297,2025-04-21,3,2249.95,1975,2600
7a41548a-fa7a-45a5-97ef-cb720c2fc297,2025-05-12,1,2900,2900,2900
7a41548a-fa7a-45a5-97ef-cb720c2fc297,2025-05-19,1,3001,3001,3001
7a41548a-fa7a-45a5-97ef-cb720c2fc297,2025-05-26,1,1946.4,1946.4,1946.4
7a41548a-fa7a-45a5-97ef-cb720c2fc297,2025-06-30,1,2611,2611,2611
7a41548a-fa7a-45a5-97ef-cb720c2fc297,2025-07-07,1,2880,2880,2880
7a41548a-fa7a-45a5-97ef-cb720c2fc297,2025-07-21,1,2760,2760,2760
7a41548a-fa7a-45a5-97ef-cb720c2fc297,2025-08-18,1,2205.99,2205.99,2205.99
7a41548a-fa7a-45a5-97ef-cb720c2fc297,2025-09-15,2,3099.5,3099,3100
7a41548a-fa7a-45a5-97ef-cb720c2fc297,2025-09-22,3,3550,3100,3750
7a41548a-fa7a-45a5-97ef-cb720c2fc297,2025-10-06,1,3455,3455,3455
7a41548a-fa7a-45a5-97ef-cb720c2fc297,2025-10-13,1,3500,3500,3500
7a41548a-fa7a-45a5-97ef-cb720c2fc297,2025-11-03,3,6000,6000,12500
7a41548a-fa7a-45a5-97ef-cb720c2fc297,2025-11-17,1,7200,7200,7200
7a41548a-fa7a-45a5-97ef-cb720c2fc297,2025-12-01,1,4680,4680,4680
7a41548a-fa7a-45a5-97ef-cb720c2fc297,2025-12-15,2,4350.5,4051,4650
7a41548a-fa7a-45a5-97ef-cb720c2fc297,2025-12-22,1,4699.99,4699.99,4699.99
7a41548a-fa7a-45a5-97ef-cb720c2fc297,2025-12-29,1,4920,4920,4920
7a41548a-fa7a-45a5-97ef-cb720c2fc297,2026-01-12,1,5200,5200,5200
7a41548a-fa7a-45a5-97ef-cb720c2fc297,2026-01-19,1,5200,5200,5200
7a41548a-fa7a-45a5-97ef-cb720c2fc297,2026-01-26,4,5749.5,5200,7200
7a41548a-fa7a-45a5-97ef-cb720c2fc297,2026-02-02,2,5748,5616,5880
7a41548a-fa7a-45a5-97ef-cb720c2fc297,2026-02-23,1,8600,8600,8600
7a41548a-fa7a-45a5-97ef-cb720c2fc297,2026-03-16,2,7749.5,7500,7999
7a41548a-fa7a-45a5-97ef-cb720c2fc297,2026-03-23,2,7500,7200,7800
7a41548a-fa7a-45a5-97ef-cb720c2fc297,2026-03-30,1,6900,6900,6900
7a41548a-fa7a-45a5-97ef-cb720c2fc297,2026-04-06,1,6000,6000,6000
7a41548a-fa7a-45a5-97ef-cb720c2fc297,2026-05-04,1,8100,8100,8100
7a41548a-fa7a-45a5-97ef-cb720c2fc297,2026-05-11,2,6525.5,5551,7500
7a41548a-fa7a-45a5-97ef-cb720c2fc297,2026-06-08,1,8340,8340,8340
7a41548a-fa7a-45a5-97ef-cb720c2fc297,2026-06-22,1,6300,6300,6300
7a41548a-fa7a-45a5-97ef-cb720c2fc297,2026-06-29,1,6500,6500,6500
7a41548a-fa7a-45a5-97ef-cb720c2fc297,2026-07-06,1,8000,8000,8000
7a41548a-fa7a-45a5-97ef-cb720c2fc297,2026-07-13,2,6500,5700,7300
7a41548a-fa7a-45a5-97ef-cb720c2fc297,2026-08-03,1,7930,7930,7930
7a41548a-fa7a-45a5-97ef-cb720c2fc297,2026-08-10,2,8174.5,7599,8750
7a41548a-fa7a-45a5-97ef-cb720c2fc297,2026-09-07,1,7900,7900,7900
7a42cf90-8dbc-4dd4-987e-93f65a71065f,2021-05-17,1,109.99,109.99,109.99
7a42cf90-8dbc-4dd4-987e-93f65a71065f,2022-04-04,1,103.53,103.53,103.53
7a42cf90-8dbc-4dd4-987e-93f65a71065f,2022-07-18,1,175,175,175
7a42cf90-8dbc-4dd4-987e-93f65a71065f,2022-08-15,1,179.5,179.5,179.5
7a42cf90-8dbc-4dd4-987e-93f65a71065f,2022-09-05,1,67,67,67
7a42cf90-8dbc-4dd4-987e-93f65a71065f,2022-12-05,1,168.06,168.06,168.06
7a42cf90-8dbc-4dd4-987e-93f65a71065f,2023-01-16,1,169.99,169.99,169.99
7a42cf90-8dbc-4dd4-987e-93f65a71065f,2023-05-29,1,165,165,165
7a42cf90-8dbc-4dd4-987e-93f65a71065f,2023-11-27,1,120,120,120
7a42cf90-8dbc-4dd4-987e-93f65a71065f,2024-11-04,1,94.99,94.99,94.99
7a42cf90-8dbc-4dd4-987e-93f65a71065f,2025-07-07,1,140,140,140
7a42cf90-8dbc-4dd4-987e-93f65a71065f,2025-07-21,1,91.2,91.2,91.2
7a42cf90-8dbc-4dd4-987e-93f65a71065f,2025-07-28,1,139,139,139
7a42cf90-8dbc-4dd4-987e-93f65a71065f,2026-02-02,1,132,132,132
7a42cf90-8dbc-4dd4-987e-93f65a71065f,2026-02-23,1,200,200,200
7a42cf90-8dbc-4dd4-987e-93f65a71065f,2026-04-27,1,201.5,201.5,201.5
7a42cf90-8dbc-4dd4-987e-93f65a71065f,2026-05-04,1,152.5,152.5,152.5
7a42cf90-8dbc-4dd4-987e-93f65a71065f,2026-05-25,1,227.5,227.5,227.5
7a42cf90-8dbc-4dd4-987e-93f65a71065f,2026-06-08,1,510,510,510
7a42cf90-8dbc-4dd4-987e-93f65a71065f,2026-06-22,1,385,385,385
7a42cf90-8dbc-4dd4-987e-93f65a71065f,2026-06-29,1,525,525,525
7a42cf90-8dbc-4dd4-987e-93f65a71065f,2026-07-13,1,216,216,216
7a42cf90-8dbc-4dd4-987e-93f65a71065f,2026-07-20,1,597,597,597
7a436499-07d6-4561-9f7f-3fea6227e339,2023-01-02,1,22.5,22.5,22.5
7a436499-07d6-4561-9f7f-3fea6227e339,2023-01-09,1,47,47,47
7a436499-07d6-4561-9f7f-3fea6227e339,2023-01-23,1,26,26,26
7a436499-07d6-4561-9f7f-3fea6227e339,2023-01-30,1,16.5,16.5,16.5
7a436499-07d6-4561-9f7f-3fea6227e339,2023-02-06,1,27,27,27
7a436499-07d6-4561-9f7f-3fea6227e339,2023-02-13,3,15.99,15,24.5
7a436499-07d6-4561-9f7f-3fea6227e339,2023-02-27,3,15.5,9.99,19.5
7a436499-07d6-4561-9f7f-3fea6227e339,2023-03-13,1,12.52,12.52,12.52
7a436499-07d6-4561-9f7f-3fea6227e339,2023-03-20,3,20,17.95,23
7a436499-07d6-4561-9f7f-3fea6227e339,2023-04-17,1,17.5,17.5,17.5
7a436499-07d6-4561-9f7f-3fea6227e339,2023-04-24,1,24,24,24
7a436499-07d6-4561-9f7f-3fea6227e339,2023-05-01,1,15.5,15.5,15.5
7a436499-07d6-4561-9f7f-3fea6227e339,2023-05-08,1,13.5,13.5,13.5
7a436499-07d6-4561-9f7f-3fea6227e339,2023-05-15,1,15,15,15
7a436499-07d6-4561-9f7f-3fea6227e339,2023-05-22,2,19.45,16.96,21.95
7a436499-07d6-4561-9f7f-3fea6227e339,2023-06-19,2,18.2,16,20.4
7a436499-07d6-4561-9f7f-3fea6227e339,2023-07-17,1,19.95,19.95,19.95
7a436499-07d6-4561-9f7f-3fea6227e339,2023-07-31,1,22.8,22.8,22.8
7a436499-07d6-4561-9f7f-3fea6227e339,2023-08-14,1,20.4,20.4,20.4
7a436499-07d6-4561-9f7f-3fea6227e339,2023-08-21,3,21.99,12.5,22.95
7a436499-07d6-4561-9f7f-3fea6227e339,2023-08-28,1,15,15,15
7a436499-07d6-4561-9f7f-3fea6227e339,2023-09-18,1,14.5,14.5,14.5
7a436499-07d6-4561-9f7f-3fea6227e339,2023-10-30,1,19.95,19.95,19.95
7a436499-07d6-4561-9f7f-3fea6227e339,2023-11-27,1,18.85,18.85,18.85
7a436499-07d6-4561-9f7f-3fea6227e339,2023-12-11,1,16.15,16.15,16.15
7a436499-07d6-4561-9f7f-3fea6227e339,2024-01-08,1,17.95,17.95,17.95
7a436499-07d6-4561-9f7f-3fea6227e339,2024-01-15,1,22.99,22.99,22.99
7a436499-07d6-4561-9f7f-3fea6227e339,2024-03-25,1,16.5,16.5,16.5
7a436499-07d6-4561-9f7f-3fea6227e339,2024-04-22,2,20.74,12.5,28.99
7a436499-07d6-4561-9f7f-3fea6227e339,2024-05-06,1,22.45,22.45,22.45
7a436499-07d6-4561-9f7f-3fea6227e339,2024-05-20,1,10.5,10.5,10.5
7a436499-07d6-4561-9f7f-3fea6227e339,2024-06-03,1,30,30,30
7a436499-07d6-4561-9f7f-3fea6227e339,2024-06-24,1,24.03,24.03,24.03
7a436499-07d6-4561-9f7f-3fea6227e339,2024-09-09,1,10.5,10.5,10.5
7a436499-07d6-4561-9f7f-3fea6227e339,2024-09-30,1,15.5,15.5,15.5
7a436499-07d6-4561-9f7f-3fea6227e339,2024-11-04,1,7,7,7
7a436499-07d6-4561-9f7f-3fea6227e339,2024-11-25,1,17.5,17.5,17.5
7a436499-07d6-4561-9f7f-3fea6227e339,2024-12-09,2,17.5,17.5,17.5
7a436499-07d6-4561-9f7f-3fea6227e339,2024-12-30,1,18.5,18.5,18.5
7a436499-07d6-4561-9f7f-3fea6227e339,2025-01-06,1,26,26,26
7a436499-07d6-4561-9f7f-3fea6227e339,2025-01-13,1,18.5,18.5,18.5
7a436499-07d6-4561-9f7f-3fea6227e339,2025-02-03,1,15.5,15.5,15.5
7a436499-07d6-4561-9f7f-3fea6227e339,2025-03-03,1,25,25,25
7a436499-07d6-4561-9f7f-3fea6227e339,2025-03-24,1,21.99,21.99,21.99
7a436499-07d6-4561-9f7f-3fea6227e339,2025-04-07,2,29,25,32.99
7a436499-07d6-4561-9f7f-3fea6227e339,2025-07-07,1,16.54,16.54,16.54
7a436499-07d6-4561-9f7f-3fea6227e339,2025-09-15,1,49.99,49.99,49.99
7a436499-07d6-4561-9f7f-3fea6227e339,2025-12-08,1,39.99,39.99,39.99
7a436499-07d6-4561-9f7f-3fea6227e339,2026-02-23,2,33.1,25.2,41
7a436499-07d6-4561-9f7f-3fea6227e339,2026-03-02,1,57.5,57.5,57.5
7a436499-07d6-4561-9f7f-3fea6227e339,2026-03-23,1,18.63,18.63,18.63
7a436499-07d6-4561-9f7f-3fea6227e339,2026-04-06,1,27,27,27
7a436499-07d6-4561-9f7f-3fea6227e339,2026-04-27,1,64.99,64.99,64.99
7a436499-07d6-4561-9f7f-3fea6227e339,2026-05-04,1,46.89,46.89,46.89
7a436499-07d6-4561-9f7f-3fea6227e339,2026-05-18,1,40,40,40
7a436499-07d6-4561-9f7f-3fea6227e339,2026-05-25,1,32,32,32
7a436499-07d6-4561-9f7f-3fea6227e339,2026-06-15,2,41.5,32,50.99
7a436499-07d6-4561-9f7f-3fea6227e339,2026-08-10,1,40,40,40
7a436499-07d6-4561-9f7f-3fea6227e339,2026-08-24,1,38,38,38
7a436499-07d6-4561-9f7f-3fea6227e339,2026-09-07,1,40,40,40
7a44d452-733c-4040-9249-7294df039904,2021-03-01,2,325,300,350
7a44d452-733c-4040-9249-7294df039904,2021-03-22,1,356,356,356
7a44d452-733c-4040-9249-7294df039904,2021-05-24,1,350,350,350
7a44d452-733c-4040-9249-7294df039904,2021-08-30,1,369.99,369.99,369.99
7a44d452-733c-4040-9249-7294df039904,2021-09-06,1,400,400,400
7a44d452-733c-4040-9249-7294df039904,2021-11-08,1,335,335,335
7a44d452-733c-4040-9249-7294df039904,2021-12-06,1,319.62,319.62,319.62
7a44d452-733c-4040-9249-7294df039904,2021-12-27,1,445,445,445
7a44d452-733c-4040-9249-7294df039904,2022-02-14,1,228,228,228
7a44d452-733c-4040-9249-7294df039904,2022-03-07,2,322.82,255.65,389.99
7a44d452-733c-4040-9249-7294df039904,2022-04-25,1,271,271,271
7a44d452-733c-4040-9249-7294df039904,2022-05-02,1,214.5,214.5,214.5
7a44d452-733c-4040-9249-7294df039904,2022-06-27,1,276.53,276.53,276.53
7a44d452-733c-4040-9249-7294df039904,2022-07-11,1,301.61,301.61,301.61
7a44d452-733c-4040-9249-7294df039904,2022-08-01,1,255,255,255
7a44d452-733c-4040-9249-7294df039904,2022-08-22,1,307.59,307.59,307.59
7a44d452-733c-4040-9249-7294df039904,2022-08-29,1,350,350,350
7a44d452-733c-4040-9249-7294df039904,2022-09-26,1,315,315,315
7a44d452-733c-4040-9249-7294df039904,2022-10-03,1,305,305,305
7a44d452-733c-4040-9249-7294df039904,2022-10-10,1,320,320,320
7a44d452-733c-4040-9249-7294df039904,2022-11-07,1,300,300,300
7a44d452-733c-4040-9249-7294df039904,2022-11-28,2,256.25,207.5,305
7a44d452-733c-4040-9249-7294df039904,2022-12-05,2,271.3,240,302.6
7a44d452-733c-4040-9249-7294df039904,2022-12-19,1,299.95,299.95,299.95
7a44d452-733c-4040-9249-7294df039904,2023-01-09,2,259.25,242.5,276
7a44d452-733c-4040-9249-7294df039904,2023-02-06,1,252,252,252
7a44d452-733c-4040-9249-7294df039904,2023-02-13,1,240,240,240
7a44d452-733c-4040-9249-7294df039904,2023-03-06,1,600,600,600
7a44d452-733c-4040-9249-7294df039904,2023-03-13,3,300,234,363.03
7a44d452-733c-4040-9249-7294df039904,2023-03-27,1,251.16,251.16,251.16
7a44d452-733c-4040-9249-7294df039904,2023-04-03,2,228.75,207.5,250
7a44d452-733c-4040-9249-7294df039904,2023-04-17,2,351.02,264,438.04
7a44d452-733c-4040-9249-7294df039904,2023-04-24,3,217.5,212.5,264
7a44d452-733c-4040-9249-7294df039904,2023-05-29,2,261.5,252,271
7a44d452-733c-4040-9249-7294df039904,2023-06-26,1,400,400,400
7a44d452-733c-4040-9249-7294df039904,2023-07-17,1,252,252,252
7a44d452-733c-4040-9249-7294df039904,2023-07-31,1,287.02,287.02,287.02
7a44d452-733c-4040-9249-7294df039904,2023-08-14,1,288,288,288
7a44d452-733c-4040-9249-7294df039904,2023-08-28,1,240,240,240
7a44d452-733c-4040-9249-7294df039904,2023-10-09,1,256,256,256
7a44d452-733c-4040-9249-7294df039904,2023-10-16,1,299,299,299
7a44d452-733c-4040-9249-7294df039904,2023-10-23,1,250,250,250
7a44d452-733c-4040-9249-7294df039904,2023-10-30,2,288,264,312
7a44d452-733c-4040-9249-7294df039904,2023-11-20,1,550,550,550
7a44d452-733c-4040-9249-7294df039904,2023-11-27,1,159,159,159
7a44d452-733c-4040-9249-7294df039904,2023-12-25,3,250,238.49,305
7a44d452-733c-4040-9249-7294df039904,2024-01-08,2,306.65,253.3,360
7a44d452-733c-4040-9249-7294df039904,2024-02-12,1,200,200,200
7a44d452-733c-4040-9249-7294df039904,2024-02-19,1,264,264,264
7a44d452-733c-4040-9249-7294df039904,2024-03-04,1,220,220,220
7a44d452-733c-4040-9249-7294df039904,2024-03-11,1,212.5,212.5,212.5
7a44d452-733c-4040-9249-7294df039904,2024-04-08,1,299.99,299.99,299.99
7a44d452-733c-4040-9249-7294df039904,2024-04-29,2,205,200,210
7a44d452-733c-4040-9249-7294df039904,2024-05-27,2,225,195,255
7a44d452-733c-4040-9249-7294df039904,2024-06-10,1,239.99,239.99,239.99
7a44d452-733c-4040-9249-7294df039904,2024-06-24,1,165,165,165
7a44d452-733c-4040-9249-7294df039904,2024-07-01,1,200,200,200
7a44d452-733c-4040-9249-7294df039904,2024-07-29,2,190.56,177.62,203.5
7a44d452-733c-4040-9249-7294df039904,2024-08-05,1,174,174,174
7a44d452-733c-4040-9249-7294df039904,2024-08-19,2,186.5,168,205
7a44d452-733c-4040-9249-7294df039904,2024-09-09,1,160.5,160.5,160.5
7a44d452-733c-4040-9249-7294df039904,2024-09-16,1,210,210,210
7a44d452-733c-4040-9249-7294df039904,2024-09-23,1,150,150,150
7a44d452-733c-4040-9249-7294df039904,2024-10-07,1,210,210,210
7a44d452-733c-4040-9249-7294df039904,2024-10-21,1,167.5,167.5,167.5
7a44d452-733c-4040-9249-7294df039904,2024-11-11,1,178.29,178.29,178.29
7a44d452-733c-4040-9249-7294df039904,2024-11-18,1,190,190,190
7a44d452-733c-4040-9249-7294df039904,2024-12-02,1,187.2,187.2,187.2
7a44d452-733c-4040-9249-7294df039904,2024-12-23,1,174.5,174.5,174.5
7a44d452-733c-4040-9249-7294df039904,2025-01-27,2,224.5,210,239
7a44d452-733c-4040-9249-7294df039904,2025-02-03,1,207.92,207.92,207.92
7a44d452-733c-4040-9249-7294df039904,2025-02-17,1,210,210,210
7a44d452-733c-4040-9249-7294df039904,2025-03-10,2,236.5,228,245
7a44d452-733c-4040-9249-7294df039904,2025-04-07,2,295.5,276,315
7a44d452-733c-4040-9249-7294df039904,2025-04-14,2,342.5,340,345
7a44d452-733c-4040-9249-7294df039904,2025-04-21,2,268.75,212.5,324.99
7a44d452-733c-4040-9249-7294df039904,2025-04-28,1,295,295,295
7a44d452-733c-4040-9249-7294df039904,2025-05-05,1,225,225,225
7a44d452-733c-4040-9249-7294df039904,2025-06-09,1,282,282,282
7a44d452-733c-4040-9249-7294df039904,2025-06-23,1,275,275,275
7a44d452-733c-4040-9249-7294df039904,2025-06-30,1,299,299,299
7a44d452-733c-4040-9249-7294df039904,2025-07-14,1,310,310,310
7a44d452-733c-4040-9249-7294df039904,2025-07-28,1,390.14,390.14,390.14
7a44d452-733c-4040-9249-7294df039904,2025-08-04,1,372,372,372
7a44d452-733c-4040-9249-7294df039904,2025-08-18,1,400,400,400
7a44d452-733c-4040-9249-7294df039904,2025-08-25,1,380,380,380
7a44d452-733c-4040-9249-7294df039904,2025-09-08,1,450,450,450
7a44d452-733c-4040-9249-7294df039904,2025-09-15,1,504,504,504
7a44d452-733c-4040-9249-7294df039904,2025-09-22,1,549.99,549.99,549.99
7a44d452-733c-4040-9249-7294df039904,2025-09-29,1,449.99,449.99,449.99
7a44d452-733c-4040-9249-7294df039904,2025-10-13,2,403.48,386.95,420
7a44d452-733c-4040-9249-7294df039904,2025-10-20,1,390,390,390
7a44d452-733c-4040-9249-7294df039904,2025-10-27,1,400,400,400
7a44d452-733c-4040-9249-7294df039904,2025-11-03,1,380,380,380
7a44d452-733c-4040-9249-7294df039904,2025-12-01,2,334.46,307.26,361.66
7a44d452-733c-4040-9249-7294df039904,2025-12-22,1,415,415,415
7a44d452-733c-4040-9249-7294df039904,2026-01-05,1,440.99,440.99,440.99
7a44d452-733c-4040-9249-7294df039904,2026-01-12,2,416.94,383.89,449.99
7a44d452-733c-4040-9249-7294df039904,2026-01-19,2,525,500,550
7a44d452-733c-4040-9249-7294df039904,2026-02-09,1,810,810,810
7a44d452-733c-4040-9249-7294df039904,2026-02-16,1,900,900,900
7a44d452-733c-4040-9249-7294df039904,2026-02-23,1,1260,1260,1260
7a44d452-733c-4040-9249-7294df039904,2026-03-02,1,737.39,737.39,737.39
7a44d452-733c-4040-9249-7294df039904,2026-03-09,1,1499,1499,1499
7a44d452-733c-4040-9249-7294df039904,2026-03-23,1,1453.14,1453.14,1453.14
7a44d452-733c-4040-9249-7294df039904,2026-03-30,1,980,980,980
7a44d452-733c-4040-9249-7294df039904,2026-04-27,2,1629.15,1358.3,1900
7a44d452-733c-4040-9249-7294df039904,2026-05-04,1,1500,1500,1500
7a44d452-733c-4040-9249-7294df039904,2026-06-08,2,1799.99,1799.99,1800
7a44d452-733c-4040-9249-7294df039904,2026-06-15,1,1580,1580,1580
7a44d452-733c-4040-9249-7294df039904,2026-06-22,2,1750,1625,1875
7a44d452-733c-4040-9249-7294df039904,2026-07-06,1,1247,1247,1247
7a44d452-733c-4040-9249-7294df039904,2026-07-20,1,1650,1650,1650
7a44d452-733c-4040-9249-7294df039904,2026-08-03,2,1509,1403,1615
7a44d452-733c-4040-9249-7294df039904,2026-08-17,1,1600,1600,1600
7a44d452-733c-4040-9249-7294df039904,2026-08-24,1,1380,1380,1380
7a44d452-733c-4040-9249-7294df039904,2026-08-31,1,1599,1599,1599
7a45ebd7-bb8c-434b-ae4c-49a94f29bebc,2021-07-12,1,65,65,65
7a487898-b940-46bf-b6e9-e898c3626e8b,2021-07-26,1,31,31,31
7a487898-b940-46bf-b6e9-e898c3626e8b,2021-08-30,1,64.96,64.96,64.96
7a487898-b940-46bf-b6e9-e898c3626e8b,2023-10-02,1,46,46,46
7a487898-b940-46bf-b6e9-e898c3626e8b,2024-01-08,2,24.25,20.42,28.08
7a487898-b940-46bf-b6e9-e898c3626e8b,2025-02-10,1,24,24,24
7a487898-b940-46bf-b6e9-e898c3626e8b,2026-05-04,1,105,105,105
7a487898-b940-46bf-b6e9-e898c3626e8b,2026-07-06,1,79.99,79.99,79.99
7a4977d9-48aa-4436-8edb-e26aaf42e54a,2021-03-08,1,64.01,64.01,64.01
7a4977d9-48aa-4436-8edb-e26aaf42e54a,2021-06-28,1,36,36,36
7a4977d9-48aa-4436-8edb-e26aaf42e54a,2021-09-06,1,71,71,71
7a4977d9-48aa-4436-8edb-e26aaf42e54a,2022-01-24,1,49.99,49.99,49.99
7a4977d9-48aa-4436-8edb-e26aaf42e54a,2022-02-07,1,28,28,28
7a4977d9-48aa-4436-8edb-e26aaf42e54a,2022-03-28,1,39.38,39.38,39.38
7a4977d9-48aa-4436-8edb-e26aaf42e54a,2022-05-02,2,47,27,67
7a4977d9-48aa-4436-8edb-e26aaf42e54a,2022-07-04,1,72.99,72.99,72.99
7a4977d9-48aa-4436-8edb-e26aaf42e54a,2022-08-29,1,24.99,24.99,24.99
7a4977d9-48aa-4436-8edb-e26aaf42e54a,2022-12-05,1,44.75,44.75,44.75
7a4977d9-48aa-4436-8edb-e26aaf42e54a,2022-12-12,1,22.5,22.5,22.5
7a4977d9-48aa-4436-8edb-e26aaf42e54a,2023-01-02,1,39.6,39.6,39.6
7a4977d9-48aa-4436-8edb-e26aaf42e54a,2023-01-16,1,35,35,35
7a4977d9-48aa-4436-8edb-e26aaf42e54a,2023-01-30,1,49,49,49
7a4977d9-48aa-4436-8edb-e26aaf42e54a,2023-07-17,1,27.99,27.99,27.99
7a4977d9-48aa-4436-8edb-e26aaf42e54a,2023-07-31,1,20.52,20.52,20.52
7a4977d9-48aa-4436-8edb-e26aaf42e54a,2023-09-04,2,29.49,27.99,31
7a4977d9-48aa-4436-8edb-e26aaf42e54a,2023-11-06,1,124.95,124.95,124.95
7a4977d9-48aa-4436-8edb-e26aaf42e54a,2024-02-19,1,31,31,31
7a4977d9-48aa-4436-8edb-e26aaf42e54a,2024-08-19,1,90,90,90
7a4977d9-48aa-4436-8edb-e26aaf42e54a,2025-01-13,1,90,90,90
7a4977d9-48aa-4436-8edb-e26aaf42e54a,2025-02-03,1,71,71,71
7a4977d9-48aa-4436-8edb-e26aaf42e54a,2025-02-10,1,87.99,87.99,87.99
7a4977d9-48aa-4436-8edb-e26aaf42e54a,2025-03-17,1,70,70,70
7a4977d9-48aa-4436-8edb-e26aaf42e54a,2025-06-30,1,80,80,80
7a4977d9-48aa-4436-8edb-e26aaf42e54a,2025-07-07,1,124.95,124.95,124.95
7a4977d9-48aa-4436-8edb-e26aaf42e54a,2025-07-21,1,104.14,104.14,104.14
7a4977d9-48aa-4436-8edb-e26aaf42e54a,2025-09-29,1,110,110,110
7a4977d9-48aa-4436-8edb-e26aaf42e54a,2026-01-12,1,53,53,53
7a4977d9-48aa-4436-8edb-e26aaf42e54a,2026-03-23,1,124,124,124
7a4977d9-48aa-4436-8edb-e26aaf42e54a,2026-03-30,1,127.5,127.5,127.5
7a4977d9-48aa-4436-8edb-e26aaf42e54a,2026-04-06,1,94.99,94.99,94.99
7a4977d9-48aa-4436-8edb-e26aaf42e54a,2026-04-20,1,97,97,97
7a4977d9-48aa-4436-8edb-e26aaf42e54a,2026-05-04,3,146.23,102.5,149.88
7a4977d9-48aa-4436-8edb-e26aaf42e54a,2026-05-11,1,103.2,103.2,103.2
7a4977d9-48aa-4436-8edb-e26aaf42e54a,2026-06-01,1,134.5,134.5,134.5
7a4977d9-48aa-4436-8edb-e26aaf42e54a,2026-07-27,1,152.5,152.5,152.5
7a4977d9-48aa-4436-8edb-e26aaf42e54a,2026-08-24,1,199.9,199.9,199.9
7a4c587e-c73f-45b9-b3d1-9d9706f7b3a4,2025-01-13,1,315,315,315
7a526b97-f494-46a6-996e-d2540c113127,2026-03-02,1,44,44,44
7a526b97-f494-46a6-996e-d2540c113127,2026-04-27,1,50,50,50
7a526b97-f494-46a6-996e-d2540c113127,2026-08-03,1,19.95,19.95,19.95
7a5345f8-2605-461c-a4d8-3a51c1377ae1,2022-03-14,1,301,301,301
7a5345f8-2605-461c-a4d8-3a51c1377ae1,2022-07-04,1,250,250,250
7a5345f8-2605-461c-a4d8-3a51c1377ae1,2022-07-11,1,225,225,225
7a5345f8-2605-461c-a4d8-3a51c1377ae1,2022-08-08,1,132,132,132
7a5345f8-2605-461c-a4d8-3a51c1377ae1,2023-01-09,1,215,215,215
7a5345f8-2605-461c-a4d8-3a51c1377ae1,2023-03-27,1,156,156,156
7a5345f8-2605-461c-a4d8-3a51c1377ae1,2023-04-24,1,183.5,183.5,183.5
7a5345f8-2605-461c-a4d8-3a51c1377ae1,2023-05-15,1,229.99,229.99,229.99
7a5345f8-2605-461c-a4d8-3a51c1377ae1,2023-06-26,1,150,150,150
7a5345f8-2605-461c-a4d8-3a51c1377ae1,2024-04-29,1,90.34,90.34,90.34
7a5345f8-2605-461c-a4d8-3a51c1377ae1,2025-05-12,1,445.28,445.28,445.28
7a5345f8-2605-461c-a4d8-3a51c1377ae1,2025-09-08,1,825,825,825
7a5345f8-2605-461c-a4d8-3a51c1377ae1,2025-09-15,1,645,645,645
7a5345f8-2605-461c-a4d8-3a51c1377ae1,2025-10-06,1,520,520,520
7a5345f8-2605-461c-a4d8-3a51c1377ae1,2025-10-27,1,445,445,445
7a5345f8-2605-461c-a4d8-3a51c1377ae1,2026-03-02,1,1000,1000,1000
7a5345f8-2605-461c-a4d8-3a51c1377ae1,2026-05-25,1,1800,1800,1800
7a5345f8-2605-461c-a4d8-3a51c1377ae1,2026-08-03,1,4000,4000,4000
7a5345f8-2605-461c-a4d8-3a51c1377ae1,2026-08-31,1,4000,4000,4000
7a5345f8-2605-461c-a4d8-3a51c1377ae1,2026-09-07,1,4888.88,4888.88,4888.88
7a53c194-6bbe-4111-8132-336acf455b64,2022-09-19,1,19,19,19
7a53c194-6bbe-4111-8132-336acf455b64,2023-03-20,1,20.5,20.5,20.5
7a53c194-6bbe-4111-8132-336acf455b64,2023-04-10,1,15.7,15.7,15.7
7a53c194-6bbe-4111-8132-336acf455b64,2023-05-08,2,19.51,18.52,20.5
7a53c194-6bbe-4111-8132-336acf455b64,2023-07-17,1,21.6,21.6,21.6
7a53c194-6bbe-4111-8132-336acf455b64,2023-12-04,1,25,25,25
7a53c194-6bbe-4111-8132-336acf455b64,2024-02-26,1,24,24,24
7a53c194-6bbe-4111-8132-336acf455b64,2024-05-27,1,19.95,19.95,19.95
7a53c194-6bbe-4111-8132-336acf455b64,2024-12-09,1,20,20,20
7a53c194-6bbe-4111-8132-336acf455b64,2025-01-20,1,10,10,10
7a53c194-6bbe-4111-8132-336acf455b64,2025-03-10,2,25,25,25
7a53c194-6bbe-4111-8132-336acf455b64,2025-03-24,1,29.99,29.99,29.99
7a53c194-6bbe-4111-8132-336acf455b64,2025-05-19,1,11,11,11
7a53c194-6bbe-4111-8132-336acf455b64,2025-09-01,1,21.6,21.6,21.6
7a53c194-6bbe-4111-8132-336acf455b64,2026-04-13,1,40.49,40.49,40.49
7a53c194-6bbe-4111-8132-336acf455b64,2026-07-06,1,49.95,49.95,49.95
7a5924f0-9ceb-4cc6-ab4e-116b2c9c5458,2021-05-31,1,139.39,139.39,139.39
7a5924f0-9ceb-4cc6-ab4e-116b2c9c5458,2021-07-26,2,143,128,158
7a5924f0-9ceb-4cc6-ab4e-116b2c9c5458,2022-04-18,2,125.9,125.15,126.65
7a5924f0-9ceb-4cc6-ab4e-116b2c9c5458,2022-04-25,1,51.55,51.55,51.55
7a5924f0-9ceb-4cc6-ab4e-116b2c9c5458,2023-01-02,1,504,504,504
7a5924f0-9ceb-4cc6-ab4e-116b2c9c5458,2024-01-22,1,162,162,162
7a5924f0-9ceb-4cc6-ab4e-116b2c9c5458,2024-07-29,2,85.2,76.8,93.6
7a5924f0-9ceb-4cc6-ab4e-116b2c9c5458,2024-09-23,2,84,84,84
7a5924f0-9ceb-4cc6-ab4e-116b2c9c5458,2024-11-04,1,152.5,152.5,152.5
7a5924f0-9ceb-4cc6-ab4e-116b2c9c5458,2025-02-03,1,100,100,100
7a5924f0-9ceb-4cc6-ab4e-116b2c9c5458,2025-08-25,1,55,55,55
7a5924f0-9ceb-4cc6-ab4e-116b2c9c5458,2025-10-13,1,119.75,119.75,119.75
7a5924f0-9ceb-4cc6-ab4e-116b2c9c5458,2025-10-20,1,144,144,144
7a5924f0-9ceb-4cc6-ab4e-116b2c9c5458,2026-08-24,1,2000,2000,2000
7a59d747-f00e-4192-9629-13b1f89011aa,2023-04-03,1,204.5,204.5,204.5
7a59d747-f00e-4192-9629-13b1f89011aa,2023-04-17,1,110,110,110
7a59d747-f00e-4192-9629-13b1f89011aa,2023-10-23,1,17.08,17.08,17.08
7a59d747-f00e-4192-9629-13b1f89011aa,2024-11-04,1,78.99,78.99,78.99
7a59d747-f00e-4192-9629-13b1f89011aa,2024-12-09,1,33,33,33
7a59d747-f00e-4192-9629-13b1f89011aa,2026-06-15,1,200,200,200
7a59d747-f00e-4192-9629-13b1f89011aa,2026-07-20,1,186.5,186.5,186.5
7a59d747-f00e-4192-9629-13b1f89011aa,2026-07-27,1,264,264,264
7a5a4dca-8758-44f0-a383-8f06fa7dec67,2021-06-07,1,26,26,26
7a5a4dca-8758-44f0-a383-8f06fa7dec67,2022-07-04,1,17.5,17.5,17.5
7a5a4dca-8758-44f0-a383-8f06fa7dec67,2022-07-11,1,7.5,7.5,7.5
7a5a4dca-8758-44f0-a383-8f06fa7dec67,2026-03-02,1,58,58,58
7a5b6919-da10-4c48-9680-88e0dafc9e69,2021-07-19,1,169.99,169.99,169.99
7a5b6919-da10-4c48-9680-88e0dafc9e69,2021-09-13,1,56,56,56
7a5b6919-da10-4c48-9680-88e0dafc9e69,2021-11-08,1,120.54,120.54,120.54
7a5b6919-da10-4c48-9680-88e0dafc9e69,2021-12-20,1,100,100,100
7a5b6919-da10-4c48-9680-88e0dafc9e69,2022-06-27,1,99,99,99
7a5b6919-da10-4c48-9680-88e0dafc9e69,2022-07-18,2,44,43,45
7a5b6919-da10-4c48-9680-88e0dafc9e69,2022-07-25,2,28.5,26,31
7a5b6919-da10-4c48-9680-88e0dafc9e69,2022-08-01,1,37,37,37
7a5b6919-da10-4c48-9680-88e0dafc9e69,2022-08-08,2,40.5,36,45
7a5b6919-da10-4c48-9680-88e0dafc9e69,2022-08-22,1,30,30,30
7a5b6919-da10-4c48-9680-88e0dafc9e69,2022-08-29,2,38,38,38
7a5b6919-da10-4c48-9680-88e0dafc9e69,2022-09-05,2,41.5,38,45
7a5b6919-da10-4c48-9680-88e0dafc9e69,2022-09-19,2,30.5,25,36
7a5b6919-da10-4c48-9680-88e0dafc9e69,2022-09-26,1,25,25,25
7a5b6919-da10-4c48-9680-88e0dafc9e69,2022-10-10,1,15.5,15.5,15.5
7a5b6919-da10-4c48-9680-88e0dafc9e69,2022-10-24,4,27.94,25,35
7a5b6919-da10-4c48-9680-88e0dafc9e69,2022-10-31,1,26,26,26
7a5b6919-da10-4c48-9680-88e0dafc9e69,2022-11-07,1,38.69,38.69,38.69
7a5b6919-da10-4c48-9680-88e0dafc9e69,2022-12-05,1,26,26,26
7a5b6919-da10-4c48-9680-88e0dafc9e69,2022-12-12,2,28.25,16.5,39.99
7a5b6919-da10-4c48-9680-88e0dafc9e69,2023-01-09,1,39.99,39.99,39.99
7a5b6919-da10-4c48-9680-88e0dafc9e69,2023-01-30,1,38.99,38.99,38.99
7a5b6919-da10-4c48-9680-88e0dafc9e69,2023-02-06,1,28.8,28.8,28.8
7a5b6919-da10-4c48-9680-88e0dafc9e69,2023-03-27,3,31,30,32.27
7a5b6919-da10-4c48-9680-88e0dafc9e69,2023-05-29,1,19.99,19.99,19.99
7a5b6919-da10-4c48-9680-88e0dafc9e69,2023-07-31,1,37.99,37.99,37.99
7a5b6919-da10-4c48-9680-88e0dafc9e69,2023-08-14,2,24.24,21.5,26.99
7a5b6919-da10-4c48-9680-88e0dafc9e69,2023-09-04,1,21.6,21.6,21.6
7a5b6919-da10-4c48-9680-88e0dafc9e69,2023-09-25,1,18.5,18.5,18.5
7a5b6919-da10-4c48-9680-88e0dafc9e69,2023-10-09,1,28.5,28.5,28.5
7a5b6919-da10-4c48-9680-88e0dafc9e69,2023-10-30,3,31,29.99,32.99
7a5b6919-da10-4c48-9680-88e0dafc9e69,2023-12-25,1,75,75,75
7a5b6919-da10-4c48-9680-88e0dafc9e69,2024-04-08,1,22.5,22.5,22.5
7a5b6919-da10-4c48-9680-88e0dafc9e69,2024-05-06,1,35,35,35
7a5b6919-da10-4c48-9680-88e0dafc9e69,2024-07-01,1,75,75,75
7a5b6919-da10-4c48-9680-88e0dafc9e69,2024-07-22,1,35,35,35
7a5b6919-da10-4c48-9680-88e0dafc9e69,2024-09-09,1,23.5,23.5,23.5
7a5b6919-da10-4c48-9680-88e0dafc9e69,2024-11-11,1,29.99,29.99,29.99
7a5b6919-da10-4c48-9680-88e0dafc9e69,2025-02-03,1,59.98,59.98,59.98
7a5b6919-da10-4c48-9680-88e0dafc9e69,2025-02-10,1,30,30,30
7a5b6919-da10-4c48-9680-88e0dafc9e69,2025-03-31,1,55,55,55
7a5b6919-da10-4c48-9680-88e0dafc9e69,2025-06-02,1,59,59,59
7a5b6919-da10-4c48-9680-88e0dafc9e69,2025-06-23,1,49.99,49.99,49.99
7a5b6919-da10-4c48-9680-88e0dafc9e69,2025-07-07,1,55,55,55
7a5b6919-da10-4c48-9680-88e0dafc9e69,2025-08-11,1,42,42,42
7a5b6919-da10-4c48-9680-88e0dafc9e69,2025-08-18,1,26,26,26
7a5b6919-da10-4c48-9680-88e0dafc9e69,2025-08-25,1,54.99,54.99,54.99
7a5b6919-da10-4c48-9680-88e0dafc9e69,2025-09-15,1,70,70,70
7a5b6919-da10-4c48-9680-88e0dafc9e69,2026-01-12,1,76,76,76
7a5b6919-da10-4c48-9680-88e0dafc9e69,2026-02-23,1,100,100,100
7a5b6919-da10-4c48-9680-88e0dafc9e69,2026-05-18,1,69.89,69.89,69.89
7a5b6919-da10-4c48-9680-88e0dafc9e69,2026-07-20,1,54,54,54
7a5b6919-da10-4c48-9680-88e0dafc9e69,2026-08-31,1,72.55,72.55,72.55
7a6215f7-796e-4c37-9da6-6dbaab9b4ffb,2021-02-15,1,38.01,38.01,38.01
7a6215f7-796e-4c37-9da6-6dbaab9b4ffb,2021-03-01,1,56,56,56
7a6215f7-796e-4c37-9da6-6dbaab9b4ffb,2021-03-08,1,43,43,43
7a6215f7-796e-4c37-9da6-6dbaab9b4ffb,2021-04-05,1,41,41,41
7a6215f7-796e-4c37-9da6-6dbaab9b4ffb,2021-04-12,1,44,44,44
7a6215f7-796e-4c37-9da6-6dbaab9b4ffb,2022-10-17,1,22.48,22.48,22.48
7a6215f7-796e-4c37-9da6-6dbaab9b4ffb,2023-08-21,1,25.59,25.59,25.59
7a6215f7-796e-4c37-9da6-6dbaab9b4ffb,2023-09-11,1,22.5,22.5,22.5
7a6215f7-796e-4c37-9da6-6dbaab9b4ffb,2023-11-06,1,19.99,19.99,19.99
7a6215f7-796e-4c37-9da6-6dbaab9b4ffb,2024-12-09,1,14.5,14.5,14.5
7a6215f7-796e-4c37-9da6-6dbaab9b4ffb,2024-12-23,1,26,26,26
7a6378cb-1da6-498d-a273-13f6ee405435,2023-06-05,1,37.99,37.99,37.99
7a6378cb-1da6-498d-a273-13f6ee405435,2023-10-02,1,24.5,24.5,24.5
7a6378cb-1da6-498d-a273-13f6ee405435,2024-05-27,1,21.28,21.28,21.28
7a6378cb-1da6-498d-a273-13f6ee405435,2024-10-07,1,29.99,29.99,29.99
7a6378cb-1da6-498d-a273-13f6ee405435,2024-12-16,1,29.69,29.69,29.69
7a6378cb-1da6-498d-a273-13f6ee405435,2025-01-13,1,20,20,20
7a6378cb-1da6-498d-a273-13f6ee405435,2025-03-24,1,25,25,25
7a655573-8df6-4b7c-931b-5e8dabb392fe,2022-03-07,1,28.8,28.8,28.8
7a655573-8df6-4b7c-931b-5e8dabb392fe,2024-11-25,1,80,80,80
7a655573-8df6-4b7c-931b-5e8dabb392fe,2025-01-20,1,34.8,34.8,34.8
7a655573-8df6-4b7c-931b-5e8dabb392fe,2025-02-17,1,45.6,45.6,45.6
7a655573-8df6-4b7c-931b-5e8dabb392fe,2025-10-27,1,70,70,70
7a655573-8df6-4b7c-931b-5e8dabb392fe,2025-11-03,1,32,32,32
7a660349-93d9-461f-9583-3f3dba176817,2026-06-29,1,180,180,180
7a673314-ec34-4374-9240-b90a7cdbe017,2025-09-22,1,154,154,154
7a673314-ec34-4374-9240-b90a7cdbe017,2025-12-15,1,76.47,76.47,76.47
7a673314-ec34-4374-9240-b90a7cdbe017,2026-01-19,2,37.34,37,37.69
7a673314-ec34-4374-9240-b90a7cdbe017,2026-02-16,1,20.5,20.5,20.5
7a673314-ec34-4374-9240-b90a7cdbe017,2026-02-23,1,31,31,31
7a673314-ec34-4374-9240-b90a7cdbe017,2026-03-09,2,27.52,21.5,33.55
7a673314-ec34-4374-9240-b90a7cdbe017,2026-03-16,1,27,27,27
7a673314-ec34-4374-9240-b90a7cdbe017,2026-04-06,1,28.5,28.5,28.5
7a673314-ec34-4374-9240-b90a7cdbe017,2026-04-13,2,22.25,18.5,26
7a673314-ec34-4374-9240-b90a7cdbe017,2026-05-04,2,27.88,25.76,30
7a673314-ec34-4374-9240-b90a7cdbe017,2026-05-11,1,50,50,50
7a673314-ec34-4374-9240-b90a7cdbe017,2026-05-18,1,30,30,30
7a673314-ec34-4374-9240-b90a7cdbe017,2026-05-25,2,34.98,34.95,35
7a673314-ec34-4374-9240-b90a7cdbe017,2026-06-08,1,35,35,35
7a673314-ec34-4374-9240-b90a7cdbe017,2026-07-06,1,37,37,37
7a673314-ec34-4374-9240-b90a7cdbe017,2026-08-24,1,25,25,25
7a673314-ec34-4374-9240-b90a7cdbe017,2026-09-07,1,39,39,39
7a67f931-a2e7-49b1-9c79-b5675641639c,2024-08-26,1,49.99,49.99,49.99
7a67f931-a2e7-49b1-9c79-b5675641639c,2024-09-23,1,37.08,37.08,37.08
7a67f931-a2e7-49b1-9c79-b5675641639c,2024-10-07,1,37.76,37.76,37.76
7a67f931-a2e7-49b1-9c79-b5675641639c,2024-10-28,1,44.99,44.99,44.99
7a67f931-a2e7-49b1-9c79-b5675641639c,2024-11-18,2,57.5,56,59
7a67f931-a2e7-49b1-9c79-b5675641639c,2024-11-25,2,31.6,26,37.2
7a67f931-a2e7-49b1-9c79-b5675641639c,2024-12-02,1,27.6,27.6,27.6
7a67f931-a2e7-49b1-9c79-b5675641639c,2024-12-09,2,55,54.99,55
7a67f931-a2e7-49b1-9c79-b5675641639c,2024-12-16,1,54,54,54
7a67f931-a2e7-49b1-9c79-b5675641639c,2024-12-23,1,62.9,62.9,62.9
7a67f931-a2e7-49b1-9c79-b5675641639c,2024-12-30,2,38.87,37.75,39.99
7a67f931-a2e7-49b1-9c79-b5675641639c,2025-01-06,1,39.99,39.99,39.99
7a67f931-a2e7-49b1-9c79-b5675641639c,2025-01-13,2,55.39,49.8,60.99
7a67f931-a2e7-49b1-9c79-b5675641639c,2025-02-03,1,71,71,71
7a67f931-a2e7-49b1-9c79-b5675641639c,2025-02-10,1,54,54,54
7a67f931-a2e7-49b1-9c79-b5675641639c,2025-02-17,1,51,51,51
7a67f931-a2e7-49b1-9c79-b5675641639c,2025-02-24,1,59.99,59.99,59.99
7a67f931-a2e7-49b1-9c79-b5675641639c,2025-03-03,1,43,43,43
7a67f931-a2e7-49b1-9c79-b5675641639c,2025-03-10,1,32,32,32
7a67f931-a2e7-49b1-9c79-b5675641639c,2025-03-17,1,54.99,54.99,54.99
7a67f931-a2e7-49b1-9c79-b5675641639c,2025-03-24,1,69,69,69
7a67f931-a2e7-49b1-9c79-b5675641639c,2025-03-31,2,36.5,32,41
7a67f931-a2e7-49b1-9c79-b5675641639c,2025-04-07,2,60.5,51,70
7a67f931-a2e7-49b1-9c79-b5675641639c,2025-04-14,1,69.99,69.99,69.99
7a67f931-a2e7-49b1-9c79-b5675641639c,2025-04-21,1,69.99,69.99,69.99
7a67f931-a2e7-49b1-9c79-b5675641639c,2025-04-28,1,44,44,44
7a67f931-a2e7-49b1-9c79-b5675641639c,2025-05-26,1,79.99,79.99,79.99
7a67f931-a2e7-49b1-9c79-b5675641639c,2025-06-30,1,72,72,72
7a67f931-a2e7-49b1-9c79-b5675641639c,2025-07-07,2,67.5,65,70
7a67f931-a2e7-49b1-9c79-b5675641639c,2025-07-21,1,75.19,75.19,75.19
7a67f931-a2e7-49b1-9c79-b5675641639c,2025-08-11,1,80,80,80
7a67f931-a2e7-49b1-9c79-b5675641639c,2025-09-08,1,129.99,129.99,129.99
7a67f931-a2e7-49b1-9c79-b5675641639c,2025-09-22,3,84.52,78.41,89.99
7a67f931-a2e7-49b1-9c79-b5675641639c,2025-09-29,1,55,55,55
7a67f931-a2e7-49b1-9c79-b5675641639c,2025-10-06,1,78.63,78.63,78.63
7a67f931-a2e7-49b1-9c79-b5675641639c,2025-11-24,1,81,81,81
7a67f931-a2e7-49b1-9c79-b5675641639c,2025-12-01,1,75.27,75.27,75.27
7a67f931-a2e7-49b1-9c79-b5675641639c,2025-12-08,2,83.5,77,90
7a67f931-a2e7-49b1-9c79-b5675641639c,2026-01-05,1,81.94,81.94,81.94
7a67f931-a2e7-49b1-9c79-b5675641639c,2026-01-12,1,66,66,66
7a67f931-a2e7-49b1-9c79-b5675641639c,2026-03-09,1,85,85,85
7a67f931-a2e7-49b1-9c79-b5675641639c,2026-03-23,1,90,90,90
7a67f931-a2e7-49b1-9c79-b5675641639c,2026-03-30,1,89,89,89
7a67f931-a2e7-49b1-9c79-b5675641639c,2026-04-06,1,40,40,40
7a67f931-a2e7-49b1-9c79-b5675641639c,2026-04-27,1,100,100,100
7a67f931-a2e7-49b1-9c79-b5675641639c,2026-05-04,1,124.99,124.99,124.99
7a67f931-a2e7-49b1-9c79-b5675641639c,2026-05-11,1,109.08,109.08,109.08
7a67f931-a2e7-49b1-9c79-b5675641639c,2026-05-18,1,80.3,80.3,80.3
7a67f931-a2e7-49b1-9c79-b5675641639c,2026-05-25,1,76.51,76.51,76.51
7a67f931-a2e7-49b1-9c79-b5675641639c,2026-06-01,1,100,100,100
7a67f931-a2e7-49b1-9c79-b5675641639c,2026-07-13,2,67.5,66,69
7a67f931-a2e7-49b1-9c79-b5675641639c,2026-07-20,3,63,61,71
7a67f931-a2e7-49b1-9c79-b5675641639c,2026-07-27,3,86,80,91
7a67f931-a2e7-49b1-9c79-b5675641639c,2026-08-03,2,55.5,48,63
7a67f931-a2e7-49b1-9c79-b5675641639c,2026-08-10,1,115,115,115
7a67f931-a2e7-49b1-9c79-b5675641639c,2026-08-17,1,60,60,60
7a67f931-a2e7-49b1-9c79-b5675641639c,2026-08-24,2,84.5,79.99,89
7a67f931-a2e7-49b1-9c79-b5675641639c,2026-08-31,1,71,71,71
7a67f931-a2e7-49b1-9c79-b5675641639c,2026-09-07,1,105,105,105
7a68b7e1-5834-49ca-9680-84f0510d9729,2021-03-08,1,150,150,150
7a68b7e1-5834-49ca-9680-84f0510d9729,2021-03-22,1,75,75,75
7a68b7e1-5834-49ca-9680-84f0510d9729,2021-03-29,1,118.5,118.5,118.5
7a68b7e1-5834-49ca-9680-84f0510d9729,2021-04-12,1,120,120,120
7a68b7e1-5834-49ca-9680-84f0510d9729,2021-04-19,1,150,150,150
7a68b7e1-5834-49ca-9680-84f0510d9729,2021-05-17,1,125,125,125
7a68b7e1-5834-49ca-9680-84f0510d9729,2021-05-24,1,200,200,200
7a68b7e1-5834-49ca-9680-84f0510d9729,2021-06-07,1,300,300,300
7a68b7e1-5834-49ca-9680-84f0510d9729,2021-07-19,1,149,149,149
7a68b7e1-5834-49ca-9680-84f0510d9729,2021-08-23,2,131.75,113.5,150
7a68b7e1-5834-49ca-9680-84f0510d9729,2021-09-27,1,107.65,107.65,107.65
7a68b7e1-5834-49ca-9680-84f0510d9729,2021-11-15,1,100,100,100
7a68b7e1-5834-49ca-9680-84f0510d9729,2021-12-06,1,115,115,115
7a68b7e1-5834-49ca-9680-84f0510d9729,2022-01-31,1,111.08,111.08,111.08
7a68b7e1-5834-49ca-9680-84f0510d9729,2022-03-14,2,105.75,84,127.5
7a68b7e1-5834-49ca-9680-84f0510d9729,2022-06-06,1,81,81,81
7a68b7e1-5834-49ca-9680-84f0510d9729,2022-06-13,2,123.75,120,127.5
7a68b7e1-5834-49ca-9680-84f0510d9729,2022-07-04,1,135,135,135
7a68b7e1-5834-49ca-9680-84f0510d9729,2022-07-25,1,167.99,167.99,167.99
7a68b7e1-5834-49ca-9680-84f0510d9729,2022-08-15,2,99.19,98.4,99.99
7a68b7e1-5834-49ca-9680-84f0510d9729,2022-08-22,1,199.99,199.99,199.99
7a68b7e1-5834-49ca-9680-84f0510d9729,2022-09-19,1,127.5,127.5,127.5
7a68b7e1-5834-49ca-9680-84f0510d9729,2022-09-26,2,72.01,61.02,83
7a68b7e1-5834-49ca-9680-84f0510d9729,2022-10-10,1,115,115,115
7a68b7e1-5834-49ca-9680-84f0510d9729,2022-10-24,1,110,110,110
7a68b7e1-5834-49ca-9680-84f0510d9729,2022-11-14,1,110,110,110
7a68b7e1-5834-49ca-9680-84f0510d9729,2022-11-28,2,127.5,125,130
7a68b7e1-5834-49ca-9680-84f0510d9729,2022-12-05,1,89,89,89
7a68b7e1-5834-49ca-9680-84f0510d9729,2022-12-19,2,89.5,88.99,90
7a68b7e1-5834-49ca-9680-84f0510d9729,2023-01-02,1,115,115,115
7a68b7e1-5834-49ca-9680-84f0510d9729,2023-01-09,1,78,78,78
7a68b7e1-5834-49ca-9680-84f0510d9729,2023-01-23,2,72,53,91
7a68b7e1-5834-49ca-9680-84f0510d9729,2023-01-30,2,85,79,91
7a68b7e1-5834-49ca-9680-84f0510d9729,2023-02-13,3,71,71,72
7a68b7e1-5834-49ca-9680-84f0510d9729,2023-02-20,1,66.02,66.02,66.02
7a68b7e1-5834-49ca-9680-84f0510d9729,2023-03-06,2,70.2,66,74.4
7a68b7e1-5834-49ca-9680-84f0510d9729,2023-03-13,1,76,76,76
7a68b7e1-5834-49ca-9680-84f0510d9729,2023-04-10,2,97.47,95,99.95
7a68b7e1-5834-49ca-9680-84f0510d9729,2023-04-17,2,82.52,76.05,88.99
7a68b7e1-5834-49ca-9680-84f0510d9729,2023-04-24,1,89.99,89.99,89.99
7a68b7e1-5834-49ca-9680-84f0510d9729,2023-05-08,2,54.51,44.02,65
7a68b7e1-5834-49ca-9680-84f0510d9729,2023-05-15,1,74.8,74.8,74.8
7a68b7e1-5834-49ca-9680-84f0510d9729,2023-06-05,2,78.01,56.02,100
7a68b7e1-5834-49ca-9680-84f0510d9729,2023-06-12,1,87,87,87
7a68b7e1-5834-49ca-9680-84f0510d9729,2023-06-19,1,96,96,96
7a68b7e1-5834-49ca-9680-84f0510d9729,2023-07-03,1,85,85,85
7a68b7e1-5834-49ca-9680-84f0510d9729,2023-07-31,2,81.2,76,86.4
7a68b7e1-5834-49ca-9680-84f0510d9729,2023-08-14,1,84,84,84
7a68b7e1-5834-49ca-9680-84f0510d9729,2023-08-21,1,75,75,75
7a68b7e1-5834-49ca-9680-84f0510d9729,2023-08-28,2,72.44,62.4,82.49
7a68b7e1-5834-49ca-9680-84f0510d9729,2023-09-11,1,74.4,74.4,74.4
7a68b7e1-5834-49ca-9680-84f0510d9729,2023-09-25,1,121.96,121.96,121.96
7a68b7e1-5834-49ca-9680-84f0510d9729,2023-10-02,2,102.52,96,109.04
7a68b7e1-5834-49ca-9680-84f0510d9729,2023-10-09,2,92,91,93
7a68b7e1-5834-49ca-9680-84f0510d9729,2023-10-16,2,73.48,69,77.96
7a68b7e1-5834-49ca-9680-84f0510d9729,2023-10-30,1,86.4,86.4,86.4
7a68b7e1-5834-49ca-9680-84f0510d9729,2023-11-13,1,99.95,99.95,99.95
7a68b7e1-5834-49ca-9680-84f0510d9729,2024-01-08,1,85,85,85
7a68b7e1-5834-49ca-9680-84f0510d9729,2024-01-15,1,81.08,81.08,81.08
7a68b7e1-5834-49ca-9680-84f0510d9729,2024-01-29,1,112.5,112.5,112.5
7a68b7e1-5834-49ca-9680-84f0510d9729,2024-02-05,1,73,73,73
7a68b7e1-5834-49ca-9680-84f0510d9729,2024-02-19,1,58,58,58
7a68b7e1-5834-49ca-9680-84f0510d9729,2024-02-26,2,78.47,78.23,78.72
7a68b7e1-5834-49ca-9680-84f0510d9729,2024-03-04,2,62.1,53,71.21
7a68b7e1-5834-49ca-9680-84f0510d9729,2024-03-18,1,69.94,69.94,69.94
7a68b7e1-5834-49ca-9680-84f0510d9729,2024-04-08,1,64.8,64.8,64.8
7a68b7e1-5834-49ca-9680-84f0510d9729,2024-04-22,3,55.2,49,79.99
7a68b7e1-5834-49ca-9680-84f0510d9729,2024-05-13,1,53,53,53
7a68b7e1-5834-49ca-9680-84f0510d9729,2024-05-20,1,48,48,48
7a68b7e1-5834-49ca-9680-84f0510d9729,2024-05-27,1,40,40,40
7a68b7e1-5834-49ca-9680-84f0510d9729,2024-06-03,1,73,73,73
7a68b7e1-5834-49ca-9680-84f0510d9729,2024-06-10,1,51.5,51.5,51.5
7a68b7e1-5834-49ca-9680-84f0510d9729,2024-06-17,1,73.99,73.99,73.99
7a68b7e1-5834-49ca-9680-84f0510d9729,2024-06-24,2,58,53,63
7a68b7e1-5834-49ca-9680-84f0510d9729,2024-07-01,2,60.48,59.95,61
7a68b7e1-5834-49ca-9680-84f0510d9729,2024-07-15,1,55,55,55
7a68b7e1-5834-49ca-9680-84f0510d9729,2024-07-29,2,68.02,55.04,81
7a68b7e1-5834-49ca-9680-84f0510d9729,2024-08-19,1,62.4,62.4,62.4
7a68b7e1-5834-49ca-9680-84f0510d9729,2024-09-23,1,42,42,42
7a68b7e1-5834-49ca-9680-84f0510d9729,2024-10-28,1,70,70,70
7a68b7e1-5834-49ca-9680-84f0510d9729,2024-11-04,1,76,76,76
7a68b7e1-5834-49ca-9680-84f0510d9729,2024-11-11,3,75,42.99,129.95
7a68b7e1-5834-49ca-9680-84f0510d9729,2024-12-16,1,64,64,64
7a68b7e1-5834-49ca-9680-84f0510d9729,2024-12-23,1,56,56,56
7a68b7e1-5834-49ca-9680-84f0510d9729,2025-01-20,2,88.44,69,107.89
7a68b7e1-5834-49ca-9680-84f0510d9729,2025-01-27,2,76,52,100
7a68b7e1-5834-49ca-9680-84f0510d9729,2025-03-03,1,99,99,99
7a68b7e1-5834-49ca-9680-84f0510d9729,2025-03-10,3,73.5,24.95,109.99
7a68b7e1-5834-49ca-9680-84f0510d9729,2025-03-17,1,63.96,63.96,63.96
7a68b7e1-5834-49ca-9680-84f0510d9729,2025-03-24,1,138.59,138.59,138.59
7a68b7e1-5834-49ca-9680-84f0510d9729,2025-04-07,2,100,75,124.99
7a68b7e1-5834-49ca-9680-84f0510d9729,2025-04-21,3,95,90,135
7a68b7e1-5834-49ca-9680-84f0510d9729,2025-05-05,1,125,125,125
7a68b7e1-5834-49ca-9680-84f0510d9729,2025-05-26,1,82,82,82
7a68b7e1-5834-49ca-9680-84f0510d9729,2025-06-16,1,124.95,124.95,124.95
7a68b7e1-5834-49ca-9680-84f0510d9729,2025-07-07,2,153,149.99,156
7a68b7e1-5834-49ca-9680-84f0510d9729,2025-07-14,1,120,120,120
7a68b7e1-5834-49ca-9680-84f0510d9729,2025-07-21,2,101.07,100,102.14
7a68b7e1-5834-49ca-9680-84f0510d9729,2025-07-28,1,102.5,102.5,102.5
7a68b7e1-5834-49ca-9680-84f0510d9729,2025-09-08,1,149.99,149.99,149.99
7a68b7e1-5834-49ca-9680-84f0510d9729,2025-09-15,3,165,145,169
7a68b7e1-5834-49ca-9680-84f0510d9729,2025-10-13,1,144,144,144
7a68b7e1-5834-49ca-9680-84f0510d9729,2025-10-20,1,149.99,149.99,149.99
7a68b7e1-5834-49ca-9680-84f0510d9729,2025-10-27,2,181.01,165,197.02
7a68b7e1-5834-49ca-9680-84f0510d9729,2025-11-03,1,96.02,96.02,96.02
7a68b7e1-5834-49ca-9680-84f0510d9729,2025-11-10,1,120,120,120
7a68b7e1-5834-49ca-9680-84f0510d9729,2025-12-22,1,143.5,143.5,143.5
7a68b7e1-5834-49ca-9680-84f0510d9729,2025-12-29,4,124.25,111.01,145
7a68b7e1-5834-49ca-9680-84f0510d9729,2026-01-05,1,149.99,149.99,149.99
7a68b7e1-5834-49ca-9680-84f0510d9729,2026-01-12,1,186.73,186.73,186.73
7a68b7e1-5834-49ca-9680-84f0510d9729,2026-01-19,2,179.5,150,208.99
7a68b7e1-5834-49ca-9680-84f0510d9729,2026-01-26,1,185,185,185
7a68b7e1-5834-49ca-9680-84f0510d9729,2026-02-02,1,180,180,180
7a68b7e1-5834-49ca-9680-84f0510d9729,2026-02-09,1,175,175,175
7a68b7e1-5834-49ca-9680-84f0510d9729,2026-02-16,2,203.25,126.5,280
7a68b7e1-5834-49ca-9680-84f0510d9729,2026-02-23,1,202.22,202.22,202.22
7a68b7e1-5834-49ca-9680-84f0510d9729,2026-03-02,3,225,200,250
7a68b7e1-5834-49ca-9680-84f0510d9729,2026-03-09,2,297.5,280,315
7a68b7e1-5834-49ca-9680-84f0510d9729,2026-03-16,1,650,650,650
7a68b7e1-5834-49ca-9680-84f0510d9729,2026-03-23,1,251.5,251.5,251.5
7a68b7e1-5834-49ca-9680-84f0510d9729,2026-03-30,4,201.49,194.34,370
7a68b7e1-5834-49ca-9680-84f0510d9729,2026-04-06,1,223.5,223.5,223.5
7a68b7e1-5834-49ca-9680-84f0510d9729,2026-04-13,1,262,262,262
7a68b7e1-5834-49ca-9680-84f0510d9729,2026-04-20,3,285,240,299
7a68b7e1-5834-49ca-9680-84f0510d9729,2026-05-04,1,231.5,231.5,231.5
7a68b7e1-5834-49ca-9680-84f0510d9729,2026-05-11,3,306.5,207.5,369.99
7a68b7e1-5834-49ca-9680-84f0510d9729,2026-06-08,2,380,330,429.99
7a68b7e1-5834-49ca-9680-84f0510d9729,2026-06-22,2,346,319.99,372
7a68b7e1-5834-49ca-9680-84f0510d9729,2026-06-29,2,354.5,349,360
7a68b7e1-5834-49ca-9680-84f0510d9729,2026-07-06,1,255,255,255
7a68b7e1-5834-49ca-9680-84f0510d9729,2026-07-13,1,350,350,350
7a68b7e1-5834-49ca-9680-84f0510d9729,2026-08-03,1,276,276,276
7a68b7e1-5834-49ca-9680-84f0510d9729,2026-08-24,1,229.5,229.5,229.5
7a68b7e1-5834-49ca-9680-84f0510d9729,2026-08-31,1,333,333,333
7a707f1a-7fc2-4765-9bc0-acbf0df8ed64,2024-02-12,1,15.5,15.5,15.5
7a732a2c-d46a-4ecc-979f-4f6b06d6afa1,2026-08-10,1,65,65,65
7a732a2c-d46a-4ecc-979f-4f6b06d6afa1,2026-08-17,1,106.5,106.5,106.5
7a732a2c-d46a-4ecc-979f-4f6b06d6afa1,2026-08-24,1,31,31,31
7a787161-d9ec-4fba-97a5-568671120fe1,2022-02-21,1,13.1,13.1,13.1
7a787161-d9ec-4fba-97a5-568671120fe1,2025-01-20,1,20.5,20.5,20.5
7a787161-d9ec-4fba-97a5-568671120fe1,2025-09-29,1,64.99,64.99,64.99
7a7c28f4-19c4-436f-b4ad-c291a713cb12,2024-01-22,1,112.5,112.5,112.5
7a7c28f4-19c4-436f-b4ad-c291a713cb12,2024-12-09,1,104.06,104.06,104.06
7a7c28f4-19c4-436f-b4ad-c291a713cb12,2025-01-13,1,86,86,86
7a7c28f4-19c4-436f-b4ad-c291a713cb12,2025-03-03,1,108,108,108
7a7c28f4-19c4-436f-b4ad-c291a713cb12,2025-04-14,1,132,132,132
7a7c28f4-19c4-436f-b4ad-c291a713cb12,2025-10-06,1,150,150,150
7a7c28f4-19c4-436f-b4ad-c291a713cb12,2026-02-23,1,170.83,170.83,170.83
7a7c28f4-19c4-436f-b4ad-c291a713cb12,2026-03-02,1,369.69,369.69,369.69
7a7c28f4-19c4-436f-b4ad-c291a713cb12,2026-06-29,1,569.99,569.99,569.99
7a7f6390-7699-42d7-9e58-64314ce534d2,2025-01-27,1,1300,1300,1300
7a7f6390-7699-42d7-9e58-64314ce534d2,2025-02-10,5,1048.51,890,1727
7a7f6390-7699-42d7-9e58-64314ce534d2,2025-02-17,2,1150,1100,1200
7a7f6390-7699-42d7-9e58-64314ce534d2,2025-02-24,2,1480.28,1210.55,1750
7a7f6390-7699-42d7-9e58-64314ce534d2,2025-03-10,2,1087.5,1025,1150
7a7f6390-7699-42d7-9e58-64314ce534d2,2025-03-17,5,1150,1026.01,1250
7a7f6390-7699-42d7-9e58-64314ce534d2,2025-03-24,8,1055,813.93,1300
7a7f6390-7699-42d7-9e58-64314ce534d2,2025-04-07,4,1012,932,1050
7a7f6390-7699-42d7-9e58-64314ce534d2,2025-04-14,2,903,845,961.01
7a7f6390-7699-42d7-9e58-64314ce534d2,2025-04-21,4,900,900,1099
7a7f6390-7699-42d7-9e58-64314ce534d2,2025-04-28,4,838.99,802,850
7a7f6390-7699-42d7-9e58-64314ce534d2,2025-05-05,4,849.5,840,850
7a7f6390-7699-42d7-9e58-64314ce534d2,2025-05-12,4,827.5,810,891
7a7f6390-7699-42d7-9e58-64314ce534d2,2025-05-19,10,830,760,930
7a7f6390-7699-42d7-9e58-64314ce534d2,2025-05-26,5,800,720,835
7a7f6390-7699-42d7-9e58-64314ce534d2,2025-06-02,7,815,765,913.92
7a7f6390-7699-42d7-9e58-64314ce534d2,2025-06-09,3,760,750,776
7a7f6390-7699-42d7-9e58-64314ce534d2,2025-06-16,6,796,750,870
7a7f6390-7699-42d7-9e58-64314ce534d2,2025-06-23,1,780,780,780
7a7f6390-7699-42d7-9e58-64314ce534d2,2025-06-30,5,764.9,690,799.99
7a7f6390-7699-42d7-9e58-64314ce534d2,2025-07-07,4,717.5,675,735
7a7f6390-7699-42d7-9e58-64314ce534d2,2025-07-14,2,663.75,637.49,690
7a7f6390-7699-42d7-9e58-64314ce534d2,2025-07-21,5,720,699.99,751
7a7f6390-7699-42d7-9e58-64314ce534d2,2025-07-28,3,610,549,700
7a7f6390-7699-42d7-9e58-64314ce534d2,2025-08-04,1,610,610,610
7a7f6390-7699-42d7-9e58-64314ce534d2,2025-08-11,7,650,480,700
7a7f6390-7699-42d7-9e58-64314ce534d2,2025-08-18,4,672.5,645,701
7a7f6390-7699-42d7-9e58-64314ce534d2,2025-08-25,9,710,650,750
7a7f6390-7699-42d7-9e58-64314ce534d2,2025-09-01,12,755.25,599.99,899.99
7a7f6390-7699-42d7-9e58-64314ce534d2,2025-09-08,14,785,600,870
7a7f6390-7699-42d7-9e58-64314ce534d2,2025-09-15,8,858.69,720,1000
7a7f6390-7699-42d7-9e58-64314ce534d2,2025-09-22,9,1100,860,1199.99
7a7f6390-7699-42d7-9e58-64314ce534d2,2025-09-29,11,1050,720,1299.99
7a7f6390-7699-42d7-9e58-64314ce534d2,2025-10-06,3,1100,1100,1199.99
7a7f6390-7699-42d7-9e58-64314ce534d2,2025-10-13,8,1025,780,1200
7a7f6390-7699-42d7-9e58-64314ce534d2,2025-10-20,7,1075,1015,1206
7a7f6390-7699-42d7-9e58-64314ce534d2,2025-10-27,7,1100,800,1418.2
7a7f6390-7699-42d7-9e58-64314ce534d2,2025-11-03,6,1087.5,1025,1125
7a7f6390-7699-42d7-9e58-64314ce534d2,2025-11-10,5,999,786.47,1051
7a7f6390-7699-42d7-9e58-64314ce534d2,2025-11-17,3,990,890,1000
7a7f6390-7699-42d7-9e58-64314ce534d2,2025-11-24,9,925,698.88,988.88
7a7f6390-7699-42d7-9e58-64314ce534d2,2025-12-01,6,935,800,980
7a7f6390-7699-42d7-9e58-64314ce534d2,2025-12-08,4,900,871,960.01
7a7f6390-7699-42d7-9e58-64314ce534d2,2025-12-15,6,780.5,710,900
7a7f6390-7699-42d7-9e58-64314ce534d2,2025-12-22,4,768.5,740,800
7a7f6390-7699-42d7-9e58-64314ce534d2,2025-12-29,8,807.5,711,930
7a7f6390-7699-42d7-9e58-64314ce534d2,2026-01-05,6,857,810,1050
7a7f6390-7699-42d7-9e58-64314ce534d2,2026-01-12,12,860,830,930
7a7f6390-7699-42d7-9e58-64314ce534d2,2026-01-19,8,916.52,850,1000
7a7f6390-7699-42d7-9e58-64314ce534d2,2026-01-26,8,831,800,875
7a7f6390-7699-42d7-9e58-64314ce534d2,2026-02-02,5,811,781,899
7a7f6390-7699-42d7-9e58-64314ce534d2,2026-02-09,7,830,495,850
7a7f6390-7699-42d7-9e58-64314ce534d2,2026-02-16,8,832.5,690,875
7a7f6390-7699-42d7-9e58-64314ce534d2,2026-02-23,3,830,798,844.8
7a7f6390-7699-42d7-9e58-64314ce534d2,2026-03-02,13,874.99,810,900
7a7f6390-7699-42d7-9e58-64314ce534d2,2026-03-09,13,900,399,1100
7a7f6390-7699-42d7-9e58-64314ce534d2,2026-03-16,12,995,831,1100
7a7f6390-7699-42d7-9e58-64314ce534d2,2026-03-23,8,945,900,999
7a7f6390-7699-42d7-9e58-64314ce534d2,2026-03-30,10,986,900,1150
7a7f6390-7699-42d7-9e58-64314ce534d2,2026-04-06,14,986.9,900,1125
7a7f6390-7699-42d7-9e58-64314ce534d2,2026-04-13,15,1025,930,1100
7a7f6390-7699-42d7-9e58-64314ce534d2,2026-04-20,6,1050,1000,1190
7a7f6390-7699-42d7-9e58-64314ce534d2,2026-04-27,16,1137.49,910,1299
7a7f6390-7699-42d7-9e58-64314ce534d2,2026-05-04,9,980,910,1225
7a7f6390-7699-42d7-9e58-64314ce534d2,2026-05-11,11,985,919,1239.32
7a7f6390-7699-42d7-9e58-64314ce534d2,2026-05-18,10,974,920,1025
7a7f6390-7699-42d7-9e58-64314ce534d2,2026-05-25,11,999.99,920,1125
7a7f6390-7699-42d7-9e58-64314ce534d2,2026-06-01,5,960,875,985
7a7f6390-7699-42d7-9e58-64314ce534d2,2026-06-08,8,934.95,919,960
7a7f6390-7699-42d7-9e58-64314ce534d2,2026-06-15,15,1000,944.48,1200
7a7f6390-7699-42d7-9e58-64314ce534d2,2026-06-22,5,975,910.69,1111.11
7a7f6390-7699-42d7-9e58-64314ce534d2,2026-06-29,7,1150,1031.28,1299.59
7a7f6390-7699-42d7-9e58-64314ce534d2,2026-07-06,9,1099,890,1200
7a7f6390-7699-42d7-9e58-64314ce534d2,2026-07-13,7,1075,969,1175.33
7a7f6390-7699-42d7-9e58-64314ce534d2,2026-07-20,5,1099,930,1125
7a7f6390-7699-42d7-9e58-64314ce534d2,2026-07-27,3,1200,1125,1250
7a7f6390-7699-42d7-9e58-64314ce534d2,2026-08-03,6,937.5,800,986
7a7f6390-7699-42d7-9e58-64314ce534d2,2026-08-10,4,1037,985,1100
7a7f6390-7699-42d7-9e58-64314ce534d2,2026-08-17,11,980,870,1079
7a7f6390-7699-42d7-9e58-64314ce534d2,2026-08-24,14,955,861,1347.03
7a7f6390-7699-42d7-9e58-64314ce534d2,2026-08-31,4,930,900,975
7a7f6390-7699-42d7-9e58-64314ce534d2,2026-09-07,10,983.28,900,1075
7a7f6390-7699-42d7-9e58-64314ce534d2,2026-09-14,2,1004.5,934,1075
7a80486f-75e9-4c09-8de0-c1bd3fdf3aaf,2021-10-25,1,898,898,898
7a80486f-75e9-4c09-8de0-c1bd3fdf3aaf,2022-09-19,1,676,676,676
7a80486f-75e9-4c09-8de0-c1bd3fdf3aaf,2023-11-13,1,750,750,750
7a80486f-75e9-4c09-8de0-c1bd3fdf3aaf,2023-12-11,1,799,799,799
7a80486f-75e9-4c09-8de0-c1bd3fdf3aaf,2024-07-29,1,780,780,780
7a80486f-75e9-4c09-8de0-c1bd3fdf3aaf,2024-08-26,1,844,844,844
7a80486f-75e9-4c09-8de0-c1bd3fdf3aaf,2025-01-06,1,1520.28,1520.28,1520.28
7a80486f-75e9-4c09-8de0-c1bd3fdf3aaf,2026-01-05,1,2893.43,2893.43,2893.43
7a80486f-75e9-4c09-8de0-c1bd3fdf3aaf,2026-03-30,1,6700,6700,6700
7a80486f-75e9-4c09-8de0-c1bd3fdf3aaf,2026-04-06,1,4080,4080,4080
7a80486f-75e9-4c09-8de0-c1bd3fdf3aaf,2026-05-11,1,2906,2906,2906
7a83f61e-41c9-4441-b70f-1ae1990db4e0,2023-04-17,1,20,20,20
7a83f61e-41c9-4441-b70f-1ae1990db4e0,2023-05-01,1,16.8,16.8,16.8
7a83f61e-41c9-4441-b70f-1ae1990db4e0,2023-05-08,3,22.8,18.52,25.9
7a83f61e-41c9-4441-b70f-1ae1990db4e0,2023-05-29,2,23.25,21.5,25
7a83f61e-41c9-4441-b70f-1ae1990db4e0,2023-06-05,3,21.13,17.5,26
7a83f61e-41c9-4441-b70f-1ae1990db4e0,2023-06-19,1,10.5,10.5,10.5
7a83f61e-41c9-4441-b70f-1ae1990db4e0,2023-06-26,1,24.88,24.88,24.88
7a83f61e-41c9-4441-b70f-1ae1990db4e0,2023-07-03,1,21,21,21
7a83f61e-41c9-4441-b70f-1ae1990db4e0,2023-07-17,1,24.99,24.99,24.99
7a83f61e-41c9-4441-b70f-1ae1990db4e0,2023-07-24,2,17.23,14.5,19.95
7a83f61e-41c9-4441-b70f-1ae1990db4e0,2023-07-31,2,21.25,20,22.5
7a83f61e-41c9-4441-b70f-1ae1990db4e0,2023-08-14,3,21,18.5,22.8
7a83f61e-41c9-4441-b70f-1ae1990db4e0,2023-08-21,4,20.49,15.5,29
7a83f61e-41c9-4441-b70f-1ae1990db4e0,2023-08-28,1,24,24,24
7a83f61e-41c9-4441-b70f-1ae1990db4e0,2023-09-04,2,27.5,22,33
7a83f61e-41c9-4441-b70f-1ae1990db4e0,2023-09-11,2,20.02,15.05,25
7a83f61e-41c9-4441-b70f-1ae1990db4e0,2023-09-18,1,129.99,129.99,129.99
7a83f61e-41c9-4441-b70f-1ae1990db4e0,2023-09-25,1,8.51,8.51,8.51
7a83f61e-41c9-4441-b70f-1ae1990db4e0,2023-10-02,1,22.8,22.8,22.8
7a83f61e-41c9-4441-b70f-1ae1990db4e0,2023-10-16,2,28,18,38
7a83f61e-41c9-4441-b70f-1ae1990db4e0,2023-10-30,3,24,16.51,35
7a83f61e-41c9-4441-b70f-1ae1990db4e0,2023-11-06,4,22.25,16.55,27
7a83f61e-41c9-4441-b70f-1ae1990db4e0,2023-11-13,1,30,30,30
7a83f61e-41c9-4441-b70f-1ae1990db4e0,2023-12-04,2,25,20,30
7a83f61e-41c9-4441-b70f-1ae1990db4e0,2023-12-11,2,25.98,25,26.97
7a83f61e-41c9-4441-b70f-1ae1990db4e0,2023-12-18,1,20.49,20.49,20.49
7a83f61e-41c9-4441-b70f-1ae1990db4e0,2024-01-08,2,28.84,22.69,34.99
7a83f61e-41c9-4441-b70f-1ae1990db4e0,2024-01-15,2,20.75,20,21.5
7a83f61e-41c9-4441-b70f-1ae1990db4e0,2024-01-22,1,20.5,20.5,20.5
7a83f61e-41c9-4441-b70f-1ae1990db4e0,2024-02-05,2,17.25,14.5,20
7a83f61e-41c9-4441-b70f-1ae1990db4e0,2024-02-12,1,16.5,16.5,16.5
7a83f61e-41c9-4441-b70f-1ae1990db4e0,2024-02-19,1,24.97,24.97,24.97
7a83f61e-41c9-4441-b70f-1ae1990db4e0,2024-02-26,1,25,25,25
7a83f61e-41c9-4441-b70f-1ae1990db4e0,2024-03-04,1,22,22,22
7a83f61e-41c9-4441-b70f-1ae1990db4e0,2024-03-18,1,14.07,14.07,14.07
7a83f61e-41c9-4441-b70f-1ae1990db4e0,2024-04-01,1,29.95,29.95,29.95
7a83f61e-41c9-4441-b70f-1ae1990db4e0,2024-04-08,1,20.15,20.15,20.15
7a83f61e-41c9-4441-b70f-1ae1990db4e0,2024-04-15,1,19.5,19.5,19.5
7a83f61e-41c9-4441-b70f-1ae1990db4e0,2024-04-22,1,16.99,16.99,16.99
7a83f61e-41c9-4441-b70f-1ae1990db4e0,2024-04-29,1,19.2,19.2,19.2
7a83f61e-41c9-4441-b70f-1ae1990db4e0,2024-05-13,3,23,19.52,24
7a83f61e-41c9-4441-b70f-1ae1990db4e0,2024-05-20,1,15.51,15.51,15.51
7a83f61e-41c9-4441-b70f-1ae1990db4e0,2024-07-08,1,22.49,22.49,22.49
7a83f61e-41c9-4441-b70f-1ae1990db4e0,2024-07-15,1,20,20,20
7a83f61e-41c9-4441-b70f-1ae1990db4e0,2024-07-22,1,15,15,15
7a83f61e-41c9-4441-b70f-1ae1990db4e0,2024-07-29,2,16.75,15.5,18
7a83f61e-41c9-4441-b70f-1ae1990db4e0,2024-08-05,3,22.49,20,24
7a83f61e-41c9-4441-b70f-1ae1990db4e0,2024-08-12,2,26.49,24.99,28
7a83f61e-41c9-4441-b70f-1ae1990db4e0,2024-08-19,1,24,24,24
7a83f61e-41c9-4441-b70f-1ae1990db4e0,2024-08-26,1,24.99,24.99,24.99
7a83f61e-41c9-4441-b70f-1ae1990db4e0,2024-09-02,1,30,30,30
7a83f61e-41c9-4441-b70f-1ae1990db4e0,2024-09-23,5,24.49,13,30
7a83f61e-41c9-4441-b70f-1ae1990db4e0,2024-09-30,2,24.23,23.5,24.95
7a83f61e-41c9-4441-b70f-1ae1990db4e0,2024-10-14,1,20,20,20
7a83f61e-41c9-4441-b70f-1ae1990db4e0,2024-10-21,1,21,21,21
7a83f61e-41c9-4441-b70f-1ae1990db4e0,2024-10-28,1,20,20,20
7a83f61e-41c9-4441-b70f-1ae1990db4e0,2024-11-11,1,11.5,11.5,11.5
7a83f61e-41c9-4441-b70f-1ae1990db4e0,2024-12-02,1,20,20,20
7a83f61e-41c9-4441-b70f-1ae1990db4e0,2024-12-09,1,21.5,21.5,21.5
7a83f61e-41c9-4441-b70f-1ae1990db4e0,2025-01-06,2,34.75,20,49.5
7a83f61e-41c9-4441-b70f-1ae1990db4e0,2025-01-13,3,30,25,34.99
7a83f61e-41c9-4441-b70f-1ae1990db4e0,2025-02-03,2,27.23,24.46,30
7a83f61e-41c9-4441-b70f-1ae1990db4e0,2025-02-10,4,28,16.49,29.99
7a83f61e-41c9-4441-b70f-1ae1990db4e0,2025-02-17,2,29.75,19.5,40
7a83f61e-41c9-4441-b70f-1ae1990db4e0,2025-03-03,1,35.99,35.99,35.99
7a83f61e-41c9-4441-b70f-1ae1990db4e0,2025-03-10,2,29.75,23.5,35.99
7a83f61e-41c9-4441-b70f-1ae1990db4e0,2025-03-17,2,27.58,26.16,29
7a83f61e-41c9-4441-b70f-1ae1990db4e0,2025-03-31,1,29,29,29
7a83f61e-41c9-4441-b70f-1ae1990db4e0,2025-04-07,1,29.99,29.99,29.99
7a83f61e-41c9-4441-b70f-1ae1990db4e0,2025-05-19,1,25,25,25
7a83f61e-41c9-4441-b70f-1ae1990db4e0,2025-05-26,1,40,40,40
7a83f61e-41c9-4441-b70f-1ae1990db4e0,2025-06-02,2,22.73,20.5,24.95
7a83f61e-41c9-4441-b70f-1ae1990db4e0,2025-06-16,2,28,26,30
7a83f61e-41c9-4441-b70f-1ae1990db4e0,2025-06-30,4,33.98,26,39.99
7a83f61e-41c9-4441-b70f-1ae1990db4e0,2025-07-07,3,30,29.99,31.2
7a83f61e-41c9-4441-b70f-1ae1990db4e0,2025-07-28,1,26,26,26
7a83f61e-41c9-4441-b70f-1ae1990db4e0,2025-08-04,1,32.5,32.5,32.5
7a83f61e-41c9-4441-b70f-1ae1990db4e0,2025-08-11,2,27.13,26,28.27
7a83f61e-41c9-4441-b70f-1ae1990db4e0,2025-08-18,1,27,27,27
7a83f61e-41c9-4441-b70f-1ae1990db4e0,2025-08-25,3,29.99,23,29.99
7a83f61e-41c9-4441-b70f-1ae1990db4e0,2025-09-01,2,34.99,29.99,39.99
7a83f61e-41c9-4441-b70f-1ae1990db4e0,2025-09-08,1,23.5,23.5,23.5
7a83f61e-41c9-4441-b70f-1ae1990db4e0,2025-09-15,1,50,50,50
7a83f61e-41c9-4441-b70f-1ae1990db4e0,2025-09-22,3,33.99,33.95,34.99
7a83f61e-41c9-4441-b70f-1ae1990db4e0,2025-09-29,1,37.99,37.99,37.99
7a83f61e-41c9-4441-b70f-1ae1990db4e0,2025-10-06,2,33.7,32.4,35
7a83f61e-41c9-4441-b70f-1ae1990db4e0,2025-10-13,1,31.2,31.2,31.2
7a83f61e-41c9-4441-b70f-1ae1990db4e0,2025-10-20,1,22.5,22.5,22.5
7a83f61e-41c9-4441-b70f-1ae1990db4e0,2025-11-03,1,33,33,33
7a83f61e-41c9-4441-b70f-1ae1990db4e0,2025-12-01,1,30,30,30
7a83f61e-41c9-4441-b70f-1ae1990db4e0,2025-12-08,3,27,17.5,40
7a83f61e-41c9-4441-b70f-1ae1990db4e0,2025-12-15,2,28,26,30
7a83f61e-41c9-4441-b70f-1ae1990db4e0,2025-12-29,1,28,28,28
7a83f61e-41c9-4441-b70f-1ae1990db4e0,2026-01-12,1,38,38,38
7a83f61e-41c9-4441-b70f-1ae1990db4e0,2026-02-23,4,44.3,29.25,60
7a83f61e-41c9-4441-b70f-1ae1990db4e0,2026-03-23,1,31,31,31
7a83f61e-41c9-4441-b70f-1ae1990db4e0,2026-04-06,3,41.99,41.98,41.99
7a83f61e-41c9-4441-b70f-1ae1990db4e0,2026-04-13,2,31.2,30,32.4
7a83f61e-41c9-4441-b70f-1ae1990db4e0,2026-04-20,2,38.98,35,42.95
7a83f61e-41c9-4441-b70f-1ae1990db4e0,2026-04-27,3,33.15,33,40
7a83f61e-41c9-4441-b70f-1ae1990db4e0,2026-05-04,2,38.49,35,41.98
7a83f61e-41c9-4441-b70f-1ae1990db4e0,2026-05-11,1,39.99,39.99,39.99
7a83f61e-41c9-4441-b70f-1ae1990db4e0,2026-05-25,1,35,35,35
7a83f61e-41c9-4441-b70f-1ae1990db4e0,2026-06-01,1,38,38,38
7a83f61e-41c9-4441-b70f-1ae1990db4e0,2026-06-08,3,45,37.99,64.53
7a83f61e-41c9-4441-b70f-1ae1990db4e0,2026-06-15,1,31,31,31
7a83f61e-41c9-4441-b70f-1ae1990db4e0,2026-06-29,3,38,35.39,65
7a83f61e-41c9-4441-b70f-1ae1990db4e0,2026-07-06,1,45,45,45
7a83f61e-41c9-4441-b70f-1ae1990db4e0,2026-07-13,1,45,45,45
7a83f61e-41c9-4441-b70f-1ae1990db4e0,2026-07-20,2,46,43,49
7a83f61e-41c9-4441-b70f-1ae1990db4e0,2026-07-27,1,34.99,34.99,34.99
7a83f61e-41c9-4441-b70f-1ae1990db4e0,2026-08-10,1,48,48,48
7a83f61e-41c9-4441-b70f-1ae1990db4e0,2026-08-17,1,53.59,53.59,53.59
7a83f61e-41c9-4441-b70f-1ae1990db4e0,2026-08-31,1,55,55,55
7a83f61e-41c9-4441-b70f-1ae1990db4e0,2026-09-07,2,54,42.99,65
7a847a6e-688a-47fe-b90e-21dce015ee7a,2025-05-19,1,15.5,15.5,15.5
7a847a6e-688a-47fe-b90e-21dce015ee7a,2025-06-09,1,16.75,16.75,16.75
7a847a6e-688a-47fe-b90e-21dce015ee7a,2025-12-08,1,19,19,19
7a847a6e-688a-47fe-b90e-21dce015ee7a,2026-07-06,1,46.9,46.9,46.9
7a847a6e-688a-47fe-b90e-21dce015ee7a,2026-08-10,1,100,100,100
7a84b0b2-b50a-4aec-8a89-f5548a5ad7f9,2022-10-24,1,39.99,39.99,39.99
7a84b0b2-b50a-4aec-8a89-f5548a5ad7f9,2023-09-11,1,17.94,17.94,17.94
7a84b0b2-b50a-4aec-8a89-f5548a5ad7f9,2025-02-24,1,12.5,12.5,12.5
7a84b0b2-b50a-4aec-8a89-f5548a5ad7f9,2025-10-20,2,28.75,27.5,30
7a85e0da-9249-4c45-9464-c1d8f962fea4,2024-01-08,1,29.99,29.99,29.99
7a85e0da-9249-4c45-9464-c1d8f962fea4,2025-01-20,1,60,60,60
7a85e0da-9249-4c45-9464-c1d8f962fea4,2025-07-07,1,65,65,65
7a85e0da-9249-4c45-9464-c1d8f962fea4,2025-07-28,1,29.99,29.99,29.99
7a85e0da-9249-4c45-9464-c1d8f962fea4,2025-08-04,1,24.99,24.99,24.99
7a85e0da-9249-4c45-9464-c1d8f962fea4,2025-09-22,1,199.99,199.99,199.99
7a85e0da-9249-4c45-9464-c1d8f962fea4,2026-03-16,1,64.48,64.48,64.48
7a85e0da-9249-4c45-9464-c1d8f962fea4,2026-08-17,2,84.75,67.01,102.5
7a8881c3-4536-4f58-832f-19e44880dbcc,2021-05-10,1,6100,6100,6100
7a8881c3-4536-4f58-832f-19e44880dbcc,2021-07-26,1,5088.06,5088.06,5088.06
7a8881c3-4536-4f58-832f-19e44880dbcc,2021-10-18,1,4800,4800,4800
7a8881c3-4536-4f58-832f-19e44880dbcc,2022-08-15,1,5520,5520,5520
7a8881c3-4536-4f58-832f-19e44880dbcc,2023-02-13,1,6300,6300,6300
7a8881c3-4536-4f58-832f-19e44880dbcc,2023-08-14,1,3700,3700,3700
7a8881c3-4536-4f58-832f-19e44880dbcc,2023-08-28,1,3050,3050,3050
7a8881c3-4536-4f58-832f-19e44880dbcc,2023-12-25,1,3499.99,3499.99,3499.99
7a8881c3-4536-4f58-832f-19e44880dbcc,2024-02-12,1,4999,4999,4999
7a8881c3-4536-4f58-832f-19e44880dbcc,2024-06-03,1,4226,4226,4226
7a8881c3-4536-4f58-832f-19e44880dbcc,2024-08-12,1,3250,3250,3250
7a8881c3-4536-4f58-832f-19e44880dbcc,2024-08-19,1,2950,2950,2950
7a8881c3-4536-4f58-832f-19e44880dbcc,2024-09-09,1,3000,3000,3000
7a8881c3-4536-4f58-832f-19e44880dbcc,2024-09-16,1,3073,3073,3073
7a8881c3-4536-4f58-832f-19e44880dbcc,2024-10-21,1,2250,2250,2250
7a8881c3-4536-4f58-832f-19e44880dbcc,2024-12-02,1,2800,2800,2800
7a8881c3-4536-4f58-832f-19e44880dbcc,2025-01-20,1,3200,3200,3200
7a8881c3-4536-4f58-832f-19e44880dbcc,2025-02-03,3,3150,2600,3973.76
7a8881c3-4536-4f58-832f-19e44880dbcc,2025-05-26,1,4250,4250,4250
7a8881c3-4536-4f58-832f-19e44880dbcc,2025-06-30,1,4560,4560,4560
7a8881c3-4536-4f58-832f-19e44880dbcc,2025-09-01,1,3840,3840,3840
7a8881c3-4536-4f58-832f-19e44880dbcc,2025-10-13,1,6000,6000,6000
7a8881c3-4536-4f58-832f-19e44880dbcc,2025-11-03,1,3600,3600,3600
7a8881c3-4536-4f58-832f-19e44880dbcc,2025-12-29,1,8746.4,8746.4,8746.4
7a8881c3-4536-4f58-832f-19e44880dbcc,2026-03-02,2,10999.98,9000,12999.95
7a8881c3-4536-4f58-832f-19e44880dbcc,2026-03-09,1,18331,18331,18331
7a8881c3-4536-4f58-832f-19e44880dbcc,2026-03-16,2,15300,15000,15600
7a8881c3-4536-4f58-832f-19e44880dbcc,2026-04-13,1,10800,10800,10800
7a8881c3-4536-4f58-832f-19e44880dbcc,2026-04-27,1,9607.5,9607.5,9607.5
7a8881c3-4536-4f58-832f-19e44880dbcc,2026-05-11,1,10500,10500,10500
7a8881c3-4536-4f58-832f-19e44880dbcc,2026-06-01,1,9300,9300,9300
7a8881c3-4536-4f58-832f-19e44880dbcc,2026-06-08,1,10933.2,10933.2,10933.2
7a8881c3-4536-4f58-832f-19e44880dbcc,2026-06-22,1,11000,11000,11000
7a8881c3-4536-4f58-832f-19e44880dbcc,2026-07-13,2,9411.6,8700,10123.2
7a8881c3-4536-4f58-832f-19e44880dbcc,2026-08-10,1,17500,17500,17500
7a8aa88d-e8be-4b15-a4ad-217f21f89c01,2021-04-19,1,2025,2025,2025
7a8aa88d-e8be-4b15-a4ad-217f21f89c01,2024-04-08,1,2425,2425,2425
7a8aa88d-e8be-4b15-a4ad-217f21f89c01,2024-10-21,1,2699.99,2699.99,2699.99
7a8aa88d-e8be-4b15-a4ad-217f21f89c01,2024-12-30,1,2510,2510,2510
7a8aa88d-e8be-4b15-a4ad-217f21f89c01,2025-10-20,2,5950,5800,6100
7a8aa88d-e8be-4b15-a4ad-217f21f89c01,2025-12-29,1,5212,5212,5212
7a8aa88d-e8be-4b15-a4ad-217f21f89c01,2026-06-22,1,22800,22800,22800
7a8aa88d-e8be-4b15-a4ad-217f21f89c01,2026-07-06,1,21000,21000,21000
7a8aa88d-e8be-4b15-a4ad-217f21f89c01,2026-07-27,1,17400,17400,17400
7a8aa88d-e8be-4b15-a4ad-217f21f89c01,2026-08-17,1,19800,19800,19800
7a8aa88d-e8be-4b15-a4ad-217f21f89c01,2026-08-31,1,24000,24000,24000
7a90ac38-8ed1-4efc-9c65-af2bfaeeaa66,2023-11-20,1,17.46,17.46,17.46
7a90ac38-8ed1-4efc-9c65-af2bfaeeaa66,2024-01-15,1,27.84,27.84,27.84
7a90ac38-8ed1-4efc-9c65-af2bfaeeaa66,2024-08-05,1,10.99,10.99,10.99
7a91c308-8f3b-4b09-958b-9af98e5a101a,2021-05-24,1,152.5,152.5,152.5
7a91c308-8f3b-4b09-958b-9af98e5a101a,2021-06-28,1,86,86,86
7a91c308-8f3b-4b09-958b-9af98e5a101a,2021-12-13,1,167.5,167.5,167.5
7a91c308-8f3b-4b09-958b-9af98e5a101a,2021-12-27,1,89,89,89
7a91c308-8f3b-4b09-958b-9af98e5a101a,2022-03-07,1,92,92,92
7a91c308-8f3b-4b09-958b-9af98e5a101a,2022-06-06,1,80,80,80
7a91c308-8f3b-4b09-958b-9af98e5a101a,2022-06-20,1,79.58,79.58,79.58
7a91c308-8f3b-4b09-958b-9af98e5a101a,2022-12-12,1,64.99,64.99,64.99
7a91c308-8f3b-4b09-958b-9af98e5a101a,2023-01-30,1,100,100,100
7a91c308-8f3b-4b09-958b-9af98e5a101a,2023-03-13,1,100.99,100.99,100.99
7a91c308-8f3b-4b09-958b-9af98e5a101a,2023-04-17,1,86,86,86
7a91c308-8f3b-4b09-958b-9af98e5a101a,2023-04-24,1,100,100,100
7a91c308-8f3b-4b09-958b-9af98e5a101a,2023-05-29,1,64.8,64.8,64.8
7a91c308-8f3b-4b09-958b-9af98e5a101a,2023-06-05,1,46.8,46.8,46.8
7a91c308-8f3b-4b09-958b-9af98e5a101a,2023-06-12,1,37.04,37.04,37.04
7a91c308-8f3b-4b09-958b-9af98e5a101a,2023-06-19,1,62.4,62.4,62.4
7a91c308-8f3b-4b09-958b-9af98e5a101a,2023-07-31,1,64,64,64
7a91c308-8f3b-4b09-958b-9af98e5a101a,2023-08-14,1,46,46,46
7a91c308-8f3b-4b09-958b-9af98e5a101a,2023-08-28,1,57,57,57
7a91c308-8f3b-4b09-958b-9af98e5a101a,2023-09-04,1,56,56,56
7a91c308-8f3b-4b09-958b-9af98e5a101a,2023-10-16,1,33.99,33.99,33.99
7a91c308-8f3b-4b09-958b-9af98e5a101a,2023-12-11,1,55,55,55
7a91c308-8f3b-4b09-958b-9af98e5a101a,2024-01-08,2,52.5,45,60
7a91c308-8f3b-4b09-958b-9af98e5a101a,2024-01-22,1,48,48,48
7a91c308-8f3b-4b09-958b-9af98e5a101a,2024-01-29,1,39.32,39.32,39.32
7a91c308-8f3b-4b09-958b-9af98e5a101a,2024-02-19,1,50.71,50.71,50.71
7a91c308-8f3b-4b09-958b-9af98e5a101a,2024-04-01,1,45.8,45.8,45.8
7a91c308-8f3b-4b09-958b-9af98e5a101a,2024-05-20,1,75,75,75
7a91c308-8f3b-4b09-958b-9af98e5a101a,2024-07-22,1,92.44,92.44,92.44
7a91c308-8f3b-4b09-958b-9af98e5a101a,2024-08-26,1,35,35,35
7a91c308-8f3b-4b09-958b-9af98e5a101a,2024-09-23,1,38,38,38
7a91c308-8f3b-4b09-958b-9af98e5a101a,2024-11-18,1,47.99,47.99,47.99
7a91c308-8f3b-4b09-958b-9af98e5a101a,2024-11-25,1,49.99,49.99,49.99
7a91c308-8f3b-4b09-958b-9af98e5a101a,2024-12-16,1,66,66,66
7a91c308-8f3b-4b09-958b-9af98e5a101a,2025-02-17,1,79,79,79
7a91c308-8f3b-4b09-958b-9af98e5a101a,2025-03-24,1,65,65,65
7a91c308-8f3b-4b09-958b-9af98e5a101a,2025-05-05,1,60,60,60
7a91c308-8f3b-4b09-958b-9af98e5a101a,2025-06-16,1,58.8,58.8,58.8
7a91c308-8f3b-4b09-958b-9af98e5a101a,2025-08-11,1,101.3,101.3,101.3
7a91c308-8f3b-4b09-958b-9af98e5a101a,2025-09-01,1,75,75,75
7a91c308-8f3b-4b09-958b-9af98e5a101a,2025-09-15,2,80.5,80,80.99
7a91c308-8f3b-4b09-958b-9af98e5a101a,2025-09-22,1,80,80,80
7a91c308-8f3b-4b09-958b-9af98e5a101a,2025-09-29,1,69,69,69
7a91c308-8f3b-4b09-958b-9af98e5a101a,2025-10-20,1,70.99,70.99,70.99
7a91c308-8f3b-4b09-958b-9af98e5a101a,2025-11-17,2,62.25,24.5,100
7a91c308-8f3b-4b09-958b-9af98e5a101a,2025-11-24,1,85,85,85
7a91c308-8f3b-4b09-958b-9af98e5a101a,2025-12-08,5,100,95,100
7a91c308-8f3b-4b09-958b-9af98e5a101a,2025-12-29,1,85,85,85
7a91c308-8f3b-4b09-958b-9af98e5a101a,2026-02-09,1,124.99,124.99,124.99
7a91c308-8f3b-4b09-958b-9af98e5a101a,2026-02-23,1,120,120,120
7a91c308-8f3b-4b09-958b-9af98e5a101a,2026-03-09,1,123.5,123.5,123.5
7a91c308-8f3b-4b09-958b-9af98e5a101a,2026-03-23,2,153.12,152,154.23
7a91c308-8f3b-4b09-958b-9af98e5a101a,2026-05-04,3,200,150,208
7a91c308-8f3b-4b09-958b-9af98e5a101a,2026-05-11,2,200,200,200
7a91c308-8f3b-4b09-958b-9af98e5a101a,2026-05-25,2,216.5,204,229
7a91c308-8f3b-4b09-958b-9af98e5a101a,2026-06-01,3,205,186,224
7a91c308-8f3b-4b09-958b-9af98e5a101a,2026-06-08,1,182.5,182.5,182.5
7a91c308-8f3b-4b09-958b-9af98e5a101a,2026-06-22,1,187.61,187.61,187.61
7a91c308-8f3b-4b09-958b-9af98e5a101a,2026-07-06,1,162.5,162.5,162.5
7a91c308-8f3b-4b09-958b-9af98e5a101a,2026-07-13,1,140,140,140
7a91c308-8f3b-4b09-958b-9af98e5a101a,2026-07-20,1,199.99,199.99,199.99
7a91c308-8f3b-4b09-958b-9af98e5a101a,2026-08-17,2,191.25,180,202.5
7a91c308-8f3b-4b09-958b-9af98e5a101a,2026-08-24,1,200,200,200
7a92b7f0-2df1-4745-8609-a8650bfddcb4,2025-03-31,1,22.5,22.5,22.5
7a92b7f0-2df1-4745-8609-a8650bfddcb4,2025-04-14,1,10.5,10.5,10.5
7a92b7f0-2df1-4745-8609-a8650bfddcb4,2025-04-21,1,20.5,20.5,20.5
7a92b7f0-2df1-4745-8609-a8650bfddcb4,2025-04-28,3,25,25,30
7a92b7f0-2df1-4745-8609-a8650bfddcb4,2025-05-05,1,15.49,15.49,15.49
7a92b7f0-2df1-4745-8609-a8650bfddcb4,2025-05-19,2,33,26,40
7a92b7f0-2df1-4745-8609-a8650bfddcb4,2025-05-26,3,26,13.18,35
7a92b7f0-2df1-4745-8609-a8650bfddcb4,2025-06-02,1,42,42,42
7a92b7f0-2df1-4745-8609-a8650bfddcb4,2025-06-09,1,29.99,29.99,29.99
7a92b7f0-2df1-4745-8609-a8650bfddcb4,2025-10-06,2,18.89,16.28,21.5
7a92b7f0-2df1-4745-8609-a8650bfddcb4,2025-10-13,1,29,29,29
7a92b7f0-2df1-4745-8609-a8650bfddcb4,2026-01-12,2,25.49,19.99,31
7a92b7f0-2df1-4745-8609-a8650bfddcb4,2026-02-09,1,27.99,27.99,27.99
7a92b7f0-2df1-4745-8609-a8650bfddcb4,2026-02-16,1,29.99,29.99,29.99
7a92b7f0-2df1-4745-8609-a8650bfddcb4,2026-02-23,1,18,18,18
7a92b7f0-2df1-4745-8609-a8650bfddcb4,2026-03-09,1,12.52,12.52,12.52
7a92b7f0-2df1-4745-8609-a8650bfddcb4,2026-06-01,1,39.99,39.99,39.99
7a92b7f0-2df1-4745-8609-a8650bfddcb4,2026-08-03,1,31.65,31.65,31.65
7a93c676-0b43-4827-a090-8341289504c2,2026-05-11,1,57.29,57.29,57.29
7a93c676-0b43-4827-a090-8341289504c2,2026-05-18,7,46,38.88,50
7a93c676-0b43-4827-a090-8341289504c2,2026-05-25,6,48.9,43,68.79
7a93c676-0b43-4827-a090-8341289504c2,2026-06-01,11,50,36,55
7a93c676-0b43-4827-a090-8341289504c2,2026-06-08,7,59.98,32,78.2
7a93c676-0b43-4827-a090-8341289504c2,2026-06-15,16,56.02,45,63.99
7a93c676-0b43-4827-a090-8341289504c2,2026-06-22,13,53.55,32,59.45
7a93c676-0b43-4827-a090-8341289504c2,2026-06-29,16,54,40,59.94
7a93c676-0b43-4827-a090-8341289504c2,2026-07-06,11,51.19,23.5,57.85
7a93c676-0b43-4827-a090-8341289504c2,2026-07-13,14,48.55,28.8,52.04
7a93c676-0b43-4827-a090-8341289504c2,2026-07-20,15,46.51,31.99,61.77
7a93c676-0b43-4827-a090-8341289504c2,2026-07-27,15,48.09,32,53.01
7a93c676-0b43-4827-a090-8341289504c2,2026-08-03,11,44.67,41,54.24
7a93c676-0b43-4827-a090-8341289504c2,2026-08-10,11,40,18.5,46.86
7a93c676-0b43-4827-a090-8341289504c2,2026-08-17,9,45.35,29.78,51.14
7a93c676-0b43-4827-a090-8341289504c2,2026-08-24,20,45,16.5,61.34
7a93c676-0b43-4827-a090-8341289504c2,2026-08-31,12,45.51,27,50.99
7a93c676-0b43-4827-a090-8341289504c2,2026-09-07,5,40,37.2,43
7a96c288-2ca2-4da0-94f2-b6676b8c681c,2021-07-05,1,225,225,225
7a96c288-2ca2-4da0-94f2-b6676b8c681c,2021-08-02,1,120,120,120
7a96c288-2ca2-4da0-94f2-b6676b8c681c,2022-01-31,1,60.15,60.15,60.15
7a96c288-2ca2-4da0-94f2-b6676b8c681c,2022-03-21,1,74.99,74.99,74.99
7a96c288-2ca2-4da0-94f2-b6676b8c681c,2022-04-11,1,74.99,74.99,74.99
7a96c288-2ca2-4da0-94f2-b6676b8c681c,2022-05-30,1,109.5,109.5,109.5
7a96c288-2ca2-4da0-94f2-b6676b8c681c,2022-06-27,2,74.97,50,99.95
7a96c288-2ca2-4da0-94f2-b6676b8c681c,2022-08-15,1,32.4,32.4,32.4
7a96c288-2ca2-4da0-94f2-b6676b8c681c,2022-10-10,1,42,42,42
7a96c288-2ca2-4da0-94f2-b6676b8c681c,2022-11-07,1,51,51,51
7a96c288-2ca2-4da0-94f2-b6676b8c681c,2022-11-21,1,71,71,71
7a96c288-2ca2-4da0-94f2-b6676b8c681c,2022-12-26,1,69,69,69
7a96c288-2ca2-4da0-94f2-b6676b8c681c,2023-01-30,1,115,115,115
7a96c288-2ca2-4da0-94f2-b6676b8c681c,2023-02-27,1,63.59,63.59,63.59
7a96c288-2ca2-4da0-94f2-b6676b8c681c,2023-03-13,1,62.1,62.1,62.1
7a96c288-2ca2-4da0-94f2-b6676b8c681c,2023-04-17,1,57,57,57
7a96c288-2ca2-4da0-94f2-b6676b8c681c,2023-05-08,2,73,60,86
7a96c288-2ca2-4da0-94f2-b6676b8c681c,2023-06-19,3,125,102.5,152.89
7a96c288-2ca2-4da0-94f2-b6676b8c681c,2023-08-28,1,129.99,129.99,129.99
7a96c288-2ca2-4da0-94f2-b6676b8c681c,2023-09-04,1,200,200,200
7a96c288-2ca2-4da0-94f2-b6676b8c681c,2024-08-12,1,118,118,118
7a96c288-2ca2-4da0-94f2-b6676b8c681c,2024-08-26,1,88,88,88
7a96c288-2ca2-4da0-94f2-b6676b8c681c,2024-12-23,1,152.5,152.5,152.5
7a96c288-2ca2-4da0-94f2-b6676b8c681c,2025-02-10,1,125.19,125.19,125.19
7a96c288-2ca2-4da0-94f2-b6676b8c681c,2025-02-17,1,100,100,100
7a96c288-2ca2-4da0-94f2-b6676b8c681c,2025-03-24,1,159.99,159.99,159.99
7a96c288-2ca2-4da0-94f2-b6676b8c681c,2025-07-07,1,250,250,250
7a96c288-2ca2-4da0-94f2-b6676b8c681c,2025-08-25,1,230,230,230
7a96c288-2ca2-4da0-94f2-b6676b8c681c,2025-12-29,1,285,285,285
7a96c288-2ca2-4da0-94f2-b6676b8c681c,2026-02-23,1,400,400,400
7a96c288-2ca2-4da0-94f2-b6676b8c681c,2026-06-08,1,398.4,398.4,398.4
7a96c288-2ca2-4da0-94f2-b6676b8c681c,2026-07-13,1,337.2,337.2,337.2
7a995916-be47-47c9-86ee-22491a8117b1,2022-05-23,1,6600,6600,6600
7a9acbf0-eedd-4e85-b4b1-dc3f2dd94b1e,2021-06-07,1,1000,1000,1000
7a9acbf0-eedd-4e85-b4b1-dc3f2dd94b1e,2021-08-23,1,730,730,730
7a9acbf0-eedd-4e85-b4b1-dc3f2dd94b1e,2022-06-20,1,1250,1250,1250
7a9acbf0-eedd-4e85-b4b1-dc3f2dd94b1e,2022-10-03,1,510,510,510
7a9acbf0-eedd-4e85-b4b1-dc3f2dd94b1e,2024-04-08,1,356.13,356.13,356.13
7a9acbf0-eedd-4e85-b4b1-dc3f2dd94b1e,2024-06-17,1,423.6,423.6,423.6
7a9acbf0-eedd-4e85-b4b1-dc3f2dd94b1e,2025-07-21,1,900,900,900
7a9acbf0-eedd-4e85-b4b1-dc3f2dd94b1e,2025-10-20,1,855,855,855
7a9acbf0-eedd-4e85-b4b1-dc3f2dd94b1e,2026-02-23,1,3100,3100,3100
7a9acbf0-eedd-4e85-b4b1-dc3f2dd94b1e,2026-04-13,1,2550,2550,2550
7a9acbf0-eedd-4e85-b4b1-dc3f2dd94b1e,2026-07-27,1,4320,4320,4320
7a9bab30-f67b-4c1c-8b5c-dc2f302178b2,2024-12-16,1,64.99,64.99,64.99
7a9eb71b-c47b-43c2-b2b2-6c6b29929988,2021-03-01,1,60,60,60
7a9eb71b-c47b-43c2-b2b2-6c6b29929988,2021-03-08,5,73.7,69.99,73.7
7a9eb71b-c47b-43c2-b2b2-6c6b29929988,2021-04-19,1,65,65,65
7a9eb71b-c47b-43c2-b2b2-6c6b29929988,2021-10-04,1,65,65,65
7a9eb71b-c47b-43c2-b2b2-6c6b29929988,2022-01-31,1,85,85,85
7a9eb71b-c47b-43c2-b2b2-6c6b29929988,2022-02-14,1,65,65,65
7a9eb71b-c47b-43c2-b2b2-6c6b29929988,2022-02-21,1,42,42,42
7a9eb71b-c47b-43c2-b2b2-6c6b29929988,2022-07-18,1,77.9,77.9,77.9
7a9eb71b-c47b-43c2-b2b2-6c6b29929988,2022-10-10,1,77.08,77.08,77.08
7a9eb71b-c47b-43c2-b2b2-6c6b29929988,2023-02-27,1,35,35,35
7a9eb71b-c47b-43c2-b2b2-6c6b29929988,2023-05-15,1,36,36,36
7a9eb71b-c47b-43c2-b2b2-6c6b29929988,2023-05-29,1,45,45,45
7a9eb71b-c47b-43c2-b2b2-6c6b29929988,2023-09-04,1,40.8,40.8,40.8
7a9eb71b-c47b-43c2-b2b2-6c6b29929988,2023-12-25,1,38.5,38.5,38.5
7a9eb71b-c47b-43c2-b2b2-6c6b29929988,2024-01-08,1,49.99,49.99,49.99
7a9eb71b-c47b-43c2-b2b2-6c6b29929988,2024-05-20,1,56,56,56
7a9eb71b-c47b-43c2-b2b2-6c6b29929988,2024-05-27,1,31.2,31.2,31.2
7a9eb71b-c47b-43c2-b2b2-6c6b29929988,2024-08-19,1,49.99,49.99,49.99
7a9eb71b-c47b-43c2-b2b2-6c6b29929988,2024-10-07,1,50,50,50
7a9eb71b-c47b-43c2-b2b2-6c6b29929988,2024-10-14,1,40,40,40
7a9eb71b-c47b-43c2-b2b2-6c6b29929988,2025-03-03,1,50.05,50.05,50.05
7a9eb71b-c47b-43c2-b2b2-6c6b29929988,2025-10-20,1,96,96,96
7a9eb71b-c47b-43c2-b2b2-6c6b29929988,2026-01-12,1,38.55,38.55,38.55
7a9eb71b-c47b-43c2-b2b2-6c6b29929988,2026-03-09,1,56.4,56.4,56.4
7a9eb71b-c47b-43c2-b2b2-6c6b29929988,2026-03-23,1,111.6,111.6,111.6
7a9eb71b-c47b-43c2-b2b2-6c6b29929988,2026-04-06,1,189.94,189.94,189.94
7a9eb71b-c47b-43c2-b2b2-6c6b29929988,2026-04-20,1,250,250,250
7a9eb71b-c47b-43c2-b2b2-6c6b29929988,2026-05-04,2,269,250,288
7a9eb71b-c47b-43c2-b2b2-6c6b29929988,2026-06-01,1,217.5,217.5,217.5
7a9eb71b-c47b-43c2-b2b2-6c6b29929988,2026-07-06,1,225,225,225
7a9eb71b-c47b-43c2-b2b2-6c6b29929988,2026-09-07,1,255,255,255
7aa13af5-b223-4659-b9a5-3bd135e25503,2025-07-21,1,110,110,110
7aa13af5-b223-4659-b9a5-3bd135e25503,2026-06-01,1,45,45,45
7aa13af5-b223-4659-b9a5-3bd135e25503,2026-06-15,1,62,62,62
7aa13af5-b223-4659-b9a5-3bd135e25503,2026-08-17,1,80,80,80
7aa2015b-c055-4812-96db-2a12d38092b0,2021-04-26,1,254,254,254
7aa2015b-c055-4812-96db-2a12d38092b0,2021-05-24,2,192.44,182.38,202.5
7aa2015b-c055-4812-96db-2a12d38092b0,2021-07-26,1,330,330,330
7aa2015b-c055-4812-96db-2a12d38092b0,2021-11-08,2,187.5,150,224.99
7aa2015b-c055-4812-96db-2a12d38092b0,2021-11-22,1,152,152,152
7aa2015b-c055-4812-96db-2a12d38092b0,2021-12-13,1,117.5,117.5,117.5
7aa2015b-c055-4812-96db-2a12d38092b0,2022-05-09,1,175,175,175
7aa2015b-c055-4812-96db-2a12d38092b0,2022-05-23,3,170,86.4,222.5
7aa2015b-c055-4812-96db-2a12d38092b0,2022-06-20,1,157.5,157.5,157.5
7aa2015b-c055-4812-96db-2a12d38092b0,2022-06-27,1,133.02,133.02,133.02
7aa2015b-c055-4812-96db-2a12d38092b0,2022-08-22,4,165,132,369.68
7aa2015b-c055-4812-96db-2a12d38092b0,2022-09-05,1,350,350,350
7aa2015b-c055-4812-96db-2a12d38092b0,2022-09-26,1,140.08,140.08,140.08
7aa2015b-c055-4812-96db-2a12d38092b0,2022-10-17,1,182.5,182.5,182.5
7aa2015b-c055-4812-96db-2a12d38092b0,2022-12-05,1,149.99,149.99,149.99
7aa2015b-c055-4812-96db-2a12d38092b0,2023-01-23,1,232.5,232.5,232.5
7aa2015b-c055-4812-96db-2a12d38092b0,2023-02-27,2,171,162,180
7aa2015b-c055-4812-96db-2a12d38092b0,2023-05-08,1,150,150,150
7aa2015b-c055-4812-96db-2a12d38092b0,2023-05-15,1,192,192,192
7aa2015b-c055-4812-96db-2a12d38092b0,2023-06-05,1,150,150,150
7aa2015b-c055-4812-96db-2a12d38092b0,2023-07-03,1,350,350,350
7aa2015b-c055-4812-96db-2a12d38092b0,2023-07-31,2,208.75,167.5,250
7aa2015b-c055-4812-96db-2a12d38092b0,2023-11-13,1,141.5,141.5,141.5
7aa2015b-c055-4812-96db-2a12d38092b0,2023-12-04,1,135.6,135.6,135.6
7aa2015b-c055-4812-96db-2a12d38092b0,2023-12-18,1,192,192,192
7aa2015b-c055-4812-96db-2a12d38092b0,2024-01-01,1,189.44,189.44,189.44
7aa2015b-c055-4812-96db-2a12d38092b0,2024-01-08,1,242.5,242.5,242.5
7aa2015b-c055-4812-96db-2a12d38092b0,2024-01-15,1,210,210,210
7aa2015b-c055-4812-96db-2a12d38092b0,2024-01-29,1,225,225,225
7aa2015b-c055-4812-96db-2a12d38092b0,2024-04-01,2,170,154,186
7aa2015b-c055-4812-96db-2a12d38092b0,2024-05-27,1,179.96,179.96,179.96
7aa2015b-c055-4812-96db-2a12d38092b0,2024-06-17,2,155.2,110.4,200
7aa2015b-c055-4812-96db-2a12d38092b0,2024-07-08,1,150,150,150
7aa2015b-c055-4812-96db-2a12d38092b0,2024-07-22,3,150,144,150
7aa2015b-c055-4812-96db-2a12d38092b0,2024-09-23,1,156,156,156
7aa2015b-c055-4812-96db-2a12d38092b0,2024-10-28,1,114,114,114
7aa2015b-c055-4812-96db-2a12d38092b0,2024-11-11,1,190,190,190
7aa2015b-c055-4812-96db-2a12d38092b0,2024-11-25,1,157.71,157.71,157.71
7aa2015b-c055-4812-96db-2a12d38092b0,2024-12-16,1,200,200,200
7aa2015b-c055-4812-96db-2a12d38092b0,2025-01-20,1,350,350,350
7aa2015b-c055-4812-96db-2a12d38092b0,2025-02-03,2,201.4,155,247.8
7aa2015b-c055-4812-96db-2a12d38092b0,2025-03-03,1,189,189,189
7aa2015b-c055-4812-96db-2a12d38092b0,2025-03-10,1,197.79,197.79,197.79
7aa2015b-c055-4812-96db-2a12d38092b0,2025-03-24,1,174,174,174
7aa2015b-c055-4812-96db-2a12d38092b0,2025-04-07,1,336,336,336
7aa2015b-c055-4812-96db-2a12d38092b0,2025-04-14,1,272.95,272.95,272.95
7aa2015b-c055-4812-96db-2a12d38092b0,2025-04-21,1,299,299,299
7aa2015b-c055-4812-96db-2a12d38092b0,2025-05-05,1,206.24,206.24,206.24
7aa2015b-c055-4812-96db-2a12d38092b0,2025-06-09,1,232.15,232.15,232.15
7aa2015b-c055-4812-96db-2a12d38092b0,2025-08-11,1,364,364,364
7aa2015b-c055-4812-96db-2a12d38092b0,2025-09-01,1,85.2,85.2,85.2
7aa2015b-c055-4812-96db-2a12d38092b0,2025-10-27,1,399.95,399.95,399.95
7aa2015b-c055-4812-96db-2a12d38092b0,2025-11-10,2,350.5,252,449
7aa2015b-c055-4812-96db-2a12d38092b0,2026-01-19,1,437,437,437
7aa2015b-c055-4812-96db-2a12d38092b0,2026-03-16,1,1230,1230,1230
7aa2015b-c055-4812-96db-2a12d38092b0,2026-03-23,1,1200,1200,1200
7aa2015b-c055-4812-96db-2a12d38092b0,2026-04-20,1,865,865,865
7aa2015b-c055-4812-96db-2a12d38092b0,2026-04-27,1,688.79,688.79,688.79
7aa2015b-c055-4812-96db-2a12d38092b0,2026-05-04,1,810,810,810
7aa2015b-c055-4812-96db-2a12d38092b0,2026-05-11,1,562.94,562.94,562.94
7aa2015b-c055-4812-96db-2a12d38092b0,2026-06-01,2,753,606,900
7aa2015b-c055-4812-96db-2a12d38092b0,2026-06-22,1,720,720,720
7aa2015b-c055-4812-96db-2a12d38092b0,2026-07-27,1,750,750,750
7aa2015b-c055-4812-96db-2a12d38092b0,2026-08-31,1,710,710,710
7aa709f2-f4d5-434f-bc11-3ae63056eee6,2022-10-17,1,69.6,69.6,69.6
7aa709f2-f4d5-434f-bc11-3ae63056eee6,2022-11-28,1,43,43,43
7aa709f2-f4d5-434f-bc11-3ae63056eee6,2022-12-12,1,47.93,47.93,47.93
7aa709f2-f4d5-434f-bc11-3ae63056eee6,2022-12-26,1,42,42,42
7aa709f2-f4d5-434f-bc11-3ae63056eee6,2023-01-02,6,43.09,38,54
7aa709f2-f4d5-434f-bc11-3ae63056eee6,2023-01-09,1,44.95,44.95,44.95
7aa709f2-f4d5-434f-bc11-3ae63056eee6,2023-01-16,6,26.4,22.8,46
7aa709f2-f4d5-434f-bc11-3ae63056eee6,2023-01-23,4,28.49,22.72,63.98
7aa709f2-f4d5-434f-bc11-3ae63056eee6,2023-01-30,5,28,21.5,112.52
7aa709f2-f4d5-434f-bc11-3ae63056eee6,2023-02-06,3,22,21.24,25.2
7aa709f2-f4d5-434f-bc11-3ae63056eee6,2023-02-13,2,29,22,36
7aa709f2-f4d5-434f-bc11-3ae63056eee6,2023-02-20,4,28.89,24,56
7aa709f2-f4d5-434f-bc11-3ae63056eee6,2023-02-27,5,26.99,25.52,29.99
7aa709f2-f4d5-434f-bc11-3ae63056eee6,2023-03-06,2,29.25,26.5,32
7aa709f2-f4d5-434f-bc11-3ae63056eee6,2023-03-13,6,29.99,25,31.99
7aa709f2-f4d5-434f-bc11-3ae63056eee6,2023-03-20,5,34.98,27.89,36.34
7aa709f2-f4d5-434f-bc11-3ae63056eee6,2023-03-27,5,29.49,25,37
7aa709f2-f4d5-434f-bc11-3ae63056eee6,2023-04-03,1,30,30,30
7aa709f2-f4d5-434f-bc11-3ae63056eee6,2023-04-10,5,26.8,21.5,35.77
7aa709f2-f4d5-434f-bc11-3ae63056eee6,2023-04-17,2,37.78,27,48.56
7aa709f2-f4d5-434f-bc11-3ae63056eee6,2023-04-24,1,43.93,43.93,43.93
7aa709f2-f4d5-434f-bc11-3ae63056eee6,2023-05-01,5,29.95,12.5,38
7aa709f2-f4d5-434f-bc11-3ae63056eee6,2023-05-08,5,29,26,31
7aa709f2-f4d5-434f-bc11-3ae63056eee6,2023-05-15,3,29,23.05,34.99
7aa709f2-f4d5-434f-bc11-3ae63056eee6,2023-05-22,4,29.5,24.95,42
7aa709f2-f4d5-434f-bc11-3ae63056eee6,2023-05-29,6,29,24.95,37.22
7aa709f2-f4d5-434f-bc11-3ae63056eee6,2023-06-05,5,29.13,26.4,53.66
7aa709f2-f4d5-434f-bc11-3ae63056eee6,2023-06-19,2,27.25,21.5,33
7aa709f2-f4d5-434f-bc11-3ae63056eee6,2023-07-03,4,33.03,30,33.98
7aa709f2-f4d5-434f-bc11-3ae63056eee6,2023-07-10,3,30,29.49,40.59
7aa709f2-f4d5-434f-bc11-3ae63056eee6,2023-07-17,2,22.1,19.2,25
7aa709f2-f4d5-434f-bc11-3ae63056eee6,2023-07-24,4,30.49,23,32
7aa709f2-f4d5-434f-bc11-3ae63056eee6,2023-08-07,3,29.4,25.5,29.99
7aa709f2-f4d5-434f-bc11-3ae63056eee6,2023-08-14,2,28.64,28.41,28.87
7aa709f2-f4d5-434f-bc11-3ae63056eee6,2023-08-21,3,29.99,28,30
7aa709f2-f4d5-434f-bc11-3ae63056eee6,2023-08-28,2,28.27,26.55,30
7aa709f2-f4d5-434f-bc11-3ae63056eee6,2023-09-04,1,29.79,29.79,29.79
7aa709f2-f4d5-434f-bc11-3ae63056eee6,2023-09-11,6,31.5,24.79,35
7aa709f2-f4d5-434f-bc11-3ae63056eee6,2023-09-18,4,28.57,24,33
7aa709f2-f4d5-434f-bc11-3ae63056eee6,2023-09-25,2,29.91,26.83,33
7aa709f2-f4d5-434f-bc11-3ae63056eee6,2023-10-02,2,27.7,20.4,35
7aa709f2-f4d5-434f-bc11-3ae63056eee6,2023-10-16,5,13.5,10,33.26
7aa709f2-f4d5-434f-bc11-3ae63056eee6,2023-10-23,2,20.49,19.99,21
7aa709f2-f4d5-434f-bc11-3ae63056eee6,2023-10-30,4,27.24,15.5,34.99
7aa709f2-f4d5-434f-bc11-3ae63056eee6,2023-11-06,1,23,23,23
7aa709f2-f4d5-434f-bc11-3ae63056eee6,2023-11-13,4,19.41,12.5,33.24
7aa709f2-f4d5-434f-bc11-3ae63056eee6,2023-11-20,1,43.82,43.82,43.82
7aa709f2-f4d5-434f-bc11-3ae63056eee6,2023-11-27,4,34.2,29.66,39.15
7aa709f2-f4d5-434f-bc11-3ae63056eee6,2023-12-04,2,28.44,19.06,37.82
7aa709f2-f4d5-434f-bc11-3ae63056eee6,2023-12-11,5,25.99,15.5,33.24
7aa709f2-f4d5-434f-bc11-3ae63056eee6,2023-12-18,3,22.5,17.53,31.16
7aa709f2-f4d5-434f-bc11-3ae63056eee6,2023-12-25,2,34.03,30.64,37.42
7aa709f2-f4d5-434f-bc11-3ae63056eee6,2024-01-01,3,29.99,25.99,31.96
7aa709f2-f4d5-434f-bc11-3ae63056eee6,2024-01-15,2,24.32,19.99,28.66
7aa709f2-f4d5-434f-bc11-3ae63056eee6,2024-01-22,1,22.5,22.5,22.5
7aa709f2-f4d5-434f-bc11-3ae63056eee6,2024-02-05,1,39.12,39.12,39.12
7aa709f2-f4d5-434f-bc11-3ae63056eee6,2024-02-12,3,30,20.11,39.16
7aa709f2-f4d5-434f-bc11-3ae63056eee6,2024-02-19,3,24.95,20.5,39.38
7aa709f2-f4d5-434f-bc11-3ae63056eee6,2024-02-26,7,21.5,15.5,37.32
7aa709f2-f4d5-434f-bc11-3ae63056eee6,2024-03-04,8,26.36,8.5,32.42
7aa709f2-f4d5-434f-bc11-3ae63056eee6,2024-03-11,3,23.79,19.8,25.83
7aa709f2-f4d5-434f-bc11-3ae63056eee6,2024-03-18,4,28.52,19,42.38
7aa709f2-f4d5-434f-bc11-3ae63056eee6,2024-03-25,3,19.99,17.51,24
7aa709f2-f4d5-434f-bc11-3ae63056eee6,2024-04-01,2,23.23,20.4,26.06
7aa709f2-f4d5-434f-bc11-3ae63056eee6,2024-04-08,1,23.76,23.76,23.76
7aa709f2-f4d5-434f-bc11-3ae63056eee6,2024-04-22,2,32.73,23.5,41.96
7aa709f2-f4d5-434f-bc11-3ae63056eee6,2024-04-29,3,32.84,27.46,34.79
7aa709f2-f4d5-434f-bc11-3ae63056eee6,2024-05-06,5,21.04,15,30.43
7aa709f2-f4d5-434f-bc11-3ae63056eee6,2024-05-13,2,11.75,7,16.5
7aa709f2-f4d5-434f-bc11-3ae63056eee6,2024-05-20,1,20,20,20
7aa709f2-f4d5-434f-bc11-3ae63056eee6,2024-06-10,2,23.19,16.5,29.88
7aa709f2-f4d5-434f-bc11-3ae63056eee6,2024-06-17,3,20,17,25
7aa709f2-f4d5-434f-bc11-3ae63056eee6,2024-06-24,3,19,13.5,34.07
7aa709f2-f4d5-434f-bc11-3ae63056eee6,2024-07-01,1,30,30,30
7aa709f2-f4d5-434f-bc11-3ae63056eee6,2024-07-08,3,14.68,13.5,20
7aa709f2-f4d5-434f-bc11-3ae63056eee6,2024-07-15,2,23.75,19.5,28
7aa709f2-f4d5-434f-bc11-3ae63056eee6,2024-07-22,2,25.5,23,28
7aa709f2-f4d5-434f-bc11-3ae63056eee6,2024-08-05,6,22,20,29
7aa709f2-f4d5-434f-bc11-3ae63056eee6,2024-08-12,1,24,24,24
7aa709f2-f4d5-434f-bc11-3ae63056eee6,2024-08-19,4,29.78,19,32.98
7aa709f2-f4d5-434f-bc11-3ae63056eee6,2024-08-26,1,24,24,24
7aa709f2-f4d5-434f-bc11-3ae63056eee6,2024-09-02,2,23.2,20.4,26
7aa709f2-f4d5-434f-bc11-3ae63056eee6,2024-09-16,1,29.88,29.88,29.88
7aa709f2-f4d5-434f-bc11-3ae63056eee6,2024-09-23,1,29.64,29.64,29.64
7aa709f2-f4d5-434f-bc11-3ae63056eee6,2024-09-30,1,21.6,21.6,21.6
7aa709f2-f4d5-434f-bc11-3ae63056eee6,2024-10-07,1,30.59,30.59,30.59
7aa709f2-f4d5-434f-bc11-3ae63056eee6,2024-10-14,1,23,23,23
7aa709f2-f4d5-434f-bc11-3ae63056eee6,2024-10-21,3,36.34,21.13,41
7aa709f2-f4d5-434f-bc11-3ae63056eee6,2024-11-18,1,26.66,26.66,26.66
7aa709f2-f4d5-434f-bc11-3ae63056eee6,2024-11-25,3,28,25,30
7aa709f2-f4d5-434f-bc11-3ae63056eee6,2024-12-02,2,27.96,22.8,33.12
7aa709f2-f4d5-434f-bc11-3ae63056eee6,2024-12-16,2,19.25,18,20.5
7aa709f2-f4d5-434f-bc11-3ae63056eee6,2024-12-23,5,29.99,17.5,37.3
7aa709f2-f4d5-434f-bc11-3ae63056eee6,2024-12-30,3,25,14.01,26
7aa709f2-f4d5-434f-bc11-3ae63056eee6,2025-01-27,2,24.25,20.5,28
7aa709f2-f4d5-434f-bc11-3ae63056eee6,2025-02-03,2,16.49,10.5,22.49
7aa709f2-f4d5-434f-bc11-3ae63056eee6,2025-02-10,2,29.96,27.94,31.99
7aa709f2-f4d5-434f-bc11-3ae63056eee6,2025-02-17,3,25.23,13.51,27
7aa709f2-f4d5-434f-bc11-3ae63056eee6,2025-02-24,2,25.25,20.5,30
7aa709f2-f4d5-434f-bc11-3ae63056eee6,2025-03-03,1,25,25,25
7aa709f2-f4d5-434f-bc11-3ae63056eee6,2025-03-17,2,30,30,30
7aa709f2-f4d5-434f-bc11-3ae63056eee6,2025-03-24,2,31.52,28.03,35
7aa709f2-f4d5-434f-bc11-3ae63056eee6,2025-03-31,1,29.51,29.51,29.51
7aa709f2-f4d5-434f-bc11-3ae63056eee6,2025-04-07,3,32.5,28,39.99
7aa709f2-f4d5-434f-bc11-3ae63056eee6,2025-04-28,2,35.5,30,40.99
7aa709f2-f4d5-434f-bc11-3ae63056eee6,2025-05-12,2,26.74,18.5,34.98
7aa709f2-f4d5-434f-bc11-3ae63056eee6,2025-05-19,3,34.95,27,49.99
7aa709f2-f4d5-434f-bc11-3ae63056eee6,2025-05-26,1,27,27,27
7aa709f2-f4d5-434f-bc11-3ae63056eee6,2025-06-02,2,36.59,33.2,39.99
7aa709f2-f4d5-434f-bc11-3ae63056eee6,2025-06-09,1,30,30,30
7aa709f2-f4d5-434f-bc11-3ae63056eee6,2025-06-30,1,25.2,25.2,25.2
7aa709f2-f4d5-434f-bc11-3ae63056eee6,2025-07-07,6,25,21.6,35.95
7aa709f2-f4d5-434f-bc11-3ae63056eee6,2025-07-21,1,39.25,39.25,39.25
7aa709f2-f4d5-434f-bc11-3ae63056eee6,2025-07-28,1,47.45,47.45,47.45
7aa709f2-f4d5-434f-bc11-3ae63056eee6,2025-08-04,5,27.6,23,36
7aa709f2-f4d5-434f-bc11-3ae63056eee6,2025-08-18,4,29.2,25.2,45
7aa709f2-f4d5-434f-bc11-3ae63056eee6,2025-08-25,4,21.25,11,28
7aa709f2-f4d5-434f-bc11-3ae63056eee6,2025-09-01,2,32.5,30,35
7aa709f2-f4d5-434f-bc11-3ae63056eee6,2025-09-08,6,28.93,24,31
7aa709f2-f4d5-434f-bc11-3ae63056eee6,2025-09-15,1,36,36,36
7aa709f2-f4d5-434f-bc11-3ae63056eee6,2025-09-22,2,33,28,37.99
7aa709f2-f4d5-434f-bc11-3ae63056eee6,2025-09-29,4,36,32,39.99
7aa709f2-f4d5-434f-bc11-3ae63056eee6,2025-10-06,1,23.19,23.19,23.19
7aa709f2-f4d5-434f-bc11-3ae63056eee6,2025-10-20,2,23.25,21.5,25
7aa709f2-f4d5-434f-bc11-3ae63056eee6,2025-11-03,3,31,20,31
7aa709f2-f4d5-434f-bc11-3ae63056eee6,2025-11-17,1,19.5,19.5,19.5
7aa709f2-f4d5-434f-bc11-3ae63056eee6,2025-11-24,1,34.95,34.95,34.95
7aa709f2-f4d5-434f-bc11-3ae63056eee6,2025-12-01,1,39.99,39.99,39.99
7aa709f2-f4d5-434f-bc11-3ae63056eee6,2025-12-08,2,29.23,21.5,36.95
7aa709f2-f4d5-434f-bc11-3ae63056eee6,2025-12-15,4,30,28,39
7aa709f2-f4d5-434f-bc11-3ae63056eee6,2025-12-22,3,30,15.51,35
7aa709f2-f4d5-434f-bc11-3ae63056eee6,2025-12-29,1,35,35,35
7aa709f2-f4d5-434f-bc11-3ae63056eee6,2026-01-05,3,35,35,37.99
7aa709f2-f4d5-434f-bc11-3ae63056eee6,2026-01-12,3,39,30,39.97
7aa709f2-f4d5-434f-bc11-3ae63056eee6,2026-01-26,6,33.48,17.5,100
7aa709f2-f4d5-434f-bc11-3ae63056eee6,2026-02-02,9,28,19.5,35
7aa709f2-f4d5-434f-bc11-3ae63056eee6,2026-02-09,10,24,15.5,35
7aa709f2-f4d5-434f-bc11-3ae63056eee6,2026-02-16,3,33,30,35
7aa709f2-f4d5-434f-bc11-3ae63056eee6,2026-02-23,4,35,34.25,45
7aa709f2-f4d5-434f-bc11-3ae63056eee6,2026-03-02,4,35,35,43
7aa709f2-f4d5-434f-bc11-3ae63056eee6,2026-03-09,5,35.99,34.99,39
7aa709f2-f4d5-434f-bc11-3ae63056eee6,2026-03-16,5,39.2,35,50.33
7aa709f2-f4d5-434f-bc11-3ae63056eee6,2026-03-23,8,37.5,33,84
7aa709f2-f4d5-434f-bc11-3ae63056eee6,2026-03-30,6,38,34.51,42
7aa709f2-f4d5-434f-bc11-3ae63056eee6,2026-04-06,11,39,30,45
7aa709f2-f4d5-434f-bc11-3ae63056eee6,2026-04-13,8,31.5,26.5,51
7aa709f2-f4d5-434f-bc11-3ae63056eee6,2026-04-20,15,44,26,67.34
7aa709f2-f4d5-434f-bc11-3ae63056eee6,2026-04-27,3,55,45,85
7aa709f2-f4d5-434f-bc11-3ae63056eee6,2026-05-04,6,46.25,32.99,98
7aa709f2-f4d5-434f-bc11-3ae63056eee6,2026-05-11,8,53,37.2,71.9
7aa709f2-f4d5-434f-bc11-3ae63056eee6,2026-05-18,7,55,44,91
7aa709f2-f4d5-434f-bc11-3ae63056eee6,2026-05-25,11,51,41,98.89
7aa709f2-f4d5-434f-bc11-3ae63056eee6,2026-06-01,3,74.99,66,99.99
7aa709f2-f4d5-434f-bc11-3ae63056eee6,2026-06-08,7,66,43,81
7aa709f2-f4d5-434f-bc11-3ae63056eee6,2026-06-15,4,52.14,39.93,98.28
7aa709f2-f4d5-434f-bc11-3ae63056eee6,2026-06-22,4,61.84,51,79.99
7aa709f2-f4d5-434f-bc11-3ae63056eee6,2026-06-29,3,69.99,56,86.18
7aa709f2-f4d5-434f-bc11-3ae63056eee6,2026-07-06,3,55,27,58.8
7aa709f2-f4d5-434f-bc11-3ae63056eee6,2026-07-13,5,52,42,74.99
7aa709f2-f4d5-434f-bc11-3ae63056eee6,2026-07-20,6,53.3,39.6,74.99
7aa709f2-f4d5-434f-bc11-3ae63056eee6,2026-07-27,5,39,37.55,48
7aa709f2-f4d5-434f-bc11-3ae63056eee6,2026-08-03,5,42,34.2,49.99
7aa709f2-f4d5-434f-bc11-3ae63056eee6,2026-08-10,6,55,42.05,57
7aa709f2-f4d5-434f-bc11-3ae63056eee6,2026-08-17,3,51,38.13,77
7aa709f2-f4d5-434f-bc11-3ae63056eee6,2026-08-24,9,53,37.78,61
7aa709f2-f4d5-434f-bc11-3ae63056eee6,2026-08-31,13,46.56,32,54.05
7aa709f2-f4d5-434f-bc11-3ae63056eee6,2026-09-07,21,40,28.81,59
7aa709f2-f4d5-434f-bc11-3ae63056eee6,2026-09-14,3,41,25.01,50
7aa7c9a6-fe5a-4635-9a6e-a61598fc3a9c,2025-09-01,1,32,32,32
7aa7c9a6-fe5a-4635-9a6e-a61598fc3a9c,2025-10-13,1,16.99,16.99,16.99
7aa7c9a6-fe5a-4635-9a6e-a61598fc3a9c,2025-11-03,1,35.99,35.99,35.99
7aa7c9a6-fe5a-4635-9a6e-a61598fc3a9c,2025-11-24,1,27,27,27
7aa7c9a6-fe5a-4635-9a6e-a61598fc3a9c,2026-01-05,1,35,35,35
7aa7c9a6-fe5a-4635-9a6e-a61598fc3a9c,2026-01-12,1,30,30,30
7aa7c9a6-fe5a-4635-9a6e-a61598fc3a9c,2026-04-13,1,64.99,64.99,64.99
7aa7c9a6-fe5a-4635-9a6e-a61598fc3a9c,2026-05-04,1,34,34,34
7aa7c9a6-fe5a-4635-9a6e-a61598fc3a9c,2026-06-01,1,87.95,87.95,87.95
7aa7c9a6-fe5a-4635-9a6e-a61598fc3a9c,2026-07-13,1,17.5,17.5,17.5
7aa9b5e9-e604-4527-b029-a5f1b983a319,2024-10-28,1,21.5,21.5,21.5
7aa9b5e9-e604-4527-b029-a5f1b983a319,2024-11-04,1,13.05,13.05,13.05
7aa9b5e9-e604-4527-b029-a5f1b983a319,2024-11-11,2,19.5,19,20
7aa9b5e9-e604-4527-b029-a5f1b983a319,2024-11-18,2,17.75,15.5,20
7aa9b5e9-e604-4527-b029-a5f1b983a319,2024-11-25,4,18.75,13.05,23.99
7aa9b5e9-e604-4527-b029-a5f1b983a319,2024-12-09,6,13.55,13.55,17
7aa9b5e9-e604-4527-b029-a5f1b983a319,2024-12-16,2,23.75,17.5,30
7aa9b5e9-e604-4527-b029-a5f1b983a319,2024-12-23,4,20.99,20,25
7aa9b5e9-e604-4527-b029-a5f1b983a319,2024-12-30,2,14.25,8.5,20
7aa9b5e9-e604-4527-b029-a5f1b983a319,2025-01-06,1,17,17,17
7aa9b5e9-e604-4527-b029-a5f1b983a319,2025-01-20,1,25.5,25.5,25.5
7aa9b5e9-e604-4527-b029-a5f1b983a319,2025-02-24,2,21.24,17,25.49
7aa9b5e9-e604-4527-b029-a5f1b983a319,2025-03-24,1,11.05,11.05,11.05
7aa9b5e9-e604-4527-b029-a5f1b983a319,2025-05-12,1,22,22,22
7aa9b5e9-e604-4527-b029-a5f1b983a319,2025-05-19,1,15.5,15.5,15.5
7aa9b5e9-e604-4527-b029-a5f1b983a319,2025-06-09,2,22.5,20,25
7aa9b5e9-e604-4527-b029-a5f1b983a319,2025-09-08,2,18.24,17.99,18.5
7aa9b5e9-e604-4527-b029-a5f1b983a319,2025-09-22,1,16.8,16.8,16.8
7aa9b5e9-e604-4527-b029-a5f1b983a319,2025-10-27,1,25,25,25
7aa9b5e9-e604-4527-b029-a5f1b983a319,2025-11-03,1,40.49,40.49,40.49
7aa9b5e9-e604-4527-b029-a5f1b983a319,2025-11-17,1,25,25,25
7aa9b5e9-e604-4527-b029-a5f1b983a319,2026-03-16,1,18.05,18.05,18.05
7aa9b5e9-e604-4527-b029-a5f1b983a319,2026-04-20,1,60,60,60
7aa9b5e9-e604-4527-b029-a5f1b983a319,2026-05-04,1,54.95,54.95,54.95
7aa9b5e9-e604-4527-b029-a5f1b983a319,2026-05-25,1,40,40,40
7aa9b5e9-e604-4527-b029-a5f1b983a319,2026-06-15,1,40,40,40
7aa9b5e9-e604-4527-b029-a5f1b983a319,2026-08-31,1,20,20,20
7aaa0645-bbea-4ccb-8f5b-99c5b3b94454,2021-09-13,1,329.69,329.69,329.69
7aaa0645-bbea-4ccb-8f5b-99c5b3b94454,2022-04-25,1,116.28,116.28,116.28
7aaa0645-bbea-4ccb-8f5b-99c5b3b94454,2024-04-22,1,305,305,305
7aaa0645-bbea-4ccb-8f5b-99c5b3b94454,2024-07-01,1,381.52,381.52,381.52
7aaa0645-bbea-4ccb-8f5b-99c5b3b94454,2024-07-22,3,130,130,130
7aaa0645-bbea-4ccb-8f5b-99c5b3b94454,2024-08-26,1,195,195,195
7aaa0645-bbea-4ccb-8f5b-99c5b3b94454,2024-09-30,1,220,220,220
7aaa0645-bbea-4ccb-8f5b-99c5b3b94454,2024-11-18,1,197.5,197.5,197.5
7aaa0645-bbea-4ccb-8f5b-99c5b3b94454,2024-12-02,1,190,190,190
7aaa0645-bbea-4ccb-8f5b-99c5b3b94454,2025-04-21,1,250,250,250
7aaa0645-bbea-4ccb-8f5b-99c5b3b94454,2025-06-16,1,234,234,234
7aaa0645-bbea-4ccb-8f5b-99c5b3b94454,2025-07-07,1,256,256,256
7aaa0645-bbea-4ccb-8f5b-99c5b3b94454,2025-07-21,1,250,250,250
7aaa0645-bbea-4ccb-8f5b-99c5b3b94454,2025-09-08,1,255,255,255
7aaa0645-bbea-4ccb-8f5b-99c5b3b94454,2025-10-06,1,450,450,450
7aaa0645-bbea-4ccb-8f5b-99c5b3b94454,2025-11-03,1,305,305,305
7aaa0645-bbea-4ccb-8f5b-99c5b3b94454,2026-03-02,2,1037.5,1025,1050
7aaa0645-bbea-4ccb-8f5b-99c5b3b94454,2026-04-13,1,1100,1100,1100
7aaa0645-bbea-4ccb-8f5b-99c5b3b94454,2026-07-27,1,2268.88,2268.88,2268.88
7aaa0645-bbea-4ccb-8f5b-99c5b3b94454,2026-08-31,1,2880,2880,2880
7aab02aa-337a-49bc-a21e-84eb5165be9d,2021-10-18,1,64,64,64
7aab02aa-337a-49bc-a21e-84eb5165be9d,2022-05-09,1,33,33,33
7aab02aa-337a-49bc-a21e-84eb5165be9d,2022-06-06,1,29.62,29.62,29.62
7aab02aa-337a-49bc-a21e-84eb5165be9d,2022-08-22,1,31.2,31.2,31.2
7aab02aa-337a-49bc-a21e-84eb5165be9d,2022-09-19,1,44.99,44.99,44.99
7aab02aa-337a-49bc-a21e-84eb5165be9d,2022-09-26,1,116.44,116.44,116.44
7aab02aa-337a-49bc-a21e-84eb5165be9d,2022-10-31,1,40.32,40.32,40.32
7aab02aa-337a-49bc-a21e-84eb5165be9d,2022-11-14,1,48.78,48.78,48.78
7aab02aa-337a-49bc-a21e-84eb5165be9d,2023-03-20,1,50.13,50.13,50.13
7aab02aa-337a-49bc-a21e-84eb5165be9d,2023-08-07,1,57.34,57.34,57.34
7aab02aa-337a-49bc-a21e-84eb5165be9d,2023-11-27,1,31,31,31
7aab02aa-337a-49bc-a21e-84eb5165be9d,2024-03-04,1,40,40,40
7aab02aa-337a-49bc-a21e-84eb5165be9d,2024-03-25,1,38.7,38.7,38.7
7aab02aa-337a-49bc-a21e-84eb5165be9d,2024-06-17,1,43.4,43.4,43.4
7aab02aa-337a-49bc-a21e-84eb5165be9d,2024-07-01,2,64.09,49.99,78.18
7aab02aa-337a-49bc-a21e-84eb5165be9d,2024-07-08,1,51,51,51
7aab02aa-337a-49bc-a21e-84eb5165be9d,2025-06-02,1,89.99,89.99,89.99
7aab02aa-337a-49bc-a21e-84eb5165be9d,2025-09-01,1,61,61,61
7aab02aa-337a-49bc-a21e-84eb5165be9d,2025-09-15,1,55,55,55
7aab02aa-337a-49bc-a21e-84eb5165be9d,2025-10-27,1,43.2,43.2,43.2
7aab02aa-337a-49bc-a21e-84eb5165be9d,2025-11-24,2,107.74,65.48,149.99
7aab02aa-337a-49bc-a21e-84eb5165be9d,2025-12-22,1,125,125,125
7aab02aa-337a-49bc-a21e-84eb5165be9d,2026-03-23,1,150,150,150
7aab02aa-337a-49bc-a21e-84eb5165be9d,2026-05-11,1,350,350,350
7aab02aa-337a-49bc-a21e-84eb5165be9d,2026-06-15,1,429,429,429
7aab2b39-fa1d-496d-8e35-70cc8c4add29,2025-10-13,1,27,27,27
7aab2b39-fa1d-496d-8e35-70cc8c4add29,2026-02-02,1,23,23,23
7aab6922-9d2b-47b7-9da8-ffd39802e36b,2021-07-26,1,69,69,69
7aab6922-9d2b-47b7-9da8-ffd39802e36b,2022-01-17,1,51.6,51.6,51.6
7aab6922-9d2b-47b7-9da8-ffd39802e36b,2022-02-21,1,36.6,36.6,36.6
7aab6922-9d2b-47b7-9da8-ffd39802e36b,2022-04-25,1,51,51,51
7aab6922-9d2b-47b7-9da8-ffd39802e36b,2022-05-02,1,60,60,60
7aab6922-9d2b-47b7-9da8-ffd39802e36b,2023-01-23,1,39.99,39.99,39.99
7aab6922-9d2b-47b7-9da8-ffd39802e36b,2023-03-20,1,45,45,45
7aab6922-9d2b-47b7-9da8-ffd39802e36b,2023-07-31,1,48,48,48
7aab6922-9d2b-47b7-9da8-ffd39802e36b,2023-08-14,1,60.54,60.54,60.54
7aab6922-9d2b-47b7-9da8-ffd39802e36b,2023-08-28,1,76.03,76.03,76.03
7aab6922-9d2b-47b7-9da8-ffd39802e36b,2023-09-18,1,49.99,49.99,49.99
7aab6922-9d2b-47b7-9da8-ffd39802e36b,2024-01-22,1,64.99,64.99,64.99
7aab6922-9d2b-47b7-9da8-ffd39802e36b,2024-02-05,1,33,33,33
7aab6922-9d2b-47b7-9da8-ffd39802e36b,2024-04-22,1,68.53,68.53,68.53
7aab6922-9d2b-47b7-9da8-ffd39802e36b,2024-06-17,1,56.82,56.82,56.82
7aab6922-9d2b-47b7-9da8-ffd39802e36b,2024-07-08,1,50.41,50.41,50.41
7aab6922-9d2b-47b7-9da8-ffd39802e36b,2024-07-22,1,63.09,63.09,63.09
7aab6922-9d2b-47b7-9da8-ffd39802e36b,2024-09-16,2,50,40,60
7aab6922-9d2b-47b7-9da8-ffd39802e36b,2024-10-07,1,78.45,78.45,78.45
7aab6922-9d2b-47b7-9da8-ffd39802e36b,2024-11-25,1,44.55,44.55,44.55
7aab6922-9d2b-47b7-9da8-ffd39802e36b,2024-12-30,1,57,57,57
7aab6922-9d2b-47b7-9da8-ffd39802e36b,2025-06-16,1,95.79,95.79,95.79
7aab6922-9d2b-47b7-9da8-ffd39802e36b,2025-07-14,1,134.15,134.15,134.15
7aab6922-9d2b-47b7-9da8-ffd39802e36b,2025-07-21,1,73.9,73.9,73.9
7aab6922-9d2b-47b7-9da8-ffd39802e36b,2025-11-03,1,149,149,149
7aab6922-9d2b-47b7-9da8-ffd39802e36b,2026-07-27,1,152.5,152.5,152.5
7aac5d6c-edbf-46c5-9129-ba588f92c7ab,2025-12-15,1,140,140,140
7aac5d6c-edbf-46c5-9129-ba588f92c7ab,2026-02-02,1,166,166,166
7aac5d6c-edbf-46c5-9129-ba588f92c7ab,2026-02-16,1,140,140,140
7aac5d6c-edbf-46c5-9129-ba588f92c7ab,2026-03-09,1,150.69,150.69,150.69
7aac5d6c-edbf-46c5-9129-ba588f92c7ab,2026-04-13,1,112.5,112.5,112.5
7aac5d6c-edbf-46c5-9129-ba588f92c7ab,2026-06-15,1,349.99,349.99,349.99
7aac5d6c-edbf-46c5-9129-ba588f92c7ab,2026-07-20,1,300,300,300
7ab0d01d-2d3a-4fb3-ad30-aa3f725fc34d,2024-07-29,2,23.13,11.27,35
7ab0d01d-2d3a-4fb3-ad30-aa3f725fc34d,2024-10-07,1,9.5,9.5,9.5
7ab0d01d-2d3a-4fb3-ad30-aa3f725fc34d,2024-12-09,1,18,18,18
7ab0d01d-2d3a-4fb3-ad30-aa3f725fc34d,2025-02-10,1,15.5,15.5,15.5
7ab0d01d-2d3a-4fb3-ad30-aa3f725fc34d,2025-04-28,1,29.99,29.99,29.99
7ab2e82a-8f46-4a3e-a774-c0a705be493d,2024-07-08,1,23.37,23.37,23.37
7ab38fb7-9df0-45a6-a75f-3aaedd4e0eaf,2022-11-07,2,77.5,68,87
7ab38fb7-9df0-45a6-a75f-3aaedd4e0eaf,2022-12-19,1,54,54,54
7ab38fb7-9df0-45a6-a75f-3aaedd4e0eaf,2023-01-02,1,79.95,79.95,79.95
7ab38fb7-9df0-45a6-a75f-3aaedd4e0eaf,2023-01-16,1,79.95,79.95,79.95
7ab38fb7-9df0-45a6-a75f-3aaedd4e0eaf,2023-02-06,1,67.63,67.63,67.63
7ab38fb7-9df0-45a6-a75f-3aaedd4e0eaf,2023-03-06,1,41,41,41
7ab38fb7-9df0-45a6-a75f-3aaedd4e0eaf,2023-05-22,1,55,55,55
7ab38fb7-9df0-45a6-a75f-3aaedd4e0eaf,2023-05-29,2,73.08,71.21,74.95
7ab38fb7-9df0-45a6-a75f-3aaedd4e0eaf,2023-06-19,1,76.8,76.8,76.8
7ab38fb7-9df0-45a6-a75f-3aaedd4e0eaf,2023-07-10,1,67,67,67
7ab38fb7-9df0-45a6-a75f-3aaedd4e0eaf,2023-07-17,2,69.38,60,78.77
7ab38fb7-9df0-45a6-a75f-3aaedd4e0eaf,2023-07-31,1,57.4,57.4,57.4
7ab38fb7-9df0-45a6-a75f-3aaedd4e0eaf,2023-09-11,2,65.12,55.24,75
7ab38fb7-9df0-45a6-a75f-3aaedd4e0eaf,2023-10-02,1,51.6,51.6,51.6
7ab38fb7-9df0-45a6-a75f-3aaedd4e0eaf,2024-02-05,1,63.16,63.16,63.16
7ab38fb7-9df0-45a6-a75f-3aaedd4e0eaf,2024-03-04,1,100,100,100
7ab38fb7-9df0-45a6-a75f-3aaedd4e0eaf,2024-04-29,1,80.43,80.43,80.43
7ab38fb7-9df0-45a6-a75f-3aaedd4e0eaf,2024-10-28,1,64.95,64.95,64.95
7ab38fb7-9df0-45a6-a75f-3aaedd4e0eaf,2024-11-25,1,68,68,68
7ab38fb7-9df0-45a6-a75f-3aaedd4e0eaf,2025-02-17,1,66,66,66
7ab38fb7-9df0-45a6-a75f-3aaedd4e0eaf,2025-02-24,1,61,61,61
7ab38fb7-9df0-45a6-a75f-3aaedd4e0eaf,2025-05-05,1,68.99,68.99,68.99
7ab38fb7-9df0-45a6-a75f-3aaedd4e0eaf,2025-07-07,1,68.99,68.99,68.99
7ab38fb7-9df0-45a6-a75f-3aaedd4e0eaf,2025-09-01,1,99.59,99.59,99.59
7ab38fb7-9df0-45a6-a75f-3aaedd4e0eaf,2025-11-03,1,86.39,86.39,86.39
7ab38fb7-9df0-45a6-a75f-3aaedd4e0eaf,2026-01-05,1,179.99,179.99,179.99
7ab38fb7-9df0-45a6-a75f-3aaedd4e0eaf,2026-03-02,1,115,115,115
7ab38fb7-9df0-45a6-a75f-3aaedd4e0eaf,2026-04-20,1,144,144,144
7ab38fb7-9df0-45a6-a75f-3aaedd4e0eaf,2026-06-15,1,252,252,252
7ab38fb7-9df0-45a6-a75f-3aaedd4e0eaf,2026-07-06,1,202.5,202.5,202.5
7ab3b8fb-5fa2-437a-881e-c240d7d57448,2023-12-11,1,31,31,31
7ab3b8fb-5fa2-437a-881e-c240d7d57448,2024-01-01,1,38,38,38
7ab3b8fb-5fa2-437a-881e-c240d7d57448,2024-01-22,2,32.12,28,36.25
7ab3b8fb-5fa2-437a-881e-c240d7d57448,2024-01-29,1,60,60,60
7ab3b8fb-5fa2-437a-881e-c240d7d57448,2024-02-12,1,42,42,42
7ab3b8fb-5fa2-437a-881e-c240d7d57448,2024-02-19,1,41,41,41
7ab3b8fb-5fa2-437a-881e-c240d7d57448,2024-02-26,1,49.97,49.97,49.97
7ab3b8fb-5fa2-437a-881e-c240d7d57448,2024-03-11,1,42,42,42
7ab3b8fb-5fa2-437a-881e-c240d7d57448,2024-05-06,1,19.03,19.03,19.03
7ab3b8fb-5fa2-437a-881e-c240d7d57448,2024-05-27,1,54.97,54.97,54.97
7ab3b8fb-5fa2-437a-881e-c240d7d57448,2024-06-03,1,41,41,41
7ab3b8fb-5fa2-437a-881e-c240d7d57448,2024-06-10,3,45,38.16,54.97
7ab3b8fb-5fa2-437a-881e-c240d7d57448,2024-07-08,1,56,56,56
7ab3b8fb-5fa2-437a-881e-c240d7d57448,2024-07-22,2,53.34,46.74,59.95
7ab3b8fb-5fa2-437a-881e-c240d7d57448,2024-08-05,1,29,29,29
7ab3b8fb-5fa2-437a-881e-c240d7d57448,2024-08-12,1,39,39,39
7ab3b8fb-5fa2-437a-881e-c240d7d57448,2024-08-19,1,82,82,82
7ab3b8fb-5fa2-437a-881e-c240d7d57448,2024-09-09,1,27.95,27.95,27.95
7ab3b8fb-5fa2-437a-881e-c240d7d57448,2024-09-30,3,51.99,31,85
7ab3b8fb-5fa2-437a-881e-c240d7d57448,2024-10-21,1,31,31,31
7ab3b8fb-5fa2-437a-881e-c240d7d57448,2024-10-28,1,50,50,50
7ab3b8fb-5fa2-437a-881e-c240d7d57448,2024-11-04,1,52,52,52
7ab3b8fb-5fa2-437a-881e-c240d7d57448,2024-12-02,2,46,45.99,46
7ab3b8fb-5fa2-437a-881e-c240d7d57448,2024-12-16,1,40.5,40.5,40.5
7ab3b8fb-5fa2-437a-881e-c240d7d57448,2024-12-23,1,44.5,44.5,44.5
7ab3b8fb-5fa2-437a-881e-c240d7d57448,2024-12-30,2,50,49.99,50
7ab3b8fb-5fa2-437a-881e-c240d7d57448,2025-01-06,2,49.5,47,51.99
7ab3b8fb-5fa2-437a-881e-c240d7d57448,2025-01-13,3,50,42,60
7ab3b8fb-5fa2-437a-881e-c240d7d57448,2025-01-27,4,73,45,86
7ab3b8fb-5fa2-437a-881e-c240d7d57448,2025-02-10,5,74.99,69.99,80
7ab3b8fb-5fa2-437a-881e-c240d7d57448,2025-02-17,2,102.75,90,115.5
7ab3b8fb-5fa2-437a-881e-c240d7d57448,2025-02-24,1,90,90,90
7ab3b8fb-5fa2-437a-881e-c240d7d57448,2025-03-10,1,105,105,105
7ab3b8fb-5fa2-437a-881e-c240d7d57448,2025-03-24,1,74.63,74.63,74.63
7ab3b8fb-5fa2-437a-881e-c240d7d57448,2025-04-07,1,100,100,100
7ab3b8fb-5fa2-437a-881e-c240d7d57448,2025-04-14,2,95.5,95,96
7ab3b8fb-5fa2-437a-881e-c240d7d57448,2025-04-21,1,100,100,100
7ab3b8fb-5fa2-437a-881e-c240d7d57448,2025-04-28,1,80,80,80
7ab3b8fb-5fa2-437a-881e-c240d7d57448,2025-05-05,3,67,58.8,74.99
7ab3b8fb-5fa2-437a-881e-c240d7d57448,2025-05-19,2,60.2,50.4,70
7ab3b8fb-5fa2-437a-881e-c240d7d57448,2025-05-26,1,54,54,54
7ab3b8fb-5fa2-437a-881e-c240d7d57448,2025-06-02,1,80,80,80
7ab3b8fb-5fa2-437a-881e-c240d7d57448,2025-06-16,1,51,51,51
7ab3b8fb-5fa2-437a-881e-c240d7d57448,2025-06-23,2,56.5,49,64
7ab3b8fb-5fa2-437a-881e-c240d7d57448,2025-06-30,3,65,65,80
7ab3b8fb-5fa2-437a-881e-c240d7d57448,2025-07-07,2,57.7,50.4,65
7ab3b8fb-5fa2-437a-881e-c240d7d57448,2025-07-14,1,56.71,56.71,56.71
7ab3b8fb-5fa2-437a-881e-c240d7d57448,2025-07-21,1,76,76,76
7ab3b8fb-5fa2-437a-881e-c240d7d57448,2025-08-04,1,69.99,69.99,69.99
7ab3b8fb-5fa2-437a-881e-c240d7d57448,2025-08-11,2,72.47,70,74.95
7ab3b8fb-5fa2-437a-881e-c240d7d57448,2025-08-25,1,62,62,62
7ab3b8fb-5fa2-437a-881e-c240d7d57448,2025-09-01,1,80,80,80
7ab3b8fb-5fa2-437a-881e-c240d7d57448,2025-09-08,4,64,59.95,66.5
7ab3b8fb-5fa2-437a-881e-c240d7d57448,2025-09-15,4,72.5,65,79
7ab3b8fb-5fa2-437a-881e-c240d7d57448,2025-09-22,3,65,64.99,71.2
7ab3b8fb-5fa2-437a-881e-c240d7d57448,2025-09-29,2,94.47,84,104.95
7ab3b8fb-5fa2-437a-881e-c240d7d57448,2025-10-06,3,69.99,62,74.99
7ab3b8fb-5fa2-437a-881e-c240d7d57448,2025-10-13,2,72.49,64.99,79.99
7ab3b8fb-5fa2-437a-881e-c240d7d57448,2025-10-20,1,50,50,50
7ab3b8fb-5fa2-437a-881e-c240d7d57448,2025-10-27,1,63,63,63
7ab3b8fb-5fa2-437a-881e-c240d7d57448,2025-11-03,3,85,69.99,100.32
7ab3b8fb-5fa2-437a-881e-c240d7d57448,2025-12-01,3,89.99,84.99,94.99
7ab3b8fb-5fa2-437a-881e-c240d7d57448,2025-12-08,1,85,85,85
7ab3b8fb-5fa2-437a-881e-c240d7d57448,2025-12-15,1,65,65,65
7ab3b8fb-5fa2-437a-881e-c240d7d57448,2025-12-22,1,59,59,59
7ab3b8fb-5fa2-437a-881e-c240d7d57448,2026-01-05,2,95,65,125
7ab3b8fb-5fa2-437a-881e-c240d7d57448,2026-01-12,1,88.97,88.97,88.97
7ab3b8fb-5fa2-437a-881e-c240d7d57448,2026-01-19,2,115.47,110.25,120.69
7ab3b8fb-5fa2-437a-881e-c240d7d57448,2026-02-02,1,100,100,100
7ab3b8fb-5fa2-437a-881e-c240d7d57448,2026-02-09,1,114.99,114.99,114.99
7ab3b8fb-5fa2-437a-881e-c240d7d57448,2026-03-02,1,72.33,72.33,72.33
7ab3b8fb-5fa2-437a-881e-c240d7d57448,2026-03-09,1,112.97,112.97,112.97
7ab3b8fb-5fa2-437a-881e-c240d7d57448,2026-03-16,2,115,110,119.99
7ab3b8fb-5fa2-437a-881e-c240d7d57448,2026-03-23,1,130,130,130
7ab3b8fb-5fa2-437a-881e-c240d7d57448,2026-04-06,1,110,110,110
7ab3b8fb-5fa2-437a-881e-c240d7d57448,2026-04-13,1,113.99,113.99,113.99
7ab3b8fb-5fa2-437a-881e-c240d7d57448,2026-04-20,2,98,96,100
7ab3b8fb-5fa2-437a-881e-c240d7d57448,2026-04-27,2,123.97,122.95,125
7ab3b8fb-5fa2-437a-881e-c240d7d57448,2026-06-01,1,130.88,130.88,130.88
7ab3b8fb-5fa2-437a-881e-c240d7d57448,2026-06-15,2,107.5,100,115
7ab3b8fb-5fa2-437a-881e-c240d7d57448,2026-06-22,1,107.5,107.5,107.5
7ab3b8fb-5fa2-437a-881e-c240d7d57448,2026-07-06,2,126.91,126.91,126.91
7ab3b8fb-5fa2-437a-881e-c240d7d57448,2026-07-13,2,129.97,129.95,130
7ab3b8fb-5fa2-437a-881e-c240d7d57448,2026-07-27,3,120,83.75,129.99
7ab3b8fb-5fa2-437a-881e-c240d7d57448,2026-08-03,1,125,125,125
7ab3b8fb-5fa2-437a-881e-c240d7d57448,2026-08-17,2,132.5,130,135
7ab3b8fb-5fa2-437a-881e-c240d7d57448,2026-08-31,1,127.5,127.5,127.5
7ab579d6-e3ea-437b-a7a6-d054b9d15123,2021-03-29,1,81,81,81
7ab579d6-e3ea-437b-a7a6-d054b9d15123,2021-06-07,1,90,90,90
7ab579d6-e3ea-437b-a7a6-d054b9d15123,2021-09-06,1,61,61,61
7ab579d6-e3ea-437b-a7a6-d054b9d15123,2021-09-13,1,63,63,63
7ab579d6-e3ea-437b-a7a6-d054b9d15123,2021-09-27,1,53,53,53
7ab579d6-e3ea-437b-a7a6-d054b9d15123,2021-10-11,1,57,57,57
7ab579d6-e3ea-437b-a7a6-d054b9d15123,2021-11-15,1,34,34,34
7ab579d6-e3ea-437b-a7a6-d054b9d15123,2021-11-22,1,44,44,44
7ab579d6-e3ea-437b-a7a6-d054b9d15123,2021-11-29,1,43,43,43
7ab579d6-e3ea-437b-a7a6-d054b9d15123,2021-12-06,1,46,46,46
7ab579d6-e3ea-437b-a7a6-d054b9d15123,2021-12-13,2,37.5,34,41
7ab579d6-e3ea-437b-a7a6-d054b9d15123,2021-12-20,2,66.5,33,99.99
7ab579d6-e3ea-437b-a7a6-d054b9d15123,2022-01-24,1,72,72,72
7ab579d6-e3ea-437b-a7a6-d054b9d15123,2022-02-14,1,38.04,38.04,38.04
7ab579d6-e3ea-437b-a7a6-d054b9d15123,2022-03-07,1,32,32,32
7ab579d6-e3ea-437b-a7a6-d054b9d15123,2022-03-14,1,51,51,51
7ab579d6-e3ea-437b-a7a6-d054b9d15123,2022-03-21,1,31.2,31.2,31.2
7ab579d6-e3ea-437b-a7a6-d054b9d15123,2022-03-28,1,25.2,25.2,25.2
7ab579d6-e3ea-437b-a7a6-d054b9d15123,2022-04-25,1,65,65,65
7ab579d6-e3ea-437b-a7a6-d054b9d15123,2022-05-02,1,30,30,30
7ab579d6-e3ea-437b-a7a6-d054b9d15123,2022-05-16,1,38.4,38.4,38.4
7ab579d6-e3ea-437b-a7a6-d054b9d15123,2022-05-23,1,59.98,59.98,59.98
7ab579d6-e3ea-437b-a7a6-d054b9d15123,2022-07-11,1,29.99,29.99,29.99
7ab579d6-e3ea-437b-a7a6-d054b9d15123,2022-08-22,1,20.4,20.4,20.4
7ab579d6-e3ea-437b-a7a6-d054b9d15123,2022-09-19,2,55.44,31,79.88
7ab579d6-e3ea-437b-a7a6-d054b9d15123,2022-10-10,1,59.99,59.99,59.99
7ab579d6-e3ea-437b-a7a6-d054b9d15123,2022-11-28,1,25.2,25.2,25.2
7ab579d6-e3ea-437b-a7a6-d054b9d15123,2023-01-30,1,61.56,61.56,61.56
7ab579d6-e3ea-437b-a7a6-d054b9d15123,2023-02-06,1,22,22,22
7ab579d6-e3ea-437b-a7a6-d054b9d15123,2023-04-10,1,35.44,35.44,35.44
7ab579d6-e3ea-437b-a7a6-d054b9d15123,2023-05-08,1,37.41,37.41,37.41
7ab579d6-e3ea-437b-a7a6-d054b9d15123,2023-05-22,1,24.28,24.28,24.28
7ab579d6-e3ea-437b-a7a6-d054b9d15123,2023-06-19,1,34,34,34
7ab579d6-e3ea-437b-a7a6-d054b9d15123,2023-10-30,1,39.96,39.96,39.96
7ab579d6-e3ea-437b-a7a6-d054b9d15123,2024-04-01,1,27.04,27.04,27.04
7ab579d6-e3ea-437b-a7a6-d054b9d15123,2024-04-15,1,90.85,90.85,90.85
7ab579d6-e3ea-437b-a7a6-d054b9d15123,2024-04-22,1,59.99,59.99,59.99
7ab579d6-e3ea-437b-a7a6-d054b9d15123,2024-09-09,1,62.5,62.5,62.5
7ab579d6-e3ea-437b-a7a6-d054b9d15123,2024-09-16,1,41,41,41
7ab579d6-e3ea-437b-a7a6-d054b9d15123,2024-09-23,1,46,46,46
7ab579d6-e3ea-437b-a7a6-d054b9d15123,2025-04-21,1,33.02,33.02,33.02
7ab579d6-e3ea-437b-a7a6-d054b9d15123,2025-06-02,1,49.53,49.53,49.53
7ab579d6-e3ea-437b-a7a6-d054b9d15123,2025-06-23,2,30.62,29.12,32.12
7ab579d6-e3ea-437b-a7a6-d054b9d15123,2025-06-30,2,53.3,39.6,67
7ab579d6-e3ea-437b-a7a6-d054b9d15123,2025-07-07,1,62,62,62
7ab579d6-e3ea-437b-a7a6-d054b9d15123,2025-07-28,1,110,110,110
7ab579d6-e3ea-437b-a7a6-d054b9d15123,2025-09-01,2,73.59,67.2,79.99
7ab579d6-e3ea-437b-a7a6-d054b9d15123,2025-09-29,1,65,65,65
7ab579d6-e3ea-437b-a7a6-d054b9d15123,2025-10-27,1,67.69,67.69,67.69
7ab579d6-e3ea-437b-a7a6-d054b9d15123,2025-12-15,1,64.99,64.99,64.99
7ab579d6-e3ea-437b-a7a6-d054b9d15123,2025-12-22,1,85,85,85
7ab579d6-e3ea-437b-a7a6-d054b9d15123,2025-12-29,2,75,70,79.99
7ab579d6-e3ea-437b-a7a6-d054b9d15123,2026-01-05,1,55,55,55
7ab579d6-e3ea-437b-a7a6-d054b9d15123,2026-01-26,2,108.03,94.95,121.1
7ab579d6-e3ea-437b-a7a6-d054b9d15123,2026-02-16,1,79.95,79.95,79.95
7ab579d6-e3ea-437b-a7a6-d054b9d15123,2026-03-02,1,150,150,150
7ab579d6-e3ea-437b-a7a6-d054b9d15123,2026-03-30,1,179,179,179
7ab579d6-e3ea-437b-a7a6-d054b9d15123,2026-04-13,1,150,150,150
7ab579d6-e3ea-437b-a7a6-d054b9d15123,2026-05-11,2,150,147.5,152.5
7ab579d6-e3ea-437b-a7a6-d054b9d15123,2026-06-22,1,160.8,160.8,160.8
7ab579d6-e3ea-437b-a7a6-d054b9d15123,2026-08-10,1,120,120,120
7abb42f6-56c0-4b23-b2e5-9e2056ecbf8e,2023-01-09,1,132.5,132.5,132.5
7abb42f6-56c0-4b23-b2e5-9e2056ecbf8e,2023-02-20,1,52,52,52
7abb42f6-56c0-4b23-b2e5-9e2056ecbf8e,2024-04-29,1,70,70,70
7abb42f6-56c0-4b23-b2e5-9e2056ecbf8e,2025-05-05,1,162,162,162
7abb42f6-56c0-4b23-b2e5-9e2056ecbf8e,2025-06-02,1,142.5,142.5,142.5
7abb42f6-56c0-4b23-b2e5-9e2056ecbf8e,2025-07-14,1,199.95,199.95,199.95
7abb42f6-56c0-4b23-b2e5-9e2056ecbf8e,2025-09-01,1,255.99,255.99,255.99
7abb42f6-56c0-4b23-b2e5-9e2056ecbf8e,2025-10-27,1,380,380,380
7abb42f6-56c0-4b23-b2e5-9e2056ecbf8e,2026-05-18,1,761,761,761
7abb42f6-56c0-4b23-b2e5-9e2056ecbf8e,2026-07-13,1,1080,1080,1080
7abb42f6-56c0-4b23-b2e5-9e2056ecbf8e,2026-08-10,1,810,810,810
7abb42f6-56c0-4b23-b2e5-9e2056ecbf8e,2026-08-31,1,1100,1100,1100
7abb42f6-56c0-4b23-b2e5-9e2056ecbf8e,2026-09-07,1,2025,2025,2025
7abd8bb4-1b48-4125-a2e5-2b53fa0f5992,2022-01-31,1,62.11,62.11,62.11
7abd8bb4-1b48-4125-a2e5-2b53fa0f5992,2022-07-04,1,80,80,80
7abd8bb4-1b48-4125-a2e5-2b53fa0f5992,2023-05-15,1,26,26,26
7abd8bb4-1b48-4125-a2e5-2b53fa0f5992,2023-05-22,1,31,31,31
7abd8bb4-1b48-4125-a2e5-2b53fa0f5992,2024-05-27,1,45,45,45
7abd8bb4-1b48-4125-a2e5-2b53fa0f5992,2024-07-15,1,21.5,21.5,21.5
7abd8bb4-1b48-4125-a2e5-2b53fa0f5992,2024-10-14,1,40,40,40
7abdbd67-aa73-403a-b5e0-59442e3fb076,2022-05-23,1,5520,5520,5520
7abdbd67-aa73-403a-b5e0-59442e3fb076,2022-06-06,1,4800,4800,4800
7abdbd67-aa73-403a-b5e0-59442e3fb076,2023-02-20,1,8150,8150,8150
7abdbd67-aa73-403a-b5e0-59442e3fb076,2024-06-24,1,6300,6300,6300
7abf4d6c-bdc9-4c1c-9d86-cbe863d48899,2022-01-17,1,41.48,41.48,41.48
7abf4d6c-bdc9-4c1c-9d86-cbe863d48899,2022-07-04,1,40,40,40
7abf4d6c-bdc9-4c1c-9d86-cbe863d48899,2022-10-03,1,49.99,49.99,49.99
7abf4d6c-bdc9-4c1c-9d86-cbe863d48899,2023-02-13,1,36,36,36
7abf4d6c-bdc9-4c1c-9d86-cbe863d48899,2024-05-06,1,26,26,26
7abf4d6c-bdc9-4c1c-9d86-cbe863d48899,2025-06-09,1,35.47,35.47,35.47
7abf4d6c-bdc9-4c1c-9d86-cbe863d48899,2025-06-23,1,40,40,40
7abf4d6c-bdc9-4c1c-9d86-cbe863d48899,2025-08-11,1,46,46,46
7abf4d6c-bdc9-4c1c-9d86-cbe863d48899,2025-09-08,1,43.99,43.99,43.99
7abf4d6c-bdc9-4c1c-9d86-cbe863d48899,2025-12-22,1,52,52,52
7abf4d6c-bdc9-4c1c-9d86-cbe863d48899,2026-06-29,1,132.5,132.5,132.5
7abf4d6c-bdc9-4c1c-9d86-cbe863d48899,2026-07-06,1,52,52,52
7ac0ba4a-9753-412a-a0f2-d16572468549,2023-04-17,1,12.5,12.5,12.5
7ac0ba4a-9753-412a-a0f2-d16572468549,2025-07-07,1,39.97,39.97,39.97
7ac0ba4a-9753-412a-a0f2-d16572468549,2026-07-13,1,108.5,108.5,108.5
7ac102bb-e74a-47ab-924e-c7a8e23f5942,2023-02-20,1,98.4,98.4,98.4
7ac102bb-e74a-47ab-924e-c7a8e23f5942,2023-03-20,1,120.69,120.69,120.69
7ac102bb-e74a-47ab-924e-c7a8e23f5942,2023-04-17,1,200,200,200
7ac102bb-e74a-47ab-924e-c7a8e23f5942,2023-05-22,1,105.6,105.6,105.6
7ac102bb-e74a-47ab-924e-c7a8e23f5942,2023-09-25,1,179.99,179.99,179.99
7ac102bb-e74a-47ab-924e-c7a8e23f5942,2023-10-30,1,98.4,98.4,98.4
7ac102bb-e74a-47ab-924e-c7a8e23f5942,2024-03-18,1,200,200,200
7ac102bb-e74a-47ab-924e-c7a8e23f5942,2024-09-09,1,128.57,128.57,128.57
7ac102bb-e74a-47ab-924e-c7a8e23f5942,2024-12-09,1,104.57,104.57,104.57
7ac102bb-e74a-47ab-924e-c7a8e23f5942,2025-04-14,1,150,150,150
7ac102bb-e74a-47ab-924e-c7a8e23f5942,2025-07-07,1,118.5,118.5,118.5
7ac102bb-e74a-47ab-924e-c7a8e23f5942,2025-08-11,1,249.99,249.99,249.99
7ac102bb-e74a-47ab-924e-c7a8e23f5942,2025-09-01,1,266.83,266.83,266.83
7ac102bb-e74a-47ab-924e-c7a8e23f5942,2025-09-15,1,151.5,151.5,151.5
7ac102bb-e74a-47ab-924e-c7a8e23f5942,2025-10-13,1,300,300,300
7ac102bb-e74a-47ab-924e-c7a8e23f5942,2025-10-27,1,252,252,252
7ac102bb-e74a-47ab-924e-c7a8e23f5942,2026-03-16,1,405,405,405
7ac102bb-e74a-47ab-924e-c7a8e23f5942,2026-03-23,1,316,316,316
7ac102bb-e74a-47ab-924e-c7a8e23f5942,2026-04-20,1,600,600,600
7ac102bb-e74a-47ab-924e-c7a8e23f5942,2026-05-11,1,500,500,500
7ac102bb-e74a-47ab-924e-c7a8e23f5942,2026-08-10,1,600,600,600
7ac12762-af73-449f-97d7-0fbd5256fa40,2025-02-03,1,39.79,39.79,39.79
7ac12762-af73-449f-97d7-0fbd5256fa40,2025-02-10,1,15.5,15.5,15.5
7ac12762-af73-449f-97d7-0fbd5256fa40,2025-02-17,1,21.83,21.83,21.83
7ac12762-af73-449f-97d7-0fbd5256fa40,2025-02-24,1,20.5,20.5,20.5
7ac12762-af73-449f-97d7-0fbd5256fa40,2025-03-03,1,30.67,30.67,30.67
7ac12762-af73-449f-97d7-0fbd5256fa40,2025-03-10,1,21.5,21.5,21.5
7ac12762-af73-449f-97d7-0fbd5256fa40,2025-04-07,2,20.96,10.92,31
7ac12762-af73-449f-97d7-0fbd5256fa40,2025-04-14,2,23,20,26
7ac12762-af73-449f-97d7-0fbd5256fa40,2025-05-12,1,20.5,20.5,20.5
7ac12762-af73-449f-97d7-0fbd5256fa40,2025-05-19,2,17.29,15.75,18.82
7ac12762-af73-449f-97d7-0fbd5256fa40,2025-06-02,1,22.99,22.99,22.99
7ac12762-af73-449f-97d7-0fbd5256fa40,2025-06-09,1,20.5,20.5,20.5
7ac12762-af73-449f-97d7-0fbd5256fa40,2025-06-23,1,17.19,17.19,17.19
7ac12762-af73-449f-97d7-0fbd5256fa40,2025-07-28,1,20,20,20
7ac12762-af73-449f-97d7-0fbd5256fa40,2025-08-04,1,20,20,20
7ac12762-af73-449f-97d7-0fbd5256fa40,2025-08-11,1,23,23,23
7ac12762-af73-449f-97d7-0fbd5256fa40,2025-09-01,1,23.5,23.5,23.5
7ac12762-af73-449f-97d7-0fbd5256fa40,2025-09-15,1,19.19,19.19,19.19
7ac12762-af73-449f-97d7-0fbd5256fa40,2025-09-29,1,20,20,20
7ac12762-af73-449f-97d7-0fbd5256fa40,2025-10-06,1,19,19,19
7ac12762-af73-449f-97d7-0fbd5256fa40,2025-11-17,1,25,25,25
7ac12762-af73-449f-97d7-0fbd5256fa40,2025-12-01,1,10.5,10.5,10.5
7ac12762-af73-449f-97d7-0fbd5256fa40,2026-02-23,1,34.99,34.99,34.99
7ac12762-af73-449f-97d7-0fbd5256fa40,2026-04-20,2,34.56,31.19,37.94
7ac12762-af73-449f-97d7-0fbd5256fa40,2026-04-27,1,30,30,30
7ac12762-af73-449f-97d7-0fbd5256fa40,2026-06-22,1,39.99,39.99,39.99
7ac250fb-1d84-4c70-942f-31bf6c472165,2023-02-13,1,252,252,252
7ac250fb-1d84-4c70-942f-31bf6c472165,2023-11-06,1,132.5,132.5,132.5
7ac250fb-1d84-4c70-942f-31bf6c472165,2024-03-04,1,189.99,189.99,189.99
7ac250fb-1d84-4c70-942f-31bf6c472165,2025-07-07,1,51,51,51
7ac250fb-1d84-4c70-942f-31bf6c472165,2026-08-24,1,3600,3600,3600
7ac44003-416d-4fd2-9964-67845c323584,2021-12-27,1,76,76,76
7ac44003-416d-4fd2-9964-67845c323584,2022-06-20,1,56,56,56
7ac44003-416d-4fd2-9964-67845c323584,2022-12-05,1,42,42,42
7ac44003-416d-4fd2-9964-67845c323584,2022-12-12,1,37.24,37.24,37.24
7ac44003-416d-4fd2-9964-67845c323584,2022-12-26,1,42,42,42
7ac44003-416d-4fd2-9964-67845c323584,2023-01-23,2,53.5,47,60
7ac44003-416d-4fd2-9964-67845c323584,2023-02-06,2,38.4,37.2,39.6
7ac44003-416d-4fd2-9964-67845c323584,2023-05-01,2,55.69,41.99,69.39
7ac44003-416d-4fd2-9964-67845c323584,2023-05-08,1,35.69,35.69,35.69
7ac44003-416d-4fd2-9964-67845c323584,2023-06-12,1,33.61,33.61,33.61
7ac44003-416d-4fd2-9964-67845c323584,2023-07-31,1,49.99,49.99,49.99
7ac44003-416d-4fd2-9964-67845c323584,2023-08-28,2,34.2,32.38,36.02
7ac44003-416d-4fd2-9964-67845c323584,2023-09-25,1,34.01,34.01,34.01
7ac44003-416d-4fd2-9964-67845c323584,2023-10-09,2,38.5,35,42
7ac44003-416d-4fd2-9964-67845c323584,2024-02-12,1,20.5,20.5,20.5
7ac44003-416d-4fd2-9964-67845c323584,2024-03-04,1,31.72,31.72,31.72
7ac44003-416d-4fd2-9964-67845c323584,2024-03-11,1,49.96,49.96,49.96
7ac44003-416d-4fd2-9964-67845c323584,2024-04-01,1,22.5,22.5,22.5
7ac44003-416d-4fd2-9964-67845c323584,2024-05-06,1,24.4,24.4,24.4
7ac44003-416d-4fd2-9964-67845c323584,2024-07-01,1,28,28,28
7ac44003-416d-4fd2-9964-67845c323584,2024-08-12,1,49.2,49.2,49.2
7ac44003-416d-4fd2-9964-67845c323584,2024-08-26,1,25.89,25.89,25.89
7ac44003-416d-4fd2-9964-67845c323584,2024-10-07,1,23.59,23.59,23.59
7ac44003-416d-4fd2-9964-67845c323584,2024-11-11,1,24.95,24.95,24.95
7ac44003-416d-4fd2-9964-67845c323584,2025-02-10,2,36.41,32.21,40.61
7ac44003-416d-4fd2-9964-67845c323584,2025-03-10,1,28.8,28.8,28.8
7ac44003-416d-4fd2-9964-67845c323584,2025-03-17,1,38.4,38.4,38.4
7ac44003-416d-4fd2-9964-67845c323584,2025-04-21,1,30,30,30
7ac44003-416d-4fd2-9964-67845c323584,2025-04-28,1,31.2,31.2,31.2
7ac44003-416d-4fd2-9964-67845c323584,2025-06-30,1,26.5,26.5,26.5
7ac44003-416d-4fd2-9964-67845c323584,2025-08-18,1,30.99,30.99,30.99
7ac44003-416d-4fd2-9964-67845c323584,2025-09-08,1,40,40,40
7ac44003-416d-4fd2-9964-67845c323584,2025-10-06,1,42.74,42.74,42.74
7ac44003-416d-4fd2-9964-67845c323584,2026-02-09,2,55,54.99,55
7ac44003-416d-4fd2-9964-67845c323584,2026-03-02,2,58.5,50,67
7ac44003-416d-4fd2-9964-67845c323584,2026-03-09,1,60.88,60.88,60.88
7ac44003-416d-4fd2-9964-67845c323584,2026-03-16,1,87.3,87.3,87.3
7ac44003-416d-4fd2-9964-67845c323584,2026-03-23,2,90,79.99,100
7ac44003-416d-4fd2-9964-67845c323584,2026-04-06,1,119.95,119.95,119.95
7ac44003-416d-4fd2-9964-67845c323584,2026-04-13,1,150,150,150
7ac44003-416d-4fd2-9964-67845c323584,2026-04-20,1,75.2,75.2,75.2
7ac44003-416d-4fd2-9964-67845c323584,2026-05-04,1,100,100,100
7ac44003-416d-4fd2-9964-67845c323584,2026-05-18,1,130,130,130
7ac44003-416d-4fd2-9964-67845c323584,2026-05-25,1,135,135,135
7ac44003-416d-4fd2-9964-67845c323584,2026-06-01,1,104.26,104.26,104.26
7ac44003-416d-4fd2-9964-67845c323584,2026-06-22,10,302.98,180,399
7ac44003-416d-4fd2-9964-67845c323584,2026-07-06,1,299.99,299.99,299.99
7ac44003-416d-4fd2-9964-67845c323584,2026-08-17,1,186.85,186.85,186.85
7ac44003-416d-4fd2-9964-67845c323584,2026-08-24,3,150,150,150
7ac44003-416d-4fd2-9964-67845c323584,2026-08-31,2,136.8,93.6,179.99
7ac66617-726b-4710-beaf-82823ef18ce7,2026-04-06,1,100,100,100
7ac66617-726b-4710-beaf-82823ef18ce7,2026-07-27,1,79.99,79.99,79.99
7ac78eec-ecb8-4686-b366-b10f9da93453,2025-03-03,1,30,30,30
7ac78eec-ecb8-4686-b366-b10f9da93453,2025-05-05,1,23.5,23.5,23.5
7ac78eec-ecb8-4686-b366-b10f9da93453,2025-09-22,1,29.99,29.99,29.99
7ac78eec-ecb8-4686-b366-b10f9da93453,2026-05-11,1,75,75,75
7ac78eec-ecb8-4686-b366-b10f9da93453,2026-05-18,4,29,26,54.99
7ac9f222-aed7-42f0-beb1-447d8ee0d19d,2021-02-15,1,120,120,120
7ac9f222-aed7-42f0-beb1-447d8ee0d19d,2021-03-01,1,101,101,101
7ac9f222-aed7-42f0-beb1-447d8ee0d19d,2021-03-08,2,150,150,150
7ac9f222-aed7-42f0-beb1-447d8ee0d19d,2021-03-15,1,155,155,155
7ac9f222-aed7-42f0-beb1-447d8ee0d19d,2021-03-22,2,92.5,60,125
7ac9f222-aed7-42f0-beb1-447d8ee0d19d,2021-04-12,1,185,185,185
7ac9f222-aed7-42f0-beb1-447d8ee0d19d,2021-04-26,1,122.5,122.5,122.5
7ac9f222-aed7-42f0-beb1-447d8ee0d19d,2021-07-26,1,81,81,81
7ac9f222-aed7-42f0-beb1-447d8ee0d19d,2021-08-30,1,129.19,129.19,129.19
7ac9f222-aed7-42f0-beb1-447d8ee0d19d,2021-11-01,1,120,120,120
7ac9f222-aed7-42f0-beb1-447d8ee0d19d,2021-12-27,1,125,125,125
7ac9f222-aed7-42f0-beb1-447d8ee0d19d,2022-01-10,1,129.99,129.99,129.99
7ac9f222-aed7-42f0-beb1-447d8ee0d19d,2022-01-31,1,74,74,74
7ac9f222-aed7-42f0-beb1-447d8ee0d19d,2022-02-07,1,99.99,99.99,99.99
7ac9f222-aed7-42f0-beb1-447d8ee0d19d,2022-03-21,1,329.83,329.83,329.83
7ac9f222-aed7-42f0-beb1-447d8ee0d19d,2022-03-28,1,84.69,84.69,84.69
7ac9f222-aed7-42f0-beb1-447d8ee0d19d,2022-04-04,1,95,95,95
7ac9f222-aed7-42f0-beb1-447d8ee0d19d,2022-04-11,1,81,81,81
7ac9f222-aed7-42f0-beb1-447d8ee0d19d,2022-04-18,1,108.99,108.99,108.99
7ac9f222-aed7-42f0-beb1-447d8ee0d19d,2022-04-25,1,102.42,102.42,102.42
7ac9f222-aed7-42f0-beb1-447d8ee0d19d,2022-05-23,1,73,73,73
7ac9f222-aed7-42f0-beb1-447d8ee0d19d,2022-06-06,1,90,90,90
7ac9f222-aed7-42f0-beb1-447d8ee0d19d,2022-06-13,1,120,120,120
7ac9f222-aed7-42f0-beb1-447d8ee0d19d,2022-07-11,1,85,85,85
7ac9f222-aed7-42f0-beb1-447d8ee0d19d,2022-07-18,1,55,55,55
7ac9f222-aed7-42f0-beb1-447d8ee0d19d,2022-08-22,1,62.4,62.4,62.4
7ac9f222-aed7-42f0-beb1-447d8ee0d19d,2022-09-05,1,85,85,85
7ac9f222-aed7-42f0-beb1-447d8ee0d19d,2022-09-19,1,144.99,144.99,144.99
7ac9f222-aed7-42f0-beb1-447d8ee0d19d,2022-10-03,2,132.5,120,144.99
7ac9f222-aed7-42f0-beb1-447d8ee0d19d,2022-10-24,1,100,100,100
7ac9f222-aed7-42f0-beb1-447d8ee0d19d,2022-12-12,1,125,125,125
7ac9f222-aed7-42f0-beb1-447d8ee0d19d,2023-01-02,2,131,112,150
7ac9f222-aed7-42f0-beb1-447d8ee0d19d,2023-03-06,1,100,100,100
7ac9f222-aed7-42f0-beb1-447d8ee0d19d,2023-03-13,1,85,85,85
7ac9f222-aed7-42f0-beb1-447d8ee0d19d,2023-04-10,1,75,75,75
7ac9f222-aed7-42f0-beb1-447d8ee0d19d,2023-04-24,1,108.5,108.5,108.5
7ac9f222-aed7-42f0-beb1-447d8ee0d19d,2023-05-15,1,111.3,111.3,111.3
7ac9f222-aed7-42f0-beb1-447d8ee0d19d,2023-06-05,1,89.99,89.99,89.99
7ac9f222-aed7-42f0-beb1-447d8ee0d19d,2023-06-12,2,110,100,119.99
7ac9f222-aed7-42f0-beb1-447d8ee0d19d,2023-06-26,2,100,90,109.99
7ac9f222-aed7-42f0-beb1-447d8ee0d19d,2023-07-03,2,115.13,105.27,125
7ac9f222-aed7-42f0-beb1-447d8ee0d19d,2023-07-31,1,64.8,64.8,64.8
7ac9f222-aed7-42f0-beb1-447d8ee0d19d,2023-08-21,1,99,99,99
7ac9f222-aed7-42f0-beb1-447d8ee0d19d,2023-10-30,2,113.45,85,141.9
7ac9f222-aed7-42f0-beb1-447d8ee0d19d,2024-01-08,1,96,96,96
7ac9f222-aed7-42f0-beb1-447d8ee0d19d,2024-02-12,1,91,91,91
7ac9f222-aed7-42f0-beb1-447d8ee0d19d,2024-04-22,1,92,92,92
7ac9f222-aed7-42f0-beb1-447d8ee0d19d,2024-06-10,2,100,100,100
7ac9f222-aed7-42f0-beb1-447d8ee0d19d,2024-06-24,1,179.99,179.99,179.99
7ac9f222-aed7-42f0-beb1-447d8ee0d19d,2024-07-01,1,150,150,150
7ac9f222-aed7-42f0-beb1-447d8ee0d19d,2024-07-08,1,215,215,215
7ac9f222-aed7-42f0-beb1-447d8ee0d19d,2024-07-15,1,90,90,90
7ac9f222-aed7-42f0-beb1-447d8ee0d19d,2024-08-19,1,91.02,91.02,91.02
7ac9f222-aed7-42f0-beb1-447d8ee0d19d,2024-10-14,2,110.92,101.84,120
7ac9f222-aed7-42f0-beb1-447d8ee0d19d,2024-10-28,2,132.5,125,140
7ac9f222-aed7-42f0-beb1-447d8ee0d19d,2024-12-09,1,120,120,120
7ac9f222-aed7-42f0-beb1-447d8ee0d19d,2025-02-10,2,141.84,93.67,190
7ac9f222-aed7-42f0-beb1-447d8ee0d19d,2025-03-03,1,148.5,148.5,148.5
7ac9f222-aed7-42f0-beb1-447d8ee0d19d,2025-04-28,2,116.5,114.5,118.5
7ac9f222-aed7-42f0-beb1-447d8ee0d19d,2025-06-09,3,210.95,135,299.99
7ac9f222-aed7-42f0-beb1-447d8ee0d19d,2025-07-07,1,255,255,255
7ac9f222-aed7-42f0-beb1-447d8ee0d19d,2025-09-15,1,215,215,215
7ac9f222-aed7-42f0-beb1-447d8ee0d19d,2025-09-22,1,245,245,245
7ac9f222-aed7-42f0-beb1-447d8ee0d19d,2025-10-06,1,240,240,240
7ac9f222-aed7-42f0-beb1-447d8ee0d19d,2025-10-20,1,164.5,164.5,164.5
7ac9f222-aed7-42f0-beb1-447d8ee0d19d,2025-11-03,1,152.52,152.52,152.52
7ac9f222-aed7-42f0-beb1-447d8ee0d19d,2025-12-01,1,307.49,307.49,307.49
7ac9f222-aed7-42f0-beb1-447d8ee0d19d,2025-12-08,1,350,350,350
7ac9f222-aed7-42f0-beb1-447d8ee0d19d,2025-12-15,1,225,225,225
7ac9f222-aed7-42f0-beb1-447d8ee0d19d,2025-12-22,1,340,340,340
7ac9f222-aed7-42f0-beb1-447d8ee0d19d,2025-12-29,1,220,220,220
7ac9f222-aed7-42f0-beb1-447d8ee0d19d,2026-02-16,1,225.99,225.99,225.99
7ac9f222-aed7-42f0-beb1-447d8ee0d19d,2026-03-09,1,550,550,550
7ac9f222-aed7-42f0-beb1-447d8ee0d19d,2026-06-15,1,328,328,328
7ac9f222-aed7-42f0-beb1-447d8ee0d19d,2026-06-22,1,315,315,315
7ac9f222-aed7-42f0-beb1-447d8ee0d19d,2026-06-29,1,355,355,355
7ac9f222-aed7-42f0-beb1-447d8ee0d19d,2026-08-03,1,340,340,340
7ac9f222-aed7-42f0-beb1-447d8ee0d19d,2026-08-10,1,300,300,300
7acd6463-c0f3-46bc-bb7f-e59c17499c45,2024-08-05,1,24.68,24.68,24.68
7acd6463-c0f3-46bc-bb7f-e59c17499c45,2026-02-16,1,28.8,28.8,28.8
7acd6463-c0f3-46bc-bb7f-e59c17499c45,2026-04-27,1,13.51,13.51,13.51
7acf7d73-a7b5-4d26-a730-aa0cafc48d2f,2024-02-26,2,30.75,21.5,39.99
7acf7d73-a7b5-4d26-a730-aa0cafc48d2f,2024-03-04,1,26,26,26
7acf7d73-a7b5-4d26-a730-aa0cafc48d2f,2024-03-11,1,29.99,29.99,29.99
7acf7d73-a7b5-4d26-a730-aa0cafc48d2f,2024-05-06,2,33.95,33.95,33.95
7acf7d73-a7b5-4d26-a730-aa0cafc48d2f,2024-05-27,1,30,30,30
7acf7d73-a7b5-4d26-a730-aa0cafc48d2f,2024-06-10,1,27.95,27.95,27.95
7acf7d73-a7b5-4d26-a730-aa0cafc48d2f,2024-06-17,2,17,16.5,17.5
7acf7d73-a7b5-4d26-a730-aa0cafc48d2f,2024-06-24,2,17.77,16.5,19.03
7acf7d73-a7b5-4d26-a730-aa0cafc48d2f,2024-07-01,1,15.5,15.5,15.5
7acf7d73-a7b5-4d26-a730-aa0cafc48d2f,2024-07-22,1,39.99,39.99,39.99
7acf7d73-a7b5-4d26-a730-aa0cafc48d2f,2024-07-29,1,19.99,19.99,19.99
7acf7d73-a7b5-4d26-a730-aa0cafc48d2f,2024-08-05,2,26.24,22.49,29.99
7acf7d73-a7b5-4d26-a730-aa0cafc48d2f,2024-08-19,1,39.99,39.99,39.99
7acf7d73-a7b5-4d26-a730-aa0cafc48d2f,2024-08-26,1,13.5,13.5,13.5
7acf7d73-a7b5-4d26-a730-aa0cafc48d2f,2024-11-04,1,31.98,31.98,31.98
7acf7d73-a7b5-4d26-a730-aa0cafc48d2f,2024-11-11,1,16,16,16
7acf7d73-a7b5-4d26-a730-aa0cafc48d2f,2025-01-27,1,36,36,36
7acf7d73-a7b5-4d26-a730-aa0cafc48d2f,2025-02-03,3,29,28,29.99
7acf7d73-a7b5-4d26-a730-aa0cafc48d2f,2025-03-03,1,51,51,51
7acf7d73-a7b5-4d26-a730-aa0cafc48d2f,2025-04-14,1,49.99,49.99,49.99
7acf7d73-a7b5-4d26-a730-aa0cafc48d2f,2025-04-21,1,65,65,65
7acf7d73-a7b5-4d26-a730-aa0cafc48d2f,2025-07-07,1,108.82,108.82,108.82
7acf7d73-a7b5-4d26-a730-aa0cafc48d2f,2026-01-05,1,85,85,85
7acf7d73-a7b5-4d26-a730-aa0cafc48d2f,2026-02-02,1,125,125,125
7acf7d73-a7b5-4d26-a730-aa0cafc48d2f,2026-05-25,1,72.9,72.9,72.9
7acf7d73-a7b5-4d26-a730-aa0cafc48d2f,2026-06-15,1,86.4,86.4,86.4
7acf7d73-a7b5-4d26-a730-aa0cafc48d2f,2026-07-13,1,80,80,80
7acf7d73-a7b5-4d26-a730-aa0cafc48d2f,2026-08-03,1,155,155,155
7ad2bed2-845f-4fb1-9049-1db5204426d7,2021-08-02,1,350,350,350
7ad2bed2-845f-4fb1-9049-1db5204426d7,2022-10-03,1,381.88,381.88,381.88
7ad2bed2-845f-4fb1-9049-1db5204426d7,2023-05-15,1,155.82,155.82,155.82
7ad2bed2-845f-4fb1-9049-1db5204426d7,2023-11-13,1,215.37,215.37,215.37
7ad2bed2-845f-4fb1-9049-1db5204426d7,2024-10-07,1,125,125,125
7ad2bed2-845f-4fb1-9049-1db5204426d7,2025-05-26,1,175.38,175.38,175.38
7ad2bed2-845f-4fb1-9049-1db5204426d7,2025-06-23,1,227.5,227.5,227.5
7ad2bed2-845f-4fb1-9049-1db5204426d7,2026-03-23,2,960,920,1000
7ad2bed2-845f-4fb1-9049-1db5204426d7,2026-04-13,1,698,698,698
7ad2bed2-845f-4fb1-9049-1db5204426d7,2026-05-04,1,1175,1175,1175
7ad2bed2-845f-4fb1-9049-1db5204426d7,2026-05-25,1,1050,1050,1050
7ad2bed2-845f-4fb1-9049-1db5204426d7,2026-08-17,1,1080,1080,1080
7ad2bed2-845f-4fb1-9049-1db5204426d7,2026-08-31,2,1018,936,1100
7ad3da13-9797-4da2-8f28-1dfcf0d84940,2022-03-21,1,99.99,99.99,99.99
7ad3da13-9797-4da2-8f28-1dfcf0d84940,2025-02-24,1,99.99,99.99,99.99
7ad62f79-23f7-404b-babb-eba835e3c9a2,2023-05-22,2,37,27,47
7ad62f79-23f7-404b-babb-eba835e3c9a2,2023-09-04,1,36,36,36
7ad62f79-23f7-404b-babb-eba835e3c9a2,2023-09-25,1,27,27,27
7ad62f79-23f7-404b-babb-eba835e3c9a2,2023-10-02,1,21.5,21.5,21.5
7ad62f79-23f7-404b-babb-eba835e3c9a2,2023-10-09,1,27,27,27
7ad62f79-23f7-404b-babb-eba835e3c9a2,2023-11-20,1,19.38,19.38,19.38
7ad62f79-23f7-404b-babb-eba835e3c9a2,2023-12-18,1,100,100,100
7ad62f79-23f7-404b-babb-eba835e3c9a2,2024-02-05,1,25.2,25.2,25.2
7ad62f79-23f7-404b-babb-eba835e3c9a2,2025-02-10,1,39.99,39.99,39.99
7ad62f79-23f7-404b-babb-eba835e3c9a2,2026-03-09,1,69,69,69
7ad62f79-23f7-404b-babb-eba835e3c9a2,2026-08-31,1,59,59,59
7ad7514e-934c-43b1-b156-7f0b43bcbbe2,2023-06-19,1,63,63,63
7ad7514e-934c-43b1-b156-7f0b43bcbbe2,2023-06-26,1,103.49,103.49,103.49
7ad7514e-934c-43b1-b156-7f0b43bcbbe2,2023-07-03,1,103.49,103.49,103.49
7ad7514e-934c-43b1-b156-7f0b43bcbbe2,2023-07-10,1,90,90,90
7ad7514e-934c-43b1-b156-7f0b43bcbbe2,2023-07-17,1,48,48,48
7ad7514e-934c-43b1-b156-7f0b43bcbbe2,2023-07-24,2,111.32,85,137.64
7ad7514e-934c-43b1-b156-7f0b43bcbbe2,2023-07-31,1,87,87,87
7ad7514e-934c-43b1-b156-7f0b43bcbbe2,2023-08-07,1,94,94,94
7ad7514e-934c-43b1-b156-7f0b43bcbbe2,2023-08-14,1,93.99,93.99,93.99
7ad7514e-934c-43b1-b156-7f0b43bcbbe2,2023-09-04,3,72,62.4,80
7ad7514e-934c-43b1-b156-7f0b43bcbbe2,2023-09-25,1,59.17,59.17,59.17
7ad7514e-934c-43b1-b156-7f0b43bcbbe2,2023-10-09,1,79.48,79.48,79.48
7ad7514e-934c-43b1-b156-7f0b43bcbbe2,2023-10-23,3,81.9,81.46,99.99
7ad7514e-934c-43b1-b156-7f0b43bcbbe2,2023-11-06,1,59.5,59.5,59.5
7ad7514e-934c-43b1-b156-7f0b43bcbbe2,2023-11-27,2,85.55,78,93.1
7ad7514e-934c-43b1-b156-7f0b43bcbbe2,2023-12-04,1,90,90,90
7ad7514e-934c-43b1-b156-7f0b43bcbbe2,2023-12-11,1,80,80,80
7ad7514e-934c-43b1-b156-7f0b43bcbbe2,2023-12-25,1,61,61,61
7ad7514e-934c-43b1-b156-7f0b43bcbbe2,2024-01-22,2,63.62,42,85.23
7ad7514e-934c-43b1-b156-7f0b43bcbbe2,2024-01-29,1,51,51,51
7ad7514e-934c-43b1-b156-7f0b43bcbbe2,2024-02-12,1,71.88,71.88,71.88
7ad7514e-934c-43b1-b156-7f0b43bcbbe2,2024-02-19,1,40,40,40
7ad7514e-934c-43b1-b156-7f0b43bcbbe2,2024-02-26,2,64.25,61,67.49
7ad7514e-934c-43b1-b156-7f0b43bcbbe2,2024-03-04,3,70,70,106.53
7ad7514e-934c-43b1-b156-7f0b43bcbbe2,2024-03-25,2,55.62,51.24,59.99
7ad7514e-934c-43b1-b156-7f0b43bcbbe2,2024-04-01,1,87.63,87.63,87.63
7ad7514e-934c-43b1-b156-7f0b43bcbbe2,2024-04-08,1,57.2,57.2,57.2
7ad7514e-934c-43b1-b156-7f0b43bcbbe2,2024-04-29,1,49.2,49.2,49.2
7ad7514e-934c-43b1-b156-7f0b43bcbbe2,2024-05-13,1,95.24,95.24,95.24
7ad7514e-934c-43b1-b156-7f0b43bcbbe2,2024-05-20,2,99.47,63,135.95
7ad7514e-934c-43b1-b156-7f0b43bcbbe2,2024-05-27,2,70.74,66.79,74.69
7ad7514e-934c-43b1-b156-7f0b43bcbbe2,2024-06-03,1,61.01,61.01,61.01
7ad7514e-934c-43b1-b156-7f0b43bcbbe2,2024-06-24,1,61.92,61.92,61.92
7ad7514e-934c-43b1-b156-7f0b43bcbbe2,2024-07-01,2,53.25,41,65.5
7ad7514e-934c-43b1-b156-7f0b43bcbbe2,2024-07-08,1,41,41,41
7ad7514e-934c-43b1-b156-7f0b43bcbbe2,2024-07-15,1,48,48,48
7ad7514e-934c-43b1-b156-7f0b43bcbbe2,2024-07-22,4,73.99,60,77.26
7ad7514e-934c-43b1-b156-7f0b43bcbbe2,2024-08-05,2,71.66,48.98,94.33
7ad7514e-934c-43b1-b156-7f0b43bcbbe2,2024-08-12,2,55.91,52,59.83
7ad7514e-934c-43b1-b156-7f0b43bcbbe2,2024-08-19,1,65.5,65.5,65.5
7ad7514e-934c-43b1-b156-7f0b43bcbbe2,2024-09-02,1,57,57,57
7ad7514e-934c-43b1-b156-7f0b43bcbbe2,2024-09-23,2,50.74,36.5,64.99
7ad7514e-934c-43b1-b156-7f0b43bcbbe2,2024-09-30,1,64.95,64.95,64.95
7ad7514e-934c-43b1-b156-7f0b43bcbbe2,2024-10-07,1,51,51,51
7ad7514e-934c-43b1-b156-7f0b43bcbbe2,2024-10-21,3,51,51,60
7ad7514e-934c-43b1-b156-7f0b43bcbbe2,2024-10-28,2,44.44,39.88,49
7ad7514e-934c-43b1-b156-7f0b43bcbbe2,2024-11-04,1,77.82,77.82,77.82
7ad7514e-934c-43b1-b156-7f0b43bcbbe2,2024-12-02,1,75,75,75
7ad7514e-934c-43b1-b156-7f0b43bcbbe2,2024-12-09,1,49,49,49
7ad7514e-934c-43b1-b156-7f0b43bcbbe2,2024-12-16,1,66.49,66.49,66.49
7ad7514e-934c-43b1-b156-7f0b43bcbbe2,2024-12-23,3,75.41,66.89,78.62
7ad7514e-934c-43b1-b156-7f0b43bcbbe2,2024-12-30,2,56,53,59
7ad7514e-934c-43b1-b156-7f0b43bcbbe2,2025-01-13,2,51.86,46,57.73
7ad7514e-934c-43b1-b156-7f0b43bcbbe2,2025-01-20,1,69.99,69.99,69.99
7ad7514e-934c-43b1-b156-7f0b43bcbbe2,2025-02-03,2,62.31,54.64,69.99
7ad7514e-934c-43b1-b156-7f0b43bcbbe2,2025-02-10,1,98.53,98.53,98.53
7ad7514e-934c-43b1-b156-7f0b43bcbbe2,2025-02-17,1,69.48,69.48,69.48
7ad7514e-934c-43b1-b156-7f0b43bcbbe2,2025-02-24,3,69.99,66.66,81.99
7ad7514e-934c-43b1-b156-7f0b43bcbbe2,2025-03-10,2,61,59,63
7ad7514e-934c-43b1-b156-7f0b43bcbbe2,2025-03-17,3,65.95,50,98
7ad7514e-934c-43b1-b156-7f0b43bcbbe2,2025-03-24,3,75,62.51,92.04
7ad7514e-934c-43b1-b156-7f0b43bcbbe2,2025-03-31,2,57.5,54,61
7ad7514e-934c-43b1-b156-7f0b43bcbbe2,2025-04-07,1,86.87,86.87,86.87
7ad7514e-934c-43b1-b156-7f0b43bcbbe2,2025-04-14,1,76.52,76.52,76.52
7ad7514e-934c-43b1-b156-7f0b43bcbbe2,2025-04-28,1,99.99,99.99,99.99
7ad7514e-934c-43b1-b156-7f0b43bcbbe2,2025-05-05,1,110,110,110
7ad7514e-934c-43b1-b156-7f0b43bcbbe2,2025-06-02,3,77.94,77.9,95
7ad7514e-934c-43b1-b156-7f0b43bcbbe2,2025-06-16,1,70,70,70
7ad7514e-934c-43b1-b156-7f0b43bcbbe2,2025-06-23,1,63,63,63
7ad7514e-934c-43b1-b156-7f0b43bcbbe2,2025-06-30,1,60,60,60
7ad7514e-934c-43b1-b156-7f0b43bcbbe2,2025-07-07,2,47.95,46.15,49.76
7ad7514e-934c-43b1-b156-7f0b43bcbbe2,2025-07-14,3,82.5,64.94,98
7ad7514e-934c-43b1-b156-7f0b43bcbbe2,2025-07-21,1,94.56,94.56,94.56
7ad7514e-934c-43b1-b156-7f0b43bcbbe2,2025-08-04,1,87.04,87.04,87.04
7ad7514e-934c-43b1-b156-7f0b43bcbbe2,2025-08-11,2,92.5,88,97
7ad7514e-934c-43b1-b156-7f0b43bcbbe2,2025-08-18,1,79,79,79
7ad7514e-934c-43b1-b156-7f0b43bcbbe2,2025-08-25,1,75,75,75
7ad7514e-934c-43b1-b156-7f0b43bcbbe2,2025-09-01,1,94.95,94.95,94.95
7ad7514e-934c-43b1-b156-7f0b43bcbbe2,2025-09-08,1,66,66,66
7ad7514e-934c-43b1-b156-7f0b43bcbbe2,2025-09-22,2,95.49,86,104.98
7ad7514e-934c-43b1-b156-7f0b43bcbbe2,2025-09-29,1,90,90,90
7ad7514e-934c-43b1-b156-7f0b43bcbbe2,2025-10-06,4,95,82.49,103.5
7ad7514e-934c-43b1-b156-7f0b43bcbbe2,2025-10-13,1,88.58,88.58,88.58
7ad7514e-934c-43b1-b156-7f0b43bcbbe2,2025-10-20,1,105.81,105.81,105.81
7ad7514e-934c-43b1-b156-7f0b43bcbbe2,2025-11-03,1,153.62,153.62,153.62
7ad7514e-934c-43b1-b156-7f0b43bcbbe2,2025-12-08,2,94.34,88.67,100
7ad7514e-934c-43b1-b156-7f0b43bcbbe2,2025-12-15,2,84.5,81,88
7ad7514e-934c-43b1-b156-7f0b43bcbbe2,2025-12-22,1,80,80,80
7ad7514e-934c-43b1-b156-7f0b43bcbbe2,2025-12-29,5,82,80,117.18
7ad7514e-934c-43b1-b156-7f0b43bcbbe2,2026-01-05,2,99.43,88.91,109.95
7ad7514e-934c-43b1-b156-7f0b43bcbbe2,2026-01-19,1,66,66,66
7ad7514e-934c-43b1-b156-7f0b43bcbbe2,2026-02-02,1,120,120,120
7ad7514e-934c-43b1-b156-7f0b43bcbbe2,2026-02-09,1,88,88,88
7ad7514e-934c-43b1-b156-7f0b43bcbbe2,2026-02-16,2,101.95,95.9,108
7ad7514e-934c-43b1-b156-7f0b43bcbbe2,2026-03-02,2,88,61,115
7ad7514e-934c-43b1-b156-7f0b43bcbbe2,2026-03-23,1,119.99,119.99,119.99
7ad7514e-934c-43b1-b156-7f0b43bcbbe2,2026-04-06,2,90,80,100
7ad7514e-934c-43b1-b156-7f0b43bcbbe2,2026-04-13,2,121.25,119.99,122.5
7ad7514e-934c-43b1-b156-7f0b43bcbbe2,2026-04-20,2,115,110,120
7ad7514e-934c-43b1-b156-7f0b43bcbbe2,2026-04-27,3,114,90,119
7ad7514e-934c-43b1-b156-7f0b43bcbbe2,2026-05-04,3,125,123.5,129.11
7ad7514e-934c-43b1-b156-7f0b43bcbbe2,2026-05-11,3,133.11,131.51,140
7ad7514e-934c-43b1-b156-7f0b43bcbbe2,2026-05-25,2,125.75,122,129.5
7ad7514e-934c-43b1-b156-7f0b43bcbbe2,2026-06-08,2,132.78,95.57,170
7ad7514e-934c-43b1-b156-7f0b43bcbbe2,2026-06-15,2,115,100,130
7ad7514e-934c-43b1-b156-7f0b43bcbbe2,2026-06-22,1,116.4,116.4,116.4
7ad7514e-934c-43b1-b156-7f0b43bcbbe2,2026-06-29,1,139.99,139.99,139.99
7ad7514e-934c-43b1-b156-7f0b43bcbbe2,2026-07-06,1,150,150,150
7ad7514e-934c-43b1-b156-7f0b43bcbbe2,2026-07-13,1,120,120,120
7ad7514e-934c-43b1-b156-7f0b43bcbbe2,2026-07-27,1,135,135,135
7ad7514e-934c-43b1-b156-7f0b43bcbbe2,2026-08-03,2,114.21,86.4,142.02
7ad7514e-934c-43b1-b156-7f0b43bcbbe2,2026-08-31,2,90,86.4,93.6
7ad7514e-934c-43b1-b156-7f0b43bcbbe2,2026-09-07,1,130,130,130
7ad83d2f-41c5-4b4c-b0d8-4870b406b9ca,2021-03-29,1,129.72,129.72,129.72
7ad83d2f-41c5-4b4c-b0d8-4870b406b9ca,2021-04-05,1,131.16,131.16,131.16
7ad83d2f-41c5-4b4c-b0d8-4870b406b9ca,2021-09-13,1,150,150,150
7ad83d2f-41c5-4b4c-b0d8-4870b406b9ca,2021-12-06,1,200,200,200
7ad83d2f-41c5-4b4c-b0d8-4870b406b9ca,2022-02-28,1,71.02,71.02,71.02
7ad83d2f-41c5-4b4c-b0d8-4870b406b9ca,2022-10-31,1,85,85,85
7ad83d2f-41c5-4b4c-b0d8-4870b406b9ca,2023-01-09,1,86,86,86
7ad83d2f-41c5-4b4c-b0d8-4870b406b9ca,2023-05-29,1,32,32,32
7ad83d2f-41c5-4b4c-b0d8-4870b406b9ca,2023-06-12,1,26,26,26
7ad83d2f-41c5-4b4c-b0d8-4870b406b9ca,2024-09-09,1,70,70,70
7ad83d2f-41c5-4b4c-b0d8-4870b406b9ca,2024-11-18,1,59,59,59
7ad83d2f-41c5-4b4c-b0d8-4870b406b9ca,2024-12-09,1,52,52,52
7ad83d2f-41c5-4b4c-b0d8-4870b406b9ca,2025-01-13,1,95,95,95
7ad83d2f-41c5-4b4c-b0d8-4870b406b9ca,2025-03-03,1,110,110,110
7ad83d2f-41c5-4b4c-b0d8-4870b406b9ca,2025-04-28,1,300,300,300
7ad83d2f-41c5-4b4c-b0d8-4870b406b9ca,2025-07-07,2,241.36,182.72,300
7ad83d2f-41c5-4b4c-b0d8-4870b406b9ca,2025-10-20,1,250.07,250.07,250.07
7ad83d2f-41c5-4b4c-b0d8-4870b406b9ca,2025-10-27,1,200,200,200
7ad83d2f-41c5-4b4c-b0d8-4870b406b9ca,2025-11-24,1,121.2,121.2,121.2
7ad83d2f-41c5-4b4c-b0d8-4870b406b9ca,2025-12-01,1,200,200,200
7ad83d2f-41c5-4b4c-b0d8-4870b406b9ca,2026-01-19,2,210.74,210,211.47
7ad83d2f-41c5-4b4c-b0d8-4870b406b9ca,2026-02-09,1,326,326,326
7ad83d2f-41c5-4b4c-b0d8-4870b406b9ca,2026-02-16,1,370,370,370
7ad83d2f-41c5-4b4c-b0d8-4870b406b9ca,2026-03-09,3,410,400,499.99
7ad83d2f-41c5-4b4c-b0d8-4870b406b9ca,2026-05-25,1,1500,1500,1500
7ad83d2f-41c5-4b4c-b0d8-4870b406b9ca,2026-06-01,1,1500,1500,1500
7ad83d2f-41c5-4b4c-b0d8-4870b406b9ca,2026-06-15,2,1212.5,1100,1325
7ad83d2f-41c5-4b4c-b0d8-4870b406b9ca,2026-07-20,1,1200,1200,1200
7ad83d2f-41c5-4b4c-b0d8-4870b406b9ca,2026-08-03,1,1375,1375,1375
7ad83d2f-41c5-4b4c-b0d8-4870b406b9ca,2026-08-17,1,976.75,976.75,976.75
7ad8d5ba-6332-48eb-bd2c-329f5b33f426,2026-02-23,1,39.99,39.99,39.99
7ada3605-8dd0-4c86-b553-f2c3ff8183b5,2021-04-26,1,61,61,61
7ada3605-8dd0-4c86-b553-f2c3ff8183b5,2022-07-04,1,39.95,39.95,39.95
7ada3605-8dd0-4c86-b553-f2c3ff8183b5,2022-07-25,2,39.95,39.95,39.95
7ada3605-8dd0-4c86-b553-f2c3ff8183b5,2023-07-31,1,100,100,100
7ada3605-8dd0-4c86-b553-f2c3ff8183b5,2024-10-07,1,79.99,79.99,79.99
7ada3605-8dd0-4c86-b553-f2c3ff8183b5,2024-11-18,1,65,65,65
7ada3605-8dd0-4c86-b553-f2c3ff8183b5,2025-01-06,1,61,61,61
7ada3605-8dd0-4c86-b553-f2c3ff8183b5,2026-06-15,1,285,285,285
7ada8a40-de33-49de-a194-4f7664367afd,2022-09-12,1,15.38,15.38,15.38
7adb3791-f3db-4293-9811-128c68750506,2021-05-31,1,770,770,770
7adb3791-f3db-4293-9811-128c68750506,2021-06-07,1,570,570,570
7adb3791-f3db-4293-9811-128c68750506,2021-09-13,1,474,474,474
7adb3791-f3db-4293-9811-128c68750506,2022-06-06,1,700,700,700
7adb3791-f3db-4293-9811-128c68750506,2022-06-27,1,800,800,800
7adb3791-f3db-4293-9811-128c68750506,2022-08-01,1,870,870,870
7adb3791-f3db-4293-9811-128c68750506,2022-08-29,1,600,600,600
7adb3791-f3db-4293-9811-128c68750506,2022-10-10,1,1299.9,1299.9,1299.9
7adb3791-f3db-4293-9811-128c68750506,2022-10-24,1,870,870,870
7adb3791-f3db-4293-9811-128c68750506,2022-11-14,1,1000,1000,1000
7adb3791-f3db-4293-9811-128c68750506,2022-11-28,2,1091.05,1020,1162.1
7adb3791-f3db-4293-9811-128c68750506,2023-01-02,1,1000,1000,1000
7adb3791-f3db-4293-9811-128c68750506,2023-01-30,1,968.56,968.56,968.56
7adb3791-f3db-4293-9811-128c68750506,2023-02-20,1,1150,1150,1150
7adb3791-f3db-4293-9811-128c68750506,2023-03-27,1,1000,1000,1000
7adb3791-f3db-4293-9811-128c68750506,2023-04-24,1,1333.76,1333.76,1333.76
7adb3791-f3db-4293-9811-128c68750506,2023-06-05,1,925,925,925
7adb3791-f3db-4293-9811-128c68750506,2023-06-26,1,1000,1000,1000
7adb3791-f3db-4293-9811-128c68750506,2023-07-17,1,990,990,990
7adb3791-f3db-4293-9811-128c68750506,2023-09-11,1,817.2,817.2,817.2
7adb3791-f3db-4293-9811-128c68750506,2023-10-30,1,660,660,660
7adb3791-f3db-4293-9811-128c68750506,2023-11-20,2,765,750,780
7adb3791-f3db-4293-9811-128c68750506,2024-01-29,1,850,850,850
7adb3791-f3db-4293-9811-128c68750506,2024-02-19,1,690,690,690
7adb3791-f3db-4293-9811-128c68750506,2024-02-26,2,840,830,850
7adb3791-f3db-4293-9811-128c68750506,2024-04-22,1,800,800,800
7adb3791-f3db-4293-9811-128c68750506,2024-05-20,1,750,750,750
7adb3791-f3db-4293-9811-128c68750506,2024-06-03,1,750,750,750
7adb3791-f3db-4293-9811-128c68750506,2024-07-08,1,720,720,720
7adb3791-f3db-4293-9811-128c68750506,2024-07-29,1,630,630,630
7adb3791-f3db-4293-9811-128c68750506,2024-08-05,1,600,600,600
7adb3791-f3db-4293-9811-128c68750506,2024-08-12,2,521,432,610
7adb3791-f3db-4293-9811-128c68750506,2024-08-26,1,672,672,672
7adb3791-f3db-4293-9811-128c68750506,2024-09-02,1,750,750,750
7adb3791-f3db-4293-9811-128c68750506,2024-09-23,1,528,528,528
7adb3791-f3db-4293-9811-128c68750506,2024-09-30,1,748,748,748
7adb3791-f3db-4293-9811-128c68750506,2024-10-21,1,699.99,699.99,699.99
7adb3791-f3db-4293-9811-128c68750506,2024-10-28,1,650,650,650
7adb3791-f3db-4293-9811-128c68750506,2024-11-04,1,630,630,630
7adb3791-f3db-4293-9811-128c68750506,2024-11-25,1,862.47,862.47,862.47
7adb3791-f3db-4293-9811-128c68750506,2024-12-02,1,636,636,636
7adb3791-f3db-4293-9811-128c68750506,2024-12-16,1,570,570,570
7adb3791-f3db-4293-9811-128c68750506,2025-01-06,3,747,699.99,775
7adb3791-f3db-4293-9811-128c68750506,2025-02-10,2,699.5,699,699.99
7adb3791-f3db-4293-9811-128c68750506,2025-02-17,1,684.8,684.8,684.8
7adb3791-f3db-4293-9811-128c68750506,2025-02-24,1,725,725,725
7adb3791-f3db-4293-9811-128c68750506,2025-03-10,1,750,750,750
7adb3791-f3db-4293-9811-128c68750506,2025-03-17,1,765,765,765
7adb3791-f3db-4293-9811-128c68750506,2025-03-31,1,759.55,759.55,759.55
7adb3791-f3db-4293-9811-128c68750506,2025-04-14,2,698,680,715.99
7adb3791-f3db-4293-9811-128c68750506,2025-04-21,1,799.99,799.99,799.99
7adb3791-f3db-4293-9811-128c68750506,2025-04-28,1,770,770,770
7adb3791-f3db-4293-9811-128c68750506,2025-05-12,3,850,829.99,899.99
7adb3791-f3db-4293-9811-128c68750506,2025-05-19,2,900,900,900
7adb3791-f3db-4293-9811-128c68750506,2025-05-26,1,1099.99,1099.99,1099.99
7adb3791-f3db-4293-9811-128c68750506,2025-06-16,1,965,965,965
7adb3791-f3db-4293-9811-128c68750506,2025-07-14,1,1500,1500,1500
7adb3791-f3db-4293-9811-128c68750506,2025-08-18,1,1200,1200,1200
7adb3791-f3db-4293-9811-128c68750506,2025-09-08,1,1296,1296,1296
7adb3791-f3db-4293-9811-128c68750506,2025-10-13,1,1030,1030,1030
7adb3791-f3db-4293-9811-128c68750506,2025-10-27,1,1899,1899,1899
7adb3791-f3db-4293-9811-128c68750506,2025-11-03,1,2000,2000,2000
7adb3791-f3db-4293-9811-128c68750506,2025-12-01,1,1092.9,1092.9,1092.9
7adb3791-f3db-4293-9811-128c68750506,2025-12-15,1,1410,1410,1410
7adb3791-f3db-4293-9811-128c68750506,2026-01-05,1,1599,1599,1599
7adb3791-f3db-4293-9811-128c68750506,2026-01-26,1,1740,1740,1740
7adb3791-f3db-4293-9811-128c68750506,2026-02-23,1,2500,2500,2500
7adb3791-f3db-4293-9811-128c68750506,2026-03-02,2,2060.06,1870.12,2250
7adb3791-f3db-4293-9811-128c68750506,2026-04-13,1,3000,3000,3000
7adb3791-f3db-4293-9811-128c68750506,2026-04-20,1,3250,3250,3250
7adb3791-f3db-4293-9811-128c68750506,2026-06-08,1,3850,3850,3850
7adb3791-f3db-4293-9811-128c68750506,2026-06-22,1,3900,3900,3900
7adb3791-f3db-4293-9811-128c68750506,2026-08-03,1,4100,4100,4100
7adb3791-f3db-4293-9811-128c68750506,2026-08-17,2,3975,3720,4230
7adb3791-f3db-4293-9811-128c68750506,2026-08-31,1,3800,3800,3800
7adb8b3b-cabb-48c4-952a-1c79bacb3e3d,2021-05-24,1,710,710,710
7adb8b3b-cabb-48c4-952a-1c79bacb3e3d,2021-05-31,1,749.99,749.99,749.99
7adb8b3b-cabb-48c4-952a-1c79bacb3e3d,2021-09-20,1,575,575,575
7adb8b3b-cabb-48c4-952a-1c79bacb3e3d,2021-11-29,1,800,800,800
7adb8b3b-cabb-48c4-952a-1c79bacb3e3d,2022-07-18,1,890,890,890
7adb8b3b-cabb-48c4-952a-1c79bacb3e3d,2022-10-10,1,633.01,633.01,633.01
7adb8b3b-cabb-48c4-952a-1c79bacb3e3d,2022-10-24,1,699,699,699
7adb8b3b-cabb-48c4-952a-1c79bacb3e3d,2022-11-21,1,493,493,493
7adb8b3b-cabb-48c4-952a-1c79bacb3e3d,2022-11-28,1,540,540,540
7adb8b3b-cabb-48c4-952a-1c79bacb3e3d,2023-02-13,1,699.99,699.99,699.99
7adb8b3b-cabb-48c4-952a-1c79bacb3e3d,2023-05-29,1,739.95,739.95,739.95
7adb8b3b-cabb-48c4-952a-1c79bacb3e3d,2023-06-12,2,845,700,990
7adb8b3b-cabb-48c4-952a-1c79bacb3e3d,2023-07-10,1,865,865,865
7adb8b3b-cabb-48c4-952a-1c79bacb3e3d,2023-09-04,2,690,630,750
7adb8b3b-cabb-48c4-952a-1c79bacb3e3d,2023-09-11,3,865,750,900
7adb8b3b-cabb-48c4-952a-1c79bacb3e3d,2023-10-02,2,544.44,396,692.89
7adb8b3b-cabb-48c4-952a-1c79bacb3e3d,2023-10-23,1,576,576,576
7adb8b3b-cabb-48c4-952a-1c79bacb3e3d,2023-10-30,1,625,625,625
7adb8b3b-cabb-48c4-952a-1c79bacb3e3d,2023-11-13,1,650,650,650
7adb8b3b-cabb-48c4-952a-1c79bacb3e3d,2023-11-27,1,480,480,480
7adb8b3b-cabb-48c4-952a-1c79bacb3e3d,2023-12-11,1,457.5,457.5,457.5
7adb8b3b-cabb-48c4-952a-1c79bacb3e3d,2023-12-18,1,642,642,642
7adb8b3b-cabb-48c4-952a-1c79bacb3e3d,2024-02-19,1,510,510,510
7adb8b3b-cabb-48c4-952a-1c79bacb3e3d,2024-02-26,1,492,492,492
7adb8b3b-cabb-48c4-952a-1c79bacb3e3d,2024-03-11,2,483,450,516
7adb8b3b-cabb-48c4-952a-1c79bacb3e3d,2024-03-18,3,599.99,555,600
7adb8b3b-cabb-48c4-952a-1c79bacb3e3d,2024-04-01,1,642,642,642
7adb8b3b-cabb-48c4-952a-1c79bacb3e3d,2024-04-22,2,739.3,728.59,750
7adb8b3b-cabb-48c4-952a-1c79bacb3e3d,2024-04-29,1,735,735,735
7adb8b3b-cabb-48c4-952a-1c79bacb3e3d,2024-05-20,1,850,850,850
7adb8b3b-cabb-48c4-952a-1c79bacb3e3d,2024-06-17,2,735,510,960
7adb8b3b-cabb-48c4-952a-1c79bacb3e3d,2024-07-01,1,900,900,900
7adb8b3b-cabb-48c4-952a-1c79bacb3e3d,2024-08-05,2,1097.49,994.99,1200
7adb8b3b-cabb-48c4-952a-1c79bacb3e3d,2024-08-19,1,900,900,900
7adb8b3b-cabb-48c4-952a-1c79bacb3e3d,2024-11-11,1,795,795,795
7adb8b3b-cabb-48c4-952a-1c79bacb3e3d,2024-11-18,1,830.62,830.62,830.62
7adb8b3b-cabb-48c4-952a-1c79bacb3e3d,2025-01-06,1,1600,1600,1600
7adb8b3b-cabb-48c4-952a-1c79bacb3e3d,2025-02-03,1,2025,2025,2025
7adb8b3b-cabb-48c4-952a-1c79bacb3e3d,2025-03-03,1,1830,1830,1830
7adb8b3b-cabb-48c4-952a-1c79bacb3e3d,2025-03-10,1,1899,1899,1899
7adb8b3b-cabb-48c4-952a-1c79bacb3e3d,2025-03-31,1,1999,1999,1999
7adb8b3b-cabb-48c4-952a-1c79bacb3e3d,2025-04-07,1,2200,2200,2200
7adb8b3b-cabb-48c4-952a-1c79bacb3e3d,2025-04-28,1,1470,1470,1470
7adb8b3b-cabb-48c4-952a-1c79bacb3e3d,2025-05-05,1,2200,2200,2200
7adb8b3b-cabb-48c4-952a-1c79bacb3e3d,2025-05-12,2,1800,1700,1900
7adb8b3b-cabb-48c4-952a-1c79bacb3e3d,2025-05-26,1,2526,2526,2526
7adb8b3b-cabb-48c4-952a-1c79bacb3e3d,2025-08-25,1,2837.66,2837.66,2837.66
7adb8b3b-cabb-48c4-952a-1c79bacb3e3d,2025-09-15,1,4000,4000,4000
7adb8b3b-cabb-48c4-952a-1c79bacb3e3d,2025-09-22,1,2283.6,2283.6,2283.6
7adb8b3b-cabb-48c4-952a-1c79bacb3e3d,2025-10-20,1,2220,2220,2220
7adb8b3b-cabb-48c4-952a-1c79bacb3e3d,2025-10-27,1,2365.09,2365.09,2365.09
7adb8b3b-cabb-48c4-952a-1c79bacb3e3d,2025-11-10,1,3000,3000,3000
7adb8b3b-cabb-48c4-952a-1c79bacb3e3d,2025-11-17,1,2850,2850,2850
7adb8b3b-cabb-48c4-952a-1c79bacb3e3d,2025-11-24,1,2900,2900,2900
7adb8b3b-cabb-48c4-952a-1c79bacb3e3d,2026-01-05,1,3100,3100,3100
7adb8b3b-cabb-48c4-952a-1c79bacb3e3d,2026-03-16,1,5900,5900,5900
7adb8b3b-cabb-48c4-952a-1c79bacb3e3d,2026-03-23,1,6500,6500,6500
7adb8b3b-cabb-48c4-952a-1c79bacb3e3d,2026-04-27,3,6600,6500,6999.99
7adb8b3b-cabb-48c4-952a-1c79bacb3e3d,2026-05-04,1,7000,7000,7000
7adb8b3b-cabb-48c4-952a-1c79bacb3e3d,2026-05-25,1,6900,6900,6900
7adb8b3b-cabb-48c4-952a-1c79bacb3e3d,2026-06-29,2,5950,5900,6000
7adb8b3b-cabb-48c4-952a-1c79bacb3e3d,2026-07-06,1,7500,7500,7500
7adb8b3b-cabb-48c4-952a-1c79bacb3e3d,2026-07-13,1,6460,6460,6460
7adb8b3b-cabb-48c4-952a-1c79bacb3e3d,2026-07-20,3,5640,4050,5928
7adb8b3b-cabb-48c4-952a-1c79bacb3e3d,2026-07-27,1,5400,5400,5400
7adb8b3b-cabb-48c4-952a-1c79bacb3e3d,2026-08-10,1,5100,5100,5100
7adb8b3b-cabb-48c4-952a-1c79bacb3e3d,2026-08-24,1,4680,4680,4680
7adb8b3b-cabb-48c4-952a-1c79bacb3e3d,2026-09-07,2,4761,4320,5202
7adea198-c816-421c-8298-5f9026504c44,2021-05-31,1,499.99,499.99,499.99
7adea198-c816-421c-8298-5f9026504c44,2022-04-25,1,115,115,115
7adea198-c816-421c-8298-5f9026504c44,2022-05-02,1,500,500,500
7adea198-c816-421c-8298-5f9026504c44,2022-08-29,1,406.56,406.56,406.56
7adea198-c816-421c-8298-5f9026504c44,2023-01-09,1,349.99,349.99,349.99
7adea198-c816-421c-8298-5f9026504c44,2023-01-23,1,336,336,336
7adea198-c816-421c-8298-5f9026504c44,2023-10-30,1,372,372,372
7adea198-c816-421c-8298-5f9026504c44,2023-11-06,1,464.4,464.4,464.4
7adea198-c816-421c-8298-5f9026504c44,2025-02-03,1,550,550,550
7adea198-c816-421c-8298-5f9026504c44,2025-05-19,1,350,350,350
7adea198-c816-421c-8298-5f9026504c44,2025-06-09,1,500,500,500
7adea198-c816-421c-8298-5f9026504c44,2025-06-16,1,610,610,610
7adea198-c816-421c-8298-5f9026504c44,2025-08-11,1,1000,1000,1000
7adea198-c816-421c-8298-5f9026504c44,2025-10-06,1,1675,1675,1675
7adea198-c816-421c-8298-5f9026504c44,2025-12-08,1,1560,1560,1560
7adea198-c816-421c-8298-5f9026504c44,2026-03-23,2,3250,3100,3400
7adea198-c816-421c-8298-5f9026504c44,2026-06-22,1,3100,3100,3100
7adea198-c816-421c-8298-5f9026504c44,2026-08-03,1,5000,5000,5000
7adea198-c816-421c-8298-5f9026504c44,2026-08-31,2,7000,6500,7500
7adf8cbb-3504-43d2-a5db-6afaa2416ee3,2024-08-26,1,69.99,69.99,69.99
7adf8cbb-3504-43d2-a5db-6afaa2416ee3,2024-10-28,1,65,65,65
7adf8ecd-8069-482f-a63c-bd409d18d39a,2021-05-24,1,110,110,110
7adf8ecd-8069-482f-a63c-bd409d18d39a,2021-06-28,1,76,76,76
7adf8ecd-8069-482f-a63c-bd409d18d39a,2021-08-02,1,75,75,75
7adf8ecd-8069-482f-a63c-bd409d18d39a,2021-09-06,1,100,100,100
7adf8ecd-8069-482f-a63c-bd409d18d39a,2021-09-13,1,100,100,100
7adf8ecd-8069-482f-a63c-bd409d18d39a,2021-12-06,1,86,86,86
7adf8ecd-8069-482f-a63c-bd409d18d39a,2022-01-03,1,120,120,120
7adf8ecd-8069-482f-a63c-bd409d18d39a,2022-02-14,1,110,110,110
7adf8ecd-8069-482f-a63c-bd409d18d39a,2022-03-07,1,76.8,76.8,76.8
7adf8ecd-8069-482f-a63c-bd409d18d39a,2022-06-06,1,140,140,140
7adf8ecd-8069-482f-a63c-bd409d18d39a,2022-06-20,1,179.99,179.99,179.99
7adf8ecd-8069-482f-a63c-bd409d18d39a,2022-08-01,1,109.98,109.98,109.98
7adf8ecd-8069-482f-a63c-bd409d18d39a,2022-09-12,1,95,95,95
7adf8ecd-8069-482f-a63c-bd409d18d39a,2022-10-17,1,88,88,88
7adf8ecd-8069-482f-a63c-bd409d18d39a,2022-11-14,1,47,47,47
7adf8ecd-8069-482f-a63c-bd409d18d39a,2022-12-05,1,69.99,69.99,69.99
7adf8ecd-8069-482f-a63c-bd409d18d39a,2022-12-12,1,204.01,204.01,204.01
7adf8ecd-8069-482f-a63c-bd409d18d39a,2023-01-16,2,70.5,56,84.99
7adf8ecd-8069-482f-a63c-bd409d18d39a,2023-07-10,1,48,48,48
7adf8ecd-8069-482f-a63c-bd409d18d39a,2023-07-31,1,84.99,84.99,84.99
7adf8ecd-8069-482f-a63c-bd409d18d39a,2023-10-09,1,91.94,91.94,91.94
7adf8ecd-8069-482f-a63c-bd409d18d39a,2023-11-06,1,56,56,56
7adf8ecd-8069-482f-a63c-bd409d18d39a,2024-01-29,1,71,71,71
7adf8ecd-8069-482f-a63c-bd409d18d39a,2024-02-12,1,123.2,123.2,123.2
7adf8ecd-8069-482f-a63c-bd409d18d39a,2024-02-19,1,69.99,69.99,69.99
7adf8ecd-8069-482f-a63c-bd409d18d39a,2024-03-25,1,81,81,81
7adf8ecd-8069-482f-a63c-bd409d18d39a,2024-04-15,1,127.49,127.49,127.49
7adf8ecd-8069-482f-a63c-bd409d18d39a,2024-06-10,1,89.99,89.99,89.99
7adf8ecd-8069-482f-a63c-bd409d18d39a,2024-10-28,1,74.97,74.97,74.97
7adf8ecd-8069-482f-a63c-bd409d18d39a,2024-11-04,1,89.08,89.08,89.08
7adf8ecd-8069-482f-a63c-bd409d18d39a,2025-01-06,1,95,95,95
7adf8ecd-8069-482f-a63c-bd409d18d39a,2025-01-13,1,95,95,95
7adf8ecd-8069-482f-a63c-bd409d18d39a,2025-01-20,1,125,125,125
7adf8ecd-8069-482f-a63c-bd409d18d39a,2025-02-03,1,149.99,149.99,149.99
7adf8ecd-8069-482f-a63c-bd409d18d39a,2025-03-03,1,106.58,106.58,106.58
7adf8ecd-8069-482f-a63c-bd409d18d39a,2025-03-17,1,136.45,136.45,136.45
7adf8ecd-8069-482f-a63c-bd409d18d39a,2025-05-19,1,150,150,150
7adf8ecd-8069-482f-a63c-bd409d18d39a,2025-05-26,1,168.84,168.84,168.84
7adf8ecd-8069-482f-a63c-bd409d18d39a,2025-06-09,2,184,168,200
7adf8ecd-8069-482f-a63c-bd409d18d39a,2025-07-14,2,169.03,113.07,224.99
7adf8ecd-8069-482f-a63c-bd409d18d39a,2025-08-11,1,450,450,450
7adf8ecd-8069-482f-a63c-bd409d18d39a,2025-08-18,1,240.23,240.23,240.23
7adf8ecd-8069-482f-a63c-bd409d18d39a,2025-09-22,1,202.5,202.5,202.5
7adf8ecd-8069-482f-a63c-bd409d18d39a,2025-11-10,1,220,220,220
7adf8ecd-8069-482f-a63c-bd409d18d39a,2025-12-01,2,263.25,226.5,299.99
7adf8ecd-8069-482f-a63c-bd409d18d39a,2025-12-22,1,165.5,165.5,165.5
7adf8ecd-8069-482f-a63c-bd409d18d39a,2025-12-29,1,150.28,150.28,150.28
7adf8ecd-8069-482f-a63c-bd409d18d39a,2026-01-26,1,183.5,183.5,183.5
7adf8ecd-8069-482f-a63c-bd409d18d39a,2026-03-09,2,204.97,160,249.95
7adf8ecd-8069-482f-a63c-bd409d18d39a,2026-04-06,2,275,274.99,275
7adf8ecd-8069-482f-a63c-bd409d18d39a,2026-04-27,3,299,270.69,349.99
7adf8ecd-8069-482f-a63c-bd409d18d39a,2026-05-04,1,399,399,399
7adf8ecd-8069-482f-a63c-bd409d18d39a,2026-05-25,3,425,369.77,440.5
7adf8ecd-8069-482f-a63c-bd409d18d39a,2026-06-01,1,372,372,372
7adf8ecd-8069-482f-a63c-bd409d18d39a,2026-06-08,1,385,385,385
7adf8ecd-8069-482f-a63c-bd409d18d39a,2026-06-22,1,350,350,350
7adf8ecd-8069-482f-a63c-bd409d18d39a,2026-07-06,1,700,700,700
7adf8ecd-8069-482f-a63c-bd409d18d39a,2026-07-13,1,750,750,750
7adf8ecd-8069-482f-a63c-bd409d18d39a,2026-07-20,3,740,700,745
7adf8ecd-8069-482f-a63c-bd409d18d39a,2026-08-03,2,593.5,462,725
7adf8ecd-8069-482f-a63c-bd409d18d39a,2026-08-10,1,1000,1000,1000
7adf8ecd-8069-482f-a63c-bd409d18d39a,2026-08-24,1,681.6,681.6,681.6
7adf8ecd-8069-482f-a63c-bd409d18d39a,2026-08-31,1,730,730,730
7ae37ac5-e6ae-4332-8996-4168b753e930,2025-04-14,1,9.05,9.05,9.05
7ae37ac5-e6ae-4332-8996-4168b753e930,2025-05-05,1,10.5,10.5,10.5
7ae37ac5-e6ae-4332-8996-4168b753e930,2025-07-14,1,9.5,9.5,9.5
7ae37ac5-e6ae-4332-8996-4168b753e930,2025-09-08,1,39.99,39.99,39.99
7ae37ac5-e6ae-4332-8996-4168b753e930,2025-10-27,2,21,19.2,22.8
7ae37ac5-e6ae-4332-8996-4168b753e930,2025-11-10,1,21.6,21.6,21.6
7ae37ac5-e6ae-4332-8996-4168b753e930,2025-12-08,1,24,24,24
7ae37ac5-e6ae-4332-8996-4168b753e930,2026-01-12,1,36.75,36.75,36.75
7ae37ac5-e6ae-4332-8996-4168b753e930,2026-04-06,1,17,17,17
7ae37ac5-e6ae-4332-8996-4168b753e930,2026-04-20,1,35,35,35
7ae3d952-2a87-4990-9618-ac65a05ef2cd,2023-06-05,1,25,25,25
7ae3d952-2a87-4990-9618-ac65a05ef2cd,2024-06-24,1,16.27,16.27,16.27
7ae3d952-2a87-4990-9618-ac65a05ef2cd,2024-11-18,1,45,45,45
7ae3f8aa-31eb-4504-ba2d-c2540e862c4e,2021-04-26,1,215,215,215
7ae3f8aa-31eb-4504-ba2d-c2540e862c4e,2021-05-31,1,202.5,202.5,202.5
7ae3f8aa-31eb-4504-ba2d-c2540e862c4e,2021-06-21,1,158,158,158
7ae3f8aa-31eb-4504-ba2d-c2540e862c4e,2021-06-28,1,216.5,216.5,216.5
7ae3f8aa-31eb-4504-ba2d-c2540e862c4e,2021-07-12,1,160.72,160.72,160.72
7ae3f8aa-31eb-4504-ba2d-c2540e862c4e,2021-07-19,2,289.7,254.4,325
7ae3f8aa-31eb-4504-ba2d-c2540e862c4e,2021-12-20,1,227.5,227.5,227.5
7ae3f8aa-31eb-4504-ba2d-c2540e862c4e,2021-12-27,1,200,200,200
7ae3f8aa-31eb-4504-ba2d-c2540e862c4e,2022-04-18,1,319.61,319.61,319.61
7ae3f8aa-31eb-4504-ba2d-c2540e862c4e,2022-08-22,1,299.99,299.99,299.99
7ae3f8aa-31eb-4504-ba2d-c2540e862c4e,2022-10-03,1,292.48,292.48,292.48
7ae3f8aa-31eb-4504-ba2d-c2540e862c4e,2022-12-19,1,324.99,324.99,324.99
7ae3f8aa-31eb-4504-ba2d-c2540e862c4e,2023-01-09,1,222,222,222
7ae3f8aa-31eb-4504-ba2d-c2540e862c4e,2023-01-23,1,247.49,247.49,247.49
7ae3f8aa-31eb-4504-ba2d-c2540e862c4e,2023-01-30,1,152.5,152.5,152.5
7ae3f8aa-31eb-4504-ba2d-c2540e862c4e,2023-03-27,1,127.5,127.5,127.5
7ae3f8aa-31eb-4504-ba2d-c2540e862c4e,2023-04-10,1,112.5,112.5,112.5
7ae3f8aa-31eb-4504-ba2d-c2540e862c4e,2023-04-17,1,300.85,300.85,300.85
7ae3f8aa-31eb-4504-ba2d-c2540e862c4e,2023-06-19,1,162,162,162
7ae3f8aa-31eb-4504-ba2d-c2540e862c4e,2023-10-02,1,124,124,124
7ae3f8aa-31eb-4504-ba2d-c2540e862c4e,2024-04-15,1,103.5,103.5,103.5
7ae3f8aa-31eb-4504-ba2d-c2540e862c4e,2024-07-22,1,95,95,95
7ae3f8aa-31eb-4504-ba2d-c2540e862c4e,2024-10-28,1,170.33,170.33,170.33
7ae3f8aa-31eb-4504-ba2d-c2540e862c4e,2024-12-09,1,125,125,125
7ae3f8aa-31eb-4504-ba2d-c2540e862c4e,2025-01-27,1,103,103,103
7ae3f8aa-31eb-4504-ba2d-c2540e862c4e,2025-02-10,1,133.5,133.5,133.5
7ae3f8aa-31eb-4504-ba2d-c2540e862c4e,2025-04-14,1,120,120,120
7ae3f8aa-31eb-4504-ba2d-c2540e862c4e,2025-09-08,1,246.49,246.49,246.49
7ae3f8aa-31eb-4504-ba2d-c2540e862c4e,2025-11-03,1,325,325,325
7ae3f8aa-31eb-4504-ba2d-c2540e862c4e,2026-01-05,1,330,330,330
7ae3f8aa-31eb-4504-ba2d-c2540e862c4e,2026-02-23,1,750,750,750
7ae3f8aa-31eb-4504-ba2d-c2540e862c4e,2026-05-18,1,1125,1125,1125
7ae5a4be-be74-4edf-884f-bd8d93c7bef0,2023-12-18,1,44.95,44.95,44.95
7ae5a4be-be74-4edf-884f-bd8d93c7bef0,2023-12-25,1,55,55,55
7ae5a4be-be74-4edf-884f-bd8d93c7bef0,2024-01-15,1,16.5,16.5,16.5
7ae5a4be-be74-4edf-884f-bd8d93c7bef0,2024-01-22,5,33.2,20.5,50.65
7ae5a4be-be74-4edf-884f-bd8d93c7bef0,2024-01-29,3,19.5,14.5,39.27
7ae5a4be-be74-4edf-884f-bd8d93c7bef0,2024-02-05,1,25,25,25
7ae5a4be-be74-4edf-884f-bd8d93c7bef0,2024-02-12,4,22,20.14,24
7ae5a4be-be74-4edf-884f-bd8d93c7bef0,2024-02-19,2,36.48,29.95,43
7ae5a4be-be74-4edf-884f-bd8d93c7bef0,2024-02-26,3,15.5,15,21.5
7ae5a4be-be74-4edf-884f-bd8d93c7bef0,2024-03-04,5,21.5,15.01,34.95
7ae5a4be-be74-4edf-884f-bd8d93c7bef0,2024-03-11,4,21.88,13.19,30.64
7ae5a4be-be74-4edf-884f-bd8d93c7bef0,2024-03-18,1,26.5,26.5,26.5
7ae5a4be-be74-4edf-884f-bd8d93c7bef0,2024-04-01,1,18.52,18.52,18.52
7ae5a4be-be74-4edf-884f-bd8d93c7bef0,2024-04-08,1,15.5,15.5,15.5
7ae5a4be-be74-4edf-884f-bd8d93c7bef0,2024-04-15,2,18,17.5,18.5
7ae5a4be-be74-4edf-884f-bd8d93c7bef0,2024-04-22,1,20.5,20.5,20.5
7ae5a4be-be74-4edf-884f-bd8d93c7bef0,2024-04-29,3,34.95,10.5,36.36
7ae5a4be-be74-4edf-884f-bd8d93c7bef0,2024-05-13,4,19.8,15,25
7ae5a4be-be74-4edf-884f-bd8d93c7bef0,2024-06-03,1,25,25,25
7ae5a4be-be74-4edf-884f-bd8d93c7bef0,2024-06-10,1,15,15,15
7ae5a4be-be74-4edf-884f-bd8d93c7bef0,2024-06-17,1,18.21,18.21,18.21
7ae5a4be-be74-4edf-884f-bd8d93c7bef0,2024-07-01,3,24.95,21.99,24.98
7ae5a4be-be74-4edf-884f-bd8d93c7bef0,2024-07-08,2,24.99,24.99,24.99
7ae5a4be-be74-4edf-884f-bd8d93c7bef0,2024-08-05,2,44.05,32.39,55.71
7ae5a4be-be74-4edf-884f-bd8d93c7bef0,2024-08-12,2,26.34,25.99,26.69
7ae5a4be-be74-4edf-884f-bd8d93c7bef0,2024-08-26,1,34.6,34.6,34.6
7ae5a4be-be74-4edf-884f-bd8d93c7bef0,2024-09-02,2,24.49,24,24.99
7ae5a4be-be74-4edf-884f-bd8d93c7bef0,2024-09-09,1,20.4,20.4,20.4
7ae5a4be-be74-4edf-884f-bd8d93c7bef0,2024-09-23,3,29.98,26,29.99
7ae5a4be-be74-4edf-884f-bd8d93c7bef0,2024-10-07,2,20.25,12.5,28
7ae5a4be-be74-4edf-884f-bd8d93c7bef0,2024-10-14,1,30,30,30
7ae5a4be-be74-4edf-884f-bd8d93c7bef0,2024-10-28,1,11,11,11
7ae5a4be-be74-4edf-884f-bd8d93c7bef0,2024-11-04,1,20.5,20.5,20.5
7ae5a4be-be74-4edf-884f-bd8d93c7bef0,2024-11-11,2,20,15.5,24.5
7ae5a4be-be74-4edf-884f-bd8d93c7bef0,2024-11-25,2,33.99,29.99,38
7ae5a4be-be74-4edf-884f-bd8d93c7bef0,2024-12-02,1,18.5,18.5,18.5
7ae5a4be-be74-4edf-884f-bd8d93c7bef0,2024-12-09,3,20,11.62,24.5
7ae5a4be-be74-4edf-884f-bd8d93c7bef0,2024-12-23,1,30,30,30
7ae5a4be-be74-4edf-884f-bd8d93c7bef0,2025-01-13,1,41,41,41
7ae5a4be-be74-4edf-884f-bd8d93c7bef0,2025-01-20,1,18.35,18.35,18.35
7ae5a4be-be74-4edf-884f-bd8d93c7bef0,2025-01-27,1,29.43,29.43,29.43
7ae5a4be-be74-4edf-884f-bd8d93c7bef0,2025-02-17,1,36,36,36
7ae5a4be-be74-4edf-884f-bd8d93c7bef0,2025-02-24,2,35.12,34.99,35.26
7ae5a4be-be74-4edf-884f-bd8d93c7bef0,2025-03-03,1,16.5,16.5,16.5
7ae5a4be-be74-4edf-884f-bd8d93c7bef0,2025-03-10,2,35.33,21,49.65
7ae5a4be-be74-4edf-884f-bd8d93c7bef0,2025-03-17,3,20.5,17,25.56
7ae5a4be-be74-4edf-884f-bd8d93c7bef0,2025-03-31,1,38.49,38.49,38.49
7ae5a4be-be74-4edf-884f-bd8d93c7bef0,2025-04-07,1,34.99,34.99,34.99
7ae5a4be-be74-4edf-884f-bd8d93c7bef0,2025-04-21,2,30.49,24.99,35.99
7ae5a4be-be74-4edf-884f-bd8d93c7bef0,2025-04-28,1,18.5,18.5,18.5
7ae5a4be-be74-4edf-884f-bd8d93c7bef0,2025-05-26,1,21.5,21.5,21.5
7ae5a4be-be74-4edf-884f-bd8d93c7bef0,2025-06-09,1,20.5,20.5,20.5
7ae5a4be-be74-4edf-884f-bd8d93c7bef0,2025-06-23,1,17,17,17
7ae5a4be-be74-4edf-884f-bd8d93c7bef0,2025-06-30,1,20,20,20
7ae5a4be-be74-4edf-884f-bd8d93c7bef0,2025-07-21,2,30.75,28,33.49
7ae5a4be-be74-4edf-884f-bd8d93c7bef0,2025-07-28,1,35,35,35
7ae5a4be-be74-4edf-884f-bd8d93c7bef0,2025-08-11,2,42.5,34.99,50
7ae5a4be-be74-4edf-884f-bd8d93c7bef0,2025-08-25,1,49.95,49.95,49.95
7ae5a4be-be74-4edf-884f-bd8d93c7bef0,2025-09-01,2,46.47,37.37,55.58
7ae5a4be-be74-4edf-884f-bd8d93c7bef0,2025-09-08,1,37.04,37.04,37.04
7ae5a4be-be74-4edf-884f-bd8d93c7bef0,2025-09-22,1,34.99,34.99,34.99
7ae5a4be-be74-4edf-884f-bd8d93c7bef0,2025-09-29,1,35,35,35
7ae5a4be-be74-4edf-884f-bd8d93c7bef0,2025-10-13,1,30,30,30
7ae5a4be-be74-4edf-884f-bd8d93c7bef0,2025-11-03,1,26,26,26
7ae5a4be-be74-4edf-884f-bd8d93c7bef0,2025-11-17,2,23.26,14.5,32.02
7ae5a4be-be74-4edf-884f-bd8d93c7bef0,2025-12-29,1,53.99,53.99,53.99
7ae5a4be-be74-4edf-884f-bd8d93c7bef0,2026-01-12,1,45.71,45.71,45.71
7ae5a4be-be74-4edf-884f-bd8d93c7bef0,2026-01-26,2,72.5,45,99.99
7ae5a4be-be74-4edf-884f-bd8d93c7bef0,2026-02-02,1,39,39,39
7ae5a4be-be74-4edf-884f-bd8d93c7bef0,2026-03-02,1,60,60,60
7ae5a4be-be74-4edf-884f-bd8d93c7bef0,2026-03-09,1,82.98,82.98,82.98
7ae5a4be-be74-4edf-884f-bd8d93c7bef0,2026-04-06,1,99.99,99.99,99.99
7ae5a4be-be74-4edf-884f-bd8d93c7bef0,2026-05-11,1,64.43,64.43,64.43
7ae5a4be-be74-4edf-884f-bd8d93c7bef0,2026-05-18,1,59,59,59
7ae5a4be-be74-4edf-884f-bd8d93c7bef0,2026-06-22,1,149.99,149.99,149.99
7ae5a4be-be74-4edf-884f-bd8d93c7bef0,2026-06-29,1,124.99,124.99,124.99
7ae5a4be-be74-4edf-884f-bd8d93c7bef0,2026-08-10,1,120,120,120
7ae5a4be-be74-4edf-884f-bd8d93c7bef0,2026-08-17,1,129,129,129
7ae6068b-a00f-4f27-ac4f-742a968e8922,2026-04-27,1,34.99,34.99,34.99
7aeb9385-2446-400d-976e-6382892911cb,2022-06-13,1,58,58,58
7aeb9385-2446-400d-976e-6382892911cb,2023-04-24,1,26,26,26
7aeb9385-2446-400d-976e-6382892911cb,2026-06-15,1,124.95,124.95,124.95
7aeb9385-2446-400d-976e-6382892911cb,2026-07-20,1,174.95,174.95,174.95
7aeb9385-2446-400d-976e-6382892911cb,2026-07-27,1,140,140,140
7aec6460-43d7-4c05-aebe-911b93864bd5,2022-11-07,1,29.6,29.6,29.6
7aec6460-43d7-4c05-aebe-911b93864bd5,2023-01-02,2,51,42,60
7aec6460-43d7-4c05-aebe-911b93864bd5,2023-01-16,1,39.61,39.61,39.61
7aec6460-43d7-4c05-aebe-911b93864bd5,2023-01-23,1,67.68,67.68,67.68
7aec6460-43d7-4c05-aebe-911b93864bd5,2023-06-26,1,36,36,36
7aec6460-43d7-4c05-aebe-911b93864bd5,2023-10-30,1,60,60,60
7aec6460-43d7-4c05-aebe-911b93864bd5,2023-11-27,1,29,29,29
7aec6460-43d7-4c05-aebe-911b93864bd5,2024-06-10,1,52.99,52.99,52.99
7aec6460-43d7-4c05-aebe-911b93864bd5,2024-07-01,1,45.61,45.61,45.61
7aec6460-43d7-4c05-aebe-911b93864bd5,2024-07-29,1,60,60,60
7aec6460-43d7-4c05-aebe-911b93864bd5,2025-05-26,1,102.65,102.65,102.65
7aec6460-43d7-4c05-aebe-911b93864bd5,2025-10-27,1,85,85,85
7aec6460-43d7-4c05-aebe-911b93864bd5,2026-05-04,1,202.5,202.5,202.5
7aec6460-43d7-4c05-aebe-911b93864bd5,2026-09-14,1,1500,1500,1500
7aeec241-3920-444a-8e51-e14281ede4e9,2024-01-22,1,20,20,20
7aeec241-3920-444a-8e51-e14281ede4e9,2024-02-12,1,24.99,24.99,24.99
7aeec241-3920-444a-8e51-e14281ede4e9,2024-04-15,1,14.5,14.5,14.5
7aeec241-3920-444a-8e51-e14281ede4e9,2024-06-17,1,9.99,9.99,9.99
7aeec241-3920-444a-8e51-e14281ede4e9,2024-10-14,1,28.09,28.09,28.09
7aeec241-3920-444a-8e51-e14281ede4e9,2024-12-16,1,35,35,35
7aeec241-3920-444a-8e51-e14281ede4e9,2025-01-06,1,26,26,26
7aeec241-3920-444a-8e51-e14281ede4e9,2025-04-28,1,25,25,25
7aeec241-3920-444a-8e51-e14281ede4e9,2025-07-07,1,20,20,20
7aeec241-3920-444a-8e51-e14281ede4e9,2026-03-02,1,54.95,54.95,54.95
7aeec241-3920-444a-8e51-e14281ede4e9,2026-06-01,1,50,50,50
7aef14a7-946d-49b3-974f-abe53d4ab203,2021-12-13,1,300,300,300
7aef14a7-946d-49b3-974f-abe53d4ab203,2022-04-25,2,101.25,99.99,102.5
7aef14a7-946d-49b3-974f-abe53d4ab203,2022-05-02,1,75,75,75
7aef14a7-946d-49b3-974f-abe53d4ab203,2022-05-09,1,95,95,95
7aef14a7-946d-49b3-974f-abe53d4ab203,2022-05-30,1,79.99,79.99,79.99
7aef14a7-946d-49b3-974f-abe53d4ab203,2022-06-20,1,110,110,110
7aef14a7-946d-49b3-974f-abe53d4ab203,2022-07-04,1,52,52,52
7aef14a7-946d-49b3-974f-abe53d4ab203,2022-08-15,1,85,85,85
7aef14a7-946d-49b3-974f-abe53d4ab203,2022-08-22,2,55.3,39.6,71
7aef14a7-946d-49b3-974f-abe53d4ab203,2022-08-29,3,72.6,71,76
7aef14a7-946d-49b3-974f-abe53d4ab203,2022-09-12,1,37.2,37.2,37.2
7aef14a7-946d-49b3-974f-abe53d4ab203,2022-09-19,1,70,70,70
7aef14a7-946d-49b3-974f-abe53d4ab203,2022-09-26,1,60,60,60
7aef14a7-946d-49b3-974f-abe53d4ab203,2022-10-10,2,97.5,70,125
7aef14a7-946d-49b3-974f-abe53d4ab203,2022-10-17,1,56,56,56
7aef14a7-946d-49b3-974f-abe53d4ab203,2022-10-24,1,75,75,75
7aef14a7-946d-49b3-974f-abe53d4ab203,2022-10-31,1,90,90,90
7aef14a7-946d-49b3-974f-abe53d4ab203,2022-12-05,3,41.01,37,51
7aef14a7-946d-49b3-974f-abe53d4ab203,2022-12-19,1,28.12,28.12,28.12
7aef14a7-946d-49b3-974f-abe53d4ab203,2023-01-02,1,80,80,80
7aef14a7-946d-49b3-974f-abe53d4ab203,2023-01-09,2,47.5,39.99,55
7aef14a7-946d-49b3-974f-abe53d4ab203,2023-01-16,1,55.65,55.65,55.65
7aef14a7-946d-49b3-974f-abe53d4ab203,2023-02-13,4,39.1,26.02,46
7aef14a7-946d-49b3-974f-abe53d4ab203,2023-02-20,2,62.5,35,90
7aef14a7-946d-49b3-974f-abe53d4ab203,2023-02-27,2,42,32,52
7aef14a7-946d-49b3-974f-abe53d4ab203,2023-03-06,1,49,49,49
7aef14a7-946d-49b3-974f-abe53d4ab203,2023-03-20,2,31.44,25.88,37
7aef14a7-946d-49b3-974f-abe53d4ab203,2023-03-27,3,42,26.11,56
7aef14a7-946d-49b3-974f-abe53d4ab203,2023-04-03,4,33.85,29,35
7aef14a7-946d-49b3-974f-abe53d4ab203,2023-04-10,2,41.14,41,41.28
7aef14a7-946d-49b3-974f-abe53d4ab203,2023-04-17,3,36,36,50
7aef14a7-946d-49b3-974f-abe53d4ab203,2023-05-01,1,30,30,30
7aef14a7-946d-49b3-974f-abe53d4ab203,2023-05-08,4,23.57,16.52,31
7aef14a7-946d-49b3-974f-abe53d4ab203,2023-05-15,2,21.5,20.5,22.5
7aef14a7-946d-49b3-974f-abe53d4ab203,2023-05-22,3,27.98,26,30
7aef14a7-946d-49b3-974f-abe53d4ab203,2023-05-29,1,52,52,52
7aef14a7-946d-49b3-974f-abe53d4ab203,2023-06-05,7,45,39.9,56.61
7aef14a7-946d-49b3-974f-abe53d4ab203,2023-06-12,4,42.89,35,47.99
7aef14a7-946d-49b3-974f-abe53d4ab203,2023-06-19,3,41.1,40,42
7aef14a7-946d-49b3-974f-abe53d4ab203,2023-06-26,4,35.5,30.16,41.2
7aef14a7-946d-49b3-974f-abe53d4ab203,2023-07-03,2,39.5,39,40
7aef14a7-946d-49b3-974f-abe53d4ab203,2023-07-10,2,39.7,27,52.41
7aef14a7-946d-49b3-974f-abe53d4ab203,2023-07-17,2,43.22,40,46.44
7aef14a7-946d-49b3-974f-abe53d4ab203,2023-07-24,1,47,47,47
7aef14a7-946d-49b3-974f-abe53d4ab203,2023-08-07,2,40.95,37.2,44.69
7aef14a7-946d-49b3-974f-abe53d4ab203,2023-08-28,1,25.2,25.2,25.2
7aef14a7-946d-49b3-974f-abe53d4ab203,2023-09-11,2,25.5,22,29
7aef14a7-946d-49b3-974f-abe53d4ab203,2023-09-18,1,26.03,26.03,26.03
7aef14a7-946d-49b3-974f-abe53d4ab203,2023-09-25,2,29.01,24.02,34
7aef14a7-946d-49b3-974f-abe53d4ab203,2023-10-02,2,30.21,25.62,34.8
7aef14a7-946d-49b3-974f-abe53d4ab203,2023-10-09,2,23.77,23.28,24.26
7aef14a7-946d-49b3-974f-abe53d4ab203,2023-10-16,4,24.4,19.52,48.59
7aef14a7-946d-49b3-974f-abe53d4ab203,2023-10-23,1,22.5,22.5,22.5
7aef14a7-946d-49b3-974f-abe53d4ab203,2023-10-30,2,31.99,29.99,33.99
7aef14a7-946d-49b3-974f-abe53d4ab203,2023-11-06,1,28,28,28
7aef14a7-946d-49b3-974f-abe53d4ab203,2023-11-13,1,26.84,26.84,26.84
7aef14a7-946d-49b3-974f-abe53d4ab203,2023-11-20,6,21.05,19.52,22.8
7aef14a7-946d-49b3-974f-abe53d4ab203,2023-11-27,2,25.75,17.5,33.99
7aef14a7-946d-49b3-974f-abe53d4ab203,2023-12-04,2,31.62,20.5,42.75
7aef14a7-946d-49b3-974f-abe53d4ab203,2023-12-11,2,20,15,25
7aef14a7-946d-49b3-974f-abe53d4ab203,2023-12-25,4,23.34,18.5,50.98
7aef14a7-946d-49b3-974f-abe53d4ab203,2024-01-08,2,42.89,34.99,50.8
7aef14a7-946d-49b3-974f-abe53d4ab203,2024-01-15,1,17.5,17.5,17.5
7aef14a7-946d-49b3-974f-abe53d4ab203,2024-01-22,1,50.79,50.79,50.79
7aef14a7-946d-49b3-974f-abe53d4ab203,2024-01-29,3,27.89,15.5,32
7aef14a7-946d-49b3-974f-abe53d4ab203,2024-02-19,3,31.2,27,47.83
7aef14a7-946d-49b3-974f-abe53d4ab203,2024-02-26,4,28.48,22.2,50.6
7aef14a7-946d-49b3-974f-abe53d4ab203,2024-03-04,1,25.2,25.2,25.2
7aef14a7-946d-49b3-974f-abe53d4ab203,2024-03-11,3,27,20.5,33.75
7aef14a7-946d-49b3-974f-abe53d4ab203,2024-03-18,1,31.51,31.51,31.51
7aef14a7-946d-49b3-974f-abe53d4ab203,2024-03-25,1,25,25,25
7aef14a7-946d-49b3-974f-abe53d4ab203,2024-04-01,2,28.79,27.59,29.99
7aef14a7-946d-49b3-974f-abe53d4ab203,2024-04-08,3,21.6,20,34.99
7aef14a7-946d-49b3-974f-abe53d4ab203,2024-04-29,2,31.15,21.5,40.8
7aef14a7-946d-49b3-974f-abe53d4ab203,2024-05-06,1,31.49,31.49,31.49
7aef14a7-946d-49b3-974f-abe53d4ab203,2024-05-13,1,36.26,36.26,36.26
7aef14a7-946d-49b3-974f-abe53d4ab203,2024-05-20,3,28.56,25.2,34.99
7aef14a7-946d-49b3-974f-abe53d4ab203,2024-05-27,2,22.5,21.6,23.4
7aef14a7-946d-49b3-974f-abe53d4ab203,2024-06-10,3,33.99,30,70.51
7aef14a7-946d-49b3-974f-abe53d4ab203,2024-06-17,2,20.5,20,21
7aef14a7-946d-49b3-974f-abe53d4ab203,2024-06-24,1,34.99,34.99,34.99
7aef14a7-946d-49b3-974f-abe53d4ab203,2024-07-01,2,21.85,18.5,25.2
7aef14a7-946d-49b3-974f-abe53d4ab203,2024-07-08,1,16.5,16.5,16.5
7aef14a7-946d-49b3-974f-abe53d4ab203,2024-07-15,2,21.38,19.5,23.25
7aef14a7-946d-49b3-974f-abe53d4ab203,2024-07-22,2,36.06,26.99,45.14
7aef14a7-946d-49b3-974f-abe53d4ab203,2024-07-29,1,36.59,36.59,36.59
7aef14a7-946d-49b3-974f-abe53d4ab203,2024-08-12,2,29.9,25,34.8
7aef14a7-946d-49b3-974f-abe53d4ab203,2024-08-19,3,26.4,21.95,31.39
7aef14a7-946d-49b3-974f-abe53d4ab203,2024-08-26,1,40.28,40.28,40.28
7aef14a7-946d-49b3-974f-abe53d4ab203,2024-09-02,1,30,30,30
7aef14a7-946d-49b3-974f-abe53d4ab203,2024-09-16,1,33,33,33
7aef14a7-946d-49b3-974f-abe53d4ab203,2024-09-23,1,22.5,22.5,22.5
7aef14a7-946d-49b3-974f-abe53d4ab203,2024-10-07,1,28,28,28
7aef14a7-946d-49b3-974f-abe53d4ab203,2024-10-14,2,34.55,30,39.1
7aef14a7-946d-49b3-974f-abe53d4ab203,2024-10-21,4,30.5,24.91,42.99
7aef14a7-946d-49b3-974f-abe53d4ab203,2024-11-04,3,32,29.99,42.5
7aef14a7-946d-49b3-974f-abe53d4ab203,2024-11-11,1,28,28,28
7aef14a7-946d-49b3-974f-abe53d4ab203,2024-11-18,2,24.75,23.5,26
7aef14a7-946d-49b3-974f-abe53d4ab203,2024-11-25,2,27.25,24.5,30
7aef14a7-946d-49b3-974f-abe53d4ab203,2024-12-02,2,21.25,11.5,31
7aef14a7-946d-49b3-974f-abe53d4ab203,2024-12-09,3,30,23.34,36
7aef14a7-946d-49b3-974f-abe53d4ab203,2024-12-16,1,47,47,47
7aef14a7-946d-49b3-974f-abe53d4ab203,2024-12-23,5,33.66,29,38
7aef14a7-946d-49b3-974f-abe53d4ab203,2024-12-30,4,32,29.99,33
7aef14a7-946d-49b3-974f-abe53d4ab203,2025-01-06,6,39.5,36.24,49.99
7aef14a7-946d-49b3-974f-abe53d4ab203,2025-01-13,1,42.75,42.75,42.75
7aef14a7-946d-49b3-974f-abe53d4ab203,2025-01-20,6,36.48,25,46.2
7aef14a7-946d-49b3-974f-abe53d4ab203,2025-01-27,1,40,40,40
7aef14a7-946d-49b3-974f-abe53d4ab203,2025-02-03,3,30,30,36.29
7aef14a7-946d-49b3-974f-abe53d4ab203,2025-02-10,1,30,30,30
7aef14a7-946d-49b3-974f-abe53d4ab203,2025-02-17,4,25,24.5,39.99
7aef14a7-946d-49b3-974f-abe53d4ab203,2025-02-24,2,36.5,33,39.99
7aef14a7-946d-49b3-974f-abe53d4ab203,2025-03-03,2,43,27,59
7aef14a7-946d-49b3-974f-abe53d4ab203,2025-03-17,6,33.5,28.88,76
7aef14a7-946d-49b3-974f-abe53d4ab203,2025-03-24,1,62.99,62.99,62.99
7aef14a7-946d-49b3-974f-abe53d4ab203,2025-03-31,2,35.5,31,40
7aef14a7-946d-49b3-974f-abe53d4ab203,2025-04-07,2,27,26,28
7aef14a7-946d-49b3-974f-abe53d4ab203,2025-04-14,2,43.48,30,56.95
7aef14a7-946d-49b3-974f-abe53d4ab203,2025-04-21,1,40,40,40
7aef14a7-946d-49b3-974f-abe53d4ab203,2025-05-05,5,34,29,38
7aef14a7-946d-49b3-974f-abe53d4ab203,2025-05-12,4,35.5,29,46
7aef14a7-946d-49b3-974f-abe53d4ab203,2025-05-19,1,35,35,35
7aef14a7-946d-49b3-974f-abe53d4ab203,2025-05-26,4,38.23,26,45.96
7aef14a7-946d-49b3-974f-abe53d4ab203,2025-06-02,1,34.99,34.99,34.99
7aef14a7-946d-49b3-974f-abe53d4ab203,2025-06-09,2,30.59,29.99,31.2
7aef14a7-946d-49b3-974f-abe53d4ab203,2025-06-16,3,32.1,28,35
7aef14a7-946d-49b3-974f-abe53d4ab203,2025-07-07,3,59.99,59.99,64.99
7aef14a7-946d-49b3-974f-abe53d4ab203,2025-07-14,1,45,45,45
7aef14a7-946d-49b3-974f-abe53d4ab203,2025-07-28,1,42.29,42.29,42.29
7aef14a7-946d-49b3-974f-abe53d4ab203,2025-08-04,1,59.95,59.95,59.95
7aef14a7-946d-49b3-974f-abe53d4ab203,2025-08-18,2,54.33,47.34,61.31
7aef14a7-946d-49b3-974f-abe53d4ab203,2025-08-25,2,47.2,44.4,49.99
7aef14a7-946d-49b3-974f-abe53d4ab203,2025-09-01,3,45,45,81
7aef14a7-946d-49b3-974f-abe53d4ab203,2025-09-08,2,64.23,54,74.46
7aef14a7-946d-49b3-974f-abe53d4ab203,2025-09-15,2,52.55,48.99,56.1
7aef14a7-946d-49b3-974f-abe53d4ab203,2025-09-22,3,58.95,51.5,59.97
7aef14a7-946d-49b3-974f-abe53d4ab203,2025-09-29,4,79.11,56.84,99
7aef14a7-946d-49b3-974f-abe53d4ab203,2025-10-06,2,52.8,50.4,55.2
7aef14a7-946d-49b3-974f-abe53d4ab203,2025-10-13,1,79.99,79.99,79.99
7aef14a7-946d-49b3-974f-abe53d4ab203,2025-10-20,1,115.64,115.64,115.64
7aef14a7-946d-49b3-974f-abe53d4ab203,2025-10-27,2,55.75,52.49,59
7aef14a7-946d-49b3-974f-abe53d4ab203,2025-11-03,2,38.52,34.8,42.25
7aef14a7-946d-49b3-974f-abe53d4ab203,2025-11-10,1,50,50,50
7aef14a7-946d-49b3-974f-abe53d4ab203,2025-11-17,2,97,95,99
7aef14a7-946d-49b3-974f-abe53d4ab203,2025-12-08,2,41.5,41,42
7aef14a7-946d-49b3-974f-abe53d4ab203,2025-12-22,1,36,36,36
7aef14a7-946d-49b3-974f-abe53d4ab203,2026-01-05,4,70.75,57.6,84
7aef14a7-946d-49b3-974f-abe53d4ab203,2026-01-12,1,48,48,48
7aef14a7-946d-49b3-974f-abe53d4ab203,2026-01-19,3,51,48.5,70
7aef14a7-946d-49b3-974f-abe53d4ab203,2026-01-26,4,51.5,46.8,59.99
7aef14a7-946d-49b3-974f-abe53d4ab203,2026-02-02,1,75,75,75
7aef14a7-946d-49b3-974f-abe53d4ab203,2026-02-09,4,43.5,42,49
7aef14a7-946d-49b3-974f-abe53d4ab203,2026-02-16,1,45,45,45
7aef14a7-946d-49b3-974f-abe53d4ab203,2026-02-23,4,58,47,60
7aef14a7-946d-49b3-974f-abe53d4ab203,2026-03-02,2,44.7,38.4,51
7aef14a7-946d-49b3-974f-abe53d4ab203,2026-03-09,1,53.67,53.67,53.67
7aef14a7-946d-49b3-974f-abe53d4ab203,2026-03-16,1,41,41,41
7aef14a7-946d-49b3-974f-abe53d4ab203,2026-03-30,4,48.92,43.88,58
7aef14a7-946d-49b3-974f-abe53d4ab203,2026-04-06,4,65,57.6,138.49
7aef14a7-946d-49b3-974f-abe53d4ab203,2026-04-13,4,79.5,65.98,91.99
7aef14a7-946d-49b3-974f-abe53d4ab203,2026-04-20,5,83.95,56,89.99
7aef14a7-946d-49b3-974f-abe53d4ab203,2026-04-27,3,99,79.99,99
7aef14a7-946d-49b3-974f-abe53d4ab203,2026-05-04,2,83,81,85
7aef14a7-946d-49b3-974f-abe53d4ab203,2026-05-11,3,81.6,73.04,100
7aef14a7-946d-49b3-974f-abe53d4ab203,2026-05-18,2,112.2,104.4,120
7aef14a7-946d-49b3-974f-abe53d4ab203,2026-05-25,3,92.25,77,99
7aef14a7-946d-49b3-974f-abe53d4ab203,2026-06-01,1,125,125,125
7aef14a7-946d-49b3-974f-abe53d4ab203,2026-06-08,1,103.49,103.49,103.49
7aef14a7-946d-49b3-974f-abe53d4ab203,2026-06-15,4,103.78,100,148.43
7aef14a7-946d-49b3-974f-abe53d4ab203,2026-06-22,1,73.04,73.04,73.04
7aef14a7-946d-49b3-974f-abe53d4ab203,2026-06-29,2,112.68,110.99,114.37
7aef14a7-946d-49b3-974f-abe53d4ab203,2026-07-06,3,72.35,49.02,76.75
7aef14a7-946d-49b3-974f-abe53d4ab203,2026-07-13,2,76.02,70.04,82
7aef14a7-946d-49b3-974f-abe53d4ab203,2026-07-20,1,86,86,86
7aef14a7-946d-49b3-974f-abe53d4ab203,2026-07-27,2,89.47,58.95,120
7aef14a7-946d-49b3-974f-abe53d4ab203,2026-08-03,1,69.9,69.9,69.9
7aef14a7-946d-49b3-974f-abe53d4ab203,2026-08-10,2,65.87,63.74,68
7aef14a7-946d-49b3-974f-abe53d4ab203,2026-08-24,3,65.32,53.33,86.78
7aef14a7-946d-49b3-974f-abe53d4ab203,2026-08-31,4,58,52,62
7aef14a7-946d-49b3-974f-abe53d4ab203,2026-09-07,1,66.75,66.75,66.75
7aeffb9c-d1ad-4697-b5c6-251601b1b426,2022-03-14,1,110.5,110.5,110.5
7aeffb9c-d1ad-4697-b5c6-251601b1b426,2022-07-18,1,73.78,73.78,73.78
7aeffb9c-d1ad-4697-b5c6-251601b1b426,2022-12-12,1,199.99,199.99,199.99
7aeffb9c-d1ad-4697-b5c6-251601b1b426,2023-06-05,1,53.35,53.35,53.35
7aeffb9c-d1ad-4697-b5c6-251601b1b426,2023-10-30,1,45,45,45
7aeffb9c-d1ad-4697-b5c6-251601b1b426,2024-03-18,1,79.99,79.99,79.99
7aeffb9c-d1ad-4697-b5c6-251601b1b426,2024-04-15,1,48.2,48.2,48.2
7aeffb9c-d1ad-4697-b5c6-251601b1b426,2024-10-07,1,59.39,59.39,59.39
7aeffb9c-d1ad-4697-b5c6-251601b1b426,2024-12-30,1,56,56,56
7aeffb9c-d1ad-4697-b5c6-251601b1b426,2025-06-16,1,65,65,65
7aeffb9c-d1ad-4697-b5c6-251601b1b426,2025-08-25,1,199.99,199.99,199.99
7aeffb9c-d1ad-4697-b5c6-251601b1b426,2025-10-20,1,132,132,132
7aeffb9c-d1ad-4697-b5c6-251601b1b426,2025-12-08,1,188,188,188
7aeffb9c-d1ad-4697-b5c6-251601b1b426,2025-12-22,2,194.36,168.71,220
7aeffb9c-d1ad-4697-b5c6-251601b1b426,2026-03-09,1,750,750,750
7aeffb9c-d1ad-4697-b5c6-251601b1b426,2026-04-13,1,560,560,560
7aeffb9c-d1ad-4697-b5c6-251601b1b426,2026-07-13,1,435.83,435.83,435.83
7aeffb9c-d1ad-4697-b5c6-251601b1b426,2026-09-07,1,610,610,610
7af02c97-cd70-413e-8d18-611e0e474aed,2026-01-05,4,91.5,72,93
7af02c97-cd70-413e-8d18-611e0e474aed,2026-01-12,5,85,82.9,90
7af02c97-cd70-413e-8d18-611e0e474aed,2026-01-19,2,83,81,84.99
7af02c97-cd70-413e-8d18-611e0e474aed,2026-01-26,3,82.9,76,84
7af02c97-cd70-413e-8d18-611e0e474aed,2026-02-02,1,58,58,58
7af02c97-cd70-413e-8d18-611e0e474aed,2026-02-09,8,100,64.81,100
7af02c97-cd70-413e-8d18-611e0e474aed,2026-02-16,6,78.5,70,99.99
7af02c97-cd70-413e-8d18-611e0e474aed,2026-02-23,6,89.5,78,100
7af02c97-cd70-413e-8d18-611e0e474aed,2026-03-02,6,90,81.12,100
7af02c97-cd70-413e-8d18-611e0e474aed,2026-03-09,3,99.99,64,120
7af02c97-cd70-413e-8d18-611e0e474aed,2026-03-16,9,90,46,99.99
7af02c97-cd70-413e-8d18-611e0e474aed,2026-03-23,3,92.77,80.4,109
7af02c97-cd70-413e-8d18-611e0e474aed,2026-03-30,5,110,89.99,112.5
7af02c97-cd70-413e-8d18-611e0e474aed,2026-04-06,6,104.77,79.99,111
7af02c97-cd70-413e-8d18-611e0e474aed,2026-04-13,7,96,85,109
7af02c97-cd70-413e-8d18-611e0e474aed,2026-04-20,7,81,69.66,102.57
7af02c97-cd70-413e-8d18-611e0e474aed,2026-04-27,11,99.99,83.32,114
7af02c97-cd70-413e-8d18-611e0e474aed,2026-05-04,8,104.08,80,124.99
7af02c97-cd70-413e-8d18-611e0e474aed,2026-05-11,8,103.34,100,119.99
7af02c97-cd70-413e-8d18-611e0e474aed,2026-05-18,2,116.53,105,128.05
7af02c97-cd70-413e-8d18-611e0e474aed,2026-05-25,12,114.64,95,134.45
7af02c97-cd70-413e-8d18-611e0e474aed,2026-06-01,3,119.99,107.73,140
7af02c97-cd70-413e-8d18-611e0e474aed,2026-06-08,7,117.5,95.66,145
7af02c97-cd70-413e-8d18-611e0e474aed,2026-06-15,3,79,52,129.65
7af02c97-cd70-413e-8d18-611e0e474aed,2026-06-22,10,94,66,130
7af02c97-cd70-413e-8d18-611e0e474aed,2026-06-29,3,119.99,114.95,120
7af02c97-cd70-413e-8d18-611e0e474aed,2026-07-06,7,105,86.45,125
7af02c97-cd70-413e-8d18-611e0e474aed,2026-07-13,10,97.93,73,126
7af02c97-cd70-413e-8d18-611e0e474aed,2026-07-20,4,117.5,105.6,123.49
7af02c97-cd70-413e-8d18-611e0e474aed,2026-07-27,3,103.5,93.01,125
7af02c97-cd70-413e-8d18-611e0e474aed,2026-08-03,3,102.5,94,120
7af02c97-cd70-413e-8d18-611e0e474aed,2026-08-10,4,88.5,52,102.5
7af02c97-cd70-413e-8d18-611e0e474aed,2026-08-17,2,95.9,76.8,115
7af02c97-cd70-413e-8d18-611e0e474aed,2026-08-24,2,87.7,74.4,101
7af02c97-cd70-413e-8d18-611e0e474aed,2026-08-31,8,97,79.2,115
7af02c97-cd70-413e-8d18-611e0e474aed,2026-09-07,2,89.68,89.36,90
7af1bd55-2b76-44e6-ab54-2fee68bd8c67,2021-03-15,1,950,950,950
7af1bd55-2b76-44e6-ab54-2fee68bd8c67,2021-05-17,1,799,799,799
7af1bd55-2b76-44e6-ab54-2fee68bd8c67,2022-04-18,1,900,900,900
7af1bd55-2b76-44e6-ab54-2fee68bd8c67,2022-04-25,1,910,910,910
7af1bd55-2b76-44e6-ab54-2fee68bd8c67,2022-05-16,1,950,950,950
7af1bd55-2b76-44e6-ab54-2fee68bd8c67,2022-06-13,1,965.36,965.36,965.36
7af1bd55-2b76-44e6-ab54-2fee68bd8c67,2023-05-08,1,5500,5500,5500
7af1bd55-2b76-44e6-ab54-2fee68bd8c67,2023-07-24,1,5259,5259,5259
7af1bd55-2b76-44e6-ab54-2fee68bd8c67,2023-08-07,2,3850,3650,4050
7af1bd55-2b76-44e6-ab54-2fee68bd8c67,2023-08-21,1,3200,3200,3200
7af1bd55-2b76-44e6-ab54-2fee68bd8c67,2023-09-04,3,3000,2880,3050
7af1bd55-2b76-44e6-ab54-2fee68bd8c67,2023-11-27,1,3450,3450,3450
7af1bd55-2b76-44e6-ab54-2fee68bd8c67,2023-12-04,1,2125,2125,2125
7af1bd55-2b76-44e6-ab54-2fee68bd8c67,2024-01-08,1,2190,2190,2190
7af1bd55-2b76-44e6-ab54-2fee68bd8c67,2024-03-11,1,2130,2130,2130
7af1bd55-2b76-44e6-ab54-2fee68bd8c67,2024-05-06,2,1670,1590,1750
7af1bd55-2b76-44e6-ab54-2fee68bd8c67,2024-06-17,1,1125,1125,1125
7af1bd55-2b76-44e6-ab54-2fee68bd8c67,2024-06-24,2,1132.5,1100,1165
7af1bd55-2b76-44e6-ab54-2fee68bd8c67,2024-07-01,2,990,990,990
7af1bd55-2b76-44e6-ab54-2fee68bd8c67,2024-07-08,1,825,825,825
7af1bd55-2b76-44e6-ab54-2fee68bd8c67,2024-07-15,2,1388,1026,1750
7af1bd55-2b76-44e6-ab54-2fee68bd8c67,2024-07-22,2,1040,1030,1050
7af1bd55-2b76-44e6-ab54-2fee68bd8c67,2024-09-09,1,890,890,890
7af1bd55-2b76-44e6-ab54-2fee68bd8c67,2024-12-16,1,1417.49,1417.49,1417.49
7af1bd55-2b76-44e6-ab54-2fee68bd8c67,2025-01-27,1,2042.88,2042.88,2042.88
7af1bd55-2b76-44e6-ab54-2fee68bd8c67,2025-03-31,1,2023,2023,2023
7af1bd55-2b76-44e6-ab54-2fee68bd8c67,2025-04-14,1,1625.01,1625.01,1625.01
7af1bd55-2b76-44e6-ab54-2fee68bd8c67,2025-04-28,1,1845.01,1845.01,1845.01
7af1bd55-2b76-44e6-ab54-2fee68bd8c67,2025-09-08,1,1899,1899,1899
7af1bd55-2b76-44e6-ab54-2fee68bd8c67,2025-12-22,1,1830,1830,1830
7af1bd55-2b76-44e6-ab54-2fee68bd8c67,2026-01-05,1,1868,1868,1868
7af1bd55-2b76-44e6-ab54-2fee68bd8c67,2026-01-19,1,2096,2096,2096
7af1bd55-2b76-44e6-ab54-2fee68bd8c67,2026-02-02,1,1675,1675,1675
7af1bd55-2b76-44e6-ab54-2fee68bd8c67,2026-02-09,1,1661,1661,1661
7af1bd55-2b76-44e6-ab54-2fee68bd8c67,2026-02-16,2,1938.5,1925,1952
7af1bd55-2b76-44e6-ab54-2fee68bd8c67,2026-02-23,2,1788,1726,1850
7af1bd55-2b76-44e6-ab54-2fee68bd8c67,2026-04-06,1,1775,1775,1775
7af1bd55-2b76-44e6-ab54-2fee68bd8c67,2026-06-01,1,1536.1,1536.1,1536.1
7af1bd55-2b76-44e6-ab54-2fee68bd8c67,2026-06-15,1,1317.21,1317.21,1317.21
7af1bd55-2b76-44e6-ab54-2fee68bd8c67,2026-06-22,2,1378.23,1348.33,1408.13
7af1bd55-2b76-44e6-ab54-2fee68bd8c67,2026-07-06,3,1326.12,1325,1664.96
7af1bd55-2b76-44e6-ab54-2fee68bd8c67,2026-07-13,1,1521.72,1521.72,1521.72
7af1bd55-2b76-44e6-ab54-2fee68bd8c67,2026-07-27,1,1614,1614,1614
7af1bd55-2b76-44e6-ab54-2fee68bd8c67,2026-08-03,3,1706.87,1595.95,1799
7af1bd55-2b76-44e6-ab54-2fee68bd8c67,2026-08-17,1,1664.5,1664.5,1664.5
7af31fea-df38-406d-a6d2-c666154b218d,2024-08-19,1,77,77,77
7af31fea-df38-406d-a6d2-c666154b218d,2024-08-26,2,77.25,76,78.5
7af31fea-df38-406d-a6d2-c666154b218d,2024-09-02,1,249.99,249.99,249.99
7af31fea-df38-406d-a6d2-c666154b218d,2024-09-30,1,84,84,84
7af31fea-df38-406d-a6d2-c666154b218d,2024-10-07,1,56,56,56
7af31fea-df38-406d-a6d2-c666154b218d,2024-10-21,1,61.99,61.99,61.99
7af31fea-df38-406d-a6d2-c666154b218d,2024-10-28,2,65.5,61,70
7af31fea-df38-406d-a6d2-c666154b218d,2024-11-04,5,79.99,43,150
7af31fea-df38-406d-a6d2-c666154b218d,2024-11-18,1,74.95,74.95,74.95
7af31fea-df38-406d-a6d2-c666154b218d,2024-11-25,1,57,57,57
7af31fea-df38-406d-a6d2-c666154b218d,2024-12-02,3,55,45,56
7af31fea-df38-406d-a6d2-c666154b218d,2024-12-09,2,51.84,41,62.69
7af31fea-df38-406d-a6d2-c666154b218d,2024-12-16,1,74.99,74.99,74.99
7af31fea-df38-406d-a6d2-c666154b218d,2024-12-30,1,42,42,42
7af31fea-df38-406d-a6d2-c666154b218d,2025-01-06,2,56.98,54,59.95
7af31fea-df38-406d-a6d2-c666154b218d,2025-01-13,5,65,60,72
7af31fea-df38-406d-a6d2-c666154b218d,2025-01-20,4,62.51,56,70.66
7af31fea-df38-406d-a6d2-c666154b218d,2025-01-27,2,57.5,43,72
7af31fea-df38-406d-a6d2-c666154b218d,2025-02-03,2,64.5,64,65
7af31fea-df38-406d-a6d2-c666154b218d,2025-02-10,1,69.99,69.99,69.99
7af31fea-df38-406d-a6d2-c666154b218d,2025-02-24,3,71,69.99,75
7af31fea-df38-406d-a6d2-c666154b218d,2025-03-17,2,54.5,52,57
7af31fea-df38-406d-a6d2-c666154b218d,2025-03-24,1,50,50,50
7af31fea-df38-406d-a6d2-c666154b218d,2025-03-31,3,62.05,39,70
7af31fea-df38-406d-a6d2-c666154b218d,2025-04-14,1,57.56,57.56,57.56
7af31fea-df38-406d-a6d2-c666154b218d,2025-04-21,2,49.5,42,57
7af31fea-df38-406d-a6d2-c666154b218d,2025-04-28,1,54.22,54.22,54.22
7af31fea-df38-406d-a6d2-c666154b218d,2025-05-05,2,52.5,50,55
7af31fea-df38-406d-a6d2-c666154b218d,2025-05-12,2,49.5,44.99,54
7af31fea-df38-406d-a6d2-c666154b218d,2025-06-02,1,34,34,34
7af31fea-df38-406d-a6d2-c666154b218d,2025-06-09,1,40,40,40
7af31fea-df38-406d-a6d2-c666154b218d,2025-06-16,1,28.55,28.55,28.55
7af31fea-df38-406d-a6d2-c666154b218d,2025-06-30,3,45,40,58.99
7af31fea-df38-406d-a6d2-c666154b218d,2025-07-07,3,47,44,55
7af31fea-df38-406d-a6d2-c666154b218d,2025-07-14,6,44.25,33,59.99
7af31fea-df38-406d-a6d2-c666154b218d,2025-07-28,3,65,64,74.95
7af31fea-df38-406d-a6d2-c666154b218d,2025-08-11,1,75,75,75
7af31fea-df38-406d-a6d2-c666154b218d,2025-08-18,1,42,42,42
7af31fea-df38-406d-a6d2-c666154b218d,2025-08-25,1,70,70,70
7af31fea-df38-406d-a6d2-c666154b218d,2025-09-01,3,56.4,49.95,65
7af31fea-df38-406d-a6d2-c666154b218d,2025-09-08,1,62.4,62.4,62.4
7af31fea-df38-406d-a6d2-c666154b218d,2025-09-15,4,45,44,50
7af31fea-df38-406d-a6d2-c666154b218d,2025-09-22,1,50,50,50
7af31fea-df38-406d-a6d2-c666154b218d,2025-09-29,2,58,55,61
7af31fea-df38-406d-a6d2-c666154b218d,2025-10-06,2,50.5,49,52
7af31fea-df38-406d-a6d2-c666154b218d,2025-10-20,1,75,75,75
7af31fea-df38-406d-a6d2-c666154b218d,2025-11-03,1,56,56,56
7af31fea-df38-406d-a6d2-c666154b218d,2025-11-24,1,55,55,55
7af31fea-df38-406d-a6d2-c666154b218d,2025-12-01,1,65,65,65
7af31fea-df38-406d-a6d2-c666154b218d,2025-12-15,1,42.89,42.89,42.89
7af31fea-df38-406d-a6d2-c666154b218d,2025-12-22,2,40.22,35,45.44
7af31fea-df38-406d-a6d2-c666154b218d,2026-01-05,2,71.13,67.28,74.99
7af31fea-df38-406d-a6d2-c666154b218d,2026-01-12,2,67.4,60.31,74.49
7af31fea-df38-406d-a6d2-c666154b218d,2026-01-19,1,74.99,74.99,74.99
7af31fea-df38-406d-a6d2-c666154b218d,2026-02-02,1,59.5,59.5,59.5
7af31fea-df38-406d-a6d2-c666154b218d,2026-02-09,1,46.9,46.9,46.9
7af31fea-df38-406d-a6d2-c666154b218d,2026-02-23,2,63.05,46.1,80
7af31fea-df38-406d-a6d2-c666154b218d,2026-03-02,1,58.48,58.48,58.48
7af31fea-df38-406d-a6d2-c666154b218d,2026-03-09,2,80,50.01,110
7af31fea-df38-406d-a6d2-c666154b218d,2026-03-16,1,70,70,70
7af31fea-df38-406d-a6d2-c666154b218d,2026-03-30,1,68,68,68
7af31fea-df38-406d-a6d2-c666154b218d,2026-04-06,2,80.61,71.24,89.99
7af31fea-df38-406d-a6d2-c666154b218d,2026-04-20,2,67.5,50,85
7af31fea-df38-406d-a6d2-c666154b218d,2026-05-18,1,78.82,78.82,78.82
7af31fea-df38-406d-a6d2-c666154b218d,2026-05-25,1,79.99,79.99,79.99
7af31fea-df38-406d-a6d2-c666154b218d,2026-06-01,1,80.51,80.51,80.51
7af31fea-df38-406d-a6d2-c666154b218d,2026-06-08,1,85,85,85
7af31fea-df38-406d-a6d2-c666154b218d,2026-06-15,1,85,85,85
7af31fea-df38-406d-a6d2-c666154b218d,2026-06-22,1,84.53,84.53,84.53
7af31fea-df38-406d-a6d2-c666154b218d,2026-06-29,1,66.84,66.84,66.84
7af31fea-df38-406d-a6d2-c666154b218d,2026-07-13,1,94.05,94.05,94.05
7af31fea-df38-406d-a6d2-c666154b218d,2026-07-20,1,129.99,129.99,129.99
7af31fea-df38-406d-a6d2-c666154b218d,2026-08-03,1,132.45,132.45,132.45
7af31fea-df38-406d-a6d2-c666154b218d,2026-08-17,1,60,60,60
7af3e8da-7924-43d5-97f3-469ba2958085,2023-05-22,1,67,67,67
7af3e8da-7924-43d5-97f3-469ba2958085,2023-07-31,1,37,37,37
7af3e8da-7924-43d5-97f3-469ba2958085,2023-09-11,1,69.99,69.99,69.99
7af3e8da-7924-43d5-97f3-469ba2958085,2023-11-27,1,55,55,55
7af3e8da-7924-43d5-97f3-469ba2958085,2024-01-08,1,42,42,42
7af3e8da-7924-43d5-97f3-469ba2958085,2024-04-22,1,36,36,36
7af3e8da-7924-43d5-97f3-469ba2958085,2024-04-29,1,23.83,23.83,23.83
7af3e8da-7924-43d5-97f3-469ba2958085,2025-03-31,1,41,41,41
7af3e8da-7924-43d5-97f3-469ba2958085,2025-04-07,1,40.8,40.8,40.8
7af3e8da-7924-43d5-97f3-469ba2958085,2025-12-29,1,74.89,74.89,74.89
7af3e8da-7924-43d5-97f3-469ba2958085,2026-02-16,1,90,90,90
7af3e8da-7924-43d5-97f3-469ba2958085,2026-03-02,2,68.26,53,83.52
7af3e8da-7924-43d5-97f3-469ba2958085,2026-05-04,1,180,180,180
7af3e8da-7924-43d5-97f3-469ba2958085,2026-07-06,1,265,265,265
7af3e8da-7924-43d5-97f3-469ba2958085,2026-08-10,1,179.5,179.5,179.5
7af3e8da-7924-43d5-97f3-469ba2958085,2026-08-24,1,72,72,72
7af44fad-fb32-42e1-9c22-90629e0c0fcd,2021-05-03,1,200,200,200
7af44fad-fb32-42e1-9c22-90629e0c0fcd,2021-09-13,1,67.87,67.87,67.87
7af44fad-fb32-42e1-9c22-90629e0c0fcd,2022-06-20,1,63,63,63
7af44fad-fb32-42e1-9c22-90629e0c0fcd,2023-11-13,2,27.99,26,29.99
7af44fad-fb32-42e1-9c22-90629e0c0fcd,2025-10-27,1,134.95,134.95,134.95
7af44fad-fb32-42e1-9c22-90629e0c0fcd,2026-06-01,1,260,260,260
7af475a9-60b6-4477-9506-95adfc018a1b,2021-08-30,1,22,22,22
7af7af4c-7b9b-4367-9f69-8f3811f9cc8d,2022-02-28,1,5.5,5.5,5.5
7af7af4c-7b9b-4367-9f69-8f3811f9cc8d,2022-06-27,1,18.5,18.5,18.5
7af7af4c-7b9b-4367-9f69-8f3811f9cc8d,2025-04-14,1,19.99,19.99,19.99
7af89a9a-0c90-40dd-b59b-36b66a1888db,2026-05-25,1,14.5,14.5,14.5
7afb9ef1-093f-4fca-93cb-f90d9894b6b5,2022-03-28,1,67,67,67
7afb9ef1-093f-4fca-93cb-f90d9894b6b5,2022-12-26,1,81.6,81.6,81.6
7afb9ef1-093f-4fca-93cb-f90d9894b6b5,2023-01-23,1,66,66,66
7afb9ef1-093f-4fca-93cb-f90d9894b6b5,2023-04-24,2,68.5,67,70
7afb9ef1-093f-4fca-93cb-f90d9894b6b5,2023-06-19,1,63,63,63
7afb9ef1-093f-4fca-93cb-f90d9894b6b5,2023-07-03,1,45,45,45
7afb9ef1-093f-4fca-93cb-f90d9894b6b5,2023-08-28,1,45.99,45.99,45.99
7afb9ef1-093f-4fca-93cb-f90d9894b6b5,2023-09-18,1,83.99,83.99,83.99
7afb9ef1-093f-4fca-93cb-f90d9894b6b5,2023-10-16,1,38.4,38.4,38.4
7afb9ef1-093f-4fca-93cb-f90d9894b6b5,2024-02-05,1,43,43,43
7afb9ef1-093f-4fca-93cb-f90d9894b6b5,2024-04-15,1,38.23,38.23,38.23
7afb9ef1-093f-4fca-93cb-f90d9894b6b5,2024-07-01,1,57.99,57.99,57.99
7afb9ef1-093f-4fca-93cb-f90d9894b6b5,2024-08-12,1,55.44,55.44,55.44
7afb9ef1-093f-4fca-93cb-f90d9894b6b5,2025-02-17,1,94.95,94.95,94.95
7afb9ef1-093f-4fca-93cb-f90d9894b6b5,2025-02-24,1,76,76,76
7afb9ef1-093f-4fca-93cb-f90d9894b6b5,2025-03-03,1,50,50,50
7afb9ef1-093f-4fca-93cb-f90d9894b6b5,2025-08-25,1,76.8,76.8,76.8
7afb9ef1-093f-4fca-93cb-f90d9894b6b5,2025-12-08,1,78.5,78.5,78.5
7afb9ef1-093f-4fca-93cb-f90d9894b6b5,2025-12-29,1,60,60,60
7afb9ef1-093f-4fca-93cb-f90d9894b6b5,2026-02-09,1,66,66,66
7afb9ef1-093f-4fca-93cb-f90d9894b6b5,2026-03-09,2,166.14,107.28,225
7afb9ef1-093f-4fca-93cb-f90d9894b6b5,2026-04-13,1,269.69,269.69,269.69
7afb9ef1-093f-4fca-93cb-f90d9894b6b5,2026-04-27,1,252,252,252
7afb9ef1-093f-4fca-93cb-f90d9894b6b5,2026-05-25,1,275,275,275
7afb9ef1-093f-4fca-93cb-f90d9894b6b5,2026-06-08,1,194.18,194.18,194.18
7afb9ef1-093f-4fca-93cb-f90d9894b6b5,2026-08-03,1,290,290,290
7afd8170-007a-4bee-bf3a-48a522a4ee0b,2021-03-29,1,800,800,800
7afd8170-007a-4bee-bf3a-48a522a4ee0b,2021-07-19,1,650.01,650.01,650.01
7afd8170-007a-4bee-bf3a-48a522a4ee0b,2021-11-01,1,646.52,646.52,646.52
7afd8170-007a-4bee-bf3a-48a522a4ee0b,2021-12-13,1,587.78,587.78,587.78
7afd8170-007a-4bee-bf3a-48a522a4ee0b,2023-10-02,1,560,560,560
7afd8170-007a-4bee-bf3a-48a522a4ee0b,2023-11-13,1,420,420,420
7afd8170-007a-4bee-bf3a-48a522a4ee0b,2024-03-04,1,554.92,554.92,554.92
7afd8170-007a-4bee-bf3a-48a522a4ee0b,2025-07-14,1,3500,3500,3500
7afd8170-007a-4bee-bf3a-48a522a4ee0b,2026-01-05,1,4080,4080,4080
7afd8170-007a-4bee-bf3a-48a522a4ee0b,2026-04-06,1,10800,10800,10800
