asset_id,week_start,n_sales,median_price,low,high
96017407-a597-46b6-bf34-ee53bfcd6849,2023-08-14,1,58.55,58.55,58.55
96017407-a597-46b6-bf34-ee53bfcd6849,2024-09-30,1,38,38,38
96017407-a597-46b6-bf34-ee53bfcd6849,2024-12-09,1,24,24,24
96017407-a597-46b6-bf34-ee53bfcd6849,2025-01-06,1,49,49,49
96017407-a597-46b6-bf34-ee53bfcd6849,2025-01-20,1,50,50,50
96017407-a597-46b6-bf34-ee53bfcd6849,2026-02-23,3,101.08,101.08,109.62
96017407-a597-46b6-bf34-ee53bfcd6849,2026-03-02,1,80.89,80.89,80.89
96017407-a597-46b6-bf34-ee53bfcd6849,2026-04-06,1,134.5,134.5,134.5
96017407-a597-46b6-bf34-ee53bfcd6849,2026-08-17,1,112.5,112.5,112.5
96021291-1fe5-4e37-9d0c-0d37a283f219,2025-05-19,1,15,15,15
96057ed8-ab94-4d11-8ad8-fcbc45dd0fc3,2021-03-22,1,99.99,99.99,99.99
96057ed8-ab94-4d11-8ad8-fcbc45dd0fc3,2021-06-28,1,83,83,83
96057ed8-ab94-4d11-8ad8-fcbc45dd0fc3,2021-07-26,1,71,71,71
96057ed8-ab94-4d11-8ad8-fcbc45dd0fc3,2021-10-11,1,60,60,60
96057ed8-ab94-4d11-8ad8-fcbc45dd0fc3,2021-10-25,1,41,41,41
96057ed8-ab94-4d11-8ad8-fcbc45dd0fc3,2022-06-27,1,51,51,51
96057ed8-ab94-4d11-8ad8-fcbc45dd0fc3,2022-07-11,1,56,56,56
96057ed8-ab94-4d11-8ad8-fcbc45dd0fc3,2022-11-21,1,53,53,53
96057ed8-ab94-4d11-8ad8-fcbc45dd0fc3,2023-01-09,3,49.99,49,52.23
96057ed8-ab94-4d11-8ad8-fcbc45dd0fc3,2023-02-06,1,45.6,45.6,45.6
96057ed8-ab94-4d11-8ad8-fcbc45dd0fc3,2023-02-20,2,36,30,42
96057ed8-ab94-4d11-8ad8-fcbc45dd0fc3,2023-05-08,1,45,45,45
96057ed8-ab94-4d11-8ad8-fcbc45dd0fc3,2023-05-22,1,30,30,30
96057ed8-ab94-4d11-8ad8-fcbc45dd0fc3,2023-08-28,1,39,39,39
96057ed8-ab94-4d11-8ad8-fcbc45dd0fc3,2023-12-11,1,20.05,20.05,20.05
96057ed8-ab94-4d11-8ad8-fcbc45dd0fc3,2024-01-22,1,40.49,40.49,40.49
96057ed8-ab94-4d11-8ad8-fcbc45dd0fc3,2024-01-29,1,27,27,27
96057ed8-ab94-4d11-8ad8-fcbc45dd0fc3,2024-02-26,1,37,37,37
96057ed8-ab94-4d11-8ad8-fcbc45dd0fc3,2024-03-04,1,23.5,23.5,23.5
96057ed8-ab94-4d11-8ad8-fcbc45dd0fc3,2024-03-18,2,27.08,14.5,39.66
96057ed8-ab94-4d11-8ad8-fcbc45dd0fc3,2024-04-08,1,20.06,20.06,20.06
96057ed8-ab94-4d11-8ad8-fcbc45dd0fc3,2024-04-22,1,37.38,37.38,37.38
96057ed8-ab94-4d11-8ad8-fcbc45dd0fc3,2024-06-10,1,21.5,21.5,21.5
96057ed8-ab94-4d11-8ad8-fcbc45dd0fc3,2024-06-24,1,30.31,30.31,30.31
96057ed8-ab94-4d11-8ad8-fcbc45dd0fc3,2024-07-01,1,27,27,27
96057ed8-ab94-4d11-8ad8-fcbc45dd0fc3,2024-07-15,1,27,27,27
96057ed8-ab94-4d11-8ad8-fcbc45dd0fc3,2024-07-29,1,24.25,24.25,24.25
96057ed8-ab94-4d11-8ad8-fcbc45dd0fc3,2024-08-12,1,39,39,39
96057ed8-ab94-4d11-8ad8-fcbc45dd0fc3,2024-09-02,1,39.99,39.99,39.99
96057ed8-ab94-4d11-8ad8-fcbc45dd0fc3,2024-11-18,1,30,30,30
96057ed8-ab94-4d11-8ad8-fcbc45dd0fc3,2024-11-25,1,23.45,23.45,23.45
96057ed8-ab94-4d11-8ad8-fcbc45dd0fc3,2025-01-06,1,34.99,34.99,34.99
96057ed8-ab94-4d11-8ad8-fcbc45dd0fc3,2025-01-20,1,34.99,34.99,34.99
96057ed8-ab94-4d11-8ad8-fcbc45dd0fc3,2025-02-10,1,35,35,35
96057ed8-ab94-4d11-8ad8-fcbc45dd0fc3,2025-03-31,1,27.9,27.9,27.9
96057ed8-ab94-4d11-8ad8-fcbc45dd0fc3,2025-05-12,1,39.99,39.99,39.99
96057ed8-ab94-4d11-8ad8-fcbc45dd0fc3,2025-05-26,1,27.5,27.5,27.5
96057ed8-ab94-4d11-8ad8-fcbc45dd0fc3,2025-07-14,1,59.69,59.69,59.69
96057ed8-ab94-4d11-8ad8-fcbc45dd0fc3,2025-08-25,1,65,65,65
96057ed8-ab94-4d11-8ad8-fcbc45dd0fc3,2025-10-06,1,48.03,48.03,48.03
96057ed8-ab94-4d11-8ad8-fcbc45dd0fc3,2025-10-13,1,48,48,48
96057ed8-ab94-4d11-8ad8-fcbc45dd0fc3,2025-11-17,1,54,54,54
96057ed8-ab94-4d11-8ad8-fcbc45dd0fc3,2026-01-05,1,70,70,70
96057ed8-ab94-4d11-8ad8-fcbc45dd0fc3,2026-03-23,1,47,47,47
96057ed8-ab94-4d11-8ad8-fcbc45dd0fc3,2026-04-13,1,69.01,69.01,69.01
96057ed8-ab94-4d11-8ad8-fcbc45dd0fc3,2026-04-20,1,90,90,90
96057ed8-ab94-4d11-8ad8-fcbc45dd0fc3,2026-05-04,1,80,80,80
96057ed8-ab94-4d11-8ad8-fcbc45dd0fc3,2026-05-11,2,86.5,85,87.99
9605ec21-7ef5-495d-bd6a-c51bc420444d,2023-08-07,1,10.5,10.5,10.5
9606e54a-2b0f-4ba6-bd40-eb0d26f1e24d,2021-08-02,1,531,531,531
9606e54a-2b0f-4ba6-bd40-eb0d26f1e24d,2023-01-16,1,35,35,35
9606e54a-2b0f-4ba6-bd40-eb0d26f1e24d,2023-04-17,1,199.99,199.99,199.99
9606e54a-2b0f-4ba6-bd40-eb0d26f1e24d,2023-08-14,2,51.6,50.4,52.8
9606e54a-2b0f-4ba6-bd40-eb0d26f1e24d,2025-04-28,1,64.8,64.8,64.8
9606e54a-2b0f-4ba6-bd40-eb0d26f1e24d,2025-07-07,1,86.4,86.4,86.4
9606e54a-2b0f-4ba6-bd40-eb0d26f1e24d,2025-12-22,1,205,205,205
9606e54a-2b0f-4ba6-bd40-eb0d26f1e24d,2026-04-20,1,408,408,408
960cb55f-04a3-43be-af1f-6d21dd7a9f61,2025-02-24,1,40,40,40
960cb55f-04a3-43be-af1f-6d21dd7a9f61,2025-10-13,1,69.99,69.99,69.99
960cb55f-04a3-43be-af1f-6d21dd7a9f61,2025-12-01,1,60,60,60
960e9f9d-b59f-4957-9344-03ab46f86b2b,2021-12-27,1,14.5,14.5,14.5
960e9f9d-b59f-4957-9344-03ab46f86b2b,2022-02-21,1,20.5,20.5,20.5
960e9f9d-b59f-4957-9344-03ab46f86b2b,2022-06-20,2,16.5,16.5,16.5
960e9f9d-b59f-4957-9344-03ab46f86b2b,2022-10-10,1,39.99,39.99,39.99
960e9f9d-b59f-4957-9344-03ab46f86b2b,2023-10-09,1,5.5,5.5,5.5
960e9f9d-b59f-4957-9344-03ab46f86b2b,2025-06-30,1,11.41,11.41,11.41
96108207-e98b-48c7-9e02-e91cf87b9500,2021-03-15,1,10,10,10
96108207-e98b-48c7-9e02-e91cf87b9500,2021-07-12,1,18.5,18.5,18.5
96108207-e98b-48c7-9e02-e91cf87b9500,2021-07-19,2,26.5,26,27
96108207-e98b-48c7-9e02-e91cf87b9500,2021-07-26,2,22.75,20.5,25
96108207-e98b-48c7-9e02-e91cf87b9500,2021-08-16,1,25,25,25
96108207-e98b-48c7-9e02-e91cf87b9500,2021-11-22,1,14.5,14.5,14.5
96108207-e98b-48c7-9e02-e91cf87b9500,2021-11-29,1,15.5,15.5,15.5
96108207-e98b-48c7-9e02-e91cf87b9500,2021-12-06,1,18,18,18
96108207-e98b-48c7-9e02-e91cf87b9500,2021-12-13,2,18.5,15.5,21.5
96108207-e98b-48c7-9e02-e91cf87b9500,2021-12-27,2,19,15.5,22.5
96108207-e98b-48c7-9e02-e91cf87b9500,2022-01-17,1,25.39,25.39,25.39
96108207-e98b-48c7-9e02-e91cf87b9500,2022-02-21,1,19.09,19.09,19.09
96108207-e98b-48c7-9e02-e91cf87b9500,2022-03-14,1,39,39,39
96108207-e98b-48c7-9e02-e91cf87b9500,2022-03-28,1,39.99,39.99,39.99
96108207-e98b-48c7-9e02-e91cf87b9500,2022-04-18,1,26,26,26
96108207-e98b-48c7-9e02-e91cf87b9500,2022-05-09,1,14.75,14.75,14.75
96108207-e98b-48c7-9e02-e91cf87b9500,2022-07-11,1,27.5,27.5,27.5
96108207-e98b-48c7-9e02-e91cf87b9500,2022-07-18,1,15,15,15
96108207-e98b-48c7-9e02-e91cf87b9500,2022-08-01,1,22,22,22
96108207-e98b-48c7-9e02-e91cf87b9500,2022-08-08,1,16,16,16
96108207-e98b-48c7-9e02-e91cf87b9500,2022-09-05,1,39.99,39.99,39.99
96108207-e98b-48c7-9e02-e91cf87b9500,2023-01-16,1,29.99,29.99,29.99
96108207-e98b-48c7-9e02-e91cf87b9500,2023-02-20,1,22.5,22.5,22.5
96108207-e98b-48c7-9e02-e91cf87b9500,2023-02-27,1,28.5,28.5,28.5
96108207-e98b-48c7-9e02-e91cf87b9500,2023-03-27,1,20,20,20
96108207-e98b-48c7-9e02-e91cf87b9500,2023-10-16,1,28,28,28
96108207-e98b-48c7-9e02-e91cf87b9500,2024-02-19,1,9.6,9.6,9.6
96108207-e98b-48c7-9e02-e91cf87b9500,2024-04-29,1,30,30,30
96108207-e98b-48c7-9e02-e91cf87b9500,2024-05-20,1,14.99,14.99,14.99
96108207-e98b-48c7-9e02-e91cf87b9500,2024-09-09,2,22,19,25
96108207-e98b-48c7-9e02-e91cf87b9500,2024-09-23,1,25,25,25
96108207-e98b-48c7-9e02-e91cf87b9500,2025-01-06,1,36.9,36.9,36.9
96108207-e98b-48c7-9e02-e91cf87b9500,2025-01-20,1,21.25,21.25,21.25
96108207-e98b-48c7-9e02-e91cf87b9500,2025-04-07,2,24.94,14.92,34.95
96108207-e98b-48c7-9e02-e91cf87b9500,2025-05-05,1,45,45,45
96108207-e98b-48c7-9e02-e91cf87b9500,2025-10-06,1,40.5,40.5,40.5
96108207-e98b-48c7-9e02-e91cf87b9500,2025-10-27,1,50,50,50
96108207-e98b-48c7-9e02-e91cf87b9500,2025-11-24,1,40,40,40
96108207-e98b-48c7-9e02-e91cf87b9500,2025-12-22,1,49.99,49.99,49.99
96108207-e98b-48c7-9e02-e91cf87b9500,2026-01-19,1,41,41,41
96108207-e98b-48c7-9e02-e91cf87b9500,2026-02-02,1,47.79,47.79,47.79
96108207-e98b-48c7-9e02-e91cf87b9500,2026-02-09,1,40,40,40
96108207-e98b-48c7-9e02-e91cf87b9500,2026-03-23,1,40,40,40
96108207-e98b-48c7-9e02-e91cf87b9500,2026-05-25,1,49.99,49.99,49.99
96108207-e98b-48c7-9e02-e91cf87b9500,2026-06-01,1,40,40,40
96108207-e98b-48c7-9e02-e91cf87b9500,2026-07-13,1,53.49,53.49,53.49
96108207-e98b-48c7-9e02-e91cf87b9500,2026-07-27,1,39.87,39.87,39.87
96108207-e98b-48c7-9e02-e91cf87b9500,2026-08-31,1,99.95,99.95,99.95
9610bc5d-97ed-4eb2-8368-1341ada3b019,2026-04-27,6,58.5,32.76,65
9610bc5d-97ed-4eb2-8368-1341ada3b019,2026-05-04,14,65,51,76
9610bc5d-97ed-4eb2-8368-1341ada3b019,2026-05-11,8,64.5,39.99,71
9610bc5d-97ed-4eb2-8368-1341ada3b019,2026-05-18,9,67.14,60,120
9610bc5d-97ed-4eb2-8368-1341ada3b019,2026-05-25,15,69,63,77
9610bc5d-97ed-4eb2-8368-1341ada3b019,2026-06-01,14,69.99,52,124.1
9610bc5d-97ed-4eb2-8368-1341ada3b019,2026-06-08,15,76.99,62.72,111.05
9610bc5d-97ed-4eb2-8368-1341ada3b019,2026-06-15,22,78,50,99.99
9610bc5d-97ed-4eb2-8368-1341ada3b019,2026-06-22,5,84.99,78,99.15
9610bc5d-97ed-4eb2-8368-1341ada3b019,2026-06-29,5,69.72,55,90
9610bc5d-97ed-4eb2-8368-1341ada3b019,2026-07-06,6,75.5,63,80
9610bc5d-97ed-4eb2-8368-1341ada3b019,2026-07-13,7,70,63,122
9610bc5d-97ed-4eb2-8368-1341ada3b019,2026-07-20,12,69.5,59,100
9610bc5d-97ed-4eb2-8368-1341ada3b019,2026-07-27,6,70,53.3,75
9610bc5d-97ed-4eb2-8368-1341ada3b019,2026-08-03,8,71.5,54,85.54
9610bc5d-97ed-4eb2-8368-1341ada3b019,2026-08-10,14,63.99,46,76.51
9610bc5d-97ed-4eb2-8368-1341ada3b019,2026-08-17,5,70,61,86.05
9610bc5d-97ed-4eb2-8368-1341ada3b019,2026-08-24,9,68,55,90
9610bc5d-97ed-4eb2-8368-1341ada3b019,2026-08-31,11,72,50.57,109.17
9610bc5d-97ed-4eb2-8368-1341ada3b019,2026-09-07,2,69,68,70
9611415e-9e7e-48f7-a1e8-7a60ebcf7306,2022-11-14,1,20.49,20.49,20.49
9611415e-9e7e-48f7-a1e8-7a60ebcf7306,2023-01-30,1,29.99,29.99,29.99
9611415e-9e7e-48f7-a1e8-7a60ebcf7306,2023-02-27,1,26.69,26.69,26.69
9611415e-9e7e-48f7-a1e8-7a60ebcf7306,2023-04-24,1,21.57,21.57,21.57
9611415e-9e7e-48f7-a1e8-7a60ebcf7306,2023-08-28,1,47,47,47
9611415e-9e7e-48f7-a1e8-7a60ebcf7306,2023-10-02,3,20.5,13.52,32.4
9611415e-9e7e-48f7-a1e8-7a60ebcf7306,2024-05-13,1,57.86,57.86,57.86
9611415e-9e7e-48f7-a1e8-7a60ebcf7306,2024-05-20,1,62.99,62.99,62.99
9611415e-9e7e-48f7-a1e8-7a60ebcf7306,2024-07-15,1,47,47,47
9611415e-9e7e-48f7-a1e8-7a60ebcf7306,2024-08-05,1,31.33,31.33,31.33
9611415e-9e7e-48f7-a1e8-7a60ebcf7306,2024-10-21,1,40,40,40
9611415e-9e7e-48f7-a1e8-7a60ebcf7306,2024-12-02,1,32,32,32
9611415e-9e7e-48f7-a1e8-7a60ebcf7306,2025-04-07,1,99.95,99.95,99.95
9611415e-9e7e-48f7-a1e8-7a60ebcf7306,2025-04-14,1,97.49,97.49,97.49
9611415e-9e7e-48f7-a1e8-7a60ebcf7306,2025-05-19,1,89,89,89
9611415e-9e7e-48f7-a1e8-7a60ebcf7306,2025-08-11,1,55,55,55
9611415e-9e7e-48f7-a1e8-7a60ebcf7306,2025-12-08,1,33,33,33
9611415e-9e7e-48f7-a1e8-7a60ebcf7306,2025-12-15,1,39,39,39
9611415e-9e7e-48f7-a1e8-7a60ebcf7306,2026-01-12,1,31.9,31.9,31.9
9611415e-9e7e-48f7-a1e8-7a60ebcf7306,2026-03-30,1,37.99,37.99,37.99
9611415e-9e7e-48f7-a1e8-7a60ebcf7306,2026-04-27,1,25.21,25.21,25.21
961435c5-79dd-49de-b47e-7d5ce14a2a5d,2022-04-11,1,23.5,23.5,23.5
961435c5-79dd-49de-b47e-7d5ce14a2a5d,2023-02-20,1,36.99,36.99,36.99
961435c5-79dd-49de-b47e-7d5ce14a2a5d,2023-06-12,1,40,40,40
961435c5-79dd-49de-b47e-7d5ce14a2a5d,2024-01-22,1,26,26,26
961435c5-79dd-49de-b47e-7d5ce14a2a5d,2024-04-08,1,26,26,26
961435c5-79dd-49de-b47e-7d5ce14a2a5d,2026-03-09,1,135.5,135.5,135.5
961435c5-79dd-49de-b47e-7d5ce14a2a5d,2026-05-18,1,249.99,249.99,249.99
961435c5-79dd-49de-b47e-7d5ce14a2a5d,2026-06-15,1,250,250,250
961435c5-79dd-49de-b47e-7d5ce14a2a5d,2026-08-03,1,133.82,133.82,133.82
96146a25-9563-474e-922b-000a9ba58d4d,2025-02-10,1,27.76,27.76,27.76
96157bc5-30c9-459c-92de-2f1afc4c42b9,2023-10-30,6,20.4,19.52,30
96157bc5-30c9-459c-92de-2f1afc4c42b9,2023-11-06,3,20.4,15.02,22.8
96157bc5-30c9-459c-92de-2f1afc4c42b9,2023-11-13,2,21.6,21.6,21.6
96157bc5-30c9-459c-92de-2f1afc4c42b9,2023-11-20,10,20.4,14.69,36
96157bc5-30c9-459c-92de-2f1afc4c42b9,2023-11-27,3,20.4,14.19,21.6
96157bc5-30c9-459c-92de-2f1afc4c42b9,2023-12-04,2,21.05,20.5,21.6
96157bc5-30c9-459c-92de-2f1afc4c42b9,2023-12-11,2,24,24,24
96157bc5-30c9-459c-92de-2f1afc4c42b9,2023-12-18,4,19.8,19,22.8
96157bc5-30c9-459c-92de-2f1afc4c42b9,2023-12-25,4,21.05,20.4,24
96157bc5-30c9-459c-92de-2f1afc4c42b9,2024-01-01,1,19.2,19.2,19.2
96157bc5-30c9-459c-92de-2f1afc4c42b9,2024-01-08,4,22.8,19.95,22.8
96157bc5-30c9-459c-92de-2f1afc4c42b9,2024-01-15,1,18,18,18
96157bc5-30c9-459c-92de-2f1afc4c42b9,2024-01-22,5,20.4,20.4,25
96157bc5-30c9-459c-92de-2f1afc4c42b9,2024-01-29,3,23.04,10,24
96157bc5-30c9-459c-92de-2f1afc4c42b9,2024-02-05,2,24,24,24
96157bc5-30c9-459c-92de-2f1afc4c42b9,2024-02-12,2,22.8,21.6,24
96157bc5-30c9-459c-92de-2f1afc4c42b9,2024-02-19,2,19.8,19.2,20.4
96157bc5-30c9-459c-92de-2f1afc4c42b9,2024-02-26,2,21,20.4,21.6
96157bc5-30c9-459c-92de-2f1afc4c42b9,2024-03-04,5,19.2,19.2,43.52
96157bc5-30c9-459c-92de-2f1afc4c42b9,2024-03-11,1,19.99,19.99,19.99
96157bc5-30c9-459c-92de-2f1afc4c42b9,2024-03-18,4,22.05,21.6,43.26
96157bc5-30c9-459c-92de-2f1afc4c42b9,2024-04-01,3,19.2,16.8,21.6
96157bc5-30c9-459c-92de-2f1afc4c42b9,2024-04-08,5,19.2,16.8,30
96157bc5-30c9-459c-92de-2f1afc4c42b9,2024-04-15,2,20.4,19.2,21.6
96157bc5-30c9-459c-92de-2f1afc4c42b9,2024-04-22,5,16.8,15.5,18
96157bc5-30c9-459c-92de-2f1afc4c42b9,2024-04-29,4,17.4,16.8,40.92
96157bc5-30c9-459c-92de-2f1afc4c42b9,2024-05-06,3,18,18,18
96157bc5-30c9-459c-92de-2f1afc4c42b9,2024-05-13,1,38.07,38.07,38.07
96157bc5-30c9-459c-92de-2f1afc4c42b9,2024-05-20,1,41.4,41.4,41.4
96157bc5-30c9-459c-92de-2f1afc4c42b9,2024-05-27,1,21.6,21.6,21.6
96157bc5-30c9-459c-92de-2f1afc4c42b9,2024-06-10,2,20.8,20,21.6
96157bc5-30c9-459c-92de-2f1afc4c42b9,2024-06-17,1,25,25,25
96157bc5-30c9-459c-92de-2f1afc4c42b9,2024-07-08,1,21.6,21.6,21.6
96157bc5-30c9-459c-92de-2f1afc4c42b9,2024-07-22,1,15,15,15
96157bc5-30c9-459c-92de-2f1afc4c42b9,2024-07-29,1,33,33,33
96157bc5-30c9-459c-92de-2f1afc4c42b9,2024-08-12,1,19.88,19.88,19.88
96157bc5-30c9-459c-92de-2f1afc4c42b9,2024-08-19,2,18,18,18
96157bc5-30c9-459c-92de-2f1afc4c42b9,2024-09-02,1,32.99,32.99,32.99
96157bc5-30c9-459c-92de-2f1afc4c42b9,2024-09-23,2,25.5,21,30
96157bc5-30c9-459c-92de-2f1afc4c42b9,2024-10-14,1,20.4,20.4,20.4
96157bc5-30c9-459c-92de-2f1afc4c42b9,2024-10-21,1,25.5,25.5,25.5
96157bc5-30c9-459c-92de-2f1afc4c42b9,2024-11-11,1,31.99,31.99,31.99
96157bc5-30c9-459c-92de-2f1afc4c42b9,2024-11-25,1,25.42,25.42,25.42
96157bc5-30c9-459c-92de-2f1afc4c42b9,2024-12-09,2,29.5,29,30
96157bc5-30c9-459c-92de-2f1afc4c42b9,2024-12-16,1,30,30,30
96157bc5-30c9-459c-92de-2f1afc4c42b9,2024-12-23,1,19.99,19.99,19.99
96157bc5-30c9-459c-92de-2f1afc4c42b9,2024-12-30,2,32.38,29.75,35
96157bc5-30c9-459c-92de-2f1afc4c42b9,2025-01-27,1,18.64,18.64,18.64
96157bc5-30c9-459c-92de-2f1afc4c42b9,2025-02-03,4,29,22.5,39.99
96157bc5-30c9-459c-92de-2f1afc4c42b9,2025-02-10,2,27.5,25,30
96157bc5-30c9-459c-92de-2f1afc4c42b9,2025-02-17,2,39.49,38.99,39.99
96157bc5-30c9-459c-92de-2f1afc4c42b9,2025-02-24,3,20,10.5,29
96157bc5-30c9-459c-92de-2f1afc4c42b9,2025-03-03,1,39.99,39.99,39.99
96157bc5-30c9-459c-92de-2f1afc4c42b9,2025-03-10,1,29,29,29
96157bc5-30c9-459c-92de-2f1afc4c42b9,2025-03-17,2,49.5,39.99,59
96157bc5-30c9-459c-92de-2f1afc4c42b9,2025-03-24,2,39.73,34.5,44.97
96157bc5-30c9-459c-92de-2f1afc4c42b9,2025-04-14,1,29,29,29
96157bc5-30c9-459c-92de-2f1afc4c42b9,2025-05-12,1,39.99,39.99,39.99
96157bc5-30c9-459c-92de-2f1afc4c42b9,2025-05-19,1,30,30,30
96157bc5-30c9-459c-92de-2f1afc4c42b9,2025-06-02,1,35,35,35
96157bc5-30c9-459c-92de-2f1afc4c42b9,2025-06-16,1,22.99,22.99,22.99
96157bc5-30c9-459c-92de-2f1afc4c42b9,2025-06-30,1,30,30,30
96157bc5-30c9-459c-92de-2f1afc4c42b9,2025-07-07,1,25.5,25.5,25.5
96157bc5-30c9-459c-92de-2f1afc4c42b9,2025-07-21,3,22.8,22.8,29
96157bc5-30c9-459c-92de-2f1afc4c42b9,2025-08-04,2,40.5,36,44.99
96157bc5-30c9-459c-92de-2f1afc4c42b9,2025-08-18,3,27.99,25.23,28
96157bc5-30c9-459c-92de-2f1afc4c42b9,2025-08-25,1,49.99,49.99,49.99
96157bc5-30c9-459c-92de-2f1afc4c42b9,2025-09-22,4,32,22.8,50
96157bc5-30c9-459c-92de-2f1afc4c42b9,2025-10-06,1,37.2,37.2,37.2
96157bc5-30c9-459c-92de-2f1afc4c42b9,2025-10-20,1,35,35,35
96157bc5-30c9-459c-92de-2f1afc4c42b9,2025-11-03,3,33.5,26,40.77
96157bc5-30c9-459c-92de-2f1afc4c42b9,2025-11-10,2,36.48,27,45.95
96157bc5-30c9-459c-92de-2f1afc4c42b9,2025-11-17,1,47.75,47.75,47.75
96157bc5-30c9-459c-92de-2f1afc4c42b9,2025-12-01,1,45,45,45
96157bc5-30c9-459c-92de-2f1afc4c42b9,2025-12-08,1,66.52,66.52,66.52
96157bc5-30c9-459c-92de-2f1afc4c42b9,2025-12-22,1,40,40,40
96157bc5-30c9-459c-92de-2f1afc4c42b9,2026-01-05,1,37.2,37.2,37.2
96157bc5-30c9-459c-92de-2f1afc4c42b9,2026-01-12,1,49,49,49
96157bc5-30c9-459c-92de-2f1afc4c42b9,2026-01-19,1,49,49,49
96157bc5-30c9-459c-92de-2f1afc4c42b9,2026-02-09,1,45,45,45
96157bc5-30c9-459c-92de-2f1afc4c42b9,2026-02-16,1,47.76,47.76,47.76
96157bc5-30c9-459c-92de-2f1afc4c42b9,2026-02-23,3,38,33.7,48
96157bc5-30c9-459c-92de-2f1afc4c42b9,2026-03-09,3,35,27.6,35
96157bc5-30c9-459c-92de-2f1afc4c42b9,2026-04-06,1,59.99,59.99,59.99
96157bc5-30c9-459c-92de-2f1afc4c42b9,2026-04-13,1,47,47,47
96157bc5-30c9-459c-92de-2f1afc4c42b9,2026-04-20,1,69,69,69
96157bc5-30c9-459c-92de-2f1afc4c42b9,2026-05-18,2,50.92,45,56.85
96157bc5-30c9-459c-92de-2f1afc4c42b9,2026-05-25,2,47,44,50
96157bc5-30c9-459c-92de-2f1afc4c42b9,2026-06-08,2,62.29,45,79.58
96157bc5-30c9-459c-92de-2f1afc4c42b9,2026-06-22,2,54,48,59.99
96157bc5-30c9-459c-92de-2f1afc4c42b9,2026-07-06,2,45,45,45
96157bc5-30c9-459c-92de-2f1afc4c42b9,2026-07-13,1,56,56,56
96157bc5-30c9-459c-92de-2f1afc4c42b9,2026-07-27,1,40.8,40.8,40.8
96157bc5-30c9-459c-92de-2f1afc4c42b9,2026-08-03,1,35,35,35
96157bc5-30c9-459c-92de-2f1afc4c42b9,2026-08-10,1,59.99,59.99,59.99
96157bc5-30c9-459c-92de-2f1afc4c42b9,2026-08-31,1,16.5,16.5,16.5
96187faf-f192-42f4-9d60-9157fc73027b,2022-01-10,1,162.5,162.5,162.5
96187faf-f192-42f4-9d60-9157fc73027b,2022-05-02,1,175.22,175.22,175.22
96187faf-f192-42f4-9d60-9157fc73027b,2022-06-20,1,202,202,202
96187faf-f192-42f4-9d60-9157fc73027b,2023-02-06,1,100,100,100
96187faf-f192-42f4-9d60-9157fc73027b,2023-03-06,1,125,125,125
96187faf-f192-42f4-9d60-9157fc73027b,2023-03-27,1,174.99,174.99,174.99
96187faf-f192-42f4-9d60-9157fc73027b,2023-07-10,1,87,87,87
96187faf-f192-42f4-9d60-9157fc73027b,2023-07-17,1,60,60,60
96187faf-f192-42f4-9d60-9157fc73027b,2023-09-25,1,50,50,50
96187faf-f192-42f4-9d60-9157fc73027b,2023-10-02,1,84,84,84
96187faf-f192-42f4-9d60-9157fc73027b,2023-11-20,1,48,48,48
96187faf-f192-42f4-9d60-9157fc73027b,2024-02-05,1,80,80,80
96187faf-f192-42f4-9d60-9157fc73027b,2024-03-11,1,107.5,107.5,107.5
96187faf-f192-42f4-9d60-9157fc73027b,2024-04-15,1,96.86,96.86,96.86
96187faf-f192-42f4-9d60-9157fc73027b,2024-06-10,1,67.2,67.2,67.2
96187faf-f192-42f4-9d60-9157fc73027b,2024-08-12,1,82.49,82.49,82.49
96187faf-f192-42f4-9d60-9157fc73027b,2024-08-26,1,89.99,89.99,89.99
96187faf-f192-42f4-9d60-9157fc73027b,2024-09-30,1,99.99,99.99,99.99
96187faf-f192-42f4-9d60-9157fc73027b,2025-02-03,1,129.99,129.99,129.99
96187faf-f192-42f4-9d60-9157fc73027b,2025-02-24,1,81.84,81.84,81.84
96187faf-f192-42f4-9d60-9157fc73027b,2025-04-28,1,99,99,99
96187faf-f192-42f4-9d60-9157fc73027b,2025-07-07,1,185,185,185
96187faf-f192-42f4-9d60-9157fc73027b,2025-08-25,1,134.73,134.73,134.73
96187faf-f192-42f4-9d60-9157fc73027b,2025-10-20,1,144.5,144.5,144.5
96187faf-f192-42f4-9d60-9157fc73027b,2025-11-24,1,217.5,217.5,217.5
96187faf-f192-42f4-9d60-9157fc73027b,2025-12-01,1,170,170,170
96187faf-f192-42f4-9d60-9157fc73027b,2025-12-08,1,180,180,180
96187faf-f192-42f4-9d60-9157fc73027b,2025-12-15,1,166.5,166.5,166.5
96187faf-f192-42f4-9d60-9157fc73027b,2026-01-19,1,234,234,234
96187faf-f192-42f4-9d60-9157fc73027b,2026-01-26,2,227.61,205.22,250
96187faf-f192-42f4-9d60-9157fc73027b,2026-02-16,2,323.5,300,347
96187faf-f192-42f4-9d60-9157fc73027b,2026-03-23,1,298.5,298.5,298.5
96187faf-f192-42f4-9d60-9157fc73027b,2026-04-20,1,399,399,399
96187faf-f192-42f4-9d60-9157fc73027b,2026-05-11,1,599,599,599
96187faf-f192-42f4-9d60-9157fc73027b,2026-05-18,1,599,599,599
96187faf-f192-42f4-9d60-9157fc73027b,2026-06-01,1,625,625,625
96187faf-f192-42f4-9d60-9157fc73027b,2026-06-08,2,705,650,760
96187faf-f192-42f4-9d60-9157fc73027b,2026-06-15,1,1000,1000,1000
961c31bd-134d-477c-8eaf-b0ae603738c0,2021-11-15,1,46,46,46
961c31bd-134d-477c-8eaf-b0ae603738c0,2022-01-31,1,90,90,90
961c31bd-134d-477c-8eaf-b0ae603738c0,2022-04-25,1,23.5,23.5,23.5
961c31bd-134d-477c-8eaf-b0ae603738c0,2023-01-23,1,74.99,74.99,74.99
961c31bd-134d-477c-8eaf-b0ae603738c0,2023-10-23,1,38.15,38.15,38.15
961c31bd-134d-477c-8eaf-b0ae603738c0,2023-12-11,2,20.01,16.83,23.19
961c31bd-134d-477c-8eaf-b0ae603738c0,2025-04-07,1,15,15,15
961c31bd-134d-477c-8eaf-b0ae603738c0,2026-01-12,1,41,41,41
961c31bd-134d-477c-8eaf-b0ae603738c0,2026-03-23,1,40,40,40
961c31bd-134d-477c-8eaf-b0ae603738c0,2026-08-31,4,52,38,64
961c640d-bee0-409b-a1e5-cb54ad0ebcf7,2023-03-27,1,24.99,24.99,24.99
961c640d-bee0-409b-a1e5-cb54ad0ebcf7,2025-03-10,1,25,25,25
961c640d-bee0-409b-a1e5-cb54ad0ebcf7,2026-03-02,1,68.41,68.41,68.41
961c640d-bee0-409b-a1e5-cb54ad0ebcf7,2026-07-06,1,201.12,201.12,201.12
961e7cc8-038c-449e-a189-b6e2c0fc54ce,2026-08-24,1,35.45,35.45,35.45
9620c84a-807b-4471-a9d1-cdbe5d7041b4,2025-09-15,5,750,660,850
9620c84a-807b-4471-a9d1-cdbe5d7041b4,2025-09-22,3,660,600,660
9620c84a-807b-4471-a9d1-cdbe5d7041b4,2025-09-29,4,665,564,719
9620c84a-807b-4471-a9d1-cdbe5d7041b4,2025-10-06,2,800,750,850
9620c84a-807b-4471-a9d1-cdbe5d7041b4,2025-10-13,2,580,560,600
9620c84a-807b-4471-a9d1-cdbe5d7041b4,2025-10-20,4,670,504,719.99
9620c84a-807b-4471-a9d1-cdbe5d7041b4,2025-10-27,2,671,665,677
9620c84a-807b-4471-a9d1-cdbe5d7041b4,2025-11-03,2,647.5,645.01,650
9620c84a-807b-4471-a9d1-cdbe5d7041b4,2025-11-10,3,602,538.05,665
9620c84a-807b-4471-a9d1-cdbe5d7041b4,2025-11-17,2,625.7,619,632.4
9620c84a-807b-4471-a9d1-cdbe5d7041b4,2025-11-24,2,592.5,535,650
9620c84a-807b-4471-a9d1-cdbe5d7041b4,2025-12-01,2,650.45,499.8,801.09
9620c84a-807b-4471-a9d1-cdbe5d7041b4,2025-12-08,1,510,510,510
9620c84a-807b-4471-a9d1-cdbe5d7041b4,2025-12-15,1,620,620,620
9620c84a-807b-4471-a9d1-cdbe5d7041b4,2025-12-22,7,500,455,600
9620c84a-807b-4471-a9d1-cdbe5d7041b4,2025-12-29,2,686.5,629.99,743
9620c84a-807b-4471-a9d1-cdbe5d7041b4,2026-01-12,3,625,625,669.95
9620c84a-807b-4471-a9d1-cdbe5d7041b4,2026-01-19,2,645,590,700
9620c84a-807b-4471-a9d1-cdbe5d7041b4,2026-01-26,3,611,550,616.97
9620c84a-807b-4471-a9d1-cdbe5d7041b4,2026-02-02,6,619.85,545,888.22
9620c84a-807b-4471-a9d1-cdbe5d7041b4,2026-02-09,5,618,547.2,660
9620c84a-807b-4471-a9d1-cdbe5d7041b4,2026-02-16,4,675,650,721.82
9620c84a-807b-4471-a9d1-cdbe5d7041b4,2026-02-23,3,610,600,626
9620c84a-807b-4471-a9d1-cdbe5d7041b4,2026-03-02,2,617,610,624
9620c84a-807b-4471-a9d1-cdbe5d7041b4,2026-03-09,7,638,600,690.73
9620c84a-807b-4471-a9d1-cdbe5d7041b4,2026-03-16,2,675,650,699.99
9620c84a-807b-4471-a9d1-cdbe5d7041b4,2026-03-23,1,564,564,564
9620c84a-807b-4471-a9d1-cdbe5d7041b4,2026-03-30,2,700,700,700
9620c84a-807b-4471-a9d1-cdbe5d7041b4,2026-04-06,5,660,615,729
9620c84a-807b-4471-a9d1-cdbe5d7041b4,2026-04-13,5,699.99,630,725
9620c84a-807b-4471-a9d1-cdbe5d7041b4,2026-04-27,6,627.5,569.99,682
9620c84a-807b-4471-a9d1-cdbe5d7041b4,2026-05-04,7,670.26,620,700
9620c84a-807b-4471-a9d1-cdbe5d7041b4,2026-05-11,2,734.5,594,875
9620c84a-807b-4471-a9d1-cdbe5d7041b4,2026-05-18,4,663.58,633.6,999
9620c84a-807b-4471-a9d1-cdbe5d7041b4,2026-05-25,1,760,760,760
9620c84a-807b-4471-a9d1-cdbe5d7041b4,2026-06-01,5,690,650,810
9620c84a-807b-4471-a9d1-cdbe5d7041b4,2026-06-08,3,660,630,675
9620c84a-807b-4471-a9d1-cdbe5d7041b4,2026-06-15,3,630,562.92,649.99
9620c84a-807b-4471-a9d1-cdbe5d7041b4,2026-06-22,5,639.99,610,650
9620c84a-807b-4471-a9d1-cdbe5d7041b4,2026-06-29,4,561.58,474,600
9620c84a-807b-4471-a9d1-cdbe5d7041b4,2026-07-06,5,600,570,650
9620c84a-807b-4471-a9d1-cdbe5d7041b4,2026-07-13,4,587,549.5,799
9620c84a-807b-4471-a9d1-cdbe5d7041b4,2026-07-20,6,570.92,540,605.12
9620c84a-807b-4471-a9d1-cdbe5d7041b4,2026-07-27,4,549,516,633.16
9620c84a-807b-4471-a9d1-cdbe5d7041b4,2026-08-03,6,589,504,749.99
9620c84a-807b-4471-a9d1-cdbe5d7041b4,2026-08-10,7,576.58,550,620
9620c84a-807b-4471-a9d1-cdbe5d7041b4,2026-08-17,7,585.99,530,605.63
9620c84a-807b-4471-a9d1-cdbe5d7041b4,2026-08-24,10,572.5,516,689.99
9620c84a-807b-4471-a9d1-cdbe5d7041b4,2026-08-31,6,542.5,510,630
9620c84a-807b-4471-a9d1-cdbe5d7041b4,2026-09-07,1,550,550,550
9621a088-dec7-4179-859d-8fc2e6cdfb09,2025-02-03,2,33.5,33,34
9621a088-dec7-4179-859d-8fc2e6cdfb09,2025-02-10,1,35.65,35.65,35.65
9621a088-dec7-4179-859d-8fc2e6cdfb09,2025-02-17,9,36,31,63.95
9621a088-dec7-4179-859d-8fc2e6cdfb09,2025-02-24,5,45,29.99,50
9621a088-dec7-4179-859d-8fc2e6cdfb09,2025-03-03,2,43.5,42,45
9621a088-dec7-4179-859d-8fc2e6cdfb09,2025-03-24,2,48.99,47.99,49.99
9621a088-dec7-4179-859d-8fc2e6cdfb09,2025-03-31,1,35,35,35
9621a088-dec7-4179-859d-8fc2e6cdfb09,2025-04-07,3,49.99,40,52
9621a088-dec7-4179-859d-8fc2e6cdfb09,2025-04-14,1,36,36,36
9621a088-dec7-4179-859d-8fc2e6cdfb09,2025-04-21,3,42,39,49.99
9621a088-dec7-4179-859d-8fc2e6cdfb09,2025-04-28,3,48.75,43.75,49.99
9621a088-dec7-4179-859d-8fc2e6cdfb09,2025-05-05,3,43,42,49.99
9621a088-dec7-4179-859d-8fc2e6cdfb09,2025-05-12,2,53.24,32.5,73.99
9621a088-dec7-4179-859d-8fc2e6cdfb09,2025-05-19,2,34.24,28.49,40
9621a088-dec7-4179-859d-8fc2e6cdfb09,2025-05-26,1,49.99,49.99,49.99
9621a088-dec7-4179-859d-8fc2e6cdfb09,2025-06-02,5,51,47,59.99
9621a088-dec7-4179-859d-8fc2e6cdfb09,2025-06-09,6,41,36,47
9621a088-dec7-4179-859d-8fc2e6cdfb09,2025-06-16,4,43,37,59.99
9621a088-dec7-4179-859d-8fc2e6cdfb09,2025-06-23,1,50.4,50.4,50.4
9621a088-dec7-4179-859d-8fc2e6cdfb09,2025-07-07,2,61.31,41,81.63
9621a088-dec7-4179-859d-8fc2e6cdfb09,2025-07-14,1,54,54,54
9621a088-dec7-4179-859d-8fc2e6cdfb09,2025-07-21,3,57.99,57,59.99
9621a088-dec7-4179-859d-8fc2e6cdfb09,2025-07-28,1,52,52,52
9621a088-dec7-4179-859d-8fc2e6cdfb09,2025-08-11,1,57.9,57.9,57.9
9621a088-dec7-4179-859d-8fc2e6cdfb09,2025-08-18,2,67.63,63,72.26
9621a088-dec7-4179-859d-8fc2e6cdfb09,2025-08-25,2,65.97,54,77.93
9621a088-dec7-4179-859d-8fc2e6cdfb09,2025-09-01,5,99,85,148.99
9621a088-dec7-4179-859d-8fc2e6cdfb09,2025-09-08,5,94.99,58,99.99
9621a088-dec7-4179-859d-8fc2e6cdfb09,2025-09-15,1,98,98,98
9621a088-dec7-4179-859d-8fc2e6cdfb09,2025-09-29,3,110,99,130
9621a088-dec7-4179-859d-8fc2e6cdfb09,2025-10-06,2,90.5,81,100
9621a088-dec7-4179-859d-8fc2e6cdfb09,2025-10-20,3,69.99,68,75
9621a088-dec7-4179-859d-8fc2e6cdfb09,2025-10-27,2,86,62,109.99
9621a088-dec7-4179-859d-8fc2e6cdfb09,2025-11-03,2,89,78,99.99
9621a088-dec7-4179-859d-8fc2e6cdfb09,2025-11-17,2,88.5,62,115
9621a088-dec7-4179-859d-8fc2e6cdfb09,2025-11-24,2,77,73,81
9621a088-dec7-4179-859d-8fc2e6cdfb09,2025-12-01,4,71,66,96.37
9621a088-dec7-4179-859d-8fc2e6cdfb09,2025-12-15,1,74.75,74.75,74.75
9621a088-dec7-4179-859d-8fc2e6cdfb09,2025-12-22,1,85,85,85
9621a088-dec7-4179-859d-8fc2e6cdfb09,2025-12-29,1,75,75,75
9621a088-dec7-4179-859d-8fc2e6cdfb09,2026-01-05,3,85,75,88
9621a088-dec7-4179-859d-8fc2e6cdfb09,2026-01-12,1,90,90,90
9621a088-dec7-4179-859d-8fc2e6cdfb09,2026-01-19,1,137.65,137.65,137.65
9621a088-dec7-4179-859d-8fc2e6cdfb09,2026-02-02,4,85,80,172.02
9621a088-dec7-4179-859d-8fc2e6cdfb09,2026-02-16,2,90,56,124
9621a088-dec7-4179-859d-8fc2e6cdfb09,2026-03-09,1,67,67,67
9621a088-dec7-4179-859d-8fc2e6cdfb09,2026-03-16,10,100,79.99,129.61
9621a088-dec7-4179-859d-8fc2e6cdfb09,2026-03-23,6,101.75,90,139.99
9621a088-dec7-4179-859d-8fc2e6cdfb09,2026-03-30,10,115.72,85.21,125
9621a088-dec7-4179-859d-8fc2e6cdfb09,2026-04-06,5,149.99,112.5,180
9621a088-dec7-4179-859d-8fc2e6cdfb09,2026-04-13,14,87,78,93
9621a088-dec7-4179-859d-8fc2e6cdfb09,2026-04-20,1,130,130,130
9621a088-dec7-4179-859d-8fc2e6cdfb09,2026-04-27,3,168,160,200
9621a088-dec7-4179-859d-8fc2e6cdfb09,2026-05-04,1,177,177,177
9621a088-dec7-4179-859d-8fc2e6cdfb09,2026-05-11,1,183.51,183.51,183.51
9621a088-dec7-4179-859d-8fc2e6cdfb09,2026-05-18,2,197.5,185,210
9621a088-dec7-4179-859d-8fc2e6cdfb09,2026-05-25,1,240,240,240
9621a088-dec7-4179-859d-8fc2e6cdfb09,2026-06-01,1,250,250,250
9621a088-dec7-4179-859d-8fc2e6cdfb09,2026-06-08,1,257.97,257.97,257.97
9621a088-dec7-4179-859d-8fc2e6cdfb09,2026-06-15,1,250,250,250
9621a088-dec7-4179-859d-8fc2e6cdfb09,2026-06-22,1,272.95,272.95,272.95
9621a088-dec7-4179-859d-8fc2e6cdfb09,2026-06-29,1,115,115,115
9621a088-dec7-4179-859d-8fc2e6cdfb09,2026-07-13,3,153.5,149.99,165
9621a088-dec7-4179-859d-8fc2e6cdfb09,2026-07-27,3,188,153.5,199
9621a088-dec7-4179-859d-8fc2e6cdfb09,2026-08-03,1,155,155,155
9621a088-dec7-4179-859d-8fc2e6cdfb09,2026-08-10,3,158.99,137.5,175
9621a088-dec7-4179-859d-8fc2e6cdfb09,2026-08-17,3,135,127.5,158.99
9621a088-dec7-4179-859d-8fc2e6cdfb09,2026-08-24,3,162.5,153.5,200
9621a088-dec7-4179-859d-8fc2e6cdfb09,2026-08-31,2,166.7,165,168.4
9622510b-dc0b-4433-adcf-8b6f8d46940d,2021-11-22,1,15000,15000,15000
9622510b-dc0b-4433-adcf-8b6f8d46940d,2022-05-09,1,8769,8769,8769
9622510b-dc0b-4433-adcf-8b6f8d46940d,2022-05-23,1,10200,10200,10200
9622510b-dc0b-4433-adcf-8b6f8d46940d,2022-06-13,1,10000,10000,10000
9622510b-dc0b-4433-adcf-8b6f8d46940d,2022-10-31,1,26000,26000,26000
9622510b-dc0b-4433-adcf-8b6f8d46940d,2023-08-28,1,37000,37000,37000
9622510b-dc0b-4433-adcf-8b6f8d46940d,2023-09-25,1,33100,33100,33100
9622510b-dc0b-4433-adcf-8b6f8d46940d,2026-03-02,1,82240.2,82240.2,82240.2
9622510b-dc0b-4433-adcf-8b6f8d46940d,2026-07-20,1,66000,66000,66000
96254a67-003e-4079-9373-ffcd485bd202,2023-10-09,1,14.64,14.64,14.64
96254a67-003e-4079-9373-ffcd485bd202,2023-10-16,1,12.2,12.2,12.2
96254a67-003e-4079-9373-ffcd485bd202,2023-12-18,1,11.5,11.5,11.5
96254a67-003e-4079-9373-ffcd485bd202,2023-12-25,1,12,12,12
96254a67-003e-4079-9373-ffcd485bd202,2024-03-11,1,34.95,34.95,34.95
9627acd4-466d-410d-b01d-db025ae08308,2026-04-27,12,40,35,50.4
9627acd4-466d-410d-b01d-db025ae08308,2026-05-04,17,39.88,32,57.79
9627acd4-466d-410d-b01d-db025ae08308,2026-05-11,8,38.5,35,45
9627acd4-466d-410d-b01d-db025ae08308,2026-05-18,9,42.99,39,53
9627acd4-466d-410d-b01d-db025ae08308,2026-05-25,20,45,39.99,74.97
9627acd4-466d-410d-b01d-db025ae08308,2026-06-01,21,49.99,43,64.69
9627acd4-466d-410d-b01d-db025ae08308,2026-06-08,16,50,45,67
9627acd4-466d-410d-b01d-db025ae08308,2026-06-15,8,48.6,42.52,73.14
9627acd4-466d-410d-b01d-db025ae08308,2026-06-22,7,47,40,60
9627acd4-466d-410d-b01d-db025ae08308,2026-06-29,8,54,40,63.32
9627acd4-466d-410d-b01d-db025ae08308,2026-07-06,14,51.5,35,71
9627acd4-466d-410d-b01d-db025ae08308,2026-07-13,5,57.6,45,71
9627acd4-466d-410d-b01d-db025ae08308,2026-07-20,5,46,36,59.99
9627acd4-466d-410d-b01d-db025ae08308,2026-07-27,7,49,46,68.95
9627acd4-466d-410d-b01d-db025ae08308,2026-08-03,7,52,45.9,62.4
9627acd4-466d-410d-b01d-db025ae08308,2026-08-10,6,47.5,45,49.99
9627acd4-466d-410d-b01d-db025ae08308,2026-08-17,7,45,38,54
9627acd4-466d-410d-b01d-db025ae08308,2026-08-24,7,51.15,40,85.25
9627acd4-466d-410d-b01d-db025ae08308,2026-08-31,8,44,36.12,55
9627acd4-466d-410d-b01d-db025ae08308,2026-09-07,1,52,52,52
962bf1ac-e0c3-48c4-bd3e-97785c22ea93,2026-03-02,1,76,76,76
962bf1ac-e0c3-48c4-bd3e-97785c22ea93,2026-03-09,6,76.94,66.51,94.75
962bf1ac-e0c3-48c4-bd3e-97785c22ea93,2026-03-16,8,79.86,63.6,84.77
962bf1ac-e0c3-48c4-bd3e-97785c22ea93,2026-03-23,7,80,61.92,114.99
962bf1ac-e0c3-48c4-bd3e-97785c22ea93,2026-03-30,11,82,54,109.5
962bf1ac-e0c3-48c4-bd3e-97785c22ea93,2026-04-06,7,86,80,99
962bf1ac-e0c3-48c4-bd3e-97785c22ea93,2026-04-13,4,82,79.98,94.95
962bf1ac-e0c3-48c4-bd3e-97785c22ea93,2026-04-20,7,84.99,80,94.4
962bf1ac-e0c3-48c4-bd3e-97785c22ea93,2026-04-27,8,88.5,79.99,122.5
962bf1ac-e0c3-48c4-bd3e-97785c22ea93,2026-05-04,15,90,80,100
962bf1ac-e0c3-48c4-bd3e-97785c22ea93,2026-05-11,8,95,80,109.99
962bf1ac-e0c3-48c4-bd3e-97785c22ea93,2026-05-18,7,100,95,119.99
962bf1ac-e0c3-48c4-bd3e-97785c22ea93,2026-05-25,7,104.99,86.88,131.5
962bf1ac-e0c3-48c4-bd3e-97785c22ea93,2026-06-01,14,106.5,88.5,140
962bf1ac-e0c3-48c4-bd3e-97785c22ea93,2026-06-08,3,100,79,110
962bf1ac-e0c3-48c4-bd3e-97785c22ea93,2026-06-15,7,95.8,90,115
962bf1ac-e0c3-48c4-bd3e-97785c22ea93,2026-06-22,9,114.95,90,151
962bf1ac-e0c3-48c4-bd3e-97785c22ea93,2026-06-29,4,101.75,90,145
962bf1ac-e0c3-48c4-bd3e-97785c22ea93,2026-07-06,2,119.25,118.5,119.99
962bf1ac-e0c3-48c4-bd3e-97785c22ea93,2026-07-13,3,110,103.2,125.5
962bf1ac-e0c3-48c4-bd3e-97785c22ea93,2026-07-20,5,110,89.99,120
962bf1ac-e0c3-48c4-bd3e-97785c22ea93,2026-07-27,10,101.25,90,129.99
962bf1ac-e0c3-48c4-bd3e-97785c22ea93,2026-08-03,10,86.5,70,127
962bf1ac-e0c3-48c4-bd3e-97785c22ea93,2026-08-10,9,97,86,134.5
962bf1ac-e0c3-48c4-bd3e-97785c22ea93,2026-08-17,7,119.99,100,125
962bf1ac-e0c3-48c4-bd3e-97785c22ea93,2026-08-24,3,138,120,225
962bf1ac-e0c3-48c4-bd3e-97785c22ea93,2026-08-31,11,124.95,115,132.5
962bf1ac-e0c3-48c4-bd3e-97785c22ea93,2026-09-07,3,112.5,109.99,113.5
962c1807-e3c9-4328-9dd1-821b422135e3,2022-07-11,1,22.79,22.79,22.79
962d5104-d030-4e02-9d0c-ce975450452f,2024-07-08,1,8.01,8.01,8.01
962d5104-d030-4e02-9d0c-ce975450452f,2024-07-29,1,23.99,23.99,23.99
962d5104-d030-4e02-9d0c-ce975450452f,2024-11-04,1,22.98,22.98,22.98
962d5104-d030-4e02-9d0c-ce975450452f,2024-12-16,1,16.98,16.98,16.98
962d5104-d030-4e02-9d0c-ce975450452f,2026-03-16,1,69.99,69.99,69.99
962de528-d547-4a2c-8c6e-9fae26726f5f,2023-06-05,1,57.6,57.6,57.6
962de528-d547-4a2c-8c6e-9fae26726f5f,2025-03-17,1,200,200,200
962de528-d547-4a2c-8c6e-9fae26726f5f,2026-04-27,1,515,515,515
962ffe62-9df1-47d8-9575-0010b6504f40,2021-02-15,1,399.99,399.99,399.99
962ffe62-9df1-47d8-9575-0010b6504f40,2021-03-08,1,355,355,355
962ffe62-9df1-47d8-9575-0010b6504f40,2021-03-22,1,300,300,300
962ffe62-9df1-47d8-9575-0010b6504f40,2021-07-19,1,319.99,319.99,319.99
962ffe62-9df1-47d8-9575-0010b6504f40,2021-09-13,1,256,256,256
962ffe62-9df1-47d8-9575-0010b6504f40,2021-09-20,1,225.29,225.29,225.29
962ffe62-9df1-47d8-9575-0010b6504f40,2021-10-04,1,182.5,182.5,182.5
962ffe62-9df1-47d8-9575-0010b6504f40,2021-10-25,2,111.75,78,145.5
962ffe62-9df1-47d8-9575-0010b6504f40,2021-11-22,1,125,125,125
962ffe62-9df1-47d8-9575-0010b6504f40,2021-11-29,1,100,100,100
962ffe62-9df1-47d8-9575-0010b6504f40,2021-12-13,1,80,80,80
962ffe62-9df1-47d8-9575-0010b6504f40,2021-12-20,1,111,111,111
962ffe62-9df1-47d8-9575-0010b6504f40,2021-12-27,1,100.99,100.99,100.99
962ffe62-9df1-47d8-9575-0010b6504f40,2022-01-03,1,150,150,150
962ffe62-9df1-47d8-9575-0010b6504f40,2022-02-14,1,150,150,150
962ffe62-9df1-47d8-9575-0010b6504f40,2022-02-28,1,128.5,128.5,128.5
962ffe62-9df1-47d8-9575-0010b6504f40,2022-03-28,1,300,300,300
962ffe62-9df1-47d8-9575-0010b6504f40,2022-04-11,1,119.5,119.5,119.5
962ffe62-9df1-47d8-9575-0010b6504f40,2022-04-25,1,145,145,145
962ffe62-9df1-47d8-9575-0010b6504f40,2022-05-23,1,145,145,145
962ffe62-9df1-47d8-9575-0010b6504f40,2022-06-13,1,85,85,85
962ffe62-9df1-47d8-9575-0010b6504f40,2022-07-04,1,155.5,155.5,155.5
962ffe62-9df1-47d8-9575-0010b6504f40,2022-07-25,2,85.1,79.2,91
962ffe62-9df1-47d8-9575-0010b6504f40,2022-08-01,2,131.09,122.18,140
962ffe62-9df1-47d8-9575-0010b6504f40,2022-08-29,1,116.35,116.35,116.35
962ffe62-9df1-47d8-9575-0010b6504f40,2022-09-19,1,100,100,100
962ffe62-9df1-47d8-9575-0010b6504f40,2022-10-03,1,102.5,102.5,102.5
962ffe62-9df1-47d8-9575-0010b6504f40,2022-10-17,1,166.07,166.07,166.07
962ffe62-9df1-47d8-9575-0010b6504f40,2022-10-31,1,145,145,145
962ffe62-9df1-47d8-9575-0010b6504f40,2022-11-14,1,77,77,77
962ffe62-9df1-47d8-9575-0010b6504f40,2022-11-21,1,85,85,85
962ffe62-9df1-47d8-9575-0010b6504f40,2022-11-28,1,77,77,77
962ffe62-9df1-47d8-9575-0010b6504f40,2022-12-12,1,65,65,65
962ffe62-9df1-47d8-9575-0010b6504f40,2022-12-19,1,69,69,69
962ffe62-9df1-47d8-9575-0010b6504f40,2023-01-02,4,97.94,72,110.2
962ffe62-9df1-47d8-9575-0010b6504f40,2023-01-16,1,166.07,166.07,166.07
962ffe62-9df1-47d8-9575-0010b6504f40,2023-01-23,1,123.15,123.15,123.15
962ffe62-9df1-47d8-9575-0010b6504f40,2023-02-13,1,55,55,55
962ffe62-9df1-47d8-9575-0010b6504f40,2023-02-20,1,107.5,107.5,107.5
962ffe62-9df1-47d8-9575-0010b6504f40,2023-02-27,1,130,130,130
962ffe62-9df1-47d8-9575-0010b6504f40,2023-03-27,1,92.73,92.73,92.73
962ffe62-9df1-47d8-9575-0010b6504f40,2023-04-10,1,90,90,90
962ffe62-9df1-47d8-9575-0010b6504f40,2023-06-05,1,149.99,149.99,149.99
962ffe62-9df1-47d8-9575-0010b6504f40,2023-06-12,1,76,76,76
962ffe62-9df1-47d8-9575-0010b6504f40,2023-06-19,2,56,56,56
962ffe62-9df1-47d8-9575-0010b6504f40,2023-07-17,2,123.53,81,166.07
962ffe62-9df1-47d8-9575-0010b6504f40,2023-08-21,1,110.71,110.71,110.71
962ffe62-9df1-47d8-9575-0010b6504f40,2023-09-25,1,153.5,153.5,153.5
962ffe62-9df1-47d8-9575-0010b6504f40,2023-10-02,2,131.06,96.05,166.07
962ffe62-9df1-47d8-9575-0010b6504f40,2023-10-23,1,66.16,66.16,66.16
962ffe62-9df1-47d8-9575-0010b6504f40,2023-11-13,1,166.07,166.07,166.07
962ffe62-9df1-47d8-9575-0010b6504f40,2023-11-20,1,166.07,166.07,166.07
962ffe62-9df1-47d8-9575-0010b6504f40,2023-12-25,1,126.3,126.3,126.3
962ffe62-9df1-47d8-9575-0010b6504f40,2024-01-15,1,91.5,91.5,91.5
962ffe62-9df1-47d8-9575-0010b6504f40,2024-02-12,1,89,89,89
962ffe62-9df1-47d8-9575-0010b6504f40,2024-02-26,1,81,81,81
962ffe62-9df1-47d8-9575-0010b6504f40,2024-03-04,1,155,155,155
962ffe62-9df1-47d8-9575-0010b6504f40,2024-04-22,1,123.5,123.5,123.5
962ffe62-9df1-47d8-9575-0010b6504f40,2024-05-27,1,52,52,52
962ffe62-9df1-47d8-9575-0010b6504f40,2024-06-03,1,101,101,101
962ffe62-9df1-47d8-9575-0010b6504f40,2024-06-10,2,129.39,92.72,166.07
962ffe62-9df1-47d8-9575-0010b6504f40,2024-07-29,1,166.07,166.07,166.07
962ffe62-9df1-47d8-9575-0010b6504f40,2024-09-02,2,134.7,112.28,157.12
962ffe62-9df1-47d8-9575-0010b6504f40,2024-09-09,1,152.27,152.27,152.27
962ffe62-9df1-47d8-9575-0010b6504f40,2024-10-07,1,57.6,57.6,57.6
962ffe62-9df1-47d8-9575-0010b6504f40,2024-11-11,1,110,110,110
962ffe62-9df1-47d8-9575-0010b6504f40,2024-11-18,1,150.3,150.3,150.3
962ffe62-9df1-47d8-9575-0010b6504f40,2024-11-25,2,157.5,150,165
962ffe62-9df1-47d8-9575-0010b6504f40,2025-02-24,1,81.42,81.42,81.42
962ffe62-9df1-47d8-9575-0010b6504f40,2025-03-17,1,209.5,209.5,209.5
962ffe62-9df1-47d8-9575-0010b6504f40,2025-03-31,1,199.99,199.99,199.99
962ffe62-9df1-47d8-9575-0010b6504f40,2025-04-07,1,138.5,138.5,138.5
962ffe62-9df1-47d8-9575-0010b6504f40,2025-05-05,1,225.47,225.47,225.47
962ffe62-9df1-47d8-9575-0010b6504f40,2025-06-02,1,170.5,170.5,170.5
962ffe62-9df1-47d8-9575-0010b6504f40,2025-09-01,1,200,200,200
962ffe62-9df1-47d8-9575-0010b6504f40,2025-09-15,1,120,120,120
962ffe62-9df1-47d8-9575-0010b6504f40,2025-09-29,1,225,225,225
962ffe62-9df1-47d8-9575-0010b6504f40,2025-11-24,1,88.12,88.12,88.12
962ffe62-9df1-47d8-9575-0010b6504f40,2025-12-01,1,125,125,125
962ffe62-9df1-47d8-9575-0010b6504f40,2025-12-08,1,182.5,182.5,182.5
962ffe62-9df1-47d8-9575-0010b6504f40,2026-01-05,1,250,250,250
962ffe62-9df1-47d8-9575-0010b6504f40,2026-02-23,1,399,399,399
962ffe62-9df1-47d8-9575-0010b6504f40,2026-03-16,1,420,420,420
962ffe62-9df1-47d8-9575-0010b6504f40,2026-03-23,1,408,408,408
962ffe62-9df1-47d8-9575-0010b6504f40,2026-04-13,1,377.47,377.47,377.47
962ffe62-9df1-47d8-9575-0010b6504f40,2026-05-04,1,400,400,400
962ffe62-9df1-47d8-9575-0010b6504f40,2026-05-11,2,556,462,650
962ffe62-9df1-47d8-9575-0010b6504f40,2026-06-01,1,514.8,514.8,514.8
962ffe62-9df1-47d8-9575-0010b6504f40,2026-06-29,1,400,400,400
962ffe62-9df1-47d8-9575-0010b6504f40,2026-07-13,1,600,600,600
962ffe62-9df1-47d8-9575-0010b6504f40,2026-08-03,1,425,425,425
962ffe62-9df1-47d8-9575-0010b6504f40,2026-08-24,1,460,460,460
96325eba-eedd-44ea-8c1d-5d543aafceb5,2021-03-01,1,210,210,210
96325eba-eedd-44ea-8c1d-5d543aafceb5,2021-03-08,1,152.5,152.5,152.5
96325eba-eedd-44ea-8c1d-5d543aafceb5,2021-09-06,1,250,250,250
96325eba-eedd-44ea-8c1d-5d543aafceb5,2021-11-15,1,108.5,108.5,108.5
96325eba-eedd-44ea-8c1d-5d543aafceb5,2022-01-17,1,117.5,117.5,117.5
96325eba-eedd-44ea-8c1d-5d543aafceb5,2022-02-07,1,140,140,140
96325eba-eedd-44ea-8c1d-5d543aafceb5,2022-02-14,1,132.5,132.5,132.5
96325eba-eedd-44ea-8c1d-5d543aafceb5,2022-03-21,1,149.99,149.99,149.99
96325eba-eedd-44ea-8c1d-5d543aafceb5,2022-04-11,2,167.5,160,174.99
96325eba-eedd-44ea-8c1d-5d543aafceb5,2022-06-06,1,97,97,97
96325eba-eedd-44ea-8c1d-5d543aafceb5,2022-06-20,1,113.07,113.07,113.07
96325eba-eedd-44ea-8c1d-5d543aafceb5,2022-06-27,1,200,200,200
96325eba-eedd-44ea-8c1d-5d543aafceb5,2022-08-08,2,98.5,97,100
96325eba-eedd-44ea-8c1d-5d543aafceb5,2022-08-15,2,91,91,91
96325eba-eedd-44ea-8c1d-5d543aafceb5,2022-08-22,1,67.2,67.2,67.2
96325eba-eedd-44ea-8c1d-5d543aafceb5,2022-08-29,1,120,120,120
96325eba-eedd-44ea-8c1d-5d543aafceb5,2022-09-05,1,127.5,127.5,127.5
96325eba-eedd-44ea-8c1d-5d543aafceb5,2022-09-26,3,102.5,79.2,124
96325eba-eedd-44ea-8c1d-5d543aafceb5,2022-10-24,1,81,81,81
96325eba-eedd-44ea-8c1d-5d543aafceb5,2022-11-14,2,82.4,66,98.79
96325eba-eedd-44ea-8c1d-5d543aafceb5,2022-11-21,1,72.51,72.51,72.51
96325eba-eedd-44ea-8c1d-5d543aafceb5,2022-11-28,2,87,74,100
96325eba-eedd-44ea-8c1d-5d543aafceb5,2023-01-23,1,84,84,84
96325eba-eedd-44ea-8c1d-5d543aafceb5,2023-01-30,1,191.23,191.23,191.23
96325eba-eedd-44ea-8c1d-5d543aafceb5,2023-03-06,1,180,180,180
96325eba-eedd-44ea-8c1d-5d543aafceb5,2023-03-27,2,172.25,144.5,200
96325eba-eedd-44ea-8c1d-5d543aafceb5,2023-04-17,1,122.5,122.5,122.5
96325eba-eedd-44ea-8c1d-5d543aafceb5,2023-04-24,1,115,115,115
96325eba-eedd-44ea-8c1d-5d543aafceb5,2023-06-12,1,86,86,86
96325eba-eedd-44ea-8c1d-5d543aafceb5,2023-06-19,1,120,120,120
96325eba-eedd-44ea-8c1d-5d543aafceb5,2023-08-07,1,79,79,79
96325eba-eedd-44ea-8c1d-5d543aafceb5,2023-09-04,1,137.5,137.5,137.5
96325eba-eedd-44ea-8c1d-5d543aafceb5,2023-09-11,1,131.25,131.25,131.25
96325eba-eedd-44ea-8c1d-5d543aafceb5,2023-11-06,1,107.5,107.5,107.5
96325eba-eedd-44ea-8c1d-5d543aafceb5,2023-12-04,2,104.23,98.4,110.06
96325eba-eedd-44ea-8c1d-5d543aafceb5,2023-12-11,1,86,86,86
96325eba-eedd-44ea-8c1d-5d543aafceb5,2023-12-18,1,102.5,102.5,102.5
96325eba-eedd-44ea-8c1d-5d543aafceb5,2024-01-01,2,103.66,81.06,126.25
96325eba-eedd-44ea-8c1d-5d543aafceb5,2024-04-08,1,164,164,164
96325eba-eedd-44ea-8c1d-5d543aafceb5,2024-05-20,2,274.5,150,399
96325eba-eedd-44ea-8c1d-5d543aafceb5,2024-09-23,1,165,165,165
96325eba-eedd-44ea-8c1d-5d543aafceb5,2025-01-20,1,135,135,135
96325eba-eedd-44ea-8c1d-5d543aafceb5,2025-02-17,2,171.22,147.5,194.95
96325eba-eedd-44ea-8c1d-5d543aafceb5,2025-04-07,1,169.99,169.99,169.99
96325eba-eedd-44ea-8c1d-5d543aafceb5,2025-05-19,1,175,175,175
96325eba-eedd-44ea-8c1d-5d543aafceb5,2025-06-16,1,169.99,169.99,169.99
96325eba-eedd-44ea-8c1d-5d543aafceb5,2025-06-23,1,185,185,185
96325eba-eedd-44ea-8c1d-5d543aafceb5,2025-08-04,1,199,199,199
96325eba-eedd-44ea-8c1d-5d543aafceb5,2025-08-11,1,239,239,239
96325eba-eedd-44ea-8c1d-5d543aafceb5,2025-09-22,1,217.5,217.5,217.5
96325eba-eedd-44ea-8c1d-5d543aafceb5,2025-12-01,1,369,369,369
96325eba-eedd-44ea-8c1d-5d543aafceb5,2026-01-19,1,499.99,499.99,499.99
96325eba-eedd-44ea-8c1d-5d543aafceb5,2026-02-02,1,275,275,275
96325eba-eedd-44ea-8c1d-5d543aafceb5,2026-02-09,1,422.51,422.51,422.51
96325eba-eedd-44ea-8c1d-5d543aafceb5,2026-02-23,2,396,372,420
96325eba-eedd-44ea-8c1d-5d543aafceb5,2026-03-30,1,650,650,650
96325eba-eedd-44ea-8c1d-5d543aafceb5,2026-05-11,1,850,850,850
96325eba-eedd-44ea-8c1d-5d543aafceb5,2026-05-25,1,660,660,660
96325eba-eedd-44ea-8c1d-5d543aafceb5,2026-06-08,2,575.5,455,696
96325eba-eedd-44ea-8c1d-5d543aafceb5,2026-07-13,1,499.2,499.2,499.2
96325eba-eedd-44ea-8c1d-5d543aafceb5,2026-08-17,1,899,899,899
96325eba-eedd-44ea-8c1d-5d543aafceb5,2026-08-31,1,799,799,799
9634c612-6127-4f44-aa6d-bb26e89c2a9b,2023-06-26,2,119.96,66.11,173.81
9634c612-6127-4f44-aa6d-bb26e89c2a9b,2023-07-03,2,129.99,129.99,129.99
9634c612-6127-4f44-aa6d-bb26e89c2a9b,2023-07-10,1,61.63,61.63,61.63
9634c612-6127-4f44-aa6d-bb26e89c2a9b,2023-07-17,2,87.4,66.8,108
9634c612-6127-4f44-aa6d-bb26e89c2a9b,2023-07-24,1,51.33,51.33,51.33
9634c612-6127-4f44-aa6d-bb26e89c2a9b,2023-07-31,2,114.31,103.62,124.99
9634c612-6127-4f44-aa6d-bb26e89c2a9b,2023-08-07,1,69.6,69.6,69.6
9634c612-6127-4f44-aa6d-bb26e89c2a9b,2023-08-14,1,33.09,33.09,33.09
9634c612-6127-4f44-aa6d-bb26e89c2a9b,2023-08-21,2,90.73,51.46,129.99
9634c612-6127-4f44-aa6d-bb26e89c2a9b,2023-08-28,3,107.01,100,124.78
9634c612-6127-4f44-aa6d-bb26e89c2a9b,2023-09-04,2,107.5,85,129.99
9634c612-6127-4f44-aa6d-bb26e89c2a9b,2023-09-18,3,119.95,117.79,120
9634c612-6127-4f44-aa6d-bb26e89c2a9b,2023-10-02,3,80,63.87,90
9634c612-6127-4f44-aa6d-bb26e89c2a9b,2023-10-09,2,68.63,62,75.26
9634c612-6127-4f44-aa6d-bb26e89c2a9b,2023-10-23,2,100.11,97,103.22
9634c612-6127-4f44-aa6d-bb26e89c2a9b,2023-10-30,2,69.75,57.49,82
9634c612-6127-4f44-aa6d-bb26e89c2a9b,2023-11-06,2,97.5,95,100
9634c612-6127-4f44-aa6d-bb26e89c2a9b,2023-11-13,1,79.05,79.05,79.05
9634c612-6127-4f44-aa6d-bb26e89c2a9b,2023-11-20,1,102.79,102.79,102.79
9634c612-6127-4f44-aa6d-bb26e89c2a9b,2023-11-27,1,85,85,85
9634c612-6127-4f44-aa6d-bb26e89c2a9b,2023-12-11,1,90,90,90
9634c612-6127-4f44-aa6d-bb26e89c2a9b,2023-12-18,4,97.67,95.31,129.99
9634c612-6127-4f44-aa6d-bb26e89c2a9b,2023-12-25,2,235,129.99,340
9634c612-6127-4f44-aa6d-bb26e89c2a9b,2024-01-01,1,129.99,129.99,129.99
9634c612-6127-4f44-aa6d-bb26e89c2a9b,2024-01-08,2,76.69,56,97.38
9634c612-6127-4f44-aa6d-bb26e89c2a9b,2024-01-15,1,125,125,125
9634c612-6127-4f44-aa6d-bb26e89c2a9b,2024-01-22,2,95.66,90,101.32
9634c612-6127-4f44-aa6d-bb26e89c2a9b,2024-01-29,3,78.21,76.69,87.5
9634c612-6127-4f44-aa6d-bb26e89c2a9b,2024-02-05,1,38.81,38.81,38.81
9634c612-6127-4f44-aa6d-bb26e89c2a9b,2024-02-12,3,57.9,54.5,60.41
9634c612-6127-4f44-aa6d-bb26e89c2a9b,2024-02-19,1,49,49,49
9634c612-6127-4f44-aa6d-bb26e89c2a9b,2024-02-26,1,50.61,50.61,50.61
9634c612-6127-4f44-aa6d-bb26e89c2a9b,2024-03-04,1,109.8,109.8,109.8
9634c612-6127-4f44-aa6d-bb26e89c2a9b,2024-03-11,1,58.26,58.26,58.26
9634c612-6127-4f44-aa6d-bb26e89c2a9b,2024-03-18,5,85.4,48.3,130
9634c612-6127-4f44-aa6d-bb26e89c2a9b,2024-04-01,1,81.14,81.14,81.14
9634c612-6127-4f44-aa6d-bb26e89c2a9b,2024-04-22,3,100,78.91,124.99
9634c612-6127-4f44-aa6d-bb26e89c2a9b,2024-04-29,1,137.5,137.5,137.5
9634c612-6127-4f44-aa6d-bb26e89c2a9b,2024-05-20,2,76.12,76,76.25
9634c612-6127-4f44-aa6d-bb26e89c2a9b,2024-06-03,1,145.8,145.8,145.8
9634c612-6127-4f44-aa6d-bb26e89c2a9b,2024-06-10,2,95,60,129.99
9634c612-6127-4f44-aa6d-bb26e89c2a9b,2024-06-17,1,88,88,88
9634c612-6127-4f44-aa6d-bb26e89c2a9b,2024-06-24,1,90,90,90
9634c612-6127-4f44-aa6d-bb26e89c2a9b,2024-07-01,1,104.95,104.95,104.95
9634c612-6127-4f44-aa6d-bb26e89c2a9b,2024-07-08,1,75,75,75
9634c612-6127-4f44-aa6d-bb26e89c2a9b,2024-07-15,2,83.69,71.04,96.34
9634c612-6127-4f44-aa6d-bb26e89c2a9b,2024-07-22,2,79.16,76,82.33
9634c612-6127-4f44-aa6d-bb26e89c2a9b,2024-07-29,5,83.24,76.84,149
9634c612-6127-4f44-aa6d-bb26e89c2a9b,2024-08-05,2,85.75,69,102.5
9634c612-6127-4f44-aa6d-bb26e89c2a9b,2024-08-12,4,87.5,83.78,101.53
9634c612-6127-4f44-aa6d-bb26e89c2a9b,2024-08-26,2,186.84,73.68,300
9634c612-6127-4f44-aa6d-bb26e89c2a9b,2024-09-02,1,52.02,52.02,52.02
9634c612-6127-4f44-aa6d-bb26e89c2a9b,2024-10-14,2,74.6,70,79.2
9634c612-6127-4f44-aa6d-bb26e89c2a9b,2024-10-21,3,107.83,66.03,119.88
9634c612-6127-4f44-aa6d-bb26e89c2a9b,2024-10-28,1,125,125,125
9634c612-6127-4f44-aa6d-bb26e89c2a9b,2024-11-04,3,97,87,103.51
9634c612-6127-4f44-aa6d-bb26e89c2a9b,2024-11-11,3,82.02,70,95
9634c612-6127-4f44-aa6d-bb26e89c2a9b,2024-11-25,1,81,81,81
9634c612-6127-4f44-aa6d-bb26e89c2a9b,2024-12-02,1,77,77,77
9634c612-6127-4f44-aa6d-bb26e89c2a9b,2024-12-16,1,100.32,100.32,100.32
9634c612-6127-4f44-aa6d-bb26e89c2a9b,2025-01-27,4,88.31,69,124
9634c612-6127-4f44-aa6d-bb26e89c2a9b,2025-02-03,1,110,110,110
9634c612-6127-4f44-aa6d-bb26e89c2a9b,2025-02-10,2,104.36,90,118.72
9634c612-6127-4f44-aa6d-bb26e89c2a9b,2025-03-17,1,124,124,124
9634c612-6127-4f44-aa6d-bb26e89c2a9b,2025-04-14,1,99.99,99.99,99.99
9634c612-6127-4f44-aa6d-bb26e89c2a9b,2025-04-28,2,102.46,100,104.92
9634c612-6127-4f44-aa6d-bb26e89c2a9b,2025-05-05,2,107.45,104.92,109.99
9634c612-6127-4f44-aa6d-bb26e89c2a9b,2025-05-19,5,104.92,100.64,110
9634c612-6127-4f44-aa6d-bb26e89c2a9b,2025-05-26,1,113,113,113
9634c612-6127-4f44-aa6d-bb26e89c2a9b,2025-06-02,2,104.92,104.92,104.92
9634c612-6127-4f44-aa6d-bb26e89c2a9b,2025-06-09,2,104.92,104.92,104.92
9634c612-6127-4f44-aa6d-bb26e89c2a9b,2025-06-16,1,109.92,109.92,109.92
9634c612-6127-4f44-aa6d-bb26e89c2a9b,2025-06-30,1,114.92,114.92,114.92
9634c612-6127-4f44-aa6d-bb26e89c2a9b,2025-07-21,1,150,150,150
9634c612-6127-4f44-aa6d-bb26e89c2a9b,2025-08-04,1,225,225,225
9634c612-6127-4f44-aa6d-bb26e89c2a9b,2025-08-11,1,216,216,216
9634c612-6127-4f44-aa6d-bb26e89c2a9b,2025-09-01,1,250,250,250
9634c612-6127-4f44-aa6d-bb26e89c2a9b,2025-09-15,1,260,260,260
9634c612-6127-4f44-aa6d-bb26e89c2a9b,2025-10-06,1,216,216,216
9634c612-6127-4f44-aa6d-bb26e89c2a9b,2025-10-13,1,225.5,225.5,225.5
9634c612-6127-4f44-aa6d-bb26e89c2a9b,2025-10-27,2,288,288,288
9634c612-6127-4f44-aa6d-bb26e89c2a9b,2025-11-10,1,235,235,235
9634c612-6127-4f44-aa6d-bb26e89c2a9b,2025-11-17,1,168,168,168
9634c612-6127-4f44-aa6d-bb26e89c2a9b,2026-01-12,2,170.39,157.5,183.28
9634c612-6127-4f44-aa6d-bb26e89c2a9b,2026-02-09,1,225,225,225
9634c612-6127-4f44-aa6d-bb26e89c2a9b,2026-02-16,1,230.66,230.66,230.66
9634c612-6127-4f44-aa6d-bb26e89c2a9b,2026-03-09,1,268.74,268.74,268.74
9634c612-6127-4f44-aa6d-bb26e89c2a9b,2026-03-23,1,372,372,372
9634c612-6127-4f44-aa6d-bb26e89c2a9b,2026-03-30,1,312,312,312
9634c612-6127-4f44-aa6d-bb26e89c2a9b,2026-04-20,2,467.53,361.67,573.4
9634c612-6127-4f44-aa6d-bb26e89c2a9b,2026-05-04,2,509.5,419,600
9634c612-6127-4f44-aa6d-bb26e89c2a9b,2026-05-18,2,570.43,561,579.87
9634c612-6127-4f44-aa6d-bb26e89c2a9b,2026-05-25,1,900,900,900
9634c612-6127-4f44-aa6d-bb26e89c2a9b,2026-06-01,1,618.9,618.9,618.9
9634c612-6127-4f44-aa6d-bb26e89c2a9b,2026-06-08,4,592.5,567,617
9634c612-6127-4f44-aa6d-bb26e89c2a9b,2026-06-15,2,521.49,482.97,560
9634c612-6127-4f44-aa6d-bb26e89c2a9b,2026-06-22,1,560,560,560
9634c612-6127-4f44-aa6d-bb26e89c2a9b,2026-06-29,4,513.9,500,530
9634c612-6127-4f44-aa6d-bb26e89c2a9b,2026-07-13,4,538,458.22,571.71
9634c612-6127-4f44-aa6d-bb26e89c2a9b,2026-07-20,2,556.49,512.99,599.99
9634c612-6127-4f44-aa6d-bb26e89c2a9b,2026-08-03,2,509,468,549.99
9634c612-6127-4f44-aa6d-bb26e89c2a9b,2026-08-17,1,510,510,510
9634c612-6127-4f44-aa6d-bb26e89c2a9b,2026-08-31,2,516.35,500,532.7
9634c612-6127-4f44-aa6d-bb26e89c2a9b,2026-09-07,3,530,510,539.99
963572bb-1b32-4734-ab85-3e786f925abe,2023-04-24,1,100,100,100
963572bb-1b32-4734-ab85-3e786f925abe,2023-08-28,1,63.13,63.13,63.13
963572bb-1b32-4734-ab85-3e786f925abe,2026-07-20,1,207.5,207.5,207.5
9636b9af-399d-4cb4-8e57-8e0fe13d4540,2025-10-06,1,349.99,349.99,349.99
9636b9af-399d-4cb4-8e57-8e0fe13d4540,2025-11-17,1,223.67,223.67,223.67
9636b9af-399d-4cb4-8e57-8e0fe13d4540,2025-12-15,1,390,390,390
9637cfe8-5922-493a-85f3-0a6959faf350,2024-06-24,1,29,29,29
9637cfe8-5922-493a-85f3-0a6959faf350,2024-07-08,2,32.3,31,33.59
9637cfe8-5922-493a-85f3-0a6959faf350,2024-07-15,2,21.58,20.1,23.06
9637cfe8-5922-493a-85f3-0a6959faf350,2024-07-29,2,37,25,48.99
9637cfe8-5922-493a-85f3-0a6959faf350,2024-08-12,2,27.75,17.5,38
9637cfe8-5922-493a-85f3-0a6959faf350,2024-09-02,1,19.99,19.99,19.99
9637cfe8-5922-493a-85f3-0a6959faf350,2024-09-23,1,16.5,16.5,16.5
9637cfe8-5922-493a-85f3-0a6959faf350,2024-10-28,1,22.59,22.59,22.59
9637cfe8-5922-493a-85f3-0a6959faf350,2024-11-25,2,21.65,19.54,23.76
9637cfe8-5922-493a-85f3-0a6959faf350,2024-12-02,1,32.29,32.29,32.29
9637cfe8-5922-493a-85f3-0a6959faf350,2024-12-16,1,30,30,30
9637cfe8-5922-493a-85f3-0a6959faf350,2025-01-13,2,36.66,27,46.32
9637cfe8-5922-493a-85f3-0a6959faf350,2025-01-20,1,29.99,29.99,29.99
9637cfe8-5922-493a-85f3-0a6959faf350,2025-02-03,2,29.99,29.99,29.99
9637cfe8-5922-493a-85f3-0a6959faf350,2025-02-17,1,26,26,26
9637cfe8-5922-493a-85f3-0a6959faf350,2025-02-24,3,39.99,34.99,39.99
9637cfe8-5922-493a-85f3-0a6959faf350,2025-03-10,2,30.5,29,32
9637cfe8-5922-493a-85f3-0a6959faf350,2025-03-17,3,23.5,20.5,29
9637cfe8-5922-493a-85f3-0a6959faf350,2025-03-24,1,30,30,30
9637cfe8-5922-493a-85f3-0a6959faf350,2025-03-31,1,30,30,30
9637cfe8-5922-493a-85f3-0a6959faf350,2025-04-07,1,29,29,29
9637cfe8-5922-493a-85f3-0a6959faf350,2025-04-21,1,39.99,39.99,39.99
9637cfe8-5922-493a-85f3-0a6959faf350,2025-04-28,1,39.95,39.95,39.95
9637cfe8-5922-493a-85f3-0a6959faf350,2025-05-05,1,44,44,44
9637cfe8-5922-493a-85f3-0a6959faf350,2025-05-12,2,27.12,26,28.24
9637cfe8-5922-493a-85f3-0a6959faf350,2025-06-02,1,34.99,34.99,34.99
9637cfe8-5922-493a-85f3-0a6959faf350,2025-09-15,1,36.99,36.99,36.99
9637cfe8-5922-493a-85f3-0a6959faf350,2025-09-22,1,37.99,37.99,37.99
9637cfe8-5922-493a-85f3-0a6959faf350,2025-11-03,2,34.98,30,39.95
9637cfe8-5922-493a-85f3-0a6959faf350,2025-11-24,1,40,40,40
9637cfe8-5922-493a-85f3-0a6959faf350,2025-12-01,1,37.95,37.95,37.95
9637cfe8-5922-493a-85f3-0a6959faf350,2025-12-29,1,20,20,20
9637cfe8-5922-493a-85f3-0a6959faf350,2026-01-05,1,17.5,17.5,17.5
9637cfe8-5922-493a-85f3-0a6959faf350,2026-01-12,2,28.77,16.5,41.03
9637cfe8-5922-493a-85f3-0a6959faf350,2026-02-02,2,30.95,29.99,31.9
9637cfe8-5922-493a-85f3-0a6959faf350,2026-02-09,2,19.76,16.51,23
9637cfe8-5922-493a-85f3-0a6959faf350,2026-02-16,2,30.48,29.99,30.98
9637cfe8-5922-493a-85f3-0a6959faf350,2026-03-23,1,30,30,30
9637cfe8-5922-493a-85f3-0a6959faf350,2026-03-30,1,37,37,37
9637cfe8-5922-493a-85f3-0a6959faf350,2026-04-20,1,26,26,26
9637cfe8-5922-493a-85f3-0a6959faf350,2026-04-27,1,35,35,35
9637cfe8-5922-493a-85f3-0a6959faf350,2026-05-04,2,41.75,41.49,42
9637cfe8-5922-493a-85f3-0a6959faf350,2026-05-25,1,30,30,30
9637cfe8-5922-493a-85f3-0a6959faf350,2026-06-15,1,32.99,32.99,32.99
9637cfe8-5922-493a-85f3-0a6959faf350,2026-06-22,3,30,22.51,36.01
9637cfe8-5922-493a-85f3-0a6959faf350,2026-06-29,4,34.52,34.02,38
9637cfe8-5922-493a-85f3-0a6959faf350,2026-07-27,1,21.5,21.5,21.5
9637cfe8-5922-493a-85f3-0a6959faf350,2026-08-03,3,40,38.23,40.72
9637cfe8-5922-493a-85f3-0a6959faf350,2026-08-31,1,50,50,50
9638707d-06cf-4e96-89fa-52970ef5fefd,2023-02-20,1,17.52,17.52,17.52
9638707d-06cf-4e96-89fa-52970ef5fefd,2024-05-13,1,11.05,11.05,11.05
9638707d-06cf-4e96-89fa-52970ef5fefd,2024-05-20,1,14.4,14.4,14.4
9638707d-06cf-4e96-89fa-52970ef5fefd,2025-03-17,1,100,100,100
9638707d-06cf-4e96-89fa-52970ef5fefd,2025-10-13,1,17.4,17.4,17.4
9638707d-06cf-4e96-89fa-52970ef5fefd,2026-04-27,1,22,22,22
9639dee6-888e-4713-8e08-0befb16b33b2,2024-05-20,1,42.59,42.59,42.59
9639dee6-888e-4713-8e08-0befb16b33b2,2024-06-03,1,29.88,29.88,29.88
9639dee6-888e-4713-8e08-0befb16b33b2,2024-06-10,3,48.8,39,49.99
9639dee6-888e-4713-8e08-0befb16b33b2,2024-06-24,4,40.5,28,63.12
9639dee6-888e-4713-8e08-0befb16b33b2,2024-07-01,3,40,35,47.68
9639dee6-888e-4713-8e08-0befb16b33b2,2024-07-08,2,46.5,43,49.99
9639dee6-888e-4713-8e08-0befb16b33b2,2024-07-15,1,36.99,36.99,36.99
9639dee6-888e-4713-8e08-0befb16b33b2,2024-07-29,1,43.2,43.2,43.2
9639dee6-888e-4713-8e08-0befb16b33b2,2024-08-05,1,46.51,46.51,46.51
9639dee6-888e-4713-8e08-0befb16b33b2,2024-08-12,1,55,55,55
9639dee6-888e-4713-8e08-0befb16b33b2,2024-09-09,2,71.22,59,83.43
9639dee6-888e-4713-8e08-0befb16b33b2,2024-09-23,1,43.2,43.2,43.2
9639dee6-888e-4713-8e08-0befb16b33b2,2024-09-30,1,51,51,51
9639dee6-888e-4713-8e08-0befb16b33b2,2024-10-07,1,44,44,44
9639dee6-888e-4713-8e08-0befb16b33b2,2024-10-21,3,36,21.99,41
9639dee6-888e-4713-8e08-0befb16b33b2,2024-10-28,3,40.18,33.69,49.2
9639dee6-888e-4713-8e08-0befb16b33b2,2024-11-04,1,59,59,59
9639dee6-888e-4713-8e08-0befb16b33b2,2024-11-11,1,49.26,49.26,49.26
9639dee6-888e-4713-8e08-0befb16b33b2,2024-11-18,1,41,41,41
9639dee6-888e-4713-8e08-0befb16b33b2,2024-11-25,6,48.39,38.4,71
9639dee6-888e-4713-8e08-0befb16b33b2,2024-12-02,2,62,55,69
9639dee6-888e-4713-8e08-0befb16b33b2,2024-12-09,1,41,41,41
9639dee6-888e-4713-8e08-0befb16b33b2,2024-12-16,1,50,50,50
9639dee6-888e-4713-8e08-0befb16b33b2,2025-01-13,1,49.68,49.68,49.68
9639dee6-888e-4713-8e08-0befb16b33b2,2025-01-20,2,66.5,65,68
9639dee6-888e-4713-8e08-0befb16b33b2,2025-01-27,3,53,41,55
9639dee6-888e-4713-8e08-0befb16b33b2,2025-02-03,4,51,51,63
9639dee6-888e-4713-8e08-0befb16b33b2,2025-02-10,1,44,44,44
9639dee6-888e-4713-8e08-0befb16b33b2,2025-02-17,1,56,56,56
9639dee6-888e-4713-8e08-0befb16b33b2,2025-03-03,1,41.13,41.13,41.13
9639dee6-888e-4713-8e08-0befb16b33b2,2025-03-10,1,59,59,59
9639dee6-888e-4713-8e08-0befb16b33b2,2025-03-17,2,51.6,43.2,60
9639dee6-888e-4713-8e08-0befb16b33b2,2025-03-24,2,75.57,69.96,81.18
9639dee6-888e-4713-8e08-0befb16b33b2,2025-03-31,1,59,59,59
9639dee6-888e-4713-8e08-0befb16b33b2,2025-04-07,2,70,59.99,80
9639dee6-888e-4713-8e08-0befb16b33b2,2025-04-14,1,55,55,55
9639dee6-888e-4713-8e08-0befb16b33b2,2025-05-12,1,80.08,80.08,80.08
9639dee6-888e-4713-8e08-0befb16b33b2,2025-05-19,1,70,70,70
9639dee6-888e-4713-8e08-0befb16b33b2,2025-05-26,2,69.19,68.39,69.99
9639dee6-888e-4713-8e08-0befb16b33b2,2025-06-02,1,50,50,50
9639dee6-888e-4713-8e08-0befb16b33b2,2025-06-09,2,70,70,70
9639dee6-888e-4713-8e08-0befb16b33b2,2025-06-16,1,85,85,85
9639dee6-888e-4713-8e08-0befb16b33b2,2025-06-23,3,73,67,100
9639dee6-888e-4713-8e08-0befb16b33b2,2025-07-07,1,99,99,99
9639dee6-888e-4713-8e08-0befb16b33b2,2025-07-14,3,67,53,72
9639dee6-888e-4713-8e08-0befb16b33b2,2025-07-28,1,90,90,90
9639dee6-888e-4713-8e08-0befb16b33b2,2025-08-18,2,85.5,85,86
9639dee6-888e-4713-8e08-0befb16b33b2,2025-08-25,1,84.99,84.99,84.99
9639dee6-888e-4713-8e08-0befb16b33b2,2025-09-01,2,73.25,61,85.5
9639dee6-888e-4713-8e08-0befb16b33b2,2025-09-08,2,76.75,76.49,77
9639dee6-888e-4713-8e08-0befb16b33b2,2025-09-15,2,76,72,80
9639dee6-888e-4713-8e08-0befb16b33b2,2025-09-29,1,87.7,87.7,87.7
9639dee6-888e-4713-8e08-0befb16b33b2,2025-10-06,2,84,84,84
9639dee6-888e-4713-8e08-0befb16b33b2,2025-10-13,3,90,90,96
9639dee6-888e-4713-8e08-0befb16b33b2,2025-10-20,2,96,93,98.99
9639dee6-888e-4713-8e08-0befb16b33b2,2025-10-27,1,131.12,131.12,131.12
9639dee6-888e-4713-8e08-0befb16b33b2,2025-11-03,1,82.23,82.23,82.23
9639dee6-888e-4713-8e08-0befb16b33b2,2025-11-17,2,85,80,90
9639dee6-888e-4713-8e08-0befb16b33b2,2025-11-24,1,72.51,72.51,72.51
9639dee6-888e-4713-8e08-0befb16b33b2,2025-12-01,2,85.51,80,91.02
9639dee6-888e-4713-8e08-0befb16b33b2,2025-12-08,2,127.3,122.1,132.5
9639dee6-888e-4713-8e08-0befb16b33b2,2025-12-15,3,101,95,101
9639dee6-888e-4713-8e08-0befb16b33b2,2025-12-22,1,84,84,84
9639dee6-888e-4713-8e08-0befb16b33b2,2025-12-29,3,101,101,101
9639dee6-888e-4713-8e08-0befb16b33b2,2026-01-05,3,107.5,95,112.5
9639dee6-888e-4713-8e08-0befb16b33b2,2026-01-12,5,109.99,103.45,122.19
9639dee6-888e-4713-8e08-0befb16b33b2,2026-01-19,2,116.25,112.5,120
9639dee6-888e-4713-8e08-0befb16b33b2,2026-01-26,1,125,125,125
9639dee6-888e-4713-8e08-0befb16b33b2,2026-02-02,4,137.75,102.5,174.99
9639dee6-888e-4713-8e08-0befb16b33b2,2026-02-09,2,133.75,125,142.5
9639dee6-888e-4713-8e08-0befb16b33b2,2026-02-16,1,122.5,122.5,122.5
9639dee6-888e-4713-8e08-0befb16b33b2,2026-02-23,2,148.62,147.25,150
9639dee6-888e-4713-8e08-0befb16b33b2,2026-03-09,1,128.3,128.3,128.3
9639dee6-888e-4713-8e08-0befb16b33b2,2026-03-16,1,142,142,142
9639dee6-888e-4713-8e08-0befb16b33b2,2026-03-30,1,152.5,152.5,152.5
9639dee6-888e-4713-8e08-0befb16b33b2,2026-04-06,1,112.8,112.8,112.8
9639dee6-888e-4713-8e08-0befb16b33b2,2026-04-27,2,171.75,168.5,174.99
9639dee6-888e-4713-8e08-0befb16b33b2,2026-05-04,6,156.56,120,175
9639dee6-888e-4713-8e08-0befb16b33b2,2026-05-11,5,174,165,175
9639dee6-888e-4713-8e08-0befb16b33b2,2026-05-18,6,160.5,138,188.5
9639dee6-888e-4713-8e08-0befb16b33b2,2026-05-25,3,199.99,190,250
9639dee6-888e-4713-8e08-0befb16b33b2,2026-06-01,7,169,145.8,201.99
9639dee6-888e-4713-8e08-0befb16b33b2,2026-06-08,2,178.15,160.8,195.5
9639dee6-888e-4713-8e08-0befb16b33b2,2026-06-15,4,178.6,140.28,220
9639dee6-888e-4713-8e08-0befb16b33b2,2026-06-22,1,177.5,177.5,177.5
9639dee6-888e-4713-8e08-0befb16b33b2,2026-06-29,3,160,132,185
9639dee6-888e-4713-8e08-0befb16b33b2,2026-07-06,1,184.99,184.99,184.99
9639dee6-888e-4713-8e08-0befb16b33b2,2026-07-13,2,181.75,180,183.5
9639dee6-888e-4713-8e08-0befb16b33b2,2026-07-20,2,201,152,249.99
9639dee6-888e-4713-8e08-0befb16b33b2,2026-07-27,5,199,166,216
9639dee6-888e-4713-8e08-0befb16b33b2,2026-08-03,3,200,168,200
9639dee6-888e-4713-8e08-0befb16b33b2,2026-08-17,2,199.5,199,199.99
9639dee6-888e-4713-8e08-0befb16b33b2,2026-08-24,1,199,199,199
9639dee6-888e-4713-8e08-0befb16b33b2,2026-08-31,3,202.5,200,210
963b8712-a4a3-408b-b4e2-ba26dfcb4b75,2022-05-30,2,58,46,70
963b8712-a4a3-408b-b4e2-ba26dfcb4b75,2022-06-06,1,65,65,65
963b8712-a4a3-408b-b4e2-ba26dfcb4b75,2022-06-27,1,79.99,79.99,79.99
963b8712-a4a3-408b-b4e2-ba26dfcb4b75,2022-07-04,1,49,49,49
963b8712-a4a3-408b-b4e2-ba26dfcb4b75,2022-07-18,1,50.01,50.01,50.01
963b8712-a4a3-408b-b4e2-ba26dfcb4b75,2022-07-25,1,47.47,47.47,47.47
963b8712-a4a3-408b-b4e2-ba26dfcb4b75,2022-08-01,1,65,65,65
963b8712-a4a3-408b-b4e2-ba26dfcb4b75,2022-08-08,1,44,44,44
963b8712-a4a3-408b-b4e2-ba26dfcb4b75,2022-08-15,3,63.88,60,65
963b8712-a4a3-408b-b4e2-ba26dfcb4b75,2022-08-29,1,45,45,45
963b8712-a4a3-408b-b4e2-ba26dfcb4b75,2022-09-05,1,76,76,76
963b8712-a4a3-408b-b4e2-ba26dfcb4b75,2022-09-19,2,61.24,56,66.48
963b8712-a4a3-408b-b4e2-ba26dfcb4b75,2022-09-26,1,61,61,61
963b8712-a4a3-408b-b4e2-ba26dfcb4b75,2022-10-03,2,66.38,56.75,76
963b8712-a4a3-408b-b4e2-ba26dfcb4b75,2022-10-10,2,67,64,69.99
963b8712-a4a3-408b-b4e2-ba26dfcb4b75,2022-10-24,3,60,44.02,83.99
963b8712-a4a3-408b-b4e2-ba26dfcb4b75,2022-12-12,1,42,42,42
963b8712-a4a3-408b-b4e2-ba26dfcb4b75,2022-12-19,1,43.14,43.14,43.14
963b8712-a4a3-408b-b4e2-ba26dfcb4b75,2022-12-26,2,42.9,39.8,46
963b8712-a4a3-408b-b4e2-ba26dfcb4b75,2023-01-02,2,44.5,43,46
963b8712-a4a3-408b-b4e2-ba26dfcb4b75,2023-01-23,1,73,73,73
963b8712-a4a3-408b-b4e2-ba26dfcb4b75,2023-01-30,1,65,65,65
963b8712-a4a3-408b-b4e2-ba26dfcb4b75,2023-02-06,1,51,51,51
963b8712-a4a3-408b-b4e2-ba26dfcb4b75,2023-02-20,1,59,59,59
963b8712-a4a3-408b-b4e2-ba26dfcb4b75,2023-02-27,2,66,60,72
963b8712-a4a3-408b-b4e2-ba26dfcb4b75,2023-03-06,1,75,75,75
963b8712-a4a3-408b-b4e2-ba26dfcb4b75,2023-03-13,1,41,41,41
963b8712-a4a3-408b-b4e2-ba26dfcb4b75,2023-03-20,3,60,43,64.99
963b8712-a4a3-408b-b4e2-ba26dfcb4b75,2023-03-27,1,65.41,65.41,65.41
963b8712-a4a3-408b-b4e2-ba26dfcb4b75,2023-04-10,1,53,53,53
963b8712-a4a3-408b-b4e2-ba26dfcb4b75,2023-05-01,1,41,41,41
963b8712-a4a3-408b-b4e2-ba26dfcb4b75,2023-05-08,1,62.82,62.82,62.82
963b8712-a4a3-408b-b4e2-ba26dfcb4b75,2023-05-22,1,69.95,69.95,69.95
963b8712-a4a3-408b-b4e2-ba26dfcb4b75,2023-06-05,3,62.03,61,64.99
963b8712-a4a3-408b-b4e2-ba26dfcb4b75,2023-06-12,3,60,41.41,80
963b8712-a4a3-408b-b4e2-ba26dfcb4b75,2023-07-10,1,96,96,96
963b8712-a4a3-408b-b4e2-ba26dfcb4b75,2023-07-24,1,200,200,200
963b8712-a4a3-408b-b4e2-ba26dfcb4b75,2023-08-14,2,46.7,38.19,55.2
963b8712-a4a3-408b-b4e2-ba26dfcb4b75,2023-08-21,1,60.9,60.9,60.9
963b8712-a4a3-408b-b4e2-ba26dfcb4b75,2023-08-28,1,48,48,48
963b8712-a4a3-408b-b4e2-ba26dfcb4b75,2023-09-11,1,61,61,61
963b8712-a4a3-408b-b4e2-ba26dfcb4b75,2023-10-23,1,132.5,132.5,132.5
963b8712-a4a3-408b-b4e2-ba26dfcb4b75,2023-11-06,1,110,110,110
963b8712-a4a3-408b-b4e2-ba26dfcb4b75,2023-11-20,2,48.53,46.67,50.4
963b8712-a4a3-408b-b4e2-ba26dfcb4b75,2023-12-11,1,52.14,52.14,52.14
963b8712-a4a3-408b-b4e2-ba26dfcb4b75,2023-12-18,2,61.66,55,68.31
963b8712-a4a3-408b-b4e2-ba26dfcb4b75,2024-01-15,1,117.85,117.85,117.85
963b8712-a4a3-408b-b4e2-ba26dfcb4b75,2024-02-12,2,61.11,52.23,70
963b8712-a4a3-408b-b4e2-ba26dfcb4b75,2024-02-19,1,81,81,81
963b8712-a4a3-408b-b4e2-ba26dfcb4b75,2024-03-11,2,71.3,69.6,73
963b8712-a4a3-408b-b4e2-ba26dfcb4b75,2024-03-25,1,75,75,75
963b8712-a4a3-408b-b4e2-ba26dfcb4b75,2024-04-08,1,95,95,95
963b8712-a4a3-408b-b4e2-ba26dfcb4b75,2024-04-15,1,97.5,97.5,97.5
963b8712-a4a3-408b-b4e2-ba26dfcb4b75,2024-04-22,1,60,60,60
963b8712-a4a3-408b-b4e2-ba26dfcb4b75,2024-04-29,1,58,58,58
963b8712-a4a3-408b-b4e2-ba26dfcb4b75,2024-05-13,1,92.99,92.99,92.99
963b8712-a4a3-408b-b4e2-ba26dfcb4b75,2024-05-20,2,85,72,98
963b8712-a4a3-408b-b4e2-ba26dfcb4b75,2024-05-27,1,121,121,121
963b8712-a4a3-408b-b4e2-ba26dfcb4b75,2024-06-10,1,102.5,102.5,102.5
963b8712-a4a3-408b-b4e2-ba26dfcb4b75,2024-06-17,1,95,95,95
963b8712-a4a3-408b-b4e2-ba26dfcb4b75,2024-06-24,2,66.7,43.42,89.99
963b8712-a4a3-408b-b4e2-ba26dfcb4b75,2024-07-08,1,110.22,110.22,110.22
963b8712-a4a3-408b-b4e2-ba26dfcb4b75,2024-08-19,1,110,110,110
963b8712-a4a3-408b-b4e2-ba26dfcb4b75,2024-09-09,1,101.24,101.24,101.24
963b8712-a4a3-408b-b4e2-ba26dfcb4b75,2024-11-18,1,79.99,79.99,79.99
963b8712-a4a3-408b-b4e2-ba26dfcb4b75,2024-11-25,2,96.7,95,98.4
963b8712-a4a3-408b-b4e2-ba26dfcb4b75,2024-12-09,2,90.53,71.36,109.69
963b8712-a4a3-408b-b4e2-ba26dfcb4b75,2024-12-30,1,80,80,80
963b8712-a4a3-408b-b4e2-ba26dfcb4b75,2025-01-13,1,75,75,75
963b8712-a4a3-408b-b4e2-ba26dfcb4b75,2025-01-27,1,79.2,79.2,79.2
963b8712-a4a3-408b-b4e2-ba26dfcb4b75,2025-02-10,2,91.5,80,103
963b8712-a4a3-408b-b4e2-ba26dfcb4b75,2025-02-17,1,90,90,90
963b8712-a4a3-408b-b4e2-ba26dfcb4b75,2025-02-24,1,90,90,90
963b8712-a4a3-408b-b4e2-ba26dfcb4b75,2025-03-03,1,99.99,99.99,99.99
963b8712-a4a3-408b-b4e2-ba26dfcb4b75,2025-03-10,2,85.48,71,99.97
963b8712-a4a3-408b-b4e2-ba26dfcb4b75,2025-03-17,1,105,105,105
963b8712-a4a3-408b-b4e2-ba26dfcb4b75,2025-03-24,1,80,80,80
963b8712-a4a3-408b-b4e2-ba26dfcb4b75,2025-04-07,3,100,100,110
963b8712-a4a3-408b-b4e2-ba26dfcb4b75,2025-04-21,2,113.75,107.5,119.99
963b8712-a4a3-408b-b4e2-ba26dfcb4b75,2025-04-28,1,130,130,130
963b8712-a4a3-408b-b4e2-ba26dfcb4b75,2025-05-05,1,125,125,125
963b8712-a4a3-408b-b4e2-ba26dfcb4b75,2025-06-02,3,150,110,215
963b8712-a4a3-408b-b4e2-ba26dfcb4b75,2025-06-16,2,141.75,134.5,149
963b8712-a4a3-408b-b4e2-ba26dfcb4b75,2025-06-30,1,135,135,135
963b8712-a4a3-408b-b4e2-ba26dfcb4b75,2025-07-21,1,161.71,161.71,161.71
963b8712-a4a3-408b-b4e2-ba26dfcb4b75,2025-08-04,1,214.95,214.95,214.95
963b8712-a4a3-408b-b4e2-ba26dfcb4b75,2025-08-25,1,226.5,226.5,226.5
963b8712-a4a3-408b-b4e2-ba26dfcb4b75,2025-09-01,1,224.99,224.99,224.99
963b8712-a4a3-408b-b4e2-ba26dfcb4b75,2025-09-08,2,242.25,227.5,257
963b8712-a4a3-408b-b4e2-ba26dfcb4b75,2025-09-15,2,237.89,225.79,250
963b8712-a4a3-408b-b4e2-ba26dfcb4b75,2025-09-22,1,217.5,217.5,217.5
963b8712-a4a3-408b-b4e2-ba26dfcb4b75,2025-09-29,3,250,200,275
963b8712-a4a3-408b-b4e2-ba26dfcb4b75,2025-10-13,1,255,255,255
963b8712-a4a3-408b-b4e2-ba26dfcb4b75,2025-11-03,2,205.56,200.73,210.38
963b8712-a4a3-408b-b4e2-ba26dfcb4b75,2025-11-10,1,200,200,200
963b8712-a4a3-408b-b4e2-ba26dfcb4b75,2025-12-08,2,173.16,172.5,173.82
963b8712-a4a3-408b-b4e2-ba26dfcb4b75,2026-01-05,2,168,155,181.01
963b8712-a4a3-408b-b4e2-ba26dfcb4b75,2026-01-12,1,179.26,179.26,179.26
963b8712-a4a3-408b-b4e2-ba26dfcb4b75,2026-01-19,1,180,180,180
963b8712-a4a3-408b-b4e2-ba26dfcb4b75,2026-02-02,1,160,160,160
963b8712-a4a3-408b-b4e2-ba26dfcb4b75,2026-02-09,2,174.99,174.99,174.99
963b8712-a4a3-408b-b4e2-ba26dfcb4b75,2026-02-23,1,178.99,178.99,178.99
963b8712-a4a3-408b-b4e2-ba26dfcb4b75,2026-03-02,3,180,160,205
963b8712-a4a3-408b-b4e2-ba26dfcb4b75,2026-03-09,1,150,150,150
963b8712-a4a3-408b-b4e2-ba26dfcb4b75,2026-03-16,3,162.99,155,188.5
963b8712-a4a3-408b-b4e2-ba26dfcb4b75,2026-03-23,2,183.23,181.46,184.99
963b8712-a4a3-408b-b4e2-ba26dfcb4b75,2026-04-06,1,200,200,200
963b8712-a4a3-408b-b4e2-ba26dfcb4b75,2026-04-13,1,128.51,128.51,128.51
963b8712-a4a3-408b-b4e2-ba26dfcb4b75,2026-04-20,2,182.5,180,185
963b8712-a4a3-408b-b4e2-ba26dfcb4b75,2026-04-27,5,215,200,250
963b8712-a4a3-408b-b4e2-ba26dfcb4b75,2026-05-04,1,220,220,220
963b8712-a4a3-408b-b4e2-ba26dfcb4b75,2026-05-11,4,261.69,186.4,365.69
963b8712-a4a3-408b-b4e2-ba26dfcb4b75,2026-05-18,2,236.6,223.2,250
963b8712-a4a3-408b-b4e2-ba26dfcb4b75,2026-05-25,1,250,250,250
963b8712-a4a3-408b-b4e2-ba26dfcb4b75,2026-06-01,2,252.5,250,255
963b8712-a4a3-408b-b4e2-ba26dfcb4b75,2026-06-08,5,222.5,205.5,275
963b8712-a4a3-408b-b4e2-ba26dfcb4b75,2026-06-15,1,233,233,233
963b8712-a4a3-408b-b4e2-ba26dfcb4b75,2026-06-22,3,286,264,290
963b8712-a4a3-408b-b4e2-ba26dfcb4b75,2026-06-29,1,285,285,285
963b8712-a4a3-408b-b4e2-ba26dfcb4b75,2026-07-06,2,300,299.99,300
963b8712-a4a3-408b-b4e2-ba26dfcb4b75,2026-07-13,1,251.5,251.5,251.5
963b8712-a4a3-408b-b4e2-ba26dfcb4b75,2026-07-20,2,281,250,312
963b8712-a4a3-408b-b4e2-ba26dfcb4b75,2026-07-27,3,198,195.6,276
963b8712-a4a3-408b-b4e2-ba26dfcb4b75,2026-08-03,2,261,240,282
963b8712-a4a3-408b-b4e2-ba26dfcb4b75,2026-08-10,1,399.99,399.99,399.99
963b8712-a4a3-408b-b4e2-ba26dfcb4b75,2026-08-17,1,299,299,299
963b8e86-a821-4617-91a9-fb0786adcd69,2022-06-27,1,15.5,15.5,15.5
963b8e86-a821-4617-91a9-fb0786adcd69,2022-07-11,1,7.49,7.49,7.49
963b8e86-a821-4617-91a9-fb0786adcd69,2022-07-25,1,10.5,10.5,10.5
963b8e86-a821-4617-91a9-fb0786adcd69,2022-08-22,2,13.75,12.5,15
963b8e86-a821-4617-91a9-fb0786adcd69,2022-09-19,1,12.5,12.5,12.5
963b8e86-a821-4617-91a9-fb0786adcd69,2022-10-17,1,15,15,15
963b8e86-a821-4617-91a9-fb0786adcd69,2023-05-29,1,19.99,19.99,19.99
963b8e86-a821-4617-91a9-fb0786adcd69,2025-02-24,1,31.95,31.95,31.95
963b8e86-a821-4617-91a9-fb0786adcd69,2025-09-08,1,41,41,41
963b8e86-a821-4617-91a9-fb0786adcd69,2026-06-08,1,100,100,100
963b90ea-55d7-4831-be9d-4cef3cb7185c,2022-07-11,1,40,40,40
963b90ea-55d7-4831-be9d-4cef3cb7185c,2022-08-22,1,40,40,40
963b90ea-55d7-4831-be9d-4cef3cb7185c,2022-09-26,1,35,35,35
963b90ea-55d7-4831-be9d-4cef3cb7185c,2023-10-02,1,16.32,16.32,16.32
963b90ea-55d7-4831-be9d-4cef3cb7185c,2023-11-06,1,21.5,21.5,21.5
963b90ea-55d7-4831-be9d-4cef3cb7185c,2024-01-01,1,15.5,15.5,15.5
963b90ea-55d7-4831-be9d-4cef3cb7185c,2024-02-19,1,21.25,21.25,21.25
963b90ea-55d7-4831-be9d-4cef3cb7185c,2024-03-04,1,29.99,29.99,29.99
963b90ea-55d7-4831-be9d-4cef3cb7185c,2024-04-08,1,22.8,22.8,22.8
963b90ea-55d7-4831-be9d-4cef3cb7185c,2024-06-03,1,29.99,29.99,29.99
963b90ea-55d7-4831-be9d-4cef3cb7185c,2024-09-16,1,24.46,24.46,24.46
963b90ea-55d7-4831-be9d-4cef3cb7185c,2025-01-06,1,38.65,38.65,38.65
963b90ea-55d7-4831-be9d-4cef3cb7185c,2025-02-17,1,15.6,15.6,15.6
963b90ea-55d7-4831-be9d-4cef3cb7185c,2025-07-07,1,34.99,34.99,34.99
963b90ea-55d7-4831-be9d-4cef3cb7185c,2025-10-06,1,45,45,45
963b90ea-55d7-4831-be9d-4cef3cb7185c,2026-03-16,1,26,26,26
963b90ea-55d7-4831-be9d-4cef3cb7185c,2026-05-04,1,40,40,40
96408463-2231-463d-811f-e4a292b7690a,2022-08-01,1,21.9,21.9,21.9
96408463-2231-463d-811f-e4a292b7690a,2023-10-09,1,41,41,41
96408463-2231-463d-811f-e4a292b7690a,2023-10-23,1,16.5,16.5,16.5
96408463-2231-463d-811f-e4a292b7690a,2023-11-06,1,26.4,26.4,26.4
96408463-2231-463d-811f-e4a292b7690a,2024-03-04,1,35,35,35
96408463-2231-463d-811f-e4a292b7690a,2024-06-03,1,26.14,26.14,26.14
96408463-2231-463d-811f-e4a292b7690a,2025-02-10,2,43,40,46
96408463-2231-463d-811f-e4a292b7690a,2026-07-13,1,46.77,46.77,46.77
96408463-2231-463d-811f-e4a292b7690a,2026-08-03,1,224.89,224.89,224.89
9643c903-3444-44bc-81e0-62874d185c78,2022-10-03,1,184.99,184.99,184.99
9643c903-3444-44bc-81e0-62874d185c78,2023-01-23,1,115.2,115.2,115.2
9643c903-3444-44bc-81e0-62874d185c78,2023-05-15,1,124.65,124.65,124.65
9643c903-3444-44bc-81e0-62874d185c78,2024-05-27,1,225,225,225
9643c903-3444-44bc-81e0-62874d185c78,2025-04-21,1,330,330,330
9643c903-3444-44bc-81e0-62874d185c78,2025-05-05,1,187.5,187.5,187.5
9643c903-3444-44bc-81e0-62874d185c78,2025-09-01,1,359.99,359.99,359.99
9645fb6d-4acb-4ba4-9f84-cc128f115aa8,2023-02-13,1,48.52,48.52,48.52
9645fb6d-4acb-4ba4-9f84-cc128f115aa8,2023-07-10,1,29,29,29
9645fb6d-4acb-4ba4-9f84-cc128f115aa8,2023-10-16,4,29.4,28.8,31.2
9645fb6d-4acb-4ba4-9f84-cc128f115aa8,2023-10-23,1,24,24,24
9645fb6d-4acb-4ba4-9f84-cc128f115aa8,2024-08-12,1,26,26,26
9645fb6d-4acb-4ba4-9f84-cc128f115aa8,2024-11-04,2,35.39,33,37.79
9645fb6d-4acb-4ba4-9f84-cc128f115aa8,2024-12-23,1,23.5,23.5,23.5
9645fb6d-4acb-4ba4-9f84-cc128f115aa8,2025-02-03,1,40,40,40
9645fb6d-4acb-4ba4-9f84-cc128f115aa8,2025-02-24,1,34,34,34
9645fb6d-4acb-4ba4-9f84-cc128f115aa8,2025-05-26,1,34.99,34.99,34.99
9645fb6d-4acb-4ba4-9f84-cc128f115aa8,2025-06-02,1,34.99,34.99,34.99
9645fb6d-4acb-4ba4-9f84-cc128f115aa8,2025-09-01,1,37,37,37
9645fb6d-4acb-4ba4-9f84-cc128f115aa8,2025-09-08,1,65,65,65
9645fb6d-4acb-4ba4-9f84-cc128f115aa8,2025-09-29,1,75,75,75
9645fb6d-4acb-4ba4-9f84-cc128f115aa8,2025-12-15,1,85,85,85
9645fb6d-4acb-4ba4-9f84-cc128f115aa8,2026-03-30,1,115,115,115
9645fb6d-4acb-4ba4-9f84-cc128f115aa8,2026-04-13,1,132.5,132.5,132.5
9645fb6d-4acb-4ba4-9f84-cc128f115aa8,2026-07-13,1,129.5,129.5,129.5
9645fb6d-4acb-4ba4-9f84-cc128f115aa8,2026-07-27,2,131.5,120.5,142.5
9645fb6d-4acb-4ba4-9f84-cc128f115aa8,2026-08-03,2,148.5,147.5,149.5
9645fb6d-4acb-4ba4-9f84-cc128f115aa8,2026-08-10,3,131.5,122,198.5
9645fb6d-4acb-4ba4-9f84-cc128f115aa8,2026-08-17,1,137.5,137.5,137.5
9645fb6d-4acb-4ba4-9f84-cc128f115aa8,2026-08-24,2,152.03,149.05,155
964645fc-4787-4e04-9ac0-62434a2cf4ef,2025-03-17,1,1770,1770,1770
9646d2a3-c7ca-44b0-a176-46ec1c667932,2021-06-07,1,202.5,202.5,202.5
9646d2a3-c7ca-44b0-a176-46ec1c667932,2023-11-06,1,49,49,49
9646d2a3-c7ca-44b0-a176-46ec1c667932,2025-09-29,1,80.88,80.88,80.88
9646d2a3-c7ca-44b0-a176-46ec1c667932,2025-11-24,1,166.98,166.98,166.98
96487e64-53f7-40ba-a717-57f8e4d378fe,2024-07-29,1,69.97,69.97,69.97
96487e64-53f7-40ba-a717-57f8e4d378fe,2025-12-22,1,69,69,69
964a3800-0f14-4bc2-868e-369e68f71b5c,2021-06-07,1,72,72,72
964a3800-0f14-4bc2-868e-369e68f71b5c,2021-09-06,1,325,325,325
964a3800-0f14-4bc2-868e-369e68f71b5c,2021-11-08,1,65,65,65
964a3800-0f14-4bc2-868e-369e68f71b5c,2021-11-15,2,135.34,70.69,199.99
964a3800-0f14-4bc2-868e-369e68f71b5c,2022-01-24,1,40.8,40.8,40.8
964a3800-0f14-4bc2-868e-369e68f71b5c,2022-03-14,1,34.8,34.8,34.8
964a3800-0f14-4bc2-868e-369e68f71b5c,2022-03-28,1,44.4,44.4,44.4
964a3800-0f14-4bc2-868e-369e68f71b5c,2022-05-16,1,55.2,55.2,55.2
964a3800-0f14-4bc2-868e-369e68f71b5c,2022-07-11,1,61.74,61.74,61.74
964a3800-0f14-4bc2-868e-369e68f71b5c,2022-08-15,1,59.02,59.02,59.02
964a3800-0f14-4bc2-868e-369e68f71b5c,2022-08-22,1,22.8,22.8,22.8
964a3800-0f14-4bc2-868e-369e68f71b5c,2022-08-29,1,52.39,52.39,52.39
964a3800-0f14-4bc2-868e-369e68f71b5c,2022-09-26,1,50,50,50
964a3800-0f14-4bc2-868e-369e68f71b5c,2022-11-21,1,27.75,27.75,27.75
964a3800-0f14-4bc2-868e-369e68f71b5c,2023-01-16,1,44,44,44
964a3800-0f14-4bc2-868e-369e68f71b5c,2023-02-06,1,37,37,37
964a3800-0f14-4bc2-868e-369e68f71b5c,2023-03-13,1,43.7,43.7,43.7
964a3800-0f14-4bc2-868e-369e68f71b5c,2023-04-03,1,47,47,47
964a3800-0f14-4bc2-868e-369e68f71b5c,2023-12-04,1,43,43,43
964a3800-0f14-4bc2-868e-369e68f71b5c,2024-04-01,1,36,36,36
964a3800-0f14-4bc2-868e-369e68f71b5c,2024-05-27,1,69.99,69.99,69.99
964a3800-0f14-4bc2-868e-369e68f71b5c,2024-08-12,1,31,31,31
964a3800-0f14-4bc2-868e-369e68f71b5c,2024-09-30,1,48.27,48.27,48.27
964a3800-0f14-4bc2-868e-369e68f71b5c,2024-10-21,1,43.87,43.87,43.87
964a3800-0f14-4bc2-868e-369e68f71b5c,2024-11-11,1,80,80,80
964a3800-0f14-4bc2-868e-369e68f71b5c,2025-03-17,1,46.19,46.19,46.19
964a3800-0f14-4bc2-868e-369e68f71b5c,2025-06-09,1,89.99,89.99,89.99
964a3800-0f14-4bc2-868e-369e68f71b5c,2025-09-15,1,66,66,66
964a7edc-1394-4b0b-bf7b-c45ed2544b39,2025-10-13,1,44.99,44.99,44.99
964a7edc-1394-4b0b-bf7b-c45ed2544b39,2025-10-27,1,50,50,50
964a7edc-1394-4b0b-bf7b-c45ed2544b39,2025-11-24,1,35,35,35
964a7edc-1394-4b0b-bf7b-c45ed2544b39,2025-12-08,1,31.2,31.2,31.2
964a7edc-1394-4b0b-bf7b-c45ed2544b39,2025-12-29,2,37.5,37,38
964a7edc-1394-4b0b-bf7b-c45ed2544b39,2026-02-02,1,36,36,36
964a7edc-1394-4b0b-bf7b-c45ed2544b39,2026-02-09,1,33,33,33
964a7edc-1394-4b0b-bf7b-c45ed2544b39,2026-02-23,1,31.89,31.89,31.89
964a7edc-1394-4b0b-bf7b-c45ed2544b39,2026-03-02,1,40,40,40
964a7edc-1394-4b0b-bf7b-c45ed2544b39,2026-03-16,2,34,33,35
964a7edc-1394-4b0b-bf7b-c45ed2544b39,2026-04-20,1,38,38,38
964a7edc-1394-4b0b-bf7b-c45ed2544b39,2026-04-27,1,35,35,35
964a7edc-1394-4b0b-bf7b-c45ed2544b39,2026-05-04,2,42.5,40,45
964a7edc-1394-4b0b-bf7b-c45ed2544b39,2026-07-06,1,49.95,49.95,49.95
964a7edc-1394-4b0b-bf7b-c45ed2544b39,2026-07-13,1,26.77,26.77,26.77
964a7edc-1394-4b0b-bf7b-c45ed2544b39,2026-07-27,1,31,31,31
964a7edc-1394-4b0b-bf7b-c45ed2544b39,2026-08-03,1,14.51,14.51,14.51
964a7edc-1394-4b0b-bf7b-c45ed2544b39,2026-08-17,1,35,35,35
964a7edc-1394-4b0b-bf7b-c45ed2544b39,2026-08-24,1,39,39,39
964a7edc-1394-4b0b-bf7b-c45ed2544b39,2026-08-31,1,35,35,35
964b6f32-7795-42ad-a58d-81b2cefbadfb,2025-10-13,1,82,82,82
964b6f32-7795-42ad-a58d-81b2cefbadfb,2025-10-20,8,93.19,62.4,130
964b6f32-7795-42ad-a58d-81b2cefbadfb,2025-10-27,5,83,73,90
964b6f32-7795-42ad-a58d-81b2cefbadfb,2025-11-03,4,81.5,78.83,90
964b6f32-7795-42ad-a58d-81b2cefbadfb,2025-11-10,1,65,65,65
964b6f32-7795-42ad-a58d-81b2cefbadfb,2025-11-17,3,84.99,79.2,100.16
964b6f32-7795-42ad-a58d-81b2cefbadfb,2025-11-24,2,139.95,74.4,205.5
964b6f32-7795-42ad-a58d-81b2cefbadfb,2025-12-01,7,74.4,57,85
964b6f32-7795-42ad-a58d-81b2cefbadfb,2025-12-08,2,74,73,75
964b6f32-7795-42ad-a58d-81b2cefbadfb,2025-12-15,4,68.87,60,85
964b6f32-7795-42ad-a58d-81b2cefbadfb,2025-12-22,1,75,75,75
964b6f32-7795-42ad-a58d-81b2cefbadfb,2025-12-29,2,61.5,56,67
964b6f32-7795-42ad-a58d-81b2cefbadfb,2026-01-05,6,61.5,52.87,69.99
964b6f32-7795-42ad-a58d-81b2cefbadfb,2026-01-12,5,74.99,54,100
964b6f32-7795-42ad-a58d-81b2cefbadfb,2026-01-19,6,59.45,52.8,75
964b6f32-7795-42ad-a58d-81b2cefbadfb,2026-01-26,5,84.99,80,95
964b6f32-7795-42ad-a58d-81b2cefbadfb,2026-02-02,2,70,60,80
964b6f32-7795-42ad-a58d-81b2cefbadfb,2026-02-09,4,58.5,50,65
964b6f32-7795-42ad-a58d-81b2cefbadfb,2026-02-16,1,69.99,69.99,69.99
964b6f32-7795-42ad-a58d-81b2cefbadfb,2026-02-23,10,75,55.2,92.35
964b6f32-7795-42ad-a58d-81b2cefbadfb,2026-03-02,3,72,69,75
964b6f32-7795-42ad-a58d-81b2cefbadfb,2026-03-09,5,75,67.2,90
964b6f32-7795-42ad-a58d-81b2cefbadfb,2026-03-16,4,68,64,79
964b6f32-7795-42ad-a58d-81b2cefbadfb,2026-03-23,4,67,59.19,76
964b6f32-7795-42ad-a58d-81b2cefbadfb,2026-03-30,6,71,64,100
964b6f32-7795-42ad-a58d-81b2cefbadfb,2026-04-06,4,76.25,72.5,100
964b6f32-7795-42ad-a58d-81b2cefbadfb,2026-04-13,4,88.19,80.34,93
964b6f32-7795-42ad-a58d-81b2cefbadfb,2026-04-20,4,82.98,71,88.77
964b6f32-7795-42ad-a58d-81b2cefbadfb,2026-04-27,5,89,70,108.28
964b6f32-7795-42ad-a58d-81b2cefbadfb,2026-05-04,7,75,65,119.99
964b6f32-7795-42ad-a58d-81b2cefbadfb,2026-05-11,2,71.5,65,78
964b6f32-7795-42ad-a58d-81b2cefbadfb,2026-05-18,6,75.45,63,99.99
964b6f32-7795-42ad-a58d-81b2cefbadfb,2026-05-25,2,85,80,89.99
964b6f32-7795-42ad-a58d-81b2cefbadfb,2026-06-01,8,94.57,82.81,110
964b6f32-7795-42ad-a58d-81b2cefbadfb,2026-06-08,2,59.5,50,69
964b6f32-7795-42ad-a58d-81b2cefbadfb,2026-06-15,7,95,87.5,100
964b6f32-7795-42ad-a58d-81b2cefbadfb,2026-06-22,5,109.99,100,170
964b6f32-7795-42ad-a58d-81b2cefbadfb,2026-06-29,3,100,99.99,106.25
964b6f32-7795-42ad-a58d-81b2cefbadfb,2026-07-06,5,93,81,116.44
964b6f32-7795-42ad-a58d-81b2cefbadfb,2026-07-13,4,104.5,93.9,120
964b6f32-7795-42ad-a58d-81b2cefbadfb,2026-07-20,3,96,80.4,111
964b6f32-7795-42ad-a58d-81b2cefbadfb,2026-07-27,2,95.97,89,102.95
964b6f32-7795-42ad-a58d-81b2cefbadfb,2026-08-03,3,88.9,82,98
964b6f32-7795-42ad-a58d-81b2cefbadfb,2026-08-10,2,96.5,93,100
964b6f32-7795-42ad-a58d-81b2cefbadfb,2026-08-24,6,98.35,94,134.95
964b6f32-7795-42ad-a58d-81b2cefbadfb,2026-08-31,7,92,70.01,98.99
964b6f32-7795-42ad-a58d-81b2cefbadfb,2026-09-07,3,100,100,120
964bcacb-579c-4c09-9a5d-e6714f7c7aa4,2026-05-18,1,73.87,73.87,73.87
964dee74-0239-41b2-bc3d-6bb2dfdaf10f,2023-05-08,1,12.5,12.5,12.5
964dee74-0239-41b2-bc3d-6bb2dfdaf10f,2023-10-30,1,11.5,11.5,11.5
964dee74-0239-41b2-bc3d-6bb2dfdaf10f,2023-12-18,1,10.5,10.5,10.5
964dee74-0239-41b2-bc3d-6bb2dfdaf10f,2024-01-01,1,13,13,13
964dee74-0239-41b2-bc3d-6bb2dfdaf10f,2025-04-07,1,16.66,16.66,16.66
964dee74-0239-41b2-bc3d-6bb2dfdaf10f,2026-06-08,2,57.5,55,59.99
964e1300-d9cf-45f9-9392-227e923d92e7,2022-06-20,1,115.5,115.5,115.5
964e1300-d9cf-45f9-9392-227e923d92e7,2023-06-12,1,57.6,57.6,57.6
964e1300-d9cf-45f9-9392-227e923d92e7,2023-06-19,1,58,58,58
964e1300-d9cf-45f9-9392-227e923d92e7,2023-06-26,1,36,36,36
964e1300-d9cf-45f9-9392-227e923d92e7,2024-02-05,1,15,15,15
964e1300-d9cf-45f9-9392-227e923d92e7,2024-04-29,1,49.99,49.99,49.99
964e1300-d9cf-45f9-9392-227e923d92e7,2024-06-03,1,32.4,32.4,32.4
964e1300-d9cf-45f9-9392-227e923d92e7,2024-11-25,1,26,26,26
964e1300-d9cf-45f9-9392-227e923d92e7,2024-12-23,1,23.5,23.5,23.5
964e1300-d9cf-45f9-9392-227e923d92e7,2025-03-24,1,90.62,90.62,90.62
964e1300-d9cf-45f9-9392-227e923d92e7,2025-09-08,1,97.68,97.68,97.68
964ea0e9-56c1-4fe4-998c-55266f5f01b7,2024-12-02,3,105.64,77,111.9
964ea0e9-56c1-4fe4-998c-55266f5f01b7,2024-12-09,3,119.99,82,130
964ea0e9-56c1-4fe4-998c-55266f5f01b7,2024-12-16,1,100,100,100
964ea0e9-56c1-4fe4-998c-55266f5f01b7,2024-12-30,3,105.48,104.99,144.05
964ea0e9-56c1-4fe4-998c-55266f5f01b7,2025-01-06,1,92,92,92
964ea0e9-56c1-4fe4-998c-55266f5f01b7,2025-01-13,1,122,122,122
964ea0e9-56c1-4fe4-998c-55266f5f01b7,2025-01-20,1,104.68,104.68,104.68
964ea0e9-56c1-4fe4-998c-55266f5f01b7,2025-01-27,3,109.99,103.5,141.81
964ea0e9-56c1-4fe4-998c-55266f5f01b7,2025-02-03,3,107.5,99.99,120.45
964ea0e9-56c1-4fe4-998c-55266f5f01b7,2025-02-10,4,98.35,87,109.99
964ea0e9-56c1-4fe4-998c-55266f5f01b7,2025-02-17,1,105,105,105
964ea0e9-56c1-4fe4-998c-55266f5f01b7,2025-02-24,3,125,125,152.5
964ea0e9-56c1-4fe4-998c-55266f5f01b7,2025-03-03,1,142.5,142.5,142.5
964ea0e9-56c1-4fe4-998c-55266f5f01b7,2025-03-10,1,135,135,135
964ea0e9-56c1-4fe4-998c-55266f5f01b7,2025-03-17,3,98,94.18,129.19
964ea0e9-56c1-4fe4-998c-55266f5f01b7,2025-03-24,1,106.37,106.37,106.37
964ea0e9-56c1-4fe4-998c-55266f5f01b7,2025-04-07,1,140,140,140
964ea0e9-56c1-4fe4-998c-55266f5f01b7,2025-04-14,1,127.5,127.5,127.5
964ea0e9-56c1-4fe4-998c-55266f5f01b7,2025-04-28,4,145,140,154.99
964ea0e9-56c1-4fe4-998c-55266f5f01b7,2025-05-05,5,150,136.8,200
964ea0e9-56c1-4fe4-998c-55266f5f01b7,2025-05-12,3,184.27,155,189
964ea0e9-56c1-4fe4-998c-55266f5f01b7,2025-05-19,8,236.3,175,279.99
964ea0e9-56c1-4fe4-998c-55266f5f01b7,2025-06-02,1,228,228,228
964ea0e9-56c1-4fe4-998c-55266f5f01b7,2025-06-09,2,267.71,243.5,291.92
964ea0e9-56c1-4fe4-998c-55266f5f01b7,2025-06-16,2,233.75,230,237.5
964ea0e9-56c1-4fe4-998c-55266f5f01b7,2025-06-23,1,250,250,250
964ea0e9-56c1-4fe4-998c-55266f5f01b7,2025-06-30,2,241.78,224.96,258.6
964ea0e9-56c1-4fe4-998c-55266f5f01b7,2025-07-07,1,230,230,230
964ea0e9-56c1-4fe4-998c-55266f5f01b7,2025-07-14,1,245,245,245
964ea0e9-56c1-4fe4-998c-55266f5f01b7,2025-07-21,2,279.53,250,309.07
964ea0e9-56c1-4fe4-998c-55266f5f01b7,2025-08-04,2,280,240,320
964ea0e9-56c1-4fe4-998c-55266f5f01b7,2025-08-11,1,389.7,389.7,389.7
964ea0e9-56c1-4fe4-998c-55266f5f01b7,2025-08-18,2,340,289.99,390
964ea0e9-56c1-4fe4-998c-55266f5f01b7,2025-08-25,2,275.98,252,299.95
964ea0e9-56c1-4fe4-998c-55266f5f01b7,2025-09-01,4,378.12,200,585
964ea0e9-56c1-4fe4-998c-55266f5f01b7,2025-09-08,1,330,330,330
964ea0e9-56c1-4fe4-998c-55266f5f01b7,2025-09-15,5,333.88,301,412.58
964ea0e9-56c1-4fe4-998c-55266f5f01b7,2025-09-22,2,345,340,350
964ea0e9-56c1-4fe4-998c-55266f5f01b7,2025-09-29,1,290,290,290
964ea0e9-56c1-4fe4-998c-55266f5f01b7,2025-10-06,2,385,340,430
964ea0e9-56c1-4fe4-998c-55266f5f01b7,2025-10-13,1,315,315,315
964ea0e9-56c1-4fe4-998c-55266f5f01b7,2025-10-20,2,313,301,325
964ea0e9-56c1-4fe4-998c-55266f5f01b7,2025-10-27,1,293.88,293.88,293.88
964ea0e9-56c1-4fe4-998c-55266f5f01b7,2025-11-03,3,310,276.77,315
964ea0e9-56c1-4fe4-998c-55266f5f01b7,2025-11-10,2,285.5,255,316
964ea0e9-56c1-4fe4-998c-55266f5f01b7,2025-11-17,2,287.13,180.5,393.76
964ea0e9-56c1-4fe4-998c-55266f5f01b7,2025-12-08,2,305,300,310
964ea0e9-56c1-4fe4-998c-55266f5f01b7,2025-12-15,1,370,370,370
964ea0e9-56c1-4fe4-998c-55266f5f01b7,2025-12-29,2,482.43,374.86,590
964ea0e9-56c1-4fe4-998c-55266f5f01b7,2026-01-12,1,345,345,345
964ea0e9-56c1-4fe4-998c-55266f5f01b7,2026-01-19,3,305,287,334.8
964ea0e9-56c1-4fe4-998c-55266f5f01b7,2026-01-26,3,360,349.99,380
964ea0e9-56c1-4fe4-998c-55266f5f01b7,2026-02-02,1,376.86,376.86,376.86
964ea0e9-56c1-4fe4-998c-55266f5f01b7,2026-02-09,3,360,290.58,382.05
964ea0e9-56c1-4fe4-998c-55266f5f01b7,2026-02-16,4,326.5,309,380
964ea0e9-56c1-4fe4-998c-55266f5f01b7,2026-02-23,1,330,330,330
964ea0e9-56c1-4fe4-998c-55266f5f01b7,2026-03-02,1,394.99,394.99,394.99
964ea0e9-56c1-4fe4-998c-55266f5f01b7,2026-03-09,4,364.97,349.99,399.99
964ea0e9-56c1-4fe4-998c-55266f5f01b7,2026-03-16,6,368.14,317.02,381.88
964ea0e9-56c1-4fe4-998c-55266f5f01b7,2026-03-23,4,373,324,400
964ea0e9-56c1-4fe4-998c-55266f5f01b7,2026-03-30,1,364,364,364
964ea0e9-56c1-4fe4-998c-55266f5f01b7,2026-04-06,3,375,355,399.99
964ea0e9-56c1-4fe4-998c-55266f5f01b7,2026-04-13,1,395.99,395.99,395.99
964ea0e9-56c1-4fe4-998c-55266f5f01b7,2026-04-20,4,425,399,599.79
964ea0e9-56c1-4fe4-998c-55266f5f01b7,2026-04-27,1,689.84,689.84,689.84
964ea0e9-56c1-4fe4-998c-55266f5f01b7,2026-05-04,2,535,500,570
964ea0e9-56c1-4fe4-998c-55266f5f01b7,2026-05-11,1,600,600,600
964ea0e9-56c1-4fe4-998c-55266f5f01b7,2026-05-18,2,525,500,550
964ea0e9-56c1-4fe4-998c-55266f5f01b7,2026-05-25,1,730.62,730.62,730.62
964ea0e9-56c1-4fe4-998c-55266f5f01b7,2026-06-01,2,627.5,625,630
964ea0e9-56c1-4fe4-998c-55266f5f01b7,2026-06-08,4,697.5,560,750
964ea0e9-56c1-4fe4-998c-55266f5f01b7,2026-06-15,2,668.32,636.64,700
964ea0e9-56c1-4fe4-998c-55266f5f01b7,2026-06-22,1,565.55,565.55,565.55
964ea0e9-56c1-4fe4-998c-55266f5f01b7,2026-06-29,2,522.77,480,565.55
964ea0e9-56c1-4fe4-998c-55266f5f01b7,2026-07-06,3,533.08,510.01,938.79
964ea0e9-56c1-4fe4-998c-55266f5f01b7,2026-07-13,1,542.01,542.01,542.01
964ea0e9-56c1-4fe4-998c-55266f5f01b7,2026-07-20,2,464.79,381.59,548
964ea0e9-56c1-4fe4-998c-55266f5f01b7,2026-07-27,1,518.57,518.57,518.57
964ea0e9-56c1-4fe4-998c-55266f5f01b7,2026-08-03,1,500,500,500
964ea0e9-56c1-4fe4-998c-55266f5f01b7,2026-08-10,3,457,455,482
964ea0e9-56c1-4fe4-998c-55266f5f01b7,2026-08-17,4,464.5,435,716.3
964ea0e9-56c1-4fe4-998c-55266f5f01b7,2026-08-24,3,469.75,448.84,510
964ea0e9-56c1-4fe4-998c-55266f5f01b7,2026-08-31,3,449.44,389,499.99
964ea0e9-56c1-4fe4-998c-55266f5f01b7,2026-09-07,1,530,530,530
965013c1-3042-42bf-8223-27311e294c5d,2021-10-25,1,235.5,235.5,235.5
965013c1-3042-42bf-8223-27311e294c5d,2021-11-29,2,258.75,167.5,350
965013c1-3042-42bf-8223-27311e294c5d,2022-01-17,1,194.5,194.5,194.5
965013c1-3042-42bf-8223-27311e294c5d,2022-05-02,1,202.5,202.5,202.5
965013c1-3042-42bf-8223-27311e294c5d,2022-05-30,1,340.1,340.1,340.1
965013c1-3042-42bf-8223-27311e294c5d,2022-08-08,1,499.99,499.99,499.99
965013c1-3042-42bf-8223-27311e294c5d,2022-09-05,1,264,264,264
965013c1-3042-42bf-8223-27311e294c5d,2022-11-28,1,153.5,153.5,153.5
965013c1-3042-42bf-8223-27311e294c5d,2023-04-03,1,189.5,189.5,189.5
965013c1-3042-42bf-8223-27311e294c5d,2023-08-07,1,171.16,171.16,171.16
965013c1-3042-42bf-8223-27311e294c5d,2023-09-25,1,299.99,299.99,299.99
965013c1-3042-42bf-8223-27311e294c5d,2023-11-20,1,241.61,241.61,241.61
965013c1-3042-42bf-8223-27311e294c5d,2024-04-01,1,315,315,315
965013c1-3042-42bf-8223-27311e294c5d,2024-04-08,2,345,330,360
965013c1-3042-42bf-8223-27311e294c5d,2024-05-06,1,256.69,256.69,256.69
965013c1-3042-42bf-8223-27311e294c5d,2024-06-17,2,227.35,211.2,243.5
965013c1-3042-42bf-8223-27311e294c5d,2024-08-12,1,219.5,219.5,219.5
965013c1-3042-42bf-8223-27311e294c5d,2024-08-19,1,223.38,223.38,223.38
965013c1-3042-42bf-8223-27311e294c5d,2024-11-18,1,244.5,244.5,244.5
965013c1-3042-42bf-8223-27311e294c5d,2024-12-30,1,327,327,327
965013c1-3042-42bf-8223-27311e294c5d,2025-02-03,1,287,287,287
965013c1-3042-42bf-8223-27311e294c5d,2025-02-10,1,325,325,325
965013c1-3042-42bf-8223-27311e294c5d,2025-03-10,1,300,300,300
965013c1-3042-42bf-8223-27311e294c5d,2025-04-14,1,277.4,277.4,277.4
965013c1-3042-42bf-8223-27311e294c5d,2025-04-21,1,390,390,390
965013c1-3042-42bf-8223-27311e294c5d,2025-06-09,1,350,350,350
965013c1-3042-42bf-8223-27311e294c5d,2025-07-21,2,364.98,349.95,380
965013c1-3042-42bf-8223-27311e294c5d,2025-09-08,2,392.5,350,435
965013c1-3042-42bf-8223-27311e294c5d,2025-09-22,1,300,300,300
965013c1-3042-42bf-8223-27311e294c5d,2025-12-08,1,475,475,475
965013c1-3042-42bf-8223-27311e294c5d,2026-01-19,1,678,678,678
965013c1-3042-42bf-8223-27311e294c5d,2026-04-06,2,696.5,613,780
965013c1-3042-42bf-8223-27311e294c5d,2026-05-04,1,875,875,875
965013c1-3042-42bf-8223-27311e294c5d,2026-05-11,1,707,707,707
965013c1-3042-42bf-8223-27311e294c5d,2026-06-08,2,1061,1000,1122
965013c1-3042-42bf-8223-27311e294c5d,2026-08-10,1,990,990,990
9650905e-47f3-4553-be0c-f6e1922f0665,2025-08-04,1,87.88,87.88,87.88
9650905e-47f3-4553-be0c-f6e1922f0665,2025-08-25,2,151.47,102.95,200
9650905e-47f3-4553-be0c-f6e1922f0665,2025-09-01,2,104.75,90.5,119
9650905e-47f3-4553-be0c-f6e1922f0665,2025-09-15,1,65,65,65
9650905e-47f3-4553-be0c-f6e1922f0665,2025-09-22,1,100.63,100.63,100.63
9650905e-47f3-4553-be0c-f6e1922f0665,2025-09-29,4,90.75,80,100
9650905e-47f3-4553-be0c-f6e1922f0665,2025-10-13,2,81,67,95
9650905e-47f3-4553-be0c-f6e1922f0665,2025-10-27,1,74,74,74
9650905e-47f3-4553-be0c-f6e1922f0665,2025-11-17,1,120.99,120.99,120.99
9650905e-47f3-4553-be0c-f6e1922f0665,2025-11-24,1,55,55,55
9650905e-47f3-4553-be0c-f6e1922f0665,2025-12-15,1,80,80,80
9650905e-47f3-4553-be0c-f6e1922f0665,2026-01-12,2,42.63,35.79,49.48
9650905e-47f3-4553-be0c-f6e1922f0665,2026-01-19,1,36,36,36
9650905e-47f3-4553-be0c-f6e1922f0665,2026-01-26,1,46,46,46
9650905e-47f3-4553-be0c-f6e1922f0665,2026-02-09,1,62.99,62.99,62.99
9650905e-47f3-4553-be0c-f6e1922f0665,2026-02-16,1,40,40,40
9650905e-47f3-4553-be0c-f6e1922f0665,2026-02-23,1,42.69,42.69,42.69
9650905e-47f3-4553-be0c-f6e1922f0665,2026-03-02,1,31.2,31.2,31.2
9650905e-47f3-4553-be0c-f6e1922f0665,2026-03-23,1,50,50,50
9650905e-47f3-4553-be0c-f6e1922f0665,2026-03-30,1,65,65,65
9650905e-47f3-4553-be0c-f6e1922f0665,2026-04-13,1,49.99,49.99,49.99
9650905e-47f3-4553-be0c-f6e1922f0665,2026-04-27,1,58,58,58
9650905e-47f3-4553-be0c-f6e1922f0665,2026-05-04,1,62.99,62.99,62.99
9650905e-47f3-4553-be0c-f6e1922f0665,2026-06-01,2,56.52,43.05,70
9650905e-47f3-4553-be0c-f6e1922f0665,2026-06-08,2,36.75,36.5,37
9650905e-47f3-4553-be0c-f6e1922f0665,2026-06-15,1,59.99,59.99,59.99
9650905e-47f3-4553-be0c-f6e1922f0665,2026-07-13,1,52.06,52.06,52.06
96513b8b-7461-4815-8c80-107705b4708f,2022-09-19,1,5.5,5.5,5.5
96513b8b-7461-4815-8c80-107705b4708f,2025-02-10,1,12.72,12.72,12.72
9651effa-a567-4f4a-a8fa-a0a97d59de16,2023-01-23,1,40,40,40
9651effa-a567-4f4a-a8fa-a0a97d59de16,2026-08-03,1,86,86,86
9655bce8-d7c4-4e01-8eb6-a93dd57d7993,2021-10-18,1,24.5,24.5,24.5
9655bce8-d7c4-4e01-8eb6-a93dd57d7993,2023-12-11,1,14.5,14.5,14.5
9655bce8-d7c4-4e01-8eb6-a93dd57d7993,2024-02-26,1,31.49,31.49,31.49
9655bce8-d7c4-4e01-8eb6-a93dd57d7993,2026-05-04,1,140,140,140
9655bdcc-b9fe-44bb-8aeb-3366ac57bb1d,2025-11-10,1,80,80,80
9655bdcc-b9fe-44bb-8aeb-3366ac57bb1d,2025-12-01,1,119.99,119.99,119.99
9655bdcc-b9fe-44bb-8aeb-3366ac57bb1d,2026-01-05,1,114.99,114.99,114.99
9655bdcc-b9fe-44bb-8aeb-3366ac57bb1d,2026-02-16,1,105,105,105
9655bdcc-b9fe-44bb-8aeb-3366ac57bb1d,2026-02-23,2,99,97.99,100
9655bdcc-b9fe-44bb-8aeb-3366ac57bb1d,2026-03-16,1,67,67,67
9655bdcc-b9fe-44bb-8aeb-3366ac57bb1d,2026-06-08,1,150,150,150
9656f06c-5d78-49cf-8913-3b56d7d0c7d1,2024-06-17,3,39,19.2,43
9656f06c-5d78-49cf-8913-3b56d7d0c7d1,2025-05-19,1,152.5,152.5,152.5
9657db5a-6164-4721-b4b0-57f7d8c97652,2025-03-03,1,18.5,18.5,18.5
9657db5a-6164-4721-b4b0-57f7d8c97652,2025-07-07,1,48,48,48
965a17bb-4935-4842-b85f-de08bf15699d,2023-11-27,1,70.03,70.03,70.03
965a4653-1719-4ed7-aacd-d3a8280ed4cf,2021-03-08,2,70.61,69.99,71.24
965a4653-1719-4ed7-aacd-d3a8280ed4cf,2021-03-22,1,53,53,53
965a4653-1719-4ed7-aacd-d3a8280ed4cf,2021-03-29,1,20.5,20.5,20.5
965a4653-1719-4ed7-aacd-d3a8280ed4cf,2021-04-12,1,65,65,65
965a4653-1719-4ed7-aacd-d3a8280ed4cf,2021-04-19,1,60,60,60
965a4653-1719-4ed7-aacd-d3a8280ed4cf,2021-05-10,3,45,34,50
965a4653-1719-4ed7-aacd-d3a8280ed4cf,2021-05-31,2,37.5,30,45
965a4653-1719-4ed7-aacd-d3a8280ed4cf,2021-06-07,1,34.99,34.99,34.99
965a4653-1719-4ed7-aacd-d3a8280ed4cf,2021-06-28,2,39.25,35,43.5
965a4653-1719-4ed7-aacd-d3a8280ed4cf,2021-07-19,1,32.87,32.87,32.87
965a4653-1719-4ed7-aacd-d3a8280ed4cf,2021-08-02,1,48.59,48.59,48.59
965a4653-1719-4ed7-aacd-d3a8280ed4cf,2021-08-30,1,39.08,39.08,39.08
965a4653-1719-4ed7-aacd-d3a8280ed4cf,2021-09-20,1,24.65,24.65,24.65
965a4653-1719-4ed7-aacd-d3a8280ed4cf,2021-10-04,1,39,39,39
965a4653-1719-4ed7-aacd-d3a8280ed4cf,2021-10-25,3,45,30.01,46.45
965a4653-1719-4ed7-aacd-d3a8280ed4cf,2021-11-01,4,37.09,26,46.45
965a4653-1719-4ed7-aacd-d3a8280ed4cf,2021-11-08,2,29.8,23.6,36.01
965a4653-1719-4ed7-aacd-d3a8280ed4cf,2021-11-15,1,31,31,31
965a4653-1719-4ed7-aacd-d3a8280ed4cf,2021-12-13,2,34.75,34.49,35
965a4653-1719-4ed7-aacd-d3a8280ed4cf,2021-12-20,1,20.5,20.5,20.5
965a4653-1719-4ed7-aacd-d3a8280ed4cf,2021-12-27,1,30,30,30
965a4653-1719-4ed7-aacd-d3a8280ed4cf,2022-01-24,2,21.02,18.44,23.59
965a4653-1719-4ed7-aacd-d3a8280ed4cf,2022-02-07,1,15.5,15.5,15.5
965a4653-1719-4ed7-aacd-d3a8280ed4cf,2022-02-14,2,24.8,24.76,24.85
965a4653-1719-4ed7-aacd-d3a8280ed4cf,2022-02-21,1,30,30,30
965a4653-1719-4ed7-aacd-d3a8280ed4cf,2022-02-28,1,20.5,20.5,20.5
965a4653-1719-4ed7-aacd-d3a8280ed4cf,2022-03-14,1,17.52,17.52,17.52
965a4653-1719-4ed7-aacd-d3a8280ed4cf,2022-03-21,2,22.1,16.25,27.95
965a4653-1719-4ed7-aacd-d3a8280ed4cf,2022-04-04,1,17.52,17.52,17.52
965a4653-1719-4ed7-aacd-d3a8280ed4cf,2022-04-11,1,25,25,25
965a4653-1719-4ed7-aacd-d3a8280ed4cf,2022-05-02,1,33.2,33.2,33.2
965a4653-1719-4ed7-aacd-d3a8280ed4cf,2022-05-09,1,13.5,13.5,13.5
965a4653-1719-4ed7-aacd-d3a8280ed4cf,2022-05-23,1,20,20,20
965a4653-1719-4ed7-aacd-d3a8280ed4cf,2022-06-06,1,20.5,20.5,20.5
965a4653-1719-4ed7-aacd-d3a8280ed4cf,2022-06-20,2,24.24,18.5,29.99
965a4653-1719-4ed7-aacd-d3a8280ed4cf,2022-06-27,3,13.25,12.52,20.01
965a4653-1719-4ed7-aacd-d3a8280ed4cf,2022-07-18,3,22.52,17,31.98
965a4653-1719-4ed7-aacd-d3a8280ed4cf,2022-07-25,1,15,15,15
965a4653-1719-4ed7-aacd-d3a8280ed4cf,2022-08-01,1,20,20,20
965a4653-1719-4ed7-aacd-d3a8280ed4cf,2022-08-15,1,20,20,20
965a4653-1719-4ed7-aacd-d3a8280ed4cf,2022-09-05,1,16,16,16
965a4653-1719-4ed7-aacd-d3a8280ed4cf,2022-09-12,2,17,16,18
965a4653-1719-4ed7-aacd-d3a8280ed4cf,2022-10-10,1,26.95,26.95,26.95
965a4653-1719-4ed7-aacd-d3a8280ed4cf,2022-10-24,1,32.42,32.42,32.42
965a4653-1719-4ed7-aacd-d3a8280ed4cf,2022-11-21,2,16.59,12.69,20.49
965a4653-1719-4ed7-aacd-d3a8280ed4cf,2023-01-16,1,12.52,12.52,12.52
965a4653-1719-4ed7-aacd-d3a8280ed4cf,2023-01-23,1,33.99,33.99,33.99
965a4653-1719-4ed7-aacd-d3a8280ed4cf,2023-02-13,1,18,18,18
965a4653-1719-4ed7-aacd-d3a8280ed4cf,2023-02-20,1,24,24,24
965a4653-1719-4ed7-aacd-d3a8280ed4cf,2023-03-20,1,17.48,17.48,17.48
965a4653-1719-4ed7-aacd-d3a8280ed4cf,2023-04-10,1,17.5,17.5,17.5
965a4653-1719-4ed7-aacd-d3a8280ed4cf,2023-06-12,1,9.99,9.99,9.99
965a4653-1719-4ed7-aacd-d3a8280ed4cf,2023-06-19,2,14.25,13.5,15.01
965a4653-1719-4ed7-aacd-d3a8280ed4cf,2023-07-10,1,20,20,20
965a4653-1719-4ed7-aacd-d3a8280ed4cf,2023-08-14,1,10,10,10
965a4653-1719-4ed7-aacd-d3a8280ed4cf,2023-08-21,2,14.5,13.99,15
965a4653-1719-4ed7-aacd-d3a8280ed4cf,2023-09-25,1,14,14,14
965a4653-1719-4ed7-aacd-d3a8280ed4cf,2023-10-02,1,9.72,9.72,9.72
965a4653-1719-4ed7-aacd-d3a8280ed4cf,2024-01-01,1,23.06,23.06,23.06
965a4653-1719-4ed7-aacd-d3a8280ed4cf,2024-02-05,1,18,18,18
965a4653-1719-4ed7-aacd-d3a8280ed4cf,2024-02-19,1,25.99,25.99,25.99
965a4653-1719-4ed7-aacd-d3a8280ed4cf,2024-03-04,1,25.31,25.31,25.31
965a4653-1719-4ed7-aacd-d3a8280ed4cf,2024-03-11,1,23.72,23.72,23.72
965a4653-1719-4ed7-aacd-d3a8280ed4cf,2024-07-29,1,12.5,12.5,12.5
965a4653-1719-4ed7-aacd-d3a8280ed4cf,2024-08-05,2,19.75,17,22.5
965a4653-1719-4ed7-aacd-d3a8280ed4cf,2024-08-26,1,24.99,24.99,24.99
965a4653-1719-4ed7-aacd-d3a8280ed4cf,2024-09-23,1,30,30,30
965a4653-1719-4ed7-aacd-d3a8280ed4cf,2024-12-02,2,8.25,6.5,10.01
965a4653-1719-4ed7-aacd-d3a8280ed4cf,2025-01-13,1,24.95,24.95,24.95
965a4653-1719-4ed7-aacd-d3a8280ed4cf,2025-02-24,2,17.5,16.5,18.5
965a4653-1719-4ed7-aacd-d3a8280ed4cf,2025-03-10,1,18.5,18.5,18.5
965a4653-1719-4ed7-aacd-d3a8280ed4cf,2025-06-09,1,13.4,13.4,13.4
965a4653-1719-4ed7-aacd-d3a8280ed4cf,2025-06-30,1,20,20,20
965a4653-1719-4ed7-aacd-d3a8280ed4cf,2025-08-04,1,39.99,39.99,39.99
965a4653-1719-4ed7-aacd-d3a8280ed4cf,2025-08-11,1,22.5,22.5,22.5
965a4653-1719-4ed7-aacd-d3a8280ed4cf,2025-09-15,1,16.5,16.5,16.5
965a4653-1719-4ed7-aacd-d3a8280ed4cf,2025-10-13,1,32,32,32
965a4653-1719-4ed7-aacd-d3a8280ed4cf,2025-12-01,2,20,14.99,25
965a4653-1719-4ed7-aacd-d3a8280ed4cf,2025-12-08,1,13.5,13.5,13.5
965a4653-1719-4ed7-aacd-d3a8280ed4cf,2026-04-13,1,44.95,44.95,44.95
965a4653-1719-4ed7-aacd-d3a8280ed4cf,2026-05-25,1,22.05,22.05,22.05
965a4653-1719-4ed7-aacd-d3a8280ed4cf,2026-06-01,1,49,49,49
965a4653-1719-4ed7-aacd-d3a8280ed4cf,2026-07-06,1,34,34,34
965be025-c63d-46fd-b04f-a41ac3c10de2,2022-12-12,1,117.5,117.5,117.5
965be025-c63d-46fd-b04f-a41ac3c10de2,2024-01-29,1,70,70,70
965be025-c63d-46fd-b04f-a41ac3c10de2,2024-06-24,1,38.05,38.05,38.05
965be025-c63d-46fd-b04f-a41ac3c10de2,2024-10-21,1,64.99,64.99,64.99
965be025-c63d-46fd-b04f-a41ac3c10de2,2025-02-10,1,53.5,53.5,53.5
965be025-c63d-46fd-b04f-a41ac3c10de2,2025-04-28,1,34,34,34
965be025-c63d-46fd-b04f-a41ac3c10de2,2025-05-19,1,76.8,76.8,76.8
965be025-c63d-46fd-b04f-a41ac3c10de2,2026-02-23,1,150.5,150.5,150.5
965d267c-a027-4f2a-8be2-f61345645916,2022-04-04,1,100,100,100
965d267c-a027-4f2a-8be2-f61345645916,2022-11-21,2,72.5,65,79.99
965d267c-a027-4f2a-8be2-f61345645916,2022-12-26,1,74.25,74.25,74.25
965d267c-a027-4f2a-8be2-f61345645916,2023-01-16,1,199.99,199.99,199.99
965d267c-a027-4f2a-8be2-f61345645916,2023-04-10,1,67,67,67
965d267c-a027-4f2a-8be2-f61345645916,2023-05-22,1,113.48,113.48,113.48
965d267c-a027-4f2a-8be2-f61345645916,2023-07-17,1,120,120,120
965d267c-a027-4f2a-8be2-f61345645916,2023-08-21,1,79.88,79.88,79.88
965d267c-a027-4f2a-8be2-f61345645916,2023-09-25,1,90.06,90.06,90.06
965d267c-a027-4f2a-8be2-f61345645916,2023-10-09,1,89,89,89
965d267c-a027-4f2a-8be2-f61345645916,2023-12-18,1,78.19,78.19,78.19
965d267c-a027-4f2a-8be2-f61345645916,2024-01-15,1,264,264,264
965d267c-a027-4f2a-8be2-f61345645916,2024-01-29,1,73.19,73.19,73.19
965d267c-a027-4f2a-8be2-f61345645916,2024-03-04,1,66,66,66
965d267c-a027-4f2a-8be2-f61345645916,2024-03-11,1,117.84,117.84,117.84
965d267c-a027-4f2a-8be2-f61345645916,2024-03-18,1,132.2,132.2,132.2
965d267c-a027-4f2a-8be2-f61345645916,2024-04-01,2,85.86,60,111.72
965d267c-a027-4f2a-8be2-f61345645916,2024-04-22,1,71,71,71
965d267c-a027-4f2a-8be2-f61345645916,2024-05-27,2,62.92,60,65.84
965d267c-a027-4f2a-8be2-f61345645916,2024-07-01,1,80,80,80
965d267c-a027-4f2a-8be2-f61345645916,2024-08-12,1,88,88,88
965d267c-a027-4f2a-8be2-f61345645916,2024-08-26,1,81,81,81
965d267c-a027-4f2a-8be2-f61345645916,2024-09-30,1,109.99,109.99,109.99
965d267c-a027-4f2a-8be2-f61345645916,2024-10-28,1,130,130,130
965d267c-a027-4f2a-8be2-f61345645916,2024-11-25,1,97.72,97.72,97.72
965d267c-a027-4f2a-8be2-f61345645916,2024-12-02,1,31,31,31
965d267c-a027-4f2a-8be2-f61345645916,2024-12-16,1,110,110,110
965d267c-a027-4f2a-8be2-f61345645916,2025-02-17,1,130,130,130
965d267c-a027-4f2a-8be2-f61345645916,2025-03-17,1,91,91,91
965d267c-a027-4f2a-8be2-f61345645916,2025-03-31,1,138.59,138.59,138.59
965d267c-a027-4f2a-8be2-f61345645916,2025-05-12,1,199.99,199.99,199.99
965d267c-a027-4f2a-8be2-f61345645916,2025-07-21,1,117.5,117.5,117.5
965d267c-a027-4f2a-8be2-f61345645916,2025-09-15,1,219.99,219.99,219.99
965d267c-a027-4f2a-8be2-f61345645916,2025-10-13,1,200,200,200
965d267c-a027-4f2a-8be2-f61345645916,2025-11-03,2,163.75,149.99,177.51
965d267c-a027-4f2a-8be2-f61345645916,2025-11-24,1,145,145,145
965d267c-a027-4f2a-8be2-f61345645916,2026-01-19,1,142.5,142.5,142.5
965d267c-a027-4f2a-8be2-f61345645916,2026-02-02,1,153.5,153.5,153.5
965d267c-a027-4f2a-8be2-f61345645916,2026-03-09,1,202.5,202.5,202.5
965d267c-a027-4f2a-8be2-f61345645916,2026-04-20,1,300,300,300
965d267c-a027-4f2a-8be2-f61345645916,2026-05-04,1,613.4,613.4,613.4
965d267c-a027-4f2a-8be2-f61345645916,2026-05-11,2,546.09,517.18,575
965d267c-a027-4f2a-8be2-f61345645916,2026-05-25,1,599.99,599.99,599.99
965d267c-a027-4f2a-8be2-f61345645916,2026-06-22,1,750,750,750
965d267c-a027-4f2a-8be2-f61345645916,2026-07-06,1,700,700,700
965d267c-a027-4f2a-8be2-f61345645916,2026-07-13,1,444,444,444
965d267c-a027-4f2a-8be2-f61345645916,2026-07-20,1,490,490,490
965d267c-a027-4f2a-8be2-f61345645916,2026-08-03,1,393,393,393
965d267c-a027-4f2a-8be2-f61345645916,2026-08-10,2,504.5,499,510
965d267c-a027-4f2a-8be2-f61345645916,2026-08-31,1,524.99,524.99,524.99
9660c4dd-ef3a-4c82-b3d7-12acc78fc230,2021-10-18,1,750,750,750
9660c4dd-ef3a-4c82-b3d7-12acc78fc230,2022-09-05,1,186,186,186
9660c4dd-ef3a-4c82-b3d7-12acc78fc230,2022-12-05,1,157.5,157.5,157.5
9660c4dd-ef3a-4c82-b3d7-12acc78fc230,2023-03-20,1,158.78,158.78,158.78
9660c4dd-ef3a-4c82-b3d7-12acc78fc230,2023-03-27,1,330,330,330
9660c4dd-ef3a-4c82-b3d7-12acc78fc230,2024-07-15,1,275,275,275
9660fd44-349e-43f9-9960-cfa84e8da2a7,2022-07-04,1,182.5,182.5,182.5
9660fd44-349e-43f9-9960-cfa84e8da2a7,2022-11-07,1,202.5,202.5,202.5
9660fd44-349e-43f9-9960-cfa84e8da2a7,2022-12-26,1,122.5,122.5,122.5
9660fd44-349e-43f9-9960-cfa84e8da2a7,2023-01-30,1,56.5,56.5,56.5
9660fd44-349e-43f9-9960-cfa84e8da2a7,2023-02-06,1,56.4,56.4,56.4
9660fd44-349e-43f9-9960-cfa84e8da2a7,2023-02-13,1,75.39,75.39,75.39
9660fd44-349e-43f9-9960-cfa84e8da2a7,2023-04-10,1,51,51,51
9660fd44-349e-43f9-9960-cfa84e8da2a7,2023-06-05,1,55.2,55.2,55.2
9660fd44-349e-43f9-9960-cfa84e8da2a7,2023-06-12,2,57.09,54.18,60
9660fd44-349e-43f9-9960-cfa84e8da2a7,2023-06-19,1,41,41,41
9660fd44-349e-43f9-9960-cfa84e8da2a7,2023-07-17,1,50,50,50
9660fd44-349e-43f9-9960-cfa84e8da2a7,2023-07-24,1,96,96,96
9660fd44-349e-43f9-9960-cfa84e8da2a7,2023-08-28,1,69.99,69.99,69.99
9660fd44-349e-43f9-9960-cfa84e8da2a7,2023-09-18,1,50,50,50
9660fd44-349e-43f9-9960-cfa84e8da2a7,2023-10-09,1,37.2,37.2,37.2
9660fd44-349e-43f9-9960-cfa84e8da2a7,2023-10-16,1,55,55,55
9660fd44-349e-43f9-9960-cfa84e8da2a7,2023-10-30,1,53,53,53
9660fd44-349e-43f9-9960-cfa84e8da2a7,2024-04-15,1,49.2,49.2,49.2
9660fd44-349e-43f9-9960-cfa84e8da2a7,2024-04-22,1,31,31,31
9660fd44-349e-43f9-9960-cfa84e8da2a7,2024-07-29,1,50,50,50
9660fd44-349e-43f9-9960-cfa84e8da2a7,2024-09-30,1,21.5,21.5,21.5
9660fd44-349e-43f9-9960-cfa84e8da2a7,2024-12-23,1,43.89,43.89,43.89
9660fd44-349e-43f9-9960-cfa84e8da2a7,2025-01-06,2,43,36,50
9660fd44-349e-43f9-9960-cfa84e8da2a7,2025-03-03,1,38.41,38.41,38.41
9660fd44-349e-43f9-9960-cfa84e8da2a7,2025-04-07,1,91,91,91
9660fd44-349e-43f9-9960-cfa84e8da2a7,2025-06-02,1,146.07,146.07,146.07
9660fd44-349e-43f9-9960-cfa84e8da2a7,2025-10-20,1,80,80,80
9660fd44-349e-43f9-9960-cfa84e8da2a7,2025-11-03,1,86.4,86.4,86.4
9660fd44-349e-43f9-9960-cfa84e8da2a7,2026-01-05,1,140,140,140
9660fd44-349e-43f9-9960-cfa84e8da2a7,2026-02-09,1,113.31,113.31,113.31
9660fd44-349e-43f9-9960-cfa84e8da2a7,2026-04-13,1,168.83,168.83,168.83
9660fd44-349e-43f9-9960-cfa84e8da2a7,2026-07-06,1,285,285,285
9660fd44-349e-43f9-9960-cfa84e8da2a7,2026-08-24,1,170.5,170.5,170.5
9661d78f-4822-4ade-96da-11a14a090c10,2024-03-04,1,32.94,32.94,32.94
9661d78f-4822-4ade-96da-11a14a090c10,2024-04-15,1,19,19,19
9661d78f-4822-4ade-96da-11a14a090c10,2024-04-22,1,8,8,8
9661d78f-4822-4ade-96da-11a14a090c10,2024-06-24,1,15,15,15
9661d78f-4822-4ade-96da-11a14a090c10,2024-07-01,1,11.5,11.5,11.5
9661d78f-4822-4ade-96da-11a14a090c10,2024-08-05,1,17.49,17.49,17.49
9661d78f-4822-4ade-96da-11a14a090c10,2024-08-19,1,40,40,40
9661d78f-4822-4ade-96da-11a14a090c10,2025-03-10,1,15.6,15.6,15.6
9661d78f-4822-4ade-96da-11a14a090c10,2025-03-17,1,22.8,22.8,22.8
9661d78f-4822-4ade-96da-11a14a090c10,2025-04-14,1,20,20,20
9661d78f-4822-4ade-96da-11a14a090c10,2025-05-12,1,19.21,19.21,19.21
9661d78f-4822-4ade-96da-11a14a090c10,2025-05-26,1,27,27,27
9661d78f-4822-4ade-96da-11a14a090c10,2025-09-29,1,28,28,28
9661d78f-4822-4ade-96da-11a14a090c10,2025-10-13,1,50,50,50
9661d78f-4822-4ade-96da-11a14a090c10,2025-10-20,1,25,25,25
9661d78f-4822-4ade-96da-11a14a090c10,2026-02-09,1,16.38,16.38,16.38
9661d78f-4822-4ade-96da-11a14a090c10,2026-04-06,1,35,35,35
96633405-1643-4512-9861-f22b1f65301d,2023-07-24,1,235.2,235.2,235.2
96633405-1643-4512-9861-f22b1f65301d,2024-09-16,1,138,138,138
96633405-1643-4512-9861-f22b1f65301d,2025-03-10,1,112.8,112.8,112.8
9665e4f5-37be-426a-8aae-68c6eb59a9f8,2026-08-10,1,960,960,960
9666cd56-b779-443b-9980-0832693557d4,2021-04-05,1,130.28,130.28,130.28
9666cd56-b779-443b-9980-0832693557d4,2021-06-14,1,144.57,144.57,144.57
9666cd56-b779-443b-9980-0832693557d4,2021-07-26,1,41,41,41
9666cd56-b779-443b-9980-0832693557d4,2021-08-30,1,95.05,95.05,95.05
9666cd56-b779-443b-9980-0832693557d4,2021-09-13,1,103.37,103.37,103.37
9666cd56-b779-443b-9980-0832693557d4,2022-05-02,1,49.99,49.99,49.99
9666cd56-b779-443b-9980-0832693557d4,2022-05-30,1,59.99,59.99,59.99
9666cd56-b779-443b-9980-0832693557d4,2022-06-06,1,91.13,91.13,91.13
9666cd56-b779-443b-9980-0832693557d4,2022-06-13,1,88.88,88.88,88.88
9666cd56-b779-443b-9980-0832693557d4,2022-07-18,1,41.89,41.89,41.89
9666cd56-b779-443b-9980-0832693557d4,2023-02-06,2,49.5,24.6,74.4
9666cd56-b779-443b-9980-0832693557d4,2023-02-13,1,49.22,49.22,49.22
9666cd56-b779-443b-9980-0832693557d4,2023-02-27,3,45,42.85,69.61
9666cd56-b779-443b-9980-0832693557d4,2023-05-01,1,70.27,70.27,70.27
9666cd56-b779-443b-9980-0832693557d4,2023-05-08,1,17.5,17.5,17.5
9666cd56-b779-443b-9980-0832693557d4,2023-07-10,1,30,30,30
9666cd56-b779-443b-9980-0832693557d4,2023-08-21,1,54.93,54.93,54.93
9666cd56-b779-443b-9980-0832693557d4,2023-12-18,1,62.77,62.77,62.77
9666cd56-b779-443b-9980-0832693557d4,2023-12-25,2,51.34,29.78,72.91
9666cd56-b779-443b-9980-0832693557d4,2024-03-25,1,36,36,36
9666cd56-b779-443b-9980-0832693557d4,2024-04-29,2,54.11,47.93,60.3
9666cd56-b779-443b-9980-0832693557d4,2024-07-15,3,73.08,66.59,74.7
9666cd56-b779-443b-9980-0832693557d4,2024-08-12,1,85.73,85.73,85.73
9666cd56-b779-443b-9980-0832693557d4,2024-09-30,1,55.94,55.94,55.94
9666cd56-b779-443b-9980-0832693557d4,2024-11-11,2,49,49,49
9666cd56-b779-443b-9980-0832693557d4,2024-12-02,3,32,32,36
9666cd56-b779-443b-9980-0832693557d4,2024-12-09,1,40.8,40.8,40.8
9666cd56-b779-443b-9980-0832693557d4,2024-12-30,1,83.03,83.03,83.03
9666cd56-b779-443b-9980-0832693557d4,2025-06-30,1,74.2,74.2,74.2
9666cd56-b779-443b-9980-0832693557d4,2025-07-21,1,74.56,74.56,74.56
9666cd56-b779-443b-9980-0832693557d4,2025-08-25,2,77.21,67,87.42
9666cd56-b779-443b-9980-0832693557d4,2025-09-08,2,73.19,56.4,89.99
9666cd56-b779-443b-9980-0832693557d4,2025-10-06,1,72.62,72.62,72.62
9666cd56-b779-443b-9980-0832693557d4,2025-10-13,1,43.2,43.2,43.2
9666cd56-b779-443b-9980-0832693557d4,2026-01-19,1,57.6,57.6,57.6
9666cd56-b779-443b-9980-0832693557d4,2026-07-20,2,121.08,102.32,139.85
96671664-6e67-4fe4-b896-d4865e31d498,2024-05-20,1,25.49,25.49,25.49
967055ef-ae09-4436-bca4-742f674d77e4,2021-04-05,1,58,58,58
967055ef-ae09-4436-bca4-742f674d77e4,2021-08-16,1,44.13,44.13,44.13
967055ef-ae09-4436-bca4-742f674d77e4,2022-02-21,1,50,50,50
967055ef-ae09-4436-bca4-742f674d77e4,2022-03-07,1,28,28,28
967055ef-ae09-4436-bca4-742f674d77e4,2022-05-30,1,25,25,25
967055ef-ae09-4436-bca4-742f674d77e4,2023-01-30,1,17.5,17.5,17.5
967055ef-ae09-4436-bca4-742f674d77e4,2024-02-19,1,34.95,34.95,34.95
9670f7fc-9aaf-4510-abcb-38d2bb5f2b78,2022-03-28,1,168,168,168
9670f7fc-9aaf-4510-abcb-38d2bb5f2b78,2022-06-06,1,102.5,102.5,102.5
9670f7fc-9aaf-4510-abcb-38d2bb5f2b78,2022-09-05,1,56,56,56
9670f7fc-9aaf-4510-abcb-38d2bb5f2b78,2023-02-20,1,155.08,155.08,155.08
9670f7fc-9aaf-4510-abcb-38d2bb5f2b78,2023-06-05,1,138,138,138
9670f7fc-9aaf-4510-abcb-38d2bb5f2b78,2023-09-04,1,86.4,86.4,86.4
9670f7fc-9aaf-4510-abcb-38d2bb5f2b78,2023-12-18,1,175,175,175
9670f7fc-9aaf-4510-abcb-38d2bb5f2b78,2025-06-09,1,117.71,117.71,117.71
9670f7fc-9aaf-4510-abcb-38d2bb5f2b78,2025-09-01,1,162.5,162.5,162.5
9670f7fc-9aaf-4510-abcb-38d2bb5f2b78,2025-09-22,1,250,250,250
9670f7fc-9aaf-4510-abcb-38d2bb5f2b78,2026-04-13,1,1500,1500,1500
9672b994-c971-487d-bd4e-624745c21d06,2022-10-17,1,135,135,135
9672b994-c971-487d-bd4e-624745c21d06,2022-11-14,1,125,125,125
9672b994-c971-487d-bd4e-624745c21d06,2023-01-23,1,100,100,100
9672b994-c971-487d-bd4e-624745c21d06,2023-03-13,1,55.2,55.2,55.2
9672b994-c971-487d-bd4e-624745c21d06,2023-04-17,2,54.78,53.56,56
9672b994-c971-487d-bd4e-624745c21d06,2023-05-08,1,82,82,82
9672b994-c971-487d-bd4e-624745c21d06,2023-05-15,1,61.2,61.2,61.2
9672b994-c971-487d-bd4e-624745c21d06,2023-05-22,2,82.5,75,90
9672b994-c971-487d-bd4e-624745c21d06,2023-05-29,4,127.47,106,139.99
9672b994-c971-487d-bd4e-624745c21d06,2023-06-26,1,78.99,78.99,78.99
9672b994-c971-487d-bd4e-624745c21d06,2023-07-03,1,81,81,81
9672b994-c971-487d-bd4e-624745c21d06,2023-07-10,1,115,115,115
9672b994-c971-487d-bd4e-624745c21d06,2023-07-31,1,125,125,125
9672b994-c971-487d-bd4e-624745c21d06,2023-08-28,1,31.2,31.2,31.2
9672b994-c971-487d-bd4e-624745c21d06,2023-09-25,1,66,66,66
9672b994-c971-487d-bd4e-624745c21d06,2023-10-16,1,28.44,28.44,28.44
9672b994-c971-487d-bd4e-624745c21d06,2023-11-20,1,100,100,100
9672b994-c971-487d-bd4e-624745c21d06,2024-01-29,2,34.8,34.1,35.51
9672b994-c971-487d-bd4e-624745c21d06,2024-02-19,1,20,20,20
9672b994-c971-487d-bd4e-624745c21d06,2024-05-27,1,34.64,34.64,34.64
9672b994-c971-487d-bd4e-624745c21d06,2024-06-10,2,18.25,15.5,21
9672b994-c971-487d-bd4e-624745c21d06,2024-08-05,1,14.5,14.5,14.5
9672b994-c971-487d-bd4e-624745c21d06,2024-08-12,1,17.5,17.5,17.5
9672b994-c971-487d-bd4e-624745c21d06,2024-10-21,1,15.5,15.5,15.5
9672b994-c971-487d-bd4e-624745c21d06,2025-09-08,2,37.5,15,60
9672b994-c971-487d-bd4e-624745c21d06,2025-10-06,1,23.5,23.5,23.5
9672b994-c971-487d-bd4e-624745c21d06,2025-10-20,1,27.1,27.1,27.1
9672b994-c971-487d-bd4e-624745c21d06,2025-10-27,2,42.94,35,50.88
9672b994-c971-487d-bd4e-624745c21d06,2026-05-04,2,65.55,58.61,72.48
9676a946-70bf-4c6b-b827-f0f51a00f65b,2026-08-17,1,43,43,43
9679626d-21c7-48bc-af60-2b4af26cc044,2022-09-12,1,85,85,85
9679626d-21c7-48bc-af60-2b4af26cc044,2023-01-09,1,30,30,30
9679626d-21c7-48bc-af60-2b4af26cc044,2023-02-06,1,31,31,31
9679626d-21c7-48bc-af60-2b4af26cc044,2023-02-13,1,31,31,31
9679626d-21c7-48bc-af60-2b4af26cc044,2023-04-10,1,26,26,26
9679626d-21c7-48bc-af60-2b4af26cc044,2023-05-29,2,31.56,27.12,36
9679626d-21c7-48bc-af60-2b4af26cc044,2023-07-17,1,38.79,38.79,38.79
9679626d-21c7-48bc-af60-2b4af26cc044,2023-08-21,1,26,26,26
9679626d-21c7-48bc-af60-2b4af26cc044,2023-08-28,1,25.02,25.02,25.02
9679626d-21c7-48bc-af60-2b4af26cc044,2023-09-11,1,26,26,26
9679626d-21c7-48bc-af60-2b4af26cc044,2023-10-30,1,26,26,26
9679626d-21c7-48bc-af60-2b4af26cc044,2023-11-06,1,29.77,29.77,29.77
9679626d-21c7-48bc-af60-2b4af26cc044,2023-12-04,1,36,36,36
9679626d-21c7-48bc-af60-2b4af26cc044,2023-12-25,1,22,22,22
9679626d-21c7-48bc-af60-2b4af26cc044,2024-05-20,1,21.6,21.6,21.6
9679626d-21c7-48bc-af60-2b4af26cc044,2024-07-08,1,32,32,32
9679626d-21c7-48bc-af60-2b4af26cc044,2024-08-19,1,24.99,24.99,24.99
9679626d-21c7-48bc-af60-2b4af26cc044,2024-11-18,2,19,15.5,22.5
9679626d-21c7-48bc-af60-2b4af26cc044,2024-12-09,1,37.21,37.21,37.21
9679626d-21c7-48bc-af60-2b4af26cc044,2025-03-10,1,28.49,28.49,28.49
9679626d-21c7-48bc-af60-2b4af26cc044,2025-03-17,1,45,45,45
9679626d-21c7-48bc-af60-2b4af26cc044,2025-04-21,1,29,29,29
9679626d-21c7-48bc-af60-2b4af26cc044,2025-11-17,1,35.13,35.13,35.13
9679626d-21c7-48bc-af60-2b4af26cc044,2025-12-08,2,29.04,19.13,38.95
9679626d-21c7-48bc-af60-2b4af26cc044,2026-07-27,1,22.5,22.5,22.5
9684df3a-0085-4521-9aa2-b6ac3189bfb2,2023-11-20,1,46.47,46.47,46.47
9684df3a-0085-4521-9aa2-b6ac3189bfb2,2023-12-04,1,42,42,42
9684df3a-0085-4521-9aa2-b6ac3189bfb2,2023-12-18,2,32,32,32
9684df3a-0085-4521-9aa2-b6ac3189bfb2,2023-12-25,1,47,47,47
9684df3a-0085-4521-9aa2-b6ac3189bfb2,2024-01-01,2,28.25,20.5,35.99
9684df3a-0085-4521-9aa2-b6ac3189bfb2,2024-01-08,3,30,19,39.99
9684df3a-0085-4521-9aa2-b6ac3189bfb2,2024-01-15,1,30,30,30
9684df3a-0085-4521-9aa2-b6ac3189bfb2,2024-01-22,1,36,36,36
9684df3a-0085-4521-9aa2-b6ac3189bfb2,2024-01-29,1,38.5,38.5,38.5
9684df3a-0085-4521-9aa2-b6ac3189bfb2,2024-02-05,1,29.69,29.69,29.69
9684df3a-0085-4521-9aa2-b6ac3189bfb2,2024-02-19,3,27,20.5,30
9684df3a-0085-4521-9aa2-b6ac3189bfb2,2024-02-26,2,30.48,21.96,38.99
9684df3a-0085-4521-9aa2-b6ac3189bfb2,2024-03-04,3,34.16,21.4,36.12
9684df3a-0085-4521-9aa2-b6ac3189bfb2,2024-03-11,1,26,26,26
9684df3a-0085-4521-9aa2-b6ac3189bfb2,2024-03-18,1,33,33,33
9684df3a-0085-4521-9aa2-b6ac3189bfb2,2024-03-25,1,28,28,28
9684df3a-0085-4521-9aa2-b6ac3189bfb2,2024-04-01,3,30,15,32.95
9684df3a-0085-4521-9aa2-b6ac3189bfb2,2024-04-08,1,29.99,29.99,29.99
9684df3a-0085-4521-9aa2-b6ac3189bfb2,2024-04-15,2,35.5,32,38.99
9684df3a-0085-4521-9aa2-b6ac3189bfb2,2024-04-22,1,22.26,22.26,22.26
9684df3a-0085-4521-9aa2-b6ac3189bfb2,2024-05-06,1,41,41,41
9684df3a-0085-4521-9aa2-b6ac3189bfb2,2024-05-13,2,24,18,30
9684df3a-0085-4521-9aa2-b6ac3189bfb2,2024-05-20,1,30,30,30
9684df3a-0085-4521-9aa2-b6ac3189bfb2,2024-05-27,2,36,30,42
9684df3a-0085-4521-9aa2-b6ac3189bfb2,2024-06-03,1,22.75,22.75,22.75
9684df3a-0085-4521-9aa2-b6ac3189bfb2,2024-06-10,1,26,26,26
9684df3a-0085-4521-9aa2-b6ac3189bfb2,2024-06-17,2,20,15,25
9684df3a-0085-4521-9aa2-b6ac3189bfb2,2024-06-24,2,33,26,39.99
9684df3a-0085-4521-9aa2-b6ac3189bfb2,2024-07-01,1,27,27,27
9684df3a-0085-4521-9aa2-b6ac3189bfb2,2024-07-08,1,30,30,30
9684df3a-0085-4521-9aa2-b6ac3189bfb2,2024-07-29,1,15.5,15.5,15.5
9684df3a-0085-4521-9aa2-b6ac3189bfb2,2024-08-05,1,35,35,35
9684df3a-0085-4521-9aa2-b6ac3189bfb2,2024-08-19,1,32,32,32
9684df3a-0085-4521-9aa2-b6ac3189bfb2,2024-08-26,2,35.25,32,38.49
9684df3a-0085-4521-9aa2-b6ac3189bfb2,2024-09-09,2,30.4,19.02,41.78
9684df3a-0085-4521-9aa2-b6ac3189bfb2,2024-09-16,1,27,27,27
9684df3a-0085-4521-9aa2-b6ac3189bfb2,2024-09-23,1,32.99,32.99,32.99
9684df3a-0085-4521-9aa2-b6ac3189bfb2,2024-09-30,3,31.45,20.5,38.99
9684df3a-0085-4521-9aa2-b6ac3189bfb2,2024-10-07,1,35,35,35
9684df3a-0085-4521-9aa2-b6ac3189bfb2,2024-10-14,1,35,35,35
9684df3a-0085-4521-9aa2-b6ac3189bfb2,2024-10-21,1,39.99,39.99,39.99
9684df3a-0085-4521-9aa2-b6ac3189bfb2,2024-10-28,3,45,44.5,95.99
9684df3a-0085-4521-9aa2-b6ac3189bfb2,2024-11-25,1,39.99,39.99,39.99
9684df3a-0085-4521-9aa2-b6ac3189bfb2,2024-12-02,1,50,50,50
9684df3a-0085-4521-9aa2-b6ac3189bfb2,2024-12-16,2,57.5,50,65
9684df3a-0085-4521-9aa2-b6ac3189bfb2,2025-01-20,3,70,40,95
9684df3a-0085-4521-9aa2-b6ac3189bfb2,2025-01-27,2,92,84,99.99
9684df3a-0085-4521-9aa2-b6ac3189bfb2,2025-02-03,2,51.3,49.61,53
9684df3a-0085-4521-9aa2-b6ac3189bfb2,2025-02-10,2,57.92,55.85,60
9684df3a-0085-4521-9aa2-b6ac3189bfb2,2025-02-17,2,66.5,48,85
9684df3a-0085-4521-9aa2-b6ac3189bfb2,2025-03-03,1,53.69,53.69,53.69
9684df3a-0085-4521-9aa2-b6ac3189bfb2,2025-03-10,1,46,46,46
9684df3a-0085-4521-9aa2-b6ac3189bfb2,2025-03-24,2,52.5,45,60
9684df3a-0085-4521-9aa2-b6ac3189bfb2,2025-03-31,2,52.5,40,65
9684df3a-0085-4521-9aa2-b6ac3189bfb2,2025-04-07,1,61,61,61
9684df3a-0085-4521-9aa2-b6ac3189bfb2,2025-05-19,1,84.78,84.78,84.78
9684df3a-0085-4521-9aa2-b6ac3189bfb2,2025-05-26,3,65,53,70
9684df3a-0085-4521-9aa2-b6ac3189bfb2,2025-06-02,1,65,65,65
9684df3a-0085-4521-9aa2-b6ac3189bfb2,2025-06-09,1,41,41,41
9684df3a-0085-4521-9aa2-b6ac3189bfb2,2025-06-23,1,42.1,42.1,42.1
9684df3a-0085-4521-9aa2-b6ac3189bfb2,2025-06-30,2,54.5,51.99,57
9684df3a-0085-4521-9aa2-b6ac3189bfb2,2025-07-07,1,62,62,62
9684df3a-0085-4521-9aa2-b6ac3189bfb2,2025-07-14,1,59,59,59
9684df3a-0085-4521-9aa2-b6ac3189bfb2,2025-07-21,1,41,41,41
9684df3a-0085-4521-9aa2-b6ac3189bfb2,2025-07-28,1,65,65,65
9684df3a-0085-4521-9aa2-b6ac3189bfb2,2025-08-11,2,55,50,60
9684df3a-0085-4521-9aa2-b6ac3189bfb2,2025-08-25,1,57.5,57.5,57.5
9684df3a-0085-4521-9aa2-b6ac3189bfb2,2025-09-01,4,49.17,29.72,65
9684df3a-0085-4521-9aa2-b6ac3189bfb2,2025-09-08,1,80,80,80
9684df3a-0085-4521-9aa2-b6ac3189bfb2,2025-09-15,1,90,90,90
9684df3a-0085-4521-9aa2-b6ac3189bfb2,2025-09-22,2,84.19,69.99,98.39
9684df3a-0085-4521-9aa2-b6ac3189bfb2,2025-10-13,3,189.5,64,190
9684df3a-0085-4521-9aa2-b6ac3189bfb2,2025-10-20,1,75,75,75
9684df3a-0085-4521-9aa2-b6ac3189bfb2,2025-10-27,1,125,125,125
9684df3a-0085-4521-9aa2-b6ac3189bfb2,2025-11-03,1,180,180,180
9684df3a-0085-4521-9aa2-b6ac3189bfb2,2025-11-24,1,65,65,65
9684df3a-0085-4521-9aa2-b6ac3189bfb2,2025-12-01,1,62.1,62.1,62.1
9684df3a-0085-4521-9aa2-b6ac3189bfb2,2025-12-08,1,100,100,100
9684df3a-0085-4521-9aa2-b6ac3189bfb2,2025-12-15,1,75.58,75.58,75.58
9684df3a-0085-4521-9aa2-b6ac3189bfb2,2025-12-22,2,99.5,99,100
9684df3a-0085-4521-9aa2-b6ac3189bfb2,2025-12-29,1,140,140,140
9684df3a-0085-4521-9aa2-b6ac3189bfb2,2026-01-05,1,91,91,91
9684df3a-0085-4521-9aa2-b6ac3189bfb2,2026-01-12,1,90,90,90
9684df3a-0085-4521-9aa2-b6ac3189bfb2,2026-01-26,2,79.5,78,81
9684df3a-0085-4521-9aa2-b6ac3189bfb2,2026-02-09,2,108.75,95,122.5
9684df3a-0085-4521-9aa2-b6ac3189bfb2,2026-02-16,1,100,100,100
9684df3a-0085-4521-9aa2-b6ac3189bfb2,2026-03-02,2,137,125,149
9684df3a-0085-4521-9aa2-b6ac3189bfb2,2026-04-06,1,110,110,110
9684df3a-0085-4521-9aa2-b6ac3189bfb2,2026-04-13,1,149.99,149.99,149.99
9684df3a-0085-4521-9aa2-b6ac3189bfb2,2026-05-04,1,108.44,108.44,108.44
9684df3a-0085-4521-9aa2-b6ac3189bfb2,2026-05-11,1,99,99,99
9684df3a-0085-4521-9aa2-b6ac3189bfb2,2026-05-25,1,76,76,76
9684df3a-0085-4521-9aa2-b6ac3189bfb2,2026-06-08,1,160.3,160.3,160.3
9684df3a-0085-4521-9aa2-b6ac3189bfb2,2026-06-29,1,240.3,240.3,240.3
9684df3a-0085-4521-9aa2-b6ac3189bfb2,2026-07-06,1,220,220,220
9684df3a-0085-4521-9aa2-b6ac3189bfb2,2026-07-13,1,175,175,175
9684df3a-0085-4521-9aa2-b6ac3189bfb2,2026-08-03,1,115.2,115.2,115.2
9684df3a-0085-4521-9aa2-b6ac3189bfb2,2026-08-17,1,180,180,180
9684df3a-0085-4521-9aa2-b6ac3189bfb2,2026-08-31,2,210,170,249.99
968a487a-1546-48b7-92f4-93e58e7382b8,2022-05-16,1,41.02,41.02,41.02
968a487a-1546-48b7-92f4-93e58e7382b8,2022-06-06,1,33,33,33
968a487a-1546-48b7-92f4-93e58e7382b8,2022-06-13,1,32,32,32
968a487a-1546-48b7-92f4-93e58e7382b8,2023-02-13,1,47.67,47.67,47.67
968a487a-1546-48b7-92f4-93e58e7382b8,2024-04-01,1,37,37,37
968a487a-1546-48b7-92f4-93e58e7382b8,2025-01-27,1,85,85,85
968a487a-1546-48b7-92f4-93e58e7382b8,2025-04-28,1,40.1,40.1,40.1
968d3b79-29c0-4f41-a2be-18c09eb5494c,2022-06-20,1,40,40,40
968d3b79-29c0-4f41-a2be-18c09eb5494c,2022-08-15,1,35,35,35
968d3b79-29c0-4f41-a2be-18c09eb5494c,2024-01-29,1,13.29,13.29,13.29
968d3b79-29c0-4f41-a2be-18c09eb5494c,2024-04-15,1,21.6,21.6,21.6
968d3b79-29c0-4f41-a2be-18c09eb5494c,2024-09-23,1,45.98,45.98,45.98
968d3b79-29c0-4f41-a2be-18c09eb5494c,2024-12-30,1,55,55,55
968d3b79-29c0-4f41-a2be-18c09eb5494c,2025-01-06,1,34.99,34.99,34.99
968d3b79-29c0-4f41-a2be-18c09eb5494c,2025-01-13,1,49.99,49.99,49.99
968d3b79-29c0-4f41-a2be-18c09eb5494c,2025-09-29,2,52,49,55
96910afe-8fca-42c1-82cd-14c8d33ec2ad,2022-12-12,1,73.52,73.52,73.52
96910afe-8fca-42c1-82cd-14c8d33ec2ad,2023-03-20,1,34,34,34
96910afe-8fca-42c1-82cd-14c8d33ec2ad,2024-03-04,1,27,27,27
96910afe-8fca-42c1-82cd-14c8d33ec2ad,2024-10-28,1,30,30,30
96910afe-8fca-42c1-82cd-14c8d33ec2ad,2024-11-18,1,50,50,50
96910afe-8fca-42c1-82cd-14c8d33ec2ad,2025-07-07,1,30,30,30
96910afe-8fca-42c1-82cd-14c8d33ec2ad,2026-03-30,1,110,110,110
9693c33f-02ee-4c0d-9de7-c4d61056df5e,2023-09-25,1,14.99,14.99,14.99
9693c33f-02ee-4c0d-9de7-c4d61056df5e,2026-05-25,1,49.99,49.99,49.99
9693c33f-02ee-4c0d-9de7-c4d61056df5e,2026-06-22,1,41,41,41
96940bd9-91c3-440e-975b-a36bdd79a669,2021-12-06,1,12,12,12
96940bd9-91c3-440e-975b-a36bdd79a669,2023-04-24,1,21.6,21.6,21.6
96940bd9-91c3-440e-975b-a36bdd79a669,2023-07-03,1,32,32,32
96940bd9-91c3-440e-975b-a36bdd79a669,2023-11-27,1,32,32,32
96940bd9-91c3-440e-975b-a36bdd79a669,2024-11-25,1,7.56,7.56,7.56
96940bd9-91c3-440e-975b-a36bdd79a669,2025-06-30,1,23.5,23.5,23.5
96940bd9-91c3-440e-975b-a36bdd79a669,2025-10-20,1,72.89,72.89,72.89
96940bd9-91c3-440e-975b-a36bdd79a669,2026-06-15,1,130,130,130
96940bd9-91c3-440e-975b-a36bdd79a669,2026-07-20,1,112.5,112.5,112.5
96940bd9-91c3-440e-975b-a36bdd79a669,2026-09-07,1,51,51,51
9699478f-23a4-4882-956b-865dba33cec0,2022-06-20,1,29.58,29.58,29.58
9699478f-23a4-4882-956b-865dba33cec0,2022-07-11,1,29.99,29.99,29.99
9699478f-23a4-4882-956b-865dba33cec0,2022-07-18,1,75,75,75
9699478f-23a4-4882-956b-865dba33cec0,2022-07-25,1,17.52,17.52,17.52
9699478f-23a4-4882-956b-865dba33cec0,2022-08-01,1,24,24,24
9699478f-23a4-4882-956b-865dba33cec0,2022-08-29,3,21.5,13.05,22.8
9699478f-23a4-4882-956b-865dba33cec0,2022-09-05,5,26,15.5,30
9699478f-23a4-4882-956b-865dba33cec0,2022-09-12,3,16.5,14.76,17.52
9699478f-23a4-4882-956b-865dba33cec0,2022-09-19,3,18.75,17.52,24
9699478f-23a4-4882-956b-865dba33cec0,2022-09-26,2,18.76,17.02,20.5
9699478f-23a4-4882-956b-865dba33cec0,2022-10-10,2,14.88,11.05,18.7
9699478f-23a4-4882-956b-865dba33cec0,2022-10-17,1,13.5,13.5,13.5
9699478f-23a4-4882-956b-865dba33cec0,2022-11-07,1,13.05,13.05,13.05
9699478f-23a4-4882-956b-865dba33cec0,2022-11-14,1,22.49,22.49,22.49
9699478f-23a4-4882-956b-865dba33cec0,2022-12-05,2,26.75,23.5,30
9699478f-23a4-4882-956b-865dba33cec0,2022-12-19,1,15,15,15
9699478f-23a4-4882-956b-865dba33cec0,2022-12-26,1,14.5,14.5,14.5
9699478f-23a4-4882-956b-865dba33cec0,2023-01-02,1,25.2,25.2,25.2
9699478f-23a4-4882-956b-865dba33cec0,2023-01-09,3,21,20.4,39.95
9699478f-23a4-4882-956b-865dba33cec0,2023-01-16,1,28,28,28
9699478f-23a4-4882-956b-865dba33cec0,2023-01-23,1,13.05,13.05,13.05
9699478f-23a4-4882-956b-865dba33cec0,2023-01-30,1,19.5,19.5,19.5
9699478f-23a4-4882-956b-865dba33cec0,2023-02-13,1,24.59,24.59,24.59
9699478f-23a4-4882-956b-865dba33cec0,2023-03-27,2,13.01,10.52,15.5
9699478f-23a4-4882-956b-865dba33cec0,2023-05-08,1,15,15,15
9699478f-23a4-4882-956b-865dba33cec0,2023-05-22,1,20,20,20
9699478f-23a4-4882-956b-865dba33cec0,2023-05-29,1,18,18,18
9699478f-23a4-4882-956b-865dba33cec0,2023-06-19,2,19.23,13.52,24.95
9699478f-23a4-4882-956b-865dba33cec0,2023-08-14,1,17,17,17
9699478f-23a4-4882-956b-865dba33cec0,2023-09-04,3,20.4,12.5,21.95
9699478f-23a4-4882-956b-865dba33cec0,2023-10-09,1,14.99,14.99,14.99
9699478f-23a4-4882-956b-865dba33cec0,2023-11-06,1,21.6,21.6,21.6
9699478f-23a4-4882-956b-865dba33cec0,2023-11-13,1,39.99,39.99,39.99
9699478f-23a4-4882-956b-865dba33cec0,2024-02-12,1,16.05,16.05,16.05
9699478f-23a4-4882-956b-865dba33cec0,2024-02-26,1,31.57,31.57,31.57
9699478f-23a4-4882-956b-865dba33cec0,2024-03-11,1,17,17,17
9699478f-23a4-4882-956b-865dba33cec0,2024-05-27,1,50,50,50
9699478f-23a4-4882-956b-865dba33cec0,2024-08-12,1,25,25,25
9699478f-23a4-4882-956b-865dba33cec0,2024-09-23,2,18.25,15,21.5
9699478f-23a4-4882-956b-865dba33cec0,2025-01-13,2,30,25,35
9699478f-23a4-4882-956b-865dba33cec0,2025-01-20,1,15.89,15.89,15.89
9699478f-23a4-4882-956b-865dba33cec0,2025-02-03,1,16.8,16.8,16.8
9699478f-23a4-4882-956b-865dba33cec0,2025-03-17,1,26.4,26.4,26.4
9699478f-23a4-4882-956b-865dba33cec0,2025-03-31,1,29.99,29.99,29.99
9699478f-23a4-4882-956b-865dba33cec0,2025-04-21,1,31.2,31.2,31.2
9699478f-23a4-4882-956b-865dba33cec0,2025-04-28,2,21.25,8.5,34
9699478f-23a4-4882-956b-865dba33cec0,2025-07-07,1,27,27,27
9699478f-23a4-4882-956b-865dba33cec0,2025-09-29,1,15,15,15
9699478f-23a4-4882-956b-865dba33cec0,2025-10-27,1,29.99,29.99,29.99
9699478f-23a4-4882-956b-865dba33cec0,2025-11-03,1,34.99,34.99,34.99
9699478f-23a4-4882-956b-865dba33cec0,2026-02-09,1,20,20,20
9699478f-23a4-4882-956b-865dba33cec0,2026-03-02,1,62.99,62.99,62.99
9699478f-23a4-4882-956b-865dba33cec0,2026-03-30,1,69.99,69.99,69.99
9699478f-23a4-4882-956b-865dba33cec0,2026-04-20,1,38.73,38.73,38.73
9699478f-23a4-4882-956b-865dba33cec0,2026-06-15,1,35.55,35.55,35.55
969e2ee2-99b0-41a9-9a43-953ffea0d1d9,2026-04-20,1,10.5,10.5,10.5
969f9347-cb22-4d6b-9bca-1d46680916dc,2022-10-24,1,149.99,149.99,149.99
969f9347-cb22-4d6b-9bca-1d46680916dc,2023-07-03,1,51.05,51.05,51.05
969f9347-cb22-4d6b-9bca-1d46680916dc,2023-11-20,1,225,225,225
969f9347-cb22-4d6b-9bca-1d46680916dc,2026-02-09,1,467,467,467
969fe299-ce6d-4d9d-8c70-88c925f8a2c1,2021-02-15,1,69.79,69.79,69.79
969fe299-ce6d-4d9d-8c70-88c925f8a2c1,2022-05-02,1,43.2,43.2,43.2
969fe299-ce6d-4d9d-8c70-88c925f8a2c1,2022-06-27,1,51,51,51
969fe299-ce6d-4d9d-8c70-88c925f8a2c1,2022-07-04,1,31.21,31.21,31.21
969fe299-ce6d-4d9d-8c70-88c925f8a2c1,2023-04-17,1,26,26,26
969fe299-ce6d-4d9d-8c70-88c925f8a2c1,2023-04-24,1,19.5,19.5,19.5
969fe299-ce6d-4d9d-8c70-88c925f8a2c1,2023-06-12,1,49.99,49.99,49.99
969fe299-ce6d-4d9d-8c70-88c925f8a2c1,2024-01-15,1,72.95,72.95,72.95
969fe299-ce6d-4d9d-8c70-88c925f8a2c1,2024-09-23,1,35,35,35
969fe299-ce6d-4d9d-8c70-88c925f8a2c1,2025-01-20,1,55.85,55.85,55.85
969fe299-ce6d-4d9d-8c70-88c925f8a2c1,2026-07-20,1,270,270,270
969fe299-ce6d-4d9d-8c70-88c925f8a2c1,2026-07-27,1,300,300,300
969fe299-ce6d-4d9d-8c70-88c925f8a2c1,2026-08-24,1,300,300,300
96a02e46-6647-4453-80c3-6bd35fe10629,2024-05-20,1,194.99,194.99,194.99
96a4725b-eec2-407b-8c5c-1a7aca6e441e,2026-06-01,16,335.5,299,385
96a4725b-eec2-407b-8c5c-1a7aca6e441e,2026-06-08,11,374,285,399.99
96a4725b-eec2-407b-8c5c-1a7aca6e441e,2026-06-15,11,360,324,378
96a4725b-eec2-407b-8c5c-1a7aca6e441e,2026-06-22,12,360,277,450
96a4725b-eec2-407b-8c5c-1a7aca6e441e,2026-06-29,7,369.99,330,400.43
96a4725b-eec2-407b-8c5c-1a7aca6e441e,2026-07-06,15,340,271,380
96a4725b-eec2-407b-8c5c-1a7aca6e441e,2026-07-13,15,329.99,282,499.99
96a4725b-eec2-407b-8c5c-1a7aca6e441e,2026-07-20,18,323.75,275,357.14
96a4725b-eec2-407b-8c5c-1a7aca6e441e,2026-07-27,11,314,203.21,349.99
96a4725b-eec2-407b-8c5c-1a7aca6e441e,2026-08-03,15,320,250.1,359.84
96a4725b-eec2-407b-8c5c-1a7aca6e441e,2026-08-10,12,329,282,610
96a4725b-eec2-407b-8c5c-1a7aca6e441e,2026-08-17,17,315,270,615
96a4725b-eec2-407b-8c5c-1a7aca6e441e,2026-08-24,13,299.99,240.5,371.94
96a4725b-eec2-407b-8c5c-1a7aca6e441e,2026-08-31,9,305,288,325
96a4725b-eec2-407b-8c5c-1a7aca6e441e,2026-09-07,17,300,230,360
96ab55a7-942e-4ca0-ab0c-23dbb3f3eb8d,2023-01-23,1,31,31,31
96ab55a7-942e-4ca0-ab0c-23dbb3f3eb8d,2023-02-20,1,29,29,29
96ab55a7-942e-4ca0-ab0c-23dbb3f3eb8d,2023-04-17,1,55,55,55
96ab55a7-942e-4ca0-ab0c-23dbb3f3eb8d,2023-10-16,4,28.8,28.8,28.8
96ab55a7-942e-4ca0-ab0c-23dbb3f3eb8d,2024-05-13,1,31.2,31.2,31.2
96ab55a7-942e-4ca0-ab0c-23dbb3f3eb8d,2024-06-10,1,15.5,15.5,15.5
96ab55a7-942e-4ca0-ab0c-23dbb3f3eb8d,2024-11-04,2,27.75,21.5,34
96ab55a7-942e-4ca0-ab0c-23dbb3f3eb8d,2024-12-09,1,60,60,60
96ab55a7-942e-4ca0-ab0c-23dbb3f3eb8d,2025-03-31,3,34.99,34.99,34.99
96ab55a7-942e-4ca0-ab0c-23dbb3f3eb8d,2025-06-02,1,28.34,28.34,28.34
96ab55a7-942e-4ca0-ab0c-23dbb3f3eb8d,2025-08-11,1,65,65,65
96ab55a7-942e-4ca0-ab0c-23dbb3f3eb8d,2025-11-10,1,44.4,44.4,44.4
96ab55a7-942e-4ca0-ab0c-23dbb3f3eb8d,2026-01-05,1,102.5,102.5,102.5
96ab55a7-942e-4ca0-ab0c-23dbb3f3eb8d,2026-03-02,1,128.07,128.07,128.07
96ab55a7-942e-4ca0-ab0c-23dbb3f3eb8d,2026-04-13,1,132.5,132.5,132.5
96ab55a7-942e-4ca0-ab0c-23dbb3f3eb8d,2026-04-20,1,152,152,152
96ab55a7-942e-4ca0-ab0c-23dbb3f3eb8d,2026-06-01,2,159,155.5,162.5
96ab55a7-942e-4ca0-ab0c-23dbb3f3eb8d,2026-06-15,1,275,275,275
96ab55a7-942e-4ca0-ab0c-23dbb3f3eb8d,2026-07-27,2,138.76,118.03,159.5
96ab55a7-942e-4ca0-ab0c-23dbb3f3eb8d,2026-08-03,5,187.5,158.5,305
96ab55a7-942e-4ca0-ab0c-23dbb3f3eb8d,2026-08-17,1,304,304,304
96ab55a7-942e-4ca0-ab0c-23dbb3f3eb8d,2026-08-24,1,180.92,180.92,180.92
96aee054-3390-4b23-b405-dcbb30bce324,2026-09-07,1,299.99,299.99,299.99
96af48ab-d6fe-45fe-b4ad-600903c38c1e,2022-09-26,1,55,55,55
96af48ab-d6fe-45fe-b4ad-600903c38c1e,2023-07-03,1,212.5,212.5,212.5
96af48ab-d6fe-45fe-b4ad-600903c38c1e,2023-07-24,1,218.49,218.49,218.49
96af48ab-d6fe-45fe-b4ad-600903c38c1e,2023-08-14,2,64.94,59.89,70
96af48ab-d6fe-45fe-b4ad-600903c38c1e,2023-08-21,4,35.5,25,46.16
96af48ab-d6fe-45fe-b4ad-600903c38c1e,2023-08-28,2,40.6,37.2,44
96af48ab-d6fe-45fe-b4ad-600903c38c1e,2023-09-04,4,47.41,32.4,85
96af48ab-d6fe-45fe-b4ad-600903c38c1e,2023-09-11,3,59.99,27.6,61
96af48ab-d6fe-45fe-b4ad-600903c38c1e,2023-10-02,8,21.6,15.5,26
96af48ab-d6fe-45fe-b4ad-600903c38c1e,2023-10-09,7,20.4,19.52,66.76
96af48ab-d6fe-45fe-b4ad-600903c38c1e,2023-10-23,1,20.5,20.5,20.5
96af48ab-d6fe-45fe-b4ad-600903c38c1e,2023-10-30,1,28.8,28.8,28.8
96af48ab-d6fe-45fe-b4ad-600903c38c1e,2023-11-20,2,43.55,40,47.1
96af48ab-d6fe-45fe-b4ad-600903c38c1e,2023-11-27,1,25,25,25
96af48ab-d6fe-45fe-b4ad-600903c38c1e,2023-12-04,2,26.12,22,30.23
96af48ab-d6fe-45fe-b4ad-600903c38c1e,2024-01-15,4,20.62,19.5,36
96af48ab-d6fe-45fe-b4ad-600903c38c1e,2024-01-29,1,27,27,27
96af48ab-d6fe-45fe-b4ad-600903c38c1e,2024-02-26,1,25.2,25.2,25.2
96af48ab-d6fe-45fe-b4ad-600903c38c1e,2024-03-04,3,20.4,20.4,20.4
96af48ab-d6fe-45fe-b4ad-600903c38c1e,2024-03-11,2,18.6,18,19.2
96af48ab-d6fe-45fe-b4ad-600903c38c1e,2024-03-18,2,17.4,16.8,18
96af48ab-d6fe-45fe-b4ad-600903c38c1e,2024-03-25,1,15.6,15.6,15.6
96af48ab-d6fe-45fe-b4ad-600903c38c1e,2024-04-01,1,18,18,18
96af48ab-d6fe-45fe-b4ad-600903c38c1e,2024-04-08,5,32.5,13.2,38.24
96af48ab-d6fe-45fe-b4ad-600903c38c1e,2024-04-15,1,19.2,19.2,19.2
96af48ab-d6fe-45fe-b4ad-600903c38c1e,2024-04-22,1,18,18,18
96af48ab-d6fe-45fe-b4ad-600903c38c1e,2024-05-06,1,20.52,20.52,20.52
96af48ab-d6fe-45fe-b4ad-600903c38c1e,2024-05-27,1,19.2,19.2,19.2
96af48ab-d6fe-45fe-b4ad-600903c38c1e,2024-06-03,1,16.8,16.8,16.8
96af48ab-d6fe-45fe-b4ad-600903c38c1e,2024-06-10,1,18,18,18
96af48ab-d6fe-45fe-b4ad-600903c38c1e,2024-06-17,2,12.45,10.5,14.4
96af48ab-d6fe-45fe-b4ad-600903c38c1e,2024-06-24,1,15.6,15.6,15.6
96af48ab-d6fe-45fe-b4ad-600903c38c1e,2024-07-08,1,13.2,13.2,13.2
96af48ab-d6fe-45fe-b4ad-600903c38c1e,2024-07-15,2,16.44,13.5,19.37
96af48ab-d6fe-45fe-b4ad-600903c38c1e,2024-07-22,2,16.8,16.8,16.8
96af48ab-d6fe-45fe-b4ad-600903c38c1e,2024-07-29,1,32.99,32.99,32.99
96af48ab-d6fe-45fe-b4ad-600903c38c1e,2024-08-12,2,14.55,13.5,15.6
96af48ab-d6fe-45fe-b4ad-600903c38c1e,2024-09-09,1,7.5,7.5,7.5
96af48ab-d6fe-45fe-b4ad-600903c38c1e,2024-09-16,1,19.2,19.2,19.2
96af48ab-d6fe-45fe-b4ad-600903c38c1e,2024-11-11,2,17.4,16.8,18
96af48ab-d6fe-45fe-b4ad-600903c38c1e,2024-11-18,1,15,15,15
96af48ab-d6fe-45fe-b4ad-600903c38c1e,2024-11-25,3,16.8,16.8,19.2
96af48ab-d6fe-45fe-b4ad-600903c38c1e,2024-12-09,1,40,40,40
96af48ab-d6fe-45fe-b4ad-600903c38c1e,2024-12-23,1,31.99,31.99,31.99
96af48ab-d6fe-45fe-b4ad-600903c38c1e,2025-01-06,2,30.5,29,32
96af48ab-d6fe-45fe-b4ad-600903c38c1e,2025-01-13,1,25.2,25.2,25.2
96af48ab-d6fe-45fe-b4ad-600903c38c1e,2025-03-03,2,21,20.5,21.5
96af48ab-d6fe-45fe-b4ad-600903c38c1e,2025-03-10,1,40,40,40
96af48ab-d6fe-45fe-b4ad-600903c38c1e,2025-04-07,1,30,30,30
96af48ab-d6fe-45fe-b4ad-600903c38c1e,2025-04-14,1,12.88,12.88,12.88
96af48ab-d6fe-45fe-b4ad-600903c38c1e,2025-06-02,1,29,29,29
96af48ab-d6fe-45fe-b4ad-600903c38c1e,2025-06-09,1,23,23,23
96af48ab-d6fe-45fe-b4ad-600903c38c1e,2025-06-23,1,30,30,30
96af48ab-d6fe-45fe-b4ad-600903c38c1e,2025-06-30,1,40,40,40
96af48ab-d6fe-45fe-b4ad-600903c38c1e,2025-07-07,1,25,25,25
96af48ab-d6fe-45fe-b4ad-600903c38c1e,2025-08-04,1,36.99,36.99,36.99
96af48ab-d6fe-45fe-b4ad-600903c38c1e,2025-08-18,2,33.4,16.8,49.99
96af48ab-d6fe-45fe-b4ad-600903c38c1e,2025-09-01,1,39.99,39.99,39.99
96af48ab-d6fe-45fe-b4ad-600903c38c1e,2025-09-22,1,40,40,40
96af48ab-d6fe-45fe-b4ad-600903c38c1e,2025-10-27,1,55,55,55
96af48ab-d6fe-45fe-b4ad-600903c38c1e,2025-12-01,1,70,70,70
96af48ab-d6fe-45fe-b4ad-600903c38c1e,2026-01-12,1,24.5,24.5,24.5
96af48ab-d6fe-45fe-b4ad-600903c38c1e,2026-02-16,4,40.6,30,60.19
96af48ab-d6fe-45fe-b4ad-600903c38c1e,2026-03-09,1,65,65,65
96af48ab-d6fe-45fe-b4ad-600903c38c1e,2026-03-30,2,65,45,85
96af48ab-d6fe-45fe-b4ad-600903c38c1e,2026-04-20,2,45.8,43.59,48
96af48ab-d6fe-45fe-b4ad-600903c38c1e,2026-04-27,1,66,66,66
96af48ab-d6fe-45fe-b4ad-600903c38c1e,2026-05-04,1,50,50,50
96af48ab-d6fe-45fe-b4ad-600903c38c1e,2026-05-11,3,46.95,43,65
96af48ab-d6fe-45fe-b4ad-600903c38c1e,2026-05-25,1,58.8,58.8,58.8
96af48ab-d6fe-45fe-b4ad-600903c38c1e,2026-06-01,1,69,69,69
96af48ab-d6fe-45fe-b4ad-600903c38c1e,2026-06-29,4,42.98,33.6,54.99
96af48ab-d6fe-45fe-b4ad-600903c38c1e,2026-07-06,1,41.08,41.08,41.08
96af48ab-d6fe-45fe-b4ad-600903c38c1e,2026-08-03,1,33.2,33.2,33.2
96af48ab-d6fe-45fe-b4ad-600903c38c1e,2026-08-17,1,56,56,56
96af48ab-d6fe-45fe-b4ad-600903c38c1e,2026-08-31,1,54.99,54.99,54.99
96affae5-0b4f-4e6c-bd76-3308e07a52ae,2021-08-16,1,56,56,56
96affae5-0b4f-4e6c-bd76-3308e07a52ae,2021-10-25,1,55,55,55
96affae5-0b4f-4e6c-bd76-3308e07a52ae,2022-08-01,1,35,35,35
96affae5-0b4f-4e6c-bd76-3308e07a52ae,2022-08-08,1,60,60,60
96affae5-0b4f-4e6c-bd76-3308e07a52ae,2022-08-15,1,31,31,31
96affae5-0b4f-4e6c-bd76-3308e07a52ae,2022-09-12,2,25.35,16.5,34.2
96affae5-0b4f-4e6c-bd76-3308e07a52ae,2022-10-10,1,21.5,21.5,21.5
96affae5-0b4f-4e6c-bd76-3308e07a52ae,2022-10-17,1,26,26,26
96affae5-0b4f-4e6c-bd76-3308e07a52ae,2022-10-31,1,34.95,34.95,34.95
96affae5-0b4f-4e6c-bd76-3308e07a52ae,2022-11-14,1,40,40,40
96affae5-0b4f-4e6c-bd76-3308e07a52ae,2022-12-12,1,19.5,19.5,19.5
96affae5-0b4f-4e6c-bd76-3308e07a52ae,2023-03-20,1,52,52,52
96affae5-0b4f-4e6c-bd76-3308e07a52ae,2023-05-08,1,17.5,17.5,17.5
96affae5-0b4f-4e6c-bd76-3308e07a52ae,2023-05-15,1,21.99,21.99,21.99
96affae5-0b4f-4e6c-bd76-3308e07a52ae,2023-06-05,1,35,35,35
96affae5-0b4f-4e6c-bd76-3308e07a52ae,2023-07-03,1,24.11,24.11,24.11
96affae5-0b4f-4e6c-bd76-3308e07a52ae,2023-07-10,1,36,36,36
96affae5-0b4f-4e6c-bd76-3308e07a52ae,2023-08-14,1,16.8,16.8,16.8
96affae5-0b4f-4e6c-bd76-3308e07a52ae,2023-12-04,1,16.05,16.05,16.05
96affae5-0b4f-4e6c-bd76-3308e07a52ae,2023-12-11,1,10.5,10.5,10.5
96affae5-0b4f-4e6c-bd76-3308e07a52ae,2024-01-01,1,24.99,24.99,24.99
96affae5-0b4f-4e6c-bd76-3308e07a52ae,2024-02-12,2,30.25,20.5,39.99
96affae5-0b4f-4e6c-bd76-3308e07a52ae,2025-01-13,1,15.5,15.5,15.5
96affae5-0b4f-4e6c-bd76-3308e07a52ae,2025-01-20,1,29.75,29.75,29.75
96affae5-0b4f-4e6c-bd76-3308e07a52ae,2025-01-27,1,28.88,28.88,28.88
96affae5-0b4f-4e6c-bd76-3308e07a52ae,2025-02-03,1,29.99,29.99,29.99
96affae5-0b4f-4e6c-bd76-3308e07a52ae,2025-11-17,1,22.5,22.5,22.5
96affae5-0b4f-4e6c-bd76-3308e07a52ae,2025-12-29,1,28.88,28.88,28.88
96affae5-0b4f-4e6c-bd76-3308e07a52ae,2026-01-26,1,65,65,65
96affae5-0b4f-4e6c-bd76-3308e07a52ae,2026-02-23,1,21,21,21
96b26a64-85d5-4fef-885d-789c48adc1a0,2021-10-04,1,35,35,35
96b26a64-85d5-4fef-885d-789c48adc1a0,2021-11-15,1,19.99,19.99,19.99
96b26a64-85d5-4fef-885d-789c48adc1a0,2021-12-20,1,12.5,12.5,12.5
96b26a64-85d5-4fef-885d-789c48adc1a0,2022-07-11,1,19.5,19.5,19.5
96b26a64-85d5-4fef-885d-789c48adc1a0,2024-02-19,1,49.99,49.99,49.99
96b44696-547a-493f-9fd6-be5cc4899ab1,2023-01-02,1,149.99,149.99,149.99
96b44696-547a-493f-9fd6-be5cc4899ab1,2023-07-17,1,99.99,99.99,99.99
96b44696-547a-493f-9fd6-be5cc4899ab1,2025-01-27,1,149.99,149.99,149.99
96b44696-547a-493f-9fd6-be5cc4899ab1,2025-02-24,1,120,120,120
96b44696-547a-493f-9fd6-be5cc4899ab1,2025-04-07,1,279.92,279.92,279.92
96b6bc6d-dbcc-42f4-a008-d8f0be24bd3f,2025-01-27,1,165,165,165
96b6bc6d-dbcc-42f4-a008-d8f0be24bd3f,2025-04-07,1,189.99,189.99,189.99
96b6bc6d-dbcc-42f4-a008-d8f0be24bd3f,2025-04-14,1,83,83,83
96b6bc6d-dbcc-42f4-a008-d8f0be24bd3f,2025-04-21,2,170,164.99,175
96b6bc6d-dbcc-42f4-a008-d8f0be24bd3f,2025-05-26,1,60,60,60
96b6bc6d-dbcc-42f4-a008-d8f0be24bd3f,2025-07-14,2,187.49,150,224.97
96b6bc6d-dbcc-42f4-a008-d8f0be24bd3f,2025-08-18,1,180,180,180
96b6bc6d-dbcc-42f4-a008-d8f0be24bd3f,2025-09-22,1,180,180,180
96b6bc6d-dbcc-42f4-a008-d8f0be24bd3f,2025-09-29,1,199.99,199.99,199.99
96b6bc6d-dbcc-42f4-a008-d8f0be24bd3f,2025-10-27,1,150,150,150
96b6bc6d-dbcc-42f4-a008-d8f0be24bd3f,2025-11-17,1,165,165,165
96b6bc6d-dbcc-42f4-a008-d8f0be24bd3f,2025-11-24,1,140,140,140
96b6bc6d-dbcc-42f4-a008-d8f0be24bd3f,2025-12-08,1,106.07,106.07,106.07
96b6bc6d-dbcc-42f4-a008-d8f0be24bd3f,2025-12-22,1,80,80,80
96b6bc6d-dbcc-42f4-a008-d8f0be24bd3f,2025-12-29,1,100,100,100
96b6bc6d-dbcc-42f4-a008-d8f0be24bd3f,2026-02-02,1,90,90,90
96b6bc6d-dbcc-42f4-a008-d8f0be24bd3f,2026-02-09,1,150,150,150
96b6bc6d-dbcc-42f4-a008-d8f0be24bd3f,2026-02-23,1,160,160,160
96b6bc6d-dbcc-42f4-a008-d8f0be24bd3f,2026-03-09,1,110,110,110
96b6bc6d-dbcc-42f4-a008-d8f0be24bd3f,2026-03-16,4,125,112.49,130
96b6bc6d-dbcc-42f4-a008-d8f0be24bd3f,2026-03-23,5,80.4,76.8,180
96b6bc6d-dbcc-42f4-a008-d8f0be24bd3f,2026-03-30,2,135,130,140
96b6bc6d-dbcc-42f4-a008-d8f0be24bd3f,2026-04-06,1,150,150,150
96b6bc6d-dbcc-42f4-a008-d8f0be24bd3f,2026-04-13,3,175,126,185
96b6bc6d-dbcc-42f4-a008-d8f0be24bd3f,2026-04-20,2,167.5,160,175
96b6bc6d-dbcc-42f4-a008-d8f0be24bd3f,2026-04-27,5,174.99,125,175
96b6bc6d-dbcc-42f4-a008-d8f0be24bd3f,2026-05-04,2,174.09,169.99,178.2
96b6bc6d-dbcc-42f4-a008-d8f0be24bd3f,2026-05-11,2,175.5,156,195
96b6bc6d-dbcc-42f4-a008-d8f0be24bd3f,2026-05-18,2,202.25,149.5,255
96b6bc6d-dbcc-42f4-a008-d8f0be24bd3f,2026-06-01,1,170.5,170.5,170.5
96b6bc6d-dbcc-42f4-a008-d8f0be24bd3f,2026-06-08,2,187.5,175,200
96b6bc6d-dbcc-42f4-a008-d8f0be24bd3f,2026-06-22,1,220,220,220
96b6bc6d-dbcc-42f4-a008-d8f0be24bd3f,2026-07-20,1,190,190,190
96b6bc6d-dbcc-42f4-a008-d8f0be24bd3f,2026-07-27,1,219.99,219.99,219.99
96b6bc6d-dbcc-42f4-a008-d8f0be24bd3f,2026-08-03,1,250,250,250
96b6bc6d-dbcc-42f4-a008-d8f0be24bd3f,2026-08-10,2,242.5,185,299.99
96b6bc6d-dbcc-42f4-a008-d8f0be24bd3f,2026-08-17,2,247.07,195.15,299
96b6bc6d-dbcc-42f4-a008-d8f0be24bd3f,2026-08-24,1,300,300,300
96b6c2f8-53ac-4673-94ff-c3d6b59f6a42,2026-02-09,8,115.32,100,173.39
96b6c2f8-53ac-4673-94ff-c3d6b59f6a42,2026-02-16,7,120,100.8,139.99
96b6c2f8-53ac-4673-94ff-c3d6b59f6a42,2026-02-23,4,114.25,107.5,135
96b6c2f8-53ac-4673-94ff-c3d6b59f6a42,2026-03-02,7,119.97,87,135
96b6c2f8-53ac-4673-94ff-c3d6b59f6a42,2026-03-09,7,125,102,149.99
96b6c2f8-53ac-4673-94ff-c3d6b59f6a42,2026-03-16,4,122.5,99.99,129.95
96b6c2f8-53ac-4673-94ff-c3d6b59f6a42,2026-03-23,9,138.5,102.51,157.5
96b6c2f8-53ac-4673-94ff-c3d6b59f6a42,2026-03-30,12,133.5,100,194.14
96b6c2f8-53ac-4673-94ff-c3d6b59f6a42,2026-04-06,5,159.99,144,168.99
96b6c2f8-53ac-4673-94ff-c3d6b59f6a42,2026-04-13,16,157.5,110,210
96b6c2f8-53ac-4673-94ff-c3d6b59f6a42,2026-04-20,12,201.25,155,249.99
96b6c2f8-53ac-4673-94ff-c3d6b59f6a42,2026-04-27,9,249,150,275
96b6c2f8-53ac-4673-94ff-c3d6b59f6a42,2026-05-04,5,255,235.5,275
96b6c2f8-53ac-4673-94ff-c3d6b59f6a42,2026-05-11,2,282.5,264.99,300
96b6c2f8-53ac-4673-94ff-c3d6b59f6a42,2026-05-18,5,270,214.5,284.99
96b6c2f8-53ac-4673-94ff-c3d6b59f6a42,2026-05-25,7,250,200,285
96b6c2f8-53ac-4673-94ff-c3d6b59f6a42,2026-06-01,7,290,250,310
96b6c2f8-53ac-4673-94ff-c3d6b59f6a42,2026-06-08,11,299.88,211.2,325
96b6c2f8-53ac-4673-94ff-c3d6b59f6a42,2026-06-15,5,284.99,255,290
96b6c2f8-53ac-4673-94ff-c3d6b59f6a42,2026-06-22,3,202.5,200,275
96b6c2f8-53ac-4673-94ff-c3d6b59f6a42,2026-06-29,9,230.39,186.5,280
96b6c2f8-53ac-4673-94ff-c3d6b59f6a42,2026-07-06,2,230.1,212.7,247.5
96b6c2f8-53ac-4673-94ff-c3d6b59f6a42,2026-07-13,5,250,228,357.76
96b6c2f8-53ac-4673-94ff-c3d6b59f6a42,2026-07-20,5,250,237.5,269.99
96b6c2f8-53ac-4673-94ff-c3d6b59f6a42,2026-07-27,4,239,201.5,320
96b6c2f8-53ac-4673-94ff-c3d6b59f6a42,2026-08-03,6,234,217.5,250
96b6c2f8-53ac-4673-94ff-c3d6b59f6a42,2026-08-10,3,250,227.5,259.99
96b6c2f8-53ac-4673-94ff-c3d6b59f6a42,2026-08-17,6,234.5,210,260
96b6c2f8-53ac-4673-94ff-c3d6b59f6a42,2026-08-24,1,225.25,225.25,225.25
96b6c2f8-53ac-4673-94ff-c3d6b59f6a42,2026-08-31,7,210,180,250
96b6c2f8-53ac-4673-94ff-c3d6b59f6a42,2026-09-07,4,216.75,172.8,270
96b9d303-9c1f-44e5-b6f1-fd4932061b2b,2026-05-18,5,260,232.5,280
96b9d303-9c1f-44e5-b6f1-fd4932061b2b,2026-05-25,17,278.99,249.5,350.94
96b9d303-9c1f-44e5-b6f1-fd4932061b2b,2026-06-01,20,275.94,255,304.88
96b9d303-9c1f-44e5-b6f1-fd4932061b2b,2026-06-08,14,277,240.92,365.55
96b9d303-9c1f-44e5-b6f1-fd4932061b2b,2026-06-15,13,263,255,295
96b9d303-9c1f-44e5-b6f1-fd4932061b2b,2026-06-22,17,258,235.5,381.23
96b9d303-9c1f-44e5-b6f1-fd4932061b2b,2026-06-29,8,260,233.5,349.79
96b9d303-9c1f-44e5-b6f1-fd4932061b2b,2026-07-06,7,250,222.5,299
96b9d303-9c1f-44e5-b6f1-fd4932061b2b,2026-07-13,18,235.25,150,314.57
96b9d303-9c1f-44e5-b6f1-fd4932061b2b,2026-07-20,7,229.5,187.5,250.99
96b9d303-9c1f-44e5-b6f1-fd4932061b2b,2026-07-27,5,210.5,192.5,292.99
96b9d303-9c1f-44e5-b6f1-fd4932061b2b,2026-08-03,12,225,197.5,260
96b9d303-9c1f-44e5-b6f1-fd4932061b2b,2026-08-10,11,205,178.5,227.36
96b9d303-9c1f-44e5-b6f1-fd4932061b2b,2026-08-17,15,225,180.5,267.99
96b9d303-9c1f-44e5-b6f1-fd4932061b2b,2026-08-24,17,225,180,380.33
96b9d303-9c1f-44e5-b6f1-fd4932061b2b,2026-08-31,6,231.25,197.5,249.98
96b9d303-9c1f-44e5-b6f1-fd4932061b2b,2026-09-07,8,224.86,195.5,230
96bb879d-7b59-492b-a063-390ad83c9792,2021-03-22,1,800,800,800
96bb879d-7b59-492b-a063-390ad83c9792,2021-04-12,2,257.5,250,265
96bb879d-7b59-492b-a063-390ad83c9792,2021-11-01,1,148.42,148.42,148.42
96bb879d-7b59-492b-a063-390ad83c9792,2022-01-10,1,104.5,104.5,104.5
96bb879d-7b59-492b-a063-390ad83c9792,2022-01-24,1,560,560,560
96bb879d-7b59-492b-a063-390ad83c9792,2022-05-30,1,162,162,162
96bb879d-7b59-492b-a063-390ad83c9792,2022-07-18,1,144,144,144
96bb879d-7b59-492b-a063-390ad83c9792,2022-08-29,1,250,250,250
96bb879d-7b59-492b-a063-390ad83c9792,2023-01-30,1,137.52,137.52,137.52
96bb879d-7b59-492b-a063-390ad83c9792,2023-02-13,1,112,112,112
96bb879d-7b59-492b-a063-390ad83c9792,2023-03-20,1,97,97,97
96bb879d-7b59-492b-a063-390ad83c9792,2023-04-03,1,91.2,91.2,91.2
96bb879d-7b59-492b-a063-390ad83c9792,2023-04-10,1,160,160,160
96bb879d-7b59-492b-a063-390ad83c9792,2023-05-22,1,80.16,80.16,80.16
96bb879d-7b59-492b-a063-390ad83c9792,2023-06-19,1,103.2,103.2,103.2
96bb879d-7b59-492b-a063-390ad83c9792,2023-07-03,1,132,132,132
96bb879d-7b59-492b-a063-390ad83c9792,2023-07-10,1,140,140,140
96bb879d-7b59-492b-a063-390ad83c9792,2023-07-24,2,88.59,77.18,100
96bb879d-7b59-492b-a063-390ad83c9792,2023-08-07,1,66,66,66
96bb879d-7b59-492b-a063-390ad83c9792,2023-09-18,1,88,88,88
96bb879d-7b59-492b-a063-390ad83c9792,2023-09-25,2,87.2,79,95.4
96bb879d-7b59-492b-a063-390ad83c9792,2023-10-09,1,91,91,91
96bb879d-7b59-492b-a063-390ad83c9792,2023-11-13,1,52.99,52.99,52.99
96bb879d-7b59-492b-a063-390ad83c9792,2023-11-27,1,61,61,61
96bb879d-7b59-492b-a063-390ad83c9792,2023-12-18,1,62,62,62
96bb879d-7b59-492b-a063-390ad83c9792,2024-01-15,1,41,41,41
96bb879d-7b59-492b-a063-390ad83c9792,2024-02-26,1,57.6,57.6,57.6
96bb879d-7b59-492b-a063-390ad83c9792,2024-06-10,2,78.6,67.2,90
96bb879d-7b59-492b-a063-390ad83c9792,2024-07-29,1,50,50,50
96bb879d-7b59-492b-a063-390ad83c9792,2024-09-09,1,81,81,81
96bb879d-7b59-492b-a063-390ad83c9792,2024-12-09,1,92,92,92
96bb879d-7b59-492b-a063-390ad83c9792,2025-01-20,1,89.4,89.4,89.4
96bb879d-7b59-492b-a063-390ad83c9792,2025-02-24,1,85,85,85
96bb879d-7b59-492b-a063-390ad83c9792,2025-03-03,1,80.44,80.44,80.44
96bb879d-7b59-492b-a063-390ad83c9792,2025-03-10,2,83,81,85
96bb879d-7b59-492b-a063-390ad83c9792,2025-06-02,1,88.99,88.99,88.99
96bb879d-7b59-492b-a063-390ad83c9792,2025-09-15,1,149.99,149.99,149.99
96bb879d-7b59-492b-a063-390ad83c9792,2025-12-15,2,161.41,132.82,190
96bb879d-7b59-492b-a063-390ad83c9792,2026-01-12,1,150,150,150
96c4936f-e5dd-4889-9e93-fd5f19d2dd72,2023-08-21,1,81,81,81
96c4936f-e5dd-4889-9e93-fd5f19d2dd72,2023-12-25,1,52.43,52.43,52.43
96c4936f-e5dd-4889-9e93-fd5f19d2dd72,2024-02-26,1,120,120,120
96c4936f-e5dd-4889-9e93-fd5f19d2dd72,2024-07-15,1,59,59,59
96c4936f-e5dd-4889-9e93-fd5f19d2dd72,2025-05-19,1,120,120,120
96c4936f-e5dd-4889-9e93-fd5f19d2dd72,2025-06-16,1,142.99,142.99,142.99
96c4936f-e5dd-4889-9e93-fd5f19d2dd72,2025-08-04,1,130,130,130
96c4936f-e5dd-4889-9e93-fd5f19d2dd72,2025-08-25,1,123.5,123.5,123.5
96c4936f-e5dd-4889-9e93-fd5f19d2dd72,2025-09-15,1,145,145,145
96c4936f-e5dd-4889-9e93-fd5f19d2dd72,2025-10-06,1,130,130,130
96c4936f-e5dd-4889-9e93-fd5f19d2dd72,2025-10-13,1,125,125,125
96c4936f-e5dd-4889-9e93-fd5f19d2dd72,2025-12-15,1,143.5,143.5,143.5
96c4936f-e5dd-4889-9e93-fd5f19d2dd72,2026-01-05,1,225,225,225
96c4a398-258f-4a65-b860-a0e051429083,2022-12-19,1,75,75,75
96c4a398-258f-4a65-b860-a0e051429083,2023-03-27,1,43.99,43.99,43.99
96c4a398-258f-4a65-b860-a0e051429083,2023-07-03,1,40,40,40
96c4a398-258f-4a65-b860-a0e051429083,2024-05-20,1,10.5,10.5,10.5
96c4a398-258f-4a65-b860-a0e051429083,2024-11-11,1,13.2,13.2,13.2
96c4a398-258f-4a65-b860-a0e051429083,2025-04-07,1,20.5,20.5,20.5
96c4a398-258f-4a65-b860-a0e051429083,2025-04-21,1,30,30,30
96c4a398-258f-4a65-b860-a0e051429083,2025-09-01,1,34,34,34
96c4a398-258f-4a65-b860-a0e051429083,2025-09-22,1,36,36,36
96c4a398-258f-4a65-b860-a0e051429083,2025-10-06,1,35,35,35
96c4a398-258f-4a65-b860-a0e051429083,2026-01-19,1,37.2,37.2,37.2
96c4a398-258f-4a65-b860-a0e051429083,2026-02-02,1,50,50,50
96c4a398-258f-4a65-b860-a0e051429083,2026-02-23,1,25.05,25.05,25.05
96c4a398-258f-4a65-b860-a0e051429083,2026-08-31,1,26,26,26
96c6f88f-a0e0-4e51-be8e-8e6594543e67,2025-05-12,1,49.99,49.99,49.99
96c6f88f-a0e0-4e51-be8e-8e6594543e67,2025-09-15,1,75,75,75
96c6f88f-a0e0-4e51-be8e-8e6594543e67,2025-11-24,1,199,199,199
96c6f88f-a0e0-4e51-be8e-8e6594543e67,2026-03-30,1,250,250,250
96cb6ad7-1bd8-4cc6-b356-c1a392e1cec4,2026-07-13,1,199,199,199
96cb9f41-4d15-4a94-8ae4-93d91c93d5b5,2025-07-07,1,54.95,54.95,54.95
96cfae64-3d44-4c03-93a8-65bb2696cd31,2023-01-23,2,18.5,16.5,20.5
96cfae64-3d44-4c03-93a8-65bb2696cd31,2023-01-30,2,18.75,18,19.5
96cfae64-3d44-4c03-93a8-65bb2696cd31,2023-02-06,1,16.5,16.5,16.5
96cfae64-3d44-4c03-93a8-65bb2696cd31,2023-02-20,1,15,15,15
96cfae64-3d44-4c03-93a8-65bb2696cd31,2023-02-27,4,17.5,15.5,25.99
96cfae64-3d44-4c03-93a8-65bb2696cd31,2023-03-06,2,12.88,12.52,13.23
96cfae64-3d44-4c03-93a8-65bb2696cd31,2023-03-13,1,13.66,13.66,13.66
96cfae64-3d44-4c03-93a8-65bb2696cd31,2023-03-27,2,16.63,12.5,20.77
96cfae64-3d44-4c03-93a8-65bb2696cd31,2023-05-22,1,15,15,15
96cfae64-3d44-4c03-93a8-65bb2696cd31,2023-06-12,2,24.99,24.99,25
96cfae64-3d44-4c03-93a8-65bb2696cd31,2023-06-26,2,22.87,20.75,24.99
96cfae64-3d44-4c03-93a8-65bb2696cd31,2023-07-03,1,15.6,15.6,15.6
96cfae64-3d44-4c03-93a8-65bb2696cd31,2023-07-24,4,17.5,16.5,29.95
96cfae64-3d44-4c03-93a8-65bb2696cd31,2023-08-14,1,25.32,25.32,25.32
96cfae64-3d44-4c03-93a8-65bb2696cd31,2023-08-28,1,28.99,28.99,28.99
96cfae64-3d44-4c03-93a8-65bb2696cd31,2023-09-18,1,12.5,12.5,12.5
96cfae64-3d44-4c03-93a8-65bb2696cd31,2023-10-02,1,12.5,12.5,12.5
96cfae64-3d44-4c03-93a8-65bb2696cd31,2023-10-23,1,7,7,7
96cfae64-3d44-4c03-93a8-65bb2696cd31,2023-11-06,1,20,20,20
96cfae64-3d44-4c03-93a8-65bb2696cd31,2023-11-13,1,10.5,10.5,10.5
96cfae64-3d44-4c03-93a8-65bb2696cd31,2023-11-20,1,12,12,12
96cfae64-3d44-4c03-93a8-65bb2696cd31,2024-01-08,1,27.4,27.4,27.4
96cfae64-3d44-4c03-93a8-65bb2696cd31,2024-01-15,1,13,13,13
96cfae64-3d44-4c03-93a8-65bb2696cd31,2024-02-12,1,22.08,22.08,22.08
96cfae64-3d44-4c03-93a8-65bb2696cd31,2024-03-04,1,15,15,15
96cfae64-3d44-4c03-93a8-65bb2696cd31,2024-03-11,1,15,15,15
96cfae64-3d44-4c03-93a8-65bb2696cd31,2024-03-25,1,5,5,5
96cfae64-3d44-4c03-93a8-65bb2696cd31,2024-04-29,1,31.15,31.15,31.15
96cfae64-3d44-4c03-93a8-65bb2696cd31,2024-05-13,1,8,8,8
96cfae64-3d44-4c03-93a8-65bb2696cd31,2024-06-10,1,6.5,6.5,6.5
96cfae64-3d44-4c03-93a8-65bb2696cd31,2024-07-08,2,24.79,24.79,24.79
96cfae64-3d44-4c03-93a8-65bb2696cd31,2024-07-15,2,24.74,24.69,24.79
96cfae64-3d44-4c03-93a8-65bb2696cd31,2024-07-29,2,11.5,8,15
96cfae64-3d44-4c03-93a8-65bb2696cd31,2024-08-19,1,21.99,21.99,21.99
96cfae64-3d44-4c03-93a8-65bb2696cd31,2024-09-16,1,13.91,13.91,13.91
96cfae64-3d44-4c03-93a8-65bb2696cd31,2024-11-25,1,7.5,7.5,7.5
96cfae64-3d44-4c03-93a8-65bb2696cd31,2024-12-09,1,20,20,20
96cfae64-3d44-4c03-93a8-65bb2696cd31,2025-01-20,1,27,27,27
96cfae64-3d44-4c03-93a8-65bb2696cd31,2025-03-24,1,25.14,25.14,25.14
96cfae64-3d44-4c03-93a8-65bb2696cd31,2025-05-26,1,27,27,27
96cfae64-3d44-4c03-93a8-65bb2696cd31,2025-09-01,1,31,31,31
96cfae64-3d44-4c03-93a8-65bb2696cd31,2025-09-15,1,40.08,40.08,40.08
96cfae64-3d44-4c03-93a8-65bb2696cd31,2025-09-22,2,23.23,16.5,29.95
96cfae64-3d44-4c03-93a8-65bb2696cd31,2025-09-29,1,35,35,35
96cfae64-3d44-4c03-93a8-65bb2696cd31,2025-10-13,1,29.95,29.95,29.95
96cfae64-3d44-4c03-93a8-65bb2696cd31,2025-11-10,1,29.5,29.5,29.5
96cfae64-3d44-4c03-93a8-65bb2696cd31,2025-11-24,1,26,26,26
96cfae64-3d44-4c03-93a8-65bb2696cd31,2025-12-08,1,38.95,38.95,38.95
96cfae64-3d44-4c03-93a8-65bb2696cd31,2025-12-15,1,30.03,30.03,30.03
96cfae64-3d44-4c03-93a8-65bb2696cd31,2025-12-29,1,28.99,28.99,28.99
96cfae64-3d44-4c03-93a8-65bb2696cd31,2026-01-12,1,26,26,26
96cfae64-3d44-4c03-93a8-65bb2696cd31,2026-02-09,1,21.5,21.5,21.5
96cfae64-3d44-4c03-93a8-65bb2696cd31,2026-03-30,1,27.99,27.99,27.99
96cfae64-3d44-4c03-93a8-65bb2696cd31,2026-04-13,1,26,26,26
96cfae64-3d44-4c03-93a8-65bb2696cd31,2026-05-11,1,31.2,31.2,31.2
96cfae64-3d44-4c03-93a8-65bb2696cd31,2026-06-01,1,35.99,35.99,35.99
96cfae64-3d44-4c03-93a8-65bb2696cd31,2026-06-22,1,29.78,29.78,29.78
96cfae64-3d44-4c03-93a8-65bb2696cd31,2026-07-06,1,50,50,50
96cfae64-3d44-4c03-93a8-65bb2696cd31,2026-08-03,1,16.5,16.5,16.5
96cfae64-3d44-4c03-93a8-65bb2696cd31,2026-08-31,1,35,35,35
96d02688-ae8d-43bd-802c-c7a060e5f615,2021-03-08,1,179.98,179.98,179.98
96d02688-ae8d-43bd-802c-c7a060e5f615,2021-03-22,1,190,190,190
96d02688-ae8d-43bd-802c-c7a060e5f615,2021-06-28,2,193.75,185,202.5
96d02688-ae8d-43bd-802c-c7a060e5f615,2021-07-26,1,200,200,200
96d02688-ae8d-43bd-802c-c7a060e5f615,2021-08-16,1,152.5,152.5,152.5
96d02688-ae8d-43bd-802c-c7a060e5f615,2021-08-30,1,160.5,160.5,160.5
96d02688-ae8d-43bd-802c-c7a060e5f615,2021-09-13,1,150,150,150
96d02688-ae8d-43bd-802c-c7a060e5f615,2021-10-18,1,150,150,150
96d02688-ae8d-43bd-802c-c7a060e5f615,2021-11-01,1,190,190,190
96d02688-ae8d-43bd-802c-c7a060e5f615,2021-12-27,1,150,150,150
96d02688-ae8d-43bd-802c-c7a060e5f615,2022-01-03,1,130,130,130
96d02688-ae8d-43bd-802c-c7a060e5f615,2022-01-10,1,157.5,157.5,157.5
96d02688-ae8d-43bd-802c-c7a060e5f615,2022-01-17,1,110,110,110
96d02688-ae8d-43bd-802c-c7a060e5f615,2022-02-07,1,125,125,125
96d02688-ae8d-43bd-802c-c7a060e5f615,2022-02-14,1,107.49,107.49,107.49
96d02688-ae8d-43bd-802c-c7a060e5f615,2022-02-28,1,202.5,202.5,202.5
96d02688-ae8d-43bd-802c-c7a060e5f615,2022-03-07,1,102.5,102.5,102.5
96d02688-ae8d-43bd-802c-c7a060e5f615,2022-03-21,2,101.37,77.78,124.95
96d02688-ae8d-43bd-802c-c7a060e5f615,2022-03-28,1,120,120,120
96d02688-ae8d-43bd-802c-c7a060e5f615,2022-04-04,2,86,81,91
96d02688-ae8d-43bd-802c-c7a060e5f615,2022-05-09,1,110,110,110
96d02688-ae8d-43bd-802c-c7a060e5f615,2022-05-16,1,129.5,129.5,129.5
96d02688-ae8d-43bd-802c-c7a060e5f615,2022-06-06,1,93,93,93
96d02688-ae8d-43bd-802c-c7a060e5f615,2022-06-20,1,130,130,130
96d02688-ae8d-43bd-802c-c7a060e5f615,2022-07-04,3,97,53.57,106.5
96d02688-ae8d-43bd-802c-c7a060e5f615,2022-07-25,1,80.01,80.01,80.01
96d02688-ae8d-43bd-802c-c7a060e5f615,2022-08-08,1,132.5,132.5,132.5
96d02688-ae8d-43bd-802c-c7a060e5f615,2022-08-15,2,93,56,130
96d02688-ae8d-43bd-802c-c7a060e5f615,2022-08-29,2,90.5,90,90.99
96d02688-ae8d-43bd-802c-c7a060e5f615,2022-09-19,1,135.95,135.95,135.95
96d02688-ae8d-43bd-802c-c7a060e5f615,2022-09-26,1,111.63,111.63,111.63
96d02688-ae8d-43bd-802c-c7a060e5f615,2022-10-03,1,120,120,120
96d02688-ae8d-43bd-802c-c7a060e5f615,2022-10-24,1,102.5,102.5,102.5
96d02688-ae8d-43bd-802c-c7a060e5f615,2022-11-14,1,41,41,41
96d02688-ae8d-43bd-802c-c7a060e5f615,2022-11-21,1,58,58,58
96d02688-ae8d-43bd-802c-c7a060e5f615,2022-11-28,2,61.5,53,70
96d02688-ae8d-43bd-802c-c7a060e5f615,2022-12-26,1,83,83,83
96d02688-ae8d-43bd-802c-c7a060e5f615,2023-01-09,2,72.7,71,74.4
96d02688-ae8d-43bd-802c-c7a060e5f615,2023-01-30,2,89,74,103.99
96d02688-ae8d-43bd-802c-c7a060e5f615,2023-02-06,1,70,70,70
96d02688-ae8d-43bd-802c-c7a060e5f615,2023-02-20,2,78.5,72,85
96d02688-ae8d-43bd-802c-c7a060e5f615,2023-04-10,1,75,75,75
96d02688-ae8d-43bd-802c-c7a060e5f615,2023-04-17,2,100.25,73,127.5
96d02688-ae8d-43bd-802c-c7a060e5f615,2023-05-22,2,115,105,125
96d02688-ae8d-43bd-802c-c7a060e5f615,2023-05-29,1,98.4,98.4,98.4
96d02688-ae8d-43bd-802c-c7a060e5f615,2023-06-05,1,50,50,50
96d02688-ae8d-43bd-802c-c7a060e5f615,2023-06-12,2,135.75,122.5,149
96d02688-ae8d-43bd-802c-c7a060e5f615,2023-06-19,1,130,130,130
96d02688-ae8d-43bd-802c-c7a060e5f615,2023-07-17,2,158.12,144,172.25
96d02688-ae8d-43bd-802c-c7a060e5f615,2023-08-07,1,96.15,96.15,96.15
96d02688-ae8d-43bd-802c-c7a060e5f615,2023-09-11,1,109.99,109.99,109.99
96d02688-ae8d-43bd-802c-c7a060e5f615,2023-09-18,1,84.11,84.11,84.11
96d02688-ae8d-43bd-802c-c7a060e5f615,2023-10-02,1,91,91,91
96d02688-ae8d-43bd-802c-c7a060e5f615,2023-11-06,3,81.72,69,83
96d02688-ae8d-43bd-802c-c7a060e5f615,2023-11-20,1,78.56,78.56,78.56
96d02688-ae8d-43bd-802c-c7a060e5f615,2023-12-11,1,80.4,80.4,80.4
96d02688-ae8d-43bd-802c-c7a060e5f615,2023-12-18,1,75.64,75.64,75.64
96d02688-ae8d-43bd-802c-c7a060e5f615,2023-12-25,1,70,70,70
96d02688-ae8d-43bd-802c-c7a060e5f615,2024-01-15,1,91,91,91
96d02688-ae8d-43bd-802c-c7a060e5f615,2024-01-22,1,73,73,73
96d02688-ae8d-43bd-802c-c7a060e5f615,2024-02-05,1,103.2,103.2,103.2
96d02688-ae8d-43bd-802c-c7a060e5f615,2024-02-26,1,76.8,76.8,76.8
96d02688-ae8d-43bd-802c-c7a060e5f615,2024-04-01,1,68,68,68
96d02688-ae8d-43bd-802c-c7a060e5f615,2024-04-08,2,119.99,89.99,149.99
96d02688-ae8d-43bd-802c-c7a060e5f615,2024-04-22,1,84.56,84.56,84.56
96d02688-ae8d-43bd-802c-c7a060e5f615,2024-05-20,1,120,120,120
96d02688-ae8d-43bd-802c-c7a060e5f615,2024-07-08,1,88.04,88.04,88.04
96d02688-ae8d-43bd-802c-c7a060e5f615,2024-07-29,1,100,100,100
96d02688-ae8d-43bd-802c-c7a060e5f615,2024-08-12,1,134.99,134.99,134.99
96d02688-ae8d-43bd-802c-c7a060e5f615,2024-08-26,1,100,100,100
96d02688-ae8d-43bd-802c-c7a060e5f615,2024-10-28,1,119.99,119.99,119.99
96d02688-ae8d-43bd-802c-c7a060e5f615,2024-11-04,1,85.5,85.5,85.5
96d02688-ae8d-43bd-802c-c7a060e5f615,2024-11-18,1,92.5,92.5,92.5
96d02688-ae8d-43bd-802c-c7a060e5f615,2024-11-25,1,118.99,118.99,118.99
96d02688-ae8d-43bd-802c-c7a060e5f615,2024-12-23,1,97,97,97
96d02688-ae8d-43bd-802c-c7a060e5f615,2025-01-06,2,105,100,109.99
96d02688-ae8d-43bd-802c-c7a060e5f615,2025-01-13,1,102,102,102
96d02688-ae8d-43bd-802c-c7a060e5f615,2025-01-20,1,94,94,94
96d02688-ae8d-43bd-802c-c7a060e5f615,2025-01-27,1,95,95,95
96d02688-ae8d-43bd-802c-c7a060e5f615,2025-02-03,3,102.5,91,137.5
96d02688-ae8d-43bd-802c-c7a060e5f615,2025-02-17,1,125,125,125
96d02688-ae8d-43bd-802c-c7a060e5f615,2025-02-24,2,129.75,124.5,135
96d02688-ae8d-43bd-802c-c7a060e5f615,2025-03-10,1,120,120,120
96d02688-ae8d-43bd-802c-c7a060e5f615,2025-04-14,1,198.45,198.45,198.45
96d02688-ae8d-43bd-802c-c7a060e5f615,2025-05-05,1,150,150,150
96d02688-ae8d-43bd-802c-c7a060e5f615,2025-05-12,2,146.25,142.5,150
96d02688-ae8d-43bd-802c-c7a060e5f615,2025-05-19,1,179.99,179.99,179.99
96d02688-ae8d-43bd-802c-c7a060e5f615,2025-05-26,1,160,160,160
96d02688-ae8d-43bd-802c-c7a060e5f615,2025-06-09,2,179.49,178.99,179.99
96d02688-ae8d-43bd-802c-c7a060e5f615,2025-06-30,2,191.8,183.6,199.99
96d02688-ae8d-43bd-802c-c7a060e5f615,2025-07-07,1,250,250,250
96d02688-ae8d-43bd-802c-c7a060e5f615,2025-07-14,1,300,300,300
96d02688-ae8d-43bd-802c-c7a060e5f615,2025-07-21,1,364.05,364.05,364.05
96d02688-ae8d-43bd-802c-c7a060e5f615,2025-08-11,1,340,340,340
96d02688-ae8d-43bd-802c-c7a060e5f615,2025-09-01,1,365,365,365
96d02688-ae8d-43bd-802c-c7a060e5f615,2025-09-08,1,315,315,315
96d02688-ae8d-43bd-802c-c7a060e5f615,2025-09-15,1,399.99,399.99,399.99
96d02688-ae8d-43bd-802c-c7a060e5f615,2025-09-29,2,345.5,275,416
96d02688-ae8d-43bd-802c-c7a060e5f615,2025-10-06,1,275,275,275
96d02688-ae8d-43bd-802c-c7a060e5f615,2025-10-13,2,319.5,255,384
96d02688-ae8d-43bd-802c-c7a060e5f615,2025-11-10,1,273,273,273
96d02688-ae8d-43bd-802c-c7a060e5f615,2025-12-01,1,168.72,168.72,168.72
96d02688-ae8d-43bd-802c-c7a060e5f615,2026-01-12,1,244.5,244.5,244.5
96d02688-ae8d-43bd-802c-c7a060e5f615,2026-01-19,1,275,275,275
96d02688-ae8d-43bd-802c-c7a060e5f615,2026-02-02,1,239.95,239.95,239.95
96d02688-ae8d-43bd-802c-c7a060e5f615,2026-02-09,1,221.5,221.5,221.5
96d02688-ae8d-43bd-802c-c7a060e5f615,2026-02-16,2,228,204,252
96d02688-ae8d-43bd-802c-c7a060e5f615,2026-03-02,1,240,240,240
96d02688-ae8d-43bd-802c-c7a060e5f615,2026-03-16,1,280,280,280
96d02688-ae8d-43bd-802c-c7a060e5f615,2026-03-30,2,304.5,285.01,324
96d02688-ae8d-43bd-802c-c7a060e5f615,2026-04-27,1,240.5,240.5,240.5
96d02688-ae8d-43bd-802c-c7a060e5f615,2026-05-11,2,289.64,269.28,310
96d02688-ae8d-43bd-802c-c7a060e5f615,2026-05-18,2,352.5,305,400
96d02688-ae8d-43bd-802c-c7a060e5f615,2026-06-01,2,393.5,332,455
96d02688-ae8d-43bd-802c-c7a060e5f615,2026-06-15,1,370,370,370
96d02688-ae8d-43bd-802c-c7a060e5f615,2026-06-22,1,375,375,375
96d02688-ae8d-43bd-802c-c7a060e5f615,2026-06-29,2,432.49,399.98,464.99
96d02688-ae8d-43bd-802c-c7a060e5f615,2026-07-06,1,324,324,324
96d02688-ae8d-43bd-802c-c7a060e5f615,2026-07-13,1,276,276,276
96d02688-ae8d-43bd-802c-c7a060e5f615,2026-07-20,1,300,300,300
96d02688-ae8d-43bd-802c-c7a060e5f615,2026-08-03,2,380,370,390
96d02688-ae8d-43bd-802c-c7a060e5f615,2026-08-10,2,357.5,340,375
96d02688-ae8d-43bd-802c-c7a060e5f615,2026-08-24,2,428.39,416,440.78
96d1352d-0cb3-414c-9a0f-28df63dcc586,2023-07-10,1,20.5,20.5,20.5
96d1352d-0cb3-414c-9a0f-28df63dcc586,2023-11-06,1,41.01,41.01,41.01
96d1352d-0cb3-414c-9a0f-28df63dcc586,2025-01-13,1,61.34,61.34,61.34
96d1352d-0cb3-414c-9a0f-28df63dcc586,2025-08-25,1,89.99,89.99,89.99
96d1352d-0cb3-414c-9a0f-28df63dcc586,2025-09-22,1,149,149,149
96d1352d-0cb3-414c-9a0f-28df63dcc586,2026-01-26,1,200,200,200
96d1352d-0cb3-414c-9a0f-28df63dcc586,2026-03-23,1,245.81,245.81,245.81
96d1352d-0cb3-414c-9a0f-28df63dcc586,2026-03-30,1,279.99,279.99,279.99
96d1352d-0cb3-414c-9a0f-28df63dcc586,2026-06-01,2,272.5,270,275
96d1352d-0cb3-414c-9a0f-28df63dcc586,2026-06-15,1,295,295,295
96d1352d-0cb3-414c-9a0f-28df63dcc586,2026-08-03,2,257.5,175,339.99
96d1352d-0cb3-414c-9a0f-28df63dcc586,2026-08-31,1,293,293,293
96d2189d-efee-4055-9922-4b74ea3bb665,2021-11-29,1,85,85,85
96d2189d-efee-4055-9922-4b74ea3bb665,2022-05-16,1,167.5,167.5,167.5
96d2189d-efee-4055-9922-4b74ea3bb665,2022-05-30,1,49.2,49.2,49.2
96d2189d-efee-4055-9922-4b74ea3bb665,2023-06-26,1,31.2,31.2,31.2
96d2189d-efee-4055-9922-4b74ea3bb665,2024-01-15,1,16.8,16.8,16.8
96d2189d-efee-4055-9922-4b74ea3bb665,2024-10-07,1,224.99,224.99,224.99
96d2189d-efee-4055-9922-4b74ea3bb665,2025-06-09,1,56,56,56
96d2189d-efee-4055-9922-4b74ea3bb665,2026-03-02,1,100,100,100
96d2189d-efee-4055-9922-4b74ea3bb665,2026-06-15,1,160,160,160
96d2189d-efee-4055-9922-4b74ea3bb665,2026-06-22,1,180,180,180
96d2189d-efee-4055-9922-4b74ea3bb665,2026-08-24,1,150,150,150
96d23a28-9979-4c6e-aa40-16ef03b2b4e9,2021-03-29,1,23.5,23.5,23.5
96d2b4dc-2ea9-4546-882d-4249857c8729,2021-10-04,1,16.5,16.5,16.5
96d2b4dc-2ea9-4546-882d-4249857c8729,2022-04-18,1,6.5,6.5,6.5
96d2b4dc-2ea9-4546-882d-4249857c8729,2022-05-02,1,21.02,21.02,21.02
96d2b4dc-2ea9-4546-882d-4249857c8729,2022-06-20,1,12.5,12.5,12.5
96d2b4dc-2ea9-4546-882d-4249857c8729,2022-07-11,1,19,19,19
96d2b4dc-2ea9-4546-882d-4249857c8729,2022-08-01,1,50,50,50
96d2b4dc-2ea9-4546-882d-4249857c8729,2022-11-07,1,24.99,24.99,24.99
96d2b4dc-2ea9-4546-882d-4249857c8729,2023-04-24,1,23.99,23.99,23.99
96d2b4dc-2ea9-4546-882d-4249857c8729,2023-05-22,1,14,14,14
96d2b4dc-2ea9-4546-882d-4249857c8729,2023-06-26,1,24.99,24.99,24.99
96d2b4dc-2ea9-4546-882d-4249857c8729,2023-08-21,1,13.5,13.5,13.5
96d2b4dc-2ea9-4546-882d-4249857c8729,2024-12-16,1,40,40,40
96d2b4dc-2ea9-4546-882d-4249857c8729,2025-07-07,1,50,50,50
96d2b4dc-2ea9-4546-882d-4249857c8729,2026-03-02,1,71.09,71.09,71.09
96d2b4dc-2ea9-4546-882d-4249857c8729,2026-07-06,1,150,150,150
96d2fe2c-3778-4d1c-97f3-807072699935,2022-04-18,1,34.99,34.99,34.99
96da775d-6e1d-4231-8274-dbfbc3e7bd06,2023-10-30,1,38,38,38
96da775d-6e1d-4231-8274-dbfbc3e7bd06,2023-11-06,4,106.25,89.99,120
96da775d-6e1d-4231-8274-dbfbc3e7bd06,2023-11-13,3,55,30.8,59.99
96da775d-6e1d-4231-8274-dbfbc3e7bd06,2023-11-20,4,39.5,37.99,70.01
96da775d-6e1d-4231-8274-dbfbc3e7bd06,2023-11-27,2,57.49,50,64.99
96da775d-6e1d-4231-8274-dbfbc3e7bd06,2023-12-11,1,55,55,55
96da775d-6e1d-4231-8274-dbfbc3e7bd06,2023-12-18,4,60.97,20,83
96da775d-6e1d-4231-8274-dbfbc3e7bd06,2023-12-25,1,80.64,80.64,80.64
96da775d-6e1d-4231-8274-dbfbc3e7bd06,2024-01-08,1,89,89,89
96da775d-6e1d-4231-8274-dbfbc3e7bd06,2024-01-15,3,126.57,79.88,129.99
96da775d-6e1d-4231-8274-dbfbc3e7bd06,2024-01-22,1,150,150,150
96da775d-6e1d-4231-8274-dbfbc3e7bd06,2024-01-29,1,32,32,32
96da775d-6e1d-4231-8274-dbfbc3e7bd06,2024-02-05,2,77.16,50,104.32
96da775d-6e1d-4231-8274-dbfbc3e7bd06,2024-02-12,1,102.5,102.5,102.5
96da775d-6e1d-4231-8274-dbfbc3e7bd06,2024-02-19,1,37,37,37
96da775d-6e1d-4231-8274-dbfbc3e7bd06,2024-03-18,2,35.5,26,44.99
96da775d-6e1d-4231-8274-dbfbc3e7bd06,2024-03-25,2,39.78,26.56,53
96da775d-6e1d-4231-8274-dbfbc3e7bd06,2024-04-08,1,40,40,40
96da775d-6e1d-4231-8274-dbfbc3e7bd06,2024-04-15,3,36,26.11,55
96da775d-6e1d-4231-8274-dbfbc3e7bd06,2024-04-22,1,64.94,64.94,64.94
96da775d-6e1d-4231-8274-dbfbc3e7bd06,2024-04-29,1,28.2,28.2,28.2
96da775d-6e1d-4231-8274-dbfbc3e7bd06,2024-05-06,1,35,35,35
96da775d-6e1d-4231-8274-dbfbc3e7bd06,2024-05-20,1,40,40,40
96da775d-6e1d-4231-8274-dbfbc3e7bd06,2024-05-27,1,82,82,82
96da775d-6e1d-4231-8274-dbfbc3e7bd06,2024-06-10,2,69.64,31.9,107.39
96da775d-6e1d-4231-8274-dbfbc3e7bd06,2024-07-29,1,80,80,80
96da775d-6e1d-4231-8274-dbfbc3e7bd06,2024-08-05,1,53,53,53
96da775d-6e1d-4231-8274-dbfbc3e7bd06,2024-08-12,1,22.5,22.5,22.5
96da775d-6e1d-4231-8274-dbfbc3e7bd06,2024-08-26,1,44.15,44.15,44.15
96da775d-6e1d-4231-8274-dbfbc3e7bd06,2024-09-16,2,57,39,75
96da775d-6e1d-4231-8274-dbfbc3e7bd06,2024-09-23,1,78.99,78.99,78.99
96da775d-6e1d-4231-8274-dbfbc3e7bd06,2024-10-07,1,85,85,85
96da775d-6e1d-4231-8274-dbfbc3e7bd06,2024-10-21,2,59.49,39.99,78.99
96da775d-6e1d-4231-8274-dbfbc3e7bd06,2024-10-28,1,39.99,39.99,39.99
96da775d-6e1d-4231-8274-dbfbc3e7bd06,2024-11-11,1,102,102,102
96da775d-6e1d-4231-8274-dbfbc3e7bd06,2024-11-25,2,39.99,39.99,39.99
96da775d-6e1d-4231-8274-dbfbc3e7bd06,2024-12-02,1,39.98,39.98,39.98
96da775d-6e1d-4231-8274-dbfbc3e7bd06,2024-12-09,1,43.95,43.95,43.95
96da775d-6e1d-4231-8274-dbfbc3e7bd06,2024-12-16,1,56.22,56.22,56.22
96da775d-6e1d-4231-8274-dbfbc3e7bd06,2024-12-30,1,94,94,94
96da775d-6e1d-4231-8274-dbfbc3e7bd06,2025-01-13,2,137.25,99.49,175
96da775d-6e1d-4231-8274-dbfbc3e7bd06,2025-01-20,1,34.77,34.77,34.77
96da775d-6e1d-4231-8274-dbfbc3e7bd06,2025-02-03,1,25,25,25
96da775d-6e1d-4231-8274-dbfbc3e7bd06,2025-02-17,3,45,45,50
96da775d-6e1d-4231-8274-dbfbc3e7bd06,2025-02-24,1,34.99,34.99,34.99
96da775d-6e1d-4231-8274-dbfbc3e7bd06,2025-03-03,1,46,46,46
96da775d-6e1d-4231-8274-dbfbc3e7bd06,2025-03-10,1,41,41,41
96da775d-6e1d-4231-8274-dbfbc3e7bd06,2025-03-17,3,55,50,58
96da775d-6e1d-4231-8274-dbfbc3e7bd06,2025-03-24,2,46,41.99,50
96da775d-6e1d-4231-8274-dbfbc3e7bd06,2025-03-31,1,41.99,41.99,41.99
96da775d-6e1d-4231-8274-dbfbc3e7bd06,2025-04-07,1,50,50,50
96da775d-6e1d-4231-8274-dbfbc3e7bd06,2025-04-21,2,107.5,50,165
96da775d-6e1d-4231-8274-dbfbc3e7bd06,2025-04-28,1,175,175,175
96da775d-6e1d-4231-8274-dbfbc3e7bd06,2025-05-05,2,53,51,55
96da775d-6e1d-4231-8274-dbfbc3e7bd06,2025-05-12,1,85,85,85
96da775d-6e1d-4231-8274-dbfbc3e7bd06,2025-05-26,1,50,50,50
96da775d-6e1d-4231-8274-dbfbc3e7bd06,2025-06-02,1,65,65,65
96da775d-6e1d-4231-8274-dbfbc3e7bd06,2025-06-16,1,45,45,45
96da775d-6e1d-4231-8274-dbfbc3e7bd06,2025-07-21,1,185.99,185.99,185.99
96da775d-6e1d-4231-8274-dbfbc3e7bd06,2025-08-25,1,140,140,140
96da775d-6e1d-4231-8274-dbfbc3e7bd06,2025-09-15,3,103.2,85,120
96da775d-6e1d-4231-8274-dbfbc3e7bd06,2025-09-22,2,59.05,50.4,67.69
96da775d-6e1d-4231-8274-dbfbc3e7bd06,2025-09-29,5,100,61.72,150
96da775d-6e1d-4231-8274-dbfbc3e7bd06,2025-10-06,1,91.2,91.2,91.2
96da775d-6e1d-4231-8274-dbfbc3e7bd06,2025-10-20,1,46.8,46.8,46.8
96da775d-6e1d-4231-8274-dbfbc3e7bd06,2025-10-27,1,100.8,100.8,100.8
96da775d-6e1d-4231-8274-dbfbc3e7bd06,2025-11-03,1,150,150,150
96da775d-6e1d-4231-8274-dbfbc3e7bd06,2025-11-10,1,110,110,110
96da775d-6e1d-4231-8274-dbfbc3e7bd06,2025-11-17,2,73.4,58,88.8
96da775d-6e1d-4231-8274-dbfbc3e7bd06,2025-12-22,2,157,145,169
96da775d-6e1d-4231-8274-dbfbc3e7bd06,2025-12-29,2,126.75,103.5,150
96da775d-6e1d-4231-8274-dbfbc3e7bd06,2026-02-02,1,149.99,149.99,149.99
96da775d-6e1d-4231-8274-dbfbc3e7bd06,2026-02-16,1,171,171,171
96da775d-6e1d-4231-8274-dbfbc3e7bd06,2026-02-23,1,205,205,205
96da775d-6e1d-4231-8274-dbfbc3e7bd06,2026-03-02,2,184.5,169,200
96da775d-6e1d-4231-8274-dbfbc3e7bd06,2026-03-23,6,316,215,399.99
96da775d-6e1d-4231-8274-dbfbc3e7bd06,2026-03-30,1,239.99,239.99,239.99
96da775d-6e1d-4231-8274-dbfbc3e7bd06,2026-04-06,1,298,298,298
96da775d-6e1d-4231-8274-dbfbc3e7bd06,2026-04-13,26,309,300,410
96da775d-6e1d-4231-8274-dbfbc3e7bd06,2026-04-27,1,390,390,390
96da775d-6e1d-4231-8274-dbfbc3e7bd06,2026-05-04,1,417,417,417
96da775d-6e1d-4231-8274-dbfbc3e7bd06,2026-05-11,1,306,306,306
96da775d-6e1d-4231-8274-dbfbc3e7bd06,2026-05-25,2,407.5,400,415
96da775d-6e1d-4231-8274-dbfbc3e7bd06,2026-06-01,1,315,315,315
96da775d-6e1d-4231-8274-dbfbc3e7bd06,2026-06-08,3,306,300,1300
96da775d-6e1d-4231-8274-dbfbc3e7bd06,2026-06-22,3,600,360,698.55
96da775d-6e1d-4231-8274-dbfbc3e7bd06,2026-06-29,1,199.99,199.99,199.99
96da775d-6e1d-4231-8274-dbfbc3e7bd06,2026-07-06,3,223.2,163.5,320
96da775d-6e1d-4231-8274-dbfbc3e7bd06,2026-07-20,2,258.75,242.5,275
96da775d-6e1d-4231-8274-dbfbc3e7bd06,2026-08-17,2,284,268,300
96da775d-6e1d-4231-8274-dbfbc3e7bd06,2026-08-24,5,345,204.42,510
96da775d-6e1d-4231-8274-dbfbc3e7bd06,2026-08-31,2,352.49,314.99,389.99
96da775d-6e1d-4231-8274-dbfbc3e7bd06,2026-09-07,2,323,227.5,418.5
96dc361b-cf83-45b2-bbc6-8b26a7fa33fb,2021-03-29,1,34.99,34.99,34.99
96dc361b-cf83-45b2-bbc6-8b26a7fa33fb,2021-06-21,1,20,20,20
96dc361b-cf83-45b2-bbc6-8b26a7fa33fb,2021-07-19,1,33,33,33
96dc361b-cf83-45b2-bbc6-8b26a7fa33fb,2021-08-16,1,44.25,44.25,44.25
96dc361b-cf83-45b2-bbc6-8b26a7fa33fb,2021-08-23,1,38.04,38.04,38.04
96dc361b-cf83-45b2-bbc6-8b26a7fa33fb,2021-10-25,1,19.5,19.5,19.5
96dc361b-cf83-45b2-bbc6-8b26a7fa33fb,2021-11-08,1,28,28,28
96dc361b-cf83-45b2-bbc6-8b26a7fa33fb,2021-12-20,1,29,29,29
96dc361b-cf83-45b2-bbc6-8b26a7fa33fb,2022-01-24,1,24.99,24.99,24.99
96dc361b-cf83-45b2-bbc6-8b26a7fa33fb,2022-02-21,1,19.5,19.5,19.5
96dc361b-cf83-45b2-bbc6-8b26a7fa33fb,2022-04-25,1,18.99,18.99,18.99
96dc361b-cf83-45b2-bbc6-8b26a7fa33fb,2022-07-25,1,25,25,25
96dc361b-cf83-45b2-bbc6-8b26a7fa33fb,2022-09-12,1,14,14,14
96dc361b-cf83-45b2-bbc6-8b26a7fa33fb,2022-09-19,1,28.55,28.55,28.55
96dc361b-cf83-45b2-bbc6-8b26a7fa33fb,2022-09-26,2,25.5,16,35
96dc361b-cf83-45b2-bbc6-8b26a7fa33fb,2022-10-24,1,20.5,20.5,20.5
96dc361b-cf83-45b2-bbc6-8b26a7fa33fb,2022-10-31,1,23,23,23
96dc361b-cf83-45b2-bbc6-8b26a7fa33fb,2022-11-14,1,12.91,12.91,12.91
96dc361b-cf83-45b2-bbc6-8b26a7fa33fb,2023-02-06,2,19.49,18.99,20
96dc361b-cf83-45b2-bbc6-8b26a7fa33fb,2023-02-13,1,15.5,15.5,15.5
96dc361b-cf83-45b2-bbc6-8b26a7fa33fb,2023-03-27,1,25,25,25
96dc361b-cf83-45b2-bbc6-8b26a7fa33fb,2023-04-10,1,15,15,15
96dc361b-cf83-45b2-bbc6-8b26a7fa33fb,2023-05-08,1,20,20,20
96dc361b-cf83-45b2-bbc6-8b26a7fa33fb,2023-07-31,1,19.13,19.13,19.13
96dc361b-cf83-45b2-bbc6-8b26a7fa33fb,2023-08-21,2,14.09,13.99,14.19
96dc361b-cf83-45b2-bbc6-8b26a7fa33fb,2023-09-11,1,12.99,12.99,12.99
96dc361b-cf83-45b2-bbc6-8b26a7fa33fb,2023-12-25,1,9.99,9.99,9.99
96dc361b-cf83-45b2-bbc6-8b26a7fa33fb,2024-07-15,1,22,22,22
96dc361b-cf83-45b2-bbc6-8b26a7fa33fb,2024-08-05,2,20.48,18.95,22
96dc361b-cf83-45b2-bbc6-8b26a7fa33fb,2025-03-17,1,16.87,16.87,16.87
96dc361b-cf83-45b2-bbc6-8b26a7fa33fb,2025-06-02,1,20,20,20
96dc361b-cf83-45b2-bbc6-8b26a7fa33fb,2025-11-17,1,20.5,20.5,20.5
96dc361b-cf83-45b2-bbc6-8b26a7fa33fb,2026-01-12,1,21,21,21
96dc361b-cf83-45b2-bbc6-8b26a7fa33fb,2026-03-09,1,24,24,24
96dc361b-cf83-45b2-bbc6-8b26a7fa33fb,2026-04-20,1,40,40,40
96dc361b-cf83-45b2-bbc6-8b26a7fa33fb,2026-05-18,1,23.5,23.5,23.5
96dc361b-cf83-45b2-bbc6-8b26a7fa33fb,2026-06-15,1,22.5,22.5,22.5
96dcd3e6-24b4-408f-a23d-c7bff813fa87,2021-06-28,1,175,175,175
96dcd3e6-24b4-408f-a23d-c7bff813fa87,2021-07-19,1,172.99,172.99,172.99
96dcd3e6-24b4-408f-a23d-c7bff813fa87,2021-11-15,1,150,150,150
96dcd3e6-24b4-408f-a23d-c7bff813fa87,2022-11-21,1,76,76,76
96dcd3e6-24b4-408f-a23d-c7bff813fa87,2023-03-06,1,105.5,105.5,105.5
96dcd3e6-24b4-408f-a23d-c7bff813fa87,2023-05-08,1,81,81,81
96dcd3e6-24b4-408f-a23d-c7bff813fa87,2024-03-11,2,87.6,86.4,88.8
96dcd3e6-24b4-408f-a23d-c7bff813fa87,2025-04-21,1,85,85,85
96dcd3e6-24b4-408f-a23d-c7bff813fa87,2025-05-05,1,122.5,122.5,122.5
96dcd3e6-24b4-408f-a23d-c7bff813fa87,2025-08-04,1,175,175,175
96dcd3e6-24b4-408f-a23d-c7bff813fa87,2025-09-29,1,255,255,255
96dcd3e6-24b4-408f-a23d-c7bff813fa87,2025-12-22,1,355,355,355
96e195c6-8333-48b8-9769-602c1443f120,2026-04-13,1,2520,2520,2520
96e195c6-8333-48b8-9769-602c1443f120,2026-04-20,9,3100,2700,3699
96e195c6-8333-48b8-9769-602c1443f120,2026-04-27,6,2880,2650,3200
96e195c6-8333-48b8-9769-602c1443f120,2026-05-04,7,3199,2880,3399
96e195c6-8333-48b8-9769-602c1443f120,2026-05-11,7,3238,3175,3272
96e195c6-8333-48b8-9769-602c1443f120,2026-05-18,3,3180,3000,3750
96e195c6-8333-48b8-9769-602c1443f120,2026-05-25,16,3215.8,2701,3825
96e195c6-8333-48b8-9769-602c1443f120,2026-06-01,7,3150,3000,4300
96e195c6-8333-48b8-9769-602c1443f120,2026-06-08,8,3084.12,2645.84,3655
96e195c6-8333-48b8-9769-602c1443f120,2026-06-15,9,3255,3000,3338
96e195c6-8333-48b8-9769-602c1443f120,2026-06-22,6,2955.5,2570,3255
96e195c6-8333-48b8-9769-602c1443f120,2026-06-29,6,2973.97,2650,3272
96e195c6-8333-48b8-9769-602c1443f120,2026-07-06,9,2950.99,2698.55,3281.03
96e195c6-8333-48b8-9769-602c1443f120,2026-07-13,6,2833,2450,3300
96e195c6-8333-48b8-9769-602c1443f120,2026-07-20,8,2843.5,2295,3250
96e195c6-8333-48b8-9769-602c1443f120,2026-07-27,10,2887.99,2760,3012.01
96e195c6-8333-48b8-9769-602c1443f120,2026-08-03,8,2775.49,2550,2888.24
96e195c6-8333-48b8-9769-602c1443f120,2026-08-10,10,2780.05,2639.91,3000
96e195c6-8333-48b8-9769-602c1443f120,2026-08-17,16,2840,2501,4150
96e195c6-8333-48b8-9769-602c1443f120,2026-08-24,7,2666.4,2400,3050
96e195c6-8333-48b8-9769-602c1443f120,2026-08-31,13,2800,2404.6,3200
96e195c6-8333-48b8-9769-602c1443f120,2026-09-07,1,2650,2650,2650
96ed2a7a-6baa-4fe8-b709-cd1dd9e46875,2025-09-15,1,54.99,54.99,54.99
96ed2a7a-6baa-4fe8-b709-cd1dd9e46875,2025-12-08,1,25,25,25
96ed2a7a-6baa-4fe8-b709-cd1dd9e46875,2026-02-23,1,16.8,16.8,16.8
96ed2a7a-6baa-4fe8-b709-cd1dd9e46875,2026-04-27,1,31,31,31
96ed2a7a-6baa-4fe8-b709-cd1dd9e46875,2026-05-04,1,59.95,59.95,59.95
96ed2a7a-6baa-4fe8-b709-cd1dd9e46875,2026-07-20,1,68,68,68
96ee7922-06bb-42e3-a195-ca4f62a7fbd5,2023-02-20,1,90,90,90
96ee7922-06bb-42e3-a195-ca4f62a7fbd5,2023-05-08,1,26,26,26
96f5bdf3-42da-4bf4-8414-07fedaad0370,2021-03-08,1,149.99,149.99,149.99
96f5bdf3-42da-4bf4-8414-07fedaad0370,2024-04-22,1,100,100,100
96f5bdf3-42da-4bf4-8414-07fedaad0370,2025-09-15,1,137.5,137.5,137.5
96f8d6fe-58c5-49dd-b863-14410cee9bcd,2023-09-11,1,152.5,152.5,152.5
96f90673-2777-44d3-a43f-6d71001e1589,2024-03-25,1,44.4,44.4,44.4
96f90673-2777-44d3-a43f-6d71001e1589,2026-05-11,1,800,800,800
96f90673-2777-44d3-a43f-6d71001e1589,2026-08-31,1,910,910,910
96fd2b4a-d664-40a8-9626-60f7fcb23403,2021-03-01,1,525,525,525
96fd2b4a-d664-40a8-9626-60f7fcb23403,2021-03-22,1,305,305,305
96fd2b4a-d664-40a8-9626-60f7fcb23403,2021-04-26,1,130.5,130.5,130.5
96fd2b4a-d664-40a8-9626-60f7fcb23403,2021-05-24,1,146.5,146.5,146.5
96fd2b4a-d664-40a8-9626-60f7fcb23403,2021-08-02,1,77,77,77
96fd2b4a-d664-40a8-9626-60f7fcb23403,2021-08-09,1,300,300,300
96fd2b4a-d664-40a8-9626-60f7fcb23403,2021-08-23,1,299,299,299
96fd2b4a-d664-40a8-9626-60f7fcb23403,2021-09-20,1,208.02,208.02,208.02
96fd2b4a-d664-40a8-9626-60f7fcb23403,2021-10-25,2,222.5,145,300
96fd2b4a-d664-40a8-9626-60f7fcb23403,2021-12-27,1,145,145,145
96fd2b4a-d664-40a8-9626-60f7fcb23403,2022-01-03,1,125,125,125
96fd2b4a-d664-40a8-9626-60f7fcb23403,2022-01-10,1,275,275,275
96fd2b4a-d664-40a8-9626-60f7fcb23403,2022-04-04,2,137.5,125,150
96fd2b4a-d664-40a8-9626-60f7fcb23403,2022-04-11,1,250,250,250
96fd2b4a-d664-40a8-9626-60f7fcb23403,2022-04-18,1,120,120,120
96fd2b4a-d664-40a8-9626-60f7fcb23403,2022-06-20,2,64.3,57.6,71
96fd2b4a-d664-40a8-9626-60f7fcb23403,2022-07-18,1,56,56,56
96fd2b4a-d664-40a8-9626-60f7fcb23403,2022-08-22,1,146.5,146.5,146.5
96fd2b4a-d664-40a8-9626-60f7fcb23403,2022-09-19,1,49,49,49
96fd2b4a-d664-40a8-9626-60f7fcb23403,2022-09-26,2,154.97,150,159.95
96fd2b4a-d664-40a8-9626-60f7fcb23403,2022-12-12,1,41,41,41
96fd2b4a-d664-40a8-9626-60f7fcb23403,2023-01-23,1,99,99,99
96fd2b4a-d664-40a8-9626-60f7fcb23403,2023-05-01,1,202.53,202.53,202.53
96fd2b4a-d664-40a8-9626-60f7fcb23403,2023-05-08,1,305,305,305
96fd2b4a-d664-40a8-9626-60f7fcb23403,2023-07-17,1,53,53,53
96fd2b4a-d664-40a8-9626-60f7fcb23403,2023-08-21,1,37.2,37.2,37.2
96fd2b4a-d664-40a8-9626-60f7fcb23403,2023-08-28,1,55.2,55.2,55.2
96fd2b4a-d664-40a8-9626-60f7fcb23403,2023-09-11,1,46,46,46
96fd2b4a-d664-40a8-9626-60f7fcb23403,2023-09-18,1,34.8,34.8,34.8
96fd2b4a-d664-40a8-9626-60f7fcb23403,2023-09-25,1,65,65,65
96fd2b4a-d664-40a8-9626-60f7fcb23403,2023-10-23,1,40,40,40
96fd2b4a-d664-40a8-9626-60f7fcb23403,2023-11-13,3,119.95,117.5,185
96fd2b4a-d664-40a8-9626-60f7fcb23403,2024-03-25,1,118.79,118.79,118.79
96fd2b4a-d664-40a8-9626-60f7fcb23403,2024-05-20,1,100,100,100
96fd2b4a-d664-40a8-9626-60f7fcb23403,2024-10-28,1,139,139,139
96fd2b4a-d664-40a8-9626-60f7fcb23403,2025-01-06,1,92,92,92
96fd2b4a-d664-40a8-9626-60f7fcb23403,2025-02-10,1,154.1,154.1,154.1
96fd2b4a-d664-40a8-9626-60f7fcb23403,2025-08-18,1,163.5,163.5,163.5
96fd2b4a-d664-40a8-9626-60f7fcb23403,2025-11-10,2,115.2,80.4,150
96fd2b4a-d664-40a8-9626-60f7fcb23403,2026-04-06,1,200,200,200
96fd2b4a-d664-40a8-9626-60f7fcb23403,2026-05-25,1,102.52,102.52,102.52
96fd2b4a-d664-40a8-9626-60f7fcb23403,2026-06-01,1,405,405,405
96fd2b4a-d664-40a8-9626-60f7fcb23403,2026-06-08,1,442.8,442.8,442.8
96fd2b4a-d664-40a8-9626-60f7fcb23403,2026-06-15,1,400,400,400
96fd2b4a-d664-40a8-9626-60f7fcb23403,2026-07-27,1,450,450,450
96fe30b1-92c4-44fd-9052-dbd966d4ae47,2023-05-15,1,35.19,35.19,35.19
96fe30b1-92c4-44fd-9052-dbd966d4ae47,2025-04-28,1,28.95,28.95,28.95
96fe30b1-92c4-44fd-9052-dbd966d4ae47,2025-11-17,1,49.99,49.99,49.99
96fe30b1-92c4-44fd-9052-dbd966d4ae47,2026-02-16,1,49.99,49.99,49.99
96fe30b1-92c4-44fd-9052-dbd966d4ae47,2026-04-06,1,59.99,59.99,59.99
96fe7d53-dd62-4b0a-ab87-511a9bd6fba3,2025-01-27,1,499.99,499.99,499.99
96fe7d53-dd62-4b0a-ab87-511a9bd6fba3,2025-02-03,2,528.55,498.97,558.13
96fe7d53-dd62-4b0a-ab87-511a9bd6fba3,2025-02-10,1,636.27,636.27,636.27
96fe7d53-dd62-4b0a-ab87-511a9bd6fba3,2025-02-17,5,540,520,590
96fe7d53-dd62-4b0a-ab87-511a9bd6fba3,2025-02-24,6,647.5,550,1411.7
96fe7d53-dd62-4b0a-ab87-511a9bd6fba3,2025-03-03,1,675,675,675
96fe7d53-dd62-4b0a-ab87-511a9bd6fba3,2025-03-10,6,712.5,620,780
96fe7d53-dd62-4b0a-ab87-511a9bd6fba3,2025-03-17,1,790,790,790
96fe7d53-dd62-4b0a-ab87-511a9bd6fba3,2025-03-24,3,658.65,396.99,799
96fe7d53-dd62-4b0a-ab87-511a9bd6fba3,2025-04-07,3,800,719.1,852
96fe7d53-dd62-4b0a-ab87-511a9bd6fba3,2025-04-14,2,797.5,770,825
96fe7d53-dd62-4b0a-ab87-511a9bd6fba3,2025-04-21,1,735.43,735.43,735.43
96fe7d53-dd62-4b0a-ab87-511a9bd6fba3,2025-05-05,2,616.28,442.56,790
96fe7d53-dd62-4b0a-ab87-511a9bd6fba3,2025-05-12,1,950,950,950
96fe7d53-dd62-4b0a-ab87-511a9bd6fba3,2025-05-26,1,802.71,802.71,802.71
96fe7d53-dd62-4b0a-ab87-511a9bd6fba3,2025-06-09,1,1025,1025,1025
96fe7d53-dd62-4b0a-ab87-511a9bd6fba3,2025-06-16,2,1224.99,1150,1299.99
96fe7d53-dd62-4b0a-ab87-511a9bd6fba3,2025-06-23,1,2550,2550,2550
96fe7d53-dd62-4b0a-ab87-511a9bd6fba3,2025-06-30,3,2050,1987.78,2075
96fe7d53-dd62-4b0a-ab87-511a9bd6fba3,2025-07-07,2,1485.78,1150,1821.56
96fe7d53-dd62-4b0a-ab87-511a9bd6fba3,2025-07-14,3,1925,1500,2150
96fe7d53-dd62-4b0a-ab87-511a9bd6fba3,2025-07-21,2,1650,1500,1800
96fe7d53-dd62-4b0a-ab87-511a9bd6fba3,2025-07-28,1,1550,1550,1550
96fe7d53-dd62-4b0a-ab87-511a9bd6fba3,2025-08-04,2,1450.49,1401,1499.99
96fe7d53-dd62-4b0a-ab87-511a9bd6fba3,2025-08-11,1,1600,1600,1600
96fe7d53-dd62-4b0a-ab87-511a9bd6fba3,2025-08-18,4,1499.5,1325,1624
96fe7d53-dd62-4b0a-ab87-511a9bd6fba3,2025-08-25,1,1400,1400,1400
96fe7d53-dd62-4b0a-ab87-511a9bd6fba3,2025-09-01,5,1325,1273.51,1418.93
96fe7d53-dd62-4b0a-ab87-511a9bd6fba3,2025-09-08,3,1320,1300,1463.89
96fe7d53-dd62-4b0a-ab87-511a9bd6fba3,2025-09-15,4,1427.74,1350,1525
96fe7d53-dd62-4b0a-ab87-511a9bd6fba3,2025-09-22,5,1470,1260,1625
96fe7d53-dd62-4b0a-ab87-511a9bd6fba3,2025-09-29,2,1292.5,1260,1325
96fe7d53-dd62-4b0a-ab87-511a9bd6fba3,2025-10-06,6,1475.5,1230,1599
96fe7d53-dd62-4b0a-ab87-511a9bd6fba3,2025-10-13,4,1317.5,1260,1380
96fe7d53-dd62-4b0a-ab87-511a9bd6fba3,2025-10-20,3,1325,1282,2313.6
96fe7d53-dd62-4b0a-ab87-511a9bd6fba3,2025-10-27,1,1335,1335,1335
96fe7d53-dd62-4b0a-ab87-511a9bd6fba3,2025-11-10,2,1130,1125,1135
96fe7d53-dd62-4b0a-ab87-511a9bd6fba3,2025-11-17,3,1155,1150,1275
96fe7d53-dd62-4b0a-ab87-511a9bd6fba3,2025-11-24,2,1362,1170,1554
96fe7d53-dd62-4b0a-ab87-511a9bd6fba3,2025-12-01,4,1142.27,1050,1289.99
96fe7d53-dd62-4b0a-ab87-511a9bd6fba3,2025-12-08,3,1110,970,1170
96fe7d53-dd62-4b0a-ab87-511a9bd6fba3,2025-12-15,2,1090,1080,1100
96fe7d53-dd62-4b0a-ab87-511a9bd6fba3,2025-12-22,1,1033.2,1033.2,1033.2
96fe7d53-dd62-4b0a-ab87-511a9bd6fba3,2025-12-29,3,1350,1250,1400
96fe7d53-dd62-4b0a-ab87-511a9bd6fba3,2026-01-05,1,1500,1500,1500
96fe7d53-dd62-4b0a-ab87-511a9bd6fba3,2026-01-12,3,1400,1300,1724.87
96fe7d53-dd62-4b0a-ab87-511a9bd6fba3,2026-01-19,1,1599,1599,1599
96fe7d53-dd62-4b0a-ab87-511a9bd6fba3,2026-01-26,1,1749.99,1749.99,1749.99
96fe7d53-dd62-4b0a-ab87-511a9bd6fba3,2026-02-09,2,1714.55,1629.11,1800
96fe7d53-dd62-4b0a-ab87-511a9bd6fba3,2026-02-23,1,1975,1975,1975
96fe7d53-dd62-4b0a-ab87-511a9bd6fba3,2026-03-02,3,2001,1950,2050
96fe7d53-dd62-4b0a-ab87-511a9bd6fba3,2026-03-09,3,1900,1826.72,2225
96fe7d53-dd62-4b0a-ab87-511a9bd6fba3,2026-03-16,1,2225,2225,2225
96fe7d53-dd62-4b0a-ab87-511a9bd6fba3,2026-04-06,3,2025,1975,2225
96fe7d53-dd62-4b0a-ab87-511a9bd6fba3,2026-04-13,2,2272.5,2220,2325
96fe7d53-dd62-4b0a-ab87-511a9bd6fba3,2026-04-20,4,2300,2125,2500
96fe7d53-dd62-4b0a-ab87-511a9bd6fba3,2026-04-27,3,2123,2025,2350
96fe7d53-dd62-4b0a-ab87-511a9bd6fba3,2026-05-04,4,2127.5,2100,2370
96fe7d53-dd62-4b0a-ab87-511a9bd6fba3,2026-05-11,2,2412.5,2325,2500
96fe7d53-dd62-4b0a-ab87-511a9bd6fba3,2026-05-18,1,2400,2400,2400
96fe7d53-dd62-4b0a-ab87-511a9bd6fba3,2026-05-25,3,2600,2593.96,2700
96fe7d53-dd62-4b0a-ab87-511a9bd6fba3,2026-06-01,5,2629.19,2500,2750
96fe7d53-dd62-4b0a-ab87-511a9bd6fba3,2026-06-08,2,2450,2350,2550
96fe7d53-dd62-4b0a-ab87-511a9bd6fba3,2026-06-15,3,3250,3250,3499.99
96fe7d53-dd62-4b0a-ab87-511a9bd6fba3,2026-06-22,4,2739,2325,3000
96fe7d53-dd62-4b0a-ab87-511a9bd6fba3,2026-07-13,2,2855,2760,2950
96fe7d53-dd62-4b0a-ab87-511a9bd6fba3,2026-07-20,4,2780,2580,3250
96fe7d53-dd62-4b0a-ab87-511a9bd6fba3,2026-07-27,2,2487.5,2425,2550
96fe7d53-dd62-4b0a-ab87-511a9bd6fba3,2026-08-03,4,2598.4,2508.79,3000
96fe7d53-dd62-4b0a-ab87-511a9bd6fba3,2026-08-10,1,2999.99,2999.99,2999.99
96fe7d53-dd62-4b0a-ab87-511a9bd6fba3,2026-08-17,1,2949.99,2949.99,2949.99
96fe7d53-dd62-4b0a-ab87-511a9bd6fba3,2026-08-24,1,3150,3150,3150
96fe7d53-dd62-4b0a-ab87-511a9bd6fba3,2026-08-31,1,2850,2850,2850
96fe7d53-dd62-4b0a-ab87-511a9bd6fba3,2026-09-07,2,2749.99,2749.99,2750
96ffd4bc-7502-457e-b758-e64afa9c0cbb,2025-12-01,1,39.99,39.99,39.99
