asset_id,week_start,n_sales,median_price,low,high
cf003798-c48e-4f48-9708-7b2d72b8f187,2022-06-20,1,36.83,36.83,36.83
cf003798-c48e-4f48-9708-7b2d72b8f187,2023-01-16,1,26.82,26.82,26.82
cf003798-c48e-4f48-9708-7b2d72b8f187,2023-04-17,1,12.72,12.72,12.72
cf003798-c48e-4f48-9708-7b2d72b8f187,2023-07-17,1,17.5,17.5,17.5
cf003798-c48e-4f48-9708-7b2d72b8f187,2024-02-05,1,18.53,18.53,18.53
cf003798-c48e-4f48-9708-7b2d72b8f187,2024-03-25,1,37,37,37
cf003798-c48e-4f48-9708-7b2d72b8f187,2024-07-29,1,29.5,29.5,29.5
cf003798-c48e-4f48-9708-7b2d72b8f187,2024-08-26,1,49.99,49.99,49.99
cf003798-c48e-4f48-9708-7b2d72b8f187,2025-05-12,1,45,45,45
cf006b54-93db-45e8-967b-d842564a24df,2026-03-09,2,75.5,70,81
cf006b54-93db-45e8-967b-d842564a24df,2026-04-06,5,79.99,74.87,109.99
cf006b54-93db-45e8-967b-d842564a24df,2026-04-13,1,76.99,76.99,76.99
cf006b54-93db-45e8-967b-d842564a24df,2026-04-20,3,75,43.9,199.99
cf006b54-93db-45e8-967b-d842564a24df,2026-04-27,2,94.75,82,107.5
cf006b54-93db-45e8-967b-d842564a24df,2026-05-04,3,71.25,70,100
cf006b54-93db-45e8-967b-d842564a24df,2026-05-11,2,57.5,37,78
cf006b54-93db-45e8-967b-d842564a24df,2026-05-18,2,110,80,140
cf006b54-93db-45e8-967b-d842564a24df,2026-05-25,1,174,174,174
cf006b54-93db-45e8-967b-d842564a24df,2026-06-01,1,41.11,41.11,41.11
cf006b54-93db-45e8-967b-d842564a24df,2026-06-08,1,110,110,110
cf006b54-93db-45e8-967b-d842564a24df,2026-06-15,1,90.1,90.1,90.1
cf006b54-93db-45e8-967b-d842564a24df,2026-07-06,1,85,85,85
cf006b54-93db-45e8-967b-d842564a24df,2026-07-13,1,49.99,49.99,49.99
cf006b54-93db-45e8-967b-d842564a24df,2026-07-20,4,75.5,70,113
cf006b54-93db-45e8-967b-d842564a24df,2026-08-24,2,68.5,65,72
cf006b54-93db-45e8-967b-d842564a24df,2026-08-31,1,51.6,51.6,51.6
cf006b54-93db-45e8-967b-d842564a24df,2026-09-07,4,77.5,45,120
cf006b54-93db-45e8-967b-d842564a24df,2026-09-14,1,50,50,50
cf006b54-93db-45e8-967b-d842564a24df,2026-09-21,2,65.59,61.2,69.99
cf0264cd-23c9-445d-9586-73533cf9eae9,2023-12-18,1,12.5,12.5,12.5
cf0974ee-b551-4878-8e41-d8782180d259,2025-04-07,1,10.5,10.5,10.5
cf0974ee-b551-4878-8e41-d8782180d259,2025-10-06,1,25,25,25
cf0974ee-b551-4878-8e41-d8782180d259,2026-05-04,1,37.95,37.95,37.95
cf0974ee-b551-4878-8e41-d8782180d259,2026-08-03,1,17.5,17.5,17.5
cf0b2dd3-1580-4519-abd1-5f7048be7ea8,2024-08-12,1,31,31,31
cf0b2dd3-1580-4519-abd1-5f7048be7ea8,2025-04-07,1,27.5,27.5,27.5
cf0b2dd3-1580-4519-abd1-5f7048be7ea8,2025-06-09,1,23.99,23.99,23.99
cf0b2dd3-1580-4519-abd1-5f7048be7ea8,2025-11-10,1,50,50,50
cf0b2dd3-1580-4519-abd1-5f7048be7ea8,2025-11-17,1,60,60,60
cf0d4648-d164-4644-af78-a67f8ad057b1,2025-10-13,1,15.5,15.5,15.5
cf1abd03-a0f9-4576-8ce0-1a53238cfbff,2021-11-08,1,39.76,39.76,39.76
cf1abd03-a0f9-4576-8ce0-1a53238cfbff,2021-12-06,1,19.5,19.5,19.5
cf1abd03-a0f9-4576-8ce0-1a53238cfbff,2022-01-31,1,29.95,29.95,29.95
cf1abd03-a0f9-4576-8ce0-1a53238cfbff,2022-02-28,1,12.5,12.5,12.5
cf1abd03-a0f9-4576-8ce0-1a53238cfbff,2022-03-28,1,15,15,15
cf1abd03-a0f9-4576-8ce0-1a53238cfbff,2022-04-11,1,19,19,19
cf1abd03-a0f9-4576-8ce0-1a53238cfbff,2022-05-02,2,21.5,15.99,27
cf1abd03-a0f9-4576-8ce0-1a53238cfbff,2022-05-23,1,20.51,20.51,20.51
cf1abd03-a0f9-4576-8ce0-1a53238cfbff,2022-06-06,1,31,31,31
cf1abd03-a0f9-4576-8ce0-1a53238cfbff,2022-06-13,2,25.25,15.5,34.99
cf1abd03-a0f9-4576-8ce0-1a53238cfbff,2022-06-20,2,22.75,20.5,25
cf1abd03-a0f9-4576-8ce0-1a53238cfbff,2022-07-04,3,32.99,17.86,35
cf1abd03-a0f9-4576-8ce0-1a53238cfbff,2022-07-25,1,30,30,30
cf1abd03-a0f9-4576-8ce0-1a53238cfbff,2022-08-01,3,31.1,15.5,39
cf1abd03-a0f9-4576-8ce0-1a53238cfbff,2022-08-08,1,30,30,30
cf1abd03-a0f9-4576-8ce0-1a53238cfbff,2022-08-15,2,19.4,16,22.8
cf1abd03-a0f9-4576-8ce0-1a53238cfbff,2022-08-22,1,15.6,15.6,15.6
cf1abd03-a0f9-4576-8ce0-1a53238cfbff,2022-09-05,1,17.52,17.52,17.52
cf1abd03-a0f9-4576-8ce0-1a53238cfbff,2022-09-12,1,25.47,25.47,25.47
cf1abd03-a0f9-4576-8ce0-1a53238cfbff,2022-10-03,1,25,25,25
cf1abd03-a0f9-4576-8ce0-1a53238cfbff,2022-10-17,1,22,22,22
cf1abd03-a0f9-4576-8ce0-1a53238cfbff,2022-10-24,1,15.5,15.5,15.5
cf1abd03-a0f9-4576-8ce0-1a53238cfbff,2022-11-28,1,19.53,19.53,19.53
cf1abd03-a0f9-4576-8ce0-1a53238cfbff,2022-12-12,1,28,28,28
cf1abd03-a0f9-4576-8ce0-1a53238cfbff,2023-01-02,1,17.02,17.02,17.02
cf1abd03-a0f9-4576-8ce0-1a53238cfbff,2023-01-09,1,25,25,25
cf1abd03-a0f9-4576-8ce0-1a53238cfbff,2023-02-27,2,15.76,11.52,20
cf1abd03-a0f9-4576-8ce0-1a53238cfbff,2023-04-24,1,22,22,22
cf1abd03-a0f9-4576-8ce0-1a53238cfbff,2023-05-22,1,22.5,22.5,22.5
cf1abd03-a0f9-4576-8ce0-1a53238cfbff,2023-06-05,1,24.99,24.99,24.99
cf1abd03-a0f9-4576-8ce0-1a53238cfbff,2023-07-03,1,29.97,29.97,29.97
cf1abd03-a0f9-4576-8ce0-1a53238cfbff,2023-07-24,1,30,30,30
cf1abd03-a0f9-4576-8ce0-1a53238cfbff,2023-08-14,1,24.24,24.24,24.24
cf1abd03-a0f9-4576-8ce0-1a53238cfbff,2023-09-11,1,18.5,18.5,18.5
cf1abd03-a0f9-4576-8ce0-1a53238cfbff,2023-10-02,1,22.5,22.5,22.5
cf1abd03-a0f9-4576-8ce0-1a53238cfbff,2023-12-11,1,21.5,21.5,21.5
cf1abd03-a0f9-4576-8ce0-1a53238cfbff,2024-03-04,2,12.5,6.5,18.5
cf1abd03-a0f9-4576-8ce0-1a53238cfbff,2024-03-25,1,15.05,15.05,15.05
cf1abd03-a0f9-4576-8ce0-1a53238cfbff,2024-09-02,1,19.99,19.99,19.99
cf1abd03-a0f9-4576-8ce0-1a53238cfbff,2024-10-21,1,13.5,13.5,13.5
cf1abd03-a0f9-4576-8ce0-1a53238cfbff,2024-11-04,1,30,30,30
cf1abd03-a0f9-4576-8ce0-1a53238cfbff,2025-04-21,1,38,38,38
cf1abd03-a0f9-4576-8ce0-1a53238cfbff,2025-07-14,1,30.57,30.57,30.57
cf1abd03-a0f9-4576-8ce0-1a53238cfbff,2025-12-29,1,12.5,12.5,12.5
cf1abd03-a0f9-4576-8ce0-1a53238cfbff,2026-05-04,1,44.99,44.99,44.99
cf1abd03-a0f9-4576-8ce0-1a53238cfbff,2026-09-07,1,54.99,54.99,54.99
cf1ad250-cc5e-4b13-92d8-de3475c776e2,2023-06-12,1,500,500,500
cf1ad250-cc5e-4b13-92d8-de3475c776e2,2023-07-31,1,545,545,545
cf1ad250-cc5e-4b13-92d8-de3475c776e2,2023-10-02,1,389.99,389.99,389.99
cf1ad250-cc5e-4b13-92d8-de3475c776e2,2024-09-30,1,300,300,300
cf1ad250-cc5e-4b13-92d8-de3475c776e2,2025-05-05,1,780,780,780
cf1ad250-cc5e-4b13-92d8-de3475c776e2,2025-10-20,1,660,660,660
cf1ad250-cc5e-4b13-92d8-de3475c776e2,2026-06-15,1,1400,1400,1400
cf202714-419a-4dfa-99c4-0f1d9014eb0c,2021-06-28,1,553,553,553
cf202714-419a-4dfa-99c4-0f1d9014eb0c,2021-10-25,1,420,420,420
cf202714-419a-4dfa-99c4-0f1d9014eb0c,2021-11-22,1,443,443,443
cf202714-419a-4dfa-99c4-0f1d9014eb0c,2021-11-29,1,532.7,532.7,532.7
cf202714-419a-4dfa-99c4-0f1d9014eb0c,2022-04-18,1,650,650,650
cf202714-419a-4dfa-99c4-0f1d9014eb0c,2022-11-14,1,632.36,632.36,632.36
cf202714-419a-4dfa-99c4-0f1d9014eb0c,2023-08-21,1,450,450,450
cf202714-419a-4dfa-99c4-0f1d9014eb0c,2024-05-27,1,630,630,630
cf202714-419a-4dfa-99c4-0f1d9014eb0c,2025-01-27,1,699.99,699.99,699.99
cf202714-419a-4dfa-99c4-0f1d9014eb0c,2025-09-22,1,2392,2392,2392
cf202714-419a-4dfa-99c4-0f1d9014eb0c,2026-02-09,1,3658,3658,3658
cf202714-419a-4dfa-99c4-0f1d9014eb0c,2026-04-13,1,4050,4050,4050
cf202714-419a-4dfa-99c4-0f1d9014eb0c,2026-08-17,1,7800,7800,7800
cf202714-419a-4dfa-99c4-0f1d9014eb0c,2026-08-31,1,9000,9000,9000
cf237e96-f605-4d85-9c7b-c2b99535db57,2021-04-05,1,39.99,39.99,39.99
cf237e96-f605-4d85-9c7b-c2b99535db57,2021-08-16,1,40,40,40
cf237e96-f605-4d85-9c7b-c2b99535db57,2022-02-07,1,23.75,23.75,23.75
cf237e96-f605-4d85-9c7b-c2b99535db57,2022-03-28,1,28,28,28
cf237e96-f605-4d85-9c7b-c2b99535db57,2022-05-16,1,27,27,27
cf237e96-f605-4d85-9c7b-c2b99535db57,2022-07-11,1,17.53,17.53,17.53
cf237e96-f605-4d85-9c7b-c2b99535db57,2022-08-15,1,27.88,27.88,27.88
cf237e96-f605-4d85-9c7b-c2b99535db57,2022-10-03,1,32,32,32
cf237e96-f605-4d85-9c7b-c2b99535db57,2022-10-10,1,39.99,39.99,39.99
cf237e96-f605-4d85-9c7b-c2b99535db57,2022-10-24,1,39.99,39.99,39.99
cf237e96-f605-4d85-9c7b-c2b99535db57,2022-12-12,1,30,30,30
cf237e96-f605-4d85-9c7b-c2b99535db57,2023-07-03,1,19.99,19.99,19.99
cf237e96-f605-4d85-9c7b-c2b99535db57,2023-08-21,1,20.5,20.5,20.5
cf237e96-f605-4d85-9c7b-c2b99535db57,2023-11-13,1,16.58,16.58,16.58
cf237e96-f605-4d85-9c7b-c2b99535db57,2023-11-20,1,15.5,15.5,15.5
cf237e96-f605-4d85-9c7b-c2b99535db57,2025-04-21,1,19.23,19.23,19.23
cf237e96-f605-4d85-9c7b-c2b99535db57,2025-09-01,1,46,46,46
cf237e96-f605-4d85-9c7b-c2b99535db57,2025-12-01,1,26,26,26
cf237e96-f605-4d85-9c7b-c2b99535db57,2026-03-16,1,110,110,110
cf25c493-32a7-49e1-addd-e0561fae03dc,2021-12-27,1,21,21,21
cf25c493-32a7-49e1-addd-e0561fae03dc,2023-07-17,1,18.94,18.94,18.94
cf25c493-32a7-49e1-addd-e0561fae03dc,2024-01-15,1,29.99,29.99,29.99
cf25c493-32a7-49e1-addd-e0561fae03dc,2026-06-08,1,59,59,59
cf25c493-32a7-49e1-addd-e0561fae03dc,2026-08-03,1,55,55,55
cf262860-9b30-4012-b14e-30cd8bad5add,2021-05-24,1,102.5,102.5,102.5
cf262860-9b30-4012-b14e-30cd8bad5add,2022-04-04,1,115.2,115.2,115.2
cf262860-9b30-4012-b14e-30cd8bad5add,2022-10-17,1,450,450,450
cf262860-9b30-4012-b14e-30cd8bad5add,2022-11-28,1,349.99,349.99,349.99
cf262860-9b30-4012-b14e-30cd8bad5add,2023-02-06,1,413.99,413.99,413.99
cf262860-9b30-4012-b14e-30cd8bad5add,2023-03-06,2,435.1,420.2,450
cf262860-9b30-4012-b14e-30cd8bad5add,2023-03-20,2,312,312,312
cf262860-9b30-4012-b14e-30cd8bad5add,2023-04-10,1,283.58,283.58,283.58
cf262860-9b30-4012-b14e-30cd8bad5add,2023-06-12,2,290.64,231.28,350
cf262860-9b30-4012-b14e-30cd8bad5add,2023-06-19,1,249.99,249.99,249.99
cf262860-9b30-4012-b14e-30cd8bad5add,2023-06-26,1,299,299,299
cf262860-9b30-4012-b14e-30cd8bad5add,2023-10-23,2,173.97,162.5,185.44
cf262860-9b30-4012-b14e-30cd8bad5add,2023-11-13,1,187.5,187.5,187.5
cf262860-9b30-4012-b14e-30cd8bad5add,2023-12-18,1,117.5,117.5,117.5
cf262860-9b30-4012-b14e-30cd8bad5add,2024-01-08,1,114.5,114.5,114.5
cf262860-9b30-4012-b14e-30cd8bad5add,2024-01-22,2,130,130,130
cf262860-9b30-4012-b14e-30cd8bad5add,2024-02-19,2,114.45,110.4,118.5
cf262860-9b30-4012-b14e-30cd8bad5add,2024-02-26,2,83,74,92
cf262860-9b30-4012-b14e-30cd8bad5add,2024-05-06,1,84,84,84
cf262860-9b30-4012-b14e-30cd8bad5add,2024-05-13,1,70,70,70
cf262860-9b30-4012-b14e-30cd8bad5add,2024-05-27,1,36,36,36
cf262860-9b30-4012-b14e-30cd8bad5add,2024-07-01,1,74.4,74.4,74.4
cf262860-9b30-4012-b14e-30cd8bad5add,2024-07-22,1,60,60,60
cf262860-9b30-4012-b14e-30cd8bad5add,2024-08-12,1,80,80,80
cf262860-9b30-4012-b14e-30cd8bad5add,2024-08-19,1,80,80,80
cf262860-9b30-4012-b14e-30cd8bad5add,2024-08-26,1,69.6,69.6,69.6
cf262860-9b30-4012-b14e-30cd8bad5add,2024-10-14,1,99.99,99.99,99.99
cf262860-9b30-4012-b14e-30cd8bad5add,2024-11-25,1,71.5,71.5,71.5
cf262860-9b30-4012-b14e-30cd8bad5add,2024-12-16,1,62.4,62.4,62.4
cf262860-9b30-4012-b14e-30cd8bad5add,2025-01-27,1,56.4,56.4,56.4
cf262860-9b30-4012-b14e-30cd8bad5add,2025-02-10,1,75.14,75.14,75.14
cf262860-9b30-4012-b14e-30cd8bad5add,2025-02-24,1,63,63,63
cf262860-9b30-4012-b14e-30cd8bad5add,2025-03-31,1,71,71,71
cf262860-9b30-4012-b14e-30cd8bad5add,2025-04-07,1,81,81,81
cf262860-9b30-4012-b14e-30cd8bad5add,2025-04-14,1,81.6,81.6,81.6
cf262860-9b30-4012-b14e-30cd8bad5add,2025-04-21,1,63,63,63
cf262860-9b30-4012-b14e-30cd8bad5add,2025-07-07,1,130,130,130
cf262860-9b30-4012-b14e-30cd8bad5add,2025-07-14,1,120.39,120.39,120.39
cf262860-9b30-4012-b14e-30cd8bad5add,2025-09-08,1,225,225,225
cf262860-9b30-4012-b14e-30cd8bad5add,2025-10-20,1,195,195,195
cf262860-9b30-4012-b14e-30cd8bad5add,2025-11-17,1,167.5,167.5,167.5
cf262860-9b30-4012-b14e-30cd8bad5add,2025-11-24,1,186,186,186
cf262860-9b30-4012-b14e-30cd8bad5add,2025-12-08,1,200,200,200
cf262860-9b30-4012-b14e-30cd8bad5add,2025-12-15,1,152.5,152.5,152.5
cf262860-9b30-4012-b14e-30cd8bad5add,2026-02-09,1,200,200,200
cf262860-9b30-4012-b14e-30cd8bad5add,2026-03-02,1,245,245,245
cf262860-9b30-4012-b14e-30cd8bad5add,2026-03-09,1,299,299,299
cf262860-9b30-4012-b14e-30cd8bad5add,2026-03-23,2,385,340,430
cf262860-9b30-4012-b14e-30cd8bad5add,2026-04-13,1,405,405,405
cf262860-9b30-4012-b14e-30cd8bad5add,2026-04-20,1,432,432,432
cf262860-9b30-4012-b14e-30cd8bad5add,2026-05-04,1,525,525,525
cf262860-9b30-4012-b14e-30cd8bad5add,2026-06-22,2,336.98,315.95,358
cf262860-9b30-4012-b14e-30cd8bad5add,2026-06-29,1,400,400,400
cf262860-9b30-4012-b14e-30cd8bad5add,2026-07-06,1,350,350,350
cf262860-9b30-4012-b14e-30cd8bad5add,2026-07-13,2,424.5,379,470
cf262860-9b30-4012-b14e-30cd8bad5add,2026-07-27,1,618.88,618.88,618.88
cf262860-9b30-4012-b14e-30cd8bad5add,2026-08-17,1,520.88,520.88,520.88
cf262860-9b30-4012-b14e-30cd8bad5add,2026-08-24,3,464,456,987.42
cf262860-9b30-4012-b14e-30cd8bad5add,2026-08-31,1,405,405,405
cf262860-9b30-4012-b14e-30cd8bad5add,2026-09-07,2,459.5,259,660
cf262860-9b30-4012-b14e-30cd8bad5add,2026-09-14,1,670,670,670
cf262860-9b30-4012-b14e-30cd8bad5add,2026-09-21,1,622,622,622
cf273bcb-dce8-4609-a203-663c62ea6b4b,2023-09-04,1,336,336,336
cf273bcb-dce8-4609-a203-663c62ea6b4b,2024-06-17,1,38.4,38.4,38.4
cf273bcb-dce8-4609-a203-663c62ea6b4b,2024-08-12,2,62.91,55.72,70.11
cf273bcb-dce8-4609-a203-663c62ea6b4b,2025-01-13,1,50,50,50
cf273bcb-dce8-4609-a203-663c62ea6b4b,2025-05-19,1,52.2,52.2,52.2
cf2a31d4-f626-4cdf-bf35-6bbb43e77d7b,2022-02-21,1,39.99,39.99,39.99
cf2a31d4-f626-4cdf-bf35-6bbb43e77d7b,2024-03-25,1,47.48,47.48,47.48
cf2a31d4-f626-4cdf-bf35-6bbb43e77d7b,2024-12-16,1,175,175,175
cf2a31d4-f626-4cdf-bf35-6bbb43e77d7b,2025-04-28,1,67.2,67.2,67.2
cf2a31d4-f626-4cdf-bf35-6bbb43e77d7b,2025-05-19,1,46.8,46.8,46.8
cf2b5a63-0f88-4c2a-9407-c53ca1525c8c,2022-06-20,1,31.88,31.88,31.88
cf2b5a63-0f88-4c2a-9407-c53ca1525c8c,2022-09-12,1,34.5,34.5,34.5
cf2b5a63-0f88-4c2a-9407-c53ca1525c8c,2022-09-26,1,31,31,31
cf2b5a63-0f88-4c2a-9407-c53ca1525c8c,2022-11-07,2,31.88,28.77,35
cf2b5a63-0f88-4c2a-9407-c53ca1525c8c,2022-11-14,1,30,30,30
cf2b5a63-0f88-4c2a-9407-c53ca1525c8c,2022-12-12,1,33,33,33
cf2b5a63-0f88-4c2a-9407-c53ca1525c8c,2022-12-19,1,49.99,49.99,49.99
cf2b5a63-0f88-4c2a-9407-c53ca1525c8c,2022-12-26,2,32,29,35
cf2b5a63-0f88-4c2a-9407-c53ca1525c8c,2023-01-16,1,27,27,27
cf2b5a63-0f88-4c2a-9407-c53ca1525c8c,2023-02-27,2,28,26,30
cf2b5a63-0f88-4c2a-9407-c53ca1525c8c,2023-03-13,2,21.49,21.49,21.5
cf2b5a63-0f88-4c2a-9407-c53ca1525c8c,2023-03-27,1,22,22,22
cf2b5a63-0f88-4c2a-9407-c53ca1525c8c,2023-05-15,1,35,35,35
cf2b5a63-0f88-4c2a-9407-c53ca1525c8c,2023-05-22,2,31.06,28.13,34
cf2b5a63-0f88-4c2a-9407-c53ca1525c8c,2023-06-19,1,43.98,43.98,43.98
cf2b5a63-0f88-4c2a-9407-c53ca1525c8c,2023-07-17,1,31.34,31.34,31.34
cf2b5a63-0f88-4c2a-9407-c53ca1525c8c,2023-08-07,1,24.99,24.99,24.99
cf2b5a63-0f88-4c2a-9407-c53ca1525c8c,2023-09-25,1,38.99,38.99,38.99
cf2b5a63-0f88-4c2a-9407-c53ca1525c8c,2023-10-09,2,27.75,20.5,34.99
cf2b5a63-0f88-4c2a-9407-c53ca1525c8c,2023-10-30,1,20,20,20
cf2b5a63-0f88-4c2a-9407-c53ca1525c8c,2023-12-11,1,10.51,10.51,10.51
cf2b5a63-0f88-4c2a-9407-c53ca1525c8c,2023-12-18,1,17.5,17.5,17.5
cf2b5a63-0f88-4c2a-9407-c53ca1525c8c,2024-01-08,1,25,25,25
cf2b5a63-0f88-4c2a-9407-c53ca1525c8c,2024-05-06,1,45.35,45.35,45.35
cf2b5a63-0f88-4c2a-9407-c53ca1525c8c,2024-07-29,1,20.5,20.5,20.5
cf2b5a63-0f88-4c2a-9407-c53ca1525c8c,2024-11-04,1,39.99,39.99,39.99
cf2b5a63-0f88-4c2a-9407-c53ca1525c8c,2024-12-16,1,38.49,38.49,38.49
cf2b5a63-0f88-4c2a-9407-c53ca1525c8c,2025-01-27,1,37.49,37.49,37.49
cf2b5a63-0f88-4c2a-9407-c53ca1525c8c,2025-02-03,1,40,40,40
cf2b5a63-0f88-4c2a-9407-c53ca1525c8c,2025-02-10,1,37,37,37
cf2b5a63-0f88-4c2a-9407-c53ca1525c8c,2025-02-17,1,39.99,39.99,39.99
cf2b5a63-0f88-4c2a-9407-c53ca1525c8c,2025-03-17,1,31,31,31
cf2b5a63-0f88-4c2a-9407-c53ca1525c8c,2025-03-24,1,38,38,38
cf2b5a63-0f88-4c2a-9407-c53ca1525c8c,2025-04-28,2,35,35,35
cf2b5a63-0f88-4c2a-9407-c53ca1525c8c,2025-05-05,4,38.5,26,45
cf2b5a63-0f88-4c2a-9407-c53ca1525c8c,2025-06-02,1,40,40,40
cf2b5a63-0f88-4c2a-9407-c53ca1525c8c,2025-08-04,2,51,50,52
cf2b5a63-0f88-4c2a-9407-c53ca1525c8c,2025-08-11,1,59.97,59.97,59.97
cf2b5a63-0f88-4c2a-9407-c53ca1525c8c,2025-08-18,1,55,55,55
cf2b5a63-0f88-4c2a-9407-c53ca1525c8c,2025-09-01,1,65.45,65.45,65.45
cf2b5a63-0f88-4c2a-9407-c53ca1525c8c,2025-09-29,1,76.99,76.99,76.99
cf2b5a63-0f88-4c2a-9407-c53ca1525c8c,2025-12-15,1,90,90,90
cf2b5a63-0f88-4c2a-9407-c53ca1525c8c,2026-01-05,1,91.99,91.99,91.99
cf2b5a63-0f88-4c2a-9407-c53ca1525c8c,2026-01-26,1,79.99,79.99,79.99
cf2b5a63-0f88-4c2a-9407-c53ca1525c8c,2026-03-09,1,85,85,85
cf2b5a63-0f88-4c2a-9407-c53ca1525c8c,2026-03-23,1,69.6,69.6,69.6
cf2b5a63-0f88-4c2a-9407-c53ca1525c8c,2026-04-27,1,84.99,84.99,84.99
cf2b5a63-0f88-4c2a-9407-c53ca1525c8c,2026-05-11,1,80,80,80
cf2b5a63-0f88-4c2a-9407-c53ca1525c8c,2026-06-22,1,85,85,85
cf2b5a63-0f88-4c2a-9407-c53ca1525c8c,2026-06-29,1,85,85,85
cf2b5a63-0f88-4c2a-9407-c53ca1525c8c,2026-08-17,1,110,110,110
cf2b5a63-0f88-4c2a-9407-c53ca1525c8c,2026-08-31,1,60.24,60.24,60.24
cf2ba4b3-591b-4383-815b-1be7c0e6bbae,2021-03-15,1,600,600,600
cf2ba4b3-591b-4383-815b-1be7c0e6bbae,2021-03-22,1,482.34,482.34,482.34
cf2ba4b3-591b-4383-815b-1be7c0e6bbae,2021-04-12,1,550,550,550
cf2ba4b3-591b-4383-815b-1be7c0e6bbae,2021-05-24,1,355,355,355
cf2ba4b3-591b-4383-815b-1be7c0e6bbae,2021-06-07,1,330,330,330
cf2ba4b3-591b-4383-815b-1be7c0e6bbae,2021-07-26,1,380,380,380
cf2ba4b3-591b-4383-815b-1be7c0e6bbae,2021-09-20,1,500,500,500
cf2ba4b3-591b-4383-815b-1be7c0e6bbae,2021-09-27,1,224.5,224.5,224.5
cf2ba4b3-591b-4383-815b-1be7c0e6bbae,2021-10-25,1,500,500,500
cf2ba4b3-591b-4383-815b-1be7c0e6bbae,2021-11-22,1,400,400,400
cf2ba4b3-591b-4383-815b-1be7c0e6bbae,2022-02-14,1,216,216,216
cf2ba4b3-591b-4383-815b-1be7c0e6bbae,2022-02-21,1,266,266,266
cf2ba4b3-591b-4383-815b-1be7c0e6bbae,2022-03-21,1,350,350,350
cf2ba4b3-591b-4383-815b-1be7c0e6bbae,2022-04-18,1,245,245,245
cf2ba4b3-591b-4383-815b-1be7c0e6bbae,2022-05-23,1,240.88,240.88,240.88
cf2ba4b3-591b-4383-815b-1be7c0e6bbae,2022-06-13,1,172.5,172.5,172.5
cf2ba4b3-591b-4383-815b-1be7c0e6bbae,2022-07-04,1,199.99,199.99,199.99
cf2ba4b3-591b-4383-815b-1be7c0e6bbae,2022-07-18,1,250,250,250
cf2ba4b3-591b-4383-815b-1be7c0e6bbae,2022-08-01,1,499,499,499
cf2ba4b3-591b-4383-815b-1be7c0e6bbae,2022-09-12,1,153.5,153.5,153.5
cf2ba4b3-591b-4383-815b-1be7c0e6bbae,2022-10-03,1,209.99,209.99,209.99
cf2ba4b3-591b-4383-815b-1be7c0e6bbae,2022-10-10,2,226.95,200,253.91
cf2ba4b3-591b-4383-815b-1be7c0e6bbae,2022-11-14,1,80.99,80.99,80.99
cf2ba4b3-591b-4383-815b-1be7c0e6bbae,2022-12-19,2,195,190,199.99
cf2ba4b3-591b-4383-815b-1be7c0e6bbae,2023-01-16,1,320,320,320
cf2ba4b3-591b-4383-815b-1be7c0e6bbae,2023-02-13,1,286.93,286.93,286.93
cf2ba4b3-591b-4383-815b-1be7c0e6bbae,2023-02-27,1,202.5,202.5,202.5
cf2ba4b3-591b-4383-815b-1be7c0e6bbae,2023-03-06,2,155.25,150,160.5
cf2ba4b3-591b-4383-815b-1be7c0e6bbae,2023-03-13,3,223.2,140,225
cf2ba4b3-591b-4383-815b-1be7c0e6bbae,2023-05-29,1,225,225,225
cf2ba4b3-591b-4383-815b-1be7c0e6bbae,2023-06-12,1,199.28,199.28,199.28
cf2ba4b3-591b-4383-815b-1be7c0e6bbae,2023-07-03,1,173.77,173.77,173.77
cf2ba4b3-591b-4383-815b-1be7c0e6bbae,2023-07-24,1,450,450,450
cf2ba4b3-591b-4383-815b-1be7c0e6bbae,2023-08-07,1,200,200,200
cf2ba4b3-591b-4383-815b-1be7c0e6bbae,2023-09-11,1,202.5,202.5,202.5
cf2ba4b3-591b-4383-815b-1be7c0e6bbae,2023-09-25,1,102.44,102.44,102.44
cf2ba4b3-591b-4383-815b-1be7c0e6bbae,2023-12-25,1,110.5,110.5,110.5
cf2ba4b3-591b-4383-815b-1be7c0e6bbae,2024-01-08,1,268.89,268.89,268.89
cf2ba4b3-591b-4383-815b-1be7c0e6bbae,2024-01-15,2,199.25,168,230.5
cf2ba4b3-591b-4383-815b-1be7c0e6bbae,2024-01-22,1,111.6,111.6,111.6
cf2ba4b3-591b-4383-815b-1be7c0e6bbae,2024-01-29,1,80,80,80
cf2ba4b3-591b-4383-815b-1be7c0e6bbae,2024-04-15,1,150,150,150
cf2ba4b3-591b-4383-815b-1be7c0e6bbae,2024-04-22,1,190,190,190
cf2ba4b3-591b-4383-815b-1be7c0e6bbae,2024-05-06,1,180,180,180
cf2ba4b3-591b-4383-815b-1be7c0e6bbae,2024-05-13,1,249.99,249.99,249.99
cf2ba4b3-591b-4383-815b-1be7c0e6bbae,2024-06-03,2,207,188.99,225
cf2ba4b3-591b-4383-815b-1be7c0e6bbae,2024-06-10,1,195,195,195
cf2ba4b3-591b-4383-815b-1be7c0e6bbae,2024-07-15,1,220,220,220
cf2ba4b3-591b-4383-815b-1be7c0e6bbae,2024-07-29,1,251,251,251
cf2ba4b3-591b-4383-815b-1be7c0e6bbae,2024-08-05,2,167.25,149.99,184.5
cf2ba4b3-591b-4383-815b-1be7c0e6bbae,2024-08-19,1,249.99,249.99,249.99
cf2ba4b3-591b-4383-815b-1be7c0e6bbae,2024-10-28,1,225,225,225
cf2ba4b3-591b-4383-815b-1be7c0e6bbae,2024-11-25,1,192.5,192.5,192.5
cf2ba4b3-591b-4383-815b-1be7c0e6bbae,2024-12-09,1,220,220,220
cf2ba4b3-591b-4383-815b-1be7c0e6bbae,2024-12-30,1,150,150,150
cf2ba4b3-591b-4383-815b-1be7c0e6bbae,2025-01-13,1,199.94,199.94,199.94
cf2ba4b3-591b-4383-815b-1be7c0e6bbae,2025-01-27,3,137.5,128.01,175
cf2ba4b3-591b-4383-815b-1be7c0e6bbae,2025-02-10,1,199.95,199.95,199.95
cf2ba4b3-591b-4383-815b-1be7c0e6bbae,2025-02-17,1,150,150,150
cf2ba4b3-591b-4383-815b-1be7c0e6bbae,2025-03-24,1,174.99,174.99,174.99
cf2ba4b3-591b-4383-815b-1be7c0e6bbae,2025-03-31,1,195,195,195
cf2ba4b3-591b-4383-815b-1be7c0e6bbae,2025-04-07,1,179.99,179.99,179.99
cf2ba4b3-591b-4383-815b-1be7c0e6bbae,2025-04-14,1,181.5,181.5,181.5
cf2ba4b3-591b-4383-815b-1be7c0e6bbae,2025-05-12,1,150,150,150
cf2ba4b3-591b-4383-815b-1be7c0e6bbae,2025-05-19,1,157.5,157.5,157.5
cf2ba4b3-591b-4383-815b-1be7c0e6bbae,2025-06-16,1,179.99,179.99,179.99
cf2ba4b3-591b-4383-815b-1be7c0e6bbae,2025-07-07,1,179.99,179.99,179.99
cf2ba4b3-591b-4383-815b-1be7c0e6bbae,2025-07-14,2,176.62,173.24,180
cf2ba4b3-591b-4383-815b-1be7c0e6bbae,2025-07-21,1,91.2,91.2,91.2
cf2ba4b3-591b-4383-815b-1be7c0e6bbae,2025-08-11,1,126,126,126
cf2ba4b3-591b-4383-815b-1be7c0e6bbae,2025-08-25,1,200,200,200
cf2ba4b3-591b-4383-815b-1be7c0e6bbae,2025-09-01,1,225,225,225
cf2ba4b3-591b-4383-815b-1be7c0e6bbae,2025-09-08,3,200,200,250
cf2ba4b3-591b-4383-815b-1be7c0e6bbae,2025-09-29,2,205,190,220
cf2ba4b3-591b-4383-815b-1be7c0e6bbae,2025-10-13,2,225,180,269.99
cf2ba4b3-591b-4383-815b-1be7c0e6bbae,2025-10-20,1,249,249,249
cf2ba4b3-591b-4383-815b-1be7c0e6bbae,2025-11-24,1,249.99,249.99,249.99
cf2ba4b3-591b-4383-815b-1be7c0e6bbae,2025-12-08,1,288,288,288
cf2ba4b3-591b-4383-815b-1be7c0e6bbae,2025-12-22,1,220,220,220
cf2ba4b3-591b-4383-815b-1be7c0e6bbae,2025-12-29,2,274.5,250,299
cf2ba4b3-591b-4383-815b-1be7c0e6bbae,2026-01-05,2,263.5,250,277
cf2ba4b3-591b-4383-815b-1be7c0e6bbae,2026-01-12,2,245.75,221.5,269.99
cf2ba4b3-591b-4383-815b-1be7c0e6bbae,2026-02-02,1,275,275,275
cf2ba4b3-591b-4383-815b-1be7c0e6bbae,2026-02-09,1,255,255,255
cf2ba4b3-591b-4383-815b-1be7c0e6bbae,2026-02-23,1,315,315,315
cf2ba4b3-591b-4383-815b-1be7c0e6bbae,2026-03-02,1,350,350,350
cf2ba4b3-591b-4383-815b-1be7c0e6bbae,2026-03-23,2,394.48,389.95,399
cf2ba4b3-591b-4383-815b-1be7c0e6bbae,2026-04-06,1,399,399,399
cf2ba4b3-591b-4383-815b-1be7c0e6bbae,2026-05-04,1,384,384,384
cf2ba4b3-591b-4383-815b-1be7c0e6bbae,2026-05-25,1,495,495,495
cf2ba4b3-591b-4383-815b-1be7c0e6bbae,2026-06-01,1,430,430,430
cf2ba4b3-591b-4383-815b-1be7c0e6bbae,2026-06-08,1,524.95,524.95,524.95
cf2ba4b3-591b-4383-815b-1be7c0e6bbae,2026-06-15,1,750,750,750
cf2ba4b3-591b-4383-815b-1be7c0e6bbae,2026-06-22,1,478,478,478
cf2ba4b3-591b-4383-815b-1be7c0e6bbae,2026-07-06,3,525,480,600
cf2ba4b3-591b-4383-815b-1be7c0e6bbae,2026-08-03,1,480,480,480
cf2ba4b3-591b-4383-815b-1be7c0e6bbae,2026-08-10,1,675,675,675
cf2ba4b3-591b-4383-815b-1be7c0e6bbae,2026-08-31,1,999.95,999.95,999.95
cf2d5371-bacf-4bdd-b858-21105abe18af,2022-06-13,1,281.9,281.9,281.9
cf2d5371-bacf-4bdd-b858-21105abe18af,2022-06-20,2,241.25,232.5,250
cf2d5371-bacf-4bdd-b858-21105abe18af,2022-06-27,1,217.5,217.5,217.5
cf2d5371-bacf-4bdd-b858-21105abe18af,2022-07-04,1,205,205,205
cf2d5371-bacf-4bdd-b858-21105abe18af,2022-07-11,3,159.02,158.5,200
cf2d5371-bacf-4bdd-b858-21105abe18af,2022-07-18,1,163.15,163.15,163.15
cf2d5371-bacf-4bdd-b858-21105abe18af,2022-07-25,1,199.95,199.95,199.95
cf2d5371-bacf-4bdd-b858-21105abe18af,2022-08-01,5,190.5,156.67,208
cf2d5371-bacf-4bdd-b858-21105abe18af,2022-08-08,3,175.5,174.5,185
cf2d5371-bacf-4bdd-b858-21105abe18af,2022-08-15,4,199.97,199.95,200
cf2d5371-bacf-4bdd-b858-21105abe18af,2022-08-22,6,162.25,117.41,183.5
cf2d5371-bacf-4bdd-b858-21105abe18af,2022-08-29,3,160,157.5,179.99
cf2d5371-bacf-4bdd-b858-21105abe18af,2022-09-05,1,145,145,145
cf2d5371-bacf-4bdd-b858-21105abe18af,2022-09-12,3,165,150,165
cf2d5371-bacf-4bdd-b858-21105abe18af,2022-09-19,5,157.5,150,169.99
cf2d5371-bacf-4bdd-b858-21105abe18af,2022-09-26,8,154.99,154.99,167.5
cf2d5371-bacf-4bdd-b858-21105abe18af,2022-10-03,5,160,155,168.02
cf2d5371-bacf-4bdd-b858-21105abe18af,2022-10-10,4,173.5,145.96,199.99
cf2d5371-bacf-4bdd-b858-21105abe18af,2022-10-17,3,160,145,185
cf2d5371-bacf-4bdd-b858-21105abe18af,2022-10-24,3,153.5,153,220
cf2d5371-bacf-4bdd-b858-21105abe18af,2022-10-31,6,161.25,104.69,180
cf2d5371-bacf-4bdd-b858-21105abe18af,2022-11-07,8,169.25,145,180
cf2d5371-bacf-4bdd-b858-21105abe18af,2022-11-14,9,147.1,135,189.99
cf2d5371-bacf-4bdd-b858-21105abe18af,2022-11-21,6,116.5,99,150
cf2d5371-bacf-4bdd-b858-21105abe18af,2022-11-28,8,130.49,105.52,140
cf2d5371-bacf-4bdd-b858-21105abe18af,2022-12-05,5,129.99,110,183.16
cf2d5371-bacf-4bdd-b858-21105abe18af,2022-12-12,6,120.25,113.5,138
cf2d5371-bacf-4bdd-b858-21105abe18af,2022-12-19,5,120,112.5,130
cf2d5371-bacf-4bdd-b858-21105abe18af,2022-12-26,5,130,122.5,164.95
cf2d5371-bacf-4bdd-b858-21105abe18af,2023-01-02,6,127.5,120,141
cf2d5371-bacf-4bdd-b858-21105abe18af,2023-01-09,4,147.51,109.5,149.99
cf2d5371-bacf-4bdd-b858-21105abe18af,2023-01-16,6,130,107.5,149.99
cf2d5371-bacf-4bdd-b858-21105abe18af,2023-01-23,7,148,102.5,157.53
cf2d5371-bacf-4bdd-b858-21105abe18af,2023-01-30,3,133.18,122.5,285
cf2d5371-bacf-4bdd-b858-21105abe18af,2023-02-06,6,126.25,112.5,160
cf2d5371-bacf-4bdd-b858-21105abe18af,2023-02-13,5,110,107.5,125
cf2d5371-bacf-4bdd-b858-21105abe18af,2023-02-20,8,127.47,100,179.09
cf2d5371-bacf-4bdd-b858-21105abe18af,2023-02-27,5,117.5,110,130
cf2d5371-bacf-4bdd-b858-21105abe18af,2023-03-06,11,110.11,96,126
cf2d5371-bacf-4bdd-b858-21105abe18af,2023-03-13,9,108.01,99,139.95
cf2d5371-bacf-4bdd-b858-21105abe18af,2023-03-20,9,96,91,110
cf2d5371-bacf-4bdd-b858-21105abe18af,2023-03-27,2,116.25,102.5,130
cf2d5371-bacf-4bdd-b858-21105abe18af,2023-04-03,6,102.5,93,130
cf2d5371-bacf-4bdd-b858-21105abe18af,2023-04-10,6,94.5,87,126
cf2d5371-bacf-4bdd-b858-21105abe18af,2023-04-17,5,105,87,109.99
cf2d5371-bacf-4bdd-b858-21105abe18af,2023-04-24,5,99.99,89.99,104.1
cf2d5371-bacf-4bdd-b858-21105abe18af,2023-05-01,5,95,83,100
cf2d5371-bacf-4bdd-b858-21105abe18af,2023-05-08,5,95,88,109.99
cf2d5371-bacf-4bdd-b858-21105abe18af,2023-05-15,4,89,81,124.38
cf2d5371-bacf-4bdd-b858-21105abe18af,2023-05-22,2,86.94,73.89,100
cf2d5371-bacf-4bdd-b858-21105abe18af,2023-05-29,7,93.49,81,105
cf2d5371-bacf-4bdd-b858-21105abe18af,2023-06-05,7,91,65.89,104.99
cf2d5371-bacf-4bdd-b858-21105abe18af,2023-06-12,5,99.98,96,105
cf2d5371-bacf-4bdd-b858-21105abe18af,2023-06-19,8,89.5,70,96
cf2d5371-bacf-4bdd-b858-21105abe18af,2023-06-26,7,90,75.99,100
cf2d5371-bacf-4bdd-b858-21105abe18af,2023-07-03,8,82.5,78,150
cf2d5371-bacf-4bdd-b858-21105abe18af,2023-07-10,2,112.5,109.99,115
cf2d5371-bacf-4bdd-b858-21105abe18af,2023-07-17,4,95.5,60,100
cf2d5371-bacf-4bdd-b858-21105abe18af,2023-07-24,3,100,100,105
cf2d5371-bacf-4bdd-b858-21105abe18af,2023-07-31,5,100,64,104.4
cf2d5371-bacf-4bdd-b858-21105abe18af,2023-08-07,4,101.47,79.2,145.42
cf2d5371-bacf-4bdd-b858-21105abe18af,2023-08-14,3,85,83,99.99
cf2d5371-bacf-4bdd-b858-21105abe18af,2023-08-21,8,90,90,102.06
cf2d5371-bacf-4bdd-b858-21105abe18af,2023-08-28,3,95,85,95
cf2d5371-bacf-4bdd-b858-21105abe18af,2023-09-04,8,88,55.02,98
cf2d5371-bacf-4bdd-b858-21105abe18af,2023-09-11,4,84.01,81,96
cf2d5371-bacf-4bdd-b858-21105abe18af,2023-09-18,2,75.38,67,83.77
cf2d5371-bacf-4bdd-b858-21105abe18af,2023-09-25,2,101.49,82.99,119.99
cf2d5371-bacf-4bdd-b858-21105abe18af,2023-10-02,3,93.95,84.99,99.04
cf2d5371-bacf-4bdd-b858-21105abe18af,2023-10-09,3,75,70,85
cf2d5371-bacf-4bdd-b858-21105abe18af,2023-10-16,6,82,65,94.81
cf2d5371-bacf-4bdd-b858-21105abe18af,2023-10-23,5,69.6,56.02,79.99
cf2d5371-bacf-4bdd-b858-21105abe18af,2023-10-30,5,76,65,89.99
cf2d5371-bacf-4bdd-b858-21105abe18af,2023-11-06,5,68,51.02,92.99
cf2d5371-bacf-4bdd-b858-21105abe18af,2023-11-13,5,68,59.99,80
cf2d5371-bacf-4bdd-b858-21105abe18af,2023-11-20,3,78,70,79.99
cf2d5371-bacf-4bdd-b858-21105abe18af,2023-11-27,11,80,57,85
cf2d5371-bacf-4bdd-b858-21105abe18af,2023-12-04,7,75,70,90
cf2d5371-bacf-4bdd-b858-21105abe18af,2023-12-11,2,78.5,77,80
cf2d5371-bacf-4bdd-b858-21105abe18af,2023-12-18,7,75,69.88,90
cf2d5371-bacf-4bdd-b858-21105abe18af,2023-12-25,3,75,71,89.39
cf2d5371-bacf-4bdd-b858-21105abe18af,2024-01-01,3,89.99,87.24,100
cf2d5371-bacf-4bdd-b858-21105abe18af,2024-01-08,8,84.47,65,101.63
cf2d5371-bacf-4bdd-b858-21105abe18af,2024-01-15,7,85,22.49,90
cf2d5371-bacf-4bdd-b858-21105abe18af,2024-01-22,9,79.99,73.02,85
cf2d5371-bacf-4bdd-b858-21105abe18af,2024-01-29,2,92.5,90,95
cf2d5371-bacf-4bdd-b858-21105abe18af,2024-02-05,5,85,76,96.5
cf2d5371-bacf-4bdd-b858-21105abe18af,2024-02-12,5,76,71,130
cf2d5371-bacf-4bdd-b858-21105abe18af,2024-02-19,3,84,70,84.99
cf2d5371-bacf-4bdd-b858-21105abe18af,2024-02-26,2,101.36,70,132.71
cf2d5371-bacf-4bdd-b858-21105abe18af,2024-03-04,6,81.1,73.2,95
cf2d5371-bacf-4bdd-b858-21105abe18af,2024-03-11,3,94.5,91.01,104.99
cf2d5371-bacf-4bdd-b858-21105abe18af,2024-03-18,4,101.97,90,105.5
cf2d5371-bacf-4bdd-b858-21105abe18af,2024-03-25,2,74.26,68,80.52
cf2d5371-bacf-4bdd-b858-21105abe18af,2024-04-01,7,98,87,113.52
cf2d5371-bacf-4bdd-b858-21105abe18af,2024-04-08,8,100,90,123.11
cf2d5371-bacf-4bdd-b858-21105abe18af,2024-04-15,9,105,100,119.99
cf2d5371-bacf-4bdd-b858-21105abe18af,2024-04-22,5,120,105,145
cf2d5371-bacf-4bdd-b858-21105abe18af,2024-04-29,7,140,117.5,150
cf2d5371-bacf-4bdd-b858-21105abe18af,2024-05-06,4,124.72,115,132.5
cf2d5371-bacf-4bdd-b858-21105abe18af,2024-05-13,4,127.5,83,156.75
cf2d5371-bacf-4bdd-b858-21105abe18af,2024-05-20,9,140,130,160
cf2d5371-bacf-4bdd-b858-21105abe18af,2024-05-27,5,140,127,155
cf2d5371-bacf-4bdd-b858-21105abe18af,2024-06-03,4,150,135,160
cf2d5371-bacf-4bdd-b858-21105abe18af,2024-06-10,6,143.2,99,150.35
cf2d5371-bacf-4bdd-b858-21105abe18af,2024-06-24,5,117.89,112.46,129.99
cf2d5371-bacf-4bdd-b858-21105abe18af,2024-07-01,6,127.43,115,149
cf2d5371-bacf-4bdd-b858-21105abe18af,2024-07-08,5,130,120,140.78
cf2d5371-bacf-4bdd-b858-21105abe18af,2024-07-15,6,127.47,120,141
cf2d5371-bacf-4bdd-b858-21105abe18af,2024-07-22,3,102.5,98.4,120
cf2d5371-bacf-4bdd-b858-21105abe18af,2024-07-29,4,90.5,79,118.95
cf2d5371-bacf-4bdd-b858-21105abe18af,2024-08-05,7,114.99,81,139
cf2d5371-bacf-4bdd-b858-21105abe18af,2024-08-12,6,104.5,83,112.5
cf2d5371-bacf-4bdd-b858-21105abe18af,2024-08-19,5,104,90,150
cf2d5371-bacf-4bdd-b858-21105abe18af,2024-08-26,10,92.5,81,137.96
cf2d5371-bacf-4bdd-b858-21105abe18af,2024-09-02,5,95,71,124.99
cf2d5371-bacf-4bdd-b858-21105abe18af,2024-09-09,3,105.38,79,156.95
cf2d5371-bacf-4bdd-b858-21105abe18af,2024-09-16,5,98.99,89,109.99
cf2d5371-bacf-4bdd-b858-21105abe18af,2024-09-23,1,104.99,104.99,104.99
cf2d5371-bacf-4bdd-b858-21105abe18af,2024-09-30,2,103.77,100,107.53
cf2d5371-bacf-4bdd-b858-21105abe18af,2024-10-07,2,102.5,95,110
cf2d5371-bacf-4bdd-b858-21105abe18af,2024-10-14,3,86,81,99
cf2d5371-bacf-4bdd-b858-21105abe18af,2024-10-21,12,106.5,85.1,146.26
cf2d5371-bacf-4bdd-b858-21105abe18af,2024-10-28,4,102.5,99.01,125.46
cf2d5371-bacf-4bdd-b858-21105abe18af,2024-11-04,5,114.99,91.88,125
cf2d5371-bacf-4bdd-b858-21105abe18af,2024-11-11,7,110,95,124.99
cf2d5371-bacf-4bdd-b858-21105abe18af,2024-11-18,7,105,95.19,124.99
cf2d5371-bacf-4bdd-b858-21105abe18af,2024-11-25,5,112,102.5,125
cf2d5371-bacf-4bdd-b858-21105abe18af,2024-12-02,11,105,76,149.99
cf2d5371-bacf-4bdd-b858-21105abe18af,2024-12-09,9,109.99,100,121
cf2d5371-bacf-4bdd-b858-21105abe18af,2024-12-16,4,102.1,91,121.5
cf2d5371-bacf-4bdd-b858-21105abe18af,2024-12-23,4,120,115,125.4
cf2d5371-bacf-4bdd-b858-21105abe18af,2024-12-30,11,124.95,90,160
cf2d5371-bacf-4bdd-b858-21105abe18af,2025-01-06,20,130,115,167.5
cf2d5371-bacf-4bdd-b858-21105abe18af,2025-01-13,6,149.99,149.95,175
cf2d5371-bacf-4bdd-b858-21105abe18af,2025-01-20,16,160.75,125,225
cf2d5371-bacf-4bdd-b858-21105abe18af,2025-01-27,15,195,155.5,239.89
cf2d5371-bacf-4bdd-b858-21105abe18af,2025-02-03,10,226.25,185,288.99
cf2d5371-bacf-4bdd-b858-21105abe18af,2025-02-10,1,240.5,240.5,240.5
cf2d5371-bacf-4bdd-b858-21105abe18af,2025-02-17,4,253,245,265
cf2d5371-bacf-4bdd-b858-21105abe18af,2025-02-24,10,247.5,212.5,275
cf2d5371-bacf-4bdd-b858-21105abe18af,2025-03-03,7,220.55,181.5,237.5
cf2d5371-bacf-4bdd-b858-21105abe18af,2025-03-10,15,197.5,177.5,219.99
cf2d5371-bacf-4bdd-b858-21105abe18af,2025-03-17,11,204.99,180,215
cf2d5371-bacf-4bdd-b858-21105abe18af,2025-03-24,5,199,188.25,210
cf2d5371-bacf-4bdd-b858-21105abe18af,2025-03-31,10,192.5,160,208.5
cf2d5371-bacf-4bdd-b858-21105abe18af,2025-04-07,7,200,173.5,214.99
cf2d5371-bacf-4bdd-b858-21105abe18af,2025-04-14,8,196.25,167.5,219.99
cf2d5371-bacf-4bdd-b858-21105abe18af,2025-04-21,8,212.03,200,225
cf2d5371-bacf-4bdd-b858-21105abe18af,2025-04-28,5,210,204.5,220
cf2d5371-bacf-4bdd-b858-21105abe18af,2025-05-05,7,195.5,185,229.99
cf2d5371-bacf-4bdd-b858-21105abe18af,2025-05-12,13,200,180,240
cf2d5371-bacf-4bdd-b858-21105abe18af,2025-05-19,14,205,165,365
cf2d5371-bacf-4bdd-b858-21105abe18af,2025-05-26,8,174.58,152.5,219.99
cf2d5371-bacf-4bdd-b858-21105abe18af,2025-06-02,7,187.5,168,195
cf2d5371-bacf-4bdd-b858-21105abe18af,2025-06-09,6,199.99,155.5,221.68
cf2d5371-bacf-4bdd-b858-21105abe18af,2025-06-16,5,187.46,170,199.99
cf2d5371-bacf-4bdd-b858-21105abe18af,2025-06-23,8,188.28,172.5,217.83
cf2d5371-bacf-4bdd-b858-21105abe18af,2025-06-30,8,197.5,177.19,204.75
cf2d5371-bacf-4bdd-b858-21105abe18af,2025-07-07,5,186,180,199.99
cf2d5371-bacf-4bdd-b858-21105abe18af,2025-07-14,7,194.99,190,199.99
cf2d5371-bacf-4bdd-b858-21105abe18af,2025-07-21,5,190,145,190
cf2d5371-bacf-4bdd-b858-21105abe18af,2025-07-28,4,183.68,175,195.5
cf2d5371-bacf-4bdd-b858-21105abe18af,2025-08-04,6,187.5,170,199.99
cf2d5371-bacf-4bdd-b858-21105abe18af,2025-08-11,12,198.08,175,250
cf2d5371-bacf-4bdd-b858-21105abe18af,2025-08-18,17,205,185,249.99
cf2d5371-bacf-4bdd-b858-21105abe18af,2025-08-25,8,265,200,290
cf2d5371-bacf-4bdd-b858-21105abe18af,2025-09-01,8,297,269,306
cf2d5371-bacf-4bdd-b858-21105abe18af,2025-09-08,12,280,200,296
cf2d5371-bacf-4bdd-b858-21105abe18af,2025-09-15,10,370,325,400
cf2d5371-bacf-4bdd-b858-21105abe18af,2025-09-22,12,386.63,336,419
cf2d5371-bacf-4bdd-b858-21105abe18af,2025-09-29,2,365,355,375
cf2d5371-bacf-4bdd-b858-21105abe18af,2025-10-06,7,350,310,380
cf2d5371-bacf-4bdd-b858-21105abe18af,2025-10-13,5,319.99,222.5,350
cf2d5371-bacf-4bdd-b858-21105abe18af,2025-10-20,6,281.75,251.57,345
cf2d5371-bacf-4bdd-b858-21105abe18af,2025-10-27,6,282.5,252,300
cf2d5371-bacf-4bdd-b858-21105abe18af,2025-11-03,3,258,200,369
cf2d5371-bacf-4bdd-b858-21105abe18af,2025-11-10,6,297.37,285,384
cf2d5371-bacf-4bdd-b858-21105abe18af,2025-11-17,9,265,211.5,301.95
cf2d5371-bacf-4bdd-b858-21105abe18af,2025-11-24,8,224.75,200.4,331.01
cf2d5371-bacf-4bdd-b858-21105abe18af,2025-12-01,5,212.5,195,250
cf2d5371-bacf-4bdd-b858-21105abe18af,2025-12-08,8,237.5,207.5,250
cf2d5371-bacf-4bdd-b858-21105abe18af,2025-12-15,7,225,182.5,250
cf2d5371-bacf-4bdd-b858-21105abe18af,2025-12-22,6,216.25,174,320
cf2d5371-bacf-4bdd-b858-21105abe18af,2025-12-29,6,227.75,222.5,240
cf2d5371-bacf-4bdd-b858-21105abe18af,2026-01-05,2,232.5,225,239.99
cf2d5371-bacf-4bdd-b858-21105abe18af,2026-01-12,7,228.5,211.5,240
cf2d5371-bacf-4bdd-b858-21105abe18af,2026-01-19,8,230,200,300
cf2d5371-bacf-4bdd-b858-21105abe18af,2026-01-26,13,222.52,197.5,244.99
cf2d5371-bacf-4bdd-b858-21105abe18af,2026-02-02,5,241.21,214.5,281.39
cf2d5371-bacf-4bdd-b858-21105abe18af,2026-02-09,6,208.88,192.5,250
cf2d5371-bacf-4bdd-b858-21105abe18af,2026-02-16,10,205,192,244
cf2d5371-bacf-4bdd-b858-21105abe18af,2026-02-23,7,210,185,320.29
cf2d5371-bacf-4bdd-b858-21105abe18af,2026-03-02,11,215,190.4,229.99
cf2d5371-bacf-4bdd-b858-21105abe18af,2026-03-09,11,237.99,216,280
cf2d5371-bacf-4bdd-b858-21105abe18af,2026-03-16,14,245,230,287.63
cf2d5371-bacf-4bdd-b858-21105abe18af,2026-03-23,12,251,225,283
cf2d5371-bacf-4bdd-b858-21105abe18af,2026-03-30,18,251.5,220,299
cf2d5371-bacf-4bdd-b858-21105abe18af,2026-04-06,11,270,240,287.5
cf2d5371-bacf-4bdd-b858-21105abe18af,2026-04-13,10,307.5,275,399
cf2d5371-bacf-4bdd-b858-21105abe18af,2026-04-20,15,325,290,359.99
cf2d5371-bacf-4bdd-b858-21105abe18af,2026-04-27,9,305,280.6,400
cf2d5371-bacf-4bdd-b858-21105abe18af,2026-05-04,9,320,260,380
cf2d5371-bacf-4bdd-b858-21105abe18af,2026-05-11,15,359.99,277.2,378
cf2d5371-bacf-4bdd-b858-21105abe18af,2026-05-18,15,374.99,350,400
cf2d5371-bacf-4bdd-b858-21105abe18af,2026-05-25,8,371.94,315,395
cf2d5371-bacf-4bdd-b858-21105abe18af,2026-06-01,17,378.61,345,433.6
cf2d5371-bacf-4bdd-b858-21105abe18af,2026-06-08,4,387.5,364.99,396
cf2d5371-bacf-4bdd-b858-21105abe18af,2026-06-15,10,378.49,360,400
cf2d5371-bacf-4bdd-b858-21105abe18af,2026-06-22,5,358,324,400
cf2d5371-bacf-4bdd-b858-21105abe18af,2026-06-29,5,375,334.8,399.99
cf2d5371-bacf-4bdd-b858-21105abe18af,2026-07-06,4,362.5,355,400.5
cf2d5371-bacf-4bdd-b858-21105abe18af,2026-07-13,3,395,363.71,399.98
cf2d5371-bacf-4bdd-b858-21105abe18af,2026-07-20,5,375,340,449.99
cf2d5371-bacf-4bdd-b858-21105abe18af,2026-07-27,1,400,400,400
cf2d5371-bacf-4bdd-b858-21105abe18af,2026-08-03,8,347.5,313.86,389
cf2d5371-bacf-4bdd-b858-21105abe18af,2026-08-10,4,334.16,288,340
cf2d5371-bacf-4bdd-b858-21105abe18af,2026-08-17,10,336.5,300,365
cf2d5371-bacf-4bdd-b858-21105abe18af,2026-08-24,12,298.5,260,399.99
cf2d5371-bacf-4bdd-b858-21105abe18af,2026-08-31,6,337.77,285,360
cf2d5371-bacf-4bdd-b858-21105abe18af,2026-09-07,4,327.5,264,340
cf2d5371-bacf-4bdd-b858-21105abe18af,2026-09-14,8,303.5,260,350
cf2d5371-bacf-4bdd-b858-21105abe18af,2026-09-21,3,290,250,334.16
cf2ed358-c6d8-4fff-9e6f-d6733075152b,2021-03-22,1,7655,7655,7655
cf2ed358-c6d8-4fff-9e6f-d6733075152b,2021-05-24,1,17877,17877,17877
cf2ed358-c6d8-4fff-9e6f-d6733075152b,2021-07-26,1,10100,10100,10100
cf2ed358-c6d8-4fff-9e6f-d6733075152b,2022-12-05,1,15000,15000,15000
cf2ed358-c6d8-4fff-9e6f-d6733075152b,2022-12-19,1,13692.98,13692.98,13692.98
cf2ed358-c6d8-4fff-9e6f-d6733075152b,2024-05-20,1,19200,19200,19200
cf2ed358-c6d8-4fff-9e6f-d6733075152b,2025-06-30,1,2000,2000,2000
cf2ed358-c6d8-4fff-9e6f-d6733075152b,2025-12-08,1,17220,17220,17220
cf2ed358-c6d8-4fff-9e6f-d6733075152b,2026-01-12,1,100000,100000,100000
cf2ed358-c6d8-4fff-9e6f-d6733075152b,2026-04-06,1,100000,100000,100000
cf2ed358-c6d8-4fff-9e6f-d6733075152b,2026-04-20,1,117600,117600,117600
cf2ed358-c6d8-4fff-9e6f-d6733075152b,2026-05-18,1,101600,101600,101600
cf2ed358-c6d8-4fff-9e6f-d6733075152b,2026-06-08,1,132000,132000,132000
cf2ed358-c6d8-4fff-9e6f-d6733075152b,2026-08-31,1,222000,222000,222000
cf31fdae-d108-400e-babe-a0eae5c069f9,2022-07-18,1,280,280,280
cf31fdae-d108-400e-babe-a0eae5c069f9,2023-04-10,1,89.54,89.54,89.54
cf31fdae-d108-400e-babe-a0eae5c069f9,2023-04-17,1,69.72,69.72,69.72
cf31fdae-d108-400e-babe-a0eae5c069f9,2023-04-24,1,130.5,130.5,130.5
cf31fdae-d108-400e-babe-a0eae5c069f9,2023-06-19,1,67.47,67.47,67.47
cf31fdae-d108-400e-babe-a0eae5c069f9,2023-12-25,1,61.38,61.38,61.38
cf31fdae-d108-400e-babe-a0eae5c069f9,2024-04-22,1,79.75,79.75,79.75
cf31fdae-d108-400e-babe-a0eae5c069f9,2024-07-08,1,96.59,96.59,96.59
cf31fdae-d108-400e-babe-a0eae5c069f9,2025-01-06,1,90,90,90
cf31fdae-d108-400e-babe-a0eae5c069f9,2025-01-20,1,100,100,100
cf31fdae-d108-400e-babe-a0eae5c069f9,2025-06-23,1,126,126,126
cf31fdae-d108-400e-babe-a0eae5c069f9,2025-07-07,1,155,155,155
cf31fdae-d108-400e-babe-a0eae5c069f9,2025-10-20,1,203,203,203
cf31fdae-d108-400e-babe-a0eae5c069f9,2026-01-05,1,500,500,500
cf31fdae-d108-400e-babe-a0eae5c069f9,2026-03-16,1,880,880,880
cf32aefe-407c-40f1-9fa2-04ccb677391b,2025-02-03,1,39,39,39
cf32aefe-407c-40f1-9fa2-04ccb677391b,2026-03-23,1,85.19,85.19,85.19
cf35ff6b-51e3-40f6-9fda-e06b0f216731,2023-04-24,1,192.5,192.5,192.5
cf35ff6b-51e3-40f6-9fda-e06b0f216731,2025-04-14,1,86.4,86.4,86.4
cf35ff6b-51e3-40f6-9fda-e06b0f216731,2025-07-28,1,104.99,104.99,104.99
cf35ff6b-51e3-40f6-9fda-e06b0f216731,2026-03-30,1,263,263,263
cf35ff6b-51e3-40f6-9fda-e06b0f216731,2026-08-31,1,150,150,150
cf3822af-0168-4e00-976c-266b6382153a,2021-06-07,1,500,500,500
cf398995-c692-4e4a-977e-1af2f36e5598,2022-10-10,1,48,48,48
cf398995-c692-4e4a-977e-1af2f36e5598,2023-06-05,1,119.99,119.99,119.99
cf398995-c692-4e4a-977e-1af2f36e5598,2023-07-10,1,52.8,52.8,52.8
cf398995-c692-4e4a-977e-1af2f36e5598,2026-01-26,1,62,62,62
cf398995-c692-4e4a-977e-1af2f36e5598,2026-03-16,1,70,70,70
cf398995-c692-4e4a-977e-1af2f36e5598,2026-04-06,1,177.27,177.27,177.27
cf398995-c692-4e4a-977e-1af2f36e5598,2026-04-13,1,77,77,77
cf398995-c692-4e4a-977e-1af2f36e5598,2026-04-20,1,80,80,80
cf398995-c692-4e4a-977e-1af2f36e5598,2026-08-17,1,135,135,135
cf3d4d65-0abd-4bca-8628-a2d900ce4887,2026-04-20,1,527,527,527
cf3d4d65-0abd-4bca-8628-a2d900ce4887,2026-05-11,1,250,250,250
cf3d4d65-0abd-4bca-8628-a2d900ce4887,2026-05-18,1,250,250,250
cf3d4d65-0abd-4bca-8628-a2d900ce4887,2026-06-15,3,185.5,120,200
cf3d4d65-0abd-4bca-8628-a2d900ce4887,2026-06-22,2,111.75,110,113.5
cf3d4d65-0abd-4bca-8628-a2d900ce4887,2026-06-29,2,120.28,110.56,130
cf3d4d65-0abd-4bca-8628-a2d900ce4887,2026-07-13,9,102.5,81,135
cf3d4d65-0abd-4bca-8628-a2d900ce4887,2026-07-20,3,85,74,109
cf3d4d65-0abd-4bca-8628-a2d900ce4887,2026-07-27,5,78,70,85
cf3d4d65-0abd-4bca-8628-a2d900ce4887,2026-08-03,5,85,68,99.99
cf3d4d65-0abd-4bca-8628-a2d900ce4887,2026-08-10,2,72,72,72
cf3d4d65-0abd-4bca-8628-a2d900ce4887,2026-08-17,9,68,56,75
cf3d4d65-0abd-4bca-8628-a2d900ce4887,2026-08-24,9,60,49,99.99
cf3d4d65-0abd-4bca-8628-a2d900ce4887,2026-08-31,3,55,50,61
cf3d4d65-0abd-4bca-8628-a2d900ce4887,2026-09-07,13,60,36.9,70
cf3d4d65-0abd-4bca-8628-a2d900ce4887,2026-09-14,7,48.77,42,79.99
cf3d4d65-0abd-4bca-8628-a2d900ce4887,2026-09-21,2,46.5,40,53
cf3dcafc-c9d0-4dfc-8ff7-180bc532b73b,2022-07-25,1,20.5,20.5,20.5
cf3dcafc-c9d0-4dfc-8ff7-180bc532b73b,2025-02-10,1,42.47,42.47,42.47
cf3dcafc-c9d0-4dfc-8ff7-180bc532b73b,2026-02-16,1,81.76,81.76,81.76
cf3e2f9d-e94c-4343-b424-d760962380de,2025-02-17,2,263.25,227.5,299
cf3e2f9d-e94c-4343-b424-d760962380de,2025-03-03,2,380,370,390
cf3e2f9d-e94c-4343-b424-d760962380de,2025-03-17,3,370,279.99,380
cf3e2f9d-e94c-4343-b424-d760962380de,2025-03-24,3,332,224.5,350
cf3e2f9d-e94c-4343-b424-d760962380de,2025-03-31,2,297.25,224.5,370
cf3e2f9d-e94c-4343-b424-d760962380de,2025-04-07,2,226.65,214.8,238.5
cf3e2f9d-e94c-4343-b424-d760962380de,2025-04-14,5,203.61,180,247.5
cf3e2f9d-e94c-4343-b424-d760962380de,2025-04-21,1,217.5,217.5,217.5
cf3e2f9d-e94c-4343-b424-d760962380de,2025-04-28,4,203.75,170,264.99
cf3e2f9d-e94c-4343-b424-d760962380de,2025-05-05,5,175,112.5,215.5
cf3e2f9d-e94c-4343-b424-d760962380de,2025-05-12,2,174.5,170,179
cf3e2f9d-e94c-4343-b424-d760962380de,2025-05-19,9,168.5,115.16,320
cf3e2f9d-e94c-4343-b424-d760962380de,2025-05-26,3,189.99,185,215
cf3e2f9d-e94c-4343-b424-d760962380de,2025-06-02,1,195,195,195
cf3e2f9d-e94c-4343-b424-d760962380de,2025-06-09,1,159.5,159.5,159.5
cf3e2f9d-e94c-4343-b424-d760962380de,2025-06-16,2,130.16,119.32,141
cf3e2f9d-e94c-4343-b424-d760962380de,2025-06-23,4,148.25,107.5,175
cf3e2f9d-e94c-4343-b424-d760962380de,2025-07-07,2,140.5,136,145
cf3e2f9d-e94c-4343-b424-d760962380de,2025-07-14,4,140,110.4,175
cf3e2f9d-e94c-4343-b424-d760962380de,2025-07-21,1,160,160,160
cf3e2f9d-e94c-4343-b424-d760962380de,2025-07-28,3,149.95,114.5,150
cf3e2f9d-e94c-4343-b424-d760962380de,2025-08-04,3,136.4,126,160
cf3e2f9d-e94c-4343-b424-d760962380de,2025-08-11,4,149.75,130,162
cf3e2f9d-e94c-4343-b424-d760962380de,2025-08-18,2,153.75,153.5,153.99
cf3e2f9d-e94c-4343-b424-d760962380de,2025-08-25,2,152.55,150.09,155
cf3e2f9d-e94c-4343-b424-d760962380de,2025-09-01,7,139.5,127.5,175
cf3e2f9d-e94c-4343-b424-d760962380de,2025-09-08,2,146.95,135,158.91
cf3e2f9d-e94c-4343-b424-d760962380de,2025-09-15,5,160,140,165
cf3e2f9d-e94c-4343-b424-d760962380de,2025-09-22,8,170,145,175
cf3e2f9d-e94c-4343-b424-d760962380de,2025-09-29,5,162,130.5,249.99
cf3e2f9d-e94c-4343-b424-d760962380de,2025-10-06,4,156.25,150,169.99
cf3e2f9d-e94c-4343-b424-d760962380de,2025-10-13,3,204,165,214.82
cf3e2f9d-e94c-4343-b424-d760962380de,2025-10-20,5,160,137.5,170.5
cf3e2f9d-e94c-4343-b424-d760962380de,2025-10-27,6,162.5,156.17,174.99
cf3e2f9d-e94c-4343-b424-d760962380de,2025-11-03,4,169.99,156.5,172.5
cf3e2f9d-e94c-4343-b424-d760962380de,2025-11-10,1,140.5,140.5,140.5
cf3e2f9d-e94c-4343-b424-d760962380de,2025-11-17,2,121.5,115.5,127.5
cf3e2f9d-e94c-4343-b424-d760962380de,2025-12-01,3,120,112.5,144.99
cf3e2f9d-e94c-4343-b424-d760962380de,2025-12-08,4,151.06,135,160
cf3e2f9d-e94c-4343-b424-d760962380de,2025-12-15,3,108.5,102.5,142.5
cf3e2f9d-e94c-4343-b424-d760962380de,2025-12-22,4,143.75,137.5,149.99
cf3e2f9d-e94c-4343-b424-d760962380de,2025-12-29,3,160,159.99,164
cf3e2f9d-e94c-4343-b424-d760962380de,2026-01-05,3,149.99,115,159.99
cf3e2f9d-e94c-4343-b424-d760962380de,2026-01-12,7,123.5,104.5,164.89
cf3e2f9d-e94c-4343-b424-d760962380de,2026-01-19,3,139.99,112.5,169.62
cf3e2f9d-e94c-4343-b424-d760962380de,2026-01-26,2,135.75,133.99,137.5
cf3e2f9d-e94c-4343-b424-d760962380de,2026-02-02,7,120.5,110,129.99
cf3e2f9d-e94c-4343-b424-d760962380de,2026-02-09,6,115.2,96,160
cf3e2f9d-e94c-4343-b424-d760962380de,2026-02-16,4,114.25,103.61,155
cf3e2f9d-e94c-4343-b424-d760962380de,2026-02-23,6,113.72,110,123
cf3e2f9d-e94c-4343-b424-d760962380de,2026-03-02,4,122.5,93.6,130
cf3e2f9d-e94c-4343-b424-d760962380de,2026-03-09,4,126.19,100,140.5
cf3e2f9d-e94c-4343-b424-d760962380de,2026-03-16,6,135,117.5,140
cf3e2f9d-e94c-4343-b424-d760962380de,2026-03-23,8,137.75,100.8,149.89
cf3e2f9d-e94c-4343-b424-d760962380de,2026-03-30,4,112.51,100,135.5
cf3e2f9d-e94c-4343-b424-d760962380de,2026-04-06,5,135,115,180
cf3e2f9d-e94c-4343-b424-d760962380de,2026-04-13,9,134,110.5,179.03
cf3e2f9d-e94c-4343-b424-d760962380de,2026-04-20,6,123.75,115,150
cf3e2f9d-e94c-4343-b424-d760962380de,2026-04-27,3,132,129.65,136
cf3e2f9d-e94c-4343-b424-d760962380de,2026-05-04,4,138.04,130,147.57
cf3e2f9d-e94c-4343-b424-d760962380de,2026-05-11,14,150,143.5,205.29
cf3e2f9d-e94c-4343-b424-d760962380de,2026-05-18,7,160,126,180
cf3e2f9d-e94c-4343-b424-d760962380de,2026-05-25,15,172.49,145,199.99
cf3e2f9d-e94c-4343-b424-d760962380de,2026-06-01,7,176.77,169.99,200
cf3e2f9d-e94c-4343-b424-d760962380de,2026-06-08,4,195,174.4,200
cf3e2f9d-e94c-4343-b424-d760962380de,2026-06-15,6,185.13,162.5,219.99
cf3e2f9d-e94c-4343-b424-d760962380de,2026-06-22,5,200,180,225
cf3e2f9d-e94c-4343-b424-d760962380de,2026-06-29,1,230,230,230
cf3e2f9d-e94c-4343-b424-d760962380de,2026-07-06,2,246.25,192.5,300
cf3e2f9d-e94c-4343-b424-d760962380de,2026-07-13,2,196.28,192.55,200
cf3e2f9d-e94c-4343-b424-d760962380de,2026-07-27,6,182.25,126,190
cf3e2f9d-e94c-4343-b424-d760962380de,2026-08-03,4,188.25,124.8,226.11
cf3e2f9d-e94c-4343-b424-d760962380de,2026-08-10,2,193.15,171.3,215
cf3e2f9d-e94c-4343-b424-d760962380de,2026-08-17,3,200,165,231.93
cf3e2f9d-e94c-4343-b424-d760962380de,2026-08-24,3,185,180,187.99
cf3e2f9d-e94c-4343-b424-d760962380de,2026-08-31,4,183.75,171.21,194.99
cf3e2f9d-e94c-4343-b424-d760962380de,2026-09-07,3,142.8,142.8,160.4
cf3f7dd8-e007-4711-a0da-31e9405e05cb,2022-05-09,1,15.5,15.5,15.5
cf3f7dd8-e007-4711-a0da-31e9405e05cb,2022-08-22,1,19.2,19.2,19.2
cf3f7dd8-e007-4711-a0da-31e9405e05cb,2023-12-04,1,54,54,54
cf3f7dd8-e007-4711-a0da-31e9405e05cb,2025-05-26,1,22.8,22.8,22.8
cf3f7dd8-e007-4711-a0da-31e9405e05cb,2025-12-15,1,44.99,44.99,44.99
cf3f7dd8-e007-4711-a0da-31e9405e05cb,2026-07-27,1,89.97,89.97,89.97
cf3fd8cf-f859-4375-95e9-fc86069cf20e,2021-05-03,1,50,50,50
cf3fd8cf-f859-4375-95e9-fc86069cf20e,2021-05-10,1,50,50,50
cf3fd8cf-f859-4375-95e9-fc86069cf20e,2021-11-22,1,132.5,132.5,132.5
cf3fd8cf-f859-4375-95e9-fc86069cf20e,2022-02-14,1,36.02,36.02,36.02
cf3fd8cf-f859-4375-95e9-fc86069cf20e,2022-02-28,1,26,26,26
cf3fd8cf-f859-4375-95e9-fc86069cf20e,2022-08-29,1,16.5,16.5,16.5
cf3fd8cf-f859-4375-95e9-fc86069cf20e,2022-09-19,1,35,35,35
cf3fd8cf-f859-4375-95e9-fc86069cf20e,2025-09-08,1,130,130,130
cf40d6cd-57c0-4d94-bf43-7e1573c384e9,2021-04-19,1,102,102,102
cf40d6cd-57c0-4d94-bf43-7e1573c384e9,2021-05-10,1,149.99,149.99,149.99
cf40d6cd-57c0-4d94-bf43-7e1573c384e9,2021-05-24,1,207.5,207.5,207.5
cf40d6cd-57c0-4d94-bf43-7e1573c384e9,2021-06-14,1,222,222,222
cf40d6cd-57c0-4d94-bf43-7e1573c384e9,2021-06-21,1,90,90,90
cf40d6cd-57c0-4d94-bf43-7e1573c384e9,2021-07-19,1,200,200,200
cf40d6cd-57c0-4d94-bf43-7e1573c384e9,2021-09-13,1,125,125,125
cf40d6cd-57c0-4d94-bf43-7e1573c384e9,2021-10-25,2,133,76,189.99
cf40d6cd-57c0-4d94-bf43-7e1573c384e9,2021-11-29,1,101,101,101
cf40d6cd-57c0-4d94-bf43-7e1573c384e9,2021-12-20,1,89.08,89.08,89.08
cf40d6cd-57c0-4d94-bf43-7e1573c384e9,2022-02-28,1,75,75,75
cf40d6cd-57c0-4d94-bf43-7e1573c384e9,2022-05-09,1,125,125,125
cf40d6cd-57c0-4d94-bf43-7e1573c384e9,2022-06-06,1,74.99,74.99,74.99
cf40d6cd-57c0-4d94-bf43-7e1573c384e9,2022-06-13,1,78,78,78
cf40d6cd-57c0-4d94-bf43-7e1573c384e9,2022-07-25,1,45.63,45.63,45.63
cf40d6cd-57c0-4d94-bf43-7e1573c384e9,2022-08-15,1,74,74,74
cf40d6cd-57c0-4d94-bf43-7e1573c384e9,2022-08-29,1,83,83,83
cf40d6cd-57c0-4d94-bf43-7e1573c384e9,2022-12-05,1,250,250,250
cf40d6cd-57c0-4d94-bf43-7e1573c384e9,2022-12-12,1,41.88,41.88,41.88
cf40d6cd-57c0-4d94-bf43-7e1573c384e9,2023-01-02,1,80,80,80
cf40d6cd-57c0-4d94-bf43-7e1573c384e9,2023-01-23,1,36.17,36.17,36.17
cf40d6cd-57c0-4d94-bf43-7e1573c384e9,2023-02-06,1,85,85,85
cf40d6cd-57c0-4d94-bf43-7e1573c384e9,2023-03-06,1,72.01,72.01,72.01
cf40d6cd-57c0-4d94-bf43-7e1573c384e9,2023-03-20,1,99,99,99
cf40d6cd-57c0-4d94-bf43-7e1573c384e9,2023-04-03,1,139.99,139.99,139.99
cf40d6cd-57c0-4d94-bf43-7e1573c384e9,2023-05-22,1,150,150,150
cf40d6cd-57c0-4d94-bf43-7e1573c384e9,2023-05-29,1,34.3,34.3,34.3
cf40d6cd-57c0-4d94-bf43-7e1573c384e9,2023-07-03,1,47,47,47
cf40d6cd-57c0-4d94-bf43-7e1573c384e9,2023-09-04,1,43.2,43.2,43.2
cf40d6cd-57c0-4d94-bf43-7e1573c384e9,2023-09-25,1,41,41,41
cf40d6cd-57c0-4d94-bf43-7e1573c384e9,2023-12-11,1,29.99,29.99,29.99
cf40d6cd-57c0-4d94-bf43-7e1573c384e9,2024-02-19,1,74.4,74.4,74.4
cf40d6cd-57c0-4d94-bf43-7e1573c384e9,2024-04-08,1,79.99,79.99,79.99
cf40d6cd-57c0-4d94-bf43-7e1573c384e9,2024-06-17,2,88.93,37.88,139.98
cf40d6cd-57c0-4d94-bf43-7e1573c384e9,2024-08-19,1,36,36,36
cf40d6cd-57c0-4d94-bf43-7e1573c384e9,2024-09-16,1,66,66,66
cf40d6cd-57c0-4d94-bf43-7e1573c384e9,2024-10-14,1,26,26,26
cf40d6cd-57c0-4d94-bf43-7e1573c384e9,2024-10-21,1,64.8,64.8,64.8
cf40d6cd-57c0-4d94-bf43-7e1573c384e9,2024-11-18,1,36,36,36
cf40d6cd-57c0-4d94-bf43-7e1573c384e9,2025-03-03,1,79.95,79.95,79.95
cf40d6cd-57c0-4d94-bf43-7e1573c384e9,2025-03-10,1,72,72,72
cf40d6cd-57c0-4d94-bf43-7e1573c384e9,2025-06-09,1,82.95,82.95,82.95
cf40d6cd-57c0-4d94-bf43-7e1573c384e9,2025-07-14,1,94,94,94
cf40d6cd-57c0-4d94-bf43-7e1573c384e9,2025-08-25,1,119,119,119
cf40d6cd-57c0-4d94-bf43-7e1573c384e9,2025-09-01,2,103.75,100,107.5
cf40d6cd-57c0-4d94-bf43-7e1573c384e9,2025-09-08,1,210.69,210.69,210.69
cf40d6cd-57c0-4d94-bf43-7e1573c384e9,2025-09-15,2,176.75,150,203.5
cf40d6cd-57c0-4d94-bf43-7e1573c384e9,2025-10-06,1,170.79,170.79,170.79
cf40d6cd-57c0-4d94-bf43-7e1573c384e9,2025-10-13,1,150,150,150
cf40d6cd-57c0-4d94-bf43-7e1573c384e9,2025-10-20,1,186,186,186
cf40d6cd-57c0-4d94-bf43-7e1573c384e9,2026-01-19,1,139.88,139.88,139.88
cf40d6cd-57c0-4d94-bf43-7e1573c384e9,2026-02-23,1,299.99,299.99,299.99
cf40d6cd-57c0-4d94-bf43-7e1573c384e9,2026-04-06,1,132,132,132
cf40d6cd-57c0-4d94-bf43-7e1573c384e9,2026-04-27,1,250,250,250
cf40d6cd-57c0-4d94-bf43-7e1573c384e9,2026-06-22,1,510,510,510
cf40d6cd-57c0-4d94-bf43-7e1573c384e9,2026-07-20,1,316.95,316.95,316.95
cf40d6cd-57c0-4d94-bf43-7e1573c384e9,2026-08-10,3,370.89,345.95,575
cf40d6cd-57c0-4d94-bf43-7e1573c384e9,2026-09-07,1,560,560,560
cf446096-b59e-4729-a7dd-142d2ba404f6,2023-07-03,1,202.5,202.5,202.5
cf446096-b59e-4729-a7dd-142d2ba404f6,2023-07-17,4,129.99,124.5,136
cf446096-b59e-4729-a7dd-142d2ba404f6,2023-07-24,2,124.99,119.99,129.99
cf446096-b59e-4729-a7dd-142d2ba404f6,2023-07-31,9,88.99,71,109.5
cf446096-b59e-4729-a7dd-142d2ba404f6,2023-08-07,7,70,52,76.99
cf446096-b59e-4729-a7dd-142d2ba404f6,2023-08-14,8,75.5,63.5,80
cf446096-b59e-4729-a7dd-142d2ba404f6,2023-08-21,9,59.99,51,79.99
cf446096-b59e-4729-a7dd-142d2ba404f6,2023-08-28,17,49.99,43,101.49
cf446096-b59e-4729-a7dd-142d2ba404f6,2023-09-04,17,47.49,41,62.43
cf446096-b59e-4729-a7dd-142d2ba404f6,2023-09-11,30,47.05,38.7,249.71
cf446096-b59e-4729-a7dd-142d2ba404f6,2023-09-18,21,42,33.32,50
cf446096-b59e-4729-a7dd-142d2ba404f6,2023-09-25,13,41.4,29,67.76
cf446096-b59e-4729-a7dd-142d2ba404f6,2023-10-02,14,42.75,31,64.24
cf446096-b59e-4729-a7dd-142d2ba404f6,2023-10-09,18,39.49,29,59.48
cf446096-b59e-4729-a7dd-142d2ba404f6,2023-10-16,12,42.5,35.99,52.38
cf446096-b59e-4729-a7dd-142d2ba404f6,2023-10-23,14,41.89,35,80
cf446096-b59e-4729-a7dd-142d2ba404f6,2023-10-30,7,41,35,44.4
cf446096-b59e-4729-a7dd-142d2ba404f6,2023-11-06,17,39,32,60.95
cf446096-b59e-4729-a7dd-142d2ba404f6,2023-11-13,15,35,31.01,51.03
cf446096-b59e-4729-a7dd-142d2ba404f6,2023-11-20,21,38.7,33,63.76
cf446096-b59e-4729-a7dd-142d2ba404f6,2023-11-27,17,39.95,31.51,63.47
cf446096-b59e-4729-a7dd-142d2ba404f6,2023-12-04,9,32,26.4,43
cf446096-b59e-4729-a7dd-142d2ba404f6,2023-12-11,12,35.5,28.8,59.73
cf446096-b59e-4729-a7dd-142d2ba404f6,2023-12-18,9,40,33.22,42.45
cf446096-b59e-4729-a7dd-142d2ba404f6,2023-12-25,14,38.7,31.02,46.67
cf446096-b59e-4729-a7dd-142d2ba404f6,2024-01-01,11,42,37.2,48.38
cf446096-b59e-4729-a7dd-142d2ba404f6,2024-01-08,12,42.49,33.6,50
cf446096-b59e-4729-a7dd-142d2ba404f6,2024-01-15,7,42.99,35,54.64
cf446096-b59e-4729-a7dd-142d2ba404f6,2024-01-22,9,37.95,31,58.33
cf446096-b59e-4729-a7dd-142d2ba404f6,2024-01-29,7,40,35.78,62.02
cf446096-b59e-4729-a7dd-142d2ba404f6,2024-02-05,7,38.7,26,53.39
cf446096-b59e-4729-a7dd-142d2ba404f6,2024-02-12,9,40,35,46.99
cf446096-b59e-4729-a7dd-142d2ba404f6,2024-02-19,10,41.2,30,52
cf446096-b59e-4729-a7dd-142d2ba404f6,2024-02-26,6,40.7,33,47
cf446096-b59e-4729-a7dd-142d2ba404f6,2024-03-04,12,35.9,32.4,55.63
cf446096-b59e-4729-a7dd-142d2ba404f6,2024-03-11,8,42,28.35,47
cf446096-b59e-4729-a7dd-142d2ba404f6,2024-03-18,8,46.44,28,64.89
cf446096-b59e-4729-a7dd-142d2ba404f6,2024-03-25,5,39.99,31.2,50.52
cf446096-b59e-4729-a7dd-142d2ba404f6,2024-04-01,6,41.66,29,57.34
cf446096-b59e-4729-a7dd-142d2ba404f6,2024-04-08,10,37.8,35,44.99
cf446096-b59e-4729-a7dd-142d2ba404f6,2024-04-15,8,38.5,31.2,55
cf446096-b59e-4729-a7dd-142d2ba404f6,2024-04-22,6,38.5,34.8,47.45
cf446096-b59e-4729-a7dd-142d2ba404f6,2024-04-29,7,46,34.8,49.95
cf446096-b59e-4729-a7dd-142d2ba404f6,2024-05-06,6,48.33,43,49.99
cf446096-b59e-4729-a7dd-142d2ba404f6,2024-05-13,6,33.92,30,55
cf446096-b59e-4729-a7dd-142d2ba404f6,2024-05-20,11,38,32.4,60.74
cf446096-b59e-4729-a7dd-142d2ba404f6,2024-05-27,8,31.2,31,42.99
cf446096-b59e-4729-a7dd-142d2ba404f6,2024-06-03,5,31.2,31.2,43
cf446096-b59e-4729-a7dd-142d2ba404f6,2024-06-10,5,42,31,51
cf446096-b59e-4729-a7dd-142d2ba404f6,2024-06-17,9,31.2,10.5,45.95
cf446096-b59e-4729-a7dd-142d2ba404f6,2024-06-24,12,31.2,30,50
cf446096-b59e-4729-a7dd-142d2ba404f6,2024-07-01,9,38,34.8,53
cf446096-b59e-4729-a7dd-142d2ba404f6,2024-07-08,9,34.8,31.2,50.55
cf446096-b59e-4729-a7dd-142d2ba404f6,2024-07-15,7,49.99,22,61
cf446096-b59e-4729-a7dd-142d2ba404f6,2024-07-22,11,37.2,31.2,56.71
cf446096-b59e-4729-a7dd-142d2ba404f6,2024-07-29,12,44.5,28,57.62
cf446096-b59e-4729-a7dd-142d2ba404f6,2024-08-05,1,49.99,49.99,49.99
cf446096-b59e-4729-a7dd-142d2ba404f6,2024-08-12,5,50,36,80
cf446096-b59e-4729-a7dd-142d2ba404f6,2024-08-19,1,56.05,56.05,56.05
cf446096-b59e-4729-a7dd-142d2ba404f6,2024-08-26,2,44.4,43.2,45.6
cf446096-b59e-4729-a7dd-142d2ba404f6,2024-09-09,1,37.2,37.2,37.2
cf446096-b59e-4729-a7dd-142d2ba404f6,2024-09-23,3,43.2,36,49.2
cf446096-b59e-4729-a7dd-142d2ba404f6,2024-09-30,2,45.3,45,45.6
cf446096-b59e-4729-a7dd-142d2ba404f6,2024-10-14,1,45.6,45.6,45.6
cf446096-b59e-4729-a7dd-142d2ba404f6,2024-10-21,2,47.33,44.9,49.75
cf446096-b59e-4729-a7dd-142d2ba404f6,2024-10-28,3,53.99,51,59.99
cf446096-b59e-4729-a7dd-142d2ba404f6,2024-11-04,2,42.62,39,46.25
cf446096-b59e-4729-a7dd-142d2ba404f6,2024-11-11,1,55.2,55.2,55.2
cf446096-b59e-4729-a7dd-142d2ba404f6,2024-11-18,1,71.39,71.39,71.39
cf446096-b59e-4729-a7dd-142d2ba404f6,2024-11-25,3,60.37,46.8,64.95
cf446096-b59e-4729-a7dd-142d2ba404f6,2024-12-02,2,54.7,35,74.4
cf446096-b59e-4729-a7dd-142d2ba404f6,2024-12-09,1,112,112,112
cf446096-b59e-4729-a7dd-142d2ba404f6,2024-12-23,1,69,69,69
cf446096-b59e-4729-a7dd-142d2ba404f6,2024-12-30,3,68.38,61,77.06
cf446096-b59e-4729-a7dd-142d2ba404f6,2025-01-06,3,69.95,66,93.6
cf446096-b59e-4729-a7dd-142d2ba404f6,2025-01-13,3,65,61,81.6
cf446096-b59e-4729-a7dd-142d2ba404f6,2025-01-20,2,76.5,70,83
cf446096-b59e-4729-a7dd-142d2ba404f6,2025-01-27,1,51,51,51
cf446096-b59e-4729-a7dd-142d2ba404f6,2025-02-03,2,76.5,70,82.99
cf446096-b59e-4729-a7dd-142d2ba404f6,2025-02-10,1,103.83,103.83,103.83
cf446096-b59e-4729-a7dd-142d2ba404f6,2025-02-17,3,81.6,79,86.4
cf446096-b59e-4729-a7dd-142d2ba404f6,2025-02-24,2,65.5,50,80.99
cf446096-b59e-4729-a7dd-142d2ba404f6,2025-03-03,4,85.69,72,93.78
cf446096-b59e-4729-a7dd-142d2ba404f6,2025-03-10,4,72.5,65,76.8
cf446096-b59e-4729-a7dd-142d2ba404f6,2025-03-17,2,78.8,69.6,88
cf446096-b59e-4729-a7dd-142d2ba404f6,2025-04-14,1,62.4,62.4,62.4
cf446096-b59e-4729-a7dd-142d2ba404f6,2025-04-28,1,74,74,74
cf446096-b59e-4729-a7dd-142d2ba404f6,2025-05-05,1,76,76,76
cf446096-b59e-4729-a7dd-142d2ba404f6,2025-05-12,4,74.9,69,77
cf446096-b59e-4729-a7dd-142d2ba404f6,2025-05-19,17,77,61,98
cf446096-b59e-4729-a7dd-142d2ba404f6,2025-05-26,6,77.5,64,80.96
cf446096-b59e-4729-a7dd-142d2ba404f6,2025-06-09,2,70.5,70,71
cf446096-b59e-4729-a7dd-142d2ba404f6,2025-07-07,1,108,108,108
cf446096-b59e-4729-a7dd-142d2ba404f6,2025-07-14,1,95,95,95
cf446096-b59e-4729-a7dd-142d2ba404f6,2025-07-21,4,91,82,105.6
cf446096-b59e-4729-a7dd-142d2ba404f6,2025-07-28,1,98,98,98
cf446096-b59e-4729-a7dd-142d2ba404f6,2025-08-04,1,99.99,99.99,99.99
cf446096-b59e-4729-a7dd-142d2ba404f6,2025-08-11,2,105.55,81.6,129.49
cf446096-b59e-4729-a7dd-142d2ba404f6,2025-08-18,1,99.1,99.1,99.1
cf446096-b59e-4729-a7dd-142d2ba404f6,2025-09-01,1,110.4,110.4,110.4
cf446096-b59e-4729-a7dd-142d2ba404f6,2025-09-15,3,120,110,125
cf446096-b59e-4729-a7dd-142d2ba404f6,2025-10-06,1,96,96,96
cf446096-b59e-4729-a7dd-142d2ba404f6,2025-10-13,4,154.5,126.5,192.12
cf446096-b59e-4729-a7dd-142d2ba404f6,2025-10-20,1,96,96,96
cf446096-b59e-4729-a7dd-142d2ba404f6,2025-10-27,3,129.5,120,138
cf446096-b59e-4729-a7dd-142d2ba404f6,2025-11-03,2,130,120,140
cf446096-b59e-4729-a7dd-142d2ba404f6,2025-11-10,2,99.6,79.2,120
cf446096-b59e-4729-a7dd-142d2ba404f6,2025-11-17,3,99.9,99.6,108
cf446096-b59e-4729-a7dd-142d2ba404f6,2025-11-24,8,123.5,85.52,140.5
cf446096-b59e-4729-a7dd-142d2ba404f6,2025-12-01,10,121.81,93,160
cf446096-b59e-4729-a7dd-142d2ba404f6,2025-12-08,5,132.5,114,143
cf446096-b59e-4729-a7dd-142d2ba404f6,2025-12-15,9,130,111,141.04
cf446096-b59e-4729-a7dd-142d2ba404f6,2025-12-22,8,121.25,102,130
cf446096-b59e-4729-a7dd-142d2ba404f6,2025-12-29,4,132.5,120,149.99
cf446096-b59e-4729-a7dd-142d2ba404f6,2026-01-05,9,135,116.5,152.5
cf446096-b59e-4729-a7dd-142d2ba404f6,2026-01-12,12,134,37,150
cf446096-b59e-4729-a7dd-142d2ba404f6,2026-01-19,12,138.94,125,149.99
cf446096-b59e-4729-a7dd-142d2ba404f6,2026-01-26,8,134.5,120,149.99
cf446096-b59e-4729-a7dd-142d2ba404f6,2026-02-02,8,131,113.5,143.5
cf446096-b59e-4729-a7dd-142d2ba404f6,2026-02-09,7,132.5,115.79,149.99
cf446096-b59e-4729-a7dd-142d2ba404f6,2026-02-16,9,136.5,129.61,149.23
cf446096-b59e-4729-a7dd-142d2ba404f6,2026-02-23,20,137.5,110,159.99
cf446096-b59e-4729-a7dd-142d2ba404f6,2026-03-02,11,135,117.6,155
cf446096-b59e-4729-a7dd-142d2ba404f6,2026-03-09,17,149.95,105,315
cf446096-b59e-4729-a7dd-142d2ba404f6,2026-03-16,10,142.75,120,195
cf446096-b59e-4729-a7dd-142d2ba404f6,2026-03-23,10,149.14,134.3,232.96
cf446096-b59e-4729-a7dd-142d2ba404f6,2026-03-30,12,150,138.5,594.01
cf446096-b59e-4729-a7dd-142d2ba404f6,2026-04-06,18,155.25,123.5,175
cf446096-b59e-4729-a7dd-142d2ba404f6,2026-04-13,11,159,135,200.5
cf446096-b59e-4729-a7dd-142d2ba404f6,2026-04-20,16,168.75,138.03,199
cf446096-b59e-4729-a7dd-142d2ba404f6,2026-04-27,12,193.75,150,310
cf446096-b59e-4729-a7dd-142d2ba404f6,2026-05-04,9,180,165,222.5
cf446096-b59e-4729-a7dd-142d2ba404f6,2026-05-11,16,181.5,153,230.5
cf446096-b59e-4729-a7dd-142d2ba404f6,2026-05-18,13,202.5,165,238.8
cf446096-b59e-4729-a7dd-142d2ba404f6,2026-05-25,4,213.75,185.5,240
cf446096-b59e-4729-a7dd-142d2ba404f6,2026-06-01,12,208.38,194,240.83
cf446096-b59e-4729-a7dd-142d2ba404f6,2026-06-08,4,219.86,200.5,231.36
cf446096-b59e-4729-a7dd-142d2ba404f6,2026-06-15,9,214.95,198.5,225
cf446096-b59e-4729-a7dd-142d2ba404f6,2026-06-22,6,230,180,249.99
cf446096-b59e-4729-a7dd-142d2ba404f6,2026-06-29,5,184.35,172.5,217.91
cf446096-b59e-4729-a7dd-142d2ba404f6,2026-07-06,8,183.32,152.4,220
cf446096-b59e-4729-a7dd-142d2ba404f6,2026-07-13,11,182.5,126,214.99
cf446096-b59e-4729-a7dd-142d2ba404f6,2026-07-20,12,194,162.5,215
cf446096-b59e-4729-a7dd-142d2ba404f6,2026-07-27,9,177.5,137.5,199.99
cf446096-b59e-4729-a7dd-142d2ba404f6,2026-08-03,10,187.25,143.4,220
cf446096-b59e-4729-a7dd-142d2ba404f6,2026-08-10,5,185,172.36,202.5
cf446096-b59e-4729-a7dd-142d2ba404f6,2026-08-17,11,185,169.5,199.99
cf446096-b59e-4729-a7dd-142d2ba404f6,2026-08-24,7,169.99,130,172.5
cf446096-b59e-4729-a7dd-142d2ba404f6,2026-08-31,9,167.5,127.88,177
cf446096-b59e-4729-a7dd-142d2ba404f6,2026-09-07,12,166.25,135.6,220.37
cf446096-b59e-4729-a7dd-142d2ba404f6,2026-09-14,8,164.19,150,177.5
cf446096-b59e-4729-a7dd-142d2ba404f6,2026-09-21,5,150.35,144.35,169.49
cf464e56-10ef-42c9-a2ca-bf50099c199a,2023-06-12,1,20.5,20.5,20.5
cf464e56-10ef-42c9-a2ca-bf50099c199a,2023-12-11,1,15.5,15.5,15.5
cf464e56-10ef-42c9-a2ca-bf50099c199a,2026-02-16,1,40,40,40
cf4ae11e-da5c-451d-bd96-6d6eec165cb0,2021-05-31,3,38,34,42
cf4ae11e-da5c-451d-bd96-6d6eec165cb0,2021-06-07,1,41,41,41
cf4ae11e-da5c-451d-bd96-6d6eec165cb0,2021-07-05,1,80,80,80
cf4ae11e-da5c-451d-bd96-6d6eec165cb0,2021-08-09,1,63.16,63.16,63.16
cf4ae11e-da5c-451d-bd96-6d6eec165cb0,2021-08-16,2,38.01,36.02,40
cf4ae11e-da5c-451d-bd96-6d6eec165cb0,2021-08-23,1,55,55,55
cf4ae11e-da5c-451d-bd96-6d6eec165cb0,2021-11-08,1,36.55,36.55,36.55
cf4ae11e-da5c-451d-bd96-6d6eec165cb0,2022-01-03,1,28,28,28
cf4ae11e-da5c-451d-bd96-6d6eec165cb0,2022-01-10,1,24.6,24.6,24.6
cf4ae11e-da5c-451d-bd96-6d6eec165cb0,2022-01-31,1,22.02,22.02,22.02
cf4ae11e-da5c-451d-bd96-6d6eec165cb0,2022-03-14,1,37.5,37.5,37.5
cf4ae11e-da5c-451d-bd96-6d6eec165cb0,2022-06-27,1,22.5,22.5,22.5
cf4ae11e-da5c-451d-bd96-6d6eec165cb0,2022-07-04,2,22.5,20,25
cf4ae11e-da5c-451d-bd96-6d6eec165cb0,2022-07-18,1,18.02,18.02,18.02
cf4ae11e-da5c-451d-bd96-6d6eec165cb0,2022-07-25,3,20.5,20.5,22.52
cf4ae11e-da5c-451d-bd96-6d6eec165cb0,2022-08-01,1,20,20,20
cf4ae11e-da5c-451d-bd96-6d6eec165cb0,2022-08-08,6,19.62,17.06,22.52
cf4ae11e-da5c-451d-bd96-6d6eec165cb0,2022-08-15,3,16.5,13.02,22.99
cf4ae11e-da5c-451d-bd96-6d6eec165cb0,2022-08-22,2,18.99,18,19.99
cf4ae11e-da5c-451d-bd96-6d6eec165cb0,2022-08-29,3,20,13.02,41.09
cf4ae11e-da5c-451d-bd96-6d6eec165cb0,2022-09-05,3,20,18.5,24
cf4ae11e-da5c-451d-bd96-6d6eec165cb0,2022-09-12,4,22.27,22,22.52
cf4ae11e-da5c-451d-bd96-6d6eec165cb0,2022-09-19,7,19.99,13.5,25
cf4ae11e-da5c-451d-bd96-6d6eec165cb0,2022-09-26,8,19,12.5,23
cf4ae11e-da5c-451d-bd96-6d6eec165cb0,2022-10-03,3,19.99,18.5,22.5
cf4ae11e-da5c-451d-bd96-6d6eec165cb0,2022-10-10,2,22.73,22.5,22.97
cf4ae11e-da5c-451d-bd96-6d6eec165cb0,2022-10-17,1,20,20,20
cf4ae11e-da5c-451d-bd96-6d6eec165cb0,2022-10-24,7,20,15.5,22
cf4ae11e-da5c-451d-bd96-6d6eec165cb0,2022-10-31,6,22.51,18,29
cf4ae11e-da5c-451d-bd96-6d6eec165cb0,2022-11-07,3,15.5,10.5,18.5
cf4ae11e-da5c-451d-bd96-6d6eec165cb0,2022-11-14,3,19.99,17.88,20
cf4ae11e-da5c-451d-bd96-6d6eec165cb0,2022-11-28,4,17.5,16.5,24.95
cf4ae11e-da5c-451d-bd96-6d6eec165cb0,2022-12-05,2,17.49,15,19.99
cf4ae11e-da5c-451d-bd96-6d6eec165cb0,2022-12-12,2,19.94,17.36,22.52
cf4ae11e-da5c-451d-bd96-6d6eec165cb0,2022-12-19,2,21.01,19.5,22.52
cf4ae11e-da5c-451d-bd96-6d6eec165cb0,2022-12-26,5,18.5,13.52,20.4
cf4ae11e-da5c-451d-bd96-6d6eec165cb0,2023-01-02,1,20,20,20
cf4ae11e-da5c-451d-bd96-6d6eec165cb0,2023-01-16,3,20,15.51,24.99
cf4ae11e-da5c-451d-bd96-6d6eec165cb0,2023-01-30,3,20.5,18.99,37.46
cf4ae11e-da5c-451d-bd96-6d6eec165cb0,2023-02-06,1,28.5,28.5,28.5
cf4ae11e-da5c-451d-bd96-6d6eec165cb0,2023-02-13,2,15.62,6.66,24.59
cf4ae11e-da5c-451d-bd96-6d6eec165cb0,2023-02-20,2,18.25,16,20.5
cf4ae11e-da5c-451d-bd96-6d6eec165cb0,2023-03-06,1,39.64,39.64,39.64
cf4ae11e-da5c-451d-bd96-6d6eec165cb0,2023-03-13,2,16.45,14.9,18
cf4ae11e-da5c-451d-bd96-6d6eec165cb0,2023-03-20,1,19.2,19.2,19.2
cf4ae11e-da5c-451d-bd96-6d6eec165cb0,2023-04-03,2,14.24,6.5,21.99
cf4ae11e-da5c-451d-bd96-6d6eec165cb0,2023-04-24,1,18.99,18.99,18.99
cf4ae11e-da5c-451d-bd96-6d6eec165cb0,2023-05-29,2,19.24,13.5,24.99
cf4ae11e-da5c-451d-bd96-6d6eec165cb0,2023-06-05,1,14.99,14.99,14.99
cf4ae11e-da5c-451d-bd96-6d6eec165cb0,2023-07-03,1,14,14,14
cf4ae11e-da5c-451d-bd96-6d6eec165cb0,2023-07-24,1,18,18,18
cf4ae11e-da5c-451d-bd96-6d6eec165cb0,2023-07-31,3,20.5,17.5,22.5
cf4ae11e-da5c-451d-bd96-6d6eec165cb0,2023-08-14,3,20,18.5,22.8
cf4ae11e-da5c-451d-bd96-6d6eec165cb0,2023-08-21,1,30,30,30
cf4ae11e-da5c-451d-bd96-6d6eec165cb0,2023-08-28,1,20.4,20.4,20.4
cf4ae11e-da5c-451d-bd96-6d6eec165cb0,2023-09-11,3,16.99,15.51,24.99
cf4ae11e-da5c-451d-bd96-6d6eec165cb0,2023-10-09,1,17.99,17.99,17.99
cf4ae11e-da5c-451d-bd96-6d6eec165cb0,2023-10-30,1,28.5,28.5,28.5
cf4ae11e-da5c-451d-bd96-6d6eec165cb0,2023-11-06,1,20.99,20.99,20.99
cf4ae11e-da5c-451d-bd96-6d6eec165cb0,2023-12-04,2,13.09,10.67,15.5
cf4ae11e-da5c-451d-bd96-6d6eec165cb0,2023-12-11,1,13.5,13.5,13.5
cf4ae11e-da5c-451d-bd96-6d6eec165cb0,2024-01-01,1,22.72,22.72,22.72
cf4ae11e-da5c-451d-bd96-6d6eec165cb0,2024-02-05,1,11.54,11.54,11.54
cf4ae11e-da5c-451d-bd96-6d6eec165cb0,2024-02-12,2,17.74,15.5,19.99
cf4ae11e-da5c-451d-bd96-6d6eec165cb0,2024-02-26,2,19.52,14.05,25
cf4ae11e-da5c-451d-bd96-6d6eec165cb0,2024-03-11,2,18.88,15.5,22.25
cf4ae11e-da5c-451d-bd96-6d6eec165cb0,2024-03-18,1,18.88,18.88,18.88
cf4ae11e-da5c-451d-bd96-6d6eec165cb0,2024-04-22,1,24.79,24.79,24.79
cf4ae11e-da5c-451d-bd96-6d6eec165cb0,2024-06-24,1,22.67,22.67,22.67
cf4ae11e-da5c-451d-bd96-6d6eec165cb0,2024-07-01,1,19.2,19.2,19.2
cf4ae11e-da5c-451d-bd96-6d6eec165cb0,2024-07-22,3,18,10.5,24.99
cf4ae11e-da5c-451d-bd96-6d6eec165cb0,2024-09-09,2,20.99,18,23.99
cf4ae11e-da5c-451d-bd96-6d6eec165cb0,2024-11-04,1,22.39,22.39,22.39
cf4ae11e-da5c-451d-bd96-6d6eec165cb0,2024-11-25,1,19.99,19.99,19.99
cf4ae11e-da5c-451d-bd96-6d6eec165cb0,2024-12-02,1,21.24,21.24,21.24
cf4ae11e-da5c-451d-bd96-6d6eec165cb0,2024-12-09,1,19.99,19.99,19.99
cf4ae11e-da5c-451d-bd96-6d6eec165cb0,2024-12-16,1,20,20,20
cf4ae11e-da5c-451d-bd96-6d6eec165cb0,2025-01-13,1,24.95,24.95,24.95
cf4ae11e-da5c-451d-bd96-6d6eec165cb0,2025-01-27,1,20.5,20.5,20.5
cf4ae11e-da5c-451d-bd96-6d6eec165cb0,2025-02-03,1,25,25,25
cf4ae11e-da5c-451d-bd96-6d6eec165cb0,2025-02-24,2,17.75,15.5,20
cf4ae11e-da5c-451d-bd96-6d6eec165cb0,2025-03-10,1,25,25,25
cf4ae11e-da5c-451d-bd96-6d6eec165cb0,2025-03-17,1,29.99,29.99,29.99
cf4ae11e-da5c-451d-bd96-6d6eec165cb0,2025-03-24,1,10.5,10.5,10.5
cf4ae11e-da5c-451d-bd96-6d6eec165cb0,2025-03-31,1,16.5,16.5,16.5
cf4ae11e-da5c-451d-bd96-6d6eec165cb0,2025-04-14,2,21.25,15.5,27
cf4ae11e-da5c-451d-bd96-6d6eec165cb0,2025-07-14,1,18.5,18.5,18.5
cf4ae11e-da5c-451d-bd96-6d6eec165cb0,2025-07-21,3,29.99,23,30
cf4ae11e-da5c-451d-bd96-6d6eec165cb0,2025-08-11,3,29.99,25,35
cf4ae11e-da5c-451d-bd96-6d6eec165cb0,2025-09-01,12,29.99,29.99,34.99
cf4ae11e-da5c-451d-bd96-6d6eec165cb0,2025-10-27,1,24,24,24
cf4ae11e-da5c-451d-bd96-6d6eec165cb0,2025-12-01,1,16.5,16.5,16.5
cf4ae11e-da5c-451d-bd96-6d6eec165cb0,2025-12-15,1,21.76,21.76,21.76
cf4ae11e-da5c-451d-bd96-6d6eec165cb0,2025-12-22,1,13.01,13.01,13.01
cf4ae11e-da5c-451d-bd96-6d6eec165cb0,2026-02-09,1,22.5,22.5,22.5
cf4ae11e-da5c-451d-bd96-6d6eec165cb0,2026-02-23,1,15,15,15
cf4ae11e-da5c-451d-bd96-6d6eec165cb0,2026-03-09,1,34.99,34.99,34.99
cf4ae11e-da5c-451d-bd96-6d6eec165cb0,2026-04-06,1,28,28,28
cf4ae11e-da5c-451d-bd96-6d6eec165cb0,2026-04-27,1,36,36,36
cf4ae11e-da5c-451d-bd96-6d6eec165cb0,2026-05-04,1,33,33,33
cf4ae11e-da5c-451d-bd96-6d6eec165cb0,2026-05-25,2,32.5,25,39.99
cf4ae11e-da5c-451d-bd96-6d6eec165cb0,2026-06-01,1,35,35,35
cf4ae11e-da5c-451d-bd96-6d6eec165cb0,2026-06-22,1,50,50,50
cf4ae11e-da5c-451d-bd96-6d6eec165cb0,2026-06-29,2,31,26,36
cf4ae11e-da5c-451d-bd96-6d6eec165cb0,2026-08-24,1,38,38,38
cf4ae11e-da5c-451d-bd96-6d6eec165cb0,2026-08-31,1,35,35,35
cf4ae11e-da5c-451d-bd96-6d6eec165cb0,2026-09-07,1,39.99,39.99,39.99
cf4ae11e-da5c-451d-bd96-6d6eec165cb0,2026-09-14,2,31.5,31,32
cf4c39b4-54a5-4ebb-bbe5-8a01a2076ddb,2022-05-02,1,198,198,198
cf4c39b4-54a5-4ebb-bbe5-8a01a2076ddb,2023-07-17,1,363,363,363
cf4c39b4-54a5-4ebb-bbe5-8a01a2076ddb,2026-03-16,1,850,850,850
cf51d3c4-7833-4070-9bac-5c8f5ec60187,2025-08-18,2,31.5,26,37
cf51d3c4-7833-4070-9bac-5c8f5ec60187,2025-09-29,1,75,75,75
cf51d3c4-7833-4070-9bac-5c8f5ec60187,2025-10-27,1,125,125,125
cf51d3c4-7833-4070-9bac-5c8f5ec60187,2025-11-10,1,30,30,30
cf51d3c4-7833-4070-9bac-5c8f5ec60187,2025-11-17,1,18.5,18.5,18.5
cf51d3c4-7833-4070-9bac-5c8f5ec60187,2025-11-24,2,38.74,16.49,61
cf51d3c4-7833-4070-9bac-5c8f5ec60187,2025-12-08,1,48,48,48
cf51d3c4-7833-4070-9bac-5c8f5ec60187,2025-12-29,1,15.5,15.5,15.5
cf51d3c4-7833-4070-9bac-5c8f5ec60187,2026-01-05,2,33,33,33
cf51d3c4-7833-4070-9bac-5c8f5ec60187,2026-02-16,2,26,26,26
cf51d3c4-7833-4070-9bac-5c8f5ec60187,2026-03-02,2,53.98,52.95,55
cf51d3c4-7833-4070-9bac-5c8f5ec60187,2026-03-09,1,31,31,31
cf51d3c4-7833-4070-9bac-5c8f5ec60187,2026-03-16,1,12.5,12.5,12.5
cf51d3c4-7833-4070-9bac-5c8f5ec60187,2026-04-20,2,79.5,59.99,99
cf51d3c4-7833-4070-9bac-5c8f5ec60187,2026-05-11,1,119.93,119.93,119.93
cf51d3c4-7833-4070-9bac-5c8f5ec60187,2026-06-08,2,85,59.99,110
cf51d3c4-7833-4070-9bac-5c8f5ec60187,2026-06-15,1,45,45,45
cf51d3c4-7833-4070-9bac-5c8f5ec60187,2026-07-06,2,67.12,41,93.25
cf51d3c4-7833-4070-9bac-5c8f5ec60187,2026-08-10,1,33,33,33
cf51d3c4-7833-4070-9bac-5c8f5ec60187,2026-08-17,1,28.88,28.88,28.88
cf51d3c4-7833-4070-9bac-5c8f5ec60187,2026-09-21,1,41,41,41
cf52b5a4-9163-46a3-ad66-d433f65b28f7,2021-08-16,1,149.99,149.99,149.99
cf52b5a4-9163-46a3-ad66-d433f65b28f7,2021-09-27,1,29.99,29.99,29.99
cf52b5a4-9163-46a3-ad66-d433f65b28f7,2021-11-22,1,31.06,31.06,31.06
cf52b5a4-9163-46a3-ad66-d433f65b28f7,2021-11-29,1,14.5,14.5,14.5
cf52b5a4-9163-46a3-ad66-d433f65b28f7,2022-04-18,1,21.06,21.06,21.06
cf52b5a4-9163-46a3-ad66-d433f65b28f7,2022-06-06,1,29.81,29.81,29.81
cf52b5a4-9163-46a3-ad66-d433f65b28f7,2022-07-11,1,25,25,25
cf52b5a4-9163-46a3-ad66-d433f65b28f7,2025-04-21,1,32.4,32.4,32.4
cf52b5a4-9163-46a3-ad66-d433f65b28f7,2026-03-09,1,89.99,89.99,89.99
cf52b5a4-9163-46a3-ad66-d433f65b28f7,2026-07-20,1,73,73,73
cf55421e-dc71-452e-8efb-8b5f2593bfd5,2026-09-14,1,216000,216000,216000
cf55b40c-4412-4e84-93c3-7fef0a0f1041,2021-08-09,1,125,125,125
cf55b40c-4412-4e84-93c3-7fef0a0f1041,2022-09-26,1,175,175,175
cf55b40c-4412-4e84-93c3-7fef0a0f1041,2022-10-17,1,199.99,199.99,199.99
cf55b40c-4412-4e84-93c3-7fef0a0f1041,2023-02-06,1,119.86,119.86,119.86
cf55b40c-4412-4e84-93c3-7fef0a0f1041,2023-02-13,1,255,255,255
cf55b40c-4412-4e84-93c3-7fef0a0f1041,2023-03-06,1,199.95,199.95,199.95
cf55b40c-4412-4e84-93c3-7fef0a0f1041,2023-08-07,1,407.07,407.07,407.07
cf55b40c-4412-4e84-93c3-7fef0a0f1041,2023-11-20,1,177.5,177.5,177.5
cf55b40c-4412-4e84-93c3-7fef0a0f1041,2024-01-08,1,174.99,174.99,174.99
cf55b40c-4412-4e84-93c3-7fef0a0f1041,2024-07-01,1,135,135,135
cf55b40c-4412-4e84-93c3-7fef0a0f1041,2024-07-29,1,103.2,103.2,103.2
cf55b40c-4412-4e84-93c3-7fef0a0f1041,2024-10-07,1,180,180,180
cf55b40c-4412-4e84-93c3-7fef0a0f1041,2024-10-21,1,140.5,140.5,140.5
cf55b40c-4412-4e84-93c3-7fef0a0f1041,2024-11-04,1,126,126,126
cf55b40c-4412-4e84-93c3-7fef0a0f1041,2025-02-17,1,129.5,129.5,129.5
cf55b40c-4412-4e84-93c3-7fef0a0f1041,2025-05-05,2,258.72,132,385.44
cf55b40c-4412-4e84-93c3-7fef0a0f1041,2025-06-02,1,159.99,159.99,159.99
cf55b40c-4412-4e84-93c3-7fef0a0f1041,2025-06-23,2,206.5,150,263
cf55b40c-4412-4e84-93c3-7fef0a0f1041,2025-07-07,1,127.5,127.5,127.5
cf55b40c-4412-4e84-93c3-7fef0a0f1041,2025-09-22,1,152.5,152.5,152.5
cf55b40c-4412-4e84-93c3-7fef0a0f1041,2025-10-06,1,199,199,199
cf55b40c-4412-4e84-93c3-7fef0a0f1041,2025-10-13,1,138,138,138
cf55b40c-4412-4e84-93c3-7fef0a0f1041,2025-10-20,1,113.5,113.5,113.5
cf55b40c-4412-4e84-93c3-7fef0a0f1041,2025-11-03,1,119.99,119.99,119.99
cf55b40c-4412-4e84-93c3-7fef0a0f1041,2025-11-10,1,150,150,150
cf55b40c-4412-4e84-93c3-7fef0a0f1041,2026-01-05,1,96.9,96.9,96.9
cf55b40c-4412-4e84-93c3-7fef0a0f1041,2026-02-02,1,179.99,179.99,179.99
cf55b40c-4412-4e84-93c3-7fef0a0f1041,2026-02-09,1,119.78,119.78,119.78
cf55b40c-4412-4e84-93c3-7fef0a0f1041,2026-05-04,1,153.5,153.5,153.5
cf55b40c-4412-4e84-93c3-7fef0a0f1041,2026-05-25,1,111,111,111
cf55b40c-4412-4e84-93c3-7fef0a0f1041,2026-07-13,1,122.6,122.6,122.6
cf55b40c-4412-4e84-93c3-7fef0a0f1041,2026-08-10,2,144.99,139.99,149.99
cf55b40c-4412-4e84-93c3-7fef0a0f1041,2026-08-17,1,131.41,131.41,131.41
cf55b40c-4412-4e84-93c3-7fef0a0f1041,2026-09-14,1,144.91,144.91,144.91
cf5aeddc-2566-4e71-b95e-e9986324f86b,2026-07-13,1,135.01,135.01,135.01
cf607771-14e3-4295-bc1f-d8117d609bcb,2023-08-28,1,102.65,102.65,102.65
cf6583c3-c421-44c1-aa6f-7543a7f31ee5,2024-03-18,1,157.53,157.53,157.53
cf6583c3-c421-44c1-aa6f-7543a7f31ee5,2025-04-14,1,55.2,55.2,55.2
cf6583c3-c421-44c1-aa6f-7543a7f31ee5,2025-05-26,1,150,150,150
cf6583c3-c421-44c1-aa6f-7543a7f31ee5,2025-06-30,1,289.99,289.99,289.99
cf6583c3-c421-44c1-aa6f-7543a7f31ee5,2025-07-07,1,202.5,202.5,202.5
cf666b39-9d16-42bc-be43-ad6959684d5c,2023-07-31,1,30,30,30
cf666b39-9d16-42bc-be43-ad6959684d5c,2023-08-28,1,34.33,34.33,34.33
cf666b39-9d16-42bc-be43-ad6959684d5c,2024-01-29,1,60,60,60
cf666b39-9d16-42bc-be43-ad6959684d5c,2024-04-22,1,100,100,100
cf666b39-9d16-42bc-be43-ad6959684d5c,2024-06-24,1,100,100,100
cf666b39-9d16-42bc-be43-ad6959684d5c,2024-07-08,1,155,155,155
cf666b39-9d16-42bc-be43-ad6959684d5c,2024-07-22,1,160,160,160
cf666b39-9d16-42bc-be43-ad6959684d5c,2024-09-02,1,140.39,140.39,140.39
cf666b39-9d16-42bc-be43-ad6959684d5c,2024-10-07,1,107.36,107.36,107.36
cf666b39-9d16-42bc-be43-ad6959684d5c,2024-11-04,1,46,46,46
cf666b39-9d16-42bc-be43-ad6959684d5c,2024-11-11,1,90,90,90
cf666b39-9d16-42bc-be43-ad6959684d5c,2024-11-25,1,130,130,130
cf666b39-9d16-42bc-be43-ad6959684d5c,2024-12-30,1,76,76,76
cf666b39-9d16-42bc-be43-ad6959684d5c,2025-01-20,1,74.99,74.99,74.99
cf666b39-9d16-42bc-be43-ad6959684d5c,2025-02-24,1,144.74,144.74,144.74
cf666b39-9d16-42bc-be43-ad6959684d5c,2025-04-21,1,90,90,90
cf666b39-9d16-42bc-be43-ad6959684d5c,2025-05-19,1,56,56,56
cf666b39-9d16-42bc-be43-ad6959684d5c,2025-06-02,2,87.75,58,117.5
cf666b39-9d16-42bc-be43-ad6959684d5c,2025-06-09,1,150,150,150
cf666b39-9d16-42bc-be43-ad6959684d5c,2025-06-16,2,83.54,81.08,86
cf666b39-9d16-42bc-be43-ad6959684d5c,2025-07-07,1,26,26,26
cf666b39-9d16-42bc-be43-ad6959684d5c,2025-08-25,1,140,140,140
cf666b39-9d16-42bc-be43-ad6959684d5c,2025-09-01,2,137.97,135.93,140
cf666b39-9d16-42bc-be43-ad6959684d5c,2025-09-15,1,129.99,129.99,129.99
cf666b39-9d16-42bc-be43-ad6959684d5c,2025-09-22,3,160,149,199.99
cf666b39-9d16-42bc-be43-ad6959684d5c,2025-12-22,1,351.08,351.08,351.08
cf666b39-9d16-42bc-be43-ad6959684d5c,2025-12-29,1,212.5,212.5,212.5
cf666b39-9d16-42bc-be43-ad6959684d5c,2026-02-09,2,219,212.5,225.5
cf666b39-9d16-42bc-be43-ad6959684d5c,2026-02-23,1,299.99,299.99,299.99
cf666b39-9d16-42bc-be43-ad6959684d5c,2026-03-23,2,242.5,229,256
cf666b39-9d16-42bc-be43-ad6959684d5c,2026-03-30,2,273.74,217.47,330
cf666b39-9d16-42bc-be43-ad6959684d5c,2026-04-06,2,312.85,310.69,315
cf666b39-9d16-42bc-be43-ad6959684d5c,2026-04-20,1,349.99,349.99,349.99
cf666b39-9d16-42bc-be43-ad6959684d5c,2026-05-04,1,375,375,375
cf666b39-9d16-42bc-be43-ad6959684d5c,2026-05-18,1,530,530,530
cf666b39-9d16-42bc-be43-ad6959684d5c,2026-06-22,2,493,456,530
cf666b39-9d16-42bc-be43-ad6959684d5c,2026-06-29,1,450,450,450
cf666b39-9d16-42bc-be43-ad6959684d5c,2026-07-13,1,355,355,355
cf666b39-9d16-42bc-be43-ad6959684d5c,2026-07-20,3,550,455,600
cf666b39-9d16-42bc-be43-ad6959684d5c,2026-08-10,1,511,511,511
cf666b39-9d16-42bc-be43-ad6959684d5c,2026-08-17,2,407.05,388.1,426
cf666b39-9d16-42bc-be43-ad6959684d5c,2026-08-31,1,457,457,457
cf670d34-fb7f-468c-80f8-1d6d054fe4b1,2021-07-26,1,102.5,102.5,102.5
cf670d34-fb7f-468c-80f8-1d6d054fe4b1,2022-08-29,3,58.57,30.5,100
cf670d34-fb7f-468c-80f8-1d6d054fe4b1,2022-09-12,1,56,56,56
cf670d34-fb7f-468c-80f8-1d6d054fe4b1,2022-09-19,1,26.57,26.57,26.57
cf670d34-fb7f-468c-80f8-1d6d054fe4b1,2022-10-10,1,85,85,85
cf670d34-fb7f-468c-80f8-1d6d054fe4b1,2022-10-31,1,65,65,65
cf670d34-fb7f-468c-80f8-1d6d054fe4b1,2022-11-28,2,32.45,27.53,37.37
cf670d34-fb7f-468c-80f8-1d6d054fe4b1,2022-12-05,2,46.37,27.74,65
cf670d34-fb7f-468c-80f8-1d6d054fe4b1,2022-12-19,1,40,40,40
cf670d34-fb7f-468c-80f8-1d6d054fe4b1,2022-12-26,1,12.88,12.88,12.88
cf670d34-fb7f-468c-80f8-1d6d054fe4b1,2023-01-09,1,42.48,42.48,42.48
cf670d34-fb7f-468c-80f8-1d6d054fe4b1,2023-01-30,1,26.88,26.88,26.88
cf670d34-fb7f-468c-80f8-1d6d054fe4b1,2023-05-01,2,31,30,32
cf670d34-fb7f-468c-80f8-1d6d054fe4b1,2023-06-05,1,26.88,26.88,26.88
cf670d34-fb7f-468c-80f8-1d6d054fe4b1,2023-07-10,1,28,28,28
cf670d34-fb7f-468c-80f8-1d6d054fe4b1,2023-07-17,3,36,33,39
cf670d34-fb7f-468c-80f8-1d6d054fe4b1,2023-07-31,3,35,27,53
cf670d34-fb7f-468c-80f8-1d6d054fe4b1,2023-09-04,1,30,30,30
cf670d34-fb7f-468c-80f8-1d6d054fe4b1,2023-10-16,1,50,50,50
cf670d34-fb7f-468c-80f8-1d6d054fe4b1,2023-10-23,1,49.99,49.99,49.99
cf670d34-fb7f-468c-80f8-1d6d054fe4b1,2023-12-11,1,49.85,49.85,49.85
cf670d34-fb7f-468c-80f8-1d6d054fe4b1,2024-01-08,1,41.65,41.65,41.65
cf670d34-fb7f-468c-80f8-1d6d054fe4b1,2024-03-18,1,34.33,34.33,34.33
cf670d34-fb7f-468c-80f8-1d6d054fe4b1,2024-03-25,1,60,60,60
cf670d34-fb7f-468c-80f8-1d6d054fe4b1,2024-04-15,1,17.5,17.5,17.5
cf670d34-fb7f-468c-80f8-1d6d054fe4b1,2024-04-29,1,39.99,39.99,39.99
cf670d34-fb7f-468c-80f8-1d6d054fe4b1,2024-05-27,1,32.99,32.99,32.99
cf670d34-fb7f-468c-80f8-1d6d054fe4b1,2024-07-15,2,38.5,37,40
cf670d34-fb7f-468c-80f8-1d6d054fe4b1,2024-09-02,1,31.2,31.2,31.2
cf670d34-fb7f-468c-80f8-1d6d054fe4b1,2024-09-16,1,25,25,25
cf670d34-fb7f-468c-80f8-1d6d054fe4b1,2024-10-21,2,50.98,50,51.95
cf670d34-fb7f-468c-80f8-1d6d054fe4b1,2024-10-28,1,39.95,39.95,39.95
cf670d34-fb7f-468c-80f8-1d6d054fe4b1,2024-11-18,1,35,35,35
cf670d34-fb7f-468c-80f8-1d6d054fe4b1,2024-12-23,2,42.5,35,50
cf670d34-fb7f-468c-80f8-1d6d054fe4b1,2025-03-10,1,26,26,26
cf670d34-fb7f-468c-80f8-1d6d054fe4b1,2025-04-28,1,14.39,14.39,14.39
cf670d34-fb7f-468c-80f8-1d6d054fe4b1,2025-05-12,2,36.02,25.03,47
cf670d34-fb7f-468c-80f8-1d6d054fe4b1,2025-05-26,1,28.5,28.5,28.5
cf670d34-fb7f-468c-80f8-1d6d054fe4b1,2025-06-02,1,39.99,39.99,39.99
cf670d34-fb7f-468c-80f8-1d6d054fe4b1,2025-06-09,1,49,49,49
cf670d34-fb7f-468c-80f8-1d6d054fe4b1,2025-06-16,1,60,60,60
cf670d34-fb7f-468c-80f8-1d6d054fe4b1,2025-07-28,2,54.71,49.99,59.43
cf670d34-fb7f-468c-80f8-1d6d054fe4b1,2025-09-01,1,83,83,83
cf670d34-fb7f-468c-80f8-1d6d054fe4b1,2025-10-06,1,200,200,200
cf670d34-fb7f-468c-80f8-1d6d054fe4b1,2025-10-20,1,199,199,199
cf670d34-fb7f-468c-80f8-1d6d054fe4b1,2025-12-01,1,105.5,105.5,105.5
cf670d34-fb7f-468c-80f8-1d6d054fe4b1,2025-12-15,1,95,95,95
cf670d34-fb7f-468c-80f8-1d6d054fe4b1,2025-12-22,1,129.99,129.99,129.99
cf670d34-fb7f-468c-80f8-1d6d054fe4b1,2025-12-29,1,179.99,179.99,179.99
cf670d34-fb7f-468c-80f8-1d6d054fe4b1,2026-01-05,1,124.99,124.99,124.99
cf670d34-fb7f-468c-80f8-1d6d054fe4b1,2026-01-12,1,78,78,78
cf670d34-fb7f-468c-80f8-1d6d054fe4b1,2026-01-19,1,245,245,245
cf670d34-fb7f-468c-80f8-1d6d054fe4b1,2026-02-02,1,150,150,150
cf670d34-fb7f-468c-80f8-1d6d054fe4b1,2026-02-09,1,113,113,113
cf670d34-fb7f-468c-80f8-1d6d054fe4b1,2026-02-16,2,190,180,199.99
cf670d34-fb7f-468c-80f8-1d6d054fe4b1,2026-02-23,1,190,190,190
cf670d34-fb7f-468c-80f8-1d6d054fe4b1,2026-03-16,1,160,160,160
cf670d34-fb7f-468c-80f8-1d6d054fe4b1,2026-03-23,2,125.75,93,158.5
cf670d34-fb7f-468c-80f8-1d6d054fe4b1,2026-04-06,1,148.38,148.38,148.38
cf670d34-fb7f-468c-80f8-1d6d054fe4b1,2026-04-20,1,160,160,160
cf670d34-fb7f-468c-80f8-1d6d054fe4b1,2026-04-27,2,157.5,152.5,162.5
cf670d34-fb7f-468c-80f8-1d6d054fe4b1,2026-05-04,1,143.5,143.5,143.5
cf670d34-fb7f-468c-80f8-1d6d054fe4b1,2026-05-11,2,156.75,153.5,160
cf670d34-fb7f-468c-80f8-1d6d054fe4b1,2026-05-18,2,179.84,159.68,199.99
cf670d34-fb7f-468c-80f8-1d6d054fe4b1,2026-05-25,1,100,100,100
cf670d34-fb7f-468c-80f8-1d6d054fe4b1,2026-06-01,1,193.5,193.5,193.5
cf670d34-fb7f-468c-80f8-1d6d054fe4b1,2026-06-08,2,167.47,160,174.95
cf670d34-fb7f-468c-80f8-1d6d054fe4b1,2026-06-22,1,160,160,160
cf670d34-fb7f-468c-80f8-1d6d054fe4b1,2026-06-29,2,152.25,139.5,165
cf670d34-fb7f-468c-80f8-1d6d054fe4b1,2026-07-06,1,169.99,169.99,169.99
cf670d34-fb7f-468c-80f8-1d6d054fe4b1,2026-07-27,1,130,130,130
cf670d34-fb7f-468c-80f8-1d6d054fe4b1,2026-08-03,1,165,165,165
cf670d34-fb7f-468c-80f8-1d6d054fe4b1,2026-08-10,1,152.5,152.5,152.5
cf670d34-fb7f-468c-80f8-1d6d054fe4b1,2026-08-24,2,170,160,179.99
cf670d34-fb7f-468c-80f8-1d6d054fe4b1,2026-08-31,1,189,189,189
cf670d34-fb7f-468c-80f8-1d6d054fe4b1,2026-09-14,1,160,160,160
cf670d34-fb7f-468c-80f8-1d6d054fe4b1,2026-09-21,1,139.99,139.99,139.99
cf68b727-822c-4497-a985-c409b7b9e3bb,2022-08-22,1,81,81,81
cf68b727-822c-4497-a985-c409b7b9e3bb,2022-11-28,1,37,37,37
cf68b727-822c-4497-a985-c409b7b9e3bb,2025-04-28,1,135,135,135
cf68b727-822c-4497-a985-c409b7b9e3bb,2025-09-15,1,105.21,105.21,105.21
cf68b727-822c-4497-a985-c409b7b9e3bb,2025-12-22,1,400,400,400
cf68b727-822c-4497-a985-c409b7b9e3bb,2026-04-27,1,1475,1475,1475
cf68b727-822c-4497-a985-c409b7b9e3bb,2026-06-29,1,1094.69,1094.69,1094.69
cf68c3b4-8cdf-47e0-a71d-6bba214c0484,2021-11-08,1,735.16,735.16,735.16
cf68c3b4-8cdf-47e0-a71d-6bba214c0484,2022-05-16,1,560,560,560
cf68c3b4-8cdf-47e0-a71d-6bba214c0484,2022-07-04,1,456,456,456
cf68c3b4-8cdf-47e0-a71d-6bba214c0484,2022-07-18,2,458,416,500
cf68c3b4-8cdf-47e0-a71d-6bba214c0484,2022-11-28,1,429.62,429.62,429.62
cf68c3b4-8cdf-47e0-a71d-6bba214c0484,2023-08-07,1,530.69,530.69,530.69
cf68c3b4-8cdf-47e0-a71d-6bba214c0484,2024-12-30,1,500,500,500
cf68c3b4-8cdf-47e0-a71d-6bba214c0484,2025-02-03,1,1000,1000,1000
cf68c3b4-8cdf-47e0-a71d-6bba214c0484,2025-03-24,1,630,630,630
cf68c3b4-8cdf-47e0-a71d-6bba214c0484,2025-04-21,1,623,623,623
cf68c3b4-8cdf-47e0-a71d-6bba214c0484,2025-05-19,1,591.69,591.69,591.69
cf68c3b4-8cdf-47e0-a71d-6bba214c0484,2025-07-21,1,750,750,750
cf68c3b4-8cdf-47e0-a71d-6bba214c0484,2025-08-04,1,1000,1000,1000
cf68c3b4-8cdf-47e0-a71d-6bba214c0484,2025-09-01,1,1091.12,1091.12,1091.12
cf68c3b4-8cdf-47e0-a71d-6bba214c0484,2025-09-29,2,1352.92,1156,1549.84
cf68c3b4-8cdf-47e0-a71d-6bba214c0484,2025-12-29,1,1760,1760,1760
cf68c3b4-8cdf-47e0-a71d-6bba214c0484,2026-02-16,1,4000,4000,4000
cf68c3b4-8cdf-47e0-a71d-6bba214c0484,2026-03-23,1,6600,6600,6600
cf68c3b4-8cdf-47e0-a71d-6bba214c0484,2026-04-13,2,4130,4060,4200
cf68c3b4-8cdf-47e0-a71d-6bba214c0484,2026-05-25,1,3650,3650,3650
cf68c3b4-8cdf-47e0-a71d-6bba214c0484,2026-06-22,1,6118.8,6118.8,6118.8
cf68c3b4-8cdf-47e0-a71d-6bba214c0484,2026-06-29,1,4906.84,4906.84,4906.84
cf68c3b4-8cdf-47e0-a71d-6bba214c0484,2026-07-06,1,3777,3777,3777
cf68c3b4-8cdf-47e0-a71d-6bba214c0484,2026-07-20,1,5700,5700,5700
cf68c3b4-8cdf-47e0-a71d-6bba214c0484,2026-07-27,1,2619.69,2619.69,2619.69
cf68c3b4-8cdf-47e0-a71d-6bba214c0484,2026-08-31,3,4999.99,4900,5000
cf69b96e-b485-4ec8-965d-ed6bc5e29e98,2024-12-09,2,736.25,722.49,750
cf69b96e-b485-4ec8-965d-ed6bc5e29e98,2024-12-16,7,600,599.99,735.99
cf69b96e-b485-4ec8-965d-ed6bc5e29e98,2024-12-23,4,553.94,425,615
cf69b96e-b485-4ec8-965d-ed6bc5e29e98,2024-12-30,11,479,450,599.99
cf69b96e-b485-4ec8-965d-ed6bc5e29e98,2025-01-06,10,550.5,520,590
cf69b96e-b485-4ec8-965d-ed6bc5e29e98,2025-01-13,12,524,470,590
cf69b96e-b485-4ec8-965d-ed6bc5e29e98,2025-01-20,18,463,355,569.12
cf69b96e-b485-4ec8-965d-ed6bc5e29e98,2025-01-27,19,365,291,465
cf69b96e-b485-4ec8-965d-ed6bc5e29e98,2025-02-03,14,295,260.75,365
cf69b96e-b485-4ec8-965d-ed6bc5e29e98,2025-02-10,18,284.38,250,309.99
cf69b96e-b485-4ec8-965d-ed6bc5e29e98,2025-02-17,17,255,197.5,355
cf69b96e-b485-4ec8-965d-ed6bc5e29e98,2025-02-24,28,233.75,167.5,305
cf69b96e-b485-4ec8-965d-ed6bc5e29e98,2025-03-03,13,222.5,202.5,300
cf69b96e-b485-4ec8-965d-ed6bc5e29e98,2025-03-10,22,227.5,199,285
cf69b96e-b485-4ec8-965d-ed6bc5e29e98,2025-03-17,25,203.01,186.87,239.99
cf69b96e-b485-4ec8-965d-ed6bc5e29e98,2025-03-24,18,201,154.5,250.13
cf69b96e-b485-4ec8-965d-ed6bc5e29e98,2025-03-31,27,202.5,152.5,349.97
cf69b96e-b485-4ec8-965d-ed6bc5e29e98,2025-04-07,13,200,148.01,229.03
cf69b96e-b485-4ec8-965d-ed6bc5e29e98,2025-04-14,19,189.99,151.5,229.99
cf69b96e-b485-4ec8-965d-ed6bc5e29e98,2025-04-21,9,173.5,137.5,285.26
cf69b96e-b485-4ec8-965d-ed6bc5e29e98,2025-04-28,7,180.5,135.73,209.5
cf69b96e-b485-4ec8-965d-ed6bc5e29e98,2025-05-05,14,165,145,195
cf69b96e-b485-4ec8-965d-ed6bc5e29e98,2025-05-12,9,163,147.5,182.5
cf69b96e-b485-4ec8-965d-ed6bc5e29e98,2025-05-19,3,160,143,179.99
cf69b96e-b485-4ec8-965d-ed6bc5e29e98,2025-05-26,11,147.5,105,180
cf69b96e-b485-4ec8-965d-ed6bc5e29e98,2025-06-02,14,152.25,120,199.99
cf69b96e-b485-4ec8-965d-ed6bc5e29e98,2025-06-09,5,145,136.03,170
cf69b96e-b485-4ec8-965d-ed6bc5e29e98,2025-06-16,10,151,142.5,620
cf69b96e-b485-4ec8-965d-ed6bc5e29e98,2025-06-23,4,161,127.5,180
cf69b96e-b485-4ec8-965d-ed6bc5e29e98,2025-06-30,5,143,140,154.95
cf69b96e-b485-4ec8-965d-ed6bc5e29e98,2025-07-07,4,145,133.58,205.73
cf69b96e-b485-4ec8-965d-ed6bc5e29e98,2025-07-14,8,145.95,130,179.04
cf69b96e-b485-4ec8-965d-ed6bc5e29e98,2025-07-21,8,133.12,112,171.43
cf69b96e-b485-4ec8-965d-ed6bc5e29e98,2025-07-28,4,139,125.08,144.99
cf69b96e-b485-4ec8-965d-ed6bc5e29e98,2025-08-04,3,140,140,153.27
cf69b96e-b485-4ec8-965d-ed6bc5e29e98,2025-08-11,6,171.65,110,263.32
cf69b96e-b485-4ec8-965d-ed6bc5e29e98,2025-08-18,4,135.53,130,160
cf69b96e-b485-4ec8-965d-ed6bc5e29e98,2025-08-25,16,131.75,105.5,155
cf69b96e-b485-4ec8-965d-ed6bc5e29e98,2025-09-01,9,135,120,210.79
cf69b96e-b485-4ec8-965d-ed6bc5e29e98,2025-09-08,10,134.85,124.99,187.74
cf69b96e-b485-4ec8-965d-ed6bc5e29e98,2025-09-15,14,145,108,169.99
cf69b96e-b485-4ec8-965d-ed6bc5e29e98,2025-09-22,10,141.25,113.5,229.99
cf69b96e-b485-4ec8-965d-ed6bc5e29e98,2025-09-29,4,138,131,188.5
cf69b96e-b485-4ec8-965d-ed6bc5e29e98,2025-10-06,12,150,128,185
cf69b96e-b485-4ec8-965d-ed6bc5e29e98,2025-10-13,13,149.99,122,232.13
cf69b96e-b485-4ec8-965d-ed6bc5e29e98,2025-10-20,7,158,150,167.44
cf69b96e-b485-4ec8-965d-ed6bc5e29e98,2025-10-27,6,151.9,118.5,160
cf69b96e-b485-4ec8-965d-ed6bc5e29e98,2025-11-03,10,145.6,124.5,170
cf69b96e-b485-4ec8-965d-ed6bc5e29e98,2025-11-10,1,133.7,133.7,133.7
cf69b96e-b485-4ec8-965d-ed6bc5e29e98,2025-11-17,3,140,91,154.99
cf69b96e-b485-4ec8-965d-ed6bc5e29e98,2025-11-24,5,120,102.6,173.99
cf69b96e-b485-4ec8-965d-ed6bc5e29e98,2025-12-01,2,119.87,109.73,130
cf69b96e-b485-4ec8-965d-ed6bc5e29e98,2025-12-08,10,134.75,129.99,159
cf69b96e-b485-4ec8-965d-ed6bc5e29e98,2025-12-15,3,149.99,118,154.98
cf69b96e-b485-4ec8-965d-ed6bc5e29e98,2025-12-22,6,120.75,85.1,130.55
cf69b96e-b485-4ec8-965d-ed6bc5e29e98,2025-12-29,4,126.75,114.99,149.99
cf69b96e-b485-4ec8-965d-ed6bc5e29e98,2026-01-05,8,130,99,138
cf69b96e-b485-4ec8-965d-ed6bc5e29e98,2026-01-12,8,135,102,150.16
cf69b96e-b485-4ec8-965d-ed6bc5e29e98,2026-01-19,6,123.75,92,144
cf69b96e-b485-4ec8-965d-ed6bc5e29e98,2026-01-26,5,133.5,128.25,150
cf69b96e-b485-4ec8-965d-ed6bc5e29e98,2026-02-02,6,119.43,100,150
cf69b96e-b485-4ec8-965d-ed6bc5e29e98,2026-02-09,4,122.5,92.5,130
cf69b96e-b485-4ec8-965d-ed6bc5e29e98,2026-02-16,9,115,60,170.5
cf69b96e-b485-4ec8-965d-ed6bc5e29e98,2026-02-23,7,135,100,170.09
cf69b96e-b485-4ec8-965d-ed6bc5e29e98,2026-03-02,7,117.5,99.99,160.28
cf69b96e-b485-4ec8-965d-ed6bc5e29e98,2026-03-09,5,125,109.8,157.5
cf69b96e-b485-4ec8-965d-ed6bc5e29e98,2026-03-16,4,134,123.8,149.99
cf69b96e-b485-4ec8-965d-ed6bc5e29e98,2026-03-23,21,155,117.5,170
cf69b96e-b485-4ec8-965d-ed6bc5e29e98,2026-03-30,24,181.75,136.53,240.5
cf69b96e-b485-4ec8-965d-ed6bc5e29e98,2026-04-06,23,265,159.99,300
cf69b96e-b485-4ec8-965d-ed6bc5e29e98,2026-04-13,2,272.57,265.14,280
cf69b96e-b485-4ec8-965d-ed6bc5e29e98,2026-04-20,16,270,160,350
cf69b96e-b485-4ec8-965d-ed6bc5e29e98,2026-04-27,5,300,242.5,338
cf69b96e-b485-4ec8-965d-ed6bc5e29e98,2026-05-04,2,221.22,202.5,239.95
cf69b96e-b485-4ec8-965d-ed6bc5e29e98,2026-05-11,11,202.55,185.9,235
cf69b96e-b485-4ec8-965d-ed6bc5e29e98,2026-05-18,6,205,192,219.95
cf69b96e-b485-4ec8-965d-ed6bc5e29e98,2026-05-25,6,210.25,204,240
cf69b96e-b485-4ec8-965d-ed6bc5e29e98,2026-06-01,3,194.6,189,197.5
cf69b96e-b485-4ec8-965d-ed6bc5e29e98,2026-06-08,7,182.5,160,204
cf69b96e-b485-4ec8-965d-ed6bc5e29e98,2026-06-15,15,190.42,157.58,242.25
cf69b96e-b485-4ec8-965d-ed6bc5e29e98,2026-06-22,3,179,145.5,181.72
cf69b96e-b485-4ec8-965d-ed6bc5e29e98,2026-06-29,5,150,127.74,185
cf69b96e-b485-4ec8-965d-ed6bc5e29e98,2026-07-06,7,178,149.5,201.05
cf69b96e-b485-4ec8-965d-ed6bc5e29e98,2026-07-13,6,148.25,122.5,228.8
cf69b96e-b485-4ec8-965d-ed6bc5e29e98,2026-07-20,7,148.5,125,237.9
cf69b96e-b485-4ec8-965d-ed6bc5e29e98,2026-07-27,6,165.31,112.5,188.33
cf69b96e-b485-4ec8-965d-ed6bc5e29e98,2026-08-03,8,158.47,80,251.24
cf69b96e-b485-4ec8-965d-ed6bc5e29e98,2026-08-10,4,228.79,135.5,298.99
cf69b96e-b485-4ec8-965d-ed6bc5e29e98,2026-08-17,8,161.05,130,212.3
cf69b96e-b485-4ec8-965d-ed6bc5e29e98,2026-08-24,3,149.99,138.02,205.21
cf69b96e-b485-4ec8-965d-ed6bc5e29e98,2026-08-31,5,127.5,107.76,145
cf69b96e-b485-4ec8-965d-ed6bc5e29e98,2026-09-07,10,140.87,115,194.94
cf69b96e-b485-4ec8-965d-ed6bc5e29e98,2026-09-14,4,116.66,80.15,145
cf69b96e-b485-4ec8-965d-ed6bc5e29e98,2026-09-21,2,64,57,71
cf69e8f1-04a3-40c9-8926-018f9f77702f,2023-12-04,1,46,46,46
cf69e8f1-04a3-40c9-8926-018f9f77702f,2023-12-18,2,31,30,32
cf69e8f1-04a3-40c9-8926-018f9f77702f,2024-01-01,2,36.25,34.99,37.51
cf69e8f1-04a3-40c9-8926-018f9f77702f,2024-01-08,1,18,18,18
cf69e8f1-04a3-40c9-8926-018f9f77702f,2024-01-15,5,27.55,18,49.38
cf69e8f1-04a3-40c9-8926-018f9f77702f,2024-01-22,9,21.96,14,51
cf69e8f1-04a3-40c9-8926-018f9f77702f,2024-01-29,2,25.98,25.19,26.77
cf69e8f1-04a3-40c9-8926-018f9f77702f,2024-02-05,7,16.8,11.5,29.55
cf69e8f1-04a3-40c9-8926-018f9f77702f,2024-02-12,4,19.2,16,20.4
cf69e8f1-04a3-40c9-8926-018f9f77702f,2024-02-19,1,20.14,20.14,20.14
cf69e8f1-04a3-40c9-8926-018f9f77702f,2024-02-26,1,18,18,18
cf69e8f1-04a3-40c9-8926-018f9f77702f,2024-03-04,4,17.13,14.91,27.81
cf69e8f1-04a3-40c9-8926-018f9f77702f,2024-03-11,4,16.2,8.5,25
cf69e8f1-04a3-40c9-8926-018f9f77702f,2024-03-18,1,18,18,18
cf69e8f1-04a3-40c9-8926-018f9f77702f,2024-03-25,3,18,16.8,36
cf69e8f1-04a3-40c9-8926-018f9f77702f,2024-04-01,6,14.82,12.2,18
cf69e8f1-04a3-40c9-8926-018f9f77702f,2024-04-08,2,15.6,15.6,15.6
cf69e8f1-04a3-40c9-8926-018f9f77702f,2024-04-15,2,18,18,18
cf69e8f1-04a3-40c9-8926-018f9f77702f,2024-04-22,1,5.5,5.5,5.5
cf69e8f1-04a3-40c9-8926-018f9f77702f,2024-04-29,2,19.4,16,22.8
cf69e8f1-04a3-40c9-8926-018f9f77702f,2024-05-06,2,13.75,11.5,16
cf69e8f1-04a3-40c9-8926-018f9f77702f,2024-05-13,1,29.99,29.99,29.99
cf69e8f1-04a3-40c9-8926-018f9f77702f,2024-05-20,1,15.6,15.6,15.6
cf69e8f1-04a3-40c9-8926-018f9f77702f,2024-05-27,1,17.5,17.5,17.5
cf69e8f1-04a3-40c9-8926-018f9f77702f,2024-06-17,2,14,9.5,18.5
cf69e8f1-04a3-40c9-8926-018f9f77702f,2024-06-24,1,20.23,20.23,20.23
cf69e8f1-04a3-40c9-8926-018f9f77702f,2024-07-01,3,17.11,16.5,18.34
cf69e8f1-04a3-40c9-8926-018f9f77702f,2024-07-08,1,23.99,23.99,23.99
cf69e8f1-04a3-40c9-8926-018f9f77702f,2024-07-29,2,24.75,14.5,35
cf69e8f1-04a3-40c9-8926-018f9f77702f,2024-08-05,1,15.5,15.5,15.5
cf69e8f1-04a3-40c9-8926-018f9f77702f,2024-08-12,2,16.5,14.5,18.5
cf69e8f1-04a3-40c9-8926-018f9f77702f,2024-08-26,1,18,18,18
cf69e8f1-04a3-40c9-8926-018f9f77702f,2024-10-07,2,23.4,16.8,30
cf69e8f1-04a3-40c9-8926-018f9f77702f,2024-10-14,1,23,23,23
cf69e8f1-04a3-40c9-8926-018f9f77702f,2024-10-21,1,15.5,15.5,15.5
cf69e8f1-04a3-40c9-8926-018f9f77702f,2024-10-28,2,29.99,29.99,30
cf69e8f1-04a3-40c9-8926-018f9f77702f,2024-11-04,1,25,25,25
cf69e8f1-04a3-40c9-8926-018f9f77702f,2024-11-11,1,16.8,16.8,16.8
cf69e8f1-04a3-40c9-8926-018f9f77702f,2024-11-18,1,25.04,25.04,25.04
cf69e8f1-04a3-40c9-8926-018f9f77702f,2024-11-25,1,20,20,20
cf69e8f1-04a3-40c9-8926-018f9f77702f,2024-12-23,1,14.5,14.5,14.5
cf69e8f1-04a3-40c9-8926-018f9f77702f,2025-01-06,1,17.5,17.5,17.5
cf69e8f1-04a3-40c9-8926-018f9f77702f,2025-01-13,6,25.62,24.95,26
cf69e8f1-04a3-40c9-8926-018f9f77702f,2025-01-20,1,29.99,29.99,29.99
cf69e8f1-04a3-40c9-8926-018f9f77702f,2025-01-27,1,31.19,31.19,31.19
cf69e8f1-04a3-40c9-8926-018f9f77702f,2025-02-03,2,19.74,18.5,20.99
cf69e8f1-04a3-40c9-8926-018f9f77702f,2025-02-10,1,18.56,18.56,18.56
cf69e8f1-04a3-40c9-8926-018f9f77702f,2025-02-17,1,16.8,16.8,16.8
cf69e8f1-04a3-40c9-8926-018f9f77702f,2025-02-24,1,23.63,23.63,23.63
cf69e8f1-04a3-40c9-8926-018f9f77702f,2025-03-03,1,28,28,28
cf69e8f1-04a3-40c9-8926-018f9f77702f,2025-03-10,1,31.43,31.43,31.43
cf69e8f1-04a3-40c9-8926-018f9f77702f,2025-03-17,1,27,27,27
cf69e8f1-04a3-40c9-8926-018f9f77702f,2025-03-24,1,14.99,14.99,14.99
cf69e8f1-04a3-40c9-8926-018f9f77702f,2025-03-31,2,19.99,14.99,24.99
cf69e8f1-04a3-40c9-8926-018f9f77702f,2025-04-07,1,29.99,29.99,29.99
cf69e8f1-04a3-40c9-8926-018f9f77702f,2025-04-28,1,19.2,19.2,19.2
cf69e8f1-04a3-40c9-8926-018f9f77702f,2025-05-05,3,20,13.97,37
cf69e8f1-04a3-40c9-8926-018f9f77702f,2025-05-12,2,29.25,15.5,43
cf69e8f1-04a3-40c9-8926-018f9f77702f,2025-06-02,1,21.66,21.66,21.66
cf69e8f1-04a3-40c9-8926-018f9f77702f,2025-06-09,2,18.7,11.61,25.78
cf69e8f1-04a3-40c9-8926-018f9f77702f,2025-06-16,2,33.5,19.5,47.51
cf69e8f1-04a3-40c9-8926-018f9f77702f,2025-06-23,1,36.46,36.46,36.46
cf69e8f1-04a3-40c9-8926-018f9f77702f,2025-06-30,1,10,10,10
cf69e8f1-04a3-40c9-8926-018f9f77702f,2025-07-07,1,19.5,19.5,19.5
cf69e8f1-04a3-40c9-8926-018f9f77702f,2025-07-28,1,27.22,27.22,27.22
cf69e8f1-04a3-40c9-8926-018f9f77702f,2025-08-11,4,23.05,18.09,32.29
cf69e8f1-04a3-40c9-8926-018f9f77702f,2025-08-25,1,14,14,14
cf69e8f1-04a3-40c9-8926-018f9f77702f,2025-09-08,1,13.5,13.5,13.5
cf69e8f1-04a3-40c9-8926-018f9f77702f,2025-09-22,1,22,22,22
cf69e8f1-04a3-40c9-8926-018f9f77702f,2025-10-13,1,32.28,32.28,32.28
cf69e8f1-04a3-40c9-8926-018f9f77702f,2025-10-20,1,32.19,32.19,32.19
cf69e8f1-04a3-40c9-8926-018f9f77702f,2025-10-27,1,30.39,30.39,30.39
cf69e8f1-04a3-40c9-8926-018f9f77702f,2025-11-03,1,29.99,29.99,29.99
cf69e8f1-04a3-40c9-8926-018f9f77702f,2025-11-17,2,24.24,23.5,24.99
cf69e8f1-04a3-40c9-8926-018f9f77702f,2025-11-24,1,52.4,52.4,52.4
cf69e8f1-04a3-40c9-8926-018f9f77702f,2025-12-15,2,16,8.5,23.5
cf69e8f1-04a3-40c9-8926-018f9f77702f,2025-12-29,1,24.99,24.99,24.99
cf69e8f1-04a3-40c9-8926-018f9f77702f,2026-01-19,2,30.24,25,35.48
cf69e8f1-04a3-40c9-8926-018f9f77702f,2026-01-26,1,21.6,21.6,21.6
cf69e8f1-04a3-40c9-8926-018f9f77702f,2026-02-09,1,15.51,15.51,15.51
cf69e8f1-04a3-40c9-8926-018f9f77702f,2026-02-23,1,20.5,20.5,20.5
cf69e8f1-04a3-40c9-8926-018f9f77702f,2026-03-02,6,30.44,20.5,34
cf69e8f1-04a3-40c9-8926-018f9f77702f,2026-03-09,4,29.24,28.28,32.01
cf69e8f1-04a3-40c9-8926-018f9f77702f,2026-03-30,2,32,29,34.99
cf69e8f1-04a3-40c9-8926-018f9f77702f,2026-04-06,2,35.5,35,36
cf69e8f1-04a3-40c9-8926-018f9f77702f,2026-04-13,2,33.09,33,33.17
cf69e8f1-04a3-40c9-8926-018f9f77702f,2026-04-20,1,12.5,12.5,12.5
cf69e8f1-04a3-40c9-8926-018f9f77702f,2026-04-27,2,31.12,27.23,35
cf69e8f1-04a3-40c9-8926-018f9f77702f,2026-05-11,4,29.49,18,31
cf69e8f1-04a3-40c9-8926-018f9f77702f,2026-05-25,1,47.05,47.05,47.05
cf69e8f1-04a3-40c9-8926-018f9f77702f,2026-06-01,1,30,30,30
cf69e8f1-04a3-40c9-8926-018f9f77702f,2026-06-15,1,45.58,45.58,45.58
cf69e8f1-04a3-40c9-8926-018f9f77702f,2026-06-22,1,32.25,32.25,32.25
cf69e8f1-04a3-40c9-8926-018f9f77702f,2026-06-29,1,23.5,23.5,23.5
cf69e8f1-04a3-40c9-8926-018f9f77702f,2026-07-20,1,35,35,35
cf69e8f1-04a3-40c9-8926-018f9f77702f,2026-07-27,2,37.5,35,39.99
cf69e8f1-04a3-40c9-8926-018f9f77702f,2026-08-03,2,37.61,31,44.22
cf69e8f1-04a3-40c9-8926-018f9f77702f,2026-08-10,3,35.42,32,40.08
cf69e8f1-04a3-40c9-8926-018f9f77702f,2026-08-31,1,49.5,49.5,49.5
cf69e8f1-04a3-40c9-8926-018f9f77702f,2026-09-07,1,32.29,32.29,32.29
cf69e8f1-04a3-40c9-8926-018f9f77702f,2026-09-14,5,28.49,28.49,35
cf6b248a-98fe-4fc6-9393-6141e23ef635,2021-04-26,1,120,120,120
cf6b248a-98fe-4fc6-9393-6141e23ef635,2021-10-11,1,98.51,98.51,98.51
cf6b248a-98fe-4fc6-9393-6141e23ef635,2021-11-22,1,76,76,76
cf6b248a-98fe-4fc6-9393-6141e23ef635,2021-11-29,1,101.79,101.79,101.79
cf6b248a-98fe-4fc6-9393-6141e23ef635,2021-12-13,1,108.5,108.5,108.5
cf6b248a-98fe-4fc6-9393-6141e23ef635,2022-01-10,1,89.99,89.99,89.99
cf6b248a-98fe-4fc6-9393-6141e23ef635,2022-03-07,1,65,65,65
cf6b248a-98fe-4fc6-9393-6141e23ef635,2022-03-21,1,71,71,71
cf6b248a-98fe-4fc6-9393-6141e23ef635,2022-05-09,1,176.98,176.98,176.98
cf6b248a-98fe-4fc6-9393-6141e23ef635,2022-07-11,1,107.5,107.5,107.5
cf6b248a-98fe-4fc6-9393-6141e23ef635,2022-09-05,1,116.95,116.95,116.95
cf6b248a-98fe-4fc6-9393-6141e23ef635,2022-09-12,1,84.88,84.88,84.88
cf6b248a-98fe-4fc6-9393-6141e23ef635,2022-10-03,1,129.99,129.99,129.99
cf6b248a-98fe-4fc6-9393-6141e23ef635,2022-10-10,1,200,200,200
cf6b248a-98fe-4fc6-9393-6141e23ef635,2022-10-17,1,96,96,96
cf6b248a-98fe-4fc6-9393-6141e23ef635,2022-10-24,3,103.5,60.98,225
cf6b248a-98fe-4fc6-9393-6141e23ef635,2022-12-12,2,113.5,110,116.99
cf6b248a-98fe-4fc6-9393-6141e23ef635,2022-12-26,1,112.5,112.5,112.5
cf6b248a-98fe-4fc6-9393-6141e23ef635,2023-01-09,2,108,108,108
cf6b248a-98fe-4fc6-9393-6141e23ef635,2023-01-16,1,129.48,129.48,129.48
cf6b248a-98fe-4fc6-9393-6141e23ef635,2023-01-23,4,126,98.94,126
cf6b248a-98fe-4fc6-9393-6141e23ef635,2023-01-30,2,148.75,117.5,180
cf6b248a-98fe-4fc6-9393-6141e23ef635,2023-02-06,4,140.5,108,156
cf6b248a-98fe-4fc6-9393-6141e23ef635,2023-02-20,2,135,132,138
cf6b248a-98fe-4fc6-9393-6141e23ef635,2023-02-27,1,112.8,112.8,112.8
cf6b248a-98fe-4fc6-9393-6141e23ef635,2023-03-06,1,138,138,138
cf6b248a-98fe-4fc6-9393-6141e23ef635,2023-03-20,3,120,117.6,180
cf6b248a-98fe-4fc6-9393-6141e23ef635,2023-03-27,1,126,126,126
cf6b248a-98fe-4fc6-9393-6141e23ef635,2023-04-10,1,224.99,224.99,224.99
cf6b248a-98fe-4fc6-9393-6141e23ef635,2023-04-24,2,120.39,96.78,144
cf6b248a-98fe-4fc6-9393-6141e23ef635,2023-05-08,1,170,170,170
cf6b248a-98fe-4fc6-9393-6141e23ef635,2023-05-15,5,180,170,248.75
cf6b248a-98fe-4fc6-9393-6141e23ef635,2023-05-22,1,218,218,218
cf6b248a-98fe-4fc6-9393-6141e23ef635,2023-06-12,1,252,252,252
cf6b248a-98fe-4fc6-9393-6141e23ef635,2023-07-03,2,252.5,249.99,255
cf6b248a-98fe-4fc6-9393-6141e23ef635,2023-07-10,1,212.5,212.5,212.5
cf6b248a-98fe-4fc6-9393-6141e23ef635,2023-07-17,1,254,254,254
cf6b248a-98fe-4fc6-9393-6141e23ef635,2023-07-31,2,235,220,250
cf6b248a-98fe-4fc6-9393-6141e23ef635,2023-08-14,1,192.5,192.5,192.5
cf6b248a-98fe-4fc6-9393-6141e23ef635,2023-08-28,1,138.05,138.05,138.05
cf6b248a-98fe-4fc6-9393-6141e23ef635,2023-09-04,2,198.75,195,202.5
cf6b248a-98fe-4fc6-9393-6141e23ef635,2023-09-11,1,170,170,170
cf6b248a-98fe-4fc6-9393-6141e23ef635,2023-09-18,1,138.5,138.5,138.5
cf6b248a-98fe-4fc6-9393-6141e23ef635,2023-10-16,2,216.15,169.99,262.3
cf6b248a-98fe-4fc6-9393-6141e23ef635,2023-10-23,3,170,136.02,180
cf6b248a-98fe-4fc6-9393-6141e23ef635,2023-10-30,1,219,219,219
cf6b248a-98fe-4fc6-9393-6141e23ef635,2023-11-06,1,165,165,165
cf6b248a-98fe-4fc6-9393-6141e23ef635,2023-11-20,3,182.07,106.5,222.6
cf6b248a-98fe-4fc6-9393-6141e23ef635,2024-01-01,1,230,230,230
cf6b248a-98fe-4fc6-9393-6141e23ef635,2024-01-08,1,200,200,200
cf6b248a-98fe-4fc6-9393-6141e23ef635,2024-02-05,1,345,345,345
cf6b248a-98fe-4fc6-9393-6141e23ef635,2024-02-12,1,150,150,150
cf6b248a-98fe-4fc6-9393-6141e23ef635,2024-02-19,1,150,150,150
cf6b248a-98fe-4fc6-9393-6141e23ef635,2024-03-04,1,112.5,112.5,112.5
cf6b248a-98fe-4fc6-9393-6141e23ef635,2024-03-11,1,100,100,100
cf6b248a-98fe-4fc6-9393-6141e23ef635,2024-03-18,2,147.69,125.69,169.69
cf6b248a-98fe-4fc6-9393-6141e23ef635,2024-03-25,1,162.31,162.31,162.31
cf6b248a-98fe-4fc6-9393-6141e23ef635,2024-04-01,1,106.06,106.06,106.06
cf6b248a-98fe-4fc6-9393-6141e23ef635,2024-04-22,1,150,150,150
cf6b248a-98fe-4fc6-9393-6141e23ef635,2024-04-29,1,120.6,120.6,120.6
cf6b248a-98fe-4fc6-9393-6141e23ef635,2024-05-06,2,119.09,118.19,120
cf6b248a-98fe-4fc6-9393-6141e23ef635,2024-05-20,1,120,120,120
cf6b248a-98fe-4fc6-9393-6141e23ef635,2024-05-27,1,123.5,123.5,123.5
cf6b248a-98fe-4fc6-9393-6141e23ef635,2024-06-03,4,132.95,106.14,165.99
cf6b248a-98fe-4fc6-9393-6141e23ef635,2024-06-17,2,96.25,75,117.5
cf6b248a-98fe-4fc6-9393-6141e23ef635,2024-06-24,2,135.75,122.5,149
cf6b248a-98fe-4fc6-9393-6141e23ef635,2024-07-22,4,110.8,100,150
cf6b248a-98fe-4fc6-9393-6141e23ef635,2024-07-29,2,119,98,140
cf6b248a-98fe-4fc6-9393-6141e23ef635,2024-08-05,1,165,165,165
cf6b248a-98fe-4fc6-9393-6141e23ef635,2024-08-12,1,155,155,155
cf6b248a-98fe-4fc6-9393-6141e23ef635,2024-10-14,1,120,120,120
cf6b248a-98fe-4fc6-9393-6141e23ef635,2024-10-21,2,184.52,119.04,250
cf6b248a-98fe-4fc6-9393-6141e23ef635,2024-10-28,1,98,98,98
cf6b248a-98fe-4fc6-9393-6141e23ef635,2024-11-04,1,81,81,81
cf6b248a-98fe-4fc6-9393-6141e23ef635,2024-11-11,1,194.45,194.45,194.45
cf6b248a-98fe-4fc6-9393-6141e23ef635,2024-11-25,3,170,105.08,175
cf6b248a-98fe-4fc6-9393-6141e23ef635,2024-12-23,1,179.99,179.99,179.99
cf6b248a-98fe-4fc6-9393-6141e23ef635,2024-12-30,1,120,120,120
cf6b248a-98fe-4fc6-9393-6141e23ef635,2025-01-06,2,183,166,199.99
cf6b248a-98fe-4fc6-9393-6141e23ef635,2025-01-27,1,179.5,179.5,179.5
cf6b248a-98fe-4fc6-9393-6141e23ef635,2025-02-10,1,186,186,186
cf6b248a-98fe-4fc6-9393-6141e23ef635,2025-02-17,1,180.5,180.5,180.5
cf6b248a-98fe-4fc6-9393-6141e23ef635,2025-02-24,2,212.25,190,234.5
cf6b248a-98fe-4fc6-9393-6141e23ef635,2025-03-03,3,229,200,350
cf6b248a-98fe-4fc6-9393-6141e23ef635,2025-03-17,2,201.35,160.2,242.5
cf6b248a-98fe-4fc6-9393-6141e23ef635,2025-03-31,1,279.99,279.99,279.99
cf6b248a-98fe-4fc6-9393-6141e23ef635,2025-04-14,2,288,275,300.99
cf6b248a-98fe-4fc6-9393-6141e23ef635,2025-04-28,1,299.99,299.99,299.99
cf6b248a-98fe-4fc6-9393-6141e23ef635,2025-05-05,1,295.09,295.09,295.09
cf6b248a-98fe-4fc6-9393-6141e23ef635,2025-05-12,1,290,290,290
cf6b248a-98fe-4fc6-9393-6141e23ef635,2025-05-19,3,320,310,328
cf6b248a-98fe-4fc6-9393-6141e23ef635,2025-06-02,5,281,272.05,306
cf6b248a-98fe-4fc6-9393-6141e23ef635,2025-06-09,1,300,300,300
cf6b248a-98fe-4fc6-9393-6141e23ef635,2025-06-23,2,308.17,300,316.34
cf6b248a-98fe-4fc6-9393-6141e23ef635,2025-06-30,1,399,399,399
cf6b248a-98fe-4fc6-9393-6141e23ef635,2025-07-07,4,333.16,291,370
cf6b248a-98fe-4fc6-9393-6141e23ef635,2025-07-14,2,486.83,373.69,599.97
cf6b248a-98fe-4fc6-9393-6141e23ef635,2025-07-28,1,400,400,400
cf6b248a-98fe-4fc6-9393-6141e23ef635,2025-08-04,3,385,338,600
cf6b248a-98fe-4fc6-9393-6141e23ef635,2025-08-18,1,360,360,360
cf6b248a-98fe-4fc6-9393-6141e23ef635,2025-08-25,2,432.5,365,499.99
cf6b248a-98fe-4fc6-9393-6141e23ef635,2025-09-01,2,442,385,498.99
cf6b248a-98fe-4fc6-9393-6141e23ef635,2025-09-08,1,433,433,433
cf6b248a-98fe-4fc6-9393-6141e23ef635,2025-09-15,1,475,475,475
cf6b248a-98fe-4fc6-9393-6141e23ef635,2025-09-22,2,480,480,480
cf6b248a-98fe-4fc6-9393-6141e23ef635,2025-09-29,3,450,397,480
cf6b248a-98fe-4fc6-9393-6141e23ef635,2025-10-06,1,360,360,360
cf6b248a-98fe-4fc6-9393-6141e23ef635,2025-10-13,1,348,348,348
cf6b248a-98fe-4fc6-9393-6141e23ef635,2025-10-20,1,348,348,348
cf6b248a-98fe-4fc6-9393-6141e23ef635,2025-10-27,2,405.35,390,420.69
cf6b248a-98fe-4fc6-9393-6141e23ef635,2025-11-10,1,338,338,338
cf6b248a-98fe-4fc6-9393-6141e23ef635,2025-11-17,1,290,290,290
cf6b248a-98fe-4fc6-9393-6141e23ef635,2025-11-24,1,285,285,285
cf6b248a-98fe-4fc6-9393-6141e23ef635,2025-12-01,1,277,277,277
cf6b248a-98fe-4fc6-9393-6141e23ef635,2025-12-15,1,300.85,300.85,300.85
cf6b248a-98fe-4fc6-9393-6141e23ef635,2025-12-22,2,345.46,340,350.92
cf6b248a-98fe-4fc6-9393-6141e23ef635,2026-01-05,3,401,350,430
cf6b248a-98fe-4fc6-9393-6141e23ef635,2026-01-12,5,387.61,360,465
cf6b248a-98fe-4fc6-9393-6141e23ef635,2026-01-26,1,374.35,374.35,374.35
cf6b248a-98fe-4fc6-9393-6141e23ef635,2026-02-02,1,500,500,500
cf6b248a-98fe-4fc6-9393-6141e23ef635,2026-02-09,2,495,490,500
cf6b248a-98fe-4fc6-9393-6141e23ef635,2026-02-16,5,615,560,688.88
cf6b248a-98fe-4fc6-9393-6141e23ef635,2026-02-23,2,621.5,618,625
cf6b248a-98fe-4fc6-9393-6141e23ef635,2026-03-02,1,700,700,700
cf6b248a-98fe-4fc6-9393-6141e23ef635,2026-03-16,2,578,561,595
cf6b248a-98fe-4fc6-9393-6141e23ef635,2026-03-23,1,680.81,680.81,680.81
cf6b248a-98fe-4fc6-9393-6141e23ef635,2026-04-06,1,620,620,620
cf6b248a-98fe-4fc6-9393-6141e23ef635,2026-04-27,1,660,660,660
cf6b248a-98fe-4fc6-9393-6141e23ef635,2026-05-25,3,735,707.54,850
cf6b248a-98fe-4fc6-9393-6141e23ef635,2026-06-01,3,800,740,880
cf6b248a-98fe-4fc6-9393-6141e23ef635,2026-06-08,4,800,722.52,999.99
cf6b248a-98fe-4fc6-9393-6141e23ef635,2026-07-06,3,807.49,690,925
cf6b248a-98fe-4fc6-9393-6141e23ef635,2026-07-13,1,1007.16,1007.16,1007.16
cf6b248a-98fe-4fc6-9393-6141e23ef635,2026-07-27,1,810,810,810
cf6b248a-98fe-4fc6-9393-6141e23ef635,2026-08-10,1,1012.95,1012.95,1012.95
cf6b248a-98fe-4fc6-9393-6141e23ef635,2026-08-17,1,820,820,820
cf6b248a-98fe-4fc6-9393-6141e23ef635,2026-08-24,1,800,800,800
cf6b248a-98fe-4fc6-9393-6141e23ef635,2026-08-31,2,709,643,775
cf6b248a-98fe-4fc6-9393-6141e23ef635,2026-09-07,1,798.88,798.88,798.88
cf6b248a-98fe-4fc6-9393-6141e23ef635,2026-09-14,2,738.84,717.67,760
cf6bc914-f65f-448f-bbe6-90f0273ac9aa,2026-05-18,1,149.99,149.99,149.99
cf704824-db58-4551-a24f-5a3bd171c185,2021-08-16,1,600,600,600
cf704824-db58-4551-a24f-5a3bd171c185,2023-04-10,1,344.08,344.08,344.08
cf704824-db58-4551-a24f-5a3bd171c185,2026-03-16,1,4000,4000,4000
cf704824-db58-4551-a24f-5a3bd171c185,2026-03-23,1,4005.05,4005.05,4005.05
cf704824-db58-4551-a24f-5a3bd171c185,2026-07-27,1,5880,5880,5880
cf71cc3a-94fb-4005-9b2e-34a6f9201f5f,2021-02-22,1,200,200,200
cf71cc3a-94fb-4005-9b2e-34a6f9201f5f,2021-07-26,1,150.05,150.05,150.05
cf71cc3a-94fb-4005-9b2e-34a6f9201f5f,2021-08-30,1,200,200,200
cf71cc3a-94fb-4005-9b2e-34a6f9201f5f,2022-01-31,1,100,100,100
cf71cc3a-94fb-4005-9b2e-34a6f9201f5f,2022-02-28,2,75.78,46.56,105
cf71cc3a-94fb-4005-9b2e-34a6f9201f5f,2022-03-21,1,74.4,74.4,74.4
cf71cc3a-94fb-4005-9b2e-34a6f9201f5f,2022-03-28,1,76,76,76
cf71cc3a-94fb-4005-9b2e-34a6f9201f5f,2022-05-02,1,79.2,79.2,79.2
cf71cc3a-94fb-4005-9b2e-34a6f9201f5f,2022-05-16,1,74,74,74
cf71cc3a-94fb-4005-9b2e-34a6f9201f5f,2022-05-30,1,90,90,90
cf71cc3a-94fb-4005-9b2e-34a6f9201f5f,2022-06-27,1,102,102,102
cf71cc3a-94fb-4005-9b2e-34a6f9201f5f,2022-07-18,1,65,65,65
cf71cc3a-94fb-4005-9b2e-34a6f9201f5f,2022-08-08,1,51,51,51
cf71cc3a-94fb-4005-9b2e-34a6f9201f5f,2022-09-12,1,76,76,76
cf71cc3a-94fb-4005-9b2e-34a6f9201f5f,2022-10-10,1,67.99,67.99,67.99
cf71cc3a-94fb-4005-9b2e-34a6f9201f5f,2022-10-24,1,38.94,38.94,38.94
cf71cc3a-94fb-4005-9b2e-34a6f9201f5f,2022-11-21,1,53,53,53
cf71cc3a-94fb-4005-9b2e-34a6f9201f5f,2022-12-12,1,48,48,48
cf71cc3a-94fb-4005-9b2e-34a6f9201f5f,2023-03-06,1,60.95,60.95,60.95
cf71cc3a-94fb-4005-9b2e-34a6f9201f5f,2023-04-24,1,80,80,80
cf71cc3a-94fb-4005-9b2e-34a6f9201f5f,2023-05-01,1,37.9,37.9,37.9
cf71cc3a-94fb-4005-9b2e-34a6f9201f5f,2023-06-05,1,37.22,37.22,37.22
cf71cc3a-94fb-4005-9b2e-34a6f9201f5f,2023-06-12,1,43.2,43.2,43.2
cf71cc3a-94fb-4005-9b2e-34a6f9201f5f,2023-07-03,1,69.95,69.95,69.95
cf71cc3a-94fb-4005-9b2e-34a6f9201f5f,2023-07-10,2,66.5,35,98
cf71cc3a-94fb-4005-9b2e-34a6f9201f5f,2023-08-07,2,56,52,59.99
cf71cc3a-94fb-4005-9b2e-34a6f9201f5f,2023-08-28,1,39.28,39.28,39.28
cf71cc3a-94fb-4005-9b2e-34a6f9201f5f,2023-09-18,1,31,31,31
cf71cc3a-94fb-4005-9b2e-34a6f9201f5f,2023-11-13,2,47,46,48
cf71cc3a-94fb-4005-9b2e-34a6f9201f5f,2023-11-27,1,64.99,64.99,64.99
cf71cc3a-94fb-4005-9b2e-34a6f9201f5f,2023-12-11,1,42,42,42
cf71cc3a-94fb-4005-9b2e-34a6f9201f5f,2024-01-15,1,34.33,34.33,34.33
cf71cc3a-94fb-4005-9b2e-34a6f9201f5f,2024-02-05,2,28.46,26,30.92
cf71cc3a-94fb-4005-9b2e-34a6f9201f5f,2024-02-12,4,42,21.5,61.01
cf71cc3a-94fb-4005-9b2e-34a6f9201f5f,2024-02-26,2,46.5,43,50
cf71cc3a-94fb-4005-9b2e-34a6f9201f5f,2024-03-18,1,22.5,22.5,22.5
cf71cc3a-94fb-4005-9b2e-34a6f9201f5f,2024-04-15,1,26.01,26.01,26.01
cf71cc3a-94fb-4005-9b2e-34a6f9201f5f,2024-04-29,1,24.74,24.74,24.74
cf71cc3a-94fb-4005-9b2e-34a6f9201f5f,2024-05-06,1,26,26,26
cf71cc3a-94fb-4005-9b2e-34a6f9201f5f,2024-05-20,1,49.2,49.2,49.2
cf71cc3a-94fb-4005-9b2e-34a6f9201f5f,2024-05-27,2,40.72,36,45.44
cf71cc3a-94fb-4005-9b2e-34a6f9201f5f,2024-07-15,1,40,40,40
cf71cc3a-94fb-4005-9b2e-34a6f9201f5f,2024-08-19,1,79.14,79.14,79.14
cf71cc3a-94fb-4005-9b2e-34a6f9201f5f,2024-10-28,1,24.5,24.5,24.5
cf71cc3a-94fb-4005-9b2e-34a6f9201f5f,2025-01-20,1,49.99,49.99,49.99
cf71cc3a-94fb-4005-9b2e-34a6f9201f5f,2025-02-10,1,99.53,99.53,99.53
cf71cc3a-94fb-4005-9b2e-34a6f9201f5f,2025-03-31,1,75,75,75
cf71cc3a-94fb-4005-9b2e-34a6f9201f5f,2025-04-14,1,56.4,56.4,56.4
cf71cc3a-94fb-4005-9b2e-34a6f9201f5f,2025-07-14,1,115,115,115
cf71cc3a-94fb-4005-9b2e-34a6f9201f5f,2025-07-21,4,115,110,125
cf71cc3a-94fb-4005-9b2e-34a6f9201f5f,2025-08-04,2,123.25,114.5,132
cf71cc3a-94fb-4005-9b2e-34a6f9201f5f,2025-10-06,1,95,95,95
cf71cc3a-94fb-4005-9b2e-34a6f9201f5f,2025-10-13,2,76,62,90
cf71cc3a-94fb-4005-9b2e-34a6f9201f5f,2025-12-22,1,152.6,152.6,152.6
cf71cc3a-94fb-4005-9b2e-34a6f9201f5f,2026-01-05,1,202.5,202.5,202.5
cf71cc3a-94fb-4005-9b2e-34a6f9201f5f,2026-01-19,1,220.5,220.5,220.5
cf71cc3a-94fb-4005-9b2e-34a6f9201f5f,2026-02-02,1,230,230,230
cf71cc3a-94fb-4005-9b2e-34a6f9201f5f,2026-02-09,3,275,252,605
cf71cc3a-94fb-4005-9b2e-34a6f9201f5f,2026-02-23,1,325,325,325
cf71cc3a-94fb-4005-9b2e-34a6f9201f5f,2026-03-16,1,345,345,345
cf71cc3a-94fb-4005-9b2e-34a6f9201f5f,2026-03-23,2,389.5,354,425
cf71cc3a-94fb-4005-9b2e-34a6f9201f5f,2026-03-30,1,400,400,400
cf71cc3a-94fb-4005-9b2e-34a6f9201f5f,2026-04-13,1,250,250,250
cf71cc3a-94fb-4005-9b2e-34a6f9201f5f,2026-04-20,1,350,350,350
cf71cc3a-94fb-4005-9b2e-34a6f9201f5f,2026-05-25,1,435,435,435
cf71cc3a-94fb-4005-9b2e-34a6f9201f5f,2026-06-01,1,450,450,450
cf71cc3a-94fb-4005-9b2e-34a6f9201f5f,2026-06-08,1,340,340,340
cf71cc3a-94fb-4005-9b2e-34a6f9201f5f,2026-06-29,1,443.11,443.11,443.11
cf71cc3a-94fb-4005-9b2e-34a6f9201f5f,2026-07-13,1,499.99,499.99,499.99
cf71cc3a-94fb-4005-9b2e-34a6f9201f5f,2026-08-03,1,510,510,510
cf71cc3a-94fb-4005-9b2e-34a6f9201f5f,2026-08-10,1,795,795,795
cf71cc3a-94fb-4005-9b2e-34a6f9201f5f,2026-08-17,1,795.99,795.99,795.99
cf71cc3a-94fb-4005-9b2e-34a6f9201f5f,2026-09-07,1,506.73,506.73,506.73
cf71cc3a-94fb-4005-9b2e-34a6f9201f5f,2026-09-14,1,1025,1025,1025
cf72e7e4-165d-4b5e-8f7a-ec987cfd3953,2023-02-13,1,80,80,80
cf72e7e4-165d-4b5e-8f7a-ec987cfd3953,2023-08-07,1,21.6,21.6,21.6
cf72e7e4-165d-4b5e-8f7a-ec987cfd3953,2023-09-25,1,17,17,17
cf72e7e4-165d-4b5e-8f7a-ec987cfd3953,2023-10-09,1,13.51,13.51,13.51
cf72e7e4-165d-4b5e-8f7a-ec987cfd3953,2024-01-01,1,8.5,8.5,8.5
cf72e7e4-165d-4b5e-8f7a-ec987cfd3953,2024-05-27,1,28,28,28
cf72e7e4-165d-4b5e-8f7a-ec987cfd3953,2025-02-17,1,41.31,41.31,41.31
cf72e7e4-165d-4b5e-8f7a-ec987cfd3953,2025-08-25,1,17.5,17.5,17.5
cf72e7e4-165d-4b5e-8f7a-ec987cfd3953,2025-09-01,1,30,30,30
cf72e7e4-165d-4b5e-8f7a-ec987cfd3953,2025-09-15,1,69.99,69.99,69.99
cf72e7e4-165d-4b5e-8f7a-ec987cfd3953,2026-03-16,1,26,26,26
cf72e7e4-165d-4b5e-8f7a-ec987cfd3953,2026-06-08,1,59.99,59.99,59.99
cf72e7e4-165d-4b5e-8f7a-ec987cfd3953,2026-06-22,1,37,37,37
cf73de4f-c8a9-4bd5-9b70-5a6f83ca4045,2023-10-02,1,67,67,67
cf73de4f-c8a9-4bd5-9b70-5a6f83ca4045,2023-10-09,1,80,80,80
cf73de4f-c8a9-4bd5-9b70-5a6f83ca4045,2023-11-06,2,28.5,26,31
cf73de4f-c8a9-4bd5-9b70-5a6f83ca4045,2023-11-13,2,23.25,20.5,26
cf73de4f-c8a9-4bd5-9b70-5a6f83ca4045,2023-11-20,3,33.99,25.99,34.47
cf73de4f-c8a9-4bd5-9b70-5a6f83ca4045,2023-11-27,3,27.5,26.99,30
cf73de4f-c8a9-4bd5-9b70-5a6f83ca4045,2023-12-04,2,21.5,20.5,22.5
cf73de4f-c8a9-4bd5-9b70-5a6f83ca4045,2023-12-11,1,25,25,25
cf73de4f-c8a9-4bd5-9b70-5a6f83ca4045,2023-12-18,4,32.5,26,35.99
cf73de4f-c8a9-4bd5-9b70-5a6f83ca4045,2023-12-25,1,27.44,27.44,27.44
cf73de4f-c8a9-4bd5-9b70-5a6f83ca4045,2024-01-01,2,28,26,30
cf73de4f-c8a9-4bd5-9b70-5a6f83ca4045,2024-01-08,1,26.84,26.84,26.84
cf73de4f-c8a9-4bd5-9b70-5a6f83ca4045,2024-01-22,4,27.5,25,31
cf73de4f-c8a9-4bd5-9b70-5a6f83ca4045,2024-02-05,1,34.95,34.95,34.95
cf73de4f-c8a9-4bd5-9b70-5a6f83ca4045,2024-02-19,3,20,18.5,32
cf73de4f-c8a9-4bd5-9b70-5a6f83ca4045,2024-02-26,2,14.89,13.5,16.29
cf73de4f-c8a9-4bd5-9b70-5a6f83ca4045,2024-03-04,1,28,28,28
cf73de4f-c8a9-4bd5-9b70-5a6f83ca4045,2024-03-11,5,30,19.5,31.45
cf73de4f-c8a9-4bd5-9b70-5a6f83ca4045,2024-03-18,1,31,31,31
cf73de4f-c8a9-4bd5-9b70-5a6f83ca4045,2024-03-25,1,18.5,18.5,18.5
cf73de4f-c8a9-4bd5-9b70-5a6f83ca4045,2024-04-15,2,29,20,37.99
cf73de4f-c8a9-4bd5-9b70-5a6f83ca4045,2024-05-13,2,19.75,19.5,20
cf73de4f-c8a9-4bd5-9b70-5a6f83ca4045,2024-05-20,1,20,20,20
cf73de4f-c8a9-4bd5-9b70-5a6f83ca4045,2024-06-03,2,34.99,34.99,34.99
cf73de4f-c8a9-4bd5-9b70-5a6f83ca4045,2024-06-17,2,40.66,22.5,58.82
cf73de4f-c8a9-4bd5-9b70-5a6f83ca4045,2024-06-24,1,23,23,23
cf73de4f-c8a9-4bd5-9b70-5a6f83ca4045,2024-07-01,1,28.45,28.45,28.45
cf73de4f-c8a9-4bd5-9b70-5a6f83ca4045,2024-07-08,1,17.55,17.55,17.55
cf73de4f-c8a9-4bd5-9b70-5a6f83ca4045,2024-07-22,1,28,28,28
cf73de4f-c8a9-4bd5-9b70-5a6f83ca4045,2024-08-05,3,38.97,22.99,38.97
cf73de4f-c8a9-4bd5-9b70-5a6f83ca4045,2024-08-19,1,31,31,31
cf73de4f-c8a9-4bd5-9b70-5a6f83ca4045,2024-08-26,3,21,20,35.99
cf73de4f-c8a9-4bd5-9b70-5a6f83ca4045,2024-10-07,1,42,42,42
cf73de4f-c8a9-4bd5-9b70-5a6f83ca4045,2024-10-14,1,30,30,30
cf73de4f-c8a9-4bd5-9b70-5a6f83ca4045,2024-11-04,1,23.5,23.5,23.5
cf73de4f-c8a9-4bd5-9b70-5a6f83ca4045,2024-11-11,1,39.99,39.99,39.99
cf73de4f-c8a9-4bd5-9b70-5a6f83ca4045,2024-11-18,1,35,35,35
cf73de4f-c8a9-4bd5-9b70-5a6f83ca4045,2024-11-25,1,24.99,24.99,24.99
cf73de4f-c8a9-4bd5-9b70-5a6f83ca4045,2024-12-02,1,39.99,39.99,39.99
cf73de4f-c8a9-4bd5-9b70-5a6f83ca4045,2024-12-09,3,27,21,35
cf73de4f-c8a9-4bd5-9b70-5a6f83ca4045,2024-12-16,2,28.74,27.5,29.99
cf73de4f-c8a9-4bd5-9b70-5a6f83ca4045,2024-12-23,1,32,32,32
cf73de4f-c8a9-4bd5-9b70-5a6f83ca4045,2024-12-30,1,30,30,30
cf73de4f-c8a9-4bd5-9b70-5a6f83ca4045,2025-01-06,1,31,31,31
cf73de4f-c8a9-4bd5-9b70-5a6f83ca4045,2025-01-13,1,31.01,31.01,31.01
cf73de4f-c8a9-4bd5-9b70-5a6f83ca4045,2025-02-03,3,25,23.5,29.99
cf73de4f-c8a9-4bd5-9b70-5a6f83ca4045,2025-02-17,2,35.48,32.95,38
cf73de4f-c8a9-4bd5-9b70-5a6f83ca4045,2025-02-24,3,44.99,37.95,45.33
cf73de4f-c8a9-4bd5-9b70-5a6f83ca4045,2025-03-03,1,23,23,23
cf73de4f-c8a9-4bd5-9b70-5a6f83ca4045,2025-03-10,5,35,28,45.22
cf73de4f-c8a9-4bd5-9b70-5a6f83ca4045,2025-03-17,1,36.99,36.99,36.99
cf73de4f-c8a9-4bd5-9b70-5a6f83ca4045,2025-03-24,2,27.38,26.88,27.88
cf73de4f-c8a9-4bd5-9b70-5a6f83ca4045,2025-04-07,1,32,32,32
cf73de4f-c8a9-4bd5-9b70-5a6f83ca4045,2025-04-14,2,29,23,34.99
cf73de4f-c8a9-4bd5-9b70-5a6f83ca4045,2025-04-28,1,31,31,31
cf73de4f-c8a9-4bd5-9b70-5a6f83ca4045,2025-05-12,1,32.99,32.99,32.99
cf73de4f-c8a9-4bd5-9b70-5a6f83ca4045,2025-05-26,1,14.5,14.5,14.5
cf73de4f-c8a9-4bd5-9b70-5a6f83ca4045,2025-07-21,1,49.99,49.99,49.99
cf73de4f-c8a9-4bd5-9b70-5a6f83ca4045,2025-08-18,1,38.99,38.99,38.99
cf73de4f-c8a9-4bd5-9b70-5a6f83ca4045,2025-09-08,2,43.75,42.49,45
cf73de4f-c8a9-4bd5-9b70-5a6f83ca4045,2025-09-22,4,37.5,31.99,50
cf73de4f-c8a9-4bd5-9b70-5a6f83ca4045,2025-10-06,3,31.99,20.99,47.5
cf73de4f-c8a9-4bd5-9b70-5a6f83ca4045,2025-11-03,1,46,46,46
cf73de4f-c8a9-4bd5-9b70-5a6f83ca4045,2025-11-17,2,39,32,46
cf73de4f-c8a9-4bd5-9b70-5a6f83ca4045,2025-12-15,1,34,34,34
cf73de4f-c8a9-4bd5-9b70-5a6f83ca4045,2026-02-09,1,29.99,29.99,29.99
cf73de4f-c8a9-4bd5-9b70-5a6f83ca4045,2026-02-16,1,32,32,32
cf73de4f-c8a9-4bd5-9b70-5a6f83ca4045,2026-03-09,2,40,40,40
cf73de4f-c8a9-4bd5-9b70-5a6f83ca4045,2026-03-16,2,59,58,60
cf73de4f-c8a9-4bd5-9b70-5a6f83ca4045,2026-03-30,1,36,36,36
cf73de4f-c8a9-4bd5-9b70-5a6f83ca4045,2026-04-13,1,60,60,60
cf73de4f-c8a9-4bd5-9b70-5a6f83ca4045,2026-04-20,1,29.69,29.69,29.69
cf73de4f-c8a9-4bd5-9b70-5a6f83ca4045,2026-05-18,1,33,33,33
cf73de4f-c8a9-4bd5-9b70-5a6f83ca4045,2026-06-08,1,50,50,50
cf73de4f-c8a9-4bd5-9b70-5a6f83ca4045,2026-06-15,1,50,50,50
cf73de4f-c8a9-4bd5-9b70-5a6f83ca4045,2026-06-22,1,32,32,32
cf73de4f-c8a9-4bd5-9b70-5a6f83ca4045,2026-07-13,1,31,31,31
cf73de4f-c8a9-4bd5-9b70-5a6f83ca4045,2026-07-20,1,38.4,38.4,38.4
cf7d522d-dec6-4aa1-867f-33c97ec73d25,2024-07-01,1,17.5,17.5,17.5
cf7d522d-dec6-4aa1-867f-33c97ec73d25,2025-03-03,1,58,58,58
cf7d522d-dec6-4aa1-867f-33c97ec73d25,2026-04-27,1,144,144,144
cf7d522d-dec6-4aa1-867f-33c97ec73d25,2026-06-01,1,156,156,156
cf7d522d-dec6-4aa1-867f-33c97ec73d25,2026-07-20,1,122.5,122.5,122.5
cf7d522d-dec6-4aa1-867f-33c97ec73d25,2026-08-03,1,125,125,125
cf7d8c4d-4e3c-4730-8d93-5843b9ccb8f1,2021-05-17,1,71,71,71
cf7d8c4d-4e3c-4730-8d93-5843b9ccb8f1,2021-05-24,1,52.1,52.1,52.1
cf7d8c4d-4e3c-4730-8d93-5843b9ccb8f1,2021-05-31,1,120,120,120
cf7d8c4d-4e3c-4730-8d93-5843b9ccb8f1,2021-06-07,1,122.91,122.91,122.91
cf7d8c4d-4e3c-4730-8d93-5843b9ccb8f1,2021-11-15,3,58,44,62
cf7d8c4d-4e3c-4730-8d93-5843b9ccb8f1,2022-04-04,1,39.6,39.6,39.6
cf7d8c4d-4e3c-4730-8d93-5843b9ccb8f1,2022-04-11,2,34.2,32.4,36
cf7d8c4d-4e3c-4730-8d93-5843b9ccb8f1,2022-11-14,1,149.99,149.99,149.99
cf7d8c4d-4e3c-4730-8d93-5843b9ccb8f1,2022-11-28,1,27,27,27
cf7d8c4d-4e3c-4730-8d93-5843b9ccb8f1,2022-12-05,1,27,27,27
cf7d8c4d-4e3c-4730-8d93-5843b9ccb8f1,2022-12-19,2,57,44.01,69.99
cf7d8c4d-4e3c-4730-8d93-5843b9ccb8f1,2023-02-20,1,16.2,16.2,16.2
cf7d8c4d-4e3c-4730-8d93-5843b9ccb8f1,2023-03-20,1,60,60,60
cf7d8c4d-4e3c-4730-8d93-5843b9ccb8f1,2023-05-29,1,38.77,38.77,38.77
cf7d8c4d-4e3c-4730-8d93-5843b9ccb8f1,2023-06-05,1,49.99,49.99,49.99
cf7d8c4d-4e3c-4730-8d93-5843b9ccb8f1,2023-08-07,1,32,32,32
cf7d8c4d-4e3c-4730-8d93-5843b9ccb8f1,2023-09-18,1,34,34,34
cf7d8c4d-4e3c-4730-8d93-5843b9ccb8f1,2024-01-15,1,38,38,38
cf7d8c4d-4e3c-4730-8d93-5843b9ccb8f1,2024-02-12,1,10.19,10.19,10.19
cf7d8c4d-4e3c-4730-8d93-5843b9ccb8f1,2024-02-19,1,31,31,31
cf7d8c4d-4e3c-4730-8d93-5843b9ccb8f1,2024-06-17,1,13.5,13.5,13.5
cf7d8c4d-4e3c-4730-8d93-5843b9ccb8f1,2024-06-24,1,30.25,30.25,30.25
cf7d8c4d-4e3c-4730-8d93-5843b9ccb8f1,2024-11-25,3,18.34,17.5,19.5
cf7d8c4d-4e3c-4730-8d93-5843b9ccb8f1,2024-12-30,1,29.84,29.84,29.84
cf7d8c4d-4e3c-4730-8d93-5843b9ccb8f1,2025-02-03,1,38.11,38.11,38.11
cf7d8c4d-4e3c-4730-8d93-5843b9ccb8f1,2025-03-10,2,34.99,28.99,41
cf7d8c4d-4e3c-4730-8d93-5843b9ccb8f1,2025-04-21,1,50,50,50
cf7d8c4d-4e3c-4730-8d93-5843b9ccb8f1,2025-06-23,1,21.5,21.5,21.5
cf7d8c4d-4e3c-4730-8d93-5843b9ccb8f1,2025-12-15,1,59.72,59.72,59.72
cf7d8c4d-4e3c-4730-8d93-5843b9ccb8f1,2026-03-02,1,39,39,39
cf7d8c4d-4e3c-4730-8d93-5843b9ccb8f1,2026-05-18,1,65,65,65
cf7d8c4d-4e3c-4730-8d93-5843b9ccb8f1,2026-08-31,1,100,100,100
cf7d9e8f-188e-43f6-a20e-4a15cde1442a,2022-03-14,1,36,36,36
cf7d9e8f-188e-43f6-a20e-4a15cde1442a,2022-04-25,1,31,31,31
cf7d9e8f-188e-43f6-a20e-4a15cde1442a,2025-09-01,1,50,50,50
cf81f87c-a165-45a5-a74c-305a3d9333fc,2021-05-03,1,129.99,129.99,129.99
cf81f87c-a165-45a5-a74c-305a3d9333fc,2022-03-28,1,117.5,117.5,117.5
cf81f87c-a165-45a5-a74c-305a3d9333fc,2022-04-11,1,104.95,104.95,104.95
cf81f87c-a165-45a5-a74c-305a3d9333fc,2023-01-30,1,110,110,110
cf81f87c-a165-45a5-a74c-305a3d9333fc,2023-05-29,1,31.2,31.2,31.2
cf81f87c-a165-45a5-a74c-305a3d9333fc,2023-08-14,1,33.6,33.6,33.6
cf81f87c-a165-45a5-a74c-305a3d9333fc,2024-04-22,1,75,75,75
cf81f87c-a165-45a5-a74c-305a3d9333fc,2024-08-26,1,80.99,80.99,80.99
cf81f87c-a165-45a5-a74c-305a3d9333fc,2024-12-09,1,54,54,54
cf81f87c-a165-45a5-a74c-305a3d9333fc,2026-04-13,1,500,500,500
cf843423-9d0c-4452-a13e-e3e89cff0ee9,2025-08-25,1,35,35,35
cf843423-9d0c-4452-a13e-e3e89cff0ee9,2026-03-16,1,50,50,50
cf843423-9d0c-4452-a13e-e3e89cff0ee9,2026-05-25,1,52.5,52.5,52.5
cf86b8ac-26b4-46db-8651-da47419b4536,2021-04-12,1,152.5,152.5,152.5
cf86b8ac-26b4-46db-8651-da47419b4536,2021-05-24,1,140,140,140
cf86b8ac-26b4-46db-8651-da47419b4536,2021-06-07,1,195,195,195
cf86b8ac-26b4-46db-8651-da47419b4536,2021-06-28,2,115.25,110.5,120
cf86b8ac-26b4-46db-8651-da47419b4536,2021-07-19,1,91,91,91
cf86b8ac-26b4-46db-8651-da47419b4536,2021-07-26,1,172.5,172.5,172.5
cf86b8ac-26b4-46db-8651-da47419b4536,2021-08-16,1,140,140,140
cf86b8ac-26b4-46db-8651-da47419b4536,2021-10-04,1,83,83,83
cf86b8ac-26b4-46db-8651-da47419b4536,2021-10-11,1,102.5,102.5,102.5
cf86b8ac-26b4-46db-8651-da47419b4536,2021-11-15,1,59,59,59
cf86b8ac-26b4-46db-8651-da47419b4536,2021-11-22,2,92.5,85,100
cf86b8ac-26b4-46db-8651-da47419b4536,2021-12-06,1,86,86,86
cf86b8ac-26b4-46db-8651-da47419b4536,2022-02-07,1,76,76,76
cf86b8ac-26b4-46db-8651-da47419b4536,2022-02-14,1,95,95,95
cf86b8ac-26b4-46db-8651-da47419b4536,2022-03-28,1,91.2,91.2,91.2
cf86b8ac-26b4-46db-8651-da47419b4536,2022-08-15,1,113.61,113.61,113.61
cf86b8ac-26b4-46db-8651-da47419b4536,2022-08-29,1,70,70,70
cf86b8ac-26b4-46db-8651-da47419b4536,2022-09-12,1,71,71,71
cf86b8ac-26b4-46db-8651-da47419b4536,2022-09-26,2,111.62,98.25,125
cf86b8ac-26b4-46db-8651-da47419b4536,2022-10-03,4,114.43,108.18,128.5
cf86b8ac-26b4-46db-8651-da47419b4536,2022-10-10,1,172.1,172.1,172.1
cf86b8ac-26b4-46db-8651-da47419b4536,2022-10-17,1,200,200,200
cf86b8ac-26b4-46db-8651-da47419b4536,2022-11-07,1,131.73,131.73,131.73
cf86b8ac-26b4-46db-8651-da47419b4536,2022-11-14,1,150,150,150
cf86b8ac-26b4-46db-8651-da47419b4536,2022-11-28,1,146.81,146.81,146.81
cf86b8ac-26b4-46db-8651-da47419b4536,2022-12-12,2,153.75,150,157.5
cf86b8ac-26b4-46db-8651-da47419b4536,2023-01-16,1,172.5,172.5,172.5
cf86b8ac-26b4-46db-8651-da47419b4536,2023-01-23,1,123.5,123.5,123.5
cf86b8ac-26b4-46db-8651-da47419b4536,2023-01-30,2,151.25,102.5,200
cf86b8ac-26b4-46db-8651-da47419b4536,2023-02-06,1,175,175,175
cf86b8ac-26b4-46db-8651-da47419b4536,2023-02-13,1,199,199,199
cf86b8ac-26b4-46db-8651-da47419b4536,2023-02-20,1,187.5,187.5,187.5
cf86b8ac-26b4-46db-8651-da47419b4536,2023-03-06,2,220,215,225
cf86b8ac-26b4-46db-8651-da47419b4536,2023-03-20,1,202.5,202.5,202.5
cf86b8ac-26b4-46db-8651-da47419b4536,2023-03-27,1,162,162,162
cf86b8ac-26b4-46db-8651-da47419b4536,2023-05-01,2,128.97,124.43,133.5
cf86b8ac-26b4-46db-8651-da47419b4536,2023-05-08,1,200,200,200
cf86b8ac-26b4-46db-8651-da47419b4536,2023-05-22,2,221.03,209.89,232.18
cf86b8ac-26b4-46db-8651-da47419b4536,2023-05-29,5,357.94,300,384
cf86b8ac-26b4-46db-8651-da47419b4536,2023-06-05,2,288,288,288
cf86b8ac-26b4-46db-8651-da47419b4536,2023-06-12,2,307,288,326
cf86b8ac-26b4-46db-8651-da47419b4536,2023-06-19,3,222.42,189.48,312
cf86b8ac-26b4-46db-8651-da47419b4536,2023-06-26,2,282,264,300
cf86b8ac-26b4-46db-8651-da47419b4536,2023-07-03,1,300,300,300
cf86b8ac-26b4-46db-8651-da47419b4536,2023-07-10,2,272.59,255,290.18
cf86b8ac-26b4-46db-8651-da47419b4536,2023-07-17,2,249,223,275
cf86b8ac-26b4-46db-8651-da47419b4536,2023-07-24,1,287.99,287.99,287.99
cf86b8ac-26b4-46db-8651-da47419b4536,2023-07-31,1,210.27,210.27,210.27
cf86b8ac-26b4-46db-8651-da47419b4536,2023-08-07,1,221.17,221.17,221.17
cf86b8ac-26b4-46db-8651-da47419b4536,2023-08-28,2,171.32,150,192.65
cf86b8ac-26b4-46db-8651-da47419b4536,2023-09-04,3,175,144,199.99
cf86b8ac-26b4-46db-8651-da47419b4536,2023-09-11,2,172.5,170,175
cf86b8ac-26b4-46db-8651-da47419b4536,2023-09-18,2,164.95,122.5,207.4
cf86b8ac-26b4-46db-8651-da47419b4536,2023-09-25,1,179.99,179.99,179.99
cf86b8ac-26b4-46db-8651-da47419b4536,2023-10-16,3,125.02,105.5,175
cf86b8ac-26b4-46db-8651-da47419b4536,2023-11-06,2,119,98,140
cf86b8ac-26b4-46db-8651-da47419b4536,2023-11-27,1,102.5,102.5,102.5
cf86b8ac-26b4-46db-8651-da47419b4536,2023-12-04,3,100.35,98.4,131.11
cf86b8ac-26b4-46db-8651-da47419b4536,2023-12-11,1,71,71,71
cf86b8ac-26b4-46db-8651-da47419b4536,2023-12-18,1,62.9,62.9,62.9
cf86b8ac-26b4-46db-8651-da47419b4536,2024-01-01,2,123,86,159.99
cf86b8ac-26b4-46db-8651-da47419b4536,2024-01-22,2,64.5,63,66
cf86b8ac-26b4-46db-8651-da47419b4536,2024-02-12,1,49,49,49
cf86b8ac-26b4-46db-8651-da47419b4536,2024-02-26,1,70.86,70.86,70.86
cf86b8ac-26b4-46db-8651-da47419b4536,2024-03-11,1,149.88,149.88,149.88
cf86b8ac-26b4-46db-8651-da47419b4536,2024-03-18,2,85.8,51.6,120
cf86b8ac-26b4-46db-8651-da47419b4536,2024-03-25,1,45.1,45.1,45.1
cf86b8ac-26b4-46db-8651-da47419b4536,2024-04-08,1,90,90,90
cf86b8ac-26b4-46db-8651-da47419b4536,2024-04-15,2,56,55,57
cf86b8ac-26b4-46db-8651-da47419b4536,2024-05-06,1,46,46,46
cf86b8ac-26b4-46db-8651-da47419b4536,2024-05-13,1,46,46,46
cf86b8ac-26b4-46db-8651-da47419b4536,2024-05-20,2,55.34,52.07,58.6
cf86b8ac-26b4-46db-8651-da47419b4536,2024-06-10,1,54.51,54.51,54.51
cf86b8ac-26b4-46db-8651-da47419b4536,2024-06-17,2,87.5,81,94
cf86b8ac-26b4-46db-8651-da47419b4536,2024-07-08,1,47,47,47
cf86b8ac-26b4-46db-8651-da47419b4536,2024-07-15,1,50.9,50.9,50.9
cf86b8ac-26b4-46db-8651-da47419b4536,2024-07-22,1,100,100,100
cf86b8ac-26b4-46db-8651-da47419b4536,2024-08-12,1,67.05,67.05,67.05
cf86b8ac-26b4-46db-8651-da47419b4536,2024-08-26,1,70,70,70
cf86b8ac-26b4-46db-8651-da47419b4536,2024-09-16,1,17.89,17.89,17.89
cf86b8ac-26b4-46db-8651-da47419b4536,2024-09-23,1,57.69,57.69,57.69
cf86b8ac-26b4-46db-8651-da47419b4536,2024-10-07,2,41.94,33.88,49.99
cf86b8ac-26b4-46db-8651-da47419b4536,2024-10-21,2,57.06,56,58.12
cf86b8ac-26b4-46db-8651-da47419b4536,2024-11-04,1,38,38,38
cf86b8ac-26b4-46db-8651-da47419b4536,2024-11-18,2,37.55,30.1,45
cf86b8ac-26b4-46db-8651-da47419b4536,2024-11-25,1,55.2,55.2,55.2
cf86b8ac-26b4-46db-8651-da47419b4536,2024-12-02,2,54.29,48.59,59.99
cf86b8ac-26b4-46db-8651-da47419b4536,2024-12-16,1,31.2,31.2,31.2
cf86b8ac-26b4-46db-8651-da47419b4536,2024-12-23,2,43,41,45
cf86b8ac-26b4-46db-8651-da47419b4536,2024-12-30,1,46.8,46.8,46.8
cf86b8ac-26b4-46db-8651-da47419b4536,2025-01-13,3,53.14,50,53.94
cf86b8ac-26b4-46db-8651-da47419b4536,2025-02-03,1,75.73,75.73,75.73
cf86b8ac-26b4-46db-8651-da47419b4536,2025-02-17,1,51,51,51
cf86b8ac-26b4-46db-8651-da47419b4536,2025-03-03,1,77.51,77.51,77.51
cf86b8ac-26b4-46db-8651-da47419b4536,2025-03-17,1,55,55,55
cf86b8ac-26b4-46db-8651-da47419b4536,2025-03-31,1,56.4,56.4,56.4
cf86b8ac-26b4-46db-8651-da47419b4536,2025-04-14,1,65,65,65
cf86b8ac-26b4-46db-8651-da47419b4536,2025-05-12,2,44,43,45
cf86b8ac-26b4-46db-8651-da47419b4536,2025-05-26,1,74.09,74.09,74.09
cf86b8ac-26b4-46db-8651-da47419b4536,2025-06-02,1,69.99,69.99,69.99
cf86b8ac-26b4-46db-8651-da47419b4536,2025-06-30,1,94.99,94.99,94.99
cf86b8ac-26b4-46db-8651-da47419b4536,2025-07-07,1,65,65,65
cf86b8ac-26b4-46db-8651-da47419b4536,2025-07-14,2,88.63,87.28,89.99
cf86b8ac-26b4-46db-8651-da47419b4536,2025-08-18,1,89.99,89.99,89.99
cf86b8ac-26b4-46db-8651-da47419b4536,2025-09-15,2,49,42,56
cf86b8ac-26b4-46db-8651-da47419b4536,2025-10-06,1,52.2,52.2,52.2
cf86b8ac-26b4-46db-8651-da47419b4536,2025-10-20,1,45.2,45.2,45.2
cf86b8ac-26b4-46db-8651-da47419b4536,2025-10-27,1,45.3,45.3,45.3
cf86b8ac-26b4-46db-8651-da47419b4536,2025-11-10,1,46.1,46.1,46.1
cf86b8ac-26b4-46db-8651-da47419b4536,2025-11-17,1,30,30,30
cf86b8ac-26b4-46db-8651-da47419b4536,2025-12-15,1,85.48,85.48,85.48
cf86b8ac-26b4-46db-8651-da47419b4536,2026-01-12,1,99.99,99.99,99.99
cf86b8ac-26b4-46db-8651-da47419b4536,2026-02-09,2,39,37,41
cf86b8ac-26b4-46db-8651-da47419b4536,2026-03-02,1,40,40,40
cf86b8ac-26b4-46db-8651-da47419b4536,2026-04-06,1,60,60,60
cf86b8ac-26b4-46db-8651-da47419b4536,2026-04-20,1,73.49,73.49,73.49
cf86b8ac-26b4-46db-8651-da47419b4536,2026-05-04,1,39.99,39.99,39.99
cf86b8ac-26b4-46db-8651-da47419b4536,2026-05-11,1,35.5,35.5,35.5
cf86b8ac-26b4-46db-8651-da47419b4536,2026-05-25,1,65,65,65
cf86b8ac-26b4-46db-8651-da47419b4536,2026-06-08,1,106.43,106.43,106.43
cf86b8ac-26b4-46db-8651-da47419b4536,2026-06-29,2,58.34,53.2,63.47
cf86b8ac-26b4-46db-8651-da47419b4536,2026-07-13,2,54.67,51.38,57.97
cf86b8ac-26b4-46db-8651-da47419b4536,2026-07-27,2,42,26,58.01
cf86b8ac-26b4-46db-8651-da47419b4536,2026-08-10,3,60.84,40.8,69.99
cf86b8ac-26b4-46db-8651-da47419b4536,2026-08-17,1,61.94,61.94,61.94
cf8fa067-c9ea-4b69-a379-348bf0da7876,2023-02-06,1,27.99,27.99,27.99
cf8fa067-c9ea-4b69-a379-348bf0da7876,2023-02-20,1,30,30,30
cf8fa067-c9ea-4b69-a379-348bf0da7876,2023-02-27,1,129.95,129.95,129.95
cf8fa067-c9ea-4b69-a379-348bf0da7876,2023-04-10,1,35,35,35
cf8fa067-c9ea-4b69-a379-348bf0da7876,2023-04-17,1,26,26,26
cf8fa067-c9ea-4b69-a379-348bf0da7876,2023-05-08,1,30,30,30
cf8fa067-c9ea-4b69-a379-348bf0da7876,2023-05-29,2,31.85,25,38.7
cf8fa067-c9ea-4b69-a379-348bf0da7876,2023-06-05,1,35.85,35.85,35.85
cf8fa067-c9ea-4b69-a379-348bf0da7876,2023-06-12,3,27,26,46
cf8fa067-c9ea-4b69-a379-348bf0da7876,2023-06-19,1,20.5,20.5,20.5
cf8fa067-c9ea-4b69-a379-348bf0da7876,2023-07-03,2,35.78,35.29,36.27
cf8fa067-c9ea-4b69-a379-348bf0da7876,2023-07-10,4,26.99,20.51,35.4
cf8fa067-c9ea-4b69-a379-348bf0da7876,2023-07-17,3,29.99,28,41
cf8fa067-c9ea-4b69-a379-348bf0da7876,2023-07-24,3,26,19.5,35
cf8fa067-c9ea-4b69-a379-348bf0da7876,2023-07-31,2,30,27,32.99
cf8fa067-c9ea-4b69-a379-348bf0da7876,2023-08-07,3,30,26,39.99
cf8fa067-c9ea-4b69-a379-348bf0da7876,2023-08-14,2,29.27,26.28,32.26
cf8fa067-c9ea-4b69-a379-348bf0da7876,2023-08-21,2,24.75,22.5,27
cf8fa067-c9ea-4b69-a379-348bf0da7876,2023-08-28,1,21.5,21.5,21.5
cf8fa067-c9ea-4b69-a379-348bf0da7876,2023-09-04,2,16.75,12.5,21
cf8fa067-c9ea-4b69-a379-348bf0da7876,2023-09-11,1,17.5,17.5,17.5
cf8fa067-c9ea-4b69-a379-348bf0da7876,2023-09-25,1,49,49,49
cf8fa067-c9ea-4b69-a379-348bf0da7876,2023-10-02,1,20,20,20
cf8fa067-c9ea-4b69-a379-348bf0da7876,2023-10-09,3,18.24,10.5,29.99
cf8fa067-c9ea-4b69-a379-348bf0da7876,2023-10-16,4,27.24,15,35.99
cf8fa067-c9ea-4b69-a379-348bf0da7876,2023-10-23,2,22.64,13.5,31.79
cf8fa067-c9ea-4b69-a379-348bf0da7876,2023-10-30,2,28.32,20.5,36.15
cf8fa067-c9ea-4b69-a379-348bf0da7876,2023-11-06,2,22,21.5,22.5
cf8fa067-c9ea-4b69-a379-348bf0da7876,2023-11-13,5,19.52,13.5,48.91
cf8fa067-c9ea-4b69-a379-348bf0da7876,2023-11-20,3,15.51,15.5,22.8
cf8fa067-c9ea-4b69-a379-348bf0da7876,2023-11-27,1,25,25,25
cf8fa067-c9ea-4b69-a379-348bf0da7876,2023-12-04,2,20.76,16.53,24.99
cf8fa067-c9ea-4b69-a379-348bf0da7876,2023-12-11,2,23.3,19.6,27
cf8fa067-c9ea-4b69-a379-348bf0da7876,2023-12-25,3,30,24.7,40
cf8fa067-c9ea-4b69-a379-348bf0da7876,2024-01-01,2,19.9,14.5,25.3
cf8fa067-c9ea-4b69-a379-348bf0da7876,2024-01-08,2,29.61,25,34.23
cf8fa067-c9ea-4b69-a379-348bf0da7876,2024-01-15,2,22.75,19.5,26
cf8fa067-c9ea-4b69-a379-348bf0da7876,2024-01-22,2,20.11,17.5,22.72
cf8fa067-c9ea-4b69-a379-348bf0da7876,2024-01-29,2,20.24,14.5,25.99
cf8fa067-c9ea-4b69-a379-348bf0da7876,2024-02-05,1,12,12,12
cf8fa067-c9ea-4b69-a379-348bf0da7876,2024-02-12,1,11,11,11
cf8fa067-c9ea-4b69-a379-348bf0da7876,2024-02-19,3,18.93,17.08,37.7
cf8fa067-c9ea-4b69-a379-348bf0da7876,2024-02-26,2,20.9,19,22.8
cf8fa067-c9ea-4b69-a379-348bf0da7876,2024-03-04,4,21.59,16.5,26
cf8fa067-c9ea-4b69-a379-348bf0da7876,2024-03-11,4,23.95,17.2,32.5
cf8fa067-c9ea-4b69-a379-348bf0da7876,2024-03-18,2,14.93,14.36,15.5
cf8fa067-c9ea-4b69-a379-348bf0da7876,2024-03-25,1,26.53,26.53,26.53
cf8fa067-c9ea-4b69-a379-348bf0da7876,2024-04-08,1,15,15,15
cf8fa067-c9ea-4b69-a379-348bf0da7876,2024-04-15,1,19.2,19.2,19.2
cf8fa067-c9ea-4b69-a379-348bf0da7876,2024-04-22,3,27.99,15.5,31.78
cf8fa067-c9ea-4b69-a379-348bf0da7876,2024-04-29,1,20,20,20
cf8fa067-c9ea-4b69-a379-348bf0da7876,2024-05-06,1,32.52,32.52,32.52
cf8fa067-c9ea-4b69-a379-348bf0da7876,2024-05-13,1,22,22,22
cf8fa067-c9ea-4b69-a379-348bf0da7876,2024-05-27,1,25,25,25
cf8fa067-c9ea-4b69-a379-348bf0da7876,2024-06-17,1,31.45,31.45,31.45
cf8fa067-c9ea-4b69-a379-348bf0da7876,2024-06-24,1,18.5,18.5,18.5
cf8fa067-c9ea-4b69-a379-348bf0da7876,2024-07-29,1,22,22,22
cf8fa067-c9ea-4b69-a379-348bf0da7876,2024-08-12,1,29.99,29.99,29.99
cf8fa067-c9ea-4b69-a379-348bf0da7876,2024-08-26,1,22.69,22.69,22.69
cf8fa067-c9ea-4b69-a379-348bf0da7876,2024-09-02,1,40.5,40.5,40.5
cf8fa067-c9ea-4b69-a379-348bf0da7876,2024-09-09,1,20,20,20
cf8fa067-c9ea-4b69-a379-348bf0da7876,2024-09-30,1,30,30,30
cf8fa067-c9ea-4b69-a379-348bf0da7876,2024-10-07,1,35,35,35
cf8fa067-c9ea-4b69-a379-348bf0da7876,2024-11-04,1,20,20,20
cf8fa067-c9ea-4b69-a379-348bf0da7876,2024-11-11,1,16.27,16.27,16.27
cf8fa067-c9ea-4b69-a379-348bf0da7876,2024-12-02,3,24,19,39.99
cf8fa067-c9ea-4b69-a379-348bf0da7876,2024-12-09,1,27.75,27.75,27.75
cf8fa067-c9ea-4b69-a379-348bf0da7876,2024-12-16,1,20.4,20.4,20.4
cf8fa067-c9ea-4b69-a379-348bf0da7876,2024-12-30,2,24.86,20,29.72
cf8fa067-c9ea-4b69-a379-348bf0da7876,2025-01-20,1,19.5,19.5,19.5
cf8fa067-c9ea-4b69-a379-348bf0da7876,2025-01-27,1,25,25,25
cf8fa067-c9ea-4b69-a379-348bf0da7876,2025-02-10,1,8.5,8.5,8.5
cf8fa067-c9ea-4b69-a379-348bf0da7876,2025-02-17,2,32.6,28,37.2
cf8fa067-c9ea-4b69-a379-348bf0da7876,2025-02-24,1,26,26,26
cf8fa067-c9ea-4b69-a379-348bf0da7876,2025-03-10,2,27.57,23.15,31.99
cf8fa067-c9ea-4b69-a379-348bf0da7876,2025-03-24,2,37.49,26.88,48.11
cf8fa067-c9ea-4b69-a379-348bf0da7876,2025-04-21,2,27.19,26.4,27.98
cf8fa067-c9ea-4b69-a379-348bf0da7876,2025-04-28,1,19.5,19.5,19.5
cf8fa067-c9ea-4b69-a379-348bf0da7876,2025-05-05,1,32.4,32.4,32.4
cf8fa067-c9ea-4b69-a379-348bf0da7876,2025-05-12,2,30,30,30
cf8fa067-c9ea-4b69-a379-348bf0da7876,2025-05-26,3,29.99,25.18,31.99
cf8fa067-c9ea-4b69-a379-348bf0da7876,2025-06-16,1,32.5,32.5,32.5
cf8fa067-c9ea-4b69-a379-348bf0da7876,2025-06-23,2,25.99,21.99,30
cf8fa067-c9ea-4b69-a379-348bf0da7876,2025-07-07,1,23.99,23.99,23.99
cf8fa067-c9ea-4b69-a379-348bf0da7876,2025-07-14,1,31.99,31.99,31.99
cf8fa067-c9ea-4b69-a379-348bf0da7876,2025-07-21,2,35.99,31.99,40
cf8fa067-c9ea-4b69-a379-348bf0da7876,2025-08-04,3,30,25,36
cf8fa067-c9ea-4b69-a379-348bf0da7876,2025-08-18,1,35,35,35
cf8fa067-c9ea-4b69-a379-348bf0da7876,2025-08-25,2,34.99,31.99,38
cf8fa067-c9ea-4b69-a379-348bf0da7876,2025-09-01,1,29,29,29
cf8fa067-c9ea-4b69-a379-348bf0da7876,2025-09-15,1,62.69,62.69,62.69
cf8fa067-c9ea-4b69-a379-348bf0da7876,2025-09-22,2,38.7,36,41.39
cf8fa067-c9ea-4b69-a379-348bf0da7876,2025-09-29,1,37.99,37.99,37.99
cf8fa067-c9ea-4b69-a379-348bf0da7876,2025-10-06,2,46.5,37.99,55
cf8fa067-c9ea-4b69-a379-348bf0da7876,2025-10-20,1,64.99,64.99,64.99
cf8fa067-c9ea-4b69-a379-348bf0da7876,2025-10-27,3,55,39,60
cf8fa067-c9ea-4b69-a379-348bf0da7876,2025-11-03,1,54.9,54.9,54.9
cf8fa067-c9ea-4b69-a379-348bf0da7876,2025-12-01,1,49,49,49
cf8fa067-c9ea-4b69-a379-348bf0da7876,2025-12-08,1,48,48,48
cf8fa067-c9ea-4b69-a379-348bf0da7876,2025-12-15,1,35.2,35.2,35.2
cf8fa067-c9ea-4b69-a379-348bf0da7876,2025-12-22,1,26,26,26
cf8fa067-c9ea-4b69-a379-348bf0da7876,2026-01-12,1,29.95,29.95,29.95
cf8fa067-c9ea-4b69-a379-348bf0da7876,2026-02-09,1,63.95,63.95,63.95
cf8fa067-c9ea-4b69-a379-348bf0da7876,2026-03-02,1,70,70,70
cf8fa067-c9ea-4b69-a379-348bf0da7876,2026-03-09,3,42,38.4,55.4
cf8fa067-c9ea-4b69-a379-348bf0da7876,2026-03-16,1,48,48,48
cf8fa067-c9ea-4b69-a379-348bf0da7876,2026-03-23,5,57,37,65
cf8fa067-c9ea-4b69-a379-348bf0da7876,2026-03-30,3,60,55,69.99
cf8fa067-c9ea-4b69-a379-348bf0da7876,2026-04-06,4,51.25,33,70
cf8fa067-c9ea-4b69-a379-348bf0da7876,2026-04-13,5,55,48,85
cf8fa067-c9ea-4b69-a379-348bf0da7876,2026-04-20,3,65,49.99,87
cf8fa067-c9ea-4b69-a379-348bf0da7876,2026-04-27,1,110,110,110
cf8fa067-c9ea-4b69-a379-348bf0da7876,2026-05-04,1,144.95,144.95,144.95
cf8fa067-c9ea-4b69-a379-348bf0da7876,2026-05-11,1,130,130,130
cf8fa067-c9ea-4b69-a379-348bf0da7876,2026-05-18,4,89.69,63.6,93
cf8fa067-c9ea-4b69-a379-348bf0da7876,2026-05-25,2,78.84,69.69,88
cf8fa067-c9ea-4b69-a379-348bf0da7876,2026-06-08,1,80.98,80.98,80.98
cf8fa067-c9ea-4b69-a379-348bf0da7876,2026-06-15,2,89.5,74,105
cf8fa067-c9ea-4b69-a379-348bf0da7876,2026-06-22,4,124.99,95,199.95
cf8fa067-c9ea-4b69-a379-348bf0da7876,2026-06-29,1,173.54,173.54,173.54
cf8fa067-c9ea-4b69-a379-348bf0da7876,2026-07-06,1,170,170,170
cf8fa067-c9ea-4b69-a379-348bf0da7876,2026-07-13,2,86.25,78.9,93.6
cf8fa067-c9ea-4b69-a379-348bf0da7876,2026-07-20,1,86.4,86.4,86.4
cf8fa067-c9ea-4b69-a379-348bf0da7876,2026-07-27,1,86.4,86.4,86.4
cf8fa067-c9ea-4b69-a379-348bf0da7876,2026-08-03,1,100,100,100
cf8fa067-c9ea-4b69-a379-348bf0da7876,2026-08-10,2,86,72,100
cf8fa067-c9ea-4b69-a379-348bf0da7876,2026-08-17,1,85,85,85
cf8fa067-c9ea-4b69-a379-348bf0da7876,2026-08-24,1,89.99,89.99,89.99
cf8fa067-c9ea-4b69-a379-348bf0da7876,2026-09-14,2,62,53,71
cf8fa067-c9ea-4b69-a379-348bf0da7876,2026-09-21,3,64,43,71
cf90d660-498e-4356-a533-794880ef67f6,2023-03-13,1,360,360,360
cf90d660-498e-4356-a533-794880ef67f6,2023-11-06,1,177.79,177.79,177.79
cf90d660-498e-4356-a533-794880ef67f6,2025-12-15,1,529,529,529
cf9321bd-72b8-4153-a647-f042b6cd48b6,2021-04-26,1,125,125,125
cf9321bd-72b8-4153-a647-f042b6cd48b6,2021-05-10,1,134.95,134.95,134.95
cf9321bd-72b8-4153-a647-f042b6cd48b6,2021-08-23,1,130.27,130.27,130.27
cf9321bd-72b8-4153-a647-f042b6cd48b6,2022-04-18,1,132,132,132
cf9321bd-72b8-4153-a647-f042b6cd48b6,2022-08-15,2,84.5,83,86
cf9321bd-72b8-4153-a647-f042b6cd48b6,2022-09-12,1,86.56,86.56,86.56
cf9321bd-72b8-4153-a647-f042b6cd48b6,2022-11-07,1,55.88,55.88,55.88
cf9321bd-72b8-4153-a647-f042b6cd48b6,2022-12-12,1,76.49,76.49,76.49
cf9321bd-72b8-4153-a647-f042b6cd48b6,2022-12-19,1,76.49,76.49,76.49
cf9321bd-72b8-4153-a647-f042b6cd48b6,2023-01-09,1,76.49,76.49,76.49
cf9321bd-72b8-4153-a647-f042b6cd48b6,2023-01-16,2,75,65,85
cf9321bd-72b8-4153-a647-f042b6cd48b6,2023-01-23,3,76.49,76.49,110.4
cf9321bd-72b8-4153-a647-f042b6cd48b6,2023-01-30,1,76.49,76.49,76.49
cf9321bd-72b8-4153-a647-f042b6cd48b6,2023-03-06,1,60,60,60
cf9321bd-72b8-4153-a647-f042b6cd48b6,2023-04-24,1,69,69,69
cf9321bd-72b8-4153-a647-f042b6cd48b6,2023-05-15,1,56,56,56
cf9321bd-72b8-4153-a647-f042b6cd48b6,2023-05-29,1,65,65,65
cf9321bd-72b8-4153-a647-f042b6cd48b6,2023-06-05,2,73.53,59,88.06
cf9321bd-72b8-4153-a647-f042b6cd48b6,2023-06-26,1,72,72,72
cf9321bd-72b8-4153-a647-f042b6cd48b6,2023-07-31,1,56.87,56.87,56.87
cf9321bd-72b8-4153-a647-f042b6cd48b6,2023-08-28,1,141.99,141.99,141.99
cf9321bd-72b8-4153-a647-f042b6cd48b6,2023-09-11,1,41,41,41
cf9321bd-72b8-4153-a647-f042b6cd48b6,2023-09-25,1,32,32,32
cf9321bd-72b8-4153-a647-f042b6cd48b6,2023-10-09,1,54.99,54.99,54.99
cf9321bd-72b8-4153-a647-f042b6cd48b6,2023-10-16,1,31.6,31.6,31.6
cf9321bd-72b8-4153-a647-f042b6cd48b6,2023-12-04,2,36.25,22.5,50
cf9321bd-72b8-4153-a647-f042b6cd48b6,2023-12-11,1,36,36,36
cf9321bd-72b8-4153-a647-f042b6cd48b6,2023-12-18,3,38.99,31,41
cf9321bd-72b8-4153-a647-f042b6cd48b6,2024-01-08,1,50,50,50
cf9321bd-72b8-4153-a647-f042b6cd48b6,2024-01-15,1,63.26,63.26,63.26
cf9321bd-72b8-4153-a647-f042b6cd48b6,2024-01-29,2,37.61,33.71,41.51
cf9321bd-72b8-4153-a647-f042b6cd48b6,2024-02-26,1,27,27,27
cf9321bd-72b8-4153-a647-f042b6cd48b6,2024-04-01,1,41,41,41
cf9321bd-72b8-4153-a647-f042b6cd48b6,2024-04-08,1,97.05,97.05,97.05
cf9321bd-72b8-4153-a647-f042b6cd48b6,2024-07-08,1,45,45,45
cf9321bd-72b8-4153-a647-f042b6cd48b6,2024-07-29,1,36,36,36
cf9321bd-72b8-4153-a647-f042b6cd48b6,2024-08-26,2,44.6,44,45.2
cf9321bd-72b8-4153-a647-f042b6cd48b6,2024-10-14,1,39.11,39.11,39.11
cf9321bd-72b8-4153-a647-f042b6cd48b6,2024-10-21,2,36.73,35,38.45
cf9321bd-72b8-4153-a647-f042b6cd48b6,2024-10-28,2,27.75,23.5,32
cf9321bd-72b8-4153-a647-f042b6cd48b6,2024-12-16,3,42,35,93.71
cf9321bd-72b8-4153-a647-f042b6cd48b6,2024-12-30,1,35.99,35.99,35.99
cf9321bd-72b8-4153-a647-f042b6cd48b6,2025-01-06,1,43.2,43.2,43.2
cf9321bd-72b8-4153-a647-f042b6cd48b6,2025-01-20,2,38.5,37,39.99
cf9321bd-72b8-4153-a647-f042b6cd48b6,2025-01-27,1,36,36,36
cf9321bd-72b8-4153-a647-f042b6cd48b6,2025-02-03,1,30,30,30
cf9321bd-72b8-4153-a647-f042b6cd48b6,2025-03-03,1,49.1,49.1,49.1
cf9321bd-72b8-4153-a647-f042b6cd48b6,2025-03-31,1,27.13,27.13,27.13
cf9321bd-72b8-4153-a647-f042b6cd48b6,2025-06-23,1,54.99,54.99,54.99
cf9321bd-72b8-4153-a647-f042b6cd48b6,2025-06-30,1,50.4,50.4,50.4
cf9321bd-72b8-4153-a647-f042b6cd48b6,2025-07-07,2,60.48,59.95,61
cf9321bd-72b8-4153-a647-f042b6cd48b6,2025-08-11,2,69,63,75
cf9321bd-72b8-4153-a647-f042b6cd48b6,2025-09-01,1,63,63,63
cf9321bd-72b8-4153-a647-f042b6cd48b6,2025-09-08,1,81.95,81.95,81.95
cf9321bd-72b8-4153-a647-f042b6cd48b6,2025-09-15,1,70,70,70
cf9321bd-72b8-4153-a647-f042b6cd48b6,2025-10-06,1,70,70,70
cf9321bd-72b8-4153-a647-f042b6cd48b6,2025-10-20,1,110.72,110.72,110.72
cf9321bd-72b8-4153-a647-f042b6cd48b6,2025-11-03,1,95.21,95.21,95.21
cf9321bd-72b8-4153-a647-f042b6cd48b6,2025-12-01,1,94.3,94.3,94.3
cf9321bd-72b8-4153-a647-f042b6cd48b6,2025-12-08,2,97.5,95,100
cf9321bd-72b8-4153-a647-f042b6cd48b6,2025-12-15,1,82,82,82
cf9321bd-72b8-4153-a647-f042b6cd48b6,2025-12-29,1,101,101,101
cf9321bd-72b8-4153-a647-f042b6cd48b6,2026-01-19,1,65,65,65
cf9321bd-72b8-4153-a647-f042b6cd48b6,2026-02-09,2,77.36,72.72,82
cf9321bd-72b8-4153-a647-f042b6cd48b6,2026-03-16,1,100,100,100
cf9321bd-72b8-4153-a647-f042b6cd48b6,2026-03-23,1,100,100,100
cf9321bd-72b8-4153-a647-f042b6cd48b6,2026-03-30,1,120,120,120
cf9321bd-72b8-4153-a647-f042b6cd48b6,2026-04-06,1,95,95,95
cf9321bd-72b8-4153-a647-f042b6cd48b6,2026-04-13,1,117.5,117.5,117.5
cf9321bd-72b8-4153-a647-f042b6cd48b6,2026-04-27,1,140,140,140
cf9321bd-72b8-4153-a647-f042b6cd48b6,2026-05-04,2,153.75,107.5,199.99
cf9321bd-72b8-4153-a647-f042b6cd48b6,2026-05-18,1,140,140,140
cf9321bd-72b8-4153-a647-f042b6cd48b6,2026-05-25,1,159.73,159.73,159.73
cf9321bd-72b8-4153-a647-f042b6cd48b6,2026-06-15,2,139.14,128.34,149.95
cf9321bd-72b8-4153-a647-f042b6cd48b6,2026-06-22,4,212.83,170.41,219.99
cf9321bd-72b8-4153-a647-f042b6cd48b6,2026-06-29,1,190,190,190
cf9321bd-72b8-4153-a647-f042b6cd48b6,2026-07-06,1,219,219,219
cf9321bd-72b8-4153-a647-f042b6cd48b6,2026-07-13,2,123.85,102.21,145.5
cf9321bd-72b8-4153-a647-f042b6cd48b6,2026-08-03,2,160.75,150.5,171
cf9321bd-72b8-4153-a647-f042b6cd48b6,2026-08-10,1,168.5,168.5,168.5
cf9321bd-72b8-4153-a647-f042b6cd48b6,2026-08-24,2,122.5,117.5,127.5
cf9321bd-72b8-4153-a647-f042b6cd48b6,2026-08-31,1,117.5,117.5,117.5
cf9321bd-72b8-4153-a647-f042b6cd48b6,2026-09-07,2,104.27,100,108.53
cf9321bd-72b8-4153-a647-f042b6cd48b6,2026-09-14,1,100,100,100
cf93a9dd-cecb-46ec-8d47-4e6de687c87d,2021-06-21,1,81,81,81
cf93a9dd-cecb-46ec-8d47-4e6de687c87d,2021-07-05,1,58,58,58
cf93a9dd-cecb-46ec-8d47-4e6de687c87d,2021-11-08,1,48,48,48
cf93a9dd-cecb-46ec-8d47-4e6de687c87d,2021-12-13,1,86,86,86
cf93a9dd-cecb-46ec-8d47-4e6de687c87d,2022-03-14,2,43.2,38.4,48
cf93a9dd-cecb-46ec-8d47-4e6de687c87d,2022-03-21,1,26,26,26
cf93a9dd-cecb-46ec-8d47-4e6de687c87d,2022-04-04,1,15.34,15.34,15.34
cf93a9dd-cecb-46ec-8d47-4e6de687c87d,2022-04-11,1,10,10,10
cf93a9dd-cecb-46ec-8d47-4e6de687c87d,2022-05-23,1,39,39,39
cf93a9dd-cecb-46ec-8d47-4e6de687c87d,2022-06-27,1,26,26,26
cf93a9dd-cecb-46ec-8d47-4e6de687c87d,2022-08-22,1,19.2,19.2,19.2
cf93a9dd-cecb-46ec-8d47-4e6de687c87d,2022-11-14,2,33.73,22.5,44.95
cf93a9dd-cecb-46ec-8d47-4e6de687c87d,2022-11-21,1,37.05,37.05,37.05
cf93a9dd-cecb-46ec-8d47-4e6de687c87d,2022-11-28,1,34,34,34
cf93a9dd-cecb-46ec-8d47-4e6de687c87d,2023-01-30,1,20.5,20.5,20.5
cf93a9dd-cecb-46ec-8d47-4e6de687c87d,2023-03-13,1,22.54,22.54,22.54
cf93a9dd-cecb-46ec-8d47-4e6de687c87d,2023-04-03,1,28.95,28.95,28.95
cf93a9dd-cecb-46ec-8d47-4e6de687c87d,2023-07-31,1,30,30,30
cf93a9dd-cecb-46ec-8d47-4e6de687c87d,2023-08-21,1,31.2,31.2,31.2
cf93a9dd-cecb-46ec-8d47-4e6de687c87d,2023-09-04,1,20.5,20.5,20.5
cf93a9dd-cecb-46ec-8d47-4e6de687c87d,2023-09-18,2,32.59,25.2,39.99
cf93a9dd-cecb-46ec-8d47-4e6de687c87d,2024-02-12,1,28,28,28
cf93a9dd-cecb-46ec-8d47-4e6de687c87d,2024-03-18,1,28,28,28
cf93a9dd-cecb-46ec-8d47-4e6de687c87d,2024-06-10,1,50,50,50
cf93a9dd-cecb-46ec-8d47-4e6de687c87d,2024-10-21,1,39,39,39
cf93a9dd-cecb-46ec-8d47-4e6de687c87d,2024-12-09,1,22.01,22.01,22.01
cf93a9dd-cecb-46ec-8d47-4e6de687c87d,2024-12-23,1,21.5,21.5,21.5
cf93a9dd-cecb-46ec-8d47-4e6de687c87d,2025-02-10,1,39,39,39
cf93a9dd-cecb-46ec-8d47-4e6de687c87d,2025-03-10,1,45,45,45
cf93a9dd-cecb-46ec-8d47-4e6de687c87d,2025-04-14,1,38.54,38.54,38.54
cf93a9dd-cecb-46ec-8d47-4e6de687c87d,2025-06-30,1,38,38,38
cf93a9dd-cecb-46ec-8d47-4e6de687c87d,2025-08-25,1,40.32,40.32,40.32
cf93a9dd-cecb-46ec-8d47-4e6de687c87d,2025-12-01,1,59.99,59.99,59.99
cf93a9dd-cecb-46ec-8d47-4e6de687c87d,2026-03-16,1,100,100,100
cf93a9dd-cecb-46ec-8d47-4e6de687c87d,2026-04-13,1,115,115,115
cf93a9dd-cecb-46ec-8d47-4e6de687c87d,2026-04-20,1,105,105,105
cf93a9dd-cecb-46ec-8d47-4e6de687c87d,2026-05-04,1,110,110,110
cf93a9dd-cecb-46ec-8d47-4e6de687c87d,2026-06-22,1,96,96,96
cf93a9dd-cecb-46ec-8d47-4e6de687c87d,2026-08-31,1,91.2,91.2,91.2
cf93e455-983a-4b38-98c3-eff9c4a5c1f6,2024-01-01,1,8,8,8
cf93e455-983a-4b38-98c3-eff9c4a5c1f6,2024-01-08,1,9.5,9.5,9.5
cf93e455-983a-4b38-98c3-eff9c4a5c1f6,2024-03-18,1,14.5,14.5,14.5
cf93e455-983a-4b38-98c3-eff9c4a5c1f6,2024-07-15,1,19.99,19.99,19.99
cf93e455-983a-4b38-98c3-eff9c4a5c1f6,2024-08-05,2,20.99,19.99,22
cf93e455-983a-4b38-98c3-eff9c4a5c1f6,2024-08-12,2,13.2,13.2,13.2
cf93e455-983a-4b38-98c3-eff9c4a5c1f6,2025-09-22,1,25,25,25
cf93e455-983a-4b38-98c3-eff9c4a5c1f6,2025-10-20,1,24.5,24.5,24.5
cf93e455-983a-4b38-98c3-eff9c4a5c1f6,2026-03-23,1,139.99,139.99,139.99
cf94299d-12ce-4ec7-8289-de88bd1c5ac0,2023-02-20,3,157.5,122.5,180
cf94299d-12ce-4ec7-8289-de88bd1c5ac0,2023-02-27,10,115,95,126.03
cf94299d-12ce-4ec7-8289-de88bd1c5ac0,2023-03-06,1,128.15,128.15,128.15
cf94299d-12ce-4ec7-8289-de88bd1c5ac0,2023-03-13,4,122.33,84.99,125.04
cf94299d-12ce-4ec7-8289-de88bd1c5ac0,2023-03-20,3,99,89.95,99.97
cf94299d-12ce-4ec7-8289-de88bd1c5ac0,2023-03-27,5,89.1,56,94.95
cf94299d-12ce-4ec7-8289-de88bd1c5ac0,2023-04-03,8,61.5,53,92.5
cf94299d-12ce-4ec7-8289-de88bd1c5ac0,2023-04-10,10,63.5,50,84.99
cf94299d-12ce-4ec7-8289-de88bd1c5ac0,2023-04-17,17,51,36,99.86
cf94299d-12ce-4ec7-8289-de88bd1c5ac0,2023-04-24,24,44.5,31.51,80.33
cf94299d-12ce-4ec7-8289-de88bd1c5ac0,2023-05-01,8,46.4,43,52
cf94299d-12ce-4ec7-8289-de88bd1c5ac0,2023-05-08,21,43.12,26.99,56
cf94299d-12ce-4ec7-8289-de88bd1c5ac0,2023-05-15,21,41,15.5,74.06
cf94299d-12ce-4ec7-8289-de88bd1c5ac0,2023-05-22,20,34.9,30,55.2
cf94299d-12ce-4ec7-8289-de88bd1c5ac0,2023-05-29,24,41,27.6,47
cf94299d-12ce-4ec7-8289-de88bd1c5ac0,2023-06-05,18,39.5,24.78,59.99
cf94299d-12ce-4ec7-8289-de88bd1c5ac0,2023-06-12,12,36,26,62
cf94299d-12ce-4ec7-8289-de88bd1c5ac0,2023-06-19,13,38.5,31.09,57.19
cf94299d-12ce-4ec7-8289-de88bd1c5ac0,2023-06-26,5,45,32.4,49.99
cf94299d-12ce-4ec7-8289-de88bd1c5ac0,2023-07-03,11,41,28.8,68.51
cf94299d-12ce-4ec7-8289-de88bd1c5ac0,2023-07-10,19,43,20,74.99
cf94299d-12ce-4ec7-8289-de88bd1c5ac0,2023-07-17,14,42,31,67.58
cf94299d-12ce-4ec7-8289-de88bd1c5ac0,2023-07-24,14,38,22.5,79
cf94299d-12ce-4ec7-8289-de88bd1c5ac0,2023-07-31,16,33,27.2,62.4
cf94299d-12ce-4ec7-8289-de88bd1c5ac0,2023-08-07,8,37.2,30,60
cf94299d-12ce-4ec7-8289-de88bd1c5ac0,2023-08-14,10,36,26,47
cf94299d-12ce-4ec7-8289-de88bd1c5ac0,2023-08-21,4,41.75,30,58.67
cf94299d-12ce-4ec7-8289-de88bd1c5ac0,2023-08-28,16,32.75,25.2,41.99
cf94299d-12ce-4ec7-8289-de88bd1c5ac0,2023-09-04,7,30,20.5,37
cf94299d-12ce-4ec7-8289-de88bd1c5ac0,2023-09-11,13,26,17.55,38.58
cf94299d-12ce-4ec7-8289-de88bd1c5ac0,2023-09-18,8,37.55,22.29,71.25
cf94299d-12ce-4ec7-8289-de88bd1c5ac0,2023-09-25,7,29.27,26.77,41
cf94299d-12ce-4ec7-8289-de88bd1c5ac0,2023-10-02,5,28.8,24.5,41
cf94299d-12ce-4ec7-8289-de88bd1c5ac0,2023-10-09,4,33.8,24,35.47
cf94299d-12ce-4ec7-8289-de88bd1c5ac0,2023-10-16,7,29.51,25.2,43.2
cf94299d-12ce-4ec7-8289-de88bd1c5ac0,2023-10-23,6,33,28.8,39.32
cf94299d-12ce-4ec7-8289-de88bd1c5ac0,2023-10-30,5,34.99,24,42.41
cf94299d-12ce-4ec7-8289-de88bd1c5ac0,2023-11-06,2,33,30,36
cf94299d-12ce-4ec7-8289-de88bd1c5ac0,2023-11-13,9,34,22.41,74.97
cf94299d-12ce-4ec7-8289-de88bd1c5ac0,2023-11-20,4,21.05,20,24
cf94299d-12ce-4ec7-8289-de88bd1c5ac0,2023-11-27,8,29.75,15.5,41.79
cf94299d-12ce-4ec7-8289-de88bd1c5ac0,2023-12-04,11,22.8,19,44.99
cf94299d-12ce-4ec7-8289-de88bd1c5ac0,2023-12-11,11,30,18.5,59.99
cf94299d-12ce-4ec7-8289-de88bd1c5ac0,2023-12-18,3,26.4,24.04,35
cf94299d-12ce-4ec7-8289-de88bd1c5ac0,2023-12-25,8,35.61,20.5,77
cf94299d-12ce-4ec7-8289-de88bd1c5ac0,2024-01-01,6,24.8,19.5,30.69
cf94299d-12ce-4ec7-8289-de88bd1c5ac0,2024-01-08,5,24.99,17.5,37.01
cf94299d-12ce-4ec7-8289-de88bd1c5ac0,2024-01-15,6,32.41,24,45.72
cf94299d-12ce-4ec7-8289-de88bd1c5ac0,2024-01-22,5,27.99,20,34.95
cf94299d-12ce-4ec7-8289-de88bd1c5ac0,2024-01-29,4,40.34,26,53.1
cf94299d-12ce-4ec7-8289-de88bd1c5ac0,2024-02-05,6,25.2,21.28,37.73
cf94299d-12ce-4ec7-8289-de88bd1c5ac0,2024-02-12,4,25.2,24,26.4
cf94299d-12ce-4ec7-8289-de88bd1c5ac0,2024-02-19,9,27.6,17.5,28
cf94299d-12ce-4ec7-8289-de88bd1c5ac0,2024-02-26,7,21.6,12.5,29.09
cf94299d-12ce-4ec7-8289-de88bd1c5ac0,2024-03-04,1,37.63,37.63,37.63
cf94299d-12ce-4ec7-8289-de88bd1c5ac0,2024-03-11,3,27.99,19.95,31.84
cf94299d-12ce-4ec7-8289-de88bd1c5ac0,2024-03-18,4,26.55,19.95,34
cf94299d-12ce-4ec7-8289-de88bd1c5ac0,2024-04-01,2,19.2,19.2,19.2
cf94299d-12ce-4ec7-8289-de88bd1c5ac0,2024-04-08,1,20.4,20.4,20.4
cf94299d-12ce-4ec7-8289-de88bd1c5ac0,2024-04-15,5,16.5,8.5,19.2
cf94299d-12ce-4ec7-8289-de88bd1c5ac0,2024-04-22,4,24.6,19,32.04
cf94299d-12ce-4ec7-8289-de88bd1c5ac0,2024-04-29,1,25.42,25.42,25.42
cf94299d-12ce-4ec7-8289-de88bd1c5ac0,2024-05-06,5,25.19,14.5,32.53
cf94299d-12ce-4ec7-8289-de88bd1c5ac0,2024-05-13,4,24.24,18,33.99
cf94299d-12ce-4ec7-8289-de88bd1c5ac0,2024-05-27,8,23.34,17,36
cf94299d-12ce-4ec7-8289-de88bd1c5ac0,2024-06-03,2,39.26,36.14,42.38
cf94299d-12ce-4ec7-8289-de88bd1c5ac0,2024-06-10,1,16.51,16.51,16.51
cf94299d-12ce-4ec7-8289-de88bd1c5ac0,2024-06-17,3,32.83,16.5,37.82
cf94299d-12ce-4ec7-8289-de88bd1c5ac0,2024-06-24,5,25,22.5,48
cf94299d-12ce-4ec7-8289-de88bd1c5ac0,2024-07-01,2,32.72,29.43,36
cf94299d-12ce-4ec7-8289-de88bd1c5ac0,2024-07-08,3,22.5,21.5,24
cf94299d-12ce-4ec7-8289-de88bd1c5ac0,2024-07-15,2,31.12,29.71,32.52
cf94299d-12ce-4ec7-8289-de88bd1c5ac0,2024-07-22,6,22.2,15,39
cf94299d-12ce-4ec7-8289-de88bd1c5ac0,2024-07-29,3,24.99,20.5,29
cf94299d-12ce-4ec7-8289-de88bd1c5ac0,2024-08-12,4,26.48,20,29.99
cf94299d-12ce-4ec7-8289-de88bd1c5ac0,2024-08-19,2,30.99,30,31.99
cf94299d-12ce-4ec7-8289-de88bd1c5ac0,2024-08-26,1,47.54,47.54,47.54
cf94299d-12ce-4ec7-8289-de88bd1c5ac0,2024-09-02,1,21.6,21.6,21.6
cf94299d-12ce-4ec7-8289-de88bd1c5ac0,2024-09-09,1,29.99,29.99,29.99
cf94299d-12ce-4ec7-8289-de88bd1c5ac0,2024-09-16,1,17.5,17.5,17.5
cf94299d-12ce-4ec7-8289-de88bd1c5ac0,2024-09-23,1,28,28,28
cf94299d-12ce-4ec7-8289-de88bd1c5ac0,2024-10-07,1,20.4,20.4,20.4
cf94299d-12ce-4ec7-8289-de88bd1c5ac0,2024-10-28,2,26.62,21,32.25
cf94299d-12ce-4ec7-8289-de88bd1c5ac0,2024-11-04,4,22,20.5,35.59
cf94299d-12ce-4ec7-8289-de88bd1c5ac0,2024-11-18,4,27.49,23.5,30
cf94299d-12ce-4ec7-8289-de88bd1c5ac0,2024-11-25,8,25.2,9.99,42.85
cf94299d-12ce-4ec7-8289-de88bd1c5ac0,2024-12-02,8,22.5,15.65,41.99
cf94299d-12ce-4ec7-8289-de88bd1c5ac0,2024-12-09,6,32,25,40.21
cf94299d-12ce-4ec7-8289-de88bd1c5ac0,2024-12-16,2,52.85,50.7,55
cf94299d-12ce-4ec7-8289-de88bd1c5ac0,2024-12-30,2,30,25,35
cf94299d-12ce-4ec7-8289-de88bd1c5ac0,2025-01-06,3,40,38,47.47
cf94299d-12ce-4ec7-8289-de88bd1c5ac0,2025-01-13,4,33.1,24.96,36.99
cf94299d-12ce-4ec7-8289-de88bd1c5ac0,2025-01-20,1,39.99,39.99,39.99
cf94299d-12ce-4ec7-8289-de88bd1c5ac0,2025-01-27,3,34.79,33.99,41
cf94299d-12ce-4ec7-8289-de88bd1c5ac0,2025-02-03,5,35.95,23.5,55.19
cf94299d-12ce-4ec7-8289-de88bd1c5ac0,2025-02-10,6,35.47,30,51
cf94299d-12ce-4ec7-8289-de88bd1c5ac0,2025-02-17,5,34.99,25,39.99
cf94299d-12ce-4ec7-8289-de88bd1c5ac0,2025-02-24,1,48,48,48
cf94299d-12ce-4ec7-8289-de88bd1c5ac0,2025-03-03,5,35,26,43
cf94299d-12ce-4ec7-8289-de88bd1c5ac0,2025-03-10,6,33.48,24.5,43
cf94299d-12ce-4ec7-8289-de88bd1c5ac0,2025-03-17,3,29.99,28,38
cf94299d-12ce-4ec7-8289-de88bd1c5ac0,2025-03-24,2,25,25,25
cf94299d-12ce-4ec7-8289-de88bd1c5ac0,2025-03-31,1,26.69,26.69,26.69
cf94299d-12ce-4ec7-8289-de88bd1c5ac0,2025-04-07,4,30.49,24.5,32.5
cf94299d-12ce-4ec7-8289-de88bd1c5ac0,2025-04-14,4,33.89,22.99,35
cf94299d-12ce-4ec7-8289-de88bd1c5ac0,2025-04-21,2,27.25,23.5,31
cf94299d-12ce-4ec7-8289-de88bd1c5ac0,2025-04-28,2,22.05,21.6,22.5
cf94299d-12ce-4ec7-8289-de88bd1c5ac0,2025-05-05,1,30,30,30
cf94299d-12ce-4ec7-8289-de88bd1c5ac0,2025-05-12,5,30,26,39.95
cf94299d-12ce-4ec7-8289-de88bd1c5ac0,2025-05-19,1,30,30,30
cf94299d-12ce-4ec7-8289-de88bd1c5ac0,2025-05-26,3,31.45,28.8,42.99
cf94299d-12ce-4ec7-8289-de88bd1c5ac0,2025-06-02,3,30,24.5,45.44
cf94299d-12ce-4ec7-8289-de88bd1c5ac0,2025-06-09,1,21.6,21.6,21.6
cf94299d-12ce-4ec7-8289-de88bd1c5ac0,2025-06-16,3,39.99,30,50.18
cf94299d-12ce-4ec7-8289-de88bd1c5ac0,2025-06-23,2,33.1,31.2,35
cf94299d-12ce-4ec7-8289-de88bd1c5ac0,2025-06-30,2,27.01,24.5,29.51
cf94299d-12ce-4ec7-8289-de88bd1c5ac0,2025-07-07,3,34.95,29,57.23
cf94299d-12ce-4ec7-8289-de88bd1c5ac0,2025-07-14,1,49.41,49.41,49.41
cf94299d-12ce-4ec7-8289-de88bd1c5ac0,2025-07-21,3,32.4,31.2,39.99
cf94299d-12ce-4ec7-8289-de88bd1c5ac0,2025-07-28,1,34.99,34.99,34.99
cf94299d-12ce-4ec7-8289-de88bd1c5ac0,2025-08-04,4,26.4,25.2,30
cf94299d-12ce-4ec7-8289-de88bd1c5ac0,2025-08-11,2,35.3,33.6,36.99
cf94299d-12ce-4ec7-8289-de88bd1c5ac0,2025-08-18,2,27.5,27,28
cf94299d-12ce-4ec7-8289-de88bd1c5ac0,2025-08-25,4,37.5,20,40.44
cf94299d-12ce-4ec7-8289-de88bd1c5ac0,2025-09-01,5,32.5,22.28,39.65
cf94299d-12ce-4ec7-8289-de88bd1c5ac0,2025-09-08,1,39.99,39.99,39.99
cf94299d-12ce-4ec7-8289-de88bd1c5ac0,2025-09-15,2,40,35,45
cf94299d-12ce-4ec7-8289-de88bd1c5ac0,2025-09-22,1,36,36,36
cf94299d-12ce-4ec7-8289-de88bd1c5ac0,2025-09-29,3,44,36,45
cf94299d-12ce-4ec7-8289-de88bd1c5ac0,2025-10-06,2,36.49,34.99,37.99
cf94299d-12ce-4ec7-8289-de88bd1c5ac0,2025-10-13,3,37.99,32,39.95
cf94299d-12ce-4ec7-8289-de88bd1c5ac0,2025-10-27,2,38,36,39.99
cf94299d-12ce-4ec7-8289-de88bd1c5ac0,2025-11-10,4,33.8,33.6,39.95
cf94299d-12ce-4ec7-8289-de88bd1c5ac0,2025-11-17,7,38,20.5,52.96
cf94299d-12ce-4ec7-8289-de88bd1c5ac0,2025-11-24,2,48.37,44.99,51.75
cf94299d-12ce-4ec7-8289-de88bd1c5ac0,2025-12-01,2,38.5,37,39.99
cf94299d-12ce-4ec7-8289-de88bd1c5ac0,2025-12-08,6,38,30,89.99
cf94299d-12ce-4ec7-8289-de88bd1c5ac0,2025-12-15,1,42.99,42.99,42.99
cf94299d-12ce-4ec7-8289-de88bd1c5ac0,2025-12-22,1,34.99,34.99,34.99
cf94299d-12ce-4ec7-8289-de88bd1c5ac0,2025-12-29,2,42.75,40,45.5
cf94299d-12ce-4ec7-8289-de88bd1c5ac0,2026-01-05,1,34.95,34.95,34.95
cf94299d-12ce-4ec7-8289-de88bd1c5ac0,2026-01-12,2,40.98,40,41.95
cf94299d-12ce-4ec7-8289-de88bd1c5ac0,2026-01-19,1,58.03,58.03,58.03
cf94299d-12ce-4ec7-8289-de88bd1c5ac0,2026-02-02,1,26,26,26
cf94299d-12ce-4ec7-8289-de88bd1c5ac0,2026-02-09,4,42,32,45
cf94299d-12ce-4ec7-8289-de88bd1c5ac0,2026-02-16,2,53,42,63.99
cf94299d-12ce-4ec7-8289-de88bd1c5ac0,2026-02-23,4,39.5,34.94,47.84
cf94299d-12ce-4ec7-8289-de88bd1c5ac0,2026-03-02,4,45.62,40.66,71.17
cf94299d-12ce-4ec7-8289-de88bd1c5ac0,2026-03-09,5,63.95,44,65
cf94299d-12ce-4ec7-8289-de88bd1c5ac0,2026-03-16,1,45,45,45
cf94299d-12ce-4ec7-8289-de88bd1c5ac0,2026-03-23,2,72.5,65,79.99
cf94299d-12ce-4ec7-8289-de88bd1c5ac0,2026-03-30,1,60,60,60
cf94299d-12ce-4ec7-8289-de88bd1c5ac0,2026-04-06,6,53.5,51.85,89.99
cf94299d-12ce-4ec7-8289-de88bd1c5ac0,2026-04-13,3,55,55,95
cf94299d-12ce-4ec7-8289-de88bd1c5ac0,2026-04-20,2,67.98,36,99.97
cf94299d-12ce-4ec7-8289-de88bd1c5ac0,2026-04-27,5,70,54.99,75
cf94299d-12ce-4ec7-8289-de88bd1c5ac0,2026-05-11,1,49.2,49.2,49.2
cf94299d-12ce-4ec7-8289-de88bd1c5ac0,2026-05-18,1,63,63,63
cf94299d-12ce-4ec7-8289-de88bd1c5ac0,2026-05-25,2,51,50,52
cf94299d-12ce-4ec7-8289-de88bd1c5ac0,2026-06-01,2,58.48,48.98,67.99
cf94299d-12ce-4ec7-8289-de88bd1c5ac0,2026-06-08,3,65,45.48,65
cf94299d-12ce-4ec7-8289-de88bd1c5ac0,2026-06-15,6,62.36,51,95
cf94299d-12ce-4ec7-8289-de88bd1c5ac0,2026-06-22,3,59,37.81,60
cf94299d-12ce-4ec7-8289-de88bd1c5ac0,2026-06-29,3,47,37.03,48.06
cf94299d-12ce-4ec7-8289-de88bd1c5ac0,2026-07-06,3,75,65,98.84
cf94299d-12ce-4ec7-8289-de88bd1c5ac0,2026-07-13,3,68,66,80
cf94299d-12ce-4ec7-8289-de88bd1c5ac0,2026-08-03,1,32.74,32.74,32.74
cf94299d-12ce-4ec7-8289-de88bd1c5ac0,2026-08-10,2,69.99,64.99,74.99
cf94299d-12ce-4ec7-8289-de88bd1c5ac0,2026-08-17,4,72.5,64,102.5
cf94299d-12ce-4ec7-8289-de88bd1c5ac0,2026-08-24,4,74.99,66.5,79
cf94299d-12ce-4ec7-8289-de88bd1c5ac0,2026-08-31,1,88.16,88.16,88.16
cf94299d-12ce-4ec7-8289-de88bd1c5ac0,2026-09-07,2,63.2,60,66.4
cf94299d-12ce-4ec7-8289-de88bd1c5ac0,2026-09-14,1,49.95,49.95,49.95
cf94299d-12ce-4ec7-8289-de88bd1c5ac0,2026-09-21,1,80,80,80
cf943097-40c2-477c-9fa4-20ef23dc6b45,2022-11-28,1,135,135,135
cf943097-40c2-477c-9fa4-20ef23dc6b45,2025-10-20,1,372,372,372
cf943097-40c2-477c-9fa4-20ef23dc6b45,2025-12-29,1,410,410,410
cf943097-40c2-477c-9fa4-20ef23dc6b45,2026-06-08,1,1000,1000,1000
cf943097-40c2-477c-9fa4-20ef23dc6b45,2026-08-10,1,1250,1250,1250
cf96060a-0fc0-48d6-8f50-a335da418fff,2025-02-17,1,310,310,310
cf96060a-0fc0-48d6-8f50-a335da418fff,2025-08-25,1,280,280,280
cf96060a-0fc0-48d6-8f50-a335da418fff,2025-10-06,1,325,325,325
cf96060a-0fc0-48d6-8f50-a335da418fff,2025-11-17,1,146.97,146.97,146.97
cf96060a-0fc0-48d6-8f50-a335da418fff,2025-12-01,2,156.5,155.49,157.5
cf96060a-0fc0-48d6-8f50-a335da418fff,2026-01-12,1,200,200,200
cf96060a-0fc0-48d6-8f50-a335da418fff,2026-01-19,1,240,240,240
cf96060a-0fc0-48d6-8f50-a335da418fff,2026-02-16,1,200,200,200
cf96060a-0fc0-48d6-8f50-a335da418fff,2026-04-06,1,255,255,255
cf96060a-0fc0-48d6-8f50-a335da418fff,2026-04-13,1,212.5,212.5,212.5
cf96060a-0fc0-48d6-8f50-a335da418fff,2026-06-08,1,198.1,198.1,198.1
cf96060a-0fc0-48d6-8f50-a335da418fff,2026-06-22,1,455,455,455
cf96060a-0fc0-48d6-8f50-a335da418fff,2026-06-29,2,353.35,281.69,425
cf96060a-0fc0-48d6-8f50-a335da418fff,2026-07-13,1,420,420,420
cf96060a-0fc0-48d6-8f50-a335da418fff,2026-09-14,1,204.25,204.25,204.25
cf9685c1-844e-4a42-b84c-dc197dba141e,2023-01-02,1,55.95,55.95,55.95
cf9685c1-844e-4a42-b84c-dc197dba141e,2023-10-30,1,127.71,127.71,127.71
cf9685c1-844e-4a42-b84c-dc197dba141e,2024-11-18,1,68,68,68
cf9685c1-844e-4a42-b84c-dc197dba141e,2025-04-28,1,63.2,63.2,63.2
cf9685c1-844e-4a42-b84c-dc197dba141e,2025-06-16,1,185,185,185
cf9685c1-844e-4a42-b84c-dc197dba141e,2026-05-18,1,1348,1348,1348
cf9685c1-844e-4a42-b84c-dc197dba141e,2026-07-13,1,1222.44,1222.44,1222.44
cf9685c1-844e-4a42-b84c-dc197dba141e,2026-08-17,1,1136,1136,1136
cf96a5ca-0307-490e-992a-557c5a673b73,2021-09-20,1,81,81,81
cf96a5ca-0307-490e-992a-557c5a673b73,2022-03-28,1,35,35,35
cf96a5ca-0307-490e-992a-557c5a673b73,2022-04-04,1,44.4,44.4,44.4
cf96a5ca-0307-490e-992a-557c5a673b73,2022-12-05,1,29,29,29
cf96a5ca-0307-490e-992a-557c5a673b73,2022-12-26,1,38.59,38.59,38.59
cf96a5ca-0307-490e-992a-557c5a673b73,2023-05-29,1,89.99,89.99,89.99
cf96a5ca-0307-490e-992a-557c5a673b73,2023-07-10,1,49.15,49.15,49.15
cf96a5ca-0307-490e-992a-557c5a673b73,2023-08-21,1,101.12,101.12,101.12
cf96a5ca-0307-490e-992a-557c5a673b73,2023-12-04,1,38,38,38
cf96a5ca-0307-490e-992a-557c5a673b73,2024-11-18,1,79.99,79.99,79.99
cf96a5ca-0307-490e-992a-557c5a673b73,2025-01-13,1,50.02,50.02,50.02
cf96a5ca-0307-490e-992a-557c5a673b73,2026-02-02,1,99.99,99.99,99.99
cf96a5ca-0307-490e-992a-557c5a673b73,2026-02-09,1,150,150,150
cf96a5ca-0307-490e-992a-557c5a673b73,2026-03-02,1,220,220,220
cf96a5ca-0307-490e-992a-557c5a673b73,2026-03-23,1,180,180,180
cf96a5ca-0307-490e-992a-557c5a673b73,2026-04-06,1,235,235,235
cf96a5ca-0307-490e-992a-557c5a673b73,2026-06-08,1,152.51,152.51,152.51
cf96d71a-1a90-4a0b-83f8-71c90474096b,2025-11-03,2,53.34,26.69,80
cf96d71a-1a90-4a0b-83f8-71c90474096b,2025-12-15,1,50,50,50
cf96d71a-1a90-4a0b-83f8-71c90474096b,2025-12-22,5,48.33,37,65
cf96d71a-1a90-4a0b-83f8-71c90474096b,2025-12-29,1,50,50,50
cf96d71a-1a90-4a0b-83f8-71c90474096b,2026-01-05,1,65,65,65
cf96d71a-1a90-4a0b-83f8-71c90474096b,2026-01-19,2,75,70,79.99
cf96d71a-1a90-4a0b-83f8-71c90474096b,2026-02-02,2,57,57,57
cf96d71a-1a90-4a0b-83f8-71c90474096b,2026-02-09,3,48,36,49
cf96d71a-1a90-4a0b-83f8-71c90474096b,2026-02-16,5,44.6,28.55,55
cf96d71a-1a90-4a0b-83f8-71c90474096b,2026-02-23,1,48,48,48
cf96d71a-1a90-4a0b-83f8-71c90474096b,2026-03-02,2,45,45,45
cf96d71a-1a90-4a0b-83f8-71c90474096b,2026-03-09,3,47.99,32,54
cf96d71a-1a90-4a0b-83f8-71c90474096b,2026-03-16,2,41.48,35,47.95
cf96d71a-1a90-4a0b-83f8-71c90474096b,2026-03-23,6,35.04,34.18,46
cf96d71a-1a90-4a0b-83f8-71c90474096b,2026-03-30,1,55,55,55
cf96d71a-1a90-4a0b-83f8-71c90474096b,2026-04-06,4,55,37,69.99
cf96d71a-1a90-4a0b-83f8-71c90474096b,2026-04-13,4,45.41,41,50
cf96d71a-1a90-4a0b-83f8-71c90474096b,2026-04-20,6,47.25,36,56.99
cf96d71a-1a90-4a0b-83f8-71c90474096b,2026-04-27,3,45,31,54.99
cf96d71a-1a90-4a0b-83f8-71c90474096b,2026-05-04,4,60.5,45,65
cf96d71a-1a90-4a0b-83f8-71c90474096b,2026-05-11,3,67.99,58,68.87
cf96d71a-1a90-4a0b-83f8-71c90474096b,2026-05-18,2,64.97,59.95,70
cf96d71a-1a90-4a0b-83f8-71c90474096b,2026-05-25,3,70,64,76
cf96d71a-1a90-4a0b-83f8-71c90474096b,2026-06-01,3,63,60,63
cf96d71a-1a90-4a0b-83f8-71c90474096b,2026-06-08,1,67.99,67.99,67.99
cf96d71a-1a90-4a0b-83f8-71c90474096b,2026-06-15,2,68,61,74.99
cf96d71a-1a90-4a0b-83f8-71c90474096b,2026-06-22,1,74.99,74.99,74.99
cf96d71a-1a90-4a0b-83f8-71c90474096b,2026-06-29,1,80,80,80
cf96d71a-1a90-4a0b-83f8-71c90474096b,2026-07-06,1,48,48,48
cf96d71a-1a90-4a0b-83f8-71c90474096b,2026-07-13,2,59.65,52.8,66.5
cf96d71a-1a90-4a0b-83f8-71c90474096b,2026-08-03,1,77,77,77
cf96d71a-1a90-4a0b-83f8-71c90474096b,2026-08-10,1,60,60,60
cf96d71a-1a90-4a0b-83f8-71c90474096b,2026-08-17,1,79.99,79.99,79.99
cf96d71a-1a90-4a0b-83f8-71c90474096b,2026-08-24,1,70,70,70
cf96d71a-1a90-4a0b-83f8-71c90474096b,2026-09-07,1,74,74,74
cf96d71a-1a90-4a0b-83f8-71c90474096b,2026-09-21,1,57.5,57.5,57.5
cf980327-0f15-4a72-b8d9-8519be4398c3,2022-01-31,1,190,190,190
cf980327-0f15-4a72-b8d9-8519be4398c3,2022-04-04,1,126,126,126
cf980327-0f15-4a72-b8d9-8519be4398c3,2023-06-12,1,125.5,125.5,125.5
cf980327-0f15-4a72-b8d9-8519be4398c3,2023-11-20,1,56,56,56
cf980327-0f15-4a72-b8d9-8519be4398c3,2024-08-12,1,37.2,37.2,37.2
cf980327-0f15-4a72-b8d9-8519be4398c3,2025-02-03,1,86,86,86
cf980327-0f15-4a72-b8d9-8519be4398c3,2025-04-21,1,89.99,89.99,89.99
cf980327-0f15-4a72-b8d9-8519be4398c3,2025-04-28,1,133.08,133.08,133.08
cf980327-0f15-4a72-b8d9-8519be4398c3,2025-12-29,1,100,100,100
cf980327-0f15-4a72-b8d9-8519be4398c3,2026-08-31,2,407,380,434
cf9da946-7aeb-4b2c-bfa9-4dfdb598c21f,2021-02-22,1,26.51,26.51,26.51
cf9da946-7aeb-4b2c-bfa9-4dfdb598c21f,2021-03-08,1,80,80,80
cf9da946-7aeb-4b2c-bfa9-4dfdb598c21f,2021-05-03,1,49,49,49
cf9da946-7aeb-4b2c-bfa9-4dfdb598c21f,2021-06-14,1,20.88,20.88,20.88
cf9da946-7aeb-4b2c-bfa9-4dfdb598c21f,2021-08-02,1,80,80,80
cf9da946-7aeb-4b2c-bfa9-4dfdb598c21f,2021-08-16,1,125,125,125
cf9da946-7aeb-4b2c-bfa9-4dfdb598c21f,2021-08-23,2,80.5,51,109.99
cf9da946-7aeb-4b2c-bfa9-4dfdb598c21f,2021-09-13,1,90,90,90
cf9da946-7aeb-4b2c-bfa9-4dfdb598c21f,2021-11-15,2,39,36,42
cf9da946-7aeb-4b2c-bfa9-4dfdb598c21f,2021-12-13,2,67,50,84
cf9da946-7aeb-4b2c-bfa9-4dfdb598c21f,2021-12-20,3,57,45,94
cf9da946-7aeb-4b2c-bfa9-4dfdb598c21f,2022-01-10,1,99,99,99
cf9da946-7aeb-4b2c-bfa9-4dfdb598c21f,2022-01-17,2,85.5,81,90
cf9da946-7aeb-4b2c-bfa9-4dfdb598c21f,2022-02-21,1,49.2,49.2,49.2
cf9da946-7aeb-4b2c-bfa9-4dfdb598c21f,2022-03-21,2,49.5,48,51
cf9da946-7aeb-4b2c-bfa9-4dfdb598c21f,2022-04-18,1,81,81,81
cf9da946-7aeb-4b2c-bfa9-4dfdb598c21f,2022-05-02,1,55.39,55.39,55.39
cf9da946-7aeb-4b2c-bfa9-4dfdb598c21f,2022-05-16,1,40,40,40
cf9da946-7aeb-4b2c-bfa9-4dfdb598c21f,2022-05-23,1,58.63,58.63,58.63
cf9da946-7aeb-4b2c-bfa9-4dfdb598c21f,2022-06-13,4,64.59,46.94,99
cf9da946-7aeb-4b2c-bfa9-4dfdb598c21f,2022-07-11,1,50,50,50
cf9da946-7aeb-4b2c-bfa9-4dfdb598c21f,2022-08-29,1,100,100,100
cf9da946-7aeb-4b2c-bfa9-4dfdb598c21f,2022-09-05,2,47.8,44,51.6
cf9da946-7aeb-4b2c-bfa9-4dfdb598c21f,2022-10-31,1,40,40,40
cf9da946-7aeb-4b2c-bfa9-4dfdb598c21f,2022-11-14,3,40.99,35,56
cf9da946-7aeb-4b2c-bfa9-4dfdb598c21f,2022-11-21,1,79,79,79
cf9da946-7aeb-4b2c-bfa9-4dfdb598c21f,2022-12-05,2,57.5,55,59.99
cf9da946-7aeb-4b2c-bfa9-4dfdb598c21f,2022-12-26,1,45,45,45
cf9da946-7aeb-4b2c-bfa9-4dfdb598c21f,2023-01-09,1,49.99,49.99,49.99
cf9da946-7aeb-4b2c-bfa9-4dfdb598c21f,2023-01-16,1,59,59,59
cf9da946-7aeb-4b2c-bfa9-4dfdb598c21f,2023-01-23,1,60,60,60
cf9da946-7aeb-4b2c-bfa9-4dfdb598c21f,2023-01-30,3,46.69,45,123.11
cf9da946-7aeb-4b2c-bfa9-4dfdb598c21f,2023-02-06,1,43,43,43
cf9da946-7aeb-4b2c-bfa9-4dfdb598c21f,2023-02-27,1,50,50,50
cf9da946-7aeb-4b2c-bfa9-4dfdb598c21f,2023-03-13,3,50,49.99,57
cf9da946-7aeb-4b2c-bfa9-4dfdb598c21f,2023-03-20,1,45,45,45
cf9da946-7aeb-4b2c-bfa9-4dfdb598c21f,2023-03-27,3,55.2,49.99,99.67
cf9da946-7aeb-4b2c-bfa9-4dfdb598c21f,2023-04-03,1,55,55,55
cf9da946-7aeb-4b2c-bfa9-4dfdb598c21f,2023-04-17,1,34.33,34.33,34.33
cf9da946-7aeb-4b2c-bfa9-4dfdb598c21f,2023-05-01,1,40,40,40
cf9da946-7aeb-4b2c-bfa9-4dfdb598c21f,2023-05-15,3,37.2,35,49.99
cf9da946-7aeb-4b2c-bfa9-4dfdb598c21f,2023-05-29,1,21.61,21.61,21.61
cf9da946-7aeb-4b2c-bfa9-4dfdb598c21f,2023-06-05,2,38,36,39.99
cf9da946-7aeb-4b2c-bfa9-4dfdb598c21f,2023-06-12,1,40,40,40
cf9da946-7aeb-4b2c-bfa9-4dfdb598c21f,2023-06-19,3,74.99,50,76
cf9da946-7aeb-4b2c-bfa9-4dfdb598c21f,2023-07-24,1,65,65,65
cf9da946-7aeb-4b2c-bfa9-4dfdb598c21f,2023-08-14,1,99.9,99.9,99.9
cf9da946-7aeb-4b2c-bfa9-4dfdb598c21f,2023-10-30,1,85,85,85
cf9da946-7aeb-4b2c-bfa9-4dfdb598c21f,2023-11-06,1,57.78,57.78,57.78
cf9da946-7aeb-4b2c-bfa9-4dfdb598c21f,2023-12-04,1,65.04,65.04,65.04
cf9da946-7aeb-4b2c-bfa9-4dfdb598c21f,2023-12-11,1,56,56,56
cf9da946-7aeb-4b2c-bfa9-4dfdb598c21f,2023-12-18,1,48.8,48.8,48.8
cf9da946-7aeb-4b2c-bfa9-4dfdb598c21f,2024-01-15,2,82.5,74.99,90
cf9da946-7aeb-4b2c-bfa9-4dfdb598c21f,2024-01-22,1,85,85,85
cf9da946-7aeb-4b2c-bfa9-4dfdb598c21f,2024-01-29,1,53,53,53
cf9da946-7aeb-4b2c-bfa9-4dfdb598c21f,2024-02-26,1,99.75,99.75,99.75
cf9da946-7aeb-4b2c-bfa9-4dfdb598c21f,2024-03-04,2,101.2,99.9,102.5
cf9da946-7aeb-4b2c-bfa9-4dfdb598c21f,2024-03-18,1,84,84,84
cf9da946-7aeb-4b2c-bfa9-4dfdb598c21f,2024-04-29,2,80,69.99,90
cf9da946-7aeb-4b2c-bfa9-4dfdb598c21f,2024-05-13,1,95,95,95
cf9da946-7aeb-4b2c-bfa9-4dfdb598c21f,2024-05-27,1,85.76,85.76,85.76
cf9da946-7aeb-4b2c-bfa9-4dfdb598c21f,2024-06-10,1,40.5,40.5,40.5
cf9da946-7aeb-4b2c-bfa9-4dfdb598c21f,2024-06-17,1,131.05,131.05,131.05
cf9da946-7aeb-4b2c-bfa9-4dfdb598c21f,2024-06-24,2,80.38,60.75,100
cf9da946-7aeb-4b2c-bfa9-4dfdb598c21f,2024-07-15,1,100,100,100
cf9da946-7aeb-4b2c-bfa9-4dfdb598c21f,2024-07-29,2,132.2,75,189.41
cf9da946-7aeb-4b2c-bfa9-4dfdb598c21f,2024-08-12,1,81,81,81
cf9da946-7aeb-4b2c-bfa9-4dfdb598c21f,2024-09-23,1,135,135,135
cf9da946-7aeb-4b2c-bfa9-4dfdb598c21f,2024-10-07,1,90,90,90
cf9da946-7aeb-4b2c-bfa9-4dfdb598c21f,2024-10-21,1,70,70,70
cf9da946-7aeb-4b2c-bfa9-4dfdb598c21f,2024-10-28,1,107.81,107.81,107.81
cf9da946-7aeb-4b2c-bfa9-4dfdb598c21f,2024-11-18,1,79,79,79
cf9da946-7aeb-4b2c-bfa9-4dfdb598c21f,2024-11-25,2,67.2,64.8,69.6
cf9da946-7aeb-4b2c-bfa9-4dfdb598c21f,2024-12-02,2,102.5,100,105
cf9da946-7aeb-4b2c-bfa9-4dfdb598c21f,2024-12-16,1,100,100,100
cf9da946-7aeb-4b2c-bfa9-4dfdb598c21f,2024-12-23,1,89.95,89.95,89.95
cf9da946-7aeb-4b2c-bfa9-4dfdb598c21f,2025-01-06,1,129.6,129.6,129.6
cf9da946-7aeb-4b2c-bfa9-4dfdb598c21f,2025-01-20,4,132.5,130,139.95
cf9da946-7aeb-4b2c-bfa9-4dfdb598c21f,2025-01-27,1,155.99,155.99,155.99
cf9da946-7aeb-4b2c-bfa9-4dfdb598c21f,2025-02-03,1,201.01,201.01,201.01
cf9da946-7aeb-4b2c-bfa9-4dfdb598c21f,2025-02-10,1,95,95,95
cf9da946-7aeb-4b2c-bfa9-4dfdb598c21f,2025-02-17,1,160,160,160
cf9da946-7aeb-4b2c-bfa9-4dfdb598c21f,2025-02-24,2,155,90,220
cf9da946-7aeb-4b2c-bfa9-4dfdb598c21f,2025-03-03,1,249,249,249
cf9da946-7aeb-4b2c-bfa9-4dfdb598c21f,2025-03-10,2,230,220,240
cf9da946-7aeb-4b2c-bfa9-4dfdb598c21f,2025-03-31,1,299.99,299.99,299.99
cf9da946-7aeb-4b2c-bfa9-4dfdb598c21f,2025-04-14,3,232.5,177.5,399.99
cf9da946-7aeb-4b2c-bfa9-4dfdb598c21f,2025-05-19,1,350,350,350
cf9da946-7aeb-4b2c-bfa9-4dfdb598c21f,2025-06-02,2,370.5,350,391
cf9da946-7aeb-4b2c-bfa9-4dfdb598c21f,2025-06-23,1,499,499,499
cf9da946-7aeb-4b2c-bfa9-4dfdb598c21f,2025-07-07,1,406,406,406
cf9da946-7aeb-4b2c-bfa9-4dfdb598c21f,2025-07-14,1,317.39,317.39,317.39
cf9da946-7aeb-4b2c-bfa9-4dfdb598c21f,2025-07-21,2,403.93,288.85,519
cf9da946-7aeb-4b2c-bfa9-4dfdb598c21f,2025-07-28,1,500,500,500
cf9da946-7aeb-4b2c-bfa9-4dfdb598c21f,2025-08-04,1,480,480,480
cf9da946-7aeb-4b2c-bfa9-4dfdb598c21f,2025-08-11,3,500,500,500
cf9da946-7aeb-4b2c-bfa9-4dfdb598c21f,2025-08-18,3,525,475,525
cf9da946-7aeb-4b2c-bfa9-4dfdb598c21f,2025-08-25,3,539.99,500,1100
cf9da946-7aeb-4b2c-bfa9-4dfdb598c21f,2025-09-01,2,694.5,689,700
cf9da946-7aeb-4b2c-bfa9-4dfdb598c21f,2025-09-08,1,710,710,710
cf9da946-7aeb-4b2c-bfa9-4dfdb598c21f,2025-09-15,3,825,749.99,950
cf9da946-7aeb-4b2c-bfa9-4dfdb598c21f,2025-09-22,2,824.5,809,840
cf9da946-7aeb-4b2c-bfa9-4dfdb598c21f,2025-09-29,4,1124.99,890,1436
cf9da946-7aeb-4b2c-bfa9-4dfdb598c21f,2025-10-06,2,1030,960,1100
cf9da946-7aeb-4b2c-bfa9-4dfdb598c21f,2025-10-13,3,930,861,1025
cf9da946-7aeb-4b2c-bfa9-4dfdb598c21f,2025-10-20,5,825,750,971
cf9da946-7aeb-4b2c-bfa9-4dfdb598c21f,2025-10-27,2,887.5,850,925
cf9da946-7aeb-4b2c-bfa9-4dfdb598c21f,2025-11-03,1,811.78,811.78,811.78
cf9da946-7aeb-4b2c-bfa9-4dfdb598c21f,2025-11-10,3,635,585,799.99
cf9da946-7aeb-4b2c-bfa9-4dfdb598c21f,2025-11-17,2,619.5,600,639
cf9da946-7aeb-4b2c-bfa9-4dfdb598c21f,2025-11-24,2,625,550,700
cf9da946-7aeb-4b2c-bfa9-4dfdb598c21f,2025-12-01,1,510.88,510.88,510.88
cf9da946-7aeb-4b2c-bfa9-4dfdb598c21f,2025-12-08,4,675,675,700
cf9da946-7aeb-4b2c-bfa9-4dfdb598c21f,2025-12-15,1,492,492,492
cf9da946-7aeb-4b2c-bfa9-4dfdb598c21f,2025-12-22,1,700,700,700
cf9da946-7aeb-4b2c-bfa9-4dfdb598c21f,2025-12-29,1,610,610,610
cf9da946-7aeb-4b2c-bfa9-4dfdb598c21f,2026-01-05,3,645,615,680
cf9da946-7aeb-4b2c-bfa9-4dfdb598c21f,2026-01-12,3,625,550,641.84
cf9da946-7aeb-4b2c-bfa9-4dfdb598c21f,2026-01-19,2,555,515,595
cf9da946-7aeb-4b2c-bfa9-4dfdb598c21f,2026-01-26,1,625,625,625
cf9da946-7aeb-4b2c-bfa9-4dfdb598c21f,2026-02-02,1,600,600,600
cf9da946-7aeb-4b2c-bfa9-4dfdb598c21f,2026-02-09,1,560,560,560
cf9da946-7aeb-4b2c-bfa9-4dfdb598c21f,2026-02-16,1,444,444,444
cf9da946-7aeb-4b2c-bfa9-4dfdb598c21f,2026-02-23,3,560,510,630
cf9da946-7aeb-4b2c-bfa9-4dfdb598c21f,2026-03-02,2,625,600,650
cf9da946-7aeb-4b2c-bfa9-4dfdb598c21f,2026-03-16,3,528,499.5,536
cf9da946-7aeb-4b2c-bfa9-4dfdb598c21f,2026-03-23,3,516,504.99,694.95
cf9da946-7aeb-4b2c-bfa9-4dfdb598c21f,2026-03-30,3,549,504,600
cf9da946-7aeb-4b2c-bfa9-4dfdb598c21f,2026-04-06,3,465,449.88,475
cf9da946-7aeb-4b2c-bfa9-4dfdb598c21f,2026-04-13,1,420.22,420.22,420.22
cf9da946-7aeb-4b2c-bfa9-4dfdb598c21f,2026-04-20,3,450,445,482
cf9da946-7aeb-4b2c-bfa9-4dfdb598c21f,2026-04-27,4,526.5,370,575
cf9da946-7aeb-4b2c-bfa9-4dfdb598c21f,2026-05-04,1,457,457,457
cf9da946-7aeb-4b2c-bfa9-4dfdb598c21f,2026-05-18,1,455,455,455
cf9da946-7aeb-4b2c-bfa9-4dfdb598c21f,2026-05-25,2,425,420,430
cf9da946-7aeb-4b2c-bfa9-4dfdb598c21f,2026-06-01,2,474.5,467,482
cf9da946-7aeb-4b2c-bfa9-4dfdb598c21f,2026-06-08,4,402,385.46,414.99
cf9da946-7aeb-4b2c-bfa9-4dfdb598c21f,2026-06-15,1,322.34,322.34,322.34
cf9da946-7aeb-4b2c-bfa9-4dfdb598c21f,2026-06-22,3,424.03,396,450
cf9da946-7aeb-4b2c-bfa9-4dfdb598c21f,2026-06-29,3,346.75,336,385
cf9da946-7aeb-4b2c-bfa9-4dfdb598c21f,2026-07-06,1,320,320,320
cf9da946-7aeb-4b2c-bfa9-4dfdb598c21f,2026-07-13,3,365,337,385
cf9da946-7aeb-4b2c-bfa9-4dfdb598c21f,2026-07-20,1,349,349,349
cf9da946-7aeb-4b2c-bfa9-4dfdb598c21f,2026-07-27,4,271.2,264,350
cf9da946-7aeb-4b2c-bfa9-4dfdb598c21f,2026-08-03,2,372.5,365,379.99
cf9da946-7aeb-4b2c-bfa9-4dfdb598c21f,2026-08-10,5,360,330,384.95
cf9da946-7aeb-4b2c-bfa9-4dfdb598c21f,2026-08-17,4,382.5,350,399.99
cf9da946-7aeb-4b2c-bfa9-4dfdb598c21f,2026-08-24,18,584.98,450,699.99
cf9da946-7aeb-4b2c-bfa9-4dfdb598c21f,2026-08-31,6,715,650,899.95
cf9f6a37-88d5-4996-80b8-30956ba31bc4,2026-03-02,1,22.8,22.8,22.8
cf9fa77b-c27a-48a2-bcef-37cc5b257f95,2022-02-14,1,21.6,21.6,21.6
cf9fa77b-c27a-48a2-bcef-37cc5b257f95,2022-06-20,1,59,59,59
cfa0b69d-68ec-4a82-98fd-a510d399559a,2022-11-28,1,26.41,26.41,26.41
cfa0b69d-68ec-4a82-98fd-a510d399559a,2023-02-20,1,25,25,25
cfa0b69d-68ec-4a82-98fd-a510d399559a,2023-10-02,1,10.5,10.5,10.5
cfa0b69d-68ec-4a82-98fd-a510d399559a,2025-03-03,1,16.01,16.01,16.01
cfa0b69d-68ec-4a82-98fd-a510d399559a,2026-06-15,1,119.3,119.3,119.3
cfa25029-a4ef-4543-8272-f8fd5581fc50,2021-03-22,1,109.14,109.14,109.14
cfa25029-a4ef-4543-8272-f8fd5581fc50,2021-05-31,1,100,100,100
cfa25029-a4ef-4543-8272-f8fd5581fc50,2021-07-12,1,62,62,62
cfa25029-a4ef-4543-8272-f8fd5581fc50,2021-07-19,1,100,100,100
cfa25029-a4ef-4543-8272-f8fd5581fc50,2021-07-26,1,107.5,107.5,107.5
cfa25029-a4ef-4543-8272-f8fd5581fc50,2021-08-16,1,100,100,100
cfa25029-a4ef-4543-8272-f8fd5581fc50,2021-10-04,1,125,125,125
cfa25029-a4ef-4543-8272-f8fd5581fc50,2021-10-18,1,47.04,47.04,47.04
cfa25029-a4ef-4543-8272-f8fd5581fc50,2021-11-29,2,68,46,89.99
cfa25029-a4ef-4543-8272-f8fd5581fc50,2021-12-13,2,55.79,50.58,61
cfa25029-a4ef-4543-8272-f8fd5581fc50,2022-01-10,1,71,71,71
cfa25029-a4ef-4543-8272-f8fd5581fc50,2022-01-31,1,49,49,49
cfa25029-a4ef-4543-8272-f8fd5581fc50,2022-02-14,2,49.99,49.99,49.99
cfa25029-a4ef-4543-8272-f8fd5581fc50,2022-03-07,1,46,46,46
cfa25029-a4ef-4543-8272-f8fd5581fc50,2022-03-21,2,52.5,50,55
cfa25029-a4ef-4543-8272-f8fd5581fc50,2022-04-04,1,41.11,41.11,41.11
cfa25029-a4ef-4543-8272-f8fd5581fc50,2022-04-11,1,56,56,56
cfa25029-a4ef-4543-8272-f8fd5581fc50,2022-04-25,1,46,46,46
cfa25029-a4ef-4543-8272-f8fd5581fc50,2022-05-02,1,63,63,63
cfa25029-a4ef-4543-8272-f8fd5581fc50,2022-07-18,2,51.5,43,59.99
cfa25029-a4ef-4543-8272-f8fd5581fc50,2022-08-01,1,72.5,72.5,72.5
cfa25029-a4ef-4543-8272-f8fd5581fc50,2022-08-15,1,67.49,67.49,67.49
cfa25029-a4ef-4543-8272-f8fd5581fc50,2022-08-29,1,69.99,69.99,69.99
cfa25029-a4ef-4543-8272-f8fd5581fc50,2022-09-05,1,81,81,81
cfa25029-a4ef-4543-8272-f8fd5581fc50,2022-09-26,1,64.64,64.64,64.64
cfa25029-a4ef-4543-8272-f8fd5581fc50,2022-10-10,2,57.72,49,66.43
cfa25029-a4ef-4543-8272-f8fd5581fc50,2022-10-24,1,49.49,49.49,49.49
cfa25029-a4ef-4543-8272-f8fd5581fc50,2022-11-28,1,40,40,40
cfa25029-a4ef-4543-8272-f8fd5581fc50,2022-12-12,2,20.02,20.01,20.02
cfa25029-a4ef-4543-8272-f8fd5581fc50,2022-12-19,1,33.6,33.6,33.6
cfa25029-a4ef-4543-8272-f8fd5581fc50,2022-12-26,1,35,35,35
cfa25029-a4ef-4543-8272-f8fd5581fc50,2023-01-30,2,47.16,36.23,58.08
cfa25029-a4ef-4543-8272-f8fd5581fc50,2023-04-03,2,44.5,41,48
cfa25029-a4ef-4543-8272-f8fd5581fc50,2023-05-15,1,64.99,64.99,64.99
cfa25029-a4ef-4543-8272-f8fd5581fc50,2023-06-05,1,90,90,90
cfa25029-a4ef-4543-8272-f8fd5581fc50,2023-06-19,1,67.4,67.4,67.4
cfa25029-a4ef-4543-8272-f8fd5581fc50,2023-07-17,1,58,58,58
cfa25029-a4ef-4543-8272-f8fd5581fc50,2023-09-04,1,150,150,150
cfa25029-a4ef-4543-8272-f8fd5581fc50,2023-10-16,1,45,45,45
cfa25029-a4ef-4543-8272-f8fd5581fc50,2023-12-11,1,30,30,30
cfa25029-a4ef-4543-8272-f8fd5581fc50,2024-02-12,1,49.99,49.99,49.99
cfa25029-a4ef-4543-8272-f8fd5581fc50,2024-02-26,1,41,41,41
cfa25029-a4ef-4543-8272-f8fd5581fc50,2024-05-13,1,33,33,33
cfa25029-a4ef-4543-8272-f8fd5581fc50,2024-07-29,1,35,35,35
cfa25029-a4ef-4543-8272-f8fd5581fc50,2024-08-05,1,44.97,44.97,44.97
cfa25029-a4ef-4543-8272-f8fd5581fc50,2024-08-12,2,43.78,38.57,48.99
cfa25029-a4ef-4543-8272-f8fd5581fc50,2024-08-26,1,39.95,39.95,39.95
cfa25029-a4ef-4543-8272-f8fd5581fc50,2024-10-28,1,45,45,45
cfa25029-a4ef-4543-8272-f8fd5581fc50,2024-11-04,1,41,41,41
cfa25029-a4ef-4543-8272-f8fd5581fc50,2024-11-25,1,39,39,39
cfa25029-a4ef-4543-8272-f8fd5581fc50,2024-12-23,1,26,26,26
cfa25029-a4ef-4543-8272-f8fd5581fc50,2025-01-06,1,54.99,54.99,54.99
cfa25029-a4ef-4543-8272-f8fd5581fc50,2025-01-13,2,48.94,45,52.87
cfa25029-a4ef-4543-8272-f8fd5581fc50,2025-02-03,1,54,54,54
cfa25029-a4ef-4543-8272-f8fd5581fc50,2025-02-17,1,59.99,59.99,59.99
cfa25029-a4ef-4543-8272-f8fd5581fc50,2025-02-24,1,70,70,70
cfa25029-a4ef-4543-8272-f8fd5581fc50,2025-03-17,1,73,73,73
cfa25029-a4ef-4543-8272-f8fd5581fc50,2025-04-14,1,79,79,79
cfa25029-a4ef-4543-8272-f8fd5581fc50,2025-05-05,1,99,99,99
cfa25029-a4ef-4543-8272-f8fd5581fc50,2025-06-02,2,89.53,70.69,108.38
cfa25029-a4ef-4543-8272-f8fd5581fc50,2025-07-14,1,145,145,145
cfa25029-a4ef-4543-8272-f8fd5581fc50,2025-08-11,1,55,55,55
cfa25029-a4ef-4543-8272-f8fd5581fc50,2025-09-15,1,100,100,100
cfa25029-a4ef-4543-8272-f8fd5581fc50,2025-09-22,1,109.99,109.99,109.99
cfa25029-a4ef-4543-8272-f8fd5581fc50,2025-10-06,1,75,75,75
cfa25029-a4ef-4543-8272-f8fd5581fc50,2025-10-13,1,130.26,130.26,130.26
cfa25029-a4ef-4543-8272-f8fd5581fc50,2026-01-19,1,90,90,90
cfa25029-a4ef-4543-8272-f8fd5581fc50,2026-03-02,1,112.5,112.5,112.5
cfa25029-a4ef-4543-8272-f8fd5581fc50,2026-03-30,1,82,82,82
cfa25029-a4ef-4543-8272-f8fd5581fc50,2026-04-06,1,78.77,78.77,78.77
cfa25029-a4ef-4543-8272-f8fd5581fc50,2026-05-04,1,105,105,105
cfa25029-a4ef-4543-8272-f8fd5581fc50,2026-06-08,1,310.79,310.79,310.79
cfa25029-a4ef-4543-8272-f8fd5581fc50,2026-07-13,2,133.44,105,161.89
cfa25029-a4ef-4543-8272-f8fd5581fc50,2026-07-20,1,179,179,179
cfa25029-a4ef-4543-8272-f8fd5581fc50,2026-08-31,1,140,140,140
cfa25029-a4ef-4543-8272-f8fd5581fc50,2026-09-07,1,238.5,238.5,238.5
cfa36c26-31eb-47ee-86d1-495da7713911,2025-05-05,1,16.8,16.8,16.8
cfa36c26-31eb-47ee-86d1-495da7713911,2025-10-27,1,22.73,22.73,22.73
cfa36c26-31eb-47ee-86d1-495da7713911,2025-12-08,1,40,40,40
cfa919c9-e3ad-4719-8f24-46bfeffc2172,2023-12-18,1,20.5,20.5,20.5
cfa919c9-e3ad-4719-8f24-46bfeffc2172,2023-12-25,1,39.99,39.99,39.99
cfa919c9-e3ad-4719-8f24-46bfeffc2172,2024-05-27,1,35,35,35
cfa919c9-e3ad-4719-8f24-46bfeffc2172,2026-02-23,1,40,40,40
cfac217d-ddb0-40de-a62c-8bb6895a5bd3,2021-03-29,1,350,350,350
cfac217d-ddb0-40de-a62c-8bb6895a5bd3,2021-06-28,1,137,137,137
cfac217d-ddb0-40de-a62c-8bb6895a5bd3,2021-11-15,1,60,60,60
cfac217d-ddb0-40de-a62c-8bb6895a5bd3,2022-01-24,1,99,99,99
cfac217d-ddb0-40de-a62c-8bb6895a5bd3,2022-02-07,1,139.89,139.89,139.89
cfac217d-ddb0-40de-a62c-8bb6895a5bd3,2022-03-14,1,69.99,69.99,69.99
cfac217d-ddb0-40de-a62c-8bb6895a5bd3,2022-05-02,1,100,100,100
cfac217d-ddb0-40de-a62c-8bb6895a5bd3,2022-05-16,1,95,95,95
cfac217d-ddb0-40de-a62c-8bb6895a5bd3,2022-05-30,1,60,60,60
cfac217d-ddb0-40de-a62c-8bb6895a5bd3,2022-06-20,1,51.11,51.11,51.11
cfac217d-ddb0-40de-a62c-8bb6895a5bd3,2022-11-21,1,26,26,26
cfac217d-ddb0-40de-a62c-8bb6895a5bd3,2022-12-12,1,48.25,48.25,48.25
cfac217d-ddb0-40de-a62c-8bb6895a5bd3,2022-12-19,1,125,125,125
cfac217d-ddb0-40de-a62c-8bb6895a5bd3,2023-01-02,1,39,39,39
cfac217d-ddb0-40de-a62c-8bb6895a5bd3,2023-01-16,1,55,55,55
cfac217d-ddb0-40de-a62c-8bb6895a5bd3,2023-03-13,2,52.68,49,56.36
cfac217d-ddb0-40de-a62c-8bb6895a5bd3,2023-04-03,1,23,23,23
cfac217d-ddb0-40de-a62c-8bb6895a5bd3,2023-05-01,2,52.46,51.92,53
cfac217d-ddb0-40de-a62c-8bb6895a5bd3,2023-10-23,1,51,51,51
cfac217d-ddb0-40de-a62c-8bb6895a5bd3,2024-02-05,1,63.13,63.13,63.13
cfac217d-ddb0-40de-a62c-8bb6895a5bd3,2024-02-12,1,61,61,61
cfac217d-ddb0-40de-a62c-8bb6895a5bd3,2024-03-11,1,50,50,50
cfac217d-ddb0-40de-a62c-8bb6895a5bd3,2024-05-27,1,30.59,30.59,30.59
cfac217d-ddb0-40de-a62c-8bb6895a5bd3,2024-06-10,1,55,55,55
cfac217d-ddb0-40de-a62c-8bb6895a5bd3,2024-07-22,1,65.9,65.9,65.9
cfac217d-ddb0-40de-a62c-8bb6895a5bd3,2024-09-09,1,65,65,65
cfac217d-ddb0-40de-a62c-8bb6895a5bd3,2024-12-16,1,78,78,78
cfac217d-ddb0-40de-a62c-8bb6895a5bd3,2025-03-03,1,47.55,47.55,47.55
cfac217d-ddb0-40de-a62c-8bb6895a5bd3,2025-04-21,1,79.99,79.99,79.99
cfac217d-ddb0-40de-a62c-8bb6895a5bd3,2025-07-21,1,89.99,89.99,89.99
cfac217d-ddb0-40de-a62c-8bb6895a5bd3,2025-10-27,1,149.99,149.99,149.99
cfac217d-ddb0-40de-a62c-8bb6895a5bd3,2025-12-01,1,150,150,150
cfac217d-ddb0-40de-a62c-8bb6895a5bd3,2025-12-08,1,150,150,150
cfac217d-ddb0-40de-a62c-8bb6895a5bd3,2026-02-16,1,100,100,100
cfac217d-ddb0-40de-a62c-8bb6895a5bd3,2026-03-30,1,150,150,150
cfac217d-ddb0-40de-a62c-8bb6895a5bd3,2026-06-08,1,170,170,170
cfac217d-ddb0-40de-a62c-8bb6895a5bd3,2026-06-15,1,185,185,185
cfac217d-ddb0-40de-a62c-8bb6895a5bd3,2026-06-22,1,192,192,192
cfac217d-ddb0-40de-a62c-8bb6895a5bd3,2026-09-07,1,263,263,263
cfade42a-20e2-4a9b-a750-8b180f204fa7,2025-02-03,1,421.9,421.9,421.9
cfade42a-20e2-4a9b-a750-8b180f204fa7,2025-12-08,1,281.26,281.26,281.26
cfaecff6-2c79-4a26-8e07-9ac63ba03fde,2022-02-07,1,102.51,102.51,102.51
cfaecff6-2c79-4a26-8e07-9ac63ba03fde,2022-03-21,1,88.8,88.8,88.8
cfaecff6-2c79-4a26-8e07-9ac63ba03fde,2022-05-23,1,57.98,57.98,57.98
cfaecff6-2c79-4a26-8e07-9ac63ba03fde,2022-06-20,1,58.69,58.69,58.69
cfaecff6-2c79-4a26-8e07-9ac63ba03fde,2022-10-24,1,60,60,60
cfaecff6-2c79-4a26-8e07-9ac63ba03fde,2023-01-16,1,74.99,74.99,74.99
cfaecff6-2c79-4a26-8e07-9ac63ba03fde,2023-01-30,1,74.99,74.99,74.99
cfaecff6-2c79-4a26-8e07-9ac63ba03fde,2023-05-29,1,45.99,45.99,45.99
cfaecff6-2c79-4a26-8e07-9ac63ba03fde,2023-06-05,1,45.99,45.99,45.99
cfaecff6-2c79-4a26-8e07-9ac63ba03fde,2023-06-12,1,67.89,67.89,67.89
cfaecff6-2c79-4a26-8e07-9ac63ba03fde,2023-06-26,1,44,44,44
cfaecff6-2c79-4a26-8e07-9ac63ba03fde,2023-08-21,1,39.99,39.99,39.99
cfaecff6-2c79-4a26-8e07-9ac63ba03fde,2023-08-28,1,199,199,199
cfaecff6-2c79-4a26-8e07-9ac63ba03fde,2023-10-30,1,50,50,50
cfaecff6-2c79-4a26-8e07-9ac63ba03fde,2023-12-11,1,75,75,75
cfaecff6-2c79-4a26-8e07-9ac63ba03fde,2023-12-25,1,60,60,60
cfaecff6-2c79-4a26-8e07-9ac63ba03fde,2024-02-12,1,80,80,80
cfaecff6-2c79-4a26-8e07-9ac63ba03fde,2024-07-15,1,100,100,100
cfaecff6-2c79-4a26-8e07-9ac63ba03fde,2024-08-05,1,67,67,67
cfaecff6-2c79-4a26-8e07-9ac63ba03fde,2024-08-19,1,78,78,78
cfaecff6-2c79-4a26-8e07-9ac63ba03fde,2025-01-20,1,70,70,70
cfaecff6-2c79-4a26-8e07-9ac63ba03fde,2025-03-03,1,85,85,85
cfaecff6-2c79-4a26-8e07-9ac63ba03fde,2025-05-12,1,120,120,120
cfaecff6-2c79-4a26-8e07-9ac63ba03fde,2025-07-28,1,75,75,75
cfaecff6-2c79-4a26-8e07-9ac63ba03fde,2025-09-01,1,90,90,90
cfaecff6-2c79-4a26-8e07-9ac63ba03fde,2025-09-15,1,92.79,92.79,92.79
cfaecff6-2c79-4a26-8e07-9ac63ba03fde,2025-10-13,2,82.5,65,100
cfaecff6-2c79-4a26-8e07-9ac63ba03fde,2025-11-10,1,120,120,120
cfaecff6-2c79-4a26-8e07-9ac63ba03fde,2025-11-24,1,74.4,74.4,74.4
cfaecff6-2c79-4a26-8e07-9ac63ba03fde,2025-12-08,2,105,89.99,120
cfaecff6-2c79-4a26-8e07-9ac63ba03fde,2026-02-09,1,90,90,90
cfaecff6-2c79-4a26-8e07-9ac63ba03fde,2026-02-16,1,125,125,125
cfaecff6-2c79-4a26-8e07-9ac63ba03fde,2026-02-23,1,75,75,75
cfaecff6-2c79-4a26-8e07-9ac63ba03fde,2026-03-02,1,150,150,150
cfaecff6-2c79-4a26-8e07-9ac63ba03fde,2026-03-09,1,191.95,191.95,191.95
cfaecff6-2c79-4a26-8e07-9ac63ba03fde,2026-03-16,1,170,170,170
cfaecff6-2c79-4a26-8e07-9ac63ba03fde,2026-04-27,1,430.01,430.01,430.01
cfaecff6-2c79-4a26-8e07-9ac63ba03fde,2026-05-18,1,400,400,400
cfaecff6-2c79-4a26-8e07-9ac63ba03fde,2026-05-25,1,366,366,366
cfaecff6-2c79-4a26-8e07-9ac63ba03fde,2026-06-01,2,365.5,306,425
cfaecff6-2c79-4a26-8e07-9ac63ba03fde,2026-06-22,1,420,420,420
cfaecff6-2c79-4a26-8e07-9ac63ba03fde,2026-07-13,1,445,445,445
cfaecff6-2c79-4a26-8e07-9ac63ba03fde,2026-08-24,2,549.95,549.9,550
cfaecff6-2c79-4a26-8e07-9ac63ba03fde,2026-09-07,2,587.5,550,625
cfaecff6-2c79-4a26-8e07-9ac63ba03fde,2026-09-14,1,600,600,600
cfaf604a-14fa-4dd8-9c9d-9ac9b4af181a,2023-05-22,1,34.8,34.8,34.8
cfaf604a-14fa-4dd8-9c9d-9ac9b4af181a,2023-08-28,1,51,51,51
cfaf604a-14fa-4dd8-9c9d-9ac9b4af181a,2024-01-08,1,50,50,50
cfaf604a-14fa-4dd8-9c9d-9ac9b4af181a,2024-03-11,1,65,65,65
cfaf604a-14fa-4dd8-9c9d-9ac9b4af181a,2024-10-21,1,43,43,43
cfaf604a-14fa-4dd8-9c9d-9ac9b4af181a,2025-02-03,1,80.1,80.1,80.1
cfaf604a-14fa-4dd8-9c9d-9ac9b4af181a,2025-05-05,1,47.47,47.47,47.47
cfaf604a-14fa-4dd8-9c9d-9ac9b4af181a,2025-06-30,1,150,150,150
cfaf604a-14fa-4dd8-9c9d-9ac9b4af181a,2026-02-02,1,90,90,90
cfaf604a-14fa-4dd8-9c9d-9ac9b4af181a,2026-07-13,1,157.5,157.5,157.5
cfaf604a-14fa-4dd8-9c9d-9ac9b4af181a,2026-08-31,1,149.99,149.99,149.99
cfaf671c-98a8-4f24-b246-40d2a97f22ce,2022-12-12,1,33,33,33
cfaf671c-98a8-4f24-b246-40d2a97f22ce,2022-12-19,2,22.49,20.49,24.5
cfaf671c-98a8-4f24-b246-40d2a97f22ce,2022-12-26,1,45,45,45
cfaf671c-98a8-4f24-b246-40d2a97f22ce,2023-01-09,1,24.25,24.25,24.25
cfaf671c-98a8-4f24-b246-40d2a97f22ce,2023-01-30,1,28,28,28
cfaf671c-98a8-4f24-b246-40d2a97f22ce,2023-02-06,2,33.1,31.2,35
cfaf671c-98a8-4f24-b246-40d2a97f22ce,2023-02-27,1,44,44,44
cfaf671c-98a8-4f24-b246-40d2a97f22ce,2023-03-13,1,22.5,22.5,22.5
cfaf671c-98a8-4f24-b246-40d2a97f22ce,2023-05-08,1,26,26,26
cfaf671c-98a8-4f24-b246-40d2a97f22ce,2023-05-15,1,27.6,27.6,27.6
cfaf671c-98a8-4f24-b246-40d2a97f22ce,2023-05-22,1,45,45,45
cfaf671c-98a8-4f24-b246-40d2a97f22ce,2023-05-29,1,39.94,39.94,39.94
cfaf671c-98a8-4f24-b246-40d2a97f22ce,2023-06-05,1,49.99,49.99,49.99
cfaf671c-98a8-4f24-b246-40d2a97f22ce,2023-06-12,1,33,33,33
cfaf671c-98a8-4f24-b246-40d2a97f22ce,2023-06-19,1,26.4,26.4,26.4
cfaf671c-98a8-4f24-b246-40d2a97f22ce,2023-08-14,1,50,50,50
cfaf671c-98a8-4f24-b246-40d2a97f22ce,2023-09-11,1,40,40,40
cfaf671c-98a8-4f24-b246-40d2a97f22ce,2023-09-25,2,52.55,47,58.09
cfaf671c-98a8-4f24-b246-40d2a97f22ce,2023-10-16,1,22.5,22.5,22.5
cfaf671c-98a8-4f24-b246-40d2a97f22ce,2023-10-30,1,39.99,39.99,39.99
cfaf671c-98a8-4f24-b246-40d2a97f22ce,2023-11-13,1,29.78,29.78,29.78
cfaf671c-98a8-4f24-b246-40d2a97f22ce,2023-12-18,1,18.05,18.05,18.05
cfaf671c-98a8-4f24-b246-40d2a97f22ce,2023-12-25,1,25,25,25
cfaf671c-98a8-4f24-b246-40d2a97f22ce,2024-01-01,1,26,26,26
cfaf671c-98a8-4f24-b246-40d2a97f22ce,2024-01-08,1,15.31,15.31,15.31
cfaf671c-98a8-4f24-b246-40d2a97f22ce,2024-04-08,2,15,12.5,17.5
cfaf671c-98a8-4f24-b246-40d2a97f22ce,2024-04-15,2,20,17.5,22.5
cfaf671c-98a8-4f24-b246-40d2a97f22ce,2024-04-22,1,39.99,39.99,39.99
cfaf671c-98a8-4f24-b246-40d2a97f22ce,2024-05-06,1,30,30,30
cfaf671c-98a8-4f24-b246-40d2a97f22ce,2024-07-22,2,29.99,24.99,35
cfaf671c-98a8-4f24-b246-40d2a97f22ce,2024-08-05,1,30,30,30
cfaf671c-98a8-4f24-b246-40d2a97f22ce,2024-08-19,1,18.5,18.5,18.5
cfaf671c-98a8-4f24-b246-40d2a97f22ce,2024-10-14,1,25,25,25
cfaf671c-98a8-4f24-b246-40d2a97f22ce,2024-11-04,1,25,25,25
cfaf671c-98a8-4f24-b246-40d2a97f22ce,2025-01-13,3,28,24.99,36
cfaf671c-98a8-4f24-b246-40d2a97f22ce,2025-01-20,1,30,30,30
cfaf671c-98a8-4f24-b246-40d2a97f22ce,2025-01-27,1,29.99,29.99,29.99
cfaf671c-98a8-4f24-b246-40d2a97f22ce,2025-02-03,1,27.99,27.99,27.99
cfaf671c-98a8-4f24-b246-40d2a97f22ce,2025-02-17,1,26.51,26.51,26.51
cfaf671c-98a8-4f24-b246-40d2a97f22ce,2025-02-24,2,42.49,39.99,44.99
cfaf671c-98a8-4f24-b246-40d2a97f22ce,2025-03-17,2,42.5,39.99,45
cfaf671c-98a8-4f24-b246-40d2a97f22ce,2025-05-19,1,50,50,50
cfaf671c-98a8-4f24-b246-40d2a97f22ce,2025-06-09,1,16.5,16.5,16.5
cfaf671c-98a8-4f24-b246-40d2a97f22ce,2025-06-30,1,60,60,60
cfaf671c-98a8-4f24-b246-40d2a97f22ce,2025-07-14,1,39,39,39
cfaf671c-98a8-4f24-b246-40d2a97f22ce,2025-07-21,1,39.99,39.99,39.99
cfaf671c-98a8-4f24-b246-40d2a97f22ce,2025-09-08,1,43,43,43
cfaf671c-98a8-4f24-b246-40d2a97f22ce,2025-09-22,1,52,52,52
cfaf671c-98a8-4f24-b246-40d2a97f22ce,2025-10-06,1,45.75,45.75,45.75
cfaf671c-98a8-4f24-b246-40d2a97f22ce,2025-10-13,1,45,45,45
cfaf671c-98a8-4f24-b246-40d2a97f22ce,2026-02-23,1,28,28,28
cfaf671c-98a8-4f24-b246-40d2a97f22ce,2026-03-30,2,45.5,40,51
cfaf671c-98a8-4f24-b246-40d2a97f22ce,2026-04-27,1,45,45,45
cfaf671c-98a8-4f24-b246-40d2a97f22ce,2026-05-04,1,45.65,45.65,45.65
cfaf671c-98a8-4f24-b246-40d2a97f22ce,2026-05-18,1,50,50,50
cfaf671c-98a8-4f24-b246-40d2a97f22ce,2026-06-01,1,76.73,76.73,76.73
cfaf671c-98a8-4f24-b246-40d2a97f22ce,2026-06-15,2,53.73,50,57.45
cfaf671c-98a8-4f24-b246-40d2a97f22ce,2026-06-29,1,69.79,69.79,69.79
cfaf671c-98a8-4f24-b246-40d2a97f22ce,2026-07-06,1,65,65,65
cfaf671c-98a8-4f24-b246-40d2a97f22ce,2026-07-20,1,65,65,65
cfaf671c-98a8-4f24-b246-40d2a97f22ce,2026-08-03,1,56,56,56
cfb1844b-0320-47c6-a179-0ebe10b040e9,2023-09-11,1,48.8,48.8,48.8
cfb1844b-0320-47c6-a179-0ebe10b040e9,2023-09-18,1,69.99,69.99,69.99
cfb1844b-0320-47c6-a179-0ebe10b040e9,2023-09-25,1,99.99,99.99,99.99
cfb1844b-0320-47c6-a179-0ebe10b040e9,2023-10-02,1,109.99,109.99,109.99
cfb1844b-0320-47c6-a179-0ebe10b040e9,2023-10-09,1,75,75,75
cfb1844b-0320-47c6-a179-0ebe10b040e9,2023-10-16,1,52.46,52.46,52.46
cfb1844b-0320-47c6-a179-0ebe10b040e9,2023-11-13,2,90,80,99.99
cfb1844b-0320-47c6-a179-0ebe10b040e9,2023-12-04,1,55,55,55
cfb1844b-0320-47c6-a179-0ebe10b040e9,2023-12-25,1,56.99,56.99,56.99
cfb1844b-0320-47c6-a179-0ebe10b040e9,2024-01-01,1,46.9,46.9,46.9
cfb1844b-0320-47c6-a179-0ebe10b040e9,2024-01-15,3,31.72,30,33
cfb1844b-0320-47c6-a179-0ebe10b040e9,2024-01-22,1,60.44,60.44,60.44
cfb1844b-0320-47c6-a179-0ebe10b040e9,2024-01-29,3,37,36,40.6
cfb1844b-0320-47c6-a179-0ebe10b040e9,2024-02-05,3,35.03,18.5,45
cfb1844b-0320-47c6-a179-0ebe10b040e9,2024-02-26,2,44.57,36,53.14
cfb1844b-0320-47c6-a179-0ebe10b040e9,2024-03-11,1,40,40,40
cfb1844b-0320-47c6-a179-0ebe10b040e9,2024-03-18,2,30.59,22.5,38.69
cfb1844b-0320-47c6-a179-0ebe10b040e9,2024-04-08,1,24.53,24.53,24.53
cfb1844b-0320-47c6-a179-0ebe10b040e9,2024-04-29,1,17.5,17.5,17.5
cfb1844b-0320-47c6-a179-0ebe10b040e9,2024-05-13,1,39.06,39.06,39.06
cfb1844b-0320-47c6-a179-0ebe10b040e9,2024-05-27,1,25.75,25.75,25.75
cfb1844b-0320-47c6-a179-0ebe10b040e9,2024-06-03,1,22.8,22.8,22.8
cfb1844b-0320-47c6-a179-0ebe10b040e9,2024-06-17,1,26.02,26.02,26.02
cfb1844b-0320-47c6-a179-0ebe10b040e9,2024-07-08,1,45,45,45
cfb1844b-0320-47c6-a179-0ebe10b040e9,2024-07-22,1,26.75,26.75,26.75
cfb1844b-0320-47c6-a179-0ebe10b040e9,2024-08-19,1,42.66,42.66,42.66
cfb1844b-0320-47c6-a179-0ebe10b040e9,2024-09-09,1,33,33,33
cfb1844b-0320-47c6-a179-0ebe10b040e9,2024-09-16,1,41,41,41
cfb1844b-0320-47c6-a179-0ebe10b040e9,2024-09-23,1,40,40,40
cfb1844b-0320-47c6-a179-0ebe10b040e9,2024-10-07,1,16,16,16
cfb1844b-0320-47c6-a179-0ebe10b040e9,2024-10-21,3,29.99,25,58.25
cfb1844b-0320-47c6-a179-0ebe10b040e9,2024-11-11,3,27,18.5,34
cfb1844b-0320-47c6-a179-0ebe10b040e9,2024-11-18,2,40.5,40,41
cfb1844b-0320-47c6-a179-0ebe10b040e9,2024-11-25,2,31.7,23.4,40
cfb1844b-0320-47c6-a179-0ebe10b040e9,2024-12-30,3,32,30,47.84
cfb1844b-0320-47c6-a179-0ebe10b040e9,2025-01-13,2,31.84,31.69,32
cfb1844b-0320-47c6-a179-0ebe10b040e9,2025-02-10,4,30.5,28.6,33
cfb1844b-0320-47c6-a179-0ebe10b040e9,2025-02-17,1,45,45,45
cfb1844b-0320-47c6-a179-0ebe10b040e9,2025-02-24,3,30,30,31
cfb1844b-0320-47c6-a179-0ebe10b040e9,2025-03-10,1,35.95,35.95,35.95
cfb1844b-0320-47c6-a179-0ebe10b040e9,2025-03-17,1,26,26,26
cfb1844b-0320-47c6-a179-0ebe10b040e9,2025-03-31,1,35,35,35
cfb1844b-0320-47c6-a179-0ebe10b040e9,2025-04-07,1,25,25,25
cfb1844b-0320-47c6-a179-0ebe10b040e9,2025-05-05,1,40,40,40
cfb1844b-0320-47c6-a179-0ebe10b040e9,2025-05-12,2,44.59,39.99,49.2
cfb1844b-0320-47c6-a179-0ebe10b040e9,2025-05-19,1,38,38,38
cfb1844b-0320-47c6-a179-0ebe10b040e9,2025-06-09,1,33.03,33.03,33.03
cfb1844b-0320-47c6-a179-0ebe10b040e9,2025-06-16,1,24,24,24
cfb1844b-0320-47c6-a179-0ebe10b040e9,2025-06-30,1,38,38,38
cfb1844b-0320-47c6-a179-0ebe10b040e9,2025-07-07,1,20.5,20.5,20.5
cfb1844b-0320-47c6-a179-0ebe10b040e9,2025-07-21,1,19.01,19.01,19.01
cfb1844b-0320-47c6-a179-0ebe10b040e9,2025-07-28,1,35,35,35
cfb1844b-0320-47c6-a179-0ebe10b040e9,2025-08-18,2,30.5,30,31
cfb1844b-0320-47c6-a179-0ebe10b040e9,2025-09-08,2,36.5,35,38
cfb1844b-0320-47c6-a179-0ebe10b040e9,2025-09-22,1,35,35,35
cfb1844b-0320-47c6-a179-0ebe10b040e9,2025-10-06,1,34,34,34
cfb1844b-0320-47c6-a179-0ebe10b040e9,2025-11-17,1,33.75,33.75,33.75
cfb1844b-0320-47c6-a179-0ebe10b040e9,2025-12-08,1,33.6,33.6,33.6
cfb1844b-0320-47c6-a179-0ebe10b040e9,2025-12-22,2,25.54,25.2,25.88
cfb1844b-0320-47c6-a179-0ebe10b040e9,2025-12-29,1,37.89,37.89,37.89
cfb1844b-0320-47c6-a179-0ebe10b040e9,2026-01-05,3,38,28.8,39.99
cfb1844b-0320-47c6-a179-0ebe10b040e9,2026-01-19,1,37,37,37
cfb1844b-0320-47c6-a179-0ebe10b040e9,2026-02-09,1,34,34,34
cfb1844b-0320-47c6-a179-0ebe10b040e9,2026-02-23,2,61,50,72
cfb1844b-0320-47c6-a179-0ebe10b040e9,2026-03-09,2,80.36,60.74,99.99
cfb1844b-0320-47c6-a179-0ebe10b040e9,2026-03-30,1,49.99,49.99,49.99
cfb1844b-0320-47c6-a179-0ebe10b040e9,2026-04-06,2,52.48,45,59.95
cfb1844b-0320-47c6-a179-0ebe10b040e9,2026-04-27,2,60.4,55,65.8
cfb1844b-0320-47c6-a179-0ebe10b040e9,2026-05-18,1,56.78,56.78,56.78
cfb1844b-0320-47c6-a179-0ebe10b040e9,2026-06-01,1,72.32,72.32,72.32
cfb1844b-0320-47c6-a179-0ebe10b040e9,2026-06-08,1,75,75,75
cfb1844b-0320-47c6-a179-0ebe10b040e9,2026-06-15,1,50,50,50
cfb1844b-0320-47c6-a179-0ebe10b040e9,2026-06-29,1,62.92,62.92,62.92
cfb1844b-0320-47c6-a179-0ebe10b040e9,2026-07-06,1,119.99,119.99,119.99
cfb1844b-0320-47c6-a179-0ebe10b040e9,2026-07-20,1,38.4,38.4,38.4
cfb1844b-0320-47c6-a179-0ebe10b040e9,2026-08-17,1,105,105,105
cfb1844b-0320-47c6-a179-0ebe10b040e9,2026-08-24,2,52.2,38.4,66
cfb1844b-0320-47c6-a179-0ebe10b040e9,2026-09-14,1,51,51,51
cfb321ad-75c8-4473-8df1-da66f343403b,2021-07-12,1,190,190,190
cfb321ad-75c8-4473-8df1-da66f343403b,2021-07-19,1,128.5,128.5,128.5
cfb321ad-75c8-4473-8df1-da66f343403b,2021-08-16,1,175,175,175
cfb321ad-75c8-4473-8df1-da66f343403b,2021-10-25,1,150,150,150
cfb321ad-75c8-4473-8df1-da66f343403b,2021-11-22,2,139.5,129,150
cfb321ad-75c8-4473-8df1-da66f343403b,2022-02-07,1,91,91,91
cfb321ad-75c8-4473-8df1-da66f343403b,2022-02-21,1,96.8,96.8,96.8
cfb321ad-75c8-4473-8df1-da66f343403b,2022-05-30,1,119.19,119.19,119.19
cfb321ad-75c8-4473-8df1-da66f343403b,2022-06-27,1,86.97,86.97,86.97
cfb321ad-75c8-4473-8df1-da66f343403b,2022-07-18,1,149.98,149.98,149.98
cfb321ad-75c8-4473-8df1-da66f343403b,2022-08-01,1,100,100,100
cfb321ad-75c8-4473-8df1-da66f343403b,2022-08-29,1,74.99,74.99,74.99
cfb321ad-75c8-4473-8df1-da66f343403b,2022-09-12,1,73,73,73
cfb321ad-75c8-4473-8df1-da66f343403b,2022-10-03,2,127,115,139
cfb321ad-75c8-4473-8df1-da66f343403b,2022-10-31,1,140,140,140
cfb321ad-75c8-4473-8df1-da66f343403b,2022-11-14,2,122.5,120,125
cfb321ad-75c8-4473-8df1-da66f343403b,2022-12-12,1,55,55,55
cfb321ad-75c8-4473-8df1-da66f343403b,2022-12-26,2,100.75,99,102.51
cfb321ad-75c8-4473-8df1-da66f343403b,2023-01-09,2,80.5,75,86
cfb321ad-75c8-4473-8df1-da66f343403b,2023-01-16,2,81.59,76.68,86.51
cfb321ad-75c8-4473-8df1-da66f343403b,2023-02-06,1,93.6,93.6,93.6
cfb321ad-75c8-4473-8df1-da66f343403b,2023-02-20,2,100,75,125
cfb321ad-75c8-4473-8df1-da66f343403b,2023-02-27,1,120,120,120
cfb321ad-75c8-4473-8df1-da66f343403b,2023-03-06,1,66,66,66
cfb321ad-75c8-4473-8df1-da66f343403b,2023-03-20,2,104.5,80,128.99
cfb321ad-75c8-4473-8df1-da66f343403b,2023-03-27,1,108,108,108
cfb321ad-75c8-4473-8df1-da66f343403b,2023-04-03,1,84.99,84.99,84.99
cfb321ad-75c8-4473-8df1-da66f343403b,2023-04-17,3,73,71,75
cfb321ad-75c8-4473-8df1-da66f343403b,2023-05-15,5,90,28.99,115.99
cfb321ad-75c8-4473-8df1-da66f343403b,2023-05-22,3,121.5,79.48,194.01
cfb321ad-75c8-4473-8df1-da66f343403b,2023-05-29,7,149.78,110,184.99
cfb321ad-75c8-4473-8df1-da66f343403b,2023-06-05,4,197.85,139.01,240
cfb321ad-75c8-4473-8df1-da66f343403b,2023-06-12,1,178.01,178.01,178.01
cfb321ad-75c8-4473-8df1-da66f343403b,2023-06-19,1,250,250,250
cfb321ad-75c8-4473-8df1-da66f343403b,2023-07-10,3,202.5,179.5,227.5
cfb321ad-75c8-4473-8df1-da66f343403b,2023-07-31,1,89.22,89.22,89.22
cfb321ad-75c8-4473-8df1-da66f343403b,2023-08-07,1,102.5,102.5,102.5
cfb321ad-75c8-4473-8df1-da66f343403b,2023-08-21,3,140.49,104.27,152.5
cfb321ad-75c8-4473-8df1-da66f343403b,2023-08-28,1,239.99,239.99,239.99
cfb321ad-75c8-4473-8df1-da66f343403b,2023-09-04,1,102.5,102.5,102.5
cfb321ad-75c8-4473-8df1-da66f343403b,2023-09-11,1,111,111,111
cfb321ad-75c8-4473-8df1-da66f343403b,2023-10-02,2,120.1,115.2,125
cfb321ad-75c8-4473-8df1-da66f343403b,2023-10-16,1,83,83,83
cfb321ad-75c8-4473-8df1-da66f343403b,2023-10-23,1,150,150,150
cfb321ad-75c8-4473-8df1-da66f343403b,2023-11-13,2,87,81,93
cfb321ad-75c8-4473-8df1-da66f343403b,2023-12-04,3,90,71,101.6
cfb321ad-75c8-4473-8df1-da66f343403b,2024-01-01,1,97,97,97
cfb321ad-75c8-4473-8df1-da66f343403b,2024-01-08,2,156.58,147.39,165.78
cfb321ad-75c8-4473-8df1-da66f343403b,2024-01-15,1,184.69,184.69,184.69
cfb321ad-75c8-4473-8df1-da66f343403b,2024-01-22,3,93.99,86.4,108.5
cfb321ad-75c8-4473-8df1-da66f343403b,2024-02-19,3,90,51,94.89
cfb321ad-75c8-4473-8df1-da66f343403b,2024-02-26,1,93.17,93.17,93.17
cfb321ad-75c8-4473-8df1-da66f343403b,2024-03-04,1,80,80,80
cfb321ad-75c8-4473-8df1-da66f343403b,2024-03-11,3,102.5,81,129.99
cfb321ad-75c8-4473-8df1-da66f343403b,2024-03-18,3,93,88,94.27
cfb321ad-75c8-4473-8df1-da66f343403b,2024-04-15,3,100,68,150
cfb321ad-75c8-4473-8df1-da66f343403b,2024-04-22,3,108,72,109
cfb321ad-75c8-4473-8df1-da66f343403b,2024-04-29,1,80,80,80
cfb321ad-75c8-4473-8df1-da66f343403b,2024-05-06,2,81.44,72,90.89
cfb321ad-75c8-4473-8df1-da66f343403b,2024-05-13,2,75.5,61,89.99
cfb321ad-75c8-4473-8df1-da66f343403b,2024-05-20,1,92,92,92
cfb321ad-75c8-4473-8df1-da66f343403b,2024-05-27,1,85,85,85
cfb321ad-75c8-4473-8df1-da66f343403b,2024-06-03,2,73.4,70,76.8
cfb321ad-75c8-4473-8df1-da66f343403b,2024-06-10,4,96.22,79.99,119.99
cfb321ad-75c8-4473-8df1-da66f343403b,2024-07-01,1,99.5,99.5,99.5
cfb321ad-75c8-4473-8df1-da66f343403b,2024-07-15,1,82,82,82
cfb321ad-75c8-4473-8df1-da66f343403b,2024-07-29,3,94.99,85,129.99
cfb321ad-75c8-4473-8df1-da66f343403b,2024-08-05,1,108.89,108.89,108.89
cfb321ad-75c8-4473-8df1-da66f343403b,2024-08-12,1,83.69,83.69,83.69
cfb321ad-75c8-4473-8df1-da66f343403b,2024-09-09,1,71.14,71.14,71.14
cfb321ad-75c8-4473-8df1-da66f343403b,2024-09-16,1,79,79,79
cfb321ad-75c8-4473-8df1-da66f343403b,2024-09-23,2,84.72,74.46,94.99
cfb321ad-75c8-4473-8df1-da66f343403b,2024-10-07,2,71.5,58,85
cfb321ad-75c8-4473-8df1-da66f343403b,2024-10-14,1,83.69,83.69,83.69
cfb321ad-75c8-4473-8df1-da66f343403b,2024-10-21,1,97.3,97.3,97.3
cfb321ad-75c8-4473-8df1-da66f343403b,2024-11-04,1,73,73,73
cfb321ad-75c8-4473-8df1-da66f343403b,2024-11-11,1,109.99,109.99,109.99
cfb321ad-75c8-4473-8df1-da66f343403b,2024-11-25,3,71,66,129.99
cfb321ad-75c8-4473-8df1-da66f343403b,2024-12-23,1,106.31,106.31,106.31
cfb321ad-75c8-4473-8df1-da66f343403b,2024-12-30,3,93.42,80,111.68
cfb321ad-75c8-4473-8df1-da66f343403b,2025-01-06,2,111.85,93.7,130
cfb321ad-75c8-4473-8df1-da66f343403b,2025-01-13,1,128.99,128.99,128.99
cfb321ad-75c8-4473-8df1-da66f343403b,2025-01-20,1,125.45,125.45,125.45
cfb321ad-75c8-4473-8df1-da66f343403b,2025-01-27,2,118.47,106.95,129.99
cfb321ad-75c8-4473-8df1-da66f343403b,2025-02-03,1,134.99,134.99,134.99
cfb321ad-75c8-4473-8df1-da66f343403b,2025-02-10,1,99.99,99.99,99.99
cfb321ad-75c8-4473-8df1-da66f343403b,2025-02-17,2,134.99,119.99,149.99
cfb321ad-75c8-4473-8df1-da66f343403b,2025-02-24,5,124.99,89,134.99
cfb321ad-75c8-4473-8df1-da66f343403b,2025-03-03,2,135.5,113.51,157.5
cfb321ad-75c8-4473-8df1-da66f343403b,2025-03-10,1,107.5,107.5,107.5
cfb321ad-75c8-4473-8df1-da66f343403b,2025-03-31,1,135.69,135.69,135.69
cfb321ad-75c8-4473-8df1-da66f343403b,2025-04-14,4,115.5,107.33,185.75
cfb321ad-75c8-4473-8df1-da66f343403b,2025-04-28,1,160,160,160
cfb321ad-75c8-4473-8df1-da66f343403b,2025-05-05,1,152.81,152.81,152.81
cfb321ad-75c8-4473-8df1-da66f343403b,2025-05-19,1,129.89,129.89,129.89
cfb321ad-75c8-4473-8df1-da66f343403b,2025-06-02,2,142.25,139.5,145
cfb321ad-75c8-4473-8df1-da66f343403b,2025-06-09,1,120,120,120
cfb321ad-75c8-4473-8df1-da66f343403b,2025-06-16,1,156.7,156.7,156.7
cfb321ad-75c8-4473-8df1-da66f343403b,2025-06-23,1,159.99,159.99,159.99
cfb321ad-75c8-4473-8df1-da66f343403b,2025-06-30,2,161.57,143.16,179.99
cfb321ad-75c8-4473-8df1-da66f343403b,2025-07-07,1,195,195,195
cfb321ad-75c8-4473-8df1-da66f343403b,2025-07-21,2,179.59,170.09,189.09
cfb321ad-75c8-4473-8df1-da66f343403b,2025-07-28,1,193,193,193
cfb321ad-75c8-4473-8df1-da66f343403b,2025-08-11,1,202.35,202.35,202.35
cfb321ad-75c8-4473-8df1-da66f343403b,2025-08-18,1,255,255,255
cfb321ad-75c8-4473-8df1-da66f343403b,2025-08-25,3,257.06,200,299.99
cfb321ad-75c8-4473-8df1-da66f343403b,2025-09-01,1,400,400,400
cfb321ad-75c8-4473-8df1-da66f343403b,2025-09-08,2,294,273,315
cfb321ad-75c8-4473-8df1-da66f343403b,2025-09-15,1,355,355,355
cfb321ad-75c8-4473-8df1-da66f343403b,2025-09-22,3,250.5,194.3,260
cfb321ad-75c8-4473-8df1-da66f343403b,2025-10-13,3,180.5,137,250.57
cfb321ad-75c8-4473-8df1-da66f343403b,2025-10-20,2,221,204,238
cfb321ad-75c8-4473-8df1-da66f343403b,2025-10-27,1,235,235,235
cfb321ad-75c8-4473-8df1-da66f343403b,2025-11-03,1,167.4,167.4,167.4
cfb321ad-75c8-4473-8df1-da66f343403b,2025-11-10,2,250,249.99,250
cfb321ad-75c8-4473-8df1-da66f343403b,2025-11-17,2,233.91,231,236.81
cfb321ad-75c8-4473-8df1-da66f343403b,2025-11-24,1,199,199,199
cfb321ad-75c8-4473-8df1-da66f343403b,2025-12-01,1,193,193,193
cfb321ad-75c8-4473-8df1-da66f343403b,2025-12-15,1,267.42,267.42,267.42
cfb321ad-75c8-4473-8df1-da66f343403b,2025-12-22,1,187.5,187.5,187.5
cfb321ad-75c8-4473-8df1-da66f343403b,2026-01-05,1,297,297,297
cfb321ad-75c8-4473-8df1-da66f343403b,2026-01-12,2,230,225,235
cfb321ad-75c8-4473-8df1-da66f343403b,2026-01-19,2,201.5,199.99,203.01
cfb321ad-75c8-4473-8df1-da66f343403b,2026-02-02,1,280,280,280
cfb321ad-75c8-4473-8df1-da66f343403b,2026-02-09,2,234.34,201,267.67
cfb321ad-75c8-4473-8df1-da66f343403b,2026-02-16,6,239.5,215,260
cfb321ad-75c8-4473-8df1-da66f343403b,2026-02-23,2,261.19,246,276.38
cfb321ad-75c8-4473-8df1-da66f343403b,2026-03-02,2,258.75,232.5,285
cfb321ad-75c8-4473-8df1-da66f343403b,2026-03-16,1,295,295,295
cfb321ad-75c8-4473-8df1-da66f343403b,2026-03-23,1,389.99,389.99,389.99
cfb321ad-75c8-4473-8df1-da66f343403b,2026-03-30,1,339.99,339.99,339.99
cfb321ad-75c8-4473-8df1-da66f343403b,2026-04-06,2,357.5,315,400
cfb321ad-75c8-4473-8df1-da66f343403b,2026-04-13,4,399.97,360,470
cfb321ad-75c8-4473-8df1-da66f343403b,2026-04-20,1,386.05,386.05,386.05
cfb321ad-75c8-4473-8df1-da66f343403b,2026-04-27,2,431.02,393.91,468.13
cfb321ad-75c8-4473-8df1-da66f343403b,2026-05-04,1,468,468,468
cfb321ad-75c8-4473-8df1-da66f343403b,2026-05-11,3,450,390,533.03
cfb321ad-75c8-4473-8df1-da66f343403b,2026-05-25,3,490.74,480,525
cfb321ad-75c8-4473-8df1-da66f343403b,2026-06-08,3,600,535,615
cfb321ad-75c8-4473-8df1-da66f343403b,2026-06-15,1,630,630,630
cfb321ad-75c8-4473-8df1-da66f343403b,2026-06-22,2,600,600,600
cfb321ad-75c8-4473-8df1-da66f343403b,2026-06-29,1,552,552,552
cfb321ad-75c8-4473-8df1-da66f343403b,2026-07-06,3,492,432,600
cfb321ad-75c8-4473-8df1-da66f343403b,2026-07-13,2,515,455,575
cfb321ad-75c8-4473-8df1-da66f343403b,2026-07-20,1,519.99,519.99,519.99
cfb321ad-75c8-4473-8df1-da66f343403b,2026-07-27,2,472.5,425,520
cfb321ad-75c8-4473-8df1-da66f343403b,2026-08-03,1,400,400,400
cfb321ad-75c8-4473-8df1-da66f343403b,2026-08-10,6,373.06,297,439.2
cfb321ad-75c8-4473-8df1-da66f343403b,2026-08-17,2,330,312,348
cfb321ad-75c8-4473-8df1-da66f343403b,2026-08-24,2,430,420,439.99
cfb321ad-75c8-4473-8df1-da66f343403b,2026-08-31,1,365,365,365
cfb321ad-75c8-4473-8df1-da66f343403b,2026-09-07,2,336.5,328,345
cfb321ad-75c8-4473-8df1-da66f343403b,2026-09-14,1,310,310,310
cfb321ad-75c8-4473-8df1-da66f343403b,2026-09-21,1,258.69,258.69,258.69
cfb3b33a-1f4e-44c9-93da-9e2c7d95f654,2024-01-22,1,13.5,13.5,13.5
cfb3b33a-1f4e-44c9-93da-9e2c7d95f654,2024-01-29,1,27,27,27
cfb3b33a-1f4e-44c9-93da-9e2c7d95f654,2024-02-26,1,22,22,22
cfb3b33a-1f4e-44c9-93da-9e2c7d95f654,2024-03-04,2,20.4,18,22.8
cfb3b33a-1f4e-44c9-93da-9e2c7d95f654,2024-03-11,3,20.4,20.4,25
cfb3b33a-1f4e-44c9-93da-9e2c7d95f654,2024-04-29,2,19.87,15.5,24.24
cfb3b33a-1f4e-44c9-93da-9e2c7d95f654,2024-05-06,1,25,25,25
cfb3b33a-1f4e-44c9-93da-9e2c7d95f654,2024-05-20,2,13.25,11.5,15
cfb3b33a-1f4e-44c9-93da-9e2c7d95f654,2024-06-17,1,15.78,15.78,15.78
cfb3b33a-1f4e-44c9-93da-9e2c7d95f654,2024-08-05,1,16.5,16.5,16.5
cfb3b33a-1f4e-44c9-93da-9e2c7d95f654,2024-10-14,1,20.91,20.91,20.91
cfb3b33a-1f4e-44c9-93da-9e2c7d95f654,2024-11-25,1,14.01,14.01,14.01
cfb3b33a-1f4e-44c9-93da-9e2c7d95f654,2024-12-16,1,16.5,16.5,16.5
cfb3b33a-1f4e-44c9-93da-9e2c7d95f654,2024-12-30,1,34.99,34.99,34.99
cfb3b33a-1f4e-44c9-93da-9e2c7d95f654,2025-02-03,1,30,30,30
cfb3b33a-1f4e-44c9-93da-9e2c7d95f654,2025-02-24,1,54.99,54.99,54.99
cfb3b33a-1f4e-44c9-93da-9e2c7d95f654,2025-04-07,1,33,33,33
cfb3b33a-1f4e-44c9-93da-9e2c7d95f654,2025-06-09,1,27,27,27
cfb3b33a-1f4e-44c9-93da-9e2c7d95f654,2025-07-07,1,42.45,42.45,42.45
cfb3b33a-1f4e-44c9-93da-9e2c7d95f654,2025-09-01,1,47.19,47.19,47.19
cfb3b33a-1f4e-44c9-93da-9e2c7d95f654,2025-09-29,1,38.4,38.4,38.4
cfb3b33a-1f4e-44c9-93da-9e2c7d95f654,2026-01-05,1,34.99,34.99,34.99
cfb3b33a-1f4e-44c9-93da-9e2c7d95f654,2026-02-09,1,30,30,30
cfb3b33a-1f4e-44c9-93da-9e2c7d95f654,2026-04-06,1,30,30,30
cfb3b33a-1f4e-44c9-93da-9e2c7d95f654,2026-05-11,1,35,35,35
cfb3b33a-1f4e-44c9-93da-9e2c7d95f654,2026-06-01,2,36,31,41
cfb3b33a-1f4e-44c9-93da-9e2c7d95f654,2026-07-13,1,34,34,34
cfb4b65f-64c4-4d3f-ac47-177cf479d42c,2022-11-14,1,1000,1000,1000
cfb4b65f-64c4-4d3f-ac47-177cf479d42c,2023-11-27,1,504,504,504
cfb4b65f-64c4-4d3f-ac47-177cf479d42c,2024-11-18,1,625,625,625
cfb4b65f-64c4-4d3f-ac47-177cf479d42c,2025-04-14,1,1100,1100,1100
cfb4b65f-64c4-4d3f-ac47-177cf479d42c,2025-05-12,1,1550,1550,1550
cfb656df-c36a-41e9-b822-333932853ecb,2022-09-26,1,55,55,55
cfb656df-c36a-41e9-b822-333932853ecb,2023-01-16,1,39.99,39.99,39.99
cfb656df-c36a-41e9-b822-333932853ecb,2023-05-22,1,19.38,19.38,19.38
cfb656df-c36a-41e9-b822-333932853ecb,2024-02-19,1,18.3,18.3,18.3
cfb656df-c36a-41e9-b822-333932853ecb,2024-06-03,1,30,30,30
cfb656df-c36a-41e9-b822-333932853ecb,2024-08-12,1,20.4,20.4,20.4
cfb656df-c36a-41e9-b822-333932853ecb,2024-09-30,1,135,135,135
cfb656df-c36a-41e9-b822-333932853ecb,2024-11-25,1,20.5,20.5,20.5
cfb656df-c36a-41e9-b822-333932853ecb,2025-02-03,1,15.5,15.5,15.5
cfb656df-c36a-41e9-b822-333932853ecb,2025-03-31,1,20,20,20
cfb656df-c36a-41e9-b822-333932853ecb,2025-05-05,1,15.5,15.5,15.5
cfb656df-c36a-41e9-b822-333932853ecb,2025-06-16,1,45,45,45
cfb656df-c36a-41e9-b822-333932853ecb,2025-06-30,3,28.1,26,33
cfb656df-c36a-41e9-b822-333932853ecb,2025-11-24,2,37.5,25,50
cfb656df-c36a-41e9-b822-333932853ecb,2025-12-22,1,40.49,40.49,40.49
cfb656df-c36a-41e9-b822-333932853ecb,2026-01-12,1,42,42,42
cfb656df-c36a-41e9-b822-333932853ecb,2026-02-16,1,50,50,50
cfb656df-c36a-41e9-b822-333932853ecb,2026-02-23,1,46.79,46.79,46.79
cfb656df-c36a-41e9-b822-333932853ecb,2026-03-16,1,50,50,50
cfb656df-c36a-41e9-b822-333932853ecb,2026-03-23,1,56,56,56
cfb656df-c36a-41e9-b822-333932853ecb,2026-04-20,1,37.2,37.2,37.2
cfb656df-c36a-41e9-b822-333932853ecb,2026-04-27,2,48.09,31.2,64.99
cfb656df-c36a-41e9-b822-333932853ecb,2026-05-25,5,61,36,69
cfb656df-c36a-41e9-b822-333932853ecb,2026-06-29,2,60,60,60
cfb656df-c36a-41e9-b822-333932853ecb,2026-07-06,1,40.85,40.85,40.85
cfb656df-c36a-41e9-b822-333932853ecb,2026-08-10,1,31.52,31.52,31.52
cfb656df-c36a-41e9-b822-333932853ecb,2026-08-24,4,34.56,30.1,41
cfb656df-c36a-41e9-b822-333932853ecb,2026-08-31,2,44,41,47
cfb656df-c36a-41e9-b822-333932853ecb,2026-09-21,2,40.5,40,41
cfb9b69c-eb20-49ea-91c5-d03714c69e4f,2022-06-13,1,23.5,23.5,23.5
cfb9b69c-eb20-49ea-91c5-d03714c69e4f,2022-06-20,1,21.58,21.58,21.58
cfba189c-29fd-48a1-b571-e3d84e884734,2026-06-15,1,50,50,50
cfba189c-29fd-48a1-b571-e3d84e884734,2026-06-22,1,41,41,41
cfbae9cf-c181-4181-933c-455f945c5b81,2021-05-17,1,67.5,67.5,67.5
cfbae9cf-c181-4181-933c-455f945c5b81,2021-07-19,1,102.5,102.5,102.5
cfbae9cf-c181-4181-933c-455f945c5b81,2021-12-20,1,70,70,70
cfbae9cf-c181-4181-933c-455f945c5b81,2022-05-16,1,31,31,31
cfbae9cf-c181-4181-933c-455f945c5b81,2022-07-04,1,44.5,44.5,44.5
cfbae9cf-c181-4181-933c-455f945c5b81,2023-06-05,1,96.81,96.81,96.81
cfbae9cf-c181-4181-933c-455f945c5b81,2023-07-10,1,99.98,99.98,99.98
cfbae9cf-c181-4181-933c-455f945c5b81,2023-09-04,1,99.99,99.99,99.99
cfbae9cf-c181-4181-933c-455f945c5b81,2023-10-09,1,49.2,49.2,49.2
cfbae9cf-c181-4181-933c-455f945c5b81,2023-11-20,1,59.99,59.99,59.99
cfbae9cf-c181-4181-933c-455f945c5b81,2023-11-27,1,39.6,39.6,39.6
cfbae9cf-c181-4181-933c-455f945c5b81,2024-01-22,2,68.69,62.4,74.99
cfbae9cf-c181-4181-933c-455f945c5b81,2024-02-26,1,31.2,31.2,31.2
cfbae9cf-c181-4181-933c-455f945c5b81,2024-04-22,1,69.6,69.6,69.6
cfbae9cf-c181-4181-933c-455f945c5b81,2024-07-01,1,80.47,80.47,80.47
cfbae9cf-c181-4181-933c-455f945c5b81,2024-07-15,1,28,28,28
cfbae9cf-c181-4181-933c-455f945c5b81,2024-10-14,1,55.2,55.2,55.2
cfbae9cf-c181-4181-933c-455f945c5b81,2024-10-28,1,79.99,79.99,79.99
cfbae9cf-c181-4181-933c-455f945c5b81,2024-12-23,1,79.99,79.99,79.99
cfbae9cf-c181-4181-933c-455f945c5b81,2025-05-05,1,49,49,49
cfbae9cf-c181-4181-933c-455f945c5b81,2025-05-12,1,36.41,36.41,36.41
cfbae9cf-c181-4181-933c-455f945c5b81,2025-06-30,1,75,75,75
cfbae9cf-c181-4181-933c-455f945c5b81,2025-07-21,1,71,71,71
cfbae9cf-c181-4181-933c-455f945c5b81,2025-08-04,1,75,75,75
cfbae9cf-c181-4181-933c-455f945c5b81,2025-12-15,1,127.12,127.12,127.12
cfbae9cf-c181-4181-933c-455f945c5b81,2026-01-26,2,202.87,180,225.73
cfbae9cf-c181-4181-933c-455f945c5b81,2026-02-09,3,205,200,205
cfbae9cf-c181-4181-933c-455f945c5b81,2026-03-02,2,234.5,220,249
cfbae9cf-c181-4181-933c-455f945c5b81,2026-03-09,1,173.5,173.5,173.5
cfbae9cf-c181-4181-933c-455f945c5b81,2026-03-23,2,232.57,204.15,261
cfbae9cf-c181-4181-933c-455f945c5b81,2026-03-30,1,299.99,299.99,299.99
cfbae9cf-c181-4181-933c-455f945c5b81,2026-04-06,1,299,299,299
cfbae9cf-c181-4181-933c-455f945c5b81,2026-05-18,2,481.38,412.75,550
cfbae9cf-c181-4181-933c-455f945c5b81,2026-07-06,2,365.5,330.99,400
cfbae9cf-c181-4181-933c-455f945c5b81,2026-09-14,1,356.6,356.6,356.6
cfbae9cf-c181-4181-933c-455f945c5b81,2026-09-21,1,275,275,275
cfbdc7d3-26a9-40a5-97a4-2947be42823f,2021-07-05,1,349.99,349.99,349.99
cfbdc7d3-26a9-40a5-97a4-2947be42823f,2021-09-27,1,150,150,150
cfbdc7d3-26a9-40a5-97a4-2947be42823f,2021-11-08,1,233.5,233.5,233.5
cfbdc7d3-26a9-40a5-97a4-2947be42823f,2021-12-13,1,290,290,290
cfbdc7d3-26a9-40a5-97a4-2947be42823f,2022-02-21,1,217.5,217.5,217.5
cfbdc7d3-26a9-40a5-97a4-2947be42823f,2022-04-04,1,250,250,250
cfbdc7d3-26a9-40a5-97a4-2947be42823f,2022-06-06,2,237.25,224.5,249.99
cfbdc7d3-26a9-40a5-97a4-2947be42823f,2022-09-19,1,229.5,229.5,229.5
cfbdc7d3-26a9-40a5-97a4-2947be42823f,2022-12-19,1,276,276,276
cfbdc7d3-26a9-40a5-97a4-2947be42823f,2023-02-13,1,180.78,180.78,180.78
cfbdc7d3-26a9-40a5-97a4-2947be42823f,2023-05-29,1,234,234,234
cfbdc7d3-26a9-40a5-97a4-2947be42823f,2023-07-24,1,245,245,245
cfbdc7d3-26a9-40a5-97a4-2947be42823f,2023-11-13,1,147.5,147.5,147.5
cfbdc7d3-26a9-40a5-97a4-2947be42823f,2023-12-25,1,249.99,249.99,249.99
cfbdc7d3-26a9-40a5-97a4-2947be42823f,2024-01-22,1,200,200,200
cfbdc7d3-26a9-40a5-97a4-2947be42823f,2024-02-26,1,156.19,156.19,156.19
cfbdc7d3-26a9-40a5-97a4-2947be42823f,2024-04-08,2,188.33,182.5,194.17
cfbdc7d3-26a9-40a5-97a4-2947be42823f,2024-06-24,1,234.5,234.5,234.5
cfbdc7d3-26a9-40a5-97a4-2947be42823f,2024-08-26,1,190,190,190
cfbdc7d3-26a9-40a5-97a4-2947be42823f,2024-11-18,1,180,180,180
cfbdc7d3-26a9-40a5-97a4-2947be42823f,2024-12-09,1,160,160,160
cfbdc7d3-26a9-40a5-97a4-2947be42823f,2024-12-16,1,198.5,198.5,198.5
cfbdc7d3-26a9-40a5-97a4-2947be42823f,2025-02-24,1,195,195,195
cfbdc7d3-26a9-40a5-97a4-2947be42823f,2025-06-16,1,360,360,360
cfbdc7d3-26a9-40a5-97a4-2947be42823f,2025-07-07,2,298.5,290,307
cfbdc7d3-26a9-40a5-97a4-2947be42823f,2025-09-01,1,375,375,375
cfbdc7d3-26a9-40a5-97a4-2947be42823f,2025-12-08,1,582.99,582.99,582.99
cfbdc7d3-26a9-40a5-97a4-2947be42823f,2026-01-26,1,550,550,550
cfbdc7d3-26a9-40a5-97a4-2947be42823f,2026-03-30,1,1336,1336,1336
cfbdc7d3-26a9-40a5-97a4-2947be42823f,2026-09-14,1,1680,1680,1680
cfbdc7d3-26a9-40a5-97a4-2947be42823f,2026-09-21,1,2999.99,2999.99,2999.99
cfbdd425-d329-4cdf-aa89-37ee23abd4a8,2026-06-15,1,129,129,129
cfbdd7d5-5391-4711-97f6-063ebec68a7c,2022-05-02,1,77.55,77.55,77.55
cfbdd7d5-5391-4711-97f6-063ebec68a7c,2022-06-06,1,100,100,100
cfbdd7d5-5391-4711-97f6-063ebec68a7c,2023-03-06,1,56.16,56.16,56.16
cfbdd7d5-5391-4711-97f6-063ebec68a7c,2025-02-24,1,61,61,61
cfbdd7d5-5391-4711-97f6-063ebec68a7c,2026-02-23,1,1350,1350,1350
cfbdd7d5-5391-4711-97f6-063ebec68a7c,2026-05-18,1,1266,1266,1266
cfbdd7d5-5391-4711-97f6-063ebec68a7c,2026-06-15,1,700,700,700
cfbdd7d5-5391-4711-97f6-063ebec68a7c,2026-07-13,1,990,990,990
cfbdd7d5-5391-4711-97f6-063ebec68a7c,2026-08-17,1,2000,2000,2000
cfc26fbb-5575-494b-9cbe-99f802f3175f,2022-05-02,1,18.48,18.48,18.48
cfc376bb-215a-4857-bc6e-03ef320974bf,2023-03-20,1,104.99,104.99,104.99
cfc376bb-215a-4857-bc6e-03ef320974bf,2023-06-05,1,125,125,125
cfc376bb-215a-4857-bc6e-03ef320974bf,2023-09-25,1,95.69,95.69,95.69
cfc376bb-215a-4857-bc6e-03ef320974bf,2024-01-01,1,50,50,50
cfc376bb-215a-4857-bc6e-03ef320974bf,2024-10-14,1,40,40,40
cfc376bb-215a-4857-bc6e-03ef320974bf,2024-11-18,1,137,137,137
cfc376bb-215a-4857-bc6e-03ef320974bf,2025-07-21,1,52,52,52
cfc376bb-215a-4857-bc6e-03ef320974bf,2026-06-01,1,109.99,109.99,109.99
cfc376bb-215a-4857-bc6e-03ef320974bf,2026-06-29,1,114,114,114
cfc59f89-533a-41f8-85d1-5d6dcf73d72b,2025-04-28,1,103.5,103.5,103.5
cfc59f89-533a-41f8-85d1-5d6dcf73d72b,2025-07-21,1,144,144,144
cfc59f89-533a-41f8-85d1-5d6dcf73d72b,2026-03-16,1,350,350,350
cfc5c83f-d357-4d5f-b38d-4e510e04c1e6,2021-04-19,1,110,110,110
cfc5c83f-d357-4d5f-b38d-4e510e04c1e6,2021-12-27,1,101.3,101.3,101.3
cfc5c83f-d357-4d5f-b38d-4e510e04c1e6,2022-03-14,1,49.79,49.79,49.79
cfc5c83f-d357-4d5f-b38d-4e510e04c1e6,2022-07-18,1,36,36,36
cfc5c83f-d357-4d5f-b38d-4e510e04c1e6,2022-08-15,1,49.79,49.79,49.79
cfc5c83f-d357-4d5f-b38d-4e510e04c1e6,2023-07-03,1,39.95,39.95,39.95
cfc5c83f-d357-4d5f-b38d-4e510e04c1e6,2023-08-28,1,33,33,33
cfc5c83f-d357-4d5f-b38d-4e510e04c1e6,2023-09-25,1,23.5,23.5,23.5
cfc5c83f-d357-4d5f-b38d-4e510e04c1e6,2024-03-04,1,61,61,61
cfc5c83f-d357-4d5f-b38d-4e510e04c1e6,2025-01-13,1,50,50,50
cfc5c83f-d357-4d5f-b38d-4e510e04c1e6,2025-12-15,1,129.99,129.99,129.99
cfc5c83f-d357-4d5f-b38d-4e510e04c1e6,2026-01-12,1,133.61,133.61,133.61
cfc5c83f-d357-4d5f-b38d-4e510e04c1e6,2026-05-04,1,155,155,155
cfc5c83f-d357-4d5f-b38d-4e510e04c1e6,2026-06-01,1,198.8,198.8,198.8
cfc5fbbc-60dd-449f-a498-3569ecfcdeb5,2023-08-21,1,15.6,15.6,15.6
cfc5fbbc-60dd-449f-a498-3569ecfcdeb5,2023-09-04,1,20.4,20.4,20.4
cfc5fbbc-60dd-449f-a498-3569ecfcdeb5,2024-08-19,1,45,45,45
cfc5fbbc-60dd-449f-a498-3569ecfcdeb5,2024-08-26,1,45,45,45
cfc5fbbc-60dd-449f-a498-3569ecfcdeb5,2024-11-11,1,33,33,33
cfc5fbbc-60dd-449f-a498-3569ecfcdeb5,2025-03-31,1,21,21,21
cfc5fbbc-60dd-449f-a498-3569ecfcdeb5,2025-06-02,1,18,18,18
cfc5fbbc-60dd-449f-a498-3569ecfcdeb5,2025-06-16,2,17.24,14.5,19.99
cfc5fbbc-60dd-449f-a498-3569ecfcdeb5,2025-06-30,1,20.5,20.5,20.5
cfc5fbbc-60dd-449f-a498-3569ecfcdeb5,2025-09-15,1,25,25,25
cfc5fbbc-60dd-449f-a498-3569ecfcdeb5,2025-09-22,2,67,65,69
cfc5fbbc-60dd-449f-a498-3569ecfcdeb5,2026-01-19,1,29,29,29
cfc5fbbc-60dd-449f-a498-3569ecfcdeb5,2026-01-26,1,29,29,29
cfc5fbbc-60dd-449f-a498-3569ecfcdeb5,2026-02-23,1,44.99,44.99,44.99
cfc5fbbc-60dd-449f-a498-3569ecfcdeb5,2026-03-23,2,29.32,27.65,31
cfc5fbbc-60dd-449f-a498-3569ecfcdeb5,2026-04-20,1,31,31,31
cfc5fbbc-60dd-449f-a498-3569ecfcdeb5,2026-06-15,1,27,27,27
cfc81284-93c4-46e1-b840-b1a55c7cdf58,2022-10-17,1,65.99,65.99,65.99
cfc81284-93c4-46e1-b840-b1a55c7cdf58,2022-11-21,2,65.44,41,89.89
cfc81284-93c4-46e1-b840-b1a55c7cdf58,2022-11-28,1,51,51,51
cfc81284-93c4-46e1-b840-b1a55c7cdf58,2022-12-05,2,34.5,30,39
cfc81284-93c4-46e1-b840-b1a55c7cdf58,2022-12-12,1,22.52,22.52,22.52
cfc81284-93c4-46e1-b840-b1a55c7cdf58,2022-12-19,2,39.52,39.03,40
cfc81284-93c4-46e1-b840-b1a55c7cdf58,2023-01-02,2,59,33,85
cfc81284-93c4-46e1-b840-b1a55c7cdf58,2023-02-06,5,30,25,47
cfc81284-93c4-46e1-b840-b1a55c7cdf58,2023-02-13,2,29.75,18.5,41
cfc81284-93c4-46e1-b840-b1a55c7cdf58,2023-02-27,1,40,40,40
cfc81284-93c4-46e1-b840-b1a55c7cdf58,2023-03-13,2,36.7,34.5,38.89
cfc81284-93c4-46e1-b840-b1a55c7cdf58,2023-04-17,1,24,24,24
cfc81284-93c4-46e1-b840-b1a55c7cdf58,2023-04-24,2,31.19,22.5,39.88
cfc81284-93c4-46e1-b840-b1a55c7cdf58,2023-05-01,1,36,36,36
cfc81284-93c4-46e1-b840-b1a55c7cdf58,2023-05-08,1,30.13,30.13,30.13
cfc81284-93c4-46e1-b840-b1a55c7cdf58,2023-05-22,2,20.75,15.5,26
cfc81284-93c4-46e1-b840-b1a55c7cdf58,2023-06-12,1,10.51,10.51,10.51
cfc81284-93c4-46e1-b840-b1a55c7cdf58,2023-06-19,2,23.74,17.5,29.99
cfc81284-93c4-46e1-b840-b1a55c7cdf58,2023-06-26,1,43,43,43
cfc81284-93c4-46e1-b840-b1a55c7cdf58,2023-07-10,1,22.26,22.26,22.26
cfc81284-93c4-46e1-b840-b1a55c7cdf58,2023-07-24,2,37.49,34.99,39.99
cfc81284-93c4-46e1-b840-b1a55c7cdf58,2023-08-07,2,20.25,15.5,25
cfc81284-93c4-46e1-b840-b1a55c7cdf58,2023-09-04,1,35,35,35
cfc81284-93c4-46e1-b840-b1a55c7cdf58,2023-09-11,1,22.5,22.5,22.5
cfc81284-93c4-46e1-b840-b1a55c7cdf58,2023-10-09,1,35,35,35
cfc81284-93c4-46e1-b840-b1a55c7cdf58,2023-10-16,1,20,20,20
cfc81284-93c4-46e1-b840-b1a55c7cdf58,2023-11-06,1,18,18,18
cfc81284-93c4-46e1-b840-b1a55c7cdf58,2023-12-11,1,25.08,25.08,25.08
cfc81284-93c4-46e1-b840-b1a55c7cdf58,2023-12-25,2,26.5,19,34
cfc81284-93c4-46e1-b840-b1a55c7cdf58,2024-01-15,1,32,32,32
cfc81284-93c4-46e1-b840-b1a55c7cdf58,2024-02-12,2,25.72,25.01,26.43
cfc81284-93c4-46e1-b840-b1a55c7cdf58,2024-02-19,1,15.5,15.5,15.5
cfc81284-93c4-46e1-b840-b1a55c7cdf58,2024-02-26,1,34.99,34.99,34.99
cfc81284-93c4-46e1-b840-b1a55c7cdf58,2024-03-11,1,30,30,30
cfc81284-93c4-46e1-b840-b1a55c7cdf58,2024-04-29,1,23.5,23.5,23.5
cfc81284-93c4-46e1-b840-b1a55c7cdf58,2024-05-20,1,21.5,21.5,21.5
cfc81284-93c4-46e1-b840-b1a55c7cdf58,2024-06-10,1,20.5,20.5,20.5
cfc81284-93c4-46e1-b840-b1a55c7cdf58,2024-06-17,1,19.38,19.38,19.38
cfc81284-93c4-46e1-b840-b1a55c7cdf58,2024-07-15,1,21.5,21.5,21.5
cfc81284-93c4-46e1-b840-b1a55c7cdf58,2024-09-30,1,20,20,20
cfc81284-93c4-46e1-b840-b1a55c7cdf58,2024-10-21,2,26.5,20,33
cfc81284-93c4-46e1-b840-b1a55c7cdf58,2024-11-25,1,16.66,16.66,16.66
cfc81284-93c4-46e1-b840-b1a55c7cdf58,2024-12-02,1,29.99,29.99,29.99
cfc81284-93c4-46e1-b840-b1a55c7cdf58,2025-01-27,1,19.99,19.99,19.99
cfc81284-93c4-46e1-b840-b1a55c7cdf58,2025-02-03,1,43,43,43
cfc81284-93c4-46e1-b840-b1a55c7cdf58,2025-02-10,2,25,25,25
cfc81284-93c4-46e1-b840-b1a55c7cdf58,2025-02-24,1,29.99,29.99,29.99
cfc81284-93c4-46e1-b840-b1a55c7cdf58,2025-04-21,1,19.5,19.5,19.5
cfc81284-93c4-46e1-b840-b1a55c7cdf58,2025-04-28,1,39.95,39.95,39.95
cfc81284-93c4-46e1-b840-b1a55c7cdf58,2025-05-05,1,39,39,39
cfc81284-93c4-46e1-b840-b1a55c7cdf58,2025-05-19,1,23.5,23.5,23.5
cfc81284-93c4-46e1-b840-b1a55c7cdf58,2025-06-30,1,17,17,17
cfc81284-93c4-46e1-b840-b1a55c7cdf58,2025-08-04,1,35,35,35
cfc81284-93c4-46e1-b840-b1a55c7cdf58,2025-08-11,1,40,40,40
cfc81284-93c4-46e1-b840-b1a55c7cdf58,2025-09-01,1,38,38,38
cfc81284-93c4-46e1-b840-b1a55c7cdf58,2025-09-22,1,29,29,29
cfc81284-93c4-46e1-b840-b1a55c7cdf58,2025-10-06,1,46,46,46
cfc81284-93c4-46e1-b840-b1a55c7cdf58,2025-10-27,1,45,45,45
cfc81284-93c4-46e1-b840-b1a55c7cdf58,2025-12-15,1,40,40,40
cfc81284-93c4-46e1-b840-b1a55c7cdf58,2026-04-27,2,42,35,48.99
cfc81284-93c4-46e1-b840-b1a55c7cdf58,2026-05-11,2,47.25,39.99,54.51
cfc81284-93c4-46e1-b840-b1a55c7cdf58,2026-05-18,2,32.62,28.9,36.35
cfc81284-93c4-46e1-b840-b1a55c7cdf58,2026-06-08,1,28,28,28
cfc81284-93c4-46e1-b840-b1a55c7cdf58,2026-06-29,1,49.99,49.99,49.99
cfc81284-93c4-46e1-b840-b1a55c7cdf58,2026-07-20,1,49.99,49.99,49.99
cfc81284-93c4-46e1-b840-b1a55c7cdf58,2026-08-03,1,80,80,80
cfc81284-93c4-46e1-b840-b1a55c7cdf58,2026-08-17,1,54.36,54.36,54.36
cfc8632c-0b21-48f5-a606-56a734810414,2022-04-18,1,73,73,73
cfc8632c-0b21-48f5-a606-56a734810414,2022-04-25,1,66,66,66
cfc8632c-0b21-48f5-a606-56a734810414,2022-06-20,1,205,205,205
cfc8632c-0b21-48f5-a606-56a734810414,2022-10-10,2,131.13,67.2,195.07
cfc8632c-0b21-48f5-a606-56a734810414,2022-11-14,1,50,50,50
cfc8632c-0b21-48f5-a606-56a734810414,2022-11-28,1,65,65,65
cfc8632c-0b21-48f5-a606-56a734810414,2023-01-09,1,99.95,99.95,99.95
cfc8632c-0b21-48f5-a606-56a734810414,2023-01-16,1,36,36,36
cfc8632c-0b21-48f5-a606-56a734810414,2023-01-23,1,39,39,39
cfc8632c-0b21-48f5-a606-56a734810414,2023-01-30,1,55.8,55.8,55.8
cfc8632c-0b21-48f5-a606-56a734810414,2023-02-06,1,76.33,76.33,76.33
cfc8632c-0b21-48f5-a606-56a734810414,2023-02-27,1,44.51,44.51,44.51
cfc8632c-0b21-48f5-a606-56a734810414,2023-03-06,1,41,41,41
cfc8632c-0b21-48f5-a606-56a734810414,2023-04-10,1,31,31,31
cfc8632c-0b21-48f5-a606-56a734810414,2023-05-15,1,30,30,30
cfc8632c-0b21-48f5-a606-56a734810414,2023-05-29,3,94.99,80,99.98
cfc8632c-0b21-48f5-a606-56a734810414,2023-06-05,10,98.81,67.99,133.95
cfc8632c-0b21-48f5-a606-56a734810414,2023-06-12,1,147.33,147.33,147.33
cfc8632c-0b21-48f5-a606-56a734810414,2023-08-21,2,71.42,58.85,84
cfc8632c-0b21-48f5-a606-56a734810414,2023-09-11,2,44.27,36.53,52
cfc8632c-0b21-48f5-a606-56a734810414,2023-09-25,1,64,64,64
cfc8632c-0b21-48f5-a606-56a734810414,2023-10-02,2,58.9,50.8,67
cfc8632c-0b21-48f5-a606-56a734810414,2023-10-09,2,56.9,43,70.79
cfc8632c-0b21-48f5-a606-56a734810414,2023-10-23,1,35,35,35
cfc8632c-0b21-48f5-a606-56a734810414,2023-10-30,1,52.35,52.35,52.35
cfc8632c-0b21-48f5-a606-56a734810414,2023-11-20,1,47.99,47.99,47.99
cfc8632c-0b21-48f5-a606-56a734810414,2023-12-04,1,41.48,41.48,41.48
cfc8632c-0b21-48f5-a606-56a734810414,2023-12-11,1,40.04,40.04,40.04
cfc8632c-0b21-48f5-a606-56a734810414,2024-01-01,2,45.8,45.6,46
cfc8632c-0b21-48f5-a606-56a734810414,2024-01-08,2,44.5,39,50
cfc8632c-0b21-48f5-a606-56a734810414,2024-01-22,1,31.88,31.88,31.88
cfc8632c-0b21-48f5-a606-56a734810414,2024-02-05,2,54.56,54.14,54.99
cfc8632c-0b21-48f5-a606-56a734810414,2024-02-26,1,46.73,46.73,46.73
cfc8632c-0b21-48f5-a606-56a734810414,2024-03-04,1,70.32,70.32,70.32
cfc8632c-0b21-48f5-a606-56a734810414,2024-05-06,1,50.11,50.11,50.11
cfc8632c-0b21-48f5-a606-56a734810414,2024-05-20,1,22.8,22.8,22.8
cfc8632c-0b21-48f5-a606-56a734810414,2024-06-10,1,49.99,49.99,49.99
cfc8632c-0b21-48f5-a606-56a734810414,2024-06-24,2,39,33,45
cfc8632c-0b21-48f5-a606-56a734810414,2024-07-01,1,49.99,49.99,49.99
cfc8632c-0b21-48f5-a606-56a734810414,2024-07-08,2,32.5,20,45
cfc8632c-0b21-48f5-a606-56a734810414,2024-07-15,2,29.75,22.5,37
cfc8632c-0b21-48f5-a606-56a734810414,2024-07-22,1,51.54,51.54,51.54
cfc8632c-0b21-48f5-a606-56a734810414,2024-07-29,2,49.86,43.99,55.73
cfc8632c-0b21-48f5-a606-56a734810414,2024-08-05,3,53.99,49.99,55
cfc8632c-0b21-48f5-a606-56a734810414,2024-08-12,1,37.2,37.2,37.2
cfc8632c-0b21-48f5-a606-56a734810414,2024-08-19,1,50,50,50
cfc8632c-0b21-48f5-a606-56a734810414,2024-09-02,1,32,32,32
cfc8632c-0b21-48f5-a606-56a734810414,2024-09-09,1,42.7,42.7,42.7
cfc8632c-0b21-48f5-a606-56a734810414,2024-09-16,1,18.5,18.5,18.5
cfc8632c-0b21-48f5-a606-56a734810414,2024-09-30,1,49,49,49
cfc8632c-0b21-48f5-a606-56a734810414,2024-10-14,1,38.4,38.4,38.4
cfc8632c-0b21-48f5-a606-56a734810414,2024-10-21,1,20,20,20
cfc8632c-0b21-48f5-a606-56a734810414,2024-10-28,1,30,30,30
cfc8632c-0b21-48f5-a606-56a734810414,2024-11-04,1,39.99,39.99,39.99
cfc8632c-0b21-48f5-a606-56a734810414,2024-11-25,4,36.58,26.97,41.88
cfc8632c-0b21-48f5-a606-56a734810414,2024-12-02,1,32,32,32
cfc8632c-0b21-48f5-a606-56a734810414,2024-12-09,3,36.19,26,44
cfc8632c-0b21-48f5-a606-56a734810414,2024-12-16,1,28.84,28.84,28.84
cfc8632c-0b21-48f5-a606-56a734810414,2024-12-23,1,39.99,39.99,39.99
cfc8632c-0b21-48f5-a606-56a734810414,2025-01-06,3,48.74,44.99,49.99
cfc8632c-0b21-48f5-a606-56a734810414,2025-01-20,2,54.95,49.99,59.9
cfc8632c-0b21-48f5-a606-56a734810414,2025-01-27,2,43.2,43.2,43.2
cfc8632c-0b21-48f5-a606-56a734810414,2025-02-03,1,48,48,48
cfc8632c-0b21-48f5-a606-56a734810414,2025-02-24,2,44.5,29,59.99
cfc8632c-0b21-48f5-a606-56a734810414,2025-03-03,1,30,30,30
cfc8632c-0b21-48f5-a606-56a734810414,2025-03-10,1,60.08,60.08,60.08
cfc8632c-0b21-48f5-a606-56a734810414,2025-03-17,1,33,33,33
cfc8632c-0b21-48f5-a606-56a734810414,2025-03-24,5,55,39,59.99
cfc8632c-0b21-48f5-a606-56a734810414,2025-04-14,1,65,65,65
cfc8632c-0b21-48f5-a606-56a734810414,2025-04-28,2,53.55,42.1,64.99
cfc8632c-0b21-48f5-a606-56a734810414,2025-05-05,1,24.6,24.6,24.6
cfc8632c-0b21-48f5-a606-56a734810414,2025-05-12,1,31,31,31
cfc8632c-0b21-48f5-a606-56a734810414,2025-05-26,1,70,70,70
cfc8632c-0b21-48f5-a606-56a734810414,2025-06-02,2,53.41,49.99,56.82
cfc8632c-0b21-48f5-a606-56a734810414,2025-06-09,1,47,47,47
cfc8632c-0b21-48f5-a606-56a734810414,2025-06-16,1,31,31,31
cfc8632c-0b21-48f5-a606-56a734810414,2025-06-30,2,48.8,46.6,51
cfc8632c-0b21-48f5-a606-56a734810414,2025-07-07,5,48,40,88
cfc8632c-0b21-48f5-a606-56a734810414,2025-07-21,1,48,48,48
cfc8632c-0b21-48f5-a606-56a734810414,2025-07-28,1,49.99,49.99,49.99
cfc8632c-0b21-48f5-a606-56a734810414,2025-08-11,2,63.09,45,81.19
cfc8632c-0b21-48f5-a606-56a734810414,2025-08-18,1,56.95,56.95,56.95
cfc8632c-0b21-48f5-a606-56a734810414,2025-08-25,1,64.99,64.99,64.99
cfc8632c-0b21-48f5-a606-56a734810414,2025-09-01,1,63.4,63.4,63.4
cfc8632c-0b21-48f5-a606-56a734810414,2025-09-08,2,66,66,66
cfc8632c-0b21-48f5-a606-56a734810414,2025-09-15,3,69.99,65,69.99
cfc8632c-0b21-48f5-a606-56a734810414,2025-09-22,1,99,99,99
cfc8632c-0b21-48f5-a606-56a734810414,2025-09-29,3,62.76,42,70
cfc8632c-0b21-48f5-a606-56a734810414,2025-10-06,3,98,74,98
cfc8632c-0b21-48f5-a606-56a734810414,2025-10-20,1,46,46,46
cfc8632c-0b21-48f5-a606-56a734810414,2025-10-27,2,90.49,85.99,94.99
cfc8632c-0b21-48f5-a606-56a734810414,2025-12-01,1,143.94,143.94,143.94
cfc8632c-0b21-48f5-a606-56a734810414,2025-12-08,2,68,66,70
cfc8632c-0b21-48f5-a606-56a734810414,2025-12-22,1,39,39,39
cfc8632c-0b21-48f5-a606-56a734810414,2026-02-02,1,57.6,57.6,57.6
cfc8632c-0b21-48f5-a606-56a734810414,2026-02-16,1,56,56,56
cfc8632c-0b21-48f5-a606-56a734810414,2026-02-23,1,89,89,89
cfc8632c-0b21-48f5-a606-56a734810414,2026-03-02,3,87.17,68,89
cfc8632c-0b21-48f5-a606-56a734810414,2026-03-09,7,87.18,68,120
cfc8632c-0b21-48f5-a606-56a734810414,2026-03-16,1,91,91,91
cfc8632c-0b21-48f5-a606-56a734810414,2026-03-23,6,102.5,67,125
cfc8632c-0b21-48f5-a606-56a734810414,2026-03-30,5,150,115.68,199.9
cfc8632c-0b21-48f5-a606-56a734810414,2026-04-27,1,204,204,204
cfc8632c-0b21-48f5-a606-56a734810414,2026-05-04,1,155,155,155
cfc8632c-0b21-48f5-a606-56a734810414,2026-05-25,1,152.51,152.51,152.51
cfc8632c-0b21-48f5-a606-56a734810414,2026-06-01,2,170.5,152.5,188.49
cfc8632c-0b21-48f5-a606-56a734810414,2026-06-15,1,243.03,243.03,243.03
cfc8632c-0b21-48f5-a606-56a734810414,2026-07-20,1,142.5,142.5,142.5
cfc8632c-0b21-48f5-a606-56a734810414,2026-08-03,2,170,145,194.99
cfc8632c-0b21-48f5-a606-56a734810414,2026-08-10,2,227.81,144,311.63
cfc8632c-0b21-48f5-a606-56a734810414,2026-08-31,2,123.75,107.5,140
cfc8632c-0b21-48f5-a606-56a734810414,2026-09-07,1,70.09,70.09,70.09
cfc8632c-0b21-48f5-a606-56a734810414,2026-09-14,2,98.95,97.9,100
cfc921b6-ec82-4739-a84b-6eff89381082,2021-03-22,1,356,356,356
cfc921b6-ec82-4739-a84b-6eff89381082,2022-08-29,1,999,999,999
cfc921b6-ec82-4739-a84b-6eff89381082,2022-11-21,1,1250,1250,1250
cfc921b6-ec82-4739-a84b-6eff89381082,2023-03-13,1,516,516,516
cfc921b6-ec82-4739-a84b-6eff89381082,2024-12-09,1,216,216,216
cfc921b6-ec82-4739-a84b-6eff89381082,2025-09-29,1,516,516,516
cfc921b6-ec82-4739-a84b-6eff89381082,2025-10-06,1,500,500,500
cfc921b6-ec82-4739-a84b-6eff89381082,2025-11-03,1,312,312,312
cfc921b6-ec82-4739-a84b-6eff89381082,2026-01-19,1,2190,2190,2190
cfc92e18-4652-45a5-9196-6829f4cf9eef,2021-05-10,1,100,100,100
cfc92e18-4652-45a5-9196-6829f4cf9eef,2022-01-03,1,60,60,60
cfc92e18-4652-45a5-9196-6829f4cf9eef,2023-01-09,1,50.4,50.4,50.4
cfc92e18-4652-45a5-9196-6829f4cf9eef,2023-05-29,1,50,50,50
cfc92e18-4652-45a5-9196-6829f4cf9eef,2024-01-08,1,52,52,52
cfc92e18-4652-45a5-9196-6829f4cf9eef,2026-02-16,1,403.99,403.99,403.99
cfcc67fc-0fa7-46b0-9fd5-724fba965a94,2021-10-04,1,51,51,51
cfcc9a2b-82c2-421b-8a31-8a473a3430ea,2023-11-27,1,61,61,61
cfcc9a2b-82c2-421b-8a31-8a473a3430ea,2024-07-29,1,118.49,118.49,118.49
cfcc9a2b-82c2-421b-8a31-8a473a3430ea,2024-08-26,1,102.5,102.5,102.5
cfcc9a2b-82c2-421b-8a31-8a473a3430ea,2024-12-16,1,120,120,120
cfcc9a2b-82c2-421b-8a31-8a473a3430ea,2025-08-25,2,127.25,100.99,153.5
cfcc9a2b-82c2-421b-8a31-8a473a3430ea,2026-03-23,1,350,350,350
cfcc9a2b-82c2-421b-8a31-8a473a3430ea,2026-04-06,1,600,600,600
cfcc9a2b-82c2-421b-8a31-8a473a3430ea,2026-05-11,1,636,636,636
cfccd4af-a1d9-4518-bbcf-72a2d085814d,2023-07-03,1,13.2,13.2,13.2
cfccd4af-a1d9-4518-bbcf-72a2d085814d,2023-07-24,1,15.6,15.6,15.6
cfccd4af-a1d9-4518-bbcf-72a2d085814d,2023-09-04,1,89,89,89
cfccd4af-a1d9-4518-bbcf-72a2d085814d,2024-04-22,1,31.2,31.2,31.2
cfccd4af-a1d9-4518-bbcf-72a2d085814d,2024-06-17,3,39,19.2,43
cfccd4af-a1d9-4518-bbcf-72a2d085814d,2024-09-30,1,44.4,44.4,44.4
cfccd4af-a1d9-4518-bbcf-72a2d085814d,2025-06-30,1,44,44,44
cfcd9d08-164d-41f1-9456-10fcdf0973e9,2021-04-26,1,87.44,87.44,87.44
cfcd9d08-164d-41f1-9456-10fcdf0973e9,2021-06-14,1,650,650,650
cfcd9d08-164d-41f1-9456-10fcdf0973e9,2021-06-28,1,152.5,152.5,152.5
cfcd9d08-164d-41f1-9456-10fcdf0973e9,2021-08-09,1,125.5,125.5,125.5
cfcd9d08-164d-41f1-9456-10fcdf0973e9,2021-10-18,1,96,96,96
cfcd9d08-164d-41f1-9456-10fcdf0973e9,2021-10-25,1,72,72,72
cfcd9d08-164d-41f1-9456-10fcdf0973e9,2021-11-01,1,110,110,110
cfcd9d08-164d-41f1-9456-10fcdf0973e9,2021-11-22,1,97,97,97
cfcd9d08-164d-41f1-9456-10fcdf0973e9,2022-01-03,2,160,120,199.99
cfcd9d08-164d-41f1-9456-10fcdf0973e9,2022-01-17,1,650,650,650
cfcd9d08-164d-41f1-9456-10fcdf0973e9,2022-01-31,1,189.5,189.5,189.5
cfcd9d08-164d-41f1-9456-10fcdf0973e9,2022-03-07,2,77.22,50.94,103.5
cfcd9d08-164d-41f1-9456-10fcdf0973e9,2022-06-20,1,133.7,133.7,133.7
cfcd9d08-164d-41f1-9456-10fcdf0973e9,2022-07-04,1,91.2,91.2,91.2
cfcd9d08-164d-41f1-9456-10fcdf0973e9,2022-08-15,1,580,580,580
cfcd9d08-164d-41f1-9456-10fcdf0973e9,2023-01-16,1,51,51,51
cfcd9d08-164d-41f1-9456-10fcdf0973e9,2023-02-20,1,60.4,60.4,60.4
cfcd9d08-164d-41f1-9456-10fcdf0973e9,2023-06-05,1,56.88,56.88,56.88
cfcd9d08-164d-41f1-9456-10fcdf0973e9,2023-06-19,1,38.12,38.12,38.12
cfcd9d08-164d-41f1-9456-10fcdf0973e9,2023-07-10,1,53.79,53.79,53.79
cfcd9d08-164d-41f1-9456-10fcdf0973e9,2023-07-17,1,65.51,65.51,65.51
cfcd9d08-164d-41f1-9456-10fcdf0973e9,2023-08-14,1,44.04,44.04,44.04
cfcd9d08-164d-41f1-9456-10fcdf0973e9,2023-10-23,1,85,85,85
cfcd9d08-164d-41f1-9456-10fcdf0973e9,2023-11-06,1,50,50,50
cfcd9d08-164d-41f1-9456-10fcdf0973e9,2023-12-18,1,74.99,74.99,74.99
cfcd9d08-164d-41f1-9456-10fcdf0973e9,2024-02-05,1,200,200,200
cfcd9d08-164d-41f1-9456-10fcdf0973e9,2024-02-26,1,56,56,56
cfcd9d08-164d-41f1-9456-10fcdf0973e9,2024-03-25,1,66.93,66.93,66.93
cfcd9d08-164d-41f1-9456-10fcdf0973e9,2024-04-29,1,134.99,134.99,134.99
cfcd9d08-164d-41f1-9456-10fcdf0973e9,2024-06-24,1,62.4,62.4,62.4
cfcd9d08-164d-41f1-9456-10fcdf0973e9,2024-07-08,2,80.7,62.4,99
cfcd9d08-164d-41f1-9456-10fcdf0973e9,2024-09-23,1,126.55,126.55,126.55
cfcd9d08-164d-41f1-9456-10fcdf0973e9,2024-12-23,1,120,120,120
cfcd9d08-164d-41f1-9456-10fcdf0973e9,2025-01-13,2,110.5,71,150
cfcd9d08-164d-41f1-9456-10fcdf0973e9,2025-02-03,1,100.8,100.8,100.8
cfcd9d08-164d-41f1-9456-10fcdf0973e9,2025-03-03,1,125,125,125
cfcd9d08-164d-41f1-9456-10fcdf0973e9,2025-03-10,1,77,77,77
cfcd9d08-164d-41f1-9456-10fcdf0973e9,2025-04-07,1,65.79,65.79,65.79
cfcd9d08-164d-41f1-9456-10fcdf0973e9,2025-04-14,1,100,100,100
cfcd9d08-164d-41f1-9456-10fcdf0973e9,2025-05-05,1,199.97,199.97,199.97
cfcd9d08-164d-41f1-9456-10fcdf0973e9,2025-05-12,2,192,179.99,204
cfcd9d08-164d-41f1-9456-10fcdf0973e9,2025-06-16,1,180,180,180
cfcd9d08-164d-41f1-9456-10fcdf0973e9,2025-07-07,1,150.5,150.5,150.5
cfcd9d08-164d-41f1-9456-10fcdf0973e9,2025-10-06,1,115,115,115
cfcd9d08-164d-41f1-9456-10fcdf0973e9,2025-10-27,1,108,108,108
cfcd9d08-164d-41f1-9456-10fcdf0973e9,2026-02-02,1,249.99,249.99,249.99
cfcd9d08-164d-41f1-9456-10fcdf0973e9,2026-02-16,1,600,600,600
cfcd9d08-164d-41f1-9456-10fcdf0973e9,2026-03-16,1,600,600,600
cfcd9d08-164d-41f1-9456-10fcdf0973e9,2026-03-30,1,960,960,960
cfcd9d08-164d-41f1-9456-10fcdf0973e9,2026-04-13,1,842.75,842.75,842.75
cfcd9d08-164d-41f1-9456-10fcdf0973e9,2026-05-11,2,729.5,710,749
cfcd9d08-164d-41f1-9456-10fcdf0973e9,2026-07-13,1,800,800,800
cfcd9d08-164d-41f1-9456-10fcdf0973e9,2026-08-03,1,810,810,810
cfcd9d08-164d-41f1-9456-10fcdf0973e9,2026-08-24,1,771,771,771
cfcd9d08-164d-41f1-9456-10fcdf0973e9,2026-08-31,1,824.44,824.44,824.44
cfcd9d08-164d-41f1-9456-10fcdf0973e9,2026-09-07,1,681,681,681
cfcd9d08-164d-41f1-9456-10fcdf0973e9,2026-09-21,1,860,860,860
cfcf425f-c13f-4e22-8e97-1ec6f5d381fc,2023-03-27,1,116.96,116.96,116.96
cfcf425f-c13f-4e22-8e97-1ec6f5d381fc,2023-06-26,1,51.88,51.88,51.88
cfcf425f-c13f-4e22-8e97-1ec6f5d381fc,2023-07-10,4,68.75,57.49,80
cfcf425f-c13f-4e22-8e97-1ec6f5d381fc,2023-08-21,1,67.99,67.99,67.99
cfcf425f-c13f-4e22-8e97-1ec6f5d381fc,2023-08-28,1,67.49,67.49,67.49
cfcf425f-c13f-4e22-8e97-1ec6f5d381fc,2023-09-04,1,55,55,55
cfcf425f-c13f-4e22-8e97-1ec6f5d381fc,2023-09-11,1,60.74,60.74,60.74
cfcf425f-c13f-4e22-8e97-1ec6f5d381fc,2023-09-25,1,53,53,53
cfcf425f-c13f-4e22-8e97-1ec6f5d381fc,2023-10-09,1,64.99,64.99,64.99
cfcf425f-c13f-4e22-8e97-1ec6f5d381fc,2024-03-04,1,44.99,44.99,44.99
cfcf425f-c13f-4e22-8e97-1ec6f5d381fc,2024-04-01,1,69.99,69.99,69.99
cfcf425f-c13f-4e22-8e97-1ec6f5d381fc,2024-04-22,2,31.07,27.07,35.06
cfcf425f-c13f-4e22-8e97-1ec6f5d381fc,2024-10-28,1,53.99,53.99,53.99
cfcf425f-c13f-4e22-8e97-1ec6f5d381fc,2024-11-18,1,54.99,54.99,54.99
cfcf425f-c13f-4e22-8e97-1ec6f5d381fc,2025-01-06,2,46.56,38.14,54.99
cfcf425f-c13f-4e22-8e97-1ec6f5d381fc,2025-01-13,1,30.4,30.4,30.4
cfcf425f-c13f-4e22-8e97-1ec6f5d381fc,2025-02-24,2,31,20,42
cfcf425f-c13f-4e22-8e97-1ec6f5d381fc,2025-03-10,2,43.5,40.99,46
cfcf425f-c13f-4e22-8e97-1ec6f5d381fc,2025-03-31,1,40.8,40.8,40.8
cfcf425f-c13f-4e22-8e97-1ec6f5d381fc,2025-05-26,1,49.99,49.99,49.99
cfcf425f-c13f-4e22-8e97-1ec6f5d381fc,2025-06-02,1,45.6,45.6,45.6
cfcf425f-c13f-4e22-8e97-1ec6f5d381fc,2025-06-16,2,62.9,49.99,75.81
cfcf425f-c13f-4e22-8e97-1ec6f5d381fc,2026-01-26,1,75,75,75
cfcf425f-c13f-4e22-8e97-1ec6f5d381fc,2026-03-23,1,100,100,100
cfcf425f-c13f-4e22-8e97-1ec6f5d381fc,2026-03-30,1,155,155,155
cfcf425f-c13f-4e22-8e97-1ec6f5d381fc,2026-04-06,1,45,45,45
cfcf425f-c13f-4e22-8e97-1ec6f5d381fc,2026-04-27,1,103.51,103.51,103.51
cfcf425f-c13f-4e22-8e97-1ec6f5d381fc,2026-05-25,1,169.99,169.99,169.99
cfcf425f-c13f-4e22-8e97-1ec6f5d381fc,2026-06-08,1,175.99,175.99,175.99
cfcf425f-c13f-4e22-8e97-1ec6f5d381fc,2026-07-13,1,200,200,200
cfcf425f-c13f-4e22-8e97-1ec6f5d381fc,2026-09-07,1,52,52,52
cfcf425f-c13f-4e22-8e97-1ec6f5d381fc,2026-09-21,1,224.35,224.35,224.35
cfd4f360-af3d-4d73-b4b2-0ac1373296b1,2021-05-31,1,335,335,335
cfd4f360-af3d-4d73-b4b2-0ac1373296b1,2021-08-23,3,149.5,147.5,250
cfd4f360-af3d-4d73-b4b2-0ac1373296b1,2021-11-08,1,176.62,176.62,176.62
cfd4f360-af3d-4d73-b4b2-0ac1373296b1,2021-11-15,1,135,135,135
cfd4f360-af3d-4d73-b4b2-0ac1373296b1,2022-01-31,1,213.5,213.5,213.5
cfd4f360-af3d-4d73-b4b2-0ac1373296b1,2022-02-14,1,138.16,138.16,138.16
cfd4f360-af3d-4d73-b4b2-0ac1373296b1,2022-06-13,1,175,175,175
cfd4f360-af3d-4d73-b4b2-0ac1373296b1,2022-06-27,1,145,145,145
cfd4f360-af3d-4d73-b4b2-0ac1373296b1,2022-07-04,1,101.74,101.74,101.74
cfd4f360-af3d-4d73-b4b2-0ac1373296b1,2022-08-15,1,73.06,73.06,73.06
cfd4f360-af3d-4d73-b4b2-0ac1373296b1,2022-09-12,1,160,160,160
cfd4f360-af3d-4d73-b4b2-0ac1373296b1,2022-09-26,1,159,159,159
cfd4f360-af3d-4d73-b4b2-0ac1373296b1,2022-10-03,1,170.99,170.99,170.99
cfd4f360-af3d-4d73-b4b2-0ac1373296b1,2022-10-17,5,172.38,158.69,172.38
cfd4f360-af3d-4d73-b4b2-0ac1373296b1,2022-10-31,1,199.42,199.42,199.42
cfd4f360-af3d-4d73-b4b2-0ac1373296b1,2022-12-19,2,185,170,200
cfd4f360-af3d-4d73-b4b2-0ac1373296b1,2022-12-26,1,152.5,152.5,152.5
cfd4f360-af3d-4d73-b4b2-0ac1373296b1,2023-01-16,1,274.99,274.99,274.99
cfd4f360-af3d-4d73-b4b2-0ac1373296b1,2023-02-13,1,205,205,205
cfd4f360-af3d-4d73-b4b2-0ac1373296b1,2023-02-20,2,267.38,267.38,267.38
cfd4f360-af3d-4d73-b4b2-0ac1373296b1,2023-02-27,2,246.4,233.43,259.37
cfd4f360-af3d-4d73-b4b2-0ac1373296b1,2023-03-06,1,279.97,279.97,279.97
cfd4f360-af3d-4d73-b4b2-0ac1373296b1,2023-03-13,1,204,204,204
cfd4f360-af3d-4d73-b4b2-0ac1373296b1,2023-03-27,2,247,244,250
cfd4f360-af3d-4d73-b4b2-0ac1373296b1,2023-05-08,1,439.99,439.99,439.99
cfd4f360-af3d-4d73-b4b2-0ac1373296b1,2023-06-05,1,744.3,744.3,744.3
cfd4f360-af3d-4d73-b4b2-0ac1373296b1,2023-06-19,1,951.4,951.4,951.4
cfd4f360-af3d-4d73-b4b2-0ac1373296b1,2023-06-26,1,690,690,690
cfd4f360-af3d-4d73-b4b2-0ac1373296b1,2023-07-17,1,384,384,384
cfd4f360-af3d-4d73-b4b2-0ac1373296b1,2023-08-07,1,500,500,500
cfd4f360-af3d-4d73-b4b2-0ac1373296b1,2023-10-09,1,413.99,413.99,413.99
cfd4f360-af3d-4d73-b4b2-0ac1373296b1,2023-10-16,1,422.54,422.54,422.54
cfd4f360-af3d-4d73-b4b2-0ac1373296b1,2023-11-06,1,312,312,312
cfd4f360-af3d-4d73-b4b2-0ac1373296b1,2023-12-25,3,318,299.99,330.38
cfd4f360-af3d-4d73-b4b2-0ac1373296b1,2024-01-15,1,311,311,311
cfd4f360-af3d-4d73-b4b2-0ac1373296b1,2024-01-22,1,245.52,245.52,245.52
cfd4f360-af3d-4d73-b4b2-0ac1373296b1,2024-01-29,1,300,300,300
cfd4f360-af3d-4d73-b4b2-0ac1373296b1,2024-02-26,1,250,250,250
cfd4f360-af3d-4d73-b4b2-0ac1373296b1,2024-03-04,1,210.5,210.5,210.5
cfd4f360-af3d-4d73-b4b2-0ac1373296b1,2024-03-25,1,290,290,290
cfd4f360-af3d-4d73-b4b2-0ac1373296b1,2024-04-01,1,210.5,210.5,210.5
cfd4f360-af3d-4d73-b4b2-0ac1373296b1,2024-05-06,1,192.5,192.5,192.5
cfd4f360-af3d-4d73-b4b2-0ac1373296b1,2024-06-03,1,144,144,144
cfd4f360-af3d-4d73-b4b2-0ac1373296b1,2024-06-10,2,185.75,173.5,198
cfd4f360-af3d-4d73-b4b2-0ac1373296b1,2024-06-17,1,255,255,255
cfd4f360-af3d-4d73-b4b2-0ac1373296b1,2024-06-24,1,189,189,189
cfd4f360-af3d-4d73-b4b2-0ac1373296b1,2024-07-01,2,152.03,143.56,160.5
cfd4f360-af3d-4d73-b4b2-0ac1373296b1,2024-07-29,2,154.97,152.5,157.44
cfd4f360-af3d-4d73-b4b2-0ac1373296b1,2024-08-19,1,137.5,137.5,137.5
cfd4f360-af3d-4d73-b4b2-0ac1373296b1,2024-08-26,1,126.69,126.69,126.69
cfd4f360-af3d-4d73-b4b2-0ac1373296b1,2024-09-02,1,155.55,155.55,155.55
cfd4f360-af3d-4d73-b4b2-0ac1373296b1,2024-09-09,1,103.75,103.75,103.75
cfd4f360-af3d-4d73-b4b2-0ac1373296b1,2024-09-16,1,138,138,138
cfd4f360-af3d-4d73-b4b2-0ac1373296b1,2024-09-23,1,110.4,110.4,110.4
cfd4f360-af3d-4d73-b4b2-0ac1373296b1,2024-10-07,2,135,132.5,137.5
cfd4f360-af3d-4d73-b4b2-0ac1373296b1,2024-11-18,1,250,250,250
cfd4f360-af3d-4d73-b4b2-0ac1373296b1,2024-11-25,1,170,170,170
cfd4f360-af3d-4d73-b4b2-0ac1373296b1,2024-12-16,1,192.08,192.08,192.08
cfd4f360-af3d-4d73-b4b2-0ac1373296b1,2024-12-30,1,180,180,180
cfd4f360-af3d-4d73-b4b2-0ac1373296b1,2025-01-13,1,212.2,212.2,212.2
cfd4f360-af3d-4d73-b4b2-0ac1373296b1,2025-02-17,1,234.34,234.34,234.34
cfd4f360-af3d-4d73-b4b2-0ac1373296b1,2025-03-17,1,225,225,225
cfd4f360-af3d-4d73-b4b2-0ac1373296b1,2025-03-31,1,228.5,228.5,228.5
cfd4f360-af3d-4d73-b4b2-0ac1373296b1,2025-05-05,1,227.33,227.33,227.33
cfd4f360-af3d-4d73-b4b2-0ac1373296b1,2025-05-12,1,269.99,269.99,269.99
cfd4f360-af3d-4d73-b4b2-0ac1373296b1,2025-05-19,1,237.5,237.5,237.5
cfd4f360-af3d-4d73-b4b2-0ac1373296b1,2025-05-26,1,252,252,252
cfd4f360-af3d-4d73-b4b2-0ac1373296b1,2025-06-16,1,277.35,277.35,277.35
cfd4f360-af3d-4d73-b4b2-0ac1373296b1,2025-08-11,2,256.67,252,261.34
cfd4f360-af3d-4d73-b4b2-0ac1373296b1,2025-08-18,1,247.5,247.5,247.5
cfd4f360-af3d-4d73-b4b2-0ac1373296b1,2025-09-01,1,234,234,234
cfd4f360-af3d-4d73-b4b2-0ac1373296b1,2025-09-08,1,260,260,260
cfd4f360-af3d-4d73-b4b2-0ac1373296b1,2025-09-15,2,363.42,361.85,364.99
cfd4f360-af3d-4d73-b4b2-0ac1373296b1,2025-09-29,1,292,292,292
cfd4f360-af3d-4d73-b4b2-0ac1373296b1,2025-10-06,1,250,250,250
cfd4f360-af3d-4d73-b4b2-0ac1373296b1,2025-10-13,1,305,305,305
cfd4f360-af3d-4d73-b4b2-0ac1373296b1,2025-11-17,1,183.5,183.5,183.5
cfd4f360-af3d-4d73-b4b2-0ac1373296b1,2026-01-19,1,359.99,359.99,359.99
cfd4f360-af3d-4d73-b4b2-0ac1373296b1,2026-01-26,2,273.35,211.69,335
cfd4f360-af3d-4d73-b4b2-0ac1373296b1,2026-02-16,1,351.75,351.75,351.75
cfd4f360-af3d-4d73-b4b2-0ac1373296b1,2026-04-06,1,407,407,407
cfd4f360-af3d-4d73-b4b2-0ac1373296b1,2026-04-13,2,395,390,399.99
cfd4f360-af3d-4d73-b4b2-0ac1373296b1,2026-05-11,1,400,400,400
cfd4f360-af3d-4d73-b4b2-0ac1373296b1,2026-06-08,1,416,416,416
cfd4f360-af3d-4d73-b4b2-0ac1373296b1,2026-06-29,1,392.5,392.5,392.5
cfd4f360-af3d-4d73-b4b2-0ac1373296b1,2026-07-06,1,409.99,409.99,409.99
cfd4f360-af3d-4d73-b4b2-0ac1373296b1,2026-08-10,3,419.99,347,550
cfd4f360-af3d-4d73-b4b2-0ac1373296b1,2026-08-24,3,378.2,377.55,465
cfd5b8e7-6d10-4342-9714-9fbeeea0df2d,2021-08-23,1,114.85,114.85,114.85
cfd5b8e7-6d10-4342-9714-9fbeeea0df2d,2022-02-21,1,112.46,112.46,112.46
cfd5b8e7-6d10-4342-9714-9fbeeea0df2d,2022-07-11,1,87,87,87
cfd5b8e7-6d10-4342-9714-9fbeeea0df2d,2022-09-26,1,103.5,103.5,103.5
cfd5b8e7-6d10-4342-9714-9fbeeea0df2d,2022-10-24,1,122,122,122
cfd5b8e7-6d10-4342-9714-9fbeeea0df2d,2022-12-26,1,98.55,98.55,98.55
cfd5b8e7-6d10-4342-9714-9fbeeea0df2d,2023-01-23,1,61,61,61
cfd5b8e7-6d10-4342-9714-9fbeeea0df2d,2023-02-13,1,80,80,80
cfd5b8e7-6d10-4342-9714-9fbeeea0df2d,2023-07-10,1,200,200,200
cfd5b8e7-6d10-4342-9714-9fbeeea0df2d,2023-10-23,1,86,86,86
cfd5b8e7-6d10-4342-9714-9fbeeea0df2d,2024-01-15,1,88.8,88.8,88.8
cfd5b8e7-6d10-4342-9714-9fbeeea0df2d,2024-02-26,1,69.6,69.6,69.6
cfd5b8e7-6d10-4342-9714-9fbeeea0df2d,2024-03-25,1,82,82,82
cfd5b8e7-6d10-4342-9714-9fbeeea0df2d,2024-10-28,1,99.99,99.99,99.99
cfd5b8e7-6d10-4342-9714-9fbeeea0df2d,2025-02-17,1,203.28,203.28,203.28
cfd5b8e7-6d10-4342-9714-9fbeeea0df2d,2025-04-21,2,142.78,137.5,148.07
cfd5b8e7-6d10-4342-9714-9fbeeea0df2d,2025-09-08,1,300,300,300
cfd5b8e7-6d10-4342-9714-9fbeeea0df2d,2026-01-05,1,399,399,399
cfd5b8e7-6d10-4342-9714-9fbeeea0df2d,2026-02-23,1,500,500,500
cfd5b8e7-6d10-4342-9714-9fbeeea0df2d,2026-03-09,1,910,910,910
cfd92d52-6608-45ba-9a1e-dd7b3bd1a37b,2023-06-26,1,22.5,22.5,22.5
cfd92d52-6608-45ba-9a1e-dd7b3bd1a37b,2023-07-31,1,29.99,29.99,29.99
cfd92d52-6608-45ba-9a1e-dd7b3bd1a37b,2023-08-21,1,25,25,25
cfd92d52-6608-45ba-9a1e-dd7b3bd1a37b,2023-08-28,1,28,28,28
cfd92d52-6608-45ba-9a1e-dd7b3bd1a37b,2023-09-25,1,36.6,36.6,36.6
cfd92d52-6608-45ba-9a1e-dd7b3bd1a37b,2023-11-13,3,14.64,13.5,20.5
cfd92d52-6608-45ba-9a1e-dd7b3bd1a37b,2023-11-20,1,32.45,32.45,32.45
cfd92d52-6608-45ba-9a1e-dd7b3bd1a37b,2023-12-11,1,26,26,26
cfd92d52-6608-45ba-9a1e-dd7b3bd1a37b,2023-12-18,1,37.53,37.53,37.53
cfd92d52-6608-45ba-9a1e-dd7b3bd1a37b,2024-01-22,1,39.94,39.94,39.94
cfd92d52-6608-45ba-9a1e-dd7b3bd1a37b,2024-03-25,1,25,25,25
cfd92d52-6608-45ba-9a1e-dd7b3bd1a37b,2024-08-05,1,25,25,25
cfd92d52-6608-45ba-9a1e-dd7b3bd1a37b,2024-08-26,1,44.99,44.99,44.99
cfd92d52-6608-45ba-9a1e-dd7b3bd1a37b,2024-09-23,1,25,25,25
cfd92d52-6608-45ba-9a1e-dd7b3bd1a37b,2024-11-11,1,20.21,20.21,20.21
cfd92d52-6608-45ba-9a1e-dd7b3bd1a37b,2024-12-16,1,20,20,20
cfd92d52-6608-45ba-9a1e-dd7b3bd1a37b,2024-12-30,1,22,22,22
cfd92d52-6608-45ba-9a1e-dd7b3bd1a37b,2025-04-14,2,27.5,24,31
cfd92d52-6608-45ba-9a1e-dd7b3bd1a37b,2025-05-05,1,19,19,19
cfd92d52-6608-45ba-9a1e-dd7b3bd1a37b,2025-05-19,1,42.99,42.99,42.99
cfd92d52-6608-45ba-9a1e-dd7b3bd1a37b,2025-05-26,1,10,10,10
cfd92d52-6608-45ba-9a1e-dd7b3bd1a37b,2025-08-11,1,25.2,25.2,25.2
cfd92d52-6608-45ba-9a1e-dd7b3bd1a37b,2025-09-29,1,53.54,53.54,53.54
cfd92d52-6608-45ba-9a1e-dd7b3bd1a37b,2025-12-15,1,26,26,26
cfd92d52-6608-45ba-9a1e-dd7b3bd1a37b,2026-03-23,1,25.2,25.2,25.2
cfd92d52-6608-45ba-9a1e-dd7b3bd1a37b,2026-04-06,1,43,43,43
cfd92d52-6608-45ba-9a1e-dd7b3bd1a37b,2026-04-20,2,35.1,31.2,39
cfd92d52-6608-45ba-9a1e-dd7b3bd1a37b,2026-05-18,1,65,65,65
cfd92d52-6608-45ba-9a1e-dd7b3bd1a37b,2026-05-25,1,75,75,75
cfd92d52-6608-45ba-9a1e-dd7b3bd1a37b,2026-09-14,1,72,72,72
cfd9d808-0264-44d3-ad6e-e8ab04a53c68,2025-10-20,1,39,39,39
cfd9d808-0264-44d3-ad6e-e8ab04a53c68,2025-12-08,1,49.99,49.99,49.99
cfd9d808-0264-44d3-ad6e-e8ab04a53c68,2026-03-09,1,67.5,67.5,67.5
cfd9d808-0264-44d3-ad6e-e8ab04a53c68,2026-05-11,1,80,80,80
cfddfe17-109f-47f2-87fe-5c348bf6d7eb,2026-05-11,1,56,56,56
cfe0ca8b-48d0-46d6-a055-c0429b993e59,2021-03-22,1,2225,2225,2225
cfe0ca8b-48d0-46d6-a055-c0429b993e59,2021-03-29,1,2150,2150,2150
cfe0ca8b-48d0-46d6-a055-c0429b993e59,2021-04-05,1,2300,2300,2300
cfe0ca8b-48d0-46d6-a055-c0429b993e59,2021-04-12,3,2200,1320,2402.04
cfe0ca8b-48d0-46d6-a055-c0429b993e59,2021-05-03,1,2999.99,2999.99,2999.99
cfe0ca8b-48d0-46d6-a055-c0429b993e59,2021-05-17,1,2199.99,2199.99,2199.99
cfe0ca8b-48d0-46d6-a055-c0429b993e59,2021-05-24,1,2352,2352,2352
cfe0ca8b-48d0-46d6-a055-c0429b993e59,2021-05-31,1,1750,1750,1750
cfe0ca8b-48d0-46d6-a055-c0429b993e59,2021-08-02,2,1887.5,1875,1900
cfe0ca8b-48d0-46d6-a055-c0429b993e59,2021-08-30,1,2500,2500,2500
cfe0ca8b-48d0-46d6-a055-c0429b993e59,2021-09-27,1,2000,2000,2000
cfe0ca8b-48d0-46d6-a055-c0429b993e59,2021-10-25,2,1650,1550,1750
cfe0ca8b-48d0-46d6-a055-c0429b993e59,2021-11-08,1,2175,2175,2175
cfe0ca8b-48d0-46d6-a055-c0429b993e59,2021-12-13,1,2300,2300,2300
cfe0ca8b-48d0-46d6-a055-c0429b993e59,2021-12-27,1,2300,2300,2300
cfe0ca8b-48d0-46d6-a055-c0429b993e59,2022-03-07,1,2868.47,2868.47,2868.47
cfe0ca8b-48d0-46d6-a055-c0429b993e59,2022-03-28,1,1999,1999,1999
cfe0ca8b-48d0-46d6-a055-c0429b993e59,2022-04-04,1,2010,2010,2010
cfe0ca8b-48d0-46d6-a055-c0429b993e59,2022-04-25,2,31.18,12.11,50.24
cfe0ca8b-48d0-46d6-a055-c0429b993e59,2022-05-02,1,22.5,22.5,22.5
cfe0ca8b-48d0-46d6-a055-c0429b993e59,2022-05-23,2,31.2,12.11,50.28
cfe0ca8b-48d0-46d6-a055-c0429b993e59,2022-06-20,1,42.98,42.98,42.98
cfe0ca8b-48d0-46d6-a055-c0429b993e59,2022-06-27,1,12.11,12.11,12.11
cfe0ca8b-48d0-46d6-a055-c0429b993e59,2022-07-25,1,12.11,12.11,12.11
cfe0ca8b-48d0-46d6-a055-c0429b993e59,2022-08-01,1,48.66,48.66,48.66
cfe0ca8b-48d0-46d6-a055-c0429b993e59,2022-08-15,2,786.05,12.11,1560
cfe0ca8b-48d0-46d6-a055-c0429b993e59,2022-08-29,1,2500,2500,2500
cfe0ca8b-48d0-46d6-a055-c0429b993e59,2022-09-26,1,2001.38,2001.38,2001.38
cfe0ca8b-48d0-46d6-a055-c0429b993e59,2022-11-21,1,1462.8,1462.8,1462.8
cfe0ca8b-48d0-46d6-a055-c0429b993e59,2022-12-19,1,1485,1485,1485
cfe0ca8b-48d0-46d6-a055-c0429b993e59,2023-01-09,1,1550,1550,1550
cfe0ca8b-48d0-46d6-a055-c0429b993e59,2023-02-13,1,2038.17,2038.17,2038.17
cfe0ca8b-48d0-46d6-a055-c0429b993e59,2023-02-20,1,1700,1700,1700
cfe0ca8b-48d0-46d6-a055-c0429b993e59,2023-02-27,1,1350,1350,1350
cfe0ca8b-48d0-46d6-a055-c0429b993e59,2023-03-06,2,1294,1125,1463
cfe0ca8b-48d0-46d6-a055-c0429b993e59,2023-04-03,1,1507,1507,1507
cfe0ca8b-48d0-46d6-a055-c0429b993e59,2023-05-01,1,1336,1336,1336
cfe0ca8b-48d0-46d6-a055-c0429b993e59,2023-06-26,1,2199.95,2199.95,2199.95
cfe0ca8b-48d0-46d6-a055-c0429b993e59,2023-07-03,1,1590,1590,1590
cfe0ca8b-48d0-46d6-a055-c0429b993e59,2023-07-10,1,1547.64,1547.64,1547.64
cfe0ca8b-48d0-46d6-a055-c0429b993e59,2023-08-28,1,1600,1600,1600
cfe0ca8b-48d0-46d6-a055-c0429b993e59,2023-09-18,1,1650,1650,1650
cfe0ca8b-48d0-46d6-a055-c0429b993e59,2023-10-02,1,1775.15,1775.15,1775.15
cfe0ca8b-48d0-46d6-a055-c0429b993e59,2023-10-09,2,1600,1550,1650
cfe0ca8b-48d0-46d6-a055-c0429b993e59,2023-10-23,1,1250,1250,1250
cfe0ca8b-48d0-46d6-a055-c0429b993e59,2023-11-20,1,1593.81,1593.81,1593.81
cfe0ca8b-48d0-46d6-a055-c0429b993e59,2024-01-22,2,1202.85,1152,1253.69
cfe0ca8b-48d0-46d6-a055-c0429b993e59,2024-02-12,2,1266.05,1261.54,1270.57
cfe0ca8b-48d0-46d6-a055-c0429b993e59,2024-02-26,2,1624.99,1550,1699.99
cfe0ca8b-48d0-46d6-a055-c0429b993e59,2024-03-04,1,1427.21,1427.21,1427.21
cfe0ca8b-48d0-46d6-a055-c0429b993e59,2024-03-25,1,1290,1290,1290
cfe0ca8b-48d0-46d6-a055-c0429b993e59,2024-04-29,1,1595,1595,1595
cfe0ca8b-48d0-46d6-a055-c0429b993e59,2024-05-06,1,1440,1440,1440
cfe0ca8b-48d0-46d6-a055-c0429b993e59,2024-05-20,1,1349.99,1349.99,1349.99
cfe0ca8b-48d0-46d6-a055-c0429b993e59,2024-06-03,1,1090.31,1090.31,1090.31
cfe0ca8b-48d0-46d6-a055-c0429b993e59,2024-07-01,2,1350,1300,1400
cfe0ca8b-48d0-46d6-a055-c0429b993e59,2024-08-05,1,1614.14,1614.14,1614.14
cfe0ca8b-48d0-46d6-a055-c0429b993e59,2024-08-26,2,1559.22,1450,1668.45
cfe0ca8b-48d0-46d6-a055-c0429b993e59,2024-09-16,1,1550,1550,1550
cfe0ca8b-48d0-46d6-a055-c0429b993e59,2024-10-07,1,1350,1350,1350
cfe0ca8b-48d0-46d6-a055-c0429b993e59,2024-10-14,1,1395,1395,1395
cfe0ca8b-48d0-46d6-a055-c0429b993e59,2024-10-21,1,1250,1250,1250
cfe0ca8b-48d0-46d6-a055-c0429b993e59,2024-12-09,1,1181.43,1181.43,1181.43
cfe0ca8b-48d0-46d6-a055-c0429b993e59,2024-12-23,1,1395,1395,1395
cfe0ca8b-48d0-46d6-a055-c0429b993e59,2025-01-06,1,1150,1150,1150
cfe0ca8b-48d0-46d6-a055-c0429b993e59,2025-01-20,1,1400,1400,1400
cfe0ca8b-48d0-46d6-a055-c0429b993e59,2025-01-27,2,1624.97,1599.95,1650
cfe0ca8b-48d0-46d6-a055-c0429b993e59,2025-02-17,1,1750,1750,1750
cfe0ca8b-48d0-46d6-a055-c0429b993e59,2025-03-10,1,1850,1850,1850
cfe0ca8b-48d0-46d6-a055-c0429b993e59,2025-05-19,1,2000,2000,2000
cfe0ca8b-48d0-46d6-a055-c0429b993e59,2025-05-26,1,2312.4,2312.4,2312.4
cfe0ca8b-48d0-46d6-a055-c0429b993e59,2025-06-09,1,4050,4050,4050
cfe0ca8b-48d0-46d6-a055-c0429b993e59,2025-07-07,2,3943,3686,4200
cfe0ca8b-48d0-46d6-a055-c0429b993e59,2025-08-25,2,3655.5,3150,4161
cfe0ca8b-48d0-46d6-a055-c0429b993e59,2025-09-15,1,3725,3725,3725
cfe0ca8b-48d0-46d6-a055-c0429b993e59,2025-09-22,1,4000,4000,4000
cfe0ca8b-48d0-46d6-a055-c0429b993e59,2025-09-29,1,4000,4000,4000
cfe0ca8b-48d0-46d6-a055-c0429b993e59,2025-10-13,1,5000,5000,5000
cfe0ca8b-48d0-46d6-a055-c0429b993e59,2025-10-27,1,3500,3500,3500
cfe0ca8b-48d0-46d6-a055-c0429b993e59,2025-11-10,1,4700,4700,4700
cfe0ca8b-48d0-46d6-a055-c0429b993e59,2025-11-24,2,4690.93,4330.8,5051.05
cfe0ca8b-48d0-46d6-a055-c0429b993e59,2025-12-22,2,4849.5,4799,4900
cfe0ca8b-48d0-46d6-a055-c0429b993e59,2026-01-12,1,4500,4500,4500
cfe0ca8b-48d0-46d6-a055-c0429b993e59,2026-02-09,2,5945,5890,6000
cfe0ca8b-48d0-46d6-a055-c0429b993e59,2026-03-09,1,9136,9136,9136
cfe0ca8b-48d0-46d6-a055-c0429b993e59,2026-03-23,1,6788.08,6788.08,6788.08
cfe0ca8b-48d0-46d6-a055-c0429b993e59,2026-04-06,1,10500,10500,10500
cfe0ca8b-48d0-46d6-a055-c0429b993e59,2026-04-13,1,5958.5,5958.5,5958.5
cfe0ca8b-48d0-46d6-a055-c0429b993e59,2026-04-27,2,7844,7758,7930
cfe0ca8b-48d0-46d6-a055-c0429b993e59,2026-05-18,1,6422,6422,6422
cfe0ca8b-48d0-46d6-a055-c0429b993e59,2026-06-01,1,7605.6,7605.6,7605.6
cfe0ca8b-48d0-46d6-a055-c0429b993e59,2026-06-08,2,6840.3,5955,7725.6
cfe0ca8b-48d0-46d6-a055-c0429b993e59,2026-06-29,1,5760,5760,5760
cfe0ca8b-48d0-46d6-a055-c0429b993e59,2026-07-13,1,6004.8,6004.8,6004.8
cfe0ca8b-48d0-46d6-a055-c0429b993e59,2026-07-20,2,7500,7000,8000
cfe0ca8b-48d0-46d6-a055-c0429b993e59,2026-07-27,1,9100,9100,9100
cfe0ca8b-48d0-46d6-a055-c0429b993e59,2026-08-03,1,7500,7500,7500
cfe0ca8b-48d0-46d6-a055-c0429b993e59,2026-09-07,5,9900,9749.99,10000
cfe0ca8b-48d0-46d6-a055-c0429b993e59,2026-09-21,1,14999.95,14999.95,14999.95
cfe1585d-7b5a-44fb-a8d3-7a87b44f455d,2022-02-21,1,52,52,52
cfe1585d-7b5a-44fb-a8d3-7a87b44f455d,2025-08-18,1,157.77,157.77,157.77
cfe26a49-d532-4c3f-97d3-86b413a1b0ba,2021-12-13,1,24.5,24.5,24.5
cfe26a49-d532-4c3f-97d3-86b413a1b0ba,2022-01-10,1,23.1,23.1,23.1
cfe26a49-d532-4c3f-97d3-86b413a1b0ba,2022-09-26,1,43,43,43
cfe26a49-d532-4c3f-97d3-86b413a1b0ba,2022-10-31,1,36,36,36
cfe26a49-d532-4c3f-97d3-86b413a1b0ba,2022-11-07,1,66,66,66
cfe26a49-d532-4c3f-97d3-86b413a1b0ba,2023-02-06,2,47.5,32.26,62.74
cfe26a49-d532-4c3f-97d3-86b413a1b0ba,2023-03-13,2,67.5,65,70
cfe26a49-d532-4c3f-97d3-86b413a1b0ba,2023-03-27,1,40,40,40
cfe26a49-d532-4c3f-97d3-86b413a1b0ba,2023-05-08,1,49.99,49.99,49.99
cfe26a49-d532-4c3f-97d3-86b413a1b0ba,2023-05-15,1,59,59,59
cfe26a49-d532-4c3f-97d3-86b413a1b0ba,2023-06-26,1,70,70,70
cfe26a49-d532-4c3f-97d3-86b413a1b0ba,2023-07-03,1,71.77,71.77,71.77
cfe26a49-d532-4c3f-97d3-86b413a1b0ba,2023-09-18,1,17.86,17.86,17.86
cfe26a49-d532-4c3f-97d3-86b413a1b0ba,2023-10-02,1,31,31,31
cfe26a49-d532-4c3f-97d3-86b413a1b0ba,2023-10-16,1,59.97,59.97,59.97
cfe26a49-d532-4c3f-97d3-86b413a1b0ba,2023-11-06,1,26,26,26
cfe26a49-d532-4c3f-97d3-86b413a1b0ba,2023-11-13,1,15.5,15.5,15.5
cfe26a49-d532-4c3f-97d3-86b413a1b0ba,2023-12-11,1,50,50,50
cfe26a49-d532-4c3f-97d3-86b413a1b0ba,2024-03-25,2,35.95,35.95,35.96
cfe26a49-d532-4c3f-97d3-86b413a1b0ba,2024-05-13,1,20.54,20.54,20.54
cfe26a49-d532-4c3f-97d3-86b413a1b0ba,2024-05-27,1,30,30,30
cfe26a49-d532-4c3f-97d3-86b413a1b0ba,2024-06-10,1,40,40,40
cfe26a49-d532-4c3f-97d3-86b413a1b0ba,2024-06-24,2,24.8,19.6,30
cfe26a49-d532-4c3f-97d3-86b413a1b0ba,2024-07-01,1,15.5,15.5,15.5
cfe26a49-d532-4c3f-97d3-86b413a1b0ba,2024-08-19,1,25.2,25.2,25.2
cfe26a49-d532-4c3f-97d3-86b413a1b0ba,2024-09-23,1,26.99,26.99,26.99
cfe26a49-d532-4c3f-97d3-86b413a1b0ba,2024-10-07,1,11.5,11.5,11.5
cfe26a49-d532-4c3f-97d3-86b413a1b0ba,2024-12-30,1,20.5,20.5,20.5
cfe26a49-d532-4c3f-97d3-86b413a1b0ba,2025-01-20,1,23.5,23.5,23.5
cfe26a49-d532-4c3f-97d3-86b413a1b0ba,2025-06-02,1,18.5,18.5,18.5
cfe26a49-d532-4c3f-97d3-86b413a1b0ba,2025-08-18,1,48.68,48.68,48.68
cfe26a49-d532-4c3f-97d3-86b413a1b0ba,2025-12-08,1,18.5,18.5,18.5
cfe26a49-d532-4c3f-97d3-86b413a1b0ba,2025-12-22,1,25,25,25
cfe26a49-d532-4c3f-97d3-86b413a1b0ba,2026-01-05,1,29.91,29.91,29.91
cfe26a49-d532-4c3f-97d3-86b413a1b0ba,2026-03-30,1,25,25,25
cfe26a49-d532-4c3f-97d3-86b413a1b0ba,2026-06-01,1,43,43,43
cfe26a49-d532-4c3f-97d3-86b413a1b0ba,2026-07-06,1,31,31,31
cfe2d08b-c589-445b-9aaf-58ead13730fc,2021-06-14,1,215,215,215
cfe2d08b-c589-445b-9aaf-58ead13730fc,2021-07-05,1,76.01,76.01,76.01
cfe2d08b-c589-445b-9aaf-58ead13730fc,2021-10-11,1,225.01,225.01,225.01
cfe2d08b-c589-445b-9aaf-58ead13730fc,2021-10-18,1,95,95,95
cfe2d08b-c589-445b-9aaf-58ead13730fc,2021-12-20,2,44,43,45
cfe2d08b-c589-445b-9aaf-58ead13730fc,2021-12-27,1,61.06,61.06,61.06
cfe2d08b-c589-445b-9aaf-58ead13730fc,2022-01-17,1,37.24,37.24,37.24
cfe2d08b-c589-445b-9aaf-58ead13730fc,2022-01-24,1,79.2,79.2,79.2
cfe2d08b-c589-445b-9aaf-58ead13730fc,2022-03-21,1,71,71,71
cfe2d08b-c589-445b-9aaf-58ead13730fc,2022-04-04,1,150,150,150
cfe2d08b-c589-445b-9aaf-58ead13730fc,2022-05-16,1,52.01,52.01,52.01
cfe2d08b-c589-445b-9aaf-58ead13730fc,2022-05-30,1,89.88,89.88,89.88
cfe2d08b-c589-445b-9aaf-58ead13730fc,2022-06-13,1,51,51,51
cfe2d08b-c589-445b-9aaf-58ead13730fc,2022-06-20,1,51,51,51
cfe2d08b-c589-445b-9aaf-58ead13730fc,2022-06-27,1,46,46,46
cfe2d08b-c589-445b-9aaf-58ead13730fc,2022-07-04,1,51,51,51
cfe2d08b-c589-445b-9aaf-58ead13730fc,2022-07-11,1,52,52,52
cfe2d08b-c589-445b-9aaf-58ead13730fc,2022-08-15,2,48,44.99,51
cfe2d08b-c589-445b-9aaf-58ead13730fc,2022-08-22,1,61,61,61
cfe2d08b-c589-445b-9aaf-58ead13730fc,2022-09-12,1,114.9,114.9,114.9
cfe2d08b-c589-445b-9aaf-58ead13730fc,2022-12-12,1,26,26,26
cfe2d08b-c589-445b-9aaf-58ead13730fc,2022-12-26,1,44.59,44.59,44.59
cfe2d08b-c589-445b-9aaf-58ead13730fc,2023-04-24,1,35,35,35
cfe2d08b-c589-445b-9aaf-58ead13730fc,2023-05-01,1,36,36,36
cfe2d08b-c589-445b-9aaf-58ead13730fc,2023-05-15,1,26,26,26
cfe2d08b-c589-445b-9aaf-58ead13730fc,2023-06-26,1,36,36,36
cfe2d08b-c589-445b-9aaf-58ead13730fc,2023-07-10,1,32,32,32
cfe2d08b-c589-445b-9aaf-58ead13730fc,2023-12-11,1,24.2,24.2,24.2
cfe2d08b-c589-445b-9aaf-58ead13730fc,2024-02-19,1,65,65,65
cfe2d08b-c589-445b-9aaf-58ead13730fc,2024-02-26,1,43,43,43
cfe2d08b-c589-445b-9aaf-58ead13730fc,2024-03-04,1,52,52,52
cfe2d08b-c589-445b-9aaf-58ead13730fc,2024-05-20,2,41.27,36.55,46
cfe2d08b-c589-445b-9aaf-58ead13730fc,2024-06-03,1,29.02,29.02,29.02
cfe2d08b-c589-445b-9aaf-58ead13730fc,2024-09-09,1,35,35,35
cfe2d08b-c589-445b-9aaf-58ead13730fc,2024-09-23,1,79.95,79.95,79.95
cfe2d08b-c589-445b-9aaf-58ead13730fc,2024-10-07,1,33,33,33
cfe2d08b-c589-445b-9aaf-58ead13730fc,2024-11-04,1,37.44,37.44,37.44
cfe2d08b-c589-445b-9aaf-58ead13730fc,2025-02-24,1,52.55,52.55,52.55
cfe2d08b-c589-445b-9aaf-58ead13730fc,2025-04-07,1,48,48,48
cfe2d08b-c589-445b-9aaf-58ead13730fc,2025-09-22,1,64,64,64
cfe2d08b-c589-445b-9aaf-58ead13730fc,2026-02-02,1,97.2,97.2,97.2
cfe2d08b-c589-445b-9aaf-58ead13730fc,2026-08-17,2,249.5,248,251
cfe2d08b-c589-445b-9aaf-58ead13730fc,2026-09-07,1,475,475,475
cfe3a694-63d9-4659-a3ae-eb9827622b62,2023-05-15,1,78.77,78.77,78.77
cfe3a694-63d9-4659-a3ae-eb9827622b62,2023-07-17,1,65,65,65
cfe3a694-63d9-4659-a3ae-eb9827622b62,2023-10-02,1,96,96,96
cfe3a694-63d9-4659-a3ae-eb9827622b62,2023-11-20,1,46,46,46
cfe3a694-63d9-4659-a3ae-eb9827622b62,2024-01-29,1,50.43,50.43,50.43
cfe3a694-63d9-4659-a3ae-eb9827622b62,2024-06-03,1,128.41,128.41,128.41
cfe3a694-63d9-4659-a3ae-eb9827622b62,2024-10-21,1,74.99,74.99,74.99
cfe3a694-63d9-4659-a3ae-eb9827622b62,2024-11-04,1,56.26,56.26,56.26
cfe3a694-63d9-4659-a3ae-eb9827622b62,2025-02-10,1,41,41,41
cfe3a694-63d9-4659-a3ae-eb9827622b62,2025-03-10,1,67.2,67.2,67.2
cfe3a694-63d9-4659-a3ae-eb9827622b62,2025-05-19,1,86.4,86.4,86.4
cfe3a694-63d9-4659-a3ae-eb9827622b62,2025-09-29,1,201.37,201.37,201.37
cfe3a694-63d9-4659-a3ae-eb9827622b62,2026-03-30,1,360,360,360
cfe3a694-63d9-4659-a3ae-eb9827622b62,2026-05-18,1,385,385,385
cfe3a694-63d9-4659-a3ae-eb9827622b62,2026-06-08,1,148,148,148
cfe3a694-63d9-4659-a3ae-eb9827622b62,2026-08-17,1,428,428,428
cfe3a694-63d9-4659-a3ae-eb9827622b62,2026-08-31,1,676.66,676.66,676.66
cfe47760-ca77-4ffd-b2a2-2eb0a31e3f8c,2021-10-25,1,175,175,175
cfe47760-ca77-4ffd-b2a2-2eb0a31e3f8c,2021-11-01,2,265.82,265.65,266
cfe47760-ca77-4ffd-b2a2-2eb0a31e3f8c,2022-08-22,1,174,174,174
cfe47760-ca77-4ffd-b2a2-2eb0a31e3f8c,2022-09-05,1,192,192,192
cfe47760-ca77-4ffd-b2a2-2eb0a31e3f8c,2023-07-17,1,324,324,324
cfe47760-ca77-4ffd-b2a2-2eb0a31e3f8c,2024-01-22,1,186,186,186
cfe47760-ca77-4ffd-b2a2-2eb0a31e3f8c,2024-03-04,1,150,150,150
cfe47760-ca77-4ffd-b2a2-2eb0a31e3f8c,2024-10-21,1,82.99,82.99,82.99
cfe47760-ca77-4ffd-b2a2-2eb0a31e3f8c,2024-11-25,1,89,89,89
cfe47760-ca77-4ffd-b2a2-2eb0a31e3f8c,2025-02-17,1,96.5,96.5,96.5
cfe47760-ca77-4ffd-b2a2-2eb0a31e3f8c,2025-03-10,1,110.4,110.4,110.4
cfe47760-ca77-4ffd-b2a2-2eb0a31e3f8c,2025-06-16,1,150,150,150
cfe47760-ca77-4ffd-b2a2-2eb0a31e3f8c,2025-07-07,1,67,67,67
cfe47760-ca77-4ffd-b2a2-2eb0a31e3f8c,2025-09-01,1,119.99,119.99,119.99
cfe47760-ca77-4ffd-b2a2-2eb0a31e3f8c,2025-10-13,1,97.52,97.52,97.52
cfe47760-ca77-4ffd-b2a2-2eb0a31e3f8c,2025-10-27,1,110,110,110
cfe47760-ca77-4ffd-b2a2-2eb0a31e3f8c,2025-12-08,2,300,250,350
cfe47760-ca77-4ffd-b2a2-2eb0a31e3f8c,2026-01-05,1,250,250,250
cfe47760-ca77-4ffd-b2a2-2eb0a31e3f8c,2026-09-07,1,1443.4,1443.4,1443.4
cfe52dfc-dbd4-40d3-9025-02dbd16c4db9,2023-10-16,1,30,30,30
cfe52dfc-dbd4-40d3-9025-02dbd16c4db9,2023-11-06,3,22.5,22.5,22.56
cfe52dfc-dbd4-40d3-9025-02dbd16c4db9,2023-11-13,1,15.5,15.5,15.5
cfe52dfc-dbd4-40d3-9025-02dbd16c4db9,2023-11-27,3,30,15.5,49.66
cfe52dfc-dbd4-40d3-9025-02dbd16c4db9,2023-12-04,2,19.75,14.5,25
cfe52dfc-dbd4-40d3-9025-02dbd16c4db9,2023-12-11,2,14.84,12.19,17.5
cfe52dfc-dbd4-40d3-9025-02dbd16c4db9,2023-12-25,2,18.25,16.5,20
cfe52dfc-dbd4-40d3-9025-02dbd16c4db9,2024-01-08,1,28.96,28.96,28.96
cfe52dfc-dbd4-40d3-9025-02dbd16c4db9,2024-01-29,1,18.39,18.39,18.39
cfe52dfc-dbd4-40d3-9025-02dbd16c4db9,2024-02-05,2,18.3,15,21.6
cfe52dfc-dbd4-40d3-9025-02dbd16c4db9,2024-02-12,2,15.9,15,16.8
cfe52dfc-dbd4-40d3-9025-02dbd16c4db9,2024-02-19,1,14.5,14.5,14.5
cfe52dfc-dbd4-40d3-9025-02dbd16c4db9,2024-02-26,1,15.5,15.5,15.5
cfe52dfc-dbd4-40d3-9025-02dbd16c4db9,2024-03-04,1,15.29,15.29,15.29
cfe52dfc-dbd4-40d3-9025-02dbd16c4db9,2024-03-18,1,32.64,32.64,32.64
cfe52dfc-dbd4-40d3-9025-02dbd16c4db9,2024-03-25,1,14.64,14.64,14.64
cfe52dfc-dbd4-40d3-9025-02dbd16c4db9,2024-04-01,1,15.5,15.5,15.5
cfe52dfc-dbd4-40d3-9025-02dbd16c4db9,2024-04-08,1,10.5,10.5,10.5
cfe52dfc-dbd4-40d3-9025-02dbd16c4db9,2024-04-15,1,9.99,9.99,9.99
cfe52dfc-dbd4-40d3-9025-02dbd16c4db9,2024-05-06,1,12.83,12.83,12.83
cfe52dfc-dbd4-40d3-9025-02dbd16c4db9,2024-05-13,1,19,19,19
cfe52dfc-dbd4-40d3-9025-02dbd16c4db9,2024-06-10,1,26.95,26.95,26.95
cfe52dfc-dbd4-40d3-9025-02dbd16c4db9,2024-06-24,3,15.5,12.5,16.5
cfe52dfc-dbd4-40d3-9025-02dbd16c4db9,2024-07-01,2,12.75,9.5,16
cfe52dfc-dbd4-40d3-9025-02dbd16c4db9,2024-07-08,3,14.89,14.19,21.82
cfe52dfc-dbd4-40d3-9025-02dbd16c4db9,2024-07-15,1,13,13,13
cfe52dfc-dbd4-40d3-9025-02dbd16c4db9,2024-07-29,1,25,25,25
cfe52dfc-dbd4-40d3-9025-02dbd16c4db9,2024-08-05,1,9,9,9
cfe52dfc-dbd4-40d3-9025-02dbd16c4db9,2024-08-12,2,14.05,12.5,15.6
cfe52dfc-dbd4-40d3-9025-02dbd16c4db9,2024-09-23,2,18,17.01,18.99
cfe52dfc-dbd4-40d3-9025-02dbd16c4db9,2024-10-21,2,25.68,23.75,27.6
cfe52dfc-dbd4-40d3-9025-02dbd16c4db9,2024-10-28,1,18,18,18
cfe52dfc-dbd4-40d3-9025-02dbd16c4db9,2024-11-04,2,19.25,15.5,23
cfe52dfc-dbd4-40d3-9025-02dbd16c4db9,2024-11-18,1,10.51,10.51,10.51
cfe52dfc-dbd4-40d3-9025-02dbd16c4db9,2024-11-25,1,15,15,15
cfe52dfc-dbd4-40d3-9025-02dbd16c4db9,2024-12-09,1,22.99,22.99,22.99
cfe52dfc-dbd4-40d3-9025-02dbd16c4db9,2024-12-23,1,15.75,15.75,15.75
cfe52dfc-dbd4-40d3-9025-02dbd16c4db9,2025-01-06,2,25,25,25
cfe52dfc-dbd4-40d3-9025-02dbd16c4db9,2025-01-13,1,25.49,25.49,25.49
cfe52dfc-dbd4-40d3-9025-02dbd16c4db9,2025-01-20,3,26.94,25,29.88
cfe52dfc-dbd4-40d3-9025-02dbd16c4db9,2025-01-27,1,25,25,25
cfe52dfc-dbd4-40d3-9025-02dbd16c4db9,2025-02-10,3,35,33,35
cfe52dfc-dbd4-40d3-9025-02dbd16c4db9,2025-02-17,2,29.99,29.99,30
cfe52dfc-dbd4-40d3-9025-02dbd16c4db9,2025-02-24,1,26,26,26
cfe52dfc-dbd4-40d3-9025-02dbd16c4db9,2025-03-03,2,32.5,30,34.99
cfe52dfc-dbd4-40d3-9025-02dbd16c4db9,2025-03-10,6,24.25,16,50
cfe52dfc-dbd4-40d3-9025-02dbd16c4db9,2025-03-24,1,30,30,30
cfe52dfc-dbd4-40d3-9025-02dbd16c4db9,2025-03-31,1,25,25,25
cfe52dfc-dbd4-40d3-9025-02dbd16c4db9,2025-04-07,3,31,30,32
cfe52dfc-dbd4-40d3-9025-02dbd16c4db9,2025-04-14,2,28,26,30
cfe52dfc-dbd4-40d3-9025-02dbd16c4db9,2025-04-21,1,39.65,39.65,39.65
cfe52dfc-dbd4-40d3-9025-02dbd16c4db9,2025-04-28,2,40.23,35,45.46
cfe52dfc-dbd4-40d3-9025-02dbd16c4db9,2025-05-19,1,22.8,22.8,22.8
cfe52dfc-dbd4-40d3-9025-02dbd16c4db9,2025-05-26,1,25.19,25.19,25.19
cfe52dfc-dbd4-40d3-9025-02dbd16c4db9,2025-06-02,1,35,35,35
cfe52dfc-dbd4-40d3-9025-02dbd16c4db9,2025-06-30,2,35.11,34.99,35.22
cfe52dfc-dbd4-40d3-9025-02dbd16c4db9,2025-07-14,1,18.12,18.12,18.12
cfe52dfc-dbd4-40d3-9025-02dbd16c4db9,2025-07-28,1,30,30,30
cfe52dfc-dbd4-40d3-9025-02dbd16c4db9,2025-08-11,1,30.99,30.99,30.99
cfe52dfc-dbd4-40d3-9025-02dbd16c4db9,2025-09-01,1,31,31,31
cfe52dfc-dbd4-40d3-9025-02dbd16c4db9,2025-09-15,1,23.5,23.5,23.5
cfe52dfc-dbd4-40d3-9025-02dbd16c4db9,2025-09-22,1,34.9,34.9,34.9
cfe52dfc-dbd4-40d3-9025-02dbd16c4db9,2025-10-20,2,30.09,28.99,31.2
cfe52dfc-dbd4-40d3-9025-02dbd16c4db9,2025-11-10,2,31,30,32
cfe52dfc-dbd4-40d3-9025-02dbd16c4db9,2025-11-24,1,39.99,39.99,39.99
cfe52dfc-dbd4-40d3-9025-02dbd16c4db9,2025-12-15,2,15.75,14,17.5
cfe52dfc-dbd4-40d3-9025-02dbd16c4db9,2026-01-12,1,34.99,34.99,34.99
cfe52dfc-dbd4-40d3-9025-02dbd16c4db9,2026-02-16,1,34.09,34.09,34.09
cfe52dfc-dbd4-40d3-9025-02dbd16c4db9,2026-03-23,1,18.41,18.41,18.41
cfe52dfc-dbd4-40d3-9025-02dbd16c4db9,2026-04-06,3,38,34,41
cfe52dfc-dbd4-40d3-9025-02dbd16c4db9,2026-04-20,1,41,41,41
cfe52dfc-dbd4-40d3-9025-02dbd16c4db9,2026-04-27,2,35.5,26,45
cfe52dfc-dbd4-40d3-9025-02dbd16c4db9,2026-05-11,1,44.99,44.99,44.99
cfe52dfc-dbd4-40d3-9025-02dbd16c4db9,2026-05-18,1,50.18,50.18,50.18
cfe52dfc-dbd4-40d3-9025-02dbd16c4db9,2026-05-25,1,40,40,40
cfe52dfc-dbd4-40d3-9025-02dbd16c4db9,2026-06-08,1,49.99,49.99,49.99
cfe52dfc-dbd4-40d3-9025-02dbd16c4db9,2026-06-15,1,40,40,40
cfe52dfc-dbd4-40d3-9025-02dbd16c4db9,2026-06-22,1,23.5,23.5,23.5
cfe52dfc-dbd4-40d3-9025-02dbd16c4db9,2026-06-29,1,37.2,37.2,37.2
cfe52dfc-dbd4-40d3-9025-02dbd16c4db9,2026-07-06,1,68,68,68
cfe52dfc-dbd4-40d3-9025-02dbd16c4db9,2026-07-13,2,36,35,37
cfe52dfc-dbd4-40d3-9025-02dbd16c4db9,2026-07-20,1,37.13,37.13,37.13
cfe52dfc-dbd4-40d3-9025-02dbd16c4db9,2026-07-27,1,35,35,35
cfe52dfc-dbd4-40d3-9025-02dbd16c4db9,2026-08-03,2,39.3,33.6,44.99
cfe52dfc-dbd4-40d3-9025-02dbd16c4db9,2026-08-17,3,40,26,40.75
cfe52dfc-dbd4-40d3-9025-02dbd16c4db9,2026-08-24,2,26.55,14.6,38.5
cfe5ad1f-6cc9-42be-93fc-575ebad114db,2025-09-01,1,49.99,49.99,49.99
cfe68151-ce97-4c7a-9f8c-67f3d7d4f9e5,2023-02-06,1,15.51,15.51,15.51
cfe68151-ce97-4c7a-9f8c-67f3d7d4f9e5,2023-07-03,1,21.6,21.6,21.6
cfe68151-ce97-4c7a-9f8c-67f3d7d4f9e5,2024-01-08,1,14,14,14
cfe68151-ce97-4c7a-9f8c-67f3d7d4f9e5,2024-01-22,1,9.19,9.19,9.19
cfe68151-ce97-4c7a-9f8c-67f3d7d4f9e5,2024-05-13,1,25,25,25
cfe68151-ce97-4c7a-9f8c-67f3d7d4f9e5,2024-07-15,1,14.5,14.5,14.5
cfe68151-ce97-4c7a-9f8c-67f3d7d4f9e5,2024-08-05,1,25,25,25
cfe68151-ce97-4c7a-9f8c-67f3d7d4f9e5,2024-11-11,1,18.5,18.5,18.5
cfe68151-ce97-4c7a-9f8c-67f3d7d4f9e5,2025-07-14,1,24.99,24.99,24.99
cfe68151-ce97-4c7a-9f8c-67f3d7d4f9e5,2026-03-02,1,54.97,54.97,54.97
cfe68151-ce97-4c7a-9f8c-67f3d7d4f9e5,2026-07-06,1,85,85,85
cfe68151-ce97-4c7a-9f8c-67f3d7d4f9e5,2026-07-20,1,50,50,50
cfe68151-ce97-4c7a-9f8c-67f3d7d4f9e5,2026-08-10,1,41.21,41.21,41.21
cfe6d12e-a597-4eda-a533-39ff05549efe,2025-06-16,1,249.99,249.99,249.99
cfe6d12e-a597-4eda-a533-39ff05549efe,2026-09-07,1,1525,1525,1525
cfe6e656-f5e2-4225-8dc6-94aa963c732e,2021-04-12,1,125,125,125
cfe6e656-f5e2-4225-8dc6-94aa963c732e,2021-05-17,1,117,117,117
cfe6e656-f5e2-4225-8dc6-94aa963c732e,2021-05-24,1,140,140,140
cfe6e656-f5e2-4225-8dc6-94aa963c732e,2021-11-15,1,130,130,130
cfe6e656-f5e2-4225-8dc6-94aa963c732e,2021-12-13,1,100,100,100
cfe6e656-f5e2-4225-8dc6-94aa963c732e,2022-01-03,1,65,65,65
cfe6e656-f5e2-4225-8dc6-94aa963c732e,2022-01-17,1,117.5,117.5,117.5
cfe6e656-f5e2-4225-8dc6-94aa963c732e,2022-01-24,1,112.5,112.5,112.5
cfe6e656-f5e2-4225-8dc6-94aa963c732e,2022-01-31,1,102.5,102.5,102.5
cfe6e656-f5e2-4225-8dc6-94aa963c732e,2022-02-07,1,105,105,105
cfe6e656-f5e2-4225-8dc6-94aa963c732e,2022-02-28,1,59,59,59
cfe6e656-f5e2-4225-8dc6-94aa963c732e,2022-03-07,1,84,84,84
cfe6e656-f5e2-4225-8dc6-94aa963c732e,2022-03-14,1,219.99,219.99,219.99
cfe6e656-f5e2-4225-8dc6-94aa963c732e,2022-04-04,2,118.75,115,122.5
cfe6e656-f5e2-4225-8dc6-94aa963c732e,2022-04-11,1,299.99,299.99,299.99
cfe6e656-f5e2-4225-8dc6-94aa963c732e,2022-04-25,4,79,36,129.99
cfe6e656-f5e2-4225-8dc6-94aa963c732e,2022-07-25,2,95.75,89,102.5
cfe6e656-f5e2-4225-8dc6-94aa963c732e,2022-08-15,1,76.69,76.69,76.69
cfe6e656-f5e2-4225-8dc6-94aa963c732e,2022-09-05,1,68.5,68.5,68.5
cfe6e656-f5e2-4225-8dc6-94aa963c732e,2022-09-19,2,84.36,79.72,89
cfe6e656-f5e2-4225-8dc6-94aa963c732e,2022-10-03,1,82.51,82.51,82.51
cfe6e656-f5e2-4225-8dc6-94aa963c732e,2022-10-17,2,46.26,22.5,70.01
cfe6e656-f5e2-4225-8dc6-94aa963c732e,2022-11-07,1,79.99,79.99,79.99
cfe6e656-f5e2-4225-8dc6-94aa963c732e,2022-12-05,1,79.99,79.99,79.99
cfe6e656-f5e2-4225-8dc6-94aa963c732e,2023-01-02,1,72,72,72
cfe6e656-f5e2-4225-8dc6-94aa963c732e,2023-02-06,3,80,78.07,89.99
cfe6e656-f5e2-4225-8dc6-94aa963c732e,2023-02-20,3,85,66,90
cfe6e656-f5e2-4225-8dc6-94aa963c732e,2023-04-10,1,58.55,58.55,58.55
cfe6e656-f5e2-4225-8dc6-94aa963c732e,2023-04-17,1,57.55,57.55,57.55
cfe6e656-f5e2-4225-8dc6-94aa963c732e,2023-05-01,1,81,81,81
cfe6e656-f5e2-4225-8dc6-94aa963c732e,2023-05-15,1,62.19,62.19,62.19
cfe6e656-f5e2-4225-8dc6-94aa963c732e,2023-06-19,1,62,62,62
cfe6e656-f5e2-4225-8dc6-94aa963c732e,2023-07-10,2,65.5,50,81
cfe6e656-f5e2-4225-8dc6-94aa963c732e,2023-07-17,1,98.39,98.39,98.39
cfe6e656-f5e2-4225-8dc6-94aa963c732e,2023-07-24,1,74.4,74.4,74.4
cfe6e656-f5e2-4225-8dc6-94aa963c732e,2023-08-07,1,75,75,75
cfe6e656-f5e2-4225-8dc6-94aa963c732e,2023-08-14,1,79.99,79.99,79.99
cfe6e656-f5e2-4225-8dc6-94aa963c732e,2023-08-21,1,95,95,95
cfe6e656-f5e2-4225-8dc6-94aa963c732e,2023-09-04,1,70,70,70
cfe6e656-f5e2-4225-8dc6-94aa963c732e,2023-10-16,1,80,80,80
cfe6e656-f5e2-4225-8dc6-94aa963c732e,2023-11-20,1,43,43,43
cfe6e656-f5e2-4225-8dc6-94aa963c732e,2023-12-04,2,74.1,73.2,75
cfe6e656-f5e2-4225-8dc6-94aa963c732e,2023-12-25,1,80.99,80.99,80.99
cfe6e656-f5e2-4225-8dc6-94aa963c732e,2024-01-22,1,90,90,90
cfe6e656-f5e2-4225-8dc6-94aa963c732e,2024-03-11,2,116.68,105.11,128.24
cfe6e656-f5e2-4225-8dc6-94aa963c732e,2024-06-10,1,110,110,110
cfe6e656-f5e2-4225-8dc6-94aa963c732e,2024-09-16,1,86.4,86.4,86.4
cfe6e656-f5e2-4225-8dc6-94aa963c732e,2024-10-21,1,135,135,135
cfe6e656-f5e2-4225-8dc6-94aa963c732e,2024-10-28,1,124.95,124.95,124.95
cfe6e656-f5e2-4225-8dc6-94aa963c732e,2024-11-04,1,49.99,49.99,49.99
cfe6e656-f5e2-4225-8dc6-94aa963c732e,2024-11-18,1,125,125,125
cfe6e656-f5e2-4225-8dc6-94aa963c732e,2024-12-02,1,142.49,142.49,142.49
cfe6e656-f5e2-4225-8dc6-94aa963c732e,2024-12-09,1,120,120,120
cfe6e656-f5e2-4225-8dc6-94aa963c732e,2025-01-13,1,127.5,127.5,127.5
cfe6e656-f5e2-4225-8dc6-94aa963c732e,2025-01-20,2,117.75,110,125.5
cfe6e656-f5e2-4225-8dc6-94aa963c732e,2025-01-27,1,125,125,125
cfe6e656-f5e2-4225-8dc6-94aa963c732e,2025-02-10,2,145,140,149.99
cfe6e656-f5e2-4225-8dc6-94aa963c732e,2025-02-17,2,118.75,117.5,120
cfe6e656-f5e2-4225-8dc6-94aa963c732e,2025-03-10,1,110,110,110
cfe6e656-f5e2-4225-8dc6-94aa963c732e,2025-03-17,1,125,125,125
cfe6e656-f5e2-4225-8dc6-94aa963c732e,2025-04-07,1,136,136,136
cfe6e656-f5e2-4225-8dc6-94aa963c732e,2025-04-14,3,151.69,140,180
cfe6e656-f5e2-4225-8dc6-94aa963c732e,2025-05-12,1,159.99,159.99,159.99
cfe6e656-f5e2-4225-8dc6-94aa963c732e,2025-05-19,2,242,234,250
cfe6e656-f5e2-4225-8dc6-94aa963c732e,2025-06-02,1,255,255,255
cfe6e656-f5e2-4225-8dc6-94aa963c732e,2025-06-09,2,332.5,315,350
cfe6e656-f5e2-4225-8dc6-94aa963c732e,2025-07-07,1,385,385,385
cfe6e656-f5e2-4225-8dc6-94aa963c732e,2025-07-14,1,440,440,440
cfe6e656-f5e2-4225-8dc6-94aa963c732e,2025-08-04,1,460,460,460
cfe6e656-f5e2-4225-8dc6-94aa963c732e,2025-08-11,1,361.81,361.81,361.81
cfe6e656-f5e2-4225-8dc6-94aa963c732e,2025-08-18,1,435,435,435
cfe6e656-f5e2-4225-8dc6-94aa963c732e,2025-09-01,1,500,500,500
cfe6e656-f5e2-4225-8dc6-94aa963c732e,2025-09-08,1,600,600,600
cfe6e656-f5e2-4225-8dc6-94aa963c732e,2025-09-22,1,588,588,588
cfe6e656-f5e2-4225-8dc6-94aa963c732e,2025-09-29,1,475,475,475
cfe6e656-f5e2-4225-8dc6-94aa963c732e,2025-10-06,1,492,492,492
cfe6e656-f5e2-4225-8dc6-94aa963c732e,2025-10-13,2,434.5,414,455
cfe6e656-f5e2-4225-8dc6-94aa963c732e,2025-11-03,1,330,330,330
cfe6e656-f5e2-4225-8dc6-94aa963c732e,2025-11-17,1,400,400,400
cfe6e656-f5e2-4225-8dc6-94aa963c732e,2025-11-24,1,349.99,349.99,349.99
cfe6e656-f5e2-4225-8dc6-94aa963c732e,2026-01-26,2,378.5,372,385
cfe6e656-f5e2-4225-8dc6-94aa963c732e,2026-02-09,1,370,370,370
cfe6e656-f5e2-4225-8dc6-94aa963c732e,2026-02-16,1,312,312,312
cfe6e656-f5e2-4225-8dc6-94aa963c732e,2026-02-23,3,350,325,360
cfe6e656-f5e2-4225-8dc6-94aa963c732e,2026-03-02,2,417.5,385,450
cfe6e656-f5e2-4225-8dc6-94aa963c732e,2026-03-09,1,420,420,420
cfe6e656-f5e2-4225-8dc6-94aa963c732e,2026-03-23,1,420.69,420.69,420.69
cfe6e656-f5e2-4225-8dc6-94aa963c732e,2026-04-13,3,532.23,530,731
cfe6e656-f5e2-4225-8dc6-94aa963c732e,2026-04-27,2,613.5,529,698
cfe6e656-f5e2-4225-8dc6-94aa963c732e,2026-05-11,2,657.5,650,665
cfe6e656-f5e2-4225-8dc6-94aa963c732e,2026-05-18,2,684,575,793
cfe6e656-f5e2-4225-8dc6-94aa963c732e,2026-05-25,2,737.83,676.66,799
cfe6e656-f5e2-4225-8dc6-94aa963c732e,2026-06-08,1,616,616,616
cfe6e656-f5e2-4225-8dc6-94aa963c732e,2026-06-22,1,600,600,600
cfe6e656-f5e2-4225-8dc6-94aa963c732e,2026-06-29,1,750,750,750
cfe6e656-f5e2-4225-8dc6-94aa963c732e,2026-07-06,1,700,700,700
cfe6e656-f5e2-4225-8dc6-94aa963c732e,2026-07-27,3,700,528,825
cfe6e656-f5e2-4225-8dc6-94aa963c732e,2026-08-10,1,1038.66,1038.66,1038.66
cfe6e656-f5e2-4225-8dc6-94aa963c732e,2026-08-17,1,770,770,770
cfe6e656-f5e2-4225-8dc6-94aa963c732e,2026-08-24,2,830,750,910
cfe6e656-f5e2-4225-8dc6-94aa963c732e,2026-09-07,1,1099.99,1099.99,1099.99
cfe6e656-f5e2-4225-8dc6-94aa963c732e,2026-09-14,1,1100,1100,1100
cfe6e656-f5e2-4225-8dc6-94aa963c732e,2026-09-21,2,1528.38,1016.77,2040
cfe814fd-ca8d-4474-b3ff-128bd702d475,2022-07-04,1,20.5,20.5,20.5
cfe814fd-ca8d-4474-b3ff-128bd702d475,2022-10-31,1,50.99,50.99,50.99
cfebc3f7-ac80-425b-9fe6-609e38ccb244,2021-04-26,1,53,53,53
cfebc3f7-ac80-425b-9fe6-609e38ccb244,2021-07-19,1,90,90,90
cfebc3f7-ac80-425b-9fe6-609e38ccb244,2021-10-04,1,42,42,42
cfebc3f7-ac80-425b-9fe6-609e38ccb244,2021-11-29,1,79.99,79.99,79.99
cfebc3f7-ac80-425b-9fe6-609e38ccb244,2021-12-20,1,49,49,49
cfebc3f7-ac80-425b-9fe6-609e38ccb244,2022-01-03,1,46,46,46
cfebc3f7-ac80-425b-9fe6-609e38ccb244,2022-01-31,1,66,66,66
cfebc3f7-ac80-425b-9fe6-609e38ccb244,2022-02-14,1,51,51,51
cfebc3f7-ac80-425b-9fe6-609e38ccb244,2022-03-14,2,70.5,55,86
cfebc3f7-ac80-425b-9fe6-609e38ccb244,2022-05-09,1,45,45,45
cfebc3f7-ac80-425b-9fe6-609e38ccb244,2022-07-04,1,38.99,38.99,38.99
cfebc3f7-ac80-425b-9fe6-609e38ccb244,2022-08-15,1,17.5,17.5,17.5
cfebc3f7-ac80-425b-9fe6-609e38ccb244,2022-08-29,1,25.2,25.2,25.2
cfebc3f7-ac80-425b-9fe6-609e38ccb244,2022-10-03,1,73.54,73.54,73.54
cfebc3f7-ac80-425b-9fe6-609e38ccb244,2023-01-02,1,59.95,59.95,59.95
cfebc3f7-ac80-425b-9fe6-609e38ccb244,2023-01-23,1,23.25,23.25,23.25
cfebc3f7-ac80-425b-9fe6-609e38ccb244,2023-03-13,1,74.99,74.99,74.99
cfebc3f7-ac80-425b-9fe6-609e38ccb244,2023-08-28,1,67.99,67.99,67.99
cfebc3f7-ac80-425b-9fe6-609e38ccb244,2023-09-25,1,94,94,94
cfebc3f7-ac80-425b-9fe6-609e38ccb244,2023-10-23,1,63,63,63
cfebc3f7-ac80-425b-9fe6-609e38ccb244,2023-11-20,1,61,61,61
cfebc3f7-ac80-425b-9fe6-609e38ccb244,2024-05-13,1,89.99,89.99,89.99
cfebc3f7-ac80-425b-9fe6-609e38ccb244,2024-05-20,1,65,65,65
cfebc3f7-ac80-425b-9fe6-609e38ccb244,2024-06-10,1,33,33,33
cfebc3f7-ac80-425b-9fe6-609e38ccb244,2024-07-01,1,45,45,45
cfebc3f7-ac80-425b-9fe6-609e38ccb244,2024-09-02,1,34.8,34.8,34.8
cfebc3f7-ac80-425b-9fe6-609e38ccb244,2024-09-23,1,48,48,48
cfebc3f7-ac80-425b-9fe6-609e38ccb244,2024-12-30,1,40,40,40
cfebc3f7-ac80-425b-9fe6-609e38ccb244,2025-01-06,1,33.95,33.95,33.95
cfebc3f7-ac80-425b-9fe6-609e38ccb244,2025-02-03,1,39.99,39.99,39.99
cfebc3f7-ac80-425b-9fe6-609e38ccb244,2025-04-14,1,99,99,99
cfebc3f7-ac80-425b-9fe6-609e38ccb244,2025-08-11,1,100.12,100.12,100.12
cfebc3f7-ac80-425b-9fe6-609e38ccb244,2025-11-10,1,99.99,99.99,99.99
cfebc3f7-ac80-425b-9fe6-609e38ccb244,2025-12-22,1,110,110,110
cfebc3f7-ac80-425b-9fe6-609e38ccb244,2026-02-09,1,190,190,190
cfebc3f7-ac80-425b-9fe6-609e38ccb244,2026-08-10,1,88,88,88
cfebc3f7-ac80-425b-9fe6-609e38ccb244,2026-08-24,1,300,300,300
cfed1013-ce53-46d2-8780-632b09a1a829,2024-07-29,1,19.2,19.2,19.2
cfef5a3c-479e-4fd5-9e5e-7368dc55029a,2024-03-11,1,34.99,34.99,34.99
cfef5a3c-479e-4fd5-9e5e-7368dc55029a,2024-03-18,2,40,35,45
cfef5a3c-479e-4fd5-9e5e-7368dc55029a,2024-04-01,2,24.99,20,29.99
cfef5a3c-479e-4fd5-9e5e-7368dc55029a,2024-04-08,3,26,13.5,27
cfef5a3c-479e-4fd5-9e5e-7368dc55029a,2024-04-22,3,20,16.5,20.5
cfef5a3c-479e-4fd5-9e5e-7368dc55029a,2024-04-29,5,29.99,25,50.18
cfef5a3c-479e-4fd5-9e5e-7368dc55029a,2024-05-13,1,14.99,14.99,14.99
cfef5a3c-479e-4fd5-9e5e-7368dc55029a,2024-06-03,1,18,18,18
cfef5a3c-479e-4fd5-9e5e-7368dc55029a,2024-06-10,1,18.5,18.5,18.5
cfef5a3c-479e-4fd5-9e5e-7368dc55029a,2024-06-24,1,20,20,20
cfef5a3c-479e-4fd5-9e5e-7368dc55029a,2024-07-01,1,16.03,16.03,16.03
cfef5a3c-479e-4fd5-9e5e-7368dc55029a,2024-07-15,1,19.99,19.99,19.99
cfef5a3c-479e-4fd5-9e5e-7368dc55029a,2024-07-22,1,20.5,20.5,20.5
cfef5a3c-479e-4fd5-9e5e-7368dc55029a,2024-07-29,1,29.99,29.99,29.99
cfef5a3c-479e-4fd5-9e5e-7368dc55029a,2024-08-12,1,24,24,24
cfef5a3c-479e-4fd5-9e5e-7368dc55029a,2024-08-19,1,11.5,11.5,11.5
cfef5a3c-479e-4fd5-9e5e-7368dc55029a,2024-08-26,1,25,25,25
cfef5a3c-479e-4fd5-9e5e-7368dc55029a,2024-09-02,1,28.51,28.51,28.51
cfef5a3c-479e-4fd5-9e5e-7368dc55029a,2024-09-09,2,25.5,23,28
cfef5a3c-479e-4fd5-9e5e-7368dc55029a,2024-09-16,1,20.78,20.78,20.78
cfef5a3c-479e-4fd5-9e5e-7368dc55029a,2024-09-23,1,43,43,43
cfef5a3c-479e-4fd5-9e5e-7368dc55029a,2024-09-30,2,29.48,28.98,29.99
cfef5a3c-479e-4fd5-9e5e-7368dc55029a,2024-10-14,3,39.99,25,49.99
cfef5a3c-479e-4fd5-9e5e-7368dc55029a,2024-11-04,1,25,25,25
cfef5a3c-479e-4fd5-9e5e-7368dc55029a,2024-11-11,2,27.59,25.19,30
cfef5a3c-479e-4fd5-9e5e-7368dc55029a,2024-11-18,1,25,25,25
cfef5a3c-479e-4fd5-9e5e-7368dc55029a,2024-11-25,1,40,40,40
cfef5a3c-479e-4fd5-9e5e-7368dc55029a,2024-12-02,1,29.69,29.69,29.69
cfef5a3c-479e-4fd5-9e5e-7368dc55029a,2024-12-09,2,37.49,29.99,45
cfef5a3c-479e-4fd5-9e5e-7368dc55029a,2025-02-03,1,39.99,39.99,39.99
cfef5a3c-479e-4fd5-9e5e-7368dc55029a,2025-02-10,1,24.99,24.99,24.99
cfef5a3c-479e-4fd5-9e5e-7368dc55029a,2025-03-17,1,44,44,44
cfef5a3c-479e-4fd5-9e5e-7368dc55029a,2025-04-14,1,50,50,50
cfef5a3c-479e-4fd5-9e5e-7368dc55029a,2025-04-21,2,43.5,37,50
cfef5a3c-479e-4fd5-9e5e-7368dc55029a,2025-04-28,3,36,28,55
cfef5a3c-479e-4fd5-9e5e-7368dc55029a,2025-06-16,1,44,44,44
cfef5a3c-479e-4fd5-9e5e-7368dc55029a,2025-06-30,1,49.99,49.99,49.99
cfef5a3c-479e-4fd5-9e5e-7368dc55029a,2025-07-07,2,38,26,50
cfef5a3c-479e-4fd5-9e5e-7368dc55029a,2025-07-28,1,31,31,31
cfef5a3c-479e-4fd5-9e5e-7368dc55029a,2025-08-04,1,41,41,41
cfef5a3c-479e-4fd5-9e5e-7368dc55029a,2025-09-01,1,45,45,45
cfef5a3c-479e-4fd5-9e5e-7368dc55029a,2025-09-15,2,48.75,42.5,55
cfef5a3c-479e-4fd5-9e5e-7368dc55029a,2025-10-06,1,55,55,55
cfef5a3c-479e-4fd5-9e5e-7368dc55029a,2025-10-20,1,71.99,71.99,71.99
cfef5a3c-479e-4fd5-9e5e-7368dc55029a,2025-10-27,1,50,50,50
cfef5a3c-479e-4fd5-9e5e-7368dc55029a,2025-12-08,2,53.99,52.99,54.99
cfef5a3c-479e-4fd5-9e5e-7368dc55029a,2026-01-12,1,40,40,40
cfef5a3c-479e-4fd5-9e5e-7368dc55029a,2026-02-23,1,55,55,55
cfef5a3c-479e-4fd5-9e5e-7368dc55029a,2026-03-02,1,60,60,60
cfef5a3c-479e-4fd5-9e5e-7368dc55029a,2026-03-30,2,50.5,41,60
cfef5a3c-479e-4fd5-9e5e-7368dc55029a,2026-04-06,1,70,70,70
cfef5a3c-479e-4fd5-9e5e-7368dc55029a,2026-05-25,1,70.29,70.29,70.29
cfef5a3c-479e-4fd5-9e5e-7368dc55029a,2026-06-01,1,74.97,74.97,74.97
cfef5a3c-479e-4fd5-9e5e-7368dc55029a,2026-07-13,2,68.5,65,72
cfef5a3c-479e-4fd5-9e5e-7368dc55029a,2026-07-20,1,99.99,99.99,99.99
cfef5a3c-479e-4fd5-9e5e-7368dc55029a,2026-08-10,1,70,70,70
cfef5a3c-479e-4fd5-9e5e-7368dc55029a,2026-08-24,1,65,65,65
cff0dfc9-f765-482c-a3fb-1f7671b8911d,2023-08-07,1,62.4,62.4,62.4
cff0dfc9-f765-482c-a3fb-1f7671b8911d,2024-12-23,1,129,129,129
cff584f4-ae0a-4842-ad3a-b15035d4887e,2022-01-10,1,42,42,42
cff584f4-ae0a-4842-ad3a-b15035d4887e,2022-02-14,1,69.95,69.95,69.95
cff584f4-ae0a-4842-ad3a-b15035d4887e,2025-03-10,1,27.27,27.27,27.27
cff584f4-ae0a-4842-ad3a-b15035d4887e,2025-07-07,1,31,31,31
cff584f4-ae0a-4842-ad3a-b15035d4887e,2026-04-27,1,68.99,68.99,68.99
cff584f4-ae0a-4842-ad3a-b15035d4887e,2026-07-20,1,99.99,99.99,99.99
cff659c1-5878-43f0-b0f1-63a4785d0442,2021-03-22,1,2525,2525,2525
cff659c1-5878-43f0-b0f1-63a4785d0442,2021-03-29,2,1750,1300,2200
cff659c1-5878-43f0-b0f1-63a4785d0442,2021-04-12,1,1500,1500,1500
cff659c1-5878-43f0-b0f1-63a4785d0442,2021-04-26,2,1221.06,1201.11,1241.01
cff659c1-5878-43f0-b0f1-63a4785d0442,2021-06-21,1,1350,1350,1350
cff659c1-5878-43f0-b0f1-63a4785d0442,2021-06-28,1,1275,1275,1275
cff659c1-5878-43f0-b0f1-63a4785d0442,2021-07-19,1,896,896,896
cff659c1-5878-43f0-b0f1-63a4785d0442,2021-07-26,1,1020,1020,1020
cff659c1-5878-43f0-b0f1-63a4785d0442,2021-08-09,2,1043.31,910,1176.62
cff659c1-5878-43f0-b0f1-63a4785d0442,2021-08-16,1,1300,1300,1300
cff659c1-5878-43f0-b0f1-63a4785d0442,2021-08-23,1,1200,1200,1200
cff659c1-5878-43f0-b0f1-63a4785d0442,2021-10-04,1,1167,1167,1167
cff659c1-5878-43f0-b0f1-63a4785d0442,2021-10-18,1,1075,1075,1075
cff659c1-5878-43f0-b0f1-63a4785d0442,2021-10-25,3,1225,975,1275
cff659c1-5878-43f0-b0f1-63a4785d0442,2021-11-15,1,1325,1325,1325
cff659c1-5878-43f0-b0f1-63a4785d0442,2021-12-06,1,1430,1430,1430
cff659c1-5878-43f0-b0f1-63a4785d0442,2022-01-10,1,1825,1825,1825
cff659c1-5878-43f0-b0f1-63a4785d0442,2022-01-24,1,2025,2025,2025
cff659c1-5878-43f0-b0f1-63a4785d0442,2022-01-31,1,1825,1825,1825
cff659c1-5878-43f0-b0f1-63a4785d0442,2022-02-21,2,1250,1225,1275
cff659c1-5878-43f0-b0f1-63a4785d0442,2022-03-21,1,1126,1126,1126
cff659c1-5878-43f0-b0f1-63a4785d0442,2022-03-28,1,1175,1175,1175
cff659c1-5878-43f0-b0f1-63a4785d0442,2022-04-18,3,1195,1077.17,1200
cff659c1-5878-43f0-b0f1-63a4785d0442,2022-05-09,1,1575,1575,1575
cff659c1-5878-43f0-b0f1-63a4785d0442,2022-05-23,1,1525,1525,1525
cff659c1-5878-43f0-b0f1-63a4785d0442,2022-05-30,1,1500,1500,1500
cff659c1-5878-43f0-b0f1-63a4785d0442,2022-06-06,2,1257.5,990,1525
cff659c1-5878-43f0-b0f1-63a4785d0442,2022-07-11,1,1230,1230,1230
cff659c1-5878-43f0-b0f1-63a4785d0442,2022-07-25,1,1480,1480,1480
cff659c1-5878-43f0-b0f1-63a4785d0442,2022-08-01,1,1425,1425,1425
cff659c1-5878-43f0-b0f1-63a4785d0442,2022-08-15,1,1290,1290,1290
cff659c1-5878-43f0-b0f1-63a4785d0442,2022-08-22,1,1400,1400,1400
cff659c1-5878-43f0-b0f1-63a4785d0442,2022-09-19,1,1303.97,1303.97,1303.97
cff659c1-5878-43f0-b0f1-63a4785d0442,2022-09-26,1,1650,1650,1650
cff659c1-5878-43f0-b0f1-63a4785d0442,2022-10-24,1,1749.99,1749.99,1749.99
cff659c1-5878-43f0-b0f1-63a4785d0442,2022-12-05,2,1143,1006,1280
cff659c1-5878-43f0-b0f1-63a4785d0442,2023-01-30,1,1600,1600,1600
cff659c1-5878-43f0-b0f1-63a4785d0442,2023-02-13,3,1125,1052,1145
cff659c1-5878-43f0-b0f1-63a4785d0442,2023-02-20,1,1102.54,1102.54,1102.54
cff659c1-5878-43f0-b0f1-63a4785d0442,2023-02-27,1,1325,1325,1325
cff659c1-5878-43f0-b0f1-63a4785d0442,2023-03-06,2,780,460,1100
cff659c1-5878-43f0-b0f1-63a4785d0442,2023-03-20,1,1300,1300,1300
cff659c1-5878-43f0-b0f1-63a4785d0442,2023-04-10,1,1225,1225,1225
cff659c1-5878-43f0-b0f1-63a4785d0442,2023-06-05,2,1249.97,1200,1299.95
cff659c1-5878-43f0-b0f1-63a4785d0442,2023-07-03,1,1136,1136,1136
cff659c1-5878-43f0-b0f1-63a4785d0442,2023-07-24,1,1250,1250,1250
cff659c1-5878-43f0-b0f1-63a4785d0442,2023-08-21,1,1170,1170,1170
cff659c1-5878-43f0-b0f1-63a4785d0442,2023-09-04,1,1020,1020,1020
cff659c1-5878-43f0-b0f1-63a4785d0442,2023-09-25,1,1499.99,1499.99,1499.99
cff659c1-5878-43f0-b0f1-63a4785d0442,2023-10-23,1,1400,1400,1400
cff659c1-5878-43f0-b0f1-63a4785d0442,2023-10-30,1,1110,1110,1110
cff659c1-5878-43f0-b0f1-63a4785d0442,2023-11-06,1,1150,1150,1150
cff659c1-5878-43f0-b0f1-63a4785d0442,2023-11-27,1,937.5,937.5,937.5
cff659c1-5878-43f0-b0f1-63a4785d0442,2023-12-11,1,816,816,816
cff659c1-5878-43f0-b0f1-63a4785d0442,2024-01-15,1,1000,1000,1000
cff659c1-5878-43f0-b0f1-63a4785d0442,2024-03-04,1,1100,1100,1100
cff659c1-5878-43f0-b0f1-63a4785d0442,2024-03-11,1,1099.99,1099.99,1099.99
cff659c1-5878-43f0-b0f1-63a4785d0442,2024-04-15,1,1602.04,1602.04,1602.04
cff659c1-5878-43f0-b0f1-63a4785d0442,2024-05-27,1,1350,1350,1350
cff659c1-5878-43f0-b0f1-63a4785d0442,2024-07-08,1,1047.76,1047.76,1047.76
cff659c1-5878-43f0-b0f1-63a4785d0442,2024-07-29,1,1400,1400,1400
cff659c1-5878-43f0-b0f1-63a4785d0442,2024-09-30,1,1092,1092,1092
cff659c1-5878-43f0-b0f1-63a4785d0442,2024-10-07,1,1450,1450,1450
cff659c1-5878-43f0-b0f1-63a4785d0442,2024-11-18,1,1500,1500,1500
cff659c1-5878-43f0-b0f1-63a4785d0442,2025-01-20,1,1350,1350,1350
cff659c1-5878-43f0-b0f1-63a4785d0442,2025-02-03,1,1600,1600,1600
cff659c1-5878-43f0-b0f1-63a4785d0442,2025-02-17,1,1825,1825,1825
cff659c1-5878-43f0-b0f1-63a4785d0442,2025-04-14,1,1260,1260,1260
cff659c1-5878-43f0-b0f1-63a4785d0442,2025-09-29,2,3132,2904,3360
cff659c1-5878-43f0-b0f1-63a4785d0442,2025-11-10,1,2550,2550,2550
cff659c1-5878-43f0-b0f1-63a4785d0442,2025-11-17,1,3599.99,3599.99,3599.99
cff659c1-5878-43f0-b0f1-63a4785d0442,2025-12-22,2,3201.99,2904,3499.99
cff659c1-5878-43f0-b0f1-63a4785d0442,2026-01-05,1,3200,3200,3200
cff659c1-5878-43f0-b0f1-63a4785d0442,2026-02-02,1,3600,3600,3600
cff659c1-5878-43f0-b0f1-63a4785d0442,2026-02-09,3,4320,3500,4389.6
cff659c1-5878-43f0-b0f1-63a4785d0442,2026-02-23,2,4250,4250,4250
cff659c1-5878-43f0-b0f1-63a4785d0442,2026-03-02,1,6496.6,6496.6,6496.6
cff659c1-5878-43f0-b0f1-63a4785d0442,2026-03-16,1,9995,9995,9995
cff659c1-5878-43f0-b0f1-63a4785d0442,2026-04-06,1,10370,10370,10370
cff659c1-5878-43f0-b0f1-63a4785d0442,2026-04-13,2,11275,9300,13250
cff659c1-5878-43f0-b0f1-63a4785d0442,2026-05-11,1,7320,7320,7320
cff659c1-5878-43f0-b0f1-63a4785d0442,2026-05-25,1,8700,8700,8700
cff659c1-5878-43f0-b0f1-63a4785d0442,2026-07-13,1,8454,8454,8454
cff659c1-5878-43f0-b0f1-63a4785d0442,2026-07-20,1,8434.8,8434.8,8434.8
cff659c1-5878-43f0-b0f1-63a4785d0442,2026-08-03,1,7300,7300,7300
cff659c1-5878-43f0-b0f1-63a4785d0442,2026-08-10,1,6600,6600,6600
cff659c1-5878-43f0-b0f1-63a4785d0442,2026-08-17,1,7800,7800,7800
cff659c1-5878-43f0-b0f1-63a4785d0442,2026-09-07,1,8500,8500,8500
cff659c1-5878-43f0-b0f1-63a4785d0442,2026-09-21,3,10693.59,9791,12500
cff67d98-4bef-482c-bb0a-0939d57e78f5,2022-06-13,1,300,300,300
cff67d98-4bef-482c-bb0a-0939d57e78f5,2022-06-27,1,250,250,250
cff67d98-4bef-482c-bb0a-0939d57e78f5,2022-07-11,1,187.5,187.5,187.5
cff67d98-4bef-482c-bb0a-0939d57e78f5,2022-08-01,1,183.75,183.75,183.75
cff67d98-4bef-482c-bb0a-0939d57e78f5,2022-08-08,1,138.18,138.18,138.18
cff67d98-4bef-482c-bb0a-0939d57e78f5,2022-08-15,1,130,130,130
cff67d98-4bef-482c-bb0a-0939d57e78f5,2022-08-22,3,195,180,197.5
cff67d98-4bef-482c-bb0a-0939d57e78f5,2022-08-29,2,172.5,150,194.99
cff67d98-4bef-482c-bb0a-0939d57e78f5,2022-09-05,1,156.07,156.07,156.07
cff67d98-4bef-482c-bb0a-0939d57e78f5,2022-09-12,4,150.3,124.99,170
cff67d98-4bef-482c-bb0a-0939d57e78f5,2022-09-19,2,161.25,147.5,175
cff67d98-4bef-482c-bb0a-0939d57e78f5,2022-09-26,3,142.5,140,142.5
cff67d98-4bef-482c-bb0a-0939d57e78f5,2022-10-03,3,147.15,132.5,150
cff67d98-4bef-482c-bb0a-0939d57e78f5,2022-10-10,1,130,130,130
cff67d98-4bef-482c-bb0a-0939d57e78f5,2022-10-24,1,133.5,133.5,133.5
cff67d98-4bef-482c-bb0a-0939d57e78f5,2022-10-31,5,123.5,108.5,154.5
cff67d98-4bef-482c-bb0a-0939d57e78f5,2022-11-07,8,127.5,110,150
cff67d98-4bef-482c-bb0a-0939d57e78f5,2022-11-14,3,119.99,100,155
cff67d98-4bef-482c-bb0a-0939d57e78f5,2022-11-21,7,102.5,93.48,175
cff67d98-4bef-482c-bb0a-0939d57e78f5,2022-11-28,3,102.5,100,117.5
cff67d98-4bef-482c-bb0a-0939d57e78f5,2022-12-05,12,92,82,125.13
cff67d98-4bef-482c-bb0a-0939d57e78f5,2022-12-12,6,110,86,114.99
cff67d98-4bef-482c-bb0a-0939d57e78f5,2022-12-19,4,95.25,86,109.99
cff67d98-4bef-482c-bb0a-0939d57e78f5,2022-12-26,5,100,98,110
cff67d98-4bef-482c-bb0a-0939d57e78f5,2023-01-02,9,100,92,114
cff67d98-4bef-482c-bb0a-0939d57e78f5,2023-01-09,5,85,68.55,132.5
cff67d98-4bef-482c-bb0a-0939d57e78f5,2023-01-16,5,93.44,80.01,109.99
cff67d98-4bef-482c-bb0a-0939d57e78f5,2023-01-23,5,86.27,84,89.99
cff67d98-4bef-482c-bb0a-0939d57e78f5,2023-01-30,7,99,74.5,119.99
cff67d98-4bef-482c-bb0a-0939d57e78f5,2023-02-06,7,90,82,104.99
cff67d98-4bef-482c-bb0a-0939d57e78f5,2023-02-13,10,80.75,68.55,95
cff67d98-4bef-482c-bb0a-0939d57e78f5,2023-02-20,8,87.45,61,99.09
cff67d98-4bef-482c-bb0a-0939d57e78f5,2023-02-27,8,96,79,110.4
cff67d98-4bef-482c-bb0a-0939d57e78f5,2023-03-06,5,81,73,85
cff67d98-4bef-482c-bb0a-0939d57e78f5,2023-03-13,3,80,76,103.13
cff67d98-4bef-482c-bb0a-0939d57e78f5,2023-03-20,5,81.4,75.26,89.99
cff67d98-4bef-482c-bb0a-0939d57e78f5,2023-03-27,5,74,62,75.01
cff67d98-4bef-482c-bb0a-0939d57e78f5,2023-04-03,5,71,64.5,78
cff67d98-4bef-482c-bb0a-0939d57e78f5,2023-04-10,4,73,65.69,84.97
cff67d98-4bef-482c-bb0a-0939d57e78f5,2023-04-17,7,66,62.77,75
cff67d98-4bef-482c-bb0a-0939d57e78f5,2023-04-24,7,70,59,90.53
cff67d98-4bef-482c-bb0a-0939d57e78f5,2023-05-01,6,67.5,60,74
cff67d98-4bef-482c-bb0a-0939d57e78f5,2023-05-08,4,80,69,100.92
cff67d98-4bef-482c-bb0a-0939d57e78f5,2023-05-15,5,69.15,59.99,79.99
cff67d98-4bef-482c-bb0a-0939d57e78f5,2023-05-22,9,67.5,63.59,76
cff67d98-4bef-482c-bb0a-0939d57e78f5,2023-05-29,7,62.5,52,86.32
cff67d98-4bef-482c-bb0a-0939d57e78f5,2023-06-05,9,79.99,63,96.87
cff67d98-4bef-482c-bb0a-0939d57e78f5,2023-06-12,5,77.29,69,99.99
cff67d98-4bef-482c-bb0a-0939d57e78f5,2023-06-19,3,75,74,78
cff67d98-4bef-482c-bb0a-0939d57e78f5,2023-06-26,8,74.12,56,88.99
cff67d98-4bef-482c-bb0a-0939d57e78f5,2023-07-03,5,69.99,58,77
cff67d98-4bef-482c-bb0a-0939d57e78f5,2023-07-10,5,77.5,72.99,79
cff67d98-4bef-482c-bb0a-0939d57e78f5,2023-07-17,4,71.5,68.99,79.99
cff67d98-4bef-482c-bb0a-0939d57e78f5,2023-07-24,6,80,54,95
cff67d98-4bef-482c-bb0a-0939d57e78f5,2023-07-31,3,76,71.78,84
cff67d98-4bef-482c-bb0a-0939d57e78f5,2023-08-07,3,68,66.25,75
cff67d98-4bef-482c-bb0a-0939d57e78f5,2023-08-21,5,70,59,82
cff67d98-4bef-482c-bb0a-0939d57e78f5,2023-08-28,2,60.4,58.8,62
cff67d98-4bef-482c-bb0a-0939d57e78f5,2023-09-04,6,77.28,65,87.87
cff67d98-4bef-482c-bb0a-0939d57e78f5,2023-09-11,1,68.91,68.91,68.91
cff67d98-4bef-482c-bb0a-0939d57e78f5,2023-09-18,2,77.5,70,85
cff67d98-4bef-482c-bb0a-0939d57e78f5,2023-09-25,6,63.28,50,74.99
cff67d98-4bef-482c-bb0a-0939d57e78f5,2023-10-02,6,65,46,75
cff67d98-4bef-482c-bb0a-0939d57e78f5,2023-10-09,2,70.37,65,75.73
cff67d98-4bef-482c-bb0a-0939d57e78f5,2023-10-16,6,60.25,52,66.49
cff67d98-4bef-482c-bb0a-0939d57e78f5,2023-10-23,6,59.08,46.02,69.95
cff67d98-4bef-482c-bb0a-0939d57e78f5,2023-10-30,4,61.5,44,69
cff67d98-4bef-482c-bb0a-0939d57e78f5,2023-11-06,1,49,49,49
cff67d98-4bef-482c-bb0a-0939d57e78f5,2023-11-13,2,56.5,52,61
cff67d98-4bef-482c-bb0a-0939d57e78f5,2023-11-20,4,55,48,59.99
cff67d98-4bef-482c-bb0a-0939d57e78f5,2023-11-27,9,60,47,74.99
cff67d98-4bef-482c-bb0a-0939d57e78f5,2023-12-04,10,49,43,67.13
cff67d98-4bef-482c-bb0a-0939d57e78f5,2023-12-11,3,50,48.26,74.79
cff67d98-4bef-482c-bb0a-0939d57e78f5,2023-12-18,7,53,49.2,61
cff67d98-4bef-482c-bb0a-0939d57e78f5,2023-12-25,4,59.39,52,64.95
cff67d98-4bef-482c-bb0a-0939d57e78f5,2024-01-01,4,56.5,51.75,60
cff67d98-4bef-482c-bb0a-0939d57e78f5,2024-01-08,2,57.48,50,64.95
cff67d98-4bef-482c-bb0a-0939d57e78f5,2024-01-15,5,57.5,45,80.99
cff67d98-4bef-482c-bb0a-0939d57e78f5,2024-01-22,3,60,52.49,96.61
cff67d98-4bef-482c-bb0a-0939d57e78f5,2024-01-29,7,56,52,64.99
cff67d98-4bef-482c-bb0a-0939d57e78f5,2024-02-05,2,56.5,53,59.99
cff67d98-4bef-482c-bb0a-0939d57e78f5,2024-02-12,2,52.5,50,55
cff67d98-4bef-482c-bb0a-0939d57e78f5,2024-02-19,7,57.77,49,69.95
cff67d98-4bef-482c-bb0a-0939d57e78f5,2024-02-26,8,62,54,95
cff67d98-4bef-482c-bb0a-0939d57e78f5,2024-03-04,5,55,40,65.89
cff67d98-4bef-482c-bb0a-0939d57e78f5,2024-03-11,6,66,55,80
cff67d98-4bef-482c-bb0a-0939d57e78f5,2024-03-18,4,63.7,18,65
cff67d98-4bef-482c-bb0a-0939d57e78f5,2024-03-25,4,61.5,52,80.41
cff67d98-4bef-482c-bb0a-0939d57e78f5,2024-04-01,5,53,49.99,69.37
cff67d98-4bef-482c-bb0a-0939d57e78f5,2024-04-08,4,62,50,115
cff67d98-4bef-482c-bb0a-0939d57e78f5,2024-04-15,6,69,63.99,78.99
cff67d98-4bef-482c-bb0a-0939d57e78f5,2024-04-22,8,80.02,65,91
cff67d98-4bef-482c-bb0a-0939d57e78f5,2024-04-29,4,85.5,74.4,93
cff67d98-4bef-482c-bb0a-0939d57e78f5,2024-05-06,10,107.75,99.99,120
cff67d98-4bef-482c-bb0a-0939d57e78f5,2024-05-13,13,140,75,180
cff67d98-4bef-482c-bb0a-0939d57e78f5,2024-05-27,7,125,82,160
cff67d98-4bef-482c-bb0a-0939d57e78f5,2024-06-03,1,115,115,115
cff67d98-4bef-482c-bb0a-0939d57e78f5,2024-06-10,4,122.5,117.5,125
cff67d98-4bef-482c-bb0a-0939d57e78f5,2024-06-17,7,109,97,112
cff67d98-4bef-482c-bb0a-0939d57e78f5,2024-06-24,3,81,76,100
cff67d98-4bef-482c-bb0a-0939d57e78f5,2024-07-01,2,117.47,109,125.95
cff67d98-4bef-482c-bb0a-0939d57e78f5,2024-07-08,3,100,89.99,108.5
cff67d98-4bef-482c-bb0a-0939d57e78f5,2024-07-15,5,90,83,110
cff67d98-4bef-482c-bb0a-0939d57e78f5,2024-07-22,7,90,80,119
cff67d98-4bef-482c-bb0a-0939d57e78f5,2024-07-29,7,99.99,82,109.99
cff67d98-4bef-482c-bb0a-0939d57e78f5,2024-08-05,8,84,74.24,98.69
cff67d98-4bef-482c-bb0a-0939d57e78f5,2024-08-12,4,75.5,54,89.95
cff67d98-4bef-482c-bb0a-0939d57e78f5,2024-08-19,7,80,70,88.24
cff67d98-4bef-482c-bb0a-0939d57e78f5,2024-08-26,5,78.55,75,83.95
cff67d98-4bef-482c-bb0a-0939d57e78f5,2024-09-02,4,77,65.99,89.99
cff67d98-4bef-482c-bb0a-0939d57e78f5,2024-09-09,2,89.46,78,100.92
cff67d98-4bef-482c-bb0a-0939d57e78f5,2024-09-16,9,80,75,88.8
cff67d98-4bef-482c-bb0a-0939d57e78f5,2024-09-23,6,80,67.5,86.4
cff67d98-4bef-482c-bb0a-0939d57e78f5,2024-09-30,6,91.67,70,104
cff67d98-4bef-482c-bb0a-0939d57e78f5,2024-10-07,2,73,72,74.01
cff67d98-4bef-482c-bb0a-0939d57e78f5,2024-10-14,1,70,70,70
cff67d98-4bef-482c-bb0a-0939d57e78f5,2024-10-21,4,76.32,64,86.95
cff67d98-4bef-482c-bb0a-0939d57e78f5,2024-10-28,5,77,53.5,80
cff67d98-4bef-482c-bb0a-0939d57e78f5,2024-11-04,7,86,66,99.97
cff67d98-4bef-482c-bb0a-0939d57e78f5,2024-11-11,7,80,59.99,97.99
cff67d98-4bef-482c-bb0a-0939d57e78f5,2024-11-18,8,89.98,70,95
cff67d98-4bef-482c-bb0a-0939d57e78f5,2024-11-25,8,84.94,74,113.49
cff67d98-4bef-482c-bb0a-0939d57e78f5,2024-12-02,7,71,69.11,95
cff67d98-4bef-482c-bb0a-0939d57e78f5,2024-12-09,2,76.17,75.35,77
cff67d98-4bef-482c-bb0a-0939d57e78f5,2024-12-16,10,72.5,64,95
cff67d98-4bef-482c-bb0a-0939d57e78f5,2024-12-23,6,75,52.99,90.39
cff67d98-4bef-482c-bb0a-0939d57e78f5,2024-12-30,7,88,70,120.5
cff67d98-4bef-482c-bb0a-0939d57e78f5,2025-01-06,12,95,87,109.99
cff67d98-4bef-482c-bb0a-0939d57e78f5,2025-01-13,10,93.75,70,109.95
cff67d98-4bef-482c-bb0a-0939d57e78f5,2025-01-20,13,102.5,85.5,125.19
cff67d98-4bef-482c-bb0a-0939d57e78f5,2025-01-27,7,95,82,110
cff67d98-4bef-482c-bb0a-0939d57e78f5,2025-02-03,8,116.27,85,130
cff67d98-4bef-482c-bb0a-0939d57e78f5,2025-02-10,6,112.5,99.99,123.04
cff67d98-4bef-482c-bb0a-0939d57e78f5,2025-02-17,9,129.99,95,143.62
cff67d98-4bef-482c-bb0a-0939d57e78f5,2025-02-24,4,134.99,115,140
cff67d98-4bef-482c-bb0a-0939d57e78f5,2025-03-03,6,136.97,128.5,142
cff67d98-4bef-482c-bb0a-0939d57e78f5,2025-03-10,9,139.99,128.12,179.66
cff67d98-4bef-482c-bb0a-0939d57e78f5,2025-03-17,6,124.5,110,137
cff67d98-4bef-482c-bb0a-0939d57e78f5,2025-03-24,3,125,102.5,129
cff67d98-4bef-482c-bb0a-0939d57e78f5,2025-03-31,9,113.5,105.6,132.87
cff67d98-4bef-482c-bb0a-0939d57e78f5,2025-04-07,7,110.5,98,139.99
cff67d98-4bef-482c-bb0a-0939d57e78f5,2025-04-14,9,115.39,82.75,133.32
cff67d98-4bef-482c-bb0a-0939d57e78f5,2025-04-21,6,116.47,104.77,157.57
cff67d98-4bef-482c-bb0a-0939d57e78f5,2025-04-28,7,119.99,110,123.49
cff67d98-4bef-482c-bb0a-0939d57e78f5,2025-05-05,8,120,107,132.96
cff67d98-4bef-482c-bb0a-0939d57e78f5,2025-05-12,8,121.25,105,139.99
cff67d98-4bef-482c-bb0a-0939d57e78f5,2025-05-19,6,122,110,137.69
cff67d98-4bef-482c-bb0a-0939d57e78f5,2025-05-26,5,118,112.5,133.01
cff67d98-4bef-482c-bb0a-0939d57e78f5,2025-06-02,5,110,100,129.99
cff67d98-4bef-482c-bb0a-0939d57e78f5,2025-06-09,4,112.5,102.5,125.99
cff67d98-4bef-482c-bb0a-0939d57e78f5,2025-06-16,9,109.99,91,124.99
cff67d98-4bef-482c-bb0a-0939d57e78f5,2025-06-23,1,124.99,124.99,124.99
cff67d98-4bef-482c-bb0a-0939d57e78f5,2025-06-30,6,112.5,83.22,125
cff67d98-4bef-482c-bb0a-0939d57e78f5,2025-07-07,9,117.5,104,135
cff67d98-4bef-482c-bb0a-0939d57e78f5,2025-07-14,17,120.5,95,139.99
cff67d98-4bef-482c-bb0a-0939d57e78f5,2025-07-21,11,126,102.5,141.97
cff67d98-4bef-482c-bb0a-0939d57e78f5,2025-07-28,4,105.15,95,112.88
cff67d98-4bef-482c-bb0a-0939d57e78f5,2025-08-04,8,115.7,105,127.5
cff67d98-4bef-482c-bb0a-0939d57e78f5,2025-08-11,5,120,99.99,137.5
cff67d98-4bef-482c-bb0a-0939d57e78f5,2025-08-18,6,115.5,101,124.99
cff67d98-4bef-482c-bb0a-0939d57e78f5,2025-08-25,7,125,120,152.5
cff67d98-4bef-482c-bb0a-0939d57e78f5,2025-09-01,10,132.34,120,143
cff67d98-4bef-482c-bb0a-0939d57e78f5,2025-09-08,11,139.99,125,153
cff67d98-4bef-482c-bb0a-0939d57e78f5,2025-09-15,9,170,130,199.99
cff67d98-4bef-482c-bb0a-0939d57e78f5,2025-09-22,9,184.99,144,234.5
cff67d98-4bef-482c-bb0a-0939d57e78f5,2025-09-29,7,199.99,113,200
cff67d98-4bef-482c-bb0a-0939d57e78f5,2025-10-06,7,199.99,174,210.5
cff67d98-4bef-482c-bb0a-0939d57e78f5,2025-10-13,3,197.5,190,200
cff67d98-4bef-482c-bb0a-0939d57e78f5,2025-10-20,6,174.25,160.5,184.95
cff67d98-4bef-482c-bb0a-0939d57e78f5,2025-10-27,7,162.5,135,200
cff67d98-4bef-482c-bb0a-0939d57e78f5,2025-11-03,5,180,153.6,197.1
cff67d98-4bef-482c-bb0a-0939d57e78f5,2025-11-10,2,164.4,148.8,179.99
cff67d98-4bef-482c-bb0a-0939d57e78f5,2025-11-17,6,137.5,128,165
cff67d98-4bef-482c-bb0a-0939d57e78f5,2025-11-24,1,129,129,129
cff67d98-4bef-482c-bb0a-0939d57e78f5,2025-12-01,4,150.7,127.5,160
cff67d98-4bef-482c-bb0a-0939d57e78f5,2025-12-08,7,129.99,105.03,149
cff67d98-4bef-482c-bb0a-0939d57e78f5,2025-12-15,4,121.75,112,149.49
cff67d98-4bef-482c-bb0a-0939d57e78f5,2025-12-22,6,131.75,125,146.5
cff67d98-4bef-482c-bb0a-0939d57e78f5,2025-12-29,2,135.25,135,135.5
cff67d98-4bef-482c-bb0a-0939d57e78f5,2026-01-05,4,131.25,128.25,175.51
cff67d98-4bef-482c-bb0a-0939d57e78f5,2026-01-12,11,133.5,115.5,144.5
cff67d98-4bef-482c-bb0a-0939d57e78f5,2026-01-19,7,133.99,126.5,140
cff67d98-4bef-482c-bb0a-0939d57e78f5,2026-01-26,6,129.75,100,130
cff67d98-4bef-482c-bb0a-0939d57e78f5,2026-02-02,10,129,112,139.99
cff67d98-4bef-482c-bb0a-0939d57e78f5,2026-02-09,7,130,84.82,159.99
cff67d98-4bef-482c-bb0a-0939d57e78f5,2026-02-16,8,117,100,122.5
cff67d98-4bef-482c-bb0a-0939d57e78f5,2026-02-23,7,125,115,156.31
cff67d98-4bef-482c-bb0a-0939d57e78f5,2026-03-02,9,124.4,93.88,134.98
cff67d98-4bef-482c-bb0a-0939d57e78f5,2026-03-09,4,129.75,120,140.5
cff67d98-4bef-482c-bb0a-0939d57e78f5,2026-03-16,7,130,127.5,145.5
cff67d98-4bef-482c-bb0a-0939d57e78f5,2026-03-23,9,127.51,110,140
cff67d98-4bef-482c-bb0a-0939d57e78f5,2026-03-30,15,133.5,115,174.99
cff67d98-4bef-482c-bb0a-0939d57e78f5,2026-04-06,11,140,125,176
cff67d98-4bef-482c-bb0a-0939d57e78f5,2026-04-13,19,140,115,158.7
cff67d98-4bef-482c-bb0a-0939d57e78f5,2026-04-20,10,142.49,109.99,165.5
cff67d98-4bef-482c-bb0a-0939d57e78f5,2026-04-27,10,160,135,179.99
cff67d98-4bef-482c-bb0a-0939d57e78f5,2026-05-04,9,159.99,142.32,180
cff67d98-4bef-482c-bb0a-0939d57e78f5,2026-05-11,8,162,147.5,185
cff67d98-4bef-482c-bb0a-0939d57e78f5,2026-05-18,8,174.99,149.99,237.5
cff67d98-4bef-482c-bb0a-0939d57e78f5,2026-05-25,13,188,161,215.55
cff67d98-4bef-482c-bb0a-0939d57e78f5,2026-06-01,7,185,172.8,214.2
cff67d98-4bef-482c-bb0a-0939d57e78f5,2026-06-08,8,202.5,175,232.5
cff67d98-4bef-482c-bb0a-0939d57e78f5,2026-06-15,3,210,197.5,335.5
cff67d98-4bef-482c-bb0a-0939d57e78f5,2026-06-22,6,193.5,172.5,259.99
cff67d98-4bef-482c-bb0a-0939d57e78f5,2026-06-29,2,212.5,200,225
cff67d98-4bef-482c-bb0a-0939d57e78f5,2026-07-06,5,192.5,185,217.5
cff67d98-4bef-482c-bb0a-0939d57e78f5,2026-07-13,6,192.75,179.5,242.14
cff67d98-4bef-482c-bb0a-0939d57e78f5,2026-07-20,1,182.5,182.5,182.5
cff67d98-4bef-482c-bb0a-0939d57e78f5,2026-07-27,4,176.5,172,190
cff67d98-4bef-482c-bb0a-0939d57e78f5,2026-08-03,5,180,150,190
cff67d98-4bef-482c-bb0a-0939d57e78f5,2026-08-10,5,185,175,199.9
cff67d98-4bef-482c-bb0a-0939d57e78f5,2026-08-17,11,157.5,144,185
cff67d98-4bef-482c-bb0a-0939d57e78f5,2026-08-24,8,171.75,158,195
cff67d98-4bef-482c-bb0a-0939d57e78f5,2026-08-31,3,182.5,138.5,183.95
cff67d98-4bef-482c-bb0a-0939d57e78f5,2026-09-07,8,183.75,150,225
cff67d98-4bef-482c-bb0a-0939d57e78f5,2026-09-14,3,175,160,199.95
cffcf929-9b21-409f-a593-25f429e613a1,2026-06-08,1,70,70,70
cffcf929-9b21-409f-a593-25f429e613a1,2026-08-24,1,80,80,80
cffe4b65-ec37-480d-bea2-523902a2b44e,2023-02-20,1,17.52,17.52,17.52
cffe4b65-ec37-480d-bea2-523902a2b44e,2023-04-24,1,28.7,28.7,28.7
cffe4b65-ec37-480d-bea2-523902a2b44e,2023-06-12,1,30,30,30
cffe4b65-ec37-480d-bea2-523902a2b44e,2023-09-25,1,15,15,15
cffe4b65-ec37-480d-bea2-523902a2b44e,2023-10-02,1,31.11,31.11,31.11
cffe4b65-ec37-480d-bea2-523902a2b44e,2023-11-13,1,15.5,15.5,15.5
cffe4b65-ec37-480d-bea2-523902a2b44e,2024-03-04,1,9.99,9.99,9.99
cffe4b65-ec37-480d-bea2-523902a2b44e,2024-03-11,1,10,10,10
cffe4b65-ec37-480d-bea2-523902a2b44e,2024-04-08,1,20,20,20
cffe4b65-ec37-480d-bea2-523902a2b44e,2024-06-10,1,45.51,45.51,45.51
cffe4b65-ec37-480d-bea2-523902a2b44e,2024-08-19,1,24.99,24.99,24.99
cffe4b65-ec37-480d-bea2-523902a2b44e,2024-12-16,1,24.99,24.99,24.99
cffe4b65-ec37-480d-bea2-523902a2b44e,2025-04-07,1,27.99,27.99,27.99
cffe4b65-ec37-480d-bea2-523902a2b44e,2025-04-14,1,24.25,24.25,24.25
cffe4b65-ec37-480d-bea2-523902a2b44e,2025-05-26,1,21.99,21.99,21.99
cffe4b65-ec37-480d-bea2-523902a2b44e,2025-09-01,2,20.35,19.2,21.5
cffe4b65-ec37-480d-bea2-523902a2b44e,2025-10-06,1,19.5,19.5,19.5
cffe4b65-ec37-480d-bea2-523902a2b44e,2026-05-04,1,21,21,21
cffe4b65-ec37-480d-bea2-523902a2b44e,2026-06-01,1,30,30,30
cffea448-95a7-4096-a2d0-26d9e9d74a21,2022-09-12,1,26,26,26
cffea448-95a7-4096-a2d0-26d9e9d74a21,2022-11-21,1,26,26,26
cffea448-95a7-4096-a2d0-26d9e9d74a21,2023-06-19,1,38,38,38
cffea448-95a7-4096-a2d0-26d9e9d74a21,2023-09-11,1,51,51,51
cffea448-95a7-4096-a2d0-26d9e9d74a21,2024-01-29,1,50,50,50
cffea448-95a7-4096-a2d0-26d9e9d74a21,2024-02-26,1,46,46,46
cffea448-95a7-4096-a2d0-26d9e9d74a21,2024-05-13,1,35.62,35.62,35.62
cffea448-95a7-4096-a2d0-26d9e9d74a21,2024-10-07,1,30,30,30
cffea448-95a7-4096-a2d0-26d9e9d74a21,2024-12-16,1,59.95,59.95,59.95
cffea448-95a7-4096-a2d0-26d9e9d74a21,2026-04-06,1,225,225,225
cffea448-95a7-4096-a2d0-26d9e9d74a21,2026-08-03,1,237.5,237.5,237.5
