asset_id,week_start,n_sales,median_price,low,high
de026321-a853-4e2d-9a51-790132fd1fb0,2023-10-16,1,9900,9900,9900
de026321-a853-4e2d-9a51-790132fd1fb0,2024-04-29,1,9300,9300,9300
de026321-a853-4e2d-9a51-790132fd1fb0,2024-06-03,1,9600,9600,9600
de026321-a853-4e2d-9a51-790132fd1fb0,2024-06-24,1,7500,7500,7500
de026321-a853-4e2d-9a51-790132fd1fb0,2024-08-19,1,7500,7500,7500
de026321-a853-4e2d-9a51-790132fd1fb0,2024-08-26,1,7800,7800,7800
de026321-a853-4e2d-9a51-790132fd1fb0,2024-09-09,1,7140,7140,7140
de026321-a853-4e2d-9a51-790132fd1fb0,2024-09-30,1,6100,6100,6100
de026321-a853-4e2d-9a51-790132fd1fb0,2025-05-05,1,6185,6185,6185
de026321-a853-4e2d-9a51-790132fd1fb0,2025-07-28,1,8204.5,8204.5,8204.5
de040988-aa25-46d0-ab8b-d573cbefe619,2022-11-28,1,56,56,56
de040988-aa25-46d0-ab8b-d573cbefe619,2022-12-19,1,23.5,23.5,23.5
de040988-aa25-46d0-ab8b-d573cbefe619,2023-01-16,1,26,26,26
de040988-aa25-46d0-ab8b-d573cbefe619,2023-02-27,1,13.5,13.5,13.5
de040988-aa25-46d0-ab8b-d573cbefe619,2023-05-15,1,33,33,33
de040988-aa25-46d0-ab8b-d573cbefe619,2023-08-07,1,31,31,31
de040988-aa25-46d0-ab8b-d573cbefe619,2023-09-18,1,26,26,26
de040988-aa25-46d0-ab8b-d573cbefe619,2023-12-11,1,26.75,26.75,26.75
de040988-aa25-46d0-ab8b-d573cbefe619,2024-01-01,1,16,16,16
de040988-aa25-46d0-ab8b-d573cbefe619,2024-09-09,1,35,35,35
de040988-aa25-46d0-ab8b-d573cbefe619,2024-11-18,1,29,29,29
de040988-aa25-46d0-ab8b-d573cbefe619,2024-12-16,1,19,19,19
de040988-aa25-46d0-ab8b-d573cbefe619,2024-12-30,1,22.28,22.28,22.28
de040988-aa25-46d0-ab8b-d573cbefe619,2025-02-17,1,20,20,20
de040988-aa25-46d0-ab8b-d573cbefe619,2025-02-24,1,35,35,35
de040988-aa25-46d0-ab8b-d573cbefe619,2025-06-02,1,21.5,21.5,21.5
de040988-aa25-46d0-ab8b-d573cbefe619,2025-07-28,1,37,37,37
de040988-aa25-46d0-ab8b-d573cbefe619,2025-08-18,1,42,42,42
de040988-aa25-46d0-ab8b-d573cbefe619,2025-09-08,1,46.77,46.77,46.77
de040988-aa25-46d0-ab8b-d573cbefe619,2025-09-15,1,48,48,48
de040988-aa25-46d0-ab8b-d573cbefe619,2025-09-22,1,31.88,31.88,31.88
de040988-aa25-46d0-ab8b-d573cbefe619,2026-03-02,1,38,38,38
de040988-aa25-46d0-ab8b-d573cbefe619,2026-03-23,1,33.6,33.6,33.6
de040988-aa25-46d0-ab8b-d573cbefe619,2026-04-06,1,32.4,32.4,32.4
de040988-aa25-46d0-ab8b-d573cbefe619,2026-04-27,1,99,99,99
de040988-aa25-46d0-ab8b-d573cbefe619,2026-06-15,1,76,76,76
de040988-aa25-46d0-ab8b-d573cbefe619,2026-07-20,1,36,36,36
de043ddf-be13-46e7-8ab2-d247523d41ba,2023-05-29,1,200,200,200
de0892ab-fc9d-43af-9962-d78c3ea4e356,2024-09-16,1,300,300,300
de0892ab-fc9d-43af-9962-d78c3ea4e356,2024-10-28,1,282,282,282
de0892ab-fc9d-43af-9962-d78c3ea4e356,2025-01-27,1,305,305,305
de0892ab-fc9d-43af-9962-d78c3ea4e356,2025-06-23,1,630,630,630
de0892ab-fc9d-43af-9962-d78c3ea4e356,2025-10-27,1,630,630,630
de0892ab-fc9d-43af-9962-d78c3ea4e356,2025-11-10,1,800,800,800
de0892ab-fc9d-43af-9962-d78c3ea4e356,2026-04-20,1,1750,1750,1750
de0892ab-fc9d-43af-9962-d78c3ea4e356,2026-07-13,1,2100,2100,2100
de0892ab-fc9d-43af-9962-d78c3ea4e356,2026-07-27,1,1890,1890,1890
de08ed80-d691-438f-bc39-cbd6f763f7b5,2023-03-20,1,800,800,800
de092e21-1f9b-449c-b338-89511a1d49f7,2021-03-08,1,860,860,860
de092e21-1f9b-449c-b338-89511a1d49f7,2021-03-22,1,915,915,915
de092e21-1f9b-449c-b338-89511a1d49f7,2021-03-29,1,1999,1999,1999
de092e21-1f9b-449c-b338-89511a1d49f7,2021-04-05,1,1900,1900,1900
de092e21-1f9b-449c-b338-89511a1d49f7,2021-04-12,2,975,950,999.99
de092e21-1f9b-449c-b338-89511a1d49f7,2021-04-19,1,980,980,980
de092e21-1f9b-449c-b338-89511a1d49f7,2021-04-26,2,865,750,980
de092e21-1f9b-449c-b338-89511a1d49f7,2021-05-03,1,975,975,975
de092e21-1f9b-449c-b338-89511a1d49f7,2021-05-10,2,900,800,1000
de092e21-1f9b-449c-b338-89511a1d49f7,2021-05-17,1,825,825,825
de092e21-1f9b-449c-b338-89511a1d49f7,2021-05-24,1,864,864,864
de092e21-1f9b-449c-b338-89511a1d49f7,2021-05-31,1,950,950,950
de092e21-1f9b-449c-b338-89511a1d49f7,2021-06-07,3,700,700,740
de092e21-1f9b-449c-b338-89511a1d49f7,2021-06-14,2,755,660,850
de092e21-1f9b-449c-b338-89511a1d49f7,2021-06-21,1,683.5,683.5,683.5
de092e21-1f9b-449c-b338-89511a1d49f7,2021-06-28,2,722.5,695,750
de092e21-1f9b-449c-b338-89511a1d49f7,2021-07-12,1,740,740,740
de092e21-1f9b-449c-b338-89511a1d49f7,2021-08-02,1,949.99,949.99,949.99
de092e21-1f9b-449c-b338-89511a1d49f7,2021-08-16,4,810,700,900
de092e21-1f9b-449c-b338-89511a1d49f7,2021-08-23,1,875,875,875
de092e21-1f9b-449c-b338-89511a1d49f7,2021-08-30,2,880.27,825,935.55
de092e21-1f9b-449c-b338-89511a1d49f7,2021-09-06,2,825,700,950
de092e21-1f9b-449c-b338-89511a1d49f7,2021-09-20,1,688.2,688.2,688.2
de092e21-1f9b-449c-b338-89511a1d49f7,2021-09-27,2,730,699.99,760
de092e21-1f9b-449c-b338-89511a1d49f7,2021-10-04,1,849.99,849.99,849.99
de092e21-1f9b-449c-b338-89511a1d49f7,2021-10-11,2,668.5,662,674.99
de092e21-1f9b-449c-b338-89511a1d49f7,2021-10-25,1,650,650,650
de092e21-1f9b-449c-b338-89511a1d49f7,2021-11-01,2,667.5,660,675
de092e21-1f9b-449c-b338-89511a1d49f7,2021-11-08,2,630,600,660
de092e21-1f9b-449c-b338-89511a1d49f7,2021-11-15,3,800,675,800
de092e21-1f9b-449c-b338-89511a1d49f7,2021-11-22,1,699.99,699.99,699.99
de092e21-1f9b-449c-b338-89511a1d49f7,2021-11-29,1,750,750,750
de092e21-1f9b-449c-b338-89511a1d49f7,2021-12-13,3,575,550,655
de092e21-1f9b-449c-b338-89511a1d49f7,2021-12-27,1,650,650,650
de092e21-1f9b-449c-b338-89511a1d49f7,2022-01-03,1,800,800,800
de092e21-1f9b-449c-b338-89511a1d49f7,2022-01-10,2,728,690,766
de092e21-1f9b-449c-b338-89511a1d49f7,2022-01-17,2,790,780,800
de092e21-1f9b-449c-b338-89511a1d49f7,2022-01-24,3,700,660,782.98
de092e21-1f9b-449c-b338-89511a1d49f7,2022-01-31,2,710,700,720
de092e21-1f9b-449c-b338-89511a1d49f7,2022-02-07,4,676,650,720
de092e21-1f9b-449c-b338-89511a1d49f7,2022-02-14,3,750,600,849
de092e21-1f9b-449c-b338-89511a1d49f7,2022-02-21,2,792,700,884
de092e21-1f9b-449c-b338-89511a1d49f7,2022-02-28,3,755,688.9,785
de092e21-1f9b-449c-b338-89511a1d49f7,2022-03-07,2,697.5,670,725
de092e21-1f9b-449c-b338-89511a1d49f7,2022-03-14,1,750,750,750
de092e21-1f9b-449c-b338-89511a1d49f7,2022-03-21,3,700,700,720
de092e21-1f9b-449c-b338-89511a1d49f7,2022-03-28,3,710,650,749.99
de092e21-1f9b-449c-b338-89511a1d49f7,2022-04-04,4,740,699.99,750
de092e21-1f9b-449c-b338-89511a1d49f7,2022-04-11,2,820,789.99,850
de092e21-1f9b-449c-b338-89511a1d49f7,2022-04-18,1,899.99,899.99,899.99
de092e21-1f9b-449c-b338-89511a1d49f7,2022-04-25,4,890,775,900
de092e21-1f9b-449c-b338-89511a1d49f7,2022-05-02,3,750,717,760
de092e21-1f9b-449c-b338-89511a1d49f7,2022-05-09,7,731.34,670,810
de092e21-1f9b-449c-b338-89511a1d49f7,2022-05-16,1,785,785,785
de092e21-1f9b-449c-b338-89511a1d49f7,2022-05-23,1,899,899,899
de092e21-1f9b-449c-b338-89511a1d49f7,2022-05-30,4,780,504,889.99
de092e21-1f9b-449c-b338-89511a1d49f7,2022-06-06,1,690.64,690.64,690.64
de092e21-1f9b-449c-b338-89511a1d49f7,2022-06-13,2,737.5,675,800
de092e21-1f9b-449c-b338-89511a1d49f7,2022-06-27,1,810,810,810
de092e21-1f9b-449c-b338-89511a1d49f7,2022-07-04,2,867,835,899
de092e21-1f9b-449c-b338-89511a1d49f7,2022-07-11,3,790,750,815
de092e21-1f9b-449c-b338-89511a1d49f7,2022-07-18,2,775,760,790
de092e21-1f9b-449c-b338-89511a1d49f7,2022-07-25,1,819.45,819.45,819.45
de092e21-1f9b-449c-b338-89511a1d49f7,2022-08-01,3,690,686,820
de092e21-1f9b-449c-b338-89511a1d49f7,2022-08-08,2,804.4,700,908.81
de092e21-1f9b-449c-b338-89511a1d49f7,2022-08-15,1,920,920,920
de092e21-1f9b-449c-b338-89511a1d49f7,2022-08-22,3,899,890,910
de092e21-1f9b-449c-b338-89511a1d49f7,2022-08-29,2,928.75,860,997.5
de092e21-1f9b-449c-b338-89511a1d49f7,2022-09-05,1,1075,1075,1075
de092e21-1f9b-449c-b338-89511a1d49f7,2022-09-12,1,1035,1035,1035
de092e21-1f9b-449c-b338-89511a1d49f7,2022-09-19,2,1118,950,1286
de092e21-1f9b-449c-b338-89511a1d49f7,2022-09-26,2,1097,969,1225
de092e21-1f9b-449c-b338-89511a1d49f7,2022-10-03,2,1300,1200,1400
de092e21-1f9b-449c-b338-89511a1d49f7,2022-10-10,1,1395,1395,1395
de092e21-1f9b-449c-b338-89511a1d49f7,2022-10-17,3,1000,800,1075
de092e21-1f9b-449c-b338-89511a1d49f7,2022-10-24,2,1025,1000,1050
de092e21-1f9b-449c-b338-89511a1d49f7,2022-10-31,1,1000,1000,1000
de092e21-1f9b-449c-b338-89511a1d49f7,2022-11-07,2,985,970,1000
de092e21-1f9b-449c-b338-89511a1d49f7,2022-11-14,3,1086,1057,1198.99
de092e21-1f9b-449c-b338-89511a1d49f7,2022-11-21,3,1200,1099,1229.89
de092e21-1f9b-449c-b338-89511a1d49f7,2022-12-05,3,1299,1150,1399.99
de092e21-1f9b-449c-b338-89511a1d49f7,2022-12-12,2,1102.5,1075,1130
de092e21-1f9b-449c-b338-89511a1d49f7,2022-12-19,2,1047.5,1025,1070
de092e21-1f9b-449c-b338-89511a1d49f7,2023-01-02,7,1100,500,1349.99
de092e21-1f9b-449c-b338-89511a1d49f7,2023-01-16,1,1100,1100,1100
de092e21-1f9b-449c-b338-89511a1d49f7,2023-01-23,4,1145.5,1075,1225
de092e21-1f9b-449c-b338-89511a1d49f7,2023-01-30,2,1164.05,1090,1238.1
de092e21-1f9b-449c-b338-89511a1d49f7,2023-02-06,4,1262.5,1136,1349.95
de092e21-1f9b-449c-b338-89511a1d49f7,2023-02-13,4,1187.5,1090,1375
de092e21-1f9b-449c-b338-89511a1d49f7,2023-02-20,4,1374.99,975,1500
de092e21-1f9b-449c-b338-89511a1d49f7,2023-02-27,2,1450,1300,1600
de092e21-1f9b-449c-b338-89511a1d49f7,2023-03-06,1,1000,1000,1000
de092e21-1f9b-449c-b338-89511a1d49f7,2023-03-13,2,1902.5,1880,1925
de092e21-1f9b-449c-b338-89511a1d49f7,2023-03-20,2,1950,1900,2000
de092e21-1f9b-449c-b338-89511a1d49f7,2023-03-27,3,1700,1225,1850
de092e21-1f9b-449c-b338-89511a1d49f7,2023-04-03,3,1750,1700,1899
de092e21-1f9b-449c-b338-89511a1d49f7,2023-04-10,2,1825,1800,1850
de092e21-1f9b-449c-b338-89511a1d49f7,2023-04-17,1,2230.24,2230.24,2230.24
de092e21-1f9b-449c-b338-89511a1d49f7,2023-04-24,4,2075,1995,2175
de092e21-1f9b-449c-b338-89511a1d49f7,2023-05-01,4,2013,1860,2175
de092e21-1f9b-449c-b338-89511a1d49f7,2023-05-08,2,2518,2286,2750
de092e21-1f9b-449c-b338-89511a1d49f7,2023-05-15,5,2550,2250,2700
de092e21-1f9b-449c-b338-89511a1d49f7,2023-05-22,4,2850,2700.61,3111
de092e21-1f9b-449c-b338-89511a1d49f7,2023-05-29,1,2976,2976,2976
de092e21-1f9b-449c-b338-89511a1d49f7,2023-06-05,3,3050,2850,3145.13
de092e21-1f9b-449c-b338-89511a1d49f7,2023-06-12,7,2750,2475,2875
de092e21-1f9b-449c-b338-89511a1d49f7,2023-06-19,2,2599.99,2499.99,2700
de092e21-1f9b-449c-b338-89511a1d49f7,2023-06-26,4,2499.99,2000,2516
de092e21-1f9b-449c-b338-89511a1d49f7,2023-07-03,7,2050,1750,2350
de092e21-1f9b-449c-b338-89511a1d49f7,2023-07-10,3,2000,1900,2200
de092e21-1f9b-449c-b338-89511a1d49f7,2023-07-17,3,2000,1978,2278.34
de092e21-1f9b-449c-b338-89511a1d49f7,2023-07-24,5,2115.68,2000,2300
de092e21-1f9b-449c-b338-89511a1d49f7,2023-07-31,2,2012.5,1850,2175
de092e21-1f9b-449c-b338-89511a1d49f7,2023-08-07,7,1945,1825,2025
de092e21-1f9b-449c-b338-89511a1d49f7,2023-08-14,2,1812.82,1750.63,1875
de092e21-1f9b-449c-b338-89511a1d49f7,2023-08-21,1,1925,1925,1925
de092e21-1f9b-449c-b338-89511a1d49f7,2023-08-28,2,1825,1775,1875
de092e21-1f9b-449c-b338-89511a1d49f7,2023-09-04,4,1775,1575,1955
de092e21-1f9b-449c-b338-89511a1d49f7,2023-09-11,4,1715,1450,2175
de092e21-1f9b-449c-b338-89511a1d49f7,2023-09-18,3,1925,1650,2070
de092e21-1f9b-449c-b338-89511a1d49f7,2023-09-25,6,1617.5,1525,1830.83
de092e21-1f9b-449c-b338-89511a1d49f7,2023-10-02,3,1423,1110,1475
de092e21-1f9b-449c-b338-89511a1d49f7,2023-10-09,9,1600,1425,1800
de092e21-1f9b-449c-b338-89511a1d49f7,2023-10-16,2,1572.5,1470,1675
de092e21-1f9b-449c-b338-89511a1d49f7,2023-10-23,3,1450,1450,1450
de092e21-1f9b-449c-b338-89511a1d49f7,2023-10-30,5,1500,1499,1799
de092e21-1f9b-449c-b338-89511a1d49f7,2023-11-06,2,1648.01,1400,1896.02
de092e21-1f9b-449c-b338-89511a1d49f7,2023-11-13,1,1453.69,1453.69,1453.69
de092e21-1f9b-449c-b338-89511a1d49f7,2023-11-20,3,1400,1325,1600
de092e21-1f9b-449c-b338-89511a1d49f7,2023-11-27,4,1527.5,1175,1725.36
de092e21-1f9b-449c-b338-89511a1d49f7,2023-12-04,1,1375,1375,1375
de092e21-1f9b-449c-b338-89511a1d49f7,2023-12-11,2,1453.5,1432,1475
de092e21-1f9b-449c-b338-89511a1d49f7,2023-12-18,4,1512.49,1400,1650
de092e21-1f9b-449c-b338-89511a1d49f7,2023-12-25,2,1422.5,1320,1525
de092e21-1f9b-449c-b338-89511a1d49f7,2024-01-01,1,1500,1500,1500
de092e21-1f9b-449c-b338-89511a1d49f7,2024-01-08,8,1525,1400,1700
de092e21-1f9b-449c-b338-89511a1d49f7,2024-01-15,2,1537.5,1475,1600
de092e21-1f9b-449c-b338-89511a1d49f7,2024-01-22,4,1525,1395,1550
de092e21-1f9b-449c-b338-89511a1d49f7,2024-01-29,1,1225,1225,1225
de092e21-1f9b-449c-b338-89511a1d49f7,2024-02-05,4,1600,1475,1700
de092e21-1f9b-449c-b338-89511a1d49f7,2024-02-12,6,1725,1599,1751
de092e21-1f9b-449c-b338-89511a1d49f7,2024-02-19,2,1750,1700,1800
de092e21-1f9b-449c-b338-89511a1d49f7,2024-02-26,3,1675,1625,1920
de092e21-1f9b-449c-b338-89511a1d49f7,2024-03-04,6,1675,1400,1799.95
de092e21-1f9b-449c-b338-89511a1d49f7,2024-03-11,2,1750,1650,1850
de092e21-1f9b-449c-b338-89511a1d49f7,2024-03-18,3,1825,1725,2200
de092e21-1f9b-449c-b338-89511a1d49f7,2024-03-25,2,1853.6,1750,1957.2
de092e21-1f9b-449c-b338-89511a1d49f7,2024-04-01,1,2200,2200,2200
de092e21-1f9b-449c-b338-89511a1d49f7,2024-04-15,4,1685,1651,1850
de092e21-1f9b-449c-b338-89511a1d49f7,2024-04-22,5,1999.99,1800,2374
de092e21-1f9b-449c-b338-89511a1d49f7,2024-04-29,4,1973.76,1773.31,2350
de092e21-1f9b-449c-b338-89511a1d49f7,2024-05-06,1,2014.24,2014.24,2014.24
de092e21-1f9b-449c-b338-89511a1d49f7,2024-05-13,6,2413,1888.63,2750
de092e21-1f9b-449c-b338-89511a1d49f7,2024-05-20,4,2300.5,2200,2449
de092e21-1f9b-449c-b338-89511a1d49f7,2024-05-27,1,2640,2640,2640
de092e21-1f9b-449c-b338-89511a1d49f7,2024-06-03,1,2225,2225,2225
de092e21-1f9b-449c-b338-89511a1d49f7,2024-06-10,2,2163.06,2076.11,2250
de092e21-1f9b-449c-b338-89511a1d49f7,2024-06-24,4,2151.84,2010,2449.99
de092e21-1f9b-449c-b338-89511a1d49f7,2024-07-01,3,2120,2100,2250
de092e21-1f9b-449c-b338-89511a1d49f7,2024-07-08,4,2034,1950,2225
de092e21-1f9b-449c-b338-89511a1d49f7,2024-07-15,4,2028,2000,2090
de092e21-1f9b-449c-b338-89511a1d49f7,2024-07-22,5,2100,1900,2350
de092e21-1f9b-449c-b338-89511a1d49f7,2024-07-29,3,2201,1908.17,2300
de092e21-1f9b-449c-b338-89511a1d49f7,2024-08-05,2,2400,2400,2400
de092e21-1f9b-449c-b338-89511a1d49f7,2024-08-12,3,2200,2000,2311.16
de092e21-1f9b-449c-b338-89511a1d49f7,2024-08-19,1,1840.8,1840.8,1840.8
de092e21-1f9b-449c-b338-89511a1d49f7,2024-08-26,1,2099.69,2099.69,2099.69
de092e21-1f9b-449c-b338-89511a1d49f7,2024-09-02,2,2400,2350,2450
de092e21-1f9b-449c-b338-89511a1d49f7,2024-09-16,4,2101,1950,2490
de092e21-1f9b-449c-b338-89511a1d49f7,2024-09-23,2,2340.5,2300,2381
de092e21-1f9b-449c-b338-89511a1d49f7,2024-09-30,1,2580,2580,2580
de092e21-1f9b-449c-b338-89511a1d49f7,2024-10-21,4,2687.5,2602.28,2700
de092e21-1f9b-449c-b338-89511a1d49f7,2024-10-28,1,2500,2500,2500
de092e21-1f9b-449c-b338-89511a1d49f7,2024-11-04,2,2912,2825,2999
de092e21-1f9b-449c-b338-89511a1d49f7,2024-11-11,7,2999,2750,3152.14
de092e21-1f9b-449c-b338-89511a1d49f7,2024-11-18,4,2924.5,2750,2999
de092e21-1f9b-449c-b338-89511a1d49f7,2024-11-25,3,3499.99,3099.99,3500
de092e21-1f9b-449c-b338-89511a1d49f7,2024-12-02,1,3500,3500,3500
de092e21-1f9b-449c-b338-89511a1d49f7,2024-12-09,4,3380,3200,3520
de092e21-1f9b-449c-b338-89511a1d49f7,2024-12-16,3,3350,3300,3550
de092e21-1f9b-449c-b338-89511a1d49f7,2024-12-23,2,3575,3550,3600
de092e21-1f9b-449c-b338-89511a1d49f7,2024-12-30,3,3602,3399.99,3695
de092e21-1f9b-449c-b338-89511a1d49f7,2025-01-06,3,3575,3360,3750
de092e21-1f9b-449c-b338-89511a1d49f7,2025-01-13,6,3997.61,3500,5000
de092e21-1f9b-449c-b338-89511a1d49f7,2025-01-20,3,5100,4999.99,5100
de092e21-1f9b-449c-b338-89511a1d49f7,2025-01-27,2,5135.93,5071.87,5200
de092e21-1f9b-449c-b338-89511a1d49f7,2025-02-03,2,5075,4950,5200
de092e21-1f9b-449c-b338-89511a1d49f7,2025-02-10,1,4600.04,4600.04,4600.04
de092e21-1f9b-449c-b338-89511a1d49f7,2025-02-17,4,4700.5,4650,4900
de092e21-1f9b-449c-b338-89511a1d49f7,2025-02-24,4,4360,4000,4600
de092e21-1f9b-449c-b338-89511a1d49f7,2025-03-03,2,5099.99,4700,5499.99
de092e21-1f9b-449c-b338-89511a1d49f7,2025-03-10,6,4850,4440,5700
de092e21-1f9b-449c-b338-89511a1d49f7,2025-03-17,6,5000,4440,5389.99
de092e21-1f9b-449c-b338-89511a1d49f7,2025-03-24,4,4775,4300,5001
de092e21-1f9b-449c-b338-89511a1d49f7,2025-03-31,5,5299,4650,5399.99
de092e21-1f9b-449c-b338-89511a1d49f7,2025-04-07,4,5142.4,5000,5250
de092e21-1f9b-449c-b338-89511a1d49f7,2025-04-14,6,4845.66,4200,5099
de092e21-1f9b-449c-b338-89511a1d49f7,2025-04-21,3,4869.08,4849.99,4875
de092e21-1f9b-449c-b338-89511a1d49f7,2025-04-28,2,5237.5,5200,5275
de092e21-1f9b-449c-b338-89511a1d49f7,2025-05-05,2,5708.61,5216.22,6201
de092e21-1f9b-449c-b338-89511a1d49f7,2025-05-12,1,6020,6020,6020
de092e21-1f9b-449c-b338-89511a1d49f7,2025-05-19,3,6199,5950,7900
de092e21-1f9b-449c-b338-89511a1d49f7,2025-05-26,4,5825,5400,6200
de092e21-1f9b-449c-b338-89511a1d49f7,2025-06-02,2,6075,5850,6300
de092e21-1f9b-449c-b338-89511a1d49f7,2025-06-09,6,6307.49,6250,6500
de092e21-1f9b-449c-b338-89511a1d49f7,2025-06-16,1,7100,7100,7100
de092e21-1f9b-449c-b338-89511a1d49f7,2025-06-23,5,6900,6000,8000
de092e21-1f9b-449c-b338-89511a1d49f7,2025-07-07,4,9324.99,8600,10000
de092e21-1f9b-449c-b338-89511a1d49f7,2025-07-14,1,13500,13500,13500
de092e21-1f9b-449c-b338-89511a1d49f7,2025-07-21,1,10999,10999,10999
de092e21-1f9b-449c-b338-89511a1d49f7,2025-08-04,1,9000,9000,9000
de092e21-1f9b-449c-b338-89511a1d49f7,2025-08-11,4,8900,8220,9299.99
de092e21-1f9b-449c-b338-89511a1d49f7,2025-08-18,3,8550,8400,8800
de092e21-1f9b-449c-b338-89511a1d49f7,2025-08-25,5,8500,8156.66,8701
de092e21-1f9b-449c-b338-89511a1d49f7,2025-09-01,4,8161,7250,8450
de092e21-1f9b-449c-b338-89511a1d49f7,2025-09-08,3,8100,8000,8100
de092e21-1f9b-449c-b338-89511a1d49f7,2025-09-15,9,8500,8000,9000
de092e21-1f9b-449c-b338-89511a1d49f7,2025-09-22,4,8779.5,8200,8900
de092e21-1f9b-449c-b338-89511a1d49f7,2025-09-29,1,7800,7800,7800
de092e21-1f9b-449c-b338-89511a1d49f7,2025-10-06,3,8100,7800,8700
de092e21-1f9b-449c-b338-89511a1d49f7,2025-10-13,5,8249,7600,8800
de092e21-1f9b-449c-b338-89511a1d49f7,2025-10-20,7,7808,6800,8100
de092e21-1f9b-449c-b338-89511a1d49f7,2025-10-27,3,8100,7941.6,8250
de092e21-1f9b-449c-b338-89511a1d49f7,2025-11-03,6,7989,7800,8200
de092e21-1f9b-449c-b338-89511a1d49f7,2025-11-10,3,7950,7500,8301.01
de092e21-1f9b-449c-b338-89511a1d49f7,2025-11-17,4,8250,7400,8500
de092e21-1f9b-449c-b338-89511a1d49f7,2025-11-24,4,8006.59,7900,8250
de092e21-1f9b-449c-b338-89511a1d49f7,2025-12-01,3,7900,7740,8475
de092e21-1f9b-449c-b338-89511a1d49f7,2025-12-08,1,7600,7600,7600
de092e21-1f9b-449c-b338-89511a1d49f7,2025-12-15,5,7900,7450,8250
de092e21-1f9b-449c-b338-89511a1d49f7,2025-12-22,6,8399.5,7800,8903
de092e21-1f9b-449c-b338-89511a1d49f7,2025-12-29,3,8200,8100,8950
de092e21-1f9b-449c-b338-89511a1d49f7,2026-01-05,3,8900,8500,9200
de092e21-1f9b-449c-b338-89511a1d49f7,2026-01-12,4,8775,7925,10500
de092e21-1f9b-449c-b338-89511a1d49f7,2026-01-19,5,9000,8800,9500
de092e21-1f9b-449c-b338-89511a1d49f7,2026-01-26,3,9400,9400,10500
de092e21-1f9b-449c-b338-89511a1d49f7,2026-02-02,3,9802,9350,10500
de092e21-1f9b-449c-b338-89511a1d49f7,2026-02-09,7,9000,8681.24,9750
de092e21-1f9b-449c-b338-89511a1d49f7,2026-02-16,3,9300,9240,10500
de092e21-1f9b-449c-b338-89511a1d49f7,2026-02-23,5,9500,8797.65,10100
de092e21-1f9b-449c-b338-89511a1d49f7,2026-03-02,3,9560.8,9103.54,9998
de092e21-1f9b-449c-b338-89511a1d49f7,2026-03-09,8,9400,8516.4,10400
de092e21-1f9b-449c-b338-89511a1d49f7,2026-03-16,5,9300,9000,10000
de092e21-1f9b-449c-b338-89511a1d49f7,2026-03-23,6,9350,8800,9998
de092e21-1f9b-449c-b338-89511a1d49f7,2026-03-30,5,9300,8856.22,9900
de092e21-1f9b-449c-b338-89511a1d49f7,2026-04-06,4,9819.3,9600,10111
de092e21-1f9b-449c-b338-89511a1d49f7,2026-04-13,7,10129,9000,11100
de092e21-1f9b-449c-b338-89511a1d49f7,2026-04-20,8,10525,9800,11000
de092e21-1f9b-449c-b338-89511a1d49f7,2026-04-27,5,11500,11000,13500
de092e21-1f9b-449c-b338-89511a1d49f7,2026-05-04,5,13000,12500,13500
de092e21-1f9b-449c-b338-89511a1d49f7,2026-05-11,4,15374.5,14200,17000
de092e21-1f9b-449c-b338-89511a1d49f7,2026-05-18,3,16300,16000,17500
de092e21-1f9b-449c-b338-89511a1d49f7,2026-05-25,5,16500,16000,19800
de092e21-1f9b-449c-b338-89511a1d49f7,2026-06-01,6,18340.5,15500,19200
de092e21-1f9b-449c-b338-89511a1d49f7,2026-06-08,5,19200,17170,19999
de092e21-1f9b-449c-b338-89511a1d49f7,2026-06-15,1,19800,19800,19800
de092e21-1f9b-449c-b338-89511a1d49f7,2026-06-22,3,17700,17100,17800
de092e21-1f9b-449c-b338-89511a1d49f7,2026-06-29,3,17150,15985.92,20499
de092e21-1f9b-449c-b338-89511a1d49f7,2026-07-06,4,15750,14000,17043.6
de092e21-1f9b-449c-b338-89511a1d49f7,2026-07-13,6,15669.9,15000,18000
de092e21-1f9b-449c-b338-89511a1d49f7,2026-07-20,3,15500,14600,16256.4
de092e21-1f9b-449c-b338-89511a1d49f7,2026-07-27,5,15000,14988.88,16000
de092e21-1f9b-449c-b338-89511a1d49f7,2026-08-03,6,14650,14400,15750
de092e21-1f9b-449c-b338-89511a1d49f7,2026-08-10,5,17080,15000,18500
de092e21-1f9b-449c-b338-89511a1d49f7,2026-08-17,8,15050,14000,19764
de092e21-1f9b-449c-b338-89511a1d49f7,2026-08-24,7,15399,14400,17376.34
de092e21-1f9b-449c-b338-89511a1d49f7,2026-08-31,6,17500,13900,22800
de092e21-1f9b-449c-b338-89511a1d49f7,2026-09-07,9,15600,14400,19500
de092e21-1f9b-449c-b338-89511a1d49f7,2026-09-14,1,14400,14400,14400
de129767-5974-455c-968d-9c89262aabe6,2021-07-26,1,271,271,271
de129767-5974-455c-968d-9c89262aabe6,2021-10-25,2,97,74,120
de129767-5974-455c-968d-9c89262aabe6,2022-02-07,1,127.5,127.5,127.5
de129767-5974-455c-968d-9c89262aabe6,2023-05-08,1,62.4,62.4,62.4
de129767-5974-455c-968d-9c89262aabe6,2023-05-29,1,52.8,52.8,52.8
de129767-5974-455c-968d-9c89262aabe6,2023-06-05,1,54,54,54
de129767-5974-455c-968d-9c89262aabe6,2023-06-12,1,43.2,43.2,43.2
de129767-5974-455c-968d-9c89262aabe6,2023-06-19,1,55,55,55
de129767-5974-455c-968d-9c89262aabe6,2023-07-03,1,100,100,100
de129767-5974-455c-968d-9c89262aabe6,2024-01-15,2,51,42,60
de129767-5974-455c-968d-9c89262aabe6,2024-02-12,1,69,69,69
de129767-5974-455c-968d-9c89262aabe6,2024-05-06,1,51,51,51
de129767-5974-455c-968d-9c89262aabe6,2024-06-17,1,150,150,150
de129767-5974-455c-968d-9c89262aabe6,2024-08-12,1,48,48,48
de129767-5974-455c-968d-9c89262aabe6,2025-01-13,1,84.53,84.53,84.53
de129767-5974-455c-968d-9c89262aabe6,2025-02-10,2,106.77,84.53,129
de129767-5974-455c-968d-9c89262aabe6,2025-03-17,1,84.53,84.53,84.53
de129767-5974-455c-968d-9c89262aabe6,2025-08-11,1,140,140,140
de129767-5974-455c-968d-9c89262aabe6,2025-08-25,1,127.5,127.5,127.5
de129767-5974-455c-968d-9c89262aabe6,2025-12-29,1,200,200,200
de129767-5974-455c-968d-9c89262aabe6,2026-06-08,1,435,435,435
de12c8b7-04f4-4149-9363-cc34426bdc89,2023-02-27,1,1200,1200,1200
de12c8b7-04f4-4149-9363-cc34426bdc89,2024-12-30,1,1322,1322,1322
de12c8b7-04f4-4149-9363-cc34426bdc89,2026-06-22,1,8655,8655,8655
de151b18-43ba-4e74-b3ed-927dab3c7ff5,2025-03-31,1,41,41,41
de151b18-43ba-4e74-b3ed-927dab3c7ff5,2025-04-14,1,30,30,30
de151b18-43ba-4e74-b3ed-927dab3c7ff5,2025-04-28,1,18.05,18.05,18.05
de151b18-43ba-4e74-b3ed-927dab3c7ff5,2025-05-05,1,40,40,40
de151b18-43ba-4e74-b3ed-927dab3c7ff5,2025-05-12,1,35,35,35
de151b18-43ba-4e74-b3ed-927dab3c7ff5,2025-06-02,1,21.5,21.5,21.5
de151b18-43ba-4e74-b3ed-927dab3c7ff5,2025-06-30,2,34,25,42.99
de151b18-43ba-4e74-b3ed-927dab3c7ff5,2025-07-21,1,28.8,28.8,28.8
de151b18-43ba-4e74-b3ed-927dab3c7ff5,2025-08-11,1,35,35,35
de151b18-43ba-4e74-b3ed-927dab3c7ff5,2025-09-01,1,20,20,20
de151b18-43ba-4e74-b3ed-927dab3c7ff5,2025-12-08,1,40.95,40.95,40.95
de151b18-43ba-4e74-b3ed-927dab3c7ff5,2025-12-15,1,49.99,49.99,49.99
de151b18-43ba-4e74-b3ed-927dab3c7ff5,2025-12-29,1,34,34,34
de151b18-43ba-4e74-b3ed-927dab3c7ff5,2026-01-26,1,40,40,40
de151b18-43ba-4e74-b3ed-927dab3c7ff5,2026-03-16,2,36.25,34.5,38
de151b18-43ba-4e74-b3ed-927dab3c7ff5,2026-04-13,2,40.5,36,44.99
de151b18-43ba-4e74-b3ed-927dab3c7ff5,2026-04-20,1,35,35,35
de151b18-43ba-4e74-b3ed-927dab3c7ff5,2026-05-18,1,35,35,35
de151b18-43ba-4e74-b3ed-927dab3c7ff5,2026-05-25,1,51,51,51
de151b18-43ba-4e74-b3ed-927dab3c7ff5,2026-06-29,1,74.95,74.95,74.95
de174e0d-5049-494c-926b-9b8d31d84fc5,2022-04-18,1,8766,8766,8766
de174e0d-5049-494c-926b-9b8d31d84fc5,2023-10-16,1,9900,9900,9900
de174e0d-5049-494c-926b-9b8d31d84fc5,2024-04-22,1,7500,7500,7500
de174e0d-5049-494c-926b-9b8d31d84fc5,2024-07-22,1,6300,6300,6300
de174e0d-5049-494c-926b-9b8d31d84fc5,2025-02-17,2,5515,5280,5750
de174e0d-5049-494c-926b-9b8d31d84fc5,2025-03-17,1,4920,4920,4920
de174e0d-5049-494c-926b-9b8d31d84fc5,2025-03-24,1,4320,4320,4320
de174e0d-5049-494c-926b-9b8d31d84fc5,2025-07-28,1,4273.66,4273.66,4273.66
de174e0d-5049-494c-926b-9b8d31d84fc5,2025-08-25,1,4680,4680,4680
de174e0d-5049-494c-926b-9b8d31d84fc5,2026-06-15,1,25200,25200,25200
de1d1fdb-e745-4974-8b23-34bcdfe6c1c2,2021-05-31,1,199,199,199
de1d1fdb-e745-4974-8b23-34bcdfe6c1c2,2024-08-05,1,114,114,114
de1d1fdb-e745-4974-8b23-34bcdfe6c1c2,2025-09-29,1,67.2,67.2,67.2
de1e3994-5d84-4948-ba1f-febf02fed10d,2024-02-12,1,312,312,312
de1e3994-5d84-4948-ba1f-febf02fed10d,2025-02-24,1,95.51,95.51,95.51
de1e3994-5d84-4948-ba1f-febf02fed10d,2025-12-15,1,280,280,280
de1ecfd9-18b0-4b02-8280-c97ce290c040,2021-03-01,1,255,255,255
de1ecfd9-18b0-4b02-8280-c97ce290c040,2021-04-26,1,184.05,184.05,184.05
de1ecfd9-18b0-4b02-8280-c97ce290c040,2021-06-07,1,249.99,249.99,249.99
de1ecfd9-18b0-4b02-8280-c97ce290c040,2021-07-26,1,280,280,280
de1ecfd9-18b0-4b02-8280-c97ce290c040,2021-08-09,1,275,275,275
de1ecfd9-18b0-4b02-8280-c97ce290c040,2021-08-23,1,280,280,280
de1ecfd9-18b0-4b02-8280-c97ce290c040,2021-11-08,1,255,255,255
de1ecfd9-18b0-4b02-8280-c97ce290c040,2021-12-13,1,199,199,199
de1ecfd9-18b0-4b02-8280-c97ce290c040,2022-01-17,1,243.75,243.75,243.75
de1ecfd9-18b0-4b02-8280-c97ce290c040,2022-02-21,1,175,175,175
de1ecfd9-18b0-4b02-8280-c97ce290c040,2022-02-28,1,174.05,174.05,174.05
de1ecfd9-18b0-4b02-8280-c97ce290c040,2022-05-09,1,180,180,180
de1ecfd9-18b0-4b02-8280-c97ce290c040,2022-05-23,1,156,156,156
de1ecfd9-18b0-4b02-8280-c97ce290c040,2022-05-30,1,150,150,150
de1ecfd9-18b0-4b02-8280-c97ce290c040,2022-06-06,1,299.99,299.99,299.99
de1ecfd9-18b0-4b02-8280-c97ce290c040,2022-06-20,3,202.22,155.2,222
de1ecfd9-18b0-4b02-8280-c97ce290c040,2022-07-25,1,151.28,151.28,151.28
de1ecfd9-18b0-4b02-8280-c97ce290c040,2022-09-12,1,126,126,126
de1ecfd9-18b0-4b02-8280-c97ce290c040,2022-09-19,1,159,159,159
de1ecfd9-18b0-4b02-8280-c97ce290c040,2022-09-26,1,158.09,158.09,158.09
de1ecfd9-18b0-4b02-8280-c97ce290c040,2022-10-10,1,112.8,112.8,112.8
de1ecfd9-18b0-4b02-8280-c97ce290c040,2022-10-17,1,158.5,158.5,158.5
de1ecfd9-18b0-4b02-8280-c97ce290c040,2022-10-24,1,159,159,159
de1ecfd9-18b0-4b02-8280-c97ce290c040,2022-11-07,1,550,550,550
de1ecfd9-18b0-4b02-8280-c97ce290c040,2023-01-09,1,150,150,150
de1ecfd9-18b0-4b02-8280-c97ce290c040,2023-02-27,1,192,192,192
de1ecfd9-18b0-4b02-8280-c97ce290c040,2023-03-27,1,200,200,200
de1ecfd9-18b0-4b02-8280-c97ce290c040,2023-05-01,1,174,174,174
de1ecfd9-18b0-4b02-8280-c97ce290c040,2023-07-10,1,250,250,250
de1ecfd9-18b0-4b02-8280-c97ce290c040,2023-07-17,1,175,175,175
de1ecfd9-18b0-4b02-8280-c97ce290c040,2023-08-28,1,160,160,160
de1ecfd9-18b0-4b02-8280-c97ce290c040,2023-09-25,1,163.5,163.5,163.5
de1ecfd9-18b0-4b02-8280-c97ce290c040,2023-11-06,1,179,179,179
de1ecfd9-18b0-4b02-8280-c97ce290c040,2023-11-13,1,136.5,136.5,136.5
de1ecfd9-18b0-4b02-8280-c97ce290c040,2023-11-20,1,147.5,147.5,147.5
de1ecfd9-18b0-4b02-8280-c97ce290c040,2023-12-04,1,112.8,112.8,112.8
de1ecfd9-18b0-4b02-8280-c97ce290c040,2023-12-25,1,329.3,329.3,329.3
de1ecfd9-18b0-4b02-8280-c97ce290c040,2024-01-29,1,225,225,225
de1ecfd9-18b0-4b02-8280-c97ce290c040,2024-04-15,1,373,373,373
de1ecfd9-18b0-4b02-8280-c97ce290c040,2024-05-20,1,369.35,369.35,369.35
de1ecfd9-18b0-4b02-8280-c97ce290c040,2024-05-27,1,408,408,408
de1ecfd9-18b0-4b02-8280-c97ce290c040,2024-07-08,1,400,400,400
de1ecfd9-18b0-4b02-8280-c97ce290c040,2024-07-22,1,234,234,234
de1ecfd9-18b0-4b02-8280-c97ce290c040,2024-08-05,1,179.29,179.29,179.29
de1ecfd9-18b0-4b02-8280-c97ce290c040,2024-09-23,1,192,192,192
de1ecfd9-18b0-4b02-8280-c97ce290c040,2024-10-14,1,149.99,149.99,149.99
de1ecfd9-18b0-4b02-8280-c97ce290c040,2025-04-28,1,312,312,312
de1ecfd9-18b0-4b02-8280-c97ce290c040,2025-05-05,1,339.3,339.3,339.3
de1ecfd9-18b0-4b02-8280-c97ce290c040,2025-05-26,1,353.33,353.33,353.33
de1ecfd9-18b0-4b02-8280-c97ce290c040,2025-06-09,1,331.93,331.93,331.93
de1ecfd9-18b0-4b02-8280-c97ce290c040,2025-06-30,1,325,325,325
de1ecfd9-18b0-4b02-8280-c97ce290c040,2025-07-07,1,289,289,289
de1ecfd9-18b0-4b02-8280-c97ce290c040,2025-09-01,1,699.99,699.99,699.99
de1ecfd9-18b0-4b02-8280-c97ce290c040,2025-10-06,1,549,549,549
de1ecfd9-18b0-4b02-8280-c97ce290c040,2026-01-05,1,1795,1795,1795
de1ecfd9-18b0-4b02-8280-c97ce290c040,2026-02-02,1,1400,1400,1400
de1ecfd9-18b0-4b02-8280-c97ce290c040,2026-02-09,1,1250,1250,1250
de1ecfd9-18b0-4b02-8280-c97ce290c040,2026-03-23,1,710,710,710
de1ecfd9-18b0-4b02-8280-c97ce290c040,2026-03-30,1,1170,1170,1170
de1ecfd9-18b0-4b02-8280-c97ce290c040,2026-04-27,1,780,780,780
de1ecfd9-18b0-4b02-8280-c97ce290c040,2026-06-01,2,990,810,1170
de1ecfd9-18b0-4b02-8280-c97ce290c040,2026-06-22,1,1170,1170,1170
de1ecfd9-18b0-4b02-8280-c97ce290c040,2026-07-27,1,750,750,750
de1ecfd9-18b0-4b02-8280-c97ce290c040,2026-08-17,1,900,900,900
de1ecfd9-18b0-4b02-8280-c97ce290c040,2026-08-31,1,910,910,910
de205d27-9ec5-4151-a9e9-e4c800c93da7,2021-03-15,1,745,745,745
de205d27-9ec5-4151-a9e9-e4c800c93da7,2021-04-19,1,900,900,900
de205d27-9ec5-4151-a9e9-e4c800c93da7,2022-03-28,1,689.13,689.13,689.13
de205d27-9ec5-4151-a9e9-e4c800c93da7,2022-04-04,1,590,590,590
de205d27-9ec5-4151-a9e9-e4c800c93da7,2022-04-18,1,799.99,799.99,799.99
de205d27-9ec5-4151-a9e9-e4c800c93da7,2022-08-15,1,810,810,810
de205d27-9ec5-4151-a9e9-e4c800c93da7,2022-08-29,1,610,610,610
de205d27-9ec5-4151-a9e9-e4c800c93da7,2022-10-17,1,550,550,550
de205d27-9ec5-4151-a9e9-e4c800c93da7,2023-03-20,1,800,800,800
de205d27-9ec5-4151-a9e9-e4c800c93da7,2023-08-07,1,432,432,432
de205d27-9ec5-4151-a9e9-e4c800c93da7,2023-11-27,1,580,580,580
de205d27-9ec5-4151-a9e9-e4c800c93da7,2024-11-25,1,711,711,711
de205d27-9ec5-4151-a9e9-e4c800c93da7,2025-01-13,1,999.99,999.99,999.99
de205d27-9ec5-4151-a9e9-e4c800c93da7,2025-02-24,1,780,780,780
de205d27-9ec5-4151-a9e9-e4c800c93da7,2025-03-31,1,969,969,969
de205d27-9ec5-4151-a9e9-e4c800c93da7,2025-04-28,1,860,860,860
de205d27-9ec5-4151-a9e9-e4c800c93da7,2025-06-16,1,999.99,999.99,999.99
de205d27-9ec5-4151-a9e9-e4c800c93da7,2025-06-23,1,990,990,990
de205d27-9ec5-4151-a9e9-e4c800c93da7,2025-08-18,1,1350,1350,1350
de205d27-9ec5-4151-a9e9-e4c800c93da7,2025-10-06,1,1350,1350,1350
de205d27-9ec5-4151-a9e9-e4c800c93da7,2025-10-13,1,1350,1350,1350
de205d27-9ec5-4151-a9e9-e4c800c93da7,2026-02-02,1,2250,2250,2250
de205d27-9ec5-4151-a9e9-e4c800c93da7,2026-04-13,1,4550,4550,4550
de205d27-9ec5-4151-a9e9-e4c800c93da7,2026-06-08,1,6250,6250,6250
de205d27-9ec5-4151-a9e9-e4c800c93da7,2026-06-15,1,6330,6330,6330
de205d27-9ec5-4151-a9e9-e4c800c93da7,2026-07-06,1,6000,6000,6000
de205d27-9ec5-4151-a9e9-e4c800c93da7,2026-08-10,1,5700,5700,5700
de21a3b7-c7fb-4efd-9b93-a6ba7b7b5934,2022-08-22,1,29.99,29.99,29.99
de21a3b7-c7fb-4efd-9b93-a6ba7b7b5934,2023-07-17,1,25.2,25.2,25.2
de21a3b7-c7fb-4efd-9b93-a6ba7b7b5934,2024-05-13,1,41,41,41
de21a3b7-c7fb-4efd-9b93-a6ba7b7b5934,2025-03-03,1,50,50,50
de21a3b7-c7fb-4efd-9b93-a6ba7b7b5934,2026-08-10,1,142.5,142.5,142.5
de21e58c-35f8-4157-a2a2-d313f3149f45,2021-09-06,1,406.01,406.01,406.01
de21e58c-35f8-4157-a2a2-d313f3149f45,2022-09-19,1,250,250,250
de21e58c-35f8-4157-a2a2-d313f3149f45,2025-04-28,1,890,890,890
de21e58c-35f8-4157-a2a2-d313f3149f45,2025-06-02,1,2100,2100,2100
de21e58c-35f8-4157-a2a2-d313f3149f45,2026-08-24,1,78000,78000,78000
de2281d7-8147-45ea-9f40-88ca5ed416db,2021-03-22,1,300,300,300
de2281d7-8147-45ea-9f40-88ca5ed416db,2021-10-25,1,259.88,259.88,259.88
de2281d7-8147-45ea-9f40-88ca5ed416db,2022-02-28,1,207.5,207.5,207.5
de2281d7-8147-45ea-9f40-88ca5ed416db,2022-06-13,1,413.1,413.1,413.1
de2281d7-8147-45ea-9f40-88ca5ed416db,2022-07-18,1,305,305,305
de2281d7-8147-45ea-9f40-88ca5ed416db,2023-01-23,1,250,250,250
de2281d7-8147-45ea-9f40-88ca5ed416db,2024-05-20,1,440,440,440
de2281d7-8147-45ea-9f40-88ca5ed416db,2025-11-24,2,1962.44,1682.4,2242.48
de2281d7-8147-45ea-9f40-88ca5ed416db,2026-01-19,1,1475,1475,1475
de2281d7-8147-45ea-9f40-88ca5ed416db,2026-08-17,1,4150,4150,4150
de2281d7-8147-45ea-9f40-88ca5ed416db,2026-08-31,1,5800,5800,5800
de240f75-2655-450f-8963-9a89812e1067,2022-11-28,1,23.5,23.5,23.5
de240f75-2655-450f-8963-9a89812e1067,2022-12-05,1,75,75,75
de240f75-2655-450f-8963-9a89812e1067,2022-12-26,2,44,41,46.99
de240f75-2655-450f-8963-9a89812e1067,2023-01-02,1,21.51,21.51,21.51
de240f75-2655-450f-8963-9a89812e1067,2023-01-09,1,42.99,42.99,42.99
de240f75-2655-450f-8963-9a89812e1067,2023-01-16,11,18,16.8,26
de240f75-2655-450f-8963-9a89812e1067,2023-01-23,2,35,34,36
de240f75-2655-450f-8963-9a89812e1067,2023-01-30,2,36.88,24.38,49.37
de240f75-2655-450f-8963-9a89812e1067,2023-02-13,2,25.1,19.2,31
de240f75-2655-450f-8963-9a89812e1067,2023-02-20,3,31.9,21.5,31.95
de240f75-2655-450f-8963-9a89812e1067,2023-03-06,1,34,34,34
de240f75-2655-450f-8963-9a89812e1067,2023-03-13,2,45.5,31,59.99
de240f75-2655-450f-8963-9a89812e1067,2023-03-20,2,28.17,20,36.34
de240f75-2655-450f-8963-9a89812e1067,2023-03-27,3,27,21.55,28.49
de240f75-2655-450f-8963-9a89812e1067,2023-04-03,1,27.07,27.07,27.07
de240f75-2655-450f-8963-9a89812e1067,2023-04-10,2,24.03,22.06,26
de240f75-2655-450f-8963-9a89812e1067,2023-04-17,2,29.49,28.99,30
de240f75-2655-450f-8963-9a89812e1067,2023-04-24,1,27.99,27.99,27.99
de240f75-2655-450f-8963-9a89812e1067,2023-05-01,2,27.67,18.5,36.84
de240f75-2655-450f-8963-9a89812e1067,2023-05-08,1,29.86,29.86,29.86
de240f75-2655-450f-8963-9a89812e1067,2023-05-15,3,21.5,20,22.31
de240f75-2655-450f-8963-9a89812e1067,2023-05-22,2,17.49,15,19.99
de240f75-2655-450f-8963-9a89812e1067,2023-06-12,1,20,20,20
de240f75-2655-450f-8963-9a89812e1067,2023-06-26,1,36,36,36
de240f75-2655-450f-8963-9a89812e1067,2023-07-10,1,22.5,22.5,22.5
de240f75-2655-450f-8963-9a89812e1067,2023-07-17,2,21.81,15.6,28.02
de240f75-2655-450f-8963-9a89812e1067,2023-07-24,2,22.79,15.6,29.99
de240f75-2655-450f-8963-9a89812e1067,2023-08-28,2,36.58,25,48.15
de240f75-2655-450f-8963-9a89812e1067,2023-09-11,1,29.5,29.5,29.5
de240f75-2655-450f-8963-9a89812e1067,2023-10-23,2,20.24,19.99,20.5
de240f75-2655-450f-8963-9a89812e1067,2023-10-30,1,24,24,24
de240f75-2655-450f-8963-9a89812e1067,2023-11-06,2,19,15.5,22.5
de240f75-2655-450f-8963-9a89812e1067,2023-11-13,2,18.25,11.5,25
de240f75-2655-450f-8963-9a89812e1067,2023-11-20,1,15.5,15.5,15.5
de240f75-2655-450f-8963-9a89812e1067,2023-11-27,2,21.98,18.96,24.99
de240f75-2655-450f-8963-9a89812e1067,2023-12-11,2,32.95,28.49,37.4
de240f75-2655-450f-8963-9a89812e1067,2023-12-25,1,22.5,22.5,22.5
de240f75-2655-450f-8963-9a89812e1067,2024-01-22,1,19.99,19.99,19.99
de240f75-2655-450f-8963-9a89812e1067,2024-01-29,1,19.99,19.99,19.99
de240f75-2655-450f-8963-9a89812e1067,2024-03-04,2,26.67,9.99,43.35
de240f75-2655-450f-8963-9a89812e1067,2024-04-22,2,11.5,9.5,13.49
de240f75-2655-450f-8963-9a89812e1067,2024-04-29,1,26,26,26
de240f75-2655-450f-8963-9a89812e1067,2024-05-06,1,31.75,31.75,31.75
de240f75-2655-450f-8963-9a89812e1067,2024-05-13,1,11.42,11.42,11.42
de240f75-2655-450f-8963-9a89812e1067,2024-06-24,1,17,17,17
de240f75-2655-450f-8963-9a89812e1067,2024-07-15,1,26,26,26
de240f75-2655-450f-8963-9a89812e1067,2024-07-22,1,33.2,33.2,33.2
de240f75-2655-450f-8963-9a89812e1067,2024-07-29,2,23.5,21,26
de240f75-2655-450f-8963-9a89812e1067,2024-08-19,2,25,25,25
de240f75-2655-450f-8963-9a89812e1067,2024-08-26,2,26.99,24.99,28.99
de240f75-2655-450f-8963-9a89812e1067,2024-09-16,1,27.39,27.39,27.39
de240f75-2655-450f-8963-9a89812e1067,2024-09-30,1,18,18,18
de240f75-2655-450f-8963-9a89812e1067,2024-10-21,2,16.21,11.92,20.5
de240f75-2655-450f-8963-9a89812e1067,2024-11-04,1,20,20,20
de240f75-2655-450f-8963-9a89812e1067,2024-11-18,2,22.47,14.95,29.99
de240f75-2655-450f-8963-9a89812e1067,2024-11-25,1,9.99,9.99,9.99
de240f75-2655-450f-8963-9a89812e1067,2024-12-02,1,20.4,20.4,20.4
de240f75-2655-450f-8963-9a89812e1067,2024-12-16,2,18.02,16.8,19.25
de240f75-2655-450f-8963-9a89812e1067,2024-12-23,1,19.26,19.26,19.26
de240f75-2655-450f-8963-9a89812e1067,2025-02-17,3,25,25,28.47
de240f75-2655-450f-8963-9a89812e1067,2025-02-24,2,27.5,26,29
de240f75-2655-450f-8963-9a89812e1067,2025-03-03,4,30.18,25,99
de240f75-2655-450f-8963-9a89812e1067,2025-03-17,1,29.97,29.97,29.97
de240f75-2655-450f-8963-9a89812e1067,2025-04-07,1,29.97,29.97,29.97
de240f75-2655-450f-8963-9a89812e1067,2025-04-14,1,16.8,16.8,16.8
de240f75-2655-450f-8963-9a89812e1067,2025-04-21,1,20.5,20.5,20.5
de240f75-2655-450f-8963-9a89812e1067,2025-04-28,1,34.99,34.99,34.99
de240f75-2655-450f-8963-9a89812e1067,2025-05-05,1,38.61,38.61,38.61
de240f75-2655-450f-8963-9a89812e1067,2025-05-12,1,14.66,14.66,14.66
de240f75-2655-450f-8963-9a89812e1067,2025-05-26,1,28.95,28.95,28.95
de240f75-2655-450f-8963-9a89812e1067,2025-06-02,1,20.4,20.4,20.4
de240f75-2655-450f-8963-9a89812e1067,2025-06-16,1,64.3,64.3,64.3
de240f75-2655-450f-8963-9a89812e1067,2025-06-30,1,20.4,20.4,20.4
de240f75-2655-450f-8963-9a89812e1067,2025-07-07,2,30.34,30,30.69
de240f75-2655-450f-8963-9a89812e1067,2025-07-14,3,19.2,19.2,21.6
de240f75-2655-450f-8963-9a89812e1067,2025-07-21,1,32,32,32
de240f75-2655-450f-8963-9a89812e1067,2025-08-11,2,29.99,29.99,30
de240f75-2655-450f-8963-9a89812e1067,2025-08-18,1,26,26,26
de240f75-2655-450f-8963-9a89812e1067,2025-09-08,1,28,28,28
de240f75-2655-450f-8963-9a89812e1067,2025-09-15,3,29.5,25.2,30
de240f75-2655-450f-8963-9a89812e1067,2025-09-29,3,29.99,20.5,32
de240f75-2655-450f-8963-9a89812e1067,2025-10-06,3,22.8,18,23
de240f75-2655-450f-8963-9a89812e1067,2025-10-13,2,30.41,28,32.83
de240f75-2655-450f-8963-9a89812e1067,2025-10-20,1,25,25,25
de240f75-2655-450f-8963-9a89812e1067,2025-12-29,2,33.23,30,36.45
de240f75-2655-450f-8963-9a89812e1067,2026-01-12,1,30,30,30
de240f75-2655-450f-8963-9a89812e1067,2026-01-19,1,30,30,30
de240f75-2655-450f-8963-9a89812e1067,2026-01-26,1,35,35,35
de240f75-2655-450f-8963-9a89812e1067,2026-02-02,3,30,30,30
de240f75-2655-450f-8963-9a89812e1067,2026-02-23,2,35,33,37
de240f75-2655-450f-8963-9a89812e1067,2026-03-02,2,40.22,37.54,42.91
de240f75-2655-450f-8963-9a89812e1067,2026-03-09,3,39,34.99,44.1
de240f75-2655-450f-8963-9a89812e1067,2026-03-16,2,37.48,35,39.95
de240f75-2655-450f-8963-9a89812e1067,2026-03-23,2,38.35,36.75,39.95
de240f75-2655-450f-8963-9a89812e1067,2026-03-30,4,39.99,36.57,40
de240f75-2655-450f-8963-9a89812e1067,2026-04-06,3,35.99,32,36
de240f75-2655-450f-8963-9a89812e1067,2026-04-13,1,40,40,40
de240f75-2655-450f-8963-9a89812e1067,2026-04-20,1,38,38,38
de240f75-2655-450f-8963-9a89812e1067,2026-04-27,2,38.5,38,39
de240f75-2655-450f-8963-9a89812e1067,2026-05-04,4,36.5,23.5,43.99
de240f75-2655-450f-8963-9a89812e1067,2026-05-11,2,44.5,40,49
de240f75-2655-450f-8963-9a89812e1067,2026-05-18,3,32.99,31.5,39.6
de240f75-2655-450f-8963-9a89812e1067,2026-05-25,7,36,30,42
de240f75-2655-450f-8963-9a89812e1067,2026-06-01,1,31,31,31
de240f75-2655-450f-8963-9a89812e1067,2026-06-08,8,37.5,28,40.5
de240f75-2655-450f-8963-9a89812e1067,2026-06-15,2,38.5,38,39
de240f75-2655-450f-8963-9a89812e1067,2026-06-22,2,38.5,38,39
de240f75-2655-450f-8963-9a89812e1067,2026-06-29,2,43.5,40,47
de240f75-2655-450f-8963-9a89812e1067,2026-07-06,3,33,14.4,38.4
de240f75-2655-450f-8963-9a89812e1067,2026-07-13,2,29.5,26,33
de240f75-2655-450f-8963-9a89812e1067,2026-07-20,1,43.93,43.93,43.93
de240f75-2655-450f-8963-9a89812e1067,2026-07-27,3,26,22.5,37
de240f75-2655-450f-8963-9a89812e1067,2026-08-03,5,26,20.5,33.99
de240f75-2655-450f-8963-9a89812e1067,2026-08-10,3,33.99,22.93,33.99
de240f75-2655-450f-8963-9a89812e1067,2026-08-17,7,33.99,15.5,59
de240f75-2655-450f-8963-9a89812e1067,2026-08-24,6,28.5,20.5,60
de240f75-2655-450f-8963-9a89812e1067,2026-08-31,11,23.5,16.5,44.49
de240f75-2655-450f-8963-9a89812e1067,2026-09-07,4,35,23.5,40
de240f75-2655-450f-8963-9a89812e1067,2026-09-14,5,22.31,16.5,70
de2420f6-204c-49cd-816b-70272e675ea7,2021-04-12,1,300,300,300
de2420f6-204c-49cd-816b-70272e675ea7,2022-07-25,1,99,99,99
de2420f6-204c-49cd-816b-70272e675ea7,2022-11-21,1,122.5,122.5,122.5
de2420f6-204c-49cd-816b-70272e675ea7,2023-01-16,1,228,228,228
de2420f6-204c-49cd-816b-70272e675ea7,2023-06-26,1,210,210,210
de2420f6-204c-49cd-816b-70272e675ea7,2023-07-03,1,280.11,280.11,280.11
de2420f6-204c-49cd-816b-70272e675ea7,2023-07-31,1,240,240,240
de2420f6-204c-49cd-816b-70272e675ea7,2024-03-11,1,138.71,138.71,138.71
de2420f6-204c-49cd-816b-70272e675ea7,2024-07-01,1,275,275,275
de2420f6-204c-49cd-816b-70272e675ea7,2024-08-12,1,325.33,325.33,325.33
de2420f6-204c-49cd-816b-70272e675ea7,2024-12-09,1,399.99,399.99,399.99
de2420f6-204c-49cd-816b-70272e675ea7,2025-02-24,1,384,384,384
de2420f6-204c-49cd-816b-70272e675ea7,2025-03-24,1,340,340,340
de2420f6-204c-49cd-816b-70272e675ea7,2025-07-07,1,355,355,355
de2420f6-204c-49cd-816b-70272e675ea7,2025-07-21,1,530,530,530
de2420f6-204c-49cd-816b-70272e675ea7,2025-08-18,1,600,600,600
de2420f6-204c-49cd-816b-70272e675ea7,2025-09-08,1,850,850,850
de2420f6-204c-49cd-816b-70272e675ea7,2026-05-18,2,1762.5,1525,2000
de2420f6-204c-49cd-816b-70272e675ea7,2026-06-08,1,1525,1525,1525
de2420f6-204c-49cd-816b-70272e675ea7,2026-08-10,1,1825,1825,1825
de2420f6-204c-49cd-816b-70272e675ea7,2026-09-14,1,4299.95,4299.95,4299.95
de27ca43-2862-4584-843c-fe9a887c2533,2025-04-07,5,63,59,68
de27ca43-2862-4584-843c-fe9a887c2533,2025-04-14,3,67,66,67
de27ca43-2862-4584-843c-fe9a887c2533,2025-04-21,8,75.5,64,119
de27ca43-2862-4584-843c-fe9a887c2533,2025-04-28,5,78,50,100
de27ca43-2862-4584-843c-fe9a887c2533,2025-05-05,5,80,66,100
de27ca43-2862-4584-843c-fe9a887c2533,2025-05-12,1,100,100,100
de27ca43-2862-4584-843c-fe9a887c2533,2025-05-19,5,70,69,100
de27ca43-2862-4584-843c-fe9a887c2533,2025-05-26,4,71,68,105.99
de27ca43-2862-4584-843c-fe9a887c2533,2025-06-02,8,68,59,136.75
de27ca43-2862-4584-843c-fe9a887c2533,2025-06-09,1,100,100,100
de27ca43-2862-4584-843c-fe9a887c2533,2025-06-16,2,88,83,93
de27ca43-2862-4584-843c-fe9a887c2533,2025-06-23,3,81,35,89
de27ca43-2862-4584-843c-fe9a887c2533,2025-06-30,2,103.5,88,119
de27ca43-2862-4584-843c-fe9a887c2533,2025-07-07,2,107.5,95,119.99
de27ca43-2862-4584-843c-fe9a887c2533,2025-07-14,4,111.8,103.2,119
de27ca43-2862-4584-843c-fe9a887c2533,2025-07-21,2,134.5,131.38,137.63
de27ca43-2862-4584-843c-fe9a887c2533,2025-07-28,4,109.75,102.5,114.99
de27ca43-2862-4584-843c-fe9a887c2533,2025-08-04,2,112.5,110.5,114.5
de27ca43-2862-4584-843c-fe9a887c2533,2025-08-11,3,131.01,119.99,144.75
de27ca43-2862-4584-843c-fe9a887c2533,2025-09-01,1,192.5,192.5,192.5
de27ca43-2862-4584-843c-fe9a887c2533,2025-09-08,5,182.5,132.5,206.99
de27ca43-2862-4584-843c-fe9a887c2533,2025-09-15,4,166.38,148.5,172.5
de27ca43-2862-4584-843c-fe9a887c2533,2025-09-22,5,130.5,124.09,164.5
de27ca43-2862-4584-843c-fe9a887c2533,2025-09-29,6,127.5,107.5,156.83
de27ca43-2862-4584-843c-fe9a887c2533,2025-10-06,6,133.75,118.5,208
de27ca43-2862-4584-843c-fe9a887c2533,2025-10-13,1,110.5,110.5,110.5
de27ca43-2862-4584-843c-fe9a887c2533,2025-10-20,1,99,99,99
de27ca43-2862-4584-843c-fe9a887c2533,2025-10-27,2,100,86.5,113.5
de27ca43-2862-4584-843c-fe9a887c2533,2025-11-03,1,113.5,113.5,113.5
de27ca43-2862-4584-843c-fe9a887c2533,2025-11-10,1,80.83,80.83,80.83
de27ca43-2862-4584-843c-fe9a887c2533,2025-11-17,2,149.25,148.49,150
de27ca43-2862-4584-843c-fe9a887c2533,2025-11-24,1,79.07,79.07,79.07
de27ca43-2862-4584-843c-fe9a887c2533,2025-12-01,3,89,84,150
de27ca43-2862-4584-843c-fe9a887c2533,2025-12-08,4,90,86,180
de27ca43-2862-4584-843c-fe9a887c2533,2025-12-15,2,79,76,82
de27ca43-2862-4584-843c-fe9a887c2533,2025-12-22,2,100.56,71.13,130
de27ca43-2862-4584-843c-fe9a887c2533,2025-12-29,1,150,150,150
de27ca43-2862-4584-843c-fe9a887c2533,2026-01-12,1,93.28,93.28,93.28
de27ca43-2862-4584-843c-fe9a887c2533,2026-01-19,1,50,50,50
de27ca43-2862-4584-843c-fe9a887c2533,2026-01-26,3,93,90,130
de27ca43-2862-4584-843c-fe9a887c2533,2026-02-02,2,107.53,85.07,130
de27ca43-2862-4584-843c-fe9a887c2533,2026-02-09,2,96.5,83,110
de27ca43-2862-4584-843c-fe9a887c2533,2026-02-16,2,110.78,96.55,125
de27ca43-2862-4584-843c-fe9a887c2533,2026-03-02,2,125,125,125
de27ca43-2862-4584-843c-fe9a887c2533,2026-03-09,1,93.88,93.88,93.88
de27ca43-2862-4584-843c-fe9a887c2533,2026-03-23,1,72.5,72.5,72.5
de27ca43-2862-4584-843c-fe9a887c2533,2026-03-30,2,141.25,112.5,170
de27ca43-2862-4584-843c-fe9a887c2533,2026-04-06,2,140,130,150
de27ca43-2862-4584-843c-fe9a887c2533,2026-04-13,1,150,150,150
de27ca43-2862-4584-843c-fe9a887c2533,2026-04-20,1,127.5,127.5,127.5
de27ca43-2862-4584-843c-fe9a887c2533,2026-04-27,1,52,52,52
de27ca43-2862-4584-843c-fe9a887c2533,2026-05-04,1,96,96,96
de27ca43-2862-4584-843c-fe9a887c2533,2026-05-11,2,130,100,160
de27ca43-2862-4584-843c-fe9a887c2533,2026-05-25,3,120.9,60,131.9
de27ca43-2862-4584-843c-fe9a887c2533,2026-06-01,6,149,105.53,219.9
de27ca43-2862-4584-843c-fe9a887c2533,2026-06-08,3,149,129.99,149
de27ca43-2862-4584-843c-fe9a887c2533,2026-06-15,1,121.84,121.84,121.84
de27ca43-2862-4584-843c-fe9a887c2533,2026-06-22,2,81.23,68,94.46
de27ca43-2862-4584-843c-fe9a887c2533,2026-07-06,4,84.31,77.83,135
de27ca43-2862-4584-843c-fe9a887c2533,2026-07-13,3,87.93,76.67,139.99
de27ca43-2862-4584-843c-fe9a887c2533,2026-07-20,5,98.51,87.2,144.99
de27ca43-2862-4584-843c-fe9a887c2533,2026-07-27,1,129.99,129.99,129.99
de27ca43-2862-4584-843c-fe9a887c2533,2026-08-03,2,91.57,87.2,95.94
de27ca43-2862-4584-843c-fe9a887c2533,2026-08-10,1,110,110,110
de27ca43-2862-4584-843c-fe9a887c2533,2026-08-17,3,127,125,230
de27ca43-2862-4584-843c-fe9a887c2533,2026-08-24,2,86.46,84.65,88.26
de27ca43-2862-4584-843c-fe9a887c2533,2026-08-31,3,114.5,57,130
de2a4255-d270-42be-b29f-5f959b8bb1bc,2024-08-12,2,85.7,82.37,89.03
de2a4255-d270-42be-b29f-5f959b8bb1bc,2025-06-16,1,161.66,161.66,161.66
de2b36b4-03cc-440d-bb1f-43287f198d75,2021-05-24,1,700,700,700
de2b36b4-03cc-440d-bb1f-43287f198d75,2021-06-28,1,1184,1184,1184
de2b36b4-03cc-440d-bb1f-43287f198d75,2021-08-30,1,950,950,950
de2b36b4-03cc-440d-bb1f-43287f198d75,2021-11-01,1,890,890,890
de2b36b4-03cc-440d-bb1f-43287f198d75,2021-11-22,1,1125,1125,1125
de2b36b4-03cc-440d-bb1f-43287f198d75,2022-11-07,1,1276.66,1276.66,1276.66
de2b36b4-03cc-440d-bb1f-43287f198d75,2022-11-28,1,1200,1200,1200
de2b36b4-03cc-440d-bb1f-43287f198d75,2022-12-26,1,1770,1770,1770
de2b36b4-03cc-440d-bb1f-43287f198d75,2023-02-20,1,1915.77,1915.77,1915.77
de2b36b4-03cc-440d-bb1f-43287f198d75,2023-03-27,1,1800,1800,1800
de2b36b4-03cc-440d-bb1f-43287f198d75,2023-05-01,1,1860,1860,1860
de2b36b4-03cc-440d-bb1f-43287f198d75,2023-06-26,1,2000,2000,2000
de2b36b4-03cc-440d-bb1f-43287f198d75,2023-07-31,1,2283.47,2283.47,2283.47
de2b36b4-03cc-440d-bb1f-43287f198d75,2023-08-28,1,2040,2040,2040
de2b36b4-03cc-440d-bb1f-43287f198d75,2023-09-04,1,1975,1975,1975
de2b36b4-03cc-440d-bb1f-43287f198d75,2024-03-18,1,1770,1770,1770
de2b36b4-03cc-440d-bb1f-43287f198d75,2024-03-25,1,1650,1650,1650
de2b36b4-03cc-440d-bb1f-43287f198d75,2024-05-13,1,1410,1410,1410
de2b36b4-03cc-440d-bb1f-43287f198d75,2024-06-24,1,1320,1320,1320
de2b36b4-03cc-440d-bb1f-43287f198d75,2024-07-01,1,1305,1305,1305
de2b36b4-03cc-440d-bb1f-43287f198d75,2024-07-29,1,1410,1410,1410
de2b36b4-03cc-440d-bb1f-43287f198d75,2024-08-19,1,1350,1350,1350
de2b36b4-03cc-440d-bb1f-43287f198d75,2024-09-09,1,1350,1350,1350
de2b36b4-03cc-440d-bb1f-43287f198d75,2024-09-16,1,1303.73,1303.73,1303.73
de2b36b4-03cc-440d-bb1f-43287f198d75,2024-10-28,1,1170,1170,1170
de2b36b4-03cc-440d-bb1f-43287f198d75,2024-11-04,1,1170,1170,1170
de2b36b4-03cc-440d-bb1f-43287f198d75,2024-11-11,1,1170,1170,1170
de2b36b4-03cc-440d-bb1f-43287f198d75,2024-11-25,4,1065,1020,1080
de2b36b4-03cc-440d-bb1f-43287f198d75,2024-12-02,1,1125,1125,1125
de2b36b4-03cc-440d-bb1f-43287f198d75,2024-12-16,1,990,990,990
de2b36b4-03cc-440d-bb1f-43287f198d75,2024-12-23,1,960,960,960
de2b36b4-03cc-440d-bb1f-43287f198d75,2025-01-13,1,1150,1150,1150
de2b36b4-03cc-440d-bb1f-43287f198d75,2025-02-03,1,930,930,930
de2b36b4-03cc-440d-bb1f-43287f198d75,2025-02-10,1,930,930,930
de2b36b4-03cc-440d-bb1f-43287f198d75,2025-03-31,1,1500,1500,1500
de2b36b4-03cc-440d-bb1f-43287f198d75,2025-04-14,1,1200,1200,1200
de2b36b4-03cc-440d-bb1f-43287f198d75,2025-06-09,1,1500,1500,1500
de2b36b4-03cc-440d-bb1f-43287f198d75,2025-06-16,1,1530,1530,1530
de2b36b4-03cc-440d-bb1f-43287f198d75,2025-06-23,2,1620,1590,1650
de2b36b4-03cc-440d-bb1f-43287f198d75,2025-07-21,2,1987,1975,1999
de2b36b4-03cc-440d-bb1f-43287f198d75,2025-10-06,1,2700,2700,2700
de2b36b4-03cc-440d-bb1f-43287f198d75,2025-10-20,1,1250,1250,1250
de2b36b4-03cc-440d-bb1f-43287f198d75,2026-01-05,2,3174.99,2349.99,4000
de2b36b4-03cc-440d-bb1f-43287f198d75,2026-03-02,1,4250,4250,4250
de2b36b4-03cc-440d-bb1f-43287f198d75,2026-03-23,1,8654.6,8654.6,8654.6
de2b36b4-03cc-440d-bb1f-43287f198d75,2026-04-13,1,8400,8400,8400
de2b36b4-03cc-440d-bb1f-43287f198d75,2026-05-11,1,12999.99,12999.99,12999.99
de2b36b4-03cc-440d-bb1f-43287f198d75,2026-05-18,1,12650,12650,12650
de2b36b4-03cc-440d-bb1f-43287f198d75,2026-06-22,2,13999.49,12999.99,14999
de2b36b4-03cc-440d-bb1f-43287f198d75,2026-07-06,1,15000,15000,15000
de2b36b4-03cc-440d-bb1f-43287f198d75,2026-07-13,1,14300,14300,14300
de2b36b4-03cc-440d-bb1f-43287f198d75,2026-08-03,1,14150,14150,14150
de2d5dea-fd11-4a60-809c-ffb933c6802e,2025-03-03,1,76,76,76
de2d5dea-fd11-4a60-809c-ffb933c6802e,2025-04-28,1,28,28,28
de2d5dea-fd11-4a60-809c-ffb933c6802e,2025-05-26,1,41,41,41
de2d5dea-fd11-4a60-809c-ffb933c6802e,2025-10-06,1,57,57,57
de2d5dea-fd11-4a60-809c-ffb933c6802e,2026-01-12,1,40,40,40
de2d5dea-fd11-4a60-809c-ffb933c6802e,2026-01-19,1,64.99,64.99,64.99
de2d5dea-fd11-4a60-809c-ffb933c6802e,2026-02-09,1,41,41,41
de2d5dea-fd11-4a60-809c-ffb933c6802e,2026-04-06,3,84,57,85
de2d5dea-fd11-4a60-809c-ffb933c6802e,2026-05-18,1,99,99,99
de2d5dea-fd11-4a60-809c-ffb933c6802e,2026-07-13,1,111,111,111
de2d5dea-fd11-4a60-809c-ffb933c6802e,2026-07-20,1,133.5,133.5,133.5
de2ec9d9-31f8-40eb-83f0-2bb62b87666d,2021-11-15,1,199.58,199.58,199.58
de2ec9d9-31f8-40eb-83f0-2bb62b87666d,2023-02-06,1,181.16,181.16,181.16
de2ec9d9-31f8-40eb-83f0-2bb62b87666d,2023-07-31,1,79.09,79.09,79.09
de2ec9d9-31f8-40eb-83f0-2bb62b87666d,2023-08-21,1,74.4,74.4,74.4
de2ec9d9-31f8-40eb-83f0-2bb62b87666d,2023-11-27,1,55.5,55.5,55.5
de2ec9d9-31f8-40eb-83f0-2bb62b87666d,2024-01-29,1,26.59,26.59,26.59
de2ec9d9-31f8-40eb-83f0-2bb62b87666d,2024-05-06,1,60,60,60
de2ec9d9-31f8-40eb-83f0-2bb62b87666d,2024-10-21,1,75,75,75
de2ec9d9-31f8-40eb-83f0-2bb62b87666d,2025-01-27,1,149,149,149
de2ec9d9-31f8-40eb-83f0-2bb62b87666d,2026-01-05,1,161.27,161.27,161.27
de2ec9d9-31f8-40eb-83f0-2bb62b87666d,2026-02-16,2,250,250,250
de2ec9d9-31f8-40eb-83f0-2bb62b87666d,2026-03-02,1,450,450,450
de2ec9d9-31f8-40eb-83f0-2bb62b87666d,2026-05-11,1,425,425,425
de2ec9d9-31f8-40eb-83f0-2bb62b87666d,2026-05-25,1,420,420,420
de2ec9d9-31f8-40eb-83f0-2bb62b87666d,2026-06-01,1,450,450,450
de2ec9d9-31f8-40eb-83f0-2bb62b87666d,2026-09-14,1,699,699,699
de30c5f1-03ed-4a76-895d-c8adbee9837d,2022-12-12,2,96.75,83,110.5
de30c5f1-03ed-4a76-895d-c8adbee9837d,2022-12-19,1,76,76,76
de30c5f1-03ed-4a76-895d-c8adbee9837d,2023-01-02,1,49,49,49
de30c5f1-03ed-4a76-895d-c8adbee9837d,2023-01-09,3,31,31,56
de30c5f1-03ed-4a76-895d-c8adbee9837d,2023-01-16,1,100,100,100
de30c5f1-03ed-4a76-895d-c8adbee9837d,2023-01-23,2,47.5,45,50
de30c5f1-03ed-4a76-895d-c8adbee9837d,2023-01-30,3,43,38,50
de30c5f1-03ed-4a76-895d-c8adbee9837d,2023-02-06,2,57.5,55,60
de30c5f1-03ed-4a76-895d-c8adbee9837d,2023-02-13,1,43.75,43.75,43.75
de30c5f1-03ed-4a76-895d-c8adbee9837d,2023-02-20,2,34.77,31,38.54
de30c5f1-03ed-4a76-895d-c8adbee9837d,2023-02-27,2,53.24,36.5,69.99
de30c5f1-03ed-4a76-895d-c8adbee9837d,2023-03-06,1,19.89,19.89,19.89
de30c5f1-03ed-4a76-895d-c8adbee9837d,2023-03-13,1,50,50,50
de30c5f1-03ed-4a76-895d-c8adbee9837d,2023-03-20,2,35.5,33,38
de30c5f1-03ed-4a76-895d-c8adbee9837d,2023-04-03,1,22.5,22.5,22.5
de30c5f1-03ed-4a76-895d-c8adbee9837d,2023-04-10,2,30.66,28,33.33
de30c5f1-03ed-4a76-895d-c8adbee9837d,2023-04-17,1,32,32,32
de30c5f1-03ed-4a76-895d-c8adbee9837d,2023-04-24,2,33.71,30.42,37
de30c5f1-03ed-4a76-895d-c8adbee9837d,2023-05-01,3,40,28.89,44.95
de30c5f1-03ed-4a76-895d-c8adbee9837d,2023-05-15,1,30,30,30
de30c5f1-03ed-4a76-895d-c8adbee9837d,2023-05-22,2,27.6,27.6,27.6
de30c5f1-03ed-4a76-895d-c8adbee9837d,2023-05-29,2,35.5,31,39.99
de30c5f1-03ed-4a76-895d-c8adbee9837d,2023-06-05,1,40,40,40
de30c5f1-03ed-4a76-895d-c8adbee9837d,2023-06-12,2,33,31,35
de30c5f1-03ed-4a76-895d-c8adbee9837d,2023-06-26,1,23.58,23.58,23.58
de30c5f1-03ed-4a76-895d-c8adbee9837d,2023-07-03,1,40,40,40
de30c5f1-03ed-4a76-895d-c8adbee9837d,2023-07-10,1,29.99,29.99,29.99
de30c5f1-03ed-4a76-895d-c8adbee9837d,2023-07-24,1,45,45,45
de30c5f1-03ed-4a76-895d-c8adbee9837d,2023-07-31,1,39.99,39.99,39.99
de30c5f1-03ed-4a76-895d-c8adbee9837d,2023-08-07,1,23.5,23.5,23.5
de30c5f1-03ed-4a76-895d-c8adbee9837d,2023-08-28,1,32.26,32.26,32.26
de30c5f1-03ed-4a76-895d-c8adbee9837d,2023-09-04,1,28.07,28.07,28.07
de30c5f1-03ed-4a76-895d-c8adbee9837d,2023-09-11,2,29.09,28.18,30
de30c5f1-03ed-4a76-895d-c8adbee9837d,2023-09-18,1,26.2,26.2,26.2
de30c5f1-03ed-4a76-895d-c8adbee9837d,2023-09-25,1,17.5,17.5,17.5
de30c5f1-03ed-4a76-895d-c8adbee9837d,2023-10-09,1,24.5,24.5,24.5
de30c5f1-03ed-4a76-895d-c8adbee9837d,2023-10-16,1,29,29,29
de30c5f1-03ed-4a76-895d-c8adbee9837d,2023-10-30,2,32.62,22.5,42.74
de30c5f1-03ed-4a76-895d-c8adbee9837d,2023-11-06,1,35,35,35
de30c5f1-03ed-4a76-895d-c8adbee9837d,2023-11-20,2,30,26,34
de30c5f1-03ed-4a76-895d-c8adbee9837d,2023-11-27,1,34.99,34.99,34.99
de30c5f1-03ed-4a76-895d-c8adbee9837d,2023-12-04,1,29.99,29.99,29.99
de30c5f1-03ed-4a76-895d-c8adbee9837d,2023-12-11,2,26.75,24,29.5
de30c5f1-03ed-4a76-895d-c8adbee9837d,2023-12-25,1,34.95,34.95,34.95
de30c5f1-03ed-4a76-895d-c8adbee9837d,2024-01-08,1,37.58,37.58,37.58
de30c5f1-03ed-4a76-895d-c8adbee9837d,2024-01-22,1,42.99,42.99,42.99
de30c5f1-03ed-4a76-895d-c8adbee9837d,2024-02-05,1,22,22,22
de30c5f1-03ed-4a76-895d-c8adbee9837d,2024-02-12,1,27,27,27
de30c5f1-03ed-4a76-895d-c8adbee9837d,2024-03-25,1,36,36,36
de30c5f1-03ed-4a76-895d-c8adbee9837d,2024-04-01,1,31.49,31.49,31.49
de30c5f1-03ed-4a76-895d-c8adbee9837d,2024-04-08,1,34,34,34
de30c5f1-03ed-4a76-895d-c8adbee9837d,2024-04-22,1,29,29,29
de30c5f1-03ed-4a76-895d-c8adbee9837d,2024-04-29,1,87.4,87.4,87.4
de30c5f1-03ed-4a76-895d-c8adbee9837d,2024-05-06,1,23.77,23.77,23.77
de30c5f1-03ed-4a76-895d-c8adbee9837d,2024-05-13,1,32,32,32
de30c5f1-03ed-4a76-895d-c8adbee9837d,2024-05-20,1,34.95,34.95,34.95
de30c5f1-03ed-4a76-895d-c8adbee9837d,2024-05-27,1,35,35,35
de30c5f1-03ed-4a76-895d-c8adbee9837d,2024-06-03,1,20.4,20.4,20.4
de30c5f1-03ed-4a76-895d-c8adbee9837d,2024-06-10,1,25.49,25.49,25.49
de30c5f1-03ed-4a76-895d-c8adbee9837d,2024-06-24,1,33.5,33.5,33.5
de30c5f1-03ed-4a76-895d-c8adbee9837d,2024-07-01,1,30,30,30
de30c5f1-03ed-4a76-895d-c8adbee9837d,2024-07-15,1,20,20,20
de30c5f1-03ed-4a76-895d-c8adbee9837d,2024-07-22,1,26,26,26
de30c5f1-03ed-4a76-895d-c8adbee9837d,2024-08-05,1,21.5,21.5,21.5
de30c5f1-03ed-4a76-895d-c8adbee9837d,2024-08-12,1,26,26,26
de30c5f1-03ed-4a76-895d-c8adbee9837d,2024-08-19,2,25.25,20.5,30
de30c5f1-03ed-4a76-895d-c8adbee9837d,2024-11-04,1,30,30,30
de30c5f1-03ed-4a76-895d-c8adbee9837d,2024-12-02,2,28,26,30
de30c5f1-03ed-4a76-895d-c8adbee9837d,2024-12-30,1,28,28,28
de30c5f1-03ed-4a76-895d-c8adbee9837d,2025-01-13,2,24.5,24,25
de30c5f1-03ed-4a76-895d-c8adbee9837d,2025-01-20,2,35.5,33,38
de30c5f1-03ed-4a76-895d-c8adbee9837d,2025-02-03,1,32,32,32
de30c5f1-03ed-4a76-895d-c8adbee9837d,2025-02-17,1,70,70,70
de30c5f1-03ed-4a76-895d-c8adbee9837d,2025-02-24,1,35,35,35
de30c5f1-03ed-4a76-895d-c8adbee9837d,2025-03-10,1,25.83,25.83,25.83
de30c5f1-03ed-4a76-895d-c8adbee9837d,2025-03-17,3,33,27.92,34.99
de30c5f1-03ed-4a76-895d-c8adbee9837d,2025-03-24,2,93.7,32.4,155
de30c5f1-03ed-4a76-895d-c8adbee9837d,2025-04-07,2,33,31,34.99
de30c5f1-03ed-4a76-895d-c8adbee9837d,2025-05-05,4,29.37,26.94,36
de30c5f1-03ed-4a76-895d-c8adbee9837d,2025-05-26,1,34.99,34.99,34.99
de30c5f1-03ed-4a76-895d-c8adbee9837d,2025-06-09,1,45,45,45
de30c5f1-03ed-4a76-895d-c8adbee9837d,2025-06-30,1,44,44,44
de30c5f1-03ed-4a76-895d-c8adbee9837d,2025-07-14,1,49.68,49.68,49.68
de30c5f1-03ed-4a76-895d-c8adbee9837d,2025-07-21,1,50,50,50
de30c5f1-03ed-4a76-895d-c8adbee9837d,2025-08-11,1,65.99,65.99,65.99
de30c5f1-03ed-4a76-895d-c8adbee9837d,2025-09-08,1,65,65,65
de30c5f1-03ed-4a76-895d-c8adbee9837d,2025-09-22,1,65,65,65
de30c5f1-03ed-4a76-895d-c8adbee9837d,2025-09-29,1,45,45,45
de30c5f1-03ed-4a76-895d-c8adbee9837d,2025-10-13,3,65,56.61,74.95
de30c5f1-03ed-4a76-895d-c8adbee9837d,2025-10-27,1,69,69,69
de30c5f1-03ed-4a76-895d-c8adbee9837d,2025-12-08,1,41.21,41.21,41.21
de30c5f1-03ed-4a76-895d-c8adbee9837d,2025-12-29,1,63.78,63.78,63.78
de30c5f1-03ed-4a76-895d-c8adbee9837d,2026-01-05,1,75,75,75
de30c5f1-03ed-4a76-895d-c8adbee9837d,2026-01-12,1,88.45,88.45,88.45
de30c5f1-03ed-4a76-895d-c8adbee9837d,2026-01-19,1,55,55,55
de30c5f1-03ed-4a76-895d-c8adbee9837d,2026-01-26,1,70.02,70.02,70.02
de30c5f1-03ed-4a76-895d-c8adbee9837d,2026-02-02,2,55.49,46,64.99
de30c5f1-03ed-4a76-895d-c8adbee9837d,2026-02-09,1,51,51,51
de30c5f1-03ed-4a76-895d-c8adbee9837d,2026-02-16,2,66.17,52.35,79.99
de30c5f1-03ed-4a76-895d-c8adbee9837d,2026-03-02,1,64.99,64.99,64.99
de30c5f1-03ed-4a76-895d-c8adbee9837d,2026-03-09,1,51,51,51
de30c5f1-03ed-4a76-895d-c8adbee9837d,2026-03-16,1,60,60,60
de30c5f1-03ed-4a76-895d-c8adbee9837d,2026-03-23,2,57.5,55,60
de30c5f1-03ed-4a76-895d-c8adbee9837d,2026-03-30,1,65,65,65
de30c5f1-03ed-4a76-895d-c8adbee9837d,2026-04-06,3,55,50.86,56
de30c5f1-03ed-4a76-895d-c8adbee9837d,2026-04-27,1,57,57,57
de30c5f1-03ed-4a76-895d-c8adbee9837d,2026-05-11,2,63.65,57.3,70
de30c5f1-03ed-4a76-895d-c8adbee9837d,2026-05-25,1,62,62,62
de30c5f1-03ed-4a76-895d-c8adbee9837d,2026-06-01,1,65,65,65
de30c5f1-03ed-4a76-895d-c8adbee9837d,2026-06-22,1,70.25,70.25,70.25
de30c5f1-03ed-4a76-895d-c8adbee9837d,2026-06-29,3,70,63,89.99
de30c5f1-03ed-4a76-895d-c8adbee9837d,2026-07-06,1,41,41,41
de30c5f1-03ed-4a76-895d-c8adbee9837d,2026-08-03,1,70,70,70
de30c5f1-03ed-4a76-895d-c8adbee9837d,2026-08-17,1,70,70,70
de30c5f1-03ed-4a76-895d-c8adbee9837d,2026-08-24,1,56,56,56
de31c66a-8286-49b1-a104-a96e47271e15,2025-08-11,5,36.5,23.5,47.08
de31c66a-8286-49b1-a104-a96e47271e15,2025-08-18,3,32,30,35
de31c66a-8286-49b1-a104-a96e47271e15,2025-08-25,6,32.7,23.22,44.32
de31c66a-8286-49b1-a104-a96e47271e15,2025-09-01,6,26.25,22,40
de31c66a-8286-49b1-a104-a96e47271e15,2025-09-08,2,31,31,31
de31c66a-8286-49b1-a104-a96e47271e15,2025-09-15,9,37.48,30,49.99
de31c66a-8286-49b1-a104-a96e47271e15,2025-09-22,9,33.99,26,37.2
de31c66a-8286-49b1-a104-a96e47271e15,2025-09-29,7,33,26,39.99
de31c66a-8286-49b1-a104-a96e47271e15,2025-10-06,5,30,30,36
de31c66a-8286-49b1-a104-a96e47271e15,2025-10-13,5,30,24.5,34
de31c66a-8286-49b1-a104-a96e47271e15,2025-10-20,7,31,20.5,35
de31c66a-8286-49b1-a104-a96e47271e15,2025-10-27,4,39.26,22.5,57.63
de31c66a-8286-49b1-a104-a96e47271e15,2025-11-03,4,33.7,24.5,42
de31c66a-8286-49b1-a104-a96e47271e15,2025-11-10,8,28.5,12.06,38.5
de31c66a-8286-49b1-a104-a96e47271e15,2025-11-17,5,26,12.5,31
de31c66a-8286-49b1-a104-a96e47271e15,2025-11-24,2,28.7,25,32.4
de31c66a-8286-49b1-a104-a96e47271e15,2025-12-01,2,34.5,33,36
de31c66a-8286-49b1-a104-a96e47271e15,2025-12-08,2,39.25,36.6,41.91
de31c66a-8286-49b1-a104-a96e47271e15,2025-12-15,2,29.4,28.8,30
de31c66a-8286-49b1-a104-a96e47271e15,2025-12-22,1,40,40,40
de31c66a-8286-49b1-a104-a96e47271e15,2025-12-29,5,40,33.64,41
de31c66a-8286-49b1-a104-a96e47271e15,2026-01-05,4,30,24,39
de31c66a-8286-49b1-a104-a96e47271e15,2026-01-12,3,30,30,41
de31c66a-8286-49b1-a104-a96e47271e15,2026-01-19,4,35,35,99.99
de31c66a-8286-49b1-a104-a96e47271e15,2026-01-26,3,38.99,36,38.99
de31c66a-8286-49b1-a104-a96e47271e15,2026-02-02,1,32,32,32
de31c66a-8286-49b1-a104-a96e47271e15,2026-02-09,2,26.35,25.1,27.6
de31c66a-8286-49b1-a104-a96e47271e15,2026-02-16,5,34,27.6,40
de31c66a-8286-49b1-a104-a96e47271e15,2026-02-23,2,33.3,27.6,39
de31c66a-8286-49b1-a104-a96e47271e15,2026-03-02,2,28.5,27,30
de31c66a-8286-49b1-a104-a96e47271e15,2026-03-09,5,32,31,35
de31c66a-8286-49b1-a104-a96e47271e15,2026-03-16,4,29.93,21.55,34
de31c66a-8286-49b1-a104-a96e47271e15,2026-03-23,3,26.4,19.5,29
de31c66a-8286-49b1-a104-a96e47271e15,2026-03-30,1,31.5,31.5,31.5
de31c66a-8286-49b1-a104-a96e47271e15,2026-04-06,5,35,30,40
de31c66a-8286-49b1-a104-a96e47271e15,2026-04-13,1,37,37,37
de31c66a-8286-49b1-a104-a96e47271e15,2026-04-20,6,33.5,28,40
de31c66a-8286-49b1-a104-a96e47271e15,2026-04-27,4,40.5,39.99,44.98
de31c66a-8286-49b1-a104-a96e47271e15,2026-05-04,1,40.24,40.24,40.24
de31c66a-8286-49b1-a104-a96e47271e15,2026-05-11,1,39.99,39.99,39.99
de31c66a-8286-49b1-a104-a96e47271e15,2026-05-25,3,38.6,30,49.99
de31c66a-8286-49b1-a104-a96e47271e15,2026-06-01,6,41.5,37,59.9
de31c66a-8286-49b1-a104-a96e47271e15,2026-06-22,1,15.5,15.5,15.5
de31c66a-8286-49b1-a104-a96e47271e15,2026-06-29,3,34.88,30,40
de31c66a-8286-49b1-a104-a96e47271e15,2026-07-06,1,37,37,37
de31c66a-8286-49b1-a104-a96e47271e15,2026-07-13,4,35.5,30,46.91
de31c66a-8286-49b1-a104-a96e47271e15,2026-07-20,2,38.98,28,49.95
de31c66a-8286-49b1-a104-a96e47271e15,2026-07-27,5,39,31.5,46.64
de31c66a-8286-49b1-a104-a96e47271e15,2026-08-03,3,38.5,33.83,38.6
de31c66a-8286-49b1-a104-a96e47271e15,2026-08-10,2,23.45,14.5,32.4
de31c66a-8286-49b1-a104-a96e47271e15,2026-08-17,1,23.5,23.5,23.5
de31c66a-8286-49b1-a104-a96e47271e15,2026-08-24,3,18.5,18,21.74
de34bc12-e6c7-4ca7-ac77-9922efc59e15,2021-05-24,1,124.99,124.99,124.99
de34bc12-e6c7-4ca7-ac77-9922efc59e15,2022-01-24,1,49.99,49.99,49.99
de34bc12-e6c7-4ca7-ac77-9922efc59e15,2022-08-01,1,49.44,49.44,49.44
de34bc12-e6c7-4ca7-ac77-9922efc59e15,2022-08-15,1,36,36,36
de34bc12-e6c7-4ca7-ac77-9922efc59e15,2022-10-03,1,99.99,99.99,99.99
de34bc12-e6c7-4ca7-ac77-9922efc59e15,2023-01-23,1,46.18,46.18,46.18
de34bc12-e6c7-4ca7-ac77-9922efc59e15,2023-02-13,1,72.06,72.06,72.06
de34bc12-e6c7-4ca7-ac77-9922efc59e15,2023-03-20,1,47.99,47.99,47.99
de34bc12-e6c7-4ca7-ac77-9922efc59e15,2023-06-12,1,31.9,31.9,31.9
de34bc12-e6c7-4ca7-ac77-9922efc59e15,2023-08-28,1,35.48,35.48,35.48
de34bc12-e6c7-4ca7-ac77-9922efc59e15,2023-12-11,1,21.6,21.6,21.6
de34bc12-e6c7-4ca7-ac77-9922efc59e15,2023-12-25,1,34.99,34.99,34.99
de34bc12-e6c7-4ca7-ac77-9922efc59e15,2024-02-12,2,29.99,27.99,32
de34bc12-e6c7-4ca7-ac77-9922efc59e15,2024-06-17,1,29.38,29.38,29.38
de34bc12-e6c7-4ca7-ac77-9922efc59e15,2024-08-05,1,61,61,61
de34bc12-e6c7-4ca7-ac77-9922efc59e15,2024-12-23,1,36,36,36
de34bc12-e6c7-4ca7-ac77-9922efc59e15,2025-01-20,1,21.6,21.6,21.6
de34bc12-e6c7-4ca7-ac77-9922efc59e15,2025-04-14,1,47.99,47.99,47.99
de34bc12-e6c7-4ca7-ac77-9922efc59e15,2025-08-04,1,32,32,32
de34bc12-e6c7-4ca7-ac77-9922efc59e15,2025-08-11,1,40.8,40.8,40.8
de34bc12-e6c7-4ca7-ac77-9922efc59e15,2025-09-01,3,37.2,37.2,37.2
de34bc12-e6c7-4ca7-ac77-9922efc59e15,2025-10-20,1,50,50,50
de34bc12-e6c7-4ca7-ac77-9922efc59e15,2026-05-25,1,85,85,85
de34bc12-e6c7-4ca7-ac77-9922efc59e15,2026-06-01,1,200,200,200
de34bc12-e6c7-4ca7-ac77-9922efc59e15,2026-06-15,1,200,200,200
de34fbec-4940-402a-8ee8-d4f9b87fb301,2025-12-08,1,212.5,212.5,212.5
de34fbec-4940-402a-8ee8-d4f9b87fb301,2026-08-10,1,186,186,186
de370c7f-b817-419b-a71c-637ef33b6536,2026-08-03,1,3550,3550,3550
de392a53-6a4e-4586-b5c8-27fd7872a583,2022-08-29,1,75,75,75
de392a53-6a4e-4586-b5c8-27fd7872a583,2022-11-14,1,31.69,31.69,31.69
de392a53-6a4e-4586-b5c8-27fd7872a583,2022-12-12,1,16,16,16
de392a53-6a4e-4586-b5c8-27fd7872a583,2022-12-26,1,18.27,18.27,18.27
de392a53-6a4e-4586-b5c8-27fd7872a583,2023-01-23,1,40,40,40
de392a53-6a4e-4586-b5c8-27fd7872a583,2023-03-20,1,35,35,35
de392a53-6a4e-4586-b5c8-27fd7872a583,2023-05-15,1,20.52,20.52,20.52
de392a53-6a4e-4586-b5c8-27fd7872a583,2023-08-07,1,25.2,25.2,25.2
de392a53-6a4e-4586-b5c8-27fd7872a583,2023-08-14,1,15,15,15
de392a53-6a4e-4586-b5c8-27fd7872a583,2023-10-16,1,9.51,9.51,9.51
de392a53-6a4e-4586-b5c8-27fd7872a583,2023-11-20,1,17.5,17.5,17.5
de392a53-6a4e-4586-b5c8-27fd7872a583,2023-11-27,1,25,25,25
de392a53-6a4e-4586-b5c8-27fd7872a583,2023-12-18,2,17,13.5,20.5
de392a53-6a4e-4586-b5c8-27fd7872a583,2025-01-27,1,33.97,33.97,33.97
de392a53-6a4e-4586-b5c8-27fd7872a583,2025-02-03,1,39.99,39.99,39.99
de392a53-6a4e-4586-b5c8-27fd7872a583,2025-05-12,1,40,40,40
de392a53-6a4e-4586-b5c8-27fd7872a583,2025-12-01,1,49,49,49
de392a53-6a4e-4586-b5c8-27fd7872a583,2026-01-19,1,36,36,36
de392a53-6a4e-4586-b5c8-27fd7872a583,2026-02-23,1,40,40,40
de392a53-6a4e-4586-b5c8-27fd7872a583,2026-03-30,2,40.6,37.2,44
de392a53-6a4e-4586-b5c8-27fd7872a583,2026-04-06,1,43.99,43.99,43.99
de392a53-6a4e-4586-b5c8-27fd7872a583,2026-05-04,1,49.99,49.99,49.99
de39657b-a87c-4e6f-a238-4d1a29837d10,2026-07-06,1,39.95,39.95,39.95
de3a4a7a-529a-4c9f-bb4c-24d5702d4b4f,2021-09-13,1,83,83,83
de3a4a7a-529a-4c9f-bb4c-24d5702d4b4f,2021-10-18,1,99.99,99.99,99.99
de3a4a7a-529a-4c9f-bb4c-24d5702d4b4f,2021-11-15,1,99.99,99.99,99.99
de3a4a7a-529a-4c9f-bb4c-24d5702d4b4f,2022-01-10,1,51,51,51
de3a4a7a-529a-4c9f-bb4c-24d5702d4b4f,2022-05-02,1,39.53,39.53,39.53
de3a4a7a-529a-4c9f-bb4c-24d5702d4b4f,2022-05-30,1,59,59,59
de3a4a7a-529a-4c9f-bb4c-24d5702d4b4f,2022-07-04,1,60,60,60
de3a4a7a-529a-4c9f-bb4c-24d5702d4b4f,2022-07-18,2,23.38,23.25,23.5
de3a4a7a-529a-4c9f-bb4c-24d5702d4b4f,2022-08-15,1,53,53,53
de3a4a7a-529a-4c9f-bb4c-24d5702d4b4f,2022-08-22,2,26.11,21.22,31
de3a4a7a-529a-4c9f-bb4c-24d5702d4b4f,2022-09-05,4,47.5,31.2,67
de3a4a7a-529a-4c9f-bb4c-24d5702d4b4f,2022-10-24,1,45.2,45.2,45.2
de3a4a7a-529a-4c9f-bb4c-24d5702d4b4f,2022-11-07,1,48.93,48.93,48.93
de3a4a7a-529a-4c9f-bb4c-24d5702d4b4f,2022-11-21,1,49.99,49.99,49.99
de3a4a7a-529a-4c9f-bb4c-24d5702d4b4f,2022-12-05,1,41,41,41
de3a4a7a-529a-4c9f-bb4c-24d5702d4b4f,2023-01-09,3,26.4,19.2,36
de3a4a7a-529a-4c9f-bb4c-24d5702d4b4f,2023-01-16,4,24.6,22.8,27.6
de3a4a7a-529a-4c9f-bb4c-24d5702d4b4f,2023-01-23,2,33.6,32.4,34.8
de3a4a7a-529a-4c9f-bb4c-24d5702d4b4f,2023-02-06,5,20.4,19.2,30
de3a4a7a-529a-4c9f-bb4c-24d5702d4b4f,2023-02-13,3,27.6,25.2,34
de3a4a7a-529a-4c9f-bb4c-24d5702d4b4f,2023-02-20,2,38.2,26.4,49.99
de3a4a7a-529a-4c9f-bb4c-24d5702d4b4f,2023-02-27,2,33.6,25.2,42
de3a4a7a-529a-4c9f-bb4c-24d5702d4b4f,2023-03-06,1,25.2,25.2,25.2
de3a4a7a-529a-4c9f-bb4c-24d5702d4b4f,2023-03-13,2,36.2,27.4,44.99
de3a4a7a-529a-4c9f-bb4c-24d5702d4b4f,2023-04-10,1,61,61,61
de3a4a7a-529a-4c9f-bb4c-24d5702d4b4f,2023-05-08,2,18.77,16.05,21.5
de3a4a7a-529a-4c9f-bb4c-24d5702d4b4f,2023-05-15,2,28.5,25,32
de3a4a7a-529a-4c9f-bb4c-24d5702d4b4f,2023-05-29,2,21.85,18.5,25.2
de3a4a7a-529a-4c9f-bb4c-24d5702d4b4f,2023-06-12,1,35.95,35.95,35.95
de3a4a7a-529a-4c9f-bb4c-24d5702d4b4f,2023-06-26,1,21.37,21.37,21.37
de3a4a7a-529a-4c9f-bb4c-24d5702d4b4f,2023-07-03,1,30,30,30
de3a4a7a-529a-4c9f-bb4c-24d5702d4b4f,2023-07-10,3,25.25,22,49.99
de3a4a7a-529a-4c9f-bb4c-24d5702d4b4f,2023-07-17,3,29,20.5,35
de3a4a7a-529a-4c9f-bb4c-24d5702d4b4f,2023-07-24,1,23,23,23
de3a4a7a-529a-4c9f-bb4c-24d5702d4b4f,2023-07-31,1,19.5,19.5,19.5
de3a4a7a-529a-4c9f-bb4c-24d5702d4b4f,2023-08-07,1,21.5,21.5,21.5
de3a4a7a-529a-4c9f-bb4c-24d5702d4b4f,2023-08-21,1,24.51,24.51,24.51
de3a4a7a-529a-4c9f-bb4c-24d5702d4b4f,2023-08-28,1,20.5,20.5,20.5
de3a4a7a-529a-4c9f-bb4c-24d5702d4b4f,2023-09-18,1,18.75,18.75,18.75
de3a4a7a-529a-4c9f-bb4c-24d5702d4b4f,2023-10-23,1,33,33,33
de3a4a7a-529a-4c9f-bb4c-24d5702d4b4f,2023-10-30,1,46.82,46.82,46.82
de3a4a7a-529a-4c9f-bb4c-24d5702d4b4f,2023-11-20,1,19.5,19.5,19.5
de3a4a7a-529a-4c9f-bb4c-24d5702d4b4f,2023-12-11,1,22.8,22.8,22.8
de3a4a7a-529a-4c9f-bb4c-24d5702d4b4f,2023-12-18,1,39.99,39.99,39.99
de3a4a7a-529a-4c9f-bb4c-24d5702d4b4f,2024-01-29,2,30,28,32
de3a4a7a-529a-4c9f-bb4c-24d5702d4b4f,2024-03-04,1,20,20,20
de3a4a7a-529a-4c9f-bb4c-24d5702d4b4f,2024-03-18,1,24.99,24.99,24.99
de3a4a7a-529a-4c9f-bb4c-24d5702d4b4f,2024-03-25,2,25.99,24.99,26.99
de3a4a7a-529a-4c9f-bb4c-24d5702d4b4f,2024-04-22,5,13.5,12.5,15.5
de3a4a7a-529a-4c9f-bb4c-24d5702d4b4f,2024-04-29,1,20.5,20.5,20.5
de3a4a7a-529a-4c9f-bb4c-24d5702d4b4f,2024-05-06,1,24,24,24
de3a4a7a-529a-4c9f-bb4c-24d5702d4b4f,2024-05-13,1,20.7,20.7,20.7
de3a4a7a-529a-4c9f-bb4c-24d5702d4b4f,2024-05-27,1,16.5,16.5,16.5
de3a4a7a-529a-4c9f-bb4c-24d5702d4b4f,2024-06-10,1,20.5,20.5,20.5
de3a4a7a-529a-4c9f-bb4c-24d5702d4b4f,2024-06-17,1,32.58,32.58,32.58
de3a4a7a-529a-4c9f-bb4c-24d5702d4b4f,2024-07-01,1,18.5,18.5,18.5
de3a4a7a-529a-4c9f-bb4c-24d5702d4b4f,2024-07-08,2,30.74,26.99,34.5
de3a4a7a-529a-4c9f-bb4c-24d5702d4b4f,2024-08-05,2,26.25,22.5,30
de3a4a7a-529a-4c9f-bb4c-24d5702d4b4f,2024-09-02,1,16.8,16.8,16.8
de3a4a7a-529a-4c9f-bb4c-24d5702d4b4f,2024-09-09,1,20.5,20.5,20.5
de3a4a7a-529a-4c9f-bb4c-24d5702d4b4f,2024-10-07,1,42.29,42.29,42.29
de3a4a7a-529a-4c9f-bb4c-24d5702d4b4f,2024-10-14,1,39.95,39.95,39.95
de3a4a7a-529a-4c9f-bb4c-24d5702d4b4f,2024-10-28,1,38.99,38.99,38.99
de3a4a7a-529a-4c9f-bb4c-24d5702d4b4f,2024-11-11,1,44.47,44.47,44.47
de3a4a7a-529a-4c9f-bb4c-24d5702d4b4f,2024-12-02,1,41.99,41.99,41.99
de3a4a7a-529a-4c9f-bb4c-24d5702d4b4f,2024-12-23,1,30,30,30
de3a4a7a-529a-4c9f-bb4c-24d5702d4b4f,2025-01-27,1,27.55,27.55,27.55
de3a4a7a-529a-4c9f-bb4c-24d5702d4b4f,2025-03-03,1,23.78,23.78,23.78
de3a4a7a-529a-4c9f-bb4c-24d5702d4b4f,2025-03-24,1,28,28,28
de3a4a7a-529a-4c9f-bb4c-24d5702d4b4f,2025-06-02,2,24.51,19.01,30
de3a4a7a-529a-4c9f-bb4c-24d5702d4b4f,2025-06-30,1,32,32,32
de3a4a7a-529a-4c9f-bb4c-24d5702d4b4f,2025-07-14,1,31.49,31.49,31.49
de3a4a7a-529a-4c9f-bb4c-24d5702d4b4f,2025-08-11,1,30,30,30
de3a4a7a-529a-4c9f-bb4c-24d5702d4b4f,2025-09-01,2,37.48,33,41.95
de3a4a7a-529a-4c9f-bb4c-24d5702d4b4f,2025-09-08,1,48,48,48
de3a4a7a-529a-4c9f-bb4c-24d5702d4b4f,2025-09-15,1,37.61,37.61,37.61
de3a4a7a-529a-4c9f-bb4c-24d5702d4b4f,2025-09-22,2,38.5,37,40
de3a4a7a-529a-4c9f-bb4c-24d5702d4b4f,2025-09-29,2,43.98,40,47.95
de3a4a7a-529a-4c9f-bb4c-24d5702d4b4f,2025-11-10,1,40,40,40
de3a4a7a-529a-4c9f-bb4c-24d5702d4b4f,2025-11-24,1,51,51,51
de3a4a7a-529a-4c9f-bb4c-24d5702d4b4f,2025-12-08,1,38.49,38.49,38.49
de3a4a7a-529a-4c9f-bb4c-24d5702d4b4f,2026-03-23,1,58,58,58
de3a4a7a-529a-4c9f-bb4c-24d5702d4b4f,2026-03-30,1,82.74,82.74,82.74
de3a4a7a-529a-4c9f-bb4c-24d5702d4b4f,2026-04-13,1,62,62,62
de3a4a7a-529a-4c9f-bb4c-24d5702d4b4f,2026-04-20,1,69.99,69.99,69.99
de3a4a7a-529a-4c9f-bb4c-24d5702d4b4f,2026-04-27,2,87.5,84.99,90
de3a4a7a-529a-4c9f-bb4c-24d5702d4b4f,2026-05-18,1,85,85,85
de3a4a7a-529a-4c9f-bb4c-24d5702d4b4f,2026-06-01,1,111,111,111
de3a4a7a-529a-4c9f-bb4c-24d5702d4b4f,2026-06-08,1,85,85,85
de3a4a7a-529a-4c9f-bb4c-24d5702d4b4f,2026-06-15,1,102.36,102.36,102.36
de3a4a7a-529a-4c9f-bb4c-24d5702d4b4f,2026-06-29,1,111,111,111
de3a4a7a-529a-4c9f-bb4c-24d5702d4b4f,2026-07-06,1,85,85,85
de3a4a7a-529a-4c9f-bb4c-24d5702d4b4f,2026-08-10,2,110,104.99,115
de3a4a7a-529a-4c9f-bb4c-24d5702d4b4f,2026-08-17,1,60,60,60
de3a4a7a-529a-4c9f-bb4c-24d5702d4b4f,2026-08-24,2,175,100,250
de3a4a7a-529a-4c9f-bb4c-24d5702d4b4f,2026-09-14,1,100.7,100.7,100.7
de3aaf49-6ac0-41c7-a96f-55ad3f14aad8,2022-01-10,1,260.35,260.35,260.35
de3aaf49-6ac0-41c7-a96f-55ad3f14aad8,2022-01-31,1,249.99,249.99,249.99
de3aaf49-6ac0-41c7-a96f-55ad3f14aad8,2022-07-11,1,300,300,300
de3aaf49-6ac0-41c7-a96f-55ad3f14aad8,2022-07-18,1,123.27,123.27,123.27
de3aaf49-6ac0-41c7-a96f-55ad3f14aad8,2022-11-07,1,171.5,171.5,171.5
de3aaf49-6ac0-41c7-a96f-55ad3f14aad8,2022-12-26,1,121.49,121.49,121.49
de3aaf49-6ac0-41c7-a96f-55ad3f14aad8,2023-02-27,1,198.82,198.82,198.82
de3aaf49-6ac0-41c7-a96f-55ad3f14aad8,2023-04-24,1,161.5,161.5,161.5
de3aaf49-6ac0-41c7-a96f-55ad3f14aad8,2023-06-05,1,312.05,312.05,312.05
de3aaf49-6ac0-41c7-a96f-55ad3f14aad8,2023-10-30,1,152.5,152.5,152.5
de3aaf49-6ac0-41c7-a96f-55ad3f14aad8,2023-12-25,1,274.89,274.89,274.89
de3aaf49-6ac0-41c7-a96f-55ad3f14aad8,2024-01-29,1,274.89,274.89,274.89
de3aaf49-6ac0-41c7-a96f-55ad3f14aad8,2024-03-18,1,225,225,225
de3aaf49-6ac0-41c7-a96f-55ad3f14aad8,2024-04-08,1,202,202,202
de3aaf49-6ac0-41c7-a96f-55ad3f14aad8,2024-05-27,1,125.28,125.28,125.28
de3aaf49-6ac0-41c7-a96f-55ad3f14aad8,2024-10-21,1,114.5,114.5,114.5
de3aaf49-6ac0-41c7-a96f-55ad3f14aad8,2025-04-14,1,279,279,279
de3aaf49-6ac0-41c7-a96f-55ad3f14aad8,2025-09-01,1,450,450,450
de3aaf49-6ac0-41c7-a96f-55ad3f14aad8,2026-01-19,1,400,400,400
de3aaf49-6ac0-41c7-a96f-55ad3f14aad8,2026-03-02,1,450,450,450
de3aaf49-6ac0-41c7-a96f-55ad3f14aad8,2026-03-09,1,1499,1499,1499
de3aaf49-6ac0-41c7-a96f-55ad3f14aad8,2026-03-16,1,525,525,525
de3aaf49-6ac0-41c7-a96f-55ad3f14aad8,2026-04-06,1,660,660,660
de3aaf49-6ac0-41c7-a96f-55ad3f14aad8,2026-04-20,1,560,560,560
de3aaf49-6ac0-41c7-a96f-55ad3f14aad8,2026-05-11,1,850,850,850
de3aaf49-6ac0-41c7-a96f-55ad3f14aad8,2026-06-15,1,720,720,720
de3aaf49-6ac0-41c7-a96f-55ad3f14aad8,2026-07-27,1,780,780,780
de3aaf49-6ac0-41c7-a96f-55ad3f14aad8,2026-09-07,1,660,660,660
de3e573e-0bf5-4b3a-b49e-551e4bae1d83,2026-08-17,1,81.75,81.75,81.75
de425986-9934-454b-9cf8-4a7c227e3bc4,2023-09-11,1,79.99,79.99,79.99
de425986-9934-454b-9cf8-4a7c227e3bc4,2024-03-25,1,43.58,43.58,43.58
de425986-9934-454b-9cf8-4a7c227e3bc4,2025-01-13,1,175,175,175
de425986-9934-454b-9cf8-4a7c227e3bc4,2025-03-31,1,61,61,61
de425986-9934-454b-9cf8-4a7c227e3bc4,2025-08-04,1,154.99,154.99,154.99
de425986-9934-454b-9cf8-4a7c227e3bc4,2025-09-01,1,155,155,155
de425986-9934-454b-9cf8-4a7c227e3bc4,2025-10-13,1,144,144,144
de425986-9934-454b-9cf8-4a7c227e3bc4,2025-11-17,1,98.4,98.4,98.4
de425986-9934-454b-9cf8-4a7c227e3bc4,2026-01-05,1,185.99,185.99,185.99
de425986-9934-454b-9cf8-4a7c227e3bc4,2026-03-16,1,204,204,204
de425986-9934-454b-9cf8-4a7c227e3bc4,2026-07-20,1,380,380,380
de425986-9934-454b-9cf8-4a7c227e3bc4,2026-08-31,1,450,450,450
de437d47-1340-42b4-8506-50965eed394d,2021-07-26,1,38,38,38
de437d47-1340-42b4-8506-50965eed394d,2021-11-22,1,30,30,30
de437d47-1340-42b4-8506-50965eed394d,2022-01-31,1,26,26,26
de437d47-1340-42b4-8506-50965eed394d,2022-02-07,1,27.01,27.01,27.01
de437d47-1340-42b4-8506-50965eed394d,2022-03-28,1,25,25,25
de437d47-1340-42b4-8506-50965eed394d,2022-06-06,1,22.99,22.99,22.99
de437d47-1340-42b4-8506-50965eed394d,2022-06-20,1,15,15,15
de437d47-1340-42b4-8506-50965eed394d,2022-06-27,1,20.5,20.5,20.5
de437d47-1340-42b4-8506-50965eed394d,2022-10-03,1,40,40,40
de437d47-1340-42b4-8506-50965eed394d,2022-10-17,1,14.85,14.85,14.85
de437d47-1340-42b4-8506-50965eed394d,2022-11-28,1,30.1,30.1,30.1
de437d47-1340-42b4-8506-50965eed394d,2023-04-03,1,28,28,28
de437d47-1340-42b4-8506-50965eed394d,2023-06-12,1,11.5,11.5,11.5
de437d47-1340-42b4-8506-50965eed394d,2023-07-10,1,9.5,9.5,9.5
de437d47-1340-42b4-8506-50965eed394d,2024-07-08,1,28.43,28.43,28.43
de437d47-1340-42b4-8506-50965eed394d,2026-06-29,1,20,20,20
de46901a-369a-4ef0-b122-68c06a520bbb,2025-04-28,1,51,51,51
de46901a-369a-4ef0-b122-68c06a520bbb,2025-05-05,3,54.98,45,55
de46901a-369a-4ef0-b122-68c06a520bbb,2025-05-12,1,35,35,35
de46901a-369a-4ef0-b122-68c06a520bbb,2025-05-19,4,41,25.97,50
de46901a-369a-4ef0-b122-68c06a520bbb,2025-05-26,4,43.5,36.93,54
de46901a-369a-4ef0-b122-68c06a520bbb,2025-06-02,2,41,39,43
de46901a-369a-4ef0-b122-68c06a520bbb,2025-06-09,4,41.5,31,45
de46901a-369a-4ef0-b122-68c06a520bbb,2025-06-16,2,51.5,43,59.99
de46901a-369a-4ef0-b122-68c06a520bbb,2025-06-30,6,44.55,35,59
de46901a-369a-4ef0-b122-68c06a520bbb,2025-07-07,3,41,40,48.76
de46901a-369a-4ef0-b122-68c06a520bbb,2025-07-14,4,35.78,29,40.5
de46901a-369a-4ef0-b122-68c06a520bbb,2025-07-21,3,39.99,30,39.99
de46901a-369a-4ef0-b122-68c06a520bbb,2025-07-28,2,38.5,37,39.99
de46901a-369a-4ef0-b122-68c06a520bbb,2025-08-04,2,56.34,35,77.68
de46901a-369a-4ef0-b122-68c06a520bbb,2025-08-11,2,39.5,37,42
de46901a-369a-4ef0-b122-68c06a520bbb,2025-08-18,3,44.99,35,45
de46901a-369a-4ef0-b122-68c06a520bbb,2025-08-25,5,40.5,37.75,58.73
de46901a-369a-4ef0-b122-68c06a520bbb,2025-09-01,2,45.5,45,45.99
de46901a-369a-4ef0-b122-68c06a520bbb,2025-09-08,4,44.47,41,52
de46901a-369a-4ef0-b122-68c06a520bbb,2025-09-15,3,42,41,48.99
de46901a-369a-4ef0-b122-68c06a520bbb,2025-09-22,7,53,34,59.99
de46901a-369a-4ef0-b122-68c06a520bbb,2025-09-29,5,53,49.2,64.99
de46901a-369a-4ef0-b122-68c06a520bbb,2025-10-06,4,62,56,65
de46901a-369a-4ef0-b122-68c06a520bbb,2025-10-13,2,62.49,60,64.99
de46901a-369a-4ef0-b122-68c06a520bbb,2025-10-20,3,61,52,69.95
de46901a-369a-4ef0-b122-68c06a520bbb,2025-10-27,3,62,54.99,62.4
de46901a-369a-4ef0-b122-68c06a520bbb,2025-11-03,2,58,51.01,65
de46901a-369a-4ef0-b122-68c06a520bbb,2025-11-10,2,50.94,50.87,51
de46901a-369a-4ef0-b122-68c06a520bbb,2025-11-17,1,46,46,46
de46901a-369a-4ef0-b122-68c06a520bbb,2025-11-24,1,65,65,65
de46901a-369a-4ef0-b122-68c06a520bbb,2025-12-01,3,41,41,41
de46901a-369a-4ef0-b122-68c06a520bbb,2025-12-15,1,40,40,40
de46901a-369a-4ef0-b122-68c06a520bbb,2025-12-22,1,57.99,57.99,57.99
de46901a-369a-4ef0-b122-68c06a520bbb,2025-12-29,3,50,40.8,70
de46901a-369a-4ef0-b122-68c06a520bbb,2026-01-05,1,57,57,57
de46901a-369a-4ef0-b122-68c06a520bbb,2026-01-12,5,52,41,60
de46901a-369a-4ef0-b122-68c06a520bbb,2026-02-02,2,56.53,45,68.06
de46901a-369a-4ef0-b122-68c06a520bbb,2026-02-09,2,34,25,43
de46901a-369a-4ef0-b122-68c06a520bbb,2026-02-16,2,46,44,47.99
de46901a-369a-4ef0-b122-68c06a520bbb,2026-02-23,3,48.98,28,50
de46901a-369a-4ef0-b122-68c06a520bbb,2026-03-02,3,48.99,45.6,55
de46901a-369a-4ef0-b122-68c06a520bbb,2026-03-09,3,45,45,59.99
de46901a-369a-4ef0-b122-68c06a520bbb,2026-03-16,5,46,36,54
de46901a-369a-4ef0-b122-68c06a520bbb,2026-03-23,1,65.92,65.92,65.92
de46901a-369a-4ef0-b122-68c06a520bbb,2026-03-30,6,48.4,43,70
de46901a-369a-4ef0-b122-68c06a520bbb,2026-04-06,3,46,45,52.8
de46901a-369a-4ef0-b122-68c06a520bbb,2026-04-13,2,48.77,41,56.54
de46901a-369a-4ef0-b122-68c06a520bbb,2026-04-20,4,47,41,64.39
de46901a-369a-4ef0-b122-68c06a520bbb,2026-04-27,1,67.95,67.95,67.95
de46901a-369a-4ef0-b122-68c06a520bbb,2026-05-04,3,50,40,56
de46901a-369a-4ef0-b122-68c06a520bbb,2026-05-11,3,59,50,59.99
de46901a-369a-4ef0-b122-68c06a520bbb,2026-05-18,4,51.5,50,59
de46901a-369a-4ef0-b122-68c06a520bbb,2026-05-25,3,60,59.99,67
de46901a-369a-4ef0-b122-68c06a520bbb,2026-06-01,6,62,58,86.03
de46901a-369a-4ef0-b122-68c06a520bbb,2026-06-08,3,69.95,65,72.99
de46901a-369a-4ef0-b122-68c06a520bbb,2026-06-15,4,68.5,65,70
de46901a-369a-4ef0-b122-68c06a520bbb,2026-06-22,4,66.94,54,70.26
de46901a-369a-4ef0-b122-68c06a520bbb,2026-07-06,1,65,65,65
de46901a-369a-4ef0-b122-68c06a520bbb,2026-07-13,3,57.99,54.99,60
de46901a-369a-4ef0-b122-68c06a520bbb,2026-07-20,2,78,76,80
de46901a-369a-4ef0-b122-68c06a520bbb,2026-08-03,3,53.55,50.22,60
de46901a-369a-4ef0-b122-68c06a520bbb,2026-08-10,4,62.5,60,69.99
de46901a-369a-4ef0-b122-68c06a520bbb,2026-08-17,2,73.5,72,75
de46901a-369a-4ef0-b122-68c06a520bbb,2026-08-24,5,89.99,70,102.5
de46901a-369a-4ef0-b122-68c06a520bbb,2026-08-31,2,84.97,80,89.95
de4dd1ac-ba4b-4699-b01f-e0cccc8c0cf2,2025-03-03,4,362.5,315,425
de4dd1ac-ba4b-4699-b01f-e0cccc8c0cf2,2025-03-10,4,360,300,365
de4dd1ac-ba4b-4699-b01f-e0cccc8c0cf2,2025-03-17,3,344.99,335,350
de4dd1ac-ba4b-4699-b01f-e0cccc8c0cf2,2025-03-24,1,380,380,380
de4dd1ac-ba4b-4699-b01f-e0cccc8c0cf2,2025-03-31,1,360,360,360
de4dd1ac-ba4b-4699-b01f-e0cccc8c0cf2,2025-04-07,4,302.5,250,380
de4dd1ac-ba4b-4699-b01f-e0cccc8c0cf2,2025-04-14,1,299,299,299
de4dd1ac-ba4b-4699-b01f-e0cccc8c0cf2,2025-04-21,3,330,260,350
de4dd1ac-ba4b-4699-b01f-e0cccc8c0cf2,2025-04-28,1,315,315,315
de4dd1ac-ba4b-4699-b01f-e0cccc8c0cf2,2025-05-05,2,286.5,285,288
de4dd1ac-ba4b-4699-b01f-e0cccc8c0cf2,2025-05-12,5,310,245.29,319.99
de4dd1ac-ba4b-4699-b01f-e0cccc8c0cf2,2025-05-19,2,302.5,280,325
de4dd1ac-ba4b-4699-b01f-e0cccc8c0cf2,2025-05-26,4,275,250,305
de4dd1ac-ba4b-4699-b01f-e0cccc8c0cf2,2025-06-02,2,285,270,300
de4dd1ac-ba4b-4699-b01f-e0cccc8c0cf2,2025-06-09,3,281.01,266,290
de4dd1ac-ba4b-4699-b01f-e0cccc8c0cf2,2025-06-16,1,280,280,280
de4dd1ac-ba4b-4699-b01f-e0cccc8c0cf2,2025-06-23,2,261.5,261,262
de4dd1ac-ba4b-4699-b01f-e0cccc8c0cf2,2025-06-30,4,276.98,260,290
de4dd1ac-ba4b-4699-b01f-e0cccc8c0cf2,2025-07-07,6,282.5,260,299
de4dd1ac-ba4b-4699-b01f-e0cccc8c0cf2,2025-07-14,1,275,275,275
de4dd1ac-ba4b-4699-b01f-e0cccc8c0cf2,2025-07-21,1,255,255,255
de4dd1ac-ba4b-4699-b01f-e0cccc8c0cf2,2025-07-28,6,275,270,300
de4dd1ac-ba4b-4699-b01f-e0cccc8c0cf2,2025-08-04,2,264,228,300
de4dd1ac-ba4b-4699-b01f-e0cccc8c0cf2,2025-08-11,4,300,250.5,300
de4dd1ac-ba4b-4699-b01f-e0cccc8c0cf2,2025-08-18,3,315,300,361.63
de4dd1ac-ba4b-4699-b01f-e0cccc8c0cf2,2025-08-25,4,340,320,394.49
de4dd1ac-ba4b-4699-b01f-e0cccc8c0cf2,2025-09-01,4,372.5,361,399.99
de4dd1ac-ba4b-4699-b01f-e0cccc8c0cf2,2025-09-08,3,390,374,499
de4dd1ac-ba4b-4699-b01f-e0cccc8c0cf2,2025-09-15,4,400,380,420
de4dd1ac-ba4b-4699-b01f-e0cccc8c0cf2,2025-09-22,3,455,450,480
de4dd1ac-ba4b-4699-b01f-e0cccc8c0cf2,2025-10-06,3,465,350,541
de4dd1ac-ba4b-4699-b01f-e0cccc8c0cf2,2025-10-13,3,555.55,420,820
de4dd1ac-ba4b-4699-b01f-e0cccc8c0cf2,2025-10-20,2,515,510,520
de4dd1ac-ba4b-4699-b01f-e0cccc8c0cf2,2025-11-03,3,475,430,540
de4dd1ac-ba4b-4699-b01f-e0cccc8c0cf2,2025-11-10,1,570,570,570
de4dd1ac-ba4b-4699-b01f-e0cccc8c0cf2,2025-11-17,2,392.21,384.43,399.99
de4dd1ac-ba4b-4699-b01f-e0cccc8c0cf2,2025-11-24,2,316.75,283.5,350
de4dd1ac-ba4b-4699-b01f-e0cccc8c0cf2,2025-12-01,1,348,348,348
de4dd1ac-ba4b-4699-b01f-e0cccc8c0cf2,2025-12-08,1,340,340,340
de4dd1ac-ba4b-4699-b01f-e0cccc8c0cf2,2025-12-15,1,355,355,355
de4dd1ac-ba4b-4699-b01f-e0cccc8c0cf2,2025-12-22,1,371,371,371
de4dd1ac-ba4b-4699-b01f-e0cccc8c0cf2,2025-12-29,3,350,276,400
de4dd1ac-ba4b-4699-b01f-e0cccc8c0cf2,2026-01-05,1,420,420,420
de4dd1ac-ba4b-4699-b01f-e0cccc8c0cf2,2026-01-12,4,382.5,355,400
de4dd1ac-ba4b-4699-b01f-e0cccc8c0cf2,2026-01-19,3,350,348,370
de4dd1ac-ba4b-4699-b01f-e0cccc8c0cf2,2026-01-26,5,370,319,400
de4dd1ac-ba4b-4699-b01f-e0cccc8c0cf2,2026-02-02,3,375,360,445
de4dd1ac-ba4b-4699-b01f-e0cccc8c0cf2,2026-02-09,3,350,320,370
de4dd1ac-ba4b-4699-b01f-e0cccc8c0cf2,2026-02-16,2,400,400,400
de4dd1ac-ba4b-4699-b01f-e0cccc8c0cf2,2026-02-23,1,419.99,419.99,419.99
de4dd1ac-ba4b-4699-b01f-e0cccc8c0cf2,2026-03-02,1,324,324,324
de4dd1ac-ba4b-4699-b01f-e0cccc8c0cf2,2026-03-09,4,487.5,400,600
de4dd1ac-ba4b-4699-b01f-e0cccc8c0cf2,2026-03-16,3,700,455.44,700
de4dd1ac-ba4b-4699-b01f-e0cccc8c0cf2,2026-03-23,2,466.92,372,561.84
de4dd1ac-ba4b-4699-b01f-e0cccc8c0cf2,2026-03-30,5,750,450,799.99
de4dd1ac-ba4b-4699-b01f-e0cccc8c0cf2,2026-04-06,1,599.99,599.99,599.99
de4dd1ac-ba4b-4699-b01f-e0cccc8c0cf2,2026-04-13,3,690,660,740
de4dd1ac-ba4b-4699-b01f-e0cccc8c0cf2,2026-04-20,3,660,540,676.6
de4dd1ac-ba4b-4699-b01f-e0cccc8c0cf2,2026-04-27,2,626.27,560,692.55
de4dd1ac-ba4b-4699-b01f-e0cccc8c0cf2,2026-05-04,2,700,680,720
de4dd1ac-ba4b-4699-b01f-e0cccc8c0cf2,2026-05-11,2,650,600,700
de4dd1ac-ba4b-4699-b01f-e0cccc8c0cf2,2026-05-18,1,640,640,640
de4dd1ac-ba4b-4699-b01f-e0cccc8c0cf2,2026-05-25,2,705,690,720
de4dd1ac-ba4b-4699-b01f-e0cccc8c0cf2,2026-06-01,3,675,630,721
de4dd1ac-ba4b-4699-b01f-e0cccc8c0cf2,2026-06-08,5,730,710,745
de4dd1ac-ba4b-4699-b01f-e0cccc8c0cf2,2026-06-22,2,784,749.99,818
de4dd1ac-ba4b-4699-b01f-e0cccc8c0cf2,2026-07-06,2,770,750,790
de4dd1ac-ba4b-4699-b01f-e0cccc8c0cf2,2026-07-13,2,803,795,811
de4dd1ac-ba4b-4699-b01f-e0cccc8c0cf2,2026-07-20,3,800,800,820
de4dd1ac-ba4b-4699-b01f-e0cccc8c0cf2,2026-07-27,1,900,900,900
de4dd1ac-ba4b-4699-b01f-e0cccc8c0cf2,2026-08-03,3,636,636,854.97
de4dd1ac-ba4b-4699-b01f-e0cccc8c0cf2,2026-08-24,5,760,696,795
de4dd1ac-ba4b-4699-b01f-e0cccc8c0cf2,2026-08-31,3,770,700,799.99
de53f4bf-1ec9-4014-8911-5723e447ae93,2022-01-31,1,24.5,24.5,24.5
de53f4bf-1ec9-4014-8911-5723e447ae93,2022-11-21,1,49,49,49
de53f4bf-1ec9-4014-8911-5723e447ae93,2023-04-10,1,21.5,21.5,21.5
de53f4bf-1ec9-4014-8911-5723e447ae93,2023-04-24,1,30,30,30
de53f4bf-1ec9-4014-8911-5723e447ae93,2023-06-12,1,45,45,45
de53f4bf-1ec9-4014-8911-5723e447ae93,2023-10-02,1,24.51,24.51,24.51
de53f4bf-1ec9-4014-8911-5723e447ae93,2023-10-23,1,43.11,43.11,43.11
de53f4bf-1ec9-4014-8911-5723e447ae93,2023-11-20,1,45,45,45
de53f4bf-1ec9-4014-8911-5723e447ae93,2024-01-01,1,29,29,29
de53f4bf-1ec9-4014-8911-5723e447ae93,2024-03-11,1,46,46,46
de53f4bf-1ec9-4014-8911-5723e447ae93,2024-05-06,1,23.27,23.27,23.27
de53f4bf-1ec9-4014-8911-5723e447ae93,2024-08-19,1,15.5,15.5,15.5
de53f4bf-1ec9-4014-8911-5723e447ae93,2024-10-14,1,29.99,29.99,29.99
de53f4bf-1ec9-4014-8911-5723e447ae93,2024-11-25,1,13.5,13.5,13.5
de53f4bf-1ec9-4014-8911-5723e447ae93,2024-12-30,1,32,32,32
de53f4bf-1ec9-4014-8911-5723e447ae93,2025-05-12,1,29.55,29.55,29.55
de53f4bf-1ec9-4014-8911-5723e447ae93,2025-07-07,1,23,23,23
de53f4bf-1ec9-4014-8911-5723e447ae93,2025-08-25,1,38.24,38.24,38.24
de53f4bf-1ec9-4014-8911-5723e447ae93,2025-09-15,1,31.49,31.49,31.49
de53f4bf-1ec9-4014-8911-5723e447ae93,2025-09-29,1,27,27,27
de53f4bf-1ec9-4014-8911-5723e447ae93,2025-10-20,1,32.99,32.99,32.99
de53f4bf-1ec9-4014-8911-5723e447ae93,2025-11-03,1,28.49,28.49,28.49
de53f4bf-1ec9-4014-8911-5723e447ae93,2025-11-10,1,39.99,39.99,39.99
de53f4bf-1ec9-4014-8911-5723e447ae93,2025-12-08,1,47,47,47
de53f4bf-1ec9-4014-8911-5723e447ae93,2026-01-05,1,36,36,36
de53f4bf-1ec9-4014-8911-5723e447ae93,2026-02-02,1,39,39,39
de53f4bf-1ec9-4014-8911-5723e447ae93,2026-02-09,1,45,45,45
de53f4bf-1ec9-4014-8911-5723e447ae93,2026-02-16,1,41,41,41
de53f4bf-1ec9-4014-8911-5723e447ae93,2026-04-27,1,44.79,44.79,44.79
de53f4bf-1ec9-4014-8911-5723e447ae93,2026-05-04,1,37,37,37
de53f4bf-1ec9-4014-8911-5723e447ae93,2026-05-11,1,56.24,56.24,56.24
de53f4bf-1ec9-4014-8911-5723e447ae93,2026-06-01,1,49.99,49.99,49.99
de53f4bf-1ec9-4014-8911-5723e447ae93,2026-06-15,1,27.52,27.52,27.52
de53f4bf-1ec9-4014-8911-5723e447ae93,2026-06-22,1,100,100,100
de53f4bf-1ec9-4014-8911-5723e447ae93,2026-07-20,3,52,42,52
de53f4bf-1ec9-4014-8911-5723e447ae93,2026-08-17,1,58.49,58.49,58.49
de53f4bf-1ec9-4014-8911-5723e447ae93,2026-08-31,1,69.99,69.99,69.99
de556284-c810-4aff-a2f3-1a20b6cda3e5,2025-09-15,1,5000,5000,5000
de56966f-096a-4846-abdf-d7eb94aa05c4,2023-08-14,4,849.25,730,870
de56966f-096a-4846-abdf-d7eb94aa05c4,2023-08-21,10,662,526,870
de56966f-096a-4846-abdf-d7eb94aa05c4,2023-08-28,15,570,455,710
de56966f-096a-4846-abdf-d7eb94aa05c4,2023-09-04,11,437,405,538
de56966f-096a-4846-abdf-d7eb94aa05c4,2023-09-11,11,475,405,588
de56966f-096a-4846-abdf-d7eb94aa05c4,2023-09-18,10,422.5,395,557
de56966f-096a-4846-abdf-d7eb94aa05c4,2023-09-25,15,366,300,560
de56966f-096a-4846-abdf-d7eb94aa05c4,2023-10-02,10,380,342,460
de56966f-096a-4846-abdf-d7eb94aa05c4,2023-10-09,17,345,290,535.03
de56966f-096a-4846-abdf-d7eb94aa05c4,2023-10-16,13,335,255.98,456
de56966f-096a-4846-abdf-d7eb94aa05c4,2023-10-23,3,340,330,350
de56966f-096a-4846-abdf-d7eb94aa05c4,2023-10-30,10,340,312,480
de56966f-096a-4846-abdf-d7eb94aa05c4,2023-11-06,3,291.88,240,335.4
de56966f-096a-4846-abdf-d7eb94aa05c4,2023-11-13,6,342.7,315,520.19
de56966f-096a-4846-abdf-d7eb94aa05c4,2023-11-20,7,312,279.77,330
de56966f-096a-4846-abdf-d7eb94aa05c4,2023-11-27,10,317,255,349
de56966f-096a-4846-abdf-d7eb94aa05c4,2023-12-04,7,285,255,311.6
de56966f-096a-4846-abdf-d7eb94aa05c4,2023-12-11,12,271.55,198,427.99
de56966f-096a-4846-abdf-d7eb94aa05c4,2023-12-18,8,285,262.2,376.58
de56966f-096a-4846-abdf-d7eb94aa05c4,2023-12-25,8,280.38,192.5,310
de56966f-096a-4846-abdf-d7eb94aa05c4,2024-01-01,8,277.5,249,308.5
de56966f-096a-4846-abdf-d7eb94aa05c4,2024-01-08,9,265,230,324
de56966f-096a-4846-abdf-d7eb94aa05c4,2024-01-15,13,250,99.99,293.42
de56966f-096a-4846-abdf-d7eb94aa05c4,2024-01-22,11,285,203.5,343.26
de56966f-096a-4846-abdf-d7eb94aa05c4,2024-01-29,19,222,163.5,265
de56966f-096a-4846-abdf-d7eb94aa05c4,2024-02-05,10,230,163.5,255.4
de56966f-096a-4846-abdf-d7eb94aa05c4,2024-02-12,3,222.5,182.5,229.5
de56966f-096a-4846-abdf-d7eb94aa05c4,2024-02-19,10,194,165,212.52
de56966f-096a-4846-abdf-d7eb94aa05c4,2024-02-26,15,155,142,224.94
de56966f-096a-4846-abdf-d7eb94aa05c4,2024-03-04,13,168,130,207.5
de56966f-096a-4846-abdf-d7eb94aa05c4,2024-03-11,12,166.59,142.38,204.99
de56966f-096a-4846-abdf-d7eb94aa05c4,2024-03-18,14,156.14,123.19,204.95
de56966f-096a-4846-abdf-d7eb94aa05c4,2024-03-25,6,142.3,126,214.89
de56966f-096a-4846-abdf-d7eb94aa05c4,2024-04-01,7,155,131.5,404.28
de56966f-096a-4846-abdf-d7eb94aa05c4,2024-04-08,11,150.25,120,186.53
de56966f-096a-4846-abdf-d7eb94aa05c4,2024-04-15,18,152.75,102.5,219.99
de56966f-096a-4846-abdf-d7eb94aa05c4,2024-04-22,9,150.5,119.11,318
de56966f-096a-4846-abdf-d7eb94aa05c4,2024-04-29,10,153.25,130.5,208.85
de56966f-096a-4846-abdf-d7eb94aa05c4,2024-05-06,8,142.5,123.38,174.99
de56966f-096a-4846-abdf-d7eb94aa05c4,2024-05-13,9,148.5,126,175
de56966f-096a-4846-abdf-d7eb94aa05c4,2024-05-20,3,132,126,165.29
de56966f-096a-4846-abdf-d7eb94aa05c4,2024-05-27,8,138.75,112.5,219.99
de56966f-096a-4846-abdf-d7eb94aa05c4,2024-06-03,11,140,123.5,187
de56966f-096a-4846-abdf-d7eb94aa05c4,2024-06-10,8,139.38,102.5,190.04
de56966f-096a-4846-abdf-d7eb94aa05c4,2024-06-17,5,125.5,112.8,142.5
de56966f-096a-4846-abdf-d7eb94aa05c4,2024-06-24,6,132.5,120,151.95
de56966f-096a-4846-abdf-d7eb94aa05c4,2024-07-01,6,142.47,112.5,168.5
de56966f-096a-4846-abdf-d7eb94aa05c4,2024-07-08,11,135,120,150
de56966f-096a-4846-abdf-d7eb94aa05c4,2024-07-15,5,135,127.5,265.5
de56966f-096a-4846-abdf-d7eb94aa05c4,2024-07-22,7,118.5,108.5,180
de56966f-096a-4846-abdf-d7eb94aa05c4,2024-07-29,6,137.5,104,298
de56966f-096a-4846-abdf-d7eb94aa05c4,2024-08-05,6,159.87,117.5,195.16
de56966f-096a-4846-abdf-d7eb94aa05c4,2024-08-12,6,141.5,119.5,150
de56966f-096a-4846-abdf-d7eb94aa05c4,2024-08-19,2,144.12,132.5,155.74
de56966f-096a-4846-abdf-d7eb94aa05c4,2024-08-26,6,148.25,128.5,457.5
de56966f-096a-4846-abdf-d7eb94aa05c4,2024-09-02,10,132.75,107.92,165
de56966f-096a-4846-abdf-d7eb94aa05c4,2024-09-09,4,131.5,110.78,157.78
de56966f-096a-4846-abdf-d7eb94aa05c4,2024-09-16,4,130.3,120,140
de56966f-096a-4846-abdf-d7eb94aa05c4,2024-09-23,12,138.87,125,292.8
de56966f-096a-4846-abdf-d7eb94aa05c4,2024-09-30,1,135,135,135
de56966f-096a-4846-abdf-d7eb94aa05c4,2024-10-07,7,120,103,144.5
de56966f-096a-4846-abdf-d7eb94aa05c4,2024-10-14,6,132.8,115,163.95
de56966f-096a-4846-abdf-d7eb94aa05c4,2024-10-21,7,147.5,138.99,149.75
de56966f-096a-4846-abdf-d7eb94aa05c4,2024-10-28,4,148.5,132.5,180.5
de56966f-096a-4846-abdf-d7eb94aa05c4,2024-11-04,11,147.83,119.99,171.59
de56966f-096a-4846-abdf-d7eb94aa05c4,2024-11-11,13,137.5,111.14,155
de56966f-096a-4846-abdf-d7eb94aa05c4,2024-11-18,7,145,115.5,162.91
de56966f-096a-4846-abdf-d7eb94aa05c4,2024-11-25,10,152.13,109.5,217.58
de56966f-096a-4846-abdf-d7eb94aa05c4,2024-12-02,8,139.44,125,165
de56966f-096a-4846-abdf-d7eb94aa05c4,2024-12-09,9,150,122.5,229
de56966f-096a-4846-abdf-d7eb94aa05c4,2024-12-16,10,163.72,145,195
de56966f-096a-4846-abdf-d7eb94aa05c4,2024-12-23,17,169.99,125,244
de56966f-096a-4846-abdf-d7eb94aa05c4,2024-12-30,12,175,152.5,230
de56966f-096a-4846-abdf-d7eb94aa05c4,2025-01-06,18,196.2,172,246.39
de56966f-096a-4846-abdf-d7eb94aa05c4,2025-01-13,9,227.5,200,242.5
de56966f-096a-4846-abdf-d7eb94aa05c4,2025-01-20,10,217.3,180.5,335
de56966f-096a-4846-abdf-d7eb94aa05c4,2025-01-27,14,211.95,190,252
de56966f-096a-4846-abdf-d7eb94aa05c4,2025-02-03,9,205,195.5,250
de56966f-096a-4846-abdf-d7eb94aa05c4,2025-02-10,15,200,162.5,250
de56966f-096a-4846-abdf-d7eb94aa05c4,2025-02-17,9,200,188,244.95
de56966f-096a-4846-abdf-d7eb94aa05c4,2025-02-24,20,203.25,152.5,231
de56966f-096a-4846-abdf-d7eb94aa05c4,2025-03-03,14,197,180,235
de56966f-096a-4846-abdf-d7eb94aa05c4,2025-03-10,15,205,185,222
de56966f-096a-4846-abdf-d7eb94aa05c4,2025-03-17,12,202.5,160,239.99
de56966f-096a-4846-abdf-d7eb94aa05c4,2025-03-24,10,213.93,147.5,240
de56966f-096a-4846-abdf-d7eb94aa05c4,2025-03-31,11,211,175,242.13
de56966f-096a-4846-abdf-d7eb94aa05c4,2025-04-07,6,227.5,212.5,238.99
de56966f-096a-4846-abdf-d7eb94aa05c4,2025-04-14,7,215,202.5,253.8
de56966f-096a-4846-abdf-d7eb94aa05c4,2025-04-21,6,215,199.99,295.49
de56966f-096a-4846-abdf-d7eb94aa05c4,2025-04-28,6,217.75,204,274
de56966f-096a-4846-abdf-d7eb94aa05c4,2025-05-05,8,219.37,205.94,275.8
de56966f-096a-4846-abdf-d7eb94aa05c4,2025-05-12,11,204,189,243.99
de56966f-096a-4846-abdf-d7eb94aa05c4,2025-05-19,5,213,123.4,232
de56966f-096a-4846-abdf-d7eb94aa05c4,2025-05-26,9,209.5,204,244
de56966f-096a-4846-abdf-d7eb94aa05c4,2025-06-02,7,235,202.5,261.75
de56966f-096a-4846-abdf-d7eb94aa05c4,2025-06-09,6,237.62,227.27,253
de56966f-096a-4846-abdf-d7eb94aa05c4,2025-06-16,8,232.75,182.5,329.05
de56966f-096a-4846-abdf-d7eb94aa05c4,2025-06-23,4,247.5,239.99,259
de56966f-096a-4846-abdf-d7eb94aa05c4,2025-06-30,11,244.8,230,305
de56966f-096a-4846-abdf-d7eb94aa05c4,2025-07-07,17,251.97,179.99,295
de56966f-096a-4846-abdf-d7eb94aa05c4,2025-07-14,5,250,245.5,255
de56966f-096a-4846-abdf-d7eb94aa05c4,2025-07-21,6,247.5,231.77,288.65
de56966f-096a-4846-abdf-d7eb94aa05c4,2025-07-28,2,266,265,267
de56966f-096a-4846-abdf-d7eb94aa05c4,2025-08-04,4,252.5,245,256.49
de56966f-096a-4846-abdf-d7eb94aa05c4,2025-08-11,3,279.99,260,288
de56966f-096a-4846-abdf-d7eb94aa05c4,2025-08-18,12,300,262.5,385
de56966f-096a-4846-abdf-d7eb94aa05c4,2025-08-25,10,310.5,199,350
de56966f-096a-4846-abdf-d7eb94aa05c4,2025-09-01,7,365,316,370
de56966f-096a-4846-abdf-d7eb94aa05c4,2025-09-08,5,350,235.85,399.99
de56966f-096a-4846-abdf-d7eb94aa05c4,2025-09-15,5,413.44,370,493
de56966f-096a-4846-abdf-d7eb94aa05c4,2025-09-22,5,400,360,425.1
de56966f-096a-4846-abdf-d7eb94aa05c4,2025-09-29,5,390,360,439
de56966f-096a-4846-abdf-d7eb94aa05c4,2025-10-06,3,355,336,369.99
de56966f-096a-4846-abdf-d7eb94aa05c4,2025-10-13,8,355,295,445
de56966f-096a-4846-abdf-d7eb94aa05c4,2025-10-20,8,332,228,500
de56966f-096a-4846-abdf-d7eb94aa05c4,2025-10-27,4,308,300,365
de56966f-096a-4846-abdf-d7eb94aa05c4,2025-11-03,3,305,269.1,340
de56966f-096a-4846-abdf-d7eb94aa05c4,2025-11-10,7,280,265,409
de56966f-096a-4846-abdf-d7eb94aa05c4,2025-11-17,6,286.5,243.5,325.74
de56966f-096a-4846-abdf-d7eb94aa05c4,2025-11-24,6,280,252,329.99
de56966f-096a-4846-abdf-d7eb94aa05c4,2025-12-01,7,302,267.6,329.99
de56966f-096a-4846-abdf-d7eb94aa05c4,2025-12-08,4,271.95,251.5,325
de56966f-096a-4846-abdf-d7eb94aa05c4,2025-12-15,6,269.89,200,277.2
de56966f-096a-4846-abdf-d7eb94aa05c4,2025-12-22,6,272.49,264.95,300
de56966f-096a-4846-abdf-d7eb94aa05c4,2025-12-29,7,279.99,274.99,329.99
de56966f-096a-4846-abdf-d7eb94aa05c4,2026-01-05,10,311,199.99,338
de56966f-096a-4846-abdf-d7eb94aa05c4,2026-01-12,10,317.5,266.75,360
de56966f-096a-4846-abdf-d7eb94aa05c4,2026-01-19,7,320,248.19,350
de56966f-096a-4846-abdf-d7eb94aa05c4,2026-01-26,3,325,285.12,330
de56966f-096a-4846-abdf-d7eb94aa05c4,2026-02-02,5,325,310,375.25
de56966f-096a-4846-abdf-d7eb94aa05c4,2026-02-09,18,329.5,195.59,399
de56966f-096a-4846-abdf-d7eb94aa05c4,2026-02-16,7,375,264,400
de56966f-096a-4846-abdf-d7eb94aa05c4,2026-02-23,4,390,371,479.99
de56966f-096a-4846-abdf-d7eb94aa05c4,2026-03-02,6,405.5,385,479.99
de56966f-096a-4846-abdf-d7eb94aa05c4,2026-03-09,12,450.62,396,500
de56966f-096a-4846-abdf-d7eb94aa05c4,2026-03-16,6,443.94,399.99,538.16
de56966f-096a-4846-abdf-d7eb94aa05c4,2026-03-30,14,500,450,610
de56966f-096a-4846-abdf-d7eb94aa05c4,2026-04-06,10,545.5,501,641
de56966f-096a-4846-abdf-d7eb94aa05c4,2026-04-13,10,600,520,699.99
de56966f-096a-4846-abdf-d7eb94aa05c4,2026-04-20,6,577.5,530,710
de56966f-096a-4846-abdf-d7eb94aa05c4,2026-04-27,12,600,515,630
de56966f-096a-4846-abdf-d7eb94aa05c4,2026-05-04,6,599.5,550,610
de56966f-096a-4846-abdf-d7eb94aa05c4,2026-05-11,8,578.5,500,662.4
de56966f-096a-4846-abdf-d7eb94aa05c4,2026-05-18,4,565,547,582.8
de56966f-096a-4846-abdf-d7eb94aa05c4,2026-05-25,4,566.02,516,612.44
de56966f-096a-4846-abdf-d7eb94aa05c4,2026-06-01,7,515,440,563
de56966f-096a-4846-abdf-d7eb94aa05c4,2026-06-08,5,550,510,634.43
de56966f-096a-4846-abdf-d7eb94aa05c4,2026-06-15,2,495.02,490,500.05
de56966f-096a-4846-abdf-d7eb94aa05c4,2026-06-22,7,510,449,547.29
de56966f-096a-4846-abdf-d7eb94aa05c4,2026-06-29,14,525,464.42,575
de56966f-096a-4846-abdf-d7eb94aa05c4,2026-07-06,12,450,360,502.56
de56966f-096a-4846-abdf-d7eb94aa05c4,2026-07-13,4,472.5,450,502.07
de56966f-096a-4846-abdf-d7eb94aa05c4,2026-07-20,6,380,290,520.89
de56966f-096a-4846-abdf-d7eb94aa05c4,2026-07-27,6,479.64,394.77,527.2
de56966f-096a-4846-abdf-d7eb94aa05c4,2026-08-03,13,487.49,372,849
de56966f-096a-4846-abdf-d7eb94aa05c4,2026-08-10,8,495.34,305,572.17
de56966f-096a-4846-abdf-d7eb94aa05c4,2026-08-17,7,470,425.01,578.53
de56966f-096a-4846-abdf-d7eb94aa05c4,2026-08-24,9,450,400,495.22
de56966f-096a-4846-abdf-d7eb94aa05c4,2026-08-31,14,444.47,222.5,490
de56966f-096a-4846-abdf-d7eb94aa05c4,2026-09-07,8,440,375,473.94
de56966f-096a-4846-abdf-d7eb94aa05c4,2026-09-14,2,401.38,397.77,405
de56abf0-f48c-4958-942c-4907963ab43d,2026-06-01,1,25.5,25.5,25.5
de582b3e-986a-4865-b52e-9cd88eddb2a0,2024-02-12,2,27,26,28
de582b3e-986a-4865-b52e-9cd88eddb2a0,2024-02-19,1,16.5,16.5,16.5
de582b3e-986a-4865-b52e-9cd88eddb2a0,2024-04-15,1,18.56,18.56,18.56
de582b3e-986a-4865-b52e-9cd88eddb2a0,2024-04-29,1,9.5,9.5,9.5
de582b3e-986a-4865-b52e-9cd88eddb2a0,2024-06-24,1,11.5,11.5,11.5
de582b3e-986a-4865-b52e-9cd88eddb2a0,2024-07-08,1,25,25,25
de582b3e-986a-4865-b52e-9cd88eddb2a0,2024-08-05,1,13,13,13
de582b3e-986a-4865-b52e-9cd88eddb2a0,2024-08-12,1,14.4,14.4,14.4
de582b3e-986a-4865-b52e-9cd88eddb2a0,2024-08-26,1,10,10,10
de582b3e-986a-4865-b52e-9cd88eddb2a0,2024-12-23,1,14.4,14.4,14.4
de582b3e-986a-4865-b52e-9cd88eddb2a0,2025-01-06,1,19.5,19.5,19.5
de582b3e-986a-4865-b52e-9cd88eddb2a0,2025-02-10,1,21.5,21.5,21.5
de582b3e-986a-4865-b52e-9cd88eddb2a0,2025-02-24,1,12,12,12
de582b3e-986a-4865-b52e-9cd88eddb2a0,2025-04-21,1,16.63,16.63,16.63
de582b3e-986a-4865-b52e-9cd88eddb2a0,2025-04-28,1,22,22,22
de582b3e-986a-4865-b52e-9cd88eddb2a0,2025-06-16,1,22.5,22.5,22.5
de582b3e-986a-4865-b52e-9cd88eddb2a0,2025-08-04,1,30,30,30
de582b3e-986a-4865-b52e-9cd88eddb2a0,2025-08-11,1,19.99,19.99,19.99
de582b3e-986a-4865-b52e-9cd88eddb2a0,2025-09-08,1,31.99,31.99,31.99
de582b3e-986a-4865-b52e-9cd88eddb2a0,2025-11-17,1,31,31,31
de582b3e-986a-4865-b52e-9cd88eddb2a0,2026-01-26,1,31.33,31.33,31.33
de582b3e-986a-4865-b52e-9cd88eddb2a0,2026-02-23,1,6.5,6.5,6.5
de582b3e-986a-4865-b52e-9cd88eddb2a0,2026-03-23,1,32,32,32
de582b3e-986a-4865-b52e-9cd88eddb2a0,2026-05-04,1,27,27,27
de582b3e-986a-4865-b52e-9cd88eddb2a0,2026-07-20,1,30,30,30
de582b3e-986a-4865-b52e-9cd88eddb2a0,2026-08-10,2,10.51,10.51,10.51
de582b3e-986a-4865-b52e-9cd88eddb2a0,2026-08-17,1,19.2,19.2,19.2
de5a37da-667a-47b2-bf88-67c58fac4e3d,2022-04-11,1,61,61,61
de5a37da-667a-47b2-bf88-67c58fac4e3d,2022-09-26,1,99.66,99.66,99.66
de5a37da-667a-47b2-bf88-67c58fac4e3d,2024-04-08,1,65,65,65
de5b21a6-d2cd-4222-899c-dbc94931144f,2023-08-28,1,2425,2425,2425
de5b21a6-d2cd-4222-899c-dbc94931144f,2024-03-25,1,2880,2880,2880
de5b21a6-d2cd-4222-899c-dbc94931144f,2024-06-10,1,2640,2640,2640
de5b21a6-d2cd-4222-899c-dbc94931144f,2024-07-22,1,2130,2130,2130
de5b21a6-d2cd-4222-899c-dbc94931144f,2025-07-21,1,7000,7000,7000
de5b21a6-d2cd-4222-899c-dbc94931144f,2025-09-22,1,8988,8988,8988
de5b21a6-d2cd-4222-899c-dbc94931144f,2025-10-13,1,6900,6900,6900
de5b21a6-d2cd-4222-899c-dbc94931144f,2026-08-03,1,25620,25620,25620
de5c6e87-de32-4349-afee-fbf56b056eda,2023-10-30,1,10,10,10
de5c6e87-de32-4349-afee-fbf56b056eda,2023-11-20,1,12.53,12.53,12.53
de5c6e87-de32-4349-afee-fbf56b056eda,2024-06-24,1,22.77,22.77,22.77
de5c6e87-de32-4349-afee-fbf56b056eda,2024-12-02,1,31.99,31.99,31.99
de5c6e87-de32-4349-afee-fbf56b056eda,2025-01-27,1,34.99,34.99,34.99
de5c6e87-de32-4349-afee-fbf56b056eda,2025-03-03,1,14.01,14.01,14.01
de5c6e87-de32-4349-afee-fbf56b056eda,2025-03-17,1,31.99,31.99,31.99
de5c6e87-de32-4349-afee-fbf56b056eda,2025-04-07,1,25,25,25
de5c6e87-de32-4349-afee-fbf56b056eda,2025-07-28,1,18.5,18.5,18.5
de5c6e87-de32-4349-afee-fbf56b056eda,2025-10-20,1,150,150,150
de5c6e87-de32-4349-afee-fbf56b056eda,2025-12-29,1,39.99,39.99,39.99
de5c6e87-de32-4349-afee-fbf56b056eda,2026-02-02,1,30,30,30
de5c6e87-de32-4349-afee-fbf56b056eda,2026-05-04,2,61.6,46.2,77
de5c6e87-de32-4349-afee-fbf56b056eda,2026-05-25,1,101,101,101
de5c6e87-de32-4349-afee-fbf56b056eda,2026-07-06,1,69.55,69.55,69.55
de5eaf5f-c38c-48a6-bbee-a880c99d948a,2023-07-24,1,204,204,204
de5eaf5f-c38c-48a6-bbee-a880c99d948a,2026-03-23,1,500,500,500
de5ec489-98c9-475f-be6d-974db1979ec9,2021-05-24,1,250.5,250.5,250.5
de5ec489-98c9-475f-be6d-974db1979ec9,2021-08-09,1,80,80,80
de5ec489-98c9-475f-be6d-974db1979ec9,2022-08-22,1,108.05,108.05,108.05
de5ec489-98c9-475f-be6d-974db1979ec9,2023-02-20,1,86.67,86.67,86.67
de5ec489-98c9-475f-be6d-974db1979ec9,2023-05-08,1,130,130,130
de5ec489-98c9-475f-be6d-974db1979ec9,2023-07-10,1,94,94,94
de5ec489-98c9-475f-be6d-974db1979ec9,2023-11-13,1,120,120,120
de5ec489-98c9-475f-be6d-974db1979ec9,2024-03-04,1,138,138,138
de5ec489-98c9-475f-be6d-974db1979ec9,2024-04-15,1,79.2,79.2,79.2
de5ec489-98c9-475f-be6d-974db1979ec9,2024-08-05,1,126.16,126.16,126.16
de5ec489-98c9-475f-be6d-974db1979ec9,2024-08-12,1,76,76,76
de5ec489-98c9-475f-be6d-974db1979ec9,2024-08-26,1,100,100,100
de5ec489-98c9-475f-be6d-974db1979ec9,2024-10-07,1,81,81,81
de5ec489-98c9-475f-be6d-974db1979ec9,2024-10-28,1,62.4,62.4,62.4
de5ec489-98c9-475f-be6d-974db1979ec9,2024-11-04,1,99.98,99.98,99.98
de5ec489-98c9-475f-be6d-974db1979ec9,2024-12-23,1,90,90,90
de5ec489-98c9-475f-be6d-974db1979ec9,2025-01-27,1,79,79,79
de5ec489-98c9-475f-be6d-974db1979ec9,2025-03-24,1,56,56,56
de5ec489-98c9-475f-be6d-974db1979ec9,2025-03-31,1,77.36,77.36,77.36
de5ec489-98c9-475f-be6d-974db1979ec9,2025-04-28,1,88.8,88.8,88.8
de5ec489-98c9-475f-be6d-974db1979ec9,2026-01-19,1,280,280,280
de5ec489-98c9-475f-be6d-974db1979ec9,2026-02-16,1,279.99,279.99,279.99
de5ec489-98c9-475f-be6d-974db1979ec9,2026-02-23,1,289,289,289
de5ec489-98c9-475f-be6d-974db1979ec9,2026-03-30,1,325,325,325
de5ec489-98c9-475f-be6d-974db1979ec9,2026-05-18,1,372,372,372
de60a5a8-55eb-458c-b41f-3092063dea0e,2023-08-07,1,197.5,197.5,197.5
de60a5a8-55eb-458c-b41f-3092063dea0e,2023-08-14,1,152.5,152.5,152.5
de60a5a8-55eb-458c-b41f-3092063dea0e,2023-08-21,2,155.5,132,179
de60a5a8-55eb-458c-b41f-3092063dea0e,2023-09-04,1,150,150,150
de60a5a8-55eb-458c-b41f-3092063dea0e,2023-09-11,1,153.5,153.5,153.5
de60a5a8-55eb-458c-b41f-3092063dea0e,2023-10-23,3,175,160,177.5
de60a5a8-55eb-458c-b41f-3092063dea0e,2023-10-30,1,156,156,156
de60a5a8-55eb-458c-b41f-3092063dea0e,2023-11-06,3,173.5,169.99,199.95
de60a5a8-55eb-458c-b41f-3092063dea0e,2023-11-27,1,168,168,168
de60a5a8-55eb-458c-b41f-3092063dea0e,2023-12-04,4,188.75,129.6,236.83
de60a5a8-55eb-458c-b41f-3092063dea0e,2023-12-11,1,144,144,144
de60a5a8-55eb-458c-b41f-3092063dea0e,2023-12-18,1,299.99,299.99,299.99
de60a5a8-55eb-458c-b41f-3092063dea0e,2023-12-25,2,217.29,166.04,268.54
de60a5a8-55eb-458c-b41f-3092063dea0e,2024-01-01,1,225,225,225
de60a5a8-55eb-458c-b41f-3092063dea0e,2024-01-15,2,272.5,245,299.99
de60a5a8-55eb-458c-b41f-3092063dea0e,2024-01-22,2,179.5,125,234
de60a5a8-55eb-458c-b41f-3092063dea0e,2024-02-05,2,224.5,199,250
de60a5a8-55eb-458c-b41f-3092063dea0e,2024-02-19,1,275,275,275
de60a5a8-55eb-458c-b41f-3092063dea0e,2024-03-04,1,229.5,229.5,229.5
de60a5a8-55eb-458c-b41f-3092063dea0e,2024-03-18,2,218.69,187.5,249.89
de60a5a8-55eb-458c-b41f-3092063dea0e,2024-04-01,2,196.75,190,203.5
de60a5a8-55eb-458c-b41f-3092063dea0e,2024-04-08,1,240,240,240
de60a5a8-55eb-458c-b41f-3092063dea0e,2024-04-29,1,178.5,178.5,178.5
de60a5a8-55eb-458c-b41f-3092063dea0e,2024-05-13,1,180,180,180
de60a5a8-55eb-458c-b41f-3092063dea0e,2024-05-20,1,193.5,193.5,193.5
de60a5a8-55eb-458c-b41f-3092063dea0e,2024-05-27,1,249.99,249.99,249.99
de60a5a8-55eb-458c-b41f-3092063dea0e,2024-06-03,1,231.5,231.5,231.5
de60a5a8-55eb-458c-b41f-3092063dea0e,2024-06-17,1,180,180,180
de60a5a8-55eb-458c-b41f-3092063dea0e,2024-07-01,2,189.5,150,229
de60a5a8-55eb-458c-b41f-3092063dea0e,2024-07-08,2,259.5,255,264
de60a5a8-55eb-458c-b41f-3092063dea0e,2024-07-15,1,190,190,190
de60a5a8-55eb-458c-b41f-3092063dea0e,2024-07-22,2,207,174,239.99
de60a5a8-55eb-458c-b41f-3092063dea0e,2024-07-29,2,232.5,225,239.99
de60a5a8-55eb-458c-b41f-3092063dea0e,2024-08-05,2,195,189.99,200
de60a5a8-55eb-458c-b41f-3092063dea0e,2024-08-12,1,235,235,235
de60a5a8-55eb-458c-b41f-3092063dea0e,2024-08-19,1,239.99,239.99,239.99
de60a5a8-55eb-458c-b41f-3092063dea0e,2024-08-26,1,237.65,237.65,237.65
de60a5a8-55eb-458c-b41f-3092063dea0e,2024-09-02,2,218,186,250
de60a5a8-55eb-458c-b41f-3092063dea0e,2024-09-09,1,210,210,210
de60a5a8-55eb-458c-b41f-3092063dea0e,2024-09-16,1,192,192,192
de60a5a8-55eb-458c-b41f-3092063dea0e,2024-09-23,3,225,180,279
de60a5a8-55eb-458c-b41f-3092063dea0e,2024-09-30,1,250,250,250
de60a5a8-55eb-458c-b41f-3092063dea0e,2024-10-14,1,210.5,210.5,210.5
de60a5a8-55eb-458c-b41f-3092063dea0e,2024-10-21,1,240,240,240
de60a5a8-55eb-458c-b41f-3092063dea0e,2024-10-28,1,174,174,174
de60a5a8-55eb-458c-b41f-3092063dea0e,2024-11-11,2,252.5,205,299.99
de60a5a8-55eb-458c-b41f-3092063dea0e,2024-11-18,1,235,235,235
de60a5a8-55eb-458c-b41f-3092063dea0e,2024-12-02,1,215,215,215
de60a5a8-55eb-458c-b41f-3092063dea0e,2024-12-16,1,220.49,220.49,220.49
de60a5a8-55eb-458c-b41f-3092063dea0e,2025-01-20,4,327.03,270,399.99
de60a5a8-55eb-458c-b41f-3092063dea0e,2025-01-27,1,263,263,263
de60a5a8-55eb-458c-b41f-3092063dea0e,2025-02-03,2,260.5,252,269
de60a5a8-55eb-458c-b41f-3092063dea0e,2025-02-10,1,243.28,243.28,243.28
de60a5a8-55eb-458c-b41f-3092063dea0e,2025-02-17,2,300,300,300
de60a5a8-55eb-458c-b41f-3092063dea0e,2025-02-24,1,279.99,279.99,279.99
de60a5a8-55eb-458c-b41f-3092063dea0e,2025-03-17,4,340,306,350
de60a5a8-55eb-458c-b41f-3092063dea0e,2025-03-24,1,313.2,313.2,313.2
de60a5a8-55eb-458c-b41f-3092063dea0e,2025-03-31,1,400,400,400
de60a5a8-55eb-458c-b41f-3092063dea0e,2025-04-07,2,433,374,492
de60a5a8-55eb-458c-b41f-3092063dea0e,2025-04-14,1,370,370,370
de60a5a8-55eb-458c-b41f-3092063dea0e,2025-04-21,2,330,260,400
de60a5a8-55eb-458c-b41f-3092063dea0e,2025-05-05,2,343.7,287.4,400
de60a5a8-55eb-458c-b41f-3092063dea0e,2025-05-26,2,334.5,320,349
de60a5a8-55eb-458c-b41f-3092063dea0e,2025-06-02,1,449.99,449.99,449.99
de60a5a8-55eb-458c-b41f-3092063dea0e,2025-06-09,1,450,450,450
de60a5a8-55eb-458c-b41f-3092063dea0e,2025-06-16,1,449.99,449.99,449.99
de60a5a8-55eb-458c-b41f-3092063dea0e,2025-07-07,3,499,336,499.99
de60a5a8-55eb-458c-b41f-3092063dea0e,2025-07-21,1,589,589,589
de60a5a8-55eb-458c-b41f-3092063dea0e,2025-07-28,1,600,600,600
de60a5a8-55eb-458c-b41f-3092063dea0e,2025-08-04,2,425,400,449.99
de60a5a8-55eb-458c-b41f-3092063dea0e,2025-08-11,3,420,396,445
de60a5a8-55eb-458c-b41f-3092063dea0e,2025-08-18,1,325.5,325.5,325.5
de60a5a8-55eb-458c-b41f-3092063dea0e,2025-08-25,1,719,719,719
de60a5a8-55eb-458c-b41f-3092063dea0e,2025-09-01,3,474.99,426,544.44
de60a5a8-55eb-458c-b41f-3092063dea0e,2025-09-08,1,492.1,492.1,492.1
de60a5a8-55eb-458c-b41f-3092063dea0e,2025-09-15,1,599.99,599.99,599.99
de60a5a8-55eb-458c-b41f-3092063dea0e,2025-09-22,1,425,425,425
de60a5a8-55eb-458c-b41f-3092063dea0e,2025-09-29,4,477.35,460,499.99
de60a5a8-55eb-458c-b41f-3092063dea0e,2025-10-06,1,498.82,498.82,498.82
de60a5a8-55eb-458c-b41f-3092063dea0e,2025-10-13,2,500,500,500
de60a5a8-55eb-458c-b41f-3092063dea0e,2025-10-20,1,400.11,400.11,400.11
de60a5a8-55eb-458c-b41f-3092063dea0e,2025-11-03,2,537.5,500,575
de60a5a8-55eb-458c-b41f-3092063dea0e,2025-11-10,2,477.84,455.69,499.99
de60a5a8-55eb-458c-b41f-3092063dea0e,2025-11-17,1,460,460,460
de60a5a8-55eb-458c-b41f-3092063dea0e,2025-12-01,3,510,405,614.99
de60a5a8-55eb-458c-b41f-3092063dea0e,2025-12-08,2,521.81,499,544.62
de60a5a8-55eb-458c-b41f-3092063dea0e,2025-12-15,2,475,450,499.99
de60a5a8-55eb-458c-b41f-3092063dea0e,2025-12-29,2,550,500,599.99
de60a5a8-55eb-458c-b41f-3092063dea0e,2026-01-05,2,520.79,502.55,539.04
de60a5a8-55eb-458c-b41f-3092063dea0e,2026-01-12,1,598,598,598
de60a5a8-55eb-458c-b41f-3092063dea0e,2026-01-19,3,499.99,430,555
de60a5a8-55eb-458c-b41f-3092063dea0e,2026-01-26,2,550,500,599.99
de60a5a8-55eb-458c-b41f-3092063dea0e,2026-02-02,3,525,480,575
de60a5a8-55eb-458c-b41f-3092063dea0e,2026-02-09,1,532.42,532.42,532.42
de60a5a8-55eb-458c-b41f-3092063dea0e,2026-02-16,1,579.64,579.64,579.64
de60a5a8-55eb-458c-b41f-3092063dea0e,2026-03-02,2,643.26,636.6,649.93
de60a5a8-55eb-458c-b41f-3092063dea0e,2026-03-09,1,661,661,661
de60a5a8-55eb-458c-b41f-3092063dea0e,2026-03-16,3,720,585.02,750
de60a5a8-55eb-458c-b41f-3092063dea0e,2026-03-23,1,680,680,680
de60a5a8-55eb-458c-b41f-3092063dea0e,2026-03-30,1,640,640,640
de60a5a8-55eb-458c-b41f-3092063dea0e,2026-04-13,3,650,649.93,695
de60a5a8-55eb-458c-b41f-3092063dea0e,2026-04-20,1,999,999,999
de60a5a8-55eb-458c-b41f-3092063dea0e,2026-04-27,1,732,732,732
de60a5a8-55eb-458c-b41f-3092063dea0e,2026-05-04,3,660,580,731.15
de60a5a8-55eb-458c-b41f-3092063dea0e,2026-05-11,3,781.25,660,800
de60a5a8-55eb-458c-b41f-3092063dea0e,2026-05-18,2,720,690,750
de60a5a8-55eb-458c-b41f-3092063dea0e,2026-05-25,1,899.99,899.99,899.99
de60a5a8-55eb-458c-b41f-3092063dea0e,2026-06-01,4,862.5,690,1186.86
de60a5a8-55eb-458c-b41f-3092063dea0e,2026-06-08,1,811.2,811.2,811.2
de60a5a8-55eb-458c-b41f-3092063dea0e,2026-06-15,2,895,800,990
de60a5a8-55eb-458c-b41f-3092063dea0e,2026-06-22,1,850,850,850
de60a5a8-55eb-458c-b41f-3092063dea0e,2026-06-29,1,801.08,801.08,801.08
de60a5a8-55eb-458c-b41f-3092063dea0e,2026-07-06,1,870,870,870
de60a5a8-55eb-458c-b41f-3092063dea0e,2026-07-13,1,940,940,940
de60a5a8-55eb-458c-b41f-3092063dea0e,2026-07-20,2,873,746,999.99
de60a5a8-55eb-458c-b41f-3092063dea0e,2026-08-17,2,884.84,869.69,899.99
de60a5a8-55eb-458c-b41f-3092063dea0e,2026-08-31,1,772.85,772.85,772.85
de60a5a8-55eb-458c-b41f-3092063dea0e,2026-09-07,2,781,725,837
de61638c-932a-41b1-b897-2f655fd08479,2023-06-26,1,150,150,150
de61638c-932a-41b1-b897-2f655fd08479,2024-06-24,1,274,274,274
de61638c-932a-41b1-b897-2f655fd08479,2025-10-06,1,500,500,500
de641f23-43db-4f2d-988b-4fa7125da66f,2022-04-11,1,29.65,29.65,29.65
de641f23-43db-4f2d-988b-4fa7125da66f,2025-01-13,1,61.66,61.66,61.66
de641f23-43db-4f2d-988b-4fa7125da66f,2025-10-06,1,37.99,37.99,37.99
de66bcae-1c94-44d9-a23f-2e19d8f7fefb,2025-09-22,1,145,145,145
de688276-6927-4927-8bea-6975991f0c79,2022-06-06,1,32,32,32
de688276-6927-4927-8bea-6975991f0c79,2022-09-12,1,17.75,17.75,17.75
de688276-6927-4927-8bea-6975991f0c79,2022-11-14,1,27,27,27
de688276-6927-4927-8bea-6975991f0c79,2022-12-05,1,30,30,30
de688276-6927-4927-8bea-6975991f0c79,2023-01-16,1,20.5,20.5,20.5
de688276-6927-4927-8bea-6975991f0c79,2023-05-15,1,21.5,21.5,21.5
de688276-6927-4927-8bea-6975991f0c79,2023-05-22,1,39.95,39.95,39.95
de688276-6927-4927-8bea-6975991f0c79,2023-06-19,1,15,15,15
de688276-6927-4927-8bea-6975991f0c79,2023-07-03,1,22.95,22.95,22.95
de688276-6927-4927-8bea-6975991f0c79,2023-10-02,1,31.2,31.2,31.2
de688276-6927-4927-8bea-6975991f0c79,2023-10-23,1,30,30,30
de688276-6927-4927-8bea-6975991f0c79,2024-04-22,1,18.7,18.7,18.7
de688276-6927-4927-8bea-6975991f0c79,2024-05-06,1,44.99,44.99,44.99
de688276-6927-4927-8bea-6975991f0c79,2024-05-20,1,35,35,35
de688276-6927-4927-8bea-6975991f0c79,2024-07-15,1,15.52,15.52,15.52
de688276-6927-4927-8bea-6975991f0c79,2024-10-14,1,38,38,38
de688276-6927-4927-8bea-6975991f0c79,2024-12-09,1,10.5,10.5,10.5
de688276-6927-4927-8bea-6975991f0c79,2025-03-17,1,54.14,54.14,54.14
de688276-6927-4927-8bea-6975991f0c79,2025-07-07,1,23.5,23.5,23.5
de688276-6927-4927-8bea-6975991f0c79,2025-09-29,1,44.99,44.99,44.99
de688276-6927-4927-8bea-6975991f0c79,2025-10-06,1,27,27,27
de688276-6927-4927-8bea-6975991f0c79,2025-12-22,1,44.12,44.12,44.12
de688276-6927-4927-8bea-6975991f0c79,2026-02-09,2,30.5,25,36
de688276-6927-4927-8bea-6975991f0c79,2026-05-11,1,30.75,30.75,30.75
de688276-6927-4927-8bea-6975991f0c79,2026-05-25,1,38,38,38
de688276-6927-4927-8bea-6975991f0c79,2026-07-06,1,27.5,27.5,27.5
de688276-6927-4927-8bea-6975991f0c79,2026-07-13,1,37.89,37.89,37.89
de688276-6927-4927-8bea-6975991f0c79,2026-08-10,1,36,36,36
de69ea5a-b4f3-4a74-bde2-f657097a3f00,2022-11-07,1,99,99,99
de69ea5a-b4f3-4a74-bde2-f657097a3f00,2022-11-21,1,70,70,70
de69ea5a-b4f3-4a74-bde2-f657097a3f00,2022-12-12,1,47,47,47
de69ea5a-b4f3-4a74-bde2-f657097a3f00,2022-12-19,1,51.5,51.5,51.5
de69ea5a-b4f3-4a74-bde2-f657097a3f00,2023-01-09,1,27,27,27
de69ea5a-b4f3-4a74-bde2-f657097a3f00,2023-02-06,4,31,30,43.2
de69ea5a-b4f3-4a74-bde2-f657097a3f00,2023-02-20,1,30,30,30
de69ea5a-b4f3-4a74-bde2-f657097a3f00,2023-03-20,1,19.99,19.99,19.99
de69ea5a-b4f3-4a74-bde2-f657097a3f00,2023-04-03,1,26,26,26
de69ea5a-b4f3-4a74-bde2-f657097a3f00,2023-04-17,1,24,24,24
de69ea5a-b4f3-4a74-bde2-f657097a3f00,2023-04-24,2,28.25,19.5,37
de69ea5a-b4f3-4a74-bde2-f657097a3f00,2023-05-29,2,31.12,25.28,36.95
de69ea5a-b4f3-4a74-bde2-f657097a3f00,2023-07-03,4,31.85,30,33.24
de69ea5a-b4f3-4a74-bde2-f657097a3f00,2023-07-10,1,36.99,36.99,36.99
de69ea5a-b4f3-4a74-bde2-f657097a3f00,2023-08-14,1,33.26,33.26,33.26
de69ea5a-b4f3-4a74-bde2-f657097a3f00,2023-10-16,1,17.5,17.5,17.5
de69ea5a-b4f3-4a74-bde2-f657097a3f00,2023-10-30,1,33.5,33.5,33.5
de69ea5a-b4f3-4a74-bde2-f657097a3f00,2023-11-06,1,39,39,39
de69ea5a-b4f3-4a74-bde2-f657097a3f00,2023-11-13,1,37,37,37
de69ea5a-b4f3-4a74-bde2-f657097a3f00,2023-12-11,1,40,40,40
de69ea5a-b4f3-4a74-bde2-f657097a3f00,2023-12-18,1,35,35,35
de69ea5a-b4f3-4a74-bde2-f657097a3f00,2023-12-25,2,39.5,29,49.99
de69ea5a-b4f3-4a74-bde2-f657097a3f00,2024-01-08,1,30,30,30
de69ea5a-b4f3-4a74-bde2-f657097a3f00,2024-02-26,1,35.99,35.99,35.99
de69ea5a-b4f3-4a74-bde2-f657097a3f00,2024-03-04,2,33,26,39.99
de69ea5a-b4f3-4a74-bde2-f657097a3f00,2024-03-18,1,19.38,19.38,19.38
de69ea5a-b4f3-4a74-bde2-f657097a3f00,2024-03-25,2,18.75,12.5,25
de69ea5a-b4f3-4a74-bde2-f657097a3f00,2024-05-20,1,29.99,29.99,29.99
de69ea5a-b4f3-4a74-bde2-f657097a3f00,2024-07-29,1,40.6,40.6,40.6
de69ea5a-b4f3-4a74-bde2-f657097a3f00,2024-08-05,1,29.99,29.99,29.99
de69ea5a-b4f3-4a74-bde2-f657097a3f00,2024-09-09,1,25,25,25
de69ea5a-b4f3-4a74-bde2-f657097a3f00,2024-11-11,1,39.99,39.99,39.99
de69ea5a-b4f3-4a74-bde2-f657097a3f00,2024-11-18,1,20,20,20
de69ea5a-b4f3-4a74-bde2-f657097a3f00,2024-11-25,1,50.71,50.71,50.71
de69ea5a-b4f3-4a74-bde2-f657097a3f00,2024-12-02,1,29.74,29.74,29.74
de69ea5a-b4f3-4a74-bde2-f657097a3f00,2024-12-16,1,39.99,39.99,39.99
de69ea5a-b4f3-4a74-bde2-f657097a3f00,2025-01-06,1,30,30,30
de69ea5a-b4f3-4a74-bde2-f657097a3f00,2025-02-24,1,55,55,55
de69ea5a-b4f3-4a74-bde2-f657097a3f00,2025-03-03,1,27.13,27.13,27.13
de69ea5a-b4f3-4a74-bde2-f657097a3f00,2025-04-14,1,30,30,30
de69ea5a-b4f3-4a74-bde2-f657097a3f00,2025-04-21,2,40,35,45
de69ea5a-b4f3-4a74-bde2-f657097a3f00,2025-07-14,1,24.99,24.99,24.99
de69ea5a-b4f3-4a74-bde2-f657097a3f00,2025-08-25,1,32,32,32
de69ea5a-b4f3-4a74-bde2-f657097a3f00,2025-09-15,1,30,30,30
de69ea5a-b4f3-4a74-bde2-f657097a3f00,2025-10-06,1,48,48,48
de69ea5a-b4f3-4a74-bde2-f657097a3f00,2025-10-13,1,40,40,40
de69ea5a-b4f3-4a74-bde2-f657097a3f00,2026-01-19,1,39.99,39.99,39.99
de69ea5a-b4f3-4a74-bde2-f657097a3f00,2026-04-06,1,49.99,49.99,49.99
de69ea5a-b4f3-4a74-bde2-f657097a3f00,2026-04-27,1,25.21,25.21,25.21
de69ea5a-b4f3-4a74-bde2-f657097a3f00,2026-06-08,1,36,36,36
de69ea5a-b4f3-4a74-bde2-f657097a3f00,2026-06-22,1,45,45,45
de69ea5a-b4f3-4a74-bde2-f657097a3f00,2026-08-17,1,56.95,56.95,56.95
de6df37b-f452-4bd3-8b3a-8266dcce6f11,2021-04-12,1,250,250,250
de6df37b-f452-4bd3-8b3a-8266dcce6f11,2021-04-26,1,255,255,255
de6df37b-f452-4bd3-8b3a-8266dcce6f11,2021-05-17,1,200,200,200
de6df37b-f452-4bd3-8b3a-8266dcce6f11,2021-05-31,1,227.5,227.5,227.5
de6df37b-f452-4bd3-8b3a-8266dcce6f11,2021-07-12,1,236.49,236.49,236.49
de6df37b-f452-4bd3-8b3a-8266dcce6f11,2021-07-26,1,241.02,241.02,241.02
de6df37b-f452-4bd3-8b3a-8266dcce6f11,2021-11-08,2,276.75,228.5,325
de6df37b-f452-4bd3-8b3a-8266dcce6f11,2021-12-20,1,232,232,232
de6df37b-f452-4bd3-8b3a-8266dcce6f11,2022-01-17,1,215,215,215
de6df37b-f452-4bd3-8b3a-8266dcce6f11,2022-05-02,1,290,290,290
de6df37b-f452-4bd3-8b3a-8266dcce6f11,2022-05-16,2,229.25,224.5,234
de6df37b-f452-4bd3-8b3a-8266dcce6f11,2022-09-26,1,249.95,249.95,249.95
de6df37b-f452-4bd3-8b3a-8266dcce6f11,2022-10-03,1,279.99,279.99,279.99
de6df37b-f452-4bd3-8b3a-8266dcce6f11,2022-11-28,1,255,255,255
de6df37b-f452-4bd3-8b3a-8266dcce6f11,2023-01-09,1,192,192,192
de6df37b-f452-4bd3-8b3a-8266dcce6f11,2023-02-27,1,186,186,186
de6df37b-f452-4bd3-8b3a-8266dcce6f11,2023-03-20,1,299.99,299.99,299.99
de6df37b-f452-4bd3-8b3a-8266dcce6f11,2023-05-29,1,274.99,274.99,274.99
de6df37b-f452-4bd3-8b3a-8266dcce6f11,2023-06-19,1,204,204,204
de6df37b-f452-4bd3-8b3a-8266dcce6f11,2023-07-17,1,144,144,144
de6df37b-f452-4bd3-8b3a-8266dcce6f11,2023-07-24,1,180,180,180
de6df37b-f452-4bd3-8b3a-8266dcce6f11,2023-10-02,2,159,126,192
de6df37b-f452-4bd3-8b3a-8266dcce6f11,2023-10-23,1,196.77,196.77,196.77
de6df37b-f452-4bd3-8b3a-8266dcce6f11,2023-11-27,1,245,245,245
de6df37b-f452-4bd3-8b3a-8266dcce6f11,2023-12-18,1,175,175,175
de6df37b-f452-4bd3-8b3a-8266dcce6f11,2023-12-25,1,200,200,200
de6df37b-f452-4bd3-8b3a-8266dcce6f11,2024-02-05,1,150,150,150
de6df37b-f452-4bd3-8b3a-8266dcce6f11,2024-02-19,1,144,144,144
de6df37b-f452-4bd3-8b3a-8266dcce6f11,2024-02-26,2,171.25,170,172.5
de6df37b-f452-4bd3-8b3a-8266dcce6f11,2024-03-11,1,199.99,199.99,199.99
de6df37b-f452-4bd3-8b3a-8266dcce6f11,2024-03-18,1,121.14,121.14,121.14
de6df37b-f452-4bd3-8b3a-8266dcce6f11,2024-04-08,1,155.02,155.02,155.02
de6df37b-f452-4bd3-8b3a-8266dcce6f11,2024-05-06,1,110.4,110.4,110.4
de6df37b-f452-4bd3-8b3a-8266dcce6f11,2024-05-13,1,161.3,161.3,161.3
de6df37b-f452-4bd3-8b3a-8266dcce6f11,2024-05-20,1,140,140,140
de6df37b-f452-4bd3-8b3a-8266dcce6f11,2024-06-10,2,155.19,110.4,199.98
de6df37b-f452-4bd3-8b3a-8266dcce6f11,2024-06-24,1,112.8,112.8,112.8
de6df37b-f452-4bd3-8b3a-8266dcce6f11,2024-07-08,1,191.26,191.26,191.26
de6df37b-f452-4bd3-8b3a-8266dcce6f11,2024-07-22,1,170,170,170
de6df37b-f452-4bd3-8b3a-8266dcce6f11,2024-09-23,1,132,132,132
de6df37b-f452-4bd3-8b3a-8266dcce6f11,2024-10-07,1,125,125,125
de6df37b-f452-4bd3-8b3a-8266dcce6f11,2024-10-14,1,200,200,200
de6df37b-f452-4bd3-8b3a-8266dcce6f11,2024-10-21,1,153.5,153.5,153.5
de6df37b-f452-4bd3-8b3a-8266dcce6f11,2024-10-28,1,165.99,165.99,165.99
de6df37b-f452-4bd3-8b3a-8266dcce6f11,2024-12-09,4,128.38,104,189
de6df37b-f452-4bd3-8b3a-8266dcce6f11,2024-12-30,1,175,175,175
de6df37b-f452-4bd3-8b3a-8266dcce6f11,2025-01-27,2,211.25,172.5,250
de6df37b-f452-4bd3-8b3a-8266dcce6f11,2025-02-10,1,150,150,150
de6df37b-f452-4bd3-8b3a-8266dcce6f11,2025-02-17,1,144,144,144
de6df37b-f452-4bd3-8b3a-8266dcce6f11,2025-02-24,1,166.25,166.25,166.25
de6df37b-f452-4bd3-8b3a-8266dcce6f11,2025-03-03,1,230.5,230.5,230.5
de6df37b-f452-4bd3-8b3a-8266dcce6f11,2025-03-31,1,167.5,167.5,167.5
de6df37b-f452-4bd3-8b3a-8266dcce6f11,2025-04-07,1,174,174,174
de6df37b-f452-4bd3-8b3a-8266dcce6f11,2025-04-14,1,211.91,211.91,211.91
de6df37b-f452-4bd3-8b3a-8266dcce6f11,2025-05-05,1,146.5,146.5,146.5
de6df37b-f452-4bd3-8b3a-8266dcce6f11,2025-05-12,2,182.5,165,200
de6df37b-f452-4bd3-8b3a-8266dcce6f11,2025-05-19,1,195,195,195
de6df37b-f452-4bd3-8b3a-8266dcce6f11,2025-06-02,1,170,170,170
de6df37b-f452-4bd3-8b3a-8266dcce6f11,2025-06-09,2,158.5,155,162
de6df37b-f452-4bd3-8b3a-8266dcce6f11,2025-06-23,1,175,175,175
de6df37b-f452-4bd3-8b3a-8266dcce6f11,2025-08-11,2,219.83,204.67,235
de6df37b-f452-4bd3-8b3a-8266dcce6f11,2025-08-18,1,300,300,300
de6df37b-f452-4bd3-8b3a-8266dcce6f11,2025-09-01,1,355,355,355
de6df37b-f452-4bd3-8b3a-8266dcce6f11,2025-10-20,1,350,350,350
de6df37b-f452-4bd3-8b3a-8266dcce6f11,2025-11-17,1,350,350,350
de6df37b-f452-4bd3-8b3a-8266dcce6f11,2025-12-22,1,411.65,411.65,411.65
de6df37b-f452-4bd3-8b3a-8266dcce6f11,2025-12-29,1,430,430,430
de6df37b-f452-4bd3-8b3a-8266dcce6f11,2026-01-19,1,360,360,360
de6df37b-f452-4bd3-8b3a-8266dcce6f11,2026-02-09,1,449,449,449
de6df37b-f452-4bd3-8b3a-8266dcce6f11,2026-02-23,1,599.99,599.99,599.99
de6df37b-f452-4bd3-8b3a-8266dcce6f11,2026-03-02,2,554.5,510,599
de6df37b-f452-4bd3-8b3a-8266dcce6f11,2026-03-16,1,899,899,899
de6df37b-f452-4bd3-8b3a-8266dcce6f11,2026-04-06,1,888,888,888
de6df37b-f452-4bd3-8b3a-8266dcce6f11,2026-04-13,1,1399.99,1399.99,1399.99
de6df37b-f452-4bd3-8b3a-8266dcce6f11,2026-04-20,1,1025,1025,1025
de6df37b-f452-4bd3-8b3a-8266dcce6f11,2026-05-11,1,1435.69,1435.69,1435.69
de6df37b-f452-4bd3-8b3a-8266dcce6f11,2026-05-25,2,1140,1080,1200
de6df37b-f452-4bd3-8b3a-8266dcce6f11,2026-06-08,1,930,930,930
de6df37b-f452-4bd3-8b3a-8266dcce6f11,2026-06-29,1,903.5,903.5,903.5
de6df37b-f452-4bd3-8b3a-8266dcce6f11,2026-07-13,2,905,810,1000
de6df37b-f452-4bd3-8b3a-8266dcce6f11,2026-08-03,1,850,850,850
de6df37b-f452-4bd3-8b3a-8266dcce6f11,2026-08-10,1,660,660,660
de6df37b-f452-4bd3-8b3a-8266dcce6f11,2026-08-17,1,800,800,800
de6df37b-f452-4bd3-8b3a-8266dcce6f11,2026-08-24,2,785,770,800
de6df37b-f452-4bd3-8b3a-8266dcce6f11,2026-09-07,1,1000,1000,1000
de7137a5-7183-40fa-8ede-ad59783a5d45,2021-04-26,1,787,787,787
de7137a5-7183-40fa-8ede-ad59783a5d45,2021-05-24,1,610,610,610
de7137a5-7183-40fa-8ede-ad59783a5d45,2021-11-08,1,650,650,650
de7137a5-7183-40fa-8ede-ad59783a5d45,2022-01-03,1,900,900,900
de7137a5-7183-40fa-8ede-ad59783a5d45,2022-04-11,1,665.32,665.32,665.32
de7137a5-7183-40fa-8ede-ad59783a5d45,2022-12-12,1,1199,1199,1199
de7137a5-7183-40fa-8ede-ad59783a5d45,2023-02-13,1,999.99,999.99,999.99
de7137a5-7183-40fa-8ede-ad59783a5d45,2023-07-24,1,737.89,737.89,737.89
de7137a5-7183-40fa-8ede-ad59783a5d45,2024-05-13,1,3000,3000,3000
de7137a5-7183-40fa-8ede-ad59783a5d45,2024-05-20,1,955.39,955.39,955.39
de7137a5-7183-40fa-8ede-ad59783a5d45,2024-06-03,1,1299.99,1299.99,1299.99
de7137a5-7183-40fa-8ede-ad59783a5d45,2024-07-01,1,899.89,899.89,899.89
de7137a5-7183-40fa-8ede-ad59783a5d45,2024-08-26,1,990,990,990
de7137a5-7183-40fa-8ede-ad59783a5d45,2024-09-16,1,999.96,999.96,999.96
de7137a5-7183-40fa-8ede-ad59783a5d45,2024-09-23,1,1250,1250,1250
de7137a5-7183-40fa-8ede-ad59783a5d45,2024-11-11,1,1025,1025,1025
de7137a5-7183-40fa-8ede-ad59783a5d45,2025-01-06,2,1027.3,918.59,1136
de7137a5-7183-40fa-8ede-ad59783a5d45,2025-09-15,2,2052.39,1929.79,2175
de7137a5-7183-40fa-8ede-ad59783a5d45,2025-11-10,1,2700,2700,2700
de7137a5-7183-40fa-8ede-ad59783a5d45,2025-12-29,1,3400,3400,3400
de7137a5-7183-40fa-8ede-ad59783a5d45,2026-01-12,1,3500,3500,3500
de7137a5-7183-40fa-8ede-ad59783a5d45,2026-01-26,1,3900,3900,3900
de7137a5-7183-40fa-8ede-ad59783a5d45,2026-02-16,1,5000,5000,5000
de7137a5-7183-40fa-8ede-ad59783a5d45,2026-03-09,1,5552.4,5552.4,5552.4
de7137a5-7183-40fa-8ede-ad59783a5d45,2026-04-13,1,5445,5445,5445
de7137a5-7183-40fa-8ede-ad59783a5d45,2026-05-04,1,8100,8100,8100
de7137a5-7183-40fa-8ede-ad59783a5d45,2026-05-18,1,7900,7900,7900
de7137a5-7183-40fa-8ede-ad59783a5d45,2026-06-01,1,9500,9500,9500
de7137a5-7183-40fa-8ede-ad59783a5d45,2026-08-24,1,10100,10100,10100
de758d7f-2118-48fe-ae91-c6f7d832d14d,2023-12-11,3,80,76.05,94.99
de758d7f-2118-48fe-ae91-c6f7d832d14d,2023-12-18,6,83,70,109.99
de758d7f-2118-48fe-ae91-c6f7d832d14d,2023-12-25,3,76,49,82.01
de758d7f-2118-48fe-ae91-c6f7d832d14d,2024-01-01,6,73.37,51,152.5
de758d7f-2118-48fe-ae91-c6f7d832d14d,2024-01-08,8,69.99,59,76
de758d7f-2118-48fe-ae91-c6f7d832d14d,2024-01-15,15,61.1,42,199
de758d7f-2118-48fe-ae91-c6f7d832d14d,2024-01-22,13,49,26.77,66.01
de758d7f-2118-48fe-ae91-c6f7d832d14d,2024-01-29,8,55.8,36,62.4
de758d7f-2118-48fe-ae91-c6f7d832d14d,2024-02-05,18,50,35,55.1
de758d7f-2118-48fe-ae91-c6f7d832d14d,2024-02-12,15,50.34,38,58
de758d7f-2118-48fe-ae91-c6f7d832d14d,2024-02-19,15,52.2,31,58
de758d7f-2118-48fe-ae91-c6f7d832d14d,2024-02-26,23,48,38,64.66
de758d7f-2118-48fe-ae91-c6f7d832d14d,2024-03-04,15,50,37,126
de758d7f-2118-48fe-ae91-c6f7d832d14d,2024-03-11,13,44,31,59.27
de758d7f-2118-48fe-ae91-c6f7d832d14d,2024-03-18,13,50,38.4,81.92
de758d7f-2118-48fe-ae91-c6f7d832d14d,2024-03-25,7,41,36,52.99
de758d7f-2118-48fe-ae91-c6f7d832d14d,2024-04-01,9,43.99,33,58
de758d7f-2118-48fe-ae91-c6f7d832d14d,2024-04-08,6,46.5,26,52.2
de758d7f-2118-48fe-ae91-c6f7d832d14d,2024-04-15,7,47.99,41,52.2
de758d7f-2118-48fe-ae91-c6f7d832d14d,2024-04-22,8,50.12,30,117
de758d7f-2118-48fe-ae91-c6f7d832d14d,2024-04-29,3,41,36,48
de758d7f-2118-48fe-ae91-c6f7d832d14d,2024-05-06,3,42,36,49.99
de758d7f-2118-48fe-ae91-c6f7d832d14d,2024-05-13,6,48.3,40.8,54
de758d7f-2118-48fe-ae91-c6f7d832d14d,2024-05-20,5,51,48.6,54
de758d7f-2118-48fe-ae91-c6f7d832d14d,2024-05-27,9,48.6,39,58.69
de758d7f-2118-48fe-ae91-c6f7d832d14d,2024-06-03,6,48.49,40,64.87
de758d7f-2118-48fe-ae91-c6f7d832d14d,2024-06-10,5,47.5,37,49.99
de758d7f-2118-48fe-ae91-c6f7d832d14d,2024-06-17,7,43.74,31,50
de758d7f-2118-48fe-ae91-c6f7d832d14d,2024-06-24,5,43.74,36,48.6
de758d7f-2118-48fe-ae91-c6f7d832d14d,2024-07-01,8,48.6,27.99,67.11
de758d7f-2118-48fe-ae91-c6f7d832d14d,2024-07-08,8,43.74,40,48.6
de758d7f-2118-48fe-ae91-c6f7d832d14d,2024-07-15,6,47.39,43.74,65.06
de758d7f-2118-48fe-ae91-c6f7d832d14d,2024-07-22,5,50,48.6,60.25
de758d7f-2118-48fe-ae91-c6f7d832d14d,2024-07-29,9,49.99,41,72.72
de758d7f-2118-48fe-ae91-c6f7d832d14d,2024-08-05,8,44.92,31,56
de758d7f-2118-48fe-ae91-c6f7d832d14d,2024-08-12,7,41,38.4,68.26
de758d7f-2118-48fe-ae91-c6f7d832d14d,2024-08-19,6,54.5,32,71.16
de758d7f-2118-48fe-ae91-c6f7d832d14d,2024-08-26,8,47,33,69.99
de758d7f-2118-48fe-ae91-c6f7d832d14d,2024-09-02,6,50.5,39.62,54
de758d7f-2118-48fe-ae91-c6f7d832d14d,2024-09-09,11,56.5,28,71.89
de758d7f-2118-48fe-ae91-c6f7d832d14d,2024-09-16,2,48.4,41,55.8
de758d7f-2118-48fe-ae91-c6f7d832d14d,2024-09-23,8,58.49,50,91
de758d7f-2118-48fe-ae91-c6f7d832d14d,2024-09-30,5,55.8,49.2,69.44
de758d7f-2118-48fe-ae91-c6f7d832d14d,2024-10-07,4,59.01,50.98,99.99
de758d7f-2118-48fe-ae91-c6f7d832d14d,2024-10-14,5,49,37,65.22
de758d7f-2118-48fe-ae91-c6f7d832d14d,2024-10-21,4,58.99,24.99,73.05
de758d7f-2118-48fe-ae91-c6f7d832d14d,2024-10-28,3,59.99,56,61.74
de758d7f-2118-48fe-ae91-c6f7d832d14d,2024-11-04,4,47.78,41,55
de758d7f-2118-48fe-ae91-c6f7d832d14d,2024-11-11,6,54,45,65
de758d7f-2118-48fe-ae91-c6f7d832d14d,2024-11-18,9,52,46,65
de758d7f-2118-48fe-ae91-c6f7d832d14d,2024-11-25,8,55,49.99,74.99
de758d7f-2118-48fe-ae91-c6f7d832d14d,2024-12-02,5,55,41.99,69
de758d7f-2118-48fe-ae91-c6f7d832d14d,2024-12-09,9,67.52,59.99,71
de758d7f-2118-48fe-ae91-c6f7d832d14d,2024-12-16,2,59.5,59,60
de758d7f-2118-48fe-ae91-c6f7d832d14d,2024-12-23,2,55,50,60
de758d7f-2118-48fe-ae91-c6f7d832d14d,2024-12-30,2,56.5,50,62.99
de758d7f-2118-48fe-ae91-c6f7d832d14d,2025-01-06,2,65,60,69.99
de758d7f-2118-48fe-ae91-c6f7d832d14d,2025-01-13,10,64,50,85
de758d7f-2118-48fe-ae91-c6f7d832d14d,2025-01-20,14,72.5,58.14,89.99
de758d7f-2118-48fe-ae91-c6f7d832d14d,2025-01-27,11,72.95,55,92
de758d7f-2118-48fe-ae91-c6f7d832d14d,2025-02-03,11,76,58,100
de758d7f-2118-48fe-ae91-c6f7d832d14d,2025-02-10,6,82.5,65,94.12
de758d7f-2118-48fe-ae91-c6f7d832d14d,2025-02-17,8,88.12,77.67,99.97
de758d7f-2118-48fe-ae91-c6f7d832d14d,2025-02-24,15,85,76,102.5
de758d7f-2118-48fe-ae91-c6f7d832d14d,2025-03-03,12,95.5,73.41,124.37
de758d7f-2118-48fe-ae91-c6f7d832d14d,2025-03-10,9,92,85.01,103.42
de758d7f-2118-48fe-ae91-c6f7d832d14d,2025-03-17,9,98.4,75,130.9
de758d7f-2118-48fe-ae91-c6f7d832d14d,2025-03-24,1,92.05,92.05,92.05
de758d7f-2118-48fe-ae91-c6f7d832d14d,2025-03-31,3,93.99,91.2,102.48
de758d7f-2118-48fe-ae91-c6f7d832d14d,2025-04-07,6,88.5,78.77,95
de758d7f-2118-48fe-ae91-c6f7d832d14d,2025-04-14,2,92.3,89.6,95
de758d7f-2118-48fe-ae91-c6f7d832d14d,2025-04-21,4,94.5,85,123.35
de758d7f-2118-48fe-ae91-c6f7d832d14d,2025-04-28,4,91.5,90,99.99
de758d7f-2118-48fe-ae91-c6f7d832d14d,2025-05-05,3,122.42,87.1,130
de758d7f-2118-48fe-ae91-c6f7d832d14d,2025-05-12,7,85,38,104
de758d7f-2118-48fe-ae91-c6f7d832d14d,2025-05-19,6,88.5,76,99.99
de758d7f-2118-48fe-ae91-c6f7d832d14d,2025-05-26,4,82.5,67,107.8
de758d7f-2118-48fe-ae91-c6f7d832d14d,2025-06-02,5,90,80,129.8
de758d7f-2118-48fe-ae91-c6f7d832d14d,2025-06-09,5,82.8,76,95
de758d7f-2118-48fe-ae91-c6f7d832d14d,2025-06-16,7,94.99,77,128
de758d7f-2118-48fe-ae91-c6f7d832d14d,2025-06-23,3,100,99.99,110
de758d7f-2118-48fe-ae91-c6f7d832d14d,2025-06-30,3,95,86,111
de758d7f-2118-48fe-ae91-c6f7d832d14d,2025-07-07,3,99.99,90,100
de758d7f-2118-48fe-ae91-c6f7d832d14d,2025-07-14,4,101.13,85.2,120
de758d7f-2118-48fe-ae91-c6f7d832d14d,2025-07-21,4,88.5,80,114
de758d7f-2118-48fe-ae91-c6f7d832d14d,2025-07-28,3,90,88,111
de758d7f-2118-48fe-ae91-c6f7d832d14d,2025-08-04,2,85.5,76,95
de758d7f-2118-48fe-ae91-c6f7d832d14d,2025-08-11,5,98,90,126
de758d7f-2118-48fe-ae91-c6f7d832d14d,2025-08-18,3,85,78.4,89
de758d7f-2118-48fe-ae91-c6f7d832d14d,2025-08-25,5,106,90,119.99
de758d7f-2118-48fe-ae91-c6f7d832d14d,2025-09-01,8,99.38,81,125
de758d7f-2118-48fe-ae91-c6f7d832d14d,2025-09-08,6,104.47,85,120.5
de758d7f-2118-48fe-ae91-c6f7d832d14d,2025-09-15,6,119.5,100,120.56
de758d7f-2118-48fe-ae91-c6f7d832d14d,2025-09-22,5,115,107.5,129.99
de758d7f-2118-48fe-ae91-c6f7d832d14d,2025-09-29,4,116.25,105.5,135
de758d7f-2118-48fe-ae91-c6f7d832d14d,2025-10-06,5,99.77,86.01,200
de758d7f-2118-48fe-ae91-c6f7d832d14d,2025-10-13,2,123.5,112,135
de758d7f-2118-48fe-ae91-c6f7d832d14d,2025-10-20,4,105.12,90,120
de758d7f-2118-48fe-ae91-c6f7d832d14d,2025-10-27,4,86.2,80,88
de758d7f-2118-48fe-ae91-c6f7d832d14d,2025-11-03,1,95,95,95
de758d7f-2118-48fe-ae91-c6f7d832d14d,2025-11-10,7,111.03,89,135
de758d7f-2118-48fe-ae91-c6f7d832d14d,2025-11-17,5,112.5,72.97,125
de758d7f-2118-48fe-ae91-c6f7d832d14d,2025-11-24,3,106,102.5,111
de758d7f-2118-48fe-ae91-c6f7d832d14d,2025-12-01,4,105.81,91,149.99
de758d7f-2118-48fe-ae91-c6f7d832d14d,2025-12-08,3,110,102.5,175.2
de758d7f-2118-48fe-ae91-c6f7d832d14d,2025-12-15,6,100.35,82,104.38
de758d7f-2118-48fe-ae91-c6f7d832d14d,2025-12-22,5,97.2,76,129
de758d7f-2118-48fe-ae91-c6f7d832d14d,2025-12-29,3,115,91,130
de758d7f-2118-48fe-ae91-c6f7d832d14d,2026-01-05,9,99.99,86,110
de758d7f-2118-48fe-ae91-c6f7d832d14d,2026-01-12,2,105,105,105
de758d7f-2118-48fe-ae91-c6f7d832d14d,2026-01-19,7,109.43,100,120
de758d7f-2118-48fe-ae91-c6f7d832d14d,2026-01-26,2,103.5,100,107
de758d7f-2118-48fe-ae91-c6f7d832d14d,2026-02-02,5,105,87,128.5
de758d7f-2118-48fe-ae91-c6f7d832d14d,2026-02-09,4,117.5,110.5,119.99
de758d7f-2118-48fe-ae91-c6f7d832d14d,2026-02-16,5,120,100,139.99
de758d7f-2118-48fe-ae91-c6f7d832d14d,2026-02-23,4,126.75,100,130
de758d7f-2118-48fe-ae91-c6f7d832d14d,2026-03-02,6,132.03,125,139.99
de758d7f-2118-48fe-ae91-c6f7d832d14d,2026-03-09,10,144.07,55,154.5
de758d7f-2118-48fe-ae91-c6f7d832d14d,2026-03-16,8,150,120,198.99
de758d7f-2118-48fe-ae91-c6f7d832d14d,2026-03-23,7,146.75,139.99,200
de758d7f-2118-48fe-ae91-c6f7d832d14d,2026-03-30,14,151.25,100,199
de758d7f-2118-48fe-ae91-c6f7d832d14d,2026-04-06,13,149,106,175
de758d7f-2118-48fe-ae91-c6f7d832d14d,2026-04-13,6,179,150,200.01
de758d7f-2118-48fe-ae91-c6f7d832d14d,2026-04-20,9,194.31,175.9,199.99
de758d7f-2118-48fe-ae91-c6f7d832d14d,2026-04-27,7,202.5,173.5,250
de758d7f-2118-48fe-ae91-c6f7d832d14d,2026-05-04,5,214.5,165,230.44
de758d7f-2118-48fe-ae91-c6f7d832d14d,2026-05-11,2,262.25,239.51,285
de758d7f-2118-48fe-ae91-c6f7d832d14d,2026-05-18,2,244.32,219.99,268.65
de758d7f-2118-48fe-ae91-c6f7d832d14d,2026-05-25,7,205,173.56,235
de758d7f-2118-48fe-ae91-c6f7d832d14d,2026-06-01,5,208.5,192.5,247.38
de758d7f-2118-48fe-ae91-c6f7d832d14d,2026-06-08,6,243.5,227.99,247.5
de758d7f-2118-48fe-ae91-c6f7d832d14d,2026-06-15,5,210,192.5,231.6
de758d7f-2118-48fe-ae91-c6f7d832d14d,2026-06-22,4,207.34,175.97,315.09
de758d7f-2118-48fe-ae91-c6f7d832d14d,2026-06-29,5,183.8,145.5,270
de758d7f-2118-48fe-ae91-c6f7d832d14d,2026-07-06,2,196.25,195,197.5
de758d7f-2118-48fe-ae91-c6f7d832d14d,2026-07-13,4,168.33,127.5,250
de758d7f-2118-48fe-ae91-c6f7d832d14d,2026-07-20,3,168,138,225
de758d7f-2118-48fe-ae91-c6f7d832d14d,2026-07-27,4,194.5,180,199.99
de758d7f-2118-48fe-ae91-c6f7d832d14d,2026-08-03,7,189.5,158.5,218.1
de758d7f-2118-48fe-ae91-c6f7d832d14d,2026-08-10,5,176,125.5,210
de758d7f-2118-48fe-ae91-c6f7d832d14d,2026-08-17,4,178.75,162.5,294.69
de758d7f-2118-48fe-ae91-c6f7d832d14d,2026-08-24,12,154.5,133,210
de758d7f-2118-48fe-ae91-c6f7d832d14d,2026-08-31,3,157.5,117.5,179.99
de758d7f-2118-48fe-ae91-c6f7d832d14d,2026-09-07,10,154.25,125,189.57
de758d7f-2118-48fe-ae91-c6f7d832d14d,2026-09-14,2,137.5,132,143
de76f7d8-7cbc-4197-821f-9b84fa2b37c7,2024-05-20,1,33.99,33.99,33.99
de785869-a89d-4daa-b9ee-acd7cda032b0,2023-04-24,1,400,400,400
de785869-a89d-4daa-b9ee-acd7cda032b0,2023-09-18,1,205.32,205.32,205.32
de785869-a89d-4daa-b9ee-acd7cda032b0,2026-08-03,1,3500,3500,3500
de78d617-f331-4498-98b5-df84176cb9e3,2026-07-27,1,49,49,49
de78d617-f331-4498-98b5-df84176cb9e3,2026-08-03,2,39,32,46
de78d617-f331-4498-98b5-df84176cb9e3,2026-08-24,2,36.5,26,47
de78d617-f331-4498-98b5-df84176cb9e3,2026-08-31,1,36,36,36
de7e5320-6cf6-41cd-bb89-4c1aeb550957,2021-03-08,1,61,61,61
de7e5320-6cf6-41cd-bb89-4c1aeb550957,2021-07-12,1,300,300,300
de7e5320-6cf6-41cd-bb89-4c1aeb550957,2021-08-23,2,97.5,69.99,125
de7e5320-6cf6-41cd-bb89-4c1aeb550957,2021-09-13,1,55.99,55.99,55.99
de7e5320-6cf6-41cd-bb89-4c1aeb550957,2021-10-04,1,51.69,51.69,51.69
de7e5320-6cf6-41cd-bb89-4c1aeb550957,2021-10-11,1,20.5,20.5,20.5
de7e5320-6cf6-41cd-bb89-4c1aeb550957,2021-11-01,1,50,50,50
de7e5320-6cf6-41cd-bb89-4c1aeb550957,2021-12-13,1,69.99,69.99,69.99
de7e5320-6cf6-41cd-bb89-4c1aeb550957,2022-01-10,1,70,70,70
de7e5320-6cf6-41cd-bb89-4c1aeb550957,2022-02-14,1,110,110,110
de7e5320-6cf6-41cd-bb89-4c1aeb550957,2022-03-14,1,36,36,36
de7e5320-6cf6-41cd-bb89-4c1aeb550957,2022-04-04,1,110,110,110
de7e5320-6cf6-41cd-bb89-4c1aeb550957,2022-05-09,1,51.6,51.6,51.6
de7e5320-6cf6-41cd-bb89-4c1aeb550957,2022-05-30,1,29.99,29.99,29.99
de7e5320-6cf6-41cd-bb89-4c1aeb550957,2022-06-27,2,55.5,49.99,61
de7e5320-6cf6-41cd-bb89-4c1aeb550957,2022-07-25,1,46.6,46.6,46.6
de7e5320-6cf6-41cd-bb89-4c1aeb550957,2022-08-29,1,46.32,46.32,46.32
de7e5320-6cf6-41cd-bb89-4c1aeb550957,2022-11-28,1,60,60,60
de7e5320-6cf6-41cd-bb89-4c1aeb550957,2023-10-09,1,40,40,40
de7e5320-6cf6-41cd-bb89-4c1aeb550957,2024-01-08,1,34.33,34.33,34.33
de7e5320-6cf6-41cd-bb89-4c1aeb550957,2024-02-12,1,44.99,44.99,44.99
de7e5320-6cf6-41cd-bb89-4c1aeb550957,2024-02-26,1,27,27,27
de7e5320-6cf6-41cd-bb89-4c1aeb550957,2024-12-09,2,50,49.99,50
de7e5320-6cf6-41cd-bb89-4c1aeb550957,2025-03-17,1,39.92,39.92,39.92
de7e5320-6cf6-41cd-bb89-4c1aeb550957,2025-04-21,1,53,53,53
de7e5320-6cf6-41cd-bb89-4c1aeb550957,2025-06-30,1,31.5,31.5,31.5
de7e5320-6cf6-41cd-bb89-4c1aeb550957,2025-07-28,1,49.49,49.49,49.49
de7e5320-6cf6-41cd-bb89-4c1aeb550957,2025-09-15,1,59.99,59.99,59.99
de7e5320-6cf6-41cd-bb89-4c1aeb550957,2026-03-30,1,79.99,79.99,79.99
de7e5320-6cf6-41cd-bb89-4c1aeb550957,2026-04-06,1,56.4,56.4,56.4
de7e5320-6cf6-41cd-bb89-4c1aeb550957,2026-05-11,1,62.4,62.4,62.4
de7e5320-6cf6-41cd-bb89-4c1aeb550957,2026-05-18,1,89,89,89
de7f5b88-70cc-4134-a942-1e1c115ebe14,2025-04-07,1,100,100,100
de8169b2-d4f4-4e00-8441-1eaa06f120a3,2022-07-18,4,43.25,41,55
de8169b2-d4f4-4e00-8441-1eaa06f120a3,2022-07-25,3,39.74,33,39.98
de8169b2-d4f4-4e00-8441-1eaa06f120a3,2022-08-01,2,32.25,22.5,42
de8169b2-d4f4-4e00-8441-1eaa06f120a3,2022-08-08,4,47,40,51
de8169b2-d4f4-4e00-8441-1eaa06f120a3,2022-08-15,1,40,40,40
de8169b2-d4f4-4e00-8441-1eaa06f120a3,2022-08-29,4,52,29.55,57.58
de8169b2-d4f4-4e00-8441-1eaa06f120a3,2022-09-05,1,28,28,28
de8169b2-d4f4-4e00-8441-1eaa06f120a3,2022-09-12,5,39,28,46
de8169b2-d4f4-4e00-8441-1eaa06f120a3,2022-09-19,3,28.85,27.55,54.39
de8169b2-d4f4-4e00-8441-1eaa06f120a3,2022-09-26,3,48.43,35,49.99
de8169b2-d4f4-4e00-8441-1eaa06f120a3,2022-10-03,2,38,35,41
de8169b2-d4f4-4e00-8441-1eaa06f120a3,2022-10-10,2,35.47,30.99,39.95
de8169b2-d4f4-4e00-8441-1eaa06f120a3,2022-10-17,4,36.5,26,79.99
de8169b2-d4f4-4e00-8441-1eaa06f120a3,2022-11-14,1,47.11,47.11,47.11
de8169b2-d4f4-4e00-8441-1eaa06f120a3,2022-11-21,2,54.13,43.75,64.51
de8169b2-d4f4-4e00-8441-1eaa06f120a3,2022-11-28,1,33,33,33
de8169b2-d4f4-4e00-8441-1eaa06f120a3,2022-12-05,1,112.49,112.49,112.49
de8169b2-d4f4-4e00-8441-1eaa06f120a3,2022-12-12,3,40,40,45
de8169b2-d4f4-4e00-8441-1eaa06f120a3,2022-12-19,1,44.99,44.99,44.99
de8169b2-d4f4-4e00-8441-1eaa06f120a3,2022-12-26,4,40,28.99,43
de8169b2-d4f4-4e00-8441-1eaa06f120a3,2023-01-02,1,30,30,30
de8169b2-d4f4-4e00-8441-1eaa06f120a3,2023-01-09,2,51.23,42.48,59.99
de8169b2-d4f4-4e00-8441-1eaa06f120a3,2023-01-16,3,44,22.5,49.47
de8169b2-d4f4-4e00-8441-1eaa06f120a3,2023-01-23,1,46,46,46
de8169b2-d4f4-4e00-8441-1eaa06f120a3,2023-01-30,2,38.83,27.65,50
de8169b2-d4f4-4e00-8441-1eaa06f120a3,2023-02-20,2,34.9,32.4,37.4
de8169b2-d4f4-4e00-8441-1eaa06f120a3,2023-02-27,1,20.5,20.5,20.5
de8169b2-d4f4-4e00-8441-1eaa06f120a3,2023-03-06,1,42,42,42
de8169b2-d4f4-4e00-8441-1eaa06f120a3,2023-03-13,1,31.02,31.02,31.02
de8169b2-d4f4-4e00-8441-1eaa06f120a3,2023-03-20,3,30,24.5,38
de8169b2-d4f4-4e00-8441-1eaa06f120a3,2023-03-27,1,43.99,43.99,43.99
de8169b2-d4f4-4e00-8441-1eaa06f120a3,2023-04-03,4,27.1,20,43
de8169b2-d4f4-4e00-8441-1eaa06f120a3,2023-04-10,2,26.19,22.37,30
de8169b2-d4f4-4e00-8441-1eaa06f120a3,2023-04-17,1,28.27,28.27,28.27
de8169b2-d4f4-4e00-8441-1eaa06f120a3,2023-04-24,1,43.21,43.21,43.21
de8169b2-d4f4-4e00-8441-1eaa06f120a3,2023-05-08,1,29.01,29.01,29.01
de8169b2-d4f4-4e00-8441-1eaa06f120a3,2023-05-15,3,40,26.7,49.75
de8169b2-d4f4-4e00-8441-1eaa06f120a3,2023-05-29,1,40,40,40
de8169b2-d4f4-4e00-8441-1eaa06f120a3,2023-06-05,1,33,33,33
de8169b2-d4f4-4e00-8441-1eaa06f120a3,2023-06-12,2,25.25,20.5,30
de8169b2-d4f4-4e00-8441-1eaa06f120a3,2023-06-26,1,25,25,25
de8169b2-d4f4-4e00-8441-1eaa06f120a3,2023-07-03,2,37.5,34.99,40
de8169b2-d4f4-4e00-8441-1eaa06f120a3,2023-07-10,2,20.25,20,20.5
de8169b2-d4f4-4e00-8441-1eaa06f120a3,2023-07-17,2,30,25,35
de8169b2-d4f4-4e00-8441-1eaa06f120a3,2023-07-24,3,27.5,21.5,39.99
de8169b2-d4f4-4e00-8441-1eaa06f120a3,2023-08-14,3,30,21.01,37.36
de8169b2-d4f4-4e00-8441-1eaa06f120a3,2023-08-21,2,36.5,35,38
de8169b2-d4f4-4e00-8441-1eaa06f120a3,2023-09-04,1,31.2,31.2,31.2
de8169b2-d4f4-4e00-8441-1eaa06f120a3,2023-09-11,1,28.51,28.51,28.51
de8169b2-d4f4-4e00-8441-1eaa06f120a3,2023-10-09,1,22.01,22.01,22.01
de8169b2-d4f4-4e00-8441-1eaa06f120a3,2023-11-06,1,43.37,43.37,43.37
de8169b2-d4f4-4e00-8441-1eaa06f120a3,2023-11-13,3,20.4,20.4,30.99
de8169b2-d4f4-4e00-8441-1eaa06f120a3,2023-11-20,1,15.6,15.6,15.6
de8169b2-d4f4-4e00-8441-1eaa06f120a3,2023-11-27,1,20.5,20.5,20.5
de8169b2-d4f4-4e00-8441-1eaa06f120a3,2023-12-04,1,21.5,21.5,21.5
de8169b2-d4f4-4e00-8441-1eaa06f120a3,2024-01-01,2,24.02,18.05,29.99
de8169b2-d4f4-4e00-8441-1eaa06f120a3,2024-01-29,2,25.25,20.5,30
de8169b2-d4f4-4e00-8441-1eaa06f120a3,2024-02-05,1,16.48,16.48,16.48
de8169b2-d4f4-4e00-8441-1eaa06f120a3,2024-03-04,1,20,20,20
de8169b2-d4f4-4e00-8441-1eaa06f120a3,2024-03-11,1,31.99,31.99,31.99
de8169b2-d4f4-4e00-8441-1eaa06f120a3,2024-04-01,2,30.35,15.71,44.99
de8169b2-d4f4-4e00-8441-1eaa06f120a3,2024-04-08,2,21,20,22
de8169b2-d4f4-4e00-8441-1eaa06f120a3,2024-04-15,1,13.5,13.5,13.5
de8169b2-d4f4-4e00-8441-1eaa06f120a3,2024-04-22,1,24,24,24
de8169b2-d4f4-4e00-8441-1eaa06f120a3,2024-04-29,1,32.69,32.69,32.69
de8169b2-d4f4-4e00-8441-1eaa06f120a3,2024-05-27,1,29.2,29.2,29.2
de8169b2-d4f4-4e00-8441-1eaa06f120a3,2024-06-10,1,22.5,22.5,22.5
de8169b2-d4f4-4e00-8441-1eaa06f120a3,2024-07-15,1,18.3,18.3,18.3
de8169b2-d4f4-4e00-8441-1eaa06f120a3,2024-08-05,1,16.37,16.37,16.37
de8169b2-d4f4-4e00-8441-1eaa06f120a3,2024-08-12,1,18.06,18.06,18.06
de8169b2-d4f4-4e00-8441-1eaa06f120a3,2024-09-02,1,35,35,35
de8169b2-d4f4-4e00-8441-1eaa06f120a3,2024-09-16,1,18.5,18.5,18.5
de8169b2-d4f4-4e00-8441-1eaa06f120a3,2024-10-21,1,23.5,23.5,23.5
de8169b2-d4f4-4e00-8441-1eaa06f120a3,2024-10-28,2,23.57,17.5,29.65
de8169b2-d4f4-4e00-8441-1eaa06f120a3,2024-11-04,1,12,12,12
de8169b2-d4f4-4e00-8441-1eaa06f120a3,2024-11-11,1,35,35,35
de8169b2-d4f4-4e00-8441-1eaa06f120a3,2024-11-25,1,30,30,30
de8169b2-d4f4-4e00-8441-1eaa06f120a3,2024-12-02,2,24.25,13.5,35
de8169b2-d4f4-4e00-8441-1eaa06f120a3,2024-12-16,1,29.99,29.99,29.99
de8169b2-d4f4-4e00-8441-1eaa06f120a3,2024-12-23,1,24.99,24.99,24.99
de8169b2-d4f4-4e00-8441-1eaa06f120a3,2025-01-06,1,31.12,31.12,31.12
de8169b2-d4f4-4e00-8441-1eaa06f120a3,2025-01-13,1,18.5,18.5,18.5
de8169b2-d4f4-4e00-8441-1eaa06f120a3,2025-01-20,2,22.49,22,22.99
de8169b2-d4f4-4e00-8441-1eaa06f120a3,2025-02-03,1,25.75,25.75,25.75
de8169b2-d4f4-4e00-8441-1eaa06f120a3,2025-02-24,1,18.5,18.5,18.5
de8169b2-d4f4-4e00-8441-1eaa06f120a3,2025-03-10,1,25,25,25
de8169b2-d4f4-4e00-8441-1eaa06f120a3,2025-03-17,1,29.99,29.99,29.99
de8169b2-d4f4-4e00-8441-1eaa06f120a3,2025-04-07,1,30,30,30
de8169b2-d4f4-4e00-8441-1eaa06f120a3,2025-05-05,1,30,30,30
de8169b2-d4f4-4e00-8441-1eaa06f120a3,2025-05-26,1,21.5,21.5,21.5
de8169b2-d4f4-4e00-8441-1eaa06f120a3,2025-06-02,2,17.5,14.5,20.5
de8169b2-d4f4-4e00-8441-1eaa06f120a3,2025-06-09,1,20,20,20
de8169b2-d4f4-4e00-8441-1eaa06f120a3,2025-06-16,1,27,27,27
de8169b2-d4f4-4e00-8441-1eaa06f120a3,2025-06-23,1,21,21,21
de8169b2-d4f4-4e00-8441-1eaa06f120a3,2025-07-28,3,32,31.47,49.99
de8169b2-d4f4-4e00-8441-1eaa06f120a3,2025-08-11,2,59.97,39.95,79.99
de8169b2-d4f4-4e00-8441-1eaa06f120a3,2025-09-01,1,27,27,27
de8169b2-d4f4-4e00-8441-1eaa06f120a3,2025-09-15,3,30.99,25,38
de8169b2-d4f4-4e00-8441-1eaa06f120a3,2025-09-22,1,37.99,37.99,37.99
de8169b2-d4f4-4e00-8441-1eaa06f120a3,2025-09-29,1,40,40,40
de8169b2-d4f4-4e00-8441-1eaa06f120a3,2025-10-20,1,37.69,37.69,37.69
de8169b2-d4f4-4e00-8441-1eaa06f120a3,2025-10-27,3,45,39.99,55
de8169b2-d4f4-4e00-8441-1eaa06f120a3,2025-11-17,2,31.38,28.77,34
de8169b2-d4f4-4e00-8441-1eaa06f120a3,2025-12-08,1,66,66,66
de8169b2-d4f4-4e00-8441-1eaa06f120a3,2025-12-22,1,50.88,50.88,50.88
de8169b2-d4f4-4e00-8441-1eaa06f120a3,2026-01-05,1,41,41,41
de8169b2-d4f4-4e00-8441-1eaa06f120a3,2026-02-09,1,26,26,26
de8169b2-d4f4-4e00-8441-1eaa06f120a3,2026-02-16,4,56.5,26.4,70
de8169b2-d4f4-4e00-8441-1eaa06f120a3,2026-03-23,1,56.45,56.45,56.45
de8169b2-d4f4-4e00-8441-1eaa06f120a3,2026-03-30,1,45,45,45
de8169b2-d4f4-4e00-8441-1eaa06f120a3,2026-04-06,1,50.88,50.88,50.88
de8169b2-d4f4-4e00-8441-1eaa06f120a3,2026-05-11,1,49.2,49.2,49.2
de8169b2-d4f4-4e00-8441-1eaa06f120a3,2026-05-25,1,60,60,60
de8169b2-d4f4-4e00-8441-1eaa06f120a3,2026-06-08,1,37,37,37
de8169b2-d4f4-4e00-8441-1eaa06f120a3,2026-06-29,1,50,50,50
de8169b2-d4f4-4e00-8441-1eaa06f120a3,2026-07-06,1,39,39,39
de8169b2-d4f4-4e00-8441-1eaa06f120a3,2026-08-10,2,59.99,30,89.99
de8169b2-d4f4-4e00-8441-1eaa06f120a3,2026-08-17,1,71.23,71.23,71.23
de820629-d49a-4d54-899c-ca4b3d11be37,2021-07-05,1,124.57,124.57,124.57
de820629-d49a-4d54-899c-ca4b3d11be37,2022-01-24,1,150,150,150
de820629-d49a-4d54-899c-ca4b3d11be37,2022-05-23,1,50.01,50.01,50.01
de820629-d49a-4d54-899c-ca4b3d11be37,2022-06-27,3,61,52,62
de820629-d49a-4d54-899c-ca4b3d11be37,2025-05-19,1,346,346,346
de820629-d49a-4d54-899c-ca4b3d11be37,2025-11-03,1,676,676,676
de820629-d49a-4d54-899c-ca4b3d11be37,2026-03-02,2,1050,1050,1050
de820629-d49a-4d54-899c-ca4b3d11be37,2026-03-09,1,1010,1010,1010
de820629-d49a-4d54-899c-ca4b3d11be37,2026-04-06,2,1677.5,1230,2125
de820629-d49a-4d54-899c-ca4b3d11be37,2026-07-20,1,1710,1710,1710
de820629-d49a-4d54-899c-ca4b3d11be37,2026-08-31,2,2070,1890,2250
de84cc21-8bce-4755-9a13-f05f8b127fd6,2025-04-28,1,134.3,134.3,134.3
de870496-ae95-4368-b3e9-86c69af5df19,2024-05-06,2,60.31,33,87.63
de870496-ae95-4368-b3e9-86c69af5df19,2024-06-03,1,60,60,60
de870496-ae95-4368-b3e9-86c69af5df19,2024-06-10,1,34.99,34.99,34.99
de870496-ae95-4368-b3e9-86c69af5df19,2024-06-17,1,21.5,21.5,21.5
de870496-ae95-4368-b3e9-86c69af5df19,2024-06-24,3,39,20.5,39.99
de870496-ae95-4368-b3e9-86c69af5df19,2024-07-08,1,18.51,18.51,18.51
de870496-ae95-4368-b3e9-86c69af5df19,2024-07-15,2,17.49,15,19.99
de870496-ae95-4368-b3e9-86c69af5df19,2024-07-29,2,28.5,26,31
de870496-ae95-4368-b3e9-86c69af5df19,2024-08-05,1,23.5,23.5,23.5
de870496-ae95-4368-b3e9-86c69af5df19,2024-08-12,2,29,29,29
de870496-ae95-4368-b3e9-86c69af5df19,2024-08-19,1,25,25,25
de870496-ae95-4368-b3e9-86c69af5df19,2024-08-26,1,40,40,40
de870496-ae95-4368-b3e9-86c69af5df19,2024-09-09,2,25.75,20.5,31
de870496-ae95-4368-b3e9-86c69af5df19,2024-10-14,2,17.62,17.19,18.05
de870496-ae95-4368-b3e9-86c69af5df19,2024-12-09,1,35,35,35
de870496-ae95-4368-b3e9-86c69af5df19,2024-12-16,1,33,33,33
de870496-ae95-4368-b3e9-86c69af5df19,2024-12-30,2,34.98,30,39.95
de870496-ae95-4368-b3e9-86c69af5df19,2025-01-20,2,35.17,32,38.35
de870496-ae95-4368-b3e9-86c69af5df19,2025-01-27,1,38.13,38.13,38.13
de870496-ae95-4368-b3e9-86c69af5df19,2025-02-03,1,59.99,59.99,59.99
de870496-ae95-4368-b3e9-86c69af5df19,2025-03-10,2,45.75,41.5,49.99
de870496-ae95-4368-b3e9-86c69af5df19,2025-04-14,1,35.6,35.6,35.6
de870496-ae95-4368-b3e9-86c69af5df19,2025-05-05,1,79.99,79.99,79.99
de870496-ae95-4368-b3e9-86c69af5df19,2025-05-19,2,22.3,18.61,26
de870496-ae95-4368-b3e9-86c69af5df19,2025-06-02,1,30,30,30
de870496-ae95-4368-b3e9-86c69af5df19,2025-06-09,1,31,31,31
de870496-ae95-4368-b3e9-86c69af5df19,2025-06-30,1,29.99,29.99,29.99
de870496-ae95-4368-b3e9-86c69af5df19,2025-07-21,2,32,28,36
de870496-ae95-4368-b3e9-86c69af5df19,2025-08-04,1,55,55,55
de870496-ae95-4368-b3e9-86c69af5df19,2025-09-22,2,34.69,33.37,36
de870496-ae95-4368-b3e9-86c69af5df19,2025-09-29,1,26.4,26.4,26.4
de870496-ae95-4368-b3e9-86c69af5df19,2025-11-03,1,31.26,31.26,31.26
de870496-ae95-4368-b3e9-86c69af5df19,2025-12-01,1,29.99,29.99,29.99
de870496-ae95-4368-b3e9-86c69af5df19,2025-12-22,1,27.6,27.6,27.6
de870496-ae95-4368-b3e9-86c69af5df19,2026-01-12,1,29.99,29.99,29.99
de870496-ae95-4368-b3e9-86c69af5df19,2026-01-26,1,35,35,35
de870496-ae95-4368-b3e9-86c69af5df19,2026-02-09,1,34,34,34
de870496-ae95-4368-b3e9-86c69af5df19,2026-04-06,1,35,35,35
de870496-ae95-4368-b3e9-86c69af5df19,2026-04-13,2,30.1,25.2,35
de870496-ae95-4368-b3e9-86c69af5df19,2026-05-11,1,60,60,60
de870496-ae95-4368-b3e9-86c69af5df19,2026-06-01,1,50,50,50
de870496-ae95-4368-b3e9-86c69af5df19,2026-06-08,1,62.55,62.55,62.55
de870496-ae95-4368-b3e9-86c69af5df19,2026-06-29,1,75,75,75
de870496-ae95-4368-b3e9-86c69af5df19,2026-08-17,1,43.2,43.2,43.2
de870496-ae95-4368-b3e9-86c69af5df19,2026-08-31,1,79.95,79.95,79.95
de9469fb-3e6c-4c10-9279-2c3c1a57180e,2024-07-08,1,17.92,17.92,17.92
de955bf8-3ac1-414a-8207-576167a8978a,2023-07-17,1,499.99,499.99,499.99
de955bf8-3ac1-414a-8207-576167a8978a,2026-01-19,1,650,650,650
de955bf8-3ac1-414a-8207-576167a8978a,2026-03-30,1,850,850,850
de955bf8-3ac1-414a-8207-576167a8978a,2026-09-14,1,2777,2777,2777
de958e28-b161-437d-85cb-752069f44125,2021-03-22,1,147.5,147.5,147.5
de958e28-b161-437d-85cb-752069f44125,2021-03-29,1,202.5,202.5,202.5
de958e28-b161-437d-85cb-752069f44125,2021-05-10,1,179.5,179.5,179.5
de958e28-b161-437d-85cb-752069f44125,2021-11-15,2,115,64,166
de958e28-b161-437d-85cb-752069f44125,2021-11-22,1,125,125,125
de958e28-b161-437d-85cb-752069f44125,2021-11-29,1,83,83,83
de958e28-b161-437d-85cb-752069f44125,2021-12-13,2,84,76,92
de958e28-b161-437d-85cb-752069f44125,2022-01-31,1,79,79,79
de958e28-b161-437d-85cb-752069f44125,2022-02-07,1,72,72,72
de958e28-b161-437d-85cb-752069f44125,2022-02-14,1,67.2,67.2,67.2
de958e28-b161-437d-85cb-752069f44125,2022-02-21,2,84,74.4,93.6
de958e28-b161-437d-85cb-752069f44125,2022-02-28,2,55.8,49.2,62.4
de958e28-b161-437d-85cb-752069f44125,2022-03-21,5,40.8,39.6,81.1
de958e28-b161-437d-85cb-752069f44125,2022-03-28,3,75,70,81.6
de958e28-b161-437d-85cb-752069f44125,2022-04-04,2,64.25,56.4,72.1
de958e28-b161-437d-85cb-752069f44125,2022-04-11,2,65.1,43.2,87
de958e28-b161-437d-85cb-752069f44125,2022-05-09,3,49.2,46.8,64.8
de958e28-b161-437d-85cb-752069f44125,2022-05-16,2,38.4,37.2,39.6
de958e28-b161-437d-85cb-752069f44125,2022-05-23,2,31.2,31.2,31.2
de958e28-b161-437d-85cb-752069f44125,2022-05-30,2,45.6,44.4,46.8
de958e28-b161-437d-85cb-752069f44125,2022-06-13,3,51.6,38.4,52
de958e28-b161-437d-85cb-752069f44125,2022-06-20,1,43.5,43.5,43.5
de958e28-b161-437d-85cb-752069f44125,2022-06-27,4,52,40.8,77.07
de958e28-b161-437d-85cb-752069f44125,2022-07-04,2,43.2,43.2,43.2
de958e28-b161-437d-85cb-752069f44125,2022-07-11,1,33.6,33.6,33.6
de958e28-b161-437d-85cb-752069f44125,2022-08-01,1,92,92,92
de958e28-b161-437d-85cb-752069f44125,2022-08-08,2,43.8,43.2,44.4
de958e28-b161-437d-85cb-752069f44125,2022-08-15,2,78.39,60,96.78
de958e28-b161-437d-85cb-752069f44125,2022-08-22,2,49.2,45.6,52.8
de958e28-b161-437d-85cb-752069f44125,2022-08-29,2,45.6,44.4,46.8
de958e28-b161-437d-85cb-752069f44125,2022-09-05,1,48,48,48
de958e28-b161-437d-85cb-752069f44125,2022-09-12,1,44.4,44.4,44.4
de958e28-b161-437d-85cb-752069f44125,2022-09-19,2,45.58,41.96,49.2
de958e28-b161-437d-85cb-752069f44125,2022-10-03,1,50,50,50
de958e28-b161-437d-85cb-752069f44125,2022-10-24,1,73.39,73.39,73.39
de958e28-b161-437d-85cb-752069f44125,2022-11-07,1,73,73,73
de958e28-b161-437d-85cb-752069f44125,2022-11-21,1,52,52,52
de958e28-b161-437d-85cb-752069f44125,2022-12-05,1,54,54,54
de958e28-b161-437d-85cb-752069f44125,2022-12-19,1,36,36,36
de958e28-b161-437d-85cb-752069f44125,2023-01-02,1,64.8,64.8,64.8
de958e28-b161-437d-85cb-752069f44125,2023-01-09,2,55.7,50.4,61
de958e28-b161-437d-85cb-752069f44125,2023-02-06,1,56.88,56.88,56.88
de958e28-b161-437d-85cb-752069f44125,2023-03-06,2,84.5,80,89
de958e28-b161-437d-85cb-752069f44125,2023-03-20,3,80,75,92
de958e28-b161-437d-85cb-752069f44125,2023-04-17,2,65.8,51.6,80
de958e28-b161-437d-85cb-752069f44125,2023-06-05,1,100,100,100
de958e28-b161-437d-85cb-752069f44125,2023-06-19,1,122.98,122.98,122.98
de958e28-b161-437d-85cb-752069f44125,2023-07-03,1,81,81,81
de958e28-b161-437d-85cb-752069f44125,2023-08-14,1,98.95,98.95,98.95
de958e28-b161-437d-85cb-752069f44125,2023-08-28,1,86,86,86
de958e28-b161-437d-85cb-752069f44125,2023-09-04,1,52,52,52
de958e28-b161-437d-85cb-752069f44125,2023-09-11,1,73,73,73
de958e28-b161-437d-85cb-752069f44125,2023-09-25,1,71,71,71
de958e28-b161-437d-85cb-752069f44125,2023-10-16,2,80.8,71.61,89.99
de958e28-b161-437d-85cb-752069f44125,2023-11-20,1,61,61,61
de958e28-b161-437d-85cb-752069f44125,2023-11-27,2,53.5,46,61
de958e28-b161-437d-85cb-752069f44125,2024-02-12,2,72.86,38,107.72
de958e28-b161-437d-85cb-752069f44125,2024-03-04,1,51,51,51
de958e28-b161-437d-85cb-752069f44125,2024-03-11,1,78.74,78.74,78.74
de958e28-b161-437d-85cb-752069f44125,2024-05-27,1,59.99,59.99,59.99
de958e28-b161-437d-85cb-752069f44125,2024-08-05,1,60,60,60
de958e28-b161-437d-85cb-752069f44125,2024-09-09,1,68.06,68.06,68.06
de958e28-b161-437d-85cb-752069f44125,2025-02-03,3,58.8,57.6,66
de958e28-b161-437d-85cb-752069f44125,2025-04-21,2,101.66,101,102.32
de958e28-b161-437d-85cb-752069f44125,2025-05-19,1,111.39,111.39,111.39
de958e28-b161-437d-85cb-752069f44125,2025-07-28,1,99.99,99.99,99.99
de958e28-b161-437d-85cb-752069f44125,2025-08-04,1,150,150,150
de958e28-b161-437d-85cb-752069f44125,2025-09-01,1,156,156,156
de958e28-b161-437d-85cb-752069f44125,2025-09-08,1,188.4,188.4,188.4
de958e28-b161-437d-85cb-752069f44125,2025-09-29,1,250,250,250
de958e28-b161-437d-85cb-752069f44125,2025-11-24,1,132,132,132
de958e28-b161-437d-85cb-752069f44125,2025-12-29,1,255,255,255
de958e28-b161-437d-85cb-752069f44125,2026-01-05,1,270.02,270.02,270.02
de958e28-b161-437d-85cb-752069f44125,2026-01-26,2,375.09,317.61,432.56
de958e28-b161-437d-85cb-752069f44125,2026-02-23,1,408.4,408.4,408.4
de958e28-b161-437d-85cb-752069f44125,2026-06-29,1,475,475,475
de958e28-b161-437d-85cb-752069f44125,2026-07-13,1,409.67,409.67,409.67
de958e28-b161-437d-85cb-752069f44125,2026-07-27,3,354.98,267.89,402
de958e28-b161-437d-85cb-752069f44125,2026-08-03,1,649,649,649
de958e28-b161-437d-85cb-752069f44125,2026-08-10,1,500,500,500
de958e28-b161-437d-85cb-752069f44125,2026-08-31,2,414,396,432
de958e28-b161-437d-85cb-752069f44125,2026-09-07,1,315,315,315
de980c48-f69d-4e3c-b856-93cc14674736,2023-09-25,1,152.5,152.5,152.5
de980c48-f69d-4e3c-b856-93cc14674736,2023-10-16,1,95,95,95
de980c48-f69d-4e3c-b856-93cc14674736,2023-10-23,1,95,95,95
de980c48-f69d-4e3c-b856-93cc14674736,2023-11-13,1,95,95,95
de980c48-f69d-4e3c-b856-93cc14674736,2023-11-20,1,80,80,80
de980c48-f69d-4e3c-b856-93cc14674736,2023-11-27,1,120,120,120
de980c48-f69d-4e3c-b856-93cc14674736,2023-12-04,2,68.4,58.8,78
de980c48-f69d-4e3c-b856-93cc14674736,2023-12-11,3,85,67.07,229.99
de980c48-f69d-4e3c-b856-93cc14674736,2023-12-18,2,52.51,42,63.02
de980c48-f69d-4e3c-b856-93cc14674736,2023-12-25,1,46,46,46
de980c48-f69d-4e3c-b856-93cc14674736,2024-01-08,3,54.99,44,65.75
de980c48-f69d-4e3c-b856-93cc14674736,2024-01-15,2,37.62,36.25,39
de980c48-f69d-4e3c-b856-93cc14674736,2024-01-22,3,45,40,59
de980c48-f69d-4e3c-b856-93cc14674736,2024-01-29,1,20.81,20.81,20.81
de980c48-f69d-4e3c-b856-93cc14674736,2024-02-05,4,39,35,43.54
de980c48-f69d-4e3c-b856-93cc14674736,2024-02-12,2,46.4,46,46.8
de980c48-f69d-4e3c-b856-93cc14674736,2024-02-19,3,37,30,65
de980c48-f69d-4e3c-b856-93cc14674736,2024-02-26,1,21.5,21.5,21.5
de980c48-f69d-4e3c-b856-93cc14674736,2024-03-04,3,41.69,30,49.49
de980c48-f69d-4e3c-b856-93cc14674736,2024-03-11,2,46.5,40,52.99
de980c48-f69d-4e3c-b856-93cc14674736,2024-03-18,2,39,26,51.99
de980c48-f69d-4e3c-b856-93cc14674736,2024-03-25,1,70,70,70
de980c48-f69d-4e3c-b856-93cc14674736,2024-04-01,1,20,20,20
de980c48-f69d-4e3c-b856-93cc14674736,2024-04-22,2,33.58,29,38.16
de980c48-f69d-4e3c-b856-93cc14674736,2024-05-20,2,28.75,19.5,38
de980c48-f69d-4e3c-b856-93cc14674736,2024-05-27,2,36,32,39.99
de980c48-f69d-4e3c-b856-93cc14674736,2024-06-03,1,24,24,24
de980c48-f69d-4e3c-b856-93cc14674736,2024-06-17,1,35,35,35
de980c48-f69d-4e3c-b856-93cc14674736,2024-06-24,1,38,38,38
de980c48-f69d-4e3c-b856-93cc14674736,2024-07-08,1,45.49,45.49,45.49
de980c48-f69d-4e3c-b856-93cc14674736,2024-07-22,2,41.92,40.84,42.99
de980c48-f69d-4e3c-b856-93cc14674736,2024-07-29,1,21.5,21.5,21.5
de980c48-f69d-4e3c-b856-93cc14674736,2024-08-05,1,54.9,54.9,54.9
de980c48-f69d-4e3c-b856-93cc14674736,2024-08-12,1,29,29,29
de980c48-f69d-4e3c-b856-93cc14674736,2024-08-26,1,59.99,59.99,59.99
de980c48-f69d-4e3c-b856-93cc14674736,2024-09-16,1,61.96,61.96,61.96
de980c48-f69d-4e3c-b856-93cc14674736,2024-09-23,2,55,45,65
de980c48-f69d-4e3c-b856-93cc14674736,2024-10-07,1,49.99,49.99,49.99
de980c48-f69d-4e3c-b856-93cc14674736,2024-10-21,3,41,39.71,64.94
de980c48-f69d-4e3c-b856-93cc14674736,2024-11-11,4,36.5,31.52,41
de980c48-f69d-4e3c-b856-93cc14674736,2024-11-18,2,46.5,33,59.99
de980c48-f69d-4e3c-b856-93cc14674736,2024-11-25,2,50,40,59.99
de980c48-f69d-4e3c-b856-93cc14674736,2024-12-09,1,34,34,34
de980c48-f69d-4e3c-b856-93cc14674736,2024-12-16,1,59.99,59.99,59.99
de980c48-f69d-4e3c-b856-93cc14674736,2025-01-06,2,42.55,36,49.1
de980c48-f69d-4e3c-b856-93cc14674736,2025-01-20,1,35,35,35
de980c48-f69d-4e3c-b856-93cc14674736,2025-01-27,1,40,40,40
de980c48-f69d-4e3c-b856-93cc14674736,2025-02-03,3,33,31,47
de980c48-f69d-4e3c-b856-93cc14674736,2025-02-10,4,34.77,31,39.5
de980c48-f69d-4e3c-b856-93cc14674736,2025-02-17,2,40.5,31,49.99
de980c48-f69d-4e3c-b856-93cc14674736,2025-02-24,4,34.34,32.69,35.69
de980c48-f69d-4e3c-b856-93cc14674736,2025-03-03,1,50,50,50
de980c48-f69d-4e3c-b856-93cc14674736,2025-03-10,1,36,36,36
de980c48-f69d-4e3c-b856-93cc14674736,2025-03-24,1,29,29,29
de980c48-f69d-4e3c-b856-93cc14674736,2025-03-31,1,49.49,49.49,49.49
de980c48-f69d-4e3c-b856-93cc14674736,2025-04-28,1,34,34,34
de980c48-f69d-4e3c-b856-93cc14674736,2025-05-12,2,42,36,48
de980c48-f69d-4e3c-b856-93cc14674736,2025-05-19,1,40,40,40
de980c48-f69d-4e3c-b856-93cc14674736,2025-05-26,1,44.01,44.01,44.01
de980c48-f69d-4e3c-b856-93cc14674736,2025-06-16,1,51.45,51.45,51.45
de980c48-f69d-4e3c-b856-93cc14674736,2025-07-07,1,50,50,50
de980c48-f69d-4e3c-b856-93cc14674736,2025-08-11,1,44.99,44.99,44.99
de980c48-f69d-4e3c-b856-93cc14674736,2025-09-01,1,44.01,44.01,44.01
de980c48-f69d-4e3c-b856-93cc14674736,2025-10-06,1,38,38,38
de980c48-f69d-4e3c-b856-93cc14674736,2025-10-20,1,99,99,99
de980c48-f69d-4e3c-b856-93cc14674736,2025-11-03,2,40.48,36,44.95
de980c48-f69d-4e3c-b856-93cc14674736,2025-11-17,1,55,55,55
de980c48-f69d-4e3c-b856-93cc14674736,2025-12-22,1,26.4,26.4,26.4
de980c48-f69d-4e3c-b856-93cc14674736,2026-01-05,1,41,41,41
de980c48-f69d-4e3c-b856-93cc14674736,2026-01-12,2,40.81,34.8,46.83
de980c48-f69d-4e3c-b856-93cc14674736,2026-02-23,1,59.98,59.98,59.98
de980c48-f69d-4e3c-b856-93cc14674736,2026-03-02,1,60,60,60
de980c48-f69d-4e3c-b856-93cc14674736,2026-03-09,1,99,99,99
de980c48-f69d-4e3c-b856-93cc14674736,2026-03-16,1,50.99,50.99,50.99
de980c48-f69d-4e3c-b856-93cc14674736,2026-04-13,2,108.75,94.99,122.5
de980c48-f69d-4e3c-b856-93cc14674736,2026-04-27,1,95,95,95
de980c48-f69d-4e3c-b856-93cc14674736,2026-06-01,1,61,61,61
de980c48-f69d-4e3c-b856-93cc14674736,2026-06-29,1,124.99,124.99,124.99
de980c48-f69d-4e3c-b856-93cc14674736,2026-07-06,1,90,90,90
de980c48-f69d-4e3c-b856-93cc14674736,2026-07-13,1,122.5,122.5,122.5
de980c48-f69d-4e3c-b856-93cc14674736,2026-07-27,1,100,100,100
de980c48-f69d-4e3c-b856-93cc14674736,2026-08-10,1,170,170,170
de980c48-f69d-4e3c-b856-93cc14674736,2026-08-31,1,129.07,129.07,129.07
de980c48-f69d-4e3c-b856-93cc14674736,2026-09-07,1,105,105,105
de986df5-3d68-45f9-bb97-a80fc01f832c,2024-12-30,3,51,39.99,75
de986df5-3d68-45f9-bb97-a80fc01f832c,2025-01-06,2,36.82,31.64,42
de986df5-3d68-45f9-bb97-a80fc01f832c,2025-01-13,2,56,42,70
de986df5-3d68-45f9-bb97-a80fc01f832c,2025-01-20,5,54,45.88,74.99
de986df5-3d68-45f9-bb97-a80fc01f832c,2025-01-27,1,34,34,34
de986df5-3d68-45f9-bb97-a80fc01f832c,2025-02-10,1,49.99,49.99,49.99
de986df5-3d68-45f9-bb97-a80fc01f832c,2025-02-17,4,44,41,60
de986df5-3d68-45f9-bb97-a80fc01f832c,2025-03-03,1,36,36,36
de986df5-3d68-45f9-bb97-a80fc01f832c,2025-03-17,4,61.5,50,99.99
de986df5-3d68-45f9-bb97-a80fc01f832c,2025-03-24,1,54,54,54
de986df5-3d68-45f9-bb97-a80fc01f832c,2025-03-31,4,50.5,49.99,57
de986df5-3d68-45f9-bb97-a80fc01f832c,2025-04-07,2,45.5,41,50
de986df5-3d68-45f9-bb97-a80fc01f832c,2025-04-14,2,72.59,49.99,95.18
de986df5-3d68-45f9-bb97-a80fc01f832c,2025-04-21,3,35,31.2,61
de986df5-3d68-45f9-bb97-a80fc01f832c,2025-04-28,1,36,36,36
de986df5-3d68-45f9-bb97-a80fc01f832c,2025-05-12,1,33,33,33
de986df5-3d68-45f9-bb97-a80fc01f832c,2025-05-19,1,37.5,37.5,37.5
de986df5-3d68-45f9-bb97-a80fc01f832c,2025-05-26,3,40,36,40
de986df5-3d68-45f9-bb97-a80fc01f832c,2025-06-02,1,37,37,37
de986df5-3d68-45f9-bb97-a80fc01f832c,2025-06-09,1,36,36,36
de986df5-3d68-45f9-bb97-a80fc01f832c,2025-06-16,2,96,32,159.99
de986df5-3d68-45f9-bb97-a80fc01f832c,2025-07-07,1,32,32,32
de986df5-3d68-45f9-bb97-a80fc01f832c,2025-07-21,2,33,31,35
de986df5-3d68-45f9-bb97-a80fc01f832c,2025-07-28,1,28.29,28.29,28.29
de986df5-3d68-45f9-bb97-a80fc01f832c,2025-08-18,3,65,60,80
de986df5-3d68-45f9-bb97-a80fc01f832c,2025-08-25,2,51,34.99,67
de986df5-3d68-45f9-bb97-a80fc01f832c,2025-09-01,1,30,30,30
de986df5-3d68-45f9-bb97-a80fc01f832c,2025-09-15,2,62.5,60,65
de986df5-3d68-45f9-bb97-a80fc01f832c,2025-09-29,3,64.66,45,100
de986df5-3d68-45f9-bb97-a80fc01f832c,2025-10-27,2,40.5,31,50
de986df5-3d68-45f9-bb97-a80fc01f832c,2025-11-03,1,76.5,76.5,76.5
de986df5-3d68-45f9-bb97-a80fc01f832c,2025-12-15,2,79,69,89
de986df5-3d68-45f9-bb97-a80fc01f832c,2025-12-29,1,45,45,45
de986df5-3d68-45f9-bb97-a80fc01f832c,2026-01-05,1,55.2,55.2,55.2
de986df5-3d68-45f9-bb97-a80fc01f832c,2026-01-12,1,60,60,60
de986df5-3d68-45f9-bb97-a80fc01f832c,2026-01-26,2,66.24,63.17,69.31
de986df5-3d68-45f9-bb97-a80fc01f832c,2026-02-09,1,55,55,55
de986df5-3d68-45f9-bb97-a80fc01f832c,2026-02-23,1,33.5,33.5,33.5
de986df5-3d68-45f9-bb97-a80fc01f832c,2026-03-16,1,50,50,50
de986df5-3d68-45f9-bb97-a80fc01f832c,2026-03-30,2,65,50,79.99
de986df5-3d68-45f9-bb97-a80fc01f832c,2026-04-20,1,80,80,80
de986df5-3d68-45f9-bb97-a80fc01f832c,2026-04-27,2,85,80,90
de986df5-3d68-45f9-bb97-a80fc01f832c,2026-05-04,2,85,59.99,110
de986df5-3d68-45f9-bb97-a80fc01f832c,2026-05-18,1,82,82,82
de986df5-3d68-45f9-bb97-a80fc01f832c,2026-05-25,1,70.69,70.69,70.69
de986df5-3d68-45f9-bb97-a80fc01f832c,2026-06-08,1,119.5,119.5,119.5
de986df5-3d68-45f9-bb97-a80fc01f832c,2026-06-15,1,139.99,139.99,139.99
de986df5-3d68-45f9-bb97-a80fc01f832c,2026-07-06,2,123.28,104.07,142.5
de986df5-3d68-45f9-bb97-a80fc01f832c,2026-07-13,1,120,120,120
de986df5-3d68-45f9-bb97-a80fc01f832c,2026-08-03,1,105,105,105
de986df5-3d68-45f9-bb97-a80fc01f832c,2026-08-17,3,183.5,180,250
de986df5-3d68-45f9-bb97-a80fc01f832c,2026-08-31,2,165,152.5,177.5
de9b772a-fed0-40f4-96dd-e7582240c6eb,2023-09-04,1,200,200,200
de9b772a-fed0-40f4-96dd-e7582240c6eb,2023-10-23,1,120,120,120
de9b772a-fed0-40f4-96dd-e7582240c6eb,2023-10-30,1,140.3,140.3,140.3
de9b772a-fed0-40f4-96dd-e7582240c6eb,2023-11-13,3,35.76,35,65
de9b772a-fed0-40f4-96dd-e7582240c6eb,2023-11-20,1,60,60,60
de9b772a-fed0-40f4-96dd-e7582240c6eb,2023-11-27,1,57,57,57
de9b772a-fed0-40f4-96dd-e7582240c6eb,2023-12-04,2,50.5,41,60
de9b772a-fed0-40f4-96dd-e7582240c6eb,2023-12-11,1,66,66,66
de9b772a-fed0-40f4-96dd-e7582240c6eb,2024-01-01,1,36,36,36
de9b772a-fed0-40f4-96dd-e7582240c6eb,2024-01-08,4,57.45,51.24,81
de9b772a-fed0-40f4-96dd-e7582240c6eb,2024-01-15,1,52,52,52
de9b772a-fed0-40f4-96dd-e7582240c6eb,2024-01-29,3,37,30,39
de9b772a-fed0-40f4-96dd-e7582240c6eb,2024-02-05,1,50.4,50.4,50.4
de9b772a-fed0-40f4-96dd-e7582240c6eb,2024-02-12,1,69.99,69.99,69.99
de9b772a-fed0-40f4-96dd-e7582240c6eb,2024-02-19,1,31,31,31
de9b772a-fed0-40f4-96dd-e7582240c6eb,2024-02-26,2,30.9,20.8,41
de9b772a-fed0-40f4-96dd-e7582240c6eb,2024-03-04,3,40,31,49.21
de9b772a-fed0-40f4-96dd-e7582240c6eb,2024-03-18,1,39,39,39
de9b772a-fed0-40f4-96dd-e7582240c6eb,2024-03-25,2,21.18,16.5,25.86
de9b772a-fed0-40f4-96dd-e7582240c6eb,2024-04-01,1,20.5,20.5,20.5
de9b772a-fed0-40f4-96dd-e7582240c6eb,2024-04-22,1,54.99,54.99,54.99
de9b772a-fed0-40f4-96dd-e7582240c6eb,2024-04-29,2,18.98,15.5,22.47
de9b772a-fed0-40f4-96dd-e7582240c6eb,2024-05-13,3,32,32,40
de9b772a-fed0-40f4-96dd-e7582240c6eb,2024-05-27,1,71.09,71.09,71.09
de9b772a-fed0-40f4-96dd-e7582240c6eb,2024-06-03,2,35.31,21.6,49.03
de9b772a-fed0-40f4-96dd-e7582240c6eb,2024-06-10,1,27,27,27
de9b772a-fed0-40f4-96dd-e7582240c6eb,2024-06-17,1,35,35,35
de9b772a-fed0-40f4-96dd-e7582240c6eb,2024-06-24,2,36,32,40
de9b772a-fed0-40f4-96dd-e7582240c6eb,2024-07-08,3,27,22.5,50
de9b772a-fed0-40f4-96dd-e7582240c6eb,2024-07-29,2,35.98,30,41.95
de9b772a-fed0-40f4-96dd-e7582240c6eb,2024-08-05,1,35,35,35
de9b772a-fed0-40f4-96dd-e7582240c6eb,2024-08-19,2,40.47,38.94,42
de9b772a-fed0-40f4-96dd-e7582240c6eb,2024-09-02,1,30,30,30
de9b772a-fed0-40f4-96dd-e7582240c6eb,2024-09-09,1,30,30,30
de9b772a-fed0-40f4-96dd-e7582240c6eb,2024-09-16,1,49.99,49.99,49.99
de9b772a-fed0-40f4-96dd-e7582240c6eb,2024-09-23,1,32.99,32.99,32.99
de9b772a-fed0-40f4-96dd-e7582240c6eb,2024-10-14,2,41.36,41,41.72
de9b772a-fed0-40f4-96dd-e7582240c6eb,2024-10-21,1,46,46,46
de9b772a-fed0-40f4-96dd-e7582240c6eb,2024-10-28,4,35,28.5,36.28
de9b772a-fed0-40f4-96dd-e7582240c6eb,2024-11-04,2,45.12,31,59.24
de9b772a-fed0-40f4-96dd-e7582240c6eb,2024-11-11,3,36.01,30.01,37.3
de9b772a-fed0-40f4-96dd-e7582240c6eb,2024-11-18,2,28.25,21.5,34.99
de9b772a-fed0-40f4-96dd-e7582240c6eb,2024-11-25,1,34.99,34.99,34.99
de9b772a-fed0-40f4-96dd-e7582240c6eb,2024-12-09,2,33.5,29,38
de9b772a-fed0-40f4-96dd-e7582240c6eb,2024-12-16,2,32,29,34.99
de9b772a-fed0-40f4-96dd-e7582240c6eb,2024-12-30,1,31,31,31
de9b772a-fed0-40f4-96dd-e7582240c6eb,2025-01-06,1,36,36,36
de9b772a-fed0-40f4-96dd-e7582240c6eb,2025-01-13,1,35,35,35
de9b772a-fed0-40f4-96dd-e7582240c6eb,2025-01-20,1,53,53,53
de9b772a-fed0-40f4-96dd-e7582240c6eb,2025-01-27,2,40.36,37,43.71
de9b772a-fed0-40f4-96dd-e7582240c6eb,2025-02-10,2,28.5,26,31
de9b772a-fed0-40f4-96dd-e7582240c6eb,2025-02-17,2,36.5,34.99,38
de9b772a-fed0-40f4-96dd-e7582240c6eb,2025-02-24,2,37.5,33,41.99
de9b772a-fed0-40f4-96dd-e7582240c6eb,2025-03-10,1,49.95,49.95,49.95
de9b772a-fed0-40f4-96dd-e7582240c6eb,2025-03-17,1,46,46,46
de9b772a-fed0-40f4-96dd-e7582240c6eb,2025-04-07,3,37,36,73.4
de9b772a-fed0-40f4-96dd-e7582240c6eb,2025-04-28,2,41.25,32.5,50
de9b772a-fed0-40f4-96dd-e7582240c6eb,2025-05-12,1,34,34,34
de9b772a-fed0-40f4-96dd-e7582240c6eb,2025-05-26,1,31.51,31.51,31.51
de9b772a-fed0-40f4-96dd-e7582240c6eb,2025-06-02,1,30.51,30.51,30.51
de9b772a-fed0-40f4-96dd-e7582240c6eb,2025-06-09,2,25.75,23.5,28
de9b772a-fed0-40f4-96dd-e7582240c6eb,2025-06-23,1,15.6,15.6,15.6
de9b772a-fed0-40f4-96dd-e7582240c6eb,2025-06-30,1,28.27,28.27,28.27
de9b772a-fed0-40f4-96dd-e7582240c6eb,2025-07-14,2,50.78,50.59,50.98
de9b772a-fed0-40f4-96dd-e7582240c6eb,2025-08-18,2,49,46,51.99
de9b772a-fed0-40f4-96dd-e7582240c6eb,2025-09-08,1,50,50,50
de9b772a-fed0-40f4-96dd-e7582240c6eb,2025-09-22,1,50,50,50
de9b772a-fed0-40f4-96dd-e7582240c6eb,2025-10-06,2,52,39,65
de9b772a-fed0-40f4-96dd-e7582240c6eb,2025-11-17,1,40,40,40
de9b772a-fed0-40f4-96dd-e7582240c6eb,2025-11-24,1,42,42,42
de9b772a-fed0-40f4-96dd-e7582240c6eb,2025-12-01,1,42,42,42
de9b772a-fed0-40f4-96dd-e7582240c6eb,2025-12-15,1,33,33,33
de9b772a-fed0-40f4-96dd-e7582240c6eb,2025-12-22,1,26.4,26.4,26.4
de9b772a-fed0-40f4-96dd-e7582240c6eb,2026-01-05,1,27.6,27.6,27.6
de9b772a-fed0-40f4-96dd-e7582240c6eb,2026-03-02,2,51.5,48,54.99
de9b772a-fed0-40f4-96dd-e7582240c6eb,2026-03-30,2,47.5,44.99,50
de9b772a-fed0-40f4-96dd-e7582240c6eb,2026-04-06,2,63,57,69
de9b772a-fed0-40f4-96dd-e7582240c6eb,2026-04-13,1,100.29,100.29,100.29
de9b772a-fed0-40f4-96dd-e7582240c6eb,2026-04-27,2,67.9,60,75.8
de9b772a-fed0-40f4-96dd-e7582240c6eb,2026-05-11,1,99.99,99.99,99.99
de9b772a-fed0-40f4-96dd-e7582240c6eb,2026-05-18,1,42,42,42
de9b772a-fed0-40f4-96dd-e7582240c6eb,2026-07-06,1,122.5,122.5,122.5
de9b772a-fed0-40f4-96dd-e7582240c6eb,2026-07-20,1,115,115,115
de9b772a-fed0-40f4-96dd-e7582240c6eb,2026-08-17,1,147.5,147.5,147.5
de9b772a-fed0-40f4-96dd-e7582240c6eb,2026-08-24,1,72,72,72
de9b772a-fed0-40f4-96dd-e7582240c6eb,2026-08-31,1,119.07,119.07,119.07
de9cf176-3f6b-4533-8252-f1d8eeab1161,2021-02-22,1,225,225,225
de9cf176-3f6b-4533-8252-f1d8eeab1161,2021-06-21,1,180,180,180
de9cf176-3f6b-4533-8252-f1d8eeab1161,2021-07-12,1,277.32,277.32,277.32
de9cf176-3f6b-4533-8252-f1d8eeab1161,2021-11-01,1,140,140,140
de9cf176-3f6b-4533-8252-f1d8eeab1161,2021-12-27,1,147,147,147
de9cf176-3f6b-4533-8252-f1d8eeab1161,2022-04-25,1,105,105,105
de9cf176-3f6b-4533-8252-f1d8eeab1161,2022-07-11,1,150,150,150
de9cf176-3f6b-4533-8252-f1d8eeab1161,2022-07-18,1,192.5,192.5,192.5
de9cf176-3f6b-4533-8252-f1d8eeab1161,2022-08-22,1,312,312,312
de9cf176-3f6b-4533-8252-f1d8eeab1161,2022-09-12,1,250,250,250
de9cf176-3f6b-4533-8252-f1d8eeab1161,2022-10-03,3,141,99,153.73
de9cf176-3f6b-4533-8252-f1d8eeab1161,2022-10-24,1,140,140,140
de9cf176-3f6b-4533-8252-f1d8eeab1161,2022-11-21,1,149.5,149.5,149.5
de9cf176-3f6b-4533-8252-f1d8eeab1161,2023-01-09,2,135,126,144
de9cf176-3f6b-4533-8252-f1d8eeab1161,2023-02-06,4,100.8,98.4,108
de9cf176-3f6b-4533-8252-f1d8eeab1161,2023-02-13,2,98.4,98.4,98.4
de9cf176-3f6b-4533-8252-f1d8eeab1161,2023-02-20,1,156,156,156
de9cf176-3f6b-4533-8252-f1d8eeab1161,2023-02-27,2,107.18,98.4,115.96
de9cf176-3f6b-4533-8252-f1d8eeab1161,2023-03-06,1,86.4,86.4,86.4
de9cf176-3f6b-4533-8252-f1d8eeab1161,2023-03-20,1,80.99,80.99,80.99
de9cf176-3f6b-4533-8252-f1d8eeab1161,2023-05-01,1,103.5,103.5,103.5
de9cf176-3f6b-4533-8252-f1d8eeab1161,2023-05-22,2,94.65,91.2,98.1
de9cf176-3f6b-4533-8252-f1d8eeab1161,2023-06-05,1,102.5,102.5,102.5
de9cf176-3f6b-4533-8252-f1d8eeab1161,2023-06-19,1,110.4,110.4,110.4
de9cf176-3f6b-4533-8252-f1d8eeab1161,2023-07-17,1,95,95,95
de9cf176-3f6b-4533-8252-f1d8eeab1161,2023-09-04,1,84,84,84
de9cf176-3f6b-4533-8252-f1d8eeab1161,2023-10-09,1,101.75,101.75,101.75
de9cf176-3f6b-4533-8252-f1d8eeab1161,2023-11-06,1,67.5,67.5,67.5
de9cf176-3f6b-4533-8252-f1d8eeab1161,2023-11-13,1,65,65,65
de9cf176-3f6b-4533-8252-f1d8eeab1161,2023-11-20,1,74.4,74.4,74.4
de9cf176-3f6b-4533-8252-f1d8eeab1161,2023-11-27,3,66,57.6,72
de9cf176-3f6b-4533-8252-f1d8eeab1161,2023-12-11,1,64.8,64.8,64.8
de9cf176-3f6b-4533-8252-f1d8eeab1161,2024-01-01,2,80,75,84.99
de9cf176-3f6b-4533-8252-f1d8eeab1161,2024-01-08,2,74.9,64.8,85
de9cf176-3f6b-4533-8252-f1d8eeab1161,2024-01-15,1,81.6,81.6,81.6
de9cf176-3f6b-4533-8252-f1d8eeab1161,2024-01-22,1,87,87,87
de9cf176-3f6b-4533-8252-f1d8eeab1161,2024-01-29,1,67.2,67.2,67.2
de9cf176-3f6b-4533-8252-f1d8eeab1161,2024-02-05,2,79.7,74.4,85
de9cf176-3f6b-4533-8252-f1d8eeab1161,2024-02-12,1,70.69,70.69,70.69
de9cf176-3f6b-4533-8252-f1d8eeab1161,2024-02-26,1,76.8,76.8,76.8
de9cf176-3f6b-4533-8252-f1d8eeab1161,2024-03-04,1,69.6,69.6,69.6
de9cf176-3f6b-4533-8252-f1d8eeab1161,2024-03-11,1,67.2,67.2,67.2
de9cf176-3f6b-4533-8252-f1d8eeab1161,2024-03-18,1,62.4,62.4,62.4
de9cf176-3f6b-4533-8252-f1d8eeab1161,2024-03-25,1,67.2,67.2,67.2
de9cf176-3f6b-4533-8252-f1d8eeab1161,2024-04-08,1,60,60,60
de9cf176-3f6b-4533-8252-f1d8eeab1161,2024-05-13,1,100,100,100
de9cf176-3f6b-4533-8252-f1d8eeab1161,2024-06-17,1,57.6,57.6,57.6
de9cf176-3f6b-4533-8252-f1d8eeab1161,2024-07-01,1,61.43,61.43,61.43
de9cf176-3f6b-4533-8252-f1d8eeab1161,2024-07-08,1,70,70,70
de9cf176-3f6b-4533-8252-f1d8eeab1161,2024-07-22,1,103.2,103.2,103.2
de9cf176-3f6b-4533-8252-f1d8eeab1161,2024-08-05,1,64,64,64
de9cf176-3f6b-4533-8252-f1d8eeab1161,2024-08-12,1,54.14,54.14,54.14
de9cf176-3f6b-4533-8252-f1d8eeab1161,2024-09-09,2,63.4,58.8,68
de9cf176-3f6b-4533-8252-f1d8eeab1161,2024-10-21,1,79.99,79.99,79.99
de9cf176-3f6b-4533-8252-f1d8eeab1161,2024-11-25,1,72,72,72
de9cf176-3f6b-4533-8252-f1d8eeab1161,2024-12-02,1,78,78,78
de9cf176-3f6b-4533-8252-f1d8eeab1161,2024-12-23,1,76,76,76
de9cf176-3f6b-4533-8252-f1d8eeab1161,2025-02-03,1,70,70,70
de9cf176-3f6b-4533-8252-f1d8eeab1161,2025-02-17,1,90,90,90
de9cf176-3f6b-4533-8252-f1d8eeab1161,2025-03-03,1,130.5,130.5,130.5
de9cf176-3f6b-4533-8252-f1d8eeab1161,2025-03-17,1,100,100,100
de9cf176-3f6b-4533-8252-f1d8eeab1161,2025-03-31,1,111.79,111.79,111.79
de9cf176-3f6b-4533-8252-f1d8eeab1161,2025-04-07,1,102.2,102.2,102.2
de9cf176-3f6b-4533-8252-f1d8eeab1161,2025-04-14,1,112.8,112.8,112.8
de9cf176-3f6b-4533-8252-f1d8eeab1161,2025-06-16,1,102,102,102
de9cf176-3f6b-4533-8252-f1d8eeab1161,2025-06-30,1,162.5,162.5,162.5
de9cf176-3f6b-4533-8252-f1d8eeab1161,2025-07-14,2,128.31,105,151.62
de9cf176-3f6b-4533-8252-f1d8eeab1161,2025-08-04,1,142.27,142.27,142.27
de9cf176-3f6b-4533-8252-f1d8eeab1161,2025-08-18,1,155,155,155
de9cf176-3f6b-4533-8252-f1d8eeab1161,2025-09-08,1,138.59,138.59,138.59
de9cf176-3f6b-4533-8252-f1d8eeab1161,2025-09-29,1,157.88,157.88,157.88
de9cf176-3f6b-4533-8252-f1d8eeab1161,2025-12-22,3,165,87.73,173
de9cf176-3f6b-4533-8252-f1d8eeab1161,2026-01-05,1,148.02,148.02,148.02
de9cf176-3f6b-4533-8252-f1d8eeab1161,2026-01-19,1,215.95,215.95,215.95
de9cf176-3f6b-4533-8252-f1d8eeab1161,2026-02-02,1,285,285,285
de9cf176-3f6b-4533-8252-f1d8eeab1161,2026-03-16,1,410,410,410
de9cf176-3f6b-4533-8252-f1d8eeab1161,2026-05-18,1,347.37,347.37,347.37
de9cf176-3f6b-4533-8252-f1d8eeab1161,2026-06-01,1,406,406,406
de9cf176-3f6b-4533-8252-f1d8eeab1161,2026-06-08,1,468,468,468
de9cf176-3f6b-4533-8252-f1d8eeab1161,2026-06-22,1,365.49,365.49,365.49
de9cf176-3f6b-4533-8252-f1d8eeab1161,2026-06-29,1,301.71,301.71,301.71
de9cf176-3f6b-4533-8252-f1d8eeab1161,2026-07-13,2,471.4,442.8,500
de9cf176-3f6b-4533-8252-f1d8eeab1161,2026-08-10,2,575,549.99,600
de9cf176-3f6b-4533-8252-f1d8eeab1161,2026-08-17,1,480.01,480.01,480.01
de9cf176-3f6b-4533-8252-f1d8eeab1161,2026-09-07,1,570,570,570
de9e6176-214b-4e8b-891b-e722083f7a3d,2021-07-26,1,62,62,62
de9e6176-214b-4e8b-891b-e722083f7a3d,2022-06-20,1,18.52,18.52,18.52
de9e6176-214b-4e8b-891b-e722083f7a3d,2023-06-19,1,19.38,19.38,19.38
de9e6176-214b-4e8b-891b-e722083f7a3d,2024-06-03,2,31,20,42
de9e6176-214b-4e8b-891b-e722083f7a3d,2024-11-11,1,36,36,36
de9e6176-214b-4e8b-891b-e722083f7a3d,2025-01-27,1,40,40,40
de9e6176-214b-4e8b-891b-e722083f7a3d,2025-03-24,1,34.99,34.99,34.99
de9e6176-214b-4e8b-891b-e722083f7a3d,2026-08-24,1,40,40,40
de9e9417-a84b-4251-8ea1-b3bca2879492,2023-02-27,2,42.25,33,51.5
de9e9417-a84b-4251-8ea1-b3bca2879492,2023-03-27,1,36.95,36.95,36.95
de9e9417-a84b-4251-8ea1-b3bca2879492,2023-04-10,1,18.05,18.05,18.05
de9e9417-a84b-4251-8ea1-b3bca2879492,2023-05-15,2,19.73,12.5,26.95
de9e9417-a84b-4251-8ea1-b3bca2879492,2023-06-05,1,10.5,10.5,10.5
de9e9417-a84b-4251-8ea1-b3bca2879492,2023-07-03,1,24,24,24
de9e9417-a84b-4251-8ea1-b3bca2879492,2023-07-17,1,15.5,15.5,15.5
de9e9417-a84b-4251-8ea1-b3bca2879492,2023-09-18,1,25,25,25
de9e9417-a84b-4251-8ea1-b3bca2879492,2023-11-13,1,17.49,17.49,17.49
de9e9417-a84b-4251-8ea1-b3bca2879492,2023-11-20,1,25,25,25
de9e9417-a84b-4251-8ea1-b3bca2879492,2024-01-08,1,20,20,20
de9e9417-a84b-4251-8ea1-b3bca2879492,2024-01-15,1,13.2,13.2,13.2
de9e9417-a84b-4251-8ea1-b3bca2879492,2024-01-29,1,10.5,10.5,10.5
de9e9417-a84b-4251-8ea1-b3bca2879492,2024-02-19,1,10.5,10.5,10.5
de9e9417-a84b-4251-8ea1-b3bca2879492,2024-03-18,1,18.5,18.5,18.5
de9e9417-a84b-4251-8ea1-b3bca2879492,2024-04-01,1,18.5,18.5,18.5
de9e9417-a84b-4251-8ea1-b3bca2879492,2024-06-03,1,20,20,20
de9e9417-a84b-4251-8ea1-b3bca2879492,2024-07-01,1,22.99,22.99,22.99
de9e9417-a84b-4251-8ea1-b3bca2879492,2024-07-08,1,25.2,25.2,25.2
de9e9417-a84b-4251-8ea1-b3bca2879492,2024-08-19,1,10.8,10.8,10.8
de9e9417-a84b-4251-8ea1-b3bca2879492,2024-08-26,2,24.98,22.45,27.5
de9e9417-a84b-4251-8ea1-b3bca2879492,2024-12-02,1,23,23,23
de9e9417-a84b-4251-8ea1-b3bca2879492,2025-02-17,1,8.5,8.5,8.5
de9e9417-a84b-4251-8ea1-b3bca2879492,2025-03-03,2,22.6,15.25,29.95
de9e9417-a84b-4251-8ea1-b3bca2879492,2025-03-17,1,27.5,27.5,27.5
de9e9417-a84b-4251-8ea1-b3bca2879492,2025-03-31,2,11.09,10.69,11.5
de9e9417-a84b-4251-8ea1-b3bca2879492,2025-06-09,1,20,20,20
de9e9417-a84b-4251-8ea1-b3bca2879492,2025-06-30,1,45,45,45
de9e9417-a84b-4251-8ea1-b3bca2879492,2025-09-01,1,23,23,23
de9e9417-a84b-4251-8ea1-b3bca2879492,2025-10-13,2,34.99,24.99,44.99
de9e9417-a84b-4251-8ea1-b3bca2879492,2026-01-12,1,26.69,26.69,26.69
de9e9417-a84b-4251-8ea1-b3bca2879492,2026-01-19,1,40,40,40
de9e9417-a84b-4251-8ea1-b3bca2879492,2026-02-23,1,34.95,34.95,34.95
de9e9417-a84b-4251-8ea1-b3bca2879492,2026-03-30,1,44,44,44
de9e9417-a84b-4251-8ea1-b3bca2879492,2026-05-25,1,35.99,35.99,35.99
dea054ea-5f1b-404f-afa8-7f02c22e76f6,2026-06-08,13,1425,1025,1799
dea054ea-5f1b-404f-afa8-7f02c22e76f6,2026-06-15,6,1108,1033,1390
dea054ea-5f1b-404f-afa8-7f02c22e76f6,2026-06-22,6,1140,890,1250
dea054ea-5f1b-404f-afa8-7f02c22e76f6,2026-06-29,16,620.55,560,1005
dea054ea-5f1b-404f-afa8-7f02c22e76f6,2026-07-06,27,608.79,540,799
dea054ea-5f1b-404f-afa8-7f02c22e76f6,2026-07-13,18,609.99,560,711.23
dea054ea-5f1b-404f-afa8-7f02c22e76f6,2026-07-20,16,568.5,510,620
dea054ea-5f1b-404f-afa8-7f02c22e76f6,2026-07-27,14,510,434,561
dea054ea-5f1b-404f-afa8-7f02c22e76f6,2026-08-03,52,418.55,325,531.26
dea054ea-5f1b-404f-afa8-7f02c22e76f6,2026-08-10,45,385,315,471.16
dea054ea-5f1b-404f-afa8-7f02c22e76f6,2026-08-17,44,357.55,301,473.49
dea054ea-5f1b-404f-afa8-7f02c22e76f6,2026-08-24,44,326,303,419.99
dea054ea-5f1b-404f-afa8-7f02c22e76f6,2026-08-31,34,330,277.01,389.99
dea054ea-5f1b-404f-afa8-7f02c22e76f6,2026-09-07,42,297,240.5,442
dea054ea-5f1b-404f-afa8-7f02c22e76f6,2026-09-14,22,256,213.5,335
dea0f48c-b3f6-4b92-8ec3-6d884270d20d,2021-12-06,2,29.75,20.5,39
dea0f48c-b3f6-4b92-8ec3-6d884270d20d,2022-08-01,1,35,35,35
dea0f48c-b3f6-4b92-8ec3-6d884270d20d,2022-10-03,1,30.01,30.01,30.01
dea0f48c-b3f6-4b92-8ec3-6d884270d20d,2024-09-30,1,30,30,30
dea0f48c-b3f6-4b92-8ec3-6d884270d20d,2025-09-01,1,107.5,107.5,107.5
dea0f48c-b3f6-4b92-8ec3-6d884270d20d,2025-12-29,1,90,90,90
dea0fee2-63d2-4809-b5c4-df55dd7f824d,2023-06-12,1,25.93,25.93,25.93
dea0fee2-63d2-4809-b5c4-df55dd7f824d,2023-08-21,1,25.54,25.54,25.54
dea0fee2-63d2-4809-b5c4-df55dd7f824d,2023-08-28,1,37.56,37.56,37.56
dea0fee2-63d2-4809-b5c4-df55dd7f824d,2023-11-06,1,44,44,44
dea0fee2-63d2-4809-b5c4-df55dd7f824d,2024-11-04,1,32.99,32.99,32.99
dea0fee2-63d2-4809-b5c4-df55dd7f824d,2025-01-20,1,39.6,39.6,39.6
dea0fee2-63d2-4809-b5c4-df55dd7f824d,2025-02-10,1,39.6,39.6,39.6
dea0fee2-63d2-4809-b5c4-df55dd7f824d,2025-04-28,1,44,44,44
dea0fee2-63d2-4809-b5c4-df55dd7f824d,2025-12-15,1,45,45,45
dea32068-1762-4d44-be00-d0f29dd6ee84,2022-02-21,1,710,710,710
dea32068-1762-4d44-be00-d0f29dd6ee84,2023-06-05,1,800,800,800
dea32068-1762-4d44-be00-d0f29dd6ee84,2023-06-26,1,500,500,500
dea32068-1762-4d44-be00-d0f29dd6ee84,2023-08-14,1,900,900,900
dea32068-1762-4d44-be00-d0f29dd6ee84,2024-03-25,1,520.46,520.46,520.46
dea32068-1762-4d44-be00-d0f29dd6ee84,2025-03-17,1,549.99,549.99,549.99
dea32068-1762-4d44-be00-d0f29dd6ee84,2026-03-02,1,2850,2850,2850
dea39e48-86f5-44c5-a58b-3b553a059f07,2022-01-10,1,79,79,79
dea39e48-86f5-44c5-a58b-3b553a059f07,2022-09-05,1,102.5,102.5,102.5
dea39e48-86f5-44c5-a58b-3b553a059f07,2022-12-05,1,48.51,48.51,48.51
dea39e48-86f5-44c5-a58b-3b553a059f07,2023-01-09,1,76,76,76
dea39e48-86f5-44c5-a58b-3b553a059f07,2023-01-23,1,50.5,50.5,50.5
dea39e48-86f5-44c5-a58b-3b553a059f07,2023-02-20,1,64.8,64.8,64.8
dea39e48-86f5-44c5-a58b-3b553a059f07,2023-05-01,1,60,60,60
dea39e48-86f5-44c5-a58b-3b553a059f07,2023-05-29,1,86,86,86
dea39e48-86f5-44c5-a58b-3b553a059f07,2023-06-19,1,66.97,66.97,66.97
dea39e48-86f5-44c5-a58b-3b553a059f07,2023-07-31,1,53.56,53.56,53.56
dea39e48-86f5-44c5-a58b-3b553a059f07,2023-09-11,1,75,75,75
dea39e48-86f5-44c5-a58b-3b553a059f07,2023-10-23,1,42,42,42
dea39e48-86f5-44c5-a58b-3b553a059f07,2023-11-13,1,46.8,46.8,46.8
dea39e48-86f5-44c5-a58b-3b553a059f07,2023-12-18,1,70,70,70
dea39e48-86f5-44c5-a58b-3b553a059f07,2024-03-04,1,35.76,35.76,35.76
dea39e48-86f5-44c5-a58b-3b553a059f07,2024-05-27,1,48.95,48.95,48.95
dea39e48-86f5-44c5-a58b-3b553a059f07,2024-06-03,1,39.18,39.18,39.18
dea39e48-86f5-44c5-a58b-3b553a059f07,2024-08-05,1,52,52,52
dea39e48-86f5-44c5-a58b-3b553a059f07,2024-09-02,1,89,89,89
dea39e48-86f5-44c5-a58b-3b553a059f07,2024-10-21,1,45.99,45.99,45.99
dea39e48-86f5-44c5-a58b-3b553a059f07,2024-11-18,1,49.99,49.99,49.99
dea39e48-86f5-44c5-a58b-3b553a059f07,2024-12-09,1,35,35,35
dea39e48-86f5-44c5-a58b-3b553a059f07,2025-01-27,1,55,55,55
dea39e48-86f5-44c5-a58b-3b553a059f07,2025-08-11,1,150,150,150
dea39e48-86f5-44c5-a58b-3b553a059f07,2026-02-09,1,155,155,155
dea39e48-86f5-44c5-a58b-3b553a059f07,2026-03-16,1,340,340,340
dea39e48-86f5-44c5-a58b-3b553a059f07,2026-05-04,2,485,360,610
dea39e48-86f5-44c5-a58b-3b553a059f07,2026-05-11,1,500,500,500
dea39e48-86f5-44c5-a58b-3b553a059f07,2026-08-24,1,360,360,360
dea5ba7e-2894-4f88-b314-ac9a7535a71c,2024-10-21,1,25,25,25
dea5ba7e-2894-4f88-b314-ac9a7535a71c,2024-12-30,1,15.5,15.5,15.5
dea5ba7e-2894-4f88-b314-ac9a7535a71c,2025-01-06,1,59.99,59.99,59.99
dea5ba7e-2894-4f88-b314-ac9a7535a71c,2025-06-16,1,29.95,29.95,29.95
dea5ba7e-2894-4f88-b314-ac9a7535a71c,2026-07-13,1,67.38,67.38,67.38
dea74739-4dbd-44e6-9fdc-8e160400458f,2022-05-30,1,499.99,499.99,499.99
dea74739-4dbd-44e6-9fdc-8e160400458f,2022-06-27,1,212.5,212.5,212.5
dea74739-4dbd-44e6-9fdc-8e160400458f,2022-07-11,3,232.5,232.5,499.99
dea74739-4dbd-44e6-9fdc-8e160400458f,2022-08-01,1,203.57,203.57,203.57
dea74739-4dbd-44e6-9fdc-8e160400458f,2022-09-12,1,157.5,157.5,157.5
dea74739-4dbd-44e6-9fdc-8e160400458f,2022-09-26,1,202.5,202.5,202.5
dea74739-4dbd-44e6-9fdc-8e160400458f,2022-11-07,1,225,225,225
dea74739-4dbd-44e6-9fdc-8e160400458f,2022-12-19,1,227.5,227.5,227.5
dea74739-4dbd-44e6-9fdc-8e160400458f,2023-01-09,1,142.5,142.5,142.5
dea74739-4dbd-44e6-9fdc-8e160400458f,2023-01-16,1,300,300,300
dea74739-4dbd-44e6-9fdc-8e160400458f,2023-02-06,4,196.56,152.5,250
dea74739-4dbd-44e6-9fdc-8e160400458f,2023-02-27,1,255.59,255.59,255.59
dea74739-4dbd-44e6-9fdc-8e160400458f,2023-04-24,1,190,190,190
dea74739-4dbd-44e6-9fdc-8e160400458f,2023-05-15,1,257,257,257
dea74739-4dbd-44e6-9fdc-8e160400458f,2023-06-05,1,148.09,148.09,148.09
dea74739-4dbd-44e6-9fdc-8e160400458f,2023-06-12,2,252.5,200,305
dea74739-4dbd-44e6-9fdc-8e160400458f,2023-06-19,3,191.16,150,254.87
dea74739-4dbd-44e6-9fdc-8e160400458f,2023-06-26,4,169.55,169.11,178.38
dea74739-4dbd-44e6-9fdc-8e160400458f,2023-07-03,1,199.99,199.99,199.99
dea74739-4dbd-44e6-9fdc-8e160400458f,2023-07-24,1,300,300,300
dea74739-4dbd-44e6-9fdc-8e160400458f,2023-08-14,1,360,360,360
dea74739-4dbd-44e6-9fdc-8e160400458f,2023-09-11,1,265,265,265
dea74739-4dbd-44e6-9fdc-8e160400458f,2023-11-27,1,245,245,245
dea74739-4dbd-44e6-9fdc-8e160400458f,2024-02-19,1,91.2,91.2,91.2
dea74739-4dbd-44e6-9fdc-8e160400458f,2024-04-01,1,220.72,220.72,220.72
dea74739-4dbd-44e6-9fdc-8e160400458f,2024-06-03,2,217.5,202.5,232.5
dea74739-4dbd-44e6-9fdc-8e160400458f,2024-06-17,3,144.5,118.5,191.5
dea74739-4dbd-44e6-9fdc-8e160400458f,2024-06-24,2,212,196.5,227.5
dea74739-4dbd-44e6-9fdc-8e160400458f,2024-07-01,1,224.55,224.55,224.55
dea74739-4dbd-44e6-9fdc-8e160400458f,2024-07-15,1,305,305,305
dea74739-4dbd-44e6-9fdc-8e160400458f,2024-07-29,1,250,250,250
dea74739-4dbd-44e6-9fdc-8e160400458f,2025-02-10,2,336.99,295,378.98
dea74739-4dbd-44e6-9fdc-8e160400458f,2025-02-24,1,292.5,292.5,292.5
dea74739-4dbd-44e6-9fdc-8e160400458f,2025-06-09,1,249.99,249.99,249.99
dea74739-4dbd-44e6-9fdc-8e160400458f,2025-07-14,1,284,284,284
dea74739-4dbd-44e6-9fdc-8e160400458f,2025-08-04,1,228,228,228
dea74739-4dbd-44e6-9fdc-8e160400458f,2025-09-08,1,299,299,299
dea74739-4dbd-44e6-9fdc-8e160400458f,2025-11-10,2,305,300,310
dea74739-4dbd-44e6-9fdc-8e160400458f,2026-01-19,2,382.5,365,399.99
dea74739-4dbd-44e6-9fdc-8e160400458f,2026-02-23,3,360,340,500
dea74739-4dbd-44e6-9fdc-8e160400458f,2026-03-09,1,575,575,575
dea74739-4dbd-44e6-9fdc-8e160400458f,2026-03-30,1,375,375,375
dea74739-4dbd-44e6-9fdc-8e160400458f,2026-05-04,1,600,600,600
dea74739-4dbd-44e6-9fdc-8e160400458f,2026-06-01,1,365.62,365.62,365.62
dea74739-4dbd-44e6-9fdc-8e160400458f,2026-07-13,1,510,510,510
dea9d2f9-56ea-4533-ad38-d31512876a1e,2025-06-23,1,11.5,11.5,11.5
deaac00f-3168-4e68-bbe4-6a1256d68fbe,2025-04-07,1,3480,3480,3480
deabf0af-35fe-42df-a386-e8d750a3e29d,2022-06-27,1,389.99,389.99,389.99
deabf0af-35fe-42df-a386-e8d750a3e29d,2023-08-07,1,150,150,150
deacce8b-944b-415c-9c43-9019c8324181,2021-03-08,1,699.99,699.99,699.99
deacce8b-944b-415c-9c43-9019c8324181,2021-03-29,1,365.99,365.99,365.99
deacce8b-944b-415c-9c43-9019c8324181,2021-05-03,1,317.52,317.52,317.52
deacce8b-944b-415c-9c43-9019c8324181,2021-07-26,1,154.1,154.1,154.1
deacce8b-944b-415c-9c43-9019c8324181,2021-08-02,2,398.27,368.82,427.72
deacce8b-944b-415c-9c43-9019c8324181,2021-10-25,3,291.15,170,347.76
deacce8b-944b-415c-9c43-9019c8324181,2021-11-22,2,229.26,165,293.53
deacce8b-944b-415c-9c43-9019c8324181,2021-11-29,2,286.16,251.54,320.78
deacce8b-944b-415c-9c43-9019c8324181,2021-12-13,2,100,100,100
deacce8b-944b-415c-9c43-9019c8324181,2022-01-03,2,201.25,152.5,249.99
deacce8b-944b-415c-9c43-9019c8324181,2022-01-17,1,300.64,300.64,300.64
deacce8b-944b-415c-9c43-9019c8324181,2022-02-07,1,146.5,146.5,146.5
deacce8b-944b-415c-9c43-9019c8324181,2022-03-07,1,220.91,220.91,220.91
deacce8b-944b-415c-9c43-9019c8324181,2022-03-28,1,276.21,276.21,276.21
deacce8b-944b-415c-9c43-9019c8324181,2022-04-04,1,150,150,150
deacce8b-944b-415c-9c43-9019c8324181,2022-04-18,1,88.8,88.8,88.8
deacce8b-944b-415c-9c43-9019c8324181,2022-04-25,2,130.49,124.99,135.99
deacce8b-944b-415c-9c43-9019c8324181,2022-05-09,1,102.5,102.5,102.5
deacce8b-944b-415c-9c43-9019c8324181,2022-05-16,2,116.29,105.59,126.99
deacce8b-944b-415c-9c43-9019c8324181,2022-05-23,1,93.94,93.94,93.94
deacce8b-944b-415c-9c43-9019c8324181,2022-05-30,1,144.5,144.5,144.5
deacce8b-944b-415c-9c43-9019c8324181,2022-06-13,1,75,75,75
deacce8b-944b-415c-9c43-9019c8324181,2022-07-04,1,150,150,150
deacce8b-944b-415c-9c43-9019c8324181,2022-08-15,1,93,93,93
deacce8b-944b-415c-9c43-9019c8324181,2022-08-29,1,76.8,76.8,76.8
deacce8b-944b-415c-9c43-9019c8324181,2022-09-05,1,79.2,79.2,79.2
deacce8b-944b-415c-9c43-9019c8324181,2022-09-12,1,86.4,86.4,86.4
deacce8b-944b-415c-9c43-9019c8324181,2022-10-03,1,56.4,56.4,56.4
deacce8b-944b-415c-9c43-9019c8324181,2022-10-31,2,124.19,94,154.37
deacce8b-944b-415c-9c43-9019c8324181,2022-11-14,1,74.5,74.5,74.5
deacce8b-944b-415c-9c43-9019c8324181,2022-11-21,2,76.5,53,100
deacce8b-944b-415c-9c43-9019c8324181,2022-12-05,2,118.25,90,146.51
deacce8b-944b-415c-9c43-9019c8324181,2022-12-26,1,100,100,100
deacce8b-944b-415c-9c43-9019c8324181,2023-01-02,1,192.09,192.09,192.09
deacce8b-944b-415c-9c43-9019c8324181,2023-01-16,1,90,90,90
deacce8b-944b-415c-9c43-9019c8324181,2023-01-23,3,152.85,118,217.07
deacce8b-944b-415c-9c43-9019c8324181,2023-02-06,1,129.19,129.19,129.19
deacce8b-944b-415c-9c43-9019c8324181,2023-02-13,1,131.16,131.16,131.16
deacce8b-944b-415c-9c43-9019c8324181,2023-02-20,1,211.92,211.92,211.92
deacce8b-944b-415c-9c43-9019c8324181,2023-03-06,2,168.47,146.42,190.53
deacce8b-944b-415c-9c43-9019c8324181,2023-03-13,1,120,120,120
deacce8b-944b-415c-9c43-9019c8324181,2023-05-01,1,114.05,114.05,114.05
deacce8b-944b-415c-9c43-9019c8324181,2023-05-08,1,145.01,145.01,145.01
deacce8b-944b-415c-9c43-9019c8324181,2023-06-12,1,184.52,184.52,184.52
deacce8b-944b-415c-9c43-9019c8324181,2023-06-26,1,128.21,128.21,128.21
deacce8b-944b-415c-9c43-9019c8324181,2023-08-21,1,190.64,190.64,190.64
deacce8b-944b-415c-9c43-9019c8324181,2023-09-04,2,112.5,110,115
deacce8b-944b-415c-9c43-9019c8324181,2023-10-16,1,107,107,107
deacce8b-944b-415c-9c43-9019c8324181,2023-11-06,2,76.98,36.19,117.78
deacce8b-944b-415c-9c43-9019c8324181,2023-11-13,1,164.4,164.4,164.4
deacce8b-944b-415c-9c43-9019c8324181,2024-01-08,1,105,105,105
deacce8b-944b-415c-9c43-9019c8324181,2024-02-05,1,146.7,146.7,146.7
deacce8b-944b-415c-9c43-9019c8324181,2024-03-04,1,134.82,134.82,134.82
deacce8b-944b-415c-9c43-9019c8324181,2024-03-18,2,125,122.5,127.5
deacce8b-944b-415c-9c43-9019c8324181,2024-04-01,1,172.56,172.56,172.56
deacce8b-944b-415c-9c43-9019c8324181,2024-05-27,1,162.66,162.66,162.66
deacce8b-944b-415c-9c43-9019c8324181,2024-06-10,1,113.65,113.65,113.65
deacce8b-944b-415c-9c43-9019c8324181,2024-06-17,2,105,105,105
deacce8b-944b-415c-9c43-9019c8324181,2024-06-24,2,170.11,169.31,170.91
deacce8b-944b-415c-9c43-9019c8324181,2024-07-08,1,129.99,129.99,129.99
deacce8b-944b-415c-9c43-9019c8324181,2024-08-12,2,134.73,119.99,149.48
deacce8b-944b-415c-9c43-9019c8324181,2024-09-30,2,125,125,125
deacce8b-944b-415c-9c43-9019c8324181,2024-10-07,1,120,120,120
deacce8b-944b-415c-9c43-9019c8324181,2024-10-14,1,173.4,173.4,173.4
deacce8b-944b-415c-9c43-9019c8324181,2024-11-11,1,126.43,126.43,126.43
deacce8b-944b-415c-9c43-9019c8324181,2024-11-25,2,146.28,127.8,164.77
deacce8b-944b-415c-9c43-9019c8324181,2024-12-02,1,113.03,113.03,113.03
deacce8b-944b-415c-9c43-9019c8324181,2024-12-30,1,139.93,139.93,139.93
deacce8b-944b-415c-9c43-9019c8324181,2025-01-06,1,283.91,283.91,283.91
deacce8b-944b-415c-9c43-9019c8324181,2025-02-10,2,149.52,122.5,176.54
deacce8b-944b-415c-9c43-9019c8324181,2025-02-17,1,125,125,125
deacce8b-944b-415c-9c43-9019c8324181,2025-03-31,1,132.5,132.5,132.5
deacce8b-944b-415c-9c43-9019c8324181,2025-04-14,1,150,150,150
deacce8b-944b-415c-9c43-9019c8324181,2025-05-26,2,153,145,161
deacce8b-944b-415c-9c43-9019c8324181,2025-06-02,1,180.07,180.07,180.07
deacce8b-944b-415c-9c43-9019c8324181,2025-07-14,1,179.45,179.45,179.45
deacce8b-944b-415c-9c43-9019c8324181,2025-07-21,2,193.68,149,238.36
deacce8b-944b-415c-9c43-9019c8324181,2025-08-25,2,245.99,227.88,264.1
deacce8b-944b-415c-9c43-9019c8324181,2025-09-08,2,325.75,151.5,500
deacce8b-944b-415c-9c43-9019c8324181,2025-09-22,1,195.44,195.44,195.44
deacce8b-944b-415c-9c43-9019c8324181,2025-09-29,1,175,175,175
deacce8b-944b-415c-9c43-9019c8324181,2025-10-06,1,189.39,189.39,189.39
deacce8b-944b-415c-9c43-9019c8324181,2025-10-13,1,213.29,213.29,213.29
deacce8b-944b-415c-9c43-9019c8324181,2025-10-20,1,343.82,343.82,343.82
deacce8b-944b-415c-9c43-9019c8324181,2025-11-10,1,178.5,178.5,178.5
deacce8b-944b-415c-9c43-9019c8324181,2025-11-17,1,155,155,155
deacce8b-944b-415c-9c43-9019c8324181,2025-12-01,1,253.67,253.67,253.67
deacce8b-944b-415c-9c43-9019c8324181,2025-12-08,1,261.8,261.8,261.8
deacce8b-944b-415c-9c43-9019c8324181,2025-12-22,1,301.36,301.36,301.36
deacce8b-944b-415c-9c43-9019c8324181,2026-01-19,2,288.31,285.05,291.58
deacce8b-944b-415c-9c43-9019c8324181,2026-02-16,1,174,174,174
deacce8b-944b-415c-9c43-9019c8324181,2026-04-27,1,254.35,254.35,254.35
deacce8b-944b-415c-9c43-9019c8324181,2026-05-04,1,260.49,260.49,260.49
deacce8b-944b-415c-9c43-9019c8324181,2026-05-25,1,256.5,256.5,256.5
deacce8b-944b-415c-9c43-9019c8324181,2026-06-01,1,233.5,233.5,233.5
deacce8b-944b-415c-9c43-9019c8324181,2026-06-08,1,200.5,200.5,200.5
deacce8b-944b-415c-9c43-9019c8324181,2026-07-06,1,155,155,155
deacce8b-944b-415c-9c43-9019c8324181,2026-07-13,1,205,205,205
deacce8b-944b-415c-9c43-9019c8324181,2026-07-20,2,391.69,271.74,511.65
deacce8b-944b-415c-9c43-9019c8324181,2026-08-24,1,142.5,142.5,142.5
deacce8b-944b-415c-9c43-9019c8324181,2026-09-07,1,174,174,174
deada56a-21dc-4497-a794-a0ccdd110ec0,2026-08-10,1,150,150,150
deada56a-21dc-4497-a794-a0ccdd110ec0,2026-09-07,1,160,160,160
deae9758-e887-44e3-950c-e3673324cb51,2022-02-14,1,35.89,35.89,35.89
deae9758-e887-44e3-950c-e3673324cb51,2023-02-20,1,39,39,39
deae9758-e887-44e3-950c-e3673324cb51,2023-02-27,1,75,75,75
deae9758-e887-44e3-950c-e3673324cb51,2023-04-17,1,49.2,49.2,49.2
deae9758-e887-44e3-950c-e3673324cb51,2023-05-29,1,99.95,99.95,99.95
deae9758-e887-44e3-950c-e3673324cb51,2023-06-05,1,79.99,79.99,79.99
deae9758-e887-44e3-950c-e3673324cb51,2023-06-12,1,39.88,39.88,39.88
deae9758-e887-44e3-950c-e3673324cb51,2023-07-10,1,49.2,49.2,49.2
deae9758-e887-44e3-950c-e3673324cb51,2023-09-11,1,85,85,85
deae9758-e887-44e3-950c-e3673324cb51,2023-12-11,1,56,56,56
deae9758-e887-44e3-950c-e3673324cb51,2023-12-18,1,68,68,68
deae9758-e887-44e3-950c-e3673324cb51,2024-06-24,1,51.06,51.06,51.06
deae9758-e887-44e3-950c-e3673324cb51,2024-08-26,1,26.05,26.05,26.05
deae9758-e887-44e3-950c-e3673324cb51,2024-10-21,1,53.25,53.25,53.25
deae9758-e887-44e3-950c-e3673324cb51,2024-12-30,1,45,45,45
deae9758-e887-44e3-950c-e3673324cb51,2025-03-03,1,87.74,87.74,87.74
deae9758-e887-44e3-950c-e3673324cb51,2025-04-14,1,56,56,56
deae9758-e887-44e3-950c-e3673324cb51,2025-07-14,1,114.99,114.99,114.99
deae9758-e887-44e3-950c-e3673324cb51,2025-10-13,1,81,81,81
deae9758-e887-44e3-950c-e3673324cb51,2025-10-27,1,100,100,100
deae9758-e887-44e3-950c-e3673324cb51,2025-12-08,1,109.99,109.99,109.99
deae9758-e887-44e3-950c-e3673324cb51,2025-12-22,1,157.5,157.5,157.5
deae9758-e887-44e3-950c-e3673324cb51,2026-01-19,1,165,165,165
deae9758-e887-44e3-950c-e3673324cb51,2026-02-09,1,156.99,156.99,156.99
deae9758-e887-44e3-950c-e3673324cb51,2026-02-23,1,100.31,100.31,100.31
deae9758-e887-44e3-950c-e3673324cb51,2026-03-02,1,125,125,125
deae9758-e887-44e3-950c-e3673324cb51,2026-03-09,1,154.99,154.99,154.99
deae9758-e887-44e3-950c-e3673324cb51,2026-04-20,1,170.7,170.7,170.7
deae9758-e887-44e3-950c-e3673324cb51,2026-06-08,1,156.46,156.46,156.46
deae9758-e887-44e3-950c-e3673324cb51,2026-06-15,1,169.99,169.99,169.99
deae9758-e887-44e3-950c-e3673324cb51,2026-06-29,1,152.5,152.5,152.5
deae9758-e887-44e3-950c-e3673324cb51,2026-07-06,1,130.39,130.39,130.39
deae9758-e887-44e3-950c-e3673324cb51,2026-09-07,1,170,170,170
deb754e2-7ff0-43e3-8396-e4001ea840ce,2021-09-06,1,52,52,52
deb754e2-7ff0-43e3-8396-e4001ea840ce,2021-10-25,1,18,18,18
deb754e2-7ff0-43e3-8396-e4001ea840ce,2022-01-03,1,42,42,42
deb754e2-7ff0-43e3-8396-e4001ea840ce,2022-03-28,1,26.75,26.75,26.75
deb754e2-7ff0-43e3-8396-e4001ea840ce,2024-04-15,1,25.55,25.55,25.55
deb754e2-7ff0-43e3-8396-e4001ea840ce,2024-05-20,1,69.95,69.95,69.95
deb754e2-7ff0-43e3-8396-e4001ea840ce,2024-06-17,1,69.99,69.99,69.99
deb760df-ecfe-4e09-a487-ec3d587c6366,2021-12-20,1,127.5,127.5,127.5
deb760df-ecfe-4e09-a487-ec3d587c6366,2022-01-17,1,190,190,190
deb760df-ecfe-4e09-a487-ec3d587c6366,2022-08-15,1,210,210,210
deb760df-ecfe-4e09-a487-ec3d587c6366,2025-04-21,1,330,330,330
deb760df-ecfe-4e09-a487-ec3d587c6366,2025-09-08,1,1200,1200,1200
deb7b212-a610-41a6-a1de-940485c74c3f,2021-03-22,1,550,550,550
deb7b212-a610-41a6-a1de-940485c74c3f,2021-04-19,1,480,480,480
deb7b212-a610-41a6-a1de-940485c74c3f,2021-06-28,1,602,602,602
deb7b212-a610-41a6-a1de-940485c74c3f,2021-09-13,1,619.99,619.99,619.99
deb7b212-a610-41a6-a1de-940485c74c3f,2021-10-25,1,340,340,340
deb7b212-a610-41a6-a1de-940485c74c3f,2022-02-28,1,462,462,462
deb7b212-a610-41a6-a1de-940485c74c3f,2022-03-28,1,380,380,380
deb7b212-a610-41a6-a1de-940485c74c3f,2022-04-25,1,450,450,450
deb7b212-a610-41a6-a1de-940485c74c3f,2022-05-16,1,400,400,400
deb7b212-a610-41a6-a1de-940485c74c3f,2022-06-06,1,550,550,550
deb7b212-a610-41a6-a1de-940485c74c3f,2022-06-13,1,800,800,800
deb7b212-a610-41a6-a1de-940485c74c3f,2022-06-20,1,500.48,500.48,500.48
deb7b212-a610-41a6-a1de-940485c74c3f,2022-07-11,1,434,434,434
deb7b212-a610-41a6-a1de-940485c74c3f,2022-08-15,1,365,365,365
deb7b212-a610-41a6-a1de-940485c74c3f,2022-09-19,1,499.99,499.99,499.99
deb7b212-a610-41a6-a1de-940485c74c3f,2022-11-14,1,323,323,323
deb7b212-a610-41a6-a1de-940485c74c3f,2022-11-21,1,466,466,466
deb7b212-a610-41a6-a1de-940485c74c3f,2023-02-06,1,515,515,515
deb7b212-a610-41a6-a1de-940485c74c3f,2023-02-20,2,480,360,600
deb7b212-a610-41a6-a1de-940485c74c3f,2023-04-17,1,525,525,525
deb7b212-a610-41a6-a1de-940485c74c3f,2023-05-01,1,415,415,415
deb7b212-a610-41a6-a1de-940485c74c3f,2023-05-15,1,405,405,405
deb7b212-a610-41a6-a1de-940485c74c3f,2023-05-29,1,400,400,400
deb7b212-a610-41a6-a1de-940485c74c3f,2023-07-03,1,433,433,433
deb7b212-a610-41a6-a1de-940485c74c3f,2023-07-31,1,550,550,550
deb7b212-a610-41a6-a1de-940485c74c3f,2023-08-07,1,360,360,360
deb7b212-a610-41a6-a1de-940485c74c3f,2023-09-04,1,420,420,420
deb7b212-a610-41a6-a1de-940485c74c3f,2023-09-25,1,313,313,313
deb7b212-a610-41a6-a1de-940485c74c3f,2023-12-11,1,252,252,252
deb7b212-a610-41a6-a1de-940485c74c3f,2023-12-25,2,350,350,350
deb7b212-a610-41a6-a1de-940485c74c3f,2024-05-20,1,335,335,335
deb7b212-a610-41a6-a1de-940485c74c3f,2024-07-15,1,314.99,314.99,314.99
deb7b212-a610-41a6-a1de-940485c74c3f,2024-11-04,2,335,315,355
deb7b212-a610-41a6-a1de-940485c74c3f,2025-01-20,1,840,840,840
deb7b212-a610-41a6-a1de-940485c74c3f,2025-02-24,1,470.55,470.55,470.55
deb7b212-a610-41a6-a1de-940485c74c3f,2025-03-03,1,450,450,450
deb7b212-a610-41a6-a1de-940485c74c3f,2025-04-07,1,599.9,599.9,599.9
deb7b212-a610-41a6-a1de-940485c74c3f,2025-04-14,1,849.99,849.99,849.99
deb7b212-a610-41a6-a1de-940485c74c3f,2025-06-02,1,700,700,700
deb7b212-a610-41a6-a1de-940485c74c3f,2025-11-03,1,1170,1170,1170
deb7b212-a610-41a6-a1de-940485c74c3f,2026-01-05,1,975,975,975
deb7b212-a610-41a6-a1de-940485c74c3f,2026-02-02,1,1325,1325,1325
deb7b212-a610-41a6-a1de-940485c74c3f,2026-03-02,3,1703,1550,1775
deb7b212-a610-41a6-a1de-940485c74c3f,2026-03-09,2,1775,1750,1800
deb7b212-a610-41a6-a1de-940485c74c3f,2026-03-16,1,1600,1600,1600
deb7b212-a610-41a6-a1de-940485c74c3f,2026-03-30,1,1980,1980,1980
deb7b212-a610-41a6-a1de-940485c74c3f,2026-04-13,1,1894,1894,1894
deb7b212-a610-41a6-a1de-940485c74c3f,2026-05-25,1,1813.46,1813.46,1813.46
deb7b212-a610-41a6-a1de-940485c74c3f,2026-07-13,2,2038.5,1825,2252
deb7b212-a610-41a6-a1de-940485c74c3f,2026-08-03,1,2550,2550,2550
deb7b212-a610-41a6-a1de-940485c74c3f,2026-08-24,1,2562,2562,2562
deb7b212-a610-41a6-a1de-940485c74c3f,2026-09-07,1,3360,3360,3360
deb8e14e-c066-4418-9b8e-f3dbfba16494,2024-11-04,2,15.75,13,18.5
deb8e14e-c066-4418-9b8e-f3dbfba16494,2024-12-02,4,16.99,14.5,29.89
deb8e14e-c066-4418-9b8e-f3dbfba16494,2024-12-16,3,20,11.51,25
deb8e14e-c066-4418-9b8e-f3dbfba16494,2024-12-23,2,17.02,16,18.03
deb8e14e-c066-4418-9b8e-f3dbfba16494,2024-12-30,1,25.49,25.49,25.49
deb8e14e-c066-4418-9b8e-f3dbfba16494,2025-01-13,1,15.5,15.5,15.5
deb8e14e-c066-4418-9b8e-f3dbfba16494,2025-01-20,1,19.5,19.5,19.5
deb8e14e-c066-4418-9b8e-f3dbfba16494,2025-02-03,1,29,29,29
deb8e14e-c066-4418-9b8e-f3dbfba16494,2025-02-10,1,22.04,22.04,22.04
deb8e14e-c066-4418-9b8e-f3dbfba16494,2025-03-10,1,14,14,14
deb8e14e-c066-4418-9b8e-f3dbfba16494,2025-04-07,1,18.5,18.5,18.5
deb8e14e-c066-4418-9b8e-f3dbfba16494,2025-04-21,1,25,25,25
deb8e14e-c066-4418-9b8e-f3dbfba16494,2025-06-16,1,20,20,20
deb8e14e-c066-4418-9b8e-f3dbfba16494,2025-08-11,1,17.25,17.25,17.25
deb8e14e-c066-4418-9b8e-f3dbfba16494,2025-09-01,1,99,99,99
deb8e14e-c066-4418-9b8e-f3dbfba16494,2025-09-15,1,25,25,25
deb8e14e-c066-4418-9b8e-f3dbfba16494,2025-10-27,1,23,23,23
deb8e14e-c066-4418-9b8e-f3dbfba16494,2025-11-17,1,27,27,27
deb8e14e-c066-4418-9b8e-f3dbfba16494,2025-12-08,1,21.99,21.99,21.99
deb8e14e-c066-4418-9b8e-f3dbfba16494,2025-12-15,1,34.99,34.99,34.99
deb8e14e-c066-4418-9b8e-f3dbfba16494,2026-01-05,1,30,30,30
deb8e14e-c066-4418-9b8e-f3dbfba16494,2026-02-02,1,23,23,23
deb8e14e-c066-4418-9b8e-f3dbfba16494,2026-02-09,1,26,26,26
deb8e14e-c066-4418-9b8e-f3dbfba16494,2026-06-22,1,39.99,39.99,39.99
deb8e14e-c066-4418-9b8e-f3dbfba16494,2026-07-27,1,25,25,25
debb86a6-9425-4b6c-bb24-a367ef8f04a0,2021-06-21,1,75,75,75
debb86a6-9425-4b6c-bb24-a367ef8f04a0,2022-11-21,1,16.08,16.08,16.08
debb86a6-9425-4b6c-bb24-a367ef8f04a0,2022-12-05,1,55,55,55
debb86a6-9425-4b6c-bb24-a367ef8f04a0,2022-12-12,1,42.36,42.36,42.36
debb86a6-9425-4b6c-bb24-a367ef8f04a0,2023-01-16,1,38.91,38.91,38.91
debb86a6-9425-4b6c-bb24-a367ef8f04a0,2023-02-06,1,38.53,38.53,38.53
debb86a6-9425-4b6c-bb24-a367ef8f04a0,2024-05-06,1,41.48,41.48,41.48
debb86a6-9425-4b6c-bb24-a367ef8f04a0,2024-08-26,1,51,51,51
debb86a6-9425-4b6c-bb24-a367ef8f04a0,2024-10-07,1,46,46,46
debb86a6-9425-4b6c-bb24-a367ef8f04a0,2024-11-11,1,69.99,69.99,69.99
debb86a6-9425-4b6c-bb24-a367ef8f04a0,2024-11-18,1,52.99,52.99,52.99
debb86a6-9425-4b6c-bb24-a367ef8f04a0,2025-10-06,1,76,76,76
debb86a6-9425-4b6c-bb24-a367ef8f04a0,2025-11-17,1,135,135,135
debce993-2c78-4f28-83e6-efbf2a37da6c,2023-05-01,1,188.1,188.1,188.1
debce993-2c78-4f28-83e6-efbf2a37da6c,2023-05-08,2,176.25,157.5,195
debce993-2c78-4f28-83e6-efbf2a37da6c,2023-05-15,1,318,318,318
debce993-2c78-4f28-83e6-efbf2a37da6c,2023-05-22,1,192.5,192.5,192.5
debce993-2c78-4f28-83e6-efbf2a37da6c,2023-06-19,1,238.5,238.5,238.5
debce993-2c78-4f28-83e6-efbf2a37da6c,2023-07-31,3,191.5,184.5,245.5
debce993-2c78-4f28-83e6-efbf2a37da6c,2023-08-07,1,249.99,249.99,249.99
debce993-2c78-4f28-83e6-efbf2a37da6c,2023-08-14,1,205,205,205
debce993-2c78-4f28-83e6-efbf2a37da6c,2023-08-21,1,142.5,142.5,142.5
debce993-2c78-4f28-83e6-efbf2a37da6c,2023-08-28,1,138.49,138.49,138.49
debce993-2c78-4f28-83e6-efbf2a37da6c,2023-09-04,1,179.99,179.99,179.99
debce993-2c78-4f28-83e6-efbf2a37da6c,2023-09-18,1,132,132,132
debce993-2c78-4f28-83e6-efbf2a37da6c,2023-10-30,2,97.2,86.4,108
debce993-2c78-4f28-83e6-efbf2a37da6c,2023-11-06,2,99.6,88.8,110.4
debce993-2c78-4f28-83e6-efbf2a37da6c,2023-12-04,1,76.1,76.1,76.1
debce993-2c78-4f28-83e6-efbf2a37da6c,2023-12-11,1,81,81,81
debce993-2c78-4f28-83e6-efbf2a37da6c,2024-01-01,1,110,110,110
debce993-2c78-4f28-83e6-efbf2a37da6c,2024-01-15,1,73.55,73.55,73.55
debce993-2c78-4f28-83e6-efbf2a37da6c,2024-01-22,1,100,100,100
debce993-2c78-4f28-83e6-efbf2a37da6c,2024-04-29,1,60,60,60
debce993-2c78-4f28-83e6-efbf2a37da6c,2024-06-24,1,71.01,71.01,71.01
debce993-2c78-4f28-83e6-efbf2a37da6c,2024-07-01,2,62.7,62.4,63
debce993-2c78-4f28-83e6-efbf2a37da6c,2024-08-19,1,35.89,35.89,35.89
debce993-2c78-4f28-83e6-efbf2a37da6c,2024-08-26,1,99,99,99
debce993-2c78-4f28-83e6-efbf2a37da6c,2024-09-09,2,57.6,56.4,58.8
debce993-2c78-4f28-83e6-efbf2a37da6c,2024-09-16,2,46.2,45.6,46.8
debce993-2c78-4f28-83e6-efbf2a37da6c,2024-09-23,1,39.6,39.6,39.6
debce993-2c78-4f28-83e6-efbf2a37da6c,2024-09-30,1,89,89,89
debce993-2c78-4f28-83e6-efbf2a37da6c,2024-10-21,1,56,56,56
debce993-2c78-4f28-83e6-efbf2a37da6c,2024-10-28,2,53.25,50,56.51
debce993-2c78-4f28-83e6-efbf2a37da6c,2024-11-04,1,83.72,83.72,83.72
debce993-2c78-4f28-83e6-efbf2a37da6c,2024-11-18,1,42,42,42
debce993-2c78-4f28-83e6-efbf2a37da6c,2024-11-25,1,52.77,52.77,52.77
debce993-2c78-4f28-83e6-efbf2a37da6c,2024-12-09,1,67,67,67
debce993-2c78-4f28-83e6-efbf2a37da6c,2025-02-03,2,76.55,72,81.1
debce993-2c78-4f28-83e6-efbf2a37da6c,2025-05-19,1,75,75,75
debce993-2c78-4f28-83e6-efbf2a37da6c,2025-05-26,1,110,110,110
debce993-2c78-4f28-83e6-efbf2a37da6c,2025-09-01,3,62.4,40.8,67.2
debce993-2c78-4f28-83e6-efbf2a37da6c,2025-12-15,1,76.8,76.8,76.8
debce993-2c78-4f28-83e6-efbf2a37da6c,2026-04-27,1,113.79,113.79,113.79
debce993-2c78-4f28-83e6-efbf2a37da6c,2026-07-27,1,113.87,113.87,113.87
debce993-2c78-4f28-83e6-efbf2a37da6c,2026-08-31,1,116.33,116.33,116.33
debf0d05-6eac-4a9d-bcd6-4cc10ea4e8a3,2023-06-05,1,42,42,42
debf0d05-6eac-4a9d-bcd6-4cc10ea4e8a3,2025-04-21,1,149.99,149.99,149.99
debf19ce-3c8c-4c7a-8da1-063037dddf8e,2022-10-17,1,26,26,26
debf19ce-3c8c-4c7a-8da1-063037dddf8e,2023-10-16,1,12.2,12.2,12.2
debf19ce-3c8c-4c7a-8da1-063037dddf8e,2024-01-01,1,27.6,27.6,27.6
debf19ce-3c8c-4c7a-8da1-063037dddf8e,2024-08-26,1,11.5,11.5,11.5
debf19ce-3c8c-4c7a-8da1-063037dddf8e,2024-10-28,1,25,25,25
debf19ce-3c8c-4c7a-8da1-063037dddf8e,2025-09-01,1,26,26,26
debf19ce-3c8c-4c7a-8da1-063037dddf8e,2026-01-12,1,25.88,25.88,25.88
debf19ce-3c8c-4c7a-8da1-063037dddf8e,2026-02-02,8,25.51,25,32
debf19ce-3c8c-4c7a-8da1-063037dddf8e,2026-02-16,1,25,25,25
debf19ce-3c8c-4c7a-8da1-063037dddf8e,2026-03-09,1,31,31,31
debf19ce-3c8c-4c7a-8da1-063037dddf8e,2026-04-06,1,35,35,35
debf19ce-3c8c-4c7a-8da1-063037dddf8e,2026-04-13,1,24,24,24
debf19ce-3c8c-4c7a-8da1-063037dddf8e,2026-04-20,2,42,29,55
debf19ce-3c8c-4c7a-8da1-063037dddf8e,2026-04-27,1,55,55,55
debf19ce-3c8c-4c7a-8da1-063037dddf8e,2026-05-11,1,32.4,32.4,32.4
debf19ce-3c8c-4c7a-8da1-063037dddf8e,2026-06-08,1,32,32,32
debf19ce-3c8c-4c7a-8da1-063037dddf8e,2026-08-17,1,40,40,40
debf19ce-3c8c-4c7a-8da1-063037dddf8e,2026-08-31,1,37,37,37
debf3ed2-c946-4369-bcb5-06fe053f738b,2025-10-13,2,255,250,260
debf3ed2-c946-4369-bcb5-06fe053f738b,2026-07-20,1,2025,2025,2025
debf3ed2-c946-4369-bcb5-06fe053f738b,2026-08-03,1,1808,1808,1808
debf590e-b122-4983-aa98-fcb10c07e38a,2021-03-15,2,195,115,275
debf590e-b122-4983-aa98-fcb10c07e38a,2021-04-05,1,147,147,147
debf590e-b122-4983-aa98-fcb10c07e38a,2021-04-12,1,215,215,215
debf590e-b122-4983-aa98-fcb10c07e38a,2021-07-19,1,150,150,150
debf590e-b122-4983-aa98-fcb10c07e38a,2021-09-13,1,125,125,125
debf590e-b122-4983-aa98-fcb10c07e38a,2021-10-11,1,80,80,80
debf590e-b122-4983-aa98-fcb10c07e38a,2021-11-22,1,152,152,152
debf590e-b122-4983-aa98-fcb10c07e38a,2021-12-27,2,78.5,76,81
debf590e-b122-4983-aa98-fcb10c07e38a,2022-01-03,1,111.95,111.95,111.95
debf590e-b122-4983-aa98-fcb10c07e38a,2022-01-10,1,84,84,84
debf590e-b122-4983-aa98-fcb10c07e38a,2022-01-17,1,89.99,89.99,89.99
debf590e-b122-4983-aa98-fcb10c07e38a,2022-02-07,2,69.55,68,71.1
debf590e-b122-4983-aa98-fcb10c07e38a,2022-02-14,1,99,99,99
debf590e-b122-4983-aa98-fcb10c07e38a,2022-02-28,1,67,67,67
debf590e-b122-4983-aa98-fcb10c07e38a,2022-03-07,2,56.5,53,60
debf590e-b122-4983-aa98-fcb10c07e38a,2022-03-21,1,74.99,74.99,74.99
debf590e-b122-4983-aa98-fcb10c07e38a,2022-04-04,1,61,61,61
debf590e-b122-4983-aa98-fcb10c07e38a,2022-04-18,1,65,65,65
debf590e-b122-4983-aa98-fcb10c07e38a,2022-05-09,1,85,85,85
debf590e-b122-4983-aa98-fcb10c07e38a,2022-06-13,1,83.99,83.99,83.99
debf590e-b122-4983-aa98-fcb10c07e38a,2022-06-20,1,33.21,33.21,33.21
debf590e-b122-4983-aa98-fcb10c07e38a,2022-06-27,1,60,60,60
debf590e-b122-4983-aa98-fcb10c07e38a,2022-07-04,1,83.99,83.99,83.99
debf590e-b122-4983-aa98-fcb10c07e38a,2022-07-18,1,80,80,80
debf590e-b122-4983-aa98-fcb10c07e38a,2022-08-01,1,62.67,62.67,62.67
debf590e-b122-4983-aa98-fcb10c07e38a,2022-08-08,2,89.94,66.39,113.5
debf590e-b122-4983-aa98-fcb10c07e38a,2022-08-15,2,82.5,80,85
debf590e-b122-4983-aa98-fcb10c07e38a,2022-08-29,1,55.2,55.2,55.2
debf590e-b122-4983-aa98-fcb10c07e38a,2022-09-05,1,75,75,75
debf590e-b122-4983-aa98-fcb10c07e38a,2022-10-03,1,68,68,68
debf590e-b122-4983-aa98-fcb10c07e38a,2022-10-31,1,72,72,72
debf590e-b122-4983-aa98-fcb10c07e38a,2022-11-07,1,45,45,45
debf590e-b122-4983-aa98-fcb10c07e38a,2022-11-21,1,40.38,40.38,40.38
debf590e-b122-4983-aa98-fcb10c07e38a,2022-11-28,1,64.99,64.99,64.99
debf590e-b122-4983-aa98-fcb10c07e38a,2022-12-19,1,55,55,55
debf590e-b122-4983-aa98-fcb10c07e38a,2022-12-26,1,49,49,49
debf590e-b122-4983-aa98-fcb10c07e38a,2023-01-02,1,70,70,70
debf590e-b122-4983-aa98-fcb10c07e38a,2023-01-16,1,86.4,86.4,86.4
debf590e-b122-4983-aa98-fcb10c07e38a,2023-01-30,1,48,48,48
debf590e-b122-4983-aa98-fcb10c07e38a,2023-02-13,1,40.25,40.25,40.25
debf590e-b122-4983-aa98-fcb10c07e38a,2023-02-20,1,49.99,49.99,49.99
debf590e-b122-4983-aa98-fcb10c07e38a,2023-02-27,2,47.56,43.12,52
debf590e-b122-4983-aa98-fcb10c07e38a,2023-03-06,3,58.76,57,64.08
debf590e-b122-4983-aa98-fcb10c07e38a,2023-03-20,1,89,89,89
debf590e-b122-4983-aa98-fcb10c07e38a,2023-04-03,1,102.5,102.5,102.5
debf590e-b122-4983-aa98-fcb10c07e38a,2023-04-24,1,66,66,66
debf590e-b122-4983-aa98-fcb10c07e38a,2023-05-15,1,70,70,70
debf590e-b122-4983-aa98-fcb10c07e38a,2023-06-19,1,65,65,65
debf590e-b122-4983-aa98-fcb10c07e38a,2023-07-03,1,80,80,80
debf590e-b122-4983-aa98-fcb10c07e38a,2023-07-10,1,70,70,70
debf590e-b122-4983-aa98-fcb10c07e38a,2023-07-24,1,100,100,100
debf590e-b122-4983-aa98-fcb10c07e38a,2023-08-28,1,75,75,75
debf590e-b122-4983-aa98-fcb10c07e38a,2023-09-11,1,94.99,94.99,94.99
debf590e-b122-4983-aa98-fcb10c07e38a,2023-10-02,1,70,70,70
debf590e-b122-4983-aa98-fcb10c07e38a,2023-10-09,1,49.03,49.03,49.03
debf590e-b122-4983-aa98-fcb10c07e38a,2023-10-16,1,55,55,55
debf590e-b122-4983-aa98-fcb10c07e38a,2023-11-20,1,62,62,62
debf590e-b122-4983-aa98-fcb10c07e38a,2024-02-19,2,66.34,64.99,67.69
debf590e-b122-4983-aa98-fcb10c07e38a,2024-03-04,1,67.69,67.69,67.69
debf590e-b122-4983-aa98-fcb10c07e38a,2024-03-11,1,62,62,62
debf590e-b122-4983-aa98-fcb10c07e38a,2024-03-18,2,53,49.99,56
debf590e-b122-4983-aa98-fcb10c07e38a,2024-03-25,1,61,61,61
debf590e-b122-4983-aa98-fcb10c07e38a,2024-04-15,1,58,58,58
debf590e-b122-4983-aa98-fcb10c07e38a,2024-04-22,1,69,69,69
debf590e-b122-4983-aa98-fcb10c07e38a,2024-04-29,1,60,60,60
debf590e-b122-4983-aa98-fcb10c07e38a,2024-05-27,2,61,53,69
debf590e-b122-4983-aa98-fcb10c07e38a,2024-06-03,1,64.95,64.95,64.95
debf590e-b122-4983-aa98-fcb10c07e38a,2024-06-10,1,69,69,69
debf590e-b122-4983-aa98-fcb10c07e38a,2024-06-24,1,57,57,57
debf590e-b122-4983-aa98-fcb10c07e38a,2024-08-05,1,70,70,70
debf590e-b122-4983-aa98-fcb10c07e38a,2024-08-12,3,79,75,200
debf590e-b122-4983-aa98-fcb10c07e38a,2024-08-19,2,82,74.99,89
debf590e-b122-4983-aa98-fcb10c07e38a,2024-09-09,2,82.5,71,94
debf590e-b122-4983-aa98-fcb10c07e38a,2024-09-16,2,85,75,95
debf590e-b122-4983-aa98-fcb10c07e38a,2024-09-23,1,99.99,99.99,99.99
debf590e-b122-4983-aa98-fcb10c07e38a,2024-09-30,2,99.5,99,99.99
debf590e-b122-4983-aa98-fcb10c07e38a,2024-11-04,1,119,119,119
debf590e-b122-4983-aa98-fcb10c07e38a,2024-12-09,1,70,70,70
debf590e-b122-4983-aa98-fcb10c07e38a,2024-12-30,1,105,105,105
debf590e-b122-4983-aa98-fcb10c07e38a,2025-01-13,1,114.5,114.5,114.5
debf590e-b122-4983-aa98-fcb10c07e38a,2025-02-03,1,106.88,106.88,106.88
debf590e-b122-4983-aa98-fcb10c07e38a,2025-02-17,2,111.25,83,139.5
debf590e-b122-4983-aa98-fcb10c07e38a,2025-02-24,1,100,100,100
debf590e-b122-4983-aa98-fcb10c07e38a,2025-04-14,1,118.99,118.99,118.99
debf590e-b122-4983-aa98-fcb10c07e38a,2025-04-21,1,89,89,89
debf590e-b122-4983-aa98-fcb10c07e38a,2025-05-05,1,115,115,115
debf590e-b122-4983-aa98-fcb10c07e38a,2025-05-12,1,93.04,93.04,93.04
debf590e-b122-4983-aa98-fcb10c07e38a,2025-06-02,1,149.99,149.99,149.99
debf590e-b122-4983-aa98-fcb10c07e38a,2025-06-16,1,120,120,120
debf590e-b122-4983-aa98-fcb10c07e38a,2025-06-23,1,170,170,170
debf590e-b122-4983-aa98-fcb10c07e38a,2025-07-07,1,181,181,181
debf590e-b122-4983-aa98-fcb10c07e38a,2025-07-28,2,195.63,187.2,204.06
debf590e-b122-4983-aa98-fcb10c07e38a,2025-08-25,1,105.17,105.17,105.17
debf590e-b122-4983-aa98-fcb10c07e38a,2025-09-01,1,176.5,176.5,176.5
debf590e-b122-4983-aa98-fcb10c07e38a,2025-09-08,1,269.09,269.09,269.09
debf590e-b122-4983-aa98-fcb10c07e38a,2025-09-22,1,169.33,169.33,169.33
debf590e-b122-4983-aa98-fcb10c07e38a,2025-10-20,1,202.5,202.5,202.5
debf590e-b122-4983-aa98-fcb10c07e38a,2025-11-03,1,170,170,170
debf590e-b122-4983-aa98-fcb10c07e38a,2025-11-24,1,280,280,280
debf590e-b122-4983-aa98-fcb10c07e38a,2025-12-08,1,255,255,255
debf590e-b122-4983-aa98-fcb10c07e38a,2025-12-22,1,275,275,275
debf590e-b122-4983-aa98-fcb10c07e38a,2025-12-29,1,200,200,200
debf590e-b122-4983-aa98-fcb10c07e38a,2026-01-05,1,205.5,205.5,205.5
debf590e-b122-4983-aa98-fcb10c07e38a,2026-01-12,1,280,280,280
debf590e-b122-4983-aa98-fcb10c07e38a,2026-02-16,1,350,350,350
debf590e-b122-4983-aa98-fcb10c07e38a,2026-02-23,1,400,400,400
debf590e-b122-4983-aa98-fcb10c07e38a,2026-03-02,1,258.76,258.76,258.76
debf590e-b122-4983-aa98-fcb10c07e38a,2026-03-23,1,360,360,360
debf590e-b122-4983-aa98-fcb10c07e38a,2026-03-30,3,360,333,675
debf590e-b122-4983-aa98-fcb10c07e38a,2026-04-27,1,311,311,311
debf590e-b122-4983-aa98-fcb10c07e38a,2026-05-18,1,400,400,400
debf590e-b122-4983-aa98-fcb10c07e38a,2026-05-25,1,355.2,355.2,355.2
debf590e-b122-4983-aa98-fcb10c07e38a,2026-06-08,2,392.2,380,404.4
debf590e-b122-4983-aa98-fcb10c07e38a,2026-06-22,2,387.59,355.18,419.99
debf590e-b122-4983-aa98-fcb10c07e38a,2026-07-13,1,306,306,306
debf590e-b122-4983-aa98-fcb10c07e38a,2026-07-27,3,355,321.6,375
debf590e-b122-4983-aa98-fcb10c07e38a,2026-08-17,2,499.5,499,500
debf590e-b122-4983-aa98-fcb10c07e38a,2026-08-31,1,500,500,500
dec03e04-9e8f-4334-a806-70156a4a9940,2025-12-01,1,333,333,333
dec03e04-9e8f-4334-a806-70156a4a9940,2025-12-29,1,1800,1800,1800
dec10c61-0b8e-483e-aee3-f0bea430c719,2025-03-31,1,78.85,78.85,78.85
dec10c61-0b8e-483e-aee3-f0bea430c719,2026-08-24,1,100,100,100
dec1198d-ce31-4313-8224-b1c90ff37097,2022-10-24,1,174.99,174.99,174.99
dec1198d-ce31-4313-8224-b1c90ff37097,2022-10-31,1,185,185,185
dec1198d-ce31-4313-8224-b1c90ff37097,2022-11-21,1,206.5,206.5,206.5
dec1198d-ce31-4313-8224-b1c90ff37097,2024-02-19,1,122.5,122.5,122.5
dec1198d-ce31-4313-8224-b1c90ff37097,2024-07-22,2,226.25,130,322.49
dec1198d-ce31-4313-8224-b1c90ff37097,2025-04-14,1,255,255,255
dec1198d-ce31-4313-8224-b1c90ff37097,2025-10-20,1,456,456,456
dec1198d-ce31-4313-8224-b1c90ff37097,2025-12-01,1,430,430,430
dec1198d-ce31-4313-8224-b1c90ff37097,2026-06-29,1,1600,1600,1600
dec1c538-3ec4-4145-92fd-412a58033657,2023-01-23,1,74.4,74.4,74.4
dec1c538-3ec4-4145-92fd-412a58033657,2023-09-04,1,78,78,78
dec1c538-3ec4-4145-92fd-412a58033657,2023-10-23,2,71,71,71
dec1c538-3ec4-4145-92fd-412a58033657,2024-03-11,1,53.65,53.65,53.65
dec1c538-3ec4-4145-92fd-412a58033657,2024-11-11,1,150,150,150
dec1c538-3ec4-4145-92fd-412a58033657,2026-04-13,1,1275,1275,1275
dec1c538-3ec4-4145-92fd-412a58033657,2026-06-15,1,1275,1275,1275
dec2082f-44c3-45d2-8815-4dd5861a07e3,2021-03-08,1,90,90,90
dec2082f-44c3-45d2-8815-4dd5861a07e3,2021-05-03,1,199.99,199.99,199.99
dec2082f-44c3-45d2-8815-4dd5861a07e3,2021-05-31,1,29,29,29
dec2082f-44c3-45d2-8815-4dd5861a07e3,2021-07-12,1,76,76,76
dec2082f-44c3-45d2-8815-4dd5861a07e3,2021-11-08,1,45,45,45
dec2082f-44c3-45d2-8815-4dd5861a07e3,2021-11-15,1,34,34,34
dec2082f-44c3-45d2-8815-4dd5861a07e3,2021-11-29,1,56.8,56.8,56.8
dec2082f-44c3-45d2-8815-4dd5861a07e3,2022-01-24,1,69,69,69
dec2082f-44c3-45d2-8815-4dd5861a07e3,2022-05-16,1,103.5,103.5,103.5
dec2082f-44c3-45d2-8815-4dd5861a07e3,2022-05-23,1,36.83,36.83,36.83
dec2082f-44c3-45d2-8815-4dd5861a07e3,2022-05-30,1,60,60,60
dec2082f-44c3-45d2-8815-4dd5861a07e3,2022-07-04,1,42.02,42.02,42.02
dec2082f-44c3-45d2-8815-4dd5861a07e3,2022-07-25,1,43.99,43.99,43.99
dec2082f-44c3-45d2-8815-4dd5861a07e3,2022-08-08,1,59,59,59
dec2082f-44c3-45d2-8815-4dd5861a07e3,2022-08-22,1,26.4,26.4,26.4
dec2082f-44c3-45d2-8815-4dd5861a07e3,2022-12-19,1,32.3,32.3,32.3
dec2082f-44c3-45d2-8815-4dd5861a07e3,2023-01-09,1,35,35,35
dec2082f-44c3-45d2-8815-4dd5861a07e3,2023-02-20,1,19.2,19.2,19.2
dec2082f-44c3-45d2-8815-4dd5861a07e3,2023-03-20,1,35,35,35
dec2082f-44c3-45d2-8815-4dd5861a07e3,2023-05-08,1,14.78,14.78,14.78
dec2082f-44c3-45d2-8815-4dd5861a07e3,2023-05-29,1,35.76,35.76,35.76
dec2082f-44c3-45d2-8815-4dd5861a07e3,2023-06-05,1,32.4,32.4,32.4
dec2082f-44c3-45d2-8815-4dd5861a07e3,2023-08-28,1,45,45,45
dec2082f-44c3-45d2-8815-4dd5861a07e3,2023-10-23,1,32,32,32
dec2082f-44c3-45d2-8815-4dd5861a07e3,2023-12-04,1,31.44,31.44,31.44
dec2082f-44c3-45d2-8815-4dd5861a07e3,2024-02-12,1,40,40,40
dec2082f-44c3-45d2-8815-4dd5861a07e3,2024-07-01,1,35.72,35.72,35.72
dec2082f-44c3-45d2-8815-4dd5861a07e3,2024-11-04,1,21.01,21.01,21.01
dec2082f-44c3-45d2-8815-4dd5861a07e3,2025-02-03,1,36.01,36.01,36.01
dec2082f-44c3-45d2-8815-4dd5861a07e3,2025-02-17,1,33.99,33.99,33.99
dec2082f-44c3-45d2-8815-4dd5861a07e3,2025-05-26,1,40,40,40
dec2082f-44c3-45d2-8815-4dd5861a07e3,2025-06-23,1,40,40,40
dec2082f-44c3-45d2-8815-4dd5861a07e3,2025-06-30,1,48.88,48.88,48.88
dec2082f-44c3-45d2-8815-4dd5861a07e3,2025-11-10,2,58.75,52.5,65
dec2082f-44c3-45d2-8815-4dd5861a07e3,2025-11-24,1,70,70,70
dec2082f-44c3-45d2-8815-4dd5861a07e3,2026-03-02,1,44.6,44.6,44.6
dec2082f-44c3-45d2-8815-4dd5861a07e3,2026-03-23,1,106.9,106.9,106.9
dec2082f-44c3-45d2-8815-4dd5861a07e3,2026-04-06,1,105,105,105
dec2082f-44c3-45d2-8815-4dd5861a07e3,2026-04-13,1,46,46,46
dec2082f-44c3-45d2-8815-4dd5861a07e3,2026-06-15,1,115,115,115
dec2082f-44c3-45d2-8815-4dd5861a07e3,2026-06-22,1,93.6,93.6,93.6
dec2082f-44c3-45d2-8815-4dd5861a07e3,2026-07-13,1,133,133,133
decb898d-cc6d-4c32-a1d0-5b7af214fcb0,2021-10-25,1,440,440,440
decfa43b-930a-43b7-9c1b-ba918c88ba43,2024-02-26,1,53,53,53
decfa43b-930a-43b7-9c1b-ba918c88ba43,2024-03-04,2,37.5,35,39.99
decfa43b-930a-43b7-9c1b-ba918c88ba43,2024-03-11,2,35.99,31.99,40
decfa43b-930a-43b7-9c1b-ba918c88ba43,2024-04-01,1,21.5,21.5,21.5
decfa43b-930a-43b7-9c1b-ba918c88ba43,2024-04-08,4,26.75,16,59.99
decfa43b-930a-43b7-9c1b-ba918c88ba43,2024-04-15,1,26,26,26
decfa43b-930a-43b7-9c1b-ba918c88ba43,2024-04-22,1,20.5,20.5,20.5
decfa43b-930a-43b7-9c1b-ba918c88ba43,2024-04-29,4,25.3,16.75,38.88
decfa43b-930a-43b7-9c1b-ba918c88ba43,2024-05-20,5,30,25.01,39.99
decfa43b-930a-43b7-9c1b-ba918c88ba43,2024-06-10,1,22.05,22.05,22.05
decfa43b-930a-43b7-9c1b-ba918c88ba43,2024-07-01,2,19.5,18,21
decfa43b-930a-43b7-9c1b-ba918c88ba43,2024-07-08,1,20.5,20.5,20.5
decfa43b-930a-43b7-9c1b-ba918c88ba43,2024-07-15,1,30,30,30
decfa43b-930a-43b7-9c1b-ba918c88ba43,2024-07-22,1,35,35,35
decfa43b-930a-43b7-9c1b-ba918c88ba43,2024-08-05,1,20.4,20.4,20.4
decfa43b-930a-43b7-9c1b-ba918c88ba43,2024-08-12,4,24,16.5,29.99
decfa43b-930a-43b7-9c1b-ba918c88ba43,2024-09-02,2,26,24,28
decfa43b-930a-43b7-9c1b-ba918c88ba43,2024-09-16,2,32,30,34
decfa43b-930a-43b7-9c1b-ba918c88ba43,2024-09-30,1,30.99,30.99,30.99
decfa43b-930a-43b7-9c1b-ba918c88ba43,2024-10-07,1,20.5,20.5,20.5
decfa43b-930a-43b7-9c1b-ba918c88ba43,2024-10-21,1,16.5,16.5,16.5
decfa43b-930a-43b7-9c1b-ba918c88ba43,2024-11-04,1,31.02,31.02,31.02
decfa43b-930a-43b7-9c1b-ba918c88ba43,2024-11-25,2,41.5,33,50
decfa43b-930a-43b7-9c1b-ba918c88ba43,2024-12-02,2,23,22.5,23.5
decfa43b-930a-43b7-9c1b-ba918c88ba43,2024-12-23,2,38,35.99,40
decfa43b-930a-43b7-9c1b-ba918c88ba43,2025-01-13,1,36,36,36
decfa43b-930a-43b7-9c1b-ba918c88ba43,2025-02-24,2,39.5,34,45
decfa43b-930a-43b7-9c1b-ba918c88ba43,2025-03-03,1,37.99,37.99,37.99
decfa43b-930a-43b7-9c1b-ba918c88ba43,2025-03-10,1,35,35,35
decfa43b-930a-43b7-9c1b-ba918c88ba43,2025-03-31,2,38,36,40
decfa43b-930a-43b7-9c1b-ba918c88ba43,2025-04-14,2,43,41,45
decfa43b-930a-43b7-9c1b-ba918c88ba43,2025-04-21,1,40,40,40
decfa43b-930a-43b7-9c1b-ba918c88ba43,2025-04-28,1,36,36,36
decfa43b-930a-43b7-9c1b-ba918c88ba43,2025-05-05,2,38.31,36.63,40
decfa43b-930a-43b7-9c1b-ba918c88ba43,2025-05-26,1,35,35,35
decfa43b-930a-43b7-9c1b-ba918c88ba43,2025-06-16,1,39.39,39.39,39.39
decfa43b-930a-43b7-9c1b-ba918c88ba43,2025-07-07,2,47,40,54
decfa43b-930a-43b7-9c1b-ba918c88ba43,2025-07-21,2,58.5,47,70
decfa43b-930a-43b7-9c1b-ba918c88ba43,2025-08-04,1,39.99,39.99,39.99
decfa43b-930a-43b7-9c1b-ba918c88ba43,2025-08-25,2,30.07,29.95,30.2
decfa43b-930a-43b7-9c1b-ba918c88ba43,2025-09-15,1,42,42,42
decfa43b-930a-43b7-9c1b-ba918c88ba43,2025-09-22,1,50,50,50
decfa43b-930a-43b7-9c1b-ba918c88ba43,2025-10-20,1,54.99,54.99,54.99
decfa43b-930a-43b7-9c1b-ba918c88ba43,2025-10-27,1,99.95,99.95,99.95
decfa43b-930a-43b7-9c1b-ba918c88ba43,2025-11-03,1,50,50,50
decfa43b-930a-43b7-9c1b-ba918c88ba43,2025-11-24,1,60,60,60
decfa43b-930a-43b7-9c1b-ba918c88ba43,2025-12-15,1,35,35,35
decfa43b-930a-43b7-9c1b-ba918c88ba43,2025-12-22,1,40,40,40
decfa43b-930a-43b7-9c1b-ba918c88ba43,2026-01-05,1,28,28,28
decfa43b-930a-43b7-9c1b-ba918c88ba43,2026-01-26,1,50,50,50
decfa43b-930a-43b7-9c1b-ba918c88ba43,2026-02-09,1,88.88,88.88,88.88
decfa43b-930a-43b7-9c1b-ba918c88ba43,2026-02-23,1,89.99,89.99,89.99
decfa43b-930a-43b7-9c1b-ba918c88ba43,2026-03-02,1,75,75,75
decfa43b-930a-43b7-9c1b-ba918c88ba43,2026-03-23,1,50,50,50
decfa43b-930a-43b7-9c1b-ba918c88ba43,2026-04-13,1,102.5,102.5,102.5
decfa43b-930a-43b7-9c1b-ba918c88ba43,2026-04-27,1,110,110,110
decfa43b-930a-43b7-9c1b-ba918c88ba43,2026-05-25,2,92.5,85,99.99
decfa43b-930a-43b7-9c1b-ba918c88ba43,2026-07-06,1,79.2,79.2,79.2
decfa43b-930a-43b7-9c1b-ba918c88ba43,2026-07-27,2,107.72,105.45,110
decfa43b-930a-43b7-9c1b-ba918c88ba43,2026-08-24,1,139.99,139.99,139.99
ded0cf18-c851-4584-983b-93aaeaeddf6d,2025-04-07,1,204.5,204.5,204.5
ded1dfd6-c894-44a3-af2e-994f9bfdfb4c,2022-11-21,1,150,150,150
ded1dfd6-c894-44a3-af2e-994f9bfdfb4c,2022-11-28,1,123.5,123.5,123.5
ded1dfd6-c894-44a3-af2e-994f9bfdfb4c,2023-01-30,1,124.99,124.99,124.99
ded1dfd6-c894-44a3-af2e-994f9bfdfb4c,2023-10-02,1,117.6,117.6,117.6
ded1dfd6-c894-44a3-af2e-994f9bfdfb4c,2024-03-25,2,41.3,25,57.6
ded1dfd6-c894-44a3-af2e-994f9bfdfb4c,2024-07-01,1,81,81,81
ded1dfd6-c894-44a3-af2e-994f9bfdfb4c,2024-07-15,1,71,71,71
ded1dfd6-c894-44a3-af2e-994f9bfdfb4c,2024-08-12,1,70,70,70
ded1dfd6-c894-44a3-af2e-994f9bfdfb4c,2025-04-14,1,70,70,70
ded1dfd6-c894-44a3-af2e-994f9bfdfb4c,2025-05-26,1,103.99,103.99,103.99
ded1dfd6-c894-44a3-af2e-994f9bfdfb4c,2025-06-02,1,70,70,70
ded1dfd6-c894-44a3-af2e-994f9bfdfb4c,2025-06-16,1,120,120,120
ded1dfd6-c894-44a3-af2e-994f9bfdfb4c,2025-07-14,1,115,115,115
ded1dfd6-c894-44a3-af2e-994f9bfdfb4c,2025-07-21,1,90,90,90
ded1dfd6-c894-44a3-af2e-994f9bfdfb4c,2025-09-01,1,138,138,138
ded1dfd6-c894-44a3-af2e-994f9bfdfb4c,2025-10-06,1,202.5,202.5,202.5
ded1dfd6-c894-44a3-af2e-994f9bfdfb4c,2025-10-27,1,350,350,350
ded1dfd6-c894-44a3-af2e-994f9bfdfb4c,2025-12-01,1,150,150,150
ded1dfd6-c894-44a3-af2e-994f9bfdfb4c,2026-03-16,1,299,299,299
ded1dfd6-c894-44a3-af2e-994f9bfdfb4c,2026-06-08,1,410,410,410
ded1dfd6-c894-44a3-af2e-994f9bfdfb4c,2026-08-31,1,664.86,664.86,664.86
ded3fa7e-5f3a-4dc0-8982-4c361dfc5832,2025-09-29,1,27,27,27
ded3fa7e-5f3a-4dc0-8982-4c361dfc5832,2026-02-02,1,37,37,37
ded3fa7e-5f3a-4dc0-8982-4c361dfc5832,2026-04-13,1,96,96,96
ded3fa7e-5f3a-4dc0-8982-4c361dfc5832,2026-08-17,1,68,68,68
ded48a19-e417-4b7a-b1d1-e9e149a73597,2023-01-30,1,16.52,16.52,16.52
ded48a19-e417-4b7a-b1d1-e9e149a73597,2025-10-20,1,37.99,37.99,37.99
ded61594-6a4e-4a03-a040-0a8a95d7cac7,2023-07-03,1,15.75,15.75,15.75
ded61594-6a4e-4a03-a040-0a8a95d7cac7,2023-09-25,1,15.53,15.53,15.53
ded61594-6a4e-4a03-a040-0a8a95d7cac7,2024-01-01,1,50,50,50
ded61594-6a4e-4a03-a040-0a8a95d7cac7,2026-03-16,1,45,45,45
ded61594-6a4e-4a03-a040-0a8a95d7cac7,2026-08-10,1,97,97,97
ded6f9ca-74ae-4b4d-80eb-5581e17587df,2021-03-15,1,125,125,125
ded6f9ca-74ae-4b4d-80eb-5581e17587df,2021-05-31,1,72.11,72.11,72.11
ded6f9ca-74ae-4b4d-80eb-5581e17587df,2021-06-14,2,139.25,125,153.5
ded6f9ca-74ae-4b4d-80eb-5581e17587df,2021-08-09,1,119.99,119.99,119.99
ded6f9ca-74ae-4b4d-80eb-5581e17587df,2021-09-06,1,76,76,76
ded6f9ca-74ae-4b4d-80eb-5581e17587df,2021-12-20,1,114,114,114
ded6f9ca-74ae-4b4d-80eb-5581e17587df,2022-02-07,1,90,90,90
ded6f9ca-74ae-4b4d-80eb-5581e17587df,2022-02-14,2,79,58,100
ded6f9ca-74ae-4b4d-80eb-5581e17587df,2022-02-28,2,102.47,75,129.95
ded6f9ca-74ae-4b4d-80eb-5581e17587df,2022-03-21,1,72,72,72
ded6f9ca-74ae-4b4d-80eb-5581e17587df,2022-04-11,1,81,81,81
ded6f9ca-74ae-4b4d-80eb-5581e17587df,2022-04-18,1,135,135,135
ded6f9ca-74ae-4b4d-80eb-5581e17587df,2022-04-25,1,70,70,70
ded6f9ca-74ae-4b4d-80eb-5581e17587df,2022-06-27,1,80,80,80
ded6f9ca-74ae-4b4d-80eb-5581e17587df,2022-07-11,1,91,91,91
ded6f9ca-74ae-4b4d-80eb-5581e17587df,2022-07-25,1,85.69,85.69,85.69
ded6f9ca-74ae-4b4d-80eb-5581e17587df,2022-08-08,2,61.49,48,74.99
ded6f9ca-74ae-4b4d-80eb-5581e17587df,2022-08-29,1,68,68,68
ded6f9ca-74ae-4b4d-80eb-5581e17587df,2022-09-26,1,52,52,52
ded6f9ca-74ae-4b4d-80eb-5581e17587df,2022-10-03,1,89.95,89.95,89.95
ded6f9ca-74ae-4b4d-80eb-5581e17587df,2022-10-10,1,55.76,55.76,55.76
ded6f9ca-74ae-4b4d-80eb-5581e17587df,2022-11-21,1,62.5,62.5,62.5
ded6f9ca-74ae-4b4d-80eb-5581e17587df,2022-11-28,3,60,58,69.5
ded6f9ca-74ae-4b4d-80eb-5581e17587df,2022-12-12,1,65,65,65
ded6f9ca-74ae-4b4d-80eb-5581e17587df,2022-12-26,1,70,70,70
ded6f9ca-74ae-4b4d-80eb-5581e17587df,2023-01-23,1,70,70,70
ded6f9ca-74ae-4b4d-80eb-5581e17587df,2023-01-30,1,84.98,84.98,84.98
ded6f9ca-74ae-4b4d-80eb-5581e17587df,2023-02-06,1,65,65,65
ded6f9ca-74ae-4b4d-80eb-5581e17587df,2023-03-06,2,51.2,50.4,52
ded6f9ca-74ae-4b4d-80eb-5581e17587df,2023-03-13,1,53.69,53.69,53.69
ded6f9ca-74ae-4b4d-80eb-5581e17587df,2023-04-03,2,57.17,53,61.34
ded6f9ca-74ae-4b4d-80eb-5581e17587df,2023-04-24,1,51.77,51.77,51.77
ded6f9ca-74ae-4b4d-80eb-5581e17587df,2023-05-01,1,45.44,45.44,45.44
ded6f9ca-74ae-4b4d-80eb-5581e17587df,2023-05-08,1,41.59,41.59,41.59
ded6f9ca-74ae-4b4d-80eb-5581e17587df,2023-05-22,2,44.75,36.5,53
ded6f9ca-74ae-4b4d-80eb-5581e17587df,2023-07-17,1,54.99,54.99,54.99
ded6f9ca-74ae-4b4d-80eb-5581e17587df,2023-08-28,1,59.95,59.95,59.95
ded6f9ca-74ae-4b4d-80eb-5581e17587df,2023-09-18,2,43.08,31.2,54.95
ded6f9ca-74ae-4b4d-80eb-5581e17587df,2023-09-25,1,69.95,69.95,69.95
ded6f9ca-74ae-4b4d-80eb-5581e17587df,2023-11-06,1,50.86,50.86,50.86
ded6f9ca-74ae-4b4d-80eb-5581e17587df,2023-11-27,1,48.57,48.57,48.57
ded6f9ca-74ae-4b4d-80eb-5581e17587df,2023-12-11,1,79.41,79.41,79.41
ded6f9ca-74ae-4b4d-80eb-5581e17587df,2024-02-05,1,62,62,62
ded6f9ca-74ae-4b4d-80eb-5581e17587df,2024-02-19,1,60,60,60
ded6f9ca-74ae-4b4d-80eb-5581e17587df,2024-02-26,1,95,95,95
ded6f9ca-74ae-4b4d-80eb-5581e17587df,2024-03-04,1,99.99,99.99,99.99
ded6f9ca-74ae-4b4d-80eb-5581e17587df,2024-04-01,1,53,53,53
ded6f9ca-74ae-4b4d-80eb-5581e17587df,2024-04-15,1,85,85,85
ded6f9ca-74ae-4b4d-80eb-5581e17587df,2024-06-24,1,50,50,50
ded6f9ca-74ae-4b4d-80eb-5581e17587df,2024-07-08,2,87.5,85,89.99
ded6f9ca-74ae-4b4d-80eb-5581e17587df,2024-08-05,1,85,85,85
ded6f9ca-74ae-4b4d-80eb-5581e17587df,2024-08-19,1,79.99,79.99,79.99
ded6f9ca-74ae-4b4d-80eb-5581e17587df,2024-09-16,1,65,65,65
ded6f9ca-74ae-4b4d-80eb-5581e17587df,2024-09-30,2,68,55,80.99
ded6f9ca-74ae-4b4d-80eb-5581e17587df,2024-10-14,1,30,30,30
ded6f9ca-74ae-4b4d-80eb-5581e17587df,2024-11-04,1,49,49,49
ded6f9ca-74ae-4b4d-80eb-5581e17587df,2024-12-16,1,60,60,60
ded6f9ca-74ae-4b4d-80eb-5581e17587df,2024-12-23,2,81,72,89.99
ded6f9ca-74ae-4b4d-80eb-5581e17587df,2024-12-30,1,90,90,90
ded6f9ca-74ae-4b4d-80eb-5581e17587df,2025-01-27,1,118.98,118.98,118.98
ded6f9ca-74ae-4b4d-80eb-5581e17587df,2025-02-10,1,94.79,94.79,94.79
ded6f9ca-74ae-4b4d-80eb-5581e17587df,2025-02-17,1,100,100,100
ded6f9ca-74ae-4b4d-80eb-5581e17587df,2025-02-24,1,125.5,125.5,125.5
ded6f9ca-74ae-4b4d-80eb-5581e17587df,2025-03-03,4,166.25,135,209.99
ded6f9ca-74ae-4b4d-80eb-5581e17587df,2025-03-10,1,129.63,129.63,129.63
ded6f9ca-74ae-4b4d-80eb-5581e17587df,2025-03-24,2,216.25,202.5,229.99
ded6f9ca-74ae-4b4d-80eb-5581e17587df,2025-04-07,1,152.5,152.5,152.5
ded6f9ca-74ae-4b4d-80eb-5581e17587df,2025-04-14,1,200,200,200
ded6f9ca-74ae-4b4d-80eb-5581e17587df,2025-05-05,1,222.95,222.95,222.95
ded6f9ca-74ae-4b4d-80eb-5581e17587df,2025-05-12,2,194.5,190,199
ded6f9ca-74ae-4b4d-80eb-5581e17587df,2025-05-19,1,199.99,199.99,199.99
ded6f9ca-74ae-4b4d-80eb-5581e17587df,2025-05-26,3,196.55,190,299
ded6f9ca-74ae-4b4d-80eb-5581e17587df,2025-06-02,1,250,250,250
ded6f9ca-74ae-4b4d-80eb-5581e17587df,2025-06-16,1,229.99,229.99,229.99
ded6f9ca-74ae-4b4d-80eb-5581e17587df,2025-07-07,1,200,200,200
ded6f9ca-74ae-4b4d-80eb-5581e17587df,2025-07-14,2,260,220,300
ded6f9ca-74ae-4b4d-80eb-5581e17587df,2025-07-28,1,300,300,300
ded6f9ca-74ae-4b4d-80eb-5581e17587df,2025-08-25,1,500,500,500
ded6f9ca-74ae-4b4d-80eb-5581e17587df,2025-09-08,2,375.27,370,380.55
ded6f9ca-74ae-4b4d-80eb-5581e17587df,2025-09-22,2,419,403,435
ded6f9ca-74ae-4b4d-80eb-5581e17587df,2025-09-29,1,454.99,454.99,454.99
ded6f9ca-74ae-4b4d-80eb-5581e17587df,2025-10-06,1,385,385,385
ded6f9ca-74ae-4b4d-80eb-5581e17587df,2025-10-13,1,455,455,455
ded6f9ca-74ae-4b4d-80eb-5581e17587df,2025-10-20,2,381,381,381
ded6f9ca-74ae-4b4d-80eb-5581e17587df,2025-11-24,2,346.5,343,350
ded6f9ca-74ae-4b4d-80eb-5581e17587df,2025-12-01,1,276,276,276
ded6f9ca-74ae-4b4d-80eb-5581e17587df,2025-12-29,4,354,326.47,382.8
ded6f9ca-74ae-4b4d-80eb-5581e17587df,2026-01-26,1,310,310,310
ded6f9ca-74ae-4b4d-80eb-5581e17587df,2026-02-23,2,318.5,312,325
ded6f9ca-74ae-4b4d-80eb-5581e17587df,2026-03-02,1,355,355,355
ded6f9ca-74ae-4b4d-80eb-5581e17587df,2026-03-09,2,302,300,304
ded6f9ca-74ae-4b4d-80eb-5581e17587df,2026-03-16,1,345,345,345
ded6f9ca-74ae-4b4d-80eb-5581e17587df,2026-03-23,2,315,300,330
ded6f9ca-74ae-4b4d-80eb-5581e17587df,2026-03-30,1,288,288,288
ded6f9ca-74ae-4b4d-80eb-5581e17587df,2026-04-06,1,369.99,369.99,369.99
ded6f9ca-74ae-4b4d-80eb-5581e17587df,2026-04-13,2,358.5,347,369.99
ded6f9ca-74ae-4b4d-80eb-5581e17587df,2026-04-27,2,432.5,400,465
ded6f9ca-74ae-4b4d-80eb-5581e17587df,2026-05-04,1,390,390,390
ded6f9ca-74ae-4b4d-80eb-5581e17587df,2026-05-11,1,396.05,396.05,396.05
ded6f9ca-74ae-4b4d-80eb-5581e17587df,2026-05-18,2,419.5,414,425
ded6f9ca-74ae-4b4d-80eb-5581e17587df,2026-05-25,1,395,395,395
ded6f9ca-74ae-4b4d-80eb-5581e17587df,2026-06-08,5,420,356.96,469.99
ded6f9ca-74ae-4b4d-80eb-5581e17587df,2026-06-15,1,450,450,450
ded6f9ca-74ae-4b4d-80eb-5581e17587df,2026-06-22,1,397.8,397.8,397.8
ded6f9ca-74ae-4b4d-80eb-5581e17587df,2026-07-06,3,425,405,450
ded6f9ca-74ae-4b4d-80eb-5581e17587df,2026-07-13,3,599.95,400,686.67
ded6f9ca-74ae-4b4d-80eb-5581e17587df,2026-07-20,3,599.95,550,699
ded6f9ca-74ae-4b4d-80eb-5581e17587df,2026-07-27,1,750,750,750
ded6f9ca-74ae-4b4d-80eb-5581e17587df,2026-08-17,2,690.35,669.69,711
ded6f9ca-74ae-4b4d-80eb-5581e17587df,2026-08-24,2,700,690,710
ded96296-5961-4f20-aefc-74b2bffebb2f,2026-01-19,4,31.08,18.5,47.9
ded96296-5961-4f20-aefc-74b2bffebb2f,2026-01-26,3,25,18,27.76
ded96296-5961-4f20-aefc-74b2bffebb2f,2026-02-02,5,30,29,100
ded96296-5961-4f20-aefc-74b2bffebb2f,2026-02-09,6,29.5,25,40
ded96296-5961-4f20-aefc-74b2bffebb2f,2026-02-16,3,63.37,18.5,85
ded96296-5961-4f20-aefc-74b2bffebb2f,2026-02-23,2,29.7,26.4,33
ded96296-5961-4f20-aefc-74b2bffebb2f,2026-03-02,5,28.75,22.5,33.64
ded96296-5961-4f20-aefc-74b2bffebb2f,2026-03-09,3,39,35,41.77
ded96296-5961-4f20-aefc-74b2bffebb2f,2026-03-16,5,34,26.23,39.01
ded96296-5961-4f20-aefc-74b2bffebb2f,2026-03-23,3,45,27,62.14
ded96296-5961-4f20-aefc-74b2bffebb2f,2026-03-30,6,33,28,39
ded96296-5961-4f20-aefc-74b2bffebb2f,2026-04-06,10,33,18.7,62.99
ded96296-5961-4f20-aefc-74b2bffebb2f,2026-04-13,6,36.5,32,45
ded96296-5961-4f20-aefc-74b2bffebb2f,2026-04-20,9,39,27,49.99
ded96296-5961-4f20-aefc-74b2bffebb2f,2026-04-27,10,36.94,20.5,44.99
ded96296-5961-4f20-aefc-74b2bffebb2f,2026-05-04,5,40,29.88,45
ded96296-5961-4f20-aefc-74b2bffebb2f,2026-05-11,4,38.23,35,42.98
ded96296-5961-4f20-aefc-74b2bffebb2f,2026-05-18,7,43,30,54.95
ded96296-5961-4f20-aefc-74b2bffebb2f,2026-05-25,2,34.3,32.61,36
ded96296-5961-4f20-aefc-74b2bffebb2f,2026-06-01,4,35.5,31,37.8
ded96296-5961-4f20-aefc-74b2bffebb2f,2026-06-08,9,37,20.5,51.97
ded96296-5961-4f20-aefc-74b2bffebb2f,2026-06-15,9,39.99,30,50.27
ded96296-5961-4f20-aefc-74b2bffebb2f,2026-06-22,7,46.42,38.51,52.61
ded96296-5961-4f20-aefc-74b2bffebb2f,2026-06-29,4,33.6,25,39.99
ded96296-5961-4f20-aefc-74b2bffebb2f,2026-07-06,2,29.5,25,34
ded96296-5961-4f20-aefc-74b2bffebb2f,2026-07-13,7,42.64,25.2,57.18
ded96296-5961-4f20-aefc-74b2bffebb2f,2026-07-20,4,37.3,35,42
ded96296-5961-4f20-aefc-74b2bffebb2f,2026-07-27,6,39.74,35.38,45.48
ded96296-5961-4f20-aefc-74b2bffebb2f,2026-08-03,5,38,31,75
ded96296-5961-4f20-aefc-74b2bffebb2f,2026-08-10,8,32.5,29,41.11
ded96296-5961-4f20-aefc-74b2bffebb2f,2026-08-17,6,33.03,30,37
ded96296-5961-4f20-aefc-74b2bffebb2f,2026-08-24,12,36,31,45
ded96296-5961-4f20-aefc-74b2bffebb2f,2026-08-31,7,35,30,70.6
ded96296-5961-4f20-aefc-74b2bffebb2f,2026-09-07,2,52.5,35,70
dedc364b-72a3-4d6f-a884-1f7dffde35f0,2023-02-06,1,86.4,86.4,86.4
dedc364b-72a3-4d6f-a884-1f7dffde35f0,2023-12-11,1,131.38,131.38,131.38
dedc364b-72a3-4d6f-a884-1f7dffde35f0,2023-12-25,1,103.43,103.43,103.43
dedc364b-72a3-4d6f-a884-1f7dffde35f0,2024-07-15,1,74.92,74.92,74.92
dedc364b-72a3-4d6f-a884-1f7dffde35f0,2025-10-06,1,195,195,195
dedcf1aa-dbf3-494b-99fb-814631831436,2021-03-22,1,310,310,310
dedcf1aa-dbf3-494b-99fb-814631831436,2021-06-28,1,304,304,304
dedcf1aa-dbf3-494b-99fb-814631831436,2021-07-19,1,317.75,317.75,317.75
dedcf1aa-dbf3-494b-99fb-814631831436,2021-07-26,1,325,325,325
dedcf1aa-dbf3-494b-99fb-814631831436,2021-08-02,1,385,385,385
dedcf1aa-dbf3-494b-99fb-814631831436,2021-08-16,1,762.86,762.86,762.86
dedcf1aa-dbf3-494b-99fb-814631831436,2021-09-27,1,420,420,420
dedcf1aa-dbf3-494b-99fb-814631831436,2021-11-15,1,290,290,290
dedcf1aa-dbf3-494b-99fb-814631831436,2021-12-06,2,318.88,240.5,397.25
dedcf1aa-dbf3-494b-99fb-814631831436,2021-12-27,1,540.43,540.43,540.43
dedcf1aa-dbf3-494b-99fb-814631831436,2022-01-31,1,432,432,432
dedcf1aa-dbf3-494b-99fb-814631831436,2022-04-04,1,500,500,500
dedcf1aa-dbf3-494b-99fb-814631831436,2022-04-25,1,316,316,316
dedcf1aa-dbf3-494b-99fb-814631831436,2022-05-09,1,300,300,300
dedcf1aa-dbf3-494b-99fb-814631831436,2022-06-20,1,460.88,460.88,460.88
dedcf1aa-dbf3-494b-99fb-814631831436,2022-09-05,1,799,799,799
dedcf1aa-dbf3-494b-99fb-814631831436,2022-10-03,1,276,276,276
dedcf1aa-dbf3-494b-99fb-814631831436,2022-12-26,1,630,630,630
dedcf1aa-dbf3-494b-99fb-814631831436,2023-01-02,1,280,280,280
dedcf1aa-dbf3-494b-99fb-814631831436,2023-01-16,1,410,410,410
dedcf1aa-dbf3-494b-99fb-814631831436,2023-04-10,1,300,300,300
dedcf1aa-dbf3-494b-99fb-814631831436,2023-04-17,2,238.5,222,255
dedcf1aa-dbf3-494b-99fb-814631831436,2023-05-15,1,300,300,300
dedcf1aa-dbf3-494b-99fb-814631831436,2023-05-29,1,305,305,305
dedcf1aa-dbf3-494b-99fb-814631831436,2023-06-19,1,449.99,449.99,449.99
dedcf1aa-dbf3-494b-99fb-814631831436,2023-07-10,1,312,312,312
dedcf1aa-dbf3-494b-99fb-814631831436,2023-08-07,1,229,229,229
dedcf1aa-dbf3-494b-99fb-814631831436,2023-08-21,1,320,320,320
dedcf1aa-dbf3-494b-99fb-814631831436,2023-09-11,1,360,360,360
dedcf1aa-dbf3-494b-99fb-814631831436,2023-10-02,1,252,252,252
dedcf1aa-dbf3-494b-99fb-814631831436,2023-10-23,1,248.29,248.29,248.29
dedcf1aa-dbf3-494b-99fb-814631831436,2024-01-08,1,340,340,340
dedcf1aa-dbf3-494b-99fb-814631831436,2024-01-29,3,339.99,300,400
dedcf1aa-dbf3-494b-99fb-814631831436,2024-02-12,1,449.95,449.95,449.95
dedcf1aa-dbf3-494b-99fb-814631831436,2024-05-20,1,370,370,370
dedcf1aa-dbf3-494b-99fb-814631831436,2024-06-03,2,352.5,350,355
dedcf1aa-dbf3-494b-99fb-814631831436,2024-06-24,1,325,325,325
dedcf1aa-dbf3-494b-99fb-814631831436,2024-07-15,1,376.36,376.36,376.36
dedcf1aa-dbf3-494b-99fb-814631831436,2024-07-22,1,294,294,294
dedcf1aa-dbf3-494b-99fb-814631831436,2024-07-29,1,375,375,375
dedcf1aa-dbf3-494b-99fb-814631831436,2024-08-12,1,252,252,252
dedcf1aa-dbf3-494b-99fb-814631831436,2024-09-02,1,289.48,289.48,289.48
dedcf1aa-dbf3-494b-99fb-814631831436,2024-09-23,1,400,400,400
dedcf1aa-dbf3-494b-99fb-814631831436,2024-09-30,1,400,400,400
dedcf1aa-dbf3-494b-99fb-814631831436,2024-10-21,1,427.49,427.49,427.49
dedcf1aa-dbf3-494b-99fb-814631831436,2025-01-06,1,435.82,435.82,435.82
dedcf1aa-dbf3-494b-99fb-814631831436,2025-03-10,1,800,800,800
dedcf1aa-dbf3-494b-99fb-814631831436,2025-06-09,1,575,575,575
dedcf1aa-dbf3-494b-99fb-814631831436,2025-07-28,1,660,660,660
dedcf1aa-dbf3-494b-99fb-814631831436,2025-08-04,1,330,330,330
dedcf1aa-dbf3-494b-99fb-814631831436,2025-08-11,1,495,495,495
dedcf1aa-dbf3-494b-99fb-814631831436,2025-10-06,1,750,750,750
dedcf1aa-dbf3-494b-99fb-814631831436,2025-11-03,1,898,898,898
dedcf1aa-dbf3-494b-99fb-814631831436,2025-12-08,1,1200,1200,1200
dedcf1aa-dbf3-494b-99fb-814631831436,2026-01-19,1,800,800,800
dedcf1aa-dbf3-494b-99fb-814631831436,2026-01-26,2,1073,996,1150
dedcf1aa-dbf3-494b-99fb-814631831436,2026-03-02,1,2130,2130,2130
dedcf1aa-dbf3-494b-99fb-814631831436,2026-04-06,1,1920,1920,1920
dedcf1aa-dbf3-494b-99fb-814631831436,2026-04-20,3,2300,2100,2375
dedcf1aa-dbf3-494b-99fb-814631831436,2026-05-11,1,2160,2160,2160
dedcf1aa-dbf3-494b-99fb-814631831436,2026-06-01,2,2502.35,2204.71,2799.99
dedcf1aa-dbf3-494b-99fb-814631831436,2026-06-15,1,1625,1625,1625
dedcf1aa-dbf3-494b-99fb-814631831436,2026-07-20,2,1885,1770,2000
dedcf1aa-dbf3-494b-99fb-814631831436,2026-08-10,1,2750,2750,2750
dedcf1aa-dbf3-494b-99fb-814631831436,2026-08-17,1,2090,2090,2090
dedcf1aa-dbf3-494b-99fb-814631831436,2026-08-24,1,2500,2500,2500
dedcf1aa-dbf3-494b-99fb-814631831436,2026-08-31,1,2370,2370,2370
dedcf1aa-dbf3-494b-99fb-814631831436,2026-09-07,1,2575,2575,2575
dedd49de-0986-4618-be65-08a9bb84fd0c,2023-12-11,1,34.95,34.95,34.95
dedd49de-0986-4618-be65-08a9bb84fd0c,2023-12-18,1,28.57,28.57,28.57
dedd49de-0986-4618-be65-08a9bb84fd0c,2025-09-22,1,35,35,35
dedd49de-0986-4618-be65-08a9bb84fd0c,2026-04-13,1,35,35,35
dee13c66-168c-44af-8cfc-7e200a0f0cb6,2021-04-26,1,152.5,152.5,152.5
dee13c66-168c-44af-8cfc-7e200a0f0cb6,2021-05-10,1,150,150,150
dee13c66-168c-44af-8cfc-7e200a0f0cb6,2021-05-24,2,146.78,140.05,153.5
dee13c66-168c-44af-8cfc-7e200a0f0cb6,2021-06-07,1,250,250,250
dee13c66-168c-44af-8cfc-7e200a0f0cb6,2021-08-02,1,86,86,86
dee13c66-168c-44af-8cfc-7e200a0f0cb6,2021-08-09,1,195,195,195
dee13c66-168c-44af-8cfc-7e200a0f0cb6,2021-11-08,1,185.69,185.69,185.69
dee13c66-168c-44af-8cfc-7e200a0f0cb6,2021-11-22,1,119.99,119.99,119.99
dee13c66-168c-44af-8cfc-7e200a0f0cb6,2021-12-06,1,144.62,144.62,144.62
dee13c66-168c-44af-8cfc-7e200a0f0cb6,2021-12-13,2,144.5,114.99,174
dee13c66-168c-44af-8cfc-7e200a0f0cb6,2022-04-04,1,120,120,120
dee13c66-168c-44af-8cfc-7e200a0f0cb6,2022-05-23,2,107.6,55.2,160
dee13c66-168c-44af-8cfc-7e200a0f0cb6,2022-06-13,1,160,160,160
dee13c66-168c-44af-8cfc-7e200a0f0cb6,2022-07-25,3,151.28,119,375
dee13c66-168c-44af-8cfc-7e200a0f0cb6,2022-08-15,1,110.4,110.4,110.4
dee13c66-168c-44af-8cfc-7e200a0f0cb6,2022-08-22,2,290,175,405
dee13c66-168c-44af-8cfc-7e200a0f0cb6,2022-08-29,1,176.81,176.81,176.81
dee13c66-168c-44af-8cfc-7e200a0f0cb6,2022-09-12,1,149.21,149.21,149.21
dee13c66-168c-44af-8cfc-7e200a0f0cb6,2022-10-24,1,151.5,151.5,151.5
dee13c66-168c-44af-8cfc-7e200a0f0cb6,2022-10-31,1,213.98,213.98,213.98
dee13c66-168c-44af-8cfc-7e200a0f0cb6,2023-01-23,1,202.5,202.5,202.5
dee13c66-168c-44af-8cfc-7e200a0f0cb6,2023-03-27,1,180,180,180
dee13c66-168c-44af-8cfc-7e200a0f0cb6,2023-05-01,1,126,126,126
dee13c66-168c-44af-8cfc-7e200a0f0cb6,2023-05-08,1,76.8,76.8,76.8
dee13c66-168c-44af-8cfc-7e200a0f0cb6,2023-06-05,1,157.51,157.51,157.51
dee13c66-168c-44af-8cfc-7e200a0f0cb6,2023-07-17,1,140,140,140
dee13c66-168c-44af-8cfc-7e200a0f0cb6,2023-08-21,1,163.5,163.5,163.5
dee13c66-168c-44af-8cfc-7e200a0f0cb6,2023-11-13,1,120,120,120
dee13c66-168c-44af-8cfc-7e200a0f0cb6,2023-11-27,1,178.33,178.33,178.33
dee13c66-168c-44af-8cfc-7e200a0f0cb6,2023-12-04,3,189.99,110.4,210
dee13c66-168c-44af-8cfc-7e200a0f0cb6,2024-01-08,3,215.67,189,302
dee13c66-168c-44af-8cfc-7e200a0f0cb6,2024-01-15,1,230,230,230
dee13c66-168c-44af-8cfc-7e200a0f0cb6,2024-02-19,1,189,189,189
dee13c66-168c-44af-8cfc-7e200a0f0cb6,2024-03-11,1,250,250,250
dee13c66-168c-44af-8cfc-7e200a0f0cb6,2024-04-01,1,202.5,202.5,202.5
dee13c66-168c-44af-8cfc-7e200a0f0cb6,2024-04-15,1,152.5,152.5,152.5
dee13c66-168c-44af-8cfc-7e200a0f0cb6,2024-04-22,1,190,190,190
dee13c66-168c-44af-8cfc-7e200a0f0cb6,2024-06-17,1,180,180,180
dee13c66-168c-44af-8cfc-7e200a0f0cb6,2024-06-24,1,200,200,200
dee13c66-168c-44af-8cfc-7e200a0f0cb6,2024-07-22,1,132,132,132
dee13c66-168c-44af-8cfc-7e200a0f0cb6,2024-09-23,1,174,174,174
dee13c66-168c-44af-8cfc-7e200a0f0cb6,2024-10-28,1,118.29,118.29,118.29
dee13c66-168c-44af-8cfc-7e200a0f0cb6,2024-11-18,1,86.04,86.04,86.04
dee13c66-168c-44af-8cfc-7e200a0f0cb6,2024-12-16,1,210,210,210
dee13c66-168c-44af-8cfc-7e200a0f0cb6,2024-12-23,1,218.3,218.3,218.3
dee13c66-168c-44af-8cfc-7e200a0f0cb6,2025-01-20,2,275,200,349.99
dee13c66-168c-44af-8cfc-7e200a0f0cb6,2025-01-27,1,220,220,220
dee13c66-168c-44af-8cfc-7e200a0f0cb6,2025-02-17,1,112,112,112
dee13c66-168c-44af-8cfc-7e200a0f0cb6,2025-03-24,2,163.7,157,170.4
dee13c66-168c-44af-8cfc-7e200a0f0cb6,2025-04-07,1,348,348,348
dee13c66-168c-44af-8cfc-7e200a0f0cb6,2025-04-21,1,195,195,195
dee13c66-168c-44af-8cfc-7e200a0f0cb6,2025-05-05,1,232.86,232.86,232.86
dee13c66-168c-44af-8cfc-7e200a0f0cb6,2025-06-16,2,291.4,232.82,349.99
dee13c66-168c-44af-8cfc-7e200a0f0cb6,2025-07-21,1,399,399,399
dee13c66-168c-44af-8cfc-7e200a0f0cb6,2025-08-04,1,349.99,349.99,349.99
dee13c66-168c-44af-8cfc-7e200a0f0cb6,2025-09-01,3,399.99,349.99,499.99
dee13c66-168c-44af-8cfc-7e200a0f0cb6,2025-09-15,1,549.99,549.99,549.99
dee13c66-168c-44af-8cfc-7e200a0f0cb6,2025-10-13,1,649.99,649.99,649.99
dee13c66-168c-44af-8cfc-7e200a0f0cb6,2025-10-20,1,499,499,499
dee13c66-168c-44af-8cfc-7e200a0f0cb6,2025-11-10,2,406,312,500
dee13c66-168c-44af-8cfc-7e200a0f0cb6,2026-03-16,1,900,900,900
dee13c66-168c-44af-8cfc-7e200a0f0cb6,2026-05-11,2,1038.92,1000,1077.84
dee13c66-168c-44af-8cfc-7e200a0f0cb6,2026-06-01,2,894.6,769.2,1020
dee13c66-168c-44af-8cfc-7e200a0f0cb6,2026-06-22,1,899,899,899
dee13c66-168c-44af-8cfc-7e200a0f0cb6,2026-06-29,1,792.25,792.25,792.25
dee13c66-168c-44af-8cfc-7e200a0f0cb6,2026-07-13,2,715,630,800
dee13c66-168c-44af-8cfc-7e200a0f0cb6,2026-08-31,2,459.3,375.6,543
dee13c66-168c-44af-8cfc-7e200a0f0cb6,2026-09-07,1,450,450,450
dee3db56-5ff0-4b5a-b44d-9ebe3f828cfd,2022-04-04,1,41,41,41
dee3db56-5ff0-4b5a-b44d-9ebe3f828cfd,2022-05-09,1,89.95,89.95,89.95
dee3db56-5ff0-4b5a-b44d-9ebe3f828cfd,2022-06-27,1,24,24,24
dee3db56-5ff0-4b5a-b44d-9ebe3f828cfd,2023-10-30,1,103.61,103.61,103.61
dee3db56-5ff0-4b5a-b44d-9ebe3f828cfd,2024-01-08,1,62,62,62
dee3db56-5ff0-4b5a-b44d-9ebe3f828cfd,2024-10-21,1,102.5,102.5,102.5
dee3db56-5ff0-4b5a-b44d-9ebe3f828cfd,2024-12-16,1,160,160,160
dee3db56-5ff0-4b5a-b44d-9ebe3f828cfd,2025-12-01,1,149.99,149.99,149.99
dee3db56-5ff0-4b5a-b44d-9ebe3f828cfd,2026-05-11,1,1000,1000,1000
dee3db56-5ff0-4b5a-b44d-9ebe3f828cfd,2026-06-22,1,698,698,698
dee3fb98-930e-4e36-96db-c17527caf578,2023-04-17,1,22.5,22.5,22.5
dee3fb98-930e-4e36-96db-c17527caf578,2024-06-10,1,25,25,25
dee3fb98-930e-4e36-96db-c17527caf578,2025-05-05,1,69.99,69.99,69.99
dee5263e-0b4e-4c71-8349-c80a445a3a3e,2023-11-20,1,213.74,213.74,213.74
dee5263e-0b4e-4c71-8349-c80a445a3a3e,2023-12-11,1,86,86,86
dee5263e-0b4e-4c71-8349-c80a445a3a3e,2023-12-25,1,115,115,115
dee5263e-0b4e-4c71-8349-c80a445a3a3e,2024-01-01,1,129.99,129.99,129.99
dee5263e-0b4e-4c71-8349-c80a445a3a3e,2024-01-08,1,119.99,119.99,119.99
dee5263e-0b4e-4c71-8349-c80a445a3a3e,2024-01-22,2,60.34,54,66.69
dee5263e-0b4e-4c71-8349-c80a445a3a3e,2024-01-29,2,69.5,65,74
dee5263e-0b4e-4c71-8349-c80a445a3a3e,2024-02-12,3,80,74.95,122.75
dee5263e-0b4e-4c71-8349-c80a445a3a3e,2024-02-19,1,85,85,85
dee5263e-0b4e-4c71-8349-c80a445a3a3e,2024-02-26,1,67.1,67.1,67.1
dee5263e-0b4e-4c71-8349-c80a445a3a3e,2024-03-11,1,40.07,40.07,40.07
dee5263e-0b4e-4c71-8349-c80a445a3a3e,2024-03-18,1,58.8,58.8,58.8
dee5263e-0b4e-4c71-8349-c80a445a3a3e,2024-04-01,1,60,60,60
dee5263e-0b4e-4c71-8349-c80a445a3a3e,2024-04-29,1,34.33,34.33,34.33
dee5263e-0b4e-4c71-8349-c80a445a3a3e,2024-05-20,3,60,42.69,71.34
dee5263e-0b4e-4c71-8349-c80a445a3a3e,2024-05-27,1,79.99,79.99,79.99
dee5263e-0b4e-4c71-8349-c80a445a3a3e,2024-06-10,1,38,38,38
dee5263e-0b4e-4c71-8349-c80a445a3a3e,2024-07-15,1,65,65,65
dee5263e-0b4e-4c71-8349-c80a445a3a3e,2024-08-12,2,37.52,31,44.03
dee5263e-0b4e-4c71-8349-c80a445a3a3e,2024-08-19,1,40.4,40.4,40.4
dee5263e-0b4e-4c71-8349-c80a445a3a3e,2024-09-23,1,32.5,32.5,32.5
dee5263e-0b4e-4c71-8349-c80a445a3a3e,2024-10-14,1,64.99,64.99,64.99
dee5263e-0b4e-4c71-8349-c80a445a3a3e,2024-11-25,1,30.1,30.1,30.1
dee5263e-0b4e-4c71-8349-c80a445a3a3e,2024-12-09,1,20.5,20.5,20.5
dee5263e-0b4e-4c71-8349-c80a445a3a3e,2025-01-06,1,46,46,46
dee5263e-0b4e-4c71-8349-c80a445a3a3e,2025-01-13,2,37.5,35,39.99
dee5263e-0b4e-4c71-8349-c80a445a3a3e,2025-01-20,1,39.99,39.99,39.99
dee5263e-0b4e-4c71-8349-c80a445a3a3e,2025-02-10,1,50,50,50
dee5263e-0b4e-4c71-8349-c80a445a3a3e,2025-03-10,1,45,45,45
dee5263e-0b4e-4c71-8349-c80a445a3a3e,2025-03-31,1,52.49,52.49,52.49
dee5263e-0b4e-4c71-8349-c80a445a3a3e,2025-05-19,1,35,35,35
dee5263e-0b4e-4c71-8349-c80a445a3a3e,2025-06-09,1,35.79,35.79,35.79
dee5263e-0b4e-4c71-8349-c80a445a3a3e,2025-07-07,1,11.5,11.5,11.5
dee5263e-0b4e-4c71-8349-c80a445a3a3e,2025-07-14,1,14.6,14.6,14.6
dee5263e-0b4e-4c71-8349-c80a445a3a3e,2025-07-28,1,32.61,32.61,32.61
dee5263e-0b4e-4c71-8349-c80a445a3a3e,2025-09-22,1,50,50,50
dee5263e-0b4e-4c71-8349-c80a445a3a3e,2025-09-29,1,37,37,37
dee5263e-0b4e-4c71-8349-c80a445a3a3e,2025-10-06,1,54.99,54.99,54.99
dee5263e-0b4e-4c71-8349-c80a445a3a3e,2025-10-20,1,33.1,33.1,33.1
dee5263e-0b4e-4c71-8349-c80a445a3a3e,2025-12-01,1,40,40,40
dee5263e-0b4e-4c71-8349-c80a445a3a3e,2026-01-19,3,40,30,46.99
dee5263e-0b4e-4c71-8349-c80a445a3a3e,2026-02-23,1,60.24,60.24,60.24
dee5263e-0b4e-4c71-8349-c80a445a3a3e,2026-03-23,1,57,57,57
dee5263e-0b4e-4c71-8349-c80a445a3a3e,2026-04-20,1,40,40,40
dee5263e-0b4e-4c71-8349-c80a445a3a3e,2026-04-27,1,60.36,60.36,60.36
dee5263e-0b4e-4c71-8349-c80a445a3a3e,2026-05-25,1,50,50,50
dee5263e-0b4e-4c71-8349-c80a445a3a3e,2026-06-08,1,55,55,55
dee5263e-0b4e-4c71-8349-c80a445a3a3e,2026-06-15,1,79.15,79.15,79.15
dee5263e-0b4e-4c71-8349-c80a445a3a3e,2026-06-22,2,48.48,38,58.97
dee5263e-0b4e-4c71-8349-c80a445a3a3e,2026-06-29,1,31,31,31
dee5263e-0b4e-4c71-8349-c80a445a3a3e,2026-08-03,1,43.2,43.2,43.2
dee60a0f-a623-455d-906d-5610bd44f6ac,2023-11-06,2,115.5,111,120
dee60a0f-a623-455d-906d-5610bd44f6ac,2023-11-13,1,110,110,110
dee60a0f-a623-455d-906d-5610bd44f6ac,2023-11-20,2,68.16,46.32,90
dee60a0f-a623-455d-906d-5610bd44f6ac,2023-11-27,1,84,84,84
dee60a0f-a623-455d-906d-5610bd44f6ac,2023-12-04,3,41,36.81,86
dee60a0f-a623-455d-906d-5610bd44f6ac,2023-12-11,2,49.36,46.51,52.2
dee60a0f-a623-455d-906d-5610bd44f6ac,2023-12-18,5,47,42,62
dee60a0f-a623-455d-906d-5610bd44f6ac,2023-12-25,7,40,34.89,91.9
dee60a0f-a623-455d-906d-5610bd44f6ac,2024-01-01,8,35.1,22.02,40
dee60a0f-a623-455d-906d-5610bd44f6ac,2024-01-08,11,35,27.99,39.99
dee60a0f-a623-455d-906d-5610bd44f6ac,2024-01-15,9,39,34.8,57.3
dee60a0f-a623-455d-906d-5610bd44f6ac,2024-01-22,14,30.68,19,76.2
dee60a0f-a623-455d-906d-5610bd44f6ac,2024-01-29,6,38.42,24.5,49.99
dee60a0f-a623-455d-906d-5610bd44f6ac,2024-02-05,7,31,18.5,39.99
dee60a0f-a623-455d-906d-5610bd44f6ac,2024-02-12,7,29.99,24,68
dee60a0f-a623-455d-906d-5610bd44f6ac,2024-02-19,7,29.99,21.5,45.82
dee60a0f-a623-455d-906d-5610bd44f6ac,2024-02-26,5,26.4,24,28
dee60a0f-a623-455d-906d-5610bd44f6ac,2024-03-04,3,24,22.5,42.98
dee60a0f-a623-455d-906d-5610bd44f6ac,2024-03-11,5,26.4,20.5,35.95
dee60a0f-a623-455d-906d-5610bd44f6ac,2024-03-18,4,25.2,19.5,38.07
dee60a0f-a623-455d-906d-5610bd44f6ac,2024-03-25,6,23.05,18,50.5
dee60a0f-a623-455d-906d-5610bd44f6ac,2024-04-01,8,21.2,15.47,46
dee60a0f-a623-455d-906d-5610bd44f6ac,2024-04-08,3,25,21.6,28
dee60a0f-a623-455d-906d-5610bd44f6ac,2024-04-15,1,29.99,29.99,29.99
dee60a0f-a623-455d-906d-5610bd44f6ac,2024-04-22,1,27.35,27.35,27.35
dee60a0f-a623-455d-906d-5610bd44f6ac,2024-04-29,3,27,25.2,28.2
dee60a0f-a623-455d-906d-5610bd44f6ac,2024-05-06,6,29.55,16.5,49.45
dee60a0f-a623-455d-906d-5610bd44f6ac,2024-05-13,1,26.46,26.46,26.46
dee60a0f-a623-455d-906d-5610bd44f6ac,2024-05-20,5,22.5,19.06,23.5
dee60a0f-a623-455d-906d-5610bd44f6ac,2024-05-27,1,28,28,28
dee60a0f-a623-455d-906d-5610bd44f6ac,2024-06-03,6,26.82,18,38.16
dee60a0f-a623-455d-906d-5610bd44f6ac,2024-06-10,4,27.5,18.5,35.95
dee60a0f-a623-455d-906d-5610bd44f6ac,2024-06-17,3,25,18.5,31.5
dee60a0f-a623-455d-906d-5610bd44f6ac,2024-06-24,1,30.45,30.45,30.45
dee60a0f-a623-455d-906d-5610bd44f6ac,2024-07-01,2,27.2,26.4,27.99
dee60a0f-a623-455d-906d-5610bd44f6ac,2024-07-08,3,24.99,12.5,34.19
dee60a0f-a623-455d-906d-5610bd44f6ac,2024-07-15,1,40.16,40.16,40.16
dee60a0f-a623-455d-906d-5610bd44f6ac,2024-07-22,4,26.99,19.5,36.9
dee60a0f-a623-455d-906d-5610bd44f6ac,2024-07-29,2,29.7,29.7,29.7
dee60a0f-a623-455d-906d-5610bd44f6ac,2024-08-05,1,26,26,26
dee60a0f-a623-455d-906d-5610bd44f6ac,2024-08-12,1,36.95,36.95,36.95
dee60a0f-a623-455d-906d-5610bd44f6ac,2024-08-19,2,18,13,23
dee60a0f-a623-455d-906d-5610bd44f6ac,2024-08-26,1,36,36,36
dee60a0f-a623-455d-906d-5610bd44f6ac,2024-09-02,4,24.6,22.8,28
dee60a0f-a623-455d-906d-5610bd44f6ac,2024-09-09,2,32.05,30.11,33.99
dee60a0f-a623-455d-906d-5610bd44f6ac,2024-10-07,1,32.78,32.78,32.78
dee60a0f-a623-455d-906d-5610bd44f6ac,2024-10-14,2,30.4,12.5,48.3
dee60a0f-a623-455d-906d-5610bd44f6ac,2024-10-21,4,29.75,29,39.99
dee60a0f-a623-455d-906d-5610bd44f6ac,2024-10-28,2,29.74,24.49,34.99
dee60a0f-a623-455d-906d-5610bd44f6ac,2024-11-04,3,34.99,26.5,35.99
dee60a0f-a623-455d-906d-5610bd44f6ac,2024-11-11,2,25,19,31
dee60a0f-a623-455d-906d-5610bd44f6ac,2024-11-18,4,29.24,26,35
dee60a0f-a623-455d-906d-5610bd44f6ac,2024-11-25,3,29,18.5,30.52
dee60a0f-a623-455d-906d-5610bd44f6ac,2024-12-02,3,31.95,20.5,40
dee60a0f-a623-455d-906d-5610bd44f6ac,2024-12-09,4,33.27,29.99,71
dee60a0f-a623-455d-906d-5610bd44f6ac,2024-12-16,3,29.99,24.99,38.12
dee60a0f-a623-455d-906d-5610bd44f6ac,2024-12-23,2,27.99,26,29.99
dee60a0f-a623-455d-906d-5610bd44f6ac,2024-12-30,1,28.51,28.51,28.51
dee60a0f-a623-455d-906d-5610bd44f6ac,2025-01-06,2,34,30,37.99
dee60a0f-a623-455d-906d-5610bd44f6ac,2025-01-13,1,24.78,24.78,24.78
dee60a0f-a623-455d-906d-5610bd44f6ac,2025-01-20,4,34.12,31,63
dee60a0f-a623-455d-906d-5610bd44f6ac,2025-01-27,2,31.25,22.5,39.99
dee60a0f-a623-455d-906d-5610bd44f6ac,2025-02-03,1,39.99,39.99,39.99
dee60a0f-a623-455d-906d-5610bd44f6ac,2025-02-10,4,27.5,22.5,32.01
dee60a0f-a623-455d-906d-5610bd44f6ac,2025-02-17,3,31,29,36
dee60a0f-a623-455d-906d-5610bd44f6ac,2025-02-24,4,39.09,31,50.47
dee60a0f-a623-455d-906d-5610bd44f6ac,2025-03-03,1,46.66,46.66,46.66
dee60a0f-a623-455d-906d-5610bd44f6ac,2025-03-10,1,51.8,51.8,51.8
dee60a0f-a623-455d-906d-5610bd44f6ac,2025-04-07,2,36.45,29.99,42.9
dee60a0f-a623-455d-906d-5610bd44f6ac,2025-04-14,1,29.99,29.99,29.99
dee60a0f-a623-455d-906d-5610bd44f6ac,2025-04-21,2,46.94,43.93,49.95
dee60a0f-a623-455d-906d-5610bd44f6ac,2025-04-28,2,43.88,42.74,45.02
dee60a0f-a623-455d-906d-5610bd44f6ac,2025-05-05,1,15,15,15
dee60a0f-a623-455d-906d-5610bd44f6ac,2025-05-12,1,49.97,49.97,49.97
dee60a0f-a623-455d-906d-5610bd44f6ac,2025-05-19,3,25,22.5,37.02
dee60a0f-a623-455d-906d-5610bd44f6ac,2025-06-02,2,33.74,32.48,35
dee60a0f-a623-455d-906d-5610bd44f6ac,2025-06-09,3,36,31.11,46
dee60a0f-a623-455d-906d-5610bd44f6ac,2025-06-16,3,35,35,42.02
dee60a0f-a623-455d-906d-5610bd44f6ac,2025-06-23,1,31,31,31
dee60a0f-a623-455d-906d-5610bd44f6ac,2025-06-30,1,28.5,28.5,28.5
dee60a0f-a623-455d-906d-5610bd44f6ac,2025-07-07,2,33,32,34
dee60a0f-a623-455d-906d-5610bd44f6ac,2025-07-14,2,36.5,33,39.99
dee60a0f-a623-455d-906d-5610bd44f6ac,2025-07-21,2,39.47,38.88,40.05
dee60a0f-a623-455d-906d-5610bd44f6ac,2025-07-28,3,36.16,34.99,44.99
dee60a0f-a623-455d-906d-5610bd44f6ac,2025-08-18,1,45,45,45
dee60a0f-a623-455d-906d-5610bd44f6ac,2025-09-01,1,37.99,37.99,37.99
dee60a0f-a623-455d-906d-5610bd44f6ac,2025-09-15,1,33.5,33.5,33.5
dee60a0f-a623-455d-906d-5610bd44f6ac,2025-09-22,2,41.93,25,58.86
dee60a0f-a623-455d-906d-5610bd44f6ac,2025-09-29,5,37.95,33.79,45
dee60a0f-a623-455d-906d-5610bd44f6ac,2025-10-06,2,53.5,39.6,67.39
dee60a0f-a623-455d-906d-5610bd44f6ac,2025-10-20,1,48,48,48
dee60a0f-a623-455d-906d-5610bd44f6ac,2025-10-27,1,76,76,76
dee60a0f-a623-455d-906d-5610bd44f6ac,2025-11-03,3,40,32,60
dee60a0f-a623-455d-906d-5610bd44f6ac,2025-11-10,1,32,32,32
dee60a0f-a623-455d-906d-5610bd44f6ac,2025-11-17,1,70,70,70
dee60a0f-a623-455d-906d-5610bd44f6ac,2025-11-24,1,77,77,77
dee60a0f-a623-455d-906d-5610bd44f6ac,2025-12-08,2,49.83,35,64.66
dee60a0f-a623-455d-906d-5610bd44f6ac,2025-12-15,2,39.84,38,41.69
dee60a0f-a623-455d-906d-5610bd44f6ac,2025-12-22,2,37.5,36,39
dee60a0f-a623-455d-906d-5610bd44f6ac,2025-12-29,3,46,45.7,46.29
dee60a0f-a623-455d-906d-5610bd44f6ac,2026-01-12,3,53.59,34.99,54
dee60a0f-a623-455d-906d-5610bd44f6ac,2026-01-19,5,54.23,35,68.2
dee60a0f-a623-455d-906d-5610bd44f6ac,2026-01-26,1,50,50,50
dee60a0f-a623-455d-906d-5610bd44f6ac,2026-02-02,1,44.99,44.99,44.99
dee60a0f-a623-455d-906d-5610bd44f6ac,2026-02-09,2,61.21,41,81.42
dee60a0f-a623-455d-906d-5610bd44f6ac,2026-02-23,2,31,27,35
dee60a0f-a623-455d-906d-5610bd44f6ac,2026-03-02,4,40,23.33,45
dee60a0f-a623-455d-906d-5610bd44f6ac,2026-03-09,6,39.5,33,45
dee60a0f-a623-455d-906d-5610bd44f6ac,2026-03-16,2,51.29,37,65.58
dee60a0f-a623-455d-906d-5610bd44f6ac,2026-03-30,4,47.5,45.5,51.09
dee60a0f-a623-455d-906d-5610bd44f6ac,2026-04-06,2,53.5,43,64
dee60a0f-a623-455d-906d-5610bd44f6ac,2026-04-13,2,58,52,64
dee60a0f-a623-455d-906d-5610bd44f6ac,2026-04-20,2,58,40,76
dee60a0f-a623-455d-906d-5610bd44f6ac,2026-04-27,4,54.37,42,78.29
dee60a0f-a623-455d-906d-5610bd44f6ac,2026-05-04,2,50,45,55
dee60a0f-a623-455d-906d-5610bd44f6ac,2026-05-11,2,58.47,53,63.93
dee60a0f-a623-455d-906d-5610bd44f6ac,2026-05-18,3,64.99,58.49,71.68
dee60a0f-a623-455d-906d-5610bd44f6ac,2026-05-25,4,63.82,49.99,70.65
dee60a0f-a623-455d-906d-5610bd44f6ac,2026-06-01,2,68.14,57.99,78.29
dee60a0f-a623-455d-906d-5610bd44f6ac,2026-06-08,3,73,73,79
dee60a0f-a623-455d-906d-5610bd44f6ac,2026-06-22,2,69,68,70
dee60a0f-a623-455d-906d-5610bd44f6ac,2026-06-29,1,58,58,58
dee60a0f-a623-455d-906d-5610bd44f6ac,2026-07-06,1,22.5,22.5,22.5
dee60a0f-a623-455d-906d-5610bd44f6ac,2026-07-13,2,74.03,68,80.07
dee60a0f-a623-455d-906d-5610bd44f6ac,2026-07-20,1,102.5,102.5,102.5
dee60a0f-a623-455d-906d-5610bd44f6ac,2026-07-27,2,92.49,79.99,104.99
dee60a0f-a623-455d-906d-5610bd44f6ac,2026-08-03,2,75.74,71.49,79.99
dee60a0f-a623-455d-906d-5610bd44f6ac,2026-08-10,4,97.04,76,150
dee60a0f-a623-455d-906d-5610bd44f6ac,2026-08-17,8,70,56.88,100
dee60a0f-a623-455d-906d-5610bd44f6ac,2026-08-24,5,86,52.49,98.99
dee60a0f-a623-455d-906d-5610bd44f6ac,2026-08-31,1,85,85,85
dee60a0f-a623-455d-906d-5610bd44f6ac,2026-09-07,1,41,41,41
dee60a0f-a623-455d-906d-5610bd44f6ac,2026-09-14,1,41,41,41
dee7af27-836a-40bb-a7b1-f38ff8e5b58f,2021-10-04,1,69.17,69.17,69.17
dee7af27-836a-40bb-a7b1-f38ff8e5b58f,2022-11-21,1,50,50,50
dee7af27-836a-40bb-a7b1-f38ff8e5b58f,2024-11-18,1,34.99,34.99,34.99
dee7af27-836a-40bb-a7b1-f38ff8e5b58f,2025-05-19,1,21.5,21.5,21.5
dee7af27-836a-40bb-a7b1-f38ff8e5b58f,2026-02-09,1,74.4,74.4,74.4
dee7af27-836a-40bb-a7b1-f38ff8e5b58f,2026-09-07,1,104.5,104.5,104.5
deea49e7-aa59-47a5-aa37-fb60ecf2b5d2,2024-07-22,1,12.5,12.5,12.5
deea49e7-aa59-47a5-aa37-fb60ecf2b5d2,2024-08-12,1,24.99,24.99,24.99
deea49e7-aa59-47a5-aa37-fb60ecf2b5d2,2025-01-20,1,25,25,25
deea49e7-aa59-47a5-aa37-fb60ecf2b5d2,2025-05-05,1,17.96,17.96,17.96
deea49e7-aa59-47a5-aa37-fb60ecf2b5d2,2025-08-25,1,29.99,29.99,29.99
deea49e7-aa59-47a5-aa37-fb60ecf2b5d2,2026-03-23,1,24,24,24
deea49e7-aa59-47a5-aa37-fb60ecf2b5d2,2026-03-30,1,29.69,29.69,29.69
deea49e7-aa59-47a5-aa37-fb60ecf2b5d2,2026-04-27,1,25,25,25
deec46d2-57c0-481d-bc90-b0fad24d459f,2022-05-09,1,300,300,300
deec46d2-57c0-481d-bc90-b0fad24d459f,2022-10-31,1,180,180,180
deec46d2-57c0-481d-bc90-b0fad24d459f,2023-01-30,1,249.99,249.99,249.99
deec46d2-57c0-481d-bc90-b0fad24d459f,2023-02-13,1,132,132,132
deec46d2-57c0-481d-bc90-b0fad24d459f,2023-05-15,1,199.99,199.99,199.99
deec46d2-57c0-481d-bc90-b0fad24d459f,2023-06-26,1,185,185,185
deec46d2-57c0-481d-bc90-b0fad24d459f,2023-07-03,1,180,180,180
deec46d2-57c0-481d-bc90-b0fad24d459f,2024-01-15,1,176.5,176.5,176.5
deec46d2-57c0-481d-bc90-b0fad24d459f,2024-01-29,1,86.4,86.4,86.4
deec46d2-57c0-481d-bc90-b0fad24d459f,2024-10-07,1,150,150,150
deec46d2-57c0-481d-bc90-b0fad24d459f,2025-02-17,1,112.5,112.5,112.5
deec46d2-57c0-481d-bc90-b0fad24d459f,2025-06-02,1,219.11,219.11,219.11
deec46d2-57c0-481d-bc90-b0fad24d459f,2025-08-25,1,349.99,349.99,349.99
deec46d2-57c0-481d-bc90-b0fad24d459f,2025-10-20,1,325,325,325
deec46d2-57c0-481d-bc90-b0fad24d459f,2025-12-15,2,517.5,335,699.99
deec4e41-a593-47ea-b450-000025e33a4d,2021-03-15,1,71,71,71
deec4e41-a593-47ea-b450-000025e33a4d,2021-06-14,1,57,57,57
deec4e41-a593-47ea-b450-000025e33a4d,2021-07-05,1,91,91,91
deec4e41-a593-47ea-b450-000025e33a4d,2021-10-04,1,84,84,84
deec4e41-a593-47ea-b450-000025e33a4d,2021-10-25,1,92,92,92
deec4e41-a593-47ea-b450-000025e33a4d,2021-11-29,1,36,36,36
deec4e41-a593-47ea-b450-000025e33a4d,2022-05-02,1,45,45,45
deec4e41-a593-47ea-b450-000025e33a4d,2022-05-16,3,44.99,35.86,50
deec4e41-a593-47ea-b450-000025e33a4d,2022-05-30,1,53,53,53
deec4e41-a593-47ea-b450-000025e33a4d,2022-08-08,1,58.77,58.77,58.77
deec4e41-a593-47ea-b450-000025e33a4d,2023-01-02,1,32,32,32
deec4e41-a593-47ea-b450-000025e33a4d,2023-02-27,1,68,68,68
deec4e41-a593-47ea-b450-000025e33a4d,2023-05-22,2,60,50,70
deec4e41-a593-47ea-b450-000025e33a4d,2023-06-12,1,74.99,74.99,74.99
deec4e41-a593-47ea-b450-000025e33a4d,2023-06-19,1,80,80,80
deec4e41-a593-47ea-b450-000025e33a4d,2023-06-26,2,66.5,65,68
deec4e41-a593-47ea-b450-000025e33a4d,2023-10-23,2,48.86,37.71,60
deec4e41-a593-47ea-b450-000025e33a4d,2023-10-30,1,55,55,55
deec4e41-a593-47ea-b450-000025e33a4d,2024-02-12,1,50,50,50
deec4e41-a593-47ea-b450-000025e33a4d,2024-03-18,1,70,70,70
deec4e41-a593-47ea-b450-000025e33a4d,2024-05-13,1,59.99,59.99,59.99
deec4e41-a593-47ea-b450-000025e33a4d,2024-05-20,1,63.74,63.74,63.74
deec4e41-a593-47ea-b450-000025e33a4d,2024-06-10,1,70,70,70
deec4e41-a593-47ea-b450-000025e33a4d,2024-06-24,1,84.99,84.99,84.99
deec4e41-a593-47ea-b450-000025e33a4d,2024-08-05,1,58.71,58.71,58.71
deec4e41-a593-47ea-b450-000025e33a4d,2024-10-21,1,100.55,100.55,100.55
deec4e41-a593-47ea-b450-000025e33a4d,2025-02-03,1,81.66,81.66,81.66
deec4e41-a593-47ea-b450-000025e33a4d,2025-02-24,1,99.99,99.99,99.99
deec4e41-a593-47ea-b450-000025e33a4d,2025-03-24,1,85.49,85.49,85.49
deec4e41-a593-47ea-b450-000025e33a4d,2025-04-14,1,85,85,85
deec4e41-a593-47ea-b450-000025e33a4d,2025-06-02,1,72.3,72.3,72.3
deec4e41-a593-47ea-b450-000025e33a4d,2025-06-16,1,64.35,64.35,64.35
deec4e41-a593-47ea-b450-000025e33a4d,2025-06-23,2,99.94,99.87,100
deec4e41-a593-47ea-b450-000025e33a4d,2025-07-14,1,104.99,104.99,104.99
deec4e41-a593-47ea-b450-000025e33a4d,2025-07-21,1,97.71,97.71,97.71
deec4e41-a593-47ea-b450-000025e33a4d,2025-08-18,2,110,109.99,110
deec4e41-a593-47ea-b450-000025e33a4d,2025-11-24,1,104.99,104.99,104.99
deec4e41-a593-47ea-b450-000025e33a4d,2025-12-29,1,130,130,130
deec4e41-a593-47ea-b450-000025e33a4d,2026-02-02,1,74.26,74.26,74.26
deec4e41-a593-47ea-b450-000025e33a4d,2026-02-09,1,44,44,44
deec4e41-a593-47ea-b450-000025e33a4d,2026-05-11,1,76.8,76.8,76.8
deec4e41-a593-47ea-b450-000025e33a4d,2026-05-18,1,94.95,94.95,94.95
deec4e41-a593-47ea-b450-000025e33a4d,2026-06-01,1,91.99,91.99,91.99
deec4e41-a593-47ea-b450-000025e33a4d,2026-06-15,1,95,95,95
deec4e41-a593-47ea-b450-000025e33a4d,2026-08-03,1,95,95,95
deec4e41-a593-47ea-b450-000025e33a4d,2026-08-17,2,86.8,43.6,130
deec4e41-a593-47ea-b450-000025e33a4d,2026-08-24,1,87,87,87
deec99a3-1ab9-43ae-9f4a-f8ca45d466ad,2021-04-26,1,610,610,610
deec99a3-1ab9-43ae-9f4a-f8ca45d466ad,2021-08-23,1,471.52,471.52,471.52
deec99a3-1ab9-43ae-9f4a-f8ca45d466ad,2021-09-13,1,365,365,365
deec99a3-1ab9-43ae-9f4a-f8ca45d466ad,2021-12-20,4,202.5,170.5,212.5
deec99a3-1ab9-43ae-9f4a-f8ca45d466ad,2021-12-27,1,222.5,222.5,222.5
deec99a3-1ab9-43ae-9f4a-f8ca45d466ad,2022-01-10,1,178.5,178.5,178.5
deec99a3-1ab9-43ae-9f4a-f8ca45d466ad,2022-02-21,1,203.5,203.5,203.5
deec99a3-1ab9-43ae-9f4a-f8ca45d466ad,2022-03-21,1,250,250,250
deec99a3-1ab9-43ae-9f4a-f8ca45d466ad,2022-05-02,1,265,265,265
deec99a3-1ab9-43ae-9f4a-f8ca45d466ad,2022-06-20,1,229,229,229
deec99a3-1ab9-43ae-9f4a-f8ca45d466ad,2022-06-27,1,225,225,225
deec99a3-1ab9-43ae-9f4a-f8ca45d466ad,2022-07-04,1,193.18,193.18,193.18
deec99a3-1ab9-43ae-9f4a-f8ca45d466ad,2022-07-18,1,175,175,175
deec99a3-1ab9-43ae-9f4a-f8ca45d466ad,2022-07-25,1,255,255,255
deec99a3-1ab9-43ae-9f4a-f8ca45d466ad,2022-08-08,2,259.99,219.99,299.99
deec99a3-1ab9-43ae-9f4a-f8ca45d466ad,2022-08-29,1,157.5,157.5,157.5
deec99a3-1ab9-43ae-9f4a-f8ca45d466ad,2022-09-12,2,175,150,200
deec99a3-1ab9-43ae-9f4a-f8ca45d466ad,2022-09-19,1,299.69,299.69,299.69
deec99a3-1ab9-43ae-9f4a-f8ca45d466ad,2022-10-03,2,242.34,214.69,270
deec99a3-1ab9-43ae-9f4a-f8ca45d466ad,2022-10-24,1,365,365,365
deec99a3-1ab9-43ae-9f4a-f8ca45d466ad,2022-11-07,2,375,350,399.99
deec99a3-1ab9-43ae-9f4a-f8ca45d466ad,2022-11-14,1,320,320,320
deec99a3-1ab9-43ae-9f4a-f8ca45d466ad,2022-11-21,1,300,300,300
deec99a3-1ab9-43ae-9f4a-f8ca45d466ad,2022-12-05,1,306.1,306.1,306.1
deec99a3-1ab9-43ae-9f4a-f8ca45d466ad,2022-12-12,2,290,290,290
deec99a3-1ab9-43ae-9f4a-f8ca45d466ad,2022-12-19,2,280.5,280,281
deec99a3-1ab9-43ae-9f4a-f8ca45d466ad,2022-12-26,3,265,259.95,344.99
deec99a3-1ab9-43ae-9f4a-f8ca45d466ad,2023-01-02,2,327.5,325,330
deec99a3-1ab9-43ae-9f4a-f8ca45d466ad,2023-01-09,1,305,305,305
deec99a3-1ab9-43ae-9f4a-f8ca45d466ad,2023-01-23,1,325,325,325
deec99a3-1ab9-43ae-9f4a-f8ca45d466ad,2023-01-30,1,300,300,300
deec99a3-1ab9-43ae-9f4a-f8ca45d466ad,2023-02-06,2,315.5,276,355
deec99a3-1ab9-43ae-9f4a-f8ca45d466ad,2023-02-13,1,479,479,479
deec99a3-1ab9-43ae-9f4a-f8ca45d466ad,2023-02-20,2,330.5,324.99,336
deec99a3-1ab9-43ae-9f4a-f8ca45d466ad,2023-02-27,1,360,360,360
deec99a3-1ab9-43ae-9f4a-f8ca45d466ad,2023-03-06,2,367.02,360,374.05
deec99a3-1ab9-43ae-9f4a-f8ca45d466ad,2023-03-13,3,396,315.63,400
deec99a3-1ab9-43ae-9f4a-f8ca45d466ad,2023-03-20,2,305,304.99,305
deec99a3-1ab9-43ae-9f4a-f8ca45d466ad,2023-03-27,3,336,310,370.94
deec99a3-1ab9-43ae-9f4a-f8ca45d466ad,2023-04-03,1,320,320,320
deec99a3-1ab9-43ae-9f4a-f8ca45d466ad,2023-04-17,2,338.5,312,365
deec99a3-1ab9-43ae-9f4a-f8ca45d466ad,2023-04-24,2,276,276,276
deec99a3-1ab9-43ae-9f4a-f8ca45d466ad,2023-05-08,3,325,321,359.99
deec99a3-1ab9-43ae-9f4a-f8ca45d466ad,2023-05-22,3,383.9,346.16,384
deec99a3-1ab9-43ae-9f4a-f8ca45d466ad,2023-05-29,8,474,250,514.15
deec99a3-1ab9-43ae-9f4a-f8ca45d466ad,2023-06-05,2,507.5,460,555
deec99a3-1ab9-43ae-9f4a-f8ca45d466ad,2023-06-12,5,408,408,500
deec99a3-1ab9-43ae-9f4a-f8ca45d466ad,2023-06-19,3,456,456,506.25
deec99a3-1ab9-43ae-9f4a-f8ca45d466ad,2023-06-26,1,365,365,365
deec99a3-1ab9-43ae-9f4a-f8ca45d466ad,2023-07-03,2,392.13,384.27,400
deec99a3-1ab9-43ae-9f4a-f8ca45d466ad,2023-07-17,3,336,336,430
deec99a3-1ab9-43ae-9f4a-f8ca45d466ad,2023-07-24,1,336,336,336
deec99a3-1ab9-43ae-9f4a-f8ca45d466ad,2023-07-31,1,450,450,450
deec99a3-1ab9-43ae-9f4a-f8ca45d466ad,2023-08-07,1,330,330,330
deec99a3-1ab9-43ae-9f4a-f8ca45d466ad,2023-08-14,3,399,288,400
deec99a3-1ab9-43ae-9f4a-f8ca45d466ad,2023-08-21,1,300,300,300
deec99a3-1ab9-43ae-9f4a-f8ca45d466ad,2023-08-28,2,264.25,252.49,276
deec99a3-1ab9-43ae-9f4a-f8ca45d466ad,2023-09-04,1,293.88,293.88,293.88
deec99a3-1ab9-43ae-9f4a-f8ca45d466ad,2023-09-11,1,276.88,276.88,276.88
deec99a3-1ab9-43ae-9f4a-f8ca45d466ad,2023-09-18,1,375,375,375
deec99a3-1ab9-43ae-9f4a-f8ca45d466ad,2023-10-02,1,245,245,245
deec99a3-1ab9-43ae-9f4a-f8ca45d466ad,2023-10-16,1,280,280,280
deec99a3-1ab9-43ae-9f4a-f8ca45d466ad,2023-10-23,2,348.1,298,398.19
deec99a3-1ab9-43ae-9f4a-f8ca45d466ad,2023-10-30,1,218.5,218.5,218.5
deec99a3-1ab9-43ae-9f4a-f8ca45d466ad,2023-11-06,2,280,260,299.99
deec99a3-1ab9-43ae-9f4a-f8ca45d466ad,2023-11-20,1,265,265,265
deec99a3-1ab9-43ae-9f4a-f8ca45d466ad,2023-12-04,1,182.5,182.5,182.5
deec99a3-1ab9-43ae-9f4a-f8ca45d466ad,2023-12-18,2,305.88,290,321.77
deec99a3-1ab9-43ae-9f4a-f8ca45d466ad,2023-12-25,2,349.93,300,399.86
deec99a3-1ab9-43ae-9f4a-f8ca45d466ad,2024-01-01,4,253.75,231.38,275
deec99a3-1ab9-43ae-9f4a-f8ca45d466ad,2024-01-08,2,308.56,288,329.13
deec99a3-1ab9-43ae-9f4a-f8ca45d466ad,2024-01-22,1,260,260,260
deec99a3-1ab9-43ae-9f4a-f8ca45d466ad,2024-01-29,1,300,300,300
deec99a3-1ab9-43ae-9f4a-f8ca45d466ad,2024-02-19,1,265,265,265
deec99a3-1ab9-43ae-9f4a-f8ca45d466ad,2024-02-26,1,425.51,425.51,425.51
deec99a3-1ab9-43ae-9f4a-f8ca45d466ad,2024-03-04,1,275,275,275
deec99a3-1ab9-43ae-9f4a-f8ca45d466ad,2024-03-18,2,277.5,260,295
deec99a3-1ab9-43ae-9f4a-f8ca45d466ad,2024-03-25,1,235,235,235
deec99a3-1ab9-43ae-9f4a-f8ca45d466ad,2024-04-01,1,359.99,359.99,359.99
deec99a3-1ab9-43ae-9f4a-f8ca45d466ad,2024-04-08,2,274.96,240,309.92
deec99a3-1ab9-43ae-9f4a-f8ca45d466ad,2024-04-22,2,269.23,237.5,300.95
deec99a3-1ab9-43ae-9f4a-f8ca45d466ad,2024-04-29,5,270.26,235,299.99
deec99a3-1ab9-43ae-9f4a-f8ca45d466ad,2024-05-06,4,260,218.5,270
deec99a3-1ab9-43ae-9f4a-f8ca45d466ad,2024-05-13,2,265.5,235.17,295.84
deec99a3-1ab9-43ae-9f4a-f8ca45d466ad,2024-05-20,4,244.33,230.52,269.99
deec99a3-1ab9-43ae-9f4a-f8ca45d466ad,2024-05-27,3,262,134.93,388.1
deec99a3-1ab9-43ae-9f4a-f8ca45d466ad,2024-06-03,3,235.5,213.5,257
deec99a3-1ab9-43ae-9f4a-f8ca45d466ad,2024-06-10,5,219.5,180,485
deec99a3-1ab9-43ae-9f4a-f8ca45d466ad,2024-06-17,5,234.12,196.5,259.66
deec99a3-1ab9-43ae-9f4a-f8ca45d466ad,2024-06-24,5,183.76,162.5,295.08
deec99a3-1ab9-43ae-9f4a-f8ca45d466ad,2024-07-01,2,190,180,200
deec99a3-1ab9-43ae-9f4a-f8ca45d466ad,2024-07-08,1,234.1,234.1,234.1
deec99a3-1ab9-43ae-9f4a-f8ca45d466ad,2024-07-15,3,180,171,251.03
deec99a3-1ab9-43ae-9f4a-f8ca45d466ad,2024-07-22,3,210,197.49,219.61
deec99a3-1ab9-43ae-9f4a-f8ca45d466ad,2024-07-29,4,199.25,192,234
deec99a3-1ab9-43ae-9f4a-f8ca45d466ad,2024-08-05,3,190,181.23,209.99
deec99a3-1ab9-43ae-9f4a-f8ca45d466ad,2024-08-12,3,205,163.5,209.99
deec99a3-1ab9-43ae-9f4a-f8ca45d466ad,2024-08-19,3,186,185.5,229.9
deec99a3-1ab9-43ae-9f4a-f8ca45d466ad,2024-08-26,1,199.99,199.99,199.99
deec99a3-1ab9-43ae-9f4a-f8ca45d466ad,2024-09-02,2,164.75,153,176.5
deec99a3-1ab9-43ae-9f4a-f8ca45d466ad,2024-09-09,1,190,190,190
deec99a3-1ab9-43ae-9f4a-f8ca45d466ad,2024-09-16,1,214,214,214
deec99a3-1ab9-43ae-9f4a-f8ca45d466ad,2024-09-23,1,177.5,177.5,177.5
deec99a3-1ab9-43ae-9f4a-f8ca45d466ad,2024-09-30,4,220,180.75,248.2
deec99a3-1ab9-43ae-9f4a-f8ca45d466ad,2024-10-07,1,228,228,228
deec99a3-1ab9-43ae-9f4a-f8ca45d466ad,2024-10-14,2,193.04,177.5,208.58
deec99a3-1ab9-43ae-9f4a-f8ca45d466ad,2024-10-21,2,182,164.5,199.49
deec99a3-1ab9-43ae-9f4a-f8ca45d466ad,2024-10-28,2,223.4,211,235.8
deec99a3-1ab9-43ae-9f4a-f8ca45d466ad,2024-11-04,1,204.99,204.99,204.99
deec99a3-1ab9-43ae-9f4a-f8ca45d466ad,2024-11-11,3,182.5,182.5,210
deec99a3-1ab9-43ae-9f4a-f8ca45d466ad,2024-11-18,3,212.93,170.01,239.34
deec99a3-1ab9-43ae-9f4a-f8ca45d466ad,2024-11-25,2,339.75,179.5,500
deec99a3-1ab9-43ae-9f4a-f8ca45d466ad,2024-12-02,4,186.25,177.5,210.27
deec99a3-1ab9-43ae-9f4a-f8ca45d466ad,2024-12-09,2,195,190,200
deec99a3-1ab9-43ae-9f4a-f8ca45d466ad,2024-12-16,1,245,245,245
deec99a3-1ab9-43ae-9f4a-f8ca45d466ad,2024-12-23,2,187.62,175.25,199.99
deec99a3-1ab9-43ae-9f4a-f8ca45d466ad,2024-12-30,3,209.99,190.19,215
deec99a3-1ab9-43ae-9f4a-f8ca45d466ad,2025-01-06,4,239.5,210,384.75
deec99a3-1ab9-43ae-9f4a-f8ca45d466ad,2025-01-13,5,207.5,161.96,765
deec99a3-1ab9-43ae-9f4a-f8ca45d466ad,2025-01-20,1,250,250,250
deec99a3-1ab9-43ae-9f4a-f8ca45d466ad,2025-01-27,3,227.5,207.5,240
deec99a3-1ab9-43ae-9f4a-f8ca45d466ad,2025-02-03,3,229.5,190.5,240
deec99a3-1ab9-43ae-9f4a-f8ca45d466ad,2025-02-10,1,249.99,249.99,249.99
deec99a3-1ab9-43ae-9f4a-f8ca45d466ad,2025-02-17,1,261.34,261.34,261.34
deec99a3-1ab9-43ae-9f4a-f8ca45d466ad,2025-03-03,1,249.95,249.95,249.95
deec99a3-1ab9-43ae-9f4a-f8ca45d466ad,2025-03-10,3,215,197.5,265
deec99a3-1ab9-43ae-9f4a-f8ca45d466ad,2025-03-17,2,261.67,240,283.34
deec99a3-1ab9-43ae-9f4a-f8ca45d466ad,2025-03-24,1,215,215,215
deec99a3-1ab9-43ae-9f4a-f8ca45d466ad,2025-03-31,2,487,204,770
deec99a3-1ab9-43ae-9f4a-f8ca45d466ad,2025-04-07,1,350,350,350
deec99a3-1ab9-43ae-9f4a-f8ca45d466ad,2025-04-14,2,271.83,270,273.66
deec99a3-1ab9-43ae-9f4a-f8ca45d466ad,2025-04-21,2,317.5,285,349.99
deec99a3-1ab9-43ae-9f4a-f8ca45d466ad,2025-05-12,2,278,256,299.99
deec99a3-1ab9-43ae-9f4a-f8ca45d466ad,2025-06-02,6,282.5,227,357.71
deec99a3-1ab9-43ae-9f4a-f8ca45d466ad,2025-06-09,4,310,282.18,509.99
deec99a3-1ab9-43ae-9f4a-f8ca45d466ad,2025-06-16,2,291.5,283,299.99
deec99a3-1ab9-43ae-9f4a-f8ca45d466ad,2025-06-23,1,325,325,325
deec99a3-1ab9-43ae-9f4a-f8ca45d466ad,2025-06-30,1,270,270,270
deec99a3-1ab9-43ae-9f4a-f8ca45d466ad,2025-07-21,2,360.5,300,421
deec99a3-1ab9-43ae-9f4a-f8ca45d466ad,2025-07-28,2,330.57,295,366.15
deec99a3-1ab9-43ae-9f4a-f8ca45d466ad,2025-08-04,2,512.37,384.75,639.99
deec99a3-1ab9-43ae-9f4a-f8ca45d466ad,2025-08-18,3,325,325,355
deec99a3-1ab9-43ae-9f4a-f8ca45d466ad,2025-09-08,2,357.5,340,375
deec99a3-1ab9-43ae-9f4a-f8ca45d466ad,2025-09-15,3,400,361,429.9
deec99a3-1ab9-43ae-9f4a-f8ca45d466ad,2025-09-22,2,423.73,358,489.46
deec99a3-1ab9-43ae-9f4a-f8ca45d466ad,2025-09-29,1,381,381,381
deec99a3-1ab9-43ae-9f4a-f8ca45d466ad,2025-10-06,1,260.5,260.5,260.5
deec99a3-1ab9-43ae-9f4a-f8ca45d466ad,2025-10-13,4,326,316,350
deec99a3-1ab9-43ae-9f4a-f8ca45d466ad,2025-10-20,1,250.76,250.76,250.76
deec99a3-1ab9-43ae-9f4a-f8ca45d466ad,2025-10-27,1,323.69,323.69,323.69
deec99a3-1ab9-43ae-9f4a-f8ca45d466ad,2025-11-03,1,309,309,309
deec99a3-1ab9-43ae-9f4a-f8ca45d466ad,2025-11-24,1,333,333,333
deec99a3-1ab9-43ae-9f4a-f8ca45d466ad,2025-12-08,1,349.99,349.99,349.99
deec99a3-1ab9-43ae-9f4a-f8ca45d466ad,2025-12-15,1,409.85,409.85,409.85
deec99a3-1ab9-43ae-9f4a-f8ca45d466ad,2025-12-22,2,397.62,395,400.25
deec99a3-1ab9-43ae-9f4a-f8ca45d466ad,2025-12-29,2,352,349.99,354
deec99a3-1ab9-43ae-9f4a-f8ca45d466ad,2026-01-05,1,375,375,375
deec99a3-1ab9-43ae-9f4a-f8ca45d466ad,2026-01-19,2,367,354,380
deec99a3-1ab9-43ae-9f4a-f8ca45d466ad,2026-01-26,2,399.24,365,433.48
deec99a3-1ab9-43ae-9f4a-f8ca45d466ad,2026-02-16,5,450,400,511
deec99a3-1ab9-43ae-9f4a-f8ca45d466ad,2026-03-02,4,450,416,455
deec99a3-1ab9-43ae-9f4a-f8ca45d466ad,2026-03-09,5,460,420,528
deec99a3-1ab9-43ae-9f4a-f8ca45d466ad,2026-03-16,1,484.87,484.87,484.87
deec99a3-1ab9-43ae-9f4a-f8ca45d466ad,2026-03-23,3,410,376,431
deec99a3-1ab9-43ae-9f4a-f8ca45d466ad,2026-03-30,1,460,460,460
deec99a3-1ab9-43ae-9f4a-f8ca45d466ad,2026-04-06,2,422.89,400.78,445
deec99a3-1ab9-43ae-9f4a-f8ca45d466ad,2026-04-13,1,509.35,509.35,509.35
deec99a3-1ab9-43ae-9f4a-f8ca45d466ad,2026-04-20,5,475,435,485
deec99a3-1ab9-43ae-9f4a-f8ca45d466ad,2026-05-04,2,447.77,440.54,455
deec99a3-1ab9-43ae-9f4a-f8ca45d466ad,2026-05-11,1,470,470,470
deec99a3-1ab9-43ae-9f4a-f8ca45d466ad,2026-05-18,2,450,420,480
deec99a3-1ab9-43ae-9f4a-f8ca45d466ad,2026-06-01,1,459,459,459
deec99a3-1ab9-43ae-9f4a-f8ca45d466ad,2026-06-08,2,541.59,499,584.18
deec99a3-1ab9-43ae-9f4a-f8ca45d466ad,2026-06-15,1,363.12,363.12,363.12
deec99a3-1ab9-43ae-9f4a-f8ca45d466ad,2026-06-22,6,635.81,395.8,1358
deec99a3-1ab9-43ae-9f4a-f8ca45d466ad,2026-06-29,5,370.56,310,415
deec99a3-1ab9-43ae-9f4a-f8ca45d466ad,2026-07-06,2,251.9,193.8,310
deec99a3-1ab9-43ae-9f4a-f8ca45d466ad,2026-07-13,1,350,350,350
deec99a3-1ab9-43ae-9f4a-f8ca45d466ad,2026-07-27,2,312.59,299.98,325.2
deec99a3-1ab9-43ae-9f4a-f8ca45d466ad,2026-08-03,2,975,425,1525
deec99a3-1ab9-43ae-9f4a-f8ca45d466ad,2026-08-10,4,386.44,373.71,449
deec99a3-1ab9-43ae-9f4a-f8ca45d466ad,2026-08-24,3,444.44,393.57,514
deec99a3-1ab9-43ae-9f4a-f8ca45d466ad,2026-08-31,2,356.4,340.8,372
deed1f52-c622-42ca-98df-413ba2263b48,2022-02-07,2,16.5,7.99,25
deed1f52-c622-42ca-98df-413ba2263b48,2022-02-14,1,13.5,13.5,13.5
deed1f52-c622-42ca-98df-413ba2263b48,2022-07-04,1,12.5,12.5,12.5
deed1f52-c622-42ca-98df-413ba2263b48,2022-10-17,1,28.14,28.14,28.14
deed1f52-c622-42ca-98df-413ba2263b48,2023-04-17,1,13.2,13.2,13.2
deed1f52-c622-42ca-98df-413ba2263b48,2023-06-12,1,1.25,1.25,1.25
deee0a22-0b3c-470c-88aa-898adcfbda2c,2021-12-20,1,12.5,12.5,12.5
deee0a22-0b3c-470c-88aa-898adcfbda2c,2022-05-02,1,33,33,33
def28e46-b84f-41c3-a7b1-21fd80c29c00,2021-11-15,1,250,250,250
def28e46-b84f-41c3-a7b1-21fd80c29c00,2023-06-12,1,212.5,212.5,212.5
def28e46-b84f-41c3-a7b1-21fd80c29c00,2023-06-19,1,169.04,169.04,169.04
def28e46-b84f-41c3-a7b1-21fd80c29c00,2023-08-14,1,249.99,249.99,249.99
def28e46-b84f-41c3-a7b1-21fd80c29c00,2023-11-13,1,131.29,131.29,131.29
def4d458-8f5c-4551-800e-fa2ed0a597ae,2024-03-04,1,30,30,30
def4d458-8f5c-4551-800e-fa2ed0a597ae,2025-02-24,1,29.95,29.95,29.95
def4d458-8f5c-4551-800e-fa2ed0a597ae,2026-08-24,1,150,150,150
def6fe30-1350-4883-ac56-de01f405ba31,2021-07-12,1,180,180,180
def6fe30-1350-4883-ac56-de01f405ba31,2021-08-23,1,89,89,89
def6fe30-1350-4883-ac56-de01f405ba31,2021-12-13,1,1675,1675,1675
def6fe30-1350-4883-ac56-de01f405ba31,2021-12-20,1,56,56,56
def6fe30-1350-4883-ac56-de01f405ba31,2022-03-21,2,76.25,34,118.5
def6fe30-1350-4883-ac56-de01f405ba31,2022-04-11,1,93.06,93.06,93.06
def6fe30-1350-4883-ac56-de01f405ba31,2022-08-01,1,157.5,157.5,157.5
def6fe30-1350-4883-ac56-de01f405ba31,2022-08-29,1,74.4,74.4,74.4
def6fe30-1350-4883-ac56-de01f405ba31,2022-11-14,1,175,175,175
def6fe30-1350-4883-ac56-de01f405ba31,2022-11-28,1,56.4,56.4,56.4
def6fe30-1350-4883-ac56-de01f405ba31,2023-03-06,1,52.51,52.51,52.51
def6fe30-1350-4883-ac56-de01f405ba31,2023-03-20,1,109.82,109.82,109.82
def6fe30-1350-4883-ac56-de01f405ba31,2023-04-24,1,98.04,98.04,98.04
def6fe30-1350-4883-ac56-de01f405ba31,2023-05-29,2,98.75,95,102.5
def6fe30-1350-4883-ac56-de01f405ba31,2023-07-17,1,69.78,69.78,69.78
def6fe30-1350-4883-ac56-de01f405ba31,2023-12-11,1,64,64,64
def6fe30-1350-4883-ac56-de01f405ba31,2023-12-18,1,175,175,175
def6fe30-1350-4883-ac56-de01f405ba31,2024-04-01,1,55.2,55.2,55.2
def6fe30-1350-4883-ac56-de01f405ba31,2024-04-08,1,86,86,86
def6fe30-1350-4883-ac56-de01f405ba31,2024-06-03,1,64.8,64.8,64.8
def6fe30-1350-4883-ac56-de01f405ba31,2024-06-10,1,91,91,91
def6fe30-1350-4883-ac56-de01f405ba31,2024-07-15,1,78,78,78
def6fe30-1350-4883-ac56-de01f405ba31,2024-07-22,1,89.99,89.99,89.99
def6fe30-1350-4883-ac56-de01f405ba31,2024-09-09,1,189.95,189.95,189.95
def6fe30-1350-4883-ac56-de01f405ba31,2024-09-16,1,68.87,68.87,68.87
def6fe30-1350-4883-ac56-de01f405ba31,2024-10-21,1,90,90,90
def6fe30-1350-4883-ac56-de01f405ba31,2025-02-03,1,100,100,100
def6fe30-1350-4883-ac56-de01f405ba31,2025-02-10,1,84,84,84
def6fe30-1350-4883-ac56-de01f405ba31,2025-02-17,1,244.99,244.99,244.99
def6fe30-1350-4883-ac56-de01f405ba31,2025-06-02,1,199.99,199.99,199.99
def6fe30-1350-4883-ac56-de01f405ba31,2025-07-21,2,237,210,264
def6fe30-1350-4883-ac56-de01f405ba31,2025-10-13,2,230.5,204,256.99
def6fe30-1350-4883-ac56-de01f405ba31,2025-12-15,1,234.99,234.99,234.99
def6fe30-1350-4883-ac56-de01f405ba31,2026-02-02,2,324.85,275,374.69
def6fe30-1350-4883-ac56-de01f405ba31,2026-02-16,1,344,344,344
def6fe30-1350-4883-ac56-de01f405ba31,2026-03-09,1,450,450,450
def6fe30-1350-4883-ac56-de01f405ba31,2026-04-20,2,553.42,516.85,590
def6fe30-1350-4883-ac56-de01f405ba31,2026-05-04,1,565,565,565
def6fe30-1350-4883-ac56-de01f405ba31,2026-05-25,1,691,691,691
def6fe30-1350-4883-ac56-de01f405ba31,2026-07-13,1,456,456,456
def6fe30-1350-4883-ac56-de01f405ba31,2026-08-03,1,610,610,610
def6fe30-1350-4883-ac56-de01f405ba31,2026-08-31,1,800,800,800
def733b3-fe39-444d-8c23-7e4fc2feb85c,2021-03-01,1,1350,1350,1350
def733b3-fe39-444d-8c23-7e4fc2feb85c,2025-10-06,1,8000,8000,8000
def733b3-fe39-444d-8c23-7e4fc2feb85c,2026-04-27,1,10800,10800,10800
def78ea3-d9f8-4aad-a8b6-edf9b05b497d,2021-03-15,1,200,200,200
def78ea3-d9f8-4aad-a8b6-edf9b05b497d,2021-05-24,1,107.55,107.55,107.55
def78ea3-d9f8-4aad-a8b6-edf9b05b497d,2021-06-21,1,81,81,81
def78ea3-d9f8-4aad-a8b6-edf9b05b497d,2021-07-05,1,122.5,122.5,122.5
def78ea3-d9f8-4aad-a8b6-edf9b05b497d,2021-07-26,1,115,115,115
def78ea3-d9f8-4aad-a8b6-edf9b05b497d,2021-08-02,1,160,160,160
def78ea3-d9f8-4aad-a8b6-edf9b05b497d,2021-09-13,1,75,75,75
def78ea3-d9f8-4aad-a8b6-edf9b05b497d,2021-09-20,1,90.52,90.52,90.52
def78ea3-d9f8-4aad-a8b6-edf9b05b497d,2021-10-04,2,109.5,69,149.99
def78ea3-d9f8-4aad-a8b6-edf9b05b497d,2021-10-25,1,41,41,41
def78ea3-d9f8-4aad-a8b6-edf9b05b497d,2021-11-01,2,62.5,55,70
def78ea3-d9f8-4aad-a8b6-edf9b05b497d,2021-11-08,1,66,66,66
def78ea3-d9f8-4aad-a8b6-edf9b05b497d,2021-11-29,1,130.41,130.41,130.41
def78ea3-d9f8-4aad-a8b6-edf9b05b497d,2021-12-06,3,81,42.51,99
def78ea3-d9f8-4aad-a8b6-edf9b05b497d,2021-12-13,2,63,60,66
def78ea3-d9f8-4aad-a8b6-edf9b05b497d,2022-01-17,2,66.5,61,72
def78ea3-d9f8-4aad-a8b6-edf9b05b497d,2022-01-24,1,105,105,105
def78ea3-d9f8-4aad-a8b6-edf9b05b497d,2022-02-21,1,87,87,87
def78ea3-d9f8-4aad-a8b6-edf9b05b497d,2022-03-07,1,64.8,64.8,64.8
def78ea3-d9f8-4aad-a8b6-edf9b05b497d,2022-03-14,2,72.7,56.4,89
def78ea3-d9f8-4aad-a8b6-edf9b05b497d,2022-03-21,2,65.71,51.42,80
def78ea3-d9f8-4aad-a8b6-edf9b05b497d,2022-04-04,1,89,89,89
def78ea3-d9f8-4aad-a8b6-edf9b05b497d,2022-04-11,1,114.12,114.12,114.12
def78ea3-d9f8-4aad-a8b6-edf9b05b497d,2022-04-18,1,81.03,81.03,81.03
def78ea3-d9f8-4aad-a8b6-edf9b05b497d,2022-04-25,1,130.4,130.4,130.4
def78ea3-d9f8-4aad-a8b6-edf9b05b497d,2022-05-30,1,73.75,73.75,73.75
def78ea3-d9f8-4aad-a8b6-edf9b05b497d,2022-07-11,3,50,46,84
def78ea3-d9f8-4aad-a8b6-edf9b05b497d,2022-07-18,1,57.69,57.69,57.69
def78ea3-d9f8-4aad-a8b6-edf9b05b497d,2022-08-01,1,83,83,83
def78ea3-d9f8-4aad-a8b6-edf9b05b497d,2022-08-22,1,75,75,75
def78ea3-d9f8-4aad-a8b6-edf9b05b497d,2022-09-05,1,45.6,45.6,45.6
def78ea3-d9f8-4aad-a8b6-edf9b05b497d,2022-09-12,1,79.99,79.99,79.99
def78ea3-d9f8-4aad-a8b6-edf9b05b497d,2022-10-17,1,37.2,37.2,37.2
def78ea3-d9f8-4aad-a8b6-edf9b05b497d,2022-10-24,1,97.99,97.99,97.99
def78ea3-d9f8-4aad-a8b6-edf9b05b497d,2022-12-12,1,90,90,90
def78ea3-d9f8-4aad-a8b6-edf9b05b497d,2022-12-26,1,75,75,75
def78ea3-d9f8-4aad-a8b6-edf9b05b497d,2023-02-06,1,120.77,120.77,120.77
def78ea3-d9f8-4aad-a8b6-edf9b05b497d,2023-05-22,1,91.2,91.2,91.2
def78ea3-d9f8-4aad-a8b6-edf9b05b497d,2023-06-19,1,63.74,63.74,63.74
def78ea3-d9f8-4aad-a8b6-edf9b05b497d,2023-06-26,1,100.94,100.94,100.94
def78ea3-d9f8-4aad-a8b6-edf9b05b497d,2023-07-10,1,43,43,43
def78ea3-d9f8-4aad-a8b6-edf9b05b497d,2023-07-17,1,68.9,68.9,68.9
def78ea3-d9f8-4aad-a8b6-edf9b05b497d,2023-08-07,1,40,40,40
def78ea3-d9f8-4aad-a8b6-edf9b05b497d,2023-09-18,1,133.89,133.89,133.89
def78ea3-d9f8-4aad-a8b6-edf9b05b497d,2023-11-06,1,75,75,75
def78ea3-d9f8-4aad-a8b6-edf9b05b497d,2023-11-20,1,49.99,49.99,49.99
def78ea3-d9f8-4aad-a8b6-edf9b05b497d,2024-03-04,1,75,75,75
def78ea3-d9f8-4aad-a8b6-edf9b05b497d,2024-04-29,2,84.62,54.24,115
def78ea3-d9f8-4aad-a8b6-edf9b05b497d,2024-05-06,1,136,136,136
def78ea3-d9f8-4aad-a8b6-edf9b05b497d,2024-05-20,2,75.55,62.1,89
def78ea3-d9f8-4aad-a8b6-edf9b05b497d,2024-06-24,1,135,135,135
def78ea3-d9f8-4aad-a8b6-edf9b05b497d,2024-08-26,1,124.99,124.99,124.99
def78ea3-d9f8-4aad-a8b6-edf9b05b497d,2024-11-04,1,150,150,150
def78ea3-d9f8-4aad-a8b6-edf9b05b497d,2024-11-11,3,138,119.95,151.55
def78ea3-d9f8-4aad-a8b6-edf9b05b497d,2025-01-20,1,140,140,140
def78ea3-d9f8-4aad-a8b6-edf9b05b497d,2025-03-17,1,145.99,145.99,145.99
def78ea3-d9f8-4aad-a8b6-edf9b05b497d,2025-08-18,1,127,127,127
def78ea3-d9f8-4aad-a8b6-edf9b05b497d,2025-10-13,1,250,250,250
def78ea3-d9f8-4aad-a8b6-edf9b05b497d,2025-10-20,1,225,225,225
def78ea3-d9f8-4aad-a8b6-edf9b05b497d,2025-10-27,1,150,150,150
def78ea3-d9f8-4aad-a8b6-edf9b05b497d,2025-11-17,1,185,185,185
def78ea3-d9f8-4aad-a8b6-edf9b05b497d,2025-12-15,1,224.99,224.99,224.99
def78ea3-d9f8-4aad-a8b6-edf9b05b497d,2025-12-22,1,222,222,222
def78ea3-d9f8-4aad-a8b6-edf9b05b497d,2026-02-09,1,147.5,147.5,147.5
def78ea3-d9f8-4aad-a8b6-edf9b05b497d,2026-03-16,1,210,210,210
def78ea3-d9f8-4aad-a8b6-edf9b05b497d,2026-05-25,1,275,275,275
def78ea3-d9f8-4aad-a8b6-edf9b05b497d,2026-06-01,1,250,250,250
def78ea3-d9f8-4aad-a8b6-edf9b05b497d,2026-06-08,1,321.74,321.74,321.74
def78ea3-d9f8-4aad-a8b6-edf9b05b497d,2026-07-20,1,276,276,276
def78ea3-d9f8-4aad-a8b6-edf9b05b497d,2026-08-03,1,420,420,420
def78ea3-d9f8-4aad-a8b6-edf9b05b497d,2026-08-31,1,615,615,615
def78ea3-d9f8-4aad-a8b6-edf9b05b497d,2026-09-07,1,288,288,288
defb37e9-6f32-41bf-b6d2-7687866c88d9,2021-04-26,1,19,19,19
defb37e9-6f32-41bf-b6d2-7687866c88d9,2023-01-02,1,14.99,14.99,14.99
defb37e9-6f32-41bf-b6d2-7687866c88d9,2023-11-20,1,6.5,6.5,6.5
