asset_id,date,price,source,sale_type,status,outlier,url
0a650c50-65b0-4d42-8e4f-d4470f85c193,2026-09-14,1441.85,eBay,BUY_IT_NOW,ok,0,https://www.ebay.com/itm/398253707249
0a650c50-65b0-4d42-8e4f-d4470f85c193,2026-09-07,1275,eBay,BUY_IT_NOW,ok,0,https://www.ebay.com/itm/168633325265
0a650c50-65b0-4d42-8e4f-d4470f85c193,2026-09-05,809.99,eBay,AUCTION,ok,0,https://www.ebay.com/itm/298616321926
0a650c50-65b0-4d42-8e4f-d4470f85c193,2026-08-16,780,PWCC Weekly Auctions,AUCTION,ok,0,https://www.fanaticscollect.com/weekly/a616c8a0-923b-11f1-8dca-02fff39530e1
0a650c50-65b0-4d42-8e4f-d4470f85c193,2026-07-23,854,Goldin Auctions,AUCTION,ok,0,https://goldin.co/item/2015-pokemon-xy-roaring-skies-holo-59-m-latios-ex-psa-gem-mt-10ang5z
0a650c50-65b0-4d42-8e4f-d4470f85c193,2026-06-26,900,eBay,BEST_OFFER,ok,0,https://www.ebay.com/itm/137442265775
0a650c50-65b0-4d42-8e4f-d4470f85c193,2026-06-09,920,eBay,AUCTION,ok,0,https://www.ebay.com/itm/278055002877
0a650c50-65b0-4d42-8e4f-d4470f85c193,2026-06-01,1125,eBay,AUCTION,ok,0,https://www.ebay.com/itm/117213690394
0a650c50-65b0-4d42-8e4f-d4470f85c193,2026-05-29,710,eBay,AUCTION,ok,0,https://www.ebay.com/itm/306956216294
0a650c50-65b0-4d42-8e4f-d4470f85c193,2026-05-12,987.18,eBay,BEST_OFFER,ok,0,https://www.ebay.com/itm/188273140190
0ae3f561-f101-4142-b252-ef1a42d2dfc3,2026-09-09,2125,eBay,AUCTION,ok,0,https://www.ebay.com/itm/188872212808
0ae3f561-f101-4142-b252-ef1a42d2dfc3,2026-09-06,1810,eBay,AUCTION,ok,0,https://www.ebay.com/itm/278307810648
0ae3f561-f101-4142-b252-ef1a42d2dfc3,2026-09-03,1176.16,eBay,AUCTION,ok,0,https://www.ebay.com/itm/158225992912
0ae3f561-f101-4142-b252-ef1a42d2dfc3,2026-07-29,1500,eBay,BEST_OFFER,ok,0,https://www.ebay.com/itm/278185855208
0ae3f561-f101-4142-b252-ef1a42d2dfc3,2026-07-04,1748.85,eBay,BEST_OFFER,ok,0,https://www.ebay.com/itm/147410392756
0ae3f561-f101-4142-b252-ef1a42d2dfc3,2026-06-20,1632.64,eBay,AUCTION,ok,0,https://www.ebay.com/itm/206343180206
0ae3f561-f101-4142-b252-ef1a42d2dfc3,2026-06-04,960,Alt,AUCTION,ok,0,https://alt.xyz/exchange/select-listing?ids=651e268e-7afb-4f85-a348-933b73cedd24
0ae3f561-f101-4142-b252-ef1a42d2dfc3,2026-05-24,1140,PWCC Weekly Auctions,AUCTION,ok,0,https://www.fanaticscollect.com/weekly/c8841494-4969-11f1-9aae-065f2658d381
0ae3f561-f101-4142-b252-ef1a42d2dfc3,2026-05-19,1550,eBay,BUY_IT_NOW,ok,0,https://www.ebay.com/itm/366404621704
0ae3f561-f101-4142-b252-ef1a42d2dfc3,2026-05-17,1675,eBay,AUCTION,ok,0,https://www.ebay.com/itm/227334407986
0ad94292-88c3-4b30-aa80-608fc6efd72d,2026-09-14,499.99,eBay,BUY_IT_NOW,ok,0,https://www.ebay.com/itm/117305693053
0ad94292-88c3-4b30-aa80-608fc6efd72d,2026-09-11,299,eBay,BUY_IT_NOW,ok,0,https://www.ebay.com/itm/298626570254
0ad94292-88c3-4b30-aa80-608fc6efd72d,2026-09-09,390,eBay,AUCTION,ok,0,https://www.ebay.com/itm/278336791467
0ad94292-88c3-4b30-aa80-608fc6efd72d,2026-09-06,299.99,eBay,BUY_IT_NOW,ok,0,https://www.ebay.com/itm/298509980244
0ad94292-88c3-4b30-aa80-608fc6efd72d,2026-09-04,335,eBay,BUY_IT_NOW,ok,0,https://www.ebay.com/itm/267771557448
0ad94292-88c3-4b30-aa80-608fc6efd72d,2026-09-04,296.77,eBay,BUY_IT_NOW,ok,0,https://www.ebay.com/itm/137683026820
0ad94292-88c3-4b30-aa80-608fc6efd72d,2026-09-04,270,eBay,BEST_OFFER,ok,0,https://www.ebay.com/itm/407179128279
0ad94292-88c3-4b30-aa80-608fc6efd72d,2026-09-03,290,eBay,AUCTION,ok,0,https://www.ebay.com/itm/128051416869
0ad94292-88c3-4b30-aa80-608fc6efd72d,2026-09-02,204,eBay,AUCTION,ok,0,https://www.ebay.com/itm/800564525038
0ad94292-88c3-4b30-aa80-608fc6efd72d,2026-09-02,181.1,eBay,AUCTION,ok,0,https://www.ebay.com/itm/366630583926
0aa8b3cc-d579-4bdc-afae-281f4e5bbd84,2026-04-26,104.19,eBay,AUCTION,ok,0,https://www.ebay.com/itm/287278126259
0aa8b3cc-d579-4bdc-afae-281f4e5bbd84,2026-04-04,90,eBay,BUY_IT_NOW,ok,0,https://www.ebay.com/itm/287253472496
0aa8b3cc-d579-4bdc-afae-281f4e5bbd84,2026-01-28,66,eBay,AUCTION,ok,0,https://www.ebay.com/itm/267553266385
0aa8b3cc-d579-4bdc-afae-281f4e5bbd84,2026-01-24,90,eBay,BEST_OFFER,ok,0,https://www.ebay.com/itm/406628000579
0aa8b3cc-d579-4bdc-afae-281f4e5bbd84,2025-12-29,50,eBay,BEST_OFFER,ok,0,https://www.ebay.com/itm/287039816358
0aa8b3cc-d579-4bdc-afae-281f4e5bbd84,2025-12-21,65,eBay,BEST_OFFER,RELISTED,0,https://www.ebay.com/itm/287021906746
0aa8b3cc-d579-4bdc-afae-281f4e5bbd84,2025-11-16,59.26,eBay,BUY_IT_NOW,ok,0,https://www.ebay.com/itm/116642874715
0aa8b3cc-d579-4bdc-afae-281f4e5bbd84,2025-01-10,86.11,eBay,BUY_IT_NOW,ok,0,https://www.ebay.com/itm/Pinsir-PSA-10-Pokemon-card-25-64-Jungle-Set-Rare-Non-Holo-1999-WOTC-GEM-MINT-/335765535204
0aa8b3cc-d579-4bdc-afae-281f4e5bbd84,2024-09-21,41.5,eBay,AUCTION,ok,0,https://www.ebay.com/itm/1999-POKEMON-JUNGLE-25-PINSIR-PSA-10-/305781388338
0aa8b3cc-d579-4bdc-afae-281f4e5bbd84,2024-07-16,25,eBay,AUCTION,ok,0,https://www.ebay.com/itm/1999-POKEMON-JUNGLE-25-PINSIR-PSA-10-GEM-MINT-/186562664820
0a058fa8-640e-4f38-970b-4f1de17c577d,2026-03-18,1780.88,eBay,AUCTION,ok,0,https://www.ebay.com/itm/366264504853
0a058fa8-640e-4f38-970b-4f1de17c577d,2025-07-27,540,PWCC Weekly Auctions,AUCTION,ok,0,https://www.fanaticscollect.com/weekly/92cd2bde-60f2-11f0-a987-0aa5e1454991
0a058fa8-640e-4f38-970b-4f1de17c577d,2025-02-16,378.54,eBay,AUCTION,RELISTED,0,https://www.ebay.com/itm/PSA-10-Gem-Mint-Houndoom-Reverse-Holo-Foil-15-147-Pokemon-Aquapolis-Card-/186941699005
0a058fa8-640e-4f38-970b-4f1de17c577d,2024-04-12,375.59,eBay,BEST_OFFER,ok,0,https://www.ebay.com/itm/PSA-10-Gem-Mint-Houndoom-Reverse-Holo-Foil-15-147-Pokemon-Aquapolis-Card-/186386116770
0a058fa8-640e-4f38-970b-4f1de17c577d,2023-10-03,399.99,eBay,BUY_IT_NOW,ok,0,https://www.ebay.com/itm/PSA-10-GEM-MINT-Houndoom-15-147-REVERSE-HOLO-Aquapolis-Pokemon-Card-061-/314569657596
0a058fa8-640e-4f38-970b-4f1de17c577d,2023-10-01,252.65,eBay,AUCTION,ok,0,https://www.ebay.com/itm/PSA-10-2003-Pokemon-Aquapolis-15-Houndoom-Reverse-Holo-/404511958339
0a058fa8-640e-4f38-970b-4f1de17c577d,2023-02-24,400,eBay,BEST_OFFER,ok,0,https://www.ebay.com/itm/Pokemon-Aquapolis-Houndoom-Reverse-Foil-15-GEM-MT-PSA-10-/394399567714
0a058fa8-640e-4f38-970b-4f1de17c577d,2021-08-18,280,eBay,BEST_OFFER,ok,0,https://www.ebay.com/itm/Pokemon-PSA-10-Houndoom-Reverse-Holo-Aquapolis-15-147-/403002329991
0a058fa8-640e-4f38-970b-4f1de17c577d,2021-05-29,270,eBay,AUCTION,ok,0,https://www.ebay.com/itm/Pokemon-PSA-10-Houndoom-Reverse-Holo-Aquapolis-15-147-/402865438036
0a058fa8-640e-4f38-970b-4f1de17c577d,2021-04-29,350,eBay,BUY_IT_NOW,ok,0,https://www.ebay.com/itm/Houndoom-PSA-10-Reverse-Holo-2003-Pokemon-Aquapolis-English-/174747574539
0aed5108-8393-49f9-8a7b-3b05ff9b9f5a,2026-08-21,440,eBay,BEST_OFFER,ok,0,https://www.ebay.com/itm/275590306039
0aed5108-8393-49f9-8a7b-3b05ff9b9f5a,2026-05-04,299.99,eBay,BUY_IT_NOW,ok,0,https://www.ebay.com/itm/366225315915
0aed5108-8393-49f9-8a7b-3b05ff9b9f5a,2025-11-30,152.5,eBay,AUCTION,ok,0,https://www.ebay.com/itm/306621737848
0aed5108-8393-49f9-8a7b-3b05ff9b9f5a,2025-07-08,84.99,eBay,BEST_OFFER,ok,0,https://www.ebay.com/itm/176648447082
0aed5108-8393-49f9-8a7b-3b05ff9b9f5a,2025-06-17,50,eBay,BUY_IT_NOW,ok,0,https://www.ebay.com/itm/286410029814
0aed5108-8393-49f9-8a7b-3b05ff9b9f5a,2024-09-04,24.5,eBay,AUCTION,ok,0,https://www.ebay.com/itm/2016-Pokemon-XY-Black-Star-Promo-Battle-Heart-Tins-Volcanion-Ex-PSA-10-/387337771249
0aed5108-8393-49f9-8a7b-3b05ff9b9f5a,2023-12-17,22.73,eBay,AUCTION,ok,0,https://www.ebay.com/itm/Pokemon-Volcanion-EX-Battle-Heart-XY-Black-Star-Promo-XY173-PSA-10-Gem-Mint-/285596718246
0aed5108-8393-49f9-8a7b-3b05ff9b9f5a,2022-08-18,26.99,eBay,BEST_OFFER,ok,0,https://www.ebay.com/itm/Pokemon-XY-Black-Star-Promo-Volcanion-EX-XY173-PSA-10-/284934358800
0aed5108-8393-49f9-8a7b-3b05ff9b9f5a,2022-04-25,50,eBay,BUY_IT_NOW,ok,0,https://www.ebay.com/itm/PSA-10-2016-Pokemon-XY-Black-Star-Promo-XY173-Volcanion-EX-Battle-Heart-Tins-/224932820198
0aed5108-8393-49f9-8a7b-3b05ff9b9f5a,2021-05-09,55,eBay,BEST_OFFER,ok,0,https://www.ebay.com/itm/Pokemon-VOLCANION-EX-card-XY173-X-Y-Ultra-Rare-Holo-Promo-PSA-10-/353445366583
0af2f7ef-2e43-4513-8706-3859d3245c01,2026-09-09,134,Heritage Auctions,AUCTION,ok,0,https://comics.ha.com/itm/memorabilia/trading-cards/pokemon-quilava-015-japanese-1st-edition-e-starter-deck-psa-trading-card-game-gem-mint-10-the-pokemon-company-2001-/p/332636-30017.s?type=DA-DMC-AltPlatform-TradingCardGames-332636-09022026
0af2f7ef-2e43-4513-8706-3859d3245c01,2026-07-18,186.5,eBay,AUCTION,ok,0,https://www.ebay.com/itm/307055189139
0af2f7ef-2e43-4513-8706-3859d3245c01,2026-05-16,199.5,eBay,AUCTION,ok,0,https://www.ebay.com/itm/298300361029
0af2f7ef-2e43-4513-8706-3859d3245c01,2026-05-01,157.5,eBay,AUCTION,ok,0,https://www.ebay.com/itm/306898775721
0af2f7ef-2e43-4513-8706-3859d3245c01,2026-04-21,191.38,eBay,AUCTION,ok,0,https://www.ebay.com/itm/306878525996
0af2f7ef-2e43-4513-8706-3859d3245c01,2026-04-18,129.13,eBay,BUY_IT_NOW,ok,0,https://www.ebay.com/itm/236758829991
0af2f7ef-2e43-4513-8706-3859d3245c01,2026-04-12,126,PWCC Weekly Auctions,AUCTION,ok,0,https://www.fanaticscollect.com/weekly/16c3c2dc-2307-11f1-8797-0a8ae697f177
0af2f7ef-2e43-4513-8706-3859d3245c01,2026-03-03,60,eBay,BEST_OFFER,ok,0,https://www.ebay.com/itm/127716427378
0af2f7ef-2e43-4513-8706-3859d3245c01,2025-08-07,59.51,eBay,AUCTION,ok,0,https://www.ebay.com/itm/306423122939
0af2f7ef-2e43-4513-8706-3859d3245c01,2025-07-09,65.3,eBay,BEST_OFFER,ok,0,https://www.ebay.com/itm/267267520408
0ab1ff41-1edf-4441-842b-6a82f5bea654,2026-09-17,810,eBay,AUCTION,ok,0,https://www.ebay.com/itm/366660808275
0ab1ff41-1edf-4441-842b-6a82f5bea654,2026-09-14,835.39,CardHobby,AUCTION,ok,0,https://www.cardhobby.com/#/carddetails/134508751
0ab1ff41-1edf-4441-842b-6a82f5bea654,2026-09-13,810,PWCC Weekly Auctions,AUCTION,ok,0,https://www.fanaticscollect.com/weekly/3760853c-a586-11f1-bb0d-065d41047819
0ab1ff41-1edf-4441-842b-6a82f5bea654,2026-09-12,644.67,CardHobby,AUCTION,ok,0,https://www.cardhobby.com/#/carddetails/134173242
0ab1ff41-1edf-4441-842b-6a82f5bea654,2026-09-11,800,eBay,BUY_IT_NOW,ok,0,https://www.ebay.com/itm/298657887632
0ab1ff41-1edf-4441-842b-6a82f5bea654,2026-09-04,850,eBay,BEST_OFFER,ok,0,https://www.ebay.com/itm/147507998532
0ab1ff41-1edf-4441-842b-6a82f5bea654,2026-09-04,820,eBay,AUCTION,ok,0,https://www.ebay.com/itm/117380439066
0ab1ff41-1edf-4441-842b-6a82f5bea654,2026-09-04,808,eBay,BEST_OFFER,ok,0,https://www.ebay.com/itm/407119022079
0ab1ff41-1edf-4441-842b-6a82f5bea654,2026-09-02,940,PWCC Fixed Price,BEST_OFFER,ok,0,https://www.fanaticscollect.com/buy-now/7863e6f2-6cc9-46af-bd5a-bd4dc326fd34
0ab1ff41-1edf-4441-842b-6a82f5bea654,2026-08-23,786,eBay,AUCTION,ok,0,https://www.ebay.com/itm/298589492104
0aa5718e-b722-47a7-a4dd-e70e98adb34a,2026-09-08,704,eBay,AUCTION,ok,0,https://www.ebay.com/itm/178448542514
0aa5718e-b722-47a7-a4dd-e70e98adb34a,2026-09-06,610,eBay,AUCTION,ok,0,https://www.ebay.com/itm/278307691453
0aa5718e-b722-47a7-a4dd-e70e98adb34a,2026-09-04,630,Alt,AUCTION,ok,0,https://alt.xyz/exchange/select-listing?ids=8d012de4-0bf6-413d-b0ef-988ec0d7faa0
0aa5718e-b722-47a7-a4dd-e70e98adb34a,2026-08-30,780,PWCC Weekly Auctions,AUCTION,ok,0,https://www.fanaticscollect.com/weekly/5711b736-9ba2-11f1-9bed-0a58a9feac02
0aa5718e-b722-47a7-a4dd-e70e98adb34a,2026-08-30,699,eBay,AUCTION,ok,0,https://www.ebay.com/itm/307140134423
0aa5718e-b722-47a7-a4dd-e70e98adb34a,2026-08-06,675,eBay,BEST_OFFER,ok,0,https://www.ebay.com/itm/278182309119
0aa5718e-b722-47a7-a4dd-e70e98adb34a,2026-06-13,705,PWCC Fixed Price,BEST_OFFER,ok,0,https://www.fanaticscollect.com/buy-now/fa5d3280-e1ec-4e8d-83ba-9aeeadada9f9
0aa5718e-b722-47a7-a4dd-e70e98adb34a,2026-06-07,667,eBay,AUCTION,ok,0,https://www.ebay.com/itm/306972403693
0aa5718e-b722-47a7-a4dd-e70e98adb34a,2026-06-04,710.4,Alt,AUCTION,ok,0,https://alt.xyz/exchange/select-listing?ids=c3071b89-1d98-4dd3-a9e5-226e54ac1e0f
0aa5718e-b722-47a7-a4dd-e70e98adb34a,2026-05-24,576,PWCC Weekly Auctions,AUCTION,ok,0,https://www.fanaticscollect.com/weekly/f61dfd66-4982-11f1-a3c1-0a58a9feac02
0aabb684-74e1-4466-8928-deb02cea18b5,2026-07-22,109,eBay,BEST_OFFER,ok,0,https://www.ebay.com/itm/366504534224
0aabb684-74e1-4466-8928-deb02cea18b5,2026-06-22,84,eBay,AUCTION,ok,0,https://www.ebay.com/itm/366486902103
0aabb684-74e1-4466-8928-deb02cea18b5,2026-06-16,102.5,eBay,AUCTION,ok,0,https://www.ebay.com/itm/366473455596
0aabb684-74e1-4466-8928-deb02cea18b5,2025-03-01,138.51,eBay,BUY_IT_NOW,ok,0,https://www.ebay.com/itm/2019-Quick-Ball-Shield-074-060-UR-Japanese-Pokemon-Holo-PSA-10-/396121189583
0aabb684-74e1-4466-8928-deb02cea18b5,2024-12-24,129.89,eBay,BUY_IT_NOW,ok,0,https://www.ebay.com/itm/Carte-Pokemon-Quick-Ball-PSA-10-074-060-Sword-Shield-Era-S1H-Japonais-JAP-/335380313935
0aabb684-74e1-4466-8928-deb02cea18b5,2024-10-10,15.5,eBay,AUCTION,ok,0,https://www.ebay.com/itm/2019-Pokemon-Quick-Ball-Japanese-074-060-PSA-10-/305819858163
0aabb684-74e1-4466-8928-deb02cea18b5,2024-09-15,24.99,eBay,AUCTION,ok,0,https://www.ebay.com/itm/PSA-10-MINT-Japanese-GOLD-Quick-Ball-Sword-Shield-2019-74-060-Pokemon-/286054907049
0aabb684-74e1-4466-8928-deb02cea18b5,2024-09-08,52.8,PWCC Weekly Auctions,AUCTION,ok,0,https://www.fanaticscollect.com/weekly/184f0cca-5b39-11ef-befa-0a58a9feac02
0aabb684-74e1-4466-8928-deb02cea18b5,2023-08-06,49,eBay,AUCTION,ok,0,https://www.ebay.com/itm/Psa-10-Gem-Mint-Pokemon-s1H-074-060-Quick-Ball-Ultra-Secret-Rare-Swsh-Japanese-/235109834217
0aabb684-74e1-4466-8928-deb02cea18b5,2023-03-12,89,eBay,AUCTION,ok,0,https://www.ebay.com/itm/2019-psa-10-Mint-Japanese-base-sword-shield-full-art-secret-rare-gold-quick-ball-/234921951543
0ab796fb-91df-4b8e-a757-ee743317521f,2026-08-27,3588.88,eBay,BUY_IT_NOW,ok,0,https://www.ebay.com/itm/398240329960
0ab796fb-91df-4b8e-a757-ee743317521f,2026-08-16,2701,eBay,AUCTION,ok,0,https://www.ebay.com/itm/287511097658
0ab796fb-91df-4b8e-a757-ee743317521f,2026-05-31,4600,eBay,BUY_IT_NOW,ok,1,https://www.ebay.com/itm/278019234059
0ab796fb-91df-4b8e-a757-ee743317521f,2026-05-03,3050,eBay,AUCTION,ok,0,https://www.ebay.com/itm/406881959740
0ab796fb-91df-4b8e-a757-ee743317521f,2026-02-25,978.44,Goldin Auctions,AUCTION,ok,0,https://goldin.co/item/1988-nes-nintendo-bump-n-jump-usa-sealed-video-gamedqzg2
0ab796fb-91df-4b8e-a757-ee743317521f,2026-02-21,1000,eBay,BEST_OFFER,ok,0,https://www.ebay.com/itm/115598597598
0ab796fb-91df-4b8e-a757-ee743317521f,2026-02-12,866.4,Alt,AUCTION,ok,0,https://alt.xyz/exchange/select-listing?ids=e2f36c74-fde2-4041-9fba-6e5f3732761a
0ab796fb-91df-4b8e-a757-ee743317521f,2026-01-04,685.56,eBay,AUCTION,ok,0,https://www.ebay.com/itm/136876752046
0ab796fb-91df-4b8e-a757-ee743317521f,2025-10-31,500,eBay,BEST_OFFER,ok,0,https://www.ebay.com/itm/357701061363
0ab796fb-91df-4b8e-a757-ee743317521f,2025-10-19,456,PWCC Weekly Auctions,AUCTION,ok,0,https://www.fanaticscollect.com/weekly/da2ded7a-a4a8-11f0-ba07-0a841c38e715
0a398f69-b58a-4bd9-ba76-64b7f2fb76ee,2026-07-16,259.2,Alt,AUCTION,ok,0,https://alt.xyz/exchange/select-listing?ids=637d367d-b8d9-456f-97e2-37641fb9e6a5
0a398f69-b58a-4bd9-ba76-64b7f2fb76ee,2026-07-08,248.5,eBay,AUCTION,ok,0,https://www.ebay.com/itm/800273853089
0a398f69-b58a-4bd9-ba76-64b7f2fb76ee,2026-06-09,305,eBay,AUCTION,ok,0,https://www.ebay.com/itm/377229096498
0a398f69-b58a-4bd9-ba76-64b7f2fb76ee,2026-04-28,300,PWCC Fixed Price,BEST_OFFER,ok,0,https://www.fanaticscollect.com/buy-now/8887e948-f572-4938-8f14-b3c929b62f03
0a398f69-b58a-4bd9-ba76-64b7f2fb76ee,2026-04-22,295,eBay,BEST_OFFER,ok,0,https://www.ebay.com/itm/366361895095
0a398f69-b58a-4bd9-ba76-64b7f2fb76ee,2026-04-08,680,eBay,BEST_OFFER,ok,0,https://www.ebay.com/itm/267631376832
0a398f69-b58a-4bd9-ba76-64b7f2fb76ee,2026-03-20,199.99,eBay,AUCTION,ok,0,https://www.ebay.com/itm/198172199920
0a398f69-b58a-4bd9-ba76-64b7f2fb76ee,2026-03-15,222,PWCC Weekly Auctions,AUCTION,ok,0,https://www.fanaticscollect.com/weekly/499a38dc-18b5-11f1-ab86-067fe7a4a46b
0a398f69-b58a-4bd9-ba76-64b7f2fb76ee,2026-02-07,185,eBay,AUCTION,ok,0,https://www.ebay.com/itm/227200345368
0a398f69-b58a-4bd9-ba76-64b7f2fb76ee,2026-01-30,225,eBay,BUY_IT_NOW,ok,0,https://www.ebay.com/itm/326970989761
0a1c099e-abc5-491c-8357-fe78469544f9,2026-09-08,2499.98,eBay,BUY_IT_NOW,ok,0,https://www.ebay.com/itm/298368629498
0a1c099e-abc5-491c-8357-fe78469544f9,2026-08-23,1530,PWCC Weekly Auctions,AUCTION,ok,0,https://www.fanaticscollect.com/weekly/d3e92330-973c-11f1-980e-02ffd8a8e0b3
0a1c099e-abc5-491c-8357-fe78469544f9,2026-07-16,1800,Alt,AUCTION,ok,0,https://alt.xyz/exchange/select-listing?ids=cfb6f8be-d62e-43e7-9fc8-8ab0aede4cf8
0a1c099e-abc5-491c-8357-fe78469544f9,2026-06-11,1873.2,Alt,AUCTION,ok,0,https://alt.xyz/exchange/select-listing?ids=366a97bf-91e3-40e6-ae66-d4a311dc62bf
0a1c099e-abc5-491c-8357-fe78469544f9,2026-05-14,1875,Heritage Auctions,AUCTION,ok,0,https://comics.ha.com/itm/memorabilia/trading-cards/pokemon-rainbow-energy-17-1st-edition-team-rocket-psa-trading-card-game-gem-mint-10-wizards-of-the-coast-2000-rare-holo/a/43246-78085.s?type=DA-DMC-AltPlatform-TradingCardGames-43246-05142026
0a1c099e-abc5-491c-8357-fe78469544f9,2026-05-03,1745.82,Goldin Auctions,AUCTION,ok,0,https://goldin.co/item/2000-pokemon-team-rocket-1st-edition-holo-17-rainbow-energy-psa-gem-mtftn0c
0a1c099e-abc5-491c-8357-fe78469544f9,2026-04-08,2075,eBay,AUCTION,ok,0,https://www.ebay.com/itm/366320722927
0a1c099e-abc5-491c-8357-fe78469544f9,2026-03-29,2160,PWCC Weekly Auctions,AUCTION,ok,0,https://www.fanaticscollect.com/weekly/2ad8588a-1eef-11f1-9e24-0a58a9feac02
0a1c099e-abc5-491c-8357-fe78469544f9,2026-03-27,2212.47,eBay,AUCTION,ok,0,https://www.ebay.com/itm/306834145926
0a1c099e-abc5-491c-8357-fe78469544f9,2026-03-18,3299,PWCC Fixed Price,BEST_OFFER,ok,0,https://www.fanaticscollect.com/buy-now/e57f2749-53cf-42c6-94d4-870c175a7474
0a2952a0-9c87-48b8-892a-49eeff738ba2,2026-09-11,77,PWCC Fixed Price,BEST_OFFER,ok,0,https://www.fanaticscollect.com/buy-now/3c72df7b-733a-4a96-afec-2c83e5fcef04
0a2952a0-9c87-48b8-892a-49eeff738ba2,2026-09-10,83.44,CardHobby,AUCTION,ok,0,https://www.cardhobby.com/#/carddetails/133522345
0a2952a0-9c87-48b8-892a-49eeff738ba2,2026-09-09,79.79,eBay,BUY_IT_NOW,ok,0,https://www.ebay.com/itm/137645702934
0a2952a0-9c87-48b8-892a-49eeff738ba2,2026-08-30,60,eBay,BEST_OFFER,ok,0,https://www.ebay.com/itm/206522814008
0a2952a0-9c87-48b8-892a-49eeff738ba2,2026-08-08,59.55,eBay,AUCTION,ok,0,https://www.ebay.com/itm/206456400089
0a2952a0-9c87-48b8-892a-49eeff738ba2,2026-08-07,87.23,eBay,BUY_IT_NOW,ok,0,https://www.ebay.com/itm/137465361736
0a2952a0-9c87-48b8-892a-49eeff738ba2,2026-07-19,64.8,PWCC Weekly Auctions,AUCTION,ok,0,https://www.fanaticscollect.com/weekly/2b6b2c38-7a1f-11f1-85f1-0a488fc7b005
0a2952a0-9c87-48b8-892a-49eeff738ba2,2026-07-19,46.8,PWCC Weekly Auctions,AUCTION,ok,0,https://www.fanaticscollect.com/weekly/2b6f4b92-7a1f-11f1-87f2-0a488fc7b005
0a2952a0-9c87-48b8-892a-49eeff738ba2,2026-06-19,89,eBay,BEST_OFFER,ok,0,https://www.ebay.com/itm/298272279931
0a2952a0-9c87-48b8-892a-49eeff738ba2,2026-06-16,80,eBay,BUY_IT_NOW,ok,0,https://www.ebay.com/itm/377258026250
0a1ebe7d-dda4-48b2-a0f6-7d58f124c98d,2026-08-30,2800,eBay,AUCTION,ok,0,https://www.ebay.com/itm/117372355132
0a1ebe7d-dda4-48b2-a0f6-7d58f124c98d,2026-08-29,2975,eBay,AUCTION,ok,0,https://www.ebay.com/itm/800558973984
0a1ebe7d-dda4-48b2-a0f6-7d58f124c98d,2026-08-14,4750,eBay,AUCTION,ok,1,https://www.ebay.com/itm/307110163440
0a1ebe7d-dda4-48b2-a0f6-7d58f124c98d,2026-07-29,5225,eBay,AUCTION,ok,0,https://www.ebay.com/itm/298522628084
0a1ebe7d-dda4-48b2-a0f6-7d58f124c98d,2026-07-26,4300,eBay,AUCTION,RELISTED,0,https://www.ebay.com/itm/287468567500
0a1ebe7d-dda4-48b2-a0f6-7d58f124c98d,2026-07-12,4100,eBay,AUCTION,RELISTED,0,https://www.ebay.com/itm/287436134177
0a1ebe7d-dda4-48b2-a0f6-7d58f124c98d,2026-06-21,3050,eBay,AUCTION,ok,0,https://www.ebay.com/itm/287384767812
0a1ebe7d-dda4-48b2-a0f6-7d58f124c98d,2026-02-13,624.54,eBay,BEST_OFFER,ok,0,https://www.ebay.com/itm/257324838843
0a1ebe7d-dda4-48b2-a0f6-7d58f124c98d,2026-01-23,598.43,eBay,BEST_OFFER,RELISTED,0,https://www.ebay.com/itm/257222923388
0a1ebe7d-dda4-48b2-a0f6-7d58f124c98d,2026-01-08,510,eBay,AUCTION,ok,0,https://www.ebay.com/itm/389442426823
0ae645d1-3327-42f2-9c84-cacd7db181ea,2026-08-29,2100,eBay,BEST_OFFER,ok,0,https://www.ebay.com/itm/318526237258
0ae645d1-3327-42f2-9c84-cacd7db181ea,2026-06-17,850,eBay,BEST_OFFER,ok,0,https://www.ebay.com/itm/358683711109
0ae645d1-3327-42f2-9c84-cacd7db181ea,2026-05-21,700,eBay,BEST_OFFER,ok,0,https://www.ebay.com/itm/117195898870
0ae645d1-3327-42f2-9c84-cacd7db181ea,2026-04-26,561,eBay,AUCTION,ok,0,https://www.ebay.com/itm/287280534526
0ae645d1-3327-42f2-9c84-cacd7db181ea,2026-04-12,735,eBay,AUCTION,RELISTED,0,https://www.ebay.com/itm/287247660816
0ae645d1-3327-42f2-9c84-cacd7db181ea,2026-04-04,750,eBay,BUY_IT_NOW,ok,0,https://www.ebay.com/itm/306844682394
0ae645d1-3327-42f2-9c84-cacd7db181ea,2026-01-04,344,eBay,AUCTION,ok,0,https://www.ebay.com/itm/287029958173
0ae645d1-3327-42f2-9c84-cacd7db181ea,2025-11-12,338,eBay,AUCTION,ok,0,https://www.ebay.com/itm/116861992465
0ae645d1-3327-42f2-9c84-cacd7db181ea,2025-10-14,380,eBay,BUY_IT_NOW,ok,0,https://www.ebay.com/itm/277371712501
0ae645d1-3327-42f2-9c84-cacd7db181ea,2025-09-09,350,eBay,BEST_OFFER,ok,0,https://www.ebay.com/itm/297599760107
0a646e83-7bd2-4883-8473-979acdf5afee,2026-09-13,580,eBay,AUCTION,ok,0,https://www.ebay.com/itm/287565389190
0a646e83-7bd2-4883-8473-979acdf5afee,2026-08-26,610,eBay,AUCTION,ok,0,https://www.ebay.com/itm/800535988248
0a646e83-7bd2-4883-8473-979acdf5afee,2026-08-08,532.08,CardHobby,AUCTION,ok,0,https://www.cardhobby.com/#/carddetails/127351098
0a646e83-7bd2-4883-8473-979acdf5afee,2026-08-08,519.52,CardHobby,AUCTION,ok,0,https://www.cardhobby.com/#/carddetails/127350937
0a646e83-7bd2-4883-8473-979acdf5afee,2026-07-26,520.01,eBay,AUCTION,ok,0,https://www.ebay.com/itm/117305919898
0a646e83-7bd2-4883-8473-979acdf5afee,2026-07-26,510.01,eBay,AUCTION,ok,0,https://www.ebay.com/itm/117309304286
0a646e83-7bd2-4883-8473-979acdf5afee,2026-07-12,705,eBay,AUCTION,ok,0,https://www.ebay.com/itm/287433884676
0a646e83-7bd2-4883-8473-979acdf5afee,2026-06-14,908,eBay,AUCTION,ok,0,https://www.ebay.com/itm/298376899339
0a646e83-7bd2-4883-8473-979acdf5afee,2026-06-11,914,eBay,BEST_OFFER,ok,0,https://www.ebay.com/itm/117241780129
0a646e83-7bd2-4883-8473-979acdf5afee,2026-05-31,690,PWCC Weekly Auctions,AUCTION,ok,0,https://www.fanaticscollect.com/weekly/2028d874-5612-11f1-960a-0259a6df3a4f
0a9a119d-3b2b-4682-822c-48b51d479cb3,2026-08-05,835,eBay,AUCTION,ok,0,https://www.ebay.com/itm/800430294297
0a9a119d-3b2b-4682-822c-48b51d479cb3,2026-04-21,500,eBay,BEST_OFFER,ok,0,https://www.ebay.com/itm/298105609757
0a9a119d-3b2b-4682-822c-48b51d479cb3,2026-02-14,411.23,eBay,AUCTION,ok,0,https://www.ebay.com/itm/376950008879
0a9a119d-3b2b-4682-822c-48b51d479cb3,2025-08-14,350,eBay,BUY_IT_NOW,ok,0,https://www.ebay.com/itm/235231190695
0a9a119d-3b2b-4682-822c-48b51d479cb3,2025-01-24,115,eBay,BUY_IT_NOW,ok,0,https://www.ebay.com/itm/1997-POCKET-MONSTERS-CARDDASS-128-TAUROS-PSA-10-/306057392778
0a9a119d-3b2b-4682-822c-48b51d479cb3,2025-01-21,88.78,eBay,AUCTION,ok,0,https://www.ebay.com/itm/1997-POCKET-MONSTERS-CARDDASS-128-TAUROS-PSA-10-/306039437829
0a9a119d-3b2b-4682-822c-48b51d479cb3,2024-08-13,110.5,eBay,AUCTION,ok,0,https://www.ebay.com/itm/1997-Pocket-Monsters-Carddass-Pokemon-128-Tauros-PSA-10-GEM-MINT-/375577127812
0a9a119d-3b2b-4682-822c-48b51d479cb3,2024-01-21,125,eBay,BEST_OFFER,ok,0,https://www.ebay.com/itm/1999-bandai-carddass-pocket-monsters-tauros-psa-10-/315015446168
0a9a119d-3b2b-4682-822c-48b51d479cb3,2023-09-29,192.35,eBay,BEST_OFFER,ok,0,https://www.ebay.com/itm/Pokemon-1997-Bandai-Carddass-PSA-10-Tauros-Gem-Mint-Pop-10-/145319860123
0a9a119d-3b2b-4682-822c-48b51d479cb3,2023-06-04,88.8,PWCC Weekly Auctions,AUCTION,ok,0,https://www.fanaticscollect.com/weekly/720f3b0e-e2e5-11ed-83a8-0a58a9feac02
0aeaa1ff-8a10-48c9-9cb5-1f409cb12ea9,2026-08-06,825,eBay,BUY_IT_NOW,ok,0,https://www.ebay.com/itm/188690056311
0aeaa1ff-8a10-48c9-9cb5-1f409cb12ea9,2026-07-26,720,PWCC Weekly Auctions,AUCTION,ok,0,https://www.fanaticscollect.com/weekly/10731f24-7fb2-11f1-b951-0a58a9feac02
0aeaa1ff-8a10-48c9-9cb5-1f409cb12ea9,2026-07-20,450,eBay,BEST_OFFER,ok,0,https://www.ebay.com/itm/307069654531
0aeaa1ff-8a10-48c9-9cb5-1f409cb12ea9,2026-07-19,999.99,eBay,BUY_IT_NOW,ok,0,https://www.ebay.com/itm/394306348952
0aeaa1ff-8a10-48c9-9cb5-1f409cb12ea9,2026-05-05,510,eBay,BUY_IT_NOW,ok,0,https://www.ebay.com/itm/318124081819
0aeaa1ff-8a10-48c9-9cb5-1f409cb12ea9,2026-04-15,315.48,eBay,BEST_OFFER,ok,0,https://www.ebay.com/itm/127632299105
0aeaa1ff-8a10-48c9-9cb5-1f409cb12ea9,2026-04-11,282.56,eBay,BEST_OFFER,ok,0,https://www.ebay.com/itm/127632299079
0aeaa1ff-8a10-48c9-9cb5-1f409cb12ea9,2026-03-22,255.01,eBay,AUCTION,ok,0,https://www.ebay.com/itm/287201046556
0aeaa1ff-8a10-48c9-9cb5-1f409cb12ea9,2026-01-22,299.99,eBay,BUY_IT_NOW,ok,0,https://www.ebay.com/itm/394306348952
0aeaa1ff-8a10-48c9-9cb5-1f409cb12ea9,2026-01-08,250,eBay,BUY_IT_NOW,ok,0,https://www.ebay.com/itm/388561193406
0aab6e29-bfc8-4316-af56-b7609d13b433,2026-09-13,16800,PWCC Weekly Auctions,AUCTION,ok,0,https://www.fanaticscollect.com/weekly/2d0fe920-9130-11f1-b078-0a2225b56657
0aab6e29-bfc8-4316-af56-b7609d13b433,2026-09-06,16200,PWCC Weekly Auctions,AUCTION,ok,0,https://www.fanaticscollect.com/weekly/76b02c6a-a063-11f1-a7ee-0ae00c8963bd
0aab6e29-bfc8-4316-af56-b7609d13b433,2026-08-16,16200,PWCC Weekly Auctions,AUCTION,ok,0,https://www.fanaticscollect.com/weekly/f40071cc-7ed8-11f1-8859-0a58a9feac02
0aab6e29-bfc8-4316-af56-b7609d13b433,2026-08-13,16599,eBay,AUCTION,ok,0,https://www.ebay.com/itm/800472928585
0aab6e29-bfc8-4316-af56-b7609d13b433,2026-07-19,15600,PWCC Weekly Auctions,AUCTION,ok,0,https://www.fanaticscollect.com/weekly/75195322-7971-11f1-81cc-0a58a9feac02
0aab6e29-bfc8-4316-af56-b7609d13b433,2026-07-05,18000,PWCC Weekly Auctions,AUCTION,ok,0,https://www.fanaticscollect.com/weekly/54fa1924-6fcf-11f1-8624-0a58a9feac02
0aab6e29-bfc8-4316-af56-b7609d13b433,2026-06-19,19200,PWCC Premier Auctions,AUCTION,ok,0,https://www.pwccmarketplace.com/premier-auction/20964
0aab6e29-bfc8-4316-af56-b7609d13b433,2026-05-31,21000,PWCC Weekly Auctions,AUCTION,ok,0,https://www.fanaticscollect.com/weekly/09ec1c98-52ce-11f1-bc63-0a58a9feac02
0aab6e29-bfc8-4316-af56-b7609d13b433,2026-05-24,19200,PWCC Weekly Auctions,AUCTION,ok,0,https://www.fanaticscollect.com/weekly/b70f0b4e-4eda-11f1-b2f3-0a58a9feac02
0aab6e29-bfc8-4316-af56-b7609d13b433,2026-05-03,20400,PWCC Weekly Auctions,AUCTION,ok,0,https://www.fanaticscollect.com/weekly/48d67458-3f23-11f1-a73c-027aafb6d205
0ad13622-be4d-4769-b549-ce83f1a35393,2026-08-19,404,eBay,AUCTION,ok,0,https://www.ebay.com/itm/128023988308
0ad13622-be4d-4769-b549-ce83f1a35393,2026-08-14,500,eBay,BEST_OFFER,ok,0,https://www.ebay.com/itm/298467288107
0ad13622-be4d-4769-b549-ce83f1a35393,2026-07-19,305,eBay,AUCTION,ok,0,https://www.ebay.com/itm/287450314799
0ad13622-be4d-4769-b549-ce83f1a35393,2026-07-08,320,eBay,AUCTION,ok,0,https://www.ebay.com/itm/800275135503
0ad13622-be4d-4769-b549-ce83f1a35393,2026-06-30,400,eBay,BEST_OFFER,ok,0,https://www.ebay.com/itm/800239777653
0ad13622-be4d-4769-b549-ce83f1a35393,2026-06-11,400,eBay,BEST_OFFER,ok,0,https://www.ebay.com/itm/278025440806
0ad13622-be4d-4769-b549-ce83f1a35393,2026-06-07,1350,eBay,AUCTION,ok,1,https://www.ebay.com/itm/298368849121
0ad13622-be4d-4769-b549-ce83f1a35393,2026-06-06,244.01,eBay,BEST_OFFER,ok,0,https://www.ebay.com/itm/298390647910
0ad13622-be4d-4769-b549-ce83f1a35393,2026-02-28,89,eBay,AUCTION,ok,0,https://www.ebay.com/itm/117047676362
0ad13622-be4d-4769-b549-ce83f1a35393,2026-02-20,190,eBay,BUY_IT_NOW,ok,0,https://www.ebay.com/itm/298036101374
0abcf5e3-854e-4e33-8d19-db2c624d32d5,2026-08-16,2900,eBay,BEST_OFFER,ok,0,https://www.ebay.com/itm/287224982190
0abcf5e3-854e-4e33-8d19-db2c624d32d5,2026-04-19,2650,eBay,AUCTION,ok,0,https://www.ebay.com/itm/287264997131
0abcf5e3-854e-4e33-8d19-db2c624d32d5,2026-01-27,1799.99,eBay,BEST_OFFER,ok,0,https://www.ebay.com/itm/286885269426
0abcf5e3-854e-4e33-8d19-db2c624d32d5,2025-07-03,850,eBay,BUY_IT_NOW,ok,0,https://www.ebay.com/itm/156457155101
0abcf5e3-854e-4e33-8d19-db2c624d32d5,2025-05-04,710,eBay,AUCTION,ok,0,https://www.ebay.com/itm/286520195780
0abcf5e3-854e-4e33-8d19-db2c624d32d5,2025-03-30,699.99,eBay,BUY_IT_NOW,ok,0,https://www.ebay.com/itm/156638304436
0abcf5e3-854e-4e33-8d19-db2c624d32d5,2024-07-10,250,eBay,BEST_OFFER,ok,0,https://www.ebay.com/itm/2012-Pokemon-Boundaries-Crossed-Terrakion-Secret-Rare-151-PSA-10-GEM-MT-/235634602208
0abcf5e3-854e-4e33-8d19-db2c624d32d5,2024-05-16,333.79,eBay,AUCTION,ok,0,https://www.ebay.com/itm/2012-POKEMON-BLACK-WHITE-TERRAKION-BOUNDARIES-CROSSED-151-149-GEM-MINT-PSA-10-/204783546389
0abcf5e3-854e-4e33-8d19-db2c624d32d5,2023-06-20,447.91,eBay,BEST_OFFER,ok,0,https://www.ebay.com/itm/Pokemon-B-W-Boundaries-Crossed-Terrakion-151-PSA-10-/235054859998
0abcf5e3-854e-4e33-8d19-db2c624d32d5,2022-01-18,575,eBay,BEST_OFFER,ok,0,https://www.ebay.com/itm/Pokemon-Card-Secret-Rare-Holo-Terrakion-151-49-PSA-10-GEM-MT-Boundaries-Crossed-/294024919100
0a69b5c5-e647-4f7d-bc53-c4abc33f8aa1,2026-06-14,69.95,eBay,BEST_OFFER,ok,0,https://www.ebay.com/itm/256608337837
0a69b5c5-e647-4f7d-bc53-c4abc33f8aa1,2025-03-19,24,eBay,BEST_OFFER,ok,0,https://www.ebay.com/itm/396206572127
0a69b5c5-e647-4f7d-bc53-c4abc33f8aa1,2025-02-09,32,eBay,AUCTION,ok,0,https://www.ebay.com/itm/Pokemon-Electropower-Lost-Thunder-Secret-Rare-Full-Art-232-PSA-10-Gem-Mint-/286292860419
0a69b5c5-e647-4f7d-bc53-c4abc33f8aa1,2023-08-12,20.5,eBay,AUCTION,ok,0,https://www.ebay.com/itm/2018-POKEMON-LOST-THUNDER-ELECTROPOWER-232-214-SECRET-RARE-PSA-GEM-MINT-10-/374860375088
0a69b5c5-e647-4f7d-bc53-c4abc33f8aa1,2023-06-27,18.05,eBay,AUCTION,ok,0,https://www.ebay.com/itm/2018-Pokemon-Sun-And-Moon-Electropower-PSA-10-Gem-Mint-/275913461794
0a69b5c5-e647-4f7d-bc53-c4abc33f8aa1,2023-02-19,18.05,eBay,AUCTION,ok,0,https://www.ebay.com/itm/2018-Pokemon-Lost-Thunder-232-Electropower-Full-Art-Secret-PSA-10-Gem-Mint-/325533870560
0a69b5c5-e647-4f7d-bc53-c4abc33f8aa1,2022-12-18,30,eBay,AUCTION,ok,0,https://www.ebay.com/itm/2018-POKEMON-SUN-MOON-LOST-THUNDER-232-214-FULL-ART-ELECTROPOWER-SECRET-PSA-10-/364083072181
0a69b5c5-e647-4f7d-bc53-c4abc33f8aa1,2022-11-02,25,eBay,AUCTION,ok,0,https://www.ebay.com/itm/2018-Pokemon-Sun-Moon-Lost-Thunder-Secret-232-Electropower-Full-Art-PSA-10-/364029030443
0a69b5c5-e647-4f7d-bc53-c4abc33f8aa1,2022-03-28,50.25,eBay,AUCTION,ok,0,https://www.ebay.com/itm/Electropower-232-214-Secret-Lost-Thunder-FA-Pokemon-PSA-10-GEM-MINT-/334359802071
0a69b5c5-e647-4f7d-bc53-c4abc33f8aa1,2022-03-10,100,eBay,BEST_OFFER,ok,0,https://www.ebay.com/itm/2018-Pokemon-SM-Lost-Thunder-Full-Art-Electropower-Secret-Rare-PSA-10-Gem-Mint-/115282259364
0ab311f6-c9ef-4f34-a340-0b6bf798adfc,2026-09-06,255,eBay,AUCTION,ok,0,https://www.ebay.com/itm/307151995260
0ab311f6-c9ef-4f34-a340-0b6bf798adfc,2026-08-22,249.99,eBay,BEST_OFFER,ok,0,https://www.ebay.com/itm/278107054767
0ab311f6-c9ef-4f34-a340-0b6bf798adfc,2026-08-04,208.1,eBay,AUCTION,ok,0,https://www.ebay.com/itm/307090025830
0ab311f6-c9ef-4f34-a340-0b6bf798adfc,2026-07-21,206.37,CardHobby,AUCTION,ok,0,https://www.cardhobby.com/#/carddetails/123462843
0ab311f6-c9ef-4f34-a340-0b6bf798adfc,2026-03-17,119.99,eBay,BEST_OFFER,ok,0,https://www.ebay.com/itm/176372173095
0ab311f6-c9ef-4f34-a340-0b6bf798adfc,2026-02-18,119.95,eBay,BEST_OFFER,ok,0,https://www.ebay.com/itm/277379529310
0ab311f6-c9ef-4f34-a340-0b6bf798adfc,2026-01-19,70,eBay,BUY_IT_NOW,ok,0,https://www.ebay.com/itm/365654857224
0ab311f6-c9ef-4f34-a340-0b6bf798adfc,2025-10-17,51,eBay,AUCTION,ok,0,https://www.ebay.com/itm/116820201232
0ab311f6-c9ef-4f34-a340-0b6bf798adfc,2025-06-10,60,eBay,AUCTION,ok,0,https://www.ebay.com/itm/405938865652
0ab311f6-c9ef-4f34-a340-0b6bf798adfc,2025-05-31,30,eBay,BEST_OFFER,RELISTED,0,https://www.ebay.com/itm/365421413005
0afb8d53-28e3-4a1b-a011-4000e61d9f97,2026-09-06,239.25,eBay,AUCTION,ok,0,https://www.ebay.com/itm/137659793584
0afb8d53-28e3-4a1b-a011-4000e61d9f97,2026-09-02,349.9,eBay,BEST_OFFER,ok,0,https://www.ebay.com/itm/287429920303
0afb8d53-28e3-4a1b-a011-4000e61d9f97,2026-08-31,235,eBay,BEST_OFFER,ok,0,https://www.ebay.com/itm/298524352949
0afb8d53-28e3-4a1b-a011-4000e61d9f97,2026-08-23,217.5,eBay,AUCTION,ok,0,https://www.ebay.com/itm/287524904199
0afb8d53-28e3-4a1b-a011-4000e61d9f97,2026-08-22,247.5,eBay,AUCTION,ok,0,https://www.ebay.com/itm/128031720932
0afb8d53-28e3-4a1b-a011-4000e61d9f97,2026-08-15,235,eBay,BEST_OFFER,ok,0,https://www.ebay.com/itm/800468923714
0afb8d53-28e3-4a1b-a011-4000e61d9f97,2026-08-13,349.99,eBay,BEST_OFFER,ok,0,https://www.ebay.com/itm/306974254802
0afb8d53-28e3-4a1b-a011-4000e61d9f97,2026-08-07,259,eBay,BUY_IT_NOW,ok,0,https://www.ebay.com/itm/117262808721
0afb8d53-28e3-4a1b-a011-4000e61d9f97,2026-07-28,215.5,eBay,AUCTION,ok,0,https://www.ebay.com/itm/377364918766
0afb8d53-28e3-4a1b-a011-4000e61d9f97,2026-07-19,220,eBay,BEST_OFFER,ok,0,https://www.ebay.com/itm/227431002762
0a419ed0-eb21-4b17-bfc3-64ab4ab239f2,2026-09-03,2225,eBay,AUCTION,ok,0,https://www.ebay.com/itm/117379746496
0a419ed0-eb21-4b17-bfc3-64ab4ab239f2,2026-05-10,990,eBay,AUCTION,ok,0,https://www.ebay.com/itm/389981334404
0a419ed0-eb21-4b17-bfc3-64ab4ab239f2,2026-04-05,1000,eBay,BEST_OFFER,ok,0,https://www.ebay.com/itm/198241563975
0a419ed0-eb21-4b17-bfc3-64ab4ab239f2,2026-03-11,999.99,eBay,BUY_IT_NOW,ok,0,https://www.ebay.com/itm/406714881520
0a419ed0-eb21-4b17-bfc3-64ab4ab239f2,2026-03-10,749.99,eBay,BUY_IT_NOW,ok,0,https://www.ebay.com/itm/277787895203
0a419ed0-eb21-4b17-bfc3-64ab4ab239f2,2026-01-14,501.15,eBay,BUY_IT_NOW,ok,0,https://www.ebay.com/itm/134678637420
0a419ed0-eb21-4b17-bfc3-64ab4ab239f2,2026-01-09,500,eBay,BUY_IT_NOW,ok,0,https://www.ebay.com/itm/116796614653
0a419ed0-eb21-4b17-bfc3-64ab4ab239f2,2025-12-18,380,eBay,BEST_OFFER,ok,0,https://www.ebay.com/itm/157550567048
0a419ed0-eb21-4b17-bfc3-64ab4ab239f2,2025-12-08,400,eBay,BEST_OFFER,RELISTED,0,https://www.ebay.com/itm/157455034808
0a419ed0-eb21-4b17-bfc3-64ab4ab239f2,2025-07-30,349.99,eBay,BUY_IT_NOW,RELISTED,0,https://www.ebay.com/itm/406026768605
0a766887-b35e-4e12-9614-f45e395ae4f9,2026-08-02,18.92,CardHobby,AUCTION,ok,0,https://www.cardhobby.com/#/carddetails/125530258
0a766887-b35e-4e12-9614-f45e395ae4f9,2026-05-25,147.63,eBay,BEST_OFFER,ok,0,https://www.ebay.com/itm/206234478489
0a766887-b35e-4e12-9614-f45e395ae4f9,2025-04-26,35,eBay,BEST_OFFER,ok,0,https://www.ebay.com/itm/388323250179
0a766887-b35e-4e12-9614-f45e395ae4f9,2025-03-19,45,eBay,AUCTION,ok,0,https://www.ebay.com/itm/197101551469
0a766887-b35e-4e12-9614-f45e395ae4f9,2024-08-24,36.5,eBay,AUCTION,ok,0,https://www.ebay.com/itm/PSA-10-Pokemon-Japanese-Ultra-Shiny-sm8b-Electrode-GX-217-150-SSR-Full-Art-/145937458828
0a766887-b35e-4e12-9614-f45e395ae4f9,2024-07-14,37.2,PWCC Weekly Auctions,AUCTION,ok,0,https://www.fanaticscollect.com/weekly/422ae5bc-3043-11ef-9497-0a58a9feac02
0a766887-b35e-4e12-9614-f45e395ae4f9,2024-07-09,13,eBay,AUCTION,ok,0,https://www.ebay.com/itm/PSA-10-GEM-MINT-Electrode-GX-2018-Pokemon-JPN-Sun-Moon-Ultra-Shiny-217-/235638964422
0a766887-b35e-4e12-9614-f45e395ae4f9,2024-02-25,56,eBay,AUCTION,ok,0,https://www.ebay.com/itm/2018-Pokemon-sm8b-Ultra-Shiny-GX-ELECTRODE-GX-Full-Art-SSR-217-150-PSA-10-GEM-MT-/305403586988
0a766887-b35e-4e12-9614-f45e395ae4f9,2023-10-25,100,eBay,BUY_IT_NOW,ok,0,https://www.ebay.com/itm/PSA-10-Electrode-GX-217-150-sm8b-2018-Ultra-Shiny-GX-Japanese-Pokemon-Card-/266471151634
0a766887-b35e-4e12-9614-f45e395ae4f9,2023-09-27,48.77,eBay,AUCTION,RELISTED,0,https://www.ebay.com/itm/PSA-10-Pokemon-Electrode-GX-217-150-Full-Art-Japanese-Hidden-Fates-/386148697912
0a4f94bf-b8d4-40bc-ab2f-f4e36bd6be73,2026-08-24,15000,eBay,BEST_OFFER,NOT_PAID,0,https://www.ebay.com/itm/317548855196
0a4f94bf-b8d4-40bc-ab2f-f4e36bd6be73,2026-06-07,7500,eBay,AUCTION,ok,0,https://www.ebay.com/itm/287361551668
0a4f94bf-b8d4-40bc-ab2f-f4e36bd6be73,2026-01-17,3800,eBay,BEST_OFFER,ok,0,https://www.ebay.com/itm/187753592347
0a4f94bf-b8d4-40bc-ab2f-f4e36bd6be73,2025-10-19,3150,eBay,AUCTION,ok,0,https://www.ebay.com/itm/286861039648
0a4f94bf-b8d4-40bc-ab2f-f4e36bd6be73,2025-02-11,1350,eBay,BUY_IT_NOW,ok,0,https://www.ebay.com/itm/2013-POKEMON-B-W-PLASMA-FREEZE-117-EMPOLEON-PSA-10-/306039618668
0a4f94bf-b8d4-40bc-ab2f-f4e36bd6be73,2025-01-12,1393.26,eBay,BEST_OFFER,ok,0,https://www.ebay.com/itm/Empoleon-117-116-PSA-10-Plasma-Freeze-Pokemon-Card-/285034608396
0a4f94bf-b8d4-40bc-ab2f-f4e36bd6be73,2024-05-15,840,eBay,AUCTION,ok,0,https://www.ebay.com/itm/PSA-10-Empoleon-117-Plasma-Freeze-2013-Secret-Rare-Pokemon-TCG-Card-Gem-Mint-/404967405529
0a4f94bf-b8d4-40bc-ab2f-f4e36bd6be73,2024-05-04,795,eBay,AUCTION,RELISTED,0,https://www.ebay.com/itm/PSA-10-Empoleon-117-Plasma-Freeze-2013-Secret-Rare-Pokemon-TCG-Card-Gem-Mint-/404946131359
0a4f94bf-b8d4-40bc-ab2f-f4e36bd6be73,2024-02-24,3000,eBay,BEST_OFFER,ok,0,https://www.ebay.com/itm/POKEMON-PLASMA-FREEZE-EMPOLEON-117-SECRET-RARE-HOLO-PSA-10-GEM-MINT-28229595-/275148916684
0a4f94bf-b8d4-40bc-ab2f-f4e36bd6be73,2023-06-22,877.04,eBay,BEST_OFFER,ok,0,https://www.ebay.com/itm/Empoleon-117-116-PSA-10-Plasma-Freeze-Pokemon-Card-/235054855576
0a4e26f2-68a8-406d-9292-793644fc1748,2026-08-23,36,eBay,AUCTION,ok,0,https://www.ebay.com/itm/188801917668
0a4e26f2-68a8-406d-9292-793644fc1748,2026-03-09,30,eBay,AUCTION,ok,0,https://www.ebay.com/itm/317944682013
0a4e26f2-68a8-406d-9292-793644fc1748,2025-09-21,18.5,eBay,AUCTION,ok,0,https://www.ebay.com/itm/286815466795
0a4e26f2-68a8-406d-9292-793644fc1748,2025-07-06,35,eBay,BUY_IT_NOW,ok,0,https://www.ebay.com/itm/375853806718
0a4e26f2-68a8-406d-9292-793644fc1748,2025-05-01,39.99,eBay,AUCTION,ok,0,https://www.ebay.com/itm/297245828008
0a4e26f2-68a8-406d-9292-793644fc1748,2025-01-15,24.5,eBay,AUCTION,ok,0,https://www.ebay.com/itm/2017-Pokemon-S-M-Crimson-Invasion-Kartana-GX-Ultra-Rare-70-111-70-PSA-10-/126876731464
0a4e26f2-68a8-406d-9292-793644fc1748,2024-11-14,34.95,eBay,BUY_IT_NOW,ok,0,https://www.ebay.com/itm/Pokemon-Kartana-GX-70-111-Crimson-Invasion-PSA-10-Gem-Mint-/225214622524
0a4e26f2-68a8-406d-9292-793644fc1748,2024-09-15,20.5,eBay,AUCTION,ok,0,https://www.ebay.com/itm/Kartana-GX-70-111-Crimson-Invasion-PSA-10-Gem-Mint-Pokemon-Card-/356026087111
0a4e26f2-68a8-406d-9292-793644fc1748,2024-08-09,27,eBay,BEST_OFFER,ok,0,https://www.ebay.com/itm/2017-Pokemon-Sun-Moon-Crimson-Invasion-Kartana-GX-70-PSA-10-/225321770735
0a4e26f2-68a8-406d-9292-793644fc1748,2024-08-09,24.5,eBay,BUY_IT_NOW,ok,0,https://www.ebay.com/itm/2017-Pokemon-Sun-Moon-Crimson-Invasion-Kartana-GX-70-PSA-10-Gem-MINT-/404582029652
0a0c55fc-c812-4e9a-a819-5e8d5f5abcff,2026-04-24,420,eBay,BEST_OFFER,ok,0,https://www.ebay.com/itm/366345302734
0a0c55fc-c812-4e9a-a819-5e8d5f5abcff,2026-04-12,475,eBay,BEST_OFFER,ok,0,https://www.ebay.com/itm/366340084423
0a0c55fc-c812-4e9a-a819-5e8d5f5abcff,2026-02-21,149.99,eBay,BUY_IT_NOW,ok,0,https://www.ebay.com/itm/317900230250
0a0c55fc-c812-4e9a-a819-5e8d5f5abcff,2025-11-30,56,eBay,AUCTION,ok,0,https://www.ebay.com/itm/227100026168
0a0c55fc-c812-4e9a-a819-5e8d5f5abcff,2025-03-24,102.5,eBay,AUCTION,ok,0,https://www.ebay.com/itm/297124609441
0a0c55fc-c812-4e9a-a819-5e8d5f5abcff,2024-12-06,134.99,eBay,BEST_OFFER,ok,0,https://www.ebay.com/itm/PSA-10-GEM-MINT-LICKITUNG-108-Topps-Chrome-HOLO-RARE-Series-2-Pokemon-Card-/394651408922
0a0c55fc-c812-4e9a-a819-5e8d5f5abcff,2024-11-05,42,eBay,AUCTION,ok,0,https://www.ebay.com/itm/2000-Topps-Chrome-Pokemon-TV-108-Lickitung-PSA-10-GEM-MINT-/387554264000
0a0c55fc-c812-4e9a-a819-5e8d5f5abcff,2024-10-22,70,eBay,BEST_OFFER,ok,0,https://www.ebay.com/itm/PSA-10-GEM-MINT-LICKITUNG-108-Topps-Chrome-HOLO-RARE-Series-2-Pokemon-Card-/204365943212
0a0c55fc-c812-4e9a-a819-5e8d5f5abcff,2024-09-26,59,eBay,AUCTION,ok,0,https://www.ebay.com/itm/2000-Topps-Chrome-Pokemon-TV-Series-2-108-Lickitung-PSA-10-Gem-Mint-/296702265427
0a0c55fc-c812-4e9a-a819-5e8d5f5abcff,2024-06-12,40,eBay,BEST_OFFER,ok,0,https://www.ebay.com/itm/2000-Topps-Chrome-Pokemon-TV-Animation-Edition-Series-2-Lickitung-PSA-10-GEM-MT-/256518906809
0a69036a-12fe-4a22-8233-178d05b452e1,2024-12-05,70,eBay,BEST_OFFER,ok,0,https://www.ebay.com/itm/Ice-Temple-PSA-10-Topps-2000-Movie-Foil-Holo-51-Only-POP-2-None-Higher-/186771449249
0a69036a-12fe-4a22-8233-178d05b452e1,2021-10-14,124.99,eBay,BUY_IT_NOW,ok,0,https://www.ebay.com/itm/Pokemon-PSA-10-Topps-2000-Movie-51-Ice-Temple-Foil-Gem-Mint-2000-/184731942348
0a1d10c0-b982-45f9-8c2c-e990294bbd51,2026-09-04,55,eBay,BEST_OFFER,ok,0,https://www.ebay.com/itm/287563886485
0a1d10c0-b982-45f9-8c2c-e990294bbd51,2026-08-31,60.99,eBay,BUY_IT_NOW,ok,0,https://www.ebay.com/itm/820059334118
0a1d10c0-b982-45f9-8c2c-e990294bbd51,2026-07-20,79.42,eBay,BUY_IT_NOW,ok,0,https://www.ebay.com/itm/188423528445
0a1d10c0-b982-45f9-8c2c-e990294bbd51,2026-07-16,39.6,Alt,AUCTION,ok,0,https://alt.xyz/exchange/select-listing?ids=1f42b4ec-2261-4987-9ed2-4be00b8a2197
0a1d10c0-b982-45f9-8c2c-e990294bbd51,2026-07-12,54.99,eBay,BEST_OFFER,ok,0,https://www.ebay.com/itm/366536898670
0a1d10c0-b982-45f9-8c2c-e990294bbd51,2026-07-08,74.99,eBay,BEST_OFFER,ok,0,https://www.ebay.com/itm/168431028913
0a1d10c0-b982-45f9-8c2c-e990294bbd51,2026-06-23,60,eBay,BEST_OFFER,ok,0,https://www.ebay.com/itm/287334192863
0a1d10c0-b982-45f9-8c2c-e990294bbd51,2026-06-14,69.99,eBay,BUY_IT_NOW,NOT_PAID,0,https://www.ebay.com/itm/206294924541
0a1d10c0-b982-45f9-8c2c-e990294bbd51,2026-06-12,65,eBay,BEST_OFFER,ok,0,https://www.ebay.com/itm/366429710730
0a1d10c0-b982-45f9-8c2c-e990294bbd51,2026-05-13,70,eBay,BUY_IT_NOW,ok,0,https://www.ebay.com/itm/147296214714
0a4b369a-2613-486f-a331-4fd470aa7a93,2026-09-11,175,eBay,BEST_OFFER,ok,0,https://www.ebay.com/itm/227494286631
0a4b369a-2613-486f-a331-4fd470aa7a93,2026-08-25,185,eBay,BEST_OFFER,ok,0,https://www.ebay.com/itm/287452621154
0a4b369a-2613-486f-a331-4fd470aa7a93,2026-08-24,165,eBay,BEST_OFFER,ok,0,https://www.ebay.com/itm/117374176492
0a4b369a-2613-486f-a331-4fd470aa7a93,2026-07-26,162.5,eBay,AUCTION,ok,0,https://www.ebay.com/itm/287468640422
0a4b369a-2613-486f-a331-4fd470aa7a93,2026-07-19,147.5,eBay,AUCTION,ok,0,https://www.ebay.com/itm/800343376615
0a4b369a-2613-486f-a331-4fd470aa7a93,2026-07-09,252.41,eBay,BUY_IT_NOW,ok,0,https://www.ebay.com/itm/407060438879
0a4b369a-2613-486f-a331-4fd470aa7a93,2026-07-08,170,eBay,BEST_OFFER,ok,0,https://www.ebay.com/itm/117285216415
0a4b369a-2613-486f-a331-4fd470aa7a93,2026-07-05,136.5,eBay,AUCTION,ok,0,https://www.ebay.com/itm/287424620426
0a4b369a-2613-486f-a331-4fd470aa7a93,2026-07-04,152.5,eBay,AUCTION,ok,0,https://www.ebay.com/itm/800264766513
0a4b369a-2613-486f-a331-4fd470aa7a93,2026-06-29,167.5,eBay,AUCTION,ok,0,https://www.ebay.com/itm/307016870009
0a50d24d-55fc-44cb-983f-fba84915df9b,2026-09-12,120,eBay,AUCTION,ok,0,https://www.ebay.com/itm/117395412434
0a50d24d-55fc-44cb-983f-fba84915df9b,2026-09-12,56.55,eBay,AUCTION,ok,0,https://www.ebay.com/itm/287575558727
0a50d24d-55fc-44cb-983f-fba84915df9b,2026-09-11,90,eBay,BEST_OFFER,ok,0,https://www.ebay.com/itm/307157334217
0a50d24d-55fc-44cb-983f-fba84915df9b,2026-09-03,80,eBay,AUCTION,ok,0,https://www.ebay.com/itm/117378963812
0a50d24d-55fc-44cb-983f-fba84915df9b,2026-08-30,80,eBay,BUY_IT_NOW,ok,0,https://www.ebay.com/itm/407084810301
0a50d24d-55fc-44cb-983f-fba84915df9b,2026-08-28,65,eBay,BEST_OFFER,ok,0,https://www.ebay.com/itm/336762881735
0a50d24d-55fc-44cb-983f-fba84915df9b,2026-08-23,81,eBay,AUCTION,ok,0,https://www.ebay.com/itm/298588333459
0a50d24d-55fc-44cb-983f-fba84915df9b,2026-08-21,88.01,CardHobby,AUCTION,ok,0,https://www.cardhobby.com/#/carddetails/130262207
0a50d24d-55fc-44cb-983f-fba84915df9b,2026-08-14,90,eBay,BUY_IT_NOW,ok,0,https://www.ebay.com/itm/298465841555
0a50d24d-55fc-44cb-983f-fba84915df9b,2026-08-11,71,eBay,AUCTION,ok,0,https://www.ebay.com/itm/307104954411
0a5d4830-2b66-40f1-9f96-a49430f6df25,2026-09-17,90,eBay,AUCTION,ok,0,https://www.ebay.com/itm/307170887328
0a5d4830-2b66-40f1-9f96-a49430f6df25,2026-09-17,88.9,eBay,AUCTION,ok,0,https://www.ebay.com/itm/117404868982
0a5d4830-2b66-40f1-9f96-a49430f6df25,2026-09-17,84,eBay,AUCTION,ok,0,https://www.ebay.com/itm/336788406574
0a5d4830-2b66-40f1-9f96-a49430f6df25,2026-09-16,89.99,eBay,BUY_IT_NOW,ok,0,https://www.ebay.com/itm/800642341007
0a5d4830-2b66-40f1-9f96-a49430f6df25,2026-09-16,83,eBay,AUCTION,ok,0,https://www.ebay.com/itm/377484667551
0a5d4830-2b66-40f1-9f96-a49430f6df25,2026-09-14,100.93,eBay,BEST_OFFER,ok,0,https://www.ebay.com/itm/227501111301
0a5d4830-2b66-40f1-9f96-a49430f6df25,2026-09-14,100,PWCC Fixed Price,BEST_OFFER,ok,0,https://www.fanaticscollect.com/buy-now/526e1dfe-77e2-4062-bd2b-7fe71b6e6f2a
0a5d4830-2b66-40f1-9f96-a49430f6df25,2026-09-13,105,eBay,AUCTION,ok,0,https://www.ebay.com/itm/287569124635
0a5d4830-2b66-40f1-9f96-a49430f6df25,2026-09-13,99.99,eBay,BEST_OFFER,ok,0,https://www.ebay.com/itm/147569520761
0a5d4830-2b66-40f1-9f96-a49430f6df25,2026-09-13,94,eBay,AUCTION,ok,0,https://www.ebay.com/itm/336781714697
0afc0ad5-5a13-42e1-9022-9f54b404f4cf,2026-08-24,170.5,eBay,AUCTION,ok,0,https://www.ebay.com/itm/366611483044
0afc0ad5-5a13-42e1-9022-9f54b404f4cf,2026-08-09,174.99,eBay,BUY_IT_NOW,ok,0,https://www.ebay.com/itm/117343944926
0afc0ad5-5a13-42e1-9022-9f54b404f4cf,2026-07-31,157.36,eBay,AUCTION,ok,0,https://www.ebay.com/itm/168560342532
0afc0ad5-5a13-42e1-9022-9f54b404f4cf,2026-07-05,177.19,eBay,AUCTION,ok,0,https://www.ebay.com/itm/287424620431
0afc0ad5-5a13-42e1-9022-9f54b404f4cf,2026-07-04,170,eBay,AUCTION,ok,0,https://www.ebay.com/itm/800264748954
0afc0ad5-5a13-42e1-9022-9f54b404f4cf,2026-06-02,175,eBay,BEST_OFFER,ok,0,https://www.ebay.com/itm/178098682722
0afc0ad5-5a13-42e1-9022-9f54b404f4cf,2026-05-04,169.99,eBay,BUY_IT_NOW,ok,0,https://www.ebay.com/itm/317662518435
0afc0ad5-5a13-42e1-9022-9f54b404f4cf,2026-04-26,169,eBay,BUY_IT_NOW,ok,0,https://www.ebay.com/itm/257445637382
0afc0ad5-5a13-42e1-9022-9f54b404f4cf,2026-03-30,75,eBay,BUY_IT_NOW,ok,0,https://www.ebay.com/itm/376919079827
0afc0ad5-5a13-42e1-9022-9f54b404f4cf,2026-02-24,130,eBay,BEST_OFFER,ok,0,https://www.ebay.com/itm/306785837366
0a136f6f-48df-48da-bc8a-fcc4fbe51e71,2026-09-06,230.01,eBay,AUCTION,ok,0,https://www.ebay.com/itm/117375717702
0a136f6f-48df-48da-bc8a-fcc4fbe51e71,2026-08-06,499,eBay,BEST_OFFER,ok,0,https://www.ebay.com/itm/167787117384
0a136f6f-48df-48da-bc8a-fcc4fbe51e71,2026-06-30,190,eBay,BEST_OFFER,ok,0,https://www.ebay.com/itm/265111696041
0a136f6f-48df-48da-bc8a-fcc4fbe51e71,2026-06-03,199.99,eBay,BEST_OFFER,ok,0,https://www.ebay.com/itm/188463990347
0a136f6f-48df-48da-bc8a-fcc4fbe51e71,2026-05-23,179,eBay,BUY_IT_NOW,ok,0,https://www.ebay.com/itm/236825127045
0a136f6f-48df-48da-bc8a-fcc4fbe51e71,2026-04-16,56.4,Alt,AUCTION,ok,0,https://alt.xyz/exchange/select-listing?ids=a5417b69-237c-404b-9507-0f7a0b124254
0a136f6f-48df-48da-bc8a-fcc4fbe51e71,2026-03-08,44.4,PWCC Weekly Auctions,AUCTION,ok,0,https://www.fanaticscollect.com/weekly/e1aad4d2-0d58-11f1-af34-0688377c452d
0a136f6f-48df-48da-bc8a-fcc4fbe51e71,2026-03-01,52.8,PWCC Weekly Auctions,AUCTION,ok,0,https://www.fanaticscollect.com/weekly/981bda82-0dc6-11f1-ad03-0a58a9feac02
0a136f6f-48df-48da-bc8a-fcc4fbe51e71,2026-02-17,110.46,eBay,BUY_IT_NOW,ok,0,https://www.ebay.com/itm/234761457713
0a136f6f-48df-48da-bc8a-fcc4fbe51e71,2026-01-20,85,eBay,BEST_OFFER,ok,0,https://www.ebay.com/itm/187945837288
0ac5279e-eb2a-44c5-91df-0884f29aa275,2025-11-22,3965,eBay,BUY_IT_NOW,ok,0,https://www.ebay.com/itm/286804713973
0ac5279e-eb2a-44c5-91df-0884f29aa275,2025-09-24,2600,eBay,AUCTION,ok,0,https://www.ebay.com/itm/376556952847
0ac5279e-eb2a-44c5-91df-0884f29aa275,2025-07-13,3050,eBay,AUCTION,ok,0,https://www.ebay.com/itm/286690740414
0ac5279e-eb2a-44c5-91df-0884f29aa275,2025-06-29,3600,PWCC Weekly Auctions,AUCTION,ok,0,https://www.fanaticscollect.com/weekly/458f11d2-47ae-11f0-a7d5-0a58a9feac02
0ac5279e-eb2a-44c5-91df-0884f29aa275,2025-04-06,1500,PWCC Weekly Auctions,AUCTION,ok,0,https://www.fanaticscollect.com/weekly/e1466b84-0cdf-11f0-9846-02e78dc67b51
0ac5279e-eb2a-44c5-91df-0884f29aa275,2025-03-29,2400,eBay,BUY_IT_NOW,ok,0,https://www.ebay.com/itm/405603172193
0ac5279e-eb2a-44c5-91df-0884f29aa275,2025-03-15,1400,eBay,AUCTION,ok,0,https://www.ebay.com/itm/335852051371
0ac5279e-eb2a-44c5-91df-0884f29aa275,2025-02-16,1375,eBay,AUCTION,ok,0,https://www.ebay.com/itm/Pokemon-Dark-Blastoise-Team-Rocket-Unlimited-Holo-Rare-3-PSA-10-Gem-Mint-/286303131664
0ac5279e-eb2a-44c5-91df-0884f29aa275,2024-12-21,1400,eBay,BEST_OFFER,ok,0,https://www.ebay.com/itm/PSA-10-Gem-Mint-Team-Rocket-Dark-Blastoise-Holo-Double-Swirl-Pokemon-3-POP-59-/126608167245
0ac5279e-eb2a-44c5-91df-0884f29aa275,2024-10-20,1170,PWCC Weekly Auctions,AUCTION,ok,0,https://www.fanaticscollect.com/weekly/4f001982-81b6-11ef-b902-0add4cb3fdb5
0a07a2fa-ffa7-4899-b1ef-58d4ccc3592c,2026-09-04,225,eBay,AUCTION,ok,0,https://www.ebay.com/itm/128053882484
0a07a2fa-ffa7-4899-b1ef-58d4ccc3592c,2025-05-18,22.8,PWCC Weekly Auctions,AUCTION,ok,0,https://www.fanaticscollect.com/weekly/95a5db58-2da3-11f0-89db-0a58a9feac02
0a07a2fa-ffa7-4899-b1ef-58d4ccc3592c,2025-04-27,20.4,PWCC Weekly Auctions,AUCTION,ok,0,https://www.fanaticscollect.com/weekly/5fe7abb4-1ed9-11f0-bf11-0a58a9feac02
0a07a2fa-ffa7-4899-b1ef-58d4ccc3592c,2024-10-11,16.99,eBay,AUCTION,ok,0,https://www.ebay.com/itm/2000-POKEMON-BASE-SET-2-114-POKEMON-CENTER-PSA-10-/305819354499
0a07a2fa-ffa7-4899-b1ef-58d4ccc3592c,2024-07-03,27,eBay,AUCTION,ok,0,https://www.ebay.com/itm/PSA-10-2000-POKEMON-GAME-BASE-II-114-POKEMON-CENTER-/395495485887
0a07a2fa-ffa7-4899-b1ef-58d4ccc3592c,2024-06-25,24.03,eBay,AUCTION,RELISTED,0,https://www.ebay.com/itm/PSA-10-2000-POKEMON-GAME-BASE-II-114-POKEMON-CENTER-/395479441743
0a07a2fa-ffa7-4899-b1ef-58d4ccc3592c,2024-06-25,16.75,eBay,AUCTION,ok,0,https://www.ebay.com/itm/PSA-10-2000-POKEMON-GAME-BASE-II-114-POKEMON-CENTER-/395479433873
0a07a2fa-ffa7-4899-b1ef-58d4ccc3592c,2023-05-28,14.4,PWCC Weekly Auctions,AUCTION,ok,0,https://www.fanaticscollect.com/weekly/ec21874a-dcb8-11ed-9cbb-0a58a9feac02
0a07a2fa-ffa7-4899-b1ef-58d4ccc3592c,2022-06-12,38.99,eBay,BUY_IT_NOW,ok,0,https://www.ebay.com/itm/2000-POKEMON-BASE-SET-2-II-114-POKEMON-CENTER-PSA-10-GEM-MINT-423-/115411305167
0a07a2fa-ffa7-4899-b1ef-58d4ccc3592c,2022-06-09,23.85,eBay,AUCTION,ok,0,https://www.ebay.com/itm/Pokemon-Base-2-Pokemon-Center-114-130-PSA-10-POP-12-/203976215317
0a90d868-6679-4aa4-8b42-073f084b1fb4,2025-12-27,625,eBay,BUY_IT_NOW,ok,0,https://www.ebay.com/itm/364985198026
0a90d868-6679-4aa4-8b42-073f084b1fb4,2021-12-08,600,eBay,BEST_OFFER,ok,0,https://www.ebay.com/itm/2000-Pokemon-TV-Topps-Chrome-Golem-Sparkle-76-PSA-10-Gem-Mint-POP-1-/165210232366
0a5451b0-16b4-46ca-85cc-ab2293cbe643,2026-07-23,2000,eBay,BUY_IT_NOW,ok,0,https://www.ebay.com/itm/298450856147
0a5451b0-16b4-46ca-85cc-ab2293cbe643,2026-04-26,1625,eBay,AUCTION,ok,0,https://www.ebay.com/itm/287278113519
0a5451b0-16b4-46ca-85cc-ab2293cbe643,2025-10-24,650,eBay,BUY_IT_NOW,ok,0,https://www.ebay.com/itm/136433816655
0a5451b0-16b4-46ca-85cc-ab2293cbe643,2024-11-11,225,PWCC Fixed Price,BEST_OFFER,ok,0,https://sales-history.pwccmarketplace.com/items/FIXED172281
0a5451b0-16b4-46ca-85cc-ab2293cbe643,2024-01-02,274.99,eBay,BUY_IT_NOW,ok,0,https://www.ebay.com/itm/PSA-10-Raichu-042-052-Holon-Phantoms-Japanese-Holo-2006-/155986058291
0a5451b0-16b4-46ca-85cc-ab2293cbe643,2023-08-20,295,eBay,AUCTION,ok,0,https://www.ebay.com/itm/PSA-10-GEM-MT-Raichu-042-052-HOLO-RARE-Unlimited-Japanese-Pokemon-Card-CS20-089-/314768109160
0a5451b0-16b4-46ca-85cc-ab2293cbe643,2022-11-28,202.5,eBay,AUCTION,ok,0,https://www.ebay.com/itm/PSA-10-2006-Raichu-Delta-Holo-042-052-Holon-Phantoms-Pokemon-Japanese-GEM-MINT-/144816775331
0a5451b0-16b4-46ca-85cc-ab2293cbe643,2022-11-01,271.77,eBay,AUCTION,ok,0,https://www.ebay.com/itm/Pokemon-Card-PSA-10-Gem-Mint-Raichu-Japanese-Holon-Phantoms-2006-Holo-042-052-/115577679115
0a5451b0-16b4-46ca-85cc-ab2293cbe643,2022-06-10,400,eBay,BUY_IT_NOW,ok,0,https://www.ebay.com/itm/Pokemon-Raichu-042-052-Japanese-Delta-Species-PSA-10-/115411280270
0a5451b0-16b4-46ca-85cc-ab2293cbe643,2021-12-19,247.5,eBay,AUCTION,ok,0,https://www.ebay.com/itm/PSA-10-Raichu-Delta-Holon-Phantoms-Japanese-042-052-1st-Edition-/255275536066
0afd22ea-dc74-438f-9263-993723a3b5db,2026-09-10,338,eBay,AUCTION,ok,0,https://www.ebay.com/itm/178461730080
0afd22ea-dc74-438f-9263-993723a3b5db,2026-09-06,325,eBay,AUCTION,ok,0,https://www.ebay.com/itm/287552953053
0afd22ea-dc74-438f-9263-993723a3b5db,2026-09-05,415,eBay,AUCTION,ok,0,https://www.ebay.com/itm/117383574776
0afd22ea-dc74-438f-9263-993723a3b5db,2026-08-30,349.99,eBay,BUY_IT_NOW,ok,0,https://www.ebay.com/itm/267677948085
0afd22ea-dc74-438f-9263-993723a3b5db,2026-08-12,340,PWCC Fixed Price,BEST_OFFER,ok,0,https://www.fanaticscollect.com/buy-now/1a1535ed-9de1-4d5b-821c-efa2def24108
0afd22ea-dc74-438f-9263-993723a3b5db,2026-08-10,340.63,eBay,AUCTION,ok,0,https://www.ebay.com/itm/158133672427
0afd22ea-dc74-438f-9263-993723a3b5db,2026-08-01,299.99,eBay,BEST_OFFER,ok,0,https://www.ebay.com/itm/358829008740
0afd22ea-dc74-438f-9263-993723a3b5db,2026-07-28,299,eBay,BUY_IT_NOW,ok,0,https://www.ebay.com/itm/306873439779
0afd22ea-dc74-438f-9263-993723a3b5db,2026-07-12,250,eBay,BEST_OFFER,ok,0,https://www.ebay.com/itm/298476838514
0afd22ea-dc74-438f-9263-993723a3b5db,2026-07-11,301.59,eBay,BUY_IT_NOW,ok,0,https://www.ebay.com/itm/257612832428
0aa39c4f-3c3d-43dc-b0dc-89bb62713381,2026-09-07,300,eBay,BEST_OFFER,ok,0,https://www.ebay.com/itm/307164658827
0aa39c4f-3c3d-43dc-b0dc-89bb62713381,2026-09-01,288,eBay,BEST_OFFER,ok,0,https://www.ebay.com/itm/117278875823
0aa39c4f-3c3d-43dc-b0dc-89bb62713381,2026-08-30,311,eBay,AUCTION,ok,0,https://www.ebay.com/itm/298608069645
0aa39c4f-3c3d-43dc-b0dc-89bb62713381,2026-08-30,264,PWCC Weekly Auctions,AUCTION,ok,0,https://www.fanaticscollect.com/weekly/f6bd21ee-9dd2-11f1-b917-02ffc5f96f15
0aa39c4f-3c3d-43dc-b0dc-89bb62713381,2026-08-30,189.37,CardHobby,AUCTION,ok,0,https://www.cardhobby.com/#/carddetails/131378029
0aa39c4f-3c3d-43dc-b0dc-89bb62713381,2026-08-27,379.99,eBay,BUY_IT_NOW,ok,0,https://www.ebay.com/itm/406254120574
0aa39c4f-3c3d-43dc-b0dc-89bb62713381,2026-08-25,255,eBay,AUCTION,ok,0,https://www.ebay.com/itm/128036557839
0aa39c4f-3c3d-43dc-b0dc-89bb62713381,2026-08-21,299,PWCC Fixed Price,BEST_OFFER,ok,0,https://www.fanaticscollect.com/buy-now/ed280df0-eed3-4038-a1d0-f1a2115e7b13
0aa39c4f-3c3d-43dc-b0dc-89bb62713381,2026-08-21,197.38,CardHobby,AUCTION,ok,0,https://www.cardhobby.com/#/carddetails/129698141
0aa39c4f-3c3d-43dc-b0dc-89bb62713381,2026-08-16,335,eBay,AUCTION,ok,0,https://www.ebay.com/itm/298556850399
0a0b67b0-cf0f-4d99-9f28-f0934f070ab3,2026-09-04,3000,eBay,BEST_OFFER,ok,0,https://www.ebay.com/itm/358903398339
0a0b67b0-cf0f-4d99-9f28-f0934f070ab3,2026-07-29,4500,eBay,AUCTION,ok,0,https://www.ebay.com/itm/800389194859
0a0b67b0-cf0f-4d99-9f28-f0934f070ab3,2026-07-19,1900,eBay,BEST_OFFER,ok,0,https://www.ebay.com/itm/800001708547
0a0b67b0-cf0f-4d99-9f28-f0934f070ab3,2026-07-15,2750,eBay,BUY_IT_NOW,ok,0,https://www.ebay.com/itm/306961896528
0a0b67b0-cf0f-4d99-9f28-f0934f070ab3,2026-06-29,2750,eBay,BUY_IT_NOW,ok,0,https://www.ebay.com/itm/298451865777
0a0b67b0-cf0f-4d99-9f28-f0934f070ab3,2026-05-11,2900,eBay,BUY_IT_NOW,ok,0,https://www.ebay.com/itm/318289241034
0a0b67b0-cf0f-4d99-9f28-f0934f070ab3,2026-03-25,1800,eBay,BUY_IT_NOW,ok,0,https://www.ebay.com/itm/306841215785
0a0b67b0-cf0f-4d99-9f28-f0934f070ab3,2026-03-22,1400,eBay,BEST_OFFER,ok,0,https://www.ebay.com/itm/257420046780
0a0b67b0-cf0f-4d99-9f28-f0934f070ab3,2026-03-03,1399.99,eBay,BUY_IT_NOW,ok,0,https://www.ebay.com/itm/187912720820
0a0b67b0-cf0f-4d99-9f28-f0934f070ab3,2026-01-11,1170,PWCC Weekly Auctions,AUCTION,ok,0,https://www.fanaticscollect.com/weekly/678c233a-e68a-11f0-961f-06c10da8712b
0a4e9b69-fbc8-4522-ab96-452da605298d,2026-04-17,46,eBay,AUCTION,ok,0,https://www.ebay.com/itm/406845205598
0a4e9b69-fbc8-4522-ab96-452da605298d,2026-04-06,45,eBay,AUCTION,ok,0,https://www.ebay.com/itm/117114106299
0a4e9b69-fbc8-4522-ab96-452da605298d,2026-02-22,35,eBay,AUCTION,ok,0,https://www.ebay.com/itm/306771269949
0a4e9b69-fbc8-4522-ab96-452da605298d,2026-01-25,46,eBay,AUCTION,ok,0,https://www.ebay.com/itm/116985974144
0a4e9b69-fbc8-4522-ab96-452da605298d,2025-09-05,99.95,eBay,BUY_IT_NOW,ok,0,https://www.ebay.com/itm/127023258453
0a4e9b69-fbc8-4522-ab96-452da605298d,2025-09-05,90,eBay,BEST_OFFER,ok,0,https://www.ebay.com/itm/165818446127
0a4e9b69-fbc8-4522-ab96-452da605298d,2025-09-05,79.95,eBay,BUY_IT_NOW,ok,0,https://www.ebay.com/itm/266123040981
0a4e9b69-fbc8-4522-ab96-452da605298d,2025-09-05,64.79,eBay,BUY_IT_NOW,ok,0,https://www.ebay.com/itm/326572936481
0a4e9b69-fbc8-4522-ab96-452da605298d,2025-09-02,42,eBay,BEST_OFFER,ok,0,https://www.ebay.com/itm/177292838995
0a4e9b69-fbc8-4522-ab96-452da605298d,2025-09-01,40,eBay,BEST_OFFER,ok,0,https://www.ebay.com/itm/406159369565
0ad3f721-91c4-440e-b1b6-9b5dad67cb62,2026-02-27,58.49,eBay,BEST_OFFER,ok,0,https://www.ebay.com/itm/167570047880
0ad3f721-91c4-440e-b1b6-9b5dad67cb62,2025-07-31,58.49,eBay,BEST_OFFER,ok,0,https://www.ebay.com/itm/167570042989
0ad3f721-91c4-440e-b1b6-9b5dad67cb62,2024-01-26,15,eBay,AUCTION,ok,0,https://www.ebay.com/itm/PSA-10-Gem-Mint-2020-Pokemon-SWH-Vivid-Voltage-39-185-Drednaw-Reverse-Foil-Nessa-/176198472652
0ad3f721-91c4-440e-b1b6-9b5dad67cb62,2023-03-12,12.5,eBay,AUCTION,ok,0,https://www.ebay.com/itm/PSA-10-2020-Pokemon-SWSH-Vivid-Voltage-039-Drednaw-Reverse-Foil-/225465375562
0ad3f721-91c4-440e-b1b6-9b5dad67cb62,2022-07-02,12.51,eBay,AUCTION,ok,0,https://www.ebay.com/itm/2020-Pokemon-Sword-Shield-Vivid-Voltage-Drednaw-Reverse-Foil-PSA-10-Gem-039-/265753298071
0ad3f721-91c4-440e-b1b6-9b5dad67cb62,2022-02-13,12.5,eBay,AUCTION,ok,0,https://www.ebay.com/itm/2020-Pokemon-Drednaw-039-Rare-Rev-Foil-SWSH-Vivid-Voltage-Graded-PSA-10-GEM-MINT-/334320088505
0a9740da-38db-4d31-9a2c-e17e971a9d81,2026-09-15,113.99,eBay,BUY_IT_NOW,ok,0,https://www.ebay.com/itm/257737343439
0a9740da-38db-4d31-9a2c-e17e971a9d81,2026-09-14,68.11,eBay,AUCTION,ok,0,https://www.ebay.com/itm/128070471171
0a9740da-38db-4d31-9a2c-e17e971a9d81,2026-09-13,96.6,eBay,BEST_OFFER,ok,0,https://www.ebay.com/itm/227482301592
0a9740da-38db-4d31-9a2c-e17e971a9d81,2026-09-13,85,eBay,AUCTION,ok,0,https://www.ebay.com/itm/307163463340
0a9740da-38db-4d31-9a2c-e17e971a9d81,2026-09-13,84.3,eBay,AUCTION,ok,0,https://www.ebay.com/itm/117396422449
0a9740da-38db-4d31-9a2c-e17e971a9d81,2026-09-13,83.29,eBay,AUCTION,ok,0,https://www.ebay.com/itm/307163463370
0a9740da-38db-4d31-9a2c-e17e971a9d81,2026-09-13,82,eBay,AUCTION,ok,0,https://www.ebay.com/itm/117396422395
0a9740da-38db-4d31-9a2c-e17e971a9d81,2026-09-13,79,eBay,AUCTION,ok,0,https://www.ebay.com/itm/117396422100
0a9740da-38db-4d31-9a2c-e17e971a9d81,2026-09-13,77.62,CardHobby,AUCTION,ok,0,https://www.cardhobby.com/#/carddetails/133522024
0a9740da-38db-4d31-9a2c-e17e971a9d81,2026-09-13,77,eBay,AUCTION,ok,0,https://www.ebay.com/itm/298646185235
0af67057-1015-441d-b8e0-98de8fac6752,2026-07-22,1149.95,eBay,BUY_IT_NOW,ok,0,https://www.ebay.com/itm/358831134919
0af67057-1015-441d-b8e0-98de8fac6752,2025-11-02,1110,PWCC Weekly Auctions,AUCTION,ok,0,https://www.fanaticscollect.com/weekly/7c01886e-afbc-11f0-958f-0a58a9feac02
0af67057-1015-441d-b8e0-98de8fac6752,2025-07-13,202.5,eBay,AUCTION,ok,0,https://www.ebay.com/itm/286689935027
0af67057-1015-441d-b8e0-98de8fac6752,2025-05-18,201.5,eBay,AUCTION,ok,0,https://www.ebay.com/itm/356885161849
0af67057-1015-441d-b8e0-98de8fac6752,2024-09-27,110,eBay,BUY_IT_NOW,ok,0,https://www.ebay.com/itm/2018-Pokemon-Moltres-Holo-Black-Star-Promo-SM143-PSA-10-Pop-15-/325996734124
0af67057-1015-441d-b8e0-98de8fac6752,2024-06-30,88.8,PWCC Weekly Auctions,AUCTION,ok,0,https://www.fanaticscollect.com/weekly/4943c5d2-21cd-11ef-b2ba-02f48d337893
0af67057-1015-441d-b8e0-98de8fac6752,2024-01-19,55.49,eBay,AUCTION,ok,0,https://www.ebay.com/itm/2018-Pokemon-Collector-Chest-Moltres-SM143-Cosmic-Holo-PSA-10-LOW-POP-/186250660404
0af67057-1015-441d-b8e0-98de8fac6752,2023-08-14,38,eBay,AUCTION,ok,0,https://www.ebay.com/itm/Pokemon-Moltres-SM-Black-Star-Promos-SM143-Holo-Promo-Card-PSA-10-GEM-MINT-/275990348963
0af67057-1015-441d-b8e0-98de8fac6752,2023-05-24,80,eBay,BEST_OFFER,ok,0,https://www.ebay.com/itm/2018-Moltres-Black-Star-Promo-Fall-2018-Collectors-Chest-PSA-10-SM143-/185672158814
0af67057-1015-441d-b8e0-98de8fac6752,2023-03-07,142,eBay,BEST_OFFER,ok,0,https://www.ebay.com/itm/2018-Pokemon-Moltres-SM143-Collector-Chest-Promo-Card-LOW-POP-Gem-Mint-PSA-10-/204094632401
0a09ce5b-532e-4499-8146-47512d59be7d,2026-01-29,22.5,eBay,AUCTION,ok,0,https://www.ebay.com/itm/297955391994
0a09ce5b-532e-4499-8146-47512d59be7d,2024-10-07,18,eBay,BEST_OFFER,ok,0,https://www.ebay.com/itm/Pokemon-Indeedee-258-190-Shiny-Star-V-Japanese-Graded-PSA-10-GEM-MT-/256665119120
0a09ce5b-532e-4499-8146-47512d59be7d,2024-08-09,19.99,eBay,BEST_OFFER,ok,0,https://www.ebay.com/itm/Pokemon-Indeedee-shiny-258-Japanese-Shiny-Star-V-PSA-10-/266635466285
0a09ce5b-532e-4499-8146-47512d59be7d,2024-07-14,23.42,eBay,BUY_IT_NOW,ok,0,https://www.ebay.com/itm/Pokemon-Indeedee-baby-shiny-258-Japanese-Shiny-Star-V-PSA-10-/166235142778
0a09ce5b-532e-4499-8146-47512d59be7d,2024-05-04,12.5,eBay,AUCTION,ok,0,https://www.ebay.com/itm/Pokemon-TCG-Indeedee-258-2020-Shiny-Star-V-SHINY-RARE-HOLO-PSA-10-GEM-MINT-/186418122135
0a09ce5b-532e-4499-8146-47512d59be7d,2024-04-13,10,eBay,BUY_IT_NOW,ok,0,https://www.ebay.com/itm/Pokemon-Indeedee-shiny-258-Japanese-Shiny-Star-V-PSA-10-/116142400320
0a09ce5b-532e-4499-8146-47512d59be7d,2024-03-25,12.5,eBay,AUCTION,ok,0,https://www.ebay.com/itm/2020-Pokemon-Japanese-SWSH-Shiny-Star-V-258-Indeedee-PSA-10-GEM-MINT-/386861118000
0a09ce5b-532e-4499-8146-47512d59be7d,2023-09-30,20.75,eBay,AUCTION,ok,0,https://www.ebay.com/itm/Pokemon-TCG-Indeedee-Shiny-Star-V-2020-258-PSA-10-JPN-99P-AUCTION-/126105240863
0a09ce5b-532e-4499-8146-47512d59be7d,2023-08-25,15.5,eBay,AUCTION,ok,0,https://www.ebay.com/itm/2020-Pokemon-Japanese-SWSH-Sword-Shield-Indeedee-Shiny-Star-V-258-190-PSA-10-/235137878046
0a09ce5b-532e-4499-8146-47512d59be7d,2023-08-19,8.5,eBay,AUCTION,ok,0,https://www.ebay.com/itm/2020-Japanese-Pokemon-TCG-Shiny-Star-V-Indeedee-Baby-Shiny-258-190-PSA-10-Gem-MT-/186028423347
0a9110ed-928f-43f1-8321-a549006d2921,2026-08-30,45,eBay,BEST_OFFER,ok,0,https://www.ebay.com/itm/227338431687
0a9110ed-928f-43f1-8321-a549006d2921,2024-10-26,16.27,eBay,AUCTION,ok,0,https://www.ebay.com/itm/2020-Pokemon-Japanese-Grapploct-Shiny-Star-V-272-PSA-10-GEM-MINT-/375730867503
0a9110ed-928f-43f1-8321-a549006d2921,2024-03-25,12.5,eBay,AUCTION,ok,0,https://www.ebay.com/itm/2020-Pokemon-Japanese-SWSH-Shiny-Star-V-272-Grapploct-PSA-10-GEM-MINT-/364790412156
0a9110ed-928f-43f1-8321-a549006d2921,2024-01-21,30.66,eBay,BUY_IT_NOW,ok,0,https://www.ebay.com/itm/2020-Pokemon-Sword-Shield-272-Grapploct-Shiny-Star-V-Jp-Secret-Rare-PSA-10-/314762686505
0a9110ed-928f-43f1-8321-a549006d2921,2023-09-17,14.6,eBay,AUCTION,ok,0,https://www.ebay.com/itm/2020-Pokemon-SWSH-Japanese-Grapploct-Shiny-Star-V-272-190-PSA-10-/374928642353
0a9110ed-928f-43f1-8321-a549006d2921,2023-07-24,60,eBay,BEST_OFFER,ok,0,https://www.ebay.com/itm/2020-Pokemon-Sword-Shield-272-Grapploct-Shiny-Star-V-Jp-Secret-Rare-PSA-10-/125952395346
0a9110ed-928f-43f1-8321-a549006d2921,2023-03-17,22,eBay,BEST_OFFER,ok,0,https://www.ebay.com/itm/pokemon-cards-psa-10-japanese-shiny-star-v-272-/385466362297
0a9110ed-928f-43f1-8321-a549006d2921,2023-02-19,9.52,eBay,AUCTION,ok,0,https://www.ebay.com/itm/2020-Pokemon-Japanese-Shiny-Star-V-Shiny-Grapploct-Holo-72-PSA-10-Gem-Mint-/404167453389
0a9110ed-928f-43f1-8321-a549006d2921,2023-02-16,24.59,eBay,BUY_IT_NOW,ok,0,https://www.ebay.com/itm/Pokemon-Grapploct-272-190-Shining-Star-V-PSA-10-/175525081297
0a9110ed-928f-43f1-8321-a549006d2921,2023-01-19,22.16,eBay,BUY_IT_NOW,RELISTED,0,https://www.ebay.com/itm/Pokemon-Grapploct-272-190-Shining-Star-V-PSA-10-/175525081297
0a4d651f-1398-4a66-8d0b-8b8677808517,2026-06-19,214.5,eBay,AUCTION,ok,0,https://www.ebay.com/itm/306996586746
0a4d651f-1398-4a66-8d0b-8b8677808517,2026-05-16,220.5,eBay,AUCTION,ok,0,https://www.ebay.com/itm/117185430394
0a4d651f-1398-4a66-8d0b-8b8677808517,2026-05-10,174,PWCC Weekly Auctions,AUCTION,ok,0,https://www.fanaticscollect.com/weekly/342f6d46-4259-11f1-8b1a-0a58a9feac02
0a4d651f-1398-4a66-8d0b-8b8677808517,2025-12-14,114.5,eBay,AUCTION,ok,0,https://www.ebay.com/itm/116913160413
0a4d651f-1398-4a66-8d0b-8b8677808517,2025-09-19,80,eBay,BUY_IT_NOW,ok,0,https://www.ebay.com/itm/317182951723
0a4d651f-1398-4a66-8d0b-8b8677808517,2025-02-16,42,eBay,AUCTION,ok,0,https://www.ebay.com/itm/Pokemon-Growlithe-Town-No-Map-1st-Edition-Japanese-014-PSA-10-Gem-Mint-/286308405084
0a4d651f-1398-4a66-8d0b-8b8677808517,2024-08-02,65,eBay,BEST_OFFER,ok,0,https://www.ebay.com/itm/Growlithe-PSA-10-014-092-Town-No-Map-1st-Edition-Japanese-Pokemon-Card-2002-/196517206229
0a4d651f-1398-4a66-8d0b-8b8677808517,2024-06-09,37.2,PWCC Weekly Auctions,AUCTION,ok,0,https://www.fanaticscollect.com/weekly/fdde9ea6-15af-11ef-b1a3-0a8efbbf0e8b
0a4d651f-1398-4a66-8d0b-8b8677808517,2023-07-17,52.47,eBay,BUY_IT_NOW,ok,0,https://www.ebay.com/itm/PSA-10-Growlithe-014-092-Japanese-1st-Edition-Town-No-Map-Graded-Pokemon-Card-/285381343544
0a4d651f-1398-4a66-8d0b-8b8677808517,2023-04-23,36,eBay,AUCTION,ok,0,https://www.ebay.com/itm/Pokemon-Growlithe-Town-No-Map-1st-Edition-Japanese-014-PSA-10-Gem-Mint-/285235642625
0a805e7e-01ff-4ad9-b0c6-018a73e2708e,2026-09-17,80.14,eBay,BUY_IT_NOW,ok,0,https://www.ebay.com/itm/377490770905
0a805e7e-01ff-4ad9-b0c6-018a73e2708e,2026-09-14,72,eBay,AUCTION,ok,0,https://www.ebay.com/itm/137730515862
0a805e7e-01ff-4ad9-b0c6-018a73e2708e,2026-09-11,90,eBay,BEST_OFFER,ok,0,https://www.ebay.com/itm/398348121636
0a805e7e-01ff-4ad9-b0c6-018a73e2708e,2026-09-09,73.09,eBay,AUCTION,ok,0,https://www.ebay.com/itm/278336390714
0a805e7e-01ff-4ad9-b0c6-018a73e2708e,2026-09-04,86,eBay,BEST_OFFER,ok,0,https://www.ebay.com/itm/168643654623
0a805e7e-01ff-4ad9-b0c6-018a73e2708e,2026-09-02,87.02,eBay,AUCTION,ok,0,https://www.ebay.com/itm/137665751256
0a805e7e-01ff-4ad9-b0c6-018a73e2708e,2026-08-30,85,eBay,BEST_OFFER,ok,0,https://www.ebay.com/itm/298482165701
0a805e7e-01ff-4ad9-b0c6-018a73e2708e,2026-08-30,73.11,eBay,AUCTION,ok,0,https://www.ebay.com/itm/407168810819
0a805e7e-01ff-4ad9-b0c6-018a73e2708e,2026-08-21,75,eBay,BUY_IT_NOW,ok,0,https://www.ebay.com/itm/267752875469
0a805e7e-01ff-4ad9-b0c6-018a73e2708e,2026-08-21,72,eBay,AUCTION,ok,0,https://www.ebay.com/itm/188794571208
0a52ead9-68d7-4d2d-b7e8-72f2bb27d639,2026-06-25,46.8,Alt,AUCTION,ok,0,https://alt.xyz/exchange/select-listing?ids=f83a6076-2333-4a68-8a1f-017c4f0765fa
0a52ead9-68d7-4d2d-b7e8-72f2bb27d639,2026-06-18,36,Alt,AUCTION,ok,0,https://alt.xyz/exchange/select-listing?ids=956adcf6-8d12-4137-b6f3-49ba00f8e708
0a52ead9-68d7-4d2d-b7e8-72f2bb27d639,2026-06-05,52.24,eBay,BUY_IT_NOW,ok,0,https://www.ebay.com/itm/306860304043
0a52ead9-68d7-4d2d-b7e8-72f2bb27d639,2026-06-02,40,eBay,BEST_OFFER,ok,0,https://www.ebay.com/itm/188360667713
0a52ead9-68d7-4d2d-b7e8-72f2bb27d639,2026-04-27,50,eBay,BEST_OFFER,ok,0,https://www.ebay.com/itm/327066265630
0a52ead9-68d7-4d2d-b7e8-72f2bb27d639,2026-04-21,35.99,eBay,BUY_IT_NOW,ok,0,https://www.ebay.com/itm/326989259136
0a52ead9-68d7-4d2d-b7e8-72f2bb27d639,2026-04-14,31.01,eBay,BUY_IT_NOW,ok,0,https://www.ebay.com/itm/206186417065
0a52ead9-68d7-4d2d-b7e8-72f2bb27d639,2026-03-25,31.5,eBay,AUCTION,ok,0,https://www.ebay.com/itm/298134763757
0a52ead9-68d7-4d2d-b7e8-72f2bb27d639,2026-02-24,33,eBay,AUCTION,ok,0,https://www.ebay.com/itm/306775020588
0a52ead9-68d7-4d2d-b7e8-72f2bb27d639,2026-01-31,51.41,eBay,BUY_IT_NOW,ok,0,https://www.ebay.com/itm/336224908909
0a76618d-52c2-4123-8624-9cf2a779a415,2025-08-25,30,eBay,BEST_OFFER,ok,0,https://www.ebay.com/itm/187433422360
0a76618d-52c2-4123-8624-9cf2a779a415,2024-08-19,21.5,eBay,AUCTION,ok,0,https://www.ebay.com/itm/2018-Pokemon-Japanese-S-M-Tag-Bolt-062-Dratini-PSA-10-GEM-MINT-/365057215037
0a76618d-52c2-4123-8624-9cf2a779a415,2024-07-15,9.5,eBay,AUCTION,ok,0,https://www.ebay.com/itm/PSA-10-2018-Dratini-Tag-Bolt-062-095-SM9-Japanese-Pokemon-/204870523187
0a76618d-52c2-4123-8624-9cf2a779a415,2023-11-27,29.99,eBay,BUY_IT_NOW,ok,0,https://www.ebay.com/itm/2018-Pokemon-Japanese-Sun-Moon-Tag-Bolt-062-Dratini-PSA-10-/195102578965
0a76618d-52c2-4123-8624-9cf2a779a415,2022-05-05,64.99,eBay,BUY_IT_NOW,ok,0,https://www.ebay.com/itm/2018-Pokemon-Japanese-Sun-Moon-Tag-Bolt-062-Dratini-PSA-10-POP-6-/194888743412
0a90c7a1-e6f4-4201-acb1-cd5209d76978,2026-07-02,650,eBay,BUY_IT_NOW,ok,0,https://www.ebay.com/itm/117257987376
0a90c7a1-e6f4-4201-acb1-cd5209d76978,2026-05-24,469,eBay,BEST_OFFER,ok,0,https://www.ebay.com/itm/358590822022
0a90c7a1-e6f4-4201-acb1-cd5209d76978,2026-04-28,427,PWCC Fixed Price,BEST_OFFER,ok,0,https://www.fanaticscollect.com/buy-now/6e063444-7a8f-486a-b70a-eaf03a2c4481
0a90c7a1-e6f4-4201-acb1-cd5209d76978,2026-02-25,327,eBay,BEST_OFFER,ok,0,https://www.ebay.com/itm/117028820977
0a90c7a1-e6f4-4201-acb1-cd5209d76978,2026-01-23,299.99,eBay,BUY_IT_NOW,ok,0,https://www.ebay.com/itm/297939054600
0a90c7a1-e6f4-4201-acb1-cd5209d76978,2024-12-03,52,eBay,BUY_IT_NOW,ok,0,https://www.ebay.com/itm/PSA-10-GEM-MT-Dragonite-HOLO-040-051-Japanese-Thunder-Knuckle-/395544602255
0a90c7a1-e6f4-4201-acb1-cd5209d76978,2024-04-20,72.5,eBay,AUCTION,ok,0,https://www.ebay.com/itm/PSA-10-DRAGONITE-BW8-Thunder-Knuckle-040-051-Japanese-HOLO-1st-ED-Pokemon-Card-/266768450448
0a90c7a1-e6f4-4201-acb1-cd5209d76978,2023-04-02,167.5,eBay,AUCTION,ok,0,https://www.ebay.com/itm/Pokemon-Dragonite-Holo-040-2012-Thunder-Knuckle-UED-Japanese-PSA-10-/325592546083
0a90c7a1-e6f4-4201-acb1-cd5209d76978,2023-03-26,154.48,eBay,AUCTION,ok,0,https://www.ebay.com/itm/PSA-10-GEM-MINT-Dragonite-040-051-Thunder-Knuckle-Holo-UED-2012-Japanese-Graded-/195659160511
0a90c7a1-e6f4-4201-acb1-cd5209d76978,2022-06-09,130,eBay,BEST_OFFER,ok,0,https://www.ebay.com/itm/Pokemon-TCG-Japanese-Thunder-Knuckle-Dragonite-Holo-Rare-040-051-PSA-Gem-Mint-10-/175281629276
0ab3cafb-8fbd-4ef3-9e4d-4376231ee71d,2026-02-21,59,eBay,AUCTION,ok,0,https://www.ebay.com/itm/168160493890
0ab3cafb-8fbd-4ef3-9e4d-4376231ee71d,2025-04-27,46,eBay,AUCTION,ok,0,https://www.ebay.com/itm/156912209337
0ab3cafb-8fbd-4ef3-9e4d-4376231ee71d,2022-06-27,5.5,eBay,AUCTION,ok,0,https://www.ebay.com/itm/2021-Pokemon-SWSH-062-Rusted-Sword-Shining-Fates-PSA-10-Gem-Mint-/115435121098
0a447985-c630-4dba-b77f-ef3af93a2159,2026-06-29,200,eBay,BEST_OFFER,ok,0,https://www.ebay.com/itm/188188388587
0a447985-c630-4dba-b77f-ef3af93a2159,2026-06-07,103.5,eBay,AUCTION,ok,0,https://www.ebay.com/itm/117213199198
0a447985-c630-4dba-b77f-ef3af93a2159,2026-01-18,80.28,eBay,BUY_IT_NOW,ok,0,https://www.ebay.com/itm/365901512258
0a447985-c630-4dba-b77f-ef3af93a2159,2026-01-17,239,eBay,BEST_OFFER,ok,1,https://www.ebay.com/itm/116819927113
0a447985-c630-4dba-b77f-ef3af93a2159,2025-10-08,43,eBay,AUCTION,ok,0,https://www.ebay.com/itm/365896149285
0a447985-c630-4dba-b77f-ef3af93a2159,2025-09-26,48,eBay,BEST_OFFER,RELISTED,0,https://www.ebay.com/itm/177436393104
0a447985-c630-4dba-b77f-ef3af93a2159,2025-09-26,48,eBay,BEST_OFFER,RELISTED,0,https://www.ebay.com/itm/177436393103
0a447985-c630-4dba-b77f-ef3af93a2159,2025-09-07,49,eBay,AUCTION,ok,0,https://www.ebay.com/itm/297568390800
0a447985-c630-4dba-b77f-ef3af93a2159,2025-08-08,35.19,eBay,BUY_IT_NOW,ok,0,https://www.ebay.com/itm/186956729741
0a447985-c630-4dba-b77f-ef3af93a2159,2025-07-01,29,eBay,AUCTION,ok,0,https://www.ebay.com/itm/376367146755
0a890422-f8e1-42ac-ba5d-0e0884f4564c,2026-09-06,485,eBay,AUCTION,ok,0,https://www.ebay.com/itm/287552954494
0a890422-f8e1-42ac-ba5d-0e0884f4564c,2026-08-28,602,eBay,AUCTION,ok,0,https://www.ebay.com/itm/227486221993
0a890422-f8e1-42ac-ba5d-0e0884f4564c,2026-08-21,560,eBay,AUCTION,RELISTED,0,https://www.ebay.com/itm/227476351716
0a890422-f8e1-42ac-ba5d-0e0884f4564c,2026-08-17,431,eBay,AUCTION,ok,0,https://www.ebay.com/itm/407140450587
0a890422-f8e1-42ac-ba5d-0e0884f4564c,2026-08-16,620,eBay,BEST_OFFER,ok,0,https://www.ebay.com/itm/287435956105
0a890422-f8e1-42ac-ba5d-0e0884f4564c,2026-08-11,640,eBay,AUCTION,ok,0,https://www.ebay.com/itm/366586185182
0a890422-f8e1-42ac-ba5d-0e0884f4564c,2026-08-10,670,eBay,AUCTION,RELISTED,0,https://www.ebay.com/itm/227461060149
0a890422-f8e1-42ac-ba5d-0e0884f4564c,2026-07-26,805,eBay,AUCTION,ok,0,https://www.ebay.com/itm/307068519764
0a890422-f8e1-42ac-ba5d-0e0884f4564c,2026-07-26,673,eBay,AUCTION,ok,0,https://www.ebay.com/itm/307064292805
0a890422-f8e1-42ac-ba5d-0e0884f4564c,2026-07-17,750,eBay,AUCTION,ok,0,https://www.ebay.com/itm/307053277952
0ad369ec-ca38-47d1-9086-ec803a31a4c8,2026-09-09,256,eBay,AUCTION,ok,0,https://www.ebay.com/itm/188872212813
0ad369ec-ca38-47d1-9086-ec803a31a4c8,2026-09-06,289,eBay,BEST_OFFER,ok,0,https://www.ebay.com/itm/227476433831
0ad369ec-ca38-47d1-9086-ec803a31a4c8,2026-09-06,255,eBay,AUCTION,ok,0,https://www.ebay.com/itm/267766160838
0ad369ec-ca38-47d1-9086-ec803a31a4c8,2026-09-04,217.2,Alt,AUCTION,PAYMENT_INITIATED,0,https://alt.xyz/exchange/select-listing?ids=c4e6adbc-c3eb-42b4-8411-3ab896a7e72b
0ad369ec-ca38-47d1-9086-ec803a31a4c8,2026-09-03,239.96,eBay,AUCTION,ok,0,https://www.ebay.com/itm/158225992904
0ad369ec-ca38-47d1-9086-ec803a31a4c8,2026-08-30,317,eBay,AUCTION,ok,0,https://www.ebay.com/itm/117372345533
0ad369ec-ca38-47d1-9086-ec803a31a4c8,2026-08-26,295,eBay,BEST_OFFER,ok,0,https://www.ebay.com/itm/298464091724
0ad369ec-ca38-47d1-9086-ec803a31a4c8,2026-08-14,250,eBay,BEST_OFFER,ok,0,https://www.ebay.com/itm/227437217396
0ad369ec-ca38-47d1-9086-ec803a31a4c8,2026-08-05,220,eBay,BUY_IT_NOW,ok,0,https://www.ebay.com/itm/278241612729
0ad369ec-ca38-47d1-9086-ec803a31a4c8,2026-08-03,177.5,eBay,AUCTION,ok,0,https://www.ebay.com/itm/198529205633
0a6c8633-8af7-4c97-9809-67bc556b5106,2025-10-30,600,eBay,BUY_IT_NOW,ok,0,https://www.ebay.com/itm/376500604198
0a6c8633-8af7-4c97-9809-67bc556b5106,2024-10-20,106.9,eBay,AUCTION,ok,0,https://www.ebay.com/itm/Pokemon-Smoochum-31-115-ex-Unseen-Forces-Reverse-PSA-10-GEM-MINT-CH2-/286095365596
0a6c8633-8af7-4c97-9809-67bc556b5106,2023-02-19,102.5,eBay,AUCTION,ok,0,https://www.ebay.com/itm/PSA-10-GEM-MINT-Reverse-Holo-Smoochum-Pokemon-Card-EX-Unseen-Forces-31-115-POP-7-/314393612261
0a6c8633-8af7-4c97-9809-67bc556b5106,2023-01-16,158,eBay,BUY_IT_NOW,ok,0,https://www.ebay.com/itm/Pokemon-2005-Smoochum-31-115-PSA-10-EX-Unseen-Forces-Reverse-Holo-Rare-LOW-POP-/255737675696
0a6c8633-8af7-4c97-9809-67bc556b5106,2022-09-11,127.5,eBay,AUCTION,ok,0,https://www.ebay.com/itm/PSA-10-GEM-MINT-Reverse-Holo-Smoochum-Pokemon-Card-EX-Unseen-Forces-31-115-/314133376451
0a4aa903-1392-4d9d-9076-4cd2900af908,2026-06-16,40.23,eBay,BEST_OFFER,ok,0,https://www.ebay.com/itm/168443924515
0a4aa903-1392-4d9d-9076-4cd2900af908,2026-01-28,37,eBay,AUCTION,ok,0,https://www.ebay.com/itm/116992741064
0a4aa903-1392-4d9d-9076-4cd2900af908,2025-12-17,22,eBay,AUCTION,ok,0,https://www.ebay.com/itm/376773654986
0a4aa903-1392-4d9d-9076-4cd2900af908,2025-07-09,29.99,eBay,BUY_IT_NOW,ok,0,https://www.ebay.com/itm/365718016303
0a4aa903-1392-4d9d-9076-4cd2900af908,2025-04-20,13.52,eBay,AUCTION,ok,0,https://www.ebay.com/itm/256892544051
0a4aa903-1392-4d9d-9076-4cd2900af908,2025-03-26,20,eBay,BEST_OFFER,ok,0,https://www.ebay.com/itm/387781339113
0a4aa903-1392-4d9d-9076-4cd2900af908,2024-12-06,44.4,eBay,BUY_IT_NOW,ok,0,https://www.ebay.com/itm/POKEMON-PSA-10-ALOLAN-EXEGGUTOR-V-072-071-POKEMON-GO-S10B-48-2M-/387475237131
0a4aa903-1392-4d9d-9076-4cd2900af908,2024-11-05,29.95,eBay,BUY_IT_NOW,ok,0,https://www.ebay.com/itm/PSA-10-Exeggutor-V-72-71-Pokemon-Go-Japanese-Card-/255872838254
0a4aa903-1392-4d9d-9076-4cd2900af908,2024-05-26,14.4,PWCC Weekly Auctions,AUCTION,ok,0,https://www.fanaticscollect.com/weekly/e738644c-0e2b-11ef-8c40-0a58a9feac02
0a4aa903-1392-4d9d-9076-4cd2900af908,2024-04-07,10,eBay,AUCTION,ok,0,https://www.ebay.com/itm/PSA-10-Fa-Alolan-Exeggutor-V-2022-Pokemon-Go-Japanese-072-/126404839993
0a975d27-1133-4e64-a469-d89070ac031b,2026-08-17,35,eBay,AUCTION,ok,0,https://www.ebay.com/itm/198561668100
0a975d27-1133-4e64-a469-d89070ac031b,2026-07-05,80,eBay,BEST_OFFER,ok,0,https://www.ebay.com/itm/358579289887
0a975d27-1133-4e64-a469-d89070ac031b,2026-06-20,46,eBay,BEST_OFFER,ok,0,https://www.ebay.com/itm/366293908184
0a975d27-1133-4e64-a469-d89070ac031b,2026-05-30,90,eBay,BEST_OFFER,ok,0,https://www.ebay.com/itm/147326555037
0a975d27-1133-4e64-a469-d89070ac031b,2026-05-28,49.99,eBay,BUY_IT_NOW,ok,0,https://www.ebay.com/itm/187549244134
0a975d27-1133-4e64-a469-d89070ac031b,2026-05-17,50,eBay,BEST_OFFER,ok,0,https://www.ebay.com/itm/227345850459
0a975d27-1133-4e64-a469-d89070ac031b,2026-04-23,59.99,eBay,BUY_IT_NOW,ok,0,https://www.ebay.com/itm/327104264221
0a975d27-1133-4e64-a469-d89070ac031b,2026-04-21,38.55,eBay,AUCTION,ok,0,https://www.ebay.com/itm/366347531185
0a975d27-1133-4e64-a469-d89070ac031b,2026-04-05,31.72,eBay,AUCTION,ok,0,https://www.ebay.com/itm/406790397386
0a975d27-1133-4e64-a469-d89070ac031b,2026-03-01,36,eBay,AUCTION,ok,0,https://www.ebay.com/itm/117044263961
0aa47a65-922f-4898-b2c0-b95fa586aae1,2026-08-02,30.22,CardHobby,AUCTION,ok,0,https://www.cardhobby.com/#/carddetails/126477007
0aa47a65-922f-4898-b2c0-b95fa586aae1,2026-07-22,44.99,eBay,BUY_IT_NOW,ok,0,https://www.ebay.com/itm/117071385760
0aa47a65-922f-4898-b2c0-b95fa586aae1,2026-06-11,39.11,eBay,BUY_IT_NOW,ok,0,https://www.ebay.com/itm/296162696700
0aa47a65-922f-4898-b2c0-b95fa586aae1,2026-06-05,33.95,eBay,BEST_OFFER,RELISTED,0,https://www.ebay.com/itm/227340166024
0aa47a65-922f-4898-b2c0-b95fa586aae1,2026-06-05,25,eBay,BEST_OFFER,ok,0,https://www.ebay.com/itm/406876361499
0aa47a65-922f-4898-b2c0-b95fa586aae1,2026-05-12,24.5,eBay,AUCTION,ok,0,https://www.ebay.com/itm/358521169046
0aa47a65-922f-4898-b2c0-b95fa586aae1,2026-04-28,29.99,eBay,BUY_IT_NOW,ok,0,https://www.ebay.com/itm/117046266974
0aa47a65-922f-4898-b2c0-b95fa586aae1,2026-04-27,43.09,eBay,BUY_IT_NOW,ok,0,https://www.ebay.com/itm/306320030034
0aa47a65-922f-4898-b2c0-b95fa586aae1,2026-04-09,32.99,eBay,BUY_IT_NOW,ok,0,https://www.ebay.com/itm/286762826900
0aa47a65-922f-4898-b2c0-b95fa586aae1,2026-03-11,26,eBay,AUCTION,ok,0,https://www.ebay.com/itm/168209418099
0a2adc90-dfb9-4a4b-a342-b741072d18f9,2026-09-10,65,eBay,BUY_IT_NOW,ok,0,https://www.ebay.com/itm/278344079712
0a2adc90-dfb9-4a4b-a342-b741072d18f9,2026-08-15,67.62,eBay,BUY_IT_NOW,ok,0,https://www.ebay.com/itm/156170595442
0a2adc90-dfb9-4a4b-a342-b741072d18f9,2026-07-08,41,eBay,AUCTION,ok,0,https://www.ebay.com/itm/127955718425
0a2adc90-dfb9-4a4b-a342-b741072d18f9,2026-06-26,61.42,eBay,BUY_IT_NOW,ok,0,https://www.ebay.com/itm/126790328072
0a2adc90-dfb9-4a4b-a342-b741072d18f9,2026-06-15,42.25,eBay,BUY_IT_NOW,ok,0,https://www.ebay.com/itm/406294046293
0a2adc90-dfb9-4a4b-a342-b741072d18f9,2026-05-25,50,eBay,BEST_OFFER,ok,0,https://www.ebay.com/itm/397219058117
0a2adc90-dfb9-4a4b-a342-b741072d18f9,2026-04-22,33,eBay,AUCTION,ok,0,https://www.ebay.com/itm/157839893431
0a2adc90-dfb9-4a4b-a342-b741072d18f9,2026-04-12,42,eBay,AUCTION,ok,0,https://www.ebay.com/itm/306862364579
0a2adc90-dfb9-4a4b-a342-b741072d18f9,2026-04-10,40,eBay,BEST_OFFER,ok,0,https://www.ebay.com/itm/317680336982
0a2adc90-dfb9-4a4b-a342-b741072d18f9,2026-04-01,69,eBay,BUY_IT_NOW,ok,0,https://www.ebay.com/itm/306065526865
0a18df46-3654-4ee4-8ecf-caea7cdef6d5,2026-08-30,129.5,eBay,AUCTION,ok,0,https://www.ebay.com/itm/287541280850
0a18df46-3654-4ee4-8ecf-caea7cdef6d5,2026-06-29,61,eBay,AUCTION,ok,0,https://www.ebay.com/itm/377288185834
0a18df46-3654-4ee4-8ecf-caea7cdef6d5,2026-06-14,198.12,eBay,AUCTION,ok,0,https://www.ebay.com/itm/287372425731
0a18df46-3654-4ee4-8ecf-caea7cdef6d5,2026-04-30,355,eBay,AUCTION,ok,0,https://www.ebay.com/itm/227322110461
0a18df46-3654-4ee4-8ecf-caea7cdef6d5,2026-03-17,179.82,eBay,BUY_IT_NOW,ok,0,https://www.ebay.com/itm/286873391585
0a18df46-3654-4ee4-8ecf-caea7cdef6d5,2025-12-12,165,eBay,BUY_IT_NOW,ok,0,https://www.ebay.com/itm/256805592556
0a18df46-3654-4ee4-8ecf-caea7cdef6d5,2025-09-13,51,eBay,AUCTION,ok,0,https://www.ebay.com/itm/306478325022
0a18df46-3654-4ee4-8ecf-caea7cdef6d5,2025-07-05,120,eBay,AUCTION,ok,0,https://www.ebay.com/itm/297434017468
0a18df46-3654-4ee4-8ecf-caea7cdef6d5,2025-06-17,130,eBay,BEST_OFFER,ok,0,https://www.ebay.com/itm/286654663838
0a18df46-3654-4ee4-8ecf-caea7cdef6d5,2025-05-28,115,eBay,BEST_OFFER,ok,0,https://www.ebay.com/itm/296233104669
0aa5aefc-1e88-4e97-bbf3-051f4c409fac,2024-10-27,14.5,eBay,AUCTION,ok,0,https://www.ebay.com/itm/2005-Pkoemon-Ex-Unseen-Forces-53-Clefairy-PSA-10-GEM-MINT-/365188584002
0aa5aefc-1e88-4e97-bbf3-051f4c409fac,2024-06-02,39.47,eBay,AUCTION,ok,0,https://www.ebay.com/itm/Pokemon-Card-PSA-10-Clefairy-53-115-EX-Unseen-Forces-Non-Holo-GEM-MT-PSA10-/285873841791
0aa5aefc-1e88-4e97-bbf3-051f4c409fac,2023-01-08,58.88,eBay,BUY_IT_NOW,ok,0,https://www.ebay.com/itm/2005-Pokemon-EX-Unseen-Forces-53-Clefairy-PSA-10-Card-GEM-MINT-Trusted-Seller-/154871198196
0a7433e6-d061-4606-a652-c65d10e8736f,2026-09-09,80.95,eBay,BUY_IT_NOW,ok,0,https://www.ebay.com/itm/358850862026
0a7433e6-d061-4606-a652-c65d10e8736f,2026-09-06,129.99,eBay,BUY_IT_NOW,ok,0,https://www.ebay.com/itm/407188291162
0a7433e6-d061-4606-a652-c65d10e8736f,2026-08-29,122,eBay,BEST_OFFER,ok,0,https://www.ebay.com/itm/407020440576
0a7433e6-d061-4606-a652-c65d10e8736f,2026-08-27,90,eBay,BEST_OFFER,ok,0,https://www.ebay.com/itm/178371025769
0a7433e6-d061-4606-a652-c65d10e8736f,2026-08-21,100,eBay,BUY_IT_NOW,ok,0,https://www.ebay.com/itm/178431447327
0a7433e6-d061-4606-a652-c65d10e8736f,2026-08-21,100,eBay,BUY_IT_NOW,RELISTED,0,https://www.ebay.com/itm/178425025505
0a7433e6-d061-4606-a652-c65d10e8736f,2026-08-06,67.34,eBay,BEST_OFFER,ok,0,https://www.ebay.com/itm/257608937631
0a7433e6-d061-4606-a652-c65d10e8736f,2026-07-28,91,eBay,AUCTION,ok,0,https://www.ebay.com/itm/158106830857
0a7433e6-d061-4606-a652-c65d10e8736f,2026-07-26,109.88,eBay,BEST_OFFER,ok,0,https://www.ebay.com/itm/800409418621
0a7433e6-d061-4606-a652-c65d10e8736f,2026-07-23,85,eBay,BEST_OFFER,ok,0,https://www.ebay.com/itm/236946326777
0a7106cd-b15f-4992-863e-fc1dbafde3a6,2026-08-26,249,eBay,BUY_IT_NOW,ok,0,https://www.ebay.com/itm/377357298410
0a7106cd-b15f-4992-863e-fc1dbafde3a6,2025-02-16,49.2,PWCC Weekly Auctions,AUCTION,ok,0,https://www.fanaticscollect.com/weekly/135d68c2-e3cb-11ef-9440-02769b1fc9b9
0a7106cd-b15f-4992-863e-fc1dbafde3a6,2024-07-21,40,eBay,AUCTION,ok,0,https://www.ebay.com/itm/2000-Pokemon-Topps-Marowak-Animation-Series-2-Foil-105-PSA-10-Gem-Mint-/285955531107
0a7106cd-b15f-4992-863e-fc1dbafde3a6,2023-05-25,45,eBay,AUCTION,ok,0,https://www.ebay.com/itm/2000-TOPPS-POKEMON-TV-ANIMATION-SERIES-2-FOIL-105-MAROWAK-PSA-10-/385622262650
0a7106cd-b15f-4992-863e-fc1dbafde3a6,2023-02-07,150,eBay,BEST_OFFER,ok,0,https://www.ebay.com/itm/2000-Pokemon-TV-Topps-Series-2-Foil-Marowak-105-PSA-10-GEM-MINT-/334736167431
0a421d63-2bae-413e-9e6d-9d1b2e728c70,2026-06-21,324,PWCC Weekly Auctions,AUCTION,ok,0,https://www.fanaticscollect.com/weekly/cc9da346-603a-11f1-9bb4-0a58a9feac02
0a421d63-2bae-413e-9e6d-9d1b2e728c70,2025-11-16,152.5,eBay,AUCTION,ok,0,https://www.ebay.com/itm/297744883149
0a421d63-2bae-413e-9e6d-9d1b2e728c70,2025-05-16,130,eBay,AUCTION,ok,0,https://www.ebay.com/itm/405852229515
0a421d63-2bae-413e-9e6d-9d1b2e728c70,2024-12-15,96,PWCC Weekly Auctions,AUCTION,ok,0,https://www.fanaticscollect.com/weekly/e63ba5dc-b2a3-11ef-8c85-0a58a9feac02
0a421d63-2bae-413e-9e6d-9d1b2e728c70,2024-10-02,99.99,eBay,AUCTION,ok,0,https://www.ebay.com/itm/2006-POKEMON-JPN-HOLON-PHANTOMS-1ST-ED-009-AERODACTYL-PSA-10-/305802835001
0a421d63-2bae-413e-9e6d-9d1b2e728c70,2024-08-04,93.6,PWCC Weekly Auctions,AUCTION,ok,0,https://www.fanaticscollect.com/weekly/235b7630-4bfd-11ef-97ac-06b43c75b713
0a421d63-2bae-413e-9e6d-9d1b2e728c70,2024-04-25,150,eBay,AUCTION,ok,0,https://www.ebay.com/itm/Aerodactyl-1ST-ED-Japanese-009-052-PSA-GEM-MINT-10-Holon-Phantoms-POP6-/315312366721
0a421d63-2bae-413e-9e6d-9d1b2e728c70,2024-02-20,120,eBay,BUY_IT_NOW,ok,0,https://www.ebay.com/itm/Pokemon-Japanese-1st-Ed-Aerodactyl-009-052-PSA-10-GEM-MINT-Holon-Phantoms-/296191033654
0a421d63-2bae-413e-9e6d-9d1b2e728c70,2024-01-07,100.8,PWCC Weekly Auctions,AUCTION,ok,0,https://www.fanaticscollect.com/weekly/a15a45f8-a59e-11ee-a208-0a58a9feac02
0a421d63-2bae-413e-9e6d-9d1b2e728c70,2023-12-08,150,eBay,BUY_IT_NOW,ok,0,https://www.ebay.com/itm/Pokemon-Japanese-Aerodactyl-Holon-Phantoms-1st-Ed-009-052-PSA-10-GEM-MINT-/364526691286
0a1dd5db-338c-43ed-a123-54886168bc23,2026-09-05,530,eBay,AUCTION,ok,0,https://www.ebay.com/itm/307151112250
0a1dd5db-338c-43ed-a123-54886168bc23,2026-09-02,500,eBay,BEST_OFFER,ok,0,https://www.ebay.com/itm/117355198470
0a1dd5db-338c-43ed-a123-54886168bc23,2026-08-17,263,eBay,AUCTION,ok,0,https://www.ebay.com/itm/117348600670
0a1dd5db-338c-43ed-a123-54886168bc23,2026-03-03,150,eBay,BUY_IT_NOW,ok,0,https://www.ebay.com/itm/116696710302
0a1dd5db-338c-43ed-a123-54886168bc23,2026-03-03,150,eBay,BUY_IT_NOW,ok,0,https://www.ebay.com/itm/116696710122
0a1dd5db-338c-43ed-a123-54886168bc23,2026-02-06,156,eBay,AUCTION,ok,0,https://www.ebay.com/itm/117007546745
0a1dd5db-338c-43ed-a123-54886168bc23,2025-10-26,84.18,eBay,AUCTION,ok,0,https://www.ebay.com/itm/286882113874
0a1dd5db-338c-43ed-a123-54886168bc23,2025-05-09,44.99,eBay,BUY_IT_NOW,ok,0,https://www.ebay.com/itm/276814299095
0a1dd5db-338c-43ed-a123-54886168bc23,2024-06-25,34.98,eBay,BUY_IT_NOW,ok,0,https://www.ebay.com/itm/Garchomp-Holo-Pokemon-Card-Secret-Lakes-1st-Edition-DPBP-504-MINT-PSA-9-/355769737169
0a1dd5db-338c-43ed-a123-54886168bc23,2024-06-02,30.59,eBay,AUCTION,ok,0,https://www.ebay.com/itm/Meganium-DPBP-185-Japanese-PSA-10-Pokemon-Holo-Rare-/285878033198
0a253bc1-c25e-40c6-bc9b-993c7a031613,2023-03-22,14.28,eBay,AUCTION,ok,0,https://www.ebay.com/itm/Melmetal-130-189-Darkness-Ablaze-Pokemon-PSA-10-99p-start-/266169982080
0afbc6fb-6567-47da-8578-76cb0062f779,2026-08-15,97,eBay,AUCTION,ok,0,https://www.ebay.com/itm/307113541364
0afbc6fb-6567-47da-8578-76cb0062f779,2023-03-26,36,eBay,AUCTION,ok,0,https://www.ebay.com/itm/2002-Pokemon-Japanese-Wind-Sea-Traveling-Salesman-1st-Ed-PSA-10-POP-5-/195667774747
0affc8f0-4162-4dae-810a-5244c32857b1,2026-08-16,1110,PWCC Weekly Auctions,AUCTION,ok,0,https://www.fanaticscollect.com/weekly/145c25ba-945a-11f1-b668-02fff39530e1
0affc8f0-4162-4dae-810a-5244c32857b1,2026-07-26,1050,PWCC Weekly Auctions,AUCTION,ok,0,https://www.fanaticscollect.com/weekly/4cd870fa-815a-11f1-8ace-02ba9858bad3
0affc8f0-4162-4dae-810a-5244c32857b1,2026-07-19,1025,eBay,AUCTION,ok,0,https://www.ebay.com/itm/287451060604
0affc8f0-4162-4dae-810a-5244c32857b1,2026-06-28,861,eBay,AUCTION,ok,0,https://www.ebay.com/itm/117258860245
0affc8f0-4162-4dae-810a-5244c32857b1,2026-06-13,1092,eBay,AUCTION,ok,0,https://www.ebay.com/itm/117230880786
0affc8f0-4162-4dae-810a-5244c32857b1,2026-04-30,1499.99,eBay,BUY_IT_NOW,ok,0,https://www.ebay.com/itm/336112971481
0affc8f0-4162-4dae-810a-5244c32857b1,2026-03-23,899.99,eBay,BEST_OFFER,ok,0,https://www.ebay.com/itm/358305192842
0affc8f0-4162-4dae-810a-5244c32857b1,2026-03-03,650,eBay,BEST_OFFER,ok,0,https://www.ebay.com/itm/297955405768
0affc8f0-4162-4dae-810a-5244c32857b1,2025-09-02,291.73,eBay,BEST_OFFER,ok,0,https://www.ebay.com/itm/405394282419
0affc8f0-4162-4dae-810a-5244c32857b1,2025-07-02,375,PWCC Fixed Price,BEST_OFFER,ok,0,https://sales-history.pwccmarketplace.com/items/FIXED272699
0ae5d19a-20b7-4eff-9d8c-c956a3ff545f,2024-03-13,2000,PWCC Fixed Price,BEST_OFFER,ok,0,https://sales-history.pwccmarketplace.com/items/FIXED148538
0ae5d19a-20b7-4eff-9d8c-c956a3ff545f,2023-10-22,690,PWCC Weekly Auctions,AUCTION,ok,0,https://www.fanaticscollect.com/weekly/e9b703f2-5636-11ee-bcc4-0aa5fcb6db43
0ae5d19a-20b7-4eff-9d8c-c956a3ff545f,2023-07-23,1650,PWCC Weekly Auctions,AUCTION,ok,0,https://www.fanaticscollect.com/weekly/d2424dc4-0ed0-11ee-80f3-0a58a9feac02
0ae5d19a-20b7-4eff-9d8c-c956a3ff545f,2023-05-23,3000,eBay,BEST_OFFER,ok,0,https://www.ebay.com/itm/Pokemon-Topsun-No-Number-Blue-Back-Poliwrath-1995-PSA-10-POP-1-ONLY-ONE-/354374689834
0a4fc967-8d78-4bb6-9b96-298822b3544e,2026-06-07,675,eBay,AUCTION,ok,0,https://www.ebay.com/itm/287357735387
0a4fc967-8d78-4bb6-9b96-298822b3544e,2026-05-25,1049.99,eBay,BUY_IT_NOW,ok,0,https://www.ebay.com/itm/157893943552
0a4fc967-8d78-4bb6-9b96-298822b3544e,2025-06-14,150,eBay,BUY_IT_NOW,ok,0,https://www.ebay.com/itm/316583746082
0a4fc967-8d78-4bb6-9b96-298822b3544e,2025-01-19,115,eBay,AUCTION,ok,0,https://www.ebay.com/itm/2012-Pokemom-Black-White-Dark-Explorers-Holo-Blissey-82-PSA-10-ES6-/176796758354
0a4fc967-8d78-4bb6-9b96-298822b3544e,2023-05-31,70,eBay,AUCTION,ok,0,https://www.ebay.com/itm/2012-Pokemon-Black-and-White-Dark-Explorers-Holo-82-Blissey-PSA-10-GEM-MINT-ES6-/175750753540
0a6642a6-b024-4c45-8adb-eff221412081,2026-06-21,102.5,eBay,AUCTION,ok,0,https://www.ebay.com/itm/287386673405
0a6642a6-b024-4c45-8adb-eff221412081,2026-06-17,51,eBay,AUCTION,ok,0,https://www.ebay.com/itm/236870259906
0a6642a6-b024-4c45-8adb-eff221412081,2026-06-17,46,eBay,AUCTION,ok,0,https://www.ebay.com/itm/236870256794
0a6642a6-b024-4c45-8adb-eff221412081,2026-06-10,104.21,CardHobby,AUCTION,ok,0,https://www.cardhobby.com/#/carddetails/115527861
0a6642a6-b024-4c45-8adb-eff221412081,2026-06-07,174.99,eBay,BUY_IT_NOW,ok,0,https://www.ebay.com/itm/406916709474
0a6642a6-b024-4c45-8adb-eff221412081,2026-05-18,200,eBay,BUY_IT_NOW,ok,0,https://www.ebay.com/itm/306857730956
0a6642a6-b024-4c45-8adb-eff221412081,2025-12-04,150,eBay,BUY_IT_NOW,ok,0,https://www.ebay.com/itm/116727100099
0a6642a6-b024-4c45-8adb-eff221412081,2025-02-02,60,PWCC Weekly Auctions,AUCTION,ok,0,https://www.fanaticscollect.com/weekly/cc83fe26-d87a-11ef-a69e-0a61c2e29fd5
0a6642a6-b024-4c45-8adb-eff221412081,2024-11-10,48,eBay,AUCTION,ok,0,https://www.ebay.com/itm/2018-POKEMON-JPN-SUN-MOON-102-FULL-ART-STEVENS-RESOLVE-PSA-10-/305875323796
0a6642a6-b024-4c45-8adb-eff221412081,2024-11-08,52.99,eBay,AUCTION,ok,0,https://www.ebay.com/itm/2018-POKEMON-JAPANESE-SUN-MOON-102-FULL-ART-STEVENS-RESOLVE-PSA-10-/305874806606
0af41802-d1be-45c6-9b4c-f57c632e6527,2026-09-14,850,eBay,BUY_IT_NOW,ok,0,https://www.ebay.com/itm/158240275604
0af41802-d1be-45c6-9b4c-f57c632e6527,2026-09-14,850,eBay,BEST_OFFER,ok,0,https://www.ebay.com/itm/800630594679
0af41802-d1be-45c6-9b4c-f57c632e6527,2026-09-13,1134.84,CardHobby,AUCTION,ok,0,https://www.cardhobby.com/#/carddetails/134015648
0af41802-d1be-45c6-9b4c-f57c632e6527,2026-09-09,1288,PWCC Fixed Price,BEST_OFFER,ok,0,https://www.fanaticscollect.com/buy-now/213d02c0-01c9-40ab-880b-4a5e3218afcf
0af41802-d1be-45c6-9b4c-f57c632e6527,2026-09-08,967,eBay,AUCTION,ok,0,https://www.ebay.com/itm/800596248478
0af41802-d1be-45c6-9b4c-f57c632e6527,2026-09-07,1025,eBay,AUCTION,ok,0,https://www.ebay.com/itm/820071934317
0af41802-d1be-45c6-9b4c-f57c632e6527,2026-09-06,1321.32,CardHobby,AUCTION,ok,0,https://www.cardhobby.com/#/carddetails/131588707
0af41802-d1be-45c6-9b4c-f57c632e6527,2026-09-06,988,eBay,AUCTION,ok,0,https://www.ebay.com/itm/307149378602
0af41802-d1be-45c6-9b4c-f57c632e6527,2026-09-06,980,eBay,AUCTION,ok,0,https://www.ebay.com/itm/287552957163
0af41802-d1be-45c6-9b4c-f57c632e6527,2026-09-06,920,eBay,AUCTION,ok,0,https://www.ebay.com/itm/287552953876
0ab6f0d1-d9dc-41c5-b8fe-92d5836202e6,2026-09-16,599.77,eBay,BUY_IT_NOW,ok,0,https://www.ebay.com/itm/327326131212
0ab6f0d1-d9dc-41c5-b8fe-92d5836202e6,2026-09-14,465,eBay,BEST_OFFER,ok,0,https://www.ebay.com/itm/227518701180
0ab6f0d1-d9dc-41c5-b8fe-92d5836202e6,2026-09-13,470,eBay,AUCTION,ok,0,https://www.ebay.com/itm/307154339794
0ab6f0d1-d9dc-41c5-b8fe-92d5836202e6,2026-09-13,444,PWCC Weekly Auctions,AUCTION,ok,0,https://www.fanaticscollect.com/weekly/8570b4cc-a6f3-11f1-9335-0afc307777bd
0ab6f0d1-d9dc-41c5-b8fe-92d5836202e6,2026-09-12,465,eBay,BEST_OFFER,ok,0,https://www.ebay.com/itm/168683511966
0ab6f0d1-d9dc-41c5-b8fe-92d5836202e6,2026-09-11,499.99,eBay,BUY_IT_NOW,ok,0,https://www.ebay.com/itm/227516096965
0ab6f0d1-d9dc-41c5-b8fe-92d5836202e6,2026-09-11,450,eBay,AUCTION,ok,0,https://www.ebay.com/itm/336788913961
0ab6f0d1-d9dc-41c5-b8fe-92d5836202e6,2026-09-09,510,eBay,AUCTION,ok,0,https://www.ebay.com/itm/398352646928
0ab6f0d1-d9dc-41c5-b8fe-92d5836202e6,2026-09-09,482.77,eBay,AUCTION,ok,0,https://www.ebay.com/itm/800603646759
0ab6f0d1-d9dc-41c5-b8fe-92d5836202e6,2026-09-09,455,eBay,AUCTION,ok,0,https://www.ebay.com/itm/800603864324
0a002d31-ebf5-41f0-b3e2-aa986e14b7c6,2023-12-02,44.15,eBay,BUY_IT_NOW,ok,0,https://www.ebay.com/itm/Pokemon-Japanese-Clefairy-051-070-Plasma-Gale-Gem-Mint-Psa-10-POP-1-/364609439838
0af1195b-7a5e-489c-982c-8714042bf9ba,2026-04-18,499.99,eBay,BEST_OFFER,ok,0,https://www.ebay.com/itm/155838640362
0af1195b-7a5e-489c-982c-8714042bf9ba,2026-01-13,289.95,eBay,BUY_IT_NOW,ok,0,https://www.ebay.com/itm/297930498107
0af1195b-7a5e-489c-982c-8714042bf9ba,2025-09-17,152.5,eBay,AUCTION,ok,0,https://www.ebay.com/itm/116766318831
0af1195b-7a5e-489c-982c-8714042bf9ba,2025-01-16,125,eBay,BUY_IT_NOW,ok,0,https://www.ebay.com/itm/2004-Pokemon-Pop-Series-1-16-Armaldo-EX-non-holo-PSA-10-/156549242216
0af1195b-7a5e-489c-982c-8714042bf9ba,2024-12-29,71,eBay,AUCTION,ok,0,https://www.ebay.com/itm/Pokemon-Armaldo-ex-POP-Series-1-Rare-16-PSA-10-Gem-Mint-/286223807012
0af1195b-7a5e-489c-982c-8714042bf9ba,2024-12-27,111.05,eBay,BEST_OFFER,ok,0,https://www.ebay.com/itm/Armaldo-ex-16-17-2004-POP-Series-1-PSA-10-GEM-MINT-/267061306820
0af1195b-7a5e-489c-982c-8714042bf9ba,2024-05-20,118.38,eBay,AUCTION,ok,0,https://www.ebay.com/itm/PSA-10-Armaldo-EX-POP-Series-1-16-Rare-Pokemon-TCG-Card-2004-Gem-Mint-/166760059146
0af1195b-7a5e-489c-982c-8714042bf9ba,2023-12-09,135,eBay,BUY_IT_NOW,ok,0,https://www.ebay.com/itm/2004-Pokemon-Pop-Series-1-16-Armaldo-EX-PSA-10-Gem-Mint-Non-Holo-/275508547470
0a7d4434-6b9d-49f1-8197-753326943fea,2023-12-16,37.95,eBay,BUY_IT_NOW,ok,0,https://www.ebay.com/itm/Pokemon-Heracross-Reverse-Foil-Astral-Radiance-008-Graded-Card-PSA-10-/166504003308
0a9a2422-4155-4eb6-b0fd-177b54499304,2026-08-30,29.82,eBay,AUCTION,ok,0,https://www.ebay.com/itm/287541279307
0a9a2422-4155-4eb6-b0fd-177b54499304,2026-08-30,26.5,eBay,AUCTION,ok,0,https://www.ebay.com/itm/287541279434
0a9a2422-4155-4eb6-b0fd-177b54499304,2026-08-30,22.5,eBay,AUCTION,ok,0,https://www.ebay.com/itm/287541279306
0a9a2422-4155-4eb6-b0fd-177b54499304,2026-08-16,26,eBay,AUCTION,ok,0,https://www.ebay.com/itm/287511110528
0a9a2422-4155-4eb6-b0fd-177b54499304,2026-08-09,37.2,PWCC Weekly Auctions,AUCTION,ok,0,https://www.fanaticscollect.com/weekly/a46f2486-89ce-11f1-a66f-0a58a9feac02
0a9a2422-4155-4eb6-b0fd-177b54499304,2023-12-17,9.6,PWCC Weekly Auctions,AUCTION,ok,0,https://www.fanaticscollect.com/weekly/6a7e46b8-92ef-11ee-8b55-0252500e30cf
0a73283e-d0dc-4e9c-94e4-b73673a727ad,2026-09-08,98.99,eBay,BUY_IT_NOW,ok,0,https://www.ebay.com/itm/156801494947
0a73283e-d0dc-4e9c-94e4-b73673a727ad,2026-08-26,109.19,eBay,BEST_OFFER,ok,0,https://www.ebay.com/itm/287470081231
0a73283e-d0dc-4e9c-94e4-b73673a727ad,2026-08-21,105,eBay,BEST_OFFER,ok,0,https://www.ebay.com/itm/236996404869
0a73283e-d0dc-4e9c-94e4-b73673a727ad,2026-08-18,113,eBay,BEST_OFFER,ok,0,https://www.ebay.com/itm/306936387603
0a73283e-d0dc-4e9c-94e4-b73673a727ad,2026-07-29,93,eBay,BEST_OFFER,ok,0,https://www.ebay.com/itm/117321853010
0a73283e-d0dc-4e9c-94e4-b73673a727ad,2026-07-25,109.99,eBay,BUY_IT_NOW,RELISTED,0,https://www.ebay.com/itm/398170513267
0a73283e-d0dc-4e9c-94e4-b73673a727ad,2026-07-06,93.45,eBay,BUY_IT_NOW,ok,0,https://www.ebay.com/itm/800116374002
0a73283e-d0dc-4e9c-94e4-b73673a727ad,2026-07-05,82,eBay,AUCTION,ok,0,https://www.ebay.com/itm/287424610919
0a73283e-d0dc-4e9c-94e4-b73673a727ad,2026-07-01,57.78,eBay,AUCTION,ok,0,https://www.ebay.com/itm/366501806394
0a73283e-d0dc-4e9c-94e4-b73673a727ad,2026-06-20,92.62,eBay,BUY_IT_NOW,ok,0,https://www.ebay.com/itm/800116373987
0abb0298-8a13-4580-bb37-9be4534cf5f3,2026-08-09,140.31,eBay,AUCTION,ok,0,https://www.ebay.com/itm/398240843173
0abb0298-8a13-4580-bb37-9be4534cf5f3,2026-02-04,250,eBay,BEST_OFFER,ok,0,https://www.ebay.com/itm/336076116955
0abb0298-8a13-4580-bb37-9be4534cf5f3,2025-12-11,102.5,eBay,AUCTION,ok,0,https://www.ebay.com/itm/236501788837
0abb0298-8a13-4580-bb37-9be4534cf5f3,2025-10-01,150,eBay,BEST_OFFER,ok,0,https://www.ebay.com/itm/127382027212
0abb0298-8a13-4580-bb37-9be4534cf5f3,2025-04-07,95.48,eBay,AUCTION,ok,0,https://www.ebay.com/itm/316591662287
0abb0298-8a13-4580-bb37-9be4534cf5f3,2025-01-14,90,eBay,BEST_OFFER,ok,0,https://www.ebay.com/itm/Pokemon-TCG-Aegislash-060-PAR-PRERELEASE-STAFF-PROMO-PSA-10-/405428675394
0abb0298-8a13-4580-bb37-9be4534cf5f3,2024-11-28,79.99,eBay,BUY_IT_NOW,ok,0,https://www.ebay.com/itm/Pokemon-TCG-Aegislash-060-PAR-PRERELEASE-STAFF-PROMO-PSA-10-FREE-SHIPPING-/285747616882
0abb0298-8a13-4580-bb37-9be4534cf5f3,2024-10-30,99.99,eBay,BUY_IT_NOW,ok,0,https://www.ebay.com/itm/2023-Pokemon-SVP-EN-SV-Promo-060-Aegislash-Paradox-Rift-Prerelease-STAFF-PSA-10-/166581686958
0abb0298-8a13-4580-bb37-9be4534cf5f3,2024-08-28,80,eBay,BEST_OFFER,ok,0,https://www.ebay.com/itm/2023-Pokemon-SVP-EN-SV-Promo-060-Aegislash-Paradox-Rift-Prerelease-STAFF-PSA-10-/395478715257
0abb0298-8a13-4580-bb37-9be4534cf5f3,2024-05-30,54.55,eBay,AUCTION,ok,0,https://www.ebay.com/itm/2023-POKEMON-SVP-AEGISLASH-PARADOX-RIFT-PRERELEASE-STAFF-060-PSA-10-/204800823700
0a5a4fab-992f-4128-85a3-20ef0ac07eba,2026-02-04,20.99,eBay,BEST_OFFER,ok,0,https://www.ebay.com/itm/366141452075
0a5a4fab-992f-4128-85a3-20ef0ac07eba,2025-03-16,15.6,PWCC Weekly Auctions,AUCTION,ok,0,https://www.fanaticscollect.com/weekly/b900e282-f31f-11ef-a667-02aa2675cdff
0a5a4fab-992f-4128-85a3-20ef0ac07eba,2024-08-10,7,eBay,AUCTION,ok,0,https://www.ebay.com/itm/Pokemon-GREAVARD-274-190-Shiny-Treasures-Japanes-Holo-PSA-10-Gem-Mint-/355929495298
0a5a4fab-992f-4128-85a3-20ef0ac07eba,2024-08-08,7,eBay,AUCTION,ok,0,https://www.ebay.com/itm/Pokemon-GREAVARD-274-190-Shiny-Treasures-Japanes-Holo-PSA-10-D2224-/355917463234
0a5a4fab-992f-4128-85a3-20ef0ac07eba,2024-05-05,14.19,eBay,AUCTION,ok,0,https://www.ebay.com/itm/Pokemon-Greavard-Shiny-Treasure-ex-sv4a-Japanese-Shiny-Rare-274-PSA-10-Gem-Mint-/285830405774
0a5a4fab-992f-4128-85a3-20ef0ac07eba,2024-05-05,14.19,eBay,AUCTION,ok,0,https://www.ebay.com/itm/Pokemon-Greavard-Shiny-Treasure-ex-sv4a-Japanese-Shiny-Rare-274-PSA-10-Gem-Mint-/285830405687
0a5a4fab-992f-4128-85a3-20ef0ac07eba,2024-04-07,24,eBay,BEST_OFFER,ok,0,https://www.ebay.com/itm/Pop-13-PSA-10-GEM-MINT-2023-Pokemon-Japanese-Sv4a-shiny-Treasure-Greavard-274-/256407632191
0a5a4fab-992f-4128-85a3-20ef0ac07eba,2024-03-29,10.5,eBay,AUCTION,ok,0,https://www.ebay.com/itm/Pop-13-PSA-10-GEM-MINT-2023-Pokemon-Japanese-Sv4a-shiny-Treasure-Greavard-274-/355569112602
0a5a4fab-992f-4128-85a3-20ef0ac07eba,2024-02-11,7.06,eBay,AUCTION,ok,0,https://www.ebay.com/itm/2023-Pokemon-SV4a-Japanese-Greavard-S-274-PSA-10-/116055484925
0ac0b356-b408-4968-a590-299b89b6aac3,2026-09-01,81,eBay,AUCTION,ok,0,https://www.ebay.com/itm/188860156611
0ac0b356-b408-4968-a590-299b89b6aac3,2026-08-18,149.99,eBay,BUY_IT_NOW,ok,0,https://www.ebay.com/itm/287225158171
0ac0b356-b408-4968-a590-299b89b6aac3,2026-07-18,69.18,eBay,AUCTION,ok,0,https://www.ebay.com/itm/206408434952
0ac0b356-b408-4968-a590-299b89b6aac3,2026-03-13,69,eBay,AUCTION,ok,0,https://www.ebay.com/itm/298090467068
0ac0b356-b408-4968-a590-299b89b6aac3,2026-02-22,89.88,eBay,AUCTION,ok,0,https://www.ebay.com/itm/397614486379
0ac0b356-b408-4968-a590-299b89b6aac3,2026-02-19,100,eBay,BUY_IT_NOW,ok,0,https://www.ebay.com/itm/297783797618
0ac0b356-b408-4968-a590-299b89b6aac3,2026-02-12,40,eBay,AUCTION,ok,0,https://www.ebay.com/itm/397586542571
0ac0b356-b408-4968-a590-299b89b6aac3,2025-08-17,40,eBay,AUCTION,ok,0,https://www.ebay.com/itm/376471041617
0ac0b356-b408-4968-a590-299b89b6aac3,2025-08-09,50,eBay,AUCTION,RELISTED,0,https://www.ebay.com/itm/376445542897
0ac0b356-b408-4968-a590-299b89b6aac3,2025-08-05,95,eBay,BUY_IT_NOW,ok,0,https://www.ebay.com/itm/116647338851
0ac4f01a-b688-4b6d-b817-b303b4bfcecb,2026-09-15,425,eBay,AUCTION,ok,0,https://www.ebay.com/itm/188907363992
0ac4f01a-b688-4b6d-b817-b303b4bfcecb,2026-09-11,416,eBay,AUCTION,ok,0,https://www.ebay.com/itm/398362263198
0ac4f01a-b688-4b6d-b817-b303b4bfcecb,2026-09-10,410.01,eBay,AUCTION,ok,0,https://www.ebay.com/itm/398362150830
0ac4f01a-b688-4b6d-b817-b303b4bfcecb,2026-09-09,450,eBay,AUCTION,ok,0,https://www.ebay.com/itm/398354823053
0ac4f01a-b688-4b6d-b817-b303b4bfcecb,2026-09-08,485,eBay,AUCTION,ok,0,https://www.ebay.com/itm/398348311189
0ac4f01a-b688-4b6d-b817-b303b4bfcecb,2026-09-06,490,eBay,AUCTION,ok,0,https://www.ebay.com/itm/398341078852
0ac4f01a-b688-4b6d-b817-b303b4bfcecb,2026-09-05,501,eBay,AUCTION,ok,0,https://www.ebay.com/itm/398337812971
0ac4f01a-b688-4b6d-b817-b303b4bfcecb,2026-09-03,672.1,eBay,BUY_IT_NOW,ok,0,https://www.ebay.com/itm/298496771898
0ac4f01a-b688-4b6d-b817-b303b4bfcecb,2026-09-03,500,eBay,AUCTION,ok,0,https://www.ebay.com/itm/398331329875
0ac4f01a-b688-4b6d-b817-b303b4bfcecb,2026-08-31,560,eBay,AUCTION,ok,0,https://www.ebay.com/itm/398320180822
0a45844f-a9fa-4b7a-8581-8ea386e8349f,2026-08-10,450,eBay,BUY_IT_NOW,ok,0,https://www.ebay.com/itm/188490989705
0a45844f-a9fa-4b7a-8581-8ea386e8349f,2026-07-05,350,eBay,BEST_OFFER,ok,0,https://www.ebay.com/itm/206394099980
0a45844f-a9fa-4b7a-8581-8ea386e8349f,2026-06-28,195,eBay,BUY_IT_NOW,ok,0,https://www.ebay.com/itm/398118129612
0a45844f-a9fa-4b7a-8581-8ea386e8349f,2026-05-13,200,eBay,BUY_IT_NOW,ok,0,https://www.ebay.com/itm/206142159043
0a45844f-a9fa-4b7a-8581-8ea386e8349f,2026-05-13,190,eBay,BEST_OFFER,ok,0,https://www.ebay.com/itm/306934614737
0a45844f-a9fa-4b7a-8581-8ea386e8349f,2026-01-17,80,eBay,BEST_OFFER,ok,0,https://www.ebay.com/itm/206006155105
0a45844f-a9fa-4b7a-8581-8ea386e8349f,2024-08-04,23.05,eBay,AUCTION,ok,0,https://www.ebay.com/itm/PSA-10-Gem-Mint-1st-Edition-Marill-024-084-Rocket-Gang-Strikes-Back-2004-/355899440943
0a45844f-a9fa-4b7a-8581-8ea386e8349f,2024-05-10,41,eBay,AUCTION,ok,0,https://www.ebay.com/itm/PSA-10-Marill-024-Rocket-Gang-Strikes-Back-1st-Ed-Japanese-Pokemon-Card-2004-/256499823077
0a45844f-a9fa-4b7a-8581-8ea386e8349f,2024-04-09,41,eBay,AUCTION,RELISTED,0,https://www.ebay.com/itm/PSA-10-Marill-024-Rocket-Gang-Strikes-Back-1st-Ed-Japanese-Pokemon-Card-2004-/256467048216
0a50814d-1a13-4168-b4b2-f09354cd6856,2024-08-29,80.4,Alt,AUCTION,ok,0,https://alt.xyz/exchange/select-listing?ids=f97e7a04-caa1-4cd1-aa81-a35965c8cf87
0a50814d-1a13-4168-b4b2-f09354cd6856,2024-08-18,91.2,PWCC Weekly Auctions,AUCTION,ok,0,https://www.fanaticscollect.com/weekly/b6e86844-536f-11ef-b94b-0a68ffb6dc6d
0a50814d-1a13-4168-b4b2-f09354cd6856,2024-08-03,102.5,eBay,AUCTION,ok,0,https://www.ebay.com/itm/PSA-10-Kadabra-Japanese-Topsun-VS-1998-No-064-Pokemon-Venusaur-LOW-POP-/266920501911
0a50814d-1a13-4168-b4b2-f09354cd6856,2024-07-07,91.09,eBay,AUCTION,ok,0,https://www.ebay.com/itm/PSA-10-Kadabra-Japanese-Topsun-VS-1998-No-064-Pokemon-Venusaur-LOW-POP-/266879305149
0a50814d-1a13-4168-b4b2-f09354cd6856,2024-06-30,102.5,eBay,AUCTION,ok,0,https://www.ebay.com/itm/PSA-10-Kadabra-Japanese-Topsun-VS-1998-No-064-Pokemon-Venusaur-LOW-POP-/266869533004
0a50814d-1a13-4168-b4b2-f09354cd6856,2024-06-23,152.26,eBay,AUCTION,ok,0,https://www.ebay.com/itm/PSA-10-Kadabra-Japanese-Topsun-VS-1998-No-064-Pokemon-Venusaur-LOW-POP-/266859452840
0a50814d-1a13-4168-b4b2-f09354cd6856,2024-06-09,129.5,eBay,AUCTION,ok,0,https://www.ebay.com/itm/PSA-10-Kadabra-Japanese-Topsun-VS-1998-No-064-Pokemon-Venusaur-LOW-POP-/266841889170
0a50814d-1a13-4168-b4b2-f09354cd6856,2024-06-02,151,eBay,AUCTION,ok,0,https://www.ebay.com/itm/PSA-10-Kadabra-Japanese-Topsun-VS-1998-No-064-Pokemon-Venusaur-LOW-POP-/266830782326
0a05ccd8-ffb5-44ad-a9c8-8497f26895d1,2026-09-09,1450.96,eBay,BEST_OFFER,ok,0,https://www.ebay.com/itm/227315692790
0a05ccd8-ffb5-44ad-a9c8-8497f26895d1,2024-08-05,77,eBay,AUCTION,ok,0,https://www.ebay.com/itm/2005-Pokemon-Ex-Deoxys-45-Shelgon-Reverse-Foil-PSA-10-GEM-MINT-/375558154926
0a91184a-1d60-432e-8080-9fa8d86e8a8c,2024-08-07,781.57,eBay,BEST_OFFER,RELISTED,0,https://www.ebay.com/itm/POP-1-2003-Pokemon-EX-Sandstorm-51-Quilava-PSA-10-Card-GEM-MINT-Reverse-HOLO-/387251633521
0a493429-9e68-4085-99a3-905191b2318a,2026-03-08,471.69,eBay,AUCTION,ok,0,https://www.ebay.com/itm/137067193331
0a493429-9e68-4085-99a3-905191b2318a,2026-03-08,465.88,eBay,AUCTION,ok,0,https://www.ebay.com/itm/137067193313
0a493429-9e68-4085-99a3-905191b2318a,2025-11-18,373.84,eBay,AUCTION,ok,0,https://www.ebay.com/itm/357904885002
0a493429-9e68-4085-99a3-905191b2318a,2025-11-02,436.1,eBay,AUCTION,ok,0,https://www.ebay.com/itm/136626874923
0a493429-9e68-4085-99a3-905191b2318a,2025-08-03,363.83,eBay,AUCTION,ok,0,https://www.ebay.com/itm/136191126777
0a493429-9e68-4085-99a3-905191b2318a,2025-04-06,387.84,eBay,AUCTION,ok,0,https://www.ebay.com/itm/135653839318
0a493429-9e68-4085-99a3-905191b2318a,2024-09-27,152.5,eBay,AUCTION,ok,0,https://www.ebay.com/itm/2023-POKEMON-MEW-EN-151-SPECIAL-ILLUSTRATION-RARE-198-VENUSAUR-EX-PSA-10-/305791755113
0adeb085-8d93-4823-8051-5ef4fbcdf75e,2026-09-17,75,PWCC Fixed Price,BEST_OFFER,ok,0,https://www.fanaticscollect.com/buy-now/842ddeaf-5052-4781-855f-3684ff0d594c
0adeb085-8d93-4823-8051-5ef4fbcdf75e,2026-09-17,69,PWCC Fixed Price,BEST_OFFER,ok,0,https://www.fanaticscollect.com/buy-now/0fc35204-9dc9-4a21-a182-fe33e8f1ccd3
0adeb085-8d93-4823-8051-5ef4fbcdf75e,2026-09-15,69.87,eBay,BUY_IT_NOW,ok,0,https://www.ebay.com/itm/298657963240
0adeb085-8d93-4823-8051-5ef4fbcdf75e,2026-09-15,55,eBay,BEST_OFFER,ok,0,https://www.ebay.com/itm/168689603504
0adeb085-8d93-4823-8051-5ef4fbcdf75e,2026-09-14,73,eBay,AUCTION,ok,0,https://www.ebay.com/itm/318841430549
0adeb085-8d93-4823-8051-5ef4fbcdf75e,2026-09-13,39.48,CardHobby,AUCTION,ok,0,https://www.cardhobby.com/#/carddetails/134253322
0adeb085-8d93-4823-8051-5ef4fbcdf75e,2026-09-12,40.75,CardHobby,AUCTION,ok,0,https://www.cardhobby.com/#/carddetails/134003521
0adeb085-8d93-4823-8051-5ef4fbcdf75e,2026-09-10,102.37,eBay,BUY_IT_NOW,ok,0,https://www.ebay.com/itm/820038199469
0adeb085-8d93-4823-8051-5ef4fbcdf75e,2026-09-10,75,PWCC Fixed Price,BEST_OFFER,ok,0,https://www.fanaticscollect.com/buy-now/95ff4f6f-0dc1-42cf-922a-0bf3e97bf28c
0adeb085-8d93-4823-8051-5ef4fbcdf75e,2026-09-09,72,PWCC Fixed Price,BEST_OFFER,ok,0,https://www.fanaticscollect.com/buy-now/554e8a53-5c88-42f0-948b-310ce9e5aaf3
0a35dd99-11eb-4e27-a7f8-4572695399d5,2026-03-29,2125,eBay,AUCTION,ok,0,https://www.ebay.com/itm/287219751974
0a35dd99-11eb-4e27-a7f8-4572695399d5,2024-10-01,277.5,eBay,BUY_IT_NOW,ok,0,https://www.ebay.com/itm/Squirtle-BW-Plasma-Blast-14-101-Reverse-Holo-PSA-10-Gem-MINT-Pokemon-POP-2-/176436385730
0a7af452-260e-412b-aa88-88bac97a088b,2024-10-06,131.12,eBay,BUY_IT_NOW,ok,0,https://www.ebay.com/itm/Hitmonchan-99-146-Legends-Awakened-PSA-10-Gem-Mint-Pokemon-Card-POP-1-/176444583864
0a21c742-e222-4b0b-9cd4-fdb132acf9b2,2024-10-10,367.77,eBay,BUY_IT_NOW,ok,0,https://www.ebay.com/itm/2009-Pokemon-Platinum-39-Torterra-Reverse-Foil-PSA-10-Card-GEM-MINT-POP-1-/156452185329
0a69eb4c-b8bd-42ea-bdc9-b2dcd23f4e06,2026-08-30,34.99,eBay,BUY_IT_NOW,ok,0,https://www.ebay.com/itm/158020828878
0a69eb4c-b8bd-42ea-bdc9-b2dcd23f4e06,2026-06-07,40.61,eBay,BUY_IT_NOW,ok,0,https://www.ebay.com/itm/318318419063
0a69eb4c-b8bd-42ea-bdc9-b2dcd23f4e06,2026-05-17,53.3,eBay,BUY_IT_NOW,ok,0,https://www.ebay.com/itm/267554268630
0a69eb4c-b8bd-42ea-bdc9-b2dcd23f4e06,2026-04-29,36.99,eBay,BEST_OFFER,ok,0,https://www.ebay.com/itm/205813047525
0a69eb4c-b8bd-42ea-bdc9-b2dcd23f4e06,2026-04-28,29,eBay,AUCTION,ok,0,https://www.ebay.com/itm/389916246256
0a69eb4c-b8bd-42ea-bdc9-b2dcd23f4e06,2026-04-14,47.39,eBay,BUY_IT_NOW,ok,0,https://www.ebay.com/itm/318144638384
0a69eb4c-b8bd-42ea-bdc9-b2dcd23f4e06,2026-03-29,25,eBay,BEST_OFFER,ok,0,https://www.ebay.com/itm/366167737282
0a69eb4c-b8bd-42ea-bdc9-b2dcd23f4e06,2026-01-27,19,eBay,AUCTION,ok,0,https://www.ebay.com/itm/198042782845
0a69eb4c-b8bd-42ea-bdc9-b2dcd23f4e06,2026-01-27,7,eBay,AUCTION,ok,0,https://www.ebay.com/itm/336398823097
0a69eb4c-b8bd-42ea-bdc9-b2dcd23f4e06,2026-01-17,32.99,eBay,BUY_IT_NOW,ok,0,https://www.ebay.com/itm/146812917930
0a2bc690-820d-404c-8a30-e67f867d726f,2025-01-30,29.99,eBay,BUY_IT_NOW,ok,0,https://www.ebay.com/itm/2015-Pokemon-XY-Ancient-Origins-62-Persian-PSA-10-/156562621967
0a2bc690-820d-404c-8a30-e67f867d726f,2024-12-05,37.77,eBay,BUY_IT_NOW,ok,0,https://www.ebay.com/itm/2015-Pokemon-XY-Ancient-Origins-62-Persian-Non-Holo-PSA-10-Card-GEM-MINT-Pop-2-/154990116620
0a705d05-929e-4fe7-aa35-25959e39139c,2026-07-10,550,eBay,BEST_OFFER,ok,0,https://www.ebay.com/itm/267680785273
0a705d05-929e-4fe7-aa35-25959e39139c,2025-02-16,250,eBay,BUY_IT_NOW,ok,0,https://www.ebay.com/itm/PSA-10-Groudon-2004-Pokemon-Action-Card-lenticular-POP-2-Very-rare-/405523540754
0a705d05-929e-4fe7-aa35-25959e39139c,2025-01-19,165,eBay,BEST_OFFER,ok,0,https://www.ebay.com/itm/PSA-10-2004-Pokemon-Action-Card-Groudon-lenticular-/226423525485
0a705d05-929e-4fe7-aa35-25959e39139c,2024-12-25,160,eBay,BEST_OFFER,ok,0,https://www.ebay.com/itm/PSA-10-2004-Pokemon-Action-Card-Groudon-lenticular-/226462237849
0a007359-5d9f-4868-8ca6-74fe97a08448,2026-08-23,46.77,eBay,AUCTION,ok,0,https://www.ebay.com/itm/117353757018
0a007359-5d9f-4868-8ca6-74fe97a08448,2025-12-19,30,eBay,BEST_OFFER,ok,0,https://www.ebay.com/itm/306666162507
0a007359-5d9f-4868-8ca6-74fe97a08448,2025-08-28,29.95,eBay,BEST_OFFER,ok,0,https://www.ebay.com/itm/256982598305
0a007359-5d9f-4868-8ca6-74fe97a08448,2025-03-21,19.98,eBay,BUY_IT_NOW,ok,0,https://www.ebay.com/itm/146416150207
0a007359-5d9f-4868-8ca6-74fe97a08448,2024-12-29,26.12,eBay,BUY_IT_NOW,ok,0,https://www.ebay.com/itm/Rhydon-Reverse-Holo-075-142-2024-Pokemon-Stellar-Crown-052-PSA-10-/146211258780
0a29d87c-c41d-4f36-9cf7-7eb5151f0ee2,2026-09-11,49,eBay,AUCTION,ok,0,https://www.ebay.com/itm/298642469243
0a29d87c-c41d-4f36-9cf7-7eb5151f0ee2,2026-09-08,55.18,CardHobby,AUCTION,ok,0,https://www.cardhobby.com/#/carddetails/132488517
0a29d87c-c41d-4f36-9cf7-7eb5151f0ee2,2026-09-07,50,eBay,BEST_OFFER,ok,0,https://www.ebay.com/itm/307163117166
0a29d87c-c41d-4f36-9cf7-7eb5151f0ee2,2026-09-06,62,eBay,AUCTION,ok,0,https://www.ebay.com/itm/287552956505
0a29d87c-c41d-4f36-9cf7-7eb5151f0ee2,2026-08-26,55.88,CardHobby,AUCTION,ok,0,https://www.cardhobby.com/#/carddetails/130375166
0a29d87c-c41d-4f36-9cf7-7eb5151f0ee2,2026-08-23,60,eBay,BEST_OFFER,ok,0,https://www.ebay.com/itm/800483577639
0a29d87c-c41d-4f36-9cf7-7eb5151f0ee2,2026-08-22,19.62,eBay,AUCTION,ok,0,https://www.ebay.com/itm/407151878440
0a29d87c-c41d-4f36-9cf7-7eb5151f0ee2,2026-08-22,15.07,eBay,AUCTION,ok,0,https://www.ebay.com/itm/407151692927
0a29d87c-c41d-4f36-9cf7-7eb5151f0ee2,2026-08-21,65,eBay,BUY_IT_NOW,ok,0,https://www.ebay.com/itm/267508606639
0a29d87c-c41d-4f36-9cf7-7eb5151f0ee2,2026-08-20,51.5,eBay,BEST_OFFER,ok,0,https://www.ebay.com/itm/147517730688
0ac7be76-b2d4-4146-bd41-8d18a256eaae,2025-04-25,13.5,eBay,AUCTION,ok,0,https://www.ebay.com/itm/297225077001
0a3517b2-bb8a-4e24-8f9e-46165c805801,2025-08-04,1680,PWCC Weekly Auctions,AUCTION,ok,0,https://www.fanaticscollect.com/weekly/80574ada-62f9-11f0-b016-0a58a9feac02
0a123c3e-878d-401a-9170-8a7be41adae1,2026-09-15,54.24,eBay,AUCTION,ok,0,https://www.ebay.com/itm/117392981635
0a123c3e-878d-401a-9170-8a7be41adae1,2026-09-09,85,eBay,BEST_OFFER,ok,0,https://www.ebay.com/itm/398367140054
0a123c3e-878d-401a-9170-8a7be41adae1,2026-08-15,69.95,eBay,BUY_IT_NOW,ok,0,https://www.ebay.com/itm/307116414233
0a123c3e-878d-401a-9170-8a7be41adae1,2026-08-05,29,eBay,AUCTION,ok,0,https://www.ebay.com/itm/800429522902
0a123c3e-878d-401a-9170-8a7be41adae1,2026-07-19,59.48,eBay,AUCTION,ok,0,https://www.ebay.com/itm/147431920150
0a123c3e-878d-401a-9170-8a7be41adae1,2026-07-16,54,Alt,AUCTION,ok,0,https://alt.xyz/exchange/select-listing?ids=09b63e0a-096c-4131-b2de-3f6470125151
0a123c3e-878d-401a-9170-8a7be41adae1,2026-07-09,38.4,Alt,AUCTION,ok,0,https://alt.xyz/exchange/select-listing?ids=6bbe0562-a74f-4611-aa20-bfc211e00363
0a123c3e-878d-401a-9170-8a7be41adae1,2026-07-03,85,eBay,BUY_IT_NOW,ok,0,https://www.ebay.com/itm/307029546496
0a123c3e-878d-401a-9170-8a7be41adae1,2026-06-11,76,eBay,AUCTION,ok,0,https://www.ebay.com/itm/306980333900
0a123c3e-878d-401a-9170-8a7be41adae1,2026-06-08,54.99,eBay,BUY_IT_NOW,ok,0,https://www.ebay.com/itm/298205399668
0a5acb9e-6462-4dc2-a267-5c4a851dae22,2026-09-04,39.01,eBay,AUCTION,ok,0,https://www.ebay.com/itm/117381543086
0a5acb9e-6462-4dc2-a267-5c4a851dae22,2026-08-20,46.01,eBay,AUCTION,ok,0,https://www.ebay.com/itm/298583381852
0a5acb9e-6462-4dc2-a267-5c4a851dae22,2026-08-09,72.81,eBay,AUCTION,ok,0,https://www.ebay.com/itm/178367781405
0a5acb9e-6462-4dc2-a267-5c4a851dae22,2026-08-06,79.99,eBay,BEST_OFFER,ok,0,https://www.ebay.com/itm/398166143288
0a5acb9e-6462-4dc2-a267-5c4a851dae22,2026-07-10,52.66,eBay,AUCTION,ok,0,https://www.ebay.com/itm/117281227235
0a5acb9e-6462-4dc2-a267-5c4a851dae22,2026-06-22,65,eBay,BEST_OFFER,ok,0,https://www.ebay.com/itm/318465866586
0a5acb9e-6462-4dc2-a267-5c4a851dae22,2026-06-14,59,eBay,AUCTION,ok,0,https://www.ebay.com/itm/137374741633
0a5acb9e-6462-4dc2-a267-5c4a851dae22,2026-06-01,60.95,eBay,BEST_OFFER,ok,0,https://www.ebay.com/itm/800080407609
0a5acb9e-6462-4dc2-a267-5c4a851dae22,2026-05-27,55,PWCC Fixed Price,BEST_OFFER,ok,0,https://www.fanaticscollect.com/buy-now/d89756f4-5c99-4b5e-a157-740eafe1e063
0a5acb9e-6462-4dc2-a267-5c4a851dae22,2026-05-17,55,eBay,AUCTION,ok,0,https://www.ebay.com/itm/298303605702
0a146235-10d5-4d4f-9951-5ca09847dcf0,2025-09-04,44.95,eBay,BEST_OFFER,ok,0,https://www.ebay.com/itm/406161891602
0a5cbcac-2118-436e-950c-1ca3c4268b1a,2026-08-05,192.5,eBay,AUCTION,ok,0,https://www.ebay.com/itm/800429508603
0a5cbcac-2118-436e-950c-1ca3c4268b1a,2026-07-28,175,eBay,BEST_OFFER,ok,0,https://www.ebay.com/itm/287487838640
0a5cbcac-2118-436e-950c-1ca3c4268b1a,2026-07-04,210,eBay,BUY_IT_NOW,ok,0,https://www.ebay.com/itm/398103689890
0a5cbcac-2118-436e-950c-1ca3c4268b1a,2026-07-01,191.99,eBay,BUY_IT_NOW,ok,0,https://www.ebay.com/itm/206378240242
0a5cbcac-2118-436e-950c-1ca3c4268b1a,2026-06-22,202.5,eBay,AUCTION,ok,0,https://www.ebay.com/itm/398069852792
0a5cbcac-2118-436e-950c-1ca3c4268b1a,2026-06-14,162,eBay,BEST_OFFER,ok,0,https://www.ebay.com/itm/206347540023
0a5cbcac-2118-436e-950c-1ca3c4268b1a,2026-06-06,199.99,eBay,BEST_OFFER,ok,0,https://www.ebay.com/itm/366459928072
0a5cbcac-2118-436e-950c-1ca3c4268b1a,2026-05-28,150,eBay,BEST_OFFER,ok,0,https://www.ebay.com/itm/278032171475
0a5cbcac-2118-436e-950c-1ca3c4268b1a,2026-05-25,119.99,eBay,AUCTION,ok,0,https://www.ebay.com/itm/267680856850
0a5cbcac-2118-436e-950c-1ca3c4268b1a,2026-05-24,134.26,eBay,BUY_IT_NOW,ok,0,https://www.ebay.com/itm/227356932455
0ab64359-4439-4efb-bb9f-c7044f349d34,2025-10-05,162.69,eBay,AUCTION,ok,0,https://www.ebay.com/itm/136504001218
0a9bac1d-e620-445e-944c-ea2a94b23cc2,2026-09-16,425,eBay,BUY_IT_NOW,ok,0,https://www.ebay.com/itm/158295746966
0a9bac1d-e620-445e-944c-ea2a94b23cc2,2026-09-14,420,eBay,BEST_OFFER,ok,0,https://www.ebay.com/itm/820079742369
0a9bac1d-e620-445e-944c-ea2a94b23cc2,2026-09-13,410,eBay,AUCTION,ok,0,https://www.ebay.com/itm/128068479050
0a9bac1d-e620-445e-944c-ea2a94b23cc2,2026-09-13,408,PWCC Weekly Auctions,AUCTION,ok,0,https://www.fanaticscollect.com/weekly/2d649530-a7a4-11f1-a146-06d19b0b9c59
0a9bac1d-e620-445e-944c-ea2a94b23cc2,2026-09-13,362.57,CardHobby,AUCTION,ok,0,https://www.cardhobby.com/#/carddetails/134009991
0a9bac1d-e620-445e-944c-ea2a94b23cc2,2026-09-13,321.07,CardHobby,AUCTION,ok,0,https://www.cardhobby.com/#/carddetails/134647878
0a9bac1d-e620-445e-944c-ea2a94b23cc2,2026-09-12,487.49,eBay,AUCTION,ok,0,https://www.ebay.com/itm/407193830402
0a9bac1d-e620-445e-944c-ea2a94b23cc2,2026-09-11,425.36,CardHobby,AUCTION,ok,0,https://www.cardhobby.com/#/carddetails/134162521
0a9bac1d-e620-445e-944c-ea2a94b23cc2,2026-09-11,412.5,eBay,BEST_OFFER,ok,0,https://www.ebay.com/itm/188905004571
0a9bac1d-e620-445e-944c-ea2a94b23cc2,2026-09-10,440.49,CardHobby,AUCTION,ok,0,https://www.cardhobby.com/#/carddetails/133981457
0a9fd0c2-da84-497d-b14c-05c743e9abfa,2026-09-08,60,eBay,AUCTION,ok,0,https://www.ebay.com/itm/307155523040
0a9fd0c2-da84-497d-b14c-05c743e9abfa,2026-09-04,20.5,eBay,AUCTION,ok,0,https://www.ebay.com/itm/307150371029
0a9fd0c2-da84-497d-b14c-05c743e9abfa,2026-05-09,146.54,eBay,AUCTION,ok,0,https://www.ebay.com/itm/117172730248
0a9fd0c2-da84-497d-b14c-05c743e9abfa,2026-01-04,110,eBay,BEST_OFFER,ok,0,https://www.ebay.com/itm/116823228126
0a550e01-5fa7-45c6-a6a4-6f2ac9fc5b54,2026-01-25,20.5,eBay,AUCTION,ok,0,https://www.ebay.com/itm/116987680744
0a550e01-5fa7-45c6-a6a4-6f2ac9fc5b54,2026-01-22,31,eBay,AUCTION,ok,0,https://www.ebay.com/itm/297920089222
0a1c51d6-f47f-49e9-9044-aee9d7142a84,2026-09-09,415.93,eBay,BEST_OFFER,ok,0,https://www.ebay.com/itm/406987577048
0a1c51d6-f47f-49e9-9044-aee9d7142a84,2026-09-09,310,eBay,BEST_OFFER,ok,0,https://www.ebay.com/itm/287489794617
0a1c51d6-f47f-49e9-9044-aee9d7142a84,2026-09-09,280,eBay,BEST_OFFER,ok,0,https://www.ebay.com/itm/137717309696
0a1c51d6-f47f-49e9-9044-aee9d7142a84,2026-09-09,270,eBay,BUY_IT_NOW,ok,0,https://www.ebay.com/itm/147272569983
0a1c51d6-f47f-49e9-9044-aee9d7142a84,2026-09-09,265,eBay,AUCTION,ok,0,https://www.ebay.com/itm/278337106728
0a1c51d6-f47f-49e9-9044-aee9d7142a84,2026-09-08,280,eBay,BEST_OFFER,ok,0,https://www.ebay.com/itm/157913134782
0a1c51d6-f47f-49e9-9044-aee9d7142a84,2026-09-07,299,eBay,BEST_OFFER,ok,0,https://www.ebay.com/itm/307163429789
0a1c51d6-f47f-49e9-9044-aee9d7142a84,2026-09-07,243.5,eBay,AUCTION,ok,0,https://www.ebay.com/itm/128054783536
0a1c51d6-f47f-49e9-9044-aee9d7142a84,2026-09-05,240,eBay,BEST_OFFER,ok,0,https://www.ebay.com/itm/800608117975
0a1c51d6-f47f-49e9-9044-aee9d7142a84,2026-09-03,262,eBay,AUCTION,ok,0,https://www.ebay.com/itm/307148215299
0a75129f-4d29-4500-939c-ba288bfeb3fe,2026-02-15,49.99,eBay,BEST_OFFER,ok,0,https://www.ebay.com/itm/116996759092
0a37167b-6268-40a5-86c5-c1ff11c0bd55,2026-03-01,59.95,eBay,AUCTION,ok,0,https://www.ebay.com/itm/298040029673
0a8ddddc-ca01-4b91-a1d5-0f2b1191c10a,2026-03-17,55,eBay,BEST_OFFER,ok,0,https://www.ebay.com/itm/167564805737
0ae0e422-6fbd-4c9f-8fea-2d8b7c6350b0,2026-05-06,40,eBay,BEST_OFFER,ok,0,https://www.ebay.com/itm/117131310402
0a26b093-66a7-4337-a435-67c6ca6dca3a,2026-09-09,48,eBay,AUCTION,ok,0,https://www.ebay.com/itm/298637236292
0a26b093-66a7-4337-a435-67c6ca6dca3a,2026-09-09,45.44,eBay,AUCTION,ok,0,https://www.ebay.com/itm/117381177596
0a26b093-66a7-4337-a435-67c6ca6dca3a,2026-09-08,50,eBay,BEST_OFFER,ok,0,https://www.ebay.com/itm/158266337283
0a26b093-66a7-4337-a435-67c6ca6dca3a,2026-09-06,59.5,eBay,BUY_IT_NOW,ok,0,https://www.ebay.com/itm/198576129326
0a26b093-66a7-4337-a435-67c6ca6dca3a,2026-09-06,54.99,eBay,BEST_OFFER,ok,0,https://www.ebay.com/itm/168657271833
0a26b093-66a7-4337-a435-67c6ca6dca3a,2026-09-06,50,eBay,AUCTION,ok,0,https://www.ebay.com/itm/336773496065
0a26b093-66a7-4337-a435-67c6ca6dca3a,2026-09-06,45,eBay,AUCTION,ok,0,https://www.ebay.com/itm/307143746099
0a26b093-66a7-4337-a435-67c6ca6dca3a,2026-09-01,60,eBay,BUY_IT_NOW,ok,0,https://www.ebay.com/itm/168653082934
0a26b093-66a7-4337-a435-67c6ca6dca3a,2026-09-01,57,eBay,BEST_OFFER,ok,0,https://www.ebay.com/itm/178428981793
0a26b093-66a7-4337-a435-67c6ca6dca3a,2026-09-01,55,eBay,BEST_OFFER,ok,0,https://www.ebay.com/itm/820055978963
0a9f2084-1045-470e-b213-8e0bc6bc4bef,2026-08-08,44,eBay,AUCTION,ok,0,https://www.ebay.com/itm/117324235486
0a9f2084-1045-470e-b213-8e0bc6bc4bef,2026-08-08,37,eBay,AUCTION,ok,0,https://www.ebay.com/itm/117324236039
0a9f2084-1045-470e-b213-8e0bc6bc4bef,2026-08-08,27,eBay,AUCTION,ok,0,https://www.ebay.com/itm/307088684324
0a9f2084-1045-470e-b213-8e0bc6bc4bef,2026-07-19,41,eBay,AUCTION,ok,0,https://www.ebay.com/itm/298498700040
0a9f2084-1045-470e-b213-8e0bc6bc4bef,2026-06-06,530,eBay,AUCTION,ok,0,https://www.ebay.com/itm/117221320269
0a6c0eac-e442-4e79-8c68-5b3fba42317e,2026-09-06,57,eBay,AUCTION,ok,0,https://www.ebay.com/itm/168643180225
0a6c0eac-e442-4e79-8c68-5b3fba42317e,2026-09-06,35.6,CardHobby,AUCTION,ok,0,https://www.cardhobby.com/#/carddetails/132051372
0a6c0eac-e442-4e79-8c68-5b3fba42317e,2026-09-06,31.99,CardHobby,AUCTION,ok,0,https://www.cardhobby.com/#/carddetails/133173433
0a6c0eac-e442-4e79-8c68-5b3fba42317e,2026-09-06,21.5,eBay,AUCTION,ok,0,https://www.ebay.com/itm/137681079880
0a6c0eac-e442-4e79-8c68-5b3fba42317e,2026-09-05,58,eBay,BEST_OFFER,ok,0,https://www.ebay.com/itm/158241420804
0a6c0eac-e442-4e79-8c68-5b3fba42317e,2026-09-05,55,eBay,BEST_OFFER,ok,0,https://www.ebay.com/itm/398359923731
0a6c0eac-e442-4e79-8c68-5b3fba42317e,2026-09-05,38.5,eBay,BEST_OFFER,ok,0,https://www.ebay.com/itm/307112297001
0a6c0eac-e442-4e79-8c68-5b3fba42317e,2026-09-05,33.12,CardHobby,AUCTION,ok,0,https://www.cardhobby.com/#/carddetails/132877175
0a6c0eac-e442-4e79-8c68-5b3fba42317e,2026-09-04,56.81,eBay,AUCTION,ok,0,https://www.ebay.com/itm/128048997530
0a6c0eac-e442-4e79-8c68-5b3fba42317e,2026-09-04,40.25,CardHobby,AUCTION,ok,0,https://www.cardhobby.com/#/carddetails/132261926
0a2bcd53-1466-4e62-8f4f-574b34aee39d,2026-06-20,124.99,eBay,BUY_IT_NOW,ok,0,https://www.ebay.com/itm/178211767405
0aa7cf12-363d-47c4-af51-63dc50e3865b,2026-07-14,50,eBay,BEST_OFFER,ok,0,https://www.ebay.com/itm/307063202242
0a59b9af-4ec4-4aef-8889-042a47827301,2026-08-10,62,eBay,AUCTION,ok,0,https://www.ebay.com/itm/117336747395
0adef2e4-1d5f-4de7-8b28-69face16b191,2026-08-30,57600,PWCC Weekly Auctions,AUCTION,ok,0,https://www.fanaticscollect.com/weekly/9b507da4-9c0d-11f1-990b-0a58a9feac02
