asset_id,date,price,source,sale_type,status,outlier,url
51dc19cd-61f4-4360-ab4e-6e603d7ea810,2026-09-20,1000,eBay,BUY_IT_NOW,ok,0,https://www.ebay.com/itm/377510729440
51dc19cd-61f4-4360-ab4e-6e603d7ea810,2026-09-19,499.99,eBay,BUY_IT_NOW,ok,0,https://www.ebay.com/itm/287463748520
51dc19cd-61f4-4360-ab4e-6e603d7ea810,2026-09-19,450,eBay,BEST_OFFER,ok,0,https://www.ebay.com/itm/267650467065
51dc19cd-61f4-4360-ab4e-6e603d7ea810,2026-09-18,499.99,eBay,BUY_IT_NOW,ok,0,https://www.ebay.com/itm/307067857313
51dc19cd-61f4-4360-ab4e-6e603d7ea810,2026-09-18,400,eBay,BEST_OFFER,ok,0,https://www.ebay.com/itm/398297046512
51dc19cd-61f4-4360-ab4e-6e603d7ea810,2026-09-13,281.82,Goldin Auctions,AUCTION,ok,0,https://goldin.co/item/2002-pokemon-black-star-promo-45-scyther-psa-gem-mt-10miobu
51dc19cd-61f4-4360-ab4e-6e603d7ea810,2026-09-04,288,Alt,AUCTION,PAYMENT_INITIATED,0,https://alt.xyz/exchange/select-listing?ids=bcd662b5-f2b9-424a-afa7-a74428d2f462
51dc19cd-61f4-4360-ab4e-6e603d7ea810,2026-08-10,309.77,eBay,BUY_IT_NOW,ok,0,https://www.ebay.com/itm/358640547772
51dc19cd-61f4-4360-ab4e-6e603d7ea810,2026-06-17,274.99,eBay,BUY_IT_NOW,ok,0,https://www.ebay.com/itm/236862427567
51dc19cd-61f4-4360-ab4e-6e603d7ea810,2026-06-16,289.3,eBay,BEST_OFFER,ok,0,https://www.ebay.com/itm/178206881743
51cbd173-65b7-4707-8435-ab6f6e169caa,2025-04-25,31,eBay,BEST_OFFER,ok,0,https://www.ebay.com/itm/356097072881
51cbd173-65b7-4707-8435-ab6f6e169caa,2024-11-22,15.5,eBay,AUCTION,ok,0,https://www.ebay.com/itm/2020-Pokemon-Japanese-SWSH-Infinity-Zone-Secret-Rare-Full-Art-Coalossal-PSA-10-/135379557929
51cbd173-65b7-4707-8435-ab6f6e169caa,2024-01-21,15.5,eBay,AUCTION,ok,0,https://www.ebay.com/itm/Pokemon-Japanese-S-S3-117-100-Coalossal-UR-Infinity-Zone-2020-PSA-10-51544216-/134887393122
51cbd173-65b7-4707-8435-ab6f6e169caa,2023-10-01,19.53,eBay,AUCTION,ok,0,https://www.ebay.com/itm/PSA-10-Coalossal-UR-117-100-S3-Infinity-Zone-Pokemon-Card-Japanese-/175919209586
51cbd173-65b7-4707-8435-ab6f6e169caa,2023-06-23,21.6,Alt,AUCTION,ok,0,https://alt.xyz/exchange/select-listing?ids=25f6095e-5b35-4b65-892a-496de1080c4b
51cbd173-65b7-4707-8435-ab6f6e169caa,2023-03-14,31,eBay,AUCTION,ok,0,https://www.ebay.com/itm/PSA-10-GEM-MINT-Coalossal-117-100-SECRET-RARE-HOLO-Japanese-Pokemon-Card-CS2-391-/314450681132
51cbd173-65b7-4707-8435-ab6f6e169caa,2023-01-09,29.5,eBay,AUCTION,ok,0,https://www.ebay.com/itm/POKEMON-JAPANESE-INFINITY-ZONE-117-COALOSSAL-FULL-ART-PSA-10-GEM-MINT-/195542922872
51cbd173-65b7-4707-8435-ab6f6e169caa,2022-12-28,31.2,Goldin Auctions,AUCTION,ok,0,https://goldin.co/item/2020-pokemon-japan-swsh-infinity-zone-117-coalossal-psa-gem-mt-10uy8zp
51cbd173-65b7-4707-8435-ab6f6e169caa,2022-12-26,31,eBay,AUCTION,ok,0,https://www.ebay.com/itm/2020-Pokemon-Japanese-SWSH-Infinity-Zone-117-FA-Coalossal-PSA-10-GEM-MINT-/374410681168
51cbd173-65b7-4707-8435-ab6f6e169caa,2022-12-10,57.77,eBay,BUY_IT_NOW,ok,0,https://www.ebay.com/itm/POKEMON-JAPANESE-INFINITY-ZONE-117-COALOSSAL-FULL-ART-PSA-10-GEM-MINT-A3-QTY-/115514109540
511c154d-4e3f-4b49-8518-f7beb261b4e9,2026-09-13,115,eBay,BEST_OFFER,ok,0,https://www.ebay.com/itm/206397000829
511c154d-4e3f-4b49-8518-f7beb261b4e9,2026-09-13,91,eBay,AUCTION,ok,0,https://www.ebay.com/itm/287565598198
511c154d-4e3f-4b49-8518-f7beb261b4e9,2026-09-13,90,eBay,AUCTION,ok,0,https://www.ebay.com/itm/298637934599
511c154d-4e3f-4b49-8518-f7beb261b4e9,2026-09-12,91,eBay,AUCTION,ok,0,https://www.ebay.com/itm/188892054105
511c154d-4e3f-4b49-8518-f7beb261b4e9,2026-09-10,90,eBay,AUCTION,ok,0,https://www.ebay.com/itm/227504091334
511c154d-4e3f-4b49-8518-f7beb261b4e9,2026-08-27,115,eBay,AUCTION,ok,0,https://www.ebay.com/itm/128039483110
511c154d-4e3f-4b49-8518-f7beb261b4e9,2026-08-25,125,eBay,BEST_OFFER,ok,0,https://www.ebay.com/itm/307098598781
511c154d-4e3f-4b49-8518-f7beb261b4e9,2026-08-25,88,eBay,BEST_OFFER,ok,0,https://www.ebay.com/itm/158215111648
511c154d-4e3f-4b49-8518-f7beb261b4e9,2026-08-14,106,eBay,BEST_OFFER,ok,0,https://www.ebay.com/itm/407053789330
511c154d-4e3f-4b49-8518-f7beb261b4e9,2026-07-30,75.6,Alt,AUCTION,ok,0,https://alt.xyz/exchange/select-listing?ids=cbe25aaf-4828-4571-9c82-ea4336582d36
51447c9f-1aae-4a4b-97f3-ff4aff1d9f79,2026-07-06,90,eBay,BUY_IT_NOW,ok,0,https://www.ebay.com/itm/325286899547
51447c9f-1aae-4a4b-97f3-ff4aff1d9f79,2026-06-04,48,PWCC Fixed Price,BEST_OFFER,ok,0,https://www.fanaticscollect.com/buy-now/a1c0e773-1e3f-4258-b180-fc02c8c10274
51447c9f-1aae-4a4b-97f3-ff4aff1d9f79,2026-04-28,100,eBay,BUY_IT_NOW,ok,0,https://www.ebay.com/itm/306905762526
51447c9f-1aae-4a4b-97f3-ff4aff1d9f79,2026-04-25,120,eBay,BEST_OFFER,ok,0,https://www.ebay.com/itm/306899419231
51447c9f-1aae-4a4b-97f3-ff4aff1d9f79,2026-04-25,40,eBay,BEST_OFFER,ok,0,https://www.ebay.com/itm/227292689396
51447c9f-1aae-4a4b-97f3-ff4aff1d9f79,2026-04-20,110,eBay,BEST_OFFER,ok,0,https://www.ebay.com/itm/287283545705
51447c9f-1aae-4a4b-97f3-ff4aff1d9f79,2026-04-08,43.2,eBay,BEST_OFFER,ok,0,https://www.ebay.com/itm/267587563968
51447c9f-1aae-4a4b-97f3-ff4aff1d9f79,2026-02-15,39,eBay,AUCTION,ok,0,https://www.ebay.com/itm/117019358556
51447c9f-1aae-4a4b-97f3-ff4aff1d9f79,2026-02-15,31,eBay,AUCTION,ok,0,https://www.ebay.com/itm/127677480629
51447c9f-1aae-4a4b-97f3-ff4aff1d9f79,2025-12-14,40.95,eBay,AUCTION,ok,0,https://www.ebay.com/itm/297822139016
51f080f8-a3a0-4703-8fbc-2dab5d1c2674,2026-07-11,75,eBay,BUY_IT_NOW,ok,0,https://www.ebay.com/itm/358781149260
51f080f8-a3a0-4703-8fbc-2dab5d1c2674,2026-06-23,92.41,eBay,BUY_IT_NOW,ok,0,https://www.ebay.com/itm/267644733629
51f080f8-a3a0-4703-8fbc-2dab5d1c2674,2026-06-06,70,eBay,BEST_OFFER,ok,0,https://www.ebay.com/itm/236858223833
51f080f8-a3a0-4703-8fbc-2dab5d1c2674,2026-05-24,55,eBay,BUY_IT_NOW,ok,0,https://www.ebay.com/itm/406944576119
51f080f8-a3a0-4703-8fbc-2dab5d1c2674,2026-05-14,69,eBay,BEST_OFFER,ok,0,https://www.ebay.com/itm/406857606764
51f080f8-a3a0-4703-8fbc-2dab5d1c2674,2026-05-08,46,eBay,AUCTION,ok,0,https://www.ebay.com/itm/306919180849
51f080f8-a3a0-4703-8fbc-2dab5d1c2674,2026-05-05,56,eBay,AUCTION,ok,0,https://www.ebay.com/itm/188334065754
51f080f8-a3a0-4703-8fbc-2dab5d1c2674,2026-04-20,143.18,Pristine Auction,AUCTION,ok,0,https://www.pristineauction.com/a12224064-Shai-Gilgeous-Alexander-Signed-2024-25-Panini-Prizm-113-PSA
51f080f8-a3a0-4703-8fbc-2dab5d1c2674,2026-04-15,94.96,eBay,BUY_IT_NOW,ok,0,https://www.ebay.com/itm/267387123106
51f080f8-a3a0-4703-8fbc-2dab5d1c2674,2026-04-14,64,eBay,BEST_OFFER,RELISTED,0,https://www.ebay.com/itm/406833031476
511c46d6-a7fe-459b-be12-837be1469395,2026-04-11,65,eBay,BUY_IT_NOW,ok,0,https://www.ebay.com/itm/286836792323
511c46d6-a7fe-459b-be12-837be1469395,2025-05-31,26.37,eBay,AUCTION,ok,0,https://www.ebay.com/itm/256945866210
511c46d6-a7fe-459b-be12-837be1469395,2025-04-25,35,eBay,BUY_IT_NOW,ok,0,https://www.ebay.com/itm/235676019937
511c46d6-a7fe-459b-be12-837be1469395,2025-01-29,30,eBay,BUY_IT_NOW,ok,0,https://www.ebay.com/itm/2019-POKEMON-JPN-SUN-MOON-GG-END-055-FULL-ART-HEATRAN-GX-PSA-10-/306004986980
511c46d6-a7fe-459b-be12-837be1469395,2024-01-03,15.6,eBay,AUCTION,ok,0,https://www.ebay.com/itm/Pokemon-Japanese-Heatran-GX-055-PSA-10-Gem-Mint-SR-FA-GG-End-S-M-2019-Holo-Rare-/196154173799
511c46d6-a7fe-459b-be12-837be1469395,2023-12-27,32,eBay,BEST_OFFER,RELISTED,0,https://www.ebay.com/itm/Pokemon-Japanese-Heatran-GX-055-PSA-10-Gem-Mint-SR-FA-GG-End-S-M-2019-Holo-Rare-/196154566346
511c46d6-a7fe-459b-be12-837be1469395,2023-12-23,22.05,eBay,AUCTION,RELISTED,0,https://www.ebay.com/itm/Pokemon-Japanese-Heatran-GX-055-PSA-10-Gem-Mint-SR-FA-GG-End-S-M-2019-Holo-Rare-/196137122430
511c46d6-a7fe-459b-be12-837be1469395,2023-03-04,22.78,eBay,AUCTION,ok,0,https://www.ebay.com/itm/Heatran-GX-Psa-10-Sun-Moon-/144964925800
511c46d6-a7fe-459b-be12-837be1469395,2021-03-10,43,eBay,AUCTION,ok,0,https://www.ebay.com/itm/PSA-10-Pokemon-Heatran-GX-GG-End-/303911899646
519be3fb-9b5e-4f20-838a-988c6943b339,2026-09-20,17400,PWCC Weekly Auctions,AUCTION,ok,0,https://www.pwccmarketplace.com/items/6507279
519be3fb-9b5e-4f20-838a-988c6943b339,2026-09-20,17400,PWCC Weekly Auctions,AUCTION,ok,0,https://www.fanaticscollect.com/weekly/6515907e-ac8b-11f1-bf22-06d19b0b9c59
519be3fb-9b5e-4f20-838a-988c6943b339,2026-09-13,16333,eBay,AUCTION,ok,0,https://www.ebay.com/itm/307159209209
519be3fb-9b5e-4f20-838a-988c6943b339,2026-08-09,15867.32,Goldin Auctions,AUCTION,ok,0,https://goldin.co/item/2004-pokemon-ex-fire-red-leaf-green-holo-104-blastoise-ex-psa-gem-mt-1nz1cz
519be3fb-9b5e-4f20-838a-988c6943b339,2026-08-09,15860,Goldin Auctions,AUCTION,ok,0,https://goldin.co/item/2004-pokemon-ex-fire-red-leaf-green-holo-104-blastoise-ex-psa-gem-mt-10f8an
519be3fb-9b5e-4f20-838a-988c6943b339,2026-07-26,21000,PWCC Weekly Auctions,AUCTION,ok,0,https://www.fanaticscollect.com/weekly/e5749e7e-8213-11f1-923a-02ba9858bad3
519be3fb-9b5e-4f20-838a-988c6943b339,2026-07-09,13202.4,Alt,AUCTION,ok,0,https://alt.xyz/exchange/select-listing?ids=778ab2d7-c8f7-4954-adc9-cdcccb757dac
519be3fb-9b5e-4f20-838a-988c6943b339,2026-06-19,14995,PWCC Fixed Price,BEST_OFFER,ok,0,https://www.fanaticscollect.com/buy-now/7aaa5761-ab38-475c-ac4a-92a3c5a0eb8b
519be3fb-9b5e-4f20-838a-988c6943b339,2026-06-17,15000,eBay,BUY_IT_NOW,ok,0,https://www.ebay.com/itm/117155630736
519be3fb-9b5e-4f20-838a-988c6943b339,2026-06-12,12995,eBay,BUY_IT_NOW,ok,0,https://www.ebay.com/itm/306985049980
51a1a257-1dae-498d-9762-4c68d0f3cdec,2026-08-16,63,eBay,AUCTION,ok,0,https://www.ebay.com/itm/298556585726
51a1a257-1dae-498d-9762-4c68d0f3cdec,2026-08-02,75,eBay,AUCTION,ok,0,https://www.ebay.com/itm/137551839009
51a1a257-1dae-498d-9762-4c68d0f3cdec,2026-04-21,119.99,eBay,BUY_IT_NOW,ok,0,https://www.ebay.com/itm/406825230812
51a1a257-1dae-498d-9762-4c68d0f3cdec,2026-03-15,99.99,eBay,BUY_IT_NOW,ok,0,https://www.ebay.com/itm/117008763617
51a1a257-1dae-498d-9762-4c68d0f3cdec,2025-10-30,79.99,eBay,BUY_IT_NOW,ok,0,https://www.ebay.com/itm/406170570198
51a1a257-1dae-498d-9762-4c68d0f3cdec,2025-07-31,30,PWCC Fixed Price,BEST_OFFER,ok,0,https://sales-history.pwccmarketplace.com/items/FIXED289819
51a1a257-1dae-498d-9762-4c68d0f3cdec,2025-05-19,26,eBay,AUCTION,ok,0,https://www.ebay.com/itm/306298267062
51a1a257-1dae-498d-9762-4c68d0f3cdec,2025-05-11,37,eBay,AUCTION,ok,0,https://www.ebay.com/itm/306283271003
51a1a257-1dae-498d-9762-4c68d0f3cdec,2025-04-20,30,PWCC Fixed Price,BEST_OFFER,ok,0,https://sales-history.pwccmarketplace.com/items/FIXED235091
51a1a257-1dae-498d-9762-4c68d0f3cdec,2025-03-06,18.5,eBay,AUCTION,ok,0,https://www.ebay.com/itm/297060076930
51b19a8c-1a67-497e-8777-95f1e198f186,2026-07-28,5300,eBay,AUCTION,ok,0,https://www.ebay.com/itm/377364766601
51b19a8c-1a67-497e-8777-95f1e198f186,2026-05-15,4646.5,eBay,BEST_OFFER,ok,0,https://www.ebay.com/itm/366328846264
51b19a8c-1a67-497e-8777-95f1e198f186,2026-03-18,3851,eBay,AUCTION,ok,0,https://www.ebay.com/itm/377026461040
51b19a8c-1a67-497e-8777-95f1e198f186,2025-11-02,1515,eBay,AUCTION,ok,0,https://www.ebay.com/itm/286894077019
51b19a8c-1a67-497e-8777-95f1e198f186,2025-10-24,1600,eBay,BEST_OFFER,ok,0,https://www.ebay.com/itm/257148425161
51b19a8c-1a67-497e-8777-95f1e198f186,2025-07-24,1100,eBay,BUY_IT_NOW,ok,0,https://www.ebay.com/itm/306414046914
51b19a8c-1a67-497e-8777-95f1e198f186,2023-07-16,232.5,eBay,AUCTION,ok,0,https://www.ebay.com/itm/PSA-10-GEM-MINT-Tyranitar-40-147-REVERSE-HOLO-Aquapolis-Pokemon-Card-CS5-297-/314686660016
51b19a8c-1a67-497e-8777-95f1e198f186,2023-04-23,419.99,eBay,BEST_OFFER,ok,0,https://www.ebay.com/itm/Pokemon-Card-Tyranitar-40-147-Reverse-Holo-Foil-Aquapolis-2003-PSA-10-GEM-MINT-/204278424879
51b19a8c-1a67-497e-8777-95f1e198f186,2023-03-18,400,eBay,AUCTION,RELISTED,0,https://www.ebay.com/itm/Pokemon-Card-Tyranitar-40-147-Reverse-Holo-Foil-Aquapolis-2003-PSA-10-GEM-MINT-/204271625183
51b19a8c-1a67-497e-8777-95f1e198f186,2022-12-29,550,eBay,BEST_OFFER,ok,0,https://www.ebay.com/itm/Pokemon-Aquapolis-Tyranitar-Reverse-Foil-40-GEM-MT-PSA-10-/394399634281
51135669-eb51-40ba-aa5b-38259e3ece4c,2026-09-13,977,eBay,AUCTION,ok,0,https://www.ebay.com/itm/287565391080
51135669-eb51-40ba-aa5b-38259e3ece4c,2026-09-06,960,PWCC Weekly Auctions,AUCTION,ok,0,https://www.fanaticscollect.com/weekly/34e0da70-a08e-11f1-8407-0a58a9feac02
51135669-eb51-40ba-aa5b-38259e3ece4c,2026-08-30,1195,eBay,AUCTION,ok,0,https://www.ebay.com/itm/298609057156
51135669-eb51-40ba-aa5b-38259e3ece4c,2026-08-16,1287.11,CardHobby,AUCTION,ok,0,https://www.cardhobby.com/#/carddetails/128436380
51135669-eb51-40ba-aa5b-38259e3ece4c,2026-08-16,990,PWCC Weekly Auctions,AUCTION,ok,0,https://www.fanaticscollect.com/weekly/265612d6-8bd5-11f1-ac40-0a58a9feac02
51135669-eb51-40ba-aa5b-38259e3ece4c,2026-08-12,1250,eBay,BEST_OFFER,ok,0,https://www.ebay.com/itm/178102300608
51135669-eb51-40ba-aa5b-38259e3ece4c,2026-07-20,1025,eBay,AUCTION,ok,0,https://www.ebay.com/itm/366534848081
51135669-eb51-40ba-aa5b-38259e3ece4c,2026-07-19,1200,eBay,BEST_OFFER,ok,0,https://www.ebay.com/itm/800347369923
51135669-eb51-40ba-aa5b-38259e3ece4c,2026-07-12,1440,PWCC Weekly Auctions,AUCTION,ok,0,https://www.fanaticscollect.com/weekly/2a3c4b92-74a9-11f1-8cf7-0690aa0dd45f
51135669-eb51-40ba-aa5b-38259e3ece4c,2026-07-12,1225,eBay,AUCTION,ok,0,https://www.ebay.com/itm/117282491266
51c22a22-e631-4810-a463-0fcb32178af9,2026-08-11,764,eBay,AUCTION,ok,0,https://www.ebay.com/itm/307104581146
51c22a22-e631-4810-a463-0fcb32178af9,2026-08-11,700,eBay,BEST_OFFER,ok,0,https://www.ebay.com/itm/307114509867
51c22a22-e631-4810-a463-0fcb32178af9,2026-05-31,305,Goldin Auctions,AUCTION,ok,0,https://goldin.co/item/2001-pokemon-japanese-expedition-1st-edition-037-jynx-psa-gem-mt-10nb6ir
51c22a22-e631-4810-a463-0fcb32178af9,2026-05-16,271,eBay,AUCTION,ok,0,https://www.ebay.com/itm/117186008814
51c22a22-e631-4810-a463-0fcb32178af9,2026-03-13,510,eBay,BEST_OFFER,ok,1,https://www.ebay.com/itm/298115372766
51c22a22-e631-4810-a463-0fcb32178af9,2025-02-24,32,eBay,AUCTION,ok,0,https://www.ebay.com/itm/2001-POKEMON-JAPANESE-EXPEDITION-1ST-EDITION-037-JYNX-PSA-10-/306120116791
51c22a22-e631-4810-a463-0fcb32178af9,2024-03-03,37.2,PWCC Weekly Auctions,AUCTION,ok,0,https://www.fanaticscollect.com/weekly/5ff9cdc6-c750-11ee-9aed-0aa908e81683
51c22a22-e631-4810-a463-0fcb32178af9,2023-10-22,37.2,PWCC Weekly Auctions,AUCTION,ok,0,https://www.fanaticscollect.com/weekly/3abbba12-6c3b-11ee-9be0-066e374392e5
51c22a22-e631-4810-a463-0fcb32178af9,2023-08-27,29,eBay,AUCTION,ok,0,https://www.ebay.com/itm/Pokemon-Jynx-Expedition-1st-Edition-Japanese-037-PSA-10-Gem-Mint-/285439195268
51c22a22-e631-4810-a463-0fcb32178af9,2023-08-13,34.77,eBay,AUCTION,RELISTED,0,https://www.ebay.com/itm/Pokemon-Jynx-Expedition-1st-Edition-Japanese-037-PSA-10-Gem-Mint-/285415973739
51c02df7-2c4c-441b-8740-fbca9ca91014,2026-09-18,2550,eBay,AUCTION,ok,0,https://www.ebay.com/itm/257741489820
51c02df7-2c4c-441b-8740-fbca9ca91014,2026-09-13,2361,eBay,AUCTION,ok,0,https://www.ebay.com/itm/117387423593
51c02df7-2c4c-441b-8740-fbca9ca91014,2026-08-19,2225,eBay,AUCTION,ok,0,https://www.ebay.com/itm/128023938567
51c02df7-2c4c-441b-8740-fbca9ca91014,2026-07-19,2160,PWCC Weekly Auctions,AUCTION,ok,0,https://www.fanaticscollect.com/weekly/6b2b719a-7950-11f1-9d40-0a58a9feac02
51c02df7-2c4c-441b-8740-fbca9ca91014,2026-07-08,2500,eBay,AUCTION,ok,0,https://www.ebay.com/itm/287425553192
51c02df7-2c4c-441b-8740-fbca9ca91014,2026-07-02,2669,PWCC Fixed Price,BEST_OFFER,ok,0,https://www.fanaticscollect.com/buy-now/de68b9a0-1b66-437c-9d33-e2d0a9fe4ace
51c02df7-2c4c-441b-8740-fbca9ca91014,2026-06-25,2136,eBay,AUCTION,ok,0,https://www.ebay.com/itm/800203528667
51c02df7-2c4c-441b-8740-fbca9ca91014,2026-05-30,2550,eBay,AUCTION,ok,0,https://www.ebay.com/itm/287343843666
51c02df7-2c4c-441b-8740-fbca9ca91014,2026-05-18,2400,eBay,BEST_OFFER,ok,0,https://www.ebay.com/itm/277993923953
51c02df7-2c4c-441b-8740-fbca9ca91014,2026-05-10,2475,eBay,AUCTION,ok,0,https://www.ebay.com/itm/287301526847
5155fdcf-c23f-4a9f-b4db-d1b40b335627,2026-08-09,4121,eBay,AUCTION,ok,0,https://www.ebay.com/itm/287495389946
5155fdcf-c23f-4a9f-b4db-d1b40b335627,2026-07-24,4500,eBay,BEST_OFFER,ok,0,https://www.ebay.com/itm/206434320745
5155fdcf-c23f-4a9f-b4db-d1b40b335627,2026-06-24,4487,eBay,AUCTION,ok,0,https://www.ebay.com/itm/398066159128
5155fdcf-c23f-4a9f-b4db-d1b40b335627,2026-06-17,5800,eBay,BEST_OFFER,ok,0,https://www.ebay.com/itm/306998556580
5155fdcf-c23f-4a9f-b4db-d1b40b335627,2026-06-17,4376.86,eBay,BUY_IT_NOW,ok,0,https://www.ebay.com/itm/287390560399
5155fdcf-c23f-4a9f-b4db-d1b40b335627,2026-06-12,4750,eBay,BEST_OFFER,ok,0,https://www.ebay.com/itm/298406852070
5155fdcf-c23f-4a9f-b4db-d1b40b335627,2026-06-04,4360,eBay,BEST_OFFER,ok,0,https://www.ebay.com/itm/298366946823
5155fdcf-c23f-4a9f-b4db-d1b40b335627,2026-05-17,3840,PWCC Weekly Auctions,AUCTION,ok,0,https://www.fanaticscollect.com/weekly/11efab9c-4d99-11f1-9dcc-064e592ea1f5
5155fdcf-c23f-4a9f-b4db-d1b40b335627,2026-05-16,3800,eBay,AUCTION,ok,0,https://www.ebay.com/itm/298301044624
5155fdcf-c23f-4a9f-b4db-d1b40b335627,2026-05-13,3300,eBay,BEST_OFFER,ok,0,https://www.ebay.com/itm/227327085727
51d7a19c-8649-4a64-a22c-f5e2cb461e25,2026-09-17,31.48,eBay,AUCTION,ok,0,https://www.ebay.com/itm/366661340171
51d7a19c-8649-4a64-a22c-f5e2cb461e25,2026-08-28,33,eBay,AUCTION,ok,0,https://www.ebay.com/itm/820033586182
51d7a19c-8649-4a64-a22c-f5e2cb461e25,2026-08-13,49,PWCC Fixed Price,BEST_OFFER,ok,0,https://www.fanaticscollect.com/buy-now/ac31e80d-b401-4ffb-9470-e4f2a2c3e47a
51d7a19c-8649-4a64-a22c-f5e2cb461e25,2026-08-11,46,eBay,BEST_OFFER,ok,0,https://www.ebay.com/itm/227407227927
51d7a19c-8649-4a64-a22c-f5e2cb461e25,2026-05-17,32.4,PWCC Weekly Auctions,AUCTION,ok,0,https://www.fanaticscollect.com/weekly/11f94468-4d99-11f1-bca7-0a58a9feac02
51d7a19c-8649-4a64-a22c-f5e2cb461e25,2026-05-10,26.81,eBay,AUCTION,ok,0,https://www.ebay.com/itm/406895594264
51d7a19c-8649-4a64-a22c-f5e2cb461e25,2026-05-06,59.99,eBay,BUY_IT_NOW,ok,0,https://www.ebay.com/itm/318198126495
51d7a19c-8649-4a64-a22c-f5e2cb461e25,2026-05-03,50,eBay,BUY_IT_NOW,ok,0,https://www.ebay.com/itm/358499385123
51d7a19c-8649-4a64-a22c-f5e2cb461e25,2026-04-21,50,eBay,BEST_OFFER,ok,0,https://www.ebay.com/itm/298241771786
51d7a19c-8649-4a64-a22c-f5e2cb461e25,2026-04-07,53.99,eBay,BUY_IT_NOW,ok,0,https://www.ebay.com/itm/306857663490
51555cc5-c8bb-4c31-9b1c-42662e7346b5,2026-09-05,7000,eBay,BUY_IT_NOW,ok,0,https://www.ebay.com/itm/287247791639
51555cc5-c8bb-4c31-9b1c-42662e7346b5,2026-09-05,6499.99,eBay,BUY_IT_NOW,ok,0,https://www.ebay.com/itm/398240329977
51555cc5-c8bb-4c31-9b1c-42662e7346b5,2026-08-30,5655,eBay,AUCTION,ok,0,https://www.ebay.com/itm/287541280141
51555cc5-c8bb-4c31-9b1c-42662e7346b5,2026-08-04,4338,eBay,AUCTION,ok,0,https://www.ebay.com/itm/377381781460
51555cc5-c8bb-4c31-9b1c-42662e7346b5,2026-06-23,7950,PWCC Fixed Price,BEST_OFFER,ok,0,https://www.fanaticscollect.com/buy-now/e0592c2c-851a-496b-8ce6-a6ebcddc2303
51555cc5-c8bb-4c31-9b1c-42662e7346b5,2026-06-21,4560,PWCC Weekly Auctions,AUCTION,ok,0,https://www.fanaticscollect.com/weekly/ca98b29c-6383-11f1-b2fb-0a58a9feac02
51555cc5-c8bb-4c31-9b1c-42662e7346b5,2026-05-31,4920,PWCC Weekly Auctions,AUCTION,ok,0,https://www.fanaticscollect.com/weekly/66c90b44-5317-11f1-a0da-0a58a9feac02
51555cc5-c8bb-4c31-9b1c-42662e7346b5,2026-05-29,3740,eBay,BEST_OFFER,ok,0,https://www.ebay.com/itm/127855244139
51555cc5-c8bb-4c31-9b1c-42662e7346b5,2026-04-23,3550,eBay,AUCTION,ok,0,https://www.ebay.com/itm/117144950742
51555cc5-c8bb-4c31-9b1c-42662e7346b5,2026-03-17,3350,eBay,BEST_OFFER,ok,0,https://www.ebay.com/itm/396883847236
517cef27-a5bb-4bde-9c11-41a6840b91c8,2026-09-06,21000,eBay,BUY_IT_NOW,ok,0,https://www.ebay.com/itm/257660037319
517cef27-a5bb-4bde-9c11-41a6840b91c8,2026-09-06,19000,eBay,BUY_IT_NOW,ok,0,https://www.ebay.com/itm/287449771378
517cef27-a5bb-4bde-9c11-41a6840b91c8,2026-08-09,14884,Goldin Auctions,AUCTION,ok,0,https://goldin.co/item/2005-pokemon-ex-delta-species-reverse-holo-17-umbreon-psa-gem-mt-105qrnd
517cef27-a5bb-4bde-9c11-41a6840b91c8,2026-07-26,14900,eBay,AUCTION,ok,0,https://www.ebay.com/itm/287468640380
517cef27-a5bb-4bde-9c11-41a6840b91c8,2026-06-07,16200,PWCC Weekly Auctions,AUCTION,ok,0,https://www.fanaticscollect.com/weekly/03659df4-5abc-11f1-8ee8-0a58a9feac02
517cef27-a5bb-4bde-9c11-41a6840b91c8,2026-05-31,16902.8,eBay,AUCTION,ok,0,https://www.ebay.com/itm/287344934892
517cef27-a5bb-4bde-9c11-41a6840b91c8,2026-04-06,17000,eBay,BEST_OFFER,ok,0,https://www.ebay.com/itm/147245859784
517cef27-a5bb-4bde-9c11-41a6840b91c8,2026-02-07,8000,eBay,BUY_IT_NOW,ok,0,https://www.ebay.com/itm/286743133555
517cef27-a5bb-4bde-9c11-41a6840b91c8,2025-10-26,6100,eBay,AUCTION,ok,0,https://www.ebay.com/itm/286882151793
517cef27-a5bb-4bde-9c11-41a6840b91c8,2025-10-12,4951,eBay,AUCTION,ok,0,https://www.ebay.com/itm/286852154966
518ef617-b6b2-4165-a6cc-9ae786b8ef71,2026-08-13,189.99,eBay,BEST_OFFER,ok,0,https://www.ebay.com/itm/336740993186
518ef617-b6b2-4165-a6cc-9ae786b8ef71,2026-08-06,150,eBay,BUY_IT_NOW,ok,0,https://www.ebay.com/itm/407104991105
518ef617-b6b2-4165-a6cc-9ae786b8ef71,2026-06-29,202.5,eBay,AUCTION,ok,0,https://www.ebay.com/itm/377288152659
518ef617-b6b2-4165-a6cc-9ae786b8ef71,2026-05-26,189.99,eBay,BUY_IT_NOW,ok,0,https://www.ebay.com/itm/257519215578
518ef617-b6b2-4165-a6cc-9ae786b8ef71,2026-05-11,125,eBay,BEST_OFFER,ok,0,https://www.ebay.com/itm/397937544427
518ef617-b6b2-4165-a6cc-9ae786b8ef71,2026-04-16,49.2,Alt,AUCTION,ok,0,https://alt.xyz/exchange/select-listing?ids=785a9b98-356c-4af6-9b6e-a80d93d606f5
518ef617-b6b2-4165-a6cc-9ae786b8ef71,2026-03-17,64.99,eBay,BEST_OFFER,ok,0,https://www.ebay.com/itm/287209967028
518ef617-b6b2-4165-a6cc-9ae786b8ef71,2026-03-08,54,PWCC Weekly Auctions,AUCTION,ok,0,https://www.fanaticscollect.com/weekly/e228a3a8-0d58-11f1-aafa-0688377c452d
518ef617-b6b2-4165-a6cc-9ae786b8ef71,2026-02-03,150,eBay,BUY_IT_NOW,ok,0,https://www.ebay.com/itm/225357655827
518ef617-b6b2-4165-a6cc-9ae786b8ef71,2026-01-20,59.99,eBay,BUY_IT_NOW,ok,0,https://www.ebay.com/itm/306575527033
51538628-e706-46c4-acfb-f453a51e2f34,2026-08-26,2519,eBay,BEST_OFFER,ok,0,https://www.ebay.com/itm/307141677044
51538628-e706-46c4-acfb-f453a51e2f34,2026-08-20,2040,eBay,AUCTION,ok,0,https://www.ebay.com/itm/307123460538
51538628-e706-46c4-acfb-f453a51e2f34,2026-08-02,2500,eBay,BEST_OFFER,ok,0,https://www.ebay.com/itm/307002823723
51538628-e706-46c4-acfb-f453a51e2f34,2026-06-20,2199.99,eBay,BUY_IT_NOW,ok,0,https://www.ebay.com/itm/406784272792
51538628-e706-46c4-acfb-f453a51e2f34,2026-03-26,1766.58,eBay,BEST_OFFER,ok,0,https://www.ebay.com/itm/336488821333
51538628-e706-46c4-acfb-f453a51e2f34,2026-02-27,1150,eBay,BEST_OFFER,ok,0,https://www.ebay.com/itm/116922265926
51538628-e706-46c4-acfb-f453a51e2f34,2025-10-14,600,eBay,BEST_OFFER,ok,0,https://www.ebay.com/itm/116780618782
51538628-e706-46c4-acfb-f453a51e2f34,2025-07-22,601,eBay,AUCTION,ok,0,https://www.ebay.com/itm/277272163867
51538628-e706-46c4-acfb-f453a51e2f34,2025-05-23,588.9,eBay,BEST_OFFER,ok,0,https://www.ebay.com/itm/286123653583
51538628-e706-46c4-acfb-f453a51e2f34,2025-04-13,500,eBay,BEST_OFFER,ok,0,https://www.ebay.com/itm/135681817981
513f9e62-ea41-4475-a4b1-5770fdd0d193,2026-08-29,249,eBay,BUY_IT_NOW,ok,0,https://www.ebay.com/itm/287260030552
513f9e62-ea41-4475-a4b1-5770fdd0d193,2026-08-11,124.5,eBay,AUCTION,ok,0,https://www.ebay.com/itm/117338063374
513f9e62-ea41-4475-a4b1-5770fdd0d193,2026-06-21,138,PWCC Weekly Auctions,AUCTION,ok,0,https://www.fanaticscollect.com/weekly/7e934522-665f-11f1-b2bf-0aa70a100f53
513f9e62-ea41-4475-a4b1-5770fdd0d193,2026-04-19,100,eBay,BEST_OFFER,ok,0,https://www.ebay.com/itm/377111781661
513f9e62-ea41-4475-a4b1-5770fdd0d193,2026-04-01,179.99,eBay,BUY_IT_NOW,ok,0,https://www.ebay.com/itm/168003272994
513f9e62-ea41-4475-a4b1-5770fdd0d193,2026-03-29,130,eBay,BEST_OFFER,RELISTED,0,https://www.ebay.com/itm/376328349623
513f9e62-ea41-4475-a4b1-5770fdd0d193,2026-03-20,90,eBay,BEST_OFFER,ok,0,https://www.ebay.com/itm/277674850705
513f9e62-ea41-4475-a4b1-5770fdd0d193,2026-03-12,100,eBay,BEST_OFFER,ok,0,https://www.ebay.com/itm/277674847008
513f9e62-ea41-4475-a4b1-5770fdd0d193,2026-02-09,50,eBay,BEST_OFFER,ok,0,https://www.ebay.com/itm/188039987886
513f9e62-ea41-4475-a4b1-5770fdd0d193,2025-12-07,85,eBay,BEST_OFFER,ok,0,https://www.ebay.com/itm/177635048727
51c51870-ceb6-4f51-ae5b-7ffa6752d675,2026-08-09,225,eBay,BEST_OFFER,ok,0,https://www.ebay.com/itm/267751508041
51c51870-ceb6-4f51-ae5b-7ffa6752d675,2026-06-25,138,Alt,AUCTION,ok,0,https://alt.xyz/exchange/select-listing?ids=5160fe35-1cce-4d43-97ff-dc89b20a218f
51c51870-ceb6-4f51-ae5b-7ffa6752d675,2026-06-24,250,eBay,BEST_OFFER,ok,0,https://www.ebay.com/itm/306985911047
51c51870-ceb6-4f51-ae5b-7ffa6752d675,2026-03-08,135,eBay,BUY_IT_NOW,ok,0,https://www.ebay.com/itm/327012749781
51c51870-ceb6-4f51-ae5b-7ffa6752d675,2026-03-08,125.99,eBay,BUY_IT_NOW,ok,0,https://www.ebay.com/itm/127706861681
51c51870-ceb6-4f51-ae5b-7ffa6752d675,2026-01-30,79.99,eBay,BUY_IT_NOW,ok,0,https://www.ebay.com/itm/394836610901
51c51870-ceb6-4f51-ae5b-7ffa6752d675,2025-12-28,61,eBay,AUCTION,ok,0,https://www.ebay.com/itm/297862315857
51c51870-ceb6-4f51-ae5b-7ffa6752d675,2025-10-11,48.76,eBay,AUCTION,ok,0,https://www.ebay.com/itm/127412897620
51c51870-ceb6-4f51-ae5b-7ffa6752d675,2025-09-29,79.99,eBay,BUY_IT_NOW,ok,0,https://www.ebay.com/itm/394836610361
51c51870-ceb6-4f51-ae5b-7ffa6752d675,2025-06-19,59.99,eBay,BUY_IT_NOW,ok,0,https://www.ebay.com/itm/365551301118
51037c5f-78f5-4aa3-b840-16bbb26b60b3,2026-08-12,181.07,CardHobby,AUCTION,ok,0,https://www.cardhobby.com/#/carddetails/127664673
51037c5f-78f5-4aa3-b840-16bbb26b60b3,2026-08-06,138,Alt,AUCTION,ok,0,https://alt.xyz/exchange/select-listing?ids=73a772ca-1f49-4a07-9422-923adbe27d3a
51037c5f-78f5-4aa3-b840-16bbb26b60b3,2026-06-29,242.9,CardHobby,AUCTION,ok,0,https://www.cardhobby.com/#/carddetails/119411327
51037c5f-78f5-4aa3-b840-16bbb26b60b3,2026-06-07,180.5,eBay,AUCTION,ok,0,https://www.ebay.com/itm/377225119938
51037c5f-78f5-4aa3-b840-16bbb26b60b3,2026-05-04,299,eBay,BUY_IT_NOW,ok,0,https://www.ebay.com/itm/287312634240
51037c5f-78f5-4aa3-b840-16bbb26b60b3,2026-04-19,2280,PWCC Weekly Auctions,AUCTION,ok,1,https://www.fanaticscollect.com/weekly/95f3e3d2-37d6-11f1-bbd8-02ac6321cc89
51037c5f-78f5-4aa3-b840-16bbb26b60b3,2026-04-16,250,eBay,BUY_IT_NOW,ok,0,https://www.ebay.com/itm/406848756844
51037c5f-78f5-4aa3-b840-16bbb26b60b3,2026-04-16,110,PWCC Fixed Price,BEST_OFFER,ok,0,https://www.fanaticscollect.com/buy-now/506a682a-3274-493d-9187-2b3cad9b9c21
51037c5f-78f5-4aa3-b840-16bbb26b60b3,2026-03-26,193.49,eBay,BEST_OFFER,ok,0,https://www.ebay.com/itm/318050185325
51037c5f-78f5-4aa3-b840-16bbb26b60b3,2026-03-22,189.95,eBay,BEST_OFFER,ok,0,https://www.ebay.com/itm/358314671585
5138d0e7-0861-430c-a7fa-1bd7eb0e0a2b,2026-07-26,3479.44,Goldin Auctions,AUCTION,ok,0,https://goldin.co/item/2002-pokemon-expedition-reverse-holo-116-larvitar-psa-gem-mt-10lukci
5138d0e7-0861-430c-a7fa-1bd7eb0e0a2b,2026-04-12,3999.99,eBay,BUY_IT_NOW,ok,0,https://www.ebay.com/itm/187556621679
5138d0e7-0861-430c-a7fa-1bd7eb0e0a2b,2025-04-13,150,PWCC Weekly Auctions,AUCTION,ok,0,https://www.fanaticscollect.com/weekly/37c18680-10b2-11f0-bdaf-0a58a9feac02
5138d0e7-0861-430c-a7fa-1bd7eb0e0a2b,2023-11-27,127.5,eBay,AUCTION,ok,0,https://www.ebay.com/itm/PSA-10-GEM-MINT-Larvitar-116-165-REVERSE-HOLO-Expedition-Pokemon-Card-861-/266516888959
5138d0e7-0861-430c-a7fa-1bd7eb0e0a2b,2021-05-29,98.5,eBay,AUCTION,ok,0,https://www.ebay.com/itm/2002-Pokemon-Expedition-Reverse-Holo-Larvitar-116-PSA-10-GEM-MINT-/402857342952
5170290f-51b9-4086-928d-3f9615f6177a,2026-08-09,630,PWCC Weekly Auctions,AUCTION,ok,0,https://www.fanaticscollect.com/weekly/da006e22-8bf7-11f1-89eb-0abca7bf31c5
5170290f-51b9-4086-928d-3f9615f6177a,2026-01-24,900,eBay,BEST_OFFER,ok,0,https://www.ebay.com/itm/376892390373
5170290f-51b9-4086-928d-3f9615f6177a,2025-12-13,575,eBay,BEST_OFFER,ok,0,https://www.ebay.com/itm/355774501512
5170290f-51b9-4086-928d-3f9615f6177a,2025-07-29,400,eBay,BUY_IT_NOW,ok,0,https://www.ebay.com/itm/395480515860
5170290f-51b9-4086-928d-3f9615f6177a,2024-04-14,301,eBay,AUCTION,ok,0,https://www.ebay.com/itm/2016-POKEMON-XY-BLACK-STAR-PROMO-204-MISTY-GYM-BADGE-PSA-10-GEM-MINT-POP-11-/126416015219
5170290f-51b9-4086-928d-3f9615f6177a,2023-04-01,284.64,eBay,BEST_OFFER,ok,0,https://www.ebay.com/itm/PSA-10-Gym-Badge-Misty-Pokemon-promo-XY204-/204247103378
5170290f-51b9-4086-928d-3f9615f6177a,2021-06-09,200,eBay,BEST_OFFER,ok,0,https://www.ebay.com/itm/2016-Pokemon-XY-Black-Star-Promo-Gym-Badge-Misty-Pokemon-League-Holo-PSA-10-/234026056557
51991647-9acb-4139-b39c-91979fc02bf9,2024-11-29,9311,eBay,AUCTION,ok,0,https://www.ebay.com/itm/PTCG-Pokemon-PSA10-GEM-Rayquaza-EX-SR-FA-Promo-2012-Super-Rare-145-BW-P-Japanese-/387641654884
51991647-9acb-4139-b39c-91979fc02bf9,2024-10-25,11100,eBay,AUCTION,ok,0,https://www.ebay.com/itm/PTCG-Pokemon-PSA10-GEM-Rayquaza-EX-SR-FA-Promo-2012-Super-Rare-145-BW-P-Japanese-/387508927105
51991647-9acb-4139-b39c-91979fc02bf9,2024-06-24,11700,eBay,AUCTION,ok,0,https://www.ebay.com/itm/2012-Pokemon-Japanese-B-W-Promo-Super-Rare-145-FA-Rayquaza-EX-PSA-10-/387094514772
51991647-9acb-4139-b39c-91979fc02bf9,2024-05-19,12600,PWCC Weekly Auctions,AUCTION,ok,0,https://www.fanaticscollect.com/weekly/41a98c3c-024f-11ef-a99e-0a58a9feac02
51991647-9acb-4139-b39c-91979fc02bf9,2024-05-12,11700,PWCC Weekly Auctions,AUCTION,ok,0,https://www.fanaticscollect.com/weekly/22444bda-0785-11ef-bb2e-0a58a9feac02
51991647-9acb-4139-b39c-91979fc02bf9,2022-11-10,9500,PWCC Fixed Price,BEST_OFFER,ok,0,https://sales-history.pwccmarketplace.com/items/FIXED118645
51991647-9acb-4139-b39c-91979fc02bf9,2022-10-01,4550,eBay,AUCTION,ok,0,https://www.ebay.com/itm/2012-Pokemon-Japanese-Promo-Rayquaza-EX-HOLO-SUPER-RARE-CARD-SET-GET-PSA-10-/175427423748
51991647-9acb-4139-b39c-91979fc02bf9,2022-09-24,5400,Heritage Auctions,AUCTION,ok,0,https://comics.ha.com/itm/memorabilia/trading-cards/pokemon-rayquaza-145-black-and-white-promos-psa-trading-card-game-gem-mt-10-the-pokemon-company-2012-super-rare-card-set-get-/p/7289-11006.s?type=DA-DMC-AltPlatform-TradingCardGames-7289-09232022
51991647-9acb-4139-b39c-91979fc02bf9,2022-09-04,7800,PWCC Weekly Auctions,AUCTION,ok,0,https://www.fanaticscollect.com/weekly/33dfa804-6f23-11ed-bdbe-0a58a9feac02
51991647-9acb-4139-b39c-91979fc02bf9,2021-06-20,2499.99,eBay,BUY_IT_NOW,ok,0,https://www.ebay.com/itm/Pokemon-Japanese-Rayquaza-EX-Full-Art-Lottery-Promo-145-BW-P-PSA-10-Gem-Mint-/184896417763
51cb3c3a-faca-461b-b4d5-77cae41ddb8f,2026-09-12,189.5,eBay,BEST_OFFER,ok,0,https://www.ebay.com/itm/298571180390
51cb3c3a-faca-461b-b4d5-77cae41ddb8f,2026-09-06,122.48,eBay,AUCTION,ok,0,https://www.ebay.com/itm/307152999340
51cb3c3a-faca-461b-b4d5-77cae41ddb8f,2026-09-03,185,eBay,BUY_IT_NOW,ok,0,https://www.ebay.com/itm/298592817843
51cb3c3a-faca-461b-b4d5-77cae41ddb8f,2026-09-03,116.5,eBay,AUCTION,ok,0,https://www.ebay.com/itm/158229533118
51cb3c3a-faca-461b-b4d5-77cae41ddb8f,2026-08-24,152.5,eBay,AUCTION,ok,0,https://www.ebay.com/itm/117362142747
51cb3c3a-faca-461b-b4d5-77cae41ddb8f,2026-08-08,164.5,eBay,AUCTION,ok,0,https://www.ebay.com/itm/298546711489
51cb3c3a-faca-461b-b4d5-77cae41ddb8f,2026-08-08,150.02,eBay,AUCTION,ok,0,https://www.ebay.com/itm/298546711515
51cb3c3a-faca-461b-b4d5-77cae41ddb8f,2026-08-08,145.5,eBay,AUCTION,ok,0,https://www.ebay.com/itm/298546711491
51cb3c3a-faca-461b-b4d5-77cae41ddb8f,2026-08-08,144.49,eBay,AUCTION,ok,0,https://www.ebay.com/itm/307096948858
51cb3c3a-faca-461b-b4d5-77cae41ddb8f,2026-08-08,143.5,eBay,AUCTION,ok,0,https://www.ebay.com/itm/307096948488
512c3b39-074f-4734-9504-af8db8e53d67,2026-09-17,355,eBay,AUCTION,ok,0,https://www.ebay.com/itm/318849692895
512c3b39-074f-4734-9504-af8db8e53d67,2026-09-17,325.2,Alt,AUCTION,ok,0,https://alt.xyz/exchange/select-listing?ids=141ee453-8c54-4e02-a6b0-006d976df986
512c3b39-074f-4734-9504-af8db8e53d67,2026-09-17,295,eBay,BEST_OFFER,ok,0,https://www.ebay.com/itm/188939356704
512c3b39-074f-4734-9504-af8db8e53d67,2026-09-16,335.04,eBay,BUY_IT_NOW,ok,0,https://www.ebay.com/itm/198613827256
512c3b39-074f-4734-9504-af8db8e53d67,2026-09-13,348,PWCC Weekly Auctions,AUCTION,ok,0,https://www.fanaticscollect.com/weekly/a2109f32-a493-11f1-a807-065d41047819
512c3b39-074f-4734-9504-af8db8e53d67,2026-09-12,311,eBay,AUCTION,ok,0,https://www.ebay.com/itm/298646134132
512c3b39-074f-4734-9504-af8db8e53d67,2026-09-12,300,eBay,BEST_OFFER,ok,0,https://www.ebay.com/itm/188909694020
512c3b39-074f-4734-9504-af8db8e53d67,2026-09-11,350,eBay,BUY_IT_NOW,ok,0,https://www.ebay.com/itm/117406695024
512c3b39-074f-4734-9504-af8db8e53d67,2026-09-09,292,eBay,AUCTION,ok,0,https://www.ebay.com/itm/278336942021
512c3b39-074f-4734-9504-af8db8e53d67,2026-09-08,350,eBay,BEST_OFFER,ok,0,https://www.ebay.com/itm/147550956133
514b03be-e926-4825-9cca-13b35a2acf15,2026-09-08,999.99,eBay,BUY_IT_NOW,ok,0,https://www.ebay.com/itm/336686503449
514b03be-e926-4825-9cca-13b35a2acf15,2026-08-09,591.7,Goldin Auctions,AUCTION,ok,0,https://goldin.co/item/2004-pokemon-ex-team-rocket-returns-reverse-holo-91-surprise-time-mach30qow
514b03be-e926-4825-9cca-13b35a2acf15,2026-06-24,1000,eBay,BEST_OFFER,ok,0,https://www.ebay.com/itm/198451041883
514b03be-e926-4825-9cca-13b35a2acf15,2026-04-19,720,eBay,AUCTION,ok,0,https://www.ebay.com/itm/287265068745
514b03be-e926-4825-9cca-13b35a2acf15,2026-03-10,700,eBay,BEST_OFFER,ok,0,https://www.ebay.com/itm/277790732947
514b03be-e926-4825-9cca-13b35a2acf15,2026-01-12,245,eBay,BUY_IT_NOW,ok,0,https://www.ebay.com/itm/286179810141
514b03be-e926-4825-9cca-13b35a2acf15,2026-01-01,300,eBay,BUY_IT_NOW,ok,0,https://www.ebay.com/itm/287020903986
514b03be-e926-4825-9cca-13b35a2acf15,2026-01-01,242.19,eBay,BUY_IT_NOW,ok,0,https://www.ebay.com/itm/389001592781
514b03be-e926-4825-9cca-13b35a2acf15,2025-08-24,152.5,eBay,AUCTION,ok,0,https://www.ebay.com/itm/286764390618
514b03be-e926-4825-9cca-13b35a2acf15,2025-04-07,62,eBay,AUCTION,ok,0,https://www.ebay.com/itm/335889656293
51409146-28b9-42b6-9a96-a2583f9f3042,2026-09-18,710.69,eBay,AUCTION,ok,0,https://www.ebay.com/itm/117406743458
51409146-28b9-42b6-9a96-a2583f9f3042,2026-09-16,650,eBay,AUCTION,ok,0,https://www.ebay.com/itm/800637985119
51409146-28b9-42b6-9a96-a2583f9f3042,2026-08-31,750,eBay,AUCTION,ok,0,https://www.ebay.com/itm/377444295051
51409146-28b9-42b6-9a96-a2583f9f3042,2026-08-31,690,eBay,AUCTION,ok,0,https://www.ebay.com/itm/377444302203
51409146-28b9-42b6-9a96-a2583f9f3042,2026-08-30,720,PWCC Weekly Auctions,AUCTION,ok,0,https://www.fanaticscollect.com/weekly/c06bb76e-9be7-11f1-9ef1-0650edd76627
51409146-28b9-42b6-9a96-a2583f9f3042,2026-08-17,700,eBay,BEST_OFFER,ok,0,https://www.ebay.com/itm/188807521818
51409146-28b9-42b6-9a96-a2583f9f3042,2026-08-16,1025,eBay,AUCTION,ok,0,https://www.ebay.com/itm/298561897784
51409146-28b9-42b6-9a96-a2583f9f3042,2026-08-14,677,eBay,AUCTION,ok,0,https://www.ebay.com/itm/298564436821
51409146-28b9-42b6-9a96-a2583f9f3042,2026-08-09,732,eBay,AUCTION,ok,0,https://www.ebay.com/itm/287495390549
51409146-28b9-42b6-9a96-a2583f9f3042,2026-07-31,690,eBay,BUY_IT_NOW,ok,0,https://www.ebay.com/itm/298473830811
51802783-f439-4631-93a3-8f4b03675ddd,2026-09-10,10620,Alt,AUCTION,ok,1,https://alt.xyz/exchange/select-listing?ids=089b9669-deab-4f4e-857a-ca1a96296f4b
51802783-f439-4631-93a3-8f4b03675ddd,2026-05-10,2750,eBay,BEST_OFFER,ok,0,https://www.ebay.com/itm/397863025649
51802783-f439-4631-93a3-8f4b03675ddd,2026-03-20,2026,eBay,AUCTION,ok,0,https://www.ebay.com/itm/377043423521
51802783-f439-4631-93a3-8f4b03675ddd,2025-04-03,265.2,Alt,AUCTION,ok,0,https://alt.xyz/exchange/select-listing?ids=08773b57-7987-4684-9a26-1526b8e6423b
51802783-f439-4631-93a3-8f4b03675ddd,2024-03-14,219.5,eBay,AUCTION,ok,0,https://www.ebay.com/itm/2004-Pokemon-Black-Star-Promo-DVD-Release-021-Jirachi-PSA-10-GEM-MINT-/386841935466
51802783-f439-4631-93a3-8f4b03675ddd,2023-11-09,550,eBay,BEST_OFFER,ok,0,https://www.ebay.com/itm/PSA-10-GEM-MINT-Pokemon-Jirachi-021-DVD-Black-Star-Promo-Card-2004-Nintendo-/126060280875
51802783-f439-4631-93a3-8f4b03675ddd,2023-06-08,620,eBay,BUY_IT_NOW,ok,0,https://www.ebay.com/itm/Jirachi-PSA-10-GEM-MINT-2004-DVD-Release-Black-Star-Promo-021-Pokemon-/115791876391
51802783-f439-4631-93a3-8f4b03675ddd,2023-03-21,750,eBay,BUY_IT_NOW,ok,0,https://www.ebay.com/itm/Pokemon-Jirachi-021-DVD-Black-Star-Promo-Card-2004-Nintendo-Psa-10-Pop-7-/314455531582
51802783-f439-4631-93a3-8f4b03675ddd,2023-03-20,333,eBay,BUY_IT_NOW,ok,0,https://www.ebay.com/itm/Jirachi-21-PSA-10-Gem-Mint-DVD-Release-Promo-Pokemon-Card-/144914229246
51802783-f439-4631-93a3-8f4b03675ddd,2021-10-13,300,eBay,BEST_OFFER,ok,0,https://www.ebay.com/itm/2004-Pokemon-Black-Star-Promos-Jirachi-DVD-Release-PSA-10-GEM-MINT-021-/154650843344
51ad442f-f5ed-4589-99ef-72d874ca5aba,2025-06-29,324,PWCC Weekly Auctions,AUCTION,ok,0,https://www.fanaticscollect.com/weekly/8231c496-4c12-11f0-990a-021a606b17ed
51ad442f-f5ed-4589-99ef-72d874ca5aba,2025-01-21,127.5,eBay,AUCTION,ok,0,https://www.ebay.com/itm/Pokemon-PSA-10-GEM-MINT-Zoroark-Cracked-Ice-Holofoil-71-108-Dark-Explorers-/365347645631
51ad442f-f5ed-4589-99ef-72d874ca5aba,2023-12-10,150,eBay,BUY_IT_NOW,ok,0,https://www.ebay.com/itm/Pokemon-Zoroark-Dark-Explorers-Cracked-Ice-Holo-Promo-71-108-PSA-10-LOW-POP-5-/304747754878
51ad442f-f5ed-4589-99ef-72d874ca5aba,2023-09-03,190,eBay,BEST_OFFER,ok,0,https://www.ebay.com/itm/Pokemon-Dark-Explorers-Zoroark-Cracked-Ice-Holo-71-PSA-10-Gem-Mint-Pop-5-/155703595579
51ad442f-f5ed-4589-99ef-72d874ca5aba,2021-10-24,166.46,eBay,AUCTION,ok,0,https://www.ebay.com/itm/PSA-10-Zoroark-71-108-Cracked-Ice-Holo-Dark-Explorers-ONE-KIND-/194446826130
518a3e38-5fcf-4adc-82e9-d1eecdd1840f,2026-09-15,275,eBay,BEST_OFFER,ok,0,https://www.ebay.com/itm/158282344929
518a3e38-5fcf-4adc-82e9-d1eecdd1840f,2026-09-13,340,eBay,BUY_IT_NOW,ok,0,https://www.ebay.com/itm/117397569682
518a3e38-5fcf-4adc-82e9-d1eecdd1840f,2026-08-11,225,eBay,BUY_IT_NOW,ok,0,https://www.ebay.com/itm/307111268265
518a3e38-5fcf-4adc-82e9-d1eecdd1840f,2026-08-09,198,PWCC Weekly Auctions,AUCTION,ok,0,https://www.fanaticscollect.com/weekly/82289f5a-8ab0-11f1-8288-0a58a9feac02
518a3e38-5fcf-4adc-82e9-d1eecdd1840f,2026-07-25,164.5,eBay,AUCTION,ok,0,https://www.ebay.com/itm/117307561661
518a3e38-5fcf-4adc-82e9-d1eecdd1840f,2026-07-14,182.5,eBay,AUCTION,ok,0,https://www.ebay.com/itm/298488945880
518a3e38-5fcf-4adc-82e9-d1eecdd1840f,2026-06-23,220,eBay,BUY_IT_NOW,ok,0,https://www.ebay.com/itm/117019405243
518a3e38-5fcf-4adc-82e9-d1eecdd1840f,2026-06-14,143.5,eBay,AUCTION,ok,0,https://www.ebay.com/itm/287375967226
518a3e38-5fcf-4adc-82e9-d1eecdd1840f,2026-06-09,199.99,eBay,BUY_IT_NOW,ok,0,https://www.ebay.com/itm/358627499301
518a3e38-5fcf-4adc-82e9-d1eecdd1840f,2026-05-27,109.99,eBay,BEST_OFFER,ok,0,https://www.ebay.com/itm/198382280596
51ce648b-4945-4a0d-947a-b8331c241d50,2026-09-21,320,eBay,BEST_OFFER,ok,0,https://www.ebay.com/itm/117406373131
51ce648b-4945-4a0d-947a-b8331c241d50,2026-09-14,270,eBay,BUY_IT_NOW,ok,0,https://www.ebay.com/itm/117389185836
51ce648b-4945-4a0d-947a-b8331c241d50,2026-09-08,210.5,eBay,AUCTION,ok,0,https://www.ebay.com/itm/298632860408
51ce648b-4945-4a0d-947a-b8331c241d50,2026-09-05,200.5,eBay,AUCTION,ok,0,https://www.ebay.com/itm/298624887212
51ce648b-4945-4a0d-947a-b8331c241d50,2026-08-31,197.5,eBay,AUCTION,ok,0,https://www.ebay.com/itm/298609867353
51ce648b-4945-4a0d-947a-b8331c241d50,2026-08-13,230,eBay,AUCTION,ok,0,https://www.ebay.com/itm/307109448036
51ce648b-4945-4a0d-947a-b8331c241d50,2026-08-10,249.5,eBay,AUCTION,ok,0,https://www.ebay.com/itm/298553354650
51ce648b-4945-4a0d-947a-b8331c241d50,2026-08-01,275,eBay,BUY_IT_NOW,ok,0,https://www.ebay.com/itm/178354420105
51ce648b-4945-4a0d-947a-b8331c241d50,2026-07-08,162.5,eBay,AUCTION,ok,0,https://www.ebay.com/itm/117277887951
51ce648b-4945-4a0d-947a-b8331c241d50,2026-07-06,133.09,eBay,BEST_OFFER,ok,0,https://www.ebay.com/itm/366524827685
51ec9fec-c399-43c7-afe8-d22d21776553,2026-09-07,2230,eBay,AUCTION,ok,0,https://www.ebay.com/itm/188853097432
51ec9fec-c399-43c7-afe8-d22d21776553,2026-08-23,2552,eBay,AUCTION,ok,0,https://www.ebay.com/itm/307128457817
51ec9fec-c399-43c7-afe8-d22d21776553,2026-08-20,3450,eBay,AUCTION,NOT_PAID,0,https://www.ebay.com/itm/307122437396
51ec9fec-c399-43c7-afe8-d22d21776553,2026-08-14,2200,eBay,BEST_OFFER,ok,0,https://www.ebay.com/itm/117349725343
51ec9fec-c399-43c7-afe8-d22d21776553,2026-08-14,1536,eBay,AUCTION,NOT_PAID,0,https://www.ebay.com/itm/398260416931
51ec9fec-c399-43c7-afe8-d22d21776553,2026-07-26,1830,PWCC Weekly Auctions,AUCTION,ok,0,https://www.fanaticscollect.com/weekly/573aaccc-7ef6-11f1-835b-02cda253a7c9
51ec9fec-c399-43c7-afe8-d22d21776553,2026-07-26,1650,PWCC Weekly Auctions,AUCTION,ok,0,https://www.fanaticscollect.com/weekly/3118d0c2-8073-11f1-855a-0a58a9feac02
51ec9fec-c399-43c7-afe8-d22d21776553,2026-07-24,2100,eBay,AUCTION,ok,0,https://www.ebay.com/itm/307067701140
51ec9fec-c399-43c7-afe8-d22d21776553,2026-07-18,2550,eBay,AUCTION,ok,0,https://www.ebay.com/itm/318570847134
51ec9fec-c399-43c7-afe8-d22d21776553,2026-07-04,3250,eBay,AUCTION,ok,0,https://www.ebay.com/itm/407036939138
51d492c3-31cd-4d10-b3e7-28ad9efccae5,2026-07-10,671,eBay,AUCTION,ok,0,https://www.ebay.com/itm/307039017784
51d492c3-31cd-4d10-b3e7-28ad9efccae5,2026-05-26,1200,eBay,BEST_OFFER,ok,0,https://www.ebay.com/itm/117214401641
51d492c3-31cd-4d10-b3e7-28ad9efccae5,2026-05-24,990,PWCC Weekly Auctions,AUCTION,ok,0,https://www.fanaticscollect.com/weekly/aa57d89e-4f30-11f1-b288-0276b502c831
51d492c3-31cd-4d10-b3e7-28ad9efccae5,2026-01-18,306,eBay,AUCTION,ok,0,https://www.ebay.com/itm/389463185970
51d492c3-31cd-4d10-b3e7-28ad9efccae5,2026-01-18,301,eBay,AUCTION,ok,0,https://www.ebay.com/itm/389463209163
51d492c3-31cd-4d10-b3e7-28ad9efccae5,2026-01-18,301,eBay,AUCTION,ok,0,https://www.ebay.com/itm/389463179376
51d492c3-31cd-4d10-b3e7-28ad9efccae5,2026-01-18,301,eBay,AUCTION,ok,0,https://www.ebay.com/itm/389463177172
51d492c3-31cd-4d10-b3e7-28ad9efccae5,2026-01-18,296,eBay,AUCTION,ok,0,https://www.ebay.com/itm/389462839488
51d492c3-31cd-4d10-b3e7-28ad9efccae5,2026-01-18,296,eBay,AUCTION,ok,0,https://www.ebay.com/itm/389462836329
51d492c3-31cd-4d10-b3e7-28ad9efccae5,2025-07-07,475,eBay,BEST_OFFER,ok,0,https://www.ebay.com/itm/316162939743
514ebaa4-d022-4c56-80a9-40203e9c786b,2026-09-13,5857.5,eBay,AUCTION,ok,0,https://www.ebay.com/itm/137694302549
514ebaa4-d022-4c56-80a9-40203e9c786b,2026-07-26,4275.12,eBay,AUCTION,ok,0,https://www.ebay.com/itm/137508197972
514ebaa4-d022-4c56-80a9-40203e9c786b,2025-06-15,3409.26,eBay,AUCTION,ok,0,https://www.ebay.com/itm/135923140903
514ebaa4-d022-4c56-80a9-40203e9c786b,2025-05-15,3515.4,eBay,BEST_OFFER,ok,0,https://www.ebay.com/itm/187192836479
514ebaa4-d022-4c56-80a9-40203e9c786b,2025-02-13,1848.3,Goldin Auctions,AUCTION,ok,0,https://goldin.co/item/1999-pokemon-german-1st-edition-rare-holofoil-14-raichu-psa-gem-mt-10df3jj
514ebaa4-d022-4c56-80a9-40203e9c786b,2024-05-26,1697.4,eBay,AUCTION,ok,0,https://www.ebay.com/itm/1999-POKEMON-GERMAN-14-RAICHU-HOLO-1ST-EDITION-PSA-10-/135061925323
514ebaa4-d022-4c56-80a9-40203e9c786b,2023-03-26,1197.95,eBay,BUY_IT_NOW,ok,0,https://www.ebay.com/itm/1999-Pokemon-Base-Set-German-1st-Edition-Holo-Raichu-14-PSA-10-/165960142923
514ebaa4-d022-4c56-80a9-40203e9c786b,2023-01-28,1798.95,eBay,BUY_IT_NOW,RELISTED,0,https://www.ebay.com/itm/1999-Pokemon-Base-Set-German-1st-Edition-Holo-Raichu-14-PSA-10-/165891272841
514ebaa4-d022-4c56-80a9-40203e9c786b,2022-11-09,1525,eBay,BEST_OFFER,ok,0,https://www.ebay.com/itm/1999-POKEMON-BASE-SET-GERMAN-1ST-EDITION-HOLO-RAICHU-14-PSA-10-/195454430545
514ebaa4-d022-4c56-80a9-40203e9c786b,2022-11-04,1120,Alt,AUCTION,ok,0,https://alt.xyz/exchange/select-listing?ids=22586e06-0f0c-4e78-836b-e3e077d0e4cc
515f0ed4-4401-4d62-a27e-43fa13ed99d6,2022-05-08,119.5,eBay,AUCTION,ok,0,https://www.ebay.com/itm/52704104-2019-Pokemon-Hidden-Fates-45-Farfetchd-PSA-10-GEM-/154974673067
515f0ed4-4401-4d62-a27e-43fa13ed99d6,2021-12-22,21.5,eBay,AUCTION,ok,0,https://www.ebay.com/itm/52704105-Farfetchd-2019-Pokemon-Sun-Moon-Hidden-Fates-45-PSA-10-GEM-MINT-/154751191013
519e59c1-e745-4b52-a5fe-dc2538fc8961,2026-09-13,89.99,eBay,BEST_OFFER,ok,0,https://www.ebay.com/itm/407181020003
519e59c1-e745-4b52-a5fe-dc2538fc8961,2026-09-11,59.99,eBay,BUY_IT_NOW,ok,0,https://www.ebay.com/itm/168676373354
519e59c1-e745-4b52-a5fe-dc2538fc8961,2026-08-30,70,eBay,BEST_OFFER,ok,0,https://www.ebay.com/itm/406771819720
519e59c1-e745-4b52-a5fe-dc2538fc8961,2025-11-19,47.99,eBay,BUY_IT_NOW,ok,0,https://www.ebay.com/itm/267350821017
519e59c1-e745-4b52-a5fe-dc2538fc8961,2025-10-19,43.46,eBay,BEST_OFFER,ok,0,https://www.ebay.com/itm/225098279811
519e59c1-e745-4b52-a5fe-dc2538fc8961,2024-09-07,29.97,eBay,BUY_IT_NOW,ok,0,https://www.ebay.com/itm/2020-Pokemon-Vivid-Voltage-026-Flareon-Non-Holo-PSA-10-Card-GEM-MINT-/156360814080
519e59c1-e745-4b52-a5fe-dc2538fc8961,2024-07-13,39.99,eBay,BUY_IT_NOW,ok,0,https://www.ebay.com/itm/PSA-10-Flareon-2020-Pokemon-SWSH-Vivid-Voltage-026-/176454099420
519e59c1-e745-4b52-a5fe-dc2538fc8961,2024-06-16,30,eBay,BEST_OFFER,RELISTED,0,https://www.ebay.com/itm/Pokemon-flareon-PSA-10-vivid-voltage-026-185-/235253118418
519e59c1-e745-4b52-a5fe-dc2538fc8961,2024-06-16,20,eBay,BEST_OFFER,ok,0,https://www.ebay.com/itm/Pokemon-flareon-PSA-10-vivid-voltage-026-185-/235610835733
519e59c1-e745-4b52-a5fe-dc2538fc8961,2024-04-19,30,eBay,BEST_OFFER,ok,0,https://www.ebay.com/itm/2020-Pokemon-Swsh-Flareon-Vivid-Voltage-Psa-10-026-Gem-mint-/353923985769
51fd7fc4-cf97-41cc-9ed7-34e7c74a2486,2026-09-20,136.5,eBay,AUCTION,ok,0,https://www.ebay.com/itm/298664776630
51fd7fc4-cf97-41cc-9ed7-34e7c74a2486,2026-09-15,137.5,eBay,AUCTION,ok,0,https://www.ebay.com/itm/366656794625
51fd7fc4-cf97-41cc-9ed7-34e7c74a2486,2026-09-10,166.13,CardHobby,AUCTION,ok,0,https://www.cardhobby.com/#/carddetails/133980997
51fd7fc4-cf97-41cc-9ed7-34e7c74a2486,2026-09-06,173.1,CardHobby,AUCTION,ok,0,https://www.cardhobby.com/#/carddetails/132509839
51fd7fc4-cf97-41cc-9ed7-34e7c74a2486,2026-09-06,157.5,eBay,AUCTION,ok,0,https://www.ebay.com/itm/117381072538
51fd7fc4-cf97-41cc-9ed7-34e7c74a2486,2026-09-04,190.72,CardHobby,AUCTION,ok,0,https://www.cardhobby.com/#/carddetails/131560033
51fd7fc4-cf97-41cc-9ed7-34e7c74a2486,2026-09-04,178.8,Alt,AUCTION,ok,0,https://alt.xyz/exchange/select-listing?ids=9bfb3aa6-d8eb-410f-a8a5-d571deae4305
51fd7fc4-cf97-41cc-9ed7-34e7c74a2486,2026-09-02,219.99,eBay,BUY_IT_NOW,ok,0,https://www.ebay.com/itm/128009713988
51fd7fc4-cf97-41cc-9ed7-34e7c74a2486,2026-09-02,173.5,eBay,AUCTION,ok,0,https://www.ebay.com/itm/327321194970
51fd7fc4-cf97-41cc-9ed7-34e7c74a2486,2026-08-31,300,eBay,BUY_IT_NOW,ok,0,https://www.ebay.com/itm/117301823148
514bc697-e04c-4d23-b24b-85be89de1c5d,2026-07-26,660,PWCC Weekly Auctions,AUCTION,ok,0,https://www.fanaticscollect.com/weekly/c8f8140c-84e2-11f1-bf82-0a58a9feac02
514bc697-e04c-4d23-b24b-85be89de1c5d,2026-06-07,679,eBay,AUCTION,ok,0,https://www.ebay.com/itm/287357696617
514bc697-e04c-4d23-b24b-85be89de1c5d,2025-02-06,200,eBay,BEST_OFFER,ok,0,https://www.ebay.com/itm/Staryu-2005-Pokemon-EX-Delta-Species-84-113-Reverse-Holo-Foil-PSA-10-Gem-Pop-7-/226584295258
514bc697-e04c-4d23-b24b-85be89de1c5d,2024-03-24,183.5,eBay,AUCTION,ok,0,https://www.ebay.com/itm/2005-Pokemon-EX-Delta-Species-Staryu-Reverse-Holo-Card-84-113-PSA-10-Pop-7-/126382986359
514bc697-e04c-4d23-b24b-85be89de1c5d,2023-12-10,112.8,PWCC Weekly Auctions,AUCTION,ok,0,https://www.fanaticscollect.com/weekly/e83bdacc-8320-11ee-9b73-02fe62f30095
514bc697-e04c-4d23-b24b-85be89de1c5d,2022-04-27,90.87,eBay,AUCTION,ok,0,https://www.ebay.com/itm/PSA-10-GEM-MINT-STARYU-84-113-EX-DELTA-SPECIES-REVERSE-HOLO-POKEMON-CARD-/325161564281
514bc697-e04c-4d23-b24b-85be89de1c5d,2022-01-23,130,eBay,BUY_IT_NOW,ok,0,https://www.ebay.com/itm/2005-Pokemon-EX-Delta-Species-84-Staryu-Reverse-Foil-PSA-10-/313838010979
51ab8e9a-b69f-4102-994a-4067556f12ea,2024-02-15,110,eBay,BEST_OFFER,ok,0,https://www.ebay.com/itm/Pokemon-English-Gyarados-Stormfront-19-100-PSA-10-POP-6-/375254870741
51ab8e9a-b69f-4102-994a-4067556f12ea,2023-12-08,100,eBay,BEST_OFFER,ok,0,https://www.ebay.com/itm/PSA-10-Gem-Mint-Pokemon-Gyarados-19-100-RARE-Diamond-Pearl-Stormfront-/335155448742
51ab8e9a-b69f-4102-994a-4067556f12ea,2023-12-02,85,eBay,BEST_OFFER,ok,0,https://www.ebay.com/itm/PSA-10-Gem-Mint-Pokemon-Gyarados-19-100-RARE-Diamond-Pearl-Stormfront-/235195234078
51ab8e9a-b69f-4102-994a-4067556f12ea,2023-04-28,190,eBay,BEST_OFFER,ok,0,https://www.ebay.com/itm/Pokemon-PSA-10-Gem-Mint-Gyarados-card-Diamond-Pearl-Stormfront-19-100-Pop-3-/334804136560
51ab8e9a-b69f-4102-994a-4067556f12ea,2022-02-06,250,eBay,AUCTION,ok,0,https://www.ebay.com/itm/PSA-10-Gem-Mint-GYARADOS-Pokemon-TCG-Stormfront-19-55793138-/294800110463
51ab8e9a-b69f-4102-994a-4067556f12ea,2022-02-06,250,eBay,AUCTION,ok,0,https://www.ebay.com/itm/PSA-10-Gem-Mint-GYARADOS-Pokemon-TCG-Stormfront-19-55793137-/294800078233
51c9fa01-346e-4428-a9c3-6f9ee4e80d8d,2026-08-26,2995,eBay,AUCTION,ok,1,https://www.ebay.com/itm/377432942423
51c9fa01-346e-4428-a9c3-6f9ee4e80d8d,2026-08-26,1000,eBay,BUY_IT_NOW,ok,0,https://www.ebay.com/itm/168616313883
51c9fa01-346e-4428-a9c3-6f9ee4e80d8d,2026-03-30,449.99,eBay,BUY_IT_NOW,ok,0,https://www.ebay.com/itm/188103359015
51c9fa01-346e-4428-a9c3-6f9ee4e80d8d,2026-03-14,439.95,eBay,BUY_IT_NOW,ok,0,https://www.ebay.com/itm/157681514555
51c9fa01-346e-4428-a9c3-6f9ee4e80d8d,2025-12-28,227.5,eBay,AUCTION,ok,0,https://www.ebay.com/itm/287021430365
51c9fa01-346e-4428-a9c3-6f9ee4e80d8d,2025-12-28,172.5,eBay,AUCTION,RELISTED,0,https://www.ebay.com/itm/287021430361
51c9fa01-346e-4428-a9c3-6f9ee4e80d8d,2025-10-04,196.02,eBay,BEST_OFFER,ok,0,https://www.ebay.com/itm/156799843510
51c9fa01-346e-4428-a9c3-6f9ee4e80d8d,2023-04-24,54,eBay,AUCTION,ok,0,https://www.ebay.com/itm/PSA-10-GEM-MINT-Combusken-35-106-REVERSE-HOLO-Great-Encounters-Pokemon-Card-871-/314530770429
51c9fa01-346e-4428-a9c3-6f9ee4e80d8d,2023-01-15,66,eBay,AUCTION,ok,0,https://www.ebay.com/itm/Pokemon-PSA-10-Gem-Mint-D-P-Great-Encounters-COMBUSKEN-35-Reverse-Holo-/304760763865
51c9fa01-346e-4428-a9c3-6f9ee4e80d8d,2022-03-27,81.8,eBay,AUCTION,ok,0,https://www.ebay.com/itm/2008-POKEMON-GREAT-ENCOUNTERS-COMBUSKEN-25-REVERSE-HOLO-PSA-10-/154905494742
5151bf43-a7cc-45dc-834c-369f3d6fd773,2023-09-08,79.99,eBay,BUY_IT_NOW,ok,0,https://www.ebay.com/itm/Pokemon-TCG-Turtwig-Common-101-127-Platinum-Base-PSA-10-/175889226701
5151bf43-a7cc-45dc-834c-369f3d6fd773,2022-03-28,42,eBay,AUCTION,ok,0,https://www.ebay.com/itm/2009-POKEMON-TURTWIG-PLATINUM-PSA-10-WSC-/134060495604
513edc59-593c-41aa-afed-29e74529d5bb,2026-09-21,130,PWCC Fixed Price,BEST_OFFER,ok,0,https://www.fanaticscollect.com/buy-now/78bab57f-a139-4eb8-9f70-a1aaccd10995
513edc59-593c-41aa-afed-29e74529d5bb,2026-09-17,130.5,eBay,AUCTION,ok,0,https://www.ebay.com/itm/237061651848
513edc59-593c-41aa-afed-29e74529d5bb,2026-09-13,137.75,eBay,BEST_OFFER,ok,0,https://www.ebay.com/itm/227498756932
513edc59-593c-41aa-afed-29e74529d5bb,2026-09-12,196.5,eBay,AUCTION,ok,0,https://www.ebay.com/itm/307163310191
513edc59-593c-41aa-afed-29e74529d5bb,2026-09-11,250,eBay,BUY_IT_NOW,ok,0,https://www.ebay.com/itm/236894622162
513edc59-593c-41aa-afed-29e74529d5bb,2026-09-10,180,Alt,AUCTION,ok,0,https://alt.xyz/exchange/select-listing?ids=4fe903ad-b7e3-4f21-8395-a05a90152bd9
513edc59-593c-41aa-afed-29e74529d5bb,2026-09-09,215.42,Pristine Auction,AUCTION,ok,0,https://www.pristineauction.com/a13140276-Emmitt-Smith-Signed-1990-Action-Packed-Rookie-Update-34-RC-PSA
513edc59-593c-41aa-afed-29e74529d5bb,2026-09-02,142.5,eBay,AUCTION,ok,0,https://www.ebay.com/itm/800568052660
513edc59-593c-41aa-afed-29e74529d5bb,2026-08-28,175,eBay,BEST_OFFER,ok,0,https://www.ebay.com/itm/147452182297
513edc59-593c-41aa-afed-29e74529d5bb,2026-08-28,161.5,eBay,AUCTION,ok,0,https://www.ebay.com/itm/307126678580
511f6ca0-5442-4a3f-82d4-402ef1fc3a08,2026-09-19,152.5,eBay,AUCTION,ok,0,https://www.ebay.com/itm/158285937445
511f6ca0-5442-4a3f-82d4-402ef1fc3a08,2026-08-18,103.19,eBay,AUCTION,ok,0,https://www.ebay.com/itm/158178626802
511f6ca0-5442-4a3f-82d4-402ef1fc3a08,2026-08-11,255,eBay,BEST_OFFER,ok,0,https://www.ebay.com/itm/306875392782
511f6ca0-5442-4a3f-82d4-402ef1fc3a08,2026-03-29,50,eBay,AUCTION,ok,0,https://www.ebay.com/itm/157794297750
511f6ca0-5442-4a3f-82d4-402ef1fc3a08,2026-03-28,152.5,eBay,AUCTION,RELISTED,0,https://www.ebay.com/itm/157775306556
511f6ca0-5442-4a3f-82d4-402ef1fc3a08,2025-01-21,70,eBay,BUY_IT_NOW,ok,0,https://www.ebay.com/itm/PSA-10-Gem-Mint-Pokemon-Pidgey-77-110-EX-Holon-Phantoms-Non-Holo-2006-/335765484756
511f6ca0-5442-4a3f-82d4-402ef1fc3a08,2022-04-03,25,eBay,AUCTION,ok,0,https://www.ebay.com/itm/2006-Pokemon-EX-Holon-Phantoms-77-Pidgey-PSA-10-Gem-Mint-Non-Holo-/384804437700
511c4186-d816-453c-ad55-71f62f9d87f0,2026-08-16,1899,eBay,BUY_IT_NOW,ok,1,https://www.ebay.com/itm/306813438811
511c4186-d816-453c-ad55-71f62f9d87f0,2026-08-09,300,eBay,BEST_OFFER,ok,0,https://www.ebay.com/itm/800481000643
511c4186-d816-453c-ad55-71f62f9d87f0,2026-04-26,300,eBay,AUCTION,ok,0,https://www.ebay.com/itm/287278127086
511c4186-d816-453c-ad55-71f62f9d87f0,2024-09-20,88,eBay,AUCTION,ok,0,https://www.ebay.com/itm/1999-Topps-Pokemon-TV-Psyduck-Foil-PSA-10-POP-14-/226349996050
511c4186-d816-453c-ad55-71f62f9d87f0,2024-07-21,127.5,eBay,AUCTION,ok,0,https://www.ebay.com/itm/1999-Pokemon-Topps-Psyduck-Foil-54-PSA-10-Gem-Mint-/285955531007
511c4186-d816-453c-ad55-71f62f9d87f0,2024-06-09,84,PWCC Weekly Auctions,AUCTION,ok,0,https://www.fanaticscollect.com/weekly/ba0efb24-1228-11ef-b73e-0a58a9feac02
511c4186-d816-453c-ad55-71f62f9d87f0,2024-03-02,109.57,eBay,AUCTION,ok,0,https://www.ebay.com/itm/PSA-10-Psyduck-Foil-Topps-Pokemon-TV-1999-Pokemon-Card-54-/315184341794
511c4186-d816-453c-ad55-71f62f9d87f0,2023-10-03,49.99,eBay,BUY_IT_NOW,ok,0,https://www.ebay.com/itm/2000-Pokemon-Psyduck-Topps-Chrome-TV-Animation-54-PSA-10-GEM-MINT-/235235114294
511c4186-d816-453c-ad55-71f62f9d87f0,2023-05-19,100,eBay,AUCTION,ok,0,https://www.ebay.com/itm/1999-Topps-Pokemon-T-v-54-Psyduck-Foil-PSA-10-GEM-MINT-Low-Pop-/225578917194
511c4186-d816-453c-ad55-71f62f9d87f0,2023-03-29,175,eBay,AUCTION,RELISTED,0,https://www.ebay.com/itm/1999-Topps-Pokemon-T-v-54-Psyduck-Foil-PSA-10-GEM-MINT-Low-Pop-/225491790682
51624239-6814-4ef1-883a-a0a323fca0a5,2026-01-15,190,PWCC Fixed Price,BEST_OFFER,ok,0,https://www.fanaticscollect.com/buy-now/fc3dd2c6-e4a5-4078-863b-bbd991247924
51624239-6814-4ef1-883a-a0a323fca0a5,2025-12-13,190,PWCC Fixed Price,BEST_OFFER,ok,0,https://www.fanaticscollect.com/buy-now/320febf2-d26c-4cd0-9407-7622e1468c3e
51624239-6814-4ef1-883a-a0a323fca0a5,2025-05-08,54,Alt,AUCTION,ok,0,https://alt.xyz/exchange/select-listing?ids=1ec7fef0-1220-4b50-b6df-45206c444383
51624239-6814-4ef1-883a-a0a323fca0a5,2025-03-27,66,Alt,AUCTION,ok,0,https://alt.xyz/exchange/select-listing?ids=1f0818a1-a4f0-4b8e-b99c-b5413f5a4eb4
51624239-6814-4ef1-883a-a0a323fca0a5,2024-12-08,56.55,eBay,AUCTION,ok,0,https://www.ebay.com/itm/PSA-10-Slowbro-045-082-1st-Ed-Flight-Legends-Japanese-Pokemon-Card-MINT-/296856284792
51624239-6814-4ef1-883a-a0a323fca0a5,2024-11-26,68,eBay,AUCTION,RELISTED,0,https://www.ebay.com/itm/PSA-10-Slowbro-045-082-1st-Ed-Flight-Legends-Japanese-Pokemon-Card-MINT-/296831787520
51624239-6814-4ef1-883a-a0a323fca0a5,2024-11-20,72,eBay,AUCTION,RELISTED,0,https://www.ebay.com/itm/PSA-10-Slowbro-045-082-1st-Ed-Flight-Legends-Japanese-Pokemon-Card-MINT-/296820159761
51624239-6814-4ef1-883a-a0a323fca0a5,2024-11-07,74,eBay,AUCTION,RELISTED,0,https://www.ebay.com/itm/PSA-10-Slowbro-045-082-1st-Ed-Flight-Legends-Japanese-Pokemon-Card-MINT-/296791787975
51624239-6814-4ef1-883a-a0a323fca0a5,2024-10-27,87.65,eBay,BUY_IT_NOW,ok,0,https://www.ebay.com/itm/SLOWBRO-045-082-PSA-10-POKEMON-FLIGHT-LEGENDS-JAPANESE-HOLO-RARE-/266834901517
51624239-6814-4ef1-883a-a0a323fca0a5,2024-10-17,84,eBay,AUCTION,ok,0,https://www.ebay.com/itm/Slowbro-Pokemon-2004-Holo-Flight-Legends-Unlimited-Japanese-045-082-PSA-10-/387468791213
51c34638-21f2-4591-ba14-7cbcd2fd6a1e,2024-08-23,43.88,eBay,BEST_OFFER,ok,0,https://www.ebay.com/itm/PSA-10-POP-5-2017-Pokemon-VIKAVOLT-GX-021-051-Holo-Japanese-/354838881699
51c34638-21f2-4591-ba14-7cbcd2fd6a1e,2023-12-17,21.6,PWCC Weekly Auctions,AUCTION,ok,0,https://www.fanaticscollect.com/weekly/6a2f4bae-92ee-11ee-9d4d-061c0671cded
51c34638-21f2-4591-ba14-7cbcd2fd6a1e,2023-09-03,16.5,eBay,AUCTION,ok,0,https://www.ebay.com/itm/Pokemon-PSA-10-Gem-Mint-Japanese-SM-Strength-Expansion-Pack-Vikavolt-GX-021-/225741534873
51c34638-21f2-4591-ba14-7cbcd2fd6a1e,2022-04-17,29.65,eBay,AUCTION,ok,0,https://www.ebay.com/itm/2017-POKEMON-CARD-SUN-MOON-STRENGTH-EXPANSION-VIKAVOLT-GX-021-PSA-10-/203911130468
5183868a-b0d2-4f34-94ff-5e674d1f1722,2026-09-21,99,eBay,AUCTION,ok,0,https://www.ebay.com/itm/178488153230
5183868a-b0d2-4f34-94ff-5e674d1f1722,2026-09-13,129.99,eBay,BEST_OFFER,ok,0,https://www.ebay.com/itm/117402639621
5183868a-b0d2-4f34-94ff-5e674d1f1722,2026-09-13,119.99,eBay,BEST_OFFER,ok,0,https://www.ebay.com/itm/117402641021
5183868a-b0d2-4f34-94ff-5e674d1f1722,2026-08-29,150,eBay,BEST_OFFER,ok,0,https://www.ebay.com/itm/178407513099
5183868a-b0d2-4f34-94ff-5e674d1f1722,2026-08-26,90,eBay,BEST_OFFER,ok,0,https://www.ebay.com/itm/298616134685
5183868a-b0d2-4f34-94ff-5e674d1f1722,2026-08-17,120,eBay,BUY_IT_NOW,ok,0,https://www.ebay.com/itm/287485286468
5183868a-b0d2-4f34-94ff-5e674d1f1722,2026-08-16,115.2,PWCC Weekly Auctions,AUCTION,ok,0,https://www.fanaticscollect.com/weekly/60e743c2-8f48-11f1-8d43-02ffe2c5b8bf
5183868a-b0d2-4f34-94ff-5e674d1f1722,2026-08-16,86,eBay,AUCTION,ok,0,https://www.ebay.com/itm/800484325318
5183868a-b0d2-4f34-94ff-5e674d1f1722,2026-08-10,115,eBay,BEST_OFFER,ok,0,https://www.ebay.com/itm/307094379227
5183868a-b0d2-4f34-94ff-5e674d1f1722,2026-08-07,100,eBay,BEST_OFFER,ok,0,https://www.ebay.com/itm/800451079175
513306e9-e774-42d0-b491-2473a8e053d6,2026-08-21,2625,eBay,BEST_OFFER,ok,0,https://www.ebay.com/itm/188787982791
513306e9-e774-42d0-b491-2473a8e053d6,2026-03-21,2000,eBay,BUY_IT_NOW,ok,0,https://www.ebay.com/itm/287182249574
513306e9-e774-42d0-b491-2473a8e053d6,2025-10-29,550,eBay,BEST_OFFER,ok,0,https://www.ebay.com/itm/157376769464
513306e9-e774-42d0-b491-2473a8e053d6,2025-07-26,750,eBay,BUY_IT_NOW,ok,0,https://www.ebay.com/itm/164504150760
513306e9-e774-42d0-b491-2473a8e053d6,2025-01-24,240.33,eBay,BUY_IT_NOW,ok,0,https://www.ebay.com/itm/Pokemon-PSA-10-Venusaur-Reverse-Holo-30-Expedition-/375906965727
513306e9-e774-42d0-b491-2473a8e053d6,2023-12-03,132.5,eBay,AUCTION,ok,0,https://www.ebay.com/itm/2002-Pokemon-VENUSAUR-Expedition-Set-Reverse-Foil-PSA-GEM-MINT-10-Card-30-165-/296073835022
513306e9-e774-42d0-b491-2473a8e053d6,2023-08-13,118.5,eBay,AUCTION,ok,0,https://www.ebay.com/itm/2002-Pokemon-VENUSAUR-PSA-GEM-MINT-10-Reverse-Foil-Expedition-Set-30-165-/295864609486
513306e9-e774-42d0-b491-2473a8e053d6,2023-08-03,217.5,eBay,AUCTION,ok,0,https://www.ebay.com/itm/2002-Pokemon-Expedition-Venusaur-30-Reverse-Foil-30-165-PSA-10-GEM-MINT-/364379159923
513306e9-e774-42d0-b491-2473a8e053d6,2023-07-22,282.5,eBay,BEST_OFFER,ok,0,https://www.ebay.com/itm/2002-Pokemon-Expedition-Venusaur-Reverse-Holo-Rare-Foil-30-165-PSA-10-GEM-MINT-/266244814704
513306e9-e774-42d0-b491-2473a8e053d6,2023-03-27,255,eBay,AUCTION,ok,0,https://www.ebay.com/itm/POKEMON-PSA-10-GEM-MINT-VENUSAUR-HOLO-REVERSE-30-165-EXPEDITION-BASE-WOTC-2002-/266177524072
51e83720-4369-4d7c-9833-4ace526361e5,2025-10-05,750,eBay,BUY_IT_NOW,ok,1,https://www.ebay.com/itm/116733387978
51e83720-4369-4d7c-9833-4ace526361e5,2023-06-21,32,eBay,AUCTION,ok,0,https://www.ebay.com/itm/PSA-10-Flareon-4-2009-Pokemon-Platinum-Rising-Rivals-60-POP-9-/385688089538
51e83720-4369-4d7c-9833-4ace526361e5,2022-12-31,49.99,eBay,BUY_IT_NOW,ok,0,https://www.ebay.com/itm/2009-Pokemon-PSA-10-Flareon-4-60-111-Platinum-Rising-Rivals-GEM-MINT-POP-8-/334683516084
51e83720-4369-4d7c-9833-4ace526361e5,2022-12-23,65,eBay,BEST_OFFER,ok,0,https://www.ebay.com/itm/PSA-10-GEM-MINT-2009-Pokemon-Platinum-Rising-Rivals-60-Flareon-4-Non-Holo-POP-7-/275480407049
51e83720-4369-4d7c-9833-4ace526361e5,2022-06-25,79.99,eBay,BUY_IT_NOW,ok,0,https://www.ebay.com/itm/2009-Pokemon-Platinum-Rising-Rivals-60-Flareon-4-PSA-10-/304499758690
51ff5348-92a2-45ee-af41-f96a381080ad,2026-08-27,69.95,eBay,BUY_IT_NOW,ok,0,https://www.ebay.com/itm/306937157751
51ff5348-92a2-45ee-af41-f96a381080ad,2026-07-12,62,eBay,AUCTION,ok,0,https://www.ebay.com/itm/117283719568
51ff5348-92a2-45ee-af41-f96a381080ad,2026-04-18,54.95,eBay,BUY_IT_NOW,ok,0,https://www.ebay.com/itm/256920442282
51ff5348-92a2-45ee-af41-f96a381080ad,2026-03-28,54.99,eBay,BUY_IT_NOW,ok,0,https://www.ebay.com/itm/306785793814
51ff5348-92a2-45ee-af41-f96a381080ad,2026-03-24,39.5,eBay,AUCTION,ok,0,https://www.ebay.com/itm/366278576737
51ff5348-92a2-45ee-af41-f96a381080ad,2026-03-23,38,eBay,AUCTION,ok,0,https://www.ebay.com/itm/366265613049
51ff5348-92a2-45ee-af41-f96a381080ad,2026-03-23,36,eBay,AUCTION,ok,0,https://www.ebay.com/itm/366265613040
51ff5348-92a2-45ee-af41-f96a381080ad,2025-10-02,34.99,eBay,BUY_IT_NOW,ok,0,https://www.ebay.com/itm/365889029150
51ff5348-92a2-45ee-af41-f96a381080ad,2025-06-27,31.59,eBay,AUCTION,ok,0,https://www.ebay.com/itm/236145282187
51ff5348-92a2-45ee-af41-f96a381080ad,2025-06-05,18.5,eBay,AUCTION,ok,0,https://www.ebay.com/itm/376295561528
51d83985-f662-40a2-8e1b-46c57a464b8a,2025-10-17,24.5,eBay,AUCTION,ok,0,https://www.ebay.com/itm/389078855387
51d83985-f662-40a2-8e1b-46c57a464b8a,2022-07-04,26,eBay,AUCTION,ok,0,https://www.ebay.com/itm/2019-Pokemon-Sun-Moon-Unbroken-Bonds-Clefairy-Reverse-Foil-PSA-10-Gem-Mint-132-/255603751531
51f2def7-8b5a-4428-af3a-e1cf51b247e9,2026-09-16,270,eBay,BEST_OFFER,ok,0,https://www.ebay.com/itm/307160125081
51f2def7-8b5a-4428-af3a-e1cf51b247e9,2026-08-04,233.69,eBay,BEST_OFFER,ok,0,https://www.ebay.com/itm/407113300838
51f2def7-8b5a-4428-af3a-e1cf51b247e9,2026-06-15,110,eBay,BEST_OFFER,ok,0,https://www.ebay.com/itm/366371605193
51f2def7-8b5a-4428-af3a-e1cf51b247e9,2026-06-15,110,eBay,BEST_OFFER,ok,0,https://www.ebay.com/itm/117183343862
51f2def7-8b5a-4428-af3a-e1cf51b247e9,2026-06-07,102.5,eBay,AUCTION,ok,0,https://www.ebay.com/itm/298364151269
51f2def7-8b5a-4428-af3a-e1cf51b247e9,2026-05-29,95.76,eBay,BEST_OFFER,ok,0,https://www.ebay.com/itm/157952451052
51f2def7-8b5a-4428-af3a-e1cf51b247e9,2026-05-27,75,eBay,BEST_OFFER,ok,0,https://www.ebay.com/itm/366428154395
51f2def7-8b5a-4428-af3a-e1cf51b247e9,2026-05-09,71.65,eBay,AUCTION,ok,0,https://www.ebay.com/itm/206246162908
51f2def7-8b5a-4428-af3a-e1cf51b247e9,2026-04-26,76,eBay,AUCTION,ok,0,https://www.ebay.com/itm/366351303240
51f2def7-8b5a-4428-af3a-e1cf51b247e9,2026-04-11,105,eBay,BEST_OFFER,ok,0,https://www.ebay.com/itm/306864701394
5185902a-665b-4ada-a4fb-b9b0cffc039c,2026-03-27,209.21,eBay,BUY_IT_NOW,ok,0,https://www.ebay.com/itm/406545317992
5185902a-665b-4ada-a4fb-b9b0cffc039c,2025-10-01,175,eBay,BEST_OFFER,ok,0,https://www.ebay.com/itm/286850157276
5185902a-665b-4ada-a4fb-b9b0cffc039c,2025-06-14,115,eBay,BEST_OFFER,ok,0,https://www.ebay.com/itm/396528329022
5185902a-665b-4ada-a4fb-b9b0cffc039c,2024-10-05,75,eBay,BEST_OFFER,ok,0,https://www.ebay.com/itm/PSA-10-Ampharos-1-147-Pokemon-Aquapolis-2003-Card-VINTAGE-RARE-Ereader-GEM-MT-/356050073314
5185902a-665b-4ada-a4fb-b9b0cffc039c,2023-12-12,56.5,eBay,AUCTION,ok,0,https://www.ebay.com/itm/PSA-10-GEM-MINT-Ampharos-1-147-Aquapolis-Pokemon-Card-157-/266544435557
5185902a-665b-4ada-a4fb-b9b0cffc039c,2023-09-20,40,eBay,BUY_IT_NOW,ok,0,https://www.ebay.com/itm/PSA-10-GEM-MINT-Ampharos-1-147-Aquapolis-Pokemon-Card-157-/335037311958
5185902a-665b-4ada-a4fb-b9b0cffc039c,2022-12-12,42.89,eBay,AUCTION,ok,0,https://www.ebay.com/itm/Ampharos-1-147-Aquapolis-Non-Holo-Rare-PSA-10-/314260623985
5185902a-665b-4ada-a4fb-b9b0cffc039c,2022-08-21,39.6,PWCC Weekly Auctions,AUCTION,ok,0,https://www.fanaticscollect.com/weekly/3250ceb4-6f23-11ed-951d-0a58a9feac02
51256372-8bc7-4e33-8a02-3e28e5b817e0,2026-04-03,2000,eBay,BEST_OFFER,ok,0,https://www.ebay.com/itm/267626589781
51256372-8bc7-4e33-8a02-3e28e5b817e0,2026-02-26,1350,eBay,BEST_OFFER,ok,0,https://www.ebay.com/itm/336452141108
51256372-8bc7-4e33-8a02-3e28e5b817e0,2025-01-25,125,eBay,BUY_IT_NOW,ok,0,https://www.ebay.com/itm/Pokemon-Poliwhirl-EX-Unseen-Forces-Reverse-Holo-68-PSA-10-Gem-Mint-/286283119756
51256372-8bc7-4e33-8a02-3e28e5b817e0,2024-09-10,150,eBay,BUY_IT_NOW,ok,0,https://www.ebay.com/itm/2005-Pokemon-TCG-EX-Unseen-Forces-Poliwhirl-68-115-Reverse-Foil-PSA-10-Gem-Mint-/315374631232
51256372-8bc7-4e33-8a02-3e28e5b817e0,2024-03-18,125,eBay,BEST_OFFER,ok,0,https://www.ebay.com/itm/2005-Pokemon-TCG-EX-Unseen-Forces-Poliwhirl-68-115-Reverse-Foil-PSA-10-Gem-Mint-/374741514094
51256372-8bc7-4e33-8a02-3e28e5b817e0,2024-03-17,162,PWCC Weekly Auctions,AUCTION,ok,0,https://www.fanaticscollect.com/weekly/bd03489a-d627-11ee-973e-02397354111d
51256372-8bc7-4e33-8a02-3e28e5b817e0,2023-12-17,56,eBay,AUCTION,ok,0,https://www.ebay.com/itm/Pokemon-Poliwhirl-EX-Unseen-Forces-Reverse-Holo-68-PSA-10-Gem-Mint-/285596692742
51256372-8bc7-4e33-8a02-3e28e5b817e0,2023-08-03,95,eBay,AUCTION,ok,0,https://www.ebay.com/itm/Pokemon-Poliwhirl-68-Reverse-Holo-PSA-10-/385846065933
51256372-8bc7-4e33-8a02-3e28e5b817e0,2023-06-23,75,eBay,BEST_OFFER,ok,0,https://www.ebay.com/itm/EX-Unseen-Forces-Poliwhirl-68-115-Reverse-Holo-2005-PSA-GEM-MINT-10-Pokemon-Card-/125988269609
51256372-8bc7-4e33-8a02-3e28e5b817e0,2023-06-23,75,eBay,BEST_OFFER,RELISTED,0,https://www.ebay.com/itm/EX-Unseen-Forces-Poliwhirl-68-115-Reverse-Holo-2005-PSA-GEM-MINT-10-Pokemon-Card-/125617643643
51b426c3-3806-4d11-a178-8bb899e0d29a,2026-08-15,250.5,eBay,AUCTION,ok,0,https://www.ebay.com/itm/307113541373
51b426c3-3806-4d11-a178-8bb899e0d29a,2025-09-14,99.99,eBay,BUY_IT_NOW,ok,0,https://www.ebay.com/itm/305973673952
51b426c3-3806-4d11-a178-8bb899e0d29a,2025-06-17,99.99,eBay,BUY_IT_NOW,ok,0,https://www.ebay.com/itm/364689095918
51b426c3-3806-4d11-a178-8bb899e0d29a,2023-12-28,69.99,eBay,BUY_IT_NOW,ok,0,https://www.ebay.com/itm/Pokemon-Japanese-Vileplume-Rare-Wind-Sea-1st-Ed-003-087-PSA-10-/364047479932
51b426c3-3806-4d11-a178-8bb899e0d29a,2023-08-06,33.17,eBay,AUCTION,ok,0,https://www.ebay.com/itm/Pokemon-1st-Ed-Japanese-Wind-Sea-Vileplume-003-PSA-10-Gem-Mint-/115876410457
51b426c3-3806-4d11-a178-8bb899e0d29a,2022-09-25,84,eBay,AUCTION,ok,0,https://www.ebay.com/itm/Pokemon-PSA-10-Gem-Mint-Japanese-Wind-Sea-Vileplume-1st-Ed-003-/225168640207
5107ad6e-4df9-4ac8-a323-7525fe88f3ef,2025-12-05,76,eBay,AUCTION,ok,0,https://www.ebay.com/itm/306618857423
5107ad6e-4df9-4ac8-a323-7525fe88f3ef,2024-12-10,39.99,eBay,AUCTION,ok,0,https://www.ebay.com/itm/2021-POKEMON-SWSH-BLACK-STAR-PROMO-079-GALARIAN-MR-RIME-HOLO-PSA-10-/305947077797
5107ad6e-4df9-4ac8-a323-7525fe88f3ef,2024-03-18,34.99,eBay,AUCTION,ok,0,https://www.ebay.com/itm/PSA-10-Gem-Mint-Shining-Fates-Mad-Party-Pin-Collection-079-Promo-Mr-Rime-/186339793994
5107ad6e-4df9-4ac8-a323-7525fe88f3ef,2022-12-25,50,eBay,BEST_OFFER,ok,0,https://www.ebay.com/itm/2021-Pokemon-Swsh-Promo-079-Galarian-Mr-Rime-Holo-Shining-Fates-PSA-10-Pop-7-/304743602112
5107ad6e-4df9-4ac8-a323-7525fe88f3ef,2022-10-19,11.5,eBay,AUCTION,ok,0,https://www.ebay.com/itm/2021-Pokemon-Galarian-Mr-Rime-SWSH079-Shining-Fates-Promo-PSA-10-GEM-MINT-/234732116126
51c83773-903f-4566-b4d1-6060b1571f32,2026-09-19,20,eBay,AUCTION,ok,0,https://www.ebay.com/itm/800652962869
51c83773-903f-4566-b4d1-6060b1571f32,2026-09-03,46.45,CardHobby,AUCTION,ok,0,https://www.cardhobby.com/#/carddetails/132440415
51c83773-903f-4566-b4d1-6060b1571f32,2026-08-24,36.84,CardHobby,AUCTION,ok,0,https://www.cardhobby.com/#/carddetails/130428604
51c83773-903f-4566-b4d1-6060b1571f32,2026-08-24,33.85,CardHobby,AUCTION,ok,0,https://www.cardhobby.com/#/carddetails/130428269
51c83773-903f-4566-b4d1-6060b1571f32,2026-08-24,31.68,CardHobby,AUCTION,ok,0,https://www.cardhobby.com/#/carddetails/130428305
51c83773-903f-4566-b4d1-6060b1571f32,2026-08-24,29.46,CardHobby,AUCTION,ok,0,https://www.cardhobby.com/#/carddetails/130428789
51c83773-903f-4566-b4d1-6060b1571f32,2026-08-02,18.5,eBay,AUCTION,ok,0,https://www.ebay.com/itm/188697772228
51c83773-903f-4566-b4d1-6060b1571f32,2026-07-26,43,eBay,AUCTION,ok,0,https://www.ebay.com/itm/287468640460
51c83773-903f-4566-b4d1-6060b1571f32,2026-05-31,36,PWCC Weekly Auctions,AUCTION,ok,0,https://www.fanaticscollect.com/weekly/84847a80-5563-11f1-beae-0a1bb10fbf95
51c83773-903f-4566-b4d1-6060b1571f32,2026-04-19,33.6,PWCC Weekly Auctions,AUCTION,ok,0,https://www.fanaticscollect.com/weekly/9809075e-37ba-11f1-abb9-02e4d624ee35
51cc11e3-3ca9-4f7b-95b6-c8b4ec733eaa,2026-08-26,205,Alt,BUY_IT_NOW,ok,0,https://alt.xyz/exchange/select-listing?ids=f79b6c16-a686-4b2a-b3b0-72d30674a000
51cc11e3-3ca9-4f7b-95b6-c8b4ec733eaa,2026-08-20,205.2,Alt,AUCTION,ok,0,https://alt.xyz/exchange/select-listing?ids=0cce34db-3f9b-49fc-a0e4-85ee2bb3c33d
51cc11e3-3ca9-4f7b-95b6-c8b4ec733eaa,2024-12-15,96,eBay,AUCTION,ok,0,https://www.ebay.com/itm/PSA-10-Tauros-GX-263-SM-P-Toys-R-Us-/296867759548
51cc11e3-3ca9-4f7b-95b6-c8b4ec733eaa,2023-02-12,20.5,eBay,AUCTION,ok,0,https://www.ebay.com/itm/Pokemon-PSA-10-Gem-Mint-Japanese-GX-Starter-Deck-Campaign-Tauros-GX-SM-P-263-/325524772376
51cc11e3-3ca9-4f7b-95b6-c8b4ec733eaa,2023-02-09,78,eBay,BEST_OFFER,ok,0,https://www.ebay.com/itm/PSA-10-GEM-MINT-Tauros-GX-263-SM-P-ToysRus-Promo-2018-Pokemon-Card-Japanese-/334398440566
51cc11e3-3ca9-4f7b-95b6-c8b4ec733eaa,2022-11-27,36,eBay,AUCTION,ok,0,https://www.ebay.com/itm/PSA-10-2018-ToysRus-Promo-Tauros-GX-Starter-Campaign-Pokemon-Japanese-263-SM-P-/144812977478
51599caa-b1c4-4aaf-bc56-68c6d6e2dfc9,2026-07-19,1050,eBay,AUCTION,ok,0,https://www.ebay.com/itm/287450309331
51599caa-b1c4-4aaf-bc56-68c6d6e2dfc9,2026-03-15,676.66,eBay,AUCTION,ok,0,https://www.ebay.com/itm/287184464765
51599caa-b1c4-4aaf-bc56-68c6d6e2dfc9,2025-11-04,295,eBay,BEST_OFFER,ok,0,https://www.ebay.com/itm/376626850122
51599caa-b1c4-4aaf-bc56-68c6d6e2dfc9,2025-10-17,302.27,eBay,BEST_OFFER,ok,0,https://www.ebay.com/itm/388669241268
51599caa-b1c4-4aaf-bc56-68c6d6e2dfc9,2023-05-25,115,eBay,BEST_OFFER,ok,0,https://www.ebay.com/itm/2011-Pokemon-Black-White-Base-Set-Samurott-31-114-Holo-PSA-10-POP-5-/145038531435
51599caa-b1c4-4aaf-bc56-68c6d6e2dfc9,2023-03-15,110.5,eBay,AUCTION,ok,0,https://www.ebay.com/itm/Pokemon-Black-White-Base-Samurott-31-114-Holo-PSA-10-/334784889110
51599caa-b1c4-4aaf-bc56-68c6d6e2dfc9,2023-03-09,78.08,eBay,AUCTION,ok,0,https://www.ebay.com/itm/Pokemon-Black-White-Base-Samurott-Holo-31-114-PSA-10-GEM-MINT-/334775677856
51599caa-b1c4-4aaf-bc56-68c6d6e2dfc9,2022-12-05,162.5,eBay,AUCTION,ok,0,https://www.ebay.com/itm/PSA-10-GEM-MINT-Samurott-31-114-HOLO-RARE-Black-White-Base-Set-Pokemon-Card-642-/266008994720
5175a122-aec4-4dcd-87a1-bf3f28e10483,2026-03-31,938.21,eBay,BEST_OFFER,ok,1,https://www.ebay.com/itm/389825237689
5175a122-aec4-4dcd-87a1-bf3f28e10483,2024-10-30,85,eBay,BEST_OFFER,ok,0,https://www.ebay.com/itm/2013-Pokemon-TCG-B-W-Legendary-Treasures-Samurott-Holo-39-PSA-10-Gem-Mint-/205073687014
5175a122-aec4-4dcd-87a1-bf3f28e10483,2024-03-16,90,eBay,BEST_OFFER,ok,0,https://www.ebay.com/itm/PSA-10-Pop-8-2013-Pokemon-Black-White-Legendary-Treasures-Samurott-Holo-39-/256414311029
5175a122-aec4-4dcd-87a1-bf3f28e10483,2023-11-27,36.58,eBay,AUCTION,ok,0,https://www.ebay.com/itm/PSA-10-Samurott-Holo-39-B-W-Legendary-Treasures-2013-Pokemon-TCG-/166449946497
5175a122-aec4-4dcd-87a1-bf3f28e10483,2023-06-10,58.99,eBay,AUCTION,ok,0,https://www.ebay.com/itm/PSA-GEM-MINT-10-Pokemon-SAMUROTT-B-W-Legendary-Treasures-Holo-Rare-Card-39-113-/314630004685
5175a122-aec4-4dcd-87a1-bf3f28e10483,2023-05-31,104.49,eBay,AUCTION,RELISTED,0,https://www.ebay.com/itm/PSA-GEM-MINT-10-Pokemon-SAMUROTT-B-W-Legendary-Treasures-Holo-Rare-Card-39-113-/314609983096
5175a122-aec4-4dcd-87a1-bf3f28e10483,2023-04-14,175.96,eBay,BUY_IT_NOW,ok,0,https://www.ebay.com/itm/POKEMON-PSA-10-SAMUROTT-HOLO-B-W-LEGENDARY-TREASURES-39-113-BLACK-WHITE-/314482492704
5175a122-aec4-4dcd-87a1-bf3f28e10483,2022-12-13,222.5,eBay,AUCTION,ok,0,https://www.ebay.com/itm/PSA-10-GEM-MINT-Samurott-39-113-HOLO-RARE-Legendary-Treasures-Pokemon-Card-684-/314262123833
5175a122-aec4-4dcd-87a1-bf3f28e10483,2022-12-09,185,eBay,BEST_OFFER,ok,0,https://www.ebay.com/itm/2013-Pokemon-Legendary-Treasures-Samurott-Holo-39-PSA-10-POP-2-/234785324379
51695582-ba05-4a7f-a9f7-a56f12cdf0b4,2026-09-06,180,eBay,BUY_IT_NOW,ok,0,https://www.ebay.com/itm/117394538729
51695582-ba05-4a7f-a9f7-a56f12cdf0b4,2026-08-15,130,eBay,BEST_OFFER,ok,0,https://www.ebay.com/itm/318541802525
51695582-ba05-4a7f-a9f7-a56f12cdf0b4,2026-08-09,199,eBay,BUY_IT_NOW,ok,0,https://www.ebay.com/itm/117272363991
51695582-ba05-4a7f-a9f7-a56f12cdf0b4,2026-07-12,125,eBay,BUY_IT_NOW,ok,0,https://www.ebay.com/itm/336672039181
51695582-ba05-4a7f-a9f7-a56f12cdf0b4,2026-07-03,194.99,eBay,BEST_OFFER,ok,0,https://www.ebay.com/itm/398072289912
51695582-ba05-4a7f-a9f7-a56f12cdf0b4,2026-06-28,99,eBay,BUY_IT_NOW,ok,0,https://www.ebay.com/itm/206376115381
51695582-ba05-4a7f-a9f7-a56f12cdf0b4,2026-06-27,199,eBay,BUY_IT_NOW,ok,0,https://www.ebay.com/itm/306969114194
51695582-ba05-4a7f-a9f7-a56f12cdf0b4,2026-06-07,66,eBay,AUCTION,ok,0,https://www.ebay.com/itm/188459379194
51695582-ba05-4a7f-a9f7-a56f12cdf0b4,2026-05-15,70,eBay,BEST_OFFER,ok,0,https://www.ebay.com/itm/318298747214
51695582-ba05-4a7f-a9f7-a56f12cdf0b4,2026-05-14,100,eBay,BEST_OFFER,ok,0,https://www.ebay.com/itm/227341941396
517bed07-714d-4949-9dbb-6ac8ee600adc,2026-07-13,185,eBay,BUY_IT_NOW,ok,0,https://www.ebay.com/itm/206281580858
517bed07-714d-4949-9dbb-6ac8ee600adc,2026-06-23,103.5,eBay,AUCTION,ok,0,https://www.ebay.com/itm/127929519283
517bed07-714d-4949-9dbb-6ac8ee600adc,2026-05-20,151,eBay,AUCTION,ok,0,https://www.ebay.com/itm/298312216084
517bed07-714d-4949-9dbb-6ac8ee600adc,2026-04-03,120,eBay,BEST_OFFER,ok,0,https://www.ebay.com/itm/117122218039
517bed07-714d-4949-9dbb-6ac8ee600adc,2026-03-20,150,eBay,BEST_OFFER,ok,0,https://www.ebay.com/itm/406783645633
517bed07-714d-4949-9dbb-6ac8ee600adc,2025-12-14,84,eBay,AUCTION,ok,0,https://www.ebay.com/itm/297817917081
517bed07-714d-4949-9dbb-6ac8ee600adc,2025-09-07,72,PWCC Weekly Auctions,AUCTION,ok,0,https://www.fanaticscollect.com/weekly/887a1994-7f79-11f0-a4b5-0a58a9feac02
517bed07-714d-4949-9dbb-6ac8ee600adc,2025-08-31,80,eBay,AUCTION,ok,0,https://www.ebay.com/itm/116747686364
517bed07-714d-4949-9dbb-6ac8ee600adc,2024-10-01,28,eBay,AUCTION,ok,0,https://www.ebay.com/itm/2002-POKEMON-JPN-WIND-SEA-1ST-ED-015-TANGELA-PSA-10-/305801385005
517bed07-714d-4949-9dbb-6ac8ee600adc,2024-02-23,59.99,eBay,BEST_OFFER,ok,0,https://www.ebay.com/itm/Pokemon-TCG-Tangela-015-087-1st-Edition-Wind-Sea-Japanese-PSA-10-GEM-MINT-/386618007725
51fe45c1-8db5-4ab5-b3ee-4c286d80ad79,2023-01-08,175,eBay,BUY_IT_NOW,ok,0,https://www.ebay.com/itm/PSA-10-Japanese-Pokemon-SM3N-Fairy-Energy-UR-GOLD-064-051-/294847657885
5152742b-46e8-424c-853b-f00a9ee010a2,2026-05-17,1321,eBay,AUCTION,ok,0,https://www.ebay.com/itm/287321575330
5152742b-46e8-424c-853b-f00a9ee010a2,2026-04-12,890,eBay,AUCTION,ok,0,https://www.ebay.com/itm/287247660452
5152742b-46e8-424c-853b-f00a9ee010a2,2026-01-13,780,eBay,AUCTION,ok,0,https://www.ebay.com/itm/376847311133
5152742b-46e8-424c-853b-f00a9ee010a2,2025-07-14,399.99,eBay,BEST_OFFER,ok,0,https://www.ebay.com/itm/297374830457
5152742b-46e8-424c-853b-f00a9ee010a2,2025-05-25,286,eBay,AUCTION,ok,0,https://www.ebay.com/itm/286573694072
5152742b-46e8-424c-853b-f00a9ee010a2,2024-09-02,299.99,eBay,BUY_IT_NOW,ok,0,https://www.ebay.com/itm/Electabuzz-Reverse-Foil-PSA-10-LOW-POP-13-Pokemon-Expedition-Base-Set-76-165-/196602332736
5152742b-46e8-424c-853b-f00a9ee010a2,2024-04-26,71,eBay,AUCTION,ok,0,https://www.ebay.com/itm/Electabuzz-REV-Foil-Pokemon-2002-Expedition-76-165-GEM-MT-PSA-10-/276431238342
5152742b-46e8-424c-853b-f00a9ee010a2,2023-12-12,113.5,eBay,AUCTION,ok,0,https://www.ebay.com/itm/PSA-10-GEM-MINT-Electabuzz-76-165-REVERSE-HOLO-Expedition-Pokemon-Card-834-/276204089561
5152742b-46e8-424c-853b-f00a9ee010a2,2023-01-15,84,PWCC Weekly Auctions,AUCTION,ok,0,https://www.fanaticscollect.com/weekly/020b17ae-8ba3-11ed-a9be-0a58a9feac02
51ff6363-f77f-4d52-859e-d38314a5ad91,2026-03-04,35,eBay,BUY_IT_NOW,ok,0,https://www.ebay.com/itm/276277619359
51ff6363-f77f-4d52-859e-d38314a5ad91,2025-10-01,20,eBay,AUCTION,ok,0,https://www.ebay.com/itm/365882431012
51ff6363-f77f-4d52-859e-d38314a5ad91,2025-03-16,27.6,PWCC Weekly Auctions,AUCTION,ok,0,https://www.fanaticscollect.com/weekly/b934552c-f31f-11ef-a1e1-02aa2675cdff
51ff6363-f77f-4d52-859e-d38314a5ad91,2025-03-12,25,eBay,BUY_IT_NOW,ok,0,https://www.ebay.com/itm/306114762116
51ff6363-f77f-4d52-859e-d38314a5ad91,2024-10-09,26,eBay,BUY_IT_NOW,ok,0,https://www.ebay.com/itm/2022-Pokemon-Go-JPN-FA-Blanche-090-HYPER-RARE-PSA-10-/356089943958
51ff6363-f77f-4d52-859e-d38314a5ad91,2024-08-17,24,eBay,BEST_OFFER,ok,0,https://www.ebay.com/itm/2022-Pokemon-Sword-Shield-Pokemon-Go-Blanche-Rainbow-090-PSA-10-GEM-Japanese-/176488454137
51ff6363-f77f-4d52-859e-d38314a5ad91,2024-08-16,25,eBay,BEST_OFFER,ok,0,https://www.ebay.com/itm/PSA-10-Blanche-090-071-HR-Pokemon-Go-s10b-SWSH-Japanese-Pokemon-Gem-Mint-/364931461470
51ff6363-f77f-4d52-859e-d38314a5ad91,2024-02-11,24.5,eBay,AUCTION,ok,0,https://www.ebay.com/itm/PSA-10-Blanche-090-071-HR-Pokemon-Go-s10b-SWSH-Japanese-Pokemon-Gem-Mint-/395181012128
51ff6363-f77f-4d52-859e-d38314a5ad91,2023-11-09,15.5,eBay,AUCTION,ok,0,https://www.ebay.com/itm/2022-Pokemon-Sword-Shield-Pokemon-Go-Japanese-Blanche-Hyper-Rare-PSA-10-/235278103663
51ff6363-f77f-4d52-859e-d38314a5ad91,2023-06-16,26,eBay,AUCTION,ok,0,https://www.ebay.com/itm/2022-Pokemon-Go-Japanese-Full-Art-Blanche-Hyper-Rare-PSA-10-Gem-Mint-90-/364293720988
51cf6474-32d2-4008-9caf-8be2c4e8fdf8,2026-03-31,190,eBay,BEST_OFFER,ok,0,https://www.ebay.com/itm/157796389210
51cf6474-32d2-4008-9caf-8be2c4e8fdf8,2023-01-31,86.04,eBay,BEST_OFFER,ok,0,https://www.ebay.com/itm/POKEMON-PSA-10-CUBONE-047-084-ROCKET-GANG-STRIKES-BACK-JAPANESE-GRADED-C-/266100951901
51cf6474-32d2-4008-9caf-8be2c4e8fdf8,2023-01-25,82.47,eBay,BEST_OFFER,ok,0,https://www.ebay.com/itm/POKEMON-PSA-10-CUBONE-047-084-ROCKET-GANG-STRIKES-BACK-JAPANESE-/266100951901
516bf204-7ea4-40c8-b844-1668e6ec8e91,2026-09-15,239.99,eBay,BUY_IT_NOW,ok,0,https://www.ebay.com/itm/307077110177
516bf204-7ea4-40c8-b844-1668e6ec8e91,2026-09-05,175,eBay,BUY_IT_NOW,ok,0,https://www.ebay.com/itm/397936482441
516bf204-7ea4-40c8-b844-1668e6ec8e91,2026-09-05,159.5,eBay,AUCTION,ok,0,https://www.ebay.com/itm/227497262870
516bf204-7ea4-40c8-b844-1668e6ec8e91,2026-08-28,165,eBay,BUY_IT_NOW,ok,0,https://www.ebay.com/itm/397936482441
516bf204-7ea4-40c8-b844-1668e6ec8e91,2026-08-22,224.99,eBay,BUY_IT_NOW,ok,0,https://www.ebay.com/itm/298565191908
516bf204-7ea4-40c8-b844-1668e6ec8e91,2026-08-06,144,Alt,AUCTION,ok,0,https://alt.xyz/exchange/select-listing?ids=ea5a452d-624c-4eb6-b9f5-d38b972bbbb4
516bf204-7ea4-40c8-b844-1668e6ec8e91,2026-08-05,165,eBay,BUY_IT_NOW,ok,0,https://www.ebay.com/itm/117336567874
516bf204-7ea4-40c8-b844-1668e6ec8e91,2026-07-19,92,eBay,AUCTION,ok,0,https://www.ebay.com/itm/398160218740
516bf204-7ea4-40c8-b844-1668e6ec8e91,2026-07-12,177,eBay,AUCTION,ok,0,https://www.ebay.com/itm/307041988536
516bf204-7ea4-40c8-b844-1668e6ec8e91,2026-07-03,211,eBay,AUCTION,ok,0,https://www.ebay.com/itm/307024792498
515d19c4-82fc-42d3-9efe-fd557c557d72,2025-11-06,63,eBay,BUY_IT_NOW,RELISTED,0,https://www.ebay.com/itm/406294047894
515d19c4-82fc-42d3-9efe-fd557c557d72,2025-11-06,45.69,eBay,BEST_OFFER,ok,0,https://www.ebay.com/itm/197181767134
515d19c4-82fc-42d3-9efe-fd557c557d72,2025-05-03,51.99,eBay,BUY_IT_NOW,ok,0,https://www.ebay.com/itm/365403479464
515d19c4-82fc-42d3-9efe-fd557c557d72,2025-03-20,41.88,eBay,BUY_IT_NOW,ok,0,https://www.ebay.com/itm/365159049499
515d19c4-82fc-42d3-9efe-fd557c557d72,2024-10-26,50,eBay,BEST_OFFER,ok,0,https://www.ebay.com/itm/Pokemon-Japanese-Shaymin-Foil-Lugia-Get-Challenge-Promo-326-S-P-PSA-10-GEM-MINT-/126730679888
515d19c4-82fc-42d3-9efe-fd557c557d72,2024-09-21,30,eBay,AUCTION,ok,0,https://www.ebay.com/itm/2022-POKEMON-JPN-S-PROMO-LUGIA-GET-CHALLENGE-326-SHAYMIN-PSA-10-/305780841756
515d19c4-82fc-42d3-9efe-fd557c557d72,2024-06-27,17.21,eBay,AUCTION,ok,0,https://www.ebay.com/itm/PSA-10-Shaymin-2022-Pokemon-Card-326-S-P-Lugia-Get-Challenge-Promo-/186502969645
515d19c4-82fc-42d3-9efe-fd557c557d72,2024-05-26,21.6,PWCC Weekly Auctions,AUCTION,ok,0,https://www.fanaticscollect.com/weekly/549a39ca-13ea-11ef-9f10-0a58a9feac02
515d19c4-82fc-42d3-9efe-fd557c557d72,2024-02-16,25,eBay,AUCTION,ok,0,https://www.ebay.com/itm/Pokemon-Japanese-Shaymin-Lugia-Get-Challenge-Promo-326-PSA-10-Low-Pop-36-/395185609013
515d19c4-82fc-42d3-9efe-fd557c557d72,2023-10-25,26,eBay,AUCTION,ok,0,https://www.ebay.com/itm/20252-Pokemon-S-P-Japanese-326-Shaymin-PSA10-/364535945489
51af10fd-933d-463a-9e34-bea4eb54ebd2,2026-08-30,105.42,eBay,AUCTION,ok,0,https://www.ebay.com/itm/137634416639
51af10fd-933d-463a-9e34-bea4eb54ebd2,2026-08-23,98.12,eBay,AUCTION,ok,0,https://www.ebay.com/itm/137605306690
51af10fd-933d-463a-9e34-bea4eb54ebd2,2026-08-23,87.6,eBay,AUCTION,ok,0,https://www.ebay.com/itm/137605306689
51af10fd-933d-463a-9e34-bea4eb54ebd2,2026-07-26,102.49,eBay,AUCTION,ok,0,https://www.ebay.com/itm/137518587758
51af10fd-933d-463a-9e34-bea4eb54ebd2,2026-07-26,93.23,eBay,AUCTION,ok,0,https://www.ebay.com/itm/137518588176
51af10fd-933d-463a-9e34-bea4eb54ebd2,2026-05-31,96.43,eBay,AUCTION,ok,0,https://www.ebay.com/itm/137324435818
51af10fd-933d-463a-9e34-bea4eb54ebd2,2026-05-31,94.69,eBay,AUCTION,ok,0,https://www.ebay.com/itm/137324435816
51af10fd-933d-463a-9e34-bea4eb54ebd2,2026-05-31,93.03,eBay,AUCTION,ok,0,https://www.ebay.com/itm/137324292474
51af10fd-933d-463a-9e34-bea4eb54ebd2,2023-02-16,59.95,eBay,BEST_OFFER,ok,0,https://www.ebay.com/itm/DE-GERMAN-DEUTSCH-PSA-10-Surfing-Pikachu-Celebrations-Pokemon-Card-70541873-/285143952946
517f9d6c-084e-44d1-846a-a5cf400c15f6,2026-09-18,89,eBay,AUCTION,ok,0,https://www.ebay.com/itm/117405348544
517f9d6c-084e-44d1-846a-a5cf400c15f6,2026-06-26,138.19,eBay,BUY_IT_NOW,ok,0,https://www.ebay.com/itm/287264615712
517f9d6c-084e-44d1-846a-a5cf400c15f6,2026-06-03,117.5,eBay,AUCTION,ok,0,https://www.ebay.com/itm/298355917439
517f9d6c-084e-44d1-846a-a5cf400c15f6,2026-03-26,115,eBay,BUY_IT_NOW,ok,0,https://www.ebay.com/itm/286272297082
517f9d6c-084e-44d1-846a-a5cf400c15f6,2026-03-02,35,eBay,BUY_IT_NOW,ok,0,https://www.ebay.com/itm/327025989175
517f9d6c-084e-44d1-846a-a5cf400c15f6,2026-03-02,35,eBay,BUY_IT_NOW,ok,0,https://www.ebay.com/itm/327025988437
517f9d6c-084e-44d1-846a-a5cf400c15f6,2025-09-29,63.5,eBay,BUY_IT_NOW,ok,0,https://www.ebay.com/itm/317220263481
517f9d6c-084e-44d1-846a-a5cf400c15f6,2025-03-19,49.5,eBay,BUY_IT_NOW,ok,0,https://www.ebay.com/itm/295922941933
517f9d6c-084e-44d1-846a-a5cf400c15f6,2024-12-01,23,eBay,AUCTION,ok,0,https://www.ebay.com/itm/2000-Pokemon-PSA-10-Gem-Mint-Japanese-Neo-Discovery-Weedle-13-/326350749226
517f9d6c-084e-44d1-846a-a5cf400c15f6,2024-09-07,27.53,eBay,AUCTION,ok,0,https://www.ebay.com/itm/2000-Pokemon-PSA-10-Gem-Mint-Japanese-Neo-Discovery-Weedle-13-/276622709620
51aa2cd5-5bd5-43c2-b396-8517aaa07b80,2026-09-09,71,eBay,AUCTION,ok,0,https://www.ebay.com/itm/298636218227
51aa2cd5-5bd5-43c2-b396-8517aaa07b80,2026-05-23,300,eBay,BEST_OFFER,ok,0,https://www.ebay.com/itm/298340525185
51aa2cd5-5bd5-43c2-b396-8517aaa07b80,2026-04-29,250,eBay,BUY_IT_NOW,ok,0,https://www.ebay.com/itm/406891668574
51aa2cd5-5bd5-43c2-b396-8517aaa07b80,2026-03-01,91,eBay,AUCTION,ok,0,https://www.ebay.com/itm/177886660640
51aa2cd5-5bd5-43c2-b396-8517aaa07b80,2026-02-26,155,eBay,BEST_OFFER,ok,0,https://www.ebay.com/itm/306792335425
51aa2cd5-5bd5-43c2-b396-8517aaa07b80,2026-02-18,134.99,eBay,BEST_OFFER,ok,0,https://www.ebay.com/itm/267440442178
51aa2cd5-5bd5-43c2-b396-8517aaa07b80,2026-02-18,134.99,eBay,BEST_OFFER,ok,0,https://www.ebay.com/itm/267440442005
51aa2cd5-5bd5-43c2-b396-8517aaa07b80,2026-02-18,134.99,eBay,BEST_OFFER,ok,0,https://www.ebay.com/itm/267440441895
51aa2cd5-5bd5-43c2-b396-8517aaa07b80,2026-02-18,105,eBay,BEST_OFFER,ok,0,https://www.ebay.com/itm/257336099247
51aa2cd5-5bd5-43c2-b396-8517aaa07b80,2026-01-18,56.5,eBay,AUCTION,ok,0,https://www.ebay.com/itm/287061566506
5164bc96-f46d-40a7-8df1-27348577e662,2025-01-06,30,eBay,BEST_OFFER,ok,0,https://www.ebay.com/itm/PSA-10-GEM-MINT-2021-Pokemon-Sword-Shield-CROBAT-V-110-Promo-/204455446576
5164bc96-f46d-40a7-8df1-27348577e662,2023-11-03,13.5,eBay,AUCTION,ok,0,https://www.ebay.com/itm/PSA-10-GEM-MINT-CROBAT-V-SWSH110-Promo-2021-Trainer-s-Toolkit-LOW-POP-/186138500699
5164bc96-f46d-40a7-8df1-27348577e662,2023-10-18,22.95,eBay,BUY_IT_NOW,ok,0,https://www.ebay.com/itm/PSA-10-GEM-MINT-Crobat-V-SWSH-Black-Star-Promo-SWSH110-Trainers-Toolkit-2021-/115789050071
5164bc96-f46d-40a7-8df1-27348577e662,2023-08-22,36.5,eBay,BEST_OFFER,RELISTED,0,https://www.ebay.com/itm/PSA-10-GEM-MINT-2021-Pokemon-Sword-Shield-CROBAT-V-110-Promo-/204405117600
5164bc96-f46d-40a7-8df1-27348577e662,2023-06-14,32,eBay,AUCTION,ok,0,https://www.ebay.com/itm/2021-Pokemon-PSA-10-Crobat-V-SWSH-Black-Star-Promo-SWSH110-Trainers-Toolkit-/235041388729
5164bc96-f46d-40a7-8df1-27348577e662,2023-04-06,32,eBay,BEST_OFFER,ok,0,https://www.ebay.com/itm/PSA-10-GEM-MINT-2021-Pokemon-Trainers-Toolkit-CROBAT-V-110-Promo-BSP-Holo-/204223918258
514fe584-095e-49ee-a05c-bd9cf1e422ce,2026-09-18,1799.99,eBay,BUY_IT_NOW,ok,0,https://www.ebay.com/itm/407224598796
514fe584-095e-49ee-a05c-bd9cf1e422ce,2026-08-25,2270.27,eBay,BUY_IT_NOW,ok,0,https://www.ebay.com/itm/128044697374
514fe584-095e-49ee-a05c-bd9cf1e422ce,2024-05-16,120,eBay,BEST_OFFER,ok,0,https://www.ebay.com/itm/PSA-10-Gem-Mint-Pikachu-023-052-Hail-Blizzard-2011-Japanese-Graded-Card-/276347381027
514fe584-095e-49ee-a05c-bd9cf1e422ce,2023-12-08,140.6,eBay,BUY_IT_NOW,ok,0,https://www.ebay.com/itm/Psa-10-Pikachu-Hail-Blizzard-Pokemon-Japanese-2011-BW-023-BW3-Set-/225607180008
514fe584-095e-49ee-a05c-bd9cf1e422ce,2023-04-08,99.99,eBay,BUY_IT_NOW,ok,0,https://www.ebay.com/itm/PSA-10-Pikachu-023-052-Hail-Blizzard-2011-Japanese-Pokemon-/275782123135
5190a239-6115-484b-bfde-4b0df93263a1,2026-02-18,3500,eBay,BUY_IT_NOW,ok,0,https://www.ebay.com/itm/287124208396
5190a239-6115-484b-bfde-4b0df93263a1,2024-12-08,600,eBay,BEST_OFFER,ok,0,https://www.ebay.com/itm/PSA-10-Dialga-6-Holo-Pokemon-Platinum-Very-Low-Pop-6-Send-Offers-/285981462162
5190a239-6115-484b-bfde-4b0df93263a1,2023-04-16,425,eBay,BEST_OFFER,ok,0,https://www.ebay.com/itm/PSA-10-Dialga-Holo-6-Pokemon-Platinum-/115724315202
51cd0365-642f-4dee-8592-1f10d0207b8f,2026-09-04,333.33,eBay,BEST_OFFER,ok,0,https://www.ebay.com/itm/397810880395
51cd0365-642f-4dee-8592-1f10d0207b8f,2026-06-26,150,PWCC Fixed Price,BEST_OFFER,ok,0,https://www.fanaticscollect.com/buy-now/a592fe15-8efd-4c85-9e79-aaaa187ecc45
51cd0365-642f-4dee-8592-1f10d0207b8f,2026-06-10,201.99,eBay,AUCTION,ok,0,https://www.ebay.com/itm/800119494440
51cd0365-642f-4dee-8592-1f10d0207b8f,2025-10-10,85.02,eBay,AUCTION,ok,0,https://www.ebay.com/itm/336218330746
51cd0365-642f-4dee-8592-1f10d0207b8f,2025-09-15,125,eBay,BUY_IT_NOW,ok,0,https://www.ebay.com/itm/376550905286
51cd0365-642f-4dee-8592-1f10d0207b8f,2024-07-09,40.75,eBay,BEST_OFFER,ok,0,https://www.ebay.com/itm/Pokemon-TCG-Eevee-Majestic-Dawn-63-100-PSA-GEM-MINT-10-Regular-Common-/335436091905
51cd0365-642f-4dee-8592-1f10d0207b8f,2023-12-10,29.88,eBay,AUCTION,ok,0,https://www.ebay.com/itm/2008-Pokemon-Eevee-PSA-10-GEM-MINT-Majestic-Dawn-63-/176066123317
51cd0365-642f-4dee-8592-1f10d0207b8f,2023-12-03,15.01,eBay,AUCTION,ok,1,https://www.ebay.com/itm/2008-Eevee-Majestic-Dawn-PSA-10-GEM-MINT-63-/176050792840
51cd0365-642f-4dee-8592-1f10d0207b8f,2023-11-10,50,eBay,BUY_IT_NOW,ok,0,https://www.ebay.com/itm/2008-Pokemon-Eevee-PSA-10-GEM-MINT-Majestic-Dawn-63-/175983022397
51cd0365-642f-4dee-8592-1f10d0207b8f,2023-08-21,36.55,eBay,AUCTION,ok,0,https://www.ebay.com/itm/2008-Pokemon-Diamond-And-Pearl-63-Eevee-Majestic-Dawn-PSA-10-GEM-MT-/235129750012
51a9919b-bd58-4f9d-9c1e-08355ab5c0d0,2026-09-06,45,eBay,AUCTION,ok,0,https://www.ebay.com/itm/307152352662
51a9919b-bd58-4f9d-9c1e-08355ab5c0d0,2026-06-14,74.4,PWCC Weekly Auctions,AUCTION,ok,0,https://www.fanaticscollect.com/weekly/e99576ce-5c4b-11f1-9e02-0a58a9feac02
51a9919b-bd58-4f9d-9c1e-08355ab5c0d0,2026-04-26,54,eBay,AUCTION,ok,0,https://www.ebay.com/itm/287278080182
51a9919b-bd58-4f9d-9c1e-08355ab5c0d0,2026-04-14,69.99,eBay,BUY_IT_NOW,ok,0,https://www.ebay.com/itm/389141125734
51a9919b-bd58-4f9d-9c1e-08355ab5c0d0,2026-03-26,45,eBay,BEST_OFFER,ok,0,https://www.ebay.com/itm/306809466414
51a9919b-bd58-4f9d-9c1e-08355ab5c0d0,2026-03-06,36,eBay,AUCTION,ok,0,https://www.ebay.com/itm/117059304856
51a9919b-bd58-4f9d-9c1e-08355ab5c0d0,2026-02-24,48.59,eBay,BUY_IT_NOW,ok,0,https://www.ebay.com/itm/227060902237
51a9919b-bd58-4f9d-9c1e-08355ab5c0d0,2025-11-28,47,eBay,AUCTION,ok,0,https://www.ebay.com/itm/297778769197
51a9919b-bd58-4f9d-9c1e-08355ab5c0d0,2025-11-17,59,PWCC Fixed Price,BEST_OFFER,ok,0,https://sales-history.pwccmarketplace.com/items/FIXED383621
51a9919b-bd58-4f9d-9c1e-08355ab5c0d0,2025-10-23,79.99,eBay,BUY_IT_NOW,ok,0,https://www.ebay.com/itm/389132601924
5161c925-dc20-4aea-83af-ae20e47e38f8,2026-09-12,17.5,eBay,AUCTION,ok,0,https://www.ebay.com/itm/257726276454
5161c925-dc20-4aea-83af-ae20e47e38f8,2026-04-25,30,eBay,BUY_IT_NOW,ok,0,https://www.ebay.com/itm/116410273390
5161c925-dc20-4aea-83af-ae20e47e38f8,2025-12-14,26,eBay,BUY_IT_NOW,ok,0,https://www.ebay.com/itm/365691472693
5161c925-dc20-4aea-83af-ae20e47e38f8,2025-11-16,10.5,eBay,AUCTION,ok,0,https://www.ebay.com/itm/116841561140
5161c925-dc20-4aea-83af-ae20e47e38f8,2025-04-05,25.77,eBay,BUY_IT_NOW,ok,0,https://www.ebay.com/itm/276225014447
5161c925-dc20-4aea-83af-ae20e47e38f8,2025-02-23,19.38,eBay,AUCTION,ok,0,https://www.ebay.com/itm/2022-Pokemon-Japanese-SWSH-Dark-Phantasma-Gallade-V-040-PSA-10-GEM-MINT-/376006040328
5161c925-dc20-4aea-83af-ae20e47e38f8,2024-08-24,25,eBay,BEST_OFFER,ok,0,https://www.ebay.com/itm/Pokemon-PSA-10-Gallade-V-Jpn-Dark-Phantasma-Swsh-040-/166746265465
5161c925-dc20-4aea-83af-ae20e47e38f8,2023-05-15,12.52,eBay,AUCTION,ok,0,https://www.ebay.com/itm/2022-POKEMON-JAPANESE-SWORD-SHIELD-DARK-PHANTASMA-040-GALLADE-V-PSA-10-GEM-/125926321516
51094d60-8d3e-43ee-8359-06b72ceedda7,2026-08-15,61.88,eBay,AUCTION,ok,0,https://www.ebay.com/itm/307113544148
51094d60-8d3e-43ee-8359-06b72ceedda7,2026-04-22,85,eBay,BUY_IT_NOW,ok,0,https://www.ebay.com/itm/156218241323
51094d60-8d3e-43ee-8359-06b72ceedda7,2023-05-19,34.74,eBay,AUCTION,ok,0,https://www.ebay.com/itm/Pokemon-Japanese-Wind-Sea-Boost-Energy-86-PSA-10-Gem-Mint-/115806322152
5183e2d2-b4d3-4e59-995f-244f29f7e016,2026-09-09,64,PWCC Fixed Price,BEST_OFFER,ok,0,https://www.fanaticscollect.com/buy-now/44c4040b-e1ce-4a9f-b9b0-e3f1f802f8b8
5183e2d2-b4d3-4e59-995f-244f29f7e016,2026-07-01,66,eBay,BEST_OFFER,ok,0,https://www.ebay.com/itm/800064803733
5183e2d2-b4d3-4e59-995f-244f29f7e016,2026-05-05,65,eBay,BEST_OFFER,ok,0,https://www.ebay.com/itm/117128021648
5183e2d2-b4d3-4e59-995f-244f29f7e016,2026-02-23,39,eBay,BUY_IT_NOW,ok,0,https://www.ebay.com/itm/376181609831
5183e2d2-b4d3-4e59-995f-244f29f7e016,2026-02-22,20.4,PWCC Weekly Auctions,AUCTION,ok,0,https://www.fanaticscollect.com/weekly/4f54b300-0c18-11f1-8cbb-0a58a9feac02
5183e2d2-b4d3-4e59-995f-244f29f7e016,2026-01-22,27.95,eBay,AUCTION,ok,0,https://www.ebay.com/itm/116983266157
5183e2d2-b4d3-4e59-995f-244f29f7e016,2025-12-06,34,eBay,BEST_OFFER,ok,0,https://www.ebay.com/itm/374736330976
5183e2d2-b4d3-4e59-995f-244f29f7e016,2025-12-01,22.5,eBay,AUCTION,ok,0,https://www.ebay.com/itm/157502132314
5183e2d2-b4d3-4e59-995f-244f29f7e016,2025-11-20,39.02,eBay,AUCTION,ok,0,https://www.ebay.com/itm/157459791870
5183e2d2-b4d3-4e59-995f-244f29f7e016,2025-11-08,40,eBay,BUY_IT_NOW,ok,0,https://www.ebay.com/itm/297653144841
5117c892-aea7-42db-9c8e-cb70e5a04fde,2025-06-08,60.86,eBay,BUY_IT_NOW,ok,0,https://www.ebay.com/itm/176944975522
5117c892-aea7-42db-9c8e-cb70e5a04fde,2023-05-21,27,eBay,AUCTION,ok,0,https://www.ebay.com/itm/Pokemon-Holons-Voltorb-EX-Delta-Species-71-PSA-10-Gem-Mint-/285279187232
51667461-e39d-469b-9463-9ce0ac62d711,2026-01-28,25,eBay,BUY_IT_NOW,ok,0,https://www.ebay.com/itm/168082767244
51667461-e39d-469b-9463-9ce0ac62d711,2025-06-13,20.49,eBay,BUY_IT_NOW,ok,0,https://www.ebay.com/itm/186959860852
51667461-e39d-469b-9463-9ce0ac62d711,2025-02-04,16.05,eBay,AUCTION,ok,0,https://www.ebay.com/itm/2023-Pokemon-SV1V-Japanese-Houndoom-018-PSA-10-Gem-Mint-/375959956789
51667461-e39d-469b-9463-9ce0ac62d711,2025-01-07,15,eBay,BUY_IT_NOW,ok,0,https://www.ebay.com/itm/2023-POKEMON-JPN-SV1V-VIOLET-EX-018-HOUNDOOM-PSA-10-/305960981196
51667461-e39d-469b-9463-9ce0ac62d711,2024-12-29,14,eBay,BUY_IT_NOW,ok,0,https://www.ebay.com/itm/2023-POKEMON-JPN-SV1V-VIOLET-EX-018-HOUNDOOM-PSA-10-/305961002045
51667461-e39d-469b-9463-9ce0ac62d711,2024-05-28,11.5,eBay,AUCTION,ok,0,https://www.ebay.com/itm/2023-Pokemon-SV1V-Japanese-018-Houndoom-PSA-10-GEM-MINT-/375442645930
51667461-e39d-469b-9463-9ce0ac62d711,2023-07-06,13.2,Goldin Auctions,AUCTION,ok,0,https://goldin.co/item/2023-pokemon-japanese-sv1v-violet-ex-018-houndoom-psa-10r0g37
51667461-e39d-469b-9463-9ce0ac62d711,2023-05-25,14.4,Goldin Auctions,AUCTION,ok,0,https://goldin.co/item/2023-pokemon-japanese-sv1v-violet-ex-018-houndoom-psa-10so438
5171fd6c-f33a-43f6-86e1-154de0ff1a3b,2026-06-21,107.5,eBay,AUCTION,ok,0,https://www.ebay.com/itm/287394674029
5171fd6c-f33a-43f6-86e1-154de0ff1a3b,2025-09-10,60.49,eBay,BUY_IT_NOW,ok,0,https://www.ebay.com/itm/336105602052
5171fd6c-f33a-43f6-86e1-154de0ff1a3b,2025-02-14,25.15,eBay,BEST_OFFER,ok,0,https://www.ebay.com/itm/Pokemon-Fire-Red-Leaf-Green-Spearow-Common-81-PSA-10-Gem-Mint-POP-10-/296706856056
5171fd6c-f33a-43f6-86e1-154de0ff1a3b,2023-07-11,49.99,eBay,BUY_IT_NOW,ok,0,https://www.ebay.com/itm/Pokemon-2004-EX-Fire-Red-Leaf-Green-81-112-Spearow-PSA-10-Gem-Mint-/394512762053
511acfd0-3ed8-4060-9edd-efbe20a2cdcd,2026-09-19,71.27,eBay,AUCTION,ok,0,https://www.ebay.com/itm/168688192424
511acfd0-3ed8-4060-9edd-efbe20a2cdcd,2026-09-17,32.16,eBay,AUCTION,ok,0,https://www.ebay.com/itm/158275724608
511acfd0-3ed8-4060-9edd-efbe20a2cdcd,2026-09-16,46,eBay,AUCTION,ok,0,https://www.ebay.com/itm/366659287064
511acfd0-3ed8-4060-9edd-efbe20a2cdcd,2026-09-13,57.6,PWCC Weekly Auctions,AUCTION,ok,0,https://www.fanaticscollect.com/weekly/82ccf8a6-9fdd-11f1-b379-02fff4b5ca79
511acfd0-3ed8-4060-9edd-efbe20a2cdcd,2026-09-12,85,eBay,BEST_OFFER,ok,0,https://www.ebay.com/itm/137058829655
511acfd0-3ed8-4060-9edd-efbe20a2cdcd,2026-09-10,74.99,eBay,BEST_OFFER,ok,0,https://www.ebay.com/itm/137049393267
511acfd0-3ed8-4060-9edd-efbe20a2cdcd,2026-09-09,72,eBay,BEST_OFFER,ok,0,https://www.ebay.com/itm/307129826144
511acfd0-3ed8-4060-9edd-efbe20a2cdcd,2026-09-05,52,eBay,AUCTION,ok,0,https://www.ebay.com/itm/117380982082
511acfd0-3ed8-4060-9edd-efbe20a2cdcd,2026-09-05,48,eBay,AUCTION,ok,0,https://www.ebay.com/itm/336768498335
511acfd0-3ed8-4060-9edd-efbe20a2cdcd,2026-09-02,122.85,Pristine Auction,AUCTION,ok,0,https://www.pristineauction.com/a13063926-Vladimir-Guerrero-Jr-Signed-2019-Topps-Update-US272-HRD-RC-PSA-Autograph-Grade-10
51834304-2055-4f12-98b9-9ea15fb47ac7,2026-07-28,38,eBay,AUCTION,ok,0,https://www.ebay.com/itm/298518082436
51834304-2055-4f12-98b9-9ea15fb47ac7,2026-05-29,13.51,Pristine Auction,AUCTION,ok,0,https://www.pristineauction.com/a12439384-Cat-Osterman-Signed-2012-Americana-Heroes-and-Legends-72-PSA
51834304-2055-4f12-98b9-9ea15fb47ac7,2026-04-22,198,eBay,BEST_OFFER,ok,1,https://www.ebay.com/itm/117156533844
51834304-2055-4f12-98b9-9ea15fb47ac7,2026-04-15,78,eBay,AUCTION,ok,0,https://www.ebay.com/itm/306867138459
51834304-2055-4f12-98b9-9ea15fb47ac7,2026-03-12,13,eBay,AUCTION,ok,0,https://www.ebay.com/itm/336460694610
51834304-2055-4f12-98b9-9ea15fb47ac7,2026-03-03,27,eBay,AUCTION,ok,0,https://www.ebay.com/itm/117053384448
51834304-2055-4f12-98b9-9ea15fb47ac7,2026-03-03,22.5,eBay,AUCTION,ok,0,https://www.ebay.com/itm/298059282961
51834304-2055-4f12-98b9-9ea15fb47ac7,2024-07-14,27.95,eBay,BUY_IT_NOW,ok,0,https://www.ebay.com/itm/PSA-10-Wigglytuff-027-071-SV2D-JP-Clay-Burst-Japanese-Pokemon-Card-2023-/355586553290
51834304-2055-4f12-98b9-9ea15fb47ac7,2024-01-04,12.2,Goldin Auctions,AUCTION,ok,0,https://goldin.co/item/2023-pokemon-japanese-sv2d-clay-burst-027-wigglytuff-psa-101toau
51834304-2055-4f12-98b9-9ea15fb47ac7,2024-01-01,27.95,eBay,BUY_IT_NOW,ok,0,https://www.ebay.com/itm/PSA-10-Wigglytuff-027-071-SV2D-JP-Clay-Burst-Japanese-Pokemon-Card-2023-/355286388594
51092306-f68f-465a-979b-54a22a5ac0e0,2026-01-20,199,eBay,BUY_IT_NOW,ok,0,https://www.ebay.com/itm/167259321568
51092306-f68f-465a-979b-54a22a5ac0e0,2025-12-07,62,eBay,AUCTION,ok,0,https://www.ebay.com/itm/406437641266
51092306-f68f-465a-979b-54a22a5ac0e0,2024-12-14,32,eBay,AUCTION,ok,0,https://www.ebay.com/itm/Pikachu-V-043-185-2022-Pokemon-Battle-Academy-60-PSA-10-GEM-MINT-/256745078114
51092306-f68f-465a-979b-54a22a5ac0e0,2024-06-02,24.38,eBay,AUCTION,ok,0,https://www.ebay.com/itm/2022-Pokemon-Pikachu-V-Battle-Academy-PSA-10-/387034779587
51092306-f68f-465a-979b-54a22a5ac0e0,2024-05-28,44.99,eBay,AUCTION,ok,0,https://www.ebay.com/itm/Pokemon-2022-Battle-Academy-Pikachu-V-43-185-PSA-10-Gem-Mint-/196408769961
51092306-f68f-465a-979b-54a22a5ac0e0,2023-12-14,30.65,eBay,BUY_IT_NOW,ok,0,https://www.ebay.com/itm/PSA-10-GEM-MINT-Pikachu-V-043-185-Battle-Academy-HOLO-PROMO-60-Pokemon-Card-/314773550961
51092306-f68f-465a-979b-54a22a5ac0e0,2023-11-30,29.99,eBay,BUY_IT_NOW,ok,0,https://www.ebay.com/itm/PSA-10-GEM-MINT-Pikachu-V-043-185-Battle-Academy-HOLO-PROMO-60-Pokemon-Card-/314773550961
51092306-f68f-465a-979b-54a22a5ac0e0,2023-10-30,29.99,eBay,BUY_IT_NOW,ok,0,https://www.ebay.com/itm/PSA-10-GEM-MINT-Pikachu-V-043-185-Battle-Academy-HOLO-PROMO-60-Pokemon-Card-/314773550961
51092306-f68f-465a-979b-54a22a5ac0e0,2023-08-21,29.99,eBay,BUY_IT_NOW,ok,0,https://www.ebay.com/itm/PSA-10-GEM-MINT-Pikachu-V-043-185-Battle-Academy-HOLO-PROMO-60-Pokemon-Card-/314773550961
516a6180-e003-404a-b36e-97d531452be1,2026-02-05,750,eBay,BEST_OFFER,ok,0,https://www.ebay.com/itm/297946659909
516a6180-e003-404a-b36e-97d531452be1,2024-07-08,39.99,eBay,BUY_IT_NOW,ok,0,https://www.ebay.com/itm/PSA-10-2019-Pokemon-Sun-Moon-Team-Up-112-Mimikyu-Reverse-Holo-/204877867963
516a6180-e003-404a-b36e-97d531452be1,2023-09-09,40,eBay,BUY_IT_NOW,ok,0,https://www.ebay.com/itm/Pokemon-Mimikyu-Reverse-Holo-Sun-Moon-Team-Up-112-181-PSA-10-POP-8-/335022842262
517a99ad-8708-480e-89d0-ac547ce36501,2026-09-06,43,eBay,AUCTION,ok,0,https://www.ebay.com/itm/298623872833
517a99ad-8708-480e-89d0-ac547ce36501,2026-05-08,85.49,eBay,BUY_IT_NOW,ok,0,https://www.ebay.com/itm/336429983262
517a99ad-8708-480e-89d0-ac547ce36501,2026-02-01,34.97,eBay,BUY_IT_NOW,ok,0,https://www.ebay.com/itm/286795563420
517a99ad-8708-480e-89d0-ac547ce36501,2025-10-29,21,eBay,BEST_OFFER,ok,0,https://www.ebay.com/itm/226610251777
517a99ad-8708-480e-89d0-ac547ce36501,2025-10-14,25,eBay,BUY_IT_NOW,ok,0,https://www.ebay.com/itm/226996185241
517a99ad-8708-480e-89d0-ac547ce36501,2025-08-24,33,eBay,BUY_IT_NOW,ok,0,https://www.ebay.com/itm/226879774086
517a99ad-8708-480e-89d0-ac547ce36501,2025-08-18,26.99,eBay,BEST_OFFER,ok,0,https://www.ebay.com/itm/205526142648
517a99ad-8708-480e-89d0-ac547ce36501,2025-06-06,35,eBay,BEST_OFFER,ok,0,https://www.ebay.com/itm/235959925592
517a99ad-8708-480e-89d0-ac547ce36501,2025-02-09,11.01,eBay,AUCTION,ok,0,https://www.ebay.com/itm/2023-Japanese-Pokemon-151-Chansey-Holo-113-165-PSA-10-GEM-MINT-/186924197673
517a99ad-8708-480e-89d0-ac547ce36501,2025-01-24,21.5,eBay,AUCTION,ok,0,https://www.ebay.com/itm/2023-POKEMON-JAPANESE-SV2A-POKEMON-151-113-CHANSEY-PSA-10-/306045382545
510987ff-0aed-4b53-8443-045d6778cfab,2026-09-13,66.55,eBay,AUCTION,ok,0,https://www.ebay.com/itm/407198047323
510987ff-0aed-4b53-8443-045d6778cfab,2026-09-04,127.38,eBay,AUCTION,ok,0,https://www.ebay.com/itm/298622629399
510987ff-0aed-4b53-8443-045d6778cfab,2026-09-04,80.99,eBay,AUCTION,ok,0,https://www.ebay.com/itm/307150341695
510987ff-0aed-4b53-8443-045d6778cfab,2026-08-01,111,eBay,AUCTION,ok,0,https://www.ebay.com/itm/298520837772
510987ff-0aed-4b53-8443-045d6778cfab,2026-07-12,162.83,CardHobby,AUCTION,ok,0,https://www.cardhobby.com/#/carddetails/121679963
510987ff-0aed-4b53-8443-045d6778cfab,2026-05-31,174.99,eBay,BUY_IT_NOW,ok,0,https://www.ebay.com/itm/306965887233
510987ff-0aed-4b53-8443-045d6778cfab,2026-04-21,150,eBay,BEST_OFFER,ok,0,https://www.ebay.com/itm/287198142284
510987ff-0aed-4b53-8443-045d6778cfab,2026-03-26,131.99,eBay,BUY_IT_NOW,ok,0,https://www.ebay.com/itm/298163777514
510987ff-0aed-4b53-8443-045d6778cfab,2026-03-26,100,eBay,BUY_IT_NOW,ok,0,https://www.ebay.com/itm/306841163322
510987ff-0aed-4b53-8443-045d6778cfab,2026-03-01,99.99,eBay,BUY_IT_NOW,ok,0,https://www.ebay.com/itm/116985697029
512ffc7b-ca8b-4c46-9612-0296df44af1d,2026-09-06,396,PWCC Weekly Auctions,AUCTION,ok,0,https://www.fanaticscollect.com/weekly/c8000c36-a1c4-11f1-b081-0a58a9feac02
512ffc7b-ca8b-4c46-9612-0296df44af1d,2026-07-21,130,eBay,BEST_OFFER,ok,0,https://www.ebay.com/itm/336549591138
512ffc7b-ca8b-4c46-9612-0296df44af1d,2025-10-19,39,eBay,AUCTION,ok,0,https://www.ebay.com/itm/376607959562
512ffc7b-ca8b-4c46-9612-0296df44af1d,2024-02-24,74.97,eBay,BUY_IT_NOW,ok,0,https://www.ebay.com/itm/Topps-Pokemon-Movie-2000-7-Underground-Symphony-PSA-10-Card-GEM-MINT-/154969407608
512ffc7b-ca8b-4c46-9612-0296df44af1d,2023-11-13,70,eBay,BEST_OFFER,ok,0,https://www.ebay.com/itm/Topps-Pokemon-Movie-2000-7-Underground-Symphony-PSA-10-Card-GEM-MINT-/235294105324
512ffc7b-ca8b-4c46-9612-0296df44af1d,2023-10-26,19.52,Goldin Auctions,AUCTION,ok,0,https://goldin.co/item/2000-topps-pokemon-the-movie-2000-7-the-underground-symphonh2khr
5101c54e-0eb1-4698-a1da-6089574a5730,2026-09-18,46,eBay,AUCTION,ok,0,https://www.ebay.com/itm/307172299576
5101c54e-0eb1-4698-a1da-6089574a5730,2026-09-01,76,eBay,AUCTION,ok,0,https://www.ebay.com/itm/117375001083
5101c54e-0eb1-4698-a1da-6089574a5730,2023-12-01,41.71,eBay,BUY_IT_NOW,ok,0,https://www.ebay.com/itm/Pokemon-Japanese-Wigglytuff-053-080-Awakening-Psychic-King-1st-Ed-Psa-10-POP-3-/364609435944
516a87c0-24e7-469d-94b9-55bc824ed27f,2026-07-27,149,PWCC Fixed Price,BEST_OFFER,ok,0,https://www.fanaticscollect.com/buy-now/e4d6b390-4cc3-478b-bea6-73009ee02145
516a87c0-24e7-469d-94b9-55bc824ed27f,2025-04-13,25.2,PWCC Weekly Auctions,AUCTION,ok,0,https://www.fanaticscollect.com/weekly/379af1e6-10b2-11f0-91bd-0a58a9feac02
516a87c0-24e7-469d-94b9-55bc824ed27f,2023-12-18,25,eBay,AUCTION,ok,0,https://www.ebay.com/itm/PSA-GEM-MINT-2004-TOPPS-SHUPPET-ADVANCED-CHALLENGE-64-POKEMON-CARD-GRADED-/126237710451
51431c6f-0a97-4f6f-89e0-b1e1037e0612,2026-08-07,26,eBay,AUCTION,ok,0,https://www.ebay.com/itm/336717865796
51431c6f-0a97-4f6f-89e0-b1e1037e0612,2026-08-06,27,eBay,AUCTION,ok,0,https://www.ebay.com/itm/137567957263
51431c6f-0a97-4f6f-89e0-b1e1037e0612,2026-05-25,62,eBay,AUCTION,ok,0,https://www.ebay.com/itm/298327233786
51431c6f-0a97-4f6f-89e0-b1e1037e0612,2026-03-19,59.99,eBay,BUY_IT_NOW,ok,0,https://www.ebay.com/itm/256898703368
51431c6f-0a97-4f6f-89e0-b1e1037e0612,2026-01-25,16.8,PWCC Weekly Auctions,AUCTION,ok,0,https://www.fanaticscollect.com/weekly/ba2aee84-f308-11f0-824c-0a58a9feac02
51431c6f-0a97-4f6f-89e0-b1e1037e0612,2026-01-19,35,eBay,BUY_IT_NOW,ok,0,https://www.ebay.com/itm/287049664923
51431c6f-0a97-4f6f-89e0-b1e1037e0612,2025-10-20,20,eBay,BEST_OFFER,ok,0,https://www.ebay.com/itm/167871677696
51431c6f-0a97-4f6f-89e0-b1e1037e0612,2025-09-30,24.99,eBay,BUY_IT_NOW,ok,0,https://www.ebay.com/itm/297420672368
51431c6f-0a97-4f6f-89e0-b1e1037e0612,2025-09-28,15.5,eBay,AUCTION,ok,0,https://www.ebay.com/itm/236339755730
51431c6f-0a97-4f6f-89e0-b1e1037e0612,2025-04-15,40,eBay,BUY_IT_NOW,ok,0,https://www.ebay.com/itm/176684931853
51b5e4b9-8bec-4f17-9868-c42029e3445c,2026-07-31,48.99,eBay,BEST_OFFER,ok,0,https://www.ebay.com/itm/366569835134
51b5e4b9-8bec-4f17-9868-c42029e3445c,2026-07-27,41,eBay,AUCTION,RELISTED,0,https://www.ebay.com/itm/366555303868
51b5e4b9-8bec-4f17-9868-c42029e3445c,2026-07-26,50,eBay,AUCTION,ok,0,https://www.ebay.com/itm/158095645814
51b5e4b9-8bec-4f17-9868-c42029e3445c,2026-07-18,65,eBay,BEST_OFFER,ok,0,https://www.ebay.com/itm/398084392568
51b5e4b9-8bec-4f17-9868-c42029e3445c,2026-06-01,60,eBay,BUY_IT_NOW,ok,0,https://www.ebay.com/itm/327149456623
51b5e4b9-8bec-4f17-9868-c42029e3445c,2026-05-24,43,eBay,BEST_OFFER,ok,0,https://www.ebay.com/itm/318329633365
51b5e4b9-8bec-4f17-9868-c42029e3445c,2026-04-26,55.5,eBay,BEST_OFFER,ok,0,https://www.ebay.com/itm/117162601680
51b5e4b9-8bec-4f17-9868-c42029e3445c,2026-04-05,50.4,PWCC Weekly Auctions,AUCTION,ok,0,https://www.fanaticscollect.com/weekly/85f448e4-2306-11f1-98b0-0a8ae697f177
51b5e4b9-8bec-4f17-9868-c42029e3445c,2026-03-01,43.26,eBay,BEST_OFFER,ok,0,https://www.ebay.com/itm/317179780613
51b5e4b9-8bec-4f17-9868-c42029e3445c,2026-02-01,43,eBay,AUCTION,ok,0,https://www.ebay.com/itm/306729297179
5153077e-7227-4e90-adad-741cb35db7b0,2024-04-14,16.8,PWCC Weekly Auctions,AUCTION,ok,0,https://www.fanaticscollect.com/weekly/d9471544-f748-11ee-8d8d-0ae3339c8bdf
5153077e-7227-4e90-adad-741cb35db7b0,2024-01-21,28.54,eBay,BEST_OFFER,ok,0,https://www.ebay.com/itm/2023-POKEMON-Snorlax-Japanese-PSA-10-Gem-MT-Special-Deck-Set-SVG-021-049-/186254816029
51627d43-e4d5-4e0d-b458-73e15752f633,2026-09-20,400,eBay,BUY_IT_NOW,ok,0,https://www.ebay.com/itm/406028462627
51627d43-e4d5-4e0d-b458-73e15752f633,2026-09-09,301.7,eBay,AUCTION,ok,0,https://www.ebay.com/itm/278337201517
51627d43-e4d5-4e0d-b458-73e15752f633,2026-09-09,300,eBay,AUCTION,ok,0,https://www.ebay.com/itm/278336939546
51627d43-e4d5-4e0d-b458-73e15752f633,2026-09-06,252,PWCC Weekly Auctions,AUCTION,ok,0,https://www.fanaticscollect.com/weekly/441d089c-a3b3-11f1-9f21-065d41047819
51627d43-e4d5-4e0d-b458-73e15752f633,2026-08-12,300,eBay,BUY_IT_NOW,ok,0,https://www.ebay.com/itm/137488865954
51627d43-e4d5-4e0d-b458-73e15752f633,2026-08-06,262.8,Alt,AUCTION,ok,0,https://alt.xyz/exchange/select-listing?ids=a492fa9a-2dfe-4919-b376-d410b052a094
51627d43-e4d5-4e0d-b458-73e15752f633,2026-06-29,350,eBay,BUY_IT_NOW,ok,0,https://www.ebay.com/itm/287399981875
51627d43-e4d5-4e0d-b458-73e15752f633,2026-06-28,305,eBay,AUCTION,ok,0,https://www.ebay.com/itm/287396847348
51627d43-e4d5-4e0d-b458-73e15752f633,2026-06-28,278.5,eBay,AUCTION,ok,0,https://www.ebay.com/itm/158012106656
51627d43-e4d5-4e0d-b458-73e15752f633,2026-06-13,269.52,eBay,BEST_OFFER,ok,0,https://www.ebay.com/itm/206333158607
517aa283-04ab-45b2-bca3-b929da1b8e9f,2026-07-18,250,eBay,BEST_OFFER,ok,0,https://www.ebay.com/itm/117161760809
517aa283-04ab-45b2-bca3-b929da1b8e9f,2025-08-18,60,eBay,AUCTION,ok,0,https://www.ebay.com/itm/317159580293
517aa283-04ab-45b2-bca3-b929da1b8e9f,2025-08-04,112.5,eBay,AUCTION,ok,0,https://www.ebay.com/itm/317119215439
517aa283-04ab-45b2-bca3-b929da1b8e9f,2025-07-21,89,eBay,AUCTION,ok,0,https://www.ebay.com/itm/317083372528
517aa283-04ab-45b2-bca3-b929da1b8e9f,2025-07-14,81,eBay,AUCTION,ok,0,https://www.ebay.com/itm/317056217947
517aa283-04ab-45b2-bca3-b929da1b8e9f,2025-07-08,27.69,eBay,AUCTION,ok,0,https://www.ebay.com/itm/317046766141
517aa283-04ab-45b2-bca3-b929da1b8e9f,2024-09-05,85,eBay,BEST_OFFER,ok,0,https://www.ebay.com/itm/Prof-Elm-s-Training-Method-Reverse-Foil-PSA-10-Call-Legends-LOW-POP-/135230403347
51e6e785-08a1-4350-af04-d13231659e1f,2026-05-10,2345.61,eBay,AUCTION,ok,0,https://www.ebay.com/itm/137260167870
51e6e785-08a1-4350-af04-d13231659e1f,2026-01-30,1800,eBay,BEST_OFFER,ok,0,https://www.ebay.com/itm/188006088851
51e6e785-08a1-4350-af04-d13231659e1f,2026-01-25,1513.98,eBay,AUCTION,ok,0,https://www.ebay.com/itm/136947262838
51e6e785-08a1-4350-af04-d13231659e1f,2026-01-12,1500,eBay,BEST_OFFER,RELISTED,0,https://www.ebay.com/itm/187861687220
51e6e785-08a1-4350-af04-d13231659e1f,2024-10-27,704.05,eBay,AUCTION,ok,0,https://www.ebay.com/itm/2021-POKEMON-SWORD-SHIELD-FUSION-STRIKE-271-FA-GENGAR-VMAX-GER-SECRET-PSA-10-/135306976018
51e6e785-08a1-4350-af04-d13231659e1f,2024-10-05,1096.94,eBay,BUY_IT_NOW,ok,0,https://www.ebay.com/itm/Pokemon-Gengar-V-Max-Fusion-Strike-271-264-GERMAN-PSA-10-Mint-/176559772889
517956d3-a599-4b18-abd6-bf73c7f08085,2026-01-18,749.99,eBay,BUY_IT_NOW,ok,0,https://www.ebay.com/itm/286035992198
517956d3-a599-4b18-abd6-bf73c7f08085,2024-12-18,83,eBay,AUCTION,ok,0,https://www.ebay.com/itm/2009-POKEMON-PLATINUM-SUPREME-VICTORS-IVYSAUR-REVERSE-FOIL-62-PSA-10-GEM-MINT-/205159474458
514070d5-9b90-4350-a231-3813d18ea737,2026-09-20,285,eBay,BEST_OFFER,ok,0,https://www.ebay.com/itm/407122842179
514070d5-9b90-4350-a231-3813d18ea737,2026-08-16,336,PWCC Weekly Auctions,AUCTION,ok,0,https://www.fanaticscollect.com/weekly/11371d52-91f0-11f1-84ab-0a58a9feac02
514070d5-9b90-4350-a231-3813d18ea737,2026-07-19,492,PWCC Weekly Auctions,AUCTION,ok,0,https://www.fanaticscollect.com/weekly/85e4bd94-7a08-11f1-aa66-0a58a9feac02
514070d5-9b90-4350-a231-3813d18ea737,2026-07-05,204,PWCC Weekly Auctions,AUCTION,ok,0,https://www.fanaticscollect.com/weekly/259d9cda-7076-11f1-9659-02f4c8b60ff5
514070d5-9b90-4350-a231-3813d18ea737,2025-01-27,69,eBay,AUCTION,ok,0,https://www.ebay.com/itm/2003-Pokemon-Zukancard-Part-1-Adventure-Card-001-Ash-PSA-10-GEM-MINT-/375937824708
514070d5-9b90-4350-a231-3813d18ea737,2025-01-27,62,eBay,AUCTION,ok,0,https://www.ebay.com/itm/2003-Pokemon-Zukancard-Part-1-Adventure-Card-001-Ash-PSA-10-GEM-MINT-/375937811760
514070d5-9b90-4350-a231-3813d18ea737,2025-01-27,37,eBay,AUCTION,ok,0,https://www.ebay.com/itm/2003-Pokemon-Zukancard-Part-1-Adventure-Card-001-Ash-PSA-10-GEM-MINT-/387842945596
5151a67c-1b3a-4bd6-b878-d5717ecda9e1,2026-08-14,33.85,CardHobby,AUCTION,ok,0,https://www.cardhobby.com/#/carddetails/128326208
5151a67c-1b3a-4bd6-b878-d5717ecda9e1,2026-08-11,45.5,eBay,BEST_OFFER,ok,0,https://www.ebay.com/itm/398032365242
5151a67c-1b3a-4bd6-b878-d5717ecda9e1,2026-08-11,40,eBay,BEST_OFFER,ok,0,https://www.ebay.com/itm/307084335794
5151a67c-1b3a-4bd6-b878-d5717ecda9e1,2026-07-18,24.25,eBay,AUCTION,ok,0,https://www.ebay.com/itm/206408437529
5151a67c-1b3a-4bd6-b878-d5717ecda9e1,2026-06-27,40.83,eBay,BEST_OFFER,ok,0,https://www.ebay.com/itm/326684659482
5151a67c-1b3a-4bd6-b878-d5717ecda9e1,2026-06-14,33.99,eBay,BEST_OFFER,ok,0,https://www.ebay.com/itm/277980339086
5151a67c-1b3a-4bd6-b878-d5717ecda9e1,2026-05-14,34.99,eBay,BEST_OFFER,ok,0,https://www.ebay.com/itm/318221799687
5151a67c-1b3a-4bd6-b878-d5717ecda9e1,2026-04-24,28.99,eBay,BEST_OFFER,ok,0,https://www.ebay.com/itm/298257600990
5151a67c-1b3a-4bd6-b878-d5717ecda9e1,2026-04-23,28,PWCC Fixed Price,BEST_OFFER,ok,0,https://www.fanaticscollect.com/buy-now/212382c4-b982-4e5f-b3ca-1d40bf574bed
5151a67c-1b3a-4bd6-b878-d5717ecda9e1,2026-04-21,20.5,eBay,AUCTION,ok,0,https://www.ebay.com/itm/397848823831
517afa35-d671-48d1-a82d-6594c26c5bb0,2026-06-03,60,eBay,BUY_IT_NOW,ok,0,https://www.ebay.com/itm/318229652444
517afa35-d671-48d1-a82d-6594c26c5bb0,2025-12-07,45.03,eBay,AUCTION,ok,0,https://www.ebay.com/itm/116900486224
517afa35-d671-48d1-a82d-6594c26c5bb0,2025-06-08,79.2,eBay,BEST_OFFER,ok,0,https://www.ebay.com/itm/326480770330
517afa35-d671-48d1-a82d-6594c26c5bb0,2025-02-12,28.5,eBay,AUCTION,ok,0,https://www.ebay.com/itm/Eevee-PSA-10-GEM-MINT-143-191-Surging-Sparks-/387894849158
510e1869-0c0f-4ab8-b80e-7b6045c42bb1,2026-09-21,48.22,eBay,AUCTION,ok,0,https://www.ebay.com/itm/117415354129
510e1869-0c0f-4ab8-b80e-7b6045c42bb1,2026-09-21,30,eBay,AUCTION,ok,0,https://www.ebay.com/itm/117411166250
510e1869-0c0f-4ab8-b80e-7b6045c42bb1,2026-09-20,36,eBay,AUCTION,ok,0,https://www.ebay.com/itm/298671842579
510e1869-0c0f-4ab8-b80e-7b6045c42bb1,2026-09-20,34.5,eBay,AUCTION,ok,0,https://www.ebay.com/itm/307172904026
510e1869-0c0f-4ab8-b80e-7b6045c42bb1,2026-09-19,44,eBay,AUCTION,ok,0,https://www.ebay.com/itm/117407168890
510e1869-0c0f-4ab8-b80e-7b6045c42bb1,2026-09-16,38.98,eBay,BEST_OFFER,ok,0,https://www.ebay.com/itm/366549188263
510e1869-0c0f-4ab8-b80e-7b6045c42bb1,2026-09-16,33.08,eBay,AUCTION,ok,0,https://www.ebay.com/itm/278360124625
510e1869-0c0f-4ab8-b80e-7b6045c42bb1,2026-09-16,32.55,eBay,AUCTION,ok,0,https://www.ebay.com/itm/188919345706
510e1869-0c0f-4ab8-b80e-7b6045c42bb1,2026-09-13,29,eBay,AUCTION,ok,0,https://www.ebay.com/itm/227515922258
510e1869-0c0f-4ab8-b80e-7b6045c42bb1,2026-09-09,58.12,eBay,BEST_OFFER,ok,0,https://www.ebay.com/itm/178438689320
51a057f3-0d69-45d3-9c5c-695941450d73,2026-09-13,32,eBay,AUCTION,ok,0,https://www.ebay.com/itm/117396412140
51a057f3-0d69-45d3-9c5c-695941450d73,2026-09-13,21.44,eBay,AUCTION,ok,0,https://www.ebay.com/itm/117396407417
51a057f3-0d69-45d3-9c5c-695941450d73,2026-09-13,15.5,eBay,AUCTION,ok,0,https://www.ebay.com/itm/147554804558
51a057f3-0d69-45d3-9c5c-695941450d73,2026-09-08,22.73,CardHobby,AUCTION,ok,0,https://www.cardhobby.com/#/carddetails/133374547
51a057f3-0d69-45d3-9c5c-695941450d73,2026-09-06,24.5,eBay,AUCTION,ok,0,https://www.ebay.com/itm/298625312571
51a057f3-0d69-45d3-9c5c-695941450d73,2026-08-27,30.73,CardHobby,AUCTION,ok,0,https://www.cardhobby.com/#/carddetails/130613760
51a057f3-0d69-45d3-9c5c-695941450d73,2026-08-26,34.99,eBay,BUY_IT_NOW,ok,0,https://www.ebay.com/itm/407064821426
51a057f3-0d69-45d3-9c5c-695941450d73,2026-08-19,37,eBay,BEST_OFFER,ok,0,https://www.ebay.com/itm/366553941651
51a057f3-0d69-45d3-9c5c-695941450d73,2026-08-14,30,eBay,BEST_OFFER,ok,0,https://www.ebay.com/itm/237006164436
51a057f3-0d69-45d3-9c5c-695941450d73,2026-08-13,30.06,CardHobby,AUCTION,ok,0,https://www.cardhobby.com/#/carddetails/128209701
5140b5eb-ca76-49f8-a3d3-ed30d65e7606,2026-08-20,40.8,Alt,AUCTION,ok,0,https://alt.xyz/exchange/select-listing?ids=deddd0d6-c13b-46b9-8161-7b75ceeaada9
5140b5eb-ca76-49f8-a3d3-ed30d65e7606,2025-05-29,20.5,eBay,AUCTION,ok,0,https://www.ebay.com/itm/236112911114
5140b5eb-ca76-49f8-a3d3-ed30d65e7606,2025-04-08,48,eBay,BUY_IT_NOW,ok,0,https://www.ebay.com/itm/326512108467
51b4121b-8f3b-4664-8cda-4640cd73469d,2026-04-19,37.5,eBay,BEST_OFFER,ok,0,https://www.ebay.com/itm/236641518270
51b4121b-8f3b-4664-8cda-4640cd73469d,2026-01-28,59.99,eBay,BEST_OFFER,ok,0,https://www.ebay.com/itm/297975679785
51b4121b-8f3b-4664-8cda-4640cd73469d,2025-12-09,44,PWCC Fixed Price,BEST_OFFER,ok,0,https://www.fanaticscollect.com/buy-now/6556205f-3779-4e63-b7dd-60bbdde63150
51b4121b-8f3b-4664-8cda-4640cd73469d,2025-05-11,22.8,PWCC Weekly Auctions,AUCTION,ok,0,https://www.fanaticscollect.com/weekly/2e5aca06-2472-11f0-967b-06850926e705
51847555-b602-4129-ab19-ddc4cc117953,2025-07-20,65.11,eBay,AUCTION,ok,0,https://www.ebay.com/itm/136131719701
510e0691-ef3d-4579-bdba-4b4a2eceb4d0,2026-08-14,59.95,eBay,BUY_IT_NOW,ok,0,https://www.ebay.com/itm/117328217710
510e0691-ef3d-4579-bdba-4b4a2eceb4d0,2026-08-11,30,eBay,AUCTION,ok,0,https://www.ebay.com/itm/298554848878
510e0691-ef3d-4579-bdba-4b4a2eceb4d0,2026-07-05,45,eBay,BEST_OFFER,ok,0,https://www.ebay.com/itm/318525365747
510e0691-ef3d-4579-bdba-4b4a2eceb4d0,2026-06-24,45,eBay,BEST_OFFER,ok,0,https://www.ebay.com/itm/800003045559
510e0691-ef3d-4579-bdba-4b4a2eceb4d0,2026-06-16,45,PWCC Fixed Price,BEST_OFFER,ok,0,https://www.fanaticscollect.com/buy-now/d7583f00-3101-48be-b79e-ea0b3570e3d2
510e0691-ef3d-4579-bdba-4b4a2eceb4d0,2026-06-10,56.59,CardHobby,AUCTION,ok,0,https://www.cardhobby.com/#/carddetails/115900280
510e0691-ef3d-4579-bdba-4b4a2eceb4d0,2026-05-24,51,eBay,AUCTION,ok,0,https://www.ebay.com/itm/206273611758
510e0691-ef3d-4579-bdba-4b4a2eceb4d0,2026-05-20,40,PWCC Fixed Price,BEST_OFFER,ok,0,https://www.fanaticscollect.com/buy-now/b434e823-92d7-4fe5-a082-602b9bfb0975
510e0691-ef3d-4579-bdba-4b4a2eceb4d0,2026-05-06,40,eBay,BEST_OFFER,ok,0,https://www.ebay.com/itm/287232725111
510e0691-ef3d-4579-bdba-4b4a2eceb4d0,2026-05-03,29.88,eBay,AUCTION,ok,0,https://www.ebay.com/itm/206234926753
515d923f-42ab-409a-a5ee-56f210b118dd,2025-08-31,1075,eBay,AUCTION,ok,0,https://www.ebay.com/itm/286778155858
51d58124-a7b5-4890-8f44-7025de0deab6,2026-01-22,440,eBay,BEST_OFFER,ok,0,https://www.ebay.com/itm/147052802738
51d58124-a7b5-4890-8f44-7025de0deab6,2025-12-21,478.19,eBay,BEST_OFFER,ok,0,https://www.ebay.com/itm/365966949187
51d58124-a7b5-4890-8f44-7025de0deab6,2025-09-21,492,PWCC Weekly Auctions,AUCTION,ok,0,https://www.fanaticscollect.com/weekly/e728d46a-89ad-11f0-8d5d-064c55e04049
51d58124-a7b5-4890-8f44-7025de0deab6,2025-09-21,480,PWCC Weekly Auctions,AUCTION,ok,0,https://www.fanaticscollect.com/weekly/e72d3f5a-89ad-11f0-9c68-064c55e04049
51d58124-a7b5-4890-8f44-7025de0deab6,2025-09-21,480,PWCC Weekly Auctions,AUCTION,ok,0,https://www.fanaticscollect.com/weekly/e7245d2c-89ad-11f0-ad4a-064c55e04049
51d58124-a7b5-4890-8f44-7025de0deab6,2025-09-17,395.95,eBay,BUY_IT_NOW,ok,0,https://www.ebay.com/itm/226929421636
51d0da87-5989-46fa-a97c-92ae5c21dd3e,2026-09-08,35,eBay,BEST_OFFER,ok,0,https://www.ebay.com/itm/117402905515
51d0da87-5989-46fa-a97c-92ae5c21dd3e,2026-09-08,28.86,CardHobby,AUCTION,ok,0,https://www.cardhobby.com/#/carddetails/133653626
51d0da87-5989-46fa-a97c-92ae5c21dd3e,2026-09-06,30,PWCC Weekly Auctions,AUCTION,ok,0,https://www.fanaticscollect.com/weekly/26f548e0-9f32-11f1-a873-02fff4b5ca79
51d0da87-5989-46fa-a97c-92ae5c21dd3e,2026-09-05,28.92,CardHobby,AUCTION,ok,0,https://www.cardhobby.com/#/carddetails/133006746
51d0da87-5989-46fa-a97c-92ae5c21dd3e,2026-09-04,29.97,CardHobby,AUCTION,ok,0,https://www.cardhobby.com/#/carddetails/132285935
51d0da87-5989-46fa-a97c-92ae5c21dd3e,2026-09-02,34.19,CardHobby,AUCTION,ok,0,https://www.cardhobby.com/#/carddetails/131862651
51d0da87-5989-46fa-a97c-92ae5c21dd3e,2026-08-30,35,eBay,AUCTION,ok,0,https://www.ebay.com/itm/298603515406
51d0da87-5989-46fa-a97c-92ae5c21dd3e,2026-08-29,37,eBay,AUCTION,ok,0,https://www.ebay.com/itm/117371003462
51d0da87-5989-46fa-a97c-92ae5c21dd3e,2026-08-27,35.76,CardHobby,AUCTION,ok,0,https://www.cardhobby.com/#/carddetails/129927574
51d0da87-5989-46fa-a97c-92ae5c21dd3e,2026-08-27,10.51,eBay,AUCTION,ok,0,https://www.ebay.com/itm/168629392889
518b8295-c000-4edd-9ed6-d09812fb13b4,2026-04-13,72,eBay,BUY_IT_NOW,ok,0,https://www.ebay.com/itm/227299353634
518b8295-c000-4edd-9ed6-d09812fb13b4,2026-03-27,64.91,eBay,BUY_IT_NOW,ok,0,https://www.ebay.com/itm/389459407815
518b8295-c000-4edd-9ed6-d09812fb13b4,2025-12-22,29,eBay,AUCTION,ok,0,https://www.ebay.com/itm/267515220169
518b8295-c000-4edd-9ed6-d09812fb13b4,2025-11-08,59.99,eBay,BUY_IT_NOW,ok,0,https://www.ebay.com/itm/389183056502
5176cf7b-1e37-4fa9-be59-5cb1defbef74,2026-09-16,37.99,eBay,BUY_IT_NOW,ok,0,https://www.ebay.com/itm/206394329682
5176cf7b-1e37-4fa9-be59-5cb1defbef74,2026-09-16,13.5,eBay,AUCTION,ok,0,https://www.ebay.com/itm/407214728385
5176cf7b-1e37-4fa9-be59-5cb1defbef74,2026-09-14,31.71,eBay,AUCTION,ok,0,https://www.ebay.com/itm/128070468922
5176cf7b-1e37-4fa9-be59-5cb1defbef74,2026-09-12,44.65,eBay,BEST_OFFER,ok,0,https://www.ebay.com/itm/188905672876
5176cf7b-1e37-4fa9-be59-5cb1defbef74,2026-09-12,28,eBay,AUCTION,ok,0,https://www.ebay.com/itm/227507612440
5176cf7b-1e37-4fa9-be59-5cb1defbef74,2026-09-09,55,eBay,BUY_IT_NOW,ok,0,https://www.ebay.com/itm/327349018477
5176cf7b-1e37-4fa9-be59-5cb1defbef74,2026-09-09,45,PWCC Fixed Price,BEST_OFFER,ok,0,https://www.fanaticscollect.com/buy-now/bc0383eb-48db-403b-a804-c5d1a99a7acc
5176cf7b-1e37-4fa9-be59-5cb1defbef74,2026-09-08,40,eBay,BUY_IT_NOW,ok,0,https://www.ebay.com/itm/398366315860
5176cf7b-1e37-4fa9-be59-5cb1defbef74,2026-09-07,27.46,eBay,AUCTION,ok,0,https://www.ebay.com/itm/377466507530
5176cf7b-1e37-4fa9-be59-5cb1defbef74,2026-09-07,26,eBay,BEST_OFFER,ok,0,https://www.ebay.com/itm/820092711504
51acb35a-7ed3-448a-a85e-d8a6441540b6,2025-12-21,534.63,eBay,AUCTION,ok,0,https://www.ebay.com/itm/136832703505
51291633-1613-4d99-b399-48854d23b9f2,2026-09-03,31,eBay,AUCTION,ok,0,https://www.ebay.com/itm/278317204753
51291633-1613-4d99-b399-48854d23b9f2,2026-08-27,32,eBay,AUCTION,ok,0,https://www.ebay.com/itm/377435946230
51291633-1613-4d99-b399-48854d23b9f2,2026-08-09,33,eBay,AUCTION,ok,0,https://www.ebay.com/itm/128010545204
51291633-1613-4d99-b399-48854d23b9f2,2026-08-04,40,eBay,BUY_IT_NOW,ok,0,https://www.ebay.com/itm/377164919286
51291633-1613-4d99-b399-48854d23b9f2,2026-08-04,39.99,eBay,BUY_IT_NOW,ok,0,https://www.ebay.com/itm/137558358913
51291633-1613-4d99-b399-48854d23b9f2,2026-08-04,39.95,eBay,BUY_IT_NOW,ok,0,https://www.ebay.com/itm/147442943002
51291633-1613-4d99-b399-48854d23b9f2,2026-08-03,35,eBay,BEST_OFFER,ok,0,https://www.ebay.com/itm/137567960434
51291633-1613-4d99-b399-48854d23b9f2,2026-08-02,27,eBay,BUY_IT_NOW,ok,0,https://www.ebay.com/itm/128001405714
51291633-1613-4d99-b399-48854d23b9f2,2026-07-17,40,eBay,BEST_OFFER,ok,0,https://www.ebay.com/itm/147421408083
51291633-1613-4d99-b399-48854d23b9f2,2026-07-04,29.58,eBay,AUCTION,ok,0,https://www.ebay.com/itm/206375890148
513d8dbd-67c7-4741-a1d9-74a23287dc01,2026-01-18,760,eBay,AUCTION,ok,0,https://www.ebay.com/itm/287061566872
512a7e6f-3bad-4dd3-94c2-7e191d899246,2026-01-25,1301.08,eBay,AUCTION,ok,0,https://www.ebay.com/itm/287073882928
5159518a-297f-4f66-83c7-ae140836e913,2026-08-29,88.88,eBay,AUCTION,ok,0,https://www.ebay.com/itm/307138550527
5159518a-297f-4f66-83c7-ae140836e913,2026-01-25,99,eBay,BUY_IT_NOW,ok,0,https://www.ebay.com/itm/297953758450
517f0a72-0033-4d9a-987e-364281959282,2026-09-21,2550,eBay,AUCTION,ok,0,https://www.ebay.com/itm/377500688978
517f0a72-0033-4d9a-987e-364281959282,2026-09-21,2550,eBay,AUCTION,ok,0,https://www.ebay.com/itm/128083476756
517f0a72-0033-4d9a-987e-364281959282,2026-09-21,2500,eBay,AUCTION,ok,0,https://www.ebay.com/itm/377501437219
517f0a72-0033-4d9a-987e-364281959282,2026-09-21,1900,PWCC Fixed Price,BEST_OFFER,ok,0,https://www.fanaticscollect.com/buy-now/42cbce35-dedf-4198-ac39-bac8d5532809
517f0a72-0033-4d9a-987e-364281959282,2026-09-21,1800,eBay,BEST_OFFER,ok,0,https://www.ebay.com/itm/117422630018
517f0a72-0033-4d9a-987e-364281959282,2026-09-20,2600,eBay,AUCTION,ok,0,https://www.ebay.com/itm/377498114362
517f0a72-0033-4d9a-987e-364281959282,2026-09-20,2550,eBay,AUCTION,ok,0,https://www.ebay.com/itm/287578216814
517f0a72-0033-4d9a-987e-364281959282,2026-09-20,2500,eBay,AUCTION,ok,0,https://www.ebay.com/itm/377497271991
517f0a72-0033-4d9a-987e-364281959282,2026-09-20,2500,eBay,AUCTION,ok,0,https://www.ebay.com/itm/298656639978
517f0a72-0033-4d9a-987e-364281959282,2026-09-20,2500,eBay,AUCTION,ok,0,https://www.ebay.com/itm/298656639749
51d95afe-a2f3-4359-b478-e1b80bc36bbf,2026-09-18,59.99,eBay,BEST_OFFER,ok,0,https://www.ebay.com/itm/307181206101
51d95afe-a2f3-4359-b478-e1b80bc36bbf,2026-09-17,59.99,eBay,BEST_OFFER,ok,0,https://www.ebay.com/itm/800671246767
51d95afe-a2f3-4359-b478-e1b80bc36bbf,2026-09-14,60,eBay,BEST_OFFER,ok,0,https://www.ebay.com/itm/298672692761
51d95afe-a2f3-4359-b478-e1b80bc36bbf,2026-09-13,59,eBay,AUCTION,ok,0,https://www.ebay.com/itm/117394457871
51d95afe-a2f3-4359-b478-e1b80bc36bbf,2026-09-13,54,eBay,AUCTION,ok,0,https://www.ebay.com/itm/377476763750
51d95afe-a2f3-4359-b478-e1b80bc36bbf,2026-09-13,36,eBay,AUCTION,ok,0,https://www.ebay.com/itm/168658451866
51d95afe-a2f3-4359-b478-e1b80bc36bbf,2026-09-12,65,eBay,BEST_OFFER,ok,0,https://www.ebay.com/itm/117406767929
51d95afe-a2f3-4359-b478-e1b80bc36bbf,2026-09-12,51,eBay,AUCTION,ok,0,https://www.ebay.com/itm/117396089394
51d95afe-a2f3-4359-b478-e1b80bc36bbf,2026-09-12,50,eBay,AUCTION,ok,0,https://www.ebay.com/itm/298645694195
51d95afe-a2f3-4359-b478-e1b80bc36bbf,2026-09-11,55,eBay,AUCTION,ok,0,https://www.ebay.com/itm/298642305398
51be0b27-1e76-4955-9a37-9fb0d43d79ff,2026-04-01,80,eBay,BUY_IT_NOW,ok,0,https://www.ebay.com/itm/377079355818
514052da-2349-4dd7-bfc3-8f22097ae023,2026-08-18,249.98,eBay,BEST_OFFER,ok,0,https://www.ebay.com/itm/327211373377
514052da-2349-4dd7-bfc3-8f22097ae023,2026-05-27,66,eBay,AUCTION,ok,0,https://www.ebay.com/itm/800041437751
51524db2-2865-457b-9013-616351beb96e,2026-06-07,39.99,eBay,BUY_IT_NOW,ok,0,https://www.ebay.com/itm/298353280111
5125eaa5-69ab-4d53-8636-5b3bf678e617,2026-07-18,24.62,eBay,AUCTION,ok,0,https://www.ebay.com/itm/298496655578
5125eaa5-69ab-4d53-8636-5b3bf678e617,2026-06-09,27,eBay,AUCTION,ok,0,https://www.ebay.com/itm/278060447171
51483856-0263-414c-8a88-02dd9dded403,2026-06-23,24.5,eBay,AUCTION,ok,0,https://www.ebay.com/itm/307004790366
51fe0fa2-d057-4bd7-9dad-1fd319033393,2026-09-19,765,eBay,AUCTION,ok,0,https://www.ebay.com/itm/298656104958
51fe0fa2-d057-4bd7-9dad-1fd319033393,2026-09-18,786,eBay,AUCTION,ok,0,https://www.ebay.com/itm/298661756226
51fe0fa2-d057-4bd7-9dad-1fd319033393,2026-09-16,610,eBay,AUCTION,ok,0,https://www.ebay.com/itm/117403244952
51fe0fa2-d057-4bd7-9dad-1fd319033393,2026-07-10,1475,eBay,AUCTION,ok,0,https://www.ebay.com/itm/298473821958
51de6068-4853-450f-a144-bd547ba909ab,2026-08-17,143.5,eBay,AUCTION,ok,0,https://www.ebay.com/itm/307117068367
51de6068-4853-450f-a144-bd547ba909ab,2026-08-11,57,eBay,AUCTION,ok,0,https://www.ebay.com/itm/298555974278
510dfa32-849a-4883-a079-cd64efb28dc4,2026-08-20,100,eBay,BUY_IT_NOW,ok,0,https://www.ebay.com/itm/117369755934
51ae3e6b-3666-4db8-94a1-a7773aafda5f,2026-08-30,46.46,eBay,AUCTION,ok,0,https://www.ebay.com/itm/298596385927
51ae3e6b-3666-4db8-94a1-a7773aafda5f,2026-08-30,46.46,eBay,AUCTION,ok,0,https://www.ebay.com/itm/298596385903
51ae3e6b-3666-4db8-94a1-a7773aafda5f,2026-08-21,70,eBay,BUY_IT_NOW,ok,0,https://www.ebay.com/itm/117369022260
5117158c-f870-4667-9d72-2e5ad9e9638e,2026-08-23,59.56,eBay,AUCTION,ok,0,https://www.ebay.com/itm/137613223864
516372b8-b2b9-40ae-ae27-960b29417dd8,2026-09-05,660,eBay,AUCTION,ok,0,https://www.ebay.com/itm/237037839374
51ac9ee5-98e5-4b7f-ac2e-48bf3a2b1e52,2026-09-18,39.44,eBay,AUCTION,ok,0,https://www.ebay.com/itm/298662167703
51ac9ee5-98e5-4b7f-ac2e-48bf3a2b1e52,2026-09-16,147.5,eBay,AUCTION,ok,0,https://www.ebay.com/itm/307169374089
51ac9ee5-98e5-4b7f-ac2e-48bf3a2b1e52,2026-09-16,67,eBay,AUCTION,ok,0,https://www.ebay.com/itm/117402884433
