asset_id,date,price,source,sale_type,status,outlier,url
620d613a-f3f9-4f2f-86ad-4d8896deb1ce,2026-09-17,1282.49,eBay,BUY_IT_NOW,ok,0,https://www.ebay.com/itm/158133501163
620d613a-f3f9-4f2f-86ad-4d8896deb1ce,2026-09-16,1210,eBay,AUCTION,ok,0,https://www.ebay.com/itm/307168800684
620d613a-f3f9-4f2f-86ad-4d8896deb1ce,2026-09-15,1450,eBay,BEST_OFFER,ok,0,https://www.ebay.com/itm/336726285986
620d613a-f3f9-4f2f-86ad-4d8896deb1ce,2026-09-12,1119,eBay,BUY_IT_NOW,ok,0,https://www.ebay.com/itm/298582089739
620d613a-f3f9-4f2f-86ad-4d8896deb1ce,2026-09-10,1800,eBay,BEST_OFFER,ok,0,https://www.ebay.com/itm/298662446326
620d613a-f3f9-4f2f-86ad-4d8896deb1ce,2026-09-09,1003,eBay,AUCTION,ok,0,https://www.ebay.com/itm/377466167653
620d613a-f3f9-4f2f-86ad-4d8896deb1ce,2026-08-23,1252,PWCC Fixed Price,BEST_OFFER,ok,0,https://www.fanaticscollect.com/buy-now/96a786fb-fd8c-4331-bc07-d5bc26ec71c5
620d613a-f3f9-4f2f-86ad-4d8896deb1ce,2026-08-19,1251.44,eBay,BEST_OFFER,ok,0,https://www.ebay.com/itm/318704205840
620d613a-f3f9-4f2f-86ad-4d8896deb1ce,2026-08-09,840,PWCC Weekly Auctions,AUCTION,ok,0,https://www.fanaticscollect.com/weekly/ea025f32-89fa-11f1-bbd4-0a9769426765
620d613a-f3f9-4f2f-86ad-4d8896deb1ce,2026-08-06,810,Alt,AUCTION,ok,0,https://alt.xyz/exchange/select-listing?ids=0fb0f218-255e-4e39-a667-e4004e68e706
6246ee5b-42a5-4f56-bbe3-59f371547ee4,2026-09-13,476.01,eBay,AUCTION,ok,0,https://www.ebay.com/itm/287565393369
6246ee5b-42a5-4f56-bbe3-59f371547ee4,2026-09-10,609,eBay,AUCTION,ok,0,https://www.ebay.com/itm/117391708443
6246ee5b-42a5-4f56-bbe3-59f371547ee4,2026-08-26,550,eBay,BEST_OFFER,ok,0,https://www.ebay.com/itm/307143414432
6246ee5b-42a5-4f56-bbe3-59f371547ee4,2026-08-09,408.7,Goldin Auctions,AUCTION,ok,0,https://goldin.co/item/2002-pokemon-japanese-split-earth-1st-edition-holo-058-kabutops-psa-ged751b
6246ee5b-42a5-4f56-bbe3-59f371547ee4,2026-08-06,612.28,CardHobby,AUCTION,ok,0,https://www.cardhobby.com/#/carddetails/126557109
6246ee5b-42a5-4f56-bbe3-59f371547ee4,2026-07-26,420,PWCC Weekly Auctions,AUCTION,ok,0,https://www.fanaticscollect.com/weekly/e58ac05a-8213-11f1-93a9-02ba9858bad3
6246ee5b-42a5-4f56-bbe3-59f371547ee4,2026-07-01,441,eBay,AUCTION,ok,0,https://www.ebay.com/itm/206369741993
6246ee5b-42a5-4f56-bbe3-59f371547ee4,2026-06-25,675,eBay,BEST_OFFER,ok,0,https://www.ebay.com/itm/307016797958
6246ee5b-42a5-4f56-bbe3-59f371547ee4,2026-05-23,590,eBay,AUCTION,ok,0,https://www.ebay.com/itm/157920221215
6246ee5b-42a5-4f56-bbe3-59f371547ee4,2026-05-17,467,eBay,AUCTION,ok,0,https://www.ebay.com/itm/168366699083
623d8760-454f-4fed-9326-677b2b2f793d,2026-08-11,550,PWCC Fixed Price,BEST_OFFER,ok,0,https://www.fanaticscollect.com/buy-now/325ec6fd-f930-49e6-8815-84c263a12b7d
623d8760-454f-4fed-9326-677b2b2f793d,2026-08-09,396,PWCC Weekly Auctions,AUCTION,ok,0,https://www.fanaticscollect.com/weekly/d701914c-8cbf-11f1-8f78-0a67e066e685
623d8760-454f-4fed-9326-677b2b2f793d,2026-08-01,620,eBay,BEST_OFFER,ok,0,https://www.ebay.com/itm/117333045783
623d8760-454f-4fed-9326-677b2b2f793d,2026-07-24,549.99,eBay,BUY_IT_NOW,ok,0,https://www.ebay.com/itm/287480711686
623d8760-454f-4fed-9326-677b2b2f793d,2026-07-19,455,eBay,AUCTION,ok,0,https://www.ebay.com/itm/158067572637
623d8760-454f-4fed-9326-677b2b2f793d,2026-07-12,1000,eBay,BEST_OFFER,ok,0,https://www.ebay.com/itm/318570028518
623d8760-454f-4fed-9326-677b2b2f793d,2026-07-10,720,eBay,BUY_IT_NOW,ok,0,https://www.ebay.com/itm/298317611289
623d8760-454f-4fed-9326-677b2b2f793d,2026-07-03,525,eBay,BUY_IT_NOW,ok,0,https://www.ebay.com/itm/307040682964
623d8760-454f-4fed-9326-677b2b2f793d,2026-07-02,386.4,Alt,AUCTION,ok,0,https://alt.xyz/exchange/select-listing?ids=01a04c84-8bf2-4423-8c63-30519ee90100
623d8760-454f-4fed-9326-677b2b2f793d,2026-06-29,490,eBay,AUCTION,ok,0,https://www.ebay.com/itm/278129837263
62fc4843-53df-4d3e-995e-97137c325b88,2026-09-20,20400,PWCC Weekly Auctions,AUCTION,ok,0,https://www.pwccmarketplace.com/items/6521349
62fc4843-53df-4d3e-995e-97137c325b88,2026-09-02,20100,eBay,AUCTION,ok,0,https://www.ebay.com/itm/800568340382
62fc4843-53df-4d3e-995e-97137c325b88,2026-08-20,17642.4,Alt,AUCTION,ok,0,https://alt.xyz/exchange/select-listing?ids=dbf1ee48-9dda-4210-983f-c8c3c36396fd
62fc4843-53df-4d3e-995e-97137c325b88,2026-08-18,20000,eBay,BEST_OFFER,NOT_PAID,0,https://www.ebay.com/itm/227481771683
62fc4843-53df-4d3e-995e-97137c325b88,2026-08-08,4654.4,eBay,BUY_IT_NOW,ok,0,https://www.ebay.com/itm/377403012821
62fc4843-53df-4d3e-995e-97137c325b88,2026-08-02,12600,PWCC Weekly Auctions,AUCTION,ok,0,https://www.fanaticscollect.com/weekly/e273c82a-86ba-11f1-9115-02ba9858bad3
62fc4843-53df-4d3e-995e-97137c325b88,2026-07-19,10761.6,eBay,AUCTION,NOT_PAID,0,https://www.ebay.com/itm/287449507409
62fc4843-53df-4d3e-995e-97137c325b88,2026-06-28,8100,eBay,BEST_OFFER,ok,0,https://www.ebay.com/itm/277968023433
62fc4843-53df-4d3e-995e-97137c325b88,2026-06-26,7275,eBay,BUY_IT_NOW,ok,0,https://www.ebay.com/itm/287215053694
62fc4843-53df-4d3e-995e-97137c325b88,2026-06-14,6999,eBay,BEST_OFFER,ok,0,https://www.ebay.com/itm/306970669038
62e96bbe-761f-4edf-96bd-ae9e942ed393,2026-08-09,88,eBay,BUY_IT_NOW,ok,0,https://www.ebay.com/itm/198490466406
62e96bbe-761f-4edf-96bd-ae9e942ed393,2026-07-07,100,eBay,BEST_OFFER,ok,0,https://www.ebay.com/itm/127884982910
62e96bbe-761f-4edf-96bd-ae9e942ed393,2026-07-05,120,eBay,BEST_OFFER,ok,0,https://www.ebay.com/itm/398085980703
62e96bbe-761f-4edf-96bd-ae9e942ed393,2026-06-04,125.5,eBay,AUCTION,ok,0,https://www.ebay.com/itm/306964025732
62e96bbe-761f-4edf-96bd-ae9e942ed393,2026-06-01,99.99,eBay,BUY_IT_NOW,ok,0,https://www.ebay.com/itm/318396199463
62e96bbe-761f-4edf-96bd-ae9e942ed393,2026-05-24,109.99,eBay,BUY_IT_NOW,ok,0,https://www.ebay.com/itm/327157250260
62e96bbe-761f-4edf-96bd-ae9e942ed393,2026-05-19,106.93,eBay,BUY_IT_NOW,ok,0,https://www.ebay.com/itm/287243114652
62e96bbe-761f-4edf-96bd-ae9e942ed393,2026-05-17,100.8,PWCC Weekly Auctions,AUCTION,ok,0,https://www.fanaticscollect.com/weekly/12926210-4d99-11f1-8e59-0a58a9feac02
62e96bbe-761f-4edf-96bd-ae9e942ed393,2026-04-17,75,eBay,BEST_OFFER,ok,0,https://www.ebay.com/itm/287276446526
62e96bbe-761f-4edf-96bd-ae9e942ed393,2026-04-08,85,eBay,BEST_OFFER,ok,0,https://www.ebay.com/itm/267532079818
622937df-2561-465d-a36e-42cdd05f666e,2026-09-13,335,eBay,AUCTION,ok,0,https://www.ebay.com/itm/366631042980
622937df-2561-465d-a36e-42cdd05f666e,2026-09-12,325,eBay,BUY_IT_NOW,ok,0,https://www.ebay.com/itm/407120988150
622937df-2561-465d-a36e-42cdd05f666e,2026-09-02,243.5,eBay,AUCTION,ok,0,https://www.ebay.com/itm/318774714645
622937df-2561-465d-a36e-42cdd05f666e,2026-08-25,280,eBay,BEST_OFFER,ok,0,https://www.ebay.com/itm/206513480252
622937df-2561-465d-a36e-42cdd05f666e,2026-08-14,265,eBay,AUCTION,ok,0,https://www.ebay.com/itm/236992686928
622937df-2561-465d-a36e-42cdd05f666e,2026-07-31,319,eBay,BUY_IT_NOW,ok,0,https://www.ebay.com/itm/158119868135
622937df-2561-465d-a36e-42cdd05f666e,2026-07-30,285.46,eBay,AUCTION,ok,0,https://www.ebay.com/itm/227445127441
622937df-2561-465d-a36e-42cdd05f666e,2026-07-05,312.69,eBay,AUCTION,ok,0,https://www.ebay.com/itm/287424621865
622937df-2561-465d-a36e-42cdd05f666e,2026-06-11,238.8,Alt,AUCTION,ok,0,https://alt.xyz/exchange/select-listing?ids=81f3cd19-ce56-4f96-92fe-6e83ff0236f7
622937df-2561-465d-a36e-42cdd05f666e,2026-05-12,315,eBay,BUY_IT_NOW,ok,0,https://www.ebay.com/itm/318289561562
6211b95a-dad4-4aed-82bf-b09417702086,2026-09-09,175,eBay,BEST_OFFER,ok,0,https://www.ebay.com/itm/117404472486
6211b95a-dad4-4aed-82bf-b09417702086,2026-08-14,175,eBay,BUY_IT_NOW,ok,0,https://www.ebay.com/itm/117297023279
6211b95a-dad4-4aed-82bf-b09417702086,2026-07-09,152.5,eBay,AUCTION,ok,0,https://www.ebay.com/itm/366518402738
6211b95a-dad4-4aed-82bf-b09417702086,2026-05-17,150,PWCC Weekly Auctions,AUCTION,ok,0,https://www.fanaticscollect.com/weekly/d0eead98-486e-11f1-b484-02a18c4c2bff
6211b95a-dad4-4aed-82bf-b09417702086,2026-05-08,179,eBay,BUY_IT_NOW,ok,0,https://www.ebay.com/itm/406848534203
6211b95a-dad4-4aed-82bf-b09417702086,2026-04-29,153.5,eBay,AUCTION,ok,0,https://www.ebay.com/itm/306896689847
6211b95a-dad4-4aed-82bf-b09417702086,2026-02-21,149,eBay,BUY_IT_NOW,ok,0,https://www.ebay.com/itm/116839057293
6211b95a-dad4-4aed-82bf-b09417702086,2025-11-16,149.99,eBay,BUY_IT_NOW,ok,0,https://www.ebay.com/itm/146795678605
6211b95a-dad4-4aed-82bf-b09417702086,2025-08-09,110,eBay,BEST_OFFER,RELISTED,0,https://www.ebay.com/itm/297528886996
6211b95a-dad4-4aed-82bf-b09417702086,2025-05-11,29.99,eBay,BEST_OFFER,ok,0,https://www.ebay.com/itm/376222722028
62b6aa4a-778d-46ac-b446-1865aca495ff,2026-08-16,62.5,eBay,AUCTION,ok,0,https://www.ebay.com/itm/267752288599
62b6aa4a-778d-46ac-b446-1865aca495ff,2026-07-28,90,eBay,BEST_OFFER,ok,0,https://www.ebay.com/itm/306882648632
62b6aa4a-778d-46ac-b446-1865aca495ff,2026-07-27,95,eBay,BUY_IT_NOW,ok,0,https://www.ebay.com/itm/226770274841
62b6aa4a-778d-46ac-b446-1865aca495ff,2026-07-27,91,eBay,AUCTION,RELISTED,0,https://www.ebay.com/itm/267733828644
62b6aa4a-778d-46ac-b446-1865aca495ff,2026-07-21,125,eBay,BEST_OFFER,ok,0,https://www.ebay.com/itm/377258983355
62b6aa4a-778d-46ac-b446-1865aca495ff,2026-07-09,90,eBay,BEST_OFFER,ok,0,https://www.ebay.com/itm/167990224798
62b6aa4a-778d-46ac-b446-1865aca495ff,2026-07-08,87,eBay,AUCTION,ok,0,https://www.ebay.com/itm/800273852957
62b6aa4a-778d-46ac-b446-1865aca495ff,2026-04-13,75,eBay,BUY_IT_NOW,ok,0,https://www.ebay.com/itm/336524562306
62b6aa4a-778d-46ac-b446-1865aca495ff,2026-03-15,62.4,PWCC Weekly Auctions,AUCTION,ok,0,https://www.fanaticscollect.com/weekly/04516506-18b6-11f1-b740-067fe7a4a46b
62b6aa4a-778d-46ac-b446-1865aca495ff,2026-01-21,85,PWCC Fixed Price,BEST_OFFER,ok,0,https://www.fanaticscollect.com/buy-now/0013cc68-8ff5-455f-a939-b9d6cf57d076
62910300-f233-434e-af61-28807350eb43,2026-09-20,186,PWCC Weekly Auctions,AUCTION,ok,0,https://www.pwccmarketplace.com/items/6514007
62910300-f233-434e-af61-28807350eb43,2026-09-19,270,eBay,BEST_OFFER,ok,0,https://www.ebay.com/itm/336798553011
62910300-f233-434e-af61-28807350eb43,2026-08-12,180,eBay,BUY_IT_NOW,ok,0,https://www.ebay.com/itm/287520946552
62910300-f233-434e-af61-28807350eb43,2026-07-22,175.99,eBay,BUY_IT_NOW,ok,0,https://www.ebay.com/itm/127945354882
62910300-f233-434e-af61-28807350eb43,2026-04-04,239,eBay,BUY_IT_NOW,ok,0,https://www.ebay.com/itm/336163520508
62910300-f233-434e-af61-28807350eb43,2026-03-12,230,eBay,BUY_IT_NOW,ok,0,https://www.ebay.com/itm/298115147235
62910300-f233-434e-af61-28807350eb43,2026-03-09,122,eBay,BUY_IT_NOW,ok,0,https://www.ebay.com/itm/376993324817
62910300-f233-434e-af61-28807350eb43,2026-02-05,122.5,eBay,AUCTION,ok,0,https://www.ebay.com/itm/306736641639
62910300-f233-434e-af61-28807350eb43,2026-02-05,115.5,eBay,AUCTION,ok,0,https://www.ebay.com/itm/297979197430
62910300-f233-434e-af61-28807350eb43,2025-10-25,112.5,eBay,AUCTION,ok,0,https://www.ebay.com/itm/116830051168
629f4c5e-b5be-4e5f-99b9-52985706643e,2026-09-10,67.56,eBay,BUY_IT_NOW,ok,0,https://www.ebay.com/itm/800189138150
629f4c5e-b5be-4e5f-99b9-52985706643e,2026-09-09,65,eBay,BEST_OFFER,ok,0,https://www.ebay.com/itm/298659667995
629f4c5e-b5be-4e5f-99b9-52985706643e,2026-09-09,50,eBay,BEST_OFFER,ok,0,https://www.ebay.com/itm/407197763089
629f4c5e-b5be-4e5f-99b9-52985706643e,2026-09-07,60.84,eBay,BUY_IT_NOW,ok,0,https://www.ebay.com/itm/257345992700
629f4c5e-b5be-4e5f-99b9-52985706643e,2026-09-06,61,eBay,AUCTION,ok,0,https://www.ebay.com/itm/198606067881
629f4c5e-b5be-4e5f-99b9-52985706643e,2026-09-03,60,eBay,BEST_OFFER,ok,0,https://www.ebay.com/itm/267633485019
629f4c5e-b5be-4e5f-99b9-52985706643e,2026-09-01,50.8,eBay,AUCTION,ok,0,https://www.ebay.com/itm/366628462865
629f4c5e-b5be-4e5f-99b9-52985706643e,2026-08-20,59,eBay,BEST_OFFER,ok,0,https://www.ebay.com/itm/358745346396
629f4c5e-b5be-4e5f-99b9-52985706643e,2026-08-09,50,eBay,BEST_OFFER,ok,0,https://www.ebay.com/itm/206313205025
629f4c5e-b5be-4e5f-99b9-52985706643e,2026-07-08,68.59,eBay,BUY_IT_NOW,ok,0,https://www.ebay.com/itm/178192221385
6236c647-5b1b-449c-add0-d657f18f4353,2026-08-29,38.09,eBay,AUCTION,ok,0,https://www.ebay.com/itm/298607343150
6236c647-5b1b-449c-add0-d657f18f4353,2026-08-16,60,eBay,AUCTION,ok,0,https://www.ebay.com/itm/307104699873
6236c647-5b1b-449c-add0-d657f18f4353,2026-03-05,49.99,eBay,BUY_IT_NOW,ok,0,https://www.ebay.com/itm/306805344181
6236c647-5b1b-449c-add0-d657f18f4353,2025-04-20,29,PWCC Fixed Price,BEST_OFFER,ok,0,https://sales-history.pwccmarketplace.com/items/FIXED235090
6236c647-5b1b-449c-add0-d657f18f4353,2025-03-02,33.33,eBay,AUCTION,ok,0,https://www.ebay.com/itm/2002-POKEMON-JAPANESE-THEATER-LIMITED-VS-017-SWITCH-PSA-10-/306134239257
6236c647-5b1b-449c-add0-d657f18f4353,2023-06-25,29,eBay,AUCTION,ok,0,https://www.ebay.com/itm/2002-Pokemon-Japanese-Theater-Limited-VS-017-Switch-PSA-10-/195830132020
6236c647-5b1b-449c-add0-d657f18f4353,2022-12-29,20.5,eBay,AUCTION,ok,0,https://www.ebay.com/itm/2002-Pokemon-Japanese-Theater-Limited-VS-017-Switch-PSA-10-Gem-Mint-/195531467794
6236c647-5b1b-449c-add0-d657f18f4353,2022-06-28,50,eBay,BEST_OFFER,ok,0,https://www.ebay.com/itm/Pokemon-2002-Japanese-VS-Theater-Limited-Switch-PSA-10-GEM-MT-Card-/363887916588
6236c647-5b1b-449c-add0-d657f18f4353,2021-10-07,60,eBay,BEST_OFFER,ok,0,https://www.ebay.com/itm/2002-Pokemon-Japanese-Switch-Theater-Limited-VS-017-018-Graded-PSA-10-POP-8-/304176558547
6236c647-5b1b-449c-add0-d657f18f4353,2021-03-28,71.93,eBay,AUCTION,ok,0,https://www.ebay.com/itm/PSA-10-Gem-Mint-2002-Japanese-VS-Theater-Limited-Switch-017-018-/284222781583
62440b17-bef8-4e19-a939-d8f556ca9ca5,2026-09-21,190,eBay,BEST_OFFER,ok,0,https://www.ebay.com/itm/158292334157
62440b17-bef8-4e19-a939-d8f556ca9ca5,2026-09-17,190.26,eBay,BUY_IT_NOW,ok,0,https://www.ebay.com/itm/820111309301
62440b17-bef8-4e19-a939-d8f556ca9ca5,2026-09-11,179.99,eBay,BUY_IT_NOW,ok,0,https://www.ebay.com/itm/117405977532
62440b17-bef8-4e19-a939-d8f556ca9ca5,2026-09-10,194.5,eBay,AUCTION,ok,0,https://www.ebay.com/itm/117391787403
62440b17-bef8-4e19-a939-d8f556ca9ca5,2026-09-05,172.5,eBay,AUCTION,ok,0,https://www.ebay.com/itm/800593771905
62440b17-bef8-4e19-a939-d8f556ca9ca5,2026-08-26,215,eBay,BEST_OFFER,ok,0,https://www.ebay.com/itm/336655241731
62440b17-bef8-4e19-a939-d8f556ca9ca5,2026-08-26,203.5,eBay,AUCTION,ok,0,https://www.ebay.com/itm/298599382447
62440b17-bef8-4e19-a939-d8f556ca9ca5,2026-08-26,172.5,eBay,AUCTION,ok,0,https://www.ebay.com/itm/298599382855
62440b17-bef8-4e19-a939-d8f556ca9ca5,2026-08-19,170,eBay,AUCTION,ok,0,https://www.ebay.com/itm/298579180457
62440b17-bef8-4e19-a939-d8f556ca9ca5,2026-08-15,169.5,eBay,AUCTION,ok,0,https://www.ebay.com/itm/117338742538
6211bdc0-0bcd-4831-95d4-712bed854625,2026-09-16,12900,PWCC Fixed Price,BEST_OFFER,ok,0,https://www.fanaticscollect.com/buy-now/cfa8504f-a0fb-4c46-9956-ae16db383676
6211bdc0-0bcd-4831-95d4-712bed854625,2026-09-14,13400,eBay,BUY_IT_NOW,ok,0,https://www.ebay.com/itm/287508195985
6211bdc0-0bcd-4831-95d4-712bed854625,2026-09-10,12606,Alt,AUCTION,PENDING,0,https://alt.xyz/exchange/select-listing?ids=496f09db-faa1-4cef-aecd-0e01ec8cbb5d
6211bdc0-0bcd-4831-95d4-712bed854625,2026-08-10,10500,eBay,BEST_OFFER,ok,0,https://www.ebay.com/itm/117349716730
6211bdc0-0bcd-4831-95d4-712bed854625,2026-08-02,9900,PWCC Weekly Auctions,AUCTION,ok,0,https://www.fanaticscollect.com/weekly/f4eaf320-859d-11f1-8e02-0a0f8b986c27
6211bdc0-0bcd-4831-95d4-712bed854625,2026-07-26,10200,PWCC Weekly Auctions,AUCTION,ok,0,https://www.fanaticscollect.com/weekly/e5688d96-8213-11f1-9802-02ba9858bad3
6211bdc0-0bcd-4831-95d4-712bed854625,2026-07-23,9804,Alt,AUCTION,ok,0,https://alt.xyz/exchange/select-listing?ids=83f30dca-4946-4f0c-a71e-bb2f1d0882bc
6211bdc0-0bcd-4831-95d4-712bed854625,2026-06-25,9862.8,Alt,AUCTION,ok,0,https://alt.xyz/exchange/select-listing?ids=7850a83a-3759-4deb-a03c-36a8dea300a3
6211bdc0-0bcd-4831-95d4-712bed854625,2026-06-04,15595,Alt,BEST_OFFER,ok,0,https://alt.xyz/exchange/select-listing?ids=a375905a-55e1-4af6-84fa-3b98f33c7f07
6211bdc0-0bcd-4831-95d4-712bed854625,2026-05-27,10600,eBay,AUCTION,ok,0,https://www.ebay.com/itm/800045904801
62016cf7-5e3b-49e9-9c31-feaeff95aba8,2026-08-06,200,eBay,BEST_OFFER,ok,0,https://www.ebay.com/itm/188282246104
62016cf7-5e3b-49e9-9c31-feaeff95aba8,2026-07-26,159.18,eBay,AUCTION,ok,0,https://www.ebay.com/itm/137508199191
62016cf7-5e3b-49e9-9c31-feaeff95aba8,2026-07-07,145.5,eBay,AUCTION,ok,0,https://www.ebay.com/itm/117275753906
62016cf7-5e3b-49e9-9c31-feaeff95aba8,2026-06-28,117.26,eBay,AUCTION,ok,0,https://www.ebay.com/itm/158009980124
62016cf7-5e3b-49e9-9c31-feaeff95aba8,2026-06-26,149,eBay,BUY_IT_NOW,ok,0,https://www.ebay.com/itm/404567365852
62016cf7-5e3b-49e9-9c31-feaeff95aba8,2026-06-26,149,eBay,BUY_IT_NOW,ok,0,https://www.ebay.com/itm/404561487601
62016cf7-5e3b-49e9-9c31-feaeff95aba8,2026-06-21,209.92,eBay,AUCTION,ok,0,https://www.ebay.com/itm/137402913561
62016cf7-5e3b-49e9-9c31-feaeff95aba8,2026-06-07,120,eBay,BEST_OFFER,ok,0,https://www.ebay.com/itm/157682248535
62016cf7-5e3b-49e9-9c31-feaeff95aba8,2026-05-21,120,eBay,BEST_OFFER,ok,0,https://www.ebay.com/itm/297953247113
62016cf7-5e3b-49e9-9c31-feaeff95aba8,2026-05-11,120,eBay,BUY_IT_NOW,ok,0,https://www.ebay.com/itm/147280785777
625ed367-bc9f-4227-938a-6a6198fddeac,2026-07-02,18123.6,Alt,AUCTION,ok,0,https://alt.xyz/exchange/select-listing?ids=04ca5ab2-f830-491e-be78-403b59be6ad3
625ed367-bc9f-4227-938a-6a6198fddeac,2026-05-31,22700,eBay,AUCTION,ok,0,https://www.ebay.com/itm/306949549013
625ed367-bc9f-4227-938a-6a6198fddeac,2026-04-19,20400,PWCC Weekly Auctions,AUCTION,ok,0,https://www.fanaticscollect.com/weekly/95260e40-3389-11f1-aa92-0a58a9feac02
625ed367-bc9f-4227-938a-6a6198fddeac,2026-04-10,19617.14,eBay,AUCTION,ok,0,https://www.ebay.com/itm/306856253045
625ed367-bc9f-4227-938a-6a6198fddeac,2026-03-08,21000,PWCC Weekly Auctions,AUCTION,ok,0,https://www.fanaticscollect.com/weekly/7cefb70e-0ce7-11f1-ad3a-0a9dcf241f19
625ed367-bc9f-4227-938a-6a6198fddeac,2026-02-22,25200,PWCC Weekly Auctions,AUCTION,ok,0,https://www.fanaticscollect.com/weekly/5420cfb8-06c8-11f1-9bba-0a58a9feac02
625ed367-bc9f-4227-938a-6a6198fddeac,2026-02-18,18000,eBay,BEST_OFFER,NOT_PAID,0,https://www.ebay.com/itm/116807307338
625ed367-bc9f-4227-938a-6a6198fddeac,2025-11-28,8800,eBay,BEST_OFFER,ok,0,https://www.ebay.com/itm/389073542282
625ed367-bc9f-4227-938a-6a6198fddeac,2025-09-29,7999.99,eBay,BUY_IT_NOW,ok,0,https://www.ebay.com/itm/156672972852
625ed367-bc9f-4227-938a-6a6198fddeac,2025-07-16,7000,eBay,BEST_OFFER,RELISTED,0,https://www.ebay.com/itm/376092179182
624f7720-af0b-4e24-9d29-b3d836ebf9cb,2026-09-20,9000,PWCC Weekly Auctions,AUCTION,ok,0,https://www.pwccmarketplace.com/items/6520639
624f7720-af0b-4e24-9d29-b3d836ebf9cb,2026-08-02,8950,PWCC Fixed Price,BEST_OFFER,ok,0,https://www.fanaticscollect.com/buy-now/78bb2d20-e7fe-4e3d-892d-a2cb70ac9769
624f7720-af0b-4e24-9d29-b3d836ebf9cb,2026-07-30,12600,Alt,AUCTION,ok,0,https://alt.xyz/exchange/select-listing?ids=73000a1a-dd58-4835-8bb1-c2463d9341fe
624f7720-af0b-4e24-9d29-b3d836ebf9cb,2026-07-08,10000,eBay,BUY_IT_NOW,ok,0,https://www.ebay.com/itm/287411971799
624f7720-af0b-4e24-9d29-b3d836ebf9cb,2026-05-31,5655,eBay,AUCTION,ok,0,https://www.ebay.com/itm/287347450747
624f7720-af0b-4e24-9d29-b3d836ebf9cb,2026-05-12,5000,eBay,BUY_IT_NOW,ok,0,https://www.ebay.com/itm/306933448316
624f7720-af0b-4e24-9d29-b3d836ebf9cb,2026-04-22,6500,eBay,BUY_IT_NOW,ok,0,https://www.ebay.com/itm/287218371884
624f7720-af0b-4e24-9d29-b3d836ebf9cb,2026-04-08,5500,eBay,BEST_OFFER,ok,0,https://www.ebay.com/itm/188238821911
624f7720-af0b-4e24-9d29-b3d836ebf9cb,2026-03-29,5420.74,eBay,AUCTION,ok,0,https://www.ebay.com/itm/137147216230
624f7720-af0b-4e24-9d29-b3d836ebf9cb,2026-02-23,2700,PWCC Fixed Price,BEST_OFFER,ok,0,https://www.fanaticscollect.com/buy-now/b6aa33d8-8baa-49c3-be33-d3d749e23090
6226ff41-4324-4457-87f7-c9c3d3d908ab,2026-09-08,117000,eBay,BEST_OFFER,ok,0,https://www.ebay.com/itm/267696304269
6226ff41-4324-4457-87f7-c9c3d3d908ab,2026-06-07,60000,PWCC Weekly Auctions,AUCTION,ok,0,https://www.fanaticscollect.com/weekly/49b75c34-531e-11f1-b40e-0a58a9feac02
6226ff41-4324-4457-87f7-c9c3d3d908ab,2026-02-08,26000,eBay,BUY_IT_NOW,ok,0,https://www.ebay.com/itm/287048814099
6226ff41-4324-4457-87f7-c9c3d3d908ab,2025-01-26,8500,PWCC Fixed Price,BEST_OFFER,ok,0,https://sales-history.pwccmarketplace.com/items/FIXED188308
6226ff41-4324-4457-87f7-c9c3d3d908ab,2023-11-18,3100,eBay,BUY_IT_NOW,ok,0,https://www.ebay.com/itm/2002-Legendary-5-Dark-Dragonite-Reverse-Foil-Holo-Rare-Pokemon-TCG-Card-PSA-10-/355194768897
6226ff41-4324-4457-87f7-c9c3d3d908ab,2022-12-14,2749.99,eBay,BEST_OFFER,ok,0,https://www.ebay.com/itm/PSA-10-Dragonite-Legendary-Collection-Reverse-Holo-Foil-5-Pokemon-2002-Gem-Mint-/334638187986
6226ff41-4324-4457-87f7-c9c3d3d908ab,2022-11-20,2200,eBay,BEST_OFFER,ok,0,https://www.ebay.com/itm/2002-Pokemon-Legendary-Collection-Reverse-Holo-Dark-Dragonite-5-PSA-10-/334624961251
6226ff41-4324-4457-87f7-c9c3d3d908ab,2022-08-24,1800,PWCC Fixed Price,BEST_OFFER,ok,0,https://sales-history.pwccmarketplace.com/items/FIXED114301
6226ff41-4324-4457-87f7-c9c3d3d908ab,2022-07-17,2130,PWCC Weekly Auctions,AUCTION,ok,0,https://www.fanaticscollect.com/weekly/2d4f415c-6f23-11ed-a736-0a58a9feac02
6226ff41-4324-4457-87f7-c9c3d3d908ab,2022-03-15,1620,Goldin Auctions,AUCTION,ok,0,https://goldin.co/item/2002-pokemon-legendary-collection-reverse-foil-5-dark-dragonite-psa-gessznf
627f0880-8c61-4771-a7d4-fef2da82c3db,2026-07-26,5760,PWCC Weekly Auctions,AUCTION,ok,0,https://www.fanaticscollect.com/weekly/45c7f8b4-813f-11f1-a023-02ba9858bad3
627f0880-8c61-4771-a7d4-fef2da82c3db,2025-10-12,1890,PWCC Weekly Auctions,AUCTION,ok,0,https://www.fanaticscollect.com/weekly/c094c0bc-9807-11f0-b16b-02d93b7d50ab
627f0880-8c61-4771-a7d4-fef2da82c3db,2025-09-07,1890,PWCC Weekly Auctions,AUCTION,ok,0,https://www.fanaticscollect.com/weekly/885e3ff8-7f79-11f0-8aae-0a58a9feac02
627f0880-8c61-4771-a7d4-fef2da82c3db,2023-08-13,301,eBay,AUCTION,ok,0,https://www.ebay.com/itm/PSA-10-GEM-MINT-Torterra-Diamond-Pearl-Holo-Pokemon-Card-17-130-POP-9-23K-/225713024940
627f0880-8c61-4771-a7d4-fef2da82c3db,2023-07-09,400,eBay,BEST_OFFER,RELISTED,0,https://www.ebay.com/itm/PSA-10-GEM-MINT-Torterra-Diamond-Pearl-Holo-Pokemon-Card-17-130-POP-9-2007-/126007369356
627f0880-8c61-4771-a7d4-fef2da82c3db,2023-01-14,2250,eBay,BEST_OFFER,RELISTED,0,https://www.ebay.com/itm/2007-Pokemon-Diamond-Pearl-Torterra-Holo-17-130-PSA-10-Gem-Mint-POP-9-/325494508796
627f0880-8c61-4771-a7d4-fef2da82c3db,2022-06-12,478,eBay,AUCTION,ok,0,https://www.ebay.com/itm/Pokemon-Torterra-Diamond-Pearl-Holo-Rare-17-PSA-10-Gem-Mint-/284841400628
627f0880-8c61-4771-a7d4-fef2da82c3db,2022-05-29,1100,eBay,AUCTION,ok,0,https://www.ebay.com/itm/Pokemon-Torterra-Diamond-Pearl-Holo-Rare-17-PSA-10-Gem-Mint-/284821596604
627f0880-8c61-4771-a7d4-fef2da82c3db,2021-06-18,830,eBay,AUCTION,ok,0,https://www.ebay.com/itm/PSA-10-Torterra-Holo-17-130-Diamond-And-Pearl-Base-Rare-Pokemon-Pop-3-/274832205954
627f0880-8c61-4771-a7d4-fef2da82c3db,2021-05-13,450,eBay,BEST_OFFER,ok,0,https://www.ebay.com/itm/PSA-10-Torterra-Holo-17-130-Diamond-And-Pearl-Base-Rare-Pokemon-Pop-3-/224460229323
62899ddd-1c15-4015-bd3a-68487833f7c8,2026-09-02,3500,eBay,BEST_OFFER,ok,0,https://www.ebay.com/itm/307148522369
62899ddd-1c15-4015-bd3a-68487833f7c8,2026-08-31,3000,PWCC Fixed Price,BEST_OFFER,ok,0,https://www.fanaticscollect.com/buy-now/4dcf0acc-ac1c-48c3-b934-e26c112708dc
62899ddd-1c15-4015-bd3a-68487833f7c8,2026-08-11,1709,PWCC Fixed Price,BEST_OFFER,ok,0,https://www.fanaticscollect.com/buy-now/f6744a0f-cc20-4b7d-99fe-11ca81903fae
62899ddd-1c15-4015-bd3a-68487833f7c8,2026-08-09,3660,Goldin Auctions,AUCTION,ok,0,https://goldin.co/item/2004-pokemon-ex-team-rocket-returns-reverse-holo-25-misdreavus-psa-gemwpzwv
62899ddd-1c15-4015-bd3a-68487833f7c8,2026-06-28,1650,PWCC Weekly Auctions,AUCTION,ok,0,https://www.fanaticscollect.com/weekly/61a161a2-6b54-11f1-b782-0aa77b4138c1
62899ddd-1c15-4015-bd3a-68487833f7c8,2026-05-24,1253.67,eBay,AUCTION,ok,0,https://www.ebay.com/itm/188393701086
62899ddd-1c15-4015-bd3a-68487833f7c8,2026-04-26,1600,eBay,AUCTION,ok,0,https://www.ebay.com/itm/287278145732
62899ddd-1c15-4015-bd3a-68487833f7c8,2026-02-17,800,eBay,BUY_IT_NOW,ok,0,https://www.ebay.com/itm/287020903968
62899ddd-1c15-4015-bd3a-68487833f7c8,2026-02-09,700,eBay,BUY_IT_NOW,ok,0,https://www.ebay.com/itm/227202025196
62899ddd-1c15-4015-bd3a-68487833f7c8,2025-12-31,650,eBay,BEST_OFFER,ok,0,https://www.ebay.com/itm/365844485721
622671b5-eab2-4a24-9d53-eec6b79e8895,2021-05-24,55.6,eBay,AUCTION,ok,0,https://www.ebay.com/itm/2019-Pokemon-Mcdonalds-Collection-12-12-Eevee-Holo-PSA-10-GEM-MINT-/324623982659
6226b473-f569-4d96-ab68-e3b8e9e0634c,2026-06-20,903.67,eBay,AUCTION,ok,0,https://www.ebay.com/itm/127920946064
6226b473-f569-4d96-ab68-e3b8e9e0634c,2026-06-10,1498,eBay,BEST_OFFER,ok,0,https://www.ebay.com/itm/198385001181
6226b473-f569-4d96-ab68-e3b8e9e0634c,2026-05-21,1500,eBay,BUY_IT_NOW,ok,0,https://www.ebay.com/itm/127838028752
6226b473-f569-4d96-ab68-e3b8e9e0634c,2026-03-16,353.55,eBay,BEST_OFFER,ok,0,https://www.ebay.com/itm/188086486124
6226b473-f569-4d96-ab68-e3b8e9e0634c,2026-01-20,234.94,eBay,BUY_IT_NOW,ok,0,https://www.ebay.com/itm/376199932464
6226b473-f569-4d96-ab68-e3b8e9e0634c,2025-05-11,120,PWCC Weekly Auctions,AUCTION,ok,0,https://www.fanaticscollect.com/weekly/2bacdd80-2440-11f0-b54f-0a58a9feac02
6226b473-f569-4d96-ab68-e3b8e9e0634c,2025-04-30,117,eBay,BEST_OFFER,ok,0,https://www.ebay.com/itm/267167737209
6226b473-f569-4d96-ab68-e3b8e9e0634c,2025-03-17,159.99,eBay,BUY_IT_NOW,ok,0,https://www.ebay.com/itm/355201714284
6226b473-f569-4d96-ab68-e3b8e9e0634c,2024-06-24,108.27,eBay,AUCTION,ok,0,https://www.ebay.com/itm/PSA-GEM-MINT-10-DEWGONG-2003-Skyridge-Reverse-Holo-Rare-Pokemon-7-144-/315434979075
6226b473-f569-4d96-ab68-e3b8e9e0634c,2024-05-19,132,PWCC Weekly Auctions,AUCTION,ok,0,https://www.fanaticscollect.com/weekly/ee0421b6-0daf-11ef-bdca-0a58a9feac02
62e1a1dc-f359-40e7-b5b8-e20e5c3002d5,2026-08-23,1241.17,CardHobby,AUCTION,ok,0,https://www.cardhobby.com/#/carddetails/129193433
62e1a1dc-f359-40e7-b5b8-e20e5c3002d5,2026-08-16,930,PWCC Weekly Auctions,AUCTION,ok,0,https://www.fanaticscollect.com/weekly/2664517a-8bd5-11f1-8a10-0abca7bf31c5
62e1a1dc-f359-40e7-b5b8-e20e5c3002d5,2026-07-31,1111,eBay,AUCTION,ok,0,https://www.ebay.com/itm/307077145640
62e1a1dc-f359-40e7-b5b8-e20e5c3002d5,2026-06-26,1500,eBay,BUY_IT_NOW,ok,0,https://www.ebay.com/itm/366501741805
62e1a1dc-f359-40e7-b5b8-e20e5c3002d5,2026-06-21,1380,PWCC Weekly Auctions,AUCTION,ok,0,https://www.fanaticscollect.com/weekly/93137ed0-64f3-11f1-b55d-0a58a9feac02
62e1a1dc-f359-40e7-b5b8-e20e5c3002d5,2026-06-14,1440,PWCC Weekly Auctions,AUCTION,ok,0,https://www.fanaticscollect.com/weekly/a57d101a-5e48-11f1-9199-0a58a9feac02
62e1a1dc-f359-40e7-b5b8-e20e5c3002d5,2026-06-14,1440,PWCC Weekly Auctions,AUCTION,ok,0,https://www.fanaticscollect.com/weekly/3a5a4c1a-5e95-11f1-bf32-0a10575aad2f
62e1a1dc-f359-40e7-b5b8-e20e5c3002d5,2026-02-22,1500,eBay,BEST_OFFER,ok,0,https://www.ebay.com/itm/298057274396
62e1a1dc-f359-40e7-b5b8-e20e5c3002d5,2026-01-09,1200,eBay,BEST_OFFER,ok,0,https://www.ebay.com/itm/389325746697
62e1a1dc-f359-40e7-b5b8-e20e5c3002d5,2025-12-10,950,eBay,BEST_OFFER,ok,0,https://www.ebay.com/itm/197778959552
622d187c-b596-4dbc-98fa-9f78c450dd6b,2026-07-16,151.2,Alt,AUCTION,ok,0,https://alt.xyz/exchange/select-listing?ids=c72af588-66c0-4624-a6bc-e0f2dafab26a
622d187c-b596-4dbc-98fa-9f78c450dd6b,2026-06-11,134.4,Alt,AUCTION,ok,0,https://alt.xyz/exchange/select-listing?ids=8d2dd98d-ad2a-438f-809b-d4d253285ef2
622d187c-b596-4dbc-98fa-9f78c450dd6b,2026-06-05,169,eBay,BUY_IT_NOW,ok,0,https://www.ebay.com/itm/306983245051
622d187c-b596-4dbc-98fa-9f78c450dd6b,2026-05-26,150,eBay,AUCTION,ok,0,https://www.ebay.com/itm/306946829987
622d187c-b596-4dbc-98fa-9f78c450dd6b,2026-03-22,150,PWCC Weekly Auctions,AUCTION,ok,0,https://www.fanaticscollect.com/weekly/2b28aec8-1eec-11f1-bc47-02e750c64e93
622d187c-b596-4dbc-98fa-9f78c450dd6b,2026-01-03,199,eBay,BUY_IT_NOW,ok,0,https://www.ebay.com/itm/306656492481
622d187c-b596-4dbc-98fa-9f78c450dd6b,2025-11-02,168,PWCC Weekly Auctions,AUCTION,ok,0,https://www.fanaticscollect.com/weekly/122113a8-b1d1-11f0-a7d3-0a58a9feac02
622d187c-b596-4dbc-98fa-9f78c450dd6b,2025-05-04,99.99,eBay,BUY_IT_NOW,ok,0,https://www.ebay.com/itm/396391932883
622d187c-b596-4dbc-98fa-9f78c450dd6b,2025-04-05,179,eBay,AUCTION,NOT_PAID,0,https://www.ebay.com/itm/365497292500
622d187c-b596-4dbc-98fa-9f78c450dd6b,2024-01-08,43.37,eBay,BUY_IT_NOW,ok,0,https://www.ebay.com/itm/2000-Pokemon-GYM-CHALLENGE-1st-Edition-131-PSYCHIC-ENERGY-psa-10-GEM-MINT-/186221753722
62b1b714-5f21-4ac9-9309-4948fb0a804f,2026-09-18,222.5,eBay,AUCTION,ok,0,https://www.ebay.com/itm/298662266521
62b1b714-5f21-4ac9-9309-4948fb0a804f,2026-08-17,203.5,eBay,AUCTION,ok,0,https://www.ebay.com/itm/137614714009
62b1b714-5f21-4ac9-9309-4948fb0a804f,2026-07-23,123.6,Alt,AUCTION,ok,0,https://alt.xyz/exchange/select-listing?ids=b4a09361-9eda-44eb-8843-94c50074f7ff
62b1b714-5f21-4ac9-9309-4948fb0a804f,2026-06-11,114,Alt,AUCTION,ok,0,https://alt.xyz/exchange/select-listing?ids=b47bf71a-0519-407f-8b7c-4bbf2feef45d
62b1b714-5f21-4ac9-9309-4948fb0a804f,2026-05-10,140,eBay,BUY_IT_NOW,ok,0,https://www.ebay.com/itm/358468833934
62b1b714-5f21-4ac9-9309-4948fb0a804f,2026-02-10,175,eBay,BEST_OFFER,ok,0,https://www.ebay.com/itm/224373276056
62b1b714-5f21-4ac9-9309-4948fb0a804f,2026-01-03,179.99,eBay,BEST_OFFER,ok,0,https://www.ebay.com/itm/388817200721
62b1b714-5f21-4ac9-9309-4948fb0a804f,2025-09-06,61.02,eBay,AUCTION,ok,0,https://www.ebay.com/itm/406174385248
62b1b714-5f21-4ac9-9309-4948fb0a804f,2025-06-28,76,eBay,AUCTION,ok,0,https://www.ebay.com/itm/365689980352
62b1b714-5f21-4ac9-9309-4948fb0a804f,2025-06-16,69.99,eBay,BUY_IT_NOW,ok,0,https://www.ebay.com/itm/356737384441
627ed870-6544-42a6-9ec0-f0bb7078118c,2026-08-29,188.19,eBay,AUCTION,ok,0,https://www.ebay.com/itm/307136491631
627ed870-6544-42a6-9ec0-f0bb7078118c,2026-08-26,195,eBay,AUCTION,ok,0,https://www.ebay.com/itm/377449253341
627ed870-6544-42a6-9ec0-f0bb7078118c,2026-08-25,229.26,CardHobby,AUCTION,ok,0,https://www.cardhobby.com/#/carddetails/129518928
627ed870-6544-42a6-9ec0-f0bb7078118c,2026-07-10,196.98,CardHobby,AUCTION,ok,0,https://www.cardhobby.com/#/carddetails/121465762
627ed870-6544-42a6-9ec0-f0bb7078118c,2026-05-27,399.9,eBay,BEST_OFFER,ok,0,https://www.ebay.com/itm/236087301859
627ed870-6544-42a6-9ec0-f0bb7078118c,2026-05-14,233,eBay,AUCTION,ok,0,https://www.ebay.com/itm/389988651952
627ed870-6544-42a6-9ec0-f0bb7078118c,2026-03-29,265.86,eBay,AUCTION,ok,0,https://www.ebay.com/itm/137147158071
627ed870-6544-42a6-9ec0-f0bb7078118c,2026-02-15,264,PWCC Weekly Auctions,AUCTION,ok,0,https://www.fanaticscollect.com/weekly/dada0804-01ae-11f1-831c-0a58a9feac02
627ed870-6544-42a6-9ec0-f0bb7078118c,2026-02-01,204,PWCC Weekly Auctions,AUCTION,ok,0,https://www.fanaticscollect.com/weekly/74089516-f572-11f0-8bc9-0a58a9feac02
627ed870-6544-42a6-9ec0-f0bb7078118c,2025-11-12,260,eBay,AUCTION,ok,0,https://www.ebay.com/itm/127479047368
6224d485-78e7-402c-9c39-7bee5e63da16,2026-08-23,2000,eBay,BEST_OFFER,ok,0,https://www.ebay.com/itm/366621707714
6224d485-78e7-402c-9c39-7bee5e63da16,2026-05-24,1457,eBay,AUCTION,ok,0,https://www.ebay.com/itm/287331643767
6224d485-78e7-402c-9c39-7bee5e63da16,2026-03-12,1200,eBay,BEST_OFFER,ok,0,https://www.ebay.com/itm/336472755928
6224d485-78e7-402c-9c39-7bee5e63da16,2025-06-20,202,eBay,BEST_OFFER,ok,0,https://www.ebay.com/itm/225807168963
6224d485-78e7-402c-9c39-7bee5e63da16,2024-12-22,102.5,eBay,AUCTION,ok,0,https://www.ebay.com/itm/Pokemon-Vulpix-EX-Dragon-Frontiers-Reverse-Holo-70-PSA-10-Gem-Mint-/286212547422
6224d485-78e7-402c-9c39-7bee5e63da16,2024-09-23,85,eBay,BUY_IT_NOW,ok,0,https://www.ebay.com/itm/Vulpix-70-101-PSA-10-GEM-MINT-Pokemon-EX-Dragon-Frontiers-Reverse-Holofoil-2006-/266855835696
6224d485-78e7-402c-9c39-7bee5e63da16,2024-07-04,50,eBay,AUCTION,ok,0,https://www.ebay.com/itm/Vulpix-Reverse-Holo-70-Pokemon-Dragon-Frontiers-PSA10-/355840111580
6224d485-78e7-402c-9c39-7bee5e63da16,2024-05-12,110,eBay,BEST_OFFER,RELISTED,0,https://www.ebay.com/itm/Vulpix-70-101-PSA-10-GEM-MINT-Pokemon-EX-Dragon-Frontiers-Reverse-Holofoil-2006-/394757547129
6224d485-78e7-402c-9c39-7bee5e63da16,2023-08-31,85.2,Goldin Auctions,AUCTION,ok,0,https://goldin.co/item/2006-pokemon-ex-dragon-frontiers-rare-reverse-holofoil-70-vulpix-psa-gu33s5
6224d485-78e7-402c-9c39-7bee5e63da16,2022-08-10,80,eBay,BUY_IT_NOW,ok,0,https://www.ebay.com/itm/Pokemon-Vulpix-70-101-Ex-Dragon-Frontiers-Holo-Stamped-Delta-Species-Card-PSA-10-/334401464349
6265cf95-d93f-4167-9245-32213329265c,2021-08-16,15.5,eBay,AUCTION,ok,0,https://www.ebay.com/itm/2016-Pokemon-XY-Fates-Collide-60-Bronzor-Revolution-Foil-PSA-10-GEM-MINT-/384320529864
62ac2c4c-16df-4fa9-84a3-1331307464f2,2026-09-20,1530,PWCC Weekly Auctions,AUCTION,ok,0,https://www.pwccmarketplace.com/items/6510420
62ac2c4c-16df-4fa9-84a3-1331307464f2,2026-08-21,2200,eBay,BEST_OFFER,ok,0,https://www.ebay.com/itm/206508923513
62ac2c4c-16df-4fa9-84a3-1331307464f2,2026-07-05,2699.99,eBay,BEST_OFFER,ok,0,https://www.ebay.com/itm/158005426476
62ac2c4c-16df-4fa9-84a3-1331307464f2,2026-06-18,2450,eBay,BEST_OFFER,ok,0,https://www.ebay.com/itm/168374595378
62ac2c4c-16df-4fa9-84a3-1331307464f2,2026-05-10,2760,PWCC Weekly Auctions,AUCTION,ok,0,https://www.fanaticscollect.com/weekly/7449751a-44a8-11f1-81e6-0a58a9feac02
62ac2c4c-16df-4fa9-84a3-1331307464f2,2026-03-27,3000,eBay,BUY_IT_NOW,ok,0,https://www.ebay.com/itm/306845599814
62ac2c4c-16df-4fa9-84a3-1331307464f2,2026-03-15,2350,eBay,AUCTION,ok,0,https://www.ebay.com/itm/287182335997
62ac2c4c-16df-4fa9-84a3-1331307464f2,2026-03-10,2000,eBay,BEST_OFFER,ok,0,https://www.ebay.com/itm/206117143460
62ac2c4c-16df-4fa9-84a3-1331307464f2,2026-02-20,1500,eBay,BEST_OFFER,RELISTED,0,https://www.ebay.com/itm/206083175444
62ac2c4c-16df-4fa9-84a3-1331307464f2,2026-01-20,250,eBay,AUCTION,ok,0,https://www.ebay.com/itm/317761356747
62fa78f7-11ef-40be-abd7-1da131e3c524,2026-07-21,370,eBay,AUCTION,ok,0,https://www.ebay.com/itm/307061108272
62fa78f7-11ef-40be-abd7-1da131e3c524,2021-08-29,63,eBay,AUCTION,ok,0,https://www.ebay.com/itm/PSA-10-POKEMON-JAPANESE-DUGTRIO-MYSTERIOUS-MOUNTAINS-049-088-2002-446-/124863501457
62cd1136-34bc-41c1-a5d1-0ef6cb8f5572,2026-07-23,62,eBay,AUCTION,ok,0,https://www.ebay.com/itm/377347338040
62cd1136-34bc-41c1-a5d1-0ef6cb8f5572,2026-02-08,41,eBay,AUCTION,ok,0,https://www.ebay.com/itm/389551314173
62cd1136-34bc-41c1-a5d1-0ef6cb8f5572,2025-08-29,40,eBay,BUY_IT_NOW,RELISTED,0,https://www.ebay.com/itm/374626516824
62cd1136-34bc-41c1-a5d1-0ef6cb8f5572,2025-04-20,32.4,PWCC Weekly Auctions,AUCTION,ok,0,https://www.fanaticscollect.com/weekly/39005f8a-1715-11f0-81ff-0a58a9feac02
62cd1136-34bc-41c1-a5d1-0ef6cb8f5572,2024-11-11,35.97,eBay,BUY_IT_NOW,ok,0,https://www.ebay.com/itm/Pokemon-Base-2-72-Doduo-PSA-10-Card-GEM-MINT-Trusted-Seller-Free-Shipping-/155776545123
62cd1136-34bc-41c1-a5d1-0ef6cb8f5572,2024-09-20,20.49,eBay,AUCTION,ok,0,https://www.ebay.com/itm/2000-Pokemon-Base-II-Set-Doduo-72-130-PSA-Graded-10-GEM-MT-/226350126333
62cd1136-34bc-41c1-a5d1-0ef6cb8f5572,2024-02-18,19.2,PWCC Weekly Auctions,AUCTION,ok,0,https://www.fanaticscollect.com/weekly/28d5eb7e-c27b-11ee-b592-0a58a9feac02
62cd1136-34bc-41c1-a5d1-0ef6cb8f5572,2023-09-10,24.11,eBay,AUCTION,ok,0,https://www.ebay.com/itm/2000-POKEMON-GAME-BASE-2-72-DODUO-PSA-10-/134710333163
62cd1136-34bc-41c1-a5d1-0ef6cb8f5572,2023-09-10,21.97,eBay,AUCTION,ok,0,https://www.ebay.com/itm/2000-POKEMON-GAME-BASE-2-72-DODUO-PSA-10-/134710333204
62cd1136-34bc-41c1-a5d1-0ef6cb8f5572,2023-09-10,16.61,eBay,AUCTION,ok,0,https://www.ebay.com/itm/2000-POKEMON-GAME-BASE-2-72-DODUO-PSA-10-/134710333201
6257421b-28f8-4ab7-a2da-1ed4b92943dd,2026-09-20,31720,Goldin Auctions,AUCTION,ok,0,https://goldin.co/item/2003-pokemon-ex-dragon-national-champions-holo-100-charizard-psa-gem-m8ia7s
6257421b-28f8-4ab7-a2da-1ed4b92943dd,2026-09-13,24688,eBay,AUCTION,ok,0,https://www.ebay.com/itm/287565389199
6257421b-28f8-4ab7-a2da-1ed4b92943dd,2026-08-16,19200,PWCC Weekly Auctions,AUCTION,ok,0,https://www.fanaticscollect.com/weekly/75bce8c6-8f87-11f1-bf10-02fffaf08a7f
6257421b-28f8-4ab7-a2da-1ed4b92943dd,2026-08-09,18910,Goldin Auctions,AUCTION,ok,0,https://goldin.co/item/2003-pokemon-ex-dragon-national-championships-holo-100-charizard-psa-g64cdn
6257421b-28f8-4ab7-a2da-1ed4b92943dd,2026-07-05,16200,PWCC Weekly Auctions,AUCTION,ok,0,https://www.fanaticscollect.com/weekly/a77854ac-6e5f-11f1-8995-021b53578be7
6257421b-28f8-4ab7-a2da-1ed4b92943dd,2026-05-10,12000,PWCC Weekly Auctions,AUCTION,ok,0,https://www.fanaticscollect.com/weekly/739e2ad2-4180-11f1-851e-026108d83def
6257421b-28f8-4ab7-a2da-1ed4b92943dd,2026-04-26,12810,Goldin Auctions,AUCTION,ok,0,https://goldin.co/item/2003-pokemon-ex-dragon-national-championships-holo-100-charizard-psa-giu1sb
6257421b-28f8-4ab7-a2da-1ed4b92943dd,2026-04-02,9031.2,Alt,AUCTION,ok,0,https://alt.xyz/exchange/select-listing?ids=2e408e0e-1d3f-4936-a6ed-a32f11080421
6257421b-28f8-4ab7-a2da-1ed4b92943dd,2026-03-19,11800,PWCC Fixed Price,BEST_OFFER,ok,0,https://www.fanaticscollect.com/buy-now/c8a0615d-e675-4c2b-b43e-3ed400d9f07e
6257421b-28f8-4ab7-a2da-1ed4b92943dd,2026-03-13,11658.27,eBay,AUCTION,NOT_PAID,0,https://www.ebay.com/itm/306807677053
62140784-75d2-46aa-868a-959df743c2c2,2026-09-11,391,eBay,AUCTION,ok,0,https://www.ebay.com/itm/307160747003
62140784-75d2-46aa-868a-959df743c2c2,2026-08-23,550,eBay,BEST_OFFER,ok,0,https://www.ebay.com/itm/157785669316
62140784-75d2-46aa-868a-959df743c2c2,2026-08-21,355,eBay,AUCTION,ok,0,https://www.ebay.com/itm/117357861889
62140784-75d2-46aa-868a-959df743c2c2,2026-08-08,395,eBay,BUY_IT_NOW,ok,0,https://www.ebay.com/itm/307100154838
62140784-75d2-46aa-868a-959df743c2c2,2026-08-06,287.07,eBay,AUCTION,ok,0,https://www.ebay.com/itm/158137082057
62140784-75d2-46aa-868a-959df743c2c2,2026-07-23,315.23,eBay,AUCTION,RELISTED,0,https://www.ebay.com/itm/158086231195
62140784-75d2-46aa-868a-959df743c2c2,2026-07-19,372,PWCC Weekly Auctions,AUCTION,ok,0,https://www.fanaticscollect.com/weekly/8b108d60-7950-11f1-9d37-0a58a9feac02
62140784-75d2-46aa-868a-959df743c2c2,2026-06-14,610,eBay,AUCTION,ok,0,https://www.ebay.com/itm/298374176673
62140784-75d2-46aa-868a-959df743c2c2,2026-06-01,675,eBay,BEST_OFFER,ok,0,https://www.ebay.com/itm/206307042770
62140784-75d2-46aa-868a-959df743c2c2,2026-05-26,545,eBay,BEST_OFFER,ok,0,https://www.ebay.com/itm/117215318682
622c3907-579c-48cd-b1eb-4c8ea18de0ae,2023-09-22,29.95,eBay,BUY_IT_NOW,ok,0,https://www.ebay.com/itm/Sword-Shield-Champions-Path-Grass-Energy-Reverse-Foil-NNO-PSA-10-POP-18-/115536627523
622c3907-579c-48cd-b1eb-4c8ea18de0ae,2023-05-14,7.5,eBay,AUCTION,ok,0,https://www.ebay.com/itm/2020-Pokemon-SWSH-Champion-s-Path-Grass-Energy-Reverse-Foil-PSA-10-Gem-Mint-/394612910283
622c3907-579c-48cd-b1eb-4c8ea18de0ae,2023-05-06,10.5,eBay,AUCTION,ok,0,https://www.ebay.com/itm/2020-Pokemon-SWSH-Champion-s-Path-Grass-Energy-Reverse-Foil-PSA-10-Gem-Mint-/394596984147
622c3907-579c-48cd-b1eb-4c8ea18de0ae,2022-10-08,30,eBay,BEST_OFFER,ok,0,https://www.ebay.com/itm/2020-Pokemon-SWSH-Champions-Path-Grass-Energy-Reverse-Foil-PSA-10-/225039843852
622c3907-579c-48cd-b1eb-4c8ea18de0ae,2022-09-29,21.5,eBay,AUCTION,ok,0,https://www.ebay.com/itm/2020-Pokemon-SWSH-Champions-Path-Grass-Energy-Reverse-Foil-PSA-10-/265898482803
622c3907-579c-48cd-b1eb-4c8ea18de0ae,2022-07-21,35,eBay,BEST_OFFER,ok,0,https://www.ebay.com/itm/2020-Pokemon-SWSH-Champions-Path-Grass-Energy-Reverse-Foil-PSA-10-/225038950871
622c3907-579c-48cd-b1eb-4c8ea18de0ae,2022-06-26,21.5,eBay,AUCTION,ok,0,https://www.ebay.com/itm/2020-Pokemon-Sword-Shield-Champions-Path-Grass-Energy-Reverse-Foil-PSA-10-RARE-/234590314817
622c3907-579c-48cd-b1eb-4c8ea18de0ae,2022-04-30,36.25,eBay,AUCTION,ok,0,https://www.ebay.com/itm/2020-Pokemon-SWSH-Champions-Path-Grass-Energy-Reverse-Holo-Foil-PSA-10-39-U817-/125279987118
622c3907-579c-48cd-b1eb-4c8ea18de0ae,2021-12-20,34.99,eBay,AUCTION,ok,0,https://www.ebay.com/itm/PSA-10-FOIL-Grass-Energy-2020-Champions-Path-Pokemon-TCG-/144332469633
622c3907-579c-48cd-b1eb-4c8ea18de0ae,2021-12-10,38,eBay,BEST_OFFER,ok,0,https://www.ebay.com/itm/PSA-10-FOIL-Grass-Energy-2020-Champions-Path-Pokemon-TCG-/234281681497
627f6fb4-acc3-4b3f-bdb9-9a930da056db,2026-09-04,54,Alt,AUCTION,ok,0,https://alt.xyz/exchange/select-listing?ids=b852b3f1-45b8-4681-8fa5-25c3d608912e
627f6fb4-acc3-4b3f-bdb9-9a930da056db,2026-08-14,65,eBay,BUY_IT_NOW,ok,0,https://www.ebay.com/itm/366579777934
627f6fb4-acc3-4b3f-bdb9-9a930da056db,2026-07-23,36,Alt,AUCTION,ok,0,https://alt.xyz/exchange/select-listing?ids=ac198877-c711-40ed-93b3-56e749fb4bd6
627f6fb4-acc3-4b3f-bdb9-9a930da056db,2026-07-02,55.2,Alt,AUCTION,ok,0,https://alt.xyz/exchange/select-listing?ids=36fe40fa-5e56-42ef-896f-83e4efd4f47c
627f6fb4-acc3-4b3f-bdb9-9a930da056db,2026-06-14,100,eBay,BEST_OFFER,ok,0,https://www.ebay.com/itm/326916250901
627f6fb4-acc3-4b3f-bdb9-9a930da056db,2026-06-11,39.99,eBay,BUY_IT_NOW,ok,0,https://www.ebay.com/itm/336623764047
627f6fb4-acc3-4b3f-bdb9-9a930da056db,2026-05-20,37,eBay,AUCTION,ok,0,https://www.ebay.com/itm/406922719850
627f6fb4-acc3-4b3f-bdb9-9a930da056db,2026-05-17,69.99,eBay,BUY_IT_NOW,ok,0,https://www.ebay.com/itm/127591903283
627f6fb4-acc3-4b3f-bdb9-9a930da056db,2026-05-13,50,eBay,BUY_IT_NOW,ok,0,https://www.ebay.com/itm/117134605347
627f6fb4-acc3-4b3f-bdb9-9a930da056db,2026-05-13,50,eBay,BEST_OFFER,ok,0,https://www.ebay.com/itm/376649200026
62a79482-43d2-4968-8684-3dc7c85c4ae2,2026-06-11,333.6,Alt,AUCTION,ok,0,https://alt.xyz/exchange/select-listing?ids=db6f9992-097f-4ac1-9a1c-f0fc63ecc818
62a79482-43d2-4968-8684-3dc7c85c4ae2,2026-04-20,300,eBay,BEST_OFFER,ok,0,https://www.ebay.com/itm/117153255277
62a79482-43d2-4968-8684-3dc7c85c4ae2,2026-04-11,343.88,eBay,AUCTION,ok,0,https://www.ebay.com/itm/127795584979
62a79482-43d2-4968-8684-3dc7c85c4ae2,2025-05-08,120,eBay,BUY_IT_NOW,ok,0,https://www.ebay.com/itm/387811369936
62a79482-43d2-4968-8684-3dc7c85c4ae2,2024-11-28,126.77,eBay,BUY_IT_NOW,ok,0,https://www.ebay.com/itm/Pokemon-1st-Edition-Gym-Heroes-Sabrina-s-Venomoth-Non-Holo-Rare-34-132-PSA-10-/126733129999
62a79482-43d2-4968-8684-3dc7c85c4ae2,2024-11-10,63,eBay,BEST_OFFER,ok,0,https://www.ebay.com/itm/2000-Pokemon-Gym-Heroes-Sabrinas-Venomoth-1st-Edition-PSA-10-Gem-Mint-/186754222881
62a79482-43d2-4968-8684-3dc7c85c4ae2,2024-08-12,67,eBay,AUCTION,ok,0,https://www.ebay.com/itm/2000-Pokemon-PSA-10-1st-Edition-Sabrina-s-Venomoth-Non-Holo-Gym-Heroes-34-/276582290394
62a79482-43d2-4968-8684-3dc7c85c4ae2,2024-07-22,95,eBay,BEST_OFFER,ok,0,https://www.ebay.com/itm/2000-Pokemon-Gym-Heroes-1st-Edition-34-Sabrinas-Venomoth-PSA-10-/145904177847
62a79482-43d2-4968-8684-3dc7c85c4ae2,2023-05-07,126.17,eBay,BEST_OFFER,ok,0,https://www.ebay.com/itm/Pokemon-Cards-Gym-Heroes-1st-Edition-Rare-Sabrinas-Venomoth-34-132-PSA-10-/314167708370
62a79482-43d2-4968-8684-3dc7c85c4ae2,2023-02-01,53.77,eBay,AUCTION,ok,0,https://www.ebay.com/itm/Pokemon-Card-PSA-10-Gem-Mint-Sabrina-s-Venomoth-Gym-Heroes-1st-Edition-34-132-/115684774403
621a1c8c-ef9f-4f7f-be9b-a90e1e1888a3,2022-09-29,10.5,eBay,AUCTION,ok,0,https://www.ebay.com/itm/2020-Pokemon-Scrafty-Reverse-Foil-Holo-Champions-Path-42-73-PSA-10-/265898573484
621a1c8c-ef9f-4f7f-be9b-a90e1e1888a3,2021-12-26,14.01,eBay,AUCTION,ok,0,https://www.ebay.com/itm/2020-Pokemon-Game-SWSH-Scrafty-Champions-Path-Reverse-Foil-042-PSA-10-54-P493-/373829573374
621a1c8c-ef9f-4f7f-be9b-a90e1e1888a3,2021-12-20,9.5,eBay,AUCTION,ok,0,https://www.ebay.com/itm/52703913-Scraggy-2020-Pokemon-SWSH-Champions-Path-Reverse-Foil-042-PSA-10-GEM-/154748098802
621a1c8c-ef9f-4f7f-be9b-a90e1e1888a3,2021-12-15,22.72,eBay,AUCTION,ok,0,https://www.ebay.com/itm/2020-Pokemon-Sword-Shield-Champions-Path-Reverse-Foil-Scrafty-PSA-10-GEM-MT-/234315773691
621a1c8c-ef9f-4f7f-be9b-a90e1e1888a3,2021-12-01,34.99,eBay,BUY_IT_NOW,ok,0,https://www.ebay.com/itm/2020-Pokemon-Scrafty-Reverse-Foil-Holo-Champions-Path-42-73-PSA-10-Pop-3-/284542427516
620bc38d-3aff-4da9-8592-3793e9aa19e9,2026-05-21,50,eBay,BEST_OFFER,ok,0,https://www.ebay.com/itm/318339379070
620bc38d-3aff-4da9-8592-3793e9aa19e9,2026-05-01,47.49,eBay,BEST_OFFER,ok,0,https://www.ebay.com/itm/389881736019
620bc38d-3aff-4da9-8592-3793e9aa19e9,2026-03-27,15,eBay,BUY_IT_NOW,ok,0,https://www.ebay.com/itm/306845028528
620bc38d-3aff-4da9-8592-3793e9aa19e9,2026-02-28,15.54,eBay,AUCTION,ok,0,https://www.ebay.com/itm/327013157602
620bc38d-3aff-4da9-8592-3793e9aa19e9,2025-12-18,31,eBay,AUCTION,ok,0,https://www.ebay.com/itm/306652144613
620bc38d-3aff-4da9-8592-3793e9aa19e9,2025-11-28,39,eBay,BEST_OFFER,ok,0,https://www.ebay.com/itm/136533605406
620bc38d-3aff-4da9-8592-3793e9aa19e9,2025-08-31,18,eBay,BEST_OFFER,ok,0,https://www.ebay.com/itm/317185788277
620bc38d-3aff-4da9-8592-3793e9aa19e9,2025-05-12,30,eBay,AUCTION,ok,0,https://www.ebay.com/itm/356862481808
620bc38d-3aff-4da9-8592-3793e9aa19e9,2025-03-13,22,eBay,BEST_OFFER,ok,0,https://www.ebay.com/itm/226573600173
620bc38d-3aff-4da9-8592-3793e9aa19e9,2025-01-26,20.5,eBay,AUCTION,ok,0,https://www.ebay.com/itm/2021-POKEMON-SWORD-SHIELD-SHINING-FATES-SV042-TOXTRICITY-SHINY-HOLO-PSA-10-/387840380183
62f4e9c8-b098-48dc-ab2c-f9b0551cf639,2026-07-05,224.72,eBay,AUCTION,ok,0,https://www.ebay.com/itm/287424615018
62f4e9c8-b098-48dc-ab2c-f9b0551cf639,2026-06-13,400,eBay,BUY_IT_NOW,ok,0,https://www.ebay.com/itm/298107331271
62f4e9c8-b098-48dc-ab2c-f9b0551cf639,2025-03-22,84,eBay,BUY_IT_NOW,ok,0,https://www.ebay.com/itm/285225984148
62f4e9c8-b098-48dc-ab2c-f9b0551cf639,2025-02-26,84,eBay,BUY_IT_NOW,ok,0,https://www.ebay.com/itm/1999-Topps-Pokemon-Movie-Edition-DRATINI-147-Foil-E10-PSA-10-Gem-Mint-Blue-/285225984148
62f4e9c8-b098-48dc-ab2c-f9b0551cf639,2025-02-21,49,eBay,BUY_IT_NOW,ok,0,https://www.ebay.com/itm/1999-Pokemon-Topps-Movie-Edition-Dratini-E10-Foil-PSA-10-/235962639029
62f4e9c8-b098-48dc-ab2c-f9b0551cf639,2025-02-16,62.4,PWCC Weekly Auctions,AUCTION,ok,0,https://www.fanaticscollect.com/weekly/12fe5300-e3cb-11ef-bf3b-0a58a9feac02
62f4e9c8-b098-48dc-ab2c-f9b0551cf639,2024-08-23,79,eBay,BEST_OFFER,ok,0,https://www.ebay.com/itm/1999-Pokemon-Topps-Movie-Edition-Dratini-E10-Foil-PSA-10-/235621601825
62f4e9c8-b098-48dc-ab2c-f9b0551cf639,2023-10-08,50,eBay,AUCTION,ok,0,https://www.ebay.com/itm/1999-Topps-Pokemon-Movie-Edition-Dratini-Foil-E10-PSA-10-Gem-Mint-/285491485501
62f4e9c8-b098-48dc-ab2c-f9b0551cf639,2021-12-23,92,eBay,AUCTION,ok,0,https://www.ebay.com/itm/PSA-10-GEM-MINT-Dratini-E10-TOPPS-Movie-Edition-HOLO-FOIL-Pokemon-Card-CS7-912-/275063599964
62eed3a5-e2ac-4e06-bcbc-f8377170cc93,2023-10-12,18,eBay,BEST_OFFER,ok,0,https://www.ebay.com/itm/2019-Pokemon-Sun-Moon-Decidueye-Reverse-Holo-20-PSA-10-GEM-MINT-/334527971508
62eed3a5-e2ac-4e06-bcbc-f8377170cc93,2022-01-06,30,eBay,BEST_OFFER,ok,0,https://www.ebay.com/itm/Pokemon-SM-Cosmic-Eclipse-Decidueye-20-236-Holo-Reverse-Rare-PSA-10-Gem-Mint-/373852912444
628c4b42-6a99-4fe3-8855-7459a4b72e5c,2026-05-26,57.78,eBay,AUCTION,ok,0,https://www.ebay.com/itm/198367074432
628c4b42-6a99-4fe3-8855-7459a4b72e5c,2024-09-22,40,eBay,BEST_OFFER,ok,0,https://www.ebay.com/itm/Sentret-056-070-Pokemon-Card-HeartGold-Collection-L1-Japanese-PSA-10-Gem-Mint-/356061186615
628c4b42-6a99-4fe3-8855-7459a4b72e5c,2022-01-13,42.75,eBay,AUCTION,ok,0,https://www.ebay.com/itm/2009-Pokemon-Japanese-Heartgold-Coll-1st-Edition-56-Sentret-PSA-10-MINT-/373854772631
6203daae-4b5e-44b0-8809-a1a6daa3f5ae,2026-09-01,13100,eBay,AUCTION,ok,0,https://www.ebay.com/itm/318769669075
6203daae-4b5e-44b0-8809-a1a6daa3f5ae,2026-08-25,13000,eBay,BEST_OFFER,ok,0,https://www.ebay.com/itm/318779654652
6203daae-4b5e-44b0-8809-a1a6daa3f5ae,2026-08-06,9000,eBay,BUY_IT_NOW,ok,0,https://www.ebay.com/itm/287449771297
6203daae-4b5e-44b0-8809-a1a6daa3f5ae,2026-04-26,7133,eBay,AUCTION,ok,0,https://www.ebay.com/itm/287278126953
6203daae-4b5e-44b0-8809-a1a6daa3f5ae,2026-03-05,5160,Alt,AUCTION,ok,0,https://alt.xyz/exchange/select-listing?ids=63945403-b409-4b47-bd9a-f5e94b8927ba
6203daae-4b5e-44b0-8809-a1a6daa3f5ae,2026-01-01,2706,Alt,AUCTION,ok,0,https://alt.xyz/exchange/select-listing?ids=bc079874-576f-4f06-b379-185ece6e036e
6203daae-4b5e-44b0-8809-a1a6daa3f5ae,2024-10-27,516,PWCC Weekly Auctions,AUCTION,ok,0,https://www.fanaticscollect.com/weekly/7b5de334-88e5-11ef-8ca7-0636bf6b26cd
6203daae-4b5e-44b0-8809-a1a6daa3f5ae,2022-01-16,776,eBay,AUCTION,ok,0,https://www.ebay.com/itm/2000-Topps-Chrome-Pokemon-TV-Series-1-PSYDUCK-SPARKLE-54-PSA-10-Pop-3-/154787701273
62c196bc-07d6-45f8-866f-a65c62dabae0,2022-01-20,13,MySlabs,BEST_OFFER,ok,0,https://myslabs.com/slab/view/494225
62713356-69fd-4688-96a2-3b5de4a5faa9,2025-04-09,27.49,eBay,BUY_IT_NOW,ok,0,https://www.ebay.com/itm/196737323448
62713356-69fd-4688-96a2-3b5de4a5faa9,2024-09-16,21.5,eBay,AUCTION,ok,0,https://www.ebay.com/itm/2004-POKEMON-EX-HIDDEN-LEGENDS-55-CHIKORITA-PSA-10-/305771864228
62713356-69fd-4688-96a2-3b5de4a5faa9,2024-08-04,37.77,eBay,BUY_IT_NOW,ok,0,https://www.ebay.com/itm/2004-Pokemon-EX-Hidden-Legends-55-Chikorita-PSA-10-Card-GEM-MINT-Rare-Low-Pop-/154871177909
62713356-69fd-4688-96a2-3b5de4a5faa9,2024-06-22,21.47,eBay,AUCTION,ok,0,https://www.ebay.com/itm/PSA-10-Chikorita-2004-Pokemon-Card-55-101-Hidden-Legends-/186497559403
62713356-69fd-4688-96a2-3b5de4a5faa9,2023-05-20,30.31,eBay,BUY_IT_NOW,ok,0,https://www.ebay.com/itm/Pokemon-Chikorita-PSA-10-EX-Hidden-Legends-55-101-Card-Gem-Mint-2004-/266042775777
62713356-69fd-4688-96a2-3b5de4a5faa9,2022-01-26,49.89,eBay,AUCTION,ok,0,https://www.ebay.com/itm/Pokemon-Card-PSA-10-Chikorita-Hidden-Legends-55-101-/275111978607
62c0727b-4d33-4140-bed7-1523aa525f92,2026-09-20,47,eBay,AUCTION,ok,0,https://www.ebay.com/itm/298657057923
62c0727b-4d33-4140-bed7-1523aa525f92,2026-09-19,72,eBay,AUCTION,ok,0,https://www.ebay.com/itm/117407937066
62c0727b-4d33-4140-bed7-1523aa525f92,2026-09-18,41,eBay,AUCTION,ok,0,https://www.ebay.com/itm/117402907950
62c0727b-4d33-4140-bed7-1523aa525f92,2026-09-16,46,eBay,AUCTION,ok,0,https://www.ebay.com/itm/298657058147
62c0727b-4d33-4140-bed7-1523aa525f92,2026-09-13,53,eBay,AUCTION,ok,0,https://www.ebay.com/itm/287565393794
62c0727b-4d33-4140-bed7-1523aa525f92,2026-09-07,55,eBay,BEST_OFFER,ok,0,https://www.ebay.com/itm/336736589345
62c0727b-4d33-4140-bed7-1523aa525f92,2026-09-03,100,eBay,BUY_IT_NOW,ok,0,https://www.ebay.com/itm/206396655476
62c0727b-4d33-4140-bed7-1523aa525f92,2026-09-01,69.72,CardHobby,AUCTION,ok,0,https://www.cardhobby.com/#/carddetails/131565385
62c0727b-4d33-4140-bed7-1523aa525f92,2026-09-01,66.1,CardHobby,AUCTION,ok,0,https://www.cardhobby.com/#/carddetails/131810208
62c0727b-4d33-4140-bed7-1523aa525f92,2026-09-01,65.32,CardHobby,AUCTION,ok,0,https://www.cardhobby.com/#/carddetails/131352172
627b9df6-fdea-4e9e-bb27-b7647ac2b42e,2026-02-12,44.99,eBay,BUY_IT_NOW,ok,0,https://www.ebay.com/itm/136973140419
627b9df6-fdea-4e9e-bb27-b7647ac2b42e,2025-08-14,35,eBay,BEST_OFFER,ok,0,https://www.ebay.com/itm/286701833253
627b9df6-fdea-4e9e-bb27-b7647ac2b42e,2024-05-09,50,eBay,BEST_OFFER,ok,0,https://www.ebay.com/itm/2001-Pokemon-Neo-Discovery-54-Dunsparce-PSA-10-/314803619074
627b9df6-fdea-4e9e-bb27-b7647ac2b42e,2024-04-24,49.99,eBay,BEST_OFFER,ok,0,https://www.ebay.com/itm/2001-Pokemon-Neo-Discovery-PSA-10-DUNSPARCE-Non-Holo-54-NICE-Low-POP9-/115404909720
627b9df6-fdea-4e9e-bb27-b7647ac2b42e,2024-04-21,25.2,PWCC Weekly Auctions,AUCTION,ok,0,https://www.fanaticscollect.com/weekly/43fd687e-f605-11ee-ad7e-0a8d675ca747
627b9df6-fdea-4e9e-bb27-b7647ac2b42e,2024-03-12,21.54,eBay,AUCTION,ok,0,https://www.ebay.com/itm/2001-Neo-Discovery-PSA-10-DUNSPARCE-Unlimited-/145649137766
627b9df6-fdea-4e9e-bb27-b7647ac2b42e,2023-10-12,36,eBay,BEST_OFFER,ok,0,https://www.ebay.com/itm/2001-Pokemon-Neo-Discovery-PSA-10-DUNSPARCE-Non-Holo-54-NICE-Low-POP9-/115404909720
627b9df6-fdea-4e9e-bb27-b7647ac2b42e,2023-05-18,40,eBay,BEST_OFFER,ok,0,https://www.ebay.com/itm/2001-Pokemon-Neo-Discovery-PSA-10-DUNSPARCE-Non-Holo-54-NICE-Low-POP9-/115404909720
627b9df6-fdea-4e9e-bb27-b7647ac2b42e,2023-01-08,45,eBay,BEST_OFFER,ok,0,https://www.ebay.com/itm/2001-Pokemon-Neo-Discovery-PSA-10-DUNSPARCE-Non-Holo-54-NICE-Low-POP9-/115404909720
627b9df6-fdea-4e9e-bb27-b7647ac2b42e,2022-11-26,38,eBay,BEST_OFFER,RELISTED,0,https://www.ebay.com/itm/2001-Pokemon-Neo-Discovery-PSA-10-DUNSPARCE-Non-Holo-54-NICE-Low-POP9-/115404909720
62ba5f89-217a-4b1b-9229-7bf80b7f267a,2025-02-07,50,eBay,BEST_OFFER,ok,0,https://www.ebay.com/itm/2000-Pokemon-Gym-Heroes-Erikas-Exeggcute-77-132-PSA-10-GEM-MINT-LOW-POP-/385687441793
62ba5f89-217a-4b1b-9229-7bf80b7f267a,2024-12-06,44.95,eBay,BUY_IT_NOW,ok,0,https://www.ebay.com/itm/2000-Pokemon-Gym-Heroes-Erikas-Exeggcute-Unlimited-77-PSA-10-POP-20-QTY-/145646789753
62ba5f89-217a-4b1b-9229-7bf80b7f267a,2024-02-18,22.8,PWCC Weekly Auctions,AUCTION,ok,0,https://www.fanaticscollect.com/weekly/2a177944-c27b-11ee-b7c5-0a58a9feac02
62ba5f89-217a-4b1b-9229-7bf80b7f267a,2023-12-14,30,eBay,BEST_OFFER,ok,0,https://www.ebay.com/itm/GYM-HEROES-77-2000-Pokemon-ERIKAS-EXEGGCUTE-Psa-10-GEM-MINT-/295434916187
62ba5f89-217a-4b1b-9229-7bf80b7f267a,2023-11-26,22.22,eBay,AUCTION,ok,0,https://www.ebay.com/itm/Pokemon-Erikas-Exeggcute-Gym-Heroes-Unlimited-77-PSA-10-Gem-Mint-/285561194638
62ba5f89-217a-4b1b-9229-7bf80b7f267a,2023-09-19,30,eBay,AUCTION,ok,0,https://www.ebay.com/itm/Erikas-Exeggcute-77-Pokemon-Gym-Heroes-Set-PSA-10-Gem-Mint-/404487794530
62ba5f89-217a-4b1b-9229-7bf80b7f267a,2022-04-16,14.66,eBay,AUCTION,ok,0,https://www.ebay.com/itm/Pokemon-TCG-Erikas-Exeggcute-77-132-PSA-10-Gem-Mint-Gym-Heros-WOTC-/363795938249
62ba5f89-217a-4b1b-9229-7bf80b7f267a,2022-03-02,26,eBay,AUCTION,ok,0,https://www.ebay.com/itm/2000-Pokemon-Erikas-Exeggcute-Gym-Heroes-Set-77-PSA-10-GEM-MINT-21-H610-/125169187630
626f7141-dc7f-451e-b016-06850aa15ef1,2026-06-23,60,eBay,AUCTION,ok,0,https://www.ebay.com/itm/117250858718
626f7141-dc7f-451e-b016-06850aa15ef1,2026-06-17,90.25,eBay,BUY_IT_NOW,ok,0,https://www.ebay.com/itm/386525806433
626f7141-dc7f-451e-b016-06850aa15ef1,2026-05-24,67,eBay,AUCTION,ok,0,https://www.ebay.com/itm/298322468298
626f7141-dc7f-451e-b016-06850aa15ef1,2026-05-11,77,eBay,BUY_IT_NOW,ok,0,https://www.ebay.com/itm/297979279113
626f7141-dc7f-451e-b016-06850aa15ef1,2026-01-09,73.35,eBay,BUY_IT_NOW,ok,0,https://www.ebay.com/itm/326925859262
626f7141-dc7f-451e-b016-06850aa15ef1,2025-09-21,28,eBay,AUCTION,ok,0,https://www.ebay.com/itm/286815135129
626f7141-dc7f-451e-b016-06850aa15ef1,2025-07-16,49.99,eBay,BUY_IT_NOW,ok,0,https://www.ebay.com/itm/357104076951
626f7141-dc7f-451e-b016-06850aa15ef1,2025-07-12,32.89,eBay,BUY_IT_NOW,RELISTED,0,https://www.ebay.com/itm/357267933658
626f7141-dc7f-451e-b016-06850aa15ef1,2025-06-08,80,eBay,BEST_OFFER,ok,0,https://www.ebay.com/itm/276741730129
626f7141-dc7f-451e-b016-06850aa15ef1,2025-04-26,32,eBay,AUCTION,ok,0,https://www.ebay.com/itm/306255869560
620cc6d8-c3ed-44a0-9b3d-2710614f37d3,2026-08-30,4600,eBay,BEST_OFFER,ok,0,https://www.ebay.com/itm/327183319255
620cc6d8-c3ed-44a0-9b3d-2710614f37d3,2022-05-09,74.99,eBay,BEST_OFFER,ok,0,https://www.ebay.com/itm/PSA-10-Jirachi-Holo-Rare-Black-Star-Promo-XY195-POP-14-World-READ-/144546193061
629db9a0-2a3d-420f-b197-d570451e4bc3,2026-09-06,55,eBay,AUCTION,ok,0,https://www.ebay.com/itm/117390534744
629db9a0-2a3d-420f-b197-d570451e4bc3,2026-08-23,42,PWCC Weekly Auctions,AUCTION,ok,0,https://www.fanaticscollect.com/weekly/9afadea4-96cb-11f1-9311-0a58a9feac02
629db9a0-2a3d-420f-b197-d570451e4bc3,2026-07-22,73.59,eBay,AUCTION,ok,0,https://www.ebay.com/itm/117302010350
629db9a0-2a3d-420f-b197-d570451e4bc3,2026-06-25,89.99,eBay,BUY_IT_NOW,ok,0,https://www.ebay.com/itm/204128617251
629db9a0-2a3d-420f-b197-d570451e4bc3,2026-01-07,79.95,eBay,BUY_IT_NOW,ok,0,https://www.ebay.com/itm/225234482748
629db9a0-2a3d-420f-b197-d570451e4bc3,2025-11-11,35.2,eBay,AUCTION,ok,0,https://www.ebay.com/itm/297733724055
629db9a0-2a3d-420f-b197-d570451e4bc3,2025-10-29,39,eBay,BEST_OFFER,ok,0,https://www.ebay.com/itm/127403364188
629db9a0-2a3d-420f-b197-d570451e4bc3,2025-10-17,33,eBay,BUY_IT_NOW,ok,0,https://www.ebay.com/itm/277339957453
629db9a0-2a3d-420f-b197-d570451e4bc3,2025-10-11,50,eBay,AUCTION,ok,0,https://www.ebay.com/itm/236366549643
629db9a0-2a3d-420f-b197-d570451e4bc3,2025-09-05,38,eBay,AUCTION,ok,0,https://www.ebay.com/itm/116754493359
6279fbfb-e793-4ef6-a61e-ab8c149def66,2025-11-28,200,eBay,BEST_OFFER,ok,0,https://www.ebay.com/itm/297796631252
6279fbfb-e793-4ef6-a61e-ab8c149def66,2025-09-26,249.99,eBay,AUCTION,ok,0,https://www.ebay.com/itm/317316239114
6279fbfb-e793-4ef6-a61e-ab8c149def66,2025-04-19,240,eBay,BEST_OFFER,ok,0,https://www.ebay.com/itm/187154929071
6279fbfb-e793-4ef6-a61e-ab8c149def66,2024-05-04,128.25,eBay,BUY_IT_NOW,ok,0,https://www.ebay.com/itm/2000-Topps-Pokemon-TV-EP11-Charmander-Foil-Animation-Series-2-PSA-10-GEM-1-7-/404219382740
6279fbfb-e793-4ef6-a61e-ab8c149def66,2022-06-05,23.01,eBay,AUCTION,ok,0,https://www.ebay.com/itm/2000-POKEMON-TV-ANIMATION-EPISODE-FOIL-CHARMANDER-STRAY-POP3-PSA-10-A3349434-/265709513284
62fa3952-8740-4973-9a9e-bcd5e2408683,2022-06-28,42.77,eBay,AUCTION,ok,0,https://www.ebay.com/itm/55464719-WARTORTLE-2007-Pokemon-Diamond-Pearl-75-Secret-Wonders-PSA-10-GEM-/155047188081
6204c57c-7501-463e-afc1-e2f5fbb20ef5,2026-04-05,200,eBay,BEST_OFFER,ok,0,https://www.ebay.com/itm/317756753069
6204c57c-7501-463e-afc1-e2f5fbb20ef5,2026-01-19,117,eBay,BEST_OFFER,ok,0,https://www.ebay.com/itm/376810558774
6204c57c-7501-463e-afc1-e2f5fbb20ef5,2026-01-17,149,eBay,BUY_IT_NOW,ok,0,https://www.ebay.com/itm/306041547378
6204c57c-7501-463e-afc1-e2f5fbb20ef5,2025-07-15,47,PWCC Fixed Price,BEST_OFFER,ok,0,https://sales-history.pwccmarketplace.com/items/FIXED280058
6204c57c-7501-463e-afc1-e2f5fbb20ef5,2024-02-27,57,eBay,BUY_IT_NOW,ok,0,https://www.ebay.com/itm/2000-Pokemon-Neo-Genesis-Super-Rod-Trainer-103-PSA-10-GEM-MINT-/325510428793
6204c57c-7501-463e-afc1-e2f5fbb20ef5,2022-06-29,23.48,eBay,AUCTION,ok,0,https://www.ebay.com/itm/2000-Pokemon-Neo-Genesis-103-Super-Rod-PSA-10-GEM-MINT-/384964131313
623cc556-f5fd-49c1-a37b-3f867ecf3a4f,2026-04-09,89,eBay,BUY_IT_NOW,ok,0,https://www.ebay.com/itm/404600449629
623cc556-f5fd-49c1-a37b-3f867ecf3a4f,2025-09-09,47,PWCC Fixed Price,BEST_OFFER,ok,0,https://sales-history.pwccmarketplace.com/items/FIXED320270
623cc556-f5fd-49c1-a37b-3f867ecf3a4f,2023-02-02,14.5,eBay,AUCTION,ok,0,https://www.ebay.com/itm/Pokemon-Card-PSA-10-Gem-Mint-Mary-Neo-Genesis-2000-Non-Holo-87-111-/155378080531
623cc556-f5fd-49c1-a37b-3f867ecf3a4f,2022-07-27,19.99,eBay,AUCTION,ok,0,https://www.ebay.com/itm/2000-Pokemon-Neo-Genesis-Mary-87-111-PSA-10-GEM-MINT-Maria-Spanish-PSA-Mislabel-/255642558658
623cc556-f5fd-49c1-a37b-3f867ecf3a4f,2022-06-29,88,eBay,AUCTION,ok,0,https://www.ebay.com/itm/2000-Pokemon-Neo-Genesis-87-Mary-PSA-10-GEM-MINT-/374144309729
62f6fdb4-ea4e-43a9-80f3-4af81a3b98a8,2026-07-15,249.95,eBay,BEST_OFFER,ok,0,https://www.ebay.com/itm/278025426576
62f6fdb4-ea4e-43a9-80f3-4af81a3b98a8,2026-06-12,100,eBay,BEST_OFFER,ok,0,https://www.ebay.com/itm/298406422517
62f6fdb4-ea4e-43a9-80f3-4af81a3b98a8,2023-03-11,15.5,eBay,AUCTION,ok,0,https://www.ebay.com/itm/PSA-10-2021-Pokemon-McDonald-s-Collection-7-Rowlet-/225456766523
62f6fdb4-ea4e-43a9-80f3-4af81a3b98a8,2022-08-27,4.99,eBay,AUCTION,ok,0,https://www.ebay.com/itm/ROWLET-2021-POKEMON-MCDONALDS-COLLECTION-PSA-10-GEM-MINT-/234666649818
62f6fdb4-ea4e-43a9-80f3-4af81a3b98a8,2022-08-18,16,eBay,BEST_OFFER,ok,0,https://www.ebay.com/itm/2021-Pokemon-McDonalds-Collection-7-Rowlet-Non-Holo-PSA-10-Gem-Mint-/385070081431
62f6fdb4-ea4e-43a9-80f3-4af81a3b98a8,2022-07-08,4.99,eBay,AUCTION,ok,0,https://www.ebay.com/itm/ROWLET-2021-POKEMON-MCDONALDS-COLLECTION-PSA-10-GEM-MINT-/334490737807
62f6fdb4-ea4e-43a9-80f3-4af81a3b98a8,2022-07-07,4.99,eBay,AUCTION,ok,0,https://www.ebay.com/itm/ROWLET-2021-POKEMON-MCDONALD-S-COLLECTION-PSA-10-GEM-MINT-/234608742470
62498b28-5a5a-4f53-b3be-9cb5fb6e9160,2022-09-26,23.54,eBay,AUCTION,ok,0,https://www.ebay.com/itm/EX-Deoxys-Energy-Boost-93-107-PSA-10-Gem-Mint-Pokemon-Card-2005-/275461128801
628feaa1-14c5-4369-afd0-ec4f1e4c5b52,2026-09-16,48.51,eBay,AUCTION,ok,0,https://www.ebay.com/itm/800633612796
628feaa1-14c5-4369-afd0-ec4f1e4c5b52,2026-09-13,72,PWCC Weekly Auctions,AUCTION,ok,0,https://www.fanaticscollect.com/weekly/ac857646-acc6-11f1-831b-06e94c1ba663
628feaa1-14c5-4369-afd0-ec4f1e4c5b52,2026-09-01,72.99,eBay,BUY_IT_NOW,ok,0,https://www.ebay.com/itm/168645808516
628feaa1-14c5-4369-afd0-ec4f1e4c5b52,2026-08-30,76.65,eBay,AUCTION,ok,0,https://www.ebay.com/itm/800551828156
628feaa1-14c5-4369-afd0-ec4f1e4c5b52,2026-08-26,74,eBay,BUY_IT_NOW,ok,0,https://www.ebay.com/itm/267752884183
628feaa1-14c5-4369-afd0-ec4f1e4c5b52,2026-08-18,45,eBay,BEST_OFFER,ok,0,https://www.ebay.com/itm/128033725696
628feaa1-14c5-4369-afd0-ec4f1e4c5b52,2026-08-16,66,eBay,BEST_OFFER,ok,0,https://www.ebay.com/itm/236960759790
628feaa1-14c5-4369-afd0-ec4f1e4c5b52,2026-07-25,74.05,eBay,BEST_OFFER,ok,0,https://www.ebay.com/itm/236935884607
628feaa1-14c5-4369-afd0-ec4f1e4c5b52,2026-07-21,75,eBay,BEST_OFFER,ok,0,https://www.ebay.com/itm/306993269710
628feaa1-14c5-4369-afd0-ec4f1e4c5b52,2026-07-08,35,eBay,BEST_OFFER,ok,0,https://www.ebay.com/itm/158065898443
62e197ea-789b-44c9-b725-6c5d7873d528,2026-03-14,76.99,eBay,BUY_IT_NOW,ok,0,https://www.ebay.com/itm/404529470223
62e197ea-789b-44c9-b725-6c5d7873d528,2026-03-14,65,eBay,BUY_IT_NOW,ok,0,https://www.ebay.com/itm/406213592603
62e197ea-789b-44c9-b725-6c5d7873d528,2026-03-07,50,eBay,BEST_OFFER,ok,0,https://www.ebay.com/itm/116787673393
62e197ea-789b-44c9-b725-6c5d7873d528,2025-11-27,57.98,eBay,BEST_OFFER,ok,0,https://www.ebay.com/itm/406376867859
62e197ea-789b-44c9-b725-6c5d7873d528,2025-11-02,43.5,eBay,AUCTION,ok,0,https://www.ebay.com/itm/116837718528
62e197ea-789b-44c9-b725-6c5d7873d528,2025-11-02,15.5,eBay,AUCTION,ok,0,https://www.ebay.com/itm/236410304261
62e197ea-789b-44c9-b725-6c5d7873d528,2025-09-14,45,eBay,BEST_OFFER,RELISTED,0,https://www.ebay.com/itm/116557347747
62e197ea-789b-44c9-b725-6c5d7873d528,2025-08-23,46,eBay,BEST_OFFER,ok,0,https://www.ebay.com/itm/396924375628
62e197ea-789b-44c9-b725-6c5d7873d528,2025-03-02,16.5,eBay,AUCTION,ok,0,https://www.ebay.com/itm/PSA-10-JAPANESE-POKEMON-1ST-ED-FLAREON-BANDIT-RING-013-081-2015-GEM-MINT-180-/116468985176
62e197ea-789b-44c9-b725-6c5d7873d528,2025-02-08,43.5,eBay,BEST_OFFER,ok,0,https://www.ebay.com/itm/PSA-10-2015-POKEMON-JAPANESE-XY-BANDIT-RING-013-FLAREON-1ST-EDITION-/256792806881
6244810d-d334-4a8c-a291-ec3547071d19,2026-05-31,100.8,PWCC Weekly Auctions,AUCTION,ok,0,https://www.fanaticscollect.com/weekly/b6d631ec-4b9d-11f1-ab66-06000869e0ab
6244810d-d334-4a8c-a291-ec3547071d19,2026-05-12,66,eBay,AUCTION,ok,0,https://www.ebay.com/itm/306918212166
6244810d-d334-4a8c-a291-ec3547071d19,2026-04-26,159.88,eBay,BEST_OFFER,ok,0,https://www.ebay.com/itm/358490577043
6244810d-d334-4a8c-a291-ec3547071d19,2026-03-15,160.09,eBay,BUY_IT_NOW,ok,0,https://www.ebay.com/itm/357248546380
6244810d-d334-4a8c-a291-ec3547071d19,2026-03-13,70.7,eBay,AUCTION,ok,0,https://www.ebay.com/itm/298072053621
6244810d-d334-4a8c-a291-ec3547071d19,2026-03-13,40,eBay,BEST_OFFER,ok,0,https://www.ebay.com/itm/168230477976
6244810d-d334-4a8c-a291-ec3547071d19,2026-02-14,57.5,eBay,BEST_OFFER,ok,0,https://www.ebay.com/itm/147145510887
6244810d-d334-4a8c-a291-ec3547071d19,2026-02-09,40,eBay,BEST_OFFER,ok,0,https://www.ebay.com/itm/227210314409
6244810d-d334-4a8c-a291-ec3547071d19,2026-02-02,135.49,eBay,BUY_IT_NOW,ok,0,https://www.ebay.com/itm/336223031268
6244810d-d334-4a8c-a291-ec3547071d19,2025-09-29,50,eBay,BUY_IT_NOW,ok,0,https://www.ebay.com/itm/267419219586
623a9e74-6aef-4650-aca1-dac6f5cb1576,2026-08-21,28,eBay,AUCTION,ok,0,https://www.ebay.com/itm/267757233217
623a9e74-6aef-4650-aca1-dac6f5cb1576,2026-03-12,20,eBay,AUCTION,ok,0,https://www.ebay.com/itm/298091855297
623a9e74-6aef-4650-aca1-dac6f5cb1576,2026-03-04,26,eBay,AUCTION,RELISTED,0,https://www.ebay.com/itm/298067449735
623a9e74-6aef-4650-aca1-dac6f5cb1576,2025-11-18,26.5,eBay,AUCTION,ok,0,https://www.ebay.com/itm/297751869864
623a9e74-6aef-4650-aca1-dac6f5cb1576,2025-10-05,25.2,PWCC Weekly Auctions,AUCTION,ok,0,https://www.fanaticscollect.com/weekly/8464060e-9b0c-11f0-b256-0a58a9feac02
623a9e74-6aef-4650-aca1-dac6f5cb1576,2025-09-26,35,eBay,BEST_OFFER,RELISTED,0,https://www.ebay.com/itm/296875233294
623a9e74-6aef-4650-aca1-dac6f5cb1576,2025-06-18,27.99,eBay,BEST_OFFER,ok,0,https://www.ebay.com/itm/135235895105
623a9e74-6aef-4650-aca1-dac6f5cb1576,2025-01-07,29.95,eBay,BUY_IT_NOW,ok,0,https://www.ebay.com/itm/2022-Pokemon-Lost-Origin-HISUIAN-GOODRA-V-135-PSA-10-Gem-Mint-/285566033562
623a9e74-6aef-4650-aca1-dac6f5cb1576,2024-12-11,14.99,eBay,BUY_IT_NOW,ok,0,https://www.ebay.com/itm/Hisuian-Goodra-V-135-196-GEM-MINT-PSA-10-Pokemon-SW-SH-Lost-Origin-2022-/126823509027
623a9e74-6aef-4650-aca1-dac6f5cb1576,2024-09-28,9.99,eBay,AUCTION,ok,0,https://www.ebay.com/itm/Hisuian-Goodra-V-135-196-GEM-MINT-PSA-10-Pokemon-SW-SH-Lost-Origin-2022-/126688252265
6203e0d4-7ecc-46da-83bc-1ce4e00974af,2026-08-26,186.5,eBay,AUCTION,ok,0,https://www.ebay.com/itm/298599997250
6203e0d4-7ecc-46da-83bc-1ce4e00974af,2026-06-13,290,eBay,BEST_OFFER,ok,0,https://www.ebay.com/itm/157979301163
6203e0d4-7ecc-46da-83bc-1ce4e00974af,2026-04-02,120,eBay,BEST_OFFER,ok,0,https://www.ebay.com/itm/117122218078
6203e0d4-7ecc-46da-83bc-1ce4e00974af,2025-08-29,89,eBay,AUCTION,ok,0,https://www.ebay.com/itm/388870794119
6203e0d4-7ecc-46da-83bc-1ce4e00974af,2025-04-14,39.99,eBay,BUY_IT_NOW,ok,0,https://www.ebay.com/itm/297115551188
6203e0d4-7ecc-46da-83bc-1ce4e00974af,2024-12-04,52.64,eBay,BEST_OFFER,ok,0,https://www.ebay.com/itm/Flaaffy-047-087-Wind-Sea-E-Series-Japanese-1st-Edition-POP-10-PSA-10-/126444456588
6203e0d4-7ecc-46da-83bc-1ce4e00974af,2024-01-31,40,eBay,BEST_OFFER,ok,0,https://www.ebay.com/itm/Pokemon-TCG-Flaaffy-047-087-1st-ED-Wind-Sea-Japanese-PSA-10-GEM-MINT-/386618104516
6203e0d4-7ecc-46da-83bc-1ce4e00974af,2023-02-25,43,eBay,AUCTION,ok,0,https://www.ebay.com/itm/PSA-10-2002-Flaaffy-Pokemon-Card-e-Japanese-1st-Edition-047-087-GEM-MINT-/144946253778
6203e0d4-7ecc-46da-83bc-1ce4e00974af,2022-12-13,73.64,eBay,AUCTION,ok,0,https://www.ebay.com/itm/Pokemon-Japanese-Wind-Sea-1st-Edition-Flaffy-047-PSA-10-Gem-Mint-/115632841818
629ec2f3-b3af-46ed-b961-47b1633d1c98,2026-08-22,30,eBay,BEST_OFFER,ok,0,https://www.ebay.com/itm/318740653905
629ec2f3-b3af-46ed-b961-47b1633d1c98,2025-10-24,41.85,eBay,BUY_IT_NOW,ok,0,https://www.ebay.com/itm/297664690956
629ec2f3-b3af-46ed-b961-47b1633d1c98,2025-10-20,35,eBay,BEST_OFFER,ok,0,https://www.ebay.com/itm/226984405356
629ec2f3-b3af-46ed-b961-47b1633d1c98,2025-09-25,20.4,Alt,AUCTION,ok,0,https://alt.xyz/exchange/select-listing?ids=34831d72-32e3-4d9e-bb31-fbefd699b823
629ec2f3-b3af-46ed-b961-47b1633d1c98,2025-09-19,32,eBay,BEST_OFFER,ok,0,https://www.ebay.com/itm/396566447462
629ec2f3-b3af-46ed-b961-47b1633d1c98,2025-08-09,29.99,eBay,BEST_OFFER,ok,0,https://www.ebay.com/itm/187441681002
629ec2f3-b3af-46ed-b961-47b1633d1c98,2025-07-15,16.55,eBay,AUCTION,ok,0,https://www.ebay.com/itm/127225165874
629ec2f3-b3af-46ed-b961-47b1633d1c98,2025-07-14,16.01,eBay,AUCTION,ok,0,https://www.ebay.com/itm/317070562899
629ec2f3-b3af-46ed-b961-47b1633d1c98,2025-04-21,15.5,eBay,AUCTION,ok,0,https://www.ebay.com/itm/388261902558
629ec2f3-b3af-46ed-b961-47b1633d1c98,2025-03-31,31.99,eBay,BUY_IT_NOW,ok,0,https://www.ebay.com/itm/334877032462
62abf0f1-221f-481a-b783-e052dc9ee7b9,2026-09-11,64,eBay,BEST_OFFER,ok,0,https://www.ebay.com/itm/198529054425
62abf0f1-221f-481a-b783-e052dc9ee7b9,2026-06-23,39.99,eBay,BUY_IT_NOW,ok,0,https://www.ebay.com/itm/407000635424
62abf0f1-221f-481a-b783-e052dc9ee7b9,2026-05-13,30.99,eBay,AUCTION,ok,0,https://www.ebay.com/itm/366392598747
62abf0f1-221f-481a-b783-e052dc9ee7b9,2025-11-25,35,eBay,BEST_OFFER,ok,0,https://www.ebay.com/itm/388713891994
62abf0f1-221f-481a-b783-e052dc9ee7b9,2025-09-04,25,eBay,AUCTION,ok,0,https://www.ebay.com/itm/116753303914
62abf0f1-221f-481a-b783-e052dc9ee7b9,2025-08-29,29.99,eBay,BUY_IT_NOW,ok,0,https://www.ebay.com/itm/388784257923
62abf0f1-221f-481a-b783-e052dc9ee7b9,2025-06-03,24.99,eBay,BUY_IT_NOW,ok,0,https://www.ebay.com/itm/405917377930
62abf0f1-221f-481a-b783-e052dc9ee7b9,2025-03-23,22.5,eBay,BEST_OFFER,ok,0,https://www.ebay.com/itm/156822247882
62abf0f1-221f-481a-b783-e052dc9ee7b9,2025-03-03,30,eBay,BEST_OFFER,ok,0,https://www.ebay.com/itm/204224880905
62abf0f1-221f-481a-b783-e052dc9ee7b9,2025-01-27,26.95,eBay,BUY_IT_NOW,ok,0,https://www.ebay.com/itm/PSA-10-GEM-MINT-Zamazenta-V-105-172-Brilliant-Stars-HOLO-Rare-Pokemon-Card-/226535254985
624222a4-4d27-4661-87a5-b58e7cf6ba32,2026-08-23,52,eBay,AUCTION,ok,0,https://www.ebay.com/itm/298588333345
624222a4-4d27-4661-87a5-b58e7cf6ba32,2026-04-09,46.88,eBay,BEST_OFFER,ok,0,https://www.ebay.com/itm/257437883598
624222a4-4d27-4661-87a5-b58e7cf6ba32,2026-04-05,46,eBay,AUCTION,ok,0,https://www.ebay.com/itm/117114096029
624222a4-4d27-4661-87a5-b58e7cf6ba32,2026-03-08,57,eBay,AUCTION,ok,0,https://www.ebay.com/itm/298059437843
624222a4-4d27-4661-87a5-b58e7cf6ba32,2022-12-28,19.71,eBay,AUCTION,ok,0,https://www.ebay.com/itm/PSA-10-Pokemon-Entei-SM11a-Remix-Bout-011-064-Japanese-NM-M-/125675861535
62d13d0a-8845-4c71-b846-849b3d8675ff,2023-08-06,105.5,eBay,AUCTION,ok,0,https://www.ebay.com/itm/Pokemon-Emboar-Legendary-Treasures-Holo-Rare-27-PSA-10-Gem-Mint-/285405180910
62d13d0a-8845-4c71-b846-849b3d8675ff,2023-04-25,260,eBay,AUCTION,ok,0,https://www.ebay.com/itm/PSA-10-GEM-MINT-Emboar-27-113-HOLO-RARE-BW-Legendary-Treasures-Pokemon-Card-558-/275794117606
62d13d0a-8845-4c71-b846-849b3d8675ff,2023-01-13,229,eBay,BEST_OFFER,ok,0,https://www.ebay.com/itm/2013-Pokemon-Legendary-Treasures-Emboar-Holo-27-PSA-10-POP-2-/234806813163
62f32b2e-5a39-45ea-a24a-9bc2e74a1d62,2026-08-23,370,eBay,BEST_OFFER,ok,0,https://www.ebay.com/itm/178414426588
62f32b2e-5a39-45ea-a24a-9bc2e74a1d62,2026-08-09,172.19,eBay,AUCTION,ok,0,https://www.ebay.com/itm/287495389675
62f32b2e-5a39-45ea-a24a-9bc2e74a1d62,2026-08-04,300,eBay,BEST_OFFER,ok,0,https://www.ebay.com/itm/278100185791
62f32b2e-5a39-45ea-a24a-9bc2e74a1d62,2026-07-05,202.5,eBay,AUCTION,ok,0,https://www.ebay.com/itm/287424620509
62f32b2e-5a39-45ea-a24a-9bc2e74a1d62,2026-05-20,421.8,eBay,BUY_IT_NOW,ok,0,https://www.ebay.com/itm/127831350353
62f32b2e-5a39-45ea-a24a-9bc2e74a1d62,2026-05-20,349.99,eBay,BUY_IT_NOW,ok,0,https://www.ebay.com/itm/188361437788
62f32b2e-5a39-45ea-a24a-9bc2e74a1d62,2026-05-02,250,eBay,BUY_IT_NOW,ok,0,https://www.ebay.com/itm/127829970379
62f32b2e-5a39-45ea-a24a-9bc2e74a1d62,2026-04-02,124.8,Alt,AUCTION,ok,0,https://alt.xyz/exchange/select-listing?ids=9ceb1674-be7b-4117-8bb2-1a7cef86f83b
62f32b2e-5a39-45ea-a24a-9bc2e74a1d62,2026-03-07,190.5,eBay,AUCTION,ok,0,https://www.ebay.com/itm/306793593832
62f32b2e-5a39-45ea-a24a-9bc2e74a1d62,2026-03-05,145,eBay,BUY_IT_NOW,ok,0,https://www.ebay.com/itm/137088400645
62b8e5c8-3cdf-4ae0-bb26-ad4ecb8b24e8,2026-08-09,75,eBay,AUCTION,ok,0,https://www.ebay.com/itm/287499092615
62b8e5c8-3cdf-4ae0-bb26-ad4ecb8b24e8,2026-07-13,61.66,eBay,AUCTION,ok,0,https://www.ebay.com/itm/137495617464
62b8e5c8-3cdf-4ae0-bb26-ad4ecb8b24e8,2026-07-12,98.4,PWCC Weekly Auctions,AUCTION,ok,0,https://www.fanaticscollect.com/weekly/261ca65c-75b6-11f1-80b6-02ee3fb55b03
62b8e5c8-3cdf-4ae0-bb26-ad4ecb8b24e8,2026-07-10,68.12,CardHobby,AUCTION,ok,0,https://www.cardhobby.com/#/carddetails/121304743
62b8e5c8-3cdf-4ae0-bb26-ad4ecb8b24e8,2026-07-05,91.2,PWCC Weekly Auctions,AUCTION,ok,0,https://www.fanaticscollect.com/weekly/73940b2c-71bb-11f1-95cc-0afe14cfdcc1
62b8e5c8-3cdf-4ae0-bb26-ad4ecb8b24e8,2026-04-24,79.99,eBay,BUY_IT_NOW,ok,0,https://www.ebay.com/itm/397688565283
62b8e5c8-3cdf-4ae0-bb26-ad4ecb8b24e8,2026-04-12,54,PWCC Weekly Auctions,AUCTION,ok,0,https://www.fanaticscollect.com/weekly/69467b04-2d06-11f1-b204-0a58a9feac02
62b8e5c8-3cdf-4ae0-bb26-ad4ecb8b24e8,2026-03-23,56.25,eBay,AUCTION,ok,0,https://www.ebay.com/itm/298128284046
62b8e5c8-3cdf-4ae0-bb26-ad4ecb8b24e8,2026-03-14,75,eBay,BUY_IT_NOW,ok,0,https://www.ebay.com/itm/287117016280
62b8e5c8-3cdf-4ae0-bb26-ad4ecb8b24e8,2026-01-19,45,eBay,AUCTION,ok,0,https://www.ebay.com/itm/116975730714
6231e776-a360-44c4-9936-45e65813eb48,2023-01-26,225,eBay,BEST_OFFER,ok,0,https://www.ebay.com/itm/Pokemon-PSA-10-POP-1-2003-EX-Ruby-Sapphire-18-Nosepass-Reverse-Mint-/354540179366
62314b6e-150a-49a5-bdd5-ec01ea8dd8e1,2026-07-25,32,eBay,AUCTION,ok,0,https://www.ebay.com/itm/366548746608
62314b6e-150a-49a5-bdd5-ec01ea8dd8e1,2026-06-17,59.99,eBay,BUY_IT_NOW,ok,0,https://www.ebay.com/itm/317438006704
62314b6e-150a-49a5-bdd5-ec01ea8dd8e1,2026-06-14,30,eBay,AUCTION,ok,0,https://www.ebay.com/itm/236862036147
62314b6e-150a-49a5-bdd5-ec01ea8dd8e1,2026-06-03,67.32,eBay,BUY_IT_NOW,ok,0,https://www.ebay.com/itm/287329574021
62314b6e-150a-49a5-bdd5-ec01ea8dd8e1,2026-05-14,67,eBay,BUY_IT_NOW,ok,0,https://www.ebay.com/itm/287329573988
62314b6e-150a-49a5-bdd5-ec01ea8dd8e1,2026-05-03,33.32,eBay,AUCTION,ok,0,https://www.ebay.com/itm/117156855336
62314b6e-150a-49a5-bdd5-ec01ea8dd8e1,2026-02-01,35,eBay,BEST_OFFER,ok,0,https://www.ebay.com/itm/266448250989
62314b6e-150a-49a5-bdd5-ec01ea8dd8e1,2026-01-04,42.99,eBay,BUY_IT_NOW,ok,0,https://www.ebay.com/itm/317438006704
62314b6e-150a-49a5-bdd5-ec01ea8dd8e1,2025-12-10,29.99,eBay,BUY_IT_NOW,ok,0,https://www.ebay.com/itm/177247916110
62314b6e-150a-49a5-bdd5-ec01ea8dd8e1,2025-08-12,35,eBay,BEST_OFFER,ok,0,https://www.ebay.com/itm/266448250989
62c5f11c-2b40-44b8-9056-a7f92504b004,2026-09-18,33,eBay,AUCTION,ok,0,https://www.ebay.com/itm/117406793328
62c5f11c-2b40-44b8-9056-a7f92504b004,2026-09-17,34.88,eBay,AUCTION,ok,0,https://www.ebay.com/itm/188913567851
62c5f11c-2b40-44b8-9056-a7f92504b004,2026-09-13,23.5,eBay,AUCTION,ok,0,https://www.ebay.com/itm/307163467171
62c5f11c-2b40-44b8-9056-a7f92504b004,2026-09-06,36,eBay,AUCTION,ok,0,https://www.ebay.com/itm/307151796422
62c5f11c-2b40-44b8-9056-a7f92504b004,2026-09-06,34,eBay,AUCTION,ok,0,https://www.ebay.com/itm/307151796516
62c5f11c-2b40-44b8-9056-a7f92504b004,2026-09-06,33,eBay,AUCTION,ok,0,https://www.ebay.com/itm/117383867953
62c5f11c-2b40-44b8-9056-a7f92504b004,2026-09-02,26.8,CardHobby,AUCTION,ok,0,https://www.cardhobby.com/#/carddetails/131926264
62c5f11c-2b40-44b8-9056-a7f92504b004,2026-08-30,41.09,eBay,AUCTION,ok,0,https://www.ebay.com/itm/298603515632
62c5f11c-2b40-44b8-9056-a7f92504b004,2026-08-27,44.99,eBay,BEST_OFFER,ok,0,https://www.ebay.com/itm/307149266450
62c5f11c-2b40-44b8-9056-a7f92504b004,2026-08-25,32.5,eBay,AUCTION,ok,0,https://www.ebay.com/itm/298595695230
625a5042-759d-44d5-bf97-0863f57abc4a,2026-08-18,850,eBay,AUCTION,ok,0,https://www.ebay.com/itm/298575819153
625a5042-759d-44d5-bf97-0863f57abc4a,2026-08-17,1000,eBay,BEST_OFFER,ok,0,https://www.ebay.com/itm/398175360719
625a5042-759d-44d5-bf97-0863f57abc4a,2026-08-04,870,eBay,AUCTION,ok,0,https://www.ebay.com/itm/307089907708
625a5042-759d-44d5-bf97-0863f57abc4a,2026-07-26,600,PWCC Weekly Auctions,AUCTION,ok,0,https://www.fanaticscollect.com/weekly/e5a6a9dc-8213-11f1-a4d1-02ba9858bad3
625a5042-759d-44d5-bf97-0863f57abc4a,2026-07-26,600,PWCC Weekly Auctions,AUCTION,ok,0,https://www.fanaticscollect.com/weekly/5941d66a-8074-11f1-915d-0a58a9feac02
625a5042-759d-44d5-bf97-0863f57abc4a,2026-07-22,850,eBay,BEST_OFFER,ok,0,https://www.ebay.com/itm/800391156596
625a5042-759d-44d5-bf97-0863f57abc4a,2026-07-16,730,eBay,AUCTION,ok,0,https://www.ebay.com/itm/307050010761
625a5042-759d-44d5-bf97-0863f57abc4a,2026-06-18,1050,eBay,AUCTION,ok,0,https://www.ebay.com/itm/117241716964
625a5042-759d-44d5-bf97-0863f57abc4a,2026-04-18,876.48,eBay,BUY_IT_NOW,ok,0,https://www.ebay.com/itm/298209892699
625a5042-759d-44d5-bf97-0863f57abc4a,2026-03-11,845,eBay,BUY_IT_NOW,ok,0,https://www.ebay.com/itm/127715305495
629abf49-756b-440a-a86b-1f9814cacbcb,2026-08-23,51,eBay,AUCTION,ok,0,https://www.ebay.com/itm/117350385951
629abf49-756b-440a-a86b-1f9814cacbcb,2026-08-13,59.99,eBay,BEST_OFFER,ok,0,https://www.ebay.com/itm/307076253495
629abf49-756b-440a-a86b-1f9814cacbcb,2026-06-04,39.99,eBay,BEST_OFFER,ok,0,https://www.ebay.com/itm/386096322968
629abf49-756b-440a-a86b-1f9814cacbcb,2026-05-31,37.99,eBay,BUY_IT_NOW,ok,0,https://www.ebay.com/itm/134395326452
629abf49-756b-440a-a86b-1f9814cacbcb,2026-04-14,43,eBay,AUCTION,ok,0,https://www.ebay.com/itm/377094417695
629abf49-756b-440a-a86b-1f9814cacbcb,2026-02-10,26,eBay,BEST_OFFER,ok,0,https://www.ebay.com/itm/187941355849
629abf49-756b-440a-a86b-1f9814cacbcb,2025-07-30,21.98,eBay,AUCTION,ok,0,https://www.ebay.com/itm/357340237445
629abf49-756b-440a-a86b-1f9814cacbcb,2024-09-08,15.11,eBay,AUCTION,ok,0,https://www.ebay.com/itm/PSA-10-Imposter-Professor-Oak-004-025-CHINESE-Pokemon-25th-Anniversary-Promo-/276624243892
629abf49-756b-440a-a86b-1f9814cacbcb,2024-08-23,27,eBay,BUY_IT_NOW,ok,0,https://www.ebay.com/itm/Pokemon-PSA-10-Gem-Mint-Chinese-PCP-25th-Anniversary-Imposter-Prof-Oak-Holo-004-/385576006094
629abf49-756b-440a-a86b-1f9814cacbcb,2024-04-28,16.66,eBay,AUCTION,ok,0,https://www.ebay.com/itm/Pokemon-Imposter-Professor-Oak-25th-TCB-Charizard-2021-004-025-PSA-GEM-MINT-10-/386946096190
6201b2e5-b8d4-42d2-a9fe-041fae65da69,2026-08-13,7500,eBay,BEST_OFFER,ok,0,https://www.ebay.com/itm/298563262686
6201b2e5-b8d4-42d2-a9fe-041fae65da69,2026-04-14,7000,eBay,BEST_OFFER,ok,0,https://www.ebay.com/itm/306877159393
6201b2e5-b8d4-42d2-a9fe-041fae65da69,2026-01-14,2250,eBay,BEST_OFFER,ok,0,https://www.ebay.com/itm/147082435329
6201b2e5-b8d4-42d2-a9fe-041fae65da69,2024-11-19,249,PWCC Fixed Price,BEST_OFFER,ok,0,https://sales-history.pwccmarketplace.com/items/FIXED173223
6201b2e5-b8d4-42d2-a9fe-041fae65da69,2024-09-03,280,eBay,AUCTION,ok,0,https://www.ebay.com/itm/2003-Pokemon-Japanese-Mudkip-Constructed-Starter-1st-Ed-003-Mudkip-Holo-PSA-10-/387334317645
6201b2e5-b8d4-42d2-a9fe-041fae65da69,2023-11-21,150,eBay,AUCTION,ok,0,https://www.ebay.com/itm/2003-Pokemon-Jpn-Mudkip-Cnstrctd-Dk-1st-Ed-003-Mudkip-Holo-PSA-10-/364580213773
6201b2e5-b8d4-42d2-a9fe-041fae65da69,2023-05-01,266,eBay,AUCTION,ok,0,https://www.ebay.com/itm/PSA-10-1ST-EDITION-2003-Mudkip-Constructed-Starter-Deck-Pokemon-Card-Japanese-/334845803925
6201b2e5-b8d4-42d2-a9fe-041fae65da69,2023-04-06,250,eBay,BEST_OFFER,ok,0,https://www.ebay.com/itm/Pokemon-TCG-Mudkip-003-019-Holo-1st-ED-Constructed-Deck-Japanese-PSA-10-GEM-MINT-/385491831744
6201b2e5-b8d4-42d2-a9fe-041fae65da69,2023-02-19,396,PWCC Weekly Auctions,AUCTION,ok,0,https://www.fanaticscollect.com/weekly/357d630c-8fe1-11ed-8269-06cb887a4c21
62d08b12-c0bc-4f8e-b66a-15211f92e660,2023-02-24,17.5,eBay,AUCTION,ok,0,https://www.ebay.com/itm/Sigilyph-Reverse-Holo-2021-Japanese-Pokemon-VMAX-Climax-s8b-PSA-10-POP-1-/394469251008
62db908b-4d76-48eb-8774-1df582b5cb6e,2026-06-06,800,eBay,BEST_OFFER,ok,0,https://www.ebay.com/itm/257516778751
62db908b-4d76-48eb-8774-1df582b5cb6e,2023-02-27,155.5,eBay,BEST_OFFER,ok,0,https://www.ebay.com/itm/Pokemon-Ex-Sandstorm-Shiftry-22-Reverse-Foil-GEM-MINT-PSA-10-/394478915799
62982b9f-eecf-4b68-8ad4-41d07589b55d,2025-02-15,129.99,eBay,BEST_OFFER,ok,0,https://www.ebay.com/itm/PSA-10-2000-Topps-Pokemon-TV-Lapras-131-Foil-/405365036639
62982b9f-eecf-4b68-8ad4-41d07589b55d,2025-01-12,191.67,eBay,AUCTION,ok,0,https://www.ebay.com/itm/POKEMON-PSA-10-LAPRAS-FOIL-131-TV-ANIMATION-EDITION-SERIES-3-POKEMON-TOPPS-ENG-/116435328555
62982b9f-eecf-4b68-8ad4-41d07589b55d,2024-07-21,263,eBay,AUCTION,ok,0,https://www.ebay.com/itm/2000-Pokemon-Topps-Lapras-Animation-Series-3-Foil-131-PSA-10-Gem-Mint-/285955531414
62982b9f-eecf-4b68-8ad4-41d07589b55d,2023-03-04,350,eBay,BUY_IT_NOW,ok,0,https://www.ebay.com/itm/2000-Topps-Pokemon-TV-131-Lapras-Foil-Animation-Series-3-PSA-10-GEM-MINT-/175638228902
626d6fe4-0e84-4c66-a081-f64abec32dda,2026-08-20,408.11,eBay,BUY_IT_NOW,ok,0,https://www.ebay.com/itm/156170507832
626d6fe4-0e84-4c66-a081-f64abec32dda,2026-05-03,103.2,PWCC Weekly Auctions,AUCTION,ok,0,https://www.fanaticscollect.com/weekly/0a71ba22-381d-11f1-aaed-0a58a9feac02
626d6fe4-0e84-4c66-a081-f64abec32dda,2026-03-29,98.4,PWCC Weekly Auctions,AUCTION,ok,0,https://www.fanaticscollect.com/weekly/8d63544e-1f05-11f1-a668-0a58a9feac02
626d6fe4-0e84-4c66-a081-f64abec32dda,2026-03-23,124.99,eBay,BUY_IT_NOW,ok,0,https://www.ebay.com/itm/406714960850
626d6fe4-0e84-4c66-a081-f64abec32dda,2026-02-13,123.5,eBay,AUCTION,ok,0,https://www.ebay.com/itm/306753018964
626d6fe4-0e84-4c66-a081-f64abec32dda,2025-11-27,89,eBay,BUY_IT_NOW,ok,0,https://www.ebay.com/itm/125748011583
626d6fe4-0e84-4c66-a081-f64abec32dda,2025-11-17,97.6,eBay,BEST_OFFER,ok,0,https://www.ebay.com/itm/266705654695
626d6fe4-0e84-4c66-a081-f64abec32dda,2025-09-07,56.4,PWCC Weekly Auctions,AUCTION,ok,0,https://www.fanaticscollect.com/weekly/87cb7a10-7f79-11f0-86d1-0a58a9feac02
626d6fe4-0e84-4c66-a081-f64abec32dda,2025-01-19,42,eBay,AUCTION,ok,0,https://www.ebay.com/itm/2005-POKEMON-JAPANESE-MIRAGE-FOREST-1ST-EDITION-032-GOREBYSS-HOLO-PSA-10-/306032525149
626d6fe4-0e84-4c66-a081-f64abec32dda,2024-12-29,59.99,eBay,BUY_IT_NOW,ok,0,https://www.ebay.com/itm/Pokemon-Japanese-Mirage-Forest-1st-Ed-Holo-Gorebyss-032-086-PSA-10-/387714858779
620d157a-1646-48ab-aea4-da7cf1cd40da,2026-08-01,23.5,eBay,AUCTION,ok,0,https://www.ebay.com/itm/206440276337
620d157a-1646-48ab-aea4-da7cf1cd40da,2026-07-21,40,eBay,BEST_OFFER,ok,0,https://www.ebay.com/itm/236916808519
620d157a-1646-48ab-aea4-da7cf1cd40da,2026-05-09,59.99,eBay,BEST_OFFER,ok,0,https://www.ebay.com/itm/287117653302
620d157a-1646-48ab-aea4-da7cf1cd40da,2025-12-22,44.95,eBay,BEST_OFFER,ok,0,https://www.ebay.com/itm/277574462072
620d157a-1646-48ab-aea4-da7cf1cd40da,2025-09-24,21,eBay,BEST_OFFER,ok,0,https://www.ebay.com/itm/306489761613
620d157a-1646-48ab-aea4-da7cf1cd40da,2025-07-20,25.2,PWCC Weekly Auctions,AUCTION,ok,0,https://www.fanaticscollect.com/weekly/df1a9d30-5f82-11f0-a9ff-06969aa904c9
620d157a-1646-48ab-aea4-da7cf1cd40da,2025-06-05,38,eBay,BEST_OFFER,ok,0,https://www.ebay.com/itm/226703863668
620d157a-1646-48ab-aea4-da7cf1cd40da,2025-05-19,19.99,eBay,BEST_OFFER,ok,0,https://www.ebay.com/itm/396628218110
620d157a-1646-48ab-aea4-da7cf1cd40da,2025-05-07,17.5,eBay,AUCTION,ok,0,https://www.ebay.com/itm/376211935076
620d157a-1646-48ab-aea4-da7cf1cd40da,2025-03-13,32.99,eBay,BUY_IT_NOW,ok,0,https://www.ebay.com/itm/356299528546
62cc5c81-895f-4dc5-a210-c29fe1b6f39f,2025-10-27,58.49,eBay,BEST_OFFER,ok,0,https://www.ebay.com/itm/167564751349
62cc5c81-895f-4dc5-a210-c29fe1b6f39f,2023-03-25,50.99,eBay,BUY_IT_NOW,ok,0,https://www.ebay.com/itm/Pokemon-TCG-2020-Sword-Shield-Vivid-Voltage-017-SKIDDO-Reverse-PSA-10-LOW-POP-/165998874287
62cd1044-9db1-4c3b-b99f-4e3e39f8e260,2026-08-07,95,eBay,BEST_OFFER,ok,0,https://www.ebay.com/itm/158132587636
62cd1044-9db1-4c3b-b99f-4e3e39f8e260,2026-05-23,85,eBay,AUCTION,ok,0,https://www.ebay.com/itm/117196999232
62cd1044-9db1-4c3b-b99f-4e3e39f8e260,2026-05-03,81,eBay,AUCTION,ok,0,https://www.ebay.com/itm/377138701807
62cd1044-9db1-4c3b-b99f-4e3e39f8e260,2026-04-16,68.53,eBay,AUCTION,ok,0,https://www.ebay.com/itm/127804486354
62cd1044-9db1-4c3b-b99f-4e3e39f8e260,2025-09-05,89.99,eBay,BUY_IT_NOW,ok,0,https://www.ebay.com/itm/395417730276
62cd1044-9db1-4c3b-b99f-4e3e39f8e260,2024-12-08,49.95,eBay,BUY_IT_NOW,ok,0,https://www.ebay.com/itm/2001-Pokemon-Neo-Revelation-Paras-Unlimited-47-PSA-10-POP-21-/145643280584
62cd1044-9db1-4c3b-b99f-4e3e39f8e260,2024-07-05,32.99,eBay,BUY_IT_NOW,ok,0,https://www.ebay.com/itm/PSA-10-Gem-Mint-Paras-Neo-Revelation-Unlimited-47-64-WOTC-Vintage-Pokemon-Card-/315278110185
62cd1044-9db1-4c3b-b99f-4e3e39f8e260,2023-05-13,26,eBay,AUCTION,ok,0,https://www.ebay.com/itm/PSA-10-GEM-MINT-Paras-47-64-Neo-Revelation-Unlimited-Pokemon-Card-/385596463838
626c29fe-49aa-4fd5-b677-c9ae2446a987,2023-06-17,45,eBay,BUY_IT_NOW,ok,0,https://www.ebay.com/itm/2016-Pokemon-XY-Steam-Siege-84-Deino-PSA-10-POP-1-/235023070887
628d3215-981a-4bc9-b15c-6d7ad8b56f14,2026-07-21,51,eBay,AUCTION,ok,0,https://www.ebay.com/itm/298501949970
628d3215-981a-4bc9-b15c-6d7ad8b56f14,2026-05-31,53.05,eBay,AUCTION,ok,0,https://www.ebay.com/itm/287339035670
628d3215-981a-4bc9-b15c-6d7ad8b56f14,2026-05-19,79.99,eBay,BEST_OFFER,ok,0,https://www.ebay.com/itm/358295005171
628d3215-981a-4bc9-b15c-6d7ad8b56f14,2026-04-30,74.99,eBay,BUY_IT_NOW,ok,0,https://www.ebay.com/itm/366184373634
628d3215-981a-4bc9-b15c-6d7ad8b56f14,2026-03-29,54,eBay,AUCTION,ok,0,https://www.ebay.com/itm/287225532534
628d3215-981a-4bc9-b15c-6d7ad8b56f14,2025-05-20,64.21,eBay,BUY_IT_NOW,ok,0,https://www.ebay.com/itm/146457434602
628d3215-981a-4bc9-b15c-6d7ad8b56f14,2024-07-09,39.99,eBay,BEST_OFFER,ok,0,https://www.ebay.com/itm/PSA-10-Pop-14-2015-Pokemon-Japanese-XY-Red-Flash-Yveltal-Holo-1st-Ed-042-/256563541382
628d3215-981a-4bc9-b15c-6d7ad8b56f14,2024-06-23,19.2,PWCC Weekly Auctions,AUCTION,ok,0,https://www.fanaticscollect.com/weekly/33c7e9b6-29db-11ef-8cdc-0684e222d83d
628d3215-981a-4bc9-b15c-6d7ad8b56f14,2024-05-25,28.02,eBay,AUCTION,ok,0,https://www.ebay.com/itm/Pokemon-Japanese-Yveltal-Holo-1st-Ed-042-059-Red-Flash-Gem-Mint-Psa-10-/364900335647
628d3215-981a-4bc9-b15c-6d7ad8b56f14,2023-11-08,40,eBay,BEST_OFFER,ok,0,https://www.ebay.com/itm/PSA-10-Yveltal-042-059-XY8-Red-Flash-Holo-1st-Ed-Japanese-Pokemon-Card-/355030022968
6270c341-e1a7-4c48-866e-ad0930ece6d7,2026-08-16,750,PWCC Weekly Auctions,AUCTION,ok,0,https://www.fanaticscollect.com/weekly/1462dd06-945a-11f1-a64c-0a58a9feac02
6270c341-e1a7-4c48-866e-ad0930ece6d7,2026-08-01,911.01,eBay,AUCTION,ok,0,https://www.ebay.com/itm/407101182069
6270c341-e1a7-4c48-866e-ad0930ece6d7,2026-07-19,831,eBay,AUCTION,ok,0,https://www.ebay.com/itm/287451060606
6270c341-e1a7-4c48-866e-ad0930ece6d7,2026-07-08,1050,PWCC Fixed Price,BEST_OFFER,ok,0,https://www.fanaticscollect.com/buy-now/1951b779-66c1-400e-b2ea-8a5213628f41
6270c341-e1a7-4c48-866e-ad0930ece6d7,2026-07-05,1245,eBay,AUCTION,ok,0,https://www.ebay.com/itm/117265971732
6270c341-e1a7-4c48-866e-ad0930ece6d7,2026-07-04,1000,eBay,AUCTION,ok,0,https://www.ebay.com/itm/800264507837
6270c341-e1a7-4c48-866e-ad0930ece6d7,2026-05-03,790,eBay,AUCTION,ok,0,https://www.ebay.com/itm/287292232264
6270c341-e1a7-4c48-866e-ad0930ece6d7,2026-04-25,1000,eBay,BUY_IT_NOW,ok,0,https://www.ebay.com/itm/318200124562
6270c341-e1a7-4c48-866e-ad0930ece6d7,2026-03-26,745,eBay,BEST_OFFER,ok,0,https://www.ebay.com/itm/397722724963
6270c341-e1a7-4c48-866e-ad0930ece6d7,2026-03-11,679.99,eBay,BUY_IT_NOW,ok,0,https://www.ebay.com/itm/298095652806
62cbb8ab-fefd-4fba-84e9-8c4a090168b1,2023-07-20,29.99,eBay,AUCTION,ok,0,https://www.ebay.com/itm/2016-POKEMON-XY-STEAM-SIEGE-94-FLETCHLING-POP-1-PSA-10-/385754594297
62977b0f-fe4a-4eed-bf57-563998679688,2026-09-20,145,eBay,AUCTION,ok,0,https://www.ebay.com/itm/287578283410
62977b0f-fe4a-4eed-bf57-563998679688,2026-09-20,138.04,eBay,AUCTION,ok,0,https://www.ebay.com/itm/398388864890
62977b0f-fe4a-4eed-bf57-563998679688,2026-09-19,189.42,eBay,AUCTION,ok,0,https://www.ebay.com/itm/407206138636
62977b0f-fe4a-4eed-bf57-563998679688,2026-09-19,180.5,eBay,AUCTION,ok,0,https://www.ebay.com/itm/298664896447
62977b0f-fe4a-4eed-bf57-563998679688,2026-09-19,149.54,eBay,AUCTION,ok,0,https://www.ebay.com/itm/407206138633
62977b0f-fe4a-4eed-bf57-563998679688,2026-09-18,189,eBay,BUY_IT_NOW,ok,0,https://www.ebay.com/itm/307184889502
62977b0f-fe4a-4eed-bf57-563998679688,2026-09-18,180,eBay,BEST_OFFER,ok,0,https://www.ebay.com/itm/257736287940
62977b0f-fe4a-4eed-bf57-563998679688,2026-09-18,157.5,eBay,AUCTION,ok,0,https://www.ebay.com/itm/158272956682
62977b0f-fe4a-4eed-bf57-563998679688,2026-09-17,198,PWCC Fixed Price,BEST_OFFER,ok,0,https://www.fanaticscollect.com/buy-now/05141af6-9919-405b-a66c-449facd91a28
62977b0f-fe4a-4eed-bf57-563998679688,2026-09-17,187.2,Alt,AUCTION,PENDING,0,https://alt.xyz/exchange/select-listing?ids=66c481d2-2cfe-460a-8166-474a527070ba
62a92d28-22fa-4619-847c-5a2490714937,2023-08-09,131.86,eBay,AUCTION,ok,0,https://www.ebay.com/itm/Pokemon-Card-PSA-10-Gem-Mint-Rotom-Great-Encounters-Reverse-Holo-7-106-Pop-1-/155698842178
626400f3-d4f7-4f56-be27-55adf7ae07c0,2026-09-14,80,PWCC Fixed Price,BEST_OFFER,ok,0,https://www.fanaticscollect.com/buy-now/d7d89bfd-21a7-4a5b-99b1-6cef31e3ae56
626400f3-d4f7-4f56-be27-55adf7ae07c0,2026-09-10,111,eBay,AUCTION,ok,0,https://www.ebay.com/itm/188875807065
626400f3-d4f7-4f56-be27-55adf7ae07c0,2026-09-05,87.87,eBay,AUCTION,ok,0,https://www.ebay.com/itm/227502393908
626400f3-d4f7-4f56-be27-55adf7ae07c0,2026-09-04,150.98,CardHobby,AUCTION,ok,0,https://www.cardhobby.com/#/carddetails/131596048
626400f3-d4f7-4f56-be27-55adf7ae07c0,2026-08-30,138.09,eBay,AUCTION,ok,0,https://www.ebay.com/itm/318763945428
626400f3-d4f7-4f56-be27-55adf7ae07c0,2026-08-30,103.2,PWCC Weekly Auctions,AUCTION,ok,0,https://www.fanaticscollect.com/weekly/e49cbd8e-a058-11f1-aaf0-0a58a9feac02
626400f3-d4f7-4f56-be27-55adf7ae07c0,2026-08-30,100.8,PWCC Weekly Auctions,AUCTION,ok,0,https://www.fanaticscollect.com/weekly/5d155162-a041-11f1-97c7-0a58a9feac02
626400f3-d4f7-4f56-be27-55adf7ae07c0,2026-08-23,120,eBay,AUCTION,ok,0,https://www.ebay.com/itm/178427289703
626400f3-d4f7-4f56-be27-55adf7ae07c0,2026-08-18,200,eBay,AUCTION,ok,0,https://www.ebay.com/itm/366599594558
626400f3-d4f7-4f56-be27-55adf7ae07c0,2026-08-17,159.99,eBay,BEST_OFFER,ok,0,https://www.ebay.com/itm/117358310498
620a96c3-a8cf-474b-af7f-1046c54f10fb,2026-07-12,50,eBay,BEST_OFFER,ok,0,https://www.ebay.com/itm/257540836323
620a96c3-a8cf-474b-af7f-1046c54f10fb,2026-02-16,26,eBay,AUCTION,ok,0,https://www.ebay.com/itm/287135257313
620a96c3-a8cf-474b-af7f-1046c54f10fb,2025-10-18,22.51,eBay,AUCTION,RELISTED,0,https://www.ebay.com/itm/286876253294
620a96c3-a8cf-474b-af7f-1046c54f10fb,2023-09-24,70,eBay,BEST_OFFER,ok,0,https://www.ebay.com/itm/PSA-10-GEM-MINT-2022-Pokemon-Special-Collection-MORPEKO-V-UNION-218-Full-Art-/204223886490
625f7650-c5c4-4a7e-a897-99bf644ff052,2026-05-10,34.99,eBay,BUY_IT_NOW,ok,0,https://www.ebay.com/itm/127017642255
625f7650-c5c4-4a7e-a897-99bf644ff052,2026-04-29,20,eBay,AUCTION,ok,0,https://www.ebay.com/itm/127828022877
625f7650-c5c4-4a7e-a897-99bf644ff052,2026-04-12,12.5,eBay,AUCTION,ok,0,https://www.ebay.com/itm/287247568644
625f7650-c5c4-4a7e-a897-99bf644ff052,2026-02-04,26,eBay,BUY_IT_NOW,ok,0,https://www.ebay.com/itm/376788833315
625f7650-c5c4-4a7e-a897-99bf644ff052,2025-11-02,26.4,PWCC Weekly Auctions,AUCTION,ok,0,https://www.fanaticscollect.com/weekly/338cab40-af58-11f0-b8b3-0a58a9feac02
625f7650-c5c4-4a7e-a897-99bf644ff052,2025-03-21,26.47,eBay,BEST_OFFER,ok,0,https://www.ebay.com/itm/315785201930
625f7650-c5c4-4a7e-a897-99bf644ff052,2025-03-13,13.85,eBay,AUCTION,ok,0,https://www.ebay.com/itm/205337023202
625f7650-c5c4-4a7e-a897-99bf644ff052,2025-02-08,31.99,eBay,BUY_IT_NOW,ok,0,https://www.ebay.com/itm/PSA-10-GEM-MINT-JAPANESE-POKEMON-2023-VILEPLUME-045-165-POKEMON-151-SV2a-/386410457834
625f7650-c5c4-4a7e-a897-99bf644ff052,2024-12-22,12,PWCC Weekly Auctions,AUCTION,ok,0,https://www.fanaticscollect.com/weekly/7be28210-b8d3-11ef-8042-0a58a9feac02
625f7650-c5c4-4a7e-a897-99bf644ff052,2024-09-07,21,eBay,BEST_OFFER,ok,0,https://www.ebay.com/itm/2023-Pokemon-Japanese-Vileplume-Holo-045-165-PSA-GEM-MT-10-/356004407071
62bf594d-a6ca-4079-bbc1-bca0034a5385,2026-06-18,94.38,eBay,BEST_OFFER,ok,0,https://www.ebay.com/itm/137422271620
62bf594d-a6ca-4079-bbc1-bca0034a5385,2026-06-12,120.75,eBay,BUY_IT_NOW,RELISTED,0,https://www.ebay.com/itm/137037298860
62bf594d-a6ca-4079-bbc1-bca0034a5385,2023-11-13,18.5,eBay,AUCTION,ok,0,https://www.ebay.com/itm/2020-Pokemon-Thai-Sun-Moon-Double-Burst-Set-Celebi-Venusaur-GX-PSA-10-/375037976083
62592820-274c-45e1-b893-f0c7af9e037a,2026-04-04,35,eBay,BEST_OFFER,ok,0,https://www.ebay.com/itm/297908584944
62592820-274c-45e1-b893-f0c7af9e037a,2025-05-04,15.5,eBay,AUCTION,ok,0,https://www.ebay.com/itm/297244401639
62592820-274c-45e1-b893-f0c7af9e037a,2025-04-26,18.5,eBay,AUCTION,ok,0,https://www.ebay.com/itm/297228856048
62592820-274c-45e1-b893-f0c7af9e037a,2025-03-29,26,eBay,AUCTION,ok,0,https://www.ebay.com/itm/306186874161
62592820-274c-45e1-b893-f0c7af9e037a,2024-10-31,20,eBay,BEST_OFFER,ok,0,https://www.ebay.com/itm/Pokemon-Jet-Black-Spirit-Agatha-089-070-PSA-10-GEM-MINT-/226414816486
62592820-274c-45e1-b893-f0c7af9e037a,2023-11-25,15,eBay,AUCTION,ok,0,https://www.ebay.com/itm/PSA-10-MINT-2021-Pokemon-Japanese-SWSH-Jet-Black-Spirit-89-Full-Art-Agatha-Hyper-/285550349184
62884045-3877-49a6-9fc8-e6a9ee39e006,2026-07-11,149.99,eBay,BUY_IT_NOW,ok,0,https://www.ebay.com/itm/307056809638
62884045-3877-49a6-9fc8-e6a9ee39e006,2025-08-10,57,eBay,AUCTION,ok,0,https://www.ebay.com/itm/388793120753
62884045-3877-49a6-9fc8-e6a9ee39e006,2025-05-07,51,eBay,AUCTION,ok,0,https://www.ebay.com/itm/187184619646
62884045-3877-49a6-9fc8-e6a9ee39e006,2025-03-27,52.8,Alt,AUCTION,ok,0,https://alt.xyz/exchange/select-listing?ids=36b9c90b-4ee9-4f57-9e1b-83090bc1bb8e
62884045-3877-49a6-9fc8-e6a9ee39e006,2025-03-26,51,eBay,AUCTION,ok,0,https://www.ebay.com/itm/306187621808
62884045-3877-49a6-9fc8-e6a9ee39e006,2025-03-26,51,eBay,AUCTION,ok,0,https://www.ebay.com/itm/306187621762
62884045-3877-49a6-9fc8-e6a9ee39e006,2023-11-25,70,eBay,BUY_IT_NOW,ok,0,https://www.ebay.com/itm/PSA-10-2009-Japanese-Pokemon-Jigglypuff-051-070-Reverse-Holo-Soul-Silver-1st-ED-/276191128771
6272f539-0b76-454d-9152-c91e0ea47bf7,2026-09-13,275,eBay,BEST_OFFER,ok,0,https://www.ebay.com/itm/227495270283
6272f539-0b76-454d-9152-c91e0ea47bf7,2026-09-07,300,eBay,BEST_OFFER,ok,0,https://www.ebay.com/itm/298651681576
6272f539-0b76-454d-9152-c91e0ea47bf7,2026-09-07,275,eBay,BEST_OFFER,ok,0,https://www.ebay.com/itm/128044348491
6272f539-0b76-454d-9152-c91e0ea47bf7,2026-08-30,270,PWCC Fixed Price,BEST_OFFER,ok,0,https://www.fanaticscollect.com/buy-now/ba7e2c6d-e59d-422a-b5d4-e078f55f005e
6272f539-0b76-454d-9152-c91e0ea47bf7,2026-08-21,316,eBay,AUCTION,ok,0,https://www.ebay.com/itm/327319618123
6272f539-0b76-454d-9152-c91e0ea47bf7,2026-08-18,247.5,eBay,AUCTION,ok,0,https://www.ebay.com/itm/307118337351
6272f539-0b76-454d-9152-c91e0ea47bf7,2026-08-16,298.97,eBay,BEST_OFFER,ok,0,https://www.ebay.com/itm/267748843473
6272f539-0b76-454d-9152-c91e0ea47bf7,2026-08-11,275,eBay,BEST_OFFER,ok,0,https://www.ebay.com/itm/298565428248
6272f539-0b76-454d-9152-c91e0ea47bf7,2026-08-09,223.95,eBay,AUCTION,ok,0,https://www.ebay.com/itm/128007229766
6272f539-0b76-454d-9152-c91e0ea47bf7,2026-08-03,350,eBay,BUY_IT_NOW,ok,0,https://www.ebay.com/itm/298450774660
622b8369-25d1-4031-9e16-a6f8dda57ef9,2026-06-28,39.99,eBay,BUY_IT_NOW,ok,0,https://www.ebay.com/itm/176405151563
622b8369-25d1-4031-9e16-a6f8dda57ef9,2026-05-01,42,eBay,BEST_OFFER,ok,0,https://www.ebay.com/itm/389504991898
622b8369-25d1-4031-9e16-a6f8dda57ef9,2025-11-25,58.32,eBay,BEST_OFFER,ok,0,https://www.ebay.com/itm/186269780172
622b8369-25d1-4031-9e16-a6f8dda57ef9,2025-08-14,34.99,eBay,BUY_IT_NOW,ok,0,https://www.ebay.com/itm/316669609569
622b8369-25d1-4031-9e16-a6f8dda57ef9,2025-08-14,29.99,eBay,BEST_OFFER,ok,0,https://www.ebay.com/itm/176431076304
622b8369-25d1-4031-9e16-a6f8dda57ef9,2025-07-06,31.2,PWCC Weekly Auctions,AUCTION,ok,0,https://www.fanaticscollect.com/weekly/fd409518-5130-11f0-8998-06abb2d2c747
622b8369-25d1-4031-9e16-a6f8dda57ef9,2025-05-22,21.5,eBay,AUCTION,ok,0,https://www.ebay.com/itm/365598249631
622b8369-25d1-4031-9e16-a6f8dda57ef9,2025-05-15,29.99,eBay,BUY_IT_NOW,ok,0,https://www.ebay.com/itm/256816925066
622b8369-25d1-4031-9e16-a6f8dda57ef9,2025-04-13,25,eBay,AUCTION,ok,0,https://www.ebay.com/itm/205408578692
622b8369-25d1-4031-9e16-a6f8dda57ef9,2025-03-23,34.98,eBay,BUY_IT_NOW,ok,0,https://www.ebay.com/itm/285660121148
6255b96b-e7ca-441c-bbe7-317a29f32042,2026-04-19,114.12,eBay,AUCTION,ok,0,https://www.ebay.com/itm/287261824125
6255b96b-e7ca-441c-bbe7-317a29f32042,2026-02-15,85.45,eBay,AUCTION,ok,0,https://www.ebay.com/itm/287121837426
6255b96b-e7ca-441c-bbe7-317a29f32042,2024-11-10,38.16,eBay,AUCTION,ok,0,https://www.ebay.com/itm/Pokemon-PIKACHU-VMAX-TG29-TG30-Origine-Perduta-GEM-MT-PSA-10-ITALIANO-/286137573153
6255b96b-e7ca-441c-bbe7-317a29f32042,2024-06-26,83.47,eBay,AUCTION,ok,0,https://www.ebay.com/itm/PSA-10-ITA-Pokemon-Origine-Perduta-Pikachu-V-Max-TG29-TG30-NO-CHARIZARD-/305630098703
6255b96b-e7ca-441c-bbe7-317a29f32042,2024-01-22,33,eBay,AUCTION,ok,0,https://www.ebay.com/itm/PIKACHU-VMAX-2022-POKEMON-LOST-ORIGIN-HOLO-RARE-FULL-ART-PSA-10-Q0847-/276286791073
62b3f266-5835-4edd-b038-79ac0111ce0e,2026-05-17,34.99,eBay,BUY_IT_NOW,ok,0,https://www.ebay.com/itm/318304162930
62b3f266-5835-4edd-b038-79ac0111ce0e,2024-01-29,22.27,eBay,AUCTION,ok,0,https://www.ebay.com/itm/Pokemon-PSA-GEM-MINT-10-Kyogre-CHINESE-25th-Anniversary-Collection-Pokemon-/204623292308
627b1967-4035-4f06-bd64-a4ad342e0bb7,2026-08-15,77.78,CardHobby,AUCTION,ok,0,https://www.cardhobby.com/#/carddetails/129006996
627b1967-4035-4f06-bd64-a4ad342e0bb7,2026-03-17,66.89,eBay,BUY_IT_NOW,ok,0,https://www.ebay.com/itm/298046195235
627b1967-4035-4f06-bd64-a4ad342e0bb7,2025-10-16,46,eBay,AUCTION,ok,0,https://www.ebay.com/itm/365912745274
627b1967-4035-4f06-bd64-a4ad342e0bb7,2024-07-25,20,eBay,BEST_OFFER,ok,0,https://www.ebay.com/itm/Pokemon-2023-Reshiram-Charizard-GX-001-150-CHINESE-CSM2c-PSA-10-GEM-MT-55-/266921117101
627b1967-4035-4f06-bd64-a4ad342e0bb7,2024-03-07,20,eBay,AUCTION,ok,0,https://www.ebay.com/itm/Pokemon-Reshiram-Charizard-GX-002-186-PSA-10-Double-Burst-Set-B-Chinese-/186328213439
62d94f8d-2e3d-4994-a1ee-1b5178452cd0,2026-09-07,399.99,eBay,BUY_IT_NOW,ok,0,https://www.ebay.com/itm/117401460803
62d94f8d-2e3d-4994-a1ee-1b5178452cd0,2026-06-23,399.99,eBay,BUY_IT_NOW,ok,0,https://www.ebay.com/itm/117225782273
62d94f8d-2e3d-4994-a1ee-1b5178452cd0,2024-03-15,10.2,eBay,AUCTION,ok,0,https://www.ebay.com/itm/PSA-10-Pokemon-Morpeko-SWSH116-SWSH-Promo-POP-2-/305439827622
628ba206-8e5e-45a2-a35c-29d3fa674094,2026-06-25,7499,eBay,AUCTION,NOT_PAID,0,https://www.ebay.com/itm/127936493492
628ba206-8e5e-45a2-a35c-29d3fa674094,2025-12-28,8100,eBay,AUCTION,ok,0,https://www.ebay.com/itm/287020845644
628ba206-8e5e-45a2-a35c-29d3fa674094,2025-08-26,4999.99,eBay,BEST_OFFER,ok,0,https://www.ebay.com/itm/326746124212
628ba206-8e5e-45a2-a35c-29d3fa674094,2024-03-20,149.99,eBay,AUCTION,ok,0,https://www.ebay.com/itm/PSA-10-GEM-MINT-Gengar-27-130-RARE-Diamond-Pearl-Pokemon-Card-2007-/126387999378
627c5175-42d6-41d3-b0f2-d7e70978db16,2025-11-17,20,eBay,AUCTION,ok,0,https://www.ebay.com/itm/127487746078
627c5175-42d6-41d3-b0f2-d7e70978db16,2024-08-18,13.2,PWCC Weekly Auctions,AUCTION,ok,0,https://www.fanaticscollect.com/weekly/cd51bee4-58f3-11ef-8989-0a58a9feac02
627c5175-42d6-41d3-b0f2-d7e70978db16,2024-08-18,13.2,PWCC Weekly Auctions,AUCTION,ok,0,https://www.fanaticscollect.com/weekly/cd24f896-58f3-11ef-8a0c-0a58a9feac02
627c5175-42d6-41d3-b0f2-d7e70978db16,2024-06-22,15,eBay,BUY_IT_NOW,ok,0,https://www.ebay.com/itm/Ting-Lu-ex-RR-113-190-sv4a-Shiny-Treasure-Japanese-Pokemon-Card-PSA-10-Gem-Mint-/266734715836
627c5175-42d6-41d3-b0f2-d7e70978db16,2024-04-22,7.19,eBay,AUCTION,ok,0,https://www.ebay.com/itm/2023-Pokemon-Japanese-SV4a-Scarlet-Violet-Ting-Lu-ex-113-PSA-10-GEM-MINT-91-/375379559899
629a7c5f-517f-44eb-9895-981094c2beb9,2025-10-26,222,PWCC Weekly Auctions,AUCTION,ok,0,https://www.fanaticscollect.com/weekly/700f9c4c-a537-11f0-a3aa-02360c279fd7
629a7c5f-517f-44eb-9895-981094c2beb9,2024-10-28,400,eBay,AUCTION,ok,0,https://www.ebay.com/itm/1997-POCKET-MONSTERS-SEALDASS-SER-2-026-RAICHU-PRISM-PSA-10-/305838159135
629a7c5f-517f-44eb-9895-981094c2beb9,2024-05-19,516,PWCC Weekly Auctions,AUCTION,ok,0,https://www.fanaticscollect.com/weekly/af47f3c6-0f44-11ef-8c77-023be61d2467
6290d24a-ce4c-4169-b0bc-86d25347db39,2025-03-06,355.5,eBay,AUCTION,ok,0,https://www.ebay.com/itm/316397477617
6290d24a-ce4c-4169-b0bc-86d25347db39,2024-06-11,550,eBay,BEST_OFFER,ok,0,https://www.ebay.com/itm/PSA-10-Call-Legends-Palkia-2011-Pokemon-/164792182888
62a719ae-5305-449c-9212-faa76e024cdb,2026-09-14,139.19,eBay,BUY_IT_NOW,ok,0,https://www.ebay.com/itm/298333087291
62a719ae-5305-449c-9212-faa76e024cdb,2026-08-21,95,eBay,AUCTION,ok,0,https://www.ebay.com/itm/117358250740
62a719ae-5305-449c-9212-faa76e024cdb,2026-07-18,68.16,CardHobby,AUCTION,ok,0,https://www.cardhobby.com/#/carddetails/122935218
62a719ae-5305-449c-9212-faa76e024cdb,2026-07-18,66.28,CardHobby,AUCTION,ok,0,https://www.cardhobby.com/#/carddetails/122931503
62a719ae-5305-449c-9212-faa76e024cdb,2026-07-11,136.99,eBay,BUY_IT_NOW,ok,0,https://www.ebay.com/itm/298333085665
62a719ae-5305-449c-9212-faa76e024cdb,2026-07-05,64,CardHobby,AUCTION,ok,0,https://www.cardhobby.com/#/carddetails/120318377
62a719ae-5305-449c-9212-faa76e024cdb,2026-06-27,63.8,CardHobby,AUCTION,ok,0,https://www.cardhobby.com/#/carddetails/119420218
62a719ae-5305-449c-9212-faa76e024cdb,2026-05-17,94.16,eBay,AUCTION,ok,0,https://www.ebay.com/itm/287312957487
62a719ae-5305-449c-9212-faa76e024cdb,2026-05-14,99.99,eBay,BUY_IT_NOW,ok,0,https://www.ebay.com/itm/406598507395
62a719ae-5305-449c-9212-faa76e024cdb,2026-05-10,75,eBay,BEST_OFFER,ok,0,https://www.ebay.com/itm/318201889737
62fcca1d-4032-40cf-8295-aeea4609eeeb,2026-09-10,99,eBay,AUCTION,ok,0,https://www.ebay.com/itm/158244566668
62fcca1d-4032-40cf-8295-aeea4609eeeb,2026-08-14,100,eBay,AUCTION,ok,0,https://www.ebay.com/itm/158155228927
62fcca1d-4032-40cf-8295-aeea4609eeeb,2026-07-23,129.98,eBay,BUY_IT_NOW,ok,0,https://www.ebay.com/itm/158042275189
62fcca1d-4032-40cf-8295-aeea4609eeeb,2026-07-15,100,eBay,BEST_OFFER,ok,0,https://www.ebay.com/itm/227423461576
62fcca1d-4032-40cf-8295-aeea4609eeeb,2026-07-05,108.5,eBay,AUCTION,ok,0,https://www.ebay.com/itm/287424610930
62fcca1d-4032-40cf-8295-aeea4609eeeb,2026-07-02,110,eBay,BEST_OFFER,ok,0,https://www.ebay.com/itm/188564527537
62fcca1d-4032-40cf-8295-aeea4609eeeb,2026-06-27,149.99,eBay,BUY_IT_NOW,ok,0,https://www.ebay.com/itm/406990015989
62fcca1d-4032-40cf-8295-aeea4609eeeb,2026-06-22,110,eBay,BEST_OFFER,ok,0,https://www.ebay.com/itm/398092597374
62fcca1d-4032-40cf-8295-aeea4609eeeb,2026-06-12,109.99,eBay,BUY_IT_NOW,ok,0,https://www.ebay.com/itm/168453135830
62fcca1d-4032-40cf-8295-aeea4609eeeb,2026-06-03,110,eBay,BEST_OFFER,ok,0,https://www.ebay.com/itm/147350556451
62143410-afeb-4c09-b26f-c559054baa7f,2026-09-19,40.32,eBay,AUCTION,ok,0,https://www.ebay.com/itm/168688186266
62143410-afeb-4c09-b26f-c559054baa7f,2026-09-12,81,eBay,BUY_IT_NOW,ok,0,https://www.ebay.com/itm/307132725650
62143410-afeb-4c09-b26f-c559054baa7f,2026-09-08,70,eBay,BEST_OFFER,ok,0,https://www.ebay.com/itm/178456858175
62143410-afeb-4c09-b26f-c559054baa7f,2026-08-27,80,eBay,BUY_IT_NOW,ok,0,https://www.ebay.com/itm/298604035141
62143410-afeb-4c09-b26f-c559054baa7f,2026-08-26,56,eBay,AUCTION,ok,0,https://www.ebay.com/itm/307134426033
62143410-afeb-4c09-b26f-c559054baa7f,2026-08-26,40,eBay,BEST_OFFER,ok,0,https://www.ebay.com/itm/820048569760
62143410-afeb-4c09-b26f-c559054baa7f,2026-08-18,49.99,eBay,BEST_OFFER,ok,0,https://www.ebay.com/itm/327304437393
62143410-afeb-4c09-b26f-c559054baa7f,2026-08-12,65,eBay,BUY_IT_NOW,ok,0,https://www.ebay.com/itm/278271038381
62143410-afeb-4c09-b26f-c559054baa7f,2026-08-07,61,eBay,AUCTION,ok,0,https://www.ebay.com/itm/236975222326
62143410-afeb-4c09-b26f-c559054baa7f,2026-08-04,71,eBay,AUCTION,ok,0,https://www.ebay.com/itm/117326027843
6227b653-ee86-4604-81aa-6a059cd1f97b,2026-09-19,40,eBay,BEST_OFFER,ok,0,https://www.ebay.com/itm/198616531028
6227b653-ee86-4604-81aa-6a059cd1f97b,2026-09-16,30,eBay,AUCTION,ok,0,https://www.ebay.com/itm/206547063357
6227b653-ee86-4604-81aa-6a059cd1f97b,2026-09-07,56.87,CardHobby,AUCTION,ok,0,https://www.cardhobby.com/#/carddetails/132925920
6227b653-ee86-4604-81aa-6a059cd1f97b,2026-09-06,50,eBay,BEST_OFFER,ok,0,https://www.ebay.com/itm/298619884216
6227b653-ee86-4604-81aa-6a059cd1f97b,2026-08-23,34,eBay,AUCTION,ok,0,https://www.ebay.com/itm/287536732599
6227b653-ee86-4604-81aa-6a059cd1f97b,2026-08-14,46,eBay,AUCTION,ok,0,https://www.ebay.com/itm/298548245147
6227b653-ee86-4604-81aa-6a059cd1f97b,2026-08-11,52.08,eBay,AUCTION,ok,0,https://www.ebay.com/itm/117338974400
6227b653-ee86-4604-81aa-6a059cd1f97b,2026-08-08,64.99,eBay,BUY_IT_NOW,ok,0,https://www.ebay.com/itm/236833745252
6227b653-ee86-4604-81aa-6a059cd1f97b,2026-08-06,62.87,CardHobby,AUCTION,ok,0,https://www.cardhobby.com/#/carddetails/126896544
6227b653-ee86-4604-81aa-6a059cd1f97b,2026-08-02,62.71,CardHobby,AUCTION,ok,0,https://www.cardhobby.com/#/carddetails/126344452
6202865b-3298-4fe2-a93b-2d45f30831bf,2026-09-09,4880,Goldin Auctions,AUCTION,ok,0,https://goldin.co/item/2011-pokemon-call-of-legends-holo-8-hitmontop-psa-gem-mt-10z76ze
6202865b-3298-4fe2-a93b-2d45f30831bf,2026-08-16,3499.99,eBay,BUY_IT_NOW,ok,0,https://www.ebay.com/itm/267741807034
6202865b-3298-4fe2-a93b-2d45f30831bf,2026-06-04,2000,eBay,BEST_OFFER,ok,0,https://www.ebay.com/itm/406824355966
6202865b-3298-4fe2-a93b-2d45f30831bf,2026-01-28,844.22,eBay,BUY_IT_NOW,ok,0,https://www.ebay.com/itm/336411136255
6202865b-3298-4fe2-a93b-2d45f30831bf,2025-10-30,384,eBay,AUCTION,ok,0,https://www.ebay.com/itm/317403054858
6202865b-3298-4fe2-a93b-2d45f30831bf,2025-10-09,560,eBay,AUCTION,ok,0,https://www.ebay.com/itm/317358702966
6202865b-3298-4fe2-a93b-2d45f30831bf,2025-07-13,207.5,eBay,AUCTION,ok,0,https://www.ebay.com/itm/286689935019
6202865b-3298-4fe2-a93b-2d45f30831bf,2025-06-08,138,PWCC Weekly Auctions,AUCTION,ok,0,https://www.fanaticscollect.com/weekly/bdc13b08-3fb6-11f0-ba59-0a58a9feac02
6202865b-3298-4fe2-a93b-2d45f30831bf,2025-01-12,68.49,eBay,AUCTION,ok,0,https://www.ebay.com/itm/PSA-10-Hitmontop-Holo-Rare-Call-Legends-8-95-Pokemon-Card-/286247466015
6202865b-3298-4fe2-a93b-2d45f30831bf,2024-12-15,179,eBay,BEST_OFFER,ok,0,https://www.ebay.com/itm/Pokemon-Call-Legends-PSA-10-Hitmontop-8-95-Holo-GEM-MINT-/356377102957
620a517b-caef-41c0-90e3-5e0048e26efa,2026-08-23,129.05,eBay,AUCTION,ok,0,https://www.ebay.com/itm/117353757081
620a517b-caef-41c0-90e3-5e0048e26efa,2024-11-03,17.5,eBay,AUCTION,ok,0,https://www.ebay.com/itm/PSA-10-Clamperl-Pokemon-2004-Ex-Hidden-Legends-58-/387546590248
620a517b-caef-41c0-90e3-5e0048e26efa,2024-11-03,11.5,eBay,AUCTION,ok,0,https://www.ebay.com/itm/PSA-10-Clamperl-Pokemon-2004-Ex-Hidden-Legends-58-/387546586802
62891b8a-61f2-448f-8306-9591270f7092,2026-09-20,222,PWCC Weekly Auctions,AUCTION,ok,0,https://www.fanaticscollect.com/weekly/7732369c-abd0-11f1-9610-06ba3beda0cf
62891b8a-61f2-448f-8306-9591270f7092,2026-09-14,319.17,eBay,AUCTION,ok,0,https://www.ebay.com/itm/128067474130
62891b8a-61f2-448f-8306-9591270f7092,2026-09-08,319,eBay,BEST_OFFER,ok,0,https://www.ebay.com/itm/358814352327
62891b8a-61f2-448f-8306-9591270f7092,2026-09-06,249.49,eBay,AUCTION,ok,0,https://www.ebay.com/itm/128052483497
62891b8a-61f2-448f-8306-9591270f7092,2026-08-25,225,eBay,BEST_OFFER,ok,0,https://www.ebay.com/itm/298608933522
62891b8a-61f2-448f-8306-9591270f7092,2026-08-07,325,eBay,BUY_IT_NOW,ok,0,https://www.ebay.com/itm/227444128792
62891b8a-61f2-448f-8306-9591270f7092,2026-08-06,325,eBay,BUY_IT_NOW,ok,0,https://www.ebay.com/itm/318659245516
62891b8a-61f2-448f-8306-9591270f7092,2026-08-04,350,eBay,BEST_OFFER,ok,0,https://www.ebay.com/itm/307093178168
62891b8a-61f2-448f-8306-9591270f7092,2026-07-25,339.96,eBay,BUY_IT_NOW,ok,0,https://www.ebay.com/itm/398211066554
62891b8a-61f2-448f-8306-9591270f7092,2026-07-05,320,eBay,BEST_OFFER,ok,0,https://www.ebay.com/itm/298479102166
622ea130-6c65-4252-aa11-f10e930137c6,2026-04-26,213.34,eBay,AUCTION,ok,0,https://www.ebay.com/itm/137225595562
622ea130-6c65-4252-aa11-f10e930137c6,2025-10-05,178.48,eBay,AUCTION,ok,0,https://www.ebay.com/itm/136503997329
622ea130-6c65-4252-aa11-f10e930137c6,2025-08-03,130.93,eBay,AUCTION,ok,0,https://www.ebay.com/itm/136174713645
62663c0c-d6ca-4cc9-9945-e8b0ea6ba226,2026-09-10,58,eBay,AUCTION,ok,0,https://www.ebay.com/itm/318851069966
62663c0c-d6ca-4cc9-9945-e8b0ea6ba226,2026-09-04,73,eBay,AUCTION,ok,0,https://www.ebay.com/itm/307149870714
62663c0c-d6ca-4cc9-9945-e8b0ea6ba226,2026-08-29,94.99,eBay,BEST_OFFER,ok,0,https://www.ebay.com/itm/237024391461
62663c0c-d6ca-4cc9-9945-e8b0ea6ba226,2026-08-22,72,eBay,AUCTION,ok,0,https://www.ebay.com/itm/298580314635
62663c0c-d6ca-4cc9-9945-e8b0ea6ba226,2026-08-12,74.99,eBay,BEST_OFFER,ok,0,https://www.ebay.com/itm/267752164750
62663c0c-d6ca-4cc9-9945-e8b0ea6ba226,2026-08-12,42.52,CardHobby,AUCTION,ok,0,https://www.cardhobby.com/#/carddetails/127093776
62663c0c-d6ca-4cc9-9945-e8b0ea6ba226,2026-08-08,36.34,CardHobby,AUCTION,ok,0,https://www.cardhobby.com/#/carddetails/127271717
62663c0c-d6ca-4cc9-9945-e8b0ea6ba226,2026-08-06,79.95,eBay,BUY_IT_NOW,ok,0,https://www.ebay.com/itm/298541466954
62663c0c-d6ca-4cc9-9945-e8b0ea6ba226,2026-08-05,69.24,eBay,BUY_IT_NOW,ok,0,https://www.ebay.com/itm/407111281086
62663c0c-d6ca-4cc9-9945-e8b0ea6ba226,2026-07-06,69.99,eBay,BEST_OFFER,ok,0,https://www.ebay.com/itm/257539077037
628c480f-8006-43e7-83e4-6b5495b0f481,2026-09-21,130,eBay,BEST_OFFER,ok,0,https://www.ebay.com/itm/227526690325
628c480f-8006-43e7-83e4-6b5495b0f481,2026-09-08,110,eBay,BUY_IT_NOW,ok,0,https://www.ebay.com/itm/398312779455
628c480f-8006-43e7-83e4-6b5495b0f481,2026-09-01,110,eBay,BEST_OFFER,ok,0,https://www.ebay.com/itm/227499908577
628c480f-8006-43e7-83e4-6b5495b0f481,2026-08-23,72.99,eBay,AUCTION,ok,0,https://www.ebay.com/itm/298583123493
628c480f-8006-43e7-83e4-6b5495b0f481,2026-08-20,132.5,eBay,AUCTION,ok,0,https://www.ebay.com/itm/298583123645
628c480f-8006-43e7-83e4-6b5495b0f481,2026-08-19,153,eBay,BEST_OFFER,ok,0,https://www.ebay.com/itm/377406803191
628c480f-8006-43e7-83e4-6b5495b0f481,2026-08-18,169,eBay,BEST_OFFER,ok,0,https://www.ebay.com/itm/158100333750
628c480f-8006-43e7-83e4-6b5495b0f481,2026-08-16,144,eBay,AUCTION,ok,0,https://www.ebay.com/itm/307109153736
628c480f-8006-43e7-83e4-6b5495b0f481,2026-08-13,130,eBay,BEST_OFFER,ok,0,https://www.ebay.com/itm/128024985104
628c480f-8006-43e7-83e4-6b5495b0f481,2026-08-13,80,eBay,AUCTION,ok,0,https://www.ebay.com/itm/137600344253
629a963a-5f74-44e6-91f3-eda1eec7f1a3,2026-05-12,59,eBay,BUY_IT_NOW,ok,0,https://www.ebay.com/itm/306839895972
629a963a-5f74-44e6-91f3-eda1eec7f1a3,2025-09-13,32,eBay,AUCTION,ok,0,https://www.ebay.com/itm/236310305776
627ac4c1-4f91-41ed-babd-295d66841350,2026-09-06,34.25,eBay,AUCTION,ok,0,https://www.ebay.com/itm/137680078076
627ac4c1-4f91-41ed-babd-295d66841350,2025-10-02,110,eBay,BEST_OFFER,ok,0,https://www.ebay.com/itm/306378646776
627d5649-dba0-4aeb-8110-2f76c60c1b76,2026-09-19,128.5,eBay,AUCTION,ok,0,https://www.ebay.com/itm/298664460462
627d5649-dba0-4aeb-8110-2f76c60c1b76,2026-09-19,120.5,eBay,AUCTION,ok,0,https://www.ebay.com/itm/307173952434
627d5649-dba0-4aeb-8110-2f76c60c1b76,2026-09-19,107.5,eBay,AUCTION,ok,0,https://www.ebay.com/itm/298664460595
627d5649-dba0-4aeb-8110-2f76c60c1b76,2026-09-19,102.5,eBay,AUCTION,ok,0,https://www.ebay.com/itm/407217285824
627d5649-dba0-4aeb-8110-2f76c60c1b76,2026-09-19,92,eBay,AUCTION,ok,0,https://www.ebay.com/itm/307173952396
627d5649-dba0-4aeb-8110-2f76c60c1b76,2026-09-18,153.5,eBay,AUCTION,ok,0,https://www.ebay.com/itm/117402346195
627d5649-dba0-4aeb-8110-2f76c60c1b76,2026-09-18,140.01,eBay,AUCTION,ok,0,https://www.ebay.com/itm/298677419827
627d5649-dba0-4aeb-8110-2f76c60c1b76,2026-09-18,122.5,eBay,AUCTION,ok,0,https://www.ebay.com/itm/307172683437
627d5649-dba0-4aeb-8110-2f76c60c1b76,2026-09-18,120.5,eBay,AUCTION,ok,0,https://www.ebay.com/itm/307172088801
627d5649-dba0-4aeb-8110-2f76c60c1b76,2026-09-17,200,eBay,BEST_OFFER,ok,0,https://www.ebay.com/itm/327294674142
62962040-46ef-4c67-855f-8efdb00dd7f7,2025-10-26,49.99,eBay,BUY_IT_NOW,ok,0,https://www.ebay.com/itm/177469993576
628aa312-50a5-4b03-b585-eb3dc576784e,2026-09-19,94,eBay,AUCTION,ok,0,https://www.ebay.com/itm/257750515001
628aa312-50a5-4b03-b585-eb3dc576784e,2026-09-19,84.95,eBay,BUY_IT_NOW,ok,0,https://www.ebay.com/itm/287595331712
628aa312-50a5-4b03-b585-eb3dc576784e,2026-09-19,81,eBay,AUCTION,ok,0,https://www.ebay.com/itm/298664321255
628aa312-50a5-4b03-b585-eb3dc576784e,2026-09-19,80.79,eBay,AUCTION,ok,0,https://www.ebay.com/itm/206551244475
628aa312-50a5-4b03-b585-eb3dc576784e,2026-09-19,80,eBay,AUCTION,ok,0,https://www.ebay.com/itm/128076485605
628aa312-50a5-4b03-b585-eb3dc576784e,2026-09-19,80,eBay,AUCTION,ok,0,https://www.ebay.com/itm/117403272783
628aa312-50a5-4b03-b585-eb3dc576784e,2026-09-19,75,eBay,BUY_IT_NOW,ok,0,https://www.ebay.com/itm/800685774582
628aa312-50a5-4b03-b585-eb3dc576784e,2026-09-19,75,eBay,AUCTION,ok,0,https://www.ebay.com/itm/117408168872
628aa312-50a5-4b03-b585-eb3dc576784e,2026-09-19,71,eBay,AUCTION,ok,0,https://www.ebay.com/itm/117408168860
628aa312-50a5-4b03-b585-eb3dc576784e,2026-09-18,85,eBay,BUY_IT_NOW,ok,0,https://www.ebay.com/itm/227523956517
62fa2586-faa7-49a5-80e0-b989b1749c6a,2026-01-10,25,eBay,BEST_OFFER,ok,0,https://www.ebay.com/itm/358096595869
623564fe-d334-4f40-9a48-c6586e67cb00,2026-02-20,59.99,eBay,BUY_IT_NOW,ok,0,https://www.ebay.com/itm/298051170741
62efcb93-5307-4cdb-a22f-091f878d7990,2026-09-16,23.8,eBay,AUCTION,ok,0,https://www.ebay.com/itm/137718723881
62efcb93-5307-4cdb-a22f-091f878d7990,2026-07-31,35,PWCC Fixed Price,BEST_OFFER,ok,0,https://www.fanaticscollect.com/buy-now/9c64336e-697a-45b0-861a-0260da91aeac
62efcb93-5307-4cdb-a22f-091f878d7990,2026-05-02,32,eBay,AUCTION,ok,0,https://www.ebay.com/itm/298259869734
62efcb93-5307-4cdb-a22f-091f878d7990,2026-05-02,31.11,eBay,AUCTION,ok,0,https://www.ebay.com/itm/117160903891
62efcb93-5307-4cdb-a22f-091f878d7990,2026-05-02,31,eBay,AUCTION,ok,0,https://www.ebay.com/itm/117160903899
62efcb93-5307-4cdb-a22f-091f878d7990,2026-05-02,29,eBay,AUCTION,ok,0,https://www.ebay.com/itm/117160903917
62efcb93-5307-4cdb-a22f-091f878d7990,2026-04-21,198,eBay,AUCTION,ok,0,https://www.ebay.com/itm/306879139219
62b4882a-dd4b-4736-aecd-1db0ca37ee25,2026-05-10,99.99,eBay,BEST_OFFER,ok,0,https://www.ebay.com/itm/117184143344
62c1967d-5e80-4a07-8a30-b4a938379e7f,2026-07-29,100,eBay,BEST_OFFER,ok,0,https://www.ebay.com/itm/377376981633
62c1967d-5e80-4a07-8a30-b4a938379e7f,2026-05-10,132.5,eBay,AUCTION,ok,0,https://www.ebay.com/itm/188352160397
62ab0118-8433-4cee-a55e-5c256c1f6b3b,2026-09-06,165.66,eBay,AUCTION,ok,0,https://www.ebay.com/itm/137658594131
62ab0118-8433-4cee-a55e-5c256c1f6b3b,2026-06-07,232.01,eBay,AUCTION,ok,0,https://www.ebay.com/itm/137350262379
62ab0118-8433-4cee-a55e-5c256c1f6b3b,2026-05-24,214.66,eBay,AUCTION,ok,0,https://www.ebay.com/itm/137300798518
620a4fef-8616-4894-af6e-9bb50f97bd3b,2026-06-24,15,eBay,BUY_IT_NOW,ok,0,https://www.ebay.com/itm/168413349427
623c0a19-d945-41b4-b7b4-b55a06aeaf2a,2026-06-28,99,eBay,AUCTION,ok,0,https://www.ebay.com/itm/158016379228
6289b189-5939-4cec-9a35-4327b1ef3290,2026-08-27,84.99,eBay,BUY_IT_NOW,ok,0,https://www.ebay.com/itm/307149677348
6289b189-5939-4cec-9a35-4327b1ef3290,2026-08-15,92,eBay,AUCTION,ok,0,https://www.ebay.com/itm/117341257354
6289b189-5939-4cec-9a35-4327b1ef3290,2026-08-10,90,eBay,AUCTION,ok,0,https://www.ebay.com/itm/307089529380
6289b189-5939-4cec-9a35-4327b1ef3290,2026-07-07,74.99,eBay,BUY_IT_NOW,ok,0,https://www.ebay.com/itm/298487580922
6289dc14-5b96-4cf9-b59e-6cd8a63c4937,2026-07-17,81.01,eBay,AUCTION,ok,0,https://www.ebay.com/itm/307053276724
623e3907-273d-402a-89ac-b4b51c37c081,2026-09-13,86,eBay,AUCTION,ok,0,https://www.ebay.com/itm/307160664677
623e3907-273d-402a-89ac-b4b51c37c081,2026-08-04,275,eBay,BUY_IT_NOW,ok,0,https://www.ebay.com/itm/236941065832
62863f7e-ff8b-4fcf-824b-52b17f6793e8,2026-08-21,367.86,eBay,BEST_OFFER,ok,0,https://www.ebay.com/itm/318652952247
6258343e-6e84-4b9e-9b82-89dc1ef3d871,2026-08-30,4080,PWCC Weekly Auctions,AUCTION,ok,0,https://www.fanaticscollect.com/weekly/319c1eec-9c24-11f1-ac21-0a2e055cda29
