asset_id,date,price,source,sale_type,status,outlier,url
92c117d6-8b88-4bfa-afb1-e39857ac726d,2025-10-30,35,eBay,BEST_OFFER,ok,0,https://www.ebay.com/itm/406332311665
92c117d6-8b88-4bfa-afb1-e39857ac726d,2025-07-30,40,eBay,BUY_IT_NOW,ok,0,https://www.ebay.com/itm/286691153348
92c117d6-8b88-4bfa-afb1-e39857ac726d,2024-04-25,50,eBay,BUY_IT_NOW,ok,0,https://www.ebay.com/itm/2019-Pokemon-Sun-Moon-Team-Up-Charmeleon-13-Reverse-Holo-PSA-10-Gem-Mint-/225972151060
92c117d6-8b88-4bfa-afb1-e39857ac726d,2023-03-14,19.45,eBay,AUCTION,ok,0,https://www.ebay.com/itm/2019-Pokemon-CHARMELEON-13-181-Reverse-Foil-Team-Up-Set-Gem-Mint-PSA-10-/256006940130
92c117d6-8b88-4bfa-afb1-e39857ac726d,2022-09-21,23.5,eBay,AUCTION,ok,0,https://www.ebay.com/itm/2019-Pokemon-Sun-Moon-Team-Up-Charmeleon-Reverse-Foil-PSA-10-Gem-Mint-13-/265886160768
92c117d6-8b88-4bfa-afb1-e39857ac726d,2022-07-24,45,eBay,BEST_OFFER,ok,0,https://www.ebay.com/itm/PSA-10-Charmeleon-Reverse-Holo-Team-Up-S-M-Pokemon-Card-13-/314075570214
92c117d6-8b88-4bfa-afb1-e39857ac726d,2022-07-10,21.6,PWCC Weekly Auctions,AUCTION,ok,0,https://www.fanaticscollect.com/weekly/2cf4e072-6f23-11ed-9739-0a58a9feac02
92c117d6-8b88-4bfa-afb1-e39857ac726d,2022-03-31,38,eBay,AUCTION,ok,0,https://www.ebay.com/itm/Pokemon-Card-Team-Up-Sun-Moon-Charmeleon-13-181-Reverse-Holo-PSA-10-/373990498044
92c117d6-8b88-4bfa-afb1-e39857ac726d,2022-01-05,40,eBay,BEST_OFFER,ok,0,https://www.ebay.com/itm/2019-Pokemon-Team-Up-Charmeleon-13-Reverse-Foil-Holo-PSA-10-GEM-MINT-/224683579582
92c117d6-8b88-4bfa-afb1-e39857ac726d,2021-09-22,35.06,eBay,AUCTION,ok,0,https://www.ebay.com/itm/pokemon-charmeleon-2019-Team-Up-Revese-Foil-PSA-GEM-MINT-10-/294411717485
92907875-751f-4b4a-8cde-b6c2b9530276,2026-03-15,75,eBay,BUY_IT_NOW,ok,0,https://www.ebay.com/itm/267104359910
92907875-751f-4b4a-8cde-b6c2b9530276,2025-08-31,17.51,eBay,AUCTION,ok,0,https://www.ebay.com/itm/226938173070
92907875-751f-4b4a-8cde-b6c2b9530276,2025-04-13,20,eBay,BEST_OFFER,ok,0,https://www.ebay.com/itm/388249517214
92907875-751f-4b4a-8cde-b6c2b9530276,2025-03-21,19.99,eBay,BEST_OFFER,ok,0,https://www.ebay.com/itm/376080456099
92907875-751f-4b4a-8cde-b6c2b9530276,2024-12-20,12,eBay,AUCTION,ok,0,https://www.ebay.com/itm/PTCG-Pokemon-PSA10-Rescue-Stretcher-Secret-Rare-2017-165-147-Burning-Shadows-ENG-/387726918361
92907875-751f-4b4a-8cde-b6c2b9530276,2024-12-08,16,eBay,AUCTION,ok,0,https://www.ebay.com/itm/2017-Pokemon-Rescue-Stretcher-PSA-10-Full-Art-SECRET-Burning-Shadows-165-147-SM-/326360753846
92907875-751f-4b4a-8cde-b6c2b9530276,2024-03-04,24.04,eBay,AUCTION,ok,0,https://www.ebay.com/itm/Sun-Moon-Burning-Shadows-Rescue-Stretcher-Full-Art-Pokemon-Card-Holo-PSA-10-/404822220358
92907875-751f-4b4a-8cde-b6c2b9530276,2024-02-03,24.5,eBay,AUCTION,ok,0,https://www.ebay.com/itm/Pokemon-TCG-2017-Burning-Shadows-Rescue-Stretcher-165-Gold-Holo-PSA-10-GEM-MT-/305376425142
92907875-751f-4b4a-8cde-b6c2b9530276,2024-01-19,13.5,eBay,AUCTION,ok,0,https://www.ebay.com/itm/2017-Pokemon-Burning-Shadows-Rescue-Stretcher-165-Secret-PSA-10-Gem-Mint-/325968280267
92907875-751f-4b4a-8cde-b6c2b9530276,2024-01-07,45,eBay,BEST_OFFER,ok,0,https://www.ebay.com/itm/Pokemon-TCG-Burning-Shadows-Rescue-Stretcher-165-147-Holo-Secret-Rare-PSA-10-/335153949277
92c28c48-2cce-4b36-b92c-ef9788e3cdbe,2026-08-09,409.92,Goldin Auctions,AUCTION,ok,0,https://goldin.co/item/2002-pokemon-japanese-expedition-1st-edition-holo-75-forretress-psa-geu35b6
92c28c48-2cce-4b36-b92c-ef9788e3cdbe,2026-08-02,999,PWCC Fixed Price,BEST_OFFER,ok,0,https://www.fanaticscollect.com/buy-now/6d3157d0-7910-4431-84b3-5d4860e6a5ec
92c28c48-2cce-4b36-b92c-ef9788e3cdbe,2026-07-12,440,eBay,AUCTION,ok,0,https://www.ebay.com/itm/287435736773
92c28c48-2cce-4b36-b92c-ef9788e3cdbe,2026-06-20,280.94,eBay,AUCTION,ok,0,https://www.ebay.com/itm/227387267382
92c28c48-2cce-4b36-b92c-ef9788e3cdbe,2026-06-19,410,eBay,AUCTION,ok,0,https://www.ebay.com/itm/306993212511
92c28c48-2cce-4b36-b92c-ef9788e3cdbe,2026-06-09,340,eBay,AUCTION,ok,0,https://www.ebay.com/itm/157968190776
92c28c48-2cce-4b36-b92c-ef9788e3cdbe,2026-05-31,303,eBay,AUCTION,ok,0,https://www.ebay.com/itm/377212654261
92c28c48-2cce-4b36-b92c-ef9788e3cdbe,2026-05-19,500,eBay,BEST_OFFER,ok,0,https://www.ebay.com/itm/117203541785
92c28c48-2cce-4b36-b92c-ef9788e3cdbe,2026-04-18,392.5,eBay,AUCTION,ok,0,https://www.ebay.com/itm/389887397683
92c28c48-2cce-4b36-b92c-ef9788e3cdbe,2026-04-18,305,eBay,AUCTION,ok,0,https://www.ebay.com/itm/389887514539
92a5be27-429c-4ad2-8d90-70d1b213694e,2026-09-14,570,eBay,BEST_OFFER,ok,0,https://www.ebay.com/itm/227514157608
92a5be27-429c-4ad2-8d90-70d1b213694e,2026-09-10,534.95,eBay,AUCTION,ok,0,https://www.ebay.com/itm/158250380756
92a5be27-429c-4ad2-8d90-70d1b213694e,2026-09-03,605,eBay,BEST_OFFER,ok,0,https://www.ebay.com/itm/188858185169
92a5be27-429c-4ad2-8d90-70d1b213694e,2026-08-31,600,eBay,BEST_OFFER,ok,0,https://www.ebay.com/itm/257696786931
92a5be27-429c-4ad2-8d90-70d1b213694e,2026-08-27,600,Alt,AUCTION,ok,0,https://alt.xyz/exchange/select-listing?ids=ff2c0682-3968-4e37-8e54-6750ab9ed9e9
92a5be27-429c-4ad2-8d90-70d1b213694e,2026-08-21,649.99,eBay,BUY_IT_NOW,ok,0,https://www.ebay.com/itm/188824243276
92a5be27-429c-4ad2-8d90-70d1b213694e,2026-08-04,620,eBay,BEST_OFFER,ok,0,https://www.ebay.com/itm/318551365635
92a5be27-429c-4ad2-8d90-70d1b213694e,2026-07-05,620,eBay,AUCTION,ok,0,https://www.ebay.com/itm/287424611790
92a5be27-429c-4ad2-8d90-70d1b213694e,2026-06-07,660,PWCC Weekly Auctions,AUCTION,ok,0,https://www.fanaticscollect.com/weekly/2683ada0-5880-11f1-941e-0a58a9feac02
92a5be27-429c-4ad2-8d90-70d1b213694e,2026-06-07,628.3,Goldin Auctions,AUCTION,ok,0,https://goldin.co/item/2018-pokemon-sun-moon-forbidden-light-secret-full-art-135-lucario-gx-pix15p
9299f333-5c8d-46ed-83ac-a3c2f51ad33e,2026-09-17,4964.4,Alt,AUCTION,PENDING,0,https://alt.xyz/exchange/select-listing?ids=1719ce60-4bf9-429f-b6c8-37fb741010e8
9299f333-5c8d-46ed-83ac-a3c2f51ad33e,2026-08-31,5511.77,eBay,AUCTION,ok,0,https://www.ebay.com/itm/377449519679
9299f333-5c8d-46ed-83ac-a3c2f51ad33e,2026-07-29,5701,eBay,AUCTION,ok,0,https://www.ebay.com/itm/800391460182
9299f333-5c8d-46ed-83ac-a3c2f51ad33e,2026-07-19,7000,eBay,BEST_OFFER,ok,0,https://www.ebay.com/itm/298489060179
9299f333-5c8d-46ed-83ac-a3c2f51ad33e,2026-07-03,5300,eBay,AUCTION,ok,0,https://www.ebay.com/itm/117268722555
9299f333-5c8d-46ed-83ac-a3c2f51ad33e,2026-06-21,8100,PWCC Weekly Auctions,AUCTION,ok,0,https://www.fanaticscollect.com/weekly/934866cc-64f3-11f1-8ae7-0a386f6269df
9299f333-5c8d-46ed-83ac-a3c2f51ad33e,2026-06-21,5998.98,eBay,BUY_IT_NOW,ok,0,https://www.ebay.com/itm/306959607620
9299f333-5c8d-46ed-83ac-a3c2f51ad33e,2026-05-17,5280,PWCC Weekly Auctions,AUCTION,ok,0,https://www.fanaticscollect.com/weekly/26d6b9ec-4ae7-11f1-9343-027004a3c7d9
9299f333-5c8d-46ed-83ac-a3c2f51ad33e,2026-04-18,5301,eBay,AUCTION,ok,0,https://www.ebay.com/itm/117134304219
9299f333-5c8d-46ed-83ac-a3c2f51ad33e,2026-04-12,5499.99,eBay,BUY_IT_NOW,ok,0,https://www.ebay.com/itm/178036213874
92ea5d1e-aadf-4c1e-b400-8acf4376fa0b,2026-09-04,152.5,eBay,AUCTION,ok,0,https://www.ebay.com/itm/267770186016
92ea5d1e-aadf-4c1e-b400-8acf4376fa0b,2026-06-11,179.99,eBay,AUCTION,ok,0,https://www.ebay.com/itm/127916158463
92ea5d1e-aadf-4c1e-b400-8acf4376fa0b,2026-05-31,222,PWCC Weekly Auctions,AUCTION,ok,0,https://www.fanaticscollect.com/weekly/aa0813cc-4f30-11f1-afff-0a58a9feac02
92ea5d1e-aadf-4c1e-b400-8acf4376fa0b,2026-04-04,40,eBay,BEST_OFFER,ok,0,https://www.ebay.com/itm/406828358599
92ea5d1e-aadf-4c1e-b400-8acf4376fa0b,2026-03-23,125,eBay,BUY_IT_NOW,ok,0,https://www.ebay.com/itm/136957632690
92ea5d1e-aadf-4c1e-b400-8acf4376fa0b,2026-03-12,138,eBay,BEST_OFFER,ok,0,https://www.ebay.com/itm/324519463859
92ea5d1e-aadf-4c1e-b400-8acf4376fa0b,2026-02-20,125,eBay,BEST_OFFER,ok,0,https://www.ebay.com/itm/304010673635
92ea5d1e-aadf-4c1e-b400-8acf4376fa0b,2026-02-17,35,eBay,BEST_OFFER,ok,0,https://www.ebay.com/itm/236639614153
92ea5d1e-aadf-4c1e-b400-8acf4376fa0b,2026-01-03,44,eBay,AUCTION,ok,0,https://www.ebay.com/itm/257290602267
92ea5d1e-aadf-4c1e-b400-8acf4376fa0b,2025-12-15,29,eBay,AUCTION,ok,0,https://www.ebay.com/itm/136821143025
922888d6-7e34-44c5-8bf8-ab3764f6f3f8,2026-09-04,137.5,eBay,AUCTION,ok,0,https://www.ebay.com/itm/188852741783
922888d6-7e34-44c5-8bf8-ab3764f6f3f8,2026-08-18,169,PWCC Fixed Price,BEST_OFFER,ok,0,https://www.fanaticscollect.com/buy-now/adb21e7c-c306-4d73-be41-bc378ffc6e62
922888d6-7e34-44c5-8bf8-ab3764f6f3f8,2026-08-01,225,eBay,BEST_OFFER,ok,0,https://www.ebay.com/itm/188704736605
922888d6-7e34-44c5-8bf8-ab3764f6f3f8,2026-05-24,108.75,eBay,BEST_OFFER,ok,0,https://www.ebay.com/itm/366421212810
922888d6-7e34-44c5-8bf8-ab3764f6f3f8,2026-05-15,85,eBay,BUY_IT_NOW,ok,0,https://www.ebay.com/itm/198356057786
922888d6-7e34-44c5-8bf8-ab3764f6f3f8,2026-05-10,76.51,eBay,AUCTION,RELISTED,0,https://www.ebay.com/itm/198328878961
922888d6-7e34-44c5-8bf8-ab3764f6f3f8,2026-04-25,68,eBay,AUCTION,ok,0,https://www.ebay.com/itm/406864828840
922888d6-7e34-44c5-8bf8-ab3764f6f3f8,2026-04-05,92,eBay,AUCTION,ok,0,https://www.ebay.com/itm/287233336865
922888d6-7e34-44c5-8bf8-ab3764f6f3f8,2026-03-22,98.4,PWCC Weekly Auctions,AUCTION,ok,0,https://www.fanaticscollect.com/weekly/61f00078-0cea-11f1-a0fe-0a9dcf241f19
922888d6-7e34-44c5-8bf8-ab3764f6f3f8,2026-03-15,129.99,eBay,AUCTION,ok,0,https://www.ebay.com/itm/227243990207
922fe875-d215-4e5c-8cad-991607f392d8,2026-06-07,325,eBay,BEST_OFFER,ok,0,https://www.ebay.com/itm/188476659177
922fe875-d215-4e5c-8cad-991607f392d8,2026-06-03,294.38,eBay,BUY_IT_NOW,ok,0,https://www.ebay.com/itm/397557726159
922fe875-d215-4e5c-8cad-991607f392d8,2026-04-22,405,eBay,BEST_OFFER,ok,0,https://www.ebay.com/itm/178053892868
922fe875-d215-4e5c-8cad-991607f392d8,2026-03-11,250,eBay,BEST_OFFER,ok,0,https://www.ebay.com/itm/117075664343
922fe875-d215-4e5c-8cad-991607f392d8,2026-01-04,207.56,eBay,AUCTION,ok,0,https://www.ebay.com/itm/287030804493
922fe875-d215-4e5c-8cad-991607f392d8,2025-12-15,300,eBay,BUY_IT_NOW,ok,0,https://www.ebay.com/itm/326900284367
922fe875-d215-4e5c-8cad-991607f392d8,2025-10-08,250,eBay,BUY_IT_NOW,ok,0,https://www.ebay.com/itm/267430687584
922fe875-d215-4e5c-8cad-991607f392d8,2025-09-01,250,eBay,BUY_IT_NOW,ok,0,https://www.ebay.com/itm/226947993030
922fe875-d215-4e5c-8cad-991607f392d8,2025-07-24,140,eBay,BEST_OFFER,ok,0,https://www.ebay.com/itm/286686809661
922fe875-d215-4e5c-8cad-991607f392d8,2025-07-03,136.48,eBay,BUY_IT_NOW,ok,0,https://www.ebay.com/itm/277130621432
927cb354-f712-480f-b4d2-1340a7cd94c4,2024-10-14,124.99,eBay,AUCTION,ok,0,https://www.ebay.com/itm/Mudkip-33-168-Sm-Celestial-Storm-Reverse-Holo-PSA-10-Pop-2-/365168882594
927cb354-f712-480f-b4d2-1340a7cd94c4,2023-02-13,125,eBay,BEST_OFFER,ok,0,https://www.ebay.com/itm/Pokemon-Mudkip-Celestial-Storm-Reverse-Foil-2018-33-PSA-10-GEM-MT-POP-1-/115691294300
927cb354-f712-480f-b4d2-1340a7cd94c4,2021-03-05,50,eBay,BEST_OFFER,ok,0,https://www.ebay.com/itm/2018-Pokemon-Sun-Moon-Celestial-Storm-33-Mudkip-Reverse-Foil-PSA-10-Gem-Mint-/224375182471
92a389fe-a5e1-47ef-9633-48a12597892b,2026-09-18,256,eBay,AUCTION,ok,0,https://www.ebay.com/itm/800668451149
92a389fe-a5e1-47ef-9633-48a12597892b,2026-09-01,350.88,eBay,AUCTION,ok,0,https://www.ebay.com/itm/128047838396
92a389fe-a5e1-47ef-9633-48a12597892b,2026-08-26,361,eBay,AUCTION,ok,0,https://www.ebay.com/itm/800535988195
92a389fe-a5e1-47ef-9633-48a12597892b,2026-08-24,395,eBay,BEST_OFFER,ok,0,https://www.ebay.com/itm/298578918687
92a389fe-a5e1-47ef-9633-48a12597892b,2026-08-20,298.8,Alt,AUCTION,ok,0,https://alt.xyz/exchange/select-listing?ids=012b88da-321a-41d2-a60e-748fb688506e
92a389fe-a5e1-47ef-9633-48a12597892b,2026-08-17,322,eBay,AUCTION,ok,0,https://www.ebay.com/itm/158174195212
92a389fe-a5e1-47ef-9633-48a12597892b,2026-08-14,374.99,eBay,BUY_IT_NOW,ok,0,https://www.ebay.com/itm/168611135484
92a389fe-a5e1-47ef-9633-48a12597892b,2026-07-31,380,eBay,BEST_OFFER,ok,0,https://www.ebay.com/itm/117251602201
92a389fe-a5e1-47ef-9633-48a12597892b,2026-07-26,360,PWCC Weekly Auctions,AUCTION,ok,0,https://www.fanaticscollect.com/weekly/4d52c380-853a-11f1-ba3a-02ba9858bad3
92a389fe-a5e1-47ef-9633-48a12597892b,2026-07-22,375,eBay,BEST_OFFER,ok,0,https://www.ebay.com/itm/298274771832
929ea477-b084-4399-949f-95d827d86304,2026-08-12,125,eBay,BEST_OFFER,ok,0,https://www.ebay.com/itm/407082207053
929ea477-b084-4399-949f-95d827d86304,2026-08-10,83,eBay,AUCTION,ok,0,https://www.ebay.com/itm/278244289637
929ea477-b084-4399-949f-95d827d86304,2026-06-29,97.89,eBay,AUCTION,ok,0,https://www.ebay.com/itm/178252936453
929ea477-b084-4399-949f-95d827d86304,2026-06-02,125,eBay,BUY_IT_NOW,ok,0,https://www.ebay.com/itm/327156787080
929ea477-b084-4399-949f-95d827d86304,2026-05-23,125,eBay,BEST_OFFER,ok,0,https://www.ebay.com/itm/336072664448
929ea477-b084-4399-949f-95d827d86304,2026-05-20,129.99,eBay,BEST_OFFER,ok,0,https://www.ebay.com/itm/117182775920
929ea477-b084-4399-949f-95d827d86304,2026-04-30,104.99,eBay,BUY_IT_NOW,ok,0,https://www.ebay.com/itm/406846425973
929ea477-b084-4399-949f-95d827d86304,2026-04-29,125,eBay,BEST_OFFER,ok,0,https://www.ebay.com/itm/188296175016
929ea477-b084-4399-949f-95d827d86304,2026-04-05,86.19,eBay,AUCTION,RELISTED,0,https://www.ebay.com/itm/406790397397
929ea477-b084-4399-949f-95d827d86304,2026-03-11,95,eBay,BEST_OFFER,ok,0,https://www.ebay.com/itm/358162761371
922e01fa-b174-47ce-a325-f83154db7966,2026-09-05,60,eBay,BUY_IT_NOW,ok,0,https://www.ebay.com/itm/158256143591
922e01fa-b174-47ce-a325-f83154db7966,2026-08-26,150,eBay,BUY_IT_NOW,ok,0,https://www.ebay.com/itm/227276360913
922e01fa-b174-47ce-a325-f83154db7966,2026-08-16,56,eBay,AUCTION,ok,0,https://www.ebay.com/itm/377409724804
922e01fa-b174-47ce-a325-f83154db7966,2026-08-03,59,eBay,AUCTION,ok,0,https://www.ebay.com/itm/147459089999
922e01fa-b174-47ce-a325-f83154db7966,2026-08-02,59.99,eBay,BUY_IT_NOW,ok,0,https://www.ebay.com/itm/137572138506
922e01fa-b174-47ce-a325-f83154db7966,2026-07-23,55,eBay,BEST_OFFER,ok,0,https://www.ebay.com/itm/318547311577
922e01fa-b174-47ce-a325-f83154db7966,2026-07-20,52,eBay,AUCTION,ok,0,https://www.ebay.com/itm/147429523037
922e01fa-b174-47ce-a325-f83154db7966,2026-07-19,53.02,eBay,AUCTION,ok,0,https://www.ebay.com/itm/287450313395
922e01fa-b174-47ce-a325-f83154db7966,2026-07-13,68,eBay,AUCTION,ok,0,https://www.ebay.com/itm/267716915027
922e01fa-b174-47ce-a325-f83154db7966,2026-06-13,84.98,eBay,BUY_IT_NOW,ok,0,https://www.ebay.com/itm/137393216906
92f2e11e-ac68-43c8-848a-6fe0d12a24cc,2026-09-18,10001,eBay,BUY_IT_NOW,ok,0,https://www.ebay.com/itm/307081476585
92f2e11e-ac68-43c8-848a-6fe0d12a24cc,2026-09-13,5640,PWCC Weekly Auctions,AUCTION,ok,0,https://www.fanaticscollect.com/weekly/bdb258c0-a5a6-11f1-9bef-0ab5e4b7e4a1
92f2e11e-ac68-43c8-848a-6fe0d12a24cc,2026-09-05,5999,eBay,BUY_IT_NOW,ok,0,https://www.ebay.com/itm/307142748587
92f2e11e-ac68-43c8-848a-6fe0d12a24cc,2026-08-27,5000,eBay,BEST_OFFER,ok,0,https://www.ebay.com/itm/307123703183
92f2e11e-ac68-43c8-848a-6fe0d12a24cc,2026-08-02,6000,eBay,BUY_IT_NOW,ok,0,https://www.ebay.com/itm/117336016724
92f2e11e-ac68-43c8-848a-6fe0d12a24cc,2026-07-14,3400,eBay,AUCTION,ok,0,https://www.ebay.com/itm/800303444789
92f2e11e-ac68-43c8-848a-6fe0d12a24cc,2026-07-09,3986.4,Alt,AUCTION,ok,0,https://alt.xyz/exchange/select-listing?ids=3e5a9b7c-3183-42ff-b32f-1682d0a51ae9
92f2e11e-ac68-43c8-848a-6fe0d12a24cc,2026-07-05,3840,PWCC Weekly Auctions,AUCTION,ok,0,https://www.fanaticscollect.com/weekly/1ee8ad9a-6d41-11f1-8080-0af38311ea67
92f2e11e-ac68-43c8-848a-6fe0d12a24cc,2026-07-02,4200,eBay,BEST_OFFER,ok,0,https://www.ebay.com/itm/206268780773
92f2e11e-ac68-43c8-848a-6fe0d12a24cc,2026-06-22,4100.01,eBay,AUCTION,ok,0,https://www.ebay.com/itm/298414180081
9297195c-f9b8-41d1-971b-f346e5dce31c,2026-09-12,300,eBay,AUCTION,ok,0,https://www.ebay.com/itm/188890842160
9297195c-f9b8-41d1-971b-f346e5dce31c,2026-07-22,350,eBay,BUY_IT_NOW,ok,0,https://www.ebay.com/itm/188513521595
9297195c-f9b8-41d1-971b-f346e5dce31c,2026-06-25,276,Alt,AUCTION,ok,0,https://alt.xyz/exchange/select-listing?ids=6b337143-c0e8-4d9b-9ee1-3d7be2c2e326
9297195c-f9b8-41d1-971b-f346e5dce31c,2026-05-25,350,eBay,BUY_IT_NOW,ok,0,https://www.ebay.com/itm/257520001667
9297195c-f9b8-41d1-971b-f346e5dce31c,2026-05-04,299,eBay,BUY_IT_NOW,ok,0,https://www.ebay.com/itm/327012607529
9297195c-f9b8-41d1-971b-f346e5dce31c,2026-04-20,180,eBay,BEST_OFFER,ok,0,https://www.ebay.com/itm/157849064330
9297195c-f9b8-41d1-971b-f346e5dce31c,2026-03-29,185,PWCC Fixed Price,BEST_OFFER,ok,0,https://www.fanaticscollect.com/buy-now/e7ac5d69-3007-4fcb-8f98-de7939a1635e
9297195c-f9b8-41d1-971b-f346e5dce31c,2026-02-10,130.07,eBay,BUY_IT_NOW,ok,0,https://www.ebay.com/itm/166421044550
9297195c-f9b8-41d1-971b-f346e5dce31c,2025-07-21,149.99,eBay,BUY_IT_NOW,ok,0,https://www.ebay.com/itm/267181400909
9297195c-f9b8-41d1-971b-f346e5dce31c,2025-04-11,102.5,eBay,AUCTION,ok,0,https://www.ebay.com/itm/356728815206
921eaeb1-2918-4ffa-b677-9d308f9abc57,2026-06-11,578.4,Alt,AUCTION,ok,0,https://alt.xyz/exchange/select-listing?ids=45dfd089-23f7-4d5e-9afc-982f16f59782
921eaeb1-2918-4ffa-b677-9d308f9abc57,2026-06-10,200,eBay,BEST_OFFER,ok,0,https://www.ebay.com/itm/327206197746
921eaeb1-2918-4ffa-b677-9d308f9abc57,2026-06-05,224.43,eBay,BUY_IT_NOW,ok,0,https://www.ebay.com/itm/178196227243
921eaeb1-2918-4ffa-b677-9d308f9abc57,2026-01-28,153.5,eBay,AUCTION,ok,0,https://www.ebay.com/itm/376884188164
921eaeb1-2918-4ffa-b677-9d308f9abc57,2025-09-07,100.8,PWCC Weekly Auctions,AUCTION,ok,0,https://www.fanaticscollect.com/weekly/9012ba9c-76cf-11f0-9227-0267d1dc09b9
921eaeb1-2918-4ffa-b677-9d308f9abc57,2025-07-23,180,eBay,BUY_IT_NOW,ok,0,https://www.ebay.com/itm/177265722460
921eaeb1-2918-4ffa-b677-9d308f9abc57,2025-02-23,71.75,eBay,AUCTION,ok,0,https://www.ebay.com/itm/Pokemon-Mistys-Poliwhirl-Gym-Heroes-1st-Edition-53-PSA-10-Gem-Mint-/286328734497
921eaeb1-2918-4ffa-b677-9d308f9abc57,2025-02-07,108,eBay,BUY_IT_NOW,ok,0,https://www.ebay.com/itm/2000-Pokemon-Gym-Heroes-53-Mistys-Poliwhirl-1st-Edition-PSA-10-GEM-MT-/226527324419
921eaeb1-2918-4ffa-b677-9d308f9abc57,2024-11-21,99,eBay,BUY_IT_NOW,ok,0,https://www.ebay.com/itm/Pokemon-2000-Gym-Heroes-PSA-10-Gem-Mint-Misty-s-Poliwhirl-53-132-/395714900199
921eaeb1-2918-4ffa-b677-9d308f9abc57,2024-08-04,80,eBay,BEST_OFFER,ok,0,https://www.ebay.com/itm/2000-Pokemon-Gym-Heroes-1st-Edition-53-Mistys-Poliwhirl-PSA-10-/145906242574
926f2027-20cd-431f-9e62-8d975dcf8eb5,2026-06-11,187.2,Alt,AUCTION,ok,0,https://alt.xyz/exchange/select-listing?ids=336b2633-052b-42f9-9215-06d321fa558d
926f2027-20cd-431f-9e62-8d975dcf8eb5,2026-05-04,165.06,eBay,AUCTION,ok,0,https://www.ebay.com/itm/318197804055
926f2027-20cd-431f-9e62-8d975dcf8eb5,2026-01-03,249.99,eBay,BEST_OFFER,ok,0,https://www.ebay.com/itm/136547017513
926f2027-20cd-431f-9e62-8d975dcf8eb5,2025-10-14,199.99,eBay,BUY_IT_NOW,ok,0,https://www.ebay.com/itm/124548468120
926f2027-20cd-431f-9e62-8d975dcf8eb5,2025-06-11,72,eBay,AUCTION,ok,0,https://www.ebay.com/itm/127155511246
926f2027-20cd-431f-9e62-8d975dcf8eb5,2025-05-27,80,PWCC Fixed Price,BEST_OFFER,ok,0,https://sales-history.pwccmarketplace.com/items/FIXED254026
926f2027-20cd-431f-9e62-8d975dcf8eb5,2025-05-24,80,eBay,AUCTION,ok,0,https://www.ebay.com/itm/388431141897
926f2027-20cd-431f-9e62-8d975dcf8eb5,2025-04-16,62,eBay,AUCTION,ok,0,https://www.ebay.com/itm/156867247459
926f2027-20cd-431f-9e62-8d975dcf8eb5,2025-02-23,66.87,eBay,AUCTION,ok,0,https://www.ebay.com/itm/Pokemon-Mistys-Poliwag-Gym-Heroes-1st-Edition-87-PSA-10-Gem-Mint-/286328734655
926f2027-20cd-431f-9e62-8d975dcf8eb5,2025-02-01,58.23,eBay,AUCTION,ok,0,https://www.ebay.com/itm/2000-POKEMON-GYM-HEROES-1ST-EDITION-87-MISTYS-POLIWAG-PSA-10-/306062487894
92f80a55-7319-4504-afce-7000028e80ce,2026-09-04,830,eBay,BEST_OFFER,ok,0,https://www.ebay.com/itm/318664302110
92f80a55-7319-4504-afce-7000028e80ce,2026-07-02,756.19,eBay,BEST_OFFER,ok,0,https://www.ebay.com/itm/800254868638
92f80a55-7319-4504-afce-7000028e80ce,2026-05-19,800,eBay,BUY_IT_NOW,ok,0,https://www.ebay.com/itm/177714082590
92f80a55-7319-4504-afce-7000028e80ce,2026-05-12,799.99,eBay,BUY_IT_NOW,ok,0,https://www.ebay.com/itm/267604449826
92f80a55-7319-4504-afce-7000028e80ce,2026-04-26,744,eBay,BEST_OFFER,ok,0,https://www.ebay.com/itm/137196859407
92f80a55-7319-4504-afce-7000028e80ce,2026-04-24,624.99,eBay,BUY_IT_NOW,ok,0,https://www.ebay.com/itm/177674378727
92f80a55-7319-4504-afce-7000028e80ce,2026-03-17,510.02,eBay,AUCTION,ok,0,https://www.ebay.com/itm/389714130019
92f80a55-7319-4504-afce-7000028e80ce,2026-03-11,695.77,eBay,BUY_IT_NOW,ok,0,https://www.ebay.com/itm/327012749810
92f80a55-7319-4504-afce-7000028e80ce,2026-02-08,425,eBay,AUCTION,ok,0,https://www.ebay.com/itm/287111411249
92f80a55-7319-4504-afce-7000028e80ce,2026-01-05,415,eBay,AUCTION,ok,0,https://www.ebay.com/itm/127595315806
922c8ed4-99d6-46d3-963a-de435145c217,2026-06-04,150,eBay,BEST_OFFER,ok,0,https://www.ebay.com/itm/287358491847
922c8ed4-99d6-46d3-963a-de435145c217,2026-05-21,161.1,eBay,BUY_IT_NOW,ok,0,https://www.ebay.com/itm/354226482164
922c8ed4-99d6-46d3-963a-de435145c217,2026-04-25,150,eBay,BEST_OFFER,ok,0,https://www.ebay.com/itm/306717362699
922c8ed4-99d6-46d3-963a-de435145c217,2026-03-11,100,eBay,BUY_IT_NOW,ok,0,https://www.ebay.com/itm/297986783004
922c8ed4-99d6-46d3-963a-de435145c217,2026-03-11,100,eBay,BEST_OFFER,ok,0,https://www.ebay.com/itm/257038167316
922c8ed4-99d6-46d3-963a-de435145c217,2025-11-25,84.99,eBay,BEST_OFFER,ok,0,https://www.ebay.com/itm/354371899368
922c8ed4-99d6-46d3-963a-de435145c217,2025-08-30,70,eBay,BEST_OFFER,ok,0,https://www.ebay.com/itm/335826715740
922c8ed4-99d6-46d3-963a-de435145c217,2025-04-23,41,eBay,AUCTION,ok,0,https://www.ebay.com/itm/127062233807
922c8ed4-99d6-46d3-963a-de435145c217,2024-06-29,51,eBay,AUCTION,ok,0,https://www.ebay.com/itm/PSA-GEM-MINT-10-BEEDRILL-2003-Skyridge-Set-Non-Holo-Rare-Pokemon-5-144-/315459293836
922c8ed4-99d6-46d3-963a-de435145c217,2024-06-17,34,eBay,AUCTION,RELISTED,0,https://www.ebay.com/itm/PSA-GEM-MINT-10-BEEDRILL-2003-Skyridge-Set-Non-Holo-Rare-Pokemon-5-144-/315421219933
926852eb-2029-40e2-830d-c7247912d034,2026-08-19,199.99,eBay,BEST_OFFER,ok,0,https://www.ebay.com/itm/306688061768
926852eb-2029-40e2-830d-c7247912d034,2026-07-12,186,PWCC Weekly Auctions,AUCTION,ok,0,https://www.fanaticscollect.com/weekly/0eba2eda-742b-11f1-9d26-0a58a9feac02
926852eb-2029-40e2-830d-c7247912d034,2026-07-02,107.5,eBay,BUY_IT_NOW,ok,0,https://www.ebay.com/itm/366386953210
926852eb-2029-40e2-830d-c7247912d034,2026-06-11,98,eBay,BEST_OFFER,ok,0,https://www.ebay.com/itm/327028975709
926852eb-2029-40e2-830d-c7247912d034,2026-06-06,95,eBay,BUY_IT_NOW,ok,0,https://www.ebay.com/itm/398000233163
926852eb-2029-40e2-830d-c7247912d034,2026-05-23,98,eBay,BUY_IT_NOW,ok,0,https://www.ebay.com/itm/366410872376
926852eb-2029-40e2-830d-c7247912d034,2026-05-22,107,eBay,BEST_OFFER,ok,0,https://www.ebay.com/itm/406933767243
926852eb-2029-40e2-830d-c7247912d034,2026-05-03,90.25,eBay,BUY_IT_NOW,ok,0,https://www.ebay.com/itm/358484106080
926852eb-2029-40e2-830d-c7247912d034,2026-04-13,88.69,eBay,BUY_IT_NOW,ok,0,https://www.ebay.com/itm/406855085995
926852eb-2029-40e2-830d-c7247912d034,2026-03-18,85,eBay,BUY_IT_NOW,ok,0,https://www.ebay.com/itm/358334185667
9234d4ce-7c56-4193-9d2d-ced7f01ec1fc,2026-08-22,3372,eBay,AUCTION,ok,0,https://www.ebay.com/itm/117359019108
9234d4ce-7c56-4193-9d2d-ced7f01ec1fc,2026-07-30,3720,Alt,AUCTION,ok,0,https://alt.xyz/exchange/select-listing?ids=f276ee1e-3580-44bd-ae06-226d0df1c070
9234d4ce-7c56-4193-9d2d-ced7f01ec1fc,2026-07-09,4213.2,Alt,AUCTION,ok,0,https://alt.xyz/exchange/select-listing?ids=733c30e1-d562-41e0-8325-a01c609d07c8
9234d4ce-7c56-4193-9d2d-ced7f01ec1fc,2026-06-21,4200,PWCC Weekly Auctions,AUCTION,ok,0,https://www.fanaticscollect.com/weekly/3e0147b2-64d3-11f1-886a-0289634d5941
9234d4ce-7c56-4193-9d2d-ced7f01ec1fc,2026-06-18,3780,Alt,AUCTION,ok,0,https://alt.xyz/exchange/select-listing?ids=c0846d9f-ae84-45a8-b22e-5891a3aa1636
9234d4ce-7c56-4193-9d2d-ced7f01ec1fc,2026-06-15,4050,eBay,AUCTION,ok,0,https://www.ebay.com/itm/306984845858
9234d4ce-7c56-4193-9d2d-ced7f01ec1fc,2026-02-26,1800,eBay,BUY_IT_NOW,ok,0,https://www.ebay.com/itm/287008656371
9234d4ce-7c56-4193-9d2d-ced7f01ec1fc,2026-02-25,1975,eBay,BUY_IT_NOW,ok,0,https://www.ebay.com/itm/287095533910
9234d4ce-7c56-4193-9d2d-ced7f01ec1fc,2026-02-25,1800,eBay,BEST_OFFER,ok,0,https://www.ebay.com/itm/267452273202
9234d4ce-7c56-4193-9d2d-ced7f01ec1fc,2026-02-22,1761,eBay,AUCTION,ok,0,https://www.ebay.com/itm/287139220561
9206b257-244c-4aef-bb6b-a307285ffdf5,2026-08-27,79,PWCC Fixed Price,BEST_OFFER,ok,0,https://www.fanaticscollect.com/buy-now/7f5f7880-5969-42ff-aa13-18f6ce04b0ef
9206b257-244c-4aef-bb6b-a307285ffdf5,2026-08-26,70,eBay,BUY_IT_NOW,ok,0,https://www.ebay.com/itm/117358105897
9206b257-244c-4aef-bb6b-a307285ffdf5,2026-06-04,48,eBay,AUCTION,ok,0,https://www.ebay.com/itm/377221906363
9206b257-244c-4aef-bb6b-a307285ffdf5,2026-06-02,84,eBay,BUY_IT_NOW,ok,0,https://www.ebay.com/itm/168394675502
9206b257-244c-4aef-bb6b-a307285ffdf5,2026-05-31,37.36,eBay,AUCTION,ok,0,https://www.ebay.com/itm/406945084678
9206b257-244c-4aef-bb6b-a307285ffdf5,2026-05-28,38.86,eBay,BEST_OFFER,ok,0,https://www.ebay.com/itm/358497400739
9206b257-244c-4aef-bb6b-a307285ffdf5,2026-05-17,45,eBay,BEST_OFFER,ok,0,https://www.ebay.com/itm/147256046900
9206b257-244c-4aef-bb6b-a307285ffdf5,2026-04-20,69.99,eBay,BUY_IT_NOW,ok,0,https://www.ebay.com/itm/406863074845
9206b257-244c-4aef-bb6b-a307285ffdf5,2026-04-14,70,eBay,BEST_OFFER,ok,0,https://www.ebay.com/itm/306478836041
9206b257-244c-4aef-bb6b-a307285ffdf5,2026-02-15,28.55,eBay,AUCTION,ok,0,https://www.ebay.com/itm/326992439451
928a3dcc-a77e-44f1-baa6-d4ec551e871f,2026-03-10,45.62,eBay,BEST_OFFER,ok,0,https://www.ebay.com/itm/137038351594
928a3dcc-a77e-44f1-baa6-d4ec551e871f,2025-11-03,9,eBay,AUCTION,ok,0,https://www.ebay.com/itm/177528174347
928a3dcc-a77e-44f1-baa6-d4ec551e871f,2024-03-13,14.5,eBay,AUCTION,ok,0,https://www.ebay.com/itm/48212919-2020-Pokemon-Sword-Shield-Marnie-Holo-Trainer-169-202-PSA-10-/235455110814
928a3dcc-a77e-44f1-baa6-d4ec551e871f,2024-03-09,28.77,eBay,AUCTION,ok,0,https://www.ebay.com/itm/2020-Pokemon-Marnie-PSA-10-Reverse-Holo-169-202-Sword-Shield-GEM-MINT-169-/355510270180
928a3dcc-a77e-44f1-baa6-d4ec551e871f,2024-03-09,14.5,eBay,AUCTION,ok,0,https://www.ebay.com/itm/2020-Pokemon-Marnie-PSA-10-Holo-169-202-Sword-Shield-Base-Set-GEM-MINT-169-/355510282179
928a3dcc-a77e-44f1-baa6-d4ec551e871f,2024-01-17,15,eBay,AUCTION,ok,0,https://www.ebay.com/itm/2020-MARNIE-Pokemon-Sword-Shield-169-HOLO-PSA-10-gem-mint-/176176621341
928a3dcc-a77e-44f1-baa6-d4ec551e871f,2023-12-28,7.5,eBay,AUCTION,RELISTED,0,https://www.ebay.com/itm/2020-MARNIE-Pokemon-Sword-Shield-169-HOLO-PSA-10-gem-mint-/176125274404
928a3dcc-a77e-44f1-baa6-d4ec551e871f,2023-09-11,10.5,eBay,AUCTION,ok,0,https://www.ebay.com/itm/48212921-2020-Pokemon-Sword-Shield-Marnie-Holo-169-202-PSA-10-/235179683300
928a3dcc-a77e-44f1-baa6-d4ec551e871f,2023-07-18,22.99,eBay,BUY_IT_NOW,ok,0,https://www.ebay.com/itm/2020-POKEMON-SWORD-SHIELD-169-MARNIE-HOLO-PSA-10-X3659992-964-/364320237822
928a3dcc-a77e-44f1-baa6-d4ec551e871f,2023-03-26,19.99,eBay,AUCTION,ok,0,https://www.ebay.com/itm/2020-Pokemon-Card-Sword-Shield-Base-Set-Marnie-Holofoil-169-PSA-10-GEM-/175638860593
924eee4f-81b0-4962-91f3-382ae8a4f01a,2026-09-10,385,eBay,AUCTION,ok,0,https://www.ebay.com/itm/298638948705
924eee4f-81b0-4962-91f3-382ae8a4f01a,2026-07-24,301.96,eBay,BEST_OFFER,ok,0,https://www.ebay.com/itm/307067444368
924eee4f-81b0-4962-91f3-382ae8a4f01a,2026-07-12,250,eBay,BEST_OFFER,ok,0,https://www.ebay.com/itm/358699564806
924eee4f-81b0-4962-91f3-382ae8a4f01a,2026-07-07,130,eBay,BEST_OFFER,ok,0,https://www.ebay.com/itm/136244750411
924eee4f-81b0-4962-91f3-382ae8a4f01a,2026-03-18,208.5,eBay,AUCTION,ok,0,https://www.ebay.com/itm/389731433551
924eee4f-81b0-4962-91f3-382ae8a4f01a,2026-03-01,128.08,eBay,BUY_IT_NOW,ok,0,https://www.ebay.com/itm/389602559677
924eee4f-81b0-4962-91f3-382ae8a4f01a,2025-11-27,132.33,eBay,BUY_IT_NOW,ok,0,https://www.ebay.com/itm/156170507843
924eee4f-81b0-4962-91f3-382ae8a4f01a,2025-04-23,49.99,eBay,BUY_IT_NOW,ok,0,https://www.ebay.com/itm/285458742879
924eee4f-81b0-4962-91f3-382ae8a4f01a,2024-05-22,40,eBay,BEST_OFFER,ok,0,https://www.ebay.com/itm/2005-PSA-10-Pokemon-Mirage-Forest-Lanturn-037-086-Holo-Japanese-/235014201015
924eee4f-81b0-4962-91f3-382ae8a4f01a,2023-06-13,64,eBay,AUCTION,ok,0,https://www.ebay.com/itm/2005-Pokemon-Japanese-Mirage-Forest-1st-ed-037-Lanturn-holo-PSA-10-Gem-Mint-/225607481518
9234c83e-1a61-4a16-acf7-183b866e73eb,2026-08-16,77.69,eBay,AUCTION,ok,0,https://www.ebay.com/itm/287511095261
9234c83e-1a61-4a16-acf7-183b866e73eb,2026-06-13,84.99,eBay,BUY_IT_NOW,ok,0,https://www.ebay.com/itm/236635465535
9234c83e-1a61-4a16-acf7-183b866e73eb,2026-05-31,83,eBay,BUY_IT_NOW,ok,0,https://www.ebay.com/itm/227366258614
9234c83e-1a61-4a16-acf7-183b866e73eb,2026-05-03,87,eBay,AUCTION,ok,0,https://www.ebay.com/itm/406881846509
9234c83e-1a61-4a16-acf7-183b866e73eb,2026-04-26,80,eBay,BEST_OFFER,ok,0,https://www.ebay.com/itm/327114799117
9234c83e-1a61-4a16-acf7-183b866e73eb,2026-03-09,99.97,eBay,BUY_IT_NOW,ok,0,https://www.ebay.com/itm/306810725856
9234c83e-1a61-4a16-acf7-183b866e73eb,2026-02-19,99.95,eBay,BEST_OFFER,ok,0,https://www.ebay.com/itm/298006423951
9234c83e-1a61-4a16-acf7-183b866e73eb,2026-01-20,88.88,eBay,BUY_IT_NOW,ok,0,https://www.ebay.com/itm/157021869886
9234c83e-1a61-4a16-acf7-183b866e73eb,2026-01-19,101,eBay,BEST_OFFER,ok,0,https://www.ebay.com/itm/297752784816
9234c83e-1a61-4a16-acf7-183b866e73eb,2026-01-14,84.99,eBay,BUY_IT_NOW,ok,0,https://www.ebay.com/itm/197885420041
92e33dd7-d03e-4aab-b551-63378f45ad9c,2026-09-06,1775,eBay,AUCTION,ok,0,https://www.ebay.com/itm/287552956341
92e33dd7-d03e-4aab-b551-63378f45ad9c,2026-08-10,1692,eBay,BUY_IT_NOW,ok,0,https://www.ebay.com/itm/188691333435
92e33dd7-d03e-4aab-b551-63378f45ad9c,2026-07-26,1739.61,eBay,AUCTION,ok,0,https://www.ebay.com/itm/137514887796
92e33dd7-d03e-4aab-b551-63378f45ad9c,2026-05-12,1499,eBay,BUY_IT_NOW,ok,0,https://www.ebay.com/itm/306931593868
92e33dd7-d03e-4aab-b551-63378f45ad9c,2026-05-10,1000,eBay,AUCTION,ok,0,https://www.ebay.com/itm/117172284093
92e33dd7-d03e-4aab-b551-63378f45ad9c,2026-05-07,951.5,eBay,BUY_IT_NOW,ok,0,https://www.ebay.com/itm/287317723925
92e33dd7-d03e-4aab-b551-63378f45ad9c,2026-04-12,887.78,eBay,AUCTION,ok,0,https://www.ebay.com/itm/287247660948
92e33dd7-d03e-4aab-b551-63378f45ad9c,2026-04-05,690,eBay,AUCTION,ok,0,https://www.ebay.com/itm/287235317637
92e33dd7-d03e-4aab-b551-63378f45ad9c,2026-01-20,500,PWCC Fixed Price,BEST_OFFER,ok,0,https://www.fanaticscollect.com/buy-now/f68635f3-1961-4440-ae25-1a6da722d965
92e33dd7-d03e-4aab-b551-63378f45ad9c,2026-01-17,549,eBay,BEST_OFFER,ok,0,https://www.ebay.com/itm/297944348931
924281cb-a086-4f98-9c60-84f27043a225,2026-09-18,160,eBay,BEST_OFFER,ok,0,https://www.ebay.com/itm/188921188198
924281cb-a086-4f98-9c60-84f27043a225,2026-08-26,189.25,eBay,BEST_OFFER,ok,0,https://www.ebay.com/itm/178395786984
924281cb-a086-4f98-9c60-84f27043a225,2026-07-24,235.96,eBay,BUY_IT_NOW,ok,0,https://www.ebay.com/itm/397850923668
924281cb-a086-4f98-9c60-84f27043a225,2026-07-23,128.5,eBay,AUCTION,ok,0,https://www.ebay.com/itm/377347411730
924281cb-a086-4f98-9c60-84f27043a225,2026-07-13,250,eBay,BEST_OFFER,ok,0,https://www.ebay.com/itm/398118081049
924281cb-a086-4f98-9c60-84f27043a225,2026-06-21,215.39,eBay,BUY_IT_NOW,ok,0,https://www.ebay.com/itm/389945330847
924281cb-a086-4f98-9c60-84f27043a225,2026-05-28,252,Alt,AUCTION,ok,0,https://alt.xyz/exchange/select-listing?ids=c1be4f41-9c45-480f-84ab-a814510956f3
924281cb-a086-4f98-9c60-84f27043a225,2026-05-26,186.32,eBay,BEST_OFFER,ok,0,https://www.ebay.com/itm/358597292681
924281cb-a086-4f98-9c60-84f27043a225,2026-05-03,250,eBay,BEST_OFFER,ok,0,https://www.ebay.com/itm/227244292322
924281cb-a086-4f98-9c60-84f27043a225,2026-04-29,299.95,eBay,BUY_IT_NOW,ok,0,https://www.ebay.com/itm/227253047599
9261d82b-cd17-4605-af65-0e8fa1d710ab,2026-05-20,24.99,eBay,BUY_IT_NOW,ok,0,https://www.ebay.com/itm/117047016630
9261d82b-cd17-4605-af65-0e8fa1d710ab,2026-01-29,26,eBay,AUCTION,ok,0,https://www.ebay.com/itm/297955393307
9261d82b-cd17-4605-af65-0e8fa1d710ab,2026-01-18,26,eBay,BEST_OFFER,ok,0,https://www.ebay.com/itm/116923635152
9261d82b-cd17-4605-af65-0e8fa1d710ab,2025-12-10,14.5,eBay,AUCTION,RELISTED,0,https://www.ebay.com/itm/116909528376
9261d82b-cd17-4605-af65-0e8fa1d710ab,2025-11-05,21.99,eBay,BUY_IT_NOW,ok,0,https://www.ebay.com/itm/144880836777
9261d82b-cd17-4605-af65-0e8fa1d710ab,2025-05-23,45.09,eBay,BUY_IT_NOW,ok,0,https://www.ebay.com/itm/355204839331
9261d82b-cd17-4605-af65-0e8fa1d710ab,2024-12-01,15.6,PWCC Weekly Auctions,AUCTION,ok,0,https://www.fanaticscollect.com/weekly/bda1b288-a35d-11ef-b706-06235b81c721
9261d82b-cd17-4605-af65-0e8fa1d710ab,2024-05-17,16.85,eBay,AUCTION,ok,0,https://www.ebay.com/itm/Pokemon-Card-Lightning-Energy-205-173-SM12a-Japan-Tag-Team-GX-All-Star-PSA-10-/196383996272
9261d82b-cd17-4605-af65-0e8fa1d710ab,2024-02-15,16.05,eBay,AUCTION,ok,0,https://www.ebay.com/itm/2019-Pokemon-Jpn-Sun-Moon-Tag-Team-Gx-All-Stars-Lighting-Energy-holo-PSA-10-/386754956280
9261d82b-cd17-4605-af65-0e8fa1d710ab,2024-01-21,43.48,eBay,BUY_IT_NOW,ok,0,https://www.ebay.com/itm/PSA-10-2019-Pokemon-LIGHTNING-ENERGY-205-173-Holo-Japanese-/354860242013
92329ecd-86e6-4161-bac1-113ee22b817e,2026-08-02,405,eBay,AUCTION,ok,0,https://www.ebay.com/itm/117315904101
92329ecd-86e6-4161-bac1-113ee22b817e,2026-07-19,405,eBay,AUCTION,ok,0,https://www.ebay.com/itm/287450314820
92329ecd-86e6-4161-bac1-113ee22b817e,2026-07-12,401,eBay,AUCTION,ok,0,https://www.ebay.com/itm/287433882301
92329ecd-86e6-4161-bac1-113ee22b817e,2026-02-01,190,eBay,BEST_OFFER,ok,0,https://www.ebay.com/itm/317797687528
92329ecd-86e6-4161-bac1-113ee22b817e,2026-01-28,149.95,eBay,BUY_IT_NOW,ok,0,https://www.ebay.com/itm/397547277008
92329ecd-86e6-4161-bac1-113ee22b817e,2026-01-18,108.5,eBay,AUCTION,ok,0,https://www.ebay.com/itm/287061432860
92329ecd-86e6-4161-bac1-113ee22b817e,2025-12-18,68.67,eBay,AUCTION,ok,0,https://www.ebay.com/itm/187833479295
92329ecd-86e6-4161-bac1-113ee22b817e,2025-11-04,119.99,eBay,BUY_IT_NOW,ok,0,https://www.ebay.com/itm/406332792797
92329ecd-86e6-4161-bac1-113ee22b817e,2025-10-17,81,eBay,AUCTION,ok,0,https://www.ebay.com/itm/116820202001
92329ecd-86e6-4161-bac1-113ee22b817e,2025-10-12,81.75,eBay,AUCTION,ok,0,https://www.ebay.com/itm/136536714062
925dc054-9c78-46f1-ac32-68ce9b5e5af0,2026-08-25,3999.99,eBay,BUY_IT_NOW,ok,0,https://www.ebay.com/itm/227491687054
925dc054-9c78-46f1-ac32-68ce9b5e5af0,2026-07-10,3560,eBay,BUY_IT_NOW,ok,0,https://www.ebay.com/itm/407061820819
925dc054-9c78-46f1-ac32-68ce9b5e5af0,2026-07-02,3480,Alt,AUCTION,ok,0,https://alt.xyz/exchange/select-listing?ids=dfa8f5bb-5c3a-4ef1-b9ba-150cf40987b7
925dc054-9c78-46f1-ac32-68ce9b5e5af0,2026-06-22,3500,eBay,BEST_OFFER,ok,0,https://www.ebay.com/itm/800216221104
925dc054-9c78-46f1-ac32-68ce9b5e5af0,2026-06-14,6491.28,eBay,BEST_OFFER,RELISTED,0,https://www.ebay.com/itm/396975564164
925dc054-9c78-46f1-ac32-68ce9b5e5af0,2026-02-15,1675.24,Goldin Auctions,AUCTION,ok,0,https://goldin.co/item/2000-pokemon-base-set-ii-holo-1-alakazam-psa-gem-mt-10hxmi3
925dc054-9c78-46f1-ac32-68ce9b5e5af0,2026-02-08,1880,eBay,AUCTION,ok,0,https://www.ebay.com/itm/287111513390
925dc054-9c78-46f1-ac32-68ce9b5e5af0,2025-11-12,1345,eBay,BUY_IT_NOW,ok,0,https://www.ebay.com/itm/286909377228
925dc054-9c78-46f1-ac32-68ce9b5e5af0,2025-09-14,930,eBay,AUCTION,ok,0,https://www.ebay.com/itm/286805144959
925dc054-9c78-46f1-ac32-68ce9b5e5af0,2025-08-31,1148,eBay,AUCTION,RELISTED,0,https://www.ebay.com/itm/286776307718
92466bf5-dee1-4c73-bd25-104af28a54f7,2021-07-11,100,eBay,AUCTION,ok,0,https://www.ebay.com/itm/Pokemon-Alolan-Persian-Reverse-Holo-Sun-and-Moon-Base-PSA-10-Pop-3-/124798859652
92b8670e-08f1-4c3d-ba16-1c9313f0fe72,2026-03-09,50,eBay,BUY_IT_NOW,ok,0,https://www.ebay.com/itm/406750655023
92b8670e-08f1-4c3d-ba16-1c9313f0fe72,2026-02-12,59.99,eBay,AUCTION,ok,0,https://www.ebay.com/itm/137032903096
92b8670e-08f1-4c3d-ba16-1c9313f0fe72,2025-12-16,125,eBay,BEST_OFFER,ok,0,https://www.ebay.com/itm/257223319828
92b8670e-08f1-4c3d-ba16-1c9313f0fe72,2025-11-22,22.99,eBay,AUCTION,ok,0,https://www.ebay.com/itm/306604819595
92b8670e-08f1-4c3d-ba16-1c9313f0fe72,2024-12-22,20,eBay,BEST_OFFER,ok,0,https://www.ebay.com/itm/Holo-Foil-Duraludon-138-192-SWSH-Rebel-Clash-Pokemon-Cards-PSA-10-GEM-MINT-/135104015230
92b8670e-08f1-4c3d-ba16-1c9313f0fe72,2024-10-24,13.59,eBay,AUCTION,ok,0,https://www.ebay.com/itm/Duraludon-138-192-SWSH-Rebel-Clash-Pokemon-Holo-Rare-PSA-10-/146102297501
92b8670e-08f1-4c3d-ba16-1c9313f0fe72,2024-07-14,22.47,eBay,BUY_IT_NOW,ok,0,https://www.ebay.com/itm/2020-Pokemon-SWSH-Rebel-Clash-138-Duraludon-Holo-PSA-10-Card-GEM-MINT-Free-Ship-/154871176169
92b8670e-08f1-4c3d-ba16-1c9313f0fe72,2023-12-02,7,eBay,BUY_IT_NOW,ok,0,https://www.ebay.com/itm/2020-POKEMON-SWSH-REBEL-CLASH-138-DURALUDON-HOLO-PSA-10-Gem-Mint-/195917966746
92b8670e-08f1-4c3d-ba16-1c9313f0fe72,2023-10-02,11.99,eBay,BUY_IT_NOW,ok,0,https://www.ebay.com/itm/2020-POKEMON-SWORD-SHIELD-REBEL-CLASH-138-DURALUDON-HOLO-PSA-10-X3589143-066-/386139677027
92b8670e-08f1-4c3d-ba16-1c9313f0fe72,2023-09-19,11.99,eBay,BUY_IT_NOW,ok,0,https://www.ebay.com/itm/2020-POKEMON-SWORD-SHIELD-REBEL-CLASH-138-DURALUDON-HOLO-PSA-10-X3577136-551-/266214039672
926002ea-84c9-487b-94c1-17c37fabed07,2026-08-16,690,PWCC Weekly Auctions,AUCTION,ok,0,https://www.fanaticscollect.com/weekly/678c5bd0-9034-11f1-a20c-02ffd35c1c5b
926002ea-84c9-487b-94c1-17c37fabed07,2026-08-05,870,eBay,AUCTION,ok,0,https://www.ebay.com/itm/800430294262
926002ea-84c9-487b-94c1-17c37fabed07,2026-07-18,910,eBay,AUCTION,ok,0,https://www.ebay.com/itm/307054270708
926002ea-84c9-487b-94c1-17c37fabed07,2026-05-15,1500,eBay,BEST_OFFER,ok,0,https://www.ebay.com/itm/188233540153
926002ea-84c9-487b-94c1-17c37fabed07,2026-04-07,1252.09,eBay,BUY_IT_NOW,ok,0,https://www.ebay.com/itm/317946864879
926002ea-84c9-487b-94c1-17c37fabed07,2026-01-08,232.33,eBay,BEST_OFFER,ok,0,https://www.ebay.com/itm/205828789075
926002ea-84c9-487b-94c1-17c37fabed07,2025-12-25,330,eBay,BUY_IT_NOW,ok,0,https://www.ebay.com/itm/286909377187
926002ea-84c9-487b-94c1-17c37fabed07,2025-11-10,172.5,eBay,AUCTION,ok,0,https://www.ebay.com/itm/227057913604
926002ea-84c9-487b-94c1-17c37fabed07,2024-04-14,83.32,eBay,AUCTION,ok,0,https://www.ebay.com/itm/Pokemon-Card-Japanese-Aquapolis-ELECTRODE-036-092-Holo-PSA-10-/126416229118
926002ea-84c9-487b-94c1-17c37fabed07,2024-04-14,71.55,eBay,AUCTION,ok,0,https://www.ebay.com/itm/Pokemon-Electrode-Town-No-Map-Unlimited-Japanese-Holo-Rare-036-PSA-10-/285800377277
92dc7a59-96f8-45e3-88ba-e40e87bfc5a3,2026-08-23,2550,eBay,BEST_OFFER,ok,0,https://www.ebay.com/itm/306985667802
92dc7a59-96f8-45e3-88ba-e40e87bfc5a3,2026-06-16,1850,eBay,BEST_OFFER,ok,0,https://www.ebay.com/itm/117251600605
92dc7a59-96f8-45e3-88ba-e40e87bfc5a3,2026-06-13,1650,eBay,AUCTION,ok,0,https://www.ebay.com/itm/306984600719
92dc7a59-96f8-45e3-88ba-e40e87bfc5a3,2026-05-18,1730,eBay,AUCTION,ok,0,https://www.ebay.com/itm/366402856727
92dc7a59-96f8-45e3-88ba-e40e87bfc5a3,2026-03-14,520,eBay,BEST_OFFER,ok,0,https://www.ebay.com/itm/336475898822
92dc7a59-96f8-45e3-88ba-e40e87bfc5a3,2025-12-17,393,eBay,AUCTION,ok,0,https://www.ebay.com/itm/376767438171
92dc7a59-96f8-45e3-88ba-e40e87bfc5a3,2025-08-17,222,PWCC Weekly Auctions,AUCTION,ok,0,https://www.fanaticscollect.com/weekly/e1911866-715f-11f0-b2e6-0a58a9feac02
92dc7a59-96f8-45e3-88ba-e40e87bfc5a3,2025-05-11,799.99,eBay,BEST_OFFER,ok,0,https://www.ebay.com/itm/363984329669
92dc7a59-96f8-45e3-88ba-e40e87bfc5a3,2025-02-08,175,eBay,BEST_OFFER,ok,0,https://www.ebay.com/itm/PSA-10-Manaphy-Japanese-All-Nippon-Airways-ANA-Promo-154-PCG-P-Pokemon-/386560571790
92dc7a59-96f8-45e3-88ba-e40e87bfc5a3,2024-12-01,127.5,eBay,AUCTION,ok,0,https://www.ebay.com/itm/Pokemon-Card-Seas-Manaphy-No-154-ANA-All-Nippon-Airways-Promo-PSA-10-GEM-MINT-/326341625336
92481b43-e200-4975-bc1d-050bc2d28cec,2026-08-09,190.5,eBay,AUCTION,ok,0,https://www.ebay.com/itm/287495386523
92481b43-e200-4975-bc1d-050bc2d28cec,2023-02-04,39,eBay,BUY_IT_NOW,ok,0,https://www.ebay.com/itm/2000-Pokemon-JAPANESE-NEO-3-224-OCTILLERY-psa-10-GEM-MINT-/185717513848
92481b43-e200-4975-bc1d-050bc2d28cec,2021-07-27,53.45,eBay,BUY_IT_NOW,ok,0,https://www.ebay.com/itm/POKEMON-PSA-10-GEM-MINT-224-2000-P-M-JAPANESE-NEO-3-OCTILLERY-/293934412671
92b87478-9f74-4567-bb38-aa28978eec6d,2026-09-14,4432,eBay,BEST_OFFER,ok,0,https://www.ebay.com/itm/298566828673
92b87478-9f74-4567-bb38-aa28978eec6d,2026-08-15,1250,eBay,BEST_OFFER,ok,0,https://www.ebay.com/itm/407144907913
92b87478-9f74-4567-bb38-aa28978eec6d,2026-05-02,1375,eBay,BUY_IT_NOW,ok,0,https://www.ebay.com/itm/257420175788
92b87478-9f74-4567-bb38-aa28978eec6d,2026-03-27,1158.64,eBay,BEST_OFFER,ok,0,https://www.ebay.com/itm/406772727079
92b87478-9f74-4567-bb38-aa28978eec6d,2025-10-12,1525,eBay,AUCTION,ok,0,https://www.ebay.com/itm/286852052354
92b87478-9f74-4567-bb38-aa28978eec6d,2023-02-26,120.92,eBay,BUY_IT_NOW,ok,0,https://www.ebay.com/itm/POKEMON-PSA-10-GEM-MINT-2011-BW-Noble-Victories-Cobalion-100-101-Full-Art-/275524884465
92b87478-9f74-4567-bb38-aa28978eec6d,2023-01-25,125,eBay,BEST_OFFER,ok,0,https://www.ebay.com/itm/2011-Pokemon-B-W-Full-Art-Cobalion-Noble-Victories-HOLO-100-PSA-10-GEM-MT-/125608163393
92b87478-9f74-4567-bb38-aa28978eec6d,2022-08-03,80,eBay,AUCTION,ok,0,https://www.ebay.com/itm/PSA-10-Cobalion-Noble-Victories-100-101-/403812553283
92b87478-9f74-4567-bb38-aa28978eec6d,2022-07-03,78.5,eBay,AUCTION,ok,0,https://www.ebay.com/itm/POKEMON-2011-POKEMON-Black-White-Noble-Victories-Cobalion-FA-PSA-10-GEM-MINT-/185479684505
92b87478-9f74-4567-bb38-aa28978eec6d,2022-02-08,150,eBay,BEST_OFFER,ok,0,https://www.ebay.com/itm/Pokemon-2011-B-W-Noble-Victories-Cobalion-Full-Art-100-101-PSA-10-GEM-MINT-/144298392594
9244231e-be8b-4ec8-aa74-f640b31b64af,2026-08-06,150,eBay,BUY_IT_NOW,ok,0,https://www.ebay.com/itm/117337014276
9244231e-be8b-4ec8-aa74-f640b31b64af,2026-06-19,129,PWCC Fixed Price,BEST_OFFER,ok,0,https://www.fanaticscollect.com/buy-now/4bd88fd7-fd1d-4c37-a89c-65da5e12d262
9244231e-be8b-4ec8-aa74-f640b31b64af,2026-04-08,100,eBay,BUY_IT_NOW,ok,0,https://www.ebay.com/itm/177889004535
9244231e-be8b-4ec8-aa74-f640b31b64af,2026-02-07,99.99,eBay,BUY_IT_NOW,ok,0,https://www.ebay.com/itm/297925057175
9244231e-be8b-4ec8-aa74-f640b31b64af,2026-01-24,119.8,eBay,AUCTION,ok,0,https://www.ebay.com/itm/267548784268
9244231e-be8b-4ec8-aa74-f640b31b64af,2025-11-16,32.4,PWCC Weekly Auctions,AUCTION,ok,0,https://www.fanaticscollect.com/weekly/b1faffb8-9531-11f0-a2d3-0a58a9feac02
9244231e-be8b-4ec8-aa74-f640b31b64af,2025-09-26,96,PWCC Fixed Price,BEST_OFFER,ok,0,https://sales-history.pwccmarketplace.com/items/FIXED337014
9244231e-be8b-4ec8-aa74-f640b31b64af,2025-05-02,69.29,eBay,BEST_OFFER,ok,0,https://www.ebay.com/itm/405458593248
9244231e-be8b-4ec8-aa74-f640b31b64af,2024-12-09,30,eBay,AUCTION,ok,0,https://www.ebay.com/itm/1999-Pokemon-Japanese-Bandai-Carddass-Vending-Ser-5-165-giant-Onix-PSA-10-GEM-/135415731697
9244231e-be8b-4ec8-aa74-f640b31b64af,2024-09-24,28,eBay,AUCTION,ok,0,https://www.ebay.com/itm/1999-Pokemon-Japanese-Bandai-Carddass-Vending-Ser-5-165-giant-Onix-PSA-10-/387396875053
92395fcc-51d9-41d6-8a80-81e48fcaa52f,2026-08-25,325,eBay,AUCTION,ok,0,https://www.ebay.com/itm/257688953512
92395fcc-51d9-41d6-8a80-81e48fcaa52f,2026-08-16,300,PWCC Weekly Auctions,AUCTION,ok,0,https://www.fanaticscollect.com/weekly/2f31ff52-92ea-11f1-9df4-0a58a9feac02
92395fcc-51d9-41d6-8a80-81e48fcaa52f,2026-08-10,300,eBay,AUCTION,RELISTED,0,https://www.ebay.com/itm/257659580874
92395fcc-51d9-41d6-8a80-81e48fcaa52f,2026-08-09,388.69,eBay,BUY_IT_NOW,ok,0,https://www.ebay.com/itm/227455049852
92395fcc-51d9-41d6-8a80-81e48fcaa52f,2026-07-16,400,eBay,AUCTION,ok,0,https://www.ebay.com/itm/298489839495
92395fcc-51d9-41d6-8a80-81e48fcaa52f,2026-07-08,400,eBay,AUCTION,ok,0,https://www.ebay.com/itm/307033918572
92395fcc-51d9-41d6-8a80-81e48fcaa52f,2026-05-10,405,eBay,AUCTION,ok,0,https://www.ebay.com/itm/306916330978
92395fcc-51d9-41d6-8a80-81e48fcaa52f,2026-04-03,182.5,eBay,AUCTION,ok,0,https://www.ebay.com/itm/117109003296
92395fcc-51d9-41d6-8a80-81e48fcaa52f,2026-03-28,180.5,eBay,AUCTION,ok,0,https://www.ebay.com/itm/298145184966
92395fcc-51d9-41d6-8a80-81e48fcaa52f,2026-03-18,167.5,eBay,AUCTION,ok,0,https://www.ebay.com/itm/389731433550
92513e57-7a3e-4a57-8fe2-b0ca0230bcb3,2026-09-18,4540.54,Pristine Auction,AUCTION,ok,0,https://www.pristineauction.com/a12577222-Umbreon-VMAX-2021-Pokemon-TCG-Sword-Shield-Evolving-Skies-215-ALT-ART-PSA-10
92513e57-7a3e-4a57-8fe2-b0ca0230bcb3,2026-09-18,4300,eBay,BUY_IT_NOW,ok,0,https://www.ebay.com/itm/327331675892
92513e57-7a3e-4a57-8fe2-b0ca0230bcb3,2026-09-18,3001,eBay,AUCTION,ok,0,https://www.ebay.com/itm/407219677914
92513e57-7a3e-4a57-8fe2-b0ca0230bcb3,2026-09-17,4650,eBay,AUCTION,ok,0,https://www.ebay.com/itm/366661336402
92513e57-7a3e-4a57-8fe2-b0ca0230bcb3,2026-09-17,4150,eBay,AUCTION,ok,0,https://www.ebay.com/itm/366660934097
92513e57-7a3e-4a57-8fe2-b0ca0230bcb3,2026-09-17,4100,eBay,AUCTION,ok,0,https://www.ebay.com/itm/377487368221
92513e57-7a3e-4a57-8fe2-b0ca0230bcb3,2026-09-17,3466.51,eBay,AUCTION,ok,0,https://www.ebay.com/itm/158278899589
92513e57-7a3e-4a57-8fe2-b0ca0230bcb3,2026-09-16,4300,eBay,AUCTION,ok,0,https://www.ebay.com/itm/800632448235
92513e57-7a3e-4a57-8fe2-b0ca0230bcb3,2026-09-16,4200,eBay,AUCTION,ok,0,https://www.ebay.com/itm/128074200335
92513e57-7a3e-4a57-8fe2-b0ca0230bcb3,2026-09-16,4050,eBay,AUCTION,ok,0,https://www.ebay.com/itm/800637385929
920480da-1893-4130-a9d6-3e31b2499100,2026-08-09,579.99,eBay,BUY_IT_NOW,ok,0,https://www.ebay.com/itm/406734918312
920480da-1893-4130-a9d6-3e31b2499100,2026-05-10,311.71,eBay,AUCTION,ok,0,https://www.ebay.com/itm/198325191341
920480da-1893-4130-a9d6-3e31b2499100,2026-03-15,138,PWCC Weekly Auctions,AUCTION,ok,0,https://www.fanaticscollect.com/weekly/165fa942-1807-11f1-8b7b-0a58a9feac02
920480da-1893-4130-a9d6-3e31b2499100,2026-02-28,134.41,eBay,BEST_OFFER,ok,0,https://www.ebay.com/itm/376993044256
920480da-1893-4130-a9d6-3e31b2499100,2026-02-17,300,eBay,BEST_OFFER,ok,0,https://www.ebay.com/itm/157689669397
920480da-1893-4130-a9d6-3e31b2499100,2025-11-30,183.25,eBay,AUCTION,ok,0,https://www.ebay.com/itm/227100195961
920480da-1893-4130-a9d6-3e31b2499100,2025-08-23,299.25,eBay,BUY_IT_NOW,ok,0,https://www.ebay.com/itm/406152213086
920480da-1893-4130-a9d6-3e31b2499100,2025-02-05,157.09,eBay,BEST_OFFER,ok,0,https://www.ebay.com/itm/Pokemon-Topps-Chrome-Cubone-PSA-10-/306068895207
920480da-1893-4130-a9d6-3e31b2499100,2025-01-26,156.89,eBay,BEST_OFFER,RELISTED,0,https://www.ebay.com/itm/Pokemon-Topps-Chrome-Cubone-PSA-10-/306046770914
920480da-1893-4130-a9d6-3e31b2499100,2024-12-27,165,eBay,BEST_OFFER,ok,0,https://www.ebay.com/itm/PSA-10-GEM-MINT-POKEMON-TOPPS-CHROME-104-CUBONE-/375889508923
9222b2b5-29fc-4e0d-a57d-30bf2ee5161a,2025-08-31,350,eBay,BUY_IT_NOW,ok,0,https://www.ebay.com/itm/167748113001
9222b2b5-29fc-4e0d-a57d-30bf2ee5161a,2025-04-03,132.5,eBay,AUCTION,ok,0,https://www.ebay.com/itm/205380283714
9222b2b5-29fc-4e0d-a57d-30bf2ee5161a,2025-01-19,90,eBay,BEST_OFFER,ok,0,https://www.ebay.com/itm/2004-Pokemon-EX-FireRed-LeafGreen-Wigglytuff-52-Reverse-Foil-PSA-10-/156432065719
9222b2b5-29fc-4e0d-a57d-30bf2ee5161a,2024-09-08,73.4,eBay,AUCTION,ok,0,https://www.ebay.com/itm/Pokemon-Wigglytuff-Reverse-Holo-EX-Fire-Red-Leaf-Green-PSA-10-Year-2004-/256623162993
9222b2b5-29fc-4e0d-a57d-30bf2ee5161a,2023-04-23,93.6,PWCC Weekly Auctions,AUCTION,ok,0,https://www.fanaticscollect.com/weekly/71c27dae-c824-11ed-a9a5-0a58a9feac02
9222b2b5-29fc-4e0d-a57d-30bf2ee5161a,2023-03-05,72,PWCC Weekly Auctions,AUCTION,NOT_PAID,0,https://www.pwccmarketplace.com/items/3596438
9222b2b5-29fc-4e0d-a57d-30bf2ee5161a,2022-10-02,100,eBay,AUCTION,ok,0,https://www.ebay.com/itm/PSA-10-Reverse-Holo-Wigglytuff-Pokemon-Card-EX-FireRed-LeafGreen-52-112-/314161974821
9222b2b5-29fc-4e0d-a57d-30bf2ee5161a,2022-09-11,150,eBay,AUCTION,ok,0,https://www.ebay.com/itm/PSA-10-Reverse-Holo-Wigglytuff-Pokemon-Card-EX-FireRed-LeafGreen-52-112-/314133370837
9222b2b5-29fc-4e0d-a57d-30bf2ee5161a,2022-03-29,87.95,eBay,BEST_OFFER,ok,0,https://www.ebay.com/itm/2004-Pokemon-Wigglytuff-52-Reverse-Foil-PSA-10-Gem-Mint-Fire-Red-Leaf-Green-/234476625110
9222b2b5-29fc-4e0d-a57d-30bf2ee5161a,2022-03-17,51.27,eBay,AUCTION,ok,0,https://www.ebay.com/itm/Wigglytuff-PSA-10-Reverse-Holo-Foil-Fire-Red-Leaf-Green-Pokemon-Card-POP-11-MINT-/284693567948
92e86e44-b4c9-4205-bd8c-d17f85c85b40,2025-03-24,250,eBay,BUY_IT_NOW,ok,0,https://www.ebay.com/itm/316087388070
92e86e44-b4c9-4205-bd8c-d17f85c85b40,2024-10-10,164.5,eBay,AUCTION,ok,0,https://www.ebay.com/itm/Pokemon-Latios-EX-Plasma-Freeze-PSA-10-86-116-/315809941733
92e86e44-b4c9-4205-bd8c-d17f85c85b40,2024-07-25,524.28,eBay,BUY_IT_NOW,RELISTED,0,https://www.ebay.com/itm/Pokemon-PSA-10-Latios-EX-86-116-Plasma-Freeze-Black-White-BW-2013-/305479103268
92e86e44-b4c9-4205-bd8c-d17f85c85b40,2023-07-09,150,PWCC Weekly Auctions,AUCTION,ok,0,https://www.fanaticscollect.com/weekly/1e5011c2-f90c-11ed-9711-0a58a9feac02
92e86e44-b4c9-4205-bd8c-d17f85c85b40,2023-05-31,217.99,eBay,BUY_IT_NOW,ok,0,https://www.ebay.com/itm/PSA-10-GEM-MINT-Latios-EX-Black-White-Plasma-Freeze-Pokemon-Card-86-116-POP-7-/204346798422
92e86e44-b4c9-4205-bd8c-d17f85c85b40,2022-11-29,170,eBay,BUY_IT_NOW,ok,0,https://www.ebay.com/itm/2013-Pokemon-B-W-Latios-EX-Ultra-Rare-Plasma-Freeze-86-116-PSA-10-POP-10-/134343509874
92e86e44-b4c9-4205-bd8c-d17f85c85b40,2022-11-07,134.99,eBay,AUCTION,ok,0,https://www.ebay.com/itm/2013-Latios-EX-HOLO-Black-White-Plasma-Freeze-Pokemon-86-PSA-10-GEM-MINT-POP-7-/125593891791
92e86e44-b4c9-4205-bd8c-d17f85c85b40,2021-09-20,180,eBay,BEST_OFFER,ok,0,https://www.ebay.com/itm/2013-Pokemon-Black-White-Plasma-Freeze-Latios-Ex-86-PSA-10-/284459509462
92b361de-bf61-4b8d-83eb-83750b8da35c,2026-09-09,529,eBay,BUY_IT_NOW,ok,0,https://www.ebay.com/itm/298637953854
92b361de-bf61-4b8d-83eb-83750b8da35c,2026-09-05,350,eBay,BEST_OFFER,ok,0,https://www.ebay.com/itm/398363542881
92b361de-bf61-4b8d-83eb-83750b8da35c,2026-08-22,249.99,eBay,BUY_IT_NOW,ok,0,https://www.ebay.com/itm/188324246138
92b361de-bf61-4b8d-83eb-83750b8da35c,2025-07-20,95,eBay,BUY_IT_NOW,ok,0,https://www.ebay.com/itm/135542188968
92b361de-bf61-4b8d-83eb-83750b8da35c,2025-06-16,66.19,eBay,BEST_OFFER,ok,0,https://www.ebay.com/itm/388390501849
92b361de-bf61-4b8d-83eb-83750b8da35c,2025-06-10,64,eBay,BUY_IT_NOW,ok,0,https://www.ebay.com/itm/167400975855
92b361de-bf61-4b8d-83eb-83750b8da35c,2025-05-05,47,eBay,AUCTION,ok,0,https://www.ebay.com/itm/365569323727
92b361de-bf61-4b8d-83eb-83750b8da35c,2025-03-23,40,eBay,AUCTION,ok,0,https://www.ebay.com/itm/156800887496
92b361de-bf61-4b8d-83eb-83750b8da35c,2025-02-16,43.2,PWCC Weekly Auctions,AUCTION,ok,0,https://www.fanaticscollect.com/weekly/1380ff12-e3cb-11ef-b4a9-0a58a9feac02
92b361de-bf61-4b8d-83eb-83750b8da35c,2024-10-28,45,eBay,AUCTION,ok,0,https://www.ebay.com/itm/2016-POKEMON-XY-POLIWAG-REV-FOIL-EVOLUTIONS-23-PSA-10-/305860391858
9283974f-30b3-43d3-9b8c-6c19dea3dd51,2026-09-13,465.12,eBay,AUCTION,ok,0,https://www.ebay.com/itm/137689759556
9283974f-30b3-43d3-9b8c-6c19dea3dd51,2026-09-09,400,eBay,AUCTION,ok,0,https://www.ebay.com/itm/800604080626
9283974f-30b3-43d3-9b8c-6c19dea3dd51,2026-08-13,400,eBay,AUCTION,ok,0,https://www.ebay.com/itm/307109917149
9283974f-30b3-43d3-9b8c-6c19dea3dd51,2026-07-01,386,eBay,AUCTION,ok,0,https://www.ebay.com/itm/366501756847
9283974f-30b3-43d3-9b8c-6c19dea3dd51,2026-06-24,416,eBay,AUCTION,ok,0,https://www.ebay.com/itm/366486354132
9283974f-30b3-43d3-9b8c-6c19dea3dd51,2026-06-18,408,eBay,AUCTION,ok,0,https://www.ebay.com/itm/298404014414
9283974f-30b3-43d3-9b8c-6c19dea3dd51,2026-06-03,350,eBay,AUCTION,RELISTED,0,https://www.ebay.com/itm/377215696136
9283974f-30b3-43d3-9b8c-6c19dea3dd51,2026-04-12,280,eBay,AUCTION,ok,0,https://www.ebay.com/itm/287251626816
9283974f-30b3-43d3-9b8c-6c19dea3dd51,2026-02-12,95,PWCC Fixed Price,BEST_OFFER,ok,0,https://www.fanaticscollect.com/buy-now/bb0d0b8c-2908-492c-8683-44bf88eb15d7
9283974f-30b3-43d3-9b8c-6c19dea3dd51,2026-02-10,153,eBay,BEST_OFFER,ok,0,https://www.ebay.com/itm/117021756576
92c8b2ee-75ad-49b6-aae8-b7630966728b,2026-09-04,954,Alt,AUCTION,ok,0,https://alt.xyz/exchange/select-listing?ids=1af31848-2afd-4904-905d-16b1ffee1d2f
92c8b2ee-75ad-49b6-aae8-b7630966728b,2026-09-03,625,Heritage Auctions,AUCTION,ok,0,https://comics.ha.com/itm/memorabilia/trading-cards/pokemon-skuntank-013-japanese-melee-pokemon-scramble-psa-trading-card-game-gem-mint-10-the-pokemon-company-2009-/p/43249-11009.s?type=DA-DMC-AltPlatform-TradingCardGames-43249-09032026
92c8b2ee-75ad-49b6-aae8-b7630966728b,2026-08-16,810,PWCC Weekly Auctions,AUCTION,ok,0,https://www.fanaticscollect.com/weekly/4b3a0656-945a-11f1-96ff-02ffcc23738f
92c8b2ee-75ad-49b6-aae8-b7630966728b,2026-07-01,1225,eBay,AUCTION,ok,0,https://www.ebay.com/itm/366501743881
92c8b2ee-75ad-49b6-aae8-b7630966728b,2026-06-04,1025,eBay,AUCTION,ok,0,https://www.ebay.com/itm/406952009344
92c8b2ee-75ad-49b6-aae8-b7630966728b,2026-05-03,930,PWCC Weekly Auctions,AUCTION,ok,0,https://www.fanaticscollect.com/weekly/bf0ba70c-3f31-11f1-a342-027aafb6d205
92c8b2ee-75ad-49b6-aae8-b7630966728b,2026-04-15,760,eBay,AUCTION,ok,0,https://www.ebay.com/itm/117131147627
92c8b2ee-75ad-49b6-aae8-b7630966728b,2026-04-02,945.6,Alt,AUCTION,ok,0,https://alt.xyz/exchange/select-listing?ids=e33d3b24-b4b9-44b5-9c80-2b0e9dc22ced
92c8b2ee-75ad-49b6-aae8-b7630966728b,2026-02-17,681.44,eBay,BUY_IT_NOW,ok,0,https://www.ebay.com/itm/298004033132
92c8b2ee-75ad-49b6-aae8-b7630966728b,2026-02-07,750,eBay,BUY_IT_NOW,ok,0,https://www.ebay.com/itm/396216969235
92d01918-79cb-4975-b1f9-a8a9423997d7,2026-08-09,3355,Goldin Auctions,AUCTION,ok,0,https://goldin.co/item/2016-pokemon-xy-evolutions-holo-36-raichu-psa-gem-mt-10iaw21
92d01918-79cb-4975-b1f9-a8a9423997d7,2025-01-19,1600,eBay,BEST_OFFER,ok,0,https://www.ebay.com/itm/2016-Evolutions-holo-Raichu-36-PSA-10-POP-17-/326344932555
92d01918-79cb-4975-b1f9-a8a9423997d7,2024-12-01,1250,eBay,AUCTION,ok,0,https://www.ebay.com/itm/Pokemon-Raichu-XY-Evolutions-Holo-Rare-36-PSA-10-Gem-Mint-/286178767284
92d01918-79cb-4975-b1f9-a8a9423997d7,2024-06-21,367.2,Alt,AUCTION,ok,0,https://alt.xyz/exchange/select-listing?ids=d33f629d-fafb-44b2-a307-459585d41997
92d01918-79cb-4975-b1f9-a8a9423997d7,2024-03-17,312,PWCC Weekly Auctions,AUCTION,ok,0,https://www.fanaticscollect.com/weekly/5eec9a34-d345-11ee-b7c6-0a42ebd7cfb5
92d01918-79cb-4975-b1f9-a8a9423997d7,2022-12-10,103.5,eBay,AUCTION,ok,0,https://www.ebay.com/itm/2016-Pokemon-XY-Evolutions-Raichu-36-PSA-10-Gem-Mint-/234808873480
92d01918-79cb-4975-b1f9-a8a9423997d7,2022-11-26,280,eBay,BEST_OFFER,ok,0,https://www.ebay.com/itm/Psa-10-2016-Raichu-XY-evolutions-holo-PSA-10-POP-15-/314246707465
92d01918-79cb-4975-b1f9-a8a9423997d7,2022-11-06,300,eBay,AUCTION,ok,0,https://www.ebay.com/itm/Psa-10-2016-Raichu-XY-evolutions-holo-PSA-10-POP-15-No-Reserve-/165751668797
92d01918-79cb-4975-b1f9-a8a9423997d7,2022-10-24,350,eBay,BEST_OFFER,ok,0,https://www.ebay.com/itm/Pokemon-Evolutions-Raichu-HOLO-PSA-10-GEM-/195430472369
92d01918-79cb-4975-b1f9-a8a9423997d7,2022-09-12,1000,eBay,BUY_IT_NOW,ok,0,https://www.ebay.com/itm/2016-Raichu-XY-evolutions-holo-PSA-10-POP-15-/385112586571
925f5672-2ebd-40ea-b577-20dd9c2f0f20,2026-07-23,172.64,CardHobby,AUCTION,ok,0,https://www.cardhobby.com/#/carddetails/123871946
925f5672-2ebd-40ea-b577-20dd9c2f0f20,2026-07-19,222,eBay,AUCTION,ok,0,https://www.ebay.com/itm/117296731230
925f5672-2ebd-40ea-b577-20dd9c2f0f20,2026-07-12,177.5,eBay,AUCTION,ok,0,https://www.ebay.com/itm/287433882288
925f5672-2ebd-40ea-b577-20dd9c2f0f20,2026-04-02,150,eBay,BEST_OFFER,ok,0,https://www.ebay.com/itm/227284271608
925f5672-2ebd-40ea-b577-20dd9c2f0f20,2026-01-05,90,eBay,BEST_OFFER,ok,0,https://www.ebay.com/itm/394433473816
925f5672-2ebd-40ea-b577-20dd9c2f0f20,2025-10-04,59.5,eBay,AUCTION,ok,0,https://www.ebay.com/itm/187608846812
925f5672-2ebd-40ea-b577-20dd9c2f0f20,2025-08-04,120,PWCC Weekly Auctions,AUCTION,ok,0,https://www.fanaticscollect.com/weekly/083df810-6695-11f0-a89e-0a58a9feac02
925f5672-2ebd-40ea-b577-20dd9c2f0f20,2025-06-22,40.34,eBay,AUCTION,ok,0,https://www.ebay.com/itm/396747010246
925f5672-2ebd-40ea-b577-20dd9c2f0f20,2025-04-04,52.55,eBay,AUCTION,ok,0,https://www.ebay.com/itm/297156165119
925f5672-2ebd-40ea-b577-20dd9c2f0f20,2024-12-31,40,eBay,BUY_IT_NOW,ok,0,https://www.ebay.com/itm/2001-Pokemon-Japanese-Web-Series-1st-Edition-Exeggutor-020-PSA-10-Gem-Mint-/205124003326
929bcfb6-1f02-41f4-b9aa-5ba2bed0739c,2025-07-02,86,eBay,BEST_OFFER,ok,0,https://www.ebay.com/itm/355849320857
929bcfb6-1f02-41f4-b9aa-5ba2bed0739c,2025-03-19,50,eBay,BEST_OFFER,ok,0,https://www.ebay.com/itm/315970606995
929bcfb6-1f02-41f4-b9aa-5ba2bed0739c,2025-02-14,41,eBay,AUCTION,ok,0,https://www.ebay.com/itm/2000-Pokemon-Gym-Heroes-SABRINAS-MR-MIME-94-132-PSA-10-POP-15-94-/126926845528
929bcfb6-1f02-41f4-b9aa-5ba2bed0739c,2024-10-27,38.45,eBay,AUCTION,ok,0,https://www.ebay.com/itm/2000-POKEMON-GYM-HEROES-94-SABRINAS-MR-MIME-PSA-10-/135306978122
929bcfb6-1f02-41f4-b9aa-5ba2bed0739c,2024-09-25,64.99,eBay,BUY_IT_NOW,ok,0,https://www.ebay.com/itm/2000-Pokemon-Gym-Heroes-94-Sabrinas-Mr-Mime-PSA-10-Vintage-/375601332406
929bcfb6-1f02-41f4-b9aa-5ba2bed0739c,2023-03-16,99,eBay,BUY_IT_NOW,ok,0,https://www.ebay.com/itm/2000-Pokemon-Gym-Heroes-SABRINAS-MR-MIME-94-132-PSA-10-POP-6-/363875408152
929bcfb6-1f02-41f4-b9aa-5ba2bed0739c,2022-08-29,45,eBay,BUY_IT_NOW,ok,0,https://www.ebay.com/itm/2000-Pokemon-Gym-Heroes-SABRINAS-MR-MIME-94-132-PSA-10-POP-6-/363875408152
929bcfb6-1f02-41f4-b9aa-5ba2bed0739c,2021-11-14,49.99,eBay,AUCTION,ok,0,https://www.ebay.com/itm/PSA-10-Gem-Mint-SABRINAS-MR-MIME-Pokemon-TCG-Gym-Heroes-94-51446798-/294530176033
92c08965-57ae-4130-b8f3-9d5783959559,2026-09-17,1229.06,eBay,BEST_OFFER,ok,0,https://www.ebay.com/itm/178341167179
92c08965-57ae-4130-b8f3-9d5783959559,2026-09-01,1200,eBay,BUY_IT_NOW,ok,0,https://www.ebay.com/itm/117391016912
92c08965-57ae-4130-b8f3-9d5783959559,2026-08-18,1025,eBay,AUCTION,ok,0,https://www.ebay.com/itm/117350109911
92c08965-57ae-4130-b8f3-9d5783959559,2026-08-09,1230,PWCC Weekly Auctions,AUCTION,ok,0,https://www.fanaticscollect.com/weekly/aa96f7ee-8ded-11f1-b8f8-0a07ace46759
92c08965-57ae-4130-b8f3-9d5783959559,2026-08-08,1200,eBay,AUCTION,ok,0,https://www.ebay.com/itm/298547982963
92c08965-57ae-4130-b8f3-9d5783959559,2026-07-26,1255,eBay,AUCTION,ok,0,https://www.ebay.com/itm/287468586260
92c08965-57ae-4130-b8f3-9d5783959559,2026-07-12,1025,eBay,AUCTION,RELISTED,0,https://www.ebay.com/itm/287436134246
92c08965-57ae-4130-b8f3-9d5783959559,2026-05-31,1875,eBay,BUY_IT_NOW,ok,0,https://www.ebay.com/itm/157869110200
92c08965-57ae-4130-b8f3-9d5783959559,2026-04-26,1300,eBay,AUCTION,ok,0,https://www.ebay.com/itm/287278143538
92c08965-57ae-4130-b8f3-9d5783959559,2026-04-09,1191,eBay,AUCTION,ok,0,https://www.ebay.com/itm/366322789061
925ad9d3-78e2-44b8-a485-5306ceef6ce7,2026-07-05,110.4,PWCC Weekly Auctions,AUCTION,ok,0,https://www.fanaticscollect.com/weekly/c44968a6-6e81-11f1-9c18-0a58a9feac02
925ad9d3-78e2-44b8-a485-5306ceef6ce7,2025-12-15,80,eBay,BUY_IT_NOW,ok,0,https://www.ebay.com/itm/306648679633
925ad9d3-78e2-44b8-a485-5306ceef6ce7,2025-12-07,54.64,eBay,AUCTION,ok,0,https://www.ebay.com/itm/157504004707
925ad9d3-78e2-44b8-a485-5306ceef6ce7,2025-11-15,60.39,eBay,AUCTION,RELISTED,0,https://www.ebay.com/itm/297742423865
925ad9d3-78e2-44b8-a485-5306ceef6ce7,2025-10-11,80,eBay,BEST_OFFER,ok,0,https://www.ebay.com/itm/363151172677
925ad9d3-78e2-44b8-a485-5306ceef6ce7,2025-09-19,70,eBay,BEST_OFFER,ok,0,https://www.ebay.com/itm/357586007235
925ad9d3-78e2-44b8-a485-5306ceef6ce7,2025-09-16,89.99,eBay,BUY_IT_NOW,ok,0,https://www.ebay.com/itm/364184028456
925ad9d3-78e2-44b8-a485-5306ceef6ce7,2025-08-24,43.2,PWCC Weekly Auctions,AUCTION,ok,0,https://www.fanaticscollect.com/weekly/468ad258-77c7-11f0-8dcc-0a58a9feac02
925ad9d3-78e2-44b8-a485-5306ceef6ce7,2025-07-14,52.6,eBay,BEST_OFFER,ok,0,https://www.ebay.com/itm/375315874596
925ad9d3-78e2-44b8-a485-5306ceef6ce7,2025-01-26,28,eBay,AUCTION,ok,0,https://www.ebay.com/itm/PSA-10-Gem-Mint-Tangela-005-048-Web-Unlimited-2001-Promo-Japanese-Pokemon-Card-/186897576922
921911a8-1cba-4582-8b43-094a57ffa678,2026-06-02,100,eBay,BUY_IT_NOW,ok,0,https://www.ebay.com/itm/137316713114
921911a8-1cba-4582-8b43-094a57ffa678,2026-04-03,75,eBay,BEST_OFFER,ok,0,https://www.ebay.com/itm/376963198169
921911a8-1cba-4582-8b43-094a57ffa678,2025-12-25,75,eBay,BUY_IT_NOW,ok,0,https://www.ebay.com/itm/317187394683
921911a8-1cba-4582-8b43-094a57ffa678,2025-09-29,110,PWCC Fixed Price,BEST_OFFER,ok,0,https://sales-history.pwccmarketplace.com/items/FIXED339903
921911a8-1cba-4582-8b43-094a57ffa678,2023-11-25,59.99,eBay,BUY_IT_NOW,ok,0,https://www.ebay.com/itm/1999-Topps-Pokemon-TV-Bellsprout-69-PSA-10-Gem-Mint-/285341330627
921911a8-1cba-4582-8b43-094a57ffa678,2023-03-27,48.95,eBay,BEST_OFFER,ok,0,https://www.ebay.com/itm/1999-TOPPS-POKEMON-TV-BELLSPROUT-69-PSA-10-GEM-MINT-/404044029582
921911a8-1cba-4582-8b43-094a57ffa678,2021-11-25,65,eBay,BEST_OFFER,ok,0,https://www.ebay.com/itm/1999-Pokemon-Topps-Series-1-Bellsprout-69-PSA-10-GEM-MINT-/403302218023
92f29302-5368-4b5a-9c8f-493b0cc76793,2026-08-05,1400,eBay,BUY_IT_NOW,ok,0,https://www.ebay.com/itm/117331883921
92f29302-5368-4b5a-9c8f-493b0cc76793,2026-04-12,898,eBay,AUCTION,ok,0,https://www.ebay.com/itm/287251552841
92f29302-5368-4b5a-9c8f-493b0cc76793,2026-03-15,885,eBay,AUCTION,ok,0,https://www.ebay.com/itm/287182385610
92f29302-5368-4b5a-9c8f-493b0cc76793,2025-12-23,250,eBay,BUY_IT_NOW,ok,0,https://www.ebay.com/itm/317564591388
92f29302-5368-4b5a-9c8f-493b0cc76793,2025-06-07,100,eBay,BEST_OFFER,ok,0,https://www.ebay.com/itm/255996755163
92f29302-5368-4b5a-9c8f-493b0cc76793,2025-05-21,99.99,eBay,BUY_IT_NOW,ok,0,https://www.ebay.com/itm/115635333158
92f29302-5368-4b5a-9c8f-493b0cc76793,2025-04-12,94.99,eBay,BUY_IT_NOW,ok,0,https://www.ebay.com/itm/166575479199
92f29302-5368-4b5a-9c8f-493b0cc76793,2025-02-03,90,eBay,BUY_IT_NOW,ok,0,https://www.ebay.com/itm/Pokemon-PSA-10-GEM-MT-Diglett-61-112-Fire-Red-Leaf-Green-Reverse-Holo-S-2554-/266077756147
92f29302-5368-4b5a-9c8f-493b0cc76793,2025-01-19,89.99,eBay,BUY_IT_NOW,ok,0,https://www.ebay.com/itm/Pokemon-PSA-10-Gem-Mint-Diglett-Reverse-Holo-61-112-Ex-Fire-Red-Leaf-Green-/226054062493
92f29302-5368-4b5a-9c8f-493b0cc76793,2024-12-30,84,eBay,AUCTION,ok,0,https://www.ebay.com/itm/POKEMON-CARD-DIGLETT-REVERSE-FOIL-EX-FIRE-RED-LEAF-GREEN-61-PSA-10-GEM-MINT-/146284455309
924c8448-6ed4-440f-bf02-bc2ae53e952d,2024-12-17,63,eBay,BUY_IT_NOW,ok,0,https://www.ebay.com/itm/PSA-10-GEM-MINT-Beedrill-18-75-RARE-Neo-Discovery-Pokemon-Card-565-/404586890454
924c8448-6ed4-440f-bf02-bc2ae53e952d,2022-01-18,37,eBay,AUCTION,ok,0,https://www.ebay.com/itm/PSA-10-Pokemon-Neo-Discovery-Rare-Beedrill-18-75-GEM-MINT-/265490998894
924c8448-6ed4-440f-bf02-bc2ae53e952d,2021-12-13,62,eBay,BEST_OFFER,ok,0,https://www.ebay.com/itm/PSA-10-Pokemon-Neo-Discovery-Non-Holo-Rare-Beedrill-18-75-GEM-MINT-/175050912561
924c8448-6ed4-440f-bf02-bc2ae53e952d,2021-12-09,39,eBay,AUCTION,ok,0,https://www.ebay.com/itm/2001-Pokemon-Neo-Discovery-18-Beedrill-PSA-10-GEM-MINT-/384559353945
92d0ba0d-efaf-49fc-a9fb-60bd472c56a6,2025-01-17,21,eBay,AUCTION,ok,0,https://www.ebay.com/itm/PSA-10-Gem-Mint-Aquapolis-Apricorn-Forest-118-NON-HOLO-Pokemon-Tcg-Card-Graded-/135492648397
92d0ba0d-efaf-49fc-a9fb-60bd472c56a6,2024-11-25,33.6,PWCC Weekly Auctions,AUCTION,ok,0,https://www.fanaticscollect.com/weekly/51d7578c-9580-11ef-a9a5-0a58a9feac02
92d0ba0d-efaf-49fc-a9fb-60bd472c56a6,2024-10-13,24,PWCC Weekly Auctions,AUCTION,NOT_PAID,0,https://www.pwccmarketplace.com/items/4694799
92d0ba0d-efaf-49fc-a9fb-60bd472c56a6,2024-07-13,13.62,eBay,AUCTION,ok,0,https://www.ebay.com/itm/2003-Pokemon-Aquapolis-118-147-Apricorn-Forest-PSA-10-Gem-Mint-/315524706619
92d0ba0d-efaf-49fc-a9fb-60bd472c56a6,2024-03-13,27.99,eBay,AUCTION,ok,0,https://www.ebay.com/itm/PSA-10-GEM-MINT-Apricorn-Forest-118-147-Aquapolis-E-Reader-2003-Pokemon-Card-/156103921910
92d0ba0d-efaf-49fc-a9fb-60bd472c56a6,2023-12-10,30,eBay,AUCTION,ok,0,https://www.ebay.com/itm/PSA-10-GEM-MINT-Apricorn-Forest-118-147-Aquapolis-E-Reader-Pokemon-Card-794-/276172612668
92d0ba0d-efaf-49fc-a9fb-60bd472c56a6,2022-06-01,49.99,eBay,AUCTION,ok,0,https://www.ebay.com/itm/Apricorn-Forest-PSA-10-Aquapolis-118-2003-Pokemon-Card-/185440442067
92d0ba0d-efaf-49fc-a9fb-60bd472c56a6,2022-05-15,20.5,eBay,AUCTION,ok,0,https://www.ebay.com/itm/Apricorn-Forest-PSA-10-Aquapolis-118-2003-Pokemon-Card-/224974438694
92d0ba0d-efaf-49fc-a9fb-60bd472c56a6,2022-01-03,18.5,eBay,AUCTION,ok,0,https://www.ebay.com/itm/2003-Pokemon-Aquapolis-118-Apricorn-Forrest-PSA-10-GEM-MINT-/384638016542
92d0ba0d-efaf-49fc-a9fb-60bd472c56a6,2021-12-09,42,eBay,AUCTION,ok,0,https://www.ebay.com/itm/2003-Pokemon-Aquapolis-118-Apricorn-Forest-PSA-10-GEM-MINT-/384559399232
92758f42-a086-4dbf-bc94-08a945b14814,2026-08-30,320,eBay,AUCTION,ok,0,https://www.ebay.com/itm/227488772399
92758f42-a086-4dbf-bc94-08a945b14814,2026-08-23,400,eBay,BUY_IT_NOW,ok,0,https://www.ebay.com/itm/117321121864
92758f42-a086-4dbf-bc94-08a945b14814,2026-01-01,50,eBay,BEST_OFFER,ok,0,https://www.ebay.com/itm/336318552937
92758f42-a086-4dbf-bc94-08a945b14814,2025-09-29,82.61,eBay,BEST_OFFER,ok,0,https://www.ebay.com/itm/385651553286
92758f42-a086-4dbf-bc94-08a945b14814,2024-08-12,17.62,eBay,AUCTION,ok,0,https://www.ebay.com/itm/PSA-10-GEM-MT-Topps-Pokemon-TV-Animation-Series-2-Foil-Exeggutor-103-/296608667864
92758f42-a086-4dbf-bc94-08a945b14814,2024-07-21,33.5,eBay,AUCTION,ok,0,https://www.ebay.com/itm/2000-Pokemon-Topps-Exeggutor-Animation-Series-2-Foil-103-PSA-10-Gem-Mint-/285955531100
92758f42-a086-4dbf-bc94-08a945b14814,2023-12-13,85.5,eBay,BUY_IT_NOW,ok,0,https://www.ebay.com/itm/PSA-10-Exeggutor-Foil-Topps-TV-Animation-Series-2-2000-Pokemon-Card-103-/314981558188
92758f42-a086-4dbf-bc94-08a945b14814,2023-09-10,41,eBay,AUCTION,ok,0,https://www.ebay.com/itm/Pokemon-Exeggutor-Topps-Animation-Series-2-Foil-PSA-10-2000-Pokemon-TV-/175884466988
92758f42-a086-4dbf-bc94-08a945b14814,2021-12-25,66,eBay,AUCTION,ok,0,https://www.ebay.com/itm/2000-Topps-tv-Animation-Pokemon-Foil-Exeggutor-Psa-10-/234341980560
92bb4e8d-ee2a-4b9e-b0c6-ac1f1e466cfa,2026-05-19,2700,eBay,BEST_OFFER,ok,0,https://www.ebay.com/itm/147317236212
92bb4e8d-ee2a-4b9e-b0c6-ac1f1e466cfa,2025-01-12,630,PWCC Weekly Auctions,AUCTION,ok,0,https://www.fanaticscollect.com/weekly/64ec9cc2-bef9-11ef-99bc-067e32ad9469
92bb4e8d-ee2a-4b9e-b0c6-ac1f1e466cfa,2024-05-05,660,PWCC Weekly Auctions,AUCTION,ok,0,https://www.fanaticscollect.com/weekly/33d2a500-f6f9-11ee-a7ed-0a58a9feac02
92bb4e8d-ee2a-4b9e-b0c6-ac1f1e466cfa,2023-09-22,730,eBay,AUCTION,ok,0,https://www.ebay.com/itm/PSA-10-Mint-Japanese-Pokemon-Center-Osaka-Promo-Meowth-2002-E-020-P-/195979780781
92bb4e8d-ee2a-4b9e-b0c6-ac1f1e466cfa,2023-08-20,868.08,eBay,AUCTION,ok,0,https://www.ebay.com/itm/Japanese-Pokemon-Pokemon-Centre-Osaka-020-P-Promo-PSA-10-/385933418904
92bb4e8d-ee2a-4b9e-b0c6-ac1f1e466cfa,2022-05-18,710,eBay,AUCTION,ok,0,https://www.ebay.com/itm/2002-Pokemon-Japanese-Promo-020-P-Pokemon-Center-Osaka-PSA-10-GEM-MINT-/363835651916
92bb4e8d-ee2a-4b9e-b0c6-ac1f1e466cfa,2021-12-26,1680,eBay,BUY_IT_NOW,ok,0,https://www.ebay.com/itm/PSA-10-POP-10-Japanese-Pokemon-Center-New-York-Opening-OSAKA-020-P-Promo-Card-/393823185056
92565a52-b79c-4768-a830-563dd974fee3,2026-08-30,275,eBay,BUY_IT_NOW,ok,0,https://www.ebay.com/itm/198536458149
92565a52-b79c-4768-a830-563dd974fee3,2026-08-17,217.5,eBay,AUCTION,ok,0,https://www.ebay.com/itm/117349395847
92565a52-b79c-4768-a830-563dd974fee3,2026-07-27,129.6,eBay,BUY_IT_NOW,ok,0,https://www.ebay.com/itm/168407944320
92565a52-b79c-4768-a830-563dd974fee3,2026-07-26,149.99,eBay,BEST_OFFER,ok,0,https://www.ebay.com/itm/267540710975
92565a52-b79c-4768-a830-563dd974fee3,2026-07-13,90,eBay,BUY_IT_NOW,ok,0,https://www.ebay.com/itm/307056733961
92565a52-b79c-4768-a830-563dd974fee3,2026-07-05,90,eBay,BEST_OFFER,ok,0,https://www.ebay.com/itm/318544685029
92565a52-b79c-4768-a830-563dd974fee3,2026-06-25,69,eBay,AUCTION,ok,0,https://www.ebay.com/itm/298414117833
92565a52-b79c-4768-a830-563dd974fee3,2026-06-21,111,eBay,AUCTION,ok,0,https://www.ebay.com/itm/298414117563
92565a52-b79c-4768-a830-563dd974fee3,2026-06-18,78,Alt,AUCTION,ok,0,https://alt.xyz/exchange/select-listing?ids=98266d22-c617-4a3c-b140-846dbe2a0c76
92565a52-b79c-4768-a830-563dd974fee3,2026-05-20,130,eBay,BUY_IT_NOW,ok,0,https://www.ebay.com/itm/117205784825
9238c93f-e184-4aeb-bb05-3ac04130851b,2026-09-13,283,eBay,AUCTION,ok,0,https://www.ebay.com/itm/298649457503
9238c93f-e184-4aeb-bb05-3ac04130851b,2026-06-06,239.99,eBay,BEST_OFFER,ok,0,https://www.ebay.com/itm/188476429599
9238c93f-e184-4aeb-bb05-3ac04130851b,2026-05-18,155.19,eBay,AUCTION,ok,0,https://www.ebay.com/itm/377182215941
9238c93f-e184-4aeb-bb05-3ac04130851b,2025-07-13,42,eBay,AUCTION,ok,0,https://www.ebay.com/itm/286690654859
9238c93f-e184-4aeb-bb05-3ac04130851b,2025-05-04,52.53,eBay,AUCTION,ok,0,https://www.ebay.com/itm/135730782676
9238c93f-e184-4aeb-bb05-3ac04130851b,2025-04-01,42.01,eBay,AUCTION,ok,0,https://www.ebay.com/itm/335875651446
9238c93f-e184-4aeb-bb05-3ac04130851b,2025-03-25,96.92,eBay,BEST_OFFER,RELISTED,0,https://www.ebay.com/itm/316160090069
9238c93f-e184-4aeb-bb05-3ac04130851b,2025-03-16,55,eBay,BEST_OFFER,ok,0,https://www.ebay.com/itm/205232366540
9238c93f-e184-4aeb-bb05-3ac04130851b,2025-02-02,48,eBay,AUCTION,ok,0,https://www.ebay.com/itm/2000-Pokemon-Topps-Chrome-Dewgong-87-PSA-10-Gem-Mint-/286282665195
9238c93f-e184-4aeb-bb05-3ac04130851b,2025-01-23,60,eBay,BEST_OFFER,ok,0,https://www.ebay.com/itm/2000-Pokemon-Topps-TV-Animation-Series-2-Dewgong-Holo-87-PSA-10-GEM-MINT-/156649271020
9213cbc9-c118-4862-980f-2a9741f1cf3b,2026-09-07,32,eBay,BEST_OFFER,ok,0,https://www.ebay.com/itm/236833487157
9213cbc9-c118-4862-980f-2a9741f1cf3b,2026-06-05,23,eBay,BEST_OFFER,ok,0,https://www.ebay.com/itm/298337567049
9213cbc9-c118-4862-980f-2a9741f1cf3b,2026-05-21,33,eBay,BEST_OFFER,ok,0,https://www.ebay.com/itm/306943609234
9213cbc9-c118-4862-980f-2a9741f1cf3b,2026-05-16,22.5,eBay,AUCTION,ok,0,https://www.ebay.com/itm/298301022071
9213cbc9-c118-4862-980f-2a9741f1cf3b,2026-05-11,16.5,eBay,AUCTION,ok,0,https://www.ebay.com/itm/397920835352
9213cbc9-c118-4862-980f-2a9741f1cf3b,2026-04-03,21,eBay,BEST_OFFER,ok,0,https://www.ebay.com/itm/358005910281
9213cbc9-c118-4862-980f-2a9741f1cf3b,2026-03-24,26,eBay,BEST_OFFER,ok,0,https://www.ebay.com/itm/227270688916
9213cbc9-c118-4862-980f-2a9741f1cf3b,2025-09-07,21.6,PWCC Weekly Auctions,AUCTION,ok,0,https://www.fanaticscollect.com/weekly/df6a41f8-7f73-11f0-92a4-0a58a9feac02
9213cbc9-c118-4862-980f-2a9741f1cf3b,2025-03-19,18.25,eBay,BEST_OFFER,ok,0,https://www.ebay.com/itm/135628642926
9213cbc9-c118-4862-980f-2a9741f1cf3b,2025-01-31,16.51,eBay,AUCTION,ok,0,https://www.ebay.com/itm/2020-POKEMON-JAPANESE-SWORD-SHIELD-FULL-ART-081-AEGISLASH-VMAX-PSA-10-/306059911151
92835dad-2e9c-4fa7-add0-f4beb27d347c,2022-02-28,99,eBay,BUY_IT_NOW,ok,0,https://www.ebay.com/itm/2007-Diamond-Pearl-Secret-Wonders-Sharpedo-Reverse-Foil-37-PSA-10-Gem-Mint-/255403315515
92835dad-2e9c-4fa7-add0-f4beb27d347c,2022-02-20,49.2,PWCC Weekly Auctions,AUCTION,ok,0,https://www.fanaticscollect.com/weekly/202b3d00-6f23-11ed-86ab-0a58a9feac02
92361629-438d-4ca5-966d-43becc178e8f,2022-03-15,9.01,eBay,AUCTION,ok,0,https://www.ebay.com/itm/2020-Pokemon-Vivid-Voltage-031-185-Wailmer-PSA-10-Gem-Mint-/255425244557
920d560c-5df1-46d9-b0ad-9012da01e167,2026-08-09,56.66,eBay,BEST_OFFER,ok,0,https://www.ebay.com/itm/226381747895
920d560c-5df1-46d9-b0ad-9012da01e167,2025-10-19,21.5,eBay,AUCTION,ok,0,https://www.ebay.com/itm/297674577403
920d560c-5df1-46d9-b0ad-9012da01e167,2025-09-13,22,eBay,AUCTION,ok,0,https://www.ebay.com/itm/297577416581
920d560c-5df1-46d9-b0ad-9012da01e167,2025-09-07,21.5,eBay,AUCTION,ok,0,https://www.ebay.com/itm/286791498582
920d560c-5df1-46d9-b0ad-9012da01e167,2025-03-30,18,PWCC Weekly Auctions,AUCTION,ok,0,https://www.fanaticscollect.com/weekly/989f4246-0020-11f0-9848-0a58a9feac02
920d560c-5df1-46d9-b0ad-9012da01e167,2025-03-23,20.4,PWCC Weekly Auctions,AUCTION,ok,0,https://www.fanaticscollect.com/weekly/f452c63a-0020-11f0-bbe7-0a94d12e154b
920d560c-5df1-46d9-b0ad-9012da01e167,2025-03-02,19.5,eBay,AUCTION,ok,0,https://www.ebay.com/itm/Pokemon-Gible-Ultra-Shiny-GX-Japanese-Shiny-Rare-198-PSA-10-Gem-Mint-/286351248820
920d560c-5df1-46d9-b0ad-9012da01e167,2024-06-22,38,eBay,BUY_IT_NOW,ok,0,https://www.ebay.com/itm/Pokemon-PSA-10-GEM-MINT-SM8b-198-150-Holo-Shiny-Gible-Japanese-Ultra-Shiny-GX-/226083444760
920d560c-5df1-46d9-b0ad-9012da01e167,2024-03-24,45,eBay,AUCTION,ok,0,https://www.ebay.com/itm/Pokemon-PSA-10-GEM-MINT-SM8b-198-150-Holo-Shiny-Gible-Japanese-Ultra-Shiny-GX-/256449321219
920d560c-5df1-46d9-b0ad-9012da01e167,2024-03-03,15.5,eBay,AUCTION,ok,0,https://www.ebay.com/itm/Pokemon-PSA-10-GEM-MINT-SM8b-198-150-Holo-Shiny-Gible-Japanese-Ultra-Shiny-GX-/256423661720
92f3824a-c3cf-4538-92c1-729d32bce719,2026-08-29,210,eBay,BEST_OFFER,ok,0,https://www.ebay.com/itm/358653270191
92f3824a-c3cf-4538-92c1-729d32bce719,2026-08-29,199.99,eBay,BUY_IT_NOW,ok,0,https://www.ebay.com/itm/407128783989
92f3824a-c3cf-4538-92c1-729d32bce719,2026-08-26,179.99,eBay,BUY_IT_NOW,ok,0,https://www.ebay.com/itm/406866454643
92f3824a-c3cf-4538-92c1-729d32bce719,2026-07-07,205,eBay,BEST_OFFER,ok,0,https://www.ebay.com/itm/227064591169
92f3824a-c3cf-4538-92c1-729d32bce719,2026-05-07,168.5,eBay,AUCTION,ok,0,https://www.ebay.com/itm/306898382921
92f3824a-c3cf-4538-92c1-729d32bce719,2026-04-10,275,eBay,BEST_OFFER,ok,0,https://www.ebay.com/itm/236242755820
92f3824a-c3cf-4538-92c1-729d32bce719,2025-11-27,120,eBay,AUCTION,ok,0,https://www.ebay.com/itm/297773629995
92f3824a-c3cf-4538-92c1-729d32bce719,2025-10-16,116.4,Alt,AUCTION,ok,0,https://alt.xyz/exchange/select-listing?ids=426bd1d0-03dc-4315-8675-6c2c4cce87f6
92f3824a-c3cf-4538-92c1-729d32bce719,2025-08-24,136.5,eBay,AUCTION,ok,0,https://www.ebay.com/itm/388856846183
92f3824a-c3cf-4538-92c1-729d32bce719,2025-07-31,184.99,eBay,BUY_IT_NOW,ok,0,https://www.ebay.com/itm/355803857408
926e86b3-753d-4c0a-9513-489ad6b900cd,2026-09-18,129.99,eBay,BUY_IT_NOW,ok,0,https://www.ebay.com/itm/227525827965
926e86b3-753d-4c0a-9513-489ad6b900cd,2026-09-11,139,eBay,BUY_IT_NOW,ok,0,https://www.ebay.com/itm/318723935809
926e86b3-753d-4c0a-9513-489ad6b900cd,2026-09-11,124.99,eBay,BEST_OFFER,ok,0,https://www.ebay.com/itm/206528067499
926e86b3-753d-4c0a-9513-489ad6b900cd,2026-09-10,126,Alt,AUCTION,ok,0,https://alt.xyz/exchange/select-listing?ids=0354ac6b-3a69-43c0-a994-e9f3ddcde11f
926e86b3-753d-4c0a-9513-489ad6b900cd,2026-09-09,96,eBay,AUCTION,ok,0,https://www.ebay.com/itm/117390917327
926e86b3-753d-4c0a-9513-489ad6b900cd,2026-09-06,90.99,eBay,AUCTION,ok,0,https://www.ebay.com/itm/287552956358
926e86b3-753d-4c0a-9513-489ad6b900cd,2026-09-02,125,eBay,AUCTION,ok,0,https://www.ebay.com/itm/800568052645
926e86b3-753d-4c0a-9513-489ad6b900cd,2026-09-02,112.66,eBay,AUCTION,ok,0,https://www.ebay.com/itm/377454239471
926e86b3-753d-4c0a-9513-489ad6b900cd,2026-08-27,139.2,Alt,AUCTION,ok,0,https://alt.xyz/exchange/select-listing?ids=f2f5463e-6390-4a2d-8258-feb18cc62268
926e86b3-753d-4c0a-9513-489ad6b900cd,2026-08-26,132.5,eBay,AUCTION,ok,0,https://www.ebay.com/itm/117367134604
92ef851a-9d3a-4200-a861-ac463eccebd0,2026-09-14,90,eBay,BEST_OFFER,ok,0,https://www.ebay.com/itm/198569161395
92ef851a-9d3a-4200-a861-ac463eccebd0,2026-09-01,95,eBay,AUCTION,ok,0,https://www.ebay.com/itm/278318354539
92ef851a-9d3a-4200-a861-ac463eccebd0,2026-08-12,80,eBay,BEST_OFFER,ok,0,https://www.ebay.com/itm/800487744239
92ef851a-9d3a-4200-a861-ac463eccebd0,2026-08-04,100,eBay,BUY_IT_NOW,ok,0,https://www.ebay.com/itm/336718854273
92ef851a-9d3a-4200-a861-ac463eccebd0,2026-07-26,92,eBay,AUCTION,ok,0,https://www.ebay.com/itm/307074209322
92ef851a-9d3a-4200-a861-ac463eccebd0,2026-07-21,96,eBay,AUCTION,ok,0,https://www.ebay.com/itm/298502549173
92ef851a-9d3a-4200-a861-ac463eccebd0,2026-07-15,93,eBay,AUCTION,ok,0,https://www.ebay.com/itm/358773254637
92ef851a-9d3a-4200-a861-ac463eccebd0,2026-06-29,85,eBay,BUY_IT_NOW,ok,0,https://www.ebay.com/itm/277826010096
92ef851a-9d3a-4200-a861-ac463eccebd0,2026-06-13,80,eBay,BUY_IT_NOW,ok,0,https://www.ebay.com/itm/127738413147
92ef851a-9d3a-4200-a861-ac463eccebd0,2026-06-13,79.99,eBay,BUY_IT_NOW,ok,0,https://www.ebay.com/itm/376755999951
924d3c75-f2ee-4376-8411-cca2f7fd3f4f,2026-07-19,200,eBay,AUCTION,ok,0,https://www.ebay.com/itm/336684863075
924d3c75-f2ee-4376-8411-cca2f7fd3f4f,2026-04-05,127.5,eBay,AUCTION,ok,0,https://www.ebay.com/itm/306842686907
924d3c75-f2ee-4376-8411-cca2f7fd3f4f,2025-06-19,48,eBay,BEST_OFFER,ok,0,https://www.ebay.com/itm/187328245796
924d3c75-f2ee-4376-8411-cca2f7fd3f4f,2025-02-01,49.97,eBay,BUY_IT_NOW,ok,0,https://www.ebay.com/itm/2001-Pokemon-Neo-Revelation-62-Pokemon-Breeder-Fields-PSA-10-Card-GEM-MINT-/156621253513
924d3c75-f2ee-4376-8411-cca2f7fd3f4f,2024-12-22,28.99,eBay,AUCTION,ok,0,https://www.ebay.com/itm/2001-POKEMON-NEO-REVELATION-62-POKEMON-BREEDER-FIELDS-PSA-10-/305964782608
924d3c75-f2ee-4376-8411-cca2f7fd3f4f,2024-12-08,20,eBay,AUCTION,ok,0,https://www.ebay.com/itm/2001-POKEMON-NEO-REVELATION-62-POKEMON-BREEDER-FIELDS-PSA-10-/305936495008
924d3c75-f2ee-4376-8411-cca2f7fd3f4f,2024-11-19,25,eBay,AUCTION,RELISTED,0,https://www.ebay.com/itm/2001-POKEMON-NEO-REVELATION-62-POKEMON-BREEDER-FIELDS-PSA-10-/305900475022
924d3c75-f2ee-4376-8411-cca2f7fd3f4f,2023-11-25,30,eBay,BEST_OFFER,ok,0,https://www.ebay.com/itm/Pokemon-Unlimited-Neo-Revelation-Pokemon-Breeder-Fields-62-GEM-MT-PSA-10-/395017929194
924d3c75-f2ee-4376-8411-cca2f7fd3f4f,2023-02-19,20,eBay,AUCTION,ok,0,https://www.ebay.com/itm/2001-Pokemon-Neo-Revelation-Pokemon-Breeder-Fields-62-64-PSA-10-/144942174823
924d3c75-f2ee-4376-8411-cca2f7fd3f4f,2022-06-20,26,eBay,AUCTION,ok,0,https://www.ebay.com/itm/2001-Pokemon-Neo-Revelation-62-Pokemon-Breeder-Fields-PSA-10-GEM-MINT-/363871971802
92590556-f74c-4951-a036-38e732b389ed,2026-08-18,1100,PWCC Fixed Price,BEST_OFFER,ok,0,https://www.fanaticscollect.com/buy-now/55747d07-87c4-4325-aa92-330d5034c156
92590556-f74c-4951-a036-38e732b389ed,2026-01-19,500,PWCC Fixed Price,BEST_OFFER,ok,0,https://www.fanaticscollect.com/buy-now/d4150ddb-4fb9-4178-bfc7-4fcba66f7c08
92590556-f74c-4951-a036-38e732b389ed,2025-11-23,223.67,eBay,BUY_IT_NOW,ok,0,https://www.ebay.com/itm/135934486174
92590556-f74c-4951-a036-38e732b389ed,2023-02-12,39.6,PWCC Weekly Auctions,AUCTION,ok,0,https://www.fanaticscollect.com/weekly/3eb08620-9b6c-11ed-98a5-0a58a9feac02
92590556-f74c-4951-a036-38e732b389ed,2023-02-06,58.8,PWCC Weekly Auctions,AUCTION,ok,0,https://www.fanaticscollect.com/weekly/de37298a-95d4-11ed-bb66-0a58a9feac02
92590556-f74c-4951-a036-38e732b389ed,2022-04-17,61,eBay,AUCTION,ok,0,https://www.ebay.com/itm/Pokemon-ex-Deoxys-Barboach-Reverse-Holo-Foil-54-PSA-10-GEM-MINT-POP-2-/294911295384
921d643b-f42a-4b27-a4d3-0b4eb5dad8b6,2026-05-10,1500,eBay,BUY_IT_NOW,ok,0,https://www.ebay.com/itm/287292342717
921d643b-f42a-4b27-a4d3-0b4eb5dad8b6,2026-03-29,330,eBay,AUCTION,ok,0,https://www.ebay.com/itm/287219751940
921d643b-f42a-4b27-a4d3-0b4eb5dad8b6,2024-11-09,69.99,eBay,BEST_OFFER,ok,0,https://www.ebay.com/itm/Pokemon-TCG-Squirtle-Unleashed-63-95-Regular-Common-PSA-10-GEM-MINT-POP-8-/116385575543
921d643b-f42a-4b27-a4d3-0b4eb5dad8b6,2024-08-10,41.52,eBay,BUY_IT_NOW,ok,0,https://www.ebay.com/itm/Pokemon-TCG-Squirtle-Unleashed-63-95-Regular-Common-PSA-10-MINT-/204777550215
921d643b-f42a-4b27-a4d3-0b4eb5dad8b6,2024-07-05,39.99,eBay,AUCTION,ok,0,https://www.ebay.com/itm/Squirtle-63-PSA-10-Pokemon-HG-SS-Unleashed-2010-GM-63-95-/387134418189
921d643b-f42a-4b27-a4d3-0b4eb5dad8b6,2023-06-25,51,eBay,AUCTION,ok,0,https://www.ebay.com/itm/PSA-10-2010-HG-SS-Pokemon-TCG-Squirtle-63-95-Heartgold-Unleashed-/204371345270
921d643b-f42a-4b27-a4d3-0b4eb5dad8b6,2022-06-27,96,eBay,AUCTION,ok,0,https://www.ebay.com/itm/2010-Pokemon-HG-SS-Unleashed-63-Squirtle-PSA-10-GEM-MINT-/384959937485
92a8c43e-7b1e-40cf-951a-b0562ee8fd36,2026-07-02,18000,eBay,BEST_OFFER,ok,0,https://www.ebay.com/itm/298471640916
92a8c43e-7b1e-40cf-951a-b0562ee8fd36,2026-06-23,5000,eBay,BEST_OFFER,ok,0,https://www.ebay.com/itm/298446485801
92a8c43e-7b1e-40cf-951a-b0562ee8fd36,2022-07-11,1200,PWCC Fixed Price,BEST_OFFER,ok,0,https://sales-history.pwccmarketplace.com/items/FIXED111977
920a9a4a-a15d-4bd0-abed-22dbe225bc9f,2026-09-06,3480,PWCC Weekly Auctions,AUCTION,ok,0,https://www.fanaticscollect.com/weekly/7a3dcb20-a0c3-11f1-ba7f-02fff4b5ca79
920a9a4a-a15d-4bd0-abed-22dbe225bc9f,2026-05-17,1110,PWCC Weekly Auctions,AUCTION,ok,0,https://www.fanaticscollect.com/weekly/fcd98122-4769-11f1-8f12-0a58a9feac02
920a9a4a-a15d-4bd0-abed-22dbe225bc9f,2026-05-07,675,PWCC Fixed Price,BEST_OFFER,ok,0,https://www.fanaticscollect.com/buy-now/759222c2-16c5-4d14-8e66-a59efcc68fee
920a9a4a-a15d-4bd0-abed-22dbe225bc9f,2026-01-01,936,Alt,AUCTION,ok,0,https://alt.xyz/exchange/select-listing?ids=4aba2f45-8d96-4c40-a479-680188a48071
920a9a4a-a15d-4bd0-abed-22dbe225bc9f,2025-05-25,384,PWCC Weekly Auctions,AUCTION,ok,0,https://www.fanaticscollect.com/weekly/f8165c02-3345-11f0-b816-0a31302fe8ef
920a9a4a-a15d-4bd0-abed-22dbe225bc9f,2025-01-30,323.3,Goldin Auctions,AUCTION,ok,0,https://goldin.co/item/2000-topps-chrome-pokemon-t-v-sparkle-63-abra-psa-gem-mt-10zy48i
920a9a4a-a15d-4bd0-abed-22dbe225bc9f,2024-10-20,384,PWCC Weekly Auctions,AUCTION,ok,0,https://www.fanaticscollect.com/weekly/4825bb96-89ca-11ef-89fd-0a9080d0d6bb
920a9a4a-a15d-4bd0-abed-22dbe225bc9f,2024-09-30,400,eBay,BUY_IT_NOW,ok,0,https://www.ebay.com/itm/166553963644
920a9a4a-a15d-4bd0-abed-22dbe225bc9f,2024-05-29,250,eBay,BEST_OFFER,ok,0,https://www.ebay.com/itm/2000-Pokemon-Topps-Chrome-SPARKLE-Abra-63-PSA-10-GEM-MINT-Very-Rare-Pop-12-/145778087414
920a9a4a-a15d-4bd0-abed-22dbe225bc9f,2024-04-16,355,eBay,AUCTION,ok,0,https://www.ebay.com/itm/Abra-Sparkle-Topps-Chrome-63-PSA-Gem-Mint-10-Pokemon-/315283273917
92732b59-d408-4b7d-90eb-ad19bf07afeb,2026-09-05,141.29,eBay,AUCTION,ok,0,https://www.ebay.com/itm/206522079036
92732b59-d408-4b7d-90eb-ad19bf07afeb,2026-09-02,95,eBay,BUY_IT_NOW,ok,0,https://www.ebay.com/itm/307159156029
92732b59-d408-4b7d-90eb-ad19bf07afeb,2026-08-06,100,eBay,BEST_OFFER,ok,0,https://www.ebay.com/itm/407123229810
92732b59-d408-4b7d-90eb-ad19bf07afeb,2026-07-10,83,eBay,AUCTION,ok,0,https://www.ebay.com/itm/236915320357
92732b59-d408-4b7d-90eb-ad19bf07afeb,2026-06-17,129.99,eBay,BUY_IT_NOW,ok,0,https://www.ebay.com/itm/206354614487
92732b59-d408-4b7d-90eb-ad19bf07afeb,2026-06-16,125,eBay,BEST_OFFER,ok,0,https://www.ebay.com/itm/398038731003
92732b59-d408-4b7d-90eb-ad19bf07afeb,2026-06-11,117.5,eBay,AUCTION,ok,0,https://www.ebay.com/itm/298379948388
92732b59-d408-4b7d-90eb-ad19bf07afeb,2026-05-25,250,eBay,BEST_OFFER,ok,0,https://www.ebay.com/itm/117194226478
92732b59-d408-4b7d-90eb-ad19bf07afeb,2026-05-19,70,eBay,BEST_OFFER,ok,0,https://www.ebay.com/itm/406938267332
92732b59-d408-4b7d-90eb-ad19bf07afeb,2026-04-23,99.99,eBay,BUY_IT_NOW,ok,0,https://www.ebay.com/itm/389694959341
926b845f-e0d5-4a27-a0a8-598670835ece,2026-06-14,42,PWCC Weekly Auctions,AUCTION,ok,0,https://www.fanaticscollect.com/weekly/14abe1dc-5b7e-11f1-9893-0a58a9feac02
926b845f-e0d5-4a27-a0a8-598670835ece,2026-06-03,41.99,eBay,BUY_IT_NOW,ok,0,https://www.ebay.com/itm/318396199461
926b845f-e0d5-4a27-a0a8-598670835ece,2026-02-13,44.66,eBay,BEST_OFFER,ok,0,https://www.ebay.com/itm/266440657396
926b845f-e0d5-4a27-a0a8-598670835ece,2026-02-13,35,eBay,BUY_IT_NOW,ok,0,https://www.ebay.com/itm/136831774552
926b845f-e0d5-4a27-a0a8-598670835ece,2025-10-26,24.5,eBay,AUCTION,RELISTED,0,https://www.ebay.com/itm/286882768323
926b845f-e0d5-4a27-a0a8-598670835ece,2025-09-12,25,eBay,BEST_OFFER,RELISTED,0,https://www.ebay.com/itm/297562202941
926b845f-e0d5-4a27-a0a8-598670835ece,2025-06-12,49.99,eBay,BUY_IT_NOW,ok,0,https://www.ebay.com/itm/385715676430
926b845f-e0d5-4a27-a0a8-598670835ece,2024-10-13,20.5,eBay,AUCTION,ok,0,https://www.ebay.com/itm/Pokemon-Morpeko-V-Union-VMAX-Climax-s8b-Japanese-Full-Art-CSR-228-PSA-10-/296740217244
926b845f-e0d5-4a27-a0a8-598670835ece,2024-08-11,13.5,eBay,AUCTION,ok,0,https://www.ebay.com/itm/Pokemon-Morpeko-V-Union-VMAX-Climax-s8b-Japanese-Full-Art-CSR-228-PSA-10-/285989363219
926b845f-e0d5-4a27-a0a8-598670835ece,2023-11-27,12.5,eBay,AUCTION,ok,0,https://www.ebay.com/itm/PSA-10-GEM-MINT-Morpeko-V-Union-JAPANESE-VMAX-CLIMAX-228-CHR-RARE-Pokemon-Card-/355151292795
929d4011-548d-48cb-8800-7c6c15c7f700,2026-04-18,83.77,eBay,AUCTION,ok,0,https://www.ebay.com/itm/389887562625
929d4011-548d-48cb-8800-7c6c15c7f700,2025-08-20,109.99,eBay,BUY_IT_NOW,ok,0,https://www.ebay.com/itm/356729810019
929d4011-548d-48cb-8800-7c6c15c7f700,2025-08-20,100,PWCC Fixed Price,BEST_OFFER,ok,0,https://sales-history.pwccmarketplace.com/items/FIXED304539
929d4011-548d-48cb-8800-7c6c15c7f700,2025-07-08,50,eBay,BEST_OFFER,ok,0,https://www.ebay.com/itm/335563056021
929d4011-548d-48cb-8800-7c6c15c7f700,2024-07-21,23.5,eBay,AUCTION,ok,0,https://www.ebay.com/itm/Pokemon-PSA-10-Gem-Mint-Japanese-VS-Pryces-TM-01-1st-Edition-115-/226242797559
929d4011-548d-48cb-8800-7c6c15c7f700,2024-05-26,26,eBay,AUCTION,ok,0,https://www.ebay.com/itm/Pokemon-PSA-10-Gem-Mint-Japanese-VS-Pryces-TM-01-1st-Edition-115-/226152587171
929d4011-548d-48cb-8800-7c6c15c7f700,2024-03-31,25.2,PWCC Weekly Auctions,AUCTION,ok,0,https://www.fanaticscollect.com/weekly/de173b12-e195-11ee-9935-06ce5fe21f1d
929d4011-548d-48cb-8800-7c6c15c7f700,2024-03-24,288,PWCC Weekly Auctions,AUCTION,ok,0,https://www.fanaticscollect.com/weekly/c6f02940-e194-11ee-a209-06ce5fe21f1d
929d4011-548d-48cb-8800-7c6c15c7f700,2023-03-05,62.4,PWCC Weekly Auctions,AUCTION,ok,0,https://www.fanaticscollect.com/weekly/ad9a3d3c-a8b5-11ed-90fb-0a4cfb6f7745
929d4011-548d-48cb-8800-7c6c15c7f700,2023-02-26,62.4,PWCC Weekly Auctions,AUCTION,ok,0,https://www.fanaticscollect.com/weekly/e042764a-a334-11ed-a398-0a58a9feac02
926de93f-0110-4a02-949a-59130952bb0e,2026-06-13,50,eBay,BEST_OFFER,ok,0,https://www.ebay.com/itm/306781383273
926de93f-0110-4a02-949a-59130952bb0e,2025-08-23,39.99,eBay,BEST_OFFER,ok,0,https://www.ebay.com/itm/394799597064
926de93f-0110-4a02-949a-59130952bb0e,2025-07-07,37.99,eBay,BEST_OFFER,ok,0,https://www.ebay.com/itm/305980798564
926de93f-0110-4a02-949a-59130952bb0e,2025-07-06,38,eBay,BUY_IT_NOW,ok,0,https://www.ebay.com/itm/404701153192
926de93f-0110-4a02-949a-59130952bb0e,2025-01-27,35,eBay,BUY_IT_NOW,ok,0,https://www.ebay.com/itm/2021-POKEMON-SWORD-SHIELD-BATTLE-STYLES-142-FULL-ART-KRICKETUNE-V-PSA-10-/305973172597
926de93f-0110-4a02-949a-59130952bb0e,2025-01-19,24.99,eBay,AUCTION,ok,0,https://www.ebay.com/itm/Kricketune-V-2021-Pokemon-Sword-Shield-Battle-Styles-142-264-Full-Art-PSA-10-/276814504332
926de93f-0110-4a02-949a-59130952bb0e,2024-10-31,32,eBay,BEST_OFFER,ok,0,https://www.ebay.com/itm/PSA-10-GEM-MINT-2021-Pokemon-Battle-Styles-KRICKETUNE-V-142-Full-Art-Ultra-/204103673422
926de93f-0110-4a02-949a-59130952bb0e,2023-07-20,21.99,eBay,BUY_IT_NOW,ok,0,https://www.ebay.com/itm/2021-POKEMON-SWSH-BATTLE-STYLES-142-FA-KRICKETUNE-V-PSA-10-X3647122-977-/385663793095
926de93f-0110-4a02-949a-59130952bb0e,2023-03-23,24.99,eBay,AUCTION,ok,0,https://www.ebay.com/itm/PSA-10-GEM-MINT-2021-POKEMON-BATTLE-STYLES-FULL-ART-KRICKETUNE-V-142-/275748498908
926de93f-0110-4a02-949a-59130952bb0e,2023-02-08,22.5,eBay,AUCTION,ok,0,https://www.ebay.com/itm/2021-Pokemon-Battles-Styles-Kricketune-V-Full-Art-PSA-10-POP-10-/285130533919
92055e93-9b2e-4ce6-8088-be9db76d1def,2026-09-09,42,eBay,BEST_OFFER,ok,0,https://www.ebay.com/itm/800547039850
92055e93-9b2e-4ce6-8088-be9db76d1def,2026-08-12,22,eBay,BEST_OFFER,ok,0,https://www.ebay.com/itm/318714697158
92055e93-9b2e-4ce6-8088-be9db76d1def,2026-07-18,36,eBay,AUCTION,ok,0,https://www.ebay.com/itm/298496213338
92055e93-9b2e-4ce6-8088-be9db76d1def,2026-06-04,59.99,eBay,BEST_OFFER,ok,0,https://www.ebay.com/itm/298327826735
92055e93-9b2e-4ce6-8088-be9db76d1def,2026-05-27,31,eBay,AUCTION,ok,0,https://www.ebay.com/itm/800045951437
92055e93-9b2e-4ce6-8088-be9db76d1def,2026-05-09,30.87,eBay,BUY_IT_NOW,ok,0,https://www.ebay.com/itm/327115561676
92055e93-9b2e-4ce6-8088-be9db76d1def,2026-05-07,39,PWCC Fixed Price,BEST_OFFER,ok,0,https://www.fanaticscollect.com/buy-now/54e0a3e8-1160-4ad4-9d57-d23618240cec
92055e93-9b2e-4ce6-8088-be9db76d1def,2026-05-04,41.99,eBay,BUY_IT_NOW,ok,0,https://www.ebay.com/itm/267612582256
92055e93-9b2e-4ce6-8088-be9db76d1def,2026-04-22,42,eBay,AUCTION,ok,0,https://www.ebay.com/itm/406859147498
92055e93-9b2e-4ce6-8088-be9db76d1def,2026-04-02,26.4,Alt,AUCTION,ok,0,https://alt.xyz/exchange/select-listing?ids=43845d99-d066-4ac9-9e5c-48482277a965
92e631eb-2e6a-41c4-808e-d25c3409f3e5,2026-03-15,140.5,eBay,AUCTION,ok,0,https://www.ebay.com/itm/287182335851
92e631eb-2e6a-41c4-808e-d25c3409f3e5,2025-10-17,100,eBay,AUCTION,ok,0,https://www.ebay.com/itm/297657445465
92e631eb-2e6a-41c4-808e-d25c3409f3e5,2025-10-15,68,eBay,AUCTION,ok,0,https://www.ebay.com/itm/277431544893
92e631eb-2e6a-41c4-808e-d25c3409f3e5,2025-09-25,61,eBay,AUCTION,ok,0,https://www.ebay.com/itm/277390341921
92e631eb-2e6a-41c4-808e-d25c3409f3e5,2023-01-26,39,eBay,AUCTION,ok,0,https://www.ebay.com/itm/1998-Pokemon-JAPANESE-HANADA-CITY-GYM-DECK-90-MISTYS-SHELLDER-psa-10-GEM-MINT-/185745585013
9201e3e3-7c7f-4c08-8478-171cebccf644,2025-11-25,400,eBay,BUY_IT_NOW,ok,0,https://www.ebay.com/itm/226994309909
9201e3e3-7c7f-4c08-8478-171cebccf644,2025-06-02,155,eBay,BUY_IT_NOW,ok,0,https://www.ebay.com/itm/354896846229
9201e3e3-7c7f-4c08-8478-171cebccf644,2023-06-24,36,eBay,AUCTION,ok,0,https://www.ebay.com/itm/2018-Pokemon-Sun-Moon-Garchomp-Holo-Forbidden-Light-62-131-PSA-10-/374764438905
9201e3e3-7c7f-4c08-8478-171cebccf644,2023-03-10,41,eBay,AUCTION,ok,0,https://www.ebay.com/itm/2018-Pokemon-Sun-and-Moon-Garchomp-Holo-Forbidden-Light-PSA-10-Cynthia-/364171822855
920e6354-19de-4472-8157-4bfb5f28f290,2026-08-07,107.5,eBay,AUCTION,ok,0,https://www.ebay.com/itm/117331568704
920e6354-19de-4472-8157-4bfb5f28f290,2025-01-19,20.5,eBay,AUCTION,ok,0,https://www.ebay.com/itm/Pokemon-Sableye-G-Charizard-Half-Deck-1st-Edition-Japanese-006-PSA-10-Gem-Mint-/286256745331
920e6354-19de-4472-8157-4bfb5f28f290,2024-06-16,40.8,PWCC Weekly Auctions,AUCTION,ok,0,https://www.fanaticscollect.com/weekly/cd62dd38-2445-11ef-a37e-0a9f81fca6b9
920e6354-19de-4472-8157-4bfb5f28f290,2024-04-06,79.99,eBay,BUY_IT_NOW,ok,0,https://www.ebay.com/itm/Pokemon-Japanese-Sableye-G-Charizard-Half-Deck-1st-Ed-006-016-PSA-10-GEM-MINT-/364709956814
920e6354-19de-4472-8157-4bfb5f28f290,2024-01-20,56,eBay,BUY_IT_NOW,ok,0,https://www.ebay.com/itm/Pokemon-Japanese-Sableye-G-Charizard-Half-Deck-1st-Ed-006-016-PSA-10-GEM-MINT-/364689078809
920e6354-19de-4472-8157-4bfb5f28f290,2023-12-22,50,eBay,BUY_IT_NOW,ok,0,https://www.ebay.com/itm/Pokemon-Japanese-Sableye-G-Charizard-Half-Deck-1st-Ed-006-016-PSA-10-GEM-MINT-/364285491419
920e6354-19de-4472-8157-4bfb5f28f290,2023-10-01,27,eBay,AUCTION,ok,0,https://www.ebay.com/itm/Pokemon-Sableye-G-Charizard-Half-Dk-Pt-1st-Edition-Japanese-006-PSA-10-Gem-/285480025930
920e6354-19de-4472-8157-4bfb5f28f290,2023-10-01,27,eBay,AUCTION,ok,0,https://www.ebay.com/itm/Pokemon-Sableye-G-Charizard-Half-Dk-Pt-1st-Edition-Japanese-006-PSA-10-Gem-/285480017143
920e6354-19de-4472-8157-4bfb5f28f290,2023-05-21,79.99,eBay,BUY_IT_NOW,ok,0,https://www.ebay.com/itm/Pokemon-Japanese-Sableye-G-Charizard-Half-Deck-1st-Ed-006-016-PSA-10-GEM-MINT-/364258705023
920ea720-c14b-4a0d-8baf-cc181da30b47,2026-05-13,599.99,eBay,BUY_IT_NOW,ok,0,https://www.ebay.com/itm/389772123070
920ea720-c14b-4a0d-8baf-cc181da30b47,2026-05-10,539.99,eBay,BUY_IT_NOW,ok,0,https://www.ebay.com/itm/188292248628
920ea720-c14b-4a0d-8baf-cc181da30b47,2025-12-25,479.99,eBay,BUY_IT_NOW,ok,0,https://www.ebay.com/itm/366076797243
920ea720-c14b-4a0d-8baf-cc181da30b47,2023-05-21,108.5,eBay,AUCTION,ok,0,https://www.ebay.com/itm/2004-Pokemon-EX-Fire-Red-Leaf-Green-Porygon-Reverse-Holo-47-112-PSA-10-GEM-MT-/304938396707
922d8196-6e0a-47ab-a99c-76c6f8bb42e0,2026-06-09,59.99,eBay,BEST_OFFER,ok,0,https://www.ebay.com/itm/365072399900
922d8196-6e0a-47ab-a99c-76c6f8bb42e0,2026-05-16,33.3,eBay,BUY_IT_NOW,ok,0,https://www.ebay.com/itm/287331037476
922d8196-6e0a-47ab-a99c-76c6f8bb42e0,2026-03-03,51.99,eBay,BEST_OFFER,ok,0,https://www.ebay.com/itm/236308024577
922d8196-6e0a-47ab-a99c-76c6f8bb42e0,2025-09-01,13.5,eBay,AUCTION,RELISTED,0,https://www.ebay.com/itm/317203469933
922d8196-6e0a-47ab-a99c-76c6f8bb42e0,2025-06-30,20,eBay,BUY_IT_NOW,ok,0,https://www.ebay.com/itm/226806306290
922d8196-6e0a-47ab-a99c-76c6f8bb42e0,2024-10-18,19.99,eBay,AUCTION,ok,0,https://www.ebay.com/itm/Pokemon-TCG-Hisuian-Arcanine-70-172-HOLO-VSTAR-Universe-PSA-10-JAPANESE-/326299972667
922d8196-6e0a-47ab-a99c-76c6f8bb42e0,2024-09-24,35,eBay,AUCTION,ok,0,https://www.ebay.com/itm/Pokemon-Hisuian-Arcanine-Holo-VSTAR-Universe-070-172-PSA-10-GEM-Japanese-2022-/156417612776
922d8196-6e0a-47ab-a99c-76c6f8bb42e0,2023-10-01,15,eBay,AUCTION,ok,0,https://www.ebay.com/itm/PSA-Gem-Mint-10-Hisuian-Arcanine-Holo-Japanese-VStar-Universe-/404512089611
922d8196-6e0a-47ab-a99c-76c6f8bb42e0,2023-09-04,20,eBay,BEST_OFFER,ok,0,https://www.ebay.com/itm/Pokemon-Hisuian-Arcanine-70-172-VSTAR-Universe-Japanese-PSA-10-Gem-Mint-/155525116728
922d8196-6e0a-47ab-a99c-76c6f8bb42e0,2023-08-30,21,eBay,BUY_IT_NOW,ok,0,https://www.ebay.com/itm/Pokemon-Hisuian-Arcanine-70-172-VSTAR-Universe-Japanese-PSA-10-Gem-Mint-/155525116728
92dca96a-5365-4e61-a745-ec4ca365c530,2026-05-31,80.45,eBay,AUCTION,ok,0,https://www.ebay.com/itm/137330333886
92dca96a-5365-4e61-a745-ec4ca365c530,2023-05-28,37,eBay,AUCTION,ok,0,https://www.ebay.com/itm/Pokemon-Machop-EX-Legend-Maker-57-PSA-10-Gem-Mint-/285292191686
92102f4b-dadf-4345-96f9-abd30f242bef,2023-06-15,159.6,Goldin Auctions,AUCTION,ok,0,https://goldin.co/item/2012-pokemon-b-w-next-destinies-reverse-foil-39-pikachu-psa-gem-mt-106dds6
929ca9cf-309a-40f3-8e99-1e4e8a3f4f81,2026-05-28,39.99,eBay,BEST_OFFER,ok,0,https://www.ebay.com/itm/306702859815
929ca9cf-309a-40f3-8e99-1e4e8a3f4f81,2025-02-11,9,eBay,BEST_OFFER,ok,0,https://www.ebay.com/itm/PSA-10-GEM-MINT-Galarian-Zapdos-V-RR-Japanese-Pokemon-SWSH-VMAX-Climax-084-/356559644473
929ca9cf-309a-40f3-8e99-1e4e8a3f4f81,2024-11-03,13.5,eBay,AUCTION,ok,0,https://www.ebay.com/itm/2021-POKEMON-JPN-SWORD-SHIELD-VMAX-CLIMAX-084-GALARIAN-ZAPDOS-V-PSA-10-/305864179481
929ca9cf-309a-40f3-8e99-1e4e8a3f4f81,2024-06-23,15.78,eBay,AUCTION,ok,0,https://www.ebay.com/itm/PSA-10-Galarian-Zapdos-V-2021-Pokemon-Card-084-184-Vmax-Climax-/186498886030
929ca9cf-309a-40f3-8e99-1e4e8a3f4f81,2023-07-01,14,eBay,AUCTION,ok,0,https://www.ebay.com/itm/2021-Pokemon-Japanese-SWSH-VMAX-Climax-Galarian-Zapdos-V-RR-084-PSA-10-/374777733411
92449fcb-d246-46ff-ba41-4f5027a9902a,2026-08-13,132.5,eBay,AUCTION,ok,0,https://www.ebay.com/itm/800471877557
92449fcb-d246-46ff-ba41-4f5027a9902a,2025-10-16,60,eBay,BEST_OFFER,ok,0,https://www.ebay.com/itm/205744591351
92449fcb-d246-46ff-ba41-4f5027a9902a,2023-07-23,21.6,PWCC Weekly Auctions,AUCTION,ok,0,https://www.fanaticscollect.com/weekly/e0f97496-1f6a-11ee-8caa-0a58a9feac02
92b3ff78-26a6-4b1f-885c-24b01ed00aee,2026-09-18,73,eBay,AUCTION,ok,0,https://www.ebay.com/itm/188918847504
92b3ff78-26a6-4b1f-885c-24b01ed00aee,2026-09-17,86.89,eBay,AUCTION,ok,0,https://www.ebay.com/itm/117404959194
92b3ff78-26a6-4b1f-885c-24b01ed00aee,2026-09-17,81.49,eBay,BUY_IT_NOW,ok,0,https://www.ebay.com/itm/318870520316
92b3ff78-26a6-4b1f-885c-24b01ed00aee,2026-09-17,75,eBay,BEST_OFFER,ok,0,https://www.ebay.com/itm/800657109515
92b3ff78-26a6-4b1f-885c-24b01ed00aee,2026-09-16,74,eBay,AUCTION,ok,0,https://www.ebay.com/itm/800637452719
92b3ff78-26a6-4b1f-885c-24b01ed00aee,2026-09-15,85,eBay,BEST_OFFER,ok,0,https://www.ebay.com/itm/267785601792
92b3ff78-26a6-4b1f-885c-24b01ed00aee,2026-09-15,84.99,eBay,BEST_OFFER,ok,0,https://www.ebay.com/itm/137733796389
92b3ff78-26a6-4b1f-885c-24b01ed00aee,2026-09-15,81,eBay,AUCTION,ok,0,https://www.ebay.com/itm/298645769999
92b3ff78-26a6-4b1f-885c-24b01ed00aee,2026-09-14,80.5,eBay,AUCTION,ok,0,https://www.ebay.com/itm/128075028116
92b3ff78-26a6-4b1f-885c-24b01ed00aee,2026-09-13,81,eBay,AUCTION,ok,0,https://www.ebay.com/itm/287565393763
923a5924-d8c6-43a2-9159-77db95aee663,2025-05-27,200,eBay,BEST_OFFER,ok,0,https://www.ebay.com/itm/176628904853
923a5924-d8c6-43a2-9159-77db95aee663,2023-09-03,127.5,eBay,AUCTION,ok,0,https://www.ebay.com/itm/Pokemon-Pidgey-Base-Set-1st-Edition-Chinese-57-PSA-10-Gem-Mint-/285449347031
923a5924-d8c6-43a2-9159-77db95aee663,2023-08-20,406,eBay,AUCTION,RELISTED,0,https://www.ebay.com/itm/Pokemon-Pidgey-Base-Set-1st-Edition-Chinese-57-PSA-10-Gem-Mint-/285425478566
922c8293-8b3e-4559-a8b7-c4c2a98d4099,2023-10-19,20.5,eBay,AUCTION,ok,0,https://www.ebay.com/itm/2016-POKEMON-XY-STEAM-SIEGE-46-DRIFLOON-POP-2-PSA-10-/364526471309
922c8293-8b3e-4559-a8b7-c4c2a98d4099,2023-08-31,29.99,eBay,AUCTION,ok,0,https://www.ebay.com/itm/2016-POKEMON-XY-STEAM-SIEGE-46-DRIFLOON-POP-1-PSA-10-/266384658496
92f49767-8168-4806-9f21-dceef01e36e4,2026-08-30,42,eBay,AUCTION,ok,0,https://www.ebay.com/itm/178432420247
92f49767-8168-4806-9f21-dceef01e36e4,2026-08-26,57,eBay,AUCTION,ok,0,https://www.ebay.com/itm/800535183467
92f49767-8168-4806-9f21-dceef01e36e4,2026-08-20,56,eBay,AUCTION,ok,0,https://www.ebay.com/itm/358923714428
92f49767-8168-4806-9f21-dceef01e36e4,2026-07-19,89,eBay,AUCTION,ok,0,https://www.ebay.com/itm/287450318270
92f49767-8168-4806-9f21-dceef01e36e4,2026-07-12,75.98,eBay,AUCTION,ok,0,https://www.ebay.com/itm/307041694678
92f49767-8168-4806-9f21-dceef01e36e4,2026-06-30,75,eBay,BUY_IT_NOW,ok,0,https://www.ebay.com/itm/386228442223
92f49767-8168-4806-9f21-dceef01e36e4,2026-06-13,51,eBay,BEST_OFFER,ok,0,https://www.ebay.com/itm/206342190075
92f49767-8168-4806-9f21-dceef01e36e4,2026-06-06,83.23,eBay,BEST_OFFER,ok,0,https://www.ebay.com/itm/800133287042
92f49767-8168-4806-9f21-dceef01e36e4,2026-05-24,75.41,eBay,AUCTION,ok,0,https://www.ebay.com/itm/236822039356
92f49767-8168-4806-9f21-dceef01e36e4,2026-05-21,44.4,Alt,AUCTION,ok,0,https://alt.xyz/exchange/select-listing?ids=44ee7d56-f03e-47fe-a861-7f01bb760da5
92f89390-b3ce-4250-a701-433918b334ea,2026-09-17,140,eBay,BUY_IT_NOW,ok,0,https://www.ebay.com/itm/377349997079
92f89390-b3ce-4250-a701-433918b334ea,2026-09-13,112.5,eBay,AUCTION,ok,0,https://www.ebay.com/itm/287565505047
92f89390-b3ce-4250-a701-433918b334ea,2026-09-08,115,eBay,BEST_OFFER,ok,0,https://www.ebay.com/itm/117345043299
92f89390-b3ce-4250-a701-433918b334ea,2026-09-06,115,eBay,BEST_OFFER,ok,0,https://www.ebay.com/itm/327323431759
92f89390-b3ce-4250-a701-433918b334ea,2026-09-05,125,eBay,BEST_OFFER,ok,0,https://www.ebay.com/itm/800614018513
92f89390-b3ce-4250-a701-433918b334ea,2026-08-31,150,eBay,BEST_OFFER,ok,0,https://www.ebay.com/itm/128054143267
92f89390-b3ce-4250-a701-433918b334ea,2026-08-30,160,eBay,BEST_OFFER,ok,0,https://www.ebay.com/itm/397968745871
92f89390-b3ce-4250-a701-433918b334ea,2026-08-30,156,PWCC Weekly Auctions,AUCTION,ok,0,https://www.fanaticscollect.com/weekly/f54592ec-990e-11f1-aa9a-0a58a9feac02
92f89390-b3ce-4250-a701-433918b334ea,2026-08-29,154,eBay,BUY_IT_NOW,ok,0,https://www.ebay.com/itm/377360451758
92f89390-b3ce-4250-a701-433918b334ea,2026-08-29,142.5,eBay,AUCTION,ok,0,https://www.ebay.com/itm/407167353574
9229fa84-fcc1-4fd3-92f7-8334ad15936d,2026-08-19,149.85,eBay,BUY_IT_NOW,ok,0,https://www.ebay.com/itm/358913495875
9229fa84-fcc1-4fd3-92f7-8334ad15936d,2026-08-11,187.5,eBay,AUCTION,ok,0,https://www.ebay.com/itm/298555974081
9229fa84-fcc1-4fd3-92f7-8334ad15936d,2026-08-08,149.99,eBay,BUY_IT_NOW,ok,0,https://www.ebay.com/itm/298566614978
9229fa84-fcc1-4fd3-92f7-8334ad15936d,2026-01-28,74.5,eBay,BEST_OFFER,ok,0,https://www.ebay.com/itm/157634718893
9229fa84-fcc1-4fd3-92f7-8334ad15936d,2024-12-04,26,eBay,BEST_OFFER,ok,0,https://www.ebay.com/itm/2014-Pokemon-Japanese-XY-Tidal-Storm-1st-Edition-58-Bidoof-Full-Art-PSA-10-/334964687488
9229fa84-fcc1-4fd3-92f7-8334ad15936d,2024-11-17,48,eBay,AUCTION,ok,0,https://www.ebay.com/itm/Pokemon-Bidoof-Tidal-Storm-1st-Edition-Japanese-058-PSA-10-Gem-Mint-/286152904124
9229fa84-fcc1-4fd3-92f7-8334ad15936d,2024-11-15,30,eBay,BEST_OFFER,ok,0,https://www.ebay.com/itm/2014-Pokemon-Japanese-XY-Tidal-Storm-1st-Edition-58-Bidoof-Full-Art-PSA-10-/334964687488
9229fa84-fcc1-4fd3-92f7-8334ad15936d,2024-05-21,44.99,eBay,BEST_OFFER,ok,0,https://www.ebay.com/itm/2014-Pokemon-Japanese-XY-Tidal-Storm-1st-Edition-58-Bidoof-Full-Art-PSA-10-/334964687488
9229fa84-fcc1-4fd3-92f7-8334ad15936d,2024-05-04,62.8,eBay,BUY_IT_NOW,ok,0,https://www.ebay.com/itm/PSA-10-Bidoof-058-070-Tidal-Storm-XY5-1st-ED-Japanese-POKEMON-/404847234301
9229fa84-fcc1-4fd3-92f7-8334ad15936d,2024-02-21,39.99,eBay,BUY_IT_NOW,ok,0,https://www.ebay.com/itm/PSA-10-2014-Pokemon-Japanese-XY-Tidal-Storm-058-Bidoof-1st-Edition-Card-Gem-Mint-/325984049622
9225eeb3-268c-48df-8853-96f0d15c3ec1,2025-03-11,34.99,eBay,BUY_IT_NOW,ok,0,https://www.ebay.com/itm/176797082142
9225eeb3-268c-48df-8853-96f0d15c3ec1,2024-10-10,29,eBay,AUCTION,ok,0,https://www.ebay.com/itm/PSA-10-Slowpoke-085-85-2023-Paldea-Evolved-Pokemon-TCG-/116343245522
9225eeb3-268c-48df-8853-96f0d15c3ec1,2023-11-26,22.5,eBay,AUCTION,ok,0,https://www.ebay.com/itm/PSA-10-Slowpoke-Reverse-Holo-085-193-Paldea-Evolved-Scarlet-Violet-sowsow-POP-1-/235301434776
92c2b068-a282-4d6f-a9e1-ea8d9e9239e7,2026-04-23,179.95,eBay,BEST_OFFER,ok,0,https://www.ebay.com/itm/397872892884
92c2b068-a282-4d6f-a9e1-ea8d9e9239e7,2026-02-01,184.5,eBay,AUCTION,ok,0,https://www.ebay.com/itm/287093268052
92c2b068-a282-4d6f-a9e1-ea8d9e9239e7,2025-09-22,280,eBay,BUY_IT_NOW,ok,0,https://www.ebay.com/itm/376309330566
92c2b068-a282-4d6f-a9e1-ea8d9e9239e7,2024-07-05,120,eBay,BUY_IT_NOW,ok,0,https://www.ebay.com/itm/PALAFIN-OBF-PRERELEASE-STAFF-PROMO-PSA-10-/387058545272
92c2b068-a282-4d6f-a9e1-ea8d9e9239e7,2024-02-25,115,eBay,BEST_OFFER,ok,0,https://www.ebay.com/itm/Palafin-Obsidian-Flames-Staff-Promo-SVP-2023-PSA-10-/335252771047
92c2b068-a282-4d6f-a9e1-ea8d9e9239e7,2024-02-08,124.36,eBay,AUCTION,ok,0,https://www.ebay.com/itm/2023-Pokemon-SVP-Palafin-Obsidian-Flames-Prerelease-Staff-036-PSA-10-/204638056679
92c2b068-a282-4d6f-a9e1-ea8d9e9239e7,2023-12-06,84.99,eBay,BEST_OFFER,ok,0,https://www.ebay.com/itm/2023-Pokemon-Obsidian-Flames-Pre-Release-Staff-Promo-Palafin-PSA-10-/276204054111
92a7c760-dcf5-434a-b37d-615cda97522c,2026-09-07,52,eBay,AUCTION,ok,0,https://www.ebay.com/itm/128057892229
92a7c760-dcf5-434a-b37d-615cda97522c,2026-06-05,36,eBay,AUCTION,ok,0,https://www.ebay.com/itm/227364200705
92a7c760-dcf5-434a-b37d-615cda97522c,2025-07-26,42.47,eBay,BUY_IT_NOW,ok,0,https://www.ebay.com/itm/156830843748
92a7c760-dcf5-434a-b37d-615cda97522c,2025-03-13,21.47,eBay,AUCTION,ok,0,https://www.ebay.com/itm/205337022536
92a7c760-dcf5-434a-b37d-615cda97522c,2025-03-05,34.97,eBay,BUY_IT_NOW,RELISTED,0,https://www.ebay.com/itm/156401801036
92a7c760-dcf5-434a-b37d-615cda97522c,2024-09-07,29.97,eBay,BUY_IT_NOW,RELISTED,0,https://www.ebay.com/itm/Pokemon-Obsidian-Flames-027-Charmeleon-Holo-PSA-10-Card-GEM-MINT-FREE-SHIP-/156100441217
92a7c760-dcf5-434a-b37d-615cda97522c,2024-06-29,21,eBay,BUY_IT_NOW,ok,0,https://www.ebay.com/itm/Pokemon-Obsidian-Flames-027-Charmeleon-Holo-PSA-10-Card-GEM-MINT-/235540151583
92a7c760-dcf5-434a-b37d-615cda97522c,2024-03-13,15,eBay,AUCTION,ok,0,https://www.ebay.com/itm/2023-Pokemon-SV03-Obsidian-Flames-Charmeleon-Uncommon-027-197-027-PSA-10-/375299743073
92a7c760-dcf5-434a-b37d-615cda97522c,2024-03-04,24.97,eBay,BUY_IT_NOW,ok,0,https://www.ebay.com/itm/Pokemon-Obsidian-Flames-027-Charmeleon-Holo-PSA-10-Card-GEM-MINT-FREE-SHIP-/156035618021
92a7c760-dcf5-434a-b37d-615cda97522c,2023-12-07,14.64,Goldin Auctions,AUCTION,ok,0,https://goldin.co/item/2023-pokemon-obf-en-obsidian-flames-027-charmeleon-psa-100tgh0
92157456-1c19-4bee-8b35-815b3c0a46e1,2026-09-08,43.99,eBay,BUY_IT_NOW,ok,0,https://www.ebay.com/itm/404584116879
92157456-1c19-4bee-8b35-815b3c0a46e1,2026-05-19,20.61,eBay,AUCTION,ok,0,https://www.ebay.com/itm/377180144536
92157456-1c19-4bee-8b35-815b3c0a46e1,2026-03-06,29.64,eBay,AUCTION,ok,0,https://www.ebay.com/itm/397629518203
92157456-1c19-4bee-8b35-815b3c0a46e1,2025-09-17,35.99,eBay,BUY_IT_NOW,ok,0,https://www.ebay.com/itm/185998195823
92157456-1c19-4bee-8b35-815b3c0a46e1,2025-04-15,20,eBay,AUCTION,ok,0,https://www.ebay.com/itm/306229965448
92157456-1c19-4bee-8b35-815b3c0a46e1,2024-01-03,12,eBay,AUCTION,ok,0,https://www.ebay.com/itm/2023-Pokemon-SV2P-Japanese-088-Copperajah-EX-PSA-10-GEM-MINT-/386511092557
92d16628-1478-495b-a591-26733ce74db6,2026-04-23,2136,Alt,AUCTION,ok,0,https://alt.xyz/exchange/select-listing?ids=29e8c2f8-0593-4754-b24f-7d75c9f445c1
92d16628-1478-495b-a591-26733ce74db6,2025-07-27,420,PWCC Weekly Auctions,AUCTION,ok,0,https://www.fanaticscollect.com/weekly/372b9c7e-60d0-11f0-a57a-0a58a9feac02
92d16628-1478-495b-a591-26733ce74db6,2025-07-13,510,eBay,AUCTION,ok,0,https://www.ebay.com/itm/286689934998
92d16628-1478-495b-a591-26733ce74db6,2025-06-23,400,eBay,AUCTION,ok,0,https://www.ebay.com/itm/388592918626
92d16628-1478-495b-a591-26733ce74db6,2025-06-08,420,PWCC Weekly Auctions,AUCTION,ok,0,https://www.fanaticscollect.com/weekly/10dc2b46-3813-11f0-b043-0a58a9feac02
92d16628-1478-495b-a591-26733ce74db6,2025-06-03,372.46,eBay,BEST_OFFER,ok,0,https://www.ebay.com/itm/315146398233
92d16628-1478-495b-a591-26733ce74db6,2025-05-04,315,eBay,AUCTION,ok,0,https://www.ebay.com/itm/286520195776
92d16628-1478-495b-a591-26733ce74db6,2024-01-14,372,PWCC Weekly Auctions,AUCTION,ok,0,https://www.fanaticscollect.com/weekly/f5fa3cba-ad2a-11ee-abca-0af614176b57
92092550-3a81-49c3-bb5e-b70b6234e59e,2026-09-17,450,eBay,BEST_OFFER,ok,0,https://www.ebay.com/itm/257743324588
92092550-3a81-49c3-bb5e-b70b6234e59e,2026-09-06,525,eBay,BEST_OFFER,ok,0,https://www.ebay.com/itm/298599932482
92092550-3a81-49c3-bb5e-b70b6234e59e,2026-09-05,395,eBay,BEST_OFFER,ok,0,https://www.ebay.com/itm/188886875978
92092550-3a81-49c3-bb5e-b70b6234e59e,2026-08-28,439.99,eBay,BUY_IT_NOW,ok,0,https://www.ebay.com/itm/307143276343
92092550-3a81-49c3-bb5e-b70b6234e59e,2026-08-27,425,eBay,BUY_IT_NOW,ok,0,https://www.ebay.com/itm/278205674789
92092550-3a81-49c3-bb5e-b70b6234e59e,2026-08-27,400,eBay,BEST_OFFER,ok,0,https://www.ebay.com/itm/318767365467
92092550-3a81-49c3-bb5e-b70b6234e59e,2026-08-27,400,eBay,BEST_OFFER,ok,0,https://www.ebay.com/itm/318665279975
92092550-3a81-49c3-bb5e-b70b6234e59e,2026-08-16,430,eBay,AUCTION,ok,0,https://www.ebay.com/itm/336734286225
92092550-3a81-49c3-bb5e-b70b6234e59e,2026-08-12,420,eBay,AUCTION,ok,0,https://www.ebay.com/itm/267748707873
92092550-3a81-49c3-bb5e-b70b6234e59e,2026-07-27,425,eBay,BEST_OFFER,ok,0,https://www.ebay.com/itm/336707092028
92937f61-20a4-42dc-a06c-a0e11d81d014,2024-11-30,228.78,eBay,BUY_IT_NOW,ok,0,https://www.ebay.com/itm/Aron-Reverse-Holo-25-109-EX-Ruby-Sapphire-PSA-10-Gem-Mint-Pokemon-Card-POP-2-/176441853337
92937f61-20a4-42dc-a06c-a0e11d81d014,2024-03-20,150,eBay,BUY_IT_NOW,ok,0,https://www.ebay.com/itm/2003-Pokemon-Ruby-Sapphire-Aron-Reverse-Foil-25-109-PSA-10-Gem-Mint-/284206222581
92c9f3b0-f849-43c1-ae36-8982538e7b16,2026-08-01,173.23,CardHobby,AUCTION,ok,0,https://www.cardhobby.com/#/carddetails/125399844
92c9f3b0-f849-43c1-ae36-8982538e7b16,2026-07-02,360,eBay,BEST_OFFER,ok,0,https://www.ebay.com/itm/397295964614
92c9f3b0-f849-43c1-ae36-8982538e7b16,2026-06-27,154.5,eBay,AUCTION,ok,0,https://www.ebay.com/itm/800228886066
92c9f3b0-f849-43c1-ae36-8982538e7b16,2026-05-31,250,eBay,BEST_OFFER,ok,0,https://www.ebay.com/itm/377210774209
92c9f3b0-f849-43c1-ae36-8982538e7b16,2026-03-08,185.5,eBay,AUCTION,ok,0,https://www.ebay.com/itm/287173599572
92c9f3b0-f849-43c1-ae36-8982538e7b16,2026-03-01,214.99,eBay,BUY_IT_NOW,ok,0,https://www.ebay.com/itm/127712895932
92c9f3b0-f849-43c1-ae36-8982538e7b16,2026-03-01,214.99,eBay,BUY_IT_NOW,RELISTED,0,https://www.ebay.com/itm/127685131619
92c9f3b0-f849-43c1-ae36-8982538e7b16,2025-11-17,180,eBay,AUCTION,ok,0,https://www.ebay.com/itm/376686701872
92c9f3b0-f849-43c1-ae36-8982538e7b16,2025-11-06,108.5,eBay,AUCTION,RELISTED,0,https://www.ebay.com/itm/376659967894
92c9f3b0-f849-43c1-ae36-8982538e7b16,2025-09-10,277.77,eBay,BEST_OFFER,RELISTED,0,https://www.ebay.com/itm/397017776867
92991dd7-d391-478f-839e-abd5cfbb4e9f,2026-09-04,35,eBay,BEST_OFFER,ok,0,https://www.ebay.com/itm/127992449441
92991dd7-d391-478f-839e-abd5cfbb4e9f,2026-08-31,24,eBay,BEST_OFFER,ok,0,https://www.ebay.com/itm/257661877484
92991dd7-d391-478f-839e-abd5cfbb4e9f,2026-06-03,34.99,eBay,BEST_OFFER,ok,0,https://www.ebay.com/itm/204943846658
92991dd7-d391-478f-839e-abd5cfbb4e9f,2026-05-30,15.5,eBay,AUCTION,ok,0,https://www.ebay.com/itm/377206035800
92991dd7-d391-478f-839e-abd5cfbb4e9f,2026-05-06,30,eBay,BUY_IT_NOW,ok,0,https://www.ebay.com/itm/376663391970
92991dd7-d391-478f-839e-abd5cfbb4e9f,2026-04-28,50,eBay,AUCTION,ok,0,https://www.ebay.com/itm/257463745866
92991dd7-d391-478f-839e-abd5cfbb4e9f,2025-11-09,18,PWCC Weekly Auctions,AUCTION,ok,0,https://www.fanaticscollect.com/weekly/3d8f8ab8-b59d-11f0-a051-06aa62546b1f
92991dd7-d391-478f-839e-abd5cfbb4e9f,2025-08-20,20.99,eBay,BUY_IT_NOW,RELISTED,0,https://www.ebay.com/itm/177239986138
92991dd7-d391-478f-839e-abd5cfbb4e9f,2025-08-14,21,eBay,BEST_OFFER,ok,0,https://www.ebay.com/itm/335937515638
92991dd7-d391-478f-839e-abd5cfbb4e9f,2025-07-19,19.68,eBay,AUCTION,ok,0,https://www.ebay.com/itm/396852561596
92e4a0d9-0eb5-4078-bd6a-368433e01c2c,2026-09-13,277.22,eBay,AUCTION,ok,0,https://www.ebay.com/itm/298662343804
92e4a0d9-0eb5-4078-bd6a-368433e01c2c,2026-09-10,314.09,eBay,BUY_IT_NOW,ok,0,https://www.ebay.com/itm/298467596974
92e4a0d9-0eb5-4078-bd6a-368433e01c2c,2026-09-09,277.81,eBay,AUCTION,ok,0,https://www.ebay.com/itm/298651041470
92e4a0d9-0eb5-4078-bd6a-368433e01c2c,2026-08-28,277.34,eBay,AUCTION,ok,0,https://www.ebay.com/itm/298615501524
92e4a0d9-0eb5-4078-bd6a-368433e01c2c,2026-08-27,200,eBay,BEST_OFFER,ok,0,https://www.ebay.com/itm/227487369882
92e4a0d9-0eb5-4078-bd6a-368433e01c2c,2026-08-26,190.44,CardHobby,AUCTION,ok,0,https://www.cardhobby.com/#/carddetails/130768175
92e4a0d9-0eb5-4078-bd6a-368433e01c2c,2026-08-25,277.6,eBay,AUCTION,ok,0,https://www.ebay.com/itm/298608800405
92e4a0d9-0eb5-4078-bd6a-368433e01c2c,2026-08-24,290.81,eBay,AUCTION,ok,0,https://www.ebay.com/itm/298607496522
92e4a0d9-0eb5-4078-bd6a-368433e01c2c,2026-08-15,250,eBay,BUY_IT_NOW,ok,0,https://www.ebay.com/itm/287513330639
92e4a0d9-0eb5-4078-bd6a-368433e01c2c,2026-08-13,227.5,eBay,AUCTION,ok,0,https://www.ebay.com/itm/307109102976
9242860e-394d-471b-8e6d-732c72e54e34,2024-07-25,11,eBay,AUCTION,ok,0,https://www.ebay.com/itm/2024-POKEMON-TWM-EN-TWILIGHT-MASQUERADE-122-AGGRON-REVERSE-HOLO-PSA-10-/365018303622
92774079-687e-4ed9-b3c4-85a38c92555c,2026-08-18,74.99,eBay,BEST_OFFER,ok,0,https://www.ebay.com/itm/206499128707
92774079-687e-4ed9-b3c4-85a38c92555c,2026-03-28,59.99,eBay,BUY_IT_NOW,ok,0,https://www.ebay.com/itm/287232377346
92774079-687e-4ed9-b3c4-85a38c92555c,2025-06-07,60,eBay,BEST_OFFER,ok,0,https://www.ebay.com/itm/135747676851
92774079-687e-4ed9-b3c4-85a38c92555c,2025-05-07,36,eBay,BUY_IT_NOW,ok,0,https://www.ebay.com/itm/267098953318
92774079-687e-4ed9-b3c4-85a38c92555c,2025-04-13,46,eBay,AUCTION,ok,0,https://www.ebay.com/itm/286467146280
92774079-687e-4ed9-b3c4-85a38c92555c,2025-03-25,65,eBay,BUY_IT_NOW,ok,0,https://www.ebay.com/itm/267098962560
92774079-687e-4ed9-b3c4-85a38c92555c,2025-03-25,65,eBay,BUY_IT_NOW,ok,0,https://www.ebay.com/itm/267098953904
92774079-687e-4ed9-b3c4-85a38c92555c,2025-02-09,54.99,eBay,BUY_IT_NOW,ok,0,https://www.ebay.com/itm/Pokemon-S-Chinese-Rayquaza-PSA-CSFC-018-Special-Holo-Gift-Box-Promo-/286153674761
92774079-687e-4ed9-b3c4-85a38c92555c,2025-01-13,75,eBay,BUY_IT_NOW,ok,0,https://www.ebay.com/itm/2024-Pokemon-S-Chinese-Dragon-Return-Gift-Box-Rayquaza-018-Holo-PSA-10-Low-Pop-/267098957988
92774079-687e-4ed9-b3c4-85a38c92555c,2025-01-12,75,eBay,BUY_IT_NOW,ok,0,https://www.ebay.com/itm/2024-Pokemon-S-Chinese-Dragon-Return-Gift-Box-Rayquaza-018-Holo-PSA-10-Low-Pop-/267098952771
92545bf2-0e8c-4443-8df8-217baef71758,2026-06-02,31.39,Pristine Auction,AUCTION,ok,0,https://www.pristineauction.com/a12238034-Hydrapple-ex-2024-Pokemon-Card-Game-Scarlet-Violet-Stellar-Miracle-Japanese-115-PSA-10
92545bf2-0e8c-4443-8df8-217baef71758,2026-02-17,44.95,eBay,BEST_OFFER,ok,0,https://www.ebay.com/itm/137038231872
92545bf2-0e8c-4443-8df8-217baef71758,2025-12-18,15.54,eBay,AUCTION,ok,0,https://www.ebay.com/itm/366057052437
92545bf2-0e8c-4443-8df8-217baef71758,2025-12-11,44.9,eBay,BUY_IT_NOW,ok,0,https://www.ebay.com/itm/167222630988
92545bf2-0e8c-4443-8df8-217baef71758,2025-11-20,38,eBay,AUCTION,ok,0,https://www.ebay.com/itm/365990051756
92545bf2-0e8c-4443-8df8-217baef71758,2025-09-04,34.99,eBay,BEST_OFFER,ok,0,https://www.ebay.com/itm/146800912969
92545bf2-0e8c-4443-8df8-217baef71758,2025-08-18,35,eBay,BEST_OFFER,ok,0,https://www.ebay.com/itm/297052151534
92545bf2-0e8c-4443-8df8-217baef71758,2025-08-14,35,eBay,BUY_IT_NOW,ok,0,https://www.ebay.com/itm/395809140771
92545bf2-0e8c-4443-8df8-217baef71758,2025-06-03,24.99,eBay,BEST_OFFER,ok,0,https://www.ebay.com/itm/315726912773
92545bf2-0e8c-4443-8df8-217baef71758,2025-04-12,16,eBay,BEST_OFFER,ok,0,https://www.ebay.com/itm/156797072032
92b76010-5767-4e26-8848-722ea45ab9ee,2025-07-19,79.99,eBay,BEST_OFFER,ok,0,https://www.ebay.com/itm/116696645197
92b76010-5767-4e26-8848-722ea45ab9ee,2025-06-14,72,eBay,BUY_IT_NOW,ok,0,https://www.ebay.com/itm/116651865046
92b76010-5767-4e26-8848-722ea45ab9ee,2025-04-10,65,PWCC Fixed Price,BEST_OFFER,ok,0,https://sales-history.pwccmarketplace.com/items/FIXED230457
92b76010-5767-4e26-8848-722ea45ab9ee,2024-10-15,44.39,eBay,AUCTION,ok,0,https://www.ebay.com/itm/PSA-10-WOOPER-82-111-2000-POKEMON-TCG-NEO-GENESIS-WIZARDS-COAST-WOTC-/156451518540
92421745-f921-4a83-aa91-e4331f5a2788,2026-04-05,138,PWCC Weekly Auctions,AUCTION,ok,0,https://www.fanaticscollect.com/weekly/464b7be2-1eea-11f1-a58a-0ae9bec263df
92421745-f921-4a83-aa91-e4331f5a2788,2025-10-19,56.4,PWCC Weekly Auctions,AUCTION,ok,0,https://www.fanaticscollect.com/weekly/6f16b332-a2a5-11f0-9394-0a58a9feac02
92421745-f921-4a83-aa91-e4331f5a2788,2025-09-17,112.49,eBay,BUY_IT_NOW,ok,0,https://www.ebay.com/itm/164515783059
92421745-f921-4a83-aa91-e4331f5a2788,2024-11-07,80,eBay,BUY_IT_NOW,ok,0,https://www.ebay.com/itm/2004-Pokemon-EX-Hidden-Legends-Magnetic-Storm-Reverse-Foil-91-PSA-10-GEM-MINT-/315348742048
9232ff7d-e6f1-40c7-ba8b-08cf0a6d9ff4,2024-12-17,61.59,eBay,BEST_OFFER,ok,0,https://www.ebay.com/itm/PSA-10-2003-Pokemon-EX-Dragon-23-97-Bagon-Pop-5-/205041318983
92205cc4-f735-4203-9d67-1daf357a1350,2025-01-07,20,eBay,BUY_IT_NOW,ok,0,https://www.ebay.com/itm/2022-POKEMON-GO-JPN-MET-METAL-ENERGY-PSA-10-/305960969615
920182f8-769b-47a0-b890-39d41821e782,2026-03-01,40,eBay,BEST_OFFER,ok,0,https://www.ebay.com/itm/267574085636
920182f8-769b-47a0-b890-39d41821e782,2025-05-09,40,eBay,BEST_OFFER,ok,0,https://www.ebay.com/itm/156944499763
920182f8-769b-47a0-b890-39d41821e782,2025-04-16,19,eBay,AUCTION,ok,0,https://www.ebay.com/itm/297195200064
920182f8-769b-47a0-b890-39d41821e782,2025-01-26,28,eBay,AUCTION,ok,0,https://www.ebay.com/itm/2024-POKEMON-SSP-EN-SURGING-SPARKS-185-PRECIOUS-TROLLEY-PSA-10-/306049486874
920182f8-769b-47a0-b890-39d41821e782,2025-01-22,45,eBay,AUCTION,ok,0,https://www.ebay.com/itm/Precious-Trolley-185-191-Sv08-Surging-Sparks-Holo-PSA-10-Graded-Pokemon-Card-/405480204717
9233da77-b67e-42bb-9d1b-db4333f3c7f1,2026-09-03,80,eBay,BEST_OFFER,ok,0,https://www.ebay.com/itm/307159112167
9233da77-b67e-42bb-9d1b-db4333f3c7f1,2026-08-28,90,eBay,BUY_IT_NOW,ok,0,https://www.ebay.com/itm/407175468456
9233da77-b67e-42bb-9d1b-db4333f3c7f1,2026-08-24,80,eBay,BEST_OFFER,ok,0,https://www.ebay.com/itm/257656800900
9233da77-b67e-42bb-9d1b-db4333f3c7f1,2026-08-22,89.99,eBay,BUY_IT_NOW,ok,0,https://www.ebay.com/itm/206486335488
9233da77-b67e-42bb-9d1b-db4333f3c7f1,2026-08-15,80,eBay,BUY_IT_NOW,ok,0,https://www.ebay.com/itm/267748944497
9233da77-b67e-42bb-9d1b-db4333f3c7f1,2026-07-26,94.5,eBay,BUY_IT_NOW,ok,0,https://www.ebay.com/itm/278198092946
9233da77-b67e-42bb-9d1b-db4333f3c7f1,2026-07-23,52.8,Alt,AUCTION,ok,0,https://alt.xyz/exchange/select-listing?ids=c1a2d03f-e65e-4598-b93c-f38bd03cabe2
9233da77-b67e-42bb-9d1b-db4333f3c7f1,2026-07-19,89.99,eBay,BEST_OFFER,ok,0,https://www.ebay.com/itm/117309346038
9233da77-b67e-42bb-9d1b-db4333f3c7f1,2026-07-07,70,eBay,BEST_OFFER,ok,0,https://www.ebay.com/itm/117285060434
9233da77-b67e-42bb-9d1b-db4333f3c7f1,2026-06-29,68.9,eBay,AUCTION,ok,0,https://www.ebay.com/itm/127940250276
921133f8-b639-435d-a738-9d3803f5bed9,2026-03-15,1358.62,eBay,AUCTION,ok,0,https://www.ebay.com/itm/287174475590
921133f8-b639-435d-a738-9d3803f5bed9,2026-02-11,510.3,eBay,BUY_IT_NOW,ok,0,https://www.ebay.com/itm/298022953906
921133f8-b639-435d-a738-9d3803f5bed9,2025-10-19,339.16,eBay,AUCTION,ok,0,https://www.ebay.com/itm/286861367161
921133f8-b639-435d-a738-9d3803f5bed9,2025-03-25,392.98,eBay,BEST_OFFER,ok,0,https://www.ebay.com/itm/116502970540
921133f8-b639-435d-a738-9d3803f5bed9,2025-02-24,261.36,eBay,BUY_IT_NOW,ok,0,https://www.ebay.com/itm/Pokemon-MEW-168-165-Charmander-PSA-10-GEM-MINT-ITALIANO-151-bgs-graad-/387866335502
92a88735-b9f2-4156-9c4b-bfffa10c4357,2026-09-16,199.95,eBay,BUY_IT_NOW,ok,0,https://www.ebay.com/itm/198644400354
92a88735-b9f2-4156-9c4b-bfffa10c4357,2026-09-15,220,eBay,BEST_OFFER,ok,0,https://www.ebay.com/itm/307180519910
92a88735-b9f2-4156-9c4b-bfffa10c4357,2026-09-14,225,eBay,BEST_OFFER,ok,0,https://www.ebay.com/itm/117393033860
92a88735-b9f2-4156-9c4b-bfffa10c4357,2026-09-08,167.32,eBay,AUCTION,ok,0,https://www.ebay.com/itm/278333216376
92a88735-b9f2-4156-9c4b-bfffa10c4357,2026-09-03,190,eBay,BEST_OFFER,ok,0,https://www.ebay.com/itm/237046992268
92a88735-b9f2-4156-9c4b-bfffa10c4357,2026-09-03,167.5,eBay,AUCTION,ok,0,https://www.ebay.com/itm/298618624288
92a88735-b9f2-4156-9c4b-bfffa10c4357,2026-08-31,225,eBay,BEST_OFFER,ok,0,https://www.ebay.com/itm/236987245731
92a88735-b9f2-4156-9c4b-bfffa10c4357,2026-08-27,210,eBay,BEST_OFFER,ok,0,https://www.ebay.com/itm/117357688745
92a88735-b9f2-4156-9c4b-bfffa10c4357,2026-08-26,200,eBay,BEST_OFFER,ok,0,https://www.ebay.com/itm/307141655174
92a88735-b9f2-4156-9c4b-bfffa10c4357,2026-08-25,190,PWCC Fixed Price,BEST_OFFER,ok,0,https://www.fanaticscollect.com/buy-now/4939a24d-b9b7-446a-a54a-0f608af183c0
92a6182b-6a6f-449c-96a3-127eba6549b3,2026-09-05,650,eBay,BUY_IT_NOW,ok,0,https://www.ebay.com/itm/336742661497
92a6182b-6a6f-449c-96a3-127eba6549b3,2026-08-28,582.71,eBay,AUCTION,ok,0,https://www.ebay.com/itm/307138155774
92a6182b-6a6f-449c-96a3-127eba6549b3,2026-08-27,409.2,Alt,AUCTION,ok,0,https://alt.xyz/exchange/select-listing?ids=8d572f1a-a82f-432f-9b89-68d42e02312c
92a6182b-6a6f-449c-96a3-127eba6549b3,2026-08-26,610,eBay,AUCTION,ok,0,https://www.ebay.com/itm/278296935860
92a6182b-6a6f-449c-96a3-127eba6549b3,2026-08-24,445,eBay,AUCTION,ok,0,https://www.ebay.com/itm/377426296716
92a6182b-6a6f-449c-96a3-127eba6549b3,2026-08-13,600,eBay,BUY_IT_NOW,ok,0,https://www.ebay.com/itm/257655853448
92a6182b-6a6f-449c-96a3-127eba6549b3,2026-08-12,610,eBay,BEST_OFFER,ok,0,https://www.ebay.com/itm/318674027833
92a6182b-6a6f-449c-96a3-127eba6549b3,2026-08-08,590,eBay,BEST_OFFER,ok,0,https://www.ebay.com/itm/298562402275
92a6182b-6a6f-449c-96a3-127eba6549b3,2026-08-01,570,eBay,AUCTION,ok,0,https://www.ebay.com/itm/307084046774
92a6182b-6a6f-449c-96a3-127eba6549b3,2026-07-23,630,eBay,AUCTION,ok,0,https://www.ebay.com/itm/800354893646
92b574d2-7ea3-4437-8d0a-2371c56ff8d0,2026-08-31,75.04,eBay,BUY_IT_NOW,ok,0,https://www.ebay.com/itm/188723240603
92b574d2-7ea3-4437-8d0a-2371c56ff8d0,2026-08-30,70,eBay,BEST_OFFER,ok,0,https://www.ebay.com/itm/137639845879
92b574d2-7ea3-4437-8d0a-2371c56ff8d0,2026-08-19,60,eBay,BEST_OFFER,ok,0,https://www.ebay.com/itm/267708826536
92b574d2-7ea3-4437-8d0a-2371c56ff8d0,2026-08-10,50,eBay,BEST_OFFER,ok,0,https://www.ebay.com/itm/227400231859
92b574d2-7ea3-4437-8d0a-2371c56ff8d0,2026-08-07,45,eBay,AUCTION,ok,0,https://www.ebay.com/itm/366581995003
92b574d2-7ea3-4437-8d0a-2371c56ff8d0,2026-08-06,87.99,eBay,BUY_IT_NOW,ok,0,https://www.ebay.com/itm/117310352201
92b574d2-7ea3-4437-8d0a-2371c56ff8d0,2026-07-26,54,eBay,AUCTION,ok,0,https://www.ebay.com/itm/298511224462
92b574d2-7ea3-4437-8d0a-2371c56ff8d0,2026-07-24,65,eBay,BEST_OFFER,ok,0,https://www.ebay.com/itm/198520248146
92b574d2-7ea3-4437-8d0a-2371c56ff8d0,2026-07-10,65,eBay,BEST_OFFER,ok,0,https://www.ebay.com/itm/336656844723
92b574d2-7ea3-4437-8d0a-2371c56ff8d0,2026-07-05,58.76,eBay,AUCTION,ok,0,https://www.ebay.com/itm/287424589943
92778e9a-01ae-4c8c-bb98-03b3205765b7,2026-08-28,110,eBay,BEST_OFFER,ok,0,https://www.ebay.com/itm/298620079967
92778e9a-01ae-4c8c-bb98-03b3205765b7,2026-07-23,131,eBay,AUCTION,ok,0,https://www.ebay.com/itm/127981886052
92778e9a-01ae-4c8c-bb98-03b3205765b7,2026-06-14,79.99,eBay,BUY_IT_NOW,ok,0,https://www.ebay.com/itm/327208696084
92778e9a-01ae-4c8c-bb98-03b3205765b7,2026-04-17,80,eBay,BEST_OFFER,ok,0,https://www.ebay.com/itm/397848863213
92778e9a-01ae-4c8c-bb98-03b3205765b7,2026-04-08,85,eBay,BUY_IT_NOW,ok,0,https://www.ebay.com/itm/257081559574
92778e9a-01ae-4c8c-bb98-03b3205765b7,2026-03-24,56.29,eBay,AUCTION,ok,0,https://www.ebay.com/itm/298131084852
92778e9a-01ae-4c8c-bb98-03b3205765b7,2026-02-13,83.99,eBay,BUY_IT_NOW,ok,0,https://www.ebay.com/itm/306758293299
92778e9a-01ae-4c8c-bb98-03b3205765b7,2026-01-10,75,eBay,BUY_IT_NOW,ok,0,https://www.ebay.com/itm/227164816014
92778e9a-01ae-4c8c-bb98-03b3205765b7,2025-11-29,69.99,eBay,BUY_IT_NOW,ok,0,https://www.ebay.com/itm/317130180090
92778e9a-01ae-4c8c-bb98-03b3205765b7,2025-07-18,37,eBay,BUY_IT_NOW,ok,0,https://www.ebay.com/itm/267324222413
92500d95-7cd3-48c8-9fd9-3bcfdd3b7026,2026-09-18,155,eBay,BUY_IT_NOW,ok,0,https://www.ebay.com/itm/298662953120
92500d95-7cd3-48c8-9fd9-3bcfdd3b7026,2026-09-18,145,eBay,BUY_IT_NOW,ok,0,https://www.ebay.com/itm/198651001322
92500d95-7cd3-48c8-9fd9-3bcfdd3b7026,2026-09-16,150,eBay,AUCTION,ok,0,https://www.ebay.com/itm/206550910078
92500d95-7cd3-48c8-9fd9-3bcfdd3b7026,2026-09-15,149.5,eBay,BUY_IT_NOW,ok,0,https://www.ebay.com/itm/257743504113
92500d95-7cd3-48c8-9fd9-3bcfdd3b7026,2026-09-13,149.99,eBay,BEST_OFFER,ok,0,https://www.ebay.com/itm/227518757609
92500d95-7cd3-48c8-9fd9-3bcfdd3b7026,2026-09-13,142,eBay,BEST_OFFER,ok,0,https://www.ebay.com/itm/307177230369
92500d95-7cd3-48c8-9fd9-3bcfdd3b7026,2026-09-10,148.5,eBay,AUCTION,ok,0,https://www.ebay.com/itm/307159271971
92500d95-7cd3-48c8-9fd9-3bcfdd3b7026,2026-09-10,139.99,eBay,AUCTION,ok,0,https://www.ebay.com/itm/117388214515
92500d95-7cd3-48c8-9fd9-3bcfdd3b7026,2026-09-04,159.99,eBay,BUY_IT_NOW,ok,0,https://www.ebay.com/itm/298627823161
92500d95-7cd3-48c8-9fd9-3bcfdd3b7026,2026-09-03,182.59,eBay,BEST_OFFER,ok,0,https://www.ebay.com/itm/318730726899
9231d2f1-7e61-4f13-9e68-17937abb156b,2025-04-29,114.2,eBay,BUY_IT_NOW,ok,0,https://www.ebay.com/itm/405821528818
92dc7073-4002-4b19-b752-8178afd3d872,2026-09-07,93,eBay,BEST_OFFER,ok,0,https://www.ebay.com/itm/407149646482
92dc7073-4002-4b19-b752-8178afd3d872,2026-09-04,51.95,CardHobby,AUCTION,ok,0,https://www.cardhobby.com/#/carddetails/132732641
92dc7073-4002-4b19-b752-8178afd3d872,2026-09-01,61.07,CardHobby,AUCTION,ok,0,https://www.cardhobby.com/#/carddetails/131569008
92dc7073-4002-4b19-b752-8178afd3d872,2026-08-29,58.67,CardHobby,AUCTION,ok,0,https://www.cardhobby.com/#/carddetails/131496603
92dc7073-4002-4b19-b752-8178afd3d872,2026-08-27,100,eBay,BEST_OFFER,NOT_PAID,0,https://www.ebay.com/itm/800566155075
92dc7073-4002-4b19-b752-8178afd3d872,2026-08-23,62.4,PWCC Weekly Auctions,AUCTION,ok,0,https://www.fanaticscollect.com/weekly/3f985b42-8cfb-11f1-a4a7-0a58a9feac02
92dc7073-4002-4b19-b752-8178afd3d872,2026-08-22,85,PWCC Fixed Price,BEST_OFFER,ok,0,https://www.fanaticscollect.com/buy-now/ae01a685-606a-4f4f-980f-54a23316dcb2
92dc7073-4002-4b19-b752-8178afd3d872,2026-08-20,86,eBay,AUCTION,ok,0,https://www.ebay.com/itm/128028061494
92dc7073-4002-4b19-b752-8178afd3d872,2026-08-17,58.2,CardHobby,AUCTION,ok,0,https://www.cardhobby.com/#/carddetails/128802970
92dc7073-4002-4b19-b752-8178afd3d872,2026-08-08,80,PWCC Fixed Price,BEST_OFFER,ok,0,https://www.fanaticscollect.com/buy-now/f2f00e82-545d-4ca7-bdf6-55e78e9e5c93
92aad8ed-e402-4f25-8b41-19dec4903d97,2026-08-25,37,eBay,AUCTION,ok,0,https://www.ebay.com/itm/137644506487
92aad8ed-e402-4f25-8b41-19dec4903d97,2026-08-24,33,eBay,AUCTION,ok,0,https://www.ebay.com/itm/377432610699
92aad8ed-e402-4f25-8b41-19dec4903d97,2026-08-12,37,eBay,BEST_OFFER,ok,0,https://www.ebay.com/itm/318705073313
92aad8ed-e402-4f25-8b41-19dec4903d97,2026-07-28,54,eBay,BUY_IT_NOW,ok,0,https://www.ebay.com/itm/377360388213
92aad8ed-e402-4f25-8b41-19dec4903d97,2026-07-16,54.99,eBay,BUY_IT_NOW,ok,0,https://www.ebay.com/itm/117098279837
92aad8ed-e402-4f25-8b41-19dec4903d97,2026-07-08,54.94,eBay,BUY_IT_NOW,ok,0,https://www.ebay.com/itm/157242931028
92aad8ed-e402-4f25-8b41-19dec4903d97,2026-06-22,55.99,eBay,BEST_OFFER,ok,0,https://www.ebay.com/itm/227400033397
92aad8ed-e402-4f25-8b41-19dec4903d97,2026-06-21,47.99,eBay,BUY_IT_NOW,ok,0,https://www.ebay.com/itm/236849019663
92aad8ed-e402-4f25-8b41-19dec4903d97,2026-05-26,50,eBay,BEST_OFFER,ok,0,https://www.ebay.com/itm/117215194194
92aad8ed-e402-4f25-8b41-19dec4903d97,2026-05-07,33.6,Alt,AUCTION,ok,0,https://alt.xyz/exchange/select-listing?ids=7d7385fc-21e6-4300-a894-fb5d771ecedb
92933157-3baa-4122-b674-aed55323c840,2026-08-20,700,eBay,BEST_OFFER,ok,0,https://www.ebay.com/itm/117249445930
92933157-3baa-4122-b674-aed55323c840,2026-02-16,140,eBay,BEST_OFFER,ok,0,https://www.ebay.com/itm/227220238146
92933157-3baa-4122-b674-aed55323c840,2025-09-07,92.91,eBay,AUCTION,ok,0,https://www.ebay.com/itm/286787162148
9223a38e-f770-4783-97b8-46210fed5ae2,2026-09-06,45.99,eBay,BUY_IT_NOW,ok,0,https://www.ebay.com/itm/257710949018
9223a38e-f770-4783-97b8-46210fed5ae2,2026-08-30,50,eBay,BEST_OFFER,ok,0,https://www.ebay.com/itm/389793786557
9223a38e-f770-4783-97b8-46210fed5ae2,2026-08-22,34.11,eBay,AUCTION,ok,0,https://www.ebay.com/itm/206491871515
9223a38e-f770-4783-97b8-46210fed5ae2,2026-08-12,49.99,eBay,BUY_IT_NOW,ok,0,https://www.ebay.com/itm/336662855927
9223a38e-f770-4783-97b8-46210fed5ae2,2026-08-01,50,eBay,BUY_IT_NOW,ok,0,https://www.ebay.com/itm/377340446059
9223a38e-f770-4783-97b8-46210fed5ae2,2026-08-01,40,eBay,BEST_OFFER,ok,0,https://www.ebay.com/itm/800424418812
9223a38e-f770-4783-97b8-46210fed5ae2,2026-07-26,32.47,eBay,AUCTION,ok,0,https://www.ebay.com/itm/377347901263
9223a38e-f770-4783-97b8-46210fed5ae2,2026-07-22,46,eBay,BEST_OFFER,ok,0,https://www.ebay.com/itm/127958947123
9223a38e-f770-4783-97b8-46210fed5ae2,2026-06-24,42.99,eBay,BUY_IT_NOW,ok,0,https://www.ebay.com/itm/227269023070
9223a38e-f770-4783-97b8-46210fed5ae2,2026-06-20,45,eBay,BEST_OFFER,ok,0,https://www.ebay.com/itm/376586192512
92ce9c50-f1aa-4f77-b01b-58e5e8d0eafd,2026-06-28,109.99,eBay,BUY_IT_NOW,ok,0,https://www.ebay.com/itm/117217043004
92ce9c50-f1aa-4f77-b01b-58e5e8d0eafd,2026-04-04,75,eBay,BEST_OFFER,ok,0,https://www.ebay.com/itm/236660759921
92ce9c50-f1aa-4f77-b01b-58e5e8d0eafd,2026-02-18,26,eBay,AUCTION,ok,0,https://www.ebay.com/itm/306763418993
92ce9c50-f1aa-4f77-b01b-58e5e8d0eafd,2026-01-07,80,eBay,BEST_OFFER,ok,0,https://www.ebay.com/itm/236440097491
92ce9c50-f1aa-4f77-b01b-58e5e8d0eafd,2025-10-24,21.5,eBay,AUCTION,ok,0,https://www.ebay.com/itm/297688025665
92ce9c50-f1aa-4f77-b01b-58e5e8d0eafd,2025-10-22,23.5,eBay,AUCTION,RELISTED,0,https://www.ebay.com/itm/116828353275
92ce9c50-f1aa-4f77-b01b-58e5e8d0eafd,2025-10-05,22.5,eBay,AUCTION,ok,0,https://www.ebay.com/itm/336208839552
92f5b133-df44-4ba5-9e59-b54f8ad4663a,2026-05-05,12.11,eBay,AUCTION,ok,0,https://www.ebay.com/itm/206238342681
92f5b133-df44-4ba5-9e59-b54f8ad4663a,2025-12-02,15.5,eBay,AUCTION,ok,0,https://www.ebay.com/itm/116897257993
92f5b133-df44-4ba5-9e59-b54f8ad4663a,2025-10-26,30,eBay,AUCTION,ok,0,https://www.ebay.com/itm/116833688065
926dc421-833a-4072-b925-729aa6f7b7e0,2026-06-20,150,eBay,BEST_OFFER,ok,0,https://www.ebay.com/itm/198439885374
926dc421-833a-4072-b925-729aa6f7b7e0,2026-05-23,70,eBay,BUY_IT_NOW,ok,0,https://www.ebay.com/itm/178147495602
926dc421-833a-4072-b925-729aa6f7b7e0,2026-05-07,150,eBay,BUY_IT_NOW,ok,0,https://www.ebay.com/itm/177770696488
926dc421-833a-4072-b925-729aa6f7b7e0,2025-11-08,200,eBay,BEST_OFFER,ok,0,https://www.ebay.com/itm/116837048889
9248d887-b757-408c-aaac-bcef82e84f69,2026-08-31,39.99,eBay,BEST_OFFER,ok,0,https://www.ebay.com/itm/398100715473
9248d887-b757-408c-aaac-bcef82e84f69,2026-08-26,26.25,eBay,AUCTION,ok,0,https://www.ebay.com/itm/298599294681
9248d887-b757-408c-aaac-bcef82e84f69,2026-08-19,18.51,eBay,AUCTION,ok,0,https://www.ebay.com/itm/377419045845
9248d887-b757-408c-aaac-bcef82e84f69,2026-08-14,36,eBay,BEST_OFFER,ok,0,https://www.ebay.com/itm/178404307971
9248d887-b757-408c-aaac-bcef82e84f69,2026-08-01,41,eBay,BEST_OFFER,ok,0,https://www.ebay.com/itm/358793096440
9248d887-b757-408c-aaac-bcef82e84f69,2026-07-19,24,PWCC Weekly Auctions,AUCTION,ok,0,https://www.fanaticscollect.com/weekly/fb506734-7717-11f1-91c5-0a58a9feac02
9248d887-b757-408c-aaac-bcef82e84f69,2026-07-16,36,eBay,AUCTION,ok,0,https://www.ebay.com/itm/117291488370
9248d887-b757-408c-aaac-bcef82e84f69,2026-07-05,18.5,eBay,AUCTION,ok,0,https://www.ebay.com/itm/287417124363
9248d887-b757-408c-aaac-bcef82e84f69,2026-06-13,29,eBay,BEST_OFFER,ok,0,https://www.ebay.com/itm/147309500259
9248d887-b757-408c-aaac-bcef82e84f69,2026-06-08,37.67,eBay,BUY_IT_NOW,ok,0,https://www.ebay.com/itm/306961264031
92e9da28-177c-4ea1-b4f9-68b8fabefd18,2026-07-03,67,eBay,BUY_IT_NOW,ok,0,https://www.ebay.com/itm/306758425442
92e9da28-177c-4ea1-b4f9-68b8fabefd18,2026-02-07,24.5,eBay,AUCTION,ok,0,https://www.ebay.com/itm/297983566801
92812528-aeca-4fb5-b413-7663ab9b8850,2026-02-17,289.99,eBay,BEST_OFFER,ok,0,https://www.ebay.com/itm/286138338896
9270c8de-1291-4b84-9752-ba758d484b80,2026-07-22,112.5,eBay,AUCTION,ok,0,https://www.ebay.com/itm/800347620049
9270c8de-1291-4b84-9752-ba758d484b80,2026-06-09,200,eBay,BUY_IT_NOW,ok,0,https://www.ebay.com/itm/377243274824
9270c8de-1291-4b84-9752-ba758d484b80,2026-06-07,200,eBay,BUY_IT_NOW,RELISTED,0,https://www.ebay.com/itm/377243230199
9270c8de-1291-4b84-9752-ba758d484b80,2026-03-22,89,eBay,AUCTION,ok,0,https://www.ebay.com/itm/287204738929
9270c8de-1291-4b84-9752-ba758d484b80,2026-02-22,61,eBay,AUCTION,RELISTED,0,https://www.ebay.com/itm/287136215329
921cce90-6bbb-4df0-a6b4-aa8f9711708e,2026-04-21,99.99,eBay,BUY_IT_NOW,ok,0,https://www.ebay.com/itm/266291399157
922d2161-69c8-405a-9748-4c4e11474b95,2026-09-08,172.72,eBay,AUCTION,ok,0,https://www.ebay.com/itm/336766403363
922d2161-69c8-405a-9748-4c4e11474b95,2026-06-25,180,eBay,BEST_OFFER,ok,0,https://www.ebay.com/itm/318503608425
922761fc-3941-4c79-a701-5d9ca6dd7001,2026-09-17,1325,eBay,AUCTION,ok,0,https://www.ebay.com/itm/298658001394
922761fc-3941-4c79-a701-5d9ca6dd7001,2026-08-28,1300,eBay,BEST_OFFER,ok,0,https://www.ebay.com/itm/117378541956
922761fc-3941-4c79-a701-5d9ca6dd7001,2026-08-22,1700,eBay,BEST_OFFER,ok,0,https://www.ebay.com/itm/117370170414
922761fc-3941-4c79-a701-5d9ca6dd7001,2026-08-22,1500,eBay,BEST_OFFER,ok,0,https://www.ebay.com/itm/307124998954
922761fc-3941-4c79-a701-5d9ca6dd7001,2026-08-21,1500,eBay,AUCTION,ok,0,https://www.ebay.com/itm/307124999245
922761fc-3941-4c79-a701-5d9ca6dd7001,2026-08-20,1326,eBay,AUCTION,ok,0,https://www.ebay.com/itm/307111103403
922761fc-3941-4c79-a701-5d9ca6dd7001,2026-08-15,1750,eBay,AUCTION,ok,0,https://www.ebay.com/itm/117344617220
922761fc-3941-4c79-a701-5d9ca6dd7001,2026-08-13,1600,eBay,BEST_OFFER,ok,0,https://www.ebay.com/itm/298555790355
922761fc-3941-4c79-a701-5d9ca6dd7001,2026-08-04,1675,eBay,AUCTION,ok,0,https://www.ebay.com/itm/298537624820
922761fc-3941-4c79-a701-5d9ca6dd7001,2026-08-04,1225,eBay,AUCTION,ok,0,https://www.ebay.com/itm/298537624826
925a9f64-166e-4cea-90e1-63db7738d748,2026-07-13,56,eBay,AUCTION,ok,0,https://www.ebay.com/itm/307043914820
9256b59c-1937-46e5-bfc7-5d4047cc2e5d,2026-07-17,135.5,eBay,AUCTION,ok,0,https://www.ebay.com/itm/298495144812
92b41956-574e-4580-a590-7a235e2f5d00,2026-07-19,6100,eBay,AUCTION,ok,0,https://www.ebay.com/itm/287450309929
927d1eb1-43d1-4913-88ea-1a93e8aad861,2026-08-09,57,eBay,AUCTION,ok,0,https://www.ebay.com/itm/287495386546
92900196-94b3-4112-a23d-2956a9c5b1b6,2026-09-10,36,eBay,AUCTION,ok,0,https://www.ebay.com/itm/117391675613
92900196-94b3-4112-a23d-2956a9c5b1b6,2026-08-26,41,eBay,AUCTION,ok,0,https://www.ebay.com/itm/307134114123
92900196-94b3-4112-a23d-2956a9c5b1b6,2026-08-26,41,eBay,AUCTION,ok,0,https://www.ebay.com/itm/298599518586
92900196-94b3-4112-a23d-2956a9c5b1b6,2026-08-26,40,eBay,AUCTION,ok,0,https://www.ebay.com/itm/117366911173
92900196-94b3-4112-a23d-2956a9c5b1b6,2026-08-26,39,eBay,AUCTION,ok,0,https://www.ebay.com/itm/307134114180
92900196-94b3-4112-a23d-2956a9c5b1b6,2026-08-26,36,eBay,AUCTION,ok,0,https://www.ebay.com/itm/298599519910
92900196-94b3-4112-a23d-2956a9c5b1b6,2026-08-26,31.01,eBay,AUCTION,ok,0,https://www.ebay.com/itm/307134114147
92900196-94b3-4112-a23d-2956a9c5b1b6,2026-08-26,31,eBay,AUCTION,ok,0,https://www.ebay.com/itm/298599519235
92900196-94b3-4112-a23d-2956a9c5b1b6,2026-08-26,29,eBay,AUCTION,ok,0,https://www.ebay.com/itm/298599518678
92900196-94b3-4112-a23d-2956a9c5b1b6,2026-08-26,29,eBay,AUCTION,ok,0,https://www.ebay.com/itm/117366912107
92f98d75-6ab2-4236-a493-f93aaf813e4e,2026-09-01,203.5,eBay,AUCTION,ok,0,https://www.ebay.com/itm/307143231653
92f98d75-6ab2-4236-a493-f93aaf813e4e,2026-08-31,232.5,eBay,AUCTION,ok,0,https://www.ebay.com/itm/117373667002
92f98d75-6ab2-4236-a493-f93aaf813e4e,2026-08-20,44,eBay,AUCTION,ok,0,https://www.ebay.com/itm/117355611248
