asset_id,date,price,source,sale_type,status,outlier,url
a4d9057f-1a9c-4794-af67-bdb06f1f8c4a,2026-09-14,301,eBay,AUCTION,ok,0,https://www.ebay.com/itm/327349920198
a4d9057f-1a9c-4794-af67-bdb06f1f8c4a,2026-09-11,365,eBay,BEST_OFFER,ok,0,https://www.ebay.com/itm/257712389864
a4d9057f-1a9c-4794-af67-bdb06f1f8c4a,2026-09-09,433.49,eBay,BUY_IT_NOW,ok,0,https://www.ebay.com/itm/298645187586
a4d9057f-1a9c-4794-af67-bdb06f1f8c4a,2026-09-06,326.23,eBay,AUCTION,ok,0,https://www.ebay.com/itm/128052335143
a4d9057f-1a9c-4794-af67-bdb06f1f8c4a,2026-09-03,399.95,eBay,BEST_OFFER,ok,0,https://www.ebay.com/itm/307112278447
a4d9057f-1a9c-4794-af67-bdb06f1f8c4a,2026-09-01,349.99,eBay,BEST_OFFER,ok,0,https://www.ebay.com/itm/158246445825
a4d9057f-1a9c-4794-af67-bdb06f1f8c4a,2026-08-31,399.99,eBay,BUY_IT_NOW,ok,0,https://www.ebay.com/itm/820056320615
a4d9057f-1a9c-4794-af67-bdb06f1f8c4a,2026-08-31,340,eBay,BEST_OFFER,ok,0,https://www.ebay.com/itm/407181503093
a4d9057f-1a9c-4794-af67-bdb06f1f8c4a,2026-08-31,290,eBay,AUCTION,ok,0,https://www.ebay.com/itm/366626018640
a4d9057f-1a9c-4794-af67-bdb06f1f8c4a,2026-08-30,384.99,eBay,BUY_IT_NOW,ok,0,https://www.ebay.com/itm/820056311851
a43eddca-b246-4a58-8d0b-678527b8e1c8,2026-09-17,140,eBay,BUY_IT_NOW,ok,0,https://www.ebay.com/itm/168696739502
a43eddca-b246-4a58-8d0b-678527b8e1c8,2026-09-17,104.49,eBay,AUCTION,ok,0,https://www.ebay.com/itm/298660341153
a43eddca-b246-4a58-8d0b-678527b8e1c8,2026-09-09,142.32,eBay,BUY_IT_NOW,ok,0,https://www.ebay.com/itm/800634197452
a43eddca-b246-4a58-8d0b-678527b8e1c8,2026-09-08,110.5,eBay,AUCTION,ok,0,https://www.ebay.com/itm/117388888193
a43eddca-b246-4a58-8d0b-678527b8e1c8,2026-09-03,110,eBay,AUCTION,ok,0,https://www.ebay.com/itm/117379906598
a43eddca-b246-4a58-8d0b-678527b8e1c8,2026-09-02,155,PWCC Fixed Price,BEST_OFFER,ok,0,https://www.fanaticscollect.com/buy-now/5d1eb671-0523-40a0-a2e2-eb98d6ed6153
a43eddca-b246-4a58-8d0b-678527b8e1c8,2026-09-02,128,eBay,BEST_OFFER,ok,0,https://www.ebay.com/itm/188871547720
a43eddca-b246-4a58-8d0b-678527b8e1c8,2026-08-30,182.01,eBay,BEST_OFFER,ok,0,https://www.ebay.com/itm/257688120610
a43eddca-b246-4a58-8d0b-678527b8e1c8,2026-08-30,114.12,CardHobby,AUCTION,ok,0,https://www.cardhobby.com/#/carddetails/131285706
a43eddca-b246-4a58-8d0b-678527b8e1c8,2026-08-23,160,eBay,BUY_IT_NOW,ok,0,https://www.ebay.com/itm/298586565972
a4664ee4-5d5c-4573-89d0-59833cf9d63f,2026-08-28,6999.99,eBay,BEST_OFFER,ok,0,https://www.ebay.com/itm/298294998692
a4664ee4-5d5c-4573-89d0-59833cf9d63f,2026-08-25,6817.98,eBay,BUY_IT_NOW,ok,0,https://www.ebay.com/itm/158208768387
a4664ee4-5d5c-4573-89d0-59833cf9d63f,2026-07-19,4170.12,eBay,AUCTION,ok,0,https://www.ebay.com/itm/287449507405
a4664ee4-5d5c-4573-89d0-59833cf9d63f,2026-06-07,3684,eBay,AUCTION,ok,0,https://www.ebay.com/itm/287359313903
a4664ee4-5d5c-4573-89d0-59833cf9d63f,2026-03-15,3572.66,eBay,AUCTION,ok,0,https://www.ebay.com/itm/287182391647
a4664ee4-5d5c-4573-89d0-59833cf9d63f,2026-03-01,2755,eBay,AUCTION,ok,0,https://www.ebay.com/itm/277747803250
a4664ee4-5d5c-4573-89d0-59833cf9d63f,2026-02-13,2750,eBay,BUY_IT_NOW,ok,0,https://www.ebay.com/itm/127429474519
a4664ee4-5d5c-4573-89d0-59833cf9d63f,2026-01-19,2500,eBay,BUY_IT_NOW,ok,0,https://www.ebay.com/itm/168068325459
a4664ee4-5d5c-4573-89d0-59833cf9d63f,2025-10-30,1579.2,Alt,AUCTION,ok,0,https://alt.xyz/exchange/select-listing?ids=e2d92a88-99cb-4d64-8296-c5aa02ae5032
a4664ee4-5d5c-4573-89d0-59833cf9d63f,2025-10-26,1880,eBay,AUCTION,ok,0,https://www.ebay.com/itm/286882955684
a4e74b4c-b4cd-4220-93cc-b5460002d231,2026-09-06,168.94,eBay,AUCTION,ok,0,https://www.ebay.com/itm/287552953810
a4e74b4c-b4cd-4220-93cc-b5460002d231,2026-08-09,225.5,eBay,AUCTION,ok,0,https://www.ebay.com/itm/287495389220
a4e74b4c-b4cd-4220-93cc-b5460002d231,2026-07-28,275,eBay,BEST_OFFER,ok,0,https://www.ebay.com/itm/178313997950
a4e74b4c-b4cd-4220-93cc-b5460002d231,2026-07-12,650,eBay,BEST_OFFER,ok,0,https://www.ebay.com/itm/188226673707
a4e74b4c-b4cd-4220-93cc-b5460002d231,2026-07-12,204,PWCC Weekly Auctions,AUCTION,ok,0,https://www.fanaticscollect.com/weekly/e1939a1c-7566-11f1-8a58-0a58a9feac02
a4e74b4c-b4cd-4220-93cc-b5460002d231,2026-07-02,300,eBay,BEST_OFFER,ok,0,https://www.ebay.com/itm/257571946359
a4e74b4c-b4cd-4220-93cc-b5460002d231,2026-06-23,270,eBay,BEST_OFFER,ok,0,https://www.ebay.com/itm/287409668457
a4e74b4c-b4cd-4220-93cc-b5460002d231,2026-06-22,285,eBay,AUCTION,ok,0,https://www.ebay.com/itm/257567956651
a4e74b4c-b4cd-4220-93cc-b5460002d231,2026-06-10,273,eBay,BEST_OFFER,ok,0,https://www.ebay.com/itm/306994697963
a4e74b4c-b4cd-4220-93cc-b5460002d231,2026-06-07,255,eBay,AUCTION,ok,0,https://www.ebay.com/itm/117215558515
a411ca0e-ba12-4c11-afd8-bd01a849258f,2026-07-21,122.5,eBay,AUCTION,ok,0,https://www.ebay.com/itm/298501944008
a411ca0e-ba12-4c11-afd8-bd01a849258f,2026-04-19,72,eBay,AUCTION,ok,0,https://www.ebay.com/itm/287265068819
a411ca0e-ba12-4c11-afd8-bd01a849258f,2026-04-05,190.43,eBay,BUY_IT_NOW,ok,0,https://www.ebay.com/itm/164939565365
a411ca0e-ba12-4c11-afd8-bd01a849258f,2026-02-03,76.8,eBay,AUCTION,ok,0,https://www.ebay.com/itm/306732666171
a411ca0e-ba12-4c11-afd8-bd01a849258f,2026-02-01,143.99,eBay,BUY_IT_NOW,ok,0,https://www.ebay.com/itm/164939565365
a411ca0e-ba12-4c11-afd8-bd01a849258f,2025-10-28,69.99,eBay,BUY_IT_NOW,ok,0,https://www.ebay.com/itm/226331072881
a411ca0e-ba12-4c11-afd8-bd01a849258f,2025-09-21,58.99,eBay,AUCTION,ok,0,https://www.ebay.com/itm/286815444795
a411ca0e-ba12-4c11-afd8-bd01a849258f,2025-03-01,49.99,eBay,BUY_IT_NOW,ok,0,https://www.ebay.com/itm/2004-POKEMON-EX-TEAM-ROCKET-RETURNS-69-ONIX-PSA-10-/306145894776
a411ca0e-ba12-4c11-afd8-bd01a849258f,2024-09-29,62.94,eBay,BEST_OFFER,ok,0,https://www.ebay.com/itm/Pokemon-Cards-EX-Team-Rocket-Returns-Common-Onix-69-109-PSA-10-/314420300275
a411ca0e-ba12-4c11-afd8-bd01a849258f,2024-06-24,32.83,eBay,AUCTION,ok,0,https://www.ebay.com/itm/PSA-10-Onix-2004-Pokemon-Card-69-109-Team-Rocket-Returns-/186501517659
a4db3687-78d9-4c2c-b338-d87400866d1a,2026-08-31,980,eBay,BUY_IT_NOW,ok,0,https://www.ebay.com/itm/406974836634
a4db3687-78d9-4c2c-b338-d87400866d1a,2026-08-21,700,eBay,BEST_OFFER,ok,0,https://www.ebay.com/itm/406894145891
a4db3687-78d9-4c2c-b338-d87400866d1a,2026-08-20,699.99,eBay,BUY_IT_NOW,ok,0,https://www.ebay.com/itm/267746805755
a4db3687-78d9-4c2c-b338-d87400866d1a,2026-08-08,679.99,eBay,BEST_OFFER,ok,0,https://www.ebay.com/itm/307037688426
a4db3687-78d9-4c2c-b338-d87400866d1a,2026-07-19,755,eBay,AUCTION,ok,0,https://www.ebay.com/itm/287450309406
a4db3687-78d9-4c2c-b338-d87400866d1a,2026-06-28,1084,eBay,AUCTION,ok,0,https://www.ebay.com/itm/287399744731
a4db3687-78d9-4c2c-b338-d87400866d1a,2026-04-25,350,eBay,BUY_IT_NOW,ok,0,https://www.ebay.com/itm/298262457553
a4db3687-78d9-4c2c-b338-d87400866d1a,2025-11-22,225,eBay,BEST_OFFER,ok,0,https://www.ebay.com/itm/365997366324
a4db3687-78d9-4c2c-b338-d87400866d1a,2025-11-05,355,eBay,AUCTION,ok,0,https://www.ebay.com/itm/297707133852
a4db3687-78d9-4c2c-b338-d87400866d1a,2025-06-28,324.95,eBay,BUY_IT_NOW,ok,0,https://www.ebay.com/itm/177192541612
a4e39c84-b7cd-497c-92a9-8b1e4da1e1bd,2026-09-06,270.38,eBay,AUCTION,ok,0,https://www.ebay.com/itm/336769999746
a4e39c84-b7cd-497c-92a9-8b1e4da1e1bd,2026-08-26,165.33,CardHobby,AUCTION,ok,0,https://www.cardhobby.com/#/carddetails/130545768
a4e39c84-b7cd-497c-92a9-8b1e4da1e1bd,2026-08-23,250,eBay,AUCTION,ok,0,https://www.ebay.com/itm/307124644571
a4e39c84-b7cd-497c-92a9-8b1e4da1e1bd,2026-08-07,250,eBay,BUY_IT_NOW,ok,0,https://www.ebay.com/itm/307112527678
a4e39c84-b7cd-497c-92a9-8b1e4da1e1bd,2026-07-24,240.5,eBay,AUCTION,ok,0,https://www.ebay.com/itm/298509002259
a4e39c84-b7cd-497c-92a9-8b1e4da1e1bd,2026-07-23,202.5,eBay,AUCTION,ok,0,https://www.ebay.com/itm/178316948633
a4e39c84-b7cd-497c-92a9-8b1e4da1e1bd,2026-07-17,250,eBay,BEST_OFFER,ok,0,https://www.ebay.com/itm/377278511419
a4e39c84-b7cd-497c-92a9-8b1e4da1e1bd,2026-07-12,252,PWCC Weekly Auctions,AUCTION,ok,0,https://www.fanaticscollect.com/weekly/9e4e0c6a-7633-11f1-9a62-0a58a9feac02
a4e39c84-b7cd-497c-92a9-8b1e4da1e1bd,2026-07-03,231.88,eBay,AUCTION,ok,0,https://www.ebay.com/itm/307024793565
a4e39c84-b7cd-497c-92a9-8b1e4da1e1bd,2026-06-14,217.5,eBay,AUCTION,ok,0,https://www.ebay.com/itm/287375964535
a47053bd-cfda-4800-8db3-3a2237900e6e,2026-09-19,1808.33,eBay,BUY_IT_NOW,ok,0,https://www.ebay.com/itm/227527702249
a47053bd-cfda-4800-8db3-3a2237900e6e,2026-09-06,1480,eBay,AUCTION,ok,0,https://www.ebay.com/itm/307151550915
a47053bd-cfda-4800-8db3-3a2237900e6e,2026-08-16,1426,eBay,AUCTION,ok,0,https://www.ebay.com/itm/307114282760
a47053bd-cfda-4800-8db3-3a2237900e6e,2026-06-11,1093.2,Alt,AUCTION,ok,0,https://alt.xyz/exchange/select-listing?ids=6f9f2840-b499-43c1-b729-76483f8b93ac
a47053bd-cfda-4800-8db3-3a2237900e6e,2026-03-29,1300,eBay,BEST_OFFER,ok,0,https://www.ebay.com/itm/177896186989
a47053bd-cfda-4800-8db3-3a2237900e6e,2026-03-11,1395,eBay,BUY_IT_NOW,ok,0,https://www.ebay.com/itm/227250566251
a47053bd-cfda-4800-8db3-3a2237900e6e,2026-03-11,1200,eBay,BEST_OFFER,ok,0,https://www.ebay.com/itm/137114651768
a47053bd-cfda-4800-8db3-3a2237900e6e,2026-01-23,500,PWCC Fixed Price,BEST_OFFER,ok,0,https://www.fanaticscollect.com/buy-now/e84650b5-cbea-436c-94ef-451f9791b587
a47053bd-cfda-4800-8db3-3a2237900e6e,2025-12-11,500,eBay,BEST_OFFER,ok,0,https://www.ebay.com/itm/277399798305
a47053bd-cfda-4800-8db3-3a2237900e6e,2025-09-16,600,eBay,BEST_OFFER,ok,0,https://www.ebay.com/itm/177368113468
a4b81bcc-5e9f-47a0-995b-69ffad4d9dfc,2026-08-30,255.01,eBay,AUCTION,ok,0,https://www.ebay.com/itm/287541278641
a4b81bcc-5e9f-47a0-995b-69ffad4d9dfc,2025-09-07,37.2,PWCC Weekly Auctions,AUCTION,ok,0,https://www.fanaticscollect.com/weekly/a478ac9c-7f73-11f0-8dce-0a58a9feac02
a4b81bcc-5e9f-47a0-995b-69ffad4d9dfc,2025-09-07,37.2,PWCC Weekly Auctions,AUCTION,ok,0,https://www.fanaticscollect.com/weekly/a475b1ae-7f73-11f0-9bba-0a58a9feac02
a4b81bcc-5e9f-47a0-995b-69ffad4d9dfc,2025-09-07,37.2,PWCC Weekly Auctions,AUCTION,ok,0,https://www.fanaticscollect.com/weekly/a472c52a-7f73-11f0-adad-0a58a9feac02
a4b81bcc-5e9f-47a0-995b-69ffad4d9dfc,2025-07-06,33.6,PWCC Weekly Auctions,AUCTION,ok,0,https://www.fanaticscollect.com/weekly/fd43544c-5130-11f0-bec9-06abb2d2c747
a4b81bcc-5e9f-47a0-995b-69ffad4d9dfc,2025-07-05,32.92,eBay,AUCTION,ok,0,https://www.ebay.com/itm/127203585468
a4b81bcc-5e9f-47a0-995b-69ffad4d9dfc,2025-06-18,48,eBay,BEST_OFFER,ok,0,https://www.ebay.com/itm/177024554760
a4b81bcc-5e9f-47a0-995b-69ffad4d9dfc,2025-05-04,45.68,eBay,AUCTION,ok,0,https://www.ebay.com/itm/396539077052
a4b81bcc-5e9f-47a0-995b-69ffad4d9dfc,2025-04-10,64.88,eBay,BEST_OFFER,ok,0,https://www.ebay.com/itm/205236878058
a4b81bcc-5e9f-47a0-995b-69ffad4d9dfc,2025-01-26,37.2,PWCC Weekly Auctions,AUCTION,ok,0,https://www.fanaticscollect.com/weekly/c669a94e-d2b9-11ef-a3bb-0a58a9feac02
a4fc1a18-6f4a-4f46-9034-f06dc274917e,2025-12-14,276,PWCC Weekly Auctions,AUCTION,ok,0,https://www.fanaticscollect.com/weekly/8f8a1be6-c67b-11f0-b944-0a58a9feac02
a4fc1a18-6f4a-4f46-9034-f06dc274917e,2025-11-02,396,PWCC Weekly Auctions,AUCTION,ok,0,https://www.fanaticscollect.com/weekly/11d0b26e-b1d1-11f0-94ed-0a58a9feac02
a4fc1a18-6f4a-4f46-9034-f06dc274917e,2024-12-06,189.99,eBay,BEST_OFFER,ok,0,https://www.ebay.com/itm/2016-Pokemon-XY-Steam-Siege-Bisharp-Reverse-Foil-64-PSA-10-GEM-MINT-/326262610697
a4fc1a18-6f4a-4f46-9034-f06dc274917e,2024-11-07,199.99,eBay,BUY_IT_NOW,ok,0,https://www.ebay.com/itm/PSA-10-Shiny-Bisharp-2016-Pokemon-XY-Steam-Siege-Reverse-Holo-64-114-/176478332047
a4fc1a18-6f4a-4f46-9034-f06dc274917e,2021-12-18,80,eBay,BEST_OFFER,ok,0,https://www.ebay.com/itm/2016-Pokemon-XY-Steam-Siege-Bisharp-Reverse-Holo-64-114-PSA-10-MINT-POP-5-/324948237233
a4fc1a18-6f4a-4f46-9034-f06dc274917e,2021-12-11,80,eBay,BEST_OFFER,ok,0,https://www.ebay.com/itm/2016-Pokemon-XY-Steam-Siege-Bisharp-Reverse-Holo-64-114-PSA-10-MINT-POP-5-/324868794935
a4fc1a18-6f4a-4f46-9034-f06dc274917e,2021-03-21,90,eBay,BEST_OFFER,ok,0,https://www.ebay.com/itm/PSA-10-Pokemon-Shiny-Bisharp-XY-Steam-Siege-Reverse-Holo-Card-64-114-/174697590061
a40fb45d-ac6f-4365-812d-afa64d2d079b,2026-09-11,2950,eBay,AUCTION,ok,0,https://www.ebay.com/itm/298641864247
a40fb45d-ac6f-4365-812d-afa64d2d079b,2026-09-11,2850,eBay,AUCTION,ok,0,https://www.ebay.com/itm/298640782169
a40fb45d-ac6f-4365-812d-afa64d2d079b,2026-08-29,2325,eBay,AUCTION,ok,0,https://www.ebay.com/itm/366625720081
a40fb45d-ac6f-4365-812d-afa64d2d079b,2026-08-27,3391.2,Alt,AUCTION,ok,0,https://alt.xyz/exchange/select-listing?ids=d4ac3806-7728-4503-9eef-553bb30ca635
a40fb45d-ac6f-4365-812d-afa64d2d079b,2026-08-23,3350,eBay,AUCTION,RELISTED,0,https://www.ebay.com/itm/366613447648
a40fb45d-ac6f-4365-812d-afa64d2d079b,2026-08-23,3250,eBay,AUCTION,ok,0,https://www.ebay.com/itm/377424122890
a40fb45d-ac6f-4365-812d-afa64d2d079b,2026-08-23,2850,eBay,AUCTION,ok,0,https://www.ebay.com/itm/287526891006
a40fb45d-ac6f-4365-812d-afa64d2d079b,2026-08-23,2760,PWCC Weekly Auctions,AUCTION,ok,0,https://www.fanaticscollect.com/weekly/d38bfe78-97bc-11f1-82d4-0a58a9feac02
a40fb45d-ac6f-4365-812d-afa64d2d079b,2026-08-23,2701,eBay,AUCTION,ok,0,https://www.ebay.com/itm/287526890991
a40fb45d-ac6f-4365-812d-afa64d2d079b,2026-08-20,3280.8,Alt,AUCTION,ok,0,https://alt.xyz/exchange/select-listing?ids=401a94a7-79ca-4b96-8e46-2206631989a3
a45d0f8a-c1dd-44c7-9813-6a32e21a24fd,2026-09-17,4999.99,eBay,BUY_IT_NOW,ok,0,https://www.ebay.com/itm/267779541393
a45d0f8a-c1dd-44c7-9813-6a32e21a24fd,2026-09-15,4775.95,eBay,BUY_IT_NOW,ok,0,https://www.ebay.com/itm/377356800572
a45d0f8a-c1dd-44c7-9813-6a32e21a24fd,2026-08-23,3090.26,Goldin Auctions,AUCTION,ok,0,https://goldin.co/item/2003-pokemon-skyridge-holo-h5-crobat-psa-gem-mt-10gozsa
a45d0f8a-c1dd-44c7-9813-6a32e21a24fd,2026-07-26,3201,eBay,AUCTION,ok,0,https://www.ebay.com/itm/287468653892
a45d0f8a-c1dd-44c7-9813-6a32e21a24fd,2026-07-23,3273.6,Alt,AUCTION,ok,0,https://alt.xyz/exchange/select-listing?ids=e337b1ca-b989-4171-ab09-5c2aca14ec7e
a45d0f8a-c1dd-44c7-9813-6a32e21a24fd,2026-07-05,4680,PWCC Weekly Auctions,AUCTION,ok,0,https://www.fanaticscollect.com/weekly/a8788aa2-6e5f-11f1-88e1-029371f07097
a45d0f8a-c1dd-44c7-9813-6a32e21a24fd,2026-07-02,3019.2,Alt,AUCTION,ok,0,https://alt.xyz/exchange/select-listing?ids=c8d85a4e-7a73-4b9d-8fd0-0ef594c501b1
a45d0f8a-c1dd-44c7-9813-6a32e21a24fd,2026-06-29,2932.86,eBay,AUCTION,ok,0,https://www.ebay.com/itm/278115304680
a45d0f8a-c1dd-44c7-9813-6a32e21a24fd,2026-06-17,3501.01,eBay,AUCTION,ok,0,https://www.ebay.com/itm/298400618174
a45d0f8a-c1dd-44c7-9813-6a32e21a24fd,2026-06-05,4150,PWCC Fixed Price,BEST_OFFER,ok,0,https://www.fanaticscollect.com/buy-now/005ea7e1-6666-4ff0-9450-cfe990f1250f
a4b46d14-864f-4846-954a-891e1c8adc70,2026-09-03,40,eBay,AUCTION,ok,0,https://www.ebay.com/itm/307148298540
a4b46d14-864f-4846-954a-891e1c8adc70,2026-04-22,83.74,eBay,BUY_IT_NOW,ok,0,https://www.ebay.com/itm/157598899037
a4b46d14-864f-4846-954a-891e1c8adc70,2021-03-29,60,eBay,BEST_OFFER,ok,0,https://www.ebay.com/itm/2016-Pokemon-Japanese-Expansion-20th-Anniversary-54-Dugtrio-1st-Edition-PSA-10-/254906497489
a44a7eb6-82d1-4ff0-8654-74f35d553b26,2026-08-17,315,eBay,AUCTION,ok,0,https://www.ebay.com/itm/377412043167
a44a7eb6-82d1-4ff0-8654-74f35d553b26,2026-07-07,463,eBay,AUCTION,ok,0,https://www.ebay.com/itm/236908178621
a44a7eb6-82d1-4ff0-8654-74f35d553b26,2026-06-26,340,eBay,AUCTION,ok,0,https://www.ebay.com/itm/298429204186
a44a7eb6-82d1-4ff0-8654-74f35d553b26,2026-06-04,264,Alt,AUCTION,ok,0,https://alt.xyz/exchange/select-listing?ids=c2abf570-f118-4ba9-b126-0854fdf4398b
a44a7eb6-82d1-4ff0-8654-74f35d553b26,2026-06-03,335,eBay,BUY_IT_NOW,ok,0,https://www.ebay.com/itm/406852518813
a44a7eb6-82d1-4ff0-8654-74f35d553b26,2026-05-14,234,Alt,AUCTION,ok,0,https://alt.xyz/exchange/select-listing?ids=f5108998-a7f1-475c-b6e5-7752937d2fae
a44a7eb6-82d1-4ff0-8654-74f35d553b26,2026-04-05,340,eBay,AUCTION,ok,0,https://www.ebay.com/itm/287237155626
a44a7eb6-82d1-4ff0-8654-74f35d553b26,2026-03-03,299,eBay,BUY_IT_NOW,ok,0,https://www.ebay.com/itm/327012607565
a44a7eb6-82d1-4ff0-8654-74f35d553b26,2026-02-16,250,eBay,BEST_OFFER,ok,0,https://www.ebay.com/itm/157644809282
a44a7eb6-82d1-4ff0-8654-74f35d553b26,2026-02-13,175,eBay,BEST_OFFER,ok,0,https://www.ebay.com/itm/117035117255
a4c82879-a64a-4a1a-a573-1f248721d3fd,2026-08-15,599.99,eBay,BUY_IT_NOW,ok,0,https://www.ebay.com/itm/407129659102
a4c82879-a64a-4a1a-a573-1f248721d3fd,2026-08-06,549.99,eBay,BUY_IT_NOW,ok,0,https://www.ebay.com/itm/407124807664
a4c82879-a64a-4a1a-a573-1f248721d3fd,2026-08-06,500,eBay,BEST_OFFER,ok,0,https://www.ebay.com/itm/307005720720
a4c82879-a64a-4a1a-a573-1f248721d3fd,2026-08-05,479.99,eBay,BUY_IT_NOW,ok,0,https://www.ebay.com/itm/406987462898
a4c82879-a64a-4a1a-a573-1f248721d3fd,2026-06-06,379.99,eBay,BEST_OFFER,ok,0,https://www.ebay.com/itm/188476367734
a4c82879-a64a-4a1a-a573-1f248721d3fd,2026-05-08,249.99,eBay,BEST_OFFER,ok,0,https://www.ebay.com/itm/227335854461
a4c82879-a64a-4a1a-a573-1f248721d3fd,2026-05-03,215,eBay,BEST_OFFER,ok,0,https://www.ebay.com/itm/406889274138
a4c82879-a64a-4a1a-a573-1f248721d3fd,2026-03-27,146.23,eBay,BEST_OFFER,ok,0,https://www.ebay.com/itm/306843694563
a4c82879-a64a-4a1a-a573-1f248721d3fd,2026-03-15,96,PWCC Weekly Auctions,AUCTION,ok,0,https://www.fanaticscollect.com/weekly/1660109e-1807-11f1-8175-0a58a9feac02
a4c82879-a64a-4a1a-a573-1f248721d3fd,2026-01-08,117.5,eBay,AUCTION,ok,0,https://www.ebay.com/itm/336374082370
a4d1f758-4147-4d6d-95f9-8352c126ef25,2026-08-24,5100,eBay,BUY_IT_NOW,ok,0,https://www.ebay.com/itm/398221374580
a4d1f758-4147-4d6d-95f9-8352c126ef25,2026-06-24,4100,eBay,BUY_IT_NOW,ok,0,https://www.ebay.com/itm/397792947515
a4d1f758-4147-4d6d-95f9-8352c126ef25,2026-06-09,2465.75,eBay,BUY_IT_NOW,ok,0,https://www.ebay.com/itm/137397990171
a4d1f758-4147-4d6d-95f9-8352c126ef25,2026-03-02,4999.99,eBay,BEST_OFFER,ok,0,https://www.ebay.com/itm/306548689832
a4d1f758-4147-4d6d-95f9-8352c126ef25,2026-02-15,2604,Goldin Auctions,AUCTION,ok,0,https://goldin.co/item/2014-pokemon-xy-furious-fist-ultra-rare-holo-113-mega-lucario-ex-psa-gita1s
a4d1f758-4147-4d6d-95f9-8352c126ef25,2026-02-09,3800,eBay,BUY_IT_NOW,ok,0,https://www.ebay.com/itm/287020903937
a4d1f758-4147-4d6d-95f9-8352c126ef25,2025-11-26,2875.01,eBay,BEST_OFFER,ok,0,https://www.ebay.com/itm/326832883673
a4d1f758-4147-4d6d-95f9-8352c126ef25,2025-10-31,1500,eBay,BEST_OFFER,ok,0,https://www.ebay.com/itm/406338720204
a4d1f758-4147-4d6d-95f9-8352c126ef25,2025-10-24,2626.5,eBay,BEST_OFFER,RELISTED,0,https://www.ebay.com/itm/326824630885
a4d1f758-4147-4d6d-95f9-8352c126ef25,2025-10-19,1799,eBay,BEST_OFFER,ok,0,https://www.ebay.com/itm/306310115554
a4db9691-4534-44bf-b576-593af70be624,2025-02-23,13,eBay,BEST_OFFER,ok,0,https://www.ebay.com/itm/Pokemon-Counter-Gain-Lost-Thunder-Secret-Rare-Full-Art-230-PSA-10-Gem-Mint-/396206576839
a4db9691-4534-44bf-b576-593af70be624,2024-11-23,23.6,eBay,AUCTION,ok,0,https://www.ebay.com/itm/PSA-10-Counter-Gain-Full-Art-Secret-Rare-Lost-Thunder-2018-Pokemon-Card-230-/315974496383
a4db9691-4534-44bf-b576-593af70be624,2024-11-10,22.5,eBay,AUCTION,ok,0,https://www.ebay.com/itm/48212748-2018-Pokemon-Sun-Moon-230-214-Counter-Gain-Lost-Thunder-Secret-PSA-10-/235812778403
a4db9691-4534-44bf-b576-593af70be624,2024-09-26,41,eBay,BUY_IT_NOW,ok,0,https://www.ebay.com/itm/2018-Pokemon-S-M-Full-Art-Counter-Gain-Lost-Thunder-Secret-230-PSA-10-GEM-MT-/125608233193
a4db9691-4534-44bf-b576-593af70be624,2022-08-05,26,eBay,AUCTION,ok,0,https://www.ebay.com/itm/2018-Pokemon-Lost-Thunder-Secret-Rare-Counter-Gain-230-Gold-PSA-10-Gem-Mint-/134185566896
a4db9691-4534-44bf-b576-593af70be624,2022-05-22,29.99,eBay,AUCTION,ok,0,https://www.ebay.com/itm/Counter-Gain-2018-Pokemon-Lost-Thunder-230-214-Full-Art-Secret-PSA-10-/144556236311
a4db9691-4534-44bf-b576-593af70be624,2021-04-17,60,eBay,BEST_OFFER,ok,0,https://www.ebay.com/itm/PSA-10-GEM-MINT-2018-POKEMON-SUN-MOON-LOST-THUNDER-COUNTER-GAIN-230-214-/313294980974
a40cef4d-c81c-4a3a-a8e7-88b856264770,2025-07-25,38.99,eBay,BEST_OFFER,ok,0,https://www.ebay.com/itm/335896059503
a40cef4d-c81c-4a3a-a8e7-88b856264770,2025-04-20,51,eBay,AUCTION,ok,0,https://www.ebay.com/itm/116548353537
a40cef4d-c81c-4a3a-a8e7-88b856264770,2024-12-01,51,eBay,AUCTION,ok,0,https://www.ebay.com/itm/POP4-PSA10-2003-Cyndaquil-Miracle-Desert-011-Pokemon-Card-Japanese-JPN-/286173149361
a40cef4d-c81c-4a3a-a8e7-88b856264770,2021-04-18,64,eBay,AUCTION,ok,0,https://www.ebay.com/itm/POKEMON-PSA-10-CYNDAQUIL-MIRACLE-DESERT-JAPANESE-2003-011-053-146-/114754647537
a42a9626-dc5d-4f2b-8a5e-246184ed7d6d,2026-09-06,415.99,eBay,BUY_IT_NOW,ok,0,https://www.ebay.com/itm/298564942319
a42a9626-dc5d-4f2b-8a5e-246184ed7d6d,2026-08-02,399.99,eBay,BUY_IT_NOW,ok,0,https://www.ebay.com/itm/117329552620
a42a9626-dc5d-4f2b-8a5e-246184ed7d6d,2026-07-02,276,Alt,AUCTION,ok,0,https://alt.xyz/exchange/select-listing?ids=92e41166-0739-443e-9809-f5c1684e570e
a42a9626-dc5d-4f2b-8a5e-246184ed7d6d,2026-06-18,330,eBay,BEST_OFFER,ok,0,https://www.ebay.com/itm/398078798221
a42a9626-dc5d-4f2b-8a5e-246184ed7d6d,2026-06-04,430,eBay,AUCTION,ok,0,https://www.ebay.com/itm/298356114855
a42a9626-dc5d-4f2b-8a5e-246184ed7d6d,2026-06-03,295,eBay,AUCTION,ok,0,https://www.ebay.com/itm/406955838235
a42a9626-dc5d-4f2b-8a5e-246184ed7d6d,2026-05-23,300,eBay,BEST_OFFER,ok,0,https://www.ebay.com/itm/800056625389
a42a9626-dc5d-4f2b-8a5e-246184ed7d6d,2026-05-13,250,eBay,AUCTION,ok,0,https://www.ebay.com/itm/157903941443
a42a9626-dc5d-4f2b-8a5e-246184ed7d6d,2026-04-30,250,eBay,BEST_OFFER,ok,0,https://www.ebay.com/itm/277941568595
a42a9626-dc5d-4f2b-8a5e-246184ed7d6d,2026-04-27,265,eBay,AUCTION,ok,0,https://www.ebay.com/itm/157843542276
a4f3e313-2b18-49b8-99bd-a62903ce6281,2026-09-13,660,PWCC Weekly Auctions,AUCTION,ok,0,https://www.fanaticscollect.com/weekly/8dd86b5e-974f-11f1-ac00-0a58a9feac02
a4f3e313-2b18-49b8-99bd-a62903ce6281,2026-09-09,725,eBay,BUY_IT_NOW,ok,0,https://www.ebay.com/itm/287557476104
a4f3e313-2b18-49b8-99bd-a62903ce6281,2026-09-09,580,PWCC Fixed Price,BEST_OFFER,ok,0,https://www.fanaticscollect.com/buy-now/29137c2f-9437-4f96-9a17-ab0545b8ef68
a4f3e313-2b18-49b8-99bd-a62903ce6281,2026-09-07,600,PWCC Fixed Price,BEST_OFFER,ok,0,https://www.fanaticscollect.com/buy-now/bc1b1e1c-3231-4537-9672-9a267df2c20d
a4f3e313-2b18-49b8-99bd-a62903ce6281,2026-08-30,600,eBay,BEST_OFFER,ok,0,https://www.ebay.com/itm/267740544201
a4f3e313-2b18-49b8-99bd-a62903ce6281,2026-08-22,645,eBay,BUY_IT_NOW,ok,0,https://www.ebay.com/itm/257662201453
a4f3e313-2b18-49b8-99bd-a62903ce6281,2026-08-05,650,eBay,BUY_IT_NOW,ok,0,https://www.ebay.com/itm/257655833868
a4f3e313-2b18-49b8-99bd-a62903ce6281,2026-08-05,649.67,eBay,BUY_IT_NOW,ok,0,https://www.ebay.com/itm/206463998140
a4f3e313-2b18-49b8-99bd-a62903ce6281,2026-08-02,471,eBay,AUCTION,ok,0,https://www.ebay.com/itm/287481271877
a4f3e313-2b18-49b8-99bd-a62903ce6281,2026-08-01,709.99,eBay,BUY_IT_NOW,ok,0,https://www.ebay.com/itm/168524185001
a4c4cc49-e3ad-4a8d-99f0-71632de2a4f5,2026-09-09,849,PWCC Fixed Price,BEST_OFFER,ok,0,https://www.fanaticscollect.com/buy-now/d618b40b-ab57-4809-8460-2e70be89d0d7
a4c4cc49-e3ad-4a8d-99f0-71632de2a4f5,2026-09-06,711,eBay,AUCTION,ok,0,https://www.ebay.com/itm/117384127066
a4c4cc49-e3ad-4a8d-99f0-71632de2a4f5,2026-08-27,849.56,eBay,BUY_IT_NOW,ok,0,https://www.ebay.com/itm/327310566055
a4c4cc49-e3ad-4a8d-99f0-71632de2a4f5,2026-08-13,1105.93,eBay,BUY_IT_NOW,ok,0,https://www.ebay.com/itm/327147023991
a4c4cc49-e3ad-4a8d-99f0-71632de2a4f5,2026-08-02,690,PWCC Weekly Auctions,AUCTION,ok,0,https://www.fanaticscollect.com/weekly/47a2a590-858f-11f1-9280-0a58a9feac02
a4c4cc49-e3ad-4a8d-99f0-71632de2a4f5,2026-07-04,500,eBay,AUCTION,ok,0,https://www.ebay.com/itm/117269271060
a4c4cc49-e3ad-4a8d-99f0-71632de2a4f5,2026-06-28,492,PWCC Weekly Auctions,AUCTION,ok,0,https://www.fanaticscollect.com/weekly/b50b0950-6abf-11f1-a364-0a58a9feac02
a4c4cc49-e3ad-4a8d-99f0-71632de2a4f5,2026-06-22,600.32,eBay,BUY_IT_NOW,ok,0,https://www.ebay.com/itm/287274414910
a4c4cc49-e3ad-4a8d-99f0-71632de2a4f5,2026-06-09,650,eBay,BUY_IT_NOW,ok,0,https://www.ebay.com/itm/287292342767
a4c4cc49-e3ad-4a8d-99f0-71632de2a4f5,2026-05-31,634.25,eBay,AUCTION,ok,0,https://www.ebay.com/itm/137323747102
a4c2e2bb-051c-406c-87fa-48c3da58ba4a,2026-04-12,4200,PWCC Weekly Auctions,AUCTION,ok,0,https://www.fanaticscollect.com/weekly/e34af7bc-2cbc-11f1-8e6e-0a58a9feac02
a4c2e2bb-051c-406c-87fa-48c3da58ba4a,2025-08-10,2289.34,eBay,BUY_IT_NOW,ok,0,https://www.ebay.com/itm/167569222433
a4c2e2bb-051c-406c-87fa-48c3da58ba4a,2025-06-06,2030,eBay,BUY_IT_NOW,ok,0,https://www.ebay.com/itm/365652840575
a4c2e2bb-051c-406c-87fa-48c3da58ba4a,2024-11-18,390,eBay,AUCTION,ok,0,https://www.ebay.com/itm/2001-02-Pokemon-Japanese-Promos-019P-Pokemon-Center-Tokyo-PSA-10-GEM-MINT-/135369612468
a4c2e2bb-051c-406c-87fa-48c3da58ba4a,2024-09-29,576,PWCC Weekly Auctions,AUCTION,ok,0,https://www.fanaticscollect.com/weekly/bc4e1846-7148-11ef-a5b1-0a58a9feac02
a4c2e2bb-051c-406c-87fa-48c3da58ba4a,2024-07-05,510,eBay,AUCTION,ok,0,https://www.ebay.com/itm/PSA-10-Mint-Japanese-Pokemon-Center-Pikachu-Tokyo-Trainer-2002-Promo-E-019-P-/196466997642
a4c2e2bb-051c-406c-87fa-48c3da58ba4a,2022-12-02,1300,eBay,BEST_OFFER,ok,0,https://www.ebay.com/itm/PSA-10-Pokemon-Center-Tokyo-Trainer-019-P-Pokemon-Japanese-POP-21-/325372435925
a4c2e2bb-051c-406c-87fa-48c3da58ba4a,2021-10-02,798.33,eBay,AUCTION,ok,0,https://www.ebay.com/itm/2002-PSA-10-Japanese-Promo-Pokemon-Center-Tokyo-/224631992995
a4c2e2bb-051c-406c-87fa-48c3da58ba4a,2021-04-27,1002,eBay,AUCTION,ok,0,https://www.ebay.com/itm/2002-Pokemon-Japanese-Promo-Pokemon-Center-Tokyo-019-P-PSA-10-GEM-MINT-/402797715176
a4d21e06-582c-4b61-acec-6734845e9844,2026-09-17,501.6,Alt,AUCTION,PENDING,0,https://alt.xyz/exchange/select-listing?ids=419d3d6a-d85c-4755-8a7f-dd9053e11ba0
a4d21e06-582c-4b61-acec-6734845e9844,2026-09-02,600,eBay,BEST_OFFER,ok,0,https://www.ebay.com/itm/128049106544
a4d21e06-582c-4b61-acec-6734845e9844,2026-08-27,650,eBay,BEST_OFFER,ok,0,https://www.ebay.com/itm/398314087000
a4d21e06-582c-4b61-acec-6734845e9844,2026-08-20,610.48,eBay,BUY_IT_NOW,ok,0,https://www.ebay.com/itm/366605605715
a4d21e06-582c-4b61-acec-6734845e9844,2026-07-07,530,eBay,BEST_OFFER,ok,0,https://www.ebay.com/itm/168465106911
a4d21e06-582c-4b61-acec-6734845e9844,2026-06-01,299.99,eBay,BEST_OFFER,ok,0,https://www.ebay.com/itm/257539102349
a4d21e06-582c-4b61-acec-6734845e9844,2026-05-11,400,eBay,BEST_OFFER,ok,0,https://www.ebay.com/itm/157902270930
a4d21e06-582c-4b61-acec-6734845e9844,2026-05-06,724.97,eBay,BUY_IT_NOW,ok,0,https://www.ebay.com/itm/318222392021
a4d21e06-582c-4b61-acec-6734845e9844,2026-05-05,314.95,eBay,BUY_IT_NOW,ok,0,https://www.ebay.com/itm/168325990058
a4d21e06-582c-4b61-acec-6734845e9844,2026-05-01,281.88,eBay,BEST_OFFER,ok,0,https://www.ebay.com/itm/257476750554
a4cd63e1-1e6a-4fdb-9896-8730f74ba94a,2026-01-18,224.95,eBay,BEST_OFFER,ok,0,https://www.ebay.com/itm/397430366691
a4cd63e1-1e6a-4fdb-9896-8730f74ba94a,2025-07-30,195,eBay,BUY_IT_NOW,ok,0,https://www.ebay.com/itm/396783491380
a4cd63e1-1e6a-4fdb-9896-8730f74ba94a,2025-03-17,175,eBay,BUY_IT_NOW,ok,0,https://www.ebay.com/itm/167019672950
a4cd63e1-1e6a-4fdb-9896-8730f74ba94a,2024-08-10,55,eBay,BEST_OFFER,ok,0,https://www.ebay.com/itm/2014-Pokemon-XY-Furious-Fist-Seismitoad-EX-Holo-20-PSA-Gem-Mint-10-/256531188147
a4cd63e1-1e6a-4fdb-9896-8730f74ba94a,2023-07-02,43.2,PWCC Weekly Auctions,AUCTION,ok,0,https://www.fanaticscollect.com/weekly/1ec02034-f90c-11ed-9fd7-0a58a9feac02
a4cd63e1-1e6a-4fdb-9896-8730f74ba94a,2023-05-24,84.99,eBay,BUY_IT_NOW,ok,0,https://www.ebay.com/itm/PSA-10-Seismitoad-EX-2014-Pokemon-XY-Furious-Fists-20-/204346683898
a4cd63e1-1e6a-4fdb-9896-8730f74ba94a,2022-06-24,22.5,eBay,AUCTION,ok,0,https://www.ebay.com/itm/PSA-10-2014-Seismitoad-EX-20-111-Ultra-Rare-XY-Furious-Fists-Pokemon-TCG-POP-10-/125371187346
a4cd63e1-1e6a-4fdb-9896-8730f74ba94a,2022-03-05,69.99,eBay,BUY_IT_NOW,ok,0,https://www.ebay.com/itm/Pokemon-PSA10-GEM-MINT-XY-Furious-Fist-Seismitoad-EX-20-Rare-Pop-10-/224789899475
a4cd63e1-1e6a-4fdb-9896-8730f74ba94a,2021-11-21,96,eBay,AUCTION,ok,0,https://www.ebay.com/itm/PSA-10-2014-Seismitoad-EX-20-111-Ultra-Rare-XY-Furious-Fists-Pokemon-TCG-POP-10-/124998738274
a4cd63e1-1e6a-4fdb-9896-8730f74ba94a,2021-06-06,70,eBay,AUCTION,ok,0,https://www.ebay.com/itm/PSA-10-Seismitoad-EX-20-XY-Furious-Fists-POP-10-Pokemon-Card-2014-/133776167327
a4436dbe-d173-4eed-b7ba-e2475acb980b,2026-03-09,134.13,eBay,BEST_OFFER,ok,0,https://www.ebay.com/itm/174527900282
a4436dbe-d173-4eed-b7ba-e2475acb980b,2021-05-22,100,eBay,AUCTION,ok,0,https://www.ebay.com/itm/PSA-10-Mint-Trophy-Prize-Card-Muscle-Band-Mirror-Holo-2013-Battle-Festa-/284303244581
a49ed031-cb42-4dd1-acc9-7ee041fe31f7,2026-09-08,1550,eBay,AUCTION,ok,0,https://www.ebay.com/itm/188854460743
a49ed031-cb42-4dd1-acc9-7ee041fe31f7,2026-09-08,1350,eBay,BEST_OFFER,ok,0,https://www.ebay.com/itm/227504118265
a49ed031-cb42-4dd1-acc9-7ee041fe31f7,2026-09-06,1375,eBay,AUCTION,ok,0,https://www.ebay.com/itm/287552953048
a49ed031-cb42-4dd1-acc9-7ee041fe31f7,2026-08-27,1435,eBay,AUCTION,ok,0,https://www.ebay.com/itm/307136217307
a49ed031-cb42-4dd1-acc9-7ee041fe31f7,2026-08-25,1100,eBay,BEST_OFFER,ok,0,https://www.ebay.com/itm/407167741373
a49ed031-cb42-4dd1-acc9-7ee041fe31f7,2026-08-21,1365,eBay,AUCTION,ok,0,https://www.ebay.com/itm/407150065940
a49ed031-cb42-4dd1-acc9-7ee041fe31f7,2026-08-19,1225,eBay,AUCTION,ok,0,https://www.ebay.com/itm/800497252017
a49ed031-cb42-4dd1-acc9-7ee041fe31f7,2026-08-18,1250,eBay,BEST_OFFER,ok,0,https://www.ebay.com/itm/407142196702
a49ed031-cb42-4dd1-acc9-7ee041fe31f7,2026-08-16,1400,eBay,BEST_OFFER,ok,0,https://www.ebay.com/itm/298541059678
a49ed031-cb42-4dd1-acc9-7ee041fe31f7,2026-08-15,1625,eBay,BUY_IT_NOW,ok,0,https://www.ebay.com/itm/298394915791
a422db67-5076-42bb-bae1-b0e50a9f4bff,2026-09-18,46100,eBay,AUCTION,ok,0,https://www.ebay.com/itm/117406577174
a422db67-5076-42bb-bae1-b0e50a9f4bff,2026-09-13,50400,PWCC Weekly Auctions,AUCTION,ok,0,https://www.fanaticscollect.com/weekly/04b4aa96-a4cd-11f1-b430-065d41047819
a422db67-5076-42bb-bae1-b0e50a9f4bff,2026-09-13,48000,PWCC Weekly Auctions,AUCTION,ok,0,https://www.fanaticscollect.com/weekly/91ba53ae-a226-11f1-a3ca-02fff4b5ca79
a422db67-5076-42bb-bae1-b0e50a9f4bff,2026-09-10,39000,Alt,AUCTION,PENDING,0,https://alt.xyz/exchange/select-listing?ids=40ef90b0-7d55-4411-96a3-a4fa0c80ff4e
a422db67-5076-42bb-bae1-b0e50a9f4bff,2026-09-10,36000,Alt,AUCTION,PENDING,0,https://alt.xyz/exchange/select-listing?ids=46907e5f-44d5-4ad7-b1c9-df86e48ff0f7
a422db67-5076-42bb-bae1-b0e50a9f4bff,2026-09-06,55200,PWCC Weekly Auctions,AUCTION,ok,0,https://www.fanaticscollect.com/weekly/f3463ab6-a2ee-11f1-ad33-02fff4b5ca79
a422db67-5076-42bb-bae1-b0e50a9f4bff,2026-09-05,44000,eBay,AUCTION,ok,0,https://www.ebay.com/itm/117383340797
a422db67-5076-42bb-bae1-b0e50a9f4bff,2026-09-02,43000,eBay,AUCTION,ok,0,https://www.ebay.com/itm/800568278036
a422db67-5076-42bb-bae1-b0e50a9f4bff,2026-08-30,40100,eBay,AUCTION,ok,0,https://www.ebay.com/itm/198590641716
a422db67-5076-42bb-bae1-b0e50a9f4bff,2026-08-29,38100,eBay,AUCTION,ok,0,https://www.ebay.com/itm/800558865026
a4c56155-0794-4e49-bb46-f0a644bb074b,2024-06-30,16.8,PWCC Weekly Auctions,AUCTION,ok,0,https://www.fanaticscollect.com/weekly/92c58a66-21bd-11ef-a75b-02f48d337893
a4c56155-0794-4e49-bb46-f0a644bb074b,2024-06-14,76.59,eBay,BEST_OFFER,ok,0,https://www.ebay.com/itm/Pokemon-Japanese-Seviper-Ultra-Shiny-GX-175-150-PSA-10-GEM-MINT-/225533175904
a4c56155-0794-4e49-bb46-f0a644bb074b,2024-04-27,30,eBay,BEST_OFFER,ok,0,https://www.ebay.com/itm/2018-Pokemon-Japanese-Shiny-Seviper-175-150-Ultra-Shiny-GX-PSA-10-/145747368423
a4c56155-0794-4e49-bb46-f0a644bb074b,2023-07-25,80,eBay,BEST_OFFER,ok,0,https://www.ebay.com/itm/2018-Pokemon-Japanese-Sun-Moon-Ultra-Shiny-Seviper-175-PSA-10-GEM-MINT-/194147565200
a4c56155-0794-4e49-bb46-f0a644bb074b,2022-10-07,25,eBay,BEST_OFFER,ok,0,https://www.ebay.com/itm/Seviper-2018-Pokemon-Japanese-Sun-Moon-Ultra-Shiny-GX-175-PSA-10-/275342300805
a4c56155-0794-4e49-bb46-f0a644bb074b,2022-08-19,29,eBay,BEST_OFFER,ok,0,https://www.ebay.com/itm/2018-Pokemon-Japanese-Seviper-175-Sun-Moon-Ultra-Shiny-GX-S-sm8b-PSA-10-/255646364073
a4c56155-0794-4e49-bb46-f0a644bb074b,2022-07-17,18,PWCC Weekly Auctions,AUCTION,ok,0,https://www.fanaticscollect.com/weekly/2e087c3a-6f23-11ed-9f5c-0a58a9feac02
a4c56155-0794-4e49-bb46-f0a644bb074b,2022-05-29,20.02,eBay,AUCTION,ok,0,https://www.ebay.com/itm/POKEMON-PSA-10-SEVIPER-175-50-ULTRA-SHINY-GX-JAPANESE-HOLO-RARE-SM8B-/265706354367
a4c56155-0794-4e49-bb46-f0a644bb074b,2021-05-29,30,eBay,BEST_OFFER,ok,0,https://www.ebay.com/itm/Hidden-Fates-Japanese-Seviper-psa-10-/353502884397
a4e04ca4-5c7a-4291-aa24-26dde76bc93e,2026-08-06,15000,eBay,BUY_IT_NOW,ok,0,https://www.ebay.com/itm/287490151381
a4e04ca4-5c7a-4291-aa24-26dde76bc93e,2026-03-16,6250,eBay,BEST_OFFER,ok,0,https://www.ebay.com/itm/257410873299
a4e04ca4-5c7a-4291-aa24-26dde76bc93e,2025-07-13,2700,eBay,AUCTION,ok,0,https://www.ebay.com/itm/286690654740
a4e04ca4-5c7a-4291-aa24-26dde76bc93e,2025-04-27,1975,eBay,AUCTION,ok,0,https://www.ebay.com/itm/286502146045
a4e04ca4-5c7a-4291-aa24-26dde76bc93e,2025-01-18,2400,eBay,BEST_OFFER,ok,0,https://www.ebay.com/itm/2005-POKEMON-EX-UNSEEN-FORCES-STEELIX-EX-HOLO-109-PSA-10-/387768975622
a4e04ca4-5c7a-4291-aa24-26dde76bc93e,2024-12-08,1350,PWCC Weekly Auctions,AUCTION,ok,0,https://www.fanaticscollect.com/weekly/3d7bb4bc-a07b-11ef-b273-0a225a85c053
a4e04ca4-5c7a-4291-aa24-26dde76bc93e,2024-08-04,1314,eBay,AUCTION,ok,0,https://www.ebay.com/itm/Pokemon-Steelix-ex-EX-Unseen-Forces-Ultra-Rare-109-PSA-10-Gem-Mint-/285983298647
a4e04ca4-5c7a-4291-aa24-26dde76bc93e,2024-07-21,1425,eBay,AUCTION,RELISTED,0,https://www.ebay.com/itm/Pokemon-Steelix-ex-EX-Unseen-Forces-Ultra-Rare-109-PSA-10-Gem-Mint-/285955532237
a4e04ca4-5c7a-4291-aa24-26dde76bc93e,2024-02-02,1313.7,eBay,BEST_OFFER,ok,0,https://www.ebay.com/itm/2005-Pokemon-TCG-Unseen-Forces-Steelix-EX-Holo-109-PSA-10-POP-21-/256349207796
a4e04ca4-5c7a-4291-aa24-26dde76bc93e,2024-01-31,1469.56,eBay,AUCTION,ok,0,https://www.ebay.com/itm/Steelix-ex-Gem-Mint-PSA-10-Unseen-Forces-Vintage-Pokemon-Tcg-/266628454844
a4084ada-9fc2-49fc-b880-4ecce1031ca8,2026-09-01,260,eBay,BEST_OFFER,ok,0,https://www.ebay.com/itm/307154246970
a4084ada-9fc2-49fc-b880-4ecce1031ca8,2026-07-03,280,eBay,BUY_IT_NOW,ok,0,https://www.ebay.com/itm/188432698749
a4084ada-9fc2-49fc-b880-4ecce1031ca8,2026-06-25,300,Alt,AUCTION,ok,0,https://alt.xyz/exchange/select-listing?ids=388f5119-e55e-4bad-8d5f-96f92651fd5f
a4084ada-9fc2-49fc-b880-4ecce1031ca8,2026-06-02,269.99,eBay,BUY_IT_NOW,ok,0,https://www.ebay.com/itm/318399930247
a4084ada-9fc2-49fc-b880-4ecce1031ca8,2026-04-12,226.5,eBay,AUCTION,ok,0,https://www.ebay.com/itm/287247635734
a4084ada-9fc2-49fc-b880-4ecce1031ca8,2026-04-05,249.99,eBay,BEST_OFFER,ok,0,https://www.ebay.com/itm/318091168340
a4084ada-9fc2-49fc-b880-4ecce1031ca8,2026-04-05,225,eBay,BEST_OFFER,ok,0,https://www.ebay.com/itm/267626794778
a4084ada-9fc2-49fc-b880-4ecce1031ca8,2026-03-17,199.99,eBay,BUY_IT_NOW,ok,0,https://www.ebay.com/itm/287212184076
a4084ada-9fc2-49fc-b880-4ecce1031ca8,2026-03-07,250,eBay,BUY_IT_NOW,ok,0,https://www.ebay.com/itm/327012749741
a4084ada-9fc2-49fc-b880-4ecce1031ca8,2026-02-15,127,eBay,AUCTION,ok,0,https://www.ebay.com/itm/287124143499
a4862d91-e281-4e59-9590-9571da7ef3ee,2024-03-02,24.99,eBay,BUY_IT_NOW,ok,0,https://www.ebay.com/itm/PSA-10-2020-Pokemon-Sword-And-Shield-Rebel-Clash-Vikavolt-Holo-066-/295872968430
a4862d91-e281-4e59-9590-9571da7ef3ee,2023-11-25,8.69,eBay,AUCTION,ok,0,https://www.ebay.com/itm/Pokemon-TCG-Vikavolt-Rebel-Clash-066-192-Holo-Holo-Rare-Psa-10-/276177062210
a4862d91-e281-4e59-9590-9571da7ef3ee,2023-11-04,10,eBay,AUCTION,ok,0,https://www.ebay.com/itm/Pokemon-TCG-Vikavolt-Rebel-Clash-066-192-Holo-Holo-Rare-PSA-10-GEM-MINT-Pop-18-/155856401227
a4862d91-e281-4e59-9590-9571da7ef3ee,2023-06-13,18.5,eBay,AUCTION,ok,0,https://www.ebay.com/itm/2020-Pokemon-SWSH-Vikavolt-066-192-Rebel-Clash-Holo-PSA-10-GEM-MINT-/304969090896
a4862d91-e281-4e59-9590-9571da7ef3ee,2023-06-11,10,eBay,AUCTION,ok,0,https://www.ebay.com/itm/2020-Pokemon-SWSH-Vikavolt-066-192-Rebel-Clash-Holo-PSA-10-GEM-MINT-/304965917862
a4862d91-e281-4e59-9590-9571da7ef3ee,2023-06-10,20.5,eBay,AUCTION,ok,0,https://www.ebay.com/itm/Vikavolt-Rebel-Clash-Holo-Pokemon-66-192-PSA-10-GEM-MINT-/304964110731
a4862d91-e281-4e59-9590-9571da7ef3ee,2022-11-01,33.95,eBay,BUY_IT_NOW,ok,0,https://www.ebay.com/itm/Holo-Foil-Vikavolt-066-192-SWSH-Rebel-Clash-Pokemon-Cards-PSA-10-GEM-MINT-/115587334269
a4862d91-e281-4e59-9590-9571da7ef3ee,2022-10-27,9,eBay,AUCTION,ok,0,https://www.ebay.com/itm/2020-VIKAVOLT-Pokemon-Sword-Shield-Rebel-Clash-066-HOLO-PSA-10-gem-mint-/275499194469
a4862d91-e281-4e59-9590-9571da7ef3ee,2021-10-27,13,eBay,BEST_OFFER,ok,0,https://www.ebay.com/itm/Vikavolt-Holo-Rare-066-192-Pokemon-Rebel-Clash-PSA-10-GEM-MINT-Super-Low-Pop-/393624509003
a4862d91-e281-4e59-9590-9571da7ef3ee,2021-10-02,22.5,eBay,BEST_OFFER,ok,0,https://www.ebay.com/itm/Vikavolt-Holo-Rare-066-192-Pokemon-Rebel-Clash-PSA-10-GEM-MINT-Super-Low-Pop-/393459803191
a4b01e24-8fdd-42a1-896a-c2505ae79845,2026-06-17,100.75,eBay,BEST_OFFER,ok,0,https://www.ebay.com/itm/158003763883
a4b01e24-8fdd-42a1-896a-c2505ae79845,2026-03-03,76,eBay,AUCTION,ok,0,https://www.ebay.com/itm/317921591716
a4b01e24-8fdd-42a1-896a-c2505ae79845,2026-02-20,70,eBay,BEST_OFFER,ok,0,https://www.ebay.com/itm/358233323188
a4b01e24-8fdd-42a1-896a-c2505ae79845,2025-12-10,74.99,eBay,BUY_IT_NOW,ok,0,https://www.ebay.com/itm/166798622448
a4b01e24-8fdd-42a1-896a-c2505ae79845,2025-12-04,68.99,eBay,BEST_OFFER,ok,0,https://www.ebay.com/itm/286884508415
a4b01e24-8fdd-42a1-896a-c2505ae79845,2025-10-17,73,eBay,BUY_IT_NOW,ok,0,https://www.ebay.com/itm/196582864561
a4b01e24-8fdd-42a1-896a-c2505ae79845,2025-09-04,67.21,eBay,BUY_IT_NOW,ok,0,https://www.ebay.com/itm/267389448572
a4b01e24-8fdd-42a1-896a-c2505ae79845,2025-07-12,60,eBay,BEST_OFFER,ok,0,https://www.ebay.com/itm/355263306472
a4b01e24-8fdd-42a1-896a-c2505ae79845,2025-05-04,52.42,eBay,BUY_IT_NOW,ok,0,https://www.ebay.com/itm/297250247055
a4b01e24-8fdd-42a1-896a-c2505ae79845,2025-04-27,50.22,eBay,BUY_IT_NOW,ok,0,https://www.ebay.com/itm/156823496279
a4dfbba7-d493-4c8c-b7a9-15fdbc321201,2026-06-30,1100,eBay,BEST_OFFER,ok,0,https://www.ebay.com/itm/198452031815
a4dfbba7-d493-4c8c-b7a9-15fdbc321201,2026-05-23,1250,eBay,BEST_OFFER,ok,0,https://www.ebay.com/itm/188377045615
a4dfbba7-d493-4c8c-b7a9-15fdbc321201,2026-03-26,400,eBay,BEST_OFFER,ok,0,https://www.ebay.com/itm/197807465424
a4dfbba7-d493-4c8c-b7a9-15fdbc321201,2026-03-13,433.02,eBay,BEST_OFFER,ok,0,https://www.ebay.com/itm/297984141628
a4dfbba7-d493-4c8c-b7a9-15fdbc321201,2026-03-09,182,eBay,BUY_IT_NOW,ok,0,https://www.ebay.com/itm/376993324845
a4dfbba7-d493-4c8c-b7a9-15fdbc321201,2026-01-29,149.13,eBay,BEST_OFFER,ok,0,https://www.ebay.com/itm/166286483290
a4dfbba7-d493-4c8c-b7a9-15fdbc321201,2025-10-12,177.5,eBay,AUCTION,ok,0,https://www.ebay.com/itm/286852157071
a4dfbba7-d493-4c8c-b7a9-15fdbc321201,2025-08-20,135,eBay,BUY_IT_NOW,ok,0,https://www.ebay.com/itm/286258465771
a4dfbba7-d493-4c8c-b7a9-15fdbc321201,2025-06-17,149.99,eBay,BEST_OFFER,ok,0,https://www.ebay.com/itm/196616198966
a4dfbba7-d493-4c8c-b7a9-15fdbc321201,2025-06-11,121,eBay,BUY_IT_NOW,ok,0,https://www.ebay.com/itm/355292460229
a46af12c-7886-4de2-a29c-3899c0c92c44,2026-04-05,599,eBay,BUY_IT_NOW,ok,0,https://www.ebay.com/itm/389834473482
a46af12c-7886-4de2-a29c-3899c0c92c44,2026-03-27,152.9,eBay,BUY_IT_NOW,ok,0,https://www.ebay.com/itm/188161630389
a46af12c-7886-4de2-a29c-3899c0c92c44,2025-04-20,48,PWCC Weekly Auctions,AUCTION,ok,0,https://www.fanaticscollect.com/weekly/fd52f1aa-170f-11f0-bedf-0ac790093cad
a46af12c-7886-4de2-a29c-3899c0c92c44,2025-04-17,56,eBay,BUY_IT_NOW,ok,0,https://www.ebay.com/itm/156899523217
a46af12c-7886-4de2-a29c-3899c0c92c44,2024-09-02,40,eBay,BEST_OFFER,ok,0,https://www.ebay.com/itm/2020-PSA-10-Gyarados-040-Pokemon-TCG-Rebel-Clash-Holo-Rare-Gem-Mint-10-/186665364763
a46af12c-7886-4de2-a29c-3899c0c92c44,2024-06-29,39.99,eBay,AUCTION,ok,0,https://www.ebay.com/itm/2020-PSA-10-Gyarados-040-Pokemon-TCG-Rebel-Clash-Holo-Rare-Gem-Mint-Shipping-/156278449814
a46af12c-7886-4de2-a29c-3899c0c92c44,2024-05-09,43.71,eBay,BUY_IT_NOW,ok,0,https://www.ebay.com/itm/Gyarados-2020-Pokemon-SWSH-Rebel-Clash-040-Holo-PSA-10-/186394815308
a46af12c-7886-4de2-a29c-3899c0c92c44,2024-02-16,45.31,eBay,AUCTION,ok,0,https://www.ebay.com/itm/Pokemon-Card-Gyarados-Holo-040-192-Rebel-Clash-Holo-Rare-Psa-10-Gem-Mint-/335251292120
a46af12c-7886-4de2-a29c-3899c0c92c44,2023-12-04,32.5,eBay,BEST_OFFER,ok,0,https://www.ebay.com/itm/2020-Pokemon-SWSH-Rebel-Clash-Gyarados-Holo-Rare-040-PSA-9-Mint-/385972418150
a46af12c-7886-4de2-a29c-3899c0c92c44,2023-08-21,100,eBay,BUY_IT_NOW,ok,0,https://www.ebay.com/itm/PSA-10-2020-Pokemon-SWSH-Rebel-Clash-040-Gyarados-Holo-/155714584050
a478d9d6-748c-4eed-bcc5-1dc24fcf73d8,2025-10-13,94.99,eBay,BEST_OFFER,ok,0,https://www.ebay.com/itm/297594007332
a478d9d6-748c-4eed-bcc5-1dc24fcf73d8,2025-01-26,50.4,PWCC Weekly Auctions,AUCTION,ok,0,https://www.fanaticscollect.com/weekly/6842d236-d305-11ef-ad64-0a58a9feac02
a478d9d6-748c-4eed-bcc5-1dc24fcf73d8,2024-07-21,52,eBay,AUCTION,ok,0,https://www.ebay.com/itm/1999-Pokemon-Topps-Wartortle-Foil-08-PSA-10-Gem-Mint-/285955531548
a478d9d6-748c-4eed-bcc5-1dc24fcf73d8,2023-04-23,45,eBay,AUCTION,ok,0,https://www.ebay.com/itm/Pokemon-Wartortle-Topps-T-V-Foil-8-PSA-10-Gem-Mint-/285235512488
a478d9d6-748c-4eed-bcc5-1dc24fcf73d8,2023-03-24,82.69,eBay,AUCTION,ok,0,https://www.ebay.com/itm/1999-Topps-Pokemon-TV-Wartortle-PSA-10-Low-Pop-Foil-Holo-/295571647725
a478d9d6-748c-4eed-bcc5-1dc24fcf73d8,2023-03-17,36,eBay,AUCTION,ok,0,https://www.ebay.com/itm/PSA-10-Topps-Tv-Wartortle-8-Foil-/295561781143
a478d9d6-748c-4eed-bcc5-1dc24fcf73d8,2023-03-09,61,eBay,AUCTION,ok,0,https://www.ebay.com/itm/1999-Topps-Pokemon-TV-Foil-8-Wartortle-PSA-10-GEM-MINT-/374542444231
a478d9d6-748c-4eed-bcc5-1dc24fcf73d8,2021-07-30,265,eBay,AUCTION,ok,0,https://www.ebay.com/itm/1999-TOPPS-POKEMON-TV-WARTORTLE-8-FOIL-CARD-PSA-10-GEM-MINT-RARE-LOW-CENSUS-NR-/384292119657
a4f2b55b-abad-43c1-90ac-51cd8b006d1e,2026-09-10,11148,Alt,AUCTION,PENDING,0,https://alt.xyz/exchange/select-listing?ids=d27be4d9-844b-4164-99d7-b9276af4d61e
a4f2b55b-abad-43c1-90ac-51cd8b006d1e,2026-09-04,7200,eBay,AUCTION,ok,0,https://www.ebay.com/itm/298621785097
a4f2b55b-abad-43c1-90ac-51cd8b006d1e,2026-08-06,8144.4,Alt,AUCTION,ok,0,https://alt.xyz/exchange/select-listing?ids=3ef50a77-6451-48ea-8399-a46bf863df5d
a4f2b55b-abad-43c1-90ac-51cd8b006d1e,2026-07-08,7399.99,eBay,BUY_IT_NOW,ok,0,https://www.ebay.com/itm/406863814937
a4f2b55b-abad-43c1-90ac-51cd8b006d1e,2026-06-19,6600,eBay,BUY_IT_NOW,ok,0,https://www.ebay.com/itm/188423524721
a4f2b55b-abad-43c1-90ac-51cd8b006d1e,2026-05-24,6900,PWCC Weekly Auctions,AUCTION,ok,0,https://www.fanaticscollect.com/weekly/6e70f196-4894-11f1-a1c5-0a58a9feac02
a4f2b55b-abad-43c1-90ac-51cd8b006d1e,2026-04-29,6500,eBay,BUY_IT_NOW,ok,0,https://www.ebay.com/itm/406863814937
a4f2b55b-abad-43c1-90ac-51cd8b006d1e,2026-03-08,3000,PWCC Weekly Auctions,AUCTION,ok,0,https://www.fanaticscollect.com/weekly/45a08300-166a-11f1-858f-0a58a9feac02
a4f2b55b-abad-43c1-90ac-51cd8b006d1e,2026-02-01,3000,PWCC Weekly Auctions,AUCTION,ok,0,https://www.fanaticscollect.com/weekly/668d9dc8-f7c0-11f0-8642-0ab6d9b5acc9
a4f2b55b-abad-43c1-90ac-51cd8b006d1e,2026-01-26,1400,PWCC Fixed Price,BEST_OFFER,ok,0,https://www.fanaticscollect.com/buy-now/c51a7046-dd01-474b-a42c-6dff19c5ce14
a4600616-1072-4b76-8be3-9a522ff15c29,2026-08-30,11700,PWCC Weekly Auctions,AUCTION,ok,0,https://www.fanaticscollect.com/weekly/2a01a5b8-9aa2-11f1-817a-02fff86c1deb
a4600616-1072-4b76-8be3-9a522ff15c29,2026-08-27,12000,eBay,BEST_OFFER,RELISTED,0,https://www.ebay.com/itm/257412637767
a4600616-1072-4b76-8be3-9a522ff15c29,2026-08-09,6600,PWCC Weekly Auctions,AUCTION,ok,0,https://www.fanaticscollect.com/weekly/beb240f6-80d9-11f1-bd6f-0268fc90a949
a4600616-1072-4b76-8be3-9a522ff15c29,2026-08-02,7500,PWCC Weekly Auctions,AUCTION,ok,0,https://www.fanaticscollect.com/weekly/c495501c-76e8-11f1-9ae6-0a58a9feac02
a4600616-1072-4b76-8be3-9a522ff15c29,2026-06-26,7000,eBay,BUY_IT_NOW,ok,0,https://www.ebay.com/itm/286804713954
a4600616-1072-4b76-8be3-9a522ff15c29,2026-06-14,6300,PWCC Weekly Auctions,AUCTION,ok,0,https://www.fanaticscollect.com/weekly/ac24d146-605a-11f1-942b-0a58a9feac02
a4600616-1072-4b76-8be3-9a522ff15c29,2026-04-28,6800,PWCC Fixed Price,BEST_OFFER,ok,0,https://www.fanaticscollect.com/buy-now/bfd42612-38c0-4420-92ac-c89239e099c4
a4600616-1072-4b76-8be3-9a522ff15c29,2025-11-02,3600,PWCC Weekly Auctions,AUCTION,ok,0,https://www.fanaticscollect.com/weekly/9a2ff636-93e7-11f0-a5e2-0a2d0d2c4357
a4600616-1072-4b76-8be3-9a522ff15c29,2025-08-04,3960,PWCC Weekly Auctions,AUCTION,ok,0,https://www.fanaticscollect.com/weekly/553e44d8-67f5-11f0-b4c9-0abfa49f70c7
a4600616-1072-4b76-8be3-9a522ff15c29,2021-08-02,2000,eBay,BEST_OFFER,ok,0,https://www.ebay.com/itm/2000-Pokemon-Topps-Chrome-Series-2-Sparkle-Vaporeon-134-PSA-10-GEM-MINT-/224557004689
a476e65c-a769-4395-bd94-4e75bd47b2f7,2026-07-08,355,eBay,AUCTION,ok,0,https://www.ebay.com/itm/800268536449
a476e65c-a769-4395-bd94-4e75bd47b2f7,2026-05-14,364.74,eBay,BUY_IT_NOW,ok,0,https://www.ebay.com/itm/397865946932
a476e65c-a769-4395-bd94-4e75bd47b2f7,2026-05-03,250,eBay,BEST_OFFER,ok,0,https://www.ebay.com/itm/298284227596
a476e65c-a769-4395-bd94-4e75bd47b2f7,2026-04-12,214.99,eBay,BEST_OFFER,ok,0,https://www.ebay.com/itm/198221280145
a476e65c-a769-4395-bd94-4e75bd47b2f7,2026-02-08,122.5,eBay,AUCTION,ok,0,https://www.ebay.com/itm/157648630829
a476e65c-a769-4395-bd94-4e75bd47b2f7,2026-01-27,150,eBay,BEST_OFFER,ok,0,https://www.ebay.com/itm/136929003201
a476e65c-a769-4395-bd94-4e75bd47b2f7,2025-10-14,103.5,eBay,AUCTION,ok,0,https://www.ebay.com/itm/116813327143
a476e65c-a769-4395-bd94-4e75bd47b2f7,2025-06-07,184.99,eBay,BEST_OFFER,ok,0,https://www.ebay.com/itm/277077785354
a476e65c-a769-4395-bd94-4e75bd47b2f7,2025-05-01,71,PWCC Fixed Price,BEST_OFFER,ok,0,https://sales-history.pwccmarketplace.com/items/FIXED240590
a476e65c-a769-4395-bd94-4e75bd47b2f7,2025-04-30,79.99,eBay,BUY_IT_NOW,ok,0,https://www.ebay.com/itm/256878551752
a416206a-7e79-4f5a-86ce-6127420521df,2024-07-23,72.37,eBay,BEST_OFFER,ok,0,https://www.ebay.com/itm/2012-POKEMON-BLACK-WHITE-NEXT-DESTINIES-38-KYUREM-EX-PSA-10-low-pop-4-/235664901621
a416206a-7e79-4f5a-86ce-6127420521df,2021-08-26,165,eBay,BEST_OFFER,ok,0,https://www.ebay.com/itm/PSA-10-2012-Pokemon-B-W-Next-Destinies-38-Kyurem-EX-Holo-Pokemon-Card-/174612789595
a464ca09-49bc-4b36-a28d-e398f5cab24a,2026-09-06,1500,eBay,BUY_IT_NOW,ok,0,https://www.ebay.com/itm/287490151340
a464ca09-49bc-4b36-a28d-e398f5cab24a,2026-03-10,200,eBay,BUY_IT_NOW,ok,0,https://www.ebay.com/itm/306764639338
a464ca09-49bc-4b36-a28d-e398f5cab24a,2026-02-25,200,eBay,BUY_IT_NOW,ok,0,https://www.ebay.com/itm/317894193685
a464ca09-49bc-4b36-a28d-e398f5cab24a,2025-12-31,107.73,eBay,BUY_IT_NOW,ok,0,https://www.ebay.com/itm/285703002348
a464ca09-49bc-4b36-a28d-e398f5cab24a,2025-05-01,125,eBay,BEST_OFFER,ok,0,https://www.ebay.com/itm/326207096026
a464ca09-49bc-4b36-a28d-e398f5cab24a,2025-03-11,85,eBay,BEST_OFFER,ok,0,https://www.ebay.com/itm/326207092159
a464ca09-49bc-4b36-a28d-e398f5cab24a,2025-03-09,81.99,eBay,AUCTION,ok,0,https://www.ebay.com/itm/335840899258
a464ca09-49bc-4b36-a28d-e398f5cab24a,2023-06-25,64.83,eBay,AUCTION,ok,0,https://www.ebay.com/itm/Rare-Gem-Mint-PSA-10-Warp-Point-Reverse-Holo-93-115-Ex-Unseen-Forces-2005-/285329393200
a464ca09-49bc-4b36-a28d-e398f5cab24a,2021-09-19,147.99,eBay,BUY_IT_NOW,ok,0,https://www.ebay.com/itm/EX-Unseen-Forces-93-Warp-Point-Reverse-Foil-PSA-10-/353437982222
a464ca09-49bc-4b36-a28d-e398f5cab24a,2021-09-13,122.5,eBay,AUCTION,ok,0,https://www.ebay.com/itm/2005-Pokemon-EX-Unseen-Forces-Reverse-Holo-Warp-Point-93-PSA-10-GEM-MINT-/353660752786
a4c07c3f-5b43-47e8-b8ec-00694c48d4f2,2026-09-07,259.99,eBay,BEST_OFFER,ok,0,https://www.ebay.com/itm/206468795564
a4c07c3f-5b43-47e8-b8ec-00694c48d4f2,2026-09-06,280,eBay,AUCTION,ok,0,https://www.ebay.com/itm/137675086244
a4c07c3f-5b43-47e8-b8ec-00694c48d4f2,2026-08-31,280,eBay,BUY_IT_NOW,ok,0,https://www.ebay.com/itm/336708155071
a4c07c3f-5b43-47e8-b8ec-00694c48d4f2,2026-08-30,285,eBay,AUCTION,ok,0,https://www.ebay.com/itm/267765417053
a4c07c3f-5b43-47e8-b8ec-00694c48d4f2,2026-08-27,299.99,eBay,BUY_IT_NOW,ok,0,https://www.ebay.com/itm/188208990398
a4c07c3f-5b43-47e8-b8ec-00694c48d4f2,2026-08-20,245,PWCC Fixed Price,BEST_OFFER,ok,0,https://www.fanaticscollect.com/buy-now/8e4673a9-8c77-40f4-bb1f-d2930603926c
a4c07c3f-5b43-47e8-b8ec-00694c48d4f2,2026-08-20,227.5,eBay,AUCTION,ok,0,https://www.ebay.com/itm/318720331254
a4c07c3f-5b43-47e8-b8ec-00694c48d4f2,2026-08-20,183.6,Alt,AUCTION,ok,0,https://alt.xyz/exchange/select-listing?ids=4994c89b-3d43-4c4c-95fc-de515bf33ff1
a4c07c3f-5b43-47e8-b8ec-00694c48d4f2,2026-08-11,260,eBay,BEST_OFFER,ok,0,https://www.ebay.com/itm/406786562033
a4c07c3f-5b43-47e8-b8ec-00694c48d4f2,2026-08-05,210,eBay,BEST_OFFER,ok,0,https://www.ebay.com/itm/206441414469
a4043207-6cbd-4d1b-952f-ebef2172f90c,2021-10-06,21.5,eBay,AUCTION,ok,0,https://www.ebay.com/itm/2019-Sun-Moon-Litwick-Reverse-Foil-Unified-Minds-28-PSA-10-Gem-Mint-A930-/373742033889
a4852172-7d0b-4dcd-b0ca-737575a841c1,2026-08-30,55.03,eBay,AUCTION,ok,0,https://www.ebay.com/itm/137638675407
a4852172-7d0b-4dcd-b0ca-737575a841c1,2026-05-14,58,eBay,AUCTION,ok,0,https://www.ebay.com/itm/117181822459
a4852172-7d0b-4dcd-b0ca-737575a841c1,2023-12-15,24.5,eBay,AUCTION,ok,0,https://www.ebay.com/itm/PSA-10-Mr-Mime-GX-231-SM-P-Japanese-Pokemon-Card-Gym-Promo-4899-/404669663674
a4852172-7d0b-4dcd-b0ca-737575a841c1,2023-05-27,34,eBay,AUCTION,ok,0,https://www.ebay.com/itm/PSA-10-2018-Mr-Mime-GX-231-SM-P-SM-Promo-Pokemon-Card-Japanese-Gym-GEM-MINT-/145087415248
a4852172-7d0b-4dcd-b0ca-737575a841c1,2023-04-10,53,eBay,AUCTION,ok,0,https://www.ebay.com/itm/PSA-10-2018-MR-MIME-GX-POKEMON-JAPANESE-SM-PROMO-CARD-GYM-231-SM-P-Graded-GEM-/145013566986
a4852172-7d0b-4dcd-b0ca-737575a841c1,2023-01-29,36.8,eBay,AUCTION,ok,0,https://www.ebay.com/itm/PSA-10-2018-MR-MIME-GX-POKEMON-JAPANESE-SM-PROMO-CARD-GYM-231-SM-P-GEM-MINT-/144904827009
a4852172-7d0b-4dcd-b0ca-737575a841c1,2022-02-24,38.72,eBay,AUCTION,ok,0,https://www.ebay.com/itm/2018-PSA-10-POKEMON-JAPANESE-POKEMON-GYM-CARD-PROMO-MR-MIME-GX-POP-7-/224847207252
a4852172-7d0b-4dcd-b0ca-737575a841c1,2021-10-11,49.99,eBay,AUCTION,ok,0,https://www.ebay.com/itm/2018-PSA-10-POKEMON-JAPANESE-POKEMON-GYM-CARD-PROMO-MR-MIME-GX-POP-7-/224637803143
a4c7bde8-0218-4d5e-94c7-2e15100658b7,2026-07-31,527.03,eBay,AUCTION,ok,0,https://www.ebay.com/itm/137546755931
a4c7bde8-0218-4d5e-94c7-2e15100658b7,2026-05-10,510,eBay,AUCTION,ok,0,https://www.ebay.com/itm/287306314600
a4c7bde8-0218-4d5e-94c7-2e15100658b7,2026-04-26,510,eBay,AUCTION,RELISTED,0,https://www.ebay.com/itm/287278126942
a4c7bde8-0218-4d5e-94c7-2e15100658b7,2026-03-14,332,eBay,AUCTION,ok,0,https://www.ebay.com/itm/306807343476
a4c7bde8-0218-4d5e-94c7-2e15100658b7,2026-03-05,415,eBay,AUCTION,ok,0,https://www.ebay.com/itm/117057747335
a4c7bde8-0218-4d5e-94c7-2e15100658b7,2026-01-08,113.99,eBay,BUY_IT_NOW,ok,0,https://www.ebay.com/itm/157601326971
a4c7bde8-0218-4d5e-94c7-2e15100658b7,2025-04-17,76,eBay,BEST_OFFER,ok,0,https://www.ebay.com/itm/176987869890
a4c7bde8-0218-4d5e-94c7-2e15100658b7,2025-01-08,66.67,eBay,BUY_IT_NOW,ok,0,https://www.ebay.com/itm/2002-Pokemon-Neo-Destiny-79-Psyduck-PSA-10-Card-GEM-MINT-Trusted-Seller-/156621243124
a4c7bde8-0218-4d5e-94c7-2e15100658b7,2024-07-23,39.99,eBay,BUY_IT_NOW,ok,0,https://www.ebay.com/itm/PSA-10-Gem-Mint-Psyduck-Neo-Destiny-79-105-WOTC-Vintage-Pokemon-Card-/315583187685
a4c7bde8-0218-4d5e-94c7-2e15100658b7,2024-07-22,119.96,eBay,BUY_IT_NOW,ok,0,https://www.ebay.com/itm/Pokemon-PSA-10-Psyduck-Unlimited-Neo-Destiny-Set-Gem-Mint-79-105-/175490747236
a4b6166f-42cb-416b-bed2-f888d43ddd51,2026-08-22,810,eBay,AUCTION,ok,0,https://www.ebay.com/itm/800526737469
a4b6166f-42cb-416b-bed2-f888d43ddd51,2026-08-17,1500,eBay,BUY_IT_NOW,ok,0,https://www.ebay.com/itm/298369301080
a4b6166f-42cb-416b-bed2-f888d43ddd51,2026-08-04,810,eBay,AUCTION,RELISTED,0,https://www.ebay.com/itm/800435503325
a4b6166f-42cb-416b-bed2-f888d43ddd51,2026-06-21,990,PWCC Weekly Auctions,AUCTION,ok,0,https://www.fanaticscollect.com/weekly/f464c368-624d-11f1-921b-061a66bead03
a4b6166f-42cb-416b-bed2-f888d43ddd51,2026-05-24,1140,PWCC Weekly Auctions,AUCTION,ok,0,https://www.fanaticscollect.com/weekly/914fca82-532c-11f1-9fe3-0a58a9feac02
a4b6166f-42cb-416b-bed2-f888d43ddd51,2025-03-09,408,PWCC Weekly Auctions,AUCTION,ok,0,https://www.fanaticscollect.com/weekly/f2889296-f902-11ef-9e19-02de1af489eb
a4b6166f-42cb-416b-bed2-f888d43ddd51,2024-09-26,750,eBay,BEST_OFFER,ok,0,https://www.ebay.com/itm/POKEMON-JAPANESE-MEIJI-ENTEI-PROMO-SILVER-FOIL-PSA-10-/364345062400
a4b6166f-42cb-416b-bed2-f888d43ddd51,2022-11-01,425,eBay,AUCTION,ok,0,https://www.ebay.com/itm/PSA-10-GEM-MINT-2001-Pokemon-JAPANESE-MEIJI-ENTEI-PROMO-SILVER-FOIL-/285015381906
a4b6166f-42cb-416b-bed2-f888d43ddd51,2022-05-15,172.5,eBay,AUCTION,ok,0,https://www.ebay.com/itm/2001-Meiji-POKEMON-JAPANESE-Entei-PROMO-SILVER-FOIL-Carddass-PSA-10-/255530598987
a4b6166f-42cb-416b-bed2-f888d43ddd51,2022-05-02,217.5,eBay,AUCTION,ok,0,https://www.ebay.com/itm/2001-Pokemon-Japanese-Meiji-Promo-Entei-Silver-Foil-PSA-10-GEM-MINT-/374041150893
a4734ee7-f2f6-49e5-99a2-814d1de0afbc,2026-05-03,54.33,eBay,AUCTION,ok,0,https://www.ebay.com/itm/389941214943
a4734ee7-f2f6-49e5-99a2-814d1de0afbc,2026-02-24,49.83,eBay,BEST_OFFER,ok,0,https://www.ebay.com/itm/389609696299
a4734ee7-f2f6-49e5-99a2-814d1de0afbc,2024-04-03,24.77,eBay,AUCTION,ok,0,https://www.ebay.com/itm/Pokemon-Japanese-Mismagius-Holo-030-059-Red-Flash-1st-Ed-Gem-Mint-Psa-10-/364812695295
a4734ee7-f2f6-49e5-99a2-814d1de0afbc,2024-01-30,45,eBay,BEST_OFFER,ok,0,https://www.ebay.com/itm/PSA-10-Gem-Mint-Japanese-Pokemon-XY-Red-Flash-1st-Edition-Mismagius-Holo-030-/235107690045
a4734ee7-f2f6-49e5-99a2-814d1de0afbc,2023-10-02,35,eBay,BEST_OFFER,ok,0,https://www.ebay.com/itm/Pokemon-TCG-Mismagius-030-059-R-Holo-1st-ED-Red-Flash-Japanese-PSA-10-GEM-MINT-/386117859897
a4734ee7-f2f6-49e5-99a2-814d1de0afbc,2023-06-16,26.69,eBay,AUCTION,ok,0,https://www.ebay.com/itm/PSA-10-Mint-Japanese-Pokemon-Mismagius-Red-Flash-2015-XY-Holo-030-/195806660889
a4734ee7-f2f6-49e5-99a2-814d1de0afbc,2023-06-15,18.43,eBay,AUCTION,ok,0,https://www.ebay.com/itm/2015-XY-Japanese-Pokemon-Red-Flash-030-Mismagius-Holo-1st-ED-PSA-10-POP-6-/364288613082
a4734ee7-f2f6-49e5-99a2-814d1de0afbc,2021-10-25,56.16,eBay,BUY_IT_NOW,ok,0,https://www.ebay.com/itm/POKEMON-PSA-10-GEM-MINT-30-2015-JAPANESE-XY-MISMAGIUS-RED-FLASH-1ST-EDITION-/293934412511
a4e53e34-fbb9-44de-b04b-4440793e7758,2026-03-29,2651.8,eBay,BUY_IT_NOW,ok,0,https://www.ebay.com/itm/326856804676
a4e53e34-fbb9-44de-b04b-4440793e7758,2025-12-25,1034,eBay,AUCTION,ok,0,https://www.ebay.com/itm/297856342716
a4e53e34-fbb9-44de-b04b-4440793e7758,2025-07-06,1275,eBay,AUCTION,ok,0,https://www.ebay.com/itm/297445815870
a4e53e34-fbb9-44de-b04b-4440793e7758,2025-05-05,1400,eBay,BEST_OFFER,ok,0,https://www.ebay.com/itm/187189307728
a4e53e34-fbb9-44de-b04b-4440793e7758,2025-03-04,1800,eBay,BEST_OFFER,ok,0,https://www.ebay.com/itm/374717291610
a4e53e34-fbb9-44de-b04b-4440793e7758,2024-09-26,970,eBay,BEST_OFFER,ok,0,https://www.ebay.com/itm/psa-2000-pokemon-japanese-pikachu-meiji-promo-blue-foil-/176482468659
a4e53e34-fbb9-44de-b04b-4440793e7758,2024-08-20,2000,PWCC Fixed Price,BEST_OFFER,ok,0,https://sales-history.pwccmarketplace.com/items/FIXED161743
a4e53e34-fbb9-44de-b04b-4440793e7758,2021-12-15,1085,eBay,AUCTION,ok,0,https://www.ebay.com/itm/2000-Pokemon-Japanese-Meiji-Promo-Pikachu-Blue-Foil-PSA-10-GEM-MINT-/384579829287
a4e53e34-fbb9-44de-b04b-4440793e7758,2021-11-05,1892,eBay,AUCTION,ok,0,https://www.ebay.com/itm/2000-POKEMON-JAPANESE-MEIJI-PROMO-PIKACHU-PSA-10-Gemmint-Carddass-/255201668940
a4969dc4-ccb5-412a-8f30-1c9d0b539e69,2026-09-13,1440,eBay,AUCTION,ok,0,https://www.ebay.com/itm/307158881061
a4969dc4-ccb5-412a-8f30-1c9d0b539e69,2026-09-13,818.07,CardHobby,AUCTION,ok,0,https://www.cardhobby.com/#/carddetails/133529688
a4969dc4-ccb5-412a-8f30-1c9d0b539e69,2026-08-29,1400,eBay,BEST_OFFER,ok,0,https://www.ebay.com/itm/298621427617
a4969dc4-ccb5-412a-8f30-1c9d0b539e69,2026-08-20,1200,eBay,BEST_OFFER,ok,0,https://www.ebay.com/itm/117354500514
a4969dc4-ccb5-412a-8f30-1c9d0b539e69,2026-08-13,1440,eBay,AUCTION,ok,0,https://www.ebay.com/itm/800471986760
a4969dc4-ccb5-412a-8f30-1c9d0b539e69,2026-08-09,1175,eBay,AUCTION,ok,0,https://www.ebay.com/itm/287495388988
a4969dc4-ccb5-412a-8f30-1c9d0b539e69,2026-08-05,1475,eBay,AUCTION,ok,0,https://www.ebay.com/itm/800430483057
a4969dc4-ccb5-412a-8f30-1c9d0b539e69,2026-08-02,1661,eBay,AUCTION,ok,0,https://www.ebay.com/itm/287482170234
a4969dc4-ccb5-412a-8f30-1c9d0b539e69,2026-07-23,1200,Alt,AUCTION,ok,0,https://alt.xyz/exchange/select-listing?ids=aac32fba-3afc-40e4-b12f-a6a5657c20ae
a4969dc4-ccb5-412a-8f30-1c9d0b539e69,2026-07-15,1600,eBay,BEST_OFFER,ok,0,https://www.ebay.com/itm/158049917210
a41f0cef-4f9f-4cb7-8038-a10dba7f5f45,2026-09-19,172.97,eBay,BEST_OFFER,ok,0,https://www.ebay.com/itm/800593037858
a41f0cef-4f9f-4cb7-8038-a10dba7f5f45,2026-09-17,151,eBay,AUCTION,ok,0,https://www.ebay.com/itm/307161235944
a41f0cef-4f9f-4cb7-8038-a10dba7f5f45,2026-09-14,165.87,eBay,AUCTION,ok,0,https://www.ebay.com/itm/158268318049
a41f0cef-4f9f-4cb7-8038-a10dba7f5f45,2026-09-14,159.99,eBay,BEST_OFFER,ok,0,https://www.ebay.com/itm/117412052086
a41f0cef-4f9f-4cb7-8038-a10dba7f5f45,2026-09-13,160,eBay,BEST_OFFER,ok,0,https://www.ebay.com/itm/158276165524
a41f0cef-4f9f-4cb7-8038-a10dba7f5f45,2026-09-12,175,eBay,BEST_OFFER,ok,0,https://www.ebay.com/itm/127993840669
a41f0cef-4f9f-4cb7-8038-a10dba7f5f45,2026-09-10,175,eBay,BEST_OFFER,ok,0,https://www.ebay.com/itm/307170773986
a41f0cef-4f9f-4cb7-8038-a10dba7f5f45,2026-09-10,155.5,eBay,AUCTION,ok,0,https://www.ebay.com/itm/298639192930
a41f0cef-4f9f-4cb7-8038-a10dba7f5f45,2026-09-09,179,eBay,BUY_IT_NOW,ok,0,https://www.ebay.com/itm/198628359552
a41f0cef-4f9f-4cb7-8038-a10dba7f5f45,2026-09-08,204.99,eBay,BEST_OFFER,ok,0,https://www.ebay.com/itm/206342279836
a4e2a2ad-2819-42ae-ab79-98083b61d523,2026-08-23,10500,PWCC Weekly Auctions,AUCTION,ok,0,https://www.fanaticscollect.com/weekly/d08c8d28-9b4a-11f1-a87d-0a58a9feac02
a4e2a2ad-2819-42ae-ab79-98083b61d523,2026-08-16,12500,eBay,BEST_OFFER,ok,0,https://www.ebay.com/itm/327281534046
a4e2a2ad-2819-42ae-ab79-98083b61d523,2026-06-17,10370,Goldin Auctions,AUCTION,ok,0,https://goldin.co/item/2006-pokemon-ex-legend-maker-holo-87-flygon-ex-psa-gem-mt-10ao6fc
a4e2a2ad-2819-42ae-ab79-98083b61d523,2026-05-26,12795,eBay,BUY_IT_NOW,ok,0,https://www.ebay.com/itm/287232988486
a4e2a2ad-2819-42ae-ab79-98083b61d523,2025-08-17,1980,PWCC Weekly Auctions,AUCTION,ok,0,https://www.fanaticscollect.com/weekly/72bd12be-758d-11f0-b922-024ec020bf99
a4e2a2ad-2819-42ae-ab79-98083b61d523,2025-01-30,758.88,eBay,BEST_OFFER,ok,0,https://www.ebay.com/itm/Pokemon-PSA-10-Flygon-ex-Ex-Legend-Maker-87-92-Gem-Mint-Graded-Pop-33-/145865637841
a4e2a2ad-2819-42ae-ab79-98083b61d523,2024-06-27,698.41,eBay,AUCTION,ok,0,https://www.ebay.com/itm/Pokemon-Card-PSA-10-Gem-Mint-Flygon-Ex-Legend-Maker-2006-Holo-87-92-1T-/116224057439
a4e2a2ad-2819-42ae-ab79-98083b61d523,2024-06-19,945.26,eBay,BEST_OFFER,ok,0,https://www.ebay.com/itm/Pokemon-PSA-10-Flygon-ex-Ex-Legend-Maker-87-92-Gem-Mint-Graded-Pop-26-/145296154232
a4e2a2ad-2819-42ae-ab79-98083b61d523,2024-05-17,775,eBay,BUY_IT_NOW,ok,0,https://www.ebay.com/itm/2006-Pokemon-EX-Legend-Maker-87-Flygon-EX-Ultra-Rare-Pokemon-TCG-Card-PSA-10-/315290309507
a4e2a2ad-2819-42ae-ab79-98083b61d523,2024-03-19,621,eBay,AUCTION,ok,0,https://www.ebay.com/itm/Pokemon-Flygon-ex-EX-Legend-Maker-Ultra-Rare-87-PSA-10-/116100586650
a4fee6e6-bea1-4e15-92be-7db7afbdd357,2026-07-05,169.55,eBay,AUCTION,ok,0,https://www.ebay.com/itm/287398764759
a4fee6e6-bea1-4e15-92be-7db7afbdd357,2026-04-04,150,eBay,BUY_IT_NOW,ok,0,https://www.ebay.com/itm/298194561648
a4fee6e6-bea1-4e15-92be-7db7afbdd357,2025-01-26,33.6,PWCC Weekly Auctions,AUCTION,ok,0,https://www.fanaticscollect.com/weekly/c6515e8e-d2b9-11ef-aa95-06c8d582d4c3
a4fee6e6-bea1-4e15-92be-7db7afbdd357,2024-10-14,59.49,eBay,BUY_IT_NOW,ok,0,https://www.ebay.com/itm/PSA-10-GEM-MINT-Graveler-79-165-Expedition-Base-Set-Pokemon-Card-025-/266277889509
a4fee6e6-bea1-4e15-92be-7db7afbdd357,2024-02-11,30.46,eBay,AUCTION,ok,0,https://www.ebay.com/itm/PSA-10-Graveler-Non-Holo-Rare-79-165-Expedition-Gem-Mint-/296198312213
a4fee6e6-bea1-4e15-92be-7db7afbdd357,2023-05-03,22.27,eBay,AUCTION,ok,0,https://www.ebay.com/itm/2002-Pokemon-Expedition-Graveler-79-PSA-10-Gem-Mint-/155528251805
a4fee6e6-bea1-4e15-92be-7db7afbdd357,2023-04-02,21.02,eBay,AUCTION,ok,0,https://www.ebay.com/itm/Pokemon-TCG-Graveler-Non-Holo-Expedition-E-Series-79-165-PSA-10-Gem-Mint-/256020881352
a4fee6e6-bea1-4e15-92be-7db7afbdd357,2022-08-14,44.75,eBay,BEST_OFFER,ok,0,https://www.ebay.com/itm/2002-Pokemon-Expedition-Graveler-79-PSA-Gem-Mint-10-/265829662006
a4fee6e6-bea1-4e15-92be-7db7afbdd357,2022-07-15,26.99,eBay,AUCTION,ok,0,https://www.ebay.com/itm/2002-Pokemon-Expedition-Graveler-79-PSA-Gem-Mint-10-/284886927493
a4fee6e6-bea1-4e15-92be-7db7afbdd357,2022-01-29,51,eBay,AUCTION,ok,0,https://www.ebay.com/itm/PSA-10-Gem-Mint-GRAVELER-Pokemon-TCG-Expedition-Base-79-55658552-/294767122543
a426ce06-12b1-4b34-b51f-2eb8feeb337a,2024-03-13,18.5,eBay,AUCTION,ok,0,https://www.ebay.com/itm/2019-Pokemon-Heracross-9-236-Sun-Moon-Cosmic-Eclipse-PSA-10-/186329586108
a426ce06-12b1-4b34-b51f-2eb8feeb337a,2022-03-26,39.95,eBay,BUY_IT_NOW,ok,0,https://www.ebay.com/itm/Pokemon-Heracross-Cosmic-Eclipse-9-Graded-Card-PSA-10-/154918621492
a426ce06-12b1-4b34-b51f-2eb8feeb337a,2021-12-19,102.5,eBay,AUCTION,ok,0,https://www.ebay.com/itm/Pokemon-2019-SM-Cosmic-Eclipse-Heracross-9-PSA-10-GEM-MINT-Low-POP-/234334861344
a4b820da-3b5c-4585-84b9-8128c634502a,2026-08-22,134.99,eBay,BEST_OFFER,ok,0,https://www.ebay.com/itm/298593504376
a4b820da-3b5c-4585-84b9-8128c634502a,2026-08-10,130,eBay,BUY_IT_NOW,ok,0,https://www.ebay.com/itm/336700156530
a4b820da-3b5c-4585-84b9-8128c634502a,2026-08-08,94.42,CardHobby,AUCTION,ok,0,https://www.cardhobby.com/#/carddetails/126306985
a4b820da-3b5c-4585-84b9-8128c634502a,2026-08-01,105.5,eBay,AUCTION,ok,0,https://www.ebay.com/itm/298530222249
a4b820da-3b5c-4585-84b9-8128c634502a,2026-07-23,133.5,eBay,AUCTION,ok,0,https://www.ebay.com/itm/307065929978
a4b820da-3b5c-4585-84b9-8128c634502a,2026-07-13,84.79,CardHobby,AUCTION,ok,0,https://www.cardhobby.com/#/carddetails/122479710
a4b820da-3b5c-4585-84b9-8128c634502a,2026-07-12,98,PWCC Fixed Price,BEST_OFFER,ok,0,https://www.fanaticscollect.com/buy-now/51c2241d-e331-4e5a-af5a-72b94dbdc87e
a4b820da-3b5c-4585-84b9-8128c634502a,2026-07-08,77.47,CardHobby,AUCTION,ok,0,https://www.cardhobby.com/#/carddetails/121756222
a4b820da-3b5c-4585-84b9-8128c634502a,2026-07-03,147.5,eBay,AUCTION,ok,0,https://www.ebay.com/itm/158034180681
a4b820da-3b5c-4585-84b9-8128c634502a,2026-06-25,199.95,eBay,BEST_OFFER,ok,0,https://www.ebay.com/itm/267706711471
a442ab36-9953-4fb9-80dc-2accd7ef3e27,2026-09-07,2195,eBay,BUY_IT_NOW,ok,0,https://www.ebay.com/itm/287148714990
a442ab36-9953-4fb9-80dc-2accd7ef3e27,2026-06-13,1500,eBay,BEST_OFFER,ok,0,https://www.ebay.com/itm/800147070673
a442ab36-9953-4fb9-80dc-2accd7ef3e27,2026-06-07,1550,eBay,BEST_OFFER,RELISTED,0,https://www.ebay.com/itm/800135378897
a442ab36-9953-4fb9-80dc-2accd7ef3e27,2026-05-17,1408,eBay,AUCTION,ok,0,https://www.ebay.com/itm/287318156997
a442ab36-9953-4fb9-80dc-2accd7ef3e27,2025-02-23,247.5,eBay,AUCTION,ok,0,https://www.ebay.com/itm/Pokemon-Shedninja-EX-Dragon-Holo-Rare-11-PSA-10-Gem-Mint-/286328734974
a442ab36-9953-4fb9-80dc-2accd7ef3e27,2024-09-14,325,eBay,BUY_IT_NOW,ok,0,https://www.ebay.com/itm/2003-Pokemon-Ex-Dragon-11-Shedinja-Holo-PSA-10-GEM-MINT-/225367900250
a442ab36-9953-4fb9-80dc-2accd7ef3e27,2024-09-03,250,eBay,BEST_OFFER,ok,0,https://www.ebay.com/itm/Pokemon-PSA-10-GEM-MINT-Shedinja-11-97-EX-Dragon-Holofoil-Rare-2003-Holo-Pop-23-/255793448890
a442ab36-9953-4fb9-80dc-2accd7ef3e27,2024-08-30,150,eBay,BUY_IT_NOW,ok,0,https://www.ebay.com/itm/Pokemon-Shedninja-EX-Dragon-Holo-rare-11-PSA-10-Gem-Mint-/286035992221
a442ab36-9953-4fb9-80dc-2accd7ef3e27,2024-03-07,142.5,eBay,AUCTION,ok,0,https://www.ebay.com/itm/2003-Pokemon-Ex-Dragon-11-Shedinja-Holo-PSA-10-GEM-MINT-/326033761761
a442ab36-9953-4fb9-80dc-2accd7ef3e27,2023-07-15,182.5,eBay,AUCTION,ok,0,https://www.ebay.com/itm/Pokemon-PSA-10-GEM-MINT-Shedinja-11-97-EX-Dragon-Holofoil-Rare-2003-Holo-Pop-23-/314699043907
a44e87bd-eed6-4f77-b3e0-a915e0fd424e,2026-08-08,149.99,eBay,BUY_IT_NOW,ok,0,https://www.ebay.com/itm/117342318616
a44e87bd-eed6-4f77-b3e0-a915e0fd424e,2024-06-14,68.4,eBay,BEST_OFFER,ok,0,https://www.ebay.com/itm/PORYGON-080-106-PSA-10-POKEMON-GOLDEN-SKY-JAPANESE-/266197750762
a44e87bd-eed6-4f77-b3e0-a915e0fd424e,2024-06-02,21.95,eBay,AUCTION,ok,0,https://www.ebay.com/itm/Pokemon-Card-PSA-10-Gem-Mint-Japanese-Porygon-2005-Gold-Sky-Silvery-Ocean-1J-/156226490568
a44e87bd-eed6-4f77-b3e0-a915e0fd424e,2023-04-02,95.77,eBay,BUY_IT_NOW,ok,0,https://www.ebay.com/itm/PORYGON-080-106-PSA-10-POKEMON-GOLDEN-SKY-JAPANESE-/266197750762
a44e87bd-eed6-4f77-b3e0-a915e0fd424e,2022-01-13,46,eBay,AUCTION,ok,0,https://www.ebay.com/itm/2005-Pokemon-Japanese-GSSO-1st-Edition-80-Porygon-PSA-10-GEM-MINT-/363681295571
a420e90f-441a-4877-8c9e-70ab41fcd5e1,2022-01-16,37.14,eBay,AUCTION,ok,0,https://www.ebay.com/itm/2004-POKEMON-JAPANESE-ROCKET-GANG-STRIKES-BACK-GRIMER-PSA-10-Gemmint-/255325342198
a4ddde84-cdaa-4fcc-a667-eef273781c00,2026-04-10,180,eBay,BEST_OFFER,ok,0,https://www.ebay.com/itm/206191779780
a4ddde84-cdaa-4fcc-a667-eef273781c00,2025-03-23,33.99,eBay,BUY_IT_NOW,ok,0,https://www.ebay.com/itm/386025089164
a4ddde84-cdaa-4fcc-a667-eef273781c00,2024-04-26,20,eBay,AUCTION,ok,0,https://www.ebay.com/itm/Tangela-Reverse-Foil-2006-Pokemon-EX-Legend-Maker-TCG-Card-44-PSA-10-Mint-/145733001530
a4ddde84-cdaa-4fcc-a667-eef273781c00,2023-12-03,16.19,eBay,AUCTION,ok,0,https://www.ebay.com/itm/Pokemon-Tangela-EX-Legend-Maker-44-PSA-10-Gem-Mint-/285568999483
a4ddde84-cdaa-4fcc-a667-eef273781c00,2023-08-10,25.2,Goldin Auctions,AUCTION,ok,0,https://goldin.co/item/2006-pokemon-ex-legend-maker-44-tangela-psa-105uj8g
a4ddde84-cdaa-4fcc-a667-eef273781c00,2022-02-01,148.88,eBay,BUY_IT_NOW,ok,0,https://www.ebay.com/itm/Pokemon-EX-Legend-Maker-44-Tangela-PSA-10-Card-GEM-MINT-Rare-Low-Pop-Non-Holo-/154470303339
a436e921-826c-4bcf-bbd0-e9001ac5b817,2025-10-04,80.88,eBay,BUY_IT_NOW,ok,0,https://www.ebay.com/itm/365901533188
a436e921-826c-4bcf-bbd0-e9001ac5b817,2025-09-24,100,PWCC Fixed Price,BEST_OFFER,ok,0,https://sales-history.pwccmarketplace.com/items/FIXED335003
a436e921-826c-4bcf-bbd0-e9001ac5b817,2025-08-10,83.95,eBay,BUY_IT_NOW,ok,0,https://www.ebay.com/itm/376467245043
a436e921-826c-4bcf-bbd0-e9001ac5b817,2024-09-09,85,eBay,BEST_OFFER,ok,0,https://www.ebay.com/itm/Pokemon-PSA-10-Gem-Mint-Japanese-VS-Whitneys-TM-02-1st-Edition-108-/355889310547
a436e921-826c-4bcf-bbd0-e9001ac5b817,2024-07-22,19.2,PWCC Weekly Auctions,AUCTION,ok,0,https://www.fanaticscollect.com/weekly/7eb565a8-40c8-11ef-8be8-0a58a9feac02
a436e921-826c-4bcf-bbd0-e9001ac5b817,2024-07-01,45,eBay,AUCTION,ok,0,https://www.ebay.com/itm/2001-Pokemon-Japanese-VS-1st-Edition-108-Whitneys-TM-02-PSA-10-GEM-MINT-/387106665207
a436e921-826c-4bcf-bbd0-e9001ac5b817,2024-05-26,53,eBay,AUCTION,ok,0,https://www.ebay.com/itm/Pokemon-PSA-10-Gem-Mint-Japanese-VS-Whitneys-TM-02-1st-Edition-108-/226152587180
a436e921-826c-4bcf-bbd0-e9001ac5b817,2024-05-05,20.4,PWCC Weekly Auctions,AUCTION,ok,0,https://www.fanaticscollect.com/weekly/59e581a2-05b0-11ef-bb9c-0a58a9feac02
a436e921-826c-4bcf-bbd0-e9001ac5b817,2024-03-31,31.2,PWCC Weekly Auctions,AUCTION,ok,0,https://www.fanaticscollect.com/weekly/b14a584e-e195-11ee-b15c-06ce5fe21f1d
a436e921-826c-4bcf-bbd0-e9001ac5b817,2024-03-24,312,PWCC Weekly Auctions,AUCTION,ok,0,https://www.fanaticscollect.com/weekly/cf0b0d70-e194-11ee-9fd1-06ce5fe21f1d
a4a8d7f5-a578-40e5-b466-de35646f5462,2026-08-27,1175,eBay,BEST_OFFER,ok,0,https://www.ebay.com/itm/178379230033
a4a8d7f5-a578-40e5-b466-de35646f5462,2026-08-06,696,Alt,AUCTION,ok,0,https://alt.xyz/exchange/select-listing?ids=7ff4aea0-2a95-4feb-aed4-d84da18b7871
a4a8d7f5-a578-40e5-b466-de35646f5462,2026-07-25,1149,eBay,BUY_IT_NOW,ok,0,https://www.ebay.com/itm/117321043360
a4a8d7f5-a578-40e5-b466-de35646f5462,2026-07-25,805,eBay,AUCTION,ok,0,https://www.ebay.com/itm/298512572707
a4a8d7f5-a578-40e5-b466-de35646f5462,2026-07-24,1150,eBay,BUY_IT_NOW,ok,0,https://www.ebay.com/itm/800371959780
a4a8d7f5-a578-40e5-b466-de35646f5462,2026-07-21,685.98,eBay,AUCTION,ok,0,https://www.ebay.com/itm/366543026497
a4a8d7f5-a578-40e5-b466-de35646f5462,2026-07-18,900,eBay,BEST_OFFER,ok,0,https://www.ebay.com/itm/358797156810
a4a8d7f5-a578-40e5-b466-de35646f5462,2026-07-02,1075,eBay,AUCTION,RELISTED,0,https://www.ebay.com/itm/377295990274
a4a8d7f5-a578-40e5-b466-de35646f5462,2026-06-23,676,eBay,AUCTION,ok,0,https://www.ebay.com/itm/377276290866
a4a8d7f5-a578-40e5-b466-de35646f5462,2026-06-19,1500,eBay,BUY_IT_NOW,ok,0,https://www.ebay.com/itm/117167254831
a47adea3-fc16-4622-bb40-a3aff7898af8,2026-06-27,2049.12,eBay,BUY_IT_NOW,ok,0,https://www.ebay.com/itm/377268901248
a47adea3-fc16-4622-bb40-a3aff7898af8,2026-01-11,1000,PWCC Fixed Price,BEST_OFFER,ok,0,https://www.fanaticscollect.com/buy-now/d7dec10c-656e-44f3-a374-2d80df0d9f89
a47adea3-fc16-4622-bb40-a3aff7898af8,2023-04-03,1000,eBay,BEST_OFFER,ok,0,https://www.ebay.com/itm/2000-Pokemon-1st-Edition-Ed-Base-Set-Korean-Poliwrath-Holo-13-PSA-10-Pop-12-/274865585534
a47adea3-fc16-4622-bb40-a3aff7898af8,2022-02-09,800,eBay,AUCTION,ok,0,https://www.ebay.com/itm/2000-Pokemon-1st-Edition-Base-Set-Korean-Poliwrath-Holo-13-PSA-10-/284632021801
a4d1b172-2724-4609-abc9-afc6883a493d,2026-07-11,200,eBay,BUY_IT_NOW,ok,0,https://www.ebay.com/itm/287414739577
a4d1b172-2724-4609-abc9-afc6883a493d,2026-06-28,144,PWCC Weekly Auctions,AUCTION,ok,0,https://www.fanaticscollect.com/weekly/7f8cabb8-61bd-11f1-9ed8-0a093f80ef1f
a4d1b172-2724-4609-abc9-afc6883a493d,2026-04-19,155,eBay,BUY_IT_NOW,ok,0,https://www.ebay.com/itm/286167109928
a4d1b172-2724-4609-abc9-afc6883a493d,2024-02-12,45,eBay,BEST_OFFER,ok,0,https://www.ebay.com/itm/Pokemon-Ex-Crystal-Guardians-Memory-Berry-Trainer-Reverse-Foil-80-PSA-10-/256380430459
a4d1b172-2724-4609-abc9-afc6883a493d,2023-12-28,41.56,eBay,AUCTION,ok,0,https://www.ebay.com/itm/2006-POKEMON-EX-80-MEMORY-BERRY-REV-FOIL-Holo-GEM-MT-CRYSTAL-GUARDIANS-PSA-10-/364633810333
a4d1b172-2724-4609-abc9-afc6883a493d,2023-07-18,60,eBay,BUY_IT_NOW,ok,0,https://www.ebay.com/itm/2006-Pokemon-EX-Crystal-Guardians-Memory-Berry-Reverse-Foil-80-PSA-10-GEM-MINT-/314683790195
a4d1b172-2724-4609-abc9-afc6883a493d,2023-06-25,58.48,eBay,AUCTION,ok,0,https://www.ebay.com/itm/Gem-Mint-PSA-10-Memory-Berry-Reverse-Holo-80-100-Ex-Crystal-Guardians-2006-/285329393195
a4d1b172-2724-4609-abc9-afc6883a493d,2022-02-13,84,PWCC Weekly Auctions,AUCTION,ok,0,https://www.fanaticscollect.com/weekly/1f35b52e-6f23-11ed-b8a2-0a58a9feac02
a4de1400-9e70-4e15-abb4-0161289b28b5,2026-05-03,221.68,eBay,AUCTION,ok,0,https://www.ebay.com/itm/287292233291
a4de1400-9e70-4e15-abb4-0161289b28b5,2025-09-21,51,eBay,AUCTION,ok,0,https://www.ebay.com/itm/286815325270
a4de1400-9e70-4e15-abb4-0161289b28b5,2025-02-03,59.99,eBay,BUY_IT_NOW,ok,0,https://www.ebay.com/itm/2004-POKEMON-EX-TEAM-ROCKET-RETURNS-22-FURRET-PSA-10-/306042008699
a4de1400-9e70-4e15-abb4-0161289b28b5,2023-06-20,15.5,eBay,AUCTION,ok,0,https://www.ebay.com/itm/2004-Pokemon-EX-Team-Rocket-Returns-22-Furret-PSA-10-GEM-MINT-/385680156951
a4de1400-9e70-4e15-abb4-0161289b28b5,2023-03-12,25.2,PWCC Weekly Auctions,AUCTION,ok,0,https://www.fanaticscollect.com/weekly/73da2024-b087-11ed-96ff-0a58a9feac02
a4de1400-9e70-4e15-abb4-0161289b28b5,2023-02-02,49.99,eBay,BEST_OFFER,ok,0,https://www.ebay.com/itm/2004-Pokemon-EX-Team-Rocket-Returns-22-Furret-PSA-10-Gem-Mint-Non-Holo-Rare-/234786913082
a4de1400-9e70-4e15-abb4-0161289b28b5,2023-01-15,32.4,PWCC Weekly Auctions,AUCTION,ok,0,https://www.fanaticscollect.com/weekly/004c2ba6-8ba3-11ed-a565-0a58a9feac02
a4de1400-9e70-4e15-abb4-0161289b28b5,2022-09-30,32.88,eBay,AUCTION,ok,0,https://www.ebay.com/itm/PSA-10-FURRET-Pokemon-TCG-EX-Team-Rocket-Returns-22-62677764-/295235552093
a4de1400-9e70-4e15-abb4-0161289b28b5,2022-04-11,30.59,eBay,AUCTION,ok,0,https://www.ebay.com/itm/2004-POKEMON-FURRET-TEAM-ROCKET-RETURNS-PSA-10-WSC-/134074729672
a4de1400-9e70-4e15-abb4-0161289b28b5,2022-02-15,149.99,eBay,BUY_IT_NOW,ok,0,https://www.ebay.com/itm/PSA-10-GEM-MINT-Furret-22-109-EX-Team-Rocket-Returns-RARE-Pokemon-Card-NEW-/125149231447
a429c88d-cfc5-472e-afa3-4bbae81051ef,2026-07-25,90,eBay,BEST_OFFER,ok,0,https://www.ebay.com/itm/117215028945
a429c88d-cfc5-472e-afa3-4bbae81051ef,2026-06-03,41,eBay,AUCTION,ok,0,https://www.ebay.com/itm/298353644237
a429c88d-cfc5-472e-afa3-4bbae81051ef,2026-05-27,43,eBay,BEST_OFFER,ok,0,https://www.ebay.com/itm/277916455277
a429c88d-cfc5-472e-afa3-4bbae81051ef,2026-05-24,51,eBay,AUCTION,ok,0,https://www.ebay.com/itm/306932449019
a429c88d-cfc5-472e-afa3-4bbae81051ef,2026-05-21,56,eBay,BEST_OFFER,ok,0,https://www.ebay.com/itm/116864227729
a429c88d-cfc5-472e-afa3-4bbae81051ef,2026-05-20,38,eBay,BEST_OFFER,ok,0,https://www.ebay.com/itm/306502206438
a429c88d-cfc5-472e-afa3-4bbae81051ef,2026-04-14,30,eBay,BEST_OFFER,ok,0,https://www.ebay.com/itm/127742007375
a429c88d-cfc5-472e-afa3-4bbae81051ef,2026-03-15,35,eBay,BEST_OFFER,ok,0,https://www.ebay.com/itm/336351039091
a429c88d-cfc5-472e-afa3-4bbae81051ef,2026-03-14,28,eBay,BEST_OFFER,ok,0,https://www.ebay.com/itm/168227397000
a429c88d-cfc5-472e-afa3-4bbae81051ef,2026-02-11,30,eBay,BEST_OFFER,ok,0,https://www.ebay.com/itm/336407217023
a463327b-5d75-4fa5-927b-b2072376b600,2026-08-19,49.99,eBay,BUY_IT_NOW,ok,0,https://www.ebay.com/itm/178124288840
a463327b-5d75-4fa5-927b-b2072376b600,2026-08-19,30,eBay,BEST_OFFER,ok,0,https://www.ebay.com/itm/147383554415
a463327b-5d75-4fa5-927b-b2072376b600,2026-06-04,29.99,eBay,BEST_OFFER,ok,0,https://www.ebay.com/itm/127782867535
a463327b-5d75-4fa5-927b-b2072376b600,2025-04-27,12.35,eBay,BUY_IT_NOW,ok,0,https://www.ebay.com/itm/226371868939
a463327b-5d75-4fa5-927b-b2072376b600,2025-04-01,85,eBay,BEST_OFFER,ok,0,https://www.ebay.com/itm/405651326025
a463327b-5d75-4fa5-927b-b2072376b600,2025-03-02,15,eBay,AUCTION,ok,0,https://www.ebay.com/itm/PSA-10-Pokemon-Tornadus-VMAX-058-Japanese-Silver-Lance-Full-Art-Chilling-Reign-/135569934538
a463327b-5d75-4fa5-927b-b2072376b600,2023-07-19,22,eBay,BUY_IT_NOW,ok,0,https://www.ebay.com/itm/2021-Pokemon-Sword-Shield-Silver-Lance-Japanese-58-Tornadus-VMAX-psa-10-Gem-/204317533039
a463327b-5d75-4fa5-927b-b2072376b600,2022-11-27,17.52,eBay,AUCTION,ok,0,https://www.ebay.com/itm/2021-Pokemon-Japanese-SWSH-Silver-Lance-058-FA-Tornadus-VMAX-PSA-10-/374368470111
a463327b-5d75-4fa5-927b-b2072376b600,2022-10-08,20,eBay,AUCTION,ok,0,https://www.ebay.com/itm/PSA-10-2021-POKEMON-JAPANESE-SWORD-SHIELD-SILVER-LANCE-058-FA-TORNADUS-VMAX-/284975602965
a463327b-5d75-4fa5-927b-b2072376b600,2022-08-24,21.5,eBay,AUCTION,ok,0,https://www.ebay.com/itm/PSA10-2021-POKEMON-JPN-SWORD-SHIELD-SILVER-LANCE-058-FULL-ART-TORNADUS-VMAX-/284928754311
a401e7e4-411f-40c2-9af2-9df80224f38a,2024-03-24,34.8,PWCC Weekly Auctions,AUCTION,ok,0,https://www.fanaticscollect.com/weekly/bf8452a0-d4e5-11ee-bcc7-0a58a9feac02
a401e7e4-411f-40c2-9af2-9df80224f38a,2023-08-20,26.73,eBay,AUCTION,ok,0,https://www.ebay.com/itm/Pokemon-TCG-2000-Giovannis-Machop-Gym-Challenge-PSA-10-Gem-Mint-72-132-/275993079204
a401e7e4-411f-40c2-9af2-9df80224f38a,2023-03-18,34.75,eBay,AUCTION,ok,0,https://www.ebay.com/itm/Pokemon-Card-Giovannis-Machop-72-132-Gym-Challenge-PSA-10-Gem-Mint-/155444802602
a401e7e4-411f-40c2-9af2-9df80224f38a,2023-03-02,32,eBay,AUCTION,ok,0,https://www.ebay.com/itm/404176625541
a401e7e4-411f-40c2-9af2-9df80224f38a,2023-02-23,81,eBay,AUCTION,RELISTED,0,https://www.ebay.com/itm/PSA-10-GIOVANNIS-MACHOP-72-132-GYM-CHALLENGE-GEM-MINT-/404167745237
a401e7e4-411f-40c2-9af2-9df80224f38a,2022-04-13,25.99,eBay,BUY_IT_NOW,ok,0,https://www.ebay.com/itm/2000-Pokemon-Gym-Challenge-Unlimited-Giovanni-s-Machop-PSA-10-GEM-MINT-72-132-/265639644014
a4e7a698-4ba2-41d2-a660-e9fa42f64560,2026-01-22,50,eBay,BEST_OFFER,ok,0,https://www.ebay.com/itm/187972856245
a4e7a698-4ba2-41d2-a660-e9fa42f64560,2025-10-09,45,eBay,BEST_OFFER,ok,0,https://www.ebay.com/itm/305961529975
a4e7a698-4ba2-41d2-a660-e9fa42f64560,2025-10-06,45,eBay,BEST_OFFER,ok,0,https://www.ebay.com/itm/297516030333
a4e7a698-4ba2-41d2-a660-e9fa42f64560,2025-08-01,45,eBay,BEST_OFFER,RELISTED,0,https://www.ebay.com/itm/297452292764
a4e7a698-4ba2-41d2-a660-e9fa42f64560,2024-07-21,26,eBay,AUCTION,ok,0,https://www.ebay.com/itm/1999-Pokemon-Topps-Kakuna-Foil-14-PSA-10-Gem-Mint-/285955531594
a4e7a698-4ba2-41d2-a660-e9fa42f64560,2022-04-17,48,PWCC Weekly Auctions,AUCTION,ok,0,https://www.fanaticscollect.com/weekly/24c449a6-6f23-11ed-bdef-0a58a9feac02
a48db88a-ef4e-46ef-a415-a04605b36fd6,2026-06-20,45,eBay,BEST_OFFER,ok,0,https://www.ebay.com/itm/298435387463
a48db88a-ef4e-46ef-a415-a04605b36fd6,2026-06-04,115.04,eBay,BEST_OFFER,ok,0,https://www.ebay.com/itm/397710971227
a48db88a-ef4e-46ef-a415-a04605b36fd6,2026-04-24,70,eBay,BEST_OFFER,ok,0,https://www.ebay.com/itm/236760617575
a48db88a-ef4e-46ef-a415-a04605b36fd6,2026-04-16,65,eBay,BEST_OFFER,RELISTED,0,https://www.ebay.com/itm/236758163480
a48db88a-ef4e-46ef-a415-a04605b36fd6,2026-04-12,55.2,PWCC Weekly Auctions,AUCTION,ok,0,https://www.fanaticscollect.com/weekly/d5209350-2cbb-11f1-90c3-02efd99ae353
a48db88a-ef4e-46ef-a415-a04605b36fd6,2026-03-22,51.6,PWCC Weekly Auctions,AUCTION,ok,0,https://www.fanaticscollect.com/weekly/4695c080-1eea-11f1-8749-0a58a9feac02
a48db88a-ef4e-46ef-a415-a04605b36fd6,2026-01-21,125,eBay,BEST_OFFER,ok,0,https://www.ebay.com/itm/267542608353
a48db88a-ef4e-46ef-a415-a04605b36fd6,2025-09-28,54,PWCC Weekly Auctions,AUCTION,ok,0,https://www.fanaticscollect.com/weekly/c3e30f04-960d-11f0-a86b-0a58a9feac02
a48db88a-ef4e-46ef-a415-a04605b36fd6,2025-09-16,57,PWCC Fixed Price,BEST_OFFER,ok,0,https://sales-history.pwccmarketplace.com/items/FIXED326019
a48db88a-ef4e-46ef-a415-a04605b36fd6,2025-07-03,49.99,eBay,BUY_IT_NOW,ok,0,https://www.ebay.com/itm/335811889068
a462a6b4-8213-4022-8d3a-a5afd6edfe5d,2022-08-29,19.5,eBay,AUCTION,ok,0,https://www.ebay.com/itm/2020-Pokemon-SWSH-Vivid-Voltage-Wyndon-Stadium-Reverse-Foil-161-185-PSA-10-D168-/125480605274
a462a6b4-8213-4022-8d3a-a5afd6edfe5d,2022-06-20,10.61,eBay,AUCTION,ok,0,https://www.ebay.com/itm/Pokemon-Wyndon-Stadium-RH-SWSH-Vivid-Voltage-161-185-PSA-10-GEM-MT-/255581105243
a462a6b4-8213-4022-8d3a-a5afd6edfe5d,2022-05-23,10.47,eBay,AUCTION,ok,0,https://www.ebay.com/itm/Wyndon-Stadium-SWSH-Vivid-Voltage-161-185-PSA-10-GEM-MT-/255534701596
a4fc19d7-e5ee-4756-8bae-c3e8f340fff8,2026-09-18,64,eBay,AUCTION,ok,0,https://www.ebay.com/itm/117406349273
a4fc19d7-e5ee-4756-8bae-c3e8f340fff8,2026-09-18,61,eBay,AUCTION,ok,0,https://www.ebay.com/itm/158281996745
a4fc19d7-e5ee-4756-8bae-c3e8f340fff8,2026-09-18,57,eBay,AUCTION,ok,0,https://www.ebay.com/itm/298661478614
a4fc19d7-e5ee-4756-8bae-c3e8f340fff8,2026-09-18,54,eBay,AUCTION,ok,0,https://www.ebay.com/itm/298661646597
a4fc19d7-e5ee-4756-8bae-c3e8f340fff8,2026-09-18,52.52,eBay,AUCTION,ok,0,https://www.ebay.com/itm/298661646078
a4fc19d7-e5ee-4756-8bae-c3e8f340fff8,2026-09-18,46,eBay,AUCTION,ok,0,https://www.ebay.com/itm/307171999318
a4fc19d7-e5ee-4756-8bae-c3e8f340fff8,2026-09-18,46,eBay,AUCTION,ok,0,https://www.ebay.com/itm/117405860217
a4fc19d7-e5ee-4756-8bae-c3e8f340fff8,2026-09-17,75,PWCC Fixed Price,BEST_OFFER,ok,0,https://www.fanaticscollect.com/buy-now/4fd3e661-b266-4018-bc52-352855200ce4
a4fc19d7-e5ee-4756-8bae-c3e8f340fff8,2026-09-17,75,PWCC Fixed Price,BEST_OFFER,ok,0,https://www.fanaticscollect.com/buy-now/2929c73b-8eb9-4703-a39c-35542952c39a
a4fc19d7-e5ee-4756-8bae-c3e8f340fff8,2026-09-17,72,PWCC Fixed Price,BEST_OFFER,ok,0,https://www.fanaticscollect.com/buy-now/aa9b2879-8ade-46c9-8fa7-512fbb4d83f5
a4ee75b9-8c9b-4ab8-aac3-487edb6cf625,2026-03-28,92.3,eBay,BUY_IT_NOW,ok,0,https://www.ebay.com/itm/317847243077
a4ee75b9-8c9b-4ab8-aac3-487edb6cf625,2026-02-19,49.99,eBay,BEST_OFFER,ok,0,https://www.ebay.com/itm/137046190572
a4ee75b9-8c9b-4ab8-aac3-487edb6cf625,2026-01-07,31,eBay,AUCTION,ok,0,https://www.ebay.com/itm/306684546786
a4ee75b9-8c9b-4ab8-aac3-487edb6cf625,2026-01-07,30,eBay,AUCTION,ok,0,https://www.ebay.com/itm/306684546674
a4ee75b9-8c9b-4ab8-aac3-487edb6cf625,2026-01-07,30,eBay,AUCTION,ok,0,https://www.ebay.com/itm/116955641891
a4ee75b9-8c9b-4ab8-aac3-487edb6cf625,2025-11-30,33.6,PWCC Weekly Auctions,AUCTION,ok,0,https://www.fanaticscollect.com/weekly/39adcdea-be7d-11f0-8c51-0a58a9feac02
a4ee75b9-8c9b-4ab8-aac3-487edb6cf625,2025-11-18,35,eBay,AUCTION,ok,0,https://www.ebay.com/itm/306594378110
a4ee75b9-8c9b-4ab8-aac3-487edb6cf625,2025-06-22,25,PWCC Fixed Price,BEST_OFFER,ok,0,https://sales-history.pwccmarketplace.com/items/FIXED266296
a4ee75b9-8c9b-4ab8-aac3-487edb6cf625,2025-06-08,37.86,eBay,BUY_IT_NOW,ok,0,https://www.ebay.com/itm/297057636963
a4ee75b9-8c9b-4ab8-aac3-487edb6cf625,2025-06-08,25.2,PWCC Weekly Auctions,AUCTION,ok,0,https://www.fanaticscollect.com/weekly/1293852c-3211-11f0-8999-0a58a9feac02
a45975a4-d419-4ff8-a93d-7ee5cd99ccf3,2026-07-05,8467,eBay,AUCTION,ok,0,https://www.ebay.com/itm/168499730709
a45975a4-d419-4ff8-a93d-7ee5cd99ccf3,2026-05-11,6600,eBay,AUCTION,ok,0,https://www.ebay.com/itm/389962021707
a45975a4-d419-4ff8-a93d-7ee5cd99ccf3,2026-05-03,9300,eBay,AUCTION,ok,0,https://www.ebay.com/itm/287295120341
a45975a4-d419-4ff8-a93d-7ee5cd99ccf3,2026-04-21,9900,eBay,AUCTION,RELISTED,0,https://www.ebay.com/itm/366347697202
a45975a4-d419-4ff8-a93d-7ee5cd99ccf3,2026-04-19,9999.99,eBay,AUCTION,RELISTED,0,https://www.ebay.com/itm/287264997166
a45975a4-d419-4ff8-a93d-7ee5cd99ccf3,2026-03-15,6250,eBay,BUY_IT_NOW,ok,0,https://www.ebay.com/itm/336482306594
a45975a4-d419-4ff8-a93d-7ee5cd99ccf3,2025-12-15,2000,eBay,BEST_OFFER,ok,0,https://www.ebay.com/itm/297844085407
a45975a4-d419-4ff8-a93d-7ee5cd99ccf3,2025-05-31,1500,eBay,AUCTION,ok,0,https://www.ebay.com/itm/297337286858
a45975a4-d419-4ff8-a93d-7ee5cd99ccf3,2024-11-23,450,eBay,BUY_IT_NOW,ok,0,https://www.ebay.com/itm/Pokemon-PSA-10-Latios-22-110-Reverse-Holo-Rare-EX-Holon-Phantoms-2006-GEM-MINT-/315345204403
a45975a4-d419-4ff8-a93d-7ee5cd99ccf3,2024-07-07,492,PWCC Weekly Auctions,AUCTION,ok,0,https://www.fanaticscollect.com/weekly/403f72a0-1f71-11ef-a07d-0abdc641b435
a478be82-7ce9-48d4-a811-3590ca0e5642,2022-07-07,85,eBay,BEST_OFFER,ok,0,https://www.ebay.com/itm/2009-Pokemon-Platinum-Supreme-Victors-Growlithe-108-147-PSA-10-Gem-Mint-/185490744268
a4904c09-0a02-4b6b-94ca-be055f49007e,2026-08-22,721,eBay,AUCTION,ok,0,https://www.ebay.com/itm/800526909837
a4904c09-0a02-4b6b-94ca-be055f49007e,2026-08-10,728,eBay,AUCTION,ok,0,https://www.ebay.com/itm/377391781983
a4904c09-0a02-4b6b-94ca-be055f49007e,2026-08-05,885,eBay,BEST_OFFER,ok,0,https://www.ebay.com/itm/366587641622
a4904c09-0a02-4b6b-94ca-be055f49007e,2026-08-02,885,eBay,AUCTION,RELISTED,0,https://www.ebay.com/itm/366570887722
a4904c09-0a02-4b6b-94ca-be055f49007e,2026-07-26,256,eBay,AUCTION,RELISTED,0,https://www.ebay.com/itm/366560784927
a4904c09-0a02-4b6b-94ca-be055f49007e,2026-07-18,625,eBay,AUCTION,ok,0,https://www.ebay.com/itm/407071179138
a4904c09-0a02-4b6b-94ca-be055f49007e,2026-06-28,809,eBay,AUCTION,ok,1,https://www.ebay.com/itm/407018249371
a4904c09-0a02-4b6b-94ca-be055f49007e,2026-06-21,820,eBay,AUCTION,RELISTED,0,https://www.ebay.com/itm/407006551389
a4904c09-0a02-4b6b-94ca-be055f49007e,2026-06-07,1000,eBay,AUCTION,RELISTED,0,https://www.ebay.com/itm/406959013440
a4904c09-0a02-4b6b-94ca-be055f49007e,2026-06-06,1025,eBay,AUCTION,RELISTED,0,https://www.ebay.com/itm/406967491432
a435e59d-35e9-4dc6-935e-634940e878f9,2026-06-28,40800,PWCC Weekly Auctions,AUCTION,ok,0,https://www.fanaticscollect.com/weekly/904b577c-69bc-11f1-86b5-0a58a9feac02
a435e59d-35e9-4dc6-935e-634940e878f9,2022-07-24,861.01,eBay,AUCTION,ok,0,https://www.ebay.com/itm/2004-Pokemon-Kids-WB-Poke-Card-Creator-Treecko-PSA-10-Gem-Mint-/125417069277
a4a1ca11-3809-4442-b7ba-d7bdfcce872d,2026-09-04,157.27,CardHobby,AUCTION,ok,0,https://www.cardhobby.com/#/carddetails/131551315
a4a1ca11-3809-4442-b7ba-d7bdfcce872d,2026-09-02,185,eBay,AUCTION,ok,0,https://www.ebay.com/itm/800564653562
a4a1ca11-3809-4442-b7ba-d7bdfcce872d,2026-08-30,205.83,eBay,AUCTION,ok,0,https://www.ebay.com/itm/137619369846
a4a1ca11-3809-4442-b7ba-d7bdfcce872d,2026-08-12,270,PWCC Fixed Price,BEST_OFFER,ok,0,https://www.fanaticscollect.com/buy-now/7b1ed5b5-eb53-46e9-bb3f-fa9a9dcc1b3f
a4a1ca11-3809-4442-b7ba-d7bdfcce872d,2026-08-11,210,eBay,AUCTION,ok,0,https://www.ebay.com/itm/188743806897
a4a1ca11-3809-4442-b7ba-d7bdfcce872d,2026-08-10,213.5,eBay,AUCTION,ok,0,https://www.ebay.com/itm/117336565074
a4a1ca11-3809-4442-b7ba-d7bdfcce872d,2026-08-06,186,Alt,AUCTION,ok,0,https://alt.xyz/exchange/select-listing?ids=3222c613-2d72-40d4-9ef2-6f9c746e81f1
a4a1ca11-3809-4442-b7ba-d7bdfcce872d,2026-08-05,130.84,CardHobby,AUCTION,ok,0,https://www.cardhobby.com/#/carddetails/126653029
a4a1ca11-3809-4442-b7ba-d7bdfcce872d,2026-07-24,240,eBay,AUCTION,ok,0,https://www.ebay.com/itm/307066251212
a4a1ca11-3809-4442-b7ba-d7bdfcce872d,2026-07-15,299.99,eBay,BUY_IT_NOW,ok,0,https://www.ebay.com/itm/298379183113
a44e5d8b-9b90-42a6-b2bf-eb6e469dbb86,2026-09-12,52.57,eBay,AUCTION,ok,0,https://www.ebay.com/itm/188891870995
a44e5d8b-9b90-42a6-b2bf-eb6e469dbb86,2026-08-18,70,eBay,BEST_OFFER,ok,0,https://www.ebay.com/itm/298597028248
a44e5d8b-9b90-42a6-b2bf-eb6e469dbb86,2026-08-17,58,eBay,AUCTION,ok,0,https://www.ebay.com/itm/128023243552
a44e5d8b-9b90-42a6-b2bf-eb6e469dbb86,2026-08-13,51,eBay,AUCTION,ok,0,https://www.ebay.com/itm/117342272305
a44e5d8b-9b90-42a6-b2bf-eb6e469dbb86,2026-08-08,67,eBay,BUY_IT_NOW,ok,0,https://www.ebay.com/itm/198554625849
a44e5d8b-9b90-42a6-b2bf-eb6e469dbb86,2026-08-04,50,eBay,BEST_OFFER,ok,0,https://www.ebay.com/itm/377388529898
a44e5d8b-9b90-42a6-b2bf-eb6e469dbb86,2026-08-02,54.67,CardHobby,AUCTION,ok,0,https://www.cardhobby.com/#/carddetails/126236563
a44e5d8b-9b90-42a6-b2bf-eb6e469dbb86,2026-07-13,72,PWCC Fixed Price,BEST_OFFER,ok,0,https://www.fanaticscollect.com/buy-now/7a931efc-b7fb-4635-a441-85ce064275df
a44e5d8b-9b90-42a6-b2bf-eb6e469dbb86,2026-07-02,70,eBay,BEST_OFFER,ok,0,https://www.ebay.com/itm/327179626622
a44e5d8b-9b90-42a6-b2bf-eb6e469dbb86,2026-07-01,75,eBay,AUCTION,ok,0,https://www.ebay.com/itm/236896768727
a4f7f85c-02a4-4847-85cf-166134a25978,2026-08-30,4680,PWCC Weekly Auctions,AUCTION,ok,0,https://www.fanaticscollect.com/weekly/99b4e24c-9a4f-11f1-ba20-0a58a9feac02
a4f7f85c-02a4-4847-85cf-166134a25978,2026-08-30,4080,PWCC Weekly Auctions,AUCTION,ok,0,https://www.fanaticscollect.com/weekly/14998f8c-9c24-11f1-a5e3-0a58a9feac02
a4f7f85c-02a4-4847-85cf-166134a25978,2026-06-24,5000,eBay,BEST_OFFER,ok,0,https://www.ebay.com/itm/127787724533
a4f7f85c-02a4-4847-85cf-166134a25978,2026-04-26,2451,eBay,AUCTION,ok,0,https://www.ebay.com/itm/287278144174
a4f7f85c-02a4-4847-85cf-166134a25978,2026-04-07,4000,eBay,BUY_IT_NOW,ok,0,https://www.ebay.com/itm/327090962598
a4f7f85c-02a4-4847-85cf-166134a25978,2026-04-05,2600,eBay,AUCTION,ok,0,https://www.ebay.com/itm/287235333208
a4f7f85c-02a4-4847-85cf-166134a25978,2026-02-23,1500,eBay,BEST_OFFER,ok,0,https://www.ebay.com/itm/127351844755
a4f7f85c-02a4-4847-85cf-166134a25978,2025-10-26,1710,PWCC Weekly Auctions,AUCTION,ok,0,https://www.fanaticscollect.com/weekly/d1019490-a822-11f0-9035-02f1b7331cb3
a4f7f85c-02a4-4847-85cf-166134a25978,2025-10-26,960,eBay,AUCTION,ok,0,https://www.ebay.com/itm/286880129262
a4f7f85c-02a4-4847-85cf-166134a25978,2025-10-06,1075,eBay,BEST_OFFER,ok,0,https://www.ebay.com/itm/146836041690
a4e99adb-dee7-4ac2-a0c2-c9233043ba94,2025-07-31,21.99,eBay,BEST_OFFER,ok,0,https://www.ebay.com/itm/305409960679
a4e99adb-dee7-4ac2-a0c2-c9233043ba94,2025-03-28,20.5,eBay,AUCTION,ok,0,https://www.ebay.com/itm/297126981258
a4e99adb-dee7-4ac2-a0c2-c9233043ba94,2025-01-20,14.5,eBay,AUCTION,ok,0,https://www.ebay.com/itm/2022-Pokemon-Japanese-Sword-Shield-Space-Juggler-079-Full-Art-Choy-PSA-10-/387820270790
a4e99adb-dee7-4ac2-a0c2-c9233043ba94,2024-06-09,18.07,eBay,BEST_OFFER,ok,0,https://www.ebay.com/itm/Pokemon-Choy-79-Pokemon-Japanese-Space-Juggler-Choy-PSA-10-Full-Art-Trainer-/404984626641
a4e99adb-dee7-4ac2-a0c2-c9233043ba94,2023-09-17,18.5,eBay,AUCTION,ok,0,https://www.ebay.com/itm/Pokemon-2022-Choy-079-FA-Japanese-Space-Juggler-SR-PSA-10-GEM-MINT-/285464133359
a4e99adb-dee7-4ac2-a0c2-c9233043ba94,2022-09-26,22.5,eBay,AUCTION,ok,0,https://www.ebay.com/itm/2022-Pokemon-Space-Juggler-CHOY-079-067-Full-Art-SR-s10P-GEM-MINT-PSA-10-/155169349339
a419a22d-4c2b-4aeb-b8c6-b2cdc75352d0,2025-12-03,89.99,eBay,BUY_IT_NOW,ok,0,https://www.ebay.com/itm/396842346596
a419a22d-4c2b-4aeb-b8c6-b2cdc75352d0,2025-08-17,75,eBay,BEST_OFFER,ok,0,https://www.ebay.com/itm/134767230405
a419a22d-4c2b-4aeb-b8c6-b2cdc75352d0,2024-10-31,53,eBay,AUCTION,ok,0,https://www.ebay.com/itm/2006-POKEMON-EX-LEGEND-MAKER-21-MAGMAR-PSA-10-/305856956449
a419a22d-4c2b-4aeb-b8c6-b2cdc75352d0,2024-10-09,45,eBay,BEST_OFFER,ok,0,https://www.ebay.com/itm/Pokemon-Magmar-Ex-Legend-Maker-PSA-10-Gem-Mint-21-92-/226392107188
a419a22d-4c2b-4aeb-b8c6-b2cdc75352d0,2023-10-02,43.2,PWCC Weekly Auctions,AUCTION,ok,0,https://www.fanaticscollect.com/weekly/1e882334-4b49-11ee-b5d5-0a58a9feac02
a419a22d-4c2b-4aeb-b8c6-b2cdc75352d0,2023-02-26,38.4,PWCC Weekly Auctions,AUCTION,ok,0,https://www.fanaticscollect.com/weekly/df5877fc-a334-11ed-a8f4-0a58a9feac02
a419a22d-4c2b-4aeb-b8c6-b2cdc75352d0,2022-09-30,48.08,eBay,AUCTION,ok,0,https://www.ebay.com/itm/PSA-10-MAGMAR-Pokemon-TCG-EX-Legend-Maker-21-62677952-/295235488517
a49a48d8-6409-4c44-a0df-98764c384712,2026-05-26,1975,eBay,AUCTION,ok,0,https://www.ebay.com/itm/117202727930
a49a48d8-6409-4c44-a0df-98764c384712,2026-04-02,2125,eBay,BEST_OFFER,ok,0,https://www.ebay.com/itm/117120664020
a49a48d8-6409-4c44-a0df-98764c384712,2025-07-04,648.61,eBay,BEST_OFFER,ok,0,https://www.ebay.com/itm/388663206741
a49a48d8-6409-4c44-a0df-98764c384712,2025-03-02,186,PWCC Weekly Auctions,AUCTION,ok,0,https://www.fanaticscollect.com/weekly/1f1c6824-f4ca-11ef-9944-028feb71851d
a49a48d8-6409-4c44-a0df-98764c384712,2023-09-29,211.26,eBay,BEST_OFFER,ok,0,https://www.ebay.com/itm/POKEMON-JAPANESE-2016-ARCANINE-BREAK-COROCORO-ICHIBAN-267-XY-P-GEM-MINT-PSA-10-/134723409160
a49a48d8-6409-4c44-a0df-98764c384712,2022-10-09,300,PWCC Weekly Auctions,AUCTION,ok,0,https://www.fanaticscollect.com/weekly/3afcd7c4-6f23-11ed-9282-0a58a9feac02
a4792312-3105-4ac3-ab65-31a90be06c82,2026-09-13,288,PWCC Weekly Auctions,AUCTION,ok,0,https://www.fanaticscollect.com/weekly/06528ab6-a5cd-11f1-9a9f-065d41047819
a4792312-3105-4ac3-ab65-31a90be06c82,2026-08-16,276,PWCC Weekly Auctions,AUCTION,ok,0,https://www.fanaticscollect.com/weekly/f51db59a-8c1d-11f1-bcb0-0a75b240a311
a4792312-3105-4ac3-ab65-31a90be06c82,2025-10-31,131.44,eBay,BUY_IT_NOW,ok,0,https://www.ebay.com/itm/156170386674
a4792312-3105-4ac3-ab65-31a90be06c82,2025-08-03,99.99,eBay,BUY_IT_NOW,ok,0,https://www.ebay.com/itm/297439666599
a4792312-3105-4ac3-ab65-31a90be06c82,2024-11-18,85,eBay,BEST_OFFER,ok,0,https://www.ebay.com/itm/2003-Pokemon-Japanese-Expansion-Pack-Slaking-Holo-043-PSA-10-GEM-MINT-/375222459071
a4792312-3105-4ac3-ab65-31a90be06c82,2022-10-30,120,PWCC Weekly Auctions,AUCTION,ok,0,https://www.fanaticscollect.com/weekly/39717630-6f23-11ed-bc82-0a58a9feac02
a4cf30f4-4274-445b-ad00-158b4eb82cbc,2025-04-16,250,eBay,BEST_OFFER,ok,0,https://www.ebay.com/itm/306158139494
a4cf30f4-4274-445b-ad00-158b4eb82cbc,2025-03-02,355,eBay,BUY_IT_NOW,ok,0,https://www.ebay.com/itm/Pokemon-Unown-EX-Unseen-Forces-Holo-Rare-R-28-PSA-10-Gem-Mint-/286371004921
a4cf30f4-4274-445b-ad00-158b4eb82cbc,2024-01-14,112.5,eBay,AUCTION,ok,0,https://www.ebay.com/itm/2005-Pokemon-EX-Unseen-Forces-Unown-Holo-R-28-PSA-10-Pop-12-/204608583669
a4cf30f4-4274-445b-ad00-158b4eb82cbc,2023-06-18,70,eBay,AUCTION,ok,0,https://www.ebay.com/itm/PSA-GEM-MINT-10-Secret-Holo-Unown-R-Pokemon-Card-EX-Unseen-Forces-R-28-/314643287556
a4cf30f4-4274-445b-ad00-158b4eb82cbc,2023-02-06,200,eBay,BEST_OFFER,ok,0,https://www.ebay.com/itm/PSA-10-GEM-MINT-Unown-R-ex-Unseen-Forces-Holo-Rare-Pokemon-Card-R-28-/284499667271
a4cf30f4-4274-445b-ad00-158b4eb82cbc,2022-11-28,150,eBay,BEST_OFFER,RELISTED,0,https://www.ebay.com/itm/PSA-10-GEM-MINT-Unown-R-ex-Unseen-Forces-Holo-Rare-Pokemon-Card-R-28-POP-6-/224610778221
a4cf30f4-4274-445b-ad00-158b4eb82cbc,2022-11-21,105.5,eBay,AUCTION,ok,0,https://www.ebay.com/itm/2005-Pokemon-Ex-Unseen-Forces-R28-Unown-Holo-PSA-10-GEM-MINT-/364049095829
a4f82e89-8c54-4ac5-b588-8e7da1f9b73c,2026-08-31,80.99,eBay,BUY_IT_NOW,ok,0,https://www.ebay.com/itm/168645808634
a4f82e89-8c54-4ac5-b588-8e7da1f9b73c,2026-08-20,62,eBay,AUCTION,ok,0,https://www.ebay.com/itm/358923951097
a4f82e89-8c54-4ac5-b588-8e7da1f9b73c,2026-06-21,86.4,PWCC Weekly Auctions,AUCTION,ok,0,https://www.fanaticscollect.com/weekly/5ec6c958-6385-11f1-8a8f-0227e3896b69
a4f82e89-8c54-4ac5-b588-8e7da1f9b73c,2026-05-28,85,eBay,BEST_OFFER,ok,0,https://www.ebay.com/itm/336592092894
a4f82e89-8c54-4ac5-b588-8e7da1f9b73c,2026-05-27,95.99,eBay,BUY_IT_NOW,ok,0,https://www.ebay.com/itm/127561189135
a4f82e89-8c54-4ac5-b588-8e7da1f9b73c,2026-05-24,83.78,eBay,AUCTION,ok,0,https://www.ebay.com/itm/298308599602
a4f82e89-8c54-4ac5-b588-8e7da1f9b73c,2026-04-14,100,eBay,BUY_IT_NOW,ok,0,https://www.ebay.com/itm/376683200847
a4f82e89-8c54-4ac5-b588-8e7da1f9b73c,2026-04-09,83.45,eBay,BUY_IT_NOW,ok,0,https://www.ebay.com/itm/318125733171
a4f82e89-8c54-4ac5-b588-8e7da1f9b73c,2026-02-21,75,eBay,BUY_IT_NOW,ok,0,https://www.ebay.com/itm/117042795648
a4f82e89-8c54-4ac5-b588-8e7da1f9b73c,2026-02-14,55,PWCC Fixed Price,BEST_OFFER,ok,0,https://www.fanaticscollect.com/buy-now/3e7d6cc7-72bd-44fe-8e9c-71d23a0273ac
a4023c7a-f1d5-48f0-afd3-2b003555de7f,2026-09-16,84.99,eBay,BUY_IT_NOW,ok,0,https://www.ebay.com/itm/307145239305
a4023c7a-f1d5-48f0-afd3-2b003555de7f,2026-09-13,79.2,PWCC Weekly Auctions,AUCTION,ok,0,https://www.fanaticscollect.com/weekly/fda6581e-a7e5-11f1-b04c-0a58a9feac02
a4023c7a-f1d5-48f0-afd3-2b003555de7f,2026-09-12,114.83,eBay,BUY_IT_NOW,ok,0,https://www.ebay.com/itm/198588887304
a4023c7a-f1d5-48f0-afd3-2b003555de7f,2026-09-11,99.95,eBay,BUY_IT_NOW,ok,0,https://www.ebay.com/itm/188747658684
a4023c7a-f1d5-48f0-afd3-2b003555de7f,2026-09-10,83,eBay,AUCTION,ok,0,https://www.ebay.com/itm/117389547694
a4023c7a-f1d5-48f0-afd3-2b003555de7f,2026-09-10,49,eBay,AUCTION,ok,0,https://www.ebay.com/itm/117388022218
a4023c7a-f1d5-48f0-afd3-2b003555de7f,2026-09-09,75,eBay,AUCTION,ok,0,https://www.ebay.com/itm/377470902085
a4023c7a-f1d5-48f0-afd3-2b003555de7f,2026-09-09,51,eBay,AUCTION,ok,0,https://www.ebay.com/itm/298634691573
a4023c7a-f1d5-48f0-afd3-2b003555de7f,2026-09-09,49.87,eBay,AUCTION,ok,0,https://www.ebay.com/itm/307156430752
a4023c7a-f1d5-48f0-afd3-2b003555de7f,2026-09-06,72,eBay,AUCTION,ok,0,https://www.ebay.com/itm/298627726592
a47c6e17-3bff-479d-93da-cfcf3b10a877,2026-08-18,2800,eBay,BEST_OFFER,ok,0,https://www.ebay.com/itm/278289981308
a47c6e17-3bff-479d-93da-cfcf3b10a877,2026-03-22,3050,eBay,AUCTION,ok,0,https://www.ebay.com/itm/287195484751
a47c6e17-3bff-479d-93da-cfcf3b10a877,2026-01-25,1862.68,eBay,AUCTION,ok,0,https://www.ebay.com/itm/376881435601
a47c6e17-3bff-479d-93da-cfcf3b10a877,2024-04-15,108.3,eBay,AUCTION,ok,0,https://www.ebay.com/itm/PSA-GEM-MINT-10-POLITOED-2010-HG-SS-Unleashed-Set-Holo-Foil-Rare-7-95-/315270490363
a47c6e17-3bff-479d-93da-cfcf3b10a877,2023-11-12,117.5,eBay,AUCTION,ok,0,https://www.ebay.com/itm/Psa-10-Mint-Pokemon-HG-SS-Politoed-Holo-Unleashed-7-95-/335101192196
a47c6e17-3bff-479d-93da-cfcf3b10a877,2023-02-13,250,eBay,BEST_OFFER,ok,0,https://www.ebay.com/itm/Politoed-PSA-10-GEM-MINT-2010-HeartGold-SoulSilver-Unleashed-7-95-Pokemon-Card-/325494492526
a4d88e63-5295-4c06-ac45-bcfa86d029f9,2026-09-06,18600,PWCC Weekly Auctions,AUCTION,ok,0,https://www.fanaticscollect.com/weekly/9b404d04-a55d-11f1-815f-0a58a9feac02
a4d88e63-5295-4c06-ac45-bcfa86d029f9,2024-02-02,1350,eBay,BUY_IT_NOW,ok,0,https://www.ebay.com/itm/2012-Pokemon-Next-Destinies-103-Hydreigon-Secret-Rare-Pokemon-TCG-Card-PSA-10-/315132893358
a4d88e63-5295-4c06-ac45-bcfa86d029f9,2023-12-03,1994.95,eBay,BEST_OFFER,ok,0,https://www.ebay.com/itm/2012-103-Hydreigon-Secret-Rare-Pokemon-TCG-Card-PSA-10-Gem-Mint-/285581969472
a4d88e63-5295-4c06-ac45-bcfa86d029f9,2023-10-22,1080,PWCC Weekly Auctions,AUCTION,ok,0,https://www.fanaticscollect.com/weekly/d4ab6d5a-6d2d-11ee-9166-0acaf817d407
a4d88e63-5295-4c06-ac45-bcfa86d029f9,2023-08-01,1799.69,eBay,BEST_OFFER,ok,0,https://www.ebay.com/itm/Pokemon-Next-Destinies-SR-Shiny-Hydreigon-103-99-PSA-10-GEM-MINT-/175740787540
a4d88e63-5295-4c06-ac45-bcfa86d029f9,2023-02-27,1350,eBay,BEST_OFFER,ok,0,https://www.ebay.com/itm/Pokemon-Next-Destinies-SR-Shiny-Hydreigon-103-99-PSA-10-/304717536724
a40203f0-66fb-4b1b-903d-794ed24cce33,2026-03-03,39,eBay,AUCTION,ok,0,https://www.ebay.com/itm/306786613638
a40203f0-66fb-4b1b-903d-794ed24cce33,2026-02-19,35,eBay,BEST_OFFER,ok,0,https://www.ebay.com/itm/297772836349
a40203f0-66fb-4b1b-903d-794ed24cce33,2025-11-09,27.6,PWCC Weekly Auctions,AUCTION,ok,0,https://www.fanaticscollect.com/weekly/3fb00f02-b737-11f0-84a7-0a58a9feac02
a40203f0-66fb-4b1b-903d-794ed24cce33,2025-05-01,35,eBay,AUCTION,RELISTED,0,https://www.ebay.com/itm/156925472284
a40203f0-66fb-4b1b-903d-794ed24cce33,2025-04-28,30,eBay,BEST_OFFER,ok,0,https://www.ebay.com/itm/405756746632
a40203f0-66fb-4b1b-903d-794ed24cce33,2025-04-26,35,eBay,BEST_OFFER,ok,0,https://www.ebay.com/itm/197223000210
a40203f0-66fb-4b1b-903d-794ed24cce33,2025-04-12,40,eBay,AUCTION,RELISTED,0,https://www.ebay.com/itm/156870883565
a40203f0-66fb-4b1b-903d-794ed24cce33,2025-02-23,32,eBay,AUCTION,ok,0,https://www.ebay.com/itm/Pokemon-Nest-Ball-Scarlet-ex-Japanese-Ultra-Rare-107-PSA-10-Gem-Mint-/286335683761
a40203f0-66fb-4b1b-903d-794ed24cce33,2025-02-09,25,eBay,AUCTION,RELISTED,0,https://www.ebay.com/itm/Pokemon-Nest-Ball-Scarlet-ex-Japanese-Ultra-Rare-107-PSA-10-Gem-Mint-/286293053160
a40203f0-66fb-4b1b-903d-794ed24cce33,2024-12-28,49.49,eBay,BEST_OFFER,ok,0,https://www.ebay.com/itm/2023-Pokemon-SC-1s-JP-Nest-Ball-Ultra-Rare-Gem-Mint-10-PSA-/205161934640
a4a1afe1-8363-494b-9cff-29cc2451d2b7,2026-01-09,150,eBay,BEST_OFFER,ok,0,https://www.ebay.com/itm/167958216482
a4a1afe1-8363-494b-9cff-29cc2451d2b7,2024-01-14,48,PWCC Weekly Auctions,AUCTION,ok,0,https://www.fanaticscollect.com/weekly/4f036f9e-ad2a-11ee-be50-0af614176b57
a4a1afe1-8363-494b-9cff-29cc2451d2b7,2023-03-20,54.99,eBay,BUY_IT_NOW,ok,0,https://www.ebay.com/itm/PSA-10-Metagross-2004-Pokemon-Japanese-Metagross-Constructed-Starter-Deck-POP-4-/234894708021
a453c762-b781-48b3-831b-439f741954e4,2026-07-19,76.99,eBay,AUCTION,ok,0,https://www.ebay.com/itm/377342800881
a453c762-b781-48b3-831b-439f741954e4,2024-12-07,74.99,eBay,BUY_IT_NOW,ok,0,https://www.ebay.com/itm/2000-Topps-Pokemon-TV-Animation-Series-2-Slowbro-80-PSA-10-Gem-Mint-/285341330670
a453c762-b781-48b3-831b-439f741954e4,2023-05-29,58.5,eBay,BUY_IT_NOW,ok,0,https://www.ebay.com/itm/2000-Pokemon-Topps-Series-2-Slowbro-80-PSA-10-GEM-MINT-/334826342917
a4a87e80-d9dc-45cd-a3f5-f09c47018346,2026-07-27,14.5,eBay,AUCTION,ok,0,https://www.ebay.com/itm/158109824037
a4a87e80-d9dc-45cd-a3f5-f09c47018346,2026-05-12,21,eBay,AUCTION,ok,0,https://www.ebay.com/itm/366390382658
a4a87e80-d9dc-45cd-a3f5-f09c47018346,2026-05-12,19,eBay,BEST_OFFER,ok,0,https://www.ebay.com/itm/127861833707
a4a87e80-d9dc-45cd-a3f5-f09c47018346,2026-05-10,24,eBay,BEST_OFFER,ok,0,https://www.ebay.com/itm/358458733713
a4a87e80-d9dc-45cd-a3f5-f09c47018346,2026-04-23,20.5,eBay,AUCTION,ok,0,https://www.ebay.com/itm/318157830820
a4a87e80-d9dc-45cd-a3f5-f09c47018346,2026-04-21,44,eBay,BEST_OFFER,ok,0,https://www.ebay.com/itm/117134777639
a4a87e80-d9dc-45cd-a3f5-f09c47018346,2026-03-14,24,eBay,BEST_OFFER,ok,0,https://www.ebay.com/itm/334904017376
a4a87e80-d9dc-45cd-a3f5-f09c47018346,2025-11-10,24.56,eBay,BUY_IT_NOW,ok,0,https://www.ebay.com/itm/257154506142
a4a87e80-d9dc-45cd-a3f5-f09c47018346,2025-06-10,25,eBay,BEST_OFFER,ok,0,https://www.ebay.com/itm/116306289709
a4a87e80-d9dc-45cd-a3f5-f09c47018346,2025-04-16,25,eBay,BUY_IT_NOW,ok,0,https://www.ebay.com/itm/335235010327
a43f4850-d8da-4e57-82df-fc33a67693f8,2026-05-14,150,eBay,BEST_OFFER,ok,0,https://www.ebay.com/itm/306910765286
a43f4850-d8da-4e57-82df-fc33a67693f8,2026-05-06,80,eBay,BEST_OFFER,ok,0,https://www.ebay.com/itm/306903997045
a43f4850-d8da-4e57-82df-fc33a67693f8,2026-04-24,85,eBay,BEST_OFFER,ok,0,https://www.ebay.com/itm/406883632443
a43f4850-d8da-4e57-82df-fc33a67693f8,2026-03-15,71,eBay,BEST_OFFER,ok,0,https://www.ebay.com/itm/287202150139
a43f4850-d8da-4e57-82df-fc33a67693f8,2026-03-15,24,PWCC Weekly Auctions,AUCTION,ok,0,https://www.fanaticscollect.com/weekly/2f5ed86a-13dd-11f1-a778-0a58a9feac02
a43f4850-d8da-4e57-82df-fc33a67693f8,2025-11-30,62,eBay,BEST_OFFER,ok,0,https://www.ebay.com/itm/306610853469
a43f4850-d8da-4e57-82df-fc33a67693f8,2024-12-16,29.99,eBay,BUY_IT_NOW,ok,0,https://www.ebay.com/itm/PSA-10-GEM-MINT-Magmar-016-172-REVERSE-HOLO-VSTAR-Universe-Pokemon-Card-771-/276629142671
a43f4850-d8da-4e57-82df-fc33a67693f8,2024-10-24,26.24,eBay,BEST_OFFER,ok,0,https://www.ebay.com/itm/PSA-10-GEM-MINT-2022-Pokemon-Magmar-Reverse-Foil-Japanese-VSTAR-Universe-016-/266844577292
a43f4850-d8da-4e57-82df-fc33a67693f8,2023-11-30,45,eBay,BEST_OFFER,ok,0,https://www.ebay.com/itm/PSA-10-Magmar-Reverse-Foil-2022-pokemon-Japanese-016-VSTAR-Universe-Low-Pop-Nice-/185982918611
a43f4850-d8da-4e57-82df-fc33a67693f8,2023-08-27,14.49,eBay,AUCTION,ok,0,https://www.ebay.com/itm/PSA-10-Magmar-Reverse-Foil-2022-pokemon-Japanese-016-VSTAR-Universe-Low-Pop-Nice-/204435231633
a4cbbfe7-ec60-4458-b4a7-c3863f9dc8db,2026-09-09,50,PWCC Fixed Price,BEST_OFFER,ok,0,https://www.fanaticscollect.com/buy-now/9800d8b8-373d-4af4-8996-b80ce60f119a
a4cbbfe7-ec60-4458-b4a7-c3863f9dc8db,2026-09-07,60,eBay,BEST_OFFER,ok,0,https://www.ebay.com/itm/117300585621
a4cbbfe7-ec60-4458-b4a7-c3863f9dc8db,2026-09-02,41,eBay,AUCTION,ok,0,https://www.ebay.com/itm/377449178419
a4cbbfe7-ec60-4458-b4a7-c3863f9dc8db,2026-08-30,49.99,eBay,AUCTION,ok,0,https://www.ebay.com/itm/366624377277
a4cbbfe7-ec60-4458-b4a7-c3863f9dc8db,2026-08-23,35,eBay,BUY_IT_NOW,ok,0,https://www.ebay.com/itm/398301920601
a4cbbfe7-ec60-4458-b4a7-c3863f9dc8db,2026-08-20,65,eBay,BEST_OFFER,ok,0,https://www.ebay.com/itm/178384197699
a4cbbfe7-ec60-4458-b4a7-c3863f9dc8db,2026-08-05,51.38,eBay,BEST_OFFER,ok,0,https://www.ebay.com/itm/398241739492
a4cbbfe7-ec60-4458-b4a7-c3863f9dc8db,2026-07-26,36,eBay,AUCTION,ok,0,https://www.ebay.com/itm/158092628100
a4cbbfe7-ec60-4458-b4a7-c3863f9dc8db,2026-07-16,44.4,Alt,AUCTION,ok,0,https://alt.xyz/exchange/select-listing?ids=c2edbd30-cbd9-4cc0-8a80-70c3fc3a993b
a4cbbfe7-ec60-4458-b4a7-c3863f9dc8db,2026-07-16,44.4,Alt,AUCTION,ok,0,https://alt.xyz/exchange/select-listing?ids=6350dfd2-89be-4215-b373-fb92d55b3f9a
a491166b-89f3-4a06-abc5-020a720c5b9c,2024-01-21,25.02,eBay,AUCTION,ok,0,https://www.ebay.com/itm/PSA-10-LUNALA-REVERSE-FOIL-2021-POKEMON-25TH-ANNIVERSARY-COLLECTION-017-/186243337346
a491166b-89f3-4a06-abc5-020a720c5b9c,2023-09-24,12.5,eBay,AUCTION,ok,0,https://www.ebay.com/itm/Pokemon-2021-Lunala-017-Rev-Foil-CHINESE-25th-Anniversary-PSA-10-GEM-MT-26-/285481023219
a491166b-89f3-4a06-abc5-020a720c5b9c,2023-09-05,29.99,eBay,BEST_OFFER,ok,0,https://www.ebay.com/itm/Pokemon-2021-Lunala-017-Rev-Foil-CHINESE-25th-Anniversary-PSA-10-GEM-MT-/285438778855
a4d25849-3fb9-4754-bb81-6000af3c54c5,2023-09-13,7.5,eBay,AUCTION,ok,0,https://www.ebay.com/itm/2020-Pokemon-SWSH-Rebel-Clash-Metang-Reverse-Foil-117-185-PSA-10-GEM-MINT-/374922893615
a4726179-17af-410b-9ab2-99a28aa3d3ec,2026-06-15,520.56,eBay,BUY_IT_NOW,ok,0,https://www.ebay.com/itm/157986579855
a4726179-17af-410b-9ab2-99a28aa3d3ec,2025-11-07,349.99,eBay,AUCTION,ok,0,https://www.ebay.com/itm/306575459329
a4726179-17af-410b-9ab2-99a28aa3d3ec,2025-08-17,216,PWCC Weekly Auctions,AUCTION,ok,0,https://www.fanaticscollect.com/weekly/80f5c3c6-73f3-11f0-9a52-0a58a9feac02
a4726179-17af-410b-9ab2-99a28aa3d3ec,2025-02-16,609.49,eBay,AUCTION,ok,0,https://www.ebay.com/itm/POKEMON-PSA-10-SQUIRTLE-63-102-1st-FIRST-EDITION-SET-BASE-ITALIANO-POP-42-/116473329500
a4726179-17af-410b-9ab2-99a28aa3d3ec,2024-08-14,111.12,eBay,BEST_OFFER,ok,0,https://www.ebay.com/itm/PSA-10-2000-Pokemon-Game-Base-SQUIRTLE-63-1st-Edition-Italian-LOW-POP-/286003069129
a4726179-17af-410b-9ab2-99a28aa3d3ec,2024-05-13,200,eBay,BEST_OFFER,ok,0,https://www.ebay.com/itm/Pokemon-PSA-10-GEM-MINT-ITALIAN-Squirtle-63-102-1st-Edition-Base-Set-2000-S-3522-/266313599094
a4726179-17af-410b-9ab2-99a28aa3d3ec,2023-09-19,213.51,eBay,BEST_OFFER,ok,0,https://www.ebay.com/itm/Pokemon-Card-Squirtle-Italian-Base-Set-1st-Edition-PSA-10-GEM-MINT-/166236610601
a401af51-c35f-4171-bdaf-65c77a508494,2026-05-15,99,eBay,BUY_IT_NOW,ok,0,https://www.ebay.com/itm/316945715774
a401af51-c35f-4171-bdaf-65c77a508494,2025-07-06,33,eBay,BEST_OFFER,ok,0,https://www.ebay.com/itm/306344297826
a401af51-c35f-4171-bdaf-65c77a508494,2025-05-29,18.5,eBay,AUCTION,ok,0,https://www.ebay.com/itm/116612552357
a401af51-c35f-4171-bdaf-65c77a508494,2025-04-15,32,eBay,AUCTION,ok,0,https://www.ebay.com/itm/236043049310
a401af51-c35f-4171-bdaf-65c77a508494,2025-04-15,31,eBay,AUCTION,ok,0,https://www.ebay.com/itm/127045420456
a401af51-c35f-4171-bdaf-65c77a508494,2025-04-15,16.83,eBay,AUCTION,ok,0,https://www.ebay.com/itm/127045420414
a401af51-c35f-4171-bdaf-65c77a508494,2025-04-09,32,eBay,BEST_OFFER,ok,0,https://www.ebay.com/itm/405686192628
a401af51-c35f-4171-bdaf-65c77a508494,2024-10-08,30,eBay,AUCTION,ok,0,https://www.ebay.com/itm/RAICHU-PSA-10-2023-POKEMON-MEW-064-REVERSE-HOLO-GEM-3355-/176604175422
a401af51-c35f-4171-bdaf-65c77a508494,2024-08-25,9.99,eBay,AUCTION,ok,0,https://www.ebay.com/itm/2023-Pokemon-Paldea-Evolved-064-Raichu-Reverse-Holo-PSA-10-/365068226481
a401af51-c35f-4171-bdaf-65c77a508494,2023-09-20,79.99,eBay,AUCTION,ok,0,https://www.ebay.com/itm/PSA-10-Reverse-Holo-Raichu-064-193-Uncommon-Paldea-Evolved-Pokemon-TCG-Graded-/126092732687
a4749a91-fc7c-45d6-9be7-f62e4704f094,2026-08-20,55.2,Alt,AUCTION,ok,0,https://alt.xyz/exchange/select-listing?ids=24ed8b7e-b318-4b2e-8ddd-06c8f5aaada1
a4749a91-fc7c-45d6-9be7-f62e4704f094,2025-07-08,80,eBay,BUY_IT_NOW,ok,0,https://www.ebay.com/itm/136127318992
a4749a91-fc7c-45d6-9be7-f62e4704f094,2025-01-29,35,eBay,BEST_OFFER,ok,0,https://www.ebay.com/itm/2000-Pokemon-Rocket-Dark-Primeape-PSA-10-/286270803438
a4749a91-fc7c-45d6-9be7-f62e4704f094,2024-11-09,27,eBay,BEST_OFFER,ok,0,https://www.ebay.com/itm/Pokemon-Dark-Primeape-Team-Rocket-Psa-10-/186768638862
a4749a91-fc7c-45d6-9be7-f62e4704f094,2024-01-19,31.68,eBay,AUCTION,ok,0,https://www.ebay.com/itm/Pokemon-2000-Dark-Primeape-PSA-10-Low-population-/355378407976
a4749a91-fc7c-45d6-9be7-f62e4704f094,2023-12-17,24.5,eBay,AUCTION,ok,0,https://www.ebay.com/itm/Pokemon-Dark-Primeape-Team-Rocket-Unlimited-43-PSA-10-Gem-Mint-/285598247105
a4749a91-fc7c-45d6-9be7-f62e4704f094,2023-09-21,29.98,eBay,BUY_IT_NOW,ok,0,https://www.ebay.com/itm/2000-Pokemon-Team-Rocket-Dark-Primeape-43-PSA-10-GEM-MT-0s61-/335022057501
a4e5f24c-5e44-4b74-aa8c-54e6916d5541,2026-09-16,383,eBay,AUCTION,ok,0,https://www.ebay.com/itm/117402713213
a4e5f24c-5e44-4b74-aa8c-54e6916d5541,2026-09-16,339.65,eBay,BEST_OFFER,ok,0,https://www.ebay.com/itm/377469025719
a4e5f24c-5e44-4b74-aa8c-54e6916d5541,2026-09-16,270.52,eBay,AUCTION,ok,0,https://www.ebay.com/itm/800633612839
a4e5f24c-5e44-4b74-aa8c-54e6916d5541,2026-09-08,500,eBay,BEST_OFFER,ok,0,https://www.ebay.com/itm/117402536031
a4e5f24c-5e44-4b74-aa8c-54e6916d5541,2026-09-08,428,eBay,BEST_OFFER,ok,0,https://www.ebay.com/itm/336768737581
a4e5f24c-5e44-4b74-aa8c-54e6916d5541,2026-09-06,336.46,eBay,AUCTION,ok,0,https://www.ebay.com/itm/128055720247
a4e5f24c-5e44-4b74-aa8c-54e6916d5541,2026-08-31,499.99,eBay,BEST_OFFER,ok,0,https://www.ebay.com/itm/188208990404
a4e5f24c-5e44-4b74-aa8c-54e6916d5541,2026-08-31,498,eBay,BEST_OFFER,ok,0,https://www.ebay.com/itm/306992619041
a4e5f24c-5e44-4b74-aa8c-54e6916d5541,2026-08-30,246.43,eBay,AUCTION,ok,0,https://www.ebay.com/itm/128044231880
a4e5f24c-5e44-4b74-aa8c-54e6916d5541,2026-08-26,435,eBay,BEST_OFFER,ok,0,https://www.ebay.com/itm/188556323375
a4bd18df-bcc5-4cba-895e-d253b1ac1ff3,2026-07-24,45,eBay,AUCTION,ok,0,https://www.ebay.com/itm/398186511153
a4bd18df-bcc5-4cba-895e-d253b1ac1ff3,2026-05-06,80,eBay,BEST_OFFER,ok,0,https://www.ebay.com/itm/117166820371
a4bd18df-bcc5-4cba-895e-d253b1ac1ff3,2026-05-03,47,eBay,AUCTION,ok,0,https://www.ebay.com/itm/206235129704
a4bd18df-bcc5-4cba-895e-d253b1ac1ff3,2026-01-25,83.83,eBay,AUCTION,ok,0,https://www.ebay.com/itm/406602896635
a4bd18df-bcc5-4cba-895e-d253b1ac1ff3,2026-01-04,38,eBay,AUCTION,ok,0,https://www.ebay.com/itm/287029958491
a4bd18df-bcc5-4cba-895e-d253b1ac1ff3,2025-10-20,75,eBay,BEST_OFFER,ok,0,https://www.ebay.com/itm/277454318621
a4bd18df-bcc5-4cba-895e-d253b1ac1ff3,2025-07-05,54.6,eBay,AUCTION,ok,0,https://www.ebay.com/itm/187371737598
a4bd18df-bcc5-4cba-895e-d253b1ac1ff3,2025-03-23,40,eBay,BEST_OFFER,ok,0,https://www.ebay.com/itm/356613602447
a4bd18df-bcc5-4cba-895e-d253b1ac1ff3,2024-10-30,45,eBay,BUY_IT_NOW,ok,0,https://www.ebay.com/itm/Pokemon-Steelix-6-Spades-Gold-Ho-oh-Back-Poker-Deck-208A-PSA-10-/186727430934
a4bd18df-bcc5-4cba-895e-d253b1ac1ff3,2024-09-14,47.49,eBay,BUY_IT_NOW,ok,0,https://www.ebay.com/itm/Pokemon-Gold-Poker-Playing-Card-Steelix-6-Spades-208-PSA-10-Gem-Mint-/355978091918
a41a7bf1-b66a-4d22-8014-35b150db3087,2023-11-19,8.52,eBay,AUCTION,ok,0,https://www.ebay.com/itm/Pokemon-TCG-Magmortar-Unified-Minds-22-236-Reverse-Holo-Rare-PSA-10-Gem-Mint-/166432334010
a4fefd8f-232e-4dc9-b1ec-36c94fc781b1,2025-10-04,80.88,eBay,BUY_IT_NOW,ok,0,https://www.ebay.com/itm/365901502623
a4fefd8f-232e-4dc9-b1ec-36c94fc781b1,2024-09-23,69,eBay,BUY_IT_NOW,ok,0,https://www.ebay.com/itm/Pokemon-VS-1st-Edition-Japanese-Janines-TM-02-120-141-PSA-10-GEM-MINT-/395651686629
a4fefd8f-232e-4dc9-b1ec-36c94fc781b1,2024-05-26,61,eBay,AUCTION,ok,0,https://www.ebay.com/itm/Pokemon-PSA-10-Gem-Mint-Japanese-VS-Janines-TM-02-1st-Edition-120-/326132320141
a4fefd8f-232e-4dc9-b1ec-36c94fc781b1,2024-03-24,288,PWCC Weekly Auctions,AUCTION,ok,0,https://www.fanaticscollect.com/weekly/692e2ec4-e194-11ee-86ea-06ce5fe21f1d
a4fefd8f-232e-4dc9-b1ec-36c94fc781b1,2023-12-24,34.99,eBay,AUCTION,ok,0,https://www.ebay.com/itm/Pokemon-Janines-TM-02-VS-1st-Edition-Japanese-120-PSA-10-Gem-Mint-/285609356853
a4586ac8-8d4f-4083-a549-83a01e2573b6,2024-03-27,15,eBay,BUY_IT_NOW,ok,0,https://www.ebay.com/itm/Mew-ex-151-165-RR-Pokemon-Chinese-151-Double-Rare-PSA-10-/285773975426
a4586ac8-8d4f-4083-a549-83a01e2573b6,2024-03-09,20,eBay,AUCTION,ok,0,https://www.ebay.com/itm/Mew-ex-151-165-SAR-sv2a-Rare-Pokemon-Card-Japanese-151-Card-PSA-10-Gem-Mint-/285744117123
a4586ac8-8d4f-4083-a549-83a01e2573b6,2024-02-04,11.39,eBay,AUCTION,ok,0,https://www.ebay.com/itm/POP-5-PSA-10-Mew-EX-SV2a-Pokemon-151-Traditional-Chinese-2023-/266639802927
a468184c-e46b-4372-a5fe-4bf58f689f47,2026-08-18,23.32,eBay,AUCTION,ok,0,https://www.ebay.com/itm/366599643487
a468184c-e46b-4372-a5fe-4bf58f689f47,2026-04-24,24.95,eBay,BEST_OFFER,ok,0,https://www.ebay.com/itm/318187030009
a468184c-e46b-4372-a5fe-4bf58f689f47,2026-04-22,32.9,eBay,BUY_IT_NOW,RELISTED,0,https://www.ebay.com/itm/315785321496
a468184c-e46b-4372-a5fe-4bf58f689f47,2026-04-15,40.99,eBay,BUY_IT_NOW,ok,0,https://www.ebay.com/itm/388454516912
a468184c-e46b-4372-a5fe-4bf58f689f47,2025-09-28,18,PWCC Weekly Auctions,AUCTION,ok,0,https://www.fanaticscollect.com/weekly/8acbed6e-93ea-11f0-929c-0a2d0d2c4357
a468184c-e46b-4372-a5fe-4bf58f689f47,2025-08-17,12.15,eBay,AUCTION,RELISTED,0,https://www.ebay.com/itm/306436603338
a468184c-e46b-4372-a5fe-4bf58f689f47,2025-04-06,13.2,PWCC Weekly Auctions,AUCTION,ok,0,https://www.fanaticscollect.com/weekly/f1af20dc-09d4-11f0-9d26-0a58a9feac02
a468184c-e46b-4372-a5fe-4bf58f689f47,2025-01-24,11.5,eBay,AUCTION,ok,0,https://www.ebay.com/itm/2023-POKEMON-JAPANESE-SV2A-POKEMON-151-085-DODRIO-PSA-10-/306045381993
a468184c-e46b-4372-a5fe-4bf58f689f47,2025-01-11,10.5,eBay,AUCTION,ok,0,https://www.ebay.com/itm/PSA-10-Dodrio-085-165-Sv2a-Pokemon-Card-151-Holo-Japanese-/335757724535
a468184c-e46b-4372-a5fe-4bf58f689f47,2024-08-29,4.25,eBay,AUCTION,ok,0,https://www.ebay.com/itm/2023-POKEMON-JPN-SV2A-POKEMON-151-085-DODRIO-PSA-10-/305741752616
a4a8f7c7-4745-4bed-89c7-513c8f2dc96e,2026-06-09,59.99,eBay,BEST_OFFER,ok,0,https://www.ebay.com/itm/188422996446
a4a8f7c7-4745-4bed-89c7-513c8f2dc96e,2026-05-22,55.99,eBay,BUY_IT_NOW,ok,0,https://www.ebay.com/itm/317248615772
a4a8f7c7-4745-4bed-89c7-513c8f2dc96e,2025-10-24,12.5,eBay,AUCTION,ok,0,https://www.ebay.com/itm/317429950131
a4a8f7c7-4745-4bed-89c7-513c8f2dc96e,2024-04-25,30,eBay,AUCTION,ok,0,https://www.ebay.com/itm/PSA-10-Mankey-Shiny-Treasure-ex-Japanese-276-Star-Foil-Sv4a-Pokemon-TCG-/235527713578
a4a8f7c7-4745-4bed-89c7-513c8f2dc96e,2024-04-21,19.5,eBay,AUCTION,ok,0,https://www.ebay.com/itm/Pokemon-Mankey-Shiny-Treasure-ex-sv4a-Japanese-Shiny-Rare-276-PSA-10-Gem-Mint-/285811061654
a4a8f7c7-4745-4bed-89c7-513c8f2dc96e,2024-02-24,12.5,eBay,AUCTION,ok,0,https://www.ebay.com/itm/Pokemon-Mankey-276-190-Shiny-Treasure-EX-SV4a-2023-Japanese-PSA-10-/204659197175
a4904bbf-fc21-4273-bad7-95979bb4a261,2026-02-10,16.5,eBay,AUCTION,ok,0,https://www.ebay.com/itm/306746350648
a4904bbf-fc21-4273-bad7-95979bb4a261,2025-01-24,7.51,eBay,AUCTION,ok,0,https://www.ebay.com/itm/2023-POKEMON-JAPANESE-SV2A-POKEMON-151-070-WEEPINBELL-PSA-10-/306045382215
a4904bbf-fc21-4273-bad7-95979bb4a261,2024-03-22,27,eBay,BUY_IT_NOW,ok,0,https://www.ebay.com/itm/PSA-10-Weepingbell-070-165-Non-Holo-Pokemon-Card-151-Japanese-sv2a-/355133158892
a49f1584-c613-415a-82f7-1dc8536a4b83,2026-03-28,731.1,eBay,BEST_OFFER,ok,0,https://www.ebay.com/itm/406792719768
a49f1584-c613-415a-82f7-1dc8536a4b83,2025-06-18,400,eBay,BEST_OFFER,ok,0,https://www.ebay.com/itm/196616274049
a49f1584-c613-415a-82f7-1dc8536a4b83,2024-05-05,120.5,eBay,AUCTION,ok,0,https://www.ebay.com/itm/2003-Pokemon-Aquapolis-Seadra-Reverse-Holo-Psa-10-58-/166737042725
a49f1584-c613-415a-82f7-1dc8536a4b83,2024-03-24,102.5,eBay,AUCTION,RELISTED,0,https://www.ebay.com/itm/PSA-10-GEM-MINT-Seadra-58-147-REVERSE-HOLO-Aquapolis-Pokemon-Card-200-/166654312194
a414c154-3132-44b4-8ddb-94bceb812ff0,2026-07-20,85,eBay,BEST_OFFER,ok,0,https://www.ebay.com/itm/298518063656
a414c154-3132-44b4-8ddb-94bceb812ff0,2025-12-24,55,PWCC Fixed Price,BEST_OFFER,ok,0,https://www.fanaticscollect.com/buy-now/6990ebd6-6c77-4650-8310-a70e3d764844
a414c154-3132-44b4-8ddb-94bceb812ff0,2025-10-08,50,eBay,BUY_IT_NOW,ok,0,https://www.ebay.com/itm/186767247907
a414c154-3132-44b4-8ddb-94bceb812ff0,2024-11-28,40.95,eBay,BEST_OFFER,ok,0,https://www.ebay.com/itm/PSA-10-GEM-MINT-Mabosstiff-188-091-Shiny-Rare-Paldean-Fates-PAF-2024-Pokemon-/405123080438
a414c154-3132-44b4-8ddb-94bceb812ff0,2024-10-08,19.5,eBay,AUCTION,ok,0,https://www.ebay.com/itm/MABOSSTIFF-PSA-10-2024-POKEMON-PAF-188-SHINY-RARE-GEM-1604-/186709653658
a414c154-3132-44b4-8ddb-94bceb812ff0,2024-08-09,24.25,eBay,BUY_IT_NOW,ok,0,https://www.ebay.com/itm/Mabosstiff-Baby-Shiny-Rare-2024-Pokemon-Paldean-Fates-PAF-English-188-PSA-10-/145704036510
a414c154-3132-44b4-8ddb-94bceb812ff0,2024-07-28,28.95,eBay,BUY_IT_NOW,ok,0,https://www.ebay.com/itm/Mabosstiff-Baby-Shiny-Rare-2024-Pokemon-Paldean-Fates-PAF-English-188-PSA-10-/145706106667
a414c154-3132-44b4-8ddb-94bceb812ff0,2024-05-06,34.99,eBay,BEST_OFFER,ok,0,https://www.ebay.com/itm/2024-Pokemon-Mabosstiff-Paldean-Fates-188-091-English-Shiny-Rare-PSA-10-/126363636422
a4b316e6-9542-40e8-91d5-b9897c12f384,2026-07-12,86,eBay,AUCTION,ok,0,https://www.ebay.com/itm/800295764288
a4b316e6-9542-40e8-91d5-b9897c12f384,2025-09-07,51.05,eBay,AUCTION,ok,0,https://www.ebay.com/itm/116757566354
a4b316e6-9542-40e8-91d5-b9897c12f384,2025-02-09,149.94,eBay,BUY_IT_NOW,ok,0,https://www.ebay.com/itm/266959461592
a4b316e6-9542-40e8-91d5-b9897c12f384,2024-09-02,59.97,eBay,BUY_IT_NOW,ok,0,https://www.ebay.com/itm/2019-Pokemon-Japanese-Sun-Moon-Remix-Bout-67-Charizard-Braixen-GX-FA-PSA-10-/266971302454
a4b316e6-9542-40e8-91d5-b9897c12f384,2024-05-12,27.5,eBay,AUCTION,ok,0,https://www.ebay.com/itm/Pokemon-Charizard-Braixen-GX-csm2-5C-Chinese-Super-Rare-064-PSA-10-Gem-Mint-/285842985581
a42da149-9686-4b13-b434-ad7bb1444716,2026-08-12,1440.78,eBay,AUCTION,ok,0,https://www.ebay.com/itm/800468524658
a42da149-9686-4b13-b434-ad7bb1444716,2026-04-17,1800,eBay,BUY_IT_NOW,ok,1,https://www.ebay.com/itm/377121195297
a42da149-9686-4b13-b434-ad7bb1444716,2026-02-25,374,eBay,AUCTION,ok,0,https://www.ebay.com/itm/389641439361
a42da149-9686-4b13-b434-ad7bb1444716,2025-10-14,210,eBay,BEST_OFFER,ok,0,https://www.ebay.com/itm/315225233222
a42da149-9686-4b13-b434-ad7bb1444716,2025-08-10,174,PWCC Weekly Auctions,AUCTION,ok,0,https://www.fanaticscollect.com/weekly/b771f41e-69a9-11f0-aff1-0ac1d25526f1
a42da149-9686-4b13-b434-ad7bb1444716,2025-06-15,339.26,eBay,BUY_IT_NOW,ok,0,https://www.ebay.com/itm/226340865922
a42da149-9686-4b13-b434-ad7bb1444716,2024-05-23,44.54,eBay,AUCTION,ok,0,https://www.ebay.com/itm/Pokemon-Kirlia-Reverse-Holo-EX-Ruby-Sapphire-35-109-PSA-10-GEM-MINT-POP-5-/387011292577
a45de81c-b95e-49db-8956-82a2495bde87,2026-09-18,150.5,eBay,AUCTION,ok,0,https://www.ebay.com/itm/188920238230
a45de81c-b95e-49db-8956-82a2495bde87,2026-09-09,144.5,eBay,AUCTION,ok,0,https://www.ebay.com/itm/800614445218
a45de81c-b95e-49db-8956-82a2495bde87,2026-09-04,177.5,eBay,AUCTION,ok,0,https://www.ebay.com/itm/398334404667
a45de81c-b95e-49db-8956-82a2495bde87,2026-08-24,177.5,eBay,AUCTION,ok,0,https://www.ebay.com/itm/377426587795
a45de81c-b95e-49db-8956-82a2495bde87,2026-08-24,154.6,CardHobby,AUCTION,ok,0,https://www.cardhobby.com/#/carddetails/130874155
a45de81c-b95e-49db-8956-82a2495bde87,2026-08-20,187.5,eBay,AUCTION,ok,0,https://www.ebay.com/itm/188787758836
a45de81c-b95e-49db-8956-82a2495bde87,2026-08-19,182.5,eBay,AUCTION,ok,0,https://www.ebay.com/itm/188782276285
a45de81c-b95e-49db-8956-82a2495bde87,2026-08-18,256.99,eBay,AUCTION,ok,0,https://www.ebay.com/itm/298591143093
a45de81c-b95e-49db-8956-82a2495bde87,2026-08-17,182.5,eBay,AUCTION,ok,0,https://www.ebay.com/itm/188772808686
a45de81c-b95e-49db-8956-82a2495bde87,2026-08-16,193.06,eBay,AUCTION,ok,0,https://www.ebay.com/itm/398266842133
a4e68663-86df-4f87-989e-e561e54f992e,2026-05-26,45,eBay,BEST_OFFER,ok,0,https://www.ebay.com/itm/297608886693
a4e68663-86df-4f87-989e-e561e54f992e,2026-02-18,45,eBay,AUCTION,ok,0,https://www.ebay.com/itm/298022808210
a4e68663-86df-4f87-989e-e561e54f992e,2025-04-30,40,eBay,BUY_IT_NOW,ok,0,https://www.ebay.com/itm/365570992703
a4e68663-86df-4f87-989e-e561e54f992e,2025-04-24,34.99,eBay,AUCTION,ok,0,https://www.ebay.com/itm/267223129392
a4e68663-86df-4f87-989e-e561e54f992e,2025-04-02,30,eBay,BEST_OFFER,ok,0,https://www.ebay.com/itm/226672208774
a4e68663-86df-4f87-989e-e561e54f992e,2025-03-22,23.5,eBay,AUCTION,ok,0,https://www.ebay.com/itm/396323226901
a4e68663-86df-4f87-989e-e561e54f992e,2025-03-04,30,eBay,BEST_OFFER,ok,0,https://www.ebay.com/itm/226566764966
a4e68663-86df-4f87-989e-e561e54f992e,2024-09-06,24.99,eBay,AUCTION,ok,0,https://www.ebay.com/itm/Pokemon-Trick-Trade-2023-Lampent-PSA-10-/266971820558
a4e68663-86df-4f87-989e-e561e54f992e,2024-07-14,19.99,eBay,AUCTION,ok,0,https://www.ebay.com/itm/Pokemon-Trick-Trade-2023-Lampent-PSA-10-/266897467877
a48ee528-d45e-4900-bf15-c4505b5e329d,2024-08-07,45,eBay,BEST_OFFER,ok,0,https://www.ebay.com/itm/POP-1-PSA-10-Pokemon-Plasma-Storm-CUBCHOO-40-135-Reverse-Holo-/355658989096
a491cc15-e24f-451e-8bee-528526128e1c,2025-12-18,40,eBay,BEST_OFFER,ok,0,https://www.ebay.com/itm/267481575588
a491cc15-e24f-451e-8bee-528526128e1c,2025-04-17,12.5,eBay,AUCTION,ok,0,https://www.ebay.com/itm/356759849017
a491cc15-e24f-451e-8bee-528526128e1c,2024-10-31,94.99,eBay,BUY_IT_NOW,ok,0,https://www.ebay.com/itm/Bea-123-159-Reverse-Holo-Rare-Crown-Zenith-PSA-10-POP-1-Pokemon-TCG-/176657113017
a4c1ed77-4950-43ad-8650-bd177afab78f,2024-11-10,48.91,eBay,AUCTION,ok,0,https://www.ebay.com/itm/2010-POKEMON-HEARTGOLD-SOULSILVER-UNDAUNTED-61-PIKACHU-UNDAUNTED-GERMAN-PSA-10-/135333505603
a42c1828-d403-4d4b-ba3e-1fb6664de19a,2026-08-25,106.99,eBay,BUY_IT_NOW,ok,0,https://www.ebay.com/itm/405432108044
a42c1828-d403-4d4b-ba3e-1fb6664de19a,2026-08-24,230,eBay,AUCTION,ok,0,https://www.ebay.com/itm/298592043373
a42c1828-d403-4d4b-ba3e-1fb6664de19a,2026-05-19,85.99,eBay,BUY_IT_NOW,ok,0,https://www.ebay.com/itm/405421871664
a42c1828-d403-4d4b-ba3e-1fb6664de19a,2026-05-03,33,eBay,AUCTION,ok,0,https://www.ebay.com/itm/267651699355
a42c1828-d403-4d4b-ba3e-1fb6664de19a,2024-12-22,30,eBay,AUCTION,ok,0,https://www.ebay.com/itm/PSA-10-Pidgeotto-Japanese-Carddass-Zukan-No-134-Pokemon-POP-3-/267098354686
a42c1828-d403-4d4b-ba3e-1fb6664de19a,2024-12-01,40,eBay,AUCTION,ok,0,https://www.ebay.com/itm/PSA-10-Pidgeotto-Japanese-Carddass-Zukan-No-134-Pokemon-POP-2-/267078093833
a42c1828-d403-4d4b-ba3e-1fb6664de19a,2024-11-17,51,eBay,AUCTION,ok,0,https://www.ebay.com/itm/PSA-10-Pidgeotto-Japanese-Carddass-Zukan-No-134-Pokemon-POP-2-/267059693965
a492d189-1382-4d05-adcc-a259daa89e14,2025-05-10,57.39,eBay,BEST_OFFER,ok,0,https://www.ebay.com/itm/316608432986
a492d189-1382-4d05-adcc-a259daa89e14,2024-11-17,25,eBay,BUY_IT_NOW,ok,0,https://www.ebay.com/itm/Pokemon-Hitmonchan-Evolving-Skies-081-81-Graded-Card-Pop-2-PSA-10-/156522773323
a4d56009-0f36-46bd-845c-af9f0e08ad83,2026-01-15,45.15,eBay,AUCTION,ok,0,https://www.ebay.com/itm/116971357325
a4d56009-0f36-46bd-845c-af9f0e08ad83,2025-08-12,19.99,eBay,BUY_IT_NOW,ok,0,https://www.ebay.com/itm/176790958737
a4d56009-0f36-46bd-845c-af9f0e08ad83,2025-06-18,29.99,eBay,BUY_IT_NOW,ok,0,https://www.ebay.com/itm/176790958737
a4d56009-0f36-46bd-845c-af9f0e08ad83,2025-04-01,44.09,eBay,BEST_OFFER,ok,0,https://www.ebay.com/itm/135579618116
a4d56009-0f36-46bd-845c-af9f0e08ad83,2025-02-12,27.95,eBay,AUCTION,ok,0,https://www.ebay.com/itm/2024-TRICK-TRADE-STAMPED-TEAL-MASK-OGERPON-PSA-10-EXTREMELY-LOW-POP-/226583407034
a4d56009-0f36-46bd-845c-af9f0e08ad83,2025-01-29,29.95,eBay,AUCTION,ok,0,https://www.ebay.com/itm/2024-TRICK-TRADE-STAMPED-TEAL-MASK-OGERPON-PSA-10-EXTREMELY-LOW-POP-/226559629119
a4d56009-0f36-46bd-845c-af9f0e08ad83,2025-01-03,40,eBay,BEST_OFFER,ok,0,https://www.ebay.com/itm/PSA-10-Teal-Mask-Ogerpon-2024-Trick-Trade-24-167-Cosmo-Foil-GEM-MINT-LOW-POP-/256674443731
a4d56009-0f36-46bd-845c-af9f0e08ad83,2024-11-18,49.99,eBay,BUY_IT_NOW,ok,0,https://www.ebay.com/itm/Teal-Mask-Ogerpon-PSA-10-Trick-Trade-Twilight-Masquerade-Cosmos-Pokemon-Card-/135334146264
a409ac91-62db-439a-ac71-8ad7323490cf,2024-12-01,52.8,PWCC Weekly Auctions,AUCTION,ok,0,https://www.fanaticscollect.com/weekly/cc4ab108-a6e7-11ef-92e6-06498b2d4c61
a4e54fc4-f436-4517-a950-028b945c3636,2026-08-05,120,eBay,BUY_IT_NOW,ok,0,https://www.ebay.com/itm/116860090720
a4e54fc4-f436-4517-a950-028b945c3636,2026-07-21,87.3,eBay,BEST_OFFER,ok,0,https://www.ebay.com/itm/226157962474
a4e54fc4-f436-4517-a950-028b945c3636,2024-12-15,61.59,eBay,BEST_OFFER,ok,0,https://www.ebay.com/itm/PSA-10-2003-Pokemon-EX-Dragon-51-97-Barboach-Pop-10-/205041318952
a4058ce3-5f66-4552-8b91-5d329869275e,2026-09-02,255,eBay,BEST_OFFER,ok,0,https://www.ebay.com/itm/307158856047
a4058ce3-5f66-4552-8b91-5d329869275e,2026-06-14,299,eBay,AUCTION,ok,0,https://www.ebay.com/itm/298387998701
a4058ce3-5f66-4552-8b91-5d329869275e,2026-06-14,202.5,eBay,AUCTION,ok,0,https://www.ebay.com/itm/117233325965
a4058ce3-5f66-4552-8b91-5d329869275e,2026-04-26,185.5,eBay,AUCTION,ok,0,https://www.ebay.com/itm/287278126956
a4058ce3-5f66-4552-8b91-5d329869275e,2026-01-04,122.5,eBay,AUCTION,ok,0,https://www.ebay.com/itm/376804838553
a4058ce3-5f66-4552-8b91-5d329869275e,2024-12-17,35,eBay,AUCTION,ok,0,https://www.ebay.com/itm/2022-POKEMON-SWORD-SHIELD-ASTRAL-RADIANCE-028-PSYDUCK-PSA-10-/305963946224
a477be69-f742-4e97-b24e-d027c1062497,2026-08-05,60,eBay,BUY_IT_NOW,ok,0,https://www.ebay.com/itm/307053327684
a477be69-f742-4e97-b24e-d027c1062497,2026-08-02,31.7,eBay,AUCTION,ok,0,https://www.ebay.com/itm/137543813595
a477be69-f742-4e97-b24e-d027c1062497,2026-07-22,59.99,eBay,BEST_OFFER,ok,0,https://www.ebay.com/itm/227390512556
a477be69-f742-4e97-b24e-d027c1062497,2026-07-11,43.2,CardHobby,AUCTION,ok,0,https://www.cardhobby.com/#/carddetails/121206013
a477be69-f742-4e97-b24e-d027c1062497,2026-06-26,40,eBay,BEST_OFFER,ok,0,https://www.ebay.com/itm/358647794316
a477be69-f742-4e97-b24e-d027c1062497,2026-06-03,59.99,eBay,BEST_OFFER,ok,0,https://www.ebay.com/itm/297089223250
a477be69-f742-4e97-b24e-d027c1062497,2026-06-03,31,eBay,AUCTION,ok,0,https://www.ebay.com/itm/298357473377
a477be69-f742-4e97-b24e-d027c1062497,2026-05-22,69.99,eBay,BEST_OFFER,ok,0,https://www.ebay.com/itm/335797830732
a477be69-f742-4e97-b24e-d027c1062497,2026-05-22,59.99,eBay,BEST_OFFER,ok,0,https://www.ebay.com/itm/306162131364
a477be69-f742-4e97-b24e-d027c1062497,2026-05-22,59.99,eBay,BEST_OFFER,ok,0,https://www.ebay.com/itm/306162121256
a415c7f6-9e90-4d65-a80d-a80f35ea51c4,2025-01-25,125,eBay,BEST_OFFER,ok,0,https://www.ebay.com/itm/2005-Pokemon-EX-Unseen-Forces-PSA-10-GEM-MINT-Energy-Root-83-115-REVERSE-HOLO-/316159870505
a4e68bb7-a596-4e11-b20a-d701d2e37b96,2025-08-03,100,eBay,BUY_IT_NOW,ok,0,https://www.ebay.com/itm/156882993885
a4e68bb7-a596-4e11-b20a-d701d2e37b96,2025-05-15,16.5,eBay,AUCTION,ok,0,https://www.ebay.com/itm/316763546235
a4e68bb7-a596-4e11-b20a-d701d2e37b96,2025-05-04,30,eBay,AUCTION,ok,0,https://www.ebay.com/itm/396541239298
a4e68bb7-a596-4e11-b20a-d701d2e37b96,2025-04-02,50,eBay,AUCTION,ok,0,https://www.ebay.com/itm/316554275095
a4e68bb7-a596-4e11-b20a-d701d2e37b96,2025-02-09,35,eBay,AUCTION,ok,0,https://www.ebay.com/itm/PSA-10-Rayquaza-Vmax-025-Sword-Shield-Chinese-CSF-CS-Alt-Art-Pokemon-TCG-/235941051022
a4f3405f-4d64-4ceb-a689-e06696e9ca64,2025-03-05,81,eBay,AUCTION,ok,0,https://www.ebay.com/itm/376026610158
a44a3bab-9ea6-43cf-a0b6-48ef3eab7a91,2025-10-24,81,eBay,AUCTION,ok,0,https://www.ebay.com/itm/376630171306
a44a3bab-9ea6-43cf-a0b6-48ef3eab7a91,2025-03-07,75,eBay,BEST_OFFER,ok,0,https://www.ebay.com/itm/356613602390
a4a01ac2-a75b-4976-8851-dd6946abbe5c,2026-08-19,39.99,eBay,BEST_OFFER,ok,0,https://www.ebay.com/itm/187025877871
a4a01ac2-a75b-4976-8851-dd6946abbe5c,2025-03-08,16.5,eBay,AUCTION,ok,0,https://www.ebay.com/itm/256844171188
a4b43d5d-df7c-4397-a61f-8277fbb0d9a1,2026-09-06,55,eBay,BEST_OFFER,ok,0,https://www.ebay.com/itm/307163458971
a4b43d5d-df7c-4397-a61f-8277fbb0d9a1,2026-09-03,48,eBay,AUCTION,ok,0,https://www.ebay.com/itm/366633397709
a4b43d5d-df7c-4397-a61f-8277fbb0d9a1,2026-09-01,44.16,eBay,AUCTION,ok,0,https://www.ebay.com/itm/128039096206
a4b43d5d-df7c-4397-a61f-8277fbb0d9a1,2026-08-31,45,eBay,BEST_OFFER,ok,0,https://www.ebay.com/itm/318783257201
a4b43d5d-df7c-4397-a61f-8277fbb0d9a1,2026-08-26,50.5,eBay,BEST_OFFER,ok,0,https://www.ebay.com/itm/178442005582
a4b43d5d-df7c-4397-a61f-8277fbb0d9a1,2026-08-21,38,eBay,BEST_OFFER,ok,0,https://www.ebay.com/itm/128033410262
a4b43d5d-df7c-4397-a61f-8277fbb0d9a1,2026-08-17,67.69,eBay,BEST_OFFER,ok,0,https://www.ebay.com/itm/407149182894
a4b43d5d-df7c-4397-a61f-8277fbb0d9a1,2026-08-07,47,eBay,AUCTION,ok,0,https://www.ebay.com/itm/298544855211
a4b43d5d-df7c-4397-a61f-8277fbb0d9a1,2026-08-02,55,eBay,BEST_OFFER,ok,0,https://www.ebay.com/itm/158103852803
a4b43d5d-df7c-4397-a61f-8277fbb0d9a1,2026-08-01,59.99,eBay,BEST_OFFER,ok,0,https://www.ebay.com/itm/236954116212
a43452a6-3599-4c66-832a-7f36b84d55a5,2026-07-01,40.5,eBay,BUY_IT_NOW,ok,0,https://www.ebay.com/itm/397802789531
a43452a6-3599-4c66-832a-7f36b84d55a5,2026-05-05,26,eBay,AUCTION,ok,0,https://www.ebay.com/itm/298267915163
a43452a6-3599-4c66-832a-7f36b84d55a5,2026-02-03,19.5,eBay,AUCTION,ok,0,https://www.ebay.com/itm/117002816124
a43452a6-3599-4c66-832a-7f36b84d55a5,2026-01-01,19.2,Alt,AUCTION,ok,0,https://alt.xyz/exchange/select-listing?ids=737844d8-1c73-40b4-9ac4-6e31d294fbaf
a43452a6-3599-4c66-832a-7f36b84d55a5,2025-10-16,44.9,eBay,BUY_IT_NOW,ok,0,https://www.ebay.com/itm/167486892939
a43452a6-3599-4c66-832a-7f36b84d55a5,2025-09-03,35,eBay,BEST_OFFER,ok,0,https://www.ebay.com/itm/388696373167
a43452a6-3599-4c66-832a-7f36b84d55a5,2025-03-17,26,eBay,AUCTION,ok,0,https://www.ebay.com/itm/187046874560
a414c420-9c6b-4628-88d9-eaaff09569af,2026-07-03,59.99,eBay,BUY_IT_NOW,ok,0,https://www.ebay.com/itm/227414960750
a414c420-9c6b-4628-88d9-eaaff09569af,2026-06-05,50,eBay,AUCTION,ok,0,https://www.ebay.com/itm/168419285984
a414c420-9c6b-4628-88d9-eaaff09569af,2026-04-17,60,eBay,AUCTION,ok,0,https://www.ebay.com/itm/306871466991
a414c420-9c6b-4628-88d9-eaaff09569af,2026-03-08,64.8,PWCC Weekly Auctions,AUCTION,ok,0,https://www.fanaticscollect.com/weekly/f63c3a78-125b-11f1-81ef-0a58a9feac02
a414c420-9c6b-4628-88d9-eaaff09569af,2026-01-16,65,eBay,BEST_OFFER,ok,0,https://www.ebay.com/itm/297696319347
a414c420-9c6b-4628-88d9-eaaff09569af,2025-11-01,39.99,eBay,AUCTION,ok,0,https://www.ebay.com/itm/116843406505
a414c420-9c6b-4628-88d9-eaaff09569af,2025-10-23,39.99,eBay,AUCTION,ok,0,https://www.ebay.com/itm/306551580181
a414c420-9c6b-4628-88d9-eaaff09569af,2025-09-30,29,eBay,AUCTION,ok,0,https://www.ebay.com/itm/306511499456
a414c420-9c6b-4628-88d9-eaaff09569af,2025-08-14,26,eBay,AUCTION,ok,0,https://www.ebay.com/itm/277301970884
a414c420-9c6b-4628-88d9-eaaff09569af,2025-08-01,40,eBay,BUY_IT_NOW,ok,0,https://www.ebay.com/itm/167669823806
a463438b-f309-440b-a32e-27c9a4fd4c7e,2026-01-15,160,eBay,BEST_OFFER,ok,0,https://www.ebay.com/itm/306712661726
a463438b-f309-440b-a32e-27c9a4fd4c7e,2025-09-15,51,eBay,AUCTION,ok,0,https://www.ebay.com/itm/388944144460
a463438b-f309-440b-a32e-27c9a4fd4c7e,2025-08-13,75,eBay,BEST_OFFER,ok,0,https://www.ebay.com/itm/236264774079
a463438b-f309-440b-a32e-27c9a4fd4c7e,2025-06-02,65,eBay,BEST_OFFER,ok,0,https://www.ebay.com/itm/405912768301
a463438b-f309-440b-a32e-27c9a4fd4c7e,2025-04-22,355,eBay,AUCTION,ok,0,https://www.ebay.com/itm/256894930072
a4cdc716-418f-4126-9045-682a446e3cb5,2026-09-10,63.95,eBay,BUY_IT_NOW,ok,0,https://www.ebay.com/itm/358804780273
a4cdc716-418f-4126-9045-682a446e3cb5,2026-09-06,13.5,eBay,AUCTION,ok,1,https://www.ebay.com/itm/147535450624
a4cdc716-418f-4126-9045-682a446e3cb5,2026-08-13,58.49,eBay,BEST_OFFER,ok,0,https://www.ebay.com/itm/318680009604
a4cdc716-418f-4126-9045-682a446e3cb5,2026-08-13,37.01,eBay,AUCTION,ok,0,https://www.ebay.com/itm/168594822288
a4cdc716-418f-4126-9045-682a446e3cb5,2026-08-04,48.5,eBay,AUCTION,ok,0,https://www.ebay.com/itm/800422870178
a4cdc716-418f-4126-9045-682a446e3cb5,2026-07-31,51,eBay,BEST_OFFER,ok,0,https://www.ebay.com/itm/800429559078
a4cdc716-418f-4126-9045-682a446e3cb5,2026-07-12,62.4,PWCC Weekly Auctions,AUCTION,ok,0,https://www.fanaticscollect.com/weekly/f3c05074-73a7-11f1-86fd-025c1079ae51
a4cdc716-418f-4126-9045-682a446e3cb5,2026-07-12,58,eBay,BUY_IT_NOW,ok,0,https://www.ebay.com/itm/188613813411
a4cdc716-418f-4126-9045-682a446e3cb5,2026-07-12,55,eBay,BEST_OFFER,ok,0,https://www.ebay.com/itm/398140847467
a4cdc716-418f-4126-9045-682a446e3cb5,2026-07-01,69.99,eBay,BUY_IT_NOW,ok,0,https://www.ebay.com/itm/358725249393
a4bc7f11-b3d4-4cf1-a531-a7097a9d8a52,2026-09-04,79.99,eBay,BEST_OFFER,ok,0,https://www.ebay.com/itm/117311700751
a4bc7f11-b3d4-4cf1-a531-a7097a9d8a52,2026-09-04,40.49,CardHobby,AUCTION,ok,0,https://www.cardhobby.com/#/carddetails/132283309
a4bc7f11-b3d4-4cf1-a531-a7097a9d8a52,2026-08-07,39.02,CardHobby,AUCTION,ok,0,https://www.cardhobby.com/#/carddetails/126723374
a4bc7f11-b3d4-4cf1-a531-a7097a9d8a52,2026-06-14,39.99,eBay,BUY_IT_NOW,ok,0,https://www.ebay.com/itm/198301419051
a4bc7f11-b3d4-4cf1-a531-a7097a9d8a52,2026-02-21,31,eBay,AUCTION,ok,0,https://www.ebay.com/itm/117035552062
a4bc7f11-b3d4-4cf1-a531-a7097a9d8a52,2026-02-20,33,eBay,AUCTION,ok,0,https://www.ebay.com/itm/298024637171
a4bc7f11-b3d4-4cf1-a531-a7097a9d8a52,2025-10-14,39.9,eBay,BUY_IT_NOW,ok,0,https://www.ebay.com/itm/197694706973
a4bc7f11-b3d4-4cf1-a531-a7097a9d8a52,2025-08-31,29.6,eBay,AUCTION,ok,0,https://www.ebay.com/itm/297559270692
a4bc7f11-b3d4-4cf1-a531-a7097a9d8a52,2025-08-21,34.1,eBay,AUCTION,ok,0,https://www.ebay.com/itm/306448590073
a4207458-0c7e-4125-a9f1-450d55013819,2025-09-08,27,eBay,BEST_OFFER,ok,0,https://www.ebay.com/itm/116756609692
a4207458-0c7e-4125-a9f1-450d55013819,2025-08-29,19.5,eBay,AUCTION,RELISTED,0,https://www.ebay.com/itm/297556307184
a4149035-2ee1-4968-9fa1-7c1a072d6751,2026-08-29,34.66,CardHobby,AUCTION,ok,0,https://www.cardhobby.com/#/carddetails/131335357
a4149035-2ee1-4968-9fa1-7c1a072d6751,2026-08-13,30,Alt,AUCTION,ok,0,https://alt.xyz/exchange/select-listing?ids=df54465a-80f3-42c3-bfeb-4de41f011a21
a4149035-2ee1-4968-9fa1-7c1a072d6751,2026-08-05,16.5,eBay,AUCTION,ok,0,https://www.ebay.com/itm/128000748006
a4149035-2ee1-4968-9fa1-7c1a072d6751,2026-06-20,23.01,eBay,AUCTION,ok,0,https://www.ebay.com/itm/137417050815
a4149035-2ee1-4968-9fa1-7c1a072d6751,2026-05-30,28.56,eBay,AUCTION,ok,0,https://www.ebay.com/itm/406947054272
a4149035-2ee1-4968-9fa1-7c1a072d6751,2026-03-03,33,eBay,AUCTION,ok,0,https://www.ebay.com/itm/117053885782
a4149035-2ee1-4968-9fa1-7c1a072d6751,2026-02-21,26.27,eBay,AUCTION,ok,0,https://www.ebay.com/itm/117035552144
a4149035-2ee1-4968-9fa1-7c1a072d6751,2026-02-20,36,eBay,AUCTION,ok,0,https://www.ebay.com/itm/298024637035
a4149035-2ee1-4968-9fa1-7c1a072d6751,2026-02-10,37.99,eBay,BUY_IT_NOW,ok,0,https://www.ebay.com/itm/236542588645
a4149035-2ee1-4968-9fa1-7c1a072d6751,2026-01-21,32,eBay,BEST_OFFER,ok,0,https://www.ebay.com/itm/116974842876
a453538f-f4cb-4c05-bc11-6c7bde1421af,2026-09-06,120,eBay,BEST_OFFER,ok,0,https://www.ebay.com/itm/800616954202
a453538f-f4cb-4c05-bc11-6c7bde1421af,2026-08-30,132.21,eBay,AUCTION,ok,0,https://www.ebay.com/itm/287541279220
a453538f-f4cb-4c05-bc11-6c7bde1421af,2026-08-30,110,eBay,BEST_OFFER,ok,0,https://www.ebay.com/itm/188831284170
a453538f-f4cb-4c05-bc11-6c7bde1421af,2026-08-27,134.5,eBay,AUCTION,ok,0,https://www.ebay.com/itm/128042900908
a453538f-f4cb-4c05-bc11-6c7bde1421af,2026-08-22,150.07,eBay,BUY_IT_NOW,ok,0,https://www.ebay.com/itm/267744497358
a453538f-f4cb-4c05-bc11-6c7bde1421af,2026-08-22,66.13,eBay,AUCTION,ok,0,https://www.ebay.com/itm/398313090278
a453538f-f4cb-4c05-bc11-6c7bde1421af,2026-08-20,129.99,eBay,BUY_IT_NOW,ok,0,https://www.ebay.com/itm/117359413914
a453538f-f4cb-4c05-bc11-6c7bde1421af,2026-08-19,110,eBay,BEST_OFFER,ok,0,https://www.ebay.com/itm/336744663538
a453538f-f4cb-4c05-bc11-6c7bde1421af,2026-08-17,124.99,eBay,BUY_IT_NOW,ok,0,https://www.ebay.com/itm/237012966919
a453538f-f4cb-4c05-bc11-6c7bde1421af,2026-08-09,102.5,eBay,AUCTION,ok,0,https://www.ebay.com/itm/128007861190
a44ee849-5e6f-4edd-9081-9e22be8bf597,2025-10-01,77.77,eBay,BUY_IT_NOW,ok,0,https://www.ebay.com/itm/156824699440
a4a689f0-1da1-4fc2-a0de-fc0e5aa59e6a,2025-10-28,179.99,eBay,BUY_IT_NOW,ok,0,https://www.ebay.com/itm/164690129545
a4046fa5-aaa7-4cda-a15e-a79d9c3abae4,2026-05-30,60,eBay,BEST_OFFER,ok,0,https://www.ebay.com/itm/298335962937
a4046fa5-aaa7-4cda-a15e-a79d9c3abae4,2026-05-24,55,eBay,BEST_OFFER,ok,0,https://www.ebay.com/itm/397973735627
a4046fa5-aaa7-4cda-a15e-a79d9c3abae4,2026-04-08,50,eBay,BUY_IT_NOW,ok,0,https://www.ebay.com/itm/376999815741
a4046fa5-aaa7-4cda-a15e-a79d9c3abae4,2026-02-15,36.99,eBay,BUY_IT_NOW,ok,0,https://www.ebay.com/itm/327002864237
a4046fa5-aaa7-4cda-a15e-a79d9c3abae4,2026-01-21,37,eBay,AUCTION,ok,0,https://www.ebay.com/itm/227174558076
a4046fa5-aaa7-4cda-a15e-a79d9c3abae4,2025-12-18,36,eBay,AUCTION,ok,0,https://www.ebay.com/itm/306651726696
a4046fa5-aaa7-4cda-a15e-a79d9c3abae4,2025-12-14,34,eBay,AUCTION,ok,0,https://www.ebay.com/itm/286990464567
a4046fa5-aaa7-4cda-a15e-a79d9c3abae4,2025-12-05,36,eBay,AUCTION,ok,0,https://www.ebay.com/itm/306618859013
a4046fa5-aaa7-4cda-a15e-a79d9c3abae4,2025-11-09,25,eBay,AUCTION,ok,0,https://www.ebay.com/itm/306579216477
a4c29e5e-d22f-40e7-9399-0300fd73dda0,2026-09-08,600,PWCC Fixed Price,BEST_OFFER,ok,0,https://www.fanaticscollect.com/buy-now/bc50c68a-55ff-4798-a367-c4f3ee925b3e
a4c29e5e-d22f-40e7-9399-0300fd73dda0,2026-01-14,530,eBay,AUCTION,ok,0,https://www.ebay.com/itm/116969270554
a4c29e5e-d22f-40e7-9399-0300fd73dda0,2025-12-03,583.54,eBay,BUY_IT_NOW,ok,0,https://www.ebay.com/itm/306593977958
a45d26b9-300e-4609-befa-3f28d5a3232b,2025-12-31,102,eBay,BEST_OFFER,ok,0,https://www.ebay.com/itm/177368236352
a46b800d-bd63-4b45-b3e2-e3377c04eb86,2026-04-10,451.54,eBay,BEST_OFFER,ok,0,https://www.ebay.com/itm/198232022474
a46b800d-bd63-4b45-b3e2-e3377c04eb86,2026-04-07,588.59,eBay,AUCTION,ok,0,https://www.ebay.com/itm/327073534247
a46b800d-bd63-4b45-b3e2-e3377c04eb86,2026-04-03,655.14,eBay,BEST_OFFER,RELISTED,0,https://www.ebay.com/itm/167964360132
a46b800d-bd63-4b45-b3e2-e3377c04eb86,2026-03-29,336,eBay,AUCTION,ok,0,https://www.ebay.com/itm/117098719316
a46b800d-bd63-4b45-b3e2-e3377c04eb86,2026-03-09,507.71,eBay,AUCTION,RELISTED,0,https://www.ebay.com/itm/327021183518
a46b800d-bd63-4b45-b3e2-e3377c04eb86,2026-01-21,558.11,eBay,AUCTION,RELISTED,0,https://www.ebay.com/itm/326951235259
a46b800d-bd63-4b45-b3e2-e3377c04eb86,2026-01-10,581.85,eBay,AUCTION,RELISTED,0,https://www.ebay.com/itm/326935892611
a46b800d-bd63-4b45-b3e2-e3377c04eb86,2026-01-03,534.39,eBay,AUCTION,ok,0,https://www.ebay.com/itm/317702800709
a4b7d506-3a9d-4980-acd8-ab0803021db9,2026-01-11,36,eBay,AUCTION,ok,0,https://www.ebay.com/itm/116963500669
a43345ce-c851-4b29-962b-582c8c147036,2026-09-04,49.95,eBay,AUCTION,ok,0,https://www.ebay.com/itm/128048997526
a43345ce-c851-4b29-962b-582c8c147036,2026-08-31,44.99,eBay,BUY_IT_NOW,ok,0,https://www.ebay.com/itm/237039411709
a43345ce-c851-4b29-962b-582c8c147036,2026-08-30,41,eBay,AUCTION,ok,0,https://www.ebay.com/itm/257698411331
a43345ce-c851-4b29-962b-582c8c147036,2026-08-29,45,eBay,BUY_IT_NOW,ok,0,https://www.ebay.com/itm/298613718331
a43345ce-c851-4b29-962b-582c8c147036,2026-08-28,41,eBay,AUCTION,ok,0,https://www.ebay.com/itm/407161142878
a43345ce-c851-4b29-962b-582c8c147036,2026-08-25,165,eBay,BUY_IT_NOW,ok,0,https://www.ebay.com/itm/377433953968
a43345ce-c851-4b29-962b-582c8c147036,2026-08-25,44,eBay,BEST_OFFER,ok,0,https://www.ebay.com/itm/318721053772
a43345ce-c851-4b29-962b-582c8c147036,2026-08-23,45,eBay,BEST_OFFER,ok,0,https://www.ebay.com/itm/128038761264
a43345ce-c851-4b29-962b-582c8c147036,2026-08-23,29.99,eBay,AUCTION,ok,0,https://www.ebay.com/itm/188812060736
a43345ce-c851-4b29-962b-582c8c147036,2026-08-16,39.99,eBay,AUCTION,ok,0,https://www.ebay.com/itm/358905782568
a48dbf49-0eb1-4ff4-bb5b-b930ea499d76,2026-05-30,30,eBay,BEST_OFFER,ok,0,https://www.ebay.com/itm/236673181269
a48dbf49-0eb1-4ff4-bb5b-b930ea499d76,2026-01-21,21.5,eBay,AUCTION,ok,0,https://www.ebay.com/itm/306709586186
a4b65346-8e53-4fbb-9b89-515631f567cf,2026-07-07,102.23,eBay,BEST_OFFER,ok,0,https://www.ebay.com/itm/227413361134
a4b65346-8e53-4fbb-9b89-515631f567cf,2026-07-02,92.93,eBay,BEST_OFFER,ok,0,https://www.ebay.com/itm/227402562288
a4b65346-8e53-4fbb-9b89-515631f567cf,2026-06-11,102.93,eBay,BEST_OFFER,NOT_PAID,0,https://www.ebay.com/itm/227372254755
a4b65346-8e53-4fbb-9b89-515631f567cf,2026-06-03,93.93,eBay,BEST_OFFER,ok,0,https://www.ebay.com/itm/227320606269
a4b65346-8e53-4fbb-9b89-515631f567cf,2026-01-31,88.96,eBay,BEST_OFFER,ok,0,https://www.ebay.com/itm/227052643224
a48e96fb-8514-406b-a3e9-6bed774050b8,2026-06-28,37.17,eBay,BUY_IT_NOW,ok,0,https://www.ebay.com/itm/389920584962
a48e96fb-8514-406b-a3e9-6bed774050b8,2026-05-31,57,eBay,AUCTION,ok,0,https://www.ebay.com/itm/306960084722
a48e96fb-8514-406b-a3e9-6bed774050b8,2026-02-08,40,eBay,BEST_OFFER,ok,0,https://www.ebay.com/itm/136955404865
a48cfe67-860f-4bfa-b459-43b279dafd24,2026-09-18,849.99,eBay,BUY_IT_NOW,ok,0,https://www.ebay.com/itm/307096448688
a48cfe67-860f-4bfa-b459-43b279dafd24,2026-09-18,710,eBay,AUCTION,ok,0,https://www.ebay.com/itm/278371140343
a48cfe67-860f-4bfa-b459-43b279dafd24,2026-09-17,985,eBay,BEST_OFFER,ok,0,https://www.ebay.com/itm/147557629757
a48cfe67-860f-4bfa-b459-43b279dafd24,2026-09-17,870,eBay,AUCTION,ok,0,https://www.ebay.com/itm/800643697224
a48cfe67-860f-4bfa-b459-43b279dafd24,2026-09-17,724.8,Alt,AUCTION,ok,0,https://alt.xyz/exchange/select-listing?ids=d6d6abbc-7f01-4fd0-a021-adef386f47aa
a48cfe67-860f-4bfa-b459-43b279dafd24,2026-09-16,840,PWCC Fixed Price,BEST_OFFER,ok,0,https://www.fanaticscollect.com/buy-now/8a131e77-a883-498f-9503-6e05f69bcac9
a48cfe67-860f-4bfa-b459-43b279dafd24,2026-09-16,839,eBay,BUY_IT_NOW,ok,0,https://www.ebay.com/itm/307179499629
a48cfe67-860f-4bfa-b459-43b279dafd24,2026-09-16,795,eBay,AUCTION,ok,0,https://www.ebay.com/itm/800631768377
a48cfe67-860f-4bfa-b459-43b279dafd24,2026-09-16,766,eBay,AUCTION,ok,0,https://www.ebay.com/itm/318846307599
a48cfe67-860f-4bfa-b459-43b279dafd24,2026-09-16,760,eBay,AUCTION,ok,0,https://www.ebay.com/itm/158276103926
a45d0604-6ff2-4f8e-90ae-d49e2ad002fe,2026-04-03,100,eBay,BEST_OFFER,ok,0,https://www.ebay.com/itm/117118632849
a4e18aa2-681a-44f0-8803-51d90ffb5ec7,2026-09-06,52.8,PWCC Weekly Auctions,AUCTION,ok,0,https://www.fanaticscollect.com/weekly/c1fbc796-8e9e-11f1-96d7-0a2225b56657
a4e18aa2-681a-44f0-8803-51d90ffb5ec7,2026-08-30,45.6,PWCC Weekly Auctions,AUCTION,ok,1,https://www.fanaticscollect.com/weekly/c1e5897c-8e9e-11f1-93c6-0a2225b56657
a4e18aa2-681a-44f0-8803-51d90ffb5ec7,2026-08-24,104.5,eBay,AUCTION,ok,0,https://www.ebay.com/itm/117362160262
a4e18aa2-681a-44f0-8803-51d90ffb5ec7,2026-08-23,46,eBay,AUCTION,ok,1,https://www.ebay.com/itm/117360270878
a4e18aa2-681a-44f0-8803-51d90ffb5ec7,2026-08-21,51,eBay,AUCTION,ok,1,https://www.ebay.com/itm/298584331888
a4e18aa2-681a-44f0-8803-51d90ffb5ec7,2026-08-21,41.5,eBay,AUCTION,ok,1,https://www.ebay.com/itm/298586103131
a4e18aa2-681a-44f0-8803-51d90ffb5ec7,2026-08-20,56,eBay,AUCTION,ok,0,https://www.ebay.com/itm/298581484514
a4e18aa2-681a-44f0-8803-51d90ffb5ec7,2026-08-20,53.46,eBay,AUCTION,ok,1,https://www.ebay.com/itm/307122227707
a4e18aa2-681a-44f0-8803-51d90ffb5ec7,2026-08-20,45.06,eBay,AUCTION,ok,1,https://www.ebay.com/itm/298581459335
a4e18aa2-681a-44f0-8803-51d90ffb5ec7,2026-08-19,51,eBay,AUCTION,ok,1,https://www.ebay.com/itm/307118003673
a4edf6ec-be91-4b38-a5fa-69b2d8e26f9b,2026-09-09,189,eBay,BUY_IT_NOW,ok,0,https://www.ebay.com/itm/178456276730
a4edf6ec-be91-4b38-a5fa-69b2d8e26f9b,2026-09-08,186.5,eBay,AUCTION,ok,0,https://www.ebay.com/itm/298615656322
a4edf6ec-be91-4b38-a5fa-69b2d8e26f9b,2026-09-08,172.19,eBay,AUCTION,ok,0,https://www.ebay.com/itm/366641443351
a4edf6ec-be91-4b38-a5fa-69b2d8e26f9b,2026-09-06,171.5,eBay,AUCTION,ok,0,https://www.ebay.com/itm/117385554163
a4edf6ec-be91-4b38-a5fa-69b2d8e26f9b,2026-09-05,179.99,eBay,BEST_OFFER,ok,0,https://www.ebay.com/itm/117397727147
a4edf6ec-be91-4b38-a5fa-69b2d8e26f9b,2026-09-05,169.99,eBay,BUY_IT_NOW,ok,0,https://www.ebay.com/itm/198606894313
a4edf6ec-be91-4b38-a5fa-69b2d8e26f9b,2026-09-01,180,eBay,BUY_IT_NOW,ok,0,https://www.ebay.com/itm/377453065151
a4edf6ec-be91-4b38-a5fa-69b2d8e26f9b,2026-08-30,245,eBay,BEST_OFFER,ok,0,https://www.ebay.com/itm/336715747457
a4edf6ec-be91-4b38-a5fa-69b2d8e26f9b,2026-08-30,160,eBay,BEST_OFFER,ok,0,https://www.ebay.com/itm/407180828117
a4edf6ec-be91-4b38-a5fa-69b2d8e26f9b,2026-08-28,179.99,eBay,BEST_OFFER,ok,0,https://www.ebay.com/itm/227491824147
a4db6063-ec43-49e6-9667-e845a393df36,2026-05-10,76,eBay,AUCTION,ok,0,https://www.ebay.com/itm/306905504842
a413f20d-022c-4f14-a31f-8d80d0455349,2026-05-27,68.5,eBay,BEST_OFFER,ok,0,https://www.ebay.com/itm/178144528693
a40d7597-7597-4a7f-a987-f0f6e4bae6c1,2026-06-02,100,eBay,BEST_OFFER,ok,0,https://www.ebay.com/itm/157958313123
