asset_id,date,price,source,sale_type,status,outlier,url
c866ff8c-34db-400a-a5a1-b86bc0c4cd32,2026-09-08,17000,eBay,BEST_OFFER,ok,0,https://www.ebay.com/itm/117400696131
c866ff8c-34db-400a-a5a1-b86bc0c4cd32,2026-09-06,18600,PWCC Weekly Auctions,AUCTION,ok,0,https://www.fanaticscollect.com/weekly/37629d8a-a695-11f1-aa4f-0a740cbe2b43
c866ff8c-34db-400a-a5a1-b86bc0c4cd32,2026-09-05,16400,eBay,BUY_IT_NOW,ok,0,https://www.ebay.com/itm/298648679049
c866ff8c-34db-400a-a5a1-b86bc0c4cd32,2026-08-28,17100,PWCC Premier Auctions,AUCTION,ok,0,https://www.pwccmarketplace.com/premier-auction/22561
c866ff8c-34db-400a-a5a1-b86bc0c4cd32,2026-08-27,17000,PWCC Fixed Price,BEST_OFFER,ok,0,https://www.fanaticscollect.com/buy-now/079fff23-365b-42de-b94f-ed38963eafc8
c866ff8c-34db-400a-a5a1-b86bc0c4cd32,2026-08-26,15800,PWCC Fixed Price,BEST_OFFER,ok,0,https://www.fanaticscollect.com/buy-now/04f7087f-a29b-4477-8bee-35f32d407b58
c866ff8c-34db-400a-a5a1-b86bc0c4cd32,2026-08-24,16899.99,eBay,BUY_IT_NOW,ok,0,https://www.ebay.com/itm/278243944255
c866ff8c-34db-400a-a5a1-b86bc0c4cd32,2026-08-23,45100,eBay,AUCTION,NOT_PAID,0,https://www.ebay.com/itm/307126916996
c866ff8c-34db-400a-a5a1-b86bc0c4cd32,2026-08-09,11400,PWCC Weekly Auctions,AUCTION,ok,0,https://www.fanaticscollect.com/weekly/29529a98-87c2-11f1-95ac-0a58a9feac02
c866ff8c-34db-400a-a5a1-b86bc0c4cd32,2026-07-20,14600,eBay,AUCTION,ok,0,https://www.ebay.com/itm/377340906531
c879835b-e262-468c-a7b6-fc28866894fc,2026-09-11,63,eBay,BEST_OFFER,ok,0,https://www.ebay.com/itm/158025289344
c879835b-e262-468c-a7b6-fc28866894fc,2026-08-24,40,eBay,BEST_OFFER,ok,0,https://www.ebay.com/itm/147516252707
c879835b-e262-468c-a7b6-fc28866894fc,2026-08-18,41,eBay,BEST_OFFER,ok,0,https://www.ebay.com/itm/117349393817
c879835b-e262-468c-a7b6-fc28866894fc,2026-08-04,45,eBay,AUCTION,ok,0,https://www.ebay.com/itm/227452405098
c879835b-e262-468c-a7b6-fc28866894fc,2026-07-13,50,eBay,BEST_OFFER,ok,0,https://www.ebay.com/itm/306549711786
c879835b-e262-468c-a7b6-fc28866894fc,2026-07-11,45,eBay,BEST_OFFER,ok,0,https://www.ebay.com/itm/117261864305
c879835b-e262-468c-a7b6-fc28866894fc,2026-07-08,38,eBay,BEST_OFFER,ok,0,https://www.ebay.com/itm/407017692650
c879835b-e262-468c-a7b6-fc28866894fc,2026-07-01,51,eBay,AUCTION,ok,0,https://www.ebay.com/itm/800237087160
c879835b-e262-468c-a7b6-fc28866894fc,2026-06-21,44.88,eBay,AUCTION,ok,0,https://www.ebay.com/itm/157999171317
c879835b-e262-468c-a7b6-fc28866894fc,2026-06-19,24.5,eBay,AUCTION,ok,0,https://www.ebay.com/itm/227388320452
c886c409-e766-45b3-b85f-11aa0f6b5658,2026-09-20,172.28,eBay,BUY_IT_NOW,ok,0,https://www.ebay.com/itm/377415619370
c886c409-e766-45b3-b85f-11aa0f6b5658,2026-09-16,152.5,eBay,AUCTION,ok,0,https://www.ebay.com/itm/800638324030
c886c409-e766-45b3-b85f-11aa0f6b5658,2026-09-04,669.12,eBay,BUY_IT_NOW,ok,1,https://www.ebay.com/itm/178254740926
c886c409-e766-45b3-b85f-11aa0f6b5658,2026-08-23,130.8,eBay,AUCTION,ok,0,https://www.ebay.com/itm/168615719830
c886c409-e766-45b3-b85f-11aa0f6b5658,2026-07-19,132,PWCC Weekly Auctions,AUCTION,ok,0,https://www.fanaticscollect.com/weekly/8f2d4220-7ae1-11f1-af99-0a488fc7b005
c886c409-e766-45b3-b85f-11aa0f6b5658,2026-06-27,160,eBay,BEST_OFFER,ok,0,https://www.ebay.com/itm/307018765046
c886c409-e766-45b3-b85f-11aa0f6b5658,2026-05-14,153.6,Alt,AUCTION,ok,0,https://alt.xyz/exchange/select-listing?ids=c6bf3ff8-986d-4e65-aae7-a9b1aab55ca3
c886c409-e766-45b3-b85f-11aa0f6b5658,2026-05-14,127.2,Alt,AUCTION,ok,0,https://alt.xyz/exchange/select-listing?ids=55512893-642f-4c86-bafb-8f51fa4e56d6
c886c409-e766-45b3-b85f-11aa0f6b5658,2026-04-23,110,PWCC Fixed Price,BEST_OFFER,ok,0,https://www.fanaticscollect.com/buy-now/3b5c8575-c4a0-4dce-9622-934a44157e93
c886c409-e766-45b3-b85f-11aa0f6b5658,2026-04-20,90,eBay,AUCTION,ok,0,https://www.ebay.com/itm/406862060343
c8a37955-adff-4561-8b7d-1b0890376ad4,2026-09-01,67.73,eBay,BUY_IT_NOW,ok,0,https://www.ebay.com/itm/298235214849
c8a37955-adff-4561-8b7d-1b0890376ad4,2026-08-26,85,eBay,BUY_IT_NOW,ok,0,https://www.ebay.com/itm/184668039524
c8a37955-adff-4561-8b7d-1b0890376ad4,2026-08-02,32.99,eBay,AUCTION,ok,0,https://www.ebay.com/itm/407050941433
c8a37955-adff-4561-8b7d-1b0890376ad4,2026-06-21,47.68,eBay,AUCTION,ok,0,https://www.ebay.com/itm/157999137466
c8a37955-adff-4561-8b7d-1b0890376ad4,2026-06-16,59.99,eBay,BUY_IT_NOW,ok,0,https://www.ebay.com/itm/297383999304
c8a37955-adff-4561-8b7d-1b0890376ad4,2026-06-06,56,eBay,AUCTION,ok,0,https://www.ebay.com/itm/298369499484
c8a37955-adff-4561-8b7d-1b0890376ad4,2026-05-31,49.2,PWCC Weekly Auctions,AUCTION,ok,0,https://www.fanaticscollect.com/weekly/a9e22f2c-4f30-11f1-add5-0a58a9feac02
c8a37955-adff-4561-8b7d-1b0890376ad4,2026-05-21,59.99,eBay,BUY_IT_NOW,ok,0,https://www.ebay.com/itm/406861895139
c8a37955-adff-4561-8b7d-1b0890376ad4,2026-01-15,32.9,eBay,AUCTION,ok,0,https://www.ebay.com/itm/389470912790
c8a37955-adff-4561-8b7d-1b0890376ad4,2026-01-01,37,eBay,BUY_IT_NOW,ok,0,https://www.ebay.com/itm/376796239764
c86f80b3-ecd7-426c-bc29-35621f67b255,2026-06-21,172.93,eBay,AUCTION,ok,0,https://www.ebay.com/itm/307000214743
c86f80b3-ecd7-426c-bc29-35621f67b255,2026-06-11,224.4,Alt,AUCTION,ok,0,https://alt.xyz/exchange/select-listing?ids=1041ead3-dc87-476a-b33c-d8958dd0ecd8
c86f80b3-ecd7-426c-bc29-35621f67b255,2026-06-10,175,eBay,BUY_IT_NOW,ok,0,https://www.ebay.com/itm/188479160267
c86f80b3-ecd7-426c-bc29-35621f67b255,2026-04-22,152.5,eBay,AUCTION,ok,0,https://www.ebay.com/itm/389890906326
c86f80b3-ecd7-426c-bc29-35621f67b255,2026-03-28,193.85,eBay,AUCTION,ok,0,https://www.ebay.com/itm/306835702983
c86f80b3-ecd7-426c-bc29-35621f67b255,2026-02-20,260,eBay,BEST_OFFER,ok,0,https://www.ebay.com/itm/406704150930
c86f80b3-ecd7-426c-bc29-35621f67b255,2025-12-29,152.5,eBay,AUCTION,ok,0,https://www.ebay.com/itm/127582287415
c86f80b3-ecd7-426c-bc29-35621f67b255,2025-07-20,119.5,eBay,AUCTION,ok,0,https://www.ebay.com/itm/116687801584
c86f80b3-ecd7-426c-bc29-35621f67b255,2025-05-27,125,eBay,BUY_IT_NOW,ok,0,https://www.ebay.com/itm/394836633208
c86f80b3-ecd7-426c-bc29-35621f67b255,2025-04-16,111.04,eBay,BUY_IT_NOW,ok,0,https://www.ebay.com/itm/306215568207
c834e0a0-e17b-4138-b15e-84ea90224fb3,2026-08-16,395,eBay,BUY_IT_NOW,ok,0,https://www.ebay.com/itm/800432972242
c834e0a0-e17b-4138-b15e-84ea90224fb3,2026-08-10,400,eBay,AUCTION,ok,0,https://www.ebay.com/itm/377391925679
c834e0a0-e17b-4138-b15e-84ea90224fb3,2026-08-09,177.46,CardHobby,AUCTION,ok,0,https://www.cardhobby.com/#/carddetails/126541664
c834e0a0-e17b-4138-b15e-84ea90224fb3,2026-07-23,355,eBay,AUCTION,ok,0,https://www.ebay.com/itm/366546797918
c834e0a0-e17b-4138-b15e-84ea90224fb3,2026-07-16,459.99,eBay,BUY_IT_NOW,ok,0,https://www.ebay.com/itm/147392590245
c834e0a0-e17b-4138-b15e-84ea90224fb3,2026-06-11,440,eBay,BEST_OFFER,ok,0,https://www.ebay.com/itm/137404687360
c834e0a0-e17b-4138-b15e-84ea90224fb3,2026-06-11,440,eBay,BEST_OFFER,RELISTED,0,https://www.ebay.com/itm/137391332904
c834e0a0-e17b-4138-b15e-84ea90224fb3,2026-06-10,405,eBay,AUCTION,ok,0,https://www.ebay.com/itm/306976226872
c834e0a0-e17b-4138-b15e-84ea90224fb3,2026-06-04,374.99,eBay,BEST_OFFER,ok,0,https://www.ebay.com/itm/366455837317
c834e0a0-e17b-4138-b15e-84ea90224fb3,2026-05-17,372,PWCC Weekly Auctions,AUCTION,ok,0,https://www.fanaticscollect.com/weekly/9551df90-443a-11f1-acab-0a58a9feac02
c8589e7b-8778-46b0-aef5-35dd04267ac2,2026-09-07,2200,eBay,BUY_IT_NOW,ok,0,https://www.ebay.com/itm/287235328564
c8589e7b-8778-46b0-aef5-35dd04267ac2,2026-09-03,1775,eBay,BEST_OFFER,ok,0,https://www.ebay.com/itm/389938713026
c8589e7b-8778-46b0-aef5-35dd04267ac2,2026-07-30,1425,eBay,BEST_OFFER,ok,0,https://www.ebay.com/itm/298456378546
c8589e7b-8778-46b0-aef5-35dd04267ac2,2026-04-25,1500,eBay,BUY_IT_NOW,ok,0,https://www.ebay.com/itm/318053422794
c8589e7b-8778-46b0-aef5-35dd04267ac2,2026-04-05,750,PWCC Weekly Auctions,AUCTION,ok,0,https://www.fanaticscollect.com/weekly/54864e36-1eee-11f1-abe8-0a58a9feac02
c8589e7b-8778-46b0-aef5-35dd04267ac2,2026-02-23,1050,eBay,BEST_OFFER,ok,0,https://www.ebay.com/itm/117054129894
c8589e7b-8778-46b0-aef5-35dd04267ac2,2026-02-15,1054,Goldin Auctions,AUCTION,ok,0,https://goldin.co/item/2002-pokemon-neo-destiny-holo-2-dark-crobat-psa-gem-mt-10j9o02
c8589e7b-8778-46b0-aef5-35dd04267ac2,2025-12-12,650,eBay,BEST_OFFER,ok,0,https://www.ebay.com/itm/306582382573
c8589e7b-8778-46b0-aef5-35dd04267ac2,2025-11-24,720.45,eBay,BUY_IT_NOW,ok,0,https://www.ebay.com/itm/286820660391
c8589e7b-8778-46b0-aef5-35dd04267ac2,2025-11-09,492,PWCC Weekly Auctions,AUCTION,ok,0,https://www.fanaticscollect.com/weekly/8e1f5328-93f1-11f0-940b-0214d4406237
c8edbb15-f46c-4239-b4b4-921b697321f7,2026-09-23,2499,PWCC Fixed Price,BEST_OFFER,ok,0,https://www.fanaticscollect.com/buy-now/582e5e73-99a5-4782-8543-c11ce366167d
c8edbb15-f46c-4239-b4b4-921b697321f7,2026-09-19,2685,eBay,AUCTION,ok,0,https://www.ebay.com/itm/298664779645
c8edbb15-f46c-4239-b4b4-921b697321f7,2026-09-13,2700,eBay,AUCTION,ok,0,https://www.ebay.com/itm/407202885206
c8edbb15-f46c-4239-b4b4-921b697321f7,2026-09-13,1920,PWCC Weekly Auctions,AUCTION,ok,0,https://www.fanaticscollect.com/weekly/198d4400-a68a-11f1-a167-02ffcf17aac9
c8edbb15-f46c-4239-b4b4-921b697321f7,2026-09-10,1950,eBay,AUCTION,ok,0,https://www.ebay.com/itm/800608592361
c8edbb15-f46c-4239-b4b4-921b697321f7,2026-09-06,2070,PWCC Weekly Auctions,AUCTION,ok,0,https://www.fanaticscollect.com/weekly/df51babc-a172-11f1-8d02-064281917ca7
c8edbb15-f46c-4239-b4b4-921b697321f7,2026-08-27,2150.4,Alt,AUCTION,ok,0,https://alt.xyz/exchange/select-listing?ids=a2815192-0898-4d67-8017-4d995c5f0659
c8edbb15-f46c-4239-b4b4-921b697321f7,2026-08-27,2150.4,Alt,AUCTION,ok,0,https://alt.xyz/exchange/select-listing?ids=7a00b67c-482c-4d65-b3ef-89ef26955bcb
c8edbb15-f46c-4239-b4b4-921b697321f7,2026-08-24,2387.7,eBay,BUY_IT_NOW,ok,0,https://www.ebay.com/itm/327201038626
c8edbb15-f46c-4239-b4b4-921b697321f7,2026-08-13,2399.99,eBay,BUY_IT_NOW,ok,0,https://www.ebay.com/itm/406825230790
c8055c52-5efe-40ee-b5c1-e9a331493707,2026-09-17,102.5,eBay,AUCTION,ok,0,https://www.ebay.com/itm/298660125286
c8055c52-5efe-40ee-b5c1-e9a331493707,2026-09-15,102.5,eBay,AUCTION,ok,0,https://www.ebay.com/itm/298653897057
c8055c52-5efe-40ee-b5c1-e9a331493707,2026-09-12,131.39,eBay,AUCTION,ok,0,https://www.ebay.com/itm/307162436000
c8055c52-5efe-40ee-b5c1-e9a331493707,2026-08-31,102.5,eBay,AUCTION,ok,0,https://www.ebay.com/itm/318782008585
c8055c52-5efe-40ee-b5c1-e9a331493707,2026-08-19,189.99,eBay,BEST_OFFER,ok,0,https://www.ebay.com/itm/327285887705
c8055c52-5efe-40ee-b5c1-e9a331493707,2026-07-14,166.05,eBay,AUCTION,ok,0,https://www.ebay.com/itm/227421383863
c8055c52-5efe-40ee-b5c1-e9a331493707,2026-07-08,136.5,eBay,AUCTION,ok,0,https://www.ebay.com/itm/127955906339
c8055c52-5efe-40ee-b5c1-e9a331493707,2026-07-05,225,eBay,BUY_IT_NOW,ok,0,https://www.ebay.com/itm/398061399590
c8055c52-5efe-40ee-b5c1-e9a331493707,2026-07-03,215,eBay,BEST_OFFER,ok,0,https://www.ebay.com/itm/336631095989
c8055c52-5efe-40ee-b5c1-e9a331493707,2026-06-13,145.5,eBay,AUCTION,ok,0,https://www.ebay.com/itm/358654308198
c898b4cd-1e23-41f6-9238-db4fb425b752,2026-09-22,250,eBay,BUY_IT_NOW,ok,0,https://www.ebay.com/itm/267786547934
c898b4cd-1e23-41f6-9238-db4fb425b752,2026-09-20,265,eBay,AUCTION,ok,0,https://www.ebay.com/itm/287575951596
c898b4cd-1e23-41f6-9238-db4fb425b752,2026-09-09,270,eBay,BEST_OFFER,ok,0,https://www.ebay.com/itm/820028377626
c898b4cd-1e23-41f6-9238-db4fb425b752,2026-09-06,234,eBay,BEST_OFFER,ok,0,https://www.ebay.com/itm/198608831203
c898b4cd-1e23-41f6-9238-db4fb425b752,2026-08-09,220,eBay,BEST_OFFER,ok,0,https://www.ebay.com/itm/397984407458
c898b4cd-1e23-41f6-9238-db4fb425b752,2026-08-08,254.95,eBay,BUY_IT_NOW,ok,0,https://www.ebay.com/itm/358513163443
c898b4cd-1e23-41f6-9238-db4fb425b752,2026-07-16,242,eBay,BEST_OFFER,ok,0,https://www.ebay.com/itm/358781124164
c898b4cd-1e23-41f6-9238-db4fb425b752,2026-07-16,187.5,eBay,AUCTION,ok,0,https://www.ebay.com/itm/336680686039
c898b4cd-1e23-41f6-9238-db4fb425b752,2026-06-17,190.5,eBay,AUCTION,ok,0,https://www.ebay.com/itm/336633277539
c898b4cd-1e23-41f6-9238-db4fb425b752,2026-06-04,215,eBay,BEST_OFFER,ok,0,https://www.ebay.com/itm/406968721036
c889f9d4-63f2-44e8-838a-86fb5ffc6235,2026-07-26,2027,eBay,AUCTION,ok,0,https://www.ebay.com/itm/307061880240
c889f9d4-63f2-44e8-838a-86fb5ffc6235,2026-07-16,2021.69,eBay,AUCTION,ok,0,https://www.ebay.com/itm/366533090076
c889f9d4-63f2-44e8-838a-86fb5ffc6235,2026-06-28,2200,eBay,BUY_IT_NOW,ok,0,https://www.ebay.com/itm/306944394726
c889f9d4-63f2-44e8-838a-86fb5ffc6235,2026-04-28,2002,eBay,AUCTION,ok,0,https://www.ebay.com/itm/306893230331
c889f9d4-63f2-44e8-838a-86fb5ffc6235,2026-04-04,2551,eBay,AUCTION,ok,0,https://www.ebay.com/itm/177998994604
c889f9d4-63f2-44e8-838a-86fb5ffc6235,2026-03-15,2147,eBay,AUCTION,ok,0,https://www.ebay.com/itm/287182306575
c889f9d4-63f2-44e8-838a-86fb5ffc6235,2026-02-18,1356.79,eBay,BUY_IT_NOW,ok,0,https://www.ebay.com/itm/287143856352
c889f9d4-63f2-44e8-838a-86fb5ffc6235,2025-12-28,1050,PWCC Weekly Auctions,AUCTION,ok,0,https://www.fanaticscollect.com/weekly/072ddee4-d9f5-11f0-9137-067ef90bfdc5
c889f9d4-63f2-44e8-838a-86fb5ffc6235,2025-12-16,2300,eBay,AUCTION,ok,0,https://www.ebay.com/itm/336336675923
c889f9d4-63f2-44e8-838a-86fb5ffc6235,2025-12-14,990,PWCC Weekly Auctions,AUCTION,ok,0,https://www.fanaticscollect.com/weekly/2388a14e-cfc5-11f0-a0ba-0a58a9feac02
c8c36741-13bb-4f09-8721-c1188cc588d4,2026-09-13,39.99,eBay,AUCTION,ok,0,https://www.ebay.com/itm/800627952245
c8c36741-13bb-4f09-8721-c1188cc588d4,2026-09-04,42,eBay,AUCTION,ok,0,https://www.ebay.com/itm/800578127111
c8c36741-13bb-4f09-8721-c1188cc588d4,2026-09-03,39.23,eBay,AUCTION,ok,0,https://www.ebay.com/itm/298619053641
c8c36741-13bb-4f09-8721-c1188cc588d4,2026-08-26,60,eBay,AUCTION,ok,0,https://www.ebay.com/itm/820024777556
c8c36741-13bb-4f09-8721-c1188cc588d4,2026-02-21,79.99,eBay,BEST_OFFER,ok,0,https://www.ebay.com/itm/198012623479
c8c36741-13bb-4f09-8721-c1188cc588d4,2025-10-22,60,eBay,BEST_OFFER,ok,0,https://www.ebay.com/itm/305979672882
c8c36741-13bb-4f09-8721-c1188cc588d4,2024-04-07,29.99,eBay,BUY_IT_NOW,ok,0,https://www.ebay.com/itm/PSA-10-Gem-Mint-Japanese-Poliwhirl-CP6-1st-ed-20th-Anniversary-024-Pokemon-Card-/315227560727
c8c36741-13bb-4f09-8721-c1188cc588d4,2023-03-05,54.05,eBay,AUCTION,ok,0,https://www.ebay.com/itm/2016-Pokemon-20th-Anniversary-CP6-Japanese-Poliwhirl-24-PSA-10-/134460925158
c8c36741-13bb-4f09-8721-c1188cc588d4,2023-02-16,36.01,eBay,BEST_OFFER,ok,0,https://www.ebay.com/itm/2016-Pokemon-Japanese-20th-Anniversary-CP6-1st-Ed-Poliwhirl-024-PSA-10-/285145954972
c8c36741-13bb-4f09-8721-c1188cc588d4,2021-03-29,60,eBay,BEST_OFFER,ok,0,https://www.ebay.com/itm/2016-Pokemon-Japanese-Expansion-20th-Anniversary-24-Poliwhirl-1st-Edition-PSA-10-/265030017248
c8da4997-7b40-4fa6-9f3c-c02a7ac41bb4,2026-09-13,255,eBay,AUCTION,ok,0,https://www.ebay.com/itm/307161320146
c8da4997-7b40-4fa6-9f3c-c02a7ac41bb4,2026-08-05,261,eBay,AUCTION,ok,0,https://www.ebay.com/itm/800428984247
c8da4997-7b40-4fa6-9f3c-c02a7ac41bb4,2026-06-29,225.19,eBay,AUCTION,ok,0,https://www.ebay.com/itm/366497559257
c8da4997-7b40-4fa6-9f3c-c02a7ac41bb4,2026-05-18,192.37,eBay,BUY_IT_NOW,ok,0,https://www.ebay.com/itm/178139631294
c8da4997-7b40-4fa6-9f3c-c02a7ac41bb4,2026-03-08,51.6,PWCC Weekly Auctions,AUCTION,ok,0,https://www.fanaticscollect.com/weekly/e20468c6-0d58-11f1-9aa0-0a58a9feac02
c8da4997-7b40-4fa6-9f3c-c02a7ac41bb4,2026-02-23,149.99,eBay,BUY_IT_NOW,ok,0,https://www.ebay.com/itm/389645945826
c8da4997-7b40-4fa6-9f3c-c02a7ac41bb4,2026-02-03,150,eBay,BUY_IT_NOW,ok,0,https://www.ebay.com/itm/225357649052
c8da4997-7b40-4fa6-9f3c-c02a7ac41bb4,2025-11-30,49.99,eBay,AUCTION,ok,0,https://www.ebay.com/itm/227100035322
c8da4997-7b40-4fa6-9f3c-c02a7ac41bb4,2025-11-15,49.99,eBay,BUY_IT_NOW,ok,0,https://www.ebay.com/itm/306575617206
c8da4997-7b40-4fa6-9f3c-c02a7ac41bb4,2025-11-07,39.99,eBay,BUY_IT_NOW,ok,0,https://www.ebay.com/itm/306575532811
c8188dbd-fdc1-4e24-bf3d-55f530cd0334,2026-09-20,8700,PWCC Weekly Auctions,AUCTION,ok,0,https://www.fanaticscollect.com/weekly/65080df0-ac8b-11f1-a7ac-06d19b0b9c59
c8188dbd-fdc1-4e24-bf3d-55f530cd0334,2026-08-19,4999,PWCC Fixed Price,BEST_OFFER,ok,0,https://www.fanaticscollect.com/buy-now/19243fc4-878f-4ab2-9172-1d2df7c628f0
c8188dbd-fdc1-4e24-bf3d-55f530cd0334,2026-04-17,4500,eBay,BEST_OFFER,ok,0,https://www.ebay.com/itm/298229580819
c8188dbd-fdc1-4e24-bf3d-55f530cd0334,2026-02-22,3901,eBay,AUCTION,ok,0,https://www.ebay.com/itm/287136214276
c8188dbd-fdc1-4e24-bf3d-55f530cd0334,2025-07-10,2700,eBay,BEST_OFFER,ok,0,https://www.ebay.com/itm/157104032907
c8188dbd-fdc1-4e24-bf3d-55f530cd0334,2025-04-20,2130,PWCC Weekly Auctions,AUCTION,ok,0,https://www.fanaticscollect.com/weekly/47c384cc-13d5-11f0-a265-0a58a9feac02
c8188dbd-fdc1-4e24-bf3d-55f530cd0334,2025-04-13,1710,PWCC Weekly Auctions,AUCTION,ok,0,https://www.fanaticscollect.com/weekly/04fdabac-1170-11f0-a8e5-06cb21f8fb21
c8188dbd-fdc1-4e24-bf3d-55f530cd0334,2024-07-14,990,PWCC Weekly Auctions,AUCTION,ok,0,https://www.fanaticscollect.com/weekly/f1b1203e-3b86-11ef-94af-022db95cac21
c8188dbd-fdc1-4e24-bf3d-55f530cd0334,2024-06-23,1020,PWCC Weekly Auctions,AUCTION,ok,0,https://www.fanaticscollect.com/weekly/119fb2b2-2583-11ef-b1d9-06e83c6e3c13
c8188dbd-fdc1-4e24-bf3d-55f530cd0334,2024-06-15,1400,eBay,BEST_OFFER,ok,0,https://www.ebay.com/itm/PSA-10-GEM-MINT-NIDOKING-11-102-BASE-SET-SHADOWLESS-HOLO-RARE-POKEMON-/186488423145
c864aed4-1b86-4aa3-8b44-2f5b84caf2dc,2026-09-01,1599.95,eBay,BUY_IT_NOW,ok,0,https://www.ebay.com/itm/117358201459
c864aed4-1b86-4aa3-8b44-2f5b84caf2dc,2026-08-25,800,eBay,BEST_OFFER,ok,0,https://www.ebay.com/itm/157676252116
c864aed4-1b86-4aa3-8b44-2f5b84caf2dc,2025-10-19,360,PWCC Weekly Auctions,AUCTION,ok,0,https://www.fanaticscollect.com/weekly/b8657c44-94c2-11f0-a76c-0a58a9feac02
c864aed4-1b86-4aa3-8b44-2f5b84caf2dc,2025-05-13,199.99,eBay,BUY_IT_NOW,ok,0,https://www.ebay.com/itm/156591961991
c864aed4-1b86-4aa3-8b44-2f5b84caf2dc,2025-02-17,165,eBay,BEST_OFFER,ok,0,https://www.ebay.com/itm/PSA-10-Pokemon-1997-Carddass-Parasect-feat-Psyduck-047-Pocket-Monsters-/365386504075
c864aed4-1b86-4aa3-8b44-2f5b84caf2dc,2024-10-30,143.5,eBay,AUCTION,ok,0,https://www.ebay.com/itm/1997-Pokemon-Carddass-Parasect-Pocket-Monsters-047-PSA-10-Gem-Mint-/286119028371
c864aed4-1b86-4aa3-8b44-2f5b84caf2dc,2024-08-13,115.5,eBay,AUCTION,ok,0,https://www.ebay.com/itm/1997-Pocket-Monsters-Carddass-Pokemon-047-Parasect-PSA-10-GEM-MINT-/387270245131
c864aed4-1b86-4aa3-8b44-2f5b84caf2dc,2023-05-28,103.2,PWCC Weekly Auctions,AUCTION,ok,0,https://www.fanaticscollect.com/weekly/a7d70784-f718-11ed-a0dc-0a58a9feac02
c864aed4-1b86-4aa3-8b44-2f5b84caf2dc,2021-10-28,140,PWCC Monthly Auctions,AUCTION,ok,0,https://www.pwccmarketplace.com/items/3006335
c864aed4-1b86-4aa3-8b44-2f5b84caf2dc,2021-04-26,161,eBay,AUCTION,ok,0,https://www.ebay.com/itm/1997-Pokemon-Pocket-Monsters-Carddass-Parasect-047-PSA-10-GEM-MINT-/353459494548
c8e5ebe2-bf15-4a2f-acde-978e54cd40f9,2026-08-09,7869,Goldin Auctions,AUCTION,ok,0,https://goldin.co/item/2005-pokemon-japanese-mirage-forest-gold-star-holo-76-registeel-psa-ge15y0m
c8e5ebe2-bf15-4a2f-acde-978e54cd40f9,2026-07-18,10500,eBay,BUY_IT_NOW,ok,0,https://www.ebay.com/itm/287414739567
c8e5ebe2-bf15-4a2f-acde-978e54cd40f9,2026-04-16,6500,eBay,BEST_OFFER,ok,0,https://www.ebay.com/itm/117143873039
c8e5ebe2-bf15-4a2f-acde-978e54cd40f9,2026-02-15,4500,eBay,BUY_IT_NOW,ok,0,https://www.ebay.com/itm/286754069995
c8e5ebe2-bf15-4a2f-acde-978e54cd40f9,2025-09-24,4000,eBay,BEST_OFFER,ok,0,https://www.ebay.com/itm/277397780014
c8e5ebe2-bf15-4a2f-acde-978e54cd40f9,2025-09-14,2788,eBay,AUCTION,ok,0,https://www.ebay.com/itm/136399736730
c8e5ebe2-bf15-4a2f-acde-978e54cd40f9,2025-07-19,3499.99,eBay,BUY_IT_NOW,RELISTED,0,https://www.ebay.com/itm/286556351264
c8e5ebe2-bf15-4a2f-acde-978e54cd40f9,2025-04-15,2000.97,eBay,BUY_IT_NOW,ok,0,https://www.ebay.com/itm/155347851811
c8e5ebe2-bf15-4a2f-acde-978e54cd40f9,2025-04-13,1963,eBay,AUCTION,ok,0,https://www.ebay.com/itm/286461314659
c8e5ebe2-bf15-4a2f-acde-978e54cd40f9,2024-08-04,1110,PWCC Weekly Auctions,AUCTION,ok,0,https://www.fanaticscollect.com/weekly/40852cba-3ff5-11ef-8b11-0a58a9feac02
c8358869-1efd-4f08-96bb-c8f3baf94113,2026-09-13,360,PWCC Weekly Auctions,AUCTION,ok,0,https://www.fanaticscollect.com/weekly/6f411f60-9614-11f1-9c4e-0a9853a8c565
c8358869-1efd-4f08-96bb-c8f3baf94113,2026-09-06,500,eBay,BUY_IT_NOW,ok,0,https://www.ebay.com/itm/117342230642
c8358869-1efd-4f08-96bb-c8f3baf94113,2026-08-30,435,eBay,AUCTION,ok,0,https://www.ebay.com/itm/287541277120
c8358869-1efd-4f08-96bb-c8f3baf94113,2026-08-25,390,eBay,BEST_OFFER,ok,0,https://www.ebay.com/itm/318736181415
c8358869-1efd-4f08-96bb-c8f3baf94113,2026-07-26,420,PWCC Weekly Auctions,AUCTION,ok,0,https://www.fanaticscollect.com/weekly/2613608c-81c4-11f1-aa9c-0a58a9feac02
c8358869-1efd-4f08-96bb-c8f3baf94113,2026-06-07,358.44,eBay,BUY_IT_NOW,ok,0,https://www.ebay.com/itm/296098207937
c8358869-1efd-4f08-96bb-c8f3baf94113,2026-06-04,355,eBay,AUCTION,ok,0,https://www.ebay.com/itm/298356114877
c8358869-1efd-4f08-96bb-c8f3baf94113,2026-05-07,325,eBay,BUY_IT_NOW,ok,0,https://www.ebay.com/itm/406902456484
c8358869-1efd-4f08-96bb-c8f3baf94113,2026-04-30,325,eBay,BEST_OFFER,ok,0,https://www.ebay.com/itm/406734432838
c8358869-1efd-4f08-96bb-c8f3baf94113,2026-04-29,285,eBay,BEST_OFFER,ok,0,https://www.ebay.com/itm/177921902982
c8a66e01-87c7-44b4-a4ff-d100b76cdb30,2026-09-20,140.76,eBay,AUCTION,ok,0,https://www.ebay.com/itm/137718027045
c8a66e01-87c7-44b4-a4ff-d100b76cdb30,2026-09-16,190,eBay,BEST_OFFER,ok,0,https://www.ebay.com/itm/177917950846
c8a66e01-87c7-44b4-a4ff-d100b76cdb30,2026-08-23,137.81,eBay,AUCTION,ok,0,https://www.ebay.com/itm/137608877132
c8a66e01-87c7-44b4-a4ff-d100b76cdb30,2026-08-08,113.5,eBay,AUCTION,ok,0,https://www.ebay.com/itm/147476734419
c8a66e01-87c7-44b4-a4ff-d100b76cdb30,2026-07-19,128.12,eBay,AUCTION,ok,0,https://www.ebay.com/itm/137486998436
c8a66e01-87c7-44b4-a4ff-d100b76cdb30,2026-06-28,113.83,eBay,AUCTION,ok,0,https://www.ebay.com/itm/158009868695
c8a66e01-87c7-44b4-a4ff-d100b76cdb30,2026-06-21,134.21,eBay,AUCTION,ok,0,https://www.ebay.com/itm/137399361049
c8a66e01-87c7-44b4-a4ff-d100b76cdb30,2026-06-07,121.87,eBay,AUCTION,ok,0,https://www.ebay.com/itm/398011283306
c8a66e01-87c7-44b4-a4ff-d100b76cdb30,2026-05-03,178.16,eBay,AUCTION,ok,0,https://www.ebay.com/itm/137250186051
c8a66e01-87c7-44b4-a4ff-d100b76cdb30,2026-05-03,107.5,eBay,AUCTION,ok,0,https://www.ebay.com/itm/287295120410
c8858baa-2995-4b17-b692-6d77467e84a2,2026-09-09,1581.23,eBay,AUCTION,ok,0,https://www.ebay.com/itm/800603864230
c8858baa-2995-4b17-b692-6d77467e84a2,2026-08-28,1903.02,eBay,BEST_OFFER,ok,0,https://www.ebay.com/itm/178387050908
c8858baa-2995-4b17-b692-6d77467e84a2,2026-07-01,1675,eBay,AUCTION,ok,0,https://www.ebay.com/itm/800238134447
c8858baa-2995-4b17-b692-6d77467e84a2,2026-06-16,1014.6,CardHobby,AUCTION,ok,0,https://www.cardhobby.com/#/carddetails/116905970
c8858baa-2995-4b17-b692-6d77467e84a2,2026-04-22,2150.89,eBay,BUY_IT_NOW,ok,0,https://www.ebay.com/itm/197652700017
c8858baa-2995-4b17-b692-6d77467e84a2,2026-03-04,1776,eBay,AUCTION,ok,0,https://www.ebay.com/itm/366228519030
c8858baa-2995-4b17-b692-6d77467e84a2,2024-01-05,1680,Alt,AUCTION,ok,0,https://alt.xyz/exchange/select-listing?ids=a3d57d0a-8ebc-4759-8c78-77869d718c46
c8858baa-2995-4b17-b692-6d77467e84a2,2022-05-26,810,eBay,AUCTION,ok,0,https://www.ebay.com/itm/2012-Japanese-Pokemon-Card-Skyla-Plasma-Gale-Full-Art-PSA-10-/255543717939
c8858baa-2995-4b17-b692-6d77467e84a2,2021-05-19,500,eBay,BEST_OFFER,ok,0,https://www.ebay.com/itm/2012-Skyla-Plasma-Gale-FA-Full-Art-Black-White-Japanese-PSA-10-GEM-MINT-POP-10-/194106612520
c854b5a7-238c-40f7-819c-d76dee8b24f1,2026-09-18,4400,PWCC Fixed Price,BEST_OFFER,ok,0,https://www.fanaticscollect.com/buy-now/f7bb3d86-b120-4599-a3be-20ded218f5a2
c854b5a7-238c-40f7-819c-d76dee8b24f1,2026-08-09,3360,PWCC Weekly Auctions,AUCTION,ok,0,https://www.fanaticscollect.com/weekly/d80c0558-821b-11f1-a43f-0a58a9feac02
c854b5a7-238c-40f7-819c-d76dee8b24f1,2026-07-29,3801,eBay,AUCTION,ok,0,https://www.ebay.com/itm/800391611334
c854b5a7-238c-40f7-819c-d76dee8b24f1,2026-07-28,4100,eBay,AUCTION,ok,0,https://www.ebay.com/itm/377364618703
c854b5a7-238c-40f7-819c-d76dee8b24f1,2026-07-26,4320,PWCC Weekly Auctions,AUCTION,ok,0,https://www.fanaticscollect.com/weekly/002275ca-7d73-11f1-838b-063a02429781
c854b5a7-238c-40f7-819c-d76dee8b24f1,2026-07-26,4050,eBay,AUCTION,ok,0,https://www.ebay.com/itm/287468640354
c854b5a7-238c-40f7-819c-d76dee8b24f1,2026-07-26,3840,PWCC Weekly Auctions,AUCTION,ok,0,https://www.fanaticscollect.com/weekly/493457e0-7f8c-11f1-99ac-06f8eb6144d9
c854b5a7-238c-40f7-819c-d76dee8b24f1,2026-07-12,4080,PWCC Weekly Auctions,AUCTION,ok,0,https://www.fanaticscollect.com/weekly/566a5cae-769d-11f1-be46-0a58a9feac02
c854b5a7-238c-40f7-819c-d76dee8b24f1,2026-07-08,4550,eBay,AUCTION,ok,0,https://www.ebay.com/itm/800268759676
c854b5a7-238c-40f7-819c-d76dee8b24f1,2026-07-05,5280,PWCC Weekly Auctions,AUCTION,ok,0,https://www.fanaticscollect.com/weekly/6febc77c-73fe-11f1-b639-06f2d2026c55
c8b3a1c6-307e-436b-8ca8-ccf22b2e9bc7,2025-08-28,139.99,eBay,BEST_OFFER,ok,0,https://www.ebay.com/itm/226946460762
c8b3a1c6-307e-436b-8ca8-ccf22b2e9bc7,2021-07-01,23.5,eBay,AUCTION,ok,0,https://www.ebay.com/itm/Dialga-Lost-Thunder-PSA10-/144088028817
c84db185-98b8-4502-8c88-c41fa081a5a4,2026-01-15,22.33,eBay,AUCTION,ok,0,https://www.ebay.com/itm/205981057783
c84db185-98b8-4502-8c88-c41fa081a5a4,2025-10-18,50,eBay,BEST_OFFER,ok,0,https://www.ebay.com/itm/317223754270
c84db185-98b8-4502-8c88-c41fa081a5a4,2025-06-26,55.62,eBay,BUY_IT_NOW,ok,0,https://www.ebay.com/itm/196216478713
c84db185-98b8-4502-8c88-c41fa081a5a4,2025-02-16,27.6,PWCC Weekly Auctions,AUCTION,ok,0,https://www.fanaticscollect.com/weekly/faa93b96-df90-11ef-8065-0a9dc521d48b
c84db185-98b8-4502-8c88-c41fa081a5a4,2024-05-15,19.87,eBay,AUCTION,ok,0,https://www.ebay.com/itm/Pokemon-Card-PSA-10-Gem-Mint-Fisherman-Japanese-Ultra-Shiny-GX-Holo-154-150-1C-/156196732585
c84db185-98b8-4502-8c88-c41fa081a5a4,2024-02-27,85,eBay,BUY_IT_NOW,ok,0,https://www.ebay.com/itm/Psa-10-Fisherman-Full-Art-Ultra-Shiny-GX-154-sm8b-Pokemon-Japanese-2018-Holo-/225752068128
c84db185-98b8-4502-8c88-c41fa081a5a4,2024-02-27,36.66,eBay,AUCTION,ok,0,https://www.ebay.com/itm/Pokemon-Card-PSA-10-Gem-Mint-Fisherman-Japanese-Ultra-Shiny-GX-2018-Holo-154-150-/156073240789
c84db185-98b8-4502-8c88-c41fa081a5a4,2024-02-25,17.5,eBay,AUCTION,ok,0,https://www.ebay.com/itm/2018-Pokemon-sm8b-Ultra-Shiny-GX-FISHERMAN-Full-Art-Secret-Rare-154-150-PSA-10-/305403580216
c84db185-98b8-4502-8c88-c41fa081a5a4,2024-01-08,13.09,eBay,AUCTION,ok,0,https://www.ebay.com/itm/Pokemon-Card-PSA-10-Gem-Mint-Fisherman-Japanese-Ultra-Shiny-GX-2018-Holo-154-150-/155976105201
c84db185-98b8-4502-8c88-c41fa081a5a4,2023-08-11,33.11,eBay,AUCTION,ok,0,https://www.ebay.com/itm/FISHERMAN-154-150-PSA-10-POKEMON-ULTRA-SHINY-GX-JAPANESE-GRADED-CARD-/195912914878
c8926a19-9a2a-4757-a3fb-27687473a60c,2026-09-17,186.9,CardHobby,AUCTION,ok,0,https://www.cardhobby.com/#/carddetails/135555792
c8926a19-9a2a-4757-a3fb-27687473a60c,2026-09-14,291.99,eBay,BUY_IT_NOW,ok,0,https://www.ebay.com/itm/117057493190
c8926a19-9a2a-4757-a3fb-27687473a60c,2026-09-11,222.93,eBay,BUY_IT_NOW,ok,0,https://www.ebay.com/itm/398362028661
c8926a19-9a2a-4757-a3fb-27687473a60c,2026-09-11,205,eBay,BEST_OFFER,ok,0,https://www.ebay.com/itm/137724716814
c8926a19-9a2a-4757-a3fb-27687473a60c,2026-09-10,230,eBay,BEST_OFFER,ok,0,https://www.ebay.com/itm/407154914237
c8926a19-9a2a-4757-a3fb-27687473a60c,2026-09-07,275,eBay,BEST_OFFER,ok,0,https://www.ebay.com/itm/267764883982
c8926a19-9a2a-4757-a3fb-27687473a60c,2026-09-06,329.84,eBay,AUCTION,ok,0,https://www.ebay.com/itm/377468594878
c8926a19-9a2a-4757-a3fb-27687473a60c,2026-09-06,204,PWCC Weekly Auctions,AUCTION,ok,0,https://www.fanaticscollect.com/weekly/b5732e5c-9ad2-11f1-9242-0a58a9feac02
c8926a19-9a2a-4757-a3fb-27687473a60c,2026-08-31,300,eBay,BEST_OFFER,ok,0,https://www.ebay.com/itm/117311331350
c8926a19-9a2a-4757-a3fb-27687473a60c,2026-08-31,223.36,eBay,BUY_IT_NOW,ok,0,https://www.ebay.com/itm/398314808987
c8f89cc8-796f-486c-b009-2b3c5d7e9a31,2026-09-18,1500,eBay,BEST_OFFER,ok,0,https://www.ebay.com/itm/366395674821
c8f89cc8-796f-486c-b009-2b3c5d7e9a31,2026-09-18,1066.65,eBay,BUY_IT_NOW,ok,0,https://www.ebay.com/itm/136776196649
c8f89cc8-796f-486c-b009-2b3c5d7e9a31,2026-06-23,500,eBay,BUY_IT_NOW,ok,0,https://www.ebay.com/itm/287414739566
c8f89cc8-796f-486c-b009-2b3c5d7e9a31,2026-01-31,261,eBay,AUCTION,ok,0,https://www.ebay.com/itm/297963419793
c8f89cc8-796f-486c-b009-2b3c5d7e9a31,2025-12-20,280,eBay,BEST_OFFER,ok,0,https://www.ebay.com/itm/167970251195
c8f89cc8-796f-486c-b009-2b3c5d7e9a31,2025-11-14,199.99,eBay,BUY_IT_NOW,RELISTED,0,https://www.ebay.com/itm/286523687774
c8f89cc8-796f-486c-b009-2b3c5d7e9a31,2025-10-14,59,eBay,BUY_IT_NOW,ok,0,https://www.ebay.com/itm/187569629259
c8f89cc8-796f-486c-b009-2b3c5d7e9a31,2025-10-01,149.99,eBay,BUY_IT_NOW,ok,0,https://www.ebay.com/itm/317222352963
c8f89cc8-796f-486c-b009-2b3c5d7e9a31,2025-03-06,90,eBay,BUY_IT_NOW,ok,0,https://www.ebay.com/itm/306085056997
c8f89cc8-796f-486c-b009-2b3c5d7e9a31,2024-01-20,69.69,eBay,BEST_OFFER,ok,0,https://www.ebay.com/itm/2005-EX-Unseen-Forces-66-Pineco-Reverse-Foil-Common-Pokemon-TCG-Card-PSA-10-/395016892828
c8439aa5-e2a1-4e3d-8df0-57e35148cb5c,2026-09-21,108,eBay,BEST_OFFER,ok,0,https://www.ebay.com/itm/117422663250
c8439aa5-e2a1-4e3d-8df0-57e35148cb5c,2026-09-20,150,eBay,BEST_OFFER,ok,0,https://www.ebay.com/itm/287561713986
c8439aa5-e2a1-4e3d-8df0-57e35148cb5c,2026-09-20,91,eBay,AUCTION,ok,0,https://www.ebay.com/itm/117405334387
c8439aa5-e2a1-4e3d-8df0-57e35148cb5c,2026-09-19,113.5,eBay,AUCTION,ok,0,https://www.ebay.com/itm/298650198788
c8439aa5-e2a1-4e3d-8df0-57e35148cb5c,2026-09-12,130,PWCC Fixed Price,BEST_OFFER,ok,0,https://www.fanaticscollect.com/buy-now/7ff6f9e1-83d0-4a93-822d-91ace78eeb82
c8439aa5-e2a1-4e3d-8df0-57e35148cb5c,2026-09-09,134.99,eBay,BUY_IT_NOW,ok,0,https://www.ebay.com/itm/298647624711
c8439aa5-e2a1-4e3d-8df0-57e35148cb5c,2026-09-08,85,eBay,AUCTION,ok,0,https://www.ebay.com/itm/117388543421
c8439aa5-e2a1-4e3d-8df0-57e35148cb5c,2026-09-06,99.8,eBay,AUCTION,ok,0,https://www.ebay.com/itm/117383918201
c8439aa5-e2a1-4e3d-8df0-57e35148cb5c,2026-08-22,102.5,eBay,AUCTION,ok,0,https://www.ebay.com/itm/307126781224
c8439aa5-e2a1-4e3d-8df0-57e35148cb5c,2026-08-17,132.5,eBay,AUCTION,ok,0,https://www.ebay.com/itm/117349450838
c87f3458-c144-4267-ae55-275a0b31ab3d,2026-09-23,260,eBay,BUY_IT_NOW,ok,0,https://www.ebay.com/itm/178308015013
c87f3458-c144-4267-ae55-275a0b31ab3d,2026-09-22,162.5,eBay,AUCTION,ok,0,https://www.ebay.com/itm/298674612105
c87f3458-c144-4267-ae55-275a0b31ab3d,2026-09-20,143.54,eBay,AUCTION,ok,0,https://www.ebay.com/itm/307175013505
c87f3458-c144-4267-ae55-275a0b31ab3d,2026-09-14,199.99,eBay,BUY_IT_NOW,ok,0,https://www.ebay.com/itm/298661860130
c87f3458-c144-4267-ae55-275a0b31ab3d,2026-09-05,172.5,eBay,AUCTION,ok,0,https://www.ebay.com/itm/800594112669
c87f3458-c144-4267-ae55-275a0b31ab3d,2026-08-28,319,eBay,BEST_OFFER,ok,0,https://www.ebay.com/itm/366617284919
c87f3458-c144-4267-ae55-275a0b31ab3d,2026-08-24,202.5,eBay,AUCTION,ok,0,https://www.ebay.com/itm/307130364930
c87f3458-c144-4267-ae55-275a0b31ab3d,2026-08-22,202.5,eBay,AUCTION,ok,0,https://www.ebay.com/itm/307126781809
c87f3458-c144-4267-ae55-275a0b31ab3d,2026-08-18,225,PWCC Fixed Price,BEST_OFFER,ok,0,https://www.fanaticscollect.com/buy-now/0301be6d-ffd8-4f53-b917-ada8d0701c89
c87f3458-c144-4267-ae55-275a0b31ab3d,2026-08-17,268.99,eBay,BUY_IT_NOW,ok,0,https://www.ebay.com/itm/168607925960
c8b7aa49-f48b-4d41-9acb-96f3167b5b8f,2026-03-08,77.8,eBay,AUCTION,ok,0,https://www.ebay.com/itm/287164386981
c8b7aa49-f48b-4d41-9acb-96f3167b5b8f,2026-02-23,102.5,eBay,AUCTION,ok,0,https://www.ebay.com/itm/389617240604
c8b7aa49-f48b-4d41-9acb-96f3167b5b8f,2025-12-29,125,eBay,BEST_OFFER,ok,0,https://www.ebay.com/itm/226999378039
c8b7aa49-f48b-4d41-9acb-96f3167b5b8f,2025-01-30,39.99,eBay,BUY_IT_NOW,ok,0,https://www.ebay.com/itm/PSA-10-2019-Pokemon-S-M-Hidden-Fates-40-68-Clefable-Reverse-Holo-Pokemon-Card-/205214448658
c8b7aa49-f48b-4d41-9acb-96f3167b5b8f,2024-09-26,17.16,eBay,AUCTION,ok,0,https://www.ebay.com/itm/PSA-10-Clefable-40-68-2019-Hidden-Fates-Reverse-Holo-Rare-Pokemon-Card-/335580972771
c8b7aa49-f48b-4d41-9acb-96f3167b5b8f,2024-08-12,9.99,eBay,AUCTION,ok,0,https://www.ebay.com/itm/Clefable-40-68-Reverse-Holographic-GEM-MINT-PSA-10-Pokemon-S-M-Hidden-Fates-/126613805647
c8b7aa49-f48b-4d41-9acb-96f3167b5b8f,2024-07-29,9.99,eBay,AUCTION,RELISTED,0,https://www.ebay.com/itm/Clefable-40-68-Reverse-Holographic-GEM-MINT-PSA-10-Pokemon-S-M-Hidden-Fates-/126592343936
c8b7aa49-f48b-4d41-9acb-96f3167b5b8f,2024-04-19,26.6,eBay,BEST_OFFER,ok,0,https://www.ebay.com/itm/Pokemon-TCG-Hidden-Fates-2019-PM-SM-Cleafable-Rev-Foil-PSA-10-/256461034066
c8b7aa49-f48b-4d41-9acb-96f3167b5b8f,2023-07-02,33,eBay,BEST_OFFER,ok,0,https://www.ebay.com/itm/2019-Pokemon-Sun-Moon-Hidden-Fates-Clefable-Reverse-Foil-40-PSA-10-/225327679608
c8b7aa49-f48b-4d41-9acb-96f3167b5b8f,2023-05-23,14.5,eBay,AUCTION,ok,0,https://www.ebay.com/itm/2019-POKEMON-SUN-MOON-HIDDEN-FATES-40-CLEFABLE-REVERSE-FOIL-PSA-10-/225580119698
c8cf8eb9-6448-4e80-a183-47c883bbe4b5,2026-04-02,70,eBay,BUY_IT_NOW,ok,0,https://www.ebay.com/itm/287047288322
c8cf8eb9-6448-4e80-a183-47c883bbe4b5,2026-02-01,105.6,PWCC Weekly Auctions,AUCTION,ok,0,https://www.fanaticscollect.com/weekly/75e8f8b2-f572-11f0-a4d4-0a58a9feac02
c8cf8eb9-6448-4e80-a183-47c883bbe4b5,2025-04-20,59,PWCC Fixed Price,BEST_OFFER,ok,0,https://sales-history.pwccmarketplace.com/items/FIXED235128
c8cf8eb9-6448-4e80-a183-47c883bbe4b5,2024-12-20,47.5,eBay,AUCTION,ok,0,https://www.ebay.com/itm/PSA-10-Shauna-HR-084-067-s7R-Blue-Sky-Stream-Pokemon-Card-Japanese-/365289286519
c8cf8eb9-6448-4e80-a183-47c883bbe4b5,2024-09-20,31.49,eBay,BUY_IT_NOW,ok,0,https://www.ebay.com/itm/2021-Pokemon-Blue-Sky-Stream-SHAUNA-Trainer-Full-Art-Hyper-Rare-084-067-PSA-10-/156396298206
c8cf8eb9-6448-4e80-a183-47c883bbe4b5,2024-08-04,16.5,eBay,AUCTION,ok,0,https://www.ebay.com/itm/2021-Pokemon-Blue-Sky-Stream-SHAUNA-Trainer-Full-Art-Hyper-Rare-084-067-PSA-10-/305696608762
c8cf8eb9-6448-4e80-a183-47c883bbe4b5,2024-05-12,28.8,PWCC Weekly Auctions,AUCTION,ok,0,https://www.fanaticscollect.com/weekly/a1262802-fc03-11ee-b74e-0272f9bd3519
c8cf8eb9-6448-4e80-a183-47c883bbe4b5,2024-02-25,26.4,PWCC Weekly Auctions,AUCTION,ok,0,https://www.fanaticscollect.com/weekly/6e04a0ce-cb67-11ee-b1ba-0a58a9feac02
c8cf8eb9-6448-4e80-a183-47c883bbe4b5,2024-01-20,26,eBay,AUCTION,ok,0,https://www.ebay.com/itm/2021-Pokemon-Japanese-Blue-Sky-Stream-Hyper-Rare-SHAUNA-084-PSA-10-/256378624187
c8cf8eb9-6448-4e80-a183-47c883bbe4b5,2023-12-30,36,eBay,AUCTION,ok,0,https://www.ebay.com/itm/PSA-10-SHAUNA-084-067-HYPER-RARE-BLUE-SKY-STREAM-POKEMON-JAPANESE-/386499140031
c82dfd58-5175-4181-b9ce-e1f5d2d594fb,2021-09-27,200,eBay,BEST_OFFER,ok,0,https://www.ebay.com/itm/2020-Pokemon-Promo-SWSH009-Prerelease-Cinccino-Holo-Staff-PSA-10-Gem-Mint-/164930451693
c8a8a11d-043d-4ebd-ac12-4edd59292440,2026-06-14,564,PWCC Weekly Auctions,AUCTION,ok,0,https://www.fanaticscollect.com/weekly/f572ed9a-5eb8-11f1-a697-0670e0974297
c8a8a11d-043d-4ebd-ac12-4edd59292440,2021-11-01,676,eBay,AUCTION,ok,0,https://www.ebay.com/itm/PSA-10-GEM-MINT-Metang-023-STADIUM-CHALLENGE-Black-Star-Promo-Pokemon-Card-CH-/275000352413
c8a8a11d-043d-4ebd-ac12-4edd59292440,2021-10-26,610,eBay,AUCTION,ok,0,https://www.ebay.com/itm/PSA-10-GEM-MINT-Metang-023-STADIUM-CHALLENGE-Black-Star-Promo-Pokemon-Card-CH-/265366831378
c8a8a11d-043d-4ebd-ac12-4edd59292440,2021-10-18,1300,eBay,AUCTION,ok,0,https://www.ebay.com/itm/PSA-10-GEM-MINT-Metang-023-STADIUM-CHALLENGE-Black-Star-Promo-Pokemon-Card-CH-/274982312246
c8a8a11d-043d-4ebd-ac12-4edd59292440,2021-10-01,1200,eBay,BEST_OFFER,ok,0,https://www.ebay.com/itm/PSA-10-GEM-MINT-Metang-023-Stadium-Challenge-Black-Star-Promo-Pokemon-Card-/115020055137
c8a8a11d-043d-4ebd-ac12-4edd59292440,2021-09-29,1322,eBay,AUCTION,ok,0,https://www.ebay.com/itm/PSA-10-GEM-MINT-Metang-023-STADIUM-CHALLENGE-Black-Star-Promo-Pokemon-Card-CH-/274957355667
c8b6f953-88ce-4131-8c66-ab09a788379a,2026-09-17,7000,eBay,BUY_IT_NOW,ok,0,https://www.ebay.com/itm/287247791636
c8b6f953-88ce-4131-8c66-ab09a788379a,2026-09-17,6999.99,eBay,BUY_IT_NOW,ok,0,https://www.ebay.com/itm/318843772491
c8b6f953-88ce-4131-8c66-ab09a788379a,2026-07-09,3262.8,Alt,AUCTION,ok,0,https://alt.xyz/exchange/select-listing?ids=e1ef2291-ab79-45cc-8bd7-c9d7787a1d6e
c8b6f953-88ce-4131-8c66-ab09a788379a,2026-06-28,2650,eBay,AUCTION,ok,0,https://www.ebay.com/itm/236891037393
c8b6f953-88ce-4131-8c66-ab09a788379a,2026-06-18,3604.8,Alt,AUCTION,ok,0,https://alt.xyz/exchange/select-listing?ids=6c67ab97-4ba4-4efa-b16a-fe9be85f952f
c8b6f953-88ce-4131-8c66-ab09a788379a,2026-06-14,2900,eBay,AUCTION,RELISTED,0,https://www.ebay.com/itm/236864585430
c8b6f953-88ce-4131-8c66-ab09a788379a,2026-04-19,3100,eBay,AUCTION,ok,0,https://www.ebay.com/itm/287265063248
c8b6f953-88ce-4131-8c66-ab09a788379a,2026-03-07,5000,eBay,BUY_IT_NOW,ok,0,https://www.ebay.com/itm/317968077249
c8b6f953-88ce-4131-8c66-ab09a788379a,2025-10-31,1215.49,eBay,BEST_OFFER,ok,0,https://www.ebay.com/itm/297718498021
c8b6f953-88ce-4131-8c66-ab09a788379a,2025-05-01,580,eBay,AUCTION,ok,0,https://www.ebay.com/itm/388317473803
c8938164-89b2-44af-8b71-f4e621a3e2a7,2026-09-20,255.05,eBay,AUCTION,ok,0,https://www.ebay.com/itm/267781978002
c8938164-89b2-44af-8b71-f4e621a3e2a7,2026-09-17,57,Goldin Auctions,AUCTION,ok,1,https://goldin.co/item/1975-roxy-music-brian-ferry-type-i-original-photo-by-l-f-i-photo-live7ivqq
c8938164-89b2-44af-8b71-f4e621a3e2a7,2026-08-31,300,eBay,BEST_OFFER,ok,0,https://www.ebay.com/itm/188864378863
c8938164-89b2-44af-8b71-f4e621a3e2a7,2026-08-28,299.99,eBay,BEST_OFFER,ok,0,https://www.ebay.com/itm/206522058099
c8938164-89b2-44af-8b71-f4e621a3e2a7,2026-08-28,250,eBay,BEST_OFFER,RELISTED,0,https://www.ebay.com/itm/206512934937
c8938164-89b2-44af-8b71-f4e621a3e2a7,2026-08-27,214.65,eBay,AUCTION,ok,0,https://www.ebay.com/itm/278277589723
c8938164-89b2-44af-8b71-f4e621a3e2a7,2026-08-24,350,PWCC Fixed Price,BEST_OFFER,ok,0,https://www.fanaticscollect.com/buy-now/c66bb87b-f976-48d6-b0d8-8b0b306e8e11
c8938164-89b2-44af-8b71-f4e621a3e2a7,2026-08-21,192.51,eBay,AUCTION,ok,0,https://www.ebay.com/itm/257681048927
c8938164-89b2-44af-8b71-f4e621a3e2a7,2026-08-20,200,eBay,BEST_OFFER,ok,0,https://www.ebay.com/itm/178427092235
c8938164-89b2-44af-8b71-f4e621a3e2a7,2026-08-16,255,eBay,AUCTION,ok,0,https://www.ebay.com/itm/267752415247
c84e8dd7-f31f-4b00-be6c-4d5ca2375ff7,2026-09-03,99.99,eBay,BEST_OFFER,ok,0,https://www.ebay.com/itm/800453082158
c84e8dd7-f31f-4b00-be6c-4d5ca2375ff7,2026-06-03,39,eBay,AUCTION,ok,0,https://www.ebay.com/itm/117216365937
c84e8dd7-f31f-4b00-be6c-4d5ca2375ff7,2025-12-21,11.5,eBay,AUCTION,ok,0,https://www.ebay.com/itm/287006776032
c84e8dd7-f31f-4b00-be6c-4d5ca2375ff7,2025-11-27,29.99,eBay,BUY_IT_NOW,ok,0,https://www.ebay.com/itm/405842693791
c84e8dd7-f31f-4b00-be6c-4d5ca2375ff7,2025-06-23,29,eBay,BUY_IT_NOW,ok,0,https://www.ebay.com/itm/356835275663
c84e8dd7-f31f-4b00-be6c-4d5ca2375ff7,2025-04-27,23.02,eBay,AUCTION,ok,0,https://www.ebay.com/itm/286502551881
c84e8dd7-f31f-4b00-be6c-4d5ca2375ff7,2025-04-27,16.8,PWCC Weekly Auctions,AUCTION,ok,0,https://www.fanaticscollect.com/weekly/5fbbfde8-1ed9-11f0-874c-0a58a9feac02
c84e8dd7-f31f-4b00-be6c-4d5ca2375ff7,2025-03-20,40,eBay,BEST_OFFER,ok,0,https://www.ebay.com/itm/166706863787
c84e8dd7-f31f-4b00-be6c-4d5ca2375ff7,2024-10-12,15.99,eBay,AUCTION,ok,0,https://www.ebay.com/itm/2000-POKEMON-BASE-SET-2-128-LIGHTNING-ENERGY-PSA-10-/305821324886
c84e8dd7-f31f-4b00-be6c-4d5ca2375ff7,2024-10-08,16,eBay,AUCTION,ok,0,https://www.ebay.com/itm/PSA-10-2000-POKEMON-GAME-BASE-II-128-LIGHTNING-ENERGY-/395755407579
c81856db-5048-4b3b-849d-832d29c780d6,2025-07-06,40.76,eBay,BEST_OFFER,ok,0,https://www.ebay.com/itm/356778868226
c81856db-5048-4b3b-849d-832d29c780d6,2024-08-08,19.99,eBay,BUY_IT_NOW,ok,0,https://www.ebay.com/itm/Grimmsnarl-V-2020-Pokemon-SWSH-BSP-Champions-Path-057-PSA-10-GEM-MINT-/315004946198
c81856db-5048-4b3b-849d-832d29c780d6,2024-07-14,25,eBay,BUY_IT_NOW,ok,0,https://www.ebay.com/itm/2020-Pokemon-SWSH-BSP-Grimmsnarl-V-Champions-Path-Premium-Collection-57-PSA-10-/176470863951
c81856db-5048-4b3b-849d-832d29c780d6,2024-07-08,17.63,eBay,BEST_OFFER,ok,0,https://www.ebay.com/itm/Grimmsnarl-V-SWSH057-Champions-Path-Premium-Collection-2020-PSA-10-Gem-Mint-/375523403817
c81856db-5048-4b3b-849d-832d29c780d6,2024-07-08,12.5,eBay,AUCTION,ok,0,https://www.ebay.com/itm/2020-Pokemon-SWSH-BSP-Grimmsnarl-V-Champions-Path-Premium-Collection-57-PSA-10-/126559770419
c81856db-5048-4b3b-849d-832d29c780d6,2024-04-24,16.61,eBay,AUCTION,ok,0,https://www.ebay.com/itm/2020-Pokemon-SWSH-Champions-Path-057-Grimmsnarl-V-PSA-10-GEM-MINT-/386933850694
c81856db-5048-4b3b-849d-832d29c780d6,2024-03-18,11.99,eBay,BUY_IT_NOW,ok,0,https://www.ebay.com/itm/2020-POKEMON-SWSH-BLACK-STAR-CHAMPION-PATH-057-GRIMMSNARL-V-PSA-10-X3588891-190-/386868092800
c81856db-5048-4b3b-849d-832d29c780d6,2024-03-05,10.5,eBay,AUCTION,ok,0,https://www.ebay.com/itm/Grimmsnarl-V-2020-Pokemon-SWSH-BSP-Champions-Path-Premium-057-PSA-10-GEM-MINT-/196267615003
c81856db-5048-4b3b-849d-832d29c780d6,2024-02-03,33.49,eBay,BEST_OFFER,ok,0,https://www.ebay.com/itm/PSA-10-2020-Pokemon-GRIMMSNARL-V-SWSH057-Promo-Champions-Path-/354743105182
c81856db-5048-4b3b-849d-832d29c780d6,2024-01-27,11.99,eBay,BUY_IT_NOW,ok,0,https://www.ebay.com/itm/2020-POKEMON-SWSH-BLACK-STAR-CHAMPION-PATH-057-GRIMMSNARL-V-PSA-10-X3566623-197-/266588665490
c8ad96bc-2ab5-4ddb-9ed6-b179318b210c,2025-09-07,18,PWCC Weekly Auctions,AUCTION,ok,0,https://www.fanaticscollect.com/weekly/879816c0-7f79-11f0-a997-0a58a9feac02
c8ad96bc-2ab5-4ddb-9ed6-b179318b210c,2024-11-26,28.25,eBay,BUY_IT_NOW,ok,0,https://www.ebay.com/itm/2020-PokeMon-TCG-Dracovish-235-Japanese-PSA-10-/365093789705
c8ad96bc-2ab5-4ddb-9ed6-b179318b210c,2024-08-22,20,eBay,BEST_OFFER,ok,0,https://www.ebay.com/itm/2020-Pokemon-Shiny-Star-V-Dracovish-Shiny-Holo-Rare-235-PSA-10-/156359686251
c8ad96bc-2ab5-4ddb-9ed6-b179318b210c,2024-03-14,20.2,eBay,AUCTION,ok,0,https://www.ebay.com/itm/2020-Pokemon-Japanese-SWSH-Shiny-Star-V-235-Dracovish-PSA-10-GEM-MINT-/386842239832
c8ad96bc-2ab5-4ddb-9ed6-b179318b210c,2023-09-17,20.5,eBay,AUCTION,ok,0,https://www.ebay.com/itm/2020-Pokemon-SWSH-Japanese-Dracovish-Shiny-Star-V-235-190-PSA-10-/374928642408
c8ad96bc-2ab5-4ddb-9ed6-b179318b210c,2023-09-09,51.43,eBay,BEST_OFFER,ok,0,https://www.ebay.com/itm/PSA-10-2020-Pokemon-DRACOVISH-235-190-Shiny-Holo-Japanese-/354724579012
c8ad96bc-2ab5-4ddb-9ed6-b179318b210c,2023-08-25,21.5,eBay,AUCTION,ok,0,https://www.ebay.com/itm/2020-Pokemon-Japanese-SWSH-Sword-Shield-Dracovish-Shiny-Star-V-235-190-PSA-10-/235137861519
c8ad96bc-2ab5-4ddb-9ed6-b179318b210c,2023-07-22,28,eBay,BUY_IT_NOW,ok,0,https://www.ebay.com/itm/2020-Pokemon-Japanese-Sword-Shield-Shiny-Star-V-235-Dracovish-PSA-10-/145198628620
c8ad96bc-2ab5-4ddb-9ed6-b179318b210c,2023-03-20,45,eBay,BEST_OFFER,ok,0,https://www.ebay.com/itm/2020-Pokemon-Japanese-Shiny-Star-V-Dracovish-Gem-Mint-PSA-10-/185783080478
c8ad96bc-2ab5-4ddb-9ed6-b179318b210c,2023-02-16,24.59,eBay,BUY_IT_NOW,ok,0,https://www.ebay.com/itm/Pokemon-Dracovish-235-190-Shining-Star-V-PSA-10-/175525079469
c8e97f5d-9694-4fd9-bad2-baa1300b794c,2026-09-14,121,eBay,BEST_OFFER,ok,0,https://www.ebay.com/itm/178488563054
c8e97f5d-9694-4fd9-bad2-baa1300b794c,2026-09-08,162.61,eBay,BUY_IT_NOW,ok,0,https://www.ebay.com/itm/278343656084
c8e97f5d-9694-4fd9-bad2-baa1300b794c,2026-09-07,155,eBay,BUY_IT_NOW,ok,0,https://www.ebay.com/itm/117388605672
c8e97f5d-9694-4fd9-bad2-baa1300b794c,2026-09-07,124.5,eBay,AUCTION,ok,0,https://www.ebay.com/itm/137683314031
c8e97f5d-9694-4fd9-bad2-baa1300b794c,2026-09-05,133.5,eBay,AUCTION,ok,0,https://www.ebay.com/itm/336768501710
c8e97f5d-9694-4fd9-bad2-baa1300b794c,2026-09-04,155,eBay,BEST_OFFER,ok,0,https://www.ebay.com/itm/168644101952
c8e97f5d-9694-4fd9-bad2-baa1300b794c,2026-08-22,150,eBay,BEST_OFFER,ok,0,https://www.ebay.com/itm/820011971671
c8e97f5d-9694-4fd9-bad2-baa1300b794c,2026-08-21,135,eBay,BEST_OFFER,ok,0,https://www.ebay.com/itm/398289814809
c8e97f5d-9694-4fd9-bad2-baa1300b794c,2026-08-17,168.52,eBay,BEST_OFFER,ok,0,https://www.ebay.com/itm/287524139444
c8e97f5d-9694-4fd9-bad2-baa1300b794c,2026-08-15,139.5,eBay,AUCTION,ok,0,https://www.ebay.com/itm/198556997291
c8829a20-5b4e-469e-9b91-7f00b9b6a7af,2026-09-12,8000,eBay,AUCTION,ok,0,https://www.ebay.com/itm/117395732191
c8829a20-5b4e-469e-9b91-7f00b9b6a7af,2026-05-02,6000,eBay,BUY_IT_NOW,ok,0,https://www.ebay.com/itm/287218371882
c8829a20-5b4e-469e-9b91-7f00b9b6a7af,2025-09-21,1345,eBay,AUCTION,ok,0,https://www.ebay.com/itm/317244925965
c8829a20-5b4e-469e-9b91-7f00b9b6a7af,2025-08-02,1500,eBay,BEST_OFFER,ok,0,https://www.ebay.com/itm/376260768545
c8829a20-5b4e-469e-9b91-7f00b9b6a7af,2025-05-01,1300,eBay,BEST_OFFER,ok,0,https://www.ebay.com/itm/156249207883
c8829a20-5b4e-469e-9b91-7f00b9b6a7af,2025-04-17,1299.99,eBay,BUY_IT_NOW,ok,0,https://www.ebay.com/itm/306025522213
c8829a20-5b4e-469e-9b91-7f00b9b6a7af,2024-06-23,630,PWCC Weekly Auctions,AUCTION,ok,0,https://www.fanaticscollect.com/weekly/e20a08bc-21f5-11ef-bca4-0a58a9feac02
c8829a20-5b4e-469e-9b91-7f00b9b6a7af,2023-05-14,1110,PWCC Weekly Auctions,AUCTION,ok,0,https://www.fanaticscollect.com/weekly/95677380-eb07-11ed-9dd8-0a58a9feac02
c8829a20-5b4e-469e-9b91-7f00b9b6a7af,2022-07-27,1350,eBay,BEST_OFFER,ok,0,https://www.ebay.com/itm/PSA-10-Charizard-EX-Unlimited-Wild-Blaze-XY2-Pokemon-081-Japanese-pop17-FedEx-/304570396703
c8829a20-5b4e-469e-9b91-7f00b9b6a7af,2021-12-21,405,eBay,BUY_IT_NOW,ok,0,https://www.ebay.com/itm/Pokemon-Japanese-XY-Charizard-Ex-Full-Art-Wild-Blaze-Psa-10-81-/154757777135
c8e20177-76de-48fb-9583-aa33ca2fd979,2026-09-23,160,eBay,BUY_IT_NOW,ok,0,https://www.ebay.com/itm/377452446438
c8e20177-76de-48fb-9583-aa33ca2fd979,2026-09-17,126,Alt,AUCTION,ok,0,https://alt.xyz/exchange/select-listing?ids=a6944766-df7e-4312-b2a9-6cc54299fe55
c8e20177-76de-48fb-9583-aa33ca2fd979,2026-09-09,160,eBay,BUY_IT_NOW,ok,0,https://www.ebay.com/itm/407091211963
c8e20177-76de-48fb-9583-aa33ca2fd979,2026-09-09,150,eBay,BEST_OFFER,ok,0,https://www.ebay.com/itm/147526510577
c8e20177-76de-48fb-9583-aa33ca2fd979,2026-09-09,139.99,eBay,BUY_IT_NOW,ok,0,https://www.ebay.com/itm/257732748929
c8e20177-76de-48fb-9583-aa33ca2fd979,2026-09-06,126,PWCC Weekly Auctions,AUCTION,ok,0,https://www.fanaticscollect.com/weekly/c039462e-a5d0-11f1-b52d-0a58a9feac02
c8e20177-76de-48fb-9583-aa33ca2fd979,2026-08-31,124.99,eBay,BEST_OFFER,ok,0,https://www.ebay.com/itm/377458268618
c8e20177-76de-48fb-9583-aa33ca2fd979,2026-08-29,145,eBay,BEST_OFFER,ok,0,https://www.ebay.com/itm/366622703660
c8e20177-76de-48fb-9583-aa33ca2fd979,2026-08-24,119.76,eBay,AUCTION,ok,0,https://www.ebay.com/itm/227486403246
c8e20177-76de-48fb-9583-aa33ca2fd979,2026-08-22,164.95,eBay,BUY_IT_NOW,ok,0,https://www.ebay.com/itm/128038606273
c814e087-0ab4-462c-8ffa-7df089751110,2026-07-12,75,eBay,BEST_OFFER,ok,0,https://www.ebay.com/itm/298408017032
c814e087-0ab4-462c-8ffa-7df089751110,2026-05-16,42.87,eBay,AUCTION,ok,0,https://www.ebay.com/itm/298300874183
c814e087-0ab4-462c-8ffa-7df089751110,2025-05-27,177.99,eBay,BEST_OFFER,ok,0,https://www.ebay.com/itm/356973397564
c814e087-0ab4-462c-8ffa-7df089751110,2022-08-06,51.86,eBay,BUY_IT_NOW,ok,0,https://www.ebay.com/itm/POKEMON-PSA-10-GEM-MINT-55-2018-SUN-MOON-METAGROSS-HOLO-SKY-SPLITTING-CHARISMA-/293934412542
c814e087-0ab4-462c-8ffa-7df089751110,2022-02-06,19.2,PWCC Weekly Auctions,AUCTION,ok,0,https://www.fanaticscollect.com/weekly/1f75bd2c-6f23-11ed-8996-0a58a9feac02
c87a53c1-27c5-4ad1-968a-726fa96c318f,2026-08-22,670,eBay,BEST_OFFER,ok,0,https://www.ebay.com/itm/398050383209
c87a53c1-27c5-4ad1-968a-726fa96c318f,2026-06-11,1000,eBay,BEST_OFFER,ok,0,https://www.ebay.com/itm/406991033621
c87a53c1-27c5-4ad1-968a-726fa96c318f,2026-04-26,480,eBay,AUCTION,ok,0,https://www.ebay.com/itm/287278127008
c87a53c1-27c5-4ad1-968a-726fa96c318f,2026-01-21,299.99,eBay,BEST_OFFER,ok,0,https://www.ebay.com/itm/198042691278
c87a53c1-27c5-4ad1-968a-726fa96c318f,2025-11-28,300,eBay,BEST_OFFER,ok,0,https://www.ebay.com/itm/336288638430
c87a53c1-27c5-4ad1-968a-726fa96c318f,2025-08-10,75,eBay,BUY_IT_NOW,ok,0,https://www.ebay.com/itm/286757362552
c87a53c1-27c5-4ad1-968a-726fa96c318f,2024-12-08,45,eBay,AUCTION,ok,0,https://www.ebay.com/itm/2000-Pokemon-Mistys-Psyduck-PSA-10-Gym-Heroes-54-132-Gem-Mint-Unlimited-Common-/326360748968
c87a53c1-27c5-4ad1-968a-726fa96c318f,2024-11-26,79,eBay,BEST_OFFER,ok,0,https://www.ebay.com/itm/2000-Pokemon-Mistys-Psyduck-PSA-10-Gym-Heroes-54-132-Gem-Mint-Unlimited-POP-25-/205057732231
c87a53c1-27c5-4ad1-968a-726fa96c318f,2023-08-19,54,eBay,AUCTION,ok,0,https://www.ebay.com/itm/PSA-10-Mistys-Psyduck-Gym-Heroes-54-132-2000-English-Pokemon-/225724436672
c87a53c1-27c5-4ad1-968a-726fa96c318f,2023-04-23,69.95,eBay,BUY_IT_NOW,ok,0,https://www.ebay.com/itm/2000-Pokemon-Gym-Heroes-Mistys-Psyduck-Unlimited-54-132-PSA-10-POP-18-QTY-/195462737121
c8ebc6cb-b925-48ac-b0e9-3acb188e4fad,2022-02-26,108.88,eBay,BUY_IT_NOW,ok,0,https://www.ebay.com/itm/2005-Pokemon-EX-Unseen-Forces-98-Boost-Energy-PSA-10-Card-GEM-MINT-Rare-Pop-4-/154871198249
c80186af-a4a7-4f02-996a-f9256c0402c5,2026-08-17,460,eBay,AUCTION,ok,0,https://www.ebay.com/itm/147501239633
c80186af-a4a7-4f02-996a-f9256c0402c5,2026-07-19,470,eBay,BEST_OFFER,ok,0,https://www.ebay.com/itm/398165497886
c80186af-a4a7-4f02-996a-f9256c0402c5,2026-06-20,365,eBay,AUCTION,ok,0,https://www.ebay.com/itm/278068653705
c80186af-a4a7-4f02-996a-f9256c0402c5,2026-06-05,459.34,eBay,AUCTION,ok,0,https://www.ebay.com/itm/137356900820
c80186af-a4a7-4f02-996a-f9256c0402c5,2026-05-24,450,eBay,BEST_OFFER,ok,0,https://www.ebay.com/itm/366430523717
c80186af-a4a7-4f02-996a-f9256c0402c5,2026-05-18,490,eBay,AUCTION,ok,0,https://www.ebay.com/itm/147309616291
c80186af-a4a7-4f02-996a-f9256c0402c5,2026-02-19,401,eBay,BEST_OFFER,ok,0,https://www.ebay.com/itm/406557671674
c80186af-a4a7-4f02-996a-f9256c0402c5,2026-02-07,329.99,eBay,BUY_IT_NOW,ok,0,https://www.ebay.com/itm/127663321197
c80186af-a4a7-4f02-996a-f9256c0402c5,2025-10-12,240,eBay,BEST_OFFER,ok,0,https://www.ebay.com/itm/136573327765
c80186af-a4a7-4f02-996a-f9256c0402c5,2025-06-28,230,eBay,BEST_OFFER,ok,0,https://www.ebay.com/itm/396791214078
c80b6f2c-141f-4434-985f-35bb8cdc80bb,2026-06-03,154.99,eBay,BEST_OFFER,ok,0,https://www.ebay.com/itm/188464073247
c80b6f2c-141f-4434-985f-35bb8cdc80bb,2026-05-24,144.86,eBay,BEST_OFFER,ok,0,https://www.ebay.com/itm/376993129195
c80b6f2c-141f-4434-985f-35bb8cdc80bb,2026-02-03,109.33,eBay,BUY_IT_NOW,ok,0,https://www.ebay.com/itm/177409251306
c80b6f2c-141f-4434-985f-35bb8cdc80bb,2026-01-24,112,eBay,BEST_OFFER,ok,0,https://www.ebay.com/itm/334816332241
c80b6f2c-141f-4434-985f-35bb8cdc80bb,2025-11-30,83,eBay,AUCTION,ok,0,https://www.ebay.com/itm/227098110799
c80b6f2c-141f-4434-985f-35bb8cdc80bb,2025-06-25,41,eBay,AUCTION,ok,0,https://www.ebay.com/itm/127189618462
c80b6f2c-141f-4434-985f-35bb8cdc80bb,2025-02-16,43,eBay,AUCTION,ok,0,https://www.ebay.com/itm/2000-Pokemon-Topps-Chrome-Seaking-119-PSA-10-Gem-Mint-/286314619751
c80b6f2c-141f-4434-985f-35bb8cdc80bb,2025-02-02,24.51,eBay,AUCTION,RELISTED,0,https://www.ebay.com/itm/2000-Pokemon-Topps-Chrome-Seaking-119-PSA-10-Gem-Mint-/286282665171
c80b6f2c-141f-4434-985f-35bb8cdc80bb,2024-12-01,40,eBay,BEST_OFFER,ok,0,https://www.ebay.com/itm/2000-Topps-Chrome-Pokemon-TV-119-Seaking-PSA-10-/375760362723
c80b6f2c-141f-4434-985f-35bb8cdc80bb,2024-11-08,38.98,eBay,BUY_IT_NOW,ok,0,https://www.ebay.com/itm/Pokemon-Seaking-2000-Topps-Chrome-Series-2-PSA-10-Gem-Mint-Holo-119-/126664818064
c8236e19-514d-4243-ba82-3bab96d3d0be,2026-08-16,1000,eBay,BEST_OFFER,ok,0,https://www.ebay.com/itm/407072795066
c8236e19-514d-4243-ba82-3bab96d3d0be,2026-08-15,1000,eBay,BEST_OFFER,ok,0,https://www.ebay.com/itm/178308795077
c8236e19-514d-4243-ba82-3bab96d3d0be,2026-07-09,351.97,eBay,BUY_IT_NOW,ok,0,https://www.ebay.com/itm/318071755526
c8236e19-514d-4243-ba82-3bab96d3d0be,2026-04-12,299.99,eBay,BUY_IT_NOW,ok,0,https://www.ebay.com/itm/318071755526
c8236e19-514d-4243-ba82-3bab96d3d0be,2026-03-25,299.99,eBay,BUY_IT_NOW,ok,0,https://www.ebay.com/itm/116899274718
c8236e19-514d-4243-ba82-3bab96d3d0be,2026-02-02,179.99,eBay,BUY_IT_NOW,ok,0,https://www.ebay.com/itm/177268643750
c8236e19-514d-4243-ba82-3bab96d3d0be,2025-10-12,125,eBay,BEST_OFFER,ok,0,https://www.ebay.com/itm/146848451687
c8236e19-514d-4243-ba82-3bab96d3d0be,2025-07-13,70.13,eBay,AUCTION,ok,0,https://www.ebay.com/itm/136081809626
c8236e19-514d-4243-ba82-3bab96d3d0be,2025-06-19,59.99,eBay,BUY_IT_NOW,ok,0,https://www.ebay.com/itm/297343717328
c8236e19-514d-4243-ba82-3bab96d3d0be,2025-05-26,41,eBay,AUCTION,ok,0,https://www.ebay.com/itm/376262495018
c896bf4b-15e9-4244-b042-96d9aed52841,2026-05-31,103.5,eBay,AUCTION,ok,0,https://www.ebay.com/itm/287344936165
c896bf4b-15e9-4244-b042-96d9aed52841,2024-10-08,69.99,eBay,BUY_IT_NOW,ok,0,https://www.ebay.com/itm/PSA-10-2004-Pokemon-ex-Team-Magma-vs-Team-Aqua-23-Magmas-Zangoose-/204955417069
c896bf4b-15e9-4244-b042-96d9aed52841,2022-05-02,57.56,eBay,AUCTION,ok,0,https://www.ebay.com/itm/2004-POKEMON-TEAM-MAGMAS-ZANGOOSE-TEAM-MAGMA-VS-TEAM-AQUA-PSA-10-WSC-/134098966294
c84bf6a7-b863-41cd-9c1d-90c86516855a,2026-08-31,4999,eBay,BUY_IT_NOW,ok,0,https://www.ebay.com/itm/117090560905
c84bf6a7-b863-41cd-9c1d-90c86516855a,2026-06-01,2649,eBay,AUCTION,ok,0,https://www.ebay.com/itm/157945767008
c84bf6a7-b863-41cd-9c1d-90c86516855a,2026-02-20,2000,eBay,BEST_OFFER,ok,0,https://www.ebay.com/itm/117045117849
c84bf6a7-b863-41cd-9c1d-90c86516855a,2025-11-25,999.99,eBay,BEST_OFFER,ok,0,https://www.ebay.com/itm/405410346312
c84bf6a7-b863-41cd-9c1d-90c86516855a,2025-09-21,721.2,eBay,AUCTION,ok,0,https://www.ebay.com/itm/197684167940
c84bf6a7-b863-41cd-9c1d-90c86516855a,2025-09-07,900,PWCC Weekly Auctions,AUCTION,ok,0,https://www.fanaticscollect.com/weekly/20f30efc-8163-11f0-b8d1-0a58a9feac02
c84bf6a7-b863-41cd-9c1d-90c86516855a,2025-09-03,750,eBay,BEST_OFFER,ok,0,https://www.ebay.com/itm/326514390133
c84bf6a7-b863-41cd-9c1d-90c86516855a,2025-08-24,750,PWCC Weekly Auctions,AUCTION,ok,0,https://www.fanaticscollect.com/weekly/8050dd7c-7e5a-11f0-b35c-02459921a573
c84bf6a7-b863-41cd-9c1d-90c86516855a,2025-08-16,831,eBay,AUCTION,ok,0,https://www.ebay.com/itm/388817459084
c84bf6a7-b863-41cd-9c1d-90c86516855a,2025-07-27,630,PWCC Weekly Auctions,AUCTION,ok,0,https://www.fanaticscollect.com/weekly/d83469bc-60d9-11f0-9d72-0a58a9feac02
c814d834-abe6-4ef5-974a-e6882cf3d0df,2025-10-23,42,eBay,BEST_OFFER,ok,0,https://www.ebay.com/itm/177477667303
c814d834-abe6-4ef5-974a-e6882cf3d0df,2024-10-30,39.99,eBay,BUY_IT_NOW,ok,0,https://www.ebay.com/itm/PSA-10-GEM-MINT-Graveler-30-64-Neo-Revelation-Pokemon-Card-589-/314815906440
c814d834-abe6-4ef5-974a-e6882cf3d0df,2023-01-02,42.1,eBay,AUCTION,ok,0,https://www.ebay.com/itm/Pokemon-Neo-Revelation-Graveler-30-64-PSA-10-/204202755669
c814d834-abe6-4ef5-974a-e6882cf3d0df,2022-05-25,23,eBay,BUY_IT_NOW,ok,0,https://www.ebay.com/itm/2001-Pokemon-Neo-Revelation-Graveler-30-64-PSA-10-Gem-Mint-/275322949837
c8f992dc-c6ee-4db4-8248-d8ea77cc3c08,2026-07-22,5600,eBay,AUCTION,ok,0,https://www.ebay.com/itm/298504749576
c8f992dc-c6ee-4db4-8248-d8ea77cc3c08,2026-06-18,6900,eBay,AUCTION,ok,0,https://www.ebay.com/itm/117238707649
c8f992dc-c6ee-4db4-8248-d8ea77cc3c08,2026-04-27,5000,eBay,BUY_IT_NOW,ok,0,https://www.ebay.com/itm/117161473141
c8f992dc-c6ee-4db4-8248-d8ea77cc3c08,2026-03-14,3600,eBay,BEST_OFFER,ok,0,https://www.ebay.com/itm/277371727051
c8f992dc-c6ee-4db4-8248-d8ea77cc3c08,2025-07-28,1500,eBay,BUY_IT_NOW,ok,0,https://www.ebay.com/itm/376439631704
c8f992dc-c6ee-4db4-8248-d8ea77cc3c08,2025-03-26,1300,eBay,BUY_IT_NOW,ok,0,https://www.ebay.com/itm/226607590117
c8f992dc-c6ee-4db4-8248-d8ea77cc3c08,2024-05-13,399.99,eBay,BEST_OFFER,ok,0,https://www.ebay.com/itm/Ho-Oh-Legend-111-123-Heartgold-Soulsilver-PSA-10-/116180664040
c8f992dc-c6ee-4db4-8248-d8ea77cc3c08,2023-06-13,301,eBay,AUCTION,ok,0,https://www.ebay.com/itm/Ho-Oh-Legend-Top-139-111-123-PSA-10-GEM-MINT-Holo-HGSS-Pokemon-Pop-33-/285319775986
c8f992dc-c6ee-4db4-8248-d8ea77cc3c08,2023-06-06,1000,eBay,BEST_OFFER,ok,0,https://www.ebay.com/itm/Pokemon-TCG-Ho-oh-Legend-111-123-Top-HeartGold-SoulSilver-PSA-10-Gem-Mint-/354414625161
c8f992dc-c6ee-4db4-8248-d8ea77cc3c08,2023-03-19,355,eBay,AUCTION,ok,0,https://www.ebay.com/itm/Ho-Oh-Legend-Top-139-111-123-PSA-10-GEM-MINT-Holo-HGSS-Pokemon-Pop-33-/385478280856
c84b42f3-7cc8-4e71-90c9-ce2c6b31f559,2022-07-11,20.5,eBay,AUCTION,ok,0,https://www.ebay.com/itm/2020-POKEMON-SWORD-SHIELD-SNOM-063-63-PSA-10-1103-/394138212195
c84b42f3-7cc8-4e71-90c9-ce2c6b31f559,2022-07-10,15.5,eBay,AUCTION,ok,0,https://www.ebay.com/itm/2020-POKEMON-SWORD-SHIELD-SNOM-063-63-PSA-10-1104-/165552822474
c8ddeab8-8b87-480c-a1cf-84403af186e7,2025-03-19,74.99,eBay,BUY_IT_NOW,ok,0,https://www.ebay.com/itm/297115394291
c8ddeab8-8b87-480c-a1cf-84403af186e7,2025-02-11,55,eBay,AUCTION,ok,0,https://www.ebay.com/itm/2004-POKEMON-JPN-ROCKET-GANG-STRIKES-BACK-1ST-EDITION-012-DARK-ARBOK-PSA-10-/306087577304
c8ddeab8-8b87-480c-a1cf-84403af186e7,2024-07-25,21.95,eBay,AUCTION,ok,0,https://www.ebay.com/itm/PSA-10-Gem-Mint-1st-Edition-Dark-Arbok-012-084-Rocket-Gang-Strikes-Back-2004-/355886362937
c8ddeab8-8b87-480c-a1cf-84403af186e7,2022-07-14,60,eBay,AUCTION,ok,0,https://www.ebay.com/itm/PSA-10-GEM-MINT-Dark-Arbok-012-084-1ST-EDITION-Japanese-Pokemon-Card-683-/314061162825
c8320ca8-5fb6-47fb-b68c-e054460d24f1,2026-06-07,1125,eBay,AUCTION,ok,0,https://www.ebay.com/itm/287359313010
c8320ca8-5fb6-47fb-b68c-e054460d24f1,2026-04-11,1000,eBay,BEST_OFFER,ok,0,https://www.ebay.com/itm/298180992732
c8320ca8-5fb6-47fb-b68c-e054460d24f1,2026-01-22,650,eBay,BEST_OFFER,ok,0,https://www.ebay.com/itm/366106627271
c8320ca8-5fb6-47fb-b68c-e054460d24f1,2025-11-23,523,eBay,AUCTION,ok,0,https://www.ebay.com/itm/286939842614
c8320ca8-5fb6-47fb-b68c-e054460d24f1,2025-11-20,455,eBay,AUCTION,ok,0,https://www.ebay.com/itm/297742110375
c8320ca8-5fb6-47fb-b68c-e054460d24f1,2025-09-18,880,eBay,BEST_OFFER,ok,0,https://www.ebay.com/itm/286819148171
c8320ca8-5fb6-47fb-b68c-e054460d24f1,2025-05-18,153.67,eBay,BEST_OFFER,ok,0,https://www.ebay.com/itm/236088368983
c8320ca8-5fb6-47fb-b68c-e054460d24f1,2025-04-20,165,eBay,BEST_OFFER,ok,0,https://www.ebay.com/itm/388173084592
c8320ca8-5fb6-47fb-b68c-e054460d24f1,2024-08-04,65,eBay,AUCTION,ok,0,https://www.ebay.com/itm/2019-Pokemon-Sun-Moon-Dragonite-Holo-Unified-Minds-Cracked-Ice-151-PSA-10-/375564745991
c8320ca8-5fb6-47fb-b68c-e054460d24f1,2024-02-02,100,eBay,BEST_OFFER,ok,0,https://www.ebay.com/itm/Dragonite-Cracked-Ice-PSA-10-Display-Sold-Separately-/225982197241
c80f43ba-2c9a-44de-8730-b759efc7ed54,2022-09-27,38.77,eBay,AUCTION,ok,0,https://www.ebay.com/itm/2018-Pokemon-Sun-Moon-Lost-Thunder-Ho-Oh-PSA-10-Gem-Mint-160-/255736624114
c8ae6bcb-5002-462e-b8e3-064e905bb96e,2026-08-09,56,eBay,AUCTION,ok,0,https://www.ebay.com/itm/287495388170
c8ae6bcb-5002-462e-b8e3-064e905bb96e,2026-05-24,46.33,eBay,AUCTION,ok,0,https://www.ebay.com/itm/306932449759
c8ae6bcb-5002-462e-b8e3-064e905bb96e,2026-04-09,52.83,eBay,BEST_OFFER,ok,0,https://www.ebay.com/itm/406837796140
c8ae6bcb-5002-462e-b8e3-064e905bb96e,2026-03-15,50,eBay,BEST_OFFER,ok,0,https://www.ebay.com/itm/257300777048
c8ae6bcb-5002-462e-b8e3-064e905bb96e,2026-03-14,45,eBay,BEST_OFFER,ok,0,https://www.ebay.com/itm/205742425258
c8ae6bcb-5002-462e-b8e3-064e905bb96e,2026-02-28,34,eBay,BEST_OFFER,ok,0,https://www.ebay.com/itm/286809124922
c8ae6bcb-5002-462e-b8e3-064e905bb96e,2026-02-22,34,eBay,BEST_OFFER,ok,0,https://www.ebay.com/itm/236614133408
c8ae6bcb-5002-462e-b8e3-064e905bb96e,2026-02-18,54.99,eBay,BEST_OFFER,ok,0,https://www.ebay.com/itm/376644511278
c8ae6bcb-5002-462e-b8e3-064e905bb96e,2026-02-01,35.99,eBay,BUY_IT_NOW,ok,0,https://www.ebay.com/itm/147125092283
c8ae6bcb-5002-462e-b8e3-064e905bb96e,2026-01-31,38,eBay,BEST_OFFER,ok,0,https://www.ebay.com/itm/116981553420
c8b7aaac-9a27-460c-8936-0068247ccc71,2026-09-16,41,eBay,AUCTION,ok,0,https://www.ebay.com/itm/117402870377
c8b7aaac-9a27-460c-8936-0068247ccc71,2026-09-10,36.57,CardHobby,AUCTION,ok,0,https://www.cardhobby.com/#/carddetails/134333886
c8b7aaac-9a27-460c-8936-0068247ccc71,2026-09-05,17.5,eBay,AUCTION,ok,0,https://www.ebay.com/itm/366636961205
c8b7aaac-9a27-460c-8936-0068247ccc71,2026-08-30,45,PWCC Fixed Price,BEST_OFFER,ok,0,https://www.fanaticscollect.com/buy-now/86b85945-e504-44ea-94f6-efad808130a5
c8b7aaac-9a27-460c-8936-0068247ccc71,2026-08-30,31,PWCC Fixed Price,BEST_OFFER,ok,0,https://www.fanaticscollect.com/buy-now/0c8ff533-ad71-4a7d-a19c-a5b0d9757b05
c8b7aaac-9a27-460c-8936-0068247ccc71,2026-08-22,41.89,CardHobby,AUCTION,ok,0,https://www.cardhobby.com/#/carddetails/129518138
c8b7aaac-9a27-460c-8936-0068247ccc71,2026-08-20,40.8,Alt,AUCTION,ok,0,https://alt.xyz/exchange/select-listing?ids=260bd182-bb86-43a4-8c25-79060f69dab5
c8b7aaac-9a27-460c-8936-0068247ccc71,2026-08-19,53.96,eBay,BUY_IT_NOW,ok,0,https://www.ebay.com/itm/298303856243
c8b7aaac-9a27-460c-8936-0068247ccc71,2026-07-09,51,eBay,BUY_IT_NOW,ok,0,https://www.ebay.com/itm/398147821255
c8b7aaac-9a27-460c-8936-0068247ccc71,2026-06-27,49.71,CardHobby,AUCTION,ok,0,https://www.cardhobby.com/#/carddetails/118818671
c81a857e-bd16-4e87-8af2-7c7576db5082,2026-09-18,71.99,eBay,AUCTION,ok,0,https://www.ebay.com/itm/366666921053
c81a857e-bd16-4e87-8af2-7c7576db5082,2026-09-13,45.99,eBay,AUCTION,ok,0,https://www.ebay.com/itm/128072078971
c81a857e-bd16-4e87-8af2-7c7576db5082,2026-09-10,85,eBay,BEST_OFFER,ok,0,https://www.ebay.com/itm/820110810267
c81a857e-bd16-4e87-8af2-7c7576db5082,2026-09-08,90,eBay,BUY_IT_NOW,ok,0,https://www.ebay.com/itm/377444649266
c81a857e-bd16-4e87-8af2-7c7576db5082,2026-09-07,75,eBay,BEST_OFFER,ok,0,https://www.ebay.com/itm/168531826737
c81a857e-bd16-4e87-8af2-7c7576db5082,2026-09-04,90,eBay,AUCTION,ok,0,https://www.ebay.com/itm/307149969347
c81a857e-bd16-4e87-8af2-7c7576db5082,2026-09-04,75,eBay,BEST_OFFER,ok,0,https://www.ebay.com/itm/398317922009
c81a857e-bd16-4e87-8af2-7c7576db5082,2026-08-31,85,eBay,BEST_OFFER,ok,0,https://www.ebay.com/itm/257671099701
c81a857e-bd16-4e87-8af2-7c7576db5082,2026-08-30,89.99,eBay,BEST_OFFER,ok,0,https://www.ebay.com/itm/128037304212
c81a857e-bd16-4e87-8af2-7c7576db5082,2026-08-26,70,eBay,BEST_OFFER,ok,0,https://www.ebay.com/itm/820042573971
c8748b1a-c4ea-4b6e-9277-f95490f8b850,2026-07-06,38,eBay,AUCTION,ok,0,https://www.ebay.com/itm/236902266551
c8748b1a-c4ea-4b6e-9277-f95490f8b850,2026-06-29,99.99,eBay,BUY_IT_NOW,ok,0,https://www.ebay.com/itm/327208866176
c8748b1a-c4ea-4b6e-9277-f95490f8b850,2026-06-22,55,PWCC Fixed Price,BEST_OFFER,ok,0,https://www.fanaticscollect.com/buy-now/8795d5b0-0aa7-42fd-ab20-817a472e09e8
c8748b1a-c4ea-4b6e-9277-f95490f8b850,2026-05-28,49.99,eBay,BEST_OFFER,ok,0,https://www.ebay.com/itm/389817355475
c8748b1a-c4ea-4b6e-9277-f95490f8b850,2026-05-02,45,eBay,BEST_OFFER,ok,0,https://www.ebay.com/itm/117097399952
c8748b1a-c4ea-4b6e-9277-f95490f8b850,2026-04-25,44,eBay,BUY_IT_NOW,ok,0,https://www.ebay.com/itm/377027692449
c8748b1a-c4ea-4b6e-9277-f95490f8b850,2026-04-25,43.99,eBay,BUY_IT_NOW,ok,0,https://www.ebay.com/itm/187186012032
c8748b1a-c4ea-4b6e-9277-f95490f8b850,2026-04-25,40,eBay,BEST_OFFER,ok,0,https://www.ebay.com/itm/257451910284
c8748b1a-c4ea-4b6e-9277-f95490f8b850,2026-04-25,39.99,eBay,BEST_OFFER,ok,0,https://www.ebay.com/itm/287131038041
c8748b1a-c4ea-4b6e-9277-f95490f8b850,2026-04-01,35,eBay,BEST_OFFER,ok,0,https://www.ebay.com/itm/197791709818
c862f7ab-ea28-4337-9385-94935f4a6bd4,2025-08-29,560,eBay,AUCTION,ok,0,https://www.ebay.com/itm/336139895907
c862f7ab-ea28-4337-9385-94935f4a6bd4,2025-07-13,380,eBay,AUCTION,ok,0,https://www.ebay.com/itm/286689935021
c862f7ab-ea28-4337-9385-94935f4a6bd4,2025-05-25,504,PWCC Weekly Auctions,AUCTION,ok,0,https://www.fanaticscollect.com/weekly/553f488c-2f57-11f0-8bc6-0a58a9feac02
c862f7ab-ea28-4337-9385-94935f4a6bd4,2024-08-06,241,eBay,BUY_IT_NOW,ok,0,https://www.ebay.com/itm/PSA-10-2007-Pokemon-Magmortar-Holo-Mysterious-Treasures-POP-4-/166725485392
c862f7ab-ea28-4337-9385-94935f4a6bd4,2023-06-18,182.5,eBay,AUCTION,ok,0,https://www.ebay.com/itm/2007-Pokemon-Diamond-Pearl-Mysterious-Treasures-12-123-Magmortar-Holo-PSA-10-/185938984415
c862f7ab-ea28-4337-9385-94935f4a6bd4,2023-06-03,187.5,eBay,AUCTION,ok,0,https://www.ebay.com/itm/PSA-Gem-Mint-10-2007-Pokemon-D-P-Mysterious-Treasures-Magmortar-Holo-12-Pop-3-/385643009232
c862f7ab-ea28-4337-9385-94935f4a6bd4,2023-03-02,600,eBay,BEST_OFFER,ok,0,https://www.ebay.com/itm/2007-Pokemon-mysterious-treasures-magmortar-holo-12-PSA-10-/134469774306
c862f7ab-ea28-4337-9385-94935f4a6bd4,2022-11-18,475,eBay,BEST_OFFER,ok,0,https://www.ebay.com/itm/PSA-10-Magmortar-Diamond-Pearl-Mysterious-Treasures-Holo-Pokemon-Card-12-123-/364053349653
c88fdb49-cc17-4978-aa4b-3a549d08c322,2026-09-11,677,eBay,AUCTION,ok,0,https://www.ebay.com/itm/307159914364
c88fdb49-cc17-4978-aa4b-3a549d08c322,2026-08-16,560,eBay,AUCTION,ok,0,https://www.ebay.com/itm/407132503924
c88fdb49-cc17-4978-aa4b-3a549d08c322,2026-08-01,610,eBay,AUCTION,RELISTED,0,https://www.ebay.com/itm/407103046259
c88fdb49-cc17-4978-aa4b-3a549d08c322,2026-07-31,499.99,eBay,BUY_IT_NOW,ok,0,https://www.ebay.com/itm/198511135107
c88fdb49-cc17-4978-aa4b-3a549d08c322,2026-02-27,172.5,eBay,AUCTION,ok,0,https://www.ebay.com/itm/376982775590
c88fdb49-cc17-4978-aa4b-3a549d08c322,2026-01-04,250,eBay,BEST_OFFER,ok,0,https://www.ebay.com/itm/116848670614
c88fdb49-cc17-4978-aa4b-3a549d08c322,2025-11-24,90,eBay,BUY_IT_NOW,ok,0,https://www.ebay.com/itm/176976085102
c88fdb49-cc17-4978-aa4b-3a549d08c322,2025-07-12,74.99,eBay,BUY_IT_NOW,ok,0,https://www.ebay.com/itm/195595614672
c88fdb49-cc17-4978-aa4b-3a549d08c322,2025-02-28,74.99,eBay,BEST_OFFER,ok,0,https://www.ebay.com/itm/PSA-10-GEM-MINT-DODUO-Red-Green-Gift-Set-84-Japanese-Graded-Pokemon-Card-/326079488137
c88fdb49-cc17-4978-aa4b-3a549d08c322,2024-05-09,41.48,Goldin Auctions,AUCTION,ok,0,https://goldin.co/item/1998-pokemon-japanese-red-green-gift-set-84-doduo-psa10kr2wh
c8f91dcd-84d8-489b-871b-76227a8bab68,2026-06-14,1675,eBay,AUCTION,ok,0,https://www.ebay.com/itm/287372395698
c8f91dcd-84d8-489b-871b-76227a8bab68,2026-02-02,910,eBay,AUCTION,ok,0,https://www.ebay.com/itm/366152993611
c8f91dcd-84d8-489b-871b-76227a8bab68,2025-03-14,300,eBay,BUY_IT_NOW,ok,0,https://www.ebay.com/itm/365391055277
c8f91dcd-84d8-489b-871b-76227a8bab68,2024-08-14,200,eBay,BUY_IT_NOW,ok,0,https://www.ebay.com/itm/PSA-10-Holon-Phantoms-Armaldo-POP-11-/256534572522
c8f91dcd-84d8-489b-871b-76227a8bab68,2024-04-28,152.03,eBay,AUCTION,ok,0,https://www.ebay.com/itm/Pokemon-Armaldo-1-110-ex-Holon-Phantoms-Reverse-Holo-PSA-10-POP-11-PV1-/285814927397
c8f91dcd-84d8-489b-871b-76227a8bab68,2022-11-27,127.61,eBay,AUCTION,ok,0,https://www.ebay.com/itm/PSA-10-GEM-MINT-Reverse-Holo-Armaldo-Pokemon-Card-EX-Holon-Phantoms-1-110-/314240174781
c89973a5-850c-4c6e-ac2d-de83295315f2,2026-06-23,76.69,eBay,AUCTION,ok,0,https://www.ebay.com/itm/307004622602
c89973a5-850c-4c6e-ac2d-de83295315f2,2024-01-14,23.16,eBay,AUCTION,ok,0,https://www.ebay.com/itm/PSA-10-Chingling-007-012-PtR-Regigigas-Collection-Pack-Deck-Pokemon-/315069797691
c89973a5-850c-4c6e-ac2d-de83295315f2,2022-12-04,25.2,PWCC Weekly Auctions,AUCTION,ok,0,https://www.fanaticscollect.com/weekly/41bf6ce8-6f23-11ed-aff3-0a58a9feac02
c8042cce-c167-4891-9e67-1594046af4c7,2026-08-06,39.95,eBay,BUY_IT_NOW,ok,0,https://www.ebay.com/itm/267726671051
c8042cce-c167-4891-9e67-1594046af4c7,2026-07-17,25.5,eBay,BUY_IT_NOW,ok,0,https://www.ebay.com/itm/127652024988
c8042cce-c167-4891-9e67-1594046af4c7,2026-07-14,36,eBay,AUCTION,ok,0,https://www.ebay.com/itm/127966247361
c8042cce-c167-4891-9e67-1594046af4c7,2026-07-10,39.95,eBay,BUY_IT_NOW,ok,0,https://www.ebay.com/itm/267654318656
c8042cce-c167-4891-9e67-1594046af4c7,2026-04-27,39.95,eBay,BUY_IT_NOW,ok,0,https://www.ebay.com/itm/255921525841
c8042cce-c167-4891-9e67-1594046af4c7,2026-03-08,31,eBay,AUCTION,ok,0,https://www.ebay.com/itm/298059437870
c8042cce-c167-4891-9e67-1594046af4c7,2025-09-22,26,eBay,AUCTION,ok,0,https://www.ebay.com/itm/236315703853
c8042cce-c167-4891-9e67-1594046af4c7,2025-03-22,25.72,eBay,AUCTION,ok,0,https://www.ebay.com/itm/356674079572
c8042cce-c167-4891-9e67-1594046af4c7,2024-08-24,24.99,eBay,BUY_IT_NOW,ok,0,https://www.ebay.com/itm/2022-Pokemon-Japanese-Regieleki-V-Paradigm-Trigger-FA-Full-Art-101-098-PSA-10-/195898432067
c8042cce-c167-4891-9e67-1594046af4c7,2024-06-05,33.99,eBay,BEST_OFFER,ok,0,https://www.ebay.com/itm/Pokemon-TCG-PSA-10-Regieleki-V-SR-101-098-Paradigm-Trigger-/134818646472
c8c058ec-4734-4ef1-8846-260d72b1bf1c,2026-09-06,300,eBay,BEST_OFFER,ok,0,https://www.ebay.com/itm/168421689422
c8c058ec-4734-4ef1-8846-260d72b1bf1c,2023-02-19,31,eBay,AUCTION,ok,0,https://www.ebay.com/itm/Manectric-PSA-10-Platinum-Arceus-44-2009-Pokemon-Card-/225408994562
c8c058ec-4734-4ef1-8846-260d72b1bf1c,2023-02-05,31,eBay,AUCTION,RELISTED,0,https://www.ebay.com/itm/Manectric-PSA-10-Platinum-Arceus-44-2009-Pokemon-Card-/225373155480
c86e8482-d687-4823-b5ba-d811c8541e72,2026-09-22,44.26,eBay,AUCTION,ok,0,https://www.ebay.com/itm/117412272651
c86e8482-d687-4823-b5ba-d811c8541e72,2026-09-20,46,eBay,AUCTION,ok,0,https://www.ebay.com/itm/307168978054
c86e8482-d687-4823-b5ba-d811c8541e72,2026-09-17,59.99,eBay,BUY_IT_NOW,ok,0,https://www.ebay.com/itm/227525828005
c86e8482-d687-4823-b5ba-d811c8541e72,2026-09-13,66,eBay,AUCTION,ok,0,https://www.ebay.com/itm/298640605718
c86e8482-d687-4823-b5ba-d811c8541e72,2026-09-13,61,eBay,AUCTION,ok,0,https://www.ebay.com/itm/307159748398
c86e8482-d687-4823-b5ba-d811c8541e72,2026-09-13,58,eBay,AUCTION,ok,0,https://www.ebay.com/itm/298640605427
c86e8482-d687-4823-b5ba-d811c8541e72,2026-09-13,55,eBay,AUCTION,ok,0,https://www.ebay.com/itm/307159748077
c86e8482-d687-4823-b5ba-d811c8541e72,2026-09-13,53,eBay,AUCTION,ok,0,https://www.ebay.com/itm/307159743977
c86e8482-d687-4823-b5ba-d811c8541e72,2026-09-13,53,eBay,AUCTION,ok,0,https://www.ebay.com/itm/298640606284
c86e8482-d687-4823-b5ba-d811c8541e72,2026-09-13,52,eBay,AUCTION,ok,0,https://www.ebay.com/itm/117392883258
c82c18c3-8592-40ab-855a-e5887c02c815,2026-07-16,36,Alt,AUCTION,ok,0,https://alt.xyz/exchange/select-listing?ids=b41b381b-34e4-434b-be41-e56bd172f6b0
c82c18c3-8592-40ab-855a-e5887c02c815,2026-02-06,63,eBay,BUY_IT_NOW,ok,0,https://www.ebay.com/itm/297672418111
c82c18c3-8592-40ab-855a-e5887c02c815,2025-12-14,44.99,eBay,BUY_IT_NOW,ok,0,https://www.ebay.com/itm/155382044302
c82c18c3-8592-40ab-855a-e5887c02c815,2025-06-28,45,eBay,BUY_IT_NOW,ok,0,https://www.ebay.com/itm/395656455773
c82c18c3-8592-40ab-855a-e5887c02c815,2024-02-09,16.05,eBay,AUCTION,ok,0,https://www.ebay.com/itm/2022-POKEMON-DARK-PHANTASMA-FULL-ART-81-71-V-PSA-10-JAPANESE-GALLADE-/285682983495
c82c18c3-8592-40ab-855a-e5887c02c815,2023-11-09,59.99,eBay,BUY_IT_NOW,ok,0,https://www.ebay.com/itm/PSA-10-Pokemon-Gallade-V-081-Dark-Phantasma-Full-Art-Japanese-Card-/225443117865
c82c18c3-8592-40ab-855a-e5887c02c815,2023-08-06,21.07,eBay,AUCTION,ok,0,https://www.ebay.com/itm/PSA-10-GEM-MINT-Gallade-V-081-071-Secret-Rare-Dark-Phantasma-Pokemon-Japanese-/385872894459
c82c18c3-8592-40ab-855a-e5887c02c815,2023-02-19,20.4,PWCC Weekly Auctions,AUCTION,ok,0,https://www.fanaticscollect.com/weekly/0470b0c4-a86a-11ed-bc69-0a58a9feac02
c8d7504c-789c-4443-a4a8-28b2cd5c81ae,2026-07-03,36.99,eBay,BUY_IT_NOW,ok,0,https://www.ebay.com/itm/387766366785
c8d7504c-789c-4443-a4a8-28b2cd5c81ae,2026-06-01,49.95,eBay,BEST_OFFER,ok,0,https://www.ebay.com/itm/116888576350
c8d7504c-789c-4443-a4a8-28b2cd5c81ae,2026-04-23,34.99,eBay,BUY_IT_NOW,ok,0,https://www.ebay.com/itm/178031952165
c8d7504c-789c-4443-a4a8-28b2cd5c81ae,2025-04-13,19,eBay,BEST_OFFER,ok,0,https://www.ebay.com/itm/226371909579
c8d7504c-789c-4443-a4a8-28b2cd5c81ae,2023-05-18,26,eBay,AUCTION,ok,0,https://www.ebay.com/itm/2022-POKEMON-JAPANESE-SWORD-SHIELD-DARK-PHANTASMA-ENAMORUS-V-PSA-10-GEM-MINT-/125930754295
c8d7504c-789c-4443-a4a8-28b2cd5c81ae,2023-02-20,15.52,eBay,AUCTION,ok,0,https://www.ebay.com/itm/2022-Pokemon-SWSH-ENAMORUS-V-31-Dark-Phantasma-Chr-Fa-Japanese-PSA-10-GEM-MINT-/374507208382
c8fb288b-91a8-42fb-b761-d2ec9c260f2e,2026-05-13,18.5,eBay,BEST_OFFER,ok,0,https://www.ebay.com/itm/267666659277
c8fb288b-91a8-42fb-b761-d2ec9c260f2e,2026-03-26,27,eBay,BUY_IT_NOW,ok,0,https://www.ebay.com/itm/306696601023
c8fb288b-91a8-42fb-b761-d2ec9c260f2e,2026-03-26,22,eBay,BEST_OFFER,ok,0,https://www.ebay.com/itm/327066265654
c8fb288b-91a8-42fb-b761-d2ec9c260f2e,2026-03-07,16,eBay,AUCTION,ok,0,https://www.ebay.com/itm/117058662183
c8fb288b-91a8-42fb-b761-d2ec9c260f2e,2026-02-22,16,eBay,BEST_OFFER,ok,0,https://www.ebay.com/itm/317869559130
c8fb288b-91a8-42fb-b761-d2ec9c260f2e,2026-02-22,15,eBay,BEST_OFFER,ok,0,https://www.ebay.com/itm/317866052927
c8fb288b-91a8-42fb-b761-d2ec9c260f2e,2026-02-22,15,eBay,BEST_OFFER,ok,0,https://www.ebay.com/itm/317833046639
c8fb288b-91a8-42fb-b761-d2ec9c260f2e,2026-01-25,10,eBay,BEST_OFFER,ok,0,https://www.ebay.com/itm/317797940672
c8fb288b-91a8-42fb-b761-d2ec9c260f2e,2026-01-18,6.5,eBay,AUCTION,ok,0,https://www.ebay.com/itm/287061715254
c8fb288b-91a8-42fb-b761-d2ec9c260f2e,2025-12-17,16.5,eBay,AUCTION,RELISTED,0,https://www.ebay.com/itm/306649951548
c8c2afa7-2f12-48b8-9a53-26ab17c153ef,2023-03-10,24.5,eBay,AUCTION,ok,0,https://www.ebay.com/itm/2020-Pokemon-SWSH-Absol-Champions-Path-038-PSA-10-/364171548451
c8c63c78-dda5-49b2-a7e6-b26f46d1c758,2026-09-08,50,eBay,BEST_OFFER,ok,0,https://www.ebay.com/itm/227431175807
c8c63c78-dda5-49b2-a7e6-b26f46d1c758,2026-09-08,32,eBay,AUCTION,ok,0,https://www.ebay.com/itm/307154839235
c8c63c78-dda5-49b2-a7e6-b26f46d1c758,2026-09-06,26,eBay,AUCTION,ok,0,https://www.ebay.com/itm/298625312428
c8c63c78-dda5-49b2-a7e6-b26f46d1c758,2026-09-06,22.5,eBay,AUCTION,ok,0,https://www.ebay.com/itm/117383867943
c8c63c78-dda5-49b2-a7e6-b26f46d1c758,2026-09-03,28.54,CardHobby,AUCTION,ok,0,https://www.cardhobby.com/#/carddetails/131634553
c8c63c78-dda5-49b2-a7e6-b26f46d1c758,2026-08-26,25,eBay,AUCTION,ok,0,https://www.ebay.com/itm/206504693152
c8c63c78-dda5-49b2-a7e6-b26f46d1c758,2026-08-24,40,eBay,BEST_OFFER,ok,0,https://www.ebay.com/itm/800484214006
c8c63c78-dda5-49b2-a7e6-b26f46d1c758,2026-08-24,30.08,CardHobby,AUCTION,ok,0,https://www.cardhobby.com/#/carddetails/130357712
c8c63c78-dda5-49b2-a7e6-b26f46d1c758,2026-08-21,28.67,CardHobby,AUCTION,ok,0,https://www.cardhobby.com/#/carddetails/129867601
c8c63c78-dda5-49b2-a7e6-b26f46d1c758,2026-08-11,29.13,CardHobby,AUCTION,ok,0,https://www.cardhobby.com/#/carddetails/127816074
c82e8711-454f-43dc-9e6b-e106075c4021,2026-03-13,19.5,eBay,AUCTION,ok,0,https://www.ebay.com/itm/177945501853
c82e8711-454f-43dc-9e6b-e106075c4021,2026-02-23,43,eBay,BEST_OFFER,ok,0,https://www.ebay.com/itm/304970459675
c82e8711-454f-43dc-9e6b-e106075c4021,2025-09-29,42,eBay,BEST_OFFER,ok,0,https://www.ebay.com/itm/256306480386
c82e8711-454f-43dc-9e6b-e106075c4021,2024-12-15,11.5,eBay,AUCTION,ok,0,https://www.ebay.com/itm/PSA-10-2019-POKEMON-JAPANESE-SUN-MOON-ALTER-GENESIS-097-FULL-ART-ORICORIO-GX-/226486520091
c82e8711-454f-43dc-9e6b-e106075c4021,2024-01-06,31,eBay,AUCTION,ok,0,https://www.ebay.com/itm/PSA-10-Oricorio-GX-SR-Full-Art-Japanese-Pokemon-Card-Alter-Genesis-/155983860192
c82e8711-454f-43dc-9e6b-e106075c4021,2023-04-29,18.5,eBay,AUCTION,ok,0,https://www.ebay.com/itm/Pokemon-Japanese-Alter-Genesis-Oricorio-GX-097-095-SR-Full-Art-Secret-PSA-10-/195724700148
c82b2f7b-c667-4340-bbcb-1577efebf463,2026-09-23,157.5,eBay,AUCTION,ok,0,https://www.ebay.com/itm/178502623569
c82b2f7b-c667-4340-bbcb-1577efebf463,2026-09-20,155,eBay,AUCTION,ok,0,https://www.ebay.com/itm/117407708591
c82b2f7b-c667-4340-bbcb-1577efebf463,2026-09-20,133.5,eBay,AUCTION,ok,0,https://www.ebay.com/itm/298671704832
c82b2f7b-c667-4340-bbcb-1577efebf463,2026-09-19,162.5,eBay,AUCTION,ok,0,https://www.ebay.com/itm/307174228736
c82b2f7b-c667-4340-bbcb-1577efebf463,2026-09-14,165.5,eBay,AUCTION,ok,0,https://www.ebay.com/itm/398369554447
c82b2f7b-c667-4340-bbcb-1577efebf463,2026-09-13,190,eBay,BUY_IT_NOW,ok,0,https://www.ebay.com/itm/117407645051
c82b2f7b-c667-4340-bbcb-1577efebf463,2026-09-13,132.99,eBay,BUY_IT_NOW,ok,0,https://www.ebay.com/itm/117394560874
c82b2f7b-c667-4340-bbcb-1577efebf463,2026-09-12,236.58,eBay,BUY_IT_NOW,ok,0,https://www.ebay.com/itm/406528245410
c82b2f7b-c667-4340-bbcb-1577efebf463,2026-09-11,153.51,eBay,AUCTION,ok,0,https://www.ebay.com/itm/117393048383
c82b2f7b-c667-4340-bbcb-1577efebf463,2026-09-10,285,eBay,BEST_OFFER,ok,0,https://www.ebay.com/itm/406991563365
c84a0952-e6ff-4c42-a74a-d1a51cb9c36d,2026-06-25,300,eBay,BEST_OFFER,ok,0,https://www.ebay.com/itm/298293526911
c84a0952-e6ff-4c42-a74a-d1a51cb9c36d,2026-04-17,231,eBay,BEST_OFFER,ok,0,https://www.ebay.com/itm/306794169751
c84a0952-e6ff-4c42-a74a-d1a51cb9c36d,2025-04-04,125,eBay,BEST_OFFER,ok,0,https://www.ebay.com/itm/375272622209
c84a0952-e6ff-4c42-a74a-d1a51cb9c36d,2023-08-02,110,eBay,BEST_OFFER,ok,0,https://www.ebay.com/itm/PSA-10-2009-Japanese-Pokemon-Switch-Reverse-Holo-Heart-Gold-Collection-1st-ED-/275978977269
c87a8077-f156-419f-92b5-66e710394299,2026-09-03,160,eBay,BUY_IT_NOW,ok,0,https://www.ebay.com/itm/366616780735
c87a8077-f156-419f-92b5-66e710394299,2026-09-03,160,eBay,BEST_OFFER,ok,0,https://www.ebay.com/itm/307087778239
c87a8077-f156-419f-92b5-66e710394299,2026-09-01,140,eBay,BEST_OFFER,ok,0,https://www.ebay.com/itm/298534521119
c87a8077-f156-419f-92b5-66e710394299,2026-08-21,140,eBay,BEST_OFFER,ok,0,https://www.ebay.com/itm/178428942500
c87a8077-f156-419f-92b5-66e710394299,2026-08-20,85.2,Alt,AUCTION,ok,0,https://alt.xyz/exchange/select-listing?ids=9513ea6d-dd89-4302-8741-17ea9016c6d2
c87a8077-f156-419f-92b5-66e710394299,2026-08-03,135,eBay,BEST_OFFER,ok,0,https://www.ebay.com/itm/336525412051
c87a8077-f156-419f-92b5-66e710394299,2026-07-02,117.6,Alt,AUCTION,ok,0,https://alt.xyz/exchange/select-listing?ids=c73b4766-d098-48c3-bf8f-a30cceed1b1a
c87a8077-f156-419f-92b5-66e710394299,2026-06-08,140,eBay,BEST_OFFER,ok,0,https://www.ebay.com/itm/336514198377
c87a8077-f156-419f-92b5-66e710394299,2026-06-04,144.69,eBay,BUY_IT_NOW,ok,0,https://www.ebay.com/itm/377098964422
c87a8077-f156-419f-92b5-66e710394299,2026-06-01,159.99,eBay,BEST_OFFER,ok,0,https://www.ebay.com/itm/117218502471
c8d60157-6738-423a-a9cf-bd79d83413bd,2025-01-21,38.87,eBay,AUCTION,ok,0,https://www.ebay.com/itm/POP-4-PSA-10-1999-MERLIN-POKEMON-KABUTOPS-228-/306044747740
c8d60157-6738-423a-a9cf-bd79d83413bd,2023-10-03,49.99,eBay,AUCTION,ok,0,https://www.ebay.com/itm/1999-POKEMON-MERLIN-228-KABUTOPS-PSA-10-GEM-MINT-/195996803924
c8313744-acb0-4132-8a21-1f93d08a0d1c,2026-09-13,29,eBay,AUCTION,ok,0,https://www.ebay.com/itm/298646168529
c8313744-acb0-4132-8a21-1f93d08a0d1c,2026-09-11,26,eBay,AUCTION,ok,0,https://www.ebay.com/itm/327337527775
c8313744-acb0-4132-8a21-1f93d08a0d1c,2026-09-10,81,Goldin Auctions,AUCTION,ok,0,https://goldin.co/item/larry-fitzgerald-signed-trading-card-psa-dna-gem-mt-10gzzau
c8313744-acb0-4132-8a21-1f93d08a0d1c,2026-09-09,26.83,CardHobby,AUCTION,ok,0,https://www.cardhobby.com/#/carddetails/134274300
c8313744-acb0-4132-8a21-1f93d08a0d1c,2026-09-08,44.99,eBay,BEST_OFFER,ok,0,https://www.ebay.com/itm/377392180580
c8313744-acb0-4132-8a21-1f93d08a0d1c,2026-09-08,29.79,eBay,AUCTION,ok,0,https://www.ebay.com/itm/128055949106
c8313744-acb0-4132-8a21-1f93d08a0d1c,2026-09-08,29,eBay,AUCTION,ok,0,https://www.ebay.com/itm/307154838472
c8313744-acb0-4132-8a21-1f93d08a0d1c,2026-08-27,42,eBay,BUY_IT_NOW,ok,0,https://www.ebay.com/itm/366601652486
c8313744-acb0-4132-8a21-1f93d08a0d1c,2026-08-23,28.49,CardHobby,AUCTION,ok,0,https://www.cardhobby.com/#/carddetails/130219564
c8313744-acb0-4132-8a21-1f93d08a0d1c,2026-08-14,38,eBay,BEST_OFFER,ok,0,https://www.ebay.com/itm/117333621663
c8669207-d19a-4216-8ba1-1ba07f785151,2024-05-29,75,eBay,BUY_IT_NOW,ok,0,https://www.ebay.com/itm/PSA-10-Pokemon-2002-Japanese-Wind-Sea-1st-Edition-Furret-066-/156218235630
c8669207-d19a-4216-8ba1-1ba07f785151,2023-10-20,62,eBay,AUCTION,ok,0,https://www.ebay.com/itm/PSA-10-Mint-Japanese-Pokemon-Furret-Wind-Sea-2002-E-Series-066-/196027390662
c8ccdd16-3bdf-4665-9a3d-9d391b3a3346,2026-06-26,725,eBay,BEST_OFFER,ok,0,https://www.ebay.com/itm/336653665329
c8ccdd16-3bdf-4665-9a3d-9d391b3a3346,2026-02-24,400,eBay,BEST_OFFER,ok,0,https://www.ebay.com/itm/277750805243
c8ccdd16-3bdf-4665-9a3d-9d391b3a3346,2026-01-20,725,eBay,BEST_OFFER,ok,0,https://www.ebay.com/itm/187971716549
c8ccdd16-3bdf-4665-9a3d-9d391b3a3346,2026-01-20,400,eBay,BEST_OFFER,RELISTED,0,https://www.ebay.com/itm/187900444367
c8ccdd16-3bdf-4665-9a3d-9d391b3a3346,2025-09-24,450,eBay,BEST_OFFER,ok,0,https://www.ebay.com/itm/156330583912
c8ccdd16-3bdf-4665-9a3d-9d391b3a3346,2025-09-10,296,eBay,BEST_OFFER,ok,0,https://www.ebay.com/itm/156105559405
c8ccdd16-3bdf-4665-9a3d-9d391b3a3346,2025-04-20,187.5,eBay,AUCTION,ok,0,https://www.ebay.com/itm/306229469545
c8ccdd16-3bdf-4665-9a3d-9d391b3a3346,2024-11-29,250,eBay,BEST_OFFER,ok,0,https://www.ebay.com/itm/1995-Pocket-Monsters-Japanese-Pokemon-Topsun-Magnemite-Blue-Back-81-PSA-10-/335513120268
c8ccdd16-3bdf-4665-9a3d-9d391b3a3346,2024-02-26,500,eBay,BEST_OFFER,ok,0,https://www.ebay.com/itm/Pokemon-Card-Japanese-Topsun-Blue-Back-81-Magnemite-PSA-10-Gem-Mint-/155998077480
c8ccdd16-3bdf-4665-9a3d-9d391b3a3346,2023-10-25,999,eBay,BEST_OFFER,ok,0,https://www.ebay.com/itm/PSA-10-1995-Magnemite-Topsun-Blue-Back-Pokemon-Cards-Japanese-Vintage-GEM-MINT-/144825651022
c8c1b2e7-b114-4f13-9143-0a75c60b4bf9,2026-08-30,5520,PWCC Weekly Auctions,AUCTION,ok,0,https://www.fanaticscollect.com/weekly/9b5268d0-9c0d-11f1-970a-0a87aa7d1eb1
c8c1b2e7-b114-4f13-9143-0a75c60b4bf9,2023-11-16,259.34,eBay,AUCTION,ok,0,https://www.ebay.com/itm/Pokemon-Card-PSA-10-Gem-Mint-Jumpluff-Secret-Wonders-2007-Holo-11-132-Pop-8-/115970851883
c8d6bd07-59cf-4acc-805a-f0b33d64b58e,2023-11-26,12.5,eBay,AUCTION,ok,0,https://www.ebay.com/itm/Pokemon-Houndour-Call-Legends-59-PSA-10-Gem-Mint-/285561059213
c8540d12-b02d-4572-920e-77f78fb1fb8f,2026-08-23,111.88,eBay,AUCTION,ok,0,https://www.ebay.com/itm/147509495531
c8540d12-b02d-4572-920e-77f78fb1fb8f,2026-08-20,272.11,eBay,BUY_IT_NOW,ok,0,https://www.ebay.com/itm/298585358694
c8540d12-b02d-4572-920e-77f78fb1fb8f,2026-07-05,156,PWCC Weekly Auctions,AUCTION,ok,0,https://www.fanaticscollect.com/weekly/41c09804-71d9-11f1-9caf-064c159dc425
c8540d12-b02d-4572-920e-77f78fb1fb8f,2026-06-20,174.51,eBay,AUCTION,ok,0,https://www.ebay.com/itm/298410173627
c8540d12-b02d-4572-920e-77f78fb1fb8f,2026-06-01,250,eBay,BUY_IT_NOW,ok,0,https://www.ebay.com/itm/178102435074
c8540d12-b02d-4572-920e-77f78fb1fb8f,2026-04-24,220,eBay,BEST_OFFER,ok,0,https://www.ebay.com/itm/297590367664
c8540d12-b02d-4572-920e-77f78fb1fb8f,2026-04-12,172.5,eBay,AUCTION,ok,0,https://www.ebay.com/itm/287251598536
c8540d12-b02d-4572-920e-77f78fb1fb8f,2026-02-25,105,eBay,BEST_OFFER,ok,0,https://www.ebay.com/itm/406460716722
c8540d12-b02d-4572-920e-77f78fb1fb8f,2026-02-12,108,Alt,AUCTION,ok,0,https://alt.xyz/exchange/select-listing?ids=50cdcfc3-c821-4af6-abba-ffe4fc1a9fb9
c8540d12-b02d-4572-920e-77f78fb1fb8f,2026-02-11,125,eBay,BEST_OFFER,ok,0,https://www.ebay.com/itm/397542925206
c8fd7446-c3cb-4997-828a-79f2199e3215,2024-09-09,20,eBay,BUY_IT_NOW,ok,0,https://www.ebay.com/itm/2023-Pokemon-SV2a-JP-Cycling-Road-Reverse-Gem-MT-pSA-10-/364918178570
c8fd7446-c3cb-4997-828a-79f2199e3215,2023-12-24,9,eBay,AUCTION,ok,0,https://www.ebay.com/itm/Pokemon-Cycling-Road-151-sv2a-Japanese-Reverse-Holo-165-PSA-10-Gem-Mint-/285609732959
c8fd7446-c3cb-4997-828a-79f2199e3215,2023-12-17,12.5,eBay,AUCTION,ok,0,https://www.ebay.com/itm/2023-POKEMON-JAPANESE-SV2a-POKEMON-151-165-CYCLING-ROAD-REVERSE-HOLO-PSA-10-/386372056406
c89ecab7-99e8-49f3-b4d7-2deb3a719f08,2026-08-20,75,eBay,BEST_OFFER,ok,0,https://www.ebay.com/itm/306904806397
c89ecab7-99e8-49f3-b4d7-2deb3a719f08,2026-07-13,71.25,eBay,BEST_OFFER,ok,0,https://www.ebay.com/itm/267721399130
c89ecab7-99e8-49f3-b4d7-2deb3a719f08,2026-07-11,45.05,eBay,AUCTION,ok,0,https://www.ebay.com/itm/298475090463
c89ecab7-99e8-49f3-b4d7-2deb3a719f08,2026-07-06,23,eBay,BEST_OFFER,ok,0,https://www.ebay.com/itm/147420946184
c89ecab7-99e8-49f3-b4d7-2deb3a719f08,2026-07-01,60,eBay,BEST_OFFER,ok,0,https://www.ebay.com/itm/117178021501
c89ecab7-99e8-49f3-b4d7-2deb3a719f08,2026-06-16,49,eBay,AUCTION,ok,0,https://www.ebay.com/itm/227381201986
c89ecab7-99e8-49f3-b4d7-2deb3a719f08,2026-06-09,60,eBay,BEST_OFFER,ok,0,https://www.ebay.com/itm/298293909572
c89ecab7-99e8-49f3-b4d7-2deb3a719f08,2026-06-09,60,eBay,BEST_OFFER,ok,0,https://www.ebay.com/itm/117232265411
c89ecab7-99e8-49f3-b4d7-2deb3a719f08,2026-06-08,73,eBay,AUCTION,ok,0,https://www.ebay.com/itm/306975273595
c89ecab7-99e8-49f3-b4d7-2deb3a719f08,2026-05-29,60,eBay,BEST_OFFER,ok,0,https://www.ebay.com/itm/287351256208
c8d2d0f4-a5a2-40f3-96af-0067c4b53a92,2026-07-19,51.38,CardHobby,AUCTION,ok,0,https://www.cardhobby.com/#/carddetails/123260286
c8d2d0f4-a5a2-40f3-96af-0067c4b53a92,2026-07-06,54.64,CardHobby,AUCTION,ok,0,https://www.cardhobby.com/#/carddetails/120352543
c8d2d0f4-a5a2-40f3-96af-0067c4b53a92,2026-07-02,59.1,CardHobby,AUCTION,ok,0,https://www.cardhobby.com/#/carddetails/119953706
c8d2d0f4-a5a2-40f3-96af-0067c4b53a92,2026-04-16,51.6,Alt,AUCTION,ok,0,https://alt.xyz/exchange/select-listing?ids=82acdc6c-bc1c-42d7-8a45-b6c21945fc78
c8d2d0f4-a5a2-40f3-96af-0067c4b53a92,2026-02-16,57,eBay,AUCTION,ok,0,https://www.ebay.com/itm/298013892672
c8d2d0f4-a5a2-40f3-96af-0067c4b53a92,2025-05-25,54.96,CardHobby,AUCTION,ok,0,https://www.cardhobby.com/#/carddetails/68195923
c8d2d0f4-a5a2-40f3-96af-0067c4b53a92,2025-01-04,70,eBay,BEST_OFFER,ok,0,https://www.ebay.com/itm/PSA-10-Pokemon-S-Chinese-Mallow-178-151-SR-Holo-Full-Art-Card-Sun-Moon-CSM1bC-/126618299252
c8d2d0f4-a5a2-40f3-96af-0067c4b53a92,2024-07-02,46,eBay,AUCTION,ok,0,https://www.ebay.com/itm/2022-POKEMON-Chinese-SUN-MOON-ALOLAN-MOONLIGHT-178-MALLOW-PSA-10-/296532521990
c8d2d0f4-a5a2-40f3-96af-0067c4b53a92,2024-05-27,106,eBay,BUY_IT_NOW,ok,0,https://www.ebay.com/itm/PSA-10-Pokemon-S-Chinese-Mallow-178-151-SR-Holo-Full-Art-Card-Sun-Moon-CSM1bC-/145704732389
c8d2d0f4-a5a2-40f3-96af-0067c4b53a92,2024-01-12,44.07,CardHobby,AUCTION,ok,0,https://www.cardhobby.com/#/carddetails/28618395
c8125fcc-1afb-497f-89c3-7ceed1612d1a,2024-01-14,38.04,eBay,BEST_OFFER,ok,0,https://www.ebay.com/itm/Pokemon-EX-Team-Magma-vs-Team-Aqua-Non-Holo-Corphish-50-95-PSA-10-Mint-/175632562211
c8c37a91-50ea-4846-a889-a8fa92645ad0,2026-04-29,70,eBay,BEST_OFFER,ok,0,https://www.ebay.com/itm/157870560788
c8c37a91-50ea-4846-a889-a8fa92645ad0,2026-04-20,25,PWCC Fixed Price,BEST_OFFER,ok,0,https://www.fanaticscollect.com/buy-now/864f52f7-ceda-435d-ad87-e5363848c414
c8c37a91-50ea-4846-a889-a8fa92645ad0,2024-01-16,25,eBay,BUY_IT_NOW,ok,0,https://www.ebay.com/itm/2022-Pokemon-Go-Ivysaur-PSA-10-/355192086477
c82527ec-1520-4283-b6dd-9719f5abc546,2026-05-20,137.52,eBay,BEST_OFFER,ok,0,https://www.ebay.com/itm/389997392806
c82527ec-1520-4283-b6dd-9719f5abc546,2025-09-01,26.2,eBay,AUCTION,ok,0,https://www.ebay.com/itm/277345636767
c82527ec-1520-4283-b6dd-9719f5abc546,2025-07-24,34.46,eBay,AUCTION,RELISTED,0,https://www.ebay.com/itm/277276502505
c82527ec-1520-4283-b6dd-9719f5abc546,2025-02-19,42.9,eBay,AUCTION,ok,0,https://www.ebay.com/itm/2023-POKEMON-JAPANESE-SV2A-POKEMON-151-MASTER-BALL-REVERSE-HOLO-SNORLAX-PSA-10-/276864398880
c82527ec-1520-4283-b6dd-9719f5abc546,2024-01-17,75,eBay,BUY_IT_NOW,ok,0,https://www.ebay.com/itm/PSA-10-Pokemon-Japanese-Snorlax-Master-Ball-Reverse-Holo-143-165-sv2a-151-/355324814274
c846bc3f-28f2-4cb5-b2e8-fa89d9097540,2025-10-05,3000,eBay,AUCTION,ok,0,https://www.ebay.com/itm/286840293003
c846bc3f-28f2-4cb5-b2e8-fa89d9097540,2025-07-28,1596,eBay,AUCTION,ok,0,https://www.ebay.com/itm/376422561403
c846bc3f-28f2-4cb5-b2e8-fa89d9097540,2024-11-04,341.99,eBay,BUY_IT_NOW,ok,0,https://www.ebay.com/itm/Flareon-5-100-Reverse-Holo-2003-Pokemon-EX-Sandstorm-PSA-10-Vintage-Rare-/235803996032
c846bc3f-28f2-4cb5-b2e8-fa89d9097540,2024-04-15,495,eBay,BUY_IT_NOW,ok,0,https://www.ebay.com/itm/PSA-10-GEM-MINT-Flareon-Reverse-Holo-ex-Sandstorm-Pokemon-Card-5-100-POP-7-GU1-/225762097330
c846bc3f-28f2-4cb5-b2e8-fa89d9097540,2024-01-23,350,eBay,BUY_IT_NOW,ok,0,https://www.ebay.com/itm/2003-EX-Sandstorm-5-Flareon-Reverse-Foil-Holo-Rare-Pokemon-TCG-Card-PSA-10-/315115966029
c89248db-cf45-4b2e-baed-e1023f8f86c3,2026-09-03,44.95,eBay,BEST_OFFER,ok,0,https://www.ebay.com/itm/178465716931
c89248db-cf45-4b2e-baed-e1023f8f86c3,2026-06-28,41,eBay,AUCTION,ok,0,https://www.ebay.com/itm/287401779372
c89248db-cf45-4b2e-baed-e1023f8f86c3,2026-06-26,36,eBay,AUCTION,ok,0,https://www.ebay.com/itm/318478347351
c89248db-cf45-4b2e-baed-e1023f8f86c3,2026-06-18,35,eBay,AUCTION,ok,0,https://www.ebay.com/itm/278075046140
c89248db-cf45-4b2e-baed-e1023f8f86c3,2026-06-14,33,eBay,AUCTION,ok,0,https://www.ebay.com/itm/287375954347
c89248db-cf45-4b2e-baed-e1023f8f86c3,2026-06-10,26,eBay,AUCTION,ok,0,https://www.ebay.com/itm/398023763557
c89248db-cf45-4b2e-baed-e1023f8f86c3,2026-05-10,43,eBay,AUCTION,ok,0,https://www.ebay.com/itm/406896202691
c89248db-cf45-4b2e-baed-e1023f8f86c3,2026-02-27,42.49,eBay,BUY_IT_NOW,ok,0,https://www.ebay.com/itm/157430166370
c89248db-cf45-4b2e-baed-e1023f8f86c3,2026-02-22,45,eBay,BEST_OFFER,ok,0,https://www.ebay.com/itm/117044228098
c89248db-cf45-4b2e-baed-e1023f8f86c3,2026-01-18,32,eBay,BEST_OFFER,ok,0,https://www.ebay.com/itm/147097069805
c8ea60da-c7d2-4eb6-8fc9-f464961625f4,2026-07-09,59,eBay,BEST_OFFER,ok,0,https://www.ebay.com/itm/298330864611
c8ea60da-c7d2-4eb6-8fc9-f464961625f4,2026-04-29,24.5,eBay,AUCTION,ok,0,https://www.ebay.com/itm/377138825801
c8ea60da-c7d2-4eb6-8fc9-f464961625f4,2026-04-23,30,eBay,AUCTION,ok,0,https://www.ebay.com/itm/306882856858
c8ea60da-c7d2-4eb6-8fc9-f464961625f4,2026-04-04,37,eBay,BEST_OFFER,ok,0,https://www.ebay.com/itm/257314836942
c8ea60da-c7d2-4eb6-8fc9-f464961625f4,2026-01-11,24,PWCC Weekly Auctions,AUCTION,ok,0,https://www.fanaticscollect.com/weekly/24ae587a-e01e-11f0-b74b-026a86c3c9db
c8ea60da-c7d2-4eb6-8fc9-f464961625f4,2026-01-11,21.6,PWCC Weekly Auctions,AUCTION,ok,0,https://www.fanaticscollect.com/weekly/24a5845c-e01e-11f0-bfbe-0a58a9feac02
c8ea60da-c7d2-4eb6-8fc9-f464961625f4,2025-12-25,33,eBay,AUCTION,ok,0,https://www.ebay.com/itm/116933799400
c8ea60da-c7d2-4eb6-8fc9-f464961625f4,2025-11-30,31.2,PWCC Weekly Auctions,AUCTION,ok,0,https://www.fanaticscollect.com/weekly/128f3a96-c170-11f0-a03e-0a58a9feac02
c8ea60da-c7d2-4eb6-8fc9-f464961625f4,2025-11-30,30,PWCC Weekly Auctions,AUCTION,ok,0,https://www.fanaticscollect.com/weekly/11a595ee-c170-11f0-933e-0a58a9feac02
c8ea60da-c7d2-4eb6-8fc9-f464961625f4,2025-11-30,25.2,PWCC Weekly Auctions,AUCTION,ok,0,https://www.fanaticscollect.com/weekly/128c58d0-c170-11f0-b83c-0a2c088a97f7
c8bb949c-2863-436c-8dd6-0b67adbb6aca,2025-05-28,115,eBay,BEST_OFFER,ok,0,https://www.ebay.com/itm/126650239317
c8bb949c-2863-436c-8dd6-0b67adbb6aca,2024-08-18,38.4,PWCC Weekly Auctions,AUCTION,ok,0,https://www.fanaticscollect.com/weekly/b6df08a8-536f-11ef-aea8-0a68ffb6dc6d
c8bb949c-2863-436c-8dd6-0b67adbb6aca,2024-06-04,150,eBay,BEST_OFFER,ok,0,https://www.ebay.com/itm/PSA-10-GEM-MT-Venusaur-3-1999-Pokemon-Series-1-Sticker-POP-4-/305389342605
c8bb949c-2863-436c-8dd6-0b67adbb6aca,2024-02-15,61,eBay,AUCTION,ok,0,https://www.ebay.com/itm/PSA-10-GEM-MT-Venusaur-3-1999-Pokemon-Series-1-Sticker-POP-4-/256406204938
c8b6ee17-b411-40aa-a9bc-083bf3382b13,2026-08-08,91.69,eBay,AUCTION,ok,0,https://www.ebay.com/itm/307090190507
c8b6ee17-b411-40aa-a9bc-083bf3382b13,2026-07-26,100,eBay,BUY_IT_NOW,ok,0,https://www.ebay.com/itm/178190650991
c8b6ee17-b411-40aa-a9bc-083bf3382b13,2026-04-10,61,eBay,BEST_OFFER,ok,0,https://www.ebay.com/itm/298140534278
c8b6ee17-b411-40aa-a9bc-083bf3382b13,2025-12-02,48,eBay,BUY_IT_NOW,ok,0,https://www.ebay.com/itm/176682849392
c8b6ee17-b411-40aa-a9bc-083bf3382b13,2025-10-24,54,eBay,BEST_OFFER,ok,0,https://www.ebay.com/itm/126386515218
c8b6ee17-b411-40aa-a9bc-083bf3382b13,2025-10-08,48,eBay,BUY_IT_NOW,ok,0,https://www.ebay.com/itm/176682849392
c8b6ee17-b411-40aa-a9bc-083bf3382b13,2025-10-05,45,eBay,BEST_OFFER,ok,0,https://www.ebay.com/itm/116424023242
c8b6ee17-b411-40aa-a9bc-083bf3382b13,2025-05-17,29.99,eBay,AUCTION,NOT_PAID,0,https://www.ebay.com/itm/146574516808
c8b6ee17-b411-40aa-a9bc-083bf3382b13,2025-03-11,29.99,eBay,BUY_IT_NOW,ok,0,https://www.ebay.com/itm/167359296416
c8b6ee17-b411-40aa-a9bc-083bf3382b13,2024-12-24,29,eBay,BEST_OFFER,ok,0,https://www.ebay.com/itm/Cyclizar-195-091-Sv-Paldean-Fates-Holo-PSA-10-/196848095410
c87bceb2-1884-48dc-8f09-7c5f3edc2a90,2026-04-28,129.99,eBay,BUY_IT_NOW,ok,0,https://www.ebay.com/itm/366076770340
c87bceb2-1884-48dc-8f09-7c5f3edc2a90,2026-04-28,99,eBay,BUY_IT_NOW,ok,0,https://www.ebay.com/itm/377140148544
c87bceb2-1884-48dc-8f09-7c5f3edc2a90,2025-02-08,26,eBay,BEST_OFFER,ok,0,https://www.ebay.com/itm/2023-Pokemon-Paradox-Rift-Porygon-REVERSE-HOLO-PSA-10-GEM-142-/176804389131
c87bceb2-1884-48dc-8f09-7c5f3edc2a90,2024-08-22,32.95,eBay,BUY_IT_NOW,ok,0,https://www.ebay.com/itm/Porygon-Reverse-Holo-2023-Pokemon-Paradox-Rift-PAR-142-PSA-10-/176494546043
c87bceb2-1884-48dc-8f09-7c5f3edc2a90,2024-03-22,70,eBay,BEST_OFFER,ok,0,https://www.ebay.com/itm/2023-Pokemon-Paradox-Rift-Porygon-Reserse-Holo-PSA-10-POP-2-/296285778475
c85d1ece-7c1f-4a5c-ac94-1453f851d178,2024-03-30,15.5,eBay,AUCTION,ok,0,https://www.ebay.com/itm/2019-Pokemon-Sun-Moon-Klefki-Reverse-Foil-Team-Up-PSA-110-181-/166666803796
c8bd839e-8808-42bc-907e-27db58184928,2026-08-16,80.99,eBay,AUCTION,ok,0,https://www.ebay.com/itm/287511093965
c8bd839e-8808-42bc-907e-27db58184928,2026-03-18,89.99,eBay,BEST_OFFER,ok,0,https://www.ebay.com/itm/317998643139
c8bd839e-8808-42bc-907e-27db58184928,2025-07-09,42.99,eBay,AUCTION,ok,0,https://www.ebay.com/itm/297446061278
c8bd839e-8808-42bc-907e-27db58184928,2024-11-28,35,eBay,BUY_IT_NOW,ok,0,https://www.ebay.com/itm/2024-Pokemon-Paldean-Fates-PAF-104-Arboliva-Shiny-Rare-PSA-10-Pop-4-/395922182236
c8bd839e-8808-42bc-907e-27db58184928,2024-09-30,25,eBay,BEST_OFFER,ok,0,https://www.ebay.com/itm/2024-Pokemon-Paldean-Fates-PAF-104-Arboliva-Shiny-Rare-PSA-10-Pop-4-/326088113939
c8bd839e-8808-42bc-907e-27db58184928,2024-09-23,14.5,eBay,AUCTION,ok,0,https://www.ebay.com/itm/2024-Pokemon-Paldean-Fates-Arboliva-104-Shiny-Rare-PSA-10-/186689444989
c8bd839e-8808-42bc-907e-27db58184928,2024-09-22,41,eBay,BEST_OFFER,ok,0,https://www.ebay.com/itm/PSA-10-GEM-MINT-Arboliva-104-091-Shiny-Rare-Paldean-Fates-PAF-2024-/405110027140
c8bd839e-8808-42bc-907e-27db58184928,2024-09-01,29.99,eBay,BEST_OFFER,ok,0,https://www.ebay.com/itm/Arboliva-Shiny-Rare-104-2024-Pokemon-Paldean-Fates-PSA-10-Gem-Mint-/176470323880
c8bd839e-8808-42bc-907e-27db58184928,2024-08-23,23.36,eBay,BUY_IT_NOW,ok,0,https://www.ebay.com/itm/Arboliva-Baby-Shiny-Rare-2024-Pokemon-Paldean-Fates-PAF-104-PSA-10-/145774468581
c8bd839e-8808-42bc-907e-27db58184928,2024-07-26,25,eBay,BUY_IT_NOW,ok,0,https://www.ebay.com/itm/Arboliva-Baby-Shiny-Rare-2024-Pokemon-Paldean-Fates-PAF-104-PSA-10-/364993691204
c8db253f-81f0-4d39-9639-a7afcbff81c8,2026-09-10,180,eBay,BUY_IT_NOW,ok,0,https://www.ebay.com/itm/398350304685
c8db253f-81f0-4d39-9639-a7afcbff81c8,2026-07-14,62,eBay,AUCTION,ok,0,https://www.ebay.com/itm/377331646294
c8db253f-81f0-4d39-9639-a7afcbff81c8,2026-05-05,78,eBay,AUCTION,ok,0,https://www.ebay.com/itm/377151747012
c8db253f-81f0-4d39-9639-a7afcbff81c8,2026-04-26,91,eBay,AUCTION,RELISTED,0,https://www.ebay.com/itm/377128051380
c8db253f-81f0-4d39-9639-a7afcbff81c8,2026-04-05,83,eBay,AUCTION,RELISTED,0,https://www.ebay.com/itm/377075329271
c8db253f-81f0-4d39-9639-a7afcbff81c8,2026-03-24,79,eBay,AUCTION,RELISTED,0,https://www.ebay.com/itm/377046073953
c8db253f-81f0-4d39-9639-a7afcbff81c8,2026-02-22,58.2,eBay,AUCTION,ok,0,https://www.ebay.com/itm/389605014874
c8db253f-81f0-4d39-9639-a7afcbff81c8,2025-08-31,50,eBay,AUCTION,ok,0,https://www.ebay.com/itm/388879953055
c8db253f-81f0-4d39-9639-a7afcbff81c8,2025-06-14,34,eBay,AUCTION,ok,0,https://www.ebay.com/itm/376312363160
c8db253f-81f0-4d39-9639-a7afcbff81c8,2024-05-08,49,eBay,AUCTION,ok,0,https://www.ebay.com/itm/2021-Pokemon-Chinese-S-P-FA-Pikachu-Zekrom-GX-New-Year-Red-Envelope-PSA-10-QEE-/296409347433
c8c99d1b-98f8-4609-8b78-11f84fcd6980,2024-12-12,20,eBay,BEST_OFFER,ok,0,https://www.ebay.com/itm/2020-Pokemon-Rebel-Clash-Toxel-Reverse-Holo-68-PSA-Gem-Mint-10-/256531006768
c8c99d1b-98f8-4609-8b78-11f84fcd6980,2024-04-25,18.89,eBay,BEST_OFFER,ok,0,https://www.ebay.com/itm/1-x-Pokemon-Toxel-Rev-Foil-Rebel-Clash-PSA-10-54159573-Pokemon-Graded-Ca-/276024720167
c81d115a-69c4-4cde-b7af-d1caa03134b8,2024-05-07,35.99,eBay,BUY_IT_NOW,ok,0,https://www.ebay.com/itm/PSA-10-GEM-MINT-Piloswine-44-111-Neo-Genesis-Pokemon-Card-906-/266401466381
c809921c-369e-4d04-a5ec-26c3b582a740,2026-08-20,363,eBay,AUCTION,ok,0,https://www.ebay.com/itm/307122997698
c809921c-369e-4d04-a5ec-26c3b582a740,2025-09-12,49.99,eBay,BEST_OFFER,ok,0,https://www.ebay.com/itm/297246423233
c809921c-369e-4d04-a5ec-26c3b582a740,2024-12-08,12,eBay,AUCTION,ok,0,https://www.ebay.com/itm/Pokemon-Treecko-Grass-Fire-Deck-1st-Edition-Japanese-002-PSA-10-Gem-Mint-/286190368885
c809921c-369e-4d04-a5ec-26c3b582a740,2024-12-01,8.5,eBay,AUCTION,ok,0,https://www.ebay.com/itm/Pokemon-Treecko-Grass-Fire-Deck-1st-Edition-Japanese-002-PSA-10-Gem-Mint-/286178133610
c809921c-369e-4d04-a5ec-26c3b582a740,2024-12-01,7.5,eBay,AUCTION,ok,0,https://www.ebay.com/itm/Pokemon-Treecko-Grass-Fire-Deck-1st-Edition-Japanese-002-PSA-10-Gem-Mint-/286178133620
c809921c-369e-4d04-a5ec-26c3b582a740,2024-12-01,6.5,eBay,AUCTION,ok,0,https://www.ebay.com/itm/Pokemon-Treecko-Grass-Fire-Deck-1st-Edition-Japanese-002-PSA-10-Gem-Mint-/286178133609
c809921c-369e-4d04-a5ec-26c3b582a740,2024-05-12,20,eBay,AUCTION,ok,0,https://www.ebay.com/itm/Pokemon-Treecko-Arceus-Lv-X-Deck-Grass-Fire-1st-Edition-Japanese-002-PSA-10-/285842984395
c8b1bf88-a19e-4113-90ab-3ad2228fa4ee,2026-08-03,30.06,CardHobby,AUCTION,ok,0,https://www.cardhobby.com/#/carddetails/126411637
c8b1bf88-a19e-4113-90ab-3ad2228fa4ee,2026-07-28,35,eBay,AUCTION,ok,0,https://www.ebay.com/itm/298518098586
c8b1bf88-a19e-4113-90ab-3ad2228fa4ee,2026-07-23,28.8,Alt,AUCTION,ok,0,https://alt.xyz/exchange/select-listing?ids=0f03dd04-3bbc-4fde-9e85-b1ec7cfb8e0c
c8b1bf88-a19e-4113-90ab-3ad2228fa4ee,2026-07-12,49.99,eBay,AUCTION,ok,0,https://www.ebay.com/itm/307042701713
c8b1bf88-a19e-4113-90ab-3ad2228fa4ee,2026-07-06,35.92,eBay,BEST_OFFER,RELISTED,0,https://www.ebay.com/itm/236590155296
c8b1bf88-a19e-4113-90ab-3ad2228fa4ee,2026-06-26,35.99,eBay,BUY_IT_NOW,ok,0,https://www.ebay.com/itm/406892725168
c8b1bf88-a19e-4113-90ab-3ad2228fa4ee,2026-06-26,31,eBay,AUCTION,ok,0,https://www.ebay.com/itm/407013643722
c8b1bf88-a19e-4113-90ab-3ad2228fa4ee,2026-06-22,26,eBay,AUCTION,ok,0,https://www.ebay.com/itm/158002283304
c8b1bf88-a19e-4113-90ab-3ad2228fa4ee,2026-06-15,32,eBay,BUY_IT_NOW,ok,0,https://www.ebay.com/itm/407000455014
c8b1bf88-a19e-4113-90ab-3ad2228fa4ee,2026-05-26,33.99,eBay,AUCTION,ok,0,https://www.ebay.com/itm/188414498177
c83f4848-ad41-47b7-84cf-f018d5b6f945,2024-07-15,37.6,eBay,BUY_IT_NOW,ok,0,https://www.ebay.com/itm/Pokemon-VSTAR-Universe-Charizard-VSTAR-014-172-Indonesian-PSA-10-/186554236266
c8c7b618-b958-4d3b-a9c7-fd5c8684fd8b,2024-08-19,322.29,eBay,BUY_IT_NOW,ok,0,https://www.ebay.com/itm/PSA-10-Charmeleon-Foil-E5-12-Movie-Edition-1999-Topps-Pokemon-Card-/325888356237
c8c7b618-b958-4d3b-a9c7-fd5c8684fd8b,2024-07-23,85,eBay,BEST_OFFER,ok,0,https://www.ebay.com/itm/1999-Topps-Movie-Edition-Charmeleon-E5-Foil-PSA-10-/235621600689
c87f9a86-a1e7-45c0-9dc4-15386a11e1a1,2024-10-23,55,eBay,BEST_OFFER,ok,0,https://www.ebay.com/itm/POP-3-IT-ITALIAN-PSA-10-Houndoom-Aquapolis-15-147-Pokemon-Card-NON-HOLO-/286073195014
c83e83f9-a758-4e3a-881f-0574f47134b9,2026-08-02,150,PWCC Weekly Auctions,AUCTION,ok,0,https://www.fanaticscollect.com/weekly/7ab7b03c-81b7-11f1-9c72-0a58a9feac02
c83e83f9-a758-4e3a-881f-0574f47134b9,2026-05-20,500,eBay,BEST_OFFER,ok,0,https://www.ebay.com/itm/168378568808
c83e83f9-a758-4e3a-881f-0574f47134b9,2024-11-20,28,eBay,BUY_IT_NOW,ok,0,https://www.ebay.com/itm/Voltorb-Reverse-Holo-Common-21-PSA-GEM-MINT-10-XY-Roaring-Skies-Pokemon-/276629627028
c8112835-7dbb-4ad4-a911-a4bf86eab3e7,2025-02-02,21.63,eBay,BEST_OFFER,ok,0,https://www.ebay.com/itm/Pokemon-Neo-Genesis-Fighting-Energy-106-PSA-10-Gem-Mint-/296706855989
c826c856-1c61-4ab3-8603-715b5218ea7c,2026-07-14,79,eBay,AUCTION,ok,0,https://www.ebay.com/itm/307045956409
c826c856-1c61-4ab3-8603-715b5218ea7c,2026-05-22,60,eBay,BEST_OFFER,ok,0,https://www.ebay.com/itm/318096762251
c826c856-1c61-4ab3-8603-715b5218ea7c,2026-04-15,75,eBay,BUY_IT_NOW,ok,0,https://www.ebay.com/itm/286822284694
c826c856-1c61-4ab3-8603-715b5218ea7c,2026-02-19,60,eBay,BEST_OFFER,ok,0,https://www.ebay.com/itm/406546977552
c826c856-1c61-4ab3-8603-715b5218ea7c,2026-01-25,79.25,eBay,BEST_OFFER,ok,0,https://www.ebay.com/itm/276613929948
c826c856-1c61-4ab3-8603-715b5218ea7c,2025-07-26,34.27,eBay,BEST_OFFER,RELISTED,0,https://www.ebay.com/itm/296909275447
c826c856-1c61-4ab3-8603-715b5218ea7c,2025-02-23,45.99,eBay,BUY_IT_NOW,ok,0,https://www.ebay.com/itm/PSA-10-Pokemon-Chinese-Card-Sun-Moon-CSM2aC-155-CHR-Dream-League-Steelix-Holo-/305160138366
c8588364-4422-4aff-8c32-9159d0fa5beb,2026-09-08,27,eBay,AUCTION,ok,0,https://www.ebay.com/itm/298633832885
c8588364-4422-4aff-8c32-9159d0fa5beb,2026-09-03,42,eBay,AUCTION,ok,0,https://www.ebay.com/itm/188848239994
c8588364-4422-4aff-8c32-9159d0fa5beb,2026-08-20,31.99,eBay,AUCTION,ok,0,https://www.ebay.com/itm/117354495763
c8588364-4422-4aff-8c32-9159d0fa5beb,2026-08-10,36.97,CardHobby,AUCTION,ok,0,https://www.cardhobby.com/#/carddetails/127647157
c8588364-4422-4aff-8c32-9159d0fa5beb,2026-08-01,39,eBay,BEST_OFFER,ok,0,https://www.ebay.com/itm/406935080138
c8588364-4422-4aff-8c32-9159d0fa5beb,2026-07-31,43.44,eBay,BUY_IT_NOW,ok,0,https://www.ebay.com/itm/147138767763
c8588364-4422-4aff-8c32-9159d0fa5beb,2026-07-31,43.44,eBay,BUY_IT_NOW,ok,0,https://www.ebay.com/itm/146924071826
c8588364-4422-4aff-8c32-9159d0fa5beb,2026-07-30,39.17,CardHobby,AUCTION,ok,0,https://www.cardhobby.com/#/carddetails/125821013
c8588364-4422-4aff-8c32-9159d0fa5beb,2026-07-17,47.14,CardHobby,AUCTION,ok,0,https://www.cardhobby.com/#/carddetails/122719664
c8588364-4422-4aff-8c32-9159d0fa5beb,2026-07-13,32,eBay,BEST_OFFER,ok,0,https://www.ebay.com/itm/257599936398
c8ac5a1f-38a6-4fc2-a65a-85c16a717969,2026-09-21,79,eBay,BUY_IT_NOW,ok,0,https://www.ebay.com/itm/237076350816
c8ac5a1f-38a6-4fc2-a65a-85c16a717969,2026-09-20,65,eBay,AUCTION,ok,0,https://www.ebay.com/itm/287591186331
c8ac5a1f-38a6-4fc2-a65a-85c16a717969,2026-09-19,120,eBay,BEST_OFFER,ok,0,https://www.ebay.com/itm/117381097973
c8ac5a1f-38a6-4fc2-a65a-85c16a717969,2026-09-19,47.34,eBay,AUCTION,ok,0,https://www.ebay.com/itm/377495567222
c8ac5a1f-38a6-4fc2-a65a-85c16a717969,2026-09-17,67.2,Alt,AUCTION,ok,0,https://alt.xyz/exchange/select-listing?ids=293151d7-996d-4293-836b-d6f26e7b18e1
c8ac5a1f-38a6-4fc2-a65a-85c16a717969,2026-09-15,55,eBay,BUY_IT_NOW,ok,0,https://www.ebay.com/itm/800661765991
c8ac5a1f-38a6-4fc2-a65a-85c16a717969,2026-09-13,86.4,PWCC Weekly Auctions,AUCTION,ok,0,https://www.fanaticscollect.com/weekly/d6ed1f84-9820-11f1-b4bb-0a58a9feac02
c8ac5a1f-38a6-4fc2-a65a-85c16a717969,2026-09-13,55.4,eBay,AUCTION,ok,0,https://www.ebay.com/itm/117390244339
c8ac5a1f-38a6-4fc2-a65a-85c16a717969,2026-09-12,68,eBay,AUCTION,ok,0,https://www.ebay.com/itm/298634546889
c8ac5a1f-38a6-4fc2-a65a-85c16a717969,2026-09-08,66.27,eBay,AUCTION,ok,0,https://www.ebay.com/itm/307155350774
c87d4a45-4122-4231-bc92-205ddb8051e1,2026-05-07,75,eBay,BEST_OFFER,ok,0,https://www.ebay.com/itm/117182667995
c87d4a45-4122-4231-bc92-205ddb8051e1,2025-04-27,200,eBay,BUY_IT_NOW,ok,0,https://www.ebay.com/itm/306024716334
c8b03fbf-06f7-4363-ad86-25c9796d2d66,2026-09-16,690,eBay,BUY_IT_NOW,ok,0,https://www.ebay.com/itm/397782414873
c8b03fbf-06f7-4363-ad86-25c9796d2d66,2026-09-15,550,eBay,BEST_OFFER,ok,0,https://www.ebay.com/itm/227314428788
c8b03fbf-06f7-4363-ad86-25c9796d2d66,2026-01-25,37,eBay,AUCTION,ok,0,https://www.ebay.com/itm/287077611223
c8b03fbf-06f7-4363-ad86-25c9796d2d66,2025-05-31,65,eBay,BEST_OFFER,ok,0,https://www.ebay.com/itm/256907071086
c8ee40fe-4893-4958-94f8-2d7bc15df90b,2026-08-14,35,eBay,BEST_OFFER,ok,0,https://www.ebay.com/itm/257592326722
c8ee40fe-4893-4958-94f8-2d7bc15df90b,2026-07-22,14.53,eBay,AUCTION,ok,0,https://www.ebay.com/itm/800372792393
c8ee40fe-4893-4958-94f8-2d7bc15df90b,2026-06-26,30,eBay,BEST_OFFER,RELISTED,0,https://www.ebay.com/itm/257550811325
c8ee40fe-4893-4958-94f8-2d7bc15df90b,2026-04-29,25,eBay,BEST_OFFER,ok,0,https://www.ebay.com/itm/257481789888
c8ee40fe-4893-4958-94f8-2d7bc15df90b,2026-04-11,39.99,eBay,BEST_OFFER,ok,0,https://www.ebay.com/itm/198271681394
c8ee40fe-4893-4958-94f8-2d7bc15df90b,2026-04-03,37,eBay,AUCTION,ok,0,https://www.ebay.com/itm/117109708344
c8ee40fe-4893-4958-94f8-2d7bc15df90b,2026-03-06,23,eBay,AUCTION,ok,0,https://www.ebay.com/itm/117060914439
c8ee40fe-4893-4958-94f8-2d7bc15df90b,2026-03-06,20.5,eBay,AUCTION,ok,0,https://www.ebay.com/itm/117060914489
c8ee40fe-4893-4958-94f8-2d7bc15df90b,2026-03-01,24,PWCC Weekly Auctions,AUCTION,ok,0,https://www.fanaticscollect.com/weekly/ab53d3ee-0820-11f1-80f6-0a9dcf241f19
c8ee40fe-4893-4958-94f8-2d7bc15df90b,2026-02-20,16,eBay,BEST_OFFER,ok,0,https://www.ebay.com/itm/287142414033
c866ba5e-ca45-45f1-95aa-a1d8bc4641ef,2026-02-01,900,eBay,BEST_OFFER,ok,0,https://www.ebay.com/itm/146836047000
c866ba5e-ca45-45f1-95aa-a1d8bc4641ef,2025-07-03,350,eBay,BUY_IT_NOW,ok,0,https://www.ebay.com/itm/167112078581
c849c719-5636-4142-ba00-7a2290bfe8a7,2026-09-05,42,eBay,BEST_OFFER,ok,0,https://www.ebay.com/itm/178192701903
c849c719-5636-4142-ba00-7a2290bfe8a7,2026-06-04,40,eBay,BEST_OFFER,ok,0,https://www.ebay.com/itm/177831452540
c849c719-5636-4142-ba00-7a2290bfe8a7,2025-08-01,20.5,eBay,AUCTION,ok,0,https://www.ebay.com/itm/116704070937
c83151bb-fccf-4733-90c6-b8fb125acdcf,2026-09-11,62,eBay,AUCTION,ok,0,https://www.ebay.com/itm/117393932751
c83151bb-fccf-4733-90c6-b8fb125acdcf,2026-07-10,66,eBay,BUY_IT_NOW,ok,0,https://www.ebay.com/itm/358756713788
c83151bb-fccf-4733-90c6-b8fb125acdcf,2026-07-07,56,eBay,AUCTION,ok,0,https://www.ebay.com/itm/307033400637
c83151bb-fccf-4733-90c6-b8fb125acdcf,2026-07-06,54.95,eBay,BUY_IT_NOW,ok,0,https://www.ebay.com/itm/117161377353
c83151bb-fccf-4733-90c6-b8fb125acdcf,2026-06-15,48,PWCC Fixed Price,BEST_OFFER,ok,0,https://www.fanaticscollect.com/buy-now/5d0ebac6-a81e-4a64-ae00-e5f4c3f2c497
c83151bb-fccf-4733-90c6-b8fb125acdcf,2026-06-07,48,eBay,BEST_OFFER,ok,0,https://www.ebay.com/itm/117181310196
c83151bb-fccf-4733-90c6-b8fb125acdcf,2026-06-03,46.87,eBay,AUCTION,ok,0,https://www.ebay.com/itm/117216548008
c83151bb-fccf-4733-90c6-b8fb125acdcf,2026-06-03,38,eBay,AUCTION,ok,0,https://www.ebay.com/itm/306964123025
c83151bb-fccf-4733-90c6-b8fb125acdcf,2026-05-31,49.2,PWCC Weekly Auctions,AUCTION,ok,0,https://www.fanaticscollect.com/weekly/8a5cab38-532b-11f1-bc67-0a58a9feac02
c83151bb-fccf-4733-90c6-b8fb125acdcf,2026-05-12,54.95,eBay,BUY_IT_NOW,ok,0,https://www.ebay.com/itm/127760426362
c85c5a2c-f93b-4b2a-8fe6-f504f199deee,2026-09-23,436,eBay,AUCTION,ok,0,https://www.ebay.com/itm/188947510488
c85c5a2c-f93b-4b2a-8fe6-f504f199deee,2026-09-19,558.01,CardHobby,AUCTION,ok,0,https://www.cardhobby.com/#/carddetails/136428078
c85c5a2c-f93b-4b2a-8fe6-f504f199deee,2026-09-14,675,eBay,AUCTION,ok,0,https://www.ebay.com/itm/398370507160
c85c5a2c-f93b-4b2a-8fe6-f504f199deee,2026-09-12,692.58,CardHobby,AUCTION,ok,0,https://www.cardhobby.com/#/carddetails/134163913
c85c5a2c-f93b-4b2a-8fe6-f504f199deee,2026-09-12,650,eBay,BEST_OFFER,ok,0,https://www.ebay.com/itm/287582962225
c85c5a2c-f93b-4b2a-8fe6-f504f199deee,2026-09-10,675,eBay,AUCTION,ok,0,https://www.ebay.com/itm/287579570966
c85c5a2c-f93b-4b2a-8fe6-f504f199deee,2026-09-06,710.01,eBay,AUCTION,ok,0,https://www.ebay.com/itm/287552952190
c85c5a2c-f93b-4b2a-8fe6-f504f199deee,2026-09-06,685,eBay,AUCTION,ok,0,https://www.ebay.com/itm/287552952187
c85c5a2c-f93b-4b2a-8fe6-f504f199deee,2026-09-06,660,PWCC Weekly Auctions,AUCTION,ok,0,https://www.fanaticscollect.com/weekly/e0ba0576-a172-11f1-934d-0a58a9feac02
c85c5a2c-f93b-4b2a-8fe6-f504f199deee,2026-09-03,712.65,CardHobby,AUCTION,ok,0,https://www.cardhobby.com/#/carddetails/132034847
c8809e65-f443-4e55-98a9-0f62bfced352,2026-04-23,399.99,eBay,BEST_OFFER,ok,0,https://www.ebay.com/itm/306899598766
c8809e65-f443-4e55-98a9-0f62bfced352,2025-09-04,45,eBay,BUY_IT_NOW,ok,0,https://www.ebay.com/itm/156594713207
c847f8d4-c2e3-49dc-8456-c8e48df9d088,2026-09-19,65,PWCC Fixed Price,BEST_OFFER,ok,0,https://www.fanaticscollect.com/buy-now/a7bba6ea-dbab-4332-aaef-502a636da7db
c847f8d4-c2e3-49dc-8456-c8e48df9d088,2026-09-17,48.17,eBay,AUCTION,ok,0,https://www.ebay.com/itm/128071285426
c847f8d4-c2e3-49dc-8456-c8e48df9d088,2026-09-16,30,eBay,BEST_OFFER,ok,0,https://www.ebay.com/itm/307177175275
c847f8d4-c2e3-49dc-8456-c8e48df9d088,2026-09-15,38,eBay,AUCTION,ok,0,https://www.ebay.com/itm/298653749378
c847f8d4-c2e3-49dc-8456-c8e48df9d088,2026-09-14,50,eBay,AUCTION,ok,0,https://www.ebay.com/itm/298652230014
c847f8d4-c2e3-49dc-8456-c8e48df9d088,2026-09-14,45,eBay,AUCTION,ok,0,https://www.ebay.com/itm/327346781512
c847f8d4-c2e3-49dc-8456-c8e48df9d088,2026-09-14,40.99,eBay,AUCTION,ok,0,https://www.ebay.com/itm/227510665015
c847f8d4-c2e3-49dc-8456-c8e48df9d088,2026-09-14,35,eBay,BUY_IT_NOW,ok,0,https://www.ebay.com/itm/407176905551
c847f8d4-c2e3-49dc-8456-c8e48df9d088,2026-09-13,45,eBay,AUCTION,ok,0,https://www.ebay.com/itm/147555370591
c847f8d4-c2e3-49dc-8456-c8e48df9d088,2026-09-13,43,eBay,AUCTION,ok,0,https://www.ebay.com/itm/237060903115
c878e01e-35f9-46d1-87a5-61ad3655d42b,2025-09-13,40.99,eBay,BUY_IT_NOW,ok,0,https://www.ebay.com/itm/387766310093
c8631b92-2d2a-4d95-9d60-308498ee4da9,2026-08-05,34.3,CardHobby,AUCTION,ok,0,https://www.cardhobby.com/#/carddetails/127063253
c8631b92-2d2a-4d95-9d60-308498ee4da9,2026-07-23,35,eBay,AUCTION,ok,0,https://www.ebay.com/itm/358805331990
c8631b92-2d2a-4d95-9d60-308498ee4da9,2026-07-10,36,eBay,BEST_OFFER,ok,0,https://www.ebay.com/itm/205745190920
c8631b92-2d2a-4d95-9d60-308498ee4da9,2026-06-10,42.5,eBay,BUY_IT_NOW,ok,0,https://www.ebay.com/itm/406529407585
c8631b92-2d2a-4d95-9d60-308498ee4da9,2026-06-08,34,eBay,BUY_IT_NOW,ok,0,https://www.ebay.com/itm/168364346985
c8631b92-2d2a-4d95-9d60-308498ee4da9,2026-06-03,44,eBay,AUCTION,ok,0,https://www.ebay.com/itm/298356273093
c8631b92-2d2a-4d95-9d60-308498ee4da9,2026-05-22,46.95,eBay,BEST_OFFER,ok,0,https://www.ebay.com/itm/117081853991
c8631b92-2d2a-4d95-9d60-308498ee4da9,2026-02-25,30,eBay,BEST_OFFER,ok,0,https://www.ebay.com/itm/147170788422
c8631b92-2d2a-4d95-9d60-308498ee4da9,2026-02-21,28,eBay,AUCTION,ok,0,https://www.ebay.com/itm/198106871479
c8631b92-2d2a-4d95-9d60-308498ee4da9,2025-10-22,39.99,eBay,BEST_OFFER,ok,0,https://www.ebay.com/itm/116838976576
c88a5dbf-50cb-43d3-bdd3-398f84cd204e,2026-09-23,63,PWCC Fixed Price,BEST_OFFER,ok,0,https://www.fanaticscollect.com/buy-now/269d0777-ef64-4e80-8d88-c3453a33387c
c88a5dbf-50cb-43d3-bdd3-398f84cd204e,2026-09-20,70,eBay,AUCTION,ok,0,https://www.ebay.com/itm/407214811554
c88a5dbf-50cb-43d3-bdd3-398f84cd204e,2026-09-20,69.6,PWCC Weekly Auctions,AUCTION,ok,0,https://www.fanaticscollect.com/weekly/816d3880-ac0e-11f1-92f2-062f4e090043
c88a5dbf-50cb-43d3-bdd3-398f84cd204e,2026-09-19,78.64,eBay,BEST_OFFER,ok,0,https://www.ebay.com/itm/127948567700
c88a5dbf-50cb-43d3-bdd3-398f84cd204e,2026-09-18,85,eBay,BEST_OFFER,ok,0,https://www.ebay.com/itm/127985693220
c88a5dbf-50cb-43d3-bdd3-398f84cd204e,2026-09-18,80,PWCC Fixed Price,BEST_OFFER,ok,0,https://www.fanaticscollect.com/buy-now/86ce8724-f793-413f-a2c5-5649e6621907
c88a5dbf-50cb-43d3-bdd3-398f84cd204e,2026-09-18,71,eBay,AUCTION,ok,0,https://www.ebay.com/itm/307172512916
c88a5dbf-50cb-43d3-bdd3-398f84cd204e,2026-09-18,70,eBay,BEST_OFFER,ok,0,https://www.ebay.com/itm/336800559123
c88a5dbf-50cb-43d3-bdd3-398f84cd204e,2026-09-18,61.01,eBay,AUCTION,ok,0,https://www.ebay.com/itm/117406416375
c88a5dbf-50cb-43d3-bdd3-398f84cd204e,2026-09-17,69,eBay,AUCTION,ok,0,https://www.ebay.com/itm/298656645878
c8c6dbc9-9f9f-4c89-a837-b796977b46a4,2026-08-23,137.5,eBay,AUCTION,ok,0,https://www.ebay.com/itm/117355729381
c8c6dbc9-9f9f-4c89-a837-b796977b46a4,2026-07-06,111,eBay,BEST_OFFER,ok,0,https://www.ebay.com/itm/377313299348
c8c6dbc9-9f9f-4c89-a837-b796977b46a4,2026-05-18,198.88,eBay,BUY_IT_NOW,ok,0,https://www.ebay.com/itm/157922337069
c8c6dbc9-9f9f-4c89-a837-b796977b46a4,2025-12-11,69.99,eBay,BUY_IT_NOW,ok,0,https://www.ebay.com/itm/177665704908
c8c6dbc9-9f9f-4c89-a837-b796977b46a4,2025-11-27,39.72,eBay,BUY_IT_NOW,ok,0,https://www.ebay.com/itm/267450068602
c89efdc8-2ced-4098-8019-fda1ea7a1662,2025-11-30,9.99,eBay,AUCTION,ok,0,https://www.ebay.com/itm/357932218998
c88655c6-81ab-4580-bdad-65dad8807fd4,2026-09-19,21,eBay,BEST_OFFER,ok,0,https://www.ebay.com/itm/398410455457
c88655c6-81ab-4580-bdad-65dad8807fd4,2026-09-18,37,eBay,AUCTION,ok,0,https://www.ebay.com/itm/128073144725
c88655c6-81ab-4580-bdad-65dad8807fd4,2026-09-18,30,eBay,BEST_OFFER,ok,0,https://www.ebay.com/itm/117310120959
c88655c6-81ab-4580-bdad-65dad8807fd4,2026-09-18,19,eBay,AUCTION,ok,0,https://www.ebay.com/itm/128073144700
c88655c6-81ab-4580-bdad-65dad8807fd4,2026-09-17,33,eBay,BEST_OFFER,ok,0,https://www.ebay.com/itm/227474530555
c88655c6-81ab-4580-bdad-65dad8807fd4,2026-09-09,35,PWCC Fixed Price,BEST_OFFER,ok,0,https://www.fanaticscollect.com/buy-now/ac4326d9-3bf6-41e6-b9d9-a298a218576a
c88655c6-81ab-4580-bdad-65dad8807fd4,2026-09-06,9.5,eBay,AUCTION,ok,0,https://www.ebay.com/itm/257713200426
c88655c6-81ab-4580-bdad-65dad8807fd4,2026-09-02,25,PWCC Fixed Price,BEST_OFFER,ok,0,https://www.fanaticscollect.com/buy-now/b672bfbb-9d40-4da8-861f-5ccfd888b240
c88655c6-81ab-4580-bdad-65dad8807fd4,2026-08-30,25,eBay,BUY_IT_NOW,ok,0,https://www.ebay.com/itm/188847460047
c88655c6-81ab-4580-bdad-65dad8807fd4,2026-08-29,35,eBay,BUY_IT_NOW,ok,0,https://www.ebay.com/itm/127997250377
c8caa43f-49b1-4e1e-ada5-601fb64b9fa5,2026-08-08,63,eBay,AUCTION,ok,0,https://www.ebay.com/itm/117333057461
c8caa43f-49b1-4e1e-ada5-601fb64b9fa5,2025-12-18,41.33,eBay,BUY_IT_NOW,ok,0,https://www.ebay.com/itm/266389575507
c80ca76f-07b4-4318-ae3e-58f249abc931,2025-12-30,170,eBay,BEST_OFFER,ok,0,https://www.ebay.com/itm/127029760259
c8bb22b7-01f9-4d81-8e2b-b578250618f9,2026-07-31,75,eBay,BUY_IT_NOW,ok,0,https://www.ebay.com/itm/800354065865
c8bb22b7-01f9-4d81-8e2b-b578250618f9,2026-01-29,27,eBay,AUCTION,ok,0,https://www.ebay.com/itm/297955250198
c8eaa728-c44e-43fc-8b7a-64bafa1690ec,2026-01-29,299.99,eBay,BEST_OFFER,ok,0,https://www.ebay.com/itm/389553771774
c8867d52-8764-4c61-ab48-981d71797dd2,2026-03-22,37.66,eBay,AUCTION,ok,0,https://www.ebay.com/itm/298123101108
c889e726-d123-4de3-8b33-d423f56d49eb,2026-05-08,90,eBay,BEST_OFFER,ok,0,https://www.ebay.com/itm/406906968733
c889e726-d123-4de3-8b33-d423f56d49eb,2026-03-24,106,eBay,BEST_OFFER,ok,0,https://www.ebay.com/itm/298156364962
c8575819-8a9a-48ff-b474-f630fa6323a4,2026-05-18,44.99,eBay,BUY_IT_NOW,ok,0,https://www.ebay.com/itm/178031952161
c8575819-8a9a-48ff-b474-f630fa6323a4,2026-04-07,44.99,eBay,BUY_IT_NOW,RELISTED,0,https://www.ebay.com/itm/176867192223
c86b872e-0762-487e-8d64-57828973d901,2026-09-02,39.8,eBay,AUCTION,ok,0,https://www.ebay.com/itm/800568677001
c86b872e-0762-487e-8d64-57828973d901,2026-08-02,40,eBay,BEST_OFFER,ok,0,https://www.ebay.com/itm/227452945503
c86b872e-0762-487e-8d64-57828973d901,2026-04-08,32,eBay,AUCTION,ok,0,https://www.ebay.com/itm/389832578005
c878498f-480e-4ad6-9eda-6d66fcb02299,2026-09-19,400,eBay,AUCTION,ok,0,https://www.ebay.com/itm/307173792753
c878498f-480e-4ad6-9eda-6d66fcb02299,2026-09-15,385,eBay,BEST_OFFER,ok,0,https://www.ebay.com/itm/198624481125
c878498f-480e-4ad6-9eda-6d66fcb02299,2026-09-12,419.97,eBay,BUY_IT_NOW,ok,0,https://www.ebay.com/itm/158154332787
c878498f-480e-4ad6-9eda-6d66fcb02299,2026-09-12,405,eBay,AUCTION,ok,0,https://www.ebay.com/itm/307162593551
c878498f-480e-4ad6-9eda-6d66fcb02299,2026-09-12,405,eBay,AUCTION,ok,0,https://www.ebay.com/itm/117391173540
c878498f-480e-4ad6-9eda-6d66fcb02299,2026-09-08,390,eBay,AUCTION,ok,0,https://www.ebay.com/itm/298633701298
c878498f-480e-4ad6-9eda-6d66fcb02299,2026-09-07,425,eBay,AUCTION,ok,0,https://www.ebay.com/itm/307146545165
c878498f-480e-4ad6-9eda-6d66fcb02299,2026-09-06,400,eBay,AUCTION,ok,0,https://www.ebay.com/itm/198607359862
c878498f-480e-4ad6-9eda-6d66fcb02299,2026-09-05,460.88,eBay,AUCTION,ok,0,https://www.ebay.com/itm/307151371259
c878498f-480e-4ad6-9eda-6d66fcb02299,2026-09-01,540,eBay,AUCTION,ok,0,https://www.ebay.com/itm/298612881467
c83bc598-0658-444c-b0b7-5be1975cf906,2026-08-16,34.33,eBay,AUCTION,ok,0,https://www.ebay.com/itm/257671063883
c83bc598-0658-444c-b0b7-5be1975cf906,2026-08-16,21.87,eBay,AUCTION,ok,0,https://www.ebay.com/itm/117347851422
c83bc598-0658-444c-b0b7-5be1975cf906,2026-05-29,20,eBay,BEST_OFFER,ok,0,https://www.ebay.com/itm/117218178913
c83bc598-0658-444c-b0b7-5be1975cf906,2026-05-28,19.5,eBay,AUCTION,ok,0,https://www.ebay.com/itm/117202172489
c8ef1655-78bb-4500-ad3e-9f468fb9054d,2026-06-02,250,eBay,BEST_OFFER,ok,0,https://www.ebay.com/itm/397702428961
c845c978-5bed-45a5-a100-0909fc883b65,2026-07-02,265.49,eBay,BUY_IT_NOW,ok,0,https://www.ebay.com/itm/297723657225
c845c978-5bed-45a5-a100-0909fc883b65,2026-06-09,200.09,eBay,BUY_IT_NOW,ok,0,https://www.ebay.com/itm/157895139638
c817c959-4869-429f-af57-f0f3d19c9afb,2026-06-16,429.38,eBay,BEST_OFFER,ok,0,https://www.ebay.com/itm/287398179806
c8c8a526-6dea-4ef1-8c81-06899c1b5a0b,2026-06-25,37.69,eBay,AUCTION,ok,0,https://www.ebay.com/itm/307007910174
c80396e5-148a-4701-b5de-19363613909b,2026-07-11,75,eBay,BUY_IT_NOW,ok,0,https://www.ebay.com/itm/298493461757
c80396e5-148a-4701-b5de-19363613909b,2026-07-08,56.22,eBay,AUCTION,ok,0,https://www.ebay.com/itm/307035209335
c80396e5-148a-4701-b5de-19363613909b,2026-07-08,56,eBay,AUCTION,ok,0,https://www.ebay.com/itm/307035209348
c80396e5-148a-4701-b5de-19363613909b,2026-07-08,54.92,eBay,AUCTION,ok,0,https://www.ebay.com/itm/307035209345
c80396e5-148a-4701-b5de-19363613909b,2026-07-08,54.92,eBay,AUCTION,ok,0,https://www.ebay.com/itm/298468026145
c80396e5-148a-4701-b5de-19363613909b,2026-07-08,54.92,eBay,AUCTION,ok,0,https://www.ebay.com/itm/298468026109
c80396e5-148a-4701-b5de-19363613909b,2026-07-08,54.92,eBay,AUCTION,ok,0,https://www.ebay.com/itm/117277579730
c80396e5-148a-4701-b5de-19363613909b,2026-06-30,69.99,eBay,BUY_IT_NOW,ok,0,https://www.ebay.com/itm/298448505855
c88e8803-124b-4edd-a77a-c2785addc825,2026-09-13,57,eBay,AUCTION,ok,0,https://www.ebay.com/itm/307155491445
