asset_id,date,price,source,sale_type,status,outlier,url
d15c38df-84b8-49b4-9e69-2712cd816a77,2026-09-20,327.79,eBay,AUCTION,ok,0,https://www.ebay.com/itm/257735678924
d15c38df-84b8-49b4-9e69-2712cd816a77,2026-08-01,298,eBay,BEST_OFFER,ok,0,https://www.ebay.com/itm/117120673825
d15c38df-84b8-49b4-9e69-2712cd816a77,2026-07-19,237.49,eBay,BEST_OFFER,ok,0,https://www.ebay.com/itm/406962796911
d15c38df-84b8-49b4-9e69-2712cd816a77,2026-07-14,250,eBay,BEST_OFFER,ok,0,https://www.ebay.com/itm/298410065326
d15c38df-84b8-49b4-9e69-2712cd816a77,2026-03-11,150,eBay,BEST_OFFER,ok,0,https://www.ebay.com/itm/336460946693
d15c38df-84b8-49b4-9e69-2712cd816a77,2026-02-15,124.99,eBay,BEST_OFFER,ok,0,https://www.ebay.com/itm/116459098437
d15c38df-84b8-49b4-9e69-2712cd816a77,2026-01-07,134.58,eBay,BUY_IT_NOW,ok,0,https://www.ebay.com/itm/286755420236
d15c38df-84b8-49b4-9e69-2712cd816a77,2025-10-30,100,eBay,BUY_IT_NOW,ok,0,https://www.ebay.com/itm/286327162256
d15c38df-84b8-49b4-9e69-2712cd816a77,2025-09-30,60,eBay,BEST_OFFER,ok,0,https://www.ebay.com/itm/146695638522
d15c38df-84b8-49b4-9e69-2712cd816a77,2025-09-07,49.2,PWCC Weekly Auctions,AUCTION,ok,0,https://www.fanaticscollect.com/weekly/e0a0f044-7f73-11f0-8341-0a58a9feac02
d189767e-aaa4-4d7b-94cc-81356f3ee169,2026-08-30,159.99,eBay,BUY_IT_NOW,ok,0,https://www.ebay.com/itm/800434358935
d189767e-aaa4-4d7b-94cc-81356f3ee169,2026-08-28,161.77,eBay,BUY_IT_NOW,ok,0,https://www.ebay.com/itm/135306514875
d189767e-aaa4-4d7b-94cc-81356f3ee169,2026-03-22,75,eBay,BUY_IT_NOW,ok,0,https://www.ebay.com/itm/358344917628
d189767e-aaa4-4d7b-94cc-81356f3ee169,2025-11-25,140.67,eBay,BUY_IT_NOW,ok,0,https://www.ebay.com/itm/135304963012
d189767e-aaa4-4d7b-94cc-81356f3ee169,2025-11-20,125.67,eBay,BUY_IT_NOW,ok,0,https://www.ebay.com/itm/135304642467
d189767e-aaa4-4d7b-94cc-81356f3ee169,2025-06-18,37.5,eBay,BEST_OFFER,ok,0,https://www.ebay.com/itm/316039597363
d189767e-aaa4-4d7b-94cc-81356f3ee169,2025-06-12,26,eBay,AUCTION,ok,0,https://www.ebay.com/itm/256963477792
d189767e-aaa4-4d7b-94cc-81356f3ee169,2024-01-21,28,eBay,AUCTION,ok,0,https://www.ebay.com/itm/Pokemon-Japanese-SM2K-052-050-Alolan-Ninetales-GX-2017-132-145-PSA-10-42481580-/134887399066
d189767e-aaa4-4d7b-94cc-81356f3ee169,2023-11-23,36.55,eBay,AUCTION,ok,0,https://www.ebay.com/itm/Pokemon-Japanese-SM2K-052-050-Alolan-Ninetales-GX-2017-132-145-PSA-10-43890658-/134801342328
d189767e-aaa4-4d7b-94cc-81356f3ee169,2023-09-05,74.95,eBay,BEST_OFFER,ok,0,https://www.ebay.com/itm/Alolan-Ninetales-GX-052-050-PSA-10-SM2K-Islands-Await-You-Japanese-Pokemon-Card-/354960318310
d1aaecb3-d4e7-4bea-95e2-f7652af3d2ee,2026-09-13,220,eBay,BEST_OFFER,ok,0,https://www.ebay.com/itm/800502416657
d1aaecb3-d4e7-4bea-95e2-f7652af3d2ee,2026-07-05,138.5,eBay,AUCTION,ok,0,https://www.ebay.com/itm/287424622035
d1aaecb3-d4e7-4bea-95e2-f7652af3d2ee,2026-04-26,139.08,Goldin Auctions,AUCTION,ok,0,https://goldin.co/item/2008-pokemon-japanese-promo-spring-battle-road-holo-094-dusknoir-psa-g0m6i9
d1aaecb3-d4e7-4bea-95e2-f7652af3d2ee,2026-03-01,67.2,PWCC Weekly Auctions,AUCTION,ok,0,https://www.fanaticscollect.com/weekly/194c43fc-081e-11f1-880b-0a9dcf241f19
d1aaecb3-d4e7-4bea-95e2-f7652af3d2ee,2026-02-06,60,eBay,BEST_OFFER,ok,0,https://www.ebay.com/itm/134760512442
d1aaecb3-d4e7-4bea-95e2-f7652af3d2ee,2025-11-02,38.4,PWCC Weekly Auctions,AUCTION,ok,0,https://www.fanaticscollect.com/weekly/2c042174-aef3-11f0-b9d7-0a58a9feac02
d1aaecb3-d4e7-4bea-95e2-f7652af3d2ee,2025-07-09,42,eBay,BUY_IT_NOW,ok,0,https://www.ebay.com/itm/388689823738
d1aaecb3-d4e7-4bea-95e2-f7652af3d2ee,2025-06-03,47.49,eBay,BEST_OFFER,ok,0,https://www.ebay.com/itm/395393390143
d1aaecb3-d4e7-4bea-95e2-f7652af3d2ee,2025-05-18,37,eBay,AUCTION,ok,0,https://www.ebay.com/itm/205476151123
d1aaecb3-d4e7-4bea-95e2-f7652af3d2ee,2025-05-17,45,eBay,BUY_IT_NOW,ok,0,https://www.ebay.com/itm/365379114739
d1f6466b-c3c4-4ecf-a0d9-e7c3a3f275f8,2026-09-20,1500,eBay,BEST_OFFER,ok,0,https://www.ebay.com/itm/307182614440
d1f6466b-c3c4-4ecf-a0d9-e7c3a3f275f8,2026-09-12,1600,eBay,BEST_OFFER,ok,0,https://www.ebay.com/itm/389645938080
d1f6466b-c3c4-4ecf-a0d9-e7c3a3f275f8,2026-09-09,1522,eBay,AUCTION,ok,0,https://www.ebay.com/itm/800603541438
d1f6466b-c3c4-4ecf-a0d9-e7c3a3f275f8,2026-08-24,1700,eBay,BEST_OFFER,ok,0,https://www.ebay.com/itm/307131489147
d1f6466b-c3c4-4ecf-a0d9-e7c3a3f275f8,2026-08-06,1700,eBay,BUY_IT_NOW,ok,0,https://www.ebay.com/itm/366531478535
d1f6466b-c3c4-4ecf-a0d9-e7c3a3f275f8,2026-08-05,1650,eBay,BEST_OFFER,ok,0,https://www.ebay.com/itm/358479113053
d1f6466b-c3c4-4ecf-a0d9-e7c3a3f275f8,2026-07-09,1650,eBay,BUY_IT_NOW,ok,0,https://www.ebay.com/itm/117291696895
d1f6466b-c3c4-4ecf-a0d9-e7c3a3f275f8,2026-06-14,1558,eBay,AUCTION,ok,0,https://www.ebay.com/itm/287379736855
d1f6466b-c3c4-4ecf-a0d9-e7c3a3f275f8,2026-06-14,1545,eBay,AUCTION,ok,0,https://www.ebay.com/itm/287372395991
d1f6466b-c3c4-4ecf-a0d9-e7c3a3f275f8,2026-06-08,1353.86,eBay,BEST_OFFER,ok,0,https://www.ebay.com/itm/318254040591
d177761e-e704-4cac-ace6-823323294dc8,2026-09-17,604.27,eBay,AUCTION,ok,0,https://www.ebay.com/itm/298660417755
d177761e-e704-4cac-ace6-823323294dc8,2026-09-14,950,eBay,BEST_OFFER,ok,0,https://www.ebay.com/itm/158168938695
d177761e-e704-4cac-ace6-823323294dc8,2026-08-18,667,PWCC Fixed Price,BEST_OFFER,ok,0,https://www.fanaticscollect.com/buy-now/ae055165-ec76-4b57-96f5-bf22e143528f
d177761e-e704-4cac-ace6-823323294dc8,2026-07-13,800,eBay,AUCTION,ok,0,https://www.ebay.com/itm/168519307807
d177761e-e704-4cac-ace6-823323294dc8,2026-07-08,660,eBay,AUCTION,ok,0,https://www.ebay.com/itm/800273853093
d177761e-e704-4cac-ace6-823323294dc8,2026-05-07,444,Alt,AUCTION,ok,0,https://alt.xyz/exchange/select-listing?ids=d59fa2c1-13bf-4c6c-8cb5-715c5da5a67a
d177761e-e704-4cac-ace6-823323294dc8,2026-03-15,840,PWCC Weekly Auctions,AUCTION,ok,0,https://www.fanaticscollect.com/weekly/e76a911a-18b5-11f1-b1bd-067fe7a4a46b
d177761e-e704-4cac-ace6-823323294dc8,2025-12-20,500,eBay,BUY_IT_NOW,ok,0,https://www.ebay.com/itm/326914244102
d177761e-e704-4cac-ace6-823323294dc8,2025-11-10,425,PWCC Fixed Price,BEST_OFFER,ok,0,https://sales-history.pwccmarketplace.com/items/FIXED375517
d177761e-e704-4cac-ace6-823323294dc8,2025-08-20,336,eBay,AUCTION,ok,0,https://www.ebay.com/itm/116732421262
d17ba2a5-0b3f-49a3-842c-569420c50217,2026-09-22,3000,eBay,BUY_IT_NOW,ok,0,https://www.ebay.com/itm/377509117207
d17ba2a5-0b3f-49a3-842c-569420c50217,2026-09-22,3000,PWCC Fixed Price,BEST_OFFER,ok,0,https://www.fanaticscollect.com/buy-now/720a14f3-55c4-43fd-b6b5-3f5670ff6ea2
d17ba2a5-0b3f-49a3-842c-569420c50217,2026-09-22,2890,PWCC Fixed Price,BEST_OFFER,ok,0,https://www.fanaticscollect.com/buy-now/f33a12b1-539f-4d4c-96e5-0a94e53da1ed
d17ba2a5-0b3f-49a3-842c-569420c50217,2026-09-22,2699.99,eBay,BUY_IT_NOW,ok,0,https://www.ebay.com/itm/307189318991
d17ba2a5-0b3f-49a3-842c-569420c50217,2026-09-21,2700,eBay,AUCTION,ok,0,https://www.ebay.com/itm/800646083193
d17ba2a5-0b3f-49a3-842c-569420c50217,2026-09-20,2310,PWCC Weekly Auctions,AUCTION,ok,0,https://www.fanaticscollect.com/weekly/c1e0e226-ac87-11f1-bbec-06b85b1adbb3
d17ba2a5-0b3f-49a3-842c-569420c50217,2026-09-19,3000,PWCC Fixed Price,BEST_OFFER,ok,0,https://www.fanaticscollect.com/buy-now/ce44cc99-a6ed-467a-93fc-25b121af8061
d17ba2a5-0b3f-49a3-842c-569420c50217,2026-09-17,2799.23,eBay,BUY_IT_NOW,ok,0,https://www.ebay.com/itm/298682617668
d17ba2a5-0b3f-49a3-842c-569420c50217,2026-09-17,2571.61,eBay,BUY_IT_NOW,ok,0,https://www.ebay.com/itm/327362672867
d17ba2a5-0b3f-49a3-842c-569420c50217,2026-09-15,2638,eBay,BUY_IT_NOW,ok,0,https://www.ebay.com/itm/198629318629
d1233a51-dd86-4565-ad98-ada4efc9fa7f,2026-09-10,149.5,eBay,AUCTION,ok,0,https://www.ebay.com/itm/158255188581
d1233a51-dd86-4565-ad98-ada4efc9fa7f,2026-08-13,129,eBay,BUY_IT_NOW,ok,0,https://www.ebay.com/itm/307107456537
d1233a51-dd86-4565-ad98-ada4efc9fa7f,2026-07-20,120,PWCC Fixed Price,BEST_OFFER,ok,0,https://www.fanaticscollect.com/buy-now/86d7d13d-27a4-4a53-97d9-491dc98368a0
d1233a51-dd86-4565-ad98-ada4efc9fa7f,2026-07-12,120,PWCC Weekly Auctions,AUCTION,ok,0,https://www.fanaticscollect.com/weekly/0ee0f39e-742b-11f1-9bed-0a58a9feac02
d1233a51-dd86-4565-ad98-ada4efc9fa7f,2026-07-07,150,eBay,BEST_OFFER,ok,0,https://www.ebay.com/itm/377087476734
d1233a51-dd86-4565-ad98-ada4efc9fa7f,2026-07-04,125,eBay,BUY_IT_NOW,ok,0,https://www.ebay.com/itm/287419339518
d1233a51-dd86-4565-ad98-ada4efc9fa7f,2026-06-30,145,eBay,BEST_OFFER,ok,0,https://www.ebay.com/itm/306831785994
d1233a51-dd86-4565-ad98-ada4efc9fa7f,2026-06-27,90,eBay,BEST_OFFER,ok,0,https://www.ebay.com/itm/318513499108
d1233a51-dd86-4565-ad98-ada4efc9fa7f,2026-06-01,100,eBay,BUY_IT_NOW,ok,0,https://www.ebay.com/itm/377059805273
d1233a51-dd86-4565-ad98-ada4efc9fa7f,2026-05-19,83.29,eBay,BEST_OFFER,ok,0,https://www.ebay.com/itm/306409465715
d171192c-8b0b-48ca-bc41-f5b3b6c98b9f,2026-09-22,2999.99,eBay,BUY_IT_NOW,ok,0,https://www.ebay.com/itm/800638491751
d171192c-8b0b-48ca-bc41-f5b3b6c98b9f,2026-09-13,1770,PWCC Weekly Auctions,AUCTION,ok,0,https://www.fanaticscollect.com/weekly/14b0d022-a5cd-11f1-a5e9-065d41047819
d171192c-8b0b-48ca-bc41-f5b3b6c98b9f,2026-08-23,2070,PWCC Weekly Auctions,AUCTION,ok,0,https://www.fanaticscollect.com/weekly/d3dda766-98cd-11f1-a949-0a58a9feac02
d171192c-8b0b-48ca-bc41-f5b3b6c98b9f,2026-08-16,1950,PWCC Weekly Auctions,AUCTION,ok,0,https://www.fanaticscollect.com/weekly/b1ad07b0-901a-11f1-8305-02fff83721db
d171192c-8b0b-48ca-bc41-f5b3b6c98b9f,2026-08-08,2350,eBay,AUCTION,ok,0,https://www.ebay.com/itm/307088805322
d171192c-8b0b-48ca-bc41-f5b3b6c98b9f,2026-07-28,2404,eBay,AUCTION,ok,0,https://www.ebay.com/itm/298520354340
d171192c-8b0b-48ca-bc41-f5b3b6c98b9f,2026-04-21,3050,eBay,AUCTION,ok,0,https://www.ebay.com/itm/117140836723
d171192c-8b0b-48ca-bc41-f5b3b6c98b9f,2026-04-21,1969.69,eBay,BUY_IT_NOW,ok,0,https://www.ebay.com/itm/298206539754
d171192c-8b0b-48ca-bc41-f5b3b6c98b9f,2026-03-17,1198.8,eBay,BEST_OFFER,ok,0,https://www.ebay.com/itm/147196607319
d171192c-8b0b-48ca-bc41-f5b3b6c98b9f,2026-03-11,1099,PWCC Fixed Price,BEST_OFFER,ok,0,https://www.fanaticscollect.com/buy-now/e83f9223-7bcd-460c-aa93-c09b2377d449
d1a2e624-e10e-4bfa-b77a-65a9cecb204b,2026-09-21,1606.56,eBay,BUY_IT_NOW,ok,0,https://www.ebay.com/itm/318670598381
d1a2e624-e10e-4bfa-b77a-65a9cecb204b,2026-09-21,1300,eBay,BEST_OFFER,ok,0,https://www.ebay.com/itm/147523498163
d1a2e624-e10e-4bfa-b77a-65a9cecb204b,2026-09-19,1205.54,eBay,BUY_IT_NOW,ok,0,https://www.ebay.com/itm/287522220753
d1a2e624-e10e-4bfa-b77a-65a9cecb204b,2026-09-05,1226,eBay,AUCTION,ok,0,https://www.ebay.com/itm/800593753871
d1a2e624-e10e-4bfa-b77a-65a9cecb204b,2026-08-30,1299.99,eBay,BUY_IT_NOW,ok,0,https://www.ebay.com/itm/407168373754
d1a2e624-e10e-4bfa-b77a-65a9cecb204b,2026-08-02,1116,eBay,AUCTION,ok,0,https://www.ebay.com/itm/287481269898
d1a2e624-e10e-4bfa-b77a-65a9cecb204b,2026-07-06,1000,eBay,AUCTION,ok,0,https://www.ebay.com/itm/800275185323
d1a2e624-e10e-4bfa-b77a-65a9cecb204b,2026-06-20,925,eBay,AUCTION,ok,0,https://www.ebay.com/itm/227387250347
d1a2e624-e10e-4bfa-b77a-65a9cecb204b,2026-06-07,1100,eBay,AUCTION,ok,0,https://www.ebay.com/itm/287361552071
d1a2e624-e10e-4bfa-b77a-65a9cecb204b,2026-05-31,1090.12,eBay,AUCTION,ok,0,https://www.ebay.com/itm/137323840093
d175e03d-f7c5-4dc4-9ac6-5b70e33903e4,2026-09-10,4256.4,Alt,AUCTION,ok,0,https://alt.xyz/exchange/select-listing?ids=e9f90a6b-2e29-45e3-946d-0ee347375d04
d175e03d-f7c5-4dc4-9ac6-5b70e33903e4,2026-09-08,4000,eBay,BUY_IT_NOW,ok,0,https://www.ebay.com/itm/117336030471
d175e03d-f7c5-4dc4-9ac6-5b70e33903e4,2026-09-04,3750,eBay,AUCTION,ok,0,https://www.ebay.com/itm/298620992440
d175e03d-f7c5-4dc4-9ac6-5b70e33903e4,2026-09-04,3300,eBay,AUCTION,ok,0,https://www.ebay.com/itm/168646513123
d175e03d-f7c5-4dc4-9ac6-5b70e33903e4,2026-08-24,3230,eBay,BEST_OFFER,ok,0,https://www.ebay.com/itm/188832575102
d175e03d-f7c5-4dc4-9ac6-5b70e33903e4,2026-08-11,3999,PWCC Fixed Price,BEST_OFFER,ok,0,https://www.fanaticscollect.com/buy-now/6e005f79-3af6-404b-b12b-7e7f8316f74f
d175e03d-f7c5-4dc4-9ac6-5b70e33903e4,2026-07-16,4000,eBay,BEST_OFFER,ok,0,https://www.ebay.com/itm/278182093841
d175e03d-f7c5-4dc4-9ac6-5b70e33903e4,2026-06-21,3272,eBay,AUCTION,ok,0,https://www.ebay.com/itm/377261920327
d175e03d-f7c5-4dc4-9ac6-5b70e33903e4,2026-06-21,3000,eBay,AUCTION,ok,0,https://www.ebay.com/itm/287384768486
d175e03d-f7c5-4dc4-9ac6-5b70e33903e4,2026-06-14,3840,PWCC Weekly Auctions,AUCTION,ok,0,https://www.fanaticscollect.com/weekly/554dbf9c-4983-11f1-97ea-065f2658d381
d1a818b2-5e93-47fc-a759-c0fa1bbcf0c9,2026-09-09,49,eBay,BUY_IT_NOW,ok,0,https://www.ebay.com/itm/377357439623
d1a818b2-5e93-47fc-a759-c0fa1bbcf0c9,2026-08-01,25,eBay,BEST_OFFER,ok,0,https://www.ebay.com/itm/188630660551
d1a818b2-5e93-47fc-a759-c0fa1bbcf0c9,2026-03-14,28,eBay,AUCTION,ok,0,https://www.ebay.com/itm/298095399139
d1a818b2-5e93-47fc-a759-c0fa1bbcf0c9,2025-12-28,65,eBay,BEST_OFFER,ok,0,https://www.ebay.com/itm/275588217538
d1a818b2-5e93-47fc-a759-c0fa1bbcf0c9,2025-08-08,26.1,eBay,BEST_OFFER,ok,0,https://www.ebay.com/itm/365643543895
d1a818b2-5e93-47fc-a759-c0fa1bbcf0c9,2025-08-03,28.99,eBay,BUY_IT_NOW,ok,0,https://www.ebay.com/itm/364036984401
d1a818b2-5e93-47fc-a759-c0fa1bbcf0c9,2025-07-25,30,eBay,BUY_IT_NOW,ok,0,https://www.ebay.com/itm/225301850682
d1a818b2-5e93-47fc-a759-c0fa1bbcf0c9,2025-06-17,20,eBay,BUY_IT_NOW,ok,0,https://www.ebay.com/itm/365544920034
d1a818b2-5e93-47fc-a759-c0fa1bbcf0c9,2025-06-08,16.8,PWCC Weekly Auctions,AUCTION,ok,0,https://www.fanaticscollect.com/weekly/8c12b6de-3b30-11f0-b69d-0a67a12c0aa1
d1a818b2-5e93-47fc-a759-c0fa1bbcf0c9,2025-05-18,15,eBay,BEST_OFFER,ok,0,https://www.ebay.com/itm/236015263146
d16da467-f7db-4b12-bc9d-f06d6f8cfff3,2026-08-23,116.99,eBay,BUY_IT_NOW,ok,0,https://www.ebay.com/itm/287412558043
d16da467-f7db-4b12-bc9d-f06d6f8cfff3,2026-08-11,56,eBay,AUCTION,ok,0,https://www.ebay.com/itm/298555651312
d16da467-f7db-4b12-bc9d-f06d6f8cfff3,2026-07-18,61,eBay,AUCTION,ok,0,https://www.ebay.com/itm/307054993997
d16da467-f7db-4b12-bc9d-f06d6f8cfff3,2025-06-01,21.6,PWCC Weekly Auctions,AUCTION,ok,0,https://www.fanaticscollect.com/weekly/b09ad800-3c4e-11f0-a6c5-0a58a9feac02
d16da467-f7db-4b12-bc9d-f06d6f8cfff3,2024-11-20,80,eBay,BEST_OFFER,ok,0,https://www.ebay.com/itm/2002-Pokemon-Legendary-Collection-Bill-108-PSA-10-/266684016814
d16da467-f7db-4b12-bc9d-f06d6f8cfff3,2024-02-14,24.5,eBay,AUCTION,ok,0,https://www.ebay.com/itm/Pokemon-PSA-10-GEM-MINT-Bill-108-110-Legendary-Collection-Common-/355438806007
d16da467-f7db-4b12-bc9d-f06d6f8cfff3,2024-02-14,12.5,eBay,AUCTION,ok,0,https://www.ebay.com/itm/Pokemon-PSA-10-GEM-MINT-Bill-108-110-Legendary-Collection-Common-/355438806011
d16da467-f7db-4b12-bc9d-f06d6f8cfff3,2024-01-20,17.5,eBay,AUCTION,ok,0,https://www.ebay.com/itm/Pokemon-Bill-108-110-Legendary-Collection-PSA-10-/225958722894
d16da467-f7db-4b12-bc9d-f06d6f8cfff3,2024-01-07,8.5,eBay,AUCTION,RELISTED,0,https://www.ebay.com/itm/Pokemon-Bill-108-110-Legendary-Collection-PSA-10-/225939421410
d16da467-f7db-4b12-bc9d-f06d6f8cfff3,2024-01-03,27,eBay,AUCTION,ok,0,https://www.ebay.com/itm/2002-Pokemon-Legendary-Collection-108-Bill-PSA-10-GEM-MINT-/375148367818
d172dd43-aaf1-46b4-96fc-47cc16811599,2026-08-23,162.34,eBay,AUCTION,ok,0,https://www.ebay.com/itm/137608877479
d172dd43-aaf1-46b4-96fc-47cc16811599,2026-07-19,128.12,eBay,AUCTION,ok,0,https://www.ebay.com/itm/137486999136
d172dd43-aaf1-46b4-96fc-47cc16811599,2026-02-15,180,eBay,BEST_OFFER,ok,0,https://www.ebay.com/itm/156631802606
d172dd43-aaf1-46b4-96fc-47cc16811599,2025-08-31,100.5,eBay,AUCTION,ok,0,https://www.ebay.com/itm/136339787787
d172dd43-aaf1-46b4-96fc-47cc16811599,2025-08-08,116,eBay,AUCTION,ok,0,https://www.ebay.com/itm/306425193923
d172dd43-aaf1-46b4-96fc-47cc16811599,2025-06-08,159.56,eBay,AUCTION,ok,0,https://www.ebay.com/itm/135845844773
d172dd43-aaf1-46b4-96fc-47cc16811599,2025-03-09,146.25,eBay,AUCTION,ok,0,https://www.ebay.com/itm/135585214532
d172dd43-aaf1-46b4-96fc-47cc16811599,2024-11-12,95.82,eBay,BUY_IT_NOW,ok,0,https://www.ebay.com/itm/PSA-10-WOTC-1-Edition-Pokemon-Breeder-Pokemon-Karte-TCG-76-102-Base-Set-E15-/355903067427
d172dd43-aaf1-46b4-96fc-47cc16811599,2024-10-06,106.4,eBay,AUCTION,ok,0,https://www.ebay.com/itm/1999-POKEMON-GERMAN-76-POKEMON-ZUCHTER-1ST-EDITION-PSA-10-/135270927235
d172dd43-aaf1-46b4-96fc-47cc16811599,2024-08-18,111.01,eBay,AUCTION,ok,0,https://www.ebay.com/itm/1999-POKEMON-GERMAN-76-POKEMON-ZUCHTER-1ST-EDITION-PSA-10-/135184648908
d1885bd5-b2b6-485c-be1b-8fcb54253436,2026-09-20,285,eBay,AUCTION,ok,0,https://www.ebay.com/itm/198639649792
d1885bd5-b2b6-485c-be1b-8fcb54253436,2026-08-08,330,eBay,BUY_IT_NOW,ok,0,https://www.ebay.com/itm/306752397025
d1885bd5-b2b6-485c-be1b-8fcb54253436,2026-07-26,288,eBay,BEST_OFFER,ok,0,https://www.ebay.com/itm/298519442163
d1885bd5-b2b6-485c-be1b-8fcb54253436,2026-06-14,200,eBay,AUCTION,ok,0,https://www.ebay.com/itm/358645502237
d1885bd5-b2b6-485c-be1b-8fcb54253436,2026-06-02,300,eBay,BEST_OFFER,ok,0,https://www.ebay.com/itm/306966005514
d1885bd5-b2b6-485c-be1b-8fcb54253436,2026-05-27,425,eBay,BEST_OFFER,RELISTED,0,https://www.ebay.com/itm/306964908195
d1885bd5-b2b6-485c-be1b-8fcb54253436,2026-05-26,385,eBay,BEST_OFFER,RELISTED,0,https://www.ebay.com/itm/298333832773
d1885bd5-b2b6-485c-be1b-8fcb54253436,2026-03-20,199.99,eBay,AUCTION,ok,0,https://www.ebay.com/itm/198172189311
d1885bd5-b2b6-485c-be1b-8fcb54253436,2025-12-07,132,PWCC Weekly Auctions,AUCTION,ok,0,https://www.fanaticscollect.com/weekly/944ee198-cf27-11f0-a31e-02af045abe33
d1885bd5-b2b6-485c-be1b-8fcb54253436,2025-11-09,325,PWCC Fixed Price,BEST_OFFER,ok,0,https://sales-history.pwccmarketplace.com/items/FIXED374677
d1cd0d47-1879-4a12-8602-e9d5af2fc4d0,2026-01-22,279.99,eBay,BUY_IT_NOW,ok,0,https://www.ebay.com/itm/297696633149
d1cd0d47-1879-4a12-8602-e9d5af2fc4d0,2021-04-18,80,eBay,AUCTION,ok,0,https://www.ebay.com/itm/POKEMON-PSA-10-1ST-ED-CHARMANDER-MIRACLE-CRYSTAL-JAPANESE-2006-011-075-179-/124668595658
d1c52a33-4889-4b3f-8293-051e6ad77e98,2026-09-17,899.95,eBay,BUY_IT_NOW,ok,0,https://www.ebay.com/itm/117355994275
d1c52a33-4889-4b3f-8293-051e6ad77e98,2025-10-11,267.55,eBay,BUY_IT_NOW,ok,0,https://www.ebay.com/itm/156183366290
d1c52a33-4889-4b3f-8293-051e6ad77e98,2025-09-21,274.95,eBay,BUY_IT_NOW,ok,0,https://www.ebay.com/itm/335147369442
d1c52a33-4889-4b3f-8293-051e6ad77e98,2025-02-23,154.49,eBay,AUCTION,ok,0,https://www.ebay.com/itm/1997-Pokemon-Bandai-Carddass-Sandslash-028-PSA-10-Gem-Mint-/286330086430
d1c52a33-4889-4b3f-8293-051e6ad77e98,2024-02-09,150,eBay,BUY_IT_NOW,ok,0,https://www.ebay.com/itm/Pokemon-Japanese-Sandslash-028-Carddass-Pocket-Monsters-1997-Low-Pop-8-PSA-10-/304989720487
d1c52a33-4889-4b3f-8293-051e6ad77e98,2023-06-04,91.2,PWCC Weekly Auctions,AUCTION,ok,0,https://www.fanaticscollect.com/weekly/328b8ada-e2f6-11ed-8c21-0a58a9feac02
d1c52a33-4889-4b3f-8293-051e6ad77e98,2021-04-26,161.5,eBay,AUCTION,ok,0,https://www.ebay.com/itm/1997-Pokemon-Pocket-Monsters-Carddass-Sandslash-028-PSA-10-GEM-MINT-/402796416173
d180ae83-bf5e-44ae-80fc-d5b348be6f46,2025-07-29,69.99,eBay,BUY_IT_NOW,ok,0,https://www.ebay.com/itm/204955413175
d180ae83-bf5e-44ae-80fc-d5b348be6f46,2021-10-10,31.37,eBay,AUCTION,ok,0,https://www.ebay.com/itm/Pokemon-TCG-Carvanha-Non-Holo-EX-Ruby-and-Sapphire-51-109-PSA-10-Gem-Mint-/255161892660
d180ae83-bf5e-44ae-80fc-d5b348be6f46,2021-05-08,55,eBay,BEST_OFFER,ok,0,https://www.ebay.com/itm/Carvanha-51-109-EX-Ruby-Sapphire-PSA-10-Gem-Mint-Pokemon-Card-/324576728761
d1f5d4f0-14e7-4d55-9ff3-63e37b09c7bf,2026-09-20,2162,eBay,AUCTION,ok,0,https://www.ebay.com/itm/377493004456
d1f5d4f0-14e7-4d55-9ff3-63e37b09c7bf,2026-09-20,2025,eBay,AUCTION,ok,0,https://www.ebay.com/itm/287582442522
d1f5d4f0-14e7-4d55-9ff3-63e37b09c7bf,2026-09-18,1712.82,CardHobby,AUCTION,ok,0,https://www.cardhobby.com/#/carddetails/136136784
d1f5d4f0-14e7-4d55-9ff3-63e37b09c7bf,2026-09-16,2236.16,eBay,BEST_OFFER,ok,0,https://www.ebay.com/itm/227422370029
d1f5d4f0-14e7-4d55-9ff3-63e37b09c7bf,2026-09-14,1975,eBay,AUCTION,ok,0,https://www.ebay.com/itm/366654973847
d1f5d4f0-14e7-4d55-9ff3-63e37b09c7bf,2026-09-13,2276,eBay,AUCTION,ok,0,https://www.ebay.com/itm/407202893786
d1f5d4f0-14e7-4d55-9ff3-63e37b09c7bf,2026-09-12,2286,eBay,AUCTION,ok,0,https://www.ebay.com/itm/128063512821
d1f5d4f0-14e7-4d55-9ff3-63e37b09c7bf,2026-09-09,2100,eBay,BUY_IT_NOW,ok,0,https://www.ebay.com/itm/227511126537
d1f5d4f0-14e7-4d55-9ff3-63e37b09c7bf,2026-09-06,2805,eBay,AUCTION,ok,0,https://www.ebay.com/itm/287552956560
d1f5d4f0-14e7-4d55-9ff3-63e37b09c7bf,2026-09-03,2850,eBay,AUCTION,ok,0,https://www.ebay.com/itm/307152850067
d10bfdfb-c208-4280-a8a3-322ce12b5004,2026-06-27,36,eBay,AUCTION,ok,0,https://www.ebay.com/itm/307012035913
d10bfdfb-c208-4280-a8a3-322ce12b5004,2026-05-09,10.5,eBay,AUCTION,ok,0,https://www.ebay.com/itm/236793841546
d10bfdfb-c208-4280-a8a3-322ce12b5004,2026-05-01,29.99,eBay,BUY_IT_NOW,ok,0,https://www.ebay.com/itm/117046984984
d10bfdfb-c208-4280-a8a3-322ce12b5004,2026-04-04,31.99,eBay,BUY_IT_NOW,ok,0,https://www.ebay.com/itm/306513628737
d10bfdfb-c208-4280-a8a3-322ce12b5004,2026-03-22,12.5,eBay,AUCTION,ok,0,https://www.ebay.com/itm/287198017930
d10bfdfb-c208-4280-a8a3-322ce12b5004,2026-02-12,20,eBay,AUCTION,ok,0,https://www.ebay.com/itm/117018526183
d10bfdfb-c208-4280-a8a3-322ce12b5004,2026-01-18,28,eBay,BEST_OFFER,ok,0,https://www.ebay.com/itm/116780430075
d10bfdfb-c208-4280-a8a3-322ce12b5004,2025-11-11,24.99,eBay,BEST_OFFER,ok,0,https://www.ebay.com/itm/236081632757
d10bfdfb-c208-4280-a8a3-322ce12b5004,2025-11-06,20,eBay,BEST_OFFER,ok,0,https://www.ebay.com/itm/255554780075
d10bfdfb-c208-4280-a8a3-322ce12b5004,2025-09-14,20,eBay,AUCTION,RELISTED,0,https://www.ebay.com/itm/116760894315
d110b76e-3651-49dd-b559-7352aff636f9,2026-09-13,10500,PWCC Weekly Auctions,AUCTION,ok,0,https://www.fanaticscollect.com/weekly/8fff9144-979c-11f1-9011-0a58a9feac02
d110b76e-3651-49dd-b559-7352aff636f9,2026-08-23,8700,PWCC Weekly Auctions,AUCTION,ok,0,https://www.fanaticscollect.com/weekly/ba692f5a-954c-11f1-a1b0-02ffded9a17f
d110b76e-3651-49dd-b559-7352aff636f9,2026-08-09,8852.32,Goldin Auctions,AUCTION,ok,0,https://goldin.co/item/2005-pokemon-japanese-golden-sky-silvery-ocean-holo-gold-star-039-raikqpqif
d110b76e-3651-49dd-b559-7352aff636f9,2026-08-06,9900,Alt,AUCTION,ok,0,https://alt.xyz/exchange/select-listing?ids=ffa493e7-5da0-4f77-b094-792238f7664b
d110b76e-3651-49dd-b559-7352aff636f9,2026-07-29,11000,eBay,BEST_OFFER,ok,0,https://www.ebay.com/itm/267738396897
d110b76e-3651-49dd-b559-7352aff636f9,2026-07-26,9900,PWCC Weekly Auctions,AUCTION,ok,0,https://www.fanaticscollect.com/weekly/e5105ce8-8213-11f1-b9f8-02ba9858bad3
d110b76e-3651-49dd-b559-7352aff636f9,2026-07-25,11000,eBay,BEST_OFFER,RELISTED,0,https://www.ebay.com/itm/267654661524
d110b76e-3651-49dd-b559-7352aff636f9,2026-05-25,9500,eBay,AUCTION,ok,0,https://www.ebay.com/itm/366417558515
d110b76e-3651-49dd-b559-7352aff636f9,2026-04-23,8500,eBay,BUY_IT_NOW,ok,0,https://www.ebay.com/itm/306897476071
d110b76e-3651-49dd-b559-7352aff636f9,2026-03-31,8800,PWCC Fixed Price,BEST_OFFER,ok,0,https://www.fanaticscollect.com/buy-now/d9288ee4-a2ee-49ff-a508-bfa47c1b61a4
d1857d07-cfaf-4e41-95b5-a73274578813,2026-09-19,288.51,eBay,AUCTION,ok,0,https://www.ebay.com/itm/307173712714
d1857d07-cfaf-4e41-95b5-a73274578813,2026-09-19,275,eBay,AUCTION,ok,0,https://www.ebay.com/itm/800662498577
d1857d07-cfaf-4e41-95b5-a73274578813,2026-09-14,335,eBay,BUY_IT_NOW,ok,0,https://www.ebay.com/itm/377479414862
d1857d07-cfaf-4e41-95b5-a73274578813,2026-09-14,329.99,eBay,BUY_IT_NOW,ok,0,https://www.ebay.com/itm/407210105570
d1857d07-cfaf-4e41-95b5-a73274578813,2026-09-13,277.05,eBay,AUCTION,ok,0,https://www.ebay.com/itm/298635870084
d1857d07-cfaf-4e41-95b5-a73274578813,2026-09-13,265,eBay,AUCTION,ok,0,https://www.ebay.com/itm/227504465738
d1857d07-cfaf-4e41-95b5-a73274578813,2026-09-13,240,PWCC Weekly Auctions,AUCTION,ok,0,https://www.fanaticscollect.com/weekly/e885b238-a5cc-11f1-a9b7-065d41047819
d1857d07-cfaf-4e41-95b5-a73274578813,2026-09-06,325,eBay,BEST_OFFER,ok,0,https://www.ebay.com/itm/820080938174
d1857d07-cfaf-4e41-95b5-a73274578813,2026-09-06,310,eBay,BEST_OFFER,ok,0,https://www.ebay.com/itm/800588622060
d1857d07-cfaf-4e41-95b5-a73274578813,2026-09-06,287,eBay,AUCTION,ok,0,https://www.ebay.com/itm/287552953432
d11b06ca-c73f-4a00-aafa-7d79ac05c91f,2025-04-04,100,eBay,BEST_OFFER,ok,0,https://www.ebay.com/itm/276835975660
d11b06ca-c73f-4a00-aafa-7d79ac05c91f,2025-02-25,70.05,eBay,AUCTION,ok,0,https://www.ebay.com/itm/2015-Pokemon-XY-Roaring-Skies-110-Seeker-VS-PSA-10-GEM-MINT-/365407473726
d11b06ca-c73f-4a00-aafa-7d79ac05c91f,2024-10-28,64.81,eBay,BEST_OFFER,ok,0,https://www.ebay.com/itm/POKEMON-XY-ROARING-SKIES-110-VS-SEEKER-PSA-10-POP-25-/235796667465
d11b06ca-c73f-4a00-aafa-7d79ac05c91f,2023-10-01,44.99,eBay,BUY_IT_NOW,ok,0,https://www.ebay.com/itm/2015-Pokemon-XY-Roaring-Skies-110-VS-Seeker-PSA-10-/235228703644
d11b06ca-c73f-4a00-aafa-7d79ac05c91f,2023-02-09,41,eBay,BEST_OFFER,ok,0,https://www.ebay.com/itm/Pokemon-Vs-Seeker-110-108-Psa-10-G-Mint-Secret-Rare-Roaring-Skies-low-pop-25-/385348224694
d11b06ca-c73f-4a00-aafa-7d79ac05c91f,2021-06-28,76,eBay,AUCTION,ok,0,https://www.ebay.com/itm/2015-Pokemon-XY-Roaring-Skies-Secret-Rare-VS-Seeker-110-PSA-10-GEM-MINT-/144080802755
d11b06ca-c73f-4a00-aafa-7d79ac05c91f,2021-05-29,56,eBay,AUCTION,ok,0,https://www.ebay.com/itm/2015-Pokemon-XY-Roaring-Skies-VS-Seeker-110-PSA-10-GEM-MINT-/144044908653
d155c391-ce4d-45a1-9dcb-a2836e115cb1,2026-09-20,12400,eBay,BEST_OFFER,ok,1,https://www.ebay.com/itm/298668719691
d155c391-ce4d-45a1-9dcb-a2836e115cb1,2025-12-29,500,eBay,BEST_OFFER,ok,0,https://www.ebay.com/itm/397003263707
d155c391-ce4d-45a1-9dcb-a2836e115cb1,2025-05-31,250,eBay,BUY_IT_NOW,ok,0,https://www.ebay.com/itm/363287596210
d155c391-ce4d-45a1-9dcb-a2836e115cb1,2023-12-12,198.38,eBay,AUCTION,ok,0,https://www.ebay.com/itm/PSA-10-GEM-MINT-Pidgeotto-88-165-REVERSE-HOLO-Expedition-Pokemon-Card-494-/276204089541
d155c391-ce4d-45a1-9dcb-a2836e115cb1,2022-09-16,160,eBay,BUY_IT_NOW,ok,0,https://www.ebay.com/itm/Pokemon-PSA-10-Gem-Mint-Pidgeotto-Reverse-Holo-88-Expedition-/134235708830
d155c391-ce4d-45a1-9dcb-a2836e115cb1,2021-05-29,255,eBay,AUCTION,ok,0,https://www.ebay.com/itm/2002-Pokemon-Expedition-Reverse-Holo-Pidgeotto-88-PSA-10-GEM-MINT-/353502669658
d1ebc45a-6113-4e71-aa46-dbaaa635559d,2026-09-06,4200,PWCC Weekly Auctions,AUCTION,ok,1,https://www.fanaticscollect.com/weekly/4fbe8666-a55d-11f1-b71e-06cb8ab3965b
d1ebc45a-6113-4e71-aa46-dbaaa635559d,2026-03-16,999,eBay,BUY_IT_NOW,ok,0,https://www.ebay.com/itm/297925008258
d1ebc45a-6113-4e71-aa46-dbaaa635559d,2025-08-31,617,eBay,AUCTION,ok,0,https://www.ebay.com/itm/286776490562
d1ebc45a-6113-4e71-aa46-dbaaa635559d,2025-07-12,1000,eBay,BUY_IT_NOW,ok,0,https://www.ebay.com/itm/297303902162
d1ebc45a-6113-4e71-aa46-dbaaa635559d,2025-05-31,594.89,eBay,BEST_OFFER,ok,0,https://www.ebay.com/itm/236129434081
d1ebc45a-6113-4e71-aa46-dbaaa635559d,2025-05-13,699,eBay,BUY_IT_NOW,ok,0,https://www.ebay.com/itm/306300637091
d1ebc45a-6113-4e71-aa46-dbaaa635559d,2025-04-08,350,eBay,BUY_IT_NOW,ok,0,https://www.ebay.com/itm/256818351901
d1ebc45a-6113-4e71-aa46-dbaaa635559d,2025-04-07,300,eBay,BEST_OFFER,ok,0,https://www.ebay.com/itm/167259272086
d1ebc45a-6113-4e71-aa46-dbaaa635559d,2024-08-21,114.5,eBay,AUCTION,ok,0,https://www.ebay.com/itm/2014-POKEMON-XY-FLORGES-HOLO-116-PSA-10-LOW-POP-/156355719668
d1ebc45a-6113-4e71-aa46-dbaaa635559d,2024-08-19,115,eBay,BEST_OFFER,ok,0,https://www.ebay.com/itm/PSA-10-Florges-EX-116-XY-Phantom-Forces-Full-Art-Pokemon-Card-Gem-Mint-POP-20-/375348145717
d1b8f020-ccd9-493a-a029-68661335adb1,2026-09-11,333,eBay,BEST_OFFER,ok,0,https://www.ebay.com/itm/298578531792
d1b8f020-ccd9-493a-a029-68661335adb1,2026-08-31,280,eBay,BEST_OFFER,ok,0,https://www.ebay.com/itm/298611478488
d1b8f020-ccd9-493a-a029-68661335adb1,2026-08-08,212,CardHobby,AUCTION,ok,0,https://www.cardhobby.com/#/carddetails/126305912
d1b8f020-ccd9-493a-a029-68661335adb1,2026-07-15,226,eBay,AUCTION,ok,0,https://www.ebay.com/itm/307048022443
d1b8f020-ccd9-493a-a029-68661335adb1,2026-05-10,208.5,eBay,AUCTION,ok,0,https://www.ebay.com/itm/298282703946
d1b8f020-ccd9-493a-a029-68661335adb1,2026-04-19,299,eBay,BUY_IT_NOW,ok,0,https://www.ebay.com/itm/335544052144
d1b8f020-ccd9-493a-a029-68661335adb1,2026-03-16,359,eBay,BEST_OFFER,ok,0,https://www.ebay.com/itm/277793617756
d1b8f020-ccd9-493a-a029-68661335adb1,2025-08-17,58,eBay,AUCTION,ok,0,https://www.ebay.com/itm/388820479852
d1b8f020-ccd9-493a-a029-68661335adb1,2025-05-07,79.99,eBay,BUY_IT_NOW,ok,0,https://www.ebay.com/itm/276783012404
d1b8f020-ccd9-493a-a029-68661335adb1,2024-05-25,74.99,eBay,BUY_IT_NOW,ok,0,https://www.ebay.com/itm/PSA-10-GEM-MINT-Typhlosion-Expedition-1st-ED-Japanese-074-128-Rare-Pokemon-Card-/326139195385
d1cbdaef-5090-434f-b7d4-eaf9f95682e9,2025-12-09,6750,eBay,BUY_IT_NOW,ok,0,https://www.ebay.com/itm/388938777024
d1cbdaef-5090-434f-b7d4-eaf9f95682e9,2025-04-07,3499.99,eBay,BUY_IT_NOW,ok,0,https://www.ebay.com/itm/156869902540
d1cbdaef-5090-434f-b7d4-eaf9f95682e9,2025-02-23,3250,eBay,AUCTION,ok,0,https://www.ebay.com/itm/47615164-PALKIA-EX-2013-Pokemon-Black-White-Plasma-Blast-100-PSA-10-/156698648401
d1cbdaef-5090-434f-b7d4-eaf9f95682e9,2024-09-21,656,eBay,AUCTION,ok,0,https://www.ebay.com/itm/2013-Pokemon-B-W-Plasma-Blast-100-101-Full-Art-Palkia-EX-PSA-10-GEM-MINT-/166972123586
d1cbdaef-5090-434f-b7d4-eaf9f95682e9,2024-07-29,1250,eBay,AUCTION,ok,0,https://www.ebay.com/itm/2013-Pokemon-B-W-Plasma-Blast-100-FFA-Palkia-EX-Holo-PSA-10-GEM-MINT-/375551009176
d1cbdaef-5090-434f-b7d4-eaf9f95682e9,2024-03-24,631.63,eBay,BEST_OFFER,ok,0,https://www.ebay.com/itm/Pokemon-B-W-Plasma-Blast-Palkia-EX-FA-100-PSA-10-Low-Pop-27-/235488222194
d1cbdaef-5090-434f-b7d4-eaf9f95682e9,2024-03-10,600,eBay,BEST_OFFER,ok,0,https://www.ebay.com/itm/PSA-10-Gem-mint-2013-Plasma-Blast-Palkia-Full-Art-Low-POP-/166274140475
d1cbdaef-5090-434f-b7d4-eaf9f95682e9,2023-06-29,623.91,eBay,BEST_OFFER,ok,0,https://www.ebay.com/itm/POKEMON-PSA-10-GEM-MINT-2013-BW-Plasma-Blast-Palkia-EX-100-101-Full-Art-/275793772090
d1cbdaef-5090-434f-b7d4-eaf9f95682e9,2023-05-18,409.2,Goldin Auctions,AUCTION,ok,0,https://goldin.co/item/2013-pokemon-b-w-plasma-blast-palkia-ex-psa-gem-mt-1027jzh
d1cbdaef-5090-434f-b7d4-eaf9f95682e9,2023-03-26,425,eBay,AUCTION,ok,0,https://www.ebay.com/itm/2013-Pokemon-Black-White-Plasma-Blast-Palkia-EX-Full-Art-100-PSA-10-GEM-MINT-/385483601034
d1346449-31a3-41e1-a62c-f2f3693c7784,2026-08-23,355,eBay,AUCTION,ok,0,https://www.ebay.com/itm/307127500049
d1346449-31a3-41e1-a62c-f2f3693c7784,2026-07-27,465,eBay,AUCTION,ok,0,https://www.ebay.com/itm/366548627141
d1346449-31a3-41e1-a62c-f2f3693c7784,2026-06-30,510,eBay,AUCTION,ok,0,https://www.ebay.com/itm/117263103253
d1346449-31a3-41e1-a62c-f2f3693c7784,2026-06-30,500,eBay,BEST_OFFER,ok,0,https://www.ebay.com/itm/407025668494
d1346449-31a3-41e1-a62c-f2f3693c7784,2026-06-22,689.99,eBay,BUY_IT_NOW,ok,0,https://www.ebay.com/itm/406714960685
d1346449-31a3-41e1-a62c-f2f3693c7784,2026-06-10,500,eBay,AUCTION,ok,0,https://www.ebay.com/itm/227366067190
d1346449-31a3-41e1-a62c-f2f3693c7784,2026-05-10,630,PWCC Weekly Auctions,AUCTION,ok,0,https://www.fanaticscollect.com/weekly/1f867570-41ea-11f1-afc9-0a58a9feac02
d1346449-31a3-41e1-a62c-f2f3693c7784,2026-05-08,406,eBay,AUCTION,ok,0,https://www.ebay.com/itm/318245065285
d1346449-31a3-41e1-a62c-f2f3693c7784,2026-03-30,530.36,eBay,AUCTION,ok,0,https://www.ebay.com/itm/206153857219
d1346449-31a3-41e1-a62c-f2f3693c7784,2026-03-20,537.24,eBay,AUCTION,RELISTED,0,https://www.ebay.com/itm/206124634662
d1816ea4-b9da-43fe-af28-66ab724759a4,2026-09-14,127.5,eBay,AUCTION,ok,0,https://www.ebay.com/itm/366648783125
d1816ea4-b9da-43fe-af28-66ab724759a4,2026-05-11,140,eBay,BEST_OFFER,ok,0,https://www.ebay.com/itm/298183844161
d1816ea4-b9da-43fe-af28-66ab724759a4,2026-04-19,102.5,eBay,AUCTION,ok,0,https://www.ebay.com/itm/287265068074
d1816ea4-b9da-43fe-af28-66ab724759a4,2025-11-16,50,eBay,AUCTION,ok,0,https://www.ebay.com/itm/286922257896
d1816ea4-b9da-43fe-af28-66ab724759a4,2025-08-16,49.99,eBay,BEST_OFFER,ok,0,https://www.ebay.com/itm/116380767394
d1816ea4-b9da-43fe-af28-66ab724759a4,2024-12-01,60.95,eBay,BUY_IT_NOW,ok,0,https://www.ebay.com/itm/2x-Pokemon-Larvitar-Dark-Pupitar-Team-Rocket-Returns-Graded-Card-PSA-10-/166882705868
d1816ea4-b9da-43fe-af28-66ab724759a4,2024-09-29,53.62,eBay,BUY_IT_NOW,ok,0,https://www.ebay.com/itm/Dark-Pupitar-40-109-EX-Team-Rocket-Returns-PSA-10-Gem-Mint-Pokemon-Card-/176444701140
d1816ea4-b9da-43fe-af28-66ab724759a4,2024-08-04,49.99,eBay,BEST_OFFER,ok,0,https://www.ebay.com/itm/2004-Pokemon-EX-Team-Rocket-Returns-40-Dark-Pupitar-PSA-10-GEM-MINT-/175490685247
d1816ea4-b9da-43fe-af28-66ab724759a4,2023-12-10,22.5,eBay,AUCTION,ok,0,https://www.ebay.com/itm/Pokemon-Dark-Pupitar-EX-Team-Rocket-Returns-40-PSA-10-Gem-Mint-/285583388528
d1816ea4-b9da-43fe-af28-66ab724759a4,2023-10-29,16.5,eBay,AUCTION,ok,0,https://www.ebay.com/itm/Pokemon-Dark-Pupitar-EX-Team-Rocket-Returns-40-PSA-10-Gem-Mint-/285524380176
d19e9874-a8fb-41ee-b074-de16a8d526c3,2026-05-03,81,eBay,AUCTION,ok,0,https://www.ebay.com/itm/377139979203
d19e9874-a8fb-41ee-b074-de16a8d526c3,2025-10-23,32.44,eBay,BEST_OFFER,ok,0,https://www.ebay.com/itm/197543509443
d19e9874-a8fb-41ee-b074-de16a8d526c3,2025-03-06,175,eBay,BEST_OFFER,ok,0,https://www.ebay.com/itm/286373013833
d19e9874-a8fb-41ee-b074-de16a8d526c3,2022-01-24,43.19,eBay,AUCTION,ok,0,https://www.ebay.com/itm/2005-POKEMON-MAREEP-UNSEEN-FORCES-PSA-10-WSC-/133997039543
d19e9874-a8fb-41ee-b074-de16a8d526c3,2021-06-06,75,eBay,BUY_IT_NOW,ok,0,https://www.ebay.com/itm/Mareep-Non-Holo-Pokemon-Card-62-115-Unseen-Forces-Set-PSA-10-GEM-MINT-/144066970454
d1a7273f-852e-43d1-a4b4-beca2ad45b74,2026-07-19,156,eBay,AUCTION,ok,0,https://www.ebay.com/itm/206406186269
d1a7273f-852e-43d1-a4b4-beca2ad45b74,2026-07-08,177.5,eBay,AUCTION,ok,0,https://www.ebay.com/itm/800273852944
d1a7273f-852e-43d1-a4b4-beca2ad45b74,2026-05-17,89,eBay,AUCTION,ok,0,https://www.ebay.com/itm/287320324857
d1a7273f-852e-43d1-a4b4-beca2ad45b74,2026-02-02,375,eBay,BUY_IT_NOW,ok,0,https://www.ebay.com/itm/326970667263
d1a7273f-852e-43d1-a4b4-beca2ad45b74,2025-12-28,234,PWCC Weekly Auctions,AUCTION,ok,0,https://www.fanaticscollect.com/weekly/28524c58-dd48-11f0-a724-0a58a9feac02
d1a7273f-852e-43d1-a4b4-beca2ad45b74,2025-12-14,222,PWCC Weekly Auctions,AUCTION,ok,0,https://www.fanaticscollect.com/weekly/237428fe-cfc5-11f0-befe-0a58a9feac02
d1a7273f-852e-43d1-a4b4-beca2ad45b74,2025-11-21,525,PWCC Fixed Price,BEST_OFFER,ok,0,https://sales-history.pwccmarketplace.com/items/FIXED386720
d1a7273f-852e-43d1-a4b4-beca2ad45b74,2025-11-08,250.1,eBay,BEST_OFFER,ok,0,https://www.ebay.com/itm/226957473854
d1a7273f-852e-43d1-a4b4-beca2ad45b74,2025-09-14,107.5,eBay,AUCTION,ok,0,https://www.ebay.com/itm/286799471542
d1a7273f-852e-43d1-a4b4-beca2ad45b74,2025-09-13,450,eBay,BUY_IT_NOW,ok,0,https://www.ebay.com/itm/286815593125
d191a81b-b7f6-4b8d-955e-16a03dee8de3,2021-06-07,2700,eBay,BEST_OFFER,ok,0,https://www.ebay.com/itm/2015-Gyarados-Promo-XY60-Ancient-Origins-Pre-Release-STAFF-PSA-10-POP-5-/333917848856
d114a98a-422e-4663-9df2-6412b4760967,2026-06-14,892,eBay,AUCTION,ok,0,https://www.ebay.com/itm/287372395667
d114a98a-422e-4663-9df2-6412b4760967,2026-04-26,999,eBay,AUCTION,ok,0,https://www.ebay.com/itm/327115521012
d114a98a-422e-4663-9df2-6412b4760967,2026-04-24,2323,PWCC Fixed Price,BEST_OFFER,ok,0,https://www.fanaticscollect.com/buy-now/c480963c-68d5-4721-b9d2-eb9ad1365fae
d114a98a-422e-4663-9df2-6412b4760967,2026-03-01,1500,PWCC Weekly Auctions,AUCTION,ok,0,https://www.fanaticscollect.com/weekly/5a57c17c-0cd9-11f1-b2bf-0a58a9feac02
d114a98a-422e-4663-9df2-6412b4760967,2026-01-04,277.67,eBay,AUCTION,ok,0,https://www.ebay.com/itm/177727373514
d114a98a-422e-4663-9df2-6412b4760967,2025-10-20,315,eBay,BUY_IT_NOW,ok,0,https://www.ebay.com/itm/286883068046
d114a98a-422e-4663-9df2-6412b4760967,2025-10-12,299.99,eBay,BUY_IT_NOW,ok,0,https://www.ebay.com/itm/164456599616
d114a98a-422e-4663-9df2-6412b4760967,2025-06-11,203.7,eBay,AUCTION,ok,0,https://www.ebay.com/itm/365649519301
d114a98a-422e-4663-9df2-6412b4760967,2024-11-09,87.66,eBay,AUCTION,ok,0,https://www.ebay.com/itm/2004-POKEMON-EX-HIDDEN-LEGENDS-7-HERACROSS-HOLO-PSA-10-/305867677619
d114a98a-422e-4663-9df2-6412b4760967,2024-06-16,102,eBay,AUCTION,ok,0,https://www.ebay.com/itm/Pokemon-2004-EX-Hidden-Legends-HERACROSS-Holo-7-101-PSA-10-GEM-MINT-/186480915750
d1bb0575-e142-44b1-8b29-192bc29fc49d,2026-06-15,538.19,eBay,BUY_IT_NOW,ok,0,https://www.ebay.com/itm/165005244554
d1bb0575-e142-44b1-8b29-192bc29fc49d,2026-05-04,421.07,eBay,BEST_OFFER,ok,0,https://www.ebay.com/itm/306898385335
d1bb0575-e142-44b1-8b29-192bc29fc49d,2026-04-27,360,eBay,BEST_OFFER,ok,0,https://www.ebay.com/itm/117159787355
d1bb0575-e142-44b1-8b29-192bc29fc49d,2026-04-19,538.19,eBay,BUY_IT_NOW,ok,0,https://www.ebay.com/itm/165005244554
d1bb0575-e142-44b1-8b29-192bc29fc49d,2026-04-12,202.5,eBay,AUCTION,ok,0,https://www.ebay.com/itm/287251598746
d1bb0575-e142-44b1-8b29-192bc29fc49d,2026-02-28,294.99,eBay,BUY_IT_NOW,ok,0,https://www.ebay.com/itm/236516421938
d1bb0575-e142-44b1-8b29-192bc29fc49d,2025-12-16,129.28,eBay,BUY_IT_NOW,ok,0,https://www.ebay.com/itm/395206071731
d1bb0575-e142-44b1-8b29-192bc29fc49d,2025-09-19,245,eBay,BEST_OFFER,ok,0,https://www.ebay.com/itm/286824666156
d1bb0575-e142-44b1-8b29-192bc29fc49d,2025-09-10,149.99,eBay,BEST_OFFER,ok,0,https://www.ebay.com/itm/356810629307
d1bb0575-e142-44b1-8b29-192bc29fc49d,2025-09-08,133,eBay,AUCTION,ok,0,https://www.ebay.com/itm/317235048563
d19bbdef-39fb-4c23-93fb-b68eb994260d,2026-05-10,257,eBay,AUCTION,ok,0,https://www.ebay.com/itm/287301492090
d19bbdef-39fb-4c23-93fb-b68eb994260d,2026-03-30,214.99,eBay,BEST_OFFER,ok,0,https://www.ebay.com/itm/389755006964
d19bbdef-39fb-4c23-93fb-b68eb994260d,2025-12-01,149.99,eBay,BUY_IT_NOW,ok,0,https://www.ebay.com/itm/165005244559
d19bbdef-39fb-4c23-93fb-b68eb994260d,2024-12-03,107.34,eBay,BUY_IT_NOW,ok,0,https://www.ebay.com/itm/PSA-10-GEM-MINT-Politoed-25-Rare-2003-Skyridge-WOTC-Pokemon-Card-POP-38-/356337290408
d19bbdef-39fb-4c23-93fb-b68eb994260d,2024-11-18,83,eBay,BUY_IT_NOW,ok,0,https://www.ebay.com/itm/Politoed-25-144-Skyridge-PSA-10-GEM-MINT-Pokemon-Card-Non-Holo-Rare-Vintage-Wotc-/404767932691
d19bbdef-39fb-4c23-93fb-b68eb994260d,2024-10-20,29,eBay,AUCTION,ok,0,https://www.ebay.com/itm/2003-Pokemon-Skyridge-25-Politoed-PSA-10-GEM-MINT-/387478845734
d19bbdef-39fb-4c23-93fb-b68eb994260d,2024-09-16,80,eBay,BEST_OFFER,ok,0,https://www.ebay.com/itm/PSA-10-Politoed-25-Skyridge-Pokemon-2003-/386825610249
d19bbdef-39fb-4c23-93fb-b68eb994260d,2024-07-09,64.99,eBay,BEST_OFFER,ok,0,https://www.ebay.com/itm/PSA-10-GEM-MINT-Politoed-2003-Skyridge-25-144-Rare-Graded-Pokemon-Card-/326095252703
d19bbdef-39fb-4c23-93fb-b68eb994260d,2024-07-01,36,eBay,AUCTION,ok,0,https://www.ebay.com/itm/PSA-GEM-MINT-10-POLITOED-2003-Skyridge-Set-Non-Holo-Rare-Pokemon-25-144-/315444479323
d19bbdef-39fb-4c23-93fb-b68eb994260d,2024-04-21,63.41,eBay,AUCTION,ok,0,https://www.ebay.com/itm/PSA-10-2003-Pokemon-Skyridge-25-144-Politoed-Non-Holo-/116145448117
d1386da9-34aa-4702-8fb8-ce04dacb828d,2026-09-13,31800,PWCC Weekly Auctions,AUCTION,ok,0,https://www.fanaticscollect.com/weekly/ad606576-a325-11f1-82e8-063a7716785d
d1386da9-34aa-4702-8fb8-ce04dacb828d,2026-09-12,36301,eBay,AUCTION,ok,0,https://www.ebay.com/itm/298628147774
d1386da9-34aa-4702-8fb8-ce04dacb828d,2026-07-26,40800,PWCC Weekly Auctions,AUCTION,ok,0,https://www.fanaticscollect.com/weekly/e5321ffe-8213-11f1-ad55-02ba9858bad3
d1386da9-34aa-4702-8fb8-ce04dacb828d,2025-09-10,6999,eBay,BUY_IT_NOW,ok,0,https://www.ebay.com/itm/397029702922
d1386da9-34aa-4702-8fb8-ce04dacb828d,2025-08-21,4075,eBay,BEST_OFFER,RELISTED,0,https://www.ebay.com/itm/236281075896
d1386da9-34aa-4702-8fb8-ce04dacb828d,2025-06-12,3721.2,Alt,AUCTION,ok,0,https://alt.xyz/exchange/select-listing?ids=d6d7cf38-e312-4411-96db-8989583a2065
d1386da9-34aa-4702-8fb8-ce04dacb828d,2024-12-10,2405,eBay,AUCTION,ok,0,https://www.ebay.com/itm/1999-Pokemon-JPN-Vending-Masaki-Promo-68-Machamp-Holo-PSA-10-GEM-MINT-/365266876053
d1386da9-34aa-4702-8fb8-ce04dacb828d,2024-10-17,2901.6,Alt,AUCTION,ok,0,https://alt.xyz/exchange/select-listing?ids=a692edf7-68b5-4ce3-936e-f9e4ba5aad56
d1386da9-34aa-4702-8fb8-ce04dacb828d,2024-03-24,3120,PWCC Weekly Auctions,AUCTION,ok,0,https://www.fanaticscollect.com/weekly/0d811b66-dd7c-11ee-aa58-029fdc1c232b
d1386da9-34aa-4702-8fb8-ce04dacb828d,2023-11-26,1920,PWCC Weekly Auctions,AUCTION,ok,0,https://www.fanaticscollect.com/weekly/6f6d7808-79cf-11ee-be63-0a58a9feac02
d14cd891-dc69-4252-a6b1-e2fd36540bc9,2026-06-29,385,eBay,AUCTION,ok,0,https://www.ebay.com/itm/366497389243
d14cd891-dc69-4252-a6b1-e2fd36540bc9,2026-05-11,299,PWCC Fixed Price,BEST_OFFER,ok,0,https://www.fanaticscollect.com/buy-now/29224084-71f5-45db-bcd7-3121dce7e343
d14cd891-dc69-4252-a6b1-e2fd36540bc9,2026-05-03,222,PWCC Weekly Auctions,AUCTION,ok,0,https://www.fanaticscollect.com/weekly/64cc4c2a-381e-11f1-a9ec-0a58a9feac02
d14cd891-dc69-4252-a6b1-e2fd36540bc9,2026-04-26,192,PWCC Weekly Auctions,AUCTION,ok,0,https://www.fanaticscollect.com/weekly/8045b5cc-3418-11f1-a8dd-0a58a9feac02
d14cd891-dc69-4252-a6b1-e2fd36540bc9,2026-01-11,65,eBay,AUCTION,ok,0,https://www.ebay.com/itm/389453288272
d14cd891-dc69-4252-a6b1-e2fd36540bc9,2025-12-06,59.95,eBay,BUY_IT_NOW,ok,0,https://www.ebay.com/itm/397277495485
d14cd891-dc69-4252-a6b1-e2fd36540bc9,2025-11-11,61.61,eBay,AUCTION,RELISTED,0,https://www.ebay.com/itm/389187107774
d14cd891-dc69-4252-a6b1-e2fd36540bc9,2025-04-09,89.99,eBay,BUY_IT_NOW,ok,0,https://www.ebay.com/itm/365356096794
d14cd891-dc69-4252-a6b1-e2fd36540bc9,2025-04-09,74.99,eBay,BEST_OFFER,ok,0,https://www.ebay.com/itm/176892069861
d14cd891-dc69-4252-a6b1-e2fd36540bc9,2025-02-19,52,eBay,BEST_OFFER,RELISTED,0,https://www.ebay.com/itm/Pokemon-PSA-10-Rapidash-Holo-023-Flight-Legends-Set-Rare-Mint-Sugimori-Card-/175663831280
d142411f-00bc-413a-bdc4-8964ac9bc8a4,2026-09-17,299.99,eBay,BUY_IT_NOW,ok,0,https://www.ebay.com/itm/178383387166
d142411f-00bc-413a-bdc4-8964ac9bc8a4,2026-08-28,249,eBay,BEST_OFFER,ok,0,https://www.ebay.com/itm/366541118833
d142411f-00bc-413a-bdc4-8964ac9bc8a4,2026-08-13,196.5,eBay,AUCTION,ok,0,https://www.ebay.com/itm/358878206859
d142411f-00bc-413a-bdc4-8964ac9bc8a4,2026-07-26,194.43,eBay,AUCTION,ok,0,https://www.ebay.com/itm/137514664509
d142411f-00bc-413a-bdc4-8964ac9bc8a4,2026-07-23,202.5,eBay,AUCTION,ok,0,https://www.ebay.com/itm/358799424072
d142411f-00bc-413a-bdc4-8964ac9bc8a4,2026-06-25,264,eBay,AUCTION,ok,0,https://www.ebay.com/itm/358683934169
d142411f-00bc-413a-bdc4-8964ac9bc8a4,2026-06-07,258,eBay,AUCTION,ok,0,https://www.ebay.com/itm/306966857884
d142411f-00bc-413a-bdc4-8964ac9bc8a4,2026-05-10,250.1,Goldin Auctions,AUCTION,ok,0,https://goldin.co/item/2004-pokemon-ex-fire-red-leaf-green-57-charmander-psa-gem-mt-10kw9w0
d142411f-00bc-413a-bdc4-8964ac9bc8a4,2026-03-21,289.99,eBay,BUY_IT_NOW,ok,0,https://www.ebay.com/itm/226957845691
d142411f-00bc-413a-bdc4-8964ac9bc8a4,2026-03-18,170,eBay,BEST_OFFER,ok,0,https://www.ebay.com/itm/396972876869
d10b8081-749b-446d-b8da-848e0a0850b9,2026-07-12,264,PWCC Weekly Auctions,AUCTION,ok,0,https://www.fanaticscollect.com/weekly/42038ecc-747f-11f1-a75b-0a58a9feac02
d10b8081-749b-446d-b8da-848e0a0850b9,2026-06-05,450,eBay,BEST_OFFER,ok,0,https://www.ebay.com/itm/298184215542
d10b8081-749b-446d-b8da-848e0a0850b9,2026-03-28,250,eBay,BUY_IT_NOW,ok,0,https://www.ebay.com/itm/226633730070
d10b8081-749b-446d-b8da-848e0a0850b9,2025-08-17,93.6,PWCC Weekly Auctions,AUCTION,ok,0,https://www.fanaticscollect.com/weekly/817ef682-73f3-11f0-b723-0a58a9feac02
d10b8081-749b-446d-b8da-848e0a0850b9,2025-06-07,425,eBay,BUY_IT_NOW,ok,0,https://www.ebay.com/itm/125513199650
d10b8081-749b-446d-b8da-848e0a0850b9,2025-05-04,103.2,PWCC Weekly Auctions,AUCTION,ok,0,https://www.fanaticscollect.com/weekly/2bb5b136-22c3-11f0-b1be-0a58a9feac02
d10b8081-749b-446d-b8da-848e0a0850b9,2025-04-12,499.99,eBay,AUCTION,ok,0,https://www.ebay.com/itm/405730075860
d10b8081-749b-446d-b8da-848e0a0850b9,2025-03-13,125,eBay,BEST_OFFER,ok,0,https://www.ebay.com/itm/387994637508
d10b8081-749b-446d-b8da-848e0a0850b9,2025-02-16,58,eBay,AUCTION,ok,1,https://www.ebay.com/itm/1999-Charmeleon-024-102-Base-Set-Shadowless-Regular-Psa-10-/297001392617
d10b8081-749b-446d-b8da-848e0a0850b9,2025-01-23,145.86,eBay,AUCTION,ok,0,https://www.ebay.com/itm/Psa-10-Pokemon-Charmeleon-Spanish-1st-Edition-Espanol-/326407754047
d1926ae3-b6b5-4c02-8507-01c3f082ce6d,2026-09-13,174,PWCC Weekly Auctions,AUCTION,ok,0,https://www.fanaticscollect.com/weekly/019d729c-a6ea-11f1-babb-02ffd9a5a5cd
d1926ae3-b6b5-4c02-8507-01c3f082ce6d,2026-08-14,305,eBay,AUCTION,ok,0,https://www.ebay.com/itm/117344398335
d1926ae3-b6b5-4c02-8507-01c3f082ce6d,2026-03-05,199.29,eBay,AUCTION,ok,0,https://www.ebay.com/itm/157710444168
d1926ae3-b6b5-4c02-8507-01c3f082ce6d,2026-03-02,300,eBay,BEST_OFFER,ok,0,https://www.ebay.com/itm/116862128129
d1926ae3-b6b5-4c02-8507-01c3f082ce6d,2025-08-24,85,eBay,BUY_IT_NOW,ok,0,https://www.ebay.com/itm/177359756291
d1926ae3-b6b5-4c02-8507-01c3f082ce6d,2025-04-02,79.99,eBay,BUY_IT_NOW,ok,0,https://www.ebay.com/itm/126054518168
d1926ae3-b6b5-4c02-8507-01c3f082ce6d,2025-03-31,60,eBay,BEST_OFFER,ok,0,https://www.ebay.com/itm/235093417377
d1926ae3-b6b5-4c02-8507-01c3f082ce6d,2024-11-24,32,eBay,AUCTION,ok,0,https://www.ebay.com/itm/Pokemon-Enterprise-EX-Battle-Boost-EBB-1st-Edition-Japanese-097-PSA-10-Gem-Mint-/286168634411
d1926ae3-b6b5-4c02-8507-01c3f082ce6d,2024-11-10,34,eBay,AUCTION,RELISTED,0,https://www.ebay.com/itm/Pokemon-Enterprise-EX-Battle-Boost-EBB-1st-Edition-Japanese-097-PSA-10-Gem-Mint-/286135883999
d1926ae3-b6b5-4c02-8507-01c3f082ce6d,2024-10-03,31,eBay,AUCTION,ok,0,https://www.ebay.com/itm/Pokemon-Enterprise-2013-EBB-EX-Battle-Boost-1st-Japanese-097-093-PSA-10-/365127022227
d11187e1-8d0a-4f30-a0f2-83a7beba6f2a,2026-09-15,184.78,eBay,BEST_OFFER,ok,0,https://www.ebay.com/itm/318654009348
d11187e1-8d0a-4f30-a0f2-83a7beba6f2a,2026-06-27,199.11,eBay,BUY_IT_NOW,ok,0,https://www.ebay.com/itm/306978975208
d11187e1-8d0a-4f30-a0f2-83a7beba6f2a,2025-11-18,86.94,eBay,BEST_OFFER,ok,0,https://www.ebay.com/itm/388628077564
d11187e1-8d0a-4f30-a0f2-83a7beba6f2a,2025-11-09,126.07,eBay,BUY_IT_NOW,ok,0,https://www.ebay.com/itm/336162809847
d11187e1-8d0a-4f30-a0f2-83a7beba6f2a,2024-05-02,122.86,eBay,BEST_OFFER,ok,0,https://www.ebay.com/itm/Carte-Pokemon-Suppression-denergie-edition-1-92-102-Set-Base-PSA-10-/126317569097
d11187e1-8d0a-4f30-a0f2-83a7beba6f2a,2024-03-20,66,eBay,AUCTION,ok,0,https://www.ebay.com/itm/1999-Pokemon-French-1st-Edition-92-Suppression-DEnergie-PSA-10-GEM-MINT-/364785614687
d11187e1-8d0a-4f30-a0f2-83a7beba6f2a,2023-11-12,94.5,eBay,BEST_OFFER,ok,0,https://www.ebay.com/itm/Pokemon-Suppression-dEnergie-Base-Set-1st-Edition-French-92-PSA-10-/225798533040
d11187e1-8d0a-4f30-a0f2-83a7beba6f2a,2023-10-18,121.63,eBay,BEST_OFFER,ok,0,https://www.ebay.com/itm/Pokemon-Suppression-DEnergie-92-102-1st-Ed-Set-Base-FR-PSA-Gem-Mint-10-/186111972825
d11187e1-8d0a-4f30-a0f2-83a7beba6f2a,2023-05-07,50,eBay,AUCTION,ok,0,https://www.ebay.com/itm/1999-Pokemon-Energy-Removal-92-Common-First-Edition-French-Base-PSA-10-gem-mint-/185873359816
d11187e1-8d0a-4f30-a0f2-83a7beba6f2a,2023-04-12,130.95,eBay,BEST_OFFER,ok,0,https://www.ebay.com/itm/pokemon-psa10-Suppression-d-energie-stb-ed-1-/125816536132
d10699b6-02e1-4614-97a7-89f5da40a934,2026-04-30,41,eBay,BUY_IT_NOW,ok,0,https://www.ebay.com/itm/157865864189
d10699b6-02e1-4614-97a7-89f5da40a934,2025-08-31,44.99,eBay,BUY_IT_NOW,ok,0,https://www.ebay.com/itm/135774641663
d10699b6-02e1-4614-97a7-89f5da40a934,2025-03-07,39,eBay,BUY_IT_NOW,ok,0,https://www.ebay.com/itm/256841724155
d10699b6-02e1-4614-97a7-89f5da40a934,2024-12-28,40,eBay,BEST_OFFER,ok,0,https://www.ebay.com/itm/2019-Pokemon-Japanese-Dream-League-Lanas-Fishing-Rod-Secret-Rare-073-049-PSA-10-/256693628616
d10699b6-02e1-4614-97a7-89f5da40a934,2024-12-17,69.53,eBay,BUY_IT_NOW,ok,0,https://www.ebay.com/itm/Pokemon-Japanese-SM11b-073-049-Lanas-Fishing-Rod-UR-2019-PSA-10-44934832-/146106252005
d10699b6-02e1-4614-97a7-89f5da40a934,2023-10-01,24.99,eBay,AUCTION,ok,0,https://www.ebay.com/itm/2019-P-M-Japanese-Sun-Moon-FA-Lanas-Fishing-Rod-Dream-League-GEM-MT-PSA-10-073-/266424833126
d10699b6-02e1-4614-97a7-89f5da40a934,2023-06-06,38.67,eBay,BUY_IT_NOW,ok,0,https://www.ebay.com/itm/Pokemon-TCG-Japanese-Dream-League-Lanas-Fishing-Rod-FA-Gold-073-049-PSA-10-/175222940806
d10699b6-02e1-4614-97a7-89f5da40a934,2023-04-10,25,eBay,BUY_IT_NOW,ok,0,https://www.ebay.com/itm/2019-Pokemon-Japanese-Dream-League-Lanas-Fishing-Rod-Secret-Rare-073-049-PSA-10-/185452688722
d10699b6-02e1-4614-97a7-89f5da40a934,2023-02-18,25,eBay,BUY_IT_NOW,RELISTED,0,https://www.ebay.com/itm/2019-Pokemon-Japanese-Dream-League-Lanas-Fishing-Rod-Secret-Rare-073-049-PSA-10-/185452688722
d10699b6-02e1-4614-97a7-89f5da40a934,2023-01-01,49.99,eBay,BEST_OFFER,ok,0,https://www.ebay.com/itm/2019-Pokemon-Japanese-Lanas-Fishing-Rod-073-Dream-League-Gold-PSA-10-/403998572458
d1f27465-508d-422e-81af-38218f7ea502,2026-06-26,75.21,eBay,BUY_IT_NOW,ok,0,https://www.ebay.com/itm/800074490223
d1f27465-508d-422e-81af-38218f7ea502,2026-05-14,51.1,eBay,BEST_OFFER,ok,0,https://www.ebay.com/itm/358552051678
d1f27465-508d-422e-81af-38218f7ea502,2026-04-30,92,eBay,AUCTION,ok,0,https://www.ebay.com/itm/389929676311
d1f27465-508d-422e-81af-38218f7ea502,2026-01-18,31.2,PWCC Weekly Auctions,AUCTION,ok,0,https://www.fanaticscollect.com/weekly/e1574968-d9a8-11f0-af21-06a8e6f96a47
d1f27465-508d-422e-81af-38218f7ea502,2025-03-06,38.58,eBay,BUY_IT_NOW,ok,0,https://www.ebay.com/itm/156170559594
d1f27465-508d-422e-81af-38218f7ea502,2025-01-12,32,eBay,AUCTION,ok,0,https://www.ebay.com/itm/2009-POKEMON-JAPANESE-ADVENT-ARCEUS-1ST-EDITION-064-PROBOPASS-HOLO-PSA-10-/306018390288
d1f27465-508d-422e-81af-38218f7ea502,2024-11-25,31.99,eBay,BUY_IT_NOW,ok,0,https://www.ebay.com/itm/Pokemon-Japanese-1st-Ed-Holo-Probopass-064-090-PSA-10-GEM-MINT-Advent-Arceus-/296381991098
d1f27465-508d-422e-81af-38218f7ea502,2024-08-26,23.74,eBay,BEST_OFFER,ok,0,https://www.ebay.com/itm/PSA-10-Probopass-064-090-1st-Ed-Pt4-Advent-Arceus-Japanese-Pokemon-Card-/186597987657
d1f27465-508d-422e-81af-38218f7ea502,2023-12-06,38,eBay,AUCTION,ok,0,https://www.ebay.com/itm/PROBOPASS-HOLO-1ST-ED-2009-POKEMON-JAPANESE-ADVENT-ARCEUS-PSA-10-GEM-MINT-/176066628053
d1f27465-508d-422e-81af-38218f7ea502,2023-09-10,31,eBay,AUCTION,ok,0,https://www.ebay.com/itm/PSA-10-Probopass-1st-Edition-Holo-Rare-Japanese-DP-Advent-Arceus-Pokemon-Card-/325800121308
d1fc615f-9768-4696-a165-f4c93d662802,2026-09-04,222,eBay,BEST_OFFER,ok,0,https://www.ebay.com/itm/317108415101
d1fc615f-9768-4696-a165-f4c93d662802,2026-05-04,229,eBay,BEST_OFFER,ok,0,https://www.ebay.com/itm/227293754161
d1fc615f-9768-4696-a165-f4c93d662802,2026-04-21,165,eBay,BEST_OFFER,ok,0,https://www.ebay.com/itm/366339429300
d1fc615f-9768-4696-a165-f4c93d662802,2026-03-10,175,eBay,BEST_OFFER,ok,0,https://www.ebay.com/itm/127480821009
d1fc615f-9768-4696-a165-f4c93d662802,2025-08-14,34.99,eBay,AUCTION,ok,0,https://www.ebay.com/itm/365784561753
d1fc615f-9768-4696-a165-f4c93d662802,2025-07-31,34.99,eBay,AUCTION,ok,0,https://www.ebay.com/itm/365757270389
d1fc615f-9768-4696-a165-f4c93d662802,2025-07-02,100,eBay,BUY_IT_NOW,ok,0,https://www.ebay.com/itm/297282925604
d1fc615f-9768-4696-a165-f4c93d662802,2025-04-20,31,eBay,AUCTION,ok,0,https://www.ebay.com/itm/286478135651
d1fc615f-9768-4696-a165-f4c93d662802,2025-02-16,43.2,PWCC Weekly Auctions,AUCTION,ok,0,https://www.fanaticscollect.com/weekly/1386a6ec-e3cb-11ef-afdd-0a58a9feac02
d1fc615f-9768-4696-a165-f4c93d662802,2024-01-28,42.99,eBay,AUCTION,ok,0,https://www.ebay.com/itm/Pokemon-PSA-10-GEM-MINT-Haunter-43-130-Base-Set-2-Uncommon-/355400421567
d141ae7a-af45-485b-8b9b-2dbfa793358b,2022-12-30,35,eBay,BUY_IT_NOW,ok,0,https://www.ebay.com/itm/Pokemon-Sawsbuck-16-236-Holo-Cosmic-Eclipse-PSA-10-Population-2-/185497080389
d141ae7a-af45-485b-8b9b-2dbfa793358b,2021-10-18,60.14,eBay,BUY_IT_NOW,ok,0,https://www.ebay.com/itm/Pokemon-2019-Cosmic-Eclipse-PSA-GEM-MINT-10-Sawsbuck-16-236-HOLO-/324701351435
d15ce6ec-7304-403b-8f33-e74f172b2384,2026-09-18,99.95,eBay,BUY_IT_NOW,ok,0,https://www.ebay.com/itm/178315698569
d15ce6ec-7304-403b-8f33-e74f172b2384,2026-09-01,99.99,eBay,BUY_IT_NOW,ok,0,https://www.ebay.com/itm/318805431240
d15ce6ec-7304-403b-8f33-e74f172b2384,2026-05-10,99.99,eBay,BUY_IT_NOW,ok,0,https://www.ebay.com/itm/318198126447
d15ce6ec-7304-403b-8f33-e74f172b2384,2026-03-29,81.99,eBay,AUCTION,ok,0,https://www.ebay.com/itm/267616911794
d15ce6ec-7304-403b-8f33-e74f172b2384,2026-03-22,82,eBay,AUCTION,ok,0,https://www.ebay.com/itm/267608059701
d15ce6ec-7304-403b-8f33-e74f172b2384,2026-03-08,31,eBay,AUCTION,ok,0,https://www.ebay.com/itm/267591115891
d15ce6ec-7304-403b-8f33-e74f172b2384,2026-03-01,84,eBay,AUCTION,ok,0,https://www.ebay.com/itm/267585401527
d15ce6ec-7304-403b-8f33-e74f172b2384,2026-02-15,52.02,eBay,AUCTION,ok,0,https://www.ebay.com/itm/267571199302
d15ce6ec-7304-403b-8f33-e74f172b2384,2026-02-08,75,eBay,AUCTION,ok,0,https://www.ebay.com/itm/267564391646
d15ce6ec-7304-403b-8f33-e74f172b2384,2026-02-01,63,eBay,AUCTION,ok,0,https://www.ebay.com/itm/267557182746
d1874a39-4960-43cf-a3b8-1ddebb5834ec,2026-09-18,200,eBay,BEST_OFFER,ok,0,https://www.ebay.com/itm/128053475559
d1874a39-4960-43cf-a3b8-1ddebb5834ec,2026-09-12,139.25,CardHobby,AUCTION,ok,0,https://www.cardhobby.com/#/carddetails/134236606
d1874a39-4960-43cf-a3b8-1ddebb5834ec,2026-08-22,152.5,eBay,AUCTION,ok,0,https://www.ebay.com/itm/158197086070
d1874a39-4960-43cf-a3b8-1ddebb5834ec,2026-08-20,165.28,CardHobby,AUCTION,ok,0,https://www.cardhobby.com/#/carddetails/129514676
d1874a39-4960-43cf-a3b8-1ddebb5834ec,2026-08-01,147.48,CardHobby,AUCTION,ok,0,https://www.cardhobby.com/#/carddetails/125343036
d1874a39-4960-43cf-a3b8-1ddebb5834ec,2026-07-23,172.5,eBay,AUCTION,ok,0,https://www.ebay.com/itm/307064588160
d1874a39-4960-43cf-a3b8-1ddebb5834ec,2026-07-13,150.05,CardHobby,AUCTION,ok,0,https://www.cardhobby.com/#/carddetails/122385896
d1874a39-4960-43cf-a3b8-1ddebb5834ec,2026-07-13,148.64,CardHobby,AUCTION,ok,0,https://www.cardhobby.com/#/carddetails/122385842
d1874a39-4960-43cf-a3b8-1ddebb5834ec,2026-05-31,178.38,eBay,AUCTION,ok,0,https://www.ebay.com/itm/137320568876
d1874a39-4960-43cf-a3b8-1ddebb5834ec,2026-05-06,420,eBay,BUY_IT_NOW,ok,0,https://www.ebay.com/itm/306910555069
d10dcfc6-9347-4040-9509-5d114d9e45fd,2021-11-09,44.99,eBay,BEST_OFFER,ok,0,https://www.ebay.com/itm/PSA-10-Spinda-46-Supreme-Victors-Reverse-Holo-Pokemon-Card-GEM-MINT-/185151800710
d14f4eb8-c8be-4482-b461-0bb2e8c536c0,2026-03-17,90,eBay,BEST_OFFER,ok,0,https://www.ebay.com/itm/325576467397
d14f4eb8-c8be-4482-b461-0bb2e8c536c0,2025-08-24,42,PWCC Weekly Auctions,AUCTION,ok,0,https://www.fanaticscollect.com/weekly/4646b6b8-77c7-11f0-8b38-0a58a9feac02
d14f4eb8-c8be-4482-b461-0bb2e8c536c0,2021-11-21,34,eBay,AUCTION,ok,0,https://www.ebay.com/itm/PSA-10-POKEMON-JAPANESE-WEB-POKEMON-RETRANSFER-GEM-MINT-032-048-2001-380-/115085483234
d1bbc895-a88c-452c-8bdf-e7c3be309d2b,2026-06-28,66,Goldin Auctions,AUCTION,ok,0,https://goldin.co/item/2000-pokemon-neo-genesis-1st-edition-89-super-energy-retrieval-psa-gemc3cow
d1bbc895-a88c-452c-8bdf-e7c3be309d2b,2026-06-04,91.2,Alt,AUCTION,ok,0,https://alt.xyz/exchange/select-listing?ids=db3f7a94-4f6d-4b39-8fbe-b338ed1a5fea
d1bbc895-a88c-452c-8bdf-e7c3be309d2b,2026-05-31,99,eBay,AUCTION,ok,0,https://www.ebay.com/itm/306955948708
d1bbc895-a88c-452c-8bdf-e7c3be309d2b,2026-04-16,90,eBay,BEST_OFFER,ok,0,https://www.ebay.com/itm/236756494937
d1bbc895-a88c-452c-8bdf-e7c3be309d2b,2026-01-29,75,eBay,BEST_OFFER,ok,0,https://www.ebay.com/itm/146879465322
d1bbc895-a88c-452c-8bdf-e7c3be309d2b,2026-01-14,75,eBay,BEST_OFFER,ok,0,https://www.ebay.com/itm/135199890299
d1bbc895-a88c-452c-8bdf-e7c3be309d2b,2025-05-02,26,eBay,AUCTION,ok,0,https://www.ebay.com/itm/326550696858
d1bbc895-a88c-452c-8bdf-e7c3be309d2b,2025-02-16,37.89,eBay,BUY_IT_NOW,ok,0,https://www.ebay.com/itm/PSA-10-Pokemon-Card-Neo-Genesis-89-111-SUPER-ENERGY-R-1st-Edition-GEM-MINT-/364548971195
d1bbc895-a88c-452c-8bdf-e7c3be309d2b,2024-03-23,44.99,eBay,BUY_IT_NOW,ok,0,https://www.ebay.com/itm/Super-Energy-Retrieval-1st-Edition-PSA-10-89-111-Neo-Genesis-Pokemon-Card-/115160664471
d1bbc895-a88c-452c-8bdf-e7c3be309d2b,2024-02-15,31,eBay,AUCTION,ok,0,https://www.ebay.com/itm/2000-Pokemon-Neo-Genesis-1st-Edition-89-Spr-Energy-Retrieval-PSA-10-GEM-MINT-/364723969596
d18a86b4-4f1f-4d1b-ba6d-cffd690636a9,2026-06-28,202.5,eBay,AUCTION,ok,0,https://www.ebay.com/itm/287408546015
d18a86b4-4f1f-4d1b-ba6d-cffd690636a9,2026-03-11,300,eBay,BEST_OFFER,ok,0,https://www.ebay.com/itm/389218682734
d18a86b4-4f1f-4d1b-ba6d-cffd690636a9,2022-01-23,234,PWCC Weekly Auctions,AUCTION,ok,0,https://www.fanaticscollect.com/weekly/1ea09a20-6f23-11ed-9856-0a58a9feac02
d18a86b4-4f1f-4d1b-ba6d-cffd690636a9,2021-12-27,199.99,eBay,BUY_IT_NOW,ok,0,https://www.ebay.com/itm/2000-Topps-Nintendo-Pokemon-MISTY-Animation-Series-3-Pop-Up-4-PSA-10-Pop-4-/393694347294
d1d0b35a-b956-4c59-9bdb-5856b6668722,2026-09-08,46,eBay,AUCTION,ok,0,https://www.ebay.com/itm/117388051139
d1d0b35a-b956-4c59-9bdb-5856b6668722,2026-08-27,67.5,eBay,AUCTION,ok,0,https://www.ebay.com/itm/117368803565
d1d0b35a-b956-4c59-9bdb-5856b6668722,2026-08-10,102.5,eBay,AUCTION,ok,0,https://www.ebay.com/itm/117336554223
d1d0b35a-b956-4c59-9bdb-5856b6668722,2026-07-26,60,eBay,AUCTION,ok,0,https://www.ebay.com/itm/298502384992
d1d0b35a-b956-4c59-9bdb-5856b6668722,2026-07-26,58,eBay,AUCTION,ok,0,https://www.ebay.com/itm/298505808925
d1d0b35a-b956-4c59-9bdb-5856b6668722,2026-07-26,56.89,eBay,AUCTION,ok,0,https://www.ebay.com/itm/287468640455
d1d0b35a-b956-4c59-9bdb-5856b6668722,2026-07-19,32.07,eBay,AUCTION,ok,0,https://www.ebay.com/itm/117288602857
d1d0b35a-b956-4c59-9bdb-5856b6668722,2026-05-14,81,eBay,BEST_OFFER,ok,0,https://www.ebay.com/itm/306527340942
d1d0b35a-b956-4c59-9bdb-5856b6668722,2026-05-09,61,eBay,AUCTION,ok,0,https://www.ebay.com/itm/117172213913
d1d0b35a-b956-4c59-9bdb-5856b6668722,2026-05-04,50,eBay,BUY_IT_NOW,ok,0,https://www.ebay.com/itm/186087267409
d110bc3e-af7e-4503-8842-089f23d6bb1d,2026-08-30,335,eBay,AUCTION,ok,0,https://www.ebay.com/itm/800563706347
d110bc3e-af7e-4503-8842-089f23d6bb1d,2026-08-21,350,eBay,BEST_OFFER,ok,0,https://www.ebay.com/itm/147431159691
d110bc3e-af7e-4503-8842-089f23d6bb1d,2026-08-16,320,eBay,AUCTION,RELISTED,0,https://www.ebay.com/itm/800494520549
d110bc3e-af7e-4503-8842-089f23d6bb1d,2026-08-09,445.2,eBay,AUCTION,ok,0,https://www.ebay.com/itm/168575875576
d110bc3e-af7e-4503-8842-089f23d6bb1d,2026-08-09,399.98,eBay,BUY_IT_NOW,ok,0,https://www.ebay.com/itm/336709436510
d110bc3e-af7e-4503-8842-089f23d6bb1d,2026-07-12,230.5,eBay,AUCTION,ok,0,https://www.ebay.com/itm/287436134252
d110bc3e-af7e-4503-8842-089f23d6bb1d,2026-07-03,220,PWCC Fixed Price,BEST_OFFER,ok,0,https://www.fanaticscollect.com/buy-now/0904fa2e-faa5-4275-b4f7-43c8c17dd452
d110bc3e-af7e-4503-8842-089f23d6bb1d,2026-05-17,247.5,eBay,AUCTION,ok,0,https://www.ebay.com/itm/287318133862
d110bc3e-af7e-4503-8842-089f23d6bb1d,2026-05-06,400,eBay,BUY_IT_NOW,ok,0,https://www.ebay.com/itm/306895245964
d110bc3e-af7e-4503-8842-089f23d6bb1d,2026-04-05,222.5,eBay,AUCTION,ok,0,https://www.ebay.com/itm/287235316007
d1f4af66-3198-4d84-b8d1-2c75842f4c2b,2026-09-20,86010,Goldin Auctions,AUCTION,ok,0,https://goldin.co/item/2000-pokemon-japanese-promo-500-point-fan-club-holo-133-eevee-psa-gemarq8p
d1f4af66-3198-4d84-b8d1-2c75842f4c2b,2026-08-16,90000,PWCC Weekly Auctions,AUCTION,ok,0,https://www.fanaticscollect.com/weekly/727d0d2c-8f31-11f1-a212-0a151973da65
d1f4af66-3198-4d84-b8d1-2c75842f4c2b,2026-07-26,84000,PWCC Weekly Auctions,AUCTION,ok,0,https://www.fanaticscollect.com/weekly/630fd04a-7fbe-11f1-9fd0-0a58a9feac02
d1f4af66-3198-4d84-b8d1-2c75842f4c2b,2026-03-01,43200,PWCC Weekly Auctions,AUCTION,ok,0,https://www.fanaticscollect.com/weekly/e95ccfe6-0c7c-11f1-b100-0a9dcf241f19
d1f4af66-3198-4d84-b8d1-2c75842f4c2b,2025-10-29,17000,eBay,BEST_OFFER,ok,0,https://www.ebay.com/itm/256741803098
d1f4af66-3198-4d84-b8d1-2c75842f4c2b,2025-06-22,10800,PWCC Weekly Auctions,AUCTION,ok,0,https://www.fanaticscollect.com/weekly/08e2aca4-46d6-11f0-af22-0a58a9feac02
d1f4af66-3198-4d84-b8d1-2c75842f4c2b,2025-02-26,8100,eBay,AUCTION,ok,0,https://www.ebay.com/itm/Pokemon-TCG-Eevee-500-Pt-Fan-Club-Japanese-Holo-Promo-PSA-10-/286326494335
d1f4af66-3198-4d84-b8d1-2c75842f4c2b,2025-01-28,11500,eBay,BUY_IT_NOW,ok,0,https://www.ebay.com/itm/Pokemon-Eevee-500-Pt-Fan-Club-Japanese-Holo-Promo-133-PSA-10-Gem-Mint-/286154524712
d1f4af66-3198-4d84-b8d1-2c75842f4c2b,2025-01-17,8200,eBay,BEST_OFFER,ok,0,https://www.ebay.com/itm/Eevee-Pokemon-2000-Holo-500-PT-Fan-Club-Promo-Japanese-133-PSA-10-/405401572224
d1f4af66-3198-4d84-b8d1-2c75842f4c2b,2024-11-17,5400,eBay,AUCTION,ok,0,https://www.ebay.com/itm/Pokemon-Eevee-500-Pt-Fan-Club-Japanese-Holo-Promo-133-PSA-10-Gem-Mint-/286152903859
d1a3a2a6-ae7b-472e-b977-a46f83f9855c,2026-06-03,37,eBay,AUCTION,ok,0,https://www.ebay.com/itm/298357435318
d1a3a2a6-ae7b-472e-b977-a46f83f9855c,2022-03-03,37.28,eBay,AUCTION,ok,0,https://www.ebay.com/itm/Pokemon-Infinity-Zone-Kangaskhan-Holo-PSA-10-/284671070804
d1d3b6a1-e502-4c7e-8705-8843a0024d42,2026-08-09,2876.76,Goldin Auctions,AUCTION,ok,0,https://goldin.co/item/2004-pokemon-ex-team-rocket-returns-reverse-holo-43-heracross-psa-gemg3i3p
d1d3b6a1-e502-4c7e-8705-8843a0024d42,2026-04-12,4000,eBay,AUCTION,ok,0,https://www.ebay.com/itm/287251413279
d1d3b6a1-e502-4c7e-8705-8843a0024d42,2026-04-12,3960,PWCC Weekly Auctions,AUCTION,ok,0,https://www.fanaticscollect.com/weekly/d3c83650-3361-11f1-987c-0a58a9feac02
d1d3b6a1-e502-4c7e-8705-8843a0024d42,2025-02-24,400,eBay,BEST_OFFER,ok,0,https://www.ebay.com/itm/PSA-Gem-Mint-10-Heracross-43-109-Stamped-Reverse-Holo-EX-Team-Rocket-Returns-/276377933989
d1d3b6a1-e502-4c7e-8705-8843a0024d42,2024-12-14,260,eBay,AUCTION,ok,0,https://www.ebay.com/itm/2004-POKEMON-EX-TEAM-ROCKET-RETURNS-43-HERACROSS-REVERSE-FOIL-PSA-10-/305958076736
d1d3b6a1-e502-4c7e-8705-8843a0024d42,2024-09-11,399.99,eBay,BUY_IT_NOW,ok,0,https://www.ebay.com/itm/PSA-10-MINT-Heracross-43-109-Reverse-Holo-EX-Team-Rocket-Returns-2004-Pokemon-/226331102986
d1d3b6a1-e502-4c7e-8705-8843a0024d42,2024-01-14,280,eBay,AUCTION,ok,0,https://www.ebay.com/itm/2004-POKEMON-EX-TEAM-ROCKET-RETURNS-HERACROSS-REV-FOIL-PSA10-GEM-MT-043-/256365577780
d1d3b6a1-e502-4c7e-8705-8843a0024d42,2023-10-30,750,eBay,BUY_IT_NOW,ok,0,https://www.ebay.com/itm/PSA-10-Heracross-ex-Team-Rocket-Returns-Reverse-Holo-Pokemon-Card-43-109-JT1-/204515449298
d1d3b6a1-e502-4c7e-8705-8843a0024d42,2023-03-12,144,PWCC Weekly Auctions,AUCTION,ok,0,https://www.fanaticscollect.com/weekly/7607388c-b087-11ed-82ff-0a58a9feac02
d1d3b6a1-e502-4c7e-8705-8843a0024d42,2023-01-21,208.49,eBay,BUY_IT_NOW,ok,0,https://www.ebay.com/itm/2004-Team-Rocket-Returns-Heracross-Rev-Foil-Gem-Mint-PSA-10-43-/403864737677
d12f9953-11b5-46f1-8bed-16d8c9d2c2fd,2026-06-06,267.59,eBay,BUY_IT_NOW,ok,0,https://www.ebay.com/itm/298390607031
d12f9953-11b5-46f1-8bed-16d8c9d2c2fd,2026-05-31,208.57,eBay,AUCTION,ok,0,https://www.ebay.com/itm/198377945602
d12f9953-11b5-46f1-8bed-16d8c9d2c2fd,2026-04-19,187.5,eBay,AUCTION,ok,0,https://www.ebay.com/itm/287265067362
d12f9953-11b5-46f1-8bed-16d8c9d2c2fd,2026-01-06,149.99,eBay,BEST_OFFER,ok,0,https://www.ebay.com/itm/397003263687
d12f9953-11b5-46f1-8bed-16d8c9d2c2fd,2025-12-23,160,eBay,BEST_OFFER,ok,0,https://www.ebay.com/itm/335004249600
d12f9953-11b5-46f1-8bed-16d8c9d2c2fd,2025-09-08,170,eBay,BEST_OFFER,ok,0,https://www.ebay.com/itm/257008479623
d12f9953-11b5-46f1-8bed-16d8c9d2c2fd,2025-01-04,60,eBay,BEST_OFFER,ok,0,https://www.ebay.com/itm/PSA-10-GEM-MT-Growlithe-Aquapolis-Rare-/146313430605
d12f9953-11b5-46f1-8bed-16d8c9d2c2fd,2023-12-17,46,eBay,AUCTION,ok,0,https://www.ebay.com/itm/Pokemon-Growlithe-Aquapolis-51-PSA-10-Gem-Mint-/285598179801
d12f9953-11b5-46f1-8bed-16d8c9d2c2fd,2023-04-11,69.22,eBay,AUCTION,ok,0,https://www.ebay.com/itm/PSA-10-Growlithe-Aquapolis-Pokemon-Mint-Rare-2003-/256037548154
d12f9953-11b5-46f1-8bed-16d8c9d2c2fd,2023-02-12,45.89,eBay,AUCTION,ok,0,https://www.ebay.com/itm/Pokemon-TCG-2003-Growlithe-Non-Holo-E-Series-Aquapolis-51-147-PSA-10-Gem-Mint-/155394243512
d1b87a00-84c4-447f-b8ee-7af9001305ee,2026-03-08,127.49,eBay,BUY_IT_NOW,ok,0,https://www.ebay.com/itm/297944901980
d1b87a00-84c4-447f-b8ee-7af9001305ee,2023-07-03,29,eBay,AUCTION,ok,0,https://www.ebay.com/itm/PSA-10-GEM-MINT-Sunkern-191-Neo-Genesis-Japanese-Pokemon-Card-CS1-546-/266313674856
d1b87a00-84c4-447f-b8ee-7af9001305ee,2023-07-03,29,eBay,AUCTION,ok,0,https://www.ebay.com/itm/PSA-10-GEM-MINT-Sunkern-191-Neo-Genesis-Japanese-Pokemon-Card-CS1-545-/266313675057
d1b87a00-84c4-447f-b8ee-7af9001305ee,2023-02-05,29.75,eBay,AUCTION,ok,0,https://www.ebay.com/itm/2000-Pokemon-JAPANESE-NEO-191-SUNKERN-psa-10-GEM-MINT-/185754135926
d1b87a00-84c4-447f-b8ee-7af9001305ee,2022-10-01,32,eBay,AUCTION,ok,0,https://www.ebay.com/itm/Pokemon-Sunkern-191-Neo-Genesis-Japanese-Pokemon-Card-PSA-10-GEM-MINT-/284976430864
d1b87a00-84c4-447f-b8ee-7af9001305ee,2022-08-21,31.2,PWCC Weekly Auctions,AUCTION,ok,0,https://www.fanaticscollect.com/weekly/3265f0be-6f23-11ed-92b8-0a58a9feac02
d1b87a00-84c4-447f-b8ee-7af9001305ee,2022-03-21,34.99,eBay,BUY_IT_NOW,ok,0,https://www.ebay.com/itm/2000-Pokemon-Japanese-Neo-Sunkern-191-PSA-10-Gem-Mint-/393967527334
d1b87a00-84c4-447f-b8ee-7af9001305ee,2022-03-20,37.2,PWCC Weekly Auctions,AUCTION,ok,0,https://www.fanaticscollect.com/weekly/228e23fa-6f23-11ed-a642-0a58a9feac02
d173c8b7-ee77-406c-b48d-03f502b22a54,2026-08-27,400,eBay,BEST_OFFER,ok,0,https://www.ebay.com/itm/298620309754
d173c8b7-ee77-406c-b48d-03f502b22a54,2026-08-25,338,eBay,AUCTION,ok,0,https://www.ebay.com/itm/128036638767
d173c8b7-ee77-406c-b48d-03f502b22a54,2026-05-06,660,eBay,BEST_OFFER,ok,0,https://www.ebay.com/itm/117120409918
d173c8b7-ee77-406c-b48d-03f502b22a54,2026-04-11,203.73,eBay,AUCTION,ok,0,https://www.ebay.com/itm/227282967287
d173c8b7-ee77-406c-b48d-03f502b22a54,2026-02-13,150,eBay,BEST_OFFER,ok,0,https://www.ebay.com/itm/358109444699
d173c8b7-ee77-406c-b48d-03f502b22a54,2025-11-16,122.5,eBay,AUCTION,ok,0,https://www.ebay.com/itm/297736822186
d173c8b7-ee77-406c-b48d-03f502b22a54,2025-09-11,100,eBay,BEST_OFFER,ok,0,https://www.ebay.com/itm/286811018999
d173c8b7-ee77-406c-b48d-03f502b22a54,2025-08-16,280,eBay,AUCTION,ok,0,https://www.ebay.com/itm/297527898692
d173c8b7-ee77-406c-b48d-03f502b22a54,2025-06-21,275,eBay,BEST_OFFER,ok,0,https://www.ebay.com/itm/167532725644
d173c8b7-ee77-406c-b48d-03f502b22a54,2025-03-22,142.5,eBay,AUCTION,ok,0,https://www.ebay.com/itm/356673309846
d1adafe4-ab4a-4cad-9ba2-33314410afb2,2026-09-05,56,eBay,AUCTION,ok,0,https://www.ebay.com/itm/117378329094
d1adafe4-ab4a-4cad-9ba2-33314410afb2,2026-09-05,55.8,eBay,AUCTION,ok,0,https://www.ebay.com/itm/298617003772
d1adafe4-ab4a-4cad-9ba2-33314410afb2,2026-09-05,55.8,eBay,AUCTION,ok,0,https://www.ebay.com/itm/117378329065
d1adafe4-ab4a-4cad-9ba2-33314410afb2,2026-09-05,54.8,eBay,AUCTION,ok,0,https://www.ebay.com/itm/117378330116
d1adafe4-ab4a-4cad-9ba2-33314410afb2,2026-09-05,41.1,eBay,AUCTION,ok,0,https://www.ebay.com/itm/307146918688
d1adafe4-ab4a-4cad-9ba2-33314410afb2,2026-07-13,66,eBay,BEST_OFFER,ok,0,https://www.ebay.com/itm/387184957196
d1adafe4-ab4a-4cad-9ba2-33314410afb2,2026-06-28,43,eBay,AUCTION,ok,0,https://www.ebay.com/itm/307011095240
d1adafe4-ab4a-4cad-9ba2-33314410afb2,2026-05-22,63,PWCC Fixed Price,BEST_OFFER,ok,0,https://www.fanaticscollect.com/buy-now/ccba55ed-968b-4607-b9fa-f718b6cda65e
d1adafe4-ab4a-4cad-9ba2-33314410afb2,2026-05-15,60,eBay,BEST_OFFER,ok,0,https://www.ebay.com/itm/117196105159
d1adafe4-ab4a-4cad-9ba2-33314410afb2,2026-05-13,45.94,eBay,BEST_OFFER,ok,0,https://www.ebay.com/itm/358552150731
d1e65e71-6da1-47ea-bd65-aa0ecb7d5ad0,2026-04-19,100,eBay,BEST_OFFER,ok,0,https://www.ebay.com/itm/376345146081
d1e65e71-6da1-47ea-bd65-aa0ecb7d5ad0,2026-01-03,199,eBay,BEST_OFFER,ok,0,https://www.ebay.com/itm/297597851349
d1e65e71-6da1-47ea-bd65-aa0ecb7d5ad0,2025-09-20,50,eBay,BEST_OFFER,ok,0,https://www.ebay.com/itm/385687583490
d1e65e71-6da1-47ea-bd65-aa0ecb7d5ad0,2025-04-28,23,eBay,BEST_OFFER,ok,0,https://www.ebay.com/itm/187180782799
d1e65e71-6da1-47ea-bd65-aa0ecb7d5ad0,2023-12-10,16.19,eBay,AUCTION,ok,0,https://www.ebay.com/itm/PSA-10-GEM-MINT-Mistys-Goldeen-85-132-Gym-Heroes-Pokemon-Card-245-/314967224871
d1e65e71-6da1-47ea-bd65-aa0ecb7d5ad0,2023-02-12,24.15,eBay,AUCTION,ok,0,https://www.ebay.com/itm/Pokemon-Gym-Heroes-Misty-s-Goldeen-85-132-PSA-10-/204234662605
d1e65e71-6da1-47ea-bd65-aa0ecb7d5ad0,2022-05-10,17.5,eBay,AUCTION,ok,0,https://www.ebay.com/itm/2000-Pokemon-Gym-Heroes-Mistys-Goldeen-85-132-PSA-10-Z602-/125298802995
d1f80763-b779-474d-99f7-88b126ae1abe,2026-09-21,163,eBay,BUY_IT_NOW,ok,0,https://www.ebay.com/itm/198640848977
d1f80763-b779-474d-99f7-88b126ae1abe,2026-09-19,155,eBay,BEST_OFFER,ok,0,https://www.ebay.com/itm/147279813714
d1f80763-b779-474d-99f7-88b126ae1abe,2026-09-17,150,eBay,BUY_IT_NOW,ok,0,https://www.ebay.com/itm/198593121796
d1f80763-b779-474d-99f7-88b126ae1abe,2026-09-11,140,eBay,BEST_OFFER,ok,0,https://www.ebay.com/itm/206547318864
d1f80763-b779-474d-99f7-88b126ae1abe,2026-09-11,135.5,eBay,AUCTION,ok,0,https://www.ebay.com/itm/800633623428
d1f80763-b779-474d-99f7-88b126ae1abe,2026-09-11,130,eBay,BEST_OFFER,ok,0,https://www.ebay.com/itm/307172699343
d1f80763-b779-474d-99f7-88b126ae1abe,2026-09-10,121,eBay,AUCTION,ok,0,https://www.ebay.com/itm/377472382712
d1f80763-b779-474d-99f7-88b126ae1abe,2026-09-09,119.99,eBay,BEST_OFFER,ok,0,https://www.ebay.com/itm/307169173495
d1f80763-b779-474d-99f7-88b126ae1abe,2026-09-06,115,eBay,BEST_OFFER,ok,0,https://www.ebay.com/itm/318782181001
d1f80763-b779-474d-99f7-88b126ae1abe,2026-09-04,149.99,eBay,BUY_IT_NOW,ok,0,https://www.ebay.com/itm/398312586814
d1ea2163-7a23-4484-b73d-18018dcf9c2e,2023-01-27,69.95,eBay,BUY_IT_NOW,ok,0,https://www.ebay.com/itm/Reverse-Holo-Foil-Hawlucha-87-162-XY-Breakthrough-Pokemon-Cards-PSA-10-GEM-MINT-/115088994248
d1ea2163-7a23-4484-b73d-18018dcf9c2e,2022-08-11,26,eBay,AUCTION,ok,0,https://www.ebay.com/itm/2015-Pokemon-XY-Breakthrough-87-Hawlucha-Reverse-Foil-PSA-10-GEM-MINT-/385042962578
d1ea2163-7a23-4484-b73d-18018dcf9c2e,2022-07-03,35,eBay,AUCTION,ok,0,https://www.ebay.com/itm/2015-Pokemon-XY-HAWLUCHA-Rev-Foil-Breakthrough-87-PSA-10-GEM-MINT-/155053384466
d1bdcbc4-99ac-483c-a9f5-93d5b8d6a2fe,2026-04-19,227.5,eBay,AUCTION,ok,0,https://www.ebay.com/itm/287264996655
d1bdcbc4-99ac-483c-a9f5-93d5b8d6a2fe,2025-06-06,50,eBay,BEST_OFFER,ok,0,https://www.ebay.com/itm/225324777187
d1bdcbc4-99ac-483c-a9f5-93d5b8d6a2fe,2025-05-30,50,eBay,BUY_IT_NOW,ok,0,https://www.ebay.com/itm/225324777187
d1bdcbc4-99ac-483c-a9f5-93d5b8d6a2fe,2022-11-27,19.5,eBay,AUCTION,ok,0,https://www.ebay.com/itm/PSA-10-GEM-MINT-Kangaskhan-Sun-Moon-Holo-Pokemon-Card-99-149-/144818358440
d1bdcbc4-99ac-483c-a9f5-93d5b8d6a2fe,2022-07-24,16.8,PWCC Weekly Auctions,AUCTION,ok,0,https://www.fanaticscollect.com/weekly/2e088cd4-6f23-11ed-b4b9-0a58a9feac02
d1bdcbc4-99ac-483c-a9f5-93d5b8d6a2fe,2022-07-04,32,eBay,AUCTION,ok,0,https://www.ebay.com/itm/2017-Pokemon-Sun-Moon-99-149-Kangaskhan-Holo-PSA-10-Gem-Mint-/175333834818
d12f8b12-7712-40c3-92fc-5300ac597e58,2026-04-23,132.99,eBay,BUY_IT_NOW,ok,0,https://www.ebay.com/itm/286156244271
d12f8b12-7712-40c3-92fc-5300ac597e58,2026-02-15,83,eBay,AUCTION,ok,0,https://www.ebay.com/itm/376954468790
d12f8b12-7712-40c3-92fc-5300ac597e58,2024-05-17,101.63,eBay,BEST_OFFER,ok,0,https://www.ebay.com/itm/Turtonator-212-150-PSA-10-GEM-MINT-Shiny-Secret-Rare-SSR-Japanese-Ultra-Shiny-GX-/126430673442
d12f8b12-7712-40c3-92fc-5300ac597e58,2024-03-10,32.4,PWCC Weekly Auctions,AUCTION,ok,0,https://www.fanaticscollect.com/weekly/a497e08c-d9dc-11ee-bfad-0a068af07d27
d12f8b12-7712-40c3-92fc-5300ac597e58,2024-02-25,37,eBay,AUCTION,ok,0,https://www.ebay.com/itm/2018-Pokemon-sm8b-Ultra-Shiny-GX-TURTONATOR-GX-Full-Art-SSR-212-150-PSA-10-/305403585058
d12f8b12-7712-40c3-92fc-5300ac597e58,2024-01-14,24,PWCC Weekly Auctions,AUCTION,ok,0,https://www.fanaticscollect.com/weekly/5d63d2a0-adf6-11ee-a77b-06f8884160bf
d12f8b12-7712-40c3-92fc-5300ac597e58,2023-10-26,54.59,eBay,BUY_IT_NOW,ok,0,https://www.ebay.com/itm/Turtonator-GX-212-150-SM8b-Ultra-Shiny-GX-Full-Art-PSA-10-Japanese-Pokemon-Card-/266410890830
d12f8b12-7712-40c3-92fc-5300ac597e58,2023-10-08,24,PWCC Weekly Auctions,AUCTION,ok,0,https://www.fanaticscollect.com/weekly/beb0cc3a-6345-11ee-a6d1-0a58a9feac02
d12f8b12-7712-40c3-92fc-5300ac597e58,2023-02-17,45,eBay,BEST_OFFER,ok,0,https://www.ebay.com/itm/2018-Pokemon-Japanese-Sun-Moon-Ultra-Shiny-Turtonator-GX-212-PSA-10-GEM-MINT-/185719663698
d12f8b12-7712-40c3-92fc-5300ac597e58,2023-01-22,37,eBay,AUCTION,ok,0,https://www.ebay.com/itm/Pokemon-Turtonator-GX-Ultra-Shiny-GX-Japanese-SSR-Shiny-Full-Art-212-PSA-10-05-/285106335902
d12420ca-e430-47c7-b714-58e211136861,2026-09-22,41,eBay,AUCTION,ok,0,https://www.ebay.com/itm/307179484613
d12420ca-e430-47c7-b714-58e211136861,2026-09-22,41,eBay,AUCTION,ok,0,https://www.ebay.com/itm/298660759331
d12420ca-e430-47c7-b714-58e211136861,2026-09-22,41,eBay,AUCTION,ok,0,https://www.ebay.com/itm/117405276711
d12420ca-e430-47c7-b714-58e211136861,2026-09-21,40,eBay,BEST_OFFER,ok,0,https://www.ebay.com/itm/117422611427
d12420ca-e430-47c7-b714-58e211136861,2026-09-19,51,eBay,AUCTION,ok,0,https://www.ebay.com/itm/117405276601
d12420ca-e430-47c7-b714-58e211136861,2026-09-19,42,eBay,AUCTION,ok,0,https://www.ebay.com/itm/298660758888
d12420ca-e430-47c7-b714-58e211136861,2026-09-19,42,eBay,AUCTION,ok,0,https://www.ebay.com/itm/298660758858
d12420ca-e430-47c7-b714-58e211136861,2026-09-19,26,eBay,AUCTION,ok,0,https://www.ebay.com/itm/307171474820
d12420ca-e430-47c7-b714-58e211136861,2026-09-18,41,eBay,AUCTION,ok,0,https://www.ebay.com/itm/307171474344
d12420ca-e430-47c7-b714-58e211136861,2026-09-18,41,eBay,AUCTION,ok,0,https://www.ebay.com/itm/307171474328
d110e5ef-deaf-45ee-a9c3-bfdafa61854c,2026-06-24,34.33,eBay,AUCTION,ok,0,https://www.ebay.com/itm/168458583100
d110e5ef-deaf-45ee-a9c3-bfdafa61854c,2026-05-07,35,eBay,BEST_OFFER,ok,0,https://www.ebay.com/itm/134573587015
d110e5ef-deaf-45ee-a9c3-bfdafa61854c,2026-03-22,33,eBay,AUCTION,ok,0,https://www.ebay.com/itm/287197976664
d110e5ef-deaf-45ee-a9c3-bfdafa61854c,2025-12-15,23.99,eBay,BUY_IT_NOW,ok,0,https://www.ebay.com/itm/236194630303
d110e5ef-deaf-45ee-a9c3-bfdafa61854c,2025-11-11,29,eBay,BEST_OFFER,ok,0,https://www.ebay.com/itm/406303882230
d110e5ef-deaf-45ee-a9c3-bfdafa61854c,2025-10-11,18.5,eBay,AUCTION,ok,0,https://www.ebay.com/itm/236366549031
d110e5ef-deaf-45ee-a9c3-bfdafa61854c,2025-10-01,29.99,eBay,BUY_IT_NOW,RELISTED,0,https://www.ebay.com/itm/226592144152
d110e5ef-deaf-45ee-a9c3-bfdafa61854c,2025-09-07,27.6,PWCC Weekly Auctions,AUCTION,ok,0,https://www.fanaticscollect.com/weekly/88130e52-7f79-11f0-9a6a-0a58a9feac02
d110e5ef-deaf-45ee-a9c3-bfdafa61854c,2025-05-07,21.5,eBay,AUCTION,ok,0,https://www.ebay.com/itm/388347610342
d110e5ef-deaf-45ee-a9c3-bfdafa61854c,2024-12-25,24.99,eBay,BEST_OFFER,ok,0,https://www.ebay.com/itm/2021-Pokemon-Japanese-VMax-Climax-263-Full-Art-Sordward-Shielbert-PSA-10-/265980553943
d1d447ed-1dcc-43b2-8eeb-08a2bb8aaaac,2026-09-20,1275,eBay,AUCTION,ok,0,https://www.ebay.com/itm/287575632221
d1d447ed-1dcc-43b2-8eeb-08a2bb8aaaac,2026-09-19,1775.99,eBay,AUCTION,ok,0,https://www.ebay.com/itm/298661106511
d1d447ed-1dcc-43b2-8eeb-08a2bb8aaaac,2025-06-09,177.77,eBay,BUY_IT_NOW,ok,0,https://www.ebay.com/itm/155352583454
d1d447ed-1dcc-43b2-8eeb-08a2bb8aaaac,2024-06-15,92,eBay,AUCTION,ok,0,https://www.ebay.com/itm/2003-Pokemon-EX-Dragon-62-Magnemite-Reverse-Foil-PSA-10-GEM-MINT-/364930882895
d1d447ed-1dcc-43b2-8eeb-08a2bb8aaaac,2022-08-28,102.5,eBay,AUCTION,ok,0,https://www.ebay.com/itm/PSA-10-MAGNEMITE-REVERSE-HOLO-Pokemon-TCG-EX-Dragon-62-61263477-/295173291649
d139037b-76eb-4c27-a6c3-b6760feae4d6,2026-06-23,575,eBay,BEST_OFFER,ok,0,https://www.ebay.com/itm/336288681327
d139037b-76eb-4c27-a6c3-b6760feae4d6,2026-02-07,317.06,eBay,BUY_IT_NOW,ok,0,https://www.ebay.com/itm/146106818139
d139037b-76eb-4c27-a6c3-b6760feae4d6,2026-01-10,317.06,eBay,BUY_IT_NOW,ok,0,https://www.ebay.com/itm/135304559302
d139037b-76eb-4c27-a6c3-b6760feae4d6,2025-10-14,225,eBay,BEST_OFFER,ok,0,https://www.ebay.com/itm/127366683275
d139037b-76eb-4c27-a6c3-b6760feae4d6,2025-07-10,183.8,eBay,BUY_IT_NOW,ok,0,https://www.ebay.com/itm/146106227237
d139037b-76eb-4c27-a6c3-b6760feae4d6,2025-06-11,183.8,eBay,BUY_IT_NOW,ok,0,https://www.ebay.com/itm/135306450221
d139037b-76eb-4c27-a6c3-b6760feae4d6,2025-02-15,102.5,eBay,AUCTION,ok,0,https://www.ebay.com/itm/1998-POKEMON-JAPANESE-BANDAI-CARDDASS-VENDING-62-MISTY-PSYDUCK-PSA-10-/306097683797
d139037b-76eb-4c27-a6c3-b6760feae4d6,2025-01-12,71.75,eBay,AUCTION,ok,0,https://www.ebay.com/itm/PSA-10-Misty-Psyduck-Carddass-Vending-1998-Pokemon-Japanese-Bandai-62-/235903865687
d139037b-76eb-4c27-a6c3-b6760feae4d6,2024-11-07,178,eBay,AUCTION,ok,0,https://www.ebay.com/itm/1998-POKEMON-JAPANESE-BANDAI-CARDDASS-VENDING-62-MISTY-PSYDUCK-PSA-10-/305872425364
d139037b-76eb-4c27-a6c3-b6760feae4d6,2024-08-22,180,eBay,BEST_OFFER,ok,0,https://www.ebay.com/itm/Pokemon-Japanese-Carddass-1998-062-Misty-Psyduck-62-Card-PSA-10-79983702-/286021329802
d12ebb53-dade-4fde-9128-6c01fb5158f6,2023-06-14,29.99,eBay,BUY_IT_NOW,ok,0,https://www.ebay.com/itm/POKEMON-MERLIN-108-LICKITUNG-PSA-10-GEM-MINT-384-/115710624137
d12ebb53-dade-4fde-9128-6c01fb5158f6,2023-01-06,45,eBay,AUCTION,ok,0,https://www.ebay.com/itm/1999-Merlin-Pokemon-108-Lickitung-Topps-Sticker-Card-PSA-10-Pop-1-None-Higher-/204196797727
d1964e62-5819-46d6-89c5-d5f218175071,2026-09-18,49.99,eBay,BEST_OFFER,ok,0,https://www.ebay.com/itm/168580494929
d1964e62-5819-46d6-89c5-d5f218175071,2026-09-18,29,eBay,AUCTION,ok,0,https://www.ebay.com/itm/128073144658
d1964e62-5819-46d6-89c5-d5f218175071,2026-07-27,23.5,eBay,AUCTION,ok,0,https://www.ebay.com/itm/236956313670
d1964e62-5819-46d6-89c5-d5f218175071,2026-07-14,44,eBay,BUY_IT_NOW,ok,0,https://www.ebay.com/itm/287460233969
d1964e62-5819-46d6-89c5-d5f218175071,2026-06-05,49.99,eBay,BUY_IT_NOW,ok,0,https://www.ebay.com/itm/137308821880
d1964e62-5819-46d6-89c5-d5f218175071,2026-06-01,49.99,eBay,BEST_OFFER,RELISTED,0,https://www.ebay.com/itm/168127932377
d1964e62-5819-46d6-89c5-d5f218175071,2026-05-20,40,eBay,BEST_OFFER,ok,0,https://www.ebay.com/itm/146978954809
d1964e62-5819-46d6-89c5-d5f218175071,2026-05-06,33.89,eBay,BUY_IT_NOW,ok,0,https://www.ebay.com/itm/406862811841
d1964e62-5819-46d6-89c5-d5f218175071,2026-05-06,20.5,eBay,AUCTION,ok,0,https://www.ebay.com/itm/227325630537
d1964e62-5819-46d6-89c5-d5f218175071,2026-04-24,36.79,eBay,BUY_IT_NOW,ok,0,https://www.ebay.com/itm/168127880045
d16f6f69-b088-4421-b1ea-a1db45b7cc61,2026-09-10,42,eBay,AUCTION,ok,0,https://www.ebay.com/itm/128063194725
d16f6f69-b088-4421-b1ea-a1db45b7cc61,2026-06-27,40,eBay,BEST_OFFER,ok,0,https://www.ebay.com/itm/358560099834
d16f6f69-b088-4421-b1ea-a1db45b7cc61,2026-06-08,48,eBay,BEST_OFFER,ok,0,https://www.ebay.com/itm/298285614870
d16f6f69-b088-4421-b1ea-a1db45b7cc61,2026-04-10,49.99,eBay,BEST_OFFER,ok,0,https://www.ebay.com/itm/297924638832
d16f6f69-b088-4421-b1ea-a1db45b7cc61,2025-10-17,32.28,eBay,AUCTION,ok,0,https://www.ebay.com/itm/306541217401
d16f6f69-b088-4421-b1ea-a1db45b7cc61,2025-09-26,34.99,eBay,BUY_IT_NOW,ok,0,https://www.ebay.com/itm/256104212096
d16f6f69-b088-4421-b1ea-a1db45b7cc61,2025-09-06,26,eBay,AUCTION,RELISTED,0,https://www.ebay.com/itm/297571268130
d16f6f69-b088-4421-b1ea-a1db45b7cc61,2025-08-19,30,eBay,BEST_OFFER,ok,0,https://www.ebay.com/itm/286658994805
d16f6f69-b088-4421-b1ea-a1db45b7cc61,2025-03-06,15.5,eBay,AUCTION,ok,0,https://www.ebay.com/itm/388009014344
d16f6f69-b088-4421-b1ea-a1db45b7cc61,2024-12-14,27.98,eBay,BUY_IT_NOW,ok,0,https://www.ebay.com/itm/Pokemon-Silver-Tempest-Magearna-V-182-195-Full-Art-390-PSA-10-/146239610657
d1c97d43-c298-4349-97b5-c1e6d2dc129a,2023-01-29,103.2,PWCC Weekly Auctions,AUCTION,ok,0,https://www.fanaticscollect.com/weekly/4ff81ab0-8d2f-11ed-9300-0a5a706d2835
d13defb3-f87b-425c-98e4-d301ebdddeb7,2026-04-29,44,PWCC Fixed Price,BEST_OFFER,ok,0,https://www.fanaticscollect.com/buy-now/881600f8-a4e6-46bc-9e4a-1ff0c8bf882d
d13defb3-f87b-425c-98e4-d301ebdddeb7,2026-04-15,55,eBay,BUY_IT_NOW,ok,0,https://www.ebay.com/itm/297891834987
d13defb3-f87b-425c-98e4-d301ebdddeb7,2026-04-15,44,PWCC Fixed Price,BEST_OFFER,ok,0,https://www.fanaticscollect.com/buy-now/36124110-ef88-4650-8f43-3908ebd8666c
d13defb3-f87b-425c-98e4-d301ebdddeb7,2025-09-04,37,PWCC Fixed Price,BEST_OFFER,ok,0,https://sales-history.pwccmarketplace.com/items/FIXED315373
d13defb3-f87b-425c-98e4-d301ebdddeb7,2025-07-20,41.66,eBay,AUCTION,ok,0,https://www.ebay.com/itm/286704588177
d13defb3-f87b-425c-98e4-d301ebdddeb7,2025-06-30,25,eBay,BUY_IT_NOW,ok,0,https://www.ebay.com/itm/116639958752
d13defb3-f87b-425c-98e4-d301ebdddeb7,2025-06-20,24.95,eBay,BUY_IT_NOW,ok,0,https://www.ebay.com/itm/186339509740
d13defb3-f87b-425c-98e4-d301ebdddeb7,2025-06-14,20.5,eBay,AUCTION,ok,0,https://www.ebay.com/itm/376323888965
d13defb3-f87b-425c-98e4-d301ebdddeb7,2025-05-20,30,eBay,BUY_IT_NOW,ok,0,https://www.ebay.com/itm/286404001048
d13defb3-f87b-425c-98e4-d301ebdddeb7,2025-05-07,16.5,eBay,AUCTION,RELISTED,0,https://www.ebay.com/itm/116585418990
d1b62fb6-a962-4f37-b2ce-2a6cc41c786b,2026-08-26,3650,eBay,AUCTION,ok,0,https://www.ebay.com/itm/128038566093
d1b62fb6-a962-4f37-b2ce-2a6cc41c786b,2026-05-31,3500,eBay,BEST_OFFER,ok,0,https://www.ebay.com/itm/298372032210
d1b62fb6-a962-4f37-b2ce-2a6cc41c786b,2026-05-16,3000,eBay,BUY_IT_NOW,ok,0,https://www.ebay.com/itm/358549270428
d1b62fb6-a962-4f37-b2ce-2a6cc41c786b,2026-03-12,536.48,eBay,BEST_OFFER,ok,0,https://www.ebay.com/itm/257400793949
d1b62fb6-a962-4f37-b2ce-2a6cc41c786b,2026-03-10,536.72,eBay,BEST_OFFER,ok,0,https://www.ebay.com/itm/257396317667
d1b62fb6-a962-4f37-b2ce-2a6cc41c786b,2026-03-04,596.53,eBay,AUCTION,RELISTED,0,https://www.ebay.com/itm/257382153285
d1b62fb6-a962-4f37-b2ce-2a6cc41c786b,2024-11-30,54.95,eBay,BUY_IT_NOW,ok,0,https://www.ebay.com/itm/Pokemon-Mudkip-Supreme-Victors-116-Graded-Card-PSA-10-/156550649002
d1b62fb6-a962-4f37-b2ce-2a6cc41c786b,2023-12-07,59.99,eBay,BUY_IT_NOW,ok,0,https://www.ebay.com/itm/PSA-10-Mudkip-Platinum-Supreme-Victors-116-147-Pokemon-2009-Nintendo-/315007996196
d1b62fb6-a962-4f37-b2ce-2a6cc41c786b,2023-12-02,59.99,eBay,BUY_IT_NOW,RELISTED,0,https://www.ebay.com/itm/PSA-10-Mudkip-Platinum-Supreme-Victors-116-147-Pokemon-2009-Nintendo-/314981988752
d1b62fb6-a962-4f37-b2ce-2a6cc41c786b,2023-11-22,59.99,eBay,BUY_IT_NOW,RELISTED,0,https://www.ebay.com/itm/PSA-10-Mudkip-Platinum-Supreme-Victors-116-147-Pokemon-2009-Nintendo-/314965347446
d1a0f11f-135e-445c-8b2c-b2dbcb5df40b,2026-09-20,549.99,eBay,BUY_IT_NOW,ok,0,https://www.ebay.com/itm/206507362315
d1a0f11f-135e-445c-8b2c-b2dbcb5df40b,2026-09-20,415,eBay,AUCTION,ok,0,https://www.ebay.com/itm/267783959472
d1a0f11f-135e-445c-8b2c-b2dbcb5df40b,2026-08-30,425,eBay,AUCTION,ok,0,https://www.ebay.com/itm/287541280336
d1a0f11f-135e-445c-8b2c-b2dbcb5df40b,2026-08-26,560,eBay,AUCTION,ok,0,https://www.ebay.com/itm/117367079824
d1a0f11f-135e-445c-8b2c-b2dbcb5df40b,2026-08-23,372,PWCC Weekly Auctions,AUCTION,ok,0,https://www.fanaticscollect.com/weekly/0b3f7f7e-94d0-11f1-9479-0a58a9feac02
d1a0f11f-135e-445c-8b2c-b2dbcb5df40b,2026-08-16,480,eBay,AUCTION,ok,0,https://www.ebay.com/itm/267751653471
d1a0f11f-135e-445c-8b2c-b2dbcb5df40b,2026-07-13,515,eBay,AUCTION,ok,0,https://www.ebay.com/itm/307035930190
d1a0f11f-135e-445c-8b2c-b2dbcb5df40b,2026-06-06,500,eBay,BEST_OFFER,ok,0,https://www.ebay.com/itm/306955442251
d1a0f11f-135e-445c-8b2c-b2dbcb5df40b,2026-04-26,326,eBay,AUCTION,ok,0,https://www.ebay.com/itm/287278080093
d1a0f11f-135e-445c-8b2c-b2dbcb5df40b,2026-03-27,500,eBay,BUY_IT_NOW,ok,0,https://www.ebay.com/itm/336485429855
d1ee4a5d-33fc-4e25-99bf-44e510806746,2026-08-27,64.99,eBay,BUY_IT_NOW,ok,0,https://www.ebay.com/itm/178224588977
d1ee4a5d-33fc-4e25-99bf-44e510806746,2026-08-18,59.95,eBay,BUY_IT_NOW,ok,0,https://www.ebay.com/itm/307073910694
d1ee4a5d-33fc-4e25-99bf-44e510806746,2026-06-13,56,eBay,AUCTION,ok,0,https://www.ebay.com/itm/157982219020
d1ee4a5d-33fc-4e25-99bf-44e510806746,2026-06-06,81,eBay,AUCTION,ok,0,https://www.ebay.com/itm/398007810262
d1ee4a5d-33fc-4e25-99bf-44e510806746,2026-06-03,37,eBay,AUCTION,ok,0,https://www.ebay.com/itm/147335762022
d1ee4a5d-33fc-4e25-99bf-44e510806746,2026-05-10,32,eBay,AUCTION,ok,0,https://www.ebay.com/itm/168348998110
d1ee4a5d-33fc-4e25-99bf-44e510806746,2026-05-04,61,eBay,AUCTION,ok,0,https://www.ebay.com/itm/377150639934
d1ee4a5d-33fc-4e25-99bf-44e510806746,2026-05-02,84.99,eBay,BUY_IT_NOW,ok,0,https://www.ebay.com/itm/287185238118
d1ee4a5d-33fc-4e25-99bf-44e510806746,2026-04-10,65.6,eBay,BEST_OFFER,ok,0,https://www.ebay.com/itm/137088463055
d1ee4a5d-33fc-4e25-99bf-44e510806746,2026-03-27,40,eBay,BEST_OFFER,ok,0,https://www.ebay.com/itm/117087506180
d1ba49b4-fc72-40d5-bbc0-15da3850d11a,2023-03-31,109.99,eBay,BUY_IT_NOW,ok,0,https://www.ebay.com/itm/2022-Pokemon-Promo-270-Rapidash-Holo-Prerelease-PSA-10-Gem-Mint-Pop-1-/334790507706
d1e50d98-2847-4d83-b9dd-b77f42a0630f,2026-04-12,150,eBay,BEST_OFFER,ok,0,https://www.ebay.com/itm/306799940460
d1e50d98-2847-4d83-b9dd-b77f42a0630f,2025-09-19,20,eBay,BEST_OFFER,ok,0,https://www.ebay.com/itm/317192975248
d1e50d98-2847-4d83-b9dd-b77f42a0630f,2025-05-13,16,eBay,BEST_OFFER,ok,0,https://www.ebay.com/itm/316796650807
d1e50d98-2847-4d83-b9dd-b77f42a0630f,2023-05-14,15.5,eBay,AUCTION,ok,0,https://www.ebay.com/itm/Pokemon-Taillow-EX-Delta-Species-86-PSA-10-Gem-Mint-/285267192521
d1d9e5a4-d6b9-4eb2-ab87-bef77a0dc5b7,2026-08-13,350,eBay,BUY_IT_NOW,ok,0,https://www.ebay.com/itm/298562201703
d1d9e5a4-d6b9-4eb2-ab87-bef77a0dc5b7,2026-03-25,172.5,eBay,BEST_OFFER,ok,0,https://www.ebay.com/itm/205862044061
d1d9e5a4-d6b9-4eb2-ab87-bef77a0dc5b7,2025-08-10,60,eBay,BEST_OFFER,ok,0,https://www.ebay.com/itm/326489204620
d1d9e5a4-d6b9-4eb2-ab87-bef77a0dc5b7,2025-07-02,45,eBay,BUY_IT_NOW,ok,0,https://www.ebay.com/itm/385651549666
d1d9e5a4-d6b9-4eb2-ab87-bef77a0dc5b7,2025-03-22,85,eBay,BUY_IT_NOW,ok,0,https://www.ebay.com/itm/285325845993
d1d9e5a4-d6b9-4eb2-ab87-bef77a0dc5b7,2024-07-21,31,eBay,AUCTION,ok,0,https://www.ebay.com/itm/2000-Pokemon-Topps-Muk-Animation-Series-2-Foil-89-PSA-10-Gem-Mint-/285955531205
d1d9e5a4-d6b9-4eb2-ab87-bef77a0dc5b7,2023-05-30,59,eBay,AUCTION,ok,0,https://www.ebay.com/itm/PSA-GEM-MINT-10-89-MUK-2000-Topps-Holo-Pokemon-TV-Card-Animation-Series-2-/314608162169
d14cca19-7194-488b-8cca-6b32aa0982b1,2026-07-15,55,eBay,BEST_OFFER,ok,0,https://www.ebay.com/itm/127973671180
d14cca19-7194-488b-8cca-6b32aa0982b1,2026-03-06,50,eBay,BEST_OFFER,ok,0,https://www.ebay.com/itm/236504015430
d14cca19-7194-488b-8cca-6b32aa0982b1,2025-11-19,10.5,eBay,AUCTION,RELISTED,0,https://www.ebay.com/itm/336288069160
d14cca19-7194-488b-8cca-6b32aa0982b1,2025-10-29,22.5,eBay,AUCTION,RELISTED,0,https://www.ebay.com/itm/336250852627
d14cca19-7194-488b-8cca-6b32aa0982b1,2025-02-27,15.5,eBay,AUCTION,ok,0,https://www.ebay.com/itm/Darkrai-Start-Deck-100-Reverse-Holo-PSA-10-/376016461566
d14cca19-7194-488b-8cca-6b32aa0982b1,2024-12-20,64.49,eBay,BEST_OFFER,ok,0,https://www.ebay.com/itm/PSA-10-Gem-Mint-Darkrai-270-414-Start-Deck-100-2021-Japanese-Graded-Card-/275691685943
d14cca19-7194-488b-8cca-6b32aa0982b1,2023-10-25,15,eBay,AUCTION,ok,0,https://www.ebay.com/itm/PSA-10-GEM-MINT-2021-Pokemon-Japanese-Darkrai-Start-Deck-100-Corocoro-Card-270-/126143117707
d14cca19-7194-488b-8cca-6b32aa0982b1,2023-07-15,17.5,eBay,AUCTION,ok,0,https://www.ebay.com/itm/PSA-10-Gem-Mint-Darkrai-270-414-Start-Deck-100-Reverse-Foil-2021-Japanese-Graded-/275936752858
d1317631-46f4-442b-bfcd-129e103ae3c5,2026-07-06,93.94,eBay,BUY_IT_NOW,ok,0,https://www.ebay.com/itm/389478921262
d1317631-46f4-442b-bfcd-129e103ae3c5,2026-04-12,41,eBay,AUCTION,ok,0,https://www.ebay.com/itm/306860705562
d1317631-46f4-442b-bfcd-129e103ae3c5,2026-04-12,32,eBay,AUCTION,ok,0,https://www.ebay.com/itm/306860705564
d1317631-46f4-442b-bfcd-129e103ae3c5,2026-01-15,50,eBay,BEST_OFFER,ok,0,https://www.ebay.com/itm/266511045894
d1317631-46f4-442b-bfcd-129e103ae3c5,2024-12-05,17.5,eBay,AUCTION,ok,0,https://www.ebay.com/itm/2016-POKEMON-JAPANESE-PREMIUM-CHAMPION-PACK-067-MACHAMP-PSA-10-/305937942713
d1317631-46f4-442b-bfcd-129e103ae3c5,2024-07-11,10.5,eBay,AUCTION,ok,0,https://www.ebay.com/itm/PSA-10-Gem-Mint-2016-Pokemon-Japanese-Manchamp-067-premium-champion-pack-/395513499294
d1317631-46f4-442b-bfcd-129e103ae3c5,2024-01-07,44.46,eBay,AUCTION,RELISTED,0,https://www.ebay.com/itm/PSA-10-2016-MACHAMP-067-131-Pokemon-Japanese-Premium-Champion-Pack-Reverse-Cp4-/315058327739
d1317631-46f4-442b-bfcd-129e103ae3c5,2023-12-02,18.5,eBay,AUCTION,ok,0,https://www.ebay.com/itm/PSA-10-Gem-Mint-Machamp-067-131-Premium-Champion-Pack-CP4-2016-Japanese-Graded-/395022828768
d1317631-46f4-442b-bfcd-129e103ae3c5,2023-11-26,25.2,PWCC Weekly Auctions,AUCTION,ok,0,https://www.fanaticscollect.com/weekly/fb280668-781e-11ee-973e-0a58a9feac02
d1317631-46f4-442b-bfcd-129e103ae3c5,2023-10-15,30,eBay,BEST_OFFER,ok,0,https://www.ebay.com/itm/PSA-10-Machamp-067-131-Holo-Cp4-Premium-Champion-Pack-Japanese-Pokemon-Card-/354926665892
d11b48dc-24a0-41f0-8304-796bb9654d5e,2026-09-01,52.88,eBay,AUCTION,ok,0,https://www.ebay.com/itm/307143147695
d11b48dc-24a0-41f0-8304-796bb9654d5e,2026-08-23,57,eBay,AUCTION,ok,0,https://www.ebay.com/itm/298579883061
d11b48dc-24a0-41f0-8304-796bb9654d5e,2026-08-23,46,eBay,AUCTION,ok,0,https://www.ebay.com/itm/117357699879
d11b48dc-24a0-41f0-8304-796bb9654d5e,2026-03-02,81,eBay,AUCTION,ok,0,https://www.ebay.com/itm/117036456199
d11b48dc-24a0-41f0-8304-796bb9654d5e,2023-08-31,25.99,eBay,BUY_IT_NOW,ok,0,https://www.ebay.com/itm/2015-POKEMON-JAPANESE-XY-BANDIT-RING-1ST-ED-004-BELLOSSOM-PSA-10-X3587820-052-/385530385186
d11632fb-c97c-4398-bdf7-6343fcdba69e,2023-10-14,65,eBay,BEST_OFFER,ok,0,https://www.ebay.com/itm/PSA-10-Turtwig-103-130-Diamond-Pearl-Common-2007-English-Pokemon-TCG-Nintendo-/134767234113
d11632fb-c97c-4398-bdf7-6343fcdba69e,2023-09-24,33.6,PWCC Weekly Auctions,AUCTION,ok,0,https://www.fanaticscollect.com/weekly/665200f2-42b8-11ee-85bb-02e026b19b65
d1242247-2483-459c-ac83-53a4950ca24e,2026-08-30,52800,PWCC Weekly Auctions,AUCTION,ok,1,https://www.fanaticscollect.com/weekly/9b54f6f4-9c0d-11f1-bd94-0a2e055cda29
d1242247-2483-459c-ac83-53a4950ca24e,2025-12-13,7500,Heritage Auctions,AUCTION,ok,0,https://comics.ha.com/itm/memorabilia/trading-cards/pokemon-darkrai-ex-107-dark-explorers-psa-trading-card-game-gem-mint-10-the-pokemon-company-2012-full-art-holo/p/7431-26001.s?type=DA-DMC-AltPlatform-TradingCardGames-7431-12122025
d1242247-2483-459c-ac83-53a4950ca24e,2025-04-18,2999.99,eBay,BUY_IT_NOW,ok,0,https://www.ebay.com/itm/156757775969
d1242247-2483-459c-ac83-53a4950ca24e,2024-06-25,1600,eBay,BEST_OFFER,ok,0,https://www.ebay.com/itm/POKEMON-DARK-EXPLORERS-DARKRAI-EX-107-FULL-ART-HOLO-FOIL-PSA-10-GEM-MINT-POP-22-/326169229398
d1242247-2483-459c-ac83-53a4950ca24e,2024-06-15,1650,eBay,BEST_OFFER,RELISTED,0,https://www.ebay.com/itm/POKEMON-DARK-EXPLORERS-DARKRAI-EX-107-FULL-ART-HOLO-FOIL-PSA-10-GEM-MINT-POP-22-/325963260494
d1242247-2483-459c-ac83-53a4950ca24e,2024-05-18,1528.62,eBay,BEST_OFFER,ok,0,https://www.ebay.com/itm/Pokemon-B-W-Dark-Explorers-Darkrai-EX-Full-Art-PSA-10-Low-Pop-22-/235568587624
d1242247-2483-459c-ac83-53a4950ca24e,2023-11-26,1492.26,eBay,BEST_OFFER,ok,0,https://www.ebay.com/itm/PSA-10-Darkrai-EX-107-108-Full-Art-2012-BW-Dark-Explorers-GEM-MINT-POP-22-/266533027147
d1242247-2483-459c-ac83-53a4950ca24e,2023-11-22,1125,eBay,AUCTION,ok,0,https://www.ebay.com/itm/PSA-10-Gem-Mint-2012-Pokemon-Dark-Explorers-Darkrai-EX-Full-Art-Card-107-108-/126186412138
d1242247-2483-459c-ac83-53a4950ca24e,2023-10-23,1532,eBay,AUCTION,ok,0,https://www.ebay.com/itm/2012-Pokemon-B-W-Dark-Explorers-107-FA-Darkrai-Ex-Holo-PSA-10-GEM-MINT-/374992340299
d1242247-2483-459c-ac83-53a4950ca24e,2023-09-27,2000,eBay,AUCTION,RELISTED,0,https://www.ebay.com/itm/PSA-10-Gem-Mint-2012-Pokemon-Dark-Explorers-Darkrai-EX-Full-Art-Card-107-108-/126103259879
d1bd5fea-0bc7-4454-a38f-c3e9b6c4f92b,2026-08-31,199.99,eBay,BUY_IT_NOW,ok,0,https://www.ebay.com/itm/298621002884
d1bd5fea-0bc7-4454-a38f-c3e9b6c4f92b,2025-07-17,39.99,eBay,BUY_IT_NOW,ok,0,https://www.ebay.com/itm/175882926687
d1bd5fea-0bc7-4454-a38f-c3e9b6c4f92b,2023-10-02,51,eBay,AUCTION,ok,0,https://www.ebay.com/itm/PSA-10-Plusle-039-1st-Edition-2013-Pokemon-Japanese-Black-White-EX-Battle-Boost-/155794019134
d18f69e9-51e2-469e-bb00-c1e649779f6c,2026-09-09,108.33,eBay,BUY_IT_NOW,ok,0,https://www.ebay.com/itm/398374886800
d18f69e9-51e2-469e-bb00-c1e649779f6c,2026-09-01,71,eBay,AUCTION,ok,0,https://www.ebay.com/itm/237030183012
d18f69e9-51e2-469e-bb00-c1e649779f6c,2026-08-26,71,eBay,AUCTION,ok,0,https://www.ebay.com/itm/800535081141
d18f69e9-51e2-469e-bb00-c1e649779f6c,2026-08-19,90,eBay,BEST_OFFER,ok,0,https://www.ebay.com/itm/158199799526
d18f69e9-51e2-469e-bb00-c1e649779f6c,2026-08-19,71,eBay,AUCTION,ok,0,https://www.ebay.com/itm/800499214315
d18f69e9-51e2-469e-bb00-c1e649779f6c,2026-08-18,100,eBay,BUY_IT_NOW,ok,0,https://www.ebay.com/itm/318736155464
d18f69e9-51e2-469e-bb00-c1e649779f6c,2026-07-27,89.99,eBay,BUY_IT_NOW,ok,0,https://www.ebay.com/itm/178331665348
d18f69e9-51e2-469e-bb00-c1e649779f6c,2026-06-17,129.99,eBay,BUY_IT_NOW,ok,0,https://www.ebay.com/itm/285733063625
d18f69e9-51e2-469e-bb00-c1e649779f6c,2026-06-16,89,eBay,AUCTION,ok,0,https://www.ebay.com/itm/117237727751
d18f69e9-51e2-469e-bb00-c1e649779f6c,2026-05-21,52.8,Alt,AUCTION,ok,0,https://alt.xyz/exchange/select-listing?ids=a546451f-5b54-41bf-a9bc-cbafc70e5c8a
d1f20620-6093-4bc0-929f-88122b1f4f28,2026-09-17,64.8,Alt,AUCTION,ok,0,https://alt.xyz/exchange/select-listing?ids=0b5e89eb-1936-4490-82bb-7dd556617058
d1f20620-6093-4bc0-929f-88122b1f4f28,2026-09-17,60,eBay,AUCTION,ok,0,https://www.ebay.com/itm/117404769406
d1f20620-6093-4bc0-929f-88122b1f4f28,2026-09-13,133.39,eBay,BEST_OFFER,ok,0,https://www.ebay.com/itm/318504899298
d1f20620-6093-4bc0-929f-88122b1f4f28,2026-09-10,69.6,Alt,AUCTION,ok,0,https://alt.xyz/exchange/select-listing?ids=e86d6b3d-e3ed-4ecc-b9a7-29baaca6d81b
d1f20620-6093-4bc0-929f-88122b1f4f28,2026-09-10,56.88,eBay,AUCTION,ok,0,https://www.ebay.com/itm/407196251933
d1f20620-6093-4bc0-929f-88122b1f4f28,2026-09-06,74.4,PWCC Weekly Auctions,AUCTION,ok,0,https://www.fanaticscollect.com/weekly/c1e23722-8e9e-11f1-8e90-0a2225b56657
d1f20620-6093-4bc0-929f-88122b1f4f28,2026-09-03,80,eBay,BUY_IT_NOW,ok,0,https://www.ebay.com/itm/298632236224
d1f20620-6093-4bc0-929f-88122b1f4f28,2026-09-03,80,PWCC Fixed Price,BEST_OFFER,ok,0,https://www.fanaticscollect.com/buy-now/0a83eefb-99f0-4059-9cf0-bf681b75968f
d1f20620-6093-4bc0-929f-88122b1f4f28,2026-08-30,66,eBay,AUCTION,ok,0,https://www.ebay.com/itm/407170207399
d1f20620-6093-4bc0-929f-88122b1f4f28,2026-08-27,65,eBay,BEST_OFFER,ok,0,https://www.ebay.com/itm/206512783183
d190bea1-dc38-4fa0-b921-881c8cc915bb,2026-08-20,48,Alt,AUCTION,ok,0,https://alt.xyz/exchange/select-listing?ids=d1e1fc33-0fff-4ddd-9b4c-e92081f99a07
d190bea1-dc38-4fa0-b921-881c8cc915bb,2026-03-02,25,eBay,AUCTION,ok,0,https://www.ebay.com/itm/406716800771
d190bea1-dc38-4fa0-b921-881c8cc915bb,2025-12-19,199.99,eBay,BEST_OFFER,ok,1,https://www.ebay.com/itm/326919296234
d190bea1-dc38-4fa0-b921-881c8cc915bb,2025-09-26,40,eBay,BEST_OFFER,RELISTED,0,https://www.ebay.com/itm/297616138598
d190bea1-dc38-4fa0-b921-881c8cc915bb,2025-07-15,49.99,eBay,BEST_OFFER,ok,0,https://www.ebay.com/itm/204506722673
d190bea1-dc38-4fa0-b921-881c8cc915bb,2025-06-21,28,eBay,AUCTION,ok,0,https://www.ebay.com/itm/306350687497
d190bea1-dc38-4fa0-b921-881c8cc915bb,2025-06-21,26,eBay,AUCTION,ok,0,https://www.ebay.com/itm/297409036443
d190bea1-dc38-4fa0-b921-881c8cc915bb,2025-06-20,29,eBay,BEST_OFFER,ok,0,https://www.ebay.com/itm/306246343021
d190bea1-dc38-4fa0-b921-881c8cc915bb,2025-05-22,24.99,eBay,BEST_OFFER,ok,0,https://www.ebay.com/itm/306294946977
d190bea1-dc38-4fa0-b921-881c8cc915bb,2025-04-13,20.5,eBay,AUCTION,ok,0,https://www.ebay.com/itm/297184336074
d1214df5-2d94-4d03-b61e-d0f9671343a8,2023-12-10,13.82,eBay,AUCTION,ok,0,https://www.ebay.com/itm/PSA-10-Whismure-Master-Kit-Torchic-Quarter-Deck-1st-Ed-2005-Japanese-Pokemon-/235327663661
d1e42fbf-c89d-4b8c-bb4c-ac863fe4e858,2026-08-28,120,eBay,BEST_OFFER,ok,0,https://www.ebay.com/itm/117336715243
d1e42fbf-c89d-4b8c-bb4c-ac863fe4e858,2026-07-30,129,eBay,BUY_IT_NOW,ok,0,https://www.ebay.com/itm/298452647356
d1e42fbf-c89d-4b8c-bb4c-ac863fe4e858,2026-06-20,80,eBay,BEST_OFFER,ok,0,https://www.ebay.com/itm/306811228446
d1e42fbf-c89d-4b8c-bb4c-ac863fe4e858,2026-05-19,145,eBay,BEST_OFFER,ok,0,https://www.ebay.com/itm/117202072699
d1e42fbf-c89d-4b8c-bb4c-ac863fe4e858,2026-05-17,171.5,eBay,AUCTION,ok,0,https://www.ebay.com/itm/298298430163
d1e42fbf-c89d-4b8c-bb4c-ac863fe4e858,2026-05-04,200,eBay,BEST_OFFER,ok,0,https://www.ebay.com/itm/117174976751
d1e42fbf-c89d-4b8c-bb4c-ac863fe4e858,2026-01-18,244.87,eBay,AUCTION,ok,0,https://www.ebay.com/itm/287061472910
d1e42fbf-c89d-4b8c-bb4c-ac863fe4e858,2026-01-04,360,eBay,AUCTION,RELISTED,0,https://www.ebay.com/itm/287030804901
d1e42fbf-c89d-4b8c-bb4c-ac863fe4e858,2025-11-01,31,eBay,AUCTION,ok,0,https://www.ebay.com/itm/127446717188
d1e42fbf-c89d-4b8c-bb4c-ac863fe4e858,2025-10-07,49.99,eBay,BUY_IT_NOW,ok,0,https://www.ebay.com/itm/177209230002
d16f49e5-aa29-48c3-8684-00b3aa1d72c5,2026-09-19,79.99,eBay,BUY_IT_NOW,ok,0,https://www.ebay.com/itm/198595016041
d16f49e5-aa29-48c3-8684-00b3aa1d72c5,2026-09-15,66,eBay,AUCTION,ok,0,https://www.ebay.com/itm/128072456177
d16f49e5-aa29-48c3-8684-00b3aa1d72c5,2026-09-10,70,eBay,BEST_OFFER,ok,0,https://www.ebay.com/itm/398375799673
d16f49e5-aa29-48c3-8684-00b3aa1d72c5,2026-09-02,67,eBay,AUCTION,ok,0,https://www.ebay.com/itm/377449300058
d16f49e5-aa29-48c3-8684-00b3aa1d72c5,2026-09-01,61.1,eBay,AUCTION,ok,0,https://www.ebay.com/itm/398313462734
d16f49e5-aa29-48c3-8684-00b3aa1d72c5,2026-08-26,110,eBay,BUY_IT_NOW,ok,0,https://www.ebay.com/itm/188661041181
d16f49e5-aa29-48c3-8684-00b3aa1d72c5,2026-08-22,105,eBay,BEST_OFFER,ok,0,https://www.ebay.com/itm/298496856574
d16f49e5-aa29-48c3-8684-00b3aa1d72c5,2026-08-22,82.99,eBay,BEST_OFFER,ok,0,https://www.ebay.com/itm/198589153211
d16f49e5-aa29-48c3-8684-00b3aa1d72c5,2026-08-22,75,PWCC Fixed Price,BEST_OFFER,ok,0,https://www.fanaticscollect.com/buy-now/ad037f39-e8b1-4998-a4a2-ebccda3f395a
d16f49e5-aa29-48c3-8684-00b3aa1d72c5,2026-08-18,75,eBay,AUCTION,ok,0,https://www.ebay.com/itm/206483857389
d1cb5afd-8af4-466e-8ce6-76091a8be4e4,2026-09-09,380,eBay,AUCTION,ok,0,https://www.ebay.com/itm/117390949265
d1cb5afd-8af4-466e-8ce6-76091a8be4e4,2026-05-29,324.99,eBay,BEST_OFFER,ok,0,https://www.ebay.com/itm/358539132664
d1cb5afd-8af4-466e-8ce6-76091a8be4e4,2026-04-18,265,eBay,BEST_OFFER,ok,0,https://www.ebay.com/itm/358412820454
d1cb5afd-8af4-466e-8ce6-76091a8be4e4,2026-02-24,215.87,eBay,BUY_IT_NOW,ok,0,https://www.ebay.com/itm/136548805164
d1cb5afd-8af4-466e-8ce6-76091a8be4e4,2025-11-12,160,eBay,BEST_OFFER,ok,0,https://www.ebay.com/itm/297738801562
d1cb5afd-8af4-466e-8ce6-76091a8be4e4,2025-10-19,127.5,eBay,AUCTION,RELISTED,0,https://www.ebay.com/itm/286869999609
d1cb5afd-8af4-466e-8ce6-76091a8be4e4,2025-09-28,195,eBay,AUCTION,ok,0,https://www.ebay.com/itm/286828015798
d1cb5afd-8af4-466e-8ce6-76091a8be4e4,2025-02-08,100,eBay,BUY_IT_NOW,ok,0,https://www.ebay.com/itm/2015-POKEMON-JPN-XY-EMERALD-BREAK-080-FULL-ART-GALLADE-EX-PSA-10-/306098564489
d1cb5afd-8af4-466e-8ce6-76091a8be4e4,2024-12-08,99.3,eBay,AUCTION,ok,0,https://www.ebay.com/itm/PSA-10-Gallade-EX-XY6-080-SR-Japanese-Pokemon-Card-Emerald-Break-/235848103919
d1cb5afd-8af4-466e-8ce6-76091a8be4e4,2024-07-06,89.88,eBay,AUCTION,ok,0,https://www.ebay.com/itm/2015-POKEMON-JAPANESE-XY-EMERALD-BREAK-080-FULL-ART-GALLADE-EX-PSA-10-/305645261413
d1ff02d6-c22d-40f1-98d2-1639df49e940,2024-01-14,810,PWCC Weekly Auctions,AUCTION,ok,0,https://www.fanaticscollect.com/weekly/67cfa088-ad2a-11ee-b5b5-0af614176b57
d13ef2e8-36ed-4fff-ab13-5d38e59f9ee0,2026-08-30,110.19,CardHobby,AUCTION,ok,0,https://www.cardhobby.com/#/carddetails/131345430
d13ef2e8-36ed-4fff-ab13-5d38e59f9ee0,2026-08-22,106.5,eBay,AUCTION,ok,0,https://www.ebay.com/itm/237017881831
d13ef2e8-36ed-4fff-ab13-5d38e59f9ee0,2026-08-13,106.11,CardHobby,AUCTION,ok,0,https://www.cardhobby.com/#/carddetails/128527053
d13ef2e8-36ed-4fff-ab13-5d38e59f9ee0,2026-08-08,100,eBay,BEST_OFFER,ok,0,https://www.ebay.com/itm/117346699428
d13ef2e8-36ed-4fff-ab13-5d38e59f9ee0,2026-08-08,97,eBay,AUCTION,ok,0,https://www.ebay.com/itm/800457229109
d13ef2e8-36ed-4fff-ab13-5d38e59f9ee0,2026-08-07,200,eBay,BUY_IT_NOW,ok,0,https://www.ebay.com/itm/287497924950
d13ef2e8-36ed-4fff-ab13-5d38e59f9ee0,2026-07-28,129.59,CardHobby,AUCTION,ok,0,https://www.cardhobby.com/#/carddetails/125212810
d13ef2e8-36ed-4fff-ab13-5d38e59f9ee0,2026-07-24,230,eBay,BEST_OFFER,ok,0,https://www.ebay.com/itm/168447749282
d13ef2e8-36ed-4fff-ab13-5d38e59f9ee0,2026-07-23,110.05,CardHobby,AUCTION,ok,0,https://www.cardhobby.com/#/carddetails/124249284
d13ef2e8-36ed-4fff-ab13-5d38e59f9ee0,2026-07-10,115.31,CardHobby,AUCTION,ok,0,https://www.cardhobby.com/#/carddetails/121355004
d133e8a3-226f-46af-bb0e-76487a4c5136,2026-08-27,40.8,Alt,AUCTION,ok,0,https://alt.xyz/exchange/select-listing?ids=6008f4af-5494-4bc9-a9f6-2a54347f6d3e
d133e8a3-226f-46af-bb0e-76487a4c5136,2026-05-05,40,eBay,BEST_OFFER,ok,0,https://www.ebay.com/itm/226788666333
d133e8a3-226f-46af-bb0e-76487a4c5136,2026-04-24,120.69,eBay,BEST_OFFER,ok,0,https://www.ebay.com/itm/306488248224
d133e8a3-226f-46af-bb0e-76487a4c5136,2026-04-23,278,eBay,BEST_OFFER,ok,1,https://www.ebay.com/itm/117159785190
d133e8a3-226f-46af-bb0e-76487a4c5136,2025-03-16,25,eBay,AUCTION,ok,0,https://www.ebay.com/itm/306167312227
d133e8a3-226f-46af-bb0e-76487a4c5136,2025-03-03,12.5,eBay,AUCTION,ok,0,https://www.ebay.com/itm/306134919151
d133e8a3-226f-46af-bb0e-76487a4c5136,2025-02-17,14.09,eBay,AUCTION,ok,0,https://www.ebay.com/itm/2023-Pokemon-Wattrel-145-091-Shiny-Rare-JAPANESE-PSA-10-Gem-Mint-S-/235961499292
d133e8a3-226f-46af-bb0e-76487a4c5136,2025-02-09,13.72,eBay,AUCTION,ok,0,https://www.ebay.com/itm/Pokemon-2023-Wattrel-250-190-S-SV4a-Japanese-GEM-MINT-PSA-10-/405511804430
d133e8a3-226f-46af-bb0e-76487a4c5136,2025-01-26,12,eBay,AUCTION,RELISTED,0,https://www.ebay.com/itm/Pokemon-2023-Wattrel-250-190-S-SV4a-Japanese-GEM-MINT-PSA-10-/405482825827
d133e8a3-226f-46af-bb0e-76487a4c5136,2024-08-11,45,eBay,BEST_OFFER,ok,0,https://www.ebay.com/itm/PSA-10-Gem-Mint-Wattrel-Shiny-sv4a-Shiny-Treasure-ex-250-190-Japanese-Pokemon-/296467100647
d1e18b50-f068-4e26-a3ff-f2f0fb0c5a43,2026-07-27,141,eBay,BEST_OFFER,ok,0,https://www.ebay.com/itm/318570422842
d1e18b50-f068-4e26-a3ff-f2f0fb0c5a43,2026-05-07,200,eBay,BUY_IT_NOW,ok,0,https://www.ebay.com/itm/287263173001
d1e18b50-f068-4e26-a3ff-f2f0fb0c5a43,2026-03-18,76,eBay,AUCTION,ok,0,https://www.ebay.com/itm/236681498683
d1e18b50-f068-4e26-a3ff-f2f0fb0c5a43,2026-03-04,60,eBay,BEST_OFFER,ok,0,https://www.ebay.com/itm/287178573110
d1e18b50-f068-4e26-a3ff-f2f0fb0c5a43,2026-02-14,60,eBay,BUY_IT_NOW,ok,0,https://www.ebay.com/itm/376958281877
d1e18b50-f068-4e26-a3ff-f2f0fb0c5a43,2025-10-19,59,eBay,BEST_OFFER,ok,0,https://www.ebay.com/itm/406184238931
d1e18b50-f068-4e26-a3ff-f2f0fb0c5a43,2025-08-03,50,eBay,BEST_OFFER,ok,0,https://www.ebay.com/itm/356225486397
d1e18b50-f068-4e26-a3ff-f2f0fb0c5a43,2025-07-20,16.5,eBay,AUCTION,ok,0,https://www.ebay.com/itm/376402774808
d1e18b50-f068-4e26-a3ff-f2f0fb0c5a43,2025-05-12,21.5,eBay,AUCTION,ok,0,https://www.ebay.com/itm/146557388148
d1e18b50-f068-4e26-a3ff-f2f0fb0c5a43,2025-02-18,12.5,eBay,AUCTION,ok,0,https://www.ebay.com/itm/PSA-10-GEM-MINT-Klefki-159-091-Shiny-Rare-Paldean-Fates-PAF-2024-Pokemon-/306107755414
d1ac8726-0fb1-44ef-9526-e18f9d150a36,2026-09-10,159.99,eBay,BUY_IT_NOW,ok,0,https://www.ebay.com/itm/307172068617
d1ac8726-0fb1-44ef-9526-e18f9d150a36,2026-09-06,152.5,eBay,AUCTION,ok,0,https://www.ebay.com/itm/188867911997
d1ac8726-0fb1-44ef-9526-e18f9d150a36,2026-08-23,171.5,eBay,AUCTION,ok,0,https://www.ebay.com/itm/117353778518
d1ac8726-0fb1-44ef-9526-e18f9d150a36,2026-08-20,222.5,eBay,AUCTION,ok,0,https://www.ebay.com/itm/117355796613
d1ac8726-0fb1-44ef-9526-e18f9d150a36,2026-08-05,285,eBay,AUCTION,ok,0,https://www.ebay.com/itm/307092765231
d1ac8726-0fb1-44ef-9526-e18f9d150a36,2026-08-03,355,eBay,AUCTION,ok,0,https://www.ebay.com/itm/117323108312
d1ac8726-0fb1-44ef-9526-e18f9d150a36,2026-06-10,500,eBay,BUY_IT_NOW,ok,0,https://www.ebay.com/itm/306988386231
d1ac8726-0fb1-44ef-9526-e18f9d150a36,2026-04-21,302.64,eBay,BUY_IT_NOW,ok,0,https://www.ebay.com/itm/366361216158
d1ac8726-0fb1-44ef-9526-e18f9d150a36,2026-04-21,302.64,eBay,BUY_IT_NOW,ok,0,https://www.ebay.com/itm/366361215992
d1ac8726-0fb1-44ef-9526-e18f9d150a36,2026-04-21,302.64,eBay,BUY_IT_NOW,ok,0,https://www.ebay.com/itm/366361215978
d175f693-e49e-473f-8846-ce125e089323,2026-09-08,48,eBay,AUCTION,ok,0,https://www.ebay.com/itm/137687237448
d175f693-e49e-473f-8846-ce125e089323,2026-09-05,67.51,CardHobby,AUCTION,ok,0,https://www.cardhobby.com/#/carddetails/132953168
d175f693-e49e-473f-8846-ce125e089323,2026-09-01,75,eBay,BEST_OFFER,ok,0,https://www.ebay.com/itm/377394984169
d175f693-e49e-473f-8846-ce125e089323,2026-08-19,58,eBay,AUCTION,ok,0,https://www.ebay.com/itm/117353800453
d175f693-e49e-473f-8846-ce125e089323,2026-08-18,60,eBay,BUY_IT_NOW,ok,0,https://www.ebay.com/itm/377404426231
d175f693-e49e-473f-8846-ce125e089323,2026-08-06,72.92,CardHobby,AUCTION,ok,0,https://www.cardhobby.com/#/carddetails/126116626
d175f693-e49e-473f-8846-ce125e089323,2026-08-03,60.21,CardHobby,AUCTION,ok,0,https://www.cardhobby.com/#/carddetails/126650565
d175f693-e49e-473f-8846-ce125e089323,2026-07-31,110,eBay,BEST_OFFER,ok,0,https://www.ebay.com/itm/306331899418
d175f693-e49e-473f-8846-ce125e089323,2026-07-30,65,eBay,BEST_OFFER,ok,0,https://www.ebay.com/itm/317163548307
d175f693-e49e-473f-8846-ce125e089323,2026-07-28,80,eBay,BUY_IT_NOW,ok,0,https://www.ebay.com/itm/227422754779
d118d703-960a-4d9f-bc21-92faead0b13c,2026-09-02,49.99,eBay,BEST_OFFER,ok,0,https://www.ebay.com/itm/227444947752
d118d703-960a-4d9f-bc21-92faead0b13c,2026-08-20,50,eBay,BEST_OFFER,ok,0,https://www.ebay.com/itm/335459953097
d118d703-960a-4d9f-bc21-92faead0b13c,2026-06-25,32,eBay,AUCTION,ok,0,https://www.ebay.com/itm/117256277599
d118d703-960a-4d9f-bc21-92faead0b13c,2026-06-17,39.99,eBay,BUY_IT_NOW,ok,0,https://www.ebay.com/itm/236227814467
d118d703-960a-4d9f-bc21-92faead0b13c,2026-06-12,35,PWCC Fixed Price,BEST_OFFER,ok,0,https://www.fanaticscollect.com/buy-now/7a3cc33e-eaf1-4e2a-ab0c-ff0466bbd72c
d118d703-960a-4d9f-bc21-92faead0b13c,2026-05-28,45,eBay,BUY_IT_NOW,ok,0,https://www.ebay.com/itm/206185424557
d118d703-960a-4d9f-bc21-92faead0b13c,2026-05-25,29,eBay,AUCTION,ok,0,https://www.ebay.com/itm/127871820234
d118d703-960a-4d9f-bc21-92faead0b13c,2026-04-10,28,eBay,AUCTION,ok,0,https://www.ebay.com/itm/306855455346
d118d703-960a-4d9f-bc21-92faead0b13c,2026-04-07,26,eBay,AUCTION,ok,0,https://www.ebay.com/itm/298176866964
d118d703-960a-4d9f-bc21-92faead0b13c,2026-03-16,30,eBay,BEST_OFFER,ok,0,https://www.ebay.com/itm/286897928774
d10fed51-9d45-4fda-aa54-0af5c6424145,2026-05-17,31.94,Pristine Auction,AUCTION,ok,0,https://www.pristineauction.com/a12469165-Mark-Wohlers-Signed-1991-ClassicBest-Gold-Bonus-BC13-RC-PSA
d10fed51-9d45-4fda-aa54-0af5c6424145,2024-06-15,160.21,eBay,BUY_IT_NOW,ok,0,https://www.ebay.com/itm/CARTE-POKEMON-TORTANK-EX-184-165-PSA-10-151-EV3-5-/387047636766
d167751c-d09e-4e47-829a-4acb2fa05461,2026-09-03,90.72,eBay,BUY_IT_NOW,ok,0,https://www.ebay.com/itm/188398080263
d167751c-d09e-4e47-829a-4acb2fa05461,2026-08-27,56.4,Alt,AUCTION,ok,0,https://alt.xyz/exchange/select-listing?ids=2817956d-709e-4f4a-92e2-655648916a19
d167751c-d09e-4e47-829a-4acb2fa05461,2026-08-25,100,eBay,BEST_OFFER,NOT_PAID,0,https://www.ebay.com/itm/358909535579
d167751c-d09e-4e47-829a-4acb2fa05461,2026-08-24,80,eBay,BEST_OFFER,ok,0,https://www.ebay.com/itm/820023934374
d167751c-d09e-4e47-829a-4acb2fa05461,2026-08-21,99.99,eBay,BEST_OFFER,ok,0,https://www.ebay.com/itm/236633667576
d167751c-d09e-4e47-829a-4acb2fa05461,2026-08-12,90,eBay,BEST_OFFER,ok,0,https://www.ebay.com/itm/158142017060
d167751c-d09e-4e47-829a-4acb2fa05461,2026-08-10,85,eBay,BUY_IT_NOW,ok,0,https://www.ebay.com/itm/267747870555
d167751c-d09e-4e47-829a-4acb2fa05461,2026-08-05,60,eBay,BEST_OFFER,ok,0,https://www.ebay.com/itm/267747702362
d167751c-d09e-4e47-829a-4acb2fa05461,2026-08-02,80,eBay,BEST_OFFER,ok,0,https://www.ebay.com/itm/366567898351
d167751c-d09e-4e47-829a-4acb2fa05461,2026-07-18,85,eBay,BEST_OFFER,ok,0,https://www.ebay.com/itm/800293671158
d10f7fde-024c-4a38-8c7e-27bc9d0eaa40,2024-08-18,19.99,eBay,BEST_OFFER,ok,0,https://www.ebay.com/itm/2023-POKEMON-JAPANESE-SAFETY-GOOGLES-157-165-SV2A-PSA-10-/116040471148
d140001d-c6a7-4b8e-b816-99ec997d27eb,2024-08-18,19.75,eBay,BUY_IT_NOW,ok,0,https://www.ebay.com/itm/Magmortar-Reverse-Holo-2024-Pokemon-Paldean-Fates-PAF-010-PSA-10-/145772692485
d10c8e5a-c405-49fd-aad8-56c7d72d1365,2026-09-17,365,eBay,BUY_IT_NOW,ok,0,https://www.ebay.com/itm/307141585209
d10c8e5a-c405-49fd-aad8-56c7d72d1365,2026-09-17,360,eBay,BEST_OFFER,ok,0,https://www.ebay.com/itm/318876598078
d10c8e5a-c405-49fd-aad8-56c7d72d1365,2026-09-15,350,eBay,BUY_IT_NOW,ok,0,https://www.ebay.com/itm/307142523614
d10c8e5a-c405-49fd-aad8-56c7d72d1365,2026-09-11,330,eBay,AUCTION,ok,0,https://www.ebay.com/itm/298642112609
d10c8e5a-c405-49fd-aad8-56c7d72d1365,2026-09-04,300,eBay,BEST_OFFER,ok,0,https://www.ebay.com/itm/397932637646
d10c8e5a-c405-49fd-aad8-56c7d72d1365,2026-08-20,350,eBay,BUY_IT_NOW,ok,0,https://www.ebay.com/itm/307122678617
d10c8e5a-c405-49fd-aad8-56c7d72d1365,2026-08-20,329,eBay,BUY_IT_NOW,ok,0,https://www.ebay.com/itm/117369571892
d10c8e5a-c405-49fd-aad8-56c7d72d1365,2026-08-20,259,eBay,BUY_IT_NOW,ok,0,https://www.ebay.com/itm/206501526052
d10c8e5a-c405-49fd-aad8-56c7d72d1365,2026-08-19,329,eBay,BUY_IT_NOW,ok,0,https://www.ebay.com/itm/307116151347
d10c8e5a-c405-49fd-aad8-56c7d72d1365,2026-08-17,325,eBay,BUY_IT_NOW,ok,0,https://www.ebay.com/itm/267741961608
d1d3f797-84b7-41e3-80a6-6f7a9cb68f00,2026-09-06,80,eBay,AUCTION,ok,0,https://www.ebay.com/itm/318787888444
d1d3f797-84b7-41e3-80a6-6f7a9cb68f00,2026-08-23,114.99,eBay,BUY_IT_NOW,ok,0,https://www.ebay.com/itm/358901764628
d1d3f797-84b7-41e3-80a6-6f7a9cb68f00,2026-07-27,122.25,eBay,BEST_OFFER,ok,0,https://www.ebay.com/itm/389923399543
d1d3f797-84b7-41e3-80a6-6f7a9cb68f00,2026-07-26,96,PWCC Weekly Auctions,AUCTION,ok,0,https://www.fanaticscollect.com/weekly/47db7316-7fa4-11f1-97c0-0a58a9feac02
d1d3f797-84b7-41e3-80a6-6f7a9cb68f00,2026-07-08,91,eBay,BEST_OFFER,ok,0,https://www.ebay.com/itm/800232031246
d1d3f797-84b7-41e3-80a6-6f7a9cb68f00,2026-06-14,79,eBay,AUCTION,ok,0,https://www.ebay.com/itm/287375964882
d1d3f797-84b7-41e3-80a6-6f7a9cb68f00,2026-06-06,110,eBay,BEST_OFFER,ok,0,https://www.ebay.com/itm/318355424678
d1d3f797-84b7-41e3-80a6-6f7a9cb68f00,2026-06-05,97,eBay,BEST_OFFER,ok,0,https://www.ebay.com/itm/318340584508
d1d3f797-84b7-41e3-80a6-6f7a9cb68f00,2026-05-27,75,eBay,BUY_IT_NOW,ok,0,https://www.ebay.com/itm/206300975891
d1d3f797-84b7-41e3-80a6-6f7a9cb68f00,2026-05-21,99,eBay,AUCTION,ok,0,https://www.ebay.com/itm/298315414962
d1d4b6b5-9e86-4adb-afc2-f1c56ca0afc8,2026-05-14,1325,eBay,AUCTION,ok,0,https://www.ebay.com/itm/377169273240
d1d4b6b5-9e86-4adb-afc2-f1c56ca0afc8,2026-04-26,1200,eBay,AUCTION,RELISTED,0,https://www.ebay.com/itm/127817457985
d1d4b6b5-9e86-4adb-afc2-f1c56ca0afc8,2025-02-02,1611.3,eBay,BUY_IT_NOW,ok,0,https://www.ebay.com/itm/Dragonite-V-192-PSA-10-Alternative-Art-Italiano-Evoluzioni-Eteree-/196941330400
d1d4b6b5-9e86-4adb-afc2-f1c56ca0afc8,2025-01-09,1702.47,eBay,BEST_OFFER,RELISTED,0,https://www.ebay.com/itm/Dragonite-V-192-PSA-10-Alt-Art-Italiano-Evoluzioni-Eteree-/196138254034
d1f0974d-1cee-4ec0-a8e3-9c83297422f5,2025-01-11,50,eBay,BEST_OFFER,ok,0,https://www.ebay.com/itm/2024-Pokemon-TEF-Turtwig-Reverse-Holo-Card-010-PSA-GEM-MT-10-/166959237440
d155d680-65b0-4501-8172-9fa33264c0bd,2026-06-23,26,eBay,AUCTION,ok,0,https://www.ebay.com/itm/318465181748
d155d680-65b0-4501-8172-9fa33264c0bd,2025-12-04,39.95,eBay,BUY_IT_NOW,ok,0,https://www.ebay.com/itm/276852401794
d155d680-65b0-4501-8172-9fa33264c0bd,2025-11-04,26,eBay,BUY_IT_NOW,ok,0,https://www.ebay.com/itm/397225301450
d155d680-65b0-4501-8172-9fa33264c0bd,2025-07-24,14.5,eBay,AUCTION,ok,0,https://www.ebay.com/itm/388722753739
d155d680-65b0-4501-8172-9fa33264c0bd,2025-05-30,18,eBay,BEST_OFFER,ok,0,https://www.ebay.com/itm/157012284941
d155d680-65b0-4501-8172-9fa33264c0bd,2025-05-13,20,eBay,BUY_IT_NOW,ok,0,https://www.ebay.com/itm/297300601981
d155d680-65b0-4501-8172-9fa33264c0bd,2025-03-05,30,eBay,AUCTION,ok,0,https://www.ebay.com/itm/306139396201
d1135544-0a5c-47a9-9676-4003aa732949,2026-07-26,3000,PWCC Weekly Auctions,AUCTION,ok,0,https://www.fanaticscollect.com/weekly/c4b9bb96-76e8-11f1-bc99-0a58a9feac02
d1135544-0a5c-47a9-9676-4003aa732949,2025-11-15,1500,PWCC Fixed Price,BEST_OFFER,ok,0,https://sales-history.pwccmarketplace.com/items/FIXED381587
d1135544-0a5c-47a9-9676-4003aa732949,2025-08-30,850,eBay,BUY_IT_NOW,ok,0,https://www.ebay.com/itm/286523659634
d1135544-0a5c-47a9-9676-4003aa732949,2025-03-11,599.99,eBay,BEST_OFFER,ok,0,https://www.ebay.com/itm/396305482773
d190e9a2-0dca-4ca7-b47c-bba22a46f5c0,2026-08-23,33.29,eBay,AUCTION,ok,0,https://www.ebay.com/itm/147501702561
d190e9a2-0dca-4ca7-b47c-bba22a46f5c0,2026-07-19,29.01,eBay,AUCTION,ok,0,https://www.ebay.com/itm/287452607522
d190e9a2-0dca-4ca7-b47c-bba22a46f5c0,2026-06-30,36.01,eBay,AUCTION,ok,0,https://www.ebay.com/itm/298443336350
d190e9a2-0dca-4ca7-b47c-bba22a46f5c0,2026-06-27,39.6,eBay,BUY_IT_NOW,ok,0,https://www.ebay.com/itm/366491390948
d190e9a2-0dca-4ca7-b47c-bba22a46f5c0,2026-06-10,36,eBay,AUCTION,ok,0,https://www.ebay.com/itm/800117955076
d190e9a2-0dca-4ca7-b47c-bba22a46f5c0,2026-05-27,38,eBay,AUCTION,ok,0,https://www.ebay.com/itm/127879455877
d190e9a2-0dca-4ca7-b47c-bba22a46f5c0,2026-05-21,55,eBay,AUCTION,ok,0,https://www.ebay.com/itm/117193738454
d190e9a2-0dca-4ca7-b47c-bba22a46f5c0,2026-05-17,37,eBay,AUCTION,ok,0,https://www.ebay.com/itm/127861173607
d190e9a2-0dca-4ca7-b47c-bba22a46f5c0,2026-05-09,36,PWCC Fixed Price,BEST_OFFER,ok,0,https://www.fanaticscollect.com/buy-now/f010deb5-df68-4d0a-abc0-b60234695fb8
d190e9a2-0dca-4ca7-b47c-bba22a46f5c0,2026-05-07,36,eBay,BEST_OFFER,ok,0,https://www.ebay.com/itm/377152926704
d14c5527-26f3-44be-a062-0c797152c821,2026-09-07,35,eBay,BEST_OFFER,ok,0,https://www.ebay.com/itm/227013416573
d14c5527-26f3-44be-a062-0c797152c821,2026-09-05,41,eBay,AUCTION,ok,0,https://www.ebay.com/itm/307151735753
d14c5527-26f3-44be-a062-0c797152c821,2026-08-20,45,eBay,BEST_OFFER,ok,0,https://www.ebay.com/itm/227013416573
d14c5527-26f3-44be-a062-0c797152c821,2026-08-19,60.99,eBay,BEST_OFFER,ok,0,https://www.ebay.com/itm/297930062383
d14c5527-26f3-44be-a062-0c797152c821,2026-08-12,35,eBay,BUY_IT_NOW,ok,0,https://www.ebay.com/itm/117277398027
d14c5527-26f3-44be-a062-0c797152c821,2026-08-11,35,eBay,BUY_IT_NOW,ok,0,https://www.ebay.com/itm/117347348270
d14c5527-26f3-44be-a062-0c797152c821,2026-08-06,30,eBay,BEST_OFFER,ok,0,https://www.ebay.com/itm/236947115106
d14c5527-26f3-44be-a062-0c797152c821,2026-07-31,35,eBay,BUY_IT_NOW,ok,0,https://www.ebay.com/itm/227013416573
d14c5527-26f3-44be-a062-0c797152c821,2026-07-31,25,eBay,BEST_OFFER,ok,0,https://www.ebay.com/itm/358867653867
d14c5527-26f3-44be-a062-0c797152c821,2026-07-26,29.85,eBay,AUCTION,ok,0,https://www.ebay.com/itm/298522850795
d13d4bcc-d981-4019-a249-6829dda22462,2026-09-22,83.71,eBay,AUCTION,ok,0,https://www.ebay.com/itm/307179589614
d13d4bcc-d981-4019-a249-6829dda22462,2026-09-22,83.71,eBay,AUCTION,ok,0,https://www.ebay.com/itm/117412850533
d13d4bcc-d981-4019-a249-6829dda22462,2026-09-04,125,eBay,BEST_OFFER,ok,0,https://www.ebay.com/itm/298642464400
d13d4bcc-d981-4019-a249-6829dda22462,2026-08-22,95,eBay,AUCTION,ok,0,https://www.ebay.com/itm/206504115240
d13d4bcc-d981-4019-a249-6829dda22462,2026-08-14,128.46,eBay,AUCTION,ok,0,https://www.ebay.com/itm/117343164262
d13d4bcc-d981-4019-a249-6829dda22462,2026-08-14,125.71,eBay,AUCTION,ok,0,https://www.ebay.com/itm/298562951511
d13d4bcc-d981-4019-a249-6829dda22462,2026-08-14,67,eBay,AUCTION,ok,0,https://www.ebay.com/itm/298562952066
d13d4bcc-d981-4019-a249-6829dda22462,2026-08-04,200,eBay,BEST_OFFER,ok,0,https://www.ebay.com/itm/398031752639
d13d4bcc-d981-4019-a249-6829dda22462,2026-07-19,80,eBay,BEST_OFFER,ok,0,https://www.ebay.com/itm/298220268331
d13d4bcc-d981-4019-a249-6829dda22462,2026-07-09,125,eBay,AUCTION,ok,0,https://www.ebay.com/itm/267715879870
d1ebc8a7-0f7e-4fe7-81ac-2fabce1780db,2026-08-14,275,eBay,BEST_OFFER,ok,0,https://www.ebay.com/itm/178371527698
d1ebc8a7-0f7e-4fe7-81ac-2fabce1780db,2026-07-23,133.5,eBay,AUCTION,ok,0,https://www.ebay.com/itm/117303842349
d1ebc8a7-0f7e-4fe7-81ac-2fabce1780db,2026-06-29,200,eBay,BEST_OFFER,ok,0,https://www.ebay.com/itm/127946160314
d1ebc8a7-0f7e-4fe7-81ac-2fabce1780db,2025-11-30,49.99,eBay,BUY_IT_NOW,ok,0,https://www.ebay.com/itm/226917762197
d1ebc8a7-0f7e-4fe7-81ac-2fabce1780db,2025-07-19,37,eBay,AUCTION,ok,0,https://www.ebay.com/itm/376404727091
d1ebc8a7-0f7e-4fe7-81ac-2fabce1780db,2025-07-13,26,eBay,AUCTION,ok,0,https://www.ebay.com/itm/136113979215
d1ebc8a7-0f7e-4fe7-81ac-2fabce1780db,2025-07-04,30,eBay,BUY_IT_NOW,ok,0,https://www.ebay.com/itm/277251162135
d130246f-8173-4dac-8d29-8781aceb17c6,2025-07-30,30,eBay,BUY_IT_NOW,ok,0,https://www.ebay.com/itm/316740421734
d1d4472b-5b44-428c-84e2-399dd7843056,2026-09-10,38.95,eBay,BEST_OFFER,ok,0,https://www.ebay.com/itm/137579005091
d1d4472b-5b44-428c-84e2-399dd7843056,2026-08-07,35,eBay,BEST_OFFER,ok,0,https://www.ebay.com/itm/117305917221
d1d4472b-5b44-428c-84e2-399dd7843056,2026-08-03,28.01,eBay,AUCTION,ok,0,https://www.ebay.com/itm/128001084761
d1d4472b-5b44-428c-84e2-399dd7843056,2026-08-01,35,eBay,AUCTION,ok,0,https://www.ebay.com/itm/117318967535
d1d4472b-5b44-428c-84e2-399dd7843056,2026-06-16,35,eBay,BUY_IT_NOW,ok,0,https://www.ebay.com/itm/198398136021
d1d4472b-5b44-428c-84e2-399dd7843056,2026-06-10,40,eBay,AUCTION,ok,0,https://www.ebay.com/itm/306978866343
d1d4472b-5b44-428c-84e2-399dd7843056,2026-06-10,34,eBay,AUCTION,ok,0,https://www.ebay.com/itm/236855786452
d1d4472b-5b44-428c-84e2-399dd7843056,2026-06-03,38.01,eBay,AUCTION,ok,0,https://www.ebay.com/itm/117216548183
d1d4472b-5b44-428c-84e2-399dd7843056,2026-05-31,34.86,eBay,AUCTION,ok,0,https://www.ebay.com/itm/227344158964
d1d4472b-5b44-428c-84e2-399dd7843056,2026-05-26,39,eBay,AUCTION,ok,0,https://www.ebay.com/itm/306949841243
d1e1bbaf-ec55-4679-91ab-cde38868da7c,2026-06-24,25,eBay,BEST_OFFER,ok,0,https://www.ebay.com/itm/136830861627
d1e1bbaf-ec55-4679-91ab-cde38868da7c,2025-11-12,25,eBay,BUY_IT_NOW,ok,0,https://www.ebay.com/itm/116825188408
d1e1bbaf-ec55-4679-91ab-cde38868da7c,2025-11-01,16.5,eBay,AUCTION,ok,0,https://www.ebay.com/itm/127456436776
d1e1bbaf-ec55-4679-91ab-cde38868da7c,2025-10-12,17.38,eBay,AUCTION,RELISTED,0,https://www.ebay.com/itm/297648545250
d1e1bbaf-ec55-4679-91ab-cde38868da7c,2025-08-16,12.5,eBay,AUCTION,ok,0,https://www.ebay.com/itm/297527121668
d1febc6f-a765-4fee-859e-8af4d8c5e591,2025-08-23,300,eBay,AUCTION,ok,0,https://www.ebay.com/itm/267371114223
d188966b-5e35-4413-8372-f506c3fdaf97,2026-08-16,132,PWCC Weekly Auctions,AUCTION,ok,0,https://www.fanaticscollect.com/weekly/f14c4d72-904c-11f1-b33b-0a58a9feac02
d188966b-5e35-4413-8372-f506c3fdaf97,2026-05-20,185,eBay,BUY_IT_NOW,ok,0,https://www.ebay.com/itm/117202511873
d188966b-5e35-4413-8372-f506c3fdaf97,2026-05-11,91,eBay,AUCTION,ok,0,https://www.ebay.com/itm/306917710270
d188966b-5e35-4413-8372-f506c3fdaf97,2026-04-19,108.5,eBay,AUCTION,ok,0,https://www.ebay.com/itm/406843891788
d188966b-5e35-4413-8372-f506c3fdaf97,2026-04-09,199,eBay,BUY_IT_NOW,ok,0,https://www.ebay.com/itm/306795508866
d188966b-5e35-4413-8372-f506c3fdaf97,2026-03-29,64.8,PWCC Weekly Auctions,AUCTION,ok,0,https://www.fanaticscollect.com/weekly/0eb23e18-15bd-11f1-a967-0a58a9feac02
d188966b-5e35-4413-8372-f506c3fdaf97,2026-03-24,64.99,eBay,BUY_IT_NOW,ok,0,https://www.ebay.com/itm/137135019939
d188966b-5e35-4413-8372-f506c3fdaf97,2026-03-19,70.99,eBay,BUY_IT_NOW,ok,0,https://www.ebay.com/itm/397495992260
d188966b-5e35-4413-8372-f506c3fdaf97,2026-02-25,50,eBay,BUY_IT_NOW,ok,0,https://www.ebay.com/itm/298064433835
d188966b-5e35-4413-8372-f506c3fdaf97,2026-02-15,54,eBay,AUCTION,ok,0,https://www.ebay.com/itm/117025256588
d18b13d9-77e0-4e2c-b9fb-b15d2f2f9fe0,2025-09-25,16.49,eBay,AUCTION,ok,0,https://www.ebay.com/itm/187584698328
d18b13d9-77e0-4e2c-b9fb-b15d2f2f9fe0,2025-09-19,26,eBay,AUCTION,RELISTED,0,https://www.ebay.com/itm/187569275891
d1f9baf5-e610-4942-8906-9984fdab36fa,2026-09-21,41,eBay,AUCTION,ok,0,https://www.ebay.com/itm/307176892111
d1f9baf5-e610-4942-8906-9984fdab36fa,2026-09-21,41,eBay,AUCTION,ok,0,https://www.ebay.com/itm/117408089973
d1f9baf5-e610-4942-8906-9984fdab36fa,2026-09-21,40,eBay,AUCTION,ok,0,https://www.ebay.com/itm/307177052020
d1f9baf5-e610-4942-8906-9984fdab36fa,2026-09-19,47.99,eBay,BUY_IT_NOW,ok,0,https://www.ebay.com/itm/227367955857
d1f9baf5-e610-4942-8906-9984fdab36fa,2026-09-19,36,eBay,AUCTION,ok,0,https://www.ebay.com/itm/117408111192
d1f9baf5-e610-4942-8906-9984fdab36fa,2026-09-18,40,eBay,AUCTION,ok,0,https://www.ebay.com/itm/298662886507
d1f9baf5-e610-4942-8906-9984fdab36fa,2026-09-18,26,eBay,AUCTION,ok,0,https://www.ebay.com/itm/307164047639
d1f9baf5-e610-4942-8906-9984fdab36fa,2026-09-17,38,eBay,AUCTION,ok,0,https://www.ebay.com/itm/298647212500
d1f9baf5-e610-4942-8906-9984fdab36fa,2026-09-15,64.95,eBay,BEST_OFFER,ok,0,https://www.ebay.com/itm/137735544429
d1f9baf5-e610-4942-8906-9984fdab36fa,2026-09-15,44,eBay,AUCTION,ok,0,https://www.ebay.com/itm/298636555758
d16f41df-14f6-4507-887f-dd3b23c784c4,2026-07-06,40,eBay,BUY_IT_NOW,ok,0,https://www.ebay.com/itm/376813794761
d16f41df-14f6-4507-887f-dd3b23c784c4,2025-10-21,21.5,eBay,AUCTION,ok,0,https://www.ebay.com/itm/116826768259
d1995b27-83f1-4add-863c-1aeac2e65bf3,2026-07-26,11500,eBay,BEST_OFFER,ok,0,https://www.ebay.com/itm/257412643622
d1995b27-83f1-4add-863c-1aeac2e65bf3,2025-10-26,1080,PWCC Weekly Auctions,AUCTION,ok,0,https://www.fanaticscollect.com/weekly/b8a0e126-94c2-11f0-a392-0a58a9feac02
d1cd7e63-56d4-41f6-88a7-254ac266b853,2026-09-17,36,eBay,BEST_OFFER,ok,0,https://www.ebay.com/itm/820123100822
d1cd7e63-56d4-41f6-88a7-254ac266b853,2026-09-15,35,PWCC Fixed Price,BEST_OFFER,ok,0,https://www.fanaticscollect.com/buy-now/36983977-c1ea-46f8-b232-91418bede29b
d1cd7e63-56d4-41f6-88a7-254ac266b853,2026-09-08,48,eBay,BUY_IT_NOW,ok,0,https://www.ebay.com/itm/298583342817
d1cd7e63-56d4-41f6-88a7-254ac266b853,2026-09-03,59.99,eBay,BEST_OFFER,ok,0,https://www.ebay.com/itm/117333275908
d1cd7e63-56d4-41f6-88a7-254ac266b853,2026-08-27,42.89,eBay,BUY_IT_NOW,ok,0,https://www.ebay.com/itm/377374775639
d1cd7e63-56d4-41f6-88a7-254ac266b853,2026-08-18,40,eBay,BUY_IT_NOW,ok,0,https://www.ebay.com/itm/227478419697
d1cd7e63-56d4-41f6-88a7-254ac266b853,2026-08-08,43.99,eBay,BUY_IT_NOW,ok,0,https://www.ebay.com/itm/168501985274
d1cd7e63-56d4-41f6-88a7-254ac266b853,2026-08-06,49,eBay,BUY_IT_NOW,ok,0,https://www.ebay.com/itm/377367867947
d1cd7e63-56d4-41f6-88a7-254ac266b853,2026-07-31,42.5,eBay,BUY_IT_NOW,ok,0,https://www.ebay.com/itm/800441578169
d1cd7e63-56d4-41f6-88a7-254ac266b853,2026-07-30,43.97,eBay,BUY_IT_NOW,ok,0,https://www.ebay.com/itm/198188760050
d1c42c1c-e873-40c8-8270-d3998d3a6ab1,2026-04-08,72,eBay,BEST_OFFER,ok,0,https://www.ebay.com/itm/377095643398
d1c42c1c-e873-40c8-8270-d3998d3a6ab1,2025-12-03,50,eBay,BUY_IT_NOW,ok,0,https://www.ebay.com/itm/205893381065
d1dc00cb-f426-474b-a35e-dfac13b67be7,2026-09-20,306.68,eBay,AUCTION,ok,0,https://www.ebay.com/itm/298683676500
d1dc00cb-f426-474b-a35e-dfac13b67be7,2026-09-20,188.71,eBay,AUCTION,ok,0,https://www.ebay.com/itm/188932269711
d1dc00cb-f426-474b-a35e-dfac13b67be7,2026-09-13,189.46,CardHobby,AUCTION,ok,0,https://www.cardhobby.com/#/carddetails/134647712
d1dc00cb-f426-474b-a35e-dfac13b67be7,2026-09-11,185.5,eBay,AUCTION,ok,0,https://www.ebay.com/itm/800623768187
d1dc00cb-f426-474b-a35e-dfac13b67be7,2026-09-06,188.7,CardHobby,AUCTION,ok,0,https://www.cardhobby.com/#/carddetails/132030052
d1dc00cb-f426-474b-a35e-dfac13b67be7,2026-09-05,206.7,CardHobby,AUCTION,ok,0,https://www.cardhobby.com/#/carddetails/131811300
d1dc00cb-f426-474b-a35e-dfac13b67be7,2026-09-05,196.57,CardHobby,AUCTION,ok,0,https://www.cardhobby.com/#/carddetails/132397386
d1dc00cb-f426-474b-a35e-dfac13b67be7,2026-09-02,192.16,CardHobby,AUCTION,ok,0,https://www.cardhobby.com/#/carddetails/131208233
d1dc00cb-f426-474b-a35e-dfac13b67be7,2026-08-31,181.35,CardHobby,AUCTION,ok,0,https://www.cardhobby.com/#/carddetails/132315581
d1dc00cb-f426-474b-a35e-dfac13b67be7,2026-08-30,210,PWCC Weekly Auctions,AUCTION,ok,0,https://www.fanaticscollect.com/weekly/b7ae8552-9c14-11f1-a8cd-0a58a9feac02
d1d33016-1914-422e-8c6e-936b7d89a43c,2026-08-27,33,eBay,BEST_OFFER,ok,0,https://www.ebay.com/itm/127872293257
d1d33016-1914-422e-8c6e-936b7d89a43c,2026-07-24,21.54,eBay,AUCTION,ok,0,https://www.ebay.com/itm/257630278328
d1d33016-1914-422e-8c6e-936b7d89a43c,2026-07-14,21,eBay,BEST_OFFER,ok,0,https://www.ebay.com/itm/307050366977
d1d33016-1914-422e-8c6e-936b7d89a43c,2026-07-02,31,eBay,AUCTION,ok,0,https://www.ebay.com/itm/257598886986
d1d33016-1914-422e-8c6e-936b7d89a43c,2026-06-26,30,eBay,AUCTION,ok,0,https://www.ebay.com/itm/257579347474
d1d33016-1914-422e-8c6e-936b7d89a43c,2026-06-02,36,eBay,AUCTION,ok,0,https://www.ebay.com/itm/127890310001
d1d33016-1914-422e-8c6e-936b7d89a43c,2026-05-12,23.5,eBay,AUCTION,ok,0,https://www.ebay.com/itm/117178000426
d1d33016-1914-422e-8c6e-936b7d89a43c,2026-04-07,22,eBay,AUCTION,ok,0,https://www.ebay.com/itm/306851498272
d1d33016-1914-422e-8c6e-936b7d89a43c,2026-03-21,60,eBay,BEST_OFFER,ok,0,https://www.ebay.com/itm/117099328267
d1d33016-1914-422e-8c6e-936b7d89a43c,2026-01-24,31,eBay,AUCTION,ok,0,https://www.ebay.com/itm/116987059245
d1a4bcc7-52f2-46bc-9dc4-30f2e415e3b4,2026-05-31,187.71,eBay,AUCTION,ok,0,https://www.ebay.com/itm/287338875094
d1a4bcc7-52f2-46bc-9dc4-30f2e415e3b4,2026-02-08,216.81,eBay,AUCTION,ok,0,https://www.ebay.com/itm/287103781262
d1a4bcc7-52f2-46bc-9dc4-30f2e415e3b4,2026-01-25,180.97,eBay,AUCTION,ok,0,https://www.ebay.com/itm/287072401786
d137c951-692d-40c4-b159-37a75926dc9c,2026-08-25,70,eBay,AUCTION,ok,0,https://www.ebay.com/itm/307132638115
d137c951-692d-40c4-b159-37a75926dc9c,2026-06-02,59,eBay,AUCTION,ok,0,https://www.ebay.com/itm/377217386319
d137c951-692d-40c4-b159-37a75926dc9c,2026-02-15,34.99,eBay,BEST_OFFER,ok,0,https://www.ebay.com/itm/406694533034
d1fa5958-8c30-48fe-89b5-cb4f9312ac01,2026-09-11,42,eBay,AUCTION,ok,0,https://www.ebay.com/itm/117392691704
d1fa5958-8c30-48fe-89b5-cb4f9312ac01,2026-09-06,56,eBay,AUCTION,ok,0,https://www.ebay.com/itm/307143736648
d1fa5958-8c30-48fe-89b5-cb4f9312ac01,2026-09-06,47.63,CardHobby,AUCTION,ok,0,https://www.cardhobby.com/#/carddetails/132471381
d1fa5958-8c30-48fe-89b5-cb4f9312ac01,2026-09-05,80,eBay,BEST_OFFER,ok,0,https://www.ebay.com/itm/307117215298
d1fa5958-8c30-48fe-89b5-cb4f9312ac01,2026-09-02,69,eBay,AUCTION,ok,0,https://www.ebay.com/itm/298615495031
d1fa5958-8c30-48fe-89b5-cb4f9312ac01,2026-08-30,51,eBay,AUCTION,ok,0,https://www.ebay.com/itm/307130578202
d1fa5958-8c30-48fe-89b5-cb4f9312ac01,2026-08-20,93.45,CardHobby,AUCTION,ok,0,https://www.cardhobby.com/#/carddetails/129514438
d1fa5958-8c30-48fe-89b5-cb4f9312ac01,2026-08-12,69,eBay,AUCTION,ok,0,https://www.ebay.com/itm/307105861699
d1fa5958-8c30-48fe-89b5-cb4f9312ac01,2026-08-06,44,eBay,AUCTION,ok,1,https://www.ebay.com/itm/307094056338
d1fa5958-8c30-48fe-89b5-cb4f9312ac01,2026-08-04,41.58,eBay,AUCTION,ok,1,https://www.ebay.com/itm/298536761556
d1896609-a842-462b-8555-8efbb1329c14,2026-05-06,40,eBay,BEST_OFFER,ok,0,https://www.ebay.com/itm/117118587551
d1949d9c-cbd1-4007-92d2-898ea7cefb56,2026-05-06,40,eBay,BEST_OFFER,ok,0,https://www.ebay.com/itm/117131328686
d127c6a0-673c-4ba2-87fc-9d422964bbcf,2026-05-22,19.5,eBay,AUCTION,ok,0,https://www.ebay.com/itm/117195662040
d10b8623-9b26-4725-b993-dcdbd64f67c9,2026-07-03,255,eBay,AUCTION,ok,0,https://www.ebay.com/itm/127946502892
d1565d32-0c5b-40d1-ad19-7a269b476623,2026-07-25,145,eBay,AUCTION,ok,0,https://www.ebay.com/itm/227433123779
d187b1e1-eaf6-4883-898a-7c1134c38125,2026-08-09,73.77,eBay,AUCTION,ok,0,https://www.ebay.com/itm/287495386524
d11c1b76-e838-4645-9d2b-b41a191865f1,2026-09-19,227.5,eBay,AUCTION,ok,0,https://www.ebay.com/itm/117407499082
d11c1b76-e838-4645-9d2b-b41a191865f1,2026-09-14,220,eBay,AUCTION,ok,0,https://www.ebay.com/itm/800625946831
d11c1b76-e838-4645-9d2b-b41a191865f1,2026-08-21,299.99,eBay,BEST_OFFER,ok,0,https://www.ebay.com/itm/257695431669
d1586f36-fcc9-4e15-9401-2de7fdddbf9b,2026-09-08,50,eBay,AUCTION,ok,0,https://www.ebay.com/itm/307155861190
d1b46b83-5cd2-4ead-8444-bb61c6125504,2026-09-16,135,eBay,BUY_IT_NOW,ok,0,https://www.ebay.com/itm/206562368545
