asset_id,date,price,source,sale_type,status,outlier,url
ed8fa96c-c98a-4579-8213-443b3e59921f,2026-09-20,115,eBay,AUCTION,ok,0,https://www.ebay.com/itm/117405953408
ed8fa96c-c98a-4579-8213-443b3e59921f,2026-09-20,110,PWCC Fixed Price,BEST_OFFER,ok,0,https://www.fanaticscollect.com/buy-now/a4805a4c-0ef9-4d08-babd-9497ea09f5e0
ed8fa96c-c98a-4579-8213-443b3e59921f,2026-09-19,141.5,eBay,AUCTION,ok,0,https://www.ebay.com/itm/178496425986
ed8fa96c-c98a-4579-8213-443b3e59921f,2026-09-19,127.5,eBay,AUCTION,ok,0,https://www.ebay.com/itm/147569173308
ed8fa96c-c98a-4579-8213-443b3e59921f,2026-09-19,119,PWCC Fixed Price,BEST_OFFER,ok,0,https://www.fanaticscollect.com/buy-now/9caa42ab-4269-4051-a48b-7be7783a3df5
ed8fa96c-c98a-4579-8213-443b3e59921f,2026-09-18,122.5,eBay,AUCTION,ok,0,https://www.ebay.com/itm/307172365135
ed8fa96c-c98a-4579-8213-443b3e59921f,2026-09-18,119,eBay,AUCTION,ok,0,https://www.ebay.com/itm/117406258547
ed8fa96c-c98a-4579-8213-443b3e59921f,2026-09-18,116.5,eBay,AUCTION,ok,0,https://www.ebay.com/itm/307172364603
ed8fa96c-c98a-4579-8213-443b3e59921f,2026-09-17,131.99,eBay,BUY_IT_NOW,ok,0,https://www.ebay.com/itm/287541936457
ed8fa96c-c98a-4579-8213-443b3e59921f,2026-09-17,129.99,eBay,BUY_IT_NOW,ok,0,https://www.ebay.com/itm/137436891789
ed8fd4c0-dd1a-4a98-bdf1-b6a04a7815a7,2026-09-20,2432,eBay,AUCTION,ok,0,https://www.ebay.com/itm/128077860387
ed8fd4c0-dd1a-4a98-bdf1-b6a04a7815a7,2026-09-19,2625,Heritage Auctions,AUCTION,ok,0,https://comics.ha.com/itm/memorabilia/trading-cards/pokemon-dark-charizard-21-1st-edition-team-rocket-psa-trading-card-game-gem-mint-10-wizards-of-the-coast-2000-rare/p/7459-34001.s?type=DA-DMC-AltPlatform-TradingCardGames-7459-09182026
ed8fd4c0-dd1a-4a98-bdf1-b6a04a7815a7,2026-09-12,2950,eBay,BEST_OFFER,ok,0,https://www.ebay.com/itm/147561422364
ed8fd4c0-dd1a-4a98-bdf1-b6a04a7815a7,2026-09-09,2875,Heritage Auctions,AUCTION,ok,0,https://comics.ha.com/itm/memorabilia/trading-cards/pokemon-dark-charizard-21-1st-edition-team-rocket-psa-trading-card-game-gem-mint-10-wizards-of-the-coast-2000-rare/p/332636-24018.s?type=DA-DMC-AltPlatform-TradingCardGames-332636-09022026
ed8fd4c0-dd1a-4a98-bdf1-b6a04a7815a7,2026-09-07,3300,eBay,BEST_OFFER,ok,0,https://www.ebay.com/itm/178447473688
ed8fd4c0-dd1a-4a98-bdf1-b6a04a7815a7,2026-08-26,3500,eBay,BEST_OFFER,ok,0,https://www.ebay.com/itm/117225440544
ed8fd4c0-dd1a-4a98-bdf1-b6a04a7815a7,2026-08-25,3450,eBay,AUCTION,ok,0,https://www.ebay.com/itm/336756119229
ed8fd4c0-dd1a-4a98-bdf1-b6a04a7815a7,2026-08-22,3998.99,eBay,BUY_IT_NOW,ok,0,https://www.ebay.com/itm/117280691849
ed8fd4c0-dd1a-4a98-bdf1-b6a04a7815a7,2026-08-16,2909,eBay,AUCTION,ok,0,https://www.ebay.com/itm/287511101430
ed8fd4c0-dd1a-4a98-bdf1-b6a04a7815a7,2026-08-02,2550,eBay,AUCTION,ok,0,https://www.ebay.com/itm/366567402704
ed92ac05-510f-4366-afde-ce449b86d959,2026-08-18,125.24,eBay,BEST_OFFER,ok,0,https://www.ebay.com/itm/128022467662
ed92ac05-510f-4366-afde-ce449b86d959,2026-08-17,160,eBay,BUY_IT_NOW,ok,0,https://www.ebay.com/itm/227476192976
ed92ac05-510f-4366-afde-ce449b86d959,2026-08-05,127.5,eBay,AUCTION,ok,0,https://www.ebay.com/itm/377379460243
ed92ac05-510f-4366-afde-ce449b86d959,2026-07-16,148,eBay,BUY_IT_NOW,ok,0,https://www.ebay.com/itm/358786271673
ed92ac05-510f-4366-afde-ce449b86d959,2026-06-11,212.4,Alt,AUCTION,ok,0,https://alt.xyz/exchange/select-listing?ids=165eb660-3d59-4c1f-b863-01a1f33d90a7
ed92ac05-510f-4366-afde-ce449b86d959,2026-05-29,182.52,eBay,AUCTION,ok,0,https://www.ebay.com/itm/366431463725
ed92ac05-510f-4366-afde-ce449b86d959,2026-05-21,253.2,Alt,AUCTION,ok,0,https://alt.xyz/exchange/select-listing?ids=dda2d9ee-12ec-4da8-bc77-0276866fcd20
ed92ac05-510f-4366-afde-ce449b86d959,2026-04-23,299.99,eBay,BUY_IT_NOW,ok,0,https://www.ebay.com/itm/267621827248
ed92ac05-510f-4366-afde-ce449b86d959,2026-04-23,299.99,eBay,BUY_IT_NOW,ok,0,https://www.ebay.com/itm/168254624656
ed92ac05-510f-4366-afde-ce449b86d959,2026-04-17,160.02,eBay,AUCTION,ok,0,https://www.ebay.com/itm/188263890428
ed3f37d4-74a2-4cdf-946c-6167417abf74,2026-09-21,2000,eBay,BUY_IT_NOW,ok,0,https://www.ebay.com/itm/298639964837
ed3f37d4-74a2-4cdf-946c-6167417abf74,2026-09-17,1900,eBay,BEST_OFFER,ok,0,https://www.ebay.com/itm/227522121237
ed3f37d4-74a2-4cdf-946c-6167417abf74,2026-09-16,2000,eBay,BUY_IT_NOW,ok,0,https://www.ebay.com/itm/117404510466
ed3f37d4-74a2-4cdf-946c-6167417abf74,2026-09-13,1593.32,Goldin Auctions,AUCTION,ok,0,https://goldin.co/item/1999-pokemon-movie-promo-5-dragonite-psa-gem-mt-10u1ndx
ed3f37d4-74a2-4cdf-946c-6167417abf74,2026-09-12,1900,eBay,BEST_OFFER,ok,0,https://www.ebay.com/itm/800626927844
ed3f37d4-74a2-4cdf-946c-6167417abf74,2026-09-11,1800,eBay,BUY_IT_NOW,ok,0,https://www.ebay.com/itm/327342220311
ed3f37d4-74a2-4cdf-946c-6167417abf74,2026-09-09,1725,eBay,AUCTION,ok,0,https://www.ebay.com/itm/800603646618
ed3f37d4-74a2-4cdf-946c-6167417abf74,2026-09-08,1948.86,eBay,BEST_OFFER,ok,0,https://www.ebay.com/itm/407195129948
ed3f37d4-74a2-4cdf-946c-6167417abf74,2026-09-04,1900,eBay,BEST_OFFER,ok,0,https://www.ebay.com/itm/178101989680
ed3f37d4-74a2-4cdf-946c-6167417abf74,2026-09-04,1813.88,eBay,AUCTION,ok,0,https://www.ebay.com/itm/307146493304
edeff10a-c99f-42dc-b2e5-7919cf9ee38e,2026-09-20,2340,PWCC Weekly Auctions,AUCTION,ok,0,https://www.fanaticscollect.com/weekly/91b88180-ac55-11f1-b904-06d19b0b9c59
edeff10a-c99f-42dc-b2e5-7919cf9ee38e,2026-08-16,2197.73,CardHobby,AUCTION,ok,0,https://www.cardhobby.com/#/carddetails/128435911
edeff10a-c99f-42dc-b2e5-7919cf9ee38e,2026-08-02,2175.91,CardHobby,AUCTION,ok,0,https://www.cardhobby.com/#/carddetails/125948095
edeff10a-c99f-42dc-b2e5-7919cf9ee38e,2026-07-19,2470.79,CardHobby,AUCTION,ok,0,https://www.cardhobby.com/#/carddetails/123598793
edeff10a-c99f-42dc-b2e5-7919cf9ee38e,2026-07-05,2800,eBay,AUCTION,ok,0,https://www.ebay.com/itm/366514204969
edeff10a-c99f-42dc-b2e5-7919cf9ee38e,2026-06-30,3150,eBay,AUCTION,ok,0,https://www.ebay.com/itm/298441518313
edeff10a-c99f-42dc-b2e5-7919cf9ee38e,2026-06-28,2406.07,CardHobby,AUCTION,ok,0,https://www.cardhobby.com/#/carddetails/119125015
edeff10a-c99f-42dc-b2e5-7919cf9ee38e,2026-06-27,3999.95,eBay,BUY_IT_NOW,ok,0,https://www.ebay.com/itm/298181596228
edeff10a-c99f-42dc-b2e5-7919cf9ee38e,2026-05-03,3938,eBay,AUCTION,ok,0,https://www.ebay.com/itm/306892379452
edeff10a-c99f-42dc-b2e5-7919cf9ee38e,2026-04-19,3000,PWCC Weekly Auctions,AUCTION,ok,0,https://www.fanaticscollect.com/weekly/c32e269c-382f-11f1-b932-0a58a9feac02
ed15e91b-e162-47d8-aa87-3cd6235155c7,2026-08-20,250,PWCC Fixed Price,BEST_OFFER,ok,0,https://www.fanaticscollect.com/buy-now/99520dee-b766-4609-b004-e7b2d26ec429
ed15e91b-e162-47d8-aa87-3cd6235155c7,2026-08-17,299,eBay,AUCTION,ok,0,https://www.ebay.com/itm/137614708762
ed15e91b-e162-47d8-aa87-3cd6235155c7,2026-07-16,135.6,Alt,AUCTION,ok,0,https://alt.xyz/exchange/select-listing?ids=f0ad9b94-e1fc-4dd9-bc5b-d45b567d9f84
ed15e91b-e162-47d8-aa87-3cd6235155c7,2026-07-05,201,eBay,AUCTION,ok,0,https://www.ebay.com/itm/206379951410
ed15e91b-e162-47d8-aa87-3cd6235155c7,2026-06-18,239.2,eBay,BUY_IT_NOW,ok,0,https://www.ebay.com/itm/168254472106
ed15e91b-e162-47d8-aa87-3cd6235155c7,2026-06-11,274.99,eBay,BUY_IT_NOW,ok,0,https://www.ebay.com/itm/406606410868
ed15e91b-e162-47d8-aa87-3cd6235155c7,2026-06-11,204,Alt,AUCTION,ok,0,https://alt.xyz/exchange/select-listing?ids=58ab870b-c39b-46b6-a3a8-f8e97e61cadc
ed15e91b-e162-47d8-aa87-3cd6235155c7,2026-05-25,180,eBay,AUCTION,RELISTED,0,https://www.ebay.com/itm/206292046226
ed15e91b-e162-47d8-aa87-3cd6235155c7,2026-05-18,190,eBay,BEST_OFFER,ok,0,https://www.ebay.com/itm/227348003398
ed15e91b-e162-47d8-aa87-3cd6235155c7,2026-05-18,189.99,eBay,BUY_IT_NOW,ok,0,https://www.ebay.com/itm/206264034738
ed210fa1-e533-4608-ae07-40fd4544eb7b,2026-09-16,199.99,eBay,BUY_IT_NOW,ok,0,https://www.ebay.com/itm/307183096383
ed210fa1-e533-4608-ae07-40fd4544eb7b,2026-09-13,209,PWCC Fixed Price,BEST_OFFER,ok,0,https://www.fanaticscollect.com/buy-now/10e7879a-aeb3-4654-ac96-4dd1b382078c
ed210fa1-e533-4608-ae07-40fd4544eb7b,2026-09-10,250,eBay,BEST_OFFER,ok,0,https://www.ebay.com/itm/398369675165
ed210fa1-e533-4608-ae07-40fd4544eb7b,2026-09-08,250,eBay,BEST_OFFER,ok,0,https://www.ebay.com/itm/298368804431
ed210fa1-e533-4608-ae07-40fd4544eb7b,2026-09-06,212.15,eBay,BUY_IT_NOW,ok,0,https://www.ebay.com/itm/198613784189
ed210fa1-e533-4608-ae07-40fd4544eb7b,2026-08-16,199.99,eBay,BEST_OFFER,ok,0,https://www.ebay.com/itm/158191855305
ed210fa1-e533-4608-ae07-40fd4544eb7b,2026-08-04,177.99,eBay,BEST_OFFER,ok,0,https://www.ebay.com/itm/236977840745
ed210fa1-e533-4608-ae07-40fd4544eb7b,2026-08-03,199.99,eBay,BUY_IT_NOW,ok,0,https://www.ebay.com/itm/267736224096
ed210fa1-e533-4608-ae07-40fd4544eb7b,2026-08-02,159.99,eBay,BUY_IT_NOW,ok,0,https://www.ebay.com/itm/128007276551
ed210fa1-e533-4608-ae07-40fd4544eb7b,2026-07-23,125,eBay,BEST_OFFER,ok,0,https://www.ebay.com/itm/147450157054
edf71c92-4d6b-4c98-9b20-46d0fe0b6377,2026-08-16,13300,eBay,AUCTION,ok,0,https://www.ebay.com/itm/298570061466
edf71c92-4d6b-4c98-9b20-46d0fe0b6377,2026-07-10,13100,eBay,BUY_IT_NOW,ok,0,https://www.ebay.com/itm/178129630304
edf71c92-4d6b-4c98-9b20-46d0fe0b6377,2026-06-03,9000,eBay,BEST_OFFER,ok,0,https://www.ebay.com/itm/137373198441
edf71c92-4d6b-4c98-9b20-46d0fe0b6377,2026-05-17,10675,Goldin Auctions,AUCTION,ok,0,https://goldin.co/item/1999-pokemon-game-shadowless-holo-10-mewtwo-psa-gem-mt-102i4g2
edf71c92-4d6b-4c98-9b20-46d0fe0b6377,2026-05-03,12600,eBay,AUCTION,ok,0,https://www.ebay.com/itm/406881890412
edf71c92-4d6b-4c98-9b20-46d0fe0b6377,2026-03-23,14999,eBay,BUY_IT_NOW,ok,0,https://www.ebay.com/itm/298139270555
edf71c92-4d6b-4c98-9b20-46d0fe0b6377,2026-03-08,9300,eBay,AUCTION,ok,0,https://www.ebay.com/itm/287168987340
edf71c92-4d6b-4c98-9b20-46d0fe0b6377,2026-02-22,9700,eBay,AUCTION,RELISTED,0,https://www.ebay.com/itm/287136214267
edf71c92-4d6b-4c98-9b20-46d0fe0b6377,2025-12-31,12500,PWCC Fixed Price,BEST_OFFER,NOT_PAID,0,https://www.fanaticscollect.com/buy-now/91ee8028-5288-4397-9b57-b66c67cca799
edf71c92-4d6b-4c98-9b20-46d0fe0b6377,2025-08-15,4849.1,eBay,BEST_OFFER,ok,0,https://www.ebay.com/itm/267316867694
ed6a7067-ef51-45ff-bec8-c9d88e0c2ab7,2026-09-15,122.52,eBay,AUCTION,ok,0,https://www.ebay.com/itm/377486546385
ed6a7067-ef51-45ff-bec8-c9d88e0c2ab7,2026-09-02,150,eBay,BUY_IT_NOW,ok,0,https://www.ebay.com/itm/198333041093
ed6a7067-ef51-45ff-bec8-c9d88e0c2ab7,2026-09-01,149.99,eBay,BUY_IT_NOW,ok,0,https://www.ebay.com/itm/336717411962
ed6a7067-ef51-45ff-bec8-c9d88e0c2ab7,2026-08-19,149.3,eBay,AUCTION,ok,0,https://www.ebay.com/itm/398279269184
ed6a7067-ef51-45ff-bec8-c9d88e0c2ab7,2026-08-15,150,eBay,BEST_OFFER,ok,0,https://www.ebay.com/itm/117347650359
ed6a7067-ef51-45ff-bec8-c9d88e0c2ab7,2026-08-03,138,eBay,BEST_OFFER,ok,0,https://www.ebay.com/itm/257542728403
ed6a7067-ef51-45ff-bec8-c9d88e0c2ab7,2026-07-24,199.99,eBay,BUY_IT_NOW,ok,0,https://www.ebay.com/itm/117226652733
ed6a7067-ef51-45ff-bec8-c9d88e0c2ab7,2026-07-12,114.99,eBay,BUY_IT_NOW,ok,0,https://www.ebay.com/itm/206399297452
ed6a7067-ef51-45ff-bec8-c9d88e0c2ab7,2026-07-12,108,eBay,AUCTION,ok,0,https://www.ebay.com/itm/287433884211
ed6a7067-ef51-45ff-bec8-c9d88e0c2ab7,2026-07-12,107.5,eBay,AUCTION,ok,0,https://www.ebay.com/itm/287433884206
ed413b50-a858-412c-9f5a-a5db900dea42,2026-09-19,800,eBay,BUY_IT_NOW,ok,0,https://www.ebay.com/itm/117272656291
ed413b50-a858-412c-9f5a-a5db900dea42,2026-09-12,729,eBay,BUY_IT_NOW,ok,0,https://www.ebay.com/itm/117341989595
ed413b50-a858-412c-9f5a-a5db900dea42,2026-09-06,457.5,Goldin Auctions,AUCTION,ok,0,https://goldin.co/item/2018-pokemon-sun-moon-dragon-majesty-secret-full-art-78-ultra-necrozma5x94h
ed413b50-a858-412c-9f5a-a5db900dea42,2026-08-31,500,eBay,BEST_OFFER,ok,0,https://www.ebay.com/itm/227476130915
ed413b50-a858-412c-9f5a-a5db900dea42,2026-08-23,550,eBay,BEST_OFFER,ok,0,https://www.ebay.com/itm/398301766425
ed413b50-a858-412c-9f5a-a5db900dea42,2026-08-12,750,eBay,BUY_IT_NOW,ok,0,https://www.ebay.com/itm/307056816678
ed413b50-a858-412c-9f5a-a5db900dea42,2026-08-06,450,eBay,BEST_OFFER,ok,0,https://www.ebay.com/itm/318683621931
ed413b50-a858-412c-9f5a-a5db900dea42,2026-06-27,513.42,eBay,AUCTION,ok,0,https://www.ebay.com/itm/168468257070
ed413b50-a858-412c-9f5a-a5db900dea42,2026-06-02,699,eBay,BUY_IT_NOW,ok,0,https://www.ebay.com/itm/117162226305
ed413b50-a858-412c-9f5a-a5db900dea42,2026-05-17,444,PWCC Weekly Auctions,AUCTION,ok,0,https://www.fanaticscollect.com/weekly/8df7c268-486e-11f1-b68c-0a58a9feac02
ed0ab2bf-98a3-4283-8cff-7a55095e146b,2026-09-17,2316,Alt,AUCTION,PENDING,0,https://alt.xyz/exchange/select-listing?ids=17c0170b-ecab-45c6-8ae0-1c35438f1eac
ed0ab2bf-98a3-4283-8cff-7a55095e146b,2026-09-06,1455.8,CardHobby,AUCTION,ok,0,https://www.cardhobby.com/#/carddetails/133001916
ed0ab2bf-98a3-4283-8cff-7a55095e146b,2026-08-26,1710.73,CardHobby,AUCTION,ok,0,https://www.cardhobby.com/#/carddetails/130601487
ed0ab2bf-98a3-4283-8cff-7a55095e146b,2026-08-23,1890,PWCC Weekly Auctions,AUCTION,ok,0,https://www.fanaticscollect.com/weekly/dcb3f772-8d48-11f1-a293-0a2225b56657
ed0ab2bf-98a3-4283-8cff-7a55095e146b,2026-08-09,2399,eBay,BUY_IT_NOW,ok,0,https://www.ebay.com/itm/117345133081
ed0ab2bf-98a3-4283-8cff-7a55095e146b,2026-08-02,2370,PWCC Weekly Auctions,AUCTION,ok,0,https://www.fanaticscollect.com/weekly/a077b268-7bdb-11f1-a7d2-0a58a9feac02
ed0ab2bf-98a3-4283-8cff-7a55095e146b,2026-08-02,2184.54,CardHobby,AUCTION,ok,0,https://www.cardhobby.com/#/carddetails/125948442
ed0ab2bf-98a3-4283-8cff-7a55095e146b,2026-07-27,1725.01,eBay,AUCTION,ok,0,https://www.ebay.com/itm/800359424259
ed0ab2bf-98a3-4283-8cff-7a55095e146b,2026-07-23,2886,eBay,AUCTION,ok,0,https://www.ebay.com/itm/366551466884
ed0ab2bf-98a3-4283-8cff-7a55095e146b,2026-07-23,1850,eBay,AUCTION,ok,0,https://www.ebay.com/itm/800353409067
ed82afce-4dcd-480a-8cee-0be85d790202,2024-12-27,52,eBay,BEST_OFFER,ok,0,https://www.ebay.com/itm/2001-Pokemon-Neo-Discovery-51-Unown-U-PSA-10-/315774939788
ed82afce-4dcd-480a-8cee-0be85d790202,2024-11-16,36,eBay,BEST_OFFER,ok,0,https://www.ebay.com/itm/2001-Pokemon-Neo-Discovery-PSA-10-UNOWN-U-Non-Holo-51-NICE-Low-POP4-/115404905142
ed82afce-4dcd-480a-8cee-0be85d790202,2024-01-16,50,eBay,BEST_OFFER,ok,0,https://www.ebay.com/itm/2001-Pokemon-Neo-Discovery-51-Unown-U-PSA-10-/166306371134
ed82afce-4dcd-480a-8cee-0be85d790202,2023-06-19,22.09,eBay,AUCTION,ok,0,https://www.ebay.com/itm/2001-Pokemon-Neo-Discovery-PSA-10-UNOWN-U-Non-Holo-51-NICE-Low-POP4-/325690864147
ed82afce-4dcd-480a-8cee-0be85d790202,2023-05-04,37,eBay,AUCTION,ok,0,https://www.ebay.com/itm/2001-Pokemon-TCG-Neo-Discovery-Unown-U-51-75-PSA-GEM-MT-10-/266233534998
ed82afce-4dcd-480a-8cee-0be85d790202,2021-03-24,99.99,eBay,BEST_OFFER,ok,0,https://www.ebay.com/itm/2001-Pokemon-Neo-Discovery-Unown-U-51-75-PSA-10-POP-2-/193909707132
ed0c71c5-0901-4774-99d4-cce5e4742027,2026-09-20,32400,PWCC Weekly Auctions,AUCTION,ok,0,https://www.pwccmarketplace.com/items/6495866
ed0c71c5-0901-4774-99d4-cce5e4742027,2026-09-20,32400,PWCC Weekly Auctions,AUCTION,ok,0,https://www.fanaticscollect.com/weekly/7738d538-abd0-11f1-b3c3-0a58a9feac02
ed0c71c5-0901-4774-99d4-cce5e4742027,2026-09-13,31700,eBay,AUCTION,ok,0,https://www.ebay.com/itm/287565389211
ed0c71c5-0901-4774-99d4-cce5e4742027,2026-09-10,30586.8,Alt,AUCTION,PENDING,0,https://alt.xyz/exchange/select-listing?ids=2bd2cf41-f5a9-4140-b3ca-3b2d5841b0c4
ed0c71c5-0901-4774-99d4-cce5e4742027,2026-09-06,43200,PWCC Weekly Auctions,AUCTION,ok,0,https://www.fanaticscollect.com/weekly/fa29596c-a113-11f1-8fad-0a58a9feac02
ed0c71c5-0901-4774-99d4-cce5e4742027,2026-09-06,30100,eBay,AUCTION,ok,0,https://www.ebay.com/itm/287552955560
ed0c71c5-0901-4774-99d4-cce5e4742027,2026-09-02,36000,PWCC Fixed Price,BEST_OFFER,ok,0,https://www.fanaticscollect.com/buy-now/db516989-8ab8-478f-be62-3685e200b2d3
ed0c71c5-0901-4774-99d4-cce5e4742027,2026-08-31,37000,PWCC Fixed Price,BEST_OFFER,ok,0,https://www.fanaticscollect.com/buy-now/713f9400-3099-458a-8704-940cff1d9d93
ed0c71c5-0901-4774-99d4-cce5e4742027,2026-08-30,36000,PWCC Weekly Auctions,AUCTION,ok,0,https://www.fanaticscollect.com/weekly/c3b63a16-a09c-11f1-bbaf-0a58a9feac02
ed0c71c5-0901-4774-99d4-cce5e4742027,2026-08-30,31779,eBay,AUCTION,ok,0,https://www.ebay.com/itm/307139681687
edd00e6e-48f8-4a59-b4e9-2aaf85a13541,2026-09-19,150000,Heritage Auctions,AUCTION,ok,0,https://comics.ha.com/itm/memorabilia/trading-cards/pokemon-sky-splitting-deoxys-movie-commemoration-vs-pack-psa-trading-card-game-gem-mint-10-the-pokemon-company-2004-lenticular/p/7459-53001.s?type=DA-DMC-AltPlatform-TradingCardGames-7459-09182026
edd00e6e-48f8-4a59-b4e9-2aaf85a13541,2026-09-18,140000,eBay,BUY_IT_NOW,ok,0,https://www.ebay.com/itm/366384385453
edd00e6e-48f8-4a59-b4e9-2aaf85a13541,2026-05-11,93000,PWCC Fixed Price,BEST_OFFER,ok,0,https://www.fanaticscollect.com/buy-now/96a94044-50c4-4272-a9e1-ca38de978b71
edd00e6e-48f8-4a59-b4e9-2aaf85a13541,2026-04-19,90000,PWCC Weekly Auctions,AUCTION,ok,0,https://www.fanaticscollect.com/weekly/747f2078-33c0-11f1-8d5c-0a58a9feac02
edd00e6e-48f8-4a59-b4e9-2aaf85a13541,2026-02-22,45000,eBay,BUY_IT_NOW,ok,0,https://www.ebay.com/itm/117051592704
edd00e6e-48f8-4a59-b4e9-2aaf85a13541,2025-07-23,15000,eBay,BUY_IT_NOW,ok,0,https://www.ebay.com/itm/286716206218
edd00e6e-48f8-4a59-b4e9-2aaf85a13541,2025-06-17,10000,eBay,AUCTION,ok,0,https://www.ebay.com/itm/365662110278
edd00e6e-48f8-4a59-b4e9-2aaf85a13541,2025-04-06,5500,eBay,AUCTION,ok,0,https://www.ebay.com/itm/286444975504
edd00e6e-48f8-4a59-b4e9-2aaf85a13541,2025-04-03,5160,Alt,AUCTION,ok,0,https://alt.xyz/exchange/select-listing?ids=15b56e97-a188-4619-8028-31cfabee9b44
edd00e6e-48f8-4a59-b4e9-2aaf85a13541,2024-12-21,4550,eBay,AUCTION,ok,0,https://www.ebay.com/itm/PTCG-Pokemon-PSA10-LENTICULAR-3D-Space-Fissures-Deoxys-2004-Movie-VS-Japanese-/387730264042
ed02c3b4-66e3-4cd8-bb66-b5566ab0a7e7,2026-09-11,349,eBay,AUCTION,ok,0,https://www.ebay.com/itm/117392319037
ed02c3b4-66e3-4cd8-bb66-b5566ab0a7e7,2026-09-07,350,eBay,BEST_OFFER,ok,0,https://www.ebay.com/itm/406951561478
ed02c3b4-66e3-4cd8-bb66-b5566ab0a7e7,2026-08-25,299.99,eBay,BEST_OFFER,ok,0,https://www.ebay.com/itm/227465190459
ed02c3b4-66e3-4cd8-bb66-b5566ab0a7e7,2026-08-20,300,Alt,AUCTION,ok,0,https://alt.xyz/exchange/select-listing?ids=442b6fd6-309f-4659-87d7-d87e7175fd82
ed02c3b4-66e3-4cd8-bb66-b5566ab0a7e7,2026-08-18,256.99,eBay,AUCTION,ok,0,https://www.ebay.com/itm/307114525449
ed02c3b4-66e3-4cd8-bb66-b5566ab0a7e7,2026-07-20,271.6,eBay,AUCTION,ok,0,https://www.ebay.com/itm/377344688076
ed02c3b4-66e3-4cd8-bb66-b5566ab0a7e7,2026-07-08,399.99,eBay,BUY_IT_NOW,ok,0,https://www.ebay.com/itm/117270200034
ed02c3b4-66e3-4cd8-bb66-b5566ab0a7e7,2026-07-07,340,eBay,BUY_IT_NOW,ok,0,https://www.ebay.com/itm/377222152662
ed02c3b4-66e3-4cd8-bb66-b5566ab0a7e7,2026-07-07,278.07,eBay,AUCTION,ok,0,https://www.ebay.com/itm/206383407579
ed02c3b4-66e3-4cd8-bb66-b5566ab0a7e7,2026-06-11,444,Alt,AUCTION,ok,0,https://alt.xyz/exchange/select-listing?ids=442ecf3b-3a52-47f6-9f2f-584a8b379df2
ed31b330-8277-4af8-813e-7aee111f96ed,2026-09-21,860,eBay,AUCTION,ok,0,https://www.ebay.com/itm/307177437420
ed31b330-8277-4af8-813e-7aee111f96ed,2026-09-16,1000,eBay,BUY_IT_NOW,ok,0,https://www.ebay.com/itm/307166425404
ed31b330-8277-4af8-813e-7aee111f96ed,2026-05-07,1625,eBay,AUCTION,ok,0,https://www.ebay.com/itm/366379851756
ed31b330-8277-4af8-813e-7aee111f96ed,2026-04-19,1500,eBay,BUY_IT_NOW,ok,0,https://www.ebay.com/itm/287201264569
ed31b330-8277-4af8-813e-7aee111f96ed,2026-03-29,1020,PWCC Weekly Auctions,AUCTION,ok,0,https://www.fanaticscollect.com/weekly/0499ee5c-1e33-11f1-b314-0a58a9feac02
ed31b330-8277-4af8-813e-7aee111f96ed,2026-03-20,720,eBay,BUY_IT_NOW,ok,0,https://www.ebay.com/itm/205812465222
ed31b330-8277-4af8-813e-7aee111f96ed,2026-02-23,607.13,eBay,BUY_IT_NOW,ok,0,https://www.ebay.com/itm/287160002107
ed31b330-8277-4af8-813e-7aee111f96ed,2025-10-13,400,eBay,BEST_OFFER,ok,0,https://www.ebay.com/itm/297649445106
ed31b330-8277-4af8-813e-7aee111f96ed,2025-09-30,320,eBay,BEST_OFFER,RELISTED,0,https://www.ebay.com/itm/306368012534
ed31b330-8277-4af8-813e-7aee111f96ed,2025-09-15,355,eBay,BEST_OFFER,ok,0,https://www.ebay.com/itm/406086615361
ed18aaa6-05b6-47eb-b433-ca1694c07a0e,2021-05-18,2500,eBay,BEST_OFFER,ok,0,https://www.ebay.com/itm/1999-Pokemon-German-Base-Set-1st-Edition-Holo-Magneton-9-PSA-10-GEM-MINT-/224466125775
ed18aaa6-05b6-47eb-b433-ca1694c07a0e,2021-04-26,7900,eBay,AUCTION,ok,0,https://www.ebay.com/itm/1999-Pokemon-Base-Set-Shadowless-1st-Edition-Holo-Magneton-9-PSA-10-GEM-MINT-/353459552393
eddcb837-5817-4398-bc19-a85dc6c5d7aa,2026-08-08,52,eBay,AUCTION,ok,0,https://www.ebay.com/itm/158144322065
eddcb837-5817-4398-bc19-a85dc6c5d7aa,2026-06-22,70,eBay,BEST_OFFER,ok,0,https://www.ebay.com/itm/275344257105
eddcb837-5817-4398-bc19-a85dc6c5d7aa,2026-06-07,49.99,eBay,AUCTION,ok,0,https://www.ebay.com/itm/117218774944
eddcb837-5817-4398-bc19-a85dc6c5d7aa,2026-01-30,15.5,eBay,AUCTION,ok,0,https://www.ebay.com/itm/267555364371
eddcb837-5817-4398-bc19-a85dc6c5d7aa,2025-10-08,34.99,eBay,BEST_OFFER,ok,0,https://www.ebay.com/itm/389059745521
eddcb837-5817-4398-bc19-a85dc6c5d7aa,2025-09-26,27.8,eBay,AUCTION,ok,0,https://www.ebay.com/itm/306504015476
eddcb837-5817-4398-bc19-a85dc6c5d7aa,2025-08-15,21.5,eBay,AUCTION,ok,0,https://www.ebay.com/itm/297524533576
eddcb837-5817-4398-bc19-a85dc6c5d7aa,2025-05-15,17.4,eBay,AUCTION,ok,0,https://www.ebay.com/itm/376232333883
eddcb837-5817-4398-bc19-a85dc6c5d7aa,2025-04-14,34.95,eBay,BUY_IT_NOW,ok,0,https://www.ebay.com/itm/334863944812
eddcb837-5817-4398-bc19-a85dc6c5d7aa,2025-03-22,29.99,eBay,BUY_IT_NOW,ok,0,https://www.ebay.com/itm/404511610216
edb9b7ce-eace-4a66-b163-86bae95cade2,2026-08-27,605,eBay,BEST_OFFER,ok,0,https://www.ebay.com/itm/206398844378
edb9b7ce-eace-4a66-b163-86bae95cade2,2026-08-26,798,eBay,AUCTION,ok,0,https://www.ebay.com/itm/800536415501
edb9b7ce-eace-4a66-b163-86bae95cade2,2026-07-05,600,eBay,BUY_IT_NOW,ok,0,https://www.ebay.com/itm/306926762932
edb9b7ce-eace-4a66-b163-86bae95cade2,2026-06-25,498,Alt,AUCTION,ok,0,https://alt.xyz/exchange/select-listing?ids=d878c6d9-e7ff-4ee8-b5f7-0071626d3ca2
edb9b7ce-eace-4a66-b163-86bae95cade2,2026-05-17,430,eBay,AUCTION,ok,0,https://www.ebay.com/itm/287322587521
edb9b7ce-eace-4a66-b163-86bae95cade2,2026-05-04,485,eBay,BEST_OFFER,ok,0,https://www.ebay.com/itm/267626638604
edb9b7ce-eace-4a66-b163-86bae95cade2,2026-05-03,485,eBay,AUCTION,RELISTED,0,https://www.ebay.com/itm/287289874808
edb9b7ce-eace-4a66-b163-86bae95cade2,2026-04-05,400,eBay,AUCTION,ok,0,https://www.ebay.com/itm/178004542341
edb9b7ce-eace-4a66-b163-86bae95cade2,2026-03-29,408,PWCC Weekly Auctions,AUCTION,ok,0,https://www.fanaticscollect.com/weekly/28b72790-1eed-11f1-951b-0a58a9feac02
edb9b7ce-eace-4a66-b163-86bae95cade2,2026-03-22,360,PWCC Weekly Auctions,AUCTION,ok,0,https://www.fanaticscollect.com/weekly/e0da9c50-2332-11f1-84d6-0ad5581e4ac3
edeeb151-a72a-4008-997c-41aab4e41f01,2026-09-13,33,eBay,AUCTION,ok,0,https://www.ebay.com/itm/287565394784
edeeb151-a72a-4008-997c-41aab4e41f01,2026-09-11,58.9,eBay,BUY_IT_NOW,ok,0,https://www.ebay.com/itm/168651624567
edeeb151-a72a-4008-997c-41aab4e41f01,2026-09-05,69.99,eBay,BEST_OFFER,ok,0,https://www.ebay.com/itm/227423906870
edeeb151-a72a-4008-997c-41aab4e41f01,2026-09-01,70,PWCC Fixed Price,BEST_OFFER,ok,0,https://www.fanaticscollect.com/buy-now/832e781c-43fb-4887-af3a-320b5ba7a608
edeeb151-a72a-4008-997c-41aab4e41f01,2026-08-23,61,eBay,BEST_OFFER,ok,0,https://www.ebay.com/itm/257623300438
edeeb151-a72a-4008-997c-41aab4e41f01,2026-07-01,70,eBay,BEST_OFFER,ok,0,https://www.ebay.com/itm/256000428102
edeeb151-a72a-4008-997c-41aab4e41f01,2026-07-01,69.99,eBay,BUY_IT_NOW,ok,0,https://www.ebay.com/itm/127850398117
edeeb151-a72a-4008-997c-41aab4e41f01,2026-06-30,79,PWCC Fixed Price,BEST_OFFER,ok,0,https://www.fanaticscollect.com/buy-now/95fd58ee-874a-4fa3-825b-538467e567c7
edeeb151-a72a-4008-997c-41aab4e41f01,2026-06-12,47.49,eBay,BUY_IT_NOW,ok,0,https://www.ebay.com/itm/157610469196
edeeb151-a72a-4008-997c-41aab4e41f01,2026-06-04,107.07,Pristine Auction,AUCTION,ok,0,https://www.pristineauction.com/a12510178-Christian-Bale-Signed-The-Dark-Knight-Forever-2005-Topps-Batman-Begins-Movie-89-PSA
ed56fcc4-a925-493d-a567-14fa8d79c7aa,2026-08-25,900,eBay,BEST_OFFER,ok,0,https://www.ebay.com/itm/117343565394
ed56fcc4-a925-493d-a567-14fa8d79c7aa,2026-08-06,750,eBay,BUY_IT_NOW,ok,0,https://www.ebay.com/itm/137318739040
ed56fcc4-a925-493d-a567-14fa8d79c7aa,2026-07-12,673,eBay,AUCTION,ok,0,https://www.ebay.com/itm/307040344823
ed56fcc4-a925-493d-a567-14fa8d79c7aa,2026-07-10,917.91,eBay,BUY_IT_NOW,ok,0,https://www.ebay.com/itm/188510652455
ed56fcc4-a925-493d-a567-14fa8d79c7aa,2026-07-05,766.28,eBay,AUCTION,ok,0,https://www.ebay.com/itm/137451514609
ed56fcc4-a925-493d-a567-14fa8d79c7aa,2026-06-14,870,PWCC Weekly Auctions,AUCTION,ok,0,https://www.fanaticscollect.com/weekly/3d6748ee-5eb4-11f1-bf2a-0a10575aad2f
ed56fcc4-a925-493d-a567-14fa8d79c7aa,2026-04-19,549.99,eBay,BUY_IT_NOW,ok,0,https://www.ebay.com/itm/266277145631
ed56fcc4-a925-493d-a567-14fa8d79c7aa,2026-04-13,599.99,eBay,BUY_IT_NOW,ok,0,https://www.ebay.com/itm/406714960700
ed56fcc4-a925-493d-a567-14fa8d79c7aa,2026-02-25,519.99,eBay,BUY_IT_NOW,ok,0,https://www.ebay.com/itm/406714960700
ed56fcc4-a925-493d-a567-14fa8d79c7aa,2026-02-15,465,eBay,BEST_OFFER,ok,0,https://www.ebay.com/itm/317864691735
edcbb3b4-cb1b-4072-a412-08b3213880b8,2026-09-09,175,eBay,BEST_OFFER,ok,0,https://www.ebay.com/itm/298659692583
edcbb3b4-cb1b-4072-a412-08b3213880b8,2026-09-02,210,eBay,BUY_IT_NOW,RELISTED,0,https://www.ebay.com/itm/158123239776
edcbb3b4-cb1b-4072-a412-08b3213880b8,2026-09-02,206,eBay,BEST_OFFER,ok,0,https://www.ebay.com/itm/117373739682
edcbb3b4-cb1b-4072-a412-08b3213880b8,2026-09-02,199.99,eBay,BEST_OFFER,ok,0,https://www.ebay.com/itm/358900871765
edcbb3b4-cb1b-4072-a412-08b3213880b8,2026-09-02,199.99,eBay,BEST_OFFER,ok,0,https://www.ebay.com/itm/358672672004
edcbb3b4-cb1b-4072-a412-08b3213880b8,2026-09-01,135,eBay,BUY_IT_NOW,ok,0,https://www.ebay.com/itm/237041583266
edcbb3b4-cb1b-4072-a412-08b3213880b8,2026-09-01,120,eBay,BEST_OFFER,ok,0,https://www.ebay.com/itm/800450468847
edcbb3b4-cb1b-4072-a412-08b3213880b8,2026-08-30,135,eBay,BEST_OFFER,ok,0,https://www.ebay.com/itm/358859274942
edcbb3b4-cb1b-4072-a412-08b3213880b8,2026-08-30,130,eBay,AUCTION,ok,0,https://www.ebay.com/itm/366624865167
edcbb3b4-cb1b-4072-a412-08b3213880b8,2026-08-17,122.5,eBay,AUCTION,ok,0,https://www.ebay.com/itm/147496758378
edc4f0d7-19ba-447a-bbe0-b7762c71493b,2026-08-17,173.58,eBay,BUY_IT_NOW,ok,0,https://www.ebay.com/itm/306978975177
edc4f0d7-19ba-447a-bbe0-b7762c71493b,2026-07-19,164.5,eBay,AUCTION,ok,0,https://www.ebay.com/itm/327258680074
edc4f0d7-19ba-447a-bbe0-b7762c71493b,2026-05-24,76,eBay,AUCTION,ok,0,https://www.ebay.com/itm/188393701075
edc4f0d7-19ba-447a-bbe0-b7762c71493b,2024-06-27,82.95,eBay,BEST_OFFER,ok,0,https://www.ebay.com/itm/PSA-10-1st-Edition-Aspicot-Weedle-69-102-French-Base-Set-Pokemon-GEM-MINT-/156234266789
edc4f0d7-19ba-447a-bbe0-b7762c71493b,2023-12-03,184.2,eBay,BUY_IT_NOW,ok,0,https://www.ebay.com/itm/Carte-Pokemon-Aspicot-69-102-Edition-1-PSA-10-Set-Base-Wizards-/335140331664
edc4f0d7-19ba-447a-bbe0-b7762c71493b,2023-05-07,73.28,eBay,AUCTION,ok,0,https://www.ebay.com/itm/1999-Pokemon-Weedle-69-Common-1st-First-Edition-French-Base-PSA-10-gem-mint-/185873255486
edc4f0d7-19ba-447a-bbe0-b7762c71493b,2023-02-05,76,eBay,AUCTION,ok,0,https://www.ebay.com/itm/Pokemon-Weedle-Aspicot-Base-Set-1st-Edition-French-69-PSA-10-897O2-/285124160729
edc4f0d7-19ba-447a-bbe0-b7762c71493b,2022-09-11,79.2,PWCC Weekly Auctions,AUCTION,ok,0,https://www.fanaticscollect.com/weekly/382d0884-6f23-11ed-b30f-0a58a9feac02
edc4f0d7-19ba-447a-bbe0-b7762c71493b,2022-09-05,65,PWCC Fixed Price,BEST_OFFER,ok,0,https://sales-history.pwccmarketplace.com/items/FIXED114981
edc4f0d7-19ba-447a-bbe0-b7762c71493b,2022-09-04,45.6,PWCC Weekly Auctions,AUCTION,ok,0,https://www.fanaticscollect.com/weekly/375458d6-6f23-11ed-88b0-0a58a9feac02
ed4bbd74-4afd-4ba1-839a-c4e859f7e66b,2026-07-04,46,eBay,AUCTION,ok,0,https://www.ebay.com/itm/287416721319
ed4bbd74-4afd-4ba1-839a-c4e859f7e66b,2026-05-06,48,eBay,BEST_OFFER,ok,0,https://www.ebay.com/itm/256791700420
ed4bbd74-4afd-4ba1-839a-c4e859f7e66b,2025-10-03,47.95,eBay,BUY_IT_NOW,ok,0,https://www.ebay.com/itm/134096069195
ed4bbd74-4afd-4ba1-839a-c4e859f7e66b,2025-10-02,40,eBay,BEST_OFFER,ok,0,https://www.ebay.com/itm/267190481138
ed4bbd74-4afd-4ba1-839a-c4e859f7e66b,2025-08-07,149.95,eBay,BEST_OFFER,ok,0,https://www.ebay.com/itm/394217791892
ed4bbd74-4afd-4ba1-839a-c4e859f7e66b,2025-03-02,30,eBay,AUCTION,ok,0,https://www.ebay.com/itm/Pokemon-Sun-And-Moon-Noivern-GX-Burning-Shadows-99-147-PSA-10-Holo-/286362008140
ed4bbd74-4afd-4ba1-839a-c4e859f7e66b,2024-11-23,49.97,eBay,BUY_IT_NOW,ok,0,https://www.ebay.com/itm/2017-Pokemon-Sun-Moon-Burning-Shadows-99-Noivern-GX-PSA-10-Gem-Mint-99-147-/284759062232
ed4bbd74-4afd-4ba1-839a-c4e859f7e66b,2024-10-21,30,eBay,BEST_OFFER,ok,0,https://www.ebay.com/itm/2017-Pokemon-Sun-Moon-S-M-Noivern-GX-Burning-Shadows-99-PSA-10-GEM-MT-/125852780892
ed4bbd74-4afd-4ba1-839a-c4e859f7e66b,2024-08-09,29.99,eBay,BUY_IT_NOW,ok,0,https://www.ebay.com/itm/Pokemon-Noivern-GX-Burning-Shadows-Ultra-Rare-99-PSA-10-Gem-Mint-/186453953068
ed4bbd74-4afd-4ba1-839a-c4e859f7e66b,2024-05-12,15.05,eBay,AUCTION,ok,0,https://www.ebay.com/itm/Pokemon-Noivern-GX-Burning-Shadows-Ultra-Rare-99-PSA-10-Gem-Mint-/285842985166
ed56adf8-a862-44ed-bed9-9c651ceae801,2026-09-13,2023,eBay,AUCTION,ok,0,https://www.ebay.com/itm/117388345428
ed56adf8-a862-44ed-bed9-9c651ceae801,2026-07-23,1300,eBay,BEST_OFFER,ok,0,https://www.ebay.com/itm/158086823410
ed56adf8-a862-44ed-bed9-9c651ceae801,2026-07-05,1000,eBay,BUY_IT_NOW,ok,0,https://www.ebay.com/itm/168509164572
ed56adf8-a862-44ed-bed9-9c651ceae801,2026-06-18,724.8,Alt,AUCTION,ok,0,https://alt.xyz/exchange/select-listing?ids=f36fabe9-c073-459e-9397-f098de886644
ed56adf8-a862-44ed-bed9-9c651ceae801,2026-05-03,588,PWCC Weekly Auctions,AUCTION,ok,0,https://www.fanaticscollect.com/weekly/64cf6f40-381e-11f1-9ed1-0a58a9feac02
ed56adf8-a862-44ed-bed9-9c651ceae801,2026-03-30,455.5,eBay,BEST_OFFER,ok,0,https://www.ebay.com/itm/168275282314
ed56adf8-a862-44ed-bed9-9c651ceae801,2026-02-17,511,eBay,AUCTION,ok,0,https://www.ebay.com/itm/298015048793
ed56adf8-a862-44ed-bed9-9c651ceae801,2025-11-18,500,eBay,BUY_IT_NOW,ok,0,https://www.ebay.com/itm/297773293455
ed56adf8-a862-44ed-bed9-9c651ceae801,2025-08-01,198.04,eBay,BUY_IT_NOW,ok,0,https://www.ebay.com/itm/175815726368
ed56adf8-a862-44ed-bed9-9c651ceae801,2025-05-13,199.99,eBay,BEST_OFFER,ok,0,https://www.ebay.com/itm/296165800074
edd73db6-145f-44b0-b43c-9577241b5ac9,2026-07-22,255,eBay,AUCTION,ok,0,https://www.ebay.com/itm/298504462131
edd73db6-145f-44b0-b43c-9577241b5ac9,2026-07-04,270,eBay,BEST_OFFER,ok,0,https://www.ebay.com/itm/198475253203
edd73db6-145f-44b0-b43c-9577241b5ac9,2026-05-17,264,PWCC Weekly Auctions,AUCTION,ok,0,https://www.fanaticscollect.com/weekly/40ba7cf0-3f2e-11f1-9718-027aafb6d205
edd73db6-145f-44b0-b43c-9577241b5ac9,2026-05-14,278.4,Alt,AUCTION,ok,0,https://alt.xyz/exchange/select-listing?ids=6fbe431e-92fa-4098-9c13-85277e5d0555
edd73db6-145f-44b0-b43c-9577241b5ac9,2026-02-25,260,eBay,BUY_IT_NOW,ok,0,https://www.ebay.com/itm/376844095394
edd73db6-145f-44b0-b43c-9577241b5ac9,2026-02-23,250,eBay,BUY_IT_NOW,ok,0,https://www.ebay.com/itm/227199835481
edd73db6-145f-44b0-b43c-9577241b5ac9,2026-02-17,176.58,eBay,BUY_IT_NOW,ok,0,https://www.ebay.com/itm/355807571703
edd73db6-145f-44b0-b43c-9577241b5ac9,2026-02-14,200,eBay,BUY_IT_NOW,ok,0,https://www.ebay.com/itm/374438275562
edd73db6-145f-44b0-b43c-9577241b5ac9,2026-02-10,170,eBay,BUY_IT_NOW,ok,0,https://www.ebay.com/itm/117027251410
edd73db6-145f-44b0-b43c-9577241b5ac9,2026-02-10,169,PWCC Fixed Price,BEST_OFFER,ok,0,https://www.fanaticscollect.com/buy-now/8970c336-c3e4-4f36-8925-f8570d204ac0
ede0203c-ca7f-4a30-ae5b-2eee656efefd,2026-07-15,1800,eBay,BEST_OFFER,ok,0,https://www.ebay.com/itm/407034069545
ede0203c-ca7f-4a30-ae5b-2eee656efefd,2026-02-03,1050,eBay,BEST_OFFER,ok,0,https://www.ebay.com/itm/397138397574
ede0203c-ca7f-4a30-ae5b-2eee656efefd,2025-12-31,700,eBay,BEST_OFFER,ok,0,https://www.ebay.com/itm/317574719138
ede0203c-ca7f-4a30-ae5b-2eee656efefd,2025-09-18,650,PWCC Fixed Price,BEST_OFFER,ok,0,https://sales-history.pwccmarketplace.com/items/FIXED329336
ede0203c-ca7f-4a30-ae5b-2eee656efefd,2025-05-28,425,eBay,BUY_IT_NOW,ok,0,https://www.ebay.com/itm/286272290782
ede0203c-ca7f-4a30-ae5b-2eee656efefd,2024-12-15,345,eBay,BEST_OFFER,ok,0,https://www.ebay.com/itm/PSA-10-GEM-MT-Chansey-REVERSE-HOLO-FOIL-Pokemon-Expedition-2002-/295606493867
ede0203c-ca7f-4a30-ae5b-2eee656efefd,2024-05-11,253.97,eBay,BEST_OFFER,ok,0,https://www.ebay.com/itm/Pokemon-Expedition-Chansey-Reverse-Holo-72-165-Psa-10-/386977513607
ede0203c-ca7f-4a30-ae5b-2eee656efefd,2023-12-17,191.5,eBay,AUCTION,ok,0,https://www.ebay.com/itm/2002-Pokemon-Expedition-Chansey-Reverse-Holo-Foil-PSA-10-72-165-POP-20-/325920729235
ede0203c-ca7f-4a30-ae5b-2eee656efefd,2023-12-04,159.19,eBay,AUCTION,ok,0,https://www.ebay.com/itm/PSA-10-GEM-MINT-Chansey-72-165-REVERSE-HOLO-Expedition-Pokemon-Card-366-/266516897257
ede0203c-ca7f-4a30-ae5b-2eee656efefd,2022-02-18,299,eBay,AUCTION,ok,0,https://www.ebay.com/itm/PSA-10-GEM-MINT-2002-Chansey-Pokemon-Expedition-Reverse-Holo-POP-15-/403472071919
ed00cd38-0c3d-44a7-9a65-d94a6320aba9,2026-08-06,330,PWCC Fixed Price,BEST_OFFER,ok,0,https://www.fanaticscollect.com/buy-now/edc9ce5b-fbee-4e0f-a4f3-f27003709b24
ed00cd38-0c3d-44a7-9a65-d94a6320aba9,2026-06-29,243.5,eBay,AUCTION,ok,0,https://www.ebay.com/itm/800227037216
ed00cd38-0c3d-44a7-9a65-d94a6320aba9,2026-03-30,70,eBay,BEST_OFFER,ok,0,https://www.ebay.com/itm/377062841363
ed00cd38-0c3d-44a7-9a65-d94a6320aba9,2026-03-17,99.99,eBay,BEST_OFFER,ok,0,https://www.ebay.com/itm/287209818779
ed00cd38-0c3d-44a7-9a65-d94a6320aba9,2026-02-03,101,eBay,BUY_IT_NOW,ok,0,https://www.ebay.com/itm/297723783464
ed00cd38-0c3d-44a7-9a65-d94a6320aba9,2026-01-03,101,eBay,BUY_IT_NOW,ok,0,https://www.ebay.com/itm/306575527278
ed00cd38-0c3d-44a7-9a65-d94a6320aba9,2026-01-01,105,PWCC Fixed Price,BEST_OFFER,NOT_PAID,0,https://www.fanaticscollect.com/buy-now/8757e308-4106-4a7e-bc6a-e609380bc969
ed00cd38-0c3d-44a7-9a65-d94a6320aba9,2025-12-21,95,PWCC Fixed Price,BEST_OFFER,ok,0,https://www.fanaticscollect.com/buy-now/25fdbf40-7c4c-4c3c-871c-f013ab5e4c9f
ed00cd38-0c3d-44a7-9a65-d94a6320aba9,2025-12-19,79.99,eBay,BUY_IT_NOW,ok,0,https://www.ebay.com/itm/306575252475
ed00cd38-0c3d-44a7-9a65-d94a6320aba9,2025-11-21,78,eBay,BEST_OFFER,ok,0,https://www.ebay.com/itm/317495268236
ed94124a-8f4b-406c-a365-5bdd7da4bb51,2026-08-06,500,eBay,BEST_OFFER,ok,0,https://www.ebay.com/itm/306961704715
ed94124a-8f4b-406c-a365-5bdd7da4bb51,2026-08-05,350,eBay,BUY_IT_NOW,ok,0,https://www.ebay.com/itm/127976721698
ed94124a-8f4b-406c-a365-5bdd7da4bb51,2026-06-29,232.5,eBay,AUCTION,ok,0,https://www.ebay.com/itm/366497297272
ed94124a-8f4b-406c-a365-5bdd7da4bb51,2026-06-25,132,Alt,AUCTION,ok,0,https://alt.xyz/exchange/select-listing?ids=948fb7cc-697f-459c-aa92-b7dd55d6127e
ed94124a-8f4b-406c-a365-5bdd7da4bb51,2026-05-25,155,eBay,BUY_IT_NOW,ok,0,https://www.ebay.com/itm/117157923460
ed94124a-8f4b-406c-a365-5bdd7da4bb51,2026-04-13,130,eBay,BEST_OFFER,ok,0,https://www.ebay.com/itm/177999527955
ed94124a-8f4b-406c-a365-5bdd7da4bb51,2026-03-24,69.21,eBay,BEST_OFFER,ok,0,https://www.ebay.com/itm/306839715112
ed94124a-8f4b-406c-a365-5bdd7da4bb51,2026-03-08,74.4,PWCC Weekly Auctions,AUCTION,ok,0,https://www.fanaticscollect.com/weekly/e20435ea-0d58-11f1-bf02-0a58a9feac02
ed94124a-8f4b-406c-a365-5bdd7da4bb51,2026-03-08,65,eBay,BEST_OFFER,ok,0,https://www.ebay.com/itm/406747352393
ed94124a-8f4b-406c-a365-5bdd7da4bb51,2026-02-03,150,eBay,BUY_IT_NOW,ok,0,https://www.ebay.com/itm/225357661189
ed18fff8-06da-4601-ba43-e1a54fc0e46b,2025-12-07,1020,PWCC Weekly Auctions,AUCTION,ok,0,https://www.fanaticscollect.com/weekly/33c6cfae-ccbe-11f0-bc89-0a1d9e47b5af
ed18fff8-06da-4601-ba43-e1a54fc0e46b,2025-10-15,1300,PWCC Fixed Price,BEST_OFFER,ok,0,https://sales-history.pwccmarketplace.com/items/FIXED353899
ed18fff8-06da-4601-ba43-e1a54fc0e46b,2025-08-31,1025,eBay,AUCTION,ok,0,https://www.ebay.com/itm/286778154647
ed18fff8-06da-4601-ba43-e1a54fc0e46b,2025-04-09,611.85,eBay,AUCTION,ok,0,https://www.ebay.com/itm/306214245568
ed18fff8-06da-4601-ba43-e1a54fc0e46b,2024-10-24,500,eBay,BEST_OFFER,ok,0,https://www.ebay.com/itm/Psa-10-2005-Ex-Delta-Species-Umbreon-069-HOLO-POKEMON-Card-Japanese-TCG-GEM-MINT-/116355460550
ed18fff8-06da-4601-ba43-e1a54fc0e46b,2024-10-03,999,PWCC Fixed Price,BEST_OFFER,ok,0,https://sales-history.pwccmarketplace.com/items/FIXED167490
ed18fff8-06da-4601-ba43-e1a54fc0e46b,2024-08-01,450,eBay,BEST_OFFER,ok,0,https://www.ebay.com/itm/PSA-10-GEM-MINT-Umbreon-Japanese-Holon-Research-Tower-ex-069-US-SELLER-POP-22-/134582117259
ed18fff8-06da-4601-ba43-e1a54fc0e46b,2024-07-14,432,eBay,AUCTION,ok,0,https://www.ebay.com/itm/2005-POKEMON-JAPANESE-HOLON-RESEARCH-TOWER-069-UMBREON-HOLO-PSA-10-/305660396752
ed18fff8-06da-4601-ba43-e1a54fc0e46b,2024-03-31,600,PWCC Weekly Auctions,AUCTION,ok,0,https://www.fanaticscollect.com/weekly/7259f784-ea28-11ee-a743-0a58a9feac02
ed18fff8-06da-4601-ba43-e1a54fc0e46b,2022-08-21,720,PWCC Weekly Auctions,AUCTION,ok,0,https://www.fanaticscollect.com/weekly/319aa04e-6f23-11ed-806b-0a58a9feac02
ed7124f8-35cc-4be2-be0c-ca66e462e385,2026-09-18,208.5,eBay,AUCTION,ok,0,https://www.ebay.com/itm/298662225114
ed7124f8-35cc-4be2-be0c-ca66e462e385,2026-09-13,168,PWCC Weekly Auctions,AUCTION,ok,0,https://www.fanaticscollect.com/weekly/f9445632-a8bb-11f1-ab25-0a58a9feac02
ed7124f8-35cc-4be2-be0c-ca66e462e385,2026-09-12,210,eBay,BEST_OFFER,ok,0,https://www.ebay.com/itm/206546273688
ed7124f8-35cc-4be2-be0c-ca66e462e385,2026-09-10,200,eBay,BEST_OFFER,ok,0,https://www.ebay.com/itm/307160818513
ed7124f8-35cc-4be2-be0c-ca66e462e385,2026-09-06,222.5,eBay,AUCTION,ok,0,https://www.ebay.com/itm/117381309922
ed7124f8-35cc-4be2-be0c-ca66e462e385,2026-09-06,220,eBay,BEST_OFFER,ok,0,https://www.ebay.com/itm/298637538711
ed7124f8-35cc-4be2-be0c-ca66e462e385,2026-09-02,224.99,eBay,BUY_IT_NOW,ok,0,https://www.ebay.com/itm/117384455160
ed7124f8-35cc-4be2-be0c-ca66e462e385,2026-08-28,185,eBay,BEST_OFFER,ok,0,https://www.ebay.com/itm/298608471822
ed7124f8-35cc-4be2-be0c-ca66e462e385,2026-08-15,221,eBay,AUCTION,ok,0,https://www.ebay.com/itm/298566371932
ed7124f8-35cc-4be2-be0c-ca66e462e385,2026-08-12,206.87,eBay,BEST_OFFER,ok,0,https://www.ebay.com/itm/227471418573
edfb764d-b22e-4e99-a3e2-bd55af4bf402,2026-09-20,56,eBay,AUCTION,ok,0,https://www.ebay.com/itm/287575568116
edfb764d-b22e-4e99-a3e2-bd55af4bf402,2026-09-12,120,eBay,AUCTION,ok,0,https://www.ebay.com/itm/117395288303
edfb764d-b22e-4e99-a3e2-bd55af4bf402,2026-09-12,102.5,eBay,AUCTION,ok,0,https://www.ebay.com/itm/307162553786
edfb764d-b22e-4e99-a3e2-bd55af4bf402,2026-09-02,65.94,CardHobby,AUCTION,ok,0,https://www.cardhobby.com/#/carddetails/131196896
edfb764d-b22e-4e99-a3e2-bd55af4bf402,2026-08-15,125,eBay,BEST_OFFER,ok,0,https://www.ebay.com/itm/206493234333
edfb764d-b22e-4e99-a3e2-bd55af4bf402,2026-08-02,141.58,CardHobby,AUCTION,ok,0,https://www.cardhobby.com/#/carddetails/125562754
edfb764d-b22e-4e99-a3e2-bd55af4bf402,2026-05-30,118.5,eBay,AUCTION,ok,0,https://www.ebay.com/itm/127884518275
edfb764d-b22e-4e99-a3e2-bd55af4bf402,2026-05-16,177,eBay,BUY_IT_NOW,ok,0,https://www.ebay.com/itm/117197201155
edfb764d-b22e-4e99-a3e2-bd55af4bf402,2026-05-08,129.41,eBay,BUY_IT_NOW,ok,0,https://www.ebay.com/itm/188352646888
edfb764d-b22e-4e99-a3e2-bd55af4bf402,2026-04-16,100,eBay,BUY_IT_NOW,ok,0,https://www.ebay.com/itm/298194916929
eddf0f80-fd86-47cd-9c17-d7bbc4c89878,2026-09-10,1200,eBay,BEST_OFFER,ok,0,https://www.ebay.com/itm/227495812171
eddf0f80-fd86-47cd-9c17-d7bbc4c89878,2026-04-19,920,eBay,AUCTION,ok,0,https://www.ebay.com/itm/287265011779
eddf0f80-fd86-47cd-9c17-d7bbc4c89878,2026-03-29,1051.72,eBay,AUCTION,ok,0,https://www.ebay.com/itm/287220095443
eddf0f80-fd86-47cd-9c17-d7bbc4c89878,2025-10-16,1255,eBay,BEST_OFFER,ok,0,https://www.ebay.com/itm/388647289500
eddf0f80-fd86-47cd-9c17-d7bbc4c89878,2025-06-01,284.99,eBay,BUY_IT_NOW,ok,0,https://www.ebay.com/itm/115782210286
eddf0f80-fd86-47cd-9c17-d7bbc4c89878,2022-12-19,150,eBay,BEST_OFFER,ok,0,https://www.ebay.com/itm/PSA-10-2007-Pokemon-Diamond-Pearl-Mysterious-Treasures-26-Gyarados-POP-2-/275584221527
eddf0f80-fd86-47cd-9c17-d7bbc4c89878,2021-08-29,147.49,eBay,AUCTION,ok,0,https://www.ebay.com/itm/2007-Pokemon-Diamond-Pearl-Mysterious-Treasures-Reverse-Gyarados-PSA-10-POP-1-/234153240427
ed3550ac-1909-45b8-af35-71456bcaa694,2026-09-06,360,PWCC Weekly Auctions,AUCTION,ok,0,https://www.fanaticscollect.com/weekly/b3c9fd58-a05c-11f1-8904-0ae00c8963bd
ed3550ac-1909-45b8-af35-71456bcaa694,2026-08-30,405,eBay,AUCTION,ok,0,https://www.ebay.com/itm/298594273639
ed3550ac-1909-45b8-af35-71456bcaa694,2026-08-18,460,eBay,BEST_OFFER,ok,0,https://www.ebay.com/itm/800497996176
ed3550ac-1909-45b8-af35-71456bcaa694,2026-06-09,383.91,eBay,BUY_IT_NOW,ok,0,https://www.ebay.com/itm/336624023093
ed3550ac-1909-45b8-af35-71456bcaa694,2026-05-04,419.99,eBay,BUY_IT_NOW,ok,0,https://www.ebay.com/itm/406024184984
ed3550ac-1909-45b8-af35-71456bcaa694,2026-05-01,330,eBay,BUY_IT_NOW,ok,0,https://www.ebay.com/itm/366371502636
ed3550ac-1909-45b8-af35-71456bcaa694,2026-04-01,300,eBay,BEST_OFFER,ok,0,https://www.ebay.com/itm/168274081040
ed3550ac-1909-45b8-af35-71456bcaa694,2026-01-30,375,eBay,BEST_OFFER,ok,0,https://www.ebay.com/itm/365638956483
ed3550ac-1909-45b8-af35-71456bcaa694,2026-01-28,283.9,eBay,BEST_OFFER,ok,0,https://www.ebay.com/itm/127469712992
ed3550ac-1909-45b8-af35-71456bcaa694,2026-01-25,255,eBay,AUCTION,ok,0,https://www.ebay.com/itm/389511234849
eddad573-694d-4998-961f-98c36868a486,2026-09-10,1788,Alt,AUCTION,PENDING,0,https://alt.xyz/exchange/select-listing?ids=83e18ba2-e63c-43db-9671-c5a4eea5670a
eddad573-694d-4998-961f-98c36868a486,2026-06-28,1425,eBay,AUCTION,ok,0,https://www.ebay.com/itm/298434911789
eddad573-694d-4998-961f-98c36868a486,2026-04-12,1303,eBay,AUCTION,ok,0,https://www.ebay.com/itm/287247660877
eddad573-694d-4998-961f-98c36868a486,2026-04-07,1321,eBay,AUCTION,ok,0,https://www.ebay.com/itm/366318062414
eddad573-694d-4998-961f-98c36868a486,2026-03-02,1200,eBay,BUY_IT_NOW,ok,0,https://www.ebay.com/itm/277754809816
eddad573-694d-4998-961f-98c36868a486,2026-02-14,1000,eBay,BUY_IT_NOW,ok,0,https://www.ebay.com/itm/287033561806
eddad573-694d-4998-961f-98c36868a486,2026-01-28,750,eBay,BUY_IT_NOW,ok,0,https://www.ebay.com/itm/397510850523
eddad573-694d-4998-961f-98c36868a486,2025-12-18,399.99,eBay,BUY_IT_NOW,ok,0,https://www.ebay.com/itm/168004220054
eddad573-694d-4998-961f-98c36868a486,2025-12-12,335,eBay,BEST_OFFER,ok,0,https://www.ebay.com/itm/389294041229
eddad573-694d-4998-961f-98c36868a486,2025-08-11,300,eBay,BEST_OFFER,ok,0,https://www.ebay.com/itm/146764870368
ed107355-3592-4550-8418-80970ee5321e,2024-09-07,70,eBay,BEST_OFFER,ok,0,https://www.ebay.com/itm/Jolteon-PSA-10-Rising-Rivals-Platinum-Pokemon-/135230403157
ed107355-3592-4550-8418-80970ee5321e,2023-12-02,75,eBay,BUY_IT_NOW,ok,0,https://www.ebay.com/itm/Jolteon-PSA-10-Pokemon-Platinum-Rising-Rivals-26-111-/126079143914
ed107355-3592-4550-8418-80970ee5321e,2023-03-17,130,eBay,AUCTION,ok,0,https://www.ebay.com/itm/Pokemon-Card-Pop-5-PSA-10-Gem-Mint-Jolteon-2009-Rising-Rivals-Non-Holo-26-111-/364184076760
ed107355-3592-4550-8418-80970ee5321e,2023-01-07,130.31,eBay,AUCTION,ok,0,https://www.ebay.com/itm/Pokemon-Card-Pop-5-PSA-10-Gem-Mint-Jolteon-2009-Rising-Rivals-Non-Holo-26-111-/155337035518
ed107355-3592-4550-8418-80970ee5321e,2021-10-10,68.78,eBay,AUCTION,ok,0,https://www.ebay.com/itm/PSA-10-Gem-Mint-JOLTEON-Pokemon-TCG-Rising-Rivals-26-51069655-/294441518326
ed4b20d8-5b3d-44c9-be3a-e5d1831d8ba8,2026-09-17,525,eBay,AUCTION,ok,0,https://www.ebay.com/itm/128075919446
ed4b20d8-5b3d-44c9-be3a-e5d1831d8ba8,2026-09-13,420,PWCC Weekly Auctions,AUCTION,ok,0,https://www.fanaticscollect.com/weekly/84989816-9fdd-11f1-92bb-02fff4b5ca79
ed4b20d8-5b3d-44c9-be3a-e5d1831d8ba8,2026-07-17,600,eBay,BEST_OFFER,ok,0,https://www.ebay.com/itm/398167751731
ed4b20d8-5b3d-44c9-be3a-e5d1831d8ba8,2026-07-08,485,eBay,BEST_OFFER,ok,0,https://www.ebay.com/itm/358752218105
ed4b20d8-5b3d-44c9-be3a-e5d1831d8ba8,2026-07-06,573,eBay,AUCTION,ok,0,https://www.ebay.com/itm/307030417909
ed4b20d8-5b3d-44c9-be3a-e5d1831d8ba8,2026-06-30,630,eBay,AUCTION,ok,0,https://www.ebay.com/itm/117263600465
ed4b20d8-5b3d-44c9-be3a-e5d1831d8ba8,2026-06-09,535.89,eBay,AUCTION,ok,0,https://www.ebay.com/itm/298366163942
ed4b20d8-5b3d-44c9-be3a-e5d1831d8ba8,2026-06-07,550,eBay,AUCTION,ok,0,https://www.ebay.com/itm/287359313035
ed4b20d8-5b3d-44c9-be3a-e5d1831d8ba8,2026-05-17,760,eBay,AUCTION,ok,0,https://www.ebay.com/itm/306922776508
ed4b20d8-5b3d-44c9-be3a-e5d1831d8ba8,2026-04-29,650,eBay,BEST_OFFER,ok,0,https://www.ebay.com/itm/298257835935
edaacb92-3088-4e05-8f03-deb01e7ce5ab,2025-12-23,49.99,eBay,BEST_OFFER,ok,0,https://www.ebay.com/itm/115405829643
edaacb92-3088-4e05-8f03-deb01e7ce5ab,2021-10-28,21,PWCC Monthly Auctions,AUCTION,ok,0,https://www.pwccmarketplace.com/items/2994375
ed8c78b9-de11-48bd-93df-391277ae3a3b,2026-09-10,50,eBay,BEST_OFFER,ok,0,https://www.ebay.com/itm/117369095530
ed8c78b9-de11-48bd-93df-391277ae3a3b,2026-09-02,49.99,eBay,BUY_IT_NOW,ok,0,https://www.ebay.com/itm/227434428469
ed8c78b9-de11-48bd-93df-391277ae3a3b,2026-08-11,51,eBay,AUCTION,ok,0,https://www.ebay.com/itm/298556086152
ed8c78b9-de11-48bd-93df-391277ae3a3b,2026-06-24,50,eBay,BEST_OFFER,ok,0,https://www.ebay.com/itm/297718762214
ed8c78b9-de11-48bd-93df-391277ae3a3b,2026-03-14,25,eBay,AUCTION,ok,0,https://www.ebay.com/itm/298096398603
ed8c78b9-de11-48bd-93df-391277ae3a3b,2025-10-27,37.99,eBay,BUY_IT_NOW,RELISTED,0,https://www.ebay.com/itm/297672902926
ed8c78b9-de11-48bd-93df-391277ae3a3b,2025-10-07,20,eBay,BUY_IT_NOW,RELISTED,0,https://www.ebay.com/itm/297667152241
ed8c78b9-de11-48bd-93df-391277ae3a3b,2025-02-09,14.4,PWCC Weekly Auctions,AUCTION,ok,0,https://www.fanaticscollect.com/weekly/c8352e02-dce5-11ef-9f80-0a58a9feac02
ed8c78b9-de11-48bd-93df-391277ae3a3b,2025-02-09,14.4,PWCC Weekly Auctions,AUCTION,ok,0,https://www.fanaticscollect.com/weekly/818ab4c4-df6d-11ef-951d-0a369c946d33
ed8c78b9-de11-48bd-93df-391277ae3a3b,2025-01-21,29.99,eBay,BUY_IT_NOW,ok,0,https://www.ebay.com/itm/Shining-Fates-SV059-Indeedee-Holo-PSA-10-/356257071467
edb6d139-cb1f-4913-853a-90bc07b782ac,2026-09-11,89.99,eBay,BUY_IT_NOW,ok,0,https://www.ebay.com/itm/117399194055
edb6d139-cb1f-4913-853a-90bc07b782ac,2026-09-06,67.2,PWCC Weekly Auctions,AUCTION,ok,0,https://www.fanaticscollect.com/weekly/c5c70fec-a2f4-11f1-af3c-02fff039d4ad
edb6d139-cb1f-4913-853a-90bc07b782ac,2026-09-04,94.95,eBay,BUY_IT_NOW,ok,0,https://www.ebay.com/itm/128033299010
edb6d139-cb1f-4913-853a-90bc07b782ac,2026-09-03,80,eBay,BEST_OFFER,ok,0,https://www.ebay.com/itm/227453719131
edb6d139-cb1f-4913-853a-90bc07b782ac,2026-08-29,52.78,CardHobby,AUCTION,ok,0,https://www.cardhobby.com/#/carddetails/131495776
edb6d139-cb1f-4913-853a-90bc07b782ac,2026-07-26,65.96,eBay,AUCTION,ok,0,https://www.ebay.com/itm/137518225484
edb6d139-cb1f-4913-853a-90bc07b782ac,2026-07-16,76,eBay,AUCTION,ok,0,https://www.ebay.com/itm/298489288473
edb6d139-cb1f-4913-853a-90bc07b782ac,2026-07-08,59,eBay,AUCTION,ok,0,https://www.ebay.com/itm/377315728120
edb6d139-cb1f-4913-853a-90bc07b782ac,2026-06-28,70,eBay,AUCTION,ok,0,https://www.ebay.com/itm/398104014174
edb6d139-cb1f-4913-853a-90bc07b782ac,2026-06-25,75,eBay,BEST_OFFER,ok,0,https://www.ebay.com/itm/236894682804
ede52f3f-f183-45ff-888b-799af36d1202,2026-08-16,102.5,eBay,AUCTION,ok,0,https://www.ebay.com/itm/267752038464
ede52f3f-f183-45ff-888b-799af36d1202,2026-08-16,86.4,PWCC Weekly Auctions,AUCTION,ok,0,https://www.fanaticscollect.com/weekly/d9e97b5c-9027-11f1-8231-0a2225b56657
ede52f3f-f183-45ff-888b-799af36d1202,2026-08-02,130,eBay,BEST_OFFER,ok,0,https://www.ebay.com/itm/236963386788
ede52f3f-f183-45ff-888b-799af36d1202,2026-07-26,113.49,eBay,AUCTION,ok,0,https://www.ebay.com/itm/267732425751
ede52f3f-f183-45ff-888b-799af36d1202,2026-07-19,93,eBay,AUCTION,ok,0,https://www.ebay.com/itm/267725311934
ede52f3f-f183-45ff-888b-799af36d1202,2026-07-12,82,eBay,AUCTION,ok,0,https://www.ebay.com/itm/267716099491
ede52f3f-f183-45ff-888b-799af36d1202,2026-07-05,157.5,eBay,AUCTION,ok,0,https://www.ebay.com/itm/287424615088
ede52f3f-f183-45ff-888b-799af36d1202,2026-06-14,112.5,eBay,AUCTION,ok,0,https://www.ebay.com/itm/267693691720
ede52f3f-f183-45ff-888b-799af36d1202,2026-06-07,112.5,eBay,AUCTION,ok,0,https://www.ebay.com/itm/267688949774
ede52f3f-f183-45ff-888b-799af36d1202,2026-05-31,96,eBay,AUCTION,ok,0,https://www.ebay.com/itm/267679778459
ed6e609f-33bb-4d43-9b18-137e8987dd50,2026-07-23,7500,eBay,BUY_IT_NOW,ok,0,https://www.ebay.com/itm/306846008628
ed6e609f-33bb-4d43-9b18-137e8987dd50,2026-05-17,5160,PWCC Weekly Auctions,AUCTION,ok,0,https://www.fanaticscollect.com/weekly/f596eeb4-449d-11f1-8a5b-06b374838709
ed6e609f-33bb-4d43-9b18-137e8987dd50,2026-04-28,5111,eBay,AUCTION,ok,0,https://www.ebay.com/itm/389920711232
ed6e609f-33bb-4d43-9b18-137e8987dd50,2026-03-31,6000,eBay,BUY_IT_NOW,ok,0,https://www.ebay.com/itm/157703534488
ed6e609f-33bb-4d43-9b18-137e8987dd50,2026-03-01,3120,PWCC Weekly Auctions,AUCTION,ok,0,https://www.fanaticscollect.com/weekly/003477b0-0af6-11f1-8a85-02cda5302d0f
ed6e609f-33bb-4d43-9b18-137e8987dd50,2026-02-24,2999,PWCC Fixed Price,BEST_OFFER,ok,0,https://www.fanaticscollect.com/buy-now/c4bd9816-b78b-4bc2-bfa5-f9f9789b5ce1
ed6e609f-33bb-4d43-9b18-137e8987dd50,2026-02-22,1999.99,eBay,BUY_IT_NOW,ok,0,https://www.ebay.com/itm/157583565269
ed6e609f-33bb-4d43-9b18-137e8987dd50,2026-01-21,1679.88,eBay,BUY_IT_NOW,ok,0,https://www.ebay.com/itm/376815889990
ed6e609f-33bb-4d43-9b18-137e8987dd50,2025-06-01,750,eBay,BUY_IT_NOW,ok,0,https://www.ebay.com/itm/156252620733
ed6e609f-33bb-4d43-9b18-137e8987dd50,2024-01-15,552.56,eBay,BEST_OFFER,ok,0,https://www.ebay.com/itm/1998-Pokemon-Lt-Surges-Jolteon-CoroCoro-Comics-Glossy-Japanese-Promo-PSA-10-/204612480483
ed8325d3-f438-4f09-8b94-ba657a7f4538,2026-09-13,91,eBay,AUCTION,ok,0,https://www.ebay.com/itm/287565393715
ed8325d3-f438-4f09-8b94-ba657a7f4538,2026-09-08,135,eBay,BEST_OFFER,ok,0,https://www.ebay.com/itm/206540897291
ed8325d3-f438-4f09-8b94-ba657a7f4538,2026-09-03,119,eBay,BEST_OFFER,ok,0,https://www.ebay.com/itm/298639007936
ed8325d3-f438-4f09-8b94-ba657a7f4538,2026-08-31,150,eBay,BEST_OFFER,RELISTED,0,https://www.ebay.com/itm/206504764925
ed8325d3-f438-4f09-8b94-ba657a7f4538,2026-08-31,138.5,eBay,AUCTION,ok,0,https://www.ebay.com/itm/377439429505
ed8325d3-f438-4f09-8b94-ba657a7f4538,2026-08-30,120,eBay,BEST_OFFER,ok,0,https://www.ebay.com/itm/188728439968
ed8325d3-f438-4f09-8b94-ba657a7f4538,2026-08-28,142.86,eBay,BUY_IT_NOW,ok,0,https://www.ebay.com/itm/407166600771
ed8325d3-f438-4f09-8b94-ba657a7f4538,2026-08-20,145,eBay,BEST_OFFER,ok,0,https://www.ebay.com/itm/236916786670
ed8325d3-f438-4f09-8b94-ba657a7f4538,2026-07-25,123.38,CardHobby,AUCTION,ok,0,https://www.cardhobby.com/#/carddetails/124318261
ed8325d3-f438-4f09-8b94-ba657a7f4538,2026-07-23,170,eBay,BEST_OFFER,ok,0,https://www.ebay.com/itm/227405894039
ede4c136-5f80-404c-b00e-b33799f1ae48,2026-05-13,325,eBay,BEST_OFFER,ok,0,https://www.ebay.com/itm/236808992617
ede4c136-5f80-404c-b00e-b33799f1ae48,2022-02-13,71,eBay,AUCTION,ok,0,https://www.ebay.com/itm/PSA-10-Gem-Mint-AMPHAROS-Pokemon-TCG-Call-Legends-23-55793080-/294800095843
edf2f593-eee0-4e82-9da2-4bbf60cc0c06,2026-06-28,209.5,eBay,AUCTION,ok,0,https://www.ebay.com/itm/178243882695
edf2f593-eee0-4e82-9da2-4bbf60cc0c06,2026-04-09,239,PWCC Fixed Price,BEST_OFFER,ok,0,https://www.fanaticscollect.com/buy-now/a8a3185f-d6a8-4f5b-acd4-7c2bd8cc53d3
edf2f593-eee0-4e82-9da2-4bbf60cc0c06,2026-02-13,145,eBay,BEST_OFFER,ok,0,https://www.ebay.com/itm/394836607353
edf2f593-eee0-4e82-9da2-4bbf60cc0c06,2025-11-20,100,eBay,BUY_IT_NOW,ok,0,https://www.ebay.com/itm/297744268076
edf2f593-eee0-4e82-9da2-4bbf60cc0c06,2025-09-13,95,eBay,BEST_OFFER,ok,0,https://www.ebay.com/itm/394836607350
edf2f593-eee0-4e82-9da2-4bbf60cc0c06,2024-11-28,75,eBay,BEST_OFFER,ok,0,https://www.ebay.com/itm/2001-Pokemon-PSA-10-GEM-MINT-Japanese-Neo-4-Light-Machoke-67-/335631262032
edf2f593-eee0-4e82-9da2-4bbf60cc0c06,2024-10-06,124.99,eBay,BUY_IT_NOW,ok,0,https://www.ebay.com/itm/Pokemon-Light-Machoke-Japanese-Neo-4-Destiny-67-PSA-10-Gem-Mint-/176607967474
edf2f593-eee0-4e82-9da2-4bbf60cc0c06,2024-05-06,130,eBay,BUY_IT_NOW,ok,0,https://www.ebay.com/itm/PSA-10-Light-Machoke-No-067-Neo-4-Darkness-and-Light-Japanese-Pokemon-Card-/355649624720
edf2f593-eee0-4e82-9da2-4bbf60cc0c06,2023-07-19,149.95,eBay,BEST_OFFER,ok,0,https://www.ebay.com/itm/Pokemon-PSA-10-GEM-MT-JAPANESE-Light-Machoke-067-Neo-Destiny-9014-/256134309788
edf2f593-eee0-4e82-9da2-4bbf60cc0c06,2022-12-27,47.04,eBay,AUCTION,ok,0,https://www.ebay.com/itm/PSA-10-GEM-MINT-LIGHT-MACHOKE-NEO-DESTINY-2001-JAPANESE-POKEMON-NON-HOLO-CARD-/325470411909
ed98523f-3ab9-4209-8a30-8c26540736b1,2026-08-03,405,eBay,BEST_OFFER,ok,0,https://www.ebay.com/itm/158100335855
ed98523f-3ab9-4209-8a30-8c26540736b1,2026-06-13,430,eBay,AUCTION,ok,0,https://www.ebay.com/itm/358644786166
ed98523f-3ab9-4209-8a30-8c26540736b1,2026-02-23,300,eBay,BUY_IT_NOW,ok,0,https://www.ebay.com/itm/298060328174
ed98523f-3ab9-4209-8a30-8c26540736b1,2025-11-18,200,eBay,BEST_OFFER,ok,0,https://www.ebay.com/itm/297727335519
ed98523f-3ab9-4209-8a30-8c26540736b1,2024-09-30,50,eBay,BEST_OFFER,ok,0,https://www.ebay.com/itm/Pokemon-PSA-10-GEM-MINT-Tauros-133-165-Expedition-Non-Holo-2002-E-Reader-/225772835524
ed98523f-3ab9-4209-8a30-8c26540736b1,2024-07-14,63.75,eBay,BEST_OFFER,ok,0,https://www.ebay.com/itm/Pokemon-Tauros-2002-Expedition-133-165-PSA-GEM-MINT-10-/186547102003
ed98523f-3ab9-4209-8a30-8c26540736b1,2024-07-07,48.05,eBay,AUCTION,ok,0,https://www.ebay.com/itm/PSA-10-Tauros-2002-Pokemon-Card-133-165-Expedition-/186501521494
ed98523f-3ab9-4209-8a30-8c26540736b1,2023-03-18,90,PWCC Fixed Price,BEST_OFFER,ok,0,https://sales-history.pwccmarketplace.com/items/FIXED124872
ed98523f-3ab9-4209-8a30-8c26540736b1,2022-12-25,69.99,eBay,BUY_IT_NOW,ok,0,https://www.ebay.com/itm/2002-Pokemon-PSA-10-Expedition-Tauros-133-165-133-GEM-MINT-LOW-POP-/165805045003
ed98523f-3ab9-4209-8a30-8c26540736b1,2022-11-21,26,eBay,AUCTION,ok,0,https://www.ebay.com/itm/2002-Pokemon-Expedition-133-Tauros-PSA-10-GEM-MINT-/385226731716
ed012196-c55c-47a8-ba48-cfa8c5130242,2026-06-08,200,eBay,BEST_OFFER,ok,0,https://www.ebay.com/itm/397783726322
ed012196-c55c-47a8-ba48-cfa8c5130242,2024-03-24,51,eBay,AUCTION,ok,0,https://www.ebay.com/itm/Pokemon-PSA-10-GEM-MINT-Neo-4-Scyther-Japanese-Neo-Destiny-No-123-/256449553761
ed012196-c55c-47a8-ba48-cfa8c5130242,2024-03-03,40,eBay,AUCTION,RELISTED,0,https://www.ebay.com/itm/Pokemon-PSA-10-GEM-MINT-Neo-4-Scyther-Japanese-Neo-Destiny-No-123-/256423710037
ed012196-c55c-47a8-ba48-cfa8c5130242,2024-02-18,26,eBay,AUCTION,RELISTED,0,https://www.ebay.com/itm/Pokemon-PSA-10-GEM-MINT-Neo-4-Scyther-Japanese-Neo-Destiny-No-123-/256408750365
ed012196-c55c-47a8-ba48-cfa8c5130242,2023-11-09,40,eBay,BEST_OFFER,ok,0,https://www.ebay.com/itm/2001-Pokemon-Scyther-Japanese-Neo-4-PSA-10-Gem-Mint-/225864858610
ed012196-c55c-47a8-ba48-cfa8c5130242,2023-07-27,75,eBay,BEST_OFFER,ok,0,https://www.ebay.com/itm/Pokemon-Japanese-Neo-4-Scyther-PSA-10-123-Neo-Destiny-2001-/314552897516
ed012196-c55c-47a8-ba48-cfa8c5130242,2023-07-18,89.24,eBay,BUY_IT_NOW,ok,0,https://www.ebay.com/itm/Pokemon-Japanese-Scyther-Neo-4-Destiny-No-123-PSA-10-GEM-MINT-/364273461230
ed012196-c55c-47a8-ba48-cfa8c5130242,2022-12-27,37.39,eBay,AUCTION,ok,0,https://www.ebay.com/itm/PSA-10-GEM-MINT-SCYTHER-NEO-DESTINY-2001-JAPANESE-POKEMON-NON-HOLO-CARD-/325470381278
ed012196-c55c-47a8-ba48-cfa8c5130242,2022-03-11,49.99,eBay,BUY_IT_NOW,ok,0,https://www.ebay.com/itm/PSA-10-Gem-Mint-POKEMON-JAPANESE-NEO-4-Scyther-123-/134047731947
ed012196-c55c-47a8-ba48-cfa8c5130242,2022-02-20,89.99,eBay,BUY_IT_NOW,ok,0,https://www.ebay.com/itm/Psa-10-2001-Neo-Destiny-Japanese-Scyther-/393947205299
eda14c72-94a9-41cc-9526-9b1ffdd75ee3,2026-09-11,17.6,eBay,AUCTION,ok,0,https://www.ebay.com/itm/307161110995
eda14c72-94a9-41cc-9526-9b1ffdd75ee3,2026-08-27,17.5,eBay,AUCTION,ok,0,https://www.ebay.com/itm/168629392882
eda14c72-94a9-41cc-9526-9b1ffdd75ee3,2026-05-05,37.99,eBay,BEST_OFFER,ok,0,https://www.ebay.com/itm/374002170093
eda14c72-94a9-41cc-9526-9b1ffdd75ee3,2026-05-02,20,eBay,BEST_OFFER,ok,0,https://www.ebay.com/itm/318163338668
eda14c72-94a9-41cc-9526-9b1ffdd75ee3,2026-01-15,9.5,eBay,AUCTION,ok,0,https://www.ebay.com/itm/366106911614
eda14c72-94a9-41cc-9526-9b1ffdd75ee3,2026-01-01,25,eBay,BUY_IT_NOW,ok,0,https://www.ebay.com/itm/304767512642
eda14c72-94a9-41cc-9526-9b1ffdd75ee3,2025-09-10,32,eBay,BEST_OFFER,RELISTED,0,https://www.ebay.com/itm/205465925043
eda14c72-94a9-41cc-9526-9b1ffdd75ee3,2025-09-05,43,PWCC Fixed Price,BEST_OFFER,ok,0,https://sales-history.pwccmarketplace.com/items/FIXED315751
eda14c72-94a9-41cc-9526-9b1ffdd75ee3,2025-09-05,29.99,eBay,BUY_IT_NOW,ok,0,https://www.ebay.com/itm/116711231765
eda14c72-94a9-41cc-9526-9b1ffdd75ee3,2025-08-27,147.24,eBay,BUY_IT_NOW,ok,1,https://www.ebay.com/itm/116750774177
ede44ed4-4cee-46f7-990f-f5cdeb9ce42b,2026-09-09,285,eBay,BUY_IT_NOW,ok,0,https://www.ebay.com/itm/307165705891
ede44ed4-4cee-46f7-990f-f5cdeb9ce42b,2026-08-10,300,eBay,BEST_OFFER,ok,0,https://www.ebay.com/itm/307111095537
ede44ed4-4cee-46f7-990f-f5cdeb9ce42b,2025-10-14,43,eBay,AUCTION,ok,0,https://www.ebay.com/itm/306534814799
ede44ed4-4cee-46f7-990f-f5cdeb9ce42b,2025-10-14,41.1,eBay,AUCTION,ok,0,https://www.ebay.com/itm/297663466261
ede44ed4-4cee-46f7-990f-f5cdeb9ce42b,2025-10-12,100.34,eBay,BUY_IT_NOW,ok,0,https://www.ebay.com/itm/405457997424
ede44ed4-4cee-46f7-990f-f5cdeb9ce42b,2025-03-19,53.09,eBay,BEST_OFFER,ok,0,https://www.ebay.com/itm/256519051628
ede44ed4-4cee-46f7-990f-f5cdeb9ce42b,2025-01-26,30,PWCC Weekly Auctions,AUCTION,ok,0,https://www.fanaticscollect.com/weekly/6877cc5c-d305-11ef-a759-0a58a9feac02
ede44ed4-4cee-46f7-990f-f5cdeb9ce42b,2024-11-17,19.5,eBay,AUCTION,ok,0,https://www.ebay.com/itm/2013-POKEMON-JPN-B-W-SHINY-COLLECTION-1ST-EDITION-018-MINCCINO-HOLO-PSA-10-/305884193847
ede44ed4-4cee-46f7-990f-f5cdeb9ce42b,2024-09-22,30,PWCC Weekly Auctions,AUCTION,ok,0,https://www.fanaticscollect.com/weekly/35a21062-6d9d-11ef-82f3-0a58a9feac02
ede44ed4-4cee-46f7-990f-f5cdeb9ce42b,2024-07-28,19.2,PWCC Weekly Auctions,AUCTION,ok,0,https://www.fanaticscollect.com/weekly/6c225ba8-37cc-11ef-bf8c-0a58a9feac02
edd1e397-ab82-4b6a-a515-8cdfa00b7047,2025-11-25,1850,eBay,BUY_IT_NOW,ok,0,https://www.ebay.com/itm/406418778384
edd1e397-ab82-4b6a-a515-8cdfa00b7047,2025-10-27,2050,eBay,BUY_IT_NOW,RELISTED,0,https://www.ebay.com/itm/406323950589
edd1e397-ab82-4b6a-a515-8cdfa00b7047,2024-02-29,1000,eBay,BUY_IT_NOW,ok,0,https://www.ebay.com/itm/PSA-10-GEM-MINT-Bulbasaur-Expedition-Base-Reverse-Holo-Pokemon-Card-94-165-EF1-/225749918165
edd1e397-ab82-4b6a-a515-8cdfa00b7047,2022-10-16,265,eBay,AUCTION,ok,0,https://www.ebay.com/itm/PSA-GEM-MINT-10-Reverse-Holo-Bulbasaur-Pokemon-Card-WOTC-Expedition-94-165-/314181562461
edd1e397-ab82-4b6a-a515-8cdfa00b7047,2022-04-25,365,eBay,AUCTION,ok,0,https://www.ebay.com/itm/PSA-10-GEM-MINT-Bulbasaur-94-165-REVERSE-HOLO-Expedition-Pokemon-Card-CS19-637-/275260231360
edd1e397-ab82-4b6a-a515-8cdfa00b7047,2022-04-11,560,eBay,AUCTION,ok,0,https://www.ebay.com/itm/PSA-10-GEM-MINT-Bulbasaur-94-165-Expedition-REVERSE-HOLO-Pokemon-Card-CS4-694-/265624888176
ed017aa2-8df7-4ce6-a241-872463d5523b,2026-09-18,125,PWCC Fixed Price,BEST_OFFER,ok,0,https://www.fanaticscollect.com/buy-now/b4f9478f-67d2-49f2-b2e3-ff92f2a1fbcc
ed017aa2-8df7-4ce6-a241-872463d5523b,2026-09-18,48,eBay,AUCTION,ok,0,https://www.ebay.com/itm/298662266628
ed017aa2-8df7-4ce6-a241-872463d5523b,2026-08-30,50,eBay,BEST_OFFER,ok,0,https://www.ebay.com/itm/206515256588
ed017aa2-8df7-4ce6-a241-872463d5523b,2026-08-28,100,eBay,BEST_OFFER,ok,0,https://www.ebay.com/itm/404015098124
ed017aa2-8df7-4ce6-a241-872463d5523b,2026-08-13,51,eBay,AUCTION,ok,0,https://www.ebay.com/itm/128013492105
ed017aa2-8df7-4ce6-a241-872463d5523b,2026-05-13,60,eBay,BEST_OFFER,ok,0,https://www.ebay.com/itm/306937285618
ed017aa2-8df7-4ce6-a241-872463d5523b,2026-04-28,40,eBay,BEST_OFFER,ok,0,https://www.ebay.com/itm/397882815923
ed017aa2-8df7-4ce6-a241-872463d5523b,2026-03-25,95,eBay,BUY_IT_NOW,ok,0,https://www.ebay.com/itm/286272297055
ed017aa2-8df7-4ce6-a241-872463d5523b,2026-03-02,85,eBay,BEST_OFFER,ok,0,https://www.ebay.com/itm/188099345068
ed017aa2-8df7-4ce6-a241-872463d5523b,2026-02-08,59,eBay,AUCTION,ok,0,https://www.ebay.com/itm/117005657532
eda7de97-34fc-4406-9111-fc63eba564cb,2022-04-26,45,eBay,BUY_IT_NOW,ok,0,https://www.ebay.com/itm/Pokemon-Mr-Mime-Plasma-Freeze-47-Graded-Card-PSA-10-/154918621557
edb6b314-7854-4c89-bc33-e3dfd9cfdf2a,2024-07-20,43.99,eBay,BEST_OFFER,ok,0,https://www.ebay.com/itm/PSA-10-Lickitung-EX-Fire-Red-Leaf-Green-37-112-Pokemon-Card-B11-/204890875386
edb6b314-7854-4c89-bc33-e3dfd9cfdf2a,2023-12-14,31,eBay,AUCTION,ok,0,https://www.ebay.com/itm/2004-POKEMON-EX-FIRE-RED-LEAF-GREEN-37-LICKITUNG-POP-5-PSA-10-/364614189445
edb6b314-7854-4c89-bc33-e3dfd9cfdf2a,2022-05-05,194.99,eBay,BUY_IT_NOW,ok,0,https://www.ebay.com/itm/Lickitung-Pokemon-EX-Fire-Red-Leaf-Green-Card-37-112-PSA-10-Gem-MT-Low-Pop-4-/115337558488
ed39f38e-8736-4551-a785-97c73222a1ab,2026-08-31,48.97,eBay,AUCTION,ok,0,https://www.ebay.com/itm/820041618206
ed39f38e-8736-4551-a785-97c73222a1ab,2026-08-12,58.64,eBay,BUY_IT_NOW,ok,0,https://www.ebay.com/itm/358904862588
ed39f38e-8736-4551-a785-97c73222a1ab,2026-07-10,199.99,eBay,BUY_IT_NOW,ok,0,https://www.ebay.com/itm/127561055537
ed39f38e-8736-4551-a785-97c73222a1ab,2026-06-03,57,eBay,AUCTION,ok,0,https://www.ebay.com/itm/306961761839
ed39f38e-8736-4551-a785-97c73222a1ab,2026-05-17,58.99,eBay,BUY_IT_NOW,ok,0,https://www.ebay.com/itm/286762801506
ed39f38e-8736-4551-a785-97c73222a1ab,2026-05-07,42.99,eBay,BUY_IT_NOW,ok,0,https://www.ebay.com/itm/227238285518
ed39f38e-8736-4551-a785-97c73222a1ab,2026-04-30,45,eBay,BEST_OFFER,ok,0,https://www.ebay.com/itm/397872701923
ed39f38e-8736-4551-a785-97c73222a1ab,2026-04-18,31.59,eBay,BEST_OFFER,ok,0,https://www.ebay.com/itm/197180572977
ed39f38e-8736-4551-a785-97c73222a1ab,2026-04-05,50,eBay,BEST_OFFER,ok,0,https://www.ebay.com/itm/358181783613
ed39f38e-8736-4551-a785-97c73222a1ab,2026-03-15,32.5,eBay,BEST_OFFER,ok,0,https://www.ebay.com/itm/127730886732
ed67a1cf-df55-4588-8d9a-528265c15309,2025-08-29,1176,eBay,AUCTION,ok,0,https://www.ebay.com/itm/336139892272
ed67a1cf-df55-4588-8d9a-528265c15309,2025-04-28,635.74,eBay,AUCTION,ok,0,https://www.ebay.com/itm/187161767527
ed67a1cf-df55-4588-8d9a-528265c15309,2024-04-29,265,eBay,AUCTION,ok,0,https://www.ebay.com/itm/Pokemon-Raichu-Mysterious-Treasures-15-123-Holo-Rare-PSA-10-Gem-Mint-SWIRL-/335357220844
ed67a1cf-df55-4588-8d9a-528265c15309,2024-03-10,264,PWCC Weekly Auctions,AUCTION,ok,0,https://www.fanaticscollect.com/weekly/bd37f822-db5b-11ee-aba0-02025c066101
ed67a1cf-df55-4588-8d9a-528265c15309,2024-01-21,252,PWCC Weekly Auctions,AUCTION,ok,0,https://www.fanaticscollect.com/weekly/2f085144-b3f3-11ee-9fe0-0645ed2e14cd
ed67a1cf-df55-4588-8d9a-528265c15309,2024-01-14,276,PWCC Weekly Auctions,AUCTION,ok,0,https://www.fanaticscollect.com/weekly/f477c704-ad2a-11ee-8388-0af614176b57
ed67a1cf-df55-4588-8d9a-528265c15309,2023-06-18,219.5,eBay,AUCTION,ok,0,https://www.ebay.com/itm/2007-Pokemon-Diamond-Pearl-Mysterious-Treasures-15-123-Raichu-Holo-PSA-10-/185938984425
ed67a1cf-df55-4588-8d9a-528265c15309,2023-05-26,250,eBay,BEST_OFFER,ok,0,https://www.ebay.com/itm/PSA-Gem-Mint-10-2007-Pokemon-D-P-Mysterious-Treasures-Raichu-Holo-15-Pop-7-/225588995032
ed67a1cf-df55-4588-8d9a-528265c15309,2023-03-05,265,eBay,AUCTION,ok,0,https://www.ebay.com/itm/2007-Pokemon-D-P-Mysterious-Treasures-15-Raichu-Holo-PSA-10-GEM-MINT-/374529742352
ed67a1cf-df55-4588-8d9a-528265c15309,2022-05-17,849.48,eBay,AUCTION,ok,0,https://www.ebay.com/itm/Pokemon-Card-PSA-10-Gem-Mint-Raichu-EX-Mysterious-Treasures-2007-Holo-15-123-/115380930998
ed4176e7-7c1d-4e8d-bfdd-2385eb2f28d7,2025-05-07,40,eBay,BEST_OFFER,ok,0,https://www.ebay.com/itm/405831528552
ed4176e7-7c1d-4e8d-bfdd-2385eb2f28d7,2024-05-14,35,eBay,BEST_OFFER,ok,0,https://www.ebay.com/itm/PSA-10-Pokemon-Black-Star-Promo-Holo-Lunala-GX-SM103a-GEM-MINT-Condition-/176378298551
ed4176e7-7c1d-4e8d-bfdd-2385eb2f28d7,2023-10-07,20.5,eBay,AUCTION,ok,0,https://www.ebay.com/itm/Pokemon-Lunala-GX-Sun-Moon-Black-Star-Promo-172-156-Holo-Secret-Rare-PSA-10-/374961531422
ed4176e7-7c1d-4e8d-bfdd-2385eb2f28d7,2023-09-26,26,eBay,AUCTION,ok,0,https://www.ebay.com/itm/2018-Pokemon-Lunala-GX-Full-Art-Back-Star-Promo-SM103-PSA-10-GEM-MINT-/126104714630
ed4176e7-7c1d-4e8d-bfdd-2385eb2f28d7,2023-09-10,25,eBay,AUCTION,RELISTED,0,https://www.ebay.com/itm/2018-Pokemon-Lunala-GX-Full-Art-Back-Star-Promo-SM103-PSA-10-GEM-MINT-/126080524506
ed4176e7-7c1d-4e8d-bfdd-2385eb2f28d7,2022-06-12,35,eBay,AUCTION,ok,0,https://www.ebay.com/itm/pokemon-2018-Lunala-Gx-103a-Black-Star-Promo-PSA-10-/403701726302
ed4176e7-7c1d-4e8d-bfdd-2385eb2f28d7,2022-05-29,20,eBay,AUCTION,ok,0,https://www.ebay.com/itm/2018-Pokemon-PSA-10-Lunala-GX-SM103a-Hidden-Fates-Black-Star-Promo-/134126759028
ed32b3d5-d004-4f6a-99be-336c1cc92e79,2025-09-04,52.8,Alt,AUCTION,ok,0,https://alt.xyz/exchange/select-listing?ids=c0f8df29-87c1-4e35-a1de-441f8e209d31
ed32b3d5-d004-4f6a-99be-336c1cc92e79,2024-10-23,57.88,eBay,BUY_IT_NOW,ok,0,https://www.ebay.com/itm/Totodile-81-111-PSA-10-Neo-Genesis-Common-Pokemon-TCG-/235712499485
ed32b3d5-d004-4f6a-99be-336c1cc92e79,2024-10-21,108.99,eBay,BUY_IT_NOW,ok,0,https://www.ebay.com/itm/2000-Pokemon-Neo-Genesis-81-Totodile-PSA-10-Card-GEM-MINT-/404674299778
ed32b3d5-d004-4f6a-99be-336c1cc92e79,2024-08-08,52,eBay,AUCTION,ok,0,https://www.ebay.com/itm/2000-POKEMON-NEO-GENESIS-81-TOTODILE-PSA-10-/305703572020
ed32b3d5-d004-4f6a-99be-336c1cc92e79,2024-07-25,108.99,eBay,BUY_IT_NOW,ok,0,https://www.ebay.com/itm/2000-Pokemon-Neo-Genesis-81-Totodile-PSA-10-Card-GEM-MINT-Trusted-Seller-Pop7-/404674299778
ed32b3d5-d004-4f6a-99be-336c1cc92e79,2024-02-12,80,eBay,BUY_IT_NOW,ok,0,https://www.ebay.com/itm/2000-Pokemon-Neo-Genesis-81-Totodile-PSA-10-Card-GEM-MINT-Trusted-Seller-Pop7-/404674299778
ed32b3d5-d004-4f6a-99be-336c1cc92e79,2024-02-04,64.81,eBay,AUCTION,ok,0,https://www.ebay.com/itm/2000-POKEMON-NEO-GENESIS-81-TOTODILE-PSA-10-/134906559085
ed32b3d5-d004-4f6a-99be-336c1cc92e79,2023-12-08,92.55,eBay,BUY_IT_NOW,ok,0,https://www.ebay.com/itm/2000-Pokemon-Neo-Genesis-81-Totodile-PSA-10-Card-GEM-MINT-Trusted-Seller-Pop7-/155081069176
ed32b3d5-d004-4f6a-99be-336c1cc92e79,2023-07-03,42,eBay,AUCTION,ok,0,https://www.ebay.com/itm/PSA-10-GEM-MINT-Totodile-81-111-Neo-Genesis-Pokemon-Card-CS1-519-/314671881924
ed32b3d5-d004-4f6a-99be-336c1cc92e79,2023-05-14,57,eBay,AUCTION,ok,0,https://www.ebay.com/itm/2000-Pokemon-Neo-Genesis-Unlimited-Totodile-81-111-PSA-10-Gem-Mint-/394613039021
ed4fccfd-49ed-4edd-a901-09f1e51ce0a7,2026-09-06,300,PWCC Weekly Auctions,AUCTION,ok,0,https://www.fanaticscollect.com/weekly/6d897266-a2f4-11f1-8b9b-0a0752a7a3f1
ed4fccfd-49ed-4edd-a901-09f1e51ce0a7,2026-08-11,311,eBay,AUCTION,ok,0,https://www.ebay.com/itm/336730600080
ed4fccfd-49ed-4edd-a901-09f1e51ce0a7,2026-08-08,427.53,CardHobby,AUCTION,ok,0,https://www.cardhobby.com/#/carddetails/126142951
ed4fccfd-49ed-4edd-a901-09f1e51ce0a7,2026-07-12,290,eBay,AUCTION,ok,0,https://www.ebay.com/itm/117279048620
ed4fccfd-49ed-4edd-a901-09f1e51ce0a7,2026-06-26,426.7,CardHobby,AUCTION,ok,0,https://www.cardhobby.com/#/carddetails/118151139
ed4fccfd-49ed-4edd-a901-09f1e51ce0a7,2026-06-21,484.75,CardHobby,AUCTION,ok,0,https://www.cardhobby.com/#/carddetails/117115429
ed4fccfd-49ed-4edd-a901-09f1e51ce0a7,2026-05-24,431,eBay,AUCTION,ok,0,https://www.ebay.com/itm/306938877125
ed4fccfd-49ed-4edd-a901-09f1e51ce0a7,2026-05-23,610,eBay,AUCTION,NOT_PAID,0,https://www.ebay.com/itm/800038083857
ed4fccfd-49ed-4edd-a901-09f1e51ce0a7,2026-04-11,825,eBay,AUCTION,ok,0,https://www.ebay.com/itm/389856541303
ed4fccfd-49ed-4edd-a901-09f1e51ce0a7,2026-04-11,444.99,eBay,BUY_IT_NOW,ok,0,https://www.ebay.com/itm/327082139771
ed15ec6c-5bd4-46c2-bfc6-9a0d61b9ff61,2022-12-29,5,eBay,AUCTION,ok,0,https://www.ebay.com/itm/Pokemon-Champions-Path-Turffield-Stadium-Reverse-Holo-068-073-PSA-10-/304747858002
ed15ec6c-5bd4-46c2-bfc6-9a0d61b9ff61,2022-07-28,9.99,eBay,AUCTION,ok,0,https://www.ebay.com/itm/2020-Pokemon-SWSH-Turffield-Stadium-Champions-Reverse-Foil-068-PSA-10-GEM-35-/134178583452
ed454b60-fad1-4462-be42-cc0dacaacdbe,2022-08-11,36.68,eBay,BEST_OFFER,ok,0,https://www.ebay.com/itm/PSA-10-Raboot-33-202-Sword-Shield-Pokemon-Card-/203293513050
ed84d369-6474-4de5-adeb-67f027fdb2ad,2026-09-21,81,eBay,AUCTION,ok,0,https://www.ebay.com/itm/407223189839
ed84d369-6474-4de5-adeb-67f027fdb2ad,2026-09-19,66,eBay,AUCTION,ok,0,https://www.ebay.com/itm/307173117636
ed84d369-6474-4de5-adeb-67f027fdb2ad,2026-09-19,62,eBay,AUCTION,ok,0,https://www.ebay.com/itm/307173117834
ed84d369-6474-4de5-adeb-67f027fdb2ad,2026-09-17,100.69,eBay,AUCTION,ok,0,https://www.ebay.com/itm/237061503545
ed84d369-6474-4de5-adeb-67f027fdb2ad,2026-09-05,128.92,eBay,AUCTION,ok,0,https://www.ebay.com/itm/287552730902
ed84d369-6474-4de5-adeb-67f027fdb2ad,2026-08-30,95.97,CardHobby,AUCTION,ok,0,https://www.cardhobby.com/#/carddetails/131469665
ed84d369-6474-4de5-adeb-67f027fdb2ad,2026-08-10,131.15,CardHobby,AUCTION,ok,0,https://www.cardhobby.com/#/carddetails/126520638
ed84d369-6474-4de5-adeb-67f027fdb2ad,2026-08-02,141.36,CardHobby,AUCTION,ok,0,https://www.cardhobby.com/#/carddetails/125574466
ed84d369-6474-4de5-adeb-67f027fdb2ad,2026-07-31,140,eBay,AUCTION,ok,0,https://www.ebay.com/itm/117318659044
ed84d369-6474-4de5-adeb-67f027fdb2ad,2025-12-11,56.4,Alt,AUCTION,ok,0,https://alt.xyz/exchange/select-listing?ids=84a82440-fbd1-440d-b8c6-dc99ce22e61d
eda93923-37cd-47f1-b5c5-dfa2041a104d,2026-06-27,79.99,eBay,BUY_IT_NOW,ok,0,https://www.ebay.com/itm/177863517007
eda93923-37cd-47f1-b5c5-dfa2041a104d,2026-02-21,99.9,eBay,BEST_OFFER,ok,0,https://www.ebay.com/itm/286050827702
eda93923-37cd-47f1-b5c5-dfa2041a104d,2026-02-18,79.99,eBay,BEST_OFFER,ok,0,https://www.ebay.com/itm/177505804033
eda93923-37cd-47f1-b5c5-dfa2041a104d,2024-09-15,15.5,eBay,AUCTION,ok,0,https://www.ebay.com/itm/2002-POKEMON-LEGENDARY-COLLECTION-50-KAKUNA-CARD-PSA-GEM-MINT-10-/286051784360
eda93923-37cd-47f1-b5c5-dfa2041a104d,2024-08-31,22.5,eBay,AUCTION,ok,0,https://www.ebay.com/itm/2002-Pokemon-Legendary-Collection-Kakuna-50-PSA-10-/335540328771
eda93923-37cd-47f1-b5c5-dfa2041a104d,2024-04-03,12,eBay,AUCTION,ok,0,https://www.ebay.com/itm/Kakuna-Legendary-Collection-PSA-10-/326069290070
eda93923-37cd-47f1-b5c5-dfa2041a104d,2022-08-28,26.4,PWCC Weekly Auctions,AUCTION,ok,0,https://www.fanaticscollect.com/weekly/32502414-6f23-11ed-9abc-0a58a9feac02
ed06992f-817a-4292-9962-befa50a2dcd5,2026-08-09,2200,eBay,AUCTION,ok,1,https://www.ebay.com/itm/287495385796
ed06992f-817a-4292-9962-befa50a2dcd5,2024-03-17,124,eBay,BUY_IT_NOW,ok,0,https://www.ebay.com/itm/2005-Pokemon-EX-Unseen-Forces-56-Flaaffy-Reverse-Foil-PSA-10-Gem-MINT-/404805441638
ed06992f-817a-4292-9962-befa50a2dcd5,2023-05-14,56,eBay,AUCTION,ok,0,https://www.ebay.com/itm/Pokemon-Flaaffy-EX-Unseen-Forces-Reverse-Holo-56-PSA-10-Gem-Mint-/285268089776
ed06992f-817a-4292-9962-befa50a2dcd5,2023-03-25,88.59,eBay,AUCTION,ok,0,https://www.ebay.com/itm/2005-Pokemon-PSA-10-Reverse-Foil-Flaaffy-56-115-Ex-Unseen-Forces-GEM-MINT-/334795570641
ed06992f-817a-4292-9962-befa50a2dcd5,2022-12-23,73,eBay,AUCTION,ok,0,https://www.ebay.com/itm/2005-Pokemon-Ex-Unseen-Forces-56-Flaaffy-Reverse-Foil-PSA-10-GEM-MINT-/314278191866
ed06992f-817a-4292-9962-befa50a2dcd5,2022-11-21,71,eBay,AUCTION,ok,0,https://www.ebay.com/itm/2005-Pokemon-Ex-Unseen-Forces-56-Flaaffy-Reverse-Foil-PSA-10-GEM-MINT-/364046435714
ed06992f-817a-4292-9962-befa50a2dcd5,2022-09-03,175,eBay,BUY_IT_NOW,ok,0,https://www.ebay.com/itm/LOW-POP-Pokemon-EX-Unseen-Forces-PSA-10-Gem-Mint-Reverse-Flaaffy-56-115-/203580391234
edb73008-9674-4ff4-820d-9bfec1677141,2026-09-04,135,eBay,BEST_OFFER,ok,0,https://www.ebay.com/itm/394625159249
edb73008-9674-4ff4-820d-9bfec1677141,2026-08-27,150,eBay,BEST_OFFER,ok,0,https://www.ebay.com/itm/257698498879
edb73008-9674-4ff4-820d-9bfec1677141,2026-08-06,155,eBay,BUY_IT_NOW,ok,0,https://www.ebay.com/itm/298453263610
edb73008-9674-4ff4-820d-9bfec1677141,2026-07-25,115,eBay,BEST_OFFER,ok,0,https://www.ebay.com/itm/188691692025
edb73008-9674-4ff4-820d-9bfec1677141,2026-07-20,149.99,eBay,BUY_IT_NOW,ok,0,https://www.ebay.com/itm/158100934423
edb73008-9674-4ff4-820d-9bfec1677141,2026-07-05,126.69,eBay,AUCTION,ok,0,https://www.ebay.com/itm/287424610916
edb73008-9674-4ff4-820d-9bfec1677141,2026-06-17,130,eBay,BEST_OFFER,ok,0,https://www.ebay.com/itm/800059038732
edb73008-9674-4ff4-820d-9bfec1677141,2026-05-28,130,eBay,BUY_IT_NOW,ok,0,https://www.ebay.com/itm/377027738297
edb73008-9674-4ff4-820d-9bfec1677141,2026-05-01,110,eBay,BEST_OFFER,ok,0,https://www.ebay.com/itm/286700070799
edb73008-9674-4ff4-820d-9bfec1677141,2026-01-29,90,eBay,BEST_OFFER,ok,0,https://www.ebay.com/itm/157552482051
ed1cc7d0-5cd8-4d00-87bc-5824050b1ac6,2026-09-18,125,eBay,BEST_OFFER,ok,0,https://www.ebay.com/itm/206561751095
ed1cc7d0-5cd8-4d00-87bc-5824050b1ac6,2026-09-14,125,eBay,BEST_OFFER,ok,0,https://www.ebay.com/itm/188748366308
ed1cc7d0-5cd8-4d00-87bc-5824050b1ac6,2026-09-14,94,eBay,AUCTION,ok,0,https://www.ebay.com/itm/298654674702
ed1cc7d0-5cd8-4d00-87bc-5824050b1ac6,2026-09-09,130,eBay,BUY_IT_NOW,ok,0,https://www.ebay.com/itm/168570292448
ed1cc7d0-5cd8-4d00-87bc-5824050b1ac6,2026-09-04,127.5,eBay,AUCTION,ok,0,https://www.ebay.com/itm/227495815586
ed1cc7d0-5cd8-4d00-87bc-5824050b1ac6,2026-09-04,122.5,eBay,AUCTION,ok,0,https://www.ebay.com/itm/318792694463
ed1cc7d0-5cd8-4d00-87bc-5824050b1ac6,2026-08-19,127.5,eBay,AUCTION,ok,0,https://www.ebay.com/itm/287528897558
ed1cc7d0-5cd8-4d00-87bc-5824050b1ac6,2026-08-16,185,eBay,BEST_OFFER,ok,0,https://www.ebay.com/itm/307118341193
ed1cc7d0-5cd8-4d00-87bc-5824050b1ac6,2026-08-14,140,eBay,BEST_OFFER,ok,0,https://www.ebay.com/itm/147489788835
ed1cc7d0-5cd8-4d00-87bc-5824050b1ac6,2026-07-27,185,eBay,BUY_IT_NOW,ok,0,https://www.ebay.com/itm/800407059903
ed9b7c2f-3e0e-4e40-acdf-4e6640881f9a,2023-10-12,68.44,eBay,BEST_OFFER,ok,0,https://www.ebay.com/itm/PSA-10-Goodra-74-106-Holo-2014-Flashfire-GEM-MINT-POP-4-/266443780747
ed9b7c2f-3e0e-4e40-acdf-4e6640881f9a,2022-11-14,41,eBay,AUCTION,ok,0,https://www.ebay.com/itm/2014-Pokemon-XY-Flashfire-Holographic-Goodra-74-106-PSA-10-GEM-MT-/255816361128
ed05a807-d239-434b-b5d7-c2f8496b583f,2026-09-19,55,eBay,AUCTION,ok,0,https://www.ebay.com/itm/287583160938
ed05a807-d239-434b-b5d7-c2f8496b583f,2026-09-16,78.99,eBay,BUY_IT_NOW,ok,0,https://www.ebay.com/itm/287535432521
ed05a807-d239-434b-b5d7-c2f8496b583f,2026-09-05,52,eBay,AUCTION,ok,0,https://www.ebay.com/itm/307149334797
ed05a807-d239-434b-b5d7-c2f8496b583f,2026-07-05,45,eBay,BUY_IT_NOW,ok,0,https://www.ebay.com/itm/336673705209
ed05a807-d239-434b-b5d7-c2f8496b583f,2026-06-28,66,eBay,AUCTION,ok,0,https://www.ebay.com/itm/287396847404
ed05a807-d239-434b-b5d7-c2f8496b583f,2026-06-11,65,eBay,BUY_IT_NOW,ok,0,https://www.ebay.com/itm/227384432514
ed05a807-d239-434b-b5d7-c2f8496b583f,2026-06-09,53.36,eBay,BEST_OFFER,ok,0,https://www.ebay.com/itm/227196756765
ed05a807-d239-434b-b5d7-c2f8496b583f,2026-06-06,43.99,eBay,AUCTION,ok,0,https://www.ebay.com/itm/377226864821
ed05a807-d239-434b-b5d7-c2f8496b583f,2026-06-01,33,PWCC Fixed Price,BEST_OFFER,ok,0,https://www.fanaticscollect.com/buy-now/ffc7ee71-9390-4dd8-bba2-9216bbd4cf61
ed05a807-d239-434b-b5d7-c2f8496b583f,2026-05-18,40,eBay,BUY_IT_NOW,ok,0,https://www.ebay.com/itm/178120220843
ed1ea02b-5253-4b56-8878-279ca8d5b06f,2025-08-29,95,eBay,BEST_OFFER,ok,0,https://www.ebay.com/itm/397003920515
ed1ea02b-5253-4b56-8878-279ca8d5b06f,2025-08-27,95,eBay,BEST_OFFER,RELISTED,0,https://www.ebay.com/itm/396669927263
ed1ea02b-5253-4b56-8878-279ca8d5b06f,2025-07-26,24.5,eBay,AUCTION,ok,0,https://www.ebay.com/itm/317098247080
ed1ea02b-5253-4b56-8878-279ca8d5b06f,2025-06-22,49.2,PWCC Weekly Auctions,AUCTION,ok,0,https://www.fanaticscollect.com/weekly/4423c4d0-45a3-11f0-80c6-0a58a9feac02
ed1ea02b-5253-4b56-8878-279ca8d5b06f,2024-07-07,31.98,eBay,AUCTION,ok,0,https://www.ebay.com/itm/PSA-10-Gem-Mint-1st-Edition-Houndour-018-084-Rocket-Gang-Strikes-Back-2004-/355822415650
ed1ea02b-5253-4b56-8878-279ca8d5b06f,2022-12-14,80,eBay,AUCTION,ok,0,https://www.ebay.com/itm/2004-Pokemon-Japanese-Houndour-Rocket-Gang-Strike-Back-1st-Ed-018-PSA-10-/185693518679
ed698b9b-a8b3-4fe5-9de2-057e555f933e,2026-09-13,919.24,eBay,BEST_OFFER,ok,0,https://www.ebay.com/itm/336596458175
ed698b9b-a8b3-4fe5-9de2-057e555f933e,2026-09-03,1300,eBay,BEST_OFFER,ok,0,https://www.ebay.com/itm/407149538474
ed698b9b-a8b3-4fe5-9de2-057e555f933e,2026-08-21,1200,eBay,BEST_OFFER,ok,0,https://www.ebay.com/itm/366599859691
ed698b9b-a8b3-4fe5-9de2-057e555f933e,2026-08-19,1030,eBay,AUCTION,ok,0,https://www.ebay.com/itm/800498322942
ed698b9b-a8b3-4fe5-9de2-057e555f933e,2026-08-03,1000,eBay,AUCTION,ok,0,https://www.ebay.com/itm/377374378814
ed698b9b-a8b3-4fe5-9de2-057e555f933e,2026-07-25,1475,eBay,BUY_IT_NOW,ok,0,https://www.ebay.com/itm/158037199605
ed698b9b-a8b3-4fe5-9de2-057e555f933e,2026-07-19,990,PWCC Weekly Auctions,AUCTION,ok,0,https://www.fanaticscollect.com/weekly/6056ceaa-7a85-11f1-810e-0a58a9feac02
ed698b9b-a8b3-4fe5-9de2-057e555f933e,2026-07-13,1399.99,eBay,BUY_IT_NOW,ok,0,https://www.ebay.com/itm/178073598792
ed698b9b-a8b3-4fe5-9de2-057e555f933e,2026-06-29,1100,eBay,BEST_OFFER,ok,0,https://www.ebay.com/itm/298453327776
ed698b9b-a8b3-4fe5-9de2-057e555f933e,2026-06-26,1200,eBay,BEST_OFFER,ok,0,https://www.ebay.com/itm/158027265008
ed7eb173-717a-4007-b67d-88751693c4e5,2026-04-19,1275,eBay,AUCTION,ok,0,https://www.ebay.com/itm/287265144196
ed7eb173-717a-4007-b67d-88751693c4e5,2025-11-09,391,eBay,AUCTION,ok,0,https://www.ebay.com/itm/286909475072
ed7eb173-717a-4007-b67d-88751693c4e5,2025-09-18,425,eBay,BEST_OFFER,ok,0,https://www.ebay.com/itm/167654351307
ed7eb173-717a-4007-b67d-88751693c4e5,2023-11-19,64.8,PWCC Weekly Auctions,AUCTION,ok,0,https://www.fanaticscollect.com/weekly/f8757480-7672-11ee-ad92-0217db0c4d4d
ed7eb173-717a-4007-b67d-88751693c4e5,2023-01-02,62,eBay,AUCTION,ok,0,https://www.ebay.com/itm/2005-Pokemon-PSA-10-Reverse-Holo-Slugma-73-115-Ex-Unseen-Forces-GEM-MINT-/334677744097
edccd5d0-4092-4fae-9e52-76ea3347f153,2026-08-18,36,eBay,AUCTION,ok,0,https://www.ebay.com/itm/318714252142
edccd5d0-4092-4fae-9e52-76ea3347f153,2026-07-11,45,eBay,BEST_OFFER,ok,0,https://www.ebay.com/itm/137255480758
edccd5d0-4092-4fae-9e52-76ea3347f153,2026-06-05,45.99,eBay,BUY_IT_NOW,ok,0,https://www.ebay.com/itm/267414756575
edccd5d0-4092-4fae-9e52-76ea3347f153,2026-05-24,37.06,eBay,AUCTION,ok,0,https://www.ebay.com/itm/406920052019
edccd5d0-4092-4fae-9e52-76ea3347f153,2025-12-14,32.99,eBay,AUCTION,ok,0,https://www.ebay.com/itm/177655704104
edccd5d0-4092-4fae-9e52-76ea3347f153,2025-09-16,49.99,eBay,BEST_OFFER,ok,0,https://www.ebay.com/itm/356613602419
edccd5d0-4092-4fae-9e52-76ea3347f153,2025-07-17,42.99,eBay,BUY_IT_NOW,ok,0,https://www.ebay.com/itm/326436235100
edccd5d0-4092-4fae-9e52-76ea3347f153,2025-06-11,26,eBay,AUCTION,ok,0,https://www.ebay.com/itm/306326363604
edccd5d0-4092-4fae-9e52-76ea3347f153,2025-06-05,22.5,eBay,AUCTION,ok,0,https://www.ebay.com/itm/226784684174
edccd5d0-4092-4fae-9e52-76ea3347f153,2025-06-01,16,eBay,BEST_OFFER,ok,0,https://www.ebay.com/itm/335948478904
ed40eabf-c207-42e1-bfb2-4dfa607f2a6b,2026-09-17,25.65,CardHobby,AUCTION,ok,0,https://www.cardhobby.com/#/carddetails/135579201
ed40eabf-c207-42e1-bfb2-4dfa607f2a6b,2026-09-13,38,eBay,AUCTION,ok,0,https://www.ebay.com/itm/307163452723
ed40eabf-c207-42e1-bfb2-4dfa607f2a6b,2026-08-30,37.54,eBay,AUCTION,ok,0,https://www.ebay.com/itm/298608893876
ed40eabf-c207-42e1-bfb2-4dfa607f2a6b,2026-08-23,29.73,CardHobby,AUCTION,ok,0,https://www.cardhobby.com/#/carddetails/130488379
ed40eabf-c207-42e1-bfb2-4dfa607f2a6b,2026-08-21,41,eBay,BEST_OFFER,ok,0,https://www.ebay.com/itm/298482637720
ed40eabf-c207-42e1-bfb2-4dfa607f2a6b,2026-08-19,32.12,CardHobby,AUCTION,ok,0,https://www.cardhobby.com/#/carddetails/129252609
ed40eabf-c207-42e1-bfb2-4dfa607f2a6b,2026-07-31,35,eBay,AUCTION,ok,0,https://www.ebay.com/itm/327277195970
ed40eabf-c207-42e1-bfb2-4dfa607f2a6b,2026-07-27,34.3,CardHobby,AUCTION,ok,0,https://www.cardhobby.com/#/carddetails/125215470
ed40eabf-c207-42e1-bfb2-4dfa607f2a6b,2026-07-17,60,eBay,BEST_OFFER,ok,0,https://www.ebay.com/itm/298430206126
ed40eabf-c207-42e1-bfb2-4dfa607f2a6b,2026-07-16,37.2,Alt,AUCTION,ok,0,https://alt.xyz/exchange/select-listing?ids=805020bf-f57c-4027-9177-60b870100ff6
ed889a10-9b89-4e66-a712-48fce5b021f8,2026-08-04,64,eBay,AUCTION,ok,0,https://www.ebay.com/itm/298537636197
ed889a10-9b89-4e66-a712-48fce5b021f8,2025-01-28,18.79,eBay,AUCTION,ok,0,https://www.ebay.com/itm/2009-Pokemon-Japanese-Soulsilver-1st-Ed-062-Miltank-PSA-10-GEM-MINT-/375940218902
ed889a10-9b89-4e66-a712-48fce5b021f8,2023-09-03,32.38,eBay,AUCTION,ok,0,https://www.ebay.com/itm/POKEMON-PSA-10-MILTANK-062-070-JAPANESE-GRADED-SOULSILVER-COLLECTION-/266393360929
ed889a10-9b89-4e66-a712-48fce5b021f8,2023-06-16,25.38,eBay,AUCTION,ok,0,https://www.ebay.com/itm/PSA-10-MILTANK-062-070-L1-SOULSILVER-COLLECTION-1ST-EDITION-POKEMON-JAPANESE-/266286269418
ed889a10-9b89-4e66-a712-48fce5b021f8,2023-02-04,27.9,eBay,AUCTION,ok,0,https://www.ebay.com/itm/POKEMON-PSA-10-MILTANK-062-070-SOULSILVER-COLLECTION-1ST-ED-JAPANESE-/266103789640
eda97d36-fbf7-4650-a70b-d21237044c78,2026-04-09,134.36,eBay,BEST_OFFER,ok,0,https://www.ebay.com/itm/287232635862
eda97d36-fbf7-4650-a70b-d21237044c78,2023-12-22,99.99,eBay,BUY_IT_NOW,ok,0,https://www.ebay.com/itm/Pokemon-Black-White-Dragon-Vault-Super-Rod-Holo-20-PSA-10-Gem-Mint-/334927176062
eda97d36-fbf7-4650-a70b-d21237044c78,2023-06-18,26.9,eBay,AUCTION,ok,0,https://www.ebay.com/itm/Pokemon-Super-Rod-B-W-Dragon-Vault-Holo-20-PSA-10-Gem-Mint-/285320736006
eda97d36-fbf7-4650-a70b-d21237044c78,2023-03-19,31.2,PWCC Weekly Auctions,AUCTION,ok,0,https://www.fanaticscollect.com/weekly/fb7117b0-abcb-11ed-a44d-0a58a9feac02
edfdba14-5396-4e09-aab6-09eb567b1058,2026-07-28,1775,eBay,AUCTION,ok,1,https://www.ebay.com/itm/800384051696
edfdba14-5396-4e09-aab6-09eb567b1058,2023-11-01,69,eBay,BEST_OFFER,ok,0,https://www.ebay.com/itm/PSA-10-2010-Black-Belt-1st-Edition-077-Pokemon-Card-Japanese-Clash-Summit-GEM-/225604792307
edfdba14-5396-4e09-aab6-09eb567b1058,2023-05-21,39.6,PWCC Weekly Auctions,AUCTION,ok,0,https://www.fanaticscollect.com/weekly/06309064-d82b-11ed-8edb-0a58a9feac02
edfdba14-5396-4e09-aab6-09eb567b1058,2023-04-21,38.5,eBay,AUCTION,ok,0,https://www.ebay.com/itm/PSA-10-2010-Black-Belt-1st-Edition-077-Pokemon-Card-Japanese-Clash-Summit-GEM-/145031395306
ed40ceb5-cdb9-4fe7-acdd-7844bb332149,2023-07-06,17.5,eBay,BEST_OFFER,ok,0,https://www.ebay.com/itm/2022-POKEMON-JAPANESE-SWORD-SHIELD-DARK-PHANTASMA-033-HISUIAN-ARCANINE-PSA-10-/334938735664
ed40ceb5-cdb9-4fe7-acdd-7844bb332149,2023-05-18,29,eBay,AUCTION,ok,0,https://www.ebay.com/itm/2022-Pokemon-Japanese-SWSH-Dark-Phantasma-033-Hisuian-Arcanine-PSA-10-GEM-MINT-/374691625513
ed40ceb5-cdb9-4fe7-acdd-7844bb332149,2023-05-18,20.5,eBay,AUCTION,ok,0,https://www.ebay.com/itm/2022-POKEMON-JAPANESE-SWORD-SHIELD-DARK-PHANTASMA-033-HISUIAN-ARCANINE-PSA-10-/125930744476
edc9ac35-875a-472f-a3f3-7f9ecc49a9f7,2026-09-06,8700,PWCC Weekly Auctions,AUCTION,ok,0,https://www.fanaticscollect.com/weekly/78980940-a55d-11f1-b516-0a58a9feac02
edc9ac35-875a-472f-a3f3-7f9ecc49a9f7,2026-07-21,8000,eBay,BEST_OFFER,ok,0,https://www.ebay.com/itm/298522461965
edc9ac35-875a-472f-a3f3-7f9ecc49a9f7,2026-05-03,6266,eBay,AUCTION,ok,0,https://www.ebay.com/itm/188317070461
edc9ac35-875a-472f-a3f3-7f9ecc49a9f7,2026-04-18,7312,eBay,AUCTION,ok,0,https://www.ebay.com/itm/298205023147
edc9ac35-875a-472f-a3f3-7f9ecc49a9f7,2025-08-27,2855.92,eBay,BEST_OFFER,ok,0,https://www.ebay.com/itm/335389441979
edc9ac35-875a-472f-a3f3-7f9ecc49a9f7,2025-04-06,2264.27,eBay,AUCTION,ok,0,https://www.ebay.com/itm/286444975448
edc9ac35-875a-472f-a3f3-7f9ecc49a9f7,2023-05-18,1164,Goldin Auctions,AUCTION,ok,0,https://goldin.co/item/2012-pokemon-ex-dragons-exalted-serperior-psa-gem-mt-10ue75e
edcc614f-8efc-40c1-9548-b60e21764964,2026-08-16,565,eBay,AUCTION,ok,0,https://www.ebay.com/itm/287511682234
edcc614f-8efc-40c1-9548-b60e21764964,2026-08-03,950,eBay,BEST_OFFER,ok,0,https://www.ebay.com/itm/318655909920
edcc614f-8efc-40c1-9548-b60e21764964,2026-07-19,450,eBay,AUCTION,RELISTED,0,https://www.ebay.com/itm/287450312604
edcc614f-8efc-40c1-9548-b60e21764964,2026-07-12,372,PWCC Weekly Auctions,AUCTION,ok,0,https://www.fanaticscollect.com/weekly/7310a5f2-7323-11f1-bc36-06f2d2026c55
edcc614f-8efc-40c1-9548-b60e21764964,2026-07-04,535,eBay,BEST_OFFER,ok,0,https://www.ebay.com/itm/236916730493
edcc614f-8efc-40c1-9548-b60e21764964,2026-07-02,570,eBay,BEST_OFFER,ok,0,https://www.ebay.com/itm/127938509949
edcc614f-8efc-40c1-9548-b60e21764964,2026-06-28,510,eBay,AUCTION,ok,0,https://www.ebay.com/itm/287396847355
edcc614f-8efc-40c1-9548-b60e21764964,2026-05-20,568.18,eBay,BUY_IT_NOW,ok,0,https://www.ebay.com/itm/298335821280
edcc614f-8efc-40c1-9548-b60e21764964,2026-05-10,600,eBay,BUY_IT_NOW,ok,0,https://www.ebay.com/itm/306916329424
edcc614f-8efc-40c1-9548-b60e21764964,2026-04-24,599,eBay,BEST_OFFER,ok,0,https://www.ebay.com/itm/297613782287
eda4b584-506c-4dbd-a9a4-c7630ca5e621,2025-02-13,350,eBay,BEST_OFFER,ok,0,https://www.ebay.com/itm/PSA-10-Kyogre-Ex-XY41-2015-Pokemon-XY-Promo-Gem-Mint-Pop-3-/405498180125
eda4b584-506c-4dbd-a9a4-c7630ca5e621,2023-07-19,132.82,eBay,BEST_OFFER,ok,0,https://www.ebay.com/itm/Pokemon-2015-XY-Promos-Kyogre-EX-XY41-HOLO-PSA-10-GEM-MINT-POP-3-/266340676807
ed348941-0b01-45b6-911c-97994a0cb9e5,2025-10-23,15.51,eBay,AUCTION,RELISTED,0,https://www.ebay.com/itm/116826284780
ed348941-0b01-45b6-911c-97994a0cb9e5,2025-03-02,15.72,eBay,AUCTION,ok,0,https://www.ebay.com/itm/2021-POKEMON-JPN-SWORD-SHIELD-VMAX-CLIMAX-058-MORPEKO-V-UNION-PSA-10-/306133640349
ed348941-0b01-45b6-911c-97994a0cb9e5,2024-01-18,19.99,eBay,BUY_IT_NOW,ok,0,https://www.ebay.com/itm/2021-Pokemon-Japanese-Sword-Shield-Vmax-Climax-Morpeko-V-Union-058-PSA-10-/395110041284
ed348941-0b01-45b6-911c-97994a0cb9e5,2024-01-14,12,PWCC Weekly Auctions,AUCTION,ok,0,https://www.fanaticscollect.com/weekly/b2082a56-ac8c-11ee-a79d-06ee5aa2a1e5
ed348941-0b01-45b6-911c-97994a0cb9e5,2023-09-26,2.25,eBay,AUCTION,ok,0,https://www.ebay.com/itm/2021-Pokemon-Jpn-SWSH-VMax-Climax-058-Morpeko-V-Union-PSA-10-GEM-MINT-/374940425172
ed348941-0b01-45b6-911c-97994a0cb9e5,2023-09-17,5.5,eBay,AUCTION,ok,0,https://www.ebay.com/itm/Pokemon-Morpeko-V-UNION-VMAX-Climax-s8b-Japanese-RRR-058-PSA-10-Gem-Mint-/285465476897
ed348941-0b01-45b6-911c-97994a0cb9e5,2023-08-14,6.5,eBay,AUCTION,ok,0,https://www.ebay.com/itm/2021-Pokemon-Sword-Shield-VMAX-Climax-Japanese-Morpeko-V-Union-PSA-10-GEM-MT-/334970682263
ed348941-0b01-45b6-911c-97994a0cb9e5,2023-07-20,8.5,eBay,AUCTION,ok,0,https://www.ebay.com/itm/PSA-10-GEM-MINT-Morpeko-V-Union-058-184-VMAX-Climax-HOLO-RARE-Pokemon-Card-850-/275940682647
eda9374c-8c0f-44a1-ad2d-675e5d6db975,2026-09-21,100.3,eBay,BEST_OFFER,ok,0,https://www.ebay.com/itm/820152709784
eda9374c-8c0f-44a1-ad2d-675e5d6db975,2026-09-21,87,eBay,AUCTION,ok,0,https://www.ebay.com/itm/377494939394
eda9374c-8c0f-44a1-ad2d-675e5d6db975,2026-09-21,74,eBay,AUCTION,ok,0,https://www.ebay.com/itm/278374517732
eda9374c-8c0f-44a1-ad2d-675e5d6db975,2026-09-20,114.99,eBay,BUY_IT_NOW,ok,0,https://www.ebay.com/itm/227525828016
eda9374c-8c0f-44a1-ad2d-675e5d6db975,2026-09-20,100,eBay,BUY_IT_NOW,ok,0,https://www.ebay.com/itm/117422370754
eda9374c-8c0f-44a1-ad2d-675e5d6db975,2026-09-20,100,eBay,BUY_IT_NOW,ok,0,https://www.ebay.com/itm/117422369134
eda9374c-8c0f-44a1-ad2d-675e5d6db975,2026-09-20,100,eBay,AUCTION,ok,0,https://www.ebay.com/itm/307171778663
eda9374c-8c0f-44a1-ad2d-675e5d6db975,2026-09-20,90,eBay,AUCTION,ok,0,https://www.ebay.com/itm/117407708380
eda9374c-8c0f-44a1-ad2d-675e5d6db975,2026-09-20,87.66,eBay,AUCTION,ok,0,https://www.ebay.com/itm/117405636031
eda9374c-8c0f-44a1-ad2d-675e5d6db975,2026-09-20,86.4,PWCC Weekly Auctions,AUCTION,ok,0,https://www.pwccmarketplace.com/items/6524606
ed7aa00a-54b9-498e-a08c-86e0e055d743,2026-08-02,16.5,eBay,AUCTION,ok,0,https://www.ebay.com/itm/377377179902
ed7aa00a-54b9-498e-a08c-86e0e055d743,2026-05-16,35,eBay,BUY_IT_NOW,ok,0,https://www.ebay.com/itm/298283558565
ed7aa00a-54b9-498e-a08c-86e0e055d743,2025-11-24,35,PWCC Fixed Price,BEST_OFFER,ok,0,https://sales-history.pwccmarketplace.com/items/FIXED389941
ed7aa00a-54b9-498e-a08c-86e0e055d743,2025-11-05,41.66,eBay,BEST_OFFER,ok,0,https://www.ebay.com/itm/205465882596
ed7aa00a-54b9-498e-a08c-86e0e055d743,2025-02-04,34.95,eBay,BUY_IT_NOW,ok,0,https://www.ebay.com/itm/PSA-10-Blaziken-V-19-184-Vmax-Climax-Japanese-Pokemon-/255911995453
ed7aa00a-54b9-498e-a08c-86e0e055d743,2024-12-05,39.99,eBay,BUY_IT_NOW,ok,0,https://www.ebay.com/itm/Pokemon-Japanese-Blaziken-V-Rare-VMAX-Climax-019-184-PSA-10-GEM-MINT-/365065030758
ed7aa00a-54b9-498e-a08c-86e0e055d743,2024-10-11,27.34,eBay,BUY_IT_NOW,ok,0,https://www.ebay.com/itm/Pokemon-Japanese-Blaziken-V-Rare-VMAX-Climax-019-184-PSA-10-GEM-MINT-/296735549093
ed7aa00a-54b9-498e-a08c-86e0e055d743,2024-03-07,12.5,eBay,AUCTION,ok,0,https://www.ebay.com/itm/PSA-10-GEM-MT-Blaziken-V-019-184-Ultra-Rare-VMAX-Climax-Japanese-/276359529661
ed7aa00a-54b9-498e-a08c-86e0e055d743,2023-12-28,14.64,Goldin Auctions,AUCTION,ok,0,https://goldin.co/item/2021-pokemon-japanese-sword-shield-vmax-climax-019-blazikef92w6
ed7aa00a-54b9-498e-a08c-86e0e055d743,2023-10-28,29.54,eBay,BEST_OFFER,ok,0,https://www.ebay.com/itm/Blaziken-V-019-Graded-PSA-10-Gem-Mint-2021-Japanese-Pokemon-s8b-Vmax-Climax-/186063617950
edcac7cf-b42f-4bb1-b7c3-14144988451f,2026-09-19,69.99,eBay,BUY_IT_NOW,ok,0,https://www.ebay.com/itm/307165837575
edcac7cf-b42f-4bb1-b7c3-14144988451f,2026-08-31,67.99,eBay,BUY_IT_NOW,ok,0,https://www.ebay.com/itm/820059329397
edcac7cf-b42f-4bb1-b7c3-14144988451f,2026-08-27,40,eBay,BUY_IT_NOW,ok,0,https://www.ebay.com/itm/188695295571
edcac7cf-b42f-4bb1-b7c3-14144988451f,2026-07-19,50.84,eBay,BEST_OFFER,ok,0,https://www.ebay.com/itm/117085114393
edcac7cf-b42f-4bb1-b7c3-14144988451f,2026-07-14,255,eBay,AUCTION,ok,0,https://www.ebay.com/itm/366527892236
edcac7cf-b42f-4bb1-b7c3-14144988451f,2026-07-09,77.99,eBay,BUY_IT_NOW,ok,0,https://www.ebay.com/itm/206374704948
edcac7cf-b42f-4bb1-b7c3-14144988451f,2026-07-08,77.73,eBay,AUCTION,ok,0,https://www.ebay.com/itm/298468297825
edcac7cf-b42f-4bb1-b7c3-14144988451f,2026-07-01,84.99,eBay,BEST_OFFER,ok,0,https://www.ebay.com/itm/117092114196
edcac7cf-b42f-4bb1-b7c3-14144988451f,2026-06-24,96,eBay,BEST_OFFER,ok,0,https://www.ebay.com/itm/206309980407
edcac7cf-b42f-4bb1-b7c3-14144988451f,2026-06-20,60,PWCC Fixed Price,BEST_OFFER,ok,0,https://www.fanaticscollect.com/buy-now/ce9f486c-2207-495e-99bb-6d8e9599028f
edc2c3ff-284d-4dcf-b3af-f8353046b91d,2026-09-01,100.68,CardHobby,AUCTION,ok,0,https://www.cardhobby.com/#/carddetails/131595008
edc2c3ff-284d-4dcf-b3af-f8353046b91d,2026-09-01,97.06,CardHobby,AUCTION,ok,0,https://www.cardhobby.com/#/carddetails/131594781
edc2c3ff-284d-4dcf-b3af-f8353046b91d,2026-08-31,173.78,eBay,BUY_IT_NOW,ok,0,https://www.ebay.com/itm/298627030782
edc2c3ff-284d-4dcf-b3af-f8353046b91d,2026-08-20,72.34,CardHobby,AUCTION,ok,0,https://www.cardhobby.com/#/carddetails/129147563
edc2c3ff-284d-4dcf-b3af-f8353046b91d,2026-08-13,213.23,eBay,AUCTION,RELISTED,0,https://www.ebay.com/itm/298575649191
edc2c3ff-284d-4dcf-b3af-f8353046b91d,2026-08-04,219,eBay,AUCTION,ok,0,https://www.ebay.com/itm/358864671861
edc2c3ff-284d-4dcf-b3af-f8353046b91d,2026-08-04,120,eBay,BUY_IT_NOW,ok,0,https://www.ebay.com/itm/318661670365
edc2c3ff-284d-4dcf-b3af-f8353046b91d,2026-07-31,109.97,CardHobby,AUCTION,ok,0,https://www.cardhobby.com/#/carddetails/124993780
edc2c3ff-284d-4dcf-b3af-f8353046b91d,2026-06-26,125,eBay,AUCTION,ok,0,https://www.ebay.com/itm/227405220505
edc2c3ff-284d-4dcf-b3af-f8353046b91d,2026-06-12,115.5,eBay,AUCTION,ok,0,https://www.ebay.com/itm/318415470510
ed5dcfe2-c803-481e-8139-4af9d8f75875,2024-02-16,16.05,eBay,AUCTION,ok,0,https://www.ebay.com/itm/2023-Pokemon-Scarlet-Violet-SV1EN-Revavroom-142-PSA-10-GEM-MT-/335248202330
eda542a5-c677-4fd4-beb4-1c120b27e3fa,2025-07-13,252,PWCC Weekly Auctions,AUCTION,ok,0,https://www.fanaticscollect.com/weekly/3d3e95bc-55ae-11f0-a192-0684553954cf
eda542a5-c677-4fd4-beb4-1c120b27e3fa,2024-02-25,456,PWCC Weekly Auctions,AUCTION,ok,0,https://www.fanaticscollect.com/weekly/807fefb6-cc1f-11ee-a172-02517f00baa9
eda542a5-c677-4fd4-beb4-1c120b27e3fa,2024-02-23,499,eBay,BEST_OFFER,ok,0,https://www.ebay.com/itm/2000-Pokemon-Danone-Stadium-Tip-Blastoise-Shiny-Gold-3-PSA-10-/235232108250
ed0f0518-3cd0-4f9b-8b71-9b2f2b70797e,2026-09-06,157.5,eBay,AUCTION,ok,0,https://www.ebay.com/itm/117381544380
ed0f0518-3cd0-4f9b-8b71-9b2f2b70797e,2026-07-18,150,eBay,BEST_OFFER,ok,0,https://www.ebay.com/itm/398186467759
ed0f0518-3cd0-4f9b-8b71-9b2f2b70797e,2026-07-07,123.28,eBay,BEST_OFFER,ok,0,https://www.ebay.com/itm/327251956321
ed0f0518-3cd0-4f9b-8b71-9b2f2b70797e,2026-05-31,132.5,eBay,AUCTION,ok,0,https://www.ebay.com/itm/117209918836
ed0f0518-3cd0-4f9b-8b71-9b2f2b70797e,2026-05-15,140,eBay,BUY_IT_NOW,ok,0,https://www.ebay.com/itm/227343247914
ed0f0518-3cd0-4f9b-8b71-9b2f2b70797e,2026-04-02,125,eBay,BUY_IT_NOW,ok,0,https://www.ebay.com/itm/117068764731
ed0f0518-3cd0-4f9b-8b71-9b2f2b70797e,2026-03-04,47.51,eBay,BUY_IT_NOW,ok,0,https://www.ebay.com/itm/257251884516
ed0f0518-3cd0-4f9b-8b71-9b2f2b70797e,2026-02-05,45,eBay,AUCTION,ok,0,https://www.ebay.com/itm/389581415479
ed0f0518-3cd0-4f9b-8b71-9b2f2b70797e,2026-01-31,50,eBay,BEST_OFFER,ok,0,https://www.ebay.com/itm/376832595200
ed0f0518-3cd0-4f9b-8b71-9b2f2b70797e,2026-01-29,35.25,eBay,AUCTION,ok,0,https://www.ebay.com/itm/257323608233
eda88532-578f-4e5f-bb21-b898e64feb44,2026-08-23,1199.26,Goldin Auctions,AUCTION,ok,0,https://goldin.co/item/2007-pokemon-ex-power-keepers-reverse-foil-30-glalie-psa-gem-mt-1019sfz
eda88532-578f-4e5f-bb21-b898e64feb44,2026-05-31,1740,PWCC Weekly Auctions,AUCTION,ok,0,https://www.fanaticscollect.com/weekly/ae0e8fca-4952-11f1-9155-0a58a9feac02
eda88532-578f-4e5f-bb21-b898e64feb44,2025-11-09,474.99,eBay,BUY_IT_NOW,ok,0,https://www.ebay.com/itm/236315719713
eda88532-578f-4e5f-bb21-b898e64feb44,2025-04-12,70,eBay,BEST_OFFER,ok,0,https://www.ebay.com/itm/146504498325
eda88532-578f-4e5f-bb21-b898e64feb44,2024-12-09,110,eBay,BUY_IT_NOW,ok,0,https://www.ebay.com/itm/2007-Pokemon-Glalie-Reverse-Holo-EX-Power-Keepers-PSA-10-GEM-MINT-/166909303899
eda88532-578f-4e5f-bb21-b898e64feb44,2024-03-03,76.8,PWCC Weekly Auctions,AUCTION,ok,0,https://www.fanaticscollect.com/weekly/c5a82862-c510-11ee-83c0-0a58a9feac02
eda88532-578f-4e5f-bb21-b898e64feb44,2024-02-29,69.97,eBay,BUY_IT_NOW,ok,0,https://www.ebay.com/itm/2007-Pokemon-EX-Power-Keepers-30-Glalie-Reverse-Foil-PSA-10-Card-GEM-MINT-/155348824465
ed6799cb-ae27-4f2f-beca-680f6ce0be26,2026-03-29,340,eBay,AUCTION,ok,0,https://www.ebay.com/itm/389795436894
ed6799cb-ae27-4f2f-beca-680f6ce0be26,2026-01-03,401,eBay,BEST_OFFER,ok,0,https://www.ebay.com/itm/116696574571
ed6799cb-ae27-4f2f-beca-680f6ce0be26,2025-12-08,399.99,eBay,BUY_IT_NOW,ok,0,https://www.ebay.com/itm/156766311883
ed6799cb-ae27-4f2f-beca-680f6ce0be26,2025-07-07,121.17,eBay,AUCTION,ok,0,https://www.ebay.com/itm/376379269087
ed6799cb-ae27-4f2f-beca-680f6ce0be26,2025-02-02,156,PWCC Weekly Auctions,AUCTION,ok,0,https://www.fanaticscollect.com/weekly/e6e4c5ae-d9d1-11ef-a2b1-0a58a9feac02
ed6799cb-ae27-4f2f-beca-680f6ce0be26,2024-11-20,159.5,eBay,AUCTION,ok,0,https://www.ebay.com/itm/1996-POKEMON-JAPANESE-BANDAI-CARDDASS-VENDING-35-CLEFAIRY-PSA-10-/305904372447
ed6799cb-ae27-4f2f-beca-680f6ce0be26,2024-09-08,138,PWCC Weekly Auctions,AUCTION,ok,0,https://www.fanaticscollect.com/weekly/0d6f5f98-6891-11ef-8fb5-0a58a9feac02
ed6799cb-ae27-4f2f-beca-680f6ce0be26,2024-03-10,198,PWCC Weekly Auctions,AUCTION,ok,0,https://www.fanaticscollect.com/weekly/531a4d78-cc56-11ee-b7a0-0a58a9feac02
ede30aea-485f-41fe-834b-1dda041d84dc,2026-08-19,249.95,eBay,BUY_IT_NOW,ok,0,https://www.ebay.com/itm/376758540398
ede30aea-485f-41fe-834b-1dda041d84dc,2025-07-05,25,eBay,AUCTION,ok,0,https://www.ebay.com/itm/297441042970
ede30aea-485f-41fe-834b-1dda041d84dc,2024-07-02,65,eBay,BEST_OFFER,ok,0,https://www.ebay.com/itm/Korean-Master-Ball-Psyduck-054-165-PSA-10-Low-Pop-/276498261787
ede30aea-485f-41fe-834b-1dda041d84dc,2024-04-11,38,eBay,AUCTION,ok,0,https://www.ebay.com/itm/2023-Pokemon-SV2a-Korean-Psyduck-Masterball-Reverse-Holo-PSA-10-/226077359123
ede30aea-485f-41fe-834b-1dda041d84dc,2024-04-03,25.49,eBay,AUCTION,RELISTED,0,https://www.ebay.com/itm/2023-Pokemon-SV2a-Korean-Psyduck-Masterball-Reverse-Holo-PSA-10-/226065991256
ed667333-d0ef-40be-bb6c-b3f9cc14cfa0,2026-07-19,12.5,eBay,AUCTION,ok,0,https://www.ebay.com/itm/127961254785
ed667333-d0ef-40be-bb6c-b3f9cc14cfa0,2025-12-25,80,eBay,BUY_IT_NOW,RELISTED,0,https://www.ebay.com/itm/306627907381
ed667333-d0ef-40be-bb6c-b3f9cc14cfa0,2025-07-13,30,eBay,BEST_OFFER,RELISTED,0,https://www.ebay.com/itm/335338111226
ed667333-d0ef-40be-bb6c-b3f9cc14cfa0,2024-04-08,35,eBay,BEST_OFFER,ok,0,https://www.ebay.com/itm/PSA-10-Gem-Mint-Pokemon-2015-Japanese-Bandit-Ring-Vileplume-003-081-1st-Edition-/335338111226
ed5db51c-f065-484c-9b04-6866d80121cc,2026-08-01,25,eBay,BEST_OFFER,ok,0,https://www.ebay.com/itm/267664614360
ed5db51c-f065-484c-9b04-6866d80121cc,2026-06-18,42.55,eBay,BUY_IT_NOW,ok,0,https://www.ebay.com/itm/276454408382
ed5db51c-f065-484c-9b04-6866d80121cc,2026-05-23,14.5,eBay,AUCTION,ok,0,https://www.ebay.com/itm/188388901486
ed5db51c-f065-484c-9b04-6866d80121cc,2026-04-23,19.99,eBay,AUCTION,ok,0,https://www.ebay.com/itm/157838112395
ed5db51c-f065-484c-9b04-6866d80121cc,2026-03-24,11.51,eBay,BEST_OFFER,ok,0,https://www.ebay.com/itm/147048592344
ed5db51c-f065-484c-9b04-6866d80121cc,2026-03-09,19.99,eBay,AUCTION,RELISTED,0,https://www.ebay.com/itm/157720361662
ed5db51c-f065-484c-9b04-6866d80121cc,2026-03-07,16,eBay,AUCTION,ok,0,https://www.ebay.com/itm/377000115272
ed5db51c-f065-484c-9b04-6866d80121cc,2026-02-12,14.4,Alt,AUCTION,ok,0,https://alt.xyz/exchange/select-listing?ids=e26f2ea3-4d19-4edc-9e58-25383be3fd1e
ed5db51c-f065-484c-9b04-6866d80121cc,2026-01-29,21,PWCC Fixed Price,BEST_OFFER,ok,0,https://www.fanaticscollect.com/buy-now/d5ccf3d7-2d2e-4a75-9a2e-699515f0ea0e
ed5db51c-f065-484c-9b04-6866d80121cc,2026-01-08,20,eBay,BEST_OFFER,ok,0,https://www.ebay.com/itm/406000106159
edc824ee-e1e9-4738-aae9-1b1b8cd9fed5,2026-03-14,127.5,eBay,AUCTION,ok,0,https://www.ebay.com/itm/298095193348
edc824ee-e1e9-4738-aae9-1b1b8cd9fed5,2025-04-11,42,eBay,BUY_IT_NOW,ok,0,https://www.ebay.com/itm/176684979559
edc824ee-e1e9-4738-aae9-1b1b8cd9fed5,2025-03-11,33.98,eBay,BUY_IT_NOW,ok,0,https://www.ebay.com/itm/146427213779
edc824ee-e1e9-4738-aae9-1b1b8cd9fed5,2025-03-06,30.12,eBay,AUCTION,ok,0,https://www.ebay.com/itm/297062249964
edc824ee-e1e9-4738-aae9-1b1b8cd9fed5,2024-11-08,30.58,eBay,BUY_IT_NOW,ok,0,https://www.ebay.com/itm/Pidgey-Reverse-Holo-016-165-2023-Pokemon-151-MEW-PSA-10-/176600733514
edc824ee-e1e9-4738-aae9-1b1b8cd9fed5,2024-10-17,38.98,eBay,BUY_IT_NOW,ok,0,https://www.ebay.com/itm/Pidgey-Reverse-Holo-016-165-2023-Pokemon-151-PSA-10-/146085429946
edc824ee-e1e9-4738-aae9-1b1b8cd9fed5,2024-07-16,28.75,eBay,BUY_IT_NOW,ok,0,https://www.ebay.com/itm/Pidgey-Reverse-Holo-2023-Pokemon-151-MEW-English-016-PSA-10-/145846187321
edc824ee-e1e9-4738-aae9-1b1b8cd9fed5,2024-06-12,40,eBay,BUY_IT_NOW,ok,0,https://www.ebay.com/itm/PSA-10-PIDGEY-016-165-SCARLET-VIOLET-151-REVERSE-HOLO-ENGLISH-GEM-MINT-/176354815887
edc824ee-e1e9-4738-aae9-1b1b8cd9fed5,2024-04-29,40,eBay,BUY_IT_NOW,ok,0,https://www.ebay.com/itm/PSA-10-PIDGEY-016-165-SCARLET-VIOLET-151-REVERSE-HOLO-ENGLISH-GEM-MINT-/176354815887
ed0ca2e9-4810-4fac-b6f8-ae3dc52d455c,2024-06-30,280,eBay,BEST_OFFER,ok,0,https://www.ebay.com/itm/Pokemon-151-Charizard-EX-Special-Illustration-Rare-199-165-PSA-10-READ-/235631160599
ed0ca2e9-4810-4fac-b6f8-ae3dc52d455c,2024-04-30,250,eBay,BEST_OFFER,ok,0,https://www.ebay.com/itm/Pokemon-Charizard-ex-Scarlet-Violet-151-199-165-Special-Illustration-PSA-10-/235541503993
ed1a36f9-b9d5-490c-983d-6b417240f55f,2024-07-11,50,eBay,BEST_OFFER,ok,0,https://www.ebay.com/itm/PSA-10-GEM-MINT-POP-1-TOPPS-POKEMON-MOVIE-2000-30-TUMULTUOUS-WATERS-/375462256573
ed06084c-dac7-41f3-95c4-64b79d258df7,2024-10-02,85,eBay,BUY_IT_NOW,ok,0,https://www.ebay.com/itm/PSA-10-Gem-Mint-2014-Pokemon-XY-Furious-Fists-Thundurus-Non-Holo-Rare-33-POP-1-/235762878188
ed2e94c9-2153-418e-8355-91a9de96134d,2026-06-21,138,PWCC Weekly Auctions,AUCTION,ok,0,https://www.fanaticscollect.com/weekly/c1d2f5fe-6410-11f1-95d0-0a58a9feac02
ed2e94c9-2153-418e-8355-91a9de96134d,2026-02-20,199.95,eBay,BUY_IT_NOW,ok,0,https://www.ebay.com/itm/117039293802
ed2e94c9-2153-418e-8355-91a9de96134d,2025-07-05,79.99,eBay,BUY_IT_NOW,ok,0,https://www.ebay.com/itm/365386342885
ed2e94c9-2153-418e-8355-91a9de96134d,2025-05-17,95,eBay,BUY_IT_NOW,ok,0,https://www.ebay.com/itm/405869860570
ed2e94c9-2153-418e-8355-91a9de96134d,2024-12-11,69.25,eBay,BUY_IT_NOW,ok,0,https://www.ebay.com/itm/RAYQUAZA-SPIRIT-LINK-136-171-PSA-10-POKEMON-BEST-XY-JAPANESE-/267062454236
ed1d83c3-55f8-4671-9b74-0468c3b8e901,2024-12-22,150,eBay,BUY_IT_NOW,ok,0,https://www.ebay.com/itm/POP1-1996-AMADA-POKEMON-JAPANESE-162-CLEFAIRY-HOLO-STICKER-COLLECTION-PSA10-/405189339740
edff39b7-3a7e-46b7-a349-732d30313fdf,2025-03-01,81.83,eBay,BUY_IT_NOW,ok,0,https://www.ebay.com/itm/Rainbow-Energy-88-101-EX-Dragon-Frontiers-PSA-10-Gem-Mint-Pokemon-Card-/176841731014
ed56c990-26fe-4ae6-ad5c-c9a0442509a0,2026-05-17,349.92,eBay,AUCTION,ok,0,https://www.ebay.com/itm/137286496914
ed56c990-26fe-4ae6-ad5c-c9a0442509a0,2026-03-29,405.12,eBay,AUCTION,ok,0,https://www.ebay.com/itm/137123424609
ed56c990-26fe-4ae6-ad5c-c9a0442509a0,2026-01-18,325.9,eBay,AUCTION,ok,0,https://www.ebay.com/itm/136909943580
ed56c990-26fe-4ae6-ad5c-c9a0442509a0,2025-05-24,312.44,eBay,BUY_IT_NOW,ok,0,https://www.ebay.com/itm/405894919407
ed56c990-26fe-4ae6-ad5c-c9a0442509a0,2025-03-09,275.16,eBay,AUCTION,ok,0,https://www.ebay.com/itm/135585187475
ed56c990-26fe-4ae6-ad5c-c9a0442509a0,2025-03-02,240.24,eBay,AUCTION,ok,0,https://www.ebay.com/itm/CHARMANDER-ILLUSTRATION-RARE-POKEMON-GERMAN-MEW-DE-151-2023-168-PSA-10-/135568512583
ed908027-64a7-48c6-8849-8534ed8bdf97,2026-08-20,200,eBay,BEST_OFFER,ok,0,https://www.ebay.com/itm/168504587243
ed908027-64a7-48c6-8849-8534ed8bdf97,2025-04-06,45,eBay,BEST_OFFER,ok,0,https://www.ebay.com/itm/135579618080
ed63169b-0f67-4421-9c8c-9d91aca2d331,2026-08-22,149.99,eBay,BUY_IT_NOW,ok,0,https://www.ebay.com/itm/227486172537
ed63169b-0f67-4421-9c8c-9d91aca2d331,2026-07-23,172.5,eBay,AUCTION,ok,0,https://www.ebay.com/itm/278194767027
ed63169b-0f67-4421-9c8c-9d91aca2d331,2026-05-24,129.99,eBay,BEST_OFFER,ok,0,https://www.ebay.com/itm/227355716944
ed63169b-0f67-4421-9c8c-9d91aca2d331,2026-05-21,104.5,eBay,AUCTION,ok,0,https://www.ebay.com/itm/306937590884
ed63169b-0f67-4421-9c8c-9d91aca2d331,2026-05-05,150,eBay,BUY_IT_NOW,ok,0,https://www.ebay.com/itm/406896233561
ed63169b-0f67-4421-9c8c-9d91aca2d331,2026-04-22,61,eBay,BEST_OFFER,ok,0,https://www.ebay.com/itm/397862999883
ed63169b-0f67-4421-9c8c-9d91aca2d331,2026-02-17,57.66,eBay,BEST_OFFER,ok,0,https://www.ebay.com/itm/317889086480
ed63169b-0f67-4421-9c8c-9d91aca2d331,2025-11-29,60,eBay,BEST_OFFER,ok,0,https://www.ebay.com/itm/167935005644
ed63169b-0f67-4421-9c8c-9d91aca2d331,2025-09-15,33,eBay,AUCTION,ok,0,https://www.ebay.com/itm/136436291298
ed63169b-0f67-4421-9c8c-9d91aca2d331,2025-09-06,7.04,eBay,AUCTION,ok,1,https://www.ebay.com/itm/336160310878
ed138e31-8105-4279-b88d-09abd053d5c4,2026-08-09,724.75,eBay,AUCTION,ok,0,https://www.ebay.com/itm/137566575069
ed138e31-8105-4279-b88d-09abd053d5c4,2026-07-19,795.01,eBay,AUCTION,ok,0,https://www.ebay.com/itm/137487561799
ed138e31-8105-4279-b88d-09abd053d5c4,2026-05-19,1002.36,eBay,BUY_IT_NOW,ok,0,https://www.ebay.com/itm/267664660560
ed138e31-8105-4279-b88d-09abd053d5c4,2026-05-07,1010.27,eBay,BUY_IT_NOW,RELISTED,0,https://www.ebay.com/itm/267646562991
ed138e31-8105-4279-b88d-09abd053d5c4,2025-10-05,472.03,eBay,AUCTION,ok,0,https://www.ebay.com/itm/136507097004
ed138e31-8105-4279-b88d-09abd053d5c4,2025-08-31,462.77,eBay,AUCTION,ok,0,https://www.ebay.com/itm/136338679575
ed138e31-8105-4279-b88d-09abd053d5c4,2025-08-24,336.15,eBay,AUCTION,ok,0,https://www.ebay.com/itm/136310945490
ed138e31-8105-4279-b88d-09abd053d5c4,2025-08-17,369.81,eBay,AUCTION,ok,0,https://www.ebay.com/itm/136278202168
ed138e31-8105-4279-b88d-09abd053d5c4,2025-07-20,286.6,eBay,AUCTION,ok,0,https://www.ebay.com/itm/136123081900
ed138e31-8105-4279-b88d-09abd053d5c4,2025-05-27,430.46,eBay,BUY_IT_NOW,ok,0,https://www.ebay.com/itm/396653286637
edd45e2f-8e91-4d16-816f-e011c6faec63,2026-04-12,83,eBay,AUCTION,ok,0,https://www.ebay.com/itm/287251552284
edd45e2f-8e91-4d16-816f-e011c6faec63,2025-06-06,28.46,eBay,AUCTION,ok,0,https://www.ebay.com/itm/396673788336
ed854fee-ee8b-46f5-8163-26637b2a62a6,2026-08-02,1075,eBay,AUCTION,ok,0,https://www.ebay.com/itm/287482335319
ed854fee-ee8b-46f5-8163-26637b2a62a6,2026-07-19,979.69,eBay,AUCTION,RELISTED,0,https://www.ebay.com/itm/287456192431
ed854fee-ee8b-46f5-8163-26637b2a62a6,2026-07-05,1302.51,eBay,AUCTION,RELISTED,0,https://www.ebay.com/itm/287424689778
ed854fee-ee8b-46f5-8163-26637b2a62a6,2026-05-24,1746,eBay,AUCTION,ok,0,https://www.ebay.com/itm/287333471647
ed854fee-ee8b-46f5-8163-26637b2a62a6,2025-06-26,63.18,eBay,AUCTION,ok,0,https://www.ebay.com/itm/277205476979
ed3d8eaf-8828-4466-9d34-9f60bbcb26e4,2026-08-30,49.99,eBay,AUCTION,ok,0,https://www.ebay.com/itm/307139958511
ed3d8eaf-8828-4466-9d34-9f60bbcb26e4,2026-01-14,30,eBay,BEST_OFFER,ok,0,https://www.ebay.com/itm/116728967434
ed3d8eaf-8828-4466-9d34-9f60bbcb26e4,2025-11-19,9.99,eBay,AUCTION,ok,0,https://www.ebay.com/itm/227077513998
ed3d8eaf-8828-4466-9d34-9f60bbcb26e4,2025-08-31,24.5,eBay,AUCTION,ok,0,https://www.ebay.com/itm/297556310299
eda60863-626e-4769-a568-aaa6eb0df3a9,2026-05-04,57.99,eBay,AUCTION,ok,0,https://www.ebay.com/itm/306893576645
eda60863-626e-4769-a568-aaa6eb0df3a9,2026-05-03,49.2,PWCC Weekly Auctions,AUCTION,ok,0,https://www.fanaticscollect.com/weekly/f581f218-3ab4-11f1-b213-027aafb6d205
eda60863-626e-4769-a568-aaa6eb0df3a9,2026-04-04,58.95,eBay,BUY_IT_NOW,ok,0,https://www.ebay.com/itm/377079834446
eda60863-626e-4769-a568-aaa6eb0df3a9,2026-03-30,45,eBay,BEST_OFFER,ok,0,https://www.ebay.com/itm/358159973925
eda60863-626e-4769-a568-aaa6eb0df3a9,2026-02-03,59.99,eBay,BUY_IT_NOW,ok,0,https://www.ebay.com/itm/389183127717
eda60863-626e-4769-a568-aaa6eb0df3a9,2025-10-29,33,eBay,AUCTION,ok,0,https://www.ebay.com/itm/116839258337
eda60863-626e-4769-a568-aaa6eb0df3a9,2025-10-16,69.52,eBay,AUCTION,ok,0,https://www.ebay.com/itm/297668763332
eda60863-626e-4769-a568-aaa6eb0df3a9,2025-09-06,70,eBay,AUCTION,ok,0,https://www.ebay.com/itm/306473140926
ed79f7e7-94b8-47c2-872b-72e86af9bf6a,2026-09-16,326,eBay,AUCTION,ok,0,https://www.ebay.com/itm/800638291137
ed79f7e7-94b8-47c2-872b-72e86af9bf6a,2026-07-10,300,eBay,BEST_OFFER,ok,0,https://www.ebay.com/itm/406989854695
ed79f7e7-94b8-47c2-872b-72e86af9bf6a,2026-05-31,200,eBay,BEST_OFFER,ok,0,https://www.ebay.com/itm/227366816497
ed79f7e7-94b8-47c2-872b-72e86af9bf6a,2026-05-30,150,PWCC Fixed Price,BEST_OFFER,ok,0,https://www.fanaticscollect.com/buy-now/8aa0281b-6a61-4ab1-8802-c6a1f053e819
ed79f7e7-94b8-47c2-872b-72e86af9bf6a,2026-05-28,149.99,eBay,BUY_IT_NOW,ok,0,https://www.ebay.com/itm/298363012218
ed79f7e7-94b8-47c2-872b-72e86af9bf6a,2026-05-27,115,PWCC Fixed Price,BEST_OFFER,ok,0,https://www.fanaticscollect.com/buy-now/a4669a05-47ad-4f13-9cf7-97b21f0b6b8f
ed79f7e7-94b8-47c2-872b-72e86af9bf6a,2026-05-10,149.99,eBay,BUY_IT_NOW,ok,0,https://www.ebay.com/itm/236809707859
ed79f7e7-94b8-47c2-872b-72e86af9bf6a,2026-03-17,99.99,eBay,BEST_OFFER,ok,0,https://www.ebay.com/itm/389731762609
ed79f7e7-94b8-47c2-872b-72e86af9bf6a,2026-02-15,88.13,eBay,BEST_OFFER,RELISTED,0,https://www.ebay.com/itm/397485783414
ed79f7e7-94b8-47c2-872b-72e86af9bf6a,2026-01-17,90.56,eBay,BEST_OFFER,ok,0,https://www.ebay.com/itm/168083510541
ed2630e3-933d-4ff5-95c0-16b446092fea,2026-02-06,110.5,eBay,AUCTION,ok,0,https://www.ebay.com/itm/117008032894
ed6be589-e1ab-4a42-93f1-f2229fdb727c,2026-09-02,99.99,eBay,BUY_IT_NOW,ok,0,https://www.ebay.com/itm/178152213762
ed6be589-e1ab-4a42-93f1-f2229fdb727c,2026-03-24,47.53,eBay,BUY_IT_NOW,ok,0,https://www.ebay.com/itm/117082109801
ed6be589-e1ab-4a42-93f1-f2229fdb727c,2026-03-14,60,eBay,BEST_OFFER,ok,0,https://www.ebay.com/itm/157752270254
ed6be589-e1ab-4a42-93f1-f2229fdb727c,2026-02-11,39.99,eBay,BUY_IT_NOW,ok,0,https://www.ebay.com/itm/389527310948
ed907174-63ff-44bd-b3ba-4e889d6557f2,2026-09-20,140,eBay,BEST_OFFER,ok,0,https://www.ebay.com/itm/407217415683
ed907174-63ff-44bd-b3ba-4e889d6557f2,2026-09-20,133.5,eBay,AUCTION,ok,0,https://www.ebay.com/itm/168686074804
ed907174-63ff-44bd-b3ba-4e889d6557f2,2026-09-20,128.5,eBay,AUCTION,ok,0,https://www.ebay.com/itm/307171305829
ed907174-63ff-44bd-b3ba-4e889d6557f2,2026-09-20,123.5,eBay,AUCTION,ok,0,https://www.ebay.com/itm/307172423627
ed907174-63ff-44bd-b3ba-4e889d6557f2,2026-09-20,123.5,eBay,AUCTION,ok,0,https://www.ebay.com/itm/298664960576
ed907174-63ff-44bd-b3ba-4e889d6557f2,2026-09-20,123.5,eBay,AUCTION,ok,0,https://www.ebay.com/itm/117406163143
ed907174-63ff-44bd-b3ba-4e889d6557f2,2026-09-20,121,eBay,AUCTION,ok,0,https://www.ebay.com/itm/307171526381
ed907174-63ff-44bd-b3ba-4e889d6557f2,2026-09-20,121,eBay,AUCTION,ok,0,https://www.ebay.com/itm/298664039510
ed907174-63ff-44bd-b3ba-4e889d6557f2,2026-09-20,121,eBay,AUCTION,ok,0,https://www.ebay.com/itm/117405347801
ed907174-63ff-44bd-b3ba-4e889d6557f2,2026-09-20,117.5,eBay,AUCTION,ok,0,https://www.ebay.com/itm/307169121380
edcf6132-9108-4dc9-9cd7-30dee9598695,2026-08-03,675,eBay,BUY_IT_NOW,ok,0,https://www.ebay.com/itm/407088074904
edcf6132-9108-4dc9-9cd7-30dee9598695,2026-07-30,378.08,CardHobby,AUCTION,ok,0,https://www.cardhobby.com/#/carddetails/125020169
edcf6132-9108-4dc9-9cd7-30dee9598695,2026-07-07,567,eBay,AUCTION,ok,0,https://www.ebay.com/itm/298463292094
edcf6132-9108-4dc9-9cd7-30dee9598695,2026-06-30,749,eBay,BEST_OFFER,ok,0,https://www.ebay.com/itm/406778528937
edcf6132-9108-4dc9-9cd7-30dee9598695,2026-05-01,630.99,eBay,BEST_OFFER,ok,0,https://www.ebay.com/itm/177637469319
edcf6132-9108-4dc9-9cd7-30dee9598695,2026-03-15,568,eBay,BEST_OFFER,ok,0,https://www.ebay.com/itm/406564267579
ed4adb22-6622-4a06-a76f-d17daeee5306,2026-03-21,99.99,eBay,BUY_IT_NOW,ok,0,https://www.ebay.com/itm/256104191334
ed490339-7cf8-4919-a3d7-d492e509349f,2026-07-29,18.5,eBay,AUCTION,ok,0,https://www.ebay.com/itm/257647947941
ed490339-7cf8-4919-a3d7-d492e509349f,2026-06-09,31,eBay,AUCTION,ok,0,https://www.ebay.com/itm/398033844189
ed490339-7cf8-4919-a3d7-d492e509349f,2026-05-27,26,eBay,AUCTION,ok,0,https://www.ebay.com/itm/278005124139
ed490339-7cf8-4919-a3d7-d492e509349f,2026-04-23,36,eBay,AUCTION,ok,0,https://www.ebay.com/itm/298230257774
ed490339-7cf8-4919-a3d7-d492e509349f,2026-04-04,20.5,eBay,AUCTION,ok,0,https://www.ebay.com/itm/298164710707
ed0b839a-c258-4eaf-bd3f-3e8220d69d36,2026-04-19,43,eBay,AUCTION,ok,0,https://www.ebay.com/itm/306869245396
ede31484-96ba-4855-aa98-0afaa17cfcc6,2026-05-06,40,eBay,BEST_OFFER,ok,0,https://www.ebay.com/itm/117131292522
ed8b785d-5437-4f22-9ea1-591ec82b2c50,2026-07-15,59.99,eBay,BUY_IT_NOW,ok,0,https://www.ebay.com/itm/178168652508
ed6deaaf-bd58-4a7a-85d1-8b9ffdd1eec0,2026-07-19,45.69,eBay,AUCTION,ok,0,https://www.ebay.com/itm/127961150203
ed77df5b-6a2e-4d95-b965-66f0e21ff368,2026-09-12,40,eBay,BUY_IT_NOW,ok,0,https://www.ebay.com/itm/377481457108
ed77df5b-6a2e-4d95-b965-66f0e21ff368,2026-09-09,59,PWCC Fixed Price,BEST_OFFER,ok,0,https://www.fanaticscollect.com/buy-now/3b3be66d-c5ab-4a58-bb95-bb2212cd66d5
ed77df5b-6a2e-4d95-b965-66f0e21ff368,2026-08-19,22.47,eBay,AUCTION,ok,0,https://www.ebay.com/itm/307109198445
ed77df5b-6a2e-4d95-b965-66f0e21ff368,2026-08-09,31,eBay,AUCTION,ok,0,https://www.ebay.com/itm/298537009396
ed77df5b-6a2e-4d95-b965-66f0e21ff368,2026-08-09,30,eBay,AUCTION,ok,0,https://www.ebay.com/itm/307089781696
ed77df5b-6a2e-4d95-b965-66f0e21ff368,2026-07-25,32.63,eBay,AUCTION,ok,0,https://www.ebay.com/itm/206423846316
ed930d15-040c-4fa8-abaa-aa9002117f4d,2026-09-06,45,eBay,AUCTION,ok,0,https://www.ebay.com/itm/147538343324
ed930d15-040c-4fa8-abaa-aa9002117f4d,2026-08-20,27.69,eBay,AUCTION,ok,0,https://www.ebay.com/itm/307123341046
ed930d15-040c-4fa8-abaa-aa9002117f4d,2026-08-10,45,eBay,BEST_OFFER,ok,0,https://www.ebay.com/itm/257618728979
ed930d15-040c-4fa8-abaa-aa9002117f4d,2026-08-05,59.98,eBay,BUY_IT_NOW,ok,0,https://www.ebay.com/itm/137582411765
ed930d15-040c-4fa8-abaa-aa9002117f4d,2026-07-26,36.01,eBay,AUCTION,ok,0,https://www.ebay.com/itm/117300920961
eda032a3-30ea-41a0-be32-c8ea646f4f32,2026-07-26,71,eBay,AUCTION,ok,0,https://www.ebay.com/itm/298515072532
eda1d5d5-1ce3-4d51-82fe-7d4563edb279,2026-08-09,45,eBay,AUCTION,ok,0,https://www.ebay.com/itm/117327159929
eda1d5d5-1ce3-4d51-82fe-7d4563edb279,2026-08-07,48,eBay,AUCTION,ok,0,https://www.ebay.com/itm/117327159805
eda1d5d5-1ce3-4d51-82fe-7d4563edb279,2026-08-07,45,eBay,AUCTION,ok,0,https://www.ebay.com/itm/307092017480
ed0f4f88-05c2-4b10-b002-ec86a36ad33e,2026-09-20,26400,PWCC Weekly Auctions,AUCTION,ok,0,https://www.fanaticscollect.com/weekly/7c3bc60c-a86b-11f1-b3df-06d19b0b9c59
